<?xml version="1.0" encoding="UTF-8"?>
<!-- Created with BasicAirData GPS Logger for Android - ver. 3.2.3 -->
<!-- Track 1 = 6382 TrackPoints + 0 Placemarks -->

<!-- Track Statistics (based on Total Time | Time in Movement): -->
<!--  Distance = 6.60 km -->
<!--  Duration = 01:46:21 | 01:27:03 -->
<!--  Altitude Gap = -7 m -->
<!--  Max Speed = 24 km/h -->
<!--  Avg Speed = 3.7 | 4.6 km/h -->
<!--  Direction = WNW -->
<!--  Activity = running -->
<!--  Altitudes = Raw -->

<gpx version="1.0"
     creator="BasicAirData GPS Logger 3.2.3"
     xmlns="http://www.topografix.com/GPX/1/0"
     xmlns:xsi="http://www.w3.org/2001/XMLSchema-instance"
     xsi:schemaLocation="http://www.topografix.com/GPX/1/0 http://www.topografix.com/GPX/1/0/gpx.xsd">
<name>GPS Logger 20251017-084209</name>
<desc>RDA 8:30-10:30</desc>
<time>2025-10-18T03:43:51Z</time>
<keywords>running</keywords>
<bounds minlat="33.73784025" minlon="-84.42347573" maxlat="33.74073653" maxlon="-84.41761427" />

<trk>
 <name>Track 20251017-084209</name>
 <trkseg>
  <trkpt lat="33.73793735" lon="-84.42049001"><ele>293.000</ele><time>2025-10-17T12:42:09Z</time><speed>0.890</speed><sat>18</sat></trkpt>
  <trkpt lat="33.73792323" lon="-84.42048599"><ele>291.000</ele><time>2025-10-17T12:42:10Z</time><speed>1.490</speed><sat>20</sat></trkpt>
  <trkpt lat="33.73792340" lon="-84.42047526"><ele>289.000</ele><time>2025-10-17T12:42:11Z</time><speed>1.120</speed><sat>20</sat></trkpt>
  <trkpt lat="33.73792239" lon="-84.42048884"><ele>289.000</ele><time>2025-10-17T12:42:12Z</time><speed>1.300</speed><sat>19</sat></trkpt>
  <trkpt lat="33.73792386" lon="-84.42050208"><ele>289.000</ele><time>2025-10-17T12:42:13Z</time><speed>1.210</speed><sat>19</sat></trkpt>
  <trkpt lat="33.73792650" lon="-84.42051390"><ele>289.000</ele><time>2025-10-17T12:42:14Z</time><speed>1.100</speed><sat>20</sat></trkpt>
  <trkpt lat="33.73792842" lon="-84.42052673"><ele>289.000</ele><time>2025-10-17T12:42:15Z</time><speed>1.020</speed><sat>20</sat></trkpt>
  <trkpt lat="33.73793228" lon="-84.42053611"><ele>289.000</ele><time>2025-10-17T12:42:16Z</time><speed>1.060</speed><sat>19</sat></trkpt>
  <trkpt lat="33.73793668" lon="-84.42054592"><ele>289.000</ele><time>2025-10-17T12:42:17Z</time><speed>0.930</speed><sat>20</sat></trkpt>
  <trkpt lat="33.73794221" lon="-84.42055715"><ele>289.000</ele><time>2025-10-17T12:42:18Z</time><speed>1.100</speed><sat>20</sat></trkpt>
  <trkpt lat="33.73794615" lon="-84.42056696"><ele>289.000</ele><time>2025-10-17T12:42:19Z</time><speed>0.900</speed><sat>19</sat></trkpt>
  <trkpt lat="33.73794846" lon="-84.42057928"><ele>290.000</ele><time>2025-10-17T12:42:20Z</time><speed>0.890</speed><sat>19</sat></trkpt>
  <trkpt lat="33.73794946" lon="-84.42059009"><ele>290.000</ele><time>2025-10-17T12:42:21Z</time><speed>0.760</speed><sat>20</sat></trkpt>
  <trkpt lat="33.73795206" lon="-84.42059965"><ele>290.000</ele><time>2025-10-17T12:42:22Z</time><speed>0.740</speed><sat>19</sat></trkpt>
  <trkpt lat="33.73795906" lon="-84.42060661"><ele>289.000</ele><time>2025-10-17T12:42:23Z</time><speed>0.770</speed><sat>20</sat></trkpt>
  <trkpt lat="33.73796174" lon="-84.42061239"><ele>289.000</ele><time>2025-10-17T12:42:24Z</time><speed>0.300</speed><sat>20</sat></trkpt>
  <trkpt lat="33.73796116" lon="-84.42062052"><ele>288.000</ele><time>2025-10-17T12:42:25Z</time><speed>0.970</speed><sat>20</sat></trkpt>
  <trkpt lat="33.73796229" lon="-84.42063108"><ele>288.000</ele><time>2025-10-17T12:42:26Z</time><speed>0.980</speed><sat>18</sat></trkpt>
  <trkpt lat="33.73796476" lon="-84.42063913"><ele>288.000</ele><time>2025-10-17T12:42:27Z</time><speed>0.700</speed><sat>19</sat></trkpt>
  <trkpt lat="33.73796665" lon="-84.42065187"><ele>288.000</ele><time>2025-10-17T12:42:28Z</time><speed>1.170</speed><sat>20</sat></trkpt>
  <trkpt lat="33.73796954" lon="-84.42066520"><ele>287.000</ele><time>2025-10-17T12:42:29Z</time><speed>1.300</speed><sat>19</sat></trkpt>
  <trkpt lat="33.73797214" lon="-84.42067609"><ele>287.000</ele><time>2025-10-17T12:42:30Z</time><speed>0.990</speed><sat>19</sat></trkpt>
  <trkpt lat="33.73797411" lon="-84.42068766"><ele>287.000</ele><time>2025-10-17T12:42:31Z</time><speed>1.140</speed><sat>19</sat></trkpt>
  <trkpt lat="33.73797209" lon="-84.42069872"><ele>287.000</ele><time>2025-10-17T12:42:32Z</time><speed>1.050</speed><sat>20</sat></trkpt>
  <trkpt lat="33.73797260" lon="-84.42071188"><ele>287.000</ele><time>2025-10-17T12:42:33Z</time><speed>0.950</speed><sat>20</sat></trkpt>
  <trkpt lat="33.73797331" lon="-84.42072622"><ele>287.000</ele><time>2025-10-17T12:42:34Z</time><speed>1.060</speed><sat>20</sat></trkpt>
  <trkpt lat="33.73797159" lon="-84.42073887"><ele>287.000</ele><time>2025-10-17T12:42:35Z</time><speed>1.030</speed><sat>20</sat></trkpt>
  <trkpt lat="33.73797025" lon="-84.42074910"><ele>287.000</ele><time>2025-10-17T12:42:36Z</time><speed>0.950</speed><sat>19</sat></trkpt>
  <trkpt lat="33.73797101" lon="-84.42076611"><ele>288.000</ele><time>2025-10-17T12:42:37Z</time><speed>1.440</speed><sat>19</sat></trkpt>
  <trkpt lat="33.73797239" lon="-84.42078003"><ele>288.000</ele><time>2025-10-17T12:42:38Z</time><speed>1.110</speed><sat>18</sat></trkpt>
  <trkpt lat="33.73797113" lon="-84.42079143"><ele>288.000</ele><time>2025-10-17T12:42:39Z</time><speed>1.000</speed><sat>19</sat></trkpt>
  <trkpt lat="33.73796987" lon="-84.42079998"><ele>288.000</ele><time>2025-10-17T12:42:40Z</time><speed>1.010</speed><sat>18</sat></trkpt>
  <trkpt lat="33.73797235" lon="-84.42081381"><ele>288.000</ele><time>2025-10-17T12:42:41Z</time><speed>1.000</speed><sat>17</sat></trkpt>
  <trkpt lat="33.73797541" lon="-84.42082521"><ele>289.000</ele><time>2025-10-17T12:42:42Z</time><speed>1.050</speed><sat>19</sat></trkpt>
  <trkpt lat="33.73797951" lon="-84.42083619"><ele>289.000</ele><time>2025-10-17T12:42:43Z</time><speed>1.260</speed><sat>19</sat></trkpt>
  <trkpt lat="33.73798090" lon="-84.42084943"><ele>289.000</ele><time>2025-10-17T12:42:44Z</time><speed>1.030</speed><sat>20</sat></trkpt>
  <trkpt lat="33.73798023" lon="-84.42086158"><ele>289.000</ele><time>2025-10-17T12:42:45Z</time><speed>1.240</speed><sat>20</sat></trkpt>
  <trkpt lat="33.73798161" lon="-84.42087323"><ele>289.000</ele><time>2025-10-17T12:42:46Z</time><speed>0.990</speed><sat>19</sat></trkpt>
  <trkpt lat="33.73798190" lon="-84.42088396"><ele>289.000</ele><time>2025-10-17T12:42:47Z</time><speed>1.070</speed><sat>18</sat></trkpt>
  <trkpt lat="33.73797784" lon="-84.42089587"><ele>289.000</ele><time>2025-10-17T12:42:48Z</time><speed>1.270</speed><sat>20</sat></trkpt>
  <trkpt lat="33.73797473" lon="-84.42090676"><ele>289.000</ele><time>2025-10-17T12:42:49Z</time><speed>0.940</speed><sat>18</sat></trkpt>
  <trkpt lat="33.73797608" lon="-84.42091757"><ele>289.000</ele><time>2025-10-17T12:42:50Z</time><speed>1.140</speed><sat>19</sat></trkpt>
  <trkpt lat="33.73798035" lon="-84.42092679"><ele>289.000</ele><time>2025-10-17T12:42:51Z</time><speed>1.020</speed><sat>20</sat></trkpt>
  <trkpt lat="33.73798479" lon="-84.42093736"><ele>290.000</ele><time>2025-10-17T12:42:52Z</time><speed>1.120</speed><sat>19</sat></trkpt>
  <trkpt lat="33.73798710" lon="-84.42094951"><ele>290.000</ele><time>2025-10-17T12:42:53Z</time><speed>1.140</speed><sat>19</sat></trkpt>
  <trkpt lat="33.73799087" lon="-84.42096141"><ele>290.000</ele><time>2025-10-17T12:42:54Z</time><speed>1.270</speed><sat>19</sat></trkpt>
  <trkpt lat="33.73799514" lon="-84.42097357"><ele>290.000</ele><time>2025-10-17T12:42:55Z</time><speed>1.090</speed><sat>18</sat></trkpt>
  <trkpt lat="33.73799716" lon="-84.42098513"><ele>290.000</ele><time>2025-10-17T12:42:56Z</time><speed>0.980</speed><sat>18</sat></trkpt>
  <trkpt lat="33.73799875" lon="-84.42099536"><ele>290.000</ele><time>2025-10-17T12:42:57Z</time><speed>1.050</speed><sat>18</sat></trkpt>
  <trkpt lat="33.73800281" lon="-84.42100684"><ele>291.000</ele><time>2025-10-17T12:42:58Z</time><speed>1.090</speed><sat>19</sat></trkpt>
  <trkpt lat="33.73800885" lon="-84.42101715"><ele>291.000</ele><time>2025-10-17T12:42:59Z</time><speed>1.120</speed><sat>19</sat></trkpt>
  <trkpt lat="33.73801363" lon="-84.42102704"><ele>291.000</ele><time>2025-10-17T12:43:00Z</time><speed>1.180</speed><sat>19</sat></trkpt>
  <trkpt lat="33.73801849" lon="-84.42103936"><ele>291.000</ele><time>2025-10-17T12:43:01Z</time><speed>1.330</speed><sat>18</sat></trkpt>
  <trkpt lat="33.73802155" lon="-84.42105202"><ele>291.000</ele><time>2025-10-17T12:43:02Z</time><speed>1.240</speed><sat>19</sat></trkpt>
  <trkpt lat="33.73802276" lon="-84.42106602"><ele>291.000</ele><time>2025-10-17T12:43:03Z</time><speed>1.300</speed><sat>20</sat></trkpt>
  <trkpt lat="33.73802620" lon="-84.42107641"><ele>291.000</ele><time>2025-10-17T12:43:04Z</time><speed>0.990</speed><sat>20</sat></trkpt>
  <trkpt lat="33.73802771" lon="-84.42108555"><ele>291.000</ele><time>2025-10-17T12:43:05Z</time><speed>0.870</speed><sat>20</sat></trkpt>
  <trkpt lat="33.73803001" lon="-84.42109351"><ele>291.000</ele><time>2025-10-17T12:43:06Z</time><speed>0.870</speed><sat>19</sat></trkpt>
  <trkpt lat="33.73803073" lon="-84.42110516"><ele>291.000</ele><time>2025-10-17T12:43:07Z</time><speed>1.140</speed><sat>20</sat></trkpt>
  <trkpt lat="33.73803513" lon="-84.42111455"><ele>291.000</ele><time>2025-10-17T12:43:08Z</time><speed>0.980</speed><sat>19</sat></trkpt>
  <trkpt lat="33.73803576" lon="-84.42112419"><ele>291.000</ele><time>2025-10-17T12:43:09Z</time><speed>1.000</speed><sat>19</sat></trkpt>
  <trkpt lat="33.73803156" lon="-84.42113483"><ele>290.000</ele><time>2025-10-17T12:43:10Z</time><speed>1.200</speed><sat>20</sat></trkpt>
  <trkpt lat="33.73803165" lon="-84.42114506"><ele>290.000</ele><time>2025-10-17T12:43:11Z</time><speed>1.190</speed><sat>20</sat></trkpt>
  <trkpt lat="33.73803303" lon="-84.42115881"><ele>289.000</ele><time>2025-10-17T12:43:12Z</time><speed>1.120</speed><sat>20</sat></trkpt>
  <trkpt lat="33.73803684" lon="-84.42117440"><ele>289.000</ele><time>2025-10-17T12:43:13Z</time><speed>1.340</speed><sat>19</sat></trkpt>
  <trkpt lat="33.73803936" lon="-84.42118672"><ele>289.000</ele><time>2025-10-17T12:43:14Z</time><speed>0.920</speed><sat>19</sat></trkpt>
  <trkpt lat="33.73803969" lon="-84.42119979"><ele>289.000</ele><time>2025-10-17T12:43:15Z</time><speed>0.930</speed><sat>19</sat></trkpt>
  <trkpt lat="33.73804007" lon="-84.42121287"><ele>289.000</ele><time>2025-10-17T12:43:16Z</time><speed>1.120</speed><sat>20</sat></trkpt>
  <trkpt lat="33.73804141" lon="-84.42122821"><ele>289.000</ele><time>2025-10-17T12:43:17Z</time><speed>1.400</speed><sat>20</sat></trkpt>
  <trkpt lat="33.73804162" lon="-84.42124363"><ele>289.000</ele><time>2025-10-17T12:43:18Z</time><speed>1.050</speed><sat>20</sat></trkpt>
  <trkpt lat="33.73804112" lon="-84.42125285"><ele>289.000</ele><time>2025-10-17T12:43:19Z</time><speed>1.030</speed><sat>20</sat></trkpt>
  <trkpt lat="33.73803911" lon="-84.42126282"><ele>288.000</ele><time>2025-10-17T12:43:20Z</time><speed>0.790</speed><sat>20</sat></trkpt>
  <trkpt lat="33.73803986" lon="-84.42126995"><ele>287.000</ele><time>2025-10-17T12:43:21Z</time><speed>1.180</speed><sat>18</sat></trkpt>
  <trkpt lat="33.73804183" lon="-84.42128286"><ele>286.000</ele><time>2025-10-17T12:43:22Z</time><speed>1.360</speed><sat>20</sat></trkpt>
  <trkpt lat="33.73804430" lon="-84.42129727"><ele>286.000</ele><time>2025-10-17T12:43:23Z</time><speed>1.210</speed><sat>20</sat></trkpt>
  <trkpt lat="33.73804363" lon="-84.42130901"><ele>286.000</ele><time>2025-10-17T12:43:24Z</time><speed>1.280</speed><sat>21</sat></trkpt>
  <trkpt lat="33.73804506" lon="-84.42131672"><ele>286.000</ele><time>2025-10-17T12:43:25Z</time><speed>0.800</speed><sat>20</sat></trkpt>
  <trkpt lat="33.73804833" lon="-84.42132661"><ele>286.000</ele><time>2025-10-17T12:43:26Z</time><speed>1.220</speed><sat>20</sat></trkpt>
  <trkpt lat="33.73804883" lon="-84.42133910"><ele>286.000</ele><time>2025-10-17T12:43:27Z</time><speed>1.110</speed><sat>21</sat></trkpt>
  <trkpt lat="33.73804984" lon="-84.42134782"><ele>286.000</ele><time>2025-10-17T12:43:28Z</time><speed>0.970</speed><sat>21</sat></trkpt>
  <trkpt lat="33.73805273" lon="-84.42136022"><ele>286.000</ele><time>2025-10-17T12:43:29Z</time><speed>1.400</speed><sat>21</sat></trkpt>
  <trkpt lat="33.73805801" lon="-84.42137263"><ele>287.000</ele><time>2025-10-17T12:43:30Z</time><speed>1.290</speed><sat>20</sat></trkpt>
  <trkpt lat="33.73806430" lon="-84.42138218"><ele>287.000</ele><time>2025-10-17T12:43:31Z</time><speed>0.950</speed><sat>20</sat></trkpt>
  <trkpt lat="33.73806899" lon="-84.42139023"><ele>287.000</ele><time>2025-10-17T12:43:32Z</time><speed>1.220</speed><sat>19</sat></trkpt>
  <trkpt lat="33.73807264" lon="-84.42140171"><ele>287.000</ele><time>2025-10-17T12:43:33Z</time><speed>1.190</speed><sat>20</sat></trkpt>
  <trkpt lat="33.73807276" lon="-84.42141613"><ele>287.000</ele><time>2025-10-17T12:43:34Z</time><speed>1.400</speed><sat>21</sat></trkpt>
  <trkpt lat="33.73807272" lon="-84.42143071"><ele>287.000</ele><time>2025-10-17T12:43:35Z</time><speed>1.340</speed><sat>21</sat></trkpt>
  <trkpt lat="33.73807502" lon="-84.42144404"><ele>287.000</ele><time>2025-10-17T12:43:36Z</time><speed>1.120</speed><sat>21</sat></trkpt>
  <trkpt lat="33.73807616" lon="-84.42145536"><ele>287.000</ele><time>2025-10-17T12:43:37Z</time><speed>1.100</speed><sat>20</sat></trkpt>
  <trkpt lat="33.73807465" lon="-84.42146801"><ele>287.000</ele><time>2025-10-17T12:43:38Z</time><speed>1.050</speed><sat>20</sat></trkpt>
  <trkpt lat="33.73807226" lon="-84.42147992"><ele>287.000</ele><time>2025-10-17T12:43:39Z</time><speed>1.240</speed><sat>20</sat></trkpt>
  <trkpt lat="33.73807373" lon="-84.42148738"><ele>287.000</ele><time>2025-10-17T12:43:40Z</time><speed>0.450</speed><sat>20</sat></trkpt>
  <trkpt lat="33.73807595" lon="-84.42149810"><ele>286.000</ele><time>2025-10-17T12:43:41Z</time><speed>1.130</speed><sat>20</sat></trkpt>
  <trkpt lat="33.73807481" lon="-84.42151403"><ele>286.000</ele><time>2025-10-17T12:43:42Z</time><speed>1.360</speed><sat>20</sat></trkpt>
  <trkpt lat="33.73807251" lon="-84.42152836"><ele>286.000</ele><time>2025-10-17T12:43:43Z</time><speed>1.210</speed><sat>20</sat></trkpt>
  <trkpt lat="33.73807192" lon="-84.42153968"><ele>285.000</ele><time>2025-10-17T12:43:44Z</time><speed>1.020</speed><sat>19</sat></trkpt>
  <trkpt lat="33.73807314" lon="-84.42155099"><ele>285.000</ele><time>2025-10-17T12:43:45Z</time><speed>1.110</speed><sat>20</sat></trkpt>
  <trkpt lat="33.73807641" lon="-84.42156516"><ele>285.000</ele><time>2025-10-17T12:43:46Z</time><speed>0.990</speed><sat>20</sat></trkpt>
  <trkpt lat="33.73807884" lon="-84.42157572"><ele>285.000</ele><time>2025-10-17T12:43:47Z</time><speed>0.470</speed><sat>19</sat></trkpt>
  <trkpt lat="33.73807750" lon="-84.42157949"><ele>285.000</ele><time>2025-10-17T12:43:48Z</time><speed>0.380</speed><sat>19</sat></trkpt>
  <trkpt lat="33.73807624" lon="-84.42158092"><ele>285.000</ele><time>2025-10-17T12:43:49Z</time><speed>0.300</speed><sat>19</sat></trkpt>
  <trkpt lat="33.73807850" lon="-84.42157958"><ele>285.000</ele><time>2025-10-17T12:43:50Z</time><speed>0.000</speed><sat>19</sat></trkpt>
  <trkpt lat="33.73808663" lon="-84.42158209"><ele>285.000</ele><time>2025-10-17T12:43:51Z</time><speed>1.590</speed><sat>19</sat></trkpt>
  <trkpt lat="33.73809267" lon="-84.42159072"><ele>285.000</ele><time>2025-10-17T12:43:52Z</time><speed>0.610</speed><sat>19</sat></trkpt>
  <trkpt lat="33.73809317" lon="-84.42159869"><ele>285.000</ele><time>2025-10-17T12:43:53Z</time><speed>0.750</speed><sat>20</sat></trkpt>
  <trkpt lat="33.73809535" lon="-84.42160908"><ele>285.000</ele><time>2025-10-17T12:43:54Z</time><speed>1.120</speed><sat>18</sat></trkpt>
  <trkpt lat="33.73809573" lon="-84.42162476"><ele>286.000</ele><time>2025-10-17T12:43:55Z</time><speed>1.220</speed><sat>19</sat></trkpt>
  <trkpt lat="33.73809443" lon="-84.42163691"><ele>285.000</ele><time>2025-10-17T12:43:56Z</time><speed>1.020</speed><sat>19</sat></trkpt>
  <trkpt lat="33.73809405" lon="-84.42164705"><ele>285.000</ele><time>2025-10-17T12:43:57Z</time><speed>0.900</speed><sat>19</sat></trkpt>
  <trkpt lat="33.73809522" lon="-84.42165828"><ele>286.000</ele><time>2025-10-17T12:43:58Z</time><speed>0.950</speed><sat>20</sat></trkpt>
  <trkpt lat="33.73809485" lon="-84.42167236"><ele>286.000</ele><time>2025-10-17T12:43:59Z</time><speed>1.270</speed><sat>19</sat></trkpt>
  <trkpt lat="33.73809657" lon="-84.42168854"><ele>286.000</ele><time>2025-10-17T12:44:00Z</time><speed>1.150</speed><sat>20</sat></trkpt>
  <trkpt lat="33.73809937" lon="-84.42169977"><ele>286.000</ele><time>2025-10-17T12:44:01Z</time><speed>0.950</speed><sat>19</sat></trkpt>
  <trkpt lat="33.73810055" lon="-84.42171075"><ele>286.000</ele><time>2025-10-17T12:44:02Z</time><speed>1.060</speed><sat>18</sat></trkpt>
  <trkpt lat="33.73810059" lon="-84.42172257"><ele>286.000</ele><time>2025-10-17T12:44:03Z</time><speed>1.070</speed><sat>19</sat></trkpt>
  <trkpt lat="33.73809992" lon="-84.42173531"><ele>286.000</ele><time>2025-10-17T12:44:04Z</time><speed>1.280</speed><sat>19</sat></trkpt>
  <trkpt lat="33.73809870" lon="-84.42174839"><ele>286.000</ele><time>2025-10-17T12:44:05Z</time><speed>1.080</speed><sat>19</sat></trkpt>
  <trkpt lat="33.73809757" lon="-84.42176037"><ele>285.000</ele><time>2025-10-17T12:44:06Z</time><speed>0.910</speed><sat>19</sat></trkpt>
  <trkpt lat="33.73809678" lon="-84.42176700"><ele>285.000</ele><time>2025-10-17T12:44:07Z</time><speed>0.230</speed><sat>19</sat></trkpt>
  <trkpt lat="33.73810017" lon="-84.42177957"><ele>285.000</ele><time>2025-10-17T12:44:08Z</time><speed>1.660</speed><sat>20</sat></trkpt>
  <trkpt lat="33.73810520" lon="-84.42179457"><ele>285.000</ele><time>2025-10-17T12:44:09Z</time><speed>1.180</speed><sat>20</sat></trkpt>
  <trkpt lat="33.73811027" lon="-84.42180740"><ele>285.000</ele><time>2025-10-17T12:44:10Z</time><speed>1.120</speed><sat>20</sat></trkpt>
  <trkpt lat="33.73811031" lon="-84.42182005"><ele>285.000</ele><time>2025-10-17T12:44:11Z</time><speed>0.930</speed><sat>20</sat></trkpt>
  <trkpt lat="33.73811966" lon="-84.42183028"><ele>285.000</ele><time>2025-10-17T12:44:12Z</time><speed>2.190</speed><sat>20</sat></trkpt>
  <trkpt lat="33.73812418" lon="-84.42184922"><ele>285.000</ele><time>2025-10-17T12:44:13Z</time><speed>1.550</speed><sat>20</sat></trkpt>
  <trkpt lat="33.73812339" lon="-84.42186280"><ele>285.000</ele><time>2025-10-17T12:44:14Z</time><speed>1.330</speed><sat>20</sat></trkpt>
  <trkpt lat="33.73811865" lon="-84.42187630"><ele>285.000</ele><time>2025-10-17T12:44:15Z</time><speed>1.280</speed><sat>20</sat></trkpt>
  <trkpt lat="33.73811777" lon="-84.42188820"><ele>285.000</ele><time>2025-10-17T12:44:16Z</time><speed>0.980</speed><sat>20</sat></trkpt>
  <trkpt lat="33.73811907" lon="-84.42189876"><ele>285.000</ele><time>2025-10-17T12:44:17Z</time><speed>1.190</speed><sat>20</sat></trkpt>
  <trkpt lat="33.73812196" lon="-84.42190991"><ele>285.000</ele><time>2025-10-17T12:44:18Z</time><speed>1.170</speed><sat>20</sat></trkpt>
  <trkpt lat="33.73812460" lon="-84.42192231"><ele>286.000</ele><time>2025-10-17T12:44:19Z</time><speed>1.080</speed><sat>20</sat></trkpt>
  <trkpt lat="33.73812498" lon="-84.42193463"><ele>286.000</ele><time>2025-10-17T12:44:20Z</time><speed>1.410</speed><sat>21</sat></trkpt>
  <trkpt lat="33.73812779" lon="-84.42194737"><ele>286.000</ele><time>2025-10-17T12:44:21Z</time><speed>1.230</speed><sat>19</sat></trkpt>
  <trkpt lat="33.73813051" lon="-84.42195785"><ele>286.000</ele><time>2025-10-17T12:44:22Z</time><speed>1.090</speed><sat>19</sat></trkpt>
  <trkpt lat="33.73813026" lon="-84.42196950"><ele>285.000</ele><time>2025-10-17T12:44:23Z</time><speed>0.970</speed><sat>20</sat></trkpt>
  <trkpt lat="33.73812917" lon="-84.42198124"><ele>285.000</ele><time>2025-10-17T12:44:24Z</time><speed>1.300</speed><sat>20</sat></trkpt>
  <trkpt lat="33.73813123" lon="-84.42199440"><ele>285.000</ele><time>2025-10-17T12:44:25Z</time><speed>1.180</speed><sat>19</sat></trkpt>
  <trkpt lat="33.73813257" lon="-84.42200613"><ele>286.000</ele><time>2025-10-17T12:44:26Z</time><speed>1.100</speed><sat>19</sat></trkpt>
  <trkpt lat="33.73813676" lon="-84.42201694"><ele>286.000</ele><time>2025-10-17T12:44:27Z</time><speed>1.120</speed><sat>19</sat></trkpt>
  <trkpt lat="33.73813927" lon="-84.42202918"><ele>286.000</ele><time>2025-10-17T12:44:28Z</time><speed>1.370</speed><sat>19</sat></trkpt>
  <trkpt lat="33.73814359" lon="-84.42204134"><ele>286.000</ele><time>2025-10-17T12:44:29Z</time><speed>1.340</speed><sat>19</sat></trkpt>
  <trkpt lat="33.73814531" lon="-84.42205424"><ele>286.000</ele><time>2025-10-17T12:44:30Z</time><speed>1.380</speed><sat>19</sat></trkpt>
  <trkpt lat="33.73814744" lon="-84.42206455"><ele>286.000</ele><time>2025-10-17T12:44:31Z</time><speed>0.910</speed><sat>20</sat></trkpt>
  <trkpt lat="33.73814870" lon="-84.42207352"><ele>286.000</ele><time>2025-10-17T12:44:32Z</time><speed>0.940</speed><sat>20</sat></trkpt>
  <trkpt lat="33.73814870" lon="-84.42208249"><ele>286.000</ele><time>2025-10-17T12:44:33Z</time><speed>1.030</speed><sat>19</sat></trkpt>
  <trkpt lat="33.73814057" lon="-84.42209775"><ele>285.000</ele><time>2025-10-17T12:44:34Z</time><speed>1.310</speed><sat>18</sat></trkpt>
  <trkpt lat="33.73813902" lon="-84.42211007"><ele>285.000</ele><time>2025-10-17T12:44:35Z</time><speed>1.250</speed><sat>19</sat></trkpt>
  <trkpt lat="33.73813835" lon="-84.42212021"><ele>285.000</ele><time>2025-10-17T12:44:36Z</time><speed>0.920</speed><sat>19</sat></trkpt>
  <trkpt lat="33.73814216" lon="-84.42212800"><ele>285.000</ele><time>2025-10-17T12:44:37Z</time><speed>0.970</speed><sat>19</sat></trkpt>
  <trkpt lat="33.73814367" lon="-84.42213815"><ele>285.000</ele><time>2025-10-17T12:44:38Z</time><speed>1.160</speed><sat>17</sat></trkpt>
  <trkpt lat="33.73814686" lon="-84.42214946"><ele>285.000</ele><time>2025-10-17T12:44:39Z</time><speed>1.010</speed><sat>18</sat></trkpt>
  <trkpt lat="33.73815151" lon="-84.42216128"><ele>285.000</ele><time>2025-10-17T12:44:40Z</time><speed>1.250</speed><sat>19</sat></trkpt>
  <trkpt lat="33.73815549" lon="-84.42217235"><ele>285.000</ele><time>2025-10-17T12:44:41Z</time><speed>1.110</speed><sat>19</sat></trkpt>
  <trkpt lat="33.73815780" lon="-84.42218433"><ele>285.000</ele><time>2025-10-17T12:44:42Z</time><speed>0.980</speed><sat>20</sat></trkpt>
  <trkpt lat="33.73816023" lon="-84.42219347"><ele>285.000</ele><time>2025-10-17T12:44:43Z</time><speed>0.810</speed><sat>19</sat></trkpt>
  <trkpt lat="33.73816186" lon="-84.42220629"><ele>285.000</ele><time>2025-10-17T12:44:44Z</time><speed>1.160</speed><sat>19</sat></trkpt>
  <trkpt lat="33.73815968" lon="-84.42222180"><ele>285.000</ele><time>2025-10-17T12:44:45Z</time><speed>1.160</speed><sat>20</sat></trkpt>
  <trkpt lat="33.73815964" lon="-84.42223638"><ele>285.000</ele><time>2025-10-17T12:44:46Z</time><speed>1.090</speed><sat>20</sat></trkpt>
  <trkpt lat="33.73816136" lon="-84.42224745"><ele>285.000</ele><time>2025-10-17T12:44:47Z</time><speed>0.920</speed><sat>19</sat></trkpt>
  <trkpt lat="33.73816383" lon="-84.42225642"><ele>286.000</ele><time>2025-10-17T12:44:48Z</time><speed>0.970</speed><sat>19</sat></trkpt>
  <trkpt lat="33.73816542" lon="-84.42226513"><ele>285.000</ele><time>2025-10-17T12:44:49Z</time><speed>0.920</speed><sat>21</sat></trkpt>
  <trkpt lat="33.73816484" lon="-84.42227678"><ele>286.000</ele><time>2025-10-17T12:44:50Z</time><speed>1.390</speed><sat>18</sat></trkpt>
  <trkpt lat="33.73816655" lon="-84.42228961"><ele>285.000</ele><time>2025-10-17T12:44:51Z</time><speed>1.120</speed><sat>19</sat></trkpt>
  <trkpt lat="33.73817154" lon="-84.42230109"><ele>285.000</ele><time>2025-10-17T12:44:52Z</time><speed>1.140</speed><sat>18</sat></trkpt>
  <trkpt lat="33.73817276" lon="-84.42230880"><ele>285.000</ele><time>2025-10-17T12:44:53Z</time><speed>0.790</speed><sat>19</sat></trkpt>
  <trkpt lat="33.73817414" lon="-84.42231928"><ele>285.000</ele><time>2025-10-17T12:44:54Z</time><speed>1.070</speed><sat>18</sat></trkpt>
  <trkpt lat="33.73817674" lon="-84.42232934"><ele>285.000</ele><time>2025-10-17T12:44:55Z</time><speed>1.040</speed><sat>18</sat></trkpt>
  <trkpt lat="33.73818009" lon="-84.42233797"><ele>285.000</ele><time>2025-10-17T12:44:56Z</time><speed>0.640</speed><sat>19</sat></trkpt>
  <trkpt lat="33.73818139" lon="-84.42234619"><ele>285.000</ele><time>2025-10-17T12:44:57Z</time><speed>0.740</speed><sat>19</sat></trkpt>
  <trkpt lat="33.73818173" lon="-84.42235608"><ele>286.000</ele><time>2025-10-17T12:44:58Z</time><speed>0.970</speed><sat>20</sat></trkpt>
  <trkpt lat="33.73818336" lon="-84.42237007"><ele>286.000</ele><time>2025-10-17T12:44:59Z</time><speed>1.460</speed><sat>19</sat></trkpt>
  <trkpt lat="33.73818604" lon="-84.42238583"><ele>286.000</ele><time>2025-10-17T12:45:00Z</time><speed>1.550</speed><sat>20</sat></trkpt>
  <trkpt lat="33.73818831" lon="-84.42240100"><ele>286.000</ele><time>2025-10-17T12:45:01Z</time><speed>1.330</speed><sat>19</sat></trkpt>
  <trkpt lat="33.73819287" lon="-84.42241391"><ele>286.000</ele><time>2025-10-17T12:45:02Z</time><speed>1.590</speed><sat>19</sat></trkpt>
  <trkpt lat="33.73819426" lon="-84.42242422"><ele>286.000</ele><time>2025-10-17T12:45:03Z</time><speed>1.050</speed><sat>20</sat></trkpt>
  <trkpt lat="33.73819497" lon="-84.42243545"><ele>286.000</ele><time>2025-10-17T12:45:04Z</time><speed>1.180</speed><sat>19</sat></trkpt>
  <trkpt lat="33.73819711" lon="-84.42244601"><ele>286.000</ele><time>2025-10-17T12:45:05Z</time><speed>0.800</speed><sat>20</sat></trkpt>
  <trkpt lat="33.73819715" lon="-84.42245934"><ele>287.000</ele><time>2025-10-17T12:45:06Z</time><speed>1.310</speed><sat>20</sat></trkpt>
  <trkpt lat="33.73819824" lon="-84.42247376"><ele>287.000</ele><time>2025-10-17T12:45:07Z</time><speed>0.980</speed><sat>18</sat></trkpt>
  <trkpt lat="33.73819815" lon="-84.42248491"><ele>287.000</ele><time>2025-10-17T12:45:08Z</time><speed>0.850</speed><sat>19</sat></trkpt>
  <trkpt lat="33.73819899" lon="-84.42249555"><ele>287.000</ele><time>2025-10-17T12:45:09Z</time><speed>1.090</speed><sat>18</sat></trkpt>
  <trkpt lat="33.73819979" lon="-84.42250636"><ele>287.000</ele><time>2025-10-17T12:45:10Z</time><speed>1.180</speed><sat>19</sat></trkpt>
  <trkpt lat="33.73820084" lon="-84.42251768"><ele>287.000</ele><time>2025-10-17T12:45:11Z</time><speed>1.240</speed><sat>20</sat></trkpt>
  <trkpt lat="33.73820394" lon="-84.42252975"><ele>287.000</ele><time>2025-10-17T12:45:12Z</time><speed>1.230</speed><sat>20</sat></trkpt>
  <trkpt lat="33.73820566" lon="-84.42254232"><ele>287.000</ele><time>2025-10-17T12:45:13Z</time><speed>1.230</speed><sat>19</sat></trkpt>
  <trkpt lat="33.73820733" lon="-84.42255624"><ele>287.000</ele><time>2025-10-17T12:45:14Z</time><speed>1.420</speed><sat>20</sat></trkpt>
  <trkpt lat="33.73820909" lon="-84.42256889"><ele>287.000</ele><time>2025-10-17T12:45:15Z</time><speed>1.240</speed><sat>19</sat></trkpt>
  <trkpt lat="33.73821152" lon="-84.42258071"><ele>287.000</ele><time>2025-10-17T12:45:16Z</time><speed>1.240</speed><sat>19</sat></trkpt>
  <trkpt lat="33.73821421" lon="-84.42259152"><ele>287.000</ele><time>2025-10-17T12:45:17Z</time><speed>0.940</speed><sat>19</sat></trkpt>
  <trkpt lat="33.73821563" lon="-84.42260192"><ele>287.000</ele><time>2025-10-17T12:45:18Z</time><speed>1.130</speed><sat>21</sat></trkpt>
  <trkpt lat="33.73821664" lon="-84.42261633"><ele>287.000</ele><time>2025-10-17T12:45:19Z</time><speed>1.200</speed><sat>21</sat></trkpt>
  <trkpt lat="33.73822146" lon="-84.42263117"><ele>287.000</ele><time>2025-10-17T12:45:20Z</time><speed>1.440</speed><sat>20</sat></trkpt>
  <trkpt lat="33.73822485" lon="-84.42264198"><ele>287.000</ele><time>2025-10-17T12:45:21Z</time><speed>1.050</speed><sat>20</sat></trkpt>
  <trkpt lat="33.73822565" lon="-84.42265145"><ele>287.000</ele><time>2025-10-17T12:45:22Z</time><speed>0.940</speed><sat>20</sat></trkpt>
  <trkpt lat="33.73822565" lon="-84.42266420"><ele>287.000</ele><time>2025-10-17T12:45:23Z</time><speed>1.290</speed><sat>19</sat></trkpt>
  <trkpt lat="33.73822829" lon="-84.42267677"><ele>287.000</ele><time>2025-10-17T12:45:24Z</time><speed>1.130</speed><sat>19</sat></trkpt>
  <trkpt lat="33.73822753" lon="-84.42269295"><ele>286.000</ele><time>2025-10-17T12:45:25Z</time><speed>1.410</speed><sat>19</sat></trkpt>
  <trkpt lat="33.73822879" lon="-84.42270728"><ele>286.000</ele><time>2025-10-17T12:45:26Z</time><speed>1.140</speed><sat>18</sat></trkpt>
  <trkpt lat="33.73823051" lon="-84.42272010"><ele>286.000</ele><time>2025-10-17T12:45:27Z</time><speed>1.140</speed><sat>19</sat></trkpt>
  <trkpt lat="33.73823202" lon="-84.42272874"><ele>285.000</ele><time>2025-10-17T12:45:28Z</time><speed>1.090</speed><sat>19</sat></trkpt>
  <trkpt lat="33.73823369" lon="-84.42274181"><ele>285.000</ele><time>2025-10-17T12:45:29Z</time><speed>1.360</speed><sat>19</sat></trkpt>
  <trkpt lat="33.73823353" lon="-84.42275732"><ele>285.000</ele><time>2025-10-17T12:45:30Z</time><speed>1.230</speed><sat>19</sat></trkpt>
  <trkpt lat="33.73823181" lon="-84.42277174"><ele>286.000</ele><time>2025-10-17T12:45:31Z</time><speed>1.220</speed><sat>19</sat></trkpt>
  <trkpt lat="33.73823097" lon="-84.42278439"><ele>286.000</ele><time>2025-10-17T12:45:32Z</time><speed>1.000</speed><sat>19</sat></trkpt>
  <trkpt lat="33.73823432" lon="-84.42279353"><ele>286.000</ele><time>2025-10-17T12:45:33Z</time><speed>0.910</speed><sat>19</sat></trkpt>
  <trkpt lat="33.73823319" lon="-84.42280359"><ele>285.000</ele><time>2025-10-17T12:45:34Z</time><speed>0.960</speed><sat>19</sat></trkpt>
  <trkpt lat="33.73823445" lon="-84.42281825"><ele>285.000</ele><time>2025-10-17T12:45:35Z</time><speed>1.790</speed><sat>20</sat></trkpt>
  <trkpt lat="33.73823487" lon="-84.42283368"><ele>285.000</ele><time>2025-10-17T12:45:36Z</time><speed>1.090</speed><sat>20</sat></trkpt>
  <trkpt lat="33.73823659" lon="-84.42284541"><ele>285.000</ele><time>2025-10-17T12:45:37Z</time><speed>0.990</speed><sat>20</sat></trkpt>
  <trkpt lat="33.73824023" lon="-84.42285597"><ele>284.000</ele><time>2025-10-17T12:45:38Z</time><speed>1.180</speed><sat>19</sat></trkpt>
  <trkpt lat="33.73824199" lon="-84.42286637"><ele>284.000</ele><time>2025-10-17T12:45:39Z</time><speed>1.030</speed><sat>19</sat></trkpt>
  <trkpt lat="33.73824631" lon="-84.42288078"><ele>285.000</ele><time>2025-10-17T12:45:40Z</time><speed>1.280</speed><sat>20</sat></trkpt>
  <trkpt lat="33.73824975" lon="-84.42289277"><ele>284.000</ele><time>2025-10-17T12:45:41Z</time><speed>1.290</speed><sat>21</sat></trkpt>
  <trkpt lat="33.73825226" lon="-84.42290476"><ele>284.000</ele><time>2025-10-17T12:45:42Z</time><speed>0.970</speed><sat>21</sat></trkpt>
  <trkpt lat="33.73825364" lon="-84.42291389"><ele>284.000</ele><time>2025-10-17T12:45:43Z</time><speed>1.040</speed><sat>21</sat></trkpt>
  <trkpt lat="33.73825377" lon="-84.42292462"><ele>284.000</ele><time>2025-10-17T12:45:44Z</time><speed>1.320</speed><sat>20</sat></trkpt>
  <trkpt lat="33.73825318" lon="-84.42293803"><ele>284.000</ele><time>2025-10-17T12:45:45Z</time><speed>1.350</speed><sat>20</sat></trkpt>
  <trkpt lat="33.73825377" lon="-84.42295278"><ele>284.000</ele><time>2025-10-17T12:45:46Z</time><speed>1.270</speed><sat>21</sat></trkpt>
  <trkpt lat="33.73825486" lon="-84.42296494"><ele>284.000</ele><time>2025-10-17T12:45:47Z</time><speed>1.040</speed><sat>21</sat></trkpt>
  <trkpt lat="33.73825658" lon="-84.42297617"><ele>284.000</ele><time>2025-10-17T12:45:48Z</time><speed>1.020</speed><sat>21</sat></trkpt>
  <trkpt lat="33.73825700" lon="-84.42298816"><ele>285.000</ele><time>2025-10-17T12:45:49Z</time><speed>1.000</speed><sat>21</sat></trkpt>
  <trkpt lat="33.73825570" lon="-84.42300023"><ele>285.000</ele><time>2025-10-17T12:45:50Z</time><speed>1.290</speed><sat>21</sat></trkpt>
  <trkpt lat="33.73825373" lon="-84.42301305"><ele>285.000</ele><time>2025-10-17T12:45:51Z</time><speed>1.190</speed><sat>19</sat></trkpt>
  <trkpt lat="33.73825067" lon="-84.42302680"><ele>285.000</ele><time>2025-10-17T12:45:52Z</time><speed>1.380</speed><sat>20</sat></trkpt>
  <trkpt lat="33.73825477" lon="-84.42303736"><ele>285.000</ele><time>2025-10-17T12:45:53Z</time><speed>1.060</speed><sat>20</sat></trkpt>
  <trkpt lat="33.73826043" lon="-84.42304951"><ele>284.000</ele><time>2025-10-17T12:45:54Z</time><speed>1.150</speed><sat>19</sat></trkpt>
  <trkpt lat="33.73826169" lon="-84.42306242"><ele>284.000</ele><time>2025-10-17T12:45:55Z</time><speed>1.210</speed><sat>20</sat></trkpt>
  <trkpt lat="33.73826500" lon="-84.42307902"><ele>284.000</ele><time>2025-10-17T12:45:56Z</time><speed>1.540</speed><sat>19</sat></trkpt>
  <trkpt lat="33.73826630" lon="-84.42308765"><ele>284.000</ele><time>2025-10-17T12:45:57Z</time><speed>0.650</speed><sat>19</sat></trkpt>
  <trkpt lat="33.73826659" lon="-84.42309720"><ele>284.000</ele><time>2025-10-17T12:45:58Z</time><speed>1.040</speed><sat>19</sat></trkpt>
  <trkpt lat="33.73826965" lon="-84.42311045"><ele>284.000</ele><time>2025-10-17T12:45:59Z</time><speed>1.340</speed><sat>19</sat></trkpt>
  <trkpt lat="33.73827175" lon="-84.42312470"><ele>284.000</ele><time>2025-10-17T12:46:00Z</time><speed>1.260</speed><sat>19</sat></trkpt>
  <trkpt lat="33.73827632" lon="-84.42313878"><ele>284.000</ele><time>2025-10-17T12:46:01Z</time><speed>1.370</speed><sat>19</sat></trkpt>
  <trkpt lat="33.73827875" lon="-84.42314942"><ele>284.000</ele><time>2025-10-17T12:46:02Z</time><speed>0.970</speed><sat>19</sat></trkpt>
  <trkpt lat="33.73827996" lon="-84.42315915"><ele>284.000</ele><time>2025-10-17T12:46:03Z</time><speed>1.170</speed><sat>20</sat></trkpt>
  <trkpt lat="33.73828218" lon="-84.42317214"><ele>284.000</ele><time>2025-10-17T12:46:04Z</time><speed>1.340</speed><sat>19</sat></trkpt>
  <trkpt lat="33.73828290" lon="-84.42318446"><ele>284.000</ele><time>2025-10-17T12:46:05Z</time><speed>1.230</speed><sat>20</sat></trkpt>
  <trkpt lat="33.73828373" lon="-84.42319586"><ele>284.000</ele><time>2025-10-17T12:46:06Z</time><speed>1.160</speed><sat>19</sat></trkpt>
  <trkpt lat="33.73828587" lon="-84.42320676"><ele>284.000</ele><time>2025-10-17T12:46:07Z</time><speed>1.030</speed><sat>20</sat></trkpt>
  <trkpt lat="33.73828612" lon="-84.42322059"><ele>284.000</ele><time>2025-10-17T12:46:08Z</time><speed>1.390</speed><sat>19</sat></trkpt>
  <trkpt lat="33.73828688" lon="-84.42323274"><ele>284.000</ele><time>2025-10-17T12:46:09Z</time><speed>1.070</speed><sat>21</sat></trkpt>
  <trkpt lat="33.73828663" lon="-84.42324162"><ele>284.000</ele><time>2025-10-17T12:46:10Z</time><speed>0.980</speed><sat>20</sat></trkpt>
  <trkpt lat="33.73828952" lon="-84.42325378"><ele>284.000</ele><time>2025-10-17T12:46:11Z</time><speed>1.040</speed><sat>21</sat></trkpt>
  <trkpt lat="33.73829140" lon="-84.42326208"><ele>284.000</ele><time>2025-10-17T12:46:12Z</time><speed>0.630</speed><sat>21</sat></trkpt>
  <trkpt lat="33.73829434" lon="-84.42327406"><ele>284.000</ele><time>2025-10-17T12:46:13Z</time><speed>1.370</speed><sat>21</sat></trkpt>
  <trkpt lat="33.73829580" lon="-84.42328974"><ele>284.000</ele><time>2025-10-17T12:46:14Z</time><speed>1.420</speed><sat>21</sat></trkpt>
  <trkpt lat="33.73829756" lon="-84.42330466"><ele>284.000</ele><time>2025-10-17T12:46:15Z</time><speed>1.070</speed><sat>21</sat></trkpt>
  <trkpt lat="33.73829761" lon="-84.42331673"><ele>284.000</ele><time>2025-10-17T12:46:16Z</time><speed>1.020</speed><sat>21</sat></trkpt>
  <trkpt lat="33.73829811" lon="-84.42332888"><ele>284.000</ele><time>2025-10-17T12:46:17Z</time><speed>0.930</speed><sat>21</sat></trkpt>
  <trkpt lat="33.73829706" lon="-84.42334372"><ele>284.000</ele><time>2025-10-17T12:46:18Z</time><speed>1.780</speed><sat>21</sat></trkpt>
  <trkpt lat="33.73829652" lon="-84.42335880"><ele>285.000</ele><time>2025-10-17T12:46:19Z</time><speed>1.010</speed><sat>21</sat></trkpt>
  <trkpt lat="33.73829983" lon="-84.42336844"><ele>285.000</ele><time>2025-10-17T12:46:20Z</time><speed>1.350</speed><sat>21</sat></trkpt>
  <trkpt lat="33.73830381" lon="-84.42337934"><ele>285.000</ele><time>2025-10-17T12:46:21Z</time><speed>1.300</speed><sat>21</sat></trkpt>
  <trkpt lat="33.73830632" lon="-84.42339250"><ele>285.000</ele><time>2025-10-17T12:46:22Z</time><speed>1.240</speed><sat>21</sat></trkpt>
  <trkpt lat="33.73830620" lon="-84.42340365"><ele>285.000</ele><time>2025-10-17T12:46:23Z</time><speed>0.920</speed><sat>21</sat></trkpt>
  <trkpt lat="33.73830942" lon="-84.42341622"><ele>285.000</ele><time>2025-10-17T12:46:24Z</time><speed>1.150</speed><sat>21</sat></trkpt>
  <trkpt lat="33.73831286" lon="-84.42342636"><ele>285.000</ele><time>2025-10-17T12:46:25Z</time><speed>1.180</speed><sat>20</sat></trkpt>
  <trkpt lat="33.73831479" lon="-84.42343650"><ele>285.000</ele><time>2025-10-17T12:46:26Z</time><speed>0.670</speed><sat>21</sat></trkpt>
  <trkpt lat="33.73831559" lon="-84.42344774"><ele>285.000</ele><time>2025-10-17T12:46:27Z</time><speed>1.390</speed><sat>20</sat></trkpt>
  <trkpt lat="33.73831655" lon="-84.42345863"><ele>286.000</ele><time>2025-10-17T12:46:28Z</time><speed>1.110</speed><sat>21</sat></trkpt>
  <trkpt lat="33.73832015" lon="-84.42346500"><ele>286.000</ele><time>2025-10-17T12:46:29Z</time><speed>0.620</speed><sat>19</sat></trkpt>
  <trkpt lat="33.73831957" lon="-84.42346115"><ele>285.000</ele><time>2025-10-17T12:46:30Z</time><speed>0.570</speed><sat>21</sat></trkpt>
  <trkpt lat="33.73832095" lon="-84.42345754"><ele>284.000</ele><time>2025-10-17T12:46:31Z</time><speed>0.230</speed><sat>21</sat></trkpt>
  <trkpt lat="33.73832527" lon="-84.42346098"><ele>284.000</ele><time>2025-10-17T12:46:32Z</time><speed>0.160</speed><sat>19</sat></trkpt>
  <trkpt lat="33.73832598" lon="-84.42346173"><ele>284.000</ele><time>2025-10-17T12:46:33Z</time><speed>0.000</speed><sat>20</sat></trkpt>
  <trkpt lat="33.73831957" lon="-84.42345570"><ele>285.000</ele><time>2025-10-17T12:46:34Z</time><speed>1.490</speed><sat>20</sat></trkpt>
  <trkpt lat="33.73831345" lon="-84.42345251"><ele>285.000</ele><time>2025-10-17T12:46:35Z</time><speed>0.680</speed><sat>20</sat></trkpt>
  <trkpt lat="33.73831382" lon="-84.42345126"><ele>285.000</ele><time>2025-10-17T12:46:36Z</time><speed>0.700</speed><sat>21</sat></trkpt>
  <trkpt lat="33.73831709" lon="-84.42345084"><ele>286.000</ele><time>2025-10-17T12:46:37Z</time><speed>0.290</speed><sat>21</sat></trkpt>
  <trkpt lat="33.73831005" lon="-84.42345033"><ele>285.000</ele><time>2025-10-17T12:46:38Z</time><speed>0.160</speed><sat>21</sat></trkpt>
  <trkpt lat="33.73831202" lon="-84.42345260"><ele>285.000</ele><time>2025-10-17T12:46:39Z</time><speed>0.030</speed><sat>21</sat></trkpt>
  <trkpt lat="33.73830867" lon="-84.42345704"><ele>285.000</ele><time>2025-10-17T12:46:40Z</time><speed>0.120</speed><sat>21</sat></trkpt>
  <trkpt lat="33.73830867" lon="-84.42345788"><ele>286.000</ele><time>2025-10-17T12:46:41Z</time><speed>0.180</speed><sat>21</sat></trkpt>
  <trkpt lat="33.73830636" lon="-84.42345930"><ele>286.000</ele><time>2025-10-17T12:46:42Z</time><speed>0.390</speed><sat>21</sat></trkpt>
  <trkpt lat="33.73830595" lon="-84.42345796"><ele>286.000</ele><time>2025-10-17T12:46:43Z</time><speed>0.430</speed><sat>21</sat></trkpt>
  <trkpt lat="33.73830825" lon="-84.42345813"><ele>285.000</ele><time>2025-10-17T12:46:44Z</time><speed>0.250</speed><sat>21</sat></trkpt>
  <trkpt lat="33.73830905" lon="-84.42345821"><ele>285.000</ele><time>2025-10-17T12:46:45Z</time><speed>0.140</speed><sat>21</sat></trkpt>
  <trkpt lat="33.73831156" lon="-84.42345553"><ele>286.000</ele><time>2025-10-17T12:46:46Z</time><speed>0.160</speed><sat>21</sat></trkpt>
  <trkpt lat="33.73831370" lon="-84.42344891"><ele>285.000</ele><time>2025-10-17T12:46:47Z</time><speed>0.540</speed><sat>21</sat></trkpt>
  <trkpt lat="33.73831764" lon="-84.42344614"><ele>285.000</ele><time>2025-10-17T12:46:48Z</time><speed>0.190</speed><sat>21</sat></trkpt>
  <trkpt lat="33.73831412" lon="-84.42345612"><ele>286.000</ele><time>2025-10-17T12:46:49Z</time><speed>2.130</speed><sat>21</sat></trkpt>
  <trkpt lat="33.73830523" lon="-84.42347573"><ele>286.000</ele><time>2025-10-17T12:46:50Z</time><speed>2.810</speed><sat>21</sat></trkpt>
  <trkpt lat="33.73829815" lon="-84.42346894"><ele>286.000</ele><time>2025-10-17T12:46:51Z</time><speed>1.620</speed><sat>19</sat></trkpt>
  <trkpt lat="33.73830481" lon="-84.42345796"><ele>286.000</ele><time>2025-10-17T12:46:52Z</time><speed>0.640</speed><sat>21</sat></trkpt>
  <trkpt lat="33.73830716" lon="-84.42345520"><ele>286.000</ele><time>2025-10-17T12:46:53Z</time><speed>0.340</speed><sat>20</sat></trkpt>
  <trkpt lat="33.73831445" lon="-84.42345126"><ele>286.000</ele><time>2025-10-17T12:46:54Z</time><speed>0.070</speed><sat>21</sat></trkpt>
  <trkpt lat="33.73831508" lon="-84.42345084"><ele>286.000</ele><time>2025-10-17T12:46:55Z</time><speed>0.000</speed><sat>19</sat></trkpt>
  <trkpt lat="33.73831429" lon="-84.42345176"><ele>286.000</ele><time>2025-10-17T12:46:56Z</time><speed>0.000</speed><sat>20</sat></trkpt>
  <trkpt lat="33.73831437" lon="-84.42345151"><ele>286.000</ele><time>2025-10-17T12:46:57Z</time><speed>0.000</speed><sat>17</sat></trkpt>
  <trkpt lat="33.73831408" lon="-84.42345176"><ele>286.000</ele><time>2025-10-17T12:46:58Z</time><speed>0.130</speed><sat>19</sat></trkpt>
  <trkpt lat="33.73830934" lon="-84.42345821"><ele>287.000</ele><time>2025-10-17T12:46:59Z</time><speed>0.890</speed><sat>20</sat></trkpt>
  <trkpt lat="33.73831215" lon="-84.42346249"><ele>287.000</ele><time>2025-10-17T12:47:00Z</time><speed>0.580</speed><sat>21</sat></trkpt>
  <trkpt lat="33.73831521" lon="-84.42346576"><ele>287.000</ele><time>2025-10-17T12:47:01Z</time><speed>0.300</speed><sat>21</sat></trkpt>
  <trkpt lat="33.73831579" lon="-84.42346584"><ele>287.000</ele><time>2025-10-17T12:47:02Z</time><speed>0.020</speed><sat>21</sat></trkpt>
  <trkpt lat="33.73831642" lon="-84.42346316"><ele>288.000</ele><time>2025-10-17T12:47:03Z</time><speed>0.330</speed><sat>20</sat></trkpt>
  <trkpt lat="33.73832481" lon="-84.42346148"><ele>287.000</ele><time>2025-10-17T12:47:04Z</time><speed>0.800</speed><sat>21</sat></trkpt>
  <trkpt lat="33.73833729" lon="-84.42345746"><ele>287.000</ele><time>2025-10-17T12:47:05Z</time><speed>1.590</speed><sat>20</sat></trkpt>
  <trkpt lat="33.73835008" lon="-84.42345327"><ele>287.000</ele><time>2025-10-17T12:47:06Z</time><speed>1.470</speed><sat>20</sat></trkpt>
  <trkpt lat="33.73835976" lon="-84.42345360"><ele>287.000</ele><time>2025-10-17T12:47:07Z</time><speed>1.000</speed><sat>20</sat></trkpt>
  <trkpt lat="33.73837065" lon="-84.42345411"><ele>287.000</ele><time>2025-10-17T12:47:08Z</time><speed>1.260</speed><sat>19</sat></trkpt>
  <trkpt lat="33.73838310" lon="-84.42345528"><ele>287.000</ele><time>2025-10-17T12:47:09Z</time><speed>1.380</speed><sat>20</sat></trkpt>
  <trkpt lat="33.73839714" lon="-84.42345587"><ele>287.000</ele><time>2025-10-17T12:47:10Z</time><speed>1.390</speed><sat>21</sat></trkpt>
  <trkpt lat="33.73841005" lon="-84.42345662"><ele>287.000</ele><time>2025-10-17T12:47:11Z</time><speed>1.330</speed><sat>21</sat></trkpt>
  <trkpt lat="33.73842191" lon="-84.42345788"><ele>287.000</ele><time>2025-10-17T12:47:12Z</time><speed>1.340</speed><sat>20</sat></trkpt>
  <trkpt lat="33.73843465" lon="-84.42345754"><ele>287.000</ele><time>2025-10-17T12:47:13Z</time><speed>1.180</speed><sat>21</sat></trkpt>
  <trkpt lat="33.73844685" lon="-84.42345855"><ele>287.000</ele><time>2025-10-17T12:47:14Z</time><speed>1.310</speed><sat>21</sat></trkpt>
  <trkpt lat="33.73845854" lon="-84.42345696"><ele>287.000</ele><time>2025-10-17T12:47:15Z</time><speed>1.040</speed><sat>21</sat></trkpt>
  <trkpt lat="33.73846805" lon="-84.42345310"><ele>287.000</ele><time>2025-10-17T12:47:16Z</time><speed>1.040</speed><sat>20</sat></trkpt>
  <trkpt lat="33.73847903" lon="-84.42345159"><ele>288.000</ele><time>2025-10-17T12:47:17Z</time><speed>1.280</speed><sat>21</sat></trkpt>
  <trkpt lat="33.73848863" lon="-84.42344933"><ele>288.000</ele><time>2025-10-17T12:47:18Z</time><speed>0.980</speed><sat>21</sat></trkpt>
  <trkpt lat="33.73849739" lon="-84.42344924"><ele>288.000</ele><time>2025-10-17T12:47:19Z</time><speed>1.060</speed><sat>21</sat></trkpt>
  <trkpt lat="33.73850518" lon="-84.42344991"><ele>288.000</ele><time>2025-10-17T12:47:20Z</time><speed>1.040</speed><sat>21</sat></trkpt>
  <trkpt lat="33.73851566" lon="-84.42344891"><ele>288.000</ele><time>2025-10-17T12:47:21Z</time><speed>1.210</speed><sat>21</sat></trkpt>
  <trkpt lat="33.73852756" lon="-84.42344790"><ele>288.000</ele><time>2025-10-17T12:47:22Z</time><speed>1.190</speed><sat>21</sat></trkpt>
  <trkpt lat="33.73853812" lon="-84.42344564"><ele>288.000</ele><time>2025-10-17T12:47:23Z</time><speed>1.060</speed><sat>21</sat></trkpt>
  <trkpt lat="33.73854890" lon="-84.42344405"><ele>288.000</ele><time>2025-10-17T12:47:24Z</time><speed>1.170</speed><sat>21</sat></trkpt>
  <trkpt lat="33.73855724" lon="-84.42344422"><ele>288.000</ele><time>2025-10-17T12:47:25Z</time><speed>0.940</speed><sat>20</sat></trkpt>
  <trkpt lat="33.73856734" lon="-84.42344480"><ele>288.000</ele><time>2025-10-17T12:47:26Z</time><speed>0.860</speed><sat>21</sat></trkpt>
  <trkpt lat="33.73857572" lon="-84.42344254"><ele>288.000</ele><time>2025-10-17T12:47:27Z</time><speed>0.840</speed><sat>21</sat></trkpt>
  <trkpt lat="33.73858657" lon="-84.42344380"><ele>288.000</ele><time>2025-10-17T12:47:28Z</time><speed>0.940</speed><sat>21</sat></trkpt>
  <trkpt lat="33.73859621" lon="-84.42344572"><ele>288.000</ele><time>2025-10-17T12:47:29Z</time><speed>0.670</speed><sat>21</sat></trkpt>
  <trkpt lat="33.73860585" lon="-84.42344572"><ele>288.000</ele><time>2025-10-17T12:47:30Z</time><speed>0.920</speed><sat>21</sat></trkpt>
  <trkpt lat="33.73861499" lon="-84.42344296"><ele>288.000</ele><time>2025-10-17T12:47:31Z</time><speed>1.060</speed><sat>20</sat></trkpt>
  <trkpt lat="33.73862572" lon="-84.42344145"><ele>288.000</ele><time>2025-10-17T12:47:32Z</time><speed>1.000</speed><sat>19</sat></trkpt>
  <trkpt lat="33.73863691" lon="-84.42344095"><ele>288.000</ele><time>2025-10-17T12:47:33Z</time><speed>1.120</speed><sat>21</sat></trkpt>
  <trkpt lat="33.73864738" lon="-84.42344162"><ele>288.000</ele><time>2025-10-17T12:47:34Z</time><speed>1.120</speed><sat>21</sat></trkpt>
  <trkpt lat="33.73865727" lon="-84.42344187"><ele>287.000</ele><time>2025-10-17T12:47:35Z</time><speed>1.220</speed><sat>21</sat></trkpt>
  <trkpt lat="33.73867144" lon="-84.42343977"><ele>287.000</ele><time>2025-10-17T12:47:36Z</time><speed>1.520</speed><sat>21</sat></trkpt>
  <trkpt lat="33.73868560" lon="-84.42343500"><ele>287.000</ele><time>2025-10-17T12:47:37Z</time><speed>1.120</speed><sat>21</sat></trkpt>
  <trkpt lat="33.73869541" lon="-84.42343768"><ele>288.000</ele><time>2025-10-17T12:47:38Z</time><speed>1.220</speed><sat>20</sat></trkpt>
  <trkpt lat="33.73870555" lon="-84.42343885"><ele>288.000</ele><time>2025-10-17T12:47:39Z</time><speed>1.110</speed><sat>20</sat></trkpt>
  <trkpt lat="33.73871645" lon="-84.42344078"><ele>288.000</ele><time>2025-10-17T12:47:40Z</time><speed>1.120</speed><sat>21</sat></trkpt>
  <trkpt lat="33.73872726" lon="-84.42344019"><ele>288.000</ele><time>2025-10-17T12:47:41Z</time><speed>1.100</speed><sat>21</sat></trkpt>
  <trkpt lat="33.73873745" lon="-84.42344044"><ele>288.000</ele><time>2025-10-17T12:47:42Z</time><speed>1.040</speed><sat>21</sat></trkpt>
  <trkpt lat="33.73874926" lon="-84.42344002"><ele>287.000</ele><time>2025-10-17T12:47:43Z</time><speed>1.120</speed><sat>20</sat></trkpt>
  <trkpt lat="33.73876016" lon="-84.42343877"><ele>287.000</ele><time>2025-10-17T12:47:44Z</time><speed>1.010</speed><sat>21</sat></trkpt>
  <trkpt lat="33.73877018" lon="-84.42343944"><ele>287.000</ele><time>2025-10-17T12:47:45Z</time><speed>1.210</speed><sat>21</sat></trkpt>
  <trkpt lat="33.73878242" lon="-84.42343868"><ele>287.000</ele><time>2025-10-17T12:47:46Z</time><speed>1.220</speed><sat>21</sat></trkpt>
  <trkpt lat="33.73879361" lon="-84.42344036"><ele>287.000</ele><time>2025-10-17T12:47:47Z</time><speed>1.160</speed><sat>21</sat></trkpt>
  <trkpt lat="33.73880547" lon="-84.42344246"><ele>287.000</ele><time>2025-10-17T12:47:48Z</time><speed>1.170</speed><sat>21</sat></trkpt>
  <trkpt lat="33.73881720" lon="-84.42344162"><ele>287.000</ele><time>2025-10-17T12:47:49Z</time><speed>1.290</speed><sat>21</sat></trkpt>
  <trkpt lat="33.73882969" lon="-84.42344069"><ele>287.000</ele><time>2025-10-17T12:47:50Z</time><speed>1.250</speed><sat>21</sat></trkpt>
  <trkpt lat="33.73883832" lon="-84.42344405"><ele>286.000</ele><time>2025-10-17T12:47:51Z</time><speed>0.880</speed><sat>21</sat></trkpt>
  <trkpt lat="33.73884629" lon="-84.42344732"><ele>286.000</ele><time>2025-10-17T12:47:52Z</time><speed>1.030</speed><sat>21</sat></trkpt>
  <trkpt lat="33.73885492" lon="-84.42344732"><ele>285.000</ele><time>2025-10-17T12:47:53Z</time><speed>1.090</speed><sat>21</sat></trkpt>
  <trkpt lat="33.73886514" lon="-84.42344665"><ele>285.000</ele><time>2025-10-17T12:47:54Z</time><speed>1.190</speed><sat>21</sat></trkpt>
  <trkpt lat="33.73887474" lon="-84.42344774"><ele>286.000</ele><time>2025-10-17T12:47:55Z</time><speed>1.050</speed><sat>21</sat></trkpt>
  <trkpt lat="33.73888392" lon="-84.42344832"><ele>286.000</ele><time>2025-10-17T12:47:56Z</time><speed>1.040</speed><sat>21</sat></trkpt>
  <trkpt lat="33.73889570" lon="-84.42344824"><ele>286.000</ele><time>2025-10-17T12:47:57Z</time><speed>1.230</speed><sat>21</sat></trkpt>
  <trkpt lat="33.73890504" lon="-84.42345285"><ele>286.000</ele><time>2025-10-17T12:47:58Z</time><speed>1.280</speed><sat>21</sat></trkpt>
  <trkpt lat="33.73891481" lon="-84.42345578"><ele>286.000</ele><time>2025-10-17T12:47:59Z</time><speed>1.230</speed><sat>19</sat></trkpt>
  <trkpt lat="33.73892633" lon="-84.42345461"><ele>286.000</ele><time>2025-10-17T12:48:00Z</time><speed>1.190</speed><sat>20</sat></trkpt>
  <trkpt lat="33.73893765" lon="-84.42345360"><ele>286.000</ele><time>2025-10-17T12:48:01Z</time><speed>1.080</speed><sat>21</sat></trkpt>
  <trkpt lat="33.73894771" lon="-84.42345226"><ele>286.000</ele><time>2025-10-17T12:48:02Z</time><speed>1.050</speed><sat>21</sat></trkpt>
  <trkpt lat="33.73896040" lon="-84.42345025"><ele>287.000</ele><time>2025-10-17T12:48:03Z</time><speed>1.360</speed><sat>21</sat></trkpt>
  <trkpt lat="33.73897335" lon="-84.42344866"><ele>286.000</ele><time>2025-10-17T12:48:04Z</time><speed>1.230</speed><sat>21</sat></trkpt>
  <trkpt lat="33.73898463" lon="-84.42344723"><ele>286.000</ele><time>2025-10-17T12:48:05Z</time><speed>1.150</speed><sat>20</sat></trkpt>
  <trkpt lat="33.73899582" lon="-84.42344748"><ele>286.000</ele><time>2025-10-17T12:48:06Z</time><speed>1.190</speed><sat>20</sat></trkpt>
  <trkpt lat="33.73900558" lon="-84.42344983"><ele>286.000</ele><time>2025-10-17T12:48:07Z</time><speed>1.140</speed><sat>20</sat></trkpt>
  <trkpt lat="33.73901560" lon="-84.42345251"><ele>286.000</ele><time>2025-10-17T12:48:08Z</time><speed>1.030</speed><sat>21</sat></trkpt>
  <trkpt lat="33.73902545" lon="-84.42345318"><ele>286.000</ele><time>2025-10-17T12:48:09Z</time><speed>1.260</speed><sat>20</sat></trkpt>
  <trkpt lat="33.73903735" lon="-84.42345444"><ele>286.000</ele><time>2025-10-17T12:48:10Z</time><speed>1.290</speed><sat>20</sat></trkpt>
  <trkpt lat="33.73904917" lon="-84.42345369"><ele>286.000</ele><time>2025-10-17T12:48:11Z</time><speed>1.220</speed><sat>21</sat></trkpt>
  <trkpt lat="33.73905692" lon="-84.42345360"><ele>285.000</ele><time>2025-10-17T12:48:12Z</time><speed>1.320</speed><sat>21</sat></trkpt>
  <trkpt lat="33.73906748" lon="-84.42345151"><ele>285.000</ele><time>2025-10-17T12:48:13Z</time><speed>1.280</speed><sat>21</sat></trkpt>
  <trkpt lat="33.73907922" lon="-84.42345084"><ele>285.000</ele><time>2025-10-17T12:48:14Z</time><speed>1.050</speed><sat>20</sat></trkpt>
  <trkpt lat="33.73908555" lon="-84.42345017"><ele>285.000</ele><time>2025-10-17T12:48:15Z</time><speed>0.690</speed><sat>20</sat></trkpt>
  <trkpt lat="33.73908995" lon="-84.42344958"><ele>285.000</ele><time>2025-10-17T12:48:16Z</time><speed>0.600</speed><sat>21</sat></trkpt>
  <trkpt lat="33.73910038" lon="-84.42344648"><ele>285.000</ele><time>2025-10-17T12:48:17Z</time><speed>1.080</speed><sat>21</sat></trkpt>
  <trkpt lat="33.73911195" lon="-84.42344748"><ele>285.000</ele><time>2025-10-17T12:48:18Z</time><speed>1.080</speed><sat>20</sat></trkpt>
  <trkpt lat="33.73912427" lon="-84.42344774"><ele>285.000</ele><time>2025-10-17T12:48:19Z</time><speed>1.300</speed><sat>20</sat></trkpt>
  <trkpt lat="33.73913668" lon="-84.42344598"><ele>285.000</ele><time>2025-10-17T12:48:20Z</time><speed>1.190</speed><sat>20</sat></trkpt>
  <trkpt lat="33.73914820" lon="-84.42344489"><ele>284.000</ele><time>2025-10-17T12:48:21Z</time><speed>1.110</speed><sat>19</sat></trkpt>
  <trkpt lat="33.73915683" lon="-84.42344279"><ele>284.000</ele><time>2025-10-17T12:48:22Z</time><speed>1.080</speed><sat>19</sat></trkpt>
  <trkpt lat="33.73916819" lon="-84.42343759"><ele>285.000</ele><time>2025-10-17T12:48:23Z</time><speed>1.720</speed><sat>20</sat></trkpt>
  <trkpt lat="33.73918592" lon="-84.42343525"><ele>285.000</ele><time>2025-10-17T12:48:24Z</time><speed>1.790</speed><sat>20</sat></trkpt>
  <trkpt lat="33.73919740" lon="-84.42343684"><ele>285.000</ele><time>2025-10-17T12:48:25Z</time><speed>1.230</speed><sat>20</sat></trkpt>
  <trkpt lat="33.73920734" lon="-84.42344019"><ele>285.000</ele><time>2025-10-17T12:48:26Z</time><speed>1.210</speed><sat>21</sat></trkpt>
  <trkpt lat="33.73921811" lon="-84.42344036"><ele>285.000</ele><time>2025-10-17T12:48:27Z</time><speed>1.200</speed><sat>21</sat></trkpt>
  <trkpt lat="33.73923039" lon="-84.42344069"><ele>284.000</ele><time>2025-10-17T12:48:28Z</time><speed>1.150</speed><sat>21</sat></trkpt>
  <trkpt lat="33.73924028" lon="-84.42344237"><ele>284.000</ele><time>2025-10-17T12:48:29Z</time><speed>0.930</speed><sat>20</sat></trkpt>
  <trkpt lat="33.73924765" lon="-84.42344455"><ele>284.000</ele><time>2025-10-17T12:48:30Z</time><speed>0.850</speed><sat>21</sat></trkpt>
  <trkpt lat="33.73925746" lon="-84.42344111"><ele>284.000</ele><time>2025-10-17T12:48:31Z</time><speed>1.590</speed><sat>20</sat></trkpt>
  <trkpt lat="33.73927351" lon="-84.42343902"><ele>284.000</ele><time>2025-10-17T12:48:32Z</time><speed>2.100</speed><sat>20</sat></trkpt>
  <trkpt lat="33.73928449" lon="-84.42344019"><ele>284.000</ele><time>2025-10-17T12:48:33Z</time><speed>1.490</speed><sat>21</sat></trkpt>
  <trkpt lat="33.73929820" lon="-84.42344438"><ele>284.000</ele><time>2025-10-17T12:48:34Z</time><speed>1.640</speed><sat>21</sat></trkpt>
  <trkpt lat="33.73931274" lon="-84.42344983"><ele>283.000</ele><time>2025-10-17T12:48:35Z</time><speed>1.950</speed><sat>20</sat></trkpt>
  <trkpt lat="33.73932275" lon="-84.42345478"><ele>282.000</ele><time>2025-10-17T12:48:36Z</time><speed>1.430</speed><sat>21</sat></trkpt>
  <trkpt lat="33.73933101" lon="-84.42345838"><ele>282.000</ele><time>2025-10-17T12:48:37Z</time><speed>1.410</speed><sat>20</sat></trkpt>
  <trkpt lat="33.73934145" lon="-84.42345972"><ele>282.000</ele><time>2025-10-17T12:48:38Z</time><speed>1.360</speed><sat>20</sat></trkpt>
  <trkpt lat="33.73934928" lon="-84.42346467"><ele>282.000</ele><time>2025-10-17T12:48:39Z</time><speed>1.280</speed><sat>21</sat></trkpt>
  <trkpt lat="33.73935796" lon="-84.42346492"><ele>281.000</ele><time>2025-10-17T12:48:40Z</time><speed>1.080</speed><sat>21</sat></trkpt>
  <trkpt lat="33.73936709" lon="-84.42346651"><ele>281.000</ele><time>2025-10-17T12:48:41Z</time><speed>1.110</speed><sat>20</sat></trkpt>
  <trkpt lat="33.73938185" lon="-84.42345830"><ele>282.000</ele><time>2025-10-17T12:48:42Z</time><speed>1.300</speed><sat>21</sat></trkpt>
  <trkpt lat="33.73938960" lon="-84.42345805"><ele>282.000</ele><time>2025-10-17T12:48:43Z</time><speed>1.010</speed><sat>21</sat></trkpt>
  <trkpt lat="33.73939182" lon="-84.42345704"><ele>281.000</ele><time>2025-10-17T12:48:44Z</time><speed>0.510</speed><sat>20</sat></trkpt>
  <trkpt lat="33.73939769" lon="-84.42345587"><ele>281.000</ele><time>2025-10-17T12:48:45Z</time><speed>0.970</speed><sat>21</sat></trkpt>
  <trkpt lat="33.73940649" lon="-84.42345771"><ele>281.000</ele><time>2025-10-17T12:48:46Z</time><speed>1.170</speed><sat>20</sat></trkpt>
  <trkpt lat="33.73941646" lon="-84.42345913"><ele>281.000</ele><time>2025-10-17T12:48:47Z</time><speed>0.720</speed><sat>21</sat></trkpt>
  <trkpt lat="33.73942485" lon="-84.42345989"><ele>282.000</ele><time>2025-10-17T12:48:48Z</time><speed>0.890</speed><sat>21</sat></trkpt>
  <trkpt lat="33.73943189" lon="-84.42346157"><ele>282.000</ele><time>2025-10-17T12:48:49Z</time><speed>0.910</speed><sat>21</sat></trkpt>
  <trkpt lat="33.73943964" lon="-84.42346307"><ele>282.000</ele><time>2025-10-17T12:48:50Z</time><speed>0.890</speed><sat>21</sat></trkpt>
  <trkpt lat="33.73944760" lon="-84.42346073"><ele>281.000</ele><time>2025-10-17T12:48:51Z</time><speed>1.000</speed><sat>21</sat></trkpt>
  <trkpt lat="33.73945980" lon="-84.42346048"><ele>282.000</ele><time>2025-10-17T12:48:52Z</time><speed>1.050</speed><sat>20</sat></trkpt>
  <trkpt lat="33.73947233" lon="-84.42346106"><ele>282.000</ele><time>2025-10-17T12:48:53Z</time><speed>1.250</speed><sat>20</sat></trkpt>
  <trkpt lat="33.73948402" lon="-84.42346291"><ele>282.000</ele><time>2025-10-17T12:48:54Z</time><speed>0.870</speed><sat>21</sat></trkpt>
  <trkpt lat="33.73949391" lon="-84.42345872"><ele>283.000</ele><time>2025-10-17T12:48:55Z</time><speed>0.540</speed><sat>20</sat></trkpt>
  <trkpt lat="33.73950146" lon="-84.42345226"><ele>282.000</ele><time>2025-10-17T12:48:56Z</time><speed>0.690</speed><sat>21</sat></trkpt>
  <trkpt lat="33.73951411" lon="-84.42345151"><ele>282.000</ele><time>2025-10-17T12:48:57Z</time><speed>0.940</speed><sat>20</sat></trkpt>
  <trkpt lat="33.73952669" lon="-84.42345092"><ele>282.000</ele><time>2025-10-17T12:48:58Z</time><speed>1.100</speed><sat>19</sat></trkpt>
  <trkpt lat="33.73953968" lon="-84.42344547"><ele>282.000</ele><time>2025-10-17T12:48:59Z</time><speed>0.840</speed><sat>21</sat></trkpt>
  <trkpt lat="33.73955275" lon="-84.42344086"><ele>283.000</ele><time>2025-10-17T12:49:00Z</time><speed>1.270</speed><sat>21</sat></trkpt>
  <trkpt lat="33.73956650" lon="-84.42343801"><ele>283.000</ele><time>2025-10-17T12:49:01Z</time><speed>1.200</speed><sat>20</sat></trkpt>
  <trkpt lat="33.73957660" lon="-84.42343743"><ele>283.000</ele><time>2025-10-17T12:49:02Z</time><speed>0.820</speed><sat>21</sat></trkpt>
  <trkpt lat="33.73958637" lon="-84.42343994"><ele>283.000</ele><time>2025-10-17T12:49:03Z</time><speed>0.950</speed><sat>21</sat></trkpt>
  <trkpt lat="33.73959651" lon="-84.42344011"><ele>283.000</ele><time>2025-10-17T12:49:04Z</time><speed>1.010</speed><sat>20</sat></trkpt>
  <trkpt lat="33.73960728" lon="-84.42344220"><ele>283.000</ele><time>2025-10-17T12:49:05Z</time><speed>0.970</speed><sat>20</sat></trkpt>
  <trkpt lat="33.73961943" lon="-84.42343952"><ele>283.000</ele><time>2025-10-17T12:49:06Z</time><speed>1.250</speed><sat>18</sat></trkpt>
  <trkpt lat="33.73963180" lon="-84.42343424"><ele>283.000</ele><time>2025-10-17T12:49:07Z</time><speed>1.300</speed><sat>18</sat></trkpt>
  <trkpt lat="33.73964223" lon="-84.42343256"><ele>283.000</ele><time>2025-10-17T12:49:08Z</time><speed>1.100</speed><sat>21</sat></trkpt>
  <trkpt lat="33.73965158" lon="-84.42343173"><ele>283.000</ele><time>2025-10-17T12:49:09Z</time><speed>0.540</speed><sat>20</sat></trkpt>
  <trkpt lat="33.73965937" lon="-84.42343541"><ele>283.000</ele><time>2025-10-17T12:49:10Z</time><speed>1.200</speed><sat>19</sat></trkpt>
  <trkpt lat="33.73966729" lon="-84.42343768"><ele>283.000</ele><time>2025-10-17T12:49:11Z</time><speed>0.820</speed><sat>18</sat></trkpt>
  <trkpt lat="33.73967488" lon="-84.42343558"><ele>282.000</ele><time>2025-10-17T12:49:12Z</time><speed>0.630</speed><sat>18</sat></trkpt>
  <trkpt lat="33.73968334" lon="-84.42343072"><ele>281.000</ele><time>2025-10-17T12:49:13Z</time><speed>0.510</speed><sat>19</sat></trkpt>
  <trkpt lat="33.73969110" lon="-84.42343256"><ele>281.000</ele><time>2025-10-17T12:49:14Z</time><speed>0.420</speed><sat>19</sat></trkpt>
  <trkpt lat="33.73969952" lon="-84.42343256"><ele>281.000</ele><time>2025-10-17T12:49:15Z</time><speed>0.540</speed><sat>20</sat></trkpt>
  <trkpt lat="33.73971113" lon="-84.42343147"><ele>281.000</ele><time>2025-10-17T12:49:16Z</time><speed>0.930</speed><sat>19</sat></trkpt>
  <trkpt lat="33.73971821" lon="-84.42343575"><ele>281.000</ele><time>2025-10-17T12:49:17Z</time><speed>0.620</speed><sat>19</sat></trkpt>
  <trkpt lat="33.73972777" lon="-84.42343474"><ele>281.000</ele><time>2025-10-17T12:49:18Z</time><speed>0.670</speed><sat>19</sat></trkpt>
  <trkpt lat="33.73973711" lon="-84.42343483"><ele>281.000</ele><time>2025-10-17T12:49:19Z</time><speed>0.510</speed><sat>20</sat></trkpt>
  <trkpt lat="33.73974675" lon="-84.42343676"><ele>281.000</ele><time>2025-10-17T12:49:20Z</time><speed>1.180</speed><sat>20</sat></trkpt>
  <trkpt lat="33.73976021" lon="-84.42343868"><ele>280.000</ele><time>2025-10-17T12:49:21Z</time><speed>1.160</speed><sat>19</sat></trkpt>
  <trkpt lat="33.73977047" lon="-84.42343935"><ele>280.000</ele><time>2025-10-17T12:49:22Z</time><speed>1.080</speed><sat>18</sat></trkpt>
  <trkpt lat="33.73978334" lon="-84.42343734"><ele>280.000</ele><time>2025-10-17T12:49:23Z</time><speed>1.160</speed><sat>19</sat></trkpt>
  <trkpt lat="33.73979403" lon="-84.42343583"><ele>280.000</ele><time>2025-10-17T12:49:24Z</time><speed>1.060</speed><sat>18</sat></trkpt>
  <trkpt lat="33.73980526" lon="-84.42343592"><ele>280.000</ele><time>2025-10-17T12:49:25Z</time><speed>1.190</speed><sat>20</sat></trkpt>
  <trkpt lat="33.73981771" lon="-84.42343131"><ele>279.000</ele><time>2025-10-17T12:49:26Z</time><speed>1.280</speed><sat>20</sat></trkpt>
  <trkpt lat="33.73983066" lon="-84.42342896"><ele>279.000</ele><time>2025-10-17T12:49:27Z</time><speed>1.340</speed><sat>19</sat></trkpt>
  <trkpt lat="33.73984344" lon="-84.42342619"><ele>279.000</ele><time>2025-10-17T12:49:28Z</time><speed>1.270</speed><sat>19</sat></trkpt>
  <trkpt lat="33.73985413" lon="-84.42342469"><ele>280.000</ele><time>2025-10-17T12:49:29Z</time><speed>0.890</speed><sat>19</sat></trkpt>
  <trkpt lat="33.73986234" lon="-84.42342460"><ele>280.000</ele><time>2025-10-17T12:49:30Z</time><speed>1.140</speed><sat>19</sat></trkpt>
  <trkpt lat="33.73987378" lon="-84.42342293"><ele>280.000</ele><time>2025-10-17T12:49:31Z</time><speed>1.340</speed><sat>19</sat></trkpt>
  <trkpt lat="33.73988552" lon="-84.42342066"><ele>280.000</ele><time>2025-10-17T12:49:32Z</time><speed>1.560</speed><sat>19</sat></trkpt>
  <trkpt lat="33.73989654" lon="-84.42342158"><ele>280.000</ele><time>2025-10-17T12:49:33Z</time><speed>1.130</speed><sat>19</sat></trkpt>
  <trkpt lat="33.73990555" lon="-84.42342368"><ele>280.000</ele><time>2025-10-17T12:49:34Z</time><speed>0.870</speed><sat>19</sat></trkpt>
  <trkpt lat="33.73992114" lon="-84.42343131"><ele>279.000</ele><time>2025-10-17T12:49:35Z</time><speed>1.860</speed><sat>19</sat></trkpt>
  <trkpt lat="33.73993577" lon="-84.42343550"><ele>278.000</ele><time>2025-10-17T12:49:36Z</time><speed>1.600</speed><sat>19</sat></trkpt>
  <trkpt lat="33.73994465" lon="-84.42343114"><ele>278.000</ele><time>2025-10-17T12:49:37Z</time><speed>1.040</speed><sat>19</sat></trkpt>
  <trkpt lat="33.73995488" lon="-84.42342888"><ele>279.000</ele><time>2025-10-17T12:49:38Z</time><speed>1.500</speed><sat>19</sat></trkpt>
  <trkpt lat="33.73996489" lon="-84.42342745"><ele>279.000</ele><time>2025-10-17T12:49:39Z</time><speed>1.040</speed><sat>19</sat></trkpt>
  <trkpt lat="33.73997558" lon="-84.42342527"><ele>279.000</ele><time>2025-10-17T12:49:40Z</time><speed>1.020</speed><sat>19</sat></trkpt>
  <trkpt lat="33.73998492" lon="-84.42343030"><ele>279.000</ele><time>2025-10-17T12:49:41Z</time><speed>1.270</speed><sat>19</sat></trkpt>
  <trkpt lat="33.73999486" lon="-84.42343835"><ele>279.000</ele><time>2025-10-17T12:49:42Z</time><speed>1.270</speed><sat>18</sat></trkpt>
  <trkpt lat="33.74000487" lon="-84.42343927"><ele>279.000</ele><time>2025-10-17T12:49:43Z</time><speed>1.290</speed><sat>19</sat></trkpt>
  <trkpt lat="33.74001451" lon="-84.42343751"><ele>279.000</ele><time>2025-10-17T12:49:44Z</time><speed>0.990</speed><sat>18</sat></trkpt>
  <trkpt lat="33.74002466" lon="-84.42342988"><ele>279.000</ele><time>2025-10-17T12:49:45Z</time><speed>1.120</speed><sat>19</sat></trkpt>
  <trkpt lat="33.74003417" lon="-84.42342502"><ele>279.000</ele><time>2025-10-17T12:49:46Z</time><speed>1.020</speed><sat>19</sat></trkpt>
  <trkpt lat="33.74004641" lon="-84.42341957"><ele>280.000</ele><time>2025-10-17T12:49:47Z</time><speed>1.330</speed><sat>19</sat></trkpt>
  <trkpt lat="33.74005818" lon="-84.42341932"><ele>279.000</ele><time>2025-10-17T12:49:48Z</time><speed>1.610</speed><sat>19</sat></trkpt>
  <trkpt lat="33.74006996" lon="-84.42341840"><ele>279.000</ele><time>2025-10-17T12:49:49Z</time><speed>1.250</speed><sat>19</sat></trkpt>
  <trkpt lat="33.74008123" lon="-84.42341957"><ele>279.000</ele><time>2025-10-17T12:49:50Z</time><speed>1.190</speed><sat>21</sat></trkpt>
  <trkpt lat="33.74009049" lon="-84.42341982"><ele>279.000</ele><time>2025-10-17T12:49:51Z</time><speed>1.180</speed><sat>20</sat></trkpt>
  <trkpt lat="33.74010148" lon="-84.42341647"><ele>279.000</ele><time>2025-10-17T12:49:52Z</time><speed>1.380</speed><sat>21</sat></trkpt>
  <trkpt lat="33.74011204" lon="-84.42341438"><ele>279.000</ele><time>2025-10-17T12:49:53Z</time><speed>1.360</speed><sat>21</sat></trkpt>
  <trkpt lat="33.74012432" lon="-84.42341639"><ele>279.000</ele><time>2025-10-17T12:49:54Z</time><speed>1.270</speed><sat>21</sat></trkpt>
  <trkpt lat="33.74013190" lon="-84.42342334"><ele>279.000</ele><time>2025-10-17T12:49:55Z</time><speed>0.990</speed><sat>21</sat></trkpt>
  <trkpt lat="33.74014121" lon="-84.42342360"><ele>279.000</ele><time>2025-10-17T12:49:56Z</time><speed>1.350</speed><sat>20</sat></trkpt>
  <trkpt lat="33.74015382" lon="-84.42342427"><ele>279.000</ele><time>2025-10-17T12:49:57Z</time><speed>1.230</speed><sat>19</sat></trkpt>
  <trkpt lat="33.74016220" lon="-84.42342410"><ele>279.000</ele><time>2025-10-17T12:49:58Z</time><speed>0.660</speed><sat>21</sat></trkpt>
  <trkpt lat="33.74016870" lon="-84.42342209"><ele>279.000</ele><time>2025-10-17T12:49:59Z</time><speed>1.060</speed><sat>19</sat></trkpt>
  <trkpt lat="33.74017536" lon="-84.42342192"><ele>280.000</ele><time>2025-10-17T12:50:00Z</time><speed>0.860</speed><sat>20</sat></trkpt>
  <trkpt lat="33.74018236" lon="-84.42342234"><ele>281.000</ele><time>2025-10-17T12:50:01Z</time><speed>1.020</speed><sat>21</sat></trkpt>
  <trkpt lat="33.74019372" lon="-84.42342334"><ele>281.000</ele><time>2025-10-17T12:50:02Z</time><speed>0.960</speed><sat>22</sat></trkpt>
  <trkpt lat="33.74020294" lon="-84.42342242"><ele>282.000</ele><time>2025-10-17T12:50:03Z</time><speed>1.160</speed><sat>22</sat></trkpt>
  <trkpt lat="33.74021237" lon="-84.42342108"><ele>282.000</ele><time>2025-10-17T12:50:04Z</time><speed>1.150</speed><sat>21</sat></trkpt>
  <trkpt lat="33.74022201" lon="-84.42342200"><ele>282.000</ele><time>2025-10-17T12:50:05Z</time><speed>0.900</speed><sat>20</sat></trkpt>
  <trkpt lat="33.74023341" lon="-84.42342712"><ele>282.000</ele><time>2025-10-17T12:50:06Z</time><speed>1.100</speed><sat>20</sat></trkpt>
  <trkpt lat="33.74024535" lon="-84.42343131"><ele>282.000</ele><time>2025-10-17T12:50:07Z</time><speed>1.130</speed><sat>20</sat></trkpt>
  <trkpt lat="33.74025897" lon="-84.42343307"><ele>282.000</ele><time>2025-10-17T12:50:08Z</time><speed>1.400</speed><sat>20</sat></trkpt>
  <trkpt lat="33.74027217" lon="-84.42343064"><ele>282.000</ele><time>2025-10-17T12:50:09Z</time><speed>1.350</speed><sat>21</sat></trkpt>
  <trkpt lat="33.74028588" lon="-84.42342502"><ele>282.000</ele><time>2025-10-17T12:50:10Z</time><speed>1.020</speed><sat>19</sat></trkpt>
  <trkpt lat="33.74029761" lon="-84.42342284"><ele>282.000</ele><time>2025-10-17T12:50:11Z</time><speed>1.120</speed><sat>21</sat></trkpt>
  <trkpt lat="33.74030964" lon="-84.42341957"><ele>282.000</ele><time>2025-10-17T12:50:12Z</time><speed>1.190</speed><sat>21</sat></trkpt>
  <trkpt lat="33.74032209" lon="-84.42341563"><ele>282.000</ele><time>2025-10-17T12:50:13Z</time><speed>1.280</speed><sat>22</sat></trkpt>
  <trkpt lat="33.74033323" lon="-84.42340784"><ele>283.000</ele><time>2025-10-17T12:50:14Z</time><speed>1.230</speed><sat>21</sat></trkpt>
  <trkpt lat="33.74034413" lon="-84.42340105"><ele>283.000</ele><time>2025-10-17T12:50:15Z</time><speed>0.910</speed><sat>21</sat></trkpt>
  <trkpt lat="33.74035490" lon="-84.42339979"><ele>283.000</ele><time>2025-10-17T12:50:16Z</time><speed>1.320</speed><sat>22</sat></trkpt>
  <trkpt lat="33.74036597" lon="-84.42340004"><ele>283.000</ele><time>2025-10-17T12:50:17Z</time><speed>1.110</speed><sat>22</sat></trkpt>
  <trkpt lat="33.74037594" lon="-84.42339711"><ele>282.000</ele><time>2025-10-17T12:50:18Z</time><speed>1.330</speed><sat>22</sat></trkpt>
  <trkpt lat="33.74038680" lon="-84.42339292"><ele>283.000</ele><time>2025-10-17T12:50:19Z</time><speed>1.920</speed><sat>20</sat></trkpt>
  <trkpt lat="33.74039371" lon="-84.42338923"><ele>283.000</ele><time>2025-10-17T12:50:20Z</time><speed>0.680</speed><sat>20</sat></trkpt>
  <trkpt lat="33.74039803" lon="-84.42338563"><ele>283.000</ele><time>2025-10-17T12:50:21Z</time><speed>0.930</speed><sat>21</sat></trkpt>
  <trkpt lat="33.74040779" lon="-84.42339200"><ele>283.000</ele><time>2025-10-17T12:50:22Z</time><speed>0.430</speed><sat>21</sat></trkpt>
  <trkpt lat="33.74041697" lon="-84.42339334"><ele>283.000</ele><time>2025-10-17T12:50:23Z</time><speed>0.680</speed><sat>21</sat></trkpt>
  <trkpt lat="33.74042728" lon="-84.42339719"><ele>283.000</ele><time>2025-10-17T12:50:24Z</time><speed>0.400</speed><sat>20</sat></trkpt>
  <trkpt lat="33.74043646" lon="-84.42340323"><ele>282.000</ele><time>2025-10-17T12:50:25Z</time><speed>0.580</speed><sat>21</sat></trkpt>
  <trkpt lat="33.74044547" lon="-84.42340817"><ele>282.000</ele><time>2025-10-17T12:50:26Z</time><speed>0.580</speed><sat>21</sat></trkpt>
  <trkpt lat="33.74045653" lon="-84.42341278"><ele>282.000</ele><time>2025-10-17T12:50:27Z</time><speed>1.200</speed><sat>21</sat></trkpt>
  <trkpt lat="33.74047032" lon="-84.42341404"><ele>283.000</ele><time>2025-10-17T12:50:28Z</time><speed>1.040</speed><sat>22</sat></trkpt>
  <trkpt lat="33.74048600" lon="-84.42341044"><ele>283.000</ele><time>2025-10-17T12:50:29Z</time><speed>1.290</speed><sat>21</sat></trkpt>
  <trkpt lat="33.74049882" lon="-84.42340692"><ele>282.000</ele><time>2025-10-17T12:50:30Z</time><speed>1.100</speed><sat>21</sat></trkpt>
  <trkpt lat="33.74050138" lon="-84.42341144"><ele>282.000</ele><time>2025-10-17T12:50:31Z</time><speed>1.030</speed><sat>22</sat></trkpt>
  <trkpt lat="33.74050766" lon="-84.42341446"><ele>282.000</ele><time>2025-10-17T12:50:32Z</time><speed>0.880</speed><sat>21</sat></trkpt>
  <trkpt lat="33.74051814" lon="-84.42341488"><ele>282.000</ele><time>2025-10-17T12:50:33Z</time><speed>1.310</speed><sat>20</sat></trkpt>
  <trkpt lat="33.74052765" lon="-84.42341764"><ele>282.000</ele><time>2025-10-17T12:50:34Z</time><speed>1.140</speed><sat>21</sat></trkpt>
  <trkpt lat="33.74053633" lon="-84.42341924"><ele>282.000</ele><time>2025-10-17T12:50:35Z</time><speed>0.990</speed><sat>20</sat></trkpt>
  <trkpt lat="33.74054676" lon="-84.42342049"><ele>282.000</ele><time>2025-10-17T12:50:36Z</time><speed>1.240</speed><sat>21</sat></trkpt>
  <trkpt lat="33.74056022" lon="-84.42342049"><ele>282.000</ele><time>2025-10-17T12:50:37Z</time><speed>1.640</speed><sat>21</sat></trkpt>
  <trkpt lat="33.74057354" lon="-84.42341681"><ele>282.000</ele><time>2025-10-17T12:50:38Z</time><speed>1.230</speed><sat>21</sat></trkpt>
  <trkpt lat="33.74058566" lon="-84.42341396"><ele>282.000</ele><time>2025-10-17T12:50:39Z</time><speed>1.180</speed><sat>21</sat></trkpt>
  <trkpt lat="33.74059563" lon="-84.42341136"><ele>282.000</ele><time>2025-10-17T12:50:40Z</time><speed>0.840</speed><sat>20</sat></trkpt>
  <trkpt lat="33.74060468" lon="-84.42340977"><ele>282.000</ele><time>2025-10-17T12:50:41Z</time><speed>1.140</speed><sat>20</sat></trkpt>
  <trkpt lat="33.74061575" lon="-84.42341186"><ele>283.000</ele><time>2025-10-17T12:50:42Z</time><speed>0.970</speed><sat>21</sat></trkpt>
  <trkpt lat="33.74062933" lon="-84.42341362"><ele>283.000</ele><time>2025-10-17T12:50:43Z</time><speed>1.310</speed><sat>20</sat></trkpt>
  <trkpt lat="33.74063972" lon="-84.42341337"><ele>283.000</ele><time>2025-10-17T12:50:44Z</time><speed>0.960</speed><sat>22</sat></trkpt>
  <trkpt lat="33.74064714" lon="-84.42341362"><ele>283.000</ele><time>2025-10-17T12:50:45Z</time><speed>1.000</speed><sat>20</sat></trkpt>
  <trkpt lat="33.74065573" lon="-84.42341018"><ele>283.000</ele><time>2025-10-17T12:50:46Z</time><speed>1.200</speed><sat>22</sat></trkpt>
  <trkpt lat="33.74066717" lon="-84.42340692"><ele>283.000</ele><time>2025-10-17T12:50:47Z</time><speed>1.280</speed><sat>21</sat></trkpt>
  <trkpt lat="33.74067807" lon="-84.42340599"><ele>283.000</ele><time>2025-10-17T12:50:48Z</time><speed>1.080</speed><sat>21</sat></trkpt>
  <trkpt lat="33.74068611" lon="-84.42340658"><ele>283.000</ele><time>2025-10-17T12:50:49Z</time><speed>0.800</speed><sat>19</sat></trkpt>
  <trkpt lat="33.74069211" lon="-84.42340423"><ele>283.000</ele><time>2025-10-17T12:50:50Z</time><speed>0.710</speed><sat>22</sat></trkpt>
  <trkpt lat="33.74069449" lon="-84.42340759"><ele>284.000</ele><time>2025-10-17T12:50:51Z</time><speed>0.320</speed><sat>21</sat></trkpt>
  <trkpt lat="33.74069345" lon="-84.42341169"><ele>284.000</ele><time>2025-10-17T12:50:52Z</time><speed>0.620</speed><sat>22</sat></trkpt>
  <trkpt lat="33.74069177" lon="-84.42341479"><ele>284.000</ele><time>2025-10-17T12:50:53Z</time><speed>0.280</speed><sat>20</sat></trkpt>
  <trkpt lat="33.74068854" lon="-84.42340977"><ele>284.000</ele><time>2025-10-17T12:50:54Z</time><speed>0.530</speed><sat>19</sat></trkpt>
  <trkpt lat="33.74068695" lon="-84.42340549"><ele>284.000</ele><time>2025-10-17T12:50:55Z</time><speed>0.180</speed><sat>20</sat></trkpt>
  <trkpt lat="33.74068729" lon="-84.42340373"><ele>284.000</ele><time>2025-10-17T12:50:56Z</time><speed>0.120</speed><sat>20</sat></trkpt>
  <trkpt lat="33.74068737" lon="-84.42340340"><ele>284.000</ele><time>2025-10-17T12:50:57Z</time><speed>0.000</speed><sat>18</sat></trkpt>
  <trkpt lat="33.74068993" lon="-84.42340356"><ele>284.000</ele><time>2025-10-17T12:50:58Z</time><speed>0.290</speed><sat>19</sat></trkpt>
  <trkpt lat="33.74069412" lon="-84.42341035"><ele>284.000</ele><time>2025-10-17T12:50:59Z</time><speed>0.300</speed><sat>20</sat></trkpt>
  <trkpt lat="33.74069240" lon="-84.42341102"><ele>284.000</ele><time>2025-10-17T12:51:00Z</time><speed>0.210</speed><sat>19</sat></trkpt>
  <trkpt lat="33.74069248" lon="-84.42341220"><ele>283.000</ele><time>2025-10-17T12:51:01Z</time><speed>0.120</speed><sat>20</sat></trkpt>
  <trkpt lat="33.74069219" lon="-84.42341194"><ele>283.000</ele><time>2025-10-17T12:51:02Z</time><speed>0.000</speed><sat>21</sat></trkpt>
  <trkpt lat="33.74069177" lon="-84.42341136"><ele>283.000</ele><time>2025-10-17T12:51:03Z</time><speed>0.000</speed><sat>20</sat></trkpt>
  <trkpt lat="33.74069173" lon="-84.42341127"><ele>283.000</ele><time>2025-10-17T12:51:04Z</time><speed>0.000</speed><sat>19</sat></trkpt>
  <trkpt lat="33.74069173" lon="-84.42341127"><ele>283.000</ele><time>2025-10-17T12:51:05Z</time><speed>0.000</speed><sat>19</sat></trkpt>
  <trkpt lat="33.74069169" lon="-84.42341127"><ele>283.000</ele><time>2025-10-17T12:51:06Z</time><speed>0.000</speed><sat>17</sat></trkpt>
  <trkpt lat="33.74069169" lon="-84.42341127"><ele>283.000</ele><time>2025-10-17T12:51:07Z</time><speed>0.000</speed><sat>19</sat></trkpt>
  <trkpt lat="33.74069144" lon="-84.42341144"><ele>284.000</ele><time>2025-10-17T12:51:08Z</time><speed>0.200</speed><sat>21</sat></trkpt>
  <trkpt lat="33.74069294" lon="-84.42341479"><ele>284.000</ele><time>2025-10-17T12:51:09Z</time><speed>0.390</speed><sat>19</sat></trkpt>
  <trkpt lat="33.74069579" lon="-84.42341438"><ele>284.000</ele><time>2025-10-17T12:51:10Z</time><speed>0.710</speed><sat>20</sat></trkpt>
  <trkpt lat="33.74070032" lon="-84.42341303"><ele>284.000</ele><time>2025-10-17T12:51:11Z</time><speed>0.260</speed><sat>19</sat></trkpt>
  <trkpt lat="33.74070363" lon="-84.42341253"><ele>284.000</ele><time>2025-10-17T12:51:12Z</time><speed>0.230</speed><sat>20</sat></trkpt>
  <trkpt lat="33.74071071" lon="-84.42341287"><ele>284.000</ele><time>2025-10-17T12:51:13Z</time><speed>1.050</speed><sat>20</sat></trkpt>
  <trkpt lat="33.74071876" lon="-84.42341764"><ele>284.000</ele><time>2025-10-17T12:51:14Z</time><speed>1.240</speed><sat>21</sat></trkpt>
  <trkpt lat="33.74071750" lon="-84.42341739"><ele>284.000</ele><time>2025-10-17T12:51:15Z</time><speed>0.040</speed><sat>21</sat></trkpt>
  <trkpt lat="33.74071260" lon="-84.42341345"><ele>284.000</ele><time>2025-10-17T12:51:16Z</time><speed>0.260</speed><sat>20</sat></trkpt>
  <trkpt lat="33.74071117" lon="-84.42341136"><ele>284.000</ele><time>2025-10-17T12:51:17Z</time><speed>0.280</speed><sat>20</sat></trkpt>
  <trkpt lat="33.74071780" lon="-84.42341555"><ele>283.000</ele><time>2025-10-17T12:51:18Z</time><speed>0.300</speed><sat>20</sat></trkpt>
  <trkpt lat="33.74071453" lon="-84.42341320"><ele>283.000</ele><time>2025-10-17T12:51:19Z</time><speed>0.180</speed><sat>19</sat></trkpt>
  <trkpt lat="33.74071440" lon="-84.42341262"><ele>283.000</ele><time>2025-10-17T12:51:20Z</time><speed>0.000</speed><sat>19</sat></trkpt>
  <trkpt lat="33.74071059" lon="-84.42340599"><ele>283.000</ele><time>2025-10-17T12:51:21Z</time><speed>0.110</speed><sat>18</sat></trkpt>
  <trkpt lat="33.74070887" lon="-84.42340868"><ele>283.000</ele><time>2025-10-17T12:51:22Z</time><speed>0.190</speed><sat>18</sat></trkpt>
  <trkpt lat="33.74071306" lon="-84.42341178"><ele>283.000</ele><time>2025-10-17T12:51:23Z</time><speed>0.020</speed><sat>18</sat></trkpt>
  <trkpt lat="33.74071155" lon="-84.42340918"><ele>283.000</ele><time>2025-10-17T12:51:24Z</time><speed>0.230</speed><sat>18</sat></trkpt>
  <trkpt lat="33.74070870" lon="-84.42340742"><ele>283.000</ele><time>2025-10-17T12:51:25Z</time><speed>0.090</speed><sat>19</sat></trkpt>
  <trkpt lat="33.74070933" lon="-84.42340407"><ele>283.000</ele><time>2025-10-17T12:51:26Z</time><speed>0.580</speed><sat>20</sat></trkpt>
  <trkpt lat="33.74070669" lon="-84.42340164"><ele>283.000</ele><time>2025-10-17T12:51:27Z</time><speed>0.600</speed><sat>20</sat></trkpt>
  <trkpt lat="33.74070367" lon="-84.42340239"><ele>283.000</ele><time>2025-10-17T12:51:28Z</time><speed>0.080</speed><sat>20</sat></trkpt>
  <trkpt lat="33.74070116" lon="-84.42340641"><ele>283.000</ele><time>2025-10-17T12:51:29Z</time><speed>0.360</speed><sat>20</sat></trkpt>
  <trkpt lat="33.74069881" lon="-84.42340767"><ele>283.000</ele><time>2025-10-17T12:51:30Z</time><speed>0.070</speed><sat>21</sat></trkpt>
  <trkpt lat="33.74069667" lon="-84.42341630"><ele>283.000</ele><time>2025-10-17T12:51:31Z</time><speed>0.550</speed><sat>21</sat></trkpt>
  <trkpt lat="33.74069676" lon="-84.42341597"><ele>284.000</ele><time>2025-10-17T12:51:32Z</time><speed>0.000</speed><sat>21</sat></trkpt>
  <trkpt lat="33.74069278" lon="-84.42341027"><ele>284.000</ele><time>2025-10-17T12:51:33Z</time><speed>0.260</speed><sat>18</sat></trkpt>
  <trkpt lat="33.74068833" lon="-84.42340499"><ele>284.000</ele><time>2025-10-17T12:51:34Z</time><speed>0.490</speed><sat>20</sat></trkpt>
  <trkpt lat="33.74069169" lon="-84.42339619"><ele>284.000</ele><time>2025-10-17T12:51:35Z</time><speed>1.140</speed><sat>21</sat></trkpt>
  <trkpt lat="33.74069060" lon="-84.42338512"><ele>284.000</ele><time>2025-10-17T12:51:36Z</time><speed>1.340</speed><sat>20</sat></trkpt>
  <trkpt lat="33.74069047" lon="-84.42337012"><ele>283.000</ele><time>2025-10-17T12:51:37Z</time><speed>1.450</speed><sat>22</sat></trkpt>
  <trkpt lat="33.74068871" lon="-84.42335562"><ele>283.000</ele><time>2025-10-17T12:51:38Z</time><speed>1.280</speed><sat>22</sat></trkpt>
  <trkpt lat="33.74068867" lon="-84.42334447"><ele>283.000</ele><time>2025-10-17T12:51:39Z</time><speed>1.030</speed><sat>21</sat></trkpt>
  <trkpt lat="33.74068724" lon="-84.42333391"><ele>283.000</ele><time>2025-10-17T12:51:40Z</time><speed>1.170</speed><sat>21</sat></trkpt>
  <trkpt lat="33.74068833" lon="-84.42332352"><ele>283.000</ele><time>2025-10-17T12:51:41Z</time><speed>0.920</speed><sat>19</sat></trkpt>
  <trkpt lat="33.74068859" lon="-84.42331237"><ele>283.000</ele><time>2025-10-17T12:51:42Z</time><speed>1.130</speed><sat>21</sat></trkpt>
  <trkpt lat="33.74069303" lon="-84.42330080"><ele>283.000</ele><time>2025-10-17T12:51:43Z</time><speed>1.820</speed><sat>22</sat></trkpt>
  <trkpt lat="33.74069751" lon="-84.42328538"><ele>283.000</ele><time>2025-10-17T12:51:44Z</time><speed>1.490</speed><sat>19</sat></trkpt>
  <trkpt lat="33.74069931" lon="-84.42327482"><ele>282.000</ele><time>2025-10-17T12:51:45Z</time><speed>0.460</speed><sat>18</sat></trkpt>
  <trkpt lat="33.74070874" lon="-84.42325998"><ele>282.000</ele><time>2025-10-17T12:51:46Z</time><speed>1.340</speed><sat>18</sat></trkpt>
  <trkpt lat="33.74071050" lon="-84.42324758"><ele>282.000</ele><time>2025-10-17T12:51:47Z</time><speed>1.080</speed><sat>19</sat></trkpt>
  <trkpt lat="33.74070929" lon="-84.42323928"><ele>282.000</ele><time>2025-10-17T12:51:48Z</time><speed>0.760</speed><sat>20</sat></trkpt>
  <trkpt lat="33.74070761" lon="-84.42323073"><ele>282.000</ele><time>2025-10-17T12:51:49Z</time><speed>1.180</speed><sat>17</sat></trkpt>
  <trkpt lat="33.74070573" lon="-84.42321656"><ele>282.000</ele><time>2025-10-17T12:51:50Z</time><speed>1.130</speed><sat>19</sat></trkpt>
  <trkpt lat="33.74070594" lon="-84.42320466"><ele>282.000</ele><time>2025-10-17T12:51:51Z</time><speed>1.170</speed><sat>18</sat></trkpt>
  <trkpt lat="33.74070288" lon="-84.42318723"><ele>282.000</ele><time>2025-10-17T12:51:52Z</time><speed>2.200</speed><sat>19</sat></trkpt>
  <trkpt lat="33.74070107" lon="-84.42316870"><ele>282.000</ele><time>2025-10-17T12:51:53Z</time><speed>1.480</speed><sat>19</sat></trkpt>
  <trkpt lat="33.74070292" lon="-84.42315378"><ele>282.000</ele><time>2025-10-17T12:51:54Z</time><speed>1.290</speed><sat>20</sat></trkpt>
  <trkpt lat="33.74070791" lon="-84.42313685"><ele>282.000</ele><time>2025-10-17T12:51:55Z</time><speed>1.550</speed><sat>19</sat></trkpt>
  <trkpt lat="33.74070782" lon="-84.42312654"><ele>282.000</ele><time>2025-10-17T12:51:56Z</time><speed>0.970</speed><sat>20</sat></trkpt>
  <trkpt lat="33.74070912" lon="-84.42311648"><ele>283.000</ele><time>2025-10-17T12:51:57Z</time><speed>1.030</speed><sat>20</sat></trkpt>
  <trkpt lat="33.74070690" lon="-84.42310550"><ele>283.000</ele><time>2025-10-17T12:51:58Z</time><speed>1.110</speed><sat>22</sat></trkpt>
  <trkpt lat="33.74070698" lon="-84.42309377"><ele>283.000</ele><time>2025-10-17T12:51:59Z</time><speed>1.090</speed><sat>19</sat></trkpt>
  <trkpt lat="33.74070325" lon="-84.42308354"><ele>283.000</ele><time>2025-10-17T12:52:00Z</time><speed>1.120</speed><sat>19</sat></trkpt>
  <trkpt lat="33.74070237" lon="-84.42307147"><ele>283.000</ele><time>2025-10-17T12:52:01Z</time><speed>1.080</speed><sat>20</sat></trkpt>
  <trkpt lat="33.74070510" lon="-84.42306192"><ele>283.000</ele><time>2025-10-17T12:52:02Z</time><speed>1.070</speed><sat>20</sat></trkpt>
  <trkpt lat="33.74070598" lon="-84.42304758"><ele>282.000</ele><time>2025-10-17T12:52:03Z</time><speed>1.420</speed><sat>20</sat></trkpt>
  <trkpt lat="33.74071059" lon="-84.42303417"><ele>282.000</ele><time>2025-10-17T12:52:04Z</time><speed>1.240</speed><sat>20</sat></trkpt>
  <trkpt lat="33.74071591" lon="-84.42302227"><ele>283.000</ele><time>2025-10-17T12:52:05Z</time><speed>1.120</speed><sat>20</sat></trkpt>
  <trkpt lat="33.74071805" lon="-84.42300928"><ele>283.000</ele><time>2025-10-17T12:52:06Z</time><speed>1.040</speed><sat>20</sat></trkpt>
  <trkpt lat="33.74071897" lon="-84.42300039"><ele>283.000</ele><time>2025-10-17T12:52:07Z</time><speed>0.920</speed><sat>21</sat></trkpt>
  <trkpt lat="33.74071809" lon="-84.42299243"><ele>283.000</ele><time>2025-10-17T12:52:08Z</time><speed>0.960</speed><sat>20</sat></trkpt>
  <trkpt lat="33.74071675" lon="-84.42298179"><ele>283.000</ele><time>2025-10-17T12:52:09Z</time><speed>0.770</speed><sat>19</sat></trkpt>
  <trkpt lat="33.74071633" lon="-84.42297315"><ele>283.000</ele><time>2025-10-17T12:52:10Z</time><speed>1.030</speed><sat>19</sat></trkpt>
  <trkpt lat="33.74071499" lon="-84.42296376"><ele>283.000</ele><time>2025-10-17T12:52:11Z</time><speed>0.970</speed><sat>19</sat></trkpt>
  <trkpt lat="33.74071444" lon="-84.42295563"><ele>283.000</ele><time>2025-10-17T12:52:12Z</time><speed>0.740</speed><sat>19</sat></trkpt>
  <trkpt lat="33.74071587" lon="-84.42294541"><ele>283.000</ele><time>2025-10-17T12:52:13Z</time><speed>0.870</speed><sat>19</sat></trkpt>
  <trkpt lat="33.74071608" lon="-84.42293585"><ele>283.000</ele><time>2025-10-17T12:52:14Z</time><speed>0.800</speed><sat>19</sat></trkpt>
  <trkpt lat="33.74071780" lon="-84.42292781"><ele>283.000</ele><time>2025-10-17T12:52:15Z</time><speed>0.830</speed><sat>19</sat></trkpt>
  <trkpt lat="33.74071721" lon="-84.42292110"><ele>283.000</ele><time>2025-10-17T12:52:16Z</time><speed>0.760</speed><sat>19</sat></trkpt>
  <trkpt lat="33.74071767" lon="-84.42291523"><ele>283.000</ele><time>2025-10-17T12:52:17Z</time><speed>0.410</speed><sat>19</sat></trkpt>
  <trkpt lat="33.74071474" lon="-84.42292236"><ele>282.000</ele><time>2025-10-17T12:52:18Z</time><speed>0.350</speed><sat>20</sat></trkpt>
  <trkpt lat="33.74071461" lon="-84.42292186"><ele>282.000</ele><time>2025-10-17T12:52:19Z</time><speed>0.000</speed><sat>19</sat></trkpt>
  <trkpt lat="33.74071587" lon="-84.42292253"><ele>282.000</ele><time>2025-10-17T12:52:20Z</time><speed>0.150</speed><sat>17</sat></trkpt>
  <trkpt lat="33.74071868" lon="-84.42291766"><ele>282.000</ele><time>2025-10-17T12:52:21Z</time><speed>0.550</speed><sat>17</sat></trkpt>
  <trkpt lat="33.74072006" lon="-84.42290341"><ele>282.000</ele><time>2025-10-17T12:52:22Z</time><speed>1.150</speed><sat>18</sat></trkpt>
  <trkpt lat="33.74072287" lon="-84.42288850"><ele>282.000</ele><time>2025-10-17T12:52:23Z</time><speed>1.680</speed><sat>19</sat></trkpt>
  <trkpt lat="33.74072790" lon="-84.42287793"><ele>282.000</ele><time>2025-10-17T12:52:24Z</time><speed>0.870</speed><sat>18</sat></trkpt>
  <trkpt lat="33.74072949" lon="-84.42286871"><ele>282.000</ele><time>2025-10-17T12:52:25Z</time><speed>0.910</speed><sat>19</sat></trkpt>
  <trkpt lat="33.74073267" lon="-84.42285715"><ele>282.000</ele><time>2025-10-17T12:52:26Z</time><speed>0.890</speed><sat>19</sat></trkpt>
  <trkpt lat="33.74073653" lon="-84.42284768"><ele>283.000</ele><time>2025-10-17T12:52:27Z</time><speed>0.660</speed><sat>19</sat></trkpt>
  <trkpt lat="33.74073477" lon="-84.42283678"><ele>283.000</ele><time>2025-10-17T12:52:28Z</time><speed>0.970</speed><sat>20</sat></trkpt>
  <trkpt lat="33.74073259" lon="-84.42282672"><ele>283.000</ele><time>2025-10-17T12:52:29Z</time><speed>0.820</speed><sat>20</sat></trkpt>
  <trkpt lat="33.74073020" lon="-84.42282186"><ele>282.000</ele><time>2025-10-17T12:52:30Z</time><speed>0.380</speed><sat>20</sat></trkpt>
  <trkpt lat="33.74072924" lon="-84.42281364"><ele>280.000</ele><time>2025-10-17T12:52:31Z</time><speed>0.730</speed><sat>19</sat></trkpt>
  <trkpt lat="33.74072962" lon="-84.42280308"><ele>280.000</ele><time>2025-10-17T12:52:32Z</time><speed>0.990</speed><sat>19</sat></trkpt>
  <trkpt lat="33.74072853" lon="-84.42279026"><ele>280.000</ele><time>2025-10-17T12:52:33Z</time><speed>1.100</speed><sat>20</sat></trkpt>
  <trkpt lat="33.74072677" lon="-84.42278121"><ele>280.000</ele><time>2025-10-17T12:52:34Z</time><speed>0.560</speed><sat>18</sat></trkpt>
  <trkpt lat="33.74072446" lon="-84.42277375"><ele>280.000</ele><time>2025-10-17T12:52:35Z</time><speed>0.810</speed><sat>20</sat></trkpt>
  <trkpt lat="33.74072002" lon="-84.42276084"><ele>280.000</ele><time>2025-10-17T12:52:36Z</time><speed>1.220</speed><sat>20</sat></trkpt>
  <trkpt lat="33.74071327" lon="-84.42273963"><ele>281.000</ele><time>2025-10-17T12:52:37Z</time><speed>1.530</speed><sat>18</sat></trkpt>
  <trkpt lat="33.74071151" lon="-84.42271826"><ele>282.000</ele><time>2025-10-17T12:52:38Z</time><speed>2.910</speed><sat>19</sat></trkpt>
  <trkpt lat="33.74071201" lon="-84.42270024"><ele>282.000</ele><time>2025-10-17T12:52:39Z</time><speed>1.600</speed><sat>18</sat></trkpt>
  <trkpt lat="33.74071004" lon="-84.42268792"><ele>281.000</ele><time>2025-10-17T12:52:40Z</time><speed>1.260</speed><sat>18</sat></trkpt>
  <trkpt lat="33.74070430" lon="-84.42267945"><ele>281.000</ele><time>2025-10-17T12:52:41Z</time><speed>1.280</speed><sat>17</sat></trkpt>
  <trkpt lat="33.74070430" lon="-84.42266453"><ele>281.000</ele><time>2025-10-17T12:52:42Z</time><speed>1.600</speed><sat>17</sat></trkpt>
  <trkpt lat="33.74070426" lon="-84.42265263"><ele>282.000</ele><time>2025-10-17T12:52:43Z</time><speed>1.650</speed><sat>15</sat></trkpt>
  <trkpt lat="33.74070330" lon="-84.42262958"><ele>282.000</ele><time>2025-10-17T12:52:44Z</time><speed>2.490</speed><sat>16</sat></trkpt>
  <trkpt lat="33.74071587" lon="-84.42260686"><ele>282.000</ele><time>2025-10-17T12:52:45Z</time><speed>3.470</speed><sat>16</sat></trkpt>
  <trkpt lat="33.74072006" lon="-84.42259035"><ele>282.000</ele><time>2025-10-17T12:52:46Z</time><speed>1.940</speed><sat>18</sat></trkpt>
  <trkpt lat="33.74072475" lon="-84.42257786"><ele>282.000</ele><time>2025-10-17T12:52:47Z</time><speed>1.650</speed><sat>18</sat></trkpt>
  <trkpt lat="33.74073133" lon="-84.42256546"><ele>282.000</ele><time>2025-10-17T12:52:48Z</time><speed>1.570</speed><sat>17</sat></trkpt>
  <trkpt lat="33.74073632" lon="-84.42255490"><ele>282.000</ele><time>2025-10-17T12:52:49Z</time><speed>1.500</speed><sat>17</sat></trkpt>
  <trkpt lat="33.74073360" lon="-84.42254400"><ele>282.000</ele><time>2025-10-17T12:52:50Z</time><speed>1.290</speed><sat>18</sat></trkpt>
  <trkpt lat="33.74072882" lon="-84.42253855"><ele>282.000</ele><time>2025-10-17T12:52:51Z</time><speed>0.910</speed><sat>17</sat></trkpt>
  <trkpt lat="33.74072521" lon="-84.42253419"><ele>282.000</ele><time>2025-10-17T12:52:52Z</time><speed>0.780</speed><sat>18</sat></trkpt>
  <trkpt lat="33.74072572" lon="-84.42252472"><ele>282.000</ele><time>2025-10-17T12:52:53Z</time><speed>0.910</speed><sat>19</sat></trkpt>
  <trkpt lat="33.74072446" lon="-84.42251667"><ele>282.000</ele><time>2025-10-17T12:52:54Z</time><speed>0.690</speed><sat>19</sat></trkpt>
  <trkpt lat="33.74072211" lon="-84.42251039"><ele>283.000</ele><time>2025-10-17T12:52:55Z</time><speed>0.910</speed><sat>19</sat></trkpt>
  <trkpt lat="33.74071985" lon="-84.42250301"><ele>283.000</ele><time>2025-10-17T12:52:56Z</time><speed>0.780</speed><sat>19</sat></trkpt>
  <trkpt lat="33.74071880" lon="-84.42249731"><ele>283.000</ele><time>2025-10-17T12:52:57Z</time><speed>0.540</speed><sat>19</sat></trkpt>
  <trkpt lat="33.74072354" lon="-84.42248826"><ele>283.000</ele><time>2025-10-17T12:52:58Z</time><speed>1.060</speed><sat>20</sat></trkpt>
  <trkpt lat="33.74072350" lon="-84.42247828"><ele>283.000</ele><time>2025-10-17T12:52:59Z</time><speed>0.980</speed><sat>20</sat></trkpt>
  <trkpt lat="33.74071914" lon="-84.42247091"><ele>283.000</ele><time>2025-10-17T12:53:00Z</time><speed>0.730</speed><sat>20</sat></trkpt>
  <trkpt lat="33.74071197" lon="-84.42246336"><ele>284.000</ele><time>2025-10-17T12:53:01Z</time><speed>0.820</speed><sat>20</sat></trkpt>
  <trkpt lat="33.74070841" lon="-84.42245331"><ele>283.000</ele><time>2025-10-17T12:53:02Z</time><speed>1.030</speed><sat>20</sat></trkpt>
  <trkpt lat="33.74070342" lon="-84.42244048"><ele>283.000</ele><time>2025-10-17T12:53:03Z</time><speed>1.130</speed><sat>20</sat></trkpt>
  <trkpt lat="33.74069714" lon="-84.42243118"><ele>284.000</ele><time>2025-10-17T12:53:04Z</time><speed>0.720</speed><sat>19</sat></trkpt>
  <trkpt lat="33.74069361" lon="-84.42241961"><ele>283.000</ele><time>2025-10-17T12:53:05Z</time><speed>1.090</speed><sat>19</sat></trkpt>
  <trkpt lat="33.74068833" lon="-84.42240913"><ele>284.000</ele><time>2025-10-17T12:53:06Z</time><speed>1.000</speed><sat>20</sat></trkpt>
  <trkpt lat="33.74068787" lon="-84.42239681"><ele>284.000</ele><time>2025-10-17T12:53:07Z</time><speed>1.100</speed><sat>19</sat></trkpt>
  <trkpt lat="33.74068825" lon="-84.42238307"><ele>284.000</ele><time>2025-10-17T12:53:08Z</time><speed>0.920</speed><sat>19</sat></trkpt>
  <trkpt lat="33.74068888" lon="-84.42236991"><ele>283.000</ele><time>2025-10-17T12:53:09Z</time><speed>1.150</speed><sat>19</sat></trkpt>
  <trkpt lat="33.74068775" lon="-84.42235390"><ele>283.000</ele><time>2025-10-17T12:53:10Z</time><speed>1.630</speed><sat>19</sat></trkpt>
  <trkpt lat="33.74068641" lon="-84.42234233"><ele>283.000</ele><time>2025-10-17T12:53:11Z</time><speed>1.230</speed><sat>18</sat></trkpt>
  <trkpt lat="33.74068574" lon="-84.42233185"><ele>283.000</ele><time>2025-10-17T12:53:12Z</time><speed>0.910</speed><sat>18</sat></trkpt>
  <trkpt lat="33.74068649" lon="-84.42232523"><ele>283.000</ele><time>2025-10-17T12:53:13Z</time><speed>0.350</speed><sat>18</sat></trkpt>
  <trkpt lat="33.74069072" lon="-84.42231853"><ele>283.000</ele><time>2025-10-17T12:53:14Z</time><speed>0.600</speed><sat>16</sat></trkpt>
  <trkpt lat="33.74069458" lon="-84.42230696"><ele>283.000</ele><time>2025-10-17T12:53:15Z</time><speed>0.860</speed><sat>17</sat></trkpt>
  <trkpt lat="33.74069206" lon="-84.42230092"><ele>283.000</ele><time>2025-10-17T12:53:16Z</time><speed>0.680</speed><sat>19</sat></trkpt>
  <trkpt lat="33.74069223" lon="-84.42230394"><ele>283.000</ele><time>2025-10-17T12:53:17Z</time><speed>0.000</speed><sat>19</sat></trkpt>
  <trkpt lat="33.74069596" lon="-84.42229967"><ele>282.000</ele><time>2025-10-17T12:53:18Z</time><speed>0.600</speed><sat>18</sat></trkpt>
  <trkpt lat="33.74069693" lon="-84.42228667"><ele>283.000</ele><time>2025-10-17T12:53:19Z</time><speed>1.060</speed><sat>19</sat></trkpt>
  <trkpt lat="33.74069496" lon="-84.42227494"><ele>283.000</ele><time>2025-10-17T12:53:20Z</time><speed>0.910</speed><sat>17</sat></trkpt>
  <trkpt lat="33.74069416" lon="-84.42226421"><ele>283.000</ele><time>2025-10-17T12:53:21Z</time><speed>0.770</speed><sat>18</sat></trkpt>
  <trkpt lat="33.74069114" lon="-84.42225407"><ele>283.000</ele><time>2025-10-17T12:53:22Z</time><speed>1.080</speed><sat>17</sat></trkpt>
  <trkpt lat="33.74069076" lon="-84.42223982"><ele>283.000</ele><time>2025-10-17T12:53:23Z</time><speed>1.220</speed><sat>18</sat></trkpt>
  <trkpt lat="33.74068850" lon="-84.42222498"><ele>283.000</ele><time>2025-10-17T12:53:24Z</time><speed>1.010</speed><sat>18</sat></trkpt>
  <trkpt lat="33.74068783" lon="-84.42221199"><ele>283.000</ele><time>2025-10-17T12:53:25Z</time><speed>1.370</speed><sat>18</sat></trkpt>
  <trkpt lat="33.74068636" lon="-84.42220001"><ele>283.000</ele><time>2025-10-17T12:53:26Z</time><speed>1.090</speed><sat>18</sat></trkpt>
  <trkpt lat="33.74068636" lon="-84.42218676"><ele>283.000</ele><time>2025-10-17T12:53:27Z</time><speed>0.950</speed><sat>19</sat></trkpt>
  <trkpt lat="33.74068599" lon="-84.42217486"><ele>283.000</ele><time>2025-10-17T12:53:28Z</time><speed>1.040</speed><sat>18</sat></trkpt>
  <trkpt lat="33.74068615" lon="-84.42216061"><ele>283.000</ele><time>2025-10-17T12:53:29Z</time><speed>0.870</speed><sat>20</sat></trkpt>
  <trkpt lat="33.74068293" lon="-84.42214988"><ele>283.000</ele><time>2025-10-17T12:53:30Z</time><speed>0.830</speed><sat>18</sat></trkpt>
  <trkpt lat="33.74067886" lon="-84.42214343"><ele>283.000</ele><time>2025-10-17T12:53:31Z</time><speed>0.500</speed><sat>19</sat></trkpt>
  <trkpt lat="33.74067844" lon="-84.42213060"><ele>283.000</ele><time>2025-10-17T12:53:32Z</time><speed>0.990</speed><sat>18</sat></trkpt>
  <trkpt lat="33.74067513" lon="-84.42211996"><ele>283.000</ele><time>2025-10-17T12:53:33Z</time><speed>0.960</speed><sat>19</sat></trkpt>
  <trkpt lat="33.74067157" lon="-84.42211040"><ele>283.000</ele><time>2025-10-17T12:53:34Z</time><speed>0.760</speed><sat>19</sat></trkpt>
  <trkpt lat="33.74067019" lon="-84.42210160"><ele>283.000</ele><time>2025-10-17T12:53:35Z</time><speed>0.600</speed><sat>20</sat></trkpt>
  <trkpt lat="33.74066981" lon="-84.42208895"><ele>283.000</ele><time>2025-10-17T12:53:36Z</time><speed>1.100</speed><sat>20</sat></trkpt>
  <trkpt lat="33.74067115" lon="-84.42207579"><ele>284.000</ele><time>2025-10-17T12:53:37Z</time><speed>1.140</speed><sat>18</sat></trkpt>
  <trkpt lat="33.74067417" lon="-84.42206246"><ele>284.000</ele><time>2025-10-17T12:53:38Z</time><speed>0.860</speed><sat>20</sat></trkpt>
  <trkpt lat="33.74067534" lon="-84.42205148"><ele>283.000</ele><time>2025-10-17T12:53:39Z</time><speed>1.000</speed><sat>19</sat></trkpt>
  <trkpt lat="33.74067656" lon="-84.42204134"><ele>284.000</ele><time>2025-10-17T12:53:40Z</time><speed>0.640</speed><sat>19</sat></trkpt>
  <trkpt lat="33.74067748" lon="-84.42202751"><ele>284.000</ele><time>2025-10-17T12:53:41Z</time><speed>1.130</speed><sat>19</sat></trkpt>
  <trkpt lat="33.74067802" lon="-84.42201317"><ele>284.000</ele><time>2025-10-17T12:53:42Z</time><speed>1.060</speed><sat>19</sat></trkpt>
  <trkpt lat="33.74068016" lon="-84.42199867"><ele>284.000</ele><time>2025-10-17T12:53:43Z</time><speed>1.350</speed><sat>21</sat></trkpt>
  <trkpt lat="33.74068041" lon="-84.42198593"><ele>284.000</ele><time>2025-10-17T12:53:44Z</time><speed>0.960</speed><sat>20</sat></trkpt>
  <trkpt lat="33.74067811" lon="-84.42197269"><ele>284.000</ele><time>2025-10-17T12:53:45Z</time><speed>1.080</speed><sat>19</sat></trkpt>
  <trkpt lat="33.74067484" lon="-84.42195810"><ele>284.000</ele><time>2025-10-17T12:53:46Z</time><speed>1.380</speed><sat>19</sat></trkpt>
  <trkpt lat="33.74067564" lon="-84.42194293"><ele>284.000</ele><time>2025-10-17T12:53:47Z</time><speed>1.230</speed><sat>19</sat></trkpt>
  <trkpt lat="33.74067212" lon="-84.42192935"><ele>284.000</ele><time>2025-10-17T12:53:48Z</time><speed>1.500</speed><sat>19</sat></trkpt>
  <trkpt lat="33.74066574" lon="-84.42192005"><ele>284.000</ele><time>2025-10-17T12:53:49Z</time><speed>1.040</speed><sat>16</sat></trkpt>
  <trkpt lat="33.74064756" lon="-84.42191695"><ele>284.000</ele><time>2025-10-17T12:53:50Z</time><speed>2.290</speed><sat>18</sat></trkpt>
  <trkpt lat="33.74064839" lon="-84.42190086"><ele>284.000</ele><time>2025-10-17T12:53:51Z</time><speed>1.700</speed><sat>18</sat></trkpt>
  <trkpt lat="33.74065787" lon="-84.42187672"><ele>284.000</ele><time>2025-10-17T12:53:52Z</time><speed>2.890</speed><sat>18</sat></trkpt>
  <trkpt lat="33.74066709" lon="-84.42185643"><ele>284.000</ele><time>2025-10-17T12:53:53Z</time><speed>1.250</speed><sat>17</sat></trkpt>
  <trkpt lat="33.74066956" lon="-84.42185073"><ele>284.000</ele><time>2025-10-17T12:53:54Z</time><speed>0.820</speed><sat>16</sat></trkpt>
  <trkpt lat="33.74067174" lon="-84.42184512"><ele>284.000</ele><time>2025-10-17T12:53:55Z</time><speed>1.020</speed><sat>18</sat></trkpt>
  <trkpt lat="33.74066855" lon="-84.42183665"><ele>284.000</ele><time>2025-10-17T12:53:56Z</time><speed>0.830</speed><sat>18</sat></trkpt>
  <trkpt lat="33.74066105" lon="-84.42183238"><ele>284.000</ele><time>2025-10-17T12:53:57Z</time><speed>0.890</speed><sat>18</sat></trkpt>
  <trkpt lat="33.74065791" lon="-84.42182341"><ele>284.000</ele><time>2025-10-17T12:53:58Z</time><speed>0.510</speed><sat>17</sat></trkpt>
  <trkpt lat="33.74066386" lon="-84.42181192"><ele>284.000</ele><time>2025-10-17T12:53:59Z</time><speed>1.320</speed><sat>18</sat></trkpt>
  <trkpt lat="33.74066302" lon="-84.42180497"><ele>284.000</ele><time>2025-10-17T12:54:00Z</time><speed>0.580</speed><sat>17</sat></trkpt>
  <trkpt lat="33.74066210" lon="-84.42179633"><ele>284.000</ele><time>2025-10-17T12:54:01Z</time><speed>0.950</speed><sat>18</sat></trkpt>
  <trkpt lat="33.74066273" lon="-84.42178711"><ele>284.000</ele><time>2025-10-17T12:54:02Z</time><speed>0.930</speed><sat>18</sat></trkpt>
  <trkpt lat="33.74066202" lon="-84.42177420"><ele>284.000</ele><time>2025-10-17T12:54:03Z</time><speed>1.100</speed><sat>18</sat></trkpt>
  <trkpt lat="33.74066269" lon="-84.42176138"><ele>284.000</ele><time>2025-10-17T12:54:04Z</time><speed>1.090</speed><sat>18</sat></trkpt>
  <trkpt lat="33.74066759" lon="-84.42174420"><ele>284.000</ele><time>2025-10-17T12:54:05Z</time><speed>1.960</speed><sat>18</sat></trkpt>
  <trkpt lat="33.74067090" lon="-84.42173054"><ele>284.000</ele><time>2025-10-17T12:54:06Z</time><speed>1.480</speed><sat>18</sat></trkpt>
  <trkpt lat="33.74067551" lon="-84.42171771"><ele>284.000</ele><time>2025-10-17T12:54:07Z</time><speed>0.930</speed><sat>18</sat></trkpt>
  <trkpt lat="33.74067555" lon="-84.42170640"><ele>284.000</ele><time>2025-10-17T12:54:08Z</time><speed>1.090</speed><sat>18</sat></trkpt>
  <trkpt lat="33.74067777" lon="-84.42169257"><ele>284.000</ele><time>2025-10-17T12:54:09Z</time><speed>1.070</speed><sat>18</sat></trkpt>
  <trkpt lat="33.74067840" lon="-84.42168418"><ele>284.000</ele><time>2025-10-17T12:54:10Z</time><speed>0.980</speed><sat>18</sat></trkpt>
  <trkpt lat="33.74068284" lon="-84.42167060"><ele>284.000</ele><time>2025-10-17T12:54:11Z</time><speed>1.540</speed><sat>18</sat></trkpt>
  <trkpt lat="33.74068687" lon="-84.42165552"><ele>284.000</ele><time>2025-10-17T12:54:12Z</time><speed>1.690</speed><sat>18</sat></trkpt>
  <trkpt lat="33.74068657" lon="-84.42164328"><ele>284.000</ele><time>2025-10-17T12:54:13Z</time><speed>1.110</speed><sat>18</sat></trkpt>
  <trkpt lat="33.74068393" lon="-84.42162652"><ele>284.000</ele><time>2025-10-17T12:54:14Z</time><speed>1.210</speed><sat>18</sat></trkpt>
  <trkpt lat="33.74068242" lon="-84.42161520"><ele>284.000</ele><time>2025-10-17T12:54:15Z</time><speed>0.820</speed><sat>17</sat></trkpt>
  <trkpt lat="33.74068117" lon="-84.42160556"><ele>284.000</ele><time>2025-10-17T12:54:16Z</time><speed>1.080</speed><sat>17</sat></trkpt>
  <trkpt lat="33.74067945" lon="-84.42159391"><ele>284.000</ele><time>2025-10-17T12:54:17Z</time><speed>1.130</speed><sat>17</sat></trkpt>
  <trkpt lat="33.74067656" lon="-84.42158117"><ele>285.000</ele><time>2025-10-17T12:54:18Z</time><speed>1.120</speed><sat>17</sat></trkpt>
  <trkpt lat="33.74067568" lon="-84.42157002"><ele>285.000</ele><time>2025-10-17T12:54:19Z</time><speed>1.140</speed><sat>17</sat></trkpt>
  <trkpt lat="33.74067689" lon="-84.42155711"><ele>285.000</ele><time>2025-10-17T12:54:20Z</time><speed>1.410</speed><sat>17</sat></trkpt>
  <trkpt lat="33.74067748" lon="-84.42154488"><ele>285.000</ele><time>2025-10-17T12:54:21Z</time><speed>1.130</speed><sat>17</sat></trkpt>
  <trkpt lat="33.74067723" lon="-84.42153423"><ele>285.000</ele><time>2025-10-17T12:54:22Z</time><speed>1.020</speed><sat>17</sat></trkpt>
  <trkpt lat="33.74067723" lon="-84.42152442"><ele>285.000</ele><time>2025-10-17T12:54:23Z</time><speed>0.770</speed><sat>17</sat></trkpt>
  <trkpt lat="33.74067530" lon="-84.42151470"><ele>285.000</ele><time>2025-10-17T12:54:24Z</time><speed>0.940</speed><sat>17</sat></trkpt>
  <trkpt lat="33.74067279" lon="-84.42150431"><ele>285.000</ele><time>2025-10-17T12:54:25Z</time><speed>0.870</speed><sat>18</sat></trkpt>
  <trkpt lat="33.74067270" lon="-84.42149819"><ele>285.000</ele><time>2025-10-17T12:54:26Z</time><speed>0.670</speed><sat>16</sat></trkpt>
  <trkpt lat="33.74066973" lon="-84.42148704"><ele>285.000</ele><time>2025-10-17T12:54:27Z</time><speed>0.960</speed><sat>17</sat></trkpt>
  <trkpt lat="33.74066801" lon="-84.42147447"><ele>285.000</ele><time>2025-10-17T12:54:28Z</time><speed>1.360</speed><sat>18</sat></trkpt>
  <trkpt lat="33.74066348" lon="-84.42146039"><ele>285.000</ele><time>2025-10-17T12:54:29Z</time><speed>1.290</speed><sat>19</sat></trkpt>
  <trkpt lat="33.74066340" lon="-84.42144857"><ele>285.000</ele><time>2025-10-17T12:54:30Z</time><speed>1.260</speed><sat>19</sat></trkpt>
  <trkpt lat="33.74065409" lon="-84.42145008"><ele>285.000</ele><time>2025-10-17T12:54:31Z</time><speed>1.800</speed><sat>18</sat></trkpt>
  <trkpt lat="33.74064751" lon="-84.42144555"><ele>285.000</ele><time>2025-10-17T12:54:32Z</time><speed>0.970</speed><sat>17</sat></trkpt>
  <trkpt lat="33.74064110" lon="-84.42143834"><ele>285.000</ele><time>2025-10-17T12:54:33Z</time><speed>0.890</speed><sat>18</sat></trkpt>
  <trkpt lat="33.74063595" lon="-84.42143440"><ele>285.000</ele><time>2025-10-17T12:54:34Z</time><speed>0.820</speed><sat>19</sat></trkpt>
  <trkpt lat="33.74062870" lon="-84.42142887"><ele>285.000</ele><time>2025-10-17T12:54:35Z</time><speed>0.930</speed><sat>18</sat></trkpt>
  <trkpt lat="33.74062266" lon="-84.42142493"><ele>285.000</ele><time>2025-10-17T12:54:36Z</time><speed>0.960</speed><sat>19</sat></trkpt>
  <trkpt lat="33.74062073" lon="-84.42141613"><ele>285.000</ele><time>2025-10-17T12:54:37Z</time><speed>0.470</speed><sat>19</sat></trkpt>
  <trkpt lat="33.74062082" lon="-84.42140657"><ele>285.000</ele><time>2025-10-17T12:54:38Z</time><speed>0.900</speed><sat>19</sat></trkpt>
  <trkpt lat="33.74062040" lon="-84.42139082"><ele>285.000</ele><time>2025-10-17T12:54:39Z</time><speed>1.410</speed><sat>18</sat></trkpt>
  <trkpt lat="33.74061960" lon="-84.42138135"><ele>285.000</ele><time>2025-10-17T12:54:40Z</time><speed>0.390</speed><sat>19</sat></trkpt>
  <trkpt lat="33.74061927" lon="-84.42136768"><ele>285.000</ele><time>2025-10-17T12:54:41Z</time><speed>0.960</speed><sat>19</sat></trkpt>
  <trkpt lat="33.74061717" lon="-84.42135704"><ele>285.000</ele><time>2025-10-17T12:54:42Z</time><speed>0.860</speed><sat>18</sat></trkpt>
  <trkpt lat="33.74061943" lon="-84.42134882"><ele>285.000</ele><time>2025-10-17T12:54:43Z</time><speed>0.640</speed><sat>19</sat></trkpt>
  <trkpt lat="33.74061784" lon="-84.42133508"><ele>285.000</ele><time>2025-10-17T12:54:44Z</time><speed>1.140</speed><sat>18</sat></trkpt>
  <trkpt lat="33.74061973" lon="-84.42132317"><ele>285.000</ele><time>2025-10-17T12:54:45Z</time><speed>1.060</speed><sat>17</sat></trkpt>
  <trkpt lat="33.74062178" lon="-84.42130951"><ele>285.000</ele><time>2025-10-17T12:54:46Z</time><speed>0.880</speed><sat>18</sat></trkpt>
  <trkpt lat="33.74062589" lon="-84.42129778"><ele>285.000</ele><time>2025-10-17T12:54:47Z</time><speed>1.030</speed><sat>19</sat></trkpt>
  <trkpt lat="33.74062744" lon="-84.42128311"><ele>285.000</ele><time>2025-10-17T12:54:48Z</time><speed>1.110</speed><sat>21</sat></trkpt>
  <trkpt lat="33.74063037" lon="-84.42126945"><ele>285.000</ele><time>2025-10-17T12:54:49Z</time><speed>0.900</speed><sat>19</sat></trkpt>
  <trkpt lat="33.74063410" lon="-84.42125570"><ele>285.000</ele><time>2025-10-17T12:54:50Z</time><speed>0.900</speed><sat>19</sat></trkpt>
  <trkpt lat="33.74063624" lon="-84.42124388"><ele>285.000</ele><time>2025-10-17T12:54:51Z</time><speed>1.070</speed><sat>20</sat></trkpt>
  <trkpt lat="33.74064307" lon="-84.42122762"><ele>285.000</ele><time>2025-10-17T12:54:52Z</time><speed>1.400</speed><sat>18</sat></trkpt>
  <trkpt lat="33.74064580" lon="-84.42121287"><ele>285.000</ele><time>2025-10-17T12:54:53Z</time><speed>1.120</speed><sat>19</sat></trkpt>
  <trkpt lat="33.74064454" lon="-84.42119535"><ele>285.000</ele><time>2025-10-17T12:54:54Z</time><speed>1.110</speed><sat>18</sat></trkpt>
  <trkpt lat="33.74064454" lon="-84.42117993"><ele>285.000</ele><time>2025-10-17T12:54:55Z</time><speed>1.310</speed><sat>19</sat></trkpt>
  <trkpt lat="33.74064190" lon="-84.42116283"><ele>285.000</ele><time>2025-10-17T12:54:56Z</time><speed>1.030</speed><sat>19</sat></trkpt>
  <trkpt lat="33.74064261" lon="-84.42114992"><ele>285.000</ele><time>2025-10-17T12:54:57Z</time><speed>0.900</speed><sat>19</sat></trkpt>
  <trkpt lat="33.74064257" lon="-84.42113852"><ele>285.000</ele><time>2025-10-17T12:54:58Z</time><speed>0.870</speed><sat>18</sat></trkpt>
  <trkpt lat="33.74064513" lon="-84.42112670"><ele>285.000</ele><time>2025-10-17T12:54:59Z</time><speed>1.310</speed><sat>19</sat></trkpt>
  <trkpt lat="33.74065045" lon="-84.42110860"><ele>285.000</ele><time>2025-10-17T12:55:00Z</time><speed>1.540</speed><sat>20</sat></trkpt>
  <trkpt lat="33.74065049" lon="-84.42109502"><ele>285.000</ele><time>2025-10-17T12:55:01Z</time><speed>0.870</speed><sat>19</sat></trkpt>
  <trkpt lat="33.74065083" lon="-84.42108203"><ele>285.000</ele><time>2025-10-17T12:55:02Z</time><speed>1.100</speed><sat>18</sat></trkpt>
  <trkpt lat="33.74065045" lon="-84.42106937"><ele>285.000</ele><time>2025-10-17T12:55:03Z</time><speed>1.080</speed><sat>18</sat></trkpt>
  <trkpt lat="33.74064978" lon="-84.42105772"><ele>285.000</ele><time>2025-10-17T12:55:04Z</time><speed>0.910</speed><sat>19</sat></trkpt>
  <trkpt lat="33.74064848" lon="-84.42104707"><ele>285.000</ele><time>2025-10-17T12:55:05Z</time><speed>0.940</speed><sat>19</sat></trkpt>
  <trkpt lat="33.74064508" lon="-84.42103635"><ele>285.000</ele><time>2025-10-17T12:55:06Z</time><speed>0.740</speed><sat>19</sat></trkpt>
  <trkpt lat="33.74064534" lon="-84.42102084"><ele>285.000</ele><time>2025-10-17T12:55:07Z</time><speed>1.170</speed><sat>19</sat></trkpt>
  <trkpt lat="33.74064391" lon="-84.42100793"><ele>286.000</ele><time>2025-10-17T12:55:08Z</time><speed>1.160</speed><sat>18</sat></trkpt>
  <trkpt lat="33.74064810" lon="-84.42098983"><ele>286.000</ele><time>2025-10-17T12:55:09Z</time><speed>1.470</speed><sat>20</sat></trkpt>
  <trkpt lat="33.74065305" lon="-84.42097851"><ele>285.000</ele><time>2025-10-17T12:55:10Z</time><speed>0.950</speed><sat>19</sat></trkpt>
  <trkpt lat="33.74065791" lon="-84.42096694"><ele>285.000</ele><time>2025-10-17T12:55:11Z</time><speed>1.080</speed><sat>20</sat></trkpt>
  <trkpt lat="33.74066084" lon="-84.42094456"><ele>285.000</ele><time>2025-10-17T12:55:12Z</time><speed>2.200</speed><sat>19</sat></trkpt>
  <trkpt lat="33.74065678" lon="-84.42092336"><ele>285.000</ele><time>2025-10-17T12:55:13Z</time><speed>2.220</speed><sat>18</sat></trkpt>
  <trkpt lat="33.74065552" lon="-84.42089830"><ele>286.000</ele><time>2025-10-17T12:55:14Z</time><speed>1.590</speed><sat>16</sat></trkpt>
  <trkpt lat="33.74065435" lon="-84.42088715"><ele>286.000</ele><time>2025-10-17T12:55:15Z</time><speed>1.240</speed><sat>17</sat></trkpt>
  <trkpt lat="33.74065380" lon="-84.42087122"><ele>286.000</ele><time>2025-10-17T12:55:16Z</time><speed>1.670</speed><sat>16</sat></trkpt>
  <trkpt lat="33.74065334" lon="-84.42086100"><ele>285.000</ele><time>2025-10-17T12:55:17Z</time><speed>1.480</speed><sat>16</sat></trkpt>
  <trkpt lat="33.74065091" lon="-84.42085010"><ele>286.000</ele><time>2025-10-17T12:55:18Z</time><speed>0.820</speed><sat>17</sat></trkpt>
  <trkpt lat="33.74065652" lon="-84.42083593"><ele>286.000</ele><time>2025-10-17T12:55:19Z</time><speed>1.550</speed><sat>17</sat></trkpt>
  <trkpt lat="33.74065720" lon="-84.42082277"><ele>286.000</ele><time>2025-10-17T12:55:20Z</time><speed>1.420</speed><sat>17</sat></trkpt>
  <trkpt lat="33.74065384" lon="-84.42081297"><ele>286.000</ele><time>2025-10-17T12:55:21Z</time><speed>1.120</speed><sat>17</sat></trkpt>
  <trkpt lat="33.74065074" lon="-84.42080308"><ele>286.000</ele><time>2025-10-17T12:55:22Z</time><speed>0.850</speed><sat>17</sat></trkpt>
  <trkpt lat="33.74064810" lon="-84.42079503"><ele>286.000</ele><time>2025-10-17T12:55:23Z</time><speed>0.940</speed><sat>17</sat></trkpt>
  <trkpt lat="33.74064777" lon="-84.42078204"><ele>287.000</ele><time>2025-10-17T12:55:24Z</time><speed>1.360</speed><sat>17</sat></trkpt>
  <trkpt lat="33.74064580" lon="-84.42076586"><ele>287.000</ele><time>2025-10-17T12:55:25Z</time><speed>1.380</speed><sat>17</sat></trkpt>
  <trkpt lat="33.74064638" lon="-84.42075161"><ele>287.000</ele><time>2025-10-17T12:55:26Z</time><speed>0.980</speed><sat>17</sat></trkpt>
  <trkpt lat="33.74064751" lon="-84.42073988"><ele>287.000</ele><time>2025-10-17T12:55:27Z</time><speed>1.120</speed><sat>17</sat></trkpt>
  <trkpt lat="33.74064806" lon="-84.42072714"><ele>287.000</ele><time>2025-10-17T12:55:28Z</time><speed>1.030</speed><sat>17</sat></trkpt>
  <trkpt lat="33.74065007" lon="-84.42071557"><ele>287.000</ele><time>2025-10-17T12:55:29Z</time><speed>1.150</speed><sat>17</sat></trkpt>
  <trkpt lat="33.74065263" lon="-84.42070216"><ele>287.000</ele><time>2025-10-17T12:55:30Z</time><speed>1.440</speed><sat>17</sat></trkpt>
  <trkpt lat="33.74065296" lon="-84.42068892"><ele>288.000</ele><time>2025-10-17T12:55:31Z</time><speed>1.200</speed><sat>17</sat></trkpt>
  <trkpt lat="33.74065321" lon="-84.42067634"><ele>288.000</ele><time>2025-10-17T12:55:32Z</time><speed>1.200</speed><sat>17</sat></trkpt>
  <trkpt lat="33.74065309" lon="-84.42066377"><ele>288.000</ele><time>2025-10-17T12:55:33Z</time><speed>1.050</speed><sat>17</sat></trkpt>
  <trkpt lat="33.74065238" lon="-84.42065137"><ele>288.000</ele><time>2025-10-17T12:55:34Z</time><speed>1.130</speed><sat>17</sat></trkpt>
  <trkpt lat="33.74065053" lon="-84.42063955"><ele>288.000</ele><time>2025-10-17T12:55:35Z</time><speed>1.070</speed><sat>17</sat></trkpt>
  <trkpt lat="33.74064890" lon="-84.42062831"><ele>288.000</ele><time>2025-10-17T12:55:36Z</time><speed>0.890</speed><sat>18</sat></trkpt>
  <trkpt lat="33.74065045" lon="-84.42061759"><ele>288.000</ele><time>2025-10-17T12:55:37Z</time><speed>1.240</speed><sat>18</sat></trkpt>
  <trkpt lat="33.74064948" lon="-84.42060317"><ele>288.000</ele><time>2025-10-17T12:55:38Z</time><speed>1.260</speed><sat>19</sat></trkpt>
  <trkpt lat="33.74064404" lon="-84.42059437"><ele>288.000</ele><time>2025-10-17T12:55:39Z</time><speed>1.160</speed><sat>19</sat></trkpt>
  <trkpt lat="33.74063544" lon="-84.42059068"><ele>288.000</ele><time>2025-10-17T12:55:40Z</time><speed>1.290</speed><sat>20</sat></trkpt>
  <trkpt lat="33.74062354" lon="-84.42058666"><ele>288.000</ele><time>2025-10-17T12:55:41Z</time><speed>1.530</speed><sat>19</sat></trkpt>
  <trkpt lat="33.74061374" lon="-84.42058297"><ele>288.000</ele><time>2025-10-17T12:55:42Z</time><speed>1.240</speed><sat>20</sat></trkpt>
  <trkpt lat="33.74060602" lon="-84.42058062"><ele>288.000</ele><time>2025-10-17T12:55:43Z</time><speed>0.870</speed><sat>21</sat></trkpt>
  <trkpt lat="33.74059710" lon="-84.42057853"><ele>288.000</ele><time>2025-10-17T12:55:44Z</time><speed>1.230</speed><sat>20</sat></trkpt>
  <trkpt lat="33.74058825" lon="-84.42057375"><ele>289.000</ele><time>2025-10-17T12:55:45Z</time><speed>1.270</speed><sat>20</sat></trkpt>
  <trkpt lat="33.74057836" lon="-84.42056746"><ele>289.000</ele><time>2025-10-17T12:55:46Z</time><speed>1.280</speed><sat>21</sat></trkpt>
  <trkpt lat="33.74056743" lon="-84.42056855"><ele>289.000</ele><time>2025-10-17T12:55:47Z</time><speed>1.180</speed><sat>21</sat></trkpt>
  <trkpt lat="33.74055770" lon="-84.42056671"><ele>289.000</ele><time>2025-10-17T12:55:48Z</time><speed>1.120</speed><sat>21</sat></trkpt>
  <trkpt lat="33.74055158" lon="-84.42056637"><ele>289.000</ele><time>2025-10-17T12:55:49Z</time><speed>1.040</speed><sat>21</sat></trkpt>
  <trkpt lat="33.74054282" lon="-84.42056713"><ele>289.000</ele><time>2025-10-17T12:55:50Z</time><speed>1.090</speed><sat>21</sat></trkpt>
  <trkpt lat="33.74053226" lon="-84.42056830"><ele>289.000</ele><time>2025-10-17T12:55:51Z</time><speed>1.000</speed><sat>20</sat></trkpt>
  <trkpt lat="33.74052233" lon="-84.42056838"><ele>289.000</ele><time>2025-10-17T12:55:52Z</time><speed>0.990</speed><sat>21</sat></trkpt>
  <trkpt lat="33.74051298" lon="-84.42056805"><ele>289.000</ele><time>2025-10-17T12:55:53Z</time><speed>1.300</speed><sat>21</sat></trkpt>
  <trkpt lat="33.74050431" lon="-84.42056570"><ele>289.000</ele><time>2025-10-17T12:55:54Z</time><speed>0.720</speed><sat>21</sat></trkpt>
  <trkpt lat="33.74049714" lon="-84.42055916"><ele>289.000</ele><time>2025-10-17T12:55:55Z</time><speed>1.660</speed><sat>20</sat></trkpt>
  <trkpt lat="33.74049287" lon="-84.42055112"><ele>288.000</ele><time>2025-10-17T12:55:56Z</time><speed>1.220</speed><sat>20</sat></trkpt>
  <trkpt lat="33.74049040" lon="-84.42055179"><ele>288.000</ele><time>2025-10-17T12:55:57Z</time><speed>0.700</speed><sat>19</sat></trkpt>
  <trkpt lat="33.74049312" lon="-84.42055774"><ele>289.000</ele><time>2025-10-17T12:55:58Z</time><speed>0.790</speed><sat>20</sat></trkpt>
  <trkpt lat="33.74049107" lon="-84.42056956"><ele>289.000</ele><time>2025-10-17T12:55:59Z</time><speed>0.540</speed><sat>19</sat></trkpt>
  <trkpt lat="33.74048415" lon="-84.42057408"><ele>289.000</ele><time>2025-10-17T12:56:00Z</time><speed>0.720</speed><sat>20</sat></trkpt>
  <trkpt lat="33.74047216" lon="-84.42057584"><ele>289.000</ele><time>2025-10-17T12:56:01Z</time><speed>1.310</speed><sat>19</sat></trkpt>
  <trkpt lat="33.74045963" lon="-84.42057559"><ele>289.000</ele><time>2025-10-17T12:56:02Z</time><speed>0.910</speed><sat>20</sat></trkpt>
  <trkpt lat="33.74044916" lon="-84.42057350"><ele>288.000</ele><time>2025-10-17T12:56:03Z</time><speed>1.070</speed><sat>21</sat></trkpt>
  <trkpt lat="33.74043893" lon="-84.42057459"><ele>288.000</ele><time>2025-10-17T12:56:04Z</time><speed>0.690</speed><sat>19</sat></trkpt>
  <trkpt lat="33.74043608" lon="-84.42057325"><ele>287.000</ele><time>2025-10-17T12:56:05Z</time><speed>0.440</speed><sat>19</sat></trkpt>
  <trkpt lat="33.74043621" lon="-84.42057165"><ele>287.000</ele><time>2025-10-17T12:56:06Z</time><speed>0.320</speed><sat>17</sat></trkpt>
  <trkpt lat="33.74043382" lon="-84.42057056"><ele>286.000</ele><time>2025-10-17T12:56:07Z</time><speed>0.010</speed><sat>18</sat></trkpt>
  <trkpt lat="33.74042569" lon="-84.42057216"><ele>286.000</ele><time>2025-10-17T12:56:08Z</time><speed>0.670</speed><sat>18</sat></trkpt>
  <trkpt lat="33.74041550" lon="-84.42057232"><ele>286.000</ele><time>2025-10-17T12:56:09Z</time><speed>0.690</speed><sat>19</sat></trkpt>
  <trkpt lat="33.74040943" lon="-84.42057258"><ele>286.000</ele><time>2025-10-17T12:56:10Z</time><speed>0.180</speed><sat>19</sat></trkpt>
  <trkpt lat="33.74040172" lon="-84.42057081"><ele>286.000</ele><time>2025-10-17T12:56:11Z</time><speed>0.610</speed><sat>18</sat></trkpt>
  <trkpt lat="33.74038939" lon="-84.42057232"><ele>286.000</ele><time>2025-10-17T12:56:12Z</time><speed>0.880</speed><sat>19</sat></trkpt>
  <trkpt lat="33.74037737" lon="-84.42057434"><ele>287.000</ele><time>2025-10-17T12:56:13Z</time><speed>0.870</speed><sat>19</sat></trkpt>
  <trkpt lat="33.74036592" lon="-84.42057744"><ele>287.000</ele><time>2025-10-17T12:56:14Z</time><speed>1.010</speed><sat>19</sat></trkpt>
  <trkpt lat="33.74035507" lon="-84.42057911"><ele>287.000</ele><time>2025-10-17T12:56:15Z</time><speed>0.760</speed><sat>19</sat></trkpt>
  <trkpt lat="33.74034514" lon="-84.42057953"><ele>287.000</ele><time>2025-10-17T12:56:16Z</time><speed>0.810</speed><sat>18</sat></trkpt>
  <trkpt lat="33.74033332" lon="-84.42057945"><ele>288.000</ele><time>2025-10-17T12:56:17Z</time><speed>1.150</speed><sat>19</sat></trkpt>
  <trkpt lat="33.74032112" lon="-84.42057719"><ele>288.000</ele><time>2025-10-17T12:56:18Z</time><speed>1.190</speed><sat>18</sat></trkpt>
  <trkpt lat="33.74030654" lon="-84.42057232"><ele>288.000</ele><time>2025-10-17T12:56:19Z</time><speed>1.170</speed><sat>18</sat></trkpt>
  <trkpt lat="33.74029397" lon="-84.42057291"><ele>288.000</ele><time>2025-10-17T12:56:20Z</time><speed>0.850</speed><sat>20</sat></trkpt>
  <trkpt lat="33.74028709" lon="-84.42057568"><ele>288.000</ele><time>2025-10-17T12:56:21Z</time><speed>0.620</speed><sat>20</sat></trkpt>
  <trkpt lat="33.74027905" lon="-84.42057819"><ele>288.000</ele><time>2025-10-17T12:56:22Z</time><speed>0.670</speed><sat>21</sat></trkpt>
  <trkpt lat="33.74027062" lon="-84.42057928"><ele>288.000</ele><time>2025-10-17T12:56:23Z</time><speed>0.640</speed><sat>17</sat></trkpt>
  <trkpt lat="33.74026077" lon="-84.42057878"><ele>288.000</ele><time>2025-10-17T12:56:24Z</time><speed>0.660</speed><sat>19</sat></trkpt>
  <trkpt lat="33.74024875" lon="-84.42058146"><ele>288.000</ele><time>2025-10-17T12:56:25Z</time><speed>0.900</speed><sat>20</sat></trkpt>
  <trkpt lat="33.74023722" lon="-84.42058322"><ele>288.000</ele><time>2025-10-17T12:56:26Z</time><speed>0.910</speed><sat>19</sat></trkpt>
  <trkpt lat="33.74022666" lon="-84.42058439"><ele>288.000</ele><time>2025-10-17T12:56:27Z</time><speed>0.700</speed><sat>20</sat></trkpt>
  <trkpt lat="33.74021677" lon="-84.42058783"><ele>288.000</ele><time>2025-10-17T12:56:28Z</time><speed>0.700</speed><sat>21</sat></trkpt>
  <trkpt lat="33.74020793" lon="-84.42058884"><ele>288.000</ele><time>2025-10-17T12:56:29Z</time><speed>0.720</speed><sat>21</sat></trkpt>
  <trkpt lat="33.74019732" lon="-84.42059001"><ele>288.000</ele><time>2025-10-17T12:56:30Z</time><speed>0.780</speed><sat>20</sat></trkpt>
  <trkpt lat="33.74018835" lon="-84.42059043"><ele>289.000</ele><time>2025-10-17T12:56:31Z</time><speed>0.930</speed><sat>19</sat></trkpt>
  <trkpt lat="33.74017737" lon="-84.42059001"><ele>289.000</ele><time>2025-10-17T12:56:32Z</time><speed>0.880</speed><sat>19</sat></trkpt>
  <trkpt lat="33.74016711" lon="-84.42059110"><ele>289.000</ele><time>2025-10-17T12:56:33Z</time><speed>0.750</speed><sat>20</sat></trkpt>
  <trkpt lat="33.74015747" lon="-84.42059261"><ele>290.000</ele><time>2025-10-17T12:56:34Z</time><speed>0.720</speed><sat>20</sat></trkpt>
  <trkpt lat="33.74014791" lon="-84.42059169"><ele>290.000</ele><time>2025-10-17T12:56:35Z</time><speed>0.470</speed><sat>18</sat></trkpt>
  <trkpt lat="33.74013450" lon="-84.42058138"><ele>290.000</ele><time>2025-10-17T12:56:36Z</time><speed>0.850</speed><sat>18</sat></trkpt>
  <trkpt lat="33.74011954" lon="-84.42057668"><ele>291.000</ele><time>2025-10-17T12:56:37Z</time><speed>1.480</speed><sat>19</sat></trkpt>
  <trkpt lat="33.74010412" lon="-84.42057375"><ele>291.000</ele><time>2025-10-17T12:56:38Z</time><speed>0.810</speed><sat>19</sat></trkpt>
  <trkpt lat="33.74009217" lon="-84.42057434"><ele>291.000</ele><time>2025-10-17T12:56:39Z</time><speed>0.860</speed><sat>20</sat></trkpt>
  <trkpt lat="33.74008161" lon="-84.42057543"><ele>292.000</ele><time>2025-10-17T12:56:40Z</time><speed>0.910</speed><sat>20</sat></trkpt>
  <trkpt lat="33.74006619" lon="-84.42057685"><ele>292.000</ele><time>2025-10-17T12:56:41Z</time><speed>1.740</speed><sat>21</sat></trkpt>
  <trkpt lat="33.74004951" lon="-84.42057484"><ele>293.000</ele><time>2025-10-17T12:56:42Z</time><speed>1.440</speed><sat>19</sat></trkpt>
  <trkpt lat="33.74003836" lon="-84.42057543"><ele>293.000</ele><time>2025-10-17T12:56:43Z</time><speed>0.990</speed><sat>20</sat></trkpt>
  <trkpt lat="33.74003027" lon="-84.42057584"><ele>293.000</ele><time>2025-10-17T12:56:44Z</time><speed>0.710</speed><sat>21</sat></trkpt>
  <trkpt lat="33.74002554" lon="-84.42057216"><ele>292.000</ele><time>2025-10-17T12:56:45Z</time><speed>0.600</speed><sat>20</sat></trkpt>
  <trkpt lat="33.74001422" lon="-84.42057123"><ele>292.000</ele><time>2025-10-17T12:56:46Z</time><speed>0.810</speed><sat>20</sat></trkpt>
  <trkpt lat="33.74000471" lon="-84.42057216"><ele>292.000</ele><time>2025-10-17T12:56:47Z</time><speed>0.960</speed><sat>19</sat></trkpt>
  <trkpt lat="33.73999544" lon="-84.42057065"><ele>292.000</ele><time>2025-10-17T12:56:48Z</time><speed>0.820</speed><sat>20</sat></trkpt>
  <trkpt lat="33.73998488" lon="-84.42056864"><ele>292.000</ele><time>2025-10-17T12:56:49Z</time><speed>1.000</speed><sat>20</sat></trkpt>
  <trkpt lat="33.73997663" lon="-84.42056872"><ele>292.000</ele><time>2025-10-17T12:56:50Z</time><speed>0.730</speed><sat>20</sat></trkpt>
  <trkpt lat="33.73997487" lon="-84.42056738"><ele>293.000</ele><time>2025-10-17T12:56:51Z</time><speed>0.340</speed><sat>20</sat></trkpt>
  <trkpt lat="33.73997495" lon="-84.42056151"><ele>292.000</ele><time>2025-10-17T12:56:52Z</time><speed>0.730</speed><sat>17</sat></trkpt>
  <trkpt lat="33.73997005" lon="-84.42055179"><ele>292.000</ele><time>2025-10-17T12:56:53Z</time><speed>0.990</speed><sat>20</sat></trkpt>
  <trkpt lat="33.73997005" lon="-84.42053368"><ele>292.000</ele><time>2025-10-17T12:56:54Z</time><speed>1.840</speed><sat>19</sat></trkpt>
  <trkpt lat="33.73997973" lon="-84.42053159"><ele>291.000</ele><time>2025-10-17T12:56:55Z</time><speed>0.650</speed><sat>19</sat></trkpt>
  <trkpt lat="33.73998052" lon="-84.42052731"><ele>290.000</ele><time>2025-10-17T12:56:56Z</time><speed>0.220</speed><sat>17</sat></trkpt>
  <trkpt lat="33.73997319" lon="-84.42054223"><ele>290.000</ele><time>2025-10-17T12:56:57Z</time><speed>1.360</speed><sat>19</sat></trkpt>
  <trkpt lat="33.73996590" lon="-84.42054986"><ele>290.000</ele><time>2025-10-17T12:56:58Z</time><speed>1.370</speed><sat>19</sat></trkpt>
  <trkpt lat="33.73995102" lon="-84.42055791"><ele>289.000</ele><time>2025-10-17T12:56:59Z</time><speed>0.870</speed><sat>20</sat></trkpt>
  <trkpt lat="33.73993333" lon="-84.42055221"><ele>289.000</ele><time>2025-10-17T12:57:00Z</time><speed>1.700</speed><sat>18</sat></trkpt>
  <trkpt lat="33.73991569" lon="-84.42054785"><ele>289.000</ele><time>2025-10-17T12:57:01Z</time><speed>2.020</speed><sat>19</sat></trkpt>
  <trkpt lat="33.73990333" lon="-84.42055288"><ele>290.000</ele><time>2025-10-17T12:57:02Z</time><speed>1.120</speed><sat>17</sat></trkpt>
  <trkpt lat="33.73990798" lon="-84.42056025"><ele>290.000</ele><time>2025-10-17T12:57:03Z</time><speed>0.570</speed><sat>20</sat></trkpt>
  <trkpt lat="33.73992231" lon="-84.42056553"><ele>290.000</ele><time>2025-10-17T12:57:04Z</time><speed>1.090</speed><sat>19</sat></trkpt>
  <trkpt lat="33.73992244" lon="-84.42057844"><ele>290.000</ele><time>2025-10-17T12:57:05Z</time><speed>1.940</speed><sat>18</sat></trkpt>
  <trkpt lat="33.73992948" lon="-84.42058004"><ele>290.000</ele><time>2025-10-17T12:57:06Z</time><speed>0.660</speed><sat>16</sat></trkpt>
  <trkpt lat="33.73993556" lon="-84.42057258"><ele>290.000</ele><time>2025-10-17T12:57:07Z</time><speed>0.830</speed><sat>15</sat></trkpt>
  <trkpt lat="33.73994063" lon="-84.42056713"><ele>291.000</ele><time>2025-10-17T12:57:08Z</time><speed>0.490</speed><sat>15</sat></trkpt>
  <trkpt lat="33.73994004" lon="-84.42056570"><ele>291.000</ele><time>2025-10-17T12:57:09Z</time><speed>0.140</speed><sat>15</sat></trkpt>
  <trkpt lat="33.73993794" lon="-84.42055883"><ele>290.000</ele><time>2025-10-17T12:57:10Z</time><speed>0.400</speed><sat>16</sat></trkpt>
  <trkpt lat="33.73992822" lon="-84.42055816"><ele>291.000</ele><time>2025-10-17T12:57:11Z</time><speed>0.970</speed><sat>17</sat></trkpt>
  <trkpt lat="33.73992118" lon="-84.42056285"><ele>291.000</ele><time>2025-10-17T12:57:12Z</time><speed>1.180</speed><sat>17</sat></trkpt>
  <trkpt lat="33.73990831" lon="-84.42056973"><ele>290.000</ele><time>2025-10-17T12:57:13Z</time><speed>0.860</speed><sat>18</sat></trkpt>
  <trkpt lat="33.73989855" lon="-84.42057149"><ele>290.000</ele><time>2025-10-17T12:57:14Z</time><speed>0.990</speed><sat>16</sat></trkpt>
  <trkpt lat="33.73989084" lon="-84.42057308"><ele>290.000</ele><time>2025-10-17T12:57:15Z</time><speed>0.570</speed><sat>17</sat></trkpt>
  <trkpt lat="33.73987709" lon="-84.42057375"><ele>289.000</ele><time>2025-10-17T12:57:16Z</time><speed>1.320</speed><sat>18</sat></trkpt>
  <trkpt lat="33.73986565" lon="-84.42057400"><ele>289.000</ele><time>2025-10-17T12:57:17Z</time><speed>1.100</speed><sat>16</sat></trkpt>
  <trkpt lat="33.73985123" lon="-84.42057970"><ele>289.000</ele><time>2025-10-17T12:57:18Z</time><speed>1.560</speed><sat>15</sat></trkpt>
  <trkpt lat="33.73984222" lon="-84.42058406"><ele>289.000</ele><time>2025-10-17T12:57:19Z</time><speed>0.630</speed><sat>16</sat></trkpt>
  <trkpt lat="33.73983342" lon="-84.42058540"><ele>289.000</ele><time>2025-10-17T12:57:20Z</time><speed>0.650</speed><sat>14</sat></trkpt>
  <trkpt lat="33.73982332" lon="-84.42058087"><ele>289.000</ele><time>2025-10-17T12:57:21Z</time><speed>1.360</speed><sat>16</sat></trkpt>
  <trkpt lat="33.73981046" lon="-84.42057341"><ele>289.000</ele><time>2025-10-17T12:57:22Z</time><speed>1.840</speed><sat>16</sat></trkpt>
  <trkpt lat="33.73980103" lon="-84.42056704"><ele>289.000</ele><time>2025-10-17T12:57:23Z</time><speed>1.270</speed><sat>16</sat></trkpt>
  <trkpt lat="33.73978984" lon="-84.42056587"><ele>289.000</ele><time>2025-10-17T12:57:24Z</time><speed>1.190</speed><sat>16</sat></trkpt>
  <trkpt lat="33.73977617" lon="-84.42056662"><ele>289.000</ele><time>2025-10-17T12:57:25Z</time><speed>1.410</speed><sat>16</sat></trkpt>
  <trkpt lat="33.73976431" lon="-84.42056403"><ele>289.000</ele><time>2025-10-17T12:57:26Z</time><speed>1.370</speed><sat>16</sat></trkpt>
  <trkpt lat="33.73975141" lon="-84.42056185"><ele>289.000</ele><time>2025-10-17T12:57:27Z</time><speed>1.280</speed><sat>17</sat></trkpt>
  <trkpt lat="33.73973619" lon="-84.42056201"><ele>289.000</ele><time>2025-10-17T12:57:28Z</time><speed>1.720</speed><sat>18</sat></trkpt>
  <trkpt lat="33.73972316" lon="-84.42056084"><ele>289.000</ele><time>2025-10-17T12:57:29Z</time><speed>1.200</speed><sat>18</sat></trkpt>
  <trkpt lat="33.73971281" lon="-84.42056268"><ele>289.000</ele><time>2025-10-17T12:57:30Z</time><speed>0.650</speed><sat>18</sat></trkpt>
  <trkpt lat="33.73970669" lon="-84.42056562"><ele>289.000</ele><time>2025-10-17T12:57:31Z</time><speed>0.540</speed><sat>18</sat></trkpt>
  <trkpt lat="33.73970124" lon="-84.42056662"><ele>289.000</ele><time>2025-10-17T12:57:32Z</time><speed>0.900</speed><sat>18</sat></trkpt>
  <trkpt lat="33.73969068" lon="-84.42056092"><ele>289.000</ele><time>2025-10-17T12:57:33Z</time><speed>1.020</speed><sat>18</sat></trkpt>
  <trkpt lat="33.73967907" lon="-84.42056227"><ele>290.000</ele><time>2025-10-17T12:57:34Z</time><speed>1.170</speed><sat>18</sat></trkpt>
  <trkpt lat="33.73966809" lon="-84.42056411"><ele>290.000</ele><time>2025-10-17T12:57:35Z</time><speed>1.230</speed><sat>17</sat></trkpt>
  <trkpt lat="33.73965765" lon="-84.42056444"><ele>290.000</ele><time>2025-10-17T12:57:36Z</time><speed>1.120</speed><sat>19</sat></trkpt>
  <trkpt lat="33.73964831" lon="-84.42056419"><ele>290.000</ele><time>2025-10-17T12:57:37Z</time><speed>0.950</speed><sat>18</sat></trkpt>
  <trkpt lat="33.73963938" lon="-84.42056604"><ele>290.000</ele><time>2025-10-17T12:57:38Z</time><speed>1.170</speed><sat>19</sat></trkpt>
  <trkpt lat="33.73962991" lon="-84.42056780"><ele>290.000</ele><time>2025-10-17T12:57:39Z</time><speed>1.420</speed><sat>20</sat></trkpt>
  <trkpt lat="33.73962035" lon="-84.42057048"><ele>290.000</ele><time>2025-10-17T12:57:40Z</time><speed>0.910</speed><sat>20</sat></trkpt>
  <trkpt lat="33.73960933" lon="-84.42057249"><ele>290.000</ele><time>2025-10-17T12:57:41Z</time><speed>1.020</speed><sat>20</sat></trkpt>
  <trkpt lat="33.73959994" lon="-84.42057249"><ele>290.000</ele><time>2025-10-17T12:57:42Z</time><speed>1.000</speed><sat>20</sat></trkpt>
  <trkpt lat="33.73959106" lon="-84.42057685"><ele>290.000</ele><time>2025-10-17T12:57:43Z</time><speed>0.790</speed><sat>20</sat></trkpt>
  <trkpt lat="33.73958155" lon="-84.42058029"><ele>290.000</ele><time>2025-10-17T12:57:44Z</time><speed>1.140</speed><sat>18</sat></trkpt>
  <trkpt lat="33.73957170" lon="-84.42058263"><ele>290.000</ele><time>2025-10-17T12:57:45Z</time><speed>1.060</speed><sat>18</sat></trkpt>
  <trkpt lat="33.73956277" lon="-84.42058456"><ele>290.000</ele><time>2025-10-17T12:57:46Z</time><speed>1.070</speed><sat>19</sat></trkpt>
  <trkpt lat="33.73955099" lon="-84.42058582"><ele>290.000</ele><time>2025-10-17T12:57:47Z</time><speed>1.280</speed><sat>19</sat></trkpt>
  <trkpt lat="33.73953959" lon="-84.42058699"><ele>290.000</ele><time>2025-10-17T12:57:48Z</time><speed>0.960</speed><sat>18</sat></trkpt>
  <trkpt lat="33.73952828" lon="-84.42058649"><ele>290.000</ele><time>2025-10-17T12:57:49Z</time><speed>0.870</speed><sat>19</sat></trkpt>
  <trkpt lat="33.73952015" lon="-84.42058498"><ele>290.000</ele><time>2025-10-17T12:57:50Z</time><speed>0.640</speed><sat>19</sat></trkpt>
  <trkpt lat="33.73950917" lon="-84.42058506"><ele>290.000</ele><time>2025-10-17T12:57:51Z</time><speed>0.820</speed><sat>19</sat></trkpt>
  <trkpt lat="33.73949995" lon="-84.42058481"><ele>290.000</ele><time>2025-10-17T12:57:52Z</time><speed>0.750</speed><sat>19</sat></trkpt>
  <trkpt lat="33.73949370" lon="-84.42058708"><ele>290.000</ele><time>2025-10-17T12:57:53Z</time><speed>0.810</speed><sat>20</sat></trkpt>
  <trkpt lat="33.73948582" lon="-84.42058951"><ele>290.000</ele><time>2025-10-17T12:57:54Z</time><speed>1.000</speed><sat>20</sat></trkpt>
  <trkpt lat="33.73947656" lon="-84.42059269"><ele>290.000</ele><time>2025-10-17T12:57:55Z</time><speed>0.870</speed><sat>19</sat></trkpt>
  <trkpt lat="33.73946776" lon="-84.42059068"><ele>290.000</ele><time>2025-10-17T12:57:56Z</time><speed>0.930</speed><sat>22</sat></trkpt>
  <trkpt lat="33.73945754" lon="-84.42058498"><ele>290.000</ele><time>2025-10-17T12:57:57Z</time><speed>1.020</speed><sat>21</sat></trkpt>
  <trkpt lat="33.73944811" lon="-84.42057928"><ele>290.000</ele><time>2025-10-17T12:57:58Z</time><speed>1.030</speed><sat>21</sat></trkpt>
  <trkpt lat="33.73944010" lon="-84.42057408"><ele>290.000</ele><time>2025-10-17T12:57:59Z</time><speed>0.710</speed><sat>21</sat></trkpt>
  <trkpt lat="33.73942514" lon="-84.42057216"><ele>290.000</ele><time>2025-10-17T12:58:00Z</time><speed>2.140</speed><sat>22</sat></trkpt>
  <trkpt lat="33.73941043" lon="-84.42056000"><ele>290.000</ele><time>2025-10-17T12:58:01Z</time><speed>1.950</speed><sat>22</sat></trkpt>
  <trkpt lat="33.73940536" lon="-84.42054919"><ele>291.000</ele><time>2025-10-17T12:58:02Z</time><speed>1.350</speed><sat>19</sat></trkpt>
  <trkpt lat="33.73939987" lon="-84.42054257"><ele>291.000</ele><time>2025-10-17T12:58:03Z</time><speed>0.460</speed><sat>20</sat></trkpt>
  <trkpt lat="33.73938738" lon="-84.42054751"><ele>290.000</ele><time>2025-10-17T12:58:04Z</time><speed>0.770</speed><sat>19</sat></trkpt>
  <trkpt lat="33.73937799" lon="-84.42054190"><ele>291.000</ele><time>2025-10-17T12:58:05Z</time><speed>1.190</speed><sat>20</sat></trkpt>
  <trkpt lat="33.73936869" lon="-84.42053972"><ele>291.000</ele><time>2025-10-17T12:58:06Z</time><speed>0.910</speed><sat>21</sat></trkpt>
  <trkpt lat="33.73935846" lon="-84.42054064"><ele>290.000</ele><time>2025-10-17T12:58:07Z</time><speed>1.110</speed><sat>21</sat></trkpt>
  <trkpt lat="33.73934891" lon="-84.42054533"><ele>290.000</ele><time>2025-10-17T12:58:08Z</time><speed>0.870</speed><sat>21</sat></trkpt>
  <trkpt lat="33.73932871" lon="-84.42054659"><ele>290.000</ele><time>2025-10-17T12:58:09Z</time><speed>1.570</speed><sat>20</sat></trkpt>
  <trkpt lat="33.73931349" lon="-84.42055011"><ele>290.000</ele><time>2025-10-17T12:58:10Z</time><speed>1.490</speed><sat>19</sat></trkpt>
  <trkpt lat="33.73930146" lon="-84.42054802"><ele>290.000</ele><time>2025-10-17T12:58:11Z</time><speed>1.170</speed><sat>20</sat></trkpt>
  <trkpt lat="33.73929007" lon="-84.42054802"><ele>290.000</ele><time>2025-10-17T12:58:12Z</time><speed>0.990</speed><sat>18</sat></trkpt>
  <trkpt lat="33.73927879" lon="-84.42054877"><ele>290.000</ele><time>2025-10-17T12:58:13Z</time><speed>1.160</speed><sat>18</sat></trkpt>
  <trkpt lat="33.73926924" lon="-84.42054986"><ele>290.000</ele><time>2025-10-17T12:58:14Z</time><speed>1.190</speed><sat>15</sat></trkpt>
  <trkpt lat="33.73925951" lon="-84.42055020"><ele>290.000</ele><time>2025-10-17T12:58:15Z</time><speed>0.750</speed><sat>19</sat></trkpt>
  <trkpt lat="33.73925482" lon="-84.42055196"><ele>290.000</ele><time>2025-10-17T12:58:16Z</time><speed>0.450</speed><sat>20</sat></trkpt>
  <trkpt lat="33.73924958" lon="-84.42055590"><ele>290.000</ele><time>2025-10-17T12:58:17Z</time><speed>0.640</speed><sat>18</sat></trkpt>
  <trkpt lat="33.73924078" lon="-84.42055975"><ele>290.000</ele><time>2025-10-17T12:58:18Z</time><speed>0.960</speed><sat>20</sat></trkpt>
  <trkpt lat="33.73923156" lon="-84.42056185"><ele>290.000</ele><time>2025-10-17T12:58:19Z</time><speed>0.980</speed><sat>18</sat></trkpt>
  <trkpt lat="33.73922108" lon="-84.42056478"><ele>290.000</ele><time>2025-10-17T12:58:20Z</time><speed>1.220</speed><sat>18</sat></trkpt>
  <trkpt lat="33.73920880" lon="-84.42056864"><ele>290.000</ele><time>2025-10-17T12:58:21Z</time><speed>1.310</speed><sat>19</sat></trkpt>
  <trkpt lat="33.73919770" lon="-84.42057132"><ele>290.000</ele><time>2025-10-17T12:58:22Z</time><speed>1.010</speed><sat>19</sat></trkpt>
  <trkpt lat="33.73918906" lon="-84.42057358"><ele>290.000</ele><time>2025-10-17T12:58:23Z</time><speed>0.960</speed><sat>19</sat></trkpt>
  <trkpt lat="33.73917938" lon="-84.42057450"><ele>290.000</ele><time>2025-10-17T12:58:24Z</time><speed>1.110</speed><sat>18</sat></trkpt>
  <trkpt lat="33.73917083" lon="-84.42057400"><ele>290.000</ele><time>2025-10-17T12:58:25Z</time><speed>1.210</speed><sat>18</sat></trkpt>
  <trkpt lat="33.73915931" lon="-84.42057425"><ele>290.000</ele><time>2025-10-17T12:58:26Z</time><speed>1.210</speed><sat>18</sat></trkpt>
  <trkpt lat="33.73914883" lon="-84.42057316"><ele>290.000</ele><time>2025-10-17T12:58:27Z</time><speed>1.170</speed><sat>20</sat></trkpt>
  <trkpt lat="33.73913756" lon="-84.42057040"><ele>290.000</ele><time>2025-10-17T12:58:28Z</time><speed>1.260</speed><sat>16</sat></trkpt>
  <trkpt lat="33.73912829" lon="-84.42056612"><ele>290.000</ele><time>2025-10-17T12:58:29Z</time><speed>0.990</speed><sat>18</sat></trkpt>
  <trkpt lat="33.73911761" lon="-84.42056495"><ele>290.000</ele><time>2025-10-17T12:58:30Z</time><speed>1.010</speed><sat>19</sat></trkpt>
  <trkpt lat="33.73910893" lon="-84.42056436"><ele>291.000</ele><time>2025-10-17T12:58:31Z</time><speed>1.030</speed><sat>18</sat></trkpt>
  <trkpt lat="33.73909929" lon="-84.42056193"><ele>291.000</ele><time>2025-10-17T12:58:32Z</time><speed>1.100</speed><sat>19</sat></trkpt>
  <trkpt lat="33.73909133" lon="-84.42055916"><ele>291.000</ele><time>2025-10-17T12:58:33Z</time><speed>0.990</speed><sat>18</sat></trkpt>
  <trkpt lat="33.73908433" lon="-84.42055891"><ele>290.000</ele><time>2025-10-17T12:58:34Z</time><speed>0.740</speed><sat>18</sat></trkpt>
  <trkpt lat="33.73907582" lon="-84.42055866"><ele>290.000</ele><time>2025-10-17T12:58:35Z</time><speed>0.690</speed><sat>18</sat></trkpt>
  <trkpt lat="33.73907134" lon="-84.42055514"><ele>290.000</ele><time>2025-10-17T12:58:36Z</time><speed>0.690</speed><sat>19</sat></trkpt>
  <trkpt lat="33.73906002" lon="-84.42055246"><ele>290.000</ele><time>2025-10-17T12:58:37Z</time><speed>1.320</speed><sat>18</sat></trkpt>
  <trkpt lat="33.73905361" lon="-84.42055439"><ele>291.000</ele><time>2025-10-17T12:58:38Z</time><speed>0.490</speed><sat>17</sat></trkpt>
  <trkpt lat="33.73905026" lon="-84.42056453"><ele>291.000</ele><time>2025-10-17T12:58:39Z</time><speed>0.720</speed><sat>18</sat></trkpt>
  <trkpt lat="33.73905240" lon="-84.42056394"><ele>291.000</ele><time>2025-10-17T12:58:40Z</time><speed>0.110</speed><sat>19</sat></trkpt>
  <trkpt lat="33.73905244" lon="-84.42055598"><ele>290.000</ele><time>2025-10-17T12:58:41Z</time><speed>0.590</speed><sat>17</sat></trkpt>
  <trkpt lat="33.73905357" lon="-84.42054693"><ele>290.000</ele><time>2025-10-17T12:58:42Z</time><speed>0.980</speed><sat>18</sat></trkpt>
  <trkpt lat="33.73904900" lon="-84.42053829"><ele>291.000</ele><time>2025-10-17T12:58:43Z</time><speed>0.830</speed><sat>19</sat></trkpt>
  <trkpt lat="33.73904221" lon="-84.42053201"><ele>291.000</ele><time>2025-10-17T12:58:44Z</time><speed>0.740</speed><sat>19</sat></trkpt>
  <trkpt lat="33.73903605" lon="-84.42052488"><ele>291.000</ele><time>2025-10-17T12:58:45Z</time><speed>0.700</speed><sat>18</sat></trkpt>
  <trkpt lat="33.73903157" lon="-84.42051449"><ele>291.000</ele><time>2025-10-17T12:58:46Z</time><speed>1.040</speed><sat>18</sat></trkpt>
  <trkpt lat="33.73902805" lon="-84.42050250"><ele>291.000</ele><time>2025-10-17T12:58:47Z</time><speed>0.940</speed><sat>20</sat></trkpt>
  <trkpt lat="33.73902193" lon="-84.42049236"><ele>291.000</ele><time>2025-10-17T12:58:48Z</time><speed>1.040</speed><sat>20</sat></trkpt>
  <trkpt lat="33.73901505" lon="-84.42048264"><ele>292.000</ele><time>2025-10-17T12:58:49Z</time><speed>1.330</speed><sat>20</sat></trkpt>
  <trkpt lat="33.73900625" lon="-84.42047526"><ele>292.000</ele><time>2025-10-17T12:58:50Z</time><speed>1.270</speed><sat>19</sat></trkpt>
  <trkpt lat="33.73899783" lon="-84.42046755"><ele>292.000</ele><time>2025-10-17T12:58:51Z</time><speed>1.150</speed><sat>19</sat></trkpt>
  <trkpt lat="33.73898756" lon="-84.42046177"><ele>292.000</ele><time>2025-10-17T12:58:52Z</time><speed>1.310</speed><sat>17</sat></trkpt>
  <trkpt lat="33.73897989" lon="-84.42045238"><ele>292.000</ele><time>2025-10-17T12:58:53Z</time><speed>1.300</speed><sat>18</sat></trkpt>
  <trkpt lat="33.73897319" lon="-84.42044534"><ele>292.000</ele><time>2025-10-17T12:58:54Z</time><speed>0.760</speed><sat>18</sat></trkpt>
  <trkpt lat="33.73896665" lon="-84.42044031"><ele>292.000</ele><time>2025-10-17T12:58:55Z</time><speed>0.770</speed><sat>18</sat></trkpt>
  <trkpt lat="33.73896137" lon="-84.42043821"><ele>292.000</ele><time>2025-10-17T12:58:56Z</time><speed>0.300</speed><sat>18</sat></trkpt>
  <trkpt lat="33.73895709" lon="-84.42043796"><ele>292.000</ele><time>2025-10-17T12:58:57Z</time><speed>0.320</speed><sat>17</sat></trkpt>
  <trkpt lat="33.73895395" lon="-84.42043595"><ele>292.000</ele><time>2025-10-17T12:58:58Z</time><speed>0.290</speed><sat>17</sat></trkpt>
  <trkpt lat="33.73895936" lon="-84.42043117"><ele>292.000</ele><time>2025-10-17T12:58:59Z</time><speed>0.000</speed><sat>18</sat></trkpt>
  <trkpt lat="33.73896133" lon="-84.42043855"><ele>293.000</ele><time>2025-10-17T12:59:00Z</time><speed>0.520</speed><sat>17</sat></trkpt>
  <trkpt lat="33.73895672" lon="-84.42044048"><ele>293.000</ele><time>2025-10-17T12:59:01Z</time><speed>0.160</speed><sat>18</sat></trkpt>
  <trkpt lat="33.73895592" lon="-84.42043905"><ele>293.000</ele><time>2025-10-17T12:59:02Z</time><speed>0.190</speed><sat>20</sat></trkpt>
  <trkpt lat="33.73895651" lon="-84.42043344"><ele>293.000</ele><time>2025-10-17T12:59:03Z</time><speed>0.660</speed><sat>19</sat></trkpt>
  <trkpt lat="33.73895902" lon="-84.42042698"><ele>293.000</ele><time>2025-10-17T12:59:04Z</time><speed>0.790</speed><sat>19</sat></trkpt>
  <trkpt lat="33.73896200" lon="-84.42041927"><ele>293.000</ele><time>2025-10-17T12:59:05Z</time><speed>0.650</speed><sat>20</sat></trkpt>
  <trkpt lat="33.73896237" lon="-84.42041055"><ele>293.000</ele><time>2025-10-17T12:59:06Z</time><speed>0.850</speed><sat>19</sat></trkpt>
  <trkpt lat="33.73896045" lon="-84.42040024"><ele>293.000</ele><time>2025-10-17T12:59:07Z</time><speed>0.730</speed><sat>20</sat></trkpt>
  <trkpt lat="33.73895743" lon="-84.42039454"><ele>292.000</ele><time>2025-10-17T12:59:08Z</time><speed>0.680</speed><sat>18</sat></trkpt>
  <trkpt lat="33.73895420" lon="-84.42039018"><ele>292.000</ele><time>2025-10-17T12:59:09Z</time><speed>0.650</speed><sat>19</sat></trkpt>
  <trkpt lat="33.73894716" lon="-84.42038499"><ele>292.000</ele><time>2025-10-17T12:59:10Z</time><speed>0.890</speed><sat>20</sat></trkpt>
  <trkpt lat="33.73893811" lon="-84.42038231"><ele>292.000</ele><time>2025-10-17T12:59:11Z</time><speed>0.870</speed><sat>19</sat></trkpt>
  <trkpt lat="33.73892851" lon="-84.42038155"><ele>292.000</ele><time>2025-10-17T12:59:12Z</time><speed>0.830</speed><sat>19</sat></trkpt>
  <trkpt lat="33.73891808" lon="-84.42038264"><ele>292.000</ele><time>2025-10-17T12:59:13Z</time><speed>0.670</speed><sat>20</sat></trkpt>
  <trkpt lat="33.73890948" lon="-84.42038373"><ele>291.000</ele><time>2025-10-17T12:59:14Z</time><speed>0.550</speed><sat>20</sat></trkpt>
  <trkpt lat="33.73890257" lon="-84.42038264"><ele>291.000</ele><time>2025-10-17T12:59:15Z</time><speed>0.640</speed><sat>20</sat></trkpt>
  <trkpt lat="33.73889440" lon="-84.42037334"><ele>291.000</ele><time>2025-10-17T12:59:16Z</time><speed>0.940</speed><sat>20</sat></trkpt>
  <trkpt lat="33.73888803" lon="-84.42036646"><ele>291.000</ele><time>2025-10-17T12:59:17Z</time><speed>0.760</speed><sat>19</sat></trkpt>
  <trkpt lat="33.73888560" lon="-84.42036982"><ele>291.000</ele><time>2025-10-17T12:59:18Z</time><speed>0.730</speed><sat>18</sat></trkpt>
  <trkpt lat="33.73888057" lon="-84.42037610"><ele>290.000</ele><time>2025-10-17T12:59:19Z</time><speed>0.750</speed><sat>17</sat></trkpt>
  <trkpt lat="33.73887307" lon="-84.42038172"><ele>290.000</ele><time>2025-10-17T12:59:20Z</time><speed>0.850</speed><sat>19</sat></trkpt>
  <trkpt lat="33.73886426" lon="-84.42038608"><ele>290.000</ele><time>2025-10-17T12:59:21Z</time><speed>0.740</speed><sat>20</sat></trkpt>
  <trkpt lat="33.73886255" lon="-84.42038541"><ele>290.000</ele><time>2025-10-17T12:59:22Z</time><speed>0.650</speed><sat>17</sat></trkpt>
  <trkpt lat="33.73885710" lon="-84.42038222"><ele>290.000</ele><time>2025-10-17T12:59:23Z</time><speed>0.130</speed><sat>18</sat></trkpt>
  <trkpt lat="33.73883795" lon="-84.42037049"><ele>289.000</ele><time>2025-10-17T12:59:24Z</time><speed>2.190</speed><sat>17</sat></trkpt>
  <trkpt lat="33.73882680" lon="-84.42036127"><ele>289.000</ele><time>2025-10-17T12:59:25Z</time><speed>0.770</speed><sat>18</sat></trkpt>
  <trkpt lat="33.73882139" lon="-84.42036018"><ele>289.000</ele><time>2025-10-17T12:59:26Z</time><speed>0.150</speed><sat>18</sat></trkpt>
  <trkpt lat="33.73881020" lon="-84.42036051"><ele>290.000</ele><time>2025-10-17T12:59:27Z</time><speed>0.540</speed><sat>18</sat></trkpt>
  <trkpt lat="33.73879998" lon="-84.42036194"><ele>290.000</ele><time>2025-10-17T12:59:28Z</time><speed>0.640</speed><sat>19</sat></trkpt>
  <trkpt lat="33.73878816" lon="-84.42035976"><ele>290.000</ele><time>2025-10-17T12:59:29Z</time><speed>0.140</speed><sat>20</sat></trkpt>
  <trkpt lat="33.73877500" lon="-84.42035967"><ele>290.000</ele><time>2025-10-17T12:59:30Z</time><speed>0.810</speed><sat>19</sat></trkpt>
  <trkpt lat="33.73876486" lon="-84.42035724"><ele>290.000</ele><time>2025-10-17T12:59:31Z</time><speed>1.140</speed><sat>18</sat></trkpt>
  <trkpt lat="33.73875128" lon="-84.42035389"><ele>290.000</ele><time>2025-10-17T12:59:32Z</time><speed>1.160</speed><sat>16</sat></trkpt>
  <trkpt lat="33.73874193" lon="-84.42035289"><ele>290.000</ele><time>2025-10-17T12:59:33Z</time><speed>0.610</speed><sat>19</sat></trkpt>
  <trkpt lat="33.73873313" lon="-84.42035356"><ele>291.000</ele><time>2025-10-17T12:59:34Z</time><speed>0.550</speed><sat>19</sat></trkpt>
  <trkpt lat="33.73872391" lon="-84.42035540"><ele>291.000</ele><time>2025-10-17T12:59:35Z</time><speed>0.670</speed><sat>19</sat></trkpt>
  <trkpt lat="33.73871255" lon="-84.42035247"><ele>291.000</ele><time>2025-10-17T12:59:36Z</time><speed>1.000</speed><sat>18</sat></trkpt>
  <trkpt lat="33.73870668" lon="-84.42034802"><ele>291.000</ele><time>2025-10-17T12:59:37Z</time><speed>0.790</speed><sat>20</sat></trkpt>
  <trkpt lat="33.73869315" lon="-84.42034123"><ele>291.000</ele><time>2025-10-17T12:59:38Z</time><speed>1.140</speed><sat>18</sat></trkpt>
  <trkpt lat="33.73868632" lon="-84.42033553"><ele>291.000</ele><time>2025-10-17T12:59:39Z</time><speed>0.820</speed><sat>18</sat></trkpt>
  <trkpt lat="33.73867651" lon="-84.42033000"><ele>291.000</ele><time>2025-10-17T12:59:40Z</time><speed>0.840</speed><sat>19</sat></trkpt>
  <trkpt lat="33.73866662" lon="-84.42032816"><ele>291.000</ele><time>2025-10-17T12:59:41Z</time><speed>0.820</speed><sat>19</sat></trkpt>
  <trkpt lat="33.73865664" lon="-84.42032732"><ele>291.000</ele><time>2025-10-17T12:59:42Z</time><speed>0.950</speed><sat>20</sat></trkpt>
  <trkpt lat="33.73864608" lon="-84.42032514"><ele>291.000</ele><time>2025-10-17T12:59:43Z</time><speed>1.040</speed><sat>20</sat></trkpt>
  <trkpt lat="33.73863653" lon="-84.42032112"><ele>291.000</ele><time>2025-10-17T12:59:44Z</time><speed>0.850</speed><sat>18</sat></trkpt>
  <trkpt lat="33.73862643" lon="-84.42031609"><ele>291.000</ele><time>2025-10-17T12:59:45Z</time><speed>1.000</speed><sat>20</sat></trkpt>
  <trkpt lat="33.73862014" lon="-84.42031626"><ele>291.000</ele><time>2025-10-17T12:59:46Z</time><speed>0.880</speed><sat>18</sat></trkpt>
  <trkpt lat="33.73860845" lon="-84.42031433"><ele>291.000</ele><time>2025-10-17T12:59:47Z</time><speed>1.080</speed><sat>16</sat></trkpt>
  <trkpt lat="33.73859914" lon="-84.42031240"><ele>291.000</ele><time>2025-10-17T12:59:48Z</time><speed>0.700</speed><sat>17</sat></trkpt>
  <trkpt lat="33.73859060" lon="-84.42030980"><ele>291.000</ele><time>2025-10-17T12:59:49Z</time><speed>0.860</speed><sat>20</sat></trkpt>
  <trkpt lat="33.73858213" lon="-84.42030963"><ele>291.000</ele><time>2025-10-17T12:59:50Z</time><speed>0.630</speed><sat>20</sat></trkpt>
  <trkpt lat="33.73857123" lon="-84.42030963"><ele>291.000</ele><time>2025-10-17T12:59:51Z</time><speed>0.670</speed><sat>21</sat></trkpt>
  <trkpt lat="33.73856298" lon="-84.42031047"><ele>291.000</ele><time>2025-10-17T12:59:52Z</time><speed>0.820</speed><sat>18</sat></trkpt>
  <trkpt lat="33.73855351" lon="-84.42031198"><ele>291.000</ele><time>2025-10-17T12:59:53Z</time><speed>0.750</speed><sat>20</sat></trkpt>
  <trkpt lat="33.73854491" lon="-84.42030980"><ele>291.000</ele><time>2025-10-17T12:59:54Z</time><speed>0.800</speed><sat>21</sat></trkpt>
  <trkpt lat="33.73853695" lon="-84.42030645"><ele>291.000</ele><time>2025-10-17T12:59:55Z</time><speed>0.820</speed><sat>20</sat></trkpt>
  <trkpt lat="33.73852890" lon="-84.42030452"><ele>291.000</ele><time>2025-10-17T12:59:56Z</time><speed>0.750</speed><sat>21</sat></trkpt>
  <trkpt lat="33.73851893" lon="-84.42030335"><ele>291.000</ele><time>2025-10-17T12:59:57Z</time><speed>1.170</speed><sat>21</sat></trkpt>
  <trkpt lat="33.73850862" lon="-84.42030385"><ele>291.000</ele><time>2025-10-17T12:59:58Z</time><speed>1.160</speed><sat>21</sat></trkpt>
  <trkpt lat="33.73849408" lon="-84.42028650"><ele>291.000</ele><time>2025-10-17T12:59:59Z</time><speed>2.010</speed><sat>18</sat></trkpt>
  <trkpt lat="33.73848377" lon="-84.42026823"><ele>291.000</ele><time>2025-10-17T13:00:00Z</time><speed>1.620</speed><sat>17</sat></trkpt>
  <trkpt lat="33.73848419" lon="-84.42026060"><ele>291.000</ele><time>2025-10-17T13:00:01Z</time><speed>0.650</speed><sat>18</sat></trkpt>
  <trkpt lat="33.73848238" lon="-84.42025892"><ele>291.000</ele><time>2025-10-17T13:00:02Z</time><speed>0.490</speed><sat>19</sat></trkpt>
  <trkpt lat="33.73847296" lon="-84.42025021"><ele>291.000</ele><time>2025-10-17T13:00:03Z</time><speed>0.990</speed><sat>19</sat></trkpt>
  <trkpt lat="33.73846327" lon="-84.42024426"><ele>291.000</ele><time>2025-10-17T13:00:04Z</time><speed>1.120</speed><sat>20</sat></trkpt>
  <trkpt lat="33.73845053" lon="-84.42024115"><ele>291.000</ele><time>2025-10-17T13:00:05Z</time><speed>0.940</speed><sat>19</sat></trkpt>
  <trkpt lat="33.73844043" lon="-84.42023571"><ele>291.000</ele><time>2025-10-17T13:00:06Z</time><speed>0.960</speed><sat>19</sat></trkpt>
  <trkpt lat="33.73843197" lon="-84.42022531"><ele>291.000</ele><time>2025-10-17T13:00:07Z</time><speed>1.550</speed><sat>17</sat></trkpt>
  <trkpt lat="33.73842581" lon="-84.42021769"><ele>291.000</ele><time>2025-10-17T13:00:08Z</time><speed>0.510</speed><sat>20</sat></trkpt>
  <trkpt lat="33.73841793" lon="-84.42021299"><ele>291.000</ele><time>2025-10-17T13:00:09Z</time><speed>0.650</speed><sat>20</sat></trkpt>
  <trkpt lat="33.73840879" lon="-84.42020763"><ele>292.000</ele><time>2025-10-17T13:00:10Z</time><speed>0.770</speed><sat>20</sat></trkpt>
  <trkpt lat="33.73840154" lon="-84.42020000"><ele>292.000</ele><time>2025-10-17T13:00:11Z</time><speed>0.910</speed><sat>19</sat></trkpt>
  <trkpt lat="33.73839291" lon="-84.42019363"><ele>292.000</ele><time>2025-10-17T13:00:12Z</time><speed>0.700</speed><sat>19</sat></trkpt>
  <trkpt lat="33.73837765" lon="-84.42018634"><ele>292.000</ele><time>2025-10-17T13:00:13Z</time><speed>0.770</speed><sat>19</sat></trkpt>
  <trkpt lat="33.73837292" lon="-84.42017972"><ele>292.000</ele><time>2025-10-17T13:00:14Z</time><speed>0.560</speed><sat>19</sat></trkpt>
  <trkpt lat="33.73836525" lon="-84.42017309"><ele>292.000</ele><time>2025-10-17T13:00:15Z</time><speed>0.310</speed><sat>19</sat></trkpt>
  <trkpt lat="33.73835661" lon="-84.42016111"><ele>292.000</ele><time>2025-10-17T13:00:16Z</time><speed>0.470</speed><sat>20</sat></trkpt>
  <trkpt lat="33.73834878" lon="-84.42014753"><ele>292.000</ele><time>2025-10-17T13:00:17Z</time><speed>1.070</speed><sat>20</sat></trkpt>
  <trkpt lat="33.73834098" lon="-84.42013806"><ele>292.000</ele><time>2025-10-17T13:00:18Z</time><speed>0.840</speed><sat>20</sat></trkpt>
  <trkpt lat="33.73833545" lon="-84.42013043"><ele>292.000</ele><time>2025-10-17T13:00:19Z</time><speed>0.970</speed><sat>20</sat></trkpt>
  <trkpt lat="33.73832589" lon="-84.42012465"><ele>293.000</ele><time>2025-10-17T13:00:20Z</time><speed>0.820</speed><sat>19</sat></trkpt>
  <trkpt lat="33.73832166" lon="-84.42011585"><ele>293.000</ele><time>2025-10-17T13:00:21Z</time><speed>0.650</speed><sat>20</sat></trkpt>
  <trkpt lat="33.73832103" lon="-84.42010411"><ele>293.000</ele><time>2025-10-17T13:00:22Z</time><speed>0.800</speed><sat>19</sat></trkpt>
  <trkpt lat="33.73831827" lon="-84.42009472"><ele>293.000</ele><time>2025-10-17T13:00:23Z</time><speed>0.610</speed><sat>20</sat></trkpt>
  <trkpt lat="33.73831642" lon="-84.42007930"><ele>293.000</ele><time>2025-10-17T13:00:24Z</time><speed>0.800</speed><sat>21</sat></trkpt>
  <trkpt lat="33.73831324" lon="-84.42006664"><ele>292.000</ele><time>2025-10-17T13:00:25Z</time><speed>0.840</speed><sat>22</sat></trkpt>
  <trkpt lat="33.73831127" lon="-84.42005390"><ele>292.000</ele><time>2025-10-17T13:00:26Z</time><speed>0.910</speed><sat>21</sat></trkpt>
  <trkpt lat="33.73830745" lon="-84.42003932"><ele>292.000</ele><time>2025-10-17T13:00:27Z</time><speed>0.960</speed><sat>21</sat></trkpt>
  <trkpt lat="33.73830704" lon="-84.42002515"><ele>292.000</ele><time>2025-10-17T13:00:28Z</time><speed>1.000</speed><sat>21</sat></trkpt>
  <trkpt lat="33.73830896" lon="-84.42001426"><ele>292.000</ele><time>2025-10-17T13:00:29Z</time><speed>0.670</speed><sat>20</sat></trkpt>
  <trkpt lat="33.73830800" lon="-84.42000336"><ele>293.000</ele><time>2025-10-17T13:00:30Z</time><speed>0.700</speed><sat>22</sat></trkpt>
  <trkpt lat="33.73830821" lon="-84.41999079"><ele>293.000</ele><time>2025-10-17T13:00:31Z</time><speed>0.620</speed><sat>22</sat></trkpt>
  <trkpt lat="33.73831039" lon="-84.41997930"><ele>293.000</ele><time>2025-10-17T13:00:32Z</time><speed>1.050</speed><sat>21</sat></trkpt>
  <trkpt lat="33.73830687" lon="-84.41996849"><ele>293.000</ele><time>2025-10-17T13:00:33Z</time><speed>1.150</speed><sat>22</sat></trkpt>
  <trkpt lat="33.73830582" lon="-84.41995969"><ele>293.000</ele><time>2025-10-17T13:00:34Z</time><speed>0.680</speed><sat>20</sat></trkpt>
  <trkpt lat="33.73830850" lon="-84.41995190"><ele>293.000</ele><time>2025-10-17T13:00:35Z</time><speed>0.860</speed><sat>22</sat></trkpt>
  <trkpt lat="33.73831529" lon="-84.41993932"><ele>293.000</ele><time>2025-10-17T13:00:36Z</time><speed>1.110</speed><sat>20</sat></trkpt>
  <trkpt lat="33.73832124" lon="-84.41992516"><ele>293.000</ele><time>2025-10-17T13:00:37Z</time><speed>1.090</speed><sat>21</sat></trkpt>
  <trkpt lat="33.73832837" lon="-84.41991217"><ele>292.000</ele><time>2025-10-17T13:00:38Z</time><speed>1.260</speed><sat>20</sat></trkpt>
  <trkpt lat="33.73833491" lon="-84.41990311"><ele>292.000</ele><time>2025-10-17T13:00:39Z</time><speed>0.890</speed><sat>20</sat></trkpt>
  <trkpt lat="33.73834090" lon="-84.41989582"><ele>292.000</ele><time>2025-10-17T13:00:40Z</time><speed>0.810</speed><sat>19</sat></trkpt>
  <trkpt lat="33.73834702" lon="-84.41988735"><ele>292.000</ele><time>2025-10-17T13:00:41Z</time><speed>0.790</speed><sat>21</sat></trkpt>
  <trkpt lat="33.73835477" lon="-84.41987914"><ele>292.000</ele><time>2025-10-17T13:00:42Z</time><speed>1.190</speed><sat>19</sat></trkpt>
  <trkpt lat="33.73836206" lon="-84.41986808"><ele>292.000</ele><time>2025-10-17T13:00:43Z</time><speed>0.780</speed><sat>20</sat></trkpt>
  <trkpt lat="33.73836864" lon="-84.41985844"><ele>292.000</ele><time>2025-10-17T13:00:44Z</time><speed>0.540</speed><sat>19</sat></trkpt>
  <trkpt lat="33.73836567" lon="-84.41984964"><ele>292.000</ele><time>2025-10-17T13:00:45Z</time><speed>0.370</speed><sat>20</sat></trkpt>
  <trkpt lat="33.73836525" lon="-84.41984938"><ele>292.000</ele><time>2025-10-17T13:00:46Z</time><speed>0.270</speed><sat>20</sat></trkpt>
  <trkpt lat="33.73836944" lon="-84.41984980"><ele>292.000</ele><time>2025-10-17T13:00:47Z</time><speed>0.000</speed><sat>20</sat></trkpt>
  <trkpt lat="33.73838365" lon="-84.41984285"><ele>292.000</ele><time>2025-10-17T13:00:48Z</time><speed>0.840</speed><sat>20</sat></trkpt>
  <trkpt lat="33.73838759" lon="-84.41984201"><ele>292.000</ele><time>2025-10-17T13:00:49Z</time><speed>0.500</speed><sat>18</sat></trkpt>
  <trkpt lat="33.73838524" lon="-84.41984092"><ele>293.000</ele><time>2025-10-17T13:00:50Z</time><speed>0.440</speed><sat>15</sat></trkpt>
  <trkpt lat="33.73838666" lon="-84.41983975"><ele>293.000</ele><time>2025-10-17T13:00:51Z</time><speed>0.540</speed><sat>18</sat></trkpt>
  <trkpt lat="33.73838624" lon="-84.41983354"><ele>294.000</ele><time>2025-10-17T13:00:52Z</time><speed>0.080</speed><sat>20</sat></trkpt>
  <trkpt lat="33.73839140" lon="-84.41982918"><ele>294.000</ele><time>2025-10-17T13:00:53Z</time><speed>0.690</speed><sat>20</sat></trkpt>
  <trkpt lat="33.73839261" lon="-84.41982315"><ele>293.000</ele><time>2025-10-17T13:00:54Z</time><speed>0.080</speed><sat>19</sat></trkpt>
  <trkpt lat="33.73839781" lon="-84.41982114"><ele>293.000</ele><time>2025-10-17T13:00:55Z</time><speed>0.110</speed><sat>19</sat></trkpt>
  <trkpt lat="33.73839869" lon="-84.41981418"><ele>294.000</ele><time>2025-10-17T13:00:56Z</time><speed>0.170</speed><sat>18</sat></trkpt>
  <trkpt lat="33.73839676" lon="-84.41981535"><ele>293.000</ele><time>2025-10-17T13:00:57Z</time><speed>0.210</speed><sat>17</sat></trkpt>
  <trkpt lat="33.73839349" lon="-84.41981410"><ele>293.000</ele><time>2025-10-17T13:00:58Z</time><speed>0.140</speed><sat>17</sat></trkpt>
  <trkpt lat="33.73839069" lon="-84.41980437"><ele>293.000</ele><time>2025-10-17T13:00:59Z</time><speed>0.630</speed><sat>18</sat></trkpt>
  <trkpt lat="33.73839526" lon="-84.41979348"><ele>293.000</ele><time>2025-10-17T13:01:00Z</time><speed>1.370</speed><sat>17</sat></trkpt>
  <trkpt lat="33.73839454" lon="-84.41978124"><ele>293.000</ele><time>2025-10-17T13:01:01Z</time><speed>1.210</speed><sat>17</sat></trkpt>
  <trkpt lat="33.73839165" lon="-84.41977655"><ele>293.000</ele><time>2025-10-17T13:01:02Z</time><speed>0.730</speed><sat>19</sat></trkpt>
  <trkpt lat="33.73838453" lon="-84.41977135"><ele>293.000</ele><time>2025-10-17T13:01:03Z</time><speed>1.140</speed><sat>19</sat></trkpt>
  <trkpt lat="33.73837392" lon="-84.41977059"><ele>293.000</ele><time>2025-10-17T13:01:04Z</time><speed>0.910</speed><sat>19</sat></trkpt>
  <trkpt lat="33.73836500" lon="-84.41976867"><ele>293.000</ele><time>2025-10-17T13:01:05Z</time><speed>0.980</speed><sat>19</sat></trkpt>
  <trkpt lat="33.73835544" lon="-84.41976473"><ele>293.000</ele><time>2025-10-17T13:01:06Z</time><speed>1.080</speed><sat>20</sat></trkpt>
  <trkpt lat="33.73834454" lon="-84.41976355"><ele>293.000</ele><time>2025-10-17T13:01:07Z</time><speed>1.260</speed><sat>19</sat></trkpt>
  <trkpt lat="33.73833235" lon="-84.41976842"><ele>293.000</ele><time>2025-10-17T13:01:08Z</time><speed>1.520</speed><sat>17</sat></trkpt>
  <trkpt lat="33.73831927" lon="-84.41976858"><ele>293.000</ele><time>2025-10-17T13:01:09Z</time><speed>1.450</speed><sat>19</sat></trkpt>
  <trkpt lat="33.73830557" lon="-84.41976875"><ele>293.000</ele><time>2025-10-17T13:01:10Z</time><speed>1.520</speed><sat>17</sat></trkpt>
  <trkpt lat="33.73829388" lon="-84.41976565"><ele>293.000</ele><time>2025-10-17T13:01:11Z</time><speed>1.170</speed><sat>20</sat></trkpt>
  <trkpt lat="33.73828596" lon="-84.41975970"><ele>293.000</ele><time>2025-10-17T13:01:12Z</time><speed>0.960</speed><sat>18</sat></trkpt>
  <trkpt lat="33.73827523" lon="-84.41975794"><ele>293.000</ele><time>2025-10-17T13:01:13Z</time><speed>1.280</speed><sat>17</sat></trkpt>
  <trkpt lat="33.73826441" lon="-84.41975744"><ele>293.000</ele><time>2025-10-17T13:01:14Z</time><speed>1.210</speed><sat>19</sat></trkpt>
  <trkpt lat="33.73825209" lon="-84.41975819"><ele>293.000</ele><time>2025-10-17T13:01:15Z</time><speed>1.140</speed><sat>21</sat></trkpt>
  <trkpt lat="33.73823872" lon="-84.41975836"><ele>293.000</ele><time>2025-10-17T13:01:16Z</time><speed>1.640</speed><sat>20</sat></trkpt>
  <trkpt lat="33.73822301" lon="-84.41975500"><ele>293.000</ele><time>2025-10-17T13:01:17Z</time><speed>1.340</speed><sat>20</sat></trkpt>
  <trkpt lat="33.73821069" lon="-84.41975534"><ele>293.000</ele><time>2025-10-17T13:01:18Z</time><speed>1.020</speed><sat>19</sat></trkpt>
  <trkpt lat="33.73820415" lon="-84.41975098"><ele>293.000</ele><time>2025-10-17T13:01:19Z</time><speed>0.740</speed><sat>20</sat></trkpt>
  <trkpt lat="33.73819929" lon="-84.41974587"><ele>293.000</ele><time>2025-10-17T13:01:20Z</time><speed>1.650</speed><sat>19</sat></trkpt>
  <trkpt lat="33.73819028" lon="-84.41973908"><ele>293.000</ele><time>2025-10-17T13:01:21Z</time><speed>0.950</speed><sat>17</sat></trkpt>
  <trkpt lat="33.73817883" lon="-84.41973883"><ele>293.000</ele><time>2025-10-17T13:01:22Z</time><speed>0.820</speed><sat>18</sat></trkpt>
  <trkpt lat="33.73817129" lon="-84.41974076"><ele>292.000</ele><time>2025-10-17T13:01:23Z</time><speed>0.440</speed><sat>20</sat></trkpt>
  <trkpt lat="33.73816186" lon="-84.41973832"><ele>292.000</ele><time>2025-10-17T13:01:24Z</time><speed>1.400</speed><sat>19</sat></trkpt>
  <trkpt lat="33.73814803" lon="-84.41974763"><ele>292.000</ele><time>2025-10-17T13:01:25Z</time><speed>1.480</speed><sat>18</sat></trkpt>
  <trkpt lat="33.73813366" lon="-84.41974989"><ele>292.000</ele><time>2025-10-17T13:01:26Z</time><speed>1.510</speed><sat>18</sat></trkpt>
  <trkpt lat="33.73811455" lon="-84.41974637"><ele>292.000</ele><time>2025-10-17T13:01:27Z</time><speed>1.880</speed><sat>17</sat></trkpt>
  <trkpt lat="33.73810214" lon="-84.41973723"><ele>292.000</ele><time>2025-10-17T13:01:28Z</time><speed>1.390</speed><sat>19</sat></trkpt>
  <trkpt lat="33.73809305" lon="-84.41973413"><ele>292.000</ele><time>2025-10-17T13:01:29Z</time><speed>1.270</speed><sat>20</sat></trkpt>
  <trkpt lat="33.73808764" lon="-84.41973195"><ele>291.000</ele><time>2025-10-17T13:01:30Z</time><speed>0.160</speed><sat>20</sat></trkpt>
  <trkpt lat="33.73808127" lon="-84.41972843"><ele>291.000</ele><time>2025-10-17T13:01:31Z</time><speed>0.370</speed><sat>16</sat></trkpt>
  <trkpt lat="33.73807243" lon="-84.41972282"><ele>291.000</ele><time>2025-10-17T13:01:32Z</time><speed>0.640</speed><sat>19</sat></trkpt>
  <trkpt lat="33.73807255" lon="-84.41970949"><ele>291.000</ele><time>2025-10-17T13:01:33Z</time><speed>1.150</speed><sat>20</sat></trkpt>
  <trkpt lat="33.73806375" lon="-84.41969608"><ele>291.000</ele><time>2025-10-17T13:01:34Z</time><speed>1.230</speed><sat>20</sat></trkpt>
  <trkpt lat="33.73806090" lon="-84.41968225"><ele>291.000</ele><time>2025-10-17T13:01:35Z</time><speed>1.140</speed><sat>19</sat></trkpt>
  <trkpt lat="33.73805772" lon="-84.41967093"><ele>291.000</ele><time>2025-10-17T13:01:36Z</time><speed>0.520</speed><sat>21</sat></trkpt>
  <trkpt lat="33.73805440" lon="-84.41965937"><ele>292.000</ele><time>2025-10-17T13:01:37Z</time><speed>1.060</speed><sat>19</sat></trkpt>
  <trkpt lat="33.73805084" lon="-84.41964855"><ele>292.000</ele><time>2025-10-17T13:01:38Z</time><speed>1.140</speed><sat>21</sat></trkpt>
  <trkpt lat="33.73804883" lon="-84.41963322"><ele>292.000</ele><time>2025-10-17T13:01:39Z</time><speed>1.130</speed><sat>19</sat></trkpt>
  <trkpt lat="33.73804682" lon="-84.41961687"><ele>291.000</ele><time>2025-10-17T13:01:40Z</time><speed>1.390</speed><sat>20</sat></trkpt>
  <trkpt lat="33.73804338" lon="-84.41960229"><ele>292.000</ele><time>2025-10-17T13:01:41Z</time><speed>1.420</speed><sat>20</sat></trkpt>
  <trkpt lat="33.73804057" lon="-84.41958225"><ele>292.000</ele><time>2025-10-17T13:01:42Z</time><speed>1.460</speed><sat>20</sat></trkpt>
  <trkpt lat="33.73804179" lon="-84.41956423"><ele>293.000</ele><time>2025-10-17T13:01:43Z</time><speed>1.360</speed><sat>20</sat></trkpt>
  <trkpt lat="33.73804078" lon="-84.41954873"><ele>293.000</ele><time>2025-10-17T13:01:44Z</time><speed>1.210</speed><sat>21</sat></trkpt>
  <trkpt lat="33.73803731" lon="-84.41953523"><ele>293.000</ele><time>2025-10-17T13:01:45Z</time><speed>1.180</speed><sat>22</sat></trkpt>
  <trkpt lat="33.73803647" lon="-84.41952031"><ele>292.000</ele><time>2025-10-17T13:01:46Z</time><speed>1.240</speed><sat>21</sat></trkpt>
  <trkpt lat="33.73803693" lon="-84.41950489"><ele>293.000</ele><time>2025-10-17T13:01:47Z</time><speed>1.540</speed><sat>21</sat></trkpt>
  <trkpt lat="33.73803873" lon="-84.41949022"><ele>293.000</ele><time>2025-10-17T13:01:48Z</time><speed>1.040</speed><sat>20</sat></trkpt>
  <trkpt lat="33.73803387" lon="-84.41947790"><ele>293.000</ele><time>2025-10-17T13:01:49Z</time><speed>1.220</speed><sat>21</sat></trkpt>
  <trkpt lat="33.73803307" lon="-84.41946357"><ele>293.000</ele><time>2025-10-17T13:01:50Z</time><speed>1.290</speed><sat>20</sat></trkpt>
  <trkpt lat="33.73803094" lon="-84.41944957"><ele>293.000</ele><time>2025-10-17T13:01:51Z</time><speed>1.080</speed><sat>19</sat></trkpt>
  <trkpt lat="33.73802968" lon="-84.41943389"><ele>293.000</ele><time>2025-10-17T13:01:52Z</time><speed>1.240</speed><sat>21</sat></trkpt>
  <trkpt lat="33.73802880" lon="-84.41941889"><ele>293.000</ele><time>2025-10-17T13:01:53Z</time><speed>1.260</speed><sat>22</sat></trkpt>
  <trkpt lat="33.73802804" lon="-84.41940397"><ele>293.000</ele><time>2025-10-17T13:01:54Z</time><speed>1.000</speed><sat>22</sat></trkpt>
  <trkpt lat="33.73802951" lon="-84.41939165"><ele>293.000</ele><time>2025-10-17T13:01:55Z</time><speed>1.040</speed><sat>22</sat></trkpt>
  <trkpt lat="33.73803316" lon="-84.41937857"><ele>293.000</ele><time>2025-10-17T13:01:56Z</time><speed>1.240</speed><sat>22</sat></trkpt>
  <trkpt lat="33.73803244" lon="-84.41936499"><ele>293.000</ele><time>2025-10-17T13:01:57Z</time><speed>1.260</speed><sat>22</sat></trkpt>
  <trkpt lat="33.73803462" lon="-84.41935058"><ele>293.000</ele><time>2025-10-17T13:01:58Z</time><speed>1.270</speed><sat>23</sat></trkpt>
  <trkpt lat="33.73803647" lon="-84.41933423"><ele>293.000</ele><time>2025-10-17T13:01:59Z</time><speed>1.330</speed><sat>23</sat></trkpt>
  <trkpt lat="33.73803768" lon="-84.41931864"><ele>293.000</ele><time>2025-10-17T13:02:00Z</time><speed>1.210</speed><sat>23</sat></trkpt>
  <trkpt lat="33.73803823" lon="-84.41930330"><ele>294.000</ele><time>2025-10-17T13:02:01Z</time><speed>1.320</speed><sat>23</sat></trkpt>
  <trkpt lat="33.73803772" lon="-84.41928972"><ele>294.000</ele><time>2025-10-17T13:02:02Z</time><speed>1.190</speed><sat>22</sat></trkpt>
  <trkpt lat="33.73803555" lon="-84.41927774"><ele>294.000</ele><time>2025-10-17T13:02:03Z</time><speed>1.010</speed><sat>21</sat></trkpt>
  <trkpt lat="33.73803286" lon="-84.41926701"><ele>294.000</ele><time>2025-10-17T13:02:04Z</time><speed>0.890</speed><sat>21</sat></trkpt>
  <trkpt lat="33.73803358" lon="-84.41925326"><ele>294.000</ele><time>2025-10-17T13:02:05Z</time><speed>1.430</speed><sat>21</sat></trkpt>
  <trkpt lat="33.73803437" lon="-84.41923558"><ele>294.000</ele><time>2025-10-17T13:02:06Z</time><speed>1.480</speed><sat>22</sat></trkpt>
  <trkpt lat="33.73803550" lon="-84.41921831"><ele>294.000</ele><time>2025-10-17T13:02:07Z</time><speed>1.510</speed><sat>22</sat></trkpt>
  <trkpt lat="33.73803613" lon="-84.41920255"><ele>294.000</ele><time>2025-10-17T13:02:08Z</time><speed>1.380</speed><sat>22</sat></trkpt>
  <trkpt lat="33.73803496" lon="-84.41919006"><ele>294.000</ele><time>2025-10-17T13:02:09Z</time><speed>1.150</speed><sat>21</sat></trkpt>
  <trkpt lat="33.73803458" lon="-84.41917724"><ele>294.000</ele><time>2025-10-17T13:02:10Z</time><speed>1.230</speed><sat>21</sat></trkpt>
  <trkpt lat="33.73803684" lon="-84.41916509"><ele>293.000</ele><time>2025-10-17T13:02:11Z</time><speed>1.020</speed><sat>20</sat></trkpt>
  <trkpt lat="33.73803890" lon="-84.41915251"><ele>293.000</ele><time>2025-10-17T13:02:12Z</time><speed>1.400</speed><sat>19</sat></trkpt>
  <trkpt lat="33.73804057" lon="-84.41913743"><ele>293.000</ele><time>2025-10-17T13:02:13Z</time><speed>1.350</speed><sat>21</sat></trkpt>
  <trkpt lat="33.73804439" lon="-84.41912083"><ele>293.000</ele><time>2025-10-17T13:02:14Z</time><speed>1.610</speed><sat>22</sat></trkpt>
  <trkpt lat="33.73804636" lon="-84.41910465"><ele>293.000</ele><time>2025-10-17T13:02:15Z</time><speed>1.410</speed><sat>22</sat></trkpt>
  <trkpt lat="33.73804653" lon="-84.41908998"><ele>293.000</ele><time>2025-10-17T13:02:16Z</time><speed>1.240</speed><sat>21</sat></trkpt>
  <trkpt lat="33.73804577" lon="-84.41907289"><ele>293.000</ele><time>2025-10-17T13:02:17Z</time><speed>2.000</speed><sat>22</sat></trkpt>
  <trkpt lat="33.73804460" lon="-84.41905637"><ele>293.000</ele><time>2025-10-17T13:02:18Z</time><speed>1.370</speed><sat>23</sat></trkpt>
  <trkpt lat="33.73804330" lon="-84.41903869"><ele>293.000</ele><time>2025-10-17T13:02:19Z</time><speed>1.530</speed><sat>23</sat></trkpt>
  <trkpt lat="33.73804418" lon="-84.41902075"><ele>293.000</ele><time>2025-10-17T13:02:20Z</time><speed>1.550</speed><sat>21</sat></trkpt>
  <trkpt lat="33.73804280" lon="-84.41900533"><ele>293.000</ele><time>2025-10-17T13:02:21Z</time><speed>1.500</speed><sat>20</sat></trkpt>
  <trkpt lat="33.73804057" lon="-84.41899158"><ele>293.000</ele><time>2025-10-17T13:02:22Z</time><speed>1.270</speed><sat>22</sat></trkpt>
  <trkpt lat="33.73804196" lon="-84.41897926"><ele>293.000</ele><time>2025-10-17T13:02:23Z</time><speed>1.190</speed><sat>21</sat></trkpt>
  <trkpt lat="33.73804305" lon="-84.41896518"><ele>293.000</ele><time>2025-10-17T13:02:24Z</time><speed>1.370</speed><sat>21</sat></trkpt>
  <trkpt lat="33.73804129" lon="-84.41895286"><ele>293.000</ele><time>2025-10-17T13:02:25Z</time><speed>1.330</speed><sat>22</sat></trkpt>
  <trkpt lat="33.73804145" lon="-84.41893810"><ele>293.000</ele><time>2025-10-17T13:02:26Z</time><speed>1.290</speed><sat>22</sat></trkpt>
  <trkpt lat="33.73804401" lon="-84.41892729"><ele>293.000</ele><time>2025-10-17T13:02:27Z</time><speed>1.050</speed><sat>19</sat></trkpt>
  <trkpt lat="33.73804669" lon="-84.41891514"><ele>293.000</ele><time>2025-10-17T13:02:28Z</time><speed>1.230</speed><sat>22</sat></trkpt>
  <trkpt lat="33.73804812" lon="-84.41889955"><ele>293.000</ele><time>2025-10-17T13:02:29Z</time><speed>1.470</speed><sat>20</sat></trkpt>
  <trkpt lat="33.73804845" lon="-84.41888396"><ele>294.000</ele><time>2025-10-17T13:02:30Z</time><speed>1.210</speed><sat>21</sat></trkpt>
  <trkpt lat="33.73804812" lon="-84.41886946"><ele>294.000</ele><time>2025-10-17T13:02:31Z</time><speed>1.170</speed><sat>20</sat></trkpt>
  <trkpt lat="33.73804690" lon="-84.41885504"><ele>294.000</ele><time>2025-10-17T13:02:32Z</time><speed>1.400</speed><sat>23</sat></trkpt>
  <trkpt lat="33.73804615" lon="-84.41883953"><ele>294.000</ele><time>2025-10-17T13:02:33Z</time><speed>1.440</speed><sat>22</sat></trkpt>
  <trkpt lat="33.73804577" lon="-84.41882587"><ele>294.000</ele><time>2025-10-17T13:02:34Z</time><speed>1.230</speed><sat>20</sat></trkpt>
  <trkpt lat="33.73804477" lon="-84.41881380"><ele>294.000</ele><time>2025-10-17T13:02:35Z</time><speed>1.090</speed><sat>19</sat></trkpt>
  <trkpt lat="33.73804485" lon="-84.41880022"><ele>294.000</ele><time>2025-10-17T13:02:36Z</time><speed>1.200</speed><sat>22</sat></trkpt>
  <trkpt lat="33.73804653" lon="-84.41878723"><ele>294.000</ele><time>2025-10-17T13:02:37Z</time><speed>1.070</speed><sat>22</sat></trkpt>
  <trkpt lat="33.73804695" lon="-84.41877499"><ele>294.000</ele><time>2025-10-17T13:02:38Z</time><speed>1.250</speed><sat>20</sat></trkpt>
  <trkpt lat="33.73804527" lon="-84.41875974"><ele>294.000</ele><time>2025-10-17T13:02:39Z</time><speed>1.470</speed><sat>22</sat></trkpt>
  <trkpt lat="33.73804506" lon="-84.41874138"><ele>294.000</ele><time>2025-10-17T13:02:40Z</time><speed>1.700</speed><sat>21</sat></trkpt>
  <trkpt lat="33.73804707" lon="-84.41872361"><ele>294.000</ele><time>2025-10-17T13:02:41Z</time><speed>1.350</speed><sat>20</sat></trkpt>
  <trkpt lat="33.73804820" lon="-84.41870760"><ele>294.000</ele><time>2025-10-17T13:02:42Z</time><speed>1.400</speed><sat>20</sat></trkpt>
  <trkpt lat="33.73804938" lon="-84.41869411"><ele>294.000</ele><time>2025-10-17T13:02:43Z</time><speed>1.160</speed><sat>20</sat></trkpt>
  <trkpt lat="33.73804975" lon="-84.41867969"><ele>294.000</ele><time>2025-10-17T13:02:44Z</time><speed>1.250</speed><sat>21</sat></trkpt>
  <trkpt lat="33.73804887" lon="-84.41866226"><ele>294.000</ele><time>2025-10-17T13:02:45Z</time><speed>1.000</speed><sat>20</sat></trkpt>
  <trkpt lat="33.73804783" lon="-84.41864792"><ele>293.000</ele><time>2025-10-17T13:02:46Z</time><speed>1.160</speed><sat>22</sat></trkpt>
  <trkpt lat="33.73804938" lon="-84.41863342"><ele>294.000</ele><time>2025-10-17T13:02:47Z</time><speed>1.360</speed><sat>22</sat></trkpt>
  <trkpt lat="33.73805047" lon="-84.41861548"><ele>294.000</ele><time>2025-10-17T13:02:48Z</time><speed>1.620</speed><sat>21</sat></trkpt>
  <trkpt lat="33.73804837" lon="-84.41859956"><ele>294.000</ele><time>2025-10-17T13:02:49Z</time><speed>1.680</speed><sat>22</sat></trkpt>
  <trkpt lat="33.73805051" lon="-84.41858472"><ele>294.000</ele><time>2025-10-17T13:02:50Z</time><speed>1.230</speed><sat>22</sat></trkpt>
  <trkpt lat="33.73805487" lon="-84.41857324"><ele>294.000</ele><time>2025-10-17T13:02:51Z</time><speed>1.220</speed><sat>23</sat></trkpt>
  <trkpt lat="33.73806040" lon="-84.41856394"><ele>293.000</ele><time>2025-10-17T13:02:52Z</time><speed>0.840</speed><sat>22</sat></trkpt>
  <trkpt lat="33.73806094" lon="-84.41854985"><ele>293.000</ele><time>2025-10-17T13:02:53Z</time><speed>1.300</speed><sat>23</sat></trkpt>
  <trkpt lat="33.73806195" lon="-84.41853661"><ele>293.000</ele><time>2025-10-17T13:02:54Z</time><speed>0.750</speed><sat>23</sat></trkpt>
  <trkpt lat="33.73806379" lon="-84.41852546"><ele>293.000</ele><time>2025-10-17T13:02:55Z</time><speed>1.090</speed><sat>23</sat></trkpt>
  <trkpt lat="33.73806438" lon="-84.41850996"><ele>293.000</ele><time>2025-10-17T13:02:56Z</time><speed>1.170</speed><sat>21</sat></trkpt>
  <trkpt lat="33.73806513" lon="-84.41849730"><ele>294.000</ele><time>2025-10-17T13:02:57Z</time><speed>1.290</speed><sat>23</sat></trkpt>
  <trkpt lat="33.73806534" lon="-84.41848322"><ele>294.000</ele><time>2025-10-17T13:02:58Z</time><speed>1.350</speed><sat>21</sat></trkpt>
  <trkpt lat="33.73806166" lon="-84.41846847"><ele>294.000</ele><time>2025-10-17T13:02:59Z</time><speed>1.260</speed><sat>23</sat></trkpt>
  <trkpt lat="33.73805985" lon="-84.41845514"><ele>294.000</ele><time>2025-10-17T13:03:00Z</time><speed>1.260</speed><sat>22</sat></trkpt>
  <trkpt lat="33.73805801" lon="-84.41843930"><ele>294.000</ele><time>2025-10-17T13:03:01Z</time><speed>1.550</speed><sat>22</sat></trkpt>
  <trkpt lat="33.73805424" lon="-84.41842371"><ele>294.000</ele><time>2025-10-17T13:03:02Z</time><speed>1.310</speed><sat>22</sat></trkpt>
  <trkpt lat="33.73804531" lon="-84.41841348"><ele>293.000</ele><time>2025-10-17T13:03:03Z</time><speed>1.400</speed><sat>22</sat></trkpt>
  <trkpt lat="33.73804011" lon="-84.41840158"><ele>293.000</ele><time>2025-10-17T13:03:04Z</time><speed>1.120</speed><sat>19</sat></trkpt>
  <trkpt lat="33.73803655" lon="-84.41839177"><ele>293.000</ele><time>2025-10-17T13:03:05Z</time><speed>0.920</speed><sat>21</sat></trkpt>
  <trkpt lat="33.73803353" lon="-84.41838339"><ele>293.000</ele><time>2025-10-17T13:03:06Z</time><speed>0.780</speed><sat>22</sat></trkpt>
  <trkpt lat="33.73803391" lon="-84.41836654"><ele>292.000</ele><time>2025-10-17T13:03:07Z</time><speed>1.110</speed><sat>22</sat></trkpt>
  <trkpt lat="33.73803282" lon="-84.41835456"><ele>293.000</ele><time>2025-10-17T13:03:08Z</time><speed>1.080</speed><sat>22</sat></trkpt>
  <trkpt lat="33.73803995" lon="-84.41833268"><ele>292.000</ele><time>2025-10-17T13:03:09Z</time><speed>1.650</speed><sat>22</sat></trkpt>
  <trkpt lat="33.73804527" lon="-84.41831290"><ele>292.000</ele><time>2025-10-17T13:03:10Z</time><speed>1.650</speed><sat>22</sat></trkpt>
  <trkpt lat="33.73804979" lon="-84.41829597"><ele>292.000</ele><time>2025-10-17T13:03:11Z</time><speed>1.420</speed><sat>22</sat></trkpt>
  <trkpt lat="33.73805252" lon="-84.41827996"><ele>293.000</ele><time>2025-10-17T13:03:12Z</time><speed>1.350</speed><sat>19</sat></trkpt>
  <trkpt lat="33.73805721" lon="-84.41826504"><ele>292.000</ele><time>2025-10-17T13:03:13Z</time><speed>0.690</speed><sat>20</sat></trkpt>
  <trkpt lat="33.73805797" lon="-84.41824903"><ele>293.000</ele><time>2025-10-17T13:03:14Z</time><speed>1.740</speed><sat>19</sat></trkpt>
  <trkpt lat="33.73805721" lon="-84.41823780"><ele>293.000</ele><time>2025-10-17T13:03:15Z</time><speed>0.770</speed><sat>17</sat></trkpt>
  <trkpt lat="33.73805449" lon="-84.41822371"><ele>293.000</ele><time>2025-10-17T13:03:16Z</time><speed>1.350</speed><sat>18</sat></trkpt>
  <trkpt lat="33.73805629" lon="-84.41820687"><ele>293.000</ele><time>2025-10-17T13:03:17Z</time><speed>1.240</speed><sat>18</sat></trkpt>
  <trkpt lat="33.73806044" lon="-84.41819262"><ele>293.000</ele><time>2025-10-17T13:03:18Z</time><speed>0.910</speed><sat>18</sat></trkpt>
  <trkpt lat="33.73806082" lon="-84.41818080"><ele>292.000</ele><time>2025-10-17T13:03:19Z</time><speed>0.920</speed><sat>18</sat></trkpt>
  <trkpt lat="33.73805977" lon="-84.41816906"><ele>292.000</ele><time>2025-10-17T13:03:20Z</time><speed>0.840</speed><sat>18</sat></trkpt>
  <trkpt lat="33.73805985" lon="-84.41815255"><ele>292.000</ele><time>2025-10-17T13:03:21Z</time><speed>1.490</speed><sat>18</sat></trkpt>
  <trkpt lat="33.73806409" lon="-84.41813168"><ele>293.000</ele><time>2025-10-17T13:03:22Z</time><speed>1.560</speed><sat>18</sat></trkpt>
  <trkpt lat="33.73806580" lon="-84.41811156"><ele>293.000</ele><time>2025-10-17T13:03:23Z</time><speed>1.430</speed><sat>18</sat></trkpt>
  <trkpt lat="33.73806186" lon="-84.41809706"><ele>294.000</ele><time>2025-10-17T13:03:24Z</time><speed>0.790</speed><sat>18</sat></trkpt>
  <trkpt lat="33.73805675" lon="-84.41809061"><ele>294.000</ele><time>2025-10-17T13:03:25Z</time><speed>0.680</speed><sat>18</sat></trkpt>
  <trkpt lat="33.73805344" lon="-84.41808030"><ele>294.000</ele><time>2025-10-17T13:03:26Z</time><speed>0.740</speed><sat>19</sat></trkpt>
  <trkpt lat="33.73805797" lon="-84.41806102"><ele>293.000</ele><time>2025-10-17T13:03:27Z</time><speed>1.150</speed><sat>19</sat></trkpt>
  <trkpt lat="33.73805373" lon="-84.41804660"><ele>294.000</ele><time>2025-10-17T13:03:28Z</time><speed>1.410</speed><sat>19</sat></trkpt>
  <trkpt lat="33.73804845" lon="-84.41803521"><ele>294.000</ele><time>2025-10-17T13:03:29Z</time><speed>1.270</speed><sat>20</sat></trkpt>
  <trkpt lat="33.73804544" lon="-84.41802062"><ele>294.000</ele><time>2025-10-17T13:03:30Z</time><speed>1.560</speed><sat>19</sat></trkpt>
  <trkpt lat="33.73804606" lon="-84.41800671"><ele>294.000</ele><time>2025-10-17T13:03:31Z</time><speed>1.200</speed><sat>19</sat></trkpt>
  <trkpt lat="33.73805654" lon="-84.41798693"><ele>293.000</ele><time>2025-10-17T13:03:32Z</time><speed>2.640</speed><sat>21</sat></trkpt>
  <trkpt lat="33.73806375" lon="-84.41796949"><ele>293.000</ele><time>2025-10-17T13:03:33Z</time><speed>1.600</speed><sat>20</sat></trkpt>
  <trkpt lat="33.73806786" lon="-84.41795390"><ele>293.000</ele><time>2025-10-17T13:03:34Z</time><speed>1.310</speed><sat>19</sat></trkpt>
  <trkpt lat="33.73807000" lon="-84.41794267"><ele>293.000</ele><time>2025-10-17T13:03:35Z</time><speed>0.970</speed><sat>19</sat></trkpt>
  <trkpt lat="33.73806874" lon="-84.41792850"><ele>293.000</ele><time>2025-10-17T13:03:36Z</time><speed>1.340</speed><sat>19</sat></trkpt>
  <trkpt lat="33.73806870" lon="-84.41791266"><ele>293.000</ele><time>2025-10-17T13:03:37Z</time><speed>1.370</speed><sat>18</sat></trkpt>
  <trkpt lat="33.73806886" lon="-84.41789791"><ele>293.000</ele><time>2025-10-17T13:03:38Z</time><speed>1.400</speed><sat>19</sat></trkpt>
  <trkpt lat="33.73807255" lon="-84.41788039"><ele>293.000</ele><time>2025-10-17T13:03:39Z</time><speed>1.620</speed><sat>20</sat></trkpt>
  <trkpt lat="33.73807867" lon="-84.41786128"><ele>293.000</ele><time>2025-10-17T13:03:40Z</time><speed>1.740</speed><sat>20</sat></trkpt>
  <trkpt lat="33.73808064" lon="-84.41784636"><ele>293.000</ele><time>2025-10-17T13:03:41Z</time><speed>1.220</speed><sat>20</sat></trkpt>
  <trkpt lat="33.73808131" lon="-84.41783940"><ele>293.000</ele><time>2025-10-17T13:03:42Z</time><speed>0.610</speed><sat>19</sat></trkpt>
  <trkpt lat="33.73808433" lon="-84.41784133"><ele>293.000</ele><time>2025-10-17T13:03:43Z</time><speed>0.040</speed><sat>21</sat></trkpt>
  <trkpt lat="33.73808659" lon="-84.41784100"><ele>293.000</ele><time>2025-10-17T13:03:44Z</time><speed>0.070</speed><sat>21</sat></trkpt>
  <trkpt lat="33.73808672" lon="-84.41784108"><ele>293.000</ele><time>2025-10-17T13:03:45Z</time><speed>0.000</speed><sat>21</sat></trkpt>
  <trkpt lat="33.73809091" lon="-84.41783823"><ele>293.000</ele><time>2025-10-17T13:03:46Z</time><speed>0.000</speed><sat>20</sat></trkpt>
  <trkpt lat="33.73809091" lon="-84.41783823"><ele>293.000</ele><time>2025-10-17T13:03:47Z</time><speed>0.000</speed><sat>21</sat></trkpt>
  <trkpt lat="33.73809103" lon="-84.41783806"><ele>293.000</ele><time>2025-10-17T13:03:48Z</time><speed>0.000</speed><sat>20</sat></trkpt>
  <trkpt lat="33.73809103" lon="-84.41783798"><ele>293.000</ele><time>2025-10-17T13:03:49Z</time><speed>0.000</speed><sat>20</sat></trkpt>
  <trkpt lat="33.73809112" lon="-84.41783790"><ele>293.000</ele><time>2025-10-17T13:03:50Z</time><speed>0.000</speed><sat>20</sat></trkpt>
  <trkpt lat="33.73809112" lon="-84.41783790"><ele>293.000</ele><time>2025-10-17T13:03:51Z</time><speed>0.000</speed><sat>19</sat></trkpt>
  <trkpt lat="33.73809078" lon="-84.41784133"><ele>293.000</ele><time>2025-10-17T13:03:52Z</time><speed>0.040</speed><sat>20</sat></trkpt>
  <trkpt lat="33.73809082" lon="-84.41784125"><ele>293.000</ele><time>2025-10-17T13:03:53Z</time><speed>0.000</speed><sat>20</sat></trkpt>
  <trkpt lat="33.73808831" lon="-84.41783521"><ele>292.000</ele><time>2025-10-17T13:03:54Z</time><speed>1.050</speed><sat>20</sat></trkpt>
  <trkpt lat="33.73809535" lon="-84.41782373"><ele>292.000</ele><time>2025-10-17T13:03:55Z</time><speed>2.180</speed><sat>19</sat></trkpt>
  <trkpt lat="33.73809103" lon="-84.41782147"><ele>291.000</ele><time>2025-10-17T13:03:56Z</time><speed>0.280</speed><sat>15</sat></trkpt>
  <trkpt lat="33.73808290" lon="-84.41782692"><ele>292.000</ele><time>2025-10-17T13:03:57Z</time><speed>0.190</speed><sat>19</sat></trkpt>
  <trkpt lat="33.73808274" lon="-84.41782700"><ele>292.000</ele><time>2025-10-17T13:03:58Z</time><speed>0.000</speed><sat>19</sat></trkpt>
  <trkpt lat="33.73807909" lon="-84.41783161"><ele>292.000</ele><time>2025-10-17T13:03:59Z</time><speed>0.350</speed><sat>19</sat></trkpt>
  <trkpt lat="33.73807142" lon="-84.41784242"><ele>292.000</ele><time>2025-10-17T13:04:00Z</time><speed>0.340</speed><sat>17</sat></trkpt>
  <trkpt lat="33.73806614" lon="-84.41784611"><ele>292.000</ele><time>2025-10-17T13:04:01Z</time><speed>0.080</speed><sat>18</sat></trkpt>
  <trkpt lat="33.73806371" lon="-84.41784577"><ele>292.000</ele><time>2025-10-17T13:04:02Z</time><speed>0.060</speed><sat>20</sat></trkpt>
  <trkpt lat="33.73806434" lon="-84.41784695"><ele>292.000</ele><time>2025-10-17T13:04:03Z</time><speed>0.090</speed><sat>19</sat></trkpt>
  <trkpt lat="33.73806287" lon="-84.41784829"><ele>292.000</ele><time>2025-10-17T13:04:04Z</time><speed>0.090</speed><sat>18</sat></trkpt>
  <trkpt lat="33.73806425" lon="-84.41785114"><ele>292.000</ele><time>2025-10-17T13:04:05Z</time><speed>0.090</speed><sat>18</sat></trkpt>
  <trkpt lat="33.73806346" lon="-84.41785432"><ele>292.000</ele><time>2025-10-17T13:04:06Z</time><speed>0.240</speed><sat>20</sat></trkpt>
  <trkpt lat="33.73806321" lon="-84.41785458"><ele>292.000</ele><time>2025-10-17T13:04:07Z</time><speed>0.000</speed><sat>20</sat></trkpt>
  <trkpt lat="33.73806333" lon="-84.41785449"><ele>292.000</ele><time>2025-10-17T13:04:08Z</time><speed>0.000</speed><sat>19</sat></trkpt>
  <trkpt lat="33.73806333" lon="-84.41785449"><ele>292.000</ele><time>2025-10-17T13:04:09Z</time><speed>0.000</speed><sat>20</sat></trkpt>
  <trkpt lat="33.73806333" lon="-84.41785449"><ele>292.000</ele><time>2025-10-17T13:04:10Z</time><speed>0.000</speed><sat>19</sat></trkpt>
  <trkpt lat="33.73806325" lon="-84.41785449"><ele>292.000</ele><time>2025-10-17T13:04:11Z</time><speed>0.000</speed><sat>19</sat></trkpt>
  <trkpt lat="33.73805969" lon="-84.41785508"><ele>293.000</ele><time>2025-10-17T13:04:12Z</time><speed>0.040</speed><sat>17</sat></trkpt>
  <trkpt lat="33.73805977" lon="-84.41785499"><ele>293.000</ele><time>2025-10-17T13:04:13Z</time><speed>0.000</speed><sat>18</sat></trkpt>
  <trkpt lat="33.73805985" lon="-84.41785499"><ele>293.000</ele><time>2025-10-17T13:04:14Z</time><speed>0.000</speed><sat>17</sat></trkpt>
  <trkpt lat="33.73805998" lon="-84.41785491"><ele>293.000</ele><time>2025-10-17T13:04:15Z</time><speed>0.000</speed><sat>18</sat></trkpt>
  <trkpt lat="33.73806010" lon="-84.41785483"><ele>293.000</ele><time>2025-10-17T13:04:16Z</time><speed>0.000</speed><sat>17</sat></trkpt>
  <trkpt lat="33.73806019" lon="-84.41785474"><ele>293.000</ele><time>2025-10-17T13:04:17Z</time><speed>0.000</speed><sat>19</sat></trkpt>
  <trkpt lat="33.73806027" lon="-84.41785466"><ele>293.000</ele><time>2025-10-17T13:04:18Z</time><speed>0.000</speed><sat>19</sat></trkpt>
  <trkpt lat="33.73806036" lon="-84.41785458"><ele>293.000</ele><time>2025-10-17T13:04:19Z</time><speed>0.000</speed><sat>19</sat></trkpt>
  <trkpt lat="33.73806295" lon="-84.41785282"><ele>293.000</ele><time>2025-10-17T13:04:20Z</time><speed>0.050</speed><sat>17</sat></trkpt>
  <trkpt lat="33.73806295" lon="-84.41785273"><ele>293.000</ele><time>2025-10-17T13:04:21Z</time><speed>0.000</speed><sat>19</sat></trkpt>
  <trkpt lat="33.73806300" lon="-84.41785265"><ele>293.000</ele><time>2025-10-17T13:04:22Z</time><speed>0.000</speed><sat>20</sat></trkpt>
  <trkpt lat="33.73806304" lon="-84.41785256"><ele>293.000</ele><time>2025-10-17T13:04:23Z</time><speed>0.000</speed><sat>18</sat></trkpt>
  <trkpt lat="33.73806312" lon="-84.41785248"><ele>293.000</ele><time>2025-10-17T13:04:24Z</time><speed>0.000</speed><sat>18</sat></trkpt>
  <trkpt lat="33.73806321" lon="-84.41785231"><ele>293.000</ele><time>2025-10-17T13:04:25Z</time><speed>0.000</speed><sat>19</sat></trkpt>
  <trkpt lat="33.73806325" lon="-84.41785231"><ele>293.000</ele><time>2025-10-17T13:04:26Z</time><speed>0.000</speed><sat>18</sat></trkpt>
  <trkpt lat="33.73806325" lon="-84.41785223"><ele>293.000</ele><time>2025-10-17T13:04:27Z</time><speed>0.000</speed><sat>17</sat></trkpt>
  <trkpt lat="33.73806325" lon="-84.41785214"><ele>293.000</ele><time>2025-10-17T13:04:28Z</time><speed>0.000</speed><sat>18</sat></trkpt>
  <trkpt lat="33.73806325" lon="-84.41785206"><ele>293.000</ele><time>2025-10-17T13:04:29Z</time><speed>0.000</speed><sat>19</sat></trkpt>
  <trkpt lat="33.73806333" lon="-84.41785206"><ele>293.000</ele><time>2025-10-17T13:04:30Z</time><speed>0.000</speed><sat>19</sat></trkpt>
  <trkpt lat="33.73806329" lon="-84.41785206"><ele>293.000</ele><time>2025-10-17T13:04:31Z</time><speed>0.000</speed><sat>18</sat></trkpt>
  <trkpt lat="33.73806342" lon="-84.41785198"><ele>293.000</ele><time>2025-10-17T13:04:32Z</time><speed>0.000</speed><sat>18</sat></trkpt>
  <trkpt lat="33.73806346" lon="-84.41785198"><ele>293.000</ele><time>2025-10-17T13:04:33Z</time><speed>0.000</speed><sat>18</sat></trkpt>
  <trkpt lat="33.73806350" lon="-84.41785189"><ele>293.000</ele><time>2025-10-17T13:04:34Z</time><speed>0.000</speed><sat>17</sat></trkpt>
  <trkpt lat="33.73806358" lon="-84.41785189"><ele>293.000</ele><time>2025-10-17T13:04:35Z</time><speed>0.000</speed><sat>19</sat></trkpt>
  <trkpt lat="33.73806363" lon="-84.41785173"><ele>293.000</ele><time>2025-10-17T13:04:36Z</time><speed>0.000</speed><sat>20</sat></trkpt>
  <trkpt lat="33.73806363" lon="-84.41785156"><ele>293.000</ele><time>2025-10-17T13:04:37Z</time><speed>0.000</speed><sat>20</sat></trkpt>
  <trkpt lat="33.73806363" lon="-84.41785147"><ele>293.000</ele><time>2025-10-17T13:04:38Z</time><speed>0.000</speed><sat>20</sat></trkpt>
  <trkpt lat="33.73806367" lon="-84.41785131"><ele>293.000</ele><time>2025-10-17T13:04:39Z</time><speed>0.000</speed><sat>18</sat></trkpt>
  <trkpt lat="33.73806371" lon="-84.41785114"><ele>293.000</ele><time>2025-10-17T13:04:40Z</time><speed>0.000</speed><sat>18</sat></trkpt>
  <trkpt lat="33.73806371" lon="-84.41785106"><ele>293.000</ele><time>2025-10-17T13:04:41Z</time><speed>0.000</speed><sat>19</sat></trkpt>
  <trkpt lat="33.73806375" lon="-84.41785097"><ele>293.000</ele><time>2025-10-17T13:04:42Z</time><speed>0.000</speed><sat>16</sat></trkpt>
  <trkpt lat="33.73806383" lon="-84.41785080"><ele>293.000</ele><time>2025-10-17T13:04:43Z</time><speed>0.000</speed><sat>17</sat></trkpt>
  <trkpt lat="33.73806388" lon="-84.41785064"><ele>293.000</ele><time>2025-10-17T13:04:44Z</time><speed>0.000</speed><sat>18</sat></trkpt>
  <trkpt lat="33.73806928" lon="-84.41785189"><ele>293.000</ele><time>2025-10-17T13:04:45Z</time><speed>0.870</speed><sat>18</sat></trkpt>
  <trkpt lat="33.73808072" lon="-84.41784586"><ele>293.000</ele><time>2025-10-17T13:04:46Z</time><speed>1.510</speed><sat>18</sat></trkpt>
  <trkpt lat="33.73808035" lon="-84.41783044"><ele>293.000</ele><time>2025-10-17T13:04:47Z</time><speed>1.530</speed><sat>15</sat></trkpt>
  <trkpt lat="33.73807318" lon="-84.41781786"><ele>293.000</ele><time>2025-10-17T13:04:48Z</time><speed>1.560</speed><sat>15</sat></trkpt>
  <trkpt lat="33.73807431" lon="-84.41781526"><ele>293.000</ele><time>2025-10-17T13:04:49Z</time><speed>0.560</speed><sat>14</sat></trkpt>
  <trkpt lat="33.73807926" lon="-84.41782566"><ele>293.000</ele><time>2025-10-17T13:04:50Z</time><speed>0.430</speed><sat>13</sat></trkpt>
  <trkpt lat="33.73809380" lon="-84.41783018"><ele>293.000</ele><time>2025-10-17T13:04:51Z</time><speed>1.630</speed><sat>15</sat></trkpt>
  <trkpt lat="33.73810989" lon="-84.41782474"><ele>293.000</ele><time>2025-10-17T13:04:52Z</time><speed>2.750</speed><sat>12</sat></trkpt>
  <trkpt lat="33.73812272" lon="-84.41782155"><ele>293.000</ele><time>2025-10-17T13:04:53Z</time><speed>1.840</speed><sat>13</sat></trkpt>
  <trkpt lat="33.73813081" lon="-84.41782407"><ele>293.000</ele><time>2025-10-17T13:04:54Z</time><speed>1.200</speed><sat>12</sat></trkpt>
  <trkpt lat="33.73813227" lon="-84.41782088"><ele>293.000</ele><time>2025-10-17T13:04:55Z</time><speed>0.830</speed><sat>13</sat></trkpt>
  <trkpt lat="33.73813223" lon="-84.41782272"><ele>293.000</ele><time>2025-10-17T13:04:56Z</time><speed>0.390</speed><sat>13</sat></trkpt>
  <trkpt lat="33.73811429" lon="-84.41783421"><ele>292.000</ele><time>2025-10-17T13:04:57Z</time><speed>1.700</speed><sat>13</sat></trkpt>
  <trkpt lat="33.73809937" lon="-84.41785323"><ele>292.000</ele><time>2025-10-17T13:04:58Z</time><speed>3.370</speed><sat>12</sat></trkpt>
  <trkpt lat="33.73808944" lon="-84.41786656"><ele>292.000</ele><time>2025-10-17T13:04:59Z</time><speed>3.230</speed><sat>13</sat></trkpt>
  <trkpt lat="33.73807901" lon="-84.41788115"><ele>292.000</ele><time>2025-10-17T13:05:00Z</time><speed>1.380</speed><sat>13</sat></trkpt>
  <trkpt lat="33.73806660" lon="-84.41788643"><ele>293.000</ele><time>2025-10-17T13:05:01Z</time><speed>2.510</speed><sat>13</sat></trkpt>
  <trkpt lat="33.73805834" lon="-84.41788718"><ele>293.000</ele><time>2025-10-17T13:05:02Z</time><speed>1.380</speed><sat>12</sat></trkpt>
  <trkpt lat="33.73805834" lon="-84.41788735"><ele>293.000</ele><time>2025-10-17T13:05:03Z</time><speed>0.710</speed><sat>11</sat></trkpt>
  <trkpt lat="33.73806333" lon="-84.41788609"><ele>293.000</ele><time>2025-10-17T13:05:04Z</time><speed>0.000</speed><sat>10</sat></trkpt>
  <trkpt lat="33.73806979" lon="-84.41787427"><ele>293.000</ele><time>2025-10-17T13:05:05Z</time><speed>1.290</speed><sat>11</sat></trkpt>
  <trkpt lat="33.73807444" lon="-84.41786815"><ele>293.000</ele><time>2025-10-17T13:05:06Z</time><speed>0.530</speed><sat>11</sat></trkpt>
  <trkpt lat="33.73807989" lon="-84.41786220"><ele>293.000</ele><time>2025-10-17T13:05:07Z</time><speed>0.490</speed><sat>11</sat></trkpt>
  <trkpt lat="33.73808324" lon="-84.41785340"><ele>293.000</ele><time>2025-10-17T13:05:08Z</time><speed>1.190</speed><sat>11</sat></trkpt>
  <trkpt lat="33.73808177" lon="-84.41784846"><ele>293.000</ele><time>2025-10-17T13:05:09Z</time><speed>0.220</speed><sat>11</sat></trkpt>
  <trkpt lat="33.73808068" lon="-84.41784443"><ele>293.000</ele><time>2025-10-17T13:05:10Z</time><speed>0.290</speed><sat>11</sat></trkpt>
  <trkpt lat="33.73808412" lon="-84.41784477"><ele>293.000</ele><time>2025-10-17T13:05:11Z</time><speed>0.270</speed><sat>10</sat></trkpt>
  <trkpt lat="33.73808873" lon="-84.41784871"><ele>294.000</ele><time>2025-10-17T13:05:12Z</time><speed>0.660</speed><sat>10</sat></trkpt>
  <trkpt lat="33.73809149" lon="-84.41785449"><ele>294.000</ele><time>2025-10-17T13:05:13Z</time><speed>0.810</speed><sat>10</sat></trkpt>
  <trkpt lat="33.73810214" lon="-84.41783781"><ele>293.000</ele><time>2025-10-17T13:05:14Z</time><speed>2.900</speed><sat>9</sat></trkpt>
  <trkpt lat="33.73810537" lon="-84.41783035"><ele>292.000</ele><time>2025-10-17T13:05:15Z</time><speed>1.490</speed><sat>9</sat></trkpt>
  <trkpt lat="33.73810516" lon="-84.41783153"><ele>292.000</ele><time>2025-10-17T13:05:16Z</time><speed>0.840</speed><sat>10</sat></trkpt>
  <trkpt lat="33.73808072" lon="-84.41783178"><ele>293.000</ele><time>2025-10-17T13:05:17Z</time><speed>4.500</speed><sat>10</sat></trkpt>
  <trkpt lat="33.73802783" lon="-84.41781309"><ele>294.000</ele><time>2025-10-17T13:05:18Z</time><speed>6.690</speed><sat>11</sat></trkpt>
  <trkpt lat="33.73804133" lon="-84.41781862"><ele>294.000</ele><time>2025-10-17T13:05:19Z</time><speed>1.890</speed><sat>10</sat></trkpt>
  <trkpt lat="33.73804498" lon="-84.41782339"><ele>294.000</ele><time>2025-10-17T13:05:20Z</time><speed>0.620</speed><sat>9</sat></trkpt>
  <trkpt lat="33.73804812" lon="-84.41782775"><ele>294.000</ele><time>2025-10-17T13:05:21Z</time><speed>0.620</speed><sat>9</sat></trkpt>
  <trkpt lat="33.73804175" lon="-84.41781795"><ele>294.000</ele><time>2025-10-17T13:05:22Z</time><speed>0.710</speed><sat>10</sat></trkpt>
  <trkpt lat="33.73803990" lon="-84.41780487"><ele>295.000</ele><time>2025-10-17T13:05:23Z</time><speed>1.450</speed><sat>11</sat></trkpt>
  <trkpt lat="33.73803999" lon="-84.41779573"><ele>295.000</ele><time>2025-10-17T13:05:24Z</time><speed>0.840</speed><sat>10</sat></trkpt>
  <trkpt lat="33.73803907" lon="-84.41779062"><ele>295.000</ele><time>2025-10-17T13:05:25Z</time><speed>0.060</speed><sat>11</sat></trkpt>
  <trkpt lat="33.73803932" lon="-84.41779062"><ele>295.000</ele><time>2025-10-17T13:05:26Z</time><speed>0.000</speed><sat>11</sat></trkpt>
  <trkpt lat="33.73801912" lon="-84.41777704"><ele>294.000</ele><time>2025-10-17T13:05:27Z</time><speed>0.340</speed><sat>9</sat></trkpt>
  <trkpt lat="33.73801991" lon="-84.41777763"><ele>294.000</ele><time>2025-10-17T13:05:28Z</time><speed>0.030</speed><sat>11</sat></trkpt>
  <trkpt lat="33.73802042" lon="-84.41777964"><ele>294.000</ele><time>2025-10-17T13:05:29Z</time><speed>0.230</speed><sat>11</sat></trkpt>
  <trkpt lat="33.73801141" lon="-84.41777553"><ele>295.000</ele><time>2025-10-17T13:05:30Z</time><speed>0.800</speed><sat>11</sat></trkpt>
  <trkpt lat="33.73799255" lon="-84.41777537"><ele>295.000</ele><time>2025-10-17T13:05:31Z</time><speed>2.470</speed><sat>12</sat></trkpt>
  <trkpt lat="33.73798224" lon="-84.41777084"><ele>295.000</ele><time>2025-10-17T13:05:32Z</time><speed>1.820</speed><sat>12</sat></trkpt>
  <trkpt lat="33.73797381" lon="-84.41777277"><ele>295.000</ele><time>2025-10-17T13:05:33Z</time><speed>1.160</speed><sat>12</sat></trkpt>
  <trkpt lat="33.73796744" lon="-84.41777545"><ele>295.000</ele><time>2025-10-17T13:05:34Z</time><speed>0.860</speed><sat>11</sat></trkpt>
  <trkpt lat="33.73797264" lon="-84.41777428"><ele>295.000</ele><time>2025-10-17T13:05:35Z</time><speed>0.770</speed><sat>11</sat></trkpt>
  <trkpt lat="33.73799514" lon="-84.41779364"><ele>295.000</ele><time>2025-10-17T13:05:36Z</time><speed>0.390</speed><sat>12</sat></trkpt>
  <trkpt lat="33.73799732" lon="-84.41778945"><ele>295.000</ele><time>2025-10-17T13:05:37Z</time><speed>1.120</speed><sat>11</sat></trkpt>
  <trkpt lat="33.73800227" lon="-84.41778610"><ele>295.000</ele><time>2025-10-17T13:05:38Z</time><speed>1.240</speed><sat>12</sat></trkpt>
  <trkpt lat="33.73804426" lon="-84.41782054"><ele>295.000</ele><time>2025-10-17T13:05:39Z</time><speed>0.340</speed><sat>12</sat></trkpt>
  <trkpt lat="33.73805675" lon="-84.41783454"><ele>295.000</ele><time>2025-10-17T13:05:40Z</time><speed>0.140</speed><sat>13</sat></trkpt>
  <trkpt lat="33.73807163" lon="-84.41785206"><ele>295.000</ele><time>2025-10-17T13:05:41Z</time><speed>0.430</speed><sat>15</sat></trkpt>
  <trkpt lat="33.73807314" lon="-84.41785567"><ele>296.000</ele><time>2025-10-17T13:05:42Z</time><speed>0.890</speed><sat>15</sat></trkpt>
  <trkpt lat="33.73807238" lon="-84.41785474"><ele>296.000</ele><time>2025-10-17T13:05:43Z</time><speed>0.000</speed><sat>15</sat></trkpt>
  <trkpt lat="33.73807779" lon="-84.41785608"><ele>296.000</ele><time>2025-10-17T13:05:44Z</time><speed>0.110</speed><sat>15</sat></trkpt>
  <trkpt lat="33.73807779" lon="-84.41785617"><ele>296.000</ele><time>2025-10-17T13:05:45Z</time><speed>0.000</speed><sat>16</sat></trkpt>
  <trkpt lat="33.73807913" lon="-84.41785793"><ele>296.000</ele><time>2025-10-17T13:05:46Z</time><speed>0.050</speed><sat>17</sat></trkpt>
  <trkpt lat="33.73807905" lon="-84.41785726"><ele>296.000</ele><time>2025-10-17T13:05:47Z</time><speed>0.020</speed><sat>17</sat></trkpt>
  <trkpt lat="33.73807821" lon="-84.41785784"><ele>297.000</ele><time>2025-10-17T13:05:48Z</time><speed>0.450</speed><sat>18</sat></trkpt>
  <trkpt lat="33.73807502" lon="-84.41785919"><ele>296.000</ele><time>2025-10-17T13:05:49Z</time><speed>0.370</speed><sat>17</sat></trkpt>
  <trkpt lat="33.73808039" lon="-84.41785935"><ele>296.000</ele><time>2025-10-17T13:05:50Z</time><speed>0.660</speed><sat>18</sat></trkpt>
  <trkpt lat="33.73808831" lon="-84.41785382"><ele>296.000</ele><time>2025-10-17T13:05:51Z</time><speed>0.470</speed><sat>17</sat></trkpt>
  <trkpt lat="33.73809015" lon="-84.41785625"><ele>296.000</ele><time>2025-10-17T13:05:52Z</time><speed>0.410</speed><sat>17</sat></trkpt>
  <trkpt lat="33.73808898" lon="-84.41785608"><ele>296.000</ele><time>2025-10-17T13:05:53Z</time><speed>0.520</speed><sat>17</sat></trkpt>
  <trkpt lat="33.73807938" lon="-84.41784955"><ele>296.000</ele><time>2025-10-17T13:05:54Z</time><speed>1.000</speed><sat>17</sat></trkpt>
  <trkpt lat="33.73807251" lon="-84.41784259"><ele>296.000</ele><time>2025-10-17T13:05:55Z</time><speed>0.180</speed><sat>19</sat></trkpt>
  <trkpt lat="33.73807884" lon="-84.41785030"><ele>296.000</ele><time>2025-10-17T13:05:56Z</time><speed>0.410</speed><sat>19</sat></trkpt>
  <trkpt lat="33.73807984" lon="-84.41785005"><ele>296.000</ele><time>2025-10-17T13:05:57Z</time><speed>0.000</speed><sat>20</sat></trkpt>
  <trkpt lat="33.73808580" lon="-84.41784468"><ele>295.000</ele><time>2025-10-17T13:05:58Z</time><speed>0.280</speed><sat>18</sat></trkpt>
  <trkpt lat="33.73808588" lon="-84.41784452"><ele>295.000</ele><time>2025-10-17T13:05:59Z</time><speed>0.000</speed><sat>20</sat></trkpt>
  <trkpt lat="33.73808588" lon="-84.41784452"><ele>295.000</ele><time>2025-10-17T13:06:00Z</time><speed>0.000</speed><sat>18</sat></trkpt>
  <trkpt lat="33.73808885" lon="-84.41784611"><ele>296.000</ele><time>2025-10-17T13:06:01Z</time><speed>0.040</speed><sat>19</sat></trkpt>
  <trkpt lat="33.73808915" lon="-84.41784586"><ele>296.000</ele><time>2025-10-17T13:06:02Z</time><speed>0.000</speed><sat>19</sat></trkpt>
  <trkpt lat="33.73808932" lon="-84.41784577"><ele>296.000</ele><time>2025-10-17T13:06:03Z</time><speed>0.000</speed><sat>19</sat></trkpt>
  <trkpt lat="33.73809686" lon="-84.41784427"><ele>295.000</ele><time>2025-10-17T13:06:04Z</time><speed>1.680</speed><sat>19</sat></trkpt>
  <trkpt lat="33.73810683" lon="-84.41784058"><ele>295.000</ele><time>2025-10-17T13:06:05Z</time><speed>0.650</speed><sat>20</sat></trkpt>
  <trkpt lat="33.73810667" lon="-84.41783337"><ele>295.000</ele><time>2025-10-17T13:06:06Z</time><speed>0.750</speed><sat>20</sat></trkpt>
  <trkpt lat="33.73810336" lon="-84.41782943"><ele>295.000</ele><time>2025-10-17T13:06:07Z</time><speed>0.380</speed><sat>20</sat></trkpt>
  <trkpt lat="33.73810277" lon="-84.41783211"><ele>295.000</ele><time>2025-10-17T13:06:08Z</time><speed>0.320</speed><sat>20</sat></trkpt>
  <trkpt lat="33.73810403" lon="-84.41783002"><ele>295.000</ele><time>2025-10-17T13:06:09Z</time><speed>0.540</speed><sat>19</sat></trkpt>
  <trkpt lat="33.73809522" lon="-84.41781753"><ele>296.000</ele><time>2025-10-17T13:06:10Z</time><speed>0.180</speed><sat>20</sat></trkpt>
  <trkpt lat="33.73809564" lon="-84.41781384"><ele>296.000</ele><time>2025-10-17T13:06:11Z</time><speed>0.440</speed><sat>19</sat></trkpt>
  <trkpt lat="33.73809527" lon="-84.41781987"><ele>296.000</ele><time>2025-10-17T13:06:12Z</time><speed>0.060</speed><sat>20</sat></trkpt>
  <trkpt lat="33.73809535" lon="-84.41782004"><ele>296.000</ele><time>2025-10-17T13:06:13Z</time><speed>0.000</speed><sat>18</sat></trkpt>
  <trkpt lat="33.73809552" lon="-84.41782021"><ele>296.000</ele><time>2025-10-17T13:06:14Z</time><speed>0.000</speed><sat>18</sat></trkpt>
  <trkpt lat="33.73809300" lon="-84.41782105"><ele>296.000</ele><time>2025-10-17T13:06:15Z</time><speed>0.540</speed><sat>20</sat></trkpt>
  <trkpt lat="33.73808831" lon="-84.41782549"><ele>296.000</ele><time>2025-10-17T13:06:16Z</time><speed>0.460</speed><sat>19</sat></trkpt>
  <trkpt lat="33.73809149" lon="-84.41783186"><ele>295.000</ele><time>2025-10-17T13:06:17Z</time><speed>0.770</speed><sat>19</sat></trkpt>
  <trkpt lat="33.73809057" lon="-84.41783052"><ele>295.000</ele><time>2025-10-17T13:06:18Z</time><speed>0.710</speed><sat>20</sat></trkpt>
  <trkpt lat="33.73809129" lon="-84.41782834"><ele>295.000</ele><time>2025-10-17T13:06:19Z</time><speed>0.610</speed><sat>19</sat></trkpt>
  <trkpt lat="33.73809024" lon="-84.41782599"><ele>294.000</ele><time>2025-10-17T13:06:20Z</time><speed>0.440</speed><sat>20</sat></trkpt>
  <trkpt lat="33.73808739" lon="-84.41781753"><ele>295.000</ele><time>2025-10-17T13:06:21Z</time><speed>0.360</speed><sat>19</sat></trkpt>
  <trkpt lat="33.73808680" lon="-84.41781560"><ele>295.000</ele><time>2025-10-17T13:06:22Z</time><speed>0.190</speed><sat>19</sat></trkpt>
  <trkpt lat="33.73808672" lon="-84.41781585"><ele>295.000</ele><time>2025-10-17T13:06:23Z</time><speed>0.010</speed><sat>21</sat></trkpt>
  <trkpt lat="33.73808663" lon="-84.41781593"><ele>295.000</ele><time>2025-10-17T13:06:24Z</time><speed>0.000</speed><sat>20</sat></trkpt>
  <trkpt lat="33.73808655" lon="-84.41781602"><ele>295.000</ele><time>2025-10-17T13:06:25Z</time><speed>0.000</speed><sat>21</sat></trkpt>
  <trkpt lat="33.73808655" lon="-84.41781602"><ele>295.000</ele><time>2025-10-17T13:06:26Z</time><speed>0.000</speed><sat>22</sat></trkpt>
  <trkpt lat="33.73808638" lon="-84.41781593"><ele>295.000</ele><time>2025-10-17T13:06:27Z</time><speed>0.000</speed><sat>21</sat></trkpt>
  <trkpt lat="33.73808605" lon="-84.41781593"><ele>295.000</ele><time>2025-10-17T13:06:28Z</time><speed>0.000</speed><sat>21</sat></trkpt>
  <trkpt lat="33.73808546" lon="-84.41781602"><ele>295.000</ele><time>2025-10-17T13:06:29Z</time><speed>0.000</speed><sat>21</sat></trkpt>
  <trkpt lat="33.73808483" lon="-84.41781627"><ele>295.000</ele><time>2025-10-17T13:06:30Z</time><speed>0.000</speed><sat>22</sat></trkpt>
  <trkpt lat="33.73808429" lon="-84.41781644"><ele>295.000</ele><time>2025-10-17T13:06:31Z</time><speed>0.000</speed><sat>22</sat></trkpt>
  <trkpt lat="33.73808416" lon="-84.41781635"><ele>295.000</ele><time>2025-10-17T13:06:32Z</time><speed>0.000</speed><sat>21</sat></trkpt>
  <trkpt lat="33.73808374" lon="-84.41781627"><ele>295.000</ele><time>2025-10-17T13:06:33Z</time><speed>0.000</speed><sat>22</sat></trkpt>
  <trkpt lat="33.73808315" lon="-84.41781619"><ele>295.000</ele><time>2025-10-17T13:06:34Z</time><speed>0.000</speed><sat>21</sat></trkpt>
  <trkpt lat="33.73808261" lon="-84.41781619"><ele>294.000</ele><time>2025-10-17T13:06:35Z</time><speed>0.000</speed><sat>21</sat></trkpt>
  <trkpt lat="33.73808211" lon="-84.41781593"><ele>294.000</ele><time>2025-10-17T13:06:36Z</time><speed>0.000</speed><sat>22</sat></trkpt>
  <trkpt lat="33.73808177" lon="-84.41781585"><ele>294.000</ele><time>2025-10-17T13:06:37Z</time><speed>0.000</speed><sat>21</sat></trkpt>
  <trkpt lat="33.73807000" lon="-84.41781200"><ele>294.000</ele><time>2025-10-17T13:06:38Z</time><speed>0.820</speed><sat>22</sat></trkpt>
  <trkpt lat="33.73807062" lon="-84.41781158"><ele>294.000</ele><time>2025-10-17T13:06:39Z</time><speed>0.000</speed><sat>21</sat></trkpt>
  <trkpt lat="33.73806668" lon="-84.41780621"><ele>294.000</ele><time>2025-10-17T13:06:40Z</time><speed>0.620</speed><sat>20</sat></trkpt>
  <trkpt lat="33.73806677" lon="-84.41780596"><ele>294.000</ele><time>2025-10-17T13:06:41Z</time><speed>0.000</speed><sat>20</sat></trkpt>
  <trkpt lat="33.73806698" lon="-84.41780588"><ele>294.000</ele><time>2025-10-17T13:06:42Z</time><speed>0.000</speed><sat>22</sat></trkpt>
  <trkpt lat="33.73806702" lon="-84.41780579"><ele>294.000</ele><time>2025-10-17T13:06:43Z</time><speed>0.000</speed><sat>22</sat></trkpt>
  <trkpt lat="33.73806706" lon="-84.41780571"><ele>294.000</ele><time>2025-10-17T13:06:44Z</time><speed>0.000</speed><sat>20</sat></trkpt>
  <trkpt lat="33.73806719" lon="-84.41780563"><ele>294.000</ele><time>2025-10-17T13:06:45Z</time><speed>0.000</speed><sat>21</sat></trkpt>
  <trkpt lat="33.73806706" lon="-84.41780554"><ele>294.000</ele><time>2025-10-17T13:06:46Z</time><speed>0.000</speed><sat>20</sat></trkpt>
  <trkpt lat="33.73807033" lon="-84.41780428"><ele>294.000</ele><time>2025-10-17T13:06:47Z</time><speed>0.020</speed><sat>20</sat></trkpt>
  <trkpt lat="33.73807041" lon="-84.41780437"><ele>294.000</ele><time>2025-10-17T13:06:48Z</time><speed>0.000</speed><sat>20</sat></trkpt>
  <trkpt lat="33.73807046" lon="-84.41780428"><ele>294.000</ele><time>2025-10-17T13:06:49Z</time><speed>0.000</speed><sat>21</sat></trkpt>
  <trkpt lat="33.73807054" lon="-84.41780420"><ele>294.000</ele><time>2025-10-17T13:06:50Z</time><speed>0.000</speed><sat>20</sat></trkpt>
  <trkpt lat="33.73807062" lon="-84.41780412"><ele>294.000</ele><time>2025-10-17T13:06:51Z</time><speed>0.000</speed><sat>19</sat></trkpt>
  <trkpt lat="33.73807092" lon="-84.41780420"><ele>294.000</ele><time>2025-10-17T13:06:52Z</time><speed>0.000</speed><sat>19</sat></trkpt>
  <trkpt lat="33.73807096" lon="-84.41780412"><ele>294.000</ele><time>2025-10-17T13:06:53Z</time><speed>0.000</speed><sat>19</sat></trkpt>
  <trkpt lat="33.73807108" lon="-84.41780412"><ele>294.000</ele><time>2025-10-17T13:06:54Z</time><speed>0.000</speed><sat>19</sat></trkpt>
  <trkpt lat="33.73807108" lon="-84.41780412"><ele>294.000</ele><time>2025-10-17T13:06:55Z</time><speed>0.000</speed><sat>19</sat></trkpt>
  <trkpt lat="33.73807134" lon="-84.41780395"><ele>294.000</ele><time>2025-10-17T13:06:56Z</time><speed>0.000</speed><sat>19</sat></trkpt>
  <trkpt lat="33.73807138" lon="-84.41780386"><ele>294.000</ele><time>2025-10-17T13:06:57Z</time><speed>0.000</speed><sat>20</sat></trkpt>
  <trkpt lat="33.73807146" lon="-84.41780386"><ele>294.000</ele><time>2025-10-17T13:06:58Z</time><speed>0.000</speed><sat>20</sat></trkpt>
  <trkpt lat="33.73807197" lon="-84.41780378"><ele>294.000</ele><time>2025-10-17T13:06:59Z</time><speed>0.000</speed><sat>21</sat></trkpt>
  <trkpt lat="33.73807197" lon="-84.41780370"><ele>294.000</ele><time>2025-10-17T13:07:00Z</time><speed>0.000</speed><sat>21</sat></trkpt>
  <trkpt lat="33.73807205" lon="-84.41780361"><ele>294.000</ele><time>2025-10-17T13:07:01Z</time><speed>0.000</speed><sat>20</sat></trkpt>
  <trkpt lat="33.73807217" lon="-84.41780370"><ele>294.000</ele><time>2025-10-17T13:07:02Z</time><speed>0.000</speed><sat>20</sat></trkpt>
  <trkpt lat="33.73807213" lon="-84.41780378"><ele>294.000</ele><time>2025-10-17T13:07:03Z</time><speed>0.000</speed><sat>21</sat></trkpt>
  <trkpt lat="33.73807222" lon="-84.41780370"><ele>294.000</ele><time>2025-10-17T13:07:04Z</time><speed>0.000</speed><sat>20</sat></trkpt>
  <trkpt lat="33.73807838" lon="-84.41780797"><ele>294.000</ele><time>2025-10-17T13:07:05Z</time><speed>0.170</speed><sat>20</sat></trkpt>
  <trkpt lat="33.73807850" lon="-84.41780764"><ele>294.000</ele><time>2025-10-17T13:07:06Z</time><speed>0.000</speed><sat>22</sat></trkpt>
  <trkpt lat="33.73807850" lon="-84.41780772"><ele>294.000</ele><time>2025-10-17T13:07:07Z</time><speed>0.000</speed><sat>21</sat></trkpt>
  <trkpt lat="33.73807670" lon="-84.41780588"><ele>295.000</ele><time>2025-10-17T13:07:08Z</time><speed>0.160</speed><sat>20</sat></trkpt>
  <trkpt lat="33.73807670" lon="-84.41780613"><ele>295.000</ele><time>2025-10-17T13:07:09Z</time><speed>0.000</speed><sat>22</sat></trkpt>
  <trkpt lat="33.73807662" lon="-84.41780613"><ele>295.000</ele><time>2025-10-17T13:07:10Z</time><speed>0.000</speed><sat>22</sat></trkpt>
  <trkpt lat="33.73807092" lon="-84.41780521"><ele>295.000</ele><time>2025-10-17T13:07:11Z</time><speed>0.070</speed><sat>21</sat></trkpt>
  <trkpt lat="33.73807171" lon="-84.41780412"><ele>296.000</ele><time>2025-10-17T13:07:12Z</time><speed>0.620</speed><sat>22</sat></trkpt>
  <trkpt lat="33.73807498" lon="-84.41780018"><ele>295.000</ele><time>2025-10-17T13:07:13Z</time><speed>1.330</speed><sat>18</sat></trkpt>
  <trkpt lat="33.73807750" lon="-84.41779867"><ele>295.000</ele><time>2025-10-17T13:07:14Z</time><speed>0.140</speed><sat>17</sat></trkpt>
  <trkpt lat="33.73808743" lon="-84.41781024"><ele>296.000</ele><time>2025-10-17T13:07:15Z</time><speed>0.120</speed><sat>18</sat></trkpt>
  <trkpt lat="33.73809212" lon="-84.41781971"><ele>295.000</ele><time>2025-10-17T13:07:16Z</time><speed>0.810</speed><sat>18</sat></trkpt>
  <trkpt lat="33.73809112" lon="-84.41782172"><ele>295.000</ele><time>2025-10-17T13:07:17Z</time><speed>0.190</speed><sat>19</sat></trkpt>
  <trkpt lat="33.73808010" lon="-84.41782750"><ele>294.000</ele><time>2025-10-17T13:07:18Z</time><speed>0.030</speed><sat>18</sat></trkpt>
  <trkpt lat="33.73808001" lon="-84.41782742"><ele>294.000</ele><time>2025-10-17T13:07:19Z</time><speed>0.000</speed><sat>17</sat></trkpt>
  <trkpt lat="33.73807980" lon="-84.41782733"><ele>294.000</ele><time>2025-10-17T13:07:20Z</time><speed>0.000</speed><sat>16</sat></trkpt>
  <trkpt lat="33.73807963" lon="-84.41782725"><ele>294.000</ele><time>2025-10-17T13:07:21Z</time><speed>0.000</speed><sat>16</sat></trkpt>
  <trkpt lat="33.73807947" lon="-84.41782708"><ele>294.000</ele><time>2025-10-17T13:07:22Z</time><speed>0.000</speed><sat>16</sat></trkpt>
  <trkpt lat="33.73807934" lon="-84.41782708"><ele>294.000</ele><time>2025-10-17T13:07:23Z</time><speed>0.000</speed><sat>14</sat></trkpt>
  <trkpt lat="33.73807917" lon="-84.41782708"><ele>294.000</ele><time>2025-10-17T13:07:24Z</time><speed>0.000</speed><sat>14</sat></trkpt>
  <trkpt lat="33.73807905" lon="-84.41782700"><ele>294.000</ele><time>2025-10-17T13:07:25Z</time><speed>0.000</speed><sat>14</sat></trkpt>
  <trkpt lat="33.73807892" lon="-84.41782683"><ele>294.000</ele><time>2025-10-17T13:07:26Z</time><speed>0.000</speed><sat>16</sat></trkpt>
  <trkpt lat="33.73807871" lon="-84.41782675"><ele>294.000</ele><time>2025-10-17T13:07:27Z</time><speed>0.000</speed><sat>16</sat></trkpt>
  <trkpt lat="33.73807305" lon="-84.41782616"><ele>294.000</ele><time>2025-10-17T13:07:28Z</time><speed>0.030</speed><sat>15</sat></trkpt>
  <trkpt lat="33.73807750" lon="-84.41782935"><ele>294.000</ele><time>2025-10-17T13:07:29Z</time><speed>0.600</speed><sat>15</sat></trkpt>
  <trkpt lat="33.73807620" lon="-84.41783220"><ele>294.000</ele><time>2025-10-17T13:07:30Z</time><speed>0.220</speed><sat>17</sat></trkpt>
  <trkpt lat="33.73807674" lon="-84.41783220"><ele>294.000</ele><time>2025-10-17T13:07:31Z</time><speed>0.000</speed><sat>16</sat></trkpt>
  <trkpt lat="33.73807670" lon="-84.41783220"><ele>294.000</ele><time>2025-10-17T13:07:32Z</time><speed>0.000</speed><sat>15</sat></trkpt>
  <trkpt lat="33.73807678" lon="-84.41783496"><ele>294.000</ele><time>2025-10-17T13:07:33Z</time><speed>0.400</speed><sat>14</sat></trkpt>
  <trkpt lat="33.73807456" lon="-84.41783924"><ele>294.000</ele><time>2025-10-17T13:07:34Z</time><speed>0.760</speed><sat>14</sat></trkpt>
  <trkpt lat="33.73807435" lon="-84.41783907"><ele>294.000</ele><time>2025-10-17T13:07:35Z</time><speed>0.140</speed><sat>14</sat></trkpt>
  <trkpt lat="33.73807553" lon="-84.41783639"><ele>294.000</ele><time>2025-10-17T13:07:36Z</time><speed>0.000</speed><sat>15</sat></trkpt>
  <trkpt lat="33.73807549" lon="-84.41783630"><ele>294.000</ele><time>2025-10-17T13:07:37Z</time><speed>0.000</speed><sat>15</sat></trkpt>
  <trkpt lat="33.73807557" lon="-84.41783630"><ele>294.000</ele><time>2025-10-17T13:07:38Z</time><speed>0.000</speed><sat>15</sat></trkpt>
  <trkpt lat="33.73807557" lon="-84.41783622"><ele>294.000</ele><time>2025-10-17T13:07:39Z</time><speed>0.000</speed><sat>16</sat></trkpt>
  <trkpt lat="33.73807574" lon="-84.41783614"><ele>294.000</ele><time>2025-10-17T13:07:40Z</time><speed>0.000</speed><sat>16</sat></trkpt>
  <trkpt lat="33.73807590" lon="-84.41783597"><ele>294.000</ele><time>2025-10-17T13:07:41Z</time><speed>0.000</speed><sat>17</sat></trkpt>
  <trkpt lat="33.73808001" lon="-84.41783496"><ele>294.000</ele><time>2025-10-17T13:07:42Z</time><speed>0.160</speed><sat>17</sat></trkpt>
  <trkpt lat="33.73808471" lon="-84.41783890"><ele>294.000</ele><time>2025-10-17T13:07:43Z</time><speed>0.240</speed><sat>17</sat></trkpt>
  <trkpt lat="33.73808068" lon="-84.41783639"><ele>294.000</ele><time>2025-10-17T13:07:44Z</time><speed>0.690</speed><sat>16</sat></trkpt>
  <trkpt lat="33.73807494" lon="-84.41784100"><ele>294.000</ele><time>2025-10-17T13:07:45Z</time><speed>1.070</speed><sat>18</sat></trkpt>
  <trkpt lat="33.73806715" lon="-84.41782960"><ele>294.000</ele><time>2025-10-17T13:07:46Z</time><speed>1.950</speed><sat>15</sat></trkpt>
  <trkpt lat="33.73804711" lon="-84.41782029"><ele>294.000</ele><time>2025-10-17T13:07:47Z</time><speed>2.490</speed><sat>14</sat></trkpt>
  <trkpt lat="33.73802662" lon="-84.41781577"><ele>293.000</ele><time>2025-10-17T13:07:48Z</time><speed>1.890</speed><sat>17</sat></trkpt>
  <trkpt lat="33.73800307" lon="-84.41780412"><ele>293.000</ele><time>2025-10-17T13:07:49Z</time><speed>2.970</speed><sat>19</sat></trkpt>
  <trkpt lat="33.73798048" lon="-84.41779414"><ele>293.000</ele><time>2025-10-17T13:07:50Z</time><speed>2.830</speed><sat>18</sat></trkpt>
  <trkpt lat="33.73796619" lon="-84.41779305"><ele>293.000</ele><time>2025-10-17T13:07:51Z</time><speed>1.240</speed><sat>20</sat></trkpt>
  <trkpt lat="33.73796049" lon="-84.41779297"><ele>293.000</ele><time>2025-10-17T13:07:52Z</time><speed>1.310</speed><sat>20</sat></trkpt>
  <trkpt lat="33.73795001" lon="-84.41779666"><ele>293.000</ele><time>2025-10-17T13:07:53Z</time><speed>1.520</speed><sat>20</sat></trkpt>
  <trkpt lat="33.73794016" lon="-84.41780194"><ele>293.000</ele><time>2025-10-17T13:07:54Z</time><speed>1.350</speed><sat>19</sat></trkpt>
  <trkpt lat="33.73793031" lon="-84.41780412"><ele>293.000</ele><time>2025-10-17T13:07:55Z</time><speed>1.190</speed><sat>19</sat></trkpt>
  <trkpt lat="33.73792076" lon="-84.41780923"><ele>293.000</ele><time>2025-10-17T13:07:56Z</time><speed>1.000</speed><sat>19</sat></trkpt>
  <trkpt lat="33.73790797" lon="-84.41781694"><ele>293.000</ele><time>2025-10-17T13:07:57Z</time><speed>1.100</speed><sat>18</sat></trkpt>
  <trkpt lat="33.73789699" lon="-84.41782339"><ele>293.000</ele><time>2025-10-17T13:07:58Z</time><speed>1.540</speed><sat>18</sat></trkpt>
  <trkpt lat="33.73789289" lon="-84.41783798"><ele>293.000</ele><time>2025-10-17T13:07:59Z</time><speed>1.230</speed><sat>19</sat></trkpt>
  <trkpt lat="33.73789662" lon="-84.41785206"><ele>293.000</ele><time>2025-10-17T13:08:00Z</time><speed>0.410</speed><sat>19</sat></trkpt>
  <trkpt lat="33.73789536" lon="-84.41786841"><ele>293.000</ele><time>2025-10-17T13:08:01Z</time><speed>1.940</speed><sat>19</sat></trkpt>
  <trkpt lat="33.73789134" lon="-84.41788970"><ele>294.000</ele><time>2025-10-17T13:08:02Z</time><speed>1.170</speed><sat>15</sat></trkpt>
  <trkpt lat="33.73789444" lon="-84.41790378"><ele>293.000</ele><time>2025-10-17T13:08:03Z</time><speed>1.150</speed><sat>17</sat></trkpt>
  <trkpt lat="33.73789322" lon="-84.41791853"><ele>293.000</ele><time>2025-10-17T13:08:04Z</time><speed>1.270</speed><sat>18</sat></trkpt>
  <trkpt lat="33.73789263" lon="-84.41793412"><ele>293.000</ele><time>2025-10-17T13:08:05Z</time><speed>1.110</speed><sat>17</sat></trkpt>
  <trkpt lat="33.73788471" lon="-84.41794820"><ele>293.000</ele><time>2025-10-17T13:08:06Z</time><speed>1.600</speed><sat>18</sat></trkpt>
  <trkpt lat="33.73788329" lon="-84.41796279"><ele>293.000</ele><time>2025-10-17T13:08:07Z</time><speed>1.290</speed><sat>19</sat></trkpt>
  <trkpt lat="33.73788459" lon="-84.41797687"><ele>293.000</ele><time>2025-10-17T13:08:08Z</time><speed>1.310</speed><sat>19</sat></trkpt>
  <trkpt lat="33.73788484" lon="-84.41798818"><ele>293.000</ele><time>2025-10-17T13:08:09Z</time><speed>0.860</speed><sat>20</sat></trkpt>
  <trkpt lat="33.73788513" lon="-84.41799891"><ele>293.000</ele><time>2025-10-17T13:08:10Z</time><speed>1.310</speed><sat>21</sat></trkpt>
  <trkpt lat="33.73788408" lon="-84.41801408"><ele>293.000</ele><time>2025-10-17T13:08:11Z</time><speed>1.350</speed><sat>21</sat></trkpt>
  <trkpt lat="33.73788823" lon="-84.41802791"><ele>293.000</ele><time>2025-10-17T13:08:12Z</time><speed>1.420</speed><sat>21</sat></trkpt>
  <trkpt lat="33.73789175" lon="-84.41804241"><ele>293.000</ele><time>2025-10-17T13:08:13Z</time><speed>1.240</speed><sat>22</sat></trkpt>
  <trkpt lat="33.73789301" lon="-84.41805826"><ele>293.000</ele><time>2025-10-17T13:08:14Z</time><speed>1.470</speed><sat>22</sat></trkpt>
  <trkpt lat="33.73789519" lon="-84.41807200"><ele>293.000</ele><time>2025-10-17T13:08:15Z</time><speed>1.240</speed><sat>22</sat></trkpt>
  <trkpt lat="33.73789762" lon="-84.41808625"><ele>293.000</ele><time>2025-10-17T13:08:16Z</time><speed>1.300</speed><sat>22</sat></trkpt>
  <trkpt lat="33.73789909" lon="-84.41810008"><ele>293.000</ele><time>2025-10-17T13:08:17Z</time><speed>1.160</speed><sat>21</sat></trkpt>
  <trkpt lat="33.73789783" lon="-84.41811232"><ele>293.000</ele><time>2025-10-17T13:08:18Z</time><speed>1.120</speed><sat>22</sat></trkpt>
  <trkpt lat="33.73789670" lon="-84.41812389"><ele>293.000</ele><time>2025-10-17T13:08:19Z</time><speed>1.090</speed><sat>22</sat></trkpt>
  <trkpt lat="33.73789670" lon="-84.41813939"><ele>293.000</ele><time>2025-10-17T13:08:20Z</time><speed>1.530</speed><sat>21</sat></trkpt>
  <trkpt lat="33.73790043" lon="-84.41815272"><ele>293.000</ele><time>2025-10-17T13:08:21Z</time><speed>1.140</speed><sat>21</sat></trkpt>
  <trkpt lat="33.73790466" lon="-84.41816462"><ele>293.000</ele><time>2025-10-17T13:08:22Z</time><speed>1.050</speed><sat>21</sat></trkpt>
  <trkpt lat="33.73790697" lon="-84.41817719"><ele>293.000</ele><time>2025-10-17T13:08:23Z</time><speed>1.040</speed><sat>21</sat></trkpt>
  <trkpt lat="33.73790592" lon="-84.41818960"><ele>293.000</ele><time>2025-10-17T13:08:24Z</time><speed>1.000</speed><sat>20</sat></trkpt>
  <trkpt lat="33.73790822" lon="-84.41819907"><ele>293.000</ele><time>2025-10-17T13:08:25Z</time><speed>0.780</speed><sat>19</sat></trkpt>
  <trkpt lat="33.73791107" lon="-84.41820804"><ele>293.000</ele><time>2025-10-17T13:08:26Z</time><speed>0.730</speed><sat>21</sat></trkpt>
  <trkpt lat="33.73790873" lon="-84.41822615"><ele>292.000</ele><time>2025-10-17T13:08:27Z</time><speed>1.540</speed><sat>17</sat></trkpt>
  <trkpt lat="33.73790215" lon="-84.41824324"><ele>292.000</ele><time>2025-10-17T13:08:28Z</time><speed>1.790</speed><sat>18</sat></trkpt>
  <trkpt lat="33.73789812" lon="-84.41826009"><ele>292.000</ele><time>2025-10-17T13:08:29Z</time><speed>1.160</speed><sat>18</sat></trkpt>
  <trkpt lat="33.73790056" lon="-84.41827845"><ele>292.000</ele><time>2025-10-17T13:08:30Z</time><speed>1.790</speed><sat>18</sat></trkpt>
  <trkpt lat="33.73790273" lon="-84.41829856"><ele>293.000</ele><time>2025-10-17T13:08:31Z</time><speed>1.740</speed><sat>19</sat></trkpt>
  <trkpt lat="33.73790349" lon="-84.41831315"><ele>293.000</ele><time>2025-10-17T13:08:32Z</time><speed>1.330</speed><sat>20</sat></trkpt>
  <trkpt lat="33.73790227" lon="-84.41832614"><ele>293.000</ele><time>2025-10-17T13:08:33Z</time><speed>1.000</speed><sat>19</sat></trkpt>
  <trkpt lat="33.73790164" lon="-84.41833989"><ele>293.000</ele><time>2025-10-17T13:08:34Z</time><speed>1.210</speed><sat>19</sat></trkpt>
  <trkpt lat="33.73790349" lon="-84.41835254"><ele>293.000</ele><time>2025-10-17T13:08:35Z</time><speed>0.970</speed><sat>20</sat></trkpt>
  <trkpt lat="33.73790353" lon="-84.41836730"><ele>293.000</ele><time>2025-10-17T13:08:36Z</time><speed>1.260</speed><sat>20</sat></trkpt>
  <trkpt lat="33.73790144" lon="-84.41838079"><ele>293.000</ele><time>2025-10-17T13:08:37Z</time><speed>1.050</speed><sat>19</sat></trkpt>
  <trkpt lat="33.73789976" lon="-84.41839571"><ele>293.000</ele><time>2025-10-17T13:08:38Z</time><speed>1.350</speed><sat>20</sat></trkpt>
  <trkpt lat="33.73790240" lon="-84.41841063"><ele>293.000</ele><time>2025-10-17T13:08:39Z</time><speed>1.150</speed><sat>20</sat></trkpt>
  <trkpt lat="33.73790286" lon="-84.41842329"><ele>293.000</ele><time>2025-10-17T13:08:40Z</time><speed>0.610</speed><sat>20</sat></trkpt>
  <trkpt lat="33.73790755" lon="-84.41843242"><ele>294.000</ele><time>2025-10-17T13:08:41Z</time><speed>0.490</speed><sat>20</sat></trkpt>
  <trkpt lat="33.73790630" lon="-84.41844324"><ele>294.000</ele><time>2025-10-17T13:08:42Z</time><speed>0.940</speed><sat>18</sat></trkpt>
  <trkpt lat="33.73790705" lon="-84.41845556"><ele>294.000</ele><time>2025-10-17T13:08:43Z</time><speed>0.730</speed><sat>18</sat></trkpt>
  <trkpt lat="33.73790864" lon="-84.41847073"><ele>294.000</ele><time>2025-10-17T13:08:44Z</time><speed>1.380</speed><sat>18</sat></trkpt>
  <trkpt lat="33.73791606" lon="-84.41848657"><ele>294.000</ele><time>2025-10-17T13:08:45Z</time><speed>1.620</speed><sat>19</sat></trkpt>
  <trkpt lat="33.73791967" lon="-84.41850359"><ele>293.000</ele><time>2025-10-17T13:08:46Z</time><speed>1.530</speed><sat>18</sat></trkpt>
  <trkpt lat="33.73792348" lon="-84.41851976"><ele>293.000</ele><time>2025-10-17T13:08:47Z</time><speed>1.280</speed><sat>20</sat></trkpt>
  <trkpt lat="33.73792486" lon="-84.41853200"><ele>293.000</ele><time>2025-10-17T13:08:48Z</time><speed>0.570</speed><sat>21</sat></trkpt>
  <trkpt lat="33.73792277" lon="-84.41854801"><ele>293.000</ele><time>2025-10-17T13:08:49Z</time><speed>0.590</speed><sat>20</sat></trkpt>
  <trkpt lat="33.73791703" lon="-84.41856544"><ele>293.000</ele><time>2025-10-17T13:08:50Z</time><speed>0.710</speed><sat>20</sat></trkpt>
  <trkpt lat="33.73791682" lon="-84.41857693"><ele>293.000</ele><time>2025-10-17T13:08:51Z</time><speed>0.840</speed><sat>20</sat></trkpt>
  <trkpt lat="33.73792377" lon="-84.41858975"><ele>293.000</ele><time>2025-10-17T13:08:52Z</time><speed>1.600</speed><sat>18</sat></trkpt>
  <trkpt lat="33.73793324" lon="-84.41859939"><ele>293.000</ele><time>2025-10-17T13:08:53Z</time><speed>0.930</speed><sat>16</sat></trkpt>
  <trkpt lat="33.73793836" lon="-84.41860777"><ele>293.000</ele><time>2025-10-17T13:08:54Z</time><speed>1.040</speed><sat>15</sat></trkpt>
  <trkpt lat="33.73793572" lon="-84.41862328"><ele>293.000</ele><time>2025-10-17T13:08:55Z</time><speed>1.250</speed><sat>17</sat></trkpt>
  <trkpt lat="33.73793249" lon="-84.41864365"><ele>293.000</ele><time>2025-10-17T13:08:56Z</time><speed>1.550</speed><sat>19</sat></trkpt>
  <trkpt lat="33.73793136" lon="-84.41866318"><ele>293.000</ele><time>2025-10-17T13:08:57Z</time><speed>1.320</speed><sat>19</sat></trkpt>
  <trkpt lat="33.73792566" lon="-84.41868422"><ele>293.000</ele><time>2025-10-17T13:08:58Z</time><speed>1.740</speed><sat>18</sat></trkpt>
  <trkpt lat="33.73791677" lon="-84.41870333"><ele>293.000</ele><time>2025-10-17T13:08:59Z</time><speed>1.300</speed><sat>19</sat></trkpt>
  <trkpt lat="33.73791024" lon="-84.41872160"><ele>293.000</ele><time>2025-10-17T13:09:00Z</time><speed>1.430</speed><sat>19</sat></trkpt>
  <trkpt lat="33.73790160" lon="-84.41874088"><ele>293.000</ele><time>2025-10-17T13:09:01Z</time><speed>1.780</speed><sat>18</sat></trkpt>
  <trkpt lat="33.73788995" lon="-84.41875756"><ele>293.000</ele><time>2025-10-17T13:09:02Z</time><speed>1.630</speed><sat>17</sat></trkpt>
  <trkpt lat="33.73787495" lon="-84.41877373"><ele>293.000</ele><time>2025-10-17T13:09:03Z</time><speed>1.980</speed><sat>16</sat></trkpt>
  <trkpt lat="33.73787046" lon="-84.41879343"><ele>293.000</ele><time>2025-10-17T13:09:04Z</time><speed>1.460</speed><sat>17</sat></trkpt>
  <trkpt lat="33.73786720" lon="-84.41880835"><ele>293.000</ele><time>2025-10-17T13:09:05Z</time><speed>1.150</speed><sat>17</sat></trkpt>
  <trkpt lat="33.73789041" lon="-84.41882679"><ele>293.000</ele><time>2025-10-17T13:09:06Z</time><speed>3.980</speed><sat>16</sat></trkpt>
  <trkpt lat="33.73789980" lon="-84.41884272"><ele>293.000</ele><time>2025-10-17T13:09:07Z</time><speed>1.460</speed><sat>14</sat></trkpt>
  <trkpt lat="33.73790244" lon="-84.41885646"><ele>293.000</ele><time>2025-10-17T13:09:08Z</time><speed>1.050</speed><sat>15</sat></trkpt>
  <trkpt lat="33.73790429" lon="-84.41887147"><ele>293.000</ele><time>2025-10-17T13:09:09Z</time><speed>0.930</speed><sat>15</sat></trkpt>
  <trkpt lat="33.73789783" lon="-84.41888630"><ele>293.000</ele><time>2025-10-17T13:09:10Z</time><speed>1.000</speed><sat>14</sat></trkpt>
  <trkpt lat="33.73788635" lon="-84.41889720"><ele>293.000</ele><time>2025-10-17T13:09:11Z</time><speed>0.810</speed><sat>15</sat></trkpt>
  <trkpt lat="33.73787654" lon="-84.41891044"><ele>293.000</ele><time>2025-10-17T13:09:12Z</time><speed>1.880</speed><sat>14</sat></trkpt>
  <trkpt lat="33.73787650" lon="-84.41892402"><ele>293.000</ele><time>2025-10-17T13:09:13Z</time><speed>1.010</speed><sat>14</sat></trkpt>
  <trkpt lat="33.73790177" lon="-84.41895755"><ele>294.000</ele><time>2025-10-17T13:09:14Z</time><speed>1.440</speed><sat>15</sat></trkpt>
  <trkpt lat="33.73789113" lon="-84.41897104"><ele>294.000</ele><time>2025-10-17T13:09:15Z</time><speed>1.590</speed><sat>15</sat></trkpt>
  <trkpt lat="33.73786933" lon="-84.41898949"><ele>295.000</ele><time>2025-10-17T13:09:16Z</time><speed>1.520</speed><sat>17</sat></trkpt>
  <trkpt lat="33.73786577" lon="-84.41901379"><ele>295.000</ele><time>2025-10-17T13:09:17Z</time><speed>1.930</speed><sat>15</sat></trkpt>
  <trkpt lat="33.73786988" lon="-84.41902787"><ele>295.000</ele><time>2025-10-17T13:09:18Z</time><speed>1.160</speed><sat>15</sat></trkpt>
  <trkpt lat="33.73787964" lon="-84.41903265"><ele>295.000</ele><time>2025-10-17T13:09:19Z</time><speed>0.810</speed><sat>17</sat></trkpt>
  <trkpt lat="33.73788174" lon="-84.41904657"><ele>295.000</ele><time>2025-10-17T13:09:20Z</time><speed>1.260</speed><sat>17</sat></trkpt>
  <trkpt lat="33.73788186" lon="-84.41905939"><ele>295.000</ele><time>2025-10-17T13:09:21Z</time><speed>0.990</speed><sat>17</sat></trkpt>
  <trkpt lat="33.73788434" lon="-84.41907129"><ele>295.000</ele><time>2025-10-17T13:09:22Z</time><speed>0.660</speed><sat>17</sat></trkpt>
  <trkpt lat="33.73788484" lon="-84.41908127"><ele>295.000</ele><time>2025-10-17T13:09:23Z</time><speed>0.550</speed><sat>18</sat></trkpt>
  <trkpt lat="33.73788962" lon="-84.41909468"><ele>295.000</ele><time>2025-10-17T13:09:24Z</time><speed>1.220</speed><sat>18</sat></trkpt>
  <trkpt lat="33.73789326" lon="-84.41910373"><ele>295.000</ele><time>2025-10-17T13:09:25Z</time><speed>0.730</speed><sat>17</sat></trkpt>
  <trkpt lat="33.73789762" lon="-84.41911790"><ele>295.000</ele><time>2025-10-17T13:09:26Z</time><speed>0.920</speed><sat>18</sat></trkpt>
  <trkpt lat="33.73789879" lon="-84.41913089"><ele>295.000</ele><time>2025-10-17T13:09:27Z</time><speed>1.240</speed><sat>17</sat></trkpt>
  <trkpt lat="33.73790345" lon="-84.41914681"><ele>295.000</ele><time>2025-10-17T13:09:28Z</time><speed>1.340</speed><sat>17</sat></trkpt>
  <trkpt lat="33.73791233" lon="-84.41915989"><ele>295.000</ele><time>2025-10-17T13:09:29Z</time><speed>1.490</speed><sat>17</sat></trkpt>
  <trkpt lat="33.73791154" lon="-84.41916995"><ele>295.000</ele><time>2025-10-17T13:09:30Z</time><speed>0.800</speed><sat>17</sat></trkpt>
  <trkpt lat="33.73791283" lon="-84.41917917"><ele>295.000</ele><time>2025-10-17T13:09:31Z</time><speed>0.730</speed><sat>17</sat></trkpt>
  <trkpt lat="33.73791522" lon="-84.41919400"><ele>295.000</ele><time>2025-10-17T13:09:32Z</time><speed>0.970</speed><sat>15</sat></trkpt>
  <trkpt lat="33.73791200" lon="-84.41920758"><ele>295.000</ele><time>2025-10-17T13:09:33Z</time><speed>1.030</speed><sat>16</sat></trkpt>
  <trkpt lat="33.73790701" lon="-84.41922250"><ele>295.000</ele><time>2025-10-17T13:09:34Z</time><speed>1.220</speed><sat>17</sat></trkpt>
  <trkpt lat="33.73788123" lon="-84.41924103"><ele>294.000</ele><time>2025-10-17T13:09:35Z</time><speed>0.920</speed><sat>17</sat></trkpt>
  <trkpt lat="33.73787784" lon="-84.41925511"><ele>294.000</ele><time>2025-10-17T13:09:36Z</time><speed>0.580</speed><sat>16</sat></trkpt>
  <trkpt lat="33.73786673" lon="-84.41927631"><ele>294.000</ele><time>2025-10-17T13:09:37Z</time><speed>1.050</speed><sat>18</sat></trkpt>
  <trkpt lat="33.73786124" lon="-84.41928864"><ele>294.000</ele><time>2025-10-17T13:09:38Z</time><speed>1.090</speed><sat>17</sat></trkpt>
  <trkpt lat="33.73785617" lon="-84.41930280"><ele>294.000</ele><time>2025-10-17T13:09:39Z</time><speed>1.330</speed><sat>18</sat></trkpt>
  <trkpt lat="33.73784804" lon="-84.41931898"><ele>294.000</ele><time>2025-10-17T13:09:40Z</time><speed>1.870</speed><sat>18</sat></trkpt>
  <trkpt lat="33.73785068" lon="-84.41934136"><ele>294.000</ele><time>2025-10-17T13:09:41Z</time><speed>1.230</speed><sat>18</sat></trkpt>
  <trkpt lat="33.73785533" lon="-84.41935955"><ele>294.000</ele><time>2025-10-17T13:09:42Z</time><speed>1.490</speed><sat>19</sat></trkpt>
  <trkpt lat="33.73786229" lon="-84.41937639"><ele>294.000</ele><time>2025-10-17T13:09:43Z</time><speed>1.570</speed><sat>18</sat></trkpt>
  <trkpt lat="33.73786472" lon="-84.41938980"><ele>294.000</ele><time>2025-10-17T13:09:44Z</time><speed>1.480</speed><sat>19</sat></trkpt>
  <trkpt lat="33.73786652" lon="-84.41940171"><ele>294.000</ele><time>2025-10-17T13:09:45Z</time><speed>1.200</speed><sat>19</sat></trkpt>
  <trkpt lat="33.73786925" lon="-84.41941495"><ele>293.000</ele><time>2025-10-17T13:09:46Z</time><speed>0.780</speed><sat>18</sat></trkpt>
  <trkpt lat="33.73787239" lon="-84.41942358"><ele>293.000</ele><time>2025-10-17T13:09:47Z</time><speed>0.610</speed><sat>19</sat></trkpt>
  <trkpt lat="33.73787931" lon="-84.41943347"><ele>293.000</ele><time>2025-10-17T13:09:48Z</time><speed>0.960</speed><sat>20</sat></trkpt>
  <trkpt lat="33.73787876" lon="-84.41944814"><ele>294.000</ele><time>2025-10-17T13:09:49Z</time><speed>1.080</speed><sat>20</sat></trkpt>
  <trkpt lat="33.73787964" lon="-84.41945979"><ele>293.000</ele><time>2025-10-17T13:09:50Z</time><speed>0.920</speed><sat>18</sat></trkpt>
  <trkpt lat="33.73787973" lon="-84.41947714"><ele>293.000</ele><time>2025-10-17T13:09:51Z</time><speed>1.570</speed><sat>20</sat></trkpt>
  <trkpt lat="33.73788283" lon="-84.41949433"><ele>294.000</ele><time>2025-10-17T13:09:52Z</time><speed>1.140</speed><sat>18</sat></trkpt>
  <trkpt lat="33.73788882" lon="-84.41950849"><ele>294.000</ele><time>2025-10-17T13:09:53Z</time><speed>1.870</speed><sat>20</sat></trkpt>
  <trkpt lat="33.73789121" lon="-84.41952500"><ele>294.000</ele><time>2025-10-17T13:09:54Z</time><speed>0.980</speed><sat>16</sat></trkpt>
  <trkpt lat="33.73788874" lon="-84.41954730"><ele>294.000</ele><time>2025-10-17T13:09:55Z</time><speed>1.400</speed><sat>18</sat></trkpt>
  <trkpt lat="33.73788773" lon="-84.41956658"><ele>294.000</ele><time>2025-10-17T13:09:56Z</time><speed>1.460</speed><sat>18</sat></trkpt>
  <trkpt lat="33.73788421" lon="-84.41958426"><ele>295.000</ele><time>2025-10-17T13:09:57Z</time><speed>1.720</speed><sat>19</sat></trkpt>
  <trkpt lat="33.73787662" lon="-84.41960589"><ele>294.000</ele><time>2025-10-17T13:09:58Z</time><speed>1.570</speed><sat>18</sat></trkpt>
  <trkpt lat="33.73787394" lon="-84.41961788"><ele>294.000</ele><time>2025-10-17T13:09:59Z</time><speed>0.370</speed><sat>18</sat></trkpt>
  <trkpt lat="33.73788044" lon="-84.41963137"><ele>295.000</ele><time>2025-10-17T13:10:00Z</time><speed>1.830</speed><sat>16</sat></trkpt>
  <trkpt lat="33.73788752" lon="-84.41964805"><ele>295.000</ele><time>2025-10-17T13:10:01Z</time><speed>1.270</speed><sat>17</sat></trkpt>
  <trkpt lat="33.73789473" lon="-84.41966205"><ele>295.000</ele><time>2025-10-17T13:10:02Z</time><speed>1.120</speed><sat>19</sat></trkpt>
  <trkpt lat="33.73790118" lon="-84.41967194"><ele>295.000</ele><time>2025-10-17T13:10:03Z</time><speed>1.230</speed><sat>18</sat></trkpt>
  <trkpt lat="33.73790537" lon="-84.41968552"><ele>295.000</ele><time>2025-10-17T13:10:04Z</time><speed>1.210</speed><sat>18</sat></trkpt>
  <trkpt lat="33.73791342" lon="-84.41969667"><ele>295.000</ele><time>2025-10-17T13:10:05Z</time><speed>1.710</speed><sat>19</sat></trkpt>
  <trkpt lat="33.73791669" lon="-84.41971092"><ele>295.000</ele><time>2025-10-17T13:10:06Z</time><speed>1.270</speed><sat>18</sat></trkpt>
  <trkpt lat="33.73791845" lon="-84.41972441"><ele>295.000</ele><time>2025-10-17T13:10:07Z</time><speed>1.000</speed><sat>18</sat></trkpt>
  <trkpt lat="33.73791531" lon="-84.41974076"><ele>295.000</ele><time>2025-10-17T13:10:08Z</time><speed>1.580</speed><sat>18</sat></trkpt>
  <trkpt lat="33.73790890" lon="-84.41975567"><ele>295.000</ele><time>2025-10-17T13:10:09Z</time><speed>1.230</speed><sat>18</sat></trkpt>
  <trkpt lat="33.73789653" lon="-84.41976766"><ele>295.000</ele><time>2025-10-17T13:10:10Z</time><speed>1.430</speed><sat>18</sat></trkpt>
  <trkpt lat="33.73788702" lon="-84.41978166"><ele>295.000</ele><time>2025-10-17T13:10:11Z</time><speed>1.580</speed><sat>18</sat></trkpt>
  <trkpt lat="33.73787537" lon="-84.41979599"><ele>295.000</ele><time>2025-10-17T13:10:12Z</time><speed>1.620</speed><sat>18</sat></trkpt>
  <trkpt lat="33.73786833" lon="-84.41981267"><ele>295.000</ele><time>2025-10-17T13:10:13Z</time><speed>1.640</speed><sat>18</sat></trkpt>
  <trkpt lat="33.73786870" lon="-84.41983128"><ele>295.000</ele><time>2025-10-17T13:10:14Z</time><speed>1.430</speed><sat>19</sat></trkpt>
  <trkpt lat="33.73787151" lon="-84.41984804"><ele>294.000</ele><time>2025-10-17T13:10:15Z</time><speed>1.440</speed><sat>17</sat></trkpt>
  <trkpt lat="33.73787474" lon="-84.41986539"><ele>294.000</ele><time>2025-10-17T13:10:16Z</time><speed>1.060</speed><sat>19</sat></trkpt>
  <trkpt lat="33.73787838" lon="-84.41988015"><ele>294.000</ele><time>2025-10-17T13:10:17Z</time><speed>1.350</speed><sat>19</sat></trkpt>
  <trkpt lat="33.73788090" lon="-84.41989808"><ele>294.000</ele><time>2025-10-17T13:10:18Z</time><speed>1.480</speed><sat>20</sat></trkpt>
  <trkpt lat="33.73788333" lon="-84.41991518"><ele>294.000</ele><time>2025-10-17T13:10:19Z</time><speed>1.150</speed><sat>19</sat></trkpt>
  <trkpt lat="33.73788455" lon="-84.41992977"><ele>294.000</ele><time>2025-10-17T13:10:20Z</time><speed>1.390</speed><sat>20</sat></trkpt>
  <trkpt lat="33.73788882" lon="-84.41994578"><ele>294.000</ele><time>2025-10-17T13:10:21Z</time><speed>1.340</speed><sat>20</sat></trkpt>
  <trkpt lat="33.73789016" lon="-84.41996095"><ele>294.000</ele><time>2025-10-17T13:10:22Z</time><speed>1.180</speed><sat>20</sat></trkpt>
  <trkpt lat="33.73789477" lon="-84.41997637"><ele>294.000</ele><time>2025-10-17T13:10:23Z</time><speed>1.330</speed><sat>19</sat></trkpt>
  <trkpt lat="33.73789599" lon="-84.41999347"><ele>294.000</ele><time>2025-10-17T13:10:24Z</time><speed>1.650</speed><sat>19</sat></trkpt>
  <trkpt lat="33.73790169" lon="-84.42000923"><ele>294.000</ele><time>2025-10-17T13:10:25Z</time><speed>1.240</speed><sat>20</sat></trkpt>
  <trkpt lat="33.73790491" lon="-84.42002155"><ele>294.000</ele><time>2025-10-17T13:10:26Z</time><speed>1.300</speed><sat>19</sat></trkpt>
  <trkpt lat="33.73791183" lon="-84.42003362"><ele>294.000</ele><time>2025-10-17T13:10:27Z</time><speed>1.350</speed><sat>19</sat></trkpt>
  <trkpt lat="33.73791560" lon="-84.42004829"><ele>294.000</ele><time>2025-10-17T13:10:28Z</time><speed>1.340</speed><sat>18</sat></trkpt>
  <trkpt lat="33.73791669" lon="-84.42006329"><ele>294.000</ele><time>2025-10-17T13:10:29Z</time><speed>1.400</speed><sat>17</sat></trkpt>
  <trkpt lat="33.73791807" lon="-84.42007637"><ele>294.000</ele><time>2025-10-17T13:10:30Z</time><speed>0.660</speed><sat>18</sat></trkpt>
  <trkpt lat="33.73791661" lon="-84.42008961"><ele>294.000</ele><time>2025-10-17T13:10:31Z</time><speed>1.210</speed><sat>16</sat></trkpt>
  <trkpt lat="33.73791837" lon="-84.42010587"><ele>294.000</ele><time>2025-10-17T13:10:32Z</time><speed>1.310</speed><sat>15</sat></trkpt>
  <trkpt lat="33.73792122" lon="-84.42012322"><ele>294.000</ele><time>2025-10-17T13:10:33Z</time><speed>1.390</speed><sat>16</sat></trkpt>
  <trkpt lat="33.73793027" lon="-84.42013789"><ele>294.000</ele><time>2025-10-17T13:10:34Z</time><speed>1.690</speed><sat>17</sat></trkpt>
  <trkpt lat="33.73793961" lon="-84.42015734"><ele>294.000</ele><time>2025-10-17T13:10:35Z</time><speed>1.400</speed><sat>16</sat></trkpt>
  <trkpt lat="33.73793924" lon="-84.42018081"><ele>294.000</ele><time>2025-10-17T13:10:36Z</time><speed>1.970</speed><sat>14</sat></trkpt>
  <trkpt lat="33.73794309" lon="-84.42020092"><ele>294.000</ele><time>2025-10-17T13:10:37Z</time><speed>1.750</speed><sat>16</sat></trkpt>
  <trkpt lat="33.73794389" lon="-84.42021844"><ele>294.000</ele><time>2025-10-17T13:10:38Z</time><speed>1.450</speed><sat>15</sat></trkpt>
  <trkpt lat="33.73794661" lon="-84.42023504"><ele>294.000</ele><time>2025-10-17T13:10:39Z</time><speed>1.490</speed><sat>16</sat></trkpt>
  <trkpt lat="33.73795143" lon="-84.42024870"><ele>294.000</ele><time>2025-10-17T13:10:40Z</time><speed>1.350</speed><sat>17</sat></trkpt>
  <trkpt lat="33.73795747" lon="-84.42026169"><ele>294.000</ele><time>2025-10-17T13:10:41Z</time><speed>1.320</speed><sat>17</sat></trkpt>
  <trkpt lat="33.73796367" lon="-84.42027653"><ele>294.000</ele><time>2025-10-17T13:10:42Z</time><speed>1.400</speed><sat>17</sat></trkpt>
  <trkpt lat="33.73796899" lon="-84.42029262"><ele>294.000</ele><time>2025-10-17T13:10:43Z</time><speed>1.650</speed><sat>17</sat></trkpt>
  <trkpt lat="33.73797289" lon="-84.42030938"><ele>294.000</ele><time>2025-10-17T13:10:44Z</time><speed>1.350</speed><sat>15</sat></trkpt>
  <trkpt lat="33.73797738" lon="-84.42032296"><ele>294.000</ele><time>2025-10-17T13:10:45Z</time><speed>1.260</speed><sat>16</sat></trkpt>
  <trkpt lat="33.73798173" lon="-84.42033855"><ele>294.000</ele><time>2025-10-17T13:10:46Z</time><speed>1.220</speed><sat>17</sat></trkpt>
  <trkpt lat="33.73798035" lon="-84.42035272"><ele>294.000</ele><time>2025-10-17T13:10:47Z</time><speed>1.180</speed><sat>17</sat></trkpt>
  <trkpt lat="33.73797813" lon="-84.42036529"><ele>294.000</ele><time>2025-10-17T13:10:48Z</time><speed>1.020</speed><sat>16</sat></trkpt>
  <trkpt lat="33.73797721" lon="-84.42037904"><ele>294.000</ele><time>2025-10-17T13:10:49Z</time><speed>1.320</speed><sat>18</sat></trkpt>
  <trkpt lat="33.73796639" lon="-84.42039982"><ele>293.000</ele><time>2025-10-17T13:10:50Z</time><speed>1.300</speed><sat>16</sat></trkpt>
  <trkpt lat="33.73796522" lon="-84.42041039"><ele>293.000</ele><time>2025-10-17T13:10:51Z</time><speed>0.470</speed><sat>18</sat></trkpt>
  <trkpt lat="33.73795344" lon="-84.42042329"><ele>292.000</ele><time>2025-10-17T13:10:52Z</time><speed>0.800</speed><sat>17</sat></trkpt>
  <trkpt lat="33.73795005" lon="-84.42043855"><ele>291.000</ele><time>2025-10-17T13:10:53Z</time><speed>1.320</speed><sat>17</sat></trkpt>
  <trkpt lat="33.73794510" lon="-84.42045690"><ele>291.000</ele><time>2025-10-17T13:10:54Z</time><speed>1.710</speed><sat>18</sat></trkpt>
  <trkpt lat="33.73794293" lon="-84.42047677"><ele>291.000</ele><time>2025-10-17T13:10:55Z</time><speed>1.740</speed><sat>16</sat></trkpt>
  <trkpt lat="33.73794213" lon="-84.42049437"><ele>291.000</ele><time>2025-10-17T13:10:56Z</time><speed>1.470</speed><sat>17</sat></trkpt>
  <trkpt lat="33.73794108" lon="-84.42050770"><ele>291.000</ele><time>2025-10-17T13:10:57Z</time><speed>1.340</speed><sat>18</sat></trkpt>
  <trkpt lat="33.73794184" lon="-84.42052354"><ele>290.000</ele><time>2025-10-17T13:10:58Z</time><speed>1.150</speed><sat>18</sat></trkpt>
  <trkpt lat="33.73793953" lon="-84.42054307"><ele>291.000</ele><time>2025-10-17T13:10:59Z</time><speed>2.380</speed><sat>18</sat></trkpt>
  <trkpt lat="33.73793798" lon="-84.42056185"><ele>291.000</ele><time>2025-10-17T13:11:00Z</time><speed>0.960</speed><sat>16</sat></trkpt>
  <trkpt lat="33.73794163" lon="-84.42056989"><ele>291.000</ele><time>2025-10-17T13:11:01Z</time><speed>0.770</speed><sat>17</sat></trkpt>
  <trkpt lat="33.73794473" lon="-84.42057878"><ele>291.000</ele><time>2025-10-17T13:11:02Z</time><speed>0.760</speed><sat>18</sat></trkpt>
  <trkpt lat="33.73794611" lon="-84.42058012"><ele>291.000</ele><time>2025-10-17T13:11:03Z</time><speed>0.480</speed><sat>18</sat></trkpt>
  <trkpt lat="33.73794716" lon="-84.42057249"><ele>290.000</ele><time>2025-10-17T13:11:04Z</time><speed>0.110</speed><sat>17</sat></trkpt>
  <trkpt lat="33.73794724" lon="-84.42057249"><ele>290.000</ele><time>2025-10-17T13:11:05Z</time><speed>0.000</speed><sat>17</sat></trkpt>
  <trkpt lat="33.73794695" lon="-84.42057174"><ele>290.000</ele><time>2025-10-17T13:11:06Z</time><speed>0.000</speed><sat>18</sat></trkpt>
  <trkpt lat="33.73794695" lon="-84.42057149"><ele>290.000</ele><time>2025-10-17T13:11:07Z</time><speed>0.000</speed><sat>18</sat></trkpt>
  <trkpt lat="33.73794695" lon="-84.42057149"><ele>290.000</ele><time>2025-10-17T13:11:08Z</time><speed>0.000</speed><sat>17</sat></trkpt>
  <trkpt lat="33.73794695" lon="-84.42057149"><ele>290.000</ele><time>2025-10-17T13:11:09Z</time><speed>0.000</speed><sat>17</sat></trkpt>
  <trkpt lat="33.73794611" lon="-84.42057660"><ele>290.000</ele><time>2025-10-17T13:11:10Z</time><speed>0.670</speed><sat>16</sat></trkpt>
  <trkpt lat="33.73795060" lon="-84.42058791"><ele>290.000</ele><time>2025-10-17T13:11:11Z</time><speed>1.200</speed><sat>17</sat></trkpt>
  <trkpt lat="33.73794963" lon="-84.42060275"><ele>290.000</ele><time>2025-10-17T13:11:12Z</time><speed>1.500</speed><sat>18</sat></trkpt>
  <trkpt lat="33.73794904" lon="-84.42061826"><ele>290.000</ele><time>2025-10-17T13:11:13Z</time><speed>1.320</speed><sat>18</sat></trkpt>
  <trkpt lat="33.73794858" lon="-84.42063267"><ele>290.000</ele><time>2025-10-17T13:11:14Z</time><speed>1.090</speed><sat>18</sat></trkpt>
  <trkpt lat="33.73795227" lon="-84.42064592"><ele>290.000</ele><time>2025-10-17T13:11:15Z</time><speed>1.110</speed><sat>18</sat></trkpt>
  <trkpt lat="33.73795789" lon="-84.42065908"><ele>289.000</ele><time>2025-10-17T13:11:16Z</time><speed>1.360</speed><sat>18</sat></trkpt>
  <trkpt lat="33.73796489" lon="-84.42067525"><ele>289.000</ele><time>2025-10-17T13:11:17Z</time><speed>1.560</speed><sat>18</sat></trkpt>
  <trkpt lat="33.73796736" lon="-84.42069001"><ele>289.000</ele><time>2025-10-17T13:11:18Z</time><speed>1.620</speed><sat>17</sat></trkpt>
  <trkpt lat="33.73796950" lon="-84.42070602"><ele>289.000</ele><time>2025-10-17T13:11:19Z</time><speed>1.360</speed><sat>18</sat></trkpt>
  <trkpt lat="33.73797218" lon="-84.42072135"><ele>289.000</ele><time>2025-10-17T13:11:20Z</time><speed>1.180</speed><sat>17</sat></trkpt>
  <trkpt lat="33.73797423" lon="-84.42073912"><ele>289.000</ele><time>2025-10-17T13:11:21Z</time><speed>1.670</speed><sat>18</sat></trkpt>
  <trkpt lat="33.73797486" lon="-84.42075807"><ele>289.000</ele><time>2025-10-17T13:11:22Z</time><speed>1.630</speed><sat>18</sat></trkpt>
  <trkpt lat="33.73797582" lon="-84.42077433"><ele>289.000</ele><time>2025-10-17T13:11:23Z</time><speed>1.290</speed><sat>18</sat></trkpt>
  <trkpt lat="33.73797813" lon="-84.42079009"><ele>289.000</ele><time>2025-10-17T13:11:24Z</time><speed>1.450</speed><sat>18</sat></trkpt>
  <trkpt lat="33.73798060" lon="-84.42080677"><ele>289.000</ele><time>2025-10-17T13:11:25Z</time><speed>1.380</speed><sat>18</sat></trkpt>
  <trkpt lat="33.73797972" lon="-84.42082613"><ele>289.000</ele><time>2025-10-17T13:11:26Z</time><speed>2.030</speed><sat>18</sat></trkpt>
  <trkpt lat="33.73798190" lon="-84.42084792"><ele>289.000</ele><time>2025-10-17T13:11:27Z</time><speed>2.070</speed><sat>16</sat></trkpt>
  <trkpt lat="33.73798844" lon="-84.42085991"><ele>288.000</ele><time>2025-10-17T13:11:28Z</time><speed>1.210</speed><sat>18</sat></trkpt>
  <trkpt lat="33.73799162" lon="-84.42086594"><ele>288.000</ele><time>2025-10-17T13:11:29Z</time><speed>0.450</speed><sat>18</sat></trkpt>
  <trkpt lat="33.73799162" lon="-84.42087927"><ele>289.000</ele><time>2025-10-17T13:11:30Z</time><speed>1.390</speed><sat>18</sat></trkpt>
  <trkpt lat="33.73799343" lon="-84.42089410"><ele>289.000</ele><time>2025-10-17T13:11:31Z</time><speed>1.500</speed><sat>18</sat></trkpt>
  <trkpt lat="33.73799288" lon="-84.42090777"><ele>288.000</ele><time>2025-10-17T13:11:32Z</time><speed>1.040</speed><sat>18</sat></trkpt>
  <trkpt lat="33.73798953" lon="-84.42092202"><ele>289.000</ele><time>2025-10-17T13:11:33Z</time><speed>1.180</speed><sat>17</sat></trkpt>
  <trkpt lat="33.73799037" lon="-84.42093476"><ele>289.000</ele><time>2025-10-17T13:11:34Z</time><speed>0.970</speed><sat>18</sat></trkpt>
  <trkpt lat="33.73798911" lon="-84.42094725"><ele>289.000</ele><time>2025-10-17T13:11:35Z</time><speed>0.970</speed><sat>18</sat></trkpt>
  <trkpt lat="33.73798668" lon="-84.42096384"><ele>288.000</ele><time>2025-10-17T13:11:36Z</time><speed>1.130</speed><sat>17</sat></trkpt>
  <trkpt lat="33.73798718" lon="-84.42097826"><ele>288.000</ele><time>2025-10-17T13:11:37Z</time><speed>1.350</speed><sat>18</sat></trkpt>
  <trkpt lat="33.73798961" lon="-84.42099527"><ele>288.000</ele><time>2025-10-17T13:11:38Z</time><speed>1.200</speed><sat>18</sat></trkpt>
  <trkpt lat="33.73799234" lon="-84.42101221"><ele>288.000</ele><time>2025-10-17T13:11:39Z</time><speed>1.080</speed><sat>18</sat></trkpt>
  <trkpt lat="33.73799523" lon="-84.42102662"><ele>288.000</ele><time>2025-10-17T13:11:40Z</time><speed>1.100</speed><sat>18</sat></trkpt>
  <trkpt lat="33.73799908" lon="-84.42104330"><ele>288.000</ele><time>2025-10-17T13:11:41Z</time><speed>1.250</speed><sat>18</sat></trkpt>
  <trkpt lat="33.73800256" lon="-84.42106040"><ele>288.000</ele><time>2025-10-17T13:11:42Z</time><speed>1.350</speed><sat>18</sat></trkpt>
  <trkpt lat="33.73800537" lon="-84.42107775"><ele>288.000</ele><time>2025-10-17T13:11:43Z</time><speed>1.300</speed><sat>18</sat></trkpt>
  <trkpt lat="33.73801120" lon="-84.42109259"><ele>288.000</ele><time>2025-10-17T13:11:44Z</time><speed>1.350</speed><sat>18</sat></trkpt>
  <trkpt lat="33.73801501" lon="-84.42110633"><ele>288.000</ele><time>2025-10-17T13:11:45Z</time><speed>1.380</speed><sat>18</sat></trkpt>
  <trkpt lat="33.73801782" lon="-84.42112125"><ele>288.000</ele><time>2025-10-17T13:11:46Z</time><speed>1.350</speed><sat>18</sat></trkpt>
  <trkpt lat="33.73802016" lon="-84.42113483"><ele>288.000</ele><time>2025-10-17T13:11:47Z</time><speed>1.350</speed><sat>18</sat></trkpt>
  <trkpt lat="33.73802297" lon="-84.42115093"><ele>288.000</ele><time>2025-10-17T13:11:48Z</time><speed>1.340</speed><sat>18</sat></trkpt>
  <trkpt lat="33.73802348" lon="-84.42116409"><ele>288.000</ele><time>2025-10-17T13:11:49Z</time><speed>1.270</speed><sat>18</sat></trkpt>
  <trkpt lat="33.73801476" lon="-84.42117331"><ele>288.000</ele><time>2025-10-17T13:11:50Z</time><speed>2.270</speed><sat>18</sat></trkpt>
  <trkpt lat="33.73799917" lon="-84.42118605"><ele>288.000</ele><time>2025-10-17T13:11:51Z</time><speed>2.180</speed><sat>16</sat></trkpt>
  <trkpt lat="33.73798840" lon="-84.42120390"><ele>288.000</ele><time>2025-10-17T13:11:52Z</time><speed>1.840</speed><sat>15</sat></trkpt>
  <trkpt lat="33.73799045" lon="-84.42121664"><ele>287.000</ele><time>2025-10-17T13:11:53Z</time><speed>1.030</speed><sat>18</sat></trkpt>
  <trkpt lat="33.73800089" lon="-84.42124204"><ele>287.000</ele><time>2025-10-17T13:11:54Z</time><speed>1.890</speed><sat>15</sat></trkpt>
  <trkpt lat="33.73800554" lon="-84.42126157"><ele>287.000</ele><time>2025-10-17T13:11:55Z</time><speed>1.560</speed><sat>17</sat></trkpt>
  <trkpt lat="33.73801166" lon="-84.42128437"><ele>287.000</ele><time>2025-10-17T13:11:56Z</time><speed>2.100</speed><sat>18</sat></trkpt>
  <trkpt lat="33.73802033" lon="-84.42129862"><ele>287.000</ele><time>2025-10-17T13:11:57Z</time><speed>1.260</speed><sat>18</sat></trkpt>
  <trkpt lat="33.73802469" lon="-84.42131312"><ele>287.000</ele><time>2025-10-17T13:11:58Z</time><speed>1.510</speed><sat>18</sat></trkpt>
  <trkpt lat="33.73802897" lon="-84.42132896"><ele>287.000</ele><time>2025-10-17T13:11:59Z</time><speed>1.320</speed><sat>18</sat></trkpt>
  <trkpt lat="33.73803257" lon="-84.42134446"><ele>287.000</ele><time>2025-10-17T13:12:00Z</time><speed>1.710</speed><sat>18</sat></trkpt>
  <trkpt lat="33.73803714" lon="-84.42136140"><ele>287.000</ele><time>2025-10-17T13:12:01Z</time><speed>1.500</speed><sat>19</sat></trkpt>
  <trkpt lat="33.73803861" lon="-84.42137707"><ele>287.000</ele><time>2025-10-17T13:12:02Z</time><speed>1.200</speed><sat>18</sat></trkpt>
  <trkpt lat="33.73803978" lon="-84.42139098"><ele>287.000</ele><time>2025-10-17T13:12:03Z</time><speed>1.320</speed><sat>19</sat></trkpt>
  <trkpt lat="33.73804351" lon="-84.42140574"><ele>287.000</ele><time>2025-10-17T13:12:04Z</time><speed>1.320</speed><sat>18</sat></trkpt>
  <trkpt lat="33.73804544" lon="-84.42142040"><ele>287.000</ele><time>2025-10-17T13:12:05Z</time><speed>1.300</speed><sat>19</sat></trkpt>
  <trkpt lat="33.73804770" lon="-84.42143516"><ele>287.000</ele><time>2025-10-17T13:12:06Z</time><speed>1.280</speed><sat>18</sat></trkpt>
  <trkpt lat="33.73804954" lon="-84.42144932"><ele>287.000</ele><time>2025-10-17T13:12:07Z</time><speed>1.390</speed><sat>17</sat></trkpt>
  <trkpt lat="33.73805231" lon="-84.42146433"><ele>287.000</ele><time>2025-10-17T13:12:08Z</time><speed>1.250</speed><sat>18</sat></trkpt>
  <trkpt lat="33.73805604" lon="-84.42147941"><ele>287.000</ele><time>2025-10-17T13:12:09Z</time><speed>1.450</speed><sat>18</sat></trkpt>
  <trkpt lat="33.73805889" lon="-84.42149710"><ele>287.000</ele><time>2025-10-17T13:12:10Z</time><speed>1.360</speed><sat>16</sat></trkpt>
  <trkpt lat="33.73805793" lon="-84.42151252"><ele>287.000</ele><time>2025-10-17T13:12:11Z</time><speed>1.450</speed><sat>18</sat></trkpt>
  <trkpt lat="33.73805830" lon="-84.42152853"><ele>287.000</ele><time>2025-10-17T13:12:12Z</time><speed>1.200</speed><sat>18</sat></trkpt>
  <trkpt lat="33.73805902" lon="-84.42154312"><ele>287.000</ele><time>2025-10-17T13:12:13Z</time><speed>1.370</speed><sat>18</sat></trkpt>
  <trkpt lat="33.73806031" lon="-84.42155904"><ele>287.000</ele><time>2025-10-17T13:12:14Z</time><speed>1.290</speed><sat>18</sat></trkpt>
  <trkpt lat="33.73806086" lon="-84.42157446"><ele>287.000</ele><time>2025-10-17T13:12:15Z</time><speed>1.330</speed><sat>17</sat></trkpt>
  <trkpt lat="33.73806274" lon="-84.42159165"><ele>287.000</ele><time>2025-10-17T13:12:16Z</time><speed>1.770</speed><sat>18</sat></trkpt>
  <trkpt lat="33.73806237" lon="-84.42160766"><ele>286.000</ele><time>2025-10-17T13:12:17Z</time><speed>1.340</speed><sat>18</sat></trkpt>
  <trkpt lat="33.73806119" lon="-84.42162274"><ele>286.000</ele><time>2025-10-17T13:12:18Z</time><speed>1.370</speed><sat>18</sat></trkpt>
  <trkpt lat="33.73806266" lon="-84.42163850"><ele>287.000</ele><time>2025-10-17T13:12:19Z</time><speed>1.340</speed><sat>19</sat></trkpt>
  <trkpt lat="33.73806434" lon="-84.42165250"><ele>286.000</ele><time>2025-10-17T13:12:20Z</time><speed>1.380</speed><sat>19</sat></trkpt>
  <trkpt lat="33.73806752" lon="-84.42166851"><ele>286.000</ele><time>2025-10-17T13:12:21Z</time><speed>1.690</speed><sat>18</sat></trkpt>
  <trkpt lat="33.73807138" lon="-84.42168393"><ele>286.000</ele><time>2025-10-17T13:12:22Z</time><speed>1.400</speed><sat>18</sat></trkpt>
  <trkpt lat="33.73807352" lon="-84.42169877"><ele>286.000</ele><time>2025-10-17T13:12:23Z</time><speed>1.200</speed><sat>18</sat></trkpt>
  <trkpt lat="33.73807632" lon="-84.42171302"><ele>286.000</ele><time>2025-10-17T13:12:24Z</time><speed>1.400</speed><sat>18</sat></trkpt>
  <trkpt lat="33.73807842" lon="-84.42172852"><ele>286.000</ele><time>2025-10-17T13:12:25Z</time><speed>1.330</speed><sat>19</sat></trkpt>
  <trkpt lat="33.73808156" lon="-84.42174420"><ele>286.000</ele><time>2025-10-17T13:12:26Z</time><speed>1.450</speed><sat>19</sat></trkpt>
  <trkpt lat="33.73808487" lon="-84.42176222"><ele>286.000</ele><time>2025-10-17T13:12:27Z</time><speed>1.700</speed><sat>19</sat></trkpt>
  <trkpt lat="33.73808793" lon="-84.42177840"><ele>286.000</ele><time>2025-10-17T13:12:28Z</time><speed>1.470</speed><sat>18</sat></trkpt>
  <trkpt lat="33.73809217" lon="-84.42178896"><ele>286.000</ele><time>2025-10-17T13:12:29Z</time><speed>0.650</speed><sat>19</sat></trkpt>
  <trkpt lat="33.73809866" lon="-84.42180044"><ele>287.000</ele><time>2025-10-17T13:12:30Z</time><speed>0.930</speed><sat>18</sat></trkpt>
  <trkpt lat="33.73810457" lon="-84.42181511"><ele>287.000</ele><time>2025-10-17T13:12:31Z</time><speed>1.630</speed><sat>19</sat></trkpt>
  <trkpt lat="33.73810801" lon="-84.42183179"><ele>287.000</ele><time>2025-10-17T13:12:32Z</time><speed>1.190</speed><sat>19</sat></trkpt>
  <trkpt lat="33.73811153" lon="-84.42184914"><ele>287.000</ele><time>2025-10-17T13:12:33Z</time><speed>1.650</speed><sat>18</sat></trkpt>
  <trkpt lat="33.73811446" lon="-84.42186666"><ele>287.000</ele><time>2025-10-17T13:12:34Z</time><speed>1.340</speed><sat>17</sat></trkpt>
  <trkpt lat="33.73811748" lon="-84.42188342"><ele>287.000</ele><time>2025-10-17T13:12:35Z</time><speed>1.530</speed><sat>18</sat></trkpt>
  <trkpt lat="33.73812096" lon="-84.42189951"><ele>287.000</ele><time>2025-10-17T13:12:36Z</time><speed>1.440</speed><sat>18</sat></trkpt>
  <trkpt lat="33.73812410" lon="-84.42191519"><ele>287.000</ele><time>2025-10-17T13:12:37Z</time><speed>1.320</speed><sat>18</sat></trkpt>
  <trkpt lat="33.73812967" lon="-84.42193095"><ele>287.000</ele><time>2025-10-17T13:12:38Z</time><speed>1.570</speed><sat>19</sat></trkpt>
  <trkpt lat="33.73813449" lon="-84.42194670"><ele>287.000</ele><time>2025-10-17T13:12:39Z</time><speed>1.520</speed><sat>18</sat></trkpt>
  <trkpt lat="33.73813751" lon="-84.42196305"><ele>287.000</ele><time>2025-10-17T13:12:40Z</time><speed>1.510</speed><sat>19</sat></trkpt>
  <trkpt lat="33.73814317" lon="-84.42197654"><ele>287.000</ele><time>2025-10-17T13:12:41Z</time><speed>1.280</speed><sat>19</sat></trkpt>
  <trkpt lat="33.73814866" lon="-84.42199247"><ele>287.000</ele><time>2025-10-17T13:12:42Z</time><speed>1.760</speed><sat>19</sat></trkpt>
  <trkpt lat="33.73814883" lon="-84.42201192"><ele>287.000</ele><time>2025-10-17T13:12:43Z</time><speed>1.770</speed><sat>18</sat></trkpt>
  <trkpt lat="33.73814954" lon="-84.42203111"><ele>287.000</ele><time>2025-10-17T13:12:44Z</time><speed>1.760</speed><sat>18</sat></trkpt>
  <trkpt lat="33.73815126" lon="-84.42204838"><ele>287.000</ele><time>2025-10-17T13:12:45Z</time><speed>1.590</speed><sat>19</sat></trkpt>
  <trkpt lat="33.73815344" lon="-84.42206506"><ele>287.000</ele><time>2025-10-17T13:12:46Z</time><speed>1.390</speed><sat>18</sat></trkpt>
  <trkpt lat="33.73815499" lon="-84.42207864"><ele>287.000</ele><time>2025-10-17T13:12:47Z</time><speed>1.350</speed><sat>19</sat></trkpt>
  <trkpt lat="33.73815759" lon="-84.42209481"><ele>287.000</ele><time>2025-10-17T13:12:48Z</time><speed>1.430</speed><sat>19</sat></trkpt>
  <trkpt lat="33.73815771" lon="-84.42210923"><ele>287.000</ele><time>2025-10-17T13:12:49Z</time><speed>1.240</speed><sat>17</sat></trkpt>
  <trkpt lat="33.73815780" lon="-84.42212046"><ele>287.000</ele><time>2025-10-17T13:12:50Z</time><speed>0.800</speed><sat>19</sat></trkpt>
  <trkpt lat="33.73816006" lon="-84.42213094"><ele>287.000</ele><time>2025-10-17T13:12:51Z</time><speed>0.970</speed><sat>19</sat></trkpt>
  <trkpt lat="33.73815733" lon="-84.42214603"><ele>287.000</ele><time>2025-10-17T13:12:52Z</time><speed>1.250</speed><sat>19</sat></trkpt>
  <trkpt lat="33.73816505" lon="-84.42216212"><ele>287.000</ele><time>2025-10-17T13:12:53Z</time><speed>1.520</speed><sat>17</sat></trkpt>
  <trkpt lat="33.73817020" lon="-84.42217620"><ele>287.000</ele><time>2025-10-17T13:12:54Z</time><speed>0.940</speed><sat>17</sat></trkpt>
  <trkpt lat="33.73817049" lon="-84.42219330"><ele>286.000</ele><time>2025-10-17T13:12:55Z</time><speed>1.520</speed><sat>18</sat></trkpt>
  <trkpt lat="33.73817406" lon="-84.42220889"><ele>286.000</ele><time>2025-10-17T13:12:56Z</time><speed>1.240</speed><sat>19</sat></trkpt>
  <trkpt lat="33.73817557" lon="-84.42222431"><ele>286.000</ele><time>2025-10-17T13:12:57Z</time><speed>1.410</speed><sat>18</sat></trkpt>
  <trkpt lat="33.73817758" lon="-84.42223814"><ele>286.000</ele><time>2025-10-17T13:12:58Z</time><speed>1.160</speed><sat>18</sat></trkpt>
  <trkpt lat="33.73817875" lon="-84.42225172"><ele>286.000</ele><time>2025-10-17T13:12:59Z</time><speed>1.190</speed><sat>18</sat></trkpt>
  <trkpt lat="33.73817963" lon="-84.42226564"><ele>286.000</ele><time>2025-10-17T13:13:00Z</time><speed>1.220</speed><sat>18</sat></trkpt>
  <trkpt lat="33.73818160" lon="-84.42227611"><ele>286.000</ele><time>2025-10-17T13:13:01Z</time><speed>0.840</speed><sat>19</sat></trkpt>
  <trkpt lat="33.73818671" lon="-84.42229003"><ele>285.000</ele><time>2025-10-17T13:13:02Z</time><speed>1.200</speed><sat>17</sat></trkpt>
  <trkpt lat="33.73818856" lon="-84.42230511"><ele>285.000</ele><time>2025-10-17T13:13:03Z</time><speed>1.370</speed><sat>19</sat></trkpt>
  <trkpt lat="33.73818914" lon="-84.42231945"><ele>285.000</ele><time>2025-10-17T13:13:04Z</time><speed>0.980</speed><sat>19</sat></trkpt>
  <trkpt lat="33.73818722" lon="-84.42233185"><ele>285.000</ele><time>2025-10-17T13:13:05Z</time><speed>0.900</speed><sat>19</sat></trkpt>
  <trkpt lat="33.73818533" lon="-84.42234945"><ele>285.000</ele><time>2025-10-17T13:13:06Z</time><speed>1.200</speed><sat>19</sat></trkpt>
  <trkpt lat="33.73818659" lon="-84.42236446"><ele>285.000</ele><time>2025-10-17T13:13:07Z</time><speed>1.010</speed><sat>18</sat></trkpt>
  <trkpt lat="33.73819036" lon="-84.42238298"><ele>285.000</ele><time>2025-10-17T13:13:08Z</time><speed>1.620</speed><sat>19</sat></trkpt>
  <trkpt lat="33.73819539" lon="-84.42240167"><ele>285.000</ele><time>2025-10-17T13:13:09Z</time><speed>1.620</speed><sat>18</sat></trkpt>
  <trkpt lat="33.73820578" lon="-84.42242372"><ele>285.000</ele><time>2025-10-17T13:13:10Z</time><speed>2.600</speed><sat>19</sat></trkpt>
  <trkpt lat="33.73820415" lon="-84.42244652"><ele>285.000</ele><time>2025-10-17T13:13:11Z</time><speed>1.620</speed><sat>19</sat></trkpt>
  <trkpt lat="33.73820054" lon="-84.42246689"><ele>285.000</ele><time>2025-10-17T13:13:12Z</time><speed>1.840</speed><sat>19</sat></trkpt>
  <trkpt lat="33.73819769" lon="-84.42247896"><ele>284.000</ele><time>2025-10-17T13:13:13Z</time><speed>0.910</speed><sat>19</sat></trkpt>
  <trkpt lat="33.73819870" lon="-84.42249144"><ele>285.000</ele><time>2025-10-17T13:13:14Z</time><speed>1.050</speed><sat>19</sat></trkpt>
  <trkpt lat="33.73819996" lon="-84.42250594"><ele>285.000</ele><time>2025-10-17T13:13:15Z</time><speed>1.450</speed><sat>19</sat></trkpt>
  <trkpt lat="33.73820302" lon="-84.42252237"><ele>284.000</ele><time>2025-10-17T13:13:16Z</time><speed>1.660</speed><sat>17</sat></trkpt>
  <trkpt lat="33.73819660" lon="-84.42253335"><ele>284.000</ele><time>2025-10-17T13:13:17Z</time><speed>1.150</speed><sat>17</sat></trkpt>
  <trkpt lat="33.73819782" lon="-84.42254794"><ele>284.000</ele><time>2025-10-17T13:13:18Z</time><speed>1.110</speed><sat>18</sat></trkpt>
  <trkpt lat="33.73819954" lon="-84.42256738"><ele>284.000</ele><time>2025-10-17T13:13:19Z</time><speed>1.880</speed><sat>19</sat></trkpt>
  <trkpt lat="33.73819631" lon="-84.42258423"><ele>283.000</ele><time>2025-10-17T13:13:20Z</time><speed>1.530</speed><sat>19</sat></trkpt>
  <trkpt lat="33.73819958" lon="-84.42260167"><ele>284.000</ele><time>2025-10-17T13:13:21Z</time><speed>1.560</speed><sat>19</sat></trkpt>
  <trkpt lat="33.73820251" lon="-84.42261650"><ele>284.000</ele><time>2025-10-17T13:13:22Z</time><speed>1.520</speed><sat>17</sat></trkpt>
  <trkpt lat="33.73820071" lon="-84.42263201"><ele>284.000</ele><time>2025-10-17T13:13:23Z</time><speed>1.590</speed><sat>18</sat></trkpt>
  <trkpt lat="33.73820050" lon="-84.42264844"><ele>284.000</ele><time>2025-10-17T13:13:24Z</time><speed>1.450</speed><sat>17</sat></trkpt>
  <trkpt lat="33.73820222" lon="-84.42266336"><ele>285.000</ele><time>2025-10-17T13:13:25Z</time><speed>1.290</speed><sat>18</sat></trkpt>
  <trkpt lat="33.73820536" lon="-84.42267836"><ele>285.000</ele><time>2025-10-17T13:13:26Z</time><speed>1.200</speed><sat>19</sat></trkpt>
  <trkpt lat="33.73820687" lon="-84.42269563"><ele>284.000</ele><time>2025-10-17T13:13:27Z</time><speed>1.850</speed><sat>19</sat></trkpt>
  <trkpt lat="33.73821022" lon="-84.42270694"><ele>284.000</ele><time>2025-10-17T13:13:28Z</time><speed>0.900</speed><sat>19</sat></trkpt>
  <trkpt lat="33.73822158" lon="-84.42271390"><ele>284.000</ele><time>2025-10-17T13:13:29Z</time><speed>2.360</speed><sat>18</sat></trkpt>
  <trkpt lat="33.73823424" lon="-84.42272211"><ele>284.000</ele><time>2025-10-17T13:13:30Z</time><speed>1.230</speed><sat>17</sat></trkpt>
  <trkpt lat="33.73823663" lon="-84.42273200"><ele>284.000</ele><time>2025-10-17T13:13:31Z</time><speed>1.130</speed><sat>18</sat></trkpt>
  <trkpt lat="33.73824270" lon="-84.42274575"><ele>284.000</ele><time>2025-10-17T13:13:32Z</time><speed>1.600</speed><sat>17</sat></trkpt>
  <trkpt lat="33.73824262" lon="-84.42276008"><ele>283.000</ele><time>2025-10-17T13:13:33Z</time><speed>1.390</speed><sat>19</sat></trkpt>
  <trkpt lat="33.73824057" lon="-84.42277869"><ele>283.000</ele><time>2025-10-17T13:13:34Z</time><speed>1.440</speed><sat>18</sat></trkpt>
  <trkpt lat="33.73823839" lon="-84.42279395"><ele>283.000</ele><time>2025-10-17T13:13:35Z</time><speed>1.280</speed><sat>18</sat></trkpt>
  <trkpt lat="33.73824044" lon="-84.42280945"><ele>283.000</ele><time>2025-10-17T13:13:36Z</time><speed>1.410</speed><sat>19</sat></trkpt>
  <trkpt lat="33.73824032" lon="-84.42282538"><ele>283.000</ele><time>2025-10-17T13:13:37Z</time><speed>1.320</speed><sat>18</sat></trkpt>
  <trkpt lat="33.73824287" lon="-84.42283896"><ele>283.000</ele><time>2025-10-17T13:13:38Z</time><speed>1.130</speed><sat>19</sat></trkpt>
  <trkpt lat="33.73823977" lon="-84.42284994"><ele>283.000</ele><time>2025-10-17T13:13:39Z</time><speed>1.160</speed><sat>19</sat></trkpt>
  <trkpt lat="33.73823713" lon="-84.42286259"><ele>283.000</ele><time>2025-10-17T13:13:40Z</time><speed>0.660</speed><sat>19</sat></trkpt>
  <trkpt lat="33.73823705" lon="-84.42287726"><ele>283.000</ele><time>2025-10-17T13:13:41Z</time><speed>1.030</speed><sat>18</sat></trkpt>
  <trkpt lat="33.73823596" lon="-84.42288841"><ele>283.000</ele><time>2025-10-17T13:13:42Z</time><speed>0.960</speed><sat>18</sat></trkpt>
  <trkpt lat="33.73823407" lon="-84.42290341"><ele>283.000</ele><time>2025-10-17T13:13:43Z</time><speed>1.220</speed><sat>18</sat></trkpt>
  <trkpt lat="33.73823499" lon="-84.42292160"><ele>283.000</ele><time>2025-10-17T13:13:44Z</time><speed>1.250</speed><sat>19</sat></trkpt>
  <trkpt lat="33.73823747" lon="-84.42293610"><ele>283.000</ele><time>2025-10-17T13:13:45Z</time><speed>1.210</speed><sat>19</sat></trkpt>
  <trkpt lat="33.73823713" lon="-84.42295052"><ele>283.000</ele><time>2025-10-17T13:13:46Z</time><speed>1.190</speed><sat>19</sat></trkpt>
  <trkpt lat="33.73824040" lon="-84.42296913"><ele>283.000</ele><time>2025-10-17T13:13:47Z</time><speed>1.660</speed><sat>17</sat></trkpt>
  <trkpt lat="33.73824589" lon="-84.42298958"><ele>283.000</ele><time>2025-10-17T13:13:48Z</time><speed>1.710</speed><sat>19</sat></trkpt>
  <trkpt lat="33.73825109" lon="-84.42300878"><ele>283.000</ele><time>2025-10-17T13:13:49Z</time><speed>1.620</speed><sat>17</sat></trkpt>
  <trkpt lat="33.73825620" lon="-84.42302537"><ele>283.000</ele><time>2025-10-17T13:13:50Z</time><speed>1.280</speed><sat>17</sat></trkpt>
  <trkpt lat="33.73826202" lon="-84.42304507"><ele>284.000</ele><time>2025-10-17T13:13:51Z</time><speed>2.230</speed><sat>16</sat></trkpt>
  <trkpt lat="33.73826940" lon="-84.42306954"><ele>285.000</ele><time>2025-10-17T13:13:52Z</time><speed>2.400</speed><sat>18</sat></trkpt>
  <trkpt lat="33.73827376" lon="-84.42308547"><ele>285.000</ele><time>2025-10-17T13:13:53Z</time><speed>1.330</speed><sat>17</sat></trkpt>
  <trkpt lat="33.73827678" lon="-84.42310458"><ele>285.000</ele><time>2025-10-17T13:13:54Z</time><speed>1.970</speed><sat>19</sat></trkpt>
  <trkpt lat="33.73827493" lon="-84.42312461"><ele>285.000</ele><time>2025-10-17T13:13:55Z</time><speed>1.510</speed><sat>18</sat></trkpt>
  <trkpt lat="33.73827606" lon="-84.42314079"><ele>285.000</ele><time>2025-10-17T13:13:56Z</time><speed>1.550</speed><sat>19</sat></trkpt>
  <trkpt lat="33.73828046" lon="-84.42315605"><ele>285.000</ele><time>2025-10-17T13:13:57Z</time><speed>1.500</speed><sat>19</sat></trkpt>
  <trkpt lat="33.73828608" lon="-84.42317197"><ele>285.000</ele><time>2025-10-17T13:13:58Z</time><speed>1.230</speed><sat>19</sat></trkpt>
  <trkpt lat="33.73828868" lon="-84.42318496"><ele>285.000</ele><time>2025-10-17T13:13:59Z</time><speed>1.080</speed><sat>18</sat></trkpt>
  <trkpt lat="33.73829019" lon="-84.42319871"><ele>285.000</ele><time>2025-10-17T13:14:00Z</time><speed>1.300</speed><sat>17</sat></trkpt>
  <trkpt lat="33.73829501" lon="-84.42321329"><ele>285.000</ele><time>2025-10-17T13:14:01Z</time><speed>1.240</speed><sat>18</sat></trkpt>
  <trkpt lat="33.73829886" lon="-84.42322805"><ele>285.000</ele><time>2025-10-17T13:14:02Z</time><speed>1.380</speed><sat>17</sat></trkpt>
  <trkpt lat="33.73830213" lon="-84.42324221"><ele>285.000</ele><time>2025-10-17T13:14:03Z</time><speed>1.230</speed><sat>18</sat></trkpt>
  <trkpt lat="33.73830544" lon="-84.42325663"><ele>285.000</ele><time>2025-10-17T13:14:04Z</time><speed>1.190</speed><sat>18</sat></trkpt>
  <trkpt lat="33.73830741" lon="-84.42326937"><ele>285.000</ele><time>2025-10-17T13:14:05Z</time><speed>1.210</speed><sat>19</sat></trkpt>
  <trkpt lat="33.73830720" lon="-84.42328395"><ele>285.000</ele><time>2025-10-17T13:14:06Z</time><speed>1.200</speed><sat>19</sat></trkpt>
  <trkpt lat="33.73830808" lon="-84.42329862"><ele>285.000</ele><time>2025-10-17T13:14:07Z</time><speed>1.280</speed><sat>19</sat></trkpt>
  <trkpt lat="33.73830997" lon="-84.42331396"><ele>285.000</ele><time>2025-10-17T13:14:08Z</time><speed>1.320</speed><sat>19</sat></trkpt>
  <trkpt lat="33.73831227" lon="-84.42332821"><ele>285.000</ele><time>2025-10-17T13:14:09Z</time><speed>1.430</speed><sat>18</sat></trkpt>
  <trkpt lat="33.73831579" lon="-84.42334112"><ele>285.000</ele><time>2025-10-17T13:14:10Z</time><speed>1.170</speed><sat>19</sat></trkpt>
  <trkpt lat="33.73831634" lon="-84.42335377"><ele>285.000</ele><time>2025-10-17T13:14:11Z</time><speed>1.060</speed><sat>18</sat></trkpt>
  <trkpt lat="33.73831496" lon="-84.42336752"><ele>285.000</ele><time>2025-10-17T13:14:12Z</time><speed>1.200</speed><sat>18</sat></trkpt>
  <trkpt lat="33.73831575" lon="-84.42338194"><ele>285.000</ele><time>2025-10-17T13:14:13Z</time><speed>1.300</speed><sat>18</sat></trkpt>
  <trkpt lat="33.73831697" lon="-84.42339694"><ele>285.000</ele><time>2025-10-17T13:14:14Z</time><speed>1.330</speed><sat>17</sat></trkpt>
  <trkpt lat="33.73831973" lon="-84.42341094"><ele>285.000</ele><time>2025-10-17T13:14:15Z</time><speed>1.260</speed><sat>18</sat></trkpt>
  <trkpt lat="33.73832388" lon="-84.42342485"><ele>285.000</ele><time>2025-10-17T13:14:16Z</time><speed>1.300</speed><sat>19</sat></trkpt>
  <trkpt lat="33.73832594" lon="-84.42343684"><ele>285.000</ele><time>2025-10-17T13:14:17Z</time><speed>0.960</speed><sat>19</sat></trkpt>
  <trkpt lat="33.73832372" lon="-84.42344463"><ele>285.000</ele><time>2025-10-17T13:14:18Z</time><speed>0.770</speed><sat>19</sat></trkpt>
  <trkpt lat="33.73832049" lon="-84.42344765"><ele>285.000</ele><time>2025-10-17T13:14:19Z</time><speed>0.320</speed><sat>20</sat></trkpt>
  <trkpt lat="33.73831932" lon="-84.42344639"><ele>286.000</ele><time>2025-10-17T13:14:20Z</time><speed>0.190</speed><sat>19</sat></trkpt>
  <trkpt lat="33.73832200" lon="-84.42344589"><ele>286.000</ele><time>2025-10-17T13:14:21Z</time><speed>0.550</speed><sat>20</sat></trkpt>
  <trkpt lat="33.73832581" lon="-84.42344774"><ele>286.000</ele><time>2025-10-17T13:14:22Z</time><speed>0.510</speed><sat>19</sat></trkpt>
  <trkpt lat="33.73832707" lon="-84.42344648"><ele>286.000</ele><time>2025-10-17T13:14:23Z</time><speed>0.260</speed><sat>19</sat></trkpt>
  <trkpt lat="33.73832581" lon="-84.42344547"><ele>286.000</ele><time>2025-10-17T13:14:24Z</time><speed>0.100</speed><sat>18</sat></trkpt>
  <trkpt lat="33.73832619" lon="-84.42344639"><ele>287.000</ele><time>2025-10-17T13:14:25Z</time><speed>0.070</speed><sat>19</sat></trkpt>
  <trkpt lat="33.73832627" lon="-84.42344631"><ele>287.000</ele><time>2025-10-17T13:14:26Z</time><speed>0.000</speed><sat>19</sat></trkpt>
  <trkpt lat="33.73832548" lon="-84.42344380"><ele>287.000</ele><time>2025-10-17T13:14:27Z</time><speed>0.660</speed><sat>18</sat></trkpt>
  <trkpt lat="33.73832543" lon="-84.42344480"><ele>287.000</ele><time>2025-10-17T13:14:28Z</time><speed>0.000</speed><sat>19</sat></trkpt>
  <trkpt lat="33.73832539" lon="-84.42344472"><ele>287.000</ele><time>2025-10-17T13:14:29Z</time><speed>0.000</speed><sat>19</sat></trkpt>
  <trkpt lat="33.73832535" lon="-84.42344472"><ele>287.000</ele><time>2025-10-17T13:14:30Z</time><speed>0.000</speed><sat>19</sat></trkpt>
  <trkpt lat="33.73832736" lon="-84.42344363"><ele>287.000</ele><time>2025-10-17T13:14:31Z</time><speed>0.270</speed><sat>19</sat></trkpt>
  <trkpt lat="33.73832724" lon="-84.42344354"><ele>287.000</ele><time>2025-10-17T13:14:32Z</time><speed>0.000</speed><sat>19</sat></trkpt>
  <trkpt lat="33.73832724" lon="-84.42344354"><ele>287.000</ele><time>2025-10-17T13:14:33Z</time><speed>0.000</speed><sat>19</sat></trkpt>
  <trkpt lat="33.73832715" lon="-84.42344363"><ele>287.000</ele><time>2025-10-17T13:14:34Z</time><speed>0.000</speed><sat>19</sat></trkpt>
  <trkpt lat="33.73832707" lon="-84.42344363"><ele>287.000</ele><time>2025-10-17T13:14:35Z</time><speed>0.000</speed><sat>18</sat></trkpt>
  <trkpt lat="33.73832711" lon="-84.42344346"><ele>287.000</ele><time>2025-10-17T13:14:36Z</time><speed>0.240</speed><sat>19</sat></trkpt>
  <trkpt lat="33.73832745" lon="-84.42344044"><ele>287.000</ele><time>2025-10-17T13:14:37Z</time><speed>0.070</speed><sat>19</sat></trkpt>
  <trkpt lat="33.73832791" lon="-84.42344388"><ele>287.000</ele><time>2025-10-17T13:14:38Z</time><speed>0.180</speed><sat>19</sat></trkpt>
  <trkpt lat="33.73832766" lon="-84.42344656"><ele>287.000</ele><time>2025-10-17T13:14:39Z</time><speed>0.120</speed><sat>18</sat></trkpt>
  <trkpt lat="33.73832158" lon="-84.42344790"><ele>287.000</ele><time>2025-10-17T13:14:40Z</time><speed>0.950</speed><sat>19</sat></trkpt>
  <trkpt lat="33.73831755" lon="-84.42344539"><ele>288.000</ele><time>2025-10-17T13:14:41Z</time><speed>0.180</speed><sat>19</sat></trkpt>
  <trkpt lat="33.73831735" lon="-84.42344547"><ele>288.000</ele><time>2025-10-17T13:14:42Z</time><speed>0.000</speed><sat>19</sat></trkpt>
  <trkpt lat="33.73831709" lon="-84.42344581"><ele>288.000</ele><time>2025-10-17T13:14:43Z</time><speed>0.000</speed><sat>18</sat></trkpt>
  <trkpt lat="33.73831722" lon="-84.42344757"><ele>288.000</ele><time>2025-10-17T13:14:44Z</time><speed>0.280</speed><sat>18</sat></trkpt>
  <trkpt lat="33.73831701" lon="-84.42344757"><ele>288.000</ele><time>2025-10-17T13:14:45Z</time><speed>0.010</speed><sat>18</sat></trkpt>
  <trkpt lat="33.73831688" lon="-84.42344765"><ele>288.000</ele><time>2025-10-17T13:14:46Z</time><speed>0.000</speed><sat>19</sat></trkpt>
  <trkpt lat="33.73831688" lon="-84.42344774"><ele>288.000</ele><time>2025-10-17T13:14:47Z</time><speed>0.000</speed><sat>18</sat></trkpt>
  <trkpt lat="33.73831688" lon="-84.42344774"><ele>288.000</ele><time>2025-10-17T13:14:48Z</time><speed>0.000</speed><sat>17</sat></trkpt>
  <trkpt lat="33.73831688" lon="-84.42344774"><ele>288.000</ele><time>2025-10-17T13:14:49Z</time><speed>0.000</speed><sat>18</sat></trkpt>
  <trkpt lat="33.73831688" lon="-84.42344782"><ele>288.000</ele><time>2025-10-17T13:14:50Z</time><speed>0.000</speed><sat>18</sat></trkpt>
  <trkpt lat="33.73831693" lon="-84.42344782"><ele>288.000</ele><time>2025-10-17T13:14:51Z</time><speed>0.000</speed><sat>18</sat></trkpt>
  <trkpt lat="33.73831693" lon="-84.42344790"><ele>288.000</ele><time>2025-10-17T13:14:52Z</time><speed>0.000</speed><sat>17</sat></trkpt>
  <trkpt lat="33.73831697" lon="-84.42344807"><ele>288.000</ele><time>2025-10-17T13:14:53Z</time><speed>0.000</speed><sat>18</sat></trkpt>
  <trkpt lat="33.73831693" lon="-84.42344807"><ele>288.000</ele><time>2025-10-17T13:14:54Z</time><speed>0.000</speed><sat>17</sat></trkpt>
  <trkpt lat="33.73831697" lon="-84.42344815"><ele>288.000</ele><time>2025-10-17T13:14:55Z</time><speed>0.000</speed><sat>17</sat></trkpt>
  <trkpt lat="33.73831693" lon="-84.42344815"><ele>288.000</ele><time>2025-10-17T13:14:56Z</time><speed>0.000</speed><sat>18</sat></trkpt>
  <trkpt lat="33.73831697" lon="-84.42344815"><ele>288.000</ele><time>2025-10-17T13:14:57Z</time><speed>0.000</speed><sat>18</sat></trkpt>
  <trkpt lat="33.73831701" lon="-84.42344824"><ele>288.000</ele><time>2025-10-17T13:14:58Z</time><speed>0.000</speed><sat>16</sat></trkpt>
  <trkpt lat="33.73831697" lon="-84.42344824"><ele>288.000</ele><time>2025-10-17T13:14:59Z</time><speed>0.000</speed><sat>17</sat></trkpt>
  <trkpt lat="33.73831697" lon="-84.42344824"><ele>288.000</ele><time>2025-10-17T13:15:00Z</time><speed>0.000</speed><sat>17</sat></trkpt>
  <trkpt lat="33.73831705" lon="-84.42344824"><ele>288.000</ele><time>2025-10-17T13:15:01Z</time><speed>0.000</speed><sat>16</sat></trkpt>
  <trkpt lat="33.73832137" lon="-84.42344866"><ele>288.000</ele><time>2025-10-17T13:15:02Z</time><speed>1.000</speed><sat>17</sat></trkpt>
  <trkpt lat="33.73832921" lon="-84.42344983"><ele>288.000</ele><time>2025-10-17T13:15:03Z</time><speed>0.720</speed><sat>17</sat></trkpt>
  <trkpt lat="33.73833872" lon="-84.42345033"><ele>289.000</ele><time>2025-10-17T13:15:04Z</time><speed>0.860</speed><sat>19</sat></trkpt>
  <trkpt lat="33.73834999" lon="-84.42345033"><ele>289.000</ele><time>2025-10-17T13:15:05Z</time><speed>1.490</speed><sat>19</sat></trkpt>
  <trkpt lat="33.73836483" lon="-84.42345184"><ele>289.000</ele><time>2025-10-17T13:15:06Z</time><speed>1.700</speed><sat>19</sat></trkpt>
  <trkpt lat="33.73837954" lon="-84.42345327"><ele>289.000</ele><time>2025-10-17T13:15:07Z</time><speed>1.330</speed><sat>19</sat></trkpt>
  <trkpt lat="33.73839274" lon="-84.42345385"><ele>289.000</ele><time>2025-10-17T13:15:08Z</time><speed>1.300</speed><sat>19</sat></trkpt>
  <trkpt lat="33.73840699" lon="-84.42345075"><ele>289.000</ele><time>2025-10-17T13:15:09Z</time><speed>1.690</speed><sat>19</sat></trkpt>
  <trkpt lat="33.73842078" lon="-84.42345193"><ele>289.000</ele><time>2025-10-17T13:15:10Z</time><speed>1.010</speed><sat>18</sat></trkpt>
  <trkpt lat="33.73843364" lon="-84.42345209"><ele>289.000</ele><time>2025-10-17T13:15:11Z</time><speed>1.140</speed><sat>19</sat></trkpt>
  <trkpt lat="33.73844538" lon="-84.42345327"><ele>289.000</ele><time>2025-10-17T13:15:12Z</time><speed>1.250</speed><sat>19</sat></trkpt>
  <trkpt lat="33.73845452" lon="-84.42345654"><ele>289.000</ele><time>2025-10-17T13:15:13Z</time><speed>1.040</speed><sat>18</sat></trkpt>
  <trkpt lat="33.73846466" lon="-84.42345855"><ele>289.000</ele><time>2025-10-17T13:15:14Z</time><speed>0.910</speed><sat>17</sat></trkpt>
  <trkpt lat="33.73847358" lon="-84.42345763"><ele>289.000</ele><time>2025-10-17T13:15:15Z</time><speed>0.910</speed><sat>19</sat></trkpt>
  <trkpt lat="33.73848461" lon="-84.42345696"><ele>289.000</ele><time>2025-10-17T13:15:16Z</time><speed>1.190</speed><sat>19</sat></trkpt>
  <trkpt lat="33.73849601" lon="-84.42345536"><ele>289.000</ele><time>2025-10-17T13:15:17Z</time><speed>1.360</speed><sat>19</sat></trkpt>
  <trkpt lat="33.73851046" lon="-84.42345235"><ele>289.000</ele><time>2025-10-17T13:15:18Z</time><speed>1.390</speed><sat>19</sat></trkpt>
  <trkpt lat="33.73852312" lon="-84.42345059"><ele>289.000</ele><time>2025-10-17T13:15:19Z</time><speed>1.820</speed><sat>19</sat></trkpt>
  <trkpt lat="33.73853569" lon="-84.42344841"><ele>288.000</ele><time>2025-10-17T13:15:20Z</time><speed>1.400</speed><sat>19</sat></trkpt>
  <trkpt lat="33.73854739" lon="-84.42344539"><ele>288.000</ele><time>2025-10-17T13:15:21Z</time><speed>1.210</speed><sat>19</sat></trkpt>
  <trkpt lat="33.73856063" lon="-84.42344648"><ele>288.000</ele><time>2025-10-17T13:15:22Z</time><speed>1.430</speed><sat>19</sat></trkpt>
  <trkpt lat="33.73857220" lon="-84.42344472"><ele>288.000</ele><time>2025-10-17T13:15:23Z</time><speed>1.230</speed><sat>19</sat></trkpt>
  <trkpt lat="33.73858217" lon="-84.42344354"><ele>287.000</ele><time>2025-10-17T13:15:24Z</time><speed>0.990</speed><sat>19</sat></trkpt>
  <trkpt lat="33.73859231" lon="-84.42344296"><ele>287.000</ele><time>2025-10-17T13:15:25Z</time><speed>1.100</speed><sat>19</sat></trkpt>
  <trkpt lat="33.73860455" lon="-84.42344438"><ele>287.000</ele><time>2025-10-17T13:15:26Z</time><speed>1.280</speed><sat>19</sat></trkpt>
  <trkpt lat="33.73861733" lon="-84.42344388"><ele>287.000</ele><time>2025-10-17T13:15:27Z</time><speed>1.240</speed><sat>18</sat></trkpt>
  <trkpt lat="33.73863137" lon="-84.42344606"><ele>287.000</ele><time>2025-10-17T13:15:28Z</time><speed>1.210</speed><sat>19</sat></trkpt>
  <trkpt lat="33.73864395" lon="-84.42344807"><ele>287.000</ele><time>2025-10-17T13:15:29Z</time><speed>1.470</speed><sat>19</sat></trkpt>
  <trkpt lat="33.73866096" lon="-84.42345218"><ele>287.000</ele><time>2025-10-17T13:15:30Z</time><speed>2.030</speed><sat>19</sat></trkpt>
  <trkpt lat="33.73867739" lon="-84.42345402"><ele>287.000</ele><time>2025-10-17T13:15:31Z</time><speed>1.840</speed><sat>19</sat></trkpt>
  <trkpt lat="33.73868451" lon="-84.42345360"><ele>287.000</ele><time>2025-10-17T13:15:32Z</time><speed>0.220</speed><sat>19</sat></trkpt>
  <trkpt lat="33.73869516" lon="-84.42345360"><ele>287.000</ele><time>2025-10-17T13:15:33Z</time><speed>1.100</speed><sat>19</sat></trkpt>
  <trkpt lat="33.73871134" lon="-84.42345218"><ele>286.000</ele><time>2025-10-17T13:15:34Z</time><speed>1.390</speed><sat>19</sat></trkpt>
  <trkpt lat="33.73872257" lon="-84.42344665"><ele>286.000</ele><time>2025-10-17T13:15:35Z</time><speed>1.090</speed><sat>19</sat></trkpt>
  <trkpt lat="33.73873334" lon="-84.42344447"><ele>286.000</ele><time>2025-10-17T13:15:36Z</time><speed>1.000</speed><sat>19</sat></trkpt>
  <trkpt lat="33.73874767" lon="-84.42344313"><ele>286.000</ele><time>2025-10-17T13:15:37Z</time><speed>1.340</speed><sat>19</sat></trkpt>
  <trkpt lat="33.73876293" lon="-84.42344212"><ele>286.000</ele><time>2025-10-17T13:15:38Z</time><speed>1.260</speed><sat>19</sat></trkpt>
  <trkpt lat="33.73877734" lon="-84.42344246"><ele>286.000</ele><time>2025-10-17T13:15:39Z</time><speed>1.620</speed><sat>19</sat></trkpt>
  <trkpt lat="33.73879155" lon="-84.42343726"><ele>285.000</ele><time>2025-10-17T13:15:40Z</time><speed>1.370</speed><sat>19</sat></trkpt>
  <trkpt lat="33.73880391" lon="-84.42343525"><ele>285.000</ele><time>2025-10-17T13:15:41Z</time><speed>1.170</speed><sat>19</sat></trkpt>
  <trkpt lat="33.73881573" lon="-84.42343592"><ele>285.000</ele><time>2025-10-17T13:15:42Z</time><speed>1.290</speed><sat>19</sat></trkpt>
  <trkpt lat="33.73882541" lon="-84.42343608"><ele>285.000</ele><time>2025-10-17T13:15:43Z</time><speed>1.110</speed><sat>19</sat></trkpt>
  <trkpt lat="33.73883673" lon="-84.42343407"><ele>285.000</ele><time>2025-10-17T13:15:44Z</time><speed>1.070</speed><sat>19</sat></trkpt>
  <trkpt lat="33.73884691" lon="-84.42343332"><ele>285.000</ele><time>2025-10-17T13:15:45Z</time><speed>1.250</speed><sat>19</sat></trkpt>
  <trkpt lat="33.73885919" lon="-84.42343441"><ele>285.000</ele><time>2025-10-17T13:15:46Z</time><speed>1.390</speed><sat>19</sat></trkpt>
  <trkpt lat="33.73887168" lon="-84.42343608"><ele>285.000</ele><time>2025-10-17T13:15:47Z</time><speed>1.350</speed><sat>19</sat></trkpt>
  <trkpt lat="33.73888400" lon="-84.42343793"><ele>285.000</ele><time>2025-10-17T13:15:48Z</time><speed>1.190</speed><sat>20</sat></trkpt>
  <trkpt lat="33.73889775" lon="-84.42344044"><ele>285.000</ele><time>2025-10-17T13:15:49Z</time><speed>1.290</speed><sat>20</sat></trkpt>
  <trkpt lat="33.73891179" lon="-84.42344354"><ele>285.000</ele><time>2025-10-17T13:15:50Z</time><speed>1.350</speed><sat>20</sat></trkpt>
  <trkpt lat="33.73892562" lon="-84.42344363"><ele>284.000</ele><time>2025-10-17T13:15:51Z</time><speed>1.480</speed><sat>19</sat></trkpt>
  <trkpt lat="33.73893895" lon="-84.42344455"><ele>284.000</ele><time>2025-10-17T13:15:52Z</time><speed>1.050</speed><sat>20</sat></trkpt>
  <trkpt lat="33.73894917" lon="-84.42344572"><ele>283.000</ele><time>2025-10-17T13:15:53Z</time><speed>1.090</speed><sat>20</sat></trkpt>
  <trkpt lat="33.73895986" lon="-84.42344799"><ele>283.000</ele><time>2025-10-17T13:15:54Z</time><speed>1.170</speed><sat>20</sat></trkpt>
  <trkpt lat="33.73896870" lon="-84.42345168"><ele>283.000</ele><time>2025-10-17T13:15:55Z</time><speed>0.930</speed><sat>18</sat></trkpt>
  <trkpt lat="33.73898061" lon="-84.42344950"><ele>283.000</ele><time>2025-10-17T13:15:56Z</time><speed>1.010</speed><sat>20</sat></trkpt>
  <trkpt lat="33.73899171" lon="-84.42344824"><ele>282.000</ele><time>2025-10-17T13:15:57Z</time><speed>1.070</speed><sat>20</sat></trkpt>
  <trkpt lat="33.73900282" lon="-84.42344765"><ele>282.000</ele><time>2025-10-17T13:15:58Z</time><speed>1.080</speed><sat>20</sat></trkpt>
  <trkpt lat="33.73901388" lon="-84.42344614"><ele>282.000</ele><time>2025-10-17T13:15:59Z</time><speed>1.320</speed><sat>20</sat></trkpt>
  <trkpt lat="33.73901292" lon="-84.42344681"><ele>282.000</ele><time>2025-10-17T13:16:00Z</time><speed>0.030</speed><sat>20</sat></trkpt>
  <trkpt lat="33.73901078" lon="-84.42344530"><ele>282.000</ele><time>2025-10-17T13:16:01Z</time><speed>0.630</speed><sat>20</sat></trkpt>
  <trkpt lat="33.73901221" lon="-84.42344656"><ele>283.000</ele><time>2025-10-17T13:16:02Z</time><speed>1.220</speed><sat>18</sat></trkpt>
  <trkpt lat="33.73901116" lon="-84.42344388"><ele>284.000</ele><time>2025-10-17T13:16:03Z</time><speed>0.780</speed><sat>18</sat></trkpt>
  <trkpt lat="33.73900839" lon="-84.42344799"><ele>284.000</ele><time>2025-10-17T13:16:04Z</time><speed>0.950</speed><sat>19</sat></trkpt>
  <trkpt lat="33.73900449" lon="-84.42345377"><ele>284.000</ele><time>2025-10-17T13:16:05Z</time><speed>1.080</speed><sat>18</sat></trkpt>
  <trkpt lat="33.73899804" lon="-84.42345545"><ele>285.000</ele><time>2025-10-17T13:16:06Z</time><speed>1.290</speed><sat>19</sat></trkpt>
  <trkpt lat="33.73898903" lon="-84.42345436"><ele>285.000</ele><time>2025-10-17T13:16:07Z</time><speed>1.360</speed><sat>19</sat></trkpt>
  <trkpt lat="33.73897851" lon="-84.42344447"><ele>284.000</ele><time>2025-10-17T13:16:08Z</time><speed>1.780</speed><sat>19</sat></trkpt>
  <trkpt lat="33.73897004" lon="-84.42344589"><ele>285.000</ele><time>2025-10-17T13:16:09Z</time><speed>1.430</speed><sat>17</sat></trkpt>
  <trkpt lat="33.73896011" lon="-84.42345209"><ele>286.000</ele><time>2025-10-17T13:16:10Z</time><speed>1.030</speed><sat>18</sat></trkpt>
  <trkpt lat="33.73896409" lon="-84.42345050"><ele>285.000</ele><time>2025-10-17T13:16:11Z</time><speed>0.000</speed><sat>16</sat></trkpt>
  <trkpt lat="33.73895324" lon="-84.42345067"><ele>285.000</ele><time>2025-10-17T13:16:12Z</time><speed>0.340</speed><sat>18</sat></trkpt>
  <trkpt lat="33.73893974" lon="-84.42345218"><ele>285.000</ele><time>2025-10-17T13:16:13Z</time><speed>1.360</speed><sat>16</sat></trkpt>
  <trkpt lat="33.73892109" lon="-84.42344950"><ele>285.000</ele><time>2025-10-17T13:16:14Z</time><speed>1.430</speed><sat>17</sat></trkpt>
  <trkpt lat="33.73890425" lon="-84.42344732"><ele>285.000</ele><time>2025-10-17T13:16:15Z</time><speed>1.260</speed><sat>18</sat></trkpt>
  <trkpt lat="33.73888790" lon="-84.42344648"><ele>285.000</ele><time>2025-10-17T13:16:16Z</time><speed>1.340</speed><sat>19</sat></trkpt>
  <trkpt lat="33.73887147" lon="-84.42344472"><ele>285.000</ele><time>2025-10-17T13:16:17Z</time><speed>1.320</speed><sat>19</sat></trkpt>
  <trkpt lat="33.73885613" lon="-84.42344338"><ele>285.000</ele><time>2025-10-17T13:16:18Z</time><speed>1.310</speed><sat>19</sat></trkpt>
  <trkpt lat="33.73883950" lon="-84.42343784"><ele>285.000</ele><time>2025-10-17T13:16:19Z</time><speed>1.390</speed><sat>20</sat></trkpt>
  <trkpt lat="33.73882235" lon="-84.42343365"><ele>285.000</ele><time>2025-10-17T13:16:20Z</time><speed>1.580</speed><sat>19</sat></trkpt>
  <trkpt lat="33.73880593" lon="-84.42343215"><ele>285.000</ele><time>2025-10-17T13:16:21Z</time><speed>1.560</speed><sat>18</sat></trkpt>
  <trkpt lat="33.73879046" lon="-84.42343206"><ele>285.000</ele><time>2025-10-17T13:16:22Z</time><speed>1.510</speed><sat>19</sat></trkpt>
  <trkpt lat="33.73877554" lon="-84.42343080"><ele>285.000</ele><time>2025-10-17T13:16:23Z</time><speed>1.500</speed><sat>19</sat></trkpt>
  <trkpt lat="33.73876062" lon="-84.42343030"><ele>285.000</ele><time>2025-10-17T13:16:24Z</time><speed>1.330</speed><sat>18</sat></trkpt>
  <trkpt lat="33.73874486" lon="-84.42343064"><ele>285.000</ele><time>2025-10-17T13:16:25Z</time><speed>1.390</speed><sat>18</sat></trkpt>
  <trkpt lat="33.73873166" lon="-84.42343089"><ele>286.000</ele><time>2025-10-17T13:16:26Z</time><speed>1.340</speed><sat>19</sat></trkpt>
  <trkpt lat="33.73871758" lon="-84.42343039"><ele>286.000</ele><time>2025-10-17T13:16:27Z</time><speed>1.430</speed><sat>18</sat></trkpt>
  <trkpt lat="33.73870451" lon="-84.42343189"><ele>286.000</ele><time>2025-10-17T13:16:28Z</time><speed>1.480</speed><sat>19</sat></trkpt>
  <trkpt lat="33.73869013" lon="-84.42343189"><ele>286.000</ele><time>2025-10-17T13:16:29Z</time><speed>1.330</speed><sat>19</sat></trkpt>
  <trkpt lat="33.73867785" lon="-84.42342980"><ele>286.000</ele><time>2025-10-17T13:16:30Z</time><speed>1.090</speed><sat>19</sat></trkpt>
  <trkpt lat="33.73866377" lon="-84.42342871"><ele>286.000</ele><time>2025-10-17T13:16:31Z</time><speed>1.940</speed><sat>19</sat></trkpt>
  <trkpt lat="33.73864969" lon="-84.42343114"><ele>286.000</ele><time>2025-10-17T13:16:32Z</time><speed>0.870</speed><sat>18</sat></trkpt>
  <trkpt lat="33.73864009" lon="-84.42343525"><ele>286.000</ele><time>2025-10-17T13:16:33Z</time><speed>1.170</speed><sat>18</sat></trkpt>
  <trkpt lat="33.73862999" lon="-84.42343843"><ele>286.000</ele><time>2025-10-17T13:16:34Z</time><speed>1.010</speed><sat>18</sat></trkpt>
  <trkpt lat="33.73861683" lon="-84.42343977"><ele>286.000</ele><time>2025-10-17T13:16:35Z</time><speed>1.140</speed><sat>18</sat></trkpt>
  <trkpt lat="33.73860334" lon="-84.42344036"><ele>286.000</ele><time>2025-10-17T13:16:36Z</time><speed>1.280</speed><sat>18</sat></trkpt>
  <trkpt lat="33.73859127" lon="-84.42344254"><ele>286.000</ele><time>2025-10-17T13:16:37Z</time><speed>1.120</speed><sat>18</sat></trkpt>
  <trkpt lat="33.73857844" lon="-84.42344011"><ele>286.000</ele><time>2025-10-17T13:16:38Z</time><speed>1.220</speed><sat>18</sat></trkpt>
  <trkpt lat="33.73856524" lon="-84.42343692"><ele>287.000</ele><time>2025-10-17T13:16:39Z</time><speed>0.940</speed><sat>18</sat></trkpt>
  <trkpt lat="33.73855296" lon="-84.42343835"><ele>287.000</ele><time>2025-10-17T13:16:40Z</time><speed>1.160</speed><sat>19</sat></trkpt>
  <trkpt lat="33.73854269" lon="-84.42344380"><ele>287.000</ele><time>2025-10-17T13:16:41Z</time><speed>1.160</speed><sat>19</sat></trkpt>
  <trkpt lat="33.73852970" lon="-84.42344950"><ele>287.000</ele><time>2025-10-17T13:16:42Z</time><speed>1.180</speed><sat>18</sat></trkpt>
  <trkpt lat="33.73851847" lon="-84.42345369"><ele>287.000</ele><time>2025-10-17T13:16:43Z</time><speed>1.270</speed><sat>18</sat></trkpt>
  <trkpt lat="33.73850539" lon="-84.42345595"><ele>287.000</ele><time>2025-10-17T13:16:44Z</time><speed>1.570</speed><sat>19</sat></trkpt>
  <trkpt lat="33.73849425" lon="-84.42345285"><ele>287.000</ele><time>2025-10-17T13:16:45Z</time><speed>0.850</speed><sat>19</sat></trkpt>
  <trkpt lat="33.73848834" lon="-84.42344707"><ele>286.000</ele><time>2025-10-17T13:16:46Z</time><speed>0.760</speed><sat>19</sat></trkpt>
  <trkpt lat="33.73848310" lon="-84.42343852"><ele>286.000</ele><time>2025-10-17T13:16:47Z</time><speed>0.860</speed><sat>20</sat></trkpt>
  <trkpt lat="33.73847757" lon="-84.42343030"><ele>286.000</ele><time>2025-10-17T13:16:48Z</time><speed>0.880</speed><sat>20</sat></trkpt>
  <trkpt lat="33.73847157" lon="-84.42342049"><ele>286.000</ele><time>2025-10-17T13:16:49Z</time><speed>0.630</speed><sat>19</sat></trkpt>
  <trkpt lat="33.73846847" lon="-84.42340876"><ele>286.000</ele><time>2025-10-17T13:16:50Z</time><speed>1.000</speed><sat>19</sat></trkpt>
  <trkpt lat="33.73846679" lon="-84.42339526"><ele>286.000</ele><time>2025-10-17T13:16:51Z</time><speed>1.140</speed><sat>19</sat></trkpt>
  <trkpt lat="33.73846713" lon="-84.42338143"><ele>287.000</ele><time>2025-10-17T13:16:52Z</time><speed>1.360</speed><sat>20</sat></trkpt>
  <trkpt lat="33.73846688" lon="-84.42336727"><ele>287.000</ele><time>2025-10-17T13:16:53Z</time><speed>1.260</speed><sat>20</sat></trkpt>
  <trkpt lat="33.73846474" lon="-84.42335470"><ele>287.000</ele><time>2025-10-17T13:16:54Z</time><speed>1.330</speed><sat>20</sat></trkpt>
  <trkpt lat="33.73846604" lon="-84.42333902"><ele>287.000</ele><time>2025-10-17T13:16:55Z</time><speed>1.500</speed><sat>19</sat></trkpt>
  <trkpt lat="33.73846390" lon="-84.42332268"><ele>287.000</ele><time>2025-10-17T13:16:56Z</time><speed>1.000</speed><sat>20</sat></trkpt>
  <trkpt lat="33.73845929" lon="-84.42330860"><ele>287.000</ele><time>2025-10-17T13:16:57Z</time><speed>1.110</speed><sat>21</sat></trkpt>
  <trkpt lat="33.73845502" lon="-84.42329242"><ele>287.000</ele><time>2025-10-17T13:16:58Z</time><speed>1.130</speed><sat>20</sat></trkpt>
  <trkpt lat="33.73845250" lon="-84.42327473"><ele>287.000</ele><time>2025-10-17T13:16:59Z</time><speed>1.080</speed><sat>20</sat></trkpt>
  <trkpt lat="33.73844928" lon="-84.42325948"><ele>287.000</ele><time>2025-10-17T13:17:00Z</time><speed>1.360</speed><sat>20</sat></trkpt>
  <trkpt lat="33.73844563" lon="-84.42323836"><ele>286.000</ele><time>2025-10-17T13:17:01Z</time><speed>1.760</speed><sat>20</sat></trkpt>
  <trkpt lat="33.73844685" lon="-84.42321162"><ele>285.000</ele><time>2025-10-17T13:17:02Z</time><speed>1.690</speed><sat>20</sat></trkpt>
  <trkpt lat="33.73844387" lon="-84.42319443"><ele>286.000</ele><time>2025-10-17T13:17:03Z</time><speed>1.190</speed><sat>18</sat></trkpt>
  <trkpt lat="33.73844161" lon="-84.42317616"><ele>285.000</ele><time>2025-10-17T13:17:04Z</time><speed>1.260</speed><sat>19</sat></trkpt>
  <trkpt lat="33.73843934" lon="-84.42315890"><ele>285.000</ele><time>2025-10-17T13:17:05Z</time><speed>0.950</speed><sat>20</sat></trkpt>
  <trkpt lat="33.73844291" lon="-84.42314423"><ele>285.000</ele><time>2025-10-17T13:17:06Z</time><speed>1.080</speed><sat>20</sat></trkpt>
  <trkpt lat="33.73843712" lon="-84.42312445"><ele>285.000</ele><time>2025-10-17T13:17:07Z</time><speed>1.800</speed><sat>20</sat></trkpt>
  <trkpt lat="33.73842958" lon="-84.42310299"><ele>285.000</ele><time>2025-10-17T13:17:08Z</time><speed>1.800</speed><sat>20</sat></trkpt>
  <trkpt lat="33.73842438" lon="-84.42308958"><ele>285.000</ele><time>2025-10-17T13:17:09Z</time><speed>0.950</speed><sat>19</sat></trkpt>
  <trkpt lat="33.73842007" lon="-84.42307650"><ele>285.000</ele><time>2025-10-17T13:17:10Z</time><speed>1.230</speed><sat>20</sat></trkpt>
  <trkpt lat="33.73841839" lon="-84.42305949"><ele>285.000</ele><time>2025-10-17T13:17:11Z</time><speed>1.560</speed><sat>20</sat></trkpt>
  <trkpt lat="33.73841696" lon="-84.42304222"><ele>285.000</ele><time>2025-10-17T13:17:12Z</time><speed>1.710</speed><sat>20</sat></trkpt>
  <trkpt lat="33.73841286" lon="-84.42302403"><ele>285.000</ele><time>2025-10-17T13:17:13Z</time><speed>1.720</speed><sat>20</sat></trkpt>
  <trkpt lat="33.73840774" lon="-84.42300743"><ele>285.000</ele><time>2025-10-17T13:17:14Z</time><speed>1.610</speed><sat>20</sat></trkpt>
  <trkpt lat="33.73840230" lon="-84.42299210"><ele>285.000</ele><time>2025-10-17T13:17:15Z</time><speed>1.640</speed><sat>20</sat></trkpt>
  <trkpt lat="33.73839739" lon="-84.42297768"><ele>285.000</ele><time>2025-10-17T13:17:16Z</time><speed>1.390</speed><sat>20</sat></trkpt>
  <trkpt lat="33.73839521" lon="-84.42296469"><ele>285.000</ele><time>2025-10-17T13:17:17Z</time><speed>1.140</speed><sat>20</sat></trkpt>
  <trkpt lat="33.73839505" lon="-84.42295019"><ele>285.000</ele><time>2025-10-17T13:17:18Z</time><speed>1.340</speed><sat>20</sat></trkpt>
  <trkpt lat="33.73839484" lon="-84.42293342"><ele>285.000</ele><time>2025-10-17T13:17:19Z</time><speed>1.660</speed><sat>20</sat></trkpt>
  <trkpt lat="33.73839362" lon="-84.42291431"><ele>285.000</ele><time>2025-10-17T13:17:20Z</time><speed>1.580</speed><sat>20</sat></trkpt>
  <trkpt lat="33.73838830" lon="-84.42289822"><ele>285.000</ele><time>2025-10-17T13:17:21Z</time><speed>1.580</speed><sat>20</sat></trkpt>
  <trkpt lat="33.73838339" lon="-84.42288305"><ele>285.000</ele><time>2025-10-17T13:17:22Z</time><speed>1.600</speed><sat>20</sat></trkpt>
  <trkpt lat="33.73838000" lon="-84.42286637"><ele>285.000</ele><time>2025-10-17T13:17:23Z</time><speed>1.650</speed><sat>19</sat></trkpt>
  <trkpt lat="33.73837635" lon="-84.42285203"><ele>285.000</ele><time>2025-10-17T13:17:24Z</time><speed>1.430</speed><sat>19</sat></trkpt>
  <trkpt lat="33.73837392" lon="-84.42283829"><ele>285.000</ele><time>2025-10-17T13:17:25Z</time><speed>1.420</speed><sat>20</sat></trkpt>
  <trkpt lat="33.73837535" lon="-84.42282370"><ele>285.000</ele><time>2025-10-17T13:17:26Z</time><speed>1.790</speed><sat>20</sat></trkpt>
  <trkpt lat="33.73837300" lon="-84.42280451"><ele>286.000</ele><time>2025-10-17T13:17:27Z</time><speed>1.580</speed><sat>18</sat></trkpt>
  <trkpt lat="33.73837250" lon="-84.42279194"><ele>286.000</ele><time>2025-10-17T13:17:28Z</time><speed>1.400</speed><sat>20</sat></trkpt>
  <trkpt lat="33.73837057" lon="-84.42277785"><ele>286.000</ele><time>2025-10-17T13:17:29Z</time><speed>1.480</speed><sat>20</sat></trkpt>
  <trkpt lat="33.73837271" lon="-84.42276034"><ele>286.000</ele><time>2025-10-17T13:17:30Z</time><speed>1.550</speed><sat>20</sat></trkpt>
  <trkpt lat="33.73837845" lon="-84.42274743"><ele>287.000</ele><time>2025-10-17T13:17:31Z</time><speed>1.620</speed><sat>19</sat></trkpt>
  <trkpt lat="33.73837556" lon="-84.42272614"><ele>287.000</ele><time>2025-10-17T13:17:32Z</time><speed>2.260</speed><sat>20</sat></trkpt>
  <trkpt lat="33.73837497" lon="-84.42270619"><ele>287.000</ele><time>2025-10-17T13:17:33Z</time><speed>1.000</speed><sat>19</sat></trkpt>
  <trkpt lat="33.73837392" lon="-84.42269328"><ele>286.000</ele><time>2025-10-17T13:17:34Z</time><speed>1.520</speed><sat>18</sat></trkpt>
  <trkpt lat="33.73837028" lon="-84.42267518"><ele>287.000</ele><time>2025-10-17T13:17:35Z</time><speed>1.390</speed><sat>19</sat></trkpt>
  <trkpt lat="33.73837170" lon="-84.42266252"><ele>287.000</ele><time>2025-10-17T13:17:36Z</time><speed>1.320</speed><sat>19</sat></trkpt>
  <trkpt lat="33.73836969" lon="-84.42264684"><ele>287.000</ele><time>2025-10-17T13:17:37Z</time><speed>1.440</speed><sat>19</sat></trkpt>
  <trkpt lat="33.73836868" lon="-84.42263142"><ele>287.000</ele><time>2025-10-17T13:17:38Z</time><speed>1.480</speed><sat>19</sat></trkpt>
  <trkpt lat="33.73836655" lon="-84.42261323"><ele>286.000</ele><time>2025-10-17T13:17:39Z</time><speed>1.400</speed><sat>18</sat></trkpt>
  <trkpt lat="33.73836500" lon="-84.42259722"><ele>286.000</ele><time>2025-10-17T13:17:40Z</time><speed>1.480</speed><sat>20</sat></trkpt>
  <trkpt lat="33.73835980" lon="-84.42258172"><ele>286.000</ele><time>2025-10-17T13:17:41Z</time><speed>1.450</speed><sat>19</sat></trkpt>
  <trkpt lat="33.73835796" lon="-84.42256705"><ele>286.000</ele><time>2025-10-17T13:17:42Z</time><speed>1.510</speed><sat>19</sat></trkpt>
  <trkpt lat="33.73835888" lon="-84.42255188"><ele>287.000</ele><time>2025-10-17T13:17:43Z</time><speed>1.480</speed><sat>19</sat></trkpt>
  <trkpt lat="33.73835812" lon="-84.42253972"><ele>287.000</ele><time>2025-10-17T13:17:44Z</time><speed>0.910</speed><sat>18</sat></trkpt>
  <trkpt lat="33.73835875" lon="-84.42252933"><ele>287.000</ele><time>2025-10-17T13:17:45Z</time><speed>1.170</speed><sat>18</sat></trkpt>
  <trkpt lat="33.73835695" lon="-84.42251642"><ele>286.000</ele><time>2025-10-17T13:17:46Z</time><speed>1.360</speed><sat>19</sat></trkpt>
  <trkpt lat="33.73835724" lon="-84.42250645"><ele>286.000</ele><time>2025-10-17T13:17:47Z</time><speed>0.290</speed><sat>19</sat></trkpt>
  <trkpt lat="33.73835456" lon="-84.42249287"><ele>286.000</ele><time>2025-10-17T13:17:48Z</time><speed>1.310</speed><sat>19</sat></trkpt>
  <trkpt lat="33.73835054" lon="-84.42248583"><ele>286.000</ele><time>2025-10-17T13:17:49Z</time><speed>0.210</speed><sat>20</sat></trkpt>
  <trkpt lat="33.73834903" lon="-84.42248088"><ele>286.000</ele><time>2025-10-17T13:17:50Z</time><speed>0.370</speed><sat>20</sat></trkpt>
  <trkpt lat="33.73834593" lon="-84.42246714"><ele>286.000</ele><time>2025-10-17T13:17:51Z</time><speed>1.370</speed><sat>21</sat></trkpt>
  <trkpt lat="33.73834295" lon="-84.42245155"><ele>286.000</ele><time>2025-10-17T13:17:52Z</time><speed>1.140</speed><sat>21</sat></trkpt>
  <trkpt lat="33.73833641" lon="-84.42243436"><ele>286.000</ele><time>2025-10-17T13:17:53Z</time><speed>1.640</speed><sat>19</sat></trkpt>
  <trkpt lat="33.73833021" lon="-84.42241567"><ele>286.000</ele><time>2025-10-17T13:17:54Z</time><speed>1.190</speed><sat>21</sat></trkpt>
  <trkpt lat="33.73832803" lon="-84.42240184"><ele>285.000</ele><time>2025-10-17T13:17:55Z</time><speed>1.110</speed><sat>21</sat></trkpt>
  <trkpt lat="33.73832891" lon="-84.42239019"><ele>285.000</ele><time>2025-10-17T13:17:56Z</time><speed>0.870</speed><sat>20</sat></trkpt>
  <trkpt lat="33.73832677" lon="-84.42237326"><ele>285.000</ele><time>2025-10-17T13:17:57Z</time><speed>1.320</speed><sat>21</sat></trkpt>
  <trkpt lat="33.73832346" lon="-84.42235658"><ele>285.000</ele><time>2025-10-17T13:17:58Z</time><speed>1.270</speed><sat>20</sat></trkpt>
  <trkpt lat="33.73832263" lon="-84.42233965"><ele>285.000</ele><time>2025-10-17T13:17:59Z</time><speed>1.380</speed><sat>21</sat></trkpt>
  <trkpt lat="33.73831982" lon="-84.42232397"><ele>285.000</ele><time>2025-10-17T13:18:00Z</time><speed>1.360</speed><sat>21</sat></trkpt>
  <trkpt lat="33.73831923" lon="-84.42230863"><ele>285.000</ele><time>2025-10-17T13:18:01Z</time><speed>1.380</speed><sat>21</sat></trkpt>
  <trkpt lat="33.73831705" lon="-84.42229321"><ele>285.000</ele><time>2025-10-17T13:18:02Z</time><speed>1.450</speed><sat>20</sat></trkpt>
  <trkpt lat="33.73831332" lon="-84.42227829"><ele>285.000</ele><time>2025-10-17T13:18:03Z</time><speed>1.300</speed><sat>21</sat></trkpt>
  <trkpt lat="33.73831131" lon="-84.42226186"><ele>285.000</ele><time>2025-10-17T13:18:04Z</time><speed>1.380</speed><sat>21</sat></trkpt>
  <trkpt lat="33.73830930" lon="-84.42224334"><ele>285.000</ele><time>2025-10-17T13:18:05Z</time><speed>1.280</speed><sat>20</sat></trkpt>
  <trkpt lat="33.73830829" lon="-84.42222834"><ele>285.000</ele><time>2025-10-17T13:18:06Z</time><speed>1.420</speed><sat>21</sat></trkpt>
  <trkpt lat="33.73830808" lon="-84.42221107"><ele>285.000</ele><time>2025-10-17T13:18:07Z</time><speed>1.450</speed><sat>20</sat></trkpt>
  <trkpt lat="33.73830817" lon="-84.42219665"><ele>285.000</ele><time>2025-10-17T13:18:08Z</time><speed>1.200</speed><sat>21</sat></trkpt>
  <trkpt lat="33.73830641" lon="-84.42218391"><ele>285.000</ele><time>2025-10-17T13:18:09Z</time><speed>1.260</speed><sat>21</sat></trkpt>
  <trkpt lat="33.73830217" lon="-84.42216857"><ele>285.000</ele><time>2025-10-17T13:18:10Z</time><speed>1.210</speed><sat>21</sat></trkpt>
  <trkpt lat="33.73829916" lon="-84.42215382"><ele>286.000</ele><time>2025-10-17T13:18:11Z</time><speed>1.220</speed><sat>21</sat></trkpt>
  <trkpt lat="33.73829551" lon="-84.42213865"><ele>286.000</ele><time>2025-10-17T13:18:12Z</time><speed>1.600</speed><sat>21</sat></trkpt>
  <trkpt lat="33.73829413" lon="-84.42212348"><ele>286.000</ele><time>2025-10-17T13:18:13Z</time><speed>1.360</speed><sat>21</sat></trkpt>
  <trkpt lat="33.73829212" lon="-84.42211057"><ele>286.000</ele><time>2025-10-17T13:18:14Z</time><speed>1.090</speed><sat>20</sat></trkpt>
  <trkpt lat="33.73829086" lon="-84.42209825"><ele>286.000</ele><time>2025-10-17T13:18:15Z</time><speed>1.340</speed><sat>21</sat></trkpt>
  <trkpt lat="33.73828885" lon="-84.42208568"><ele>286.000</ele><time>2025-10-17T13:18:16Z</time><speed>1.160</speed><sat>21</sat></trkpt>
  <trkpt lat="33.73828612" lon="-84.42207218"><ele>286.000</ele><time>2025-10-17T13:18:17Z</time><speed>1.400</speed><sat>21</sat></trkpt>
  <trkpt lat="33.73828243" lon="-84.42205709"><ele>286.000</ele><time>2025-10-17T13:18:18Z</time><speed>1.390</speed><sat>21</sat></trkpt>
  <trkpt lat="33.73828076" lon="-84.42204058"><ele>286.000</ele><time>2025-10-17T13:18:19Z</time><speed>1.380</speed><sat>21</sat></trkpt>
  <trkpt lat="33.73828243" lon="-84.42202508"><ele>287.000</ele><time>2025-10-17T13:18:20Z</time><speed>1.390</speed><sat>21</sat></trkpt>
  <trkpt lat="33.73828109" lon="-84.42200890"><ele>287.000</ele><time>2025-10-17T13:18:21Z</time><speed>1.310</speed><sat>21</sat></trkpt>
  <trkpt lat="33.73828005" lon="-84.42199398"><ele>287.000</ele><time>2025-10-17T13:18:22Z</time><speed>1.260</speed><sat>21</sat></trkpt>
  <trkpt lat="33.73827917" lon="-84.42198015"><ele>287.000</ele><time>2025-10-17T13:18:23Z</time><speed>1.270</speed><sat>21</sat></trkpt>
  <trkpt lat="33.73827975" lon="-84.42196389"><ele>288.000</ele><time>2025-10-17T13:18:24Z</time><speed>1.360</speed><sat>21</sat></trkpt>
  <trkpt lat="33.73827661" lon="-84.42194888"><ele>288.000</ele><time>2025-10-17T13:18:25Z</time><speed>1.490</speed><sat>20</sat></trkpt>
  <trkpt lat="33.73827326" lon="-84.42193321"><ele>287.000</ele><time>2025-10-17T13:18:26Z</time><speed>1.440</speed><sat>21</sat></trkpt>
  <trkpt lat="33.73827267" lon="-84.42191787"><ele>287.000</ele><time>2025-10-17T13:18:27Z</time><speed>1.350</speed><sat>21</sat></trkpt>
  <trkpt lat="33.73827162" lon="-84.42190203"><ele>287.000</ele><time>2025-10-17T13:18:28Z</time><speed>1.370</speed><sat>20</sat></trkpt>
  <trkpt lat="33.73826990" lon="-84.42188929"><ele>288.000</ele><time>2025-10-17T13:18:29Z</time><speed>1.010</speed><sat>21</sat></trkpt>
  <trkpt lat="33.73826919" lon="-84.42187571"><ele>288.000</ele><time>2025-10-17T13:18:30Z</time><speed>1.380</speed><sat>21</sat></trkpt>
  <trkpt lat="33.73826659" lon="-84.42186045"><ele>288.000</ele><time>2025-10-17T13:18:31Z</time><speed>1.430</speed><sat>21</sat></trkpt>
  <trkpt lat="33.73826198" lon="-84.42184528"><ele>288.000</ele><time>2025-10-17T13:18:32Z</time><speed>1.390</speed><sat>20</sat></trkpt>
  <trkpt lat="33.73826094" lon="-84.42183179"><ele>288.000</ele><time>2025-10-17T13:18:33Z</time><speed>1.190</speed><sat>21</sat></trkpt>
  <trkpt lat="33.73825377" lon="-84.42181578"><ele>288.000</ele><time>2025-10-17T13:18:34Z</time><speed>2.200</speed><sat>21</sat></trkpt>
  <trkpt lat="33.73824212" lon="-84.42179952"><ele>288.000</ele><time>2025-10-17T13:18:35Z</time><speed>2.080</speed><sat>20</sat></trkpt>
  <trkpt lat="33.73823675" lon="-84.42178234"><ele>288.000</ele><time>2025-10-17T13:18:36Z</time><speed>1.770</speed><sat>21</sat></trkpt>
  <trkpt lat="33.73823483" lon="-84.42176918"><ele>288.000</ele><time>2025-10-17T13:18:37Z</time><speed>1.340</speed><sat>21</sat></trkpt>
  <trkpt lat="33.73823198" lon="-84.42175727"><ele>287.000</ele><time>2025-10-17T13:18:38Z</time><speed>1.280</speed><sat>20</sat></trkpt>
  <trkpt lat="33.73822690" lon="-84.42174378"><ele>287.000</ele><time>2025-10-17T13:18:39Z</time><speed>1.590</speed><sat>21</sat></trkpt>
  <trkpt lat="33.73822540" lon="-84.42172760"><ele>287.000</ele><time>2025-10-17T13:18:40Z</time><speed>1.420</speed><sat>20</sat></trkpt>
  <trkpt lat="33.73822397" lon="-84.42172375"><ele>286.000</ele><time>2025-10-17T13:18:41Z</time><speed>1.750</speed><sat>18</sat></trkpt>
  <trkpt lat="33.73821651" lon="-84.42170857"><ele>286.000</ele><time>2025-10-17T13:18:42Z</time><speed>1.640</speed><sat>20</sat></trkpt>
  <trkpt lat="33.73822120" lon="-84.42169885"><ele>285.000</ele><time>2025-10-17T13:18:43Z</time><speed>1.460</speed><sat>19</sat></trkpt>
  <trkpt lat="33.73822376" lon="-84.42168804"><ele>284.000</ele><time>2025-10-17T13:18:44Z</time><speed>1.670</speed><sat>20</sat></trkpt>
  <trkpt lat="33.73822598" lon="-84.42167756"><ele>284.000</ele><time>2025-10-17T13:18:45Z</time><speed>1.300</speed><sat>20</sat></trkpt>
  <trkpt lat="33.73822552" lon="-84.42166180"><ele>284.000</ele><time>2025-10-17T13:18:46Z</time><speed>1.570</speed><sat>19</sat></trkpt>
  <trkpt lat="33.73822506" lon="-84.42164898"><ele>283.000</ele><time>2025-10-17T13:18:47Z</time><speed>0.980</speed><sat>19</sat></trkpt>
  <trkpt lat="33.73822213" lon="-84.42163674"><ele>283.000</ele><time>2025-10-17T13:18:48Z</time><speed>1.150</speed><sat>19</sat></trkpt>
  <trkpt lat="33.73822024" lon="-84.42162157"><ele>283.000</ele><time>2025-10-17T13:18:49Z</time><speed>1.150</speed><sat>19</sat></trkpt>
  <trkpt lat="33.73822045" lon="-84.42160883"><ele>283.000</ele><time>2025-10-17T13:18:50Z</time><speed>1.060</speed><sat>19</sat></trkpt>
  <trkpt lat="33.73822049" lon="-84.42159525"><ele>283.000</ele><time>2025-10-17T13:18:51Z</time><speed>1.200</speed><sat>21</sat></trkpt>
  <trkpt lat="33.73821639" lon="-84.42157798"><ele>283.000</ele><time>2025-10-17T13:18:52Z</time><speed>1.390</speed><sat>20</sat></trkpt>
  <trkpt lat="33.73820830" lon="-84.42155971"><ele>283.000</ele><time>2025-10-17T13:18:53Z</time><speed>1.510</speed><sat>21</sat></trkpt>
  <trkpt lat="33.73820276" lon="-84.42154261"><ele>283.000</ele><time>2025-10-17T13:18:54Z</time><speed>1.380</speed><sat>18</sat></trkpt>
  <trkpt lat="33.73819811" lon="-84.42152610"><ele>283.000</ele><time>2025-10-17T13:18:55Z</time><speed>1.480</speed><sat>21</sat></trkpt>
  <trkpt lat="33.73819543" lon="-84.42150950"><ele>283.000</ele><time>2025-10-17T13:18:56Z</time><speed>1.570</speed><sat>20</sat></trkpt>
  <trkpt lat="33.73819036" lon="-84.42149090"><ele>283.000</ele><time>2025-10-17T13:18:57Z</time><speed>1.850</speed><sat>19</sat></trkpt>
  <trkpt lat="33.73818374" lon="-84.42147346"><ele>283.000</ele><time>2025-10-17T13:18:58Z</time><speed>1.470</speed><sat>19</sat></trkpt>
  <trkpt lat="33.73817435" lon="-84.42146190"><ele>284.000</ele><time>2025-10-17T13:18:59Z</time><speed>1.330</speed><sat>19</sat></trkpt>
  <trkpt lat="33.73817012" lon="-84.42144094"><ele>284.000</ele><time>2025-10-17T13:19:00Z</time><speed>2.740</speed><sat>19</sat></trkpt>
  <trkpt lat="33.73816655" lon="-84.42141831"><ele>284.000</ele><time>2025-10-17T13:19:01Z</time><speed>2.360</speed><sat>19</sat></trkpt>
  <trkpt lat="33.73815989" lon="-84.42139534"><ele>285.000</ele><time>2025-10-17T13:19:02Z</time><speed>2.200</speed><sat>18</sat></trkpt>
  <trkpt lat="33.73814962" lon="-84.42137833"><ele>285.000</ele><time>2025-10-17T13:19:03Z</time><speed>2.250</speed><sat>18</sat></trkpt>
  <trkpt lat="33.73814359" lon="-84.42136441"><ele>285.000</ele><time>2025-10-17T13:19:04Z</time><speed>1.250</speed><sat>18</sat></trkpt>
  <trkpt lat="33.73814870" lon="-84.42135310"><ele>284.000</ele><time>2025-10-17T13:19:05Z</time><speed>1.080</speed><sat>19</sat></trkpt>
  <trkpt lat="33.73815298" lon="-84.42134111"><ele>284.000</ele><time>2025-10-17T13:19:06Z</time><speed>1.230</speed><sat>19</sat></trkpt>
  <trkpt lat="33.73815939" lon="-84.42132569"><ele>284.000</ele><time>2025-10-17T13:19:07Z</time><speed>1.470</speed><sat>19</sat></trkpt>
  <trkpt lat="33.73816484" lon="-84.42131228"><ele>284.000</ele><time>2025-10-17T13:19:08Z</time><speed>1.510</speed><sat>19</sat></trkpt>
  <trkpt lat="33.73816685" lon="-84.42129635"><ele>284.000</ele><time>2025-10-17T13:19:09Z</time><speed>1.400</speed><sat>19</sat></trkpt>
  <trkpt lat="33.73816706" lon="-84.42128185"><ele>285.000</ele><time>2025-10-17T13:19:10Z</time><speed>1.370</speed><sat>20</sat></trkpt>
  <trkpt lat="33.73816660" lon="-84.42126601"><ele>285.000</ele><time>2025-10-17T13:19:11Z</time><speed>1.270</speed><sat>19</sat></trkpt>
  <trkpt lat="33.73816764" lon="-84.42125109"><ele>285.000</ele><time>2025-10-17T13:19:12Z</time><speed>1.240</speed><sat>19</sat></trkpt>
  <trkpt lat="33.73816563" lon="-84.42123382"><ele>285.000</ele><time>2025-10-17T13:19:13Z</time><speed>1.630</speed><sat>17</sat></trkpt>
  <trkpt lat="33.73816341" lon="-84.42121631"><ele>285.000</ele><time>2025-10-17T13:19:14Z</time><speed>1.610</speed><sat>20</sat></trkpt>
  <trkpt lat="33.73816136" lon="-84.42119828"><ele>285.000</ele><time>2025-10-17T13:19:15Z</time><speed>1.490</speed><sat>19</sat></trkpt>
  <trkpt lat="33.73816027" lon="-84.42117959"><ele>285.000</ele><time>2025-10-17T13:19:16Z</time><speed>1.690</speed><sat>20</sat></trkpt>
  <trkpt lat="33.73816153" lon="-84.42116308"><ele>285.000</ele><time>2025-10-17T13:19:17Z</time><speed>0.990</speed><sat>20</sat></trkpt>
  <trkpt lat="33.73815977" lon="-84.42115051"><ele>285.000</ele><time>2025-10-17T13:19:18Z</time><speed>1.350</speed><sat>20</sat></trkpt>
  <trkpt lat="33.73815474" lon="-84.42113592"><ele>285.000</ele><time>2025-10-17T13:19:19Z</time><speed>1.450</speed><sat>20</sat></trkpt>
  <trkpt lat="33.73815222" lon="-84.42111941"><ele>285.000</ele><time>2025-10-17T13:19:20Z</time><speed>1.380</speed><sat>18</sat></trkpt>
  <trkpt lat="33.73815201" lon="-84.42110105"><ele>285.000</ele><time>2025-10-17T13:19:21Z</time><speed>1.490</speed><sat>18</sat></trkpt>
  <trkpt lat="33.73815482" lon="-84.42108521"><ele>286.000</ele><time>2025-10-17T13:19:22Z</time><speed>1.340</speed><sat>17</sat></trkpt>
  <trkpt lat="33.73815951" lon="-84.42107004"><ele>286.000</ele><time>2025-10-17T13:19:23Z</time><speed>1.280</speed><sat>19</sat></trkpt>
  <trkpt lat="33.73815759" lon="-84.42106065"><ele>286.000</ele><time>2025-10-17T13:19:24Z</time><speed>0.930</speed><sat>18</sat></trkpt>
  <trkpt lat="33.73815612" lon="-84.42104607"><ele>286.000</ele><time>2025-10-17T13:19:25Z</time><speed>1.160</speed><sat>18</sat></trkpt>
  <trkpt lat="33.73815344" lon="-84.42103291"><ele>286.000</ele><time>2025-10-17T13:19:26Z</time><speed>1.270</speed><sat>19</sat></trkpt>
  <trkpt lat="33.73814975" lon="-84.42102335"><ele>286.000</ele><time>2025-10-17T13:19:27Z</time><speed>0.950</speed><sat>19</sat></trkpt>
  <trkpt lat="33.73814627" lon="-84.42101187"><ele>286.000</ele><time>2025-10-17T13:19:28Z</time><speed>1.060</speed><sat>18</sat></trkpt>
  <trkpt lat="33.73814174" lon="-84.42099611"><ele>285.000</ele><time>2025-10-17T13:19:29Z</time><speed>1.520</speed><sat>19</sat></trkpt>
  <trkpt lat="33.73813864" lon="-84.42097943"><ele>285.000</ele><time>2025-10-17T13:19:30Z</time><speed>1.230</speed><sat>19</sat></trkpt>
  <trkpt lat="33.73813801" lon="-84.42096703"><ele>285.000</ele><time>2025-10-17T13:19:31Z</time><speed>0.900</speed><sat>19</sat></trkpt>
  <trkpt lat="33.73813701" lon="-84.42095303"><ele>285.000</ele><time>2025-10-17T13:19:32Z</time><speed>1.280</speed><sat>19</sat></trkpt>
  <trkpt lat="33.73813353" lon="-84.42094046"><ele>286.000</ele><time>2025-10-17T13:19:33Z</time><speed>0.970</speed><sat>17</sat></trkpt>
  <trkpt lat="33.73813751" lon="-84.42092730"><ele>286.000</ele><time>2025-10-17T13:19:34Z</time><speed>1.110</speed><sat>18</sat></trkpt>
  <trkpt lat="33.73813780" lon="-84.42091456"><ele>286.000</ele><time>2025-10-17T13:19:35Z</time><speed>1.130</speed><sat>18</sat></trkpt>
  <trkpt lat="33.73813546" lon="-84.42090282"><ele>286.000</ele><time>2025-10-17T13:19:36Z</time><speed>0.950</speed><sat>17</sat></trkpt>
  <trkpt lat="33.73812997" lon="-84.42089100"><ele>286.000</ele><time>2025-10-17T13:19:37Z</time><speed>1.160</speed><sat>18</sat></trkpt>
  <trkpt lat="33.73812565" lon="-84.42087516"><ele>286.000</ele><time>2025-10-17T13:19:38Z</time><speed>1.610</speed><sat>18</sat></trkpt>
  <trkpt lat="33.73811995" lon="-84.42085857"><ele>286.000</ele><time>2025-10-17T13:19:39Z</time><speed>1.370</speed><sat>16</sat></trkpt>
  <trkpt lat="33.73811438" lon="-84.42084390"><ele>286.000</ele><time>2025-10-17T13:19:40Z</time><speed>1.440</speed><sat>17</sat></trkpt>
  <trkpt lat="33.73811434" lon="-84.42083275"><ele>286.000</ele><time>2025-10-17T13:19:41Z</time><speed>0.940</speed><sat>19</sat></trkpt>
  <trkpt lat="33.73811178" lon="-84.42082026"><ele>285.000</ele><time>2025-10-17T13:19:42Z</time><speed>1.220</speed><sat>19</sat></trkpt>
  <trkpt lat="33.73810486" lon="-84.42080685"><ele>285.000</ele><time>2025-10-17T13:19:43Z</time><speed>1.200</speed><sat>18</sat></trkpt>
  <trkpt lat="33.73810449" lon="-84.42079495"><ele>285.000</ele><time>2025-10-17T13:19:44Z</time><speed>0.810</speed><sat>18</sat></trkpt>
  <trkpt lat="33.73810495" lon="-84.42078070"><ele>285.000</ele><time>2025-10-17T13:19:45Z</time><speed>1.110</speed><sat>18</sat></trkpt>
  <trkpt lat="33.73810331" lon="-84.42076410"><ele>285.000</ele><time>2025-10-17T13:19:46Z</time><speed>0.960</speed><sat>18</sat></trkpt>
  <trkpt lat="33.73810197" lon="-84.42074432"><ele>286.000</ele><time>2025-10-17T13:19:47Z</time><speed>1.050</speed><sat>17</sat></trkpt>
  <trkpt lat="33.73809682" lon="-84.42072043"><ele>286.000</ele><time>2025-10-17T13:19:48Z</time><speed>1.320</speed><sat>19</sat></trkpt>
  <trkpt lat="33.73809619" lon="-84.42069931"><ele>287.000</ele><time>2025-10-17T13:19:49Z</time><speed>1.400</speed><sat>19</sat></trkpt>
  <trkpt lat="33.73810038" lon="-84.42068171"><ele>287.000</ele><time>2025-10-17T13:19:50Z</time><speed>0.370</speed><sat>20</sat></trkpt>
  <trkpt lat="33.73810474" lon="-84.42065371"><ele>287.000</ele><time>2025-10-17T13:19:51Z</time><speed>1.320</speed><sat>20</sat></trkpt>
  <trkpt lat="33.73810336" lon="-84.42063661"><ele>287.000</ele><time>2025-10-17T13:19:52Z</time><speed>1.210</speed><sat>21</sat></trkpt>
  <trkpt lat="33.73809858" lon="-84.42062144"><ele>287.000</ele><time>2025-10-17T13:19:53Z</time><speed>1.620</speed><sat>18</sat></trkpt>
  <trkpt lat="33.73809522" lon="-84.42060384"><ele>288.000</ele><time>2025-10-17T13:19:54Z</time><speed>1.560</speed><sat>21</sat></trkpt>
  <trkpt lat="33.73809271" lon="-84.42058356"><ele>288.000</ele><time>2025-10-17T13:19:55Z</time><speed>1.420</speed><sat>20</sat></trkpt>
  <trkpt lat="33.73809020" lon="-84.42056956"><ele>288.000</ele><time>2025-10-17T13:19:56Z</time><speed>1.240</speed><sat>20</sat></trkpt>
  <trkpt lat="33.73808659" lon="-84.42055950"><ele>288.000</ele><time>2025-10-17T13:19:57Z</time><speed>0.730</speed><sat>20</sat></trkpt>
  <trkpt lat="33.73808173" lon="-84.42054751"><ele>289.000</ele><time>2025-10-17T13:19:58Z</time><speed>1.010</speed><sat>19</sat></trkpt>
  <trkpt lat="33.73807926" lon="-84.42053871"><ele>289.000</ele><time>2025-10-17T13:19:59Z</time><speed>0.870</speed><sat>20</sat></trkpt>
  <trkpt lat="33.73807804" lon="-84.42052480"><ele>289.000</ele><time>2025-10-17T13:20:00Z</time><speed>1.230</speed><sat>20</sat></trkpt>
  <trkpt lat="33.73807863" lon="-84.42051114"><ele>289.000</ele><time>2025-10-17T13:20:01Z</time><speed>0.940</speed><sat>21</sat></trkpt>
  <trkpt lat="33.73808031" lon="-84.42049672"><ele>289.000</ele><time>2025-10-17T13:20:02Z</time><speed>0.900</speed><sat>21</sat></trkpt>
  <trkpt lat="33.73807997" lon="-84.42048482"><ele>289.000</ele><time>2025-10-17T13:20:03Z</time><speed>0.820</speed><sat>21</sat></trkpt>
  <trkpt lat="33.73808123" lon="-84.42047082"><ele>290.000</ele><time>2025-10-17T13:20:04Z</time><speed>1.110</speed><sat>21</sat></trkpt>
  <trkpt lat="33.73808655" lon="-84.42045649"><ele>290.000</ele><time>2025-10-17T13:20:05Z</time><speed>1.040</speed><sat>21</sat></trkpt>
  <trkpt lat="33.73808781" lon="-84.42044945"><ele>290.000</ele><time>2025-10-17T13:20:06Z</time><speed>0.160</speed><sat>21</sat></trkpt>
  <trkpt lat="33.73808814" lon="-84.42044609"><ele>290.000</ele><time>2025-10-17T13:20:07Z</time><speed>0.230</speed><sat>21</sat></trkpt>
  <trkpt lat="33.73808588" lon="-84.42044266"><ele>291.000</ele><time>2025-10-17T13:20:08Z</time><speed>0.310</speed><sat>20</sat></trkpt>
  <trkpt lat="33.73808525" lon="-84.42044207"><ele>291.000</ele><time>2025-10-17T13:20:09Z</time><speed>0.000</speed><sat>20</sat></trkpt>
  <trkpt lat="33.73808525" lon="-84.42044207"><ele>291.000</ele><time>2025-10-17T13:20:10Z</time><speed>0.000</speed><sat>17</sat></trkpt>
  <trkpt lat="33.73808525" lon="-84.42044207"><ele>291.000</ele><time>2025-10-17T13:20:11Z</time><speed>0.000</speed><sat>18</sat></trkpt>
  <trkpt lat="33.73808525" lon="-84.42044207"><ele>291.000</ele><time>2025-10-17T13:20:12Z</time><speed>0.000</speed><sat>17</sat></trkpt>
  <trkpt lat="33.73808533" lon="-84.42043905"><ele>291.000</ele><time>2025-10-17T13:20:13Z</time><speed>0.260</speed><sat>18</sat></trkpt>
  <trkpt lat="33.73808575" lon="-84.42043888"><ele>291.000</ele><time>2025-10-17T13:20:14Z</time><speed>0.000</speed><sat>17</sat></trkpt>
  <trkpt lat="33.73808584" lon="-84.42043888"><ele>291.000</ele><time>2025-10-17T13:20:15Z</time><speed>0.000</speed><sat>18</sat></trkpt>
  <trkpt lat="33.73808688" lon="-84.42043679"><ele>290.000</ele><time>2025-10-17T13:20:16Z</time><speed>0.080</speed><sat>18</sat></trkpt>
  <trkpt lat="33.73808969" lon="-84.42043612"><ele>290.000</ele><time>2025-10-17T13:20:17Z</time><speed>0.060</speed><sat>18</sat></trkpt>
  <trkpt lat="33.73808973" lon="-84.42043637"><ele>290.000</ele><time>2025-10-17T13:20:18Z</time><speed>0.000</speed><sat>19</sat></trkpt>
  <trkpt lat="33.73808990" lon="-84.42043696"><ele>289.000</ele><time>2025-10-17T13:20:19Z</time><speed>0.090</speed><sat>19</sat></trkpt>
  <trkpt lat="33.73808688" lon="-84.42043436"><ele>289.000</ele><time>2025-10-17T13:20:20Z</time><speed>0.100</speed><sat>20</sat></trkpt>
  <trkpt lat="33.73808676" lon="-84.42043402"><ele>289.000</ele><time>2025-10-17T13:20:21Z</time><speed>0.000</speed><sat>18</sat></trkpt>
  <trkpt lat="33.73808345" lon="-84.42043033"><ele>290.000</ele><time>2025-10-17T13:20:22Z</time><speed>0.160</speed><sat>18</sat></trkpt>
  <trkpt lat="33.73808500" lon="-84.42042924"><ele>290.000</ele><time>2025-10-17T13:20:23Z</time><speed>0.190</speed><sat>18</sat></trkpt>
  <trkpt lat="33.73809095" lon="-84.42042849"><ele>290.000</ele><time>2025-10-17T13:20:24Z</time><speed>1.190</speed><sat>17</sat></trkpt>
  <trkpt lat="33.73810180" lon="-84.42043193"><ele>290.000</ele><time>2025-10-17T13:20:25Z</time><speed>1.290</speed><sat>14</sat></trkpt>
  <trkpt lat="33.73810721" lon="-84.42045389"><ele>290.000</ele><time>2025-10-17T13:20:26Z</time><speed>3.330</speed><sat>13</sat></trkpt>
  <trkpt lat="33.73811471" lon="-84.42047744"><ele>290.000</ele><time>2025-10-17T13:20:27Z</time><speed>2.170</speed><sat>13</sat></trkpt>
  <trkpt lat="33.73810591" lon="-84.42047057"><ele>290.000</ele><time>2025-10-17T13:20:28Z</time><speed>0.530</speed><sat>13</sat></trkpt>
  <trkpt lat="33.73810189" lon="-84.42044727"><ele>290.000</ele><time>2025-10-17T13:20:29Z</time><speed>0.740</speed><sat>14</sat></trkpt>
  <trkpt lat="33.73809015" lon="-84.42042648"><ele>290.000</ele><time>2025-10-17T13:20:30Z</time><speed>0.290</speed><sat>17</sat></trkpt>
  <trkpt lat="33.73808999" lon="-84.42042564"><ele>290.000</ele><time>2025-10-17T13:20:31Z</time><speed>0.020</speed><sat>17</sat></trkpt>
  <trkpt lat="33.73808542" lon="-84.42042631"><ele>290.000</ele><time>2025-10-17T13:20:32Z</time><speed>0.080</speed><sat>17</sat></trkpt>
  <trkpt lat="33.73808781" lon="-84.42041709"><ele>290.000</ele><time>2025-10-17T13:20:33Z</time><speed>0.550</speed><sat>15</sat></trkpt>
  <trkpt lat="33.73809539" lon="-84.42041759"><ele>290.000</ele><time>2025-10-17T13:20:34Z</time><speed>1.000</speed><sat>17</sat></trkpt>
  <trkpt lat="33.73809590" lon="-84.42041961"><ele>290.000</ele><time>2025-10-17T13:20:35Z</time><speed>0.470</speed><sat>17</sat></trkpt>
  <trkpt lat="33.73809321" lon="-84.42042103"><ele>291.000</ele><time>2025-10-17T13:20:36Z</time><speed>0.810</speed><sat>17</sat></trkpt>
  <trkpt lat="33.73809158" lon="-84.42041692"><ele>290.000</ele><time>2025-10-17T13:20:37Z</time><speed>0.280</speed><sat>15</sat></trkpt>
  <trkpt lat="33.73808198" lon="-84.42038566"><ele>289.000</ele><time>2025-10-17T13:20:38Z</time><speed>0.580</speed><sat>17</sat></trkpt>
  <trkpt lat="33.73807695" lon="-84.42036110"><ele>288.000</ele><time>2025-10-17T13:20:39Z</time><speed>0.160</speed><sat>17</sat></trkpt>
  <trkpt lat="33.73807419" lon="-84.42034434"><ele>287.000</ele><time>2025-10-17T13:20:40Z</time><speed>0.380</speed><sat>17</sat></trkpt>
  <trkpt lat="33.73807502" lon="-84.42032489"><ele>286.000</ele><time>2025-10-17T13:20:41Z</time><speed>0.480</speed><sat>18</sat></trkpt>
  <trkpt lat="33.73807653" lon="-84.42030318"><ele>285.000</ele><time>2025-10-17T13:20:42Z</time><speed>0.360</speed><sat>18</sat></trkpt>
  <trkpt lat="33.73807620" lon="-84.42030209"><ele>285.000</ele><time>2025-10-17T13:20:43Z</time><speed>0.000</speed><sat>19</sat></trkpt>
  <trkpt lat="33.73807628" lon="-84.42030226"><ele>285.000</ele><time>2025-10-17T13:20:44Z</time><speed>0.000</speed><sat>17</sat></trkpt>
  <trkpt lat="33.73807402" lon="-84.42031844"><ele>285.000</ele><time>2025-10-17T13:20:45Z</time><speed>0.150</speed><sat>16</sat></trkpt>
  <trkpt lat="33.73806048" lon="-84.42033604"><ele>286.000</ele><time>2025-10-17T13:20:46Z</time><speed>0.100</speed><sat>16</sat></trkpt>
  <trkpt lat="33.73805621" lon="-84.42034660"><ele>286.000</ele><time>2025-10-17T13:20:47Z</time><speed>0.040</speed><sat>15</sat></trkpt>
  <trkpt lat="33.73804996" lon="-84.42036169"><ele>287.000</ele><time>2025-10-17T13:20:48Z</time><speed>0.040</speed><sat>17</sat></trkpt>
  <trkpt lat="33.73804975" lon="-84.42036898"><ele>288.000</ele><time>2025-10-17T13:20:49Z</time><speed>0.380</speed><sat>18</sat></trkpt>
  <trkpt lat="33.73804393" lon="-84.42037376"><ele>288.000</ele><time>2025-10-17T13:20:50Z</time><speed>1.230</speed><sat>18</sat></trkpt>
  <trkpt lat="33.73803886" lon="-84.42037116"><ele>288.000</ele><time>2025-10-17T13:20:51Z</time><speed>0.800</speed><sat>19</sat></trkpt>
  <trkpt lat="33.73803190" lon="-84.42036236"><ele>288.000</ele><time>2025-10-17T13:20:52Z</time><speed>2.020</speed><sat>18</sat></trkpt>
  <trkpt lat="33.73802863" lon="-84.42034442"><ele>287.000</ele><time>2025-10-17T13:20:53Z</time><speed>1.580</speed><sat>20</sat></trkpt>
  <trkpt lat="33.73802628" lon="-84.42032799"><ele>287.000</ele><time>2025-10-17T13:20:54Z</time><speed>2.370</speed><sat>18</sat></trkpt>
  <trkpt lat="33.73802377" lon="-84.42031081"><ele>288.000</ele><time>2025-10-17T13:20:55Z</time><speed>1.000</speed><sat>19</sat></trkpt>
  <trkpt lat="33.73802834" lon="-84.42030033"><ele>288.000</ele><time>2025-10-17T13:20:56Z</time><speed>1.300</speed><sat>21</sat></trkpt>
  <trkpt lat="33.73803542" lon="-84.42028650"><ele>288.000</ele><time>2025-10-17T13:20:57Z</time><speed>0.820</speed><sat>20</sat></trkpt>
  <trkpt lat="33.73803781" lon="-84.42027116"><ele>289.000</ele><time>2025-10-17T13:20:58Z</time><speed>1.430</speed><sat>21</sat></trkpt>
  <trkpt lat="33.73803907" lon="-84.42025029"><ele>289.000</ele><time>2025-10-17T13:20:59Z</time><speed>1.410</speed><sat>21</sat></trkpt>
  <trkpt lat="33.73804028" lon="-84.42022992"><ele>289.000</ele><time>2025-10-17T13:21:00Z</time><speed>1.440</speed><sat>21</sat></trkpt>
  <trkpt lat="33.73803949" lon="-84.42021408"><ele>289.000</ele><time>2025-10-17T13:21:01Z</time><speed>1.500</speed><sat>20</sat></trkpt>
  <trkpt lat="33.73803676" lon="-84.42019975"><ele>290.000</ele><time>2025-10-17T13:21:02Z</time><speed>2.300</speed><sat>20</sat></trkpt>
  <trkpt lat="33.73802922" lon="-84.42017829"><ele>291.000</ele><time>2025-10-17T13:21:03Z</time><speed>1.380</speed><sat>20</sat></trkpt>
  <trkpt lat="33.73803768" lon="-84.42016798"><ele>291.000</ele><time>2025-10-17T13:21:04Z</time><speed>1.170</speed><sat>20</sat></trkpt>
  <trkpt lat="33.73803555" lon="-84.42015340"><ele>291.000</ele><time>2025-10-17T13:21:05Z</time><speed>1.300</speed><sat>21</sat></trkpt>
  <trkpt lat="33.73803488" lon="-84.42014015"><ele>291.000</ele><time>2025-10-17T13:21:06Z</time><speed>1.290</speed><sat>21</sat></trkpt>
  <trkpt lat="33.73803529" lon="-84.42012942"><ele>291.000</ele><time>2025-10-17T13:21:07Z</time><speed>1.180</speed><sat>20</sat></trkpt>
  <trkpt lat="33.73803584" lon="-84.42011459"><ele>292.000</ele><time>2025-10-17T13:21:08Z</time><speed>1.600</speed><sat>21</sat></trkpt>
  <trkpt lat="33.73803467" lon="-84.42010160"><ele>291.000</ele><time>2025-10-17T13:21:09Z</time><speed>1.280</speed><sat>20</sat></trkpt>
  <trkpt lat="33.73802771" lon="-84.42008978"><ele>292.000</ele><time>2025-10-17T13:21:10Z</time><speed>1.260</speed><sat>20</sat></trkpt>
  <trkpt lat="33.73802423" lon="-84.42008592"><ele>292.000</ele><time>2025-10-17T13:21:11Z</time><speed>1.160</speed><sat>21</sat></trkpt>
  <trkpt lat="33.73802226" lon="-84.42007209"><ele>292.000</ele><time>2025-10-17T13:21:12Z</time><speed>1.190</speed><sat>20</sat></trkpt>
  <trkpt lat="33.73801866" lon="-84.42005751"><ele>292.000</ele><time>2025-10-17T13:21:13Z</time><speed>1.170</speed><sat>20</sat></trkpt>
  <trkpt lat="33.73801706" lon="-84.42003873"><ele>292.000</ele><time>2025-10-17T13:21:14Z</time><speed>1.230</speed><sat>21</sat></trkpt>
  <trkpt lat="33.73801547" lon="-84.42002306"><ele>292.000</ele><time>2025-10-17T13:21:15Z</time><speed>1.240</speed><sat>21</sat></trkpt>
  <trkpt lat="33.73801635" lon="-84.42000495"><ele>292.000</ele><time>2025-10-17T13:21:16Z</time><speed>1.300</speed><sat>21</sat></trkpt>
  <trkpt lat="33.73801606" lon="-84.41998685"><ele>292.000</ele><time>2025-10-17T13:21:17Z</time><speed>1.340</speed><sat>19</sat></trkpt>
  <trkpt lat="33.73801845" lon="-84.41997117"><ele>291.000</ele><time>2025-10-17T13:21:18Z</time><speed>1.070</speed><sat>20</sat></trkpt>
  <trkpt lat="33.73802016" lon="-84.41995969"><ele>292.000</ele><time>2025-10-17T13:21:19Z</time><speed>1.080</speed><sat>20</sat></trkpt>
  <trkpt lat="33.73801945" lon="-84.41994661"><ele>292.000</ele><time>2025-10-17T13:21:20Z</time><speed>1.320</speed><sat>20</sat></trkpt>
  <trkpt lat="33.73801732" lon="-84.41993228"><ele>292.000</ele><time>2025-10-17T13:21:21Z</time><speed>1.350</speed><sat>20</sat></trkpt>
  <trkpt lat="33.73802758" lon="-84.41991870"><ele>293.000</ele><time>2025-10-17T13:21:22Z</time><speed>1.290</speed><sat>21</sat></trkpt>
  <trkpt lat="33.73802729" lon="-84.41990571"><ele>293.000</ele><time>2025-10-17T13:21:23Z</time><speed>1.120</speed><sat>21</sat></trkpt>
  <trkpt lat="33.73802783" lon="-84.41988920"><ele>294.000</ele><time>2025-10-17T13:21:24Z</time><speed>1.040</speed><sat>20</sat></trkpt>
  <trkpt lat="33.73802871" lon="-84.41987495"><ele>295.000</ele><time>2025-10-17T13:21:25Z</time><speed>1.060</speed><sat>20</sat></trkpt>
  <trkpt lat="33.73803152" lon="-84.41986908"><ele>294.000</ele><time>2025-10-17T13:21:26Z</time><speed>0.420</speed><sat>21</sat></trkpt>
  <trkpt lat="33.73803479" lon="-84.41986238"><ele>294.000</ele><time>2025-10-17T13:21:27Z</time><speed>0.640</speed><sat>21</sat></trkpt>
  <trkpt lat="33.73803504" lon="-84.41985223"><ele>294.000</ele><time>2025-10-17T13:21:28Z</time><speed>0.860</speed><sat>21</sat></trkpt>
  <trkpt lat="33.73803429" lon="-84.41983790"><ele>294.000</ele><time>2025-10-17T13:21:29Z</time><speed>1.310</speed><sat>19</sat></trkpt>
  <trkpt lat="33.73803387" lon="-84.41981996"><ele>293.000</ele><time>2025-10-17T13:21:30Z</time><speed>1.570</speed><sat>18</sat></trkpt>
  <trkpt lat="33.73803701" lon="-84.41980312"><ele>294.000</ele><time>2025-10-17T13:21:31Z</time><speed>1.060</speed><sat>21</sat></trkpt>
  <trkpt lat="33.73803944" lon="-84.41978929"><ele>294.000</ele><time>2025-10-17T13:21:32Z</time><speed>1.240</speed><sat>20</sat></trkpt>
  <trkpt lat="33.73803957" lon="-84.41977596"><ele>294.000</ele><time>2025-10-17T13:21:33Z</time><speed>0.990</speed><sat>20</sat></trkpt>
  <trkpt lat="33.73803693" lon="-84.41976179"><ele>294.000</ele><time>2025-10-17T13:21:34Z</time><speed>0.830</speed><sat>20</sat></trkpt>
  <trkpt lat="33.73803684" lon="-84.41974184"><ele>294.000</ele><time>2025-10-17T13:21:35Z</time><speed>1.200</speed><sat>21</sat></trkpt>
  <trkpt lat="33.73803735" lon="-84.41972877"><ele>294.000</ele><time>2025-10-17T13:21:36Z</time><speed>0.850</speed><sat>20</sat></trkpt>
  <trkpt lat="33.73804099" lon="-84.41971729"><ele>295.000</ele><time>2025-10-17T13:21:37Z</time><speed>0.740</speed><sat>20</sat></trkpt>
  <trkpt lat="33.73804187" lon="-84.41970740"><ele>294.000</ele><time>2025-10-17T13:21:38Z</time><speed>0.940</speed><sat>20</sat></trkpt>
  <trkpt lat="33.73804137" lon="-84.41969365"><ele>294.000</ele><time>2025-10-17T13:21:39Z</time><speed>0.690</speed><sat>20</sat></trkpt>
  <trkpt lat="33.73804267" lon="-84.41968183"><ele>294.000</ele><time>2025-10-17T13:21:40Z</time><speed>0.850</speed><sat>20</sat></trkpt>
  <trkpt lat="33.73804552" lon="-84.41966565"><ele>294.000</ele><time>2025-10-17T13:21:41Z</time><speed>1.050</speed><sat>20</sat></trkpt>
  <trkpt lat="33.73805336" lon="-84.41964193"><ele>294.000</ele><time>2025-10-17T13:21:42Z</time><speed>0.920</speed><sat>20</sat></trkpt>
  <trkpt lat="33.73805499" lon="-84.41962190"><ele>294.000</ele><time>2025-10-17T13:21:43Z</time><speed>1.350</speed><sat>21</sat></trkpt>
  <trkpt lat="33.73804979" lon="-84.41960229"><ele>293.000</ele><time>2025-10-17T13:21:44Z</time><speed>1.150</speed><sat>21</sat></trkpt>
  <trkpt lat="33.73804950" lon="-84.41958250"><ele>293.000</ele><time>2025-10-17T13:21:45Z</time><speed>1.180</speed><sat>21</sat></trkpt>
  <trkpt lat="33.73804967" lon="-84.41956415"><ele>293.000</ele><time>2025-10-17T13:21:46Z</time><speed>1.180</speed><sat>21</sat></trkpt>
  <trkpt lat="33.73805005" lon="-84.41954797"><ele>292.000</ele><time>2025-10-17T13:21:47Z</time><speed>1.210</speed><sat>20</sat></trkpt>
  <trkpt lat="33.73804883" lon="-84.41952785"><ele>293.000</ele><time>2025-10-17T13:21:48Z</time><speed>1.880</speed><sat>21</sat></trkpt>
  <trkpt lat="33.73804711" lon="-84.41950422"><ele>293.000</ele><time>2025-10-17T13:21:49Z</time><speed>1.460</speed><sat>21</sat></trkpt>
  <trkpt lat="33.73804581" lon="-84.41948620"><ele>293.000</ele><time>2025-10-17T13:21:50Z</time><speed>1.990</speed><sat>21</sat></trkpt>
  <trkpt lat="33.73804141" lon="-84.41946466"><ele>293.000</ele><time>2025-10-17T13:21:51Z</time><speed>2.260</speed><sat>21</sat></trkpt>
  <trkpt lat="33.73803638" lon="-84.41944219"><ele>294.000</ele><time>2025-10-17T13:21:52Z</time><speed>2.300</speed><sat>20</sat></trkpt>
  <trkpt lat="33.73803131" lon="-84.41943029"><ele>294.000</ele><time>2025-10-17T13:21:53Z</time><speed>1.120</speed><sat>18</sat></trkpt>
  <trkpt lat="33.73802641" lon="-84.41942669"><ele>293.000</ele><time>2025-10-17T13:21:54Z</time><speed>0.810</speed><sat>20</sat></trkpt>
  <trkpt lat="33.73802172" lon="-84.41942400"><ele>292.000</ele><time>2025-10-17T13:21:55Z</time><speed>0.700</speed><sat>20</sat></trkpt>
  <trkpt lat="33.73801949" lon="-84.41941570"><ele>292.000</ele><time>2025-10-17T13:21:56Z</time><speed>0.860</speed><sat>20</sat></trkpt>
  <trkpt lat="33.73802050" lon="-84.41940724"><ele>292.000</ele><time>2025-10-17T13:21:57Z</time><speed>0.810</speed><sat>20</sat></trkpt>
  <trkpt lat="33.73802117" lon="-84.41939592"><ele>291.000</ele><time>2025-10-17T13:21:58Z</time><speed>1.050</speed><sat>20</sat></trkpt>
  <trkpt lat="33.73802138" lon="-84.41937690"><ele>291.000</ele><time>2025-10-17T13:21:59Z</time><speed>1.850</speed><sat>19</sat></trkpt>
  <trkpt lat="33.73801748" lon="-84.41935745"><ele>291.000</ele><time>2025-10-17T13:22:00Z</time><speed>1.540</speed><sat>20</sat></trkpt>
  <trkpt lat="33.73801752" lon="-84.41934211"><ele>291.000</ele><time>2025-10-17T13:22:01Z</time><speed>1.430</speed><sat>19</sat></trkpt>
  <trkpt lat="33.73802042" lon="-84.41932552"><ele>291.000</ele><time>2025-10-17T13:22:02Z</time><speed>1.490</speed><sat>19</sat></trkpt>
  <trkpt lat="33.73802448" lon="-84.41931118"><ele>291.000</ele><time>2025-10-17T13:22:03Z</time><speed>1.310</speed><sat>18</sat></trkpt>
  <trkpt lat="33.73802578" lon="-84.41929660"><ele>291.000</ele><time>2025-10-17T13:22:04Z</time><speed>1.290</speed><sat>18</sat></trkpt>
  <trkpt lat="33.73802838" lon="-84.41928444"><ele>292.000</ele><time>2025-10-17T13:22:05Z</time><speed>1.310</speed><sat>18</sat></trkpt>
  <trkpt lat="33.73803190" lon="-84.41926869"><ele>292.000</ele><time>2025-10-17T13:22:06Z</time><speed>1.390</speed><sat>18</sat></trkpt>
  <trkpt lat="33.73802913" lon="-84.41925511"><ele>291.000</ele><time>2025-10-17T13:22:07Z</time><speed>1.120</speed><sat>17</sat></trkpt>
  <trkpt lat="33.73802603" lon="-84.41924270"><ele>291.000</ele><time>2025-10-17T13:22:08Z</time><speed>1.060</speed><sat>19</sat></trkpt>
  <trkpt lat="33.73802746" lon="-84.41922921"><ele>292.000</ele><time>2025-10-17T13:22:09Z</time><speed>1.150</speed><sat>19</sat></trkpt>
  <trkpt lat="33.73802867" lon="-84.41921420"><ele>292.000</ele><time>2025-10-17T13:22:10Z</time><speed>1.310</speed><sat>19</sat></trkpt>
  <trkpt lat="33.73803027" lon="-84.41919870"><ele>292.000</ele><time>2025-10-17T13:22:11Z</time><speed>1.260</speed><sat>18</sat></trkpt>
  <trkpt lat="33.73803232" lon="-84.41918319"><ele>292.000</ele><time>2025-10-17T13:22:12Z</time><speed>1.330</speed><sat>19</sat></trkpt>
  <trkpt lat="33.73803525" lon="-84.41916685"><ele>292.000</ele><time>2025-10-17T13:22:13Z</time><speed>1.270</speed><sat>19</sat></trkpt>
  <trkpt lat="33.73803580" lon="-84.41914748"><ele>292.000</ele><time>2025-10-17T13:22:14Z</time><speed>1.230</speed><sat>20</sat></trkpt>
  <trkpt lat="33.73803659" lon="-84.41913290"><ele>292.000</ele><time>2025-10-17T13:22:15Z</time><speed>1.240</speed><sat>19</sat></trkpt>
  <trkpt lat="33.73803638" lon="-84.41912091"><ele>292.000</ele><time>2025-10-17T13:22:16Z</time><speed>1.130</speed><sat>19</sat></trkpt>
  <trkpt lat="33.73803626" lon="-84.41910557"><ele>293.000</ele><time>2025-10-17T13:22:17Z</time><speed>1.240</speed><sat>20</sat></trkpt>
  <trkpt lat="33.73803479" lon="-84.41909032"><ele>293.000</ele><time>2025-10-17T13:22:18Z</time><speed>1.210</speed><sat>18</sat></trkpt>
  <trkpt lat="33.73803291" lon="-84.41907498"><ele>293.000</ele><time>2025-10-17T13:22:19Z</time><speed>1.220</speed><sat>19</sat></trkpt>
  <trkpt lat="33.73803077" lon="-84.41906098"><ele>293.000</ele><time>2025-10-17T13:22:20Z</time><speed>1.400</speed><sat>19</sat></trkpt>
  <trkpt lat="33.73803177" lon="-84.41904522"><ele>293.000</ele><time>2025-10-17T13:22:21Z</time><speed>1.510</speed><sat>19</sat></trkpt>
  <trkpt lat="33.73803064" lon="-84.41902838"><ele>293.000</ele><time>2025-10-17T13:22:22Z</time><speed>1.320</speed><sat>18</sat></trkpt>
  <trkpt lat="33.73802796" lon="-84.41901212"><ele>293.000</ele><time>2025-10-17T13:22:23Z</time><speed>1.480</speed><sat>20</sat></trkpt>
  <trkpt lat="33.73802859" lon="-84.41899502"><ele>293.000</ele><time>2025-10-17T13:22:24Z</time><speed>1.090</speed><sat>21</sat></trkpt>
  <trkpt lat="33.73803010" lon="-84.41897356"><ele>293.000</ele><time>2025-10-17T13:22:25Z</time><speed>1.870</speed><sat>21</sat></trkpt>
  <trkpt lat="33.73803190" lon="-84.41895260"><ele>293.000</ele><time>2025-10-17T13:22:26Z</time><speed>2.310</speed><sat>16</sat></trkpt>
  <trkpt lat="33.73803504" lon="-84.41893911"><ele>294.000</ele><time>2025-10-17T13:22:27Z</time><speed>0.810</speed><sat>17</sat></trkpt>
  <trkpt lat="33.73803538" lon="-84.41892905"><ele>294.000</ele><time>2025-10-17T13:22:28Z</time><speed>0.870</speed><sat>17</sat></trkpt>
  <trkpt lat="33.73803173" lon="-84.41892260"><ele>294.000</ele><time>2025-10-17T13:22:29Z</time><speed>0.590</speed><sat>19</sat></trkpt>
  <trkpt lat="33.73802855" lon="-84.41891321"><ele>293.000</ele><time>2025-10-17T13:22:30Z</time><speed>0.810</speed><sat>20</sat></trkpt>
  <trkpt lat="33.73802586" lon="-84.41889963"><ele>293.000</ele><time>2025-10-17T13:22:31Z</time><speed>0.860</speed><sat>18</sat></trkpt>
  <trkpt lat="33.73802666" lon="-84.41888421"><ele>294.000</ele><time>2025-10-17T13:22:32Z</time><speed>0.990</speed><sat>18</sat></trkpt>
  <trkpt lat="33.73802742" lon="-84.41886351"><ele>294.000</ele><time>2025-10-17T13:22:33Z</time><speed>1.610</speed><sat>18</sat></trkpt>
  <trkpt lat="33.73802871" lon="-84.41884222"><ele>294.000</ele><time>2025-10-17T13:22:34Z</time><speed>1.480</speed><sat>19</sat></trkpt>
  <trkpt lat="33.73803219" lon="-84.41882654"><ele>294.000</ele><time>2025-10-17T13:22:35Z</time><speed>1.260</speed><sat>21</sat></trkpt>
  <trkpt lat="33.73803932" lon="-84.41880969"><ele>294.000</ele><time>2025-10-17T13:22:36Z</time><speed>1.390</speed><sat>20</sat></trkpt>
  <trkpt lat="33.73804175" lon="-84.41879578"><ele>294.000</ele><time>2025-10-17T13:22:37Z</time><speed>0.990</speed><sat>20</sat></trkpt>
  <trkpt lat="33.73804200" lon="-84.41878128"><ele>294.000</ele><time>2025-10-17T13:22:38Z</time><speed>1.360</speed><sat>20</sat></trkpt>
  <trkpt lat="33.73804447" lon="-84.41876217"><ele>294.000</ele><time>2025-10-17T13:22:39Z</time><speed>1.710</speed><sat>20</sat></trkpt>
  <trkpt lat="33.73804665" lon="-84.41874297"><ele>294.000</ele><time>2025-10-17T13:22:40Z</time><speed>1.310</speed><sat>20</sat></trkpt>
  <trkpt lat="33.73804728" lon="-84.41872923"><ele>294.000</ele><time>2025-10-17T13:22:41Z</time><speed>0.910</speed><sat>21</sat></trkpt>
  <trkpt lat="33.73804720" lon="-84.41871758"><ele>294.000</ele><time>2025-10-17T13:22:42Z</time><speed>1.020</speed><sat>20</sat></trkpt>
  <trkpt lat="33.73804896" lon="-84.41870148"><ele>294.000</ele><time>2025-10-17T13:22:43Z</time><speed>1.420</speed><sat>21</sat></trkpt>
  <trkpt lat="33.73804749" lon="-84.41868505"><ele>294.000</ele><time>2025-10-17T13:22:44Z</time><speed>1.380</speed><sat>20</sat></trkpt>
  <trkpt lat="33.73804401" lon="-84.41867005"><ele>294.000</ele><time>2025-10-17T13:22:45Z</time><speed>1.140</speed><sat>19</sat></trkpt>
  <trkpt lat="33.73804301" lon="-84.41865463"><ele>294.000</ele><time>2025-10-17T13:22:46Z</time><speed>1.270</speed><sat>20</sat></trkpt>
  <trkpt lat="33.73803974" lon="-84.41863786"><ele>294.000</ele><time>2025-10-17T13:22:47Z</time><speed>1.460</speed><sat>20</sat></trkpt>
  <trkpt lat="33.73803852" lon="-84.41862093"><ele>294.000</ele><time>2025-10-17T13:22:48Z</time><speed>1.530</speed><sat>20</sat></trkpt>
  <trkpt lat="33.73804074" lon="-84.41860668"><ele>294.000</ele><time>2025-10-17T13:22:49Z</time><speed>1.100</speed><sat>20</sat></trkpt>
  <trkpt lat="33.73804234" lon="-84.41859143"><ele>294.000</ele><time>2025-10-17T13:22:50Z</time><speed>1.370</speed><sat>19</sat></trkpt>
  <trkpt lat="33.73804686" lon="-84.41857525"><ele>294.000</ele><time>2025-10-17T13:22:51Z</time><speed>1.170</speed><sat>20</sat></trkpt>
  <trkpt lat="33.73804539" lon="-84.41856285"><ele>294.000</ele><time>2025-10-17T13:22:52Z</time><speed>1.100</speed><sat>19</sat></trkpt>
  <trkpt lat="33.73804099" lon="-84.41854650"><ele>294.000</ele><time>2025-10-17T13:22:53Z</time><speed>1.200</speed><sat>19</sat></trkpt>
  <trkpt lat="33.73804053" lon="-84.41852965"><ele>293.000</ele><time>2025-10-17T13:22:54Z</time><speed>1.720</speed><sat>20</sat></trkpt>
  <trkpt lat="33.73804447" lon="-84.41851105"><ele>293.000</ele><time>2025-10-17T13:22:55Z</time><speed>1.700</speed><sat>18</sat></trkpt>
  <trkpt lat="33.73804192" lon="-84.41849034"><ele>294.000</ele><time>2025-10-17T13:22:56Z</time><speed>1.680</speed><sat>18</sat></trkpt>
  <trkpt lat="33.73804422" lon="-84.41848146"><ele>290.000</ele><time>2025-10-17T13:22:57Z</time><speed>0.690</speed><sat>17</sat></trkpt>
  <trkpt lat="33.73804187" lon="-84.41847743"><ele>288.000</ele><time>2025-10-17T13:22:58Z</time><speed>0.580</speed><sat>19</sat></trkpt>
  <trkpt lat="33.73803898" lon="-84.41846235"><ele>287.000</ele><time>2025-10-17T13:22:59Z</time><speed>0.720</speed><sat>20</sat></trkpt>
  <trkpt lat="33.73803743" lon="-84.41844550"><ele>286.000</ele><time>2025-10-17T13:23:00Z</time><speed>1.530</speed><sat>20</sat></trkpt>
  <trkpt lat="33.73803680" lon="-84.41842597"><ele>286.000</ele><time>2025-10-17T13:23:01Z</time><speed>1.690</speed><sat>19</sat></trkpt>
  <trkpt lat="33.73803802" lon="-84.41840594"><ele>286.000</ele><time>2025-10-17T13:23:02Z</time><speed>1.280</speed><sat>20</sat></trkpt>
  <trkpt lat="33.73803726" lon="-84.41839035"><ele>286.000</ele><time>2025-10-17T13:23:03Z</time><speed>1.220</speed><sat>20</sat></trkpt>
  <trkpt lat="33.73803588" lon="-84.41837987"><ele>286.000</ele><time>2025-10-17T13:23:04Z</time><speed>1.110</speed><sat>21</sat></trkpt>
  <trkpt lat="33.73803110" lon="-84.41836713"><ele>286.000</ele><time>2025-10-17T13:23:05Z</time><speed>1.250</speed><sat>20</sat></trkpt>
  <trkpt lat="33.73802721" lon="-84.41835078"><ele>286.000</ele><time>2025-10-17T13:23:06Z</time><speed>1.330</speed><sat>20</sat></trkpt>
  <trkpt lat="33.73802532" lon="-84.41833100"><ele>287.000</ele><time>2025-10-17T13:23:07Z</time><speed>1.570</speed><sat>20</sat></trkpt>
  <trkpt lat="33.73802771" lon="-84.41831374"><ele>287.000</ele><time>2025-10-17T13:23:08Z</time><speed>1.530</speed><sat>20</sat></trkpt>
  <trkpt lat="33.73803207" lon="-84.41829513"><ele>287.000</ele><time>2025-10-17T13:23:09Z</time><speed>1.620</speed><sat>20</sat></trkpt>
  <trkpt lat="33.73803609" lon="-84.41827828"><ele>287.000</ele><time>2025-10-17T13:23:10Z</time><speed>1.260</speed><sat>20</sat></trkpt>
  <trkpt lat="33.73804095" lon="-84.41826370"><ele>287.000</ele><time>2025-10-17T13:23:11Z</time><speed>1.350</speed><sat>19</sat></trkpt>
  <trkpt lat="33.73804183" lon="-84.41825154"><ele>287.000</ele><time>2025-10-17T13:23:12Z</time><speed>0.940</speed><sat>20</sat></trkpt>
  <trkpt lat="33.73804171" lon="-84.41823880"><ele>287.000</ele><time>2025-10-17T13:23:13Z</time><speed>1.260</speed><sat>20</sat></trkpt>
  <trkpt lat="33.73804456" lon="-84.41822229"><ele>288.000</ele><time>2025-10-17T13:23:14Z</time><speed>1.270</speed><sat>20</sat></trkpt>
  <trkpt lat="33.73804699" lon="-84.41820670"><ele>288.000</ele><time>2025-10-17T13:23:15Z</time><speed>1.200</speed><sat>21</sat></trkpt>
  <trkpt lat="33.73805235" lon="-84.41818633"><ele>288.000</ele><time>2025-10-17T13:23:16Z</time><speed>1.830</speed><sat>21</sat></trkpt>
  <trkpt lat="33.73805340" lon="-84.41816512"><ele>288.000</ele><time>2025-10-17T13:23:17Z</time><speed>1.460</speed><sat>21</sat></trkpt>
  <trkpt lat="33.73805562" lon="-84.41815155"><ele>288.000</ele><time>2025-10-17T13:23:18Z</time><speed>0.840</speed><sat>18</sat></trkpt>
  <trkpt lat="33.73805340" lon="-84.41813780"><ele>288.000</ele><time>2025-10-17T13:23:19Z</time><speed>1.320</speed><sat>18</sat></trkpt>
  <trkpt lat="33.73805361" lon="-84.41812146"><ele>288.000</ele><time>2025-10-17T13:23:20Z</time><speed>1.100</speed><sat>16</sat></trkpt>
  <trkpt lat="33.73805290" lon="-84.41810352"><ele>288.000</ele><time>2025-10-17T13:23:21Z</time><speed>1.270</speed><sat>21</sat></trkpt>
  <trkpt lat="33.73805705" lon="-84.41808424"><ele>289.000</ele><time>2025-10-17T13:23:22Z</time><speed>1.510</speed><sat>21</sat></trkpt>
  <trkpt lat="33.73805491" lon="-84.41806714"><ele>289.000</ele><time>2025-10-17T13:23:23Z</time><speed>1.370</speed><sat>17</sat></trkpt>
  <trkpt lat="33.73805281" lon="-84.41804686"><ele>289.000</ele><time>2025-10-17T13:23:24Z</time><speed>1.740</speed><sat>20</sat></trkpt>
  <trkpt lat="33.73805407" lon="-84.41802867"><ele>289.000</ele><time>2025-10-17T13:23:25Z</time><speed>1.640</speed><sat>21</sat></trkpt>
  <trkpt lat="33.73806027" lon="-84.41801040"><ele>291.000</ele><time>2025-10-17T13:23:26Z</time><speed>1.880</speed><sat>20</sat></trkpt>
  <trkpt lat="33.73806706" lon="-84.41799791"><ele>291.000</ele><time>2025-10-17T13:23:27Z</time><speed>1.300</speed><sat>17</sat></trkpt>
  <trkpt lat="33.73807037" lon="-84.41798575"><ele>291.000</ele><time>2025-10-17T13:23:28Z</time><speed>1.090</speed><sat>20</sat></trkpt>
  <trkpt lat="33.73807486" lon="-84.41797611"><ele>292.000</ele><time>2025-10-17T13:23:29Z</time><speed>1.070</speed><sat>19</sat></trkpt>
  <trkpt lat="33.73807490" lon="-84.41796036"><ele>291.000</ele><time>2025-10-17T13:23:30Z</time><speed>1.100</speed><sat>17</sat></trkpt>
  <trkpt lat="33.73807435" lon="-84.41794560"><ele>291.000</ele><time>2025-10-17T13:23:31Z</time><speed>1.520</speed><sat>18</sat></trkpt>
  <trkpt lat="33.73807377" lon="-84.41793127"><ele>291.000</ele><time>2025-10-17T13:23:32Z</time><speed>1.090</speed><sat>18</sat></trkpt>
  <trkpt lat="33.73807184" lon="-84.41792138"><ele>291.000</ele><time>2025-10-17T13:23:33Z</time><speed>0.680</speed><sat>17</sat></trkpt>
  <trkpt lat="33.73806777" lon="-84.41790864"><ele>292.000</ele><time>2025-10-17T13:23:34Z</time><speed>1.020</speed><sat>17</sat></trkpt>
  <trkpt lat="33.73806790" lon="-84.41789598"><ele>291.000</ele><time>2025-10-17T13:23:35Z</time><speed>1.070</speed><sat>17</sat></trkpt>
  <trkpt lat="33.73806891" lon="-84.41787913"><ele>291.000</ele><time>2025-10-17T13:23:36Z</time><speed>1.310</speed><sat>15</sat></trkpt>
  <trkpt lat="33.73807234" lon="-84.41787067"><ele>292.000</ele><time>2025-10-17T13:23:37Z</time><speed>0.530</speed><sat>16</sat></trkpt>
  <trkpt lat="33.73807892" lon="-84.41786581"><ele>292.000</ele><time>2025-10-17T13:23:38Z</time><speed>0.840</speed><sat>17</sat></trkpt>
  <trkpt lat="33.73808638" lon="-84.41785650"><ele>292.000</ele><time>2025-10-17T13:23:39Z</time><speed>0.420</speed><sat>18</sat></trkpt>
  <trkpt lat="33.73808793" lon="-84.41785030"><ele>292.000</ele><time>2025-10-17T13:23:40Z</time><speed>0.230</speed><sat>18</sat></trkpt>
  <trkpt lat="33.73808420" lon="-84.41784812"><ele>292.000</ele><time>2025-10-17T13:23:41Z</time><speed>0.090</speed><sat>17</sat></trkpt>
  <trkpt lat="33.73808429" lon="-84.41784829"><ele>292.000</ele><time>2025-10-17T13:23:42Z</time><speed>0.000</speed><sat>17</sat></trkpt>
  <trkpt lat="33.73808751" lon="-84.41784510"><ele>292.000</ele><time>2025-10-17T13:23:43Z</time><speed>0.000</speed><sat>17</sat></trkpt>
  <trkpt lat="33.73808751" lon="-84.41784510"><ele>292.000</ele><time>2025-10-17T13:23:44Z</time><speed>0.000</speed><sat>17</sat></trkpt>
  <trkpt lat="33.73809196" lon="-84.41784821"><ele>292.000</ele><time>2025-10-17T13:23:45Z</time><speed>0.280</speed><sat>17</sat></trkpt>
  <trkpt lat="33.73809200" lon="-84.41784846"><ele>293.000</ele><time>2025-10-17T13:23:46Z</time><speed>0.090</speed><sat>17</sat></trkpt>
  <trkpt lat="33.73809217" lon="-84.41784846"><ele>292.000</ele><time>2025-10-17T13:23:47Z</time><speed>0.000</speed><sat>16</sat></trkpt>
  <trkpt lat="33.73809217" lon="-84.41784837"><ele>292.000</ele><time>2025-10-17T13:23:48Z</time><speed>0.000</speed><sat>13</sat></trkpt>
  <trkpt lat="33.73809217" lon="-84.41784837"><ele>292.000</ele><time>2025-10-17T13:23:49Z</time><speed>0.000</speed><sat>13</sat></trkpt>
  <trkpt lat="33.73809087" lon="-84.41784821"><ele>293.000</ele><time>2025-10-17T13:23:50Z</time><speed>0.240</speed><sat>13</sat></trkpt>
  <trkpt lat="33.73809179" lon="-84.41785047"><ele>293.000</ele><time>2025-10-17T13:23:51Z</time><speed>0.160</speed><sat>12</sat></trkpt>
  <trkpt lat="33.73809217" lon="-84.41784896"><ele>292.000</ele><time>2025-10-17T13:23:52Z</time><speed>0.170</speed><sat>16</sat></trkpt>
  <trkpt lat="33.73809070" lon="-84.41784636"><ele>292.000</ele><time>2025-10-17T13:23:53Z</time><speed>0.040</speed><sat>16</sat></trkpt>
  <trkpt lat="33.73809074" lon="-84.41784628"><ele>292.000</ele><time>2025-10-17T13:23:54Z</time><speed>0.000</speed><sat>16</sat></trkpt>
  <trkpt lat="33.73809070" lon="-84.41784619"><ele>292.000</ele><time>2025-10-17T13:23:55Z</time><speed>0.000</speed><sat>16</sat></trkpt>
  <trkpt lat="33.73809070" lon="-84.41784628"><ele>292.000</ele><time>2025-10-17T13:23:56Z</time><speed>0.000</speed><sat>16</sat></trkpt>
  <trkpt lat="33.73809116" lon="-84.41784376"><ele>292.000</ele><time>2025-10-17T13:23:57Z</time><speed>0.210</speed><sat>15</sat></trkpt>
  <trkpt lat="33.73809476" lon="-84.41784200"><ele>292.000</ele><time>2025-10-17T13:23:58Z</time><speed>0.580</speed><sat>14</sat></trkpt>
  <trkpt lat="33.73810067" lon="-84.41785466"><ele>289.000</ele><time>2025-10-17T13:23:59Z</time><speed>3.570</speed><sat>14</sat></trkpt>
  <trkpt lat="33.73810252" lon="-84.41785667"><ele>288.000</ele><time>2025-10-17T13:24:00Z</time><speed>0.340</speed><sat>13</sat></trkpt>
  <trkpt lat="33.73810038" lon="-84.41784812"><ele>288.000</ele><time>2025-10-17T13:24:01Z</time><speed>0.090</speed><sat>14</sat></trkpt>
  <trkpt lat="33.73810201" lon="-84.41784007"><ele>288.000</ele><time>2025-10-17T13:24:02Z</time><speed>0.220</speed><sat>15</sat></trkpt>
  <trkpt lat="33.73809895" lon="-84.41784049"><ele>289.000</ele><time>2025-10-17T13:24:03Z</time><speed>0.110</speed><sat>15</sat></trkpt>
  <trkpt lat="33.73809644" lon="-84.41783999"><ele>288.000</ele><time>2025-10-17T13:24:04Z</time><speed>0.240</speed><sat>15</sat></trkpt>
  <trkpt lat="33.73809610" lon="-84.41784083"><ele>289.000</ele><time>2025-10-17T13:24:05Z</time><speed>0.090</speed><sat>11</sat></trkpt>
  <trkpt lat="33.73809728" lon="-84.41784133"><ele>289.000</ele><time>2025-10-17T13:24:06Z</time><speed>0.130</speed><sat>11</sat></trkpt>
  <trkpt lat="33.73809472" lon="-84.41783756"><ele>289.000</ele><time>2025-10-17T13:24:07Z</time><speed>0.070</speed><sat>12</sat></trkpt>
  <trkpt lat="33.73809196" lon="-84.41783454"><ele>289.000</ele><time>2025-10-17T13:24:08Z</time><speed>0.310</speed><sat>12</sat></trkpt>
  <trkpt lat="33.73809208" lon="-84.41783546"><ele>289.000</ele><time>2025-10-17T13:24:09Z</time><speed>0.000</speed><sat>12</sat></trkpt>
  <trkpt lat="33.73809414" lon="-84.41783597"><ele>289.000</ele><time>2025-10-17T13:24:10Z</time><speed>0.040</speed><sat>12</sat></trkpt>
  <trkpt lat="33.73809355" lon="-84.41783949"><ele>289.000</ele><time>2025-10-17T13:24:11Z</time><speed>0.100</speed><sat>11</sat></trkpt>
  <trkpt lat="33.73809351" lon="-84.41783940"><ele>289.000</ele><time>2025-10-17T13:24:12Z</time><speed>0.000</speed><sat>11</sat></trkpt>
  <trkpt lat="33.73809372" lon="-84.41784100"><ele>289.000</ele><time>2025-10-17T13:24:13Z</time><speed>0.060</speed><sat>12</sat></trkpt>
  <trkpt lat="33.73809636" lon="-84.41784326"><ele>289.000</ele><time>2025-10-17T13:24:14Z</time><speed>0.070</speed><sat>11</sat></trkpt>
  <trkpt lat="33.73809481" lon="-84.41784544"><ele>290.000</ele><time>2025-10-17T13:24:15Z</time><speed>0.110</speed><sat>11</sat></trkpt>
  <trkpt lat="33.73809472" lon="-84.41784502"><ele>290.000</ele><time>2025-10-17T13:24:16Z</time><speed>0.710</speed><sat>11</sat></trkpt>
  <trkpt lat="33.73809548" lon="-84.41784552"><ele>290.000</ele><time>2025-10-17T13:24:17Z</time><speed>0.010</speed><sat>11</sat></trkpt>
  <trkpt lat="33.73809908" lon="-84.41785139"><ele>290.000</ele><time>2025-10-17T13:24:18Z</time><speed>0.590</speed><sat>11</sat></trkpt>
  <trkpt lat="33.73809942" lon="-84.41784921"><ele>289.000</ele><time>2025-10-17T13:24:19Z</time><speed>0.160</speed><sat>11</sat></trkpt>
  <trkpt lat="33.73809979" lon="-84.41784938"><ele>289.000</ele><time>2025-10-17T13:24:20Z</time><speed>0.000</speed><sat>11</sat></trkpt>
  <trkpt lat="33.73810017" lon="-84.41784879"><ele>290.000</ele><time>2025-10-17T13:24:21Z</time><speed>0.090</speed><sat>13</sat></trkpt>
  <trkpt lat="33.73809870" lon="-84.41784703"><ele>290.000</ele><time>2025-10-17T13:24:22Z</time><speed>0.070</speed><sat>13</sat></trkpt>
  <trkpt lat="33.73809858" lon="-84.41784594"><ele>290.000</ele><time>2025-10-17T13:24:23Z</time><speed>0.220</speed><sat>14</sat></trkpt>
  <trkpt lat="33.73809958" lon="-84.41784577"><ele>290.000</ele><time>2025-10-17T13:24:24Z</time><speed>0.070</speed><sat>14</sat></trkpt>
  <trkpt lat="33.73809975" lon="-84.41784577"><ele>290.000</ele><time>2025-10-17T13:24:25Z</time><speed>0.000</speed><sat>14</sat></trkpt>
  <trkpt lat="33.73809979" lon="-84.41784586"><ele>290.000</ele><time>2025-10-17T13:24:26Z</time><speed>0.000</speed><sat>13</sat></trkpt>
  <trkpt lat="33.73809661" lon="-84.41784611"><ele>290.000</ele><time>2025-10-17T13:24:27Z</time><speed>0.090</speed><sat>14</sat></trkpt>
  <trkpt lat="33.73809694" lon="-84.41784670"><ele>290.000</ele><time>2025-10-17T13:24:28Z</time><speed>0.610</speed><sat>15</sat></trkpt>
  <trkpt lat="33.73807993" lon="-84.41784888"><ele>291.000</ele><time>2025-10-17T13:24:29Z</time><speed>2.570</speed><sat>15</sat></trkpt>
  <trkpt lat="33.73806262" lon="-84.41784611"><ele>291.000</ele><time>2025-10-17T13:24:30Z</time><speed>1.880</speed><sat>13</sat></trkpt>
  <trkpt lat="33.73806480" lon="-84.41784100"><ele>292.000</ele><time>2025-10-17T13:24:31Z</time><speed>0.660</speed><sat>15</sat></trkpt>
  <trkpt lat="33.73807989" lon="-84.41785055"><ele>292.000</ele><time>2025-10-17T13:24:32Z</time><speed>0.240</speed><sat>15</sat></trkpt>
  <trkpt lat="33.73808865" lon="-84.41785307"><ele>292.000</ele><time>2025-10-17T13:24:33Z</time><speed>0.540</speed><sat>16</sat></trkpt>
  <trkpt lat="33.73809665" lon="-84.41785072"><ele>292.000</ele><time>2025-10-17T13:24:34Z</time><speed>1.180</speed><sat>16</sat></trkpt>
  <trkpt lat="33.73810859" lon="-84.41784703"><ele>292.000</ele><time>2025-10-17T13:24:35Z</time><speed>1.720</speed><sat>16</sat></trkpt>
  <trkpt lat="33.73812033" lon="-84.41784318"><ele>292.000</ele><time>2025-10-17T13:24:36Z</time><speed>1.400</speed><sat>13</sat></trkpt>
  <trkpt lat="33.73813655" lon="-84.41783211"><ele>292.000</ele><time>2025-10-17T13:24:37Z</time><speed>3.500</speed><sat>12</sat></trkpt>
  <trkpt lat="33.73815268" lon="-84.41782557"><ele>292.000</ele><time>2025-10-17T13:24:38Z</time><speed>1.720</speed><sat>10</sat></trkpt>
  <trkpt lat="33.73814723" lon="-84.41783463"><ele>292.000</ele><time>2025-10-17T13:24:39Z</time><speed>0.400</speed><sat>10</sat></trkpt>
  <trkpt lat="33.73812695" lon="-84.41784980"><ele>291.000</ele><time>2025-10-17T13:24:40Z</time><speed>2.790</speed><sat>9</sat></trkpt>
  <trkpt lat="33.73812133" lon="-84.41785399"><ele>291.000</ele><time>2025-10-17T13:24:41Z</time><speed>0.320</speed><sat>9</sat></trkpt>
  <trkpt lat="33.73811052" lon="-84.41785977"><ele>291.000</ele><time>2025-10-17T13:24:42Z</time><speed>0.280</speed><sat>9</sat></trkpt>
  <trkpt lat="33.73810457" lon="-84.41787193"><ele>291.000</ele><time>2025-10-17T13:24:43Z</time><speed>1.680</speed><sat>9</sat></trkpt>
  <trkpt lat="33.73810122" lon="-84.41787997"><ele>291.000</ele><time>2025-10-17T13:24:44Z</time><speed>0.720</speed><sat>9</sat></trkpt>
  <trkpt lat="33.73809954" lon="-84.41787327"><ele>291.000</ele><time>2025-10-17T13:24:45Z</time><speed>0.220</speed><sat>6</sat></trkpt>
  <trkpt lat="33.73809849" lon="-84.41786572"><ele>291.000</ele><time>2025-10-17T13:24:46Z</time><speed>0.630</speed><sat>6</sat></trkpt>
  <trkpt lat="33.73809518" lon="-84.41785684"><ele>291.000</ele><time>2025-10-17T13:24:47Z</time><speed>0.830</speed><sat>6</sat></trkpt>
  <trkpt lat="33.73809141" lon="-84.41784879"><ele>291.000</ele><time>2025-10-17T13:24:48Z</time><speed>0.980</speed><sat>8</sat></trkpt>
  <trkpt lat="33.73809598" lon="-84.41784611"><ele>291.000</ele><time>2025-10-17T13:24:49Z</time><speed>0.530</speed><sat>9</sat></trkpt>
  <trkpt lat="33.73809300" lon="-84.41784066"><ele>291.000</ele><time>2025-10-17T13:24:50Z</time><speed>0.570</speed><sat>9</sat></trkpt>
  <trkpt lat="33.73809380" lon="-84.41784058"><ele>292.000</ele><time>2025-10-17T13:24:51Z</time><speed>0.330</speed><sat>8</sat></trkpt>
  <trkpt lat="33.73809485" lon="-84.41784083"><ele>291.000</ele><time>2025-10-17T13:24:52Z</time><speed>0.000</speed><sat>9</sat></trkpt>
  <trkpt lat="33.73809057" lon="-84.41784209"><ele>291.000</ele><time>2025-10-17T13:24:53Z</time><speed>0.230</speed><sat>9</sat></trkpt>
  <trkpt lat="33.73810277" lon="-84.41784888"><ele>291.000</ele><time>2025-10-17T13:24:54Z</time><speed>0.060</speed><sat>9</sat></trkpt>
  <trkpt lat="33.73811220" lon="-84.41784502"><ele>292.000</ele><time>2025-10-17T13:24:55Z</time><speed>1.200</speed><sat>9</sat></trkpt>
  <trkpt lat="33.73812263" lon="-84.41785080"><ele>292.000</ele><time>2025-10-17T13:24:56Z</time><speed>1.940</speed><sat>10</sat></trkpt>
  <trkpt lat="33.73813458" lon="-84.41786564"><ele>292.000</ele><time>2025-10-17T13:24:57Z</time><speed>2.320</speed><sat>10</sat></trkpt>
  <trkpt lat="33.73814573" lon="-84.41788903"><ele>292.000</ele><time>2025-10-17T13:24:58Z</time><speed>2.530</speed><sat>10</sat></trkpt>
  <trkpt lat="33.73814673" lon="-84.41791375"><ele>291.000</ele><time>2025-10-17T13:24:59Z</time><speed>2.570</speed><sat>10</sat></trkpt>
  <trkpt lat="33.73814887" lon="-84.41793269"><ele>290.000</ele><time>2025-10-17T13:25:00Z</time><speed>3.300</speed><sat>8</sat></trkpt>
  <trkpt lat="33.73817062" lon="-84.41795382"><ele>290.000</ele><time>2025-10-17T13:25:01Z</time><speed>4.280</speed><sat>9</sat></trkpt>
  <trkpt lat="33.73817883" lon="-84.41796639"><ele>290.000</ele><time>2025-10-17T13:25:02Z</time><speed>3.220</speed><sat>10</sat></trkpt>
  <trkpt lat="33.73817997" lon="-84.41797544"><ele>290.000</ele><time>2025-10-17T13:25:03Z</time><speed>1.560</speed><sat>9</sat></trkpt>
  <trkpt lat="33.73812825" lon="-84.41796882"><ele>290.000</ele><time>2025-10-17T13:25:04Z</time><speed>1.060</speed><sat>9</sat></trkpt>
  <trkpt lat="33.73811547" lon="-84.41796572"><ele>289.000</ele><time>2025-10-17T13:25:05Z</time><speed>1.030</speed><sat>10</sat></trkpt>
  <trkpt lat="33.73810926" lon="-84.41796111"><ele>289.000</ele><time>2025-10-17T13:25:06Z</time><speed>0.890</speed><sat>10</sat></trkpt>
  <trkpt lat="33.73810570" lon="-84.41796002"><ele>289.000</ele><time>2025-10-17T13:25:07Z</time><speed>0.160</speed><sat>10</sat></trkpt>
  <trkpt lat="33.73810457" lon="-84.41794912"><ele>289.000</ele><time>2025-10-17T13:25:08Z</time><speed>0.340</speed><sat>10</sat></trkpt>
  <trkpt lat="33.73810470" lon="-84.41792691"><ele>288.000</ele><time>2025-10-17T13:25:09Z</time><speed>0.190</speed><sat>8</sat></trkpt>
  <trkpt lat="33.73810478" lon="-84.41791493"><ele>288.000</ele><time>2025-10-17T13:25:10Z</time><speed>0.480</speed><sat>7</sat></trkpt>
  <trkpt lat="33.73810683" lon="-84.41789506"><ele>289.000</ele><time>2025-10-17T13:25:11Z</time><speed>0.410</speed><sat>8</sat></trkpt>
  <trkpt lat="33.73810524" lon="-84.41788425"><ele>289.000</ele><time>2025-10-17T13:25:12Z</time><speed>0.460</speed><sat>7</sat></trkpt>
  <trkpt lat="33.73810432" lon="-84.41787310"><ele>289.000</ele><time>2025-10-17T13:25:13Z</time><speed>0.910</speed><sat>7</sat></trkpt>
  <trkpt lat="33.73809481" lon="-84.41786832"><ele>289.000</ele><time>2025-10-17T13:25:14Z</time><speed>1.260</speed><sat>7</sat></trkpt>
  <trkpt lat="33.73808257" lon="-84.41786153"><ele>289.000</ele><time>2025-10-17T13:25:15Z</time><speed>1.550</speed><sat>9</sat></trkpt>
  <trkpt lat="33.73807536" lon="-84.41785684"><ele>289.000</ele><time>2025-10-17T13:25:16Z</time><speed>0.880</speed><sat>9</sat></trkpt>
  <trkpt lat="33.73806731" lon="-84.41785198"><ele>289.000</ele><time>2025-10-17T13:25:17Z</time><speed>0.960</speed><sat>9</sat></trkpt>
  <trkpt lat="33.73806773" lon="-84.41785097"><ele>289.000</ele><time>2025-10-17T13:25:18Z</time><speed>0.310</speed><sat>9</sat></trkpt>
  <trkpt lat="33.73807167" lon="-84.41785106"><ele>289.000</ele><time>2025-10-17T13:25:19Z</time><speed>0.270</speed><sat>8</sat></trkpt>
  <trkpt lat="33.73806497" lon="-84.41784737"><ele>289.000</ele><time>2025-10-17T13:25:20Z</time><speed>0.640</speed><sat>9</sat></trkpt>
  <trkpt lat="33.73806476" lon="-84.41784762"><ele>289.000</ele><time>2025-10-17T13:25:21Z</time><speed>0.350</speed><sat>6</sat></trkpt>
  <trkpt lat="33.73807352" lon="-84.41785189"><ele>289.000</ele><time>2025-10-17T13:25:22Z</time><speed>0.360</speed><sat>6</sat></trkpt>
  <trkpt lat="33.73808160" lon="-84.41785214"><ele>289.000</ele><time>2025-10-17T13:25:23Z</time><speed>0.170</speed><sat>6</sat></trkpt>
  <trkpt lat="33.73808894" lon="-84.41785315"><ele>288.000</ele><time>2025-10-17T13:25:24Z</time><speed>0.180</speed><sat>8</sat></trkpt>
  <trkpt lat="33.73809652" lon="-84.41785483"><ele>288.000</ele><time>2025-10-17T13:25:25Z</time><speed>0.190</speed><sat>9</sat></trkpt>
  <trkpt lat="33.73809468" lon="-84.41785340"><ele>288.000</ele><time>2025-10-17T13:25:26Z</time><speed>0.870</speed><sat>9</sat></trkpt>
  <trkpt lat="33.73808873" lon="-84.41785106"><ele>288.000</ele><time>2025-10-17T13:25:27Z</time><speed>0.810</speed><sat>10</sat></trkpt>
  <trkpt lat="33.73808089" lon="-84.41784737"><ele>288.000</ele><time>2025-10-17T13:25:28Z</time><speed>1.010</speed><sat>10</sat></trkpt>
  <trkpt lat="33.73807838" lon="-84.41784544"><ele>288.000</ele><time>2025-10-17T13:25:29Z</time><speed>0.260</speed><sat>10</sat></trkpt>
  <trkpt lat="33.73808362" lon="-84.41784971"><ele>289.000</ele><time>2025-10-17T13:25:30Z</time><speed>0.200</speed><sat>11</sat></trkpt>
  <trkpt lat="33.73808504" lon="-84.41784971"><ele>289.000</ele><time>2025-10-17T13:25:31Z</time><speed>0.290</speed><sat>12</sat></trkpt>
  <trkpt lat="33.73808320" lon="-84.41784779"><ele>289.000</ele><time>2025-10-17T13:25:32Z</time><speed>0.100</speed><sat>14</sat></trkpt>
  <trkpt lat="33.73808274" lon="-84.41784686"><ele>289.000</ele><time>2025-10-17T13:25:33Z</time><speed>0.070</speed><sat>14</sat></trkpt>
  <trkpt lat="33.73808039" lon="-84.41784728"><ele>289.000</ele><time>2025-10-17T13:25:34Z</time><speed>0.200</speed><sat>14</sat></trkpt>
  <trkpt lat="33.73808186" lon="-84.41784695"><ele>289.000</ele><time>2025-10-17T13:25:35Z</time><speed>0.250</speed><sat>14</sat></trkpt>
  <trkpt lat="33.73808999" lon="-84.41785323"><ele>289.000</ele><time>2025-10-17T13:25:36Z</time><speed>2.200</speed><sat>13</sat></trkpt>
  <trkpt lat="33.73807176" lon="-84.41786489"><ele>290.000</ele><time>2025-10-17T13:25:37Z</time><speed>2.930</speed><sat>13</sat></trkpt>
  <trkpt lat="33.73806019" lon="-84.41787737"><ele>289.000</ele><time>2025-10-17T13:25:38Z</time><speed>2.340</speed><sat>12</sat></trkpt>
  <trkpt lat="33.73805000" lon="-84.41788366"><ele>289.000</ele><time>2025-10-17T13:25:39Z</time><speed>1.890</speed><sat>12</sat></trkpt>
  <trkpt lat="33.73804678" lon="-84.41788659"><ele>289.000</ele><time>2025-10-17T13:25:40Z</time><speed>1.160</speed><sat>12</sat></trkpt>
  <trkpt lat="33.73805101" lon="-84.41789045"><ele>289.000</ele><time>2025-10-17T13:25:41Z</time><speed>0.700</speed><sat>11</sat></trkpt>
  <trkpt lat="33.73806199" lon="-84.41788944"><ele>288.000</ele><time>2025-10-17T13:25:42Z</time><speed>1.330</speed><sat>11</sat></trkpt>
  <trkpt lat="33.73806115" lon="-84.41788911"><ele>288.000</ele><time>2025-10-17T13:25:43Z</time><speed>0.490</speed><sat>12</sat></trkpt>
  <trkpt lat="33.73805780" lon="-84.41787746"><ele>289.000</ele><time>2025-10-17T13:25:44Z</time><speed>0.530</speed><sat>12</sat></trkpt>
  <trkpt lat="33.73806404" lon="-84.41788031"><ele>289.000</ele><time>2025-10-17T13:25:45Z</time><speed>2.060</speed><sat>10</sat></trkpt>
  <trkpt lat="33.73806488" lon="-84.41789598"><ele>289.000</ele><time>2025-10-17T13:25:46Z</time><speed>1.840</speed><sat>12</sat></trkpt>
  <trkpt lat="33.73806585" lon="-84.41790646"><ele>289.000</ele><time>2025-10-17T13:25:47Z</time><speed>1.720</speed><sat>12</sat></trkpt>
  <trkpt lat="33.73806216" lon="-84.41789992"><ele>289.000</ele><time>2025-10-17T13:25:48Z</time><speed>0.090</speed><sat>12</sat></trkpt>
  <trkpt lat="33.73806899" lon="-84.41786765"><ele>289.000</ele><time>2025-10-17T13:25:49Z</time><speed>0.210</speed><sat>12</sat></trkpt>
  <trkpt lat="33.73807683" lon="-84.41786656"><ele>289.000</ele><time>2025-10-17T13:25:50Z</time><speed>0.490</speed><sat>12</sat></trkpt>
  <trkpt lat="33.73807628" lon="-84.41786908"><ele>290.000</ele><time>2025-10-17T13:25:51Z</time><speed>0.270</speed><sat>11</sat></trkpt>
  <trkpt lat="33.73810071" lon="-84.41786991"><ele>290.000</ele><time>2025-10-17T13:25:52Z</time><speed>2.160</speed><sat>12</sat></trkpt>
  <trkpt lat="33.73811563" lon="-84.41787612"><ele>290.000</ele><time>2025-10-17T13:25:53Z</time><speed>0.620</speed><sat>12</sat></trkpt>
  <trkpt lat="33.73812502" lon="-84.41787662"><ele>291.000</ele><time>2025-10-17T13:25:54Z</time><speed>0.140</speed><sat>12</sat></trkpt>
  <trkpt lat="33.73812615" lon="-84.41787561"><ele>291.000</ele><time>2025-10-17T13:25:55Z</time><speed>0.290</speed><sat>11</sat></trkpt>
  <trkpt lat="33.73812691" lon="-84.41787578"><ele>291.000</ele><time>2025-10-17T13:25:56Z</time><speed>0.000</speed><sat>12</sat></trkpt>
  <trkpt lat="33.73812662" lon="-84.41787553"><ele>291.000</ele><time>2025-10-17T13:25:57Z</time><speed>0.000</speed><sat>12</sat></trkpt>
  <trkpt lat="33.73812645" lon="-84.41787536"><ele>291.000</ele><time>2025-10-17T13:25:58Z</time><speed>0.000</speed><sat>13</sat></trkpt>
  <trkpt lat="33.73811781" lon="-84.41786447"><ele>292.000</ele><time>2025-10-17T13:25:59Z</time><speed>0.100</speed><sat>12</sat></trkpt>
  <trkpt lat="33.73811781" lon="-84.41786447"><ele>292.000</ele><time>2025-10-17T13:26:00Z</time><speed>0.000</speed><sat>13</sat></trkpt>
  <trkpt lat="33.73812037" lon="-84.41786522"><ele>292.000</ele><time>2025-10-17T13:26:01Z</time><speed>0.510</speed><sat>13</sat></trkpt>
  <trkpt lat="33.73811748" lon="-84.41785919"><ele>292.000</ele><time>2025-10-17T13:26:02Z</time><speed>0.640</speed><sat>14</sat></trkpt>
  <trkpt lat="33.73811128" lon="-84.41784753"><ele>292.000</ele><time>2025-10-17T13:26:03Z</time><speed>0.490</speed><sat>13</sat></trkpt>
  <trkpt lat="33.73810700" lon="-84.41784007"><ele>292.000</ele><time>2025-10-17T13:26:04Z</time><speed>0.060</speed><sat>12</sat></trkpt>
  <trkpt lat="33.73810688" lon="-84.41784016"><ele>292.000</ele><time>2025-10-17T13:26:05Z</time><speed>0.000</speed><sat>12</sat></trkpt>
  <trkpt lat="33.73810675" lon="-84.41784016"><ele>291.000</ele><time>2025-10-17T13:26:06Z</time><speed>0.000</speed><sat>13</sat></trkpt>
  <trkpt lat="33.73810231" lon="-84.41783915"><ele>291.000</ele><time>2025-10-17T13:26:07Z</time><speed>0.160</speed><sat>12</sat></trkpt>
  <trkpt lat="33.73810243" lon="-84.41783932"><ele>291.000</ele><time>2025-10-17T13:26:08Z</time><speed>0.000</speed><sat>14</sat></trkpt>
  <trkpt lat="33.73809979" lon="-84.41783681"><ele>290.000</ele><time>2025-10-17T13:26:09Z</time><speed>0.280</speed><sat>13</sat></trkpt>
  <trkpt lat="33.73809950" lon="-84.41783706"><ele>290.000</ele><time>2025-10-17T13:26:10Z</time><speed>0.000</speed><sat>15</sat></trkpt>
  <trkpt lat="33.73809942" lon="-84.41783714"><ele>290.000</ele><time>2025-10-17T13:26:11Z</time><speed>0.000</speed><sat>13</sat></trkpt>
  <trkpt lat="33.73809929" lon="-84.41783714"><ele>290.000</ele><time>2025-10-17T13:26:12Z</time><speed>0.000</speed><sat>15</sat></trkpt>
  <trkpt lat="33.73809728" lon="-84.41784024"><ele>291.000</ele><time>2025-10-17T13:26:13Z</time><speed>0.320</speed><sat>14</sat></trkpt>
  <trkpt lat="33.73809497" lon="-84.41784158"><ele>291.000</ele><time>2025-10-17T13:26:14Z</time><speed>0.450</speed><sat>13</sat></trkpt>
  <trkpt lat="33.73808898" lon="-84.41784594"><ele>290.000</ele><time>2025-10-17T13:26:15Z</time><speed>1.080</speed><sat>13</sat></trkpt>
  <trkpt lat="33.73807951" lon="-84.41785399"><ele>290.000</ele><time>2025-10-17T13:26:16Z</time><speed>1.230</speed><sat>13</sat></trkpt>
  <trkpt lat="33.73807863" lon="-84.41786254"><ele>290.000</ele><time>2025-10-17T13:26:17Z</time><speed>0.720</speed><sat>15</sat></trkpt>
  <trkpt lat="33.73807423" lon="-84.41785692"><ele>290.000</ele><time>2025-10-17T13:26:18Z</time><speed>0.260</speed><sat>15</sat></trkpt>
  <trkpt lat="33.73807255" lon="-84.41785575"><ele>291.000</ele><time>2025-10-17T13:26:19Z</time><speed>0.420</speed><sat>15</sat></trkpt>
  <trkpt lat="33.73806710" lon="-84.41784519"><ele>292.000</ele><time>2025-10-17T13:26:20Z</time><speed>2.480</speed><sat>16</sat></trkpt>
  <trkpt lat="33.73805487" lon="-84.41783052"><ele>292.000</ele><time>2025-10-17T13:26:21Z</time><speed>1.750</speed><sat>13</sat></trkpt>
  <trkpt lat="33.73805411" lon="-84.41782960"><ele>293.000</ele><time>2025-10-17T13:26:22Z</time><speed>0.410</speed><sat>13</sat></trkpt>
  <trkpt lat="33.73805621" lon="-84.41783454"><ele>293.000</ele><time>2025-10-17T13:26:23Z</time><speed>0.270</speed><sat>12</sat></trkpt>
  <trkpt lat="33.73805596" lon="-84.41783412"><ele>293.000</ele><time>2025-10-17T13:26:24Z</time><speed>0.180</speed><sat>13</sat></trkpt>
  <trkpt lat="33.73807414" lon="-84.41784116"><ele>293.000</ele><time>2025-10-17T13:26:25Z</time><speed>0.240</speed><sat>14</sat></trkpt>
  <trkpt lat="33.73807683" lon="-84.41783823"><ele>293.000</ele><time>2025-10-17T13:26:26Z</time><speed>0.370</speed><sat>14</sat></trkpt>
  <trkpt lat="33.73807758" lon="-84.41783588"><ele>293.000</ele><time>2025-10-17T13:26:27Z</time><speed>0.280</speed><sat>13</sat></trkpt>
  <trkpt lat="33.73808005" lon="-84.41783882"><ele>293.000</ele><time>2025-10-17T13:26:28Z</time><speed>0.970</speed><sat>14</sat></trkpt>
  <trkpt lat="33.73808705" lon="-84.41784468"><ele>293.000</ele><time>2025-10-17T13:26:29Z</time><speed>1.230</speed><sat>14</sat></trkpt>
  <trkpt lat="33.73809397" lon="-84.41785659"><ele>293.000</ele><time>2025-10-17T13:26:30Z</time><speed>1.520</speed><sat>15</sat></trkpt>
  <trkpt lat="33.73809933" lon="-84.41786036"><ele>293.000</ele><time>2025-10-17T13:26:31Z</time><speed>0.900</speed><sat>16</sat></trkpt>
  <trkpt lat="33.73811446" lon="-84.41787084"><ele>293.000</ele><time>2025-10-17T13:26:32Z</time><speed>2.880</speed><sat>14</sat></trkpt>
  <trkpt lat="33.73811534" lon="-84.41787897"><ele>292.000</ele><time>2025-10-17T13:26:33Z</time><speed>1.590</speed><sat>15</sat></trkpt>
  <trkpt lat="33.73811677" lon="-84.41787980"><ele>292.000</ele><time>2025-10-17T13:26:34Z</time><speed>0.280</speed><sat>14</sat></trkpt>
  <trkpt lat="33.73811429" lon="-84.41787134"><ele>292.000</ele><time>2025-10-17T13:26:35Z</time><speed>0.050</speed><sat>14</sat></trkpt>
  <trkpt lat="33.73811027" lon="-84.41786354"><ele>291.000</ele><time>2025-10-17T13:26:36Z</time><speed>0.130</speed><sat>15</sat></trkpt>
  <trkpt lat="33.73811320" lon="-84.41785801"><ele>292.000</ele><time>2025-10-17T13:26:37Z</time><speed>1.410</speed><sat>15</sat></trkpt>
  <trkpt lat="33.73811631" lon="-84.41784033"><ele>292.000</ele><time>2025-10-17T13:26:38Z</time><speed>2.520</speed><sat>14</sat></trkpt>
  <trkpt lat="33.73811337" lon="-84.41782180"><ele>292.000</ele><time>2025-10-17T13:26:39Z</time><speed>1.420</speed><sat>12</sat></trkpt>
  <trkpt lat="33.73811149" lon="-84.41781258"><ele>292.000</ele><time>2025-10-17T13:26:40Z</time><speed>1.010</speed><sat>14</sat></trkpt>
  <trkpt lat="33.73810771" lon="-84.41781560"><ele>292.000</ele><time>2025-10-17T13:26:41Z</time><speed>0.490</speed><sat>17</sat></trkpt>
  <trkpt lat="33.73809820" lon="-84.41780915"><ele>292.000</ele><time>2025-10-17T13:26:42Z</time><speed>1.720</speed><sat>19</sat></trkpt>
  <trkpt lat="33.73808902" lon="-84.41780722"><ele>292.000</ele><time>2025-10-17T13:26:43Z</time><speed>0.430</speed><sat>17</sat></trkpt>
  <trkpt lat="33.73807901" lon="-84.41780688"><ele>291.000</ele><time>2025-10-17T13:26:44Z</time><speed>0.190</speed><sat>19</sat></trkpt>
  <trkpt lat="33.73807100" lon="-84.41780990"><ele>291.000</ele><time>2025-10-17T13:26:45Z</time><speed>0.480</speed><sat>20</sat></trkpt>
  <trkpt lat="33.73807310" lon="-84.41781577"><ele>291.000</ele><time>2025-10-17T13:26:46Z</time><speed>0.530</speed><sat>19</sat></trkpt>
  <trkpt lat="33.73806882" lon="-84.41781753"><ele>293.000</ele><time>2025-10-17T13:26:47Z</time><speed>0.490</speed><sat>20</sat></trkpt>
  <trkpt lat="33.73806870" lon="-84.41781811"><ele>293.000</ele><time>2025-10-17T13:26:48Z</time><speed>0.000</speed><sat>19</sat></trkpt>
  <trkpt lat="33.73806279" lon="-84.41781996"><ele>293.000</ele><time>2025-10-17T13:26:49Z</time><speed>0.500</speed><sat>20</sat></trkpt>
  <trkpt lat="33.73806186" lon="-84.41782557"><ele>294.000</ele><time>2025-10-17T13:26:50Z</time><speed>0.590</speed><sat>19</sat></trkpt>
  <trkpt lat="33.73804586" lon="-84.41781770"><ele>293.000</ele><time>2025-10-17T13:26:51Z</time><speed>0.160</speed><sat>17</sat></trkpt>
  <trkpt lat="33.73804322" lon="-84.41780990"><ele>292.000</ele><time>2025-10-17T13:26:52Z</time><speed>0.350</speed><sat>19</sat></trkpt>
  <trkpt lat="33.73803437" lon="-84.41779900"><ele>292.000</ele><time>2025-10-17T13:26:53Z</time><speed>0.160</speed><sat>20</sat></trkpt>
  <trkpt lat="33.73802901" lon="-84.41778727"><ele>291.000</ele><time>2025-10-17T13:26:54Z</time><speed>0.900</speed><sat>19</sat></trkpt>
  <trkpt lat="33.73802901" lon="-84.41778903"><ele>291.000</ele><time>2025-10-17T13:26:55Z</time><speed>0.000</speed><sat>18</sat></trkpt>
  <trkpt lat="33.73802754" lon="-84.41779322"><ele>291.000</ele><time>2025-10-17T13:26:56Z</time><speed>0.090</speed><sat>19</sat></trkpt>
  <trkpt lat="33.73802637" lon="-84.41779221"><ele>291.000</ele><time>2025-10-17T13:26:57Z</time><speed>0.620</speed><sat>17</sat></trkpt>
  <trkpt lat="33.73800780" lon="-84.41778920"><ele>291.000</ele><time>2025-10-17T13:26:58Z</time><speed>0.650</speed><sat>18</sat></trkpt>
  <trkpt lat="33.73802888" lon="-84.41779171"><ele>290.000</ele><time>2025-10-17T13:26:59Z</time><speed>0.570</speed><sat>18</sat></trkpt>
  <trkpt lat="33.73804347" lon="-84.41779171"><ele>290.000</ele><time>2025-10-17T13:27:00Z</time><speed>0.770</speed><sat>20</sat></trkpt>
  <trkpt lat="33.73805038" lon="-84.41779221"><ele>291.000</ele><time>2025-10-17T13:27:01Z</time><speed>0.350</speed><sat>20</sat></trkpt>
  <trkpt lat="33.73806455" lon="-84.41780068"><ele>291.000</ele><time>2025-10-17T13:27:02Z</time><speed>0.740</speed><sat>19</sat></trkpt>
  <trkpt lat="33.73807544" lon="-84.41780051"><ele>291.000</ele><time>2025-10-17T13:27:03Z</time><speed>0.570</speed><sat>20</sat></trkpt>
  <trkpt lat="33.73807993" lon="-84.41779557"><ele>291.000</ele><time>2025-10-17T13:27:04Z</time><speed>0.150</speed><sat>21</sat></trkpt>
  <trkpt lat="33.73808751" lon="-84.41784510"><ele>292.000</ele><time>2025-10-17T13:27:05Z</time><speed>0.000</speed><sat>20</sat></trkpt>
  <trkpt lat="33.73808802" lon="-84.41782666"><ele>292.000</ele><time>2025-10-17T13:27:06Z</time><speed>0.470</speed><sat>21</sat></trkpt>
  <trkpt lat="33.73809275" lon="-84.41781568"><ele>292.000</ele><time>2025-10-17T13:27:07Z</time><speed>0.990</speed><sat>21</sat></trkpt>
  <trkpt lat="33.73809447" lon="-84.41780286"><ele>292.000</ele><time>2025-10-17T13:27:08Z</time><speed>1.010</speed><sat>21</sat></trkpt>
  <trkpt lat="33.73809204" lon="-84.41778903"><ele>292.000</ele><time>2025-10-17T13:27:09Z</time><speed>1.110</speed><sat>21</sat></trkpt>
  <trkpt lat="33.73808953" lon="-84.41777461"><ele>292.000</ele><time>2025-10-17T13:27:10Z</time><speed>1.220</speed><sat>21</sat></trkpt>
  <trkpt lat="33.73808965" lon="-84.41775860"><ele>292.000</ele><time>2025-10-17T13:27:11Z</time><speed>1.190</speed><sat>21</sat></trkpt>
  <trkpt lat="33.73809116" lon="-84.41774008"><ele>292.000</ele><time>2025-10-17T13:27:12Z</time><speed>1.220</speed><sat>21</sat></trkpt>
  <trkpt lat="33.73809837" lon="-84.41770898"><ele>292.000</ele><time>2025-10-17T13:27:13Z</time><speed>2.810</speed><sat>21</sat></trkpt>
  <trkpt lat="33.73810084" lon="-84.41767872"><ele>292.000</ele><time>2025-10-17T13:27:14Z</time><speed>2.290</speed><sat>21</sat></trkpt>
  <trkpt lat="33.73810189" lon="-84.41765827"><ele>293.000</ele><time>2025-10-17T13:27:15Z</time><speed>1.590</speed><sat>19</sat></trkpt>
  <trkpt lat="33.73810310" lon="-84.41764134"><ele>293.000</ele><time>2025-10-17T13:27:16Z</time><speed>1.500</speed><sat>20</sat></trkpt>
  <trkpt lat="33.73810264" lon="-84.41763145"><ele>293.000</ele><time>2025-10-17T13:27:17Z</time><speed>0.880</speed><sat>21</sat></trkpt>
  <trkpt lat="33.73809623" lon="-84.41762684"><ele>292.000</ele><time>2025-10-17T13:27:18Z</time><speed>0.690</speed><sat>19</sat></trkpt>
  <trkpt lat="33.73810088" lon="-84.41761427"><ele>292.000</ele><time>2025-10-17T13:27:19Z</time><speed>0.290</speed><sat>19</sat></trkpt>
  <trkpt lat="33.73811241" lon="-84.41761661"><ele>293.000</ele><time>2025-10-17T13:27:20Z</time><speed>0.050</speed><sat>18</sat></trkpt>
  <trkpt lat="33.73812112" lon="-84.41761578"><ele>293.000</ele><time>2025-10-17T13:27:21Z</time><speed>0.000</speed><sat>18</sat></trkpt>
  <trkpt lat="33.73811978" lon="-84.41761846"><ele>293.000</ele><time>2025-10-17T13:27:22Z</time><speed>0.780</speed><sat>18</sat></trkpt>
  <trkpt lat="33.73811752" lon="-84.41762106"><ele>293.000</ele><time>2025-10-17T13:27:23Z</time><speed>0.940</speed><sat>19</sat></trkpt>
  <trkpt lat="33.73811534" lon="-84.41761846"><ele>293.000</ele><time>2025-10-17T13:27:24Z</time><speed>0.240</speed><sat>18</sat></trkpt>
  <trkpt lat="33.73810922" lon="-84.41761862"><ele>293.000</ele><time>2025-10-17T13:27:25Z</time><speed>0.220</speed><sat>19</sat></trkpt>
  <trkpt lat="33.73810461" lon="-84.41762139"><ele>293.000</ele><time>2025-10-17T13:27:26Z</time><speed>0.730</speed><sat>18</sat></trkpt>
  <trkpt lat="33.73810160" lon="-84.41762893"><ele>293.000</ele><time>2025-10-17T13:27:27Z</time><speed>1.000</speed><sat>20</sat></trkpt>
  <trkpt lat="33.73809661" lon="-84.41764017"><ele>293.000</ele><time>2025-10-17T13:27:28Z</time><speed>1.450</speed><sat>19</sat></trkpt>
  <trkpt lat="33.73809091" lon="-84.41765123"><ele>293.000</ele><time>2025-10-17T13:27:29Z</time><speed>1.190</speed><sat>18</sat></trkpt>
  <trkpt lat="33.73808475" lon="-84.41766229"><ele>294.000</ele><time>2025-10-17T13:27:30Z</time><speed>1.210</speed><sat>19</sat></trkpt>
  <trkpt lat="33.73808186" lon="-84.41767537"><ele>294.000</ele><time>2025-10-17T13:27:31Z</time><speed>1.280</speed><sat>18</sat></trkpt>
  <trkpt lat="33.73808031" lon="-84.41768945"><ele>294.000</ele><time>2025-10-17T13:27:32Z</time><speed>1.410</speed><sat>17</sat></trkpt>
  <trkpt lat="33.73808039" lon="-84.41770663"><ele>294.000</ele><time>2025-10-17T13:27:33Z</time><speed>1.520</speed><sat>18</sat></trkpt>
  <trkpt lat="33.73808462" lon="-84.41772021"><ele>294.000</ele><time>2025-10-17T13:27:34Z</time><speed>1.040</speed><sat>20</sat></trkpt>
  <trkpt lat="33.73808944" lon="-84.41772977"><ele>294.000</ele><time>2025-10-17T13:27:35Z</time><speed>0.870</speed><sat>19</sat></trkpt>
  <trkpt lat="33.73809879" lon="-84.41772985"><ele>294.000</ele><time>2025-10-17T13:27:36Z</time><speed>1.820</speed><sat>20</sat></trkpt>
  <trkpt lat="33.73809816" lon="-84.41774745"><ele>294.000</ele><time>2025-10-17T13:27:37Z</time><speed>1.990</speed><sat>17</sat></trkpt>
  <trkpt lat="33.73810964" lon="-84.41776514"><ele>294.000</ele><time>2025-10-17T13:27:38Z</time><speed>2.070</speed><sat>18</sat></trkpt>
  <trkpt lat="33.73812263" lon="-84.41777964"><ele>293.000</ele><time>2025-10-17T13:27:39Z</time><speed>1.930</speed><sat>18</sat></trkpt>
  <trkpt lat="33.73812871" lon="-84.41779624"><ele>293.000</ele><time>2025-10-17T13:27:40Z</time><speed>1.740</speed><sat>18</sat></trkpt>
  <trkpt lat="33.73812959" lon="-84.41781074"><ele>293.000</ele><time>2025-10-17T13:27:41Z</time><speed>1.450</speed><sat>18</sat></trkpt>
  <trkpt lat="33.73813035" lon="-84.41781778"><ele>293.000</ele><time>2025-10-17T13:27:42Z</time><speed>0.910</speed><sat>18</sat></trkpt>
  <trkpt lat="33.73812259" lon="-84.41782599"><ele>294.000</ele><time>2025-10-17T13:27:43Z</time><speed>0.150</speed><sat>20</sat></trkpt>
  <trkpt lat="33.73811090" lon="-84.41782742"><ele>294.000</ele><time>2025-10-17T13:27:44Z</time><speed>1.130</speed><sat>20</sat></trkpt>
  <trkpt lat="33.73810097" lon="-84.41783002"><ele>294.000</ele><time>2025-10-17T13:27:45Z</time><speed>0.810</speed><sat>19</sat></trkpt>
  <trkpt lat="33.73808617" lon="-84.41782993"><ele>294.000</ele><time>2025-10-17T13:27:46Z</time><speed>1.480</speed><sat>18</sat></trkpt>
  <trkpt lat="33.73807134" lon="-84.41782792"><ele>294.000</ele><time>2025-10-17T13:27:47Z</time><speed>1.250</speed><sat>19</sat></trkpt>
  <trkpt lat="33.73804946" lon="-84.41782507"><ele>294.000</ele><time>2025-10-17T13:27:48Z</time><speed>2.100</speed><sat>19</sat></trkpt>
  <trkpt lat="33.73802176" lon="-84.41781862"><ele>294.000</ele><time>2025-10-17T13:27:49Z</time><speed>2.800</speed><sat>16</sat></trkpt>
  <trkpt lat="33.73800814" lon="-84.41781610"><ele>294.000</ele><time>2025-10-17T13:27:50Z</time><speed>1.110</speed><sat>17</sat></trkpt>
  <trkpt lat="33.73799732" lon="-84.41781761"><ele>294.000</ele><time>2025-10-17T13:27:51Z</time><speed>0.790</speed><sat>17</sat></trkpt>
  <trkpt lat="33.73798316" lon="-84.41781602"><ele>294.000</ele><time>2025-10-17T13:27:52Z</time><speed>1.360</speed><sat>19</sat></trkpt>
  <trkpt lat="33.73796971" lon="-84.41781451"><ele>294.000</ele><time>2025-10-17T13:27:53Z</time><speed>1.420</speed><sat>19</sat></trkpt>
  <trkpt lat="33.73795508" lon="-84.41781409"><ele>295.000</ele><time>2025-10-17T13:27:54Z</time><speed>1.500</speed><sat>19</sat></trkpt>
  <trkpt lat="33.73794334" lon="-84.41781828"><ele>295.000</ele><time>2025-10-17T13:27:55Z</time><speed>1.190</speed><sat>19</sat></trkpt>
  <trkpt lat="33.73793454" lon="-84.41782507"><ele>295.000</ele><time>2025-10-17T13:27:56Z</time><speed>1.140</speed><sat>19</sat></trkpt>
  <trkpt lat="33.73792826" lon="-84.41782868"><ele>294.000</ele><time>2025-10-17T13:27:57Z</time><speed>1.400</speed><sat>18</sat></trkpt>
  <trkpt lat="33.73792273" lon="-84.41782541"><ele>295.000</ele><time>2025-10-17T13:27:58Z</time><speed>1.010</speed><sat>17</sat></trkpt>
  <trkpt lat="33.73792583" lon="-84.41782926"><ele>295.000</ele><time>2025-10-17T13:27:59Z</time><speed>0.390</speed><sat>17</sat></trkpt>
  <trkpt lat="33.73792721" lon="-84.41784343"><ele>295.000</ele><time>2025-10-17T13:28:00Z</time><speed>1.400</speed><sat>20</sat></trkpt>
  <trkpt lat="33.73792641" lon="-84.41785969"><ele>294.000</ele><time>2025-10-17T13:28:01Z</time><speed>1.310</speed><sat>18</sat></trkpt>
  <trkpt lat="33.73792386" lon="-84.41787913"><ele>294.000</ele><time>2025-10-17T13:28:02Z</time><speed>1.750</speed><sat>16</sat></trkpt>
  <trkpt lat="33.73791904" lon="-84.41789598"><ele>295.000</ele><time>2025-10-17T13:28:03Z</time><speed>1.400</speed><sat>18</sat></trkpt>
  <trkpt lat="33.73793333" lon="-84.41792079"><ele>295.000</ele><time>2025-10-17T13:28:04Z</time><speed>3.610</speed><sat>16</sat></trkpt>
  <trkpt lat="33.73794448" lon="-84.41795105"><ele>295.000</ele><time>2025-10-17T13:28:05Z</time><speed>3.150</speed><sat>16</sat></trkpt>
  <trkpt lat="33.73794779" lon="-84.41798114"><ele>295.000</ele><time>2025-10-17T13:28:06Z</time><speed>2.740</speed><sat>16</sat></trkpt>
  <trkpt lat="33.73794980" lon="-84.41800428"><ele>295.000</ele><time>2025-10-17T13:28:07Z</time><speed>2.270</speed><sat>16</sat></trkpt>
  <trkpt lat="33.73794536" lon="-84.41802632"><ele>295.000</ele><time>2025-10-17T13:28:08Z</time><speed>1.710</speed><sat>16</sat></trkpt>
  <trkpt lat="33.73794037" lon="-84.41803864"><ele>295.000</ele><time>2025-10-17T13:28:09Z</time><speed>1.250</speed><sat>17</sat></trkpt>
  <trkpt lat="33.73793060" lon="-84.41804401"><ele>294.000</ele><time>2025-10-17T13:28:10Z</time><speed>1.450</speed><sat>17</sat></trkpt>
  <trkpt lat="33.73792390" lon="-84.41805725"><ele>294.000</ele><time>2025-10-17T13:28:11Z</time><speed>1.550</speed><sat>18</sat></trkpt>
  <trkpt lat="33.73792105" lon="-84.41807192"><ele>294.000</ele><time>2025-10-17T13:28:12Z</time><speed>1.440</speed><sat>19</sat></trkpt>
  <trkpt lat="33.73791988" lon="-84.41808759"><ele>294.000</ele><time>2025-10-17T13:28:13Z</time><speed>1.540</speed><sat>18</sat></trkpt>
  <trkpt lat="33.73791405" lon="-84.41810402"><ele>294.000</ele><time>2025-10-17T13:28:14Z</time><speed>1.940</speed><sat>17</sat></trkpt>
  <trkpt lat="33.73790605" lon="-84.41812078"><ele>294.000</ele><time>2025-10-17T13:28:15Z</time><speed>1.820</speed><sat>17</sat></trkpt>
  <trkpt lat="33.73790102" lon="-84.41813353"><ele>294.000</ele><time>2025-10-17T13:28:16Z</time><speed>1.210</speed><sat>19</sat></trkpt>
  <trkpt lat="33.73789900" lon="-84.41814031"><ele>294.000</ele><time>2025-10-17T13:28:17Z</time><speed>0.320</speed><sat>18</sat></trkpt>
  <trkpt lat="33.73790185" lon="-84.41815138"><ele>294.000</ele><time>2025-10-17T13:28:18Z</time><speed>0.700</speed><sat>19</sat></trkpt>
  <trkpt lat="33.73791028" lon="-84.41816890"><ele>294.000</ele><time>2025-10-17T13:28:19Z</time><speed>1.140</speed><sat>17</sat></trkpt>
  <trkpt lat="33.73790923" lon="-84.41818357"><ele>294.000</ele><time>2025-10-17T13:28:20Z</time><speed>1.190</speed><sat>18</sat></trkpt>
  <trkpt lat="33.73790667" lon="-84.41819723"><ele>294.000</ele><time>2025-10-17T13:28:21Z</time><speed>0.950</speed><sat>19</sat></trkpt>
  <trkpt lat="33.73790416" lon="-84.41821064"><ele>294.000</ele><time>2025-10-17T13:28:22Z</time><speed>1.390</speed><sat>18</sat></trkpt>
  <trkpt lat="33.73790739" lon="-84.41822573"><ele>294.000</ele><time>2025-10-17T13:28:23Z</time><speed>1.670</speed><sat>19</sat></trkpt>
  <trkpt lat="33.73790869" lon="-84.41824157"><ele>294.000</ele><time>2025-10-17T13:28:24Z</time><speed>1.480</speed><sat>16</sat></trkpt>
  <trkpt lat="33.73791522" lon="-84.41826638"><ele>294.000</ele><time>2025-10-17T13:28:25Z</time><speed>2.720</speed><sat>19</sat></trkpt>
  <trkpt lat="33.73791950" lon="-84.41828725"><ele>294.000</ele><time>2025-10-17T13:28:26Z</time><speed>1.630</speed><sat>18</sat></trkpt>
  <trkpt lat="33.73792071" lon="-84.41829965"><ele>294.000</ele><time>2025-10-17T13:28:27Z</time><speed>1.370</speed><sat>18</sat></trkpt>
  <trkpt lat="33.73792172" lon="-84.41831424"><ele>294.000</ele><time>2025-10-17T13:28:28Z</time><speed>1.320</speed><sat>18</sat></trkpt>
  <trkpt lat="33.73792050" lon="-84.41833260"><ele>294.000</ele><time>2025-10-17T13:28:29Z</time><speed>1.620</speed><sat>18</sat></trkpt>
  <trkpt lat="33.73791606" lon="-84.41835104"><ele>294.000</ele><time>2025-10-17T13:28:30Z</time><speed>1.580</speed><sat>17</sat></trkpt>
  <trkpt lat="33.73791225" lon="-84.41836445"><ele>294.000</ele><time>2025-10-17T13:28:31Z</time><speed>1.050</speed><sat>18</sat></trkpt>
  <trkpt lat="33.73791133" lon="-84.41837953"><ele>294.000</ele><time>2025-10-17T13:28:32Z</time><speed>1.050</speed><sat>19</sat></trkpt>
  <trkpt lat="33.73791300" lon="-84.41839219"><ele>294.000</ele><time>2025-10-17T13:28:33Z</time><speed>1.030</speed><sat>18</sat></trkpt>
  <trkpt lat="33.73791422" lon="-84.41840585"><ele>294.000</ele><time>2025-10-17T13:28:34Z</time><speed>1.430</speed><sat>18</sat></trkpt>
  <trkpt lat="33.73791455" lon="-84.41841281"><ele>294.000</ele><time>2025-10-17T13:28:35Z</time><speed>0.450</speed><sat>17</sat></trkpt>
  <trkpt lat="33.73791958" lon="-84.41842404"><ele>294.000</ele><time>2025-10-17T13:28:36Z</time><speed>0.860</speed><sat>19</sat></trkpt>
  <trkpt lat="33.73792532" lon="-84.41843268"><ele>294.000</ele><time>2025-10-17T13:28:37Z</time><speed>1.080</speed><sat>18</sat></trkpt>
  <trkpt lat="33.73792972" lon="-84.41844726"><ele>294.000</ele><time>2025-10-17T13:28:38Z</time><speed>1.000</speed><sat>19</sat></trkpt>
  <trkpt lat="33.73793350" lon="-84.41846210"><ele>294.000</ele><time>2025-10-17T13:28:39Z</time><speed>1.410</speed><sat>19</sat></trkpt>
  <trkpt lat="33.73793480" lon="-84.41847735"><ele>294.000</ele><time>2025-10-17T13:28:40Z</time><speed>0.970</speed><sat>18</sat></trkpt>
  <trkpt lat="33.73793337" lon="-84.41849160"><ele>294.000</ele><time>2025-10-17T13:28:41Z</time><speed>1.010</speed><sat>19</sat></trkpt>
  <trkpt lat="33.73792851" lon="-84.41850769"><ele>294.000</ele><time>2025-10-17T13:28:42Z</time><speed>1.510</speed><sat>19</sat></trkpt>
  <trkpt lat="33.73792633" lon="-84.41852555"><ele>294.000</ele><time>2025-10-17T13:28:43Z</time><speed>1.220</speed><sat>19</sat></trkpt>
  <trkpt lat="33.73792335" lon="-84.41853980"><ele>294.000</ele><time>2025-10-17T13:28:44Z</time><speed>0.890</speed><sat>19</sat></trkpt>
  <trkpt lat="33.73792528" lon="-84.41855421"><ele>294.000</ele><time>2025-10-17T13:28:45Z</time><speed>1.440</speed><sat>18</sat></trkpt>
  <trkpt lat="33.73793044" lon="-84.41857148"><ele>294.000</ele><time>2025-10-17T13:28:46Z</time><speed>1.390</speed><sat>17</sat></trkpt>
  <trkpt lat="33.73793102" lon="-84.41858573"><ele>294.000</ele><time>2025-10-17T13:28:47Z</time><speed>1.290</speed><sat>18</sat></trkpt>
  <trkpt lat="33.73792989" lon="-84.41859520"><ele>294.000</ele><time>2025-10-17T13:28:48Z</time><speed>0.500</speed><sat>17</sat></trkpt>
  <trkpt lat="33.73793287" lon="-84.41862688"><ele>294.000</ele><time>2025-10-17T13:28:49Z</time><speed>3.360</speed><sat>17</sat></trkpt>
  <trkpt lat="33.73793526" lon="-84.41865169"><ele>295.000</ele><time>2025-10-17T13:28:50Z</time><speed>1.910</speed><sat>17</sat></trkpt>
  <trkpt lat="33.73793542" lon="-84.41867667"><ele>295.000</ele><time>2025-10-17T13:28:51Z</time><speed>1.620</speed><sat>19</sat></trkpt>
  <trkpt lat="33.73793178" lon="-84.41869578"><ele>296.000</ele><time>2025-10-17T13:28:52Z</time><speed>1.180</speed><sat>19</sat></trkpt>
  <trkpt lat="33.73792331" lon="-84.41871607"><ele>296.000</ele><time>2025-10-17T13:28:53Z</time><speed>1.450</speed><sat>19</sat></trkpt>
  <trkpt lat="33.73791920" lon="-84.41873518"><ele>296.000</ele><time>2025-10-17T13:28:54Z</time><speed>1.130</speed><sat>19</sat></trkpt>
  <trkpt lat="33.73791527" lon="-84.41873266"><ele>296.000</ele><time>2025-10-17T13:28:55Z</time><speed>0.420</speed><sat>18</sat></trkpt>
  <trkpt lat="33.73791384" lon="-84.41873509"><ele>297.000</ele><time>2025-10-17T13:28:56Z</time><speed>0.470</speed><sat>19</sat></trkpt>
  <trkpt lat="33.73792926" lon="-84.41873015"><ele>298.000</ele><time>2025-10-17T13:28:57Z</time><speed>0.170</speed><sat>19</sat></trkpt>
  <trkpt lat="33.73791816" lon="-84.41872822"><ele>297.000</ele><time>2025-10-17T13:28:58Z</time><speed>0.300</speed><sat>19</sat></trkpt>
  <trkpt lat="33.73791719" lon="-84.41873526"><ele>298.000</ele><time>2025-10-17T13:28:59Z</time><speed>0.810</speed><sat>19</sat></trkpt>
  <trkpt lat="33.73791950" lon="-84.41874515"><ele>297.000</ele><time>2025-10-17T13:29:00Z</time><speed>1.010</speed><sat>19</sat></trkpt>
  <trkpt lat="33.73791828" lon="-84.41875731"><ele>298.000</ele><time>2025-10-17T13:29:01Z</time><speed>1.230</speed><sat>19</sat></trkpt>
  <trkpt lat="33.73791757" lon="-84.41876602"><ele>297.000</ele><time>2025-10-17T13:29:02Z</time><speed>1.190</speed><sat>19</sat></trkpt>
  <trkpt lat="33.73791489" lon="-84.41877902"><ele>298.000</ele><time>2025-10-17T13:29:03Z</time><speed>1.350</speed><sat>19</sat></trkpt>
  <trkpt lat="33.73790814" lon="-84.41879243"><ele>298.000</ele><time>2025-10-17T13:29:04Z</time><speed>1.550</speed><sat>18</sat></trkpt>
  <trkpt lat="33.73790181" lon="-84.41880651"><ele>298.000</ele><time>2025-10-17T13:29:05Z</time><speed>1.230</speed><sat>18</sat></trkpt>
  <trkpt lat="33.73789896" lon="-84.41882093"><ele>298.000</ele><time>2025-10-17T13:29:06Z</time><speed>1.290</speed><sat>19</sat></trkpt>
  <trkpt lat="33.73789607" lon="-84.41883819"><ele>298.000</ele><time>2025-10-17T13:29:07Z</time><speed>1.360</speed><sat>19</sat></trkpt>
  <trkpt lat="33.73789527" lon="-84.41885244"><ele>297.000</ele><time>2025-10-17T13:29:08Z</time><speed>1.200</speed><sat>19</sat></trkpt>
  <trkpt lat="33.73789439" lon="-84.41886527"><ele>297.000</ele><time>2025-10-17T13:29:09Z</time><speed>1.170</speed><sat>18</sat></trkpt>
  <trkpt lat="33.73789582" lon="-84.41887809"><ele>297.000</ele><time>2025-10-17T13:29:10Z</time><speed>1.070</speed><sat>19</sat></trkpt>
  <trkpt lat="33.73789821" lon="-84.41888999"><ele>297.000</ele><time>2025-10-17T13:29:11Z</time><speed>1.470</speed><sat>19</sat></trkpt>
  <trkpt lat="33.73789716" lon="-84.41890382"><ele>297.000</ele><time>2025-10-17T13:29:12Z</time><speed>1.140</speed><sat>19</sat></trkpt>
  <trkpt lat="33.73789230" lon="-84.41891723"><ele>297.000</ele><time>2025-10-17T13:29:13Z</time><speed>1.320</speed><sat>18</sat></trkpt>
  <trkpt lat="33.73788652" lon="-84.41892922"><ele>297.000</ele><time>2025-10-17T13:29:14Z</time><speed>1.280</speed><sat>19</sat></trkpt>
  <trkpt lat="33.73788383" lon="-84.41894221"><ele>297.000</ele><time>2025-10-17T13:29:15Z</time><speed>1.240</speed><sat>19</sat></trkpt>
  <trkpt lat="33.73788161" lon="-84.41896082"><ele>296.000</ele><time>2025-10-17T13:29:16Z</time><speed>1.370</speed><sat>18</sat></trkpt>
  <trkpt lat="33.73787897" lon="-84.41897172"><ele>296.000</ele><time>2025-10-17T13:29:17Z</time><speed>1.170</speed><sat>19</sat></trkpt>
  <trkpt lat="33.73787964" lon="-84.41898647"><ele>296.000</ele><time>2025-10-17T13:29:18Z</time><speed>1.270</speed><sat>20</sat></trkpt>
  <trkpt lat="33.73787537" lon="-84.41900130"><ele>296.000</ele><time>2025-10-17T13:29:19Z</time><speed>1.300</speed><sat>20</sat></trkpt>
  <trkpt lat="33.73787964" lon="-84.41901555"><ele>297.000</ele><time>2025-10-17T13:29:20Z</time><speed>1.330</speed><sat>20</sat></trkpt>
  <trkpt lat="33.73787947" lon="-84.41903056"><ele>297.000</ele><time>2025-10-17T13:29:21Z</time><speed>1.400</speed><sat>19</sat></trkpt>
  <trkpt lat="33.73787734" lon="-84.41904489"><ele>297.000</ele><time>2025-10-17T13:29:22Z</time><speed>1.370</speed><sat>20</sat></trkpt>
  <trkpt lat="33.73787541" lon="-84.41906031"><ele>296.000</ele><time>2025-10-17T13:29:23Z</time><speed>1.440</speed><sat>21</sat></trkpt>
  <trkpt lat="33.73787327" lon="-84.41907431"><ele>296.000</ele><time>2025-10-17T13:29:24Z</time><speed>1.330</speed><sat>21</sat></trkpt>
  <trkpt lat="33.73787201" lon="-84.41908822"><ele>296.000</ele><time>2025-10-17T13:29:25Z</time><speed>1.230</speed><sat>18</sat></trkpt>
  <trkpt lat="33.73787210" lon="-84.41910138"><ele>296.000</ele><time>2025-10-17T13:29:26Z</time><speed>1.290</speed><sat>17</sat></trkpt>
  <trkpt lat="33.73787424" lon="-84.41911538"><ele>296.000</ele><time>2025-10-17T13:29:27Z</time><speed>1.590</speed><sat>17</sat></trkpt>
  <trkpt lat="33.73787554" lon="-84.41913164"><ele>296.000</ele><time>2025-10-17T13:29:28Z</time><speed>1.400</speed><sat>18</sat></trkpt>
  <trkpt lat="33.73787499" lon="-84.41914807"><ele>296.000</ele><time>2025-10-17T13:29:29Z</time><speed>1.380</speed><sat>17</sat></trkpt>
  <trkpt lat="33.73786791" lon="-84.41916576"><ele>296.000</ele><time>2025-10-17T13:29:30Z</time><speed>1.300</speed><sat>17</sat></trkpt>
  <trkpt lat="33.73786200" lon="-84.41917917"><ele>296.000</ele><time>2025-10-17T13:29:31Z</time><speed>1.450</speed><sat>18</sat></trkpt>
  <trkpt lat="33.73785789" lon="-84.41919342"><ele>295.000</ele><time>2025-10-17T13:29:32Z</time><speed>1.360</speed><sat>17</sat></trkpt>
  <trkpt lat="33.73785496" lon="-84.41920733"><ele>296.000</ele><time>2025-10-17T13:29:33Z</time><speed>1.490</speed><sat>17</sat></trkpt>
  <trkpt lat="33.73785559" lon="-84.41922267"><ele>296.000</ele><time>2025-10-17T13:29:34Z</time><speed>1.480</speed><sat>19</sat></trkpt>
  <trkpt lat="33.73785605" lon="-84.41923625"><ele>296.000</ele><time>2025-10-17T13:29:35Z</time><speed>1.350</speed><sat>17</sat></trkpt>
  <trkpt lat="33.73785404" lon="-84.41924958"><ele>295.000</ele><time>2025-10-17T13:29:36Z</time><speed>1.230</speed><sat>18</sat></trkpt>
  <trkpt lat="33.73785047" lon="-84.41926299"><ele>295.000</ele><time>2025-10-17T13:29:37Z</time><speed>1.350</speed><sat>18</sat></trkpt>
  <trkpt lat="33.73784980" lon="-84.41927715"><ele>295.000</ele><time>2025-10-17T13:29:38Z</time><speed>1.300</speed><sat>18</sat></trkpt>
  <trkpt lat="33.73784959" lon="-84.41929216"><ele>296.000</ele><time>2025-10-17T13:29:39Z</time><speed>1.380</speed><sat>19</sat></trkpt>
  <trkpt lat="33.73785240" lon="-84.41930565"><ele>295.000</ele><time>2025-10-17T13:29:40Z</time><speed>1.470</speed><sat>19</sat></trkpt>
  <trkpt lat="33.73785223" lon="-84.41932015"><ele>295.000</ele><time>2025-10-17T13:29:41Z</time><speed>1.370</speed><sat>19</sat></trkpt>
  <trkpt lat="33.73784959" lon="-84.41933122"><ele>295.000</ele><time>2025-10-17T13:29:42Z</time><speed>0.940</speed><sat>19</sat></trkpt>
  <trkpt lat="33.73784792" lon="-84.41934211"><ele>295.000</ele><time>2025-10-17T13:29:43Z</time><speed>1.300</speed><sat>19</sat></trkpt>
  <trkpt lat="33.73784838" lon="-84.41935477"><ele>295.000</ele><time>2025-10-17T13:29:44Z</time><speed>1.250</speed><sat>19</sat></trkpt>
  <trkpt lat="33.73785248" lon="-84.41936776"><ele>295.000</ele><time>2025-10-17T13:29:45Z</time><speed>1.430</speed><sat>20</sat></trkpt>
  <trkpt lat="33.73785689" lon="-84.41938377"><ele>295.000</ele><time>2025-10-17T13:29:46Z</time><speed>1.750</speed><sat>19</sat></trkpt>
  <trkpt lat="33.73786074" lon="-84.41940020"><ele>295.000</ele><time>2025-10-17T13:29:47Z</time><speed>1.530</speed><sat>20</sat></trkpt>
  <trkpt lat="33.73786644" lon="-84.41941545"><ele>295.000</ele><time>2025-10-17T13:29:48Z</time><speed>1.490</speed><sat>19</sat></trkpt>
  <trkpt lat="33.73787235" lon="-84.41942761"><ele>295.000</ele><time>2025-10-17T13:29:49Z</time><speed>1.220</speed><sat>20</sat></trkpt>
  <trkpt lat="33.73787583" lon="-84.41943716"><ele>295.000</ele><time>2025-10-17T13:29:50Z</time><speed>1.000</speed><sat>19</sat></trkpt>
  <trkpt lat="33.73788094" lon="-84.41945049"><ele>295.000</ele><time>2025-10-17T13:29:51Z</time><speed>1.260</speed><sat>19</sat></trkpt>
  <trkpt lat="33.73788526" lon="-84.41946642"><ele>295.000</ele><time>2025-10-17T13:29:52Z</time><speed>1.090</speed><sat>20</sat></trkpt>
  <trkpt lat="33.73788408" lon="-84.41947773"><ele>295.000</ele><time>2025-10-17T13:29:53Z</time><speed>0.800</speed><sat>19</sat></trkpt>
  <trkpt lat="33.73788132" lon="-84.41949852"><ele>295.000</ele><time>2025-10-17T13:29:54Z</time><speed>1.510</speed><sat>17</sat></trkpt>
  <trkpt lat="33.73788203" lon="-84.41951956"><ele>295.000</ele><time>2025-10-17T13:29:55Z</time><speed>2.220</speed><sat>18</sat></trkpt>
  <trkpt lat="33.73787952" lon="-84.41953976"><ele>296.000</ele><time>2025-10-17T13:29:56Z</time><speed>0.950</speed><sat>15</sat></trkpt>
  <trkpt lat="33.73788061" lon="-84.41955543"><ele>296.000</ele><time>2025-10-17T13:29:57Z</time><speed>0.920</speed><sat>19</sat></trkpt>
  <trkpt lat="33.73787922" lon="-84.41956884"><ele>296.000</ele><time>2025-10-17T13:29:58Z</time><speed>0.810</speed><sat>19</sat></trkpt>
  <trkpt lat="33.73787591" lon="-84.41957530"><ele>296.000</ele><time>2025-10-17T13:29:59Z</time><speed>0.360</speed><sat>19</sat></trkpt>
  <trkpt lat="33.73787432" lon="-84.41958552"><ele>296.000</ele><time>2025-10-17T13:30:00Z</time><speed>0.540</speed><sat>19</sat></trkpt>
  <trkpt lat="33.73787499" lon="-84.41959944"><ele>296.000</ele><time>2025-10-17T13:30:01Z</time><speed>0.600</speed><sat>19</sat></trkpt>
  <trkpt lat="33.73788082" lon="-84.41961436"><ele>296.000</ele><time>2025-10-17T13:30:02Z</time><speed>1.180</speed><sat>19</sat></trkpt>
  <trkpt lat="33.73788312" lon="-84.41962810"><ele>295.000</ele><time>2025-10-17T13:30:03Z</time><speed>0.730</speed><sat>19</sat></trkpt>
  <trkpt lat="33.73788740" lon="-84.41964277"><ele>295.000</ele><time>2025-10-17T13:30:04Z</time><speed>0.990</speed><sat>18</sat></trkpt>
  <trkpt lat="33.73789075" lon="-84.41965518"><ele>295.000</ele><time>2025-10-17T13:30:05Z</time><speed>0.580</speed><sat>19</sat></trkpt>
  <trkpt lat="33.73788773" lon="-84.41968158"><ele>296.000</ele><time>2025-10-17T13:30:06Z</time><speed>2.100</speed><sat>19</sat></trkpt>
  <trkpt lat="33.73788869" lon="-84.41970471"><ele>296.000</ele><time>2025-10-17T13:30:07Z</time><speed>2.010</speed><sat>19</sat></trkpt>
  <trkpt lat="33.73788714" lon="-84.41972500"><ele>296.000</ele><time>2025-10-17T13:30:08Z</time><speed>1.410</speed><sat>19</sat></trkpt>
  <trkpt lat="33.73788170" lon="-84.41974059"><ele>296.000</ele><time>2025-10-17T13:30:09Z</time><speed>1.030</speed><sat>17</sat></trkpt>
  <trkpt lat="33.73787721" lon="-84.41975081"><ele>296.000</ele><time>2025-10-17T13:30:10Z</time><speed>0.970</speed><sat>18</sat></trkpt>
  <trkpt lat="33.73787595" lon="-84.41975886"><ele>295.000</ele><time>2025-10-17T13:30:11Z</time><speed>0.620</speed><sat>18</sat></trkpt>
  <trkpt lat="33.73787763" lon="-84.41976741"><ele>295.000</ele><time>2025-10-17T13:30:12Z</time><speed>0.210</speed><sat>18</sat></trkpt>
  <trkpt lat="33.73787604" lon="-84.41978250"><ele>295.000</ele><time>2025-10-17T13:30:13Z</time><speed>1.050</speed><sat>18</sat></trkpt>
  <trkpt lat="33.73787809" lon="-84.41980077"><ele>295.000</ele><time>2025-10-17T13:30:14Z</time><speed>1.600</speed><sat>19</sat></trkpt>
  <trkpt lat="33.73787826" lon="-84.41982307"><ele>295.000</ele><time>2025-10-17T13:30:15Z</time><speed>1.920</speed><sat>18</sat></trkpt>
  <trkpt lat="33.73788061" lon="-84.41984486"><ele>295.000</ele><time>2025-10-17T13:30:16Z</time><speed>1.870</speed><sat>19</sat></trkpt>
  <trkpt lat="33.73788375" lon="-84.41986875"><ele>295.000</ele><time>2025-10-17T13:30:17Z</time><speed>2.000</speed><sat>18</sat></trkpt>
  <trkpt lat="33.73789113" lon="-84.41988878"><ele>294.000</ele><time>2025-10-17T13:30:18Z</time><speed>2.090</speed><sat>17</sat></trkpt>
  <trkpt lat="33.73789356" lon="-84.41990806"><ele>294.000</ele><time>2025-10-17T13:30:19Z</time><speed>1.810</speed><sat>16</sat></trkpt>
  <trkpt lat="33.73789381" lon="-84.41992172"><ele>294.000</ele><time>2025-10-17T13:30:20Z</time><speed>1.070</speed><sat>17</sat></trkpt>
  <trkpt lat="33.73789683" lon="-84.41993698"><ele>294.000</ele><time>2025-10-17T13:30:21Z</time><speed>1.220</speed><sat>16</sat></trkpt>
  <trkpt lat="33.73789959" lon="-84.41995190"><ele>294.000</ele><time>2025-10-17T13:30:22Z</time><speed>1.420</speed><sat>16</sat></trkpt>
  <trkpt lat="33.73790261" lon="-84.41996740"><ele>294.000</ele><time>2025-10-17T13:30:23Z</time><speed>1.490</speed><sat>16</sat></trkpt>
  <trkpt lat="33.73790353" lon="-84.41998207"><ele>294.000</ele><time>2025-10-17T13:30:24Z</time><speed>1.230</speed><sat>16</sat></trkpt>
  <trkpt lat="33.73790688" lon="-84.41999364"><ele>294.000</ele><time>2025-10-17T13:30:25Z</time><speed>1.030</speed><sat>16</sat></trkpt>
  <trkpt lat="33.73791338" lon="-84.42000344"><ele>294.000</ele><time>2025-10-17T13:30:26Z</time><speed>1.200</speed><sat>17</sat></trkpt>
  <trkpt lat="33.73791996" lon="-84.42001702"><ele>294.000</ele><time>2025-10-17T13:30:27Z</time><speed>1.370</speed><sat>18</sat></trkpt>
  <trkpt lat="33.73792306" lon="-84.42003052"><ele>294.000</ele><time>2025-10-17T13:30:28Z</time><speed>1.510</speed><sat>18</sat></trkpt>
  <trkpt lat="33.73792457" lon="-84.42004602"><ele>294.000</ele><time>2025-10-17T13:30:29Z</time><speed>1.260</speed><sat>18</sat></trkpt>
  <trkpt lat="33.73792968" lon="-84.42006530"><ele>294.000</ele><time>2025-10-17T13:30:30Z</time><speed>1.590</speed><sat>18</sat></trkpt>
  <trkpt lat="33.73793777" lon="-84.42007620"><ele>294.000</ele><time>2025-10-17T13:30:31Z</time><speed>1.830</speed><sat>17</sat></trkpt>
  <trkpt lat="33.73794393" lon="-84.42008634"><ele>294.000</ele><time>2025-10-17T13:30:32Z</time><speed>1.120</speed><sat>17</sat></trkpt>
  <trkpt lat="33.73794946" lon="-84.42010235"><ele>294.000</ele><time>2025-10-17T13:30:33Z</time><speed>1.270</speed><sat>17</sat></trkpt>
  <trkpt lat="33.73795680" lon="-84.42011635"><ele>294.000</ele><time>2025-10-17T13:30:34Z</time><speed>1.400</speed><sat>18</sat></trkpt>
  <trkpt lat="33.73796049" lon="-84.42013253"><ele>294.000</ele><time>2025-10-17T13:30:35Z</time><speed>1.490</speed><sat>17</sat></trkpt>
  <trkpt lat="33.73796459" lon="-84.42014795"><ele>294.000</ele><time>2025-10-17T13:30:36Z</time><speed>1.140</speed><sat>17</sat></trkpt>
  <trkpt lat="33.73796723" lon="-84.42016413"><ele>294.000</ele><time>2025-10-17T13:30:37Z</time><speed>1.370</speed><sat>17</sat></trkpt>
  <trkpt lat="33.73796447" lon="-84.42017879"><ele>294.000</ele><time>2025-10-17T13:30:38Z</time><speed>1.150</speed><sat>17</sat></trkpt>
  <trkpt lat="33.73797012" lon="-84.42019028"><ele>293.000</ele><time>2025-10-17T13:30:39Z</time><speed>1.330</speed><sat>16</sat></trkpt>
  <trkpt lat="33.73797507" lon="-84.42020243"><ele>293.000</ele><time>2025-10-17T13:30:40Z</time><speed>0.980</speed><sat>17</sat></trkpt>
  <trkpt lat="33.73798031" lon="-84.42021601"><ele>293.000</ele><time>2025-10-17T13:30:41Z</time><speed>1.340</speed><sat>17</sat></trkpt>
  <trkpt lat="33.73798517" lon="-84.42023118"><ele>293.000</ele><time>2025-10-17T13:30:42Z</time><speed>1.550</speed><sat>17</sat></trkpt>
  <trkpt lat="33.73798823" lon="-84.42024719"><ele>293.000</ele><time>2025-10-17T13:30:43Z</time><speed>1.420</speed><sat>17</sat></trkpt>
  <trkpt lat="33.73798907" lon="-84.42026286"><ele>293.000</ele><time>2025-10-17T13:30:44Z</time><speed>1.420</speed><sat>17</sat></trkpt>
  <trkpt lat="33.73798915" lon="-84.42028097"><ele>293.000</ele><time>2025-10-17T13:30:45Z</time><speed>1.570</speed><sat>17</sat></trkpt>
  <trkpt lat="33.73799095" lon="-84.42029782"><ele>293.000</ele><time>2025-10-17T13:30:46Z</time><speed>1.450</speed><sat>16</sat></trkpt>
  <trkpt lat="33.73799397" lon="-84.42031349"><ele>292.000</ele><time>2025-10-17T13:30:47Z</time><speed>1.530</speed><sat>17</sat></trkpt>
  <trkpt lat="33.73799615" lon="-84.42032749"><ele>292.000</ele><time>2025-10-17T13:30:48Z</time><speed>1.280</speed><sat>17</sat></trkpt>
  <trkpt lat="33.73799820" lon="-84.42034132"><ele>292.000</ele><time>2025-10-17T13:30:49Z</time><speed>1.110</speed><sat>18</sat></trkpt>
  <trkpt lat="33.73799682" lon="-84.42035506"><ele>292.000</ele><time>2025-10-17T13:30:50Z</time><speed>1.270</speed><sat>16</sat></trkpt>
  <trkpt lat="33.73799121" lon="-84.42037049"><ele>292.000</ele><time>2025-10-17T13:30:51Z</time><speed>1.100</speed><sat>18</sat></trkpt>
  <trkpt lat="33.73798324" lon="-84.42038549"><ele>291.000</ele><time>2025-10-17T13:30:52Z</time><speed>1.020</speed><sat>18</sat></trkpt>
  <trkpt lat="33.73797465" lon="-84.42040066"><ele>291.000</ele><time>2025-10-17T13:30:53Z</time><speed>0.750</speed><sat>17</sat></trkpt>
  <trkpt lat="33.73796694" lon="-84.42042212"><ele>290.000</ele><time>2025-10-17T13:30:54Z</time><speed>2.470</speed><sat>17</sat></trkpt>
  <trkpt lat="33.73796816" lon="-84.42044861"><ele>290.000</ele><time>2025-10-17T13:30:55Z</time><speed>2.610</speed><sat>16</sat></trkpt>
  <trkpt lat="33.73796816" lon="-84.42046872"><ele>290.000</ele><time>2025-10-17T13:30:56Z</time><speed>1.670</speed><sat>18</sat></trkpt>
  <trkpt lat="33.73796241" lon="-84.42048624"><ele>290.000</ele><time>2025-10-17T13:30:57Z</time><speed>1.730</speed><sat>16</sat></trkpt>
  <trkpt lat="33.73795826" lon="-84.42050636"><ele>290.000</ele><time>2025-10-17T13:30:58Z</time><speed>2.020</speed><sat>18</sat></trkpt>
  <trkpt lat="33.73795780" lon="-84.42052371"><ele>290.000</ele><time>2025-10-17T13:30:59Z</time><speed>2.080</speed><sat>18</sat></trkpt>
  <trkpt lat="33.73795868" lon="-84.42054383"><ele>290.000</ele><time>2025-10-17T13:31:00Z</time><speed>1.970</speed><sat>18</sat></trkpt>
  <trkpt lat="33.73795504" lon="-84.42055858"><ele>290.000</ele><time>2025-10-17T13:31:01Z</time><speed>1.470</speed><sat>18</sat></trkpt>
  <trkpt lat="33.73794967" lon="-84.42057216"><ele>290.000</ele><time>2025-10-17T13:31:02Z</time><speed>1.200</speed><sat>17</sat></trkpt>
  <trkpt lat="33.73794485" lon="-84.42057911"><ele>290.000</ele><time>2025-10-17T13:31:03Z</time><speed>0.390</speed><sat>17</sat></trkpt>
  <trkpt lat="33.73794196" lon="-84.42058288"><ele>290.000</ele><time>2025-10-17T13:31:04Z</time><speed>0.280</speed><sat>16</sat></trkpt>
  <trkpt lat="33.73794188" lon="-84.42058213"><ele>290.000</ele><time>2025-10-17T13:31:05Z</time><speed>0.000</speed><sat>16</sat></trkpt>
  <trkpt lat="33.73793551" lon="-84.42058389"><ele>291.000</ele><time>2025-10-17T13:31:06Z</time><speed>0.000</speed><sat>17</sat></trkpt>
  <trkpt lat="33.73793358" lon="-84.42057920"><ele>291.000</ele><time>2025-10-17T13:31:07Z</time><speed>0.280</speed><sat>16</sat></trkpt>
  <trkpt lat="33.73793383" lon="-84.42057936"><ele>291.000</ele><time>2025-10-17T13:31:08Z</time><speed>0.000</speed><sat>16</sat></trkpt>
  <trkpt lat="33.73793383" lon="-84.42057928"><ele>291.000</ele><time>2025-10-17T13:31:09Z</time><speed>0.000</speed><sat>13</sat></trkpt>
  <trkpt lat="33.73793379" lon="-84.42057928"><ele>291.000</ele><time>2025-10-17T13:31:10Z</time><speed>0.000</speed><sat>18</sat></trkpt>
  <trkpt lat="33.73793379" lon="-84.42057936"><ele>291.000</ele><time>2025-10-17T13:31:11Z</time><speed>0.000</speed><sat>18</sat></trkpt>
  <trkpt lat="33.73793358" lon="-84.42057962"><ele>291.000</ele><time>2025-10-17T13:31:12Z</time><speed>0.000</speed><sat>17</sat></trkpt>
  <trkpt lat="33.73793572" lon="-84.42057626"><ele>290.000</ele><time>2025-10-17T13:31:13Z</time><speed>0.050</speed><sat>18</sat></trkpt>
  <trkpt lat="33.73794054" lon="-84.42057593"><ele>291.000</ele><time>2025-10-17T13:31:14Z</time><speed>0.120</speed><sat>18</sat></trkpt>
  <trkpt lat="33.73794024" lon="-84.42057618"><ele>291.000</ele><time>2025-10-17T13:31:15Z</time><speed>0.000</speed><sat>18</sat></trkpt>
  <trkpt lat="33.73794020" lon="-84.42057618"><ele>291.000</ele><time>2025-10-17T13:31:16Z</time><speed>0.000</speed><sat>18</sat></trkpt>
  <trkpt lat="33.73793102" lon="-84.42057199"><ele>291.000</ele><time>2025-10-17T13:31:17Z</time><speed>0.180</speed><sat>16</sat></trkpt>
  <trkpt lat="33.73793060" lon="-84.42057291"><ele>291.000</ele><time>2025-10-17T13:31:18Z</time><speed>0.330</speed><sat>18</sat></trkpt>
  <trkpt lat="33.73793006" lon="-84.42057668"><ele>291.000</ele><time>2025-10-17T13:31:19Z</time><speed>0.230</speed><sat>18</sat></trkpt>
  <trkpt lat="33.73792960" lon="-84.42057677"><ele>291.000</ele><time>2025-10-17T13:31:20Z</time><speed>0.000</speed><sat>18</sat></trkpt>
  <trkpt lat="33.73792377" lon="-84.42057484"><ele>291.000</ele><time>2025-10-17T13:31:21Z</time><speed>0.590</speed><sat>17</sat></trkpt>
  <trkpt lat="33.73791824" lon="-84.42057040"><ele>290.000</ele><time>2025-10-17T13:31:22Z</time><speed>0.350</speed><sat>17</sat></trkpt>
  <trkpt lat="33.73791900" lon="-84.42056763"><ele>290.000</ele><time>2025-10-17T13:31:23Z</time><speed>0.110</speed><sat>18</sat></trkpt>
  <trkpt lat="33.73791900" lon="-84.42056755"><ele>290.000</ele><time>2025-10-17T13:31:24Z</time><speed>0.000</speed><sat>18</sat></trkpt>
  <trkpt lat="33.73791900" lon="-84.42056738"><ele>290.000</ele><time>2025-10-17T13:31:25Z</time><speed>0.000</speed><sat>18</sat></trkpt>
  <trkpt lat="33.73791904" lon="-84.42056729"><ele>290.000</ele><time>2025-10-17T13:31:26Z</time><speed>0.000</speed><sat>17</sat></trkpt>
  <trkpt lat="33.73792201" lon="-84.42056553"><ele>290.000</ele><time>2025-10-17T13:31:27Z</time><speed>0.070</speed><sat>17</sat></trkpt>
  <trkpt lat="33.73792444" lon="-84.42056411"><ele>290.000</ele><time>2025-10-17T13:31:28Z</time><speed>0.150</speed><sat>18</sat></trkpt>
  <trkpt lat="33.73792767" lon="-84.42056260"><ele>290.000</ele><time>2025-10-17T13:31:29Z</time><speed>0.060</speed><sat>17</sat></trkpt>
  <trkpt lat="33.73792763" lon="-84.42056243"><ele>290.000</ele><time>2025-10-17T13:31:30Z</time><speed>0.000</speed><sat>17</sat></trkpt>
  <trkpt lat="33.73792775" lon="-84.42056252"><ele>290.000</ele><time>2025-10-17T13:31:31Z</time><speed>0.000</speed><sat>17</sat></trkpt>
  <trkpt lat="33.73792784" lon="-84.42056252"><ele>290.000</ele><time>2025-10-17T13:31:32Z</time><speed>0.000</speed><sat>17</sat></trkpt>
  <trkpt lat="33.73792788" lon="-84.42056252"><ele>290.000</ele><time>2025-10-17T13:31:33Z</time><speed>0.000</speed><sat>16</sat></trkpt>
  <trkpt lat="33.73793442" lon="-84.42056294"><ele>290.000</ele><time>2025-10-17T13:31:34Z</time><speed>0.240</speed><sat>16</sat></trkpt>
  <trkpt lat="33.73793446" lon="-84.42056310"><ele>290.000</ele><time>2025-10-17T13:31:35Z</time><speed>0.000</speed><sat>17</sat></trkpt>
  <trkpt lat="33.73793450" lon="-84.42056302"><ele>290.000</ele><time>2025-10-17T13:31:36Z</time><speed>0.000</speed><sat>19</sat></trkpt>
  <trkpt lat="33.73793446" lon="-84.42056294"><ele>290.000</ele><time>2025-10-17T13:31:37Z</time><speed>0.000</speed><sat>17</sat></trkpt>
  <trkpt lat="33.73793450" lon="-84.42056294"><ele>290.000</ele><time>2025-10-17T13:31:38Z</time><speed>0.000</speed><sat>18</sat></trkpt>
  <trkpt lat="33.73793450" lon="-84.42056285"><ele>290.000</ele><time>2025-10-17T13:31:39Z</time><speed>0.000</speed><sat>18</sat></trkpt>
  <trkpt lat="33.73793454" lon="-84.42056294"><ele>290.000</ele><time>2025-10-17T13:31:40Z</time><speed>0.000</speed><sat>17</sat></trkpt>
  <trkpt lat="33.73793509" lon="-84.42056327"><ele>290.000</ele><time>2025-10-17T13:31:41Z</time><speed>0.080</speed><sat>18</sat></trkpt>
  <trkpt lat="33.73793907" lon="-84.42056394"><ele>290.000</ele><time>2025-10-17T13:31:42Z</time><speed>0.010</speed><sat>17</sat></trkpt>
  <trkpt lat="33.73793915" lon="-84.42056403"><ele>290.000</ele><time>2025-10-17T13:31:43Z</time><speed>0.000</speed><sat>18</sat></trkpt>
  <trkpt lat="33.73793920" lon="-84.42056403"><ele>290.000</ele><time>2025-10-17T13:31:44Z</time><speed>0.000</speed><sat>18</sat></trkpt>
  <trkpt lat="33.73793920" lon="-84.42056394"><ele>290.000</ele><time>2025-10-17T13:31:45Z</time><speed>0.000</speed><sat>16</sat></trkpt>
  <trkpt lat="33.73794033" lon="-84.42056344"><ele>291.000</ele><time>2025-10-17T13:31:46Z</time><speed>0.150</speed><sat>18</sat></trkpt>
  <trkpt lat="33.73793945" lon="-84.42056243"><ele>291.000</ele><time>2025-10-17T13:31:47Z</time><speed>0.380</speed><sat>17</sat></trkpt>
  <trkpt lat="33.73794251" lon="-84.42056159"><ele>291.000</ele><time>2025-10-17T13:31:48Z</time><speed>0.630</speed><sat>17</sat></trkpt>
  <trkpt lat="33.73794963" lon="-84.42055916"><ele>291.000</ele><time>2025-10-17T13:31:49Z</time><speed>0.650</speed><sat>18</sat></trkpt>
  <trkpt lat="33.73795701" lon="-84.42056294"><ele>291.000</ele><time>2025-10-17T13:31:50Z</time><speed>0.620</speed><sat>18</sat></trkpt>
  <trkpt lat="33.73795743" lon="-84.42057065"><ele>290.000</ele><time>2025-10-17T13:31:51Z</time><speed>0.530</speed><sat>18</sat></trkpt>
  <trkpt lat="33.73796204" lon="-84.42058129"><ele>291.000</ele><time>2025-10-17T13:31:52Z</time><speed>0.890</speed><sat>18</sat></trkpt>
  <trkpt lat="33.73796619" lon="-84.42059211"><ele>291.000</ele><time>2025-10-17T13:31:53Z</time><speed>0.990</speed><sat>18</sat></trkpt>
  <trkpt lat="33.73796878" lon="-84.42060325"><ele>290.000</ele><time>2025-10-17T13:31:54Z</time><speed>0.870</speed><sat>18</sat></trkpt>
  <trkpt lat="33.73797189" lon="-84.42061675"><ele>290.000</ele><time>2025-10-17T13:31:55Z</time><speed>1.320</speed><sat>18</sat></trkpt>
  <trkpt lat="33.73797633" lon="-84.42063125"><ele>290.000</ele><time>2025-10-17T13:31:56Z</time><speed>1.220</speed><sat>18</sat></trkpt>
  <trkpt lat="33.73798178" lon="-84.42064575"><ele>290.000</ele><time>2025-10-17T13:31:57Z</time><speed>1.180</speed><sat>18</sat></trkpt>
  <trkpt lat="33.73798400" lon="-84.42065841"><ele>290.000</ele><time>2025-10-17T13:31:58Z</time><speed>1.030</speed><sat>18</sat></trkpt>
  <trkpt lat="33.73798408" lon="-84.42067433"><ele>290.000</ele><time>2025-10-17T13:31:59Z</time><speed>1.420</speed><sat>18</sat></trkpt>
  <trkpt lat="33.73798312" lon="-84.42069059"><ele>290.000</ele><time>2025-10-17T13:32:00Z</time><speed>1.330</speed><sat>18</sat></trkpt>
  <trkpt lat="33.73798236" lon="-84.42070593"><ele>290.000</ele><time>2025-10-17T13:32:01Z</time><speed>1.200</speed><sat>17</sat></trkpt>
  <trkpt lat="33.73798010" lon="-84.42072152"><ele>290.000</ele><time>2025-10-17T13:32:02Z</time><speed>1.230</speed><sat>18</sat></trkpt>
  <trkpt lat="33.73797859" lon="-84.42073678"><ele>290.000</ele><time>2025-10-17T13:32:03Z</time><speed>1.220</speed><sat>18</sat></trkpt>
  <trkpt lat="33.73798052" lon="-84.42075144"><ele>290.000</ele><time>2025-10-17T13:32:04Z</time><speed>1.160</speed><sat>18</sat></trkpt>
  <trkpt lat="33.73798219" lon="-84.42076452"><ele>290.000</ele><time>2025-10-17T13:32:05Z</time><speed>1.100</speed><sat>18</sat></trkpt>
  <trkpt lat="33.73798287" lon="-84.42077885"><ele>290.000</ele><time>2025-10-17T13:32:06Z</time><speed>1.330</speed><sat>17</sat></trkpt>
  <trkpt lat="33.73798538" lon="-84.42079260"><ele>289.000</ele><time>2025-10-17T13:32:07Z</time><speed>1.420</speed><sat>19</sat></trkpt>
  <trkpt lat="33.73798152" lon="-84.42081121"><ele>289.000</ele><time>2025-10-17T13:32:08Z</time><speed>1.470</speed><sat>18</sat></trkpt>
  <trkpt lat="33.73798136" lon="-84.42082210"><ele>289.000</ele><time>2025-10-17T13:32:09Z</time><speed>0.490</speed><sat>19</sat></trkpt>
  <trkpt lat="33.73798391" lon="-84.42083459"><ele>289.000</ele><time>2025-10-17T13:32:10Z</time><speed>0.930</speed><sat>19</sat></trkpt>
  <trkpt lat="33.73798877" lon="-84.42084792"><ele>289.000</ele><time>2025-10-17T13:32:11Z</time><speed>1.250</speed><sat>18</sat></trkpt>
  <trkpt lat="33.73799141" lon="-84.42086301"><ele>289.000</ele><time>2025-10-17T13:32:12Z</time><speed>1.280</speed><sat>19</sat></trkpt>
  <trkpt lat="33.73799179" lon="-84.42087818"><ele>289.000</ele><time>2025-10-17T13:32:13Z</time><speed>1.140</speed><sat>19</sat></trkpt>
  <trkpt lat="33.73799598" lon="-84.42089042"><ele>289.000</ele><time>2025-10-17T13:32:14Z</time><speed>1.010</speed><sat>19</sat></trkpt>
  <trkpt lat="33.73799963" lon="-84.42090140"><ele>289.000</ele><time>2025-10-17T13:32:15Z</time><speed>0.760</speed><sat>18</sat></trkpt>
  <trkpt lat="33.73800298" lon="-84.42091523"><ele>289.000</ele><time>2025-10-17T13:32:16Z</time><speed>1.320</speed><sat>20</sat></trkpt>
  <trkpt lat="33.73800818" lon="-84.42093140"><ele>289.000</ele><time>2025-10-17T13:32:17Z</time><speed>1.340</speed><sat>19</sat></trkpt>
  <trkpt lat="33.73800692" lon="-84.42094699"><ele>290.000</ele><time>2025-10-17T13:32:18Z</time><speed>1.330</speed><sat>19</sat></trkpt>
  <trkpt lat="33.73800575" lon="-84.42096242"><ele>290.000</ele><time>2025-10-17T13:32:19Z</time><speed>1.420</speed><sat>19</sat></trkpt>
  <trkpt lat="33.73800646" lon="-84.42097943"><ele>290.000</ele><time>2025-10-17T13:32:20Z</time><speed>1.370</speed><sat>19</sat></trkpt>
  <trkpt lat="33.73800625" lon="-84.42099938"><ele>290.000</ele><time>2025-10-17T13:32:21Z</time><speed>1.910</speed><sat>18</sat></trkpt>
  <trkpt lat="33.73799904" lon="-84.42102411"><ele>289.000</ele><time>2025-10-17T13:32:22Z</time><speed>2.160</speed><sat>18</sat></trkpt>
  <trkpt lat="33.73799372" lon="-84.42104900"><ele>289.000</ele><time>2025-10-17T13:32:23Z</time><speed>3.100</speed><sat>17</sat></trkpt>
  <trkpt lat="33.73799443" lon="-84.42107147"><ele>289.000</ele><time>2025-10-17T13:32:24Z</time><speed>1.950</speed><sat>16</sat></trkpt>
  <trkpt lat="33.73799519" lon="-84.42108823"><ele>289.000</ele><time>2025-10-17T13:32:25Z</time><speed>1.950</speed><sat>17</sat></trkpt>
  <trkpt lat="33.73799234" lon="-84.42110625"><ele>289.000</ele><time>2025-10-17T13:32:26Z</time><speed>1.530</speed><sat>18</sat></trkpt>
  <trkpt lat="33.73799406" lon="-84.42112067"><ele>289.000</ele><time>2025-10-17T13:32:27Z</time><speed>1.470</speed><sat>18</sat></trkpt>
  <trkpt lat="33.73799657" lon="-84.42113291"><ele>289.000</ele><time>2025-10-17T13:32:28Z</time><speed>1.400</speed><sat>19</sat></trkpt>
  <trkpt lat="33.73799892" lon="-84.42114715"><ele>289.000</ele><time>2025-10-17T13:32:29Z</time><speed>1.350</speed><sat>18</sat></trkpt>
  <trkpt lat="33.73800034" lon="-84.42115948"><ele>289.000</ele><time>2025-10-17T13:32:30Z</time><speed>1.180</speed><sat>18</sat></trkpt>
  <trkpt lat="33.73799942" lon="-84.42116920"><ele>289.000</ele><time>2025-10-17T13:32:31Z</time><speed>1.120</speed><sat>19</sat></trkpt>
  <trkpt lat="33.73800168" lon="-84.42118286"><ele>289.000</ele><time>2025-10-17T13:32:32Z</time><speed>1.450</speed><sat>19</sat></trkpt>
  <trkpt lat="33.73800537" lon="-84.42119954"><ele>289.000</ele><time>2025-10-17T13:32:33Z</time><speed>1.600</speed><sat>19</sat></trkpt>
  <trkpt lat="33.73800763" lon="-84.42121706"><ele>289.000</ele><time>2025-10-17T13:32:34Z</time><speed>1.820</speed><sat>20</sat></trkpt>
  <trkpt lat="33.73801094" lon="-84.42123391"><ele>289.000</ele><time>2025-10-17T13:32:35Z</time><speed>1.530</speed><sat>19</sat></trkpt>
  <trkpt lat="33.73801748" lon="-84.42124682"><ele>289.000</ele><time>2025-10-17T13:32:36Z</time><speed>1.190</speed><sat>19</sat></trkpt>
  <trkpt lat="33.73802352" lon="-84.42126081"><ele>289.000</ele><time>2025-10-17T13:32:37Z</time><speed>1.360</speed><sat>18</sat></trkpt>
  <trkpt lat="33.73802603" lon="-84.42127590"><ele>289.000</ele><time>2025-10-17T13:32:38Z</time><speed>1.260</speed><sat>18</sat></trkpt>
  <trkpt lat="33.73802637" lon="-84.42128881"><ele>288.000</ele><time>2025-10-17T13:32:39Z</time><speed>1.080</speed><sat>17</sat></trkpt>
  <trkpt lat="33.73802637" lon="-84.42130054"><ele>288.000</ele><time>2025-10-17T13:32:40Z</time><speed>1.200</speed><sat>18</sat></trkpt>
  <trkpt lat="33.73802834" lon="-84.42130691"><ele>288.000</ele><time>2025-10-17T13:32:41Z</time><speed>0.180</speed><sat>18</sat></trkpt>
  <trkpt lat="33.73803588" lon="-84.42131563"><ele>288.000</ele><time>2025-10-17T13:32:42Z</time><speed>0.090</speed><sat>18</sat></trkpt>
  <trkpt lat="33.73803588" lon="-84.42132167"><ele>289.000</ele><time>2025-10-17T13:32:43Z</time><speed>0.700</speed><sat>16</sat></trkpt>
  <trkpt lat="33.73803705" lon="-84.42133022"><ele>289.000</ele><time>2025-10-17T13:32:44Z</time><speed>0.900</speed><sat>17</sat></trkpt>
  <trkpt lat="33.73803898" lon="-84.42134094"><ele>289.000</ele><time>2025-10-17T13:32:45Z</time><speed>1.050</speed><sat>17</sat></trkpt>
  <trkpt lat="33.73804326" lon="-84.42135192"><ele>288.000</ele><time>2025-10-17T13:32:46Z</time><speed>1.200</speed><sat>18</sat></trkpt>
  <trkpt lat="33.73804627" lon="-84.42136483"><ele>288.000</ele><time>2025-10-17T13:32:47Z</time><speed>1.300</speed><sat>18</sat></trkpt>
  <trkpt lat="33.73804900" lon="-84.42137950"><ele>288.000</ele><time>2025-10-17T13:32:48Z</time><speed>1.290</speed><sat>18</sat></trkpt>
  <trkpt lat="33.73805256" lon="-84.42139258"><ele>288.000</ele><time>2025-10-17T13:32:49Z</time><speed>1.280</speed><sat>19</sat></trkpt>
  <trkpt lat="33.73805566" lon="-84.42140540"><ele>288.000</ele><time>2025-10-17T13:32:50Z</time><speed>1.100</speed><sat>19</sat></trkpt>
  <trkpt lat="33.73805897" lon="-84.42141605"><ele>288.000</ele><time>2025-10-17T13:32:51Z</time><speed>0.910</speed><sat>19</sat></trkpt>
  <trkpt lat="33.73806237" lon="-84.42142501"><ele>288.000</ele><time>2025-10-17T13:32:52Z</time><speed>0.870</speed><sat>18</sat></trkpt>
  <trkpt lat="33.73806492" lon="-84.42143608"><ele>288.000</ele><time>2025-10-17T13:32:53Z</time><speed>0.940</speed><sat>19</sat></trkpt>
  <trkpt lat="33.73806589" lon="-84.42144815"><ele>288.000</ele><time>2025-10-17T13:32:54Z</time><speed>1.260</speed><sat>18</sat></trkpt>
  <trkpt lat="33.73806446" lon="-84.42146692"><ele>288.000</ele><time>2025-10-17T13:32:55Z</time><speed>1.560</speed><sat>19</sat></trkpt>
  <trkpt lat="33.73806245" lon="-84.42148587"><ele>288.000</ele><time>2025-10-17T13:32:56Z</time><speed>1.460</speed><sat>19</sat></trkpt>
  <trkpt lat="33.73806354" lon="-84.42150380"><ele>288.000</ele><time>2025-10-17T13:32:57Z</time><speed>1.410</speed><sat>18</sat></trkpt>
  <trkpt lat="33.73806421" lon="-84.42152132"><ele>287.000</ele><time>2025-10-17T13:32:58Z</time><speed>1.380</speed><sat>19</sat></trkpt>
  <trkpt lat="33.73806610" lon="-84.42153700"><ele>287.000</ele><time>2025-10-17T13:32:59Z</time><speed>1.370</speed><sat>19</sat></trkpt>
  <trkpt lat="33.73806903" lon="-84.42155150"><ele>287.000</ele><time>2025-10-17T13:33:00Z</time><speed>1.230</speed><sat>20</sat></trkpt>
  <trkpt lat="33.73807385" lon="-84.42156550"><ele>287.000</ele><time>2025-10-17T13:33:01Z</time><speed>1.190</speed><sat>19</sat></trkpt>
  <trkpt lat="33.73807599" lon="-84.42157773"><ele>287.000</ele><time>2025-10-17T13:33:02Z</time><speed>0.820</speed><sat>20</sat></trkpt>
  <trkpt lat="33.73807800" lon="-84.42158771"><ele>287.000</ele><time>2025-10-17T13:33:03Z</time><speed>0.790</speed><sat>19</sat></trkpt>
  <trkpt lat="33.73808035" lon="-84.42159684"><ele>287.000</ele><time>2025-10-17T13:33:04Z</time><speed>0.800</speed><sat>19</sat></trkpt>
  <trkpt lat="33.73808144" lon="-84.42160782"><ele>286.000</ele><time>2025-10-17T13:33:05Z</time><speed>0.970</speed><sat>19</sat></trkpt>
  <trkpt lat="33.73808001" lon="-84.42161797"><ele>286.000</ele><time>2025-10-17T13:33:06Z</time><speed>0.600</speed><sat>19</sat></trkpt>
  <trkpt lat="33.73807674" lon="-84.42163590"><ele>286.000</ele><time>2025-10-17T13:33:07Z</time><speed>1.580</speed><sat>19</sat></trkpt>
  <trkpt lat="33.73807867" lon="-84.42165166"><ele>286.000</ele><time>2025-10-17T13:33:08Z</time><speed>1.530</speed><sat>19</sat></trkpt>
  <trkpt lat="33.73807884" lon="-84.42166256"><ele>286.000</ele><time>2025-10-17T13:33:09Z</time><speed>0.590</speed><sat>19</sat></trkpt>
  <trkpt lat="33.73807670" lon="-84.42167756"><ele>286.000</ele><time>2025-10-17T13:33:10Z</time><speed>1.370</speed><sat>16</sat></trkpt>
  <trkpt lat="33.73808018" lon="-84.42169248"><ele>286.000</ele><time>2025-10-17T13:33:11Z</time><speed>1.160</speed><sat>19</sat></trkpt>
  <trkpt lat="33.73808315" lon="-84.42170782"><ele>286.000</ele><time>2025-10-17T13:33:12Z</time><speed>1.170</speed><sat>19</sat></trkpt>
  <trkpt lat="33.73808538" lon="-84.42172249"><ele>286.000</ele><time>2025-10-17T13:33:13Z</time><speed>1.200</speed><sat>18</sat></trkpt>
  <trkpt lat="33.73808961" lon="-84.42173774"><ele>286.000</ele><time>2025-10-17T13:33:14Z</time><speed>1.240</speed><sat>19</sat></trkpt>
  <trkpt lat="33.73809225" lon="-84.42175476"><ele>286.000</ele><time>2025-10-17T13:33:15Z</time><speed>1.440</speed><sat>18</sat></trkpt>
  <trkpt lat="33.73809707" lon="-84.42177127"><ele>286.000</ele><time>2025-10-17T13:33:16Z</time><speed>1.560</speed><sat>19</sat></trkpt>
  <trkpt lat="33.73809967" lon="-84.42178803"><ele>286.000</ele><time>2025-10-17T13:33:17Z</time><speed>1.460</speed><sat>19</sat></trkpt>
  <trkpt lat="33.73810180" lon="-84.42180404"><ele>286.000</ele><time>2025-10-17T13:33:18Z</time><speed>1.450</speed><sat>20</sat></trkpt>
  <trkpt lat="33.73810227" lon="-84.42181855"><ele>286.000</ele><time>2025-10-17T13:33:19Z</time><speed>1.150</speed><sat>19</sat></trkpt>
  <trkpt lat="33.73810553" lon="-84.42183740"><ele>286.000</ele><time>2025-10-17T13:33:20Z</time><speed>1.900</speed><sat>20</sat></trkpt>
  <trkpt lat="33.73810830" lon="-84.42185685"><ele>286.000</ele><time>2025-10-17T13:33:21Z</time><speed>1.810</speed><sat>17</sat></trkpt>
  <trkpt lat="33.73810797" lon="-84.42186833"><ele>284.000</ele><time>2025-10-17T13:33:22Z</time><speed>0.760</speed><sat>19</sat></trkpt>
  <trkpt lat="33.73810885" lon="-84.42187252"><ele>282.000</ele><time>2025-10-17T13:33:23Z</time><speed>0.570</speed><sat>20</sat></trkpt>
  <trkpt lat="33.73811249" lon="-84.42187973"><ele>282.000</ele><time>2025-10-17T13:33:24Z</time><speed>0.700</speed><sat>19</sat></trkpt>
  <trkpt lat="33.73811790" lon="-84.42189004"><ele>282.000</ele><time>2025-10-17T13:33:25Z</time><speed>0.980</speed><sat>20</sat></trkpt>
  <trkpt lat="33.73812230" lon="-84.42189977"><ele>282.000</ele><time>2025-10-17T13:33:26Z</time><speed>0.970</speed><sat>20</sat></trkpt>
  <trkpt lat="33.73812796" lon="-84.42191167"><ele>282.000</ele><time>2025-10-17T13:33:27Z</time><speed>0.980</speed><sat>19</sat></trkpt>
  <trkpt lat="33.73813286" lon="-84.42192684"><ele>282.000</ele><time>2025-10-17T13:33:28Z</time><speed>1.210</speed><sat>20</sat></trkpt>
  <trkpt lat="33.73813575" lon="-84.42194394"><ele>283.000</ele><time>2025-10-17T13:33:29Z</time><speed>1.620</speed><sat>19</sat></trkpt>
  <trkpt lat="33.73814313" lon="-84.42196397"><ele>283.000</ele><time>2025-10-17T13:33:30Z</time><speed>2.090</speed><sat>20</sat></trkpt>
  <trkpt lat="33.73815235" lon="-84.42198023"><ele>283.000</ele><time>2025-10-17T13:33:31Z</time><speed>1.510</speed><sat>19</sat></trkpt>
  <trkpt lat="33.73815503" lon="-84.42199448"><ele>284.000</ele><time>2025-10-17T13:33:32Z</time><speed>1.720</speed><sat>19</sat></trkpt>
  <trkpt lat="33.73815109" lon="-84.42200672"><ele>284.000</ele><time>2025-10-17T13:33:33Z</time><speed>1.470</speed><sat>20</sat></trkpt>
  <trkpt lat="33.73815205" lon="-84.42201954"><ele>284.000</ele><time>2025-10-17T13:33:34Z</time><speed>0.910</speed><sat>20</sat></trkpt>
  <trkpt lat="33.73815289" lon="-84.42202935"><ele>284.000</ele><time>2025-10-17T13:33:35Z</time><speed>0.740</speed><sat>19</sat></trkpt>
  <trkpt lat="33.73815348" lon="-84.42204268"><ele>284.000</ele><time>2025-10-17T13:33:36Z</time><speed>0.990</speed><sat>19</sat></trkpt>
  <trkpt lat="33.73815532" lon="-84.42205626"><ele>284.000</ele><time>2025-10-17T13:33:37Z</time><speed>0.990</speed><sat>18</sat></trkpt>
  <trkpt lat="33.73815813" lon="-84.42206841"><ele>283.000</ele><time>2025-10-17T13:33:38Z</time><speed>0.800</speed><sat>20</sat></trkpt>
  <trkpt lat="33.73815834" lon="-84.42208249"><ele>283.000</ele><time>2025-10-17T13:33:39Z</time><speed>0.990</speed><sat>20</sat></trkpt>
  <trkpt lat="33.73815880" lon="-84.42209607"><ele>283.000</ele><time>2025-10-17T13:33:40Z</time><speed>1.120</speed><sat>18</sat></trkpt>
  <trkpt lat="33.73815947" lon="-84.42211267"><ele>284.000</ele><time>2025-10-17T13:33:41Z</time><speed>1.260</speed><sat>18</sat></trkpt>
  <trkpt lat="33.73816324" lon="-84.42212800"><ele>284.000</ele><time>2025-10-17T13:33:42Z</time><speed>1.050</speed><sat>19</sat></trkpt>
  <trkpt lat="33.73816798" lon="-84.42214318"><ele>285.000</ele><time>2025-10-17T13:33:43Z</time><speed>1.110</speed><sat>20</sat></trkpt>
  <trkpt lat="33.73817096" lon="-84.42215759"><ele>285.000</ele><time>2025-10-17T13:33:44Z</time><speed>1.240</speed><sat>20</sat></trkpt>
  <trkpt lat="33.73817305" lon="-84.42217444"><ele>285.000</ele><time>2025-10-17T13:33:45Z</time><speed>1.380</speed><sat>20</sat></trkpt>
  <trkpt lat="33.73817603" lon="-84.42219414"><ele>285.000</ele><time>2025-10-17T13:33:46Z</time><speed>1.500</speed><sat>18</sat></trkpt>
  <trkpt lat="33.73817758" lon="-84.42221325"><ele>285.000</ele><time>2025-10-17T13:33:47Z</time><speed>1.320</speed><sat>18</sat></trkpt>
  <trkpt lat="33.73817930" lon="-84.42222859"><ele>285.000</ele><time>2025-10-17T13:33:48Z</time><speed>1.360</speed><sat>19</sat></trkpt>
  <trkpt lat="33.73817888" lon="-84.42224259"><ele>285.000</ele><time>2025-10-17T13:33:49Z</time><speed>1.080</speed><sat>20</sat></trkpt>
  <trkpt lat="33.73817871" lon="-84.42225910"><ele>284.000</ele><time>2025-10-17T13:33:50Z</time><speed>1.340</speed><sat>19</sat></trkpt>
  <trkpt lat="33.73818022" lon="-84.42227595"><ele>284.000</ele><time>2025-10-17T13:33:51Z</time><speed>1.280</speed><sat>18</sat></trkpt>
  <trkpt lat="33.73818118" lon="-84.42229237"><ele>284.000</ele><time>2025-10-17T13:33:52Z</time><speed>1.290</speed><sat>18</sat></trkpt>
  <trkpt lat="33.73818382" lon="-84.42231006"><ele>284.000</ele><time>2025-10-17T13:33:53Z</time><speed>1.280</speed><sat>19</sat></trkpt>
  <trkpt lat="33.73818629" lon="-84.42232632"><ele>284.000</ele><time>2025-10-17T13:33:54Z</time><speed>1.160</speed><sat>17</sat></trkpt>
  <trkpt lat="33.73818797" lon="-84.42234132"><ele>284.000</ele><time>2025-10-17T13:33:55Z</time><speed>1.200</speed><sat>18</sat></trkpt>
  <trkpt lat="33.73818847" lon="-84.42235465"><ele>284.000</ele><time>2025-10-17T13:33:56Z</time><speed>1.150</speed><sat>19</sat></trkpt>
  <trkpt lat="33.73818914" lon="-84.42236731"><ele>284.000</ele><time>2025-10-17T13:33:57Z</time><speed>1.180</speed><sat>18</sat></trkpt>
  <trkpt lat="33.73818994" lon="-84.42237980"><ele>284.000</ele><time>2025-10-17T13:33:58Z</time><speed>1.080</speed><sat>19</sat></trkpt>
  <trkpt lat="33.73819308" lon="-84.42238751"><ele>284.000</ele><time>2025-10-17T13:33:59Z</time><speed>0.480</speed><sat>18</sat></trkpt>
  <trkpt lat="33.73819359" lon="-84.42239371"><ele>284.000</ele><time>2025-10-17T13:34:00Z</time><speed>0.380</speed><sat>17</sat></trkpt>
  <trkpt lat="33.73819472" lon="-84.42240209"><ele>284.000</ele><time>2025-10-17T13:34:01Z</time><speed>0.780</speed><sat>19</sat></trkpt>
  <trkpt lat="33.73820084" lon="-84.42241509"><ele>284.000</ele><time>2025-10-17T13:34:02Z</time><speed>1.110</speed><sat>18</sat></trkpt>
  <trkpt lat="33.73820419" lon="-84.42242866"><ele>285.000</ele><time>2025-10-17T13:34:03Z</time><speed>0.870</speed><sat>19</sat></trkpt>
  <trkpt lat="33.73820528" lon="-84.42244174"><ele>284.000</ele><time>2025-10-17T13:34:04Z</time><speed>1.040</speed><sat>18</sat></trkpt>
  <trkpt lat="33.73820499" lon="-84.42245666"><ele>285.000</ele><time>2025-10-17T13:34:05Z</time><speed>1.240</speed><sat>20</sat></trkpt>
  <trkpt lat="33.73820591" lon="-84.42247217"><ele>284.000</ele><time>2025-10-17T13:34:06Z</time><speed>1.170</speed><sat>19</sat></trkpt>
  <trkpt lat="33.73820515" lon="-84.42248977"><ele>285.000</ele><time>2025-10-17T13:34:07Z</time><speed>1.330</speed><sat>19</sat></trkpt>
  <trkpt lat="33.73820285" lon="-84.42250502"><ele>285.000</ele><time>2025-10-17T13:34:08Z</time><speed>1.270</speed><sat>18</sat></trkpt>
  <trkpt lat="33.73820121" lon="-84.42252095"><ele>285.000</ele><time>2025-10-17T13:34:09Z</time><speed>1.270</speed><sat>19</sat></trkpt>
  <trkpt lat="33.73819941" lon="-84.42253553"><ele>285.000</ele><time>2025-10-17T13:34:10Z</time><speed>1.150</speed><sat>18</sat></trkpt>
  <trkpt lat="33.73819878" lon="-84.42254676"><ele>285.000</ele><time>2025-10-17T13:34:11Z</time><speed>1.070</speed><sat>19</sat></trkpt>
  <trkpt lat="33.73819920" lon="-84.42255816"><ele>286.000</ele><time>2025-10-17T13:34:12Z</time><speed>1.130</speed><sat>19</sat></trkpt>
  <trkpt lat="33.73820004" lon="-84.42257518"><ele>286.000</ele><time>2025-10-17T13:34:13Z</time><speed>1.510</speed><sat>19</sat></trkpt>
  <trkpt lat="33.73820193" lon="-84.42259186"><ele>286.000</ele><time>2025-10-17T13:34:14Z</time><speed>1.620</speed><sat>19</sat></trkpt>
  <trkpt lat="33.73820545" lon="-84.42260619"><ele>286.000</ele><time>2025-10-17T13:34:15Z</time><speed>1.390</speed><sat>18</sat></trkpt>
  <trkpt lat="33.73820683" lon="-84.42261910"><ele>286.000</ele><time>2025-10-17T13:34:16Z</time><speed>1.250</speed><sat>18</sat></trkpt>
  <trkpt lat="33.73820763" lon="-84.42263067"><ele>285.000</ele><time>2025-10-17T13:34:17Z</time><speed>1.240</speed><sat>19</sat></trkpt>
  <trkpt lat="33.73820880" lon="-84.42264341"><ele>286.000</ele><time>2025-10-17T13:34:18Z</time><speed>1.110</speed><sat>19</sat></trkpt>
  <trkpt lat="33.73821102" lon="-84.42265481"><ele>286.000</ele><time>2025-10-17T13:34:19Z</time><speed>1.110</speed><sat>19</sat></trkpt>
  <trkpt lat="33.73821412" lon="-84.42266537"><ele>286.000</ele><time>2025-10-17T13:34:20Z</time><speed>1.000</speed><sat>18</sat></trkpt>
  <trkpt lat="33.73821672" lon="-84.42267585"><ele>286.000</ele><time>2025-10-17T13:34:21Z</time><speed>0.990</speed><sat>19</sat></trkpt>
  <trkpt lat="33.73822045" lon="-84.42268951"><ele>286.000</ele><time>2025-10-17T13:34:22Z</time><speed>1.380</speed><sat>19</sat></trkpt>
  <trkpt lat="33.73822452" lon="-84.42270510"><ele>285.000</ele><time>2025-10-17T13:34:23Z</time><speed>1.470</speed><sat>19</sat></trkpt>
  <trkpt lat="33.73822737" lon="-84.42271817"><ele>285.000</ele><time>2025-10-17T13:34:24Z</time><speed>1.000</speed><sat>19</sat></trkpt>
  <trkpt lat="33.73823164" lon="-84.42272983"><ele>285.000</ele><time>2025-10-17T13:34:25Z</time><speed>1.130</speed><sat>19</sat></trkpt>
  <trkpt lat="33.73823344" lon="-84.42274399"><ele>285.000</ele><time>2025-10-17T13:34:26Z</time><speed>1.200</speed><sat>19</sat></trkpt>
  <trkpt lat="33.73823675" lon="-84.42275707"><ele>285.000</ele><time>2025-10-17T13:34:27Z</time><speed>1.220</speed><sat>17</sat></trkpt>
  <trkpt lat="33.73824019" lon="-84.42277148"><ele>285.000</ele><time>2025-10-17T13:34:28Z</time><speed>1.290</speed><sat>18</sat></trkpt>
  <trkpt lat="33.73824283" lon="-84.42278850"><ele>285.000</ele><time>2025-10-17T13:34:29Z</time><speed>1.270</speed><sat>18</sat></trkpt>
  <trkpt lat="33.73824476" lon="-84.42280216"><ele>285.000</ele><time>2025-10-17T13:34:30Z</time><speed>1.400</speed><sat>18</sat></trkpt>
  <trkpt lat="33.73824618" lon="-84.42281633"><ele>285.000</ele><time>2025-10-17T13:34:31Z</time><speed>1.550</speed><sat>19</sat></trkpt>
  <trkpt lat="33.73824752" lon="-84.42283359"><ele>285.000</ele><time>2025-10-17T13:34:32Z</time><speed>1.740</speed><sat>18</sat></trkpt>
  <trkpt lat="33.73824870" lon="-84.42285145"><ele>284.000</ele><time>2025-10-17T13:34:33Z</time><speed>1.670</speed><sat>18</sat></trkpt>
  <trkpt lat="33.73824907" lon="-84.42286570"><ele>284.000</ele><time>2025-10-17T13:34:34Z</time><speed>1.410</speed><sat>18</sat></trkpt>
  <trkpt lat="33.73824954" lon="-84.42287978"><ele>284.000</ele><time>2025-10-17T13:34:35Z</time><speed>1.270</speed><sat>18</sat></trkpt>
  <trkpt lat="33.73825012" lon="-84.42289336"><ele>284.000</ele><time>2025-10-17T13:34:36Z</time><speed>1.230</speed><sat>18</sat></trkpt>
  <trkpt lat="33.73825322" lon="-84.42290635"><ele>284.000</ele><time>2025-10-17T13:34:37Z</time><speed>1.300</speed><sat>19</sat></trkpt>
  <trkpt lat="33.73825691" lon="-84.42291875"><ele>284.000</ele><time>2025-10-17T13:34:38Z</time><speed>1.320</speed><sat>18</sat></trkpt>
  <trkpt lat="33.73826081" lon="-84.42293200"><ele>284.000</ele><time>2025-10-17T13:34:39Z</time><speed>1.350</speed><sat>18</sat></trkpt>
  <trkpt lat="33.73826286" lon="-84.42294348"><ele>284.000</ele><time>2025-10-17T13:34:40Z</time><speed>1.010</speed><sat>19</sat></trkpt>
  <trkpt lat="33.73826454" lon="-84.42295547"><ele>284.000</ele><time>2025-10-17T13:34:41Z</time><speed>1.080</speed><sat>17</sat></trkpt>
  <trkpt lat="33.73826659" lon="-84.42296661"><ele>284.000</ele><time>2025-10-17T13:34:42Z</time><speed>0.960</speed><sat>18</sat></trkpt>
  <trkpt lat="33.73826743" lon="-84.42297759"><ele>285.000</ele><time>2025-10-17T13:34:43Z</time><speed>0.890</speed><sat>17</sat></trkpt>
  <trkpt lat="33.73826588" lon="-84.42299025"><ele>285.000</ele><time>2025-10-17T13:34:44Z</time><speed>1.300</speed><sat>19</sat></trkpt>
  <trkpt lat="33.73826622" lon="-84.42300760"><ele>285.000</ele><time>2025-10-17T13:34:45Z</time><speed>2.040</speed><sat>17</sat></trkpt>
  <trkpt lat="33.73826743" lon="-84.42302219"><ele>285.000</ele><time>2025-10-17T13:34:46Z</time><speed>1.470</speed><sat>18</sat></trkpt>
  <trkpt lat="33.73826823" lon="-84.42303753"><ele>285.000</ele><time>2025-10-17T13:34:47Z</time><speed>1.020</speed><sat>17</sat></trkpt>
  <trkpt lat="33.73826823" lon="-84.42304901"><ele>284.000</ele><time>2025-10-17T13:34:48Z</time><speed>1.150</speed><sat>19</sat></trkpt>
  <trkpt lat="33.73827028" lon="-84.42306167"><ele>285.000</ele><time>2025-10-17T13:34:49Z</time><speed>1.310</speed><sat>20</sat></trkpt>
  <trkpt lat="33.73826902" lon="-84.42307089"><ele>285.000</ele><time>2025-10-17T13:34:50Z</time><speed>0.960</speed><sat>19</sat></trkpt>
  <trkpt lat="33.73826928" lon="-84.42308312"><ele>285.000</ele><time>2025-10-17T13:34:51Z</time><speed>1.320</speed><sat>18</sat></trkpt>
  <trkpt lat="33.73827212" lon="-84.42310072"><ele>285.000</ele><time>2025-10-17T13:34:52Z</time><speed>1.470</speed><sat>19</sat></trkpt>
  <trkpt lat="33.73827083" lon="-84.42311212"><ele>285.000</ele><time>2025-10-17T13:34:53Z</time><speed>1.150</speed><sat>20</sat></trkpt>
  <trkpt lat="33.73827129" lon="-84.42312310"><ele>284.000</ele><time>2025-10-17T13:34:54Z</time><speed>0.880</speed><sat>17</sat></trkpt>
  <trkpt lat="33.73827418" lon="-84.42313425"><ele>284.000</ele><time>2025-10-17T13:34:55Z</time><speed>1.070</speed><sat>18</sat></trkpt>
  <trkpt lat="33.73827694" lon="-84.42314976"><ele>284.000</ele><time>2025-10-17T13:34:56Z</time><speed>1.530</speed><sat>19</sat></trkpt>
  <trkpt lat="33.73828038" lon="-84.42316736"><ele>284.000</ele><time>2025-10-17T13:34:57Z</time><speed>1.480</speed><sat>18</sat></trkpt>
  <trkpt lat="33.73828302" lon="-84.42318236"><ele>284.000</ele><time>2025-10-17T13:34:58Z</time><speed>1.250</speed><sat>19</sat></trkpt>
  <trkpt lat="33.73828600" lon="-84.42319368"><ele>284.000</ele><time>2025-10-17T13:34:59Z</time><speed>0.780</speed><sat>19</sat></trkpt>
  <trkpt lat="33.73828960" lon="-84.42320433"><ele>284.000</ele><time>2025-10-17T13:35:00Z</time><speed>1.180</speed><sat>18</sat></trkpt>
  <trkpt lat="33.73829094" lon="-84.42321564"><ele>284.000</ele><time>2025-10-17T13:35:01Z</time><speed>1.320</speed><sat>20</sat></trkpt>
  <trkpt lat="33.73829140" lon="-84.42323123"><ele>284.000</ele><time>2025-10-17T13:35:02Z</time><speed>1.190</speed><sat>19</sat></trkpt>
  <trkpt lat="33.73829220" lon="-84.42324682"><ele>284.000</ele><time>2025-10-17T13:35:03Z</time><speed>1.270</speed><sat>17</sat></trkpt>
  <trkpt lat="33.73829258" lon="-84.42325830"><ele>285.000</ele><time>2025-10-17T13:35:04Z</time><speed>0.960</speed><sat>19</sat></trkpt>
  <trkpt lat="33.73829279" lon="-84.42326987"><ele>285.000</ele><time>2025-10-17T13:35:05Z</time><speed>0.980</speed><sat>19</sat></trkpt>
  <trkpt lat="33.73829266" lon="-84.42328135"><ele>285.000</ele><time>2025-10-17T13:35:06Z</time><speed>0.830</speed><sat>19</sat></trkpt>
  <trkpt lat="33.73829274" lon="-84.42329074"><ele>285.000</ele><time>2025-10-17T13:35:07Z</time><speed>0.750</speed><sat>19</sat></trkpt>
  <trkpt lat="33.73829358" lon="-84.42330415"><ele>285.000</ele><time>2025-10-17T13:35:08Z</time><speed>1.460</speed><sat>19</sat></trkpt>
  <trkpt lat="33.73829295" lon="-84.42331891"><ele>285.000</ele><time>2025-10-17T13:35:09Z</time><speed>1.360</speed><sat>18</sat></trkpt>
  <trkpt lat="33.73829354" lon="-84.42333374"><ele>285.000</ele><time>2025-10-17T13:35:10Z</time><speed>1.290</speed><sat>19</sat></trkpt>
  <trkpt lat="33.73829681" lon="-84.42334782"><ele>285.000</ele><time>2025-10-17T13:35:11Z</time><speed>1.440</speed><sat>19</sat></trkpt>
  <trkpt lat="33.73830155" lon="-84.42336333"><ele>285.000</ele><time>2025-10-17T13:35:12Z</time><speed>1.330</speed><sat>18</sat></trkpt>
  <trkpt lat="33.73830636" lon="-84.42337842"><ele>285.000</ele><time>2025-10-17T13:35:13Z</time><speed>1.250</speed><sat>19</sat></trkpt>
  <trkpt lat="33.73831022" lon="-84.42339309"><ele>285.000</ele><time>2025-10-17T13:35:14Z</time><speed>1.270</speed><sat>20</sat></trkpt>
  <trkpt lat="33.73831173" lon="-84.42340692"><ele>284.000</ele><time>2025-10-17T13:35:15Z</time><speed>1.150</speed><sat>19</sat></trkpt>
  <trkpt lat="33.73831303" lon="-84.42341873"><ele>284.000</ele><time>2025-10-17T13:35:16Z</time><speed>1.020</speed><sat>19</sat></trkpt>
  <trkpt lat="33.73831408" lon="-84.42342963"><ele>284.000</ele><time>2025-10-17T13:35:17Z</time><speed>0.900</speed><sat>20</sat></trkpt>
  <trkpt lat="33.73831579" lon="-84.42343893"><ele>284.000</ele><time>2025-10-17T13:35:18Z</time><speed>0.830</speed><sat>20</sat></trkpt>
  <trkpt lat="33.73831726" lon="-84.42344438"><ele>284.000</ele><time>2025-10-17T13:35:19Z</time><speed>0.740</speed><sat>20</sat></trkpt>
  <trkpt lat="33.73831877" lon="-84.42345059"><ele>285.000</ele><time>2025-10-17T13:35:20Z</time><speed>0.250</speed><sat>20</sat></trkpt>
  <trkpt lat="33.73831793" lon="-84.42345302"><ele>285.000</ele><time>2025-10-17T13:35:21Z</time><speed>0.060</speed><sat>20</sat></trkpt>
  <trkpt lat="33.73831789" lon="-84.42345293"><ele>285.000</ele><time>2025-10-17T13:35:22Z</time><speed>0.000</speed><sat>17</sat></trkpt>
  <trkpt lat="33.73831776" lon="-84.42345293"><ele>285.000</ele><time>2025-10-17T13:35:23Z</time><speed>0.000</speed><sat>19</sat></trkpt>
  <trkpt lat="33.73831776" lon="-84.42345293"><ele>285.000</ele><time>2025-10-17T13:35:24Z</time><speed>0.000</speed><sat>18</sat></trkpt>
  <trkpt lat="33.73831638" lon="-84.42344841"><ele>285.000</ele><time>2025-10-17T13:35:25Z</time><speed>0.420</speed><sat>19</sat></trkpt>
  <trkpt lat="33.73831416" lon="-84.42344765"><ele>285.000</ele><time>2025-10-17T13:35:26Z</time><speed>0.030</speed><sat>19</sat></trkpt>
  <trkpt lat="33.73831559" lon="-84.42344807"><ele>285.000</ele><time>2025-10-17T13:35:27Z</time><speed>0.740</speed><sat>19</sat></trkpt>
  <trkpt lat="33.73831697" lon="-84.42344547"><ele>285.000</ele><time>2025-10-17T13:35:28Z</time><speed>0.440</speed><sat>19</sat></trkpt>
  <trkpt lat="33.73831693" lon="-84.42344665"><ele>285.000</ele><time>2025-10-17T13:35:29Z</time><speed>0.000</speed><sat>19</sat></trkpt>
  <trkpt lat="33.73831693" lon="-84.42344665"><ele>285.000</ele><time>2025-10-17T13:35:30Z</time><speed>0.000</speed><sat>18</sat></trkpt>
  <trkpt lat="33.73831697" lon="-84.42344673"><ele>285.000</ele><time>2025-10-17T13:35:31Z</time><speed>0.000</speed><sat>20</sat></trkpt>
  <trkpt lat="33.73831693" lon="-84.42344673"><ele>286.000</ele><time>2025-10-17T13:35:32Z</time><speed>0.000</speed><sat>19</sat></trkpt>
  <trkpt lat="33.73831693" lon="-84.42344673"><ele>286.000</ele><time>2025-10-17T13:35:33Z</time><speed>0.000</speed><sat>17</sat></trkpt>
  <trkpt lat="33.73831693" lon="-84.42344673"><ele>286.000</ele><time>2025-10-17T13:35:34Z</time><speed>0.000</speed><sat>19</sat></trkpt>
  <trkpt lat="33.73831676" lon="-84.42344673"><ele>286.000</ele><time>2025-10-17T13:35:35Z</time><speed>0.000</speed><sat>18</sat></trkpt>
  <trkpt lat="33.73831667" lon="-84.42344673"><ele>286.000</ele><time>2025-10-17T13:35:36Z</time><speed>0.000</speed><sat>17</sat></trkpt>
  <trkpt lat="33.73831663" lon="-84.42344673"><ele>286.000</ele><time>2025-10-17T13:35:37Z</time><speed>0.000</speed><sat>18</sat></trkpt>
  <trkpt lat="33.73831374" lon="-84.42344715"><ele>286.000</ele><time>2025-10-17T13:35:38Z</time><speed>0.070</speed><sat>18</sat></trkpt>
  <trkpt lat="33.73831370" lon="-84.42344715"><ele>286.000</ele><time>2025-10-17T13:35:39Z</time><speed>0.000</speed><sat>18</sat></trkpt>
  <trkpt lat="33.73831370" lon="-84.42344715"><ele>286.000</ele><time>2025-10-17T13:35:40Z</time><speed>0.000</speed><sat>18</sat></trkpt>
  <trkpt lat="33.73831370" lon="-84.42344723"><ele>286.000</ele><time>2025-10-17T13:35:41Z</time><speed>0.000</speed><sat>14</sat></trkpt>
  <trkpt lat="33.73831362" lon="-84.42344732"><ele>286.000</ele><time>2025-10-17T13:35:42Z</time><speed>0.000</speed><sat>14</sat></trkpt>
  <trkpt lat="33.73831206" lon="-84.42344304"><ele>286.000</ele><time>2025-10-17T13:35:43Z</time><speed>1.050</speed><sat>15</sat></trkpt>
  <trkpt lat="33.73830875" lon="-84.42342821"><ele>286.000</ele><time>2025-10-17T13:35:44Z</time><speed>1.830</speed><sat>16</sat></trkpt>
  <trkpt lat="33.73830921" lon="-84.42343248"><ele>286.000</ele><time>2025-10-17T13:35:45Z</time><speed>0.380</speed><sat>16</sat></trkpt>
  <trkpt lat="33.73831173" lon="-84.42343516"><ele>286.000</ele><time>2025-10-17T13:35:46Z</time><speed>0.650</speed><sat>17</sat></trkpt>
  <trkpt lat="33.73831181" lon="-84.42343583"><ele>286.000</ele><time>2025-10-17T13:35:47Z</time><speed>0.350</speed><sat>17</sat></trkpt>
  <trkpt lat="33.73830951" lon="-84.42343458"><ele>286.000</ele><time>2025-10-17T13:35:48Z</time><speed>0.170</speed><sat>17</sat></trkpt>
  <trkpt lat="33.73830921" lon="-84.42343466"><ele>286.000</ele><time>2025-10-17T13:35:49Z</time><speed>0.000</speed><sat>18</sat></trkpt>
  <trkpt lat="33.73830917" lon="-84.42343483"><ele>286.000</ele><time>2025-10-17T13:35:50Z</time><speed>0.000</speed><sat>18</sat></trkpt>
  <trkpt lat="33.73830917" lon="-84.42343508"><ele>286.000</ele><time>2025-10-17T13:35:51Z</time><speed>0.000</speed><sat>18</sat></trkpt>
  <trkpt lat="33.73830926" lon="-84.42343541"><ele>286.000</ele><time>2025-10-17T13:35:52Z</time><speed>0.000</speed><sat>17</sat></trkpt>
  <trkpt lat="33.73830913" lon="-84.42343567"><ele>286.000</ele><time>2025-10-17T13:35:53Z</time><speed>0.000</speed><sat>18</sat></trkpt>
  <trkpt lat="33.73830926" lon="-84.42343608"><ele>286.000</ele><time>2025-10-17T13:35:54Z</time><speed>0.000</speed><sat>18</sat></trkpt>
  <trkpt lat="33.73830938" lon="-84.42343642"><ele>286.000</ele><time>2025-10-17T13:35:55Z</time><speed>0.000</speed><sat>18</sat></trkpt>
  <trkpt lat="33.73830959" lon="-84.42343684"><ele>286.000</ele><time>2025-10-17T13:35:56Z</time><speed>0.000</speed><sat>17</sat></trkpt>
  <trkpt lat="33.73830976" lon="-84.42343726"><ele>286.000</ele><time>2025-10-17T13:35:57Z</time><speed>0.000</speed><sat>17</sat></trkpt>
  <trkpt lat="33.73830984" lon="-84.42343743"><ele>286.000</ele><time>2025-10-17T13:35:58Z</time><speed>0.000</speed><sat>16</sat></trkpt>
  <trkpt lat="33.73830997" lon="-84.42343768"><ele>286.000</ele><time>2025-10-17T13:35:59Z</time><speed>0.000</speed><sat>17</sat></trkpt>
  <trkpt lat="33.73831005" lon="-84.42343793"><ele>286.000</ele><time>2025-10-17T13:36:00Z</time><speed>0.000</speed><sat>17</sat></trkpt>
  <trkpt lat="33.73831039" lon="-84.42343843"><ele>286.000</ele><time>2025-10-17T13:36:01Z</time><speed>0.000</speed><sat>16</sat></trkpt>
  <trkpt lat="33.73831047" lon="-84.42343860"><ele>286.000</ele><time>2025-10-17T13:36:02Z</time><speed>0.000</speed><sat>17</sat></trkpt>
  <trkpt lat="33.73831064" lon="-84.42343868"><ele>286.000</ele><time>2025-10-17T13:36:03Z</time><speed>0.000</speed><sat>17</sat></trkpt>
  <trkpt lat="33.73831081" lon="-84.42343893"><ele>286.000</ele><time>2025-10-17T13:36:04Z</time><speed>0.000</speed><sat>17</sat></trkpt>
  <trkpt lat="33.73831093" lon="-84.42343893"><ele>286.000</ele><time>2025-10-17T13:36:05Z</time><speed>0.000</speed><sat>17</sat></trkpt>
  <trkpt lat="33.73831098" lon="-84.42343902"><ele>286.000</ele><time>2025-10-17T13:36:06Z</time><speed>0.000</speed><sat>17</sat></trkpt>
  <trkpt lat="33.73831412" lon="-84.42343910"><ele>286.000</ele><time>2025-10-17T13:36:07Z</time><speed>0.410</speed><sat>18</sat></trkpt>
  <trkpt lat="33.73832296" lon="-84.42343986"><ele>286.000</ele><time>2025-10-17T13:36:08Z</time><speed>0.910</speed><sat>18</sat></trkpt>
  <trkpt lat="33.73833415" lon="-84.42343910"><ele>286.000</ele><time>2025-10-17T13:36:09Z</time><speed>1.240</speed><sat>18</sat></trkpt>
  <trkpt lat="33.73834727" lon="-84.42343818"><ele>286.000</ele><time>2025-10-17T13:36:10Z</time><speed>1.240</speed><sat>18</sat></trkpt>
  <trkpt lat="33.73836076" lon="-84.42343743"><ele>286.000</ele><time>2025-10-17T13:36:11Z</time><speed>1.280</speed><sat>19</sat></trkpt>
  <trkpt lat="33.73837044" lon="-84.42343734"><ele>286.000</ele><time>2025-10-17T13:36:12Z</time><speed>0.630</speed><sat>19</sat></trkpt>
  <trkpt lat="33.73838373" lon="-84.42343541"><ele>286.000</ele><time>2025-10-17T13:36:13Z</time><speed>1.850</speed><sat>20</sat></trkpt>
  <trkpt lat="33.73839781" lon="-84.42343516"><ele>286.000</ele><time>2025-10-17T13:36:14Z</time><speed>1.330</speed><sat>20</sat></trkpt>
  <trkpt lat="33.73841126" lon="-84.42343793"><ele>287.000</ele><time>2025-10-17T13:36:15Z</time><speed>1.170</speed><sat>19</sat></trkpt>
  <trkpt lat="33.73842250" lon="-84.42343902"><ele>286.000</ele><time>2025-10-17T13:36:16Z</time><speed>1.180</speed><sat>20</sat></trkpt>
  <trkpt lat="33.73843318" lon="-84.42343751"><ele>286.000</ele><time>2025-10-17T13:36:17Z</time><speed>1.100</speed><sat>19</sat></trkpt>
  <trkpt lat="33.73843058" lon="-84.42343818"><ele>286.000</ele><time>2025-10-17T13:36:18Z</time><speed>0.000</speed><sat>20</sat></trkpt>
  <trkpt lat="33.73843855" lon="-84.42343885"><ele>286.000</ele><time>2025-10-17T13:36:19Z</time><speed>0.990</speed><sat>20</sat></trkpt>
  <trkpt lat="33.73845041" lon="-84.42343432"><ele>286.000</ele><time>2025-10-17T13:36:20Z</time><speed>1.320</speed><sat>20</sat></trkpt>
  <trkpt lat="33.73846516" lon="-84.42343097"><ele>286.000</ele><time>2025-10-17T13:36:21Z</time><speed>1.450</speed><sat>19</sat></trkpt>
  <trkpt lat="33.73847719" lon="-84.42342930"><ele>286.000</ele><time>2025-10-17T13:36:22Z</time><speed>1.020</speed><sat>20</sat></trkpt>
  <trkpt lat="33.73848373" lon="-84.42342661"><ele>286.000</ele><time>2025-10-17T13:36:23Z</time><speed>0.640</speed><sat>19</sat></trkpt>
  <trkpt lat="33.73848813" lon="-84.42342066"><ele>286.000</ele><time>2025-10-17T13:36:24Z</time><speed>1.440</speed><sat>19</sat></trkpt>
  <trkpt lat="33.73849383" lon="-84.42342376"><ele>286.000</ele><time>2025-10-17T13:36:25Z</time><speed>0.740</speed><sat>20</sat></trkpt>
  <trkpt lat="33.73849705" lon="-84.42343005"><ele>286.000</ele><time>2025-10-17T13:36:26Z</time><speed>0.390</speed><sat>20</sat></trkpt>
  <trkpt lat="33.73849860" lon="-84.42343231"><ele>286.000</ele><time>2025-10-17T13:36:27Z</time><speed>0.120</speed><sat>20</sat></trkpt>
  <trkpt lat="33.73850196" lon="-84.42342921"><ele>286.000</ele><time>2025-10-17T13:36:28Z</time><speed>0.910</speed><sat>18</sat></trkpt>
  <trkpt lat="33.73850342" lon="-84.42342360"><ele>286.000</ele><time>2025-10-17T13:36:29Z</time><speed>0.620</speed><sat>20</sat></trkpt>
  <trkpt lat="33.73850393" lon="-84.42342091"><ele>286.000</ele><time>2025-10-17T13:36:30Z</time><speed>0.300</speed><sat>20</sat></trkpt>
  <trkpt lat="33.73849944" lon="-84.42342435"><ele>286.000</ele><time>2025-10-17T13:36:31Z</time><speed>0.320</speed><sat>20</sat></trkpt>
  <trkpt lat="33.73849927" lon="-84.42342435"><ele>286.000</ele><time>2025-10-17T13:36:32Z</time><speed>0.000</speed><sat>20</sat></trkpt>
  <trkpt lat="33.73849932" lon="-84.42342443"><ele>286.000</ele><time>2025-10-17T13:36:33Z</time><speed>0.000</speed><sat>20</sat></trkpt>
  <trkpt lat="33.73849936" lon="-84.42342443"><ele>286.000</ele><time>2025-10-17T13:36:34Z</time><speed>0.000</speed><sat>20</sat></trkpt>
  <trkpt lat="33.73849936" lon="-84.42342443"><ele>286.000</ele><time>2025-10-17T13:36:35Z</time><speed>0.000</speed><sat>20</sat></trkpt>
  <trkpt lat="33.73849940" lon="-84.42342452"><ele>286.000</ele><time>2025-10-17T13:36:36Z</time><speed>0.000</speed><sat>20</sat></trkpt>
  <trkpt lat="33.73849948" lon="-84.42342452"><ele>286.000</ele><time>2025-10-17T13:36:37Z</time><speed>0.000</speed><sat>20</sat></trkpt>
  <trkpt lat="33.73849957" lon="-84.42342452"><ele>286.000</ele><time>2025-10-17T13:36:38Z</time><speed>0.000</speed><sat>20</sat></trkpt>
  <trkpt lat="33.73850405" lon="-84.42342703"><ele>287.000</ele><time>2025-10-17T13:36:39Z</time><speed>0.080</speed><sat>18</sat></trkpt>
  <trkpt lat="33.73850397" lon="-84.42342695"><ele>287.000</ele><time>2025-10-17T13:36:40Z</time><speed>0.000</speed><sat>19</sat></trkpt>
  <trkpt lat="33.73850393" lon="-84.42342703"><ele>287.000</ele><time>2025-10-17T13:36:41Z</time><speed>0.000</speed><sat>20</sat></trkpt>
  <trkpt lat="33.73850393" lon="-84.42342695"><ele>287.000</ele><time>2025-10-17T13:36:42Z</time><speed>0.000</speed><sat>20</sat></trkpt>
  <trkpt lat="33.73849965" lon="-84.42342578"><ele>286.000</ele><time>2025-10-17T13:36:43Z</time><speed>0.450</speed><sat>20</sat></trkpt>
  <trkpt lat="33.73849215" lon="-84.42342636"><ele>286.000</ele><time>2025-10-17T13:36:44Z</time><speed>0.680</speed><sat>20</sat></trkpt>
  <trkpt lat="33.73848570" lon="-84.42342251"><ele>286.000</ele><time>2025-10-17T13:36:45Z</time><speed>0.770</speed><sat>20</sat></trkpt>
  <trkpt lat="33.73848054" lon="-84.42341253"><ele>286.000</ele><time>2025-10-17T13:36:46Z</time><speed>1.190</speed><sat>20</sat></trkpt>
  <trkpt lat="33.73847614" lon="-84.42339962"><ele>286.000</ele><time>2025-10-17T13:36:47Z</time><speed>1.210</speed><sat>20</sat></trkpt>
  <trkpt lat="33.73847589" lon="-84.42338403"><ele>285.000</ele><time>2025-10-17T13:36:48Z</time><speed>1.930</speed><sat>20</sat></trkpt>
  <trkpt lat="33.73847342" lon="-84.42336635"><ele>285.000</ele><time>2025-10-17T13:36:49Z</time><speed>1.310</speed><sat>20</sat></trkpt>
  <trkpt lat="33.73846964" lon="-84.42335059"><ele>285.000</ele><time>2025-10-17T13:36:50Z</time><speed>1.370</speed><sat>20</sat></trkpt>
  <trkpt lat="33.73846587" lon="-84.42333684"><ele>285.000</ele><time>2025-10-17T13:36:51Z</time><speed>1.380</speed><sat>20</sat></trkpt>
  <trkpt lat="33.73845783" lon="-84.42332310"><ele>285.000</ele><time>2025-10-17T13:36:52Z</time><speed>1.250</speed><sat>20</sat></trkpt>
  <trkpt lat="33.73845187" lon="-84.42331279"><ele>285.000</ele><time>2025-10-17T13:36:53Z</time><speed>0.820</speed><sat>20</sat></trkpt>
  <trkpt lat="33.73844861" lon="-84.42330315"><ele>285.000</ele><time>2025-10-17T13:36:54Z</time><speed>0.920</speed><sat>20</sat></trkpt>
  <trkpt lat="33.73844349" lon="-84.42329485"><ele>285.000</ele><time>2025-10-17T13:36:55Z</time><speed>0.710</speed><sat>20</sat></trkpt>
  <trkpt lat="33.73844052" lon="-84.42328529"><ele>286.000</ele><time>2025-10-17T13:36:56Z</time><speed>0.700</speed><sat>20</sat></trkpt>
  <trkpt lat="33.73843855" lon="-84.42327389"><ele>286.000</ele><time>2025-10-17T13:36:57Z</time><speed>1.170</speed><sat>20</sat></trkpt>
  <trkpt lat="33.73843804" lon="-84.42325998"><ele>286.000</ele><time>2025-10-17T13:36:58Z</time><speed>1.230</speed><sat>20</sat></trkpt>
  <trkpt lat="33.73843955" lon="-84.42323978"><ele>286.000</ele><time>2025-10-17T13:36:59Z</time><speed>2.130</speed><sat>20</sat></trkpt>
  <trkpt lat="33.73843909" lon="-84.42321631"><ele>286.000</ele><time>2025-10-17T13:37:00Z</time><speed>2.150</speed><sat>20</sat></trkpt>
  <trkpt lat="33.73844110" lon="-84.42319611"><ele>286.000</ele><time>2025-10-17T13:37:01Z</time><speed>1.820</speed><sat>20</sat></trkpt>
  <trkpt lat="33.73844253" lon="-84.42318060"><ele>286.000</ele><time>2025-10-17T13:37:02Z</time><speed>1.210</speed><sat>20</sat></trkpt>
  <trkpt lat="33.73843901" lon="-84.42316543"><ele>286.000</ele><time>2025-10-17T13:37:03Z</time><speed>1.380</speed><sat>20</sat></trkpt>
  <trkpt lat="33.73843415" lon="-84.42315278"><ele>286.000</ele><time>2025-10-17T13:37:04Z</time><speed>1.580</speed><sat>20</sat></trkpt>
  <trkpt lat="33.73843285" lon="-84.42313677"><ele>286.000</ele><time>2025-10-17T13:37:05Z</time><speed>1.580</speed><sat>20</sat></trkpt>
  <trkpt lat="33.73843176" lon="-84.42312017"><ele>286.000</ele><time>2025-10-17T13:37:06Z</time><speed>1.390</speed><sat>20</sat></trkpt>
  <trkpt lat="33.73842895" lon="-84.42310533"><ele>286.000</ele><time>2025-10-17T13:37:07Z</time><speed>1.270</speed><sat>20</sat></trkpt>
  <trkpt lat="33.73842623" lon="-84.42309259"><ele>285.000</ele><time>2025-10-17T13:37:08Z</time><speed>1.180</speed><sat>20</sat></trkpt>
  <trkpt lat="33.73842321" lon="-84.42308002"><ele>285.000</ele><time>2025-10-17T13:37:09Z</time><speed>1.100</speed><sat>20</sat></trkpt>
  <trkpt lat="33.73842195" lon="-84.42306577"><ele>285.000</ele><time>2025-10-17T13:37:10Z</time><speed>1.290</speed><sat>20</sat></trkpt>
  <trkpt lat="33.73842044" lon="-84.42305077"><ele>285.000</ele><time>2025-10-17T13:37:11Z</time><speed>1.170</speed><sat>20</sat></trkpt>
  <trkpt lat="33.73841659" lon="-84.42303769"><ele>286.000</ele><time>2025-10-17T13:37:12Z</time><speed>1.180</speed><sat>20</sat></trkpt>
  <trkpt lat="33.73841437" lon="-84.42302277"><ele>286.000</ele><time>2025-10-17T13:37:13Z</time><speed>1.290</speed><sat>20</sat></trkpt>
  <trkpt lat="33.73841160" lon="-84.42300660"><ele>286.000</ele><time>2025-10-17T13:37:14Z</time><speed>1.320</speed><sat>20</sat></trkpt>
  <trkpt lat="33.73840921" lon="-84.42299084"><ele>286.000</ele><time>2025-10-17T13:37:15Z</time><speed>1.370</speed><sat>20</sat></trkpt>
  <trkpt lat="33.73840812" lon="-84.42297399"><ele>286.000</ele><time>2025-10-17T13:37:16Z</time><speed>1.440</speed><sat>20</sat></trkpt>
  <trkpt lat="33.73840749" lon="-84.42295790"><ele>286.000</ele><time>2025-10-17T13:37:17Z</time><speed>1.220</speed><sat>20</sat></trkpt>
  <trkpt lat="33.73840808" lon="-84.42294239"><ele>286.000</ele><time>2025-10-17T13:37:18Z</time><speed>1.450</speed><sat>20</sat></trkpt>
  <trkpt lat="33.73840682" lon="-84.42292588"><ele>286.000</ele><time>2025-10-17T13:37:19Z</time><speed>1.350</speed><sat>20</sat></trkpt>
  <trkpt lat="33.73840544" lon="-84.42291020"><ele>286.000</ele><time>2025-10-17T13:37:20Z</time><speed>1.650</speed><sat>20</sat></trkpt>
  <trkpt lat="33.73840284" lon="-84.42289302"><ele>286.000</ele><time>2025-10-17T13:37:21Z</time><speed>1.340</speed><sat>20</sat></trkpt>
  <trkpt lat="33.73839907" lon="-84.42287877"><ele>286.000</ele><time>2025-10-17T13:37:22Z</time><speed>1.340</speed><sat>20</sat></trkpt>
  <trkpt lat="33.73839785" lon="-84.42286327"><ele>286.000</ele><time>2025-10-17T13:37:23Z</time><speed>1.400</speed><sat>20</sat></trkpt>
  <trkpt lat="33.73839358" lon="-84.42284726"><ele>285.000</ele><time>2025-10-17T13:37:24Z</time><speed>1.520</speed><sat>20</sat></trkpt>
  <trkpt lat="33.73839023" lon="-84.42283091"><ele>285.000</ele><time>2025-10-17T13:37:25Z</time><speed>1.360</speed><sat>19</sat></trkpt>
  <trkpt lat="33.73838993" lon="-84.42281616"><ele>285.000</ele><time>2025-10-17T13:37:26Z</time><speed>1.200</speed><sat>20</sat></trkpt>
  <trkpt lat="33.73838775" lon="-84.42280216"><ele>286.000</ele><time>2025-10-17T13:37:27Z</time><speed>1.230</speed><sat>20</sat></trkpt>
  <trkpt lat="33.73838746" lon="-84.42278548"><ele>286.000</ele><time>2025-10-17T13:37:28Z</time><speed>1.400</speed><sat>19</sat></trkpt>
  <trkpt lat="33.73838805" lon="-84.42277065"><ele>286.000</ele><time>2025-10-17T13:37:29Z</time><speed>1.580</speed><sat>20</sat></trkpt>
  <trkpt lat="33.73838800" lon="-84.42275229"><ele>286.000</ele><time>2025-10-17T13:37:30Z</time><speed>1.720</speed><sat>20</sat></trkpt>
  <trkpt lat="33.73838536" lon="-84.42273502"><ele>286.000</ele><time>2025-10-17T13:37:31Z</time><speed>1.700</speed><sat>20</sat></trkpt>
  <trkpt lat="33.73838105" lon="-84.42271792"><ele>286.000</ele><time>2025-10-17T13:37:32Z</time><speed>1.550</speed><sat>19</sat></trkpt>
  <trkpt lat="33.73837656" lon="-84.42270267"><ele>286.000</ele><time>2025-10-17T13:37:33Z</time><speed>1.460</speed><sat>20</sat></trkpt>
  <trkpt lat="33.73837258" lon="-84.42268431"><ele>286.000</ele><time>2025-10-17T13:37:34Z</time><speed>1.820</speed><sat>19</sat></trkpt>
  <trkpt lat="33.73836906" lon="-84.42266495"><ele>286.000</ele><time>2025-10-17T13:37:35Z</time><speed>1.660</speed><sat>20</sat></trkpt>
  <trkpt lat="33.73836567" lon="-84.42264852"><ele>286.000</ele><time>2025-10-17T13:37:36Z</time><speed>1.540</speed><sat>19</sat></trkpt>
  <trkpt lat="33.73836311" lon="-84.42263327"><ele>286.000</ele><time>2025-10-17T13:37:37Z</time><speed>1.460</speed><sat>20</sat></trkpt>
  <trkpt lat="33.73836127" lon="-84.42261910"><ele>286.000</ele><time>2025-10-17T13:37:38Z</time><speed>1.530</speed><sat>20</sat></trkpt>
  <trkpt lat="33.73835716" lon="-84.42260334"><ele>286.000</ele><time>2025-10-17T13:37:39Z</time><speed>1.390</speed><sat>18</sat></trkpt>
  <trkpt lat="33.73835305" lon="-84.42259027"><ele>286.000</ele><time>2025-10-17T13:37:40Z</time><speed>1.390</speed><sat>20</sat></trkpt>
  <trkpt lat="33.73834836" lon="-84.42257727"><ele>286.000</ele><time>2025-10-17T13:37:41Z</time><speed>1.320</speed><sat>20</sat></trkpt>
  <trkpt lat="33.73834408" lon="-84.42256453"><ele>286.000</ele><time>2025-10-17T13:37:42Z</time><speed>1.100</speed><sat>20</sat></trkpt>
  <trkpt lat="33.73834098" lon="-84.42255121"><ele>286.000</ele><time>2025-10-17T13:37:43Z</time><speed>1.330</speed><sat>20</sat></trkpt>
  <trkpt lat="33.73834090" lon="-84.42253511"><ele>286.000</ele><time>2025-10-17T13:37:44Z</time><speed>1.370</speed><sat>20</sat></trkpt>
  <trkpt lat="33.73833935" lon="-84.42251969"><ele>286.000</ele><time>2025-10-17T13:37:45Z</time><speed>1.350</speed><sat>20</sat></trkpt>
  <trkpt lat="33.73833746" lon="-84.42250469"><ele>286.000</ele><time>2025-10-17T13:37:46Z</time><speed>1.470</speed><sat>20</sat></trkpt>
  <trkpt lat="33.73833306" lon="-84.42249069"><ele>286.000</ele><time>2025-10-17T13:37:47Z</time><speed>1.680</speed><sat>20</sat></trkpt>
  <trkpt lat="33.73832774" lon="-84.42247728"><ele>286.000</ele><time>2025-10-17T13:37:48Z</time><speed>1.020</speed><sat>18</sat></trkpt>
  <trkpt lat="33.73832091" lon="-84.42246370"><ele>285.000</ele><time>2025-10-17T13:37:49Z</time><speed>1.720</speed><sat>20</sat></trkpt>
  <trkpt lat="33.73832254" lon="-84.42244593"><ele>285.000</ele><time>2025-10-17T13:37:50Z</time><speed>1.850</speed><sat>19</sat></trkpt>
  <trkpt lat="33.73832011" lon="-84.42242556"><ele>285.000</ele><time>2025-10-17T13:37:51Z</time><speed>1.950</speed><sat>18</sat></trkpt>
  <trkpt lat="33.73831508" lon="-84.42240058"><ele>285.000</ele><time>2025-10-17T13:37:52Z</time><speed>2.950</speed><sat>19</sat></trkpt>
  <trkpt lat="33.73831198" lon="-84.42239061"><ele>285.000</ele><time>2025-10-17T13:37:53Z</time><speed>0.560</speed><sat>18</sat></trkpt>
  <trkpt lat="33.73831357" lon="-84.42238776"><ele>285.000</ele><time>2025-10-17T13:37:54Z</time><speed>0.330</speed><sat>19</sat></trkpt>
  <trkpt lat="33.73831152" lon="-84.42237510"><ele>285.000</ele><time>2025-10-17T13:37:55Z</time><speed>1.270</speed><sat>19</sat></trkpt>
  <trkpt lat="33.73830850" lon="-84.42235968"><ele>285.000</ele><time>2025-10-17T13:37:56Z</time><speed>1.470</speed><sat>20</sat></trkpt>
  <trkpt lat="33.73830800" lon="-84.42234258"><ele>285.000</ele><time>2025-10-17T13:37:57Z</time><speed>1.680</speed><sat>20</sat></trkpt>
  <trkpt lat="33.73830431" lon="-84.42232280"><ele>285.000</ele><time>2025-10-17T13:37:58Z</time><speed>1.830</speed><sat>19</sat></trkpt>
  <trkpt lat="33.73829999" lon="-84.42230486"><ele>285.000</ele><time>2025-10-17T13:37:59Z</time><speed>1.650</speed><sat>20</sat></trkpt>
  <trkpt lat="33.73829979" lon="-84.42228936"><ele>286.000</ele><time>2025-10-17T13:38:00Z</time><speed>1.080</speed><sat>20</sat></trkpt>
  <trkpt lat="33.73830037" lon="-84.42227477"><ele>285.000</ele><time>2025-10-17T13:38:01Z</time><speed>1.630</speed><sat>20</sat></trkpt>
  <trkpt lat="33.73829953" lon="-84.42225533"><ele>286.000</ele><time>2025-10-17T13:38:02Z</time><speed>1.710</speed><sat>20</sat></trkpt>
  <trkpt lat="33.73829874" lon="-84.42224015"><ele>286.000</ele><time>2025-10-17T13:38:03Z</time><speed>1.090</speed><sat>20</sat></trkpt>
  <trkpt lat="33.73829643" lon="-84.42222741"><ele>286.000</ele><time>2025-10-17T13:38:04Z</time><speed>1.120</speed><sat>20</sat></trkpt>
  <trkpt lat="33.73829325" lon="-84.42221652"><ele>286.000</ele><time>2025-10-17T13:38:05Z</time><speed>1.440</speed><sat>20</sat></trkpt>
  <trkpt lat="33.73829191" lon="-84.42220269"><ele>286.000</ele><time>2025-10-17T13:38:06Z</time><speed>1.480</speed><sat>20</sat></trkpt>
  <trkpt lat="33.73828952" lon="-84.42218701"><ele>285.000</ele><time>2025-10-17T13:38:07Z</time><speed>1.520</speed><sat>20</sat></trkpt>
  <trkpt lat="33.73828663" lon="-84.42217167"><ele>285.000</ele><time>2025-10-17T13:38:08Z</time><speed>1.280</speed><sat>20</sat></trkpt>
  <trkpt lat="33.73828478" lon="-84.42215835"><ele>285.000</ele><time>2025-10-17T13:38:09Z</time><speed>1.320</speed><sat>20</sat></trkpt>
  <trkpt lat="33.73828369" lon="-84.42214410"><ele>285.000</ele><time>2025-10-17T13:38:10Z</time><speed>1.350</speed><sat>20</sat></trkpt>
  <trkpt lat="33.73828277" lon="-84.42212834"><ele>285.000</ele><time>2025-10-17T13:38:11Z</time><speed>1.500</speed><sat>20</sat></trkpt>
  <trkpt lat="33.73828046" lon="-84.42211342"><ele>285.000</ele><time>2025-10-17T13:38:12Z</time><speed>1.210</speed><sat>20</sat></trkpt>
  <trkpt lat="33.73827812" lon="-84.42209867"><ele>285.000</ele><time>2025-10-17T13:38:13Z</time><speed>1.450</speed><sat>20</sat></trkpt>
  <trkpt lat="33.73827460" lon="-84.42208216"><ele>285.000</ele><time>2025-10-17T13:38:14Z</time><speed>1.510</speed><sat>20</sat></trkpt>
  <trkpt lat="33.73827363" lon="-84.42206606"><ele>285.000</ele><time>2025-10-17T13:38:15Z</time><speed>1.530</speed><sat>20</sat></trkpt>
  <trkpt lat="33.73827363" lon="-84.42204913"><ele>285.000</ele><time>2025-10-17T13:38:16Z</time><speed>1.550</speed><sat>20</sat></trkpt>
  <trkpt lat="33.73827430" lon="-84.42203421"><ele>285.000</ele><time>2025-10-17T13:38:17Z</time><speed>1.300</speed><sat>20</sat></trkpt>
  <trkpt lat="33.73827456" lon="-84.42202047"><ele>285.000</ele><time>2025-10-17T13:38:18Z</time><speed>1.340</speed><sat>20</sat></trkpt>
  <trkpt lat="33.73827477" lon="-84.42200580"><ele>285.000</ele><time>2025-10-17T13:38:19Z</time><speed>1.380</speed><sat>20</sat></trkpt>
  <trkpt lat="33.73827267" lon="-84.42199012"><ele>285.000</ele><time>2025-10-17T13:38:20Z</time><speed>1.380</speed><sat>20</sat></trkpt>
  <trkpt lat="33.73827133" lon="-84.42197386"><ele>285.000</ele><time>2025-10-17T13:38:21Z</time><speed>1.450</speed><sat>20</sat></trkpt>
  <trkpt lat="33.73826852" lon="-84.42195634"><ele>285.000</ele><time>2025-10-17T13:38:22Z</time><speed>1.570</speed><sat>20</sat></trkpt>
  <trkpt lat="33.73826265" lon="-84.42194075"><ele>285.000</ele><time>2025-10-17T13:38:23Z</time><speed>1.270</speed><sat>20</sat></trkpt>
  <trkpt lat="33.73826005" lon="-84.42192625"><ele>285.000</ele><time>2025-10-17T13:38:24Z</time><speed>1.180</speed><sat>20</sat></trkpt>
  <trkpt lat="33.73825616" lon="-84.42191368"><ele>285.000</ele><time>2025-10-17T13:38:25Z</time><speed>1.040</speed><sat>20</sat></trkpt>
  <trkpt lat="33.73825239" lon="-84.42190119"><ele>285.000</ele><time>2025-10-17T13:38:26Z</time><speed>1.090</speed><sat>19</sat></trkpt>
  <trkpt lat="33.73824941" lon="-84.42188744"><ele>285.000</ele><time>2025-10-17T13:38:27Z</time><speed>1.400</speed><sat>20</sat></trkpt>
  <trkpt lat="33.73824555" lon="-84.42187353"><ele>285.000</ele><time>2025-10-17T13:38:28Z</time><speed>1.350</speed><sat>20</sat></trkpt>
  <trkpt lat="33.73824220" lon="-84.42185861"><ele>285.000</ele><time>2025-10-17T13:38:29Z</time><speed>1.250</speed><sat>20</sat></trkpt>
  <trkpt lat="33.73823981" lon="-84.42184730"><ele>285.000</ele><time>2025-10-17T13:38:30Z</time><speed>0.780</speed><sat>20</sat></trkpt>
  <trkpt lat="33.73823872" lon="-84.42184051"><ele>285.000</ele><time>2025-10-17T13:38:31Z</time><speed>0.380</speed><sat>20</sat></trkpt>
  <trkpt lat="33.73824073" lon="-84.42183942"><ele>285.000</ele><time>2025-10-17T13:38:32Z</time><speed>0.230</speed><sat>20</sat></trkpt>
  <trkpt lat="33.73824132" lon="-84.42184051"><ele>285.000</ele><time>2025-10-17T13:38:33Z</time><speed>0.000</speed><sat>20</sat></trkpt>
  <trkpt lat="33.73824132" lon="-84.42184051"><ele>285.000</ele><time>2025-10-17T13:38:34Z</time><speed>0.000</speed><sat>20</sat></trkpt>
  <trkpt lat="33.73824132" lon="-84.42184051"><ele>285.000</ele><time>2025-10-17T13:38:35Z</time><speed>0.000</speed><sat>20</sat></trkpt>
  <trkpt lat="33.73824212" lon="-84.42183372"><ele>285.000</ele><time>2025-10-17T13:38:36Z</time><speed>0.580</speed><sat>20</sat></trkpt>
  <trkpt lat="33.73823960" lon="-84.42182500"><ele>285.000</ele><time>2025-10-17T13:38:37Z</time><speed>1.020</speed><sat>20</sat></trkpt>
  <trkpt lat="33.73823315" lon="-84.42181461"><ele>285.000</ele><time>2025-10-17T13:38:38Z</time><speed>1.240</speed><sat>20</sat></trkpt>
  <trkpt lat="33.73822954" lon="-84.42180463"><ele>285.000</ele><time>2025-10-17T13:38:39Z</time><speed>0.790</speed><sat>20</sat></trkpt>
  <trkpt lat="33.73822934" lon="-84.42179734"><ele>285.000</ele><time>2025-10-17T13:38:40Z</time><speed>0.430</speed><sat>20</sat></trkpt>
  <trkpt lat="33.73823407" lon="-84.42178988"><ele>285.000</ele><time>2025-10-17T13:38:41Z</time><speed>1.100</speed><sat>20</sat></trkpt>
  <trkpt lat="33.73823566" lon="-84.42177731"><ele>285.000</ele><time>2025-10-17T13:38:42Z</time><speed>1.210</speed><sat>19</sat></trkpt>
  <trkpt lat="33.73823562" lon="-84.42176775"><ele>285.000</ele><time>2025-10-17T13:38:43Z</time><speed>0.510</speed><sat>20</sat></trkpt>
  <trkpt lat="33.73823445" lon="-84.42175945"><ele>284.000</ele><time>2025-10-17T13:38:44Z</time><speed>0.480</speed><sat>20</sat></trkpt>
  <trkpt lat="33.73823432" lon="-84.42175794"><ele>284.000</ele><time>2025-10-17T13:38:45Z</time><speed>0.020</speed><sat>19</sat></trkpt>
  <trkpt lat="33.73823432" lon="-84.42175803"><ele>284.000</ele><time>2025-10-17T13:38:46Z</time><speed>0.000</speed><sat>20</sat></trkpt>
  <trkpt lat="33.73823432" lon="-84.42175794"><ele>284.000</ele><time>2025-10-17T13:38:47Z</time><speed>0.000</speed><sat>19</sat></trkpt>
  <trkpt lat="33.73823432" lon="-84.42175794"><ele>284.000</ele><time>2025-10-17T13:38:48Z</time><speed>0.000</speed><sat>19</sat></trkpt>
  <trkpt lat="33.73823428" lon="-84.42175761"><ele>284.000</ele><time>2025-10-17T13:38:49Z</time><speed>0.000</speed><sat>19</sat></trkpt>
  <trkpt lat="33.73823428" lon="-84.42175736"><ele>284.000</ele><time>2025-10-17T13:38:50Z</time><speed>0.000</speed><sat>19</sat></trkpt>
  <trkpt lat="33.73823428" lon="-84.42175711"><ele>284.000</ele><time>2025-10-17T13:38:51Z</time><speed>0.000</speed><sat>19</sat></trkpt>
  <trkpt lat="33.73823428" lon="-84.42175694"><ele>284.000</ele><time>2025-10-17T13:38:52Z</time><speed>0.000</speed><sat>19</sat></trkpt>
  <trkpt lat="33.73823424" lon="-84.42175685"><ele>284.000</ele><time>2025-10-17T13:38:53Z</time><speed>0.000</speed><sat>19</sat></trkpt>
  <trkpt lat="33.73823420" lon="-84.42175660"><ele>284.000</ele><time>2025-10-17T13:38:54Z</time><speed>0.000</speed><sat>19</sat></trkpt>
  <trkpt lat="33.73823671" lon="-84.42175032"><ele>285.000</ele><time>2025-10-17T13:38:55Z</time><speed>0.240</speed><sat>19</sat></trkpt>
  <trkpt lat="33.73823856" lon="-84.42174504"><ele>285.000</ele><time>2025-10-17T13:38:56Z</time><speed>0.180</speed><sat>19</sat></trkpt>
  <trkpt lat="33.73823856" lon="-84.42174445"><ele>285.000</ele><time>2025-10-17T13:38:57Z</time><speed>0.000</speed><sat>19</sat></trkpt>
  <trkpt lat="33.73823864" lon="-84.42174437"><ele>285.000</ele><time>2025-10-17T13:38:58Z</time><speed>0.000</speed><sat>19</sat></trkpt>
  <trkpt lat="33.73823868" lon="-84.42174428"><ele>285.000</ele><time>2025-10-17T13:38:59Z</time><speed>0.000</speed><sat>19</sat></trkpt>
  <trkpt lat="33.73823876" lon="-84.42174411"><ele>285.000</ele><time>2025-10-17T13:39:00Z</time><speed>0.000</speed><sat>18</sat></trkpt>
  <trkpt lat="33.73823876" lon="-84.42174403"><ele>285.000</ele><time>2025-10-17T13:39:01Z</time><speed>0.000</speed><sat>19</sat></trkpt>
  <trkpt lat="33.73823885" lon="-84.42174386"><ele>285.000</ele><time>2025-10-17T13:39:02Z</time><speed>0.000</speed><sat>18</sat></trkpt>
  <trkpt lat="33.73823897" lon="-84.42174378"><ele>285.000</ele><time>2025-10-17T13:39:03Z</time><speed>0.000</speed><sat>18</sat></trkpt>
  <trkpt lat="33.73823910" lon="-84.42174353"><ele>285.000</ele><time>2025-10-17T13:39:04Z</time><speed>0.000</speed><sat>18</sat></trkpt>
  <trkpt lat="33.73823918" lon="-84.42174336"><ele>285.000</ele><time>2025-10-17T13:39:05Z</time><speed>0.000</speed><sat>18</sat></trkpt>
  <trkpt lat="33.73823931" lon="-84.42174319"><ele>285.000</ele><time>2025-10-17T13:39:06Z</time><speed>0.000</speed><sat>17</sat></trkpt>
  <trkpt lat="33.73823944" lon="-84.42174302"><ele>285.000</ele><time>2025-10-17T13:39:07Z</time><speed>0.000</speed><sat>17</sat></trkpt>
  <trkpt lat="33.73823952" lon="-84.42174286"><ele>285.000</ele><time>2025-10-17T13:39:08Z</time><speed>0.000</speed><sat>18</sat></trkpt>
  <trkpt lat="33.73823960" lon="-84.42174286"><ele>285.000</ele><time>2025-10-17T13:39:09Z</time><speed>0.000</speed><sat>18</sat></trkpt>
  <trkpt lat="33.73823973" lon="-84.42174286"><ele>285.000</ele><time>2025-10-17T13:39:10Z</time><speed>0.000</speed><sat>18</sat></trkpt>
  <trkpt lat="33.73823977" lon="-84.42174277"><ele>285.000</ele><time>2025-10-17T13:39:11Z</time><speed>0.000</speed><sat>18</sat></trkpt>
  <trkpt lat="33.73823985" lon="-84.42174269"><ele>285.000</ele><time>2025-10-17T13:39:12Z</time><speed>0.000</speed><sat>18</sat></trkpt>
  <trkpt lat="33.73823998" lon="-84.42174261"><ele>285.000</ele><time>2025-10-17T13:39:13Z</time><speed>0.000</speed><sat>18</sat></trkpt>
  <trkpt lat="33.73824002" lon="-84.42174252"><ele>285.000</ele><time>2025-10-17T13:39:14Z</time><speed>0.000</speed><sat>18</sat></trkpt>
  <trkpt lat="33.73824011" lon="-84.42174235"><ele>285.000</ele><time>2025-10-17T13:39:15Z</time><speed>0.000</speed><sat>18</sat></trkpt>
  <trkpt lat="33.73824019" lon="-84.42174227"><ele>285.000</ele><time>2025-10-17T13:39:16Z</time><speed>0.000</speed><sat>18</sat></trkpt>
  <trkpt lat="33.73824027" lon="-84.42174219"><ele>285.000</ele><time>2025-10-17T13:39:17Z</time><speed>0.000</speed><sat>18</sat></trkpt>
  <trkpt lat="33.73824036" lon="-84.42174210"><ele>285.000</ele><time>2025-10-17T13:39:18Z</time><speed>0.000</speed><sat>18</sat></trkpt>
  <trkpt lat="33.73824044" lon="-84.42174202"><ele>285.000</ele><time>2025-10-17T13:39:19Z</time><speed>0.000</speed><sat>18</sat></trkpt>
  <trkpt lat="33.73824547" lon="-84.42174093"><ele>286.000</ele><time>2025-10-17T13:39:20Z</time><speed>0.360</speed><sat>18</sat></trkpt>
  <trkpt lat="33.73824702" lon="-84.42174504"><ele>286.000</ele><time>2025-10-17T13:39:21Z</time><speed>0.120</speed><sat>18</sat></trkpt>
  <trkpt lat="33.73824786" lon="-84.42174705"><ele>285.000</ele><time>2025-10-17T13:39:22Z</time><speed>0.250</speed><sat>18</sat></trkpt>
  <trkpt lat="33.73824740" lon="-84.42174671"><ele>285.000</ele><time>2025-10-17T13:39:23Z</time><speed>0.000</speed><sat>18</sat></trkpt>
  <trkpt lat="33.73824560" lon="-84.42174361"><ele>286.000</ele><time>2025-10-17T13:39:24Z</time><speed>0.360</speed><sat>19</sat></trkpt>
  <trkpt lat="33.73824681" lon="-84.42174185"><ele>285.000</ele><time>2025-10-17T13:39:25Z</time><speed>0.030</speed><sat>20</sat></trkpt>
  <trkpt lat="33.73824715" lon="-84.42173892"><ele>285.000</ele><time>2025-10-17T13:39:26Z</time><speed>0.340</speed><sat>19</sat></trkpt>
  <trkpt lat="33.73824283" lon="-84.42173741"><ele>285.000</ele><time>2025-10-17T13:39:27Z</time><speed>0.380</speed><sat>19</sat></trkpt>
  <trkpt lat="33.73823780" lon="-84.42173255"><ele>285.000</ele><time>2025-10-17T13:39:28Z</time><speed>0.770</speed><sat>19</sat></trkpt>
  <trkpt lat="33.73823273" lon="-84.42172433"><ele>285.000</ele><time>2025-10-17T13:39:29Z</time><speed>1.040</speed><sat>20</sat></trkpt>
  <trkpt lat="33.73822871" lon="-84.42171595"><ele>285.000</ele><time>2025-10-17T13:39:30Z</time><speed>1.020</speed><sat>20</sat></trkpt>
  <trkpt lat="33.73822514" lon="-84.42170581"><ele>285.000</ele><time>2025-10-17T13:39:31Z</time><speed>0.800</speed><sat>20</sat></trkpt>
  <trkpt lat="33.73822561" lon="-84.42169684"><ele>285.000</ele><time>2025-10-17T13:39:32Z</time><speed>0.520</speed><sat>20</sat></trkpt>
  <trkpt lat="33.73822703" lon="-84.42169298"><ele>284.000</ele><time>2025-10-17T13:39:33Z</time><speed>0.450</speed><sat>20</sat></trkpt>
  <trkpt lat="33.73822632" lon="-84.42169215"><ele>284.000</ele><time>2025-10-17T13:39:34Z</time><speed>0.210</speed><sat>20</sat></trkpt>
  <trkpt lat="33.73822636" lon="-84.42169064"><ele>284.000</ele><time>2025-10-17T13:39:35Z</time><speed>0.040</speed><sat>19</sat></trkpt>
  <trkpt lat="33.73822636" lon="-84.42169064"><ele>284.000</ele><time>2025-10-17T13:39:36Z</time><speed>0.000</speed><sat>19</sat></trkpt>
  <trkpt lat="33.73822632" lon="-84.42169055"><ele>284.000</ele><time>2025-10-17T13:39:37Z</time><speed>0.000</speed><sat>18</sat></trkpt>
  <trkpt lat="33.73822489" lon="-84.42168628"><ele>284.000</ele><time>2025-10-17T13:39:38Z</time><speed>0.450</speed><sat>18</sat></trkpt>
  <trkpt lat="33.73822129" lon="-84.42167832"><ele>284.000</ele><time>2025-10-17T13:39:39Z</time><speed>0.970</speed><sat>19</sat></trkpt>
  <trkpt lat="33.73821752" lon="-84.42166633"><ele>283.000</ele><time>2025-10-17T13:39:40Z</time><speed>1.140</speed><sat>20</sat></trkpt>
  <trkpt lat="33.73821408" lon="-84.42165443"><ele>283.000</ele><time>2025-10-17T13:39:41Z</time><speed>1.040</speed><sat>20</sat></trkpt>
  <trkpt lat="33.73821052" lon="-84.42164093"><ele>283.000</ele><time>2025-10-17T13:39:42Z</time><speed>1.380</speed><sat>20</sat></trkpt>
  <trkpt lat="33.73821010" lon="-84.42162668"><ele>283.000</ele><time>2025-10-17T13:39:43Z</time><speed>1.360</speed><sat>20</sat></trkpt>
  <trkpt lat="33.73820993" lon="-84.42161386"><ele>283.000</ele><time>2025-10-17T13:39:44Z</time><speed>1.030</speed><sat>20</sat></trkpt>
  <trkpt lat="33.73820943" lon="-84.42159894"><ele>283.000</ele><time>2025-10-17T13:39:45Z</time><speed>1.550</speed><sat>19</sat></trkpt>
  <trkpt lat="33.73820737" lon="-84.42158142"><ele>283.000</ele><time>2025-10-17T13:39:46Z</time><speed>1.510</speed><sat>20</sat></trkpt>
  <trkpt lat="33.73820708" lon="-84.42156499"><ele>283.000</ele><time>2025-10-17T13:39:47Z</time><speed>1.510</speed><sat>20</sat></trkpt>
  <trkpt lat="33.73820725" lon="-84.42154731"><ele>283.000</ele><time>2025-10-17T13:39:48Z</time><speed>1.490</speed><sat>20</sat></trkpt>
  <trkpt lat="33.73821320" lon="-84.42153482"><ele>284.000</ele><time>2025-10-17T13:39:49Z</time><speed>1.100</speed><sat>20</sat></trkpt>
  <trkpt lat="33.73821563" lon="-84.42152157"><ele>284.000</ele><time>2025-10-17T13:39:50Z</time><speed>1.570</speed><sat>20</sat></trkpt>
  <trkpt lat="33.73821391" lon="-84.42150791"><ele>284.000</ele><time>2025-10-17T13:39:51Z</time><speed>1.070</speed><sat>19</sat></trkpt>
  <trkpt lat="33.73821412" lon="-84.42149618"><ele>284.000</ele><time>2025-10-17T13:39:52Z</time><speed>1.130</speed><sat>20</sat></trkpt>
  <trkpt lat="33.73821668" lon="-84.42148084"><ele>284.000</ele><time>2025-10-17T13:39:53Z</time><speed>1.420</speed><sat>20</sat></trkpt>
  <trkpt lat="33.73821161" lon="-84.42146508"><ele>284.000</ele><time>2025-10-17T13:39:54Z</time><speed>1.990</speed><sat>20</sat></trkpt>
  <trkpt lat="33.73820373" lon="-84.42144991"><ele>284.000</ele><time>2025-10-17T13:39:55Z</time><speed>1.290</speed><sat>20</sat></trkpt>
  <trkpt lat="33.73820046" lon="-84.42143667"><ele>284.000</ele><time>2025-10-17T13:39:56Z</time><speed>1.300</speed><sat>20</sat></trkpt>
  <trkpt lat="33.73819556" lon="-84.42142208"><ele>284.000</ele><time>2025-10-17T13:39:57Z</time><speed>1.420</speed><sat>20</sat></trkpt>
  <trkpt lat="33.73819208" lon="-84.42140942"><ele>284.000</ele><time>2025-10-17T13:39:58Z</time><speed>1.250</speed><sat>20</sat></trkpt>
  <trkpt lat="33.73818872" lon="-84.42139761"><ele>284.000</ele><time>2025-10-17T13:39:59Z</time><speed>1.240</speed><sat>20</sat></trkpt>
  <trkpt lat="33.73818646" lon="-84.42138352"><ele>284.000</ele><time>2025-10-17T13:40:00Z</time><speed>1.380</speed><sat>20</sat></trkpt>
  <trkpt lat="33.73818282" lon="-84.42136651"><ele>284.000</ele><time>2025-10-17T13:40:01Z</time><speed>1.670</speed><sat>20</sat></trkpt>
  <trkpt lat="33.73817921" lon="-84.42135192"><ele>284.000</ele><time>2025-10-17T13:40:02Z</time><speed>1.250</speed><sat>20</sat></trkpt>
  <trkpt lat="33.73817464" lon="-84.42133902"><ele>284.000</ele><time>2025-10-17T13:40:03Z</time><speed>1.340</speed><sat>20</sat></trkpt>
  <trkpt lat="33.73817033" lon="-84.42132544"><ele>284.000</ele><time>2025-10-17T13:40:04Z</time><speed>1.480</speed><sat>20</sat></trkpt>
  <trkpt lat="33.73816844" lon="-84.42131027"><ele>284.000</ele><time>2025-10-17T13:40:05Z</time><speed>1.230</speed><sat>20</sat></trkpt>
  <trkpt lat="33.73816802" lon="-84.42129501"><ele>284.000</ele><time>2025-10-17T13:40:06Z</time><speed>1.340</speed><sat>20</sat></trkpt>
  <trkpt lat="33.73816966" lon="-84.42127925"><ele>284.000</ele><time>2025-10-17T13:40:07Z</time><speed>1.400</speed><sat>19</sat></trkpt>
  <trkpt lat="33.73816781" lon="-84.42126509"><ele>284.000</ele><time>2025-10-17T13:40:08Z</time><speed>1.250</speed><sat>20</sat></trkpt>
  <trkpt lat="33.73816743" lon="-84.42125017"><ele>284.000</ele><time>2025-10-17T13:40:09Z</time><speed>1.370</speed><sat>20</sat></trkpt>
  <trkpt lat="33.73816350" lon="-84.42123382"><ele>284.000</ele><time>2025-10-17T13:40:10Z</time><speed>1.450</speed><sat>20</sat></trkpt>
  <trkpt lat="33.73816094" lon="-84.42121647"><ele>284.000</ele><time>2025-10-17T13:40:11Z</time><speed>1.500</speed><sat>20</sat></trkpt>
  <trkpt lat="33.73815662" lon="-84.42120072"><ele>284.000</ele><time>2025-10-17T13:40:12Z</time><speed>1.360</speed><sat>20</sat></trkpt>
  <trkpt lat="33.73815277" lon="-84.42118571"><ele>284.000</ele><time>2025-10-17T13:40:13Z</time><speed>1.470</speed><sat>20</sat></trkpt>
  <trkpt lat="33.73814828" lon="-84.42116518"><ele>284.000</ele><time>2025-10-17T13:40:14Z</time><speed>2.050</speed><sat>19</sat></trkpt>
  <trkpt lat="33.73814711" lon="-84.42114623"><ele>283.000</ele><time>2025-10-17T13:40:15Z</time><speed>1.960</speed><sat>19</sat></trkpt>
  <trkpt lat="33.73815528" lon="-84.42112050"><ele>282.000</ele><time>2025-10-17T13:40:16Z</time><speed>2.720</speed><sat>20</sat></trkpt>
  <trkpt lat="33.73816362" lon="-84.42109611"><ele>282.000</ele><time>2025-10-17T13:40:17Z</time><speed>3.310</speed><sat>19</sat></trkpt>
  <trkpt lat="33.73817012" lon="-84.42107289"><ele>283.000</ele><time>2025-10-17T13:40:18Z</time><speed>3.090</speed><sat>20</sat></trkpt>
  <trkpt lat="33.73817506" lon="-84.42105185"><ele>282.000</ele><time>2025-10-17T13:40:19Z</time><speed>2.680</speed><sat>18</sat></trkpt>
  <trkpt lat="33.73817506" lon="-84.42103568"><ele>283.000</ele><time>2025-10-17T13:40:20Z</time><speed>2.220</speed><sat>19</sat></trkpt>
  <trkpt lat="33.73817712" lon="-84.42101447"><ele>283.000</ele><time>2025-10-17T13:40:21Z</time><speed>2.090</speed><sat>20</sat></trkpt>
  <trkpt lat="33.73817502" lon="-84.42099980"><ele>283.000</ele><time>2025-10-17T13:40:22Z</time><speed>1.720</speed><sat>18</sat></trkpt>
  <trkpt lat="33.73817427" lon="-84.42098932"><ele>283.000</ele><time>2025-10-17T13:40:23Z</time><speed>1.660</speed><sat>20</sat></trkpt>
  <trkpt lat="33.73817691" lon="-84.42098404"><ele>283.000</ele><time>2025-10-17T13:40:24Z</time><speed>1.060</speed><sat>20</sat></trkpt>
  <trkpt lat="33.73816718" lon="-84.42097583"><ele>284.000</ele><time>2025-10-17T13:40:25Z</time><speed>1.510</speed><sat>19</sat></trkpt>
  <trkpt lat="33.73816039" lon="-84.42096669"><ele>284.000</ele><time>2025-10-17T13:40:26Z</time><speed>1.380</speed><sat>19</sat></trkpt>
  <trkpt lat="33.73815616" lon="-84.42096032"><ele>285.000</ele><time>2025-10-17T13:40:27Z</time><speed>0.370</speed><sat>19</sat></trkpt>
  <trkpt lat="33.73815239" lon="-84.42096091"><ele>285.000</ele><time>2025-10-17T13:40:28Z</time><speed>0.110</speed><sat>19</sat></trkpt>
  <trkpt lat="33.73815138" lon="-84.42095923"><ele>285.000</ele><time>2025-10-17T13:40:29Z</time><speed>0.100</speed><sat>19</sat></trkpt>
  <trkpt lat="33.73815075" lon="-84.42095814"><ele>285.000</ele><time>2025-10-17T13:40:30Z</time><speed>0.000</speed><sat>19</sat></trkpt>
  <trkpt lat="33.73815247" lon="-84.42095068"><ele>285.000</ele><time>2025-10-17T13:40:31Z</time><speed>0.770</speed><sat>18</sat></trkpt>
  <trkpt lat="33.73815197" lon="-84.42093794"><ele>285.000</ele><time>2025-10-17T13:40:32Z</time><speed>0.990</speed><sat>19</sat></trkpt>
  <trkpt lat="33.73814480" lon="-84.42091540"><ele>285.000</ele><time>2025-10-17T13:40:33Z</time><speed>2.390</speed><sat>19</sat></trkpt>
  <trkpt lat="33.73813407" lon="-84.42089092"><ele>286.000</ele><time>2025-10-17T13:40:34Z</time><speed>1.790</speed><sat>19</sat></trkpt>
  <trkpt lat="33.73813039" lon="-84.42087374"><ele>286.000</ele><time>2025-10-17T13:40:35Z</time><speed>1.570</speed><sat>18</sat></trkpt>
  <trkpt lat="33.73812905" lon="-84.42085882"><ele>286.000</ele><time>2025-10-17T13:40:36Z</time><speed>1.330</speed><sat>19</sat></trkpt>
  <trkpt lat="33.73812465" lon="-84.42084398"><ele>286.000</ele><time>2025-10-17T13:40:37Z</time><speed>1.250</speed><sat>19</sat></trkpt>
  <trkpt lat="33.73812004" lon="-84.42082873"><ele>287.000</ele><time>2025-10-17T13:40:38Z</time><speed>1.210</speed><sat>19</sat></trkpt>
  <trkpt lat="33.73811752" lon="-84.42081397"><ele>287.000</ele><time>2025-10-17T13:40:39Z</time><speed>1.260</speed><sat>18</sat></trkpt>
  <trkpt lat="33.73811677" lon="-84.42079972"><ele>287.000</ele><time>2025-10-17T13:40:40Z</time><speed>1.310</speed><sat>17</sat></trkpt>
  <trkpt lat="33.73811580" lon="-84.42078589"><ele>286.000</ele><time>2025-10-17T13:40:41Z</time><speed>0.780</speed><sat>18</sat></trkpt>
  <trkpt lat="33.73811677" lon="-84.42077626"><ele>286.000</ele><time>2025-10-17T13:40:42Z</time><speed>0.770</speed><sat>18</sat></trkpt>
  <trkpt lat="33.73811664" lon="-84.42076620"><ele>286.000</ele><time>2025-10-17T13:40:43Z</time><speed>0.680</speed><sat>19</sat></trkpt>
  <trkpt lat="33.73811773" lon="-84.42074231"><ele>287.000</ele><time>2025-10-17T13:40:44Z</time><speed>2.940</speed><sat>17</sat></trkpt>
  <trkpt lat="33.73812230" lon="-84.42070995"><ele>287.000</ele><time>2025-10-17T13:40:45Z</time><speed>2.900</speed><sat>17</sat></trkpt>
  <trkpt lat="33.73812293" lon="-84.42069336"><ele>287.000</ele><time>2025-10-17T13:40:46Z</time><speed>1.380</speed><sat>16</sat></trkpt>
  <trkpt lat="33.73812335" lon="-84.42068263"><ele>287.000</ele><time>2025-10-17T13:40:47Z</time><speed>1.040</speed><sat>17</sat></trkpt>
  <trkpt lat="33.73812112" lon="-84.42067416"><ele>287.000</ele><time>2025-10-17T13:40:48Z</time><speed>0.810</speed><sat>18</sat></trkpt>
  <trkpt lat="33.73811325" lon="-84.42066411"><ele>287.000</ele><time>2025-10-17T13:40:49Z</time><speed>1.000</speed><sat>18</sat></trkpt>
  <trkpt lat="33.73810939" lon="-84.42065522"><ele>287.000</ele><time>2025-10-17T13:40:50Z</time><speed>0.690</speed><sat>18</sat></trkpt>
  <trkpt lat="33.73810248" lon="-84.42064525"><ele>287.000</ele><time>2025-10-17T13:40:51Z</time><speed>0.790</speed><sat>18</sat></trkpt>
  <trkpt lat="33.73810004" lon="-84.42063242"><ele>287.000</ele><time>2025-10-17T13:40:52Z</time><speed>1.080</speed><sat>17</sat></trkpt>
  <trkpt lat="33.73810130" lon="-84.42061943"><ele>287.000</ele><time>2025-10-17T13:40:53Z</time><speed>1.130</speed><sat>20</sat></trkpt>
  <trkpt lat="33.73810612" lon="-84.42060602"><ele>287.000</ele><time>2025-10-17T13:40:54Z</time><speed>1.460</speed><sat>20</sat></trkpt>
  <trkpt lat="33.73811308" lon="-84.42059395"><ele>287.000</ele><time>2025-10-17T13:40:55Z</time><speed>1.630</speed><sat>20</sat></trkpt>
  <trkpt lat="33.73811631" lon="-84.42057819"><ele>287.000</ele><time>2025-10-17T13:40:56Z</time><speed>1.210</speed><sat>20</sat></trkpt>
  <trkpt lat="33.73811509" lon="-84.42056235"><ele>287.000</ele><time>2025-10-17T13:40:57Z</time><speed>1.380</speed><sat>20</sat></trkpt>
  <trkpt lat="33.73811077" lon="-84.42054818"><ele>288.000</ele><time>2025-10-17T13:40:58Z</time><speed>1.360</speed><sat>20</sat></trkpt>
  <trkpt lat="33.73810797" lon="-84.42053410"><ele>288.000</ele><time>2025-10-17T13:40:59Z</time><speed>1.280</speed><sat>20</sat></trkpt>
  <trkpt lat="33.73810507" lon="-84.42051834"><ele>288.000</ele><time>2025-10-17T13:41:00Z</time><speed>1.370</speed><sat>20</sat></trkpt>
  <trkpt lat="33.73809900" lon="-84.42050225"><ele>288.000</ele><time>2025-10-17T13:41:01Z</time><speed>1.170</speed><sat>19</sat></trkpt>
  <trkpt lat="33.73809162" lon="-84.42048666"><ele>288.000</ele><time>2025-10-17T13:41:02Z</time><speed>1.260</speed><sat>19</sat></trkpt>
  <trkpt lat="33.73808630" lon="-84.42047333"><ele>288.000</ele><time>2025-10-17T13:41:03Z</time><speed>1.160</speed><sat>19</sat></trkpt>
  <trkpt lat="33.73808248" lon="-84.42046344"><ele>288.000</ele><time>2025-10-17T13:41:04Z</time><speed>0.760</speed><sat>19</sat></trkpt>
  <trkpt lat="33.73807863" lon="-84.42045229"><ele>288.000</ele><time>2025-10-17T13:41:05Z</time><speed>0.920</speed><sat>20</sat></trkpt>
  <trkpt lat="33.73807641" lon="-84.42044190"><ele>288.000</ele><time>2025-10-17T13:41:06Z</time><speed>0.840</speed><sat>19</sat></trkpt>
  <trkpt lat="33.73807393" lon="-84.42043369"><ele>289.000</ele><time>2025-10-17T13:41:07Z</time><speed>0.750</speed><sat>19</sat></trkpt>
  <trkpt lat="33.73807259" lon="-84.42042371"><ele>289.000</ele><time>2025-10-17T13:41:08Z</time><speed>0.780</speed><sat>20</sat></trkpt>
  <trkpt lat="33.73807230" lon="-84.42041256"><ele>289.000</ele><time>2025-10-17T13:41:09Z</time><speed>0.810</speed><sat>20</sat></trkpt>
  <trkpt lat="33.73807226" lon="-84.42040225"><ele>289.000</ele><time>2025-10-17T13:41:10Z</time><speed>0.920</speed><sat>20</sat></trkpt>
  <trkpt lat="33.73807071" lon="-84.42039044"><ele>289.000</ele><time>2025-10-17T13:41:11Z</time><speed>1.000</speed><sat>20</sat></trkpt>
  <trkpt lat="33.73807075" lon="-84.42038004"><ele>289.000</ele><time>2025-10-17T13:41:12Z</time><speed>0.850</speed><sat>20</sat></trkpt>
  <trkpt lat="33.73806932" lon="-84.42037124"><ele>289.000</ele><time>2025-10-17T13:41:13Z</time><speed>0.650</speed><sat>20</sat></trkpt>
  <trkpt lat="33.73806689" lon="-84.42035951"><ele>289.000</ele><time>2025-10-17T13:41:14Z</time><speed>1.000</speed><sat>20</sat></trkpt>
  <trkpt lat="33.73806216" lon="-84.42034224"><ele>289.000</ele><time>2025-10-17T13:41:15Z</time><speed>1.560</speed><sat>20</sat></trkpt>
  <trkpt lat="33.73805394" lon="-84.42032749"><ele>289.000</ele><time>2025-10-17T13:41:16Z</time><speed>1.180</speed><sat>19</sat></trkpt>
  <trkpt lat="33.73804908" lon="-84.42031492"><ele>289.000</ele><time>2025-10-17T13:41:17Z</time><speed>0.950</speed><sat>20</sat></trkpt>
  <trkpt lat="33.73804678" lon="-84.42030041"><ele>289.000</ele><time>2025-10-17T13:41:18Z</time><speed>1.280</speed><sat>20</sat></trkpt>
  <trkpt lat="33.73804447" lon="-84.42028499"><ele>289.000</ele><time>2025-10-17T13:41:19Z</time><speed>1.070</speed><sat>18</sat></trkpt>
  <trkpt lat="33.73804078" lon="-84.42027208"><ele>289.000</ele><time>2025-10-17T13:41:20Z</time><speed>1.140</speed><sat>19</sat></trkpt>
  <trkpt lat="33.73804053" lon="-84.42025574"><ele>289.000</ele><time>2025-10-17T13:41:21Z</time><speed>1.280</speed><sat>19</sat></trkpt>
  <trkpt lat="33.73804175" lon="-84.42024141"><ele>289.000</ele><time>2025-10-17T13:41:22Z</time><speed>1.070</speed><sat>18</sat></trkpt>
  <trkpt lat="33.73804527" lon="-84.42022657"><ele>289.000</ele><time>2025-10-17T13:41:23Z</time><speed>1.530</speed><sat>19</sat></trkpt>
  <trkpt lat="33.73804284" lon="-84.42021576"><ele>289.000</ele><time>2025-10-17T13:41:24Z</time><speed>1.490</speed><sat>16</sat></trkpt>
  <trkpt lat="33.73803664" lon="-84.42020838"><ele>289.000</ele><time>2025-10-17T13:41:25Z</time><speed>0.930</speed><sat>18</sat></trkpt>
  <trkpt lat="33.73803173" lon="-84.42020067"><ele>289.000</ele><time>2025-10-17T13:41:26Z</time><speed>0.310</speed><sat>17</sat></trkpt>
  <trkpt lat="33.73802754" lon="-84.42019179"><ele>289.000</ele><time>2025-10-17T13:41:27Z</time><speed>0.790</speed><sat>18</sat></trkpt>
  <trkpt lat="33.73802021" lon="-84.42018122"><ele>289.000</ele><time>2025-10-17T13:41:28Z</time><speed>1.140</speed><sat>17</sat></trkpt>
  <trkpt lat="33.73801660" lon="-84.42016614"><ele>289.000</ele><time>2025-10-17T13:41:29Z</time><speed>1.030</speed><sat>17</sat></trkpt>
  <trkpt lat="33.73801220" lon="-84.42015340"><ele>289.000</ele><time>2025-10-17T13:41:30Z</time><speed>0.930</speed><sat>18</sat></trkpt>
  <trkpt lat="33.73801417" lon="-84.42014242"><ele>289.000</ele><time>2025-10-17T13:41:31Z</time><speed>0.830</speed><sat>18</sat></trkpt>
  <trkpt lat="33.73801157" lon="-84.42012574"><ele>289.000</ele><time>2025-10-17T13:41:32Z</time><speed>1.210</speed><sat>18</sat></trkpt>
  <trkpt lat="33.73801178" lon="-84.42010713"><ele>289.000</ele><time>2025-10-17T13:41:33Z</time><speed>1.110</speed><sat>18</sat></trkpt>
  <trkpt lat="33.73801375" lon="-84.42009271"><ele>289.000</ele><time>2025-10-17T13:41:34Z</time><speed>0.900</speed><sat>18</sat></trkpt>
  <trkpt lat="33.73801660" lon="-84.42007402"><ele>289.000</ele><time>2025-10-17T13:41:35Z</time><speed>1.530</speed><sat>17</sat></trkpt>
  <trkpt lat="33.73801794" lon="-84.42005290"><ele>290.000</ele><time>2025-10-17T13:41:36Z</time><speed>1.720</speed><sat>16</sat></trkpt>
  <trkpt lat="33.73802427" lon="-84.42003136"><ele>290.000</ele><time>2025-10-17T13:41:37Z</time><speed>0.760</speed><sat>17</sat></trkpt>
  <trkpt lat="33.73802398" lon="-84.42002255"><ele>290.000</ele><time>2025-10-17T13:41:38Z</time><speed>0.240</speed><sat>16</sat></trkpt>
  <trkpt lat="33.73802239" lon="-84.42001325"><ele>290.000</ele><time>2025-10-17T13:41:39Z</time><speed>0.290</speed><sat>18</sat></trkpt>
  <trkpt lat="33.73802574" lon="-84.42000043"><ele>290.000</ele><time>2025-10-17T13:41:40Z</time><speed>0.890</speed><sat>18</sat></trkpt>
  <trkpt lat="33.73802515" lon="-84.41998836"><ele>290.000</ele><time>2025-10-17T13:41:41Z</time><speed>1.040</speed><sat>17</sat></trkpt>
  <trkpt lat="33.73802406" lon="-84.41997570"><ele>290.000</ele><time>2025-10-17T13:41:42Z</time><speed>1.030</speed><sat>18</sat></trkpt>
  <trkpt lat="33.73802121" lon="-84.41996313"><ele>290.000</ele><time>2025-10-17T13:41:43Z</time><speed>1.070</speed><sat>18</sat></trkpt>
  <trkpt lat="33.73802012" lon="-84.41994871"><ele>290.000</ele><time>2025-10-17T13:41:44Z</time><speed>1.260</speed><sat>19</sat></trkpt>
  <trkpt lat="33.73802000" lon="-84.41993463"><ele>290.000</ele><time>2025-10-17T13:41:45Z</time><speed>1.210</speed><sat>19</sat></trkpt>
  <trkpt lat="33.73801840" lon="-84.41991770"><ele>290.000</ele><time>2025-10-17T13:41:46Z</time><speed>1.320</speed><sat>20</sat></trkpt>
  <trkpt lat="33.73801719" lon="-84.41990194"><ele>290.000</ele><time>2025-10-17T13:41:47Z</time><speed>1.220</speed><sat>19</sat></trkpt>
  <trkpt lat="33.73801447" lon="-84.41988777"><ele>290.000</ele><time>2025-10-17T13:41:48Z</time><speed>1.270</speed><sat>18</sat></trkpt>
  <trkpt lat="33.73801220" lon="-84.41987093"><ele>290.000</ele><time>2025-10-17T13:41:49Z</time><speed>1.440</speed><sat>19</sat></trkpt>
  <trkpt lat="33.73800990" lon="-84.41985743"><ele>290.000</ele><time>2025-10-17T13:41:50Z</time><speed>1.130</speed><sat>20</sat></trkpt>
  <trkpt lat="33.73801002" lon="-84.41984100"><ele>290.000</ele><time>2025-10-17T13:41:51Z</time><speed>1.380</speed><sat>20</sat></trkpt>
  <trkpt lat="33.73800973" lon="-84.41983061"><ele>290.000</ele><time>2025-10-17T13:41:52Z</time><speed>0.850</speed><sat>20</sat></trkpt>
  <trkpt lat="33.73800809" lon="-84.41982047"><ele>290.000</ele><time>2025-10-17T13:41:53Z</time><speed>0.980</speed><sat>20</sat></trkpt>
  <trkpt lat="33.73800705" lon="-84.41980873"><ele>290.000</ele><time>2025-10-17T13:41:54Z</time><speed>1.210</speed><sat>19</sat></trkpt>
  <trkpt lat="33.73799594" lon="-84.41979473"><ele>290.000</ele><time>2025-10-17T13:41:55Z</time><speed>2.180</speed><sat>17</sat></trkpt>
  <trkpt lat="33.73799510" lon="-84.41978183"><ele>290.000</ele><time>2025-10-17T13:41:56Z</time><speed>1.050</speed><sat>19</sat></trkpt>
  <trkpt lat="33.73799749" lon="-84.41976892"><ele>290.000</ele><time>2025-10-17T13:41:57Z</time><speed>0.890</speed><sat>19</sat></trkpt>
  <trkpt lat="33.73800156" lon="-84.41975827"><ele>290.000</ele><time>2025-10-17T13:41:58Z</time><speed>0.790</speed><sat>19</sat></trkpt>
  <trkpt lat="33.73800315" lon="-84.41974520"><ele>290.000</ele><time>2025-10-17T13:41:59Z</time><speed>1.080</speed><sat>17</sat></trkpt>
  <trkpt lat="33.73800629" lon="-84.41973011"><ele>290.000</ele><time>2025-10-17T13:42:00Z</time><speed>0.950</speed><sat>17</sat></trkpt>
  <trkpt lat="33.73800814" lon="-84.41971377"><ele>290.000</ele><time>2025-10-17T13:42:01Z</time><speed>1.350</speed><sat>17</sat></trkpt>
  <trkpt lat="33.73800667" lon="-84.41969482"><ele>290.000</ele><time>2025-10-17T13:42:02Z</time><speed>1.350</speed><sat>18</sat></trkpt>
  <trkpt lat="33.73800688" lon="-84.41967588"><ele>290.000</ele><time>2025-10-17T13:42:03Z</time><speed>1.630</speed><sat>19</sat></trkpt>
  <trkpt lat="33.73800277" lon="-84.41966021"><ele>290.000</ele><time>2025-10-17T13:42:04Z</time><speed>1.500</speed><sat>18</sat></trkpt>
  <trkpt lat="33.73799611" lon="-84.41964906"><ele>290.000</ele><time>2025-10-17T13:42:05Z</time><speed>1.200</speed><sat>20</sat></trkpt>
  <trkpt lat="33.73799439" lon="-84.41963389"><ele>290.000</ele><time>2025-10-17T13:42:06Z</time><speed>1.390</speed><sat>20</sat></trkpt>
  <trkpt lat="33.73799632" lon="-84.41961628"><ele>290.000</ele><time>2025-10-17T13:42:07Z</time><speed>0.990</speed><sat>20</sat></trkpt>
  <trkpt lat="33.73799724" lon="-84.41959986"><ele>290.000</ele><time>2025-10-17T13:42:08Z</time><speed>1.260</speed><sat>20</sat></trkpt>
  <trkpt lat="33.73800227" lon="-84.41957915"><ele>290.000</ele><time>2025-10-17T13:42:09Z</time><speed>1.480</speed><sat>20</sat></trkpt>
  <trkpt lat="33.73800629" lon="-84.41956155"><ele>290.000</ele><time>2025-10-17T13:42:10Z</time><speed>1.000</speed><sat>20</sat></trkpt>
  <trkpt lat="33.73800608" lon="-84.41954814"><ele>290.000</ele><time>2025-10-17T13:42:11Z</time><speed>0.810</speed><sat>20</sat></trkpt>
  <trkpt lat="33.73800550" lon="-84.41953531"><ele>290.000</ele><time>2025-10-17T13:42:12Z</time><speed>0.940</speed><sat>20</sat></trkpt>
  <trkpt lat="33.73800520" lon="-84.41952291"><ele>290.000</ele><time>2025-10-17T13:42:13Z</time><speed>0.930</speed><sat>19</sat></trkpt>
  <trkpt lat="33.73800621" lon="-84.41951143"><ele>290.000</ele><time>2025-10-17T13:42:14Z</time><speed>0.810</speed><sat>20</sat></trkpt>
  <trkpt lat="33.73800768" lon="-84.41950011"><ele>290.000</ele><time>2025-10-17T13:42:15Z</time><speed>0.970</speed><sat>20</sat></trkpt>
  <trkpt lat="33.73800939" lon="-84.41948553"><ele>290.000</ele><time>2025-10-17T13:42:16Z</time><speed>1.090</speed><sat>20</sat></trkpt>
  <trkpt lat="33.73801220" lon="-84.41947170"><ele>290.000</ele><time>2025-10-17T13:42:17Z</time><speed>1.310</speed><sat>18</sat></trkpt>
  <trkpt lat="33.73801434" lon="-84.41946088"><ele>290.000</ele><time>2025-10-17T13:42:18Z</time><speed>0.630</speed><sat>18</sat></trkpt>
  <trkpt lat="33.73801593" lon="-84.41945099"><ele>290.000</ele><time>2025-10-17T13:42:19Z</time><speed>0.550</speed><sat>19</sat></trkpt>
  <trkpt lat="33.73801970" lon="-84.41944236"><ele>290.000</ele><time>2025-10-17T13:42:20Z</time><speed>0.460</speed><sat>19</sat></trkpt>
  <trkpt lat="33.73802205" lon="-84.41943188"><ele>290.000</ele><time>2025-10-17T13:42:21Z</time><speed>0.610</speed><sat>20</sat></trkpt>
  <trkpt lat="33.73802310" lon="-84.41941939"><ele>291.000</ele><time>2025-10-17T13:42:22Z</time><speed>1.080</speed><sat>20</sat></trkpt>
  <trkpt lat="33.73802490" lon="-84.41940506"><ele>291.000</ele><time>2025-10-17T13:42:23Z</time><speed>1.320</speed><sat>20</sat></trkpt>
  <trkpt lat="33.73802549" lon="-84.41939056"><ele>291.000</ele><time>2025-10-17T13:42:24Z</time><speed>1.070</speed><sat>20</sat></trkpt>
  <trkpt lat="33.73802599" lon="-84.41937757"><ele>291.000</ele><time>2025-10-17T13:42:25Z</time><speed>0.860</speed><sat>20</sat></trkpt>
  <trkpt lat="33.73802519" lon="-84.41936432"><ele>291.000</ele><time>2025-10-17T13:42:26Z</time><speed>1.330</speed><sat>19</sat></trkpt>
  <trkpt lat="33.73802264" lon="-84.41934614"><ele>291.000</ele><time>2025-10-17T13:42:27Z</time><speed>1.650</speed><sat>20</sat></trkpt>
  <trkpt lat="33.73802109" lon="-84.41932828"><ele>291.000</ele><time>2025-10-17T13:42:28Z</time><speed>1.650</speed><sat>20</sat></trkpt>
  <trkpt lat="33.73801949" lon="-84.41930833"><ele>291.000</ele><time>2025-10-17T13:42:29Z</time><speed>1.550</speed><sat>20</sat></trkpt>
  <trkpt lat="33.73802004" lon="-84.41929249"><ele>291.000</ele><time>2025-10-17T13:42:30Z</time><speed>1.540</speed><sat>20</sat></trkpt>
  <trkpt lat="33.73801912" lon="-84.41927581"><ele>291.000</ele><time>2025-10-17T13:42:31Z</time><speed>1.240</speed><sat>20</sat></trkpt>
  <trkpt lat="33.73801857" lon="-84.41926324"><ele>291.000</ele><time>2025-10-17T13:42:32Z</time><speed>1.110</speed><sat>20</sat></trkpt>
  <trkpt lat="33.73801849" lon="-84.41925108"><ele>291.000</ele><time>2025-10-17T13:42:33Z</time><speed>1.150</speed><sat>20</sat></trkpt>
  <trkpt lat="33.73801715" lon="-84.41923684"><ele>291.000</ele><time>2025-10-17T13:42:34Z</time><speed>1.160</speed><sat>20</sat></trkpt>
  <trkpt lat="33.73801711" lon="-84.41922384"><ele>291.000</ele><time>2025-10-17T13:42:35Z</time><speed>0.990</speed><sat>20</sat></trkpt>
  <trkpt lat="33.73801782" lon="-84.41921303"><ele>291.000</ele><time>2025-10-17T13:42:36Z</time><speed>0.660</speed><sat>19</sat></trkpt>
  <trkpt lat="33.73802272" lon="-84.41920389"><ele>291.000</ele><time>2025-10-17T13:42:37Z</time><speed>0.820</speed><sat>19</sat></trkpt>
  <trkpt lat="33.73802431" lon="-84.41919300"><ele>291.000</ele><time>2025-10-17T13:42:38Z</time><speed>1.020</speed><sat>19</sat></trkpt>
  <trkpt lat="33.73802163" lon="-84.41918017"><ele>291.000</ele><time>2025-10-17T13:42:39Z</time><speed>1.580</speed><sat>19</sat></trkpt>
  <trkpt lat="33.73801887" lon="-84.41916727"><ele>291.000</ele><time>2025-10-17T13:42:40Z</time><speed>1.120</speed><sat>20</sat></trkpt>
  <trkpt lat="33.73801681" lon="-84.41915394"><ele>291.000</ele><time>2025-10-17T13:42:41Z</time><speed>1.280</speed><sat>20</sat></trkpt>
  <trkpt lat="33.73801400" lon="-84.41913877"><ele>291.000</ele><time>2025-10-17T13:42:42Z</time><speed>1.180</speed><sat>19</sat></trkpt>
  <trkpt lat="33.73801275" lon="-84.41912561"><ele>291.000</ele><time>2025-10-17T13:42:43Z</time><speed>1.180</speed><sat>20</sat></trkpt>
  <trkpt lat="33.73801262" lon="-84.41911035"><ele>291.000</ele><time>2025-10-17T13:42:44Z</time><speed>1.120</speed><sat>19</sat></trkpt>
  <trkpt lat="33.73801547" lon="-84.41909443"><ele>291.000</ele><time>2025-10-17T13:42:45Z</time><speed>1.120</speed><sat>19</sat></trkpt>
  <trkpt lat="33.73801648" lon="-84.41907984"><ele>291.000</ele><time>2025-10-17T13:42:46Z</time><speed>1.130</speed><sat>19</sat></trkpt>
  <trkpt lat="33.73801845" lon="-84.41906333"><ele>291.000</ele><time>2025-10-17T13:42:47Z</time><speed>1.420</speed><sat>20</sat></trkpt>
  <trkpt lat="33.73801928" lon="-84.41904422"><ele>291.000</ele><time>2025-10-17T13:42:48Z</time><speed>1.470</speed><sat>20</sat></trkpt>
  <trkpt lat="33.73802025" lon="-84.41902813"><ele>291.000</ele><time>2025-10-17T13:42:49Z</time><speed>1.380</speed><sat>19</sat></trkpt>
  <trkpt lat="33.73802176" lon="-84.41901321"><ele>291.000</ele><time>2025-10-17T13:42:50Z</time><speed>1.230</speed><sat>20</sat></trkpt>
  <trkpt lat="33.73802331" lon="-84.41899971"><ele>291.000</ele><time>2025-10-17T13:42:51Z</time><speed>1.210</speed><sat>20</sat></trkpt>
  <trkpt lat="33.73802335" lon="-84.41898705"><ele>291.000</ele><time>2025-10-17T13:42:52Z</time><speed>1.050</speed><sat>19</sat></trkpt>
  <trkpt lat="33.73802385" lon="-84.41897389"><ele>292.000</ele><time>2025-10-17T13:42:53Z</time><speed>1.210</speed><sat>19</sat></trkpt>
  <trkpt lat="33.73802436" lon="-84.41896065"><ele>292.000</ele><time>2025-10-17T13:42:54Z</time><speed>1.200</speed><sat>19</sat></trkpt>
  <trkpt lat="33.73802658" lon="-84.41894523"><ele>291.000</ele><time>2025-10-17T13:42:55Z</time><speed>1.190</speed><sat>20</sat></trkpt>
  <trkpt lat="33.73802821" lon="-84.41893157"><ele>291.000</ele><time>2025-10-17T13:42:56Z</time><speed>1.230</speed><sat>20</sat></trkpt>
  <trkpt lat="33.73803077" lon="-84.41891723"><ele>291.000</ele><time>2025-10-17T13:42:57Z</time><speed>1.150</speed><sat>20</sat></trkpt>
  <trkpt lat="33.73803135" lon="-84.41890189"><ele>291.000</ele><time>2025-10-17T13:42:58Z</time><speed>1.420</speed><sat>18</sat></trkpt>
  <trkpt lat="33.73803186" lon="-84.41888488"><ele>291.000</ele><time>2025-10-17T13:42:59Z</time><speed>1.330</speed><sat>19</sat></trkpt>
  <trkpt lat="33.73803144" lon="-84.41886979"><ele>291.000</ele><time>2025-10-17T13:43:00Z</time><speed>1.250</speed><sat>19</sat></trkpt>
  <trkpt lat="33.73803223" lon="-84.41885445"><ele>292.000</ele><time>2025-10-17T13:43:01Z</time><speed>1.230</speed><sat>19</sat></trkpt>
  <trkpt lat="33.73803362" lon="-84.41884037"><ele>292.000</ele><time>2025-10-17T13:43:02Z</time><speed>1.220</speed><sat>19</sat></trkpt>
  <trkpt lat="33.73803433" lon="-84.41882671"><ele>292.000</ele><time>2025-10-17T13:43:03Z</time><speed>1.310</speed><sat>19</sat></trkpt>
  <trkpt lat="33.73803429" lon="-84.41881338"><ele>291.000</ele><time>2025-10-17T13:43:04Z</time><speed>1.040</speed><sat>19</sat></trkpt>
  <trkpt lat="33.73803244" lon="-84.41879989"><ele>291.000</ele><time>2025-10-17T13:43:05Z</time><speed>1.470</speed><sat>19</sat></trkpt>
  <trkpt lat="33.73803089" lon="-84.41878237"><ele>291.000</ele><time>2025-10-17T13:43:06Z</time><speed>1.480</speed><sat>20</sat></trkpt>
  <trkpt lat="33.73803068" lon="-84.41876502"><ele>291.000</ele><time>2025-10-17T13:43:07Z</time><speed>1.480</speed><sat>19</sat></trkpt>
  <trkpt lat="33.73802985" lon="-84.41874851"><ele>291.000</ele><time>2025-10-17T13:43:08Z</time><speed>1.490</speed><sat>19</sat></trkpt>
  <trkpt lat="33.73803102" lon="-84.41873308"><ele>291.000</ele><time>2025-10-17T13:43:09Z</time><speed>1.440</speed><sat>19</sat></trkpt>
  <trkpt lat="33.73803504" lon="-84.41871498"><ele>291.000</ele><time>2025-10-17T13:43:10Z</time><speed>1.470</speed><sat>19</sat></trkpt>
  <trkpt lat="33.73803731" lon="-84.41869729"><ele>291.000</ele><time>2025-10-17T13:43:11Z</time><speed>1.430</speed><sat>20</sat></trkpt>
  <trkpt lat="33.73803798" lon="-84.41868204"><ele>291.000</ele><time>2025-10-17T13:43:12Z</time><speed>1.420</speed><sat>20</sat></trkpt>
  <trkpt lat="33.73803647" lon="-84.41866687"><ele>291.000</ele><time>2025-10-17T13:43:13Z</time><speed>1.360</speed><sat>19</sat></trkpt>
  <trkpt lat="33.73803580" lon="-84.41865186"><ele>291.000</ele><time>2025-10-17T13:43:14Z</time><speed>1.470</speed><sat>20</sat></trkpt>
  <trkpt lat="33.73803332" lon="-84.41862973"><ele>291.000</ele><time>2025-10-17T13:43:15Z</time><speed>2.780</speed><sat>19</sat></trkpt>
  <trkpt lat="33.73803462" lon="-84.41860920"><ele>291.000</ele><time>2025-10-17T13:43:16Z</time><speed>1.820</speed><sat>20</sat></trkpt>
  <trkpt lat="33.73803752" lon="-84.41859922"><ele>291.000</ele><time>2025-10-17T13:43:17Z</time><speed>0.940</speed><sat>19</sat></trkpt>
  <trkpt lat="33.73803965" lon="-84.41859118"><ele>291.000</ele><time>2025-10-17T13:43:18Z</time><speed>1.340</speed><sat>19</sat></trkpt>
  <trkpt lat="33.73804208" lon="-84.41858212"><ele>291.000</ele><time>2025-10-17T13:43:19Z</time><speed>0.860</speed><sat>19</sat></trkpt>
  <trkpt lat="33.73803940" lon="-84.41857609"><ele>291.000</ele><time>2025-10-17T13:43:20Z</time><speed>0.710</speed><sat>20</sat></trkpt>
  <trkpt lat="33.73804120" lon="-84.41857123"><ele>291.000</ele><time>2025-10-17T13:43:21Z</time><speed>0.300</speed><sat>20</sat></trkpt>
  <trkpt lat="33.73804254" lon="-84.41856134"><ele>291.000</ele><time>2025-10-17T13:43:22Z</time><speed>0.740</speed><sat>20</sat></trkpt>
  <trkpt lat="33.73804644" lon="-84.41854516"><ele>291.000</ele><time>2025-10-17T13:43:23Z</time><speed>1.620</speed><sat>19</sat></trkpt>
  <trkpt lat="33.73804389" lon="-84.41852815"><ele>291.000</ele><time>2025-10-17T13:43:24Z</time><speed>1.390</speed><sat>20</sat></trkpt>
  <trkpt lat="33.73804351" lon="-84.41851214"><ele>291.000</ele><time>2025-10-17T13:43:25Z</time><speed>1.460</speed><sat>20</sat></trkpt>
  <trkpt lat="33.73804288" lon="-84.41849420"><ele>292.000</ele><time>2025-10-17T13:43:26Z</time><speed>1.410</speed><sat>19</sat></trkpt>
  <trkpt lat="33.73804577" lon="-84.41847752"><ele>292.000</ele><time>2025-10-17T13:43:27Z</time><speed>1.390</speed><sat>20</sat></trkpt>
  <trkpt lat="33.73804653" lon="-84.41845807"><ele>291.000</ele><time>2025-10-17T13:43:28Z</time><speed>1.620</speed><sat>19</sat></trkpt>
  <trkpt lat="33.73804841" lon="-84.41844307"><ele>292.000</ele><time>2025-10-17T13:43:29Z</time><speed>1.470</speed><sat>20</sat></trkpt>
  <trkpt lat="33.73804908" lon="-84.41842647"><ele>291.000</ele><time>2025-10-17T13:43:30Z</time><speed>1.460</speed><sat>20</sat></trkpt>
  <trkpt lat="33.73805118" lon="-84.41841164"><ele>291.000</ele><time>2025-10-17T13:43:31Z</time><speed>1.400</speed><sat>20</sat></trkpt>
  <trkpt lat="33.73805294" lon="-84.41840032"><ele>291.000</ele><time>2025-10-17T13:43:32Z</time><speed>1.360</speed><sat>20</sat></trkpt>
  <trkpt lat="33.73805390" lon="-84.41838364"><ele>291.000</ele><time>2025-10-17T13:43:33Z</time><speed>1.420</speed><sat>20</sat></trkpt>
  <trkpt lat="33.73805340" lon="-84.41836881"><ele>291.000</ele><time>2025-10-17T13:43:34Z</time><speed>1.340</speed><sat>20</sat></trkpt>
  <trkpt lat="33.73805214" lon="-84.41835548"><ele>291.000</ele><time>2025-10-17T13:43:35Z</time><speed>1.270</speed><sat>20</sat></trkpt>
  <trkpt lat="33.73805109" lon="-84.41834307"><ele>292.000</ele><time>2025-10-17T13:43:36Z</time><speed>1.360</speed><sat>19</sat></trkpt>
  <trkpt lat="33.73805088" lon="-84.41833100"><ele>292.000</ele><time>2025-10-17T13:43:37Z</time><speed>1.180</speed><sat>20</sat></trkpt>
  <trkpt lat="33.73805197" lon="-84.41832069"><ele>292.000</ele><time>2025-10-17T13:43:38Z</time><speed>1.120</speed><sat>20</sat></trkpt>
  <trkpt lat="33.73804925" lon="-84.41831214"><ele>292.000</ele><time>2025-10-17T13:43:39Z</time><speed>1.310</speed><sat>19</sat></trkpt>
  <trkpt lat="33.73804984" lon="-84.41829471"><ele>292.000</ele><time>2025-10-17T13:43:40Z</time><speed>2.180</speed><sat>19</sat></trkpt>
  <trkpt lat="33.73805135" lon="-84.41828147"><ele>292.000</ele><time>2025-10-17T13:43:41Z</time><speed>0.860</speed><sat>18</sat></trkpt>
  <trkpt lat="33.73805440" lon="-84.41826688"><ele>292.000</ele><time>2025-10-17T13:43:42Z</time><speed>1.960</speed><sat>18</sat></trkpt>
  <trkpt lat="33.73805813" lon="-84.41825691"><ele>292.000</ele><time>2025-10-17T13:43:43Z</time><speed>0.740</speed><sat>17</sat></trkpt>
  <trkpt lat="33.73805478" lon="-84.41824785"><ele>292.000</ele><time>2025-10-17T13:43:44Z</time><speed>0.960</speed><sat>18</sat></trkpt>
  <trkpt lat="33.73805449" lon="-84.41823721"><ele>292.000</ele><time>2025-10-17T13:43:45Z</time><speed>0.880</speed><sat>19</sat></trkpt>
  <trkpt lat="33.73805751" lon="-84.41822380"><ele>291.000</ele><time>2025-10-17T13:43:46Z</time><speed>1.410</speed><sat>19</sat></trkpt>
  <trkpt lat="33.73805935" lon="-84.41820729"><ele>291.000</ele><time>2025-10-17T13:43:47Z</time><speed>1.300</speed><sat>19</sat></trkpt>
  <trkpt lat="33.73806111" lon="-84.41818985"><ele>291.000</ele><time>2025-10-17T13:43:48Z</time><speed>1.310</speed><sat>19</sat></trkpt>
  <trkpt lat="33.73806086" lon="-84.41817225"><ele>292.000</ele><time>2025-10-17T13:43:49Z</time><speed>1.390</speed><sat>18</sat></trkpt>
  <trkpt lat="33.73806140" lon="-84.41815373"><ele>292.000</ele><time>2025-10-17T13:43:50Z</time><speed>1.560</speed><sat>18</sat></trkpt>
  <trkpt lat="33.73806254" lon="-84.41814207"><ele>292.000</ele><time>2025-10-17T13:43:51Z</time><speed>0.310</speed><sat>19</sat></trkpt>
  <trkpt lat="33.73806438" lon="-84.41812858"><ele>292.000</ele><time>2025-10-17T13:43:52Z</time><speed>1.150</speed><sat>18</sat></trkpt>
  <trkpt lat="33.73806036" lon="-84.41810151"><ele>293.000</ele><time>2025-10-17T13:43:53Z</time><speed>1.050</speed><sat>19</sat></trkpt>
  <trkpt lat="33.73805290" lon="-84.41807636"><ele>294.000</ele><time>2025-10-17T13:43:54Z</time><speed>1.150</speed><sat>19</sat></trkpt>
  <trkpt lat="33.73805432" lon="-84.41806320"><ele>294.000</ele><time>2025-10-17T13:43:55Z</time><speed>1.210</speed><sat>19</sat></trkpt>
  <trkpt lat="33.73805772" lon="-84.41805147"><ele>294.000</ele><time>2025-10-17T13:43:56Z</time><speed>1.080</speed><sat>18</sat></trkpt>
  <trkpt lat="33.73805340" lon="-84.41803998"><ele>294.000</ele><time>2025-10-17T13:43:57Z</time><speed>1.290</speed><sat>19</sat></trkpt>
  <trkpt lat="33.73805633" lon="-84.41802733"><ele>294.000</ele><time>2025-10-17T13:43:58Z</time><speed>1.230</speed><sat>19</sat></trkpt>
  <trkpt lat="33.73806249" lon="-84.41802146"><ele>295.000</ele><time>2025-10-17T13:43:59Z</time><speed>1.080</speed><sat>19</sat></trkpt>
  <trkpt lat="33.73806321" lon="-84.41800729"><ele>296.000</ele><time>2025-10-17T13:44:00Z</time><speed>1.020</speed><sat>19</sat></trkpt>
  <trkpt lat="33.73806455" lon="-84.41799447"><ele>296.000</ele><time>2025-10-17T13:44:01Z</time><speed>1.200</speed><sat>18</sat></trkpt>
  <trkpt lat="33.73806614" lon="-84.41798123"><ele>296.000</ele><time>2025-10-17T13:44:02Z</time><speed>1.220</speed><sat>19</sat></trkpt>
  <trkpt lat="33.73806752" lon="-84.41796865"><ele>296.000</ele><time>2025-10-17T13:44:03Z</time><speed>1.200</speed><sat>20</sat></trkpt>
  <trkpt lat="33.73806782" lon="-84.41794703"><ele>295.000</ele><time>2025-10-17T13:44:04Z</time><speed>1.960</speed><sat>19</sat></trkpt>
  <trkpt lat="33.73807075" lon="-84.41792825"><ele>295.000</ele><time>2025-10-17T13:44:05Z</time><speed>1.450</speed><sat>20</sat></trkpt>
  <trkpt lat="33.73807142" lon="-84.41791199"><ele>295.000</ele><time>2025-10-17T13:44:06Z</time><speed>1.470</speed><sat>18</sat></trkpt>
  <trkpt lat="33.73807352" lon="-84.41789690"><ele>295.000</ele><time>2025-10-17T13:44:07Z</time><speed>1.090</speed><sat>18</sat></trkpt>
  <trkpt lat="33.73807616" lon="-84.41788567"><ele>295.000</ele><time>2025-10-17T13:44:08Z</time><speed>0.840</speed><sat>18</sat></trkpt>
  <trkpt lat="33.73807645" lon="-84.41786774"><ele>295.000</ele><time>2025-10-17T13:44:09Z</time><speed>2.220</speed><sat>19</sat></trkpt>
  <trkpt lat="33.73807796" lon="-84.41785416"><ele>295.000</ele><time>2025-10-17T13:44:10Z</time><speed>0.910</speed><sat>18</sat></trkpt>
  <trkpt lat="33.73807595" lon="-84.41783974"><ele>296.000</ele><time>2025-10-17T13:44:11Z</time><speed>1.530</speed><sat>18</sat></trkpt>
  <trkpt lat="33.73807574" lon="-84.41782616"><ele>295.000</ele><time>2025-10-17T13:44:12Z</time><speed>0.850</speed><sat>18</sat></trkpt>
  <trkpt lat="33.73807557" lon="-84.41781434"><ele>296.000</ele><time>2025-10-17T13:44:13Z</time><speed>0.760</speed><sat>17</sat></trkpt>
  <trkpt lat="33.73807842" lon="-84.41780822"><ele>296.000</ele><time>2025-10-17T13:44:14Z</time><speed>0.790</speed><sat>19</sat></trkpt>
  <trkpt lat="33.73808336" lon="-84.41781032"><ele>296.000</ele><time>2025-10-17T13:44:15Z</time><speed>0.290</speed><sat>18</sat></trkpt>
  <trkpt lat="33.73808521" lon="-84.41781644"><ele>295.000</ele><time>2025-10-17T13:44:16Z</time><speed>0.210</speed><sat>17</sat></trkpt>
  <trkpt lat="33.73808144" lon="-84.41782800"><ele>294.000</ele><time>2025-10-17T13:44:17Z</time><speed>0.050</speed><sat>19</sat></trkpt>
  <trkpt lat="33.73808152" lon="-84.41782792"><ele>294.000</ele><time>2025-10-17T13:44:18Z</time><speed>0.000</speed><sat>16</sat></trkpt>
  <trkpt lat="33.73808152" lon="-84.41782792"><ele>294.000</ele><time>2025-10-17T13:44:19Z</time><speed>0.000</speed><sat>18</sat></trkpt>
  <trkpt lat="33.73808538" lon="-84.41782960"><ele>294.000</ele><time>2025-10-17T13:44:20Z</time><speed>0.190</speed><sat>18</sat></trkpt>
  <trkpt lat="33.73808651" lon="-84.41783572"><ele>293.000</ele><time>2025-10-17T13:44:21Z</time><speed>0.500</speed><sat>18</sat></trkpt>
  <trkpt lat="33.73808533" lon="-84.41783563"><ele>293.000</ele><time>2025-10-17T13:44:22Z</time><speed>0.500</speed><sat>17</sat></trkpt>
  <trkpt lat="33.73808169" lon="-84.41782977"><ele>293.000</ele><time>2025-10-17T13:44:23Z</time><speed>0.930</speed><sat>18</sat></trkpt>
  <trkpt lat="33.73807599" lon="-84.41782155"><ele>294.000</ele><time>2025-10-17T13:44:24Z</time><speed>0.140</speed><sat>18</sat></trkpt>
  <trkpt lat="33.73808559" lon="-84.41782306"><ele>294.000</ele><time>2025-10-17T13:44:25Z</time><speed>0.810</speed><sat>17</sat></trkpt>
  <trkpt lat="33.73808751" lon="-84.41782272"><ele>294.000</ele><time>2025-10-17T13:44:26Z</time><speed>0.260</speed><sat>18</sat></trkpt>
  <trkpt lat="33.73808575" lon="-84.41782658"><ele>295.000</ele><time>2025-10-17T13:44:27Z</time><speed>0.270</speed><sat>15</sat></trkpt>
  <trkpt lat="33.73808605" lon="-84.41782733"><ele>295.000</ele><time>2025-10-17T13:44:28Z</time><speed>0.010</speed><sat>16</sat></trkpt>
  <trkpt lat="33.73808592" lon="-84.41782742"><ele>295.000</ele><time>2025-10-17T13:44:29Z</time><speed>0.000</speed><sat>16</sat></trkpt>
  <trkpt lat="33.73808588" lon="-84.41782750"><ele>295.000</ele><time>2025-10-17T13:44:30Z</time><speed>0.000</speed><sat>16</sat></trkpt>
  <trkpt lat="33.73808575" lon="-84.41782759"><ele>295.000</ele><time>2025-10-17T13:44:31Z</time><speed>0.000</speed><sat>14</sat></trkpt>
  <trkpt lat="33.73808567" lon="-84.41782775"><ele>295.000</ele><time>2025-10-17T13:44:32Z</time><speed>0.000</speed><sat>16</sat></trkpt>
  <trkpt lat="33.73808538" lon="-84.41782767"><ele>295.000</ele><time>2025-10-17T13:44:33Z</time><speed>0.000</speed><sat>15</sat></trkpt>
  <trkpt lat="33.73808529" lon="-84.41782775"><ele>295.000</ele><time>2025-10-17T13:44:34Z</time><speed>0.000</speed><sat>15</sat></trkpt>
  <trkpt lat="33.73808638" lon="-84.41783270"><ele>295.000</ele><time>2025-10-17T13:44:35Z</time><speed>0.030</speed><sat>16</sat></trkpt>
  <trkpt lat="33.73808592" lon="-84.41783438"><ele>295.000</ele><time>2025-10-17T13:44:36Z</time><speed>0.100</speed><sat>16</sat></trkpt>
  <trkpt lat="33.73808240" lon="-84.41783438"><ele>296.000</ele><time>2025-10-17T13:44:37Z</time><speed>0.300</speed><sat>16</sat></trkpt>
  <trkpt lat="33.73807997" lon="-84.41783672"><ele>297.000</ele><time>2025-10-17T13:44:38Z</time><speed>0.100</speed><sat>16</sat></trkpt>
  <trkpt lat="33.73807314" lon="-84.41783840"><ele>298.000</ele><time>2025-10-17T13:44:39Z</time><speed>0.210</speed><sat>16</sat></trkpt>
  <trkpt lat="33.73807678" lon="-84.41783924"><ele>298.000</ele><time>2025-10-17T13:44:40Z</time><speed>0.130</speed><sat>16</sat></trkpt>
  <trkpt lat="33.73807427" lon="-84.41783932"><ele>298.000</ele><time>2025-10-17T13:44:41Z</time><speed>0.350</speed><sat>16</sat></trkpt>
  <trkpt lat="33.73806312" lon="-84.41783949"><ele>298.000</ele><time>2025-10-17T13:44:42Z</time><speed>0.080</speed><sat>17</sat></trkpt>
  <trkpt lat="33.73806274" lon="-84.41783949"><ele>298.000</ele><time>2025-10-17T13:44:43Z</time><speed>0.000</speed><sat>16</sat></trkpt>
  <trkpt lat="33.73806237" lon="-84.41783957"><ele>298.000</ele><time>2025-10-17T13:44:44Z</time><speed>0.000</speed><sat>17</sat></trkpt>
  <trkpt lat="33.73804037" lon="-84.41783748"><ele>299.000</ele><time>2025-10-17T13:44:45Z</time><speed>0.320</speed><sat>15</sat></trkpt>
  <trkpt lat="33.73804032" lon="-84.41783781"><ele>299.000</ele><time>2025-10-17T13:44:46Z</time><speed>0.000</speed><sat>14</sat></trkpt>
  <trkpt lat="33.73804037" lon="-84.41783781"><ele>299.000</ele><time>2025-10-17T13:44:47Z</time><speed>0.000</speed><sat>16</sat></trkpt>
  <trkpt lat="33.73803345" lon="-84.41784326"><ele>298.000</ele><time>2025-10-17T13:44:48Z</time><speed>0.060</speed><sat>15</sat></trkpt>
  <trkpt lat="33.73803307" lon="-84.41784971"><ele>300.000</ele><time>2025-10-17T13:44:49Z</time><speed>0.050</speed><sat>17</sat></trkpt>
  <trkpt lat="33.73803295" lon="-84.41784980"><ele>300.000</ele><time>2025-10-17T13:44:50Z</time><speed>0.000</speed><sat>16</sat></trkpt>
  <trkpt lat="33.73803295" lon="-84.41784971"><ele>300.000</ele><time>2025-10-17T13:44:51Z</time><speed>0.000</speed><sat>15</sat></trkpt>
  <trkpt lat="33.73804116" lon="-84.41784460"><ele>299.000</ele><time>2025-10-17T13:44:52Z</time><speed>0.190</speed><sat>17</sat></trkpt>
  <trkpt lat="33.73804498" lon="-84.41784594"><ele>298.000</ele><time>2025-10-17T13:44:53Z</time><speed>0.140</speed><sat>16</sat></trkpt>
  <trkpt lat="33.73804871" lon="-84.41784921"><ele>298.000</ele><time>2025-10-17T13:44:54Z</time><speed>0.170</speed><sat>17</sat></trkpt>
  <trkpt lat="33.73805290" lon="-84.41784376"><ele>298.000</ele><time>2025-10-17T13:44:55Z</time><speed>0.060</speed><sat>17</sat></trkpt>
  <trkpt lat="33.73806509" lon="-84.41783488"><ele>295.000</ele><time>2025-10-17T13:44:56Z</time><speed>0.040</speed><sat>17</sat></trkpt>
  <trkpt lat="33.73806522" lon="-84.41783479"><ele>295.000</ele><time>2025-10-17T13:44:57Z</time><speed>0.000</speed><sat>16</sat></trkpt>
  <trkpt lat="33.73806530" lon="-84.41783463"><ele>295.000</ele><time>2025-10-17T13:44:58Z</time><speed>0.000</speed><sat>17</sat></trkpt>
  <trkpt lat="33.73806518" lon="-84.41783446"><ele>295.000</ele><time>2025-10-17T13:44:59Z</time><speed>0.000</speed><sat>17</sat></trkpt>
  <trkpt lat="33.73806509" lon="-84.41783438"><ele>295.000</ele><time>2025-10-17T13:45:00Z</time><speed>0.000</speed><sat>18</sat></trkpt>
  <trkpt lat="33.73806928" lon="-84.41783563"><ele>295.000</ele><time>2025-10-17T13:45:01Z</time><speed>0.070</speed><sat>18</sat></trkpt>
  <trkpt lat="33.73806941" lon="-84.41783555"><ele>295.000</ele><time>2025-10-17T13:45:02Z</time><speed>0.000</speed><sat>19</sat></trkpt>
  <trkpt lat="33.73806945" lon="-84.41783563"><ele>295.000</ele><time>2025-10-17T13:45:03Z</time><speed>0.000</speed><sat>19</sat></trkpt>
  <trkpt lat="33.73807272" lon="-84.41783429"><ele>294.000</ele><time>2025-10-17T13:45:04Z</time><speed>0.100</speed><sat>18</sat></trkpt>
  <trkpt lat="33.73807201" lon="-84.41783303"><ele>294.000</ele><time>2025-10-17T13:45:05Z</time><speed>0.110</speed><sat>19</sat></trkpt>
  <trkpt lat="33.73807104" lon="-84.41782960"><ele>294.000</ele><time>2025-10-17T13:45:06Z</time><speed>0.060</speed><sat>17</sat></trkpt>
  <trkpt lat="33.73807100" lon="-84.41782985"><ele>294.000</ele><time>2025-10-17T13:45:07Z</time><speed>0.000</speed><sat>16</sat></trkpt>
  <trkpt lat="33.73806480" lon="-84.41782666"><ele>294.000</ele><time>2025-10-17T13:45:08Z</time><speed>0.030</speed><sat>17</sat></trkpt>
  <trkpt lat="33.73806459" lon="-84.41782658"><ele>294.000</ele><time>2025-10-17T13:45:09Z</time><speed>0.000</speed><sat>16</sat></trkpt>
  <trkpt lat="33.73806442" lon="-84.41782650"><ele>294.000</ele><time>2025-10-17T13:45:10Z</time><speed>0.000</speed><sat>16</sat></trkpt>
  <trkpt lat="33.73806434" lon="-84.41782650"><ele>294.000</ele><time>2025-10-17T13:45:11Z</time><speed>0.000</speed><sat>17</sat></trkpt>
  <trkpt lat="33.73806417" lon="-84.41782650"><ele>294.000</ele><time>2025-10-17T13:45:12Z</time><speed>0.000</speed><sat>17</sat></trkpt>
  <trkpt lat="33.73806396" lon="-84.41782633"><ele>294.000</ele><time>2025-10-17T13:45:13Z</time><speed>0.000</speed><sat>17</sat></trkpt>
  <trkpt lat="33.73806379" lon="-84.41782624"><ele>294.000</ele><time>2025-10-17T13:45:14Z</time><speed>0.000</speed><sat>17</sat></trkpt>
  <trkpt lat="33.73806371" lon="-84.41782624"><ele>294.000</ele><time>2025-10-17T13:45:15Z</time><speed>0.000</speed><sat>17</sat></trkpt>
  <trkpt lat="33.73806371" lon="-84.41782624"><ele>294.000</ele><time>2025-10-17T13:45:16Z</time><speed>0.000</speed><sat>17</sat></trkpt>
  <trkpt lat="33.73806367" lon="-84.41782624"><ele>294.000</ele><time>2025-10-17T13:45:17Z</time><speed>0.000</speed><sat>18</sat></trkpt>
  <trkpt lat="33.73805977" lon="-84.41782574"><ele>293.000</ele><time>2025-10-17T13:45:18Z</time><speed>0.050</speed><sat>17</sat></trkpt>
  <trkpt lat="33.73805755" lon="-84.41782448"><ele>293.000</ele><time>2025-10-17T13:45:19Z</time><speed>0.120</speed><sat>18</sat></trkpt>
  <trkpt lat="33.73805759" lon="-84.41782440"><ele>293.000</ele><time>2025-10-17T13:45:20Z</time><speed>0.000</speed><sat>15</sat></trkpt>
  <trkpt lat="33.73805709" lon="-84.41782700"><ele>293.000</ele><time>2025-10-17T13:45:21Z</time><speed>0.030</speed><sat>17</sat></trkpt>
  <trkpt lat="33.73805591" lon="-84.41782725"><ele>293.000</ele><time>2025-10-17T13:45:22Z</time><speed>0.080</speed><sat>17</sat></trkpt>
  <trkpt lat="33.73805596" lon="-84.41782733"><ele>293.000</ele><time>2025-10-17T13:45:23Z</time><speed>0.000</speed><sat>17</sat></trkpt>
  <trkpt lat="33.73805587" lon="-84.41782725"><ele>293.000</ele><time>2025-10-17T13:45:24Z</time><speed>0.000</speed><sat>18</sat></trkpt>
  <trkpt lat="33.73805721" lon="-84.41782650"><ele>293.000</ele><time>2025-10-17T13:45:25Z</time><speed>0.040</speed><sat>18</sat></trkpt>
  <trkpt lat="33.73805684" lon="-84.41782532"><ele>292.000</ele><time>2025-10-17T13:45:26Z</time><speed>0.120</speed><sat>18</sat></trkpt>
  <trkpt lat="33.73805797" lon="-84.41782608"><ele>292.000</ele><time>2025-10-17T13:45:27Z</time><speed>0.140</speed><sat>17</sat></trkpt>
  <trkpt lat="33.73805290" lon="-84.41782163"><ele>291.000</ele><time>2025-10-17T13:45:28Z</time><speed>0.110</speed><sat>18</sat></trkpt>
  <trkpt lat="33.73805298" lon="-84.41782172"><ele>291.000</ele><time>2025-10-17T13:45:29Z</time><speed>0.000</speed><sat>19</sat></trkpt>
  <trkpt lat="33.73805294" lon="-84.41782163"><ele>291.000</ele><time>2025-10-17T13:45:30Z</time><speed>0.000</speed><sat>18</sat></trkpt>
  <trkpt lat="33.73804833" lon="-84.41781711"><ele>290.000</ele><time>2025-10-17T13:45:31Z</time><speed>0.100</speed><sat>17</sat></trkpt>
  <trkpt lat="33.73804950" lon="-84.41781744"><ele>289.000</ele><time>2025-10-17T13:45:32Z</time><speed>0.060</speed><sat>17</sat></trkpt>
  <trkpt lat="33.73804938" lon="-84.41781753"><ele>289.000</ele><time>2025-10-17T13:45:33Z</time><speed>0.000</speed><sat>17</sat></trkpt>
  <trkpt lat="33.73804942" lon="-84.41781753"><ele>289.000</ele><time>2025-10-17T13:45:34Z</time><speed>0.000</speed><sat>16</sat></trkpt>
  <trkpt lat="33.73804611" lon="-84.41781686"><ele>289.000</ele><time>2025-10-17T13:45:35Z</time><speed>0.020</speed><sat>15</sat></trkpt>
  <trkpt lat="33.73804695" lon="-84.41781711"><ele>290.000</ele><time>2025-10-17T13:45:36Z</time><speed>0.030</speed><sat>17</sat></trkpt>
  <trkpt lat="33.73804699" lon="-84.41781702"><ele>290.000</ele><time>2025-10-17T13:45:37Z</time><speed>0.000</speed><sat>18</sat></trkpt>
  <trkpt lat="33.73804787" lon="-84.41781543"><ele>290.000</ele><time>2025-10-17T13:45:38Z</time><speed>0.100</speed><sat>18</sat></trkpt>
  <trkpt lat="33.73805147" lon="-84.41780940"><ele>290.000</ele><time>2025-10-17T13:45:39Z</time><speed>0.090</speed><sat>16</sat></trkpt>
  <trkpt lat="33.73805151" lon="-84.41780948"><ele>290.000</ele><time>2025-10-17T13:45:40Z</time><speed>0.000</speed><sat>14</sat></trkpt>
  <trkpt lat="33.73805147" lon="-84.41780956"><ele>290.000</ele><time>2025-10-17T13:45:41Z</time><speed>0.000</speed><sat>15</sat></trkpt>
  <trkpt lat="33.73805143" lon="-84.41780965"><ele>290.000</ele><time>2025-10-17T13:45:42Z</time><speed>0.000</speed><sat>17</sat></trkpt>
  <trkpt lat="33.73805088" lon="-84.41781040"><ele>290.000</ele><time>2025-10-17T13:45:43Z</time><speed>0.470</speed><sat>17</sat></trkpt>
  <trkpt lat="33.73805332" lon="-84.41781183"><ele>290.000</ele><time>2025-10-17T13:45:44Z</time><speed>0.390</speed><sat>17</sat></trkpt>
  <trkpt lat="33.73805591" lon="-84.41781057"><ele>290.000</ele><time>2025-10-17T13:45:45Z</time><speed>0.390</speed><sat>19</sat></trkpt>
  <trkpt lat="33.73805164" lon="-84.41781334"><ele>290.000</ele><time>2025-10-17T13:45:46Z</time><speed>0.980</speed><sat>18</sat></trkpt>
  <trkpt lat="33.73804661" lon="-84.41782205"><ele>290.000</ele><time>2025-10-17T13:45:47Z</time><speed>0.980</speed><sat>18</sat></trkpt>
  <trkpt lat="33.73803940" lon="-84.41783094"><ele>290.000</ele><time>2025-10-17T13:45:48Z</time><speed>1.150</speed><sat>19</sat></trkpt>
  <trkpt lat="33.73802888" lon="-84.41784007"><ele>290.000</ele><time>2025-10-17T13:45:49Z</time><speed>1.160</speed><sat>18</sat></trkpt>
  <trkpt lat="33.73801811" lon="-84.41784871"><ele>290.000</ele><time>2025-10-17T13:45:50Z</time><speed>1.140</speed><sat>18</sat></trkpt>
  <trkpt lat="33.73800935" lon="-84.41785541"><ele>291.000</ele><time>2025-10-17T13:45:51Z</time><speed>1.100</speed><sat>19</sat></trkpt>
  <trkpt lat="33.73799854" lon="-84.41786312"><ele>291.000</ele><time>2025-10-17T13:45:52Z</time><speed>1.090</speed><sat>19</sat></trkpt>
  <trkpt lat="33.73798794" lon="-84.41786380"><ele>291.000</ele><time>2025-10-17T13:45:53Z</time><speed>0.870</speed><sat>18</sat></trkpt>
  <trkpt lat="33.73797943" lon="-84.41786019"><ele>291.000</ele><time>2025-10-17T13:45:54Z</time><speed>0.640</speed><sat>18</sat></trkpt>
  <trkpt lat="33.73797029" lon="-84.41785751"><ele>291.000</ele><time>2025-10-17T13:45:55Z</time><speed>0.740</speed><sat>19</sat></trkpt>
  <trkpt lat="33.73796183" lon="-84.41786120"><ele>291.000</ele><time>2025-10-17T13:45:56Z</time><speed>0.800</speed><sat>18</sat></trkpt>
  <trkpt lat="33.73795382" lon="-84.41786698"><ele>292.000</ele><time>2025-10-17T13:45:57Z</time><speed>0.780</speed><sat>19</sat></trkpt>
  <trkpt lat="33.73794376" lon="-84.41787209"><ele>292.000</ele><time>2025-10-17T13:45:58Z</time><speed>1.010</speed><sat>19</sat></trkpt>
  <trkpt lat="33.73793505" lon="-84.41788324"><ele>292.000</ele><time>2025-10-17T13:45:59Z</time><speed>1.670</speed><sat>19</sat></trkpt>
  <trkpt lat="33.73792981" lon="-84.41789766"><ele>292.000</ele><time>2025-10-17T13:46:00Z</time><speed>1.170</speed><sat>18</sat></trkpt>
  <trkpt lat="33.73792914" lon="-84.41790747"><ele>292.000</ele><time>2025-10-17T13:46:01Z</time><speed>1.020</speed><sat>18</sat></trkpt>
  <trkpt lat="33.73792884" lon="-84.41791744"><ele>292.000</ele><time>2025-10-17T13:46:02Z</time><speed>1.060</speed><sat>17</sat></trkpt>
  <trkpt lat="33.73792876" lon="-84.41792892"><ele>292.000</ele><time>2025-10-17T13:46:03Z</time><speed>1.460</speed><sat>17</sat></trkpt>
  <trkpt lat="33.73793148" lon="-84.41794359"><ele>292.000</ele><time>2025-10-17T13:46:04Z</time><speed>0.990</speed><sat>17</sat></trkpt>
  <trkpt lat="33.73793136" lon="-84.41795424"><ele>292.000</ele><time>2025-10-17T13:46:05Z</time><speed>1.100</speed><sat>16</sat></trkpt>
  <trkpt lat="33.73793392" lon="-84.41797050"><ele>292.000</ele><time>2025-10-17T13:46:06Z</time><speed>0.810</speed><sat>15</sat></trkpt>
  <trkpt lat="33.73793287" lon="-84.41798734"><ele>292.000</ele><time>2025-10-17T13:46:07Z</time><speed>1.130</speed><sat>16</sat></trkpt>
  <trkpt lat="33.73793366" lon="-84.41800344"><ele>292.000</ele><time>2025-10-17T13:46:08Z</time><speed>1.140</speed><sat>17</sat></trkpt>
  <trkpt lat="33.73792767" lon="-84.41801760"><ele>292.000</ele><time>2025-10-17T13:46:09Z</time><speed>1.250</speed><sat>17</sat></trkpt>
  <trkpt lat="33.73792218" lon="-84.41802934"><ele>292.000</ele><time>2025-10-17T13:46:10Z</time><speed>0.980</speed><sat>18</sat></trkpt>
  <trkpt lat="33.73791879" lon="-84.41804124"><ele>292.000</ele><time>2025-10-17T13:46:11Z</time><speed>1.000</speed><sat>18</sat></trkpt>
  <trkpt lat="33.73791263" lon="-84.41805566"><ele>292.000</ele><time>2025-10-17T13:46:12Z</time><speed>1.420</speed><sat>18</sat></trkpt>
  <trkpt lat="33.73790936" lon="-84.41807351"><ele>292.000</ele><time>2025-10-17T13:46:13Z</time><speed>1.410</speed><sat>17</sat></trkpt>
  <trkpt lat="33.73790915" lon="-84.41808960"><ele>292.000</ele><time>2025-10-17T13:46:14Z</time><speed>1.390</speed><sat>18</sat></trkpt>
  <trkpt lat="33.73790885" lon="-84.41810494"><ele>292.000</ele><time>2025-10-17T13:46:15Z</time><speed>1.270</speed><sat>17</sat></trkpt>
  <trkpt lat="33.73791057" lon="-84.41812104"><ele>292.000</ele><time>2025-10-17T13:46:16Z</time><speed>1.440</speed><sat>17</sat></trkpt>
  <trkpt lat="33.73790890" lon="-84.41813847"><ele>292.000</ele><time>2025-10-17T13:46:17Z</time><speed>1.440</speed><sat>18</sat></trkpt>
  <trkpt lat="33.73790772" lon="-84.41815557"><ele>292.000</ele><time>2025-10-17T13:46:18Z</time><speed>1.290</speed><sat>18</sat></trkpt>
  <trkpt lat="33.73790802" lon="-84.41816739"><ele>292.000</ele><time>2025-10-17T13:46:19Z</time><speed>1.240</speed><sat>17</sat></trkpt>
  <trkpt lat="33.73790642" lon="-84.41818222"><ele>292.000</ele><time>2025-10-17T13:46:20Z</time><speed>1.320</speed><sat>15</sat></trkpt>
  <trkpt lat="33.73790370" lon="-84.41819941"><ele>292.000</ele><time>2025-10-17T13:46:21Z</time><speed>1.370</speed><sat>17</sat></trkpt>
  <trkpt lat="33.73790336" lon="-84.41821508"><ele>292.000</ele><time>2025-10-17T13:46:22Z</time><speed>1.240</speed><sat>18</sat></trkpt>
  <trkpt lat="33.73790416" lon="-84.41823050"><ele>292.000</ele><time>2025-10-17T13:46:23Z</time><speed>1.300</speed><sat>17</sat></trkpt>
  <trkpt lat="33.73790039" lon="-84.41824727"><ele>292.000</ele><time>2025-10-17T13:46:24Z</time><speed>1.390</speed><sat>17</sat></trkpt>
  <trkpt lat="33.73789435" lon="-84.41826512"><ele>292.000</ele><time>2025-10-17T13:46:25Z</time><speed>1.750</speed><sat>18</sat></trkpt>
  <trkpt lat="33.73789339" lon="-84.41828574"><ele>293.000</ele><time>2025-10-17T13:46:26Z</time><speed>1.300</speed><sat>17</sat></trkpt>
  <trkpt lat="33.73789460" lon="-84.41830016"><ele>293.000</ele><time>2025-10-17T13:46:27Z</time><speed>1.400</speed><sat>18</sat></trkpt>
  <trkpt lat="33.73789389" lon="-84.41831550"><ele>293.000</ele><time>2025-10-17T13:46:28Z</time><speed>1.370</speed><sat>17</sat></trkpt>
  <trkpt lat="33.73789720" lon="-84.41833184"><ele>293.000</ele><time>2025-10-17T13:46:29Z</time><speed>1.150</speed><sat>18</sat></trkpt>
  <trkpt lat="33.73789875" lon="-84.41834299"><ele>293.000</ele><time>2025-10-17T13:46:30Z</time><speed>1.090</speed><sat>17</sat></trkpt>
  <trkpt lat="33.73789980" lon="-84.41835581"><ele>293.000</ele><time>2025-10-17T13:46:31Z</time><speed>1.010</speed><sat>17</sat></trkpt>
  <trkpt lat="33.73790324" lon="-84.41837031"><ele>293.000</ele><time>2025-10-17T13:46:32Z</time><speed>1.500</speed><sat>18</sat></trkpt>
  <trkpt lat="33.73790781" lon="-84.41838867"><ele>292.000</ele><time>2025-10-17T13:46:33Z</time><speed>1.100</speed><sat>19</sat></trkpt>
  <trkpt lat="33.73790663" lon="-84.41840250"><ele>292.000</ele><time>2025-10-17T13:46:34Z</time><speed>1.100</speed><sat>18</sat></trkpt>
  <trkpt lat="33.73790571" lon="-84.41841424"><ele>293.000</ele><time>2025-10-17T13:46:35Z</time><speed>0.820</speed><sat>18</sat></trkpt>
  <trkpt lat="33.73790709" lon="-84.41842379"><ele>293.000</ele><time>2025-10-17T13:46:36Z</time><speed>0.830</speed><sat>17</sat></trkpt>
  <trkpt lat="33.73790915" lon="-84.41843326"><ele>292.000</ele><time>2025-10-17T13:46:37Z</time><speed>0.890</speed><sat>17</sat></trkpt>
  <trkpt lat="33.73791384" lon="-84.41844533"><ele>293.000</ele><time>2025-10-17T13:46:38Z</time><speed>0.770</speed><sat>18</sat></trkpt>
  <trkpt lat="33.73791636" lon="-84.41846126"><ele>293.000</ele><time>2025-10-17T13:46:39Z</time><speed>1.120</speed><sat>18</sat></trkpt>
  <trkpt lat="33.73791703" lon="-84.41847743"><ele>293.000</ele><time>2025-10-17T13:46:40Z</time><speed>1.150</speed><sat>17</sat></trkpt>
  <trkpt lat="33.73791853" lon="-84.41849688"><ele>293.000</ele><time>2025-10-17T13:46:41Z</time><speed>1.540</speed><sat>17</sat></trkpt>
  <trkpt lat="33.73791837" lon="-84.41851775"><ele>293.000</ele><time>2025-10-17T13:46:42Z</time><speed>1.560</speed><sat>17</sat></trkpt>
  <trkpt lat="33.73791770" lon="-84.41853669"><ele>293.000</ele><time>2025-10-17T13:46:43Z</time><speed>1.420</speed><sat>16</sat></trkpt>
  <trkpt lat="33.73791577" lon="-84.41855446"><ele>293.000</ele><time>2025-10-17T13:46:44Z</time><speed>1.370</speed><sat>18</sat></trkpt>
  <trkpt lat="33.73791325" lon="-84.41857014"><ele>293.000</ele><time>2025-10-17T13:46:45Z</time><speed>1.330</speed><sat>16</sat></trkpt>
  <trkpt lat="33.73789729" lon="-84.41858087"><ele>293.000</ele><time>2025-10-17T13:46:46Z</time><speed>1.860</speed><sat>17</sat></trkpt>
  <trkpt lat="33.73788832" lon="-84.41858942"><ele>293.000</ele><time>2025-10-17T13:46:47Z</time><speed>1.030</speed><sat>15</sat></trkpt>
  <trkpt lat="33.73788170" lon="-84.41860191"><ele>293.000</ele><time>2025-10-17T13:46:48Z</time><speed>1.040</speed><sat>17</sat></trkpt>
  <trkpt lat="33.73788283" lon="-84.41861683"><ele>293.000</ele><time>2025-10-17T13:46:49Z</time><speed>1.040</speed><sat>17</sat></trkpt>
  <trkpt lat="33.73788253" lon="-84.41863434"><ele>293.000</ele><time>2025-10-17T13:46:50Z</time><speed>1.280</speed><sat>17</sat></trkpt>
  <trkpt lat="33.73788002" lon="-84.41864918"><ele>294.000</ele><time>2025-10-17T13:46:51Z</time><speed>0.960</speed><sat>17</sat></trkpt>
  <trkpt lat="33.73787759" lon="-84.41866351"><ele>294.000</ele><time>2025-10-17T13:46:52Z</time><speed>0.940</speed><sat>18</sat></trkpt>
  <trkpt lat="33.73787533" lon="-84.41867818"><ele>294.000</ele><time>2025-10-17T13:46:53Z</time><speed>0.950</speed><sat>17</sat></trkpt>
  <trkpt lat="33.73787600" lon="-84.41869427"><ele>294.000</ele><time>2025-10-17T13:46:54Z</time><speed>1.150</speed><sat>17</sat></trkpt>
  <trkpt lat="33.73788031" lon="-84.41870810"><ele>294.000</ele><time>2025-10-17T13:46:55Z</time><speed>0.820</speed><sat>17</sat></trkpt>
  <trkpt lat="33.73788312" lon="-84.41872294"><ele>294.000</ele><time>2025-10-17T13:46:56Z</time><speed>1.270</speed><sat>17</sat></trkpt>
  <trkpt lat="33.73788626" lon="-84.41873719"><ele>294.000</ele><time>2025-10-17T13:46:57Z</time><speed>0.800</speed><sat>17</sat></trkpt>
  <trkpt lat="33.73788656" lon="-84.41875110"><ele>294.000</ele><time>2025-10-17T13:46:58Z</time><speed>0.980</speed><sat>17</sat></trkpt>
  <trkpt lat="33.73789641" lon="-84.41877424"><ele>294.000</ele><time>2025-10-17T13:46:59Z</time><speed>3.090</speed><sat>17</sat></trkpt>
  <trkpt lat="33.73790173" lon="-84.41879285"><ele>294.000</ele><time>2025-10-17T13:47:00Z</time><speed>1.490</speed><sat>17</sat></trkpt>
  <trkpt lat="33.73790462" lon="-84.41880676"><ele>294.000</ele><time>2025-10-17T13:47:01Z</time><speed>1.040</speed><sat>16</sat></trkpt>
  <trkpt lat="33.73789942" lon="-84.41882537"><ele>294.000</ele><time>2025-10-17T13:47:02Z</time><speed>1.370</speed><sat>16</sat></trkpt>
  <trkpt lat="33.73789662" lon="-84.41884372"><ele>294.000</ele><time>2025-10-17T13:47:03Z</time><speed>1.170</speed><sat>17</sat></trkpt>
  <trkpt lat="33.73789724" lon="-84.41885957"><ele>294.000</ele><time>2025-10-17T13:47:04Z</time><speed>1.350</speed><sat>16</sat></trkpt>
  <trkpt lat="33.73789854" lon="-84.41887826"><ele>294.000</ele><time>2025-10-17T13:47:05Z</time><speed>1.560</speed><sat>16</sat></trkpt>
  <trkpt lat="33.73790307" lon="-84.41889619"><ele>294.000</ele><time>2025-10-17T13:47:06Z</time><speed>1.580</speed><sat>17</sat></trkpt>
  <trkpt lat="33.73790437" lon="-84.41891145"><ele>294.000</ele><time>2025-10-17T13:47:07Z</time><speed>1.340</speed><sat>17</sat></trkpt>
  <trkpt lat="33.73790035" lon="-84.41892268"><ele>294.000</ele><time>2025-10-17T13:47:08Z</time><speed>1.080</speed><sat>15</sat></trkpt>
  <trkpt lat="33.73789712" lon="-84.41893584"><ele>294.000</ele><time>2025-10-17T13:47:09Z</time><speed>1.110</speed><sat>16</sat></trkpt>
  <trkpt lat="33.73789351" lon="-84.41894682"><ele>294.000</ele><time>2025-10-17T13:47:10Z</time><speed>1.190</speed><sat>16</sat></trkpt>
  <trkpt lat="33.73789217" lon="-84.41896040"><ele>294.000</ele><time>2025-10-17T13:47:11Z</time><speed>0.970</speed><sat>16</sat></trkpt>
  <trkpt lat="33.73789305" lon="-84.41897540"><ele>294.000</ele><time>2025-10-17T13:47:12Z</time><speed>1.430</speed><sat>17</sat></trkpt>
  <trkpt lat="33.73789381" lon="-84.41899099"><ele>294.000</ele><time>2025-10-17T13:47:13Z</time><speed>1.390</speed><sat>18</sat></trkpt>
  <trkpt lat="33.73789687" lon="-84.41900692"><ele>294.000</ele><time>2025-10-17T13:47:14Z</time><speed>1.340</speed><sat>18</sat></trkpt>
  <trkpt lat="33.73790005" lon="-84.41902393"><ele>294.000</ele><time>2025-10-17T13:47:15Z</time><speed>2.100</speed><sat>17</sat></trkpt>
  <trkpt lat="33.73790408" lon="-84.41904120"><ele>294.000</ele><time>2025-10-17T13:47:16Z</time><speed>1.570</speed><sat>15</sat></trkpt>
  <trkpt lat="33.73790445" lon="-84.41905118"><ele>294.000</ele><time>2025-10-17T13:47:17Z</time><speed>0.750</speed><sat>17</sat></trkpt>
  <trkpt lat="33.73790575" lon="-84.41906065"><ele>294.000</ele><time>2025-10-17T13:47:18Z</time><speed>0.930</speed><sat>16</sat></trkpt>
  <trkpt lat="33.73791124" lon="-84.41907205"><ele>294.000</ele><time>2025-10-17T13:47:19Z</time><speed>1.520</speed><sat>17</sat></trkpt>
  <trkpt lat="33.73791698" lon="-84.41908898"><ele>294.000</ele><time>2025-10-17T13:47:20Z</time><speed>1.530</speed><sat>16</sat></trkpt>
  <trkpt lat="33.73791870" lon="-84.41910482"><ele>294.000</ele><time>2025-10-17T13:47:21Z</time><speed>1.250</speed><sat>16</sat></trkpt>
  <trkpt lat="33.73791698" lon="-84.41911957"><ele>294.000</ele><time>2025-10-17T13:47:22Z</time><speed>0.930</speed><sat>15</sat></trkpt>
  <trkpt lat="33.73791619" lon="-84.41913030"><ele>294.000</ele><time>2025-10-17T13:47:23Z</time><speed>0.860</speed><sat>14</sat></trkpt>
  <trkpt lat="33.73791577" lon="-84.41913852"><ele>294.000</ele><time>2025-10-17T13:47:24Z</time><speed>0.540</speed><sat>14</sat></trkpt>
  <trkpt lat="33.73791208" lon="-84.41915025"><ele>295.000</ele><time>2025-10-17T13:47:25Z</time><speed>1.070</speed><sat>14</sat></trkpt>
  <trkpt lat="33.73790785" lon="-84.41916148"><ele>295.000</ele><time>2025-10-17T13:47:26Z</time><speed>0.840</speed><sat>14</sat></trkpt>
  <trkpt lat="33.73790676" lon="-84.41916651"><ele>295.000</ele><time>2025-10-17T13:47:27Z</time><speed>0.170</speed><sat>14</sat></trkpt>
  <trkpt lat="33.73790286" lon="-84.41917263"><ele>295.000</ele><time>2025-10-17T13:47:28Z</time><speed>0.610</speed><sat>16</sat></trkpt>
  <trkpt lat="33.73789888" lon="-84.41918436"><ele>295.000</ele><time>2025-10-17T13:47:29Z</time><speed>0.940</speed><sat>16</sat></trkpt>
  <trkpt lat="33.73790286" lon="-84.41919677"><ele>295.000</ele><time>2025-10-17T13:47:30Z</time><speed>1.210</speed><sat>16</sat></trkpt>
  <trkpt lat="33.73790718" lon="-84.41920767"><ele>295.000</ele><time>2025-10-17T13:47:31Z</time><speed>1.130</speed><sat>16</sat></trkpt>
  <trkpt lat="33.73791066" lon="-84.41921890"><ele>295.000</ele><time>2025-10-17T13:47:32Z</time><speed>1.390</speed><sat>15</sat></trkpt>
  <trkpt lat="33.73790110" lon="-84.41923717"><ele>294.000</ele><time>2025-10-17T13:47:33Z</time><speed>1.390</speed><sat>15</sat></trkpt>
  <trkpt lat="33.73790462" lon="-84.41925460"><ele>294.000</ele><time>2025-10-17T13:47:34Z</time><speed>1.680</speed><sat>15</sat></trkpt>
  <trkpt lat="33.73790890" lon="-84.41927112"><ele>294.000</ele><time>2025-10-17T13:47:35Z</time><speed>1.750</speed><sat>16</sat></trkpt>
  <trkpt lat="33.73790697" lon="-84.41929123"><ele>294.000</ele><time>2025-10-17T13:47:36Z</time><speed>1.840</speed><sat>16</sat></trkpt>
  <trkpt lat="33.73790751" lon="-84.41931303"><ele>294.000</ele><time>2025-10-17T13:47:37Z</time><speed>1.860</speed><sat>17</sat></trkpt>
  <trkpt lat="33.73790755" lon="-84.41933750"><ele>294.000</ele><time>2025-10-17T13:47:38Z</time><speed>2.180</speed><sat>17</sat></trkpt>
  <trkpt lat="33.73791179" lon="-84.41935636"><ele>293.000</ele><time>2025-10-17T13:47:39Z</time><speed>2.190</speed><sat>18</sat></trkpt>
  <trkpt lat="33.73791413" lon="-84.41937245"><ele>293.000</ele><time>2025-10-17T13:47:40Z</time><speed>1.530</speed><sat>16</sat></trkpt>
  <trkpt lat="33.73791594" lon="-84.41938737"><ele>293.000</ele><time>2025-10-17T13:47:41Z</time><speed>1.510</speed><sat>16</sat></trkpt>
  <trkpt lat="33.73791187" lon="-84.41940674"><ele>293.000</ele><time>2025-10-17T13:47:42Z</time><speed>1.610</speed><sat>16</sat></trkpt>
  <trkpt lat="33.73790014" lon="-84.41941855"><ele>293.000</ele><time>2025-10-17T13:47:43Z</time><speed>1.390</speed><sat>17</sat></trkpt>
  <trkpt lat="33.73789649" lon="-84.41942325"><ele>294.000</ele><time>2025-10-17T13:47:44Z</time><speed>0.870</speed><sat>18</sat></trkpt>
  <trkpt lat="33.73789414" lon="-84.41941193"><ele>294.000</ele><time>2025-10-17T13:47:45Z</time><speed>0.310</speed><sat>18</sat></trkpt>
  <trkpt lat="33.73788312" lon="-84.41940238"><ele>294.000</ele><time>2025-10-17T13:47:46Z</time><speed>0.110</speed><sat>18</sat></trkpt>
  <trkpt lat="33.73787419" lon="-84.41940531"><ele>294.000</ele><time>2025-10-17T13:47:47Z</time><speed>0.040</speed><sat>18</sat></trkpt>
  <trkpt lat="33.73787675" lon="-84.41940573"><ele>294.000</ele><time>2025-10-17T13:47:48Z</time><speed>0.520</speed><sat>18</sat></trkpt>
  <trkpt lat="33.73787939" lon="-84.41941478"><ele>294.000</ele><time>2025-10-17T13:47:49Z</time><speed>1.040</speed><sat>18</sat></trkpt>
  <trkpt lat="33.73788174" lon="-84.41942459"><ele>294.000</ele><time>2025-10-17T13:47:50Z</time><speed>0.760</speed><sat>18</sat></trkpt>
  <trkpt lat="33.73788199" lon="-84.41943532"><ele>294.000</ele><time>2025-10-17T13:47:51Z</time><speed>0.890</speed><sat>19</sat></trkpt>
  <trkpt lat="33.73788383" lon="-84.41944529"><ele>294.000</ele><time>2025-10-17T13:47:52Z</time><speed>0.840</speed><sat>19</sat></trkpt>
  <trkpt lat="33.73788438" lon="-84.41945753"><ele>294.000</ele><time>2025-10-17T13:47:53Z</time><speed>1.100</speed><sat>18</sat></trkpt>
  <trkpt lat="33.73788165" lon="-84.41946893"><ele>294.000</ele><time>2025-10-17T13:47:54Z</time><speed>0.990</speed><sat>18</sat></trkpt>
  <trkpt lat="33.73787528" lon="-84.41948368"><ele>294.000</ele><time>2025-10-17T13:47:55Z</time><speed>2.050</speed><sat>18</sat></trkpt>
  <trkpt lat="33.73787214" lon="-84.41950480"><ele>294.000</ele><time>2025-10-17T13:47:56Z</time><speed>1.740</speed><sat>17</sat></trkpt>
  <trkpt lat="33.73787005" lon="-84.41952249"><ele>294.000</ele><time>2025-10-17T13:47:57Z</time><speed>1.320</speed><sat>18</sat></trkpt>
  <trkpt lat="33.73786292" lon="-84.41953783"><ele>294.000</ele><time>2025-10-17T13:47:58Z</time><speed>1.550</speed><sat>18</sat></trkpt>
  <trkpt lat="33.73785383" lon="-84.41955535"><ele>294.000</ele><time>2025-10-17T13:47:59Z</time><speed>1.890</speed><sat>17</sat></trkpt>
  <trkpt lat="33.73784808" lon="-84.41957253"><ele>294.000</ele><time>2025-10-17T13:48:00Z</time><speed>1.380</speed><sat>18</sat></trkpt>
  <trkpt lat="33.73784201" lon="-84.41958644"><ele>293.000</ele><time>2025-10-17T13:48:01Z</time><speed>1.540</speed><sat>17</sat></trkpt>
  <trkpt lat="33.73784025" lon="-84.41960497"><ele>293.000</ele><time>2025-10-17T13:48:02Z</time><speed>1.480</speed><sat>18</sat></trkpt>
  <trkpt lat="33.73784385" lon="-84.41962567"><ele>293.000</ele><time>2025-10-17T13:48:03Z</time><speed>1.520</speed><sat>16</sat></trkpt>
  <trkpt lat="33.73784896" lon="-84.41964503"><ele>293.000</ele><time>2025-10-17T13:48:04Z</time><speed>1.620</speed><sat>18</sat></trkpt>
  <trkpt lat="33.73785584" lon="-84.41966456"><ele>293.000</ele><time>2025-10-17T13:48:05Z</time><speed>1.480</speed><sat>16</sat></trkpt>
  <trkpt lat="33.73786305" lon="-84.41968124"><ele>293.000</ele><time>2025-10-17T13:48:06Z</time><speed>1.130</speed><sat>18</sat></trkpt>
  <trkpt lat="33.73786845" lon="-84.41969407"><ele>293.000</ele><time>2025-10-17T13:48:07Z</time><speed>0.850</speed><sat>17</sat></trkpt>
  <trkpt lat="33.73787034" lon="-84.41970714"><ele>293.000</ele><time>2025-10-17T13:48:08Z</time><speed>1.020</speed><sat>18</sat></trkpt>
  <trkpt lat="33.73786665" lon="-84.41971846"><ele>293.000</ele><time>2025-10-17T13:48:09Z</time><speed>1.030</speed><sat>18</sat></trkpt>
  <trkpt lat="33.73786321" lon="-84.41972910"><ele>293.000</ele><time>2025-10-17T13:48:10Z</time><speed>0.930</speed><sat>18</sat></trkpt>
  <trkpt lat="33.73786212" lon="-84.41973858"><ele>293.000</ele><time>2025-10-17T13:48:11Z</time><speed>0.790</speed><sat>18</sat></trkpt>
  <trkpt lat="33.73786267" lon="-84.41975207"><ele>293.000</ele><time>2025-10-17T13:48:12Z</time><speed>1.130</speed><sat>18</sat></trkpt>
  <trkpt lat="33.73786535" lon="-84.41976682"><ele>293.000</ele><time>2025-10-17T13:48:13Z</time><speed>0.930</speed><sat>16</sat></trkpt>
  <trkpt lat="33.73786455" lon="-84.41978442"><ele>293.000</ele><time>2025-10-17T13:48:14Z</time><speed>1.390</speed><sat>18</sat></trkpt>
  <trkpt lat="33.73786129" lon="-84.41979926"><ele>293.000</ele><time>2025-10-17T13:48:15Z</time><speed>0.820</speed><sat>16</sat></trkpt>
  <trkpt lat="33.73786267" lon="-84.41981946"><ele>293.000</ele><time>2025-10-17T13:48:16Z</time><speed>0.800</speed><sat>15</sat></trkpt>
  <trkpt lat="33.73786141" lon="-84.41983455"><ele>292.000</ele><time>2025-10-17T13:48:17Z</time><speed>0.890</speed><sat>16</sat></trkpt>
  <trkpt lat="33.73787055" lon="-84.41985316"><ele>291.000</ele><time>2025-10-17T13:48:18Z</time><speed>1.130</speed><sat>18</sat></trkpt>
  <trkpt lat="33.73787843" lon="-84.41986883"><ele>291.000</ele><time>2025-10-17T13:48:19Z</time><speed>1.230</speed><sat>17</sat></trkpt>
  <trkpt lat="33.73788023" lon="-84.41988710"><ele>291.000</ele><time>2025-10-17T13:48:20Z</time><speed>0.450</speed><sat>17</sat></trkpt>
  <trkpt lat="33.73788153" lon="-84.41989783"><ele>291.000</ele><time>2025-10-17T13:48:21Z</time><speed>0.860</speed><sat>16</sat></trkpt>
  <trkpt lat="33.73788425" lon="-84.41990990"><ele>290.000</ele><time>2025-10-17T13:48:22Z</time><speed>0.920</speed><sat>17</sat></trkpt>
  <trkpt lat="33.73788706" lon="-84.41992046"><ele>290.000</ele><time>2025-10-17T13:48:23Z</time><speed>0.680</speed><sat>15</sat></trkpt>
  <trkpt lat="33.73789142" lon="-84.41992834"><ele>290.000</ele><time>2025-10-17T13:48:24Z</time><speed>0.870</speed><sat>17</sat></trkpt>
  <trkpt lat="33.73789402" lon="-84.41994234"><ele>290.000</ele><time>2025-10-17T13:48:25Z</time><speed>0.960</speed><sat>16</sat></trkpt>
  <trkpt lat="33.73789234" lon="-84.41995910"><ele>290.000</ele><time>2025-10-17T13:48:26Z</time><speed>1.160</speed><sat>16</sat></trkpt>
  <trkpt lat="33.73789230" lon="-84.41997738"><ele>290.000</ele><time>2025-10-17T13:48:27Z</time><speed>1.570</speed><sat>16</sat></trkpt>
  <trkpt lat="33.73789276" lon="-84.41999850"><ele>291.000</ele><time>2025-10-17T13:48:28Z</time><speed>1.530</speed><sat>16</sat></trkpt>
  <trkpt lat="33.73789582" lon="-84.42001853"><ele>291.000</ele><time>2025-10-17T13:48:29Z</time><speed>1.380</speed><sat>17</sat></trkpt>
  <trkpt lat="33.73789444" lon="-84.42003680"><ele>291.000</ele><time>2025-10-17T13:48:30Z</time><speed>1.460</speed><sat>16</sat></trkpt>
  <trkpt lat="33.73789351" lon="-84.42005382"><ele>291.000</ele><time>2025-10-17T13:48:31Z</time><speed>1.260</speed><sat>18</sat></trkpt>
  <trkpt lat="33.73789519" lon="-84.42007259"><ele>291.000</ele><time>2025-10-17T13:48:32Z</time><speed>1.530</speed><sat>16</sat></trkpt>
  <trkpt lat="33.73789272" lon="-84.42009020"><ele>291.000</ele><time>2025-10-17T13:48:33Z</time><speed>1.000</speed><sat>15</sat></trkpt>
  <trkpt lat="33.73789134" lon="-84.42010411"><ele>291.000</ele><time>2025-10-17T13:48:34Z</time><speed>1.080</speed><sat>15</sat></trkpt>
  <trkpt lat="33.73789146" lon="-84.42011828"><ele>291.000</ele><time>2025-10-17T13:48:35Z</time><speed>1.170</speed><sat>15</sat></trkpt>
  <trkpt lat="33.73789205" lon="-84.42013294"><ele>291.000</ele><time>2025-10-17T13:48:36Z</time><speed>1.140</speed><sat>15</sat></trkpt>
  <trkpt lat="33.73789247" lon="-84.42014610"><ele>292.000</ele><time>2025-10-17T13:48:37Z</time><speed>1.140</speed><sat>16</sat></trkpt>
  <trkpt lat="33.73789310" lon="-84.42016236"><ele>292.000</ele><time>2025-10-17T13:48:38Z</time><speed>1.180</speed><sat>14</sat></trkpt>
  <trkpt lat="33.73789247" lon="-84.42017720"><ele>292.000</ele><time>2025-10-17T13:48:39Z</time><speed>0.960</speed><sat>16</sat></trkpt>
  <trkpt lat="33.73789117" lon="-84.42018885"><ele>292.000</ele><time>2025-10-17T13:48:40Z</time><speed>1.080</speed><sat>15</sat></trkpt>
  <trkpt lat="33.73789293" lon="-84.42019916"><ele>291.000</ele><time>2025-10-17T13:48:41Z</time><speed>0.900</speed><sat>16</sat></trkpt>
  <trkpt lat="33.73789527" lon="-84.42021249"><ele>292.000</ele><time>2025-10-17T13:48:42Z</time><speed>0.920</speed><sat>17</sat></trkpt>
  <trkpt lat="33.73789733" lon="-84.42022615"><ele>292.000</ele><time>2025-10-17T13:48:43Z</time><speed>1.050</speed><sat>17</sat></trkpt>
  <trkpt lat="33.73789879" lon="-84.42023965"><ele>292.000</ele><time>2025-10-17T13:48:44Z</time><speed>1.100</speed><sat>15</sat></trkpt>
  <trkpt lat="33.73790072" lon="-84.42025264"><ele>291.000</ele><time>2025-10-17T13:48:45Z</time><speed>0.900</speed><sat>15</sat></trkpt>
  <trkpt lat="33.73790131" lon="-84.42026488"><ele>291.000</ele><time>2025-10-17T13:48:46Z</time><speed>0.820</speed><sat>16</sat></trkpt>
  <trkpt lat="33.73790303" lon="-84.42027720"><ele>291.000</ele><time>2025-10-17T13:48:47Z</time><speed>0.950</speed><sat>15</sat></trkpt>
  <trkpt lat="33.73790831" lon="-84.42029103"><ele>291.000</ele><time>2025-10-17T13:48:48Z</time><speed>0.940</speed><sat>15</sat></trkpt>
  <trkpt lat="33.73791288" lon="-84.42030394"><ele>291.000</ele><time>2025-10-17T13:48:49Z</time><speed>0.930</speed><sat>14</sat></trkpt>
  <trkpt lat="33.73791791" lon="-84.42031885"><ele>291.000</ele><time>2025-10-17T13:48:50Z</time><speed>1.110</speed><sat>16</sat></trkpt>
  <trkpt lat="33.73792444" lon="-84.42033109"><ele>291.000</ele><time>2025-10-17T13:48:51Z</time><speed>0.850</speed><sat>15</sat></trkpt>
  <trkpt lat="33.73793232" lon="-84.42034216"><ele>291.000</ele><time>2025-10-17T13:48:52Z</time><speed>0.720</speed><sat>16</sat></trkpt>
  <trkpt lat="33.73794012" lon="-84.42035900"><ele>291.000</ele><time>2025-10-17T13:48:53Z</time><speed>1.270</speed><sat>17</sat></trkpt>
  <trkpt lat="33.73794477" lon="-84.42037384"><ele>291.000</ele><time>2025-10-17T13:48:54Z</time><speed>1.100</speed><sat>17</sat></trkpt>
  <trkpt lat="33.73794670" lon="-84.42038700"><ele>291.000</ele><time>2025-10-17T13:48:55Z</time><speed>0.780</speed><sat>15</sat></trkpt>
  <trkpt lat="33.73794594" lon="-84.42040150"><ele>292.000</ele><time>2025-10-17T13:48:56Z</time><speed>0.980</speed><sat>15</sat></trkpt>
  <trkpt lat="33.73794561" lon="-84.42041114"><ele>292.000</ele><time>2025-10-17T13:48:57Z</time><speed>0.790</speed><sat>17</sat></trkpt>
  <trkpt lat="33.73794272" lon="-84.42042430"><ele>292.000</ele><time>2025-10-17T13:48:58Z</time><speed>0.760</speed><sat>18</sat></trkpt>
  <trkpt lat="33.73793924" lon="-84.42043419"><ele>291.000</ele><time>2025-10-17T13:48:59Z</time><speed>0.100</speed><sat>17</sat></trkpt>
  <trkpt lat="33.73793785" lon="-84.42044324"><ele>291.000</ele><time>2025-10-17T13:49:00Z</time><speed>0.080</speed><sat>17</sat></trkpt>
  <trkpt lat="33.73793668" lon="-84.42044911"><ele>291.000</ele><time>2025-10-17T13:49:01Z</time><speed>0.180</speed><sat>17</sat></trkpt>
  <trkpt lat="33.73793496" lon="-84.42045540"><ele>292.000</ele><time>2025-10-17T13:49:02Z</time><speed>0.000</speed><sat>17</sat></trkpt>
  <trkpt lat="33.73793496" lon="-84.42045540"><ele>292.000</ele><time>2025-10-17T13:49:03Z</time><speed>0.000</speed><sat>18</sat></trkpt>
  <trkpt lat="33.73793496" lon="-84.42045540"><ele>292.000</ele><time>2025-10-17T13:49:04Z</time><speed>0.000</speed><sat>17</sat></trkpt>
  <trkpt lat="33.73793496" lon="-84.42045540"><ele>292.000</ele><time>2025-10-17T13:49:05Z</time><speed>0.000</speed><sat>17</sat></trkpt>
  <trkpt lat="33.73793496" lon="-84.42045540"><ele>292.000</ele><time>2025-10-17T13:49:06Z</time><speed>0.000</speed><sat>16</sat></trkpt>
  <trkpt lat="33.73793496" lon="-84.42045540"><ele>292.000</ele><time>2025-10-17T13:49:07Z</time><speed>0.000</speed><sat>16</sat></trkpt>
  <trkpt lat="33.73793480" lon="-84.42045665"><ele>292.000</ele><time>2025-10-17T13:49:08Z</time><speed>0.000</speed><sat>16</sat></trkpt>
  <trkpt lat="33.73793484" lon="-84.42045649"><ele>292.000</ele><time>2025-10-17T13:49:09Z</time><speed>0.000</speed><sat>14</sat></trkpt>
  <trkpt lat="33.73793488" lon="-84.42045649"><ele>292.000</ele><time>2025-10-17T13:49:10Z</time><speed>0.000</speed><sat>16</sat></trkpt>
  <trkpt lat="33.73793492" lon="-84.42045640"><ele>292.000</ele><time>2025-10-17T13:49:11Z</time><speed>0.000</speed><sat>16</sat></trkpt>
  <trkpt lat="33.73793706" lon="-84.42046227"><ele>292.000</ele><time>2025-10-17T13:49:12Z</time><speed>0.090</speed><sat>17</sat></trkpt>
  <trkpt lat="33.73793706" lon="-84.42046260"><ele>292.000</ele><time>2025-10-17T13:49:13Z</time><speed>0.000</speed><sat>15</sat></trkpt>
  <trkpt lat="33.73793706" lon="-84.42046252"><ele>292.000</ele><time>2025-10-17T13:49:14Z</time><speed>0.000</speed><sat>16</sat></trkpt>
  <trkpt lat="33.73793710" lon="-84.42046202"><ele>292.000</ele><time>2025-10-17T13:49:15Z</time><speed>0.100</speed><sat>18</sat></trkpt>
  <trkpt lat="33.73793739" lon="-84.42046160"><ele>292.000</ele><time>2025-10-17T13:49:16Z</time><speed>0.000</speed><sat>18</sat></trkpt>
  <trkpt lat="33.73793744" lon="-84.42046135"><ele>292.000</ele><time>2025-10-17T13:49:17Z</time><speed>0.000</speed><sat>17</sat></trkpt>
  <trkpt lat="33.73793748" lon="-84.42046126"><ele>292.000</ele><time>2025-10-17T13:49:18Z</time><speed>0.000</speed><sat>16</sat></trkpt>
  <trkpt lat="33.73793752" lon="-84.42046110"><ele>292.000</ele><time>2025-10-17T13:49:19Z</time><speed>0.000</speed><sat>16</sat></trkpt>
  <trkpt lat="33.73793752" lon="-84.42046093"><ele>292.000</ele><time>2025-10-17T13:49:20Z</time><speed>0.000</speed><sat>16</sat></trkpt>
  <trkpt lat="33.73793752" lon="-84.42046084"><ele>292.000</ele><time>2025-10-17T13:49:21Z</time><speed>0.000</speed><sat>16</sat></trkpt>
  <trkpt lat="33.73793756" lon="-84.42046068"><ele>292.000</ele><time>2025-10-17T13:49:22Z</time><speed>0.000</speed><sat>15</sat></trkpt>
  <trkpt lat="33.73793748" lon="-84.42046068"><ele>292.000</ele><time>2025-10-17T13:49:23Z</time><speed>0.000</speed><sat>16</sat></trkpt>
  <trkpt lat="33.73793744" lon="-84.42046068"><ele>292.000</ele><time>2025-10-17T13:49:24Z</time><speed>0.000</speed><sat>16</sat></trkpt>
  <trkpt lat="33.73793735" lon="-84.42046068"><ele>292.000</ele><time>2025-10-17T13:49:25Z</time><speed>0.000</speed><sat>16</sat></trkpt>
  <trkpt lat="33.73793731" lon="-84.42046068"><ele>292.000</ele><time>2025-10-17T13:49:26Z</time><speed>0.000</speed><sat>15</sat></trkpt>
  <trkpt lat="33.73793727" lon="-84.42046076"><ele>292.000</ele><time>2025-10-17T13:49:27Z</time><speed>0.000</speed><sat>15</sat></trkpt>
  <trkpt lat="33.73793827" lon="-84.42046168"><ele>292.000</ele><time>2025-10-17T13:49:28Z</time><speed>0.110</speed><sat>15</sat></trkpt>
  <trkpt lat="33.73793836" lon="-84.42046193"><ele>292.000</ele><time>2025-10-17T13:49:29Z</time><speed>0.000</speed><sat>14</sat></trkpt>
  <trkpt lat="33.73793827" lon="-84.42046193"><ele>292.000</ele><time>2025-10-17T13:49:30Z</time><speed>0.000</speed><sat>15</sat></trkpt>
  <trkpt lat="33.73793823" lon="-84.42046185"><ele>292.000</ele><time>2025-10-17T13:49:31Z</time><speed>0.000</speed><sat>14</sat></trkpt>
  <trkpt lat="33.73793823" lon="-84.42046185"><ele>292.000</ele><time>2025-10-17T13:49:32Z</time><speed>0.000</speed><sat>14</sat></trkpt>
  <trkpt lat="33.73793819" lon="-84.42046185"><ele>292.000</ele><time>2025-10-17T13:49:33Z</time><speed>0.000</speed><sat>14</sat></trkpt>
  <trkpt lat="33.73793811" lon="-84.42046185"><ele>292.000</ele><time>2025-10-17T13:49:34Z</time><speed>0.000</speed><sat>15</sat></trkpt>
  <trkpt lat="33.73793802" lon="-84.42046185"><ele>292.000</ele><time>2025-10-17T13:49:35Z</time><speed>0.000</speed><sat>15</sat></trkpt>
  <trkpt lat="33.73793798" lon="-84.42046185"><ele>292.000</ele><time>2025-10-17T13:49:36Z</time><speed>0.000</speed><sat>15</sat></trkpt>
  <trkpt lat="33.73793790" lon="-84.42046193"><ele>292.000</ele><time>2025-10-17T13:49:37Z</time><speed>0.000</speed><sat>16</sat></trkpt>
  <trkpt lat="33.73793781" lon="-84.42046193"><ele>292.000</ele><time>2025-10-17T13:49:38Z</time><speed>0.000</speed><sat>16</sat></trkpt>
  <trkpt lat="33.73793773" lon="-84.42046193"><ele>292.000</ele><time>2025-10-17T13:49:39Z</time><speed>0.000</speed><sat>16</sat></trkpt>
  <trkpt lat="33.73793765" lon="-84.42046193"><ele>292.000</ele><time>2025-10-17T13:49:40Z</time><speed>0.000</speed><sat>15</sat></trkpt>
  <trkpt lat="33.73793760" lon="-84.42046185"><ele>292.000</ele><time>2025-10-17T13:49:41Z</time><speed>0.000</speed><sat>14</sat></trkpt>
  <trkpt lat="33.73793760" lon="-84.42046185"><ele>292.000</ele><time>2025-10-17T13:49:42Z</time><speed>0.000</speed><sat>14</sat></trkpt>
  <trkpt lat="33.73793756" lon="-84.42046185"><ele>292.000</ele><time>2025-10-17T13:49:43Z</time><speed>0.000</speed><sat>15</sat></trkpt>
  <trkpt lat="33.73793186" lon="-84.42046369"><ele>291.000</ele><time>2025-10-17T13:49:44Z</time><speed>0.660</speed><sat>15</sat></trkpt>
  <trkpt lat="33.73792717" lon="-84.42046369"><ele>291.000</ele><time>2025-10-17T13:49:45Z</time><speed>0.260</speed><sat>16</sat></trkpt>
  <trkpt lat="33.73792599" lon="-84.42045607"><ele>291.000</ele><time>2025-10-17T13:49:46Z</time><speed>0.520</speed><sat>15</sat></trkpt>
  <trkpt lat="33.73792771" lon="-84.42045313"><ele>292.000</ele><time>2025-10-17T13:49:47Z</time><speed>0.200</speed><sat>15</sat></trkpt>
  <trkpt lat="33.73792901" lon="-84.42045867"><ele>293.000</ele><time>2025-10-17T13:49:48Z</time><speed>0.430</speed><sat>16</sat></trkpt>
  <trkpt lat="33.73792880" lon="-84.42045934"><ele>292.000</ele><time>2025-10-17T13:49:49Z</time><speed>0.010</speed><sat>15</sat></trkpt>
  <trkpt lat="33.73792889" lon="-84.42045934"><ele>292.000</ele><time>2025-10-17T13:49:50Z</time><speed>0.000</speed><sat>15</sat></trkpt>
  <trkpt lat="33.73792897" lon="-84.42045950"><ele>293.000</ele><time>2025-10-17T13:49:51Z</time><speed>0.000</speed><sat>15</sat></trkpt>
  <trkpt lat="33.73792910" lon="-84.42045959"><ele>293.000</ele><time>2025-10-17T13:49:52Z</time><speed>0.000</speed><sat>16</sat></trkpt>
  <trkpt lat="33.73792918" lon="-84.42045967"><ele>293.000</ele><time>2025-10-17T13:49:53Z</time><speed>0.000</speed><sat>15</sat></trkpt>
  <trkpt lat="33.73792914" lon="-84.42045967"><ele>293.000</ele><time>2025-10-17T13:49:54Z</time><speed>0.000</speed><sat>16</sat></trkpt>
  <trkpt lat="33.73792918" lon="-84.42045975"><ele>293.000</ele><time>2025-10-17T13:49:55Z</time><speed>0.000</speed><sat>14</sat></trkpt>
  <trkpt lat="33.73792922" lon="-84.42045992"><ele>293.000</ele><time>2025-10-17T13:49:56Z</time><speed>0.000</speed><sat>14</sat></trkpt>
  <trkpt lat="33.73792926" lon="-84.42046001"><ele>293.000</ele><time>2025-10-17T13:49:57Z</time><speed>0.000</speed><sat>15</sat></trkpt>
  <trkpt lat="33.73792926" lon="-84.42046017"><ele>293.000</ele><time>2025-10-17T13:49:58Z</time><speed>0.000</speed><sat>14</sat></trkpt>
  <trkpt lat="33.73792922" lon="-84.42046026"><ele>293.000</ele><time>2025-10-17T13:49:59Z</time><speed>0.000</speed><sat>15</sat></trkpt>
  <trkpt lat="33.73792931" lon="-84.42046034"><ele>293.000</ele><time>2025-10-17T13:50:00Z</time><speed>0.000</speed><sat>14</sat></trkpt>
  <trkpt lat="33.73792922" lon="-84.42046017"><ele>293.000</ele><time>2025-10-17T13:50:01Z</time><speed>0.000</speed><sat>13</sat></trkpt>
  <trkpt lat="33.73792918" lon="-84.42046001"><ele>293.000</ele><time>2025-10-17T13:50:02Z</time><speed>0.000</speed><sat>15</sat></trkpt>
  <trkpt lat="33.73792910" lon="-84.42045984"><ele>293.000</ele><time>2025-10-17T13:50:03Z</time><speed>0.000</speed><sat>15</sat></trkpt>
  <trkpt lat="33.73792893" lon="-84.42045967"><ele>293.000</ele><time>2025-10-17T13:50:04Z</time><speed>0.000</speed><sat>15</sat></trkpt>
  <trkpt lat="33.73792872" lon="-84.42045959"><ele>293.000</ele><time>2025-10-17T13:50:05Z</time><speed>0.000</speed><sat>13</sat></trkpt>
  <trkpt lat="33.73792855" lon="-84.42045950"><ele>293.000</ele><time>2025-10-17T13:50:06Z</time><speed>0.000</speed><sat>15</sat></trkpt>
  <trkpt lat="33.73792847" lon="-84.42045950"><ele>293.000</ele><time>2025-10-17T13:50:07Z</time><speed>0.000</speed><sat>14</sat></trkpt>
  <trkpt lat="33.73792842" lon="-84.42045942"><ele>293.000</ele><time>2025-10-17T13:50:08Z</time><speed>0.000</speed><sat>14</sat></trkpt>
  <trkpt lat="33.73792838" lon="-84.42045950"><ele>293.000</ele><time>2025-10-17T13:50:09Z</time><speed>0.000</speed><sat>14</sat></trkpt>
  <trkpt lat="33.73792838" lon="-84.42045950"><ele>293.000</ele><time>2025-10-17T13:50:10Z</time><speed>0.000</speed><sat>14</sat></trkpt>
  <trkpt lat="33.73792838" lon="-84.42045950"><ele>293.000</ele><time>2025-10-17T13:50:11Z</time><speed>0.000</speed><sat>15</sat></trkpt>
  <trkpt lat="33.73792834" lon="-84.42045942"><ele>293.000</ele><time>2025-10-17T13:50:12Z</time><speed>0.000</speed><sat>15</sat></trkpt>
  <trkpt lat="33.73792834" lon="-84.42045942"><ele>293.000</ele><time>2025-10-17T13:50:13Z</time><speed>0.000</speed><sat>15</sat></trkpt>
  <trkpt lat="33.73792834" lon="-84.42045934"><ele>293.000</ele><time>2025-10-17T13:50:14Z</time><speed>0.000</speed><sat>14</sat></trkpt>
  <trkpt lat="33.73792830" lon="-84.42045934"><ele>293.000</ele><time>2025-10-17T13:50:15Z</time><speed>0.000</speed><sat>15</sat></trkpt>
  <trkpt lat="33.73792780" lon="-84.42045791"><ele>293.000</ele><time>2025-10-17T13:50:16Z</time><speed>0.150</speed><sat>14</sat></trkpt>
  <trkpt lat="33.73792872" lon="-84.42045850"><ele>293.000</ele><time>2025-10-17T13:50:17Z</time><speed>0.310</speed><sat>15</sat></trkpt>
  <trkpt lat="33.73792901" lon="-84.42046286"><ele>293.000</ele><time>2025-10-17T13:50:18Z</time><speed>0.290</speed><sat>15</sat></trkpt>
  <trkpt lat="33.73792989" lon="-84.42046755"><ele>293.000</ele><time>2025-10-17T13:50:19Z</time><speed>0.240</speed><sat>15</sat></trkpt>
  <trkpt lat="33.73793027" lon="-84.42047392"><ele>294.000</ele><time>2025-10-17T13:50:20Z</time><speed>0.780</speed><sat>16</sat></trkpt>
  <trkpt lat="33.73793203" lon="-84.42047761"><ele>294.000</ele><time>2025-10-17T13:50:21Z</time><speed>0.450</speed><sat>15</sat></trkpt>
  <trkpt lat="33.73793195" lon="-84.42047744"><ele>293.000</ele><time>2025-10-17T13:50:22Z</time><speed>0.590</speed><sat>15</sat></trkpt>
  <trkpt lat="33.73792842" lon="-84.42047635"><ele>292.000</ele><time>2025-10-17T13:50:23Z</time><speed>0.600</speed><sat>16</sat></trkpt>
  <trkpt lat="33.73792801" lon="-84.42048306"><ele>292.000</ele><time>2025-10-17T13:50:24Z</time><speed>0.700</speed><sat>16</sat></trkpt>
  <trkpt lat="33.73793060" lon="-84.42049094"><ele>291.000</ele><time>2025-10-17T13:50:25Z</time><speed>0.960</speed><sat>16</sat></trkpt>
  <trkpt lat="33.73793119" lon="-84.42050560"><ele>291.000</ele><time>2025-10-17T13:50:26Z</time><speed>1.180</speed><sat>16</sat></trkpt>
  <trkpt lat="33.73793442" lon="-84.42051851"><ele>291.000</ele><time>2025-10-17T13:50:27Z</time><speed>1.200</speed><sat>15</sat></trkpt>
  <trkpt lat="33.73793886" lon="-84.42053528"><ele>291.000</ele><time>2025-10-17T13:50:28Z</time><speed>1.320</speed><sat>17</sat></trkpt>
  <trkpt lat="33.73793974" lon="-84.42055145"><ele>291.000</ele><time>2025-10-17T13:50:29Z</time><speed>1.230</speed><sat>16</sat></trkpt>
  <trkpt lat="33.73794314" lon="-84.42056788"><ele>291.000</ele><time>2025-10-17T13:50:30Z</time><speed>1.980</speed><sat>16</sat></trkpt>
  <trkpt lat="33.73794565" lon="-84.42058523"><ele>290.000</ele><time>2025-10-17T13:50:31Z</time><speed>1.650</speed><sat>16</sat></trkpt>
  <trkpt lat="33.73794867" lon="-84.42060024"><ele>290.000</ele><time>2025-10-17T13:50:32Z</time><speed>1.280</speed><sat>15</sat></trkpt>
  <trkpt lat="33.73795210" lon="-84.42061306"><ele>290.000</ele><time>2025-10-17T13:50:33Z</time><speed>1.020</speed><sat>18</sat></trkpt>
  <trkpt lat="33.73795344" lon="-84.42062496"><ele>290.000</ele><time>2025-10-17T13:50:34Z</time><speed>0.790</speed><sat>17</sat></trkpt>
  <trkpt lat="33.73795671" lon="-84.42063376"><ele>289.000</ele><time>2025-10-17T13:50:35Z</time><speed>0.700</speed><sat>19</sat></trkpt>
  <trkpt lat="33.73796103" lon="-84.42064499"><ele>289.000</ele><time>2025-10-17T13:50:36Z</time><speed>0.940</speed><sat>19</sat></trkpt>
  <trkpt lat="33.73796342" lon="-84.42065841"><ele>289.000</ele><time>2025-10-17T13:50:37Z</time><speed>0.970</speed><sat>19</sat></trkpt>
  <trkpt lat="33.73796707" lon="-84.42067148"><ele>289.000</ele><time>2025-10-17T13:50:38Z</time><speed>1.240</speed><sat>17</sat></trkpt>
  <trkpt lat="33.73796862" lon="-84.42068640"><ele>289.000</ele><time>2025-10-17T13:50:39Z</time><speed>1.050</speed><sat>16</sat></trkpt>
  <trkpt lat="33.73797155" lon="-84.42070090"><ele>289.000</ele><time>2025-10-17T13:50:40Z</time><speed>0.720</speed><sat>17</sat></trkpt>
  <trkpt lat="33.73797453" lon="-84.42071440"><ele>289.000</ele><time>2025-10-17T13:50:41Z</time><speed>1.140</speed><sat>18</sat></trkpt>
  <trkpt lat="33.73797696" lon="-84.42072680"><ele>289.000</ele><time>2025-10-17T13:50:42Z</time><speed>0.920</speed><sat>17</sat></trkpt>
  <trkpt lat="33.73797813" lon="-84.42074692"><ele>289.000</ele><time>2025-10-17T13:50:43Z</time><speed>2.020</speed><sat>18</sat></trkpt>
  <trkpt lat="33.73797344" lon="-84.42077542"><ele>290.000</ele><time>2025-10-17T13:50:44Z</time><speed>1.910</speed><sat>18</sat></trkpt>
  <trkpt lat="33.73797155" lon="-84.42079520"><ele>289.000</ele><time>2025-10-17T13:50:45Z</time><speed>1.030</speed><sat>17</sat></trkpt>
  <trkpt lat="33.73797025" lon="-84.42081238"><ele>289.000</ele><time>2025-10-17T13:50:46Z</time><speed>0.870</speed><sat>19</sat></trkpt>
  <trkpt lat="33.73796883" lon="-84.42082747"><ele>288.000</ele><time>2025-10-17T13:50:47Z</time><speed>1.270</speed><sat>17</sat></trkpt>
  <trkpt lat="33.73797419" lon="-84.42083728"><ele>288.000</ele><time>2025-10-17T13:50:48Z</time><speed>1.020</speed><sat>18</sat></trkpt>
  <trkpt lat="33.73797968" lon="-84.42084859"><ele>288.000</ele><time>2025-10-17T13:50:49Z</time><speed>1.050</speed><sat>19</sat></trkpt>
  <trkpt lat="33.73798194" lon="-84.42086033"><ele>289.000</ele><time>2025-10-17T13:50:50Z</time><speed>1.030</speed><sat>19</sat></trkpt>
  <trkpt lat="33.73798127" lon="-84.42087516"><ele>289.000</ele><time>2025-10-17T13:50:51Z</time><speed>1.220</speed><sat>17</sat></trkpt>
  <trkpt lat="33.73798291" lon="-84.42089000"><ele>289.000</ele><time>2025-10-17T13:50:52Z</time><speed>1.150</speed><sat>17</sat></trkpt>
  <trkpt lat="33.73798546" lon="-84.42090425"><ele>289.000</ele><time>2025-10-17T13:50:53Z</time><speed>1.010</speed><sat>18</sat></trkpt>
  <trkpt lat="33.73798601" lon="-84.42091892"><ele>288.000</ele><time>2025-10-17T13:50:54Z</time><speed>1.460</speed><sat>19</sat></trkpt>
  <trkpt lat="33.73798840" lon="-84.42093316"><ele>288.000</ele><time>2025-10-17T13:50:55Z</time><speed>1.170</speed><sat>18</sat></trkpt>
  <trkpt lat="33.73799271" lon="-84.42094406"><ele>287.000</ele><time>2025-10-17T13:50:56Z</time><speed>1.080</speed><sat>17</sat></trkpt>
  <trkpt lat="33.73799766" lon="-84.42095881"><ele>288.000</ele><time>2025-10-17T13:50:57Z</time><speed>1.460</speed><sat>18</sat></trkpt>
  <trkpt lat="33.73800185" lon="-84.42097859"><ele>288.000</ele><time>2025-10-17T13:50:58Z</time><speed>1.690</speed><sat>18</sat></trkpt>
  <trkpt lat="33.73800265" lon="-84.42099653"><ele>288.000</ele><time>2025-10-17T13:50:59Z</time><speed>1.320</speed><sat>17</sat></trkpt>
  <trkpt lat="33.73800302" lon="-84.42101271"><ele>288.000</ele><time>2025-10-17T13:51:00Z</time><speed>1.420</speed><sat>17</sat></trkpt>
  <trkpt lat="33.73800545" lon="-84.42102889"><ele>288.000</ele><time>2025-10-17T13:51:01Z</time><speed>1.430</speed><sat>17</sat></trkpt>
  <trkpt lat="33.73800856" lon="-84.42104397"><ele>288.000</ele><time>2025-10-17T13:51:02Z</time><speed>1.240</speed><sat>18</sat></trkpt>
  <trkpt lat="33.73800839" lon="-84.42105940"><ele>288.000</ele><time>2025-10-17T13:51:03Z</time><speed>1.200</speed><sat>19</sat></trkpt>
  <trkpt lat="33.73800898" lon="-84.42107566"><ele>288.000</ele><time>2025-10-17T13:51:04Z</time><speed>1.500</speed><sat>18</sat></trkpt>
  <trkpt lat="33.73801061" lon="-84.42109452"><ele>288.000</ele><time>2025-10-17T13:51:05Z</time><speed>1.670</speed><sat>18</sat></trkpt>
  <trkpt lat="33.73800931" lon="-84.42110893"><ele>287.000</ele><time>2025-10-17T13:51:06Z</time><speed>0.660</speed><sat>19</sat></trkpt>
  <trkpt lat="33.73801287" lon="-84.42112645"><ele>286.000</ele><time>2025-10-17T13:51:07Z</time><speed>1.680</speed><sat>18</sat></trkpt>
  <trkpt lat="33.73800650" lon="-84.42113408"><ele>286.000</ele><time>2025-10-17T13:51:08Z</time><speed>1.810</speed><sat>19</sat></trkpt>
  <trkpt lat="33.73800365" lon="-84.42113861"><ele>285.000</ele><time>2025-10-17T13:51:09Z</time><speed>0.240</speed><sat>18</sat></trkpt>
  <trkpt lat="33.73800382" lon="-84.42114179"><ele>285.000</ele><time>2025-10-17T13:51:10Z</time><speed>0.640</speed><sat>19</sat></trkpt>
  <trkpt lat="33.73800131" lon="-84.42115587"><ele>284.000</ele><time>2025-10-17T13:51:11Z</time><speed>0.810</speed><sat>16</sat></trkpt>
  <trkpt lat="33.73800269" lon="-84.42116694"><ele>284.000</ele><time>2025-10-17T13:51:12Z</time><speed>0.270</speed><sat>18</sat></trkpt>
  <trkpt lat="33.73801233" lon="-84.42118580"><ele>284.000</ele><time>2025-10-17T13:51:13Z</time><speed>1.310</speed><sat>18</sat></trkpt>
  <trkpt lat="33.73802264" lon="-84.42121295"><ele>285.000</ele><time>2025-10-17T13:51:14Z</time><speed>1.740</speed><sat>19</sat></trkpt>
  <trkpt lat="33.73802758" lon="-84.42123986"><ele>285.000</ele><time>2025-10-17T13:51:15Z</time><speed>1.930</speed><sat>17</sat></trkpt>
  <trkpt lat="33.73802922" lon="-84.42126174"><ele>285.000</ele><time>2025-10-17T13:51:16Z</time><speed>1.510</speed><sat>19</sat></trkpt>
  <trkpt lat="33.73803131" lon="-84.42127976"><ele>286.000</ele><time>2025-10-17T13:51:17Z</time><speed>1.460</speed><sat>19</sat></trkpt>
  <trkpt lat="33.73803416" lon="-84.42129484"><ele>286.000</ele><time>2025-10-17T13:51:18Z</time><speed>1.360</speed><sat>19</sat></trkpt>
  <trkpt lat="33.73803622" lon="-84.42130842"><ele>286.000</ele><time>2025-10-17T13:51:19Z</time><speed>1.370</speed><sat>19</sat></trkpt>
  <trkpt lat="33.73803928" lon="-84.42132401"><ele>286.000</ele><time>2025-10-17T13:51:20Z</time><speed>1.320</speed><sat>19</sat></trkpt>
  <trkpt lat="33.73804091" lon="-84.42133801"><ele>286.000</ele><time>2025-10-17T13:51:21Z</time><speed>1.200</speed><sat>19</sat></trkpt>
  <trkpt lat="33.73804150" lon="-84.42135276"><ele>286.000</ele><time>2025-10-17T13:51:22Z</time><speed>1.430</speed><sat>19</sat></trkpt>
  <trkpt lat="33.73804259" lon="-84.42136718"><ele>286.000</ele><time>2025-10-17T13:51:23Z</time><speed>1.270</speed><sat>19</sat></trkpt>
  <trkpt lat="33.73804414" lon="-84.42138076"><ele>286.000</ele><time>2025-10-17T13:51:24Z</time><speed>1.340</speed><sat>19</sat></trkpt>
  <trkpt lat="33.73804783" lon="-84.42139476"><ele>286.000</ele><time>2025-10-17T13:51:25Z</time><speed>1.430</speed><sat>19</sat></trkpt>
  <trkpt lat="33.73805042" lon="-84.42140783"><ele>286.000</ele><time>2025-10-17T13:51:26Z</time><speed>1.170</speed><sat>19</sat></trkpt>
  <trkpt lat="33.73804921" lon="-84.42142007"><ele>286.000</ele><time>2025-10-17T13:51:27Z</time><speed>1.030</speed><sat>19</sat></trkpt>
  <trkpt lat="33.73804879" lon="-84.42143407"><ele>287.000</ele><time>2025-10-17T13:51:28Z</time><speed>1.260</speed><sat>19</sat></trkpt>
  <trkpt lat="33.73804875" lon="-84.42144924"><ele>287.000</ele><time>2025-10-17T13:51:29Z</time><speed>1.470</speed><sat>17</sat></trkpt>
  <trkpt lat="33.73804917" lon="-84.42146257"><ele>287.000</ele><time>2025-10-17T13:51:30Z</time><speed>1.000</speed><sat>16</sat></trkpt>
  <trkpt lat="33.73804891" lon="-84.42147304"><ele>286.000</ele><time>2025-10-17T13:51:31Z</time><speed>0.950</speed><sat>16</sat></trkpt>
  <trkpt lat="33.73805026" lon="-84.42148386"><ele>286.000</ele><time>2025-10-17T13:51:32Z</time><speed>0.990</speed><sat>16</sat></trkpt>
  <trkpt lat="33.73805248" lon="-84.42149769"><ele>286.000</ele><time>2025-10-17T13:51:33Z</time><speed>1.340</speed><sat>16</sat></trkpt>
  <trkpt lat="33.73805466" lon="-84.42151437"><ele>286.000</ele><time>2025-10-17T13:51:34Z</time><speed>1.630</speed><sat>16</sat></trkpt>
  <trkpt lat="33.73805671" lon="-84.42153054"><ele>286.000</ele><time>2025-10-17T13:51:35Z</time><speed>1.570</speed><sat>16</sat></trkpt>
  <trkpt lat="33.73806036" lon="-84.42154571"><ele>286.000</ele><time>2025-10-17T13:51:36Z</time><speed>1.310</speed><sat>16</sat></trkpt>
  <trkpt lat="33.73806132" lon="-84.42156139"><ele>286.000</ele><time>2025-10-17T13:51:37Z</time><speed>1.500</speed><sat>17</sat></trkpt>
  <trkpt lat="33.73806585" lon="-84.42157505"><ele>286.000</ele><time>2025-10-17T13:51:38Z</time><speed>1.000</speed><sat>17</sat></trkpt>
  <trkpt lat="33.73806786" lon="-84.42159039"><ele>286.000</ele><time>2025-10-17T13:51:39Z</time><speed>1.580</speed><sat>16</sat></trkpt>
  <trkpt lat="33.73806849" lon="-84.42160891"><ele>286.000</ele><time>2025-10-17T13:51:40Z</time><speed>1.510</speed><sat>17</sat></trkpt>
  <trkpt lat="33.73806832" lon="-84.42162761"><ele>285.000</ele><time>2025-10-17T13:51:41Z</time><speed>1.440</speed><sat>18</sat></trkpt>
  <trkpt lat="33.73806966" lon="-84.42164537"><ele>286.000</ele><time>2025-10-17T13:51:42Z</time><speed>1.860</speed><sat>19</sat></trkpt>
  <trkpt lat="33.73807364" lon="-84.42166231"><ele>285.000</ele><time>2025-10-17T13:51:43Z</time><speed>1.550</speed><sat>18</sat></trkpt>
  <trkpt lat="33.73807758" lon="-84.42167547"><ele>286.000</ele><time>2025-10-17T13:51:44Z</time><speed>1.250</speed><sat>18</sat></trkpt>
  <trkpt lat="33.73808248" lon="-84.42168972"><ele>286.000</ele><time>2025-10-17T13:51:45Z</time><speed>1.290</speed><sat>19</sat></trkpt>
  <trkpt lat="33.73808668" lon="-84.42170346"><ele>286.000</ele><time>2025-10-17T13:51:46Z</time><speed>1.200</speed><sat>17</sat></trkpt>
  <trkpt lat="33.73808986" lon="-84.42171721"><ele>286.000</ele><time>2025-10-17T13:51:47Z</time><speed>1.140</speed><sat>19</sat></trkpt>
  <trkpt lat="33.73809162" lon="-84.42173154"><ele>286.000</ele><time>2025-10-17T13:51:48Z</time><speed>1.170</speed><sat>17</sat></trkpt>
  <trkpt lat="33.73809326" lon="-84.42174286"><ele>286.000</ele><time>2025-10-17T13:51:49Z</time><speed>1.080</speed><sat>18</sat></trkpt>
  <trkpt lat="33.73809845" lon="-84.42175551"><ele>286.000</ele><time>2025-10-17T13:51:50Z</time><speed>1.210</speed><sat>17</sat></trkpt>
  <trkpt lat="33.73810021" lon="-84.42176448"><ele>286.000</ele><time>2025-10-17T13:51:51Z</time><speed>0.900</speed><sat>16</sat></trkpt>
  <trkpt lat="33.73810415" lon="-84.42177949"><ele>285.000</ele><time>2025-10-17T13:51:52Z</time><speed>1.370</speed><sat>16</sat></trkpt>
  <trkpt lat="33.73810759" lon="-84.42179491"><ele>285.000</ele><time>2025-10-17T13:51:53Z</time><speed>1.370</speed><sat>17</sat></trkpt>
  <trkpt lat="33.73811056" lon="-84.42181368"><ele>285.000</ele><time>2025-10-17T13:51:54Z</time><speed>1.310</speed><sat>18</sat></trkpt>
  <trkpt lat="33.73811320" lon="-84.42183246"><ele>285.000</ele><time>2025-10-17T13:51:55Z</time><speed>1.420</speed><sat>18</sat></trkpt>
  <trkpt lat="33.73811136" lon="-84.42185174"><ele>285.000</ele><time>2025-10-17T13:51:56Z</time><speed>1.750</speed><sat>18</sat></trkpt>
  <trkpt lat="33.73810780" lon="-84.42186808"><ele>285.000</ele><time>2025-10-17T13:51:57Z</time><speed>1.450</speed><sat>19</sat></trkpt>
  <trkpt lat="33.73810667" lon="-84.42188275"><ele>285.000</ele><time>2025-10-17T13:51:58Z</time><speed>1.280</speed><sat>19</sat></trkpt>
  <trkpt lat="33.73810637" lon="-84.42189809"><ele>285.000</ele><time>2025-10-17T13:51:59Z</time><speed>1.160</speed><sat>19</sat></trkpt>
  <trkpt lat="33.73810654" lon="-84.42191452"><ele>286.000</ele><time>2025-10-17T13:52:00Z</time><speed>1.460</speed><sat>17</sat></trkpt>
  <trkpt lat="33.73810822" lon="-84.42193178"><ele>285.000</ele><time>2025-10-17T13:52:01Z</time><speed>1.530</speed><sat>18</sat></trkpt>
  <trkpt lat="33.73811224" lon="-84.42194779"><ele>285.000</ele><time>2025-10-17T13:52:02Z</time><speed>1.470</speed><sat>18</sat></trkpt>
  <trkpt lat="33.73811568" lon="-84.42196246"><ele>286.000</ele><time>2025-10-17T13:52:03Z</time><speed>1.340</speed><sat>19</sat></trkpt>
  <trkpt lat="33.73811878" lon="-84.42197738"><ele>286.000</ele><time>2025-10-17T13:52:04Z</time><speed>1.510</speed><sat>18</sat></trkpt>
  <trkpt lat="33.73812112" lon="-84.42199163"><ele>286.000</ele><time>2025-10-17T13:52:05Z</time><speed>1.290</speed><sat>19</sat></trkpt>
  <trkpt lat="33.73812473" lon="-84.42200689"><ele>286.000</ele><time>2025-10-17T13:52:06Z</time><speed>1.440</speed><sat>18</sat></trkpt>
  <trkpt lat="33.73812607" lon="-84.42202298"><ele>286.000</ele><time>2025-10-17T13:52:07Z</time><speed>1.400</speed><sat>18</sat></trkpt>
  <trkpt lat="33.73813231" lon="-84.42203974"><ele>286.000</ele><time>2025-10-17T13:52:08Z</time><speed>1.960</speed><sat>17</sat></trkpt>
  <trkpt lat="33.73813236" lon="-84.42205508"><ele>286.000</ele><time>2025-10-17T13:52:09Z</time><speed>1.120</speed><sat>19</sat></trkpt>
  <trkpt lat="33.73813164" lon="-84.42206682"><ele>287.000</ele><time>2025-10-17T13:52:10Z</time><speed>1.430</speed><sat>18</sat></trkpt>
  <trkpt lat="33.73812624" lon="-84.42208056"><ele>286.000</ele><time>2025-10-17T13:52:11Z</time><speed>1.250</speed><sat>19</sat></trkpt>
  <trkpt lat="33.73812435" lon="-84.42209439"><ele>286.000</ele><time>2025-10-17T13:52:12Z</time><speed>1.270</speed><sat>19</sat></trkpt>
  <trkpt lat="33.73812389" lon="-84.42211024"><ele>286.000</ele><time>2025-10-17T13:52:13Z</time><speed>1.420</speed><sat>19</sat></trkpt>
  <trkpt lat="33.73812494" lon="-84.42212658"><ele>286.000</ele><time>2025-10-17T13:52:14Z</time><speed>1.350</speed><sat>18</sat></trkpt>
  <trkpt lat="33.73812653" lon="-84.42214393"><ele>286.000</ele><time>2025-10-17T13:52:15Z</time><speed>1.370</speed><sat>18</sat></trkpt>
  <trkpt lat="33.73812808" lon="-84.42216061"><ele>286.000</ele><time>2025-10-17T13:52:16Z</time><speed>1.450</speed><sat>18</sat></trkpt>
  <trkpt lat="33.73813131" lon="-84.42217771"><ele>286.000</ele><time>2025-10-17T13:52:17Z</time><speed>1.230</speed><sat>19</sat></trkpt>
  <trkpt lat="33.73813190" lon="-84.42219322"><ele>286.000</ele><time>2025-10-17T13:52:18Z</time><speed>1.350</speed><sat>19</sat></trkpt>
  <trkpt lat="33.73813516" lon="-84.42220939"><ele>286.000</ele><time>2025-10-17T13:52:19Z</time><speed>1.420</speed><sat>19</sat></trkpt>
  <trkpt lat="33.73813663" lon="-84.42222649"><ele>286.000</ele><time>2025-10-17T13:52:20Z</time><speed>1.450</speed><sat>19</sat></trkpt>
  <trkpt lat="33.73813718" lon="-84.42224141"><ele>286.000</ele><time>2025-10-17T13:52:21Z</time><speed>1.290</speed><sat>19</sat></trkpt>
  <trkpt lat="33.73813797" lon="-84.42225491"><ele>286.000</ele><time>2025-10-17T13:52:22Z</time><speed>1.280</speed><sat>19</sat></trkpt>
  <trkpt lat="33.73813998" lon="-84.42227033"><ele>285.000</ele><time>2025-10-17T13:52:23Z</time><speed>1.330</speed><sat>19</sat></trkpt>
  <trkpt lat="33.73814397" lon="-84.42228273"><ele>285.000</ele><time>2025-10-17T13:52:24Z</time><speed>1.280</speed><sat>19</sat></trkpt>
  <trkpt lat="33.73814686" lon="-84.42229480"><ele>285.000</ele><time>2025-10-17T13:52:25Z</time><speed>1.330</speed><sat>19</sat></trkpt>
  <trkpt lat="33.73815113" lon="-84.42231090"><ele>285.000</ele><time>2025-10-17T13:52:26Z</time><speed>1.500</speed><sat>19</sat></trkpt>
  <trkpt lat="33.73815189" lon="-84.42232188"><ele>285.000</ele><time>2025-10-17T13:52:27Z</time><speed>0.520</speed><sat>19</sat></trkpt>
  <trkpt lat="33.73815268" lon="-84.42233177"><ele>285.000</ele><time>2025-10-17T13:52:28Z</time><speed>1.060</speed><sat>19</sat></trkpt>
  <trkpt lat="33.73815516" lon="-84.42234510"><ele>285.000</ele><time>2025-10-17T13:52:29Z</time><speed>1.240</speed><sat>19</sat></trkpt>
  <trkpt lat="33.73815905" lon="-84.42236027"><ele>285.000</ele><time>2025-10-17T13:52:30Z</time><speed>1.410</speed><sat>19</sat></trkpt>
  <trkpt lat="33.73816106" lon="-84.42237594"><ele>285.000</ele><time>2025-10-17T13:52:31Z</time><speed>1.370</speed><sat>19</sat></trkpt>
  <trkpt lat="33.73816396" lon="-84.42239312"><ele>285.000</ele><time>2025-10-17T13:52:32Z</time><speed>1.360</speed><sat>19</sat></trkpt>
  <trkpt lat="33.73816685" lon="-84.42240855"><ele>285.000</ele><time>2025-10-17T13:52:33Z</time><speed>1.330</speed><sat>19</sat></trkpt>
  <trkpt lat="33.73816764" lon="-84.42242229"><ele>285.000</ele><time>2025-10-17T13:52:34Z</time><speed>1.120</speed><sat>19</sat></trkpt>
  <trkpt lat="33.73816630" lon="-84.42243545"><ele>286.000</ele><time>2025-10-17T13:52:35Z</time><speed>1.290</speed><sat>19</sat></trkpt>
  <trkpt lat="33.73816438" lon="-84.42245138"><ele>286.000</ele><time>2025-10-17T13:52:36Z</time><speed>1.350</speed><sat>19</sat></trkpt>
  <trkpt lat="33.73816710" lon="-84.42246990"><ele>285.000</ele><time>2025-10-17T13:52:37Z</time><speed>1.730</speed><sat>18</sat></trkpt>
  <trkpt lat="33.73816739" lon="-84.42248465"><ele>285.000</ele><time>2025-10-17T13:52:38Z</time><speed>1.130</speed><sat>19</sat></trkpt>
  <trkpt lat="33.73817259" lon="-84.42249714"><ele>285.000</ele><time>2025-10-17T13:52:39Z</time><speed>1.400</speed><sat>17</sat></trkpt>
  <trkpt lat="33.73817762" lon="-84.42251408"><ele>285.000</ele><time>2025-10-17T13:52:40Z</time><speed>1.970</speed><sat>17</sat></trkpt>
  <trkpt lat="33.73818303" lon="-84.42252900"><ele>285.000</ele><time>2025-10-17T13:52:41Z</time><speed>1.090</speed><sat>18</sat></trkpt>
  <trkpt lat="33.73818592" lon="-84.42254316"><ele>285.000</ele><time>2025-10-17T13:52:42Z</time><speed>1.400</speed><sat>19</sat></trkpt>
  <trkpt lat="33.73818927" lon="-84.42255758"><ele>285.000</ele><time>2025-10-17T13:52:43Z</time><speed>1.270</speed><sat>18</sat></trkpt>
  <trkpt lat="33.73818973" lon="-84.42257317"><ele>285.000</ele><time>2025-10-17T13:52:44Z</time><speed>1.530</speed><sat>18</sat></trkpt>
  <trkpt lat="33.73819183" lon="-84.42258800"><ele>285.000</ele><time>2025-10-17T13:52:45Z</time><speed>1.280</speed><sat>18</sat></trkpt>
  <trkpt lat="33.73819577" lon="-84.42260108"><ele>284.000</ele><time>2025-10-17T13:52:46Z</time><speed>1.270</speed><sat>18</sat></trkpt>
  <trkpt lat="33.73819656" lon="-84.42261332"><ele>284.000</ele><time>2025-10-17T13:52:47Z</time><speed>1.020</speed><sat>19</sat></trkpt>
  <trkpt lat="33.73819824" lon="-84.42262648"><ele>284.000</ele><time>2025-10-17T13:52:48Z</time><speed>1.330</speed><sat>18</sat></trkpt>
  <trkpt lat="33.73819891" lon="-84.42264232"><ele>284.000</ele><time>2025-10-17T13:52:49Z</time><speed>1.410</speed><sat>18</sat></trkpt>
  <trkpt lat="33.73820197" lon="-84.42265950"><ele>284.000</ele><time>2025-10-17T13:52:50Z</time><speed>1.370</speed><sat>18</sat></trkpt>
  <trkpt lat="33.73820339" lon="-84.42267559"><ele>284.000</ele><time>2025-10-17T13:52:51Z</time><speed>1.280</speed><sat>19</sat></trkpt>
  <trkpt lat="33.73820465" lon="-84.42269177"><ele>284.000</ele><time>2025-10-17T13:52:52Z</time><speed>1.450</speed><sat>18</sat></trkpt>
  <trkpt lat="33.73820520" lon="-84.42270636"><ele>284.000</ele><time>2025-10-17T13:52:53Z</time><speed>1.060</speed><sat>17</sat></trkpt>
  <trkpt lat="33.73820520" lon="-84.42271801"><ele>284.000</ele><time>2025-10-17T13:52:54Z</time><speed>1.000</speed><sat>18</sat></trkpt>
  <trkpt lat="33.73820712" lon="-84.42273418"><ele>284.000</ele><time>2025-10-17T13:52:55Z</time><speed>1.450</speed><sat>19</sat></trkpt>
  <trkpt lat="33.73820754" lon="-84.42275162"><ele>284.000</ele><time>2025-10-17T13:52:56Z</time><speed>1.410</speed><sat>18</sat></trkpt>
  <trkpt lat="33.73821010" lon="-84.42276335"><ele>284.000</ele><time>2025-10-17T13:52:57Z</time><speed>0.770</speed><sat>19</sat></trkpt>
  <trkpt lat="33.73821224" lon="-84.42277324"><ele>284.000</ele><time>2025-10-17T13:52:58Z</time><speed>0.930</speed><sat>17</sat></trkpt>
  <trkpt lat="33.73821567" lon="-84.42278867"><ele>284.000</ele><time>2025-10-17T13:52:59Z</time><speed>1.390</speed><sat>17</sat></trkpt>
  <trkpt lat="33.73821840" lon="-84.42280686"><ele>284.000</ele><time>2025-10-17T13:53:00Z</time><speed>1.420</speed><sat>17</sat></trkpt>
  <trkpt lat="33.73822058" lon="-84.42282270"><ele>284.000</ele><time>2025-10-17T13:53:01Z</time><speed>1.310</speed><sat>16</sat></trkpt>
  <trkpt lat="33.73822435" lon="-84.42283753"><ele>284.000</ele><time>2025-10-17T13:53:02Z</time><speed>1.460</speed><sat>18</sat></trkpt>
  <trkpt lat="33.73822820" lon="-84.42285589"><ele>284.000</ele><time>2025-10-17T13:53:03Z</time><speed>1.790</speed><sat>16</sat></trkpt>
  <trkpt lat="33.73823151" lon="-84.42287584"><ele>284.000</ele><time>2025-10-17T13:53:04Z</time><speed>1.760</speed><sat>16</sat></trkpt>
  <trkpt lat="33.73823592" lon="-84.42289118"><ele>284.000</ele><time>2025-10-17T13:53:05Z</time><speed>1.350</speed><sat>18</sat></trkpt>
  <trkpt lat="33.73823747" lon="-84.42290341"><ele>284.000</ele><time>2025-10-17T13:53:06Z</time><speed>1.050</speed><sat>17</sat></trkpt>
  <trkpt lat="33.73824065" lon="-84.42291792"><ele>284.000</ele><time>2025-10-17T13:53:07Z</time><speed>1.410</speed><sat>18</sat></trkpt>
  <trkpt lat="33.73824472" lon="-84.42293518"><ele>284.000</ele><time>2025-10-17T13:53:08Z</time><speed>1.360</speed><sat>17</sat></trkpt>
  <trkpt lat="33.73824643" lon="-84.42295228"><ele>284.000</ele><time>2025-10-17T13:53:09Z</time><speed>1.300</speed><sat>17</sat></trkpt>
  <trkpt lat="33.73824849" lon="-84.42296578"><ele>284.000</ele><time>2025-10-17T13:53:10Z</time><speed>0.990</speed><sat>18</sat></trkpt>
  <trkpt lat="33.73824857" lon="-84.42297776"><ele>284.000</ele><time>2025-10-17T13:53:11Z</time><speed>1.080</speed><sat>18</sat></trkpt>
  <trkpt lat="33.73824836" lon="-84.42299126"><ele>284.000</ele><time>2025-10-17T13:53:12Z</time><speed>1.190</speed><sat>18</sat></trkpt>
  <trkpt lat="33.73824870" lon="-84.42300341"><ele>284.000</ele><time>2025-10-17T13:53:13Z</time><speed>0.910</speed><sat>18</sat></trkpt>
  <trkpt lat="33.73825331" lon="-84.42301565"><ele>285.000</ele><time>2025-10-17T13:53:14Z</time><speed>0.900</speed><sat>18</sat></trkpt>
  <trkpt lat="33.73825800" lon="-84.42302923"><ele>285.000</ele><time>2025-10-17T13:53:15Z</time><speed>1.300</speed><sat>18</sat></trkpt>
  <trkpt lat="33.73826236" lon="-84.42305018"><ele>285.000</ele><time>2025-10-17T13:53:16Z</time><speed>1.460</speed><sat>19</sat></trkpt>
  <trkpt lat="33.73826450" lon="-84.42306804"><ele>285.000</ele><time>2025-10-17T13:53:17Z</time><speed>1.180</speed><sat>18</sat></trkpt>
  <trkpt lat="33.73826814" lon="-84.42308379"><ele>285.000</ele><time>2025-10-17T13:53:18Z</time><speed>1.260</speed><sat>19</sat></trkpt>
  <trkpt lat="33.73827087" lon="-84.42309964"><ele>285.000</ele><time>2025-10-17T13:53:19Z</time><speed>1.370</speed><sat>18</sat></trkpt>
  <trkpt lat="33.73827292" lon="-84.42311632"><ele>285.000</ele><time>2025-10-17T13:53:20Z</time><speed>1.280</speed><sat>17</sat></trkpt>
  <trkpt lat="33.73827472" lon="-84.42313274"><ele>285.000</ele><time>2025-10-17T13:53:21Z</time><speed>1.450</speed><sat>17</sat></trkpt>
  <trkpt lat="33.73827661" lon="-84.42314884"><ele>285.000</ele><time>2025-10-17T13:53:22Z</time><speed>1.290</speed><sat>17</sat></trkpt>
  <trkpt lat="33.73827787" lon="-84.42316594"><ele>285.000</ele><time>2025-10-17T13:53:23Z</time><speed>1.800</speed><sat>18</sat></trkpt>
  <trkpt lat="33.73827917" lon="-84.42318521"><ele>285.000</ele><time>2025-10-17T13:53:24Z</time><speed>1.670</speed><sat>18</sat></trkpt>
  <trkpt lat="33.73827858" lon="-84.42320307"><ele>285.000</ele><time>2025-10-17T13:53:25Z</time><speed>1.390</speed><sat>19</sat></trkpt>
  <trkpt lat="33.73827770" lon="-84.42322084"><ele>285.000</ele><time>2025-10-17T13:53:26Z</time><speed>1.770</speed><sat>18</sat></trkpt>
  <trkpt lat="33.73827795" lon="-84.42323760"><ele>285.000</ele><time>2025-10-17T13:53:27Z</time><speed>1.340</speed><sat>18</sat></trkpt>
  <trkpt lat="33.73827908" lon="-84.42325227"><ele>285.000</ele><time>2025-10-17T13:53:28Z</time><speed>1.380</speed><sat>17</sat></trkpt>
  <trkpt lat="33.73827824" lon="-84.42326878"><ele>285.000</ele><time>2025-10-17T13:53:29Z</time><speed>1.650</speed><sat>19</sat></trkpt>
  <trkpt lat="33.73827971" lon="-84.42328546"><ele>285.000</ele><time>2025-10-17T13:53:30Z</time><speed>1.380</speed><sat>19</sat></trkpt>
  <trkpt lat="33.73828248" lon="-84.42330181"><ele>286.000</ele><time>2025-10-17T13:53:31Z</time><speed>1.460</speed><sat>18</sat></trkpt>
  <trkpt lat="33.73828453" lon="-84.42331681"><ele>286.000</ele><time>2025-10-17T13:53:32Z</time><speed>1.500</speed><sat>18</sat></trkpt>
  <trkpt lat="33.73828558" lon="-84.42333433"><ele>285.000</ele><time>2025-10-17T13:53:33Z</time><speed>1.460</speed><sat>18</sat></trkpt>
  <trkpt lat="33.73828822" lon="-84.42335025"><ele>285.000</ele><time>2025-10-17T13:53:34Z</time><speed>1.410</speed><sat>18</sat></trkpt>
  <trkpt lat="33.73828998" lon="-84.42336308"><ele>285.000</ele><time>2025-10-17T13:53:35Z</time><speed>1.220</speed><sat>17</sat></trkpt>
  <trkpt lat="33.73829165" lon="-84.42337590"><ele>285.000</ele><time>2025-10-17T13:53:36Z</time><speed>1.070</speed><sat>16</sat></trkpt>
  <trkpt lat="33.73829530" lon="-84.42338806"><ele>285.000</ele><time>2025-10-17T13:53:37Z</time><speed>1.170</speed><sat>19</sat></trkpt>
  <trkpt lat="33.73829924" lon="-84.42340164"><ele>285.000</ele><time>2025-10-17T13:53:38Z</time><speed>1.360</speed><sat>18</sat></trkpt>
  <trkpt lat="33.73830163" lon="-84.42341588"><ele>285.000</ele><time>2025-10-17T13:53:39Z</time><speed>1.290</speed><sat>18</sat></trkpt>
  <trkpt lat="33.73830561" lon="-84.42342946"><ele>285.000</ele><time>2025-10-17T13:53:40Z</time><speed>1.350</speed><sat>19</sat></trkpt>
  <trkpt lat="33.73831123" lon="-84.42344095"><ele>285.000</ele><time>2025-10-17T13:53:41Z</time><speed>1.020</speed><sat>18</sat></trkpt>
  <trkpt lat="33.73831517" lon="-84.42345017"><ele>286.000</ele><time>2025-10-17T13:53:42Z</time><speed>0.960</speed><sat>19</sat></trkpt>
  <trkpt lat="33.73831789" lon="-84.42345788"><ele>286.000</ele><time>2025-10-17T13:53:43Z</time><speed>0.960</speed><sat>19</sat></trkpt>
  <trkpt lat="33.73832066" lon="-84.42345955"><ele>286.000</ele><time>2025-10-17T13:53:44Z</time><speed>0.160</speed><sat>17</sat></trkpt>
  <trkpt lat="33.73831173" lon="-84.42346584"><ele>285.000</ele><time>2025-10-17T13:53:45Z</time><speed>0.130</speed><sat>16</sat></trkpt>
  <trkpt lat="33.73831102" lon="-84.42346500"><ele>285.000</ele><time>2025-10-17T13:53:46Z</time><speed>0.090</speed><sat>17</sat></trkpt>
  <trkpt lat="33.73830901" lon="-84.42346299"><ele>286.000</ele><time>2025-10-17T13:53:47Z</time><speed>0.000</speed><sat>18</sat></trkpt>
  <trkpt lat="33.73830901" lon="-84.42346299"><ele>286.000</ele><time>2025-10-17T13:53:48Z</time><speed>0.000</speed><sat>18</sat></trkpt>
  <trkpt lat="33.73830901" lon="-84.42346299"><ele>286.000</ele><time>2025-10-17T13:53:49Z</time><speed>0.000</speed><sat>16</sat></trkpt>
  <trkpt lat="33.73830901" lon="-84.42346299"><ele>286.000</ele><time>2025-10-17T13:53:50Z</time><speed>0.000</speed><sat>17</sat></trkpt>
  <trkpt lat="33.73830901" lon="-84.42346299"><ele>286.000</ele><time>2025-10-17T13:53:51Z</time><speed>0.000</speed><sat>16</sat></trkpt>
  <trkpt lat="33.73830398" lon="-84.42345402"><ele>286.000</ele><time>2025-10-17T13:53:52Z</time><speed>0.290</speed><sat>17</sat></trkpt>
  <trkpt lat="33.73830435" lon="-84.42345436"><ele>286.000</ele><time>2025-10-17T13:53:53Z</time><speed>0.000</speed><sat>17</sat></trkpt>
  <trkpt lat="33.73830444" lon="-84.42345436"><ele>286.000</ele><time>2025-10-17T13:53:54Z</time><speed>0.000</speed><sat>17</sat></trkpt>
  <trkpt lat="33.73830653" lon="-84.42345193"><ele>286.000</ele><time>2025-10-17T13:53:55Z</time><speed>0.100</speed><sat>15</sat></trkpt>
  <trkpt lat="33.73830796" lon="-84.42344857"><ele>286.000</ele><time>2025-10-17T13:53:56Z</time><speed>0.020</speed><sat>15</sat></trkpt>
  <trkpt lat="33.73830938" lon="-84.42344606"><ele>285.000</ele><time>2025-10-17T13:53:57Z</time><speed>0.190</speed><sat>15</sat></trkpt>
  <trkpt lat="33.73831160" lon="-84.42344975"><ele>285.000</ele><time>2025-10-17T13:53:58Z</time><speed>0.270</speed><sat>19</sat></trkpt>
  <trkpt lat="33.73831776" lon="-84.42345100"><ele>286.000</ele><time>2025-10-17T13:53:59Z</time><speed>0.580</speed><sat>18</sat></trkpt>
  <trkpt lat="33.73832296" lon="-84.42344815"><ele>286.000</ele><time>2025-10-17T13:54:00Z</time><speed>0.150</speed><sat>17</sat></trkpt>
  <trkpt lat="33.73832309" lon="-84.42344757"><ele>286.000</ele><time>2025-10-17T13:54:01Z</time><speed>0.000</speed><sat>18</sat></trkpt>
  <trkpt lat="33.73832317" lon="-84.42344757"><ele>286.000</ele><time>2025-10-17T13:54:02Z</time><speed>0.000</speed><sat>18</sat></trkpt>
  <trkpt lat="33.73832334" lon="-84.42344748"><ele>286.000</ele><time>2025-10-17T13:54:03Z</time><speed>0.000</speed><sat>18</sat></trkpt>
  <trkpt lat="33.73832824" lon="-84.42344430"><ele>286.000</ele><time>2025-10-17T13:54:04Z</time><speed>0.130</speed><sat>18</sat></trkpt>
  <trkpt lat="33.73832828" lon="-84.42344380"><ele>286.000</ele><time>2025-10-17T13:54:05Z</time><speed>0.010</speed><sat>18</sat></trkpt>
  <trkpt lat="33.73832204" lon="-84.42344011"><ele>286.000</ele><time>2025-10-17T13:54:06Z</time><speed>0.670</speed><sat>18</sat></trkpt>
  <trkpt lat="33.73831751" lon="-84.42343717"><ele>286.000</ele><time>2025-10-17T13:54:07Z</time><speed>0.780</speed><sat>19</sat></trkpt>
  <trkpt lat="33.73831466" lon="-84.42343483"><ele>286.000</ele><time>2025-10-17T13:54:08Z</time><speed>0.420</speed><sat>19</sat></trkpt>
  <trkpt lat="33.73831571" lon="-84.42343013"><ele>286.000</ele><time>2025-10-17T13:54:09Z</time><speed>0.260</speed><sat>19</sat></trkpt>
  <trkpt lat="33.73831630" lon="-84.42343407"><ele>286.000</ele><time>2025-10-17T13:54:10Z</time><speed>0.650</speed><sat>19</sat></trkpt>
  <trkpt lat="33.73831533" lon="-84.42343659"><ele>286.000</ele><time>2025-10-17T13:54:11Z</time><speed>0.410</speed><sat>19</sat></trkpt>
  <trkpt lat="33.73831219" lon="-84.42343424"><ele>287.000</ele><time>2025-10-17T13:54:12Z</time><speed>0.400</speed><sat>19</sat></trkpt>
  <trkpt lat="33.73830938" lon="-84.42342712"><ele>287.000</ele><time>2025-10-17T13:54:13Z</time><speed>0.150</speed><sat>19</sat></trkpt>
  <trkpt lat="33.73830846" lon="-84.42342351"><ele>287.000</ele><time>2025-10-17T13:54:14Z</time><speed>0.160</speed><sat>19</sat></trkpt>
  <trkpt lat="33.73830813" lon="-84.42342368"><ele>287.000</ele><time>2025-10-17T13:54:15Z</time><speed>0.000</speed><sat>19</sat></trkpt>
  <trkpt lat="33.73830808" lon="-84.42342360"><ele>287.000</ele><time>2025-10-17T13:54:16Z</time><speed>0.000</speed><sat>19</sat></trkpt>
  <trkpt lat="33.73830800" lon="-84.42342360"><ele>287.000</ele><time>2025-10-17T13:54:17Z</time><speed>0.000</speed><sat>19</sat></trkpt>
  <trkpt lat="33.73830804" lon="-84.42342368"><ele>287.000</ele><time>2025-10-17T13:54:18Z</time><speed>0.000</speed><sat>18</sat></trkpt>
  <trkpt lat="33.73830808" lon="-84.42342368"><ele>287.000</ele><time>2025-10-17T13:54:19Z</time><speed>0.000</speed><sat>19</sat></trkpt>
  <trkpt lat="33.73830829" lon="-84.42342360"><ele>287.000</ele><time>2025-10-17T13:54:20Z</time><speed>0.000</speed><sat>19</sat></trkpt>
  <trkpt lat="33.73830846" lon="-84.42342351"><ele>287.000</ele><time>2025-10-17T13:54:21Z</time><speed>0.000</speed><sat>19</sat></trkpt>
  <trkpt lat="33.73830875" lon="-84.42342343"><ele>288.000</ele><time>2025-10-17T13:54:22Z</time><speed>0.000</speed><sat>18</sat></trkpt>
  <trkpt lat="33.73830892" lon="-84.42342334"><ele>288.000</ele><time>2025-10-17T13:54:23Z</time><speed>0.000</speed><sat>18</sat></trkpt>
  <trkpt lat="33.73830917" lon="-84.42342326"><ele>288.000</ele><time>2025-10-17T13:54:24Z</time><speed>0.000</speed><sat>19</sat></trkpt>
  <trkpt lat="33.73830938" lon="-84.42342318"><ele>288.000</ele><time>2025-10-17T13:54:25Z</time><speed>0.000</speed><sat>18</sat></trkpt>
  <trkpt lat="33.73830968" lon="-84.42342309"><ele>288.000</ele><time>2025-10-17T13:54:26Z</time><speed>0.000</speed><sat>18</sat></trkpt>
  <trkpt lat="33.73831001" lon="-84.42342309"><ele>288.000</ele><time>2025-10-17T13:54:27Z</time><speed>0.000</speed><sat>18</sat></trkpt>
  <trkpt lat="33.73831567" lon="-84.42342326"><ele>288.000</ele><time>2025-10-17T13:54:28Z</time><speed>0.530</speed><sat>19</sat></trkpt>
  <trkpt lat="33.73831923" lon="-84.42342745"><ele>288.000</ele><time>2025-10-17T13:54:29Z</time><speed>0.490</speed><sat>19</sat></trkpt>
  <trkpt lat="33.73832317" lon="-84.42343215"><ele>288.000</ele><time>2025-10-17T13:54:30Z</time><speed>0.450</speed><sat>18</sat></trkpt>
  <trkpt lat="33.73832962" lon="-84.42343541"><ele>288.000</ele><time>2025-10-17T13:54:31Z</time><speed>0.900</speed><sat>19</sat></trkpt>
  <trkpt lat="33.73833847" lon="-84.42343776"><ele>288.000</ele><time>2025-10-17T13:54:32Z</time><speed>1.190</speed><sat>19</sat></trkpt>
  <trkpt lat="33.73834811" lon="-84.42344128"><ele>288.000</ele><time>2025-10-17T13:54:33Z</time><speed>1.220</speed><sat>19</sat></trkpt>
  <trkpt lat="33.73835783" lon="-84.42344346"><ele>288.000</ele><time>2025-10-17T13:54:34Z</time><speed>1.310</speed><sat>19</sat></trkpt>
  <trkpt lat="33.73837107" lon="-84.42344338"><ele>288.000</ele><time>2025-10-17T13:54:35Z</time><speed>1.520</speed><sat>19</sat></trkpt>
  <trkpt lat="33.73838507" lon="-84.42344296"><ele>287.000</ele><time>2025-10-17T13:54:36Z</time><speed>1.400</speed><sat>19</sat></trkpt>
  <trkpt lat="33.73839743" lon="-84.42344078"><ele>288.000</ele><time>2025-10-17T13:54:37Z</time><speed>1.230</speed><sat>19</sat></trkpt>
  <trkpt lat="33.73840938" lon="-84.42344212"><ele>287.000</ele><time>2025-10-17T13:54:38Z</time><speed>1.320</speed><sat>18</sat></trkpt>
  <trkpt lat="33.73842057" lon="-84.42344246"><ele>287.000</ele><time>2025-10-17T13:54:39Z</time><speed>0.880</speed><sat>19</sat></trkpt>
  <trkpt lat="33.73843176" lon="-84.42344396"><ele>287.000</ele><time>2025-10-17T13:54:40Z</time><speed>1.240</speed><sat>19</sat></trkpt>
  <trkpt lat="33.73843926" lon="-84.42344396"><ele>287.000</ele><time>2025-10-17T13:54:41Z</time><speed>1.450</speed><sat>18</sat></trkpt>
  <trkpt lat="33.73845150" lon="-84.42344405"><ele>287.000</ele><time>2025-10-17T13:54:42Z</time><speed>1.440</speed><sat>18</sat></trkpt>
  <trkpt lat="33.73846604" lon="-84.42344254"><ele>287.000</ele><time>2025-10-17T13:54:43Z</time><speed>1.610</speed><sat>19</sat></trkpt>
  <trkpt lat="33.73847731" lon="-84.42344086"><ele>288.000</ele><time>2025-10-17T13:54:44Z</time><speed>1.100</speed><sat>19</sat></trkpt>
  <trkpt lat="33.73848896" lon="-84.42344137"><ele>287.000</ele><time>2025-10-17T13:54:45Z</time><speed>1.230</speed><sat>19</sat></trkpt>
  <trkpt lat="33.73850003" lon="-84.42344246"><ele>288.000</ele><time>2025-10-17T13:54:46Z</time><speed>0.820</speed><sat>19</sat></trkpt>
  <trkpt lat="33.73850611" lon="-84.42344321"><ele>287.000</ele><time>2025-10-17T13:54:47Z</time><speed>0.890</speed><sat>19</sat></trkpt>
  <trkpt lat="33.73851813" lon="-84.42344430"><ele>287.000</ele><time>2025-10-17T13:54:48Z</time><speed>1.090</speed><sat>19</sat></trkpt>
  <trkpt lat="33.73852773" lon="-84.42344229"><ele>287.000</ele><time>2025-10-17T13:54:49Z</time><speed>0.660</speed><sat>19</sat></trkpt>
  <trkpt lat="33.73853683" lon="-84.42344145"><ele>287.000</ele><time>2025-10-17T13:54:50Z</time><speed>0.910</speed><sat>19</sat></trkpt>
  <trkpt lat="33.73854927" lon="-84.42344028"><ele>287.000</ele><time>2025-10-17T13:54:51Z</time><speed>0.690</speed><sat>19</sat></trkpt>
  <trkpt lat="33.73856055" lon="-84.42343776"><ele>287.000</ele><time>2025-10-17T13:54:52Z</time><speed>0.820</speed><sat>19</sat></trkpt>
  <trkpt lat="33.73857287" lon="-84.42343248"><ele>287.000</ele><time>2025-10-17T13:54:53Z</time><speed>0.830</speed><sat>19</sat></trkpt>
  <trkpt lat="33.73858372" lon="-84.42343290"><ele>286.000</ele><time>2025-10-17T13:54:54Z</time><speed>1.010</speed><sat>19</sat></trkpt>
  <trkpt lat="33.73859919" lon="-84.42343215"><ele>286.000</ele><time>2025-10-17T13:54:55Z</time><speed>1.360</speed><sat>19</sat></trkpt>
  <trkpt lat="33.73861352" lon="-84.42343139"><ele>286.000</ele><time>2025-10-17T13:54:56Z</time><speed>1.060</speed><sat>19</sat></trkpt>
  <trkpt lat="33.73862743" lon="-84.42343139"><ele>286.000</ele><time>2025-10-17T13:54:57Z</time><speed>1.160</speed><sat>19</sat></trkpt>
  <trkpt lat="33.73864290" lon="-84.42343256"><ele>286.000</ele><time>2025-10-17T13:54:58Z</time><speed>1.310</speed><sat>19</sat></trkpt>
  <trkpt lat="33.73865937" lon="-84.42343282"><ele>286.000</ele><time>2025-10-17T13:54:59Z</time><speed>1.410</speed><sat>19</sat></trkpt>
  <trkpt lat="33.73867265" lon="-84.42343340"><ele>286.000</ele><time>2025-10-17T13:55:00Z</time><speed>1.370</speed><sat>19</sat></trkpt>
  <trkpt lat="33.73868657" lon="-84.42343374"><ele>286.000</ele><time>2025-10-17T13:55:01Z</time><speed>1.130</speed><sat>19</sat></trkpt>
  <trkpt lat="33.73869939" lon="-84.42343282"><ele>286.000</ele><time>2025-10-17T13:55:02Z</time><speed>1.340</speed><sat>19</sat></trkpt>
  <trkpt lat="33.73871197" lon="-84.42343382"><ele>286.000</ele><time>2025-10-17T13:55:03Z</time><speed>1.250</speed><sat>18</sat></trkpt>
  <trkpt lat="33.73872529" lon="-84.42343332"><ele>285.000</ele><time>2025-10-17T13:55:04Z</time><speed>1.270</speed><sat>19</sat></trkpt>
  <trkpt lat="33.73873933" lon="-84.42343282"><ele>286.000</ele><time>2025-10-17T13:55:05Z</time><speed>1.310</speed><sat>19</sat></trkpt>
  <trkpt lat="33.73875203" lon="-84.42343441"><ele>286.000</ele><time>2025-10-17T13:55:06Z</time><speed>1.410</speed><sat>19</sat></trkpt>
  <trkpt lat="33.73876490" lon="-84.42343583"><ele>286.000</ele><time>2025-10-17T13:55:07Z</time><speed>1.270</speed><sat>19</sat></trkpt>
  <trkpt lat="33.73877688" lon="-84.42343826"><ele>285.000</ele><time>2025-10-17T13:55:08Z</time><speed>1.360</speed><sat>19</sat></trkpt>
  <trkpt lat="33.73879088" lon="-84.42343868"><ele>285.000</ele><time>2025-10-17T13:55:09Z</time><speed>1.360</speed><sat>19</sat></trkpt>
  <trkpt lat="33.73880479" lon="-84.42343952"><ele>285.000</ele><time>2025-10-17T13:55:10Z</time><speed>1.360</speed><sat>18</sat></trkpt>
  <trkpt lat="33.73881959" lon="-84.42343986"><ele>285.000</ele><time>2025-10-17T13:55:11Z</time><speed>1.490</speed><sat>19</sat></trkpt>
  <trkpt lat="33.73883342" lon="-84.42344137"><ele>285.000</ele><time>2025-10-17T13:55:12Z</time><speed>1.530</speed><sat>19</sat></trkpt>
  <trkpt lat="33.73884696" lon="-84.42344204"><ele>285.000</ele><time>2025-10-17T13:55:13Z</time><speed>1.400</speed><sat>19</sat></trkpt>
  <trkpt lat="33.73885819" lon="-84.42344237"><ele>285.000</ele><time>2025-10-17T13:55:14Z</time><speed>1.170</speed><sat>19</sat></trkpt>
  <trkpt lat="33.73887026" lon="-84.42344354"><ele>284.000</ele><time>2025-10-17T13:55:15Z</time><speed>1.320</speed><sat>18</sat></trkpt>
  <trkpt lat="33.73888233" lon="-84.42344497"><ele>284.000</ele><time>2025-10-17T13:55:16Z</time><speed>1.360</speed><sat>18</sat></trkpt>
  <trkpt lat="33.73889498" lon="-84.42344363"><ele>285.000</ele><time>2025-10-17T13:55:17Z</time><speed>1.420</speed><sat>18</sat></trkpt>
  <trkpt lat="33.73890877" lon="-84.42344069"><ele>285.000</ele><time>2025-10-17T13:55:18Z</time><speed>1.370</speed><sat>18</sat></trkpt>
  <trkpt lat="33.73892369" lon="-84.42344061"><ele>285.000</ele><time>2025-10-17T13:55:19Z</time><speed>1.590</speed><sat>19</sat></trkpt>
  <trkpt lat="33.73894238" lon="-84.42344195"><ele>285.000</ele><time>2025-10-17T13:55:20Z</time><speed>2.130</speed><sat>18</sat></trkpt>
  <trkpt lat="33.73895999" lon="-84.42344220"><ele>285.000</ele><time>2025-10-17T13:55:21Z</time><speed>1.760</speed><sat>19</sat></trkpt>
  <trkpt lat="33.73897545" lon="-84.42344346"><ele>284.000</ele><time>2025-10-17T13:55:22Z</time><speed>1.480</speed><sat>18</sat></trkpt>
  <trkpt lat="33.73898727" lon="-84.42344690"><ele>284.000</ele><time>2025-10-17T13:55:23Z</time><speed>1.120</speed><sat>19</sat></trkpt>
  <trkpt lat="33.73899900" lon="-84.42344639"><ele>284.000</ele><time>2025-10-17T13:55:24Z</time><speed>1.440</speed><sat>19</sat></trkpt>
  <trkpt lat="33.73901103" lon="-84.42344656"><ele>284.000</ele><time>2025-10-17T13:55:25Z</time><speed>1.400</speed><sat>19</sat></trkpt>
  <trkpt lat="33.73902277" lon="-84.42344581"><ele>284.000</ele><time>2025-10-17T13:55:26Z</time><speed>1.390</speed><sat>19</sat></trkpt>
  <trkpt lat="33.73903542" lon="-84.42344522"><ele>284.000</ele><time>2025-10-17T13:55:27Z</time><speed>1.250</speed><sat>19</sat></trkpt>
  <trkpt lat="33.73904909" lon="-84.42344547"><ele>284.000</ele><time>2025-10-17T13:55:28Z</time><speed>1.520</speed><sat>19</sat></trkpt>
  <trkpt lat="33.73906128" lon="-84.42344598"><ele>284.000</ele><time>2025-10-17T13:55:29Z</time><speed>1.310</speed><sat>18</sat></trkpt>
  <trkpt lat="33.73907226" lon="-84.42344472"><ele>284.000</ele><time>2025-10-17T13:55:30Z</time><speed>1.300</speed><sat>19</sat></trkpt>
  <trkpt lat="33.73908349" lon="-84.42344539"><ele>284.000</ele><time>2025-10-17T13:55:31Z</time><speed>1.180</speed><sat>19</sat></trkpt>
  <trkpt lat="33.73909246" lon="-84.42344262"><ele>284.000</ele><time>2025-10-17T13:55:32Z</time><speed>0.450</speed><sat>19</sat></trkpt>
  <trkpt lat="33.73909510" lon="-84.42344195"><ele>284.000</ele><time>2025-10-17T13:55:33Z</time><speed>0.180</speed><sat>19</sat></trkpt>
  <trkpt lat="33.73908873" lon="-84.42344832"><ele>284.000</ele><time>2025-10-17T13:55:34Z</time><speed>1.260</speed><sat>19</sat></trkpt>
  <trkpt lat="33.73907281" lon="-84.42344463"><ele>283.000</ele><time>2025-10-17T13:55:35Z</time><speed>2.020</speed><sat>19</sat></trkpt>
  <trkpt lat="33.73905487" lon="-84.42344405"><ele>283.000</ele><time>2025-10-17T13:55:36Z</time><speed>1.670</speed><sat>19</sat></trkpt>
  <trkpt lat="33.73904163" lon="-84.42344606"><ele>283.000</ele><time>2025-10-17T13:55:37Z</time><speed>1.320</speed><sat>18</sat></trkpt>
  <trkpt lat="33.73902981" lon="-84.42344950"><ele>283.000</ele><time>2025-10-17T13:55:38Z</time><speed>1.300</speed><sat>17</sat></trkpt>
  <trkpt lat="33.73901837" lon="-84.42345235"><ele>283.000</ele><time>2025-10-17T13:55:39Z</time><speed>1.270</speed><sat>18</sat></trkpt>
  <trkpt lat="33.73900806" lon="-84.42345419"><ele>283.000</ele><time>2025-10-17T13:55:40Z</time><speed>1.060</speed><sat>18</sat></trkpt>
  <trkpt lat="33.73899624" lon="-84.42345436"><ele>283.000</ele><time>2025-10-17T13:55:41Z</time><speed>1.480</speed><sat>17</sat></trkpt>
  <trkpt lat="33.73898362" lon="-84.42345402"><ele>283.000</ele><time>2025-10-17T13:55:42Z</time><speed>1.460</speed><sat>18</sat></trkpt>
  <trkpt lat="33.73897222" lon="-84.42345469"><ele>283.000</ele><time>2025-10-17T13:55:43Z</time><speed>1.050</speed><sat>19</sat></trkpt>
  <trkpt lat="33.73896095" lon="-84.42345302"><ele>283.000</ele><time>2025-10-17T13:55:44Z</time><speed>1.290</speed><sat>18</sat></trkpt>
  <trkpt lat="33.73894804" lon="-84.42344958"><ele>283.000</ele><time>2025-10-17T13:55:45Z</time><speed>1.410</speed><sat>19</sat></trkpt>
  <trkpt lat="33.73893484" lon="-84.42344941"><ele>283.000</ele><time>2025-10-17T13:55:46Z</time><speed>1.310</speed><sat>19</sat></trkpt>
  <trkpt lat="33.73892277" lon="-84.42344983"><ele>283.000</ele><time>2025-10-17T13:55:47Z</time><speed>1.430</speed><sat>19</sat></trkpt>
  <trkpt lat="33.73890810" lon="-84.42344941"><ele>282.000</ele><time>2025-10-17T13:55:48Z</time><speed>1.420</speed><sat>19</sat></trkpt>
  <trkpt lat="33.73889247" lon="-84.42345059"><ele>282.000</ele><time>2025-10-17T13:55:49Z</time><speed>1.490</speed><sat>19</sat></trkpt>
  <trkpt lat="33.73887554" lon="-84.42344874"><ele>282.000</ele><time>2025-10-17T13:55:50Z</time><speed>1.540</speed><sat>19</sat></trkpt>
  <trkpt lat="33.73885957" lon="-84.42344899"><ele>282.000</ele><time>2025-10-17T13:55:51Z</time><speed>1.050</speed><sat>19</sat></trkpt>
  <trkpt lat="33.73884763" lon="-84.42345159"><ele>281.000</ele><time>2025-10-17T13:55:52Z</time><speed>1.410</speed><sat>19</sat></trkpt>
  <trkpt lat="33.73883539" lon="-84.42345318"><ele>282.000</ele><time>2025-10-17T13:55:53Z</time><speed>1.510</speed><sat>19</sat></trkpt>
  <trkpt lat="33.73882219" lon="-84.42345201"><ele>282.000</ele><time>2025-10-17T13:55:54Z</time><speed>1.120</speed><sat>18</sat></trkpt>
  <trkpt lat="33.73881104" lon="-84.42345042"><ele>282.000</ele><time>2025-10-17T13:55:55Z</time><speed>1.390</speed><sat>19</sat></trkpt>
  <trkpt lat="33.73879897" lon="-84.42344874"><ele>282.000</ele><time>2025-10-17T13:55:56Z</time><speed>1.320</speed><sat>19</sat></trkpt>
  <trkpt lat="33.73878732" lon="-84.42344807"><ele>282.000</ele><time>2025-10-17T13:55:57Z</time><speed>1.430</speed><sat>17</sat></trkpt>
  <trkpt lat="33.73877320" lon="-84.42344765"><ele>283.000</ele><time>2025-10-17T13:55:58Z</time><speed>1.770</speed><sat>19</sat></trkpt>
  <trkpt lat="33.73875811" lon="-84.42344505"><ele>283.000</ele><time>2025-10-17T13:55:59Z</time><speed>1.510</speed><sat>19</sat></trkpt>
  <trkpt lat="33.73874440" lon="-84.42344472"><ele>283.000</ele><time>2025-10-17T13:56:00Z</time><speed>1.470</speed><sat>19</sat></trkpt>
  <trkpt lat="33.73873116" lon="-84.42344547"><ele>283.000</ele><time>2025-10-17T13:56:01Z</time><speed>1.370</speed><sat>19</sat></trkpt>
  <trkpt lat="33.73871754" lon="-84.42344681"><ele>282.000</ele><time>2025-10-17T13:56:02Z</time><speed>1.500</speed><sat>19</sat></trkpt>
  <trkpt lat="33.73870342" lon="-84.42344799"><ele>282.000</ele><time>2025-10-17T13:56:03Z</time><speed>1.540</speed><sat>19</sat></trkpt>
  <trkpt lat="33.73868749" lon="-84.42344598"><ele>282.000</ele><time>2025-10-17T13:56:04Z</time><speed>1.660</speed><sat>18</sat></trkpt>
  <trkpt lat="33.73867236" lon="-84.42344204"><ele>282.000</ele><time>2025-10-17T13:56:05Z</time><speed>2.250</speed><sat>19</sat></trkpt>
  <trkpt lat="33.73865945" lon="-84.42343650"><ele>283.000</ele><time>2025-10-17T13:56:06Z</time><speed>1.810</speed><sat>19</sat></trkpt>
  <trkpt lat="33.73864466" lon="-84.42343332"><ele>283.000</ele><time>2025-10-17T13:56:07Z</time><speed>1.610</speed><sat>19</sat></trkpt>
  <trkpt lat="33.73863087" lon="-84.42343030"><ele>282.000</ele><time>2025-10-17T13:56:08Z</time><speed>1.540</speed><sat>19</sat></trkpt>
  <trkpt lat="33.73861918" lon="-84.42343005"><ele>282.000</ele><time>2025-10-17T13:56:09Z</time><speed>1.390</speed><sat>19</sat></trkpt>
  <trkpt lat="33.73860677" lon="-84.42343449"><ele>282.000</ele><time>2025-10-17T13:56:10Z</time><speed>1.430</speed><sat>19</sat></trkpt>
  <trkpt lat="33.73859479" lon="-84.42343743"><ele>281.000</ele><time>2025-10-17T13:56:11Z</time><speed>1.430</speed><sat>18</sat></trkpt>
  <trkpt lat="33.73858066" lon="-84.42343810"><ele>281.000</ele><time>2025-10-17T13:56:12Z</time><speed>1.510</speed><sat>18</sat></trkpt>
  <trkpt lat="33.73856574" lon="-84.42344170"><ele>280.000</ele><time>2025-10-17T13:56:13Z</time><speed>1.570</speed><sat>19</sat></trkpt>
  <trkpt lat="33.73855170" lon="-84.42344455"><ele>280.000</ele><time>2025-10-17T13:56:14Z</time><speed>1.450</speed><sat>19</sat></trkpt>
  <trkpt lat="33.73854043" lon="-84.42344472"><ele>281.000</ele><time>2025-10-17T13:56:15Z</time><speed>1.150</speed><sat>19</sat></trkpt>
  <trkpt lat="33.73853284" lon="-84.42344631"><ele>281.000</ele><time>2025-10-17T13:56:16Z</time><speed>0.870</speed><sat>18</sat></trkpt>
  <trkpt lat="33.73852446" lon="-84.42344991"><ele>281.000</ele><time>2025-10-17T13:56:17Z</time><speed>1.250</speed><sat>19</sat></trkpt>
  <trkpt lat="33.73851264" lon="-84.42345243"><ele>282.000</ele><time>2025-10-17T13:56:18Z</time><speed>1.180</speed><sat>19</sat></trkpt>
  <trkpt lat="33.73850573" lon="-84.42345771"><ele>282.000</ele><time>2025-10-17T13:56:19Z</time><speed>1.090</speed><sat>18</sat></trkpt>
  <trkpt lat="33.73849508" lon="-84.42346182"><ele>282.000</ele><time>2025-10-17T13:56:20Z</time><speed>1.200</speed><sat>19</sat></trkpt>
  <trkpt lat="33.73848624" lon="-84.42346517"><ele>282.000</ele><time>2025-10-17T13:56:21Z</time><speed>0.650</speed><sat>19</sat></trkpt>
  <trkpt lat="33.73847945" lon="-84.42346752"><ele>283.000</ele><time>2025-10-17T13:56:22Z</time><speed>0.690</speed><sat>19</sat></trkpt>
  <trkpt lat="33.73847857" lon="-84.42346819"><ele>283.000</ele><time>2025-10-17T13:56:23Z</time><speed>0.130</speed><sat>18</sat></trkpt>
  <trkpt lat="33.73847882" lon="-84.42347003"><ele>283.000</ele><time>2025-10-17T13:56:24Z</time><speed>0.080</speed><sat>19</sat></trkpt>
  <trkpt lat="33.73847765" lon="-84.42346961"><ele>283.000</ele><time>2025-10-17T13:56:25Z</time><speed>0.060</speed><sat>19</sat></trkpt>
  <trkpt lat="33.73847962" lon="-84.42346551"><ele>283.000</ele><time>2025-10-17T13:56:26Z</time><speed>0.000</speed><sat>18</sat></trkpt>
  <trkpt lat="33.73847945" lon="-84.42345620"><ele>282.000</ele><time>2025-10-17T13:56:27Z</time><speed>1.070</speed><sat>19</sat></trkpt>
  <trkpt lat="33.73848574" lon="-84.42345318"><ele>284.000</ele><time>2025-10-17T13:56:28Z</time><speed>0.550</speed><sat>19</sat></trkpt>
  <trkpt lat="33.73848603" lon="-84.42345059"><ele>284.000</ele><time>2025-10-17T13:56:29Z</time><speed>0.500</speed><sat>19</sat></trkpt>
  <trkpt lat="33.73848741" lon="-84.42344891"><ele>284.000</ele><time>2025-10-17T13:56:30Z</time><speed>0.110</speed><sat>19</sat></trkpt>
  <trkpt lat="33.73848712" lon="-84.42344916"><ele>284.000</ele><time>2025-10-17T13:56:31Z</time><speed>0.000</speed><sat>19</sat></trkpt>
  <trkpt lat="33.73848716" lon="-84.42344924"><ele>284.000</ele><time>2025-10-17T13:56:32Z</time><speed>0.000</speed><sat>19</sat></trkpt>
  <trkpt lat="33.73848465" lon="-84.42344849"><ele>284.000</ele><time>2025-10-17T13:56:33Z</time><speed>0.060</speed><sat>19</sat></trkpt>
  <trkpt lat="33.73848469" lon="-84.42344832"><ele>284.000</ele><time>2025-10-17T13:56:34Z</time><speed>0.000</speed><sat>19</sat></trkpt>
  <trkpt lat="33.73848599" lon="-84.42344354"><ele>284.000</ele><time>2025-10-17T13:56:35Z</time><speed>0.020</speed><sat>19</sat></trkpt>
  <trkpt lat="33.73848616" lon="-84.42344354"><ele>284.000</ele><time>2025-10-17T13:56:36Z</time><speed>0.000</speed><sat>19</sat></trkpt>
  <trkpt lat="33.73848616" lon="-84.42344354"><ele>284.000</ele><time>2025-10-17T13:56:37Z</time><speed>0.000</speed><sat>18</sat></trkpt>
  <trkpt lat="33.73848595" lon="-84.42344329"><ele>284.000</ele><time>2025-10-17T13:56:38Z</time><speed>0.000</speed><sat>19</sat></trkpt>
  <trkpt lat="33.73848863" lon="-84.42344069"><ele>284.000</ele><time>2025-10-17T13:56:39Z</time><speed>0.420</speed><sat>19</sat></trkpt>
  <trkpt lat="33.73849295" lon="-84.42344095"><ele>284.000</ele><time>2025-10-17T13:56:40Z</time><speed>0.250</speed><sat>19</sat></trkpt>
  <trkpt lat="33.73849165" lon="-84.42344237"><ele>285.000</ele><time>2025-10-17T13:56:41Z</time><speed>0.310</speed><sat>19</sat></trkpt>
  <trkpt lat="33.73848775" lon="-84.42343550"><ele>286.000</ele><time>2025-10-17T13:56:42Z</time><speed>1.070</speed><sat>19</sat></trkpt>
  <trkpt lat="33.73848071" lon="-84.42342209"><ele>286.000</ele><time>2025-10-17T13:56:43Z</time><speed>1.650</speed><sat>19</sat></trkpt>
  <trkpt lat="33.73847677" lon="-84.42340700"><ele>286.000</ele><time>2025-10-17T13:56:44Z</time><speed>1.350</speed><sat>19</sat></trkpt>
  <trkpt lat="33.73847857" lon="-84.42339099"><ele>286.000</ele><time>2025-10-17T13:56:45Z</time><speed>1.880</speed><sat>19</sat></trkpt>
  <trkpt lat="33.73847937" lon="-84.42337632"><ele>287.000</ele><time>2025-10-17T13:56:46Z</time><speed>1.320</speed><sat>19</sat></trkpt>
  <trkpt lat="33.73847610" lon="-84.42336224"><ele>286.000</ele><time>2025-10-17T13:56:47Z</time><speed>1.160</speed><sat>19</sat></trkpt>
  <trkpt lat="33.73847384" lon="-84.42334397"><ele>286.000</ele><time>2025-10-17T13:56:48Z</time><speed>1.520</speed><sat>19</sat></trkpt>
  <trkpt lat="33.73847036" lon="-84.42332704"><ele>286.000</ele><time>2025-10-17T13:56:49Z</time><speed>1.460</speed><sat>19</sat></trkpt>
  <trkpt lat="33.73846566" lon="-84.42331228"><ele>286.000</ele><time>2025-10-17T13:56:50Z</time><speed>1.460</speed><sat>18</sat></trkpt>
  <trkpt lat="33.73846181" lon="-84.42329820"><ele>286.000</ele><time>2025-10-17T13:56:51Z</time><speed>1.280</speed><sat>19</sat></trkpt>
  <trkpt lat="33.73845560" lon="-84.42328253"><ele>286.000</ele><time>2025-10-17T13:56:52Z</time><speed>1.500</speed><sat>19</sat></trkpt>
  <trkpt lat="33.73845158" lon="-84.42326794"><ele>286.000</ele><time>2025-10-17T13:56:53Z</time><speed>1.030</speed><sat>19</sat></trkpt>
  <trkpt lat="33.73845095" lon="-84.42325319"><ele>286.000</ele><time>2025-10-17T13:56:54Z</time><speed>1.370</speed><sat>19</sat></trkpt>
  <trkpt lat="33.73844928" lon="-84.42324020"><ele>286.000</ele><time>2025-10-17T13:56:55Z</time><speed>1.160</speed><sat>19</sat></trkpt>
  <trkpt lat="33.73844718" lon="-84.42322679"><ele>286.000</ele><time>2025-10-17T13:56:56Z</time><speed>1.430</speed><sat>19</sat></trkpt>
  <trkpt lat="33.73844345" lon="-84.42321220"><ele>287.000</ele><time>2025-10-17T13:56:57Z</time><speed>1.350</speed><sat>19</sat></trkpt>
  <trkpt lat="33.73844303" lon="-84.42319846"><ele>287.000</ele><time>2025-10-17T13:56:58Z</time><speed>1.160</speed><sat>19</sat></trkpt>
  <trkpt lat="33.73844312" lon="-84.42318278"><ele>287.000</ele><time>2025-10-17T13:56:59Z</time><speed>1.590</speed><sat>19</sat></trkpt>
  <trkpt lat="33.73844391" lon="-84.42316501"><ele>287.000</ele><time>2025-10-17T13:57:00Z</time><speed>1.650</speed><sat>19</sat></trkpt>
  <trkpt lat="33.73844203" lon="-84.42314708"><ele>288.000</ele><time>2025-10-17T13:57:01Z</time><speed>1.690</speed><sat>19</sat></trkpt>
  <trkpt lat="33.73843964" lon="-84.42313132"><ele>288.000</ele><time>2025-10-17T13:57:02Z</time><speed>1.350</speed><sat>18</sat></trkpt>
  <trkpt lat="33.73843788" lon="-84.42311640"><ele>288.000</ele><time>2025-10-17T13:57:03Z</time><speed>1.370</speed><sat>19</sat></trkpt>
  <trkpt lat="33.73843716" lon="-84.42309930"><ele>288.000</ele><time>2025-10-17T13:57:04Z</time><speed>1.360</speed><sat>19</sat></trkpt>
  <trkpt lat="33.73843415" lon="-84.42308472"><ele>288.000</ele><time>2025-10-17T13:57:05Z</time><speed>1.370</speed><sat>19</sat></trkpt>
  <trkpt lat="33.73843247" lon="-84.42307030"><ele>287.000</ele><time>2025-10-17T13:57:06Z</time><speed>1.210</speed><sat>19</sat></trkpt>
  <trkpt lat="33.73843054" lon="-84.42305873"><ele>287.000</ele><time>2025-10-17T13:57:07Z</time><speed>1.080</speed><sat>18</sat></trkpt>
  <trkpt lat="33.73842996" lon="-84.42304557"><ele>287.000</ele><time>2025-10-17T13:57:08Z</time><speed>1.180</speed><sat>19</sat></trkpt>
  <trkpt lat="33.73842610" lon="-84.42303216"><ele>287.000</ele><time>2025-10-17T13:57:09Z</time><speed>1.270</speed><sat>19</sat></trkpt>
  <trkpt lat="33.73842229" lon="-84.42301841"><ele>287.000</ele><time>2025-10-17T13:57:10Z</time><speed>1.400</speed><sat>19</sat></trkpt>
  <trkpt lat="33.73842057" lon="-84.42300676"><ele>287.000</ele><time>2025-10-17T13:57:11Z</time><speed>1.440</speed><sat>19</sat></trkpt>
  <trkpt lat="33.73842019" lon="-84.42299620"><ele>286.000</ele><time>2025-10-17T13:57:12Z</time><speed>1.390</speed><sat>19</sat></trkpt>
  <trkpt lat="33.73841734" lon="-84.42298556"><ele>285.000</ele><time>2025-10-17T13:57:13Z</time><speed>1.270</speed><sat>19</sat></trkpt>
  <trkpt lat="33.73841596" lon="-84.42297441"><ele>285.000</ele><time>2025-10-17T13:57:14Z</time><speed>1.130</speed><sat>19</sat></trkpt>
  <trkpt lat="33.73841558" lon="-84.42295924"><ele>285.000</ele><time>2025-10-17T13:57:15Z</time><speed>1.330</speed><sat>19</sat></trkpt>
  <trkpt lat="33.73841286" lon="-84.42294382"><ele>285.000</ele><time>2025-10-17T13:57:16Z</time><speed>1.240</speed><sat>19</sat></trkpt>
  <trkpt lat="33.73841118" lon="-84.42292973"><ele>285.000</ele><time>2025-10-17T13:57:17Z</time><speed>0.920</speed><sat>19</sat></trkpt>
  <trkpt lat="33.73841340" lon="-84.42292236"><ele>286.000</ele><time>2025-10-17T13:57:18Z</time><speed>0.590</speed><sat>19</sat></trkpt>
  <trkpt lat="33.73841730" lon="-84.42291339"><ele>286.000</ele><time>2025-10-17T13:57:19Z</time><speed>0.820</speed><sat>19</sat></trkpt>
  <trkpt lat="33.73841780" lon="-84.42291196"><ele>286.000</ele><time>2025-10-17T13:57:20Z</time><speed>0.070</speed><sat>19</sat></trkpt>
  <trkpt lat="33.73841747" lon="-84.42291238"><ele>286.000</ele><time>2025-10-17T13:57:21Z</time><speed>0.000</speed><sat>19</sat></trkpt>
  <trkpt lat="33.73841738" lon="-84.42291238"><ele>286.000</ele><time>2025-10-17T13:57:22Z</time><speed>0.000</speed><sat>19</sat></trkpt>
  <trkpt lat="33.73841738" lon="-84.42291238"><ele>286.000</ele><time>2025-10-17T13:57:23Z</time><speed>0.000</speed><sat>19</sat></trkpt>
  <trkpt lat="33.73841738" lon="-84.42291238"><ele>286.000</ele><time>2025-10-17T13:57:24Z</time><speed>0.000</speed><sat>19</sat></trkpt>
  <trkpt lat="33.73841738" lon="-84.42291238"><ele>286.000</ele><time>2025-10-17T13:57:25Z</time><speed>0.000</speed><sat>19</sat></trkpt>
  <trkpt lat="33.73841713" lon="-84.42291247"><ele>286.000</ele><time>2025-10-17T13:57:26Z</time><speed>0.000</speed><sat>19</sat></trkpt>
  <trkpt lat="33.73841692" lon="-84.42291289"><ele>286.000</ele><time>2025-10-17T13:57:27Z</time><speed>0.000</speed><sat>19</sat></trkpt>
  <trkpt lat="33.73841675" lon="-84.42291314"><ele>286.000</ele><time>2025-10-17T13:57:28Z</time><speed>0.000</speed><sat>19</sat></trkpt>
  <trkpt lat="33.73841675" lon="-84.42291322"><ele>286.000</ele><time>2025-10-17T13:57:29Z</time><speed>0.000</speed><sat>19</sat></trkpt>
  <trkpt lat="33.73841675" lon="-84.42291322"><ele>286.000</ele><time>2025-10-17T13:57:30Z</time><speed>0.000</speed><sat>19</sat></trkpt>
  <trkpt lat="33.73841675" lon="-84.42291322"><ele>286.000</ele><time>2025-10-17T13:57:31Z</time><speed>0.000</speed><sat>19</sat></trkpt>
  <trkpt lat="33.73841675" lon="-84.42291322"><ele>286.000</ele><time>2025-10-17T13:57:32Z</time><speed>0.000</speed><sat>19</sat></trkpt>
  <trkpt lat="33.73841675" lon="-84.42291331"><ele>286.000</ele><time>2025-10-17T13:57:33Z</time><speed>0.000</speed><sat>19</sat></trkpt>
  <trkpt lat="33.73841663" lon="-84.42291331"><ele>286.000</ele><time>2025-10-17T13:57:34Z</time><speed>0.000</speed><sat>19</sat></trkpt>
  <trkpt lat="33.73841655" lon="-84.42291331"><ele>286.000</ele><time>2025-10-17T13:57:35Z</time><speed>0.000</speed><sat>19</sat></trkpt>
  <trkpt lat="33.73841659" lon="-84.42291322"><ele>286.000</ele><time>2025-10-17T13:57:36Z</time><speed>0.000</speed><sat>19</sat></trkpt>
  <trkpt lat="33.73841763" lon="-84.42290903"><ele>286.000</ele><time>2025-10-17T13:57:37Z</time><speed>0.160</speed><sat>19</sat></trkpt>
  <trkpt lat="33.73841458" lon="-84.42290802"><ele>287.000</ele><time>2025-10-17T13:57:38Z</time><speed>0.230</speed><sat>19</sat></trkpt>
  <trkpt lat="33.73841403" lon="-84.42290786"><ele>287.000</ele><time>2025-10-17T13:57:39Z</time><speed>0.000</speed><sat>19</sat></trkpt>
  <trkpt lat="33.73841399" lon="-84.42290786"><ele>287.000</ele><time>2025-10-17T13:57:40Z</time><speed>0.000</speed><sat>19</sat></trkpt>
  <trkpt lat="33.73841374" lon="-84.42290811"><ele>286.000</ele><time>2025-10-17T13:57:41Z</time><speed>0.000</speed><sat>19</sat></trkpt>
  <trkpt lat="33.73841353" lon="-84.42290828"><ele>286.000</ele><time>2025-10-17T13:57:42Z</time><speed>0.000</speed><sat>19</sat></trkpt>
  <trkpt lat="33.73841340" lon="-84.42290836"><ele>286.000</ele><time>2025-10-17T13:57:43Z</time><speed>0.000</speed><sat>19</sat></trkpt>
  <trkpt lat="33.73841328" lon="-84.42290853"><ele>286.000</ele><time>2025-10-17T13:57:44Z</time><speed>0.000</speed><sat>19</sat></trkpt>
  <trkpt lat="33.73840795" lon="-84.42291171"><ele>286.000</ele><time>2025-10-17T13:57:45Z</time><speed>0.160</speed><sat>19</sat></trkpt>
  <trkpt lat="33.73840758" lon="-84.42290358"><ele>287.000</ele><time>2025-10-17T13:57:46Z</time><speed>0.850</speed><sat>19</sat></trkpt>
  <trkpt lat="33.73840674" lon="-84.42289101"><ele>287.000</ele><time>2025-10-17T13:57:47Z</time><speed>1.090</speed><sat>19</sat></trkpt>
  <trkpt lat="33.73840758" lon="-84.42287844"><ele>287.000</ele><time>2025-10-17T13:57:48Z</time><speed>1.080</speed><sat>19</sat></trkpt>
  <trkpt lat="33.73840615" lon="-84.42286444"><ele>287.000</ele><time>2025-10-17T13:57:49Z</time><speed>1.110</speed><sat>19</sat></trkpt>
  <trkpt lat="33.73840439" lon="-84.42285170"><ele>287.000</ele><time>2025-10-17T13:57:50Z</time><speed>1.010</speed><sat>19</sat></trkpt>
  <trkpt lat="33.73840242" lon="-84.42283795"><ele>287.000</ele><time>2025-10-17T13:57:51Z</time><speed>1.140</speed><sat>18</sat></trkpt>
  <trkpt lat="33.73840121" lon="-84.42282370"><ele>287.000</ele><time>2025-10-17T13:57:52Z</time><speed>1.090</speed><sat>19</sat></trkpt>
  <trkpt lat="33.73839823" lon="-84.42280937"><ele>287.000</ele><time>2025-10-17T13:57:53Z</time><speed>1.300</speed><sat>19</sat></trkpt>
  <trkpt lat="33.73839526" lon="-84.42279621"><ele>287.000</ele><time>2025-10-17T13:57:54Z</time><speed>1.130</speed><sat>18</sat></trkpt>
  <trkpt lat="33.73839308" lon="-84.42278272"><ele>287.000</ele><time>2025-10-17T13:57:55Z</time><speed>1.130</speed><sat>18</sat></trkpt>
  <trkpt lat="33.73838918" lon="-84.42276863"><ele>287.000</ele><time>2025-10-17T13:57:56Z</time><speed>1.250</speed><sat>18</sat></trkpt>
  <trkpt lat="33.73838662" lon="-84.42275539"><ele>287.000</ele><time>2025-10-17T13:57:57Z</time><speed>1.180</speed><sat>19</sat></trkpt>
  <trkpt lat="33.73838285" lon="-84.42274215"><ele>287.000</ele><time>2025-10-17T13:57:58Z</time><speed>1.350</speed><sat>19</sat></trkpt>
  <trkpt lat="33.73838067" lon="-84.42272874"><ele>287.000</ele><time>2025-10-17T13:57:59Z</time><speed>1.290</speed><sat>18</sat></trkpt>
  <trkpt lat="33.73838025" lon="-84.42271457"><ele>287.000</ele><time>2025-10-17T13:58:00Z</time><speed>0.950</speed><sat>19</sat></trkpt>
  <trkpt lat="33.73837799" lon="-84.42270585"><ele>287.000</ele><time>2025-10-17T13:58:01Z</time><speed>1.080</speed><sat>17</sat></trkpt>
  <trkpt lat="33.73837363" lon="-84.42269445"><ele>287.000</ele><time>2025-10-17T13:58:02Z</time><speed>0.980</speed><sat>18</sat></trkpt>
  <trkpt lat="33.73837019" lon="-84.42268289"><ele>287.000</ele><time>2025-10-17T13:58:03Z</time><speed>0.980</speed><sat>19</sat></trkpt>
  <trkpt lat="33.73836894" lon="-84.42267157"><ele>286.000</ele><time>2025-10-17T13:58:04Z</time><speed>1.080</speed><sat>19</sat></trkpt>
  <trkpt lat="33.73836726" lon="-84.42265992"><ele>286.000</ele><time>2025-10-17T13:58:05Z</time><speed>0.880</speed><sat>19</sat></trkpt>
  <trkpt lat="33.73836483" lon="-84.42264249"><ele>286.000</ele><time>2025-10-17T13:58:06Z</time><speed>1.180</speed><sat>18</sat></trkpt>
  <trkpt lat="33.73836148" lon="-84.42262723"><ele>286.000</ele><time>2025-10-17T13:58:07Z</time><speed>1.340</speed><sat>18</sat></trkpt>
  <trkpt lat="33.73835699" lon="-84.42261072"><ele>286.000</ele><time>2025-10-17T13:58:08Z</time><speed>1.450</speed><sat>19</sat></trkpt>
  <trkpt lat="33.73835586" lon="-84.42259555"><ele>285.000</ele><time>2025-10-17T13:58:09Z</time><speed>1.290</speed><sat>19</sat></trkpt>
  <trkpt lat="33.73835293" lon="-84.42258113"><ele>285.000</ele><time>2025-10-17T13:58:10Z</time><speed>1.090</speed><sat>18</sat></trkpt>
  <trkpt lat="33.73834941" lon="-84.42256697"><ele>286.000</ele><time>2025-10-17T13:58:11Z</time><speed>1.000</speed><sat>18</sat></trkpt>
  <trkpt lat="33.73834861" lon="-84.42255582"><ele>286.000</ele><time>2025-10-17T13:58:12Z</time><speed>0.990</speed><sat>19</sat></trkpt>
  <trkpt lat="33.73835075" lon="-84.42254408"><ele>285.000</ele><time>2025-10-17T13:58:13Z</time><speed>0.700</speed><sat>19</sat></trkpt>
  <trkpt lat="33.73834827" lon="-84.42253176"><ele>285.000</ele><time>2025-10-17T13:58:14Z</time><speed>0.720</speed><sat>19</sat></trkpt>
  <trkpt lat="33.73834718" lon="-84.42252053"><ele>285.000</ele><time>2025-10-17T13:58:15Z</time><speed>0.740</speed><sat>18</sat></trkpt>
  <trkpt lat="33.73834630" lon="-84.42250569"><ele>285.000</ele><time>2025-10-17T13:58:16Z</time><speed>1.240</speed><sat>19</sat></trkpt>
  <trkpt lat="33.73834614" lon="-84.42249002"><ele>285.000</ele><time>2025-10-17T13:58:17Z</time><speed>1.010</speed><sat>19</sat></trkpt>
  <trkpt lat="33.73834610" lon="-84.42247502"><ele>285.000</ele><time>2025-10-17T13:58:18Z</time><speed>1.450</speed><sat>19</sat></trkpt>
  <trkpt lat="33.73834555" lon="-84.42245741"><ele>285.000</ele><time>2025-10-17T13:58:19Z</time><speed>1.230</speed><sat>19</sat></trkpt>
  <trkpt lat="33.73834530" lon="-84.42244048"><ele>285.000</ele><time>2025-10-17T13:58:20Z</time><speed>1.270</speed><sat>19</sat></trkpt>
  <trkpt lat="33.73834413" lon="-84.42242372"><ele>285.000</ele><time>2025-10-17T13:58:21Z</time><speed>1.480</speed><sat>19</sat></trkpt>
  <trkpt lat="33.73834073" lon="-84.42240503"><ele>286.000</ele><time>2025-10-17T13:58:22Z</time><speed>1.240</speed><sat>19</sat></trkpt>
  <trkpt lat="33.73833947" lon="-84.42238977"><ele>286.000</ele><time>2025-10-17T13:58:23Z</time><speed>1.220</speed><sat>19</sat></trkpt>
  <trkpt lat="33.73833675" lon="-84.42237393"><ele>286.000</ele><time>2025-10-17T13:58:24Z</time><speed>1.430</speed><sat>19</sat></trkpt>
  <trkpt lat="33.73833486" lon="-84.42235717"><ele>286.000</ele><time>2025-10-17T13:58:25Z</time><speed>1.520</speed><sat>19</sat></trkpt>
  <trkpt lat="33.73833247" lon="-84.42234065"><ele>286.000</ele><time>2025-10-17T13:58:26Z</time><speed>1.680</speed><sat>19</sat></trkpt>
  <trkpt lat="33.73833113" lon="-84.42232523"><ele>286.000</ele><time>2025-10-17T13:58:27Z</time><speed>1.380</speed><sat>19</sat></trkpt>
  <trkpt lat="33.73832782" lon="-84.42231241"><ele>286.000</ele><time>2025-10-17T13:58:28Z</time><speed>1.170</speed><sat>19</sat></trkpt>
  <trkpt lat="33.73832481" lon="-84.42229941"><ele>286.000</ele><time>2025-10-17T13:58:29Z</time><speed>1.430</speed><sat>19</sat></trkpt>
  <trkpt lat="33.73832196" lon="-84.42228659"><ele>286.000</ele><time>2025-10-17T13:58:30Z</time><speed>1.270</speed><sat>19</sat></trkpt>
  <trkpt lat="33.73831923" lon="-84.42227259"><ele>287.000</ele><time>2025-10-17T13:58:31Z</time><speed>1.310</speed><sat>19</sat></trkpt>
  <trkpt lat="33.73831919" lon="-84.42225541"><ele>287.000</ele><time>2025-10-17T13:58:32Z</time><speed>1.260</speed><sat>19</sat></trkpt>
  <trkpt lat="33.73831751" lon="-84.42224451"><ele>286.000</ele><time>2025-10-17T13:58:33Z</time><speed>0.710</speed><sat>18</sat></trkpt>
  <trkpt lat="33.73831554" lon="-84.42223278"><ele>286.000</ele><time>2025-10-17T13:58:34Z</time><speed>1.410</speed><sat>19</sat></trkpt>
  <trkpt lat="33.73831299" lon="-84.42221778"><ele>287.000</ele><time>2025-10-17T13:58:35Z</time><speed>1.250</speed><sat>18</sat></trkpt>
  <trkpt lat="33.73830850" lon="-84.42220529"><ele>287.000</ele><time>2025-10-17T13:58:36Z</time><speed>1.400</speed><sat>19</sat></trkpt>
  <trkpt lat="33.73830360" lon="-84.42219221"><ele>286.000</ele><time>2025-10-17T13:58:37Z</time><speed>1.350</speed><sat>18</sat></trkpt>
  <trkpt lat="33.73830067" lon="-84.42217804"><ele>286.000</ele><time>2025-10-17T13:58:38Z</time><speed>1.330</speed><sat>19</sat></trkpt>
  <trkpt lat="33.73829807" lon="-84.42216455"><ele>286.000</ele><time>2025-10-17T13:58:39Z</time><speed>1.360</speed><sat>19</sat></trkpt>
  <trkpt lat="33.73829807" lon="-84.42214753"><ele>286.000</ele><time>2025-10-17T13:58:40Z</time><speed>1.320</speed><sat>19</sat></trkpt>
  <trkpt lat="33.73829543" lon="-84.42213085"><ele>286.000</ele><time>2025-10-17T13:58:41Z</time><speed>1.420</speed><sat>19</sat></trkpt>
  <trkpt lat="33.73829279" lon="-84.42211359"><ele>286.000</ele><time>2025-10-17T13:58:42Z</time><speed>1.500</speed><sat>19</sat></trkpt>
  <trkpt lat="33.73828985" lon="-84.42209657"><ele>287.000</ele><time>2025-10-17T13:58:43Z</time><speed>1.400</speed><sat>19</sat></trkpt>
  <trkpt lat="33.73828608" lon="-84.42208023"><ele>287.000</ele><time>2025-10-17T13:58:44Z</time><speed>1.420</speed><sat>19</sat></trkpt>
  <trkpt lat="33.73828319" lon="-84.42206464"><ele>287.000</ele><time>2025-10-17T13:58:45Z</time><speed>1.340</speed><sat>19</sat></trkpt>
  <trkpt lat="33.73828227" lon="-84.42205139"><ele>287.000</ele><time>2025-10-17T13:58:46Z</time><speed>1.450</speed><sat>19</sat></trkpt>
  <trkpt lat="33.73828118" lon="-84.42203656"><ele>287.000</ele><time>2025-10-17T13:58:47Z</time><speed>1.290</speed><sat>19</sat></trkpt>
  <trkpt lat="33.73827942" lon="-84.42202298"><ele>287.000</ele><time>2025-10-17T13:58:48Z</time><speed>1.480</speed><sat>19</sat></trkpt>
  <trkpt lat="33.73827653" lon="-84.42200638"><ele>287.000</ele><time>2025-10-17T13:58:49Z</time><speed>1.320</speed><sat>19</sat></trkpt>
  <trkpt lat="33.73827477" lon="-84.42199163"><ele>287.000</ele><time>2025-10-17T13:58:50Z</time><speed>1.260</speed><sat>19</sat></trkpt>
  <trkpt lat="33.73827376" lon="-84.42197654"><ele>287.000</ele><time>2025-10-17T13:58:51Z</time><speed>1.380</speed><sat>19</sat></trkpt>
  <trkpt lat="33.73827301" lon="-84.42196154"><ele>287.000</ele><time>2025-10-17T13:58:52Z</time><speed>1.400</speed><sat>19</sat></trkpt>
  <trkpt lat="33.73827192" lon="-84.42194872"><ele>287.000</ele><time>2025-10-17T13:58:53Z</time><speed>0.870</speed><sat>18</sat></trkpt>
  <trkpt lat="33.73826932" lon="-84.42193505"><ele>287.000</ele><time>2025-10-17T13:58:54Z</time><speed>1.430</speed><sat>19</sat></trkpt>
  <trkpt lat="33.73827045" lon="-84.42192097"><ele>287.000</ele><time>2025-10-17T13:58:55Z</time><speed>0.960</speed><sat>19</sat></trkpt>
  <trkpt lat="33.73826835" lon="-84.42190815"><ele>287.000</ele><time>2025-10-17T13:58:56Z</time><speed>1.330</speed><sat>19</sat></trkpt>
  <trkpt lat="33.73826471" lon="-84.42189205"><ele>287.000</ele><time>2025-10-17T13:58:57Z</time><speed>1.360</speed><sat>19</sat></trkpt>
  <trkpt lat="33.73826182" lon="-84.42187638"><ele>287.000</ele><time>2025-10-17T13:58:58Z</time><speed>1.480</speed><sat>19</sat></trkpt>
  <trkpt lat="33.73825888" lon="-84.42186020"><ele>287.000</ele><time>2025-10-17T13:58:59Z</time><speed>1.270</speed><sat>19</sat></trkpt>
  <trkpt lat="33.73825528" lon="-84.42184503"><ele>287.000</ele><time>2025-10-17T13:59:00Z</time><speed>1.270</speed><sat>19</sat></trkpt>
  <trkpt lat="33.73825314" lon="-84.42182936"><ele>288.000</ele><time>2025-10-17T13:59:01Z</time><speed>1.500</speed><sat>19</sat></trkpt>
  <trkpt lat="33.73825104" lon="-84.42181360"><ele>288.000</ele><time>2025-10-17T13:59:02Z</time><speed>1.380</speed><sat>19</sat></trkpt>
  <trkpt lat="33.73824832" lon="-84.42179927"><ele>287.000</ele><time>2025-10-17T13:59:03Z</time><speed>1.420</speed><sat>19</sat></trkpt>
  <trkpt lat="33.73824673" lon="-84.42178384"><ele>287.000</ele><time>2025-10-17T13:59:04Z</time><speed>1.420</speed><sat>19</sat></trkpt>
  <trkpt lat="33.73824618" lon="-84.42176767"><ele>287.000</ele><time>2025-10-17T13:59:05Z</time><speed>1.420</speed><sat>19</sat></trkpt>
  <trkpt lat="33.73824509" lon="-84.42175333"><ele>287.000</ele><time>2025-10-17T13:59:06Z</time><speed>1.300</speed><sat>19</sat></trkpt>
  <trkpt lat="33.73824249" lon="-84.42174009"><ele>287.000</ele><time>2025-10-17T13:59:07Z</time><speed>1.350</speed><sat>19</sat></trkpt>
  <trkpt lat="33.73824111" lon="-84.42172190"><ele>287.000</ele><time>2025-10-17T13:59:08Z</time><speed>1.460</speed><sat>19</sat></trkpt>
  <trkpt lat="33.73824040" lon="-84.42170614"><ele>287.000</ele><time>2025-10-17T13:59:09Z</time><speed>1.460</speed><sat>19</sat></trkpt>
  <trkpt lat="33.73824057" lon="-84.42169374"><ele>287.000</ele><time>2025-10-17T13:59:10Z</time><speed>1.370</speed><sat>19</sat></trkpt>
  <trkpt lat="33.73823939" lon="-84.42167966"><ele>287.000</ele><time>2025-10-17T13:59:11Z</time><speed>1.380</speed><sat>19</sat></trkpt>
  <trkpt lat="33.73823860" lon="-84.42166516"><ele>287.000</ele><time>2025-10-17T13:59:12Z</time><speed>1.350</speed><sat>19</sat></trkpt>
  <trkpt lat="33.73823612" lon="-84.42165258"><ele>287.000</ele><time>2025-10-17T13:59:13Z</time><speed>1.350</speed><sat>19</sat></trkpt>
  <trkpt lat="33.73823340" lon="-84.42163741"><ele>287.000</ele><time>2025-10-17T13:59:14Z</time><speed>1.360</speed><sat>19</sat></trkpt>
  <trkpt lat="33.73823193" lon="-84.42162300"><ele>287.000</ele><time>2025-10-17T13:59:15Z</time><speed>1.380</speed><sat>19</sat></trkpt>
  <trkpt lat="33.73823013" lon="-84.42161067"><ele>287.000</ele><time>2025-10-17T13:59:16Z</time><speed>1.320</speed><sat>19</sat></trkpt>
  <trkpt lat="33.73822716" lon="-84.42159609"><ele>287.000</ele><time>2025-10-17T13:59:17Z</time><speed>1.360</speed><sat>19</sat></trkpt>
  <trkpt lat="33.73822498" lon="-84.42158310"><ele>287.000</ele><time>2025-10-17T13:59:18Z</time><speed>1.170</speed><sat>19</sat></trkpt>
  <trkpt lat="33.73822313" lon="-84.42157027"><ele>288.000</ele><time>2025-10-17T13:59:19Z</time><speed>1.350</speed><sat>19</sat></trkpt>
  <trkpt lat="33.73822083" lon="-84.42155510"><ele>287.000</ele><time>2025-10-17T13:59:20Z</time><speed>1.370</speed><sat>19</sat></trkpt>
  <trkpt lat="33.73821877" lon="-84.42154077"><ele>287.000</ele><time>2025-10-17T13:59:21Z</time><speed>1.200</speed><sat>19</sat></trkpt>
  <trkpt lat="33.73821685" lon="-84.42152652"><ele>287.000</ele><time>2025-10-17T13:59:22Z</time><speed>1.340</speed><sat>19</sat></trkpt>
  <trkpt lat="33.73821433" lon="-84.42151043"><ele>288.000</ele><time>2025-10-17T13:59:23Z</time><speed>1.480</speed><sat>19</sat></trkpt>
  <trkpt lat="33.73821492" lon="-84.42149609"><ele>287.000</ele><time>2025-10-17T13:59:24Z</time><speed>1.370</speed><sat>19</sat></trkpt>
  <trkpt lat="33.73821454" lon="-84.42148101"><ele>287.000</ele><time>2025-10-17T13:59:25Z</time><speed>1.160</speed><sat>19</sat></trkpt>
  <trkpt lat="33.73821450" lon="-84.42146718"><ele>287.000</ele><time>2025-10-17T13:59:26Z</time><speed>1.230</speed><sat>19</sat></trkpt>
  <trkpt lat="33.73821379" lon="-84.42145167"><ele>287.000</ele><time>2025-10-17T13:59:27Z</time><speed>1.390</speed><sat>19</sat></trkpt>
  <trkpt lat="33.73821010" lon="-84.42143365"><ele>288.000</ele><time>2025-10-17T13:59:28Z</time><speed>1.420</speed><sat>18</sat></trkpt>
  <trkpt lat="33.73820729" lon="-84.42141915"><ele>288.000</ele><time>2025-10-17T13:59:29Z</time><speed>1.360</speed><sat>18</sat></trkpt>
  <trkpt lat="33.73820461" lon="-84.42140364"><ele>288.000</ele><time>2025-10-17T13:59:30Z</time><speed>1.400</speed><sat>18</sat></trkpt>
  <trkpt lat="33.73820406" lon="-84.42139040"><ele>288.000</ele><time>2025-10-17T13:59:31Z</time><speed>1.080</speed><sat>19</sat></trkpt>
  <trkpt lat="33.73820411" lon="-84.42137791"><ele>288.000</ele><time>2025-10-17T13:59:32Z</time><speed>1.180</speed><sat>19</sat></trkpt>
  <trkpt lat="33.73820138" lon="-84.42136190"><ele>288.000</ele><time>2025-10-17T13:59:33Z</time><speed>1.480</speed><sat>19</sat></trkpt>
  <trkpt lat="33.73819849" lon="-84.42134731"><ele>288.000</ele><time>2025-10-17T13:59:34Z</time><speed>1.320</speed><sat>18</sat></trkpt>
  <trkpt lat="33.73819434" lon="-84.42133122"><ele>288.000</ele><time>2025-10-17T13:59:35Z</time><speed>1.290</speed><sat>19</sat></trkpt>
  <trkpt lat="33.73819375" lon="-84.42131546"><ele>288.000</ele><time>2025-10-17T13:59:36Z</time><speed>1.380</speed><sat>19</sat></trkpt>
  <trkpt lat="33.73819233" lon="-84.42130390"><ele>288.000</ele><time>2025-10-17T13:59:37Z</time><speed>0.880</speed><sat>19</sat></trkpt>
  <trkpt lat="33.73818969" lon="-84.42129132"><ele>288.000</ele><time>2025-10-17T13:59:38Z</time><speed>1.440</speed><sat>19</sat></trkpt>
  <trkpt lat="33.73818751" lon="-84.42127716"><ele>288.000</ele><time>2025-10-17T13:59:39Z</time><speed>1.250</speed><sat>19</sat></trkpt>
  <trkpt lat="33.73818516" lon="-84.42126224"><ele>288.000</ele><time>2025-10-17T13:59:40Z</time><speed>1.430</speed><sat>19</sat></trkpt>
  <trkpt lat="33.73818449" lon="-84.42125092"><ele>288.000</ele><time>2025-10-17T13:59:41Z</time><speed>1.210</speed><sat>19</sat></trkpt>
  <trkpt lat="33.73818311" lon="-84.42123701"><ele>288.000</ele><time>2025-10-17T13:59:42Z</time><speed>1.350</speed><sat>19</sat></trkpt>
  <trkpt lat="33.73817976" lon="-84.42122133"><ele>288.000</ele><time>2025-10-17T13:59:43Z</time><speed>1.420</speed><sat>19</sat></trkpt>
  <trkpt lat="33.73817456" lon="-84.42120759"><ele>288.000</ele><time>2025-10-17T13:59:44Z</time><speed>1.370</speed><sat>18</sat></trkpt>
  <trkpt lat="33.73817288" lon="-84.42119158"><ele>288.000</ele><time>2025-10-17T13:59:45Z</time><speed>1.500</speed><sat>19</sat></trkpt>
  <trkpt lat="33.73816857" lon="-84.42117481"><ele>288.000</ele><time>2025-10-17T13:59:46Z</time><speed>1.600</speed><sat>19</sat></trkpt>
  <trkpt lat="33.73816333" lon="-84.42115855"><ele>289.000</ele><time>2025-10-17T13:59:47Z</time><speed>1.480</speed><sat>18</sat></trkpt>
  <trkpt lat="33.73816086" lon="-84.42114439"><ele>289.000</ele><time>2025-10-17T13:59:48Z</time><speed>1.440</speed><sat>17</sat></trkpt>
  <trkpt lat="33.73815796" lon="-84.42112930"><ele>289.000</ele><time>2025-10-17T13:59:49Z</time><speed>1.430</speed><sat>19</sat></trkpt>
  <trkpt lat="33.73815616" lon="-84.42111363"><ele>289.000</ele><time>2025-10-17T13:59:50Z</time><speed>1.380</speed><sat>19</sat></trkpt>
  <trkpt lat="33.73815080" lon="-84.42109820"><ele>289.000</ele><time>2025-10-17T13:59:51Z</time><speed>1.400</speed><sat>18</sat></trkpt>
  <trkpt lat="33.73814975" lon="-84.42108412"><ele>289.000</ele><time>2025-10-17T13:59:52Z</time><speed>1.130</speed><sat>18</sat></trkpt>
  <trkpt lat="33.73814816" lon="-84.42107180"><ele>289.000</ele><time>2025-10-17T13:59:53Z</time><speed>1.130</speed><sat>18</sat></trkpt>
  <trkpt lat="33.73814795" lon="-84.42105806"><ele>289.000</ele><time>2025-10-17T13:59:54Z</time><speed>1.360</speed><sat>18</sat></trkpt>
  <trkpt lat="33.73814791" lon="-84.42104213"><ele>289.000</ele><time>2025-10-17T13:59:55Z</time><speed>1.480</speed><sat>18</sat></trkpt>
  <trkpt lat="33.73814740" lon="-84.42102646"><ele>289.000</ele><time>2025-10-17T13:59:56Z</time><speed>1.210</speed><sat>18</sat></trkpt>
  <trkpt lat="33.73814899" lon="-84.42101195"><ele>289.000</ele><time>2025-10-17T13:59:57Z</time><speed>1.440</speed><sat>16</sat></trkpt>
  <trkpt lat="33.73815034" lon="-84.42099477"><ele>289.000</ele><time>2025-10-17T13:59:58Z</time><speed>1.530</speed><sat>17</sat></trkpt>
  <trkpt lat="33.73814791" lon="-84.42097767"><ele>289.000</ele><time>2025-10-17T13:59:59Z</time><speed>1.370</speed><sat>18</sat></trkpt>
  <trkpt lat="33.73814627" lon="-84.42096334"><ele>289.000</ele><time>2025-10-17T14:00:00Z</time><speed>1.440</speed><sat>19</sat></trkpt>
  <trkpt lat="33.73814644" lon="-84.42094733"><ele>289.000</ele><time>2025-10-17T14:00:01Z</time><speed>1.280</speed><sat>18</sat></trkpt>
  <trkpt lat="33.73814610" lon="-84.42093048"><ele>289.000</ele><time>2025-10-17T14:00:02Z</time><speed>1.430</speed><sat>18</sat></trkpt>
  <trkpt lat="33.73814501" lon="-84.42091229"><ele>288.000</ele><time>2025-10-17T14:00:03Z</time><speed>1.510</speed><sat>18</sat></trkpt>
  <trkpt lat="33.73814120" lon="-84.42089670"><ele>288.000</ele><time>2025-10-17T14:00:04Z</time><speed>1.510</speed><sat>17</sat></trkpt>
  <trkpt lat="33.73813697" lon="-84.42088254"><ele>288.000</ele><time>2025-10-17T14:00:05Z</time><speed>1.460</speed><sat>18</sat></trkpt>
  <trkpt lat="33.73813508" lon="-84.42086661"><ele>288.000</ele><time>2025-10-17T14:00:06Z</time><speed>1.310</speed><sat>18</sat></trkpt>
  <trkpt lat="33.73813139" lon="-84.42085513"><ele>288.000</ele><time>2025-10-17T14:00:07Z</time><speed>1.230</speed><sat>18</sat></trkpt>
  <trkpt lat="33.73812842" lon="-84.42084163"><ele>288.000</ele><time>2025-10-17T14:00:08Z</time><speed>1.320</speed><sat>17</sat></trkpt>
  <trkpt lat="33.73812846" lon="-84.42082546"><ele>289.000</ele><time>2025-10-17T14:00:09Z</time><speed>1.350</speed><sat>19</sat></trkpt>
  <trkpt lat="33.73812544" lon="-84.42081096"><ele>289.000</ele><time>2025-10-17T14:00:10Z</time><speed>1.480</speed><sat>18</sat></trkpt>
  <trkpt lat="33.73812301" lon="-84.42079411"><ele>289.000</ele><time>2025-10-17T14:00:11Z</time><speed>1.570</speed><sat>18</sat></trkpt>
  <trkpt lat="33.73811936" lon="-84.42078095"><ele>289.000</ele><time>2025-10-17T14:00:12Z</time><speed>1.350</speed><sat>19</sat></trkpt>
  <trkpt lat="33.73811220" lon="-84.42077014"><ele>289.000</ele><time>2025-10-17T14:00:13Z</time><speed>1.740</speed><sat>18</sat></trkpt>
  <trkpt lat="33.73810591" lon="-84.42075429"><ele>290.000</ele><time>2025-10-17T14:00:14Z</time><speed>1.760</speed><sat>17</sat></trkpt>
  <trkpt lat="33.73810528" lon="-84.42073954"><ele>290.000</ele><time>2025-10-17T14:00:15Z</time><speed>1.330</speed><sat>18</sat></trkpt>
  <trkpt lat="33.73810671" lon="-84.42072546"><ele>290.000</ele><time>2025-10-17T14:00:16Z</time><speed>1.390</speed><sat>14</sat></trkpt>
  <trkpt lat="33.73810570" lon="-84.42071180"><ele>290.000</ele><time>2025-10-17T14:00:17Z</time><speed>1.170</speed><sat>15</sat></trkpt>
  <trkpt lat="33.73810583" lon="-84.42069772"><ele>290.000</ele><time>2025-10-17T14:00:18Z</time><speed>1.130</speed><sat>15</sat></trkpt>
  <trkpt lat="33.73810545" lon="-84.42068389"><ele>290.000</ele><time>2025-10-17T14:00:19Z</time><speed>1.450</speed><sat>15</sat></trkpt>
  <trkpt lat="33.73810377" lon="-84.42066612"><ele>290.000</ele><time>2025-10-17T14:00:20Z</time><speed>1.750</speed><sat>15</sat></trkpt>
  <trkpt lat="33.73810160" lon="-84.42064893"><ele>290.000</ele><time>2025-10-17T14:00:21Z</time><speed>1.280</speed><sat>15</sat></trkpt>
  <trkpt lat="33.73809879" lon="-84.42063083"><ele>290.000</ele><time>2025-10-17T14:00:22Z</time><speed>1.570</speed><sat>16</sat></trkpt>
  <trkpt lat="33.73809699" lon="-84.42061499"><ele>289.000</ele><time>2025-10-17T14:00:23Z</time><speed>1.340</speed><sat>18</sat></trkpt>
  <trkpt lat="33.73809661" lon="-84.42061968"><ele>290.000</ele><time>2025-10-17T14:00:24Z</time><speed>0.000</speed><sat>18</sat></trkpt>
  <trkpt lat="33.73809418" lon="-84.42060803"><ele>289.000</ele><time>2025-10-17T14:00:25Z</time><speed>0.860</speed><sat>19</sat></trkpt>
  <trkpt lat="33.73809099" lon="-84.42059454"><ele>289.000</ele><time>2025-10-17T14:00:26Z</time><speed>1.170</speed><sat>18</sat></trkpt>
  <trkpt lat="33.73808873" lon="-84.42057861"><ele>289.000</ele><time>2025-10-17T14:00:27Z</time><speed>1.470</speed><sat>18</sat></trkpt>
  <trkpt lat="33.73808764" lon="-84.42056704"><ele>289.000</ele><time>2025-10-17T14:00:28Z</time><speed>0.950</speed><sat>18</sat></trkpt>
  <trkpt lat="33.73808563" lon="-84.42055338"><ele>289.000</ele><time>2025-10-17T14:00:29Z</time><speed>1.150</speed><sat>18</sat></trkpt>
  <trkpt lat="33.73808718" lon="-84.42052547"><ele>289.000</ele><time>2025-10-17T14:00:30Z</time><speed>1.340</speed><sat>19</sat></trkpt>
  <trkpt lat="33.73808722" lon="-84.42050854"><ele>289.000</ele><time>2025-10-17T14:00:31Z</time><speed>1.510</speed><sat>19</sat></trkpt>
  <trkpt lat="33.73808378" lon="-84.42048666"><ele>290.000</ele><time>2025-10-17T14:00:32Z</time><speed>1.440</speed><sat>19</sat></trkpt>
  <trkpt lat="33.73808077" lon="-84.42046646"><ele>291.000</ele><time>2025-10-17T14:00:33Z</time><speed>1.370</speed><sat>19</sat></trkpt>
  <trkpt lat="33.73807653" lon="-84.42044869"><ele>291.000</ele><time>2025-10-17T14:00:34Z</time><speed>1.160</speed><sat>19</sat></trkpt>
  <trkpt lat="33.73807423" lon="-84.42043117"><ele>291.000</ele><time>2025-10-17T14:00:35Z</time><speed>1.470</speed><sat>19</sat></trkpt>
  <trkpt lat="33.73807243" lon="-84.42041751"><ele>291.000</ele><time>2025-10-17T14:00:36Z</time><speed>1.190</speed><sat>18</sat></trkpt>
  <trkpt lat="33.73807209" lon="-84.42040209"><ele>291.000</ele><time>2025-10-17T14:00:37Z</time><speed>1.950</speed><sat>18</sat></trkpt>
  <trkpt lat="33.73807331" lon="-84.42038088"><ele>291.000</ele><time>2025-10-17T14:00:38Z</time><speed>2.300</speed><sat>18</sat></trkpt>
  <trkpt lat="33.73807058" lon="-84.42036345"><ele>290.000</ele><time>2025-10-17T14:00:39Z</time><speed>1.680</speed><sat>17</sat></trkpt>
  <trkpt lat="33.73806237" lon="-84.42035800"><ele>290.000</ele><time>2025-10-17T14:00:40Z</time><speed>1.030</speed><sat>18</sat></trkpt>
  <trkpt lat="33.73806073" lon="-84.42034543"><ele>290.000</ele><time>2025-10-17T14:00:41Z</time><speed>0.640</speed><sat>19</sat></trkpt>
  <trkpt lat="33.73806107" lon="-84.42033252"><ele>290.000</ele><time>2025-10-17T14:00:42Z</time><speed>0.940</speed><sat>19</sat></trkpt>
  <trkpt lat="33.73805889" lon="-84.42031978"><ele>290.000</ele><time>2025-10-17T14:00:43Z</time><speed>0.970</speed><sat>19</sat></trkpt>
  <trkpt lat="33.73805658" lon="-84.42030720"><ele>290.000</ele><time>2025-10-17T14:00:44Z</time><speed>1.200</speed><sat>19</sat></trkpt>
  <trkpt lat="33.73805386" lon="-84.42029145"><ele>290.000</ele><time>2025-10-17T14:00:45Z</time><speed>1.310</speed><sat>19</sat></trkpt>
  <trkpt lat="33.73804787" lon="-84.42027217"><ele>290.000</ele><time>2025-10-17T14:00:46Z</time><speed>2.740</speed><sat>19</sat></trkpt>
  <trkpt lat="33.73804464" lon="-84.42025431"><ele>291.000</ele><time>2025-10-17T14:00:47Z</time><speed>2.270</speed><sat>18</sat></trkpt>
  <trkpt lat="33.73804653" lon="-84.42023747"><ele>291.000</ele><time>2025-10-17T14:00:48Z</time><speed>1.880</speed><sat>18</sat></trkpt>
  <trkpt lat="33.73804988" lon="-84.42022230"><ele>291.000</ele><time>2025-10-17T14:00:49Z</time><speed>1.330</speed><sat>18</sat></trkpt>
  <trkpt lat="33.73804648" lon="-84.42020914"><ele>292.000</ele><time>2025-10-17T14:00:50Z</time><speed>1.710</speed><sat>18</sat></trkpt>
  <trkpt lat="33.73804439" lon="-84.42019522"><ele>292.000</ele><time>2025-10-17T14:00:51Z</time><speed>1.450</speed><sat>18</sat></trkpt>
  <trkpt lat="33.73804355" lon="-84.42018114"><ele>292.000</ele><time>2025-10-17T14:00:52Z</time><speed>1.390</speed><sat>19</sat></trkpt>
  <trkpt lat="33.73804141" lon="-84.42016530"><ele>292.000</ele><time>2025-10-17T14:00:53Z</time><speed>1.630</speed><sat>18</sat></trkpt>
  <trkpt lat="33.73804062" lon="-84.42015122"><ele>292.000</ele><time>2025-10-17T14:00:54Z</time><speed>1.110</speed><sat>19</sat></trkpt>
  <trkpt lat="33.73803760" lon="-84.42013714"><ele>292.000</ele><time>2025-10-17T14:00:55Z</time><speed>1.210</speed><sat>17</sat></trkpt>
  <trkpt lat="33.73803517" lon="-84.42012347"><ele>292.000</ele><time>2025-10-17T14:00:56Z</time><speed>1.330</speed><sat>18</sat></trkpt>
  <trkpt lat="33.73803215" lon="-84.42011283"><ele>292.000</ele><time>2025-10-17T14:00:57Z</time><speed>0.900</speed><sat>17</sat></trkpt>
  <trkpt lat="33.73803148" lon="-84.42010394"><ele>292.000</ele><time>2025-10-17T14:00:58Z</time><speed>0.560</speed><sat>17</sat></trkpt>
  <trkpt lat="33.73803462" lon="-84.42010185"><ele>292.000</ele><time>2025-10-17T14:00:59Z</time><speed>0.520</speed><sat>16</sat></trkpt>
  <trkpt lat="33.73804045" lon="-84.42009749"><ele>292.000</ele><time>2025-10-17T14:01:00Z</time><speed>0.950</speed><sat>16</sat></trkpt>
  <trkpt lat="33.73804326" lon="-84.42008626"><ele>292.000</ele><time>2025-10-17T14:01:01Z</time><speed>1.020</speed><sat>17</sat></trkpt>
  <trkpt lat="33.73804606" lon="-84.42007226"><ele>292.000</ele><time>2025-10-17T14:01:02Z</time><speed>0.850</speed><sat>17</sat></trkpt>
  <trkpt lat="33.73804850" lon="-84.42006069"><ele>292.000</ele><time>2025-10-17T14:01:03Z</time><speed>1.130</speed><sat>17</sat></trkpt>
  <trkpt lat="33.73804711" lon="-84.42003764"><ele>291.000</ele><time>2025-10-17T14:01:04Z</time><speed>1.600</speed><sat>17</sat></trkpt>
  <trkpt lat="33.73804569" lon="-84.42001258"><ele>292.000</ele><time>2025-10-17T14:01:05Z</time><speed>2.300</speed><sat>17</sat></trkpt>
  <trkpt lat="33.73805080" lon="-84.41999498"><ele>292.000</ele><time>2025-10-17T14:01:06Z</time><speed>0.790</speed><sat>17</sat></trkpt>
  <trkpt lat="33.73805432" lon="-84.41998626"><ele>292.000</ele><time>2025-10-17T14:01:07Z</time><speed>1.180</speed><sat>17</sat></trkpt>
  <trkpt lat="33.73806103" lon="-84.41997704"><ele>292.000</ele><time>2025-10-17T14:01:08Z</time><speed>0.570</speed><sat>17</sat></trkpt>
  <trkpt lat="33.73806329" lon="-84.41997888"><ele>292.000</ele><time>2025-10-17T14:01:09Z</time><speed>0.600</speed><sat>16</sat></trkpt>
  <trkpt lat="33.73806434" lon="-84.41998375"><ele>292.000</ele><time>2025-10-17T14:01:10Z</time><speed>0.510</speed><sat>16</sat></trkpt>
  <trkpt lat="33.73806589" lon="-84.41998685"><ele>292.000</ele><time>2025-10-17T14:01:11Z</time><speed>0.140</speed><sat>16</sat></trkpt>
  <trkpt lat="33.73806606" lon="-84.41998492"><ele>293.000</ele><time>2025-10-17T14:01:12Z</time><speed>0.000</speed><sat>15</sat></trkpt>
  <trkpt lat="33.73806606" lon="-84.41998492"><ele>293.000</ele><time>2025-10-17T14:01:13Z</time><speed>0.000</speed><sat>16</sat></trkpt>
  <trkpt lat="33.73806551" lon="-84.41998350"><ele>293.000</ele><time>2025-10-17T14:01:14Z</time><speed>0.000</speed><sat>15</sat></trkpt>
  <trkpt lat="33.73806920" lon="-84.41997847"><ele>293.000</ele><time>2025-10-17T14:01:15Z</time><speed>1.160</speed><sat>14</sat></trkpt>
  <trkpt lat="33.73806434" lon="-84.41997461"><ele>293.000</ele><time>2025-10-17T14:01:16Z</time><speed>0.460</speed><sat>15</sat></trkpt>
  <trkpt lat="33.73805805" lon="-84.41997453"><ele>294.000</ele><time>2025-10-17T14:01:17Z</time><speed>1.070</speed><sat>15</sat></trkpt>
  <trkpt lat="33.73805658" lon="-84.41996137"><ele>294.000</ele><time>2025-10-17T14:01:18Z</time><speed>0.950</speed><sat>14</sat></trkpt>
  <trkpt lat="33.73805495" lon="-84.41995148"><ele>293.000</ele><time>2025-10-17T14:01:19Z</time><speed>0.980</speed><sat>18</sat></trkpt>
  <trkpt lat="33.73805122" lon="-84.41993429"><ele>293.000</ele><time>2025-10-17T14:01:20Z</time><speed>1.330</speed><sat>17</sat></trkpt>
  <trkpt lat="33.73804820" lon="-84.41991803"><ele>293.000</ele><time>2025-10-17T14:01:21Z</time><speed>1.190</speed><sat>18</sat></trkpt>
  <trkpt lat="33.73804531" lon="-84.41990362"><ele>293.000</ele><time>2025-10-17T14:01:22Z</time><speed>0.970</speed><sat>18</sat></trkpt>
  <trkpt lat="33.73804095" lon="-84.41989071"><ele>293.000</ele><time>2025-10-17T14:01:23Z</time><speed>1.160</speed><sat>18</sat></trkpt>
  <trkpt lat="33.73803475" lon="-84.41987487"><ele>293.000</ele><time>2025-10-17T14:01:24Z</time><speed>1.260</speed><sat>18</sat></trkpt>
  <trkpt lat="33.73803165" lon="-84.41985877"><ele>293.000</ele><time>2025-10-17T14:01:25Z</time><speed>1.490</speed><sat>18</sat></trkpt>
  <trkpt lat="33.73802817" lon="-84.41984486"><ele>293.000</ele><time>2025-10-17T14:01:26Z</time><speed>0.790</speed><sat>17</sat></trkpt>
  <trkpt lat="33.73802448" lon="-84.41983111"><ele>293.000</ele><time>2025-10-17T14:01:27Z</time><speed>1.180</speed><sat>18</sat></trkpt>
  <trkpt lat="33.73802440" lon="-84.41981334"><ele>293.000</ele><time>2025-10-17T14:01:28Z</time><speed>1.410</speed><sat>18</sat></trkpt>
  <trkpt lat="33.73802721" lon="-84.41979717"><ele>293.000</ele><time>2025-10-17T14:01:29Z</time><speed>1.290</speed><sat>18</sat></trkpt>
  <trkpt lat="33.73802783" lon="-84.41978090"><ele>293.000</ele><time>2025-10-17T14:01:30Z</time><speed>1.130</speed><sat>18</sat></trkpt>
  <trkpt lat="33.73802603" lon="-84.41976062"><ele>293.000</ele><time>2025-10-17T14:01:31Z</time><speed>1.720</speed><sat>18</sat></trkpt>
  <trkpt lat="33.73802104" lon="-84.41974134"><ele>293.000</ele><time>2025-10-17T14:01:32Z</time><speed>1.440</speed><sat>16</sat></trkpt>
  <trkpt lat="33.73801958" lon="-84.41972734"><ele>293.000</ele><time>2025-10-17T14:01:33Z</time><speed>0.800</speed><sat>18</sat></trkpt>
  <trkpt lat="33.73801681" lon="-84.41971016"><ele>293.000</ele><time>2025-10-17T14:01:34Z</time><speed>1.150</speed><sat>15</sat></trkpt>
  <trkpt lat="33.73801878" lon="-84.41969784"><ele>293.000</ele><time>2025-10-17T14:01:35Z</time><speed>0.840</speed><sat>18</sat></trkpt>
  <trkpt lat="33.73801924" lon="-84.41968158"><ele>292.000</ele><time>2025-10-17T14:01:36Z</time><speed>1.210</speed><sat>17</sat></trkpt>
  <trkpt lat="33.73801807" lon="-84.41966188"><ele>292.000</ele><time>2025-10-17T14:01:37Z</time><speed>1.620</speed><sat>17</sat></trkpt>
  <trkpt lat="33.73801916" lon="-84.41964445"><ele>292.000</ele><time>2025-10-17T14:01:38Z</time><speed>1.400</speed><sat>17</sat></trkpt>
  <trkpt lat="33.73802092" lon="-84.41962676"><ele>292.000</ele><time>2025-10-17T14:01:39Z</time><speed>1.200</speed><sat>18</sat></trkpt>
  <trkpt lat="33.73802331" lon="-84.41961000"><ele>292.000</ele><time>2025-10-17T14:01:40Z</time><speed>1.230</speed><sat>18</sat></trkpt>
  <trkpt lat="33.73802356" lon="-84.41959231"><ele>292.000</ele><time>2025-10-17T14:01:41Z</time><speed>1.460</speed><sat>19</sat></trkpt>
  <trkpt lat="33.73802419" lon="-84.41957873"><ele>292.000</ele><time>2025-10-17T14:01:42Z</time><speed>1.010</speed><sat>17</sat></trkpt>
  <trkpt lat="33.73802285" lon="-84.41956708"><ele>292.000</ele><time>2025-10-17T14:01:43Z</time><speed>1.150</speed><sat>17</sat></trkpt>
  <trkpt lat="33.73802012" lon="-84.41955225"><ele>292.000</ele><time>2025-10-17T14:01:44Z</time><speed>1.080</speed><sat>17</sat></trkpt>
  <trkpt lat="33.73802016" lon="-84.41953682"><ele>292.000</ele><time>2025-10-17T14:01:45Z</time><speed>1.230</speed><sat>19</sat></trkpt>
  <trkpt lat="33.73802276" lon="-84.41952609"><ele>292.000</ele><time>2025-10-17T14:01:46Z</time><speed>0.950</speed><sat>19</sat></trkpt>
  <trkpt lat="33.73802783" lon="-84.41950564"><ele>293.000</ele><time>2025-10-17T14:01:47Z</time><speed>1.870</speed><sat>19</sat></trkpt>
  <trkpt lat="33.73803001" lon="-84.41948259"><ele>294.000</ele><time>2025-10-17T14:01:48Z</time><speed>2.470</speed><sat>19</sat></trkpt>
  <trkpt lat="33.73803115" lon="-84.41946206"><ele>295.000</ele><time>2025-10-17T14:01:49Z</time><speed>1.320</speed><sat>17</sat></trkpt>
  <trkpt lat="33.73802901" lon="-84.41944496"><ele>295.000</ele><time>2025-10-17T14:01:50Z</time><speed>1.850</speed><sat>16</sat></trkpt>
  <trkpt lat="33.73802892" lon="-84.41942685"><ele>295.000</ele><time>2025-10-17T14:01:51Z</time><speed>1.790</speed><sat>17</sat></trkpt>
  <trkpt lat="33.73804208" lon="-84.41941990"><ele>295.000</ele><time>2025-10-17T14:01:52Z</time><speed>2.080</speed><sat>18</sat></trkpt>
  <trkpt lat="33.73804313" lon="-84.41941093"><ele>295.000</ele><time>2025-10-17T14:01:53Z</time><speed>0.960</speed><sat>18</sat></trkpt>
  <trkpt lat="33.73804322" lon="-84.41939651"><ele>295.000</ele><time>2025-10-17T14:01:54Z</time><speed>1.070</speed><sat>18</sat></trkpt>
  <trkpt lat="33.73803877" lon="-84.41938033"><ele>295.000</ele><time>2025-10-17T14:01:55Z</time><speed>1.120</speed><sat>18</sat></trkpt>
  <trkpt lat="33.73803467" lon="-84.41936005"><ele>295.000</ele><time>2025-10-17T14:01:56Z</time><speed>1.630</speed><sat>18</sat></trkpt>
  <trkpt lat="33.73803307" lon="-84.41934672"><ele>295.000</ele><time>2025-10-17T14:01:57Z</time><speed>0.980</speed><sat>18</sat></trkpt>
  <trkpt lat="33.73803228" lon="-84.41933415"><ele>295.000</ele><time>2025-10-17T14:01:58Z</time><speed>0.960</speed><sat>18</sat></trkpt>
  <trkpt lat="33.73803035" lon="-84.41931990"><ele>295.000</ele><time>2025-10-17T14:01:59Z</time><speed>1.270</speed><sat>17</sat></trkpt>
  <trkpt lat="33.73802934" lon="-84.41930867"><ele>295.000</ele><time>2025-10-17T14:02:00Z</time><speed>1.030</speed><sat>18</sat></trkpt>
  <trkpt lat="33.73802892" lon="-84.41929878"><ele>295.000</ele><time>2025-10-17T14:02:01Z</time><speed>0.910</speed><sat>18</sat></trkpt>
  <trkpt lat="33.73802846" lon="-84.41928813"><ele>296.000</ele><time>2025-10-17T14:02:02Z</time><speed>0.720</speed><sat>18</sat></trkpt>
  <trkpt lat="33.73802888" lon="-84.41927296"><ele>295.000</ele><time>2025-10-17T14:02:03Z</time><speed>1.000</speed><sat>18</sat></trkpt>
  <trkpt lat="33.73802775" lon="-84.41926190"><ele>295.000</ele><time>2025-10-17T14:02:04Z</time><speed>1.280</speed><sat>17</sat></trkpt>
  <trkpt lat="33.73802804" lon="-84.41924622"><ele>295.000</ele><time>2025-10-17T14:02:05Z</time><speed>1.470</speed><sat>19</sat></trkpt>
  <trkpt lat="33.73802897" lon="-84.41922912"><ele>295.000</ele><time>2025-10-17T14:02:06Z</time><speed>1.220</speed><sat>17</sat></trkpt>
  <trkpt lat="33.73803010" lon="-84.41921496"><ele>295.000</ele><time>2025-10-17T14:02:07Z</time><speed>1.250</speed><sat>18</sat></trkpt>
  <trkpt lat="33.73803098" lon="-84.41920037"><ele>295.000</ele><time>2025-10-17T14:02:08Z</time><speed>1.220</speed><sat>18</sat></trkpt>
  <trkpt lat="33.73803035" lon="-84.41918730"><ele>295.000</ele><time>2025-10-17T14:02:09Z</time><speed>1.070</speed><sat>19</sat></trkpt>
  <trkpt lat="33.73802980" lon="-84.41917414"><ele>295.000</ele><time>2025-10-17T14:02:10Z</time><speed>1.080</speed><sat>19</sat></trkpt>
  <trkpt lat="33.73802959" lon="-84.41916031"><ele>295.000</ele><time>2025-10-17T14:02:11Z</time><speed>1.030</speed><sat>17</sat></trkpt>
  <trkpt lat="33.73803027" lon="-84.41914698"><ele>295.000</ele><time>2025-10-17T14:02:12Z</time><speed>0.870</speed><sat>17</sat></trkpt>
  <trkpt lat="33.73803165" lon="-84.41913575"><ele>295.000</ele><time>2025-10-17T14:02:13Z</time><speed>0.620</speed><sat>16</sat></trkpt>
  <trkpt lat="33.73803471" lon="-84.41911890"><ele>295.000</ele><time>2025-10-17T14:02:14Z</time><speed>1.550</speed><sat>17</sat></trkpt>
  <trkpt lat="33.73803475" lon="-84.41909501"><ele>295.000</ele><time>2025-10-17T14:02:15Z</time><speed>2.200</speed><sat>17</sat></trkpt>
  <trkpt lat="33.73803052" lon="-84.41908403"><ele>295.000</ele><time>2025-10-17T14:02:16Z</time><speed>1.320</speed><sat>17</sat></trkpt>
  <trkpt lat="33.73802742" lon="-84.41907833"><ele>295.000</ele><time>2025-10-17T14:02:17Z</time><speed>1.080</speed><sat>17</sat></trkpt>
  <trkpt lat="33.73803634" lon="-84.41906434"><ele>295.000</ele><time>2025-10-17T14:02:18Z</time><speed>0.850</speed><sat>17</sat></trkpt>
  <trkpt lat="33.73804414" lon="-84.41904455"><ele>295.000</ele><time>2025-10-17T14:02:19Z</time><speed>1.430</speed><sat>18</sat></trkpt>
  <trkpt lat="33.73804359" lon="-84.41902544"><ele>295.000</ele><time>2025-10-17T14:02:20Z</time><speed>0.990</speed><sat>18</sat></trkpt>
  <trkpt lat="33.73804954" lon="-84.41900197"><ele>295.000</ele><time>2025-10-17T14:02:21Z</time><speed>2.480</speed><sat>18</sat></trkpt>
  <trkpt lat="33.73804933" lon="-84.41898655"><ele>295.000</ele><time>2025-10-17T14:02:22Z</time><speed>1.110</speed><sat>18</sat></trkpt>
  <trkpt lat="33.73804841" lon="-84.41897507"><ele>295.000</ele><time>2025-10-17T14:02:23Z</time><speed>0.940</speed><sat>18</sat></trkpt>
  <trkpt lat="33.73804690" lon="-84.41895923"><ele>295.000</ele><time>2025-10-17T14:02:24Z</time><speed>1.490</speed><sat>18</sat></trkpt>
  <trkpt lat="33.73804606" lon="-84.41894473"><ele>295.000</ele><time>2025-10-17T14:02:25Z</time><speed>1.190</speed><sat>18</sat></trkpt>
  <trkpt lat="33.73804548" lon="-84.41892897"><ele>295.000</ele><time>2025-10-17T14:02:26Z</time><speed>1.220</speed><sat>18</sat></trkpt>
  <trkpt lat="33.73804753" lon="-84.41891413"><ele>295.000</ele><time>2025-10-17T14:02:27Z</time><speed>1.330</speed><sat>18</sat></trkpt>
  <trkpt lat="33.73804824" lon="-84.41889980"><ele>295.000</ele><time>2025-10-17T14:02:28Z</time><speed>1.320</speed><sat>17</sat></trkpt>
  <trkpt lat="33.73804757" lon="-84.41888387"><ele>295.000</ele><time>2025-10-17T14:02:29Z</time><speed>1.050</speed><sat>18</sat></trkpt>
  <trkpt lat="33.73804611" lon="-84.41886577"><ele>294.000</ele><time>2025-10-17T14:02:30Z</time><speed>1.270</speed><sat>18</sat></trkpt>
  <trkpt lat="33.73804623" lon="-84.41884959"><ele>294.000</ele><time>2025-10-17T14:02:31Z</time><speed>1.590</speed><sat>18</sat></trkpt>
  <trkpt lat="33.73804929" lon="-84.41883115"><ele>295.000</ele><time>2025-10-17T14:02:32Z</time><speed>1.450</speed><sat>19</sat></trkpt>
  <trkpt lat="33.73804820" lon="-84.41881732"><ele>295.000</ele><time>2025-10-17T14:02:33Z</time><speed>1.090</speed><sat>19</sat></trkpt>
  <trkpt lat="33.73804623" lon="-84.41880265"><ele>295.000</ele><time>2025-10-17T14:02:34Z</time><speed>1.410</speed><sat>18</sat></trkpt>
  <trkpt lat="33.73804288" lon="-84.41878656"><ele>295.000</ele><time>2025-10-17T14:02:35Z</time><speed>1.370</speed><sat>19</sat></trkpt>
  <trkpt lat="33.73804087" lon="-84.41877105"><ele>295.000</ele><time>2025-10-17T14:02:36Z</time><speed>1.330</speed><sat>19</sat></trkpt>
  <trkpt lat="33.73803999" lon="-84.41875270"><ele>295.000</ele><time>2025-10-17T14:02:37Z</time><speed>1.710</speed><sat>19</sat></trkpt>
  <trkpt lat="33.73804141" lon="-84.41873451"><ele>295.000</ele><time>2025-10-17T14:02:38Z</time><speed>1.440</speed><sat>19</sat></trkpt>
  <trkpt lat="33.73804443" lon="-84.41871892"><ele>295.000</ele><time>2025-10-17T14:02:39Z</time><speed>1.410</speed><sat>18</sat></trkpt>
  <trkpt lat="33.73804514" lon="-84.41870224"><ele>295.000</ele><time>2025-10-17T14:02:40Z</time><speed>1.430</speed><sat>19</sat></trkpt>
  <trkpt lat="33.73804535" lon="-84.41868673"><ele>294.000</ele><time>2025-10-17T14:02:41Z</time><speed>1.350</speed><sat>19</sat></trkpt>
  <trkpt lat="33.73804552" lon="-84.41867332"><ele>294.000</ele><time>2025-10-17T14:02:42Z</time><speed>1.260</speed><sat>19</sat></trkpt>
  <trkpt lat="33.73804611" lon="-84.41865781"><ele>294.000</ele><time>2025-10-17T14:02:43Z</time><speed>1.420</speed><sat>19</sat></trkpt>
  <trkpt lat="33.73804342" lon="-84.41864206"><ele>294.000</ele><time>2025-10-17T14:02:44Z</time><speed>1.580</speed><sat>19</sat></trkpt>
  <trkpt lat="33.73804263" lon="-84.41862521"><ele>294.000</ele><time>2025-10-17T14:02:45Z</time><speed>1.200</speed><sat>19</sat></trkpt>
  <trkpt lat="33.73804389" lon="-84.41861196"><ele>294.000</ele><time>2025-10-17T14:02:46Z</time><speed>0.970</speed><sat>19</sat></trkpt>
  <trkpt lat="33.73804363" lon="-84.41860065"><ele>294.000</ele><time>2025-10-17T14:02:47Z</time><speed>0.840</speed><sat>19</sat></trkpt>
  <trkpt lat="33.73804904" lon="-84.41858581"><ele>294.000</ele><time>2025-10-17T14:02:48Z</time><speed>1.350</speed><sat>18</sat></trkpt>
  <trkpt lat="33.73805139" lon="-84.41856151"><ele>295.000</ele><time>2025-10-17T14:02:49Z</time><speed>2.730</speed><sat>19</sat></trkpt>
  <trkpt lat="33.73805533" lon="-84.41854105"><ele>295.000</ele><time>2025-10-17T14:02:50Z</time><speed>0.720</speed><sat>17</sat></trkpt>
  <trkpt lat="33.73805881" lon="-84.41852882"><ele>295.000</ele><time>2025-10-17T14:02:51Z</time><speed>1.170</speed><sat>19</sat></trkpt>
  <trkpt lat="33.73806337" lon="-84.41851432"><ele>295.000</ele><time>2025-10-17T14:02:52Z</time><speed>1.070</speed><sat>19</sat></trkpt>
  <trkpt lat="33.73806069" lon="-84.41849881"><ele>295.000</ele><time>2025-10-17T14:02:53Z</time><speed>1.070</speed><sat>18</sat></trkpt>
  <trkpt lat="33.73806023" lon="-84.41848724"><ele>295.000</ele><time>2025-10-17T14:02:54Z</time><speed>1.270</speed><sat>18</sat></trkpt>
  <trkpt lat="33.73805516" lon="-84.41846897"><ele>295.000</ele><time>2025-10-17T14:02:55Z</time><speed>1.380</speed><sat>19</sat></trkpt>
  <trkpt lat="33.73805390" lon="-84.41845749"><ele>295.000</ele><time>2025-10-17T14:02:56Z</time><speed>0.890</speed><sat>19</sat></trkpt>
  <trkpt lat="33.73805558" lon="-84.41844726"><ele>295.000</ele><time>2025-10-17T14:02:57Z</time><speed>0.960</speed><sat>19</sat></trkpt>
  <trkpt lat="33.73805738" lon="-84.41843653"><ele>295.000</ele><time>2025-10-17T14:02:58Z</time><speed>0.910</speed><sat>19</sat></trkpt>
  <trkpt lat="33.73805738" lon="-84.41842128"><ele>295.000</ele><time>2025-10-17T14:02:59Z</time><speed>1.350</speed><sat>19</sat></trkpt>
  <trkpt lat="33.73806036" lon="-84.41840342"><ele>295.000</ele><time>2025-10-17T14:03:00Z</time><speed>1.440</speed><sat>19</sat></trkpt>
  <trkpt lat="33.73805977" lon="-84.41838926"><ele>294.000</ele><time>2025-10-17T14:03:01Z</time><speed>1.100</speed><sat>20</sat></trkpt>
  <trkpt lat="33.73805746" lon="-84.41837534"><ele>294.000</ele><time>2025-10-17T14:03:02Z</time><speed>1.020</speed><sat>19</sat></trkpt>
  <trkpt lat="33.73805772" lon="-84.41836084"><ele>295.000</ele><time>2025-10-17T14:03:03Z</time><speed>1.430</speed><sat>19</sat></trkpt>
  <trkpt lat="33.73805797" lon="-84.41834399"><ele>294.000</ele><time>2025-10-17T14:03:04Z</time><speed>1.020</speed><sat>19</sat></trkpt>
  <trkpt lat="33.73806031" lon="-84.41833159"><ele>294.000</ele><time>2025-10-17T14:03:05Z</time><speed>0.930</speed><sat>20</sat></trkpt>
  <trkpt lat="33.73806115" lon="-84.41831910"><ele>294.000</ele><time>2025-10-17T14:03:06Z</time><speed>1.030</speed><sat>19</sat></trkpt>
  <trkpt lat="33.73806031" lon="-84.41830762"><ele>294.000</ele><time>2025-10-17T14:03:07Z</time><speed>0.950</speed><sat>20</sat></trkpt>
  <trkpt lat="33.73806153" lon="-84.41829370"><ele>294.000</ele><time>2025-10-17T14:03:08Z</time><speed>1.030</speed><sat>19</sat></trkpt>
  <trkpt lat="33.73806279" lon="-84.41827350"><ele>293.000</ele><time>2025-10-17T14:03:09Z</time><speed>2.210</speed><sat>19</sat></trkpt>
  <trkpt lat="33.73806304" lon="-84.41824618"><ele>293.000</ele><time>2025-10-17T14:03:10Z</time><speed>2.110</speed><sat>19</sat></trkpt>
  <trkpt lat="33.73806161" lon="-84.41822849"><ele>293.000</ele><time>2025-10-17T14:03:11Z</time><speed>1.100</speed><sat>20</sat></trkpt>
  <trkpt lat="33.73806115" lon="-84.41821399"><ele>293.000</ele><time>2025-10-17T14:03:12Z</time><speed>1.550</speed><sat>17</sat></trkpt>
  <trkpt lat="33.73806392" lon="-84.41819974"><ele>293.000</ele><time>2025-10-17T14:03:13Z</time><speed>1.010</speed><sat>19</sat></trkpt>
  <trkpt lat="33.73806765" lon="-84.41818616"><ele>293.000</ele><time>2025-10-17T14:03:14Z</time><speed>1.150</speed><sat>19</sat></trkpt>
  <trkpt lat="33.73807611" lon="-84.41817862"><ele>293.000</ele><time>2025-10-17T14:03:15Z</time><speed>1.210</speed><sat>19</sat></trkpt>
  <trkpt lat="33.73807976" lon="-84.41816496"><ele>293.000</ele><time>2025-10-17T14:03:16Z</time><speed>1.480</speed><sat>19</sat></trkpt>
  <trkpt lat="33.73808265" lon="-84.41815247"><ele>293.000</ele><time>2025-10-17T14:03:17Z</time><speed>1.080</speed><sat>19</sat></trkpt>
  <trkpt lat="33.73808378" lon="-84.41814040"><ele>293.000</ele><time>2025-10-17T14:03:18Z</time><speed>1.000</speed><sat>18</sat></trkpt>
  <trkpt lat="33.73808433" lon="-84.41812489"><ele>293.000</ele><time>2025-10-17T14:03:19Z</time><speed>1.550</speed><sat>18</sat></trkpt>
  <trkpt lat="33.73808307" lon="-84.41810754"><ele>293.000</ele><time>2025-10-17T14:03:20Z</time><speed>1.280</speed><sat>18</sat></trkpt>
  <trkpt lat="33.73808056" lon="-84.41809195"><ele>293.000</ele><time>2025-10-17T14:03:21Z</time><speed>1.090</speed><sat>19</sat></trkpt>
  <trkpt lat="33.73807930" lon="-84.41807603"><ele>293.000</ele><time>2025-10-17T14:03:22Z</time><speed>1.190</speed><sat>18</sat></trkpt>
  <trkpt lat="33.73807481" lon="-84.41805960"><ele>293.000</ele><time>2025-10-17T14:03:23Z</time><speed>1.420</speed><sat>15</sat></trkpt>
  <trkpt lat="33.73807737" lon="-84.41804091"><ele>293.000</ele><time>2025-10-17T14:03:24Z</time><speed>1.000</speed><sat>15</sat></trkpt>
  <trkpt lat="33.73807951" lon="-84.41803453"><ele>293.000</ele><time>2025-10-17T14:03:25Z</time><speed>0.750</speed><sat>15</sat></trkpt>
  <trkpt lat="33.73807913" lon="-84.41802347"><ele>292.000</ele><time>2025-10-17T14:03:26Z</time><speed>0.190</speed><sat>15</sat></trkpt>
  <trkpt lat="33.73808081" lon="-84.41800679"><ele>292.000</ele><time>2025-10-17T14:03:27Z</time><speed>1.860</speed><sat>14</sat></trkpt>
  <trkpt lat="33.73808060" lon="-84.41798978"><ele>292.000</ele><time>2025-10-17T14:03:28Z</time><speed>1.610</speed><sat>15</sat></trkpt>
  <trkpt lat="33.73807838" lon="-84.41798332"><ele>293.000</ele><time>2025-10-17T14:03:29Z</time><speed>0.310</speed><sat>13</sat></trkpt>
  <trkpt lat="33.73807762" lon="-84.41798533"><ele>293.000</ele><time>2025-10-17T14:03:30Z</time><speed>0.150</speed><sat>13</sat></trkpt>
  <trkpt lat="33.73807792" lon="-84.41797947"><ele>293.000</ele><time>2025-10-17T14:03:31Z</time><speed>0.380</speed><sat>12</sat></trkpt>
  <trkpt lat="33.73807570" lon="-84.41798232"><ele>292.000</ele><time>2025-10-17T14:03:32Z</time><speed>0.000</speed><sat>12</sat></trkpt>
  <trkpt lat="33.73808085" lon="-84.41798366"><ele>292.000</ele><time>2025-10-17T14:03:33Z</time><speed>0.810</speed><sat>13</sat></trkpt>
  <trkpt lat="33.73808906" lon="-84.41798357"><ele>291.000</ele><time>2025-10-17T14:03:34Z</time><speed>1.070</speed><sat>14</sat></trkpt>
  <trkpt lat="33.73809866" lon="-84.41797561"><ele>290.000</ele><time>2025-10-17T14:03:35Z</time><speed>1.550</speed><sat>13</sat></trkpt>
  <trkpt lat="33.73809870" lon="-84.41795575"><ele>290.000</ele><time>2025-10-17T14:03:36Z</time><speed>2.220</speed><sat>13</sat></trkpt>
  <trkpt lat="33.73810214" lon="-84.41793965"><ele>290.000</ele><time>2025-10-17T14:03:37Z</time><speed>1.340</speed><sat>13</sat></trkpt>
  <trkpt lat="33.73810319" lon="-84.41792758"><ele>290.000</ele><time>2025-10-17T14:03:38Z</time><speed>1.210</speed><sat>12</sat></trkpt>
  <trkpt lat="33.73810507" lon="-84.41791199"><ele>290.000</ele><time>2025-10-17T14:03:39Z</time><speed>1.030</speed><sat>14</sat></trkpt>
  <trkpt lat="33.73810239" lon="-84.41790177"><ele>290.000</ele><time>2025-10-17T14:03:40Z</time><speed>0.490</speed><sat>16</sat></trkpt>
  <trkpt lat="33.73810084" lon="-84.41789422"><ele>291.000</ele><time>2025-10-17T14:03:41Z</time><speed>0.530</speed><sat>15</sat></trkpt>
  <trkpt lat="33.73810000" lon="-84.41788190"><ele>291.000</ele><time>2025-10-17T14:03:42Z</time><speed>0.780</speed><sat>16</sat></trkpt>
  <trkpt lat="33.73809988" lon="-84.41786966"><ele>291.000</ele><time>2025-10-17T14:03:43Z</time><speed>0.470</speed><sat>16</sat></trkpt>
  <trkpt lat="33.73809736" lon="-84.41786354"><ele>291.000</ele><time>2025-10-17T14:03:44Z</time><speed>0.150</speed><sat>15</sat></trkpt>
  <trkpt lat="33.73809066" lon="-84.41785860"><ele>290.000</ele><time>2025-10-17T14:03:45Z</time><speed>0.270</speed><sat>16</sat></trkpt>
  <trkpt lat="33.73808906" lon="-84.41785114"><ele>290.000</ele><time>2025-10-17T14:03:46Z</time><speed>0.000</speed><sat>16</sat></trkpt>
  <trkpt lat="33.73808906" lon="-84.41785114"><ele>290.000</ele><time>2025-10-17T14:03:47Z</time><speed>0.000</speed><sat>16</sat></trkpt>
  <trkpt lat="33.73809196" lon="-84.41785315"><ele>290.000</ele><time>2025-10-17T14:03:48Z</time><speed>1.390</speed><sat>14</sat></trkpt>
  <trkpt lat="33.73809782" lon="-84.41785793"><ele>289.000</ele><time>2025-10-17T14:03:49Z</time><speed>0.920</speed><sat>16</sat></trkpt>
  <trkpt lat="33.73810000" lon="-84.41786346"><ele>289.000</ele><time>2025-10-17T14:03:50Z</time><speed>1.120</speed><sat>15</sat></trkpt>
  <trkpt lat="33.73809724" lon="-84.41786380"><ele>289.000</ele><time>2025-10-17T14:03:51Z</time><speed>0.300</speed><sat>16</sat></trkpt>
  <trkpt lat="33.73809154" lon="-84.41785256"><ele>289.000</ele><time>2025-10-17T14:03:52Z</time><speed>0.320</speed><sat>17</sat></trkpt>
  <trkpt lat="33.73808584" lon="-84.41784519"><ele>289.000</ele><time>2025-10-17T14:03:53Z</time><speed>0.260</speed><sat>16</sat></trkpt>
  <trkpt lat="33.73808374" lon="-84.41784150"><ele>288.000</ele><time>2025-10-17T14:03:54Z</time><speed>0.260</speed><sat>18</sat></trkpt>
  <trkpt lat="33.73809296" lon="-84.41784024"><ele>289.000</ele><time>2025-10-17T14:03:55Z</time><speed>1.240</speed><sat>18</sat></trkpt>
  <trkpt lat="33.73809795" lon="-84.41784066"><ele>289.000</ele><time>2025-10-17T14:03:56Z</time><speed>0.160</speed><sat>15</sat></trkpt>
  <trkpt lat="33.73809682" lon="-84.41783957"><ele>289.000</ele><time>2025-10-17T14:03:57Z</time><speed>0.240</speed><sat>17</sat></trkpt>
  <trkpt lat="33.73809967" lon="-84.41783899"><ele>290.000</ele><time>2025-10-17T14:03:58Z</time><speed>0.490</speed><sat>17</sat></trkpt>
  <trkpt lat="33.73809581" lon="-84.41783421"><ele>290.000</ele><time>2025-10-17T14:03:59Z</time><speed>0.560</speed><sat>17</sat></trkpt>
  <trkpt lat="33.73809468" lon="-84.41782951"><ele>290.000</ele><time>2025-10-17T14:04:00Z</time><speed>0.210</speed><sat>17</sat></trkpt>
  <trkpt lat="33.73809426" lon="-84.41782834"><ele>291.000</ele><time>2025-10-17T14:04:01Z</time><speed>0.140</speed><sat>18</sat></trkpt>
  <trkpt lat="33.73808923" lon="-84.41782574"><ele>291.000</ele><time>2025-10-17T14:04:02Z</time><speed>0.170</speed><sat>17</sat></trkpt>
  <trkpt lat="33.73808600" lon="-84.41782708"><ele>291.000</ele><time>2025-10-17T14:04:03Z</time><speed>0.670</speed><sat>19</sat></trkpt>
  <trkpt lat="33.73807787" lon="-84.41782985"><ele>292.000</ele><time>2025-10-17T14:04:04Z</time><speed>1.220</speed><sat>19</sat></trkpt>
  <trkpt lat="33.73806358" lon="-84.41783127"><ele>292.000</ele><time>2025-10-17T14:04:05Z</time><speed>1.640</speed><sat>19</sat></trkpt>
  <trkpt lat="33.73804979" lon="-84.41783454"><ele>291.000</ele><time>2025-10-17T14:04:06Z</time><speed>1.340</speed><sat>18</sat></trkpt>
  <trkpt lat="33.73803802" lon="-84.41783681"><ele>291.000</ele><time>2025-10-17T14:04:07Z</time><speed>1.210</speed><sat>19</sat></trkpt>
  <trkpt lat="33.73802603" lon="-84.41783798"><ele>291.000</ele><time>2025-10-17T14:04:08Z</time><speed>1.250</speed><sat>18</sat></trkpt>
  <trkpt lat="33.73801053" lon="-84.41783739"><ele>291.000</ele><time>2025-10-17T14:04:09Z</time><speed>1.620</speed><sat>18</sat></trkpt>
  <trkpt lat="33.73799531" lon="-84.41783848"><ele>291.000</ele><time>2025-10-17T14:04:10Z</time><speed>0.970</speed><sat>18</sat></trkpt>
  <trkpt lat="33.73798324" lon="-84.41783915"><ele>291.000</ele><time>2025-10-17T14:04:11Z</time><speed>1.080</speed><sat>18</sat></trkpt>
  <trkpt lat="33.73797251" lon="-84.41783605"><ele>292.000</ele><time>2025-10-17T14:04:12Z</time><speed>1.320</speed><sat>17</sat></trkpt>
  <trkpt lat="33.73795873" lon="-84.41783907"><ele>292.000</ele><time>2025-10-17T14:04:13Z</time><speed>1.210</speed><sat>19</sat></trkpt>
  <trkpt lat="33.73794586" lon="-84.41783966"><ele>292.000</ele><time>2025-10-17T14:04:14Z</time><speed>1.300</speed><sat>18</sat></trkpt>
  <trkpt lat="33.73793295" lon="-84.41784217"><ele>292.000</ele><time>2025-10-17T14:04:15Z</time><speed>1.080</speed><sat>19</sat></trkpt>
  <trkpt lat="33.73792625" lon="-84.41784603"><ele>293.000</ele><time>2025-10-17T14:04:16Z</time><speed>0.150</speed><sat>20</sat></trkpt>
  <trkpt lat="33.73792293" lon="-84.41785634"><ele>293.000</ele><time>2025-10-17T14:04:17Z</time><speed>1.520</speed><sat>19</sat></trkpt>
  <trkpt lat="33.73791895" lon="-84.41787134"><ele>293.000</ele><time>2025-10-17T14:04:18Z</time><speed>1.290</speed><sat>19</sat></trkpt>
  <trkpt lat="33.73791476" lon="-84.41787880"><ele>293.000</ele><time>2025-10-17T14:04:19Z</time><speed>0.580</speed><sat>18</sat></trkpt>
  <trkpt lat="33.73791317" lon="-84.41788651"><ele>293.000</ele><time>2025-10-17T14:04:20Z</time><speed>0.710</speed><sat>14</sat></trkpt>
  <trkpt lat="33.73791615" lon="-84.41789917"><ele>293.000</ele><time>2025-10-17T14:04:21Z</time><speed>1.220</speed><sat>13</sat></trkpt>
  <trkpt lat="33.73791837" lon="-84.41791694"><ele>293.000</ele><time>2025-10-17T14:04:22Z</time><speed>1.530</speed><sat>14</sat></trkpt>
  <trkpt lat="33.73791916" lon="-84.41793236"><ele>293.000</ele><time>2025-10-17T14:04:23Z</time><speed>1.080</speed><sat>16</sat></trkpt>
  <trkpt lat="33.73792050" lon="-84.41794644"><ele>293.000</ele><time>2025-10-17T14:04:24Z</time><speed>1.260</speed><sat>14</sat></trkpt>
  <trkpt lat="33.73792252" lon="-84.41796547"><ele>293.000</ele><time>2025-10-17T14:04:25Z</time><speed>1.570</speed><sat>13</sat></trkpt>
  <trkpt lat="33.73792071" lon="-84.41798341"><ele>293.000</ele><time>2025-10-17T14:04:26Z</time><speed>1.680</speed><sat>15</sat></trkpt>
  <trkpt lat="33.73792218" lon="-84.41800352"><ele>293.000</ele><time>2025-10-17T14:04:27Z</time><speed>1.610</speed><sat>16</sat></trkpt>
  <trkpt lat="33.73791904" lon="-84.41802112"><ele>293.000</ele><time>2025-10-17T14:04:28Z</time><speed>1.720</speed><sat>16</sat></trkpt>
  <trkpt lat="33.73791841" lon="-84.41803504"><ele>293.000</ele><time>2025-10-17T14:04:29Z</time><speed>0.610</speed><sat>16</sat></trkpt>
  <trkpt lat="33.73791296" lon="-84.41804711"><ele>293.000</ele><time>2025-10-17T14:04:30Z</time><speed>1.050</speed><sat>16</sat></trkpt>
  <trkpt lat="33.73791036" lon="-84.41805901"><ele>294.000</ele><time>2025-10-17T14:04:31Z</time><speed>0.830</speed><sat>16</sat></trkpt>
  <trkpt lat="33.73790856" lon="-84.41807510"><ele>294.000</ele><time>2025-10-17T14:04:32Z</time><speed>1.030</speed><sat>16</sat></trkpt>
  <trkpt lat="33.73790877" lon="-84.41809078"><ele>294.000</ele><time>2025-10-17T14:04:33Z</time><speed>1.270</speed><sat>18</sat></trkpt>
  <trkpt lat="33.73790843" lon="-84.41810394"><ele>294.000</ele><time>2025-10-17T14:04:34Z</time><speed>0.850</speed><sat>16</sat></trkpt>
  <trkpt lat="33.73790399" lon="-84.41811886"><ele>294.000</ele><time>2025-10-17T14:04:35Z</time><speed>1.240</speed><sat>17</sat></trkpt>
  <trkpt lat="33.73790420" lon="-84.41813327"><ele>294.000</ele><time>2025-10-17T14:04:36Z</time><speed>0.930</speed><sat>16</sat></trkpt>
  <trkpt lat="33.73790877" lon="-84.41814878"><ele>294.000</ele><time>2025-10-17T14:04:37Z</time><speed>1.220</speed><sat>18</sat></trkpt>
  <trkpt lat="33.73790923" lon="-84.41816479"><ele>293.000</ele><time>2025-10-17T14:04:38Z</time><speed>1.110</speed><sat>17</sat></trkpt>
  <trkpt lat="33.73791174" lon="-84.41817946"><ele>293.000</ele><time>2025-10-17T14:04:39Z</time><speed>1.160</speed><sat>17</sat></trkpt>
  <trkpt lat="33.73791288" lon="-84.41819371"><ele>293.000</ele><time>2025-10-17T14:04:40Z</time><speed>0.950</speed><sat>17</sat></trkpt>
  <trkpt lat="33.73791539" lon="-84.41820804"><ele>293.000</ele><time>2025-10-17T14:04:41Z</time><speed>1.510</speed><sat>15</sat></trkpt>
  <trkpt lat="33.73791485" lon="-84.41822313"><ele>293.000</ele><time>2025-10-17T14:04:42Z</time><speed>1.100</speed><sat>17</sat></trkpt>
  <trkpt lat="33.73790982" lon="-84.41823478"><ele>292.000</ele><time>2025-10-17T14:04:43Z</time><speed>0.450</speed><sat>15</sat></trkpt>
  <trkpt lat="33.73790102" lon="-84.41824358"><ele>292.000</ele><time>2025-10-17T14:04:44Z</time><speed>1.220</speed><sat>16</sat></trkpt>
  <trkpt lat="33.73789263" lon="-84.41827174"><ele>293.000</ele><time>2025-10-17T14:04:45Z</time><speed>1.230</speed><sat>17</sat></trkpt>
  <trkpt lat="33.73789159" lon="-84.41828725"><ele>293.000</ele><time>2025-10-17T14:04:46Z</time><speed>1.220</speed><sat>14</sat></trkpt>
  <trkpt lat="33.73789029" lon="-84.41830837"><ele>293.000</ele><time>2025-10-17T14:04:47Z</time><speed>1.710</speed><sat>19</sat></trkpt>
  <trkpt lat="33.73788765" lon="-84.41833125"><ele>293.000</ele><time>2025-10-17T14:04:48Z</time><speed>1.620</speed><sat>17</sat></trkpt>
  <trkpt lat="33.73789083" lon="-84.41834743"><ele>293.000</ele><time>2025-10-17T14:04:49Z</time><speed>1.230</speed><sat>15</sat></trkpt>
  <trkpt lat="33.73789926" lon="-84.41836336"><ele>293.000</ele><time>2025-10-17T14:04:50Z</time><speed>1.850</speed><sat>17</sat></trkpt>
  <trkpt lat="33.73790563" lon="-84.41837627"><ele>293.000</ele><time>2025-10-17T14:04:51Z</time><speed>1.540</speed><sat>16</sat></trkpt>
  <trkpt lat="33.73790910" lon="-84.41838859"><ele>293.000</ele><time>2025-10-17T14:04:52Z</time><speed>1.110</speed><sat>17</sat></trkpt>
  <trkpt lat="33.73790793" lon="-84.41839906"><ele>294.000</ele><time>2025-10-17T14:04:53Z</time><speed>0.570</speed><sat>19</sat></trkpt>
  <trkpt lat="33.73790672" lon="-84.41840602"><ele>293.000</ele><time>2025-10-17T14:04:54Z</time><speed>0.360</speed><sat>19</sat></trkpt>
  <trkpt lat="33.73790517" lon="-84.41841792"><ele>294.000</ele><time>2025-10-17T14:04:55Z</time><speed>0.570</speed><sat>18</sat></trkpt>
  <trkpt lat="33.73790525" lon="-84.41843050"><ele>294.000</ele><time>2025-10-17T14:04:56Z</time><speed>0.000</speed><sat>20</sat></trkpt>
  <trkpt lat="33.73790441" lon="-84.41844340"><ele>294.000</ele><time>2025-10-17T14:04:57Z</time><speed>0.800</speed><sat>18</sat></trkpt>
  <trkpt lat="33.73790139" lon="-84.41845916"><ele>294.000</ele><time>2025-10-17T14:04:58Z</time><speed>1.120</speed><sat>18</sat></trkpt>
  <trkpt lat="33.73789947" lon="-84.41847685"><ele>294.000</ele><time>2025-10-17T14:04:59Z</time><speed>1.320</speed><sat>19</sat></trkpt>
  <trkpt lat="33.73790240" lon="-84.41848758"><ele>294.000</ele><time>2025-10-17T14:05:00Z</time><speed>0.700</speed><sat>18</sat></trkpt>
  <trkpt lat="33.73790081" lon="-84.41850887"><ele>294.000</ele><time>2025-10-17T14:05:01Z</time><speed>1.580</speed><sat>16</sat></trkpt>
  <trkpt lat="33.73789745" lon="-84.41852538"><ele>294.000</ele><time>2025-10-17T14:05:02Z</time><speed>1.340</speed><sat>18</sat></trkpt>
  <trkpt lat="33.73789553" lon="-84.41854340"><ele>294.000</ele><time>2025-10-17T14:05:03Z</time><speed>1.230</speed><sat>16</sat></trkpt>
  <trkpt lat="33.73789435" lon="-84.41855614"><ele>294.000</ele><time>2025-10-17T14:05:04Z</time><speed>1.220</speed><sat>19</sat></trkpt>
  <trkpt lat="33.73789251" lon="-84.41857349"><ele>293.000</ele><time>2025-10-17T14:05:05Z</time><speed>1.530</speed><sat>16</sat></trkpt>
  <trkpt lat="33.73789129" lon="-84.41859009"><ele>293.000</ele><time>2025-10-17T14:05:06Z</time><speed>1.410</speed><sat>16</sat></trkpt>
  <trkpt lat="33.73788337" lon="-84.41860618"><ele>293.000</ele><time>2025-10-17T14:05:07Z</time><speed>1.260</speed><sat>16</sat></trkpt>
  <trkpt lat="33.73787780" lon="-84.41862185"><ele>294.000</ele><time>2025-10-17T14:05:08Z</time><speed>1.220</speed><sat>15</sat></trkpt>
  <trkpt lat="33.73787067" lon="-84.41863686"><ele>293.000</ele><time>2025-10-17T14:05:09Z</time><speed>1.170</speed><sat>15</sat></trkpt>
  <trkpt lat="33.73786942" lon="-84.41864952"><ele>294.000</ele><time>2025-10-17T14:05:10Z</time><speed>1.250</speed><sat>14</sat></trkpt>
  <trkpt lat="33.73786925" lon="-84.41866318"><ele>294.000</ele><time>2025-10-17T14:05:11Z</time><speed>0.820</speed><sat>14</sat></trkpt>
  <trkpt lat="33.73786887" lon="-84.41867466"><ele>294.000</ele><time>2025-10-17T14:05:12Z</time><speed>0.950</speed><sat>14</sat></trkpt>
  <trkpt lat="33.73787319" lon="-84.41868757"><ele>294.000</ele><time>2025-10-17T14:05:13Z</time><speed>1.080</speed><sat>16</sat></trkpt>
  <trkpt lat="33.73787562" lon="-84.41870391"><ele>294.000</ele><time>2025-10-17T14:05:14Z</time><speed>1.260</speed><sat>17</sat></trkpt>
  <trkpt lat="33.73787210" lon="-84.41871800"><ele>294.000</ele><time>2025-10-17T14:05:15Z</time><speed>0.740</speed><sat>16</sat></trkpt>
  <trkpt lat="33.73787277" lon="-84.41873484"><ele>294.000</ele><time>2025-10-17T14:05:16Z</time><speed>1.340</speed><sat>16</sat></trkpt>
  <trkpt lat="33.73787168" lon="-84.41875823"><ele>294.000</ele><time>2025-10-17T14:05:17Z</time><speed>2.270</speed><sat>15</sat></trkpt>
  <trkpt lat="33.73786372" lon="-84.41877809"><ele>294.000</ele><time>2025-10-17T14:05:18Z</time><speed>1.320</speed><sat>15</sat></trkpt>
  <trkpt lat="33.73786464" lon="-84.41879452"><ele>294.000</ele><time>2025-10-17T14:05:19Z</time><speed>1.360</speed><sat>17</sat></trkpt>
  <trkpt lat="33.73786531" lon="-84.41881129"><ele>294.000</ele><time>2025-10-17T14:05:20Z</time><speed>1.130</speed><sat>16</sat></trkpt>
  <trkpt lat="33.73786787" lon="-84.41882537"><ele>294.000</ele><time>2025-10-17T14:05:21Z</time><speed>0.980</speed><sat>15</sat></trkpt>
  <trkpt lat="33.73786753" lon="-84.41883811"><ele>294.000</ele><time>2025-10-17T14:05:22Z</time><speed>1.060</speed><sat>16</sat></trkpt>
  <trkpt lat="33.73785839" lon="-84.41885018"><ele>294.000</ele><time>2025-10-17T14:05:23Z</time><speed>1.570</speed><sat>16</sat></trkpt>
  <trkpt lat="33.73785282" lon="-84.41886719"><ele>294.000</ele><time>2025-10-17T14:05:24Z</time><speed>1.500</speed><sat>16</sat></trkpt>
  <trkpt lat="33.73784335" lon="-84.41888656"><ele>294.000</ele><time>2025-10-17T14:05:25Z</time><speed>1.480</speed><sat>16</sat></trkpt>
  <trkpt lat="33.73784431" lon="-84.41890508"><ele>294.000</ele><time>2025-10-17T14:05:26Z</time><speed>1.690</speed><sat>15</sat></trkpt>
  <trkpt lat="33.73785001" lon="-84.41892520"><ele>295.000</ele><time>2025-10-17T14:05:27Z</time><speed>1.740</speed><sat>14</sat></trkpt>
  <trkpt lat="33.73785148" lon="-84.41893877"><ele>295.000</ele><time>2025-10-17T14:05:28Z</time><speed>1.170</speed><sat>16</sat></trkpt>
  <trkpt lat="33.73784922" lon="-84.41895068"><ele>295.000</ele><time>2025-10-17T14:05:29Z</time><speed>1.230</speed><sat>16</sat></trkpt>
  <trkpt lat="33.73784926" lon="-84.41896602"><ele>295.000</ele><time>2025-10-17T14:05:30Z</time><speed>1.360</speed><sat>16</sat></trkpt>
  <trkpt lat="33.73785093" lon="-84.41898161"><ele>295.000</ele><time>2025-10-17T14:05:31Z</time><speed>1.210</speed><sat>17</sat></trkpt>
  <trkpt lat="33.73785500" lon="-84.41899929"><ele>295.000</ele><time>2025-10-17T14:05:32Z</time><speed>1.360</speed><sat>18</sat></trkpt>
  <trkpt lat="33.73786057" lon="-84.41901723"><ele>295.000</ele><time>2025-10-17T14:05:33Z</time><speed>1.050</speed><sat>17</sat></trkpt>
  <trkpt lat="33.73786493" lon="-84.41903248"><ele>296.000</ele><time>2025-10-17T14:05:34Z</time><speed>1.040</speed><sat>17</sat></trkpt>
  <trkpt lat="33.73786766" lon="-84.41904564"><ele>295.000</ele><time>2025-10-17T14:05:35Z</time><speed>1.060</speed><sat>18</sat></trkpt>
  <trkpt lat="33.73787080" lon="-84.41905922"><ele>296.000</ele><time>2025-10-17T14:05:36Z</time><speed>1.330</speed><sat>18</sat></trkpt>
  <trkpt lat="33.73787327" lon="-84.41907180"><ele>295.000</ele><time>2025-10-17T14:05:37Z</time><speed>1.010</speed><sat>15</sat></trkpt>
  <trkpt lat="33.73787520" lon="-84.41908093"><ele>295.000</ele><time>2025-10-17T14:05:38Z</time><speed>0.790</speed><sat>16</sat></trkpt>
  <trkpt lat="33.73787541" lon="-84.41909401"><ele>295.000</ele><time>2025-10-17T14:05:39Z</time><speed>1.110</speed><sat>17</sat></trkpt>
  <trkpt lat="33.73787503" lon="-84.41910692"><ele>295.000</ele><time>2025-10-17T14:05:40Z</time><speed>1.010</speed><sat>16</sat></trkpt>
  <trkpt lat="33.73787436" lon="-84.41912326"><ele>295.000</ele><time>2025-10-17T14:05:41Z</time><speed>1.270</speed><sat>14</sat></trkpt>
  <trkpt lat="33.73787562" lon="-84.41914740"><ele>294.000</ele><time>2025-10-17T14:05:42Z</time><speed>1.970</speed><sat>15</sat></trkpt>
  <trkpt lat="33.73788010" lon="-84.41916601"><ele>294.000</ele><time>2025-10-17T14:05:43Z</time><speed>1.490</speed><sat>15</sat></trkpt>
  <trkpt lat="33.73788220" lon="-84.41918604"><ele>294.000</ele><time>2025-10-17T14:05:44Z</time><speed>2.060</speed><sat>15</sat></trkpt>
  <trkpt lat="33.73788790" lon="-84.41921026"><ele>295.000</ele><time>2025-10-17T14:05:45Z</time><speed>3.760</speed><sat>15</sat></trkpt>
  <trkpt lat="33.73788714" lon="-84.41922686"><ele>295.000</ele><time>2025-10-17T14:05:46Z</time><speed>0.750</speed><sat>15</sat></trkpt>
  <trkpt lat="33.73788350" lon="-84.41923214"><ele>295.000</ele><time>2025-10-17T14:05:47Z</time><speed>0.510</speed><sat>15</sat></trkpt>
  <trkpt lat="33.73787889" lon="-84.41923717"><ele>295.000</ele><time>2025-10-17T14:05:48Z</time><speed>1.140</speed><sat>15</sat></trkpt>
  <trkpt lat="33.73787377" lon="-84.41924689"><ele>295.000</ele><time>2025-10-17T14:05:49Z</time><speed>1.040</speed><sat>15</sat></trkpt>
  <trkpt lat="33.73786460" lon="-84.41925662"><ele>294.000</ele><time>2025-10-17T14:05:50Z</time><speed>1.050</speed><sat>15</sat></trkpt>
  <trkpt lat="33.73785936" lon="-84.41929115"><ele>294.000</ele><time>2025-10-17T14:05:51Z</time><speed>2.980</speed><sat>14</sat></trkpt>
  <trkpt lat="33.73785860" lon="-84.41930548"><ele>294.000</ele><time>2025-10-17T14:05:52Z</time><speed>1.150</speed><sat>16</sat></trkpt>
  <trkpt lat="33.73786221" lon="-84.41931638"><ele>294.000</ele><time>2025-10-17T14:05:53Z</time><speed>1.090</speed><sat>18</sat></trkpt>
  <trkpt lat="33.73786275" lon="-84.41932753"><ele>294.000</ele><time>2025-10-17T14:05:54Z</time><speed>1.110</speed><sat>17</sat></trkpt>
  <trkpt lat="33.73786435" lon="-84.41934035"><ele>294.000</ele><time>2025-10-17T14:05:55Z</time><speed>1.020</speed><sat>17</sat></trkpt>
  <trkpt lat="33.73786669" lon="-84.41935385"><ele>294.000</ele><time>2025-10-17T14:05:56Z</time><speed>0.970</speed><sat>18</sat></trkpt>
  <trkpt lat="33.73786896" lon="-84.41936525"><ele>294.000</ele><time>2025-10-17T14:05:57Z</time><speed>0.990</speed><sat>18</sat></trkpt>
  <trkpt lat="33.73787067" lon="-84.41937773"><ele>294.000</ele><time>2025-10-17T14:05:58Z</time><speed>1.070</speed><sat>19</sat></trkpt>
  <trkpt lat="33.73786724" lon="-84.41939182"><ele>294.000</ele><time>2025-10-17T14:05:59Z</time><speed>1.500</speed><sat>18</sat></trkpt>
  <trkpt lat="33.73786120" lon="-84.41940112"><ele>294.000</ele><time>2025-10-17T14:06:00Z</time><speed>0.890</speed><sat>15</sat></trkpt>
  <trkpt lat="33.73785244" lon="-84.41942132"><ele>294.000</ele><time>2025-10-17T14:06:01Z</time><speed>2.290</speed><sat>18</sat></trkpt>
  <trkpt lat="33.73784632" lon="-84.41943783"><ele>294.000</ele><time>2025-10-17T14:06:02Z</time><speed>1.680</speed><sat>16</sat></trkpt>
  <trkpt lat="33.73784582" lon="-84.41945049"><ele>293.000</ele><time>2025-10-17T14:06:03Z</time><speed>0.530</speed><sat>18</sat></trkpt>
  <trkpt lat="33.73784658" lon="-84.41945854"><ele>293.000</ele><time>2025-10-17T14:06:04Z</time><speed>0.420</speed><sat>16</sat></trkpt>
  <trkpt lat="33.73785198" lon="-84.41947010"><ele>293.000</ele><time>2025-10-17T14:06:05Z</time><speed>1.030</speed><sat>18</sat></trkpt>
  <trkpt lat="33.73785098" lon="-84.41948796"><ele>292.000</ele><time>2025-10-17T14:06:06Z</time><speed>0.480</speed><sat>18</sat></trkpt>
  <trkpt lat="33.73785848" lon="-84.41950095"><ele>292.000</ele><time>2025-10-17T14:06:07Z</time><speed>1.030</speed><sat>17</sat></trkpt>
  <trkpt lat="33.73786556" lon="-84.41951369"><ele>293.000</ele><time>2025-10-17T14:06:08Z</time><speed>1.000</speed><sat>17</sat></trkpt>
  <trkpt lat="33.73787331" lon="-84.41952718"><ele>293.000</ele><time>2025-10-17T14:06:09Z</time><speed>0.700</speed><sat>16</sat></trkpt>
  <trkpt lat="33.73787574" lon="-84.41954110"><ele>293.000</ele><time>2025-10-17T14:06:10Z</time><speed>0.650</speed><sat>16</sat></trkpt>
  <trkpt lat="33.73788023" lon="-84.41955803"><ele>293.000</ele><time>2025-10-17T14:06:11Z</time><speed>1.100</speed><sat>17</sat></trkpt>
  <trkpt lat="33.73788274" lon="-84.41957664"><ele>294.000</ele><time>2025-10-17T14:06:12Z</time><speed>0.830</speed><sat>17</sat></trkpt>
  <trkpt lat="33.73787977" lon="-84.41959198"><ele>294.000</ele><time>2025-10-17T14:06:13Z</time><speed>1.090</speed><sat>17</sat></trkpt>
  <trkpt lat="33.73787864" lon="-84.41961226"><ele>294.000</ele><time>2025-10-17T14:06:14Z</time><speed>0.840</speed><sat>16</sat></trkpt>
  <trkpt lat="33.73787767" lon="-84.41963196"><ele>294.000</ele><time>2025-10-17T14:06:15Z</time><speed>1.680</speed><sat>17</sat></trkpt>
  <trkpt lat="33.73787906" lon="-84.41965174"><ele>294.000</ele><time>2025-10-17T14:06:16Z</time><speed>1.130</speed><sat>16</sat></trkpt>
  <trkpt lat="33.73788107" lon="-84.41966867"><ele>294.000</ele><time>2025-10-17T14:06:17Z</time><speed>1.250</speed><sat>17</sat></trkpt>
  <trkpt lat="33.73787943" lon="-84.41968309"><ele>294.000</ele><time>2025-10-17T14:06:18Z</time><speed>1.080</speed><sat>18</sat></trkpt>
  <trkpt lat="33.73787725" lon="-84.41969558"><ele>295.000</ele><time>2025-10-17T14:06:19Z</time><speed>0.810</speed><sat>15</sat></trkpt>
  <trkpt lat="33.73787436" lon="-84.41970723"><ele>294.000</ele><time>2025-10-17T14:06:20Z</time><speed>1.090</speed><sat>18</sat></trkpt>
  <trkpt lat="33.73787449" lon="-84.41972357"><ele>295.000</ele><time>2025-10-17T14:06:21Z</time><speed>1.230</speed><sat>17</sat></trkpt>
  <trkpt lat="33.73787478" lon="-84.41973682"><ele>295.000</ele><time>2025-10-17T14:06:22Z</time><speed>0.580</speed><sat>17</sat></trkpt>
  <trkpt lat="33.73787838" lon="-84.41974930"><ele>295.000</ele><time>2025-10-17T14:06:23Z</time><speed>0.830</speed><sat>17</sat></trkpt>
  <trkpt lat="33.73788727" lon="-84.41976163"><ele>295.000</ele><time>2025-10-17T14:06:24Z</time><speed>1.370</speed><sat>17</sat></trkpt>
  <trkpt lat="33.73789213" lon="-84.41978199"><ele>294.000</ele><time>2025-10-17T14:06:25Z</time><speed>1.630</speed><sat>17</sat></trkpt>
  <trkpt lat="33.73789796" lon="-84.41979658"><ele>294.000</ele><time>2025-10-17T14:06:26Z</time><speed>1.430</speed><sat>16</sat></trkpt>
  <trkpt lat="33.73789377" lon="-84.41981452"><ele>294.000</ele><time>2025-10-17T14:06:27Z</time><speed>1.440</speed><sat>17</sat></trkpt>
  <trkpt lat="33.73788832" lon="-84.41982944"><ele>294.000</ele><time>2025-10-17T14:06:28Z</time><speed>1.000</speed><sat>17</sat></trkpt>
  <trkpt lat="33.73788702" lon="-84.41984536"><ele>294.000</ele><time>2025-10-17T14:06:29Z</time><speed>1.580</speed><sat>17</sat></trkpt>
  <trkpt lat="33.73788890" lon="-84.41986288"><ele>294.000</ele><time>2025-10-17T14:06:30Z</time><speed>1.400</speed><sat>17</sat></trkpt>
  <trkpt lat="33.73788962" lon="-84.41987487"><ele>294.000</ele><time>2025-10-17T14:06:31Z</time><speed>1.040</speed><sat>18</sat></trkpt>
  <trkpt lat="33.73789121" lon="-84.41988870"><ele>293.000</ele><time>2025-10-17T14:06:32Z</time><speed>1.280</speed><sat>17</sat></trkpt>
  <trkpt lat="33.73789096" lon="-84.41990512"><ele>293.000</ele><time>2025-10-17T14:06:33Z</time><speed>1.520</speed><sat>18</sat></trkpt>
  <trkpt lat="33.73789201" lon="-84.41992080"><ele>293.000</ele><time>2025-10-17T14:06:34Z</time><speed>1.300</speed><sat>18</sat></trkpt>
  <trkpt lat="33.73789372" lon="-84.41993530"><ele>293.000</ele><time>2025-10-17T14:06:35Z</time><speed>1.010</speed><sat>17</sat></trkpt>
  <trkpt lat="33.73789498" lon="-84.41994695"><ele>293.000</ele><time>2025-10-17T14:06:36Z</time><speed>1.070</speed><sat>17</sat></trkpt>
  <trkpt lat="33.73789586" lon="-84.41995416"><ele>293.000</ele><time>2025-10-17T14:06:37Z</time><speed>0.640</speed><sat>16</sat></trkpt>
  <trkpt lat="33.73789683" lon="-84.41996816"><ele>293.000</ele><time>2025-10-17T14:06:38Z</time><speed>1.350</speed><sat>17</sat></trkpt>
  <trkpt lat="33.73789641" lon="-84.41998660"><ele>293.000</ele><time>2025-10-17T14:06:39Z</time><speed>1.530</speed><sat>16</sat></trkpt>
  <trkpt lat="33.73789938" lon="-84.42000034"><ele>293.000</ele><time>2025-10-17T14:06:40Z</time><speed>1.020</speed><sat>15</sat></trkpt>
  <trkpt lat="33.73790378" lon="-84.42001141"><ele>293.000</ele><time>2025-10-17T14:06:41Z</time><speed>0.940</speed><sat>14</sat></trkpt>
  <trkpt lat="33.73790542" lon="-84.42002348"><ele>293.000</ele><time>2025-10-17T14:06:42Z</time><speed>0.920</speed><sat>15</sat></trkpt>
  <trkpt lat="33.73790257" lon="-84.42003555"><ele>293.000</ele><time>2025-10-17T14:06:43Z</time><speed>0.870</speed><sat>15</sat></trkpt>
  <trkpt lat="33.73789791" lon="-84.42004737"><ele>293.000</ele><time>2025-10-17T14:06:44Z</time><speed>0.990</speed><sat>17</sat></trkpt>
  <trkpt lat="33.73788949" lon="-84.42006011"><ele>293.000</ele><time>2025-10-17T14:06:45Z</time><speed>1.310</speed><sat>15</sat></trkpt>
  <trkpt lat="33.73788040" lon="-84.42007285"><ele>293.000</ele><time>2025-10-17T14:06:46Z</time><speed>1.250</speed><sat>15</sat></trkpt>
  <trkpt lat="33.73787604" lon="-84.42008751"><ele>293.000</ele><time>2025-10-17T14:06:47Z</time><speed>1.290</speed><sat>15</sat></trkpt>
  <trkpt lat="33.73787491" lon="-84.42010528"><ele>292.000</ele><time>2025-10-17T14:06:48Z</time><speed>1.360</speed><sat>14</sat></trkpt>
  <trkpt lat="33.73787369" lon="-84.42012004"><ele>292.000</ele><time>2025-10-17T14:06:49Z</time><speed>1.110</speed><sat>14</sat></trkpt>
  <trkpt lat="33.73787512" lon="-84.42013579"><ele>292.000</ele><time>2025-10-17T14:06:50Z</time><speed>0.900</speed><sat>13</sat></trkpt>
  <trkpt lat="33.73787906" lon="-84.42014770"><ele>292.000</ele><time>2025-10-17T14:06:51Z</time><speed>0.480</speed><sat>13</sat></trkpt>
  <trkpt lat="33.73788161" lon="-84.42016371"><ele>292.000</ele><time>2025-10-17T14:06:52Z</time><speed>1.070</speed><sat>14</sat></trkpt>
  <trkpt lat="33.73787201" lon="-84.42018709"><ele>293.000</ele><time>2025-10-17T14:06:53Z</time><speed>2.060</speed><sat>13</sat></trkpt>
  <trkpt lat="33.73787486" lon="-84.42020578"><ele>293.000</ele><time>2025-10-17T14:06:54Z</time><speed>1.090</speed><sat>13</sat></trkpt>
  <trkpt lat="33.73787629" lon="-84.42022146"><ele>293.000</ele><time>2025-10-17T14:06:55Z</time><speed>1.250</speed><sat>14</sat></trkpt>
  <trkpt lat="33.73788019" lon="-84.42023889"><ele>293.000</ele><time>2025-10-17T14:06:56Z</time><speed>1.140</speed><sat>14</sat></trkpt>
  <trkpt lat="33.73788823" lon="-84.42025029"><ele>293.000</ele><time>2025-10-17T14:06:57Z</time><speed>0.630</speed><sat>14</sat></trkpt>
  <trkpt lat="33.73789305" lon="-84.42026043"><ele>292.000</ele><time>2025-10-17T14:06:58Z</time><speed>0.580</speed><sat>15</sat></trkpt>
  <trkpt lat="33.73789800" lon="-84.42027183"><ele>292.000</ele><time>2025-10-17T14:06:59Z</time><speed>0.800</speed><sat>13</sat></trkpt>
  <trkpt lat="33.73790663" lon="-84.42028943"><ele>292.000</ele><time>2025-10-17T14:07:00Z</time><speed>1.420</speed><sat>13</sat></trkpt>
  <trkpt lat="33.73791841" lon="-84.42031056"><ele>292.000</ele><time>2025-10-17T14:07:01Z</time><speed>1.460</speed><sat>13</sat></trkpt>
  <trkpt lat="33.73792897" lon="-84.42032858"><ele>292.000</ele><time>2025-10-17T14:07:02Z</time><speed>1.440</speed><sat>13</sat></trkpt>
  <trkpt lat="33.73794406" lon="-84.42034727"><ele>292.000</ele><time>2025-10-17T14:07:03Z</time><speed>2.430</speed><sat>14</sat></trkpt>
  <trkpt lat="33.73794619" lon="-84.42036881"><ele>292.000</ele><time>2025-10-17T14:07:04Z</time><speed>1.450</speed><sat>14</sat></trkpt>
  <trkpt lat="33.73794544" lon="-84.42038524"><ele>292.000</ele><time>2025-10-17T14:07:05Z</time><speed>1.420</speed><sat>13</sat></trkpt>
  <trkpt lat="33.73795076" lon="-84.42040041"><ele>292.000</ele><time>2025-10-17T14:07:06Z</time><speed>1.610</speed><sat>14</sat></trkpt>
  <trkpt lat="33.73795135" lon="-84.42041843"><ele>292.000</ele><time>2025-10-17T14:07:07Z</time><speed>1.490</speed><sat>13</sat></trkpt>
  <trkpt lat="33.73794951" lon="-84.42044081"><ele>292.000</ele><time>2025-10-17T14:07:08Z</time><speed>2.030</speed><sat>13</sat></trkpt>
  <trkpt lat="33.73794531" lon="-84.42045942"><ele>292.000</ele><time>2025-10-17T14:07:09Z</time><speed>1.800</speed><sat>13</sat></trkpt>
  <trkpt lat="33.73794251" lon="-84.42047149"><ele>291.000</ele><time>2025-10-17T14:07:10Z</time><speed>0.710</speed><sat>14</sat></trkpt>
  <trkpt lat="33.73793551" lon="-84.42047618"><ele>291.000</ele><time>2025-10-17T14:07:11Z</time><speed>0.670</speed><sat>14</sat></trkpt>
  <trkpt lat="33.73793467" lon="-84.42048641"><ele>291.000</ele><time>2025-10-17T14:07:12Z</time><speed>0.470</speed><sat>14</sat></trkpt>
  <trkpt lat="33.73793790" lon="-84.42049588"><ele>291.000</ele><time>2025-10-17T14:07:13Z</time><speed>0.790</speed><sat>15</sat></trkpt>
  <trkpt lat="33.73794624" lon="-84.42051097"><ele>292.000</ele><time>2025-10-17T14:07:14Z</time><speed>0.860</speed><sat>14</sat></trkpt>
  <trkpt lat="33.73794879" lon="-84.42052681"><ele>292.000</ele><time>2025-10-17T14:07:15Z</time><speed>1.220</speed><sat>17</sat></trkpt>
  <trkpt lat="33.73795474" lon="-84.42054223"><ele>292.000</ele><time>2025-10-17T14:07:16Z</time><speed>1.200</speed><sat>16</sat></trkpt>
  <trkpt lat="33.73795458" lon="-84.42055866"><ele>292.000</ele><time>2025-10-17T14:07:17Z</time><speed>1.520</speed><sat>17</sat></trkpt>
  <trkpt lat="33.73795441" lon="-84.42058054"><ele>292.000</ele><time>2025-10-17T14:07:18Z</time><speed>1.960</speed><sat>17</sat></trkpt>
  <trkpt lat="33.73795474" lon="-84.42060065"><ele>292.000</ele><time>2025-10-17T14:07:19Z</time><speed>1.620</speed><sat>17</sat></trkpt>
  <trkpt lat="33.73795810" lon="-84.42062262"><ele>292.000</ele><time>2025-10-17T14:07:20Z</time><speed>1.950</speed><sat>15</sat></trkpt>
  <trkpt lat="33.73796275" lon="-84.42063619"><ele>292.000</ele><time>2025-10-17T14:07:21Z</time><speed>1.260</speed><sat>15</sat></trkpt>
  <trkpt lat="33.73796665" lon="-84.42065354"><ele>292.000</ele><time>2025-10-17T14:07:22Z</time><speed>1.610</speed><sat>18</sat></trkpt>
  <trkpt lat="33.73797071" lon="-84.42067031"><ele>292.000</ele><time>2025-10-17T14:07:23Z</time><speed>1.450</speed><sat>18</sat></trkpt>
  <trkpt lat="33.73797293" lon="-84.42068649"><ele>291.000</ele><time>2025-10-17T14:07:24Z</time><speed>1.310</speed><sat>18</sat></trkpt>
  <trkpt lat="33.73797398" lon="-84.42070308"><ele>290.000</ele><time>2025-10-17T14:07:25Z</time><speed>1.810</speed><sat>16</sat></trkpt>
  <trkpt lat="33.73795780" lon="-84.42070627"><ele>290.000</ele><time>2025-10-17T14:07:26Z</time><speed>3.220</speed><sat>17</sat></trkpt>
  <trkpt lat="33.73795202" lon="-84.42071054"><ele>288.000</ele><time>2025-10-17T14:07:27Z</time><speed>0.350</speed><sat>16</sat></trkpt>
  <trkpt lat="33.73795776" lon="-84.42072219"><ele>287.000</ele><time>2025-10-17T14:07:28Z</time><speed>1.030</speed><sat>16</sat></trkpt>
  <trkpt lat="33.73796057" lon="-84.42073870"><ele>287.000</ele><time>2025-10-17T14:07:29Z</time><speed>1.010</speed><sat>16</sat></trkpt>
  <trkpt lat="33.73796355" lon="-84.42075178"><ele>287.000</ele><time>2025-10-17T14:07:30Z</time><speed>0.900</speed><sat>18</sat></trkpt>
  <trkpt lat="33.73796673" lon="-84.42076729"><ele>287.000</ele><time>2025-10-17T14:07:31Z</time><speed>1.440</speed><sat>16</sat></trkpt>
  <trkpt lat="33.73797038" lon="-84.42078891"><ele>287.000</ele><time>2025-10-17T14:07:32Z</time><speed>1.460</speed><sat>16</sat></trkpt>
  <trkpt lat="33.73797432" lon="-84.42080610"><ele>288.000</ele><time>2025-10-17T14:07:33Z</time><speed>1.160</speed><sat>18</sat></trkpt>
  <trkpt lat="33.73797838" lon="-84.42082286"><ele>288.000</ele><time>2025-10-17T14:07:34Z</time><speed>1.740</speed><sat>18</sat></trkpt>
  <trkpt lat="33.73797733" lon="-84.42084256"><ele>288.000</ele><time>2025-10-17T14:07:35Z</time><speed>1.600</speed><sat>16</sat></trkpt>
  <trkpt lat="33.73797562" lon="-84.42086284"><ele>289.000</ele><time>2025-10-17T14:07:36Z</time><speed>1.440</speed><sat>17</sat></trkpt>
  <trkpt lat="33.73797469" lon="-84.42087793"><ele>289.000</ele><time>2025-10-17T14:07:37Z</time><speed>0.960</speed><sat>18</sat></trkpt>
  <trkpt lat="33.73797494" lon="-84.42089528"><ele>289.000</ele><time>2025-10-17T14:07:38Z</time><speed>1.340</speed><sat>18</sat></trkpt>
  <trkpt lat="33.73797721" lon="-84.42091037"><ele>290.000</ele><time>2025-10-17T14:07:39Z</time><speed>1.350</speed><sat>19</sat></trkpt>
  <trkpt lat="33.73797918" lon="-84.42092847"><ele>290.000</ele><time>2025-10-17T14:07:40Z</time><speed>1.840</speed><sat>17</sat></trkpt>
  <trkpt lat="33.73797985" lon="-84.42094482"><ele>291.000</ele><time>2025-10-17T14:07:41Z</time><speed>1.410</speed><sat>17</sat></trkpt>
  <trkpt lat="33.73797918" lon="-84.42095756"><ele>291.000</ele><time>2025-10-17T14:07:42Z</time><speed>1.170</speed><sat>17</sat></trkpt>
  <trkpt lat="33.73797901" lon="-84.42097189"><ele>291.000</ele><time>2025-10-17T14:07:43Z</time><speed>1.420</speed><sat>18</sat></trkpt>
  <trkpt lat="33.73797972" lon="-84.42098446"><ele>291.000</ele><time>2025-10-17T14:07:44Z</time><speed>1.050</speed><sat>17</sat></trkpt>
  <trkpt lat="33.73798018" lon="-84.42099712"><ele>291.000</ele><time>2025-10-17T14:07:45Z</time><speed>1.200</speed><sat>18</sat></trkpt>
  <trkpt lat="33.73798077" lon="-84.42101003"><ele>291.000</ele><time>2025-10-17T14:07:46Z</time><speed>1.220</speed><sat>17</sat></trkpt>
  <trkpt lat="33.73798291" lon="-84.42102537"><ele>291.000</ele><time>2025-10-17T14:07:47Z</time><speed>1.180</speed><sat>17</sat></trkpt>
  <trkpt lat="33.73798572" lon="-84.42104037"><ele>291.000</ele><time>2025-10-17T14:07:48Z</time><speed>1.180</speed><sat>19</sat></trkpt>
  <trkpt lat="33.73798903" lon="-84.42105512"><ele>291.000</ele><time>2025-10-17T14:07:49Z</time><speed>1.400</speed><sat>17</sat></trkpt>
  <trkpt lat="33.73799250" lon="-84.42107130"><ele>291.000</ele><time>2025-10-17T14:07:50Z</time><speed>1.220</speed><sat>18</sat></trkpt>
  <trkpt lat="33.73799716" lon="-84.42108689"><ele>291.000</ele><time>2025-10-17T14:07:51Z</time><speed>1.340</speed><sat>17</sat></trkpt>
  <trkpt lat="33.73800248" lon="-84.42110064"><ele>291.000</ele><time>2025-10-17T14:07:52Z</time><speed>1.190</speed><sat>18</sat></trkpt>
  <trkpt lat="33.73801149" lon="-84.42111832"><ele>291.000</ele><time>2025-10-17T14:07:53Z</time><speed>2.270</speed><sat>17</sat></trkpt>
  <trkpt lat="33.73801614" lon="-84.42113190"><ele>291.000</ele><time>2025-10-17T14:07:54Z</time><speed>1.240</speed><sat>18</sat></trkpt>
  <trkpt lat="33.73802494" lon="-84.42114598"><ele>291.000</ele><time>2025-10-17T14:07:55Z</time><speed>1.440</speed><sat>17</sat></trkpt>
  <trkpt lat="33.73802813" lon="-84.42116048"><ele>291.000</ele><time>2025-10-17T14:07:56Z</time><speed>1.400</speed><sat>16</sat></trkpt>
  <trkpt lat="33.73803001" lon="-84.42118160"><ele>291.000</ele><time>2025-10-17T14:07:57Z</time><speed>1.670</speed><sat>16</sat></trkpt>
  <trkpt lat="33.73803094" lon="-84.42120130"><ele>291.000</ele><time>2025-10-17T14:07:58Z</time><speed>1.610</speed><sat>16</sat></trkpt>
  <trkpt lat="33.73803244" lon="-84.42121689"><ele>291.000</ele><time>2025-10-17T14:07:59Z</time><speed>1.360</speed><sat>15</sat></trkpt>
  <trkpt lat="33.73803056" lon="-84.42123231"><ele>291.000</ele><time>2025-10-17T14:08:00Z</time><speed>1.540</speed><sat>15</sat></trkpt>
  <trkpt lat="33.73802976" lon="-84.42124313"><ele>291.000</ele><time>2025-10-17T14:08:01Z</time><speed>0.940</speed><sat>15</sat></trkpt>
  <trkpt lat="33.73802985" lon="-84.42126215"><ele>291.000</ele><time>2025-10-17T14:08:02Z</time><speed>2.570</speed><sat>15</sat></trkpt>
  <trkpt lat="33.73803010" lon="-84.42127557"><ele>292.000</ele><time>2025-10-17T14:08:03Z</time><speed>0.890</speed><sat>15</sat></trkpt>
  <trkpt lat="33.73803274" lon="-84.42128872"><ele>292.000</ele><time>2025-10-17T14:08:04Z</time><speed>1.070</speed><sat>18</sat></trkpt>
  <trkpt lat="33.73803425" lon="-84.42130624"><ele>291.000</ele><time>2025-10-17T14:08:05Z</time><speed>1.550</speed><sat>17</sat></trkpt>
  <trkpt lat="33.73803580" lon="-84.42132628"><ele>291.000</ele><time>2025-10-17T14:08:06Z</time><speed>1.870</speed><sat>17</sat></trkpt>
  <trkpt lat="33.73803328" lon="-84.42134975"><ele>291.000</ele><time>2025-10-17T14:08:07Z</time><speed>2.250</speed><sat>17</sat></trkpt>
  <trkpt lat="33.73803534" lon="-84.42136785"><ele>291.000</ele><time>2025-10-17T14:08:08Z</time><speed>1.390</speed><sat>18</sat></trkpt>
  <trkpt lat="33.73803911" lon="-84.42137791"><ele>291.000</ele><time>2025-10-17T14:08:09Z</time><speed>0.890</speed><sat>19</sat></trkpt>
  <trkpt lat="33.73804213" lon="-84.42138755"><ele>291.000</ele><time>2025-10-17T14:08:10Z</time><speed>0.930</speed><sat>17</sat></trkpt>
  <trkpt lat="33.73804342" lon="-84.42139844"><ele>291.000</ele><time>2025-10-17T14:08:11Z</time><speed>1.190</speed><sat>17</sat></trkpt>
  <trkpt lat="33.73804757" lon="-84.42140884"><ele>291.000</ele><time>2025-10-17T14:08:12Z</time><speed>1.290</speed><sat>18</sat></trkpt>
  <trkpt lat="33.73804833" lon="-84.42142200"><ele>291.000</ele><time>2025-10-17T14:08:13Z</time><speed>1.250</speed><sat>18</sat></trkpt>
  <trkpt lat="33.73805038" lon="-84.42143423"><ele>291.000</ele><time>2025-10-17T14:08:14Z</time><speed>1.240</speed><sat>18</sat></trkpt>
  <trkpt lat="33.73805172" lon="-84.42145016"><ele>290.000</ele><time>2025-10-17T14:08:15Z</time><speed>1.690</speed><sat>17</sat></trkpt>
  <trkpt lat="33.73805361" lon="-84.42146701"><ele>290.000</ele><time>2025-10-17T14:08:16Z</time><speed>1.200</speed><sat>18</sat></trkpt>
  <trkpt lat="33.73805730" lon="-84.42148008"><ele>290.000</ele><time>2025-10-17T14:08:17Z</time><speed>1.290</speed><sat>16</sat></trkpt>
  <trkpt lat="33.73805910" lon="-84.42149232"><ele>290.000</ele><time>2025-10-17T14:08:18Z</time><speed>1.270</speed><sat>18</sat></trkpt>
  <trkpt lat="33.73806174" lon="-84.42150607"><ele>290.000</ele><time>2025-10-17T14:08:19Z</time><speed>1.230</speed><sat>17</sat></trkpt>
  <trkpt lat="33.73806312" lon="-84.42152183"><ele>290.000</ele><time>2025-10-17T14:08:20Z</time><speed>1.280</speed><sat>16</sat></trkpt>
  <trkpt lat="33.73806522" lon="-84.42153649"><ele>290.000</ele><time>2025-10-17T14:08:21Z</time><speed>1.430</speed><sat>16</sat></trkpt>
  <trkpt lat="33.73806798" lon="-84.42155234"><ele>289.000</ele><time>2025-10-17T14:08:22Z</time><speed>1.470</speed><sat>16</sat></trkpt>
  <trkpt lat="33.73807046" lon="-84.42157094"><ele>289.000</ele><time>2025-10-17T14:08:23Z</time><speed>1.700</speed><sat>16</sat></trkpt>
  <trkpt lat="33.73807171" lon="-84.42158729"><ele>289.000</ele><time>2025-10-17T14:08:24Z</time><speed>1.380</speed><sat>16</sat></trkpt>
  <trkpt lat="33.73807574" lon="-84.42160263"><ele>289.000</ele><time>2025-10-17T14:08:25Z</time><speed>1.300</speed><sat>16</sat></trkpt>
  <trkpt lat="33.73808471" lon="-84.42161218"><ele>289.000</ele><time>2025-10-17T14:08:26Z</time><speed>1.640</speed><sat>18</sat></trkpt>
  <trkpt lat="33.73808521" lon="-84.42162358"><ele>289.000</ele><time>2025-10-17T14:08:27Z</time><speed>1.080</speed><sat>17</sat></trkpt>
  <trkpt lat="33.73808797" lon="-84.42163071"><ele>289.000</ele><time>2025-10-17T14:08:28Z</time><speed>0.060</speed><sat>17</sat></trkpt>
  <trkpt lat="33.73808626" lon="-84.42164579"><ele>288.000</ele><time>2025-10-17T14:08:29Z</time><speed>1.030</speed><sat>17</sat></trkpt>
  <trkpt lat="33.73808609" lon="-84.42166407"><ele>288.000</ele><time>2025-10-17T14:08:30Z</time><speed>1.420</speed><sat>17</sat></trkpt>
  <trkpt lat="33.73808902" lon="-84.42168460"><ele>288.000</ele><time>2025-10-17T14:08:31Z</time><speed>1.610</speed><sat>16</sat></trkpt>
  <trkpt lat="33.73809175" lon="-84.42170002"><ele>288.000</ele><time>2025-10-17T14:08:32Z</time><speed>1.340</speed><sat>16</sat></trkpt>
  <trkpt lat="33.73809095" lon="-84.42171880"><ele>288.000</ele><time>2025-10-17T14:08:33Z</time><speed>1.700</speed><sat>16</sat></trkpt>
  <trkpt lat="33.73809103" lon="-84.42173875"><ele>288.000</ele><time>2025-10-17T14:08:34Z</time><speed>1.590</speed><sat>18</sat></trkpt>
  <trkpt lat="33.73809275" lon="-84.42175333"><ele>288.000</ele><time>2025-10-17T14:08:35Z</time><speed>1.230</speed><sat>18</sat></trkpt>
  <trkpt lat="33.73809338" lon="-84.42176876"><ele>288.000</ele><time>2025-10-17T14:08:36Z</time><speed>1.520</speed><sat>17</sat></trkpt>
  <trkpt lat="33.73809124" lon="-84.42178678"><ele>288.000</ele><time>2025-10-17T14:08:37Z</time><speed>1.670</speed><sat>18</sat></trkpt>
  <trkpt lat="33.73809539" lon="-84.42180078"><ele>288.000</ele><time>2025-10-17T14:08:38Z</time><speed>1.220</speed><sat>18</sat></trkpt>
  <trkpt lat="33.73810105" lon="-84.42181486"><ele>288.000</ele><time>2025-10-17T14:08:39Z</time><speed>1.580</speed><sat>19</sat></trkpt>
  <trkpt lat="33.73810109" lon="-84.42183196"><ele>288.000</ele><time>2025-10-17T14:08:40Z</time><speed>1.510</speed><sat>18</sat></trkpt>
  <trkpt lat="33.73810092" lon="-84.42185014"><ele>288.000</ele><time>2025-10-17T14:08:41Z</time><speed>1.680</speed><sat>18</sat></trkpt>
  <trkpt lat="33.73810591" lon="-84.42186255"><ele>288.000</ele><time>2025-10-17T14:08:42Z</time><speed>1.210</speed><sat>18</sat></trkpt>
  <trkpt lat="33.73810952" lon="-84.42187554"><ele>288.000</ele><time>2025-10-17T14:08:43Z</time><speed>1.350</speed><sat>19</sat></trkpt>
  <trkpt lat="33.73811199" lon="-84.42188988"><ele>288.000</ele><time>2025-10-17T14:08:44Z</time><speed>1.320</speed><sat>19</sat></trkpt>
  <trkpt lat="33.73811203" lon="-84.42190513"><ele>288.000</ele><time>2025-10-17T14:08:45Z</time><speed>1.580</speed><sat>19</sat></trkpt>
  <trkpt lat="33.73811048" lon="-84.42192248"><ele>288.000</ele><time>2025-10-17T14:08:46Z</time><speed>1.540</speed><sat>18</sat></trkpt>
  <trkpt lat="33.73810973" lon="-84.42193908"><ele>288.000</ele><time>2025-10-17T14:08:47Z</time><speed>1.560</speed><sat>18</sat></trkpt>
  <trkpt lat="33.73811098" lon="-84.42195534"><ele>288.000</ele><time>2025-10-17T14:08:48Z</time><speed>1.300</speed><sat>17</sat></trkpt>
  <trkpt lat="33.73811434" lon="-84.42196967"><ele>288.000</ele><time>2025-10-17T14:08:49Z</time><speed>1.100</speed><sat>19</sat></trkpt>
  <trkpt lat="33.73811899" lon="-84.42197897"><ele>287.000</ele><time>2025-10-17T14:08:50Z</time><speed>1.060</speed><sat>19</sat></trkpt>
  <trkpt lat="33.73812557" lon="-84.42198509"><ele>287.000</ele><time>2025-10-17T14:08:51Z</time><speed>0.930</speed><sat>19</sat></trkpt>
  <trkpt lat="33.73812955" lon="-84.42199440"><ele>287.000</ele><time>2025-10-17T14:08:52Z</time><speed>1.120</speed><sat>19</sat></trkpt>
  <trkpt lat="33.73813173" lon="-84.42200705"><ele>287.000</ele><time>2025-10-17T14:08:53Z</time><speed>0.940</speed><sat>19</sat></trkpt>
  <trkpt lat="33.73813156" lon="-84.42202239"><ele>287.000</ele><time>2025-10-17T14:08:54Z</time><speed>1.190</speed><sat>17</sat></trkpt>
  <trkpt lat="33.73813324" lon="-84.42203857"><ele>287.000</ele><time>2025-10-17T14:08:55Z</time><speed>1.660</speed><sat>17</sat></trkpt>
  <trkpt lat="33.73813642" lon="-84.42205324"><ele>287.000</ele><time>2025-10-17T14:08:56Z</time><speed>1.450</speed><sat>17</sat></trkpt>
  <trkpt lat="33.73811878" lon="-84.42205793"><ele>286.000</ele><time>2025-10-17T14:08:57Z</time><speed>0.680</speed><sat>17</sat></trkpt>
  <trkpt lat="33.73811584" lon="-84.42207260"><ele>286.000</ele><time>2025-10-17T14:08:58Z</time><speed>1.180</speed><sat>15</sat></trkpt>
  <trkpt lat="33.73811333" lon="-84.42209506"><ele>286.000</ele><time>2025-10-17T14:08:59Z</time><speed>1.560</speed><sat>15</sat></trkpt>
  <trkpt lat="33.73812083" lon="-84.42211451"><ele>286.000</ele><time>2025-10-17T14:09:00Z</time><speed>1.620</speed><sat>17</sat></trkpt>
  <trkpt lat="33.73812703" lon="-84.42212926"><ele>285.000</ele><time>2025-10-17T14:09:01Z</time><speed>1.070</speed><sat>15</sat></trkpt>
  <trkpt lat="33.73812997" lon="-84.42214519"><ele>285.000</ele><time>2025-10-17T14:09:02Z</time><speed>1.410</speed><sat>17</sat></trkpt>
  <trkpt lat="33.73813713" lon="-84.42216514"><ele>285.000</ele><time>2025-10-17T14:09:03Z</time><speed>2.060</speed><sat>17</sat></trkpt>
  <trkpt lat="33.73814556" lon="-84.42218416"><ele>285.000</ele><time>2025-10-17T14:09:04Z</time><speed>1.760</speed><sat>18</sat></trkpt>
  <trkpt lat="33.73814702" lon="-84.42220487"><ele>285.000</ele><time>2025-10-17T14:09:05Z</time><speed>2.000</speed><sat>17</sat></trkpt>
  <trkpt lat="33.73814518" lon="-84.42222515"><ele>285.000</ele><time>2025-10-17T14:09:06Z</time><speed>1.800</speed><sat>19</sat></trkpt>
  <trkpt lat="33.73815113" lon="-84.42223907"><ele>285.000</ele><time>2025-10-17T14:09:07Z</time><speed>1.370</speed><sat>17</sat></trkpt>
  <trkpt lat="33.73815306" lon="-84.42225105"><ele>285.000</ele><time>2025-10-17T14:09:08Z</time><speed>1.220</speed><sat>19</sat></trkpt>
  <trkpt lat="33.73815876" lon="-84.42226488"><ele>285.000</ele><time>2025-10-17T14:09:09Z</time><speed>1.610</speed><sat>17</sat></trkpt>
  <trkpt lat="33.73816186" lon="-84.42227955"><ele>285.000</ele><time>2025-10-17T14:09:10Z</time><speed>1.190</speed><sat>18</sat></trkpt>
  <trkpt lat="33.73816542" lon="-84.42229430"><ele>285.000</ele><time>2025-10-17T14:09:11Z</time><speed>1.340</speed><sat>18</sat></trkpt>
  <trkpt lat="33.73816974" lon="-84.42230830"><ele>285.000</ele><time>2025-10-17T14:09:12Z</time><speed>1.350</speed><sat>19</sat></trkpt>
  <trkpt lat="33.73817389" lon="-84.42232372"><ele>285.000</ele><time>2025-10-17T14:09:13Z</time><speed>1.550</speed><sat>18</sat></trkpt>
  <trkpt lat="33.73817527" lon="-84.42234007"><ele>285.000</ele><time>2025-10-17T14:09:14Z</time><speed>1.470</speed><sat>16</sat></trkpt>
  <trkpt lat="33.73817293" lon="-84.42234945"><ele>285.000</ele><time>2025-10-17T14:09:15Z</time><speed>0.820</speed><sat>18</sat></trkpt>
  <trkpt lat="33.73817607" lon="-84.42236261"><ele>285.000</ele><time>2025-10-17T14:09:16Z</time><speed>1.530</speed><sat>16</sat></trkpt>
  <trkpt lat="33.73817959" lon="-84.42237762"><ele>285.000</ele><time>2025-10-17T14:09:17Z</time><speed>1.100</speed><sat>17</sat></trkpt>
  <trkpt lat="33.73818085" lon="-84.42238717"><ele>285.000</ele><time>2025-10-17T14:09:18Z</time><speed>1.130</speed><sat>17</sat></trkpt>
  <trkpt lat="33.73818290" lon="-84.42239832"><ele>284.000</ele><time>2025-10-17T14:09:19Z</time><speed>1.280</speed><sat>18</sat></trkpt>
  <trkpt lat="33.73818529" lon="-84.42241098"><ele>284.000</ele><time>2025-10-17T14:09:20Z</time><speed>1.050</speed><sat>17</sat></trkpt>
  <trkpt lat="33.73818437" lon="-84.42242037"><ele>284.000</ele><time>2025-10-17T14:09:21Z</time><speed>0.550</speed><sat>18</sat></trkpt>
  <trkpt lat="33.73818332" lon="-84.42242959"><ele>284.000</ele><time>2025-10-17T14:09:22Z</time><speed>0.900</speed><sat>18</sat></trkpt>
  <trkpt lat="33.73818328" lon="-84.42244224"><ele>284.000</ele><time>2025-10-17T14:09:23Z</time><speed>1.300</speed><sat>19</sat></trkpt>
  <trkpt lat="33.73818537" lon="-84.42245414"><ele>284.000</ele><time>2025-10-17T14:09:24Z</time><speed>0.470</speed><sat>17</sat></trkpt>
  <trkpt lat="33.73818709" lon="-84.42246202"><ele>284.000</ele><time>2025-10-17T14:09:25Z</time><speed>0.060</speed><sat>18</sat></trkpt>
  <trkpt lat="33.73818872" lon="-84.42246848"><ele>284.000</ele><time>2025-10-17T14:09:26Z</time><speed>0.710</speed><sat>17</sat></trkpt>
  <trkpt lat="33.73819262" lon="-84.42247963"><ele>284.000</ele><time>2025-10-17T14:09:27Z</time><speed>0.630</speed><sat>17</sat></trkpt>
  <trkpt lat="33.73819371" lon="-84.42249639"><ele>284.000</ele><time>2025-10-17T14:09:28Z</time><speed>0.970</speed><sat>17</sat></trkpt>
  <trkpt lat="33.73819518" lon="-84.42251592"><ele>284.000</ele><time>2025-10-17T14:09:29Z</time><speed>1.300</speed><sat>18</sat></trkpt>
  <trkpt lat="33.73819790" lon="-84.42253486"><ele>284.000</ele><time>2025-10-17T14:09:30Z</time><speed>1.300</speed><sat>18</sat></trkpt>
  <trkpt lat="33.73820096" lon="-84.42255355"><ele>284.000</ele><time>2025-10-17T14:09:31Z</time><speed>1.380</speed><sat>18</sat></trkpt>
  <trkpt lat="33.73820385" lon="-84.42257308"><ele>284.000</ele><time>2025-10-17T14:09:32Z</time><speed>1.560</speed><sat>18</sat></trkpt>
  <trkpt lat="33.73820754" lon="-84.42258993"><ele>284.000</ele><time>2025-10-17T14:09:33Z</time><speed>1.130</speed><sat>18</sat></trkpt>
  <trkpt lat="33.73820951" lon="-84.42260234"><ele>284.000</ele><time>2025-10-17T14:09:34Z</time><speed>0.810</speed><sat>17</sat></trkpt>
  <trkpt lat="33.73821027" lon="-84.42261927"><ele>284.000</ele><time>2025-10-17T14:09:35Z</time><speed>1.190</speed><sat>17</sat></trkpt>
  <trkpt lat="33.73821102" lon="-84.42263536"><ele>284.000</ele><time>2025-10-17T14:09:36Z</time><speed>1.270</speed><sat>18</sat></trkpt>
  <trkpt lat="33.73821165" lon="-84.42265389"><ele>284.000</ele><time>2025-10-17T14:09:37Z</time><speed>1.150</speed><sat>17</sat></trkpt>
  <trkpt lat="33.73821651" lon="-84.42267031"><ele>284.000</ele><time>2025-10-17T14:09:38Z</time><speed>1.070</speed><sat>18</sat></trkpt>
  <trkpt lat="33.73821965" lon="-84.42268498"><ele>284.000</ele><time>2025-10-17T14:09:39Z</time><speed>1.000</speed><sat>18</sat></trkpt>
  <trkpt lat="33.73822020" lon="-84.42270258"><ele>284.000</ele><time>2025-10-17T14:09:40Z</time><speed>0.980</speed><sat>16</sat></trkpt>
  <trkpt lat="33.73822259" lon="-84.42271876"><ele>284.000</ele><time>2025-10-17T14:09:41Z</time><speed>1.120</speed><sat>16</sat></trkpt>
  <trkpt lat="33.73822481" lon="-84.42273695"><ele>284.000</ele><time>2025-10-17T14:09:42Z</time><speed>1.340</speed><sat>15</sat></trkpt>
  <trkpt lat="33.73822569" lon="-84.42275556"><ele>284.000</ele><time>2025-10-17T14:09:43Z</time><speed>0.760</speed><sat>16</sat></trkpt>
  <trkpt lat="33.73822686" lon="-84.42277358"><ele>285.000</ele><time>2025-10-17T14:09:44Z</time><speed>1.310</speed><sat>17</sat></trkpt>
  <trkpt lat="33.73822732" lon="-84.42279051"><ele>285.000</ele><time>2025-10-17T14:09:45Z</time><speed>1.510</speed><sat>17</sat></trkpt>
  <trkpt lat="33.73822770" lon="-84.42280828"><ele>285.000</ele><time>2025-10-17T14:09:46Z</time><speed>1.520</speed><sat>17</sat></trkpt>
  <trkpt lat="33.73822934" lon="-84.42282597"><ele>285.000</ele><time>2025-10-17T14:09:47Z</time><speed>1.520</speed><sat>16</sat></trkpt>
  <trkpt lat="33.73823156" lon="-84.42284231"><ele>285.000</ele><time>2025-10-17T14:09:48Z</time><speed>1.150</speed><sat>17</sat></trkpt>
  <trkpt lat="33.73823516" lon="-84.42285840"><ele>286.000</ele><time>2025-10-17T14:09:49Z</time><speed>1.240</speed><sat>17</sat></trkpt>
  <trkpt lat="33.73823768" lon="-84.42287173"><ele>286.000</ele><time>2025-10-17T14:09:50Z</time><speed>1.270</speed><sat>18</sat></trkpt>
  <trkpt lat="33.73824275" lon="-84.42288590"><ele>285.000</ele><time>2025-10-17T14:09:51Z</time><speed>1.250</speed><sat>18</sat></trkpt>
  <trkpt lat="33.73824564" lon="-84.42290006"><ele>286.000</ele><time>2025-10-17T14:09:52Z</time><speed>1.320</speed><sat>17</sat></trkpt>
  <trkpt lat="33.73824845" lon="-84.42291515"><ele>286.000</ele><time>2025-10-17T14:09:53Z</time><speed>1.350</speed><sat>18</sat></trkpt>
  <trkpt lat="33.73824836" lon="-84.42293099"><ele>286.000</ele><time>2025-10-17T14:09:54Z</time><speed>1.090</speed><sat>17</sat></trkpt>
  <trkpt lat="33.73825695" lon="-84.42294491"><ele>286.000</ele><time>2025-10-17T14:09:55Z</time><speed>1.660</speed><sat>18</sat></trkpt>
  <trkpt lat="33.73825591" lon="-84.42297198"><ele>286.000</ele><time>2025-10-17T14:09:56Z</time><speed>2.320</speed><sat>18</sat></trkpt>
  <trkpt lat="33.73825825" lon="-84.42298715"><ele>285.000</ele><time>2025-10-17T14:09:57Z</time><speed>0.340</speed><sat>19</sat></trkpt>
  <trkpt lat="33.73825796" lon="-84.42299318"><ele>284.000</ele><time>2025-10-17T14:09:58Z</time><speed>0.470</speed><sat>17</sat></trkpt>
  <trkpt lat="33.73826123" lon="-84.42299897"><ele>283.000</ele><time>2025-10-17T14:09:59Z</time><speed>0.700</speed><sat>18</sat></trkpt>
  <trkpt lat="33.73826781" lon="-84.42300643"><ele>284.000</ele><time>2025-10-17T14:10:00Z</time><speed>0.800</speed><sat>18</sat></trkpt>
  <trkpt lat="33.73827472" lon="-84.42301372"><ele>284.000</ele><time>2025-10-17T14:10:01Z</time><speed>0.810</speed><sat>16</sat></trkpt>
  <trkpt lat="33.73827548" lon="-84.42303367"><ele>284.000</ele><time>2025-10-17T14:10:02Z</time><speed>1.670</speed><sat>16</sat></trkpt>
  <trkpt lat="33.73827812" lon="-84.42305379"><ele>284.000</ele><time>2025-10-17T14:10:03Z</time><speed>1.710</speed><sat>17</sat></trkpt>
  <trkpt lat="33.73828067" lon="-84.42307340"><ele>284.000</ele><time>2025-10-17T14:10:04Z</time><speed>1.410</speed><sat>18</sat></trkpt>
  <trkpt lat="33.73828365" lon="-84.42309150"><ele>284.000</ele><time>2025-10-17T14:10:05Z</time><speed>1.420</speed><sat>18</sat></trkpt>
  <trkpt lat="33.73828537" lon="-84.42310793"><ele>284.000</ele><time>2025-10-17T14:10:06Z</time><speed>1.200</speed><sat>17</sat></trkpt>
  <trkpt lat="33.73828487" lon="-84.42312193"><ele>284.000</ele><time>2025-10-17T14:10:07Z</time><speed>1.530</speed><sat>18</sat></trkpt>
  <trkpt lat="33.73828466" lon="-84.42314087"><ele>284.000</ele><time>2025-10-17T14:10:08Z</time><speed>1.620</speed><sat>20</sat></trkpt>
  <trkpt lat="33.73828269" lon="-84.42316049"><ele>285.000</ele><time>2025-10-17T14:10:09Z</time><speed>1.520</speed><sat>19</sat></trkpt>
  <trkpt lat="33.73828223" lon="-84.42317524"><ele>285.000</ele><time>2025-10-17T14:10:10Z</time><speed>1.530</speed><sat>18</sat></trkpt>
  <trkpt lat="33.73828239" lon="-84.42319293"><ele>285.000</ele><time>2025-10-17T14:10:11Z</time><speed>1.440</speed><sat>19</sat></trkpt>
  <trkpt lat="33.73828260" lon="-84.42320885"><ele>285.000</ele><time>2025-10-17T14:10:12Z</time><speed>1.400</speed><sat>20</sat></trkpt>
  <trkpt lat="33.73828449" lon="-84.42322302"><ele>285.000</ele><time>2025-10-17T14:10:13Z</time><speed>1.260</speed><sat>19</sat></trkpt>
  <trkpt lat="33.73828650" lon="-84.42323769"><ele>285.000</ele><time>2025-10-17T14:10:14Z</time><speed>1.480</speed><sat>19</sat></trkpt>
  <trkpt lat="33.73829094" lon="-84.42325118"><ele>285.000</ele><time>2025-10-17T14:10:15Z</time><speed>1.230</speed><sat>18</sat></trkpt>
  <trkpt lat="33.73829714" lon="-84.42326350"><ele>285.000</ele><time>2025-10-17T14:10:16Z</time><speed>1.200</speed><sat>19</sat></trkpt>
  <trkpt lat="33.73830175" lon="-84.42327716"><ele>285.000</ele><time>2025-10-17T14:10:17Z</time><speed>1.170</speed><sat>20</sat></trkpt>
  <trkpt lat="33.73830502" lon="-84.42329150"><ele>286.000</ele><time>2025-10-17T14:10:18Z</time><speed>1.140</speed><sat>20</sat></trkpt>
  <trkpt lat="33.73830616" lon="-84.42330189"><ele>286.000</ele><time>2025-10-17T14:10:19Z</time><speed>1.120</speed><sat>20</sat></trkpt>
  <trkpt lat="33.73830901" lon="-84.42331103"><ele>286.000</ele><time>2025-10-17T14:10:20Z</time><speed>0.770</speed><sat>17</sat></trkpt>
  <trkpt lat="33.73831202" lon="-84.42331279"><ele>286.000</ele><time>2025-10-17T14:10:21Z</time><speed>0.530</speed><sat>17</sat></trkpt>
  <trkpt lat="33.73831466" lon="-84.42332117"><ele>286.000</ele><time>2025-10-17T14:10:22Z</time><speed>1.000</speed><sat>18</sat></trkpt>
  <trkpt lat="33.73831709" lon="-84.42333533"><ele>286.000</ele><time>2025-10-17T14:10:23Z</time><speed>1.180</speed><sat>18</sat></trkpt>
  <trkpt lat="33.73832061" lon="-84.42334858"><ele>286.000</ele><time>2025-10-17T14:10:24Z</time><speed>1.270</speed><sat>19</sat></trkpt>
  <trkpt lat="33.73832422" lon="-84.42336417"><ele>287.000</ele><time>2025-10-17T14:10:25Z</time><speed>1.290</speed><sat>20</sat></trkpt>
  <trkpt lat="33.73832485" lon="-84.42337900"><ele>287.000</ele><time>2025-10-17T14:10:26Z</time><speed>1.090</speed><sat>18</sat></trkpt>
  <trkpt lat="33.73832610" lon="-84.42339610"><ele>288.000</ele><time>2025-10-17T14:10:27Z</time><speed>1.660</speed><sat>19</sat></trkpt>
  <trkpt lat="33.73832543" lon="-84.42341706"><ele>288.000</ele><time>2025-10-17T14:10:28Z</time><speed>2.070</speed><sat>19</sat></trkpt>
  <trkpt lat="33.73833570" lon="-84.42343743"><ele>288.000</ele><time>2025-10-17T14:10:29Z</time><speed>2.140</speed><sat>18</sat></trkpt>
  <trkpt lat="33.73833243" lon="-84.42343877"><ele>286.000</ele><time>2025-10-17T14:10:30Z</time><speed>0.570</speed><sat>16</sat></trkpt>
  <trkpt lat="33.73833306" lon="-84.42345042"><ele>286.000</ele><time>2025-10-17T14:10:31Z</time><speed>0.950</speed><sat>17</sat></trkpt>
  <trkpt lat="33.73832996" lon="-84.42345092"><ele>286.000</ele><time>2025-10-17T14:10:32Z</time><speed>0.480</speed><sat>18</sat></trkpt>
  <trkpt lat="33.73832862" lon="-84.42344991"><ele>287.000</ele><time>2025-10-17T14:10:33Z</time><speed>0.260</speed><sat>17</sat></trkpt>
  <trkpt lat="33.73832518" lon="-84.42345067"><ele>287.000</ele><time>2025-10-17T14:10:34Z</time><speed>0.150</speed><sat>18</sat></trkpt>
  <trkpt lat="33.73832393" lon="-84.42345042"><ele>287.000</ele><time>2025-10-17T14:10:35Z</time><speed>0.150</speed><sat>18</sat></trkpt>
  <trkpt lat="33.73832409" lon="-84.42345000"><ele>287.000</ele><time>2025-10-17T14:10:36Z</time><speed>0.010</speed><sat>17</sat></trkpt>
  <trkpt lat="33.73832418" lon="-84.42344950"><ele>288.000</ele><time>2025-10-17T14:10:37Z</time><speed>0.080</speed><sat>17</sat></trkpt>
  <trkpt lat="33.73832837" lon="-84.42345176"><ele>288.000</ele><time>2025-10-17T14:10:38Z</time><speed>0.100</speed><sat>17</sat></trkpt>
  <trkpt lat="33.73832845" lon="-84.42345159"><ele>288.000</ele><time>2025-10-17T14:10:39Z</time><speed>0.000</speed><sat>17</sat></trkpt>
  <trkpt lat="33.73833126" lon="-84.42345310"><ele>288.000</ele><time>2025-10-17T14:10:40Z</time><speed>0.140</speed><sat>16</sat></trkpt>
  <trkpt lat="33.73833050" lon="-84.42345385"><ele>288.000</ele><time>2025-10-17T14:10:41Z</time><speed>0.050</speed><sat>16</sat></trkpt>
  <trkpt lat="33.73833583" lon="-84.42345654"><ele>288.000</ele><time>2025-10-17T14:10:42Z</time><speed>0.040</speed><sat>18</sat></trkpt>
  <trkpt lat="33.73833591" lon="-84.42345654"><ele>288.000</ele><time>2025-10-17T14:10:43Z</time><speed>0.000</speed><sat>18</sat></trkpt>
  <trkpt lat="33.73833583" lon="-84.42345662"><ele>288.000</ele><time>2025-10-17T14:10:44Z</time><speed>0.000</speed><sat>17</sat></trkpt>
  <trkpt lat="33.73833193" lon="-84.42345620"><ele>288.000</ele><time>2025-10-17T14:10:45Z</time><speed>0.340</speed><sat>18</sat></trkpt>
  <trkpt lat="33.73833118" lon="-84.42345696"><ele>288.000</ele><time>2025-10-17T14:10:46Z</time><speed>0.090</speed><sat>17</sat></trkpt>
  <trkpt lat="33.73833059" lon="-84.42345679"><ele>288.000</ele><time>2025-10-17T14:10:47Z</time><speed>0.170</speed><sat>16</sat></trkpt>
  <trkpt lat="33.73832971" lon="-84.42345302"><ele>288.000</ele><time>2025-10-17T14:10:48Z</time><speed>0.160</speed><sat>18</sat></trkpt>
  <trkpt lat="33.73832610" lon="-84.42345327"><ele>288.000</ele><time>2025-10-17T14:10:49Z</time><speed>0.210</speed><sat>17</sat></trkpt>
  <trkpt lat="33.73832686" lon="-84.42345159"><ele>288.000</ele><time>2025-10-17T14:10:50Z</time><speed>0.490</speed><sat>18</sat></trkpt>
  <trkpt lat="33.73832581" lon="-84.42344941"><ele>288.000</ele><time>2025-10-17T14:10:51Z</time><speed>0.540</speed><sat>19</sat></trkpt>
  <trkpt lat="33.73832053" lon="-84.42344463"><ele>288.000</ele><time>2025-10-17T14:10:52Z</time><speed>0.200</speed><sat>19</sat></trkpt>
  <trkpt lat="33.73832166" lon="-84.42343994"><ele>289.000</ele><time>2025-10-17T14:10:53Z</time><speed>0.060</speed><sat>19</sat></trkpt>
  <trkpt lat="33.73832191" lon="-84.42343952"><ele>289.000</ele><time>2025-10-17T14:10:54Z</time><speed>0.000</speed><sat>19</sat></trkpt>
  <trkpt lat="33.73832191" lon="-84.42343935"><ele>289.000</ele><time>2025-10-17T14:10:55Z</time><speed>0.000</speed><sat>19</sat></trkpt>
  <trkpt lat="33.73832179" lon="-84.42343927"><ele>289.000</ele><time>2025-10-17T14:10:56Z</time><speed>0.000</speed><sat>19</sat></trkpt>
  <trkpt lat="33.73832175" lon="-84.42343919"><ele>289.000</ele><time>2025-10-17T14:10:57Z</time><speed>0.000</speed><sat>19</sat></trkpt>
  <trkpt lat="33.73832183" lon="-84.42343935"><ele>289.000</ele><time>2025-10-17T14:10:58Z</time><speed>0.000</speed><sat>19</sat></trkpt>
  <trkpt lat="33.73832191" lon="-84.42344748"><ele>289.000</ele><time>2025-10-17T14:10:59Z</time><speed>0.030</speed><sat>19</sat></trkpt>
  <trkpt lat="33.73832191" lon="-84.42344748"><ele>289.000</ele><time>2025-10-17T14:11:00Z</time><speed>0.000</speed><sat>19</sat></trkpt>
  <trkpt lat="33.73832179" lon="-84.42344740"><ele>289.000</ele><time>2025-10-17T14:11:01Z</time><speed>0.000</speed><sat>19</sat></trkpt>
  <trkpt lat="33.73832175" lon="-84.42344732"><ele>289.000</ele><time>2025-10-17T14:11:02Z</time><speed>0.000</speed><sat>19</sat></trkpt>
  <trkpt lat="33.73832007" lon="-84.42344665"><ele>289.000</ele><time>2025-10-17T14:11:03Z</time><speed>0.230</speed><sat>19</sat></trkpt>
  <trkpt lat="33.73832040" lon="-84.42344614"><ele>289.000</ele><time>2025-10-17T14:11:04Z</time><speed>0.000</speed><sat>19</sat></trkpt>
  <trkpt lat="33.73832066" lon="-84.42344572"><ele>289.000</ele><time>2025-10-17T14:11:05Z</time><speed>0.320</speed><sat>19</sat></trkpt>
  <trkpt lat="33.73832082" lon="-84.42345050"><ele>288.000</ele><time>2025-10-17T14:11:06Z</time><speed>0.150</speed><sat>19</sat></trkpt>
  <trkpt lat="33.73832208" lon="-84.42345620"><ele>286.000</ele><time>2025-10-17T14:11:07Z</time><speed>0.350</speed><sat>19</sat></trkpt>
  <trkpt lat="33.73832996" lon="-84.42345360"><ele>286.000</ele><time>2025-10-17T14:11:08Z</time><speed>1.370</speed><sat>20</sat></trkpt>
  <trkpt lat="33.73834228" lon="-84.42345461"><ele>286.000</ele><time>2025-10-17T14:11:09Z</time><speed>1.100</speed><sat>19</sat></trkpt>
  <trkpt lat="33.73835326" lon="-84.42345260"><ele>286.000</ele><time>2025-10-17T14:11:10Z</time><speed>1.120</speed><sat>18</sat></trkpt>
  <trkpt lat="33.73836428" lon="-84.42345578"><ele>285.000</ele><time>2025-10-17T14:11:11Z</time><speed>1.250</speed><sat>19</sat></trkpt>
  <trkpt lat="33.73837925" lon="-84.42345712"><ele>286.000</ele><time>2025-10-17T14:11:12Z</time><speed>1.900</speed><sat>19</sat></trkpt>
  <trkpt lat="33.73839270" lon="-84.42345813"><ele>286.000</ele><time>2025-10-17T14:11:13Z</time><speed>0.910</speed><sat>19</sat></trkpt>
  <trkpt lat="33.73840267" lon="-84.42345955"><ele>286.000</ele><time>2025-10-17T14:11:14Z</time><speed>1.090</speed><sat>19</sat></trkpt>
  <trkpt lat="33.73841663" lon="-84.42345989"><ele>287.000</ele><time>2025-10-17T14:11:15Z</time><speed>1.460</speed><sat>19</sat></trkpt>
  <trkpt lat="33.73843038" lon="-84.42346106"><ele>287.000</ele><time>2025-10-17T14:11:16Z</time><speed>1.560</speed><sat>19</sat></trkpt>
  <trkpt lat="33.73844249" lon="-84.42346006"><ele>287.000</ele><time>2025-10-17T14:11:17Z</time><speed>1.320</speed><sat>19</sat></trkpt>
  <trkpt lat="33.73845665" lon="-84.42346048"><ele>286.000</ele><time>2025-10-17T14:11:18Z</time><speed>1.240</speed><sat>19</sat></trkpt>
  <trkpt lat="33.73846759" lon="-84.42346014"><ele>287.000</ele><time>2025-10-17T14:11:19Z</time><speed>1.020</speed><sat>19</sat></trkpt>
  <trkpt lat="33.73847744" lon="-84.42345863"><ele>287.000</ele><time>2025-10-17T14:11:20Z</time><speed>0.910</speed><sat>21</sat></trkpt>
  <trkpt lat="33.73848670" lon="-84.42345863"><ele>287.000</ele><time>2025-10-17T14:11:21Z</time><speed>1.050</speed><sat>20</sat></trkpt>
  <trkpt lat="33.73849429" lon="-84.42345754"><ele>287.000</ele><time>2025-10-17T14:11:22Z</time><speed>0.690</speed><sat>20</sat></trkpt>
  <trkpt lat="33.73850397" lon="-84.42345427"><ele>287.000</ele><time>2025-10-17T14:11:23Z</time><speed>1.080</speed><sat>20</sat></trkpt>
  <trkpt lat="33.73851780" lon="-84.42344891"><ele>287.000</ele><time>2025-10-17T14:11:24Z</time><speed>1.810</speed><sat>20</sat></trkpt>
  <trkpt lat="33.73852761" lon="-84.42344313"><ele>287.000</ele><time>2025-10-17T14:11:25Z</time><speed>0.920</speed><sat>19</sat></trkpt>
  <trkpt lat="33.73853360" lon="-84.42343625"><ele>287.000</ele><time>2025-10-17T14:11:26Z</time><speed>0.990</speed><sat>19</sat></trkpt>
  <trkpt lat="33.73854525" lon="-84.42343323"><ele>287.000</ele><time>2025-10-17T14:11:27Z</time><speed>1.060</speed><sat>18</sat></trkpt>
  <trkpt lat="33.73855656" lon="-84.42343055"><ele>288.000</ele><time>2025-10-17T14:11:28Z</time><speed>0.940</speed><sat>18</sat></trkpt>
  <trkpt lat="33.73856486" lon="-84.42342787"><ele>288.000</ele><time>2025-10-17T14:11:29Z</time><speed>0.760</speed><sat>19</sat></trkpt>
  <trkpt lat="33.73857760" lon="-84.42342930"><ele>288.000</ele><time>2025-10-17T14:11:30Z</time><speed>1.140</speed><sat>19</sat></trkpt>
  <trkpt lat="33.73858741" lon="-84.42342921"><ele>288.000</ele><time>2025-10-17T14:11:31Z</time><speed>0.800</speed><sat>19</sat></trkpt>
  <trkpt lat="33.73859839" lon="-84.42342854"><ele>288.000</ele><time>2025-10-17T14:11:32Z</time><speed>1.490</speed><sat>19</sat></trkpt>
  <trkpt lat="33.73861750" lon="-84.42343441"><ele>288.000</ele><time>2025-10-17T14:11:33Z</time><speed>1.690</speed><sat>19</sat></trkpt>
  <trkpt lat="33.73862915" lon="-84.42344145"><ele>287.000</ele><time>2025-10-17T14:11:34Z</time><speed>1.200</speed><sat>19</sat></trkpt>
  <trkpt lat="33.73864152" lon="-84.42344866"><ele>287.000</ele><time>2025-10-17T14:11:35Z</time><speed>1.550</speed><sat>18</sat></trkpt>
  <trkpt lat="33.73865840" lon="-84.42345545"><ele>287.000</ele><time>2025-10-17T14:11:36Z</time><speed>1.880</speed><sat>19</sat></trkpt>
  <trkpt lat="33.73867764" lon="-84.42345763"><ele>287.000</ele><time>2025-10-17T14:11:37Z</time><speed>1.860</speed><sat>19</sat></trkpt>
  <trkpt lat="33.73869223" lon="-84.42345662"><ele>287.000</ele><time>2025-10-17T14:11:38Z</time><speed>1.370</speed><sat>19</sat></trkpt>
  <trkpt lat="33.73870627" lon="-84.42345276"><ele>287.000</ele><time>2025-10-17T14:11:39Z</time><speed>1.210</speed><sat>18</sat></trkpt>
  <trkpt lat="33.73872014" lon="-84.42345050"><ele>287.000</ele><time>2025-10-17T14:11:40Z</time><speed>1.370</speed><sat>18</sat></trkpt>
  <trkpt lat="33.73873401" lon="-84.42344799"><ele>287.000</ele><time>2025-10-17T14:11:41Z</time><speed>1.240</speed><sat>18</sat></trkpt>
  <trkpt lat="33.73874600" lon="-84.42344824"><ele>287.000</ele><time>2025-10-17T14:11:42Z</time><speed>1.020</speed><sat>18</sat></trkpt>
  <trkpt lat="33.73875723" lon="-84.42344723"><ele>287.000</ele><time>2025-10-17T14:11:43Z</time><speed>1.110</speed><sat>19</sat></trkpt>
  <trkpt lat="33.73876611" lon="-84.42344707"><ele>287.000</ele><time>2025-10-17T14:11:44Z</time><speed>0.940</speed><sat>18</sat></trkpt>
  <trkpt lat="33.73877579" lon="-84.42344447"><ele>287.000</ele><time>2025-10-17T14:11:45Z</time><speed>0.990</speed><sat>18</sat></trkpt>
  <trkpt lat="33.73878619" lon="-84.42344363"><ele>286.000</ele><time>2025-10-17T14:11:46Z</time><speed>1.070</speed><sat>19</sat></trkpt>
  <trkpt lat="33.73879683" lon="-84.42344237"><ele>286.000</ele><time>2025-10-17T14:11:47Z</time><speed>1.190</speed><sat>19</sat></trkpt>
  <trkpt lat="33.73880756" lon="-84.42344271"><ele>286.000</ele><time>2025-10-17T14:11:48Z</time><speed>0.860</speed><sat>19</sat></trkpt>
  <trkpt lat="33.73881787" lon="-84.42344329"><ele>286.000</ele><time>2025-10-17T14:11:49Z</time><speed>0.860</speed><sat>20</sat></trkpt>
  <trkpt lat="33.73882973" lon="-84.42344430"><ele>286.000</ele><time>2025-10-17T14:11:50Z</time><speed>1.120</speed><sat>20</sat></trkpt>
  <trkpt lat="33.73884256" lon="-84.42344933"><ele>286.000</ele><time>2025-10-17T14:11:51Z</time><speed>1.440</speed><sat>20</sat></trkpt>
  <trkpt lat="33.73885701" lon="-84.42345813"><ele>286.000</ele><time>2025-10-17T14:11:52Z</time><speed>1.490</speed><sat>19</sat></trkpt>
  <trkpt lat="33.73886913" lon="-84.42345913"><ele>286.000</ele><time>2025-10-17T14:11:53Z</time><speed>0.940</speed><sat>19</sat></trkpt>
  <trkpt lat="33.73888212" lon="-84.42345570"><ele>286.000</ele><time>2025-10-17T14:11:54Z</time><speed>1.510</speed><sat>19</sat></trkpt>
  <trkpt lat="33.73889616" lon="-84.42345075"><ele>286.000</ele><time>2025-10-17T14:11:55Z</time><speed>1.330</speed><sat>19</sat></trkpt>
  <trkpt lat="33.73891057" lon="-84.42344824"><ele>286.000</ele><time>2025-10-17T14:11:56Z</time><speed>1.560</speed><sat>20</sat></trkpt>
  <trkpt lat="33.73892801" lon="-84.42344983"><ele>286.000</ele><time>2025-10-17T14:11:57Z</time><speed>1.920</speed><sat>20</sat></trkpt>
  <trkpt lat="33.73893790" lon="-84.42344899"><ele>286.000</ele><time>2025-10-17T14:11:58Z</time><speed>1.100</speed><sat>19</sat></trkpt>
  <trkpt lat="33.73894800" lon="-84.42344799"><ele>286.000</ele><time>2025-10-17T14:11:59Z</time><speed>1.060</speed><sat>20</sat></trkpt>
  <trkpt lat="33.73895772" lon="-84.42344472"><ele>286.000</ele><time>2025-10-17T14:12:00Z</time><speed>1.000</speed><sat>20</sat></trkpt>
  <trkpt lat="33.73896895" lon="-84.42344187"><ele>286.000</ele><time>2025-10-17T14:12:01Z</time><speed>1.150</speed><sat>20</sat></trkpt>
  <trkpt lat="33.73897901" lon="-84.42343969"><ele>286.000</ele><time>2025-10-17T14:12:02Z</time><speed>1.390</speed><sat>20</sat></trkpt>
  <trkpt lat="33.73899003" lon="-84.42343986"><ele>286.000</ele><time>2025-10-17T14:12:03Z</time><speed>0.740</speed><sat>20</sat></trkpt>
  <trkpt lat="33.73899909" lon="-84.42344195"><ele>287.000</ele><time>2025-10-17T14:12:04Z</time><speed>0.820</speed><sat>20</sat></trkpt>
  <trkpt lat="33.73900864" lon="-84.42344304"><ele>287.000</ele><time>2025-10-17T14:12:05Z</time><speed>1.070</speed><sat>18</sat></trkpt>
  <trkpt lat="33.73901966" lon="-84.42344380"><ele>287.000</ele><time>2025-10-17T14:12:06Z</time><speed>0.870</speed><sat>20</sat></trkpt>
  <trkpt lat="33.73903031" lon="-84.42344480"><ele>287.000</ele><time>2025-10-17T14:12:07Z</time><speed>0.890</speed><sat>20</sat></trkpt>
  <trkpt lat="33.73903999" lon="-84.42344522"><ele>287.000</ele><time>2025-10-17T14:12:08Z</time><speed>1.010</speed><sat>20</sat></trkpt>
  <trkpt lat="33.73903794" lon="-84.42344455"><ele>287.000</ele><time>2025-10-17T14:12:09Z</time><speed>0.000</speed><sat>20</sat></trkpt>
  <trkpt lat="33.73904481" lon="-84.42344463"><ele>286.000</ele><time>2025-10-17T14:12:10Z</time><speed>0.920</speed><sat>20</sat></trkpt>
  <trkpt lat="33.73906170" lon="-84.42344078"><ele>286.000</ele><time>2025-10-17T14:12:11Z</time><speed>1.450</speed><sat>20</sat></trkpt>
  <trkpt lat="33.73907809" lon="-84.42343893"><ele>286.000</ele><time>2025-10-17T14:12:12Z</time><speed>1.400</speed><sat>20</sat></trkpt>
  <trkpt lat="33.73909271" lon="-84.42344044"><ele>287.000</ele><time>2025-10-17T14:12:13Z</time><speed>1.290</speed><sat>20</sat></trkpt>
  <trkpt lat="33.73910633" lon="-84.42343634"><ele>286.000</ele><time>2025-10-17T14:12:14Z</time><speed>1.220</speed><sat>20</sat></trkpt>
  <trkpt lat="33.73911912" lon="-84.42343198"><ele>286.000</ele><time>2025-10-17T14:12:15Z</time><speed>1.150</speed><sat>20</sat></trkpt>
  <trkpt lat="33.73913123" lon="-84.42342955"><ele>286.000</ele><time>2025-10-17T14:12:16Z</time><speed>1.010</speed><sat>20</sat></trkpt>
  <trkpt lat="33.73913898" lon="-84.42342745"><ele>286.000</ele><time>2025-10-17T14:12:17Z</time><speed>0.210</speed><sat>20</sat></trkpt>
  <trkpt lat="33.73913886" lon="-84.42343030"><ele>286.000</ele><time>2025-10-17T14:12:18Z</time><speed>0.690</speed><sat>20</sat></trkpt>
  <trkpt lat="33.73913014" lon="-84.42343466"><ele>285.000</ele><time>2025-10-17T14:12:19Z</time><speed>0.830</speed><sat>19</sat></trkpt>
  <trkpt lat="33.73912297" lon="-84.42344053"><ele>285.000</ele><time>2025-10-17T14:12:20Z</time><speed>0.880</speed><sat>19</sat></trkpt>
  <trkpt lat="33.73911446" lon="-84.42344304"><ele>285.000</ele><time>2025-10-17T14:12:21Z</time><speed>1.160</speed><sat>20</sat></trkpt>
  <trkpt lat="33.73910126" lon="-84.42344497"><ele>285.000</ele><time>2025-10-17T14:12:22Z</time><speed>1.530</speed><sat>19</sat></trkpt>
  <trkpt lat="33.73908898" lon="-84.42344690"><ele>285.000</ele><time>2025-10-17T14:12:23Z</time><speed>1.230</speed><sat>20</sat></trkpt>
  <trkpt lat="33.73907754" lon="-84.42344774"><ele>285.000</ele><time>2025-10-17T14:12:24Z</time><speed>1.390</speed><sat>19</sat></trkpt>
  <trkpt lat="33.73906606" lon="-84.42344715"><ele>285.000</ele><time>2025-10-17T14:12:25Z</time><speed>1.250</speed><sat>20</sat></trkpt>
  <trkpt lat="33.73905621" lon="-84.42344748"><ele>285.000</ele><time>2025-10-17T14:12:26Z</time><speed>1.470</speed><sat>19</sat></trkpt>
  <trkpt lat="33.73904343" lon="-84.42344480"><ele>285.000</ele><time>2025-10-17T14:12:27Z</time><speed>1.450</speed><sat>20</sat></trkpt>
  <trkpt lat="33.73903215" lon="-84.42344614"><ele>285.000</ele><time>2025-10-17T14:12:28Z</time><speed>1.490</speed><sat>20</sat></trkpt>
  <trkpt lat="33.73901950" lon="-84.42344690"><ele>285.000</ele><time>2025-10-17T14:12:29Z</time><speed>1.970</speed><sat>20</sat></trkpt>
  <trkpt lat="33.73900793" lon="-84.42344639"><ele>285.000</ele><time>2025-10-17T14:12:30Z</time><speed>1.090</speed><sat>19</sat></trkpt>
  <trkpt lat="33.73899821" lon="-84.42344463"><ele>285.000</ele><time>2025-10-17T14:12:31Z</time><speed>1.250</speed><sat>20</sat></trkpt>
  <trkpt lat="33.73898618" lon="-84.42344237"><ele>285.000</ele><time>2025-10-17T14:12:32Z</time><speed>1.260</speed><sat>20</sat></trkpt>
  <trkpt lat="33.73897235" lon="-84.42344229"><ele>285.000</ele><time>2025-10-17T14:12:33Z</time><speed>1.210</speed><sat>19</sat></trkpt>
  <trkpt lat="33.73896204" lon="-84.42344237"><ele>284.000</ele><time>2025-10-17T14:12:34Z</time><speed>1.090</speed><sat>19</sat></trkpt>
  <trkpt lat="33.73894892" lon="-84.42344455"><ele>284.000</ele><time>2025-10-17T14:12:35Z</time><speed>1.800</speed><sat>19</sat></trkpt>
  <trkpt lat="33.73893467" lon="-84.42344857"><ele>284.000</ele><time>2025-10-17T14:12:36Z</time><speed>1.470</speed><sat>19</sat></trkpt>
  <trkpt lat="33.73891946" lon="-84.42344815"><ele>284.000</ele><time>2025-10-17T14:12:37Z</time><speed>1.590</speed><sat>20</sat></trkpt>
  <trkpt lat="33.73890546" lon="-84.42344589"><ele>284.000</ele><time>2025-10-17T14:12:38Z</time><speed>1.490</speed><sat>19</sat></trkpt>
  <trkpt lat="33.73889406" lon="-84.42344690"><ele>283.000</ele><time>2025-10-17T14:12:39Z</time><speed>1.390</speed><sat>19</sat></trkpt>
  <trkpt lat="33.73888589" lon="-84.42344765"><ele>284.000</ele><time>2025-10-17T14:12:40Z</time><speed>1.000</speed><sat>19</sat></trkpt>
  <trkpt lat="33.73887411" lon="-84.42344866"><ele>283.000</ele><time>2025-10-17T14:12:41Z</time><speed>1.520</speed><sat>19</sat></trkpt>
  <trkpt lat="33.73886133" lon="-84.42344924"><ele>283.000</ele><time>2025-10-17T14:12:42Z</time><speed>1.280</speed><sat>20</sat></trkpt>
  <trkpt lat="33.73885090" lon="-84.42345067"><ele>283.000</ele><time>2025-10-17T14:12:43Z</time><speed>0.940</speed><sat>20</sat></trkpt>
  <trkpt lat="33.73883903" lon="-84.42344916"><ele>283.000</ele><time>2025-10-17T14:12:44Z</time><speed>1.650</speed><sat>20</sat></trkpt>
  <trkpt lat="33.73882537" lon="-84.42344648"><ele>283.000</ele><time>2025-10-17T14:12:45Z</time><speed>1.330</speed><sat>20</sat></trkpt>
  <trkpt lat="33.73881154" lon="-84.42344422"><ele>283.000</ele><time>2025-10-17T14:12:46Z</time><speed>1.250</speed><sat>20</sat></trkpt>
  <trkpt lat="33.73879998" lon="-84.42344254"><ele>283.000</ele><time>2025-10-17T14:12:47Z</time><speed>1.390</speed><sat>20</sat></trkpt>
  <trkpt lat="33.73878795" lon="-84.42344514"><ele>283.000</ele><time>2025-10-17T14:12:48Z</time><speed>1.250</speed><sat>20</sat></trkpt>
  <trkpt lat="33.73877642" lon="-84.42344715"><ele>283.000</ele><time>2025-10-17T14:12:49Z</time><speed>1.290</speed><sat>21</sat></trkpt>
  <trkpt lat="33.73876159" lon="-84.42344790"><ele>283.000</ele><time>2025-10-17T14:12:50Z</time><speed>1.410</speed><sat>21</sat></trkpt>
  <trkpt lat="33.73874876" lon="-84.42344656"><ele>282.000</ele><time>2025-10-17T14:12:51Z</time><speed>1.260</speed><sat>19</sat></trkpt>
  <trkpt lat="33.73873514" lon="-84.42344539"><ele>282.000</ele><time>2025-10-17T14:12:52Z</time><speed>1.620</speed><sat>19</sat></trkpt>
  <trkpt lat="33.73872261" lon="-84.42344572"><ele>282.000</ele><time>2025-10-17T14:12:53Z</time><speed>1.260</speed><sat>19</sat></trkpt>
  <trkpt lat="33.73871100" lon="-84.42344824"><ele>282.000</ele><time>2025-10-17T14:12:54Z</time><speed>1.110</speed><sat>20</sat></trkpt>
  <trkpt lat="33.73870073" lon="-84.42344941"><ele>281.000</ele><time>2025-10-17T14:12:55Z</time><speed>1.170</speed><sat>20</sat></trkpt>
  <trkpt lat="33.73868887" lon="-84.42344589"><ele>281.000</ele><time>2025-10-17T14:12:56Z</time><speed>1.420</speed><sat>18</sat></trkpt>
  <trkpt lat="33.73867395" lon="-84.42344455"><ele>281.000</ele><time>2025-10-17T14:12:57Z</time><speed>1.730</speed><sat>19</sat></trkpt>
  <trkpt lat="33.73865769" lon="-84.42344438"><ele>281.000</ele><time>2025-10-17T14:12:58Z</time><speed>1.920</speed><sat>20</sat></trkpt>
  <trkpt lat="33.73863883" lon="-84.42344111"><ele>281.000</ele><time>2025-10-17T14:12:59Z</time><speed>2.050</speed><sat>20</sat></trkpt>
  <trkpt lat="33.73862278" lon="-84.42344036"><ele>281.000</ele><time>2025-10-17T14:13:00Z</time><speed>1.510</speed><sat>20</sat></trkpt>
  <trkpt lat="33.73861021" lon="-84.42344078"><ele>281.000</ele><time>2025-10-17T14:13:01Z</time><speed>1.430</speed><sat>20</sat></trkpt>
  <trkpt lat="33.73859785" lon="-84.42343986"><ele>281.000</ele><time>2025-10-17T14:13:02Z</time><speed>1.690</speed><sat>20</sat></trkpt>
  <trkpt lat="33.73858515" lon="-84.42343852"><ele>281.000</ele><time>2025-10-17T14:13:03Z</time><speed>1.590</speed><sat>20</sat></trkpt>
  <trkpt lat="33.73857031" lon="-84.42343944"><ele>281.000</ele><time>2025-10-17T14:13:04Z</time><speed>1.670</speed><sat>21</sat></trkpt>
  <trkpt lat="33.73855606" lon="-84.42343902"><ele>281.000</ele><time>2025-10-17T14:13:05Z</time><speed>1.690</speed><sat>20</sat></trkpt>
  <trkpt lat="33.73854240" lon="-84.42344086"><ele>281.000</ele><time>2025-10-17T14:13:06Z</time><speed>1.460</speed><sat>20</sat></trkpt>
  <trkpt lat="33.73853293" lon="-84.42344430"><ele>282.000</ele><time>2025-10-17T14:13:07Z</time><speed>0.880</speed><sat>20</sat></trkpt>
  <trkpt lat="33.73852538" lon="-84.42345033"><ele>282.000</ele><time>2025-10-17T14:13:08Z</time><speed>0.850</speed><sat>20</sat></trkpt>
  <trkpt lat="33.73851880" lon="-84.42345846"><ele>282.000</ele><time>2025-10-17T14:13:09Z</time><speed>0.910</speed><sat>20</sat></trkpt>
  <trkpt lat="33.73851105" lon="-84.42346291"><ele>282.000</ele><time>2025-10-17T14:13:10Z</time><speed>0.840</speed><sat>20</sat></trkpt>
  <trkpt lat="33.73850057" lon="-84.42346542"><ele>282.000</ele><time>2025-10-17T14:13:11Z</time><speed>1.030</speed><sat>20</sat></trkpt>
  <trkpt lat="33.73849119" lon="-84.42346676"><ele>282.000</ele><time>2025-10-17T14:13:12Z</time><speed>0.840</speed><sat>20</sat></trkpt>
  <trkpt lat="33.73848465" lon="-84.42346534"><ele>282.000</ele><time>2025-10-17T14:13:13Z</time><speed>0.160</speed><sat>20</sat></trkpt>
  <trkpt lat="33.73848469" lon="-84.42346542"><ele>282.000</ele><time>2025-10-17T14:13:14Z</time><speed>0.000</speed><sat>21</sat></trkpt>
  <trkpt lat="33.73848817" lon="-84.42345897"><ele>283.000</ele><time>2025-10-17T14:13:15Z</time><speed>0.430</speed><sat>20</sat></trkpt>
  <trkpt lat="33.73848859" lon="-84.42345419"><ele>283.000</ele><time>2025-10-17T14:13:16Z</time><speed>0.000</speed><sat>18</sat></trkpt>
  <trkpt lat="33.73848859" lon="-84.42345419"><ele>283.000</ele><time>2025-10-17T14:13:17Z</time><speed>0.000</speed><sat>20</sat></trkpt>
  <trkpt lat="33.73848792" lon="-84.42344715"><ele>284.000</ele><time>2025-10-17T14:13:18Z</time><speed>0.390</speed><sat>20</sat></trkpt>
  <trkpt lat="33.73848917" lon="-84.42344229"><ele>285.000</ele><time>2025-10-17T14:13:19Z</time><speed>0.190</speed><sat>20</sat></trkpt>
  <trkpt lat="33.73848934" lon="-84.42344271"><ele>285.000</ele><time>2025-10-17T14:13:20Z</time><speed>0.000</speed><sat>20</sat></trkpt>
  <trkpt lat="33.73849542" lon="-84.42343927"><ele>286.000</ele><time>2025-10-17T14:13:21Z</time><speed>0.100</speed><sat>19</sat></trkpt>
  <trkpt lat="33.73849642" lon="-84.42343818"><ele>287.000</ele><time>2025-10-17T14:13:22Z</time><speed>0.000</speed><sat>19</sat></trkpt>
  <trkpt lat="33.73849722" lon="-84.42343709"><ele>287.000</ele><time>2025-10-17T14:13:23Z</time><speed>0.000</speed><sat>19</sat></trkpt>
  <trkpt lat="33.73850074" lon="-84.42342837"><ele>287.000</ele><time>2025-10-17T14:13:24Z</time><speed>0.340</speed><sat>19</sat></trkpt>
  <trkpt lat="33.73850405" lon="-84.42341597"><ele>288.000</ele><time>2025-10-17T14:13:25Z</time><speed>1.440</speed><sat>21</sat></trkpt>
  <trkpt lat="33.73849747" lon="-84.42339895"><ele>288.000</ele><time>2025-10-17T14:13:26Z</time><speed>2.090</speed><sat>20</sat></trkpt>
  <trkpt lat="33.73848339" lon="-84.42338588"><ele>288.000</ele><time>2025-10-17T14:13:27Z</time><speed>1.350</speed><sat>20</sat></trkpt>
  <trkpt lat="33.73847627" lon="-84.42337884"><ele>288.000</ele><time>2025-10-17T14:13:28Z</time><speed>0.890</speed><sat>20</sat></trkpt>
  <trkpt lat="33.73847300" lon="-84.42336752"><ele>288.000</ele><time>2025-10-17T14:13:29Z</time><speed>1.170</speed><sat>20</sat></trkpt>
  <trkpt lat="33.73847363" lon="-84.42335453"><ele>289.000</ele><time>2025-10-17T14:13:30Z</time><speed>1.060</speed><sat>20</sat></trkpt>
  <trkpt lat="33.73847497" lon="-84.42333651"><ele>289.000</ele><time>2025-10-17T14:13:31Z</time><speed>1.410</speed><sat>20</sat></trkpt>
  <trkpt lat="33.73847082" lon="-84.42331891"><ele>289.000</ele><time>2025-10-17T14:13:32Z</time><speed>1.210</speed><sat>20</sat></trkpt>
  <trkpt lat="33.73846432" lon="-84.42330700"><ele>289.000</ele><time>2025-10-17T14:13:33Z</time><speed>1.300</speed><sat>20</sat></trkpt>
  <trkpt lat="33.73845829" lon="-84.42329376"><ele>288.000</ele><time>2025-10-17T14:13:34Z</time><speed>1.450</speed><sat>20</sat></trkpt>
  <trkpt lat="33.73845791" lon="-84.42328068"><ele>288.000</ele><time>2025-10-17T14:13:35Z</time><speed>1.320</speed><sat>20</sat></trkpt>
  <trkpt lat="33.73845267" lon="-84.42326761"><ele>288.000</ele><time>2025-10-17T14:13:36Z</time><speed>1.070</speed><sat>19</sat></trkpt>
  <trkpt lat="33.73844827" lon="-84.42325537"><ele>288.000</ele><time>2025-10-17T14:13:37Z</time><speed>0.980</speed><sat>19</sat></trkpt>
  <trkpt lat="33.73844446" lon="-84.42323819"><ele>288.000</ele><time>2025-10-17T14:13:38Z</time><speed>1.850</speed><sat>19</sat></trkpt>
  <trkpt lat="33.73844458" lon="-84.42323106"><ele>289.000</ele><time>2025-10-17T14:13:39Z</time><speed>0.350</speed><sat>19</sat></trkpt>
  <trkpt lat="33.73844693" lon="-84.42322025"><ele>288.000</ele><time>2025-10-17T14:13:40Z</time><speed>1.130</speed><sat>19</sat></trkpt>
  <trkpt lat="33.73844823" lon="-84.42320282"><ele>288.000</ele><time>2025-10-17T14:13:41Z</time><speed>1.090</speed><sat>20</sat></trkpt>
  <trkpt lat="33.73844274" lon="-84.42318580"><ele>288.000</ele><time>2025-10-17T14:13:42Z</time><speed>1.410</speed><sat>20</sat></trkpt>
  <trkpt lat="33.73843633" lon="-84.42316686"><ele>287.000</ele><time>2025-10-17T14:13:43Z</time><speed>1.150</speed><sat>19</sat></trkpt>
  <trkpt lat="33.73843549" lon="-84.42315169"><ele>287.000</ele><time>2025-10-17T14:13:44Z</time><speed>1.180</speed><sat>20</sat></trkpt>
  <trkpt lat="33.73843323" lon="-84.42313543"><ele>287.000</ele><time>2025-10-17T14:13:45Z</time><speed>1.470</speed><sat>20</sat></trkpt>
  <trkpt lat="33.73843486" lon="-84.42311632"><ele>287.000</ele><time>2025-10-17T14:13:46Z</time><speed>1.550</speed><sat>20</sat></trkpt>
  <trkpt lat="33.73843620" lon="-84.42309846"><ele>287.000</ele><time>2025-10-17T14:13:47Z</time><speed>1.410</speed><sat>20</sat></trkpt>
  <trkpt lat="33.73843607" lon="-84.42309192"><ele>286.000</ele><time>2025-10-17T14:13:48Z</time><speed>1.460</speed><sat>20</sat></trkpt>
  <trkpt lat="33.73843779" lon="-84.42308262"><ele>286.000</ele><time>2025-10-17T14:13:49Z</time><speed>1.170</speed><sat>20</sat></trkpt>
  <trkpt lat="33.73843700" lon="-84.42307164"><ele>286.000</ele><time>2025-10-17T14:13:50Z</time><speed>1.120</speed><sat>20</sat></trkpt>
  <trkpt lat="33.73843306" lon="-84.42305773"><ele>286.000</ele><time>2025-10-17T14:13:51Z</time><speed>0.920</speed><sat>20</sat></trkpt>
  <trkpt lat="33.73842623" lon="-84.42304339"><ele>286.000</ele><time>2025-10-17T14:13:52Z</time><speed>1.340</speed><sat>20</sat></trkpt>
  <trkpt lat="33.73842162" lon="-84.42302487"><ele>285.000</ele><time>2025-10-17T14:13:53Z</time><speed>1.350</speed><sat>20</sat></trkpt>
  <trkpt lat="33.73841755" lon="-84.42300869"><ele>285.000</ele><time>2025-10-17T14:13:54Z</time><speed>1.210</speed><sat>20</sat></trkpt>
  <trkpt lat="33.73841453" lon="-84.42299419"><ele>285.000</ele><time>2025-10-17T14:13:55Z</time><speed>1.170</speed><sat>20</sat></trkpt>
  <trkpt lat="33.73841072" lon="-84.42297441"><ele>285.000</ele><time>2025-10-17T14:13:56Z</time><speed>1.740</speed><sat>20</sat></trkpt>
  <trkpt lat="33.73840959" lon="-84.42295354"><ele>285.000</ele><time>2025-10-17T14:13:57Z</time><speed>1.420</speed><sat>20</sat></trkpt>
  <trkpt lat="33.73840343" lon="-84.42293879"><ele>285.000</ele><time>2025-10-17T14:13:58Z</time><speed>1.320</speed><sat>20</sat></trkpt>
  <trkpt lat="33.73840741" lon="-84.42291850"><ele>285.000</ele><time>2025-10-17T14:13:59Z</time><speed>1.060</speed><sat>19</sat></trkpt>
  <trkpt lat="33.73840829" lon="-84.42290224"><ele>285.000</ele><time>2025-10-17T14:14:00Z</time><speed>1.240</speed><sat>19</sat></trkpt>
  <trkpt lat="33.73840758" lon="-84.42289218"><ele>284.000</ele><time>2025-10-17T14:14:01Z</time><speed>0.370</speed><sat>20</sat></trkpt>
  <trkpt lat="33.73840179" lon="-84.42288606"><ele>283.000</ele><time>2025-10-17T14:14:02Z</time><speed>0.610</speed><sat>19</sat></trkpt>
  <trkpt lat="33.73839496" lon="-84.42287425"><ele>283.000</ele><time>2025-10-17T14:14:03Z</time><speed>0.910</speed><sat>19</sat></trkpt>
  <trkpt lat="33.73839065" lon="-84.42285505"><ele>283.000</ele><time>2025-10-17T14:14:04Z</time><speed>1.080</speed><sat>18</sat></trkpt>
  <trkpt lat="33.73838834" lon="-84.42283963"><ele>284.000</ele><time>2025-10-17T14:14:05Z</time><speed>0.790</speed><sat>17</sat></trkpt>
  <trkpt lat="33.73838587" lon="-84.42282446"><ele>284.000</ele><time>2025-10-17T14:14:06Z</time><speed>1.010</speed><sat>18</sat></trkpt>
  <trkpt lat="33.73838402" lon="-84.42280635"><ele>284.000</ele><time>2025-10-17T14:14:07Z</time><speed>1.070</speed><sat>17</sat></trkpt>
  <trkpt lat="33.73837992" lon="-84.42278783"><ele>284.000</ele><time>2025-10-17T14:14:08Z</time><speed>1.340</speed><sat>17</sat></trkpt>
  <trkpt lat="33.73837644" lon="-84.42277098"><ele>284.000</ele><time>2025-10-17T14:14:09Z</time><speed>1.370</speed><sat>17</sat></trkpt>
  <trkpt lat="33.73837443" lon="-84.42275363"><ele>284.000</ele><time>2025-10-17T14:14:10Z</time><speed>1.340</speed><sat>16</sat></trkpt>
  <trkpt lat="33.73837250" lon="-84.42273511"><ele>284.000</ele><time>2025-10-17T14:14:11Z</time><speed>1.350</speed><sat>17</sat></trkpt>
  <trkpt lat="33.73836789" lon="-84.42271935"><ele>285.000</ele><time>2025-10-17T14:14:12Z</time><speed>1.060</speed><sat>18</sat></trkpt>
  <trkpt lat="33.73836575" lon="-84.42270527"><ele>285.000</ele><time>2025-10-17T14:14:13Z</time><speed>0.830</speed><sat>17</sat></trkpt>
  <trkpt lat="33.73836420" lon="-84.42269236"><ele>285.000</ele><time>2025-10-17T14:14:14Z</time><speed>1.270</speed><sat>18</sat></trkpt>
  <trkpt lat="33.73836227" lon="-84.42267568"><ele>285.000</ele><time>2025-10-17T14:14:15Z</time><speed>1.470</speed><sat>18</sat></trkpt>
  <trkpt lat="33.73835967" lon="-84.42265699"><ele>285.000</ele><time>2025-10-17T14:14:16Z</time><speed>1.510</speed><sat>18</sat></trkpt>
  <trkpt lat="33.73835397" lon="-84.42263922"><ele>285.000</ele><time>2025-10-17T14:14:17Z</time><speed>1.770</speed><sat>17</sat></trkpt>
  <trkpt lat="33.73834920" lon="-84.42261960"><ele>285.000</ele><time>2025-10-17T14:14:18Z</time><speed>1.680</speed><sat>16</sat></trkpt>
  <trkpt lat="33.73834517" lon="-84.42260183"><ele>285.000</ele><time>2025-10-17T14:14:19Z</time><speed>1.470</speed><sat>18</sat></trkpt>
  <trkpt lat="33.73834182" lon="-84.42258549"><ele>285.000</ele><time>2025-10-17T14:14:20Z</time><speed>1.350</speed><sat>19</sat></trkpt>
  <trkpt lat="33.73834203" lon="-84.42256529"><ele>285.000</ele><time>2025-10-17T14:14:21Z</time><speed>1.510</speed><sat>18</sat></trkpt>
  <trkpt lat="33.73834291" lon="-84.42254568"><ele>285.000</ele><time>2025-10-17T14:14:22Z</time><speed>1.530</speed><sat>19</sat></trkpt>
  <trkpt lat="33.73834190" lon="-84.42252707"><ele>285.000</ele><time>2025-10-17T14:14:23Z</time><speed>1.610</speed><sat>19</sat></trkpt>
  <trkpt lat="33.73833977" lon="-84.42250972"><ele>285.000</ele><time>2025-10-17T14:14:24Z</time><speed>1.290</speed><sat>19</sat></trkpt>
  <trkpt lat="33.73833868" lon="-84.42249597"><ele>285.000</ele><time>2025-10-17T14:14:25Z</time><speed>1.060</speed><sat>19</sat></trkpt>
  <trkpt lat="33.73833700" lon="-84.42248239"><ele>285.000</ele><time>2025-10-17T14:14:26Z</time><speed>0.960</speed><sat>20</sat></trkpt>
  <trkpt lat="33.73833507" lon="-84.42247007"><ele>285.000</ele><time>2025-10-17T14:14:27Z</time><speed>0.880</speed><sat>19</sat></trkpt>
  <trkpt lat="33.73833155" lon="-84.42245666"><ele>285.000</ele><time>2025-10-17T14:14:28Z</time><speed>1.350</speed><sat>20</sat></trkpt>
  <trkpt lat="33.73832895" lon="-84.42244157"><ele>285.000</ele><time>2025-10-17T14:14:29Z</time><speed>1.170</speed><sat>20</sat></trkpt>
  <trkpt lat="33.73832782" lon="-84.42242422"><ele>285.000</ele><time>2025-10-17T14:14:30Z</time><speed>1.310</speed><sat>20</sat></trkpt>
  <trkpt lat="33.73832388" lon="-84.42241257"><ele>285.000</ele><time>2025-10-17T14:14:31Z</time><speed>1.180</speed><sat>20</sat></trkpt>
  <trkpt lat="33.73832133" lon="-84.42240201"><ele>285.000</ele><time>2025-10-17T14:14:32Z</time><speed>0.740</speed><sat>18</sat></trkpt>
  <trkpt lat="33.73831881" lon="-84.42238944"><ele>285.000</ele><time>2025-10-17T14:14:33Z</time><speed>1.430</speed><sat>19</sat></trkpt>
  <trkpt lat="33.73831709" lon="-84.42237460"><ele>285.000</ele><time>2025-10-17T14:14:34Z</time><speed>1.160</speed><sat>17</sat></trkpt>
  <trkpt lat="33.73831512" lon="-84.42236044"><ele>285.000</ele><time>2025-10-17T14:14:35Z</time><speed>1.230</speed><sat>19</sat></trkpt>
  <trkpt lat="33.73831387" lon="-84.42234443"><ele>285.000</ele><time>2025-10-17T14:14:36Z</time><speed>1.400</speed><sat>18</sat></trkpt>
  <trkpt lat="33.73831177" lon="-84.42232481"><ele>285.000</ele><time>2025-10-17T14:14:37Z</time><speed>1.800</speed><sat>18</sat></trkpt>
  <trkpt lat="33.73830963" lon="-84.42230428"><ele>285.000</ele><time>2025-10-17T14:14:38Z</time><speed>1.980</speed><sat>18</sat></trkpt>
  <trkpt lat="33.73830603" lon="-84.42228626"><ele>284.000</ele><time>2025-10-17T14:14:39Z</time><speed>0.960</speed><sat>17</sat></trkpt>
  <trkpt lat="33.73830523" lon="-84.42227217"><ele>284.000</ele><time>2025-10-17T14:14:40Z</time><speed>1.320</speed><sat>17</sat></trkpt>
  <trkpt lat="33.73830905" lon="-84.42224854"><ele>284.000</ele><time>2025-10-17T14:14:41Z</time><speed>2.480</speed><sat>17</sat></trkpt>
  <trkpt lat="33.73831299" lon="-84.42222272"><ele>284.000</ele><time>2025-10-17T14:14:42Z</time><speed>2.630</speed><sat>17</sat></trkpt>
  <trkpt lat="33.73831437" lon="-84.42220202"><ele>284.000</ele><time>2025-10-17T14:14:43Z</time><speed>2.370</speed><sat>17</sat></trkpt>
  <trkpt lat="33.73831215" lon="-84.42218442"><ele>284.000</ele><time>2025-10-17T14:14:44Z</time><speed>1.790</speed><sat>17</sat></trkpt>
  <trkpt lat="33.73831068" lon="-84.42216857"><ele>285.000</ele><time>2025-10-17T14:14:45Z</time><speed>1.840</speed><sat>18</sat></trkpt>
  <trkpt lat="33.73830586" lon="-84.42215583"><ele>285.000</ele><time>2025-10-17T14:14:46Z</time><speed>1.510</speed><sat>16</sat></trkpt>
  <trkpt lat="33.73830058" lon="-84.42214653"><ele>285.000</ele><time>2025-10-17T14:14:47Z</time><speed>1.450</speed><sat>18</sat></trkpt>
  <trkpt lat="33.73829622" lon="-84.42213421"><ele>285.000</ele><time>2025-10-17T14:14:48Z</time><speed>1.250</speed><sat>16</sat></trkpt>
  <trkpt lat="33.73829396" lon="-84.42212138"><ele>285.000</ele><time>2025-10-17T14:14:49Z</time><speed>1.550</speed><sat>17</sat></trkpt>
  <trkpt lat="33.73829161" lon="-84.42210646"><ele>285.000</ele><time>2025-10-17T14:14:50Z</time><speed>1.660</speed><sat>17</sat></trkpt>
  <trkpt lat="33.73828994" lon="-84.42208886"><ele>285.000</ele><time>2025-10-17T14:14:51Z</time><speed>1.530</speed><sat>17</sat></trkpt>
  <trkpt lat="33.73828889" lon="-84.42207034"><ele>285.000</ele><time>2025-10-17T14:14:52Z</time><speed>1.530</speed><sat>17</sat></trkpt>
  <trkpt lat="33.73828897" lon="-84.42205466"><ele>285.000</ele><time>2025-10-17T14:14:53Z</time><speed>1.440</speed><sat>18</sat></trkpt>
  <trkpt lat="33.73828830" lon="-84.42203882"><ele>284.000</ele><time>2025-10-17T14:14:54Z</time><speed>1.550</speed><sat>17</sat></trkpt>
  <trkpt lat="33.73828704" lon="-84.42202432"><ele>284.000</ele><time>2025-10-17T14:14:55Z</time><speed>1.300</speed><sat>17</sat></trkpt>
  <trkpt lat="33.73828524" lon="-84.42200873"><ele>284.000</ele><time>2025-10-17T14:14:56Z</time><speed>1.150</speed><sat>17</sat></trkpt>
  <trkpt lat="33.73828436" lon="-84.42199356"><ele>284.000</ele><time>2025-10-17T14:14:57Z</time><speed>1.310</speed><sat>17</sat></trkpt>
  <trkpt lat="33.73828260" lon="-84.42197730"><ele>285.000</ele><time>2025-10-17T14:14:58Z</time><speed>1.270</speed><sat>17</sat></trkpt>
  <trkpt lat="33.73828021" lon="-84.42196238"><ele>285.000</ele><time>2025-10-17T14:14:59Z</time><speed>1.310</speed><sat>18</sat></trkpt>
  <trkpt lat="33.73827837" lon="-84.42194796"><ele>285.000</ele><time>2025-10-17T14:15:00Z</time><speed>1.380</speed><sat>19</sat></trkpt>
  <trkpt lat="33.73827829" lon="-84.42193639"><ele>285.000</ele><time>2025-10-17T14:15:01Z</time><speed>0.980</speed><sat>18</sat></trkpt>
  <trkpt lat="33.73827950" lon="-84.42192097"><ele>284.000</ele><time>2025-10-17T14:15:02Z</time><speed>1.000</speed><sat>18</sat></trkpt>
  <trkpt lat="33.73827829" lon="-84.42190999"><ele>284.000</ele><time>2025-10-17T14:15:03Z</time><speed>1.070</speed><sat>19</sat></trkpt>
  <trkpt lat="33.73827120" lon="-84.42189868"><ele>284.000</ele><time>2025-10-17T14:15:04Z</time><speed>1.190</speed><sat>20</sat></trkpt>
  <trkpt lat="33.73826848" lon="-84.42188091"><ele>284.000</ele><time>2025-10-17T14:15:05Z</time><speed>1.670</speed><sat>20</sat></trkpt>
  <trkpt lat="33.73826647" lon="-84.42186180"><ele>284.000</ele><time>2025-10-17T14:15:06Z</time><speed>1.900</speed><sat>20</sat></trkpt>
  <trkpt lat="33.73826182" lon="-84.42184537"><ele>284.000</ele><time>2025-10-17T14:15:07Z</time><speed>1.400</speed><sat>20</sat></trkpt>
  <trkpt lat="33.73825737" lon="-84.42182852"><ele>284.000</ele><time>2025-10-17T14:15:08Z</time><speed>1.810</speed><sat>19</sat></trkpt>
  <trkpt lat="33.73825440" lon="-84.42181570"><ele>284.000</ele><time>2025-10-17T14:15:09Z</time><speed>0.610</speed><sat>20</sat></trkpt>
  <trkpt lat="33.73825750" lon="-84.42181150"><ele>284.000</ele><time>2025-10-17T14:15:10Z</time><speed>0.700</speed><sat>19</sat></trkpt>
  <trkpt lat="33.73825574" lon="-84.42180471"><ele>284.000</ele><time>2025-10-17T14:15:11Z</time><speed>0.860</speed><sat>19</sat></trkpt>
  <trkpt lat="33.73825004" lon="-84.42179315"><ele>283.000</ele><time>2025-10-17T14:15:12Z</time><speed>0.690</speed><sat>19</sat></trkpt>
  <trkpt lat="33.73824790" lon="-84.42178125"><ele>284.000</ele><time>2025-10-17T14:15:13Z</time><speed>0.910</speed><sat>19</sat></trkpt>
  <trkpt lat="33.73824505" lon="-84.42176490"><ele>284.000</ele><time>2025-10-17T14:15:14Z</time><speed>1.320</speed><sat>19</sat></trkpt>
  <trkpt lat="33.73824287" lon="-84.42174747"><ele>284.000</ele><time>2025-10-17T14:15:15Z</time><speed>1.530</speed><sat>19</sat></trkpt>
  <trkpt lat="33.73824379" lon="-84.42173003"><ele>284.000</ele><time>2025-10-17T14:15:16Z</time><speed>1.530</speed><sat>19</sat></trkpt>
  <trkpt lat="33.73824203" lon="-84.42171092"><ele>284.000</ele><time>2025-10-17T14:15:17Z</time><speed>1.760</speed><sat>19</sat></trkpt>
  <trkpt lat="33.73824078" lon="-84.42169080"><ele>285.000</ele><time>2025-10-17T14:15:18Z</time><speed>1.560</speed><sat>19</sat></trkpt>
  <trkpt lat="33.73824132" lon="-84.42167329"><ele>285.000</ele><time>2025-10-17T14:15:19Z</time><speed>1.460</speed><sat>19</sat></trkpt>
  <trkpt lat="33.73824015" lon="-84.42165560"><ele>285.000</ele><time>2025-10-17T14:15:20Z</time><speed>1.380</speed><sat>19</sat></trkpt>
  <trkpt lat="33.73823550" lon="-84.42163900"><ele>285.000</ele><time>2025-10-17T14:15:21Z</time><speed>1.230</speed><sat>19</sat></trkpt>
  <trkpt lat="33.73823114" lon="-84.42162383"><ele>285.000</ele><time>2025-10-17T14:15:22Z</time><speed>0.980</speed><sat>19</sat></trkpt>
  <trkpt lat="33.73822762" lon="-84.42161101"><ele>286.000</ele><time>2025-10-17T14:15:23Z</time><speed>1.090</speed><sat>20</sat></trkpt>
  <trkpt lat="33.73822565" lon="-84.42159391"><ele>286.000</ele><time>2025-10-17T14:15:24Z</time><speed>1.320</speed><sat>20</sat></trkpt>
  <trkpt lat="33.73822292" lon="-84.42157748"><ele>285.000</ele><time>2025-10-17T14:15:25Z</time><speed>1.330</speed><sat>20</sat></trkpt>
  <trkpt lat="33.73822058" lon="-84.42156189"><ele>285.000</ele><time>2025-10-17T14:15:26Z</time><speed>1.270</speed><sat>18</sat></trkpt>
  <trkpt lat="33.73821752" lon="-84.42154421"><ele>286.000</ele><time>2025-10-17T14:15:27Z</time><speed>1.480</speed><sat>18</sat></trkpt>
  <trkpt lat="33.73821312" lon="-84.42152996"><ele>286.000</ele><time>2025-10-17T14:15:28Z</time><speed>1.180</speed><sat>19</sat></trkpt>
  <trkpt lat="33.73821345" lon="-84.42151235"><ele>286.000</ele><time>2025-10-17T14:15:29Z</time><speed>1.630</speed><sat>19</sat></trkpt>
  <trkpt lat="33.73821328" lon="-84.42149668"><ele>286.000</ele><time>2025-10-17T14:15:30Z</time><speed>1.350</speed><sat>19</sat></trkpt>
  <trkpt lat="33.73821102" lon="-84.42148092"><ele>286.000</ele><time>2025-10-17T14:15:31Z</time><speed>1.530</speed><sat>19</sat></trkpt>
  <trkpt lat="33.73820696" lon="-84.42146399"><ele>286.000</ele><time>2025-10-17T14:15:32Z</time><speed>1.350</speed><sat>20</sat></trkpt>
  <trkpt lat="33.73820629" lon="-84.42144639"><ele>286.000</ele><time>2025-10-17T14:15:33Z</time><speed>1.530</speed><sat>20</sat></trkpt>
  <trkpt lat="33.73820553" lon="-84.42142736"><ele>286.000</ele><time>2025-10-17T14:15:34Z</time><speed>1.580</speed><sat>19</sat></trkpt>
  <trkpt lat="33.73820419" lon="-84.42141135"><ele>286.000</ele><time>2025-10-17T14:15:35Z</time><speed>1.220</speed><sat>20</sat></trkpt>
  <trkpt lat="33.73820059" lon="-84.42139752"><ele>286.000</ele><time>2025-10-17T14:15:36Z</time><speed>1.280</speed><sat>18</sat></trkpt>
  <trkpt lat="33.73819912" lon="-84.42138218"><ele>286.000</ele><time>2025-10-17T14:15:37Z</time><speed>1.470</speed><sat>20</sat></trkpt>
  <trkpt lat="33.73819765" lon="-84.42136902"><ele>287.000</ele><time>2025-10-17T14:15:38Z</time><speed>0.960</speed><sat>19</sat></trkpt>
  <trkpt lat="33.73819539" lon="-84.42135712"><ele>287.000</ele><time>2025-10-17T14:15:39Z</time><speed>1.200</speed><sat>20</sat></trkpt>
  <trkpt lat="33.73819245" lon="-84.42134480"><ele>286.000</ele><time>2025-10-17T14:15:40Z</time><speed>1.240</speed><sat>20</sat></trkpt>
  <trkpt lat="33.73818977" lon="-84.42133231"><ele>286.000</ele><time>2025-10-17T14:15:41Z</time><speed>1.180</speed><sat>19</sat></trkpt>
  <trkpt lat="33.73818877" lon="-84.42131815"><ele>286.000</ele><time>2025-10-17T14:15:42Z</time><speed>1.290</speed><sat>19</sat></trkpt>
  <trkpt lat="33.73818759" lon="-84.42130314"><ele>286.000</ele><time>2025-10-17T14:15:43Z</time><speed>1.250</speed><sat>20</sat></trkpt>
  <trkpt lat="33.73818575" lon="-84.42128696"><ele>286.000</ele><time>2025-10-17T14:15:44Z</time><speed>1.390</speed><sat>18</sat></trkpt>
  <trkpt lat="33.73818319" lon="-84.42127062"><ele>286.000</ele><time>2025-10-17T14:15:45Z</time><speed>1.340</speed><sat>18</sat></trkpt>
  <trkpt lat="33.73818055" lon="-84.42125109"><ele>286.000</ele><time>2025-10-17T14:15:46Z</time><speed>2.190</speed><sat>18</sat></trkpt>
  <trkpt lat="33.73817603" lon="-84.42123156"><ele>286.000</ele><time>2025-10-17T14:15:47Z</time><speed>1.580</speed><sat>17</sat></trkpt>
  <trkpt lat="33.73816894" lon="-84.42122553"><ele>283.000</ele><time>2025-10-17T14:15:48Z</time><speed>0.850</speed><sat>18</sat></trkpt>
  <trkpt lat="33.73817003" lon="-84.42121572"><ele>279.000</ele><time>2025-10-17T14:15:49Z</time><speed>0.920</speed><sat>18</sat></trkpt>
  <trkpt lat="33.73816982" lon="-84.42119921"><ele>278.000</ele><time>2025-10-17T14:15:50Z</time><speed>1.320</speed><sat>18</sat></trkpt>
  <trkpt lat="33.73817121" lon="-84.42118227"><ele>279.000</ele><time>2025-10-17T14:15:51Z</time><speed>1.010</speed><sat>16</sat></trkpt>
  <trkpt lat="33.73817251" lon="-84.42116576"><ele>280.000</ele><time>2025-10-17T14:15:52Z</time><speed>1.430</speed><sat>18</sat></trkpt>
  <trkpt lat="33.73817179" lon="-84.42115788"><ele>280.000</ele><time>2025-10-17T14:15:53Z</time><speed>0.270</speed><sat>17</sat></trkpt>
  <trkpt lat="33.73817603" lon="-84.42114355"><ele>281.000</ele><time>2025-10-17T14:15:54Z</time><speed>1.090</speed><sat>16</sat></trkpt>
  <trkpt lat="33.73817238" lon="-84.42112989"><ele>281.000</ele><time>2025-10-17T14:15:55Z</time><speed>1.000</speed><sat>16</sat></trkpt>
  <trkpt lat="33.73816760" lon="-84.42111681"><ele>281.000</ele><time>2025-10-17T14:15:56Z</time><speed>1.030</speed><sat>17</sat></trkpt>
  <trkpt lat="33.73816605" lon="-84.42110164"><ele>282.000</ele><time>2025-10-17T14:15:57Z</time><speed>1.220</speed><sat>16</sat></trkpt>
  <trkpt lat="33.73816626" lon="-84.42108454"><ele>282.000</ele><time>2025-10-17T14:15:58Z</time><speed>1.290</speed><sat>16</sat></trkpt>
  <trkpt lat="33.73816496" lon="-84.42107138"><ele>282.000</ele><time>2025-10-17T14:15:59Z</time><speed>0.730</speed><sat>17</sat></trkpt>
  <trkpt lat="33.73816329" lon="-84.42105646"><ele>282.000</ele><time>2025-10-17T14:16:00Z</time><speed>1.270</speed><sat>17</sat></trkpt>
  <trkpt lat="33.73816270" lon="-84.42103676"><ele>283.000</ele><time>2025-10-17T14:16:01Z</time><speed>1.840</speed><sat>17</sat></trkpt>
  <trkpt lat="33.73816241" lon="-84.42101531"><ele>285.000</ele><time>2025-10-17T14:16:02Z</time><speed>1.960</speed><sat>17</sat></trkpt>
  <trkpt lat="33.73815905" lon="-84.42099687"><ele>285.000</ele><time>2025-10-17T14:16:03Z</time><speed>1.290</speed><sat>17</sat></trkpt>
  <trkpt lat="33.73815465" lon="-84.42098103"><ele>286.000</ele><time>2025-10-17T14:16:04Z</time><speed>1.320</speed><sat>17</sat></trkpt>
  <trkpt lat="33.73815159" lon="-84.42096543"><ele>286.000</ele><time>2025-10-17T14:16:05Z</time><speed>1.320</speed><sat>17</sat></trkpt>
  <trkpt lat="33.73815013" lon="-84.42095328"><ele>286.000</ele><time>2025-10-17T14:16:06Z</time><speed>0.670</speed><sat>17</sat></trkpt>
  <trkpt lat="33.73814707" lon="-84.42093610"><ele>286.000</ele><time>2025-10-17T14:16:07Z</time><speed>1.930</speed><sat>17</sat></trkpt>
  <trkpt lat="33.73814288" lon="-84.42091808"><ele>286.000</ele><time>2025-10-17T14:16:08Z</time><speed>1.440</speed><sat>17</sat></trkpt>
  <trkpt lat="33.73814061" lon="-84.42090366"><ele>287.000</ele><time>2025-10-17T14:16:09Z</time><speed>0.980</speed><sat>16</sat></trkpt>
  <trkpt lat="33.73814279" lon="-84.42089260"><ele>286.000</ele><time>2025-10-17T14:16:10Z</time><speed>1.160</speed><sat>17</sat></trkpt>
  <trkpt lat="33.73813906" lon="-84.42087717"><ele>286.000</ele><time>2025-10-17T14:16:11Z</time><speed>1.270</speed><sat>16</sat></trkpt>
  <trkpt lat="33.73813747" lon="-84.42086217"><ele>286.000</ele><time>2025-10-17T14:16:12Z</time><speed>1.260</speed><sat>14</sat></trkpt>
  <trkpt lat="33.73813684" lon="-84.42084633"><ele>286.000</ele><time>2025-10-17T14:16:13Z</time><speed>1.220</speed><sat>16</sat></trkpt>
  <trkpt lat="33.73813663" lon="-84.42083342"><ele>286.000</ele><time>2025-10-17T14:16:14Z</time><speed>1.550</speed><sat>16</sat></trkpt>
  <trkpt lat="33.73813102" lon="-84.42081490"><ele>288.000</ele><time>2025-10-17T14:16:15Z</time><speed>2.080</speed><sat>16</sat></trkpt>
  <trkpt lat="33.73812988" lon="-84.42080023"><ele>288.000</ele><time>2025-10-17T14:16:16Z</time><speed>0.870</speed><sat>17</sat></trkpt>
  <trkpt lat="33.73812628" lon="-84.42079017"><ele>289.000</ele><time>2025-10-17T14:16:17Z</time><speed>0.840</speed><sat>14</sat></trkpt>
  <trkpt lat="33.73812309" lon="-84.42077860"><ele>288.000</ele><time>2025-10-17T14:16:18Z</time><speed>0.940</speed><sat>14</sat></trkpt>
  <trkpt lat="33.73812129" lon="-84.42076754"><ele>288.000</ele><time>2025-10-17T14:16:19Z</time><speed>0.790</speed><sat>17</sat></trkpt>
  <trkpt lat="33.73812284" lon="-84.42075773"><ele>288.000</ele><time>2025-10-17T14:16:20Z</time><speed>1.070</speed><sat>17</sat></trkpt>
  <trkpt lat="33.73812092" lon="-84.42074482"><ele>289.000</ele><time>2025-10-17T14:16:21Z</time><speed>0.940</speed><sat>16</sat></trkpt>
  <trkpt lat="33.73811911" lon="-84.42073208"><ele>289.000</ele><time>2025-10-17T14:16:22Z</time><speed>1.030</speed><sat>17</sat></trkpt>
  <trkpt lat="33.73811631" lon="-84.42071540"><ele>289.000</ele><time>2025-10-17T14:16:23Z</time><speed>1.250</speed><sat>17</sat></trkpt>
  <trkpt lat="33.73811253" lon="-84.42069705"><ele>289.000</ele><time>2025-10-17T14:16:24Z</time><speed>1.490</speed><sat>17</sat></trkpt>
  <trkpt lat="33.73810901" lon="-84.42067894"><ele>289.000</ele><time>2025-10-17T14:16:25Z</time><speed>1.480</speed><sat>17</sat></trkpt>
  <trkpt lat="33.73810625" lon="-84.42066603"><ele>289.000</ele><time>2025-10-17T14:16:26Z</time><speed>1.110</speed><sat>17</sat></trkpt>
  <trkpt lat="33.73810386" lon="-84.42065262"><ele>289.000</ele><time>2025-10-17T14:16:27Z</time><speed>1.080</speed><sat>17</sat></trkpt>
  <trkpt lat="33.73810155" lon="-84.42064013"><ele>289.000</ele><time>2025-10-17T14:16:28Z</time><speed>1.190</speed><sat>17</sat></trkpt>
  <trkpt lat="33.73810097" lon="-84.42062429"><ele>289.000</ele><time>2025-10-17T14:16:29Z</time><speed>1.050</speed><sat>16</sat></trkpt>
  <trkpt lat="33.73810361" lon="-84.42060443"><ele>289.000</ele><time>2025-10-17T14:16:30Z</time><speed>2.430</speed><sat>19</sat></trkpt>
  <trkpt lat="33.73810558" lon="-84.42058641"><ele>289.000</ele><time>2025-10-17T14:16:31Z</time><speed>1.020</speed><sat>18</sat></trkpt>
  <trkpt lat="33.73810273" lon="-84.42057878"><ele>289.000</ele><time>2025-10-17T14:16:32Z</time><speed>0.640</speed><sat>17</sat></trkpt>
  <trkpt lat="33.73810239" lon="-84.42056830"><ele>288.000</ele><time>2025-10-17T14:16:33Z</time><speed>1.080</speed><sat>18</sat></trkpt>
  <trkpt lat="33.73810386" lon="-84.42055254"><ele>289.000</ele><time>2025-10-17T14:16:34Z</time><speed>1.050</speed><sat>17</sat></trkpt>
  <trkpt lat="33.73809983" lon="-84.42054106"><ele>289.000</ele><time>2025-10-17T14:16:35Z</time><speed>1.090</speed><sat>17</sat></trkpt>
  <trkpt lat="33.73809351" lon="-84.42052891"><ele>289.000</ele><time>2025-10-17T14:16:36Z</time><speed>1.050</speed><sat>18</sat></trkpt>
  <trkpt lat="33.73808810" lon="-84.42051541"><ele>289.000</ele><time>2025-10-17T14:16:37Z</time><speed>1.090</speed><sat>18</sat></trkpt>
  <trkpt lat="33.73808466" lon="-84.42050133"><ele>289.000</ele><time>2025-10-17T14:16:38Z</time><speed>1.100</speed><sat>17</sat></trkpt>
  <trkpt lat="33.73808378" lon="-84.42048834"><ele>289.000</ele><time>2025-10-17T14:16:39Z</time><speed>1.040</speed><sat>17</sat></trkpt>
  <trkpt lat="33.73808102" lon="-84.42047509"><ele>289.000</ele><time>2025-10-17T14:16:40Z</time><speed>0.740</speed><sat>19</sat></trkpt>
  <trkpt lat="33.73807565" lon="-84.42046512"><ele>289.000</ele><time>2025-10-17T14:16:41Z</time><speed>0.780</speed><sat>18</sat></trkpt>
  <trkpt lat="33.73807268" lon="-84.42045582"><ele>289.000</ele><time>2025-10-17T14:16:42Z</time><speed>0.630</speed><sat>17</sat></trkpt>
  <trkpt lat="33.73807201" lon="-84.42044291"><ele>289.000</ele><time>2025-10-17T14:16:43Z</time><speed>1.130</speed><sat>17</sat></trkpt>
  <trkpt lat="33.73806844" lon="-84.42042564"><ele>289.000</ele><time>2025-10-17T14:16:44Z</time><speed>1.260</speed><sat>16</sat></trkpt>
  <trkpt lat="33.73806844" lon="-84.42041122"><ele>289.000</ele><time>2025-10-17T14:16:45Z</time><speed>0.870</speed><sat>17</sat></trkpt>
  <trkpt lat="33.73807071" lon="-84.42039723"><ele>289.000</ele><time>2025-10-17T14:16:46Z</time><speed>1.260</speed><sat>18</sat></trkpt>
  <trkpt lat="33.73806597" lon="-84.42037770"><ele>290.000</ele><time>2025-10-17T14:16:47Z</time><speed>1.790</speed><sat>16</sat></trkpt>
  <trkpt lat="33.73806606" lon="-84.42036638"><ele>290.000</ele><time>2025-10-17T14:16:48Z</time><speed>0.960</speed><sat>17</sat></trkpt>
  <trkpt lat="33.73807217" lon="-84.42036001"><ele>290.000</ele><time>2025-10-17T14:16:49Z</time><speed>1.040</speed><sat>17</sat></trkpt>
  <trkpt lat="33.73807544" lon="-84.42034844"><ele>290.000</ele><time>2025-10-17T14:16:50Z</time><speed>0.820</speed><sat>18</sat></trkpt>
  <trkpt lat="33.73807440" lon="-84.42033637"><ele>290.000</ele><time>2025-10-17T14:16:51Z</time><speed>0.690</speed><sat>19</sat></trkpt>
  <trkpt lat="33.73807264" lon="-84.42031927"><ele>289.000</ele><time>2025-10-17T14:16:52Z</time><speed>1.120</speed><sat>18</sat></trkpt>
  <trkpt lat="33.73806962" lon="-84.42030377"><ele>289.000</ele><time>2025-10-17T14:16:53Z</time><speed>0.730</speed><sat>18</sat></trkpt>
  <trkpt lat="33.73806233" lon="-84.42028667"><ele>289.000</ele><time>2025-10-17T14:16:54Z</time><speed>0.970</speed><sat>16</sat></trkpt>
  <trkpt lat="33.73805910" lon="-84.42026898"><ele>289.000</ele><time>2025-10-17T14:16:55Z</time><speed>0.790</speed><sat>16</sat></trkpt>
  <trkpt lat="33.73805294" lon="-84.42025331"><ele>289.000</ele><time>2025-10-17T14:16:56Z</time><speed>1.310</speed><sat>16</sat></trkpt>
  <trkpt lat="33.73805218" lon="-84.42023688"><ele>289.000</ele><time>2025-10-17T14:16:57Z</time><speed>1.150</speed><sat>16</sat></trkpt>
  <trkpt lat="33.73804933" lon="-84.42022095"><ele>289.000</ele><time>2025-10-17T14:16:58Z</time><speed>0.920</speed><sat>16</sat></trkpt>
  <trkpt lat="33.73804904" lon="-84.42020687"><ele>290.000</ele><time>2025-10-17T14:16:59Z</time><speed>1.190</speed><sat>17</sat></trkpt>
  <trkpt lat="33.73804573" lon="-84.42019321"><ele>290.000</ele><time>2025-10-17T14:17:00Z</time><speed>1.200</speed><sat>17</sat></trkpt>
  <trkpt lat="33.73804217" lon="-84.42017678"><ele>290.000</ele><time>2025-10-17T14:17:01Z</time><speed>1.090</speed><sat>14</sat></trkpt>
  <trkpt lat="33.73804690" lon="-84.42015423"><ele>290.000</ele><time>2025-10-17T14:17:02Z</time><speed>1.480</speed><sat>17</sat></trkpt>
  <trkpt lat="33.73804267" lon="-84.42013521"><ele>290.000</ele><time>2025-10-17T14:17:03Z</time><speed>1.730</speed><sat>16</sat></trkpt>
  <trkpt lat="33.73804187" lon="-84.42011794"><ele>291.000</ele><time>2025-10-17T14:17:04Z</time><speed>1.170</speed><sat>17</sat></trkpt>
  <trkpt lat="33.73803890" lon="-84.42010721"><ele>291.000</ele><time>2025-10-17T14:17:05Z</time><speed>0.820</speed><sat>16</sat></trkpt>
  <trkpt lat="33.73804057" lon="-84.42009657"><ele>291.000</ele><time>2025-10-17T14:17:06Z</time><speed>0.880</speed><sat>16</sat></trkpt>
  <trkpt lat="33.73804053" lon="-84.42008458"><ele>291.000</ele><time>2025-10-17T14:17:07Z</time><speed>0.920</speed><sat>16</sat></trkpt>
  <trkpt lat="33.73804384" lon="-84.42007561"><ele>291.000</ele><time>2025-10-17T14:17:08Z</time><speed>0.950</speed><sat>16</sat></trkpt>
  <trkpt lat="33.73805424" lon="-84.42006882"><ele>291.000</ele><time>2025-10-17T14:17:09Z</time><speed>0.800</speed><sat>18</sat></trkpt>
  <trkpt lat="33.73805432" lon="-84.42006145"><ele>290.000</ele><time>2025-10-17T14:17:10Z</time><speed>0.840</speed><sat>16</sat></trkpt>
  <trkpt lat="33.73805394" lon="-84.42004468"><ele>290.000</ele><time>2025-10-17T14:17:11Z</time><speed>1.030</speed><sat>16</sat></trkpt>
  <trkpt lat="33.73804875" lon="-84.42003177"><ele>290.000</ele><time>2025-10-17T14:17:12Z</time><speed>1.150</speed><sat>18</sat></trkpt>
  <trkpt lat="33.73804447" lon="-84.42001593"><ele>290.000</ele><time>2025-10-17T14:17:13Z</time><speed>1.200</speed><sat>17</sat></trkpt>
  <trkpt lat="33.73804430" lon="-84.41999791"><ele>290.000</ele><time>2025-10-17T14:17:14Z</time><speed>1.100</speed><sat>16</sat></trkpt>
  <trkpt lat="33.73804808" lon="-84.41997771"><ele>290.000</ele><time>2025-10-17T14:17:15Z</time><speed>1.270</speed><sat>15</sat></trkpt>
  <trkpt lat="33.73804577" lon="-84.41995709"><ele>290.000</ele><time>2025-10-17T14:17:16Z</time><speed>1.500</speed><sat>17</sat></trkpt>
  <trkpt lat="33.73804560" lon="-84.41994167"><ele>290.000</ele><time>2025-10-17T14:17:17Z</time><speed>1.190</speed><sat>18</sat></trkpt>
  <trkpt lat="33.73804573" lon="-84.41992583"><ele>290.000</ele><time>2025-10-17T14:17:18Z</time><speed>1.230</speed><sat>17</sat></trkpt>
  <trkpt lat="33.73804598" lon="-84.41990881"><ele>290.000</ele><time>2025-10-17T14:17:19Z</time><speed>1.220</speed><sat>17</sat></trkpt>
  <trkpt lat="33.73804447" lon="-84.41989012"><ele>289.000</ele><time>2025-10-17T14:17:20Z</time><speed>1.140</speed><sat>15</sat></trkpt>
  <trkpt lat="33.73804468" lon="-84.41987562"><ele>289.000</ele><time>2025-10-17T14:17:21Z</time><speed>1.440</speed><sat>18</sat></trkpt>
  <trkpt lat="33.73804313" lon="-84.41985601"><ele>289.000</ele><time>2025-10-17T14:17:22Z</time><speed>1.620</speed><sat>19</sat></trkpt>
  <trkpt lat="33.73804259" lon="-84.41984419"><ele>289.000</ele><time>2025-10-17T14:17:23Z</time><speed>1.160</speed><sat>19</sat></trkpt>
  <trkpt lat="33.73804104" lon="-84.41983237"><ele>289.000</ele><time>2025-10-17T14:17:24Z</time><speed>1.000</speed><sat>21</sat></trkpt>
  <trkpt lat="33.73803932" lon="-84.41982416"><ele>289.000</ele><time>2025-10-17T14:17:25Z</time><speed>0.770</speed><sat>18</sat></trkpt>
  <trkpt lat="33.73803852" lon="-84.41981477"><ele>289.000</ele><time>2025-10-17T14:17:26Z</time><speed>0.730</speed><sat>21</sat></trkpt>
  <trkpt lat="33.73803932" lon="-84.41980496"><ele>289.000</ele><time>2025-10-17T14:17:27Z</time><speed>0.550</speed><sat>19</sat></trkpt>
  <trkpt lat="33.73803492" lon="-84.41979096"><ele>289.000</ele><time>2025-10-17T14:17:28Z</time><speed>1.680</speed><sat>17</sat></trkpt>
  <trkpt lat="33.73802473" lon="-84.41977487"><ele>289.000</ele><time>2025-10-17T14:17:29Z</time><speed>1.720</speed><sat>17</sat></trkpt>
  <trkpt lat="33.73802369" lon="-84.41975752"><ele>289.000</ele><time>2025-10-17T14:17:30Z</time><speed>1.290</speed><sat>19</sat></trkpt>
  <trkpt lat="33.73802901" lon="-84.41973506"><ele>289.000</ele><time>2025-10-17T14:17:31Z</time><speed>2.120</speed><sat>17</sat></trkpt>
  <trkpt lat="33.73803580" lon="-84.41971486"><ele>289.000</ele><time>2025-10-17T14:17:32Z</time><speed>1.630</speed><sat>18</sat></trkpt>
  <trkpt lat="33.73803940" lon="-84.41969977"><ele>289.000</ele><time>2025-10-17T14:17:33Z</time><speed>1.540</speed><sat>20</sat></trkpt>
  <trkpt lat="33.73803798" lon="-84.41968007"><ele>289.000</ele><time>2025-10-17T14:17:34Z</time><speed>1.590</speed><sat>20</sat></trkpt>
  <trkpt lat="33.73803760" lon="-84.41966725"><ele>289.000</ele><time>2025-10-17T14:17:35Z</time><speed>1.060</speed><sat>20</sat></trkpt>
  <trkpt lat="33.73803827" lon="-84.41965392"><ele>289.000</ele><time>2025-10-17T14:17:36Z</time><speed>1.110</speed><sat>20</sat></trkpt>
  <trkpt lat="33.73803907" lon="-84.41962014"><ele>291.000</ele><time>2025-10-17T14:17:37Z</time><speed>2.310</speed><sat>19</sat></trkpt>
  <trkpt lat="33.73802943" lon="-84.41960153"><ele>291.000</ele><time>2025-10-17T14:17:38Z</time><speed>1.500</speed><sat>21</sat></trkpt>
  <trkpt lat="33.73802553" lon="-84.41958787"><ele>291.000</ele><time>2025-10-17T14:17:39Z</time><speed>1.580</speed><sat>21</sat></trkpt>
  <trkpt lat="33.73802498" lon="-84.41957697"><ele>292.000</ele><time>2025-10-17T14:17:40Z</time><speed>1.280</speed><sat>20</sat></trkpt>
  <trkpt lat="33.73802511" lon="-84.41956398"><ele>292.000</ele><time>2025-10-17T14:17:41Z</time><speed>1.320</speed><sat>20</sat></trkpt>
  <trkpt lat="33.73802276" lon="-84.41955091"><ele>292.000</ele><time>2025-10-17T14:17:42Z</time><speed>1.130</speed><sat>19</sat></trkpt>
  <trkpt lat="33.73802226" lon="-84.41953884"><ele>292.000</ele><time>2025-10-17T14:17:43Z</time><speed>1.120</speed><sat>21</sat></trkpt>
  <trkpt lat="33.73802561" lon="-84.41952677"><ele>292.000</ele><time>2025-10-17T14:17:44Z</time><speed>1.270</speed><sat>21</sat></trkpt>
  <trkpt lat="33.73803006" lon="-84.41951335"><ele>293.000</ele><time>2025-10-17T14:17:45Z</time><speed>1.050</speed><sat>20</sat></trkpt>
  <trkpt lat="33.73803261" lon="-84.41950028"><ele>293.000</ele><time>2025-10-17T14:17:46Z</time><speed>1.380</speed><sat>21</sat></trkpt>
  <trkpt lat="33.73803244" lon="-84.41948796"><ele>293.000</ele><time>2025-10-17T14:17:47Z</time><speed>1.010</speed><sat>21</sat></trkpt>
  <trkpt lat="33.73803861" lon="-84.41947396"><ele>293.000</ele><time>2025-10-17T14:17:48Z</time><speed>1.960</speed><sat>21</sat></trkpt>
  <trkpt lat="33.73804342" lon="-84.41946088"><ele>293.000</ele><time>2025-10-17T14:17:49Z</time><speed>0.920</speed><sat>21</sat></trkpt>
  <trkpt lat="33.73804548" lon="-84.41944906"><ele>293.000</ele><time>2025-10-17T14:17:50Z</time><speed>1.210</speed><sat>21</sat></trkpt>
  <trkpt lat="33.73804539" lon="-84.41943741"><ele>293.000</ele><time>2025-10-17T14:17:51Z</time><speed>1.070</speed><sat>20</sat></trkpt>
  <trkpt lat="33.73804531" lon="-84.41942534"><ele>293.000</ele><time>2025-10-17T14:17:52Z</time><speed>1.180</speed><sat>20</sat></trkpt>
  <trkpt lat="33.73804468" lon="-84.41941403"><ele>293.000</ele><time>2025-10-17T14:17:53Z</time><speed>1.040</speed><sat>20</sat></trkpt>
  <trkpt lat="33.73804259" lon="-84.41940464"><ele>293.000</ele><time>2025-10-17T14:17:54Z</time><speed>0.930</speed><sat>21</sat></trkpt>
  <trkpt lat="33.73803898" lon="-84.41939391"><ele>293.000</ele><time>2025-10-17T14:17:55Z</time><speed>0.920</speed><sat>21</sat></trkpt>
  <trkpt lat="33.73803772" lon="-84.41938318"><ele>293.000</ele><time>2025-10-17T14:17:56Z</time><speed>1.000</speed><sat>20</sat></trkpt>
  <trkpt lat="33.73803450" lon="-84.41936877"><ele>293.000</ele><time>2025-10-17T14:17:57Z</time><speed>1.130</speed><sat>19</sat></trkpt>
  <trkpt lat="33.73803249" lon="-84.41935703"><ele>293.000</ele><time>2025-10-17T14:17:58Z</time><speed>1.000</speed><sat>21</sat></trkpt>
  <trkpt lat="33.73803236" lon="-84.41934161"><ele>293.000</ele><time>2025-10-17T14:17:59Z</time><speed>1.240</speed><sat>21</sat></trkpt>
  <trkpt lat="33.73803110" lon="-84.41932769"><ele>293.000</ele><time>2025-10-17T14:18:00Z</time><speed>1.030</speed><sat>18</sat></trkpt>
  <trkpt lat="33.73803270" lon="-84.41931177"><ele>293.000</ele><time>2025-10-17T14:18:01Z</time><speed>1.530</speed><sat>20</sat></trkpt>
  <trkpt lat="33.73803328" lon="-84.41929425"><ele>293.000</ele><time>2025-10-17T14:18:02Z</time><speed>1.180</speed><sat>18</sat></trkpt>
  <trkpt lat="33.73803152" lon="-84.41927916"><ele>293.000</ele><time>2025-10-17T14:18:03Z</time><speed>1.340</speed><sat>18</sat></trkpt>
  <trkpt lat="33.73803278" lon="-84.41926173"><ele>293.000</ele><time>2025-10-17T14:18:04Z</time><speed>1.570</speed><sat>18</sat></trkpt>
  <trkpt lat="33.73803747" lon="-84.41924455"><ele>293.000</ele><time>2025-10-17T14:18:05Z</time><speed>0.730</speed><sat>21</sat></trkpt>
  <trkpt lat="33.73803760" lon="-84.41923189"><ele>293.000</ele><time>2025-10-17T14:18:06Z</time><speed>0.960</speed><sat>19</sat></trkpt>
  <trkpt lat="33.73803651" lon="-84.41921705"><ele>293.000</ele><time>2025-10-17T14:18:07Z</time><speed>1.320</speed><sat>19</sat></trkpt>
  <trkpt lat="33.73803458" lon="-84.41920448"><ele>293.000</ele><time>2025-10-17T14:18:08Z</time><speed>0.950</speed><sat>19</sat></trkpt>
  <trkpt lat="33.73803605" lon="-84.41919283"><ele>293.000</ele><time>2025-10-17T14:18:09Z</time><speed>0.900</speed><sat>19</sat></trkpt>
  <trkpt lat="33.73803672" lon="-84.41918143"><ele>293.000</ele><time>2025-10-17T14:18:10Z</time><speed>0.840</speed><sat>18</sat></trkpt>
  <trkpt lat="33.73803630" lon="-84.41916517"><ele>293.000</ele><time>2025-10-17T14:18:11Z</time><speed>1.110</speed><sat>19</sat></trkpt>
  <trkpt lat="33.73803630" lon="-84.41915033"><ele>293.000</ele><time>2025-10-17T14:18:12Z</time><speed>0.860</speed><sat>19</sat></trkpt>
  <trkpt lat="33.73803772" lon="-84.41913608"><ele>293.000</ele><time>2025-10-17T14:18:13Z</time><speed>1.040</speed><sat>19</sat></trkpt>
  <trkpt lat="33.73804028" lon="-84.41911966"><ele>293.000</ele><time>2025-10-17T14:18:14Z</time><speed>0.990</speed><sat>19</sat></trkpt>
  <trkpt lat="33.73804112" lon="-84.41910474"><ele>293.000</ele><time>2025-10-17T14:18:15Z</time><speed>1.210</speed><sat>19</sat></trkpt>
  <trkpt lat="33.73804074" lon="-84.41908588"><ele>293.000</ele><time>2025-10-17T14:18:16Z</time><speed>1.550</speed><sat>18</sat></trkpt>
  <trkpt lat="33.73804150" lon="-84.41906760"><ele>293.000</ele><time>2025-10-17T14:18:17Z</time><speed>1.400</speed><sat>19</sat></trkpt>
  <trkpt lat="33.73804280" lon="-84.41905260"><ele>293.000</ele><time>2025-10-17T14:18:18Z</time><speed>1.150</speed><sat>19</sat></trkpt>
  <trkpt lat="33.73804271" lon="-84.41903701"><ele>293.000</ele><time>2025-10-17T14:18:19Z</time><speed>1.300</speed><sat>18</sat></trkpt>
  <trkpt lat="33.73804250" lon="-84.41902184"><ele>294.000</ele><time>2025-10-17T14:18:20Z</time><speed>1.250</speed><sat>18</sat></trkpt>
  <trkpt lat="33.73804074" lon="-84.41900440"><ele>293.000</ele><time>2025-10-17T14:18:21Z</time><speed>1.440</speed><sat>18</sat></trkpt>
  <trkpt lat="33.73803873" lon="-84.41898881"><ele>293.000</ele><time>2025-10-17T14:18:22Z</time><speed>1.230</speed><sat>17</sat></trkpt>
  <trkpt lat="33.73803617" lon="-84.41897448"><ele>293.000</ele><time>2025-10-17T14:18:23Z</time><speed>1.240</speed><sat>19</sat></trkpt>
  <trkpt lat="33.73803488" lon="-84.41896057"><ele>294.000</ele><time>2025-10-17T14:18:24Z</time><speed>1.190</speed><sat>19</sat></trkpt>
  <trkpt lat="33.73803345" lon="-84.41894783"><ele>294.000</ele><time>2025-10-17T14:18:25Z</time><speed>1.150</speed><sat>17</sat></trkpt>
  <trkpt lat="33.73803320" lon="-84.41893375"><ele>294.000</ele><time>2025-10-17T14:18:26Z</time><speed>1.050</speed><sat>18</sat></trkpt>
  <trkpt lat="33.73803450" lon="-84.41891916"><ele>294.000</ele><time>2025-10-17T14:18:27Z</time><speed>1.150</speed><sat>21</sat></trkpt>
  <trkpt lat="33.73803475" lon="-84.41890223"><ele>294.000</ele><time>2025-10-17T14:18:28Z</time><speed>1.290</speed><sat>19</sat></trkpt>
  <trkpt lat="33.73803483" lon="-84.41888555"><ele>294.000</ele><time>2025-10-17T14:18:29Z</time><speed>1.380</speed><sat>19</sat></trkpt>
  <trkpt lat="33.73803634" lon="-84.41887080"><ele>294.000</ele><time>2025-10-17T14:18:30Z</time><speed>1.180</speed><sat>19</sat></trkpt>
  <trkpt lat="33.73803869" lon="-84.41885454"><ele>294.000</ele><time>2025-10-17T14:18:31Z</time><speed>1.540</speed><sat>20</sat></trkpt>
  <trkpt lat="33.73804057" lon="-84.41883853"><ele>294.000</ele><time>2025-10-17T14:18:32Z</time><speed>1.450</speed><sat>20</sat></trkpt>
  <trkpt lat="33.73804380" lon="-84.41882210"><ele>294.000</ele><time>2025-10-17T14:18:33Z</time><speed>1.160</speed><sat>20</sat></trkpt>
  <trkpt lat="33.73804665" lon="-84.41880483"><ele>294.000</ele><time>2025-10-17T14:18:34Z</time><speed>1.530</speed><sat>20</sat></trkpt>
  <trkpt lat="33.73804845" lon="-84.41879025"><ele>294.000</ele><time>2025-10-17T14:18:35Z</time><speed>0.990</speed><sat>20</sat></trkpt>
  <trkpt lat="33.73804837" lon="-84.41877868"><ele>294.000</ele><time>2025-10-17T14:18:36Z</time><speed>0.960</speed><sat>20</sat></trkpt>
  <trkpt lat="33.73804757" lon="-84.41876510"><ele>294.000</ele><time>2025-10-17T14:18:37Z</time><speed>1.130</speed><sat>21</sat></trkpt>
  <trkpt lat="33.73804619" lon="-84.41874876"><ele>294.000</ele><time>2025-10-17T14:18:38Z</time><speed>1.410</speed><sat>21</sat></trkpt>
  <trkpt lat="33.73804531" lon="-84.41873250"><ele>294.000</ele><time>2025-10-17T14:18:39Z</time><speed>1.170</speed><sat>20</sat></trkpt>
  <trkpt lat="33.73804665" lon="-84.41871833"><ele>294.000</ele><time>2025-10-17T14:18:40Z</time><speed>1.150</speed><sat>20</sat></trkpt>
  <trkpt lat="33.73804879" lon="-84.41870132"><ele>294.000</ele><time>2025-10-17T14:18:41Z</time><speed>1.250</speed><sat>19</sat></trkpt>
  <trkpt lat="33.73805105" lon="-84.41868212"><ele>294.000</ele><time>2025-10-17T14:18:42Z</time><speed>1.290</speed><sat>19</sat></trkpt>
  <trkpt lat="33.73805394" lon="-84.41866586"><ele>293.000</ele><time>2025-10-17T14:18:43Z</time><speed>1.790</speed><sat>19</sat></trkpt>
  <trkpt lat="33.73805461" lon="-84.41864792"><ele>293.000</ele><time>2025-10-17T14:18:44Z</time><speed>1.100</speed><sat>20</sat></trkpt>
  <trkpt lat="33.73805361" lon="-84.41863460"><ele>293.000</ele><time>2025-10-17T14:18:45Z</time><speed>1.180</speed><sat>21</sat></trkpt>
  <trkpt lat="33.73805445" lon="-84.41861968"><ele>293.000</ele><time>2025-10-17T14:18:46Z</time><speed>1.130</speed><sat>20</sat></trkpt>
  <trkpt lat="33.73805290" lon="-84.41860744"><ele>293.000</ele><time>2025-10-17T14:18:47Z</time><speed>0.950</speed><sat>19</sat></trkpt>
  <trkpt lat="33.73805474" lon="-84.41857383"><ele>294.000</ele><time>2025-10-17T14:18:48Z</time><speed>3.340</speed><sat>18</sat></trkpt>
  <trkpt lat="33.73805692" lon="-84.41854784"><ele>293.000</ele><time>2025-10-17T14:18:49Z</time><speed>1.820</speed><sat>18</sat></trkpt>
  <trkpt lat="33.73806580" lon="-84.41852999"><ele>294.000</ele><time>2025-10-17T14:18:50Z</time><speed>1.980</speed><sat>17</sat></trkpt>
  <trkpt lat="33.73806715" lon="-84.41851683"><ele>294.000</ele><time>2025-10-17T14:18:51Z</time><speed>0.480</speed><sat>18</sat></trkpt>
  <trkpt lat="33.73806555" lon="-84.41850618"><ele>294.000</ele><time>2025-10-17T14:18:52Z</time><speed>1.280</speed><sat>19</sat></trkpt>
  <trkpt lat="33.73806647" lon="-84.41849126"><ele>294.000</ele><time>2025-10-17T14:18:53Z</time><speed>1.090</speed><sat>20</sat></trkpt>
  <trkpt lat="33.73806409" lon="-84.41847601"><ele>294.000</ele><time>2025-10-17T14:18:54Z</time><speed>1.370</speed><sat>17</sat></trkpt>
  <trkpt lat="33.73806597" lon="-84.41845941"><ele>294.000</ele><time>2025-10-17T14:18:55Z</time><speed>1.540</speed><sat>18</sat></trkpt>
  <trkpt lat="33.73806840" lon="-84.41844500"><ele>294.000</ele><time>2025-10-17T14:18:56Z</time><speed>1.150</speed><sat>19</sat></trkpt>
  <trkpt lat="33.73806861" lon="-84.41843016"><ele>294.000</ele><time>2025-10-17T14:18:57Z</time><speed>1.370</speed><sat>18</sat></trkpt>
  <trkpt lat="33.73806635" lon="-84.41841197"><ele>294.000</ele><time>2025-10-17T14:18:58Z</time><speed>1.330</speed><sat>19</sat></trkpt>
  <trkpt lat="33.73806308" lon="-84.41839647"><ele>294.000</ele><time>2025-10-17T14:18:59Z</time><speed>1.220</speed><sat>19</sat></trkpt>
  <trkpt lat="33.73806262" lon="-84.41838683"><ele>294.000</ele><time>2025-10-17T14:19:00Z</time><speed>1.360</speed><sat>19</sat></trkpt>
  <trkpt lat="33.73806170" lon="-84.41837367"><ele>294.000</ele><time>2025-10-17T14:19:01Z</time><speed>1.180</speed><sat>19</sat></trkpt>
  <trkpt lat="33.73806186" lon="-84.41835665"><ele>294.000</ele><time>2025-10-17T14:19:02Z</time><speed>1.460</speed><sat>20</sat></trkpt>
  <trkpt lat="33.73806207" lon="-84.41834207"><ele>294.000</ele><time>2025-10-17T14:19:03Z</time><speed>1.400</speed><sat>20</sat></trkpt>
  <trkpt lat="33.73805868" lon="-84.41832405"><ele>293.000</ele><time>2025-10-17T14:19:04Z</time><speed>1.960</speed><sat>21</sat></trkpt>
  <trkpt lat="33.73806052" lon="-84.41830443"><ele>292.000</ele><time>2025-10-17T14:19:05Z</time><speed>1.570</speed><sat>20</sat></trkpt>
  <trkpt lat="33.73806136" lon="-84.41828943"><ele>292.000</ele><time>2025-10-17T14:19:06Z</time><speed>0.950</speed><sat>20</sat></trkpt>
  <trkpt lat="33.73806073" lon="-84.41827585"><ele>291.000</ele><time>2025-10-17T14:19:07Z</time><speed>0.950</speed><sat>20</sat></trkpt>
  <trkpt lat="33.73806124" lon="-84.41826219"><ele>291.000</ele><time>2025-10-17T14:19:08Z</time><speed>1.320</speed><sat>20</sat></trkpt>
  <trkpt lat="33.73806342" lon="-84.41824894"><ele>291.000</ele><time>2025-10-17T14:19:09Z</time><speed>1.520</speed><sat>19</sat></trkpt>
  <trkpt lat="33.73806547" lon="-84.41823402"><ele>292.000</ele><time>2025-10-17T14:19:10Z</time><speed>1.210</speed><sat>19</sat></trkpt>
  <trkpt lat="33.73806865" lon="-84.41822070"><ele>292.000</ele><time>2025-10-17T14:19:11Z</time><speed>1.140</speed><sat>19</sat></trkpt>
  <trkpt lat="33.73807197" lon="-84.41820368"><ele>292.000</ele><time>2025-10-17T14:19:12Z</time><speed>1.520</speed><sat>19</sat></trkpt>
  <trkpt lat="33.73807243" lon="-84.41818700"><ele>292.000</ele><time>2025-10-17T14:19:13Z</time><speed>1.300</speed><sat>19</sat></trkpt>
  <trkpt lat="33.73807188" lon="-84.41817435"><ele>292.000</ele><time>2025-10-17T14:19:14Z</time><speed>1.190</speed><sat>19</sat></trkpt>
  <trkpt lat="33.73807523" lon="-84.41815716"><ele>292.000</ele><time>2025-10-17T14:19:15Z</time><speed>1.610</speed><sat>19</sat></trkpt>
  <trkpt lat="33.73807720" lon="-84.41814358"><ele>292.000</ele><time>2025-10-17T14:19:16Z</time><speed>1.180</speed><sat>20</sat></trkpt>
  <trkpt lat="33.73808085" lon="-84.41813135"><ele>292.000</ele><time>2025-10-17T14:19:17Z</time><speed>0.950</speed><sat>20</sat></trkpt>
  <trkpt lat="33.73808525" lon="-84.41811508"><ele>292.000</ele><time>2025-10-17T14:19:18Z</time><speed>1.420</speed><sat>18</sat></trkpt>
  <trkpt lat="33.73808571" lon="-84.41810042"><ele>293.000</ele><time>2025-10-17T14:19:19Z</time><speed>0.970</speed><sat>19</sat></trkpt>
  <trkpt lat="33.73808374" lon="-84.41808583"><ele>293.000</ele><time>2025-10-17T14:19:20Z</time><speed>1.110</speed><sat>19</sat></trkpt>
  <trkpt lat="33.73808328" lon="-84.41807401"><ele>293.000</ele><time>2025-10-17T14:19:21Z</time><speed>1.220</speed><sat>20</sat></trkpt>
  <trkpt lat="33.73808244" lon="-84.41806052"><ele>293.000</ele><time>2025-10-17T14:19:22Z</time><speed>1.420</speed><sat>17</sat></trkpt>
  <trkpt lat="33.73808362" lon="-84.41804644"><ele>293.000</ele><time>2025-10-17T14:19:23Z</time><speed>1.090</speed><sat>17</sat></trkpt>
  <trkpt lat="33.73808395" lon="-84.41803361"><ele>293.000</ele><time>2025-10-17T14:19:24Z</time><speed>1.300</speed><sat>18</sat></trkpt>
  <trkpt lat="33.73808462" lon="-84.41802188"><ele>293.000</ele><time>2025-10-17T14:19:25Z</time><speed>1.390</speed><sat>18</sat></trkpt>
  <trkpt lat="33.73808655" lon="-84.41800687"><ele>292.000</ele><time>2025-10-17T14:19:26Z</time><speed>1.440</speed><sat>18</sat></trkpt>
  <trkpt lat="33.73808542" lon="-84.41799430"><ele>292.000</ele><time>2025-10-17T14:19:27Z</time><speed>1.000</speed><sat>18</sat></trkpt>
  <trkpt lat="33.73808688" lon="-84.41797863"><ele>292.000</ele><time>2025-10-17T14:19:28Z</time><speed>1.530</speed><sat>16</sat></trkpt>
  <trkpt lat="33.73808747" lon="-84.41796639"><ele>292.000</ele><time>2025-10-17T14:19:29Z</time><speed>1.050</speed><sat>16</sat></trkpt>
  <trkpt lat="33.73808395" lon="-84.41795147"><ele>292.000</ele><time>2025-10-17T14:19:30Z</time><speed>1.130</speed><sat>17</sat></trkpt>
  <trkpt lat="33.73808282" lon="-84.41793948"><ele>292.000</ele><time>2025-10-17T14:19:31Z</time><speed>0.900</speed><sat>16</sat></trkpt>
  <trkpt lat="33.73808173" lon="-84.41792783"><ele>292.000</ele><time>2025-10-17T14:19:32Z</time><speed>0.910</speed><sat>15</sat></trkpt>
  <trkpt lat="33.73808286" lon="-84.41791065"><ele>292.000</ele><time>2025-10-17T14:19:33Z</time><speed>1.350</speed><sat>16</sat></trkpt>
  <trkpt lat="33.73808605" lon="-84.41789498"><ele>292.000</ele><time>2025-10-17T14:19:34Z</time><speed>0.520</speed><sat>17</sat></trkpt>
  <trkpt lat="33.73808735" lon="-84.41788215"><ele>292.000</ele><time>2025-10-17T14:19:35Z</time><speed>0.820</speed><sat>16</sat></trkpt>
  <trkpt lat="33.73808810" lon="-84.41787310"><ele>292.000</ele><time>2025-10-17T14:19:36Z</time><speed>0.660</speed><sat>17</sat></trkpt>
  <trkpt lat="33.73809120" lon="-84.41786430"><ele>292.000</ele><time>2025-10-17T14:19:37Z</time><speed>0.550</speed><sat>17</sat></trkpt>
  <trkpt lat="33.73809191" lon="-84.41785667"><ele>292.000</ele><time>2025-10-17T14:19:38Z</time><speed>0.260</speed><sat>18</sat></trkpt>
  <trkpt lat="33.73809196" lon="-84.41784904"><ele>293.000</ele><time>2025-10-17T14:19:39Z</time><speed>0.000</speed><sat>19</sat></trkpt>
  <trkpt lat="33.73809196" lon="-84.41784904"><ele>293.000</ele><time>2025-10-17T14:19:40Z</time><speed>0.000</speed><sat>18</sat></trkpt>
  <trkpt lat="33.73809539" lon="-84.41784385"><ele>293.000</ele><time>2025-10-17T14:19:41Z</time><speed>0.270</speed><sat>18</sat></trkpt>
  <trkpt lat="33.73809506" lon="-84.41784251"><ele>293.000</ele><time>2025-10-17T14:19:42Z</time><speed>0.000</speed><sat>18</sat></trkpt>
  <trkpt lat="33.73809346" lon="-84.41784116"><ele>294.000</ele><time>2025-10-17T14:19:43Z</time><speed>0.190</speed><sat>20</sat></trkpt>
  <trkpt lat="33.73809108" lon="-84.41784041"><ele>294.000</ele><time>2025-10-17T14:19:44Z</time><speed>0.540</speed><sat>18</sat></trkpt>
  <trkpt lat="33.73809233" lon="-84.41784577"><ele>294.000</ele><time>2025-10-17T14:19:45Z</time><speed>0.660</speed><sat>18</sat></trkpt>
  <trkpt lat="33.73809196" lon="-84.41784452"><ele>294.000</ele><time>2025-10-17T14:19:46Z</time><speed>0.000</speed><sat>18</sat></trkpt>
  <trkpt lat="33.73808802" lon="-84.41783362"><ele>294.000</ele><time>2025-10-17T14:19:47Z</time><speed>0.330</speed><sat>18</sat></trkpt>
  <trkpt lat="33.73808626" lon="-84.41782633"><ele>295.000</ele><time>2025-10-17T14:19:48Z</time><speed>0.220</speed><sat>18</sat></trkpt>
  <trkpt lat="33.73808940" lon="-84.41782566"><ele>295.000</ele><time>2025-10-17T14:19:49Z</time><speed>0.490</speed><sat>18</sat></trkpt>
  <trkpt lat="33.73809066" lon="-84.41782272"><ele>295.000</ele><time>2025-10-17T14:19:50Z</time><speed>1.160</speed><sat>19</sat></trkpt>
  <trkpt lat="33.73808953" lon="-84.41781132"><ele>295.000</ele><time>2025-10-17T14:19:51Z</time><speed>0.800</speed><sat>18</sat></trkpt>
  <trkpt lat="33.73809049" lon="-84.41781241"><ele>295.000</ele><time>2025-10-17T14:19:52Z</time><speed>0.300</speed><sat>19</sat></trkpt>
  <trkpt lat="33.73808542" lon="-84.41781116"><ele>295.000</ele><time>2025-10-17T14:19:53Z</time><speed>1.140</speed><sat>16</sat></trkpt>
  <trkpt lat="33.73808148" lon="-84.41780713"><ele>295.000</ele><time>2025-10-17T14:19:54Z</time><speed>0.600</speed><sat>19</sat></trkpt>
  <trkpt lat="33.73808357" lon="-84.41781602"><ele>296.000</ele><time>2025-10-17T14:19:55Z</time><speed>0.820</speed><sat>17</sat></trkpt>
  <trkpt lat="33.73808458" lon="-84.41782088"><ele>296.000</ele><time>2025-10-17T14:19:56Z</time><speed>0.100</speed><sat>19</sat></trkpt>
  <trkpt lat="33.73808454" lon="-84.41782046"><ele>296.000</ele><time>2025-10-17T14:19:57Z</time><speed>0.000</speed><sat>20</sat></trkpt>
  <trkpt lat="33.73808328" lon="-84.41781904"><ele>296.000</ele><time>2025-10-17T14:19:58Z</time><speed>0.150</speed><sat>18</sat></trkpt>
  <trkpt lat="33.73808311" lon="-84.41782138"><ele>295.000</ele><time>2025-10-17T14:19:59Z</time><speed>0.560</speed><sat>18</sat></trkpt>
  <trkpt lat="33.73808366" lon="-84.41782951"><ele>295.000</ele><time>2025-10-17T14:20:00Z</time><speed>0.230</speed><sat>20</sat></trkpt>
  <trkpt lat="33.73808311" lon="-84.41783622"><ele>294.000</ele><time>2025-10-17T14:20:01Z</time><speed>0.180</speed><sat>20</sat></trkpt>
  <trkpt lat="33.73808286" lon="-84.41783647"><ele>295.000</ele><time>2025-10-17T14:20:02Z</time><speed>0.010</speed><sat>20</sat></trkpt>
  <trkpt lat="33.73808512" lon="-84.41783404"><ele>295.000</ele><time>2025-10-17T14:20:03Z</time><speed>0.000</speed><sat>18</sat></trkpt>
  <trkpt lat="33.73808718" lon="-84.41783127"><ele>295.000</ele><time>2025-10-17T14:20:04Z</time><speed>0.120</speed><sat>19</sat></trkpt>
  <trkpt lat="33.73808932" lon="-84.41783186"><ele>295.000</ele><time>2025-10-17T14:20:05Z</time><speed>0.040</speed><sat>17</sat></trkpt>
  <trkpt lat="33.73809502" lon="-84.41783136"><ele>296.000</ele><time>2025-10-17T14:20:06Z</time><speed>0.670</speed><sat>19</sat></trkpt>
  <trkpt lat="33.73809749" lon="-84.41783370"><ele>296.000</ele><time>2025-10-17T14:20:07Z</time><speed>0.120</speed><sat>19</sat></trkpt>
  <trkpt lat="33.73809732" lon="-84.41783546"><ele>295.000</ele><time>2025-10-17T14:20:08Z</time><speed>0.170</speed><sat>20</sat></trkpt>
  <trkpt lat="33.73809740" lon="-84.41783588"><ele>295.000</ele><time>2025-10-17T14:20:09Z</time><speed>0.000</speed><sat>20</sat></trkpt>
  <trkpt lat="33.73809740" lon="-84.41783572"><ele>295.000</ele><time>2025-10-17T14:20:10Z</time><speed>0.000</speed><sat>20</sat></trkpt>
  <trkpt lat="33.73809745" lon="-84.41783555"><ele>295.000</ele><time>2025-10-17T14:20:11Z</time><speed>0.000</speed><sat>19</sat></trkpt>
  <trkpt lat="33.73809749" lon="-84.41783546"><ele>295.000</ele><time>2025-10-17T14:20:12Z</time><speed>0.000</speed><sat>21</sat></trkpt>
  <trkpt lat="33.73809749" lon="-84.41783538"><ele>295.000</ele><time>2025-10-17T14:20:13Z</time><speed>0.000</speed><sat>21</sat></trkpt>
  <trkpt lat="33.73809757" lon="-84.41783530"><ele>295.000</ele><time>2025-10-17T14:20:14Z</time><speed>0.000</speed><sat>19</sat></trkpt>
  <trkpt lat="33.73809770" lon="-84.41783379"><ele>295.000</ele><time>2025-10-17T14:20:15Z</time><speed>0.070</speed><sat>20</sat></trkpt>
  <trkpt lat="33.73809795" lon="-84.41782977"><ele>295.000</ele><time>2025-10-17T14:20:16Z</time><speed>0.050</speed><sat>21</sat></trkpt>
  <trkpt lat="33.73809791" lon="-84.41782960"><ele>295.000</ele><time>2025-10-17T14:20:17Z</time><speed>0.000</speed><sat>20</sat></trkpt>
  <trkpt lat="33.73809791" lon="-84.41782960"><ele>295.000</ele><time>2025-10-17T14:20:18Z</time><speed>0.000</speed><sat>20</sat></trkpt>
  <trkpt lat="33.73809782" lon="-84.41782968"><ele>295.000</ele><time>2025-10-17T14:20:19Z</time><speed>0.000</speed><sat>21</sat></trkpt>
  <trkpt lat="33.73809774" lon="-84.41782968"><ele>295.000</ele><time>2025-10-17T14:20:20Z</time><speed>0.000</speed><sat>21</sat></trkpt>
  <trkpt lat="33.73809774" lon="-84.41782985"><ele>295.000</ele><time>2025-10-17T14:20:21Z</time><speed>0.000</speed><sat>21</sat></trkpt>
  <trkpt lat="33.73809774" lon="-84.41782993"><ele>295.000</ele><time>2025-10-17T14:20:22Z</time><speed>0.000</speed><sat>21</sat></trkpt>
  <trkpt lat="33.73809778" lon="-84.41783002"><ele>295.000</ele><time>2025-10-17T14:20:23Z</time><speed>0.000</speed><sat>21</sat></trkpt>
  <trkpt lat="33.73809778" lon="-84.41783010"><ele>295.000</ele><time>2025-10-17T14:20:24Z</time><speed>0.000</speed><sat>21</sat></trkpt>
  <trkpt lat="33.73809782" lon="-84.41783018"><ele>295.000</ele><time>2025-10-17T14:20:25Z</time><speed>0.000</speed><sat>20</sat></trkpt>
  <trkpt lat="33.73809782" lon="-84.41783027"><ele>295.000</ele><time>2025-10-17T14:20:26Z</time><speed>0.000</speed><sat>21</sat></trkpt>
  <trkpt lat="33.73809778" lon="-84.41783035"><ele>295.000</ele><time>2025-10-17T14:20:27Z</time><speed>0.000</speed><sat>20</sat></trkpt>
  <trkpt lat="33.73809782" lon="-84.41783044"><ele>295.000</ele><time>2025-10-17T14:20:28Z</time><speed>0.000</speed><sat>21</sat></trkpt>
  <trkpt lat="33.73809774" lon="-84.41783035"><ele>295.000</ele><time>2025-10-17T14:20:29Z</time><speed>0.000</speed><sat>20</sat></trkpt>
  <trkpt lat="33.73809770" lon="-84.41783027"><ele>295.000</ele><time>2025-10-17T14:20:30Z</time><speed>0.000</speed><sat>21</sat></trkpt>
  <trkpt lat="33.73809665" lon="-84.41783261"><ele>295.000</ele><time>2025-10-17T14:20:31Z</time><speed>0.090</speed><sat>21</sat></trkpt>
  <trkpt lat="33.73809330" lon="-84.41783546"><ele>295.000</ele><time>2025-10-17T14:20:32Z</time><speed>0.020</speed><sat>20</sat></trkpt>
  <trkpt lat="33.73809615" lon="-84.41783831"><ele>295.000</ele><time>2025-10-17T14:20:33Z</time><speed>0.850</speed><sat>20</sat></trkpt>
  <trkpt lat="33.73810109" lon="-84.41784066"><ele>294.000</ele><time>2025-10-17T14:20:34Z</time><speed>0.800</speed><sat>20</sat></trkpt>
  <trkpt lat="33.73809983" lon="-84.41783857"><ele>294.000</ele><time>2025-10-17T14:20:35Z</time><speed>0.710</speed><sat>20</sat></trkpt>
  <trkpt lat="33.73809640" lon="-84.41783647"><ele>294.000</ele><time>2025-10-17T14:20:36Z</time><speed>0.250</speed><sat>20</sat></trkpt>
  <trkpt lat="33.73809774" lon="-84.41783798"><ele>295.000</ele><time>2025-10-17T14:20:37Z</time><speed>0.580</speed><sat>20</sat></trkpt>
  <trkpt lat="33.73809472" lon="-84.41783731"><ele>295.000</ele><time>2025-10-17T14:20:38Z</time><speed>0.080</speed><sat>19</sat></trkpt>
  <trkpt lat="33.73809393" lon="-84.41783588"><ele>294.000</ele><time>2025-10-17T14:20:39Z</time><speed>0.100</speed><sat>17</sat></trkpt>
  <trkpt lat="33.73809292" lon="-84.41783781"><ele>294.000</ele><time>2025-10-17T14:20:40Z</time><speed>0.380</speed><sat>19</sat></trkpt>
  <trkpt lat="33.73808877" lon="-84.41784108"><ele>294.000</ele><time>2025-10-17T14:20:41Z</time><speed>0.090</speed><sat>19</sat></trkpt>
  <trkpt lat="33.73808873" lon="-84.41784133"><ele>294.000</ele><time>2025-10-17T14:20:42Z</time><speed>0.000</speed><sat>17</sat></trkpt>
  <trkpt lat="33.73808626" lon="-84.41784427"><ele>293.000</ele><time>2025-10-17T14:20:43Z</time><speed>0.630</speed><sat>18</sat></trkpt>
  <trkpt lat="33.73808320" lon="-84.41784343"><ele>293.000</ele><time>2025-10-17T14:20:44Z</time><speed>0.440</speed><sat>18</sat></trkpt>
  <trkpt lat="33.73807184" lon="-84.41784234"><ele>292.000</ele><time>2025-10-17T14:20:45Z</time><speed>1.760</speed><sat>18</sat></trkpt>
  <trkpt lat="33.73805964" lon="-84.41784468"><ele>292.000</ele><time>2025-10-17T14:20:46Z</time><speed>0.820</speed><sat>16</sat></trkpt>
  <trkpt lat="33.73805721" lon="-84.41785173"><ele>292.000</ele><time>2025-10-17T14:20:47Z</time><speed>1.990</speed><sat>19</sat></trkpt>
  <trkpt lat="33.73804606" lon="-84.41785374"><ele>292.000</ele><time>2025-10-17T14:20:48Z</time><speed>1.320</speed><sat>20</sat></trkpt>
  <trkpt lat="33.73802633" lon="-84.41785617"><ele>292.000</ele><time>2025-10-17T14:20:49Z</time><speed>1.760</speed><sat>20</sat></trkpt>
  <trkpt lat="33.73800537" lon="-84.41785567"><ele>292.000</ele><time>2025-10-17T14:20:50Z</time><speed>1.620</speed><sat>19</sat></trkpt>
  <trkpt lat="33.73798492" lon="-84.41785441"><ele>292.000</ele><time>2025-10-17T14:20:51Z</time><speed>1.470</speed><sat>21</sat></trkpt>
  <trkpt lat="33.73797080" lon="-84.41785583"><ele>292.000</ele><time>2025-10-17T14:20:52Z</time><speed>1.350</speed><sat>20</sat></trkpt>
  <trkpt lat="33.73795521" lon="-84.41785600"><ele>292.000</ele><time>2025-10-17T14:20:53Z</time><speed>1.320</speed><sat>21</sat></trkpt>
  <trkpt lat="33.73794385" lon="-84.41785030"><ele>292.000</ele><time>2025-10-17T14:20:54Z</time><speed>1.280</speed><sat>21</sat></trkpt>
  <trkpt lat="33.73793215" lon="-84.41784862"><ele>292.000</ele><time>2025-10-17T14:20:55Z</time><speed>1.110</speed><sat>21</sat></trkpt>
  <trkpt lat="33.73792407" lon="-84.41785064"><ele>292.000</ele><time>2025-10-17T14:20:56Z</time><speed>0.670</speed><sat>21</sat></trkpt>
  <trkpt lat="33.73792222" lon="-84.41785977"><ele>292.000</ele><time>2025-10-17T14:20:57Z</time><speed>1.040</speed><sat>19</sat></trkpt>
  <trkpt lat="33.73792654" lon="-84.41787235"><ele>292.000</ele><time>2025-10-17T14:20:58Z</time><speed>1.330</speed><sat>16</sat></trkpt>
  <trkpt lat="33.73792641" lon="-84.41788525"><ele>292.000</ele><time>2025-10-17T14:20:59Z</time><speed>1.260</speed><sat>16</sat></trkpt>
  <trkpt lat="33.73792453" lon="-84.41789933"><ele>292.000</ele><time>2025-10-17T14:21:00Z</time><speed>1.320</speed><sat>15</sat></trkpt>
  <trkpt lat="33.73792097" lon="-84.41791409"><ele>292.000</ele><time>2025-10-17T14:21:01Z</time><speed>1.210</speed><sat>13</sat></trkpt>
  <trkpt lat="33.73791895" lon="-84.41792926"><ele>292.000</ele><time>2025-10-17T14:21:02Z</time><speed>1.370</speed><sat>15</sat></trkpt>
  <trkpt lat="33.73791799" lon="-84.41794317"><ele>292.000</ele><time>2025-10-17T14:21:03Z</time><speed>1.040</speed><sat>15</sat></trkpt>
  <trkpt lat="33.73791858" lon="-84.41795818"><ele>292.000</ele><time>2025-10-17T14:21:04Z</time><speed>1.370</speed><sat>15</sat></trkpt>
  <trkpt lat="33.73792323" lon="-84.41797368"><ele>293.000</ele><time>2025-10-17T14:21:05Z</time><speed>1.170</speed><sat>15</sat></trkpt>
  <trkpt lat="33.73793048" lon="-84.41799388"><ele>293.000</ele><time>2025-10-17T14:21:06Z</time><speed>2.380</speed><sat>15</sat></trkpt>
  <trkpt lat="33.73793488" lon="-84.41801542"><ele>293.000</ele><time>2025-10-17T14:21:07Z</time><speed>2.150</speed><sat>15</sat></trkpt>
  <trkpt lat="33.73793521" lon="-84.41803277"><ele>294.000</ele><time>2025-10-17T14:21:08Z</time><speed>1.410</speed><sat>14</sat></trkpt>
  <trkpt lat="33.73793274" lon="-84.41804417"><ele>294.000</ele><time>2025-10-17T14:21:09Z</time><speed>0.890</speed><sat>15</sat></trkpt>
  <trkpt lat="33.73793182" lon="-84.41805205"><ele>294.000</ele><time>2025-10-17T14:21:10Z</time><speed>0.330</speed><sat>16</sat></trkpt>
  <trkpt lat="33.73792482" lon="-84.41806664"><ele>293.000</ele><time>2025-10-17T14:21:11Z</time><speed>1.530</speed><sat>15</sat></trkpt>
  <trkpt lat="33.73792197" lon="-84.41808424"><ele>293.000</ele><time>2025-10-17T14:21:12Z</time><speed>1.340</speed><sat>15</sat></trkpt>
  <trkpt lat="33.73791774" lon="-84.41809933"><ele>293.000</ele><time>2025-10-17T14:21:13Z</time><speed>1.020</speed><sat>16</sat></trkpt>
  <trkpt lat="33.73791623" lon="-84.41811634"><ele>293.000</ele><time>2025-10-17T14:21:14Z</time><speed>1.330</speed><sat>17</sat></trkpt>
  <trkpt lat="33.73791380" lon="-84.41813478"><ele>293.000</ele><time>2025-10-17T14:21:15Z</time><speed>1.580</speed><sat>17</sat></trkpt>
  <trkpt lat="33.73791371" lon="-84.41814836"><ele>293.000</ele><time>2025-10-17T14:21:16Z</time><speed>1.090</speed><sat>18</sat></trkpt>
  <trkpt lat="33.73791267" lon="-84.41816169"><ele>293.000</ele><time>2025-10-17T14:21:17Z</time><speed>1.050</speed><sat>17</sat></trkpt>
  <trkpt lat="33.73791233" lon="-84.41817485"><ele>292.000</ele><time>2025-10-17T14:21:18Z</time><speed>1.320</speed><sat>17</sat></trkpt>
  <trkpt lat="33.73791007" lon="-84.41819320"><ele>292.000</ele><time>2025-10-17T14:21:19Z</time><speed>1.500</speed><sat>18</sat></trkpt>
  <trkpt lat="33.73790986" lon="-84.41820930"><ele>293.000</ele><time>2025-10-17T14:21:20Z</time><speed>1.470</speed><sat>19</sat></trkpt>
  <trkpt lat="33.73790789" lon="-84.41822665"><ele>293.000</ele><time>2025-10-17T14:21:21Z</time><speed>1.530</speed><sat>14</sat></trkpt>
  <trkpt lat="33.73790697" lon="-84.41824148"><ele>293.000</ele><time>2025-10-17T14:21:22Z</time><speed>1.100</speed><sat>16</sat></trkpt>
  <trkpt lat="33.73790571" lon="-84.41825406"><ele>293.000</ele><time>2025-10-17T14:21:23Z</time><speed>1.050</speed><sat>18</sat></trkpt>
  <trkpt lat="33.73790638" lon="-84.41826956"><ele>293.000</ele><time>2025-10-17T14:21:24Z</time><speed>1.760</speed><sat>16</sat></trkpt>
  <trkpt lat="33.73790458" lon="-84.41828943"><ele>293.000</ele><time>2025-10-17T14:21:25Z</time><speed>1.300</speed><sat>17</sat></trkpt>
  <trkpt lat="33.73790378" lon="-84.41830150"><ele>293.000</ele><time>2025-10-17T14:21:26Z</time><speed>1.050</speed><sat>16</sat></trkpt>
  <trkpt lat="33.73790429" lon="-84.41831365"><ele>293.000</ele><time>2025-10-17T14:21:27Z</time><speed>1.240</speed><sat>16</sat></trkpt>
  <trkpt lat="33.73790261" lon="-84.41832857"><ele>293.000</ele><time>2025-10-17T14:21:28Z</time><speed>1.140</speed><sat>17</sat></trkpt>
  <trkpt lat="33.73790001" lon="-84.41834232"><ele>293.000</ele><time>2025-10-17T14:21:29Z</time><speed>1.200</speed><sat>16</sat></trkpt>
  <trkpt lat="33.73789993" lon="-84.41835824"><ele>293.000</ele><time>2025-10-17T14:21:30Z</time><speed>1.460</speed><sat>17</sat></trkpt>
  <trkpt lat="33.73790030" lon="-84.41837526"><ele>294.000</ele><time>2025-10-17T14:21:31Z</time><speed>1.570</speed><sat>18</sat></trkpt>
  <trkpt lat="33.73790035" lon="-84.41838951"><ele>294.000</ele><time>2025-10-17T14:21:32Z</time><speed>1.310</speed><sat>18</sat></trkpt>
  <trkpt lat="33.73789758" lon="-84.41840493"><ele>294.000</ele><time>2025-10-17T14:21:33Z</time><speed>1.430</speed><sat>18</sat></trkpt>
  <trkpt lat="33.73789544" lon="-84.41842304"><ele>293.000</ele><time>2025-10-17T14:21:34Z</time><speed>1.480</speed><sat>19</sat></trkpt>
  <trkpt lat="33.73788978" lon="-84.41844039"><ele>293.000</ele><time>2025-10-17T14:21:35Z</time><speed>1.590</speed><sat>20</sat></trkpt>
  <trkpt lat="33.73788744" lon="-84.41845338"><ele>294.000</ele><time>2025-10-17T14:21:36Z</time><speed>1.270</speed><sat>20</sat></trkpt>
  <trkpt lat="33.73788790" lon="-84.41846838"><ele>293.000</ele><time>2025-10-17T14:21:37Z</time><speed>1.280</speed><sat>19</sat></trkpt>
  <trkpt lat="33.73789045" lon="-84.41848037"><ele>293.000</ele><time>2025-10-17T14:21:38Z</time><speed>0.950</speed><sat>19</sat></trkpt>
  <trkpt lat="33.73789406" lon="-84.41849185"><ele>293.000</ele><time>2025-10-17T14:21:39Z</time><speed>1.230</speed><sat>17</sat></trkpt>
  <trkpt lat="33.73789385" lon="-84.41850442"><ele>293.000</ele><time>2025-10-17T14:21:40Z</time><speed>1.210</speed><sat>18</sat></trkpt>
  <trkpt lat="33.73789448" lon="-84.41851968"><ele>293.000</ele><time>2025-10-17T14:21:41Z</time><speed>1.320</speed><sat>19</sat></trkpt>
  <trkpt lat="33.73789134" lon="-84.41853259"><ele>293.000</ele><time>2025-10-17T14:21:42Z</time><speed>1.000</speed><sat>17</sat></trkpt>
  <trkpt lat="33.73788849" lon="-84.41854348"><ele>293.000</ele><time>2025-10-17T14:21:43Z</time><speed>0.930</speed><sat>17</sat></trkpt>
  <trkpt lat="33.73788383" lon="-84.41855488"><ele>293.000</ele><time>2025-10-17T14:21:44Z</time><speed>1.180</speed><sat>18</sat></trkpt>
  <trkpt lat="33.73788136" lon="-84.41856662"><ele>293.000</ele><time>2025-10-17T14:21:45Z</time><speed>0.840</speed><sat>19</sat></trkpt>
  <trkpt lat="33.73787964" lon="-84.41858053"><ele>292.000</ele><time>2025-10-17T14:21:46Z</time><speed>1.490</speed><sat>18</sat></trkpt>
  <trkpt lat="33.73786137" lon="-84.41860802"><ele>292.000</ele><time>2025-10-17T14:21:47Z</time><speed>2.980</speed><sat>18</sat></trkpt>
  <trkpt lat="33.73785253" lon="-84.41862931"><ele>293.000</ele><time>2025-10-17T14:21:48Z</time><speed>1.530</speed><sat>17</sat></trkpt>
  <trkpt lat="33.73784984" lon="-84.41863820"><ele>292.000</ele><time>2025-10-17T14:21:49Z</time><speed>0.860</speed><sat>16</sat></trkpt>
  <trkpt lat="33.73785387" lon="-84.41865153"><ele>292.000</ele><time>2025-10-17T14:21:50Z</time><speed>1.100</speed><sat>17</sat></trkpt>
  <trkpt lat="33.73784997" lon="-84.41866033"><ele>292.000</ele><time>2025-10-17T14:21:51Z</time><speed>0.930</speed><sat>16</sat></trkpt>
  <trkpt lat="33.73785181" lon="-84.41866821"><ele>292.000</ele><time>2025-10-17T14:21:52Z</time><speed>0.680</speed><sat>15</sat></trkpt>
  <trkpt lat="33.73785278" lon="-84.41867634"><ele>292.000</ele><time>2025-10-17T14:21:53Z</time><speed>0.400</speed><sat>17</sat></trkpt>
  <trkpt lat="33.73785865" lon="-84.41868648"><ele>292.000</ele><time>2025-10-17T14:21:54Z</time><speed>1.000</speed><sat>15</sat></trkpt>
  <trkpt lat="33.73786376" lon="-84.41870224"><ele>292.000</ele><time>2025-10-17T14:21:55Z</time><speed>1.270</speed><sat>15</sat></trkpt>
  <trkpt lat="33.73786057" lon="-84.41871238"><ele>292.000</ele><time>2025-10-17T14:21:56Z</time><speed>0.890</speed><sat>16</sat></trkpt>
  <trkpt lat="33.73785974" lon="-84.41872428"><ele>292.000</ele><time>2025-10-17T14:21:57Z</time><speed>1.020</speed><sat>16</sat></trkpt>
  <trkpt lat="33.73785911" lon="-84.41874063"><ele>293.000</ele><time>2025-10-17T14:21:58Z</time><speed>1.390</speed><sat>18</sat></trkpt>
  <trkpt lat="33.73785550" lon="-84.41875538"><ele>293.000</ele><time>2025-10-17T14:21:59Z</time><speed>1.220</speed><sat>17</sat></trkpt>
  <trkpt lat="33.73785584" lon="-84.41877407"><ele>292.000</ele><time>2025-10-17T14:22:00Z</time><speed>1.960</speed><sat>18</sat></trkpt>
  <trkpt lat="33.73786355" lon="-84.41879896"><ele>292.000</ele><time>2025-10-17T14:22:01Z</time><speed>2.300</speed><sat>18</sat></trkpt>
  <trkpt lat="33.73786904" lon="-84.41882134"><ele>292.000</ele><time>2025-10-17T14:22:02Z</time><speed>1.680</speed><sat>17</sat></trkpt>
  <trkpt lat="33.73786975" lon="-84.41883576"><ele>292.000</ele><time>2025-10-17T14:22:03Z</time><speed>1.600</speed><sat>17</sat></trkpt>
  <trkpt lat="33.73787151" lon="-84.41885118"><ele>293.000</ele><time>2025-10-17T14:22:04Z</time><speed>1.860</speed><sat>16</sat></trkpt>
  <trkpt lat="33.73786900" lon="-84.41886669"><ele>293.000</ele><time>2025-10-17T14:22:05Z</time><speed>1.590</speed><sat>17</sat></trkpt>
  <trkpt lat="33.73786870" lon="-84.41888404"><ele>293.000</ele><time>2025-10-17T14:22:06Z</time><speed>1.560</speed><sat>18</sat></trkpt>
  <trkpt lat="33.73786699" lon="-84.41890483"><ele>293.000</ele><time>2025-10-17T14:22:07Z</time><speed>2.040</speed><sat>18</sat></trkpt>
  <trkpt lat="33.73787130" lon="-84.41892151"><ele>293.000</ele><time>2025-10-17T14:22:08Z</time><speed>1.860</speed><sat>17</sat></trkpt>
  <trkpt lat="33.73787428" lon="-84.41893366"><ele>294.000</ele><time>2025-10-17T14:22:09Z</time><speed>0.800</speed><sat>16</sat></trkpt>
  <trkpt lat="33.73786891" lon="-84.41894406"><ele>294.000</ele><time>2025-10-17T14:22:10Z</time><speed>0.880</speed><sat>17</sat></trkpt>
  <trkpt lat="33.73786581" lon="-84.41895302"><ele>294.000</ele><time>2025-10-17T14:22:11Z</time><speed>0.500</speed><sat>16</sat></trkpt>
  <trkpt lat="33.73786644" lon="-84.41896015"><ele>293.000</ele><time>2025-10-17T14:22:12Z</time><speed>0.270</speed><sat>17</sat></trkpt>
  <trkpt lat="33.73786774" lon="-84.41897130"><ele>294.000</ele><time>2025-10-17T14:22:13Z</time><speed>0.880</speed><sat>19</sat></trkpt>
  <trkpt lat="33.73786887" lon="-84.41898664"><ele>294.000</ele><time>2025-10-17T14:22:14Z</time><speed>0.780</speed><sat>19</sat></trkpt>
  <trkpt lat="33.73787285" lon="-84.41900499"><ele>294.000</ele><time>2025-10-17T14:22:15Z</time><speed>1.250</speed><sat>19</sat></trkpt>
  <trkpt lat="33.73787742" lon="-84.41902569"><ele>294.000</ele><time>2025-10-17T14:22:16Z</time><speed>1.340</speed><sat>19</sat></trkpt>
  <trkpt lat="33.73787868" lon="-84.41904522"><ele>294.000</ele><time>2025-10-17T14:22:17Z</time><speed>1.420</speed><sat>19</sat></trkpt>
  <trkpt lat="33.73787939" lon="-84.41906308"><ele>294.000</ele><time>2025-10-17T14:22:18Z</time><speed>1.450</speed><sat>18</sat></trkpt>
  <trkpt lat="33.73787524" lon="-84.41907632"><ele>294.000</ele><time>2025-10-17T14:22:19Z</time><speed>0.940</speed><sat>20</sat></trkpt>
  <trkpt lat="33.73787210" lon="-84.41908973"><ele>294.000</ele><time>2025-10-17T14:22:20Z</time><speed>1.280</speed><sat>18</sat></trkpt>
  <trkpt lat="33.73787139" lon="-84.41910172"><ele>294.000</ele><time>2025-10-17T14:22:21Z</time><speed>0.960</speed><sat>15</sat></trkpt>
  <trkpt lat="33.73786967" lon="-84.41910775"><ele>294.000</ele><time>2025-10-17T14:22:22Z</time><speed>0.550</speed><sat>15</sat></trkpt>
  <trkpt lat="33.73786963" lon="-84.41911463"><ele>294.000</ele><time>2025-10-17T14:22:23Z</time><speed>0.600</speed><sat>15</sat></trkpt>
  <trkpt lat="33.73786435" lon="-84.41912284"><ele>294.000</ele><time>2025-10-17T14:22:24Z</time><speed>0.880</speed><sat>17</sat></trkpt>
  <trkpt lat="33.73785961" lon="-84.41913198"><ele>293.000</ele><time>2025-10-17T14:22:25Z</time><speed>0.760</speed><sat>16</sat></trkpt>
  <trkpt lat="33.73785353" lon="-84.41914363"><ele>293.000</ele><time>2025-10-17T14:22:26Z</time><speed>0.900</speed><sat>16</sat></trkpt>
  <trkpt lat="33.73784767" lon="-84.41916098"><ele>292.000</ele><time>2025-10-17T14:22:27Z</time><speed>1.140</speed><sat>17</sat></trkpt>
  <trkpt lat="33.73784729" lon="-84.41918143"><ele>292.000</ele><time>2025-10-17T14:22:28Z</time><speed>1.520</speed><sat>15</sat></trkpt>
  <trkpt lat="33.73784050" lon="-84.41920155"><ele>292.000</ele><time>2025-10-17T14:22:29Z</time><speed>1.170</speed><sat>16</sat></trkpt>
  <trkpt lat="33.73784155" lon="-84.41921613"><ele>292.000</ele><time>2025-10-17T14:22:30Z</time><speed>1.190</speed><sat>16</sat></trkpt>
  <trkpt lat="33.73784335" lon="-84.41923541"><ele>292.000</ele><time>2025-10-17T14:22:31Z</time><speed>1.290</speed><sat>16</sat></trkpt>
  <trkpt lat="33.73784482" lon="-84.41924974"><ele>292.000</ele><time>2025-10-17T14:22:32Z</time><speed>1.090</speed><sat>16</sat></trkpt>
  <trkpt lat="33.73784804" lon="-84.41926667"><ele>292.000</ele><time>2025-10-17T14:22:33Z</time><speed>1.310</speed><sat>16</sat></trkpt>
  <trkpt lat="33.73785584" lon="-84.41927933"><ele>292.000</ele><time>2025-10-17T14:22:34Z</time><speed>1.300</speed><sat>15</sat></trkpt>
  <trkpt lat="33.73786145" lon="-84.41929643"><ele>292.000</ele><time>2025-10-17T14:22:35Z</time><speed>1.380</speed><sat>15</sat></trkpt>
  <trkpt lat="33.73786313" lon="-84.41931370"><ele>292.000</ele><time>2025-10-17T14:22:36Z</time><speed>1.390</speed><sat>16</sat></trkpt>
  <trkpt lat="33.73786300" lon="-84.41932878"><ele>292.000</ele><time>2025-10-17T14:22:37Z</time><speed>1.190</speed><sat>16</sat></trkpt>
  <trkpt lat="33.73786560" lon="-84.41934337"><ele>292.000</ele><time>2025-10-17T14:22:38Z</time><speed>1.160</speed><sat>17</sat></trkpt>
  <trkpt lat="33.73787327" lon="-84.41936323"><ele>292.000</ele><time>2025-10-17T14:22:39Z</time><speed>1.860</speed><sat>17</sat></trkpt>
  <trkpt lat="33.73787025" lon="-84.41939450"><ele>293.000</ele><time>2025-10-17T14:22:40Z</time><speed>1.970</speed><sat>18</sat></trkpt>
  <trkpt lat="33.73786665" lon="-84.41940992"><ele>293.000</ele><time>2025-10-17T14:22:41Z</time><speed>1.320</speed><sat>17</sat></trkpt>
  <trkpt lat="33.73786971" lon="-84.41942023"><ele>293.000</ele><time>2025-10-17T14:22:42Z</time><speed>0.370</speed><sat>17</sat></trkpt>
  <trkpt lat="33.73787097" lon="-84.41943079"><ele>292.000</ele><time>2025-10-17T14:22:43Z</time><speed>0.690</speed><sat>17</sat></trkpt>
  <trkpt lat="33.73787289" lon="-84.41944588"><ele>291.000</ele><time>2025-10-17T14:22:44Z</time><speed>0.920</speed><sat>18</sat></trkpt>
  <trkpt lat="33.73787524" lon="-84.41945778"><ele>291.000</ele><time>2025-10-17T14:22:45Z</time><speed>0.670</speed><sat>19</sat></trkpt>
  <trkpt lat="33.73788061" lon="-84.41947052"><ele>291.000</ele><time>2025-10-17T14:22:46Z</time><speed>1.250</speed><sat>19</sat></trkpt>
  <trkpt lat="33.73788442" lon="-84.41948142"><ele>291.000</ele><time>2025-10-17T14:22:47Z</time><speed>1.010</speed><sat>20</sat></trkpt>
  <trkpt lat="33.73788543" lon="-84.41949399"><ele>291.000</ele><time>2025-10-17T14:22:48Z</time><speed>0.570</speed><sat>19</sat></trkpt>
  <trkpt lat="33.73788526" lon="-84.41950958"><ele>292.000</ele><time>2025-10-17T14:22:49Z</time><speed>1.200</speed><sat>17</sat></trkpt>
  <trkpt lat="33.73788471" lon="-84.41952853"><ele>292.000</ele><time>2025-10-17T14:22:50Z</time><speed>1.200</speed><sat>19</sat></trkpt>
  <trkpt lat="33.73787964" lon="-84.41954085"><ele>291.000</ele><time>2025-10-17T14:22:51Z</time><speed>0.660</speed><sat>18</sat></trkpt>
  <trkpt lat="33.73788291" lon="-84.41955602"><ele>292.000</ele><time>2025-10-17T14:22:52Z</time><speed>0.800</speed><sat>20</sat></trkpt>
  <trkpt lat="33.73788710" lon="-84.41958904"><ele>292.000</ele><time>2025-10-17T14:22:53Z</time><speed>3.140</speed><sat>18</sat></trkpt>
  <trkpt lat="33.73788325" lon="-84.41961167"><ele>292.000</ele><time>2025-10-17T14:22:54Z</time><speed>1.910</speed><sat>19</sat></trkpt>
  <trkpt lat="33.73788002" lon="-84.41962777"><ele>292.000</ele><time>2025-10-17T14:22:55Z</time><speed>1.480</speed><sat>19</sat></trkpt>
  <trkpt lat="33.73787537" lon="-84.41964109"><ele>292.000</ele><time>2025-10-17T14:22:56Z</time><speed>0.930</speed><sat>18</sat></trkpt>
  <trkpt lat="33.73786866" lon="-84.41965308"><ele>292.000</ele><time>2025-10-17T14:22:57Z</time><speed>1.390</speed><sat>18</sat></trkpt>
  <trkpt lat="33.73786091" lon="-84.41966029"><ele>292.000</ele><time>2025-10-17T14:22:58Z</time><speed>1.250</speed><sat>19</sat></trkpt>
  <trkpt lat="33.73785630" lon="-84.41966607"><ele>292.000</ele><time>2025-10-17T14:22:59Z</time><speed>0.960</speed><sat>19</sat></trkpt>
  <trkpt lat="33.73785554" lon="-84.41967630"><ele>292.000</ele><time>2025-10-17T14:23:00Z</time><speed>0.530</speed><sat>17</sat></trkpt>
  <trkpt lat="33.73785651" lon="-84.41968820"><ele>292.000</ele><time>2025-10-17T14:23:01Z</time><speed>0.830</speed><sat>17</sat></trkpt>
  <trkpt lat="33.73786015" lon="-84.41970371"><ele>292.000</ele><time>2025-10-17T14:23:02Z</time><speed>1.330</speed><sat>18</sat></trkpt>
  <trkpt lat="33.73786300" lon="-84.41972022"><ele>292.000</ele><time>2025-10-17T14:23:03Z</time><speed>1.310</speed><sat>19</sat></trkpt>
  <trkpt lat="33.73785902" lon="-84.41973807"><ele>292.000</ele><time>2025-10-17T14:23:04Z</time><speed>1.170</speed><sat>17</sat></trkpt>
  <trkpt lat="33.73786150" lon="-84.41975534"><ele>292.000</ele><time>2025-10-17T14:23:05Z</time><speed>1.040</speed><sat>17</sat></trkpt>
  <trkpt lat="33.73787093" lon="-84.41977093"><ele>292.000</ele><time>2025-10-17T14:23:06Z</time><speed>1.160</speed><sat>18</sat></trkpt>
  <trkpt lat="33.73787193" lon="-84.41978610"><ele>292.000</ele><time>2025-10-17T14:23:07Z</time><speed>1.340</speed><sat>17</sat></trkpt>
  <trkpt lat="33.73786954" lon="-84.41980278"><ele>292.000</ele><time>2025-10-17T14:23:08Z</time><speed>1.120</speed><sat>16</sat></trkpt>
  <trkpt lat="33.73787273" lon="-84.41982726"><ele>292.000</ele><time>2025-10-17T14:23:09Z</time><speed>2.460</speed><sat>15</sat></trkpt>
  <trkpt lat="33.73787386" lon="-84.41985056"><ele>291.000</ele><time>2025-10-17T14:23:10Z</time><speed>2.220</speed><sat>14</sat></trkpt>
  <trkpt lat="33.73787025" lon="-84.41987168"><ele>290.000</ele><time>2025-10-17T14:23:11Z</time><speed>2.530</speed><sat>14</sat></trkpt>
  <trkpt lat="33.73787352" lon="-84.41988719"><ele>291.000</ele><time>2025-10-17T14:23:12Z</time><speed>1.330</speed><sat>15</sat></trkpt>
  <trkpt lat="33.73787600" lon="-84.41989741"><ele>291.000</ele><time>2025-10-17T14:23:13Z</time><speed>1.120</speed><sat>16</sat></trkpt>
  <trkpt lat="33.73787734" lon="-84.41991334"><ele>292.000</ele><time>2025-10-17T14:23:14Z</time><speed>1.370</speed><sat>18</sat></trkpt>
  <trkpt lat="33.73787822" lon="-84.41993061"><ele>292.000</ele><time>2025-10-17T14:23:15Z</time><speed>1.430</speed><sat>18</sat></trkpt>
  <trkpt lat="33.73788115" lon="-84.41994519"><ele>292.000</ele><time>2025-10-17T14:23:16Z</time><speed>1.300</speed><sat>17</sat></trkpt>
  <trkpt lat="33.73788019" lon="-84.41996103"><ele>292.000</ele><time>2025-10-17T14:23:17Z</time><speed>1.820</speed><sat>17</sat></trkpt>
  <trkpt lat="33.73788224" lon="-84.41998014"><ele>291.000</ele><time>2025-10-17T14:23:18Z</time><speed>1.750</speed><sat>16</sat></trkpt>
  <trkpt lat="33.73788392" lon="-84.41999422"><ele>292.000</ele><time>2025-10-17T14:23:19Z</time><speed>1.150</speed><sat>17</sat></trkpt>
  <trkpt lat="33.73788618" lon="-84.42001015"><ele>292.000</ele><time>2025-10-17T14:23:20Z</time><speed>1.620</speed><sat>17</sat></trkpt>
  <trkpt lat="33.73789134" lon="-84.42002842"><ele>292.000</ele><time>2025-10-17T14:23:21Z</time><speed>1.890</speed><sat>16</sat></trkpt>
  <trkpt lat="33.73789645" lon="-84.42004284"><ele>292.000</ele><time>2025-10-17T14:23:22Z</time><speed>1.170</speed><sat>15</sat></trkpt>
  <trkpt lat="33.73789955" lon="-84.42005902"><ele>292.000</ele><time>2025-10-17T14:23:23Z</time><speed>1.380</speed><sat>14</sat></trkpt>
  <trkpt lat="33.73790361" lon="-84.42007402"><ele>293.000</ele><time>2025-10-17T14:23:24Z</time><speed>1.650</speed><sat>16</sat></trkpt>
  <trkpt lat="33.73790814" lon="-84.42009238"><ele>292.000</ele><time>2025-10-17T14:23:25Z</time><speed>1.580</speed><sat>16</sat></trkpt>
  <trkpt lat="33.73791015" lon="-84.42010872"><ele>292.000</ele><time>2025-10-17T14:23:26Z</time><speed>0.990</speed><sat>16</sat></trkpt>
  <trkpt lat="33.73791480" lon="-84.42011828"><ele>292.000</ele><time>2025-10-17T14:23:27Z</time><speed>0.960</speed><sat>15</sat></trkpt>
  <trkpt lat="33.73791782" lon="-84.42012632"><ele>292.000</ele><time>2025-10-17T14:23:28Z</time><speed>0.900</speed><sat>14</sat></trkpt>
  <trkpt lat="33.73792097" lon="-84.42013797"><ele>292.000</ele><time>2025-10-17T14:23:29Z</time><speed>1.080</speed><sat>14</sat></trkpt>
  <trkpt lat="33.73792239" lon="-84.42015138"><ele>292.000</ele><time>2025-10-17T14:23:30Z</time><speed>1.090</speed><sat>13</sat></trkpt>
  <trkpt lat="33.73792080" lon="-84.42016337"><ele>292.000</ele><time>2025-10-17T14:23:31Z</time><speed>0.910</speed><sat>13</sat></trkpt>
  <trkpt lat="33.73792214" lon="-84.42017703"><ele>292.000</ele><time>2025-10-17T14:23:32Z</time><speed>1.090</speed><sat>12</sat></trkpt>
  <trkpt lat="33.73792218" lon="-84.42019103"><ele>292.000</ele><time>2025-10-17T14:23:33Z</time><speed>1.260</speed><sat>13</sat></trkpt>
  <trkpt lat="33.73792612" lon="-84.42020796"><ele>292.000</ele><time>2025-10-17T14:23:34Z</time><speed>1.690</speed><sat>14</sat></trkpt>
  <trkpt lat="33.73792650" lon="-84.42022649"><ele>292.000</ele><time>2025-10-17T14:23:35Z</time><speed>1.090</speed><sat>14</sat></trkpt>
  <trkpt lat="33.73792759" lon="-84.42023805"><ele>292.000</ele><time>2025-10-17T14:23:36Z</time><speed>0.910</speed><sat>15</sat></trkpt>
  <trkpt lat="33.73793090" lon="-84.42025255"><ele>292.000</ele><time>2025-10-17T14:23:37Z</time><speed>1.060</speed><sat>15</sat></trkpt>
  <trkpt lat="33.73793215" lon="-84.42026638"><ele>292.000</ele><time>2025-10-17T14:23:38Z</time><speed>0.970</speed><sat>16</sat></trkpt>
  <trkpt lat="33.73793580" lon="-84.42027678"><ele>292.000</ele><time>2025-10-17T14:23:39Z</time><speed>0.880</speed><sat>16</sat></trkpt>
  <trkpt lat="33.73793781" lon="-84.42028994"><ele>292.000</ele><time>2025-10-17T14:23:40Z</time><speed>0.830</speed><sat>16</sat></trkpt>
  <trkpt lat="33.73793873" lon="-84.42029924"><ele>292.000</ele><time>2025-10-17T14:23:41Z</time><speed>0.410</speed><sat>16</sat></trkpt>
  <trkpt lat="33.73793982" lon="-84.42030846"><ele>292.000</ele><time>2025-10-17T14:23:42Z</time><speed>0.540</speed><sat>16</sat></trkpt>
  <trkpt lat="33.73793911" lon="-84.42032020"><ele>292.000</ele><time>2025-10-17T14:23:43Z</time><speed>0.900</speed><sat>16</sat></trkpt>
  <trkpt lat="33.73793660" lon="-84.42033713"><ele>292.000</ele><time>2025-10-17T14:23:44Z</time><speed>1.050</speed><sat>17</sat></trkpt>
  <trkpt lat="33.73793559" lon="-84.42035079"><ele>292.000</ele><time>2025-10-17T14:23:45Z</time><speed>0.610</speed><sat>17</sat></trkpt>
  <trkpt lat="33.73792449" lon="-84.42036512"><ele>291.000</ele><time>2025-10-17T14:23:46Z</time><speed>1.340</speed><sat>16</sat></trkpt>
  <trkpt lat="33.73791070" lon="-84.42038910"><ele>291.000</ele><time>2025-10-17T14:23:47Z</time><speed>1.140</speed><sat>15</sat></trkpt>
  <trkpt lat="33.73790634" lon="-84.42039924"><ele>290.000</ele><time>2025-10-17T14:23:48Z</time><speed>0.590</speed><sat>15</sat></trkpt>
  <trkpt lat="33.73791925" lon="-84.42040720"><ele>289.000</ele><time>2025-10-17T14:23:49Z</time><speed>0.670</speed><sat>15</sat></trkpt>
  <trkpt lat="33.73792490" lon="-84.42042111"><ele>289.000</ele><time>2025-10-17T14:23:50Z</time><speed>0.880</speed><sat>15</sat></trkpt>
  <trkpt lat="33.73793065" lon="-84.42043905"><ele>289.000</ele><time>2025-10-17T14:23:51Z</time><speed>0.950</speed><sat>15</sat></trkpt>
  <trkpt lat="33.73793215" lon="-84.42045816"><ele>289.000</ele><time>2025-10-17T14:23:52Z</time><speed>1.270</speed><sat>16</sat></trkpt>
  <trkpt lat="33.73793534" lon="-84.42048180"><ele>289.000</ele><time>2025-10-17T14:23:53Z</time><speed>1.720</speed><sat>15</sat></trkpt>
  <trkpt lat="33.73793639" lon="-84.42050334"><ele>289.000</ele><time>2025-10-17T14:23:54Z</time><speed>1.260</speed><sat>16</sat></trkpt>
  <trkpt lat="33.73794070" lon="-84.42051373"><ele>289.000</ele><time>2025-10-17T14:23:55Z</time><speed>0.700</speed><sat>16</sat></trkpt>
  <trkpt lat="33.73794599" lon="-84.42052614"><ele>289.000</ele><time>2025-10-17T14:23:56Z</time><speed>1.050</speed><sat>16</sat></trkpt>
  <trkpt lat="33.73795206" lon="-84.42054441"><ele>289.000</ele><time>2025-10-17T14:23:57Z</time><speed>1.370</speed><sat>17</sat></trkpt>
  <trkpt lat="33.73795294" lon="-84.42056604"><ele>289.000</ele><time>2025-10-17T14:23:58Z</time><speed>1.400</speed><sat>16</sat></trkpt>
  <trkpt lat="33.73795156" lon="-84.42058783"><ele>289.000</ele><time>2025-10-17T14:23:59Z</time><speed>1.480</speed><sat>17</sat></trkpt>
  <trkpt lat="33.73795148" lon="-84.42060811"><ele>288.000</ele><time>2025-10-17T14:24:00Z</time><speed>1.810</speed><sat>16</sat></trkpt>
  <trkpt lat="33.73795407" lon="-84.42062806"><ele>288.000</ele><time>2025-10-17T14:24:01Z</time><speed>1.640</speed><sat>15</sat></trkpt>
  <trkpt lat="33.73795814" lon="-84.42064617"><ele>288.000</ele><time>2025-10-17T14:24:02Z</time><speed>1.440</speed><sat>16</sat></trkpt>
  <trkpt lat="33.73796317" lon="-84.42065933"><ele>288.000</ele><time>2025-10-17T14:24:03Z</time><speed>1.330</speed><sat>17</sat></trkpt>
  <trkpt lat="33.73796564" lon="-84.42067349"><ele>288.000</ele><time>2025-10-17T14:24:04Z</time><speed>1.390</speed><sat>18</sat></trkpt>
  <trkpt lat="33.73796719" lon="-84.42068833"><ele>288.000</ele><time>2025-10-17T14:24:05Z</time><speed>1.410</speed><sat>17</sat></trkpt>
  <trkpt lat="33.73797142" lon="-84.42070342"><ele>288.000</ele><time>2025-10-17T14:24:06Z</time><speed>0.960</speed><sat>17</sat></trkpt>
  <trkpt lat="33.73797335" lon="-84.42071708"><ele>288.000</ele><time>2025-10-17T14:24:07Z</time><speed>1.170</speed><sat>17</sat></trkpt>
  <trkpt lat="33.73797360" lon="-84.42073099"><ele>288.000</ele><time>2025-10-17T14:24:08Z</time><speed>1.360</speed><sat>17</sat></trkpt>
  <trkpt lat="33.73797264" lon="-84.42075170"><ele>288.000</ele><time>2025-10-17T14:24:09Z</time><speed>2.000</speed><sat>17</sat></trkpt>
  <trkpt lat="33.73797700" lon="-84.42077022"><ele>289.000</ele><time>2025-10-17T14:24:10Z</time><speed>1.920</speed><sat>17</sat></trkpt>
  <trkpt lat="33.73798253" lon="-84.42078606"><ele>289.000</ele><time>2025-10-17T14:24:11Z</time><speed>1.420</speed><sat>17</sat></trkpt>
  <trkpt lat="33.73798836" lon="-84.42080182"><ele>288.000</ele><time>2025-10-17T14:24:12Z</time><speed>1.390</speed><sat>16</sat></trkpt>
  <trkpt lat="33.73798693" lon="-84.42081582"><ele>288.000</ele><time>2025-10-17T14:24:13Z</time><speed>1.480</speed><sat>17</sat></trkpt>
  <trkpt lat="33.73798697" lon="-84.42083091"><ele>288.000</ele><time>2025-10-17T14:24:14Z</time><speed>1.180</speed><sat>17</sat></trkpt>
  <trkpt lat="33.73798521" lon="-84.42084717"><ele>288.000</ele><time>2025-10-17T14:24:15Z</time><speed>1.640</speed><sat>17</sat></trkpt>
  <trkpt lat="33.73798664" lon="-84.42086351"><ele>288.000</ele><time>2025-10-17T14:24:16Z</time><speed>1.500</speed><sat>18</sat></trkpt>
  <trkpt lat="33.73798806" lon="-84.42087885"><ele>288.000</ele><time>2025-10-17T14:24:17Z</time><speed>1.540</speed><sat>17</sat></trkpt>
  <trkpt lat="33.73798945" lon="-84.42089645"><ele>288.000</ele><time>2025-10-17T14:24:18Z</time><speed>1.740</speed><sat>16</sat></trkpt>
  <trkpt lat="33.73799183" lon="-84.42091120"><ele>288.000</ele><time>2025-10-17T14:24:19Z</time><speed>1.150</speed><sat>17</sat></trkpt>
  <trkpt lat="33.73799343" lon="-84.42092378"><ele>288.000</ele><time>2025-10-17T14:24:20Z</time><speed>0.990</speed><sat>17</sat></trkpt>
  <trkpt lat="33.73799380" lon="-84.42093702"><ele>288.000</ele><time>2025-10-17T14:24:21Z</time><speed>1.180</speed><sat>15</sat></trkpt>
  <trkpt lat="33.73799523" lon="-84.42094850"><ele>288.000</ele><time>2025-10-17T14:24:22Z</time><speed>0.900</speed><sat>16</sat></trkpt>
  <trkpt lat="33.73799707" lon="-84.42095999"><ele>288.000</ele><time>2025-10-17T14:24:23Z</time><speed>0.740</speed><sat>16</sat></trkpt>
  <trkpt lat="33.73800294" lon="-84.42097365"><ele>288.000</ele><time>2025-10-17T14:24:24Z</time><speed>1.390</speed><sat>17</sat></trkpt>
  <trkpt lat="33.73800885" lon="-84.42099150"><ele>287.000</ele><time>2025-10-17T14:24:25Z</time><speed>1.470</speed><sat>15</sat></trkpt>
  <trkpt lat="33.73801195" lon="-84.42100760"><ele>287.000</ele><time>2025-10-17T14:24:26Z</time><speed>1.200</speed><sat>16</sat></trkpt>
  <trkpt lat="33.73801233" lon="-84.42102537"><ele>287.000</ele><time>2025-10-17T14:24:27Z</time><speed>1.110</speed><sat>17</sat></trkpt>
  <trkpt lat="33.73801053" lon="-84.42104003"><ele>287.000</ele><time>2025-10-17T14:24:28Z</time><speed>1.430</speed><sat>17</sat></trkpt>
  <trkpt lat="33.73800826" lon="-84.42105554"><ele>287.000</ele><time>2025-10-17T14:24:29Z</time><speed>1.320</speed><sat>17</sat></trkpt>
  <trkpt lat="33.73801308" lon="-84.42107406"><ele>287.000</ele><time>2025-10-17T14:24:30Z</time><speed>1.610</speed><sat>16</sat></trkpt>
  <trkpt lat="33.73801593" lon="-84.42109401"><ele>287.000</ele><time>2025-10-17T14:24:31Z</time><speed>1.640</speed><sat>17</sat></trkpt>
  <trkpt lat="33.73801878" lon="-84.42111136"><ele>287.000</ele><time>2025-10-17T14:24:32Z</time><speed>1.470</speed><sat>17</sat></trkpt>
  <trkpt lat="33.73802180" lon="-84.42112788"><ele>287.000</ele><time>2025-10-17T14:24:33Z</time><speed>1.420</speed><sat>17</sat></trkpt>
  <trkpt lat="33.73802352" lon="-84.42114498"><ele>287.000</ele><time>2025-10-17T14:24:34Z</time><speed>1.520</speed><sat>17</sat></trkpt>
  <trkpt lat="33.73802695" lon="-84.42116350"><ele>287.000</ele><time>2025-10-17T14:24:35Z</time><speed>1.660</speed><sat>16</sat></trkpt>
  <trkpt lat="33.73803098" lon="-84.42118244"><ele>287.000</ele><time>2025-10-17T14:24:36Z</time><speed>1.680</speed><sat>16</sat></trkpt>
  <trkpt lat="33.73803228" lon="-84.42119803"><ele>287.000</ele><time>2025-10-17T14:24:37Z</time><speed>1.380</speed><sat>17</sat></trkpt>
  <trkpt lat="33.73803123" lon="-84.42121480"><ele>287.000</ele><time>2025-10-17T14:24:38Z</time><speed>1.580</speed><sat>16</sat></trkpt>
  <trkpt lat="33.73803156" lon="-84.42122946"><ele>287.000</ele><time>2025-10-17T14:24:39Z</time><speed>1.220</speed><sat>17</sat></trkpt>
  <trkpt lat="33.73803274" lon="-84.42124221"><ele>287.000</ele><time>2025-10-17T14:24:40Z</time><speed>1.230</speed><sat>16</sat></trkpt>
  <trkpt lat="33.73803253" lon="-84.42125922"><ele>287.000</ele><time>2025-10-17T14:24:41Z</time><speed>1.340</speed><sat>16</sat></trkpt>
  <trkpt lat="33.73803366" lon="-84.42127196"><ele>288.000</ele><time>2025-10-17T14:24:42Z</time><speed>1.120</speed><sat>16</sat></trkpt>
  <trkpt lat="33.73803613" lon="-84.42128663"><ele>287.000</ele><time>2025-10-17T14:24:43Z</time><speed>1.240</speed><sat>18</sat></trkpt>
  <trkpt lat="33.73803655" lon="-84.42130222"><ele>287.000</ele><time>2025-10-17T14:24:44Z</time><speed>1.480</speed><sat>18</sat></trkpt>
  <trkpt lat="33.73803890" lon="-84.42131706"><ele>287.000</ele><time>2025-10-17T14:24:45Z</time><speed>1.410</speed><sat>18</sat></trkpt>
  <trkpt lat="33.73804183" lon="-84.42132896"><ele>287.000</ele><time>2025-10-17T14:24:46Z</time><speed>0.740</speed><sat>17</sat></trkpt>
  <trkpt lat="33.73804695" lon="-84.42133726"><ele>288.000</ele><time>2025-10-17T14:24:47Z</time><speed>1.620</speed><sat>16</sat></trkpt>
  <trkpt lat="33.73805244" lon="-84.42135159"><ele>288.000</ele><time>2025-10-17T14:24:48Z</time><speed>1.300</speed><sat>14</sat></trkpt>
  <trkpt lat="33.73805793" lon="-84.42136534"><ele>288.000</ele><time>2025-10-17T14:24:49Z</time><speed>1.260</speed><sat>17</sat></trkpt>
  <trkpt lat="33.73806036" lon="-84.42137933"><ele>288.000</ele><time>2025-10-17T14:24:50Z</time><speed>1.050</speed><sat>17</sat></trkpt>
  <trkpt lat="33.73805801" lon="-84.42139300"><ele>287.000</ele><time>2025-10-17T14:24:51Z</time><speed>0.900</speed><sat>18</sat></trkpt>
  <trkpt lat="33.73805906" lon="-84.42140691"><ele>286.000</ele><time>2025-10-17T14:24:52Z</time><speed>1.070</speed><sat>18</sat></trkpt>
  <trkpt lat="33.73805969" lon="-84.42142669"><ele>286.000</ele><time>2025-10-17T14:24:53Z</time><speed>1.730</speed><sat>18</sat></trkpt>
  <trkpt lat="33.73805864" lon="-84.42144605"><ele>286.000</ele><time>2025-10-17T14:24:54Z</time><speed>1.570</speed><sat>18</sat></trkpt>
  <trkpt lat="33.73806086" lon="-84.42146416"><ele>286.000</ele><time>2025-10-17T14:24:55Z</time><speed>1.520</speed><sat>18</sat></trkpt>
  <trkpt lat="33.73806342" lon="-84.42147916"><ele>286.000</ele><time>2025-10-17T14:24:56Z</time><speed>0.980</speed><sat>18</sat></trkpt>
  <trkpt lat="33.73806694" lon="-84.42149065"><ele>286.000</ele><time>2025-10-17T14:24:57Z</time><speed>1.200</speed><sat>19</sat></trkpt>
  <trkpt lat="33.73806962" lon="-84.42150582"><ele>286.000</ele><time>2025-10-17T14:24:58Z</time><speed>1.230</speed><sat>19</sat></trkpt>
  <trkpt lat="33.73807448" lon="-84.42152224"><ele>286.000</ele><time>2025-10-17T14:24:59Z</time><speed>1.250</speed><sat>18</sat></trkpt>
  <trkpt lat="33.73807653" lon="-84.42154027"><ele>286.000</ele><time>2025-10-17T14:25:00Z</time><speed>1.490</speed><sat>18</sat></trkpt>
  <trkpt lat="33.73807834" lon="-84.42155703"><ele>286.000</ele><time>2025-10-17T14:25:01Z</time><speed>1.370</speed><sat>19</sat></trkpt>
  <trkpt lat="33.73807842" lon="-84.42157279"><ele>286.000</ele><time>2025-10-17T14:25:02Z</time><speed>1.200</speed><sat>19</sat></trkpt>
  <trkpt lat="33.73808198" lon="-84.42158880"><ele>286.000</ele><time>2025-10-17T14:25:03Z</time><speed>1.570</speed><sat>16</sat></trkpt>
  <trkpt lat="33.73808634" lon="-84.42160590"><ele>286.000</ele><time>2025-10-17T14:25:04Z</time><speed>1.460</speed><sat>18</sat></trkpt>
  <trkpt lat="33.73808793" lon="-84.42162333"><ele>287.000</ele><time>2025-10-17T14:25:05Z</time><speed>1.500</speed><sat>18</sat></trkpt>
  <trkpt lat="33.73808869" lon="-84.42164051"><ele>286.000</ele><time>2025-10-17T14:25:06Z</time><speed>1.380</speed><sat>16</sat></trkpt>
  <trkpt lat="33.73809133" lon="-84.42165610"><ele>287.000</ele><time>2025-10-17T14:25:07Z</time><speed>1.380</speed><sat>18</sat></trkpt>
  <trkpt lat="33.73809330" lon="-84.42167270"><ele>287.000</ele><time>2025-10-17T14:25:08Z</time><speed>1.630</speed><sat>18</sat></trkpt>
  <trkpt lat="33.73809250" lon="-84.42168796"><ele>286.000</ele><time>2025-10-17T14:25:09Z</time><speed>1.580</speed><sat>18</sat></trkpt>
  <trkpt lat="33.73808906" lon="-84.42170748"><ele>286.000</ele><time>2025-10-17T14:25:10Z</time><speed>1.820</speed><sat>17</sat></trkpt>
  <trkpt lat="33.73808659" lon="-84.42172500"><ele>286.000</ele><time>2025-10-17T14:25:11Z</time><speed>1.550</speed><sat>16</sat></trkpt>
  <trkpt lat="33.73808957" lon="-84.42174001"><ele>286.000</ele><time>2025-10-17T14:25:12Z</time><speed>1.630</speed><sat>16</sat></trkpt>
  <trkpt lat="33.73809321" lon="-84.42175065"><ele>285.000</ele><time>2025-10-17T14:25:13Z</time><speed>0.880</speed><sat>17</sat></trkpt>
  <trkpt lat="33.73809439" lon="-84.42175912"><ele>285.000</ele><time>2025-10-17T14:25:14Z</time><speed>0.760</speed><sat>18</sat></trkpt>
  <trkpt lat="33.73809569" lon="-84.42176943"><ele>285.000</ele><time>2025-10-17T14:25:15Z</time><speed>0.630</speed><sat>17</sat></trkpt>
  <trkpt lat="33.73809682" lon="-84.42178234"><ele>285.000</ele><time>2025-10-17T14:25:16Z</time><speed>1.160</speed><sat>18</sat></trkpt>
  <trkpt lat="33.73809816" lon="-84.42179767"><ele>285.000</ele><time>2025-10-17T14:25:17Z</time><speed>1.320</speed><sat>16</sat></trkpt>
  <trkpt lat="33.73809766" lon="-84.42181326"><ele>285.000</ele><time>2025-10-17T14:25:18Z</time><speed>0.980</speed><sat>16</sat></trkpt>
  <trkpt lat="33.73809749" lon="-84.42182617"><ele>285.000</ele><time>2025-10-17T14:25:19Z</time><speed>1.190</speed><sat>16</sat></trkpt>
  <trkpt lat="33.73810248" lon="-84.42184084"><ele>285.000</ele><time>2025-10-17T14:25:20Z</time><speed>1.280</speed><sat>16</sat></trkpt>
  <trkpt lat="33.73810541" lon="-84.42185610"><ele>285.000</ele><time>2025-10-17T14:25:21Z</time><speed>1.240</speed><sat>15</sat></trkpt>
  <trkpt lat="33.73810998" lon="-84.42187076"><ele>285.000</ele><time>2025-10-17T14:25:22Z</time><speed>1.170</speed><sat>15</sat></trkpt>
  <trkpt lat="33.73811744" lon="-84.42188560"><ele>285.000</ele><time>2025-10-17T14:25:23Z</time><speed>1.110</speed><sat>17</sat></trkpt>
  <trkpt lat="33.73812146" lon="-84.42189977"><ele>285.000</ele><time>2025-10-17T14:25:24Z</time><speed>1.070</speed><sat>17</sat></trkpt>
  <trkpt lat="33.73812330" lon="-84.42191561"><ele>285.000</ele><time>2025-10-17T14:25:25Z</time><speed>1.510</speed><sat>17</sat></trkpt>
  <trkpt lat="33.73812662" lon="-84.42193790"><ele>285.000</ele><time>2025-10-17T14:25:26Z</time><speed>2.100</speed><sat>18</sat></trkpt>
  <trkpt lat="33.73812741" lon="-84.42195668"><ele>285.000</ele><time>2025-10-17T14:25:27Z</time><speed>1.550</speed><sat>19</sat></trkpt>
  <trkpt lat="33.73812775" lon="-84.42197227"><ele>285.000</ele><time>2025-10-17T14:25:28Z</time><speed>0.890</speed><sat>18</sat></trkpt>
  <trkpt lat="33.73812494" lon="-84.42198392"><ele>285.000</ele><time>2025-10-17T14:25:29Z</time><speed>1.010</speed><sat>17</sat></trkpt>
  <trkpt lat="33.73812351" lon="-84.42199507"><ele>285.000</ele><time>2025-10-17T14:25:30Z</time><speed>0.970</speed><sat>18</sat></trkpt>
  <trkpt lat="33.73812238" lon="-84.42200772"><ele>285.000</ele><time>2025-10-17T14:25:31Z</time><speed>1.030</speed><sat>17</sat></trkpt>
  <trkpt lat="33.73812280" lon="-84.42202181"><ele>285.000</ele><time>2025-10-17T14:25:32Z</time><speed>1.180</speed><sat>17</sat></trkpt>
  <trkpt lat="33.73812641" lon="-84.42203723"><ele>285.000</ele><time>2025-10-17T14:25:33Z</time><speed>1.270</speed><sat>17</sat></trkpt>
  <trkpt lat="33.73813035" lon="-84.42205676"><ele>285.000</ele><time>2025-10-17T14:25:34Z</time><speed>1.730</speed><sat>19</sat></trkpt>
  <trkpt lat="33.73813089" lon="-84.42207637"><ele>285.000</ele><time>2025-10-17T14:25:35Z</time><speed>1.600</speed><sat>18</sat></trkpt>
  <trkpt lat="33.73813043" lon="-84.42209548"><ele>285.000</ele><time>2025-10-17T14:25:36Z</time><speed>1.570</speed><sat>18</sat></trkpt>
  <trkpt lat="33.73813047" lon="-84.42211258"><ele>285.000</ele><time>2025-10-17T14:25:37Z</time><speed>1.440</speed><sat>18</sat></trkpt>
  <trkpt lat="33.73813278" lon="-84.42213236"><ele>286.000</ele><time>2025-10-17T14:25:38Z</time><speed>2.410</speed><sat>16</sat></trkpt>
  <trkpt lat="33.73813244" lon="-84.42214695"><ele>286.000</ele><time>2025-10-17T14:25:39Z</time><speed>1.380</speed><sat>16</sat></trkpt>
  <trkpt lat="33.73812955" lon="-84.42216111"><ele>286.000</ele><time>2025-10-17T14:25:40Z</time><speed>1.490</speed><sat>18</sat></trkpt>
  <trkpt lat="33.73813303" lon="-84.42217528"><ele>286.000</ele><time>2025-10-17T14:25:41Z</time><speed>1.480</speed><sat>16</sat></trkpt>
  <trkpt lat="33.73813818" lon="-84.42219095"><ele>286.000</ele><time>2025-10-17T14:25:42Z</time><speed>1.440</speed><sat>18</sat></trkpt>
  <trkpt lat="33.73814221" lon="-84.42220646"><ele>286.000</ele><time>2025-10-17T14:25:43Z</time><speed>1.090</speed><sat>18</sat></trkpt>
  <trkpt lat="33.73814862" lon="-84.42221660"><ele>286.000</ele><time>2025-10-17T14:25:44Z</time><speed>0.930</speed><sat>17</sat></trkpt>
  <trkpt lat="33.73815457" lon="-84.42222825"><ele>285.000</ele><time>2025-10-17T14:25:45Z</time><speed>1.350</speed><sat>15</sat></trkpt>
  <trkpt lat="33.73815851" lon="-84.42224334"><ele>285.000</ele><time>2025-10-17T14:25:46Z</time><speed>1.150</speed><sat>18</sat></trkpt>
  <trkpt lat="33.73815930" lon="-84.42225767"><ele>285.000</ele><time>2025-10-17T14:25:47Z</time><speed>1.350</speed><sat>18</sat></trkpt>
  <trkpt lat="33.73816115" lon="-84.42227310"><ele>285.000</ele><time>2025-10-17T14:25:48Z</time><speed>1.370</speed><sat>17</sat></trkpt>
  <trkpt lat="33.73816106" lon="-84.42229053"><ele>286.000</ele><time>2025-10-17T14:25:49Z</time><speed>1.410</speed><sat>18</sat></trkpt>
  <trkpt lat="33.73816262" lon="-84.42230721"><ele>286.000</ele><time>2025-10-17T14:25:50Z</time><speed>1.320</speed><sat>17</sat></trkpt>
  <trkpt lat="33.73816375" lon="-84.42232062"><ele>286.000</ele><time>2025-10-17T14:25:51Z</time><speed>1.120</speed><sat>18</sat></trkpt>
  <trkpt lat="33.73816450" lon="-84.42233403"><ele>286.000</ele><time>2025-10-17T14:25:52Z</time><speed>1.080</speed><sat>17</sat></trkpt>
  <trkpt lat="33.73816496" lon="-84.42234853"><ele>286.000</ele><time>2025-10-17T14:25:53Z</time><speed>1.250</speed><sat>17</sat></trkpt>
  <trkpt lat="33.73816521" lon="-84.42236362"><ele>286.000</ele><time>2025-10-17T14:25:54Z</time><speed>1.230</speed><sat>17</sat></trkpt>
  <trkpt lat="33.73816844" lon="-84.42237837"><ele>286.000</ele><time>2025-10-17T14:25:55Z</time><speed>1.170</speed><sat>18</sat></trkpt>
  <trkpt lat="33.73817548" lon="-84.42239078"><ele>286.000</ele><time>2025-10-17T14:25:56Z</time><speed>1.190</speed><sat>18</sat></trkpt>
  <trkpt lat="33.73817963" lon="-84.42240436"><ele>286.000</ele><time>2025-10-17T14:25:57Z</time><speed>0.730</speed><sat>18</sat></trkpt>
  <trkpt lat="33.73818336" lon="-84.42241651"><ele>286.000</ele><time>2025-10-17T14:25:58Z</time><speed>0.740</speed><sat>17</sat></trkpt>
  <trkpt lat="33.73818474" lon="-84.42243428"><ele>286.000</ele><time>2025-10-17T14:25:59Z</time><speed>1.300</speed><sat>18</sat></trkpt>
  <trkpt lat="33.73818382" lon="-84.42245222"><ele>286.000</ele><time>2025-10-17T14:26:00Z</time><speed>1.220</speed><sat>17</sat></trkpt>
  <trkpt lat="33.73818621" lon="-84.42247141"><ele>285.000</ele><time>2025-10-17T14:26:01Z</time><speed>1.680</speed><sat>17</sat></trkpt>
  <trkpt lat="33.73818554" lon="-84.42248801"><ele>285.000</ele><time>2025-10-17T14:26:02Z</time><speed>1.080</speed><sat>15</sat></trkpt>
  <trkpt lat="33.73818701" lon="-84.42250184"><ele>285.000</ele><time>2025-10-17T14:26:03Z</time><speed>1.050</speed><sat>17</sat></trkpt>
  <trkpt lat="33.73818470" lon="-84.42251399"><ele>285.000</ele><time>2025-10-17T14:26:04Z</time><speed>1.020</speed><sat>17</sat></trkpt>
  <trkpt lat="33.73818487" lon="-84.42252648"><ele>285.000</ele><time>2025-10-17T14:26:05Z</time><speed>1.160</speed><sat>17</sat></trkpt>
  <trkpt lat="33.73818764" lon="-84.42254375"><ele>285.000</ele><time>2025-10-17T14:26:06Z</time><speed>1.500</speed><sat>18</sat></trkpt>
  <trkpt lat="33.73818906" lon="-84.42255900"><ele>285.000</ele><time>2025-10-17T14:26:07Z</time><speed>1.000</speed><sat>17</sat></trkpt>
  <trkpt lat="33.73818994" lon="-84.42257593"><ele>286.000</ele><time>2025-10-17T14:26:08Z</time><speed>1.960</speed><sat>16</sat></trkpt>
  <trkpt lat="33.73819233" lon="-84.42259831"><ele>286.000</ele><time>2025-10-17T14:26:09Z</time><speed>1.880</speed><sat>16</sat></trkpt>
  <trkpt lat="33.73819581" lon="-84.42261172"><ele>285.000</ele><time>2025-10-17T14:26:10Z</time><speed>0.320</speed><sat>18</sat></trkpt>
  <trkpt lat="33.73819878" lon="-84.42262061"><ele>282.000</ele><time>2025-10-17T14:26:11Z</time><speed>0.850</speed><sat>15</sat></trkpt>
  <trkpt lat="33.73820293" lon="-84.42263553"><ele>282.000</ele><time>2025-10-17T14:26:12Z</time><speed>1.220</speed><sat>16</sat></trkpt>
  <trkpt lat="33.73820511" lon="-84.42265221"><ele>283.000</ele><time>2025-10-17T14:26:13Z</time><speed>1.420</speed><sat>17</sat></trkpt>
  <trkpt lat="33.73821060" lon="-84.42267207"><ele>283.000</ele><time>2025-10-17T14:26:14Z</time><speed>1.690</speed><sat>17</sat></trkpt>
  <trkpt lat="33.73821668" lon="-84.42269253"><ele>283.000</ele><time>2025-10-17T14:26:15Z</time><speed>1.700</speed><sat>16</sat></trkpt>
  <trkpt lat="33.73821915" lon="-84.42271021"><ele>283.000</ele><time>2025-10-17T14:26:16Z</time><speed>1.170</speed><sat>18</sat></trkpt>
  <trkpt lat="33.73822234" lon="-84.42272522"><ele>283.000</ele><time>2025-10-17T14:26:17Z</time><speed>1.470</speed><sat>17</sat></trkpt>
  <trkpt lat="33.73822854" lon="-84.42273938"><ele>283.000</ele><time>2025-10-17T14:26:18Z</time><speed>1.280</speed><sat>16</sat></trkpt>
  <trkpt lat="33.73823001" lon="-84.42275556"><ele>283.000</ele><time>2025-10-17T14:26:19Z</time><speed>1.600</speed><sat>17</sat></trkpt>
  <trkpt lat="33.73823151" lon="-84.42277224"><ele>283.000</ele><time>2025-10-17T14:26:20Z</time><speed>1.500</speed><sat>14</sat></trkpt>
  <trkpt lat="33.73823256" lon="-84.42278917"><ele>283.000</ele><time>2025-10-17T14:26:21Z</time><speed>1.430</speed><sat>16</sat></trkpt>
  <trkpt lat="33.73823503" lon="-84.42280384"><ele>283.000</ele><time>2025-10-17T14:26:22Z</time><speed>1.240</speed><sat>17</sat></trkpt>
  <trkpt lat="33.73823780" lon="-84.42281432"><ele>283.000</ele><time>2025-10-17T14:26:23Z</time><speed>0.860</speed><sat>16</sat></trkpt>
  <trkpt lat="33.73823784" lon="-84.42282613"><ele>283.000</ele><time>2025-10-17T14:26:24Z</time><speed>1.160</speed><sat>16</sat></trkpt>
  <trkpt lat="33.73824002" lon="-84.42283820"><ele>283.000</ele><time>2025-10-17T14:26:25Z</time><speed>1.120</speed><sat>16</sat></trkpt>
  <trkpt lat="33.73824266" lon="-84.42285405"><ele>283.000</ele><time>2025-10-17T14:26:26Z</time><speed>1.330</speed><sat>18</sat></trkpt>
  <trkpt lat="33.73824673" lon="-84.42287165"><ele>283.000</ele><time>2025-10-17T14:26:27Z</time><speed>1.460</speed><sat>17</sat></trkpt>
  <trkpt lat="33.73825088" lon="-84.42288640"><ele>283.000</ele><time>2025-10-17T14:26:28Z</time><speed>1.320</speed><sat>17</sat></trkpt>
  <trkpt lat="33.73825310" lon="-84.42290316"><ele>283.000</ele><time>2025-10-17T14:26:29Z</time><speed>1.430</speed><sat>18</sat></trkpt>
  <trkpt lat="33.73825310" lon="-84.42291825"><ele>283.000</ele><time>2025-10-17T14:26:30Z</time><speed>1.240</speed><sat>18</sat></trkpt>
  <trkpt lat="33.73825431" lon="-84.42293401"><ele>284.000</ele><time>2025-10-17T14:26:31Z</time><speed>1.260</speed><sat>17</sat></trkpt>
  <trkpt lat="33.73825582" lon="-84.42295253"><ele>284.000</ele><time>2025-10-17T14:26:32Z</time><speed>1.640</speed><sat>16</sat></trkpt>
  <trkpt lat="33.73825943" lon="-84.42296938"><ele>284.000</ele><time>2025-10-17T14:26:33Z</time><speed>1.350</speed><sat>16</sat></trkpt>
  <trkpt lat="33.73826311" lon="-84.42298581"><ele>284.000</ele><time>2025-10-17T14:26:34Z</time><speed>1.480</speed><sat>18</sat></trkpt>
  <trkpt lat="33.73826756" lon="-84.42300207"><ele>284.000</ele><time>2025-10-17T14:26:35Z</time><speed>1.550</speed><sat>17</sat></trkpt>
  <trkpt lat="33.73826969" lon="-84.42301942"><ele>284.000</ele><time>2025-10-17T14:26:36Z</time><speed>1.420</speed><sat>18</sat></trkpt>
  <trkpt lat="33.73826726" lon="-84.42303476"><ele>284.000</ele><time>2025-10-17T14:26:37Z</time><speed>1.510</speed><sat>18</sat></trkpt>
  <trkpt lat="33.73826672" lon="-84.42305068"><ele>284.000</ele><time>2025-10-17T14:26:38Z</time><speed>1.460</speed><sat>18</sat></trkpt>
  <trkpt lat="33.73826697" lon="-84.42306728"><ele>284.000</ele><time>2025-10-17T14:26:39Z</time><speed>1.430</speed><sat>18</sat></trkpt>
  <trkpt lat="33.73826731" lon="-84.42308187"><ele>285.000</ele><time>2025-10-17T14:26:40Z</time><speed>1.300</speed><sat>17</sat></trkpt>
  <trkpt lat="33.73827124" lon="-84.42309452"><ele>284.000</ele><time>2025-10-17T14:26:41Z</time><speed>1.220</speed><sat>16</sat></trkpt>
  <trkpt lat="33.73827539" lon="-84.42310676"><ele>284.000</ele><time>2025-10-17T14:26:42Z</time><speed>1.090</speed><sat>17</sat></trkpt>
  <trkpt lat="33.73827732" lon="-84.42311900"><ele>284.000</ele><time>2025-10-17T14:26:43Z</time><speed>1.370</speed><sat>17</sat></trkpt>
  <trkpt lat="33.73827908" lon="-84.42313417"><ele>284.000</ele><time>2025-10-17T14:26:44Z</time><speed>1.270</speed><sat>16</sat></trkpt>
  <trkpt lat="33.73828026" lon="-84.42314926"><ele>284.000</ele><time>2025-10-17T14:26:45Z</time><speed>1.210</speed><sat>17</sat></trkpt>
  <trkpt lat="33.73828575" lon="-84.42316141"><ele>285.000</ele><time>2025-10-17T14:26:46Z</time><speed>0.960</speed><sat>16</sat></trkpt>
  <trkpt lat="33.73828373" lon="-84.42317926"><ele>284.000</ele><time>2025-10-17T14:26:47Z</time><speed>1.980</speed><sat>16</sat></trkpt>
  <trkpt lat="33.73828252" lon="-84.42319904"><ele>284.000</ele><time>2025-10-17T14:26:48Z</time><speed>1.110</speed><sat>17</sat></trkpt>
  <trkpt lat="33.73828348" lon="-84.42321933"><ele>283.000</ele><time>2025-10-17T14:26:49Z</time><speed>1.810</speed><sat>17</sat></trkpt>
  <trkpt lat="33.73828172" lon="-84.42323685"><ele>282.000</ele><time>2025-10-17T14:26:50Z</time><speed>1.530</speed><sat>18</sat></trkpt>
  <trkpt lat="33.73828239" lon="-84.42325319"><ele>282.000</ele><time>2025-10-17T14:26:51Z</time><speed>1.310</speed><sat>17</sat></trkpt>
  <trkpt lat="33.73828298" lon="-84.42326987"><ele>283.000</ele><time>2025-10-17T14:26:52Z</time><speed>1.720</speed><sat>18</sat></trkpt>
  <trkpt lat="33.73828566" lon="-84.42328496"><ele>283.000</ele><time>2025-10-17T14:26:53Z</time><speed>1.640</speed><sat>19</sat></trkpt>
  <trkpt lat="33.73828998" lon="-84.42329627"><ele>283.000</ele><time>2025-10-17T14:26:54Z</time><speed>1.210</speed><sat>17</sat></trkpt>
  <trkpt lat="33.73829203" lon="-84.42330591"><ele>283.000</ele><time>2025-10-17T14:26:55Z</time><speed>0.810</speed><sat>18</sat></trkpt>
  <trkpt lat="33.73829174" lon="-84.42331497"><ele>283.000</ele><time>2025-10-17T14:26:56Z</time><speed>0.870</speed><sat>19</sat></trkpt>
  <trkpt lat="33.73829300" lon="-84.42332377"><ele>284.000</ele><time>2025-10-17T14:26:57Z</time><speed>0.760</speed><sat>19</sat></trkpt>
  <trkpt lat="33.73829761" lon="-84.42333592"><ele>284.000</ele><time>2025-10-17T14:26:58Z</time><speed>1.210</speed><sat>19</sat></trkpt>
  <trkpt lat="33.73830243" lon="-84.42334942"><ele>284.000</ele><time>2025-10-17T14:26:59Z</time><speed>0.910</speed><sat>19</sat></trkpt>
  <trkpt lat="33.73830616" lon="-84.42335931"><ele>284.000</ele><time>2025-10-17T14:27:00Z</time><speed>0.980</speed><sat>18</sat></trkpt>
  <trkpt lat="33.73831022" lon="-84.42337213"><ele>284.000</ele><time>2025-10-17T14:27:01Z</time><speed>1.060</speed><sat>20</sat></trkpt>
  <trkpt lat="33.73830984" lon="-84.42338445"><ele>284.000</ele><time>2025-10-17T14:27:02Z</time><speed>0.890</speed><sat>20</sat></trkpt>
  <trkpt lat="33.73831336" lon="-84.42339418"><ele>284.000</ele><time>2025-10-17T14:27:03Z</time><speed>1.030</speed><sat>20</sat></trkpt>
  <trkpt lat="33.73831743" lon="-84.42340733"><ele>284.000</ele><time>2025-10-17T14:27:04Z</time><speed>1.170</speed><sat>20</sat></trkpt>
  <trkpt lat="33.73832258" lon="-84.42342091"><ele>284.000</ele><time>2025-10-17T14:27:05Z</time><speed>0.890</speed><sat>21</sat></trkpt>
  <trkpt lat="33.73832401" lon="-84.42343181"><ele>284.000</ele><time>2025-10-17T14:27:06Z</time><speed>0.640</speed><sat>21</sat></trkpt>
  <trkpt lat="33.73832602" lon="-84.42343743"><ele>285.000</ele><time>2025-10-17T14:27:07Z</time><speed>0.420</speed><sat>20</sat></trkpt>
  <trkpt lat="33.73832661" lon="-84.42343994"><ele>285.000</ele><time>2025-10-17T14:27:08Z</time><speed>0.210</speed><sat>19</sat></trkpt>
  <trkpt lat="33.73832657" lon="-84.42344011"><ele>285.000</ele><time>2025-10-17T14:27:09Z</time><speed>0.010</speed><sat>18</sat></trkpt>
  <trkpt lat="33.73832300" lon="-84.42344665"><ele>285.000</ele><time>2025-10-17T14:27:10Z</time><speed>0.130</speed><sat>18</sat></trkpt>
  <trkpt lat="33.73832066" lon="-84.42344966"><ele>286.000</ele><time>2025-10-17T14:27:11Z</time><speed>0.000</speed><sat>18</sat></trkpt>
  <trkpt lat="33.73832066" lon="-84.42344966"><ele>286.000</ele><time>2025-10-17T14:27:12Z</time><speed>0.000</speed><sat>18</sat></trkpt>
  <trkpt lat="33.73831869" lon="-84.42345335"><ele>286.000</ele><time>2025-10-17T14:27:13Z</time><speed>0.200</speed><sat>19</sat></trkpt>
  <trkpt lat="33.73831923" lon="-84.42346425"><ele>286.000</ele><time>2025-10-17T14:27:14Z</time><speed>1.820</speed><sat>18</sat></trkpt>
  <trkpt lat="33.73832250" lon="-84.42346542"><ele>286.000</ele><time>2025-10-17T14:27:15Z</time><speed>0.550</speed><sat>17</sat></trkpt>
  <trkpt lat="33.73831814" lon="-84.42345603"><ele>285.000</ele><time>2025-10-17T14:27:16Z</time><speed>1.420</speed><sat>14</sat></trkpt>
  <trkpt lat="33.73831936" lon="-84.42345126"><ele>285.000</ele><time>2025-10-17T14:27:17Z</time><speed>0.230</speed><sat>12</sat></trkpt>
  <trkpt lat="33.73831617" lon="-84.42345168"><ele>285.000</ele><time>2025-10-17T14:27:18Z</time><speed>0.340</speed><sat>13</sat></trkpt>
  <trkpt lat="33.73831311" lon="-84.42345360"><ele>285.000</ele><time>2025-10-17T14:27:19Z</time><speed>0.770</speed><sat>14</sat></trkpt>
  <trkpt lat="33.73831655" lon="-84.42345520"><ele>285.000</ele><time>2025-10-17T14:27:20Z</time><speed>0.750</speed><sat>17</sat></trkpt>
  <trkpt lat="33.73831546" lon="-84.42345545"><ele>285.000</ele><time>2025-10-17T14:27:21Z</time><speed>0.000</speed><sat>16</sat></trkpt>
  <trkpt lat="33.73831521" lon="-84.42345603"><ele>285.000</ele><time>2025-10-17T14:27:22Z</time><speed>0.100</speed><sat>16</sat></trkpt>
  <trkpt lat="33.73831504" lon="-84.42345696"><ele>285.000</ele><time>2025-10-17T14:27:23Z</time><speed>0.080</speed><sat>17</sat></trkpt>
  <trkpt lat="33.73831508" lon="-84.42345922"><ele>286.000</ele><time>2025-10-17T14:27:24Z</time><speed>0.080</speed><sat>18</sat></trkpt>
  <trkpt lat="33.73831701" lon="-84.42345913"><ele>286.000</ele><time>2025-10-17T14:27:25Z</time><speed>0.160</speed><sat>17</sat></trkpt>
  <trkpt lat="33.73831797" lon="-84.42345779"><ele>286.000</ele><time>2025-10-17T14:27:26Z</time><speed>0.280</speed><sat>17</sat></trkpt>
  <trkpt lat="33.73831827" lon="-84.42345763"><ele>286.000</ele><time>2025-10-17T14:27:27Z</time><speed>0.310</speed><sat>16</sat></trkpt>
  <trkpt lat="33.73832045" lon="-84.42346039"><ele>286.000</ele><time>2025-10-17T14:27:28Z</time><speed>0.120</speed><sat>15</sat></trkpt>
  <trkpt lat="33.73832108" lon="-84.42346123"><ele>286.000</ele><time>2025-10-17T14:27:29Z</time><speed>0.190</speed><sat>15</sat></trkpt>
  <trkpt lat="33.73832518" lon="-84.42346106"><ele>286.000</ele><time>2025-10-17T14:27:30Z</time><speed>0.410</speed><sat>17</sat></trkpt>
  <trkpt lat="33.73832640" lon="-84.42345578"><ele>286.000</ele><time>2025-10-17T14:27:31Z</time><speed>0.090</speed><sat>19</sat></trkpt>
  <trkpt lat="33.73832648" lon="-84.42345561"><ele>286.000</ele><time>2025-10-17T14:27:32Z</time><speed>0.000</speed><sat>19</sat></trkpt>
  <trkpt lat="33.73832644" lon="-84.42345553"><ele>286.000</ele><time>2025-10-17T14:27:33Z</time><speed>0.000</speed><sat>18</sat></trkpt>
  <trkpt lat="33.73832648" lon="-84.42345545"><ele>286.000</ele><time>2025-10-17T14:27:34Z</time><speed>0.000</speed><sat>18</sat></trkpt>
  <trkpt lat="33.73832648" lon="-84.42345545"><ele>286.000</ele><time>2025-10-17T14:27:35Z</time><speed>0.000</speed><sat>18</sat></trkpt>
  <trkpt lat="33.73832652" lon="-84.42345536"><ele>286.000</ele><time>2025-10-17T14:27:36Z</time><speed>0.000</speed><sat>19</sat></trkpt>
  <trkpt lat="33.73832657" lon="-84.42345545"><ele>286.000</ele><time>2025-10-17T14:27:37Z</time><speed>0.000</speed><sat>19</sat></trkpt>
  <trkpt lat="33.73832891" lon="-84.42345687"><ele>286.000</ele><time>2025-10-17T14:27:38Z</time><speed>0.110</speed><sat>18</sat></trkpt>
  <trkpt lat="33.73833268" lon="-84.42345922"><ele>287.000</ele><time>2025-10-17T14:27:39Z</time><speed>0.260</speed><sat>19</sat></trkpt>
  <trkpt lat="33.73833004" lon="-84.42345972"><ele>286.000</ele><time>2025-10-17T14:27:40Z</time><speed>0.070</speed><sat>19</sat></trkpt>
  <trkpt lat="33.73833000" lon="-84.42345947"><ele>286.000</ele><time>2025-10-17T14:27:41Z</time><speed>0.000</speed><sat>18</sat></trkpt>
  <trkpt lat="33.73833000" lon="-84.42345947"><ele>286.000</ele><time>2025-10-17T14:27:42Z</time><speed>0.000</speed><sat>18</sat></trkpt>
  <trkpt lat="33.73832996" lon="-84.42345939"><ele>286.000</ele><time>2025-10-17T14:27:43Z</time><speed>0.000</speed><sat>19</sat></trkpt>
  <trkpt lat="33.73833264" lon="-84.42345872"><ele>287.000</ele><time>2025-10-17T14:27:44Z</time><speed>0.030</speed><sat>18</sat></trkpt>
  <trkpt lat="33.73833264" lon="-84.42345863"><ele>287.000</ele><time>2025-10-17T14:27:45Z</time><speed>0.000</speed><sat>19</sat></trkpt>
  <trkpt lat="33.73833235" lon="-84.42345603"><ele>286.000</ele><time>2025-10-17T14:27:46Z</time><speed>0.260</speed><sat>19</sat></trkpt>
  <trkpt lat="33.73833591" lon="-84.42345637"><ele>286.000</ele><time>2025-10-17T14:27:47Z</time><speed>0.780</speed><sat>17</sat></trkpt>
  <trkpt lat="33.73834115" lon="-84.42345478"><ele>286.000</ele><time>2025-10-17T14:27:48Z</time><speed>0.660</speed><sat>18</sat></trkpt>
  <trkpt lat="33.73834811" lon="-84.42345218"><ele>286.000</ele><time>2025-10-17T14:27:49Z</time><speed>1.520</speed><sat>18</sat></trkpt>
  <trkpt lat="33.73836374" lon="-84.42344564"><ele>286.000</ele><time>2025-10-17T14:27:50Z</time><speed>3.010</speed><sat>19</sat></trkpt>
  <trkpt lat="33.73838696" lon="-84.42344220"><ele>286.000</ele><time>2025-10-17T14:27:51Z</time><speed>2.600</speed><sat>20</sat></trkpt>
  <trkpt lat="33.73840615" lon="-84.42344162"><ele>287.000</ele><time>2025-10-17T14:27:52Z</time><speed>2.140</speed><sat>20</sat></trkpt>
  <trkpt lat="33.73842132" lon="-84.42344413"><ele>287.000</ele><time>2025-10-17T14:27:53Z</time><speed>1.820</speed><sat>19</sat></trkpt>
  <trkpt lat="33.73843419" lon="-84.42344556"><ele>287.000</ele><time>2025-10-17T14:27:54Z</time><speed>1.820</speed><sat>20</sat></trkpt>
  <trkpt lat="33.73844571" lon="-84.42344715"><ele>288.000</ele><time>2025-10-17T14:27:55Z</time><speed>1.480</speed><sat>20</sat></trkpt>
  <trkpt lat="33.73845602" lon="-84.42344790"><ele>288.000</ele><time>2025-10-17T14:27:56Z</time><speed>1.350</speed><sat>20</sat></trkpt>
  <trkpt lat="33.73846885" lon="-84.42344765"><ele>288.000</ele><time>2025-10-17T14:27:57Z</time><speed>1.270</speed><sat>19</sat></trkpt>
  <trkpt lat="33.73848704" lon="-84.42344991"><ele>288.000</ele><time>2025-10-17T14:27:58Z</time><speed>1.450</speed><sat>19</sat></trkpt>
  <trkpt lat="33.73850150" lon="-84.42345276"><ele>288.000</ele><time>2025-10-17T14:27:59Z</time><speed>1.680</speed><sat>20</sat></trkpt>
  <trkpt lat="33.73851134" lon="-84.42345251"><ele>288.000</ele><time>2025-10-17T14:28:00Z</time><speed>1.270</speed><sat>20</sat></trkpt>
  <trkpt lat="33.73851964" lon="-84.42345352"><ele>288.000</ele><time>2025-10-17T14:28:01Z</time><speed>1.240</speed><sat>21</sat></trkpt>
  <trkpt lat="33.73852744" lon="-84.42345276"><ele>288.000</ele><time>2025-10-17T14:28:02Z</time><speed>0.800</speed><sat>21</sat></trkpt>
  <trkpt lat="33.73853507" lon="-84.42344966"><ele>288.000</ele><time>2025-10-17T14:28:03Z</time><speed>0.820</speed><sat>20</sat></trkpt>
  <trkpt lat="33.73854307" lon="-84.42344857"><ele>289.000</ele><time>2025-10-17T14:28:04Z</time><speed>1.000</speed><sat>20</sat></trkpt>
  <trkpt lat="33.73855246" lon="-84.42344857"><ele>289.000</ele><time>2025-10-17T14:28:05Z</time><speed>0.860</speed><sat>19</sat></trkpt>
  <trkpt lat="33.73856331" lon="-84.42344874"><ele>289.000</ele><time>2025-10-17T14:28:06Z</time><speed>0.950</speed><sat>16</sat></trkpt>
  <trkpt lat="33.73857731" lon="-84.42344883"><ele>289.000</ele><time>2025-10-17T14:28:07Z</time><speed>1.340</speed><sat>18</sat></trkpt>
  <trkpt lat="33.73859269" lon="-84.42344707"><ele>289.000</ele><time>2025-10-17T14:28:08Z</time><speed>1.710</speed><sat>20</sat></trkpt>
  <trkpt lat="33.73861004" lon="-84.42344782"><ele>288.000</ele><time>2025-10-17T14:28:09Z</time><speed>1.610</speed><sat>20</sat></trkpt>
  <trkpt lat="33.73861775" lon="-84.42344849"><ele>288.000</ele><time>2025-10-17T14:28:10Z</time><speed>1.570</speed><sat>21</sat></trkpt>
  <trkpt lat="33.73863292" lon="-84.42345092"><ele>288.000</ele><time>2025-10-17T14:28:11Z</time><speed>1.340</speed><sat>20</sat></trkpt>
  <trkpt lat="33.73864562" lon="-84.42345084"><ele>287.000</ele><time>2025-10-17T14:28:12Z</time><speed>1.170</speed><sat>22</sat></trkpt>
  <trkpt lat="33.73865447" lon="-84.42345545"><ele>286.000</ele><time>2025-10-17T14:28:13Z</time><speed>1.300</speed><sat>22</sat></trkpt>
  <trkpt lat="33.73866524" lon="-84.42345469"><ele>287.000</ele><time>2025-10-17T14:28:14Z</time><speed>1.250</speed><sat>20</sat></trkpt>
  <trkpt lat="33.73867622" lon="-84.42345578"><ele>287.000</ele><time>2025-10-17T14:28:15Z</time><speed>0.970</speed><sat>21</sat></trkpt>
  <trkpt lat="33.73868359" lon="-84.42345595"><ele>287.000</ele><time>2025-10-17T14:28:16Z</time><speed>1.250</speed><sat>21</sat></trkpt>
  <trkpt lat="33.73869327" lon="-84.42345461"><ele>286.000</ele><time>2025-10-17T14:28:17Z</time><speed>0.880</speed><sat>22</sat></trkpt>
  <trkpt lat="33.73869969" lon="-84.42345327"><ele>287.000</ele><time>2025-10-17T14:28:18Z</time><speed>1.110</speed><sat>23</sat></trkpt>
  <trkpt lat="33.73871167" lon="-84.42345411"><ele>286.000</ele><time>2025-10-17T14:28:19Z</time><speed>1.250</speed><sat>23</sat></trkpt>
  <trkpt lat="33.73872550" lon="-84.42345779"><ele>286.000</ele><time>2025-10-17T14:28:20Z</time><speed>1.400</speed><sat>22</sat></trkpt>
  <trkpt lat="33.73873715" lon="-84.42345888"><ele>286.000</ele><time>2025-10-17T14:28:21Z</time><speed>0.890</speed><sat>22</sat></trkpt>
  <trkpt lat="33.73874763" lon="-84.42345964"><ele>286.000</ele><time>2025-10-17T14:28:22Z</time><speed>1.220</speed><sat>23</sat></trkpt>
  <trkpt lat="33.73875865" lon="-84.42345863"><ele>286.000</ele><time>2025-10-17T14:28:23Z</time><speed>1.260</speed><sat>23</sat></trkpt>
  <trkpt lat="33.73876871" lon="-84.42345704"><ele>286.000</ele><time>2025-10-17T14:28:24Z</time><speed>1.000</speed><sat>23</sat></trkpt>
  <trkpt lat="33.73877915" lon="-84.42345704"><ele>286.000</ele><time>2025-10-17T14:28:25Z</time><speed>1.070</speed><sat>23</sat></trkpt>
  <trkpt lat="33.73878723" lon="-84.42345402"><ele>286.000</ele><time>2025-10-17T14:28:26Z</time><speed>0.920</speed><sat>23</sat></trkpt>
  <trkpt lat="33.73878841" lon="-84.42345017"><ele>286.000</ele><time>2025-10-17T14:28:27Z</time><speed>0.730</speed><sat>23</sat></trkpt>
  <trkpt lat="33.73878778" lon="-84.42345008"><ele>286.000</ele><time>2025-10-17T14:28:28Z</time><speed>0.040</speed><sat>22</sat></trkpt>
  <trkpt lat="33.73878799" lon="-84.42345000"><ele>286.000</ele><time>2025-10-17T14:28:29Z</time><speed>0.000</speed><sat>23</sat></trkpt>
  <trkpt lat="33.73878799" lon="-84.42345000"><ele>286.000</ele><time>2025-10-17T14:28:30Z</time><speed>0.000</speed><sat>23</sat></trkpt>
 </trkseg>
</trk>

</gpx>
 