"Device Name","3550FW - 3109160"
"Device Model","3550FW"
"Serial Number","3109160"
"FORMATTED DATE_TIME","Temperature","Wet Bulb Temp","Relative Humidity","Barometric Pressure","Compass Magnetic Direction","Altitude","Station Pressure","Wind Speed","Heat Index","Dew Point","Wind Chill","Data Type","Record name","Start time","Duration (H:M:S)","Location description","Location address","Location coordinates","Notes"
"YYYY-MM-DD HH:MM:SS","°F","°F","%","inHg","Deg","ft","inHg","mph","°F","°F","°F"
"2025-10-17 08:41:58 AM","64.8","57.9","67.5","28.97","271","889","28.98","0.0","63.1","53.8","64.8","session","Session - Oct 17, 2025_10:28:52 AM","Oct 17, 2025 / 8:41:55 AM","01:46:57","","","",""
"2025-10-17 08:42:03 AM","64.7","57.9","67.4","28.97","271","889","28.98","0.9","63.0","53.6","64.6","session"
"2025-10-17 08:42:08 AM","64.5","57.7","67.1","28.98","271","886","28.98","0.9","62.8","53.4","64.4","session"
"2025-10-17 08:42:13 AM","64.4","57.5","67.0","28.98","271","889","28.98","0.9","62.8","53.2","64.4","session"
"2025-10-17 08:42:18 AM","64.3","57.4","66.9","28.98","271","886","28.98","0.8","62.6","53.1","64.2","session"
"2025-10-17 08:42:23 AM","64.2","57.4","66.8","28.98","271","886","28.98","0.9","62.6","53.0","64.2","session"
"2025-10-17 08:42:28 AM","64.2","57.4","66.8","28.98","271","886","28.98","1.0","62.6","53.0","64.2","session"
"2025-10-17 08:42:33 AM","64.1","57.2","66.9","28.98","271","886","28.98","0.9","62.4","52.8","64.0","session"
"2025-10-17 08:42:38 AM","63.9","57.0","67.0","28.98","271","884","28.98","0.0","62.2","52.8","63.9","session"
"2025-10-17 08:42:43 AM","63.9","57.0","67.1","28.98","271","881","28.99","0.7","62.2","52.8","63.9","session"
"2025-10-17 08:42:48 AM","63.7","57.0","67.2","28.99","271","881","28.99","0.0","62.1","52.7","63.7","session"
"2025-10-17 08:42:53 AM","63.6","56.8","67.3","28.99","271","881","28.99","1.2","61.9","52.6","63.5","session"
"2025-10-17 08:42:58 AM","63.6","56.8","67.4","28.99","271","881","28.99","0.0","61.9","52.6","63.5","session"
"2025-10-17 08:43:03 AM","63.5","56.8","67.5","28.99","271","881","28.99","0.0","61.9","52.6","63.5","session"
"2025-10-17 08:43:08 AM","63.5","57.0","67.6","28.99","271","881","28.99","0.9","62.1","52.6","63.5","session"
"2025-10-17 08:43:13 AM","63.6","57.2","67.8","28.99","271","877","28.99","0.0","62.1","52.8","63.5","session"
"2025-10-17 08:43:18 AM","63.5","57.0","68.0","28.99","271","877","28.99","0.0","62.1","52.8","63.5","session"
"2025-10-17 08:43:23 AM","63.5","57.0","68.2","28.99","271","877","28.99","0.0","62.1","52.9","63.5","session"
"2025-10-17 08:43:28 AM","63.5","57.0","68.3","28.99","271","877","28.99","0.0","62.1","52.9","63.5","session"
"2025-10-17 08:43:33 AM","63.3","56.8","68.2","28.99","271","877","28.99","0.7","61.7","52.6","63.1","session"
"2025-10-17 08:43:38 AM","63.4","57.0","68.2","29.00","271","874","29.00","0.8","61.9","52.8","63.3","session"
"2025-10-17 08:43:43 AM","63.6","57.2","68.2","28.99","271","877","28.99","0.8","62.1","52.9","63.5","session"
"2025-10-17 08:43:48 AM","63.6","57.2","68.2","28.99","271","874","28.99","0.8","62.1","53.0","63.5","session"
"2025-10-17 08:43:53 AM","63.6","57.2","68.1","28.99","271","874","28.99","1.4","62.1","52.9","63.5","session"
"2025-10-17 08:43:58 AM","63.7","57.2","68.1","28.99","271","877","28.99","0.8","62.2","53.0","63.7","session"
"2025-10-17 08:44:03 AM","64.0","57.4","68.1","28.99","271","877","28.99","0.0","62.4","53.2","63.9","session"
"2025-10-17 08:44:08 AM","64.2","57.7","68.2","28.99","271","877","28.99","0.0","62.8","53.5","64.2","session"
"2025-10-17 08:44:13 AM","64.4","57.9","68.4","28.99","271","874","28.99","0.8","62.8","53.7","64.2","session"
"2025-10-17 08:44:18 AM","64.5","57.9","68.6","29.00","271","874","29.00","0.9","63.0","53.9","64.4","session"
"2025-10-17 08:44:23 AM","64.8","58.3","68.7","28.99","271","874","28.99","0.0","63.3","54.3","64.8","session"
"2025-10-17 08:44:28 AM","65.1","58.6","68.9","28.99","271","874","28.99","0.0","63.7","54.7","65.1","session"
"2025-10-17 08:44:33 AM","65.6","59.2","69.3","29.00","271","874","29.00","0.0","64.2","55.2","65.5","session"
"2025-10-17 08:44:38 AM","65.9","59.5","69.8","29.00","271","873","29.00","0.0","64.8","55.8","65.8","session"
"2025-10-17 08:44:43 AM","66.2","59.9","69.9","29.00","271","873","29.00","0.0","65.1","56.0","66.0","session"
"2025-10-17 08:44:48 AM","65.9","59.5","69.8","29.00","271","869","29.00","0.7","64.8","55.8","65.8","session"
"2025-10-17 08:44:53 AM","65.7","59.2","69.4","29.00","271","869","29.00","0.8","64.6","55.4","65.7","session"
"2025-10-17 08:44:58 AM","65.3","58.8","68.7","29.00","271","873","29.00","0.0","63.9","54.8","65.3","session"
"2025-10-17 08:45:03 AM","65.0","58.4","68.3","29.00","271","869","29.00","0.0","63.5","54.3","64.9","session"
"2025-10-17 08:45:08 AM","64.9","58.1","67.7","29.00","271","869","29.00","0.7","63.3","53.9","64.8","session"
"2025-10-17 08:45:13 AM","64.8","57.9","67.5","29.00","271","869","29.00","0.9","63.3","53.8","64.8","session"
"2025-10-17 08:45:18 AM","64.7","57.9","67.4","29.00","271","873","29.00","0.9","63.0","53.6","64.6","session"
"2025-10-17 08:45:23 AM","64.4","57.5","67.3","29.00","271","873","29.00","0.8","62.8","53.3","64.4","session"
"2025-10-17 08:45:28 AM","64.4","57.5","67.2","29.00","271","869","29.00","0.0","62.6","53.3","64.2","session"
"2025-10-17 08:45:33 AM","64.3","57.5","67.3","29.00","271","873","29.00","0.0","62.6","53.3","64.2","session"
"2025-10-17 08:45:38 AM","64.2","57.4","67.6","29.00","271","869","29.00","0.0","62.6","53.3","64.0","session"
"2025-10-17 08:45:43 AM","63.9","57.4","67.7","29.00","271","873","29.00","0.7","62.4","53.0","63.9","session"
"2025-10-17 08:45:48 AM","63.7","57.2","67.7","29.00","271","869","29.00","0.0","62.2","52.8","63.7","session"
"2025-10-17 08:45:53 AM","63.6","57.2","67.8","29.00","271","873","29.00","0.0","62.1","52.8","63.5","session"
"2025-10-17 08:45:58 AM","63.5","57.0","67.7","29.00","271","873","29.00","0.0","62.1","52.7","63.5","session"
"2025-10-17 08:46:03 AM","63.7","57.2","67.9","29.00","271","873","29.00","0.0","62.2","52.9","63.7","session"
"2025-10-17 08:46:08 AM","63.8","57.4","68.2","29.00","271","873","29.00","0.9","62.2","53.2","63.7","session"
"2025-10-17 08:46:13 AM","64.0","57.5","68.5","29.00","271","873","29.00","0.9","62.4","53.4","63.9","session"
"2025-10-17 08:46:18 AM","64.0","57.5","68.7","28.99","271","874","29.00","0.0","62.4","53.5","63.9","session"
"2025-10-17 08:46:23 AM","64.1","57.5","68.8","28.99","271","874","28.99","0.0","62.6","53.6","64.0","session"
"2025-10-17 08:46:28 AM","64.4","57.9","69.0","28.99","271","877","28.99","0.0","63.0","54.0","64.4","session"
"2025-10-17 08:46:33 AM","64.6","58.3","69.2","28.99","271","877","28.99","0.0","63.1","54.3","64.6","session"
"2025-10-17 08:46:38 AM","64.7","58.3","69.1","28.99","270","874","29.00","0.0","63.1","54.3","64.6","session"
"2025-10-17 08:46:43 AM","64.7","58.3","68.8","28.99","270","877","28.99","0.0","63.1","54.3","64.6","session"
"2025-10-17 08:46:48 AM","64.7","58.1","68.5","28.99","270","877","28.99","1.3","63.1","54.1","64.6","session"
"2025-10-17 08:46:53 AM","64.6","58.1","68.4","28.99","270","877","28.99","1.3","63.1","54.0","64.6","session"
"2025-10-17 08:46:58 AM","64.3","57.9","68.5","28.99","270","877","28.99","1.7","62.8","53.7","64.2","session"
"2025-10-17 08:47:03 AM","64.5","57.9","68.3","28.99","271","881","28.99","0.8","63.0","53.8","64.4","session"
"2025-10-17 08:47:08 AM","64.7","58.1","68.1","28.99","270","877","28.99","1.1","63.1","54.0","64.6","session"
"2025-10-17 08:47:13 AM","65.0","58.4","68.2","28.99","270","877","28.99","1.2","63.5","54.2","64.9","session"
"2025-10-17 08:47:18 AM","65.1","58.6","68.5","28.99","270","877","28.99","0.0","63.5","54.5","64.9","session"
"2025-10-17 08:47:23 AM","65.3","58.8","68.5","28.99","270","877","28.99","0.0","63.7","54.6","65.1","session"
"2025-10-17 08:47:28 AM","65.3","58.8","68.4","28.99","270","877","28.99","0.0","63.9","54.7","65.3","session"
"2025-10-17 08:47:33 AM","65.6","59.0","68.3","28.99","270","874","29.00","0.0","64.2","54.9","65.5","session"
"2025-10-17 08:47:38 AM","65.8","59.0","68.1","29.00","270","874","29.00","0.0","64.4","55.0","65.7","session"
"2025-10-17 08:47:43 AM","65.7","59.0","68.0","29.00","270","874","29.00","0.8","64.4","54.8","65.7","session"
"2025-10-17 08:47:48 AM","65.8","59.0","67.8","29.00","270","874","29.00","0.7","64.4","54.8","65.7","session"
"2025-10-17 08:47:53 AM","65.9","59.0","67.6","29.00","270","873","29.00","0.0","64.6","54.9","65.8","session"
"2025-10-17 08:47:58 AM","66.0","59.0","67.3","29.00","270","869","29.00","0.7","64.4","54.8","65.8","session"
"2025-10-17 08:48:03 AM","66.0","59.0","67.2","29.00","270","869","29.00","0.8","64.4","54.8","65.8","session"
"2025-10-17 08:48:08 AM","66.2","59.2","67.0","29.00","270","866","29.00","0.8","64.9","55.0","66.2","session"
"2025-10-17 08:48:13 AM","66.2","59.2","67.0","29.00","270","865","29.00","0.7","64.9","55.0","66.2","session"
"2025-10-17 08:48:18 AM","66.2","59.2","66.8","29.00","270","865","29.00","0.0","64.9","54.8","66.2","session"
"2025-10-17 08:48:23 AM","66.2","59.2","66.6","29.00","270","861","29.01","0.0","64.9","54.8","66.2","session"
"2025-10-17 08:48:28 AM","66.2","59.0","66.5","29.00","270","865","29.01","0.0","64.8","54.7","66.0","session"
"2025-10-17 08:48:33 AM","66.1","59.0","66.6","29.00","270","865","29.01","0.7","64.8","54.6","66.0","session"
"2025-10-17 08:48:38 AM","65.9","58.8","66.6","29.01","270","861","29.01","0.0","64.4","54.5","65.8","session"
"2025-10-17 08:48:43 AM","65.7","58.6","66.5","29.01","270","858","29.01","0.0","64.2","54.2","65.7","session"
"2025-10-17 08:48:48 AM","65.2","58.3","66.3","29.01","270","858","29.01","0.8","63.5","53.7","65.1","session"
"2025-10-17 08:48:53 AM","65.3","58.3","66.2","29.01","270","855","29.01","0.0","63.7","53.8","65.3","session"
"2025-10-17 08:48:58 AM","65.2","58.1","66.1","29.01","270","855","29.02","0.7","63.5","53.6","65.1","session"
"2025-10-17 08:49:03 AM","64.8","57.7","66.1","29.01","270","858","29.01","0.0","63.1","53.2","64.8","session"
"2025-10-17 08:49:08 AM","64.7","57.7","66.0","29.01","270","855","29.02","0.0","63.0","53.1","64.6","session"
"2025-10-17 08:49:13 AM","64.6","57.5","66.1","29.01","270","855","29.01","0.0","63.0","53.0","64.6","session"
"2025-10-17 08:49:18 AM","64.6","57.5","66.4","29.01","270","858","29.01","0.0","63.0","53.2","64.6","session"
"2025-10-17 08:49:23 AM","64.6","57.5","66.7","29.01","270","855","29.02","0.7","63.0","53.3","64.6","session"
"2025-10-17 08:49:28 AM","64.5","57.5","67.1","29.01","270","855","29.02","0.0","62.8","53.3","64.4","session"
"2025-10-17 08:49:33 AM","64.2","57.4","67.3","29.01","270","855","29.01","0.9","62.6","53.2","64.2","session"
"2025-10-17 08:49:38 AM","64.2","57.4","67.5","29.01","270","858","29.01","0.7","62.4","53.2","64.0","session"
"2025-10-17 08:49:43 AM","64.1","57.4","67.6","29.01","270","855","29.01","0.0","62.6","53.2","64.0","session"
"2025-10-17 08:49:48 AM","64.1","57.4","67.8","29.01","270","855","29.01","0.8","62.6","53.2","64.0","session"
"2025-10-17 08:49:53 AM","64.0","57.4","67.9","29.01","270","855","29.02","0.7","62.4","53.2","63.9","session"
"2025-10-17 08:49:58 AM","64.1","57.5","68.1","29.01","270","855","29.01","0.7","62.6","53.3","64.0","session"
"2025-10-17 08:50:03 AM","63.9","57.4","68.2","29.01","270","855","29.01","0.7","62.4","53.2","63.9","session"
"2025-10-17 08:50:08 AM","63.8","57.2","68.4","29.01","270","861","29.01","0.0","62.2","53.2","63.7","session"
"2025-10-17 08:50:13 AM","63.7","57.2","68.6","29.01","270","855","29.01","0.8","62.2","53.2","63.7","session"
"2025-10-17 08:50:18 AM","63.7","57.2","68.9","29.01","270","855","29.01","0.8","62.2","53.3","63.7","session"
"2025-10-17 08:50:23 AM","63.5","57.2","69.0","29.01","270","858","29.01","0.0","62.1","53.2","63.5","session"
"2025-10-17 08:50:28 AM","63.5","57.2","69.1","29.01","270","858","29.01","0.7","62.1","53.2","63.5","session"
"2025-10-17 08:50:33 AM","63.4","57.2","69.2","29.01","270","858","29.01","0.7","61.9","53.1","63.3","session"
"2025-10-17 08:50:38 AM","63.3","57.2","69.3","29.01","270","858","29.01","0.7","61.9","53.2","63.3","session"
"2025-10-17 08:50:43 AM","63.3","57.2","69.6","29.01","270","858","29.01","0.0","62.1","53.2","63.3","session"
"2025-10-17 08:50:48 AM","63.3","57.2","69.9","29.01","270","858","29.01","0.0","61.9","53.3","63.1","session"
"2025-10-17 08:50:53 AM","63.4","57.4","70.1","29.01","269","858","29.01","0.0","62.1","53.5","63.3","session"
"2025-10-17 08:50:58 AM","63.5","57.4","70.3","29.01","271","858","29.01","0.0","62.1","53.6","63.3","session"
"2025-10-17 08:51:03 AM","63.6","57.5","70.4","29.01","271","858","29.01","0.0","62.2","53.8","63.5","session"
"2025-10-17 08:51:08 AM","63.8","57.7","70.3","29.01","271","858","29.01","0.0","62.4","53.9","63.7","session"
"2025-10-17 08:51:13 AM","63.9","57.7","70.2","29.01","271","858","29.01","0.0","62.6","54.0","63.9","session"
"2025-10-17 08:51:18 AM","64.1","57.9","69.8","29.01","271","855","29.01","0.0","62.8","54.1","64.0","session"
"2025-10-17 08:51:23 AM","64.2","58.1","69.7","29.01","271","858","29.01","0.0","62.8","54.1","64.0","session"
"2025-10-17 08:51:28 AM","64.5","58.3","69.6","29.01","271","858","29.01","0.0","63.1","54.3","64.4","session"
"2025-10-17 08:51:33 AM","64.5","58.3","69.6","29.01","270","858","29.01","0.0","63.1","54.4","64.4","session"
"2025-10-17 08:51:38 AM","64.6","58.4","69.6","29.01","268","858","29.01","0.7","63.1","54.4","64.4","session"
"2025-10-17 08:51:43 AM","64.4","58.3","69.8","29.01","269","855","29.01","0.7","63.0","54.3","64.2","session"
"2025-10-17 08:51:48 AM","64.2","58.1","69.8","29.01","269","858","29.01","0.0","63.0","54.2","64.2","session"
"2025-10-17 08:51:53 AM","63.8","57.7","69.8","29.01","268","858","29.01","0.7","62.4","53.8","63.7","session"
"2025-10-17 08:51:58 AM","63.8","57.5","69.7","29.01","268","858","29.01","0.7","62.4","53.7","63.7","session"
"2025-10-17 08:52:03 AM","63.6","57.4","69.7","29.01","268","861","29.01","0.9","62.2","53.5","63.5","session"
"2025-10-17 08:52:08 AM","63.5","57.4","69.8","29.01","268","858","29.01","0.8","62.2","53.5","63.5","session"
"2025-10-17 08:52:13 AM","63.5","57.4","70.0","29.01","269","861","29.01","0.7","62.2","53.6","63.5","session"
"2025-10-17 08:52:18 AM","63.5","57.4","70.2","29.01","270","858","29.01","0.0","62.1","53.6","63.3","session"
"2025-10-17 08:52:23 AM","63.5","57.4","70.3","29.01","269","861","29.01","0.0","62.1","53.6","63.3","session"
"2025-10-17 08:52:28 AM","63.5","57.5","70.4","29.00","269","861","29.01","0.0","62.1","53.7","63.3","session"
"2025-10-17 08:52:33 AM","63.4","57.4","70.4","29.00","268","861","29.01","0.7","62.1","53.7","63.3","session"
"2025-10-17 08:52:38 AM","63.4","57.4","70.3","29.00","268","865","29.01","0.8","62.1","53.6","63.3","session"
"2025-10-17 08:52:43 AM","63.4","57.4","70.4","29.00","268","865","29.01","0.8","62.1","53.7","63.3","session"
"2025-10-17 08:52:48 AM","63.4","57.4","70.4","29.00","269","865","29.01","0.9","62.1","53.7","63.3","session"
"2025-10-17 08:52:53 AM","63.4","57.4","70.4","29.00","269","865","29.01","0.0","62.1","53.6","63.3","session"
"2025-10-17 08:52:58 AM","63.4","57.4","70.3","29.00","268","865","29.01","0.0","62.1","53.6","63.3","session"
"2025-10-17 08:53:03 AM","63.4","57.4","70.3","29.00","268","866","29.00","0.0","62.1","53.6","63.3","session"
"2025-10-17 08:53:08 AM","63.3","57.2","70.2","29.00","269","865","29.00","0.9","61.9","53.4","63.1","session"
"2025-10-17 08:53:13 AM","63.2","57.2","70.3","29.00","269","866","29.00","0.7","61.9","53.4","63.1","session"
"2025-10-17 08:53:18 AM","63.1","57.2","70.5","29.00","269","866","29.00","0.8","61.7","53.4","63.0","session"
"2025-10-17 08:53:23 AM","62.8","56.8","70.6","29.00","268","866","29.00","0.0","61.5","53.1","62.8","session"
"2025-10-17 08:53:28 AM","62.9","57.0","70.8","29.00","268","869","29.00","0.8","61.5","53.3","62.8","session"
"2025-10-17 08:53:33 AM","62.8","56.8","70.9","29.00","268","866","29.00","0.0","61.3","53.2","62.6","session"
"2025-10-17 08:53:38 AM","62.6","56.8","71.1","29.00","268","869","29.00","0.0","61.2","53.1","62.4","session"
"2025-10-17 08:53:43 AM","62.7","56.8","71.3","29.00","268","869","29.00","0.0","61.5","53.3","62.6","session"
"2025-10-17 08:53:48 AM","62.7","57.0","71.6","29.00","268","869","29.00","0.0","61.5","53.4","62.6","session"
"2025-10-17 08:53:53 AM","62.7","57.0","71.7","29.00","269","869","29.00","0.0","61.5","53.4","62.6","session"
"2025-10-17 08:53:58 AM","62.7","57.0","71.8","29.00","268","873","29.00","0.0","61.5","53.5","62.6","session"
"2025-10-17 08:54:03 AM","62.7","57.2","71.9","29.00","269","873","29.00","0.0","61.5","53.5","62.6","session"
"2025-10-17 08:54:08 AM","62.7","57.0","72.1","29.00","268","874","29.00","0.0","61.5","53.6","62.6","session"
"2025-10-17 08:54:13 AM","62.5","56.8","72.2","29.00","268","874","29.00","0.8","61.3","53.4","62.4","session"
"2025-10-17 08:54:18 AM","62.5","56.8","72.4","28.99","268","874","28.99","0.0","61.3","53.5","62.4","session"
"2025-10-17 08:54:23 AM","62.5","57.0","72.5","28.99","268","874","28.99","0.0","61.3","53.5","62.4","session"
"2025-10-17 08:54:28 AM","62.5","57.0","72.5","28.99","269","874","28.99","0.0","61.3","53.6","62.4","session"
"2025-10-17 08:54:33 AM","62.6","57.0","72.5","28.99","269","877","28.99","0.0","61.5","53.7","62.6","session"
"2025-10-17 08:54:38 AM","62.6","57.0","72.6","28.99","268","881","28.99","0.8","61.3","53.7","62.4","session"
"2025-10-17 08:54:43 AM","62.7","57.2","72.7","28.98","268","881","28.99","0.9","61.5","53.7","62.6","session"
"2025-10-17 08:54:48 AM","62.7","57.2","72.7","28.98","268","884","28.99","0.0","61.5","53.8","62.6","session"
"2025-10-17 08:54:53 AM","62.8","57.4","72.8","28.98","268","884","28.98","0.8","61.5","53.9","62.6","session"
"2025-10-17 08:54:58 AM","62.8","57.4","72.7","28.98","268","884","28.98","1.0","61.7","53.9","62.8","session"
"2025-10-17 08:55:03 AM","62.9","57.4","72.7","28.98","268","886","28.98","1.0","61.7","54.0","62.8","session"
"2025-10-17 08:55:08 AM","62.9","57.5","72.8","28.98","268","886","28.98","0.9","61.7","54.1","62.8","session"
"2025-10-17 08:55:13 AM","63.0","57.5","72.8","28.98","268","886","28.98","1.0","61.9","54.1","63.0","session"
"2025-10-17 08:55:18 AM","63.1","57.5","72.8","28.98","268","889","28.98","0.9","61.9","54.2","63.0","session"
"2025-10-17 08:55:23 AM","63.2","57.7","72.8","28.98","268","886","28.98","0.8","62.1","54.3","63.1","session"
"2025-10-17 08:55:28 AM","63.2","57.7","73.0","28.97","268","889","28.98","0.7","62.1","54.4","63.1","session"
"2025-10-17 08:55:33 AM","63.2","57.7","73.1","28.98","268","889","28.98","0.9","62.1","54.4","63.1","session"
"2025-10-17 08:55:38 AM","63.2","57.7","73.1","28.97","268","889","28.98","0.7","62.1","54.4","63.1","session"
"2025-10-17 08:55:43 AM","63.1","57.7","73.0","28.98","268","889","28.98","0.8","61.9","54.3","63.0","session"
"2025-10-17 08:55:48 AM","62.9","57.5","72.7","28.98","269","886","28.98","0.9","61.7","54.1","62.8","session"
"2025-10-17 08:55:53 AM","62.9","57.4","72.5","28.98","269","889","28.98","0.9","61.7","53.9","62.8","session"
"2025-10-17 08:55:58 AM","62.8","57.2","72.4","28.98","269","889","28.98","0.8","61.5","53.8","62.6","session"
"2025-10-17 08:56:03 AM","62.7","57.2","72.3","28.98","269","889","28.98","0.9","61.5","53.7","62.6","session"
"2025-10-17 08:56:08 AM","62.7","57.2","72.3","28.98","268","889","28.98","0.0","61.5","53.7","62.6","session"
"2025-10-17 08:56:13 AM","62.7","57.2","72.3","28.97","269","889","28.98","0.8","61.5","53.7","62.6","session"
"2025-10-17 08:56:18 AM","62.7","57.2","72.4","28.97","269","889","28.98","0.8","61.5","53.7","62.6","session"
"2025-10-17 08:56:23 AM","62.9","57.4","72.4","28.97","269","892","28.97","0.9","61.7","53.9","62.8","session"
"2025-10-17 08:56:28 AM","63.0","57.4","72.5","28.97","269","889","28.98","0.0","61.9","54.0","63.0","session"
"2025-10-17 08:56:33 AM","63.1","57.5","72.7","28.98","269","886","28.98","0.0","61.9","54.2","63.0","session"
"2025-10-17 08:56:38 AM","63.3","57.9","72.8","28.97","269","889","28.98","0.8","62.1","54.4","63.1","session"
"2025-10-17 08:56:43 AM","63.2","57.7","72.9","28.97","268","889","28.98","0.8","62.1","54.4","63.1","session"
"2025-10-17 08:56:48 AM","63.3","57.9","73.1","28.97","269","889","28.98","0.0","62.1","54.5","63.1","session"
"2025-10-17 08:56:53 AM","63.2","57.7","73.3","28.97","269","889","28.98","0.9","62.2","54.5","63.1","session"
"2025-10-17 08:56:58 AM","63.2","57.7","73.4","28.97","269","892","28.98","0.0","62.2","54.5","63.1","session"
"2025-10-17 08:57:03 AM","63.2","57.9","73.5","28.97","268","889","28.98","0.0","62.2","54.6","63.1","session"
"2025-10-17 08:57:08 AM","63.2","57.9","73.8","28.97","270","892","28.98","0.9","62.2","54.7","63.1","session"
"2025-10-17 08:57:13 AM","63.0","57.7","73.8","28.97","268","892","28.98","0.0","62.1","54.5","63.0","session"
"2025-10-17 08:57:18 AM","63.2","57.9","73.8","28.97","269","889","28.98","0.0","62.2","54.7","63.1","session"
"2025-10-17 08:57:23 AM","63.2","57.9","73.8","28.97","269","892","28.98","0.7","62.2","54.7","63.1","session"
"2025-10-17 08:57:28 AM","63.2","58.1","74.0","28.97","269","889","28.98","0.8","62.2","54.8","63.1","session"
"2025-10-17 08:57:33 AM","63.0","57.9","73.9","28.97","269","889","28.98","0.0","62.1","54.6","63.0","session"
"2025-10-17 08:57:38 AM","62.9","57.5","73.6","28.97","268","892","28.98","0.0","61.9","54.4","62.8","session"
"2025-10-17 08:57:43 AM","62.8","57.4","73.4","28.97","268","889","28.98","0.0","61.9","54.2","62.8","session"
"2025-10-17 08:57:48 AM","62.7","57.4","73.2","28.98","269","889","28.98","0.9","61.5","54.0","62.6","session"
"2025-10-17 08:57:53 AM","62.5","57.2","73.0","28.97","269","889","28.98","0.8","61.3","53.7","62.4","session"
"2025-10-17 08:57:58 AM","62.5","57.0","72.9","28.97","268","889","28.98","0.8","61.3","53.7","62.4","session"
"2025-10-17 08:58:03 AM","62.5","57.0","72.9","28.97","268","889","28.98","0.0","61.3","53.6","62.4","session"
"2025-10-17 08:58:08 AM","62.5","57.0","72.6","28.98","269","889","28.98","0.0","61.3","53.6","62.4","session"
"2025-10-17 08:58:13 AM","62.5","56.8","72.5","28.98","268","889","28.98","0.8","61.3","53.5","62.4","session"
"2025-10-17 08:58:18 AM","62.5","57.0","72.4","28.98","268","889","28.98","0.7","61.3","53.5","62.4","session"
"2025-10-17 08:58:23 AM","62.5","57.0","72.4","28.98","268","886","28.98","0.8","61.3","53.5","62.4","session"
"2025-10-17 08:58:28 AM","62.5","57.0","72.2","28.98","268","889","28.98","0.7","61.3","53.5","62.4","session"
"2025-10-17 08:58:33 AM","62.5","57.0","72.1","28.98","268","884","28.98","0.7","61.3","53.4","62.4","session"
"2025-10-17 08:58:38 AM","62.6","57.0","72.0","28.98","268","886","28.98","0.8","61.5","53.5","62.6","session"
"2025-10-17 08:58:43 AM","62.6","57.0","72.1","28.98","268","884","28.98","0.7","61.5","53.5","62.6","session"
"2025-10-17 08:58:48 AM","62.8","57.2","72.2","28.98","268","884","28.98","0.0","61.7","53.7","62.8","session"
"2025-10-17 08:58:53 AM","62.9","57.2","72.3","28.98","268","884","28.98","0.8","61.7","53.8","62.8","session"
"2025-10-17 08:58:58 AM","62.9","57.4","72.4","28.98","269","884","28.99","0.8","61.7","53.9","62.8","session"
"2025-10-17 08:59:03 AM","63.1","57.5","72.5","28.98","269","884","28.98","0.7","61.9","54.1","63.0","session"
"2025-10-17 08:59:08 AM","63.1","57.7","72.8","28.98","268","886","28.98","0.0","61.9","54.2","63.0","session"
"2025-10-17 08:59:13 AM","63.1","57.7","73.0","28.98","268","884","28.98","0.9","61.9","54.3","63.0","session"
"2025-10-17 08:59:18 AM","62.8","57.4","73.1","28.98","268","886","28.98","0.0","61.7","54.1","62.8","session"
"2025-10-17 08:59:23 AM","63.0","57.5","73.0","28.98","268","884","28.98","0.7","61.9","54.2","63.0","session"
"2025-10-17 08:59:28 AM","62.9","57.5","72.8","28.98","268","884","28.98","0.7","61.7","54.1","62.8","session"
"2025-10-17 08:59:33 AM","63.0","57.5","72.8","28.98","268","884","28.99","0.9","61.9","54.2","63.0","session"
"2025-10-17 08:59:38 AM","62.9","57.5","72.9","28.98","268","884","28.99","0.9","61.7","54.1","62.8","session"
"2025-10-17 08:59:43 AM","62.9","57.4","73.0","28.98","268","881","28.99","0.9","61.7","54.1","62.8","session"
"2025-10-17 08:59:48 AM","62.8","57.4","72.9","28.98","268","884","28.99","0.9","61.7","54.0","62.8","session"
"2025-10-17 08:59:53 AM","63.0","57.5","72.9","28.98","268","881","28.99","0.9","61.9","54.1","63.0","session"
"2025-10-17 08:59:58 AM","62.9","57.4","72.8","28.98","268","884","28.99","0.8","61.7","54.0","62.8","session"
"2025-10-17 09:00:03 AM","63.0","57.5","72.7","28.98","268","884","28.99","1.0","61.9","54.1","63.0","session"
"2025-10-17 09:00:08 AM","63.1","57.5","72.8","28.98","268","884","28.99","0.9","61.9","54.2","63.0","session"
"2025-10-17 09:00:13 AM","63.0","57.5","72.9","28.99","268","881","28.99","0.9","61.9","54.1","63.0","session"
"2025-10-17 09:00:18 AM","63.2","57.7","73.0","28.98","268","884","28.98","0.9","62.1","54.4","63.1","session"
"2025-10-17 09:00:23 AM","63.2","57.7","73.1","28.98","268","884","28.99","0.9","62.1","54.4","63.1","session"
"2025-10-17 09:00:28 AM","63.4","58.1","73.1","28.98","268","884","28.99","0.8","62.2","54.6","63.3","session"
"2025-10-17 09:00:33 AM","63.3","57.9","73.0","28.98","268","884","28.98","0.7","62.2","54.5","63.3","session"
"2025-10-17 09:00:38 AM","63.3","57.9","72.8","28.98","269","884","28.98","0.8","62.2","54.5","63.3","session"
"2025-10-17 09:00:43 AM","63.3","57.7","72.6","28.98","269","886","28.98","0.8","62.1","54.3","63.1","session"
"2025-10-17 09:00:48 AM","63.3","57.7","72.3","28.98","269","881","28.99","0.0","62.1","54.2","63.1","session"
"2025-10-17 09:00:53 AM","63.3","57.7","72.1","28.98","269","884","28.98","0.0","62.1","54.2","63.1","session"
"2025-10-17 09:00:58 AM","63.4","57.7","72.1","28.98","270","886","28.98","0.0","62.2","54.2","63.3","session"
"2025-10-17 09:01:03 AM","63.4","57.9","72.2","28.98","268","886","28.98","0.0","62.2","54.4","63.3","session"
"2025-10-17 09:01:08 AM","63.4","57.9","72.5","28.98","270","884","28.98","0.9","62.2","54.5","63.3","session"
"2025-10-17 09:01:13 AM","63.4","57.9","72.6","28.98","270","886","28.98","1.1","62.2","54.5","63.3","session"
"2025-10-17 09:01:18 AM","63.3","57.9","72.6","28.98","270","886","28.98","1.3","62.2","54.4","63.3","session"
"2025-10-17 09:01:23 AM","63.2","57.7","72.5","28.98","270","886","28.98","1.7","62.1","54.2","63.1","session"
"2025-10-17 09:01:28 AM","63.2","57.5","72.3","28.98","270","886","28.98","1.4","62.1","54.2","63.1","session"
"2025-10-17 09:01:33 AM","63.2","57.5","72.1","28.98","269","889","28.98","1.1","62.1","54.1","63.1","session"
"2025-10-17 09:01:38 AM","63.3","57.7","72.1","28.98","269","889","28.98","0.7","62.1","54.1","63.1","session"
"2025-10-17 09:01:43 AM","63.5","57.9","72.1","28.98","269","886","28.98","0.9","62.2","54.4","63.3","session"
"2025-10-17 09:01:48 AM","63.7","58.1","72.3","28.98","269","889","28.98","1.2","62.6","54.6","63.7","session"
"2025-10-17 09:01:53 AM","63.7","58.1","72.3","28.98","269","889","28.98","0.8","62.4","54.6","63.5","session"
"2025-10-17 09:01:58 AM","63.8","58.1","72.2","28.97","269","889","28.98","0.8","62.6","54.6","63.7","session"
"2025-10-17 09:02:03 AM","63.7","58.1","72.1","28.98","269","889","28.98","0.0","62.6","54.6","63.7","session"
"2025-10-17 09:02:08 AM","63.6","58.1","72.1","28.97","269","889","28.98","0.7","62.4","54.5","63.5","session"
"2025-10-17 09:02:13 AM","63.6","57.9","72.0","28.97","268","889","28.98","0.7","62.4","54.4","63.5","session"
"2025-10-17 09:02:18 AM","63.6","57.9","71.7","28.98","268","889","28.98","1.2","62.4","54.3","63.5","session"
"2025-10-17 09:02:23 AM","63.7","57.9","71.6","28.97","269","889","28.98","1.1","62.4","54.3","63.5","session"
"2025-10-17 09:02:28 AM","63.8","58.1","71.5","28.98","269","886","28.98","0.0","62.6","54.5","63.7","session"
"2025-10-17 09:02:33 AM","63.9","58.1","71.6","28.97","269","889","28.98","0.7","62.8","54.6","63.9","session"
"2025-10-17 09:02:38 AM","63.8","58.1","71.8","28.98","269","889","28.98","0.8","62.6","54.6","63.7","session"
"2025-10-17 09:02:43 AM","63.8","58.1","71.7","28.98","269","889","28.98","0.7","62.6","54.5","63.7","session"
"2025-10-17 09:02:48 AM","63.8","58.1","71.6","28.98","269","889","28.98","0.8","62.6","54.4","63.7","session"
"2025-10-17 09:02:53 AM","63.7","57.9","71.5","28.98","269","889","28.98","0.0","62.6","54.3","63.7","session"
"2025-10-17 09:02:58 AM","63.6","57.7","71.3","28.97","269","889","28.98","0.7","62.4","54.2","63.5","session"
"2025-10-17 09:03:03 AM","63.8","57.9","71.3","28.97","269","889","28.98","0.0","62.4","54.3","63.7","session"
"2025-10-17 09:03:08 AM","63.7","57.9","71.4","28.97","269","889","28.98","0.0","62.6","54.3","63.7","session"
"2025-10-17 09:03:13 AM","63.8","57.9","71.4","28.97","269","889","28.98","0.8","62.6","54.4","63.7","session"
"2025-10-17 09:03:18 AM","63.8","57.9","71.4","28.98","269","886","28.98","0.0","62.6","54.3","63.7","session"
"2025-10-17 09:03:23 AM","63.9","58.1","71.4","28.98","269","886","28.98","0.0","62.8","54.5","63.9","session"
"2025-10-17 09:03:28 AM","63.7","57.9","71.4","28.98","269","886","28.98","0.0","62.6","54.3","63.7","session"
"2025-10-17 09:03:33 AM","63.6","57.7","71.3","28.98","268","889","28.98","0.8","62.4","54.2","63.5","session"
"2025-10-17 09:03:38 AM","63.7","57.9","71.2","28.98","268","889","28.98","0.0","62.4","54.2","63.7","session"
"2025-10-17 09:03:43 AM","63.8","57.9","71.1","28.98","269","889","28.98","0.8","62.4","54.2","63.7","session"
"2025-10-17 09:03:48 AM","64.0","58.1","71.5","28.98","267","886","28.98","0.9","62.8","54.6","63.9","session"
"2025-10-17 09:03:53 AM","64.1","58.4","71.7","28.97","268","892","28.98","2.8","63.0","54.8","64.0","session"
"2025-10-17 09:03:58 AM","64.0","58.3","71.7","28.97","271","897","28.97","0.8","63.0","54.7","64.0","session"
"2025-10-17 09:04:03 AM","64.0","58.3","71.5","28.98","267","886","28.98","0.9","62.8","54.6","63.9","session"
"2025-10-17 09:04:08 AM","64.0","58.1","71.0","28.98","271","889","28.98","1.1","62.8","54.5","64.0","session"
"2025-10-17 09:04:13 AM","64.2","58.3","70.8","28.98","271","886","28.98","0.8","62.8","54.5","64.0","session"
"2025-10-17 09:04:18 AM","64.5","58.4","70.6","28.98","271","886","28.98","0.9","63.1","54.7","64.4","session"
"2025-10-17 09:04:23 AM","65.0","59.0","70.9","28.98","271","886","28.98","0.0","63.7","55.3","64.9","session"
"2025-10-17 09:04:28 AM","65.4","59.3","71.5","28.98","271","884","28.98","0.0","64.2","55.9","65.3","session"
"2025-10-17 09:04:33 AM","65.7","59.7","71.5","28.98","271","886","28.98","0.0","64.8","56.3","65.7","session"
"2025-10-17 09:04:38 AM","66.1","60.2","71.9","28.98","271","886","28.98","0.0","65.1","56.8","66.0","session"
"2025-10-17 09:04:43 AM","66.6","60.6","72.3","28.98","271","886","28.98","0.0","66.0","57.4","66.6","session"
"2025-10-17 09:04:48 AM","66.9","61.0","72.4","28.98","269","886","28.98","1.0","66.4","57.8","66.9","session"
"2025-10-17 09:04:53 AM","67.1","61.2","72.0","28.98","269","886","28.98","8.3","66.4","57.7","66.7","session"
"2025-10-17 09:04:58 AM","67.2","61.2","71.7","28.98","270","884","28.98","0.0","66.6","57.7","67.1","session"
"2025-10-17 09:05:03 AM","67.2","61.2","71.6","28.98","270","884","28.98","0.0","66.6","57.7","67.1","session"
"2025-10-17 09:05:08 AM","67.1","61.0","70.7","28.98","270","884","28.98","0.0","66.6","57.3","67.1","session"
"2025-10-17 09:05:13 AM","67.1","60.6","69.7","28.98","270","884","28.98","0.0","66.6","56.9","67.1","session"
"2025-10-17 09:05:18 AM","67.2","60.4","68.7","28.98","271","884","28.98","0.0","66.4","56.6","67.1","session"
"2025-10-17 09:05:23 AM","67.2","60.4","68.5","28.98","268","886","28.98","0.0","66.4","56.5","67.1","session"
"2025-10-17 09:05:28 AM","67.1","60.2","68.4","28.98","266","886","28.98","0.0","66.4","56.4","67.1","session"
"2025-10-17 09:05:33 AM","66.9","60.1","68.1","28.98","267","886","28.98","0.0","66.0","56.1","66.9","session"
"2025-10-17 09:05:38 AM","66.9","59.9","67.5","28.98","268","886","28.98","0.8","66.0","55.8","66.9","session"
"2025-10-17 09:05:43 AM","66.7","59.7","67.2","28.98","267","884","28.98","0.0","65.5","55.5","66.6","session"
"2025-10-17 09:05:48 AM","66.8","59.7","66.8","28.98","268","886","28.98","0.9","65.7","55.4","66.7","session"
"2025-10-17 09:05:53 AM","66.6","59.5","67.2","28.98","270","889","28.98","0.8","65.5","55.4","66.6","session"
"2025-10-17 09:05:58 AM","66.3","59.3","67.4","28.98","268","886","28.98","1.2","64.9","55.1","66.2","session"
"2025-10-17 09:06:03 AM","66.5","59.5","67.4","28.98","268","884","28.99","0.8","65.3","55.4","66.4","session"
"2025-10-17 09:06:08 AM","66.4","59.3","67.4","28.98","268","884","28.98","0.9","65.3","55.3","66.4","session"
"2025-10-17 09:06:13 AM","66.3","59.3","67.5","28.98","269","886","28.98","0.8","65.1","55.3","66.2","session"
"2025-10-17 09:06:18 AM","66.3","59.3","67.6","28.98","268","884","28.98","0.0","65.1","55.2","66.2","session"
"2025-10-17 09:06:23 AM","66.2","59.3","67.6","28.98","268","886","28.98","0.7","65.1","55.2","66.2","session"
"2025-10-17 09:06:28 AM","66.1","59.2","67.6","28.98","268","886","28.98","0.0","64.9","55.1","66.0","session"
"2025-10-17 09:06:33 AM","66.0","59.0","67.5","28.98","268","886","28.98","0.0","64.4","54.9","65.8","session"
"2025-10-17 09:06:38 AM","65.9","59.0","67.2","28.98","268","886","28.98","0.0","64.4","54.7","65.8","session"
"2025-10-17 09:06:43 AM","65.8","58.8","67.0","28.98","268","884","28.98","0.0","64.2","54.6","65.8","session"
"2025-10-17 09:06:48 AM","65.6","58.6","66.5","28.98","268","886","28.98","0.8","64.0","54.2","65.5","session"
"2025-10-17 09:06:53 AM","65.4","58.4","66.4","28.98","268","884","28.98","0.8","63.7","53.9","65.3","session"
"2025-10-17 09:06:58 AM","65.3","58.3","66.1","28.98","268","886","28.98","0.0","63.7","53.7","65.3","session"
"2025-10-17 09:07:03 AM","65.2","58.1","65.9","28.98","268","886","28.98","0.0","63.5","53.6","65.1","session"
"2025-10-17 09:07:08 AM","65.3","58.1","65.7","28.98","268","884","28.98","0.0","63.7","53.6","65.3","session"
"2025-10-17 09:07:13 AM","65.2","57.9","65.7","28.98","268","886","28.98","0.0","63.3","53.5","65.1","session"
"2025-10-17 09:07:18 AM","65.3","58.1","65.9","28.98","269","886","28.98","0.0","63.7","53.6","65.3","session"
"2025-10-17 09:07:23 AM","65.3","58.3","66.2","28.98","269","886","28.98","0.0","63.7","53.7","65.3","session"
"2025-10-17 09:07:28 AM","65.3","58.3","66.4","28.98","269","886","28.98","0.9","63.7","53.8","65.3","session"
"2025-10-17 09:07:33 AM","65.1","58.1","66.3","28.98","269","884","28.98","0.9","63.3","53.6","64.9","session"
"2025-10-17 09:07:38 AM","65.2","58.3","66.3","28.98","268","886","28.98","0.8","63.5","53.7","65.1","session"
"2025-10-17 09:07:43 AM","65.1","58.1","66.3","28.98","268","886","28.98","0.8","63.3","53.6","64.9","session"
"2025-10-17 09:07:48 AM","65.0","58.1","66.4","28.98","269","886","28.98","0.8","63.3","53.5","64.9","session"
"2025-10-17 09:07:53 AM","64.9","57.9","66.7","28.98","269","884","28.98","0.9","63.1","53.6","64.8","session"
"2025-10-17 09:07:58 AM","64.7","57.9","67.2","28.98","269","886","28.98","0.7","63.0","53.6","64.6","session"
"2025-10-17 09:08:03 AM","64.7","57.9","67.6","28.98","271","886","28.98","0.9","63.1","53.7","64.6","session"
"2025-10-17 09:08:08 AM","64.7","57.9","67.9","28.98","271","884","28.98","0.0","63.1","53.8","64.6","session"
"2025-10-17 09:08:13 AM","64.6","58.1","68.1","28.98","271","884","28.98","0.8","63.1","53.9","64.6","session"
"2025-10-17 09:08:18 AM","64.5","57.9","68.4","28.98","271","886","28.98","0.8","63.0","53.8","64.4","session"
"2025-10-17 09:08:23 AM","64.7","58.1","68.7","28.98","271","886","28.98","0.8","63.1","54.1","64.6","session"
"2025-10-17 09:08:28 AM","64.6","58.1","69.0","28.98","271","884","28.98","0.0","63.1","54.2","64.6","session"
"2025-10-17 09:08:33 AM","64.6","58.3","69.2","28.98","271","886","28.98","0.9","63.1","54.3","64.6","session"
"2025-10-17 09:08:38 AM","64.6","58.3","69.4","28.98","271","884","28.98","0.7","63.3","54.4","64.6","session"
"2025-10-17 09:08:43 AM","64.6","58.4","69.5","28.98","271","886","28.98","0.0","63.3","54.4","64.6","session"
"2025-10-17 09:08:48 AM","64.6","58.4","69.6","28.98","271","886","28.98","0.8","63.3","54.4","64.6","session"
"2025-10-17 09:08:53 AM","64.7","58.4","69.7","28.98","271","884","28.98","0.9","63.3","54.5","64.6","session"
"2025-10-17 09:08:58 AM","64.6","58.4","69.9","28.98","271","884","28.98","0.9","63.3","54.6","64.6","session"
"2025-10-17 09:09:03 AM","64.6","58.4","70.0","28.98","270","886","28.98","0.9","63.1","54.6","64.4","session"
"2025-10-17 09:09:08 AM","64.5","58.4","70.0","28.98","271","886","28.98","0.9","63.1","54.5","64.4","session"
"2025-10-17 09:09:13 AM","64.6","58.4","70.1","28.98","272","884","28.98","0.9","63.3","54.6","64.6","session"
"2025-10-17 09:09:18 AM","64.7","58.6","70.4","28.98","271","886","28.98","2.0","63.3","54.8","64.6","session"
"2025-10-17 09:09:23 AM","64.3","58.3","70.4","28.98","271","886","28.98","2.0","63.0","54.5","64.2","session"
"2025-10-17 09:09:28 AM","64.4","58.3","70.3","28.98","271","884","28.98","1.1","63.1","54.6","64.4","session"
"2025-10-17 09:09:33 AM","64.5","58.4","70.3","28.98","271","886","28.98","1.0","63.1","54.7","64.4","session"
"2025-10-17 09:09:38 AM","64.6","58.4","70.3","28.98","271","886","28.98","0.9","63.3","54.7","64.6","session"
"2025-10-17 09:09:43 AM","64.5","58.4","70.3","28.98","271","886","28.98","0.8","63.1","54.6","64.4","session"
"2025-10-17 09:09:48 AM","64.5","58.4","70.1","28.98","271","884","28.98","0.9","63.1","54.6","64.4","session"
"2025-10-17 09:09:53 AM","64.5","58.4","70.1","28.98","271","884","28.99","0.8","63.1","54.5","64.4","session"
"2025-10-17 09:09:58 AM","64.5","58.4","70.1","28.98","271","884","28.98","0.8","63.1","54.6","64.4","session"
"2025-10-17 09:10:03 AM","64.6","58.4","70.2","28.99","271","881","28.99","0.0","63.3","54.7","64.6","session"
"2025-10-17 09:10:08 AM","64.6","58.4","70.3","28.99","271","881","28.99","0.9","63.3","54.8","64.6","session"
"2025-10-17 09:10:13 AM","64.7","58.6","70.4","28.99","271","881","28.99","0.0","63.3","54.8","64.6","session"
"2025-10-17 09:10:18 AM","64.5","58.4","70.4","28.99","271","881","28.99","2.2","63.1","54.7","64.4","session"
"2025-10-17 09:10:23 AM","64.5","58.4","70.3","28.98","271","886","28.98","1.4","63.1","54.6","64.4","session"
"2025-10-17 09:10:28 AM","64.5","58.4","70.4","28.98","271","881","28.99","0.9","63.1","54.6","64.4","session"
"2025-10-17 09:10:33 AM","64.7","58.6","70.4","28.99","271","877","28.99","1.5","63.3","54.9","64.6","session"
"2025-10-17 09:10:38 AM","64.7","58.6","70.4","28.99","271","881","28.99","1.8","63.3","54.8","64.6","session"
"2025-10-17 09:10:43 AM","64.7","58.6","70.5","28.99","271","877","28.99","1.4","63.3","54.8","64.6","session"
"2025-10-17 09:10:48 AM","64.7","58.8","70.6","28.99","271","877","28.99","0.0","63.3","55.0","64.6","session"
"2025-10-17 09:10:53 AM","64.8","58.8","70.7","28.99","271","877","28.99","0.0","63.5","55.0","64.8","session"
"2025-10-17 09:10:58 AM","64.7","58.8","70.7","28.99","271","874","28.99","0.9","63.3","55.0","64.6","session"
"2025-10-17 09:11:03 AM","64.9","59.0","70.8","29.00","271","874","29.00","1.6","63.5","55.2","64.8","session"
"2025-10-17 09:11:08 AM","64.8","58.8","70.7","29.00","270","873","29.00","0.9","63.5","55.1","64.8","session"
"2025-10-17 09:11:13 AM","64.7","58.8","70.6","28.99","271","874","28.99","0.0","63.3","55.0","64.6","session"
"2025-10-17 09:11:18 AM","64.8","58.8","70.5","29.00","271","873","29.00","0.8","63.5","55.0","64.8","session"
"2025-10-17 09:11:23 AM","64.9","58.8","70.4","29.00","271","873","29.00","1.0","63.5","55.0","64.8","session"
"2025-10-17 09:11:28 AM","64.9","58.8","70.3","28.99","271","877","28.99","0.8","63.5","55.0","64.8","session"
"2025-10-17 09:11:33 AM","65.0","58.8","70.3","28.99","271","877","28.99","0.0","63.7","55.1","64.9","session"
"2025-10-17 09:11:38 AM","65.1","59.0","70.5","28.99","271","874","28.99","0.0","63.7","55.3","64.9","session"
"2025-10-17 09:11:43 AM","65.2","59.2","70.6","29.00","271","873","29.00","0.0","63.9","55.4","65.1","session"
"2025-10-17 09:11:48 AM","65.4","59.3","70.8","29.00","271","866","29.00","0.0","64.0","55.7","65.3","session"
"2025-10-17 09:11:53 AM","65.5","59.5","71.0","29.00","271","869","29.00","1.0","64.4","55.9","65.5","session"
"2025-10-17 09:11:58 AM","65.7","59.7","71.1","29.00","271","873","29.00","0.0","64.6","56.0","65.7","session"
"2025-10-17 09:12:03 AM","65.8","59.7","71.1","29.00","271","869","29.00","0.8","64.6","56.1","65.7","session"
"2025-10-17 09:12:08 AM","65.9","59.9","71.0","29.00","271","866","29.00","0.0","64.8","56.3","65.8","session"
"2025-10-17 09:12:13 AM","66.1","59.9","70.9","29.00","271","869","29.00","0.0","65.1","56.4","66.0","session"
"2025-10-17 09:12:18 AM","66.0","59.9","70.9","29.00","271","869","29.00","0.8","65.1","56.3","66.0","session"
"2025-10-17 09:12:23 AM","66.2","60.1","70.8","29.00","271","869","29.00","0.8","65.1","56.4","66.0","session"
"2025-10-17 09:12:28 AM","66.3","60.2","71.1","29.00","271","869","29.00","0.0","65.3","56.7","66.2","session"
"2025-10-17 09:12:33 AM","66.4","60.4","71.2","29.00","271","866","29.00","0.7","65.5","56.8","66.4","session"
"2025-10-17 09:12:38 AM","66.7","60.6","71.4","29.00","271","869","29.00","0.0","65.8","57.1","66.6","session"
"2025-10-17 09:12:43 AM","66.7","60.6","71.5","29.00","271","866","29.00","0.8","65.8","57.2","66.6","session"
"2025-10-17 09:12:48 AM","66.5","60.4","71.1","29.00","271","866","29.00","0.0","65.5","56.8","66.4","session"
"2025-10-17 09:12:53 AM","66.3","60.2","70.7","29.00","271","861","29.01","0.0","65.3","56.5","66.2","session"
"2025-10-17 09:12:58 AM","66.3","60.2","70.5","29.01","271","858","29.01","0.9","65.3","56.5","66.2","session"
"2025-10-17 09:13:03 AM","66.3","60.1","70.5","29.01","271","858","29.01","0.8","65.3","56.4","66.2","session"
"2025-10-17 09:13:08 AM","66.0","59.9","70.4","29.01","271","858","29.01","1.2","65.1","56.1","66.0","session"
"2025-10-17 09:13:13 AM","66.0","59.9","70.2","29.00","271","861","29.01","1.1","65.1","56.0","66.0","session"
"2025-10-17 09:13:18 AM","65.7","59.3","69.8","29.01","271","858","29.01","1.1","64.6","55.5","65.7","session"
"2025-10-17 09:13:23 AM","65.6","59.0","69.4","29.01","271","858","29.01","0.9","64.4","55.3","65.5","session"
"2025-10-17 09:13:28 AM","65.4","59.0","69.1","29.01","271","858","29.01","0.0","63.9","55.0","65.3","session"
"2025-10-17 09:13:33 AM","65.5","59.0","69.2","29.01","271","861","29.01","0.8","64.2","55.1","65.5","session"
"2025-10-17 09:13:38 AM","65.6","59.2","69.7","29.00","271","861","29.01","0.9","64.4","55.4","65.5","session"
"2025-10-17 09:13:43 AM","65.7","59.5","70.1","29.01","271","861","29.01","0.7","64.6","55.7","65.7","session"
"2025-10-17 09:13:48 AM","65.7","59.5","70.6","29.00","271","865","29.01","0.8","64.6","55.9","65.7","session"
"2025-10-17 09:13:53 AM","65.8","59.7","70.7","29.00","271","865","29.01","1.1","64.8","56.1","65.8","session"
"2025-10-17 09:13:58 AM","65.9","59.9","70.8","29.00","271","869","29.00","1.4","64.8","56.2","65.8","session"
"2025-10-17 09:14:03 AM","66.0","59.9","70.8","29.00","271","865","29.00","0.8","65.1","56.3","66.0","session"
"2025-10-17 09:14:08 AM","66.0","59.9","70.7","29.00","271","866","29.00","0.8","65.1","56.3","66.0","session"
"2025-10-17 09:14:13 AM","65.9","59.9","70.6","29.00","271","869","29.00","0.0","64.8","56.1","65.8","session"
"2025-10-17 09:14:18 AM","65.8","59.7","70.3","29.00","271","873","29.00","0.8","64.6","55.9","65.7","session"
"2025-10-17 09:14:23 AM","65.7","59.5","70.1","29.00","270","869","29.00","0.8","64.6","55.7","65.7","session"
"2025-10-17 09:14:28 AM","65.7","59.3","69.7","29.00","270","869","29.00","1.4","64.6","55.5","65.7","session"
"2025-10-17 09:14:33 AM","65.8","59.3","69.3","29.00","270","873","29.00","1.4","64.4","55.5","65.7","session"
"2025-10-17 09:14:38 AM","65.7","59.2","69.0","29.00","270","866","29.00","1.4","64.4","55.2","65.7","session"
"2025-10-17 09:14:43 AM","65.9","59.3","69.1","29.00","268","865","29.00","1.4","64.6","55.5","65.8","session"
"2025-10-17 09:14:48 AM","66.1","59.7","69.8","29.00","269","866","29.00","1.3","65.1","56.0","66.0","session"
"2025-10-17 09:14:53 AM","66.2","60.1","70.3","29.00","269","865","29.00","1.7","65.3","56.3","66.2","session"
"2025-10-17 09:14:58 AM","66.4","60.2","70.9","29.00","269","865","29.01","1.4","65.5","56.7","66.4","session"
"2025-10-17 09:15:03 AM","66.5","60.4","71.2","29.00","269","866","29.00","1.2","65.5","56.9","66.4","session"
"2025-10-17 09:15:08 AM","66.4","60.4","71.4","29.00","270","869","29.00","0.9","65.7","56.8","66.4","session"
"2025-10-17 09:15:13 AM","66.4","60.4","71.2","29.00","269","866","29.00","0.8","65.5","56.8","66.4","session"
"2025-10-17 09:15:18 AM","66.5","60.4","70.9","29.00","270","869","29.00","0.0","65.5","56.8","66.4","session"
"2025-10-17 09:15:23 AM","66.5","60.2","70.5","29.00","270","866","29.00","0.9","65.5","56.6","66.4","session"
"2025-10-17 09:15:28 AM","66.3","59.9","69.6","29.00","270","865","29.00","1.5","65.3","56.0","66.2","session"
"2025-10-17 09:15:33 AM","66.0","59.5","69.0","29.00","270","865","29.00","0.7","64.6","55.5","65.8","session"
"2025-10-17 09:15:38 AM","66.1","59.3","68.4","29.00","270","866","29.00","1.0","64.9","55.4","66.0","session"
"2025-10-17 09:15:43 AM","66.1","59.3","68.1","29.00","270","865","29.00","0.0","64.9","55.3","66.0","session"
"2025-10-17 09:15:48 AM","66.3","59.5","67.8","29.00","270","865","29.01","0.0","65.1","55.4","66.2","session"
"2025-10-17 09:15:53 AM","66.5","59.7","67.8","29.01","270","861","29.01","1.6","65.3","55.5","66.4","session"
"2025-10-17 09:15:58 AM","66.7","59.9","67.7","29.00","270","861","29.01","1.2","65.7","55.7","66.6","session"
"2025-10-17 09:16:03 AM","67.0","60.1","67.8","29.01","271","855","29.01","0.8","66.0","56.0","66.9","session"
"2025-10-17 09:16:08 AM","67.4","60.4","68.3","29.01","271","855","29.01","0.0","66.6","56.5","67.3","session"
"2025-10-17 09:16:13 AM","67.6","60.8","68.6","29.01","271","858","29.01","1.3","66.7","56.9","67.5","session"
"2025-10-17 09:16:18 AM","67.5","60.6","68.4","29.00","271","861","29.01","2.3","66.7","56.8","67.5","session"
"2025-10-17 09:16:23 AM","67.7","60.8","68.0","29.00","271","861","29.01","2.1","67.1","56.8","67.6","session"
"2025-10-17 09:16:28 AM","67.5","60.4","67.3","29.01","271","861","29.01","2.2","66.7","56.3","67.5","session"
"2025-10-17 09:16:33 AM","67.4","60.4","67.0","29.00","271","865","29.01","1.4","66.4","56.1","67.3","session"
"2025-10-17 09:16:38 AM","67.3","60.2","66.8","29.00","271","865","29.00","2.1","66.4","55.9","67.3","session"
"2025-10-17 09:16:43 AM","67.2","60.1","66.6","29.00","271","865","29.01","2.3","66.2","55.7","67.1","session"
"2025-10-17 09:16:48 AM","67.0","59.7","66.3","29.00","270","865","29.00","2.9","66.0","55.4","66.9","session"
"2025-10-17 09:16:53 AM","66.9","59.5","66.1","29.00","270","866","29.00","2.0","65.7","55.2","66.9","session"
"2025-10-17 09:16:58 AM","66.9","59.5","66.2","29.00","269","865","29.01","0.8","65.7","55.3","66.7","session"
"2025-10-17 09:17:03 AM","66.8","59.7","66.4","29.00","269","865","29.00","1.9","65.7","55.3","66.7","session"
"2025-10-17 09:17:08 AM","66.8","59.7","66.7","29.00","269","865","29.01","1.6","65.7","55.3","66.7","session"
"2025-10-17 09:17:13 AM","66.8","59.7","66.7","29.00","270","865","29.01","1.0","65.7","55.4","66.7","session"
"2025-10-17 09:17:18 AM","66.9","59.9","67.1","29.00","269","865","29.01","1.3","65.7","55.6","66.7","session"
"2025-10-17 09:17:23 AM","67.0","59.9","67.3","29.00","269","861","29.01","1.7","66.0","55.8","66.9","session"
"2025-10-17 09:17:28 AM","67.1","60.1","67.6","29.00","269","861","29.01","2.0","66.0","56.0","66.9","session"
"2025-10-17 09:17:33 AM","67.2","60.2","67.6","29.00","269","861","29.01","1.1","66.4","56.1","67.1","session"
"2025-10-17 09:17:38 AM","67.0","60.2","67.7","29.00","270","861","29.01","1.2","66.0","56.0","66.9","session"
"2025-10-17 09:17:43 AM","67.0","60.1","67.8","29.01","270","861","29.01","1.1","66.0","56.0","66.9","session"
"2025-10-17 09:17:48 AM","66.7","59.9","67.8","29.01","269","861","29.01","2.1","65.7","55.7","66.6","session"
"2025-10-17 09:17:53 AM","66.7","59.9","67.8","29.00","270","861","29.01","2.5","65.7","55.7","66.6","session"
"2025-10-17 09:17:58 AM","66.9","59.9","67.6","29.00","269","865","29.01","1.6","65.8","55.8","66.9","session"
"2025-10-17 09:18:03 AM","66.9","59.9","67.5","29.01","270","861","29.01","1.5","66.0","55.8","66.9","session"
"2025-10-17 09:18:08 AM","66.7","59.7","67.5","29.01","270","861","29.01","1.1","65.7","55.6","66.6","session"
"2025-10-17 09:18:13 AM","66.6","59.7","67.6","29.01","269","861","29.01","1.5","65.7","55.6","66.6","session"
"2025-10-17 09:18:18 AM","66.6","59.7","67.8","29.00","269","865","29.01","1.7","65.7","55.6","66.6","session"
"2025-10-17 09:18:23 AM","66.5","59.7","68.0","29.00","269","861","29.01","1.5","65.3","55.7","66.4","session"
"2025-10-17 09:18:28 AM","66.7","59.9","68.4","29.00","269","865","29.01","1.2","65.7","56.0","66.6","session"
"2025-10-17 09:18:33 AM","66.7","60.1","68.7","29.00","269","865","29.01","1.4","65.7","56.1","66.6","session"
"2025-10-17 09:18:38 AM","66.7","60.1","68.9","29.00","269","865","29.01","2.2","65.7","56.1","66.6","session"
"2025-10-17 09:18:43 AM","67.0","60.4","68.8","29.00","269","861","29.01","1.2","66.0","56.4","66.9","session"
"2025-10-17 09:18:48 AM","67.0","60.2","68.6","29.00","269","865","29.01","2.1","66.0","56.4","66.9","session"
"2025-10-17 09:18:53 AM","67.1","60.2","68.4","29.00","269","865","29.00","0.0","66.4","56.4","67.1","session"
"2025-10-17 09:18:58 AM","67.3","60.4","68.2","29.00","270","865","29.01","1.3","66.6","56.5","67.3","session"
"2025-10-17 09:19:03 AM","67.6","60.6","68.3","29.00","269","865","29.00","1.0","66.7","56.7","67.5","session"
"2025-10-17 09:19:08 AM","67.7","60.8","68.3","29.00","269","865","29.00","1.8","67.1","56.8","67.6","session"
"2025-10-17 09:19:13 AM","67.6","60.6","68.2","29.00","269","869","29.00","2.2","66.7","56.7","67.5","session"
"2025-10-17 09:19:18 AM","67.5","60.6","68.2","29.00","269","866","29.00","1.3","66.7","56.6","67.5","session"
"2025-10-17 09:19:23 AM","67.4","60.4","68.2","29.00","269","866","29.00","0.9","66.6","56.5","67.3","session"
"2025-10-17 09:19:28 AM","67.4","60.4","68.2","29.00","269","869","29.00","1.7","66.6","56.5","67.3","session"
"2025-10-17 09:19:33 AM","67.1","60.2","68.1","29.00","269","873","29.00","1.6","66.4","56.3","67.1","session"
"2025-10-17 09:19:38 AM","67.4","60.4","68.1","29.00","269","869","29.00","1.5","66.6","56.5","67.3","session"
"2025-10-17 09:19:43 AM","67.7","60.8","68.2","29.00","269","873","29.00","0.9","67.1","56.8","67.6","session"
"2025-10-17 09:19:48 AM","67.7","60.6","68.0","29.00","269","873","29.00","0.9","67.1","56.7","67.6","session"
"2025-10-17 09:19:53 AM","67.3","60.4","67.9","28.99","269","874","28.99","2.2","66.6","56.3","67.3","session"
"2025-10-17 09:19:58 AM","67.3","60.4","68.0","28.99","269","874","29.00","1.4","66.6","56.4","67.3","session"
"2025-10-17 09:20:03 AM","67.3","60.4","68.0","28.99","269","874","28.99","2.1","66.6","56.4","67.3","session"
"2025-10-17 09:20:08 AM","67.2","60.2","67.9","28.99","270","877","28.99","1.4","66.4","56.2","67.1","session"
"2025-10-17 09:20:13 AM","67.0","60.2","67.9","28.99","270","874","28.99","1.2","66.0","56.0","66.9","session"
"2025-10-17 09:20:18 AM","66.8","60.1","67.9","28.99","270","877","28.99","2.6","65.8","55.9","66.7","session"
"2025-10-17 09:20:23 AM","66.8","60.1","68.2","28.99","269","877","28.99","1.3","65.8","56.0","66.7","session"
"2025-10-17 09:20:28 AM","66.8","60.1","68.5","29.00","268","874","29.00","1.2","65.8","56.1","66.7","session"
"2025-10-17 09:20:33 AM","66.9","60.2","68.7","28.99","269","874","29.00","0.9","66.0","56.3","66.9","session"
"2025-10-17 09:20:38 AM","66.8","60.2","68.9","28.98","271","884","28.99","1.7","65.8","56.3","66.7","session"
"2025-10-17 09:20:43 AM","66.7","60.1","68.6","28.99","271","881","28.99","1.5","65.8","56.1","66.7","session"
"2025-10-17 09:20:48 AM","66.8","59.9","67.9","28.99","271","877","28.99","1.2","65.8","55.9","66.7","session"
"2025-10-17 09:20:53 AM","67.0","60.1","67.5","28.99","269","877","28.99","1.5","66.0","55.9","66.9","session"
"2025-10-17 09:20:58 AM","67.2","60.2","67.7","28.99","270","881","28.99","1.9","66.4","56.2","67.1","session"
"2025-10-17 09:21:03 AM","67.3","60.4","68.2","28.99","269","877","28.99","1.8","66.6","56.4","67.3","session"
"2025-10-17 09:21:08 AM","67.4","60.4","68.6","28.99","269","877","28.99","1.1","66.6","56.6","67.3","session"
"2025-10-17 09:21:13 AM","67.2","60.4","68.8","28.99","269","881","28.99","1.9","66.4","56.7","67.1","session"
"2025-10-17 09:21:18 AM","67.4","60.6","68.9","28.99","269","877","28.99","0.7","66.6","56.8","67.3","session"
"2025-10-17 09:21:23 AM","67.4","60.6","68.7","28.98","270","881","28.99","0.8","66.6","56.8","67.3","session"
"2025-10-17 09:21:28 AM","67.6","60.8","68.3","28.98","269","884","28.99","1.0","66.7","56.8","67.5","session"
"2025-10-17 09:21:33 AM","67.6","60.6","68.1","28.98","269","884","28.99","2.0","66.7","56.7","67.5","session"
"2025-10-17 09:21:38 AM","67.3","60.4","67.9","28.98","269","884","28.99","1.4","66.6","56.3","67.3","session"
"2025-10-17 09:21:43 AM","67.1","60.2","68.0","28.98","269","884","28.98","0.8","66.4","56.2","67.1","session"
"2025-10-17 09:21:48 AM","67.0","60.1","68.1","28.98","269","884","28.98","0.8","66.0","56.1","66.9","session"
"2025-10-17 09:21:53 AM","66.9","60.1","68.2","28.98","269","884","28.98","0.9","65.8","56.1","66.9","session"
"2025-10-17 09:21:58 AM","67.0","60.2","68.4","28.98","269","884","28.98","1.4","66.0","56.3","66.9","session"
"2025-10-17 09:22:03 AM","67.1","60.2","68.4","28.98","269","886","28.98","0.9","66.4","56.4","67.1","session"
"2025-10-17 09:22:08 AM","67.2","60.2","68.1","28.98","270","886","28.98","0.9","66.4","56.3","67.1","session"
"2025-10-17 09:22:13 AM","67.4","60.4","67.8","28.98","269","886","28.98","1.2","66.6","56.4","67.3","session"
"2025-10-17 09:22:18 AM","67.6","60.6","67.7","28.98","270","886","28.98","0.8","66.7","56.5","67.5","session"
"2025-10-17 09:22:23 AM","67.7","60.6","67.8","28.98","269","886","28.98","1.3","67.1","56.6","67.6","session"
"2025-10-17 09:22:28 AM","67.8","60.8","67.8","28.98","269","886","28.98","0.0","67.3","56.8","67.8","session"
"2025-10-17 09:22:33 AM","67.9","61.0","67.7","28.98","269","886","28.98","1.2","67.3","56.9","67.8","session"
"2025-10-17 09:22:38 AM","67.7","60.8","67.5","28.98","269","886","28.98","1.5","67.1","56.6","67.6","session"
"2025-10-17 09:22:43 AM","67.6","60.4","67.4","28.98","269","889","28.98","1.6","66.7","56.4","67.5","session"
"2025-10-17 09:22:48 AM","67.3","60.2","67.2","28.98","269","886","28.98","2.3","66.4","56.0","67.3","session"
"2025-10-17 09:22:53 AM","67.2","60.2","67.2","28.98","269","886","28.98","1.7","66.2","56.0","67.1","session"
"2025-10-17 09:22:58 AM","67.2","60.1","67.3","28.98","269","886","28.98","1.4","66.2","56.0","67.1","session"
"2025-10-17 09:23:03 AM","67.2","60.2","67.4","28.98","269","886","28.98","1.1","66.2","56.0","67.1","session"
"2025-10-17 09:23:08 AM","67.3","60.2","67.5","28.98","269","884","28.98","0.9","66.6","56.2","67.3","session"
"2025-10-17 09:23:13 AM","67.2","60.2","67.6","28.98","269","886","28.98","1.2","66.4","56.1","67.1","session"
"2025-10-17 09:23:18 AM","67.0","60.1","67.9","28.98","269","884","28.99","1.6","66.0","56.0","66.9","session"
"2025-10-17 09:23:23 AM","66.9","60.1","68.0","28.98","269","884","28.99","1.5","66.0","56.0","66.9","session"
"2025-10-17 09:23:28 AM","67.1","60.2","68.2","28.98","269","884","28.99","1.4","66.4","56.3","67.1","session"
"2025-10-17 09:23:33 AM","67.4","60.4","68.2","28.98","269","884","28.98","0.9","66.6","56.6","67.3","session"
"2025-10-17 09:23:38 AM","67.4","60.6","68.2","28.98","269","884","28.99","1.0","66.6","56.6","67.3","session"
"2025-10-17 09:23:43 AM","67.4","60.4","68.2","28.98","270","889","28.98","1.5","66.6","56.5","67.3","session"
"2025-10-17 09:23:48 AM","67.2","60.4","67.8","28.98","268","884","28.99","1.5","66.4","56.2","67.1","session"
"2025-10-17 09:23:53 AM","67.6","60.6","68.1","28.98","265","884","28.99","1.0","66.7","56.7","67.5","session"
"2025-10-17 09:23:58 AM","67.7","61.0","68.5","28.99","265","881","28.99","0.9","67.1","57.0","67.6","session"
"2025-10-17 09:24:03 AM","67.9","61.2","68.4","28.98","265","881","28.99","0.0","67.3","57.1","67.8","session"
"2025-10-17 09:24:08 AM","68.1","61.0","67.7","28.98","265","881","28.99","0.0","67.5","57.0","68.0","session"
"2025-10-17 09:24:13 AM","68.2","61.2","67.4","28.98","265","881","28.99","0.0","67.6","57.0","68.2","session"
"2025-10-17 09:24:18 AM","68.3","61.0","66.9","28.99","265","881","28.99","0.0","67.6","56.9","68.2","session"
"2025-10-17 09:24:23 AM","68.4","61.0","66.5","28.99","264","881","28.99","0.0","68.0","56.8","68.4","session"
"2025-10-17 09:24:28 AM","68.4","61.0","66.0","28.99","264","877","28.99","0.0","68.0","56.6","68.4","session"
"2025-10-17 09:24:33 AM","68.5","61.0","65.8","28.99","264","881","28.99","0.0","67.8","56.6","68.4","session"
"2025-10-17 09:24:38 AM","68.6","61.0","65.6","28.98","264","884","28.99","0.0","68.0","56.6","68.5","session"
"2025-10-17 09:24:43 AM","68.6","61.2","65.6","28.98","264","881","28.99","0.0","68.0","56.7","68.5","session"
"2025-10-17 09:24:48 AM","68.6","61.2","65.6","28.99","264","881","28.99","0.0","68.0","56.7","68.5","session"
"2025-10-17 09:24:53 AM","68.7","61.2","65.5","28.98","265","884","28.99","0.0","68.2","56.7","68.7","session"
"2025-10-17 09:24:58 AM","68.8","61.2","65.2","28.98","266","881","28.99","0.0","68.2","56.6","68.7","session"
"2025-10-17 09:25:03 AM","68.8","61.2","65.1","28.98","266","881","28.99","0.0","68.2","56.6","68.7","session"
"2025-10-17 09:25:08 AM","68.8","61.2","64.9","28.98","266","881","28.99","0.0","68.2","56.6","68.7","session"
"2025-10-17 09:25:13 AM","68.8","61.0","64.7","28.98","265","881","28.99","0.0","68.2","56.5","68.7","session"
"2025-10-17 09:25:18 AM","68.9","61.0","64.2","28.99","264","881","28.99","0.0","68.2","56.3","68.7","session"
"2025-10-17 09:25:23 AM","68.9","60.8","63.9","28.98","266","881","28.99","0.0","68.2","56.1","68.7","session"
"2025-10-17 09:25:28 AM","68.8","60.6","63.5","28.99","267","881","28.99","0.0","68.2","55.9","68.7","session"
"2025-10-17 09:25:33 AM","68.8","60.6","63.3","28.98","267","881","28.99","0.0","68.2","55.9","68.7","session"
"2025-10-17 09:25:38 AM","68.9","60.8","63.5","28.98","267","881","28.99","0.0","68.4","56.0","68.9","session"
"2025-10-17 09:25:43 AM","68.8","60.8","64.2","28.99","264","881","28.99","0.0","68.2","56.2","68.7","session"
"2025-10-17 09:25:48 AM","68.6","60.8","64.5","28.99","264","877","28.99","0.0","68.0","56.2","68.5","session"
"2025-10-17 09:25:53 AM","68.8","61.0","64.3","28.99","264","877","28.99","0.0","68.2","56.3","68.7","session"
"2025-10-17 09:25:58 AM","68.9","60.8","63.8","28.99","264","881","28.99","0.0","68.2","56.1","68.7","session"
"2025-10-17 09:26:03 AM","68.8","60.6","63.4","28.99","264","881","28.99","0.0","68.2","55.9","68.7","session"
"2025-10-17 09:26:08 AM","69.0","60.6","62.9","28.99","264","881","28.99","0.0","68.4","55.8","68.9","session"
"2025-10-17 09:26:13 AM","69.0","60.6","62.6","28.99","264","881","28.99","0.0","68.4","55.7","68.9","session"
"2025-10-17 09:26:18 AM","69.0","60.6","62.2","28.99","264","881","28.99","0.0","68.4","55.5","68.9","session"
"2025-10-17 09:26:23 AM","69.1","60.6","62.0","28.99","264","877","28.99","0.0","68.5","55.5","69.1","session"
"2025-10-17 09:26:28 AM","69.1","60.4","61.8","28.98","267","886","28.98","1.5","68.5","55.5","69.1","session"
"2025-10-17 09:26:33 AM","69.0","60.4","61.8","28.99","267","881","28.99","0.9","68.2","55.4","68.9","session"
"2025-10-17 09:26:38 AM","69.2","60.8","62.5","28.98","269","881","28.99","0.8","68.5","55.9","69.1","session"
"2025-10-17 09:26:43 AM","68.9","60.6","63.4","28.98","270","884","28.99","0.8","68.4","56.0","68.9","session"
"2025-10-17 09:26:48 AM","68.8","60.8","64.3","28.98","270","881","28.99","0.0","68.2","56.2","68.7","session"
"2025-10-17 09:26:53 AM","68.7","60.8","64.3","28.98","270","881","28.99","0.9","68.0","56.2","68.5","session"
"2025-10-17 09:26:58 AM","68.6","60.6","63.9","28.98","270","884","28.98","0.0","68.0","55.9","68.5","session"
"2025-10-17 09:27:03 AM","68.7","60.6","63.6","28.98","269","884","28.98","0.8","68.0","55.9","68.7","session"
"2025-10-17 09:27:08 AM","68.6","60.6","63.9","28.98","269","884","28.99","1.0","68.0","56.0","68.5","session"
"2025-10-17 09:27:13 AM","68.4","60.4","64.4","28.98","269","881","28.99","0.8","67.8","55.9","68.4","session"
"2025-10-17 09:27:18 AM","68.0","60.2","64.7","28.98","269","884","28.98","2.0","67.1","55.7","67.8","session"
"2025-10-17 09:27:23 AM","67.6","60.1","64.8","28.98","270","884","28.98","1.5","66.6","55.4","67.5","session"
"2025-10-17 09:27:28 AM","67.3","59.7","64.7","28.98","271","886","28.98","0.8","66.0","55.0","67.1","session"
"2025-10-17 09:27:33 AM","67.2","59.3","64.3","28.98","271","886","28.98","1.3","66.0","54.7","67.1","session"
"2025-10-17 09:27:38 AM","67.1","59.2","63.9","28.98","271","886","28.98","1.3","66.0","54.5","67.1","session"
"2025-10-17 09:27:43 AM","66.9","59.0","63.9","28.98","270","886","28.98","1.6","65.8","54.3","66.9","session"
"2025-10-17 09:27:48 AM","67.0","59.2","64.1","28.98","270","881","28.99","1.9","65.8","54.5","66.9","session"
"2025-10-17 09:27:53 AM","67.3","59.5","64.3","28.98","270","886","28.98","1.4","66.2","54.9","67.3","session"
"2025-10-17 09:27:58 AM","67.4","59.9","64.8","28.98","271","886","28.98","3.3","66.2","55.2","67.3","session"
"2025-10-17 09:28:03 AM","67.2","59.5","65.0","28.98","271","884","28.99","2.2","66.0","55.0","67.1","session"
"2025-10-17 09:28:08 AM","67.0","59.5","65.1","28.98","271","884","28.99","1.2","65.8","54.9","66.9","session"
"2025-10-17 09:28:13 AM","66.8","59.3","65.4","28.98","271","884","28.99","0.9","65.5","54.8","66.7","session"
"2025-10-17 09:28:18 AM","66.7","59.3","65.9","28.98","271","884","28.99","1.6","65.5","55.0","66.6","session"
"2025-10-17 09:28:23 AM","66.7","59.3","66.2","28.98","271","884","28.99","1.2","65.5","55.1","66.6","session"
"2025-10-17 09:28:28 AM","66.6","59.5","66.9","28.98","271","881","28.99","1.4","65.5","55.3","66.6","session"
"2025-10-17 09:28:33 AM","66.7","59.7","67.2","28.98","271","884","28.99","1.6","65.7","55.5","66.7","session"
"2025-10-17 09:28:38 AM","66.6","59.5","67.4","28.98","271","881","28.99","1.2","65.5","55.5","66.6","session"
"2025-10-17 09:28:43 AM","66.7","59.7","67.7","28.98","271","884","28.99","1.2","65.7","55.7","66.6","session"
"2025-10-17 09:28:48 AM","66.7","59.9","68.0","28.98","271","884","28.98","0.8","65.7","55.7","66.6","session"
"2025-10-17 09:28:53 AM","66.8","59.9","68.1","28.98","271","884","28.99","0.0","65.8","55.9","66.7","session"
"2025-10-17 09:28:58 AM","66.7","59.9","68.3","28.98","270","884","28.98","0.0","65.7","56.0","66.6","session"
"2025-10-17 09:29:03 AM","66.8","60.1","68.3","28.98","271","884","28.99","0.0","65.8","56.0","66.7","session"
"2025-10-17 09:29:08 AM","66.9","60.2","68.5","28.99","271","881","28.99","0.9","66.0","56.2","66.9","session"
"2025-10-17 09:29:13 AM","66.8","60.2","68.7","28.98","271","881","28.99","0.9","65.8","56.2","66.7","session"
"2025-10-17 09:29:18 AM","66.9","60.2","69.0","28.98","271","884","28.99","0.0","65.8","56.4","66.7","session"
"2025-10-17 09:29:23 AM","66.6","60.1","69.0","28.98","271","884","28.98","1.8","65.7","56.2","66.6","session"
"2025-10-17 09:29:28 AM","66.7","59.9","68.4","28.98","271","886","28.98","0.9","65.7","55.9","66.6","session"
"2025-10-17 09:29:33 AM","66.7","59.9","68.2","28.98","271","884","28.99","0.9","65.7","55.9","66.6","session"
"2025-10-17 09:29:38 AM","66.7","59.9","68.3","28.98","271","884","28.99","1.2","65.7","56.0","66.6","session"
"2025-10-17 09:29:43 AM","66.6","59.9","68.4","28.98","271","884","28.99","1.2","65.7","55.9","66.6","session"
"2025-10-17 09:29:48 AM","66.7","59.9","68.5","28.98","271","884","28.99","1.4","65.7","56.0","66.6","session"
"2025-10-17 09:29:53 AM","66.7","60.1","68.5","28.98","271","884","28.99","1.3","65.7","56.0","66.6","session"
"2025-10-17 09:29:58 AM","66.8","60.1","68.7","28.99","271","877","28.99","1.2","65.8","56.1","66.7","session"
"2025-10-17 09:30:03 AM","66.7","60.1","68.7","28.99","271","881","28.99","1.1","65.8","56.1","66.7","session"
"2025-10-17 09:30:08 AM","66.7","60.1","68.7","28.99","271","881","28.99","0.8","65.7","56.1","66.6","session"
"2025-10-17 09:30:13 AM","66.7","60.1","68.7","28.99","271","881","28.99","0.8","65.7","56.0","66.6","session"
"2025-10-17 09:30:18 AM","66.6","59.9","68.7","28.99","271","877","28.99","0.9","65.7","56.0","66.6","session"
"2025-10-17 09:30:23 AM","66.3","59.7","68.7","28.99","271","877","28.99","2.5","65.1","55.8","66.2","session"
"2025-10-17 09:30:28 AM","66.5","59.7","68.2","28.99","272","877","28.99","1.2","65.3","55.7","66.4","session"
"2025-10-17 09:30:33 AM","66.6","59.7","68.1","28.99","271","874","28.99","0.8","65.7","55.7","66.6","session"
"2025-10-17 09:30:38 AM","66.6","59.7","68.2","29.00","271","874","29.00","0.8","65.7","55.8","66.6","session"
"2025-10-17 09:30:43 AM","66.6","59.7","68.3","29.00","271","874","29.00","0.8","65.7","55.8","66.6","session"
"2025-10-17 09:30:48 AM","66.6","59.7","68.3","29.00","271","873","29.00","0.9","65.7","55.8","66.6","session"
"2025-10-17 09:30:53 AM","66.6","59.9","68.4","29.00","271","873","29.00","0.8","65.7","55.9","66.6","session"
"2025-10-17 09:30:58 AM","66.5","59.9","68.5","29.00","271","873","29.00","0.0","65.3","55.9","66.4","session"
"2025-10-17 09:31:03 AM","66.4","59.9","68.7","29.00","271","869","29.00","0.8","65.3","55.9","66.4","session"
"2025-10-17 09:31:08 AM","66.4","59.9","69.0","29.00","271","866","29.00","0.8","65.1","55.9","66.2","session"
"2025-10-17 09:31:13 AM","66.2","59.7","68.9","29.00","269","869","29.00","0.8","65.1","55.7","66.2","session"
"2025-10-17 09:31:18 AM","66.2","59.5","68.8","29.00","271","869","29.00","0.0","65.1","55.7","66.2","session"
"2025-10-17 09:31:23 AM","66.4","59.9","68.9","29.00","270","869","29.00","0.0","65.3","55.9","66.4","session"
"2025-10-17 09:31:28 AM","66.3","59.7","69.1","29.00","271","869","29.00","0.0","65.1","55.8","66.2","session"
"2025-10-17 09:31:33 AM","66.4","59.9","69.1","29.00","271","869","29.00","0.0","65.5","56.0","66.4","session"
"2025-10-17 09:31:38 AM","66.3","59.9","69.2","29.00","271","869","29.00","0.0","65.1","56.0","66.2","session"
"2025-10-17 09:31:43 AM","66.3","59.7","69.0","29.00","271","869","29.00","0.0","65.1","55.8","66.2","session"
"2025-10-17 09:31:48 AM","66.3","59.5","68.6","29.00","271","866","29.00","0.0","65.1","55.7","66.2","session"
"2025-10-17 09:31:53 AM","66.3","59.7","68.8","29.00","271","869","29.00","0.8","65.1","55.8","66.2","session"
"2025-10-17 09:31:58 AM","66.4","59.9","69.5","29.00","271","869","29.00","0.8","65.5","56.1","66.4","session"
"2025-10-17 09:32:03 AM","66.6","60.2","69.9","29.00","271","869","29.00","0.9","65.8","56.5","66.6","session"
"2025-10-17 09:32:08 AM","66.8","60.4","70.2","29.00","271","869","29.00","0.9","66.0","56.8","66.7","session"
"2025-10-17 09:32:13 AM","66.6","60.4","70.6","29.00","271","869","29.00","1.8","65.8","56.8","66.6","session"
"2025-10-17 09:32:18 AM","66.5","60.4","71.2","29.00","271","869","29.00","1.8","65.5","56.9","66.4","session"
"2025-10-17 09:32:23 AM","66.5","60.4","71.1","29.00","271","866","29.00","1.4","65.5","56.8","66.4","session"
"2025-10-17 09:32:28 AM","66.8","60.6","70.8","29.01","271","861","29.01","0.0","66.0","57.0","66.7","session"
"2025-10-17 09:32:33 AM","66.8","60.6","71.1","29.00","271","861","29.01","0.8","66.0","57.1","66.7","session"
"2025-10-17 09:32:38 AM","67.0","61.0","71.3","29.00","271","865","29.01","0.9","66.4","57.5","66.9","session"
"2025-10-17 09:32:43 AM","67.2","61.2","71.5","29.00","271","861","29.01","0.8","66.6","57.7","67.1","session"
"2025-10-17 09:32:48 AM","67.5","61.3","71.3","29.00","271","861","29.01","0.9","66.9","57.8","67.5","session"
"2025-10-17 09:32:53 AM","67.5","61.3","71.2","29.00","271","865","29.01","1.9","66.9","57.9","67.5","session"
"2025-10-17 09:32:58 AM","67.3","61.2","71.0","29.01","271","861","29.01","2.5","66.7","57.6","67.3","session"
"2025-10-17 09:33:03 AM","67.1","61.0","71.0","29.00","271","861","29.01","2.2","66.6","57.4","67.1","session"
"2025-10-17 09:33:08 AM","66.8","60.4","70.2","29.00","271","861","29.01","2.1","66.0","56.8","66.7","session"
"2025-10-17 09:33:13 AM","66.8","60.4","69.5","29.01","271","861","29.01","1.4","66.0","56.6","66.7","session"
"2025-10-17 09:33:18 AM","66.9","60.4","69.1","29.01","271","861","29.01","1.1","65.8","56.4","66.7","session"
"2025-10-17 09:33:23 AM","67.0","60.4","69.2","29.01","271","861","29.01","1.1","66.2","56.6","66.9","session"
"2025-10-17 09:33:28 AM","67.2","60.8","70.0","29.01","271","858","29.01","1.3","66.6","57.1","67.1","session"
"2025-10-17 09:33:33 AM","67.2","60.8","70.3","29.01","271","861","29.01","2.2","66.6","57.3","67.1","session"
"2025-10-17 09:33:38 AM","67.5","61.0","70.1","29.01","270","855","29.02","1.1","66.9","57.4","67.5","session"
"2025-10-17 09:33:43 AM","67.7","61.3","70.2","29.01","271","855","29.01","0.8","67.3","57.7","67.6","session"
"2025-10-17 09:33:48 AM","67.7","61.3","70.2","29.01","271","853","29.02","0.8","67.3","57.7","67.6","session"
"2025-10-17 09:33:53 AM","67.7","61.2","70.1","29.01","271","853","29.02","1.1","67.3","57.6","67.6","session"
"2025-10-17 09:33:58 AM","67.7","61.2","70.0","29.01","271","855","29.02","1.4","67.3","57.5","67.6","session"
"2025-10-17 09:34:03 AM","67.7","61.2","69.7","29.01","271","855","29.02","1.2","67.3","57.5","67.6","session"
"2025-10-17 09:34:08 AM","67.7","61.2","69.5","29.01","271","853","29.02","0.8","67.3","57.4","67.6","session"
"2025-10-17 09:34:13 AM","67.7","61.2","69.5","29.02","271","853","29.02","0.9","67.3","57.4","67.6","session"
"2025-10-17 09:34:18 AM","67.7","61.2","69.4","29.01","271","853","29.02","0.9","67.1","57.3","67.6","session"
"2025-10-17 09:34:23 AM","67.6","61.0","69.4","29.02","271","853","29.02","1.0","67.3","57.3","67.6","session"
"2025-10-17 09:34:28 AM","67.6","61.0","69.2","29.01","271","855","29.02","0.8","66.9","57.1","67.5","session"
"2025-10-17 09:34:33 AM","67.5","60.8","68.9","29.01","271","855","29.02","0.9","66.7","56.9","67.5","session"
"2025-10-17 09:34:38 AM","67.3","60.6","69.1","29.01","271","861","29.01","0.8","66.6","56.8","67.3","session"
"2025-10-17 09:34:43 AM","67.3","60.6","69.3","29.01","271","858","29.01","0.0","66.4","56.9","67.1","session"
"2025-10-17 09:34:48 AM","67.4","61.0","69.7","29.01","271","855","29.01","0.9","66.7","57.2","67.3","session"
"2025-10-17 09:34:53 AM","67.4","61.0","70.0","29.01","271","858","29.01","1.0","66.7","57.3","67.3","session"
"2025-10-17 09:34:58 AM","67.4","61.0","70.0","29.01","271","858","29.01","0.0","66.7","57.3","67.3","session"
"2025-10-17 09:35:03 AM","67.4","61.0","70.0","29.01","271","858","29.01","1.0","66.7","57.3","67.3","session"
"2025-10-17 09:35:08 AM","67.1","60.6","69.6","29.01","271","858","29.01","2.1","66.6","56.8","67.1","session"
"2025-10-17 09:35:13 AM","67.0","60.4","69.1","29.01","271","858","29.01","2.8","66.2","56.5","66.9","session"
"2025-10-17 09:35:18 AM","66.7","59.9","68.2","29.00","270","861","29.01","1.5","65.8","55.9","66.7","session"
"2025-10-17 09:35:23 AM","66.7","59.9","67.7","29.00","271","861","29.01","2.0","65.7","55.7","66.6","session"
"2025-10-17 09:35:28 AM","66.8","59.7","67.1","29.01","271","861","29.01","1.0","65.7","55.5","66.7","session"
"2025-10-17 09:35:33 AM","67.0","60.1","67.0","29.00","271","861","29.01","0.8","66.0","55.7","66.9","session"
"2025-10-17 09:35:38 AM","67.2","60.1","66.8","29.00","271","861","29.01","1.0","66.2","55.8","67.1","session"
"2025-10-17 09:35:43 AM","67.1","59.9","66.7","29.00","271","865","29.01","1.3","66.2","55.7","67.1","session"
"2025-10-17 09:35:48 AM","67.0","59.7","66.5","29.01","270","861","29.01","1.4","66.0","55.4","66.9","session"
"2025-10-17 09:35:53 AM","66.8","59.7","66.4","29.01","271","858","29.01","1.2","65.7","55.3","66.7","session"
"2025-10-17 09:35:58 AM","66.6","59.5","66.7","29.01","271","858","29.01","1.8","65.5","55.1","66.6","session"
"2025-10-17 09:36:03 AM","66.8","59.7","67.1","29.01","270","861","29.01","1.3","65.7","55.5","66.7","session"
"2025-10-17 09:36:08 AM","66.7","59.9","67.7","29.01","270","861","29.01","1.9","65.7","55.7","66.6","session"
"2025-10-17 09:36:13 AM","67.0","60.1","67.9","29.01","270","858","29.01","1.1","66.0","56.1","66.9","session"
"2025-10-17 09:36:18 AM","67.5","60.6","68.8","29.01","270","861","29.01","1.5","66.7","56.9","67.5","session"
"2025-10-17 09:36:23 AM","67.9","61.2","69.2","29.01","270","858","29.01","1.6","67.5","57.4","67.8","session"
"2025-10-17 09:36:28 AM","67.6","61.0","69.4","29.01","270","858","29.01","3.2","66.9","57.2","67.5","session"
"2025-10-17 09:36:33 AM","67.4","60.8","69.1","29.01","270","858","29.01","1.6","66.6","57.0","67.3","session"
"2025-10-17 09:36:38 AM","67.5","60.8","68.9","29.01","270","858","29.01","1.5","66.7","56.9","67.5","session"
"2025-10-17 09:36:43 AM","66.8","60.2","68.9","29.01","269","858","29.01","2.5","65.8","56.3","66.7","session"
"2025-10-17 09:36:48 AM","66.9","60.1","68.5","29.01","269","855","29.01","1.3","65.8","56.2","66.7","session"
"2025-10-17 09:36:53 AM","67.2","60.4","68.7","29.01","269","858","29.01","1.3","66.4","56.5","67.1","session"
"2025-10-17 09:36:58 AM","67.1","60.4","68.8","29.01","269","855","29.01","2.6","66.4","56.5","67.1","session"
"2025-10-17 09:37:03 AM","67.2","60.4","68.8","29.01","269","855","29.02","1.5","66.4","56.6","67.1","session"
"2025-10-17 09:37:08 AM","67.2","60.4","69.0","29.01","269","855","29.02","1.8","66.4","56.7","67.1","session"
"2025-10-17 09:37:13 AM","67.5","60.8","69.0","29.01","269","855","29.01","1.1","66.7","56.9","67.5","session"
"2025-10-17 09:37:18 AM","67.7","61.0","68.9","29.01","269","855","29.02","1.8","67.1","57.1","67.6","session"
"2025-10-17 09:37:23 AM","67.9","61.3","68.9","29.01","269","858","29.01","1.2","67.3","57.4","67.8","session"
"2025-10-17 09:37:28 AM","68.1","61.5","69.2","29.01","269","855","29.02","0.9","67.6","57.7","68.0","session"
"2025-10-17 09:37:33 AM","68.0","61.3","69.2","29.01","269","853","29.02","1.0","67.5","57.5","67.8","session"
"2025-10-17 09:37:38 AM","68.1","61.3","68.6","29.01","269","855","29.02","1.2","67.5","57.4","68.0","session"
"2025-10-17 09:37:43 AM","68.4","61.5","68.4","29.01","269","853","29.02","1.4","68.0","57.6","68.4","session"
"2025-10-17 09:37:48 AM","68.7","61.7","68.4","29.01","269","855","29.02","1.2","68.2","57.8","68.5","session"
"2025-10-17 09:37:53 AM","69.0","62.1","68.6","29.02","269","853","29.02","1.7","68.7","58.2","68.9","session"
"2025-10-17 09:37:58 AM","69.0","62.1","68.8","29.01","269","853","29.02","2.1","68.7","58.3","68.9","session"
"2025-10-17 09:38:03 AM","69.0","62.2","68.9","29.01","269","855","29.02","2.1","68.7","58.4","68.9","session"
"2025-10-17 09:38:08 AM","69.0","62.1","68.7","29.01","269","855","29.02","2.3","68.7","58.3","68.9","session"
"2025-10-17 09:38:13 AM","69.0","61.9","68.4","29.01","269","855","29.02","0.9","68.7","58.1","68.9","session"
"2025-10-17 09:38:18 AM","68.8","61.7","67.9","29.01","269","855","29.02","1.2","68.5","57.8","68.7","session"
"2025-10-17 09:38:23 AM","68.8","61.7","67.6","29.01","269","853","29.02","0.9","68.5","57.7","68.7","session"
"2025-10-17 09:38:28 AM","68.7","61.5","67.2","29.01","269","855","29.02","0.0","68.4","57.4","68.7","session"
"2025-10-17 09:38:33 AM","68.7","61.5","67.1","29.01","270","855","29.01","0.8","68.2","57.3","68.5","session"
"2025-10-17 09:38:38 AM","68.7","61.3","66.8","29.01","269","855","29.01","1.4","68.2","57.2","68.5","session"
"2025-10-17 09:38:43 AM","68.7","61.3","66.8","29.01","269","855","29.01","1.6","68.4","57.3","68.7","session"
"2025-10-17 09:38:48 AM","68.8","61.3","66.8","29.01","269","855","29.02","1.4","68.4","57.3","68.7","session"
"2025-10-17 09:38:53 AM","68.5","61.2","66.7","29.01","270","855","29.02","2.4","68.0","57.0","68.4","session"
"2025-10-17 09:38:58 AM","67.9","60.4","66.2","29.01","270","855","29.02","2.0","67.3","56.2","67.8","session"
"2025-10-17 09:39:03 AM","67.7","60.4","65.8","29.01","270","855","29.01","1.3","66.9","55.9","67.6","session"
"2025-10-17 09:39:08 AM","67.7","60.2","65.2","29.01","270","855","29.01","1.0","66.7","55.7","67.6","session"
"2025-10-17 09:39:13 AM","68.0","60.2","64.9","29.01","270","855","29.01","1.1","67.1","55.7","67.8","session"
"2025-10-17 09:39:18 AM","68.1","60.2","64.6","29.01","270","853","29.02","1.8","67.3","55.8","68.0","session"
"2025-10-17 09:39:23 AM","68.3","60.4","64.6","29.01","266","855","29.02","0.8","67.5","55.9","68.2","session"
"2025-10-17 09:39:28 AM","68.6","60.8","64.9","29.01","269","855","29.02","0.9","68.0","56.3","68.5","session"
"2025-10-17 09:39:33 AM","68.9","61.3","65.3","29.01","269","855","29.02","1.1","68.2","56.8","68.7","session"
"2025-10-17 09:39:38 AM","69.2","61.7","65.9","29.01","269","855","29.02","0.8","68.7","57.3","69.1","session"
"2025-10-17 09:39:43 AM","69.3","61.7","66.2","29.01","269","855","29.02","0.7","69.3","57.5","69.3","session"
"2025-10-17 09:39:48 AM","69.3","61.7","66.5","29.01","269","855","29.01","0.0","69.3","57.6","69.3","session"
"2025-10-17 09:39:53 AM","69.5","62.1","66.6","29.01","269","855","29.01","0.0","69.4","57.9","69.4","session"
"2025-10-17 09:39:58 AM","69.5","62.1","66.8","29.01","269","855","29.01","0.0","69.4","58.0","69.4","session"
"2025-10-17 09:40:03 AM","69.6","62.2","66.7","29.01","269","855","29.01","0.0","69.6","58.1","69.6","session"
"2025-10-17 09:40:08 AM","69.6","62.1","66.6","29.01","269","855","29.01","0.8","69.4","58.0","69.4","session"
"2025-10-17 09:40:13 AM","69.5","62.1","66.6","29.01","269","858","29.01","2.1","69.4","57.9","69.4","session"
"2025-10-17 09:40:18 AM","69.5","61.9","66.3","29.01","269","861","29.01","2.0","69.4","57.7","69.4","session"
"2025-10-17 09:40:23 AM","69.5","61.9","66.0","29.01","269","861","29.01","1.3","69.3","57.6","69.4","session"
"2025-10-17 09:40:28 AM","69.3","61.7","65.8","29.01","269","861","29.01","0.0","69.1","57.3","69.3","session"
"2025-10-17 09:40:33 AM","69.4","61.9","65.8","29.00","269","861","29.01","1.1","69.1","57.5","69.3","session"
"2025-10-17 09:40:38 AM","69.3","61.7","65.8","29.00","269","865","29.01","2.3","69.1","57.3","69.3","session"
"2025-10-17 09:40:43 AM","69.5","61.7","65.5","29.00","269","865","29.00","1.7","69.3","57.5","69.4","session"
"2025-10-17 09:40:48 AM","69.4","61.7","65.5","29.00","269","866","29.00","1.6","69.1","57.4","69.3","session"
"2025-10-17 09:40:53 AM","69.0","61.3","65.4","29.00","269","866","29.00","2.8","68.5","56.9","68.9","session"
"2025-10-17 09:40:58 AM","68.5","60.8","65.1","29.00","269","866","29.00","2.1","67.8","56.3","68.4","session"
"2025-10-17 09:41:03 AM","68.1","60.4","65.0","29.00","269","866","29.00","2.3","67.3","55.9","68.0","session"
"2025-10-17 09:41:08 AM","67.7","60.1","64.9","29.00","269","869","29.00","1.8","66.7","55.5","67.6","session"
"2025-10-17 09:41:13 AM","67.6","60.1","65.0","29.00","269","869","29.00","1.4","66.7","55.5","67.6","session"
"2025-10-17 09:41:18 AM","67.3","59.7","65.1","29.00","269","873","29.00","2.2","66.2","55.2","67.3","session"
"2025-10-17 09:41:23 AM","67.1","59.5","65.3","29.00","269","869","29.00","1.8","66.0","55.1","67.1","session"
"2025-10-17 09:41:28 AM","67.0","59.5","65.4","29.00","269","869","29.00","1.4","65.8","55.0","66.9","session"
"2025-10-17 09:41:33 AM","67.0","59.5","65.5","29.00","269","873","29.00","2.0","65.8","55.0","66.9","session"
"2025-10-17 09:41:38 AM","67.0","59.5","65.7","28.99","269","874","28.99","2.3","65.8","55.1","66.9","session"
"2025-10-17 09:41:43 AM","66.9","59.5","65.9","28.99","269","874","28.99","2.2","65.7","55.1","66.7","session"
"2025-10-17 09:41:48 AM","67.0","59.7","66.3","28.99","269","874","28.99","1.5","66.0","55.5","66.9","session"
"2025-10-17 09:41:53 AM","67.0","59.9","66.5","28.99","269","877","28.99","1.6","66.0","55.5","66.9","session"
"2025-10-17 09:41:58 AM","67.0","59.9","66.8","29.00","269","874","29.00","1.9","66.0","55.6","66.9","session"
"2025-10-17 09:42:03 AM","66.9","59.9","67.1","28.99","269","874","29.00","1.9","66.0","55.6","66.9","session"
"2025-10-17 09:42:08 AM","66.9","59.9","67.4","28.99","269","877","28.99","1.6","66.0","55.8","66.9","session"
"2025-10-17 09:42:13 AM","66.9","60.1","67.6","28.99","269","874","28.99","1.4","66.0","55.9","66.9","session"
"2025-10-17 09:42:18 AM","67.1","60.2","67.9","28.99","269","874","28.99","1.2","66.4","56.2","67.1","session"
"2025-10-17 09:42:23 AM","67.2","60.2","67.9","28.99","269","877","28.99","1.0","66.4","56.2","67.1","session"
"2025-10-17 09:42:28 AM","67.4","60.4","68.0","28.99","269","877","28.99","1.2","66.6","56.4","67.3","session"
"2025-10-17 09:42:33 AM","67.6","60.6","68.1","28.99","269","877","28.99","1.1","66.7","56.7","67.5","session"
"2025-10-17 09:42:38 AM","67.6","60.8","68.4","28.99","269","877","28.99","0.0","66.7","56.9","67.5","session"
"2025-10-17 09:42:43 AM","67.8","61.0","68.4","28.99","269","877","28.99","1.0","67.1","57.0","67.6","session"
"2025-10-17 09:42:48 AM","67.7","60.8","68.2","28.99","269","877","28.99","1.8","67.1","56.9","67.6","session"
"2025-10-17 09:42:53 AM","67.6","60.8","68.1","28.99","269","881","28.99","1.7","67.1","56.8","67.6","session"
"2025-10-17 09:42:58 AM","67.8","60.8","68.0","28.99","269","877","28.99","1.6","67.1","56.8","67.6","session"
"2025-10-17 09:43:03 AM","67.8","60.8","67.9","28.99","269","877","28.99","0.9","67.3","56.9","67.8","session"
"2025-10-17 09:43:08 AM","67.9","61.0","68.1","28.99","269","874","28.99","1.3","67.3","57.0","67.8","session"
"2025-10-17 09:43:13 AM","68.0","61.2","68.1","28.99","269","877","28.99","2.3","67.5","57.1","68.0","session"
"2025-10-17 09:43:18 AM","67.9","61.0","67.6","28.99","269","877","28.99","2.6","67.3","56.8","67.8","session"
"2025-10-17 09:43:23 AM","67.8","60.6","67.1","28.99","269","877","28.99","1.9","67.3","56.5","67.8","session"
"2025-10-17 09:43:28 AM","68.1","60.8","66.9","28.99","269","874","28.99","0.9","67.5","56.7","68.0","session"
"2025-10-17 09:43:33 AM","68.1","61.0","67.0","28.99","269","877","28.99","1.1","67.5","56.8","68.0","session"
"2025-10-17 09:43:38 AM","68.0","60.8","67.1","28.99","269","877","28.99","1.2","67.5","56.7","68.0","session"
"2025-10-17 09:43:43 AM","68.0","60.8","67.2","28.99","269","877","28.99","0.9","67.3","56.7","67.8","session"
"2025-10-17 09:43:48 AM","67.9","60.8","67.5","28.99","269","874","28.99","1.4","67.3","56.8","67.8","session"
"2025-10-17 09:43:53 AM","67.7","60.8","67.6","28.99","269","877","28.99","1.8","67.1","56.6","67.6","session"
"2025-10-17 09:43:58 AM","67.6","60.6","67.5","28.99","269","877","28.99","2.0","66.9","56.5","67.6","session"
"2025-10-17 09:44:03 AM","67.6","60.4","67.3","28.99","269","877","28.99","1.9","66.7","56.4","67.5","session"
"2025-10-17 09:44:08 AM","67.3","60.2","67.0","28.99","269","877","28.99","2.2","66.4","56.0","67.3","session"
"2025-10-17 09:44:13 AM","67.4","60.2","66.8","28.99","269","877","28.99","1.2","66.4","56.0","67.3","session"
"2025-10-17 09:44:18 AM","67.3","60.1","66.7","28.99","270","877","28.99","1.3","66.2","55.8","67.1","session"
"2025-10-17 09:44:23 AM","67.3","60.2","66.8","28.99","271","881","28.99","1.7","66.2","55.9","67.1","session"
"2025-10-17 09:44:28 AM","67.4","60.4","66.9","28.99","271","877","28.99","1.7","66.4","56.0","67.3","session"
"2025-10-17 09:44:33 AM","67.5","60.4","66.7","28.99","271","877","28.99","1.9","66.7","56.0","67.5","session"
"2025-10-17 09:44:38 AM","67.6","60.2","66.2","28.99","271","881","28.99","1.6","66.7","55.9","67.5","session"
"2025-10-17 09:44:43 AM","67.8","60.4","66.0","28.99","271","877","28.99","1.6","67.3","56.0","67.8","session"
"2025-10-17 09:44:48 AM","68.2","60.6","65.7","28.99","270","877","28.99","0.8","67.5","56.3","68.2","session"
"2025-10-17 09:44:53 AM","68.5","61.0","65.4","28.99","271","877","28.99","1.3","67.8","56.4","68.4","session"
"2025-10-17 09:44:58 AM","68.6","61.0","65.1","28.99","271","877","28.99","0.9","68.0","56.4","68.5","session"
"2025-10-17 09:45:03 AM","68.9","61.2","65.1","28.99","271","881","28.99","0.8","68.5","56.7","68.9","session"
"2025-10-17 09:45:08 AM","69.3","61.3","65.1","28.99","271","877","28.99","1.1","69.1","57.1","69.3","session"
"2025-10-17 09:45:13 AM","69.8","61.9","65.0","28.99","271","881","28.99","0.9","69.8","57.5","69.8","session"
"2025-10-17 09:45:18 AM","70.4","62.4","65.4","28.99","271","877","28.99","0.9","70.5","58.2","70.3","session"
"2025-10-17 09:45:23 AM","71.0","63.3","66.2","28.99","270","877","28.99","0.0","71.4","59.1","70.9","session"
"2025-10-17 09:45:28 AM","71.4","63.9","67.0","28.99","271","881","28.99","0.0","71.8","59.9","71.2","session"
"2025-10-17 09:45:33 AM","71.7","64.2","67.2","28.99","271","881","28.99","0.0","72.1","60.2","71.6","session"
"2025-10-17 09:45:38 AM","72.0","64.4","66.7","28.99","270","877","28.99","0.0","72.5","60.4","72.0","session"
"2025-10-17 09:45:43 AM","72.1","64.2","65.7","28.99","270","877","28.99","0.0","72.5","60.1","72.1","session"
"2025-10-17 09:45:48 AM","72.3","63.9","64.5","28.99","270","877","28.99","0.0","72.5","59.6","72.1","session"
"2025-10-17 09:45:53 AM","72.1","63.7","64.3","28.99","270","877","28.99","0.8","72.3","59.4","72.0","session"
"2025-10-17 09:45:58 AM","71.9","63.7","64.6","28.99","271","877","28.99","0.8","72.1","59.4","71.8","session"
"2025-10-17 09:46:03 AM","71.9","63.7","64.6","28.99","271","874","29.00","1.5","72.1","59.3","71.8","session"
"2025-10-17 09:46:08 AM","71.3","63.0","64.4","28.99","271","877","28.99","1.2","71.6","58.7","71.2","session"
"2025-10-17 09:46:13 AM","70.7","62.6","64.3","28.99","271","874","28.99","1.6","71.1","58.1","70.7","session"
"2025-10-17 09:46:18 AM","70.0","61.9","64.0","28.99","271","877","28.99","0.8","70.0","57.3","70.0","session"
"2025-10-17 09:46:23 AM","69.7","61.5","63.7","28.99","271","877","28.99","1.1","69.4","56.8","69.6","session"
"2025-10-17 09:46:28 AM","69.1","60.8","63.4","28.99","271","877","28.99","1.3","68.7","56.1","69.1","session"
"2025-10-17 09:46:33 AM","68.8","60.6","63.5","28.99","271","877","28.99","1.3","68.2","55.9","68.7","session"
"2025-10-17 09:46:38 AM","68.5","60.4","63.8","28.99","271","877","28.99","1.3","67.6","55.7","68.4","session"
"2025-10-17 09:46:43 AM","68.3","60.2","64.0","28.99","271","877","28.99","1.0","67.5","55.6","68.2","session"
"2025-10-17 09:46:48 AM","68.1","60.2","64.2","28.99","271","877","28.99","0.9","67.3","55.5","68.0","session"
"2025-10-17 09:46:53 AM","67.9","60.1","64.2","28.99","271","881","28.99","1.3","67.1","55.4","67.8","session"
"2025-10-17 09:46:58 AM","67.7","59.9","64.2","28.99","271","877","28.99","1.6","66.7","55.2","67.6","session"
"2025-10-17 09:47:03 AM","67.8","59.9","64.2","28.99","271","877","28.99","1.3","66.7","55.3","67.6","session"
"2025-10-17 09:47:08 AM","67.6","59.9","64.5","28.99","271","877","28.99","1.4","66.6","55.2","67.5","session"
"2025-10-17 09:47:13 AM","67.6","59.9","64.7","28.99","271","877","28.99","1.0","66.6","55.2","67.5","session"
"2025-10-17 09:47:18 AM","67.4","59.9","65.0","28.99","271","881","28.99","1.7","66.2","55.3","67.3","session"
"2025-10-17 09:47:23 AM","67.4","59.9","65.1","28.99","271","877","28.99","0.9","66.2","55.3","67.3","session"
"2025-10-17 09:47:28 AM","67.5","59.9","65.3","28.99","271","877","28.99","0.9","66.6","55.4","67.5","session"
"2025-10-17 09:47:33 AM","67.4","59.9","65.4","28.99","271","877","28.99","0.9","66.2","55.5","67.3","session"
"2025-10-17 09:47:38 AM","67.5","60.1","65.9","28.99","271","877","28.99","1.1","66.6","55.7","67.5","session"
"2025-10-17 09:47:43 AM","67.4","60.1","66.1","28.99","271","877","28.99","1.2","66.4","55.7","67.3","session"
"2025-10-17 09:47:48 AM","67.3","60.1","66.3","28.99","271","877","28.99","0.8","66.4","55.7","67.3","session"
"2025-10-17 09:47:53 AM","67.4","60.2","66.5","28.99","271","877","28.99","0.0","66.4","55.9","67.3","session"
"2025-10-17 09:47:58 AM","67.3","60.2","67.1","28.99","271","877","28.99","0.8","66.4","56.0","67.3","session"
"2025-10-17 09:48:03 AM","67.3","60.2","67.4","28.99","271","874","28.99","0.8","66.4","56.1","67.3","session"
"2025-10-17 09:48:08 AM","67.2","60.2","67.5","28.99","271","874","28.99","0.9","66.4","56.1","67.1","session"
"2025-10-17 09:48:13 AM","67.2","60.2","67.5","29.00","271","874","29.00","0.9","66.2","56.1","67.1","session"
"2025-10-17 09:48:18 AM","67.1","60.2","67.5","28.99","271","874","28.99","0.8","66.4","56.0","67.1","session"
"2025-10-17 09:48:23 AM","67.0","60.1","67.7","29.00","271","874","29.00","1.9","66.0","56.0","66.9","session"
"2025-10-17 09:48:28 AM","66.8","59.9","67.4","28.99","271","874","29.00","0.8","65.7","55.7","66.7","session"
"2025-10-17 09:48:33 AM","66.7","59.7","67.1","29.00","272","873","29.00","1.4","65.7","55.5","66.7","session"
"2025-10-17 09:48:38 AM","66.5","59.3","66.5","29.00","271","873","29.00","1.7","65.3","55.0","66.4","session"
"2025-10-17 09:48:43 AM","66.2","59.0","66.6","29.00","271","873","29.00","1.9","64.9","54.7","66.2","session"
"2025-10-17 09:48:48 AM","66.1","59.0","66.5","29.00","271","869","29.00","1.7","64.8","54.6","66.0","session"
"2025-10-17 09:48:53 AM","66.2","59.0","66.6","29.00","271","866","29.00","1.2","64.8","54.8","66.0","session"
"2025-10-17 09:48:58 AM","66.3","59.3","66.9","29.00","271","866","29.00","1.1","64.9","55.0","66.2","session"
"2025-10-17 09:49:03 AM","66.4","59.3","67.1","29.00","270","866","29.00","1.7","65.3","55.2","66.4","session"
"2025-10-17 09:49:08 AM","66.6","59.5","67.3","29.00","270","866","29.00","1.3","65.5","55.5","66.6","session"
"2025-10-17 09:49:13 AM","66.7","59.7","67.4","29.00","270","866","29.00","1.0","65.5","55.5","66.6","session"
"2025-10-17 09:49:18 AM","66.7","59.7","67.1","29.00","270","866","29.00","0.9","65.5","55.4","66.6","session"
"2025-10-17 09:49:23 AM","66.7","59.5","66.8","29.00","271","866","29.00","1.4","65.5","55.3","66.6","session"
"2025-10-17 09:49:28 AM","66.5","59.3","66.3","29.00","271","866","29.00","1.5","65.3","55.0","66.4","session"
"2025-10-17 09:49:33 AM","66.4","59.2","66.1","29.00","270","866","29.00","1.2","65.3","54.8","66.4","session"
"2025-10-17 09:49:38 AM","66.3","59.0","65.9","29.00","270","866","29.00","0.8","64.9","54.6","66.2","session"
"2025-10-17 09:49:43 AM","66.2","58.8","65.8","29.00","270","866","29.00","0.9","64.9","54.4","66.2","session"
"2025-10-17 09:49:48 AM","66.1","58.8","65.8","29.00","271","866","29.00","1.6","64.8","54.4","66.0","session"
"2025-10-17 09:49:53 AM","66.0","58.6","65.7","29.00","270","866","29.00","2.4","64.4","54.2","65.8","session"
"2025-10-17 09:49:58 AM","65.8","58.6","65.8","29.00","271","865","29.00","2.2","64.4","54.1","65.8","session"
"2025-10-17 09:50:03 AM","65.8","58.6","65.9","29.00","270","865","29.00","1.3","64.2","54.1","65.8","session"
"2025-10-17 09:50:08 AM","65.7","58.4","66.0","29.00","271","865","29.00","2.9","64.2","54.0","65.7","session"
"2025-10-17 09:50:13 AM","65.6","58.4","66.1","29.00","271","865","29.00","2.9","64.0","53.9","65.5","session"
"2025-10-17 09:50:18 AM","65.6","58.4","66.3","29.00","271","866","29.00","2.1","64.0","54.0","65.5","session"
"2025-10-17 09:50:23 AM","65.6","58.4","66.5","29.00","271","865","29.01","1.1","64.0","54.1","65.5","session"
"2025-10-17 09:50:28 AM","65.5","58.6","67.4","29.00","271","865","29.00","1.2","63.7","54.4","65.3","session"
"2025-10-17 09:50:33 AM","65.8","59.0","68.1","29.00","271","866","29.00","0.8","64.4","55.0","65.7","session"
"2025-10-17 09:50:38 AM","66.0","59.5","68.9","29.00","271","866","29.00","0.8","64.9","55.5","66.0","session"
"2025-10-17 09:50:43 AM","66.3","59.9","69.3","29.00","271","866","29.00","0.9","65.1","55.9","66.2","session"
"2025-10-17 09:50:48 AM","66.6","60.2","69.9","29.00","271","865","29.00","0.9","65.8","56.4","66.6","session"
"2025-10-17 09:50:53 AM","67.0","60.6","70.2","29.00","271","865","29.00","1.0","66.2","57.0","66.9","session"
"2025-10-17 09:50:58 AM","67.4","61.3","70.9","29.00","271","861","29.01","0.0","66.7","57.7","67.3","session"
"2025-10-17 09:51:03 AM","67.7","61.5","71.6","29.01","271","855","29.01","0.9","67.3","58.2","67.6","session"
"2025-10-17 09:51:08 AM","67.7","61.7","72.0","29.01","271","858","29.01","0.0","67.3","58.4","67.6","session"
"2025-10-17 09:51:13 AM","67.7","61.5","71.9","29.01","271","858","29.01","1.1","67.3","58.3","67.6","session"
"2025-10-17 09:51:18 AM","68.1","61.9","71.6","29.01","271","858","29.01","0.0","67.8","58.6","68.0","session"
"2025-10-17 09:51:23 AM","68.4","62.2","71.6","29.01","271","858","29.01","0.0","68.2","58.8","68.4","session"
"2025-10-17 09:51:28 AM","68.6","62.4","71.6","29.01","271","855","29.01","0.9","68.5","59.0","68.5","session"
"2025-10-17 09:51:33 AM","68.9","62.6","71.2","29.01","271","858","29.01","0.0","68.9","59.2","68.9","session"
"2025-10-17 09:51:38 AM","69.0","62.6","70.8","29.01","271","858","29.01","0.0","68.9","59.1","68.9","session"
"2025-10-17 09:51:43 AM","69.0","62.6","70.3","29.01","271","855","29.01","0.9","68.9","58.9","68.9","session"
"2025-10-17 09:51:48 AM","69.1","62.4","69.6","29.01","271","855","29.02","0.0","69.1","58.8","69.1","session"
"2025-10-17 09:51:53 AM","69.2","62.4","69.4","29.01","271","853","29.02","0.9","69.1","58.7","69.1","session"
"2025-10-17 09:51:58 AM","69.2","62.4","69.5","29.01","271","855","29.01","1.0","69.1","58.7","69.1","session"
"2025-10-17 09:52:03 AM","69.0","62.2","69.6","29.01","271","855","29.02","1.7","68.9","58.7","68.9","session"
"2025-10-17 09:52:08 AM","69.0","62.2","68.8","29.01","271","853","29.02","1.2","68.7","58.4","68.9","session"
"2025-10-17 09:52:13 AM","69.0","62.1","68.0","29.02","271","850","29.02","0.8","68.7","58.0","68.9","session"
"2025-10-17 09:52:18 AM","69.4","62.2","67.6","29.02","271","853","29.02","1.1","69.3","58.2","69.3","session"
"2025-10-17 09:52:23 AM","69.1","62.1","67.8","29.02","271","850","29.02","0.9","68.9","58.0","69.1","session"
"2025-10-17 09:52:28 AM","69.0","61.9","67.8","29.02","271","853","29.02","0.8","68.7","57.9","68.9","session"
"2025-10-17 09:52:33 AM","68.8","61.7","67.6","29.02","271","850","29.02","0.9","68.5","57.7","68.7","session"
"2025-10-17 09:52:41 AM","68.8","61.5","67.3","29.02","271","850","29.02","0.8","68.4","57.5","68.7","session"
"2025-10-17 09:52:43 AM","68.7","61.5","67.2","29.02","271","850","29.02","0.9","68.2","57.4","68.7","session"
"2025-10-17 09:52:55 AM","68.5","61.5","67.3","29.02","271","850","29.02","1.2","68.2","57.3","68.5","session"
"2025-10-17 09:52:59 AM","68.3","61.0","67.0","29.01","271","853","29.02","1.5","67.6","56.9","68.2","session"
"2025-10-17 09:53:03 AM","68.2","61.0","66.8","29.01","271","853","29.02","1.1","67.6","56.8","68.2","session"
"2025-10-17 09:53:08 AM","68.3","61.2","67.0","29.01","271","853","29.02","0.8","67.6","56.9","68.2","session"
"2025-10-17 09:53:15 AM","68.5","61.3","67.2","29.02","271","853","29.02","0.8","68.0","57.2","68.4","session"
"2025-10-17 09:53:19 AM","68.4","61.3","67.5","29.01","271","855","29.01","0.0","68.0","57.3","68.4","session"
"2025-10-17 09:53:24 AM","68.5","61.5","67.6","29.01","271","855","29.01","0.0","68.0","57.4","68.5","session"
"2025-10-17 09:53:30 AM","68.6","61.5","67.8","29.01","271","858","29.01","0.8","68.2","57.5","68.5","session"
"2025-10-17 09:53:39 AM","68.7","61.5","67.8","29.01","271","855","29.01","0.8","68.2","57.5","68.5","session"
"2025-10-17 09:53:45 AM","68.8","61.7","67.8","29.01","271","858","29.01","0.9","68.5","57.7","68.7","session"
"2025-10-17 09:53:48 AM","68.8","61.7","67.8","29.01","270","858","29.01","0.0","68.5","57.7","68.7","session"
"2025-10-17 09:53:53 AM","68.8","61.5","67.3","29.01","271","858","29.01","0.0","68.4","57.5","68.7","session"
"2025-10-17 09:53:58 AM","68.9","61.5","66.3","29.01","270","858","29.01","0.0","68.7","57.2","68.9","session"
"2025-10-17 09:54:04 AM","69.3","61.7","66.0","29.01","270","855","29.01","0.0","69.3","57.5","69.3","session"
"2025-10-17 09:54:13 AM","69.9","62.2","67.9","29.01","270","853","29.01","0.0","69.6","58.3","69.6","session"
"2025-10-17 09:54:19 AM","70.3","63.1","68.2","29.01","270","858","29.01","0.0","70.3","59.3","70.2","session"
"2025-10-17 09:54:24 AM","70.9","63.5","67.9","29.01","270","858","29.01","0.7","71.4","59.8","70.9","session"
"2025-10-17 09:54:28 AM","71.3","63.9","67.5","29.01","270","855","29.01","0.0","71.8","60.0","71.2","session"
"2025-10-17 09:54:34 AM","71.7","64.0","67.4","29.01","270","858","29.01","0.0","72.1","60.3","71.6","session"
"2025-10-17 09:54:38 AM","71.5","63.9","66.7","29.01","270","855","29.01","0.9","72.0","59.9","71.4","session"
"2025-10-17 09:54:43 AM","71.3","63.5","66.0","29.01","270","855","29.01","1.0","71.6","59.4","71.2","session"
"2025-10-17 09:54:49 AM","71.1","63.0","64.9","29.01","270","858","29.01","1.6","71.4","58.6","71.1","session"
"2025-10-17 09:54:55 AM","71.0","62.8","64.3","29.01","270","858","29.01","1.0","71.2","58.4","70.9","session"
"2025-10-17 09:55:00 AM","71.0","62.8","64.0","29.01","270","855","29.02","0.7","71.2","58.2","70.9","session"
"2025-10-17 09:55:03 AM","71.0","62.6","63.9","29.01","270","855","29.01","1.0","71.2","58.1","70.9","session"
"2025-10-17 09:55:09 AM","71.0","62.8","63.9","29.02","270","853","29.02","1.2","71.2","58.2","70.9","session"
"2025-10-17 09:55:13 AM","71.1","62.8","64.0","29.02","270","853","29.02","0.0","71.4","58.4","71.1","session"
"2025-10-17 09:55:20 AM","71.3","63.0","63.8","29.02","270","850","29.02","0.8","71.6","58.4","71.2","session"
"2025-10-17 09:55:25 AM","71.4","63.0","63.6","29.02","270","850","29.02","0.0","71.6","58.4","71.4","session"
"2025-10-17 09:55:30 AM","71.4","63.0","63.3","29.02","270","847","29.02","1.6","71.6","58.3","71.4","session"
"2025-10-17 09:55:34 AM","70.8","62.2","63.0","29.02","269","845","29.02","1.7","70.9","57.6","70.7","session"
"2025-10-17 09:55:38 AM","70.6","62.2","62.7","29.02","270","847","29.02","1.1","70.5","57.3","70.5","session"
"2025-10-17 09:55:43 AM","70.8","62.2","62.7","29.02","270","847","29.02","1.2","70.9","57.5","70.7","session"
"2025-10-17 09:55:50 AM","70.5","61.9","62.4","29.02","270","850","29.02","3.6","70.5","57.1","70.5","session"
"2025-10-17 09:55:55 AM","70.4","61.5","61.8","29.02","270","853","29.02","2.5","70.3","56.7","70.3","session"
"2025-10-17 09:55:58 AM","70.2","61.3","61.1","29.01","270","853","29.02","3.6","70.0","56.1","70.2","session"
"2025-10-17 09:56:05 AM","69.7","60.8","60.7","29.02","270","853","29.02","3.7","69.3","55.6","69.6","session"
"2025-10-17 09:56:09 AM","69.6","60.6","60.1","29.01","270","855","29.02","0.0","69.3","55.2","69.6","session"
"2025-10-17 09:56:13 AM","69.8","60.6","59.8","29.01","270","855","29.01","1.9","69.3","55.2","69.8","session"
"2025-10-17 09:56:19 AM","70.1","60.8","59.7","29.01","270","855","29.01","2.0","69.6","55.4","70.0","session"
"2025-10-17 09:56:23 AM","70.4","61.2","60.0","29.01","270","858","29.01","0.8","70.2","55.9","70.3","session"
"2025-10-17 09:56:29 AM","70.4","61.2","60.1","29.01","269","855","29.01","1.2","70.3","55.9","70.3","session"
"2025-10-17 09:56:36 AM","70.2","61.2","60.4","29.01","270","858","29.01","1.4","70.0","55.9","70.2","session"
"2025-10-17 09:56:38 AM","70.2","61.3","60.7","29.01","270","858","29.01","1.0","70.0","56.0","70.2","session"
"2025-10-17 09:56:44 AM","70.4","61.3","60.8","29.01","269","855","29.01","0.9","70.3","56.2","70.3","session"
"2025-10-17 09:56:48 AM","70.4","61.5","61.6","29.01","269","855","29.01","0.9","70.3","56.6","70.3","session"
"2025-10-17 09:56:53 AM","70.2","61.5","62.0","29.01","269","855","29.02","0.0","70.0","56.6","70.2","session"
"2025-10-17 09:56:58 AM","69.9","61.3","62.3","29.01","269","855","29.02","1.4","69.6","56.4","69.8","session"
"2025-10-17 09:57:03 AM","69.7","61.2","62.3","29.01","269","853","29.02","1.6","69.3","56.2","69.6","session"
"2025-10-17 09:57:08 AM","69.5","61.2","62.3","29.02","269","853","29.02","1.6","69.1","56.1","69.4","session"
"2025-10-17 09:57:13 AM","69.4","61.0","62.3","29.01","269","855","29.02","1.8","68.9","55.9","69.3","session"
"2025-10-17 09:57:18 AM","69.3","60.8","62.4","29.02","269","853","29.02","1.3","68.9","55.9","69.3","session"
"2025-10-17 09:57:23 AM","69.0","60.6","62.5","29.02","269","853","29.02","1.6","68.4","55.7","68.9","session"
"2025-10-17 09:57:28 AM","68.6","60.2","62.3","29.01","269","855","29.02","1.7","67.8","55.2","68.5","session"
"2025-10-17 09:57:33 AM","68.1","59.7","62.2","29.02","269","853","29.02","1.8","67.1","54.7","68.0","session"
"2025-10-17 09:57:38 AM","68.0","59.7","62.4","29.02","269","853","29.02","1.4","66.9","54.6","67.8","session"
"2025-10-17 09:57:43 AM","68.0","59.7","62.7","29.02","269","853","29.02","1.3","67.1","54.8","68.0","session"
"2025-10-17 09:57:48 AM","68.3","60.2","63.3","29.02","269","853","29.02","0.9","67.5","55.3","68.2","session"
"2025-10-17 09:57:53 AM","68.5","60.4","63.9","29.01","269","855","29.02","1.6","67.8","55.8","68.5","session"
"2025-10-17 09:58:03 AM","69.2","61.0","64.8","29.02","269","853","29.02","0.9","68.2","56.4","68.7","session"
"2025-10-17 09:58:10 AM","69.6","61.7","65.1","29.02","269","853","29.02","0.9","69.3","57.3","69.4","session"
"2025-10-17 09:58:13 AM","69.5","61.7","65.2","29.02","269","853","29.02","1.6","69.3","57.3","69.4","session"
"2025-10-17 09:58:18 AM","69.5","61.5","64.8","29.02","269","850","29.02","1.1","69.3","57.1","69.4","session"
"2025-10-17 09:58:23 AM","69.7","61.7","64.6","29.02","269","850","29.02","0.9","69.4","57.3","69.6","session"
"2025-10-17 09:58:28 AM","69.9","62.1","65.0","29.02","269","853","29.02","1.0","69.8","57.6","69.8","session"
"2025-10-17 09:58:33 AM","69.9","61.9","65.1","29.02","269","853","29.02","1.3","69.8","57.6","69.8","session"
"2025-10-17 09:58:38 AM","69.7","61.9","64.7","29.01","269","853","29.02","1.5","69.4","57.3","69.6","session"
"2025-10-17 09:58:43 AM","69.5","61.5","64.4","29.02","269","853","29.02","1.7","69.3","56.9","69.4","session"
"2025-10-17 09:58:48 AM","69.4","61.5","64.2","29.02","269","853","29.02","1.7","69.1","56.8","69.3","session"
"2025-10-17 09:58:53 AM","69.5","61.5","64.1","29.01","269","853","29.02","1.1","69.3","56.8","69.4","session"
"2025-10-17 09:58:58 AM","69.5","61.5","64.3","29.01","269","855","29.02","1.4","69.3","56.9","69.4","session"
"2025-10-17 09:59:03 AM","69.5","61.5","64.3","29.01","269","855","29.02","0.9","69.3","57.0","69.4","session"
"2025-10-17 09:59:08 AM","69.7","61.7","64.3","29.01","269","855","29.01","2.4","69.4","57.1","69.6","session"
"2025-10-17 09:59:13 AM","69.6","61.5","64.2","29.01","269","855","29.01","2.1","69.4","57.0","69.6","session"
"2025-10-17 09:59:18 AM","69.6","61.5","64.1","29.01","269","855","29.02","1.3","69.4","56.9","69.6","session"
"2025-10-17 09:59:23 AM","69.4","61.5","64.2","29.01","269","858","29.01","1.3","69.1","56.8","69.3","session"
"2025-10-17 09:59:28 AM","69.0","61.2","64.2","29.01","269","855","29.01","1.6","68.5","56.4","68.9","session"
"2025-10-17 09:59:33 AM","68.7","60.8","64.1","29.01","269","858","29.01","1.6","68.0","56.1","68.5","session"
"2025-10-17 09:59:38 AM","68.4","60.4","64.2","29.01","269","858","29.01","1.5","67.8","55.9","68.4","session"
"2025-10-17 09:59:43 AM","68.2","60.2","64.3","29.01","269","858","29.01","1.2","67.3","55.7","68.0","session"
"2025-10-17 09:59:48 AM","68.3","60.4","64.5","29.01","269","855","29.01","1.2","67.5","55.9","68.2","session"
"2025-10-17 09:59:53 AM","68.1","60.2","64.8","29.01","269","861","29.01","1.4","67.3","55.8","68.0","session"
"2025-10-17 09:59:58 AM","68.1","60.4","64.8","29.01","269","861","29.01","1.5","67.3","55.9","68.0","session"
"2025-10-17 10:00:03 AM","68.1","60.2","64.8","29.00","269","861","29.01","1.4","67.3","55.8","68.0","session"
"2025-10-17 10:00:08 AM","68.4","60.6","64.8","29.00","269","865","29.01","1.5","67.8","56.1","68.4","session"
"2025-10-17 10:00:13 AM","68.7","61.0","65.1","29.00","269","866","29.00","1.5","68.0","56.5","68.5","session"
"2025-10-17 10:00:18 AM","68.9","61.3","65.4","29.00","269","866","29.00","1.3","68.2","56.8","68.7","session"
"2025-10-17 10:00:23 AM","69.1","61.5","65.6","29.00","269","866","29.00","1.0","68.7","57.1","69.1","session"
"2025-10-17 10:00:28 AM","69.4","61.9","66.1","29.00","269","869","29.00","1.3","69.3","57.5","69.3","session"
"2025-10-17 10:00:33 AM","69.3","61.7","66.1","29.00","269","866","29.00","1.7","69.3","57.5","69.3","session"
"2025-10-17 10:00:38 AM","69.4","61.9","66.0","29.00","269","866","29.00","1.6","69.1","57.5","69.3","session"
"2025-10-17 10:00:43 AM","69.4","61.7","65.9","29.00","269","866","29.00","1.8","69.1","57.5","69.3","session"
"2025-10-17 10:00:48 AM","69.3","61.5","65.5","29.00","269","869","29.00","0.8","69.1","57.3","69.3","session"
"2025-10-17 10:00:53 AM","69.4","61.5","65.4","29.00","269","869","29.00","1.1","69.1","57.3","69.3","session"
"2025-10-17 10:00:58 AM","69.3","61.5","65.3","29.00","269","873","29.00","1.8","69.1","57.1","69.3","session"
"2025-10-17 10:01:03 AM","68.9","61.3","65.3","29.00","269","874","29.00","1.9","68.5","56.8","68.9","session"
"2025-10-17 10:01:08 AM","68.7","61.0","65.2","29.00","269","873","29.00","1.3","68.0","56.5","68.5","session"
"2025-10-17 10:01:13 AM","68.6","61.0","65.3","29.00","269","873","29.00","1.3","68.0","56.4","68.5","session"
"2025-10-17 10:01:18 AM","68.7","61.2","65.5","29.00","269","873","29.00","1.3","68.0","56.7","68.7","session"
"2025-10-17 10:01:23 AM","68.7","61.2","65.7","29.00","269","873","29.00","1.3","68.0","56.8","68.7","session"
"2025-10-17 10:01:28 AM","68.3","60.8","65.7","28.99","269","874","28.99","0.9","67.5","56.4","68.2","session"
"2025-10-17 10:01:33 AM","68.2","60.6","65.5","28.99","269","874","28.99","1.3","67.5","56.2","68.2","session"
"2025-10-17 10:01:38 AM","67.9","60.2","65.1","29.00","269","874","29.00","1.7","67.1","55.8","67.8","session"
"2025-10-17 10:01:43 AM","67.9","60.2","64.9","28.99","269","874","28.99","1.5","67.1","55.7","67.8","session"
"2025-10-17 10:01:48 AM","68.0","60.2","65.0","28.99","269","877","28.99","1.1","67.3","55.8","68.0","session"
"2025-10-17 10:01:53 AM","68.3","60.6","65.2","28.99","269","877","28.99","1.0","67.5","56.1","68.2","session"
"2025-10-17 10:01:58 AM","68.2","60.4","65.1","28.99","269","877","28.99","0.8","67.5","56.0","68.2","session"
"2025-10-17 10:02:03 AM","68.5","60.8","65.1","28.99","269","877","28.99","0.8","67.8","56.3","68.4","session"
"2025-10-17 10:02:08 AM","68.6","61.2","65.9","28.99","269","877","28.99","1.5","68.0","56.8","68.5","session"
"2025-10-17 10:02:13 AM","68.8","61.3","66.2","28.99","269","877","28.99","1.2","68.4","57.0","68.7","session"
"2025-10-17 10:02:18 AM","68.9","61.3","66.0","28.99","269","877","28.99","1.9","68.4","57.0","68.7","session"
"2025-10-17 10:02:23 AM","68.8","61.3","65.8","28.99","269","877","28.99","1.5","68.4","56.9","68.7","session"
"2025-10-17 10:02:28 AM","68.8","61.2","65.7","28.99","269","877","28.99","1.3","68.4","56.9","68.7","session"
"2025-10-17 10:02:33 AM","68.5","61.0","65.5","28.99","269","881","28.99","1.6","67.8","56.4","68.4","session"
"2025-10-17 10:02:38 AM","68.5","60.6","64.8","28.99","269","881","28.99","1.2","67.8","56.2","68.4","session"
"2025-10-17 10:02:43 AM","68.6","60.8","64.6","28.99","269","877","28.99","0.8","68.0","56.2","68.5","session"
"2025-10-17 10:02:48 AM","68.9","61.2","65.1","28.99","269","877","28.99","0.0","68.5","56.7","68.9","session"
"2025-10-17 10:02:53 AM","68.8","61.2","65.4","28.99","269","877","28.99","0.0","68.2","56.7","68.7","session"
"2025-10-17 10:02:58 AM","68.9","61.3","65.7","28.99","269","877","28.99","1.0","68.5","57.0","68.9","session"
"2025-10-17 10:03:03 AM","69.0","61.5","66.1","28.99","269","877","28.99","1.3","68.7","57.2","68.9","session"
"2025-10-17 10:03:08 AM","69.1","61.5","66.3","28.99","269","881","28.99","1.2","68.9","57.5","69.1","session"
"2025-10-17 10:03:13 AM","69.2","61.7","66.4","28.99","269","877","28.99","1.1","68.9","57.6","69.1","session"
"2025-10-17 10:03:18 AM","69.2","61.7","66.6","28.99","269","877","28.99","0.8","68.9","57.6","69.1","session"
"2025-10-17 10:03:23 AM","69.2","61.7","66.6","28.99","269","877","28.99","0.7","68.9","57.6","69.1","session"
"2025-10-17 10:03:28 AM","69.2","61.7","66.6","28.99","268","877","28.99","1.1","68.9","57.6","69.1","session"
"2025-10-17 10:03:33 AM","69.5","62.1","66.5","28.99","269","877","28.99","0.7","69.4","57.8","69.4","session"
"2025-10-17 10:03:38 AM","69.4","61.9","66.1","28.99","269","877","28.99","1.4","69.3","57.6","69.3","session"
"2025-10-17 10:03:43 AM","69.5","61.9","65.8","28.99","269","877","28.99","1.5","69.3","57.5","69.4","session"
"2025-10-17 10:03:48 AM","69.4","61.9","65.8","28.99","269","874","28.99","1.1","69.1","57.5","69.3","session"
"2025-10-17 10:03:53 AM","69.4","61.9","66.0","28.99","269","877","28.99","1.3","69.1","57.5","69.3","session"
"2025-10-17 10:03:58 AM","69.5","61.9","66.1","28.99","269","877","28.99","0.8","69.4","57.7","69.4","session"
"2025-10-17 10:04:03 AM","69.4","61.9","66.1","28.99","269","877","28.99","1.3","69.3","57.5","69.3","session"
"2025-10-17 10:04:08 AM","69.4","61.9","66.1","28.99","270","877","28.99","1.4","69.3","57.6","69.3","session"
"2025-10-17 10:04:13 AM","69.6","62.1","65.9","28.99","270","877","28.99","1.2","69.4","57.7","69.6","session"
"2025-10-17 10:04:18 AM","69.7","61.9","65.4","28.99","271","881","28.99","0.9","69.4","57.6","69.6","session"
"2025-10-17 10:04:23 AM","69.8","61.9","65.1","28.99","271","874","28.99","0.9","69.4","57.5","69.6","session"
"2025-10-17 10:04:28 AM","69.6","61.7","65.0","29.00","271","874","29.00","1.0","69.4","57.3","69.6","session"
"2025-10-17 10:04:33 AM","69.2","61.3","64.8","28.99","271","874","28.99","3.6","68.7","56.9","69.1","session"
"2025-10-17 10:04:38 AM","68.9","61.0","64.2","29.00","271","874","29.00","1.5","68.2","56.3","68.7","session"
"2025-10-17 10:04:43 AM","68.7","60.8","64.1","28.99","271","877","28.99","1.9","68.0","56.1","68.7","session"
"2025-10-17 10:04:48 AM","68.7","60.8","64.1","28.99","271","874","28.99","1.1","68.0","56.1","68.5","session"
"2025-10-17 10:04:53 AM","68.7","60.8","64.4","28.99","271","877","28.99","0.9","68.0","56.2","68.5","session"
"2025-10-17 10:04:58 AM","68.6","60.6","64.6","28.99","271","877","28.99","0.8","68.0","56.2","68.5","session"
"2025-10-17 10:05:03 AM","68.5","60.6","64.8","28.99","271","874","28.99","0.8","67.8","56.2","68.4","session"
"2025-10-17 10:05:08 AM","68.5","60.8","65.0","28.99","271","874","28.99","0.0","67.8","56.2","68.4","session"
"2025-10-17 10:05:13 AM","68.5","60.8","65.2","28.99","271","874","28.99","0.0","67.8","56.3","68.4","session"
"2025-10-17 10:05:18 AM","68.4","60.8","65.5","28.99","271","874","28.99","0.0","67.8","56.4","68.4","session"
"2025-10-17 10:05:23 AM","68.5","61.0","65.6","28.99","271","874","28.99","0.0","67.8","56.5","68.4","session"
"2025-10-17 10:05:28 AM","68.4","61.0","66.0","28.99","271","877","28.99","0.0","68.0","56.6","68.4","session"
"2025-10-17 10:05:33 AM","68.3","61.0","66.2","28.99","271","874","28.99","0.8","67.6","56.6","68.2","session"
"2025-10-17 10:05:38 AM","68.2","60.8","66.1","28.99","271","877","28.99","0.8","67.5","56.4","68.0","session"
"2025-10-17 10:05:43 AM","68.1","60.6","65.9","28.99","271","877","28.99","1.3","67.3","56.3","68.0","session"
"2025-10-17 10:05:48 AM","68.2","60.6","65.6","28.99","271","877","28.99","0.9","67.5","56.2","68.2","session"
"2025-10-17 10:05:53 AM","68.2","60.6","65.5","28.99","271","877","28.99","0.0","67.5","56.2","68.2","session"
"2025-10-17 10:05:58 AM","68.1","60.6","65.6","28.99","271","877","28.99","1.1","67.3","56.2","68.0","session"
"2025-10-17 10:06:03 AM","68.2","60.6","65.7","28.99","271","877","28.99","1.2","67.3","56.3","68.0","session"
"2025-10-17 10:06:08 AM","68.2","60.8","66.0","28.99","271","874","28.99","0.8","67.6","56.4","68.2","session"
"2025-10-17 10:06:13 AM","68.1","60.6","66.1","28.99","271","877","28.99","1.4","67.5","56.4","68.0","session"
"2025-10-17 10:06:18 AM","67.9","60.4","66.0","29.00","271","873","29.00","1.0","67.3","56.1","67.8","session"
"2025-10-17 10:06:23 AM","67.9","60.4","65.9","29.00","271","874","29.00","0.8","67.1","56.1","67.8","session"
"2025-10-17 10:06:28 AM","67.9","60.4","65.9","29.00","271","873","29.00","0.0","67.1","56.1","67.8","session"
"2025-10-17 10:06:33 AM","68.0","60.6","66.1","29.00","271","874","29.00","0.8","67.3","56.2","67.8","session"
"2025-10-17 10:06:38 AM","68.0","60.6","66.6","28.98","271","884","28.99","1.0","67.3","56.4","67.8","session"
"2025-10-17 10:06:43 AM","68.2","60.8","66.7","29.00","270","869","29.00","1.5","67.5","56.7","68.0","session"
"2025-10-17 10:06:48 AM","68.4","61.0","66.6","29.00","270","869","29.00","0.8","68.0","56.9","68.4","session"
"2025-10-17 10:06:53 AM","68.5","61.2","66.5","29.00","270","869","29.00","0.9","68.0","56.8","68.4","session"
"2025-10-17 10:06:58 AM","68.6","61.2","66.2","29.00","271","869","29.00","0.8","68.2","56.9","68.5","session"
"2025-10-17 10:07:03 AM","68.6","61.2","66.2","29.00","271","866","29.00","0.8","68.2","56.8","68.5","session"
"2025-10-17 10:07:08 AM","68.6","61.3","66.3","29.00","271","866","29.00","0.8","68.2","56.9","68.5","session"
"2025-10-17 10:07:13 AM","68.5","61.2","66.5","29.00","271","866","29.00","1.0","68.0","56.9","68.4","session"
"2025-10-17 10:07:18 AM","68.5","61.2","66.7","29.00","271","869","29.00","1.7","68.0","57.0","68.5","session"
"2025-10-17 10:07:23 AM","68.6","61.2","66.7","29.00","271","866","29.00","1.6","68.2","57.1","68.5","session"
"2025-10-17 10:07:28 AM","68.8","61.3","66.8","29.00","271","866","29.00","1.0","68.4","57.3","68.7","session"
"2025-10-17 10:07:33 AM","68.9","61.5","66.9","29.00","271","866","29.00","0.0","68.4","57.5","68.7","session"
"2025-10-17 10:07:38 AM","68.9","61.5","67.0","29.00","271","866","29.00","0.0","68.7","57.5","68.9","session"
"2025-10-17 10:07:43 AM","69.0","61.7","67.0","29.00","271","865","29.00","1.4","68.7","57.6","68.9","session"
"2025-10-17 10:07:48 AM","69.1","61.7","66.9","29.01","271","861","29.01","0.9","68.9","57.6","69.1","session"
"2025-10-17 10:07:53 AM","68.9","61.5","66.9","29.01","271","861","29.01","1.1","68.7","57.5","68.9","session"
"2025-10-17 10:07:58 AM","69.0","61.5","66.9","29.01","271","861","29.01","1.2","68.7","57.5","68.9","session"
"2025-10-17 10:08:03 AM","68.8","61.5","66.9","29.00","271","865","29.01","2.2","68.4","57.3","68.7","session"
"2025-10-17 10:08:08 AM","68.6","61.2","66.1","29.01","271","861","29.01","3.5","68.2","56.8","68.5","session"
"2025-10-17 10:08:13 AM","68.5","61.0","65.3","29.01","271","861","29.01","2.3","67.8","56.4","68.4","session"
"2025-10-17 10:08:18 AM","68.5","60.6","64.4","29.01","271","858","29.01","3.4","67.8","56.0","68.4","session"
"2025-10-17 10:08:23 AM","68.4","60.4","64.1","29.01","271","858","29.01","2.6","67.8","55.8","68.4","session"
"2025-10-17 10:08:28 AM","68.6","60.6","63.9","29.01","271","858","29.01","2.3","68.0","55.9","68.5","session"
"2025-10-17 10:08:33 AM","68.8","60.8","64.1","29.01","271","855","29.01","1.8","68.2","56.1","68.7","session"
"2025-10-17 10:08:38 AM","68.8","61.0","65.0","29.01","271","858","29.01","3.0","68.2","56.5","68.7","session"
"2025-10-17 10:08:43 AM","68.7","61.0","65.2","29.01","271","858","29.01","3.1","68.0","56.5","68.5","session"
"2025-10-17 10:08:48 AM","68.5","60.8","64.9","29.01","271","858","29.01","3.4","67.8","56.2","68.5","session"
"2025-10-17 10:08:53 AM","68.5","60.6","64.3","29.01","271","855","29.01","2.1","67.8","56.0","68.4","session"
"2025-10-17 10:08:58 AM","68.7","60.8","64.0","29.02","271","853","29.02","1.3","68.0","56.0","68.7","session"
"2025-10-17 10:09:03 AM","68.9","61.0","64.4","29.02","271","850","29.02","0.8","68.2","56.4","68.7","session"
"2025-10-17 10:09:08 AM","68.9","61.3","65.4","29.02","271","850","29.02","0.0","68.5","56.9","68.9","session"
"2025-10-17 10:09:13 AM","68.8","61.3","66.0","29.02","271","850","29.02","0.9","68.4","57.0","68.7","session"
"2025-10-17 10:09:18 AM","68.7","61.3","66.3","29.02","271","850","29.02","1.5","68.2","57.0","68.5","session"
"2025-10-17 10:09:23 AM","68.8","61.3","66.2","29.02","271","850","29.02","1.4","68.4","57.0","68.7","session"
"2025-10-17 10:09:28 AM","68.5","61.2","66.3","29.02","271","850","29.02","1.5","68.0","56.8","68.5","session"
"2025-10-17 10:09:33 AM","68.4","61.0","66.2","29.02","271","850","29.02","1.3","68.0","56.7","68.4","session"
"2025-10-17 10:09:38 AM","68.3","60.8","66.1","29.02","271","853","29.02","1.0","67.6","56.5","68.2","session"
"2025-10-17 10:09:43 AM","68.2","60.8","65.9","29.01","271","855","29.02","0.8","67.6","56.4","68.2","session"
"2025-10-17 10:09:48 AM","68.1","60.6","65.9","29.01","271","855","29.02","0.8","67.3","56.3","68.0","session"
"2025-10-17 10:09:53 AM","68.2","60.8","66.0","29.01","271","855","29.02","0.0","67.6","56.4","68.2","session"
"2025-10-17 10:09:58 AM","68.3","61.0","66.3","29.01","271","855","29.02","0.0","67.6","56.7","68.2","session"
"2025-10-17 10:10:03 AM","68.5","61.2","66.5","29.01","271","855","29.01","0.0","68.0","56.9","68.4","session"
"2025-10-17 10:10:08 AM","68.8","61.5","67.0","29.01","271","858","29.01","1.0","68.4","57.4","68.7","session"
"2025-10-17 10:10:13 AM","68.9","61.5","67.3","29.01","271","858","29.01","0.9","68.7","57.6","68.9","session"
"2025-10-17 10:10:18 AM","69.0","61.7","67.2","29.01","271","858","29.01","1.6","68.7","57.7","68.9","session"
"2025-10-17 10:10:23 AM","68.8","61.5","66.7","29.01","271","855","29.01","1.5","68.4","57.3","68.7","session"
"2025-10-17 10:10:28 AM","68.1","60.6","65.3","29.01","271","858","29.01","1.6","67.3","56.0","68.0","session"
"2025-10-17 10:10:33 AM","68.5","60.8","65.0","29.01","270","858","29.01","0.9","67.8","56.3","68.4","session"
"2025-10-17 10:10:38 AM","68.9","61.3","65.5","29.01","270","858","29.01","0.9","68.2","56.8","68.7","session"
"2025-10-17 10:10:43 AM","68.9","61.3","65.7","29.01","270","861","29.01","0.0","68.5","56.9","68.9","session"
"2025-10-17 10:10:48 AM","69.0","61.3","65.5","29.00","271","861","29.01","0.0","68.5","56.9","68.9","session"
"2025-10-17 10:10:53 AM","69.0","61.3","65.3","29.01","269","858","29.01","0.9","68.5","56.9","68.9","session"
"2025-10-17 10:10:58 AM","69.3","61.3","64.9","29.01","269","855","29.01","0.9","69.1","57.0","69.3","session"
"2025-10-17 10:11:03 AM","69.7","61.7","65.0","29.01","269","855","29.02","0.0","69.4","57.4","69.6","session"
"2025-10-17 10:11:08 AM","70.1","62.4","65.6","29.01","269","858","29.01","0.0","70.0","58.1","70.0","session"
"2025-10-17 10:11:13 AM","70.3","62.4","65.7","29.01","270","855","29.01","0.8","70.2","58.3","70.2","session"
"2025-10-17 10:11:18 AM","70.5","62.6","65.6","29.01","270","855","29.01","1.1","70.5","58.4","70.3","session"
"2025-10-17 10:11:23 AM","70.7","62.8","65.5","29.01","270","858","29.01","1.0","71.1","58.6","70.7","session"
"2025-10-17 10:11:28 AM","71.0","63.0","65.5","29.01","270","858","29.01","0.8","71.2","58.8","70.9","session"
"2025-10-17 10:11:33 AM","71.3","63.3","65.8","29.01","270","858","29.01","0.8","71.6","59.2","71.2","session"
"2025-10-17 10:11:38 AM","71.4","63.5","65.9","29.01","270","855","29.01","1.1","71.6","59.4","71.2","session"
"2025-10-17 10:11:43 AM","71.4","63.5","65.6","29.01","270","855","29.02","1.3","71.6","59.3","71.2","session"
"2025-10-17 10:11:48 AM","71.5","63.5","65.1","29.01","270","853","29.02","0.9","71.8","59.2","71.4","session"
"2025-10-17 10:11:53 AM","71.7","63.5","64.5","29.01","270","853","29.02","1.1","72.0","59.1","71.6","session"
"2025-10-17 10:11:58 AM","71.8","63.5","63.8","29.01","270","853","29.02","1.1","72.1","58.9","71.8","session"
"2025-10-17 10:12:03 AM","72.1","63.7","63.5","29.02","270","850","29.02","0.8","72.3","59.0","72.0","session"
"2025-10-17 10:12:08 AM","72.4","63.9","63.7","29.02","270","853","29.02","0.8","72.7","59.4","72.3","session"
"2025-10-17 10:12:13 AM","72.6","64.0","63.7","29.02","270","847","29.02","0.9","72.9","59.6","72.5","session"
"2025-10-17 10:12:18 AM","72.6","64.0","63.4","29.02","269","845","29.02","1.1","72.9","59.5","72.5","session"
"2025-10-17 10:12:23 AM","72.7","64.0","63.3","29.02","270","845","29.02","0.9","73.0","59.5","72.7","session"
"2025-10-17 10:12:28 AM","72.8","64.2","63.3","29.02","270","850","29.02","0.9","73.0","59.6","72.7","session"
"2025-10-17 10:12:33 AM","72.9","64.2","63.3","29.02","270","847","29.02","0.8","73.2","59.7","72.9","session"
"2025-10-17 10:12:38 AM","73.0","64.2","63.0","29.02","270","850","29.02","0.8","73.2","59.6","72.9","session"
"2025-10-17 10:12:43 AM","73.0","64.2","62.6","29.01","270","853","29.02","1.0","73.0","59.5","72.9","session"
"2025-10-17 10:12:48 AM","73.1","64.2","62.6","29.01","270","855","29.02","1.2","73.2","59.5","73.0","session"
"2025-10-17 10:12:53 AM","72.9","64.0","62.4","29.01","270","855","29.01","1.1","73.0","59.3","72.9","session"
"2025-10-17 10:12:58 AM","72.5","63.5","62.0","29.01","270","855","29.01","1.3","72.7","58.7","72.5","session"
"2025-10-17 10:13:03 AM","72.5","63.5","61.7","29.01","270","858","29.01","1.0","72.7","58.6","72.5","session"
"2025-10-17 10:13:08 AM","72.5","63.5","61.5","29.01","270","858","29.01","1.9","72.7","58.6","72.5","session"
"2025-10-17 10:13:13 AM","72.5","63.3","61.3","29.01","270","858","29.01","1.0","72.5","58.5","72.5","session"
"2025-10-17 10:13:18 AM","72.6","63.3","61.2","29.01","270","855","29.01","0.8","72.5","58.4","72.5","session"
"2025-10-17 10:13:23 AM","72.8","63.5","60.8","29.01","270","858","29.01","1.0","72.7","58.4","72.7","session"
"2025-10-17 10:13:28 AM","72.7","63.1","59.7","29.01","269","858","29.01","1.2","72.5","57.9","72.7","session"
"2025-10-17 10:13:33 AM","72.3","62.8","59.6","29.01","269","855","29.01","1.5","72.1","57.5","72.3","session"
"2025-10-17 10:13:38 AM","72.1","62.6","59.8","29.01","269","855","29.01","1.5","71.8","57.3","72.0","session"
"2025-10-17 10:13:43 AM","72.0","62.6","60.0","29.01","269","855","29.01","0.8","71.8","57.4","72.0","session"
"2025-10-17 10:13:48 AM","71.6","62.2","60.1","29.01","269","853","29.02","1.4","71.4","57.0","71.4","session"
"2025-10-17 10:13:53 AM","71.1","61.7","60.0","29.01","269","855","29.02","1.6","71.1","56.6","71.1","session"
"2025-10-17 10:13:58 AM","70.8","61.5","60.0","29.01","269","855","29.01","1.4","70.9","56.2","70.7","session"
"2025-10-17 10:14:03 AM","70.7","61.5","60.3","29.01","269","855","29.01","2.3","70.9","56.3","70.7","session"
"2025-10-17 10:14:08 AM","70.8","61.7","60.4","29.01","269","853","29.02","1.2","70.9","56.4","70.7","session"
"2025-10-17 10:14:13 AM","70.9","61.7","60.5","29.02","269","853","29.02","0.9","70.9","56.5","70.7","session"
"2025-10-17 10:14:18 AM","71.1","62.1","60.9","29.01","269","853","29.02","0.8","71.1","56.9","71.1","session"
"2025-10-17 10:14:23 AM","71.2","62.2","61.2","29.01","269","853","29.02","0.9","71.2","57.2","71.2","session"
"2025-10-17 10:14:28 AM","71.1","62.2","61.6","29.01","269","853","29.02","1.4","71.2","57.3","71.1","session"
"2025-10-17 10:14:33 AM","71.0","62.2","61.8","29.01","269","855","29.02","1.4","71.1","57.3","70.9","session"
"2025-10-17 10:14:38 AM","70.8","62.1","61.8","29.02","269","853","29.02","1.7","70.9","57.0","70.7","session"
"2025-10-17 10:14:43 AM","70.5","61.7","61.7","29.02","269","853","29.02","1.6","70.3","56.7","70.3","session"
"2025-10-17 10:14:48 AM","70.3","61.5","61.8","29.01","269","853","29.02","1.7","70.0","56.6","70.2","session"
"2025-10-17 10:14:53 AM","70.3","61.5","62.0","29.01","269","855","29.02","1.0","70.0","56.6","70.2","session"
"2025-10-17 10:14:58 AM","70.3","61.5","62.0","29.01","269","853","29.02","1.8","70.0","56.6","70.2","session"
"2025-10-17 10:15:03 AM","70.0","61.3","61.9","29.01","269","855","29.02","1.7","69.8","56.4","70.0","session"
"2025-10-17 10:15:08 AM","70.1","61.3","61.9","29.02","269","853","29.02","1.9","69.8","56.4","70.0","session"
"2025-10-17 10:15:13 AM","70.0","61.3","62.0","29.01","269","855","29.01","1.6","69.6","56.3","69.8","session"
"2025-10-17 10:15:18 AM","69.9","61.3","62.1","29.01","269","855","29.01","0.9","69.6","56.4","69.8","session"
"2025-10-17 10:15:23 AM","69.6","61.2","62.1","29.01","269","858","29.01","0.0","69.3","56.1","69.6","session"
"2025-10-17 10:15:28 AM","69.4","61.0","62.0","29.01","269","858","29.01","1.8","68.9","55.9","69.3","session"
"2025-10-17 10:15:33 AM","69.2","60.8","62.2","29.01","269","855","29.01","0.9","68.5","55.7","69.1","session"
"2025-10-17 10:15:38 AM","69.0","60.6","62.6","29.01","269","855","29.01","1.2","68.4","55.7","68.9","session"
"2025-10-17 10:15:43 AM","69.0","60.6","62.7","29.01","269","858","29.01","1.7","68.4","55.8","68.9","session"
"2025-10-17 10:15:48 AM","68.8","60.4","62.9","29.01","269","858","29.01","1.4","68.0","55.7","68.7","session"
"2025-10-17 10:15:53 AM","69.0","60.8","62.9","29.01","269","858","29.01","1.5","68.4","55.9","68.9","session"
"2025-10-17 10:15:58 AM","69.4","61.2","63.1","29.01","269","861","29.01","1.3","68.9","56.2","69.3","session"
"2025-10-17 10:16:03 AM","69.5","61.2","63.3","29.01","269","861","29.01","1.0","69.3","56.4","69.4","session"
"2025-10-17 10:16:08 AM","69.6","61.5","63.7","29.01","269","861","29.01","1.5","69.4","56.8","69.6","session"
"2025-10-17 10:16:13 AM","70.0","61.9","64.0","29.00","269","866","29.00","1.5","69.8","57.2","69.8","session"
"2025-10-17 10:16:18 AM","70.3","62.2","64.4","29.00","269","866","29.00","1.1","70.2","57.7","70.2","session"
"2025-10-17 10:16:23 AM","70.6","62.4","64.7","29.00","269","866","29.00","1.0","70.7","58.1","70.5","session"
"2025-10-17 10:16:28 AM","70.5","62.4","64.7","29.00","269","866","29.00","1.0","70.7","58.0","70.5","session"
"2025-10-17 10:16:33 AM","70.5","62.4","64.4","29.00","269","866","29.00","0.9","70.7","57.9","70.5","session"
"2025-10-17 10:16:38 AM","70.4","62.4","64.3","29.00","269","869","29.00","1.6","70.5","57.8","70.3","session"
"2025-10-17 10:16:43 AM","70.4","62.2","64.2","29.00","269","869","29.00","1.6","70.5","57.7","70.3","session"
"2025-10-17 10:16:48 AM","70.1","62.1","64.0","29.00","269","869","29.00","1.7","70.0","57.3","70.0","session"
"2025-10-17 10:16:53 AM","69.9","61.7","63.9","29.00","269","873","29.00","1.9","69.8","57.1","69.8","session"
"2025-10-17 10:16:58 AM","69.8","61.5","63.9","29.00","269","873","29.00","1.6","69.4","57.0","69.6","session"
"2025-10-17 10:17:03 AM","69.6","61.5","63.8","29.00","269","873","29.00","1.6","69.3","56.8","69.4","session"
"2025-10-17 10:17:08 AM","69.6","61.3","63.7","29.00","269","873","29.00","1.4","69.3","56.7","69.4","session"
"2025-10-17 10:17:13 AM","69.7","61.5","63.8","29.00","269","874","29.00","1.4","69.4","56.8","69.6","session"
"2025-10-17 10:17:18 AM","69.6","61.5","63.8","28.99","269","874","28.99","1.4","69.3","56.8","69.4","session"
"2025-10-17 10:17:23 AM","69.7","61.5","63.8","29.00","269","874","29.00","1.2","69.4","56.9","69.6","session"
"2025-10-17 10:17:28 AM","69.7","61.5","64.0","28.99","269","874","28.99","1.4","69.4","57.0","69.6","session"
"2025-10-17 10:17:33 AM","69.8","61.7","64.1","28.99","269","874","28.99","1.4","69.8","57.1","69.8","session"
"2025-10-17 10:17:38 AM","69.9","61.9","64.3","28.99","269","877","28.99","1.6","69.8","57.3","69.8","session"
"2025-10-17 10:17:43 AM","70.0","61.9","64.3","28.99","269","877","28.99","2.1","70.0","57.4","70.0","session"
"2025-10-17 10:17:48 AM","69.9","61.9","64.3","28.99","269","877","28.99","1.8","69.8","57.3","69.8","session"
"2025-10-17 10:17:53 AM","69.7","61.7","64.3","28.99","269","881","28.99","2.8","69.4","57.1","69.6","session"
"2025-10-17 10:17:58 AM","69.6","61.5","63.8","28.99","269","877","28.99","3.3","69.3","56.8","69.4","session"
"2025-10-17 10:18:03 AM","69.5","61.2","63.3","28.99","269","877","28.99","2.7","69.3","56.5","69.4","session"
"2025-10-17 10:18:08 AM","69.1","60.8","63.0","28.99","269","881","28.99","1.3","68.7","56.0","69.1","session"
"2025-10-17 10:18:13 AM","69.2","61.0","63.3","28.99","269","877","28.99","1.1","68.7","56.2","69.1","session"
"2025-10-17 10:18:18 AM","69.3","61.2","63.5","28.99","269","881","28.99","1.6","68.9","56.4","69.3","session"
"2025-10-17 10:18:23 AM","69.4","61.2","63.7","28.99","269","877","28.99","2.6","68.9","56.5","69.3","session"
"2025-10-17 10:18:28 AM","69.6","61.5","63.8","28.98","269","881","28.99","2.2","69.3","56.8","69.4","session"
"2025-10-17 10:18:33 AM","69.5","61.5","64.0","28.99","269","881","28.99","1.2","69.3","56.8","69.4","session"
"2025-10-17 10:18:38 AM","69.5","61.5","64.3","28.99","269","881","28.99","1.4","69.3","56.9","69.4","session"
"2025-10-17 10:18:43 AM","69.5","61.5","64.4","28.99","269","881","28.99","0.0","69.3","57.0","69.4","session"
"2025-10-17 10:18:48 AM","69.4","61.5","64.5","28.99","269","877","28.99","1.6","69.1","56.9","69.3","session"
"2025-10-17 10:18:53 AM","69.4","61.5","64.6","28.99","269","877","28.99","1.3","69.3","57.0","69.4","session"
"2025-10-17 10:18:58 AM","69.4","61.5","64.5","28.99","269","877","28.99","0.0","69.1","56.9","69.3","session"
"2025-10-17 10:19:03 AM","69.3","61.3","64.4","28.99","269","881","28.99","0.8","69.1","56.7","69.3","session"
"2025-10-17 10:19:08 AM","69.3","61.3","64.2","28.99","269","874","28.99","1.6","69.1","56.7","69.3","session"
"2025-10-17 10:19:13 AM","69.2","61.3","64.1","28.99","269","874","28.99","1.4","68.7","56.6","69.1","session"
"2025-10-17 10:19:18 AM","69.1","61.2","64.0","28.99","269","877","28.99","0.8","68.7","56.5","69.1","session"
"2025-10-17 10:19:23 AM","68.8","60.8","63.9","28.99","269","877","28.99","1.6","68.2","56.0","68.7","session"
"2025-10-17 10:19:28 AM","68.9","60.6","63.5","28.99","268","877","28.99","0.9","68.2","56.0","68.7","session"
"2025-10-17 10:19:33 AM","69.1","61.0","63.7","28.99","269","877","28.99","0.7","68.7","56.3","69.1","session"
"2025-10-17 10:19:38 AM","69.4","61.3","64.1","28.99","269","877","28.99","0.8","69.1","56.7","69.3","session"
"2025-10-17 10:19:43 AM","69.5","61.5","64.1","28.99","269","874","28.99","0.0","69.3","56.8","69.4","session"
"2025-10-17 10:19:48 AM","69.6","61.5","64.3","28.99","269","874","28.99","0.9","69.4","57.0","69.6","session"
"2025-10-17 10:19:53 AM","69.8","61.9","64.9","28.99","269","874","28.99","1.6","69.4","57.4","69.6","session"
"2025-10-17 10:19:58 AM","69.4","61.5","65.1","28.99","269","877","28.99","1.3","69.1","57.2","69.3","session"
"2025-10-17 10:20:03 AM","69.7","61.7","64.9","28.99","270","877","28.99","0.9","69.4","57.4","69.6","session"
"2025-10-17 10:20:08 AM","70.2","62.2","64.6","28.99","270","877","28.99","0.9","70.2","57.7","70.2","session"
"2025-10-17 10:20:13 AM","70.6","62.4","64.2","28.99","270","877","28.99","0.9","70.7","57.9","70.5","session"
"2025-10-17 10:20:18 AM","71.0","62.6","63.7","28.99","269","874","28.99","0.9","71.2","58.1","70.9","session"
"2025-10-17 10:20:23 AM","71.4","63.0","63.4","29.00","269","874","29.00","0.7","71.8","58.4","71.4","session"
"2025-10-17 10:20:28 AM","71.7","63.0","63.0","28.99","269","877","28.99","0.0","71.8","58.4","71.6","session"
"2025-10-17 10:20:33 AM","71.9","63.1","62.7","28.99","270","877","28.99","0.0","72.0","58.5","71.8","session"
"2025-10-17 10:20:38 AM","72.2","63.7","63.0","28.99","269","874","28.99","0.0","72.5","58.9","72.1","session"
"2025-10-17 10:20:43 AM","72.5","63.9","63.2","28.99","270","874","28.99","0.0","72.9","59.3","72.5","session"
"2025-10-17 10:20:48 AM","72.9","64.0","62.8","28.99","270","877","28.99","0.9","73.0","59.5","72.9","session"
"2025-10-17 10:20:53 AM","73.0","64.2","62.8","28.99","270","877","28.99","0.0","73.2","59.6","73.0","session"
"2025-10-17 10:20:58 AM","73.0","64.2","62.6","28.99","271","881","28.99","0.9","73.0","59.5","72.9","session"
"2025-10-17 10:21:03 AM","72.8","63.9","62.3","28.99","271","877","28.99","0.8","72.9","59.1","72.7","session"
"2025-10-17 10:21:08 AM","72.1","63.1","61.9","28.99","271","874","29.00","0.9","72.1","58.3","72.0","session"
"2025-10-17 10:21:13 AM","71.8","62.8","61.6","28.99","271","877","28.99","2.9","71.8","57.8","71.6","session"
"2025-10-17 10:21:18 AM","71.3","62.1","60.6","28.99","271","874","28.99","2.0","71.2","56.9","71.2","session"
"2025-10-17 10:21:23 AM","71.1","61.9","60.2","28.99","271","874","28.99","1.2","71.1","56.6","71.1","session"
"2025-10-17 10:21:28 AM","70.9","61.9","60.8","28.99","271","874","28.99","0.9","70.9","56.7","70.9","session"
"2025-10-17 10:21:33 AM","70.6","61.7","61.4","28.99","271","874","28.99","0.8","70.5","56.7","70.5","session"
"2025-10-17 10:21:38 AM","70.3","61.5","61.4","28.99","271","874","28.99","1.5","70.3","56.5","70.3","session"
"2025-10-17 10:21:43 AM","70.2","61.3","61.4","28.99","271","877","28.99","1.3","70.0","56.2","70.2","session"
"2025-10-17 10:21:48 AM","70.0","61.2","61.5","28.99","271","877","28.99","1.7","69.8","56.2","70.0","session"
"2025-10-17 10:21:53 AM","69.9","61.2","61.5","28.99","271","877","28.99","1.0","69.4","56.0","69.8","session"
"2025-10-17 10:21:58 AM","69.6","60.8","61.5","28.99","271","877","28.99","1.0","69.3","55.8","69.6","session"
"2025-10-17 10:22:03 AM","69.8","61.0","61.4","28.99","271","877","28.99","0.8","69.3","55.9","69.6","session"
"2025-10-17 10:22:08 AM","69.7","61.0","61.7","28.99","271","877","28.99","0.9","69.3","56.0","69.6","session"
"2025-10-17 10:22:13 AM","69.5","61.0","61.7","28.99","271","877","28.99","0.8","69.1","55.9","69.4","session"
"2025-10-17 10:22:18 AM","69.4","60.8","61.9","28.99","271","881","28.99","0.8","68.7","55.7","69.3","session"
"2025-10-17 10:22:23 AM","69.3","60.8","62.0","28.99","270","877","28.99","1.0","68.9","55.7","69.3","session"
"2025-10-17 10:22:28 AM","69.3","60.8","62.3","28.99","272","877","28.99","0.9","68.9","55.8","69.3","session"
"2025-10-17 10:22:33 AM","69.2","60.8","62.6","28.99","271","874","28.99","0.0","68.5","55.9","69.1","session"
"2025-10-17 10:22:38 AM","69.0","60.6","63.1","28.99","271","877","28.99","1.9","68.4","55.9","68.9","session"
"2025-10-17 10:22:43 AM","68.9","60.6","63.3","28.99","271","877","28.99","1.2","68.4","55.9","68.9","session"
"2025-10-17 10:22:48 AM","68.9","60.8","63.7","28.99","271","877","28.99","0.9","68.4","56.1","68.9","session"
"2025-10-17 10:22:53 AM","68.9","60.8","63.8","28.99","271","874","28.99","1.1","68.4","56.1","68.9","session"
"2025-10-17 10:22:58 AM","68.8","60.8","63.8","28.99","271","874","29.00","0.9","68.2","56.0","68.7","session"
"2025-10-17 10:23:03 AM","68.8","60.6","63.7","28.99","271","874","28.99","0.9","68.2","56.0","68.7","session"
"2025-10-17 10:23:08 AM","68.7","60.6","63.7","29.00","271","874","29.00","0.9","68.0","55.9","68.5","session"
"2025-10-17 10:23:13 AM","68.6","60.6","63.7","28.99","271","874","28.99","1.4","68.0","55.9","68.5","session"
"2025-10-17 10:23:18 AM","68.6","60.6","63.9","28.98","271","886","28.98","1.7","68.0","55.9","68.5","session"
"2025-10-17 10:23:23 AM","68.7","60.8","64.0","29.00","270","873","29.00","1.5","68.0","56.0","68.7","session"
"2025-10-17 10:23:28 AM","68.9","61.0","64.0","29.00","270","873","29.00","0.8","68.5","56.2","68.9","session"
"2025-10-17 10:23:33 AM","69.0","61.0","64.1","29.00","270","873","29.00","1.1","68.5","56.4","68.9","session"
"2025-10-17 10:23:38 AM","69.0","61.0","64.1","29.00","270","869","29.00","0.0","68.5","56.3","68.9","session"
"2025-10-17 10:23:43 AM","68.9","60.8","63.9","29.00","270","866","29.00","0.7","68.5","56.2","68.9","session"
"2025-10-17 10:23:48 AM","68.8","60.6","63.7","29.00","270","869","29.00","0.9","68.2","56.0","68.7","session"
"2025-10-17 10:23:53 AM","68.8","60.8","63.7","29.00","270","866","29.00","0.0","68.2","56.0","68.7","session"
"2025-10-17 10:23:58 AM","68.9","61.0","64.0","28.99","270","874","28.99","1.2","68.5","56.2","68.9","session"
"2025-10-17 10:24:03 AM","69.1","61.2","64.1","29.00","270","873","29.00","0.9","68.7","56.4","69.1","session"
"2025-10-17 10:24:08 AM","69.2","61.2","63.9","28.99","270","874","28.99","2.1","68.7","56.4","69.1","session"
"2025-10-17 10:24:13 AM","69.2","61.2","63.9","29.00","271","869","29.00","1.0","68.7","56.5","69.1","session"
"2025-10-17 10:24:18 AM","69.5","61.5","64.4","29.00","271","866","29.00","0.8","69.3","57.0","69.4","session"
"2025-10-17 10:24:23 AM","69.5","61.7","64.7","29.00","271","865","29.00","1.3","69.3","57.1","69.4","session"
"2025-10-17 10:24:28 AM","69.7","61.9","64.8","29.00","271","865","29.00","0.8","69.4","57.3","69.6","session"
"2025-10-17 10:24:33 AM","69.7","61.9","64.6","29.00","271","861","29.01","1.2","69.4","57.3","69.6","session"
"2025-10-17 10:24:38 AM","70.0","61.9","64.3","29.00","271","865","29.00","0.8","70.0","57.4","70.0","session"
"2025-10-17 10:24:43 AM","70.3","62.2","64.4","29.00","271","861","29.01","1.3","70.2","57.7","70.2","session"
"2025-10-17 10:24:48 AM","70.4","62.2","64.4","29.00","271","861","29.01","1.1","70.5","57.8","70.3","session"
"2025-10-17 10:24:53 AM","70.3","62.2","64.2","29.01","271","861","29.01","2.2","70.2","57.6","70.2","session"
"2025-10-17 10:24:58 AM","70.3","62.1","63.5","29.01","271","858","29.01","2.0","70.2","57.3","70.2","session"
"2025-10-17 10:25:03 AM","70.3","61.9","63.3","29.01","271","861","29.01","1.9","70.2","57.3","70.2","session"
"2025-10-17 10:25:08 AM","70.4","62.1","63.6","29.01","271","858","29.01","2.1","70.5","57.5","70.3","session"
"2025-10-17 10:25:13 AM","70.4","62.2","63.8","29.01","271","858","29.01","1.9","70.5","57.5","70.3","session"
"2025-10-17 10:25:18 AM","70.1","61.9","63.5","29.01","271","858","29.01","2.0","70.0","57.2","70.0","session"
"2025-10-17 10:25:23 AM","70.2","61.7","62.8","29.01","271","858","29.01","1.1","70.0","56.9","70.2","session"
"2025-10-17 10:25:28 AM","70.4","62.1","62.8","29.01","271","858","29.01","0.9","70.3","57.2","70.3","session"
"2025-10-17 10:25:33 AM","70.7","62.2","63.3","29.01","271","858","29.01","0.8","71.1","57.6","70.7","session"
"2025-10-17 10:25:38 AM","70.8","62.2","63.5","29.02","271","853","29.02","0.0","71.1","57.8","70.7","session"
"2025-10-17 10:25:43 AM","70.9","62.4","63.4","29.02","271","853","29.02","0.0","71.2","57.8","70.9","session"
"2025-10-17 10:25:48 AM","71.0","62.6","63.8","29.02","271","850","29.02","0.0","71.2","58.1","70.9","session"
"2025-10-17 10:25:53 AM","70.7","62.4","63.9","29.01","271","855","29.02","1.4","71.1","57.9","70.7","session"
"2025-10-17 10:25:58 AM","70.6","62.2","63.9","29.01","271","853","29.02","0.9","70.7","57.8","70.5","session"
"2025-10-17 10:26:03 AM","70.4","62.2","63.9","29.02","271","853","29.02","1.2","70.5","57.6","70.3","session"
"2025-10-17 10:26:08 AM","70.3","62.1","63.8","29.02","271","850","29.02","1.7","70.2","57.4","70.2","session"
"2025-10-17 10:26:13 AM","70.2","61.9","63.6","29.01","271","853","29.02","1.5","70.2","57.3","70.2","session"
"2025-10-17 10:26:18 AM","70.2","61.9","63.2","29.01","271","858","29.01","1.7","70.2","57.1","70.2","session"
"2025-10-17 10:26:23 AM","70.4","62.1","63.0","29.01","271","855","29.02","1.4","70.5","57.3","70.3","session"
"2025-10-17 10:26:28 AM","70.5","62.1","63.2","29.01","271","855","29.02","1.0","70.5","57.4","70.3","session"
"2025-10-17 10:26:33 AM","70.3","62.1","63.5","29.01","271","855","29.01","1.9","70.2","57.3","70.2","session"
"2025-10-17 10:26:38 AM","70.4","61.9","63.2","29.01","271","855","29.01","1.1","70.5","57.3","70.3","session"
"2025-10-17 10:26:43 AM","70.4","62.1","62.9","29.01","271","858","29.01","1.1","70.3","57.2","70.3","session"
"2025-10-17 10:26:48 AM","70.5","61.9","62.3","29.01","271","858","29.01","1.2","70.3","56.9","70.3","session"
"2025-10-17 10:26:53 AM","70.6","61.7","61.7","29.01","271","858","29.01","1.3","70.5","56.8","70.5","session"
"2025-10-17 10:26:58 AM","70.6","61.5","61.0","29.01","271","858","29.01","0.9","70.5","56.5","70.5","session"
"2025-10-17 10:27:03 AM","70.7","61.7","60.5","29.01","271","861","29.01","0.8","70.9","56.4","70.7","session"
"2025-10-17 10:27:08 AM","70.8","61.5","60.3","29.01","271","858","29.01","0.9","70.9","56.4","70.7","session"
"2025-10-17 10:27:13 AM","70.5","61.3","60.5","29.01","270","861","29.01","1.0","70.3","56.2","70.3","session"
"2025-10-17 10:27:18 AM","70.6","61.9","61.5","29.01","268","858","29.01","1.1","70.5","56.8","70.5","session"
"2025-10-17 10:27:23 AM","70.5","61.7","61.9","29.01","270","858","29.01","2.3","70.3","56.8","70.3","session"
"2025-10-17 10:27:28 AM","70.4","61.7","62.2","29.00","268","865","29.00","1.7","70.3","56.9","70.3","session"
"2025-10-17 10:27:33 AM","70.2","61.5","62.2","29.01","271","858","29.01","1.8","70.0","56.6","70.2","session"
"2025-10-17 10:27:38 AM","70.1","61.5","61.8","29.01","270","861","29.01","1.5","69.8","56.4","70.0","session"
"2025-10-17 10:27:43 AM","70.3","61.5","61.4","29.01","270","861","29.01","1.1","70.0","56.4","70.2","session"
"2025-10-17 10:27:48 AM","70.4","61.7","61.8","29.01","270","858","29.01","2.0","70.3","56.7","70.3","session"
"2025-10-17 10:27:53 AM","70.7","62.1","62.3","29.01","270","858","29.01","1.5","70.9","57.2","70.7","session"
"2025-10-17 10:27:58 AM","70.7","62.2","62.8","29.01","270","858","29.01","1.7","70.5","57.4","70.5","session"
"2025-10-17 10:28:03 AM","70.6","62.2","62.7","29.01","270","858","29.01","1.9","70.5","57.3","70.5","session"
"2025-10-17 10:28:08 AM","70.6","61.9","62.3","29.01","270","858","29.01","2.1","70.5","57.1","70.5","session"
"2025-10-17 10:28:13 AM","70.8","62.1","62.2","29.01","270","855","29.01","1.5","70.9","57.2","70.7","session"
"2025-10-17 10:28:18 AM","70.9","62.2","62.1","29.01","270","855","29.01","1.2","71.1","57.3","70.9","session"
"2025-10-17 10:28:23 AM","70.9","62.1","61.8","29.01","270","855","29.02","1.5","71.1","57.1","70.9","session"
"2025-10-17 10:28:28 AM","71.2","62.2","61.5","29.01","269","853","29.02","1.1","71.2","57.3","71.1","session"
"2025-10-17 10:28:33 AM","71.2","62.2","61.5","29.01","269","853","29.02","0.8","71.1","57.3","71.1","session"
"2025-10-17 10:28:38 AM","71.3","62.4","61.5","29.02","269","853","29.02","0.8","71.4","57.4","71.2","session"
"2025-10-17 10:28:43 AM","71.7","62.6","61.5","29.02","269","850","29.02","0.9","71.6","57.7","71.6","session"
"2025-10-17 10:28:48 AM","71.8","62.8","61.3","29.02","269","853","29.02","0.7","71.8","57.8","71.8","session"
