Device Name,3550FW - 3109168
Device Model,3550FW
Serial Number,3109168
FORMATTED DATE_TIME,Temperature,Wet Bulb Temp,Relative Humidity,Barometric Pressure,Altitude,Station Pressure,Wind Speed,Heat Index,Dew Point,Compass Magnetic Direction,Wind Chill,Data Type,Record name,Start time,Duration (H:M:S),Location description,Location address,Location coordinates,Notes
yyyy-MM-dd hh:mm:ss a,°F,°F,%,inHg,ft,inHg,mph,°F,°F,Deg,°F
2025-10-03 05:51:15 PM,78.8,63.7,44.2,29.21,675,29.21,0.8,77.2,55.1,282,78.6,session,"Session - Oct 3, 2025 5:51:11 PM",2025-10-03 05:51:11 PM 5:51:11 PM,01:09:48,,,,Enter Notes
2025-10-03 05:51:20 PM,79.0,64.0,44.5,29.21,673,29.21,1.1,77.7,55.5,282,79.0,session,"Session - Oct 3, 2025 5:51:11 PM",2025-10-03 05:51:11 PM 5:51:11 PM,01:09:48,,,,Enter Notes
2025-10-03 05:51:25 PM,79.1,64.0,44.5,29.21,675,29.21,1.0,77.7,55.7,282,79.0,session,"Session - Oct 3, 2025 5:51:11 PM",2025-10-03 05:51:11 PM 5:51:11 PM,01:09:48,,,,Enter Notes
2025-10-03 05:51:30 PM,79.2,64.2,44.5,29.21,675,29.21,1.0,77.9,55.8,281,79.2,session,"Session - Oct 3, 2025 5:51:11 PM",2025-10-03 05:51:11 PM 5:51:11 PM,01:09:48,,,,Enter Notes
2025-10-03 05:51:35 PM,79.3,64.2,44.5,29.21,673,29.21,0.0,77.9,55.8,281,79.2,session,"Session - Oct 3, 2025 5:51:11 PM",2025-10-03 05:51:11 PM 5:51:11 PM,01:09:48,,,,Enter Notes
2025-10-03 05:51:40 PM,79.4,64.4,44.6,29.21,675,29.21,0.0,78.1,56.0,281,79.3,session,"Session - Oct 3, 2025 5:51:11 PM",2025-10-03 05:51:11 PM 5:51:11 PM,01:09:48,,,,Enter Notes
2025-10-03 05:51:45 PM,79.3,64.4,44.6,29.21,675,29.21,0.0,77.9,55.9,281,79.2,session,"Session - Oct 3, 2025 5:51:11 PM",2025-10-03 05:51:11 PM 5:51:11 PM,01:09:48,,,,Enter Notes
2025-10-03 05:51:50 PM,79.5,64.4,44.6,29.21,675,29.21,1.1,78.1,56.0,281,79.3,session,"Session - Oct 3, 2025 5:51:11 PM",2025-10-03 05:51:11 PM 5:51:11 PM,01:09:48,,,,Enter Notes
2025-10-03 05:51:55 PM,79.1,64.0,44.4,29.21,673,29.21,1.1,77.7,55.6,281,79.0,session,"Session - Oct 3, 2025 5:51:11 PM",2025-10-03 05:51:11 PM 5:51:11 PM,01:09:48,,,,Enter Notes
2025-10-03 05:52:00 PM,79.1,63.9,44.1,29.21,675,29.21,1.3,77.7,55.4,281,79.0,session,"Session - Oct 3, 2025 5:51:11 PM",2025-10-03 05:51:11 PM 5:51:11 PM,01:09:48,,,,Enter Notes
2025-10-03 05:52:05 PM,79.0,63.7,44.0,29.21,675,29.21,0.8,77.7,55.2,281,79.0,session,"Session - Oct 3, 2025 5:51:11 PM",2025-10-03 05:51:11 PM 5:51:11 PM,01:09:48,,,,Enter Notes
2025-10-03 05:52:10 PM,79.1,63.9,43.9,29.21,675,29.21,0.8,77.5,55.3,281,79.0,session,"Session - Oct 3, 2025 5:51:11 PM",2025-10-03 05:51:11 PM 5:51:11 PM,01:09:48,,,,Enter Notes
2025-10-03 05:52:15 PM,79.0,63.7,44.0,29.21,675,29.21,0.9,77.5,55.2,281,79.0,session,"Session - Oct 3, 2025 5:51:11 PM",2025-10-03 05:51:11 PM 5:51:11 PM,01:09:48,,,,Enter Notes
2025-10-03 05:52:20 PM,79.1,63.9,44.0,29.21,673,29.21,0.9,77.5,55.3,282,79.0,session,"Session - Oct 3, 2025 5:51:11 PM",2025-10-03 05:51:11 PM 5:51:11 PM,01:09:48,,,,Enter Notes
2025-10-03 05:52:25 PM,79.0,63.7,44.0,29.21,673,29.21,0.9,77.4,55.2,282,78.8,session,"Session - Oct 3, 2025 5:51:11 PM",2025-10-03 05:51:11 PM 5:51:11 PM,01:09:48,,,,Enter Notes
2025-10-03 05:52:30 PM,78.7,63.5,43.9,29.21,675,29.21,0.0,77.2,54.9,282,78.6,session,"Session - Oct 3, 2025 5:51:11 PM",2025-10-03 05:51:11 PM 5:51:11 PM,01:09:48,,,,Enter Notes
2025-10-03 05:52:35 PM,78.5,63.3,43.9,29.21,675,29.21,0.0,77.0,54.8,282,78.4,session,"Session - Oct 3, 2025 5:51:11 PM",2025-10-03 05:51:11 PM 5:51:11 PM,01:09:48,,,,Enter Notes
2025-10-03 05:52:40 PM,78.3,63.1,43.9,29.21,675,29.21,0.9,76.6,54.5,281,78.3,session,"Session - Oct 3, 2025 5:51:11 PM",2025-10-03 05:51:11 PM 5:51:11 PM,01:09:48,,,,Enter Notes
2025-10-03 05:52:45 PM,78.2,63.1,43.9,29.21,675,29.21,0.9,76.5,54.5,281,78.1,session,"Session - Oct 3, 2025 5:51:11 PM",2025-10-03 05:51:11 PM 5:51:11 PM,01:09:48,,,,Enter Notes
2025-10-03 05:52:50 PM,78.0,63.0,44.0,29.21,673,29.21,0.9,76.3,54.4,281,77.9,session,"Session - Oct 3, 2025 5:51:11 PM",2025-10-03 05:51:11 PM 5:51:11 PM,01:09:48,,,,Enter Notes
2025-10-03 05:52:55 PM,78.1,63.1,44.0,29.21,675,29.21,0.9,76.5,54.4,281,78.1,session,"Session - Oct 3, 2025 5:51:11 PM",2025-10-03 05:51:11 PM 5:51:11 PM,01:09:48,,,,Enter Notes
2025-10-03 05:53:00 PM,78.2,63.1,44.1,29.21,673,29.21,0.0,76.5,54.5,281,78.1,session,"Session - Oct 3, 2025 5:51:11 PM",2025-10-03 05:51:11 PM 5:51:11 PM,01:09:48,,,,Enter Notes
2025-10-03 05:53:05 PM,78.3,63.3,44.2,29.21,675,29.21,0.7,76.8,54.7,281,78.3,session,"Session - Oct 3, 2025 5:51:11 PM",2025-10-03 05:51:11 PM 5:51:11 PM,01:09:48,,,,Enter Notes
2025-10-03 05:53:10 PM,78.2,63.3,44.5,29.21,673,29.21,0.9,76.5,54.8,281,78.1,session,"Session - Oct 3, 2025 5:51:11 PM",2025-10-03 05:51:11 PM 5:51:11 PM,01:09:48,,,,Enter Notes
2025-10-03 05:53:15 PM,78.3,63.5,44.7,29.21,673,29.21,0.0,76.8,55.1,281,78.3,session,"Session - Oct 3, 2025 5:51:11 PM",2025-10-03 05:51:11 PM 5:51:11 PM,01:09:48,,,,Enter Notes
2025-10-03 05:53:20 PM,78.4,63.7,44.8,29.21,678,29.21,1.0,77.0,55.2,281,78.4,session,"Session - Oct 3, 2025 5:51:11 PM",2025-10-03 05:51:11 PM 5:51:11 PM,01:09:48,,,,Enter Notes
2025-10-03 05:53:25 PM,78.5,63.9,44.9,29.21,673,29.21,0.0,77.0,55.4,281,78.4,session,"Session - Oct 3, 2025 5:51:11 PM",2025-10-03 05:51:11 PM 5:51:11 PM,01:09:48,,,,Enter Notes
2025-10-03 05:53:30 PM,78.6,63.9,45.1,29.21,675,29.21,0.8,77.2,55.5,281,78.4,session,"Session - Oct 3, 2025 5:51:11 PM",2025-10-03 05:51:11 PM 5:51:11 PM,01:09:48,,,,Enter Notes
2025-10-03 05:53:35 PM,78.5,63.9,45.2,29.21,675,29.21,0.8,77.2,55.5,281,78.4,session,"Session - Oct 3, 2025 5:51:11 PM",2025-10-03 05:51:11 PM 5:51:11 PM,01:09:48,,,,Enter Notes
2025-10-03 05:53:40 PM,78.5,63.9,45.2,29.21,673,29.21,1.0,77.2,55.5,281,78.4,session,"Session - Oct 3, 2025 5:51:11 PM",2025-10-03 05:51:11 PM 5:51:11 PM,01:09:48,,,,Enter Notes
2025-10-03 05:53:45 PM,78.5,63.9,45.1,29.21,675,29.21,0.9,77.2,55.5,281,78.4,session,"Session - Oct 3, 2025 5:51:11 PM",2025-10-03 05:51:11 PM 5:51:11 PM,01:09:48,,,,Enter Notes
2025-10-03 05:53:50 PM,78.5,63.7,45.0,29.21,673,29.21,0.9,77.2,55.4,281,78.4,session,"Session - Oct 3, 2025 5:51:11 PM",2025-10-03 05:51:11 PM 5:51:11 PM,01:09:48,,,,Enter Notes
2025-10-03 05:53:55 PM,78.5,63.9,45.0,29.21,673,29.21,1.0,77.0,55.4,281,78.4,session,"Session - Oct 3, 2025 5:51:11 PM",2025-10-03 05:51:11 PM 5:51:11 PM,01:09:48,,,,Enter Notes
2025-10-03 05:54:00 PM,78.7,63.9,45.0,29.21,675,29.21,0.0,77.4,55.5,281,78.6,session,"Session - Oct 3, 2025 5:51:11 PM",2025-10-03 05:51:11 PM 5:51:11 PM,01:09:48,,,,Enter Notes
2025-10-03 05:54:05 PM,78.6,63.9,45.1,29.21,675,29.21,0.0,77.2,55.5,281,78.4,session,"Session - Oct 3, 2025 5:51:11 PM",2025-10-03 05:51:11 PM 5:51:11 PM,01:09:48,,,,Enter Notes
2025-10-03 05:54:10 PM,78.9,64.0,45.1,29.21,675,29.21,0.9,77.5,55.8,282,78.8,session,"Session - Oct 3, 2025 5:51:11 PM",2025-10-03 05:51:11 PM 5:51:11 PM,01:09:48,,,,Enter Notes
2025-10-03 05:54:15 PM,79.0,64.2,45.2,29.21,675,29.21,0.0,77.5,55.9,282,78.8,session,"Session - Oct 3, 2025 5:51:11 PM",2025-10-03 05:51:11 PM 5:51:11 PM,01:09:48,,,,Enter Notes
2025-10-03 05:54:20 PM,79.0,64.2,45.2,29.21,673,29.21,0.0,77.5,56.0,281,79.0,session,"Session - Oct 3, 2025 5:51:11 PM",2025-10-03 05:51:11 PM 5:51:11 PM,01:09:48,,,,Enter Notes
2025-10-03 05:54:25 PM,78.9,64.2,45.1,29.21,673,29.21,0.0,77.5,55.9,281,78.8,session,"Session - Oct 3, 2025 5:51:11 PM",2025-10-03 05:51:11 PM 5:51:11 PM,01:09:48,,,,Enter Notes
2025-10-03 05:54:30 PM,79.0,64.0,45.0,29.21,673,29.21,1.0,77.4,55.8,282,79.0,session,"Session - Oct 3, 2025 5:51:11 PM",2025-10-03 05:51:11 PM 5:51:11 PM,01:09:48,,,,Enter Notes
2025-10-03 05:54:35 PM,78.9,64.0,44.9,29.21,670,29.21,0.9,77.4,55.7,282,78.8,session,"Session - Oct 3, 2025 5:51:11 PM",2025-10-03 05:51:11 PM 5:51:11 PM,01:09:48,,,,Enter Notes
2025-10-03 05:54:40 PM,78.8,63.9,44.9,29.21,670,29.21,0.0,77.4,55.6,282,78.8,session,"Session - Oct 3, 2025 5:51:11 PM",2025-10-03 05:51:11 PM 5:51:11 PM,01:09:48,,,,Enter Notes
2025-10-03 05:54:45 PM,78.8,63.9,44.8,29.21,670,29.21,0.9,77.4,55.6,282,78.8,session,"Session - Oct 3, 2025 5:51:11 PM",2025-10-03 05:51:11 PM 5:51:11 PM,01:09:48,,,,Enter Notes
2025-10-03 05:54:50 PM,78.7,63.9,44.7,29.21,666,29.21,0.8,77.2,55.3,282,78.6,session,"Session - Oct 3, 2025 5:51:11 PM",2025-10-03 05:51:11 PM 5:51:11 PM,01:09:48,,,,Enter Notes
2025-10-03 05:54:55 PM,78.5,63.7,44.6,29.21,666,29.21,0.9,77.0,55.1,282,78.4,session,"Session - Oct 3, 2025 5:51:11 PM",2025-10-03 05:51:11 PM 5:51:11 PM,01:09:48,,,,Enter Notes
2025-10-03 05:55:00 PM,78.2,63.3,44.5,29.21,666,29.21,1.0,76.5,54.8,282,78.1,session,"Session - Oct 3, 2025 5:51:11 PM",2025-10-03 05:51:11 PM 5:51:11 PM,01:09:48,,,,Enter Notes
2025-10-03 05:55:05 PM,78.0,63.1,44.4,29.21,666,29.21,0.9,76.3,54.6,282,77.9,session,"Session - Oct 3, 2025 5:51:11 PM",2025-10-03 05:51:11 PM 5:51:11 PM,01:09:48,,,,Enter Notes
2025-10-03 05:55:10 PM,78.0,63.1,44.4,29.21,670,29.21,1.1,76.3,54.6,282,77.9,session,"Session - Oct 3, 2025 5:51:11 PM",2025-10-03 05:51:11 PM 5:51:11 PM,01:09:48,,,,Enter Notes
2025-10-03 05:55:15 PM,78.0,63.0,44.4,29.21,666,29.21,0.9,76.3,54.6,282,77.9,session,"Session - Oct 3, 2025 5:51:11 PM",2025-10-03 05:51:11 PM 5:51:11 PM,01:09:48,,,,Enter Notes
2025-10-03 05:55:20 PM,77.8,63.0,44.6,29.21,670,29.21,1.0,76.1,54.5,282,77.7,session,"Session - Oct 3, 2025 5:51:11 PM",2025-10-03 05:51:11 PM 5:51:11 PM,01:09:48,,,,Enter Notes
2025-10-03 05:55:25 PM,77.8,63.1,44.7,29.21,670,29.21,0.0,76.1,54.6,282,77.7,session,"Session - Oct 3, 2025 5:51:11 PM",2025-10-03 05:51:11 PM 5:51:11 PM,01:09:48,,,,Enter Notes
2025-10-03 05:55:30 PM,77.8,63.1,44.8,29.21,673,29.21,0.0,76.1,54.7,282,77.7,session,"Session - Oct 3, 2025 5:51:11 PM",2025-10-03 05:51:11 PM 5:51:11 PM,01:09:48,,,,Enter Notes
2025-10-03 05:55:35 PM,77.9,63.1,44.9,29.21,675,29.21,0.0,76.1,54.8,282,77.7,session,"Session - Oct 3, 2025 5:51:11 PM",2025-10-03 05:51:11 PM 5:51:11 PM,01:09:48,,,,Enter Notes
2025-10-03 05:55:40 PM,77.7,63.0,45.0,29.21,675,29.21,0.0,76.1,54.7,282,77.5,session,"Session - Oct 3, 2025 5:51:11 PM",2025-10-03 05:51:11 PM 5:51:11 PM,01:09:48,,,,Enter Notes
2025-10-03 05:55:45 PM,77.7,63.1,45.3,29.21,678,29.21,0.0,76.3,54.8,282,77.7,session,"Session - Oct 3, 2025 5:51:11 PM",2025-10-03 05:51:11 PM 5:51:11 PM,01:09:48,,,,Enter Notes
2025-10-03 05:55:50 PM,77.6,63.1,45.6,29.21,678,29.21,0.0,76.1,54.9,282,77.5,session,"Session - Oct 3, 2025 5:51:11 PM",2025-10-03 05:51:11 PM 5:51:11 PM,01:09:48,,,,Enter Notes
2025-10-03 05:55:55 PM,77.5,63.1,45.7,29.20,681,29.20,1.0,75.9,55.0,282,77.5,session,"Session - Oct 3, 2025 5:51:11 PM",2025-10-03 05:51:11 PM 5:51:11 PM,01:09:48,,,,Enter Notes
2025-10-03 05:56:00 PM,77.6,63.3,45.8,29.20,681,29.20,0.0,76.1,55.1,282,77.5,session,"Session - Oct 3, 2025 5:51:11 PM",2025-10-03 05:51:11 PM 5:51:11 PM,01:09:48,,,,Enter Notes
2025-10-03 05:56:05 PM,77.4,63.1,45.7,29.20,683,29.20,0.9,75.9,54.8,282,77.4,session,"Session - Oct 3, 2025 5:51:11 PM",2025-10-03 05:51:11 PM 5:51:11 PM,01:09:48,,,,Enter Notes
2025-10-03 05:56:10 PM,77.6,63.1,45.6,29.20,686,29.20,0.9,76.1,55.0,282,77.5,session,"Session - Oct 3, 2025 5:51:11 PM",2025-10-03 05:51:11 PM 5:51:11 PM,01:09:48,,,,Enter Notes
2025-10-03 05:56:15 PM,77.6,63.1,45.5,29.20,683,29.20,0.9,76.1,54.9,282,77.5,session,"Session - Oct 3, 2025 5:51:11 PM",2025-10-03 05:51:11 PM 5:51:11 PM,01:09:48,,,,Enter Notes
2025-10-03 05:56:20 PM,77.6,63.1,45.5,29.19,686,29.19,1.0,76.1,54.8,282,77.5,session,"Session - Oct 3, 2025 5:51:11 PM",2025-10-03 05:51:11 PM 5:51:11 PM,01:09:48,,,,Enter Notes
2025-10-03 05:56:25 PM,77.5,63.1,45.5,29.19,689,29.19,0.0,75.9,54.8,282,77.4,session,"Session - Oct 3, 2025 5:51:11 PM",2025-10-03 05:51:11 PM 5:51:11 PM,01:09:48,,,,Enter Notes
2025-10-03 05:56:30 PM,77.8,63.3,45.6,29.19,689,29.19,0.0,76.3,55.1,282,77.7,session,"Session - Oct 3, 2025 5:51:11 PM",2025-10-03 05:51:11 PM 5:51:11 PM,01:09:48,,,,Enter Notes
2025-10-03 05:56:35 PM,77.6,63.3,45.7,29.19,693,29.19,0.9,76.1,55.0,282,77.5,session,"Session - Oct 3, 2025 5:51:11 PM",2025-10-03 05:51:11 PM 5:51:11 PM,01:09:48,,,,Enter Notes
2025-10-03 05:56:40 PM,77.7,63.3,45.7,29.19,694,29.19,0.0,76.1,55.1,282,77.5,session,"Session - Oct 3, 2025 5:51:11 PM",2025-10-03 05:51:11 PM 5:51:11 PM,01:09:48,,,,Enter Notes
2025-10-03 05:56:45 PM,77.8,63.5,45.7,29.18,694,29.19,0.0,76.3,55.2,282,77.7,session,"Session - Oct 3, 2025 5:51:11 PM",2025-10-03 05:51:11 PM 5:51:11 PM,01:09:48,,,,Enter Notes
2025-10-03 05:56:50 PM,77.8,63.3,45.8,29.18,694,29.18,0.0,76.3,55.2,282,77.7,session,"Session - Oct 3, 2025 5:51:11 PM",2025-10-03 05:51:11 PM 5:51:11 PM,01:09:48,,,,Enter Notes
2025-10-03 05:56:55 PM,77.7,63.3,45.9,29.18,694,29.18,0.0,76.3,55.3,281,77.7,session,"Session - Oct 3, 2025 5:51:11 PM",2025-10-03 05:51:11 PM 5:51:11 PM,01:09:48,,,,Enter Notes
2025-10-03 05:57:00 PM,77.8,63.5,46.0,29.18,698,29.18,1.0,76.3,55.4,281,77.7,session,"Session - Oct 3, 2025 5:51:11 PM",2025-10-03 05:51:11 PM 5:51:11 PM,01:09:48,,,,Enter Notes
2025-10-03 05:57:05 PM,77.8,63.5,46.0,29.18,698,29.18,0.0,76.3,55.4,281,77.7,session,"Session - Oct 3, 2025 5:51:11 PM",2025-10-03 05:51:11 PM 5:51:11 PM,01:09:48,,,,Enter Notes
2025-10-03 05:57:10 PM,77.8,63.5,46.0,29.18,698,29.18,0.0,76.3,55.4,281,77.7,session,"Session - Oct 3, 2025 5:51:11 PM",2025-10-03 05:51:11 PM 5:51:11 PM,01:09:48,,,,Enter Notes
2025-10-03 05:57:15 PM,77.9,63.5,45.9,29.18,698,29.18,0.0,76.6,55.4,281,77.9,session,"Session - Oct 3, 2025 5:51:11 PM",2025-10-03 05:51:11 PM 5:51:11 PM,01:09:48,,,,Enter Notes
2025-10-03 05:57:20 PM,78.1,63.7,45.9,29.18,694,29.18,0.8,76.6,55.6,281,78.1,session,"Session - Oct 3, 2025 5:51:11 PM",2025-10-03 05:51:11 PM 5:51:11 PM,01:09:48,,,,Enter Notes
2025-10-03 05:57:25 PM,78.3,63.9,45.8,29.18,694,29.18,0.9,77.0,55.7,281,78.3,session,"Session - Oct 3, 2025 5:51:11 PM",2025-10-03 05:51:11 PM 5:51:11 PM,01:09:48,,,,Enter Notes
2025-10-03 05:57:30 PM,78.5,64.0,45.8,29.18,694,29.18,1.0,77.2,55.9,281,78.4,session,"Session - Oct 3, 2025 5:51:11 PM",2025-10-03 05:51:11 PM 5:51:11 PM,01:09:48,,,,Enter Notes
2025-10-03 05:57:35 PM,78.6,64.0,45.7,29.18,694,29.19,0.9,77.4,55.9,281,78.6,session,"Session - Oct 3, 2025 5:51:11 PM",2025-10-03 05:51:11 PM 5:51:11 PM,01:09:48,,,,Enter Notes
2025-10-03 05:57:40 PM,78.8,64.2,45.6,29.18,694,29.18,0.9,77.4,56.0,281,78.6,session,"Session - Oct 3, 2025 5:51:11 PM",2025-10-03 05:51:11 PM 5:51:11 PM,01:09:48,,,,Enter Notes
2025-10-03 05:57:45 PM,78.9,64.2,45.5,29.18,694,29.18,0.9,77.5,56.1,281,78.8,session,"Session - Oct 3, 2025 5:51:11 PM",2025-10-03 05:51:11 PM 5:51:11 PM,01:09:48,,,,Enter Notes
2025-10-03 05:57:50 PM,78.8,64.0,45.4,29.18,694,29.18,0.0,77.5,55.9,281,78.8,session,"Session - Oct 3, 2025 5:51:11 PM",2025-10-03 05:51:11 PM 5:51:11 PM,01:09:48,,,,Enter Notes
2025-10-03 05:57:55 PM,78.9,64.2,45.3,29.18,698,29.18,1.0,77.5,56.0,281,78.8,session,"Session - Oct 3, 2025 5:51:11 PM",2025-10-03 05:51:11 PM 5:51:11 PM,01:09:48,,,,Enter Notes
2025-10-03 05:58:00 PM,79.0,64.2,45.1,29.18,698,29.18,0.9,77.5,55.9,281,79.0,session,"Session - Oct 3, 2025 5:51:11 PM",2025-10-03 05:51:11 PM 5:51:11 PM,01:09:48,,,,Enter Notes
2025-10-03 05:58:05 PM,79.0,64.2,45.0,29.18,694,29.18,0.0,77.7,55.9,281,79.0,session,"Session - Oct 3, 2025 5:51:11 PM",2025-10-03 05:51:11 PM 5:51:11 PM,01:09:48,,,,Enter Notes
2025-10-03 05:58:10 PM,79.0,64.0,44.8,29.18,694,29.19,0.9,77.4,55.7,281,79.0,session,"Session - Oct 3, 2025 5:51:11 PM",2025-10-03 05:51:11 PM 5:51:11 PM,01:09:48,,,,Enter Notes
2025-10-03 05:58:15 PM,78.9,64.0,44.8,29.18,694,29.18,0.8,77.4,55.6,281,78.8,session,"Session - Oct 3, 2025 5:51:11 PM",2025-10-03 05:51:11 PM 5:51:11 PM,01:09:48,,,,Enter Notes
2025-10-03 05:58:20 PM,78.7,63.9,44.7,29.18,694,29.18,1.0,77.2,55.4,281,78.6,session,"Session - Oct 3, 2025 5:51:11 PM",2025-10-03 05:51:11 PM 5:51:11 PM,01:09:48,,,,Enter Notes
2025-10-03 05:58:25 PM,78.7,63.9,44.6,29.18,698,29.18,0.9,77.2,55.4,281,78.6,session,"Session - Oct 3, 2025 5:51:11 PM",2025-10-03 05:51:11 PM 5:51:11 PM,01:09:48,,,,Enter Notes
2025-10-03 05:58:30 PM,78.7,63.9,44.6,29.18,698,29.18,0.0,77.2,55.3,281,78.6,session,"Session - Oct 3, 2025 5:51:11 PM",2025-10-03 05:51:11 PM 5:51:11 PM,01:09:48,,,,Enter Notes
2025-10-03 05:58:35 PM,78.8,63.9,44.6,29.18,698,29.18,0.0,77.2,55.4,281,78.6,session,"Session - Oct 3, 2025 5:51:11 PM",2025-10-03 05:51:11 PM 5:51:11 PM,01:09:48,,,,Enter Notes
2025-10-03 05:58:40 PM,78.7,63.9,44.7,29.18,698,29.18,0.0,77.2,55.4,281,78.6,session,"Session - Oct 3, 2025 5:51:11 PM",2025-10-03 05:51:11 PM 5:51:11 PM,01:09:48,,,,Enter Notes
2025-10-03 05:58:45 PM,79.0,64.0,44.8,29.18,701,29.18,0.8,77.7,55.7,281,79.0,session,"Session - Oct 3, 2025 5:51:11 PM",2025-10-03 05:51:11 PM 5:51:11 PM,01:09:48,,,,Enter Notes
2025-10-03 05:58:50 PM,79.0,64.0,44.8,29.18,698,29.18,0.0,77.7,55.7,281,79.0,session,"Session - Oct 3, 2025 5:51:11 PM",2025-10-03 05:51:11 PM 5:51:11 PM,01:09:48,,,,Enter Notes
2025-10-03 05:58:55 PM,79.0,64.0,44.7,29.18,698,29.18,0.9,77.7,55.7,281,79.0,session,"Session - Oct 3, 2025 5:51:11 PM",2025-10-03 05:51:11 PM 5:51:11 PM,01:09:48,,,,Enter Notes
2025-10-03 05:59:00 PM,79.1,64.2,44.6,29.18,698,29.18,0.0,77.7,55.7,281,79.0,session,"Session - Oct 3, 2025 5:51:11 PM",2025-10-03 05:51:11 PM 5:51:11 PM,01:09:48,,,,Enter Notes
2025-10-03 05:59:05 PM,79.0,64.0,44.6,29.18,698,29.18,0.0,77.7,55.6,281,79.0,session,"Session - Oct 3, 2025 5:51:11 PM",2025-10-03 05:51:11 PM 5:51:11 PM,01:09:48,,,,Enter Notes
2025-10-03 05:59:10 PM,79.1,64.2,44.6,29.18,698,29.18,0.0,77.7,55.7,281,79.0,session,"Session - Oct 3, 2025 5:51:11 PM",2025-10-03 05:51:11 PM 5:51:11 PM,01:09:48,,,,Enter Notes
2025-10-03 05:59:15 PM,79.2,64.2,44.6,29.18,698,29.18,0.0,77.9,55.8,281,79.2,session,"Session - Oct 3, 2025 5:51:11 PM",2025-10-03 05:51:11 PM 5:51:11 PM,01:09:48,,,,Enter Notes
2025-10-03 05:59:20 PM,79.2,64.2,44.6,29.18,701,29.18,0.9,77.9,55.8,281,79.2,session,"Session - Oct 3, 2025 5:51:11 PM",2025-10-03 05:51:11 PM 5:51:11 PM,01:09:48,,,,Enter Notes
2025-10-03 05:59:25 PM,79.3,64.4,44.6,29.18,701,29.18,0.8,77.9,55.9,281,79.2,session,"Session - Oct 3, 2025 5:51:11 PM",2025-10-03 05:51:11 PM 5:51:11 PM,01:09:48,,,,Enter Notes
2025-10-03 05:59:30 PM,79.4,64.4,44.6,29.18,701,29.18,0.0,78.1,56.0,281,79.3,session,"Session - Oct 3, 2025 5:51:11 PM",2025-10-03 05:51:11 PM 5:51:11 PM,01:09:48,,,,Enter Notes
2025-10-03 05:59:35 PM,79.6,64.6,44.7,29.18,698,29.18,0.0,78.3,56.2,281,79.5,session,"Session - Oct 3, 2025 5:51:11 PM",2025-10-03 05:51:11 PM 5:51:11 PM,01:09:48,,,,Enter Notes
2025-10-03 05:59:40 PM,79.8,64.8,44.8,29.18,698,29.18,0.0,78.4,56.4,281,79.7,session,"Session - Oct 3, 2025 5:51:11 PM",2025-10-03 05:51:11 PM 5:51:11 PM,01:09:48,,,,Enter Notes
2025-10-03 05:59:45 PM,79.9,64.8,44.8,29.18,701,29.18,0.0,78.8,56.6,281,79.9,session,"Session - Oct 3, 2025 5:51:11 PM",2025-10-03 05:51:11 PM 5:51:11 PM,01:09:48,,,,Enter Notes
2025-10-03 05:59:50 PM,80.0,64.9,44.9,29.18,703,29.18,0.0,78.8,56.7,281,79.9,session,"Session - Oct 3, 2025 5:51:11 PM",2025-10-03 05:51:11 PM 5:51:11 PM,01:09:48,,,,Enter Notes
2025-10-03 05:59:55 PM,80.1,64.9,44.8,29.18,701,29.18,0.0,79.0,56.7,281,80.1,session,"Session - Oct 3, 2025 5:51:11 PM",2025-10-03 05:51:11 PM 5:51:11 PM,01:09:48,,,,Enter Notes
2025-10-03 06:00:00 PM,80.2,64.9,44.6,29.18,703,29.18,0.0,79.0,56.7,281,80.1,session,"Session - Oct 3, 2025 5:51:11 PM",2025-10-03 05:51:11 PM 5:51:11 PM,01:09:48,,,,Enter Notes
2025-10-03 06:00:05 PM,80.2,64.9,44.5,29.18,703,29.18,1.0,79.0,56.6,281,80.1,session,"Session - Oct 3, 2025 5:51:11 PM",2025-10-03 05:51:11 PM 5:51:11 PM,01:09:48,,,,Enter Notes
2025-10-03 06:00:10 PM,80.3,64.9,44.5,29.18,701,29.18,0.0,79.2,56.7,281,80.2,session,"Session - Oct 3, 2025 5:51:11 PM",2025-10-03 05:51:11 PM 5:51:11 PM,01:09:48,,,,Enter Notes
2025-10-03 06:00:15 PM,80.4,65.1,44.4,29.18,703,29.18,0.0,79.2,56.8,281,80.4,session,"Session - Oct 3, 2025 5:51:11 PM",2025-10-03 05:51:11 PM 5:51:11 PM,01:09:48,,,,Enter Notes
2025-10-03 06:00:20 PM,80.5,65.1,44.3,29.18,703,29.18,0.9,79.3,56.8,281,80.4,session,"Session - Oct 3, 2025 5:51:11 PM",2025-10-03 05:51:11 PM 5:51:11 PM,01:09:48,,,,Enter Notes
2025-10-03 06:00:25 PM,80.6,65.1,44.2,29.18,703,29.18,0.0,79.7,56.8,281,80.6,session,"Session - Oct 3, 2025 5:51:11 PM",2025-10-03 05:51:11 PM 5:51:11 PM,01:09:48,,,,Enter Notes
2025-10-03 06:00:30 PM,80.5,64.9,44.0,29.18,703,29.18,1.0,79.3,56.5,281,80.4,session,"Session - Oct 3, 2025 5:51:11 PM",2025-10-03 05:51:11 PM 5:51:11 PM,01:09:48,,,,Enter Notes
2025-10-03 06:00:35 PM,80.0,64.6,43.7,29.18,706,29.18,0.0,78.6,56.0,281,79.9,session,"Session - Oct 3, 2025 5:51:11 PM",2025-10-03 05:51:11 PM 5:51:11 PM,01:09:48,,,,Enter Notes
2025-10-03 06:00:40 PM,80.0,64.4,43.5,29.17,706,29.17,0.0,78.6,55.8,281,79.9,session,"Session - Oct 3, 2025 5:51:11 PM",2025-10-03 05:51:11 PM 5:51:11 PM,01:09:48,,,,Enter Notes
2025-10-03 06:00:45 PM,80.1,64.6,43.4,29.17,706,29.17,0.9,78.8,55.9,280,80.1,session,"Session - Oct 3, 2025 5:51:11 PM",2025-10-03 05:51:11 PM 5:51:11 PM,01:09:48,,,,Enter Notes
2025-10-03 06:00:50 PM,80.4,64.8,43.4,29.17,706,29.17,0.7,79.0,56.1,281,80.2,session,"Session - Oct 3, 2025 5:51:11 PM",2025-10-03 05:51:11 PM 5:51:11 PM,01:09:48,,,,Enter Notes
2025-10-03 06:00:55 PM,80.4,64.8,43.3,29.17,706,29.17,0.8,79.0,56.0,281,80.2,session,"Session - Oct 3, 2025 5:51:11 PM",2025-10-03 05:51:11 PM 5:51:11 PM,01:09:48,,,,Enter Notes
2025-10-03 06:01:00 PM,80.2,64.4,43.2,29.18,706,29.18,0.9,78.8,55.8,281,80.1,session,"Session - Oct 3, 2025 5:51:11 PM",2025-10-03 05:51:11 PM 5:51:11 PM,01:09:48,,,,Enter Notes
2025-10-03 06:01:05 PM,80.2,64.4,43.1,29.18,706,29.18,0.0,78.8,55.7,282,80.1,session,"Session - Oct 3, 2025 5:51:11 PM",2025-10-03 05:51:11 PM 5:51:11 PM,01:09:48,,,,Enter Notes
2025-10-03 06:01:10 PM,80.2,64.4,43.1,29.17,706,29.17,0.0,78.8,55.7,281,80.1,session,"Session - Oct 3, 2025 5:51:11 PM",2025-10-03 05:51:11 PM 5:51:11 PM,01:09:48,,,,Enter Notes
2025-10-03 06:01:15 PM,80.1,64.4,43.1,29.18,706,29.18,0.0,78.8,55.6,281,80.1,session,"Session - Oct 3, 2025 5:51:11 PM",2025-10-03 05:51:11 PM 5:51:11 PM,01:09:48,,,,Enter Notes
2025-10-03 06:01:20 PM,80.0,64.4,43.1,29.17,706,29.17,1.0,78.6,55.6,281,79.9,session,"Session - Oct 3, 2025 5:51:11 PM",2025-10-03 05:51:11 PM 5:51:11 PM,01:09:48,,,,Enter Notes
2025-10-03 06:01:25 PM,79.9,64.2,43.1,29.17,706,29.17,0.9,78.3,55.4,281,79.7,session,"Session - Oct 3, 2025 5:51:11 PM",2025-10-03 05:51:11 PM 5:51:11 PM,01:09:48,,,,Enter Notes
2025-10-03 06:01:30 PM,79.7,64.0,43.0,29.17,706,29.17,0.9,78.1,55.2,281,79.5,session,"Session - Oct 3, 2025 5:51:11 PM",2025-10-03 05:51:11 PM 5:51:11 PM,01:09:48,,,,Enter Notes
2025-10-03 06:01:35 PM,79.6,63.9,43.0,29.17,709,29.17,0.8,78.1,55.1,281,79.5,session,"Session - Oct 3, 2025 5:51:11 PM",2025-10-03 05:51:11 PM 5:51:11 PM,01:09:48,,,,Enter Notes
2025-10-03 06:01:40 PM,79.3,63.7,43.0,29.17,709,29.17,0.0,77.5,54.8,281,79.2,session,"Session - Oct 3, 2025 5:51:11 PM",2025-10-03 05:51:11 PM 5:51:11 PM,01:09:48,,,,Enter Notes
2025-10-03 06:01:45 PM,79.3,63.7,43.0,29.17,709,29.17,0.9,77.7,54.9,281,79.2,session,"Session - Oct 3, 2025 5:51:11 PM",2025-10-03 05:51:11 PM 5:51:11 PM,01:09:48,,,,Enter Notes
2025-10-03 06:01:50 PM,79.4,63.9,43.2,29.17,709,29.17,0.8,77.9,55.1,281,79.3,session,"Session - Oct 3, 2025 5:51:11 PM",2025-10-03 05:51:11 PM 5:51:11 PM,01:09:48,,,,Enter Notes
2025-10-03 06:01:55 PM,79.6,64.0,43.4,29.17,709,29.17,0.0,78.1,55.3,281,79.5,session,"Session - Oct 3, 2025 5:51:11 PM",2025-10-03 05:51:11 PM 5:51:11 PM,01:09:48,,,,Enter Notes
2025-10-03 06:02:00 PM,79.6,64.0,43.5,29.17,709,29.17,0.0,78.3,55.4,281,79.5,session,"Session - Oct 3, 2025 5:51:11 PM",2025-10-03 05:51:11 PM 5:51:11 PM,01:09:48,,,,Enter Notes
2025-10-03 06:02:05 PM,79.4,64.0,43.6,29.17,709,29.17,0.8,78.1,55.3,281,79.3,session,"Session - Oct 3, 2025 5:51:11 PM",2025-10-03 05:51:11 PM 5:51:11 PM,01:09:48,,,,Enter Notes
2025-10-03 06:02:10 PM,79.2,63.9,43.7,29.17,710,29.17,0.9,77.7,55.2,281,79.2,session,"Session - Oct 3, 2025 5:51:11 PM",2025-10-03 05:51:11 PM 5:51:11 PM,01:09:48,,,,Enter Notes
2025-10-03 06:02:15 PM,79.0,63.7,43.7,29.17,709,29.17,0.8,77.5,55.1,281,79.0,session,"Session - Oct 3, 2025 5:51:11 PM",2025-10-03 05:51:11 PM 5:51:11 PM,01:09:48,,,,Enter Notes
2025-10-03 06:02:20 PM,78.9,63.7,43.7,29.17,710,29.17,0.9,77.4,55.0,281,78.8,session,"Session - Oct 3, 2025 5:51:11 PM",2025-10-03 05:51:11 PM 5:51:11 PM,01:09:48,,,,Enter Notes
2025-10-03 06:02:25 PM,78.9,63.7,43.7,29.17,710,29.17,1.0,77.4,55.0,281,78.8,session,"Session - Oct 3, 2025 5:51:11 PM",2025-10-03 05:51:11 PM 5:51:11 PM,01:09:48,,,,Enter Notes
2025-10-03 06:02:30 PM,78.9,63.7,43.9,29.17,710,29.17,0.0,77.4,55.0,281,78.8,session,"Session - Oct 3, 2025 5:51:11 PM",2025-10-03 05:51:11 PM 5:51:11 PM,01:09:48,,,,Enter Notes
2025-10-03 06:02:35 PM,78.8,63.7,44.0,29.17,710,29.17,0.0,77.2,55.0,281,78.6,session,"Session - Oct 3, 2025 5:51:11 PM",2025-10-03 05:51:11 PM 5:51:11 PM,01:09:48,,,,Enter Notes
2025-10-03 06:02:40 PM,79.0,63.9,44.2,29.17,710,29.17,0.9,77.4,55.3,281,78.8,session,"Session - Oct 3, 2025 5:51:11 PM",2025-10-03 05:51:11 PM 5:51:11 PM,01:09:48,,,,Enter Notes
2025-10-03 06:02:45 PM,79.2,64.0,44.3,29.17,713,29.17,0.8,77.9,55.6,281,79.2,session,"Session - Oct 3, 2025 5:51:11 PM",2025-10-03 05:51:11 PM 5:51:11 PM,01:09:48,,,,Enter Notes
2025-10-03 06:02:50 PM,78.9,63.9,44.3,29.17,710,29.17,0.0,77.4,55.4,281,78.8,session,"Session - Oct 3, 2025 5:51:11 PM",2025-10-03 05:51:11 PM 5:51:11 PM,01:09:48,,,,Enter Notes
2025-10-03 06:02:55 PM,79.0,63.9,44.3,29.17,710,29.17,0.8,77.7,55.4,281,79.0,session,"Session - Oct 3, 2025 5:51:11 PM",2025-10-03 05:51:11 PM 5:51:11 PM,01:09:48,,,,Enter Notes
2025-10-03 06:03:00 PM,79.1,64.0,44.3,29.17,710,29.17,0.9,77.7,55.5,281,79.0,session,"Session - Oct 3, 2025 5:51:11 PM",2025-10-03 05:51:11 PM 5:51:11 PM,01:09:48,,,,Enter Notes
2025-10-03 06:03:05 PM,79.1,64.0,44.4,29.17,713,29.17,1.0,77.7,55.6,281,79.0,session,"Session - Oct 3, 2025 5:51:11 PM",2025-10-03 05:51:11 PM 5:51:11 PM,01:09:48,,,,Enter Notes
2025-10-03 06:03:10 PM,79.2,64.2,44.6,29.17,710,29.17,0.9,77.9,55.8,281,79.2,session,"Session - Oct 3, 2025 5:51:11 PM",2025-10-03 05:51:11 PM 5:51:11 PM,01:09:48,,,,Enter Notes
2025-10-03 06:03:15 PM,79.2,64.2,44.6,29.17,713,29.17,0.9,77.9,55.8,281,79.2,session,"Session - Oct 3, 2025 5:51:11 PM",2025-10-03 05:51:11 PM 5:51:11 PM,01:09:48,,,,Enter Notes
2025-10-03 06:03:20 PM,79.2,64.4,44.6,29.17,713,29.17,0.9,77.9,55.9,281,79.2,session,"Session - Oct 3, 2025 5:51:11 PM",2025-10-03 05:51:11 PM 5:51:11 PM,01:09:48,,,,Enter Notes
2025-10-03 06:03:25 PM,79.1,64.0,44.6,29.16,713,29.16,0.9,77.7,55.7,281,79.0,session,"Session - Oct 3, 2025 5:51:11 PM",2025-10-03 05:51:11 PM 5:51:11 PM,01:09:48,,,,Enter Notes
2025-10-03 06:03:30 PM,79.0,64.0,44.5,29.17,713,29.17,0.9,77.7,55.6,281,79.0,session,"Session - Oct 3, 2025 5:51:11 PM",2025-10-03 05:51:11 PM 5:51:11 PM,01:09:48,,,,Enter Notes
2025-10-03 06:03:35 PM,79.0,64.0,44.5,29.16,717,29.16,0.9,77.7,55.6,281,79.0,session,"Session - Oct 3, 2025 5:51:11 PM",2025-10-03 05:51:11 PM 5:51:11 PM,01:09:48,,,,Enter Notes
2025-10-03 06:03:40 PM,78.9,63.9,44.4,29.16,717,29.16,0.9,77.4,55.4,281,78.8,session,"Session - Oct 3, 2025 5:51:11 PM",2025-10-03 05:51:11 PM 5:51:11 PM,01:09:48,,,,Enter Notes
2025-10-03 06:03:45 PM,78.9,63.7,44.3,29.16,717,29.16,0.8,77.4,55.3,281,78.8,session,"Session - Oct 3, 2025 5:51:11 PM",2025-10-03 05:51:11 PM 5:51:11 PM,01:09:48,,,,Enter Notes
2025-10-03 06:03:50 PM,78.8,63.7,44.2,29.16,720,29.16,1.0,77.4,55.2,281,78.8,session,"Session - Oct 3, 2025 5:51:11 PM",2025-10-03 05:51:11 PM 5:51:11 PM,01:09:48,,,,Enter Notes
2025-10-03 06:03:55 PM,78.7,63.7,44.2,29.16,720,29.16,0.9,77.2,55.1,281,78.6,session,"Session - Oct 3, 2025 5:51:11 PM",2025-10-03 05:51:11 PM 5:51:11 PM,01:09:48,,,,Enter Notes
2025-10-03 06:04:00 PM,78.6,63.7,44.3,29.16,717,29.16,0.9,77.2,55.1,281,78.6,session,"Session - Oct 3, 2025 5:51:11 PM",2025-10-03 05:51:11 PM 5:51:11 PM,01:09:48,,,,Enter Notes
2025-10-03 06:04:05 PM,78.5,63.5,44.3,29.16,717,29.16,0.9,77.0,55.0,281,78.4,session,"Session - Oct 3, 2025 5:51:11 PM",2025-10-03 05:51:11 PM 5:51:11 PM,01:09:48,,,,Enter Notes
2025-10-03 06:04:10 PM,78.5,63.7,44.3,29.16,720,29.16,0.9,77.0,55.0,281,78.4,session,"Session - Oct 3, 2025 5:51:11 PM",2025-10-03 05:51:11 PM 5:51:11 PM,01:09:48,,,,Enter Notes
2025-10-03 06:04:15 PM,78.5,63.5,44.4,29.16,717,29.16,0.8,77.0,55.0,281,78.4,session,"Session - Oct 3, 2025 5:51:11 PM",2025-10-03 05:51:11 PM 5:51:11 PM,01:09:48,,,,Enter Notes
2025-10-03 06:04:20 PM,78.5,63.5,44.5,29.16,717,29.16,0.9,77.0,55.1,281,78.4,session,"Session - Oct 3, 2025 5:51:11 PM",2025-10-03 05:51:11 PM 5:51:11 PM,01:09:48,,,,Enter Notes
2025-10-03 06:04:25 PM,78.3,63.5,44.6,29.16,717,29.16,1.2,76.8,55.0,281,78.3,session,"Session - Oct 3, 2025 5:51:11 PM",2025-10-03 05:51:11 PM 5:51:11 PM,01:09:48,,,,Enter Notes
2025-10-03 06:04:30 PM,78.4,63.5,44.5,29.16,717,29.16,0.9,76.8,55.0,281,78.3,session,"Session - Oct 3, 2025 5:51:11 PM",2025-10-03 05:51:11 PM 5:51:11 PM,01:09:48,,,,Enter Notes
2025-10-03 06:04:35 PM,78.3,63.5,44.6,29.16,717,29.16,0.8,76.8,55.0,281,78.3,session,"Session - Oct 3, 2025 5:51:11 PM",2025-10-03 05:51:11 PM 5:51:11 PM,01:09:48,,,,Enter Notes
2025-10-03 06:04:40 PM,78.4,63.7,44.7,29.16,717,29.16,1.4,76.8,55.1,281,78.3,session,"Session - Oct 3, 2025 5:51:11 PM",2025-10-03 05:51:11 PM 5:51:11 PM,01:09:48,,,,Enter Notes
2025-10-03 06:04:45 PM,78.5,63.7,44.7,29.16,717,29.16,1.2,77.0,55.2,281,78.4,session,"Session - Oct 3, 2025 5:51:11 PM",2025-10-03 05:51:11 PM 5:51:11 PM,01:09:48,,,,Enter Notes
2025-10-03 06:04:50 PM,78.3,63.5,44.6,29.16,720,29.16,1.3,76.8,55.0,281,78.3,session,"Session - Oct 3, 2025 5:51:11 PM",2025-10-03 05:51:11 PM 5:51:11 PM,01:09:48,,,,Enter Notes
2025-10-03 06:04:55 PM,78.3,63.5,44.6,29.16,720,29.16,0.9,76.8,55.0,281,78.3,session,"Session - Oct 3, 2025 5:51:11 PM",2025-10-03 05:51:11 PM 5:51:11 PM,01:09:48,,,,Enter Notes
2025-10-03 06:05:00 PM,78.0,63.3,44.7,29.16,717,29.16,1.1,76.3,54.8,281,77.9,session,"Session - Oct 3, 2025 5:51:11 PM",2025-10-03 05:51:11 PM 5:51:11 PM,01:09:48,,,,Enter Notes
2025-10-03 06:05:05 PM,78.0,63.1,44.7,29.16,717,29.16,1.5,76.3,54.7,281,77.9,session,"Session - Oct 3, 2025 5:51:11 PM",2025-10-03 05:51:11 PM 5:51:11 PM,01:09:48,,,,Enter Notes
2025-10-03 06:05:10 PM,77.8,63.0,44.6,29.16,720,29.16,1.5,76.1,54.5,281,77.7,session,"Session - Oct 3, 2025 5:51:11 PM",2025-10-03 05:51:11 PM 5:51:11 PM,01:09:48,,,,Enter Notes
2025-10-03 06:05:15 PM,77.8,63.0,44.7,29.16,717,29.16,1.1,76.1,54.5,281,77.7,session,"Session - Oct 3, 2025 5:51:11 PM",2025-10-03 05:51:11 PM 5:51:11 PM,01:09:48,,,,Enter Notes
2025-10-03 06:05:20 PM,77.7,63.0,44.8,29.16,720,29.16,1.0,76.1,54.6,281,77.7,session,"Session - Oct 3, 2025 5:51:11 PM",2025-10-03 05:51:11 PM 5:51:11 PM,01:09:48,,,,Enter Notes
2025-10-03 06:05:25 PM,77.7,63.0,44.9,29.16,720,29.16,1.2,75.9,54.6,281,77.5,session,"Session - Oct 3, 2025 5:51:11 PM",2025-10-03 05:51:11 PM 5:51:11 PM,01:09:48,,,,Enter Notes
2025-10-03 06:05:30 PM,77.7,63.0,45.0,29.16,717,29.16,1.0,75.9,54.7,281,77.5,session,"Session - Oct 3, 2025 5:51:11 PM",2025-10-03 05:51:11 PM 5:51:11 PM,01:09:48,,,,Enter Notes
2025-10-03 06:05:35 PM,77.8,63.1,45.1,29.16,720,29.16,1.0,76.3,54.8,281,77.7,session,"Session - Oct 3, 2025 5:51:11 PM",2025-10-03 05:51:11 PM 5:51:11 PM,01:09:48,,,,Enter Notes
2025-10-03 06:05:40 PM,77.9,63.3,45.2,29.16,720,29.16,1.0,76.5,55.0,281,77.9,session,"Session - Oct 3, 2025 5:51:11 PM",2025-10-03 05:51:11 PM 5:51:11 PM,01:09:48,,,,Enter Notes
2025-10-03 06:05:45 PM,77.9,63.3,45.3,29.16,717,29.16,0.9,76.5,55.1,281,77.9,session,"Session - Oct 3, 2025 5:51:11 PM",2025-10-03 05:51:11 PM 5:51:11 PM,01:09:48,,,,Enter Notes
2025-10-03 06:05:50 PM,78.0,63.5,45.5,29.16,720,29.16,0.9,76.5,55.2,281,77.9,session,"Session - Oct 3, 2025 5:51:11 PM",2025-10-03 05:51:11 PM 5:51:11 PM,01:09:48,,,,Enter Notes
2025-10-03 06:05:55 PM,77.9,63.5,45.5,29.16,720,29.16,0.9,76.3,55.2,281,77.7,session,"Session - Oct 3, 2025 5:51:11 PM",2025-10-03 05:51:11 PM 5:51:11 PM,01:09:48,,,,Enter Notes
2025-10-03 06:06:00 PM,77.8,63.5,45.6,29.16,720,29.16,0.9,76.3,55.2,281,77.7,session,"Session - Oct 3, 2025 5:51:11 PM",2025-10-03 05:51:11 PM 5:51:11 PM,01:09:48,,,,Enter Notes
2025-10-03 06:06:05 PM,77.7,63.3,45.6,29.16,720,29.16,0.9,76.1,55.1,281,77.5,session,"Session - Oct 3, 2025 5:51:11 PM",2025-10-03 05:51:11 PM 5:51:11 PM,01:09:48,,,,Enter Notes
2025-10-03 06:06:10 PM,77.6,63.3,45.6,29.16,720,29.16,0.8,76.1,55.0,281,77.5,session,"Session - Oct 3, 2025 5:51:11 PM",2025-10-03 05:51:11 PM 5:51:11 PM,01:09:48,,,,Enter Notes
2025-10-03 06:06:15 PM,77.6,63.3,45.6,29.16,717,29.16,0.7,76.1,55.0,281,77.5,session,"Session - Oct 3, 2025 5:51:11 PM",2025-10-03 05:51:11 PM 5:51:11 PM,01:09:48,,,,Enter Notes
2025-10-03 06:06:20 PM,77.7,63.3,45.6,29.16,717,29.16,0.9,76.3,55.1,281,77.7,session,"Session - Oct 3, 2025 5:51:11 PM",2025-10-03 05:51:11 PM 5:51:11 PM,01:09:48,,,,Enter Notes
2025-10-03 06:06:25 PM,77.9,63.5,45.7,29.16,717,29.16,1.0,76.5,55.3,281,77.9,session,"Session - Oct 3, 2025 5:51:11 PM",2025-10-03 05:51:11 PM 5:51:11 PM,01:09:48,,,,Enter Notes
2025-10-03 06:06:30 PM,78.2,63.9,46.0,29.16,717,29.16,0.9,76.8,55.7,281,78.1,session,"Session - Oct 3, 2025 5:51:11 PM",2025-10-03 05:51:11 PM 5:51:11 PM,01:09:48,,,,Enter Notes
2025-10-03 06:06:35 PM,78.2,63.9,46.2,29.16,713,29.16,0.9,76.8,55.9,281,78.1,session,"Session - Oct 3, 2025 5:51:11 PM",2025-10-03 05:51:11 PM 5:51:11 PM,01:09:48,,,,Enter Notes
2025-10-03 06:06:40 PM,78.3,64.0,46.3,29.16,717,29.16,0.9,77.0,56.0,281,78.3,session,"Session - Oct 3, 2025 5:51:11 PM",2025-10-03 05:51:11 PM 5:51:11 PM,01:09:48,,,,Enter Notes
2025-10-03 06:06:45 PM,78.5,64.2,46.4,29.16,713,29.16,0.9,77.2,56.2,281,78.4,session,"Session - Oct 3, 2025 5:51:11 PM",2025-10-03 05:51:11 PM 5:51:11 PM,01:09:48,,,,Enter Notes
2025-10-03 06:06:50 PM,78.5,64.2,46.6,29.16,717,29.16,0.0,77.2,56.3,282,78.4,session,"Session - Oct 3, 2025 5:51:11 PM",2025-10-03 05:51:11 PM 5:51:11 PM,01:09:48,,,,Enter Notes
2025-10-03 06:06:55 PM,78.7,64.4,46.6,29.16,717,29.16,0.0,77.5,56.5,281,78.6,session,"Session - Oct 3, 2025 5:51:11 PM",2025-10-03 05:51:11 PM 5:51:11 PM,01:09:48,,,,Enter Notes
2025-10-03 06:07:00 PM,78.7,64.4,46.6,29.16,717,29.16,0.0,77.5,56.6,281,78.6,session,"Session - Oct 3, 2025 5:51:11 PM",2025-10-03 05:51:11 PM 5:51:11 PM,01:09:48,,,,Enter Notes
2025-10-03 06:07:05 PM,78.7,64.4,46.5,29.16,717,29.16,0.0,77.5,56.5,281,78.6,session,"Session - Oct 3, 2025 5:51:11 PM",2025-10-03 05:51:11 PM 5:51:11 PM,01:09:48,,,,Enter Notes
2025-10-03 06:07:10 PM,78.5,64.2,46.5,29.16,717,29.16,1.2,77.2,56.3,281,78.4,session,"Session - Oct 3, 2025 5:51:11 PM",2025-10-03 05:51:11 PM 5:51:11 PM,01:09:48,,,,Enter Notes
2025-10-03 06:07:15 PM,78.4,64.0,46.4,29.17,713,29.17,1.0,77.0,56.2,281,78.3,session,"Session - Oct 3, 2025 5:51:11 PM",2025-10-03 05:51:11 PM 5:51:11 PM,01:09:48,,,,Enter Notes
2025-10-03 06:07:20 PM,78.2,63.9,46.2,29.17,713,29.17,0.9,76.8,55.9,281,78.1,session,"Session - Oct 3, 2025 5:51:11 PM",2025-10-03 05:51:11 PM 5:51:11 PM,01:09:48,,,,Enter Notes
2025-10-03 06:07:25 PM,78.1,63.9,46.1,29.17,713,29.17,0.0,76.8,55.8,281,78.1,session,"Session - Oct 3, 2025 5:51:11 PM",2025-10-03 05:51:11 PM 5:51:11 PM,01:09:48,,,,Enter Notes
2025-10-03 06:07:30 PM,78.0,63.7,46.0,29.17,710,29.17,0.8,76.6,55.6,281,77.9,session,"Session - Oct 3, 2025 5:51:11 PM",2025-10-03 05:51:11 PM 5:51:11 PM,01:09:48,,,,Enter Notes
2025-10-03 06:07:35 PM,78.0,63.5,45.9,29.17,710,29.17,1.0,76.6,55.5,281,77.9,session,"Session - Oct 3, 2025 5:51:11 PM",2025-10-03 05:51:11 PM 5:51:11 PM,01:09:48,,,,Enter Notes
2025-10-03 06:07:40 PM,77.7,63.3,45.8,29.17,710,29.17,1.0,76.3,55.2,281,77.7,session,"Session - Oct 3, 2025 5:51:11 PM",2025-10-03 05:51:11 PM 5:51:11 PM,01:09:48,,,,Enter Notes
2025-10-03 06:07:45 PM,77.6,63.1,45.8,29.17,710,29.17,0.0,76.1,55.0,281,77.5,session,"Session - Oct 3, 2025 5:51:11 PM",2025-10-03 05:51:11 PM 5:51:11 PM,01:09:48,,,,Enter Notes
2025-10-03 06:07:50 PM,77.6,63.3,45.8,29.17,710,29.17,0.9,76.1,55.1,281,77.5,session,"Session - Oct 3, 2025 5:51:11 PM",2025-10-03 05:51:11 PM 5:51:11 PM,01:09:48,,,,Enter Notes
2025-10-03 06:07:55 PM,77.6,63.1,45.8,29.17,710,29.17,0.0,76.1,55.0,281,77.5,session,"Session - Oct 3, 2025 5:51:11 PM",2025-10-03 05:51:11 PM 5:51:11 PM,01:09:48,,,,Enter Notes
2025-10-03 06:08:00 PM,77.6,63.3,45.9,29.17,713,29.17,0.0,76.1,55.1,281,77.5,session,"Session - Oct 3, 2025 5:51:11 PM",2025-10-03 05:51:11 PM 5:51:11 PM,01:09:48,,,,Enter Notes
2025-10-03 06:08:05 PM,77.6,63.3,46.0,29.17,710,29.17,0.9,76.1,55.2,281,77.5,session,"Session - Oct 3, 2025 5:51:11 PM",2025-10-03 05:51:11 PM 5:51:11 PM,01:09:48,,,,Enter Notes
2025-10-03 06:08:10 PM,77.7,63.5,46.1,29.17,709,29.17,0.9,76.1,55.3,281,77.5,session,"Session - Oct 3, 2025 5:51:11 PM",2025-10-03 05:51:11 PM 5:51:11 PM,01:09:48,,,,Enter Notes
2025-10-03 06:08:15 PM,77.8,63.5,46.2,29.17,710,29.17,0.9,76.3,55.4,281,77.7,session,"Session - Oct 3, 2025 5:51:11 PM",2025-10-03 05:51:11 PM 5:51:11 PM,01:09:48,,,,Enter Notes
2025-10-03 06:08:20 PM,77.9,63.7,46.2,29.17,710,29.17,0.9,76.6,55.6,281,77.9,session,"Session - Oct 3, 2025 5:51:11 PM",2025-10-03 05:51:11 PM 5:51:11 PM,01:09:48,,,,Enter Notes
2025-10-03 06:08:25 PM,78.0,63.7,46.2,29.17,710,29.17,0.8,76.6,55.7,281,77.9,session,"Session - Oct 3, 2025 5:51:11 PM",2025-10-03 05:51:11 PM 5:51:11 PM,01:09:48,,,,Enter Notes
2025-10-03 06:08:30 PM,77.9,63.7,46.2,29.17,710,29.17,1.3,76.6,55.6,281,77.9,session,"Session - Oct 3, 2025 5:51:11 PM",2025-10-03 05:51:11 PM 5:51:11 PM,01:09:48,,,,Enter Notes
2025-10-03 06:08:35 PM,78.2,63.9,46.2,29.17,710,29.17,1.0,76.8,55.8,281,78.1,session,"Session - Oct 3, 2025 5:51:11 PM",2025-10-03 05:51:11 PM 5:51:11 PM,01:09:48,,,,Enter Notes
2025-10-03 06:08:40 PM,78.4,64.0,46.3,29.17,710,29.17,0.8,77.0,56.1,281,78.3,session,"Session - Oct 3, 2025 5:51:11 PM",2025-10-03 05:51:11 PM 5:51:11 PM,01:09:48,,,,Enter Notes
2025-10-03 06:08:45 PM,78.5,64.0,46.3,29.17,713,29.17,0.9,77.2,56.2,281,78.4,session,"Session - Oct 3, 2025 5:51:11 PM",2025-10-03 05:51:11 PM 5:51:11 PM,01:09:48,,,,Enter Notes
2025-10-03 06:08:50 PM,78.4,64.0,46.2,29.17,713,29.17,0.9,77.0,56.1,281,78.4,session,"Session - Oct 3, 2025 5:51:11 PM",2025-10-03 05:51:11 PM 5:51:11 PM,01:09:48,,,,Enter Notes
2025-10-03 06:08:55 PM,78.2,63.9,46.2,29.17,710,29.17,0.9,76.8,55.9,281,78.1,session,"Session - Oct 3, 2025 5:51:11 PM",2025-10-03 05:51:11 PM 5:51:11 PM,01:09:48,,,,Enter Notes
2025-10-03 06:09:00 PM,77.9,63.7,46.0,29.17,710,29.17,1.0,76.6,55.5,281,77.9,session,"Session - Oct 3, 2025 5:51:11 PM",2025-10-03 05:51:11 PM 5:51:11 PM,01:09:48,,,,Enter Notes
2025-10-03 06:09:05 PM,78.0,63.7,46.0,29.17,710,29.17,0.9,76.6,55.6,281,77.9,session,"Session - Oct 3, 2025 5:51:11 PM",2025-10-03 05:51:11 PM 5:51:11 PM,01:09:48,,,,Enter Notes
2025-10-03 06:09:10 PM,78.0,63.7,46.0,29.17,713,29.17,0.8,76.6,55.5,281,77.9,session,"Session - Oct 3, 2025 5:51:11 PM",2025-10-03 05:51:11 PM 5:51:11 PM,01:09:48,,,,Enter Notes
2025-10-03 06:09:15 PM,77.8,63.5,45.9,29.17,713,29.17,0.9,76.3,55.4,281,77.7,session,"Session - Oct 3, 2025 5:51:11 PM",2025-10-03 05:51:11 PM 5:51:11 PM,01:09:48,,,,Enter Notes
2025-10-03 06:09:20 PM,77.8,63.3,45.8,29.17,713,29.17,0.9,76.3,55.3,281,77.7,session,"Session - Oct 3, 2025 5:51:11 PM",2025-10-03 05:51:11 PM 5:51:11 PM,01:09:48,,,,Enter Notes
2025-10-03 06:09:25 PM,77.9,63.5,45.8,29.17,713,29.17,0.9,76.3,55.3,281,77.7,session,"Session - Oct 3, 2025 5:51:11 PM",2025-10-03 05:51:11 PM 5:51:11 PM,01:09:48,,,,Enter Notes
2025-10-03 06:09:30 PM,77.7,63.3,45.9,29.17,710,29.17,0.9,76.3,55.3,281,77.7,session,"Session - Oct 3, 2025 5:51:11 PM",2025-10-03 05:51:11 PM 5:51:11 PM,01:09:48,,,,Enter Notes
2025-10-03 06:09:35 PM,77.7,63.5,46.1,29.17,710,29.17,0.8,76.1,55.3,281,77.5,session,"Session - Oct 3, 2025 5:51:11 PM",2025-10-03 05:51:11 PM 5:51:11 PM,01:09:48,,,,Enter Notes
2025-10-03 06:09:40 PM,77.6,63.5,46.2,29.17,710,29.17,0.9,76.1,55.3,281,77.5,session,"Session - Oct 3, 2025 5:51:11 PM",2025-10-03 05:51:11 PM 5:51:11 PM,01:09:48,,,,Enter Notes
2025-10-03 06:09:45 PM,77.7,63.5,46.2,29.17,710,29.17,0.9,76.1,55.4,281,77.5,session,"Session - Oct 3, 2025 5:51:11 PM",2025-10-03 05:51:11 PM 5:51:11 PM,01:09:48,,,,Enter Notes
2025-10-03 06:09:50 PM,77.7,63.5,46.3,29.17,710,29.17,0.0,76.1,55.5,281,77.5,session,"Session - Oct 3, 2025 5:51:11 PM",2025-10-03 05:51:11 PM 5:51:11 PM,01:09:48,,,,Enter Notes
2025-10-03 06:09:55 PM,77.6,63.5,46.4,29.17,713,29.17,0.0,76.1,55.5,281,77.5,session,"Session - Oct 3, 2025 5:51:11 PM",2025-10-03 05:51:11 PM 5:51:11 PM,01:09:48,,,,Enter Notes
2025-10-03 06:10:00 PM,77.8,63.7,46.5,29.17,710,29.17,1.0,76.3,55.7,281,77.7,session,"Session - Oct 3, 2025 5:51:11 PM",2025-10-03 05:51:11 PM 5:51:11 PM,01:09:48,,,,Enter Notes
2025-10-03 06:10:05 PM,78.3,64.0,46.7,29.17,710,29.17,0.9,77.0,56.2,281,78.3,session,"Session - Oct 3, 2025 5:51:11 PM",2025-10-03 05:51:11 PM 5:51:11 PM,01:09:48,,,,Enter Notes
2025-10-03 06:10:10 PM,78.6,64.4,46.8,29.17,710,29.17,0.9,77.4,56.6,281,78.4,session,"Session - Oct 3, 2025 5:51:11 PM",2025-10-03 05:51:11 PM 5:51:11 PM,01:09:48,,,,Enter Notes
2025-10-03 06:10:15 PM,78.7,64.6,46.9,29.17,709,29.17,0.9,77.7,56.8,281,78.6,session,"Session - Oct 3, 2025 5:51:11 PM",2025-10-03 05:51:11 PM 5:51:11 PM,01:09:48,,,,Enter Notes
2025-10-03 06:10:20 PM,78.5,64.4,47.0,29.17,709,29.17,0.9,77.4,56.6,281,78.4,session,"Session - Oct 3, 2025 5:51:11 PM",2025-10-03 05:51:11 PM 5:51:11 PM,01:09:48,,,,Enter Notes
2025-10-03 06:10:25 PM,78.4,64.2,46.9,29.17,709,29.17,1.0,77.2,56.5,281,78.4,session,"Session - Oct 3, 2025 5:51:11 PM",2025-10-03 05:51:11 PM 5:51:11 PM,01:09:48,,,,Enter Notes
2025-10-03 06:10:30 PM,78.3,64.2,46.9,29.17,709,29.17,0.9,77.2,56.4,281,78.3,session,"Session - Oct 3, 2025 5:51:11 PM",2025-10-03 05:51:11 PM 5:51:11 PM,01:09:48,,,,Enter Notes
2025-10-03 06:10:35 PM,78.5,64.2,46.9,29.17,709,29.17,0.0,77.4,56.5,281,78.4,session,"Session - Oct 3, 2025 5:51:11 PM",2025-10-03 05:51:11 PM 5:51:11 PM,01:09:48,,,,Enter Notes
2025-10-03 06:10:40 PM,78.5,64.4,46.9,29.17,706,29.17,1.0,77.4,56.6,281,78.4,session,"Session - Oct 3, 2025 5:51:11 PM",2025-10-03 05:51:11 PM 5:51:11 PM,01:09:48,,,,Enter Notes
2025-10-03 06:10:45 PM,78.7,64.4,47.0,29.17,706,29.17,0.0,77.7,56.8,281,78.6,session,"Session - Oct 3, 2025 5:51:11 PM",2025-10-03 05:51:11 PM 5:51:11 PM,01:09:48,,,,Enter Notes
2025-10-03 06:10:50 PM,78.8,64.6,47.0,29.17,706,29.17,0.9,77.9,56.9,281,78.8,session,"Session - Oct 3, 2025 5:51:11 PM",2025-10-03 05:51:11 PM 5:51:11 PM,01:09:48,,,,Enter Notes
2025-10-03 06:10:55 PM,78.8,64.6,46.9,29.17,709,29.17,0.9,77.7,56.8,281,78.6,session,"Session - Oct 3, 2025 5:51:11 PM",2025-10-03 05:51:11 PM 5:51:11 PM,01:09:48,,,,Enter Notes
2025-10-03 06:11:00 PM,78.6,64.4,46.7,29.17,709,29.17,2.1,77.5,56.6,281,78.6,session,"Session - Oct 3, 2025 5:51:11 PM",2025-10-03 05:51:11 PM 5:51:11 PM,01:09:48,,,,Enter Notes
2025-10-03 06:11:05 PM,78.8,64.4,46.5,29.17,706,29.17,1.5,77.5,56.6,281,78.6,session,"Session - Oct 3, 2025 5:51:11 PM",2025-10-03 05:51:11 PM 5:51:11 PM,01:09:48,,,,Enter Notes
2025-10-03 06:11:10 PM,79.2,64.8,46.4,29.17,706,29.17,0.9,78.1,56.9,281,79.2,session,"Session - Oct 3, 2025 5:51:11 PM",2025-10-03 05:51:11 PM 5:51:11 PM,01:09:48,,,,Enter Notes
2025-10-03 06:11:15 PM,79.3,64.9,46.4,29.17,706,29.17,0.9,78.1,56.9,281,79.2,session,"Session - Oct 3, 2025 5:51:11 PM",2025-10-03 05:51:11 PM 5:51:11 PM,01:09:48,,,,Enter Notes
2025-10-03 06:11:20 PM,79.3,64.8,46.3,29.17,706,29.17,0.8,78.1,56.9,281,79.2,session,"Session - Oct 3, 2025 5:51:11 PM",2025-10-03 05:51:11 PM 5:51:11 PM,01:09:48,,,,Enter Notes
2025-10-03 06:11:25 PM,79.2,64.8,46.2,29.18,706,29.18,1.1,78.1,56.8,281,79.2,session,"Session - Oct 3, 2025 5:51:11 PM",2025-10-03 05:51:11 PM 5:51:11 PM,01:09:48,,,,Enter Notes
2025-10-03 06:11:30 PM,79.1,64.6,46.1,29.18,703,29.18,0.9,77.9,56.7,281,79.0,session,"Session - Oct 3, 2025 5:51:11 PM",2025-10-03 05:51:11 PM 5:51:11 PM,01:09:48,,,,Enter Notes
2025-10-03 06:11:35 PM,79.2,64.6,46.0,29.17,706,29.17,1.0,78.1,56.6,281,79.2,session,"Session - Oct 3, 2025 5:51:11 PM",2025-10-03 05:51:11 PM 5:51:11 PM,01:09:48,,,,Enter Notes
2025-10-03 06:11:40 PM,79.1,64.4,45.7,29.18,703,29.18,0.9,77.9,56.4,281,79.0,session,"Session - Oct 3, 2025 5:51:11 PM",2025-10-03 05:51:11 PM 5:51:11 PM,01:09:48,,,,Enter Notes
2025-10-03 06:11:45 PM,78.9,64.2,45.5,29.18,703,29.18,0.9,77.5,56.1,281,78.8,session,"Session - Oct 3, 2025 5:51:11 PM",2025-10-03 05:51:11 PM 5:51:11 PM,01:09:48,,,,Enter Notes
2025-10-03 06:11:50 PM,78.8,64.0,45.3,29.18,703,29.18,0.0,77.5,55.9,281,78.8,session,"Session - Oct 3, 2025 5:51:11 PM",2025-10-03 05:51:11 PM 5:51:11 PM,01:09:48,,,,Enter Notes
2025-10-03 06:11:55 PM,78.8,64.0,45.2,29.18,703,29.18,1.0,77.5,55.8,281,78.8,session,"Session - Oct 3, 2025 5:51:11 PM",2025-10-03 05:51:11 PM 5:51:11 PM,01:09:48,,,,Enter Notes
2025-10-03 06:12:00 PM,78.9,64.2,45.1,29.18,701,29.18,0.9,77.5,55.9,281,78.8,session,"Session - Oct 3, 2025 5:51:11 PM",2025-10-03 05:51:11 PM 5:51:11 PM,01:09:48,,,,Enter Notes
2025-10-03 06:12:05 PM,78.9,64.0,45.1,29.18,703,29.18,0.8,77.5,55.8,281,78.8,session,"Session - Oct 3, 2025 5:51:11 PM",2025-10-03 05:51:11 PM 5:51:11 PM,01:09:48,,,,Enter Notes
2025-10-03 06:12:10 PM,78.9,64.0,45.1,29.18,703,29.18,1.4,77.5,55.8,281,78.8,session,"Session - Oct 3, 2025 5:51:11 PM",2025-10-03 05:51:11 PM 5:51:11 PM,01:09:48,,,,Enter Notes
2025-10-03 06:12:15 PM,78.8,64.0,45.0,29.18,703,29.18,0.9,77.5,55.7,281,78.8,session,"Session - Oct 3, 2025 5:51:11 PM",2025-10-03 05:51:11 PM 5:51:11 PM,01:09:48,,,,Enter Notes
2025-10-03 06:12:20 PM,78.5,63.7,45.0,29.18,701,29.18,0.9,77.2,55.4,281,78.4,session,"Session - Oct 3, 2025 5:51:11 PM",2025-10-03 05:51:11 PM 5:51:11 PM,01:09:48,,,,Enter Notes
2025-10-03 06:12:25 PM,78.6,63.9,45.0,29.18,701,29.18,1.0,77.4,55.5,281,78.6,session,"Session - Oct 3, 2025 5:51:11 PM",2025-10-03 05:51:11 PM 5:51:11 PM,01:09:48,,,,Enter Notes
2025-10-03 06:12:30 PM,78.6,63.9,45.0,29.18,701,29.18,1.3,77.4,55.5,281,78.6,session,"Session - Oct 3, 2025 5:51:11 PM",2025-10-03 05:51:11 PM 5:51:11 PM,01:09:48,,,,Enter Notes
2025-10-03 06:12:35 PM,78.6,63.9,45.0,29.18,701,29.18,1.3,77.4,55.5,281,78.6,session,"Session - Oct 3, 2025 5:51:11 PM",2025-10-03 05:51:11 PM 5:51:11 PM,01:09:48,,,,Enter Notes
2025-10-03 06:12:40 PM,78.8,64.0,45.1,29.18,701,29.18,1.0,77.4,55.7,281,78.6,session,"Session - Oct 3, 2025 5:51:11 PM",2025-10-03 05:51:11 PM 5:51:11 PM,01:09:48,,,,Enter Notes
2025-10-03 06:12:45 PM,79.0,64.2,45.1,29.18,703,29.18,1.1,77.9,56.0,281,79.0,session,"Session - Oct 3, 2025 5:51:11 PM",2025-10-03 05:51:11 PM 5:51:11 PM,01:09:48,,,,Enter Notes
2025-10-03 06:12:50 PM,79.1,64.4,45.1,29.18,703,29.18,0.9,77.9,56.0,281,79.0,session,"Session - Oct 3, 2025 5:51:11 PM",2025-10-03 05:51:11 PM 5:51:11 PM,01:09:48,,,,Enter Notes
2025-10-03 06:12:55 PM,79.2,64.4,45.0,29.18,701,29.18,1.0,78.1,56.1,281,79.2,session,"Session - Oct 3, 2025 5:51:11 PM",2025-10-03 05:51:11 PM 5:51:11 PM,01:09:48,,,,Enter Notes
2025-10-03 06:13:00 PM,79.2,64.4,45.0,29.18,706,29.18,0.8,78.1,56.1,281,79.2,session,"Session - Oct 3, 2025 5:51:11 PM",2025-10-03 05:51:11 PM 5:51:11 PM,01:09:48,,,,Enter Notes
2025-10-03 06:13:05 PM,79.4,64.4,45.0,29.18,703,29.18,1.2,78.3,56.2,281,79.3,session,"Session - Oct 3, 2025 5:51:11 PM",2025-10-03 05:51:11 PM 5:51:11 PM,01:09:48,,,,Enter Notes
2025-10-03 06:13:10 PM,79.6,64.6,44.9,29.17,706,29.17,1.1,78.3,56.4,281,79.5,session,"Session - Oct 3, 2025 5:51:11 PM",2025-10-03 05:51:11 PM 5:51:11 PM,01:09:48,,,,Enter Notes
2025-10-03 06:13:15 PM,79.8,64.8,45.0,29.18,701,29.18,1.0,78.4,56.5,281,79.7,session,"Session - Oct 3, 2025 5:51:11 PM",2025-10-03 05:51:11 PM 5:51:11 PM,01:09:48,,,,Enter Notes
2025-10-03 06:13:20 PM,79.8,64.8,44.9,29.18,703,29.18,0.9,78.4,56.5,281,79.7,session,"Session - Oct 3, 2025 5:51:11 PM",2025-10-03 05:51:11 PM 5:51:11 PM,01:09:48,,,,Enter Notes
2025-10-03 06:13:25 PM,80.0,64.9,44.8,29.18,701,29.18,0.9,78.8,56.6,281,79.9,session,"Session - Oct 3, 2025 5:51:11 PM",2025-10-03 05:51:11 PM 5:51:11 PM,01:09:48,,,,Enter Notes
2025-10-03 06:13:30 PM,79.8,64.8,44.8,29.18,701,29.18,0.8,78.4,56.4,281,79.7,session,"Session - Oct 3, 2025 5:51:11 PM",2025-10-03 05:51:11 PM 5:51:11 PM,01:09:48,,,,Enter Notes
2025-10-03 06:13:35 PM,79.7,64.6,44.7,29.18,703,29.18,0.8,78.3,56.3,281,79.5,session,"Session - Oct 3, 2025 5:51:11 PM",2025-10-03 05:51:11 PM 5:51:11 PM,01:09:48,,,,Enter Notes
2025-10-03 06:13:40 PM,79.4,64.4,44.5,29.18,703,29.18,0.9,78.1,55.9,281,79.3,session,"Session - Oct 3, 2025 5:51:11 PM",2025-10-03 05:51:11 PM 5:51:11 PM,01:09:48,,,,Enter Notes
2025-10-03 06:13:45 PM,79.2,64.2,44.5,29.18,703,29.18,1.3,77.9,55.7,281,79.2,session,"Session - Oct 3, 2025 5:51:11 PM",2025-10-03 05:51:11 PM 5:51:11 PM,01:09:48,,,,Enter Notes
2025-10-03 06:13:50 PM,79.0,64.0,44.4,29.18,703,29.18,1.3,77.7,55.5,281,79.0,session,"Session - Oct 3, 2025 5:51:11 PM",2025-10-03 05:51:11 PM 5:51:11 PM,01:09:48,,,,Enter Notes
2025-10-03 06:13:55 PM,78.9,63.9,44.3,29.18,703,29.18,1.0,77.4,55.3,281,78.8,session,"Session - Oct 3, 2025 5:51:11 PM",2025-10-03 05:51:11 PM 5:51:11 PM,01:09:48,,,,Enter Notes
2025-10-03 06:14:00 PM,78.8,63.9,44.4,29.18,706,29.18,0.9,77.4,55.3,281,78.8,session,"Session - Oct 3, 2025 5:51:11 PM",2025-10-03 05:51:11 PM 5:51:11 PM,01:09:48,,,,Enter Notes
2025-10-03 06:14:05 PM,78.8,63.9,44.4,29.17,709,29.17,0.8,77.2,55.3,281,78.6,session,"Session - Oct 3, 2025 5:51:11 PM",2025-10-03 05:51:11 PM 5:51:11 PM,01:09:48,,,,Enter Notes
2025-10-03 06:14:10 PM,78.9,63.9,44.5,29.17,709,29.17,2.1,77.4,55.5,281,78.8,session,"Session - Oct 3, 2025 5:51:11 PM",2025-10-03 05:51:11 PM 5:51:11 PM,01:09:48,,,,Enter Notes
2025-10-03 06:14:15 PM,78.9,63.9,44.7,29.17,709,29.17,1.1,77.4,55.5,281,78.8,session,"Session - Oct 3, 2025 5:51:11 PM",2025-10-03 05:51:11 PM 5:51:11 PM,01:09:48,,,,Enter Notes
2025-10-03 06:14:20 PM,78.7,63.9,44.8,29.18,706,29.18,0.0,77.2,55.5,281,78.6,session,"Session - Oct 3, 2025 5:51:11 PM",2025-10-03 05:51:11 PM 5:51:11 PM,01:09:48,,,,Enter Notes
2025-10-03 06:14:25 PM,78.7,63.9,44.8,29.17,709,29.17,0.9,77.2,55.5,281,78.6,session,"Session - Oct 3, 2025 5:51:11 PM",2025-10-03 05:51:11 PM 5:51:11 PM,01:09:48,,,,Enter Notes
2025-10-03 06:14:30 PM,78.9,64.0,44.9,29.17,710,29.17,1.0,77.4,55.7,281,78.8,session,"Session - Oct 3, 2025 5:51:11 PM",2025-10-03 05:51:11 PM 5:51:11 PM,01:09:48,,,,Enter Notes
2025-10-03 06:14:35 PM,78.9,64.0,45.0,29.17,709,29.17,0.9,77.5,55.8,281,78.8,session,"Session - Oct 3, 2025 5:51:11 PM",2025-10-03 05:51:11 PM 5:51:11 PM,01:09:48,,,,Enter Notes
2025-10-03 06:14:40 PM,78.9,64.0,45.1,29.17,710,29.17,0.8,77.5,55.8,281,78.8,session,"Session - Oct 3, 2025 5:51:11 PM",2025-10-03 05:51:11 PM 5:51:11 PM,01:09:48,,,,Enter Notes
2025-10-03 06:14:45 PM,78.9,64.2,45.2,29.17,710,29.17,1.0,77.5,55.9,281,78.8,session,"Session - Oct 3, 2025 5:51:11 PM",2025-10-03 05:51:11 PM 5:51:11 PM,01:09:48,,,,Enter Notes
2025-10-03 06:14:50 PM,78.9,64.2,45.2,29.17,710,29.17,1.0,77.5,56.0,281,78.8,session,"Session - Oct 3, 2025 5:51:11 PM",2025-10-03 05:51:11 PM 5:51:11 PM,01:09:48,,,,Enter Notes
2025-10-03 06:14:55 PM,79.1,64.4,45.3,29.17,710,29.17,1.0,77.9,56.1,281,79.0,session,"Session - Oct 3, 2025 5:51:11 PM",2025-10-03 05:51:11 PM 5:51:11 PM,01:09:48,,,,Enter Notes
2025-10-03 06:15:00 PM,78.8,64.0,45.3,29.17,710,29.17,0.0,77.5,55.9,281,78.8,session,"Session - Oct 3, 2025 5:51:11 PM",2025-10-03 05:51:11 PM 5:51:11 PM,01:09:48,,,,Enter Notes
2025-10-03 06:15:05 PM,78.7,64.0,45.3,29.17,710,29.17,0.7,77.4,55.8,281,78.6,session,"Session - Oct 3, 2025 5:51:11 PM",2025-10-03 05:51:11 PM 5:51:11 PM,01:09:48,,,,Enter Notes
2025-10-03 06:15:10 PM,78.7,63.9,45.3,29.17,710,29.17,0.9,77.4,55.7,281,78.6,session,"Session - Oct 3, 2025 5:51:11 PM",2025-10-03 05:51:11 PM 5:51:11 PM,01:09:48,,,,Enter Notes
2025-10-03 06:15:15 PM,78.7,63.9,45.3,29.17,710,29.17,0.8,77.4,55.7,281,78.6,session,"Session - Oct 3, 2025 5:51:11 PM",2025-10-03 05:51:11 PM 5:51:11 PM,01:09:48,,,,Enter Notes
2025-10-03 06:15:20 PM,78.7,64.0,45.3,29.17,710,29.17,0.7,77.4,55.8,281,78.6,session,"Session - Oct 3, 2025 5:51:11 PM",2025-10-03 05:51:11 PM 5:51:11 PM,01:09:48,,,,Enter Notes
2025-10-03 06:15:25 PM,78.8,64.0,45.4,29.17,710,29.17,0.0,77.5,55.9,281,78.8,session,"Session - Oct 3, 2025 5:51:11 PM",2025-10-03 05:51:11 PM 5:51:11 PM,01:09:48,,,,Enter Notes
2025-10-03 06:15:30 PM,78.9,64.0,45.5,29.17,710,29.17,0.0,77.5,56.0,281,78.8,session,"Session - Oct 3, 2025 5:51:11 PM",2025-10-03 05:51:11 PM 5:51:11 PM,01:09:48,,,,Enter Notes
2025-10-03 06:15:35 PM,78.9,64.2,45.5,29.17,710,29.17,0.0,77.5,56.1,281,78.8,session,"Session - Oct 3, 2025 5:51:11 PM",2025-10-03 05:51:11 PM 5:51:11 PM,01:09:48,,,,Enter Notes
2025-10-03 06:15:40 PM,79.1,64.2,45.4,29.17,710,29.17,1.0,77.9,56.1,281,79.0,session,"Session - Oct 3, 2025 5:51:11 PM",2025-10-03 05:51:11 PM 5:51:11 PM,01:09:48,,,,Enter Notes
2025-10-03 06:15:45 PM,79.2,64.4,45.3,29.17,710,29.17,1.0,78.1,56.3,281,79.2,session,"Session - Oct 3, 2025 5:51:11 PM",2025-10-03 05:51:11 PM 5:51:11 PM,01:09:48,,,,Enter Notes
2025-10-03 06:15:50 PM,79.3,64.4,45.3,29.17,710,29.17,0.9,78.1,56.3,281,79.2,session,"Session - Oct 3, 2025 5:51:11 PM",2025-10-03 05:51:11 PM 5:51:11 PM,01:09:48,,,,Enter Notes
2025-10-03 06:15:55 PM,79.2,64.4,45.4,29.17,710,29.17,0.9,78.1,56.2,281,79.2,session,"Session - Oct 3, 2025 5:51:11 PM",2025-10-03 05:51:11 PM 5:51:11 PM,01:09:48,,,,Enter Notes
2025-10-03 06:16:00 PM,79.2,64.4,45.3,29.17,710,29.17,0.8,78.1,56.2,281,79.2,session,"Session - Oct 3, 2025 5:51:11 PM",2025-10-03 05:51:11 PM 5:51:11 PM,01:09:48,,,,Enter Notes
2025-10-03 06:16:05 PM,79.2,64.4,45.3,29.17,713,29.17,1.0,78.1,56.2,281,79.2,session,"Session - Oct 3, 2025 5:51:11 PM",2025-10-03 05:51:11 PM 5:51:11 PM,01:09:48,,,,Enter Notes
2025-10-03 06:16:10 PM,79.3,64.4,45.2,29.17,710,29.17,1.1,78.1,56.2,281,79.2,session,"Session - Oct 3, 2025 5:51:11 PM",2025-10-03 05:51:11 PM 5:51:11 PM,01:09:48,,,,Enter Notes
2025-10-03 06:16:15 PM,79.0,64.2,45.1,29.17,710,29.17,1.7,77.9,55.9,281,79.0,session,"Session - Oct 3, 2025 5:51:11 PM",2025-10-03 05:51:11 PM 5:51:11 PM,01:09:48,,,,Enter Notes
2025-10-03 06:16:20 PM,79.0,64.2,45.0,29.17,709,29.17,1.3,77.9,55.9,281,79.0,session,"Session - Oct 3, 2025 5:51:11 PM",2025-10-03 05:51:11 PM 5:51:11 PM,01:09:48,,,,Enter Notes
2025-10-03 06:16:25 PM,79.0,64.2,45.0,29.17,709,29.17,0.9,77.9,55.9,281,79.0,session,"Session - Oct 3, 2025 5:51:11 PM",2025-10-03 05:51:11 PM 5:51:11 PM,01:09:48,,,,Enter Notes
2025-10-03 06:16:30 PM,79.0,64.2,45.0,29.17,710,29.17,1.0,77.9,55.9,281,79.0,session,"Session - Oct 3, 2025 5:51:11 PM",2025-10-03 05:51:11 PM 5:51:11 PM,01:09:48,,,,Enter Notes
2025-10-03 06:16:35 PM,78.8,63.9,45.0,29.17,709,29.17,0.9,77.4,55.7,281,78.6,session,"Session - Oct 3, 2025 5:51:11 PM",2025-10-03 05:51:11 PM 5:51:11 PM,01:09:48,,,,Enter Notes
2025-10-03 06:16:40 PM,78.9,64.0,45.0,29.17,710,29.17,0.9,77.5,55.7,281,78.8,session,"Session - Oct 3, 2025 5:51:11 PM",2025-10-03 05:51:11 PM 5:51:11 PM,01:09:48,,,,Enter Notes
2025-10-03 06:16:45 PM,79.1,64.2,45.0,29.17,710,29.17,0.9,77.9,56.0,281,79.0,session,"Session - Oct 3, 2025 5:51:11 PM",2025-10-03 05:51:11 PM 5:51:11 PM,01:09:48,,,,Enter Notes
2025-10-03 06:16:50 PM,79.4,64.4,45.2,29.17,713,29.17,1.0,78.3,56.4,281,79.3,session,"Session - Oct 3, 2025 5:51:11 PM",2025-10-03 05:51:11 PM 5:51:11 PM,01:09:48,,,,Enter Notes
2025-10-03 06:16:55 PM,79.6,64.6,45.3,29.17,710,29.17,0.9,78.4,56.5,281,79.5,session,"Session - Oct 3, 2025 5:51:11 PM",2025-10-03 05:51:11 PM 5:51:11 PM,01:09:48,,,,Enter Notes
2025-10-03 06:17:00 PM,79.6,64.8,45.3,29.17,710,29.17,2.0,78.4,56.6,281,79.5,session,"Session - Oct 3, 2025 5:51:11 PM",2025-10-03 05:51:11 PM 5:51:11 PM,01:09:48,,,,Enter Notes
2025-10-03 06:17:05 PM,79.8,64.8,45.2,29.17,709,29.17,1.2,78.6,56.7,281,79.7,session,"Session - Oct 3, 2025 5:51:11 PM",2025-10-03 05:51:11 PM 5:51:11 PM,01:09:48,,,,Enter Notes
2025-10-03 06:17:10 PM,79.6,64.8,45.1,29.17,710,29.17,1.8,78.4,56.5,281,79.5,session,"Session - Oct 3, 2025 5:51:11 PM",2025-10-03 05:51:11 PM 5:51:11 PM,01:09:48,,,,Enter Notes
2025-10-03 06:17:15 PM,79.5,64.6,45.0,29.17,709,29.17,2.6,78.3,56.3,281,79.3,session,"Session - Oct 3, 2025 5:51:11 PM",2025-10-03 05:51:11 PM 5:51:11 PM,01:09:48,,,,Enter Notes
2025-10-03 06:17:20 PM,79.3,64.4,44.8,29.17,710,29.17,1.3,77.9,56.0,281,79.2,session,"Session - Oct 3, 2025 5:51:11 PM",2025-10-03 05:51:11 PM 5:51:11 PM,01:09:48,,,,Enter Notes
2025-10-03 06:17:25 PM,79.2,64.2,44.6,29.17,710,29.17,0.9,77.9,55.8,281,79.2,session,"Session - Oct 3, 2025 5:51:11 PM",2025-10-03 05:51:11 PM 5:51:11 PM,01:09:48,,,,Enter Notes
2025-10-03 06:17:30 PM,78.9,64.0,44.5,29.17,713,29.17,1.0,77.4,55.5,281,78.8,session,"Session - Oct 3, 2025 5:51:11 PM",2025-10-03 05:51:11 PM 5:51:11 PM,01:09:48,,,,Enter Notes
2025-10-03 06:17:35 PM,78.7,63.7,44.5,29.17,710,29.17,1.5,77.2,55.3,281,78.6,session,"Session - Oct 3, 2025 5:51:11 PM",2025-10-03 05:51:11 PM 5:51:11 PM,01:09:48,,,,Enter Notes
2025-10-03 06:17:40 PM,78.5,63.5,44.4,29.17,713,29.17,1.4,77.0,55.0,281,78.4,session,"Session - Oct 3, 2025 5:51:11 PM",2025-10-03 05:51:11 PM 5:51:11 PM,01:09:48,,,,Enter Notes
2025-10-03 06:17:45 PM,78.2,63.3,44.4,29.17,710,29.17,1.1,76.5,54.8,281,78.1,session,"Session - Oct 3, 2025 5:51:11 PM",2025-10-03 05:51:11 PM 5:51:11 PM,01:09:48,,,,Enter Notes
2025-10-03 06:17:50 PM,78.1,63.1,44.3,29.17,710,29.17,1.3,76.5,54.6,281,78.1,session,"Session - Oct 3, 2025 5:51:11 PM",2025-10-03 05:51:11 PM 5:51:11 PM,01:09:48,,,,Enter Notes
2025-10-03 06:17:55 PM,78.0,63.1,44.3,29.17,709,29.17,0.9,76.3,54.6,281,77.9,session,"Session - Oct 3, 2025 5:51:11 PM",2025-10-03 05:51:11 PM 5:51:11 PM,01:09:48,,,,Enter Notes
2025-10-03 06:18:00 PM,77.9,63.0,44.4,29.17,710,29.17,1.3,76.1,54.5,281,77.7,session,"Session - Oct 3, 2025 5:51:11 PM",2025-10-03 05:51:11 PM 5:51:11 PM,01:09:48,,,,Enter Notes
2025-10-03 06:18:05 PM,77.9,63.0,44.4,29.17,710,29.17,1.9,76.1,54.5,281,77.7,session,"Session - Oct 3, 2025 5:51:11 PM",2025-10-03 05:51:11 PM 5:51:11 PM,01:09:48,,,,Enter Notes
2025-10-03 06:18:10 PM,77.7,63.0,44.5,29.17,709,29.17,1.3,76.1,54.4,281,77.7,session,"Session - Oct 3, 2025 5:51:11 PM",2025-10-03 05:51:11 PM 5:51:11 PM,01:09:48,,,,Enter Notes
2025-10-03 06:18:15 PM,77.6,63.0,44.5,29.17,710,29.17,1.3,75.9,54.4,281,77.5,session,"Session - Oct 3, 2025 5:51:11 PM",2025-10-03 05:51:11 PM 5:51:11 PM,01:09:48,,,,Enter Notes
2025-10-03 06:18:20 PM,77.6,63.0,44.7,29.17,710,29.17,1.3,75.9,54.4,281,77.5,session,"Session - Oct 3, 2025 5:51:11 PM",2025-10-03 05:51:11 PM 5:51:11 PM,01:09:48,,,,Enter Notes
2025-10-03 06:18:25 PM,77.7,63.0,44.9,29.17,710,29.17,1.2,75.9,54.6,281,77.5,session,"Session - Oct 3, 2025 5:51:11 PM",2025-10-03 05:51:11 PM 5:51:11 PM,01:09:48,,,,Enter Notes
2025-10-03 06:18:30 PM,77.6,63.0,45.1,29.17,710,29.17,1.5,76.1,54.7,281,77.5,session,"Session - Oct 3, 2025 5:51:11 PM",2025-10-03 05:51:11 PM 5:51:11 PM,01:09:48,,,,Enter Notes
2025-10-03 06:18:35 PM,77.6,63.0,45.3,29.17,710,29.17,0.9,76.1,54.7,281,77.5,session,"Session - Oct 3, 2025 5:51:11 PM",2025-10-03 05:51:11 PM 5:51:11 PM,01:09:48,,,,Enter Notes
2025-10-03 06:18:40 PM,77.6,63.3,45.5,29.17,710,29.17,0.8,76.1,55.0,281,77.5,session,"Session - Oct 3, 2025 5:51:11 PM",2025-10-03 05:51:11 PM 5:51:11 PM,01:09:48,,,,Enter Notes
2025-10-03 06:18:45 PM,77.6,63.3,45.6,29.17,710,29.17,0.0,76.1,55.0,281,77.5,session,"Session - Oct 3, 2025 5:51:11 PM",2025-10-03 05:51:11 PM 5:51:11 PM,01:09:48,,,,Enter Notes
2025-10-03 06:18:50 PM,77.6,63.1,45.7,29.17,709,29.17,0.9,76.1,55.0,281,77.5,session,"Session - Oct 3, 2025 5:51:11 PM",2025-10-03 05:51:11 PM 5:51:11 PM,01:09:48,,,,Enter Notes
2025-10-03 06:18:55 PM,77.6,63.3,45.8,29.17,710,29.17,0.0,76.1,55.1,281,77.5,session,"Session - Oct 3, 2025 5:51:11 PM",2025-10-03 05:51:11 PM 5:51:11 PM,01:09:48,,,,Enter Notes
2025-10-03 06:19:00 PM,77.7,63.3,46.0,29.17,713,29.17,0.9,76.1,55.2,281,77.5,session,"Session - Oct 3, 2025 5:51:11 PM",2025-10-03 05:51:11 PM 5:51:11 PM,01:09:48,,,,Enter Notes
2025-10-03 06:19:05 PM,77.8,63.5,46.0,29.17,713,29.17,1.0,76.3,55.4,281,77.7,session,"Session - Oct 3, 2025 5:51:11 PM",2025-10-03 05:51:11 PM 5:51:11 PM,01:09:48,,,,Enter Notes
2025-10-03 06:19:10 PM,78.1,63.9,46.2,29.17,713,29.17,0.9,76.8,55.8,281,78.1,session,"Session - Oct 3, 2025 5:51:11 PM",2025-10-03 05:51:11 PM 5:51:11 PM,01:09:48,,,,Enter Notes
2025-10-03 06:19:15 PM,78.2,63.9,46.4,29.17,710,29.17,0.0,76.8,56.0,281,78.1,session,"Session - Oct 3, 2025 5:51:11 PM",2025-10-03 05:51:11 PM 5:51:11 PM,01:09:48,,,,Enter Notes
2025-10-03 06:19:20 PM,78.4,64.2,46.7,29.17,713,29.16,0.9,77.0,56.3,281,78.3,session,"Session - Oct 3, 2025 5:51:11 PM",2025-10-03 05:51:11 PM 5:51:11 PM,01:09:48,,,,Enter Notes
2025-10-03 06:19:25 PM,78.5,64.4,46.8,29.16,713,29.16,0.0,77.4,56.5,281,78.4,session,"Session - Oct 3, 2025 5:51:11 PM",2025-10-03 05:51:11 PM 5:51:11 PM,01:09:48,,,,Enter Notes
2025-10-03 06:19:30 PM,78.4,64.2,46.8,29.16,717,29.16,0.8,77.2,56.4,281,78.4,session,"Session - Oct 3, 2025 5:51:11 PM",2025-10-03 05:51:11 PM 5:51:11 PM,01:09:48,,,,Enter Notes
2025-10-03 06:19:35 PM,78.4,64.2,46.7,29.16,717,29.16,0.9,77.2,56.4,281,78.4,session,"Session - Oct 3, 2025 5:51:11 PM",2025-10-03 05:51:11 PM 5:51:11 PM,01:09:48,,,,Enter Notes
2025-10-03 06:19:40 PM,78.6,64.4,46.5,29.16,720,29.16,0.0,77.5,56.4,281,78.6,session,"Session - Oct 3, 2025 5:51:11 PM",2025-10-03 05:51:11 PM 5:51:11 PM,01:09:48,,,,Enter Notes
2025-10-03 06:19:45 PM,78.8,64.4,46.4,29.16,720,29.16,0.0,77.7,56.6,281,78.8,session,"Session - Oct 3, 2025 5:51:11 PM",2025-10-03 05:51:11 PM 5:51:11 PM,01:09:48,,,,Enter Notes
2025-10-03 06:19:50 PM,79.0,64.6,46.4,29.16,720,29.16,0.0,77.9,56.8,281,79.0,session,"Session - Oct 3, 2025 5:51:11 PM",2025-10-03 05:51:11 PM 5:51:11 PM,01:09:48,,,,Enter Notes
2025-10-03 06:19:55 PM,78.9,64.6,46.4,29.16,717,29.16,1.0,77.7,56.6,281,78.8,session,"Session - Oct 3, 2025 5:51:11 PM",2025-10-03 05:51:11 PM 5:51:11 PM,01:09:48,,,,Enter Notes
2025-10-03 06:20:00 PM,78.9,64.4,46.2,29.16,720,29.16,0.9,77.7,56.4,281,78.8,session,"Session - Oct 3, 2025 5:51:11 PM",2025-10-03 05:51:11 PM 5:51:11 PM,01:09:48,,,,Enter Notes
2025-10-03 06:20:05 PM,78.8,64.4,46.0,29.16,720,29.16,0.9,77.7,56.3,281,78.8,session,"Session - Oct 3, 2025 5:51:11 PM",2025-10-03 05:51:11 PM 5:51:11 PM,01:09:48,,,,Enter Notes
2025-10-03 06:20:10 PM,78.7,64.2,45.9,29.16,720,29.16,0.0,77.5,56.2,281,78.6,session,"Session - Oct 3, 2025 5:51:11 PM",2025-10-03 05:51:11 PM 5:51:11 PM,01:09:48,,,,Enter Notes
2025-10-03 06:20:15 PM,78.8,64.2,45.9,29.16,720,29.16,0.9,77.5,56.2,281,78.6,session,"Session - Oct 3, 2025 5:51:11 PM",2025-10-03 05:51:11 PM 5:51:11 PM,01:09:48,,,,Enter Notes
2025-10-03 06:20:20 PM,79.0,64.4,45.8,29.16,722,29.16,0.0,77.5,56.3,281,78.8,session,"Session - Oct 3, 2025 5:51:11 PM",2025-10-03 05:51:11 PM 5:51:11 PM,01:09:48,,,,Enter Notes
2025-10-03 06:20:25 PM,78.7,64.2,45.8,29.15,722,29.15,1.0,77.4,56.1,281,78.6,session,"Session - Oct 3, 2025 5:51:11 PM",2025-10-03 05:51:11 PM 5:51:11 PM,01:09:48,,,,Enter Notes
2025-10-03 06:20:30 PM,78.7,64.2,45.8,29.16,722,29.16,0.7,77.4,56.0,281,78.6,session,"Session - Oct 3, 2025 5:51:11 PM",2025-10-03 05:51:11 PM 5:51:11 PM,01:09:48,,,,Enter Notes
2025-10-03 06:20:35 PM,78.7,64.0,45.7,29.15,725,29.15,0.9,77.4,56.0,281,78.6,session,"Session - Oct 3, 2025 5:51:11 PM",2025-10-03 05:51:11 PM 5:51:11 PM,01:09:48,,,,Enter Notes
2025-10-03 06:20:40 PM,78.5,64.0,45.8,29.15,725,29.15,0.9,77.2,55.9,281,78.4,session,"Session - Oct 3, 2025 5:51:11 PM",2025-10-03 05:51:11 PM 5:51:11 PM,01:09:48,,,,Enter Notes
2025-10-03 06:20:45 PM,78.4,63.9,45.7,29.15,725,29.15,1.0,77.0,55.8,281,78.3,session,"Session - Oct 3, 2025 5:51:11 PM",2025-10-03 05:51:11 PM 5:51:11 PM,01:09:48,,,,Enter Notes
2025-10-03 06:20:50 PM,78.2,63.7,45.7,29.15,728,29.15,0.9,76.6,55.6,282,78.1,session,"Session - Oct 3, 2025 5:51:11 PM",2025-10-03 05:51:11 PM 5:51:11 PM,01:09:48,,,,Enter Notes
2025-10-03 06:20:55 PM,78.2,63.7,45.6,29.15,728,29.15,0.0,76.6,55.5,281,78.1,session,"Session - Oct 3, 2025 5:51:11 PM",2025-10-03 05:51:11 PM 5:51:11 PM,01:09:48,,,,Enter Notes
2025-10-03 06:21:00 PM,78.1,63.7,45.5,29.15,728,29.15,0.0,76.6,55.3,281,78.1,session,"Session - Oct 3, 2025 5:51:11 PM",2025-10-03 05:51:11 PM 5:51:11 PM,01:09:48,,,,Enter Notes
2025-10-03 06:21:05 PM,78.1,63.7,45.5,29.15,730,29.15,0.9,76.6,55.3,281,78.1,session,"Session - Oct 3, 2025 5:51:11 PM",2025-10-03 05:51:11 PM 5:51:11 PM,01:09:48,,,,Enter Notes
2025-10-03 06:21:10 PM,78.1,63.7,45.7,29.15,730,29.15,0.9,76.6,55.4,281,78.1,session,"Session - Oct 3, 2025 5:51:11 PM",2025-10-03 05:51:11 PM 5:51:11 PM,01:09:48,,,,Enter Notes
2025-10-03 06:21:15 PM,78.0,63.7,45.8,29.15,730,29.15,0.9,76.5,55.5,281,77.9,session,"Session - Oct 3, 2025 5:51:11 PM",2025-10-03 05:51:11 PM 5:51:11 PM,01:09:48,,,,Enter Notes
2025-10-03 06:21:20 PM,77.9,63.5,45.8,29.15,730,29.15,0.8,76.5,55.4,281,77.9,session,"Session - Oct 3, 2025 5:51:11 PM",2025-10-03 05:51:11 PM 5:51:11 PM,01:09:48,,,,Enter Notes
2025-10-03 06:21:25 PM,77.7,63.3,45.8,29.15,730,29.15,1.8,76.3,55.2,281,77.7,session,"Session - Oct 3, 2025 5:51:11 PM",2025-10-03 05:51:11 PM 5:51:11 PM,01:09:48,,,,Enter Notes
2025-10-03 06:21:30 PM,78.0,63.7,45.8,29.15,730,29.15,1.2,76.5,55.5,281,77.9,session,"Session - Oct 3, 2025 5:51:11 PM",2025-10-03 05:51:11 PM 5:51:11 PM,01:09:48,,,,Enter Notes
2025-10-03 06:21:35 PM,77.7,63.5,46.0,29.15,730,29.15,1.1,76.3,55.3,281,77.7,session,"Session - Oct 3, 2025 5:51:11 PM",2025-10-03 05:51:11 PM 5:51:11 PM,01:09:48,,,,Enter Notes
2025-10-03 06:21:40 PM,77.6,63.3,46.1,29.15,730,29.15,1.3,76.1,55.3,281,77.5,session,"Session - Oct 3, 2025 5:51:11 PM",2025-10-03 05:51:11 PM 5:51:11 PM,01:09:48,,,,Enter Notes
2025-10-03 06:21:45 PM,77.4,63.1,46.2,29.15,730,29.15,1.3,75.9,55.1,281,77.4,session,"Session - Oct 3, 2025 5:51:11 PM",2025-10-03 05:51:11 PM 5:51:11 PM,01:09:48,,,,Enter Notes
2025-10-03 06:21:50 PM,77.3,63.1,46.4,29.15,730,29.15,0.9,75.7,55.1,282,77.2,session,"Session - Oct 3, 2025 5:51:11 PM",2025-10-03 05:51:11 PM 5:51:11 PM,01:09:48,,,,Enter Notes
2025-10-03 06:21:55 PM,77.3,63.1,46.5,29.15,730,29.15,0.9,75.7,55.1,282,77.2,session,"Session - Oct 3, 2025 5:51:11 PM",2025-10-03 05:51:11 PM 5:51:11 PM,01:09:48,,,,Enter Notes
2025-10-03 06:22:00 PM,76.9,63.0,46.4,29.15,730,29.15,0.9,75.2,54.8,282,76.8,session,"Session - Oct 3, 2025 5:51:11 PM",2025-10-03 05:51:11 PM 5:51:11 PM,01:09:48,,,,Enter Notes
2025-10-03 06:22:05 PM,76.7,62.6,46.3,29.15,730,29.15,0.0,75.0,54.6,282,76.6,session,"Session - Oct 3, 2025 5:51:11 PM",2025-10-03 05:51:11 PM 5:51:11 PM,01:09:48,,,,Enter Notes
2025-10-03 06:22:10 PM,76.4,62.4,46.2,29.15,730,29.15,0.9,74.7,54.2,282,76.3,session,"Session - Oct 3, 2025 5:51:11 PM",2025-10-03 05:51:11 PM 5:51:11 PM,01:09:48,,,,Enter Notes
2025-10-03 06:22:15 PM,76.3,62.2,46.2,29.15,730,29.15,0.0,74.7,54.1,282,76.3,session,"Session - Oct 3, 2025 5:51:11 PM",2025-10-03 05:51:11 PM 5:51:11 PM,01:09:48,,,,Enter Notes
2025-10-03 06:22:20 PM,76.5,62.4,46.4,29.15,730,29.15,0.0,74.8,54.4,282,76.5,session,"Session - Oct 3, 2025 5:51:11 PM",2025-10-03 05:51:11 PM 5:51:11 PM,01:09:48,,,,Enter Notes
2025-10-03 06:22:25 PM,76.7,62.8,46.6,29.15,730,29.15,0.8,75.0,54.7,282,76.6,session,"Session - Oct 3, 2025 5:51:11 PM",2025-10-03 05:51:11 PM 5:51:11 PM,01:09:48,,,,Enter Notes
2025-10-03 06:22:30 PM,76.9,63.1,47.0,29.15,730,29.15,0.9,75.4,55.1,281,76.8,session,"Session - Oct 3, 2025 5:51:11 PM",2025-10-03 05:51:11 PM 5:51:11 PM,01:09:48,,,,Enter Notes
2025-10-03 06:22:35 PM,77.2,63.3,47.2,29.15,728,29.15,0.0,75.9,55.5,281,77.2,session,"Session - Oct 3, 2025 5:51:11 PM",2025-10-03 05:51:11 PM 5:51:11 PM,01:09:48,,,,Enter Notes
2025-10-03 06:22:40 PM,77.4,63.7,47.6,29.15,728,29.15,0.0,76.1,56.0,282,77.4,session,"Session - Oct 3, 2025 5:51:11 PM",2025-10-03 05:51:11 PM 5:51:11 PM,01:09:48,,,,Enter Notes
2025-10-03 06:22:45 PM,77.5,63.9,47.7,29.15,725,29.15,0.0,76.1,56.1,282,77.5,session,"Session - Oct 3, 2025 5:51:11 PM",2025-10-03 05:51:11 PM 5:51:11 PM,01:09:48,,,,Enter Notes
2025-10-03 06:22:50 PM,77.5,63.9,47.7,29.15,725,29.15,0.8,76.1,56.1,282,77.5,session,"Session - Oct 3, 2025 5:51:11 PM",2025-10-03 05:51:11 PM 5:51:11 PM,01:09:48,,,,Enter Notes
2025-10-03 06:22:55 PM,77.3,63.7,47.6,29.15,722,29.15,0.0,75.9,55.9,282,77.2,session,"Session - Oct 3, 2025 5:51:11 PM",2025-10-03 05:51:11 PM 5:51:11 PM,01:09:48,,,,Enter Notes
2025-10-03 06:23:00 PM,77.3,63.5,47.5,29.15,722,29.16,0.0,75.9,55.8,282,77.2,session,"Session - Oct 3, 2025 5:51:11 PM",2025-10-03 05:51:11 PM 5:51:11 PM,01:09:48,,,,Enter Notes
2025-10-03 06:23:05 PM,77.3,63.5,47.5,29.16,722,29.16,0.0,75.9,55.8,282,77.2,session,"Session - Oct 3, 2025 5:51:11 PM",2025-10-03 05:51:11 PM 5:51:11 PM,01:09:48,,,,Enter Notes
2025-10-03 06:23:10 PM,77.5,63.9,47.6,29.16,722,29.16,0.7,76.1,56.1,282,77.4,session,"Session - Oct 3, 2025 5:51:11 PM",2025-10-03 05:51:11 PM 5:51:11 PM,01:09:48,,,,Enter Notes
2025-10-03 06:23:15 PM,77.6,63.9,47.7,29.16,720,29.16,0.0,76.3,56.2,282,77.5,session,"Session - Oct 3, 2025 5:51:11 PM",2025-10-03 05:51:11 PM 5:51:11 PM,01:09:48,,,,Enter Notes
2025-10-03 06:23:20 PM,77.7,63.9,47.8,29.16,720,29.16,0.0,76.3,56.3,282,77.5,session,"Session - Oct 3, 2025 5:51:11 PM",2025-10-03 05:51:11 PM 5:51:11 PM,01:09:48,,,,Enter Notes
2025-10-03 06:23:25 PM,77.8,64.0,47.8,29.16,720,29.16,0.9,76.5,56.4,281,77.7,session,"Session - Oct 3, 2025 5:51:11 PM",2025-10-03 05:51:11 PM 5:51:11 PM,01:09:48,,,,Enter Notes
2025-10-03 06:23:30 PM,77.7,63.9,47.8,29.16,720,29.16,0.0,76.3,56.3,282,77.5,session,"Session - Oct 3, 2025 5:51:11 PM",2025-10-03 05:51:11 PM 5:51:11 PM,01:09:48,,,,Enter Notes
2025-10-03 06:23:35 PM,77.4,63.7,47.7,29.16,720,29.16,0.0,76.1,56.0,282,77.4,session,"Session - Oct 3, 2025 5:51:11 PM",2025-10-03 05:51:11 PM 5:51:11 PM,01:09:48,,,,Enter Notes
2025-10-03 06:23:40 PM,77.6,63.9,47.6,29.16,720,29.16,0.0,76.3,56.2,282,77.5,session,"Session - Oct 3, 2025 5:51:11 PM",2025-10-03 05:51:11 PM 5:51:11 PM,01:09:48,,,,Enter Notes
2025-10-03 06:23:45 PM,77.5,63.9,47.6,29.16,720,29.16,0.9,76.1,56.1,282,77.5,session,"Session - Oct 3, 2025 5:51:11 PM",2025-10-03 05:51:11 PM 5:51:11 PM,01:09:48,,,,Enter Notes
2025-10-03 06:23:50 PM,77.5,63.9,47.6,29.16,720,29.16,0.9,76.1,56.0,282,77.5,session,"Session - Oct 3, 2025 5:51:11 PM",2025-10-03 05:51:11 PM 5:51:11 PM,01:09:48,,,,Enter Notes
2025-10-03 06:23:55 PM,77.6,63.9,47.5,29.16,717,29.16,0.8,76.3,56.1,282,77.5,session,"Session - Oct 3, 2025 5:51:11 PM",2025-10-03 05:51:11 PM 5:51:11 PM,01:09:48,,,,Enter Notes
2025-10-03 06:24:00 PM,77.7,63.9,47.4,29.16,717,29.16,1.0,76.5,56.2,282,77.7,session,"Session - Oct 3, 2025 5:51:11 PM",2025-10-03 05:51:11 PM 5:51:11 PM,01:09:48,,,,Enter Notes
2025-10-03 06:24:05 PM,77.8,63.9,47.4,29.16,717,29.16,1.0,76.5,56.2,282,77.7,session,"Session - Oct 3, 2025 5:51:11 PM",2025-10-03 05:51:11 PM 5:51:11 PM,01:09:48,,,,Enter Notes
2025-10-03 06:24:10 PM,77.8,63.9,47.3,29.16,713,29.16,0.8,76.5,56.2,281,77.7,session,"Session - Oct 3, 2025 5:51:11 PM",2025-10-03 05:51:11 PM 5:51:11 PM,01:09:48,,,,Enter Notes
2025-10-03 06:24:15 PM,77.8,63.9,47.3,29.16,717,29.16,0.9,76.5,56.1,281,77.7,session,"Session - Oct 3, 2025 5:51:11 PM",2025-10-03 05:51:11 PM 5:51:11 PM,01:09:48,,,,Enter Notes
2025-10-03 06:24:20 PM,77.6,63.9,47.3,29.16,717,29.16,0.9,76.3,56.0,281,77.5,session,"Session - Oct 3, 2025 5:51:11 PM",2025-10-03 05:51:11 PM 5:51:11 PM,01:09:48,,,,Enter Notes
2025-10-03 06:24:25 PM,77.5,63.7,47.3,29.16,717,29.16,0.0,76.1,55.9,282,77.4,session,"Session - Oct 3, 2025 5:51:11 PM",2025-10-03 05:51:11 PM 5:51:11 PM,01:09:48,,,,Enter Notes
2025-10-03 06:24:30 PM,77.1,63.3,47.1,29.16,717,29.16,0.9,75.6,55.5,282,77.0,session,"Session - Oct 3, 2025 5:51:11 PM",2025-10-03 05:51:11 PM 5:51:11 PM,01:09:48,,,,Enter Notes
2025-10-03 06:24:35 PM,76.7,63.0,47.0,29.17,713,29.17,0.0,75.2,55.0,282,76.6,session,"Session - Oct 3, 2025 5:51:11 PM",2025-10-03 05:51:11 PM 5:51:11 PM,01:09:48,,,,Enter Notes
2025-10-03 06:24:40 PM,76.7,63.0,47.0,29.16,717,29.16,0.8,75.2,55.0,282,76.6,session,"Session - Oct 3, 2025 5:51:11 PM",2025-10-03 05:51:11 PM 5:51:11 PM,01:09:48,,,,Enter Notes
2025-10-03 06:24:45 PM,76.8,63.1,47.1,29.16,717,29.16,0.0,75.4,55.1,282,76.8,session,"Session - Oct 3, 2025 5:51:11 PM",2025-10-03 05:51:11 PM 5:51:11 PM,01:09:48,,,,Enter Notes
2025-10-03 06:24:50 PM,76.8,63.1,47.3,29.17,713,29.17,0.0,75.2,55.2,282,76.6,session,"Session - Oct 3, 2025 5:51:11 PM",2025-10-03 05:51:11 PM 5:51:11 PM,01:09:48,,,,Enter Notes
2025-10-03 06:24:55 PM,76.8,63.1,47.4,29.17,713,29.16,0.0,75.4,55.3,282,76.8,session,"Session - Oct 3, 2025 5:51:11 PM",2025-10-03 05:51:11 PM 5:51:11 PM,01:09:48,,,,Enter Notes
2025-10-03 06:25:00 PM,77.0,63.3,47.6,29.17,713,29.16,0.0,75.6,55.7,282,77.0,session,"Session - Oct 3, 2025 5:51:11 PM",2025-10-03 05:51:11 PM 5:51:11 PM,01:09:48,,,,Enter Notes
2025-10-03 06:25:05 PM,76.9,63.3,47.8,29.17,713,29.17,0.0,75.4,55.6,282,76.8,session,"Session - Oct 3, 2025 5:51:11 PM",2025-10-03 05:51:11 PM 5:51:11 PM,01:09:48,,,,Enter Notes
2025-10-03 06:25:10 PM,76.8,63.1,47.6,29.17,713,29.17,0.0,75.4,55.5,282,76.8,session,"Session - Oct 3, 2025 5:51:11 PM",2025-10-03 05:51:11 PM 5:51:11 PM,01:09:48,,,,Enter Notes
2025-10-03 06:25:15 PM,76.7,63.1,47.6,29.17,713,29.17,0.0,75.2,55.4,282,76.6,session,"Session - Oct 3, 2025 5:51:11 PM",2025-10-03 05:51:11 PM 5:51:11 PM,01:09:48,,,,Enter Notes
2025-10-03 06:25:20 PM,76.6,63.0,47.5,29.17,713,29.16,0.0,75.0,55.2,282,76.6,session,"Session - Oct 3, 2025 5:51:11 PM",2025-10-03 05:51:11 PM 5:51:11 PM,01:09:48,,,,Enter Notes
2025-10-03 06:25:25 PM,76.7,63.1,47.7,29.17,710,29.17,0.7,75.2,55.4,282,76.6,session,"Session - Oct 3, 2025 5:51:11 PM",2025-10-03 05:51:11 PM 5:51:11 PM,01:09:48,,,,Enter Notes
2025-10-03 06:25:30 PM,76.9,63.5,48.2,29.16,717,29.16,0.9,75.4,55.9,282,76.8,session,"Session - Oct 3, 2025 5:51:11 PM",2025-10-03 05:51:11 PM 5:51:11 PM,01:09:48,,,,Enter Notes
2025-10-03 06:25:35 PM,77.0,63.7,48.5,29.17,713,29.17,1.0,75.7,56.1,282,77.0,session,"Session - Oct 3, 2025 5:51:11 PM",2025-10-03 05:51:11 PM 5:51:11 PM,01:09:48,,,,Enter Notes
2025-10-03 06:25:40 PM,77.0,63.5,48.4,29.17,710,29.17,1.6,75.4,56.0,281,76.8,session,"Session - Oct 3, 2025 5:51:11 PM",2025-10-03 05:51:11 PM 5:51:11 PM,01:09:48,,,,Enter Notes
2025-10-03 06:25:45 PM,76.8,63.3,48.1,29.17,713,29.17,1.3,75.2,55.7,282,76.6,session,"Session - Oct 3, 2025 5:51:11 PM",2025-10-03 05:51:11 PM 5:51:11 PM,01:09:48,,,,Enter Notes
2025-10-03 06:25:50 PM,76.9,63.3,48.0,29.17,713,29.17,1.0,75.4,55.7,282,76.8,session,"Session - Oct 3, 2025 5:51:11 PM",2025-10-03 05:51:11 PM 5:51:11 PM,01:09:48,,,,Enter Notes
2025-10-03 06:25:55 PM,76.7,63.1,48.1,29.17,713,29.17,0.8,75.2,55.7,282,76.6,session,"Session - Oct 3, 2025 5:51:11 PM",2025-10-03 05:51:11 PM 5:51:11 PM,01:09:48,,,,Enter Notes
2025-10-03 06:26:00 PM,76.7,63.1,48.1,29.17,713,29.17,0.0,75.2,55.6,282,76.6,session,"Session - Oct 3, 2025 5:51:11 PM",2025-10-03 05:51:11 PM 5:51:11 PM,01:09:48,,,,Enter Notes
2025-10-03 06:26:05 PM,76.6,63.1,48.0,29.17,713,29.17,0.9,75.0,55.5,282,76.6,session,"Session - Oct 3, 2025 5:51:11 PM",2025-10-03 05:51:11 PM 5:51:11 PM,01:09:48,,,,Enter Notes
2025-10-03 06:26:10 PM,76.5,63.1,48.0,29.17,710,29.17,1.0,75.0,55.3,282,76.5,session,"Session - Oct 3, 2025 5:51:11 PM",2025-10-03 05:51:11 PM 5:51:11 PM,01:09:48,,,,Enter Notes
2025-10-03 06:26:15 PM,76.4,63.0,47.9,29.17,710,29.17,0.8,74.8,55.2,282,76.3,session,"Session - Oct 3, 2025 5:51:11 PM",2025-10-03 05:51:11 PM 5:51:11 PM,01:09:48,,,,Enter Notes
2025-10-03 06:26:20 PM,76.3,63.0,47.9,29.17,710,29.17,0.9,74.8,55.1,282,76.3,session,"Session - Oct 3, 2025 5:51:11 PM",2025-10-03 05:51:11 PM 5:51:11 PM,01:09:48,,,,Enter Notes
2025-10-03 06:26:25 PM,76.2,62.8,47.9,29.17,710,29.17,0.9,74.7,55.1,282,76.1,session,"Session - Oct 3, 2025 5:51:11 PM",2025-10-03 05:51:11 PM 5:51:11 PM,01:09:48,,,,Enter Notes
2025-10-03 06:26:30 PM,76.2,62.8,47.9,29.17,710,29.17,0.8,74.7,55.1,282,76.1,session,"Session - Oct 3, 2025 5:51:11 PM",2025-10-03 05:51:11 PM 5:51:11 PM,01:09:48,,,,Enter Notes
2025-10-03 06:26:35 PM,76.4,63.0,48.0,29.17,710,29.17,0.9,74.8,55.2,282,76.3,session,"Session - Oct 3, 2025 5:51:11 PM",2025-10-03 05:51:11 PM 5:51:11 PM,01:09:48,,,,Enter Notes
2025-10-03 06:26:40 PM,76.5,63.1,48.0,29.17,710,29.17,0.8,75.0,55.3,282,76.5,session,"Session - Oct 3, 2025 5:51:11 PM",2025-10-03 05:51:11 PM 5:51:11 PM,01:09:48,,,,Enter Notes
2025-10-03 06:26:45 PM,76.5,63.1,48.1,29.17,710,29.17,0.9,75.0,55.4,282,76.5,session,"Session - Oct 3, 2025 5:51:11 PM",2025-10-03 05:51:11 PM 5:51:11 PM,01:09:48,,,,Enter Notes
2025-10-03 06:26:50 PM,76.4,63.1,48.2,29.17,710,29.17,0.8,74.8,55.4,282,76.3,session,"Session - Oct 3, 2025 5:51:11 PM",2025-10-03 05:51:11 PM 5:51:11 PM,01:09:48,,,,Enter Notes
2025-10-03 06:26:55 PM,76.4,63.1,48.2,29.17,710,29.17,0.9,74.8,55.4,282,76.3,session,"Session - Oct 3, 2025 5:51:11 PM",2025-10-03 05:51:11 PM 5:51:11 PM,01:09:48,,,,Enter Notes
2025-10-03 06:27:00 PM,76.4,63.1,48.2,29.17,710,29.17,0.0,74.8,55.4,282,76.3,session,"Session - Oct 3, 2025 5:51:11 PM",2025-10-03 05:51:11 PM 5:51:11 PM,01:09:48,,,,Enter Notes
2025-10-03 06:27:05 PM,76.4,63.1,48.3,29.17,710,29.17,0.0,74.8,55.4,282,76.3,session,"Session - Oct 3, 2025 5:51:11 PM",2025-10-03 05:51:11 PM 5:51:11 PM,01:09:48,,,,Enter Notes
2025-10-03 06:27:10 PM,76.5,63.1,48.3,29.17,709,29.17,0.0,75.0,55.5,282,76.5,session,"Session - Oct 3, 2025 5:51:11 PM",2025-10-03 05:51:11 PM 5:51:11 PM,01:09:48,,,,Enter Notes
2025-10-03 06:27:15 PM,76.6,63.1,48.4,29.17,710,29.17,0.0,75.2,55.6,282,76.5,session,"Session - Oct 3, 2025 5:51:11 PM",2025-10-03 05:51:11 PM 5:51:11 PM,01:09:48,,,,Enter Notes
2025-10-03 06:27:20 PM,76.4,63.1,48.4,29.17,710,29.17,0.0,75.0,55.5,282,76.3,session,"Session - Oct 3, 2025 5:51:11 PM",2025-10-03 05:51:11 PM 5:51:11 PM,01:09:48,,,,Enter Notes
2025-10-03 06:27:25 PM,76.5,63.1,48.4,29.17,709,29.17,0.7,75.2,55.6,282,76.5,session,"Session - Oct 3, 2025 5:51:11 PM",2025-10-03 05:51:11 PM 5:51:11 PM,01:09:48,,,,Enter Notes
2025-10-03 06:27:30 PM,76.4,63.1,48.5,29.17,709,29.17,0.0,75.0,55.5,282,76.3,session,"Session - Oct 3, 2025 5:51:11 PM",2025-10-03 05:51:11 PM 5:51:11 PM,01:09:48,,,,Enter Notes
2025-10-03 06:27:35 PM,76.6,63.3,48.5,29.17,709,29.17,0.0,75.2,55.7,282,76.5,session,"Session - Oct 3, 2025 5:51:11 PM",2025-10-03 05:51:11 PM 5:51:11 PM,01:09:48,,,,Enter Notes
2025-10-03 06:27:40 PM,76.6,63.3,48.5,29.17,710,29.17,0.7,75.2,55.7,282,76.5,session,"Session - Oct 3, 2025 5:51:11 PM",2025-10-03 05:51:11 PM 5:51:11 PM,01:09:48,,,,Enter Notes
2025-10-03 06:27:45 PM,76.6,63.3,48.4,29.17,710,29.17,0.8,75.2,55.7,281,76.5,session,"Session - Oct 3, 2025 5:51:11 PM",2025-10-03 05:51:11 PM 5:51:11 PM,01:09:48,,,,Enter Notes
2025-10-03 06:27:50 PM,76.7,63.3,48.4,29.17,709,29.17,0.8,75.4,55.8,282,76.6,session,"Session - Oct 3, 2025 5:51:11 PM",2025-10-03 05:51:11 PM 5:51:11 PM,01:09:48,,,,Enter Notes
2025-10-03 06:27:55 PM,76.7,63.3,48.4,29.17,710,29.17,0.8,75.4,55.8,282,76.6,session,"Session - Oct 3, 2025 5:51:11 PM",2025-10-03 05:51:11 PM 5:51:11 PM,01:09:48,,,,Enter Notes
2025-10-03 06:28:00 PM,76.8,63.5,48.4,29.17,706,29.17,0.9,75.4,55.9,281,76.6,session,"Session - Oct 3, 2025 5:51:11 PM",2025-10-03 05:51:11 PM 5:51:11 PM,01:09:48,,,,Enter Notes
2025-10-03 06:28:05 PM,76.7,63.3,48.4,29.17,709,29.17,0.9,75.4,55.8,281,76.6,session,"Session - Oct 3, 2025 5:51:11 PM",2025-10-03 05:51:11 PM 5:51:11 PM,01:09:48,,,,Enter Notes
2025-10-03 06:28:10 PM,76.9,63.5,48.5,29.17,709,29.17,0.0,75.6,56.0,282,76.8,session,"Session - Oct 3, 2025 5:51:11 PM",2025-10-03 05:51:11 PM 5:51:11 PM,01:09:48,,,,Enter Notes
2025-10-03 06:28:15 PM,76.9,63.7,48.6,29.17,709,29.17,0.0,75.6,56.0,282,76.8,session,"Session - Oct 3, 2025 5:51:11 PM",2025-10-03 05:51:11 PM 5:51:11 PM,01:09:48,,,,Enter Notes
2025-10-03 06:28:20 PM,76.8,63.5,48.5,29.17,709,29.17,0.0,75.4,55.9,282,76.6,session,"Session - Oct 3, 2025 5:51:11 PM",2025-10-03 05:51:11 PM 5:51:11 PM,01:09:48,,,,Enter Notes
2025-10-03 06:28:25 PM,76.9,63.5,48.4,29.17,709,29.17,0.0,75.6,56.0,282,76.8,session,"Session - Oct 3, 2025 5:51:11 PM",2025-10-03 05:51:11 PM 5:51:11 PM,01:09:48,,,,Enter Notes
2025-10-03 06:28:30 PM,76.9,63.5,48.4,29.17,706,29.17,0.0,75.4,56.0,282,76.8,session,"Session - Oct 3, 2025 5:51:11 PM",2025-10-03 05:51:11 PM 5:51:11 PM,01:09:48,,,,Enter Notes
2025-10-03 06:28:35 PM,76.7,63.3,48.3,29.17,709,29.17,0.0,75.2,55.7,282,76.6,session,"Session - Oct 3, 2025 5:51:11 PM",2025-10-03 05:51:11 PM 5:51:11 PM,01:09:48,,,,Enter Notes
2025-10-03 06:28:40 PM,76.8,63.3,48.3,29.17,709,29.17,0.0,75.2,55.8,282,76.6,session,"Session - Oct 3, 2025 5:51:11 PM",2025-10-03 05:51:11 PM 5:51:11 PM,01:09:48,,,,Enter Notes
2025-10-03 06:28:45 PM,76.8,63.3,48.2,29.17,709,29.17,0.0,75.4,55.8,282,76.8,session,"Session - Oct 3, 2025 5:51:11 PM",2025-10-03 05:51:11 PM 5:51:11 PM,01:09:48,,,,Enter Notes
2025-10-03 06:28:50 PM,76.9,63.3,48.2,29.17,706,29.17,0.0,75.4,55.8,282,76.8,session,"Session - Oct 3, 2025 5:51:11 PM",2025-10-03 05:51:11 PM 5:51:11 PM,01:09:48,,,,Enter Notes
2025-10-03 06:28:55 PM,77.0,63.5,48.3,29.17,709,29.17,0.0,75.4,56.0,282,76.8,session,"Session - Oct 3, 2025 5:51:11 PM",2025-10-03 05:51:11 PM 5:51:11 PM,01:09:48,,,,Enter Notes
2025-10-03 06:29:00 PM,77.0,63.5,48.4,29.17,706,29.17,0.0,75.4,56.0,282,76.8,session,"Session - Oct 3, 2025 5:51:11 PM",2025-10-03 05:51:11 PM 5:51:11 PM,01:09:48,,,,Enter Notes
2025-10-03 06:29:05 PM,77.0,63.5,48.3,29.18,706,29.18,0.9,75.4,56.0,282,76.8,session,"Session - Oct 3, 2025 5:51:11 PM",2025-10-03 05:51:11 PM 5:51:11 PM,01:09:48,,,,Enter Notes
2025-10-03 06:29:10 PM,77.0,63.5,48.1,29.17,709,29.17,0.9,75.4,55.9,282,76.8,session,"Session - Oct 3, 2025 5:51:11 PM",2025-10-03 05:51:11 PM 5:51:11 PM,01:09:48,,,,Enter Notes
2025-10-03 06:29:15 PM,76.8,63.1,48.0,29.17,709,29.17,0.9,75.4,55.7,281,76.8,session,"Session - Oct 3, 2025 5:51:11 PM",2025-10-03 05:51:11 PM 5:51:11 PM,01:09:48,,,,Enter Notes
2025-10-03 06:29:20 PM,76.7,63.1,47.8,29.17,709,29.17,0.9,75.2,55.4,282,76.6,session,"Session - Oct 3, 2025 5:51:11 PM",2025-10-03 05:51:11 PM 5:51:11 PM,01:09:48,,,,Enter Notes
2025-10-03 06:29:25 PM,76.6,63.0,47.6,29.17,709,29.17,0.0,75.0,55.3,282,76.6,session,"Session - Oct 3, 2025 5:51:11 PM",2025-10-03 05:51:11 PM 5:51:11 PM,01:09:48,,,,Enter Notes
2025-10-03 06:29:30 PM,76.5,62.8,47.5,29.17,709,29.17,0.9,75.0,55.1,282,76.5,session,"Session - Oct 3, 2025 5:51:11 PM",2025-10-03 05:51:11 PM 5:51:11 PM,01:09:48,,,,Enter Notes
2025-10-03 06:29:35 PM,76.3,62.6,47.4,29.17,706,29.17,0.8,74.8,54.8,282,76.3,session,"Session - Oct 3, 2025 5:51:11 PM",2025-10-03 05:51:11 PM 5:51:11 PM,01:09:48,,,,Enter Notes
2025-10-03 06:29:40 PM,76.4,62.8,47.4,29.17,706,29.17,0.9,74.8,55.0,282,76.3,session,"Session - Oct 3, 2025 5:51:11 PM",2025-10-03 05:51:11 PM 5:51:11 PM,01:09:48,,,,Enter Notes
2025-10-03 06:29:45 PM,76.4,62.8,47.4,29.17,709,29.17,0.0,74.8,54.9,282,76.3,session,"Session - Oct 3, 2025 5:51:11 PM",2025-10-03 05:51:11 PM 5:51:11 PM,01:09:48,,,,Enter Notes
2025-10-03 06:29:50 PM,76.4,62.8,47.5,29.17,706,29.17,0.0,74.8,55.0,281,76.3,session,"Session - Oct 3, 2025 5:51:11 PM",2025-10-03 05:51:11 PM 5:51:11 PM,01:09:48,,,,Enter Notes
2025-10-03 06:29:55 PM,76.4,62.8,47.6,29.17,709,29.17,0.0,74.8,55.0,282,76.3,session,"Session - Oct 3, 2025 5:51:11 PM",2025-10-03 05:51:11 PM 5:51:11 PM,01:09:48,,,,Enter Notes
2025-10-03 06:30:00 PM,76.4,62.8,47.6,29.17,709,29.17,0.0,74.8,55.1,282,76.3,session,"Session - Oct 3, 2025 5:51:11 PM",2025-10-03 05:51:11 PM 5:51:11 PM,01:09:48,,,,Enter Notes
2025-10-03 06:30:05 PM,76.3,62.8,47.7,29.17,706,29.17,0.0,74.8,55.0,282,76.3,session,"Session - Oct 3, 2025 5:51:11 PM",2025-10-03 05:51:11 PM 5:51:11 PM,01:09:48,,,,Enter Notes
2025-10-03 06:30:10 PM,76.4,63.0,47.8,29.17,709,29.17,0.0,74.8,55.2,282,76.3,session,"Session - Oct 3, 2025 5:51:11 PM",2025-10-03 05:51:11 PM 5:51:11 PM,01:09:48,,,,Enter Notes
2025-10-03 06:30:15 PM,76.4,63.0,47.9,29.17,709,29.17,0.0,74.8,55.2,282,76.3,session,"Session - Oct 3, 2025 5:51:11 PM",2025-10-03 05:51:11 PM 5:51:11 PM,01:09:48,,,,Enter Notes
2025-10-03 06:30:20 PM,76.4,63.0,48.0,29.17,709,29.17,0.0,74.8,55.3,282,76.3,session,"Session - Oct 3, 2025 5:51:11 PM",2025-10-03 05:51:11 PM 5:51:11 PM,01:09:48,,,,Enter Notes
2025-10-03 06:30:25 PM,76.4,63.0,48.0,29.17,709,29.17,0.0,74.8,55.3,282,76.3,session,"Session - Oct 3, 2025 5:51:11 PM",2025-10-03 05:51:11 PM 5:51:11 PM,01:09:48,,,,Enter Notes
2025-10-03 06:30:30 PM,76.4,63.1,48.2,29.17,709,29.17,0.0,74.8,55.4,282,76.3,session,"Session - Oct 3, 2025 5:51:11 PM",2025-10-03 05:51:11 PM 5:51:11 PM,01:09:48,,,,Enter Notes
2025-10-03 06:30:35 PM,76.6,63.1,48.3,29.17,706,29.17,0.9,75.0,55.6,282,76.5,session,"Session - Oct 3, 2025 5:51:11 PM",2025-10-03 05:51:11 PM 5:51:11 PM,01:09:48,,,,Enter Notes
2025-10-03 06:30:40 PM,76.3,63.0,48.4,29.17,709,29.17,0.0,74.8,55.4,281,76.3,session,"Session - Oct 3, 2025 5:51:11 PM",2025-10-03 05:51:11 PM 5:51:11 PM,01:09:48,,,,Enter Notes
2025-10-03 06:30:45 PM,76.6,63.1,48.4,29.17,706,29.17,0.0,75.0,55.6,281,76.5,session,"Session - Oct 3, 2025 5:51:11 PM",2025-10-03 05:51:11 PM 5:51:11 PM,01:09:48,,,,Enter Notes
2025-10-03 06:30:50 PM,76.5,63.1,48.4,29.18,706,29.18,0.0,75.0,55.6,281,76.5,session,"Session - Oct 3, 2025 5:51:11 PM",2025-10-03 05:51:11 PM 5:51:11 PM,01:09:48,,,,Enter Notes
2025-10-03 06:30:55 PM,76.6,63.3,48.4,29.17,709,29.17,0.0,75.2,55.7,281,76.5,session,"Session - Oct 3, 2025 5:51:11 PM",2025-10-03 05:51:11 PM 5:51:11 PM,01:09:48,,,,Enter Notes
2025-10-03 06:31:00 PM,76.5,63.1,48.6,29.17,709,29.17,0.9,75.2,55.7,282,76.5,session,"Session - Oct 3, 2025 5:51:11 PM",2025-10-03 05:51:11 PM 5:51:11 PM,01:09:48,,,,Enter Notes
2025-10-03 06:31:05 PM,76.5,63.1,48.7,29.17,706,29.17,0.0,75.2,55.7,282,76.5,session,"Session - Oct 3, 2025 5:51:11 PM",2025-10-03 05:51:11 PM 5:51:11 PM,01:09:48,,,,Enter Notes
2025-10-03 06:31:10 PM,76.5,63.1,48.8,29.17,706,29.17,0.0,75.2,55.8,282,76.5,session,"Session - Oct 3, 2025 5:51:11 PM",2025-10-03 05:51:11 PM 5:51:11 PM,01:09:48,,,,Enter Notes
2025-10-03 06:31:15 PM,76.5,63.3,48.9,29.17,706,29.17,0.0,75.2,55.9,282,76.5,session,"Session - Oct 3, 2025 5:51:11 PM",2025-10-03 05:51:11 PM 5:51:11 PM,01:09:48,,,,Enter Notes
2025-10-03 06:31:20 PM,76.6,63.3,49.0,29.17,709,29.17,0.0,75.2,56.0,282,76.5,session,"Session - Oct 3, 2025 5:51:11 PM",2025-10-03 05:51:11 PM 5:51:11 PM,01:09:48,,,,Enter Notes
2025-10-03 06:31:25 PM,76.5,63.3,48.9,29.17,706,29.17,0.0,75.2,55.9,282,76.5,session,"Session - Oct 3, 2025 5:51:11 PM",2025-10-03 05:51:11 PM 5:51:11 PM,01:09:48,,,,Enter Notes
2025-10-03 06:31:30 PM,76.5,63.1,48.8,29.17,706,29.17,0.0,75.2,55.8,282,76.5,session,"Session - Oct 3, 2025 5:51:11 PM",2025-10-03 05:51:11 PM 5:51:11 PM,01:09:48,,,,Enter Notes
2025-10-03 06:31:35 PM,76.4,63.1,48.7,29.17,706,29.17,0.0,75.0,55.6,282,76.3,session,"Session - Oct 3, 2025 5:51:11 PM",2025-10-03 05:51:11 PM 5:51:11 PM,01:09:48,,,,Enter Notes
2025-10-03 06:31:40 PM,76.3,63.0,48.5,29.18,703,29.18,0.0,75.0,55.5,282,76.3,session,"Session - Oct 3, 2025 5:51:11 PM",2025-10-03 05:51:11 PM 5:51:11 PM,01:09:48,,,,Enter Notes
2025-10-03 06:31:45 PM,76.3,63.0,48.5,29.17,706,29.17,0.0,74.8,55.4,282,76.1,session,"Session - Oct 3, 2025 5:51:11 PM",2025-10-03 05:51:11 PM 5:51:11 PM,01:09:48,,,,Enter Notes
2025-10-03 06:31:50 PM,76.3,63.1,48.5,29.18,706,29.18,0.0,75.0,55.5,282,76.3,session,"Session - Oct 3, 2025 5:51:11 PM",2025-10-03 05:51:11 PM 5:51:11 PM,01:09:48,,,,Enter Notes
2025-10-03 06:31:55 PM,76.3,63.1,48.6,29.18,706,29.18,0.0,75.0,55.5,282,76.3,session,"Session - Oct 3, 2025 5:51:11 PM",2025-10-03 05:51:11 PM 5:51:11 PM,01:09:48,,,,Enter Notes
2025-10-03 06:32:00 PM,76.3,63.1,48.6,29.18,703,29.18,0.0,75.0,55.5,282,76.3,session,"Session - Oct 3, 2025 5:51:11 PM",2025-10-03 05:51:11 PM 5:51:11 PM,01:09:48,,,,Enter Notes
2025-10-03 06:32:05 PM,76.3,63.0,48.5,29.18,706,29.18,0.0,75.0,55.5,282,76.3,session,"Session - Oct 3, 2025 5:51:11 PM",2025-10-03 05:51:11 PM 5:51:11 PM,01:09:48,,,,Enter Notes
2025-10-03 06:32:10 PM,76.3,63.1,48.5,29.18,703,29.18,0.0,75.0,55.5,282,76.3,session,"Session - Oct 3, 2025 5:51:11 PM",2025-10-03 05:51:11 PM 5:51:11 PM,01:09:48,,,,Enter Notes
2025-10-03 06:32:15 PM,76.4,63.1,48.4,29.18,703,29.18,0.0,75.0,55.6,282,76.3,session,"Session - Oct 3, 2025 5:51:11 PM",2025-10-03 05:51:11 PM 5:51:11 PM,01:09:48,,,,Enter Notes
2025-10-03 06:32:20 PM,76.5,63.1,48.5,29.18,703,29.18,0.0,75.2,55.6,282,76.5,session,"Session - Oct 3, 2025 5:51:11 PM",2025-10-03 05:51:11 PM 5:51:11 PM,01:09:48,,,,Enter Notes
2025-10-03 06:32:25 PM,76.5,63.1,48.5,29.18,701,29.18,0.0,75.2,55.7,282,76.5,session,"Session - Oct 3, 2025 5:51:11 PM",2025-10-03 05:51:11 PM 5:51:11 PM,01:09:48,,,,Enter Notes
2025-10-03 06:32:30 PM,76.6,63.3,48.4,29.18,701,29.18,0.9,75.2,55.7,282,76.5,session,"Session - Oct 3, 2025 5:51:11 PM",2025-10-03 05:51:11 PM 5:51:11 PM,01:09:48,,,,Enter Notes
2025-10-03 06:32:35 PM,76.6,63.3,48.4,29.18,701,29.18,0.9,75.2,55.7,282,76.6,session,"Session - Oct 3, 2025 5:51:11 PM",2025-10-03 05:51:11 PM 5:51:11 PM,01:09:48,,,,Enter Notes
2025-10-03 06:32:40 PM,76.6,63.3,48.4,29.18,698,29.18,0.8,75.0,55.7,282,76.5,session,"Session - Oct 3, 2025 5:51:11 PM",2025-10-03 05:51:11 PM 5:51:11 PM,01:09:48,,,,Enter Notes
2025-10-03 06:32:45 PM,76.6,63.3,48.3,29.18,701,29.18,0.9,75.0,55.7,282,76.5,session,"Session - Oct 3, 2025 5:51:11 PM",2025-10-03 05:51:11 PM 5:51:11 PM,01:09:48,,,,Enter Notes
2025-10-03 06:32:50 PM,76.6,63.1,48.3,29.18,701,29.18,0.0,75.0,55.6,282,76.5,session,"Session - Oct 3, 2025 5:51:11 PM",2025-10-03 05:51:11 PM 5:51:11 PM,01:09:48,,,,Enter Notes
2025-10-03 06:32:55 PM,76.5,63.1,48.2,29.18,701,29.18,0.9,75.0,55.5,282,76.5,session,"Session - Oct 3, 2025 5:51:11 PM",2025-10-03 05:51:11 PM 5:51:11 PM,01:09:48,,,,Enter Notes
2025-10-03 06:33:00 PM,76.5,63.1,48.2,29.18,698,29.18,0.9,75.0,55.5,282,76.5,session,"Session - Oct 3, 2025 5:51:11 PM",2025-10-03 05:51:11 PM 5:51:11 PM,01:09:48,,,,Enter Notes
2025-10-03 06:33:05 PM,76.5,63.1,48.1,29.18,698,29.18,0.7,75.0,55.4,282,76.5,session,"Session - Oct 3, 2025 5:51:11 PM",2025-10-03 05:51:11 PM 5:51:11 PM,01:09:48,,,,Enter Notes
2025-10-03 06:33:10 PM,76.5,63.1,48.1,29.18,698,29.18,0.0,75.0,55.5,282,76.5,session,"Session - Oct 3, 2025 5:51:11 PM",2025-10-03 05:51:11 PM 5:51:11 PM,01:09:48,,,,Enter Notes
2025-10-03 06:33:15 PM,76.4,63.1,48.2,29.18,698,29.18,0.0,74.8,55.4,282,76.3,session,"Session - Oct 3, 2025 5:51:11 PM",2025-10-03 05:51:11 PM 5:51:11 PM,01:09:48,,,,Enter Notes
2025-10-03 06:33:20 PM,76.5,63.1,48.2,29.18,701,29.18,0.0,75.0,55.5,282,76.5,session,"Session - Oct 3, 2025 5:51:11 PM",2025-10-03 05:51:11 PM 5:51:11 PM,01:09:48,,,,Enter Notes
2025-10-03 06:33:25 PM,76.6,63.1,48.2,29.18,698,29.18,0.9,75.0,55.6,282,76.5,session,"Session - Oct 3, 2025 5:51:11 PM",2025-10-03 05:51:11 PM 5:51:11 PM,01:09:48,,,,Enter Notes
2025-10-03 06:33:30 PM,76.4,63.1,48.2,29.18,701,29.18,0.0,74.8,55.4,282,76.3,session,"Session - Oct 3, 2025 5:51:11 PM",2025-10-03 05:51:11 PM 5:51:11 PM,01:09:48,,,,Enter Notes
2025-10-03 06:33:35 PM,76.4,63.1,48.2,29.18,698,29.18,0.0,74.8,55.4,282,76.3,session,"Session - Oct 3, 2025 5:51:11 PM",2025-10-03 05:51:11 PM 5:51:11 PM,01:09:48,,,,Enter Notes
2025-10-03 06:33:40 PM,76.4,63.1,48.3,29.18,701,29.18,0.8,74.8,55.5,282,76.3,session,"Session - Oct 3, 2025 5:51:11 PM",2025-10-03 05:51:11 PM 5:51:11 PM,01:09:48,,,,Enter Notes
2025-10-03 06:33:45 PM,76.4,63.1,48.4,29.18,698,29.18,0.8,74.8,55.5,282,76.3,session,"Session - Oct 3, 2025 5:51:11 PM",2025-10-03 05:51:11 PM 5:51:11 PM,01:09:48,,,,Enter Notes
2025-10-03 06:33:50 PM,76.4,63.1,48.4,29.18,698,29.18,0.8,74.8,55.5,282,76.3,session,"Session - Oct 3, 2025 5:51:11 PM",2025-10-03 05:51:11 PM 5:51:11 PM,01:09:48,,,,Enter Notes
2025-10-03 06:33:55 PM,76.3,63.0,48.4,29.18,698,29.18,0.9,74.8,55.4,282,76.3,session,"Session - Oct 3, 2025 5:51:11 PM",2025-10-03 05:51:11 PM 5:51:11 PM,01:09:48,,,,Enter Notes
2025-10-03 06:34:00 PM,76.2,63.0,48.4,29.18,698,29.18,0.8,74.7,55.3,282,76.1,session,"Session - Oct 3, 2025 5:51:11 PM",2025-10-03 05:51:11 PM 5:51:11 PM,01:09:48,,,,Enter Notes
2025-10-03 06:34:05 PM,76.2,63.0,48.4,29.18,698,29.18,0.9,74.7,55.3,282,76.1,session,"Session - Oct 3, 2025 5:51:11 PM",2025-10-03 05:51:11 PM 5:51:11 PM,01:09:48,,,,Enter Notes
2025-10-03 06:34:10 PM,76.2,63.0,48.3,29.18,698,29.18,1.0,74.7,55.3,282,76.1,session,"Session - Oct 3, 2025 5:51:11 PM",2025-10-03 05:51:11 PM 5:51:11 PM,01:09:48,,,,Enter Notes
2025-10-03 06:34:15 PM,76.1,62.8,48.3,29.18,698,29.18,1.4,74.7,55.2,282,76.1,session,"Session - Oct 3, 2025 5:51:11 PM",2025-10-03 05:51:11 PM 5:51:11 PM,01:09:48,,,,Enter Notes
2025-10-03 06:34:20 PM,76.2,63.0,48.3,29.18,694,29.18,1.0,74.7,55.3,282,76.1,session,"Session - Oct 3, 2025 5:51:11 PM",2025-10-03 05:51:11 PM 5:51:11 PM,01:09:48,,,,Enter Notes
2025-10-03 06:34:25 PM,76.2,63.0,48.2,29.18,698,29.18,1.1,74.7,55.2,282,76.1,session,"Session - Oct 3, 2025 5:51:11 PM",2025-10-03 05:51:11 PM 5:51:11 PM,01:09:48,,,,Enter Notes
2025-10-03 06:34:30 PM,76.1,62.8,48.2,29.18,698,29.18,0.9,74.5,55.1,282,75.9,session,"Session - Oct 3, 2025 5:51:11 PM",2025-10-03 05:51:11 PM 5:51:11 PM,01:09:48,,,,Enter Notes
2025-10-03 06:34:35 PM,76.1,62.8,48.1,29.18,698,29.18,0.9,74.7,55.1,282,76.1,session,"Session - Oct 3, 2025 5:51:11 PM",2025-10-03 05:51:11 PM 5:51:11 PM,01:09:48,,,,Enter Notes
2025-10-03 06:34:40 PM,76.1,62.8,48.1,29.18,698,29.18,0.7,74.5,55.0,282,75.9,session,"Session - Oct 3, 2025 5:51:11 PM",2025-10-03 05:51:11 PM 5:51:11 PM,01:09:48,,,,Enter Notes
2025-10-03 06:34:45 PM,75.8,62.6,48.1,29.18,698,29.18,0.0,74.3,54.8,282,75.7,session,"Session - Oct 3, 2025 5:51:11 PM",2025-10-03 05:51:11 PM 5:51:11 PM,01:09:48,,,,Enter Notes
2025-10-03 06:34:50 PM,75.9,62.6,48.1,29.18,701,29.18,0.0,74.3,54.8,282,75.7,session,"Session - Oct 3, 2025 5:51:11 PM",2025-10-03 05:51:11 PM 5:51:11 PM,01:09:48,,,,Enter Notes
2025-10-03 06:34:55 PM,75.7,62.4,48.1,29.18,701,29.18,0.0,74.1,54.7,282,75.6,session,"Session - Oct 3, 2025 5:51:11 PM",2025-10-03 05:51:11 PM 5:51:11 PM,01:09:48,,,,Enter Notes
2025-10-03 06:35:00 PM,75.6,62.4,48.2,29.18,694,29.18,0.0,74.1,54.7,282,75.6,session,"Session - Oct 3, 2025 5:51:11 PM",2025-10-03 05:51:11 PM 5:51:11 PM,01:09:48,,,,Enter Notes
2025-10-03 06:35:05 PM,75.6,62.4,48.2,29.18,698,29.18,0.0,74.1,54.7,282,75.6,session,"Session - Oct 3, 2025 5:51:11 PM",2025-10-03 05:51:11 PM 5:51:11 PM,01:09:48,,,,Enter Notes
2025-10-03 06:35:10 PM,75.6,62.4,48.4,29.18,698,29.18,0.0,74.1,54.8,282,75.6,session,"Session - Oct 3, 2025 5:51:11 PM",2025-10-03 05:51:11 PM 5:51:11 PM,01:09:48,,,,Enter Notes
2025-10-03 06:35:15 PM,75.7,62.6,48.5,29.18,701,29.18,0.0,74.3,55.0,282,75.6,session,"Session - Oct 3, 2025 5:51:11 PM",2025-10-03 05:51:11 PM 5:51:11 PM,01:09:48,,,,Enter Notes
2025-10-03 06:35:20 PM,75.8,62.8,48.6,29.18,701,29.18,0.0,74.5,55.1,282,75.7,session,"Session - Oct 3, 2025 5:51:11 PM",2025-10-03 05:51:11 PM 5:51:11 PM,01:09:48,,,,Enter Notes
2025-10-03 06:35:25 PM,75.8,62.6,48.7,29.18,698,29.18,0.9,74.5,55.1,282,75.7,session,"Session - Oct 3, 2025 5:51:11 PM",2025-10-03 05:51:11 PM 5:51:11 PM,01:09:48,,,,Enter Notes
2025-10-03 06:35:30 PM,75.7,62.6,48.8,29.18,701,29.18,1.0,74.3,55.1,282,75.6,session,"Session - Oct 3, 2025 5:51:11 PM",2025-10-03 05:51:11 PM 5:51:11 PM,01:09:48,,,,Enter Notes
2025-10-03 06:35:35 PM,75.6,62.4,48.8,29.18,701,29.18,0.0,74.3,55.0,282,75.6,session,"Session - Oct 3, 2025 5:51:11 PM",2025-10-03 05:51:11 PM 5:51:11 PM,01:09:48,,,,Enter Notes
2025-10-03 06:35:40 PM,75.7,62.6,48.8,29.18,701,29.18,0.0,74.3,55.0,282,75.6,session,"Session - Oct 3, 2025 5:51:11 PM",2025-10-03 05:51:11 PM 5:51:11 PM,01:09:48,,,,Enter Notes
2025-10-03 06:35:45 PM,75.6,62.4,48.8,29.18,701,29.18,0.9,74.3,55.0,282,75.6,session,"Session - Oct 3, 2025 5:51:11 PM",2025-10-03 05:51:11 PM 5:51:11 PM,01:09:48,,,,Enter Notes
2025-10-03 06:35:50 PM,75.6,62.4,48.9,29.18,701,29.18,0.8,74.3,55.1,282,75.6,session,"Session - Oct 3, 2025 5:51:11 PM",2025-10-03 05:51:11 PM 5:51:11 PM,01:09:48,,,,Enter Notes
2025-10-03 06:35:55 PM,75.7,62.6,48.9,29.18,703,29.18,1.0,74.3,55.2,282,75.6,session,"Session - Oct 3, 2025 5:51:11 PM",2025-10-03 05:51:11 PM 5:51:11 PM,01:09:48,,,,Enter Notes
2025-10-03 06:36:00 PM,75.8,62.8,49.1,29.18,701,29.18,1.0,74.5,55.4,282,75.7,session,"Session - Oct 3, 2025 5:51:11 PM",2025-10-03 05:51:11 PM 5:51:11 PM,01:09:48,,,,Enter Notes
2025-10-03 06:36:05 PM,75.9,63.0,49.1,29.18,701,29.18,1.2,74.7,55.5,282,75.9,session,"Session - Oct 3, 2025 5:51:11 PM",2025-10-03 05:51:11 PM 5:51:11 PM,01:09:48,,,,Enter Notes
2025-10-03 06:36:10 PM,75.9,63.0,49.2,29.18,703,29.18,1.3,74.7,55.5,282,75.9,session,"Session - Oct 3, 2025 5:51:11 PM",2025-10-03 05:51:11 PM 5:51:11 PM,01:09:48,,,,Enter Notes
2025-10-03 06:36:15 PM,75.9,63.0,49.2,29.18,703,29.18,1.2,74.7,55.5,282,75.9,session,"Session - Oct 3, 2025 5:51:11 PM",2025-10-03 05:51:11 PM 5:51:11 PM,01:09:48,,,,Enter Notes
2025-10-03 06:36:20 PM,75.9,62.8,49.1,29.18,706,29.18,0.9,74.5,55.5,282,75.7,session,"Session - Oct 3, 2025 5:51:11 PM",2025-10-03 05:51:11 PM 5:51:11 PM,01:09:48,,,,Enter Notes
2025-10-03 06:36:25 PM,75.9,62.8,49.1,29.18,703,29.18,0.0,74.5,55.4,282,75.7,session,"Session - Oct 3, 2025 5:51:11 PM",2025-10-03 05:51:11 PM 5:51:11 PM,01:09:48,,,,Enter Notes
2025-10-03 06:36:30 PM,75.8,62.8,49.1,29.18,703,29.18,0.0,74.5,55.4,282,75.7,session,"Session - Oct 3, 2025 5:51:11 PM",2025-10-03 05:51:11 PM 5:51:11 PM,01:09:48,,,,Enter Notes
2025-10-03 06:36:35 PM,75.9,62.8,49.1,29.18,703,29.18,0.0,74.5,55.4,282,75.9,session,"Session - Oct 3, 2025 5:51:11 PM",2025-10-03 05:51:11 PM 5:51:11 PM,01:09:48,,,,Enter Notes
2025-10-03 06:36:40 PM,76.0,63.0,49.1,29.18,703,29.18,0.0,74.7,55.5,282,75.9,session,"Session - Oct 3, 2025 5:51:11 PM",2025-10-03 05:51:11 PM 5:51:11 PM,01:09:48,,,,Enter Notes
2025-10-03 06:36:45 PM,76.1,63.0,49.1,29.18,706,29.18,0.8,74.7,55.6,282,75.9,session,"Session - Oct 3, 2025 5:51:11 PM",2025-10-03 05:51:11 PM 5:51:11 PM,01:09:48,,,,Enter Notes
2025-10-03 06:36:50 PM,76.2,63.1,49.2,29.17,706,29.17,0.0,74.8,55.8,282,76.1,session,"Session - Oct 3, 2025 5:51:11 PM",2025-10-03 05:51:11 PM 5:51:11 PM,01:09:48,,,,Enter Notes
2025-10-03 06:36:55 PM,76.3,63.1,49.1,29.17,706,29.17,0.0,74.8,55.8,282,76.1,session,"Session - Oct 3, 2025 5:51:11 PM",2025-10-03 05:51:11 PM 5:51:11 PM,01:09:48,,,,Enter Notes
2025-10-03 06:37:00 PM,76.2,63.1,49.1,29.17,706,29.17,0.9,74.8,55.7,282,76.1,session,"Session - Oct 3, 2025 5:51:11 PM",2025-10-03 05:51:11 PM 5:51:11 PM,01:09:48,,,,Enter Notes
2025-10-03 06:37:05 PM,76.2,63.1,49.1,29.17,706,29.17,0.9,74.8,55.7,282,76.1,session,"Session - Oct 3, 2025 5:51:11 PM",2025-10-03 05:51:11 PM 5:51:11 PM,01:09:48,,,,Enter Notes
2025-10-03 06:37:10 PM,76.3,63.1,49.0,29.17,706,29.17,0.0,75.0,55.7,282,76.3,session,"Session - Oct 3, 2025 5:51:11 PM",2025-10-03 05:51:11 PM 5:51:11 PM,01:09:48,,,,Enter Notes
2025-10-03 06:37:15 PM,76.3,63.1,49.0,29.17,706,29.17,0.0,75.0,55.8,282,76.3,session,"Session - Oct 3, 2025 5:51:11 PM",2025-10-03 05:51:11 PM 5:51:11 PM,01:09:48,,,,Enter Notes
2025-10-03 06:37:20 PM,76.4,63.3,49.1,29.17,706,29.17,0.0,75.0,55.9,282,76.3,session,"Session - Oct 3, 2025 5:51:11 PM",2025-10-03 05:51:11 PM 5:51:11 PM,01:09:48,,,,Enter Notes
2025-10-03 06:37:25 PM,76.6,63.5,49.1,29.18,703,29.18,0.0,75.2,56.1,282,76.5,session,"Session - Oct 3, 2025 5:51:11 PM",2025-10-03 05:51:11 PM 5:51:11 PM,01:09:48,,,,Enter Notes
2025-10-03 06:37:30 PM,76.4,63.3,49.2,29.18,706,29.18,0.0,75.0,56.0,282,76.3,session,"Session - Oct 3, 2025 5:51:11 PM",2025-10-03 05:51:11 PM 5:51:11 PM,01:09:48,,,,Enter Notes
2025-10-03 06:37:35 PM,76.5,63.5,49.2,29.18,706,29.18,0.0,75.2,56.1,282,76.5,session,"Session - Oct 3, 2025 5:51:11 PM",2025-10-03 05:51:11 PM 5:51:11 PM,01:09:48,,,,Enter Notes
2025-10-03 06:37:40 PM,76.6,63.5,49.2,29.17,706,29.17,1.0,75.2,56.1,282,76.5,session,"Session - Oct 3, 2025 5:51:11 PM",2025-10-03 05:51:11 PM 5:51:11 PM,01:09:48,,,,Enter Notes
2025-10-03 06:37:45 PM,76.7,63.5,49.2,29.17,706,29.17,0.8,75.4,56.2,282,76.6,session,"Session - Oct 3, 2025 5:51:11 PM",2025-10-03 05:51:11 PM 5:51:11 PM,01:09:48,,,,Enter Notes
2025-10-03 06:37:50 PM,76.6,63.5,49.3,29.18,706,29.18,0.0,75.2,56.2,282,76.5,session,"Session - Oct 3, 2025 5:51:11 PM",2025-10-03 05:51:11 PM 5:51:11 PM,01:09:48,,,,Enter Notes
2025-10-03 06:37:55 PM,76.8,63.7,49.4,29.18,706,29.18,0.0,75.4,56.4,282,76.6,session,"Session - Oct 3, 2025 5:51:11 PM",2025-10-03 05:51:11 PM 5:51:11 PM,01:09:48,,,,Enter Notes
2025-10-03 06:38:00 PM,76.7,63.5,49.3,29.18,703,29.18,0.0,75.4,56.3,282,76.6,session,"Session - Oct 3, 2025 5:51:11 PM",2025-10-03 05:51:11 PM 5:51:11 PM,01:09:48,,,,Enter Notes
2025-10-03 06:38:05 PM,76.7,63.5,49.4,29.18,703,29.18,0.0,75.4,56.3,282,76.6,session,"Session - Oct 3, 2025 5:51:11 PM",2025-10-03 05:51:11 PM 5:51:11 PM,01:09:48,,,,Enter Notes
2025-10-03 06:38:10 PM,76.6,63.5,49.3,29.18,703,29.18,0.9,75.2,56.2,282,76.6,session,"Session - Oct 3, 2025 5:51:11 PM",2025-10-03 05:51:11 PM 5:51:11 PM,01:09:48,,,,Enter Notes
2025-10-03 06:38:15 PM,76.6,63.5,49.3,29.18,703,29.18,0.0,75.2,56.2,282,76.5,session,"Session - Oct 3, 2025 5:51:11 PM",2025-10-03 05:51:11 PM 5:51:11 PM,01:09:48,,,,Enter Notes
2025-10-03 06:38:20 PM,76.5,63.5,49.2,29.18,703,29.18,0.0,75.2,56.1,282,76.5,session,"Session - Oct 3, 2025 5:51:11 PM",2025-10-03 05:51:11 PM 5:51:11 PM,01:09:48,,,,Enter Notes
2025-10-03 06:38:25 PM,76.3,63.1,49.1,29.18,703,29.18,0.0,75.0,55.9,282,76.3,session,"Session - Oct 3, 2025 5:51:11 PM",2025-10-03 05:51:11 PM 5:51:11 PM,01:09:48,,,,Enter Notes
2025-10-03 06:38:30 PM,76.4,63.3,49.0,29.18,703,29.18,0.8,75.0,55.9,282,76.3,session,"Session - Oct 3, 2025 5:51:11 PM",2025-10-03 05:51:11 PM 5:51:11 PM,01:09:48,,,,Enter Notes
2025-10-03 06:38:35 PM,76.5,63.3,49.0,29.18,706,29.18,0.0,75.2,56.0,282,76.5,session,"Session - Oct 3, 2025 5:51:11 PM",2025-10-03 05:51:11 PM 5:51:11 PM,01:09:48,,,,Enter Notes
2025-10-03 06:38:40 PM,76.6,63.5,49.0,29.18,703,29.18,0.0,75.2,56.0,282,76.5,session,"Session - Oct 3, 2025 5:51:11 PM",2025-10-03 05:51:11 PM 5:51:11 PM,01:09:48,,,,Enter Notes
2025-10-03 06:38:45 PM,76.6,63.5,49.1,29.18,706,29.18,0.0,75.2,56.0,282,76.5,session,"Session - Oct 3, 2025 5:51:11 PM",2025-10-03 05:51:11 PM 5:51:11 PM,01:09:48,,,,Enter Notes
2025-10-03 06:38:50 PM,76.6,63.5,49.0,29.18,703,29.18,1.0,75.2,56.0,282,76.5,session,"Session - Oct 3, 2025 5:51:11 PM",2025-10-03 05:51:11 PM 5:51:11 PM,01:09:48,,,,Enter Notes
2025-10-03 06:38:55 PM,76.5,63.3,49.0,29.18,703,29.18,0.0,75.2,55.9,282,76.5,session,"Session - Oct 3, 2025 5:51:11 PM",2025-10-03 05:51:11 PM 5:51:11 PM,01:09:48,,,,Enter Notes
2025-10-03 06:39:00 PM,76.5,63.3,49.0,29.18,703,29.18,0.9,75.2,55.9,282,76.5,session,"Session - Oct 3, 2025 5:51:11 PM",2025-10-03 05:51:11 PM 5:51:11 PM,01:09:48,,,,Enter Notes
2025-10-03 06:39:05 PM,76.4,63.1,48.9,29.17,706,29.17,0.0,75.0,55.8,282,76.3,session,"Session - Oct 3, 2025 5:51:11 PM",2025-10-03 05:51:11 PM 5:51:11 PM,01:09:48,,,,Enter Notes
2025-10-03 06:39:10 PM,76.3,63.1,48.8,29.17,706,29.17,0.0,75.0,55.7,282,76.3,session,"Session - Oct 3, 2025 5:51:11 PM",2025-10-03 05:51:11 PM 5:51:11 PM,01:09:48,,,,Enter Notes
2025-10-03 06:39:15 PM,76.3,63.1,48.8,29.18,706,29.18,0.0,75.0,55.6,282,76.3,session,"Session - Oct 3, 2025 5:51:11 PM",2025-10-03 05:51:11 PM 5:51:11 PM,01:09:48,,,,Enter Notes
2025-10-03 06:39:20 PM,76.3,63.1,48.9,29.17,706,29.17,0.0,75.0,55.7,282,76.3,session,"Session - Oct 3, 2025 5:51:11 PM",2025-10-03 05:51:11 PM 5:51:11 PM,01:09:48,,,,Enter Notes
2025-10-03 06:39:25 PM,76.3,63.1,49.0,29.17,706,29.17,0.9,75.0,55.8,282,76.3,session,"Session - Oct 3, 2025 5:51:11 PM",2025-10-03 05:51:11 PM 5:51:11 PM,01:09:48,,,,Enter Notes
2025-10-03 06:39:30 PM,76.4,63.3,49.1,29.18,703,29.18,0.8,75.0,55.9,282,76.3,session,"Session - Oct 3, 2025 5:51:11 PM",2025-10-03 05:51:11 PM 5:51:11 PM,01:09:48,,,,Enter Notes
2025-10-03 06:39:35 PM,76.4,63.3,49.1,29.17,706,29.17,0.0,75.0,55.9,282,76.3,session,"Session - Oct 3, 2025 5:51:11 PM",2025-10-03 05:51:11 PM 5:51:11 PM,01:09:48,,,,Enter Notes
2025-10-03 06:39:40 PM,76.5,63.5,49.2,29.17,709,29.17,0.0,75.2,56.0,282,76.5,session,"Session - Oct 3, 2025 5:51:11 PM",2025-10-03 05:51:11 PM 5:51:11 PM,01:09:48,,,,Enter Notes
2025-10-03 06:39:45 PM,76.4,63.3,49.2,29.17,709,29.17,0.0,75.0,55.9,282,76.3,session,"Session - Oct 3, 2025 5:51:11 PM",2025-10-03 05:51:11 PM 5:51:11 PM,01:09:48,,,,Enter Notes
2025-10-03 06:39:50 PM,76.4,63.3,49.2,29.17,706,29.17,0.9,75.0,56.0,282,76.3,session,"Session - Oct 3, 2025 5:51:11 PM",2025-10-03 05:51:11 PM 5:51:11 PM,01:09:48,,,,Enter Notes
2025-10-03 06:39:55 PM,76.4,63.3,49.3,29.17,709,29.17,0.9,75.0,56.0,282,76.3,session,"Session - Oct 3, 2025 5:51:11 PM",2025-10-03 05:51:11 PM 5:51:11 PM,01:09:48,,,,Enter Notes
2025-10-03 06:40:00 PM,76.3,63.1,49.2,29.17,709,29.17,0.9,75.0,55.9,282,76.3,session,"Session - Oct 3, 2025 5:51:11 PM",2025-10-03 05:51:11 PM 5:51:11 PM,01:09:48,,,,Enter Notes
2025-10-03 06:40:05 PM,76.2,63.1,49.1,29.17,709,29.17,0.9,74.8,55.7,282,76.1,session,"Session - Oct 3, 2025 5:51:11 PM",2025-10-03 05:51:11 PM 5:51:11 PM,01:09:48,,,,Enter Notes
2025-10-03 06:40:10 PM,76.0,63.0,48.8,29.17,709,29.17,0.8,74.7,55.4,282,75.9,session,"Session - Oct 3, 2025 5:51:11 PM",2025-10-03 05:51:11 PM 5:51:11 PM,01:09:48,,,,Enter Notes
2025-10-03 06:40:15 PM,75.9,62.8,48.7,29.17,710,29.17,0.9,74.7,55.3,282,75.9,session,"Session - Oct 3, 2025 5:51:11 PM",2025-10-03 05:51:11 PM 5:51:11 PM,01:09:48,,,,Enter Notes
2025-10-03 06:40:20 PM,75.8,62.8,48.7,29.17,710,29.17,0.8,74.5,55.1,282,75.7,session,"Session - Oct 3, 2025 5:51:11 PM",2025-10-03 05:51:11 PM 5:51:11 PM,01:09:48,,,,Enter Notes
2025-10-03 06:40:25 PM,75.8,62.6,48.7,29.17,710,29.17,0.8,74.5,55.1,282,75.7,session,"Session - Oct 3, 2025 5:51:11 PM",2025-10-03 05:51:11 PM 5:51:11 PM,01:09:48,,,,Enter Notes
2025-10-03 06:40:30 PM,75.7,62.6,48.7,29.17,710,29.17,0.0,74.5,55.1,282,75.7,session,"Session - Oct 3, 2025 5:51:11 PM",2025-10-03 05:51:11 PM 5:51:11 PM,01:09:48,,,,Enter Notes
2025-10-03 06:40:35 PM,75.7,62.6,48.7,29.17,713,29.17,1.0,74.3,55.0,282,75.6,session,"Session - Oct 3, 2025 5:51:11 PM",2025-10-03 05:51:11 PM 5:51:11 PM,01:09:48,,,,Enter Notes
2025-10-03 06:40:40 PM,75.8,62.6,48.7,29.17,710,29.17,0.8,74.5,55.1,282,75.7,session,"Session - Oct 3, 2025 5:51:11 PM",2025-10-03 05:51:11 PM 5:51:11 PM,01:09:48,,,,Enter Notes
2025-10-03 06:40:45 PM,75.7,62.6,48.7,29.17,713,29.17,0.9,74.3,55.0,282,75.6,session,"Session - Oct 3, 2025 5:51:11 PM",2025-10-03 05:51:11 PM 5:51:11 PM,01:09:48,,,,Enter Notes
2025-10-03 06:40:50 PM,75.6,62.4,48.6,29.17,710,29.17,0.9,74.3,54.9,282,75.6,session,"Session - Oct 3, 2025 5:51:11 PM",2025-10-03 05:51:11 PM 5:51:11 PM,01:09:48,,,,Enter Notes
2025-10-03 06:40:55 PM,75.4,62.2,48.6,29.17,713,29.17,0.0,74.1,54.7,282,75.4,session,"Session - Oct 3, 2025 5:51:11 PM",2025-10-03 05:51:11 PM 5:51:11 PM,01:09:48,,,,Enter Notes
2025-10-03 06:41:00 PM,75.4,62.2,48.6,29.17,710,29.17,0.7,74.1,54.7,282,75.4,session,"Session - Oct 3, 2025 5:51:11 PM",2025-10-03 05:51:11 PM 5:51:11 PM,01:09:48,,,,Enter Notes
2025-10-03 06:41:05 PM,75.5,62.4,48.7,29.17,710,29.17,0.0,74.1,54.8,282,75.4,session,"Session - Oct 3, 2025 5:51:11 PM",2025-10-03 05:51:11 PM 5:51:11 PM,01:09:48,,,,Enter Notes
2025-10-03 06:41:10 PM,75.5,62.4,48.9,29.17,710,29.17,0.0,74.1,55.0,282,75.4,session,"Session - Oct 3, 2025 5:51:11 PM",2025-10-03 05:51:11 PM 5:51:11 PM,01:09:48,,,,Enter Notes
2025-10-03 06:41:15 PM,75.5,62.4,49.0,29.17,710,29.17,0.8,74.1,55.0,282,75.4,session,"Session - Oct 3, 2025 5:51:11 PM",2025-10-03 05:51:11 PM 5:51:11 PM,01:09:48,,,,Enter Notes
2025-10-03 06:41:20 PM,75.4,62.4,49.1,29.17,710,29.17,0.9,74.1,55.0,282,75.4,session,"Session - Oct 3, 2025 5:51:11 PM",2025-10-03 05:51:11 PM 5:51:11 PM,01:09:48,,,,Enter Notes
2025-10-03 06:41:25 PM,75.3,62.4,49.1,29.17,710,29.17,0.0,73.9,54.9,282,75.2,session,"Session - Oct 3, 2025 5:51:11 PM",2025-10-03 05:51:11 PM 5:51:11 PM,01:09:48,,,,Enter Notes
2025-10-03 06:41:30 PM,75.0,62.2,49.1,29.17,710,29.17,0.0,73.8,54.7,282,75.0,session,"Session - Oct 3, 2025 5:51:11 PM",2025-10-03 05:51:11 PM 5:51:11 PM,01:09:48,,,,Enter Notes
2025-10-03 06:41:38 PM,75.0,62.2,49.0,29.17,710,29.17,0.0,73.8,54.6,282,75.0,session,"Session - Oct 3, 2025 5:51:11 PM",2025-10-03 05:51:11 PM 5:51:11 PM,01:09:48,,,,Enter Notes
2025-10-03 06:41:40 PM,75.0,62.2,49.1,29.17,710,29.17,0.0,73.8,54.6,282,75.0,session,"Session - Oct 3, 2025 5:51:11 PM",2025-10-03 05:51:11 PM 5:51:11 PM,01:09:48,,,,Enter Notes
2025-10-03 06:41:45 PM,75.1,62.4,49.2,29.17,710,29.17,0.9,73.8,54.8,282,75.0,session,"Session - Oct 3, 2025 5:51:11 PM",2025-10-03 05:51:11 PM 5:51:11 PM,01:09:48,,,,Enter Notes
2025-10-03 06:41:50 PM,75.2,62.4,49.3,29.17,710,29.17,0.9,73.8,54.9,282,75.0,session,"Session - Oct 3, 2025 5:51:11 PM",2025-10-03 05:51:11 PM 5:51:11 PM,01:09:48,,,,Enter Notes
2025-10-03 06:41:55 PM,75.2,62.4,49.4,29.17,710,29.17,0.0,73.8,55.0,282,75.0,session,"Session - Oct 3, 2025 5:51:11 PM",2025-10-03 05:51:11 PM 5:51:11 PM,01:09:48,,,,Enter Notes
2025-10-03 06:42:00 PM,75.2,62.4,49.5,29.17,710,29.17,0.0,73.9,55.0,282,75.2,session,"Session - Oct 3, 2025 5:51:11 PM",2025-10-03 05:51:11 PM 5:51:11 PM,01:09:48,,,,Enter Notes
2025-10-03 06:42:05 PM,75.3,62.4,49.5,29.17,710,29.17,0.0,73.9,55.1,282,75.2,session,"Session - Oct 3, 2025 5:51:11 PM",2025-10-03 05:51:11 PM 5:51:11 PM,01:09:48,,,,Enter Notes
2025-10-03 06:42:10 PM,75.4,62.6,49.6,29.17,709,29.17,0.9,73.9,55.2,282,75.2,session,"Session - Oct 3, 2025 5:51:11 PM",2025-10-03 05:51:11 PM 5:51:11 PM,01:09:48,,,,Enter Notes
2025-10-03 06:42:15 PM,75.3,62.4,49.7,29.17,709,29.17,0.9,73.9,55.2,282,75.2,session,"Session - Oct 3, 2025 5:51:11 PM",2025-10-03 05:51:11 PM 5:51:11 PM,01:09:48,,,,Enter Notes
2025-10-03 06:42:20 PM,75.3,62.6,49.7,29.17,710,29.17,0.0,73.9,55.2,282,75.2,session,"Session - Oct 3, 2025 5:51:11 PM",2025-10-03 05:51:11 PM 5:51:11 PM,01:09:48,,,,Enter Notes
2025-10-03 06:42:25 PM,75.3,62.6,49.6,29.17,710,29.17,0.7,73.9,55.2,282,75.2,session,"Session - Oct 3, 2025 5:51:11 PM",2025-10-03 05:51:11 PM 5:51:11 PM,01:09:48,,,,Enter Notes
2025-10-03 06:42:30 PM,75.4,62.6,49.6,29.17,709,29.17,0.9,73.9,55.2,282,75.2,session,"Session - Oct 3, 2025 5:51:11 PM",2025-10-03 05:51:11 PM 5:51:11 PM,01:09:48,,,,Enter Notes
2025-10-03 06:42:35 PM,75.3,62.6,49.6,29.17,710,29.17,0.9,73.9,55.2,282,75.2,session,"Session - Oct 3, 2025 5:51:11 PM",2025-10-03 05:51:11 PM 5:51:11 PM,01:09:48,,,,Enter Notes
2025-10-03 06:42:40 PM,75.3,62.6,49.6,29.17,710,29.17,0.9,73.9,55.2,282,75.2,session,"Session - Oct 3, 2025 5:51:11 PM",2025-10-03 05:51:11 PM 5:51:11 PM,01:09:48,,,,Enter Notes
2025-10-03 06:42:45 PM,75.4,62.6,49.6,29.17,710,29.17,1.0,74.1,55.3,282,75.4,session,"Session - Oct 3, 2025 5:51:11 PM",2025-10-03 05:51:11 PM 5:51:11 PM,01:09:48,,,,Enter Notes
2025-10-03 06:42:50 PM,75.7,63.0,49.7,29.17,709,29.17,1.1,74.3,55.5,282,75.6,session,"Session - Oct 3, 2025 5:51:11 PM",2025-10-03 05:51:11 PM 5:51:11 PM,01:09:48,,,,Enter Notes
2025-10-03 06:42:55 PM,75.8,63.0,49.7,29.17,709,29.17,0.9,74.5,55.7,282,75.7,session,"Session - Oct 3, 2025 5:51:11 PM",2025-10-03 05:51:11 PM 5:51:11 PM,01:09:48,,,,Enter Notes
2025-10-03 06:43:00 PM,76.0,63.1,49.8,29.17,709,29.17,1.1,74.7,55.9,282,75.9,session,"Session - Oct 3, 2025 5:51:11 PM",2025-10-03 05:51:11 PM 5:51:11 PM,01:09:48,,,,Enter Notes
2025-10-03 06:43:05 PM,76.1,63.3,49.8,29.17,709,29.17,1.3,74.8,56.0,282,76.1,session,"Session - Oct 3, 2025 5:51:11 PM",2025-10-03 05:51:11 PM 5:51:11 PM,01:09:48,,,,Enter Notes
2025-10-03 06:43:10 PM,76.1,63.1,49.7,29.17,709,29.17,1.1,74.8,56.0,282,76.1,session,"Session - Oct 3, 2025 5:51:11 PM",2025-10-03 05:51:11 PM 5:51:11 PM,01:09:48,,,,Enter Notes
2025-10-03 06:43:15 PM,76.1,63.1,49.6,29.17,709,29.17,0.9,74.7,55.9,282,75.9,session,"Session - Oct 3, 2025 5:51:11 PM",2025-10-03 05:51:11 PM 5:51:11 PM,01:09:48,,,,Enter Notes
2025-10-03 06:43:20 PM,76.0,63.1,49.5,29.17,709,29.17,1.1,74.7,55.8,282,75.9,session,"Session - Oct 3, 2025 5:51:11 PM",2025-10-03 05:51:11 PM 5:51:11 PM,01:09:48,,,,Enter Notes
2025-10-03 06:43:25 PM,76.1,63.1,49.5,29.17,706,29.17,1.0,74.8,55.8,282,76.1,session,"Session - Oct 3, 2025 5:51:11 PM",2025-10-03 05:51:11 PM 5:51:11 PM,01:09:48,,,,Enter Notes
2025-10-03 06:43:30 PM,76.1,63.1,49.4,29.17,706,29.17,0.7,74.8,55.8,282,76.1,session,"Session - Oct 3, 2025 5:51:11 PM",2025-10-03 05:51:11 PM 5:51:11 PM,01:09:48,,,,Enter Notes
2025-10-03 06:43:35 PM,76.1,63.1,49.4,29.17,706,29.17,0.9,74.8,55.8,282,76.1,session,"Session - Oct 3, 2025 5:51:11 PM",2025-10-03 05:51:11 PM 5:51:11 PM,01:09:48,,,,Enter Notes
2025-10-03 06:43:40 PM,76.3,63.1,49.3,29.17,706,29.17,0.9,75.0,56.0,281,76.3,session,"Session - Oct 3, 2025 5:51:11 PM",2025-10-03 05:51:11 PM 5:51:11 PM,01:09:48,,,,Enter Notes
2025-10-03 06:43:45 PM,76.2,63.1,49.3,29.18,706,29.18,0.0,74.8,55.8,282,76.1,session,"Session - Oct 3, 2025 5:51:11 PM",2025-10-03 05:51:11 PM 5:51:11 PM,01:09:48,,,,Enter Notes
2025-10-03 06:43:50 PM,76.2,63.1,49.2,29.18,706,29.18,0.9,74.8,55.8,282,76.1,session,"Session - Oct 3, 2025 5:51:11 PM",2025-10-03 05:51:11 PM 5:51:11 PM,01:09:48,,,,Enter Notes
2025-10-03 06:43:55 PM,76.4,63.1,49.2,29.18,706,29.18,0.0,75.0,55.9,282,76.3,session,"Session - Oct 3, 2025 5:51:11 PM",2025-10-03 05:51:11 PM 5:51:11 PM,01:09:48,,,,Enter Notes
2025-10-03 06:44:00 PM,76.3,63.1,49.4,29.17,706,29.17,0.0,75.0,55.9,282,76.3,session,"Session - Oct 3, 2025 5:51:11 PM",2025-10-03 05:51:11 PM 5:51:11 PM,01:09:48,,,,Enter Notes
2025-10-03 06:44:05 PM,76.1,63.1,49.4,29.18,706,29.18,0.0,74.8,55.8,282,76.1,session,"Session - Oct 3, 2025 5:51:11 PM",2025-10-03 05:51:11 PM 5:51:11 PM,01:09:48,,,,Enter Notes
2025-10-03 06:44:10 PM,76.4,63.3,49.4,29.18,706,29.18,0.9,75.0,56.0,281,76.3,session,"Session - Oct 3, 2025 5:51:11 PM",2025-10-03 05:51:11 PM 5:51:11 PM,01:09:48,,,,Enter Notes
2025-10-03 06:44:15 PM,76.2,63.1,49.3,29.18,706,29.18,0.0,74.8,55.9,281,76.1,session,"Session - Oct 3, 2025 5:51:11 PM",2025-10-03 05:51:11 PM 5:51:11 PM,01:09:48,,,,Enter Notes
2025-10-03 06:44:20 PM,76.3,63.1,49.1,29.18,706,29.18,0.0,74.8,55.8,281,76.1,session,"Session - Oct 3, 2025 5:51:11 PM",2025-10-03 05:51:11 PM 5:51:11 PM,01:09:48,,,,Enter Notes
2025-10-03 06:44:25 PM,76.2,63.0,49.0,29.17,709,29.17,0.0,74.8,55.6,281,76.1,session,"Session - Oct 3, 2025 5:51:11 PM",2025-10-03 05:51:11 PM 5:51:11 PM,01:09:48,,,,Enter Notes
2025-10-03 06:44:30 PM,76.2,63.1,48.9,29.18,703,29.18,0.0,74.8,55.6,282,76.1,session,"Session - Oct 3, 2025 5:51:11 PM",2025-10-03 05:51:11 PM 5:51:11 PM,01:09:48,,,,Enter Notes
2025-10-03 06:44:35 PM,76.1,63.0,48.9,29.17,706,29.17,0.0,74.8,55.5,282,76.1,session,"Session - Oct 3, 2025 5:51:11 PM",2025-10-03 05:51:11 PM 5:51:11 PM,01:09:48,,,,Enter Notes
2025-10-03 06:44:40 PM,76.3,63.1,49.0,29.18,706,29.18,0.0,74.8,55.7,282,76.1,session,"Session - Oct 3, 2025 5:51:11 PM",2025-10-03 05:51:11 PM 5:51:11 PM,01:09:48,,,,Enter Notes
2025-10-03 06:44:45 PM,76.3,63.1,49.0,29.18,703,29.18,0.0,75.0,55.8,282,76.3,session,"Session - Oct 3, 2025 5:51:11 PM",2025-10-03 05:51:11 PM 5:51:11 PM,01:09:48,,,,Enter Notes
2025-10-03 06:44:50 PM,76.3,63.1,49.1,29.18,706,29.18,0.0,75.0,55.9,282,76.3,session,"Session - Oct 3, 2025 5:51:11 PM",2025-10-03 05:51:11 PM 5:51:11 PM,01:09:48,,,,Enter Notes
2025-10-03 06:44:55 PM,76.5,63.3,49.1,29.17,706,29.17,0.0,75.2,56.0,282,76.5,session,"Session - Oct 3, 2025 5:51:11 PM",2025-10-03 05:51:11 PM 5:51:11 PM,01:09:48,,,,Enter Notes
2025-10-03 06:45:00 PM,76.4,63.3,49.1,29.18,703,29.18,0.0,75.0,55.9,282,76.3,session,"Session - Oct 3, 2025 5:51:11 PM",2025-10-03 05:51:11 PM 5:51:11 PM,01:09:48,,,,Enter Notes
2025-10-03 06:45:05 PM,76.4,63.3,49.1,29.18,703,29.18,0.0,75.0,55.9,282,76.3,session,"Session - Oct 3, 2025 5:51:11 PM",2025-10-03 05:51:11 PM 5:51:11 PM,01:09:48,,,,Enter Notes
2025-10-03 06:45:10 PM,76.3,63.1,48.9,29.18,706,29.18,0.0,75.0,55.7,282,76.3,session,"Session - Oct 3, 2025 5:51:11 PM",2025-10-03 05:51:11 PM 5:51:11 PM,01:09:48,,,,Enter Notes
2025-10-03 06:45:15 PM,76.0,62.8,48.8,29.18,706,29.18,0.0,74.7,55.3,282,75.9,session,"Session - Oct 3, 2025 5:51:11 PM",2025-10-03 05:51:11 PM 5:51:11 PM,01:09:48,,,,Enter Notes
2025-10-03 06:45:20 PM,75.8,62.8,48.7,29.17,709,29.17,0.0,74.5,55.1,282,75.7,session,"Session - Oct 3, 2025 5:51:11 PM",2025-10-03 05:51:11 PM 5:51:11 PM,01:09:48,,,,Enter Notes
2025-10-03 06:45:25 PM,75.7,62.6,48.7,29.18,706,29.18,0.0,74.3,55.0,282,75.6,session,"Session - Oct 3, 2025 5:51:11 PM",2025-10-03 05:51:11 PM 5:51:11 PM,01:09:48,,,,Enter Notes
2025-10-03 06:45:30 PM,75.6,62.4,48.7,29.18,703,29.18,0.0,74.3,54.9,282,75.6,session,"Session - Oct 3, 2025 5:51:11 PM",2025-10-03 05:51:11 PM 5:51:11 PM,01:09:48,,,,Enter Notes
2025-10-03 06:45:35 PM,75.6,62.4,48.7,29.17,706,29.17,0.0,74.3,55.0,282,75.6,session,"Session - Oct 3, 2025 5:51:11 PM",2025-10-03 05:51:11 PM 5:51:11 PM,01:09:48,,,,Enter Notes
2025-10-03 06:45:40 PM,75.6,62.4,48.9,29.18,703,29.18,0.0,74.3,55.1,282,75.6,session,"Session - Oct 3, 2025 5:51:11 PM",2025-10-03 05:51:11 PM 5:51:11 PM,01:09:48,,,,Enter Notes
2025-10-03 06:45:45 PM,75.7,62.6,49.0,29.18,703,29.18,1.0,74.3,55.2,282,75.6,session,"Session - Oct 3, 2025 5:51:11 PM",2025-10-03 05:51:11 PM 5:51:11 PM,01:09:48,,,,Enter Notes
2025-10-03 06:45:50 PM,75.9,62.8,49.1,29.18,703,29.18,0.7,74.5,55.4,282,75.7,session,"Session - Oct 3, 2025 5:51:11 PM",2025-10-03 05:51:11 PM 5:51:11 PM,01:09:48,,,,Enter Notes
2025-10-03 06:45:55 PM,75.9,62.8,49.1,29.18,703,29.18,0.9,74.5,55.4,282,75.7,session,"Session - Oct 3, 2025 5:51:11 PM",2025-10-03 05:51:11 PM 5:51:11 PM,01:09:48,,,,Enter Notes
2025-10-03 06:46:00 PM,76.0,63.0,49.1,29.18,703,29.18,0.9,74.7,55.5,282,75.9,session,"Session - Oct 3, 2025 5:51:11 PM",2025-10-03 05:51:11 PM 5:51:11 PM,01:09:48,,,,Enter Notes
2025-10-03 06:46:05 PM,75.8,62.8,49.0,29.18,703,29.18,0.7,74.5,55.3,282,75.7,session,"Session - Oct 3, 2025 5:51:11 PM",2025-10-03 05:51:11 PM 5:51:11 PM,01:09:48,,,,Enter Notes
2025-10-03 06:46:10 PM,75.8,62.6,49.0,29.18,701,29.18,0.0,74.5,55.2,282,75.7,session,"Session - Oct 3, 2025 5:51:11 PM",2025-10-03 05:51:11 PM 5:51:11 PM,01:09:48,,,,Enter Notes
2025-10-03 06:46:15 PM,75.7,62.6,49.0,29.18,701,29.18,0.0,74.3,55.2,282,75.6,session,"Session - Oct 3, 2025 5:51:11 PM",2025-10-03 05:51:11 PM 5:51:11 PM,01:09:48,,,,Enter Notes
2025-10-03 06:46:20 PM,75.8,62.6,49.0,29.18,701,29.18,0.0,74.5,55.3,282,75.7,session,"Session - Oct 3, 2025 5:51:11 PM",2025-10-03 05:51:11 PM 5:51:11 PM,01:09:48,,,,Enter Notes
2025-10-03 06:46:25 PM,75.6,62.6,49.0,29.18,701,29.18,0.0,74.3,55.1,282,75.6,session,"Session - Oct 3, 2025 5:51:11 PM",2025-10-03 05:51:11 PM 5:51:11 PM,01:09:48,,,,Enter Notes
2025-10-03 06:46:30 PM,75.6,62.6,49.0,29.18,701,29.18,0.0,74.3,55.1,282,75.6,session,"Session - Oct 3, 2025 5:51:11 PM",2025-10-03 05:51:11 PM 5:51:11 PM,01:09:48,,,,Enter Notes
2025-10-03 06:46:35 PM,75.6,62.6,49.1,29.18,701,29.18,0.0,74.3,55.2,282,75.6,session,"Session - Oct 3, 2025 5:51:11 PM",2025-10-03 05:51:11 PM 5:51:11 PM,01:09:48,,,,Enter Notes
2025-10-03 06:46:40 PM,75.7,62.6,49.1,29.18,698,29.18,0.0,74.3,55.2,282,75.6,session,"Session - Oct 3, 2025 5:51:11 PM",2025-10-03 05:51:11 PM 5:51:11 PM,01:09:48,,,,Enter Notes
2025-10-03 06:46:45 PM,75.8,62.8,49.2,29.18,698,29.18,0.9,74.5,55.4,282,75.7,session,"Session - Oct 3, 2025 5:51:11 PM",2025-10-03 05:51:11 PM 5:51:11 PM,01:09:48,,,,Enter Notes
2025-10-03 06:46:50 PM,75.9,63.0,49.2,29.18,701,29.18,0.8,74.7,55.5,282,75.9,session,"Session - Oct 3, 2025 5:51:11 PM",2025-10-03 05:51:11 PM 5:51:11 PM,01:09:48,,,,Enter Notes
2025-10-03 06:46:55 PM,76.0,63.0,49.2,29.18,701,29.18,0.0,74.7,55.6,282,75.9,session,"Session - Oct 3, 2025 5:51:11 PM",2025-10-03 05:51:11 PM 5:51:11 PM,01:09:48,,,,Enter Notes
2025-10-03 06:47:00 PM,76.0,63.0,49.2,29.18,698,29.18,0.0,74.7,55.6,282,75.9,session,"Session - Oct 3, 2025 5:51:11 PM",2025-10-03 05:51:11 PM 5:51:11 PM,01:09:48,,,,Enter Notes
2025-10-03 06:47:05 PM,75.9,62.8,49.2,29.18,698,29.18,0.0,74.5,55.5,282,75.7,session,"Session - Oct 3, 2025 5:51:11 PM",2025-10-03 05:51:11 PM 5:51:11 PM,01:09:48,,,,Enter Notes
2025-10-03 06:47:10 PM,75.8,62.8,49.1,29.18,698,29.18,0.0,74.5,55.4,282,75.7,session,"Session - Oct 3, 2025 5:51:11 PM",2025-10-03 05:51:11 PM 5:51:11 PM,01:09:48,,,,Enter Notes
2025-10-03 06:47:15 PM,75.7,62.6,49.1,29.18,698,29.18,0.0,74.5,55.3,282,75.7,session,"Session - Oct 3, 2025 5:51:11 PM",2025-10-03 05:51:11 PM 5:51:11 PM,01:09:48,,,,Enter Notes
2025-10-03 06:47:20 PM,75.6,62.6,49.0,29.18,698,29.18,0.9,74.3,55.1,282,75.6,session,"Session - Oct 3, 2025 5:51:11 PM",2025-10-03 05:51:11 PM 5:51:11 PM,01:09:48,,,,Enter Notes
2025-10-03 06:47:25 PM,75.6,62.4,49.0,29.18,698,29.18,0.0,74.3,55.1,282,75.6,session,"Session - Oct 3, 2025 5:51:11 PM",2025-10-03 05:51:11 PM 5:51:11 PM,01:09:48,,,,Enter Notes
2025-10-03 06:47:30 PM,75.7,62.6,49.0,29.18,698,29.18,0.0,74.3,55.2,282,75.6,session,"Session - Oct 3, 2025 5:51:11 PM",2025-10-03 05:51:11 PM 5:51:11 PM,01:09:48,,,,Enter Notes
2025-10-03 06:47:35 PM,75.7,62.6,49.0,29.19,694,29.19,0.0,74.3,55.2,282,75.6,session,"Session - Oct 3, 2025 5:51:11 PM",2025-10-03 05:51:11 PM 5:51:11 PM,01:09:48,,,,Enter Notes
2025-10-03 06:47:40 PM,75.7,62.6,49.0,29.18,694,29.18,0.0,74.3,55.2,282,75.6,session,"Session - Oct 3, 2025 5:51:11 PM",2025-10-03 05:51:11 PM 5:51:11 PM,01:09:48,,,,Enter Notes
2025-10-03 06:47:45 PM,75.7,62.6,49.1,29.18,694,29.18,0.0,74.3,55.3,282,75.6,session,"Session - Oct 3, 2025 5:51:11 PM",2025-10-03 05:51:11 PM 5:51:11 PM,01:09:48,,,,Enter Notes
2025-10-03 06:47:50 PM,75.7,62.6,49.2,29.19,694,29.19,0.0,74.3,55.3,282,75.6,session,"Session - Oct 3, 2025 5:51:11 PM",2025-10-03 05:51:11 PM 5:51:11 PM,01:09:48,,,,Enter Notes
2025-10-03 06:47:55 PM,75.7,62.8,49.3,29.18,694,29.18,0.0,74.3,55.4,282,75.6,session,"Session - Oct 3, 2025 5:51:11 PM",2025-10-03 05:51:11 PM 5:51:11 PM,01:09:48,,,,Enter Notes
2025-10-03 06:48:01 PM,75.8,63.0,49.3,29.19,694,29.19,0.0,74.5,55.5,282,75.7,session,"Session - Oct 3, 2025 5:51:11 PM",2025-10-03 05:51:11 PM 5:51:11 PM,01:09:48,,,,Enter Notes
2025-10-03 06:48:05 PM,75.7,62.8,49.3,29.19,693,29.19,0.0,74.3,55.4,282,75.6,session,"Session - Oct 3, 2025 5:51:11 PM",2025-10-03 05:51:11 PM 5:51:11 PM,01:09:48,,,,Enter Notes
2025-10-03 06:48:10 PM,75.8,62.8,49.3,29.19,694,29.19,0.0,74.5,55.4,282,75.7,session,"Session - Oct 3, 2025 5:51:11 PM",2025-10-03 05:51:11 PM 5:51:11 PM,01:09:48,,,,Enter Notes
2025-10-03 06:48:15 PM,75.8,63.0,49.3,29.19,693,29.19,0.0,74.5,55.5,282,75.7,session,"Session - Oct 3, 2025 5:51:11 PM",2025-10-03 05:51:11 PM 5:51:11 PM,01:09:48,,,,Enter Notes
2025-10-03 06:48:20 PM,75.9,63.0,49.3,29.19,693,29.19,0.9,74.5,55.5,282,75.9,session,"Session - Oct 3, 2025 5:51:11 PM",2025-10-03 05:51:11 PM 5:51:11 PM,01:09:48,,,,Enter Notes
2025-10-03 06:48:25 PM,76.0,63.0,49.2,29.19,689,29.19,0.9,74.7,55.6,282,75.9,session,"Session - Oct 3, 2025 5:51:11 PM",2025-10-03 05:51:11 PM 5:51:11 PM,01:09:48,,,,Enter Notes
2025-10-03 06:48:30 PM,76.1,63.1,49.2,29.19,693,29.19,0.0,74.7,55.7,282,75.9,session,"Session - Oct 3, 2025 5:51:11 PM",2025-10-03 05:51:11 PM 5:51:11 PM,01:09:48,,,,Enter Notes
2025-10-03 06:48:35 PM,76.1,63.1,49.2,29.19,693,29.19,0.0,74.8,55.7,282,76.1,session,"Session - Oct 3, 2025 5:51:11 PM",2025-10-03 05:51:11 PM 5:51:11 PM,01:09:48,,,,Enter Notes
2025-10-03 06:48:40 PM,76.3,63.3,49.2,29.19,693,29.19,0.0,75.0,55.9,282,76.3,session,"Session - Oct 3, 2025 5:51:11 PM",2025-10-03 05:51:11 PM 5:51:11 PM,01:09:48,,,,Enter Notes
2025-10-03 06:48:45 PM,76.4,63.3,49.2,29.19,693,29.19,0.0,75.0,56.0,282,76.3,session,"Session - Oct 3, 2025 5:51:11 PM",2025-10-03 05:51:11 PM 5:51:11 PM,01:09:48,,,,Enter Notes
2025-10-03 06:48:50 PM,76.4,63.3,49.2,29.19,693,29.19,0.0,75.0,56.0,282,76.3,session,"Session - Oct 3, 2025 5:51:11 PM",2025-10-03 05:51:11 PM 5:51:11 PM,01:09:48,,,,Enter Notes
2025-10-03 06:48:55 PM,76.4,63.3,49.2,29.19,693,29.19,0.0,75.0,56.0,282,76.3,session,"Session - Oct 3, 2025 5:51:11 PM",2025-10-03 05:51:11 PM 5:51:11 PM,01:09:48,,,,Enter Notes
2025-10-03 06:49:00 PM,76.6,63.5,49.2,29.19,689,29.19,0.9,75.2,56.1,282,76.5,session,"Session - Oct 3, 2025 5:51:11 PM",2025-10-03 05:51:11 PM 5:51:11 PM,01:09:48,,,,Enter Notes
2025-10-03 06:49:05 PM,76.7,63.5,49.1,29.19,689,29.19,1.0,75.4,56.2,282,76.6,session,"Session - Oct 3, 2025 5:51:11 PM",2025-10-03 05:51:11 PM 5:51:11 PM,01:09:48,,,,Enter Notes
2025-10-03 06:49:10 PM,76.7,63.5,49.0,29.19,689,29.19,1.3,75.4,56.1,282,76.6,session,"Session - Oct 3, 2025 5:51:11 PM",2025-10-03 05:51:11 PM 5:51:11 PM,01:09:48,,,,Enter Notes
2025-10-03 06:49:15 PM,76.6,63.3,48.8,29.19,689,29.19,2.0,75.2,55.9,282,76.5,session,"Session - Oct 3, 2025 5:51:11 PM",2025-10-03 05:51:11 PM 5:51:11 PM,01:09:48,,,,Enter Notes
2025-10-03 06:49:20 PM,76.4,63.1,48.5,29.19,689,29.19,1.4,75.0,55.5,282,76.3,session,"Session - Oct 3, 2025 5:51:11 PM",2025-10-03 05:51:11 PM 5:51:11 PM,01:09:48,,,,Enter Notes
2025-10-03 06:49:25 PM,76.3,63.0,48.3,29.19,689,29.19,1.1,74.8,55.4,282,76.3,session,"Session - Oct 3, 2025 5:51:11 PM",2025-10-03 05:51:11 PM 5:51:11 PM,01:09:48,,,,Enter Notes
2025-10-03 06:49:30 PM,76.2,63.0,48.1,29.19,689,29.19,0.8,74.7,55.1,282,76.1,session,"Session - Oct 3, 2025 5:51:11 PM",2025-10-03 05:51:11 PM 5:51:11 PM,01:09:48,,,,Enter Notes
2025-10-03 06:49:35 PM,76.1,62.8,48.1,29.19,689,29.19,0.9,74.5,55.0,282,75.9,session,"Session - Oct 3, 2025 5:51:11 PM",2025-10-03 05:51:11 PM 5:51:11 PM,01:09:48,,,,Enter Notes
2025-10-03 06:49:40 PM,76.0,62.6,48.0,29.19,689,29.19,0.9,74.5,54.9,282,75.9,session,"Session - Oct 3, 2025 5:51:11 PM",2025-10-03 05:51:11 PM 5:51:11 PM,01:09:48,,,,Enter Notes
2025-10-03 06:49:45 PM,75.9,62.6,48.0,29.19,689,29.19,0.0,74.5,54.9,282,75.9,session,"Session - Oct 3, 2025 5:51:11 PM",2025-10-03 05:51:11 PM 5:51:11 PM,01:09:48,,,,Enter Notes
2025-10-03 06:49:50 PM,75.7,62.4,48.0,29.19,686,29.19,0.8,74.1,54.6,282,75.6,session,"Session - Oct 3, 2025 5:51:11 PM",2025-10-03 05:51:11 PM 5:51:11 PM,01:09:48,,,,Enter Notes
2025-10-03 06:49:55 PM,75.6,62.2,48.1,29.19,686,29.19,0.0,74.1,54.6,282,75.6,session,"Session - Oct 3, 2025 5:51:11 PM",2025-10-03 05:51:11 PM 5:51:11 PM,01:09:48,,,,Enter Notes
2025-10-03 06:50:00 PM,75.6,62.4,48.1,29.19,689,29.19,0.8,74.1,54.6,282,75.6,session,"Session - Oct 3, 2025 5:51:11 PM",2025-10-03 05:51:11 PM 5:51:11 PM,01:09:48,,,,Enter Notes
2025-10-03 06:50:05 PM,75.4,62.2,48.2,29.20,686,29.20,0.9,73.9,54.5,282,75.4,session,"Session - Oct 3, 2025 5:51:11 PM",2025-10-03 05:51:11 PM 5:51:11 PM,01:09:48,,,,Enter Notes
2025-10-03 06:50:10 PM,75.5,62.2,48.3,29.19,686,29.19,0.0,73.9,54.6,282,75.4,session,"Session - Oct 3, 2025 5:51:11 PM",2025-10-03 05:51:11 PM 5:51:11 PM,01:09:48,,,,Enter Notes
2025-10-03 06:50:15 PM,75.4,62.2,48.3,29.20,686,29.19,0.8,73.9,54.6,282,75.4,session,"Session - Oct 3, 2025 5:51:11 PM",2025-10-03 05:51:11 PM 5:51:11 PM,01:09:48,,,,Enter Notes
2025-10-03 06:50:20 PM,75.4,62.2,48.4,29.19,686,29.19,0.0,73.9,54.6,282,75.4,session,"Session - Oct 3, 2025 5:51:11 PM",2025-10-03 05:51:11 PM 5:51:11 PM,01:09:48,,,,Enter Notes
2025-10-03 06:50:25 PM,75.5,62.2,48.5,29.20,686,29.20,0.0,74.1,54.7,282,75.4,session,"Session - Oct 3, 2025 5:51:11 PM",2025-10-03 05:51:11 PM 5:51:11 PM,01:09:48,,,,Enter Notes
2025-10-03 06:50:30 PM,75.6,62.4,48.6,29.20,683,29.20,0.0,74.3,54.8,282,75.6,session,"Session - Oct 3, 2025 5:51:11 PM",2025-10-03 05:51:11 PM 5:51:11 PM,01:09:48,,,,Enter Notes
2025-10-03 06:50:35 PM,75.6,62.4,48.6,29.20,683,29.20,0.0,74.3,54.9,282,75.6,session,"Session - Oct 3, 2025 5:51:11 PM",2025-10-03 05:51:11 PM 5:51:11 PM,01:09:48,,,,Enter Notes
2025-10-03 06:50:40 PM,75.6,62.4,48.8,29.20,683,29.20,0.0,74.3,55.0,282,75.6,session,"Session - Oct 3, 2025 5:51:11 PM",2025-10-03 05:51:11 PM 5:51:11 PM,01:09:48,,,,Enter Notes
2025-10-03 06:50:45 PM,75.4,62.4,48.8,29.20,686,29.20,0.0,74.1,54.8,282,75.4,session,"Session - Oct 3, 2025 5:51:11 PM",2025-10-03 05:51:11 PM 5:51:11 PM,01:09:48,,,,Enter Notes
2025-10-03 06:50:50 PM,75.6,62.4,48.9,29.20,683,29.20,0.0,74.3,55.0,282,75.6,session,"Session - Oct 3, 2025 5:51:11 PM",2025-10-03 05:51:11 PM 5:51:11 PM,01:09:48,,,,Enter Notes
2025-10-03 06:50:55 PM,75.5,62.4,48.8,29.20,686,29.20,0.0,74.1,54.9,282,75.4,session,"Session - Oct 3, 2025 5:51:11 PM",2025-10-03 05:51:11 PM 5:51:11 PM,01:09:48,,,,Enter Notes
2025-10-03 06:51:00 PM,75.5,62.4,48.9,29.20,683,29.20,0.7,74.1,55.0,282,75.4,session,"Session - Oct 3, 2025 5:51:11 PM",2025-10-03 05:51:11 PM 5:51:11 PM,01:09:48,,,,Enter Notes
2025-10-03 06:51:05 PM,75.6,62.4,48.9,29.20,683,29.20,0.0,74.3,55.1,282,75.6,session,"Session - Oct 3, 2025 5:51:11 PM",2025-10-03 05:51:11 PM 5:51:11 PM,01:09:48,,,,Enter Notes
2025-10-03 06:51:10 PM,75.7,62.6,49.0,29.20,683,29.20,0.0,74.3,55.2,282,75.6,session,"Session - Oct 3, 2025 5:51:11 PM",2025-10-03 05:51:11 PM 5:51:11 PM,01:09:48,,,,Enter Notes
2025-10-03 06:51:15 PM,75.7,62.6,49.1,29.20,683,29.20,0.0,74.3,55.2,282,75.6,session,"Session - Oct 3, 2025 5:51:11 PM",2025-10-03 05:51:11 PM 5:51:11 PM,01:09:48,,,,Enter Notes
2025-10-03 06:51:20 PM,75.7,62.6,49.1,29.20,683,29.20,0.0,74.3,55.2,282,75.6,session,"Session - Oct 3, 2025 5:51:11 PM",2025-10-03 05:51:11 PM 5:51:11 PM,01:09:48,,,,Enter Notes
2025-10-03 06:51:25 PM,75.7,62.6,49.0,29.20,683,29.20,0.0,74.3,55.2,282,75.6,session,"Session - Oct 3, 2025 5:51:11 PM",2025-10-03 05:51:11 PM 5:51:11 PM,01:09:48,,,,Enter Notes
2025-10-03 06:51:30 PM,75.6,62.6,49.1,29.20,686,29.20,0.0,74.3,55.2,282,75.6,session,"Session - Oct 3, 2025 5:51:11 PM",2025-10-03 05:51:11 PM 5:51:11 PM,01:09:48,,,,Enter Notes
2025-10-03 06:51:35 PM,75.6,62.6,49.1,29.20,683,29.20,0.0,74.3,55.1,282,75.6,session,"Session - Oct 3, 2025 5:51:11 PM",2025-10-03 05:51:11 PM 5:51:11 PM,01:09:48,,,,Enter Notes
2025-10-03 06:51:40 PM,75.6,62.4,49.1,29.20,686,29.19,0.9,74.3,55.1,282,75.6,session,"Session - Oct 3, 2025 5:51:11 PM",2025-10-03 05:51:11 PM 5:51:11 PM,01:09:48,,,,Enter Notes
2025-10-03 06:51:45 PM,75.5,62.4,49.1,29.20,686,29.19,0.9,74.1,55.1,282,75.4,session,"Session - Oct 3, 2025 5:51:11 PM",2025-10-03 05:51:11 PM 5:51:11 PM,01:09:48,,,,Enter Notes
2025-10-03 06:51:50 PM,75.5,62.4,49.1,29.19,686,29.19,0.0,74.1,55.1,282,75.4,session,"Session - Oct 3, 2025 5:51:11 PM",2025-10-03 05:51:11 PM 5:51:11 PM,01:09:48,,,,Enter Notes
2025-10-03 06:51:55 PM,75.6,62.6,49.2,29.20,686,29.20,0.9,74.3,55.2,282,75.6,session,"Session - Oct 3, 2025 5:51:11 PM",2025-10-03 05:51:11 PM 5:51:11 PM,01:09:48,,,,Enter Notes
2025-10-03 06:52:00 PM,75.5,62.6,49.3,29.19,686,29.19,0.9,74.1,55.1,282,75.4,session,"Session - Oct 3, 2025 5:51:11 PM",2025-10-03 05:51:11 PM 5:51:11 PM,01:09:48,,,,Enter Notes
2025-10-03 06:52:05 PM,75.4,62.6,49.4,29.19,686,29.19,0.0,74.1,55.1,282,75.4,session,"Session - Oct 3, 2025 5:51:11 PM",2025-10-03 05:51:11 PM 5:51:11 PM,01:09:48,,,,Enter Notes
2025-10-03 06:52:10 PM,75.5,62.6,49.4,29.20,686,29.20,0.0,74.1,55.2,282,75.4,session,"Session - Oct 3, 2025 5:51:11 PM",2025-10-03 05:51:11 PM 5:51:11 PM,01:09:48,,,,Enter Notes
2025-10-03 06:52:15 PM,75.3,62.4,49.4,29.19,686,29.19,0.0,73.9,55.1,281,75.2,session,"Session - Oct 3, 2025 5:51:11 PM",2025-10-03 05:51:11 PM 5:51:11 PM,01:09:48,,,,Enter Notes
2025-10-03 06:52:20 PM,75.2,62.4,49.5,29.19,689,29.19,0.0,73.8,55.0,281,75.0,session,"Session - Oct 3, 2025 5:51:11 PM",2025-10-03 05:51:11 PM 5:51:11 PM,01:09:48,,,,Enter Notes
2025-10-03 06:52:25 PM,75.1,62.4,49.5,29.19,689,29.19,0.0,73.8,55.0,281,75.0,session,"Session - Oct 3, 2025 5:51:11 PM",2025-10-03 05:51:11 PM 5:51:11 PM,01:09:48,,,,Enter Notes
2025-10-03 06:52:30 PM,75.1,62.4,49.6,29.19,686,29.19,0.0,73.8,55.0,281,75.0,session,"Session - Oct 3, 2025 5:51:11 PM",2025-10-03 05:51:11 PM 5:51:11 PM,01:09:48,,,,Enter Notes
2025-10-03 06:52:35 PM,75.0,62.2,49.6,29.19,686,29.19,0.0,73.6,54.9,281,74.8,session,"Session - Oct 3, 2025 5:51:11 PM",2025-10-03 05:51:11 PM 5:51:11 PM,01:09:48,,,,Enter Notes
2025-10-03 06:52:40 PM,75.0,62.2,49.6,29.19,689,29.19,0.0,73.6,54.9,281,74.8,session,"Session - Oct 3, 2025 5:51:11 PM",2025-10-03 05:51:11 PM 5:51:11 PM,01:09:48,,,,Enter Notes
2025-10-03 06:52:45 PM,75.0,62.2,49.7,29.19,686,29.19,0.0,73.6,54.9,281,74.8,session,"Session - Oct 3, 2025 5:51:11 PM",2025-10-03 05:51:11 PM 5:51:11 PM,01:09:48,,,,Enter Notes
2025-10-03 06:52:50 PM,75.0,62.4,49.7,29.19,686,29.19,0.0,73.6,55.0,281,74.8,session,"Session - Oct 3, 2025 5:51:11 PM",2025-10-03 05:51:11 PM 5:51:11 PM,01:09:48,,,,Enter Notes
2025-10-03 06:52:55 PM,75.0,62.2,49.7,29.20,686,29.19,0.0,73.6,54.9,281,74.8,session,"Session - Oct 3, 2025 5:51:11 PM",2025-10-03 05:51:11 PM 5:51:11 PM,01:09:48,,,,Enter Notes
2025-10-03 06:53:00 PM,74.9,62.2,49.7,29.19,689,29.19,0.0,73.6,54.8,281,74.8,session,"Session - Oct 3, 2025 5:51:11 PM",2025-10-03 05:51:11 PM 5:51:11 PM,01:09:48,,,,Enter Notes
2025-10-03 06:53:05 PM,74.9,62.2,49.8,29.19,686,29.19,0.7,73.6,54.9,281,74.8,session,"Session - Oct 3, 2025 5:51:11 PM",2025-10-03 05:51:11 PM 5:51:11 PM,01:09:48,,,,Enter Notes
2025-10-03 06:53:10 PM,75.1,62.4,50.0,29.19,686,29.19,0.9,73.8,55.2,281,75.0,session,"Session - Oct 3, 2025 5:51:11 PM",2025-10-03 05:51:11 PM 5:51:11 PM,01:09:48,,,,Enter Notes
2025-10-03 06:53:15 PM,75.1,62.4,50.0,29.20,686,29.20,0.9,73.9,55.3,281,75.0,session,"Session - Oct 3, 2025 5:51:11 PM",2025-10-03 05:51:11 PM 5:51:11 PM,01:09:48,,,,Enter Notes
2025-10-03 06:53:20 PM,75.3,62.8,50.2,29.20,686,29.20,1.0,74.1,55.5,281,75.2,session,"Session - Oct 3, 2025 5:51:11 PM",2025-10-03 05:51:11 PM 5:51:11 PM,01:09:48,,,,Enter Notes
2025-10-03 06:53:25 PM,75.3,62.8,50.2,29.20,686,29.20,1.0,74.1,55.5,281,75.2,session,"Session - Oct 3, 2025 5:51:11 PM",2025-10-03 05:51:11 PM 5:51:11 PM,01:09:48,,,,Enter Notes
2025-10-03 06:53:30 PM,75.3,62.6,50.1,29.20,683,29.20,0.9,74.1,55.5,281,75.2,session,"Session - Oct 3, 2025 5:51:11 PM",2025-10-03 05:51:11 PM 5:51:11 PM,01:09:48,,,,Enter Notes
2025-10-03 06:53:35 PM,75.3,62.6,50.1,29.20,683,29.20,0.9,74.1,55.5,281,75.2,session,"Session - Oct 3, 2025 5:51:11 PM",2025-10-03 05:51:11 PM 5:51:11 PM,01:09:48,,,,Enter Notes
2025-10-03 06:53:40 PM,75.2,62.6,50.0,29.20,681,29.20,0.9,74.1,55.3,281,75.2,session,"Session - Oct 3, 2025 5:51:11 PM",2025-10-03 05:51:11 PM 5:51:11 PM,01:09:48,,,,Enter Notes
2025-10-03 06:53:45 PM,75.1,62.4,50.0,29.20,681,29.20,0.9,73.8,55.1,281,75.0,session,"Session - Oct 3, 2025 5:51:11 PM",2025-10-03 05:51:11 PM 5:51:11 PM,01:09:48,,,,Enter Notes
2025-10-03 06:53:50 PM,75.0,62.4,49.8,29.21,678,29.21,0.9,73.6,55.0,281,74.8,session,"Session - Oct 3, 2025 5:51:11 PM",2025-10-03 05:51:11 PM 5:51:11 PM,01:09:48,,,,Enter Notes
2025-10-03 06:53:55 PM,74.9,62.2,49.8,29.21,678,29.21,0.9,73.6,54.9,281,74.8,session,"Session - Oct 3, 2025 5:51:11 PM",2025-10-03 05:51:11 PM 5:51:11 PM,01:09:48,,,,Enter Notes
2025-10-03 06:54:00 PM,74.9,62.2,49.7,29.21,675,29.21,0.8,73.6,54.9,281,74.8,session,"Session - Oct 3, 2025 5:51:11 PM",2025-10-03 05:51:11 PM 5:51:11 PM,01:09:48,,,,Enter Notes
2025-10-03 06:54:05 PM,74.9,62.2,49.7,29.21,673,29.21,2.8,73.6,54.9,281,74.8,session,"Session - Oct 3, 2025 5:51:11 PM",2025-10-03 05:51:11 PM 5:51:11 PM,01:09:48,,,,Enter Notes
2025-10-03 06:54:10 PM,75.0,62.4,49.7,29.21,673,29.21,0.9,73.6,55.0,281,74.8,session,"Session - Oct 3, 2025 5:51:11 PM",2025-10-03 05:51:11 PM 5:51:11 PM,01:09:48,,,,Enter Notes
2025-10-03 06:54:15 PM,74.9,62.2,49.8,29.21,670,29.21,0.0,73.6,54.9,281,74.8,session,"Session - Oct 3, 2025 5:51:11 PM",2025-10-03 05:51:11 PM 5:51:11 PM,01:09:48,,,,Enter Notes
2025-10-03 06:54:20 PM,75.0,62.4,49.8,29.21,670,29.21,0.8,73.6,55.0,281,74.8,session,"Session - Oct 3, 2025 5:51:11 PM",2025-10-03 05:51:11 PM 5:51:11 PM,01:09:48,,,,Enter Notes
2025-10-03 06:54:25 PM,75.0,62.4,49.9,29.21,670,29.21,0.8,73.8,55.1,281,75.0,session,"Session - Oct 3, 2025 5:51:11 PM",2025-10-03 05:51:11 PM 5:51:11 PM,01:09:48,,,,Enter Notes
2025-10-03 06:54:30 PM,75.0,62.4,50.0,29.22,666,29.22,0.8,73.9,55.1,281,75.0,session,"Session - Oct 3, 2025 5:51:11 PM",2025-10-03 05:51:11 PM 5:51:11 PM,01:09:48,,,,Enter Notes
2025-10-03 06:54:35 PM,75.0,62.4,50.0,29.22,665,29.22,0.9,73.9,55.1,281,75.0,session,"Session - Oct 3, 2025 5:51:11 PM",2025-10-03 05:51:11 PM 5:51:11 PM,01:09:48,,,,Enter Notes
2025-10-03 06:54:40 PM,75.0,62.4,50.1,29.22,665,29.22,1.0,73.8,55.2,281,74.8,session,"Session - Oct 3, 2025 5:51:11 PM",2025-10-03 05:51:11 PM 5:51:11 PM,01:09:48,,,,Enter Notes
2025-10-03 06:54:45 PM,75.1,62.6,50.2,29.22,662,29.22,0.9,73.9,55.3,281,75.0,session,"Session - Oct 3, 2025 5:51:11 PM",2025-10-03 05:51:11 PM 5:51:11 PM,01:09:48,,,,Enter Notes
2025-10-03 06:54:50 PM,75.2,62.6,50.2,29.22,662,29.22,0.8,73.9,55.4,281,75.0,session,"Session - Oct 3, 2025 5:51:11 PM",2025-10-03 05:51:11 PM 5:51:11 PM,01:09:48,,,,Enter Notes
2025-10-03 06:54:55 PM,75.2,62.6,50.3,29.22,658,29.22,0.8,73.9,55.4,281,75.0,session,"Session - Oct 3, 2025 5:51:11 PM",2025-10-03 05:51:11 PM 5:51:11 PM,01:09:48,,,,Enter Notes
2025-10-03 06:55:00 PM,75.1,62.6,50.2,29.22,658,29.22,0.0,73.9,55.3,281,75.0,session,"Session - Oct 3, 2025 5:51:11 PM",2025-10-03 05:51:11 PM 5:51:11 PM,01:09:48,,,,Enter Notes
2025-10-03 06:55:05 PM,75.0,62.4,50.1,29.23,658,29.22,0.9,73.8,55.2,281,74.8,session,"Session - Oct 3, 2025 5:51:11 PM",2025-10-03 05:51:11 PM 5:51:11 PM,01:09:48,,,,Enter Notes
2025-10-03 06:55:10 PM,75.0,62.4,50.0,29.22,662,29.22,1.0,73.8,55.1,281,74.8,session,"Session - Oct 3, 2025 5:51:11 PM",2025-10-03 05:51:11 PM 5:51:11 PM,01:09:48,,,,Enter Notes
2025-10-03 06:55:15 PM,74.9,62.2,50.0,29.22,662,29.22,0.9,73.8,55.0,281,74.8,session,"Session - Oct 3, 2025 5:51:11 PM",2025-10-03 05:51:11 PM 5:51:11 PM,01:09:48,,,,Enter Notes
2025-10-03 06:55:20 PM,74.9,62.2,50.0,29.22,662,29.22,0.9,73.8,55.0,280,74.8,session,"Session - Oct 3, 2025 5:51:11 PM",2025-10-03 05:51:11 PM 5:51:11 PM,01:09:48,,,,Enter Notes
2025-10-03 06:55:25 PM,75.0,62.4,50.1,29.22,662,29.22,0.0,73.8,55.1,281,74.8,session,"Session - Oct 3, 2025 5:51:11 PM",2025-10-03 05:51:11 PM 5:51:11 PM,01:09:48,,,,Enter Notes
2025-10-03 06:55:30 PM,75.0,62.4,50.2,29.22,665,29.22,0.9,73.8,55.2,281,74.8,session,"Session - Oct 3, 2025 5:51:11 PM",2025-10-03 05:51:11 PM 5:51:11 PM,01:09:48,,,,Enter Notes
2025-10-03 06:55:35 PM,75.2,62.6,50.2,29.22,665,29.22,0.9,73.9,55.4,281,75.0,session,"Session - Oct 3, 2025 5:51:11 PM",2025-10-03 05:51:11 PM 5:51:11 PM,01:09:48,,,,Enter Notes
2025-10-03 06:55:40 PM,75.2,62.6,50.3,29.22,666,29.22,0.9,74.1,55.5,281,75.2,session,"Session - Oct 3, 2025 5:51:11 PM",2025-10-03 05:51:11 PM 5:51:11 PM,01:09:48,,,,Enter Notes
2025-10-03 06:55:45 PM,75.2,62.6,50.3,29.22,665,29.22,0.0,73.9,55.4,282,75.0,session,"Session - Oct 3, 2025 5:51:11 PM",2025-10-03 05:51:11 PM 5:51:11 PM,01:09:48,,,,Enter Notes
2025-10-03 06:55:50 PM,75.5,63.0,50.3,29.22,666,29.22,0.0,74.3,55.7,282,75.4,session,"Session - Oct 3, 2025 5:51:11 PM",2025-10-03 05:51:11 PM 5:51:11 PM,01:09:48,,,,Enter Notes
2025-10-03 06:55:55 PM,75.6,63.0,50.2,29.22,665,29.22,0.0,74.5,55.8,282,75.6,session,"Session - Oct 3, 2025 5:51:11 PM",2025-10-03 05:51:11 PM 5:51:11 PM,01:09:48,,,,Enter Notes
2025-10-03 06:56:00 PM,75.4,62.8,50.1,29.21,666,29.22,0.0,74.3,55.6,282,75.4,session,"Session - Oct 3, 2025 5:51:11 PM",2025-10-03 05:51:11 PM 5:51:11 PM,01:09:48,,,,Enter Notes
2025-10-03 06:56:05 PM,75.1,62.4,50.1,29.22,666,29.22,0.8,73.9,55.2,281,75.0,session,"Session - Oct 3, 2025 5:51:11 PM",2025-10-03 05:51:11 PM 5:51:11 PM,01:09:48,,,,Enter Notes
2025-10-03 06:56:10 PM,75.1,62.4,50.0,29.21,666,29.21,0.8,73.9,55.2,282,75.0,session,"Session - Oct 3, 2025 5:51:11 PM",2025-10-03 05:51:11 PM 5:51:11 PM,01:09:48,,,,Enter Notes
2025-10-03 06:56:15 PM,75.0,62.4,50.0,29.22,666,29.22,0.8,73.8,55.1,282,74.8,session,"Session - Oct 3, 2025 5:51:11 PM",2025-10-03 05:51:11 PM 5:51:11 PM,01:09:48,,,,Enter Notes
2025-10-03 06:56:20 PM,74.9,62.2,49.9,29.22,665,29.22,1.0,73.6,55.0,282,74.8,session,"Session - Oct 3, 2025 5:51:11 PM",2025-10-03 05:51:11 PM 5:51:11 PM,01:09:48,,,,Enter Notes
2025-10-03 06:56:25 PM,74.8,62.2,49.9,29.22,666,29.22,1.1,73.4,54.8,282,74.7,session,"Session - Oct 3, 2025 5:51:11 PM",2025-10-03 05:51:11 PM 5:51:11 PM,01:09:48,,,,Enter Notes
2025-10-03 06:56:30 PM,74.7,62.1,49.9,29.22,665,29.22,1.5,73.4,54.8,282,74.7,session,"Session - Oct 3, 2025 5:51:11 PM",2025-10-03 05:51:11 PM 5:51:11 PM,01:09:48,,,,Enter Notes
2025-10-03 06:56:35 PM,74.8,62.2,49.9,29.22,666,29.22,1.0,73.4,54.8,282,74.7,session,"Session - Oct 3, 2025 5:51:11 PM",2025-10-03 05:51:11 PM 5:51:11 PM,01:09:48,,,,Enter Notes
2025-10-03 06:56:40 PM,74.7,62.2,49.9,29.22,665,29.22,0.9,73.4,54.8,282,74.7,session,"Session - Oct 3, 2025 5:51:11 PM",2025-10-03 05:51:11 PM 5:51:11 PM,01:09:48,,,,Enter Notes
2025-10-03 06:56:45 PM,74.6,62.1,49.9,29.22,666,29.22,0.9,73.4,54.7,282,74.5,session,"Session - Oct 3, 2025 5:51:11 PM",2025-10-03 05:51:11 PM 5:51:11 PM,01:09:48,,,,Enter Notes
2025-10-03 06:56:50 PM,74.8,62.2,50.1,29.22,666,29.22,1.0,73.8,55.0,282,74.8,session,"Session - Oct 3, 2025 5:51:11 PM",2025-10-03 05:51:11 PM 5:51:11 PM,01:09:48,,,,Enter Notes
2025-10-03 06:56:55 PM,75.0,62.4,50.2,29.22,666,29.22,1.1,73.8,55.2,282,74.8,session,"Session - Oct 3, 2025 5:51:11 PM",2025-10-03 05:51:11 PM 5:51:11 PM,01:09:48,,,,Enter Notes
2025-10-03 06:57:00 PM,75.1,62.6,50.3,29.21,666,29.22,0.9,73.9,55.4,282,75.0,session,"Session - Oct 3, 2025 5:51:11 PM",2025-10-03 05:51:11 PM 5:51:11 PM,01:09:48,,,,Enter Notes
2025-10-03 06:57:05 PM,75.1,62.6,50.4,29.22,666,29.22,0.9,73.9,55.5,281,75.0,session,"Session - Oct 3, 2025 5:51:11 PM",2025-10-03 05:51:11 PM 5:51:11 PM,01:09:48,,,,Enter Notes
2025-10-03 06:57:10 PM,75.0,62.6,50.4,29.22,665,29.22,0.8,73.9,55.4,282,75.0,session,"Session - Oct 3, 2025 5:51:11 PM",2025-10-03 05:51:11 PM 5:51:11 PM,01:09:48,,,,Enter Notes
2025-10-03 06:57:15 PM,75.0,62.4,50.3,29.22,665,29.22,0.9,73.8,55.3,282,74.8,session,"Session - Oct 3, 2025 5:51:11 PM",2025-10-03 05:51:11 PM 5:51:11 PM,01:09:48,,,,Enter Notes
2025-10-03 06:57:20 PM,75.0,62.6,50.4,29.22,665,29.22,0.9,73.8,55.3,282,74.8,session,"Session - Oct 3, 2025 5:51:11 PM",2025-10-03 05:51:11 PM 5:51:11 PM,01:09:48,,,,Enter Notes
2025-10-03 06:57:25 PM,75.0,62.6,50.4,29.22,665,29.22,0.0,73.9,55.4,282,75.0,session,"Session - Oct 3, 2025 5:51:11 PM",2025-10-03 05:51:11 PM 5:51:11 PM,01:09:48,,,,Enter Notes
2025-10-03 06:57:30 PM,75.1,62.6,50.4,29.22,665,29.22,0.8,73.9,55.4,282,75.0,session,"Session - Oct 3, 2025 5:51:11 PM",2025-10-03 05:51:11 PM 5:51:11 PM,01:09:48,,,,Enter Notes
2025-10-03 06:57:35 PM,75.2,62.8,50.4,29.22,665,29.22,0.8,74.1,55.5,282,75.2,session,"Session - Oct 3, 2025 5:51:11 PM",2025-10-03 05:51:11 PM 5:51:11 PM,01:09:48,,,,Enter Notes
2025-10-03 06:57:40 PM,75.5,63.0,50.4,29.22,666,29.22,0.8,74.3,55.8,282,75.4,session,"Session - Oct 3, 2025 5:51:11 PM",2025-10-03 05:51:11 PM 5:51:11 PM,01:09:48,,,,Enter Notes
2025-10-03 06:57:45 PM,75.7,63.1,50.3,29.21,666,29.21,2.1,74.5,55.9,282,75.6,session,"Session - Oct 3, 2025 5:51:11 PM",2025-10-03 05:51:11 PM 5:51:11 PM,01:09:48,,,,Enter Notes
2025-10-03 06:57:50 PM,75.5,62.8,50.2,29.21,666,29.21,0.8,74.3,55.7,282,75.4,session,"Session - Oct 3, 2025 5:51:11 PM",2025-10-03 05:51:11 PM 5:51:11 PM,01:09:48,,,,Enter Notes
2025-10-03 06:57:55 PM,75.3,62.6,50.0,29.21,666,29.22,1.0,74.1,55.4,282,75.2,session,"Session - Oct 3, 2025 5:51:11 PM",2025-10-03 05:51:11 PM 5:51:11 PM,01:09:48,,,,Enter Notes
2025-10-03 06:58:00 PM,75.1,62.4,49.9,29.22,665,29.22,0.9,73.8,55.1,282,75.0,session,"Session - Oct 3, 2025 5:51:11 PM",2025-10-03 05:51:11 PM 5:51:11 PM,01:09:48,,,,Enter Notes
2025-10-03 06:58:05 PM,75.0,62.4,49.8,29.22,666,29.22,1.0,73.8,55.0,281,75.0,session,"Session - Oct 3, 2025 5:51:11 PM",2025-10-03 05:51:11 PM 5:51:11 PM,01:09:48,,,,Enter Notes
2025-10-03 06:58:10 PM,75.0,62.4,49.7,29.22,665,29.22,1.6,73.6,55.0,281,74.8,session,"Session - Oct 3, 2025 5:51:11 PM",2025-10-03 05:51:11 PM 5:51:11 PM,01:09:48,,,,Enter Notes
2025-10-03 06:58:15 PM,74.9,62.2,49.6,29.22,665,29.22,1.1,73.6,54.8,281,74.8,session,"Session - Oct 3, 2025 5:51:11 PM",2025-10-03 05:51:11 PM 5:51:11 PM,01:09:48,,,,Enter Notes
2025-10-03 06:58:20 PM,74.7,61.9,49.5,29.22,665,29.22,0.9,73.4,54.6,282,74.7,session,"Session - Oct 3, 2025 5:51:11 PM",2025-10-03 05:51:11 PM 5:51:11 PM,01:09:48,,,,Enter Notes
2025-10-03 06:58:25 PM,74.7,61.9,49.5,29.22,665,29.22,0.0,73.4,54.6,282,74.7,session,"Session - Oct 3, 2025 5:51:11 PM",2025-10-03 05:51:11 PM 5:51:11 PM,01:09:48,,,,Enter Notes
2025-10-03 06:58:30 PM,74.8,62.1,49.5,29.22,665,29.22,0.0,73.4,54.6,282,74.7,session,"Session - Oct 3, 2025 5:51:11 PM",2025-10-03 05:51:11 PM 5:51:11 PM,01:09:48,,,,Enter Notes
2025-10-03 06:58:35 PM,74.7,61.9,49.6,29.22,665,29.22,0.0,73.4,54.6,282,74.7,session,"Session - Oct 3, 2025 5:51:11 PM",2025-10-03 05:51:11 PM 5:51:11 PM,01:09:48,,,,Enter Notes
2025-10-03 06:58:40 PM,74.6,61.9,49.6,29.22,665,29.22,0.0,73.4,54.5,282,74.5,session,"Session - Oct 3, 2025 5:51:11 PM",2025-10-03 05:51:11 PM 5:51:11 PM,01:09:48,,,,Enter Notes
2025-10-03 06:58:45 PM,74.6,61.9,49.6,29.22,665,29.22,0.0,73.4,54.5,282,74.5,session,"Session - Oct 3, 2025 5:51:11 PM",2025-10-03 05:51:11 PM 5:51:11 PM,01:09:48,,,,Enter Notes
2025-10-03 06:58:50 PM,74.5,61.9,49.7,29.22,665,29.22,0.0,73.2,54.4,282,74.3,session,"Session - Oct 3, 2025 5:51:11 PM",2025-10-03 05:51:11 PM 5:51:11 PM,01:09:48,,,,Enter Notes
2025-10-03 06:58:55 PM,74.8,62.2,49.8,29.22,665,29.22,0.9,73.4,54.8,282,74.7,session,"Session - Oct 3, 2025 5:51:11 PM",2025-10-03 05:51:11 PM 5:51:11 PM,01:09:48,,,,Enter Notes
2025-10-03 06:59:00 PM,74.5,62.1,49.9,29.22,665,29.22,0.0,73.4,54.6,282,74.5,session,"Session - Oct 3, 2025 5:51:11 PM",2025-10-03 05:51:11 PM 5:51:11 PM,01:09:48,,,,Enter Notes
2025-10-03 06:59:05 PM,74.4,61.9,49.9,29.22,665,29.22,0.0,73.2,54.6,282,74.3,session,"Session - Oct 3, 2025 5:51:11 PM",2025-10-03 05:51:11 PM 5:51:11 PM,01:09:48,,,,Enter Notes
2025-10-03 06:59:10 PM,74.5,62.1,50.0,29.22,665,29.22,0.0,73.6,54.7,282,74.5,session,"Session - Oct 3, 2025 5:51:11 PM",2025-10-03 05:51:11 PM 5:51:11 PM,01:09:48,,,,Enter Notes
2025-10-03 06:59:15 PM,74.4,61.9,50.1,29.22,666,29.22,1.0,73.4,54.6,282,74.3,session,"Session - Oct 3, 2025 5:51:11 PM",2025-10-03 05:51:11 PM 5:51:11 PM,01:09:48,,,,Enter Notes
2025-10-03 06:59:20 PM,74.3,61.9,50.2,29.22,665,29.22,0.0,73.4,54.6,282,74.3,session,"Session - Oct 3, 2025 5:51:11 PM",2025-10-03 05:51:11 PM 5:51:11 PM,01:09:48,,,,Enter Notes
2025-10-03 06:59:25 PM,74.3,61.9,50.2,29.22,665,29.22,0.0,73.4,54.6,282,74.3,session,"Session - Oct 3, 2025 5:51:11 PM",2025-10-03 05:51:11 PM 5:51:11 PM,01:09:48,,,,Enter Notes
2025-10-03 06:59:30 PM,74.3,61.9,50.4,29.22,665,29.22,0.0,73.4,54.7,282,74.3,session,"Session - Oct 3, 2025 5:51:11 PM",2025-10-03 05:51:11 PM 5:51:11 PM,01:09:48,,,,Enter Notes
2025-10-03 06:59:35 PM,74.4,61.9,50.4,29.22,665,29.22,0.9,73.4,54.7,282,74.3,session,"Session - Oct 3, 2025 5:51:11 PM",2025-10-03 05:51:11 PM 5:51:11 PM,01:09:48,,,,Enter Notes
2025-10-03 06:59:40 PM,74.5,62.2,50.5,29.22,662,29.22,0.0,73.6,55.0,282,74.5,session,"Session - Oct 3, 2025 5:51:11 PM",2025-10-03 05:51:11 PM 5:51:11 PM,01:09:48,,,,Enter Notes
2025-10-03 06:59:45 PM,74.7,62.4,50.7,29.22,665,29.22,0.0,73.6,55.2,282,74.7,session,"Session - Oct 3, 2025 5:51:11 PM",2025-10-03 05:51:11 PM 5:51:11 PM,01:09:48,,,,Enter Notes
2025-10-03 06:59:50 PM,74.5,62.2,50.7,29.22,665,29.22,0.0,73.6,55.1,282,74.5,session,"Session - Oct 3, 2025 5:51:11 PM",2025-10-03 05:51:11 PM 5:51:11 PM,01:09:48,,,,Enter Notes
2025-10-03 06:59:55 PM,74.7,62.4,50.7,29.22,665,29.22,0.0,73.6,55.2,282,74.7,session,"Session - Oct 3, 2025 5:51:11 PM",2025-10-03 05:51:11 PM 5:51:11 PM,01:09:48,,,,Enter Notes
2025-10-03 07:00:00 PM,74.7,62.4,50.7,29.22,665,29.22,0.0,73.6,55.2,282,74.7,session,"Session - Oct 3, 2025 5:51:11 PM",2025-10-03 05:51:11 PM 5:51:11 PM,01:09:48,,,,Enter Notes
2025-10-03 07:00:05 PM,74.7,62.4,50.8,29.22,665,29.22,0.9,73.6,55.2,282,74.7,session,"Session - Oct 3, 2025 5:51:11 PM",2025-10-03 05:51:11 PM 5:51:11 PM,01:09:48,,,,Enter Notes
2025-10-03 07:00:10 PM,74.6,62.4,50.8,29.22,666,29.22,0.8,73.6,55.1,282,74.5,session,"Session - Oct 3, 2025 5:51:11 PM",2025-10-03 05:51:11 PM 5:51:11 PM,01:09:48,,,,Enter Notes
2025-10-03 07:00:15 PM,74.4,62.2,50.7,29.22,662,29.22,1.0,73.4,55.0,282,74.3,session,"Session - Oct 3, 2025 5:51:11 PM",2025-10-03 05:51:11 PM 5:51:11 PM,01:09:48,,,,Enter Notes
2025-10-03 07:00:20 PM,74.3,62.1,50.7,29.22,665,29.22,1.2,73.4,54.9,281,74.3,session,"Session - Oct 3, 2025 5:51:11 PM",2025-10-03 05:51:11 PM 5:51:11 PM,01:09:48,,,,Enter Notes
2025-10-03 07:00:25 PM,74.4,62.1,50.7,29.22,665,29.22,0.8,73.4,54.9,281,74.3,session,"Session - Oct 3, 2025 5:51:11 PM",2025-10-03 05:51:11 PM 5:51:11 PM,01:09:48,,,,Enter Notes
2025-10-03 07:00:30 PM,74.4,62.1,50.8,29.22,665,29.22,0.0,73.4,55.0,281,74.3,session,"Session - Oct 3, 2025 5:51:11 PM",2025-10-03 05:51:11 PM 5:51:11 PM,01:09:48,,,,Enter Notes
2025-10-03 07:00:35 PM,74.7,62.4,50.8,29.22,665,29.22,0.9,73.6,55.2,281,74.7,session,"Session - Oct 3, 2025 5:51:11 PM",2025-10-03 05:51:11 PM 5:51:11 PM,01:09:48,,,,Enter Notes
2025-10-03 07:00:40 PM,74.7,62.4,50.8,29.22,662,29.22,0.9,73.6,55.3,281,74.7,session,"Session - Oct 3, 2025 5:51:11 PM",2025-10-03 05:51:11 PM 5:51:11 PM,01:09:48,,,,Enter Notes
2025-10-03 07:00:45 PM,74.8,62.4,50.8,29.22,665,29.22,0.9,73.6,55.3,281,74.7,session,"Session - Oct 3, 2025 5:51:11 PM",2025-10-03 05:51:11 PM 5:51:11 PM,01:09:48,,,,Enter Notes
2025-10-03 07:00:50 PM,74.6,62.4,50.9,29.21,666,29.21,0.8,73.6,55.2,281,74.5,session,"Session - Oct 3, 2025 5:51:11 PM",2025-10-03 05:51:11 PM 5:51:11 PM,01:09:48,,,,Enter Notes
2025-10-03 07:00:55 PM,74.4,62.2,50.9,29.21,666,29.21,0.9,73.4,55.0,281,74.3,session,"Session - Oct 3, 2025 5:51:11 PM",2025-10-03 05:51:11 PM 5:51:11 PM,01:09:48,,,,Enter Notes