<?xml version="1.0" encoding="UTF-8"?>
<gpx xmlns:xsi="http://www.w3.org/2001/XMLSchema-instance" xsi:schemaLocation="http://www.topografix.com/GPX/1/1 http://www.topografix.com/GPX/1/1/gpx.xsd" creator="StravaGPX" version="1.1" xmlns="http://www.topografix.com/GPX/1/1">
 <metadata>
  <time>2025-10-03T21:48:19Z</time>
 </metadata>
 <trk>
  <name>Afternoon Walk</name>
  <type>walking</type>
  <trkseg>
   <trkpt lat="33.7814380" lon="-84.4044320">
    <ele>0.0</ele>
    <time>2025-10-03T21:48:19Z</time>
   </trkpt>
   <trkpt lat="33.7814370" lon="-84.4044480">
    <ele>0.0</ele>
    <time>2025-10-03T21:48:23Z</time>
   </trkpt>
   <trkpt lat="33.7814370" lon="-84.4044640">
    <ele>0.0</ele>
    <time>2025-10-03T21:48:24Z</time>
   </trkpt>
   <trkpt lat="33.7814360" lon="-84.4044800">
    <ele>0.0</ele>
    <time>2025-10-03T21:48:25Z</time>
   </trkpt>
   <trkpt lat="33.7814360" lon="-84.4044960">
    <ele>0.0</ele>
    <time>2025-10-03T21:48:26Z</time>
   </trkpt>
   <trkpt lat="33.7814350" lon="-84.4045120">
    <ele>0.0</ele>
    <time>2025-10-03T21:48:27Z</time>
   </trkpt>
   <trkpt lat="33.7814340" lon="-84.4045280">
    <ele>0.0</ele>
    <time>2025-10-03T21:48:28Z</time>
   </trkpt>
   <trkpt lat="33.7814340" lon="-84.4045440">
    <ele>0.0</ele>
    <time>2025-10-03T21:48:29Z</time>
   </trkpt>
   <trkpt lat="33.7814330" lon="-84.4045600">
    <ele>0.0</ele>
    <time>2025-10-03T21:48:30Z</time>
   </trkpt>
   <trkpt lat="33.7814330" lon="-84.4045760">
    <ele>0.0</ele>
    <time>2025-10-03T21:48:31Z</time>
   </trkpt>
   <trkpt lat="33.7814320" lon="-84.4045920">
    <ele>0.0</ele>
    <time>2025-10-03T21:48:32Z</time>
   </trkpt>
   <trkpt lat="33.7814310" lon="-84.4046080">
    <ele>0.0</ele>
    <time>2025-10-03T21:48:33Z</time>
   </trkpt>
   <trkpt lat="33.7814310" lon="-84.4046240">
    <ele>0.0</ele>
    <time>2025-10-03T21:48:34Z</time>
   </trkpt>
   <trkpt lat="33.7814300" lon="-84.4046400">
    <ele>0.0</ele>
    <time>2025-10-03T21:48:35Z</time>
   </trkpt>
   <trkpt lat="33.7814300" lon="-84.4046560">
    <ele>0.0</ele>
    <time>2025-10-03T21:48:36Z</time>
   </trkpt>
   <trkpt lat="33.7814290" lon="-84.4046720">
    <ele>0.0</ele>
    <time>2025-10-03T21:48:37Z</time>
   </trkpt>
   <trkpt lat="33.7814280" lon="-84.4046880">
    <ele>0.0</ele>
    <time>2025-10-03T21:48:38Z</time>
   </trkpt>
   <trkpt lat="33.7814280" lon="-84.4047050">
    <ele>0.0</ele>
    <time>2025-10-03T21:48:39Z</time>
   </trkpt>
   <trkpt lat="33.7814270" lon="-84.4047210">
    <ele>0.0</ele>
    <time>2025-10-03T21:48:40Z</time>
   </trkpt>
   <trkpt lat="33.7814270" lon="-84.4047370">
    <ele>0.0</ele>
    <time>2025-10-03T21:48:41Z</time>
   </trkpt>
   <trkpt lat="33.7814260" lon="-84.4047530">
    <ele>0.0</ele>
    <time>2025-10-03T21:48:42Z</time>
   </trkpt>
   <trkpt lat="33.7814250" lon="-84.4047690">
    <ele>0.0</ele>
    <time>2025-10-03T21:48:43Z</time>
   </trkpt>
   <trkpt lat="33.7814250" lon="-84.4047850">
    <ele>0.0</ele>
    <time>2025-10-03T21:48:44Z</time>
   </trkpt>
   <trkpt lat="33.7814240" lon="-84.4048010">
    <ele>0.0</ele>
    <time>2025-10-03T21:48:45Z</time>
   </trkpt>
   <trkpt lat="33.7814240" lon="-84.4048170">
    <ele>0.0</ele>
    <time>2025-10-03T21:48:46Z</time>
   </trkpt>
   <trkpt lat="33.7814230" lon="-84.4048330">
    <ele>0.0</ele>
    <time>2025-10-03T21:48:47Z</time>
   </trkpt>
   <trkpt lat="33.7814220" lon="-84.4048490">
    <ele>0.0</ele>
    <time>2025-10-03T21:48:48Z</time>
   </trkpt>
   <trkpt lat="33.7814220" lon="-84.4048650">
    <ele>0.0</ele>
    <time>2025-10-03T21:48:49Z</time>
   </trkpt>
   <trkpt lat="33.7814210" lon="-84.4048810">
    <ele>0.0</ele>
    <time>2025-10-03T21:48:50Z</time>
   </trkpt>
   <trkpt lat="33.7814210" lon="-84.4048970">
    <ele>0.0</ele>
    <time>2025-10-03T21:48:51Z</time>
   </trkpt>
   <trkpt lat="33.7814200" lon="-84.4049130">
    <ele>0.0</ele>
    <time>2025-10-03T21:48:52Z</time>
   </trkpt>
   <trkpt lat="33.7814190" lon="-84.4049290">
    <ele>0.0</ele>
    <time>2025-10-03T21:48:53Z</time>
   </trkpt>
   <trkpt lat="33.7814190" lon="-84.4049450">
    <ele>0.0</ele>
    <time>2025-10-03T21:48:54Z</time>
   </trkpt>
   <trkpt lat="33.7814180" lon="-84.4049610">
    <ele>0.0</ele>
    <time>2025-10-03T21:48:55Z</time>
   </trkpt>
   <trkpt lat="33.7814180" lon="-84.4049770">
    <ele>0.0</ele>
    <time>2025-10-03T21:48:56Z</time>
   </trkpt>
   <trkpt lat="33.7814170" lon="-84.4049930">
    <ele>0.0</ele>
    <time>2025-10-03T21:48:57Z</time>
   </trkpt>
   <trkpt lat="33.7814160" lon="-84.4050090">
    <ele>0.0</ele>
    <time>2025-10-03T21:48:58Z</time>
   </trkpt>
   <trkpt lat="33.7814160" lon="-84.4050250">
    <ele>0.0</ele>
    <time>2025-10-03T21:48:59Z</time>
   </trkpt>
   <trkpt lat="33.7814150" lon="-84.4050410">
    <ele>0.0</ele>
    <time>2025-10-03T21:49:00Z</time>
   </trkpt>
   <trkpt lat="33.7814150" lon="-84.4050570">
    <ele>0.0</ele>
    <time>2025-10-03T21:49:01Z</time>
   </trkpt>
   <trkpt lat="33.7814140" lon="-84.4050730">
    <ele>0.0</ele>
    <time>2025-10-03T21:49:02Z</time>
   </trkpt>
   <trkpt lat="33.7814130" lon="-84.4050890">
    <ele>0.0</ele>
    <time>2025-10-03T21:49:03Z</time>
   </trkpt>
   <trkpt lat="33.7814130" lon="-84.4051050">
    <ele>0.0</ele>
    <time>2025-10-03T21:49:04Z</time>
   </trkpt>
   <trkpt lat="33.7814120" lon="-84.4051210">
    <ele>0.0</ele>
    <time>2025-10-03T21:49:05Z</time>
   </trkpt>
   <trkpt lat="33.7814120" lon="-84.4051370">
    <ele>0.0</ele>
    <time>2025-10-03T21:49:06Z</time>
   </trkpt>
   <trkpt lat="33.7814110" lon="-84.4051530">
    <ele>0.0</ele>
    <time>2025-10-03T21:49:07Z</time>
   </trkpt>
   <trkpt lat="33.7814100" lon="-84.4051690">
    <ele>0.0</ele>
    <time>2025-10-03T21:49:08Z</time>
   </trkpt>
   <trkpt lat="33.7814100" lon="-84.4051850">
    <ele>0.0</ele>
    <time>2025-10-03T21:49:09Z</time>
   </trkpt>
   <trkpt lat="33.7814090" lon="-84.4052010">
    <ele>0.0</ele>
    <time>2025-10-03T21:49:10Z</time>
   </trkpt>
   <trkpt lat="33.7814090" lon="-84.4052170">
    <ele>0.0</ele>
    <time>2025-10-03T21:49:11Z</time>
   </trkpt>
   <trkpt lat="33.7814080" lon="-84.4052330">
    <ele>0.0</ele>
    <time>2025-10-03T21:49:12Z</time>
   </trkpt>
   <trkpt lat="33.7814080" lon="-84.4052490">
    <ele>0.0</ele>
    <time>2025-10-03T21:49:13Z</time>
   </trkpt>
   <trkpt lat="33.7814080" lon="-84.4052800">
    <ele>0.0</ele>
    <time>2025-10-03T21:49:14Z</time>
   </trkpt>
   <trkpt lat="33.7814090" lon="-84.4052940">
    <ele>0.0</ele>
    <time>2025-10-03T21:49:15Z</time>
   </trkpt>
   <trkpt lat="33.7814090" lon="-84.4053070">
    <ele>0.0</ele>
    <time>2025-10-03T21:49:16Z</time>
   </trkpt>
   <trkpt lat="33.7814090" lon="-84.4053210">
    <ele>0.0</ele>
    <time>2025-10-03T21:49:17Z</time>
   </trkpt>
   <trkpt lat="33.7814100" lon="-84.4053340">
    <ele>0.0</ele>
    <time>2025-10-03T21:49:18Z</time>
   </trkpt>
   <trkpt lat="33.7814100" lon="-84.4053480">
    <ele>0.0</ele>
    <time>2025-10-03T21:49:19Z</time>
   </trkpt>
   <trkpt lat="33.7814100" lon="-84.4053610">
    <ele>0.0</ele>
    <time>2025-10-03T21:49:20Z</time>
   </trkpt>
   <trkpt lat="33.7814110" lon="-84.4053750">
    <ele>0.0</ele>
    <time>2025-10-03T21:49:21Z</time>
   </trkpt>
   <trkpt lat="33.7814110" lon="-84.4053880">
    <ele>0.0</ele>
    <time>2025-10-03T21:49:22Z</time>
   </trkpt>
   <trkpt lat="33.7814120" lon="-84.4054020">
    <ele>0.0</ele>
    <time>2025-10-03T21:49:23Z</time>
   </trkpt>
   <trkpt lat="33.7814120" lon="-84.4054150">
    <ele>0.0</ele>
    <time>2025-10-03T21:49:24Z</time>
   </trkpt>
   <trkpt lat="33.7814120" lon="-84.4054280">
    <ele>0.0</ele>
    <time>2025-10-03T21:49:25Z</time>
   </trkpt>
   <trkpt lat="33.7814130" lon="-84.4054420">
    <ele>0.0</ele>
    <time>2025-10-03T21:49:26Z</time>
   </trkpt>
   <trkpt lat="33.7814130" lon="-84.4054550">
    <ele>0.0</ele>
    <time>2025-10-03T21:49:27Z</time>
   </trkpt>
   <trkpt lat="33.7814130" lon="-84.4054690">
    <ele>0.0</ele>
    <time>2025-10-03T21:49:28Z</time>
   </trkpt>
   <trkpt lat="33.7814140" lon="-84.4054820">
    <ele>0.0</ele>
    <time>2025-10-03T21:49:29Z</time>
   </trkpt>
   <trkpt lat="33.7814140" lon="-84.4054960">
    <ele>0.0</ele>
    <time>2025-10-03T21:49:30Z</time>
   </trkpt>
   <trkpt lat="33.7814140" lon="-84.4055090">
    <ele>0.0</ele>
    <time>2025-10-03T21:49:31Z</time>
   </trkpt>
   <trkpt lat="33.7814150" lon="-84.4055230">
    <ele>0.0</ele>
    <time>2025-10-03T21:49:32Z</time>
   </trkpt>
   <trkpt lat="33.7814150" lon="-84.4055360">
    <ele>0.0</ele>
    <time>2025-10-03T21:49:33Z</time>
   </trkpt>
   <trkpt lat="33.7814150" lon="-84.4055490">
    <ele>0.0</ele>
    <time>2025-10-03T21:49:34Z</time>
   </trkpt>
   <trkpt lat="33.7814160" lon="-84.4055630">
    <ele>0.0</ele>
    <time>2025-10-03T21:49:35Z</time>
   </trkpt>
   <trkpt lat="33.7814160" lon="-84.4055760">
    <ele>0.0</ele>
    <time>2025-10-03T21:49:36Z</time>
   </trkpt>
   <trkpt lat="33.7814170" lon="-84.4055900">
    <ele>0.0</ele>
    <time>2025-10-03T21:49:37Z</time>
   </trkpt>
   <trkpt lat="33.7814170" lon="-84.4056030">
    <ele>0.0</ele>
    <time>2025-10-03T21:49:38Z</time>
   </trkpt>
   <trkpt lat="33.7814170" lon="-84.4056170">
    <ele>0.0</ele>
    <time>2025-10-03T21:49:39Z</time>
   </trkpt>
   <trkpt lat="33.7814180" lon="-84.4056300">
    <ele>0.0</ele>
    <time>2025-10-03T21:49:40Z</time>
   </trkpt>
   <trkpt lat="33.7814180" lon="-84.4056440">
    <ele>0.0</ele>
    <time>2025-10-03T21:49:41Z</time>
   </trkpt>
   <trkpt lat="33.7814180" lon="-84.4056570">
    <ele>0.0</ele>
    <time>2025-10-03T21:49:42Z</time>
   </trkpt>
   <trkpt lat="33.7814190" lon="-84.4056710">
    <ele>0.0</ele>
    <time>2025-10-03T21:49:43Z</time>
   </trkpt>
   <trkpt lat="33.7814190" lon="-84.4056840">
    <ele>0.0</ele>
    <time>2025-10-03T21:49:44Z</time>
   </trkpt>
   <trkpt lat="33.7814190" lon="-84.4057190">
    <ele>0.0</ele>
    <time>2025-10-03T21:49:45Z</time>
   </trkpt>
   <trkpt lat="33.7814190" lon="-84.4057330">
    <ele>0.0</ele>
    <time>2025-10-03T21:49:46Z</time>
   </trkpt>
   <trkpt lat="33.7814190" lon="-84.4057470">
    <ele>0.0</ele>
    <time>2025-10-03T21:49:47Z</time>
   </trkpt>
   <trkpt lat="33.7814190" lon="-84.4057610">
    <ele>0.0</ele>
    <time>2025-10-03T21:49:48Z</time>
   </trkpt>
   <trkpt lat="33.7814190" lon="-84.4057750">
    <ele>0.0</ele>
    <time>2025-10-03T21:49:49Z</time>
   </trkpt>
   <trkpt lat="33.7814190" lon="-84.4057890">
    <ele>0.0</ele>
    <time>2025-10-03T21:49:50Z</time>
   </trkpt>
   <trkpt lat="33.7814190" lon="-84.4058030">
    <ele>0.0</ele>
    <time>2025-10-03T21:49:51Z</time>
   </trkpt>
   <trkpt lat="33.7814200" lon="-84.4058170">
    <ele>0.0</ele>
    <time>2025-10-03T21:49:52Z</time>
   </trkpt>
   <trkpt lat="33.7814200" lon="-84.4058310">
    <ele>0.0</ele>
    <time>2025-10-03T21:49:53Z</time>
   </trkpt>
   <trkpt lat="33.7814200" lon="-84.4058450">
    <ele>0.0</ele>
    <time>2025-10-03T21:49:54Z</time>
   </trkpt>
   <trkpt lat="33.7814200" lon="-84.4058590">
    <ele>0.0</ele>
    <time>2025-10-03T21:49:55Z</time>
   </trkpt>
   <trkpt lat="33.7814200" lon="-84.4058730">
    <ele>0.0</ele>
    <time>2025-10-03T21:49:56Z</time>
   </trkpt>
   <trkpt lat="33.7814200" lon="-84.4058870">
    <ele>0.0</ele>
    <time>2025-10-03T21:49:57Z</time>
   </trkpt>
   <trkpt lat="33.7814200" lon="-84.4059010">
    <ele>0.0</ele>
    <time>2025-10-03T21:49:58Z</time>
   </trkpt>
   <trkpt lat="33.7814200" lon="-84.4059150">
    <ele>0.0</ele>
    <time>2025-10-03T21:49:59Z</time>
   </trkpt>
   <trkpt lat="33.7814200" lon="-84.4059300">
    <ele>0.0</ele>
    <time>2025-10-03T21:50:00Z</time>
   </trkpt>
   <trkpt lat="33.7814200" lon="-84.4059440">
    <ele>0.0</ele>
    <time>2025-10-03T21:50:01Z</time>
   </trkpt>
   <trkpt lat="33.7814200" lon="-84.4059580">
    <ele>0.0</ele>
    <time>2025-10-03T21:50:02Z</time>
   </trkpt>
   <trkpt lat="33.7814200" lon="-84.4059720">
    <ele>0.0</ele>
    <time>2025-10-03T21:50:03Z</time>
   </trkpt>
   <trkpt lat="33.7814200" lon="-84.4059860">
    <ele>0.0</ele>
    <time>2025-10-03T21:50:04Z</time>
   </trkpt>
   <trkpt lat="33.7814200" lon="-84.4060000">
    <ele>0.0</ele>
    <time>2025-10-03T21:50:05Z</time>
   </trkpt>
   <trkpt lat="33.7814200" lon="-84.4060140">
    <ele>0.0</ele>
    <time>2025-10-03T21:50:06Z</time>
   </trkpt>
   <trkpt lat="33.7814210" lon="-84.4060280">
    <ele>0.0</ele>
    <time>2025-10-03T21:50:07Z</time>
   </trkpt>
   <trkpt lat="33.7814210" lon="-84.4060420">
    <ele>0.0</ele>
    <time>2025-10-03T21:50:08Z</time>
   </trkpt>
   <trkpt lat="33.7814210" lon="-84.4060560">
    <ele>0.0</ele>
    <time>2025-10-03T21:50:09Z</time>
   </trkpt>
   <trkpt lat="33.7814210" lon="-84.4060700">
    <ele>0.0</ele>
    <time>2025-10-03T21:50:10Z</time>
   </trkpt>
   <trkpt lat="33.7814210" lon="-84.4060840">
    <ele>0.0</ele>
    <time>2025-10-03T21:50:11Z</time>
   </trkpt>
   <trkpt lat="33.7814210" lon="-84.4060980">
    <ele>0.0</ele>
    <time>2025-10-03T21:50:12Z</time>
   </trkpt>
   <trkpt lat="33.7814210" lon="-84.4061120">
    <ele>0.0</ele>
    <time>2025-10-03T21:50:13Z</time>
   </trkpt>
   <trkpt lat="33.7814210" lon="-84.4061260">
    <ele>0.0</ele>
    <time>2025-10-03T21:50:14Z</time>
   </trkpt>
   <trkpt lat="33.7814220" lon="-84.4061500">
    <ele>0.0</ele>
    <time>2025-10-03T21:50:15Z</time>
   </trkpt>
   <trkpt lat="33.7814240" lon="-84.4061630">
    <ele>0.0</ele>
    <time>2025-10-03T21:50:16Z</time>
   </trkpt>
   <trkpt lat="33.7814250" lon="-84.4061750">
    <ele>0.0</ele>
    <time>2025-10-03T21:50:17Z</time>
   </trkpt>
   <trkpt lat="33.7814270" lon="-84.4061880">
    <ele>0.0</ele>
    <time>2025-10-03T21:50:18Z</time>
   </trkpt>
   <trkpt lat="33.7814280" lon="-84.4062000">
    <ele>0.0</ele>
    <time>2025-10-03T21:50:19Z</time>
   </trkpt>
   <trkpt lat="33.7814300" lon="-84.4062130">
    <ele>0.0</ele>
    <time>2025-10-03T21:50:20Z</time>
   </trkpt>
   <trkpt lat="33.7814310" lon="-84.4062250">
    <ele>0.0</ele>
    <time>2025-10-03T21:50:21Z</time>
   </trkpt>
   <trkpt lat="33.7814330" lon="-84.4062370">
    <ele>0.0</ele>
    <time>2025-10-03T21:50:22Z</time>
   </trkpt>
   <trkpt lat="33.7814340" lon="-84.4062500">
    <ele>0.0</ele>
    <time>2025-10-03T21:50:23Z</time>
   </trkpt>
   <trkpt lat="33.7814360" lon="-84.4062620">
    <ele>0.0</ele>
    <time>2025-10-03T21:50:24Z</time>
   </trkpt>
   <trkpt lat="33.7814370" lon="-84.4062750">
    <ele>0.0</ele>
    <time>2025-10-03T21:50:25Z</time>
   </trkpt>
   <trkpt lat="33.7814390" lon="-84.4062870">
    <ele>0.0</ele>
    <time>2025-10-03T21:50:26Z</time>
   </trkpt>
   <trkpt lat="33.7814400" lon="-84.4063000">
    <ele>0.0</ele>
    <time>2025-10-03T21:50:27Z</time>
   </trkpt>
   <trkpt lat="33.7814420" lon="-84.4063120">
    <ele>0.0</ele>
    <time>2025-10-03T21:50:28Z</time>
   </trkpt>
   <trkpt lat="33.7814430" lon="-84.4063250">
    <ele>0.0</ele>
    <time>2025-10-03T21:50:29Z</time>
   </trkpt>
   <trkpt lat="33.7814450" lon="-84.4063370">
    <ele>0.0</ele>
    <time>2025-10-03T21:50:30Z</time>
   </trkpt>
   <trkpt lat="33.7814460" lon="-84.4063490">
    <ele>0.0</ele>
    <time>2025-10-03T21:50:31Z</time>
   </trkpt>
   <trkpt lat="33.7814480" lon="-84.4063620">
    <ele>0.0</ele>
    <time>2025-10-03T21:50:32Z</time>
   </trkpt>
   <trkpt lat="33.7814490" lon="-84.4063740">
    <ele>0.0</ele>
    <time>2025-10-03T21:50:33Z</time>
   </trkpt>
   <trkpt lat="33.7814510" lon="-84.4063870">
    <ele>0.0</ele>
    <time>2025-10-03T21:50:34Z</time>
   </trkpt>
   <trkpt lat="33.7814520" lon="-84.4063990">
    <ele>0.0</ele>
    <time>2025-10-03T21:50:35Z</time>
   </trkpt>
   <trkpt lat="33.7814540" lon="-84.4064120">
    <ele>0.0</ele>
    <time>2025-10-03T21:50:36Z</time>
   </trkpt>
   <trkpt lat="33.7814550" lon="-84.4064240">
    <ele>0.0</ele>
    <time>2025-10-03T21:50:37Z</time>
   </trkpt>
   <trkpt lat="33.7814570" lon="-84.4064360">
    <ele>0.0</ele>
    <time>2025-10-03T21:50:38Z</time>
   </trkpt>
   <trkpt lat="33.7814580" lon="-84.4064490">
    <ele>0.0</ele>
    <time>2025-10-03T21:50:39Z</time>
   </trkpt>
   <trkpt lat="33.7814600" lon="-84.4064610">
    <ele>0.0</ele>
    <time>2025-10-03T21:50:40Z</time>
   </trkpt>
   <trkpt lat="33.7814610" lon="-84.4064740">
    <ele>0.0</ele>
    <time>2025-10-03T21:50:41Z</time>
   </trkpt>
   <trkpt lat="33.7814630" lon="-84.4064860">
    <ele>0.0</ele>
    <time>2025-10-03T21:50:42Z</time>
   </trkpt>
   <trkpt lat="33.7814640" lon="-84.4064990">
    <ele>0.0</ele>
    <time>2025-10-03T21:50:43Z</time>
   </trkpt>
   <trkpt lat="33.7814660" lon="-84.4065110">
    <ele>0.0</ele>
    <time>2025-10-03T21:50:44Z</time>
   </trkpt>
   <trkpt lat="33.7814670" lon="-84.4065230">
    <ele>0.0</ele>
    <time>2025-10-03T21:50:45Z</time>
   </trkpt>
   <trkpt lat="33.7814700" lon="-84.4065610">
    <ele>0.0</ele>
    <time>2025-10-03T21:50:46Z</time>
   </trkpt>
   <trkpt lat="33.7814710" lon="-84.4065790">
    <ele>0.0</ele>
    <time>2025-10-03T21:50:47Z</time>
   </trkpt>
   <trkpt lat="33.7814720" lon="-84.4065980">
    <ele>0.0</ele>
    <time>2025-10-03T21:50:48Z</time>
   </trkpt>
   <trkpt lat="33.7814730" lon="-84.4066160">
    <ele>0.0</ele>
    <time>2025-10-03T21:50:49Z</time>
   </trkpt>
   <trkpt lat="33.7814740" lon="-84.4066340">
    <ele>0.0</ele>
    <time>2025-10-03T21:50:50Z</time>
   </trkpt>
   <trkpt lat="33.7814750" lon="-84.4066520">
    <ele>0.0</ele>
    <time>2025-10-03T21:50:51Z</time>
   </trkpt>
   <trkpt lat="33.7814760" lon="-84.4066700">
    <ele>0.0</ele>
    <time>2025-10-03T21:50:52Z</time>
   </trkpt>
   <trkpt lat="33.7814770" lon="-84.4066890">
    <ele>0.0</ele>
    <time>2025-10-03T21:50:53Z</time>
   </trkpt>
   <trkpt lat="33.7814780" lon="-84.4067070">
    <ele>0.0</ele>
    <time>2025-10-03T21:50:54Z</time>
   </trkpt>
   <trkpt lat="33.7814790" lon="-84.4067250">
    <ele>0.0</ele>
    <time>2025-10-03T21:50:55Z</time>
   </trkpt>
   <trkpt lat="33.7814800" lon="-84.4067430">
    <ele>0.0</ele>
    <time>2025-10-03T21:50:56Z</time>
   </trkpt>
   <trkpt lat="33.7814810" lon="-84.4067620">
    <ele>0.0</ele>
    <time>2025-10-03T21:50:57Z</time>
   </trkpt>
   <trkpt lat="33.7814820" lon="-84.4067800">
    <ele>0.0</ele>
    <time>2025-10-03T21:50:58Z</time>
   </trkpt>
   <trkpt lat="33.7814830" lon="-84.4067980">
    <ele>0.0</ele>
    <time>2025-10-03T21:50:59Z</time>
   </trkpt>
   <trkpt lat="33.7814840" lon="-84.4068160">
    <ele>0.0</ele>
    <time>2025-10-03T21:51:00Z</time>
   </trkpt>
   <trkpt lat="33.7814850" lon="-84.4068340">
    <ele>0.0</ele>
    <time>2025-10-03T21:51:01Z</time>
   </trkpt>
   <trkpt lat="33.7814860" lon="-84.4068530">
    <ele>0.0</ele>
    <time>2025-10-03T21:51:02Z</time>
   </trkpt>
   <trkpt lat="33.7814870" lon="-84.4068710">
    <ele>0.0</ele>
    <time>2025-10-03T21:51:03Z</time>
   </trkpt>
   <trkpt lat="33.7814880" lon="-84.4068890">
    <ele>0.0</ele>
    <time>2025-10-03T21:51:04Z</time>
   </trkpt>
   <trkpt lat="33.7814890" lon="-84.4069070">
    <ele>0.0</ele>
    <time>2025-10-03T21:51:05Z</time>
   </trkpt>
   <trkpt lat="33.7814900" lon="-84.4069250">
    <ele>0.0</ele>
    <time>2025-10-03T21:51:06Z</time>
   </trkpt>
   <trkpt lat="33.7814910" lon="-84.4069440">
    <ele>0.0</ele>
    <time>2025-10-03T21:51:07Z</time>
   </trkpt>
   <trkpt lat="33.7814920" lon="-84.4069620">
    <ele>0.0</ele>
    <time>2025-10-03T21:51:08Z</time>
   </trkpt>
   <trkpt lat="33.7814930" lon="-84.4069800">
    <ele>0.0</ele>
    <time>2025-10-03T21:51:09Z</time>
   </trkpt>
   <trkpt lat="33.7814940" lon="-84.4069980">
    <ele>0.0</ele>
    <time>2025-10-03T21:51:10Z</time>
   </trkpt>
   <trkpt lat="33.7814950" lon="-84.4070160">
    <ele>0.0</ele>
    <time>2025-10-03T21:51:11Z</time>
   </trkpt>
   <trkpt lat="33.7814960" lon="-84.4070350">
    <ele>0.0</ele>
    <time>2025-10-03T21:51:12Z</time>
   </trkpt>
   <trkpt lat="33.7814970" lon="-84.4070530">
    <ele>0.0</ele>
    <time>2025-10-03T21:51:13Z</time>
   </trkpt>
   <trkpt lat="33.7814980" lon="-84.4070710">
    <ele>0.0</ele>
    <time>2025-10-03T21:51:14Z</time>
   </trkpt>
   <trkpt lat="33.7814990" lon="-84.4070890">
    <ele>0.0</ele>
    <time>2025-10-03T21:51:15Z</time>
   </trkpt>
   <trkpt lat="33.7815010" lon="-84.4071070">
    <ele>0.0</ele>
    <time>2025-10-03T21:51:16Z</time>
   </trkpt>
   <trkpt lat="33.7814920" lon="-84.4071210">
    <ele>0.0</ele>
    <time>2025-10-03T21:51:17Z</time>
   </trkpt>
   <trkpt lat="33.7814830" lon="-84.4071280">
    <ele>0.0</ele>
    <time>2025-10-03T21:51:18Z</time>
   </trkpt>
   <trkpt lat="33.7814730" lon="-84.4071360">
    <ele>0.0</ele>
    <time>2025-10-03T21:51:19Z</time>
   </trkpt>
   <trkpt lat="33.7814630" lon="-84.4071430">
    <ele>0.0</ele>
    <time>2025-10-03T21:51:20Z</time>
   </trkpt>
   <trkpt lat="33.7814540" lon="-84.4071510">
    <ele>0.0</ele>
    <time>2025-10-03T21:51:21Z</time>
   </trkpt>
   <trkpt lat="33.7814440" lon="-84.4071580">
    <ele>0.0</ele>
    <time>2025-10-03T21:51:22Z</time>
   </trkpt>
   <trkpt lat="33.7814340" lon="-84.4071660">
    <ele>0.0</ele>
    <time>2025-10-03T21:51:23Z</time>
   </trkpt>
   <trkpt lat="33.7814250" lon="-84.4071730">
    <ele>0.0</ele>
    <time>2025-10-03T21:51:24Z</time>
   </trkpt>
   <trkpt lat="33.7814150" lon="-84.4071810">
    <ele>0.0</ele>
    <time>2025-10-03T21:51:25Z</time>
   </trkpt>
   <trkpt lat="33.7814050" lon="-84.4071880">
    <ele>0.0</ele>
    <time>2025-10-03T21:51:26Z</time>
   </trkpt>
   <trkpt lat="33.7813960" lon="-84.4071960">
    <ele>0.0</ele>
    <time>2025-10-03T21:51:27Z</time>
   </trkpt>
   <trkpt lat="33.7813860" lon="-84.4072030">
    <ele>0.0</ele>
    <time>2025-10-03T21:51:28Z</time>
   </trkpt>
   <trkpt lat="33.7813760" lon="-84.4072110">
    <ele>0.0</ele>
    <time>2025-10-03T21:51:29Z</time>
   </trkpt>
   <trkpt lat="33.7813670" lon="-84.4072180">
    <ele>0.0</ele>
    <time>2025-10-03T21:51:30Z</time>
   </trkpt>
   <trkpt lat="33.7813570" lon="-84.4072260">
    <ele>0.0</ele>
    <time>2025-10-03T21:51:31Z</time>
   </trkpt>
   <trkpt lat="33.7813470" lon="-84.4072330">
    <ele>0.0</ele>
    <time>2025-10-03T21:51:32Z</time>
   </trkpt>
   <trkpt lat="33.7813380" lon="-84.4072410">
    <ele>0.0</ele>
    <time>2025-10-03T21:51:33Z</time>
   </trkpt>
   <trkpt lat="33.7813280" lon="-84.4072480">
    <ele>0.0</ele>
    <time>2025-10-03T21:51:34Z</time>
   </trkpt>
   <trkpt lat="33.7813180" lon="-84.4072560">
    <ele>0.0</ele>
    <time>2025-10-03T21:51:35Z</time>
   </trkpt>
   <trkpt lat="33.7813090" lon="-84.4072630">
    <ele>0.0</ele>
    <time>2025-10-03T21:51:36Z</time>
   </trkpt>
   <trkpt lat="33.7812990" lon="-84.4072710">
    <ele>0.0</ele>
    <time>2025-10-03T21:51:37Z</time>
   </trkpt>
   <trkpt lat="33.7812890" lon="-84.4072780">
    <ele>0.0</ele>
    <time>2025-10-03T21:51:38Z</time>
   </trkpt>
   <trkpt lat="33.7812800" lon="-84.4072860">
    <ele>0.0</ele>
    <time>2025-10-03T21:51:39Z</time>
   </trkpt>
   <trkpt lat="33.7812700" lon="-84.4072930">
    <ele>0.0</ele>
    <time>2025-10-03T21:51:40Z</time>
   </trkpt>
   <trkpt lat="33.7812600" lon="-84.4073010">
    <ele>0.0</ele>
    <time>2025-10-03T21:51:41Z</time>
   </trkpt>
   <trkpt lat="33.7812510" lon="-84.4073080">
    <ele>0.0</ele>
    <time>2025-10-03T21:51:42Z</time>
   </trkpt>
   <trkpt lat="33.7812410" lon="-84.4073160">
    <ele>0.0</ele>
    <time>2025-10-03T21:51:43Z</time>
   </trkpt>
   <trkpt lat="33.7812310" lon="-84.4073230">
    <ele>0.0</ele>
    <time>2025-10-03T21:51:44Z</time>
   </trkpt>
   <trkpt lat="33.7812220" lon="-84.4073310">
    <ele>0.0</ele>
    <time>2025-10-03T21:51:45Z</time>
   </trkpt>
   <trkpt lat="33.7812120" lon="-84.4073380">
    <ele>0.0</ele>
    <time>2025-10-03T21:51:46Z</time>
   </trkpt>
   <trkpt lat="33.7811880" lon="-84.4073510">
    <ele>0.0</ele>
    <time>2025-10-03T21:51:47Z</time>
   </trkpt>
   <trkpt lat="33.7811770" lon="-84.4073560">
    <ele>0.0</ele>
    <time>2025-10-03T21:51:48Z</time>
   </trkpt>
   <trkpt lat="33.7811670" lon="-84.4073620">
    <ele>0.0</ele>
    <time>2025-10-03T21:51:49Z</time>
   </trkpt>
   <trkpt lat="33.7811560" lon="-84.4073680">
    <ele>0.0</ele>
    <time>2025-10-03T21:51:50Z</time>
   </trkpt>
   <trkpt lat="33.7811460" lon="-84.4073730">
    <ele>0.0</ele>
    <time>2025-10-03T21:51:51Z</time>
   </trkpt>
   <trkpt lat="33.7811350" lon="-84.4073790">
    <ele>0.0</ele>
    <time>2025-10-03T21:51:52Z</time>
   </trkpt>
   <trkpt lat="33.7811250" lon="-84.4073850">
    <ele>0.0</ele>
    <time>2025-10-03T21:51:53Z</time>
   </trkpt>
   <trkpt lat="33.7811150" lon="-84.4073910">
    <ele>0.0</ele>
    <time>2025-10-03T21:51:54Z</time>
   </trkpt>
   <trkpt lat="33.7811040" lon="-84.4073960">
    <ele>0.0</ele>
    <time>2025-10-03T21:51:55Z</time>
   </trkpt>
   <trkpt lat="33.7810940" lon="-84.4074020">
    <ele>0.0</ele>
    <time>2025-10-03T21:51:56Z</time>
   </trkpt>
   <trkpt lat="33.7810830" lon="-84.4074080">
    <ele>0.0</ele>
    <time>2025-10-03T21:51:57Z</time>
   </trkpt>
   <trkpt lat="33.7810730" lon="-84.4074130">
    <ele>0.0</ele>
    <time>2025-10-03T21:51:58Z</time>
   </trkpt>
   <trkpt lat="33.7810630" lon="-84.4074190">
    <ele>0.0</ele>
    <time>2025-10-03T21:51:59Z</time>
   </trkpt>
   <trkpt lat="33.7810520" lon="-84.4074250">
    <ele>0.0</ele>
    <time>2025-10-03T21:52:00Z</time>
   </trkpt>
   <trkpt lat="33.7810420" lon="-84.4074300">
    <ele>0.0</ele>
    <time>2025-10-03T21:52:01Z</time>
   </trkpt>
   <trkpt lat="33.7810310" lon="-84.4074360">
    <ele>0.0</ele>
    <time>2025-10-03T21:52:02Z</time>
   </trkpt>
   <trkpt lat="33.7810210" lon="-84.4074420">
    <ele>0.0</ele>
    <time>2025-10-03T21:52:03Z</time>
   </trkpt>
   <trkpt lat="33.7810100" lon="-84.4074470">
    <ele>0.0</ele>
    <time>2025-10-03T21:52:04Z</time>
   </trkpt>
   <trkpt lat="33.7810000" lon="-84.4074530">
    <ele>0.0</ele>
    <time>2025-10-03T21:52:05Z</time>
   </trkpt>
   <trkpt lat="33.7809900" lon="-84.4074590">
    <ele>0.0</ele>
    <time>2025-10-03T21:52:06Z</time>
   </trkpt>
   <trkpt lat="33.7809790" lon="-84.4074650">
    <ele>0.0</ele>
    <time>2025-10-03T21:52:07Z</time>
   </trkpt>
   <trkpt lat="33.7809690" lon="-84.4074700">
    <ele>0.0</ele>
    <time>2025-10-03T21:52:08Z</time>
   </trkpt>
   <trkpt lat="33.7809580" lon="-84.4074760">
    <ele>0.0</ele>
    <time>2025-10-03T21:52:09Z</time>
   </trkpt>
   <trkpt lat="33.7809480" lon="-84.4074820">
    <ele>0.0</ele>
    <time>2025-10-03T21:52:10Z</time>
   </trkpt>
   <trkpt lat="33.7809380" lon="-84.4074870">
    <ele>0.0</ele>
    <time>2025-10-03T21:52:11Z</time>
   </trkpt>
   <trkpt lat="33.7809270" lon="-84.4074930">
    <ele>0.0</ele>
    <time>2025-10-03T21:52:12Z</time>
   </trkpt>
   <trkpt lat="33.7809170" lon="-84.4074990">
    <ele>0.0</ele>
    <time>2025-10-03T21:52:13Z</time>
   </trkpt>
   <trkpt lat="33.7809060" lon="-84.4075040">
    <ele>0.0</ele>
    <time>2025-10-03T21:52:14Z</time>
   </trkpt>
   <trkpt lat="33.7808960" lon="-84.4075100">
    <ele>0.0</ele>
    <time>2025-10-03T21:52:15Z</time>
   </trkpt>
   <trkpt lat="33.7808850" lon="-84.4075160">
    <ele>0.0</ele>
    <time>2025-10-03T21:52:16Z</time>
   </trkpt>
   <trkpt lat="33.7808750" lon="-84.4075220">
    <ele>0.0</ele>
    <time>2025-10-03T21:52:17Z</time>
   </trkpt>
   <trkpt lat="33.7808590" lon="-84.4075260">
    <ele>0.0</ele>
    <time>2025-10-03T21:52:18Z</time>
   </trkpt>
   <trkpt lat="33.7808490" lon="-84.4075270">
    <ele>0.0</ele>
    <time>2025-10-03T21:52:19Z</time>
   </trkpt>
   <trkpt lat="33.7808400" lon="-84.4075280">
    <ele>0.0</ele>
    <time>2025-10-03T21:52:20Z</time>
   </trkpt>
   <trkpt lat="33.7808310" lon="-84.4075290">
    <ele>0.0</ele>
    <time>2025-10-03T21:52:21Z</time>
   </trkpt>
   <trkpt lat="33.7808210" lon="-84.4075300">
    <ele>0.0</ele>
    <time>2025-10-03T21:52:22Z</time>
   </trkpt>
   <trkpt lat="33.7808120" lon="-84.4075310">
    <ele>0.0</ele>
    <time>2025-10-03T21:52:23Z</time>
   </trkpt>
   <trkpt lat="33.7808030" lon="-84.4075320">
    <ele>0.0</ele>
    <time>2025-10-03T21:52:24Z</time>
   </trkpt>
   <trkpt lat="33.7807930" lon="-84.4075320">
    <ele>0.0</ele>
    <time>2025-10-03T21:52:25Z</time>
   </trkpt>
   <trkpt lat="33.7807840" lon="-84.4075330">
    <ele>0.0</ele>
    <time>2025-10-03T21:52:26Z</time>
   </trkpt>
   <trkpt lat="33.7807750" lon="-84.4075340">
    <ele>0.0</ele>
    <time>2025-10-03T21:52:27Z</time>
   </trkpt>
   <trkpt lat="33.7807650" lon="-84.4075350">
    <ele>0.0</ele>
    <time>2025-10-03T21:52:28Z</time>
   </trkpt>
   <trkpt lat="33.7807560" lon="-84.4075360">
    <ele>0.0</ele>
    <time>2025-10-03T21:52:29Z</time>
   </trkpt>
   <trkpt lat="33.7807470" lon="-84.4075370">
    <ele>0.0</ele>
    <time>2025-10-03T21:52:30Z</time>
   </trkpt>
   <trkpt lat="33.7807370" lon="-84.4075380">
    <ele>0.0</ele>
    <time>2025-10-03T21:52:31Z</time>
   </trkpt>
   <trkpt lat="33.7807280" lon="-84.4075390">
    <ele>0.0</ele>
    <time>2025-10-03T21:52:32Z</time>
   </trkpt>
   <trkpt lat="33.7807190" lon="-84.4075400">
    <ele>0.0</ele>
    <time>2025-10-03T21:52:33Z</time>
   </trkpt>
   <trkpt lat="33.7807100" lon="-84.4075410">
    <ele>0.0</ele>
    <time>2025-10-03T21:52:34Z</time>
   </trkpt>
   <trkpt lat="33.7807000" lon="-84.4075420">
    <ele>0.0</ele>
    <time>2025-10-03T21:52:35Z</time>
   </trkpt>
   <trkpt lat="33.7806910" lon="-84.4075430">
    <ele>0.0</ele>
    <time>2025-10-03T21:52:36Z</time>
   </trkpt>
   <trkpt lat="33.7806820" lon="-84.4075440">
    <ele>0.0</ele>
    <time>2025-10-03T21:52:37Z</time>
   </trkpt>
   <trkpt lat="33.7806720" lon="-84.4075450">
    <ele>0.0</ele>
    <time>2025-10-03T21:52:38Z</time>
   </trkpt>
   <trkpt lat="33.7806630" lon="-84.4075450">
    <ele>0.0</ele>
    <time>2025-10-03T21:52:39Z</time>
   </trkpt>
   <trkpt lat="33.7806540" lon="-84.4075460">
    <ele>0.0</ele>
    <time>2025-10-03T21:52:40Z</time>
   </trkpt>
   <trkpt lat="33.7806440" lon="-84.4075470">
    <ele>0.0</ele>
    <time>2025-10-03T21:52:41Z</time>
   </trkpt>
   <trkpt lat="33.7806350" lon="-84.4075480">
    <ele>0.0</ele>
    <time>2025-10-03T21:52:42Z</time>
   </trkpt>
   <trkpt lat="33.7806260" lon="-84.4075490">
    <ele>0.0</ele>
    <time>2025-10-03T21:52:43Z</time>
   </trkpt>
   <trkpt lat="33.7806160" lon="-84.4075500">
    <ele>0.0</ele>
    <time>2025-10-03T21:52:44Z</time>
   </trkpt>
   <trkpt lat="33.7806070" lon="-84.4075510">
    <ele>0.0</ele>
    <time>2025-10-03T21:52:45Z</time>
   </trkpt>
   <trkpt lat="33.7805980" lon="-84.4075520">
    <ele>0.0</ele>
    <time>2025-10-03T21:52:46Z</time>
   </trkpt>
   <trkpt lat="33.7805880" lon="-84.4075530">
    <ele>0.0</ele>
    <time>2025-10-03T21:52:47Z</time>
   </trkpt>
   <trkpt lat="33.7805790" lon="-84.4075540">
    <ele>0.0</ele>
    <time>2025-10-03T21:52:48Z</time>
   </trkpt>
   <trkpt lat="33.7805700" lon="-84.4075550">
    <ele>0.0</ele>
    <time>2025-10-03T21:52:50Z</time>
   </trkpt>
   <trkpt lat="33.7805600" lon="-84.4075560">
    <ele>0.0</ele>
    <time>2025-10-03T21:52:52Z</time>
   </trkpt>
   <trkpt lat="33.7805510" lon="-84.4075570">
    <ele>0.0</ele>
    <time>2025-10-03T21:52:53Z</time>
   </trkpt>
   <trkpt lat="33.7805420" lon="-84.4075580">
    <ele>0.0</ele>
    <time>2025-10-03T21:52:54Z</time>
   </trkpt>
   <trkpt lat="33.7805320" lon="-84.4075590">
    <ele>0.0</ele>
    <time>2025-10-03T21:52:55Z</time>
   </trkpt>
   <trkpt lat="33.7805230" lon="-84.4075590">
    <ele>0.0</ele>
    <time>2025-10-03T21:52:56Z</time>
   </trkpt>
   <trkpt lat="33.7805140" lon="-84.4075600">
    <ele>0.0</ele>
    <time>2025-10-03T21:52:57Z</time>
   </trkpt>
   <trkpt lat="33.7805040" lon="-84.4075610">
    <ele>0.0</ele>
    <time>2025-10-03T21:52:58Z</time>
   </trkpt>
   <trkpt lat="33.7804950" lon="-84.4075620">
    <ele>0.0</ele>
    <time>2025-10-03T21:52:59Z</time>
   </trkpt>
   <trkpt lat="33.7804860" lon="-84.4075630">
    <ele>0.0</ele>
    <time>2025-10-03T21:53:00Z</time>
   </trkpt>
   <trkpt lat="33.7804760" lon="-84.4075640">
    <ele>0.0</ele>
    <time>2025-10-03T21:53:01Z</time>
   </trkpt>
   <trkpt lat="33.7804670" lon="-84.4075650">
    <ele>0.0</ele>
    <time>2025-10-03T21:53:02Z</time>
   </trkpt>
   <trkpt lat="33.7804580" lon="-84.4075660">
    <ele>0.0</ele>
    <time>2025-10-03T21:53:03Z</time>
   </trkpt>
   <trkpt lat="33.7804480" lon="-84.4075670">
    <ele>0.0</ele>
    <time>2025-10-03T21:53:04Z</time>
   </trkpt>
   <trkpt lat="33.7804390" lon="-84.4075680">
    <ele>0.0</ele>
    <time>2025-10-03T21:53:05Z</time>
   </trkpt>
   <trkpt lat="33.7804300" lon="-84.4075690">
    <ele>0.0</ele>
    <time>2025-10-03T21:53:06Z</time>
   </trkpt>
   <trkpt lat="33.7804200" lon="-84.4075700">
    <ele>0.0</ele>
    <time>2025-10-03T21:53:07Z</time>
   </trkpt>
   <trkpt lat="33.7804110" lon="-84.4075710">
    <ele>0.0</ele>
    <time>2025-10-03T21:53:08Z</time>
   </trkpt>
   <trkpt lat="33.7804020" lon="-84.4075720">
    <ele>0.0</ele>
    <time>2025-10-03T21:53:09Z</time>
   </trkpt>
   <trkpt lat="33.7803930" lon="-84.4075730">
    <ele>0.0</ele>
    <time>2025-10-03T21:53:10Z</time>
   </trkpt>
   <trkpt lat="33.7803650" lon="-84.4075750">
    <ele>0.0</ele>
    <time>2025-10-03T21:53:11Z</time>
   </trkpt>
   <trkpt lat="33.7803510" lon="-84.4075760">
    <ele>0.0</ele>
    <time>2025-10-03T21:53:12Z</time>
   </trkpt>
   <trkpt lat="33.7803380" lon="-84.4075780">
    <ele>0.0</ele>
    <time>2025-10-03T21:53:13Z</time>
   </trkpt>
   <trkpt lat="33.7803250" lon="-84.4075800">
    <ele>0.0</ele>
    <time>2025-10-03T21:53:14Z</time>
   </trkpt>
   <trkpt lat="33.7803120" lon="-84.4075810">
    <ele>0.0</ele>
    <time>2025-10-03T21:53:15Z</time>
   </trkpt>
   <trkpt lat="33.7802980" lon="-84.4075830">
    <ele>0.0</ele>
    <time>2025-10-03T21:53:16Z</time>
   </trkpt>
   <trkpt lat="33.7802850" lon="-84.4075840">
    <ele>0.0</ele>
    <time>2025-10-03T21:53:17Z</time>
   </trkpt>
   <trkpt lat="33.7802720" lon="-84.4075860">
    <ele>0.0</ele>
    <time>2025-10-03T21:53:18Z</time>
   </trkpt>
   <trkpt lat="33.7802580" lon="-84.4075880">
    <ele>0.0</ele>
    <time>2025-10-03T21:53:19Z</time>
   </trkpt>
   <trkpt lat="33.7802450" lon="-84.4075890">
    <ele>0.0</ele>
    <time>2025-10-03T21:53:20Z</time>
   </trkpt>
   <trkpt lat="33.7802320" lon="-84.4075910">
    <ele>0.0</ele>
    <time>2025-10-03T21:53:21Z</time>
   </trkpt>
   <trkpt lat="33.7802190" lon="-84.4075930">
    <ele>0.0</ele>
    <time>2025-10-03T21:53:22Z</time>
   </trkpt>
   <trkpt lat="33.7802050" lon="-84.4075940">
    <ele>0.0</ele>
    <time>2025-10-03T21:53:23Z</time>
   </trkpt>
   <trkpt lat="33.7801920" lon="-84.4075960">
    <ele>0.0</ele>
    <time>2025-10-03T21:53:24Z</time>
   </trkpt>
   <trkpt lat="33.7801790" lon="-84.4075970">
    <ele>0.0</ele>
    <time>2025-10-03T21:53:25Z</time>
   </trkpt>
   <trkpt lat="33.7801650" lon="-84.4075990">
    <ele>0.0</ele>
    <time>2025-10-03T21:53:26Z</time>
   </trkpt>
   <trkpt lat="33.7801520" lon="-84.4076010">
    <ele>0.0</ele>
    <time>2025-10-03T21:53:27Z</time>
   </trkpt>
   <trkpt lat="33.7801390" lon="-84.4076020">
    <ele>0.0</ele>
    <time>2025-10-03T21:53:28Z</time>
   </trkpt>
   <trkpt lat="33.7801250" lon="-84.4076040">
    <ele>0.0</ele>
    <time>2025-10-03T21:53:29Z</time>
   </trkpt>
   <trkpt lat="33.7801120" lon="-84.4076060">
    <ele>0.0</ele>
    <time>2025-10-03T21:53:30Z</time>
   </trkpt>
   <trkpt lat="33.7800990" lon="-84.4076070">
    <ele>0.0</ele>
    <time>2025-10-03T21:53:31Z</time>
   </trkpt>
   <trkpt lat="33.7800860" lon="-84.4076090">
    <ele>0.0</ele>
    <time>2025-10-03T21:53:32Z</time>
   </trkpt>
   <trkpt lat="33.7800720" lon="-84.4076100">
    <ele>0.0</ele>
    <time>2025-10-03T21:53:33Z</time>
   </trkpt>
   <trkpt lat="33.7800590" lon="-84.4076120">
    <ele>0.0</ele>
    <time>2025-10-03T21:53:34Z</time>
   </trkpt>
   <trkpt lat="33.7800460" lon="-84.4076140">
    <ele>0.0</ele>
    <time>2025-10-03T21:53:35Z</time>
   </trkpt>
   <trkpt lat="33.7800320" lon="-84.4076150">
    <ele>0.0</ele>
    <time>2025-10-03T21:53:36Z</time>
   </trkpt>
   <trkpt lat="33.7800190" lon="-84.4076170">
    <ele>0.0</ele>
    <time>2025-10-03T21:53:37Z</time>
   </trkpt>
   <trkpt lat="33.7800060" lon="-84.4076190">
    <ele>0.0</ele>
    <time>2025-10-03T21:53:38Z</time>
   </trkpt>
   <trkpt lat="33.7799930" lon="-84.4076200">
    <ele>0.0</ele>
    <time>2025-10-03T21:53:39Z</time>
   </trkpt>
   <trkpt lat="33.7799790" lon="-84.4076220">
    <ele>0.0</ele>
    <time>2025-10-03T21:53:40Z</time>
   </trkpt>
   <trkpt lat="33.7799660" lon="-84.4076240">
    <ele>0.0</ele>
    <time>2025-10-03T21:53:41Z</time>
   </trkpt>
   <trkpt lat="33.7799500" lon="-84.4076280">
    <ele>0.0</ele>
    <time>2025-10-03T21:53:42Z</time>
   </trkpt>
   <trkpt lat="33.7799380" lon="-84.4076310">
    <ele>0.0</ele>
    <time>2025-10-03T21:53:43Z</time>
   </trkpt>
   <trkpt lat="33.7799260" lon="-84.4076330">
    <ele>0.0</ele>
    <time>2025-10-03T21:53:44Z</time>
   </trkpt>
   <trkpt lat="33.7799140" lon="-84.4076350">
    <ele>0.0</ele>
    <time>2025-10-03T21:53:45Z</time>
   </trkpt>
   <trkpt lat="33.7799030" lon="-84.4076370">
    <ele>0.0</ele>
    <time>2025-10-03T21:53:46Z</time>
   </trkpt>
   <trkpt lat="33.7798910" lon="-84.4076400">
    <ele>0.0</ele>
    <time>2025-10-03T21:53:47Z</time>
   </trkpt>
   <trkpt lat="33.7798790" lon="-84.4076420">
    <ele>0.0</ele>
    <time>2025-10-03T21:53:48Z</time>
   </trkpt>
   <trkpt lat="33.7798670" lon="-84.4076440">
    <ele>0.0</ele>
    <time>2025-10-03T21:53:49Z</time>
   </trkpt>
   <trkpt lat="33.7798550" lon="-84.4076470">
    <ele>0.0</ele>
    <time>2025-10-03T21:53:50Z</time>
   </trkpt>
   <trkpt lat="33.7798430" lon="-84.4076490">
    <ele>0.0</ele>
    <time>2025-10-03T21:53:51Z</time>
   </trkpt>
   <trkpt lat="33.7798310" lon="-84.4076510">
    <ele>0.0</ele>
    <time>2025-10-03T21:53:52Z</time>
   </trkpt>
   <trkpt lat="33.7798190" lon="-84.4076530">
    <ele>0.0</ele>
    <time>2025-10-03T21:53:53Z</time>
   </trkpt>
   <trkpt lat="33.7798080" lon="-84.4076560">
    <ele>0.0</ele>
    <time>2025-10-03T21:53:54Z</time>
   </trkpt>
   <trkpt lat="33.7797960" lon="-84.4076580">
    <ele>0.0</ele>
    <time>2025-10-03T21:53:55Z</time>
   </trkpt>
   <trkpt lat="33.7797840" lon="-84.4076600">
    <ele>0.0</ele>
    <time>2025-10-03T21:53:56Z</time>
   </trkpt>
   <trkpt lat="33.7797720" lon="-84.4076630">
    <ele>0.0</ele>
    <time>2025-10-03T21:53:57Z</time>
   </trkpt>
   <trkpt lat="33.7797600" lon="-84.4076650">
    <ele>0.0</ele>
    <time>2025-10-03T21:53:58Z</time>
   </trkpt>
   <trkpt lat="33.7797480" lon="-84.4076670">
    <ele>0.0</ele>
    <time>2025-10-03T21:53:59Z</time>
   </trkpt>
   <trkpt lat="33.7797360" lon="-84.4076690">
    <ele>0.0</ele>
    <time>2025-10-03T21:54:00Z</time>
   </trkpt>
   <trkpt lat="33.7797240" lon="-84.4076720">
    <ele>0.0</ele>
    <time>2025-10-03T21:54:01Z</time>
   </trkpt>
   <trkpt lat="33.7797120" lon="-84.4076740">
    <ele>0.0</ele>
    <time>2025-10-03T21:54:02Z</time>
   </trkpt>
   <trkpt lat="33.7797010" lon="-84.4076760">
    <ele>0.0</ele>
    <time>2025-10-03T21:54:03Z</time>
   </trkpt>
   <trkpt lat="33.7796890" lon="-84.4076790">
    <ele>0.0</ele>
    <time>2025-10-03T21:54:04Z</time>
   </trkpt>
   <trkpt lat="33.7796770" lon="-84.4076810">
    <ele>0.0</ele>
    <time>2025-10-03T21:54:05Z</time>
   </trkpt>
   <trkpt lat="33.7796650" lon="-84.4076830">
    <ele>0.0</ele>
    <time>2025-10-03T21:54:06Z</time>
   </trkpt>
   <trkpt lat="33.7796530" lon="-84.4076860">
    <ele>0.0</ele>
    <time>2025-10-03T21:54:07Z</time>
   </trkpt>
   <trkpt lat="33.7796440" lon="-84.4076990">
    <ele>0.0</ele>
    <time>2025-10-03T21:54:08Z</time>
   </trkpt>
   <trkpt lat="33.7796430" lon="-84.4077090">
    <ele>0.0</ele>
    <time>2025-10-03T21:54:09Z</time>
   </trkpt>
   <trkpt lat="33.7796430" lon="-84.4077200">
    <ele>0.0</ele>
    <time>2025-10-03T21:54:10Z</time>
   </trkpt>
   <trkpt lat="33.7796420" lon="-84.4077310">
    <ele>0.0</ele>
    <time>2025-10-03T21:54:11Z</time>
   </trkpt>
   <trkpt lat="33.7796410" lon="-84.4077420">
    <ele>0.0</ele>
    <time>2025-10-03T21:54:12Z</time>
   </trkpt>
   <trkpt lat="33.7796400" lon="-84.4077520">
    <ele>0.0</ele>
    <time>2025-10-03T21:54:13Z</time>
   </trkpt>
   <trkpt lat="33.7796390" lon="-84.4077630">
    <ele>0.0</ele>
    <time>2025-10-03T21:54:14Z</time>
   </trkpt>
   <trkpt lat="33.7796390" lon="-84.4077740">
    <ele>0.0</ele>
    <time>2025-10-03T21:54:15Z</time>
   </trkpt>
   <trkpt lat="33.7796380" lon="-84.4077840">
    <ele>0.0</ele>
    <time>2025-10-03T21:54:16Z</time>
   </trkpt>
   <trkpt lat="33.7796370" lon="-84.4077950">
    <ele>0.0</ele>
    <time>2025-10-03T21:54:17Z</time>
   </trkpt>
   <trkpt lat="33.7796360" lon="-84.4078060">
    <ele>0.0</ele>
    <time>2025-10-03T21:54:18Z</time>
   </trkpt>
   <trkpt lat="33.7796350" lon="-84.4078160">
    <ele>0.0</ele>
    <time>2025-10-03T21:54:19Z</time>
   </trkpt>
   <trkpt lat="33.7796350" lon="-84.4078270">
    <ele>0.0</ele>
    <time>2025-10-03T21:54:20Z</time>
   </trkpt>
   <trkpt lat="33.7796340" lon="-84.4078380">
    <ele>0.0</ele>
    <time>2025-10-03T21:54:21Z</time>
   </trkpt>
   <trkpt lat="33.7796330" lon="-84.4078490">
    <ele>0.0</ele>
    <time>2025-10-03T21:54:22Z</time>
   </trkpt>
   <trkpt lat="33.7796320" lon="-84.4078590">
    <ele>0.0</ele>
    <time>2025-10-03T21:54:23Z</time>
   </trkpt>
   <trkpt lat="33.7796310" lon="-84.4078700">
    <ele>0.0</ele>
    <time>2025-10-03T21:54:24Z</time>
   </trkpt>
   <trkpt lat="33.7796310" lon="-84.4078810">
    <ele>0.0</ele>
    <time>2025-10-03T21:54:25Z</time>
   </trkpt>
   <trkpt lat="33.7796300" lon="-84.4078910">
    <ele>0.0</ele>
    <time>2025-10-03T21:54:26Z</time>
   </trkpt>
   <trkpt lat="33.7796290" lon="-84.4079020">
    <ele>0.0</ele>
    <time>2025-10-03T21:54:27Z</time>
   </trkpt>
   <trkpt lat="33.7796280" lon="-84.4079130">
    <ele>0.0</ele>
    <time>2025-10-03T21:54:28Z</time>
   </trkpt>
   <trkpt lat="33.7796270" lon="-84.4079240">
    <ele>0.0</ele>
    <time>2025-10-03T21:54:29Z</time>
   </trkpt>
   <trkpt lat="33.7796270" lon="-84.4079340">
    <ele>0.0</ele>
    <time>2025-10-03T21:54:30Z</time>
   </trkpt>
   <trkpt lat="33.7796260" lon="-84.4079450">
    <ele>0.0</ele>
    <time>2025-10-03T21:54:31Z</time>
   </trkpt>
   <trkpt lat="33.7796250" lon="-84.4079560">
    <ele>0.0</ele>
    <time>2025-10-03T21:54:32Z</time>
   </trkpt>
   <trkpt lat="33.7796240" lon="-84.4079660">
    <ele>0.0</ele>
    <time>2025-10-03T21:54:33Z</time>
   </trkpt>
   <trkpt lat="33.7796230" lon="-84.4079770">
    <ele>0.0</ele>
    <time>2025-10-03T21:54:34Z</time>
   </trkpt>
   <trkpt lat="33.7796230" lon="-84.4079880">
    <ele>0.0</ele>
    <time>2025-10-03T21:54:35Z</time>
   </trkpt>
   <trkpt lat="33.7796220" lon="-84.4079980">
    <ele>0.0</ele>
    <time>2025-10-03T21:54:36Z</time>
   </trkpt>
   <trkpt lat="33.7796210" lon="-84.4080090">
    <ele>0.0</ele>
    <time>2025-10-03T21:54:37Z</time>
   </trkpt>
   <trkpt lat="33.7796200" lon="-84.4080200">
    <ele>0.0</ele>
    <time>2025-10-03T21:54:38Z</time>
   </trkpt>
   <trkpt lat="33.7796190" lon="-84.4080310">
    <ele>0.0</ele>
    <time>2025-10-03T21:54:39Z</time>
   </trkpt>
   <trkpt lat="33.7796180" lon="-84.4080410">
    <ele>0.0</ele>
    <time>2025-10-03T21:54:40Z</time>
   </trkpt>
   <trkpt lat="33.7796180" lon="-84.4080520">
    <ele>0.0</ele>
    <time>2025-10-03T21:54:41Z</time>
   </trkpt>
   <trkpt lat="33.7796170" lon="-84.4080630">
    <ele>0.0</ele>
    <time>2025-10-03T21:54:42Z</time>
   </trkpt>
   <trkpt lat="33.7796160" lon="-84.4080730">
    <ele>0.0</ele>
    <time>2025-10-03T21:54:43Z</time>
   </trkpt>
   <trkpt lat="33.7796150" lon="-84.4080840">
    <ele>0.0</ele>
    <time>2025-10-03T21:54:44Z</time>
   </trkpt>
   <trkpt lat="33.7796140" lon="-84.4080950">
    <ele>0.0</ele>
    <time>2025-10-03T21:54:45Z</time>
   </trkpt>
   <trkpt lat="33.7796140" lon="-84.4081060">
    <ele>0.0</ele>
    <time>2025-10-03T21:54:46Z</time>
   </trkpt>
   <trkpt lat="33.7796130" lon="-84.4081160">
    <ele>0.0</ele>
    <time>2025-10-03T21:54:47Z</time>
   </trkpt>
   <trkpt lat="33.7796120" lon="-84.4081270">
    <ele>0.0</ele>
    <time>2025-10-03T21:54:48Z</time>
   </trkpt>
   <trkpt lat="33.7796110" lon="-84.4081380">
    <ele>0.0</ele>
    <time>2025-10-03T21:54:49Z</time>
   </trkpt>
   <trkpt lat="33.7796100" lon="-84.4081480">
    <ele>0.0</ele>
    <time>2025-10-03T21:54:50Z</time>
   </trkpt>
   <trkpt lat="33.7796100" lon="-84.4081590">
    <ele>0.0</ele>
    <time>2025-10-03T21:54:51Z</time>
   </trkpt>
   <trkpt lat="33.7796090" lon="-84.4081700">
    <ele>0.0</ele>
    <time>2025-10-03T21:54:52Z</time>
   </trkpt>
   <trkpt lat="33.7796080" lon="-84.4081800">
    <ele>0.0</ele>
    <time>2025-10-03T21:54:53Z</time>
   </trkpt>
   <trkpt lat="33.7796070" lon="-84.4081910">
    <ele>0.0</ele>
    <time>2025-10-03T21:54:54Z</time>
   </trkpt>
   <trkpt lat="33.7796060" lon="-84.4082020">
    <ele>0.0</ele>
    <time>2025-10-03T21:54:55Z</time>
   </trkpt>
   <trkpt lat="33.7796060" lon="-84.4082130">
    <ele>0.0</ele>
    <time>2025-10-03T21:54:56Z</time>
   </trkpt>
   <trkpt lat="33.7796050" lon="-84.4082230">
    <ele>0.0</ele>
    <time>2025-10-03T21:54:57Z</time>
   </trkpt>
   <trkpt lat="33.7796040" lon="-84.4082340">
    <ele>0.0</ele>
    <time>2025-10-03T21:54:58Z</time>
   </trkpt>
   <trkpt lat="33.7796030" lon="-84.4082450">
    <ele>0.0</ele>
    <time>2025-10-03T21:54:59Z</time>
   </trkpt>
   <trkpt lat="33.7796020" lon="-84.4082550">
    <ele>0.0</ele>
    <time>2025-10-03T21:55:00Z</time>
   </trkpt>
   <trkpt lat="33.7796020" lon="-84.4082660">
    <ele>0.0</ele>
    <time>2025-10-03T21:55:01Z</time>
   </trkpt>
   <trkpt lat="33.7796010" lon="-84.4082770">
    <ele>0.0</ele>
    <time>2025-10-03T21:55:02Z</time>
   </trkpt>
   <trkpt lat="33.7796000" lon="-84.4082880">
    <ele>0.0</ele>
    <time>2025-10-03T21:55:03Z</time>
   </trkpt>
   <trkpt lat="33.7795980" lon="-84.4083220">
    <ele>0.0</ele>
    <time>2025-10-03T21:55:04Z</time>
   </trkpt>
   <trkpt lat="33.7795970" lon="-84.4083400">
    <ele>0.0</ele>
    <time>2025-10-03T21:55:05Z</time>
   </trkpt>
   <trkpt lat="33.7795970" lon="-84.4083590">
    <ele>0.0</ele>
    <time>2025-10-03T21:55:06Z</time>
   </trkpt>
   <trkpt lat="33.7795960" lon="-84.4083770">
    <ele>0.0</ele>
    <time>2025-10-03T21:55:07Z</time>
   </trkpt>
   <trkpt lat="33.7795960" lon="-84.4083960">
    <ele>0.0</ele>
    <time>2025-10-03T21:55:08Z</time>
   </trkpt>
   <trkpt lat="33.7795950" lon="-84.4084140">
    <ele>0.0</ele>
    <time>2025-10-03T21:55:09Z</time>
   </trkpt>
   <trkpt lat="33.7795950" lon="-84.4084330">
    <ele>0.0</ele>
    <time>2025-10-03T21:55:10Z</time>
   </trkpt>
   <trkpt lat="33.7795940" lon="-84.4084510">
    <ele>0.0</ele>
    <time>2025-10-03T21:55:11Z</time>
   </trkpt>
   <trkpt lat="33.7795940" lon="-84.4084700">
    <ele>0.0</ele>
    <time>2025-10-03T21:55:12Z</time>
   </trkpt>
   <trkpt lat="33.7795930" lon="-84.4084880">
    <ele>0.0</ele>
    <time>2025-10-03T21:55:13Z</time>
   </trkpt>
   <trkpt lat="33.7795930" lon="-84.4085070">
    <ele>0.0</ele>
    <time>2025-10-03T21:55:14Z</time>
   </trkpt>
   <trkpt lat="33.7795920" lon="-84.4085250">
    <ele>0.0</ele>
    <time>2025-10-03T21:55:15Z</time>
   </trkpt>
   <trkpt lat="33.7795920" lon="-84.4085440">
    <ele>0.0</ele>
    <time>2025-10-03T21:55:16Z</time>
   </trkpt>
   <trkpt lat="33.7795920" lon="-84.4085630">
    <ele>0.0</ele>
    <time>2025-10-03T21:55:17Z</time>
   </trkpt>
   <trkpt lat="33.7795910" lon="-84.4085810">
    <ele>0.0</ele>
    <time>2025-10-03T21:55:18Z</time>
   </trkpt>
   <trkpt lat="33.7795910" lon="-84.4086000">
    <ele>0.0</ele>
    <time>2025-10-03T21:55:19Z</time>
   </trkpt>
   <trkpt lat="33.7795900" lon="-84.4086180">
    <ele>0.0</ele>
    <time>2025-10-03T21:55:20Z</time>
   </trkpt>
   <trkpt lat="33.7795900" lon="-84.4086370">
    <ele>0.0</ele>
    <time>2025-10-03T21:55:21Z</time>
   </trkpt>
   <trkpt lat="33.7795890" lon="-84.4086550">
    <ele>0.0</ele>
    <time>2025-10-03T21:55:22Z</time>
   </trkpt>
   <trkpt lat="33.7795890" lon="-84.4086740">
    <ele>0.0</ele>
    <time>2025-10-03T21:55:23Z</time>
   </trkpt>
   <trkpt lat="33.7795880" lon="-84.4086920">
    <ele>0.0</ele>
    <time>2025-10-03T21:55:24Z</time>
   </trkpt>
   <trkpt lat="33.7795880" lon="-84.4087110">
    <ele>0.0</ele>
    <time>2025-10-03T21:55:25Z</time>
   </trkpt>
   <trkpt lat="33.7795870" lon="-84.4087290">
    <ele>0.0</ele>
    <time>2025-10-03T21:55:26Z</time>
   </trkpt>
   <trkpt lat="33.7795870" lon="-84.4087480">
    <ele>0.0</ele>
    <time>2025-10-03T21:55:27Z</time>
   </trkpt>
   <trkpt lat="33.7795870" lon="-84.4087660">
    <ele>0.0</ele>
    <time>2025-10-03T21:55:28Z</time>
   </trkpt>
   <trkpt lat="33.7795870" lon="-84.4087980">
    <ele>0.0</ele>
    <time>2025-10-03T21:55:29Z</time>
   </trkpt>
   <trkpt lat="33.7795860" lon="-84.4088130">
    <ele>0.0</ele>
    <time>2025-10-03T21:55:30Z</time>
   </trkpt>
   <trkpt lat="33.7795860" lon="-84.4088280">
    <ele>0.0</ele>
    <time>2025-10-03T21:55:31Z</time>
   </trkpt>
   <trkpt lat="33.7795850" lon="-84.4088430">
    <ele>0.0</ele>
    <time>2025-10-03T21:55:32Z</time>
   </trkpt>
   <trkpt lat="33.7795850" lon="-84.4088580">
    <ele>0.0</ele>
    <time>2025-10-03T21:55:33Z</time>
   </trkpt>
   <trkpt lat="33.7795850" lon="-84.4088730">
    <ele>0.0</ele>
    <time>2025-10-03T21:55:34Z</time>
   </trkpt>
   <trkpt lat="33.7795840" lon="-84.4088880">
    <ele>0.0</ele>
    <time>2025-10-03T21:55:35Z</time>
   </trkpt>
   <trkpt lat="33.7795840" lon="-84.4089040">
    <ele>0.0</ele>
    <time>2025-10-03T21:55:36Z</time>
   </trkpt>
   <trkpt lat="33.7795830" lon="-84.4089190">
    <ele>0.0</ele>
    <time>2025-10-03T21:55:37Z</time>
   </trkpt>
   <trkpt lat="33.7795830" lon="-84.4089340">
    <ele>0.0</ele>
    <time>2025-10-03T21:55:38Z</time>
   </trkpt>
   <trkpt lat="33.7795820" lon="-84.4089490">
    <ele>0.0</ele>
    <time>2025-10-03T21:55:39Z</time>
   </trkpt>
   <trkpt lat="33.7795820" lon="-84.4089640">
    <ele>0.0</ele>
    <time>2025-10-03T21:55:40Z</time>
   </trkpt>
   <trkpt lat="33.7795820" lon="-84.4089790">
    <ele>0.0</ele>
    <time>2025-10-03T21:55:41Z</time>
   </trkpt>
   <trkpt lat="33.7795810" lon="-84.4089940">
    <ele>0.0</ele>
    <time>2025-10-03T21:55:42Z</time>
   </trkpt>
   <trkpt lat="33.7795810" lon="-84.4090090">
    <ele>0.0</ele>
    <time>2025-10-03T21:55:43Z</time>
   </trkpt>
   <trkpt lat="33.7795800" lon="-84.4090240">
    <ele>0.0</ele>
    <time>2025-10-03T21:55:44Z</time>
   </trkpt>
   <trkpt lat="33.7795800" lon="-84.4090390">
    <ele>0.0</ele>
    <time>2025-10-03T21:55:45Z</time>
   </trkpt>
   <trkpt lat="33.7795800" lon="-84.4090540">
    <ele>0.0</ele>
    <time>2025-10-03T21:55:46Z</time>
   </trkpt>
   <trkpt lat="33.7795790" lon="-84.4090690">
    <ele>0.0</ele>
    <time>2025-10-03T21:55:47Z</time>
   </trkpt>
   <trkpt lat="33.7795790" lon="-84.4090840">
    <ele>0.0</ele>
    <time>2025-10-03T21:55:48Z</time>
   </trkpt>
   <trkpt lat="33.7795780" lon="-84.4090990">
    <ele>0.0</ele>
    <time>2025-10-03T21:55:49Z</time>
   </trkpt>
   <trkpt lat="33.7795780" lon="-84.4091150">
    <ele>0.0</ele>
    <time>2025-10-03T21:55:50Z</time>
   </trkpt>
   <trkpt lat="33.7795770" lon="-84.4091300">
    <ele>0.0</ele>
    <time>2025-10-03T21:55:51Z</time>
   </trkpt>
   <trkpt lat="33.7795770" lon="-84.4091450">
    <ele>0.0</ele>
    <time>2025-10-03T21:55:52Z</time>
   </trkpt>
   <trkpt lat="33.7795770" lon="-84.4091600">
    <ele>0.0</ele>
    <time>2025-10-03T21:55:53Z</time>
   </trkpt>
   <trkpt lat="33.7795760" lon="-84.4091750">
    <ele>0.0</ele>
    <time>2025-10-03T21:55:54Z</time>
   </trkpt>
   <trkpt lat="33.7795760" lon="-84.4091900">
    <ele>0.0</ele>
    <time>2025-10-03T21:55:55Z</time>
   </trkpt>
   <trkpt lat="33.7795750" lon="-84.4092050">
    <ele>0.0</ele>
    <time>2025-10-03T21:55:56Z</time>
   </trkpt>
   <trkpt lat="33.7795750" lon="-84.4092200">
    <ele>0.0</ele>
    <time>2025-10-03T21:55:57Z</time>
   </trkpt>
   <trkpt lat="33.7795750" lon="-84.4092350">
    <ele>0.0</ele>
    <time>2025-10-03T21:55:58Z</time>
   </trkpt>
   <trkpt lat="33.7795740" lon="-84.4092500">
    <ele>0.0</ele>
    <time>2025-10-03T21:55:59Z</time>
   </trkpt>
   <trkpt lat="33.7795740" lon="-84.4092650">
    <ele>0.0</ele>
    <time>2025-10-03T21:56:00Z</time>
   </trkpt>
   <trkpt lat="33.7795730" lon="-84.4092800">
    <ele>0.0</ele>
    <time>2025-10-03T21:56:01Z</time>
   </trkpt>
   <trkpt lat="33.7795730" lon="-84.4092950">
    <ele>0.0</ele>
    <time>2025-10-03T21:56:02Z</time>
   </trkpt>
   <trkpt lat="33.7795720" lon="-84.4093100">
    <ele>0.0</ele>
    <time>2025-10-03T21:56:03Z</time>
   </trkpt>
   <trkpt lat="33.7795720" lon="-84.4093260">
    <ele>0.0</ele>
    <time>2025-10-03T21:56:04Z</time>
   </trkpt>
   <trkpt lat="33.7795720" lon="-84.4093560">
    <ele>0.0</ele>
    <time>2025-10-03T21:56:05Z</time>
   </trkpt>
   <trkpt lat="33.7795720" lon="-84.4093710">
    <ele>0.0</ele>
    <time>2025-10-03T21:56:06Z</time>
   </trkpt>
   <trkpt lat="33.7795730" lon="-84.4093860">
    <ele>0.0</ele>
    <time>2025-10-03T21:56:07Z</time>
   </trkpt>
   <trkpt lat="33.7795730" lon="-84.4094010">
    <ele>0.0</ele>
    <time>2025-10-03T21:56:08Z</time>
   </trkpt>
   <trkpt lat="33.7795740" lon="-84.4094160">
    <ele>0.0</ele>
    <time>2025-10-03T21:56:09Z</time>
   </trkpt>
   <trkpt lat="33.7795740" lon="-84.4094310">
    <ele>0.0</ele>
    <time>2025-10-03T21:56:10Z</time>
   </trkpt>
   <trkpt lat="33.7795750" lon="-84.4094460">
    <ele>0.0</ele>
    <time>2025-10-03T21:56:11Z</time>
   </trkpt>
   <trkpt lat="33.7795760" lon="-84.4094610">
    <ele>0.0</ele>
    <time>2025-10-03T21:56:12Z</time>
   </trkpt>
   <trkpt lat="33.7795760" lon="-84.4094760">
    <ele>0.0</ele>
    <time>2025-10-03T21:56:13Z</time>
   </trkpt>
   <trkpt lat="33.7795770" lon="-84.4094910">
    <ele>0.0</ele>
    <time>2025-10-03T21:56:14Z</time>
   </trkpt>
   <trkpt lat="33.7795770" lon="-84.4095060">
    <ele>0.0</ele>
    <time>2025-10-03T21:56:15Z</time>
   </trkpt>
   <trkpt lat="33.7795780" lon="-84.4095210">
    <ele>0.0</ele>
    <time>2025-10-03T21:56:16Z</time>
   </trkpt>
   <trkpt lat="33.7795780" lon="-84.4095360">
    <ele>0.0</ele>
    <time>2025-10-03T21:56:17Z</time>
   </trkpt>
   <trkpt lat="33.7795790" lon="-84.4095510">
    <ele>0.0</ele>
    <time>2025-10-03T21:56:18Z</time>
   </trkpt>
   <trkpt lat="33.7795790" lon="-84.4095660">
    <ele>0.0</ele>
    <time>2025-10-03T21:56:19Z</time>
   </trkpt>
   <trkpt lat="33.7795800" lon="-84.4095810">
    <ele>0.0</ele>
    <time>2025-10-03T21:56:20Z</time>
   </trkpt>
   <trkpt lat="33.7795810" lon="-84.4095960">
    <ele>0.0</ele>
    <time>2025-10-03T21:56:21Z</time>
   </trkpt>
   <trkpt lat="33.7795810" lon="-84.4096110">
    <ele>0.0</ele>
    <time>2025-10-03T21:56:22Z</time>
   </trkpt>
   <trkpt lat="33.7795820" lon="-84.4096260">
    <ele>0.0</ele>
    <time>2025-10-03T21:56:23Z</time>
   </trkpt>
   <trkpt lat="33.7795820" lon="-84.4096410">
    <ele>0.0</ele>
    <time>2025-10-03T21:56:24Z</time>
   </trkpt>
   <trkpt lat="33.7795830" lon="-84.4096560">
    <ele>0.0</ele>
    <time>2025-10-03T21:56:25Z</time>
   </trkpt>
   <trkpt lat="33.7795830" lon="-84.4096710">
    <ele>0.0</ele>
    <time>2025-10-03T21:56:26Z</time>
   </trkpt>
   <trkpt lat="33.7795840" lon="-84.4096860">
    <ele>0.0</ele>
    <time>2025-10-03T21:56:27Z</time>
   </trkpt>
   <trkpt lat="33.7795850" lon="-84.4097010">
    <ele>0.0</ele>
    <time>2025-10-03T21:56:28Z</time>
   </trkpt>
   <trkpt lat="33.7795850" lon="-84.4097160">
    <ele>0.0</ele>
    <time>2025-10-03T21:56:29Z</time>
   </trkpt>
   <trkpt lat="33.7795860" lon="-84.4097310">
    <ele>0.0</ele>
    <time>2025-10-03T21:56:30Z</time>
   </trkpt>
   <trkpt lat="33.7795860" lon="-84.4097460">
    <ele>0.0</ele>
    <time>2025-10-03T21:56:31Z</time>
   </trkpt>
   <trkpt lat="33.7795870" lon="-84.4097610">
    <ele>0.0</ele>
    <time>2025-10-03T21:56:32Z</time>
   </trkpt>
   <trkpt lat="33.7795870" lon="-84.4097760">
    <ele>0.0</ele>
    <time>2025-10-03T21:56:33Z</time>
   </trkpt>
   <trkpt lat="33.7795880" lon="-84.4097910">
    <ele>0.0</ele>
    <time>2025-10-03T21:56:34Z</time>
   </trkpt>
   <trkpt lat="33.7795890" lon="-84.4098070">
    <ele>0.0</ele>
    <time>2025-10-03T21:56:35Z</time>
   </trkpt>
   <trkpt lat="33.7795840" lon="-84.4098310">
    <ele>0.0</ele>
    <time>2025-10-03T21:56:36Z</time>
   </trkpt>
   <trkpt lat="33.7795800" lon="-84.4098410">
    <ele>0.0</ele>
    <time>2025-10-03T21:56:37Z</time>
   </trkpt>
   <trkpt lat="33.7795750" lon="-84.4098500">
    <ele>0.0</ele>
    <time>2025-10-03T21:56:38Z</time>
   </trkpt>
   <trkpt lat="33.7795710" lon="-84.4098590">
    <ele>0.0</ele>
    <time>2025-10-03T21:56:39Z</time>
   </trkpt>
   <trkpt lat="33.7795670" lon="-84.4098680">
    <ele>0.0</ele>
    <time>2025-10-03T21:56:40Z</time>
   </trkpt>
   <trkpt lat="33.7795630" lon="-84.4098780">
    <ele>0.0</ele>
    <time>2025-10-03T21:56:41Z</time>
   </trkpt>
   <trkpt lat="33.7795580" lon="-84.4098870">
    <ele>0.0</ele>
    <time>2025-10-03T21:56:42Z</time>
   </trkpt>
   <trkpt lat="33.7795540" lon="-84.4098960">
    <ele>0.0</ele>
    <time>2025-10-03T21:56:43Z</time>
   </trkpt>
   <trkpt lat="33.7795500" lon="-84.4099060">
    <ele>0.0</ele>
    <time>2025-10-03T21:56:44Z</time>
   </trkpt>
   <trkpt lat="33.7795460" lon="-84.4099150">
    <ele>0.0</ele>
    <time>2025-10-03T21:56:45Z</time>
   </trkpt>
   <trkpt lat="33.7795410" lon="-84.4099240">
    <ele>0.0</ele>
    <time>2025-10-03T21:56:46Z</time>
   </trkpt>
   <trkpt lat="33.7795370" lon="-84.4099330">
    <ele>0.0</ele>
    <time>2025-10-03T21:56:47Z</time>
   </trkpt>
   <trkpt lat="33.7795330" lon="-84.4099430">
    <ele>0.0</ele>
    <time>2025-10-03T21:56:48Z</time>
   </trkpt>
   <trkpt lat="33.7795290" lon="-84.4099520">
    <ele>0.0</ele>
    <time>2025-10-03T21:56:49Z</time>
   </trkpt>
   <trkpt lat="33.7795240" lon="-84.4099610">
    <ele>0.0</ele>
    <time>2025-10-03T21:56:51Z</time>
   </trkpt>
   <trkpt lat="33.7795200" lon="-84.4099710">
    <ele>0.0</ele>
    <time>2025-10-03T21:56:52Z</time>
   </trkpt>
   <trkpt lat="33.7795160" lon="-84.4099800">
    <ele>0.0</ele>
    <time>2025-10-03T21:56:54Z</time>
   </trkpt>
   <trkpt lat="33.7795120" lon="-84.4099890">
    <ele>0.0</ele>
    <time>2025-10-03T21:56:55Z</time>
   </trkpt>
   <trkpt lat="33.7795070" lon="-84.4099980">
    <ele>0.0</ele>
    <time>2025-10-03T21:56:57Z</time>
   </trkpt>
   <trkpt lat="33.7795030" lon="-84.4100080">
    <ele>0.0</ele>
    <time>2025-10-03T21:56:58Z</time>
   </trkpt>
   <trkpt lat="33.7794990" lon="-84.4100170">
    <ele>0.0</ele>
    <time>2025-10-03T21:56:59Z</time>
   </trkpt>
   <trkpt lat="33.7794950" lon="-84.4100260">
    <ele>0.0</ele>
    <time>2025-10-03T21:57:00Z</time>
   </trkpt>
   <trkpt lat="33.7794900" lon="-84.4100360">
    <ele>0.0</ele>
    <time>2025-10-03T21:57:01Z</time>
   </trkpt>
   <trkpt lat="33.7794860" lon="-84.4100450">
    <ele>0.0</ele>
    <time>2025-10-03T21:57:03Z</time>
   </trkpt>
   <trkpt lat="33.7794820" lon="-84.4100540">
    <ele>0.0</ele>
    <time>2025-10-03T21:57:04Z</time>
   </trkpt>
   <trkpt lat="33.7794780" lon="-84.4100630">
    <ele>0.0</ele>
    <time>2025-10-03T21:57:05Z</time>
   </trkpt>
   <trkpt lat="33.7794540" lon="-84.4100480">
    <ele>0.0</ele>
    <time>2025-10-03T21:57:06Z</time>
   </trkpt>
   <trkpt lat="33.7794380" lon="-84.4100370">
    <ele>0.0</ele>
    <time>2025-10-03T21:57:07Z</time>
   </trkpt>
   <trkpt lat="33.7794230" lon="-84.4100260">
    <ele>0.0</ele>
    <time>2025-10-03T21:57:09Z</time>
   </trkpt>
   <trkpt lat="33.7794070" lon="-84.4100150">
    <ele>0.0</ele>
    <time>2025-10-03T21:57:10Z</time>
   </trkpt>
   <trkpt lat="33.7793910" lon="-84.4100040">
    <ele>0.0</ele>
    <time>2025-10-03T21:57:12Z</time>
   </trkpt>
   <trkpt lat="33.7793750" lon="-84.4099920">
    <ele>0.0</ele>
    <time>2025-10-03T21:57:13Z</time>
   </trkpt>
   <trkpt lat="33.7793600" lon="-84.4099810">
    <ele>0.0</ele>
    <time>2025-10-03T21:57:14Z</time>
   </trkpt>
   <trkpt lat="33.7793440" lon="-84.4099700">
    <ele>0.0</ele>
    <time>2025-10-03T21:57:15Z</time>
   </trkpt>
   <trkpt lat="33.7793280" lon="-84.4099590">
    <ele>0.0</ele>
    <time>2025-10-03T21:57:16Z</time>
   </trkpt>
   <trkpt lat="33.7793120" lon="-84.4099480">
    <ele>0.0</ele>
    <time>2025-10-03T21:57:18Z</time>
   </trkpt>
   <trkpt lat="33.7792970" lon="-84.4099370">
    <ele>0.0</ele>
    <time>2025-10-03T21:57:19Z</time>
   </trkpt>
   <trkpt lat="33.7792810" lon="-84.4099260">
    <ele>0.0</ele>
    <time>2025-10-03T21:57:21Z</time>
   </trkpt>
   <trkpt lat="33.7792650" lon="-84.4099150">
    <ele>0.0</ele>
    <time>2025-10-03T21:57:22Z</time>
   </trkpt>
   <trkpt lat="33.7792490" lon="-84.4099040">
    <ele>0.0</ele>
    <time>2025-10-03T21:57:24Z</time>
   </trkpt>
   <trkpt lat="33.7792340" lon="-84.4098930">
    <ele>0.0</ele>
    <time>2025-10-03T21:57:25Z</time>
   </trkpt>
   <trkpt lat="33.7792180" lon="-84.4098820">
    <ele>0.0</ele>
    <time>2025-10-03T21:57:27Z</time>
   </trkpt>
   <trkpt lat="33.7792020" lon="-84.4098710">
    <ele>0.0</ele>
    <time>2025-10-03T21:57:28Z</time>
   </trkpt>
   <trkpt lat="33.7791860" lon="-84.4098590">
    <ele>0.0</ele>
    <time>2025-10-03T21:57:29Z</time>
   </trkpt>
   <trkpt lat="33.7791710" lon="-84.4098480">
    <ele>0.0</ele>
    <time>2025-10-03T21:57:30Z</time>
   </trkpt>
   <trkpt lat="33.7791550" lon="-84.4098370">
    <ele>0.0</ele>
    <time>2025-10-03T21:57:31Z</time>
   </trkpt>
   <trkpt lat="33.7791390" lon="-84.4098260">
    <ele>0.0</ele>
    <time>2025-10-03T21:57:33Z</time>
   </trkpt>
   <trkpt lat="33.7791230" lon="-84.4098150">
    <ele>0.0</ele>
    <time>2025-10-03T21:57:34Z</time>
   </trkpt>
   <trkpt lat="33.7791080" lon="-84.4098040">
    <ele>0.0</ele>
    <time>2025-10-03T21:57:36Z</time>
   </trkpt>
   <trkpt lat="33.7790860" lon="-84.4097860">
    <ele>0.0</ele>
    <time>2025-10-03T21:57:37Z</time>
   </trkpt>
   <trkpt lat="33.7790760" lon="-84.4097770">
    <ele>0.0</ele>
    <time>2025-10-03T21:57:39Z</time>
   </trkpt>
   <trkpt lat="33.7790650" lon="-84.4097670">
    <ele>0.0</ele>
    <time>2025-10-03T21:57:40Z</time>
   </trkpt>
   <trkpt lat="33.7790540" lon="-84.4097580">
    <ele>0.0</ele>
    <time>2025-10-03T21:57:41Z</time>
   </trkpt>
   <trkpt lat="33.7790430" lon="-84.4097480">
    <ele>0.0</ele>
    <time>2025-10-03T21:57:42Z</time>
   </trkpt>
   <trkpt lat="33.7790330" lon="-84.4097390">
    <ele>0.0</ele>
    <time>2025-10-03T21:57:43Z</time>
   </trkpt>
   <trkpt lat="33.7790220" lon="-84.4097290">
    <ele>0.0</ele>
    <time>2025-10-03T21:57:44Z</time>
   </trkpt>
   <trkpt lat="33.7790110" lon="-84.4097200">
    <ele>0.0</ele>
    <time>2025-10-03T21:57:45Z</time>
   </trkpt>
   <trkpt lat="33.7790000" lon="-84.4097100">
    <ele>0.0</ele>
    <time>2025-10-03T21:57:46Z</time>
   </trkpt>
   <trkpt lat="33.7789900" lon="-84.4097010">
    <ele>0.0</ele>
    <time>2025-10-03T21:57:47Z</time>
   </trkpt>
   <trkpt lat="33.7789790" lon="-84.4096910">
    <ele>0.0</ele>
    <time>2025-10-03T21:57:48Z</time>
   </trkpt>
   <trkpt lat="33.7789680" lon="-84.4096820">
    <ele>0.0</ele>
    <time>2025-10-03T21:57:49Z</time>
   </trkpt>
   <trkpt lat="33.7789580" lon="-84.4096720">
    <ele>0.0</ele>
    <time>2025-10-03T21:57:50Z</time>
   </trkpt>
   <trkpt lat="33.7789470" lon="-84.4096630">
    <ele>0.0</ele>
    <time>2025-10-03T21:57:51Z</time>
   </trkpt>
   <trkpt lat="33.7789360" lon="-84.4096530">
    <ele>0.0</ele>
    <time>2025-10-03T21:57:52Z</time>
   </trkpt>
   <trkpt lat="33.7789250" lon="-84.4096440">
    <ele>0.0</ele>
    <time>2025-10-03T21:57:53Z</time>
   </trkpt>
   <trkpt lat="33.7789150" lon="-84.4096340">
    <ele>0.0</ele>
    <time>2025-10-03T21:57:54Z</time>
   </trkpt>
   <trkpt lat="33.7789040" lon="-84.4096250">
    <ele>0.0</ele>
    <time>2025-10-03T21:57:55Z</time>
   </trkpt>
   <trkpt lat="33.7788930" lon="-84.4096150">
    <ele>0.0</ele>
    <time>2025-10-03T21:57:56Z</time>
   </trkpt>
   <trkpt lat="33.7788830" lon="-84.4096060">
    <ele>0.0</ele>
    <time>2025-10-03T21:57:57Z</time>
   </trkpt>
   <trkpt lat="33.7788720" lon="-84.4095960">
    <ele>0.0</ele>
    <time>2025-10-03T21:57:58Z</time>
   </trkpt>
   <trkpt lat="33.7788610" lon="-84.4095870">
    <ele>0.0</ele>
    <time>2025-10-03T21:57:59Z</time>
   </trkpt>
   <trkpt lat="33.7788500" lon="-84.4095770">
    <ele>0.0</ele>
    <time>2025-10-03T21:58:00Z</time>
   </trkpt>
   <trkpt lat="33.7788400" lon="-84.4095680">
    <ele>0.0</ele>
    <time>2025-10-03T21:58:01Z</time>
   </trkpt>
   <trkpt lat="33.7788290" lon="-84.4095580">
    <ele>0.0</ele>
    <time>2025-10-03T21:58:02Z</time>
   </trkpt>
   <trkpt lat="33.7788180" lon="-84.4095490">
    <ele>0.0</ele>
    <time>2025-10-03T21:58:03Z</time>
   </trkpt>
   <trkpt lat="33.7788070" lon="-84.4095390">
    <ele>0.0</ele>
    <time>2025-10-03T21:58:04Z</time>
   </trkpt>
   <trkpt lat="33.7787970" lon="-84.4095300">
    <ele>0.0</ele>
    <time>2025-10-03T21:58:05Z</time>
   </trkpt>
   <trkpt lat="33.7787860" lon="-84.4095200">
    <ele>0.0</ele>
    <time>2025-10-03T21:58:06Z</time>
   </trkpt>
   <trkpt lat="33.7787670" lon="-84.4095010">
    <ele>0.0</ele>
    <time>2025-10-03T21:58:07Z</time>
   </trkpt>
   <trkpt lat="33.7787590" lon="-84.4094940">
    <ele>0.0</ele>
    <time>2025-10-03T21:58:08Z</time>
   </trkpt>
   <trkpt lat="33.7787510" lon="-84.4094860">
    <ele>0.0</ele>
    <time>2025-10-03T21:58:09Z</time>
   </trkpt>
   <trkpt lat="33.7787430" lon="-84.4094790">
    <ele>0.0</ele>
    <time>2025-10-03T21:58:10Z</time>
   </trkpt>
   <trkpt lat="33.7787350" lon="-84.4094710">
    <ele>0.0</ele>
    <time>2025-10-03T21:58:11Z</time>
   </trkpt>
   <trkpt lat="33.7787270" lon="-84.4094640">
    <ele>0.0</ele>
    <time>2025-10-03T21:58:12Z</time>
   </trkpt>
   <trkpt lat="33.7787190" lon="-84.4094560">
    <ele>0.0</ele>
    <time>2025-10-03T21:58:13Z</time>
   </trkpt>
   <trkpt lat="33.7787120" lon="-84.4094480">
    <ele>0.0</ele>
    <time>2025-10-03T21:58:14Z</time>
   </trkpt>
   <trkpt lat="33.7787000" lon="-84.4094380">
    <ele>0.0</ele>
    <time>2025-10-03T21:58:15Z</time>
   </trkpt>
   <trkpt lat="33.7786880" lon="-84.4094270">
    <ele>0.0</ele>
    <time>2025-10-03T21:58:16Z</time>
   </trkpt>
   <trkpt lat="33.7786750" lon="-84.4094170">
    <ele>0.0</ele>
    <time>2025-10-03T21:58:17Z</time>
   </trkpt>
   <trkpt lat="33.7786580" lon="-84.4094030">
    <ele>0.0</ele>
    <time>2025-10-03T21:58:18Z</time>
   </trkpt>
   <trkpt lat="33.7786520" lon="-84.4093990">
    <ele>0.0</ele>
    <time>2025-10-03T21:58:19Z</time>
   </trkpt>
   <trkpt lat="33.7786410" lon="-84.4093900">
    <ele>0.0</ele>
    <time>2025-10-03T21:58:20Z</time>
   </trkpt>
   <trkpt lat="33.7786290" lon="-84.4093830">
    <ele>0.0</ele>
    <time>2025-10-03T21:58:21Z</time>
   </trkpt>
   <trkpt lat="33.7786170" lon="-84.4093750">
    <ele>0.0</ele>
    <time>2025-10-03T21:58:22Z</time>
   </trkpt>
   <trkpt lat="33.7785990" lon="-84.4093640">
    <ele>0.0</ele>
    <time>2025-10-03T21:58:23Z</time>
   </trkpt>
   <trkpt lat="33.7785930" lon="-84.4093600">
    <ele>0.0</ele>
    <time>2025-10-03T21:58:24Z</time>
   </trkpt>
   <trkpt lat="33.7785790" lon="-84.4093490">
    <ele>299.6</ele>
    <time>2025-10-03T21:58:25Z</time>
   </trkpt>
   <trkpt lat="33.7785680" lon="-84.4093390">
    <ele>299.8</ele>
    <time>2025-10-03T21:58:26Z</time>
   </trkpt>
   <trkpt lat="33.7785570" lon="-84.4093290">
    <ele>300.0</ele>
    <time>2025-10-03T21:58:27Z</time>
   </trkpt>
   <trkpt lat="33.7785420" lon="-84.4093130">
    <ele>300.0</ele>
    <time>2025-10-03T21:58:28Z</time>
   </trkpt>
   <trkpt lat="33.7785370" lon="-84.4093080">
    <ele>300.2</ele>
    <time>2025-10-03T21:58:29Z</time>
   </trkpt>
   <trkpt lat="33.7785280" lon="-84.4092970">
    <ele>300.4</ele>
    <time>2025-10-03T21:58:30Z</time>
   </trkpt>
   <trkpt lat="33.7785180" lon="-84.4092850">
    <ele>300.4</ele>
    <time>2025-10-03T21:58:31Z</time>
   </trkpt>
   <trkpt lat="33.7785090" lon="-84.4092740">
    <ele>300.6</ele>
    <time>2025-10-03T21:58:32Z</time>
   </trkpt>
   <trkpt lat="33.7784930" lon="-84.4092570">
    <ele>300.8</ele>
    <time>2025-10-03T21:58:33Z</time>
   </trkpt>
   <trkpt lat="33.7784870" lon="-84.4092510">
    <ele>300.8</ele>
    <time>2025-10-03T21:58:34Z</time>
   </trkpt>
   <trkpt lat="33.7784770" lon="-84.4092400">
    <ele>301.0</ele>
    <time>2025-10-03T21:58:35Z</time>
   </trkpt>
   <trkpt lat="33.7784670" lon="-84.4092280">
    <ele>301.0</ele>
    <time>2025-10-03T21:58:36Z</time>
   </trkpt>
   <trkpt lat="33.7784570" lon="-84.4092180">
    <ele>301.0</ele>
    <time>2025-10-03T21:58:37Z</time>
   </trkpt>
   <trkpt lat="33.7784460" lon="-84.4092070">
    <ele>301.2</ele>
    <time>2025-10-03T21:58:38Z</time>
   </trkpt>
   <trkpt lat="33.7784360" lon="-84.4091950">
    <ele>301.2</ele>
    <time>2025-10-03T21:58:39Z</time>
   </trkpt>
   <trkpt lat="33.7784270" lon="-84.4091840">
    <ele>301.2</ele>
    <time>2025-10-03T21:58:40Z</time>
   </trkpt>
   <trkpt lat="33.7784180" lon="-84.4091720">
    <ele>301.2</ele>
    <time>2025-10-03T21:58:41Z</time>
   </trkpt>
   <trkpt lat="33.7784080" lon="-84.4091610">
    <ele>301.2</ele>
    <time>2025-10-03T21:58:42Z</time>
   </trkpt>
   <trkpt lat="33.7783900" lon="-84.4091440">
    <ele>301.2</ele>
    <time>2025-10-03T21:58:43Z</time>
   </trkpt>
   <trkpt lat="33.7783820" lon="-84.4091380">
    <ele>301.4</ele>
    <time>2025-10-03T21:58:44Z</time>
   </trkpt>
   <trkpt lat="33.7783750" lon="-84.4091310">
    <ele>301.4</ele>
    <time>2025-10-03T21:58:45Z</time>
   </trkpt>
   <trkpt lat="33.7783640" lon="-84.4091210">
    <ele>301.4</ele>
    <time>2025-10-03T21:58:46Z</time>
   </trkpt>
   <trkpt lat="33.7783530" lon="-84.4091110">
    <ele>301.2</ele>
    <time>2025-10-03T21:58:47Z</time>
   </trkpt>
   <trkpt lat="33.7783340" lon="-84.4090960">
    <ele>301.2</ele>
    <time>2025-10-03T21:58:48Z</time>
   </trkpt>
   <trkpt lat="33.7783260" lon="-84.4090890">
    <ele>301.2</ele>
    <time>2025-10-03T21:58:49Z</time>
   </trkpt>
   <trkpt lat="33.7783190" lon="-84.4090830">
    <ele>301.2</ele>
    <time>2025-10-03T21:58:50Z</time>
   </trkpt>
   <trkpt lat="33.7783080" lon="-84.4090730">
    <ele>301.2</ele>
    <time>2025-10-03T21:58:51Z</time>
   </trkpt>
   <trkpt lat="33.7782980" lon="-84.4090620">
    <ele>301.2</ele>
    <time>2025-10-03T21:58:52Z</time>
   </trkpt>
   <trkpt lat="33.7782800" lon="-84.4090450">
    <ele>301.0</ele>
    <time>2025-10-03T21:58:53Z</time>
   </trkpt>
   <trkpt lat="33.7782730" lon="-84.4090390">
    <ele>301.0</ele>
    <time>2025-10-03T21:58:54Z</time>
   </trkpt>
   <trkpt lat="33.7782660" lon="-84.4090320">
    <ele>301.0</ele>
    <time>2025-10-03T21:58:55Z</time>
   </trkpt>
   <trkpt lat="33.7782550" lon="-84.4090220">
    <ele>301.0</ele>
    <time>2025-10-03T21:58:56Z</time>
   </trkpt>
   <trkpt lat="33.7782450" lon="-84.4090120">
    <ele>301.0</ele>
    <time>2025-10-03T21:58:57Z</time>
   </trkpt>
   <trkpt lat="33.7782250" lon="-84.4090010">
    <ele>300.8</ele>
    <time>2025-10-03T21:58:58Z</time>
   </trkpt>
   <trkpt lat="33.7782170" lon="-84.4089970">
    <ele>300.8</ele>
    <time>2025-10-03T21:58:59Z</time>
   </trkpt>
   <trkpt lat="33.7782090" lon="-84.4089930">
    <ele>300.8</ele>
    <time>2025-10-03T21:59:00Z</time>
   </trkpt>
   <trkpt lat="33.7781980" lon="-84.4089870">
    <ele>300.8</ele>
    <time>2025-10-03T21:59:01Z</time>
   </trkpt>
   <trkpt lat="33.7781880" lon="-84.4089790">
    <ele>300.8</ele>
    <time>2025-10-03T21:59:02Z</time>
   </trkpt>
   <trkpt lat="33.7781770" lon="-84.4089710">
    <ele>300.8</ele>
    <time>2025-10-03T21:59:03Z</time>
   </trkpt>
   <trkpt lat="33.7781650" lon="-84.4089640">
    <ele>300.6</ele>
    <time>2025-10-03T21:59:04Z</time>
   </trkpt>
   <trkpt lat="33.7781530" lon="-84.4089550">
    <ele>300.6</ele>
    <time>2025-10-03T21:59:05Z</time>
   </trkpt>
   <trkpt lat="33.7781400" lon="-84.4089450">
    <ele>300.6</ele>
    <time>2025-10-03T21:59:06Z</time>
   </trkpt>
   <trkpt lat="33.7781280" lon="-84.4089350">
    <ele>300.6</ele>
    <time>2025-10-03T21:59:07Z</time>
   </trkpt>
   <trkpt lat="33.7781150" lon="-84.4089260">
    <ele>300.6</ele>
    <time>2025-10-03T21:59:08Z</time>
   </trkpt>
   <trkpt lat="33.7781020" lon="-84.4089170">
    <ele>300.6</ele>
    <time>2025-10-03T21:59:09Z</time>
   </trkpt>
   <trkpt lat="33.7780890" lon="-84.4089090">
    <ele>300.6</ele>
    <time>2025-10-03T21:59:10Z</time>
   </trkpt>
   <trkpt lat="33.7780690" lon="-84.4088920">
    <ele>300.6</ele>
    <time>2025-10-03T21:59:11Z</time>
   </trkpt>
   <trkpt lat="33.7780620" lon="-84.4088860">
    <ele>300.6</ele>
    <time>2025-10-03T21:59:12Z</time>
   </trkpt>
   <trkpt lat="33.7780540" lon="-84.4088790">
    <ele>300.6</ele>
    <time>2025-10-03T21:59:13Z</time>
   </trkpt>
   <trkpt lat="33.7780430" lon="-84.4088680">
    <ele>300.6</ele>
    <time>2025-10-03T21:59:14Z</time>
   </trkpt>
   <trkpt lat="33.7780330" lon="-84.4088550">
    <ele>300.6</ele>
    <time>2025-10-03T21:59:15Z</time>
   </trkpt>
   <trkpt lat="33.7780170" lon="-84.4088350">
    <ele>300.6</ele>
    <time>2025-10-03T21:59:16Z</time>
   </trkpt>
   <trkpt lat="33.7780100" lon="-84.4088270">
    <ele>300.6</ele>
    <time>2025-10-03T21:59:17Z</time>
   </trkpt>
   <trkpt lat="33.7780040" lon="-84.4088190">
    <ele>300.6</ele>
    <time>2025-10-03T21:59:18Z</time>
   </trkpt>
   <trkpt lat="33.7779940" lon="-84.4088080">
    <ele>300.6</ele>
    <time>2025-10-03T21:59:19Z</time>
   </trkpt>
   <trkpt lat="33.7779840" lon="-84.4087980">
    <ele>300.6</ele>
    <time>2025-10-03T21:59:20Z</time>
   </trkpt>
   <trkpt lat="33.7779700" lon="-84.4087780">
    <ele>300.6</ele>
    <time>2025-10-03T21:59:21Z</time>
   </trkpt>
   <trkpt lat="33.7779650" lon="-84.4087710">
    <ele>300.4</ele>
    <time>2025-10-03T21:59:22Z</time>
   </trkpt>
   <trkpt lat="33.7779600" lon="-84.4087630">
    <ele>300.4</ele>
    <time>2025-10-03T21:59:23Z</time>
   </trkpt>
   <trkpt lat="33.7779530" lon="-84.4087520">
    <ele>300.4</ele>
    <time>2025-10-03T21:59:24Z</time>
   </trkpt>
   <trkpt lat="33.7779460" lon="-84.4087400">
    <ele>300.2</ele>
    <time>2025-10-03T21:59:25Z</time>
   </trkpt>
   <trkpt lat="33.7779320" lon="-84.4087200">
    <ele>300.2</ele>
    <time>2025-10-03T21:59:26Z</time>
   </trkpt>
   <trkpt lat="33.7779250" lon="-84.4087130">
    <ele>300.2</ele>
    <time>2025-10-03T21:59:27Z</time>
   </trkpt>
   <trkpt lat="33.7779190" lon="-84.4087050">
    <ele>300.2</ele>
    <time>2025-10-03T21:59:28Z</time>
   </trkpt>
   <trkpt lat="33.7779080" lon="-84.4086980">
    <ele>300.0</ele>
    <time>2025-10-03T21:59:29Z</time>
   </trkpt>
   <trkpt lat="33.7778960" lon="-84.4086930">
    <ele>300.0</ele>
    <time>2025-10-03T21:59:30Z</time>
   </trkpt>
   <trkpt lat="33.7778850" lon="-84.4086880">
    <ele>300.0</ele>
    <time>2025-10-03T21:59:31Z</time>
   </trkpt>
   <trkpt lat="33.7778730" lon="-84.4086820">
    <ele>300.0</ele>
    <time>2025-10-03T21:59:32Z</time>
   </trkpt>
   <trkpt lat="33.7778610" lon="-84.4086760">
    <ele>300.0</ele>
    <time>2025-10-03T21:59:33Z</time>
   </trkpt>
   <trkpt lat="33.7778520" lon="-84.4086690">
    <ele>300.0</ele>
    <time>2025-10-03T21:59:34Z</time>
   </trkpt>
   <trkpt lat="33.7778430" lon="-84.4086630">
    <ele>300.0</ele>
    <time>2025-10-03T21:59:35Z</time>
   </trkpt>
   <trkpt lat="33.7778340" lon="-84.4086570">
    <ele>300.0</ele>
    <time>2025-10-03T21:59:36Z</time>
   </trkpt>
   <trkpt lat="33.7778240" lon="-84.4086520">
    <ele>300.2</ele>
    <time>2025-10-03T21:59:37Z</time>
   </trkpt>
   <trkpt lat="33.7778120" lon="-84.4086480">
    <ele>300.2</ele>
    <time>2025-10-03T21:59:38Z</time>
   </trkpt>
   <trkpt lat="33.7778000" lon="-84.4086430">
    <ele>300.4</ele>
    <time>2025-10-03T21:59:39Z</time>
   </trkpt>
   <trkpt lat="33.7777860" lon="-84.4086390">
    <ele>300.6</ele>
    <time>2025-10-03T21:59:40Z</time>
   </trkpt>
   <trkpt lat="33.7777720" lon="-84.4086350">
    <ele>300.6</ele>
    <time>2025-10-03T21:59:41Z</time>
   </trkpt>
   <trkpt lat="33.7777510" lon="-84.4086310">
    <ele>300.8</ele>
    <time>2025-10-03T21:59:42Z</time>
   </trkpt>
   <trkpt lat="33.7777440" lon="-84.4086300">
    <ele>301.0</ele>
    <time>2025-10-03T21:59:43Z</time>
   </trkpt>
   <trkpt lat="33.7777310" lon="-84.4086290">
    <ele>301.2</ele>
    <time>2025-10-03T21:59:44Z</time>
   </trkpt>
   <trkpt lat="33.7777180" lon="-84.4086280">
    <ele>301.4</ele>
    <time>2025-10-03T21:59:45Z</time>
   </trkpt>
   <trkpt lat="33.7777050" lon="-84.4086250">
    <ele>301.4</ele>
    <time>2025-10-03T21:59:46Z</time>
   </trkpt>
   <trkpt lat="33.7776860" lon="-84.4086150">
    <ele>301.6</ele>
    <time>2025-10-03T21:59:47Z</time>
   </trkpt>
   <trkpt lat="33.7776790" lon="-84.4086110">
    <ele>301.6</ele>
    <time>2025-10-03T21:59:48Z</time>
   </trkpt>
   <trkpt lat="33.7776570" lon="-84.4085930">
    <ele>301.8</ele>
    <time>2025-10-03T21:59:49Z</time>
   </trkpt>
   <trkpt lat="33.7776500" lon="-84.4085840">
    <ele>301.8</ele>
    <time>2025-10-03T21:59:50Z</time>
   </trkpt>
   <trkpt lat="33.7776420" lon="-84.4085760">
    <ele>301.8</ele>
    <time>2025-10-03T21:59:51Z</time>
   </trkpt>
   <trkpt lat="33.7776320" lon="-84.4085640">
    <ele>301.8</ele>
    <time>2025-10-03T21:59:52Z</time>
   </trkpt>
   <trkpt lat="33.7776230" lon="-84.4085510">
    <ele>301.8</ele>
    <time>2025-10-03T21:59:53Z</time>
   </trkpt>
   <trkpt lat="33.7776150" lon="-84.4085380">
    <ele>301.6</ele>
    <time>2025-10-03T21:59:54Z</time>
   </trkpt>
   <trkpt lat="33.7776050" lon="-84.4085140">
    <ele>301.6</ele>
    <time>2025-10-03T21:59:55Z</time>
   </trkpt>
   <trkpt lat="33.7776010" lon="-84.4085060">
    <ele>301.6</ele>
    <time>2025-10-03T21:59:56Z</time>
   </trkpt>
   <trkpt lat="33.7775910" lon="-84.4084770">
    <ele>301.4</ele>
    <time>2025-10-03T21:59:57Z</time>
   </trkpt>
   <trkpt lat="33.7775870" lon="-84.4084650">
    <ele>301.4</ele>
    <time>2025-10-03T21:59:58Z</time>
   </trkpt>
   <trkpt lat="33.7775830" lon="-84.4084540">
    <ele>301.2</ele>
    <time>2025-10-03T21:59:59Z</time>
   </trkpt>
   <trkpt lat="33.7775720" lon="-84.4084310">
    <ele>301.2</ele>
    <time>2025-10-03T22:00:00Z</time>
   </trkpt>
   <trkpt lat="33.7775680" lon="-84.4084240">
    <ele>301.0</ele>
    <time>2025-10-03T22:00:01Z</time>
   </trkpt>
   <trkpt lat="33.7775530" lon="-84.4083980">
    <ele>301.0</ele>
    <time>2025-10-03T22:00:02Z</time>
   </trkpt>
   <trkpt lat="33.7775460" lon="-84.4083870">
    <ele>301.0</ele>
    <time>2025-10-03T22:00:03Z</time>
   </trkpt>
   <trkpt lat="33.7775390" lon="-84.4083760">
    <ele>301.0</ele>
    <time>2025-10-03T22:00:04Z</time>
   </trkpt>
   <trkpt lat="33.7775200" lon="-84.4083530">
    <ele>301.0</ele>
    <time>2025-10-03T22:00:05Z</time>
   </trkpt>
   <trkpt lat="33.7775130" lon="-84.4083470">
    <ele>301.0</ele>
    <time>2025-10-03T22:00:06Z</time>
   </trkpt>
   <trkpt lat="33.7774920" lon="-84.4083260">
    <ele>301.0</ele>
    <time>2025-10-03T22:00:07Z</time>
   </trkpt>
   <trkpt lat="33.7774840" lon="-84.4083190">
    <ele>301.0</ele>
    <time>2025-10-03T22:00:08Z</time>
   </trkpt>
   <trkpt lat="33.7774750" lon="-84.4083110">
    <ele>301.0</ele>
    <time>2025-10-03T22:00:09Z</time>
   </trkpt>
   <trkpt lat="33.7774610" lon="-84.4082990">
    <ele>301.0</ele>
    <time>2025-10-03T22:00:10Z</time>
   </trkpt>
   <trkpt lat="33.7774480" lon="-84.4082870">
    <ele>301.2</ele>
    <time>2025-10-03T22:00:11Z</time>
   </trkpt>
   <trkpt lat="33.7774250" lon="-84.4082700">
    <ele>301.2</ele>
    <time>2025-10-03T22:00:12Z</time>
   </trkpt>
   <trkpt lat="33.7774160" lon="-84.4082630">
    <ele>301.2</ele>
    <time>2025-10-03T22:00:13Z</time>
   </trkpt>
   <trkpt lat="33.7774070" lon="-84.4082570">
    <ele>301.2</ele>
    <time>2025-10-03T22:00:14Z</time>
   </trkpt>
   <trkpt lat="33.7773880" lon="-84.4082440">
    <ele>301.4</ele>
    <time>2025-10-03T22:00:15Z</time>
   </trkpt>
   <trkpt lat="33.7773810" lon="-84.4082400">
    <ele>301.4</ele>
    <time>2025-10-03T22:00:16Z</time>
   </trkpt>
   <trkpt lat="33.7773740" lon="-84.4082350">
    <ele>301.4</ele>
    <time>2025-10-03T22:00:17Z</time>
   </trkpt>
   <trkpt lat="33.7773650" lon="-84.4082290">
    <ele>301.6</ele>
    <time>2025-10-03T22:00:18Z</time>
   </trkpt>
   <trkpt lat="33.7773560" lon="-84.4082230">
    <ele>301.6</ele>
    <time>2025-10-03T22:00:19Z</time>
   </trkpt>
   <trkpt lat="33.7773480" lon="-84.4082160">
    <ele>301.6</ele>
    <time>2025-10-03T22:00:20Z</time>
   </trkpt>
   <trkpt lat="33.7773400" lon="-84.4082090">
    <ele>301.8</ele>
    <time>2025-10-03T22:00:21Z</time>
   </trkpt>
   <trkpt lat="33.7773330" lon="-84.4081990">
    <ele>302.0</ele>
    <time>2025-10-03T22:00:22Z</time>
   </trkpt>
   <trkpt lat="33.7773260" lon="-84.4081900">
    <ele>302.2</ele>
    <time>2025-10-03T22:00:23Z</time>
   </trkpt>
   <trkpt lat="33.7773190" lon="-84.4081790">
    <ele>302.4</ele>
    <time>2025-10-03T22:00:24Z</time>
   </trkpt>
   <trkpt lat="33.7773140" lon="-84.4081660">
    <ele>302.6</ele>
    <time>2025-10-03T22:00:25Z</time>
   </trkpt>
   <trkpt lat="33.7773090" lon="-84.4081520">
    <ele>302.8</ele>
    <time>2025-10-03T22:00:26Z</time>
   </trkpt>
   <trkpt lat="33.7773040" lon="-84.4081380">
    <ele>303.0</ele>
    <time>2025-10-03T22:00:27Z</time>
   </trkpt>
   <trkpt lat="33.7772950" lon="-84.4081190">
    <ele>303.2</ele>
    <time>2025-10-03T22:00:28Z</time>
   </trkpt>
   <trkpt lat="33.7772910" lon="-84.4081140">
    <ele>303.6</ele>
    <time>2025-10-03T22:00:29Z</time>
   </trkpt>
   <trkpt lat="33.7772820" lon="-84.4081050">
    <ele>303.8</ele>
    <time>2025-10-03T22:00:30Z</time>
   </trkpt>
   <trkpt lat="33.7772720" lon="-84.4080990">
    <ele>304.0</ele>
    <time>2025-10-03T22:00:31Z</time>
   </trkpt>
   <trkpt lat="33.7772610" lon="-84.4080940">
    <ele>304.2</ele>
    <time>2025-10-03T22:00:32Z</time>
   </trkpt>
   <trkpt lat="33.7772440" lon="-84.4080830">
    <ele>304.4</ele>
    <time>2025-10-03T22:00:33Z</time>
   </trkpt>
   <trkpt lat="33.7772380" lon="-84.4080800">
    <ele>304.6</ele>
    <time>2025-10-03T22:00:34Z</time>
   </trkpt>
   <trkpt lat="33.7772260" lon="-84.4080730">
    <ele>304.8</ele>
    <time>2025-10-03T22:00:35Z</time>
   </trkpt>
   <trkpt lat="33.7772130" lon="-84.4080660">
    <ele>305.0</ele>
    <time>2025-10-03T22:00:36Z</time>
   </trkpt>
   <trkpt lat="33.7772010" lon="-84.4080590">
    <ele>305.0</ele>
    <time>2025-10-03T22:00:37Z</time>
   </trkpt>
   <trkpt lat="33.7771890" lon="-84.4080550">
    <ele>305.2</ele>
    <time>2025-10-03T22:00:38Z</time>
   </trkpt>
   <trkpt lat="33.7771780" lon="-84.4080510">
    <ele>305.4</ele>
    <time>2025-10-03T22:00:39Z</time>
   </trkpt>
   <trkpt lat="33.7771660" lon="-84.4080470">
    <ele>305.4</ele>
    <time>2025-10-03T22:00:40Z</time>
   </trkpt>
   <trkpt lat="33.7771510" lon="-84.4080430">
    <ele>305.6</ele>
    <time>2025-10-03T22:00:41Z</time>
   </trkpt>
   <trkpt lat="33.7771360" lon="-84.4080370">
    <ele>305.6</ele>
    <time>2025-10-03T22:00:42Z</time>
   </trkpt>
   <trkpt lat="33.7771120" lon="-84.4080250">
    <ele>305.8</ele>
    <time>2025-10-03T22:00:43Z</time>
   </trkpt>
   <trkpt lat="33.7771040" lon="-84.4080200">
    <ele>305.8</ele>
    <time>2025-10-03T22:00:44Z</time>
   </trkpt>
   <trkpt lat="33.7770950" lon="-84.4080140">
    <ele>306.0</ele>
    <time>2025-10-03T22:00:45Z</time>
   </trkpt>
   <trkpt lat="33.7770780" lon="-84.4080010">
    <ele>306.0</ele>
    <time>2025-10-03T22:00:46Z</time>
   </trkpt>
   <trkpt lat="33.7770720" lon="-84.4079970">
    <ele>306.0</ele>
    <time>2025-10-03T22:00:47Z</time>
   </trkpt>
   <trkpt lat="33.7770620" lon="-84.4079890">
    <ele>306.2</ele>
    <time>2025-10-03T22:00:48Z</time>
   </trkpt>
   <trkpt lat="33.7770520" lon="-84.4079800">
    <ele>306.2</ele>
    <time>2025-10-03T22:00:49Z</time>
   </trkpt>
   <trkpt lat="33.7770420" lon="-84.4079700">
    <ele>306.2</ele>
    <time>2025-10-03T22:00:50Z</time>
   </trkpt>
   <trkpt lat="33.7770310" lon="-84.4079590">
    <ele>306.4</ele>
    <time>2025-10-03T22:00:51Z</time>
   </trkpt>
   <trkpt lat="33.7770210" lon="-84.4079490">
    <ele>306.4</ele>
    <time>2025-10-03T22:00:52Z</time>
   </trkpt>
   <trkpt lat="33.7770110" lon="-84.4079420">
    <ele>306.4</ele>
    <time>2025-10-03T22:00:53Z</time>
   </trkpt>
   <trkpt lat="33.7770010" lon="-84.4079360">
    <ele>306.4</ele>
    <time>2025-10-03T22:00:54Z</time>
   </trkpt>
   <trkpt lat="33.7769880" lon="-84.4079310">
    <ele>306.6</ele>
    <time>2025-10-03T22:00:55Z</time>
   </trkpt>
   <trkpt lat="33.7769670" lon="-84.4079250">
    <ele>306.6</ele>
    <time>2025-10-03T22:00:56Z</time>
   </trkpt>
   <trkpt lat="33.7769600" lon="-84.4079240">
    <ele>306.8</ele>
    <time>2025-10-03T22:00:57Z</time>
   </trkpt>
   <trkpt lat="33.7769460" lon="-84.4079210">
    <ele>306.8</ele>
    <time>2025-10-03T22:00:58Z</time>
   </trkpt>
   <trkpt lat="33.7769330" lon="-84.4079180">
    <ele>307.0</ele>
    <time>2025-10-03T22:00:59Z</time>
   </trkpt>
   <trkpt lat="33.7769230" lon="-84.4079160">
    <ele>307.0</ele>
    <time>2025-10-03T22:01:00Z</time>
   </trkpt>
   <trkpt lat="33.7769160" lon="-84.4079180">
    <ele>307.0</ele>
    <time>2025-10-03T22:01:01Z</time>
   </trkpt>
   <trkpt lat="33.7769110" lon="-84.4079200">
    <ele>307.2</ele>
    <time>2025-10-03T22:01:02Z</time>
   </trkpt>
   <trkpt lat="33.7768990" lon="-84.4079150">
    <ele>307.2</ele>
    <time>2025-10-03T22:01:03Z</time>
   </trkpt>
   <trkpt lat="33.7768930" lon="-84.4079080">
    <ele>307.4</ele>
    <time>2025-10-03T22:01:04Z</time>
   </trkpt>
   <trkpt lat="33.7768860" lon="-84.4079010">
    <ele>307.4</ele>
    <time>2025-10-03T22:01:05Z</time>
   </trkpt>
   <trkpt lat="33.7768800" lon="-84.4078940">
    <ele>307.4</ele>
    <time>2025-10-03T22:01:06Z</time>
   </trkpt>
   <trkpt lat="33.7768730" lon="-84.4078870">
    <ele>307.6</ele>
    <time>2025-10-03T22:01:07Z</time>
   </trkpt>
   <trkpt lat="33.7768660" lon="-84.4078800">
    <ele>307.6</ele>
    <time>2025-10-03T22:01:08Z</time>
   </trkpt>
   <trkpt lat="33.7768600" lon="-84.4078730">
    <ele>307.8</ele>
    <time>2025-10-03T22:01:09Z</time>
   </trkpt>
   <trkpt lat="33.7768530" lon="-84.4078660">
    <ele>307.8</ele>
    <time>2025-10-03T22:01:10Z</time>
   </trkpt>
   <trkpt lat="33.7768370" lon="-84.4078400">
    <ele>307.8</ele>
    <time>2025-10-03T22:01:11Z</time>
   </trkpt>
   <trkpt lat="33.7768320" lon="-84.4078300">
    <ele>307.8</ele>
    <time>2025-10-03T22:01:12Z</time>
   </trkpt>
   <trkpt lat="33.7768270" lon="-84.4078200">
    <ele>308.0</ele>
    <time>2025-10-03T22:01:13Z</time>
   </trkpt>
   <trkpt lat="33.7768190" lon="-84.4078050">
    <ele>308.0</ele>
    <time>2025-10-03T22:01:14Z</time>
   </trkpt>
   <trkpt lat="33.7768110" lon="-84.4077900">
    <ele>308.0</ele>
    <time>2025-10-03T22:01:15Z</time>
   </trkpt>
   <trkpt lat="33.7767960" lon="-84.4077620">
    <ele>308.2</ele>
    <time>2025-10-03T22:01:16Z</time>
   </trkpt>
   <trkpt lat="33.7767900" lon="-84.4077520">
    <ele>308.2</ele>
    <time>2025-10-03T22:01:17Z</time>
   </trkpt>
   <trkpt lat="33.7767840" lon="-84.4077410">
    <ele>308.4</ele>
    <time>2025-10-03T22:01:18Z</time>
   </trkpt>
   <trkpt lat="33.7767690" lon="-84.4077180">
    <ele>308.4</ele>
    <time>2025-10-03T22:01:19Z</time>
   </trkpt>
   <trkpt lat="33.7767640" lon="-84.4077110">
    <ele>308.6</ele>
    <time>2025-10-03T22:01:20Z</time>
   </trkpt>
   <trkpt lat="33.7767460" lon="-84.4076880">
    <ele>308.8</ele>
    <time>2025-10-03T22:01:21Z</time>
   </trkpt>
   <trkpt lat="33.7767390" lon="-84.4076800">
    <ele>309.0</ele>
    <time>2025-10-03T22:01:22Z</time>
   </trkpt>
   <trkpt lat="33.7767320" lon="-84.4076710">
    <ele>309.0</ele>
    <time>2025-10-03T22:01:23Z</time>
   </trkpt>
   <trkpt lat="33.7767180" lon="-84.4076530">
    <ele>309.2</ele>
    <time>2025-10-03T22:01:24Z</time>
   </trkpt>
   <trkpt lat="33.7767130" lon="-84.4076470">
    <ele>309.2</ele>
    <time>2025-10-03T22:01:25Z</time>
   </trkpt>
   <trkpt lat="33.7766970" lon="-84.4076270">
    <ele>309.4</ele>
    <time>2025-10-03T22:01:26Z</time>
   </trkpt>
   <trkpt lat="33.7766900" lon="-84.4076190">
    <ele>309.6</ele>
    <time>2025-10-03T22:01:27Z</time>
   </trkpt>
   <trkpt lat="33.7766840" lon="-84.4076110">
    <ele>309.6</ele>
    <time>2025-10-03T22:01:28Z</time>
   </trkpt>
   <trkpt lat="33.7766740" lon="-84.4076000">
    <ele>309.6</ele>
    <time>2025-10-03T22:01:29Z</time>
   </trkpt>
   <trkpt lat="33.7766640" lon="-84.4075880">
    <ele>309.8</ele>
    <time>2025-10-03T22:01:30Z</time>
   </trkpt>
   <trkpt lat="33.7766540" lon="-84.4075770">
    <ele>309.8</ele>
    <time>2025-10-03T22:01:31Z</time>
   </trkpt>
   <trkpt lat="33.7766450" lon="-84.4075670">
    <ele>309.8</ele>
    <time>2025-10-03T22:01:32Z</time>
   </trkpt>
   <trkpt lat="33.7766360" lon="-84.4075580">
    <ele>309.8</ele>
    <time>2025-10-03T22:01:33Z</time>
   </trkpt>
   <trkpt lat="33.7766280" lon="-84.4075500">
    <ele>309.8</ele>
    <time>2025-10-03T22:01:34Z</time>
   </trkpt>
   <trkpt lat="33.7766200" lon="-84.4075410">
    <ele>309.8</ele>
    <time>2025-10-03T22:01:35Z</time>
   </trkpt>
   <trkpt lat="33.7766090" lon="-84.4075320">
    <ele>309.6</ele>
    <time>2025-10-03T22:01:36Z</time>
   </trkpt>
   <trkpt lat="33.7765920" lon="-84.4075150">
    <ele>309.6</ele>
    <time>2025-10-03T22:01:37Z</time>
   </trkpt>
   <trkpt lat="33.7765860" lon="-84.4075100">
    <ele>309.4</ele>
    <time>2025-10-03T22:01:38Z</time>
   </trkpt>
   <trkpt lat="33.7765680" lon="-84.4074920">
    <ele>309.4</ele>
    <time>2025-10-03T22:01:39Z</time>
   </trkpt>
   <trkpt lat="33.7765600" lon="-84.4074840">
    <ele>309.2</ele>
    <time>2025-10-03T22:01:40Z</time>
   </trkpt>
   <trkpt lat="33.7765530" lon="-84.4074770">
    <ele>309.2</ele>
    <time>2025-10-03T22:01:41Z</time>
   </trkpt>
   <trkpt lat="33.7765420" lon="-84.4074660">
    <ele>309.0</ele>
    <time>2025-10-03T22:01:42Z</time>
   </trkpt>
   <trkpt lat="33.7765320" lon="-84.4074560">
    <ele>309.0</ele>
    <time>2025-10-03T22:01:43Z</time>
   </trkpt>
   <trkpt lat="33.7765210" lon="-84.4074470">
    <ele>308.8</ele>
    <time>2025-10-03T22:01:44Z</time>
   </trkpt>
   <trkpt lat="33.7765110" lon="-84.4074400">
    <ele>308.8</ele>
    <time>2025-10-03T22:01:45Z</time>
   </trkpt>
   <trkpt lat="33.7765010" lon="-84.4074340">
    <ele>308.6</ele>
    <time>2025-10-03T22:01:46Z</time>
   </trkpt>
   <trkpt lat="33.7764920" lon="-84.4074260">
    <ele>308.6</ele>
    <time>2025-10-03T22:01:47Z</time>
   </trkpt>
   <trkpt lat="33.7764820" lon="-84.4074170">
    <ele>308.4</ele>
    <time>2025-10-03T22:01:48Z</time>
   </trkpt>
   <trkpt lat="33.7764720" lon="-84.4074070">
    <ele>308.4</ele>
    <time>2025-10-03T22:01:49Z</time>
   </trkpt>
   <trkpt lat="33.7764620" lon="-84.4073980">
    <ele>308.4</ele>
    <time>2025-10-03T22:01:50Z</time>
   </trkpt>
   <trkpt lat="33.7764510" lon="-84.4073890">
    <ele>308.2</ele>
    <time>2025-10-03T22:01:51Z</time>
   </trkpt>
   <trkpt lat="33.7764360" lon="-84.4073790">
    <ele>308.2</ele>
    <time>2025-10-03T22:01:52Z</time>
   </trkpt>
   <trkpt lat="33.7764310" lon="-84.4073760">
    <ele>308.2</ele>
    <time>2025-10-03T22:01:53Z</time>
   </trkpt>
   <trkpt lat="33.7764220" lon="-84.4073710">
    <ele>308.2</ele>
    <time>2025-10-03T22:01:54Z</time>
   </trkpt>
   <trkpt lat="33.7764120" lon="-84.4073660">
    <ele>308.0</ele>
    <time>2025-10-03T22:01:55Z</time>
   </trkpt>
   <trkpt lat="33.7764010" lon="-84.4073590">
    <ele>308.0</ele>
    <time>2025-10-03T22:01:56Z</time>
   </trkpt>
   <trkpt lat="33.7763820" lon="-84.4073440">
    <ele>307.8</ele>
    <time>2025-10-03T22:01:57Z</time>
   </trkpt>
   <trkpt lat="33.7763760" lon="-84.4073370">
    <ele>307.8</ele>
    <time>2025-10-03T22:01:58Z</time>
   </trkpt>
   <trkpt lat="33.7763690" lon="-84.4073310">
    <ele>307.6</ele>
    <time>2025-10-03T22:01:59Z</time>
   </trkpt>
   <trkpt lat="33.7763590" lon="-84.4073210">
    <ele>307.4</ele>
    <time>2025-10-03T22:02:00Z</time>
   </trkpt>
   <trkpt lat="33.7763480" lon="-84.4073100">
    <ele>307.4</ele>
    <time>2025-10-03T22:02:01Z</time>
   </trkpt>
   <trkpt lat="33.7763360" lon="-84.4073000">
    <ele>307.2</ele>
    <time>2025-10-03T22:02:02Z</time>
   </trkpt>
   <trkpt lat="33.7763240" lon="-84.4072910">
    <ele>307.0</ele>
    <time>2025-10-03T22:02:03Z</time>
   </trkpt>
   <trkpt lat="33.7763110" lon="-84.4072820">
    <ele>306.8</ele>
    <time>2025-10-03T22:02:04Z</time>
   </trkpt>
   <trkpt lat="33.7762920" lon="-84.4072680">
    <ele>306.6</ele>
    <time>2025-10-03T22:02:05Z</time>
   </trkpt>
   <trkpt lat="33.7762850" lon="-84.4072630">
    <ele>306.6</ele>
    <time>2025-10-03T22:02:06Z</time>
   </trkpt>
   <trkpt lat="33.7762640" lon="-84.4072470">
    <ele>306.4</ele>
    <time>2025-10-03T22:02:07Z</time>
   </trkpt>
   <trkpt lat="33.7762560" lon="-84.4072400">
    <ele>306.2</ele>
    <time>2025-10-03T22:02:08Z</time>
   </trkpt>
   <trkpt lat="33.7762470" lon="-84.4072340">
    <ele>306.0</ele>
    <time>2025-10-03T22:02:09Z</time>
   </trkpt>
   <trkpt lat="33.7762350" lon="-84.4072250">
    <ele>306.0</ele>
    <time>2025-10-03T22:02:10Z</time>
   </trkpt>
   <trkpt lat="33.7762220" lon="-84.4072150">
    <ele>305.8</ele>
    <time>2025-10-03T22:02:11Z</time>
   </trkpt>
   <trkpt lat="33.7762030" lon="-84.4071990">
    <ele>305.6</ele>
    <time>2025-10-03T22:02:12Z</time>
   </trkpt>
   <trkpt lat="33.7761960" lon="-84.4071930">
    <ele>305.6</ele>
    <time>2025-10-03T22:02:13Z</time>
   </trkpt>
   <trkpt lat="33.7761890" lon="-84.4071860">
    <ele>305.4</ele>
    <time>2025-10-03T22:02:14Z</time>
   </trkpt>
   <trkpt lat="33.7761810" lon="-84.4071760">
    <ele>305.4</ele>
    <time>2025-10-03T22:02:15Z</time>
   </trkpt>
   <trkpt lat="33.7761750" lon="-84.4071680">
    <ele>305.4</ele>
    <time>2025-10-03T22:02:16Z</time>
   </trkpt>
   <trkpt lat="33.7761680" lon="-84.4071590">
    <ele>305.2</ele>
    <time>2025-10-03T22:02:17Z</time>
   </trkpt>
   <trkpt lat="33.7761610" lon="-84.4071490">
    <ele>305.2</ele>
    <time>2025-10-03T22:02:18Z</time>
   </trkpt>
   <trkpt lat="33.7761520" lon="-84.4071390">
    <ele>305.2</ele>
    <time>2025-10-03T22:02:19Z</time>
   </trkpt>
   <trkpt lat="33.7761420" lon="-84.4071300">
    <ele>305.2</ele>
    <time>2025-10-03T22:02:20Z</time>
   </trkpt>
   <trkpt lat="33.7761320" lon="-84.4071220">
    <ele>305.0</ele>
    <time>2025-10-03T22:02:21Z</time>
   </trkpt>
   <trkpt lat="33.7761230" lon="-84.4071160">
    <ele>305.0</ele>
    <time>2025-10-03T22:02:22Z</time>
   </trkpt>
   <trkpt lat="33.7761190" lon="-84.4071120">
    <ele>305.0</ele>
    <time>2025-10-03T22:02:23Z</time>
   </trkpt>
   <trkpt lat="33.7761170" lon="-84.4071110">
    <ele>305.0</ele>
    <time>2025-10-03T22:02:24Z</time>
   </trkpt>
   <trkpt lat="33.7761180" lon="-84.4071100">
    <ele>305.0</ele>
    <time>2025-10-03T22:02:25Z</time>
   </trkpt>
   <trkpt lat="33.7761180" lon="-84.4071090">
    <ele>305.0</ele>
    <time>2025-10-03T22:02:26Z</time>
   </trkpt>
   <trkpt lat="33.7761190" lon="-84.4071080">
    <ele>305.0</ele>
    <time>2025-10-03T22:02:27Z</time>
   </trkpt>
   <trkpt lat="33.7761190" lon="-84.4071070">
    <ele>305.0</ele>
    <time>2025-10-03T22:02:28Z</time>
   </trkpt>
   <trkpt lat="33.7761200" lon="-84.4071060">
    <ele>305.0</ele>
    <time>2025-10-03T22:02:29Z</time>
   </trkpt>
   <trkpt lat="33.7761210" lon="-84.4071040">
    <ele>305.0</ele>
    <time>2025-10-03T22:02:30Z</time>
   </trkpt>
   <trkpt lat="33.7761210" lon="-84.4071020">
    <ele>305.0</ele>
    <time>2025-10-03T22:02:31Z</time>
   </trkpt>
   <trkpt lat="33.7761210" lon="-84.4070990">
    <ele>304.8</ele>
    <time>2025-10-03T22:02:32Z</time>
   </trkpt>
   <trkpt lat="33.7761200" lon="-84.4070930">
    <ele>304.8</ele>
    <time>2025-10-03T22:02:33Z</time>
   </trkpt>
   <trkpt lat="33.7761170" lon="-84.4070850">
    <ele>304.8</ele>
    <time>2025-10-03T22:02:34Z</time>
   </trkpt>
   <trkpt lat="33.7761110" lon="-84.4070750">
    <ele>304.8</ele>
    <time>2025-10-03T22:02:35Z</time>
   </trkpt>
   <trkpt lat="33.7761040" lon="-84.4070620">
    <ele>304.8</ele>
    <time>2025-10-03T22:02:36Z</time>
   </trkpt>
   <trkpt lat="33.7760980" lon="-84.4070470">
    <ele>304.8</ele>
    <time>2025-10-03T22:02:37Z</time>
   </trkpt>
   <trkpt lat="33.7760910" lon="-84.4070300">
    <ele>304.8</ele>
    <time>2025-10-03T22:02:38Z</time>
   </trkpt>
   <trkpt lat="33.7760860" lon="-84.4070130">
    <ele>304.8</ele>
    <time>2025-10-03T22:02:39Z</time>
   </trkpt>
   <trkpt lat="33.7760820" lon="-84.4069960">
    <ele>304.6</ele>
    <time>2025-10-03T22:02:40Z</time>
   </trkpt>
   <trkpt lat="33.7760780" lon="-84.4069780">
    <ele>304.6</ele>
    <time>2025-10-03T22:02:41Z</time>
   </trkpt>
   <trkpt lat="33.7760740" lon="-84.4069610">
    <ele>304.6</ele>
    <time>2025-10-03T22:02:42Z</time>
   </trkpt>
   <trkpt lat="33.7760660" lon="-84.4069360">
    <ele>304.6</ele>
    <time>2025-10-03T22:02:43Z</time>
   </trkpt>
   <trkpt lat="33.7760620" lon="-84.4069280">
    <ele>304.4</ele>
    <time>2025-10-03T22:02:44Z</time>
   </trkpt>
   <trkpt lat="33.7760550" lon="-84.4069130">
    <ele>304.4</ele>
    <time>2025-10-03T22:02:45Z</time>
   </trkpt>
   <trkpt lat="33.7760480" lon="-84.4068990">
    <ele>304.4</ele>
    <time>2025-10-03T22:02:46Z</time>
   </trkpt>
   <trkpt lat="33.7760410" lon="-84.4068850">
    <ele>304.4</ele>
    <time>2025-10-03T22:02:47Z</time>
   </trkpt>
   <trkpt lat="33.7760330" lon="-84.4068730">
    <ele>304.4</ele>
    <time>2025-10-03T22:02:48Z</time>
   </trkpt>
   <trkpt lat="33.7760230" lon="-84.4068630">
    <ele>304.4</ele>
    <time>2025-10-03T22:02:49Z</time>
   </trkpt>
   <trkpt lat="33.7760090" lon="-84.4068550">
    <ele>304.4</ele>
    <time>2025-10-03T22:02:50Z</time>
   </trkpt>
   <trkpt lat="33.7759950" lon="-84.4068480">
    <ele>304.4</ele>
    <time>2025-10-03T22:02:51Z</time>
   </trkpt>
   <trkpt lat="33.7759800" lon="-84.4068430">
    <ele>304.6</ele>
    <time>2025-10-03T22:02:52Z</time>
   </trkpt>
   <trkpt lat="33.7759550" lon="-84.4068350">
    <ele>304.6</ele>
    <time>2025-10-03T22:02:53Z</time>
   </trkpt>
   <trkpt lat="33.7759450" lon="-84.4068320">
    <ele>304.8</ele>
    <time>2025-10-03T22:02:54Z</time>
   </trkpt>
   <trkpt lat="33.7759350" lon="-84.4068290">
    <ele>304.8</ele>
    <time>2025-10-03T22:02:55Z</time>
   </trkpt>
   <trkpt lat="33.7759130" lon="-84.4068200">
    <ele>305.0</ele>
    <time>2025-10-03T22:02:56Z</time>
   </trkpt>
   <trkpt lat="33.7759060" lon="-84.4068180">
    <ele>305.2</ele>
    <time>2025-10-03T22:02:57Z</time>
   </trkpt>
   <trkpt lat="33.7758840" lon="-84.4068120">
    <ele>305.2</ele>
    <time>2025-10-03T22:02:58Z</time>
   </trkpt>
   <trkpt lat="33.7758740" lon="-84.4068110">
    <ele>305.4</ele>
    <time>2025-10-03T22:02:59Z</time>
   </trkpt>
   <trkpt lat="33.7758650" lon="-84.4068100">
    <ele>305.6</ele>
    <time>2025-10-03T22:03:00Z</time>
   </trkpt>
   <trkpt lat="33.7758440" lon="-84.4068140">
    <ele>305.8</ele>
    <time>2025-10-03T22:03:01Z</time>
   </trkpt>
   <trkpt lat="33.7758370" lon="-84.4068150">
    <ele>305.8</ele>
    <time>2025-10-03T22:03:02Z</time>
   </trkpt>
   <trkpt lat="33.7758240" lon="-84.4068170">
    <ele>306.0</ele>
    <time>2025-10-03T22:03:03Z</time>
   </trkpt>
   <trkpt lat="33.7758100" lon="-84.4068160">
    <ele>306.0</ele>
    <time>2025-10-03T22:03:04Z</time>
   </trkpt>
   <trkpt lat="33.7757970" lon="-84.4068160">
    <ele>306.2</ele>
    <time>2025-10-03T22:03:05Z</time>
   </trkpt>
   <trkpt lat="33.7757780" lon="-84.4068140">
    <ele>306.2</ele>
    <time>2025-10-03T22:03:06Z</time>
   </trkpt>
   <trkpt lat="33.7757720" lon="-84.4068130">
    <ele>306.4</ele>
    <time>2025-10-03T22:03:07Z</time>
   </trkpt>
   <trkpt lat="33.7757590" lon="-84.4068100">
    <ele>306.6</ele>
    <time>2025-10-03T22:03:08Z</time>
   </trkpt>
   <trkpt lat="33.7757460" lon="-84.4068040">
    <ele>306.6</ele>
    <time>2025-10-03T22:03:09Z</time>
   </trkpt>
   <trkpt lat="33.7757340" lon="-84.4067970">
    <ele>306.6</ele>
    <time>2025-10-03T22:03:10Z</time>
   </trkpt>
   <trkpt lat="33.7757170" lon="-84.4067820">
    <ele>306.6</ele>
    <time>2025-10-03T22:03:11Z</time>
   </trkpt>
   <trkpt lat="33.7757110" lon="-84.4067740">
    <ele>306.8</ele>
    <time>2025-10-03T22:03:12Z</time>
   </trkpt>
   <trkpt lat="33.7757050" lon="-84.4067670">
    <ele>306.8</ele>
    <time>2025-10-03T22:03:13Z</time>
   </trkpt>
   <trkpt lat="33.7756960" lon="-84.4067540">
    <ele>307.0</ele>
    <time>2025-10-03T22:03:14Z</time>
   </trkpt>
   <trkpt lat="33.7756860" lon="-84.4067430">
    <ele>307.0</ele>
    <time>2025-10-03T22:03:15Z</time>
   </trkpt>
   <trkpt lat="33.7756650" lon="-84.4067320">
    <ele>307.2</ele>
    <time>2025-10-03T22:03:16Z</time>
   </trkpt>
   <trkpt lat="33.7756560" lon="-84.4067290">
    <ele>307.2</ele>
    <time>2025-10-03T22:03:17Z</time>
   </trkpt>
   <trkpt lat="33.7756470" lon="-84.4067270">
    <ele>307.4</ele>
    <time>2025-10-03T22:03:18Z</time>
   </trkpt>
   <trkpt lat="33.7756270" lon="-84.4067220">
    <ele>307.4</ele>
    <time>2025-10-03T22:03:19Z</time>
   </trkpt>
   <trkpt lat="33.7756200" lon="-84.4067210">
    <ele>307.4</ele>
    <time>2025-10-03T22:03:20Z</time>
   </trkpt>
   <trkpt lat="33.7755960" lon="-84.4067150">
    <ele>307.6</ele>
    <time>2025-10-03T22:03:21Z</time>
   </trkpt>
   <trkpt lat="33.7755860" lon="-84.4067120">
    <ele>307.6</ele>
    <time>2025-10-03T22:03:22Z</time>
   </trkpt>
   <trkpt lat="33.7755760" lon="-84.4067100">
    <ele>307.8</ele>
    <time>2025-10-03T22:03:23Z</time>
   </trkpt>
   <trkpt lat="33.7755610" lon="-84.4067060">
    <ele>307.8</ele>
    <time>2025-10-03T22:03:24Z</time>
   </trkpt>
   <trkpt lat="33.7755470" lon="-84.4067000">
    <ele>308.0</ele>
    <time>2025-10-03T22:03:25Z</time>
   </trkpt>
   <trkpt lat="33.7755340" lon="-84.4066940">
    <ele>308.0</ele>
    <time>2025-10-03T22:03:26Z</time>
   </trkpt>
   <trkpt lat="33.7755210" lon="-84.4066870">
    <ele>308.2</ele>
    <time>2025-10-03T22:03:27Z</time>
   </trkpt>
   <trkpt lat="33.7755080" lon="-84.4066810">
    <ele>308.2</ele>
    <time>2025-10-03T22:03:28Z</time>
   </trkpt>
   <trkpt lat="33.7754890" lon="-84.4066710">
    <ele>308.2</ele>
    <time>2025-10-03T22:03:29Z</time>
   </trkpt>
   <trkpt lat="33.7754820" lon="-84.4066680">
    <ele>308.2</ele>
    <time>2025-10-03T22:03:30Z</time>
   </trkpt>
   <trkpt lat="33.7754700" lon="-84.4066610">
    <ele>308.2</ele>
    <time>2025-10-03T22:03:31Z</time>
   </trkpt>
   <trkpt lat="33.7754580" lon="-84.4066540">
    <ele>308.2</ele>
    <time>2025-10-03T22:03:32Z</time>
   </trkpt>
   <trkpt lat="33.7754460" lon="-84.4066470">
    <ele>308.2</ele>
    <time>2025-10-03T22:03:33Z</time>
   </trkpt>
   <trkpt lat="33.7754340" lon="-84.4066410">
    <ele>308.2</ele>
    <time>2025-10-03T22:03:34Z</time>
   </trkpt>
   <trkpt lat="33.7754220" lon="-84.4066360">
    <ele>308.2</ele>
    <time>2025-10-03T22:03:35Z</time>
   </trkpt>
   <trkpt lat="33.7754090" lon="-84.4066300">
    <ele>308.2</ele>
    <time>2025-10-03T22:03:36Z</time>
   </trkpt>
   <trkpt lat="33.7753960" lon="-84.4066230">
    <ele>308.2</ele>
    <time>2025-10-03T22:03:37Z</time>
   </trkpt>
   <trkpt lat="33.7753830" lon="-84.4066160">
    <ele>308.2</ele>
    <time>2025-10-03T22:03:38Z</time>
   </trkpt>
   <trkpt lat="33.7753610" lon="-84.4066040">
    <ele>308.0</ele>
    <time>2025-10-03T22:03:39Z</time>
   </trkpt>
   <trkpt lat="33.7753530" lon="-84.4066000">
    <ele>308.0</ele>
    <time>2025-10-03T22:03:40Z</time>
   </trkpt>
   <trkpt lat="33.7753440" lon="-84.4065950">
    <ele>308.0</ele>
    <time>2025-10-03T22:03:41Z</time>
   </trkpt>
   <trkpt lat="33.7753240" lon="-84.4065850">
    <ele>308.0</ele>
    <time>2025-10-03T22:03:42Z</time>
   </trkpt>
   <trkpt lat="33.7753170" lon="-84.4065830">
    <ele>308.0</ele>
    <time>2025-10-03T22:03:43Z</time>
   </trkpt>
   <trkpt lat="33.7753030" lon="-84.4065770">
    <ele>308.0</ele>
    <time>2025-10-03T22:03:44Z</time>
   </trkpt>
   <trkpt lat="33.7752890" lon="-84.4065720">
    <ele>308.2</ele>
    <time>2025-10-03T22:03:45Z</time>
   </trkpt>
   <trkpt lat="33.7752760" lon="-84.4065650">
    <ele>308.2</ele>
    <time>2025-10-03T22:03:46Z</time>
   </trkpt>
   <trkpt lat="33.7752550" lon="-84.4065550">
    <ele>308.2</ele>
    <time>2025-10-03T22:03:47Z</time>
   </trkpt>
   <trkpt lat="33.7752480" lon="-84.4065520">
    <ele>308.2</ele>
    <time>2025-10-03T22:03:48Z</time>
   </trkpt>
   <trkpt lat="33.7752340" lon="-84.4065460">
    <ele>308.0</ele>
    <time>2025-10-03T22:03:49Z</time>
   </trkpt>
   <trkpt lat="33.7752200" lon="-84.4065410">
    <ele>308.0</ele>
    <time>2025-10-03T22:03:50Z</time>
   </trkpt>
   <trkpt lat="33.7752050" lon="-84.4065360">
    <ele>308.0</ele>
    <time>2025-10-03T22:03:51Z</time>
   </trkpt>
   <trkpt lat="33.7751840" lon="-84.4065280">
    <ele>308.0</ele>
    <time>2025-10-03T22:03:52Z</time>
   </trkpt>
   <trkpt lat="33.7751770" lon="-84.4065260">
    <ele>308.0</ele>
    <time>2025-10-03T22:03:53Z</time>
   </trkpt>
   <trkpt lat="33.7751630" lon="-84.4065190">
    <ele>308.0</ele>
    <time>2025-10-03T22:03:54Z</time>
   </trkpt>
   <trkpt lat="33.7751500" lon="-84.4065120">
    <ele>308.0</ele>
    <time>2025-10-03T22:03:55Z</time>
   </trkpt>
   <trkpt lat="33.7751360" lon="-84.4065050">
    <ele>308.2</ele>
    <time>2025-10-03T22:03:56Z</time>
   </trkpt>
   <trkpt lat="33.7751160" lon="-84.4064960">
    <ele>308.2</ele>
    <time>2025-10-03T22:03:57Z</time>
   </trkpt>
   <trkpt lat="33.7751090" lon="-84.4064930">
    <ele>308.2</ele>
    <time>2025-10-03T22:03:58Z</time>
   </trkpt>
   <trkpt lat="33.7750960" lon="-84.4064870">
    <ele>308.2</ele>
    <time>2025-10-03T22:03:59Z</time>
   </trkpt>
   <trkpt lat="33.7750830" lon="-84.4064820">
    <ele>308.2</ele>
    <time>2025-10-03T22:04:00Z</time>
   </trkpt>
   <trkpt lat="33.7750690" lon="-84.4064750">
    <ele>308.2</ele>
    <time>2025-10-03T22:04:01Z</time>
   </trkpt>
   <trkpt lat="33.7750480" lon="-84.4064630">
    <ele>308.4</ele>
    <time>2025-10-03T22:04:02Z</time>
   </trkpt>
   <trkpt lat="33.7750390" lon="-84.4064580">
    <ele>308.4</ele>
    <time>2025-10-03T22:04:03Z</time>
   </trkpt>
   <trkpt lat="33.7750310" lon="-84.4064530">
    <ele>308.4</ele>
    <time>2025-10-03T22:04:04Z</time>
   </trkpt>
   <trkpt lat="33.7750180" lon="-84.4064460">
    <ele>308.6</ele>
    <time>2025-10-03T22:04:05Z</time>
   </trkpt>
   <trkpt lat="33.7750050" lon="-84.4064400">
    <ele>308.6</ele>
    <time>2025-10-03T22:04:06Z</time>
   </trkpt>
   <trkpt lat="33.7749830" lon="-84.4064270">
    <ele>308.8</ele>
    <time>2025-10-03T22:04:07Z</time>
   </trkpt>
   <trkpt lat="33.7749750" lon="-84.4064230">
    <ele>308.8</ele>
    <time>2025-10-03T22:04:08Z</time>
   </trkpt>
   <trkpt lat="33.7749660" lon="-84.4064180">
    <ele>309.0</ele>
    <time>2025-10-03T22:04:09Z</time>
   </trkpt>
   <trkpt lat="33.7749530" lon="-84.4064120">
    <ele>309.2</ele>
    <time>2025-10-03T22:04:10Z</time>
   </trkpt>
   <trkpt lat="33.7749390" lon="-84.4064060">
    <ele>309.4</ele>
    <time>2025-10-03T22:04:11Z</time>
   </trkpt>
   <trkpt lat="33.7749170" lon="-84.4063970">
    <ele>309.6</ele>
    <time>2025-10-03T22:04:12Z</time>
   </trkpt>
   <trkpt lat="33.7749070" lon="-84.4063930">
    <ele>309.8</ele>
    <time>2025-10-03T22:04:13Z</time>
   </trkpt>
   <trkpt lat="33.7748980" lon="-84.4063900">
    <ele>310.0</ele>
    <time>2025-10-03T22:04:14Z</time>
   </trkpt>
   <trkpt lat="33.7748780" lon="-84.4063820">
    <ele>310.0</ele>
    <time>2025-10-03T22:04:15Z</time>
   </trkpt>
   <trkpt lat="33.7748710" lon="-84.4063800">
    <ele>310.2</ele>
    <time>2025-10-03T22:04:16Z</time>
   </trkpt>
   <trkpt lat="33.7748570" lon="-84.4063730">
    <ele>310.4</ele>
    <time>2025-10-03T22:04:17Z</time>
   </trkpt>
   <trkpt lat="33.7748440" lon="-84.4063670">
    <ele>310.4</ele>
    <time>2025-10-03T22:04:18Z</time>
   </trkpt>
   <trkpt lat="33.7748320" lon="-84.4063600">
    <ele>310.6</ele>
    <time>2025-10-03T22:04:19Z</time>
   </trkpt>
   <trkpt lat="33.7748190" lon="-84.4063530">
    <ele>310.8</ele>
    <time>2025-10-03T22:04:20Z</time>
   </trkpt>
   <trkpt lat="33.7748070" lon="-84.4063450">
    <ele>310.8</ele>
    <time>2025-10-03T22:04:21Z</time>
   </trkpt>
   <trkpt lat="33.7747850" lon="-84.4063340">
    <ele>310.8</ele>
    <time>2025-10-03T22:04:22Z</time>
   </trkpt>
   <trkpt lat="33.7747760" lon="-84.4063300">
    <ele>311.0</ele>
    <time>2025-10-03T22:04:23Z</time>
   </trkpt>
   <trkpt lat="33.7747670" lon="-84.4063260">
    <ele>311.0</ele>
    <time>2025-10-03T22:04:24Z</time>
   </trkpt>
   <trkpt lat="33.7747550" lon="-84.4063190">
    <ele>311.0</ele>
    <time>2025-10-03T22:04:25Z</time>
   </trkpt>
   <trkpt lat="33.7747430" lon="-84.4063110">
    <ele>311.2</ele>
    <time>2025-10-03T22:04:26Z</time>
   </trkpt>
   <trkpt lat="33.7747310" lon="-84.4063040">
    <ele>311.2</ele>
    <time>2025-10-03T22:04:27Z</time>
   </trkpt>
   <trkpt lat="33.7747160" lon="-84.4062960">
    <ele>311.0</ele>
    <time>2025-10-03T22:04:28Z</time>
   </trkpt>
   <trkpt lat="33.7747110" lon="-84.4062940">
    <ele>311.0</ele>
    <time>2025-10-03T22:04:29Z</time>
   </trkpt>
   <trkpt lat="33.7746930" lon="-84.4062810">
    <ele>311.0</ele>
    <time>2025-10-03T22:04:30Z</time>
   </trkpt>
   <trkpt lat="33.7746850" lon="-84.4062740">
    <ele>311.0</ele>
    <time>2025-10-03T22:04:31Z</time>
   </trkpt>
   <trkpt lat="33.7746760" lon="-84.4062660">
    <ele>311.0</ele>
    <time>2025-10-03T22:04:32Z</time>
   </trkpt>
   <trkpt lat="33.7746680" lon="-84.4062590">
    <ele>311.0</ele>
    <time>2025-10-03T22:04:33Z</time>
   </trkpt>
   <trkpt lat="33.7746590" lon="-84.4062520">
    <ele>311.0</ele>
    <time>2025-10-03T22:04:34Z</time>
   </trkpt>
   <trkpt lat="33.7746390" lon="-84.4062330">
    <ele>311.0</ele>
    <time>2025-10-03T22:04:35Z</time>
   </trkpt>
   <trkpt lat="33.7746300" lon="-84.4062240">
    <ele>311.0</ele>
    <time>2025-10-03T22:04:36Z</time>
   </trkpt>
   <trkpt lat="33.7746210" lon="-84.4062160">
    <ele>311.0</ele>
    <time>2025-10-03T22:04:37Z</time>
   </trkpt>
   <trkpt lat="33.7746120" lon="-84.4062070">
    <ele>311.0</ele>
    <time>2025-10-03T22:04:38Z</time>
   </trkpt>
   <trkpt lat="33.7746030" lon="-84.4061990">
    <ele>311.0</ele>
    <time>2025-10-03T22:04:39Z</time>
   </trkpt>
   <trkpt lat="33.7745910" lon="-84.4061890">
    <ele>311.0</ele>
    <time>2025-10-03T22:04:40Z</time>
   </trkpt>
   <trkpt lat="33.7745800" lon="-84.4061790">
    <ele>311.0</ele>
    <time>2025-10-03T22:04:41Z</time>
   </trkpt>
   <trkpt lat="33.7745670" lon="-84.4061690">
    <ele>311.0</ele>
    <time>2025-10-03T22:04:42Z</time>
   </trkpt>
   <trkpt lat="33.7745490" lon="-84.4061550">
    <ele>311.0</ele>
    <time>2025-10-03T22:04:43Z</time>
   </trkpt>
   <trkpt lat="33.7745430" lon="-84.4061510">
    <ele>310.8</ele>
    <time>2025-10-03T22:04:44Z</time>
   </trkpt>
   <trkpt lat="33.7745320" lon="-84.4061400">
    <ele>310.8</ele>
    <time>2025-10-03T22:04:45Z</time>
   </trkpt>
   <trkpt lat="33.7745210" lon="-84.4061300">
    <ele>310.8</ele>
    <time>2025-10-03T22:04:46Z</time>
   </trkpt>
   <trkpt lat="33.7745100" lon="-84.4061200">
    <ele>310.8</ele>
    <time>2025-10-03T22:04:47Z</time>
   </trkpt>
   <trkpt lat="33.7744930" lon="-84.4061050">
    <ele>310.8</ele>
    <time>2025-10-03T22:04:48Z</time>
   </trkpt>
   <trkpt lat="33.7744870" lon="-84.4061010">
    <ele>310.8</ele>
    <time>2025-10-03T22:04:49Z</time>
   </trkpt>
   <trkpt lat="33.7744750" lon="-84.4060930">
    <ele>310.6</ele>
    <time>2025-10-03T22:04:50Z</time>
   </trkpt>
   <trkpt lat="33.7744630" lon="-84.4060840">
    <ele>310.6</ele>
    <time>2025-10-03T22:04:51Z</time>
   </trkpt>
   <trkpt lat="33.7744510" lon="-84.4060760">
    <ele>310.6</ele>
    <time>2025-10-03T22:04:52Z</time>
   </trkpt>
   <trkpt lat="33.7744390" lon="-84.4060660">
    <ele>310.6</ele>
    <time>2025-10-03T22:04:53Z</time>
   </trkpt>
   <trkpt lat="33.7744270" lon="-84.4060570">
    <ele>310.8</ele>
    <time>2025-10-03T22:04:54Z</time>
   </trkpt>
   <trkpt lat="33.7744160" lon="-84.4060470">
    <ele>310.8</ele>
    <time>2025-10-03T22:04:55Z</time>
   </trkpt>
   <trkpt lat="33.7744040" lon="-84.4060370">
    <ele>310.8</ele>
    <time>2025-10-03T22:04:56Z</time>
   </trkpt>
   <trkpt lat="33.7743920" lon="-84.4060270">
    <ele>310.8</ele>
    <time>2025-10-03T22:04:57Z</time>
   </trkpt>
   <trkpt lat="33.7743710" lon="-84.4060110">
    <ele>310.8</ele>
    <time>2025-10-03T22:04:58Z</time>
   </trkpt>
   <trkpt lat="33.7743630" lon="-84.4060040">
    <ele>310.8</ele>
    <time>2025-10-03T22:04:59Z</time>
   </trkpt>
   <trkpt lat="33.7743540" lon="-84.4059980">
    <ele>310.8</ele>
    <time>2025-10-03T22:05:00Z</time>
   </trkpt>
   <trkpt lat="33.7743360" lon="-84.4059830">
    <ele>310.6</ele>
    <time>2025-10-03T22:05:01Z</time>
   </trkpt>
   <trkpt lat="33.7743290" lon="-84.4059780">
    <ele>310.6</ele>
    <time>2025-10-03T22:05:02Z</time>
   </trkpt>
   <trkpt lat="33.7743100" lon="-84.4059590">
    <ele>310.6</ele>
    <time>2025-10-03T22:05:03Z</time>
   </trkpt>
   <trkpt lat="33.7743030" lon="-84.4059500">
    <ele>310.6</ele>
    <time>2025-10-03T22:05:04Z</time>
   </trkpt>
   <trkpt lat="33.7742960" lon="-84.4059420">
    <ele>310.6</ele>
    <time>2025-10-03T22:05:05Z</time>
   </trkpt>
   <trkpt lat="33.7742820" lon="-84.4059220">
    <ele>310.6</ele>
    <time>2025-10-03T22:05:06Z</time>
   </trkpt>
   <trkpt lat="33.7742780" lon="-84.4059150">
    <ele>310.6</ele>
    <time>2025-10-03T22:05:07Z</time>
   </trkpt>
   <trkpt lat="33.7742640" lon="-84.4058910">
    <ele>310.8</ele>
    <time>2025-10-03T22:05:08Z</time>
   </trkpt>
   <trkpt lat="33.7742590" lon="-84.4058810">
    <ele>310.8</ele>
    <time>2025-10-03T22:05:09Z</time>
   </trkpt>
   <trkpt lat="33.7742530" lon="-84.4058720">
    <ele>310.8</ele>
    <time>2025-10-03T22:05:10Z</time>
   </trkpt>
   <trkpt lat="33.7742440" lon="-84.4058590">
    <ele>310.8</ele>
    <time>2025-10-03T22:05:11Z</time>
   </trkpt>
   <trkpt lat="33.7742350" lon="-84.4058470">
    <ele>310.8</ele>
    <time>2025-10-03T22:05:12Z</time>
   </trkpt>
   <trkpt lat="33.7742240" lon="-84.4058360">
    <ele>310.8</ele>
    <time>2025-10-03T22:05:13Z</time>
   </trkpt>
   <trkpt lat="33.7742130" lon="-84.4058260">
    <ele>310.8</ele>
    <time>2025-10-03T22:05:14Z</time>
   </trkpt>
   <trkpt lat="33.7742010" lon="-84.4058150">
    <ele>310.8</ele>
    <time>2025-10-03T22:05:15Z</time>
   </trkpt>
   <trkpt lat="33.7741820" lon="-84.4057960">
    <ele>310.8</ele>
    <time>2025-10-03T22:05:16Z</time>
   </trkpt>
   <trkpt lat="33.7741740" lon="-84.4057890">
    <ele>310.8</ele>
    <time>2025-10-03T22:05:17Z</time>
   </trkpt>
   <trkpt lat="33.7741670" lon="-84.4057810">
    <ele>310.8</ele>
    <time>2025-10-03T22:05:18Z</time>
   </trkpt>
   <trkpt lat="33.7741510" lon="-84.4057630">
    <ele>310.8</ele>
    <time>2025-10-03T22:05:19Z</time>
   </trkpt>
   <trkpt lat="33.7741460" lon="-84.4057570">
    <ele>310.8</ele>
    <time>2025-10-03T22:05:20Z</time>
   </trkpt>
   <trkpt lat="33.7741370" lon="-84.4057440">
    <ele>310.8</ele>
    <time>2025-10-03T22:05:21Z</time>
   </trkpt>
   <trkpt lat="33.7741280" lon="-84.4057310">
    <ele>310.8</ele>
    <time>2025-10-03T22:05:22Z</time>
   </trkpt>
   <trkpt lat="33.7741190" lon="-84.4057170">
    <ele>310.8</ele>
    <time>2025-10-03T22:05:23Z</time>
   </trkpt>
   <trkpt lat="33.7741100" lon="-84.4057020">
    <ele>310.8</ele>
    <time>2025-10-03T22:05:24Z</time>
   </trkpt>
   <trkpt lat="33.7741020" lon="-84.4056880">
    <ele>310.8</ele>
    <time>2025-10-03T22:05:25Z</time>
   </trkpt>
   <trkpt lat="33.7740890" lon="-84.4056650">
    <ele>310.8</ele>
    <time>2025-10-03T22:05:26Z</time>
   </trkpt>
   <trkpt lat="33.7740830" lon="-84.4056560">
    <ele>310.8</ele>
    <time>2025-10-03T22:05:27Z</time>
   </trkpt>
   <trkpt lat="33.7740780" lon="-84.4056470">
    <ele>310.8</ele>
    <time>2025-10-03T22:05:28Z</time>
   </trkpt>
   <trkpt lat="33.7740690" lon="-84.4056330">
    <ele>310.8</ele>
    <time>2025-10-03T22:05:29Z</time>
   </trkpt>
   <trkpt lat="33.7740610" lon="-84.4056200">
    <ele>310.8</ele>
    <time>2025-10-03T22:05:30Z</time>
   </trkpt>
   <trkpt lat="33.7740530" lon="-84.4056060">
    <ele>311.0</ele>
    <time>2025-10-03T22:05:31Z</time>
   </trkpt>
   <trkpt lat="33.7740470" lon="-84.4055910">
    <ele>311.0</ele>
    <time>2025-10-03T22:05:32Z</time>
   </trkpt>
   <trkpt lat="33.7740410" lon="-84.4055750">
    <ele>311.0</ele>
    <time>2025-10-03T22:05:33Z</time>
   </trkpt>
   <trkpt lat="33.7740340" lon="-84.4055500">
    <ele>311.0</ele>
    <time>2025-10-03T22:05:34Z</time>
   </trkpt>
   <trkpt lat="33.7740310" lon="-84.4055420">
    <ele>310.8</ele>
    <time>2025-10-03T22:05:35Z</time>
   </trkpt>
   <trkpt lat="33.7740270" lon="-84.4055240">
    <ele>310.8</ele>
    <time>2025-10-03T22:05:36Z</time>
   </trkpt>
   <trkpt lat="33.7740230" lon="-84.4055060">
    <ele>310.8</ele>
    <time>2025-10-03T22:05:37Z</time>
   </trkpt>
   <trkpt lat="33.7740180" lon="-84.4054880">
    <ele>310.6</ele>
    <time>2025-10-03T22:05:38Z</time>
   </trkpt>
   <trkpt lat="33.7740090" lon="-84.4054600">
    <ele>310.6</ele>
    <time>2025-10-03T22:05:39Z</time>
   </trkpt>
   <trkpt lat="33.7740050" lon="-84.4054500">
    <ele>310.4</ele>
    <time>2025-10-03T22:05:40Z</time>
   </trkpt>
   <trkpt lat="33.7740010" lon="-84.4054390">
    <ele>310.4</ele>
    <time>2025-10-03T22:05:41Z</time>
   </trkpt>
   <trkpt lat="33.7739960" lon="-84.4054220">
    <ele>310.2</ele>
    <time>2025-10-03T22:05:42Z</time>
   </trkpt>
   <trkpt lat="33.7739900" lon="-84.4054060">
    <ele>310.0</ele>
    <time>2025-10-03T22:05:43Z</time>
   </trkpt>
   <trkpt lat="33.7739810" lon="-84.4053780">
    <ele>310.0</ele>
    <time>2025-10-03T22:05:44Z</time>
   </trkpt>
   <trkpt lat="33.7739780" lon="-84.4053670">
    <ele>309.8</ele>
    <time>2025-10-03T22:05:45Z</time>
   </trkpt>
   <trkpt lat="33.7739740" lon="-84.4053560">
    <ele>309.6</ele>
    <time>2025-10-03T22:05:46Z</time>
   </trkpt>
   <trkpt lat="33.7739670" lon="-84.4053310">
    <ele>309.4</ele>
    <time>2025-10-03T22:05:47Z</time>
   </trkpt>
   <trkpt lat="33.7739640" lon="-84.4053230">
    <ele>309.2</ele>
    <time>2025-10-03T22:05:48Z</time>
   </trkpt>
   <trkpt lat="33.7739560" lon="-84.4052940">
    <ele>309.2</ele>
    <time>2025-10-03T22:05:49Z</time>
   </trkpt>
   <trkpt lat="33.7739520" lon="-84.4052820">
    <ele>309.0</ele>
    <time>2025-10-03T22:05:50Z</time>
   </trkpt>
   <trkpt lat="33.7739490" lon="-84.4052700">
    <ele>308.8</ele>
    <time>2025-10-03T22:05:51Z</time>
   </trkpt>
   <trkpt lat="33.7739440" lon="-84.4052520">
    <ele>308.6</ele>
    <time>2025-10-03T22:05:52Z</time>
   </trkpt>
   <trkpt lat="33.7739390" lon="-84.4052340">
    <ele>308.6</ele>
    <time>2025-10-03T22:05:53Z</time>
   </trkpt>
   <trkpt lat="33.7739290" lon="-84.4052050">
    <ele>308.4</ele>
    <time>2025-10-03T22:05:54Z</time>
   </trkpt>
   <trkpt lat="33.7739240" lon="-84.4051930">
    <ele>308.2</ele>
    <time>2025-10-03T22:05:55Z</time>
   </trkpt>
   <trkpt lat="33.7739200" lon="-84.4051810">
    <ele>308.2</ele>
    <time>2025-10-03T22:05:56Z</time>
   </trkpt>
   <trkpt lat="33.7739090" lon="-84.4051540">
    <ele>308.0</ele>
    <time>2025-10-03T22:05:57Z</time>
   </trkpt>
   <trkpt lat="33.7739050" lon="-84.4051450">
    <ele>308.0</ele>
    <time>2025-10-03T22:05:58Z</time>
   </trkpt>
   <trkpt lat="33.7738940" lon="-84.4051160">
    <ele>307.8</ele>
    <time>2025-10-03T22:05:59Z</time>
   </trkpt>
   <trkpt lat="33.7738890" lon="-84.4051050">
    <ele>307.8</ele>
    <time>2025-10-03T22:06:00Z</time>
   </trkpt>
   <trkpt lat="33.7738850" lon="-84.4050930">
    <ele>307.6</ele>
    <time>2025-10-03T22:06:01Z</time>
   </trkpt>
   <trkpt lat="33.7738790" lon="-84.4050750">
    <ele>307.6</ele>
    <time>2025-10-03T22:06:02Z</time>
   </trkpt>
   <trkpt lat="33.7738730" lon="-84.4050580">
    <ele>307.4</ele>
    <time>2025-10-03T22:06:03Z</time>
   </trkpt>
   <trkpt lat="33.7738630" lon="-84.4050260">
    <ele>307.4</ele>
    <time>2025-10-03T22:06:04Z</time>
   </trkpt>
   <trkpt lat="33.7738580" lon="-84.4050120">
    <ele>307.2</ele>
    <time>2025-10-03T22:06:05Z</time>
   </trkpt>
   <trkpt lat="33.7738540" lon="-84.4049990">
    <ele>307.2</ele>
    <time>2025-10-03T22:06:06Z</time>
   </trkpt>
   <trkpt lat="33.7738430" lon="-84.4049700">
    <ele>307.0</ele>
    <time>2025-10-03T22:06:07Z</time>
   </trkpt>
   <trkpt lat="33.7738380" lon="-84.4049580">
    <ele>307.0</ele>
    <time>2025-10-03T22:06:08Z</time>
   </trkpt>
   <trkpt lat="33.7738340" lon="-84.4049470">
    <ele>306.8</ele>
    <time>2025-10-03T22:06:09Z</time>
   </trkpt>
   <trkpt lat="33.7738240" lon="-84.4049220">
    <ele>306.6</ele>
    <time>2025-10-03T22:06:10Z</time>
   </trkpt>
   <trkpt lat="33.7738200" lon="-84.4049140">
    <ele>306.6</ele>
    <time>2025-10-03T22:06:11Z</time>
   </trkpt>
   <trkpt lat="33.7738100" lon="-84.4048870">
    <ele>306.4</ele>
    <time>2025-10-03T22:06:12Z</time>
   </trkpt>
   <trkpt lat="33.7738070" lon="-84.4048760">
    <ele>306.4</ele>
    <time>2025-10-03T22:06:13Z</time>
   </trkpt>
   <trkpt lat="33.7738030" lon="-84.4048650">
    <ele>306.2</ele>
    <time>2025-10-03T22:06:14Z</time>
   </trkpt>
   <trkpt lat="33.7737980" lon="-84.4048480">
    <ele>306.2</ele>
    <time>2025-10-03T22:06:15Z</time>
   </trkpt>
   <trkpt lat="33.7737930" lon="-84.4048320">
    <ele>306.0</ele>
    <time>2025-10-03T22:06:16Z</time>
   </trkpt>
   <trkpt lat="33.7737840" lon="-84.4048050">
    <ele>306.0</ele>
    <time>2025-10-03T22:06:17Z</time>
   </trkpt>
   <trkpt lat="33.7737800" lon="-84.4047950">
    <ele>306.0</ele>
    <time>2025-10-03T22:06:18Z</time>
   </trkpt>
   <trkpt lat="33.7737760" lon="-84.4047840">
    <ele>306.0</ele>
    <time>2025-10-03T22:06:19Z</time>
   </trkpt>
   <trkpt lat="33.7737710" lon="-84.4047680">
    <ele>306.0</ele>
    <time>2025-10-03T22:06:20Z</time>
   </trkpt>
   <trkpt lat="33.7737670" lon="-84.4047510">
    <ele>305.8</ele>
    <time>2025-10-03T22:06:21Z</time>
   </trkpt>
   <trkpt lat="33.7737590" lon="-84.4047240">
    <ele>305.8</ele>
    <time>2025-10-03T22:06:22Z</time>
   </trkpt>
   <trkpt lat="33.7737550" lon="-84.4047130">
    <ele>305.8</ele>
    <time>2025-10-03T22:06:23Z</time>
   </trkpt>
   <trkpt lat="33.7737520" lon="-84.4047020">
    <ele>305.6</ele>
    <time>2025-10-03T22:06:24Z</time>
   </trkpt>
   <trkpt lat="33.7737460" lon="-84.4046870">
    <ele>305.6</ele>
    <time>2025-10-03T22:06:25Z</time>
   </trkpt>
   <trkpt lat="33.7737400" lon="-84.4046710">
    <ele>305.6</ele>
    <time>2025-10-03T22:06:26Z</time>
   </trkpt>
   <trkpt lat="33.7737330" lon="-84.4046560">
    <ele>305.6</ele>
    <time>2025-10-03T22:06:27Z</time>
   </trkpt>
   <trkpt lat="33.7737270" lon="-84.4046400">
    <ele>305.4</ele>
    <time>2025-10-03T22:06:28Z</time>
   </trkpt>
   <trkpt lat="33.7737210" lon="-84.4046250">
    <ele>305.4</ele>
    <time>2025-10-03T22:06:29Z</time>
   </trkpt>
   <trkpt lat="33.7737140" lon="-84.4046090">
    <ele>305.4</ele>
    <time>2025-10-03T22:06:30Z</time>
   </trkpt>
   <trkpt lat="33.7737080" lon="-84.4045930">
    <ele>305.2</ele>
    <time>2025-10-03T22:06:31Z</time>
   </trkpt>
   <trkpt lat="33.7737020" lon="-84.4045780">
    <ele>305.2</ele>
    <time>2025-10-03T22:06:32Z</time>
   </trkpt>
   <trkpt lat="33.7736930" lon="-84.4045540">
    <ele>305.2</ele>
    <time>2025-10-03T22:06:33Z</time>
   </trkpt>
   <trkpt lat="33.7736900" lon="-84.4045460">
    <ele>305.2</ele>
    <time>2025-10-03T22:06:34Z</time>
   </trkpt>
   <trkpt lat="33.7736840" lon="-84.4045310">
    <ele>305.2</ele>
    <time>2025-10-03T22:06:35Z</time>
   </trkpt>
   <trkpt lat="33.7736770" lon="-84.4045160">
    <ele>305.0</ele>
    <time>2025-10-03T22:06:36Z</time>
   </trkpt>
   <trkpt lat="33.7736700" lon="-84.4045020">
    <ele>305.0</ele>
    <time>2025-10-03T22:06:37Z</time>
   </trkpt>
   <trkpt lat="33.7736630" lon="-84.4044870">
    <ele>305.0</ele>
    <time>2025-10-03T22:06:38Z</time>
   </trkpt>
   <trkpt lat="33.7736580" lon="-84.4044710">
    <ele>305.0</ele>
    <time>2025-10-03T22:06:39Z</time>
   </trkpt>
   <trkpt lat="33.7736480" lon="-84.4044470">
    <ele>305.0</ele>
    <time>2025-10-03T22:06:40Z</time>
   </trkpt>
   <trkpt lat="33.7736450" lon="-84.4044380">
    <ele>305.0</ele>
    <time>2025-10-03T22:06:41Z</time>
   </trkpt>
   <trkpt lat="33.7736410" lon="-84.4044290">
    <ele>305.0</ele>
    <time>2025-10-03T22:06:42Z</time>
   </trkpt>
   <trkpt lat="33.7736380" lon="-84.4044200">
    <ele>305.0</ele>
    <time>2025-10-03T22:06:43Z</time>
   </trkpt>
   <trkpt lat="33.7736370" lon="-84.4044170">
    <ele>305.0</ele>
    <time>2025-10-03T22:06:44Z</time>
   </trkpt>
   <trkpt lat="33.7736380" lon="-84.4044180">
    <ele>305.2</ele>
    <time>2025-10-03T22:06:45Z</time>
   </trkpt>
   <trkpt lat="33.7736390" lon="-84.4044210">
    <ele>305.2</ele>
    <time>2025-10-03T22:06:46Z</time>
   </trkpt>
   <trkpt lat="33.7736410" lon="-84.4044230">
    <ele>305.2</ele>
    <time>2025-10-03T22:06:47Z</time>
   </trkpt>
   <trkpt lat="33.7736420" lon="-84.4044250">
    <ele>305.2</ele>
    <time>2025-10-03T22:06:48Z</time>
   </trkpt>
   <trkpt lat="33.7736420" lon="-84.4044260">
    <ele>305.2</ele>
    <time>2025-10-03T22:06:49Z</time>
   </trkpt>
   <trkpt lat="33.7736420" lon="-84.4044250">
    <ele>305.2</ele>
    <time>2025-10-03T22:06:50Z</time>
   </trkpt>
   <trkpt lat="33.7736400" lon="-84.4044210">
    <ele>305.4</ele>
    <time>2025-10-03T22:06:51Z</time>
   </trkpt>
   <trkpt lat="33.7736380" lon="-84.4044150">
    <ele>305.4</ele>
    <time>2025-10-03T22:06:52Z</time>
   </trkpt>
   <trkpt lat="33.7736330" lon="-84.4044060">
    <ele>305.4</ele>
    <time>2025-10-03T22:06:53Z</time>
   </trkpt>
   <trkpt lat="33.7736280" lon="-84.4043960">
    <ele>305.4</ele>
    <time>2025-10-03T22:06:54Z</time>
   </trkpt>
   <trkpt lat="33.7736210" lon="-84.4043840">
    <ele>305.6</ele>
    <time>2025-10-03T22:06:55Z</time>
   </trkpt>
   <trkpt lat="33.7736140" lon="-84.4043710">
    <ele>305.6</ele>
    <time>2025-10-03T22:06:56Z</time>
   </trkpt>
   <trkpt lat="33.7736080" lon="-84.4043560">
    <ele>305.6</ele>
    <time>2025-10-03T22:06:57Z</time>
   </trkpt>
   <trkpt lat="33.7736020" lon="-84.4043410">
    <ele>305.6</ele>
    <time>2025-10-03T22:06:58Z</time>
   </trkpt>
   <trkpt lat="33.7735960" lon="-84.4043250">
    <ele>305.6</ele>
    <time>2025-10-03T22:06:59Z</time>
   </trkpt>
   <trkpt lat="33.7735900" lon="-84.4043110">
    <ele>305.8</ele>
    <time>2025-10-03T22:07:00Z</time>
   </trkpt>
   <trkpt lat="33.7735840" lon="-84.4042980">
    <ele>305.8</ele>
    <time>2025-10-03T22:07:01Z</time>
   </trkpt>
   <trkpt lat="33.7735780" lon="-84.4042850">
    <ele>305.8</ele>
    <time>2025-10-03T22:07:02Z</time>
   </trkpt>
   <trkpt lat="33.7735730" lon="-84.4042710">
    <ele>305.8</ele>
    <time>2025-10-03T22:07:03Z</time>
   </trkpt>
   <trkpt lat="33.7735670" lon="-84.4042560">
    <ele>306.0</ele>
    <time>2025-10-03T22:07:04Z</time>
   </trkpt>
   <trkpt lat="33.7735610" lon="-84.4042400">
    <ele>306.0</ele>
    <time>2025-10-03T22:07:05Z</time>
   </trkpt>
   <trkpt lat="33.7735550" lon="-84.4042240">
    <ele>306.0</ele>
    <time>2025-10-03T22:07:06Z</time>
   </trkpt>
   <trkpt lat="33.7735490" lon="-84.4042090">
    <ele>306.0</ele>
    <time>2025-10-03T22:07:07Z</time>
   </trkpt>
   <trkpt lat="33.7735390" lon="-84.4041830">
    <ele>306.0</ele>
    <time>2025-10-03T22:07:08Z</time>
   </trkpt>
   <trkpt lat="33.7735340" lon="-84.4041730">
    <ele>306.0</ele>
    <time>2025-10-03T22:07:09Z</time>
   </trkpt>
   <trkpt lat="33.7735300" lon="-84.4041630">
    <ele>306.0</ele>
    <time>2025-10-03T22:07:10Z</time>
   </trkpt>
   <trkpt lat="33.7735220" lon="-84.4041490">
    <ele>306.0</ele>
    <time>2025-10-03T22:07:11Z</time>
   </trkpt>
   <trkpt lat="33.7735150" lon="-84.4041350">
    <ele>306.0</ele>
    <time>2025-10-03T22:07:12Z</time>
   </trkpt>
   <trkpt lat="33.7735030" lon="-84.4041120">
    <ele>306.0</ele>
    <time>2025-10-03T22:07:13Z</time>
   </trkpt>
   <trkpt lat="33.7734990" lon="-84.4041020">
    <ele>305.8</ele>
    <time>2025-10-03T22:07:14Z</time>
   </trkpt>
   <trkpt lat="33.7734950" lon="-84.4040930">
    <ele>305.8</ele>
    <time>2025-10-03T22:07:15Z</time>
   </trkpt>
   <trkpt lat="33.7734900" lon="-84.4040780">
    <ele>305.8</ele>
    <time>2025-10-03T22:07:16Z</time>
   </trkpt>
   <trkpt lat="33.7734860" lon="-84.4040650">
    <ele>305.6</ele>
    <time>2025-10-03T22:07:17Z</time>
   </trkpt>
   <trkpt lat="33.7734830" lon="-84.4040540">
    <ele>305.6</ele>
    <time>2025-10-03T22:07:18Z</time>
   </trkpt>
   <trkpt lat="33.7734800" lon="-84.4040460">
    <ele>305.4</ele>
    <time>2025-10-03T22:07:19Z</time>
   </trkpt>
   <trkpt lat="33.7734770" lon="-84.4040370">
    <ele>305.4</ele>
    <time>2025-10-03T22:07:20Z</time>
   </trkpt>
   <trkpt lat="33.7734670" lon="-84.4040170">
    <ele>305.2</ele>
    <time>2025-10-03T22:07:21Z</time>
   </trkpt>
   <trkpt lat="33.7734620" lon="-84.4040060">
    <ele>305.2</ele>
    <time>2025-10-03T22:07:22Z</time>
   </trkpt>
   <trkpt lat="33.7734560" lon="-84.4039950">
    <ele>305.2</ele>
    <time>2025-10-03T22:07:23Z</time>
   </trkpt>
   <trkpt lat="33.7734510" lon="-84.4039840">
    <ele>305.0</ele>
    <time>2025-10-03T22:07:24Z</time>
   </trkpt>
   <trkpt lat="33.7734460" lon="-84.4039730">
    <ele>305.0</ele>
    <time>2025-10-03T22:07:25Z</time>
   </trkpt>
   <trkpt lat="33.7734400" lon="-84.4039570">
    <ele>305.0</ele>
    <time>2025-10-03T22:07:26Z</time>
   </trkpt>
   <trkpt lat="33.7734330" lon="-84.4039400">
    <ele>304.8</ele>
    <time>2025-10-03T22:07:27Z</time>
   </trkpt>
   <trkpt lat="33.7734270" lon="-84.4039240">
    <ele>304.8</ele>
    <time>2025-10-03T22:07:28Z</time>
   </trkpt>
   <trkpt lat="33.7734180" lon="-84.4038980">
    <ele>304.8</ele>
    <time>2025-10-03T22:07:29Z</time>
   </trkpt>
   <trkpt lat="33.7734150" lon="-84.4038890">
    <ele>305.0</ele>
    <time>2025-10-03T22:07:30Z</time>
   </trkpt>
   <trkpt lat="33.7734070" lon="-84.4038600">
    <ele>305.0</ele>
    <time>2025-10-03T22:07:31Z</time>
   </trkpt>
   <trkpt lat="33.7734040" lon="-84.4038490">
    <ele>305.0</ele>
    <time>2025-10-03T22:07:32Z</time>
   </trkpt>
   <trkpt lat="33.7734010" lon="-84.4038370">
    <ele>305.0</ele>
    <time>2025-10-03T22:07:33Z</time>
   </trkpt>
   <trkpt lat="33.7733950" lon="-84.4038100">
    <ele>305.2</ele>
    <time>2025-10-03T22:07:34Z</time>
   </trkpt>
   <trkpt lat="33.7733930" lon="-84.4038010">
    <ele>305.2</ele>
    <time>2025-10-03T22:07:35Z</time>
   </trkpt>
   <trkpt lat="33.7733850" lon="-84.4037720">
    <ele>305.4</ele>
    <time>2025-10-03T22:07:36Z</time>
   </trkpt>
   <trkpt lat="33.7733810" lon="-84.4037600">
    <ele>305.4</ele>
    <time>2025-10-03T22:07:37Z</time>
   </trkpt>
   <trkpt lat="33.7733780" lon="-84.4037490">
    <ele>305.6</ele>
    <time>2025-10-03T22:07:38Z</time>
   </trkpt>
   <trkpt lat="33.7733710" lon="-84.4037230">
    <ele>305.6</ele>
    <time>2025-10-03T22:07:39Z</time>
   </trkpt>
   <trkpt lat="33.7733690" lon="-84.4037150">
    <ele>305.6</ele>
    <time>2025-10-03T22:07:40Z</time>
   </trkpt>
   <trkpt lat="33.7733650" lon="-84.4036980">
    <ele>305.8</ele>
    <time>2025-10-03T22:07:41Z</time>
   </trkpt>
   <trkpt lat="33.7733610" lon="-84.4036810">
    <ele>305.8</ele>
    <time>2025-10-03T22:07:42Z</time>
   </trkpt>
   <trkpt lat="33.7733570" lon="-84.4036640">
    <ele>305.8</ele>
    <time>2025-10-03T22:07:43Z</time>
   </trkpt>
   <trkpt lat="33.7733530" lon="-84.4036470">
    <ele>305.8</ele>
    <time>2025-10-03T22:07:44Z</time>
   </trkpt>
   <trkpt lat="33.7733490" lon="-84.4036300">
    <ele>305.8</ele>
    <time>2025-10-03T22:07:45Z</time>
   </trkpt>
   <trkpt lat="33.7733450" lon="-84.4036140">
    <ele>305.8</ele>
    <time>2025-10-03T22:07:46Z</time>
   </trkpt>
   <trkpt lat="33.7733390" lon="-84.4035900">
    <ele>305.8</ele>
    <time>2025-10-03T22:07:47Z</time>
   </trkpt>
   <trkpt lat="33.7733360" lon="-84.4035830">
    <ele>305.8</ele>
    <time>2025-10-03T22:07:48Z</time>
   </trkpt>
   <trkpt lat="33.7733320" lon="-84.4035670">
    <ele>305.8</ele>
    <time>2025-10-03T22:07:49Z</time>
   </trkpt>
   <trkpt lat="33.7733270" lon="-84.4035520">
    <ele>305.8</ele>
    <time>2025-10-03T22:07:50Z</time>
   </trkpt>
   <trkpt lat="33.7733230" lon="-84.4035360">
    <ele>305.8</ele>
    <time>2025-10-03T22:07:51Z</time>
   </trkpt>
   <trkpt lat="33.7733210" lon="-84.4035210">
    <ele>305.8</ele>
    <time>2025-10-03T22:07:52Z</time>
   </trkpt>
   <trkpt lat="33.7733180" lon="-84.4035050">
    <ele>305.8</ele>
    <time>2025-10-03T22:07:53Z</time>
   </trkpt>
   <trkpt lat="33.7733140" lon="-84.4034770">
    <ele>305.8</ele>
    <time>2025-10-03T22:07:54Z</time>
   </trkpt>
   <trkpt lat="33.7733110" lon="-84.4034650">
    <ele>306.0</ele>
    <time>2025-10-03T22:07:55Z</time>
   </trkpt>
   <trkpt lat="33.7733090" lon="-84.4034540">
    <ele>306.0</ele>
    <time>2025-10-03T22:07:56Z</time>
   </trkpt>
   <trkpt lat="33.7733030" lon="-84.4034290">
    <ele>306.0</ele>
    <time>2025-10-03T22:07:57Z</time>
   </trkpt>
   <trkpt lat="33.7733000" lon="-84.4034210">
    <ele>306.0</ele>
    <time>2025-10-03T22:07:58Z</time>
   </trkpt>
   <trkpt lat="33.7732920" lon="-84.4033940">
    <ele>306.0</ele>
    <time>2025-10-03T22:07:59Z</time>
   </trkpt>
   <trkpt lat="33.7732890" lon="-84.4033840">
    <ele>306.0</ele>
    <time>2025-10-03T22:08:00Z</time>
   </trkpt>
   <trkpt lat="33.7732860" lon="-84.4033730">
    <ele>306.0</ele>
    <time>2025-10-03T22:08:01Z</time>
   </trkpt>
   <trkpt lat="33.7732790" lon="-84.4033490">
    <ele>306.0</ele>
    <time>2025-10-03T22:08:02Z</time>
   </trkpt>
   <trkpt lat="33.7732770" lon="-84.4033410">
    <ele>306.0</ele>
    <time>2025-10-03T22:08:03Z</time>
   </trkpt>
   <trkpt lat="33.7732720" lon="-84.4033250">
    <ele>306.0</ele>
    <time>2025-10-03T22:08:04Z</time>
   </trkpt>
   <trkpt lat="33.7732670" lon="-84.4033100">
    <ele>306.0</ele>
    <time>2025-10-03T22:08:05Z</time>
   </trkpt>
   <trkpt lat="33.7732620" lon="-84.4032940">
    <ele>306.0</ele>
    <time>2025-10-03T22:08:06Z</time>
   </trkpt>
   <trkpt lat="33.7732570" lon="-84.4032780">
    <ele>306.0</ele>
    <time>2025-10-03T22:08:07Z</time>
   </trkpt>
   <trkpt lat="33.7732520" lon="-84.4032630">
    <ele>306.0</ele>
    <time>2025-10-03T22:08:08Z</time>
   </trkpt>
   <trkpt lat="33.7732480" lon="-84.4032480">
    <ele>306.0</ele>
    <time>2025-10-03T22:08:09Z</time>
   </trkpt>
   <trkpt lat="33.7732440" lon="-84.4032340">
    <ele>306.0</ele>
    <time>2025-10-03T22:08:10Z</time>
   </trkpt>
   <trkpt lat="33.7732400" lon="-84.4032210">
    <ele>306.0</ele>
    <time>2025-10-03T22:08:11Z</time>
   </trkpt>
   <trkpt lat="33.7732360" lon="-84.4032070">
    <ele>305.8</ele>
    <time>2025-10-03T22:08:12Z</time>
   </trkpt>
   <trkpt lat="33.7732320" lon="-84.4031920">
    <ele>305.8</ele>
    <time>2025-10-03T22:08:13Z</time>
   </trkpt>
   <trkpt lat="33.7732280" lon="-84.4031760">
    <ele>305.8</ele>
    <time>2025-10-03T22:08:14Z</time>
   </trkpt>
   <trkpt lat="33.7732220" lon="-84.4031520">
    <ele>306.0</ele>
    <time>2025-10-03T22:08:15Z</time>
   </trkpt>
   <trkpt lat="33.7732190" lon="-84.4031440">
    <ele>306.0</ele>
    <time>2025-10-03T22:08:16Z</time>
   </trkpt>
   <trkpt lat="33.7732130" lon="-84.4031290">
    <ele>306.0</ele>
    <time>2025-10-03T22:08:17Z</time>
   </trkpt>
   <trkpt lat="33.7732070" lon="-84.4031130">
    <ele>306.0</ele>
    <time>2025-10-03T22:08:18Z</time>
   </trkpt>
   <trkpt lat="33.7732010" lon="-84.4030980">
    <ele>306.0</ele>
    <time>2025-10-03T22:08:19Z</time>
   </trkpt>
   <trkpt lat="33.7731940" lon="-84.4030760">
    <ele>306.2</ele>
    <time>2025-10-03T22:08:20Z</time>
   </trkpt>
   <trkpt lat="33.7731910" lon="-84.4030690">
    <ele>306.2</ele>
    <time>2025-10-03T22:08:21Z</time>
   </trkpt>
   <trkpt lat="33.7731870" lon="-84.4030550">
    <ele>306.2</ele>
    <time>2025-10-03T22:08:22Z</time>
   </trkpt>
   <trkpt lat="33.7731820" lon="-84.4030410">
    <ele>306.2</ele>
    <time>2025-10-03T22:08:23Z</time>
   </trkpt>
   <trkpt lat="33.7731760" lon="-84.4030270">
    <ele>306.4</ele>
    <time>2025-10-03T22:08:24Z</time>
   </trkpt>
   <trkpt lat="33.7731690" lon="-84.4030140">
    <ele>306.4</ele>
    <time>2025-10-03T22:08:25Z</time>
   </trkpt>
   <trkpt lat="33.7731620" lon="-84.4030010">
    <ele>306.4</ele>
    <time>2025-10-03T22:08:26Z</time>
   </trkpt>
   <trkpt lat="33.7731540" lon="-84.4029870">
    <ele>306.4</ele>
    <time>2025-10-03T22:08:27Z</time>
   </trkpt>
   <trkpt lat="33.7731470" lon="-84.4029730">
    <ele>306.6</ele>
    <time>2025-10-03T22:08:28Z</time>
   </trkpt>
   <trkpt lat="33.7731410" lon="-84.4029590">
    <ele>306.6</ele>
    <time>2025-10-03T22:08:29Z</time>
   </trkpt>
   <trkpt lat="33.7731350" lon="-84.4029440">
    <ele>306.6</ele>
    <time>2025-10-03T22:08:30Z</time>
   </trkpt>
   <trkpt lat="33.7731300" lon="-84.4029280">
    <ele>306.4</ele>
    <time>2025-10-03T22:08:31Z</time>
   </trkpt>
   <trkpt lat="33.7731240" lon="-84.4029020">
    <ele>306.4</ele>
    <time>2025-10-03T22:08:32Z</time>
   </trkpt>
   <trkpt lat="33.7731210" lon="-84.4028910">
    <ele>306.4</ele>
    <time>2025-10-03T22:08:33Z</time>
   </trkpt>
   <trkpt lat="33.7731190" lon="-84.4028810">
    <ele>306.2</ele>
    <time>2025-10-03T22:08:34Z</time>
   </trkpt>
   <trkpt lat="33.7731150" lon="-84.4028660">
    <ele>306.2</ele>
    <time>2025-10-03T22:08:35Z</time>
   </trkpt>
   <trkpt lat="33.7731090" lon="-84.4028510">
    <ele>306.2</ele>
    <time>2025-10-03T22:08:36Z</time>
   </trkpt>
   <trkpt lat="33.7731040" lon="-84.4028360">
    <ele>306.0</ele>
    <time>2025-10-03T22:08:37Z</time>
   </trkpt>
   <trkpt lat="33.7730980" lon="-84.4028220">
    <ele>306.0</ele>
    <time>2025-10-03T22:08:38Z</time>
   </trkpt>
   <trkpt lat="33.7730940" lon="-84.4028070">
    <ele>305.8</ele>
    <time>2025-10-03T22:08:39Z</time>
   </trkpt>
   <trkpt lat="33.7730880" lon="-84.4027930">
    <ele>305.8</ele>
    <time>2025-10-03T22:08:40Z</time>
   </trkpt>
   <trkpt lat="33.7730830" lon="-84.4027790">
    <ele>305.6</ele>
    <time>2025-10-03T22:08:41Z</time>
   </trkpt>
   <trkpt lat="33.7730770" lon="-84.4027650">
    <ele>305.6</ele>
    <time>2025-10-03T22:08:42Z</time>
   </trkpt>
   <trkpt lat="33.7730720" lon="-84.4027510">
    <ele>305.4</ele>
    <time>2025-10-03T22:08:43Z</time>
   </trkpt>
   <trkpt lat="33.7730660" lon="-84.4027360">
    <ele>305.4</ele>
    <time>2025-10-03T22:08:44Z</time>
   </trkpt>
   <trkpt lat="33.7730560" lon="-84.4027100">
    <ele>305.2</ele>
    <time>2025-10-03T22:08:45Z</time>
   </trkpt>
   <trkpt lat="33.7730510" lon="-84.4026990">
    <ele>305.2</ele>
    <time>2025-10-03T22:08:46Z</time>
   </trkpt>
   <trkpt lat="33.7730470" lon="-84.4026890">
    <ele>305.0</ele>
    <time>2025-10-03T22:08:47Z</time>
   </trkpt>
   <trkpt lat="33.7730410" lon="-84.4026740">
    <ele>305.0</ele>
    <time>2025-10-03T22:08:48Z</time>
   </trkpt>
   <trkpt lat="33.7730340" lon="-84.4026590">
    <ele>304.8</ele>
    <time>2025-10-03T22:08:49Z</time>
   </trkpt>
   <trkpt lat="33.7730280" lon="-84.4026430">
    <ele>304.8</ele>
    <time>2025-10-03T22:08:50Z</time>
   </trkpt>
   <trkpt lat="33.7730220" lon="-84.4026270">
    <ele>304.8</ele>
    <time>2025-10-03T22:08:51Z</time>
   </trkpt>
   <trkpt lat="33.7730160" lon="-84.4026120">
    <ele>304.6</ele>
    <time>2025-10-03T22:08:52Z</time>
   </trkpt>
   <trkpt lat="33.7730060" lon="-84.4025880">
    <ele>304.6</ele>
    <time>2025-10-03T22:08:53Z</time>
   </trkpt>
   <trkpt lat="33.7730030" lon="-84.4025810">
    <ele>304.6</ele>
    <time>2025-10-03T22:08:54Z</time>
   </trkpt>
   <trkpt lat="33.7729940" lon="-84.4025530">
    <ele>304.4</ele>
    <time>2025-10-03T22:08:55Z</time>
   </trkpt>
   <trkpt lat="33.7729890" lon="-84.4025430">
    <ele>304.4</ele>
    <time>2025-10-03T22:08:56Z</time>
   </trkpt>
   <trkpt lat="33.7729850" lon="-84.4025320">
    <ele>304.4</ele>
    <time>2025-10-03T22:08:57Z</time>
   </trkpt>
   <trkpt lat="33.7729750" lon="-84.4025070">
    <ele>304.4</ele>
    <time>2025-10-03T22:08:58Z</time>
   </trkpt>
   <trkpt lat="33.7729700" lon="-84.4024960">
    <ele>304.6</ele>
    <time>2025-10-03T22:08:59Z</time>
   </trkpt>
   <trkpt lat="33.7729660" lon="-84.4024860">
    <ele>304.6</ele>
    <time>2025-10-03T22:09:00Z</time>
   </trkpt>
   <trkpt lat="33.7729610" lon="-84.4024710">
    <ele>304.6</ele>
    <time>2025-10-03T22:09:01Z</time>
   </trkpt>
   <trkpt lat="33.7729550" lon="-84.4024560">
    <ele>304.8</ele>
    <time>2025-10-03T22:09:02Z</time>
   </trkpt>
   <trkpt lat="33.7729500" lon="-84.4024410">
    <ele>304.8</ele>
    <time>2025-10-03T22:09:03Z</time>
   </trkpt>
   <trkpt lat="33.7729450" lon="-84.4024270">
    <ele>304.8</ele>
    <time>2025-10-03T22:09:04Z</time>
   </trkpt>
   <trkpt lat="33.7729400" lon="-84.4024140">
    <ele>305.0</ele>
    <time>2025-10-03T22:09:05Z</time>
   </trkpt>
   <trkpt lat="33.7729300" lon="-84.4023960">
    <ele>305.0</ele>
    <time>2025-10-03T22:09:06Z</time>
   </trkpt>
   <trkpt lat="33.7729270" lon="-84.4023900">
    <ele>305.0</ele>
    <time>2025-10-03T22:09:07Z</time>
   </trkpt>
   <trkpt lat="33.7729190" lon="-84.4023780">
    <ele>305.2</ele>
    <time>2025-10-03T22:09:08Z</time>
   </trkpt>
   <trkpt lat="33.7729120" lon="-84.4023650">
    <ele>305.2</ele>
    <time>2025-10-03T22:09:09Z</time>
   </trkpt>
   <trkpt lat="33.7729030" lon="-84.4023520">
    <ele>305.2</ele>
    <time>2025-10-03T22:09:10Z</time>
   </trkpt>
   <trkpt lat="33.7728890" lon="-84.4023320">
    <ele>305.2</ele>
    <time>2025-10-03T22:09:11Z</time>
   </trkpt>
   <trkpt lat="33.7728840" lon="-84.4023250">
    <ele>305.4</ele>
    <time>2025-10-03T22:09:12Z</time>
   </trkpt>
   <trkpt lat="33.7728750" lon="-84.4023120">
    <ele>305.4</ele>
    <time>2025-10-03T22:09:13Z</time>
   </trkpt>
   <trkpt lat="33.7728650" lon="-84.4022980">
    <ele>305.2</ele>
    <time>2025-10-03T22:09:14Z</time>
   </trkpt>
   <trkpt lat="33.7728550" lon="-84.4022850">
    <ele>305.2</ele>
    <time>2025-10-03T22:09:15Z</time>
   </trkpt>
   <trkpt lat="33.7728400" lon="-84.4022650">
    <ele>305.2</ele>
    <time>2025-10-03T22:09:16Z</time>
   </trkpt>
   <trkpt lat="33.7728350" lon="-84.4022590">
    <ele>305.2</ele>
    <time>2025-10-03T22:09:17Z</time>
   </trkpt>
   <trkpt lat="33.7728250" lon="-84.4022460">
    <ele>305.0</ele>
    <time>2025-10-03T22:09:18Z</time>
   </trkpt>
   <trkpt lat="33.7728150" lon="-84.4022330">
    <ele>305.0</ele>
    <time>2025-10-03T22:09:19Z</time>
   </trkpt>
   <trkpt lat="33.7728050" lon="-84.4022190">
    <ele>304.8</ele>
    <time>2025-10-03T22:09:20Z</time>
   </trkpt>
   <trkpt lat="33.7727960" lon="-84.4022050">
    <ele>304.8</ele>
    <time>2025-10-03T22:09:21Z</time>
   </trkpt>
   <trkpt lat="33.7727870" lon="-84.4021910">
    <ele>304.8</ele>
    <time>2025-10-03T22:09:22Z</time>
   </trkpt>
   <trkpt lat="33.7727790" lon="-84.4021760">
    <ele>304.6</ele>
    <time>2025-10-03T22:09:23Z</time>
   </trkpt>
   <trkpt lat="33.7727700" lon="-84.4021610">
    <ele>304.6</ele>
    <time>2025-10-03T22:09:24Z</time>
   </trkpt>
   <trkpt lat="33.7727600" lon="-84.4021470">
    <ele>304.6</ele>
    <time>2025-10-03T22:09:25Z</time>
   </trkpt>
   <trkpt lat="33.7727450" lon="-84.4021250">
    <ele>304.4</ele>
    <time>2025-10-03T22:09:26Z</time>
   </trkpt>
   <trkpt lat="33.7727390" lon="-84.4021160">
    <ele>304.4</ele>
    <time>2025-10-03T22:09:27Z</time>
   </trkpt>
   <trkpt lat="33.7727330" lon="-84.4021070">
    <ele>304.4</ele>
    <time>2025-10-03T22:09:28Z</time>
   </trkpt>
   <trkpt lat="33.7727200" lon="-84.4020870">
    <ele>304.4</ele>
    <time>2025-10-03T22:09:29Z</time>
   </trkpt>
   <trkpt lat="33.7727150" lon="-84.4020800">
    <ele>304.4</ele>
    <time>2025-10-03T22:09:30Z</time>
   </trkpt>
   <trkpt lat="33.7727010" lon="-84.4020580">
    <ele>304.4</ele>
    <time>2025-10-03T22:09:31Z</time>
   </trkpt>
   <trkpt lat="33.7726950" lon="-84.4020490">
    <ele>304.4</ele>
    <time>2025-10-03T22:09:32Z</time>
   </trkpt>
   <trkpt lat="33.7726890" lon="-84.4020400">
    <ele>304.4</ele>
    <time>2025-10-03T22:09:33Z</time>
   </trkpt>
   <trkpt lat="33.7726810" lon="-84.4020270">
    <ele>304.4</ele>
    <time>2025-10-03T22:09:34Z</time>
   </trkpt>
   <trkpt lat="33.7726720" lon="-84.4020130">
    <ele>304.4</ele>
    <time>2025-10-03T22:09:35Z</time>
   </trkpt>
   <trkpt lat="33.7726630" lon="-84.4019990">
    <ele>304.4</ele>
    <time>2025-10-03T22:09:36Z</time>
   </trkpt>
   <trkpt lat="33.7726550" lon="-84.4019840">
    <ele>304.4</ele>
    <time>2025-10-03T22:09:37Z</time>
   </trkpt>
   <trkpt lat="33.7726460" lon="-84.4019690">
    <ele>304.4</ele>
    <time>2025-10-03T22:09:38Z</time>
   </trkpt>
   <trkpt lat="33.7726340" lon="-84.4019470">
    <ele>304.4</ele>
    <time>2025-10-03T22:09:39Z</time>
   </trkpt>
   <trkpt lat="33.7726290" lon="-84.4019400">
    <ele>304.4</ele>
    <time>2025-10-03T22:09:40Z</time>
   </trkpt>
   <trkpt lat="33.7726210" lon="-84.4019260">
    <ele>304.4</ele>
    <time>2025-10-03T22:09:41Z</time>
   </trkpt>
   <trkpt lat="33.7726120" lon="-84.4019120">
    <ele>304.4</ele>
    <time>2025-10-03T22:09:42Z</time>
   </trkpt>
   <trkpt lat="33.7726030" lon="-84.4018980">
    <ele>304.4</ele>
    <time>2025-10-03T22:09:43Z</time>
   </trkpt>
   <trkpt lat="33.7725910" lon="-84.4018800">
    <ele>304.4</ele>
    <time>2025-10-03T22:09:44Z</time>
   </trkpt>
   <trkpt lat="33.7725860" lon="-84.4018740">
    <ele>304.4</ele>
    <time>2025-10-03T22:09:45Z</time>
   </trkpt>
   <trkpt lat="33.7725710" lon="-84.4018550">
    <ele>304.6</ele>
    <time>2025-10-03T22:09:46Z</time>
   </trkpt>
   <trkpt lat="33.7725660" lon="-84.4018470">
    <ele>304.6</ele>
    <time>2025-10-03T22:09:47Z</time>
   </trkpt>
   <trkpt lat="33.7725600" lon="-84.4018390">
    <ele>304.6</ele>
    <time>2025-10-03T22:09:48Z</time>
   </trkpt>
   <trkpt lat="33.7725510" lon="-84.4018270">
    <ele>304.6</ele>
    <time>2025-10-03T22:09:49Z</time>
   </trkpt>
   <trkpt lat="33.7725430" lon="-84.4018140">
    <ele>304.6</ele>
    <time>2025-10-03T22:09:50Z</time>
   </trkpt>
   <trkpt lat="33.7725330" lon="-84.4018020">
    <ele>304.6</ele>
    <time>2025-10-03T22:09:51Z</time>
   </trkpt>
   <trkpt lat="33.7725200" lon="-84.4017820">
    <ele>304.8</ele>
    <time>2025-10-03T22:09:52Z</time>
   </trkpt>
   <trkpt lat="33.7725150" lon="-84.4017760">
    <ele>304.8</ele>
    <time>2025-10-03T22:09:53Z</time>
   </trkpt>
   <trkpt lat="33.7725060" lon="-84.4017630">
    <ele>304.8</ele>
    <time>2025-10-03T22:09:54Z</time>
   </trkpt>
   <trkpt lat="33.7724970" lon="-84.4017510">
    <ele>305.0</ele>
    <time>2025-10-03T22:09:55Z</time>
   </trkpt>
   <trkpt lat="33.7724880" lon="-84.4017390">
    <ele>305.0</ele>
    <time>2025-10-03T22:09:56Z</time>
   </trkpt>
   <trkpt lat="33.7724750" lon="-84.4017190">
    <ele>305.2</ele>
    <time>2025-10-03T22:09:57Z</time>
   </trkpt>
   <trkpt lat="33.7724710" lon="-84.4017120">
    <ele>305.2</ele>
    <time>2025-10-03T22:09:58Z</time>
   </trkpt>
   <trkpt lat="33.7724630" lon="-84.4016980">
    <ele>305.4</ele>
    <time>2025-10-03T22:09:59Z</time>
   </trkpt>
   <trkpt lat="33.7724550" lon="-84.4016850">
    <ele>305.4</ele>
    <time>2025-10-03T22:10:00Z</time>
   </trkpt>
   <trkpt lat="33.7724470" lon="-84.4016710">
    <ele>305.4</ele>
    <time>2025-10-03T22:10:01Z</time>
   </trkpt>
   <trkpt lat="33.7724360" lon="-84.4016500">
    <ele>305.6</ele>
    <time>2025-10-03T22:10:02Z</time>
   </trkpt>
   <trkpt lat="33.7724320" lon="-84.4016440">
    <ele>305.6</ele>
    <time>2025-10-03T22:10:03Z</time>
   </trkpt>
   <trkpt lat="33.7724250" lon="-84.4016310">
    <ele>305.6</ele>
    <time>2025-10-03T22:10:04Z</time>
   </trkpt>
   <trkpt lat="33.7724180" lon="-84.4016180">
    <ele>305.6</ele>
    <time>2025-10-03T22:10:05Z</time>
   </trkpt>
   <trkpt lat="33.7724120" lon="-84.4016050">
    <ele>305.6</ele>
    <time>2025-10-03T22:10:06Z</time>
   </trkpt>
   <trkpt lat="33.7724050" lon="-84.4015940">
    <ele>305.6</ele>
    <time>2025-10-03T22:10:07Z</time>
   </trkpt>
   <trkpt lat="33.7723980" lon="-84.4015830">
    <ele>305.4</ele>
    <time>2025-10-03T22:10:08Z</time>
   </trkpt>
   <trkpt lat="33.7723900" lon="-84.4015720">
    <ele>305.4</ele>
    <time>2025-10-03T22:10:09Z</time>
   </trkpt>
   <trkpt lat="33.7723810" lon="-84.4015600">
    <ele>305.4</ele>
    <time>2025-10-03T22:10:10Z</time>
   </trkpt>
   <trkpt lat="33.7723720" lon="-84.4015490">
    <ele>305.2</ele>
    <time>2025-10-03T22:10:11Z</time>
   </trkpt>
   <trkpt lat="33.7723560" lon="-84.4015340">
    <ele>305.2</ele>
    <time>2025-10-03T22:10:12Z</time>
   </trkpt>
   <trkpt lat="33.7723500" lon="-84.4015290">
    <ele>305.0</ele>
    <time>2025-10-03T22:10:13Z</time>
   </trkpt>
   <trkpt lat="33.7723330" lon="-84.4015100">
    <ele>304.8</ele>
    <time>2025-10-03T22:10:14Z</time>
   </trkpt>
   <trkpt lat="33.7723260" lon="-84.4015010">
    <ele>304.8</ele>
    <time>2025-10-03T22:10:15Z</time>
   </trkpt>
   <trkpt lat="33.7723200" lon="-84.4014920">
    <ele>304.6</ele>
    <time>2025-10-03T22:10:16Z</time>
   </trkpt>
   <trkpt lat="33.7723060" lon="-84.4014670">
    <ele>304.4</ele>
    <time>2025-10-03T22:10:17Z</time>
   </trkpt>
   <trkpt lat="33.7723010" lon="-84.4014580">
    <ele>304.2</ele>
    <time>2025-10-03T22:10:18Z</time>
   </trkpt>
   <trkpt lat="33.7722950" lon="-84.4014480">
    <ele>304.0</ele>
    <time>2025-10-03T22:10:19Z</time>
   </trkpt>
   <trkpt lat="33.7722850" lon="-84.4014360">
    <ele>304.0</ele>
    <time>2025-10-03T22:10:20Z</time>
   </trkpt>
   <trkpt lat="33.7722760" lon="-84.4014250">
    <ele>303.8</ele>
    <time>2025-10-03T22:10:21Z</time>
   </trkpt>
   <trkpt lat="33.7722660" lon="-84.4014150">
    <ele>303.6</ele>
    <time>2025-10-03T22:10:22Z</time>
   </trkpt>
   <trkpt lat="33.7722550" lon="-84.4014060">
    <ele>303.6</ele>
    <time>2025-10-03T22:10:23Z</time>
   </trkpt>
   <trkpt lat="33.7722450" lon="-84.4013960">
    <ele>303.4</ele>
    <time>2025-10-03T22:10:24Z</time>
   </trkpt>
   <trkpt lat="33.7722350" lon="-84.4013860">
    <ele>303.4</ele>
    <time>2025-10-03T22:10:25Z</time>
   </trkpt>
   <trkpt lat="33.7722250" lon="-84.4013770">
    <ele>303.4</ele>
    <time>2025-10-03T22:10:26Z</time>
   </trkpt>
   <trkpt lat="33.7722150" lon="-84.4013690">
    <ele>303.2</ele>
    <time>2025-10-03T22:10:27Z</time>
   </trkpt>
   <trkpt lat="33.7722060" lon="-84.4013600">
    <ele>303.2</ele>
    <time>2025-10-03T22:10:28Z</time>
   </trkpt>
   <trkpt lat="33.7721970" lon="-84.4013520">
    <ele>303.2</ele>
    <time>2025-10-03T22:10:29Z</time>
   </trkpt>
   <trkpt lat="33.7721860" lon="-84.4013420">
    <ele>303.2</ele>
    <time>2025-10-03T22:10:30Z</time>
   </trkpt>
   <trkpt lat="33.7721760" lon="-84.4013330">
    <ele>303.2</ele>
    <time>2025-10-03T22:10:31Z</time>
   </trkpt>
   <trkpt lat="33.7721660" lon="-84.4013240">
    <ele>303.2</ele>
    <time>2025-10-03T22:10:32Z</time>
   </trkpt>
   <trkpt lat="33.7721580" lon="-84.4013150">
    <ele>303.2</ele>
    <time>2025-10-03T22:10:33Z</time>
   </trkpt>
   <trkpt lat="33.7721520" lon="-84.4013050">
    <ele>303.2</ele>
    <time>2025-10-03T22:10:34Z</time>
   </trkpt>
   <trkpt lat="33.7721450" lon="-84.4012940">
    <ele>303.2</ele>
    <time>2025-10-03T22:10:35Z</time>
   </trkpt>
   <trkpt lat="33.7721380" lon="-84.4012820">
    <ele>303.4</ele>
    <time>2025-10-03T22:10:36Z</time>
   </trkpt>
   <trkpt lat="33.7721300" lon="-84.4012700">
    <ele>303.4</ele>
    <time>2025-10-03T22:10:37Z</time>
   </trkpt>
   <trkpt lat="33.7721220" lon="-84.4012570">
    <ele>303.4</ele>
    <time>2025-10-03T22:10:38Z</time>
   </trkpt>
   <trkpt lat="33.7721130" lon="-84.4012440">
    <ele>303.4</ele>
    <time>2025-10-03T22:10:39Z</time>
   </trkpt>
   <trkpt lat="33.7721030" lon="-84.4012310">
    <ele>303.4</ele>
    <time>2025-10-03T22:10:40Z</time>
   </trkpt>
   <trkpt lat="33.7720920" lon="-84.4012170">
    <ele>303.4</ele>
    <time>2025-10-03T22:10:41Z</time>
   </trkpt>
   <trkpt lat="33.7720810" lon="-84.4012040">
    <ele>303.4</ele>
    <time>2025-10-03T22:10:42Z</time>
   </trkpt>
   <trkpt lat="33.7720630" lon="-84.4011840">
    <ele>303.4</ele>
    <time>2025-10-03T22:10:43Z</time>
   </trkpt>
   <trkpt lat="33.7720570" lon="-84.4011780">
    <ele>303.4</ele>
    <time>2025-10-03T22:10:44Z</time>
   </trkpt>
   <trkpt lat="33.7720390" lon="-84.4011540">
    <ele>303.4</ele>
    <time>2025-10-03T22:10:45Z</time>
   </trkpt>
   <trkpt lat="33.7720320" lon="-84.4011450">
    <ele>303.4</ele>
    <time>2025-10-03T22:10:46Z</time>
   </trkpt>
   <trkpt lat="33.7720250" lon="-84.4011360">
    <ele>303.4</ele>
    <time>2025-10-03T22:10:47Z</time>
   </trkpt>
   <trkpt lat="33.7720130" lon="-84.4011240">
    <ele>303.2</ele>
    <time>2025-10-03T22:10:48Z</time>
   </trkpt>
   <trkpt lat="33.7720020" lon="-84.4011130">
    <ele>303.2</ele>
    <time>2025-10-03T22:10:49Z</time>
   </trkpt>
   <trkpt lat="33.7719820" lon="-84.4010950">
    <ele>303.0</ele>
    <time>2025-10-03T22:10:50Z</time>
   </trkpt>
   <trkpt lat="33.7719750" lon="-84.4010870">
    <ele>303.0</ele>
    <time>2025-10-03T22:10:51Z</time>
   </trkpt>
   <trkpt lat="33.7719670" lon="-84.4010800">
    <ele>302.8</ele>
    <time>2025-10-03T22:10:52Z</time>
   </trkpt>
   <trkpt lat="33.7719510" lon="-84.4010630">
    <ele>302.8</ele>
    <time>2025-10-03T22:10:53Z</time>
   </trkpt>
   <trkpt lat="33.7719450" lon="-84.4010580">
    <ele>302.8</ele>
    <time>2025-10-03T22:10:54Z</time>
   </trkpt>
   <trkpt lat="33.7719280" lon="-84.4010390">
    <ele>302.8</ele>
    <time>2025-10-03T22:10:55Z</time>
   </trkpt>
   <trkpt lat="33.7719220" lon="-84.4010310">
    <ele>302.8</ele>
    <time>2025-10-03T22:10:56Z</time>
   </trkpt>
   <trkpt lat="33.7719150" lon="-84.4010220">
    <ele>302.6</ele>
    <time>2025-10-03T22:10:57Z</time>
   </trkpt>
   <trkpt lat="33.7719090" lon="-84.4010140">
    <ele>302.6</ele>
    <time>2025-10-03T22:10:58Z</time>
   </trkpt>
   <trkpt lat="33.7719020" lon="-84.4010060">
    <ele>302.6</ele>
    <time>2025-10-03T22:10:59Z</time>
   </trkpt>
   <trkpt lat="33.7718870" lon="-84.4009880">
    <ele>302.6</ele>
    <time>2025-10-03T22:11:00Z</time>
   </trkpt>
   <trkpt lat="33.7718790" lon="-84.4009780">
    <ele>302.6</ele>
    <time>2025-10-03T22:11:01Z</time>
   </trkpt>
   <trkpt lat="33.7718720" lon="-84.4009690">
    <ele>302.8</ele>
    <time>2025-10-03T22:11:02Z</time>
   </trkpt>
   <trkpt lat="33.7718640" lon="-84.4009600">
    <ele>302.8</ele>
    <time>2025-10-03T22:11:03Z</time>
   </trkpt>
   <trkpt lat="33.7718570" lon="-84.4009500">
    <ele>302.8</ele>
    <time>2025-10-03T22:11:04Z</time>
   </trkpt>
   <trkpt lat="33.7718490" lon="-84.4009410">
    <ele>302.8</ele>
    <time>2025-10-03T22:11:05Z</time>
   </trkpt>
   <trkpt lat="33.7718360" lon="-84.4009240">
    <ele>302.8</ele>
    <time>2025-10-03T22:11:06Z</time>
   </trkpt>
   <trkpt lat="33.7718310" lon="-84.4009190">
    <ele>302.8</ele>
    <time>2025-10-03T22:11:07Z</time>
   </trkpt>
   <trkpt lat="33.7718220" lon="-84.4009080">
    <ele>302.8</ele>
    <time>2025-10-03T22:11:08Z</time>
   </trkpt>
   <trkpt lat="33.7718110" lon="-84.4008960">
    <ele>303.0</ele>
    <time>2025-10-03T22:11:09Z</time>
   </trkpt>
   <trkpt lat="33.7718020" lon="-84.4008840">
    <ele>303.0</ele>
    <time>2025-10-03T22:11:10Z</time>
   </trkpt>
   <trkpt lat="33.7717880" lon="-84.4008640">
    <ele>303.0</ele>
    <time>2025-10-03T22:11:11Z</time>
   </trkpt>
   <trkpt lat="33.7717830" lon="-84.4008580">
    <ele>303.2</ele>
    <time>2025-10-03T22:11:12Z</time>
   </trkpt>
   <trkpt lat="33.7717660" lon="-84.4008360">
    <ele>303.2</ele>
    <time>2025-10-03T22:11:13Z</time>
   </trkpt>
   <trkpt lat="33.7717580" lon="-84.4008270">
    <ele>303.4</ele>
    <time>2025-10-03T22:11:14Z</time>
   </trkpt>
   <trkpt lat="33.7717510" lon="-84.4008180">
    <ele>303.4</ele>
    <time>2025-10-03T22:11:15Z</time>
   </trkpt>
   <trkpt lat="33.7717350" lon="-84.4007990">
    <ele>303.6</ele>
    <time>2025-10-03T22:11:16Z</time>
   </trkpt>
   <trkpt lat="33.7717290" lon="-84.4007930">
    <ele>303.6</ele>
    <time>2025-10-03T22:11:17Z</time>
   </trkpt>
   <trkpt lat="33.7717180" lon="-84.4007810">
    <ele>303.8</ele>
    <time>2025-10-03T22:11:18Z</time>
   </trkpt>
   <trkpt lat="33.7717070" lon="-84.4007700">
    <ele>303.8</ele>
    <time>2025-10-03T22:11:19Z</time>
   </trkpt>
   <trkpt lat="33.7716950" lon="-84.4007580">
    <ele>303.8</ele>
    <time>2025-10-03T22:11:20Z</time>
   </trkpt>
   <trkpt lat="33.7716790" lon="-84.4007410">
    <ele>304.0</ele>
    <time>2025-10-03T22:11:21Z</time>
   </trkpt>
   <trkpt lat="33.7716730" lon="-84.4007360">
    <ele>304.0</ele>
    <time>2025-10-03T22:11:22Z</time>
   </trkpt>
   <trkpt lat="33.7716550" lon="-84.4007190">
    <ele>304.0</ele>
    <time>2025-10-03T22:11:23Z</time>
   </trkpt>
   <trkpt lat="33.7716480" lon="-84.4007110">
    <ele>304.0</ele>
    <time>2025-10-03T22:11:24Z</time>
   </trkpt>
   <trkpt lat="33.7716410" lon="-84.4007040">
    <ele>304.2</ele>
    <time>2025-10-03T22:11:25Z</time>
   </trkpt>
   <trkpt lat="33.7716300" lon="-84.4006930">
    <ele>304.2</ele>
    <time>2025-10-03T22:11:26Z</time>
   </trkpt>
   <trkpt lat="33.7716200" lon="-84.4006830">
    <ele>304.2</ele>
    <time>2025-10-03T22:11:27Z</time>
   </trkpt>
   <trkpt lat="33.7716010" lon="-84.4006630">
    <ele>304.0</ele>
    <time>2025-10-03T22:11:28Z</time>
   </trkpt>
   <trkpt lat="33.7715930" lon="-84.4006560">
    <ele>304.0</ele>
    <time>2025-10-03T22:11:29Z</time>
   </trkpt>
   <trkpt lat="33.7715860" lon="-84.4006480">
    <ele>304.0</ele>
    <time>2025-10-03T22:11:30Z</time>
   </trkpt>
   <trkpt lat="33.7715770" lon="-84.4006380">
    <ele>304.0</ele>
    <time>2025-10-03T22:11:31Z</time>
   </trkpt>
   <trkpt lat="33.7715680" lon="-84.4006260">
    <ele>303.8</ele>
    <time>2025-10-03T22:11:32Z</time>
   </trkpt>
   <trkpt lat="33.7715590" lon="-84.4006140">
    <ele>303.8</ele>
    <time>2025-10-03T22:11:33Z</time>
   </trkpt>
   <trkpt lat="33.7715500" lon="-84.4006030">
    <ele>303.8</ele>
    <time>2025-10-03T22:11:34Z</time>
   </trkpt>
   <trkpt lat="33.7715400" lon="-84.4005930">
    <ele>303.6</ele>
    <time>2025-10-03T22:11:35Z</time>
   </trkpt>
   <trkpt lat="33.7715230" lon="-84.4005770">
    <ele>303.6</ele>
    <time>2025-10-03T22:11:36Z</time>
   </trkpt>
   <trkpt lat="33.7715150" lon="-84.4005710">
    <ele>303.4</ele>
    <time>2025-10-03T22:11:37Z</time>
   </trkpt>
   <trkpt lat="33.7715080" lon="-84.4005640">
    <ele>303.4</ele>
    <time>2025-10-03T22:11:38Z</time>
   </trkpt>
   <trkpt lat="33.7714960" lon="-84.4005540">
    <ele>303.2</ele>
    <time>2025-10-03T22:11:39Z</time>
   </trkpt>
   <trkpt lat="33.7714850" lon="-84.4005440">
    <ele>303.2</ele>
    <time>2025-10-03T22:11:40Z</time>
   </trkpt>
   <trkpt lat="33.7714750" lon="-84.4005340">
    <ele>303.0</ele>
    <time>2025-10-03T22:11:41Z</time>
   </trkpt>
   <trkpt lat="33.7714640" lon="-84.4005240">
    <ele>303.0</ele>
    <time>2025-10-03T22:11:42Z</time>
   </trkpt>
   <trkpt lat="33.7714530" lon="-84.4005140">
    <ele>302.8</ele>
    <time>2025-10-03T22:11:43Z</time>
   </trkpt>
   <trkpt lat="33.7714400" lon="-84.4004980">
    <ele>302.8</ele>
    <time>2025-10-03T22:11:44Z</time>
   </trkpt>
   <trkpt lat="33.7714350" lon="-84.4004930">
    <ele>302.6</ele>
    <time>2025-10-03T22:11:45Z</time>
   </trkpt>
   <trkpt lat="33.7714270" lon="-84.4004810">
    <ele>302.6</ele>
    <time>2025-10-03T22:11:46Z</time>
   </trkpt>
   <trkpt lat="33.7714190" lon="-84.4004700">
    <ele>302.6</ele>
    <time>2025-10-03T22:11:47Z</time>
   </trkpt>
   <trkpt lat="33.7714110" lon="-84.4004580">
    <ele>302.6</ele>
    <time>2025-10-03T22:11:48Z</time>
   </trkpt>
   <trkpt lat="33.7714020" lon="-84.4004470">
    <ele>302.4</ele>
    <time>2025-10-03T22:11:49Z</time>
   </trkpt>
   <trkpt lat="33.7713930" lon="-84.4004350">
    <ele>302.4</ele>
    <time>2025-10-03T22:11:50Z</time>
   </trkpt>
   <trkpt lat="33.7713830" lon="-84.4004240">
    <ele>302.4</ele>
    <time>2025-10-03T22:11:51Z</time>
   </trkpt>
   <trkpt lat="33.7713730" lon="-84.4004120">
    <ele>302.2</ele>
    <time>2025-10-03T22:11:52Z</time>
   </trkpt>
   <trkpt lat="33.7713640" lon="-84.4004010">
    <ele>302.2</ele>
    <time>2025-10-03T22:11:53Z</time>
   </trkpt>
   <trkpt lat="33.7713540" lon="-84.4003900">
    <ele>302.2</ele>
    <time>2025-10-03T22:11:54Z</time>
   </trkpt>
   <trkpt lat="33.7713440" lon="-84.4003790">
    <ele>302.2</ele>
    <time>2025-10-03T22:11:55Z</time>
   </trkpt>
   <trkpt lat="33.7713340" lon="-84.4003680">
    <ele>302.2</ele>
    <time>2025-10-03T22:11:56Z</time>
   </trkpt>
   <trkpt lat="33.7713240" lon="-84.4003570">
    <ele>302.2</ele>
    <time>2025-10-03T22:11:57Z</time>
   </trkpt>
   <trkpt lat="33.7713140" lon="-84.4003460">
    <ele>302.2</ele>
    <time>2025-10-03T22:11:58Z</time>
   </trkpt>
   <trkpt lat="33.7713030" lon="-84.4003350">
    <ele>302.2</ele>
    <time>2025-10-03T22:11:59Z</time>
   </trkpt>
   <trkpt lat="33.7712930" lon="-84.4003240">
    <ele>302.2</ele>
    <time>2025-10-03T22:12:00Z</time>
   </trkpt>
   <trkpt lat="33.7712820" lon="-84.4003120">
    <ele>302.2</ele>
    <time>2025-10-03T22:12:01Z</time>
   </trkpt>
   <trkpt lat="33.7712720" lon="-84.4003000">
    <ele>302.2</ele>
    <time>2025-10-03T22:12:02Z</time>
   </trkpt>
   <trkpt lat="33.7712620" lon="-84.4002890">
    <ele>302.2</ele>
    <time>2025-10-03T22:12:03Z</time>
   </trkpt>
   <trkpt lat="33.7712440" lon="-84.4002710">
    <ele>302.4</ele>
    <time>2025-10-03T22:12:04Z</time>
   </trkpt>
   <trkpt lat="33.7712380" lon="-84.4002640">
    <ele>302.4</ele>
    <time>2025-10-03T22:12:05Z</time>
   </trkpt>
   <trkpt lat="33.7712310" lon="-84.4002570">
    <ele>302.4</ele>
    <time>2025-10-03T22:12:06Z</time>
   </trkpt>
   <trkpt lat="33.7712220" lon="-84.4002470">
    <ele>302.6</ele>
    <time>2025-10-03T22:12:07Z</time>
   </trkpt>
   <trkpt lat="33.7712120" lon="-84.4002350">
    <ele>302.6</ele>
    <time>2025-10-03T22:12:08Z</time>
   </trkpt>
   <trkpt lat="33.7711960" lon="-84.4002170">
    <ele>302.6</ele>
    <time>2025-10-03T22:12:09Z</time>
   </trkpt>
   <trkpt lat="33.7711900" lon="-84.4002110">
    <ele>302.6</ele>
    <time>2025-10-03T22:12:10Z</time>
   </trkpt>
   <trkpt lat="33.7711830" lon="-84.4002040">
    <ele>302.6</ele>
    <time>2025-10-03T22:12:11Z</time>
   </trkpt>
   <trkpt lat="33.7711730" lon="-84.4001930">
    <ele>302.6</ele>
    <time>2025-10-03T22:12:12Z</time>
   </trkpt>
   <trkpt lat="33.7711620" lon="-84.4001820">
    <ele>302.6</ele>
    <time>2025-10-03T22:12:13Z</time>
   </trkpt>
   <trkpt lat="33.7711440" lon="-84.4001620">
    <ele>302.6</ele>
    <time>2025-10-03T22:12:14Z</time>
   </trkpt>
   <trkpt lat="33.7711360" lon="-84.4001550">
    <ele>302.6</ele>
    <time>2025-10-03T22:12:15Z</time>
   </trkpt>
   <trkpt lat="33.7711290" lon="-84.4001470">
    <ele>302.6</ele>
    <time>2025-10-03T22:12:16Z</time>
   </trkpt>
   <trkpt lat="33.7711180" lon="-84.4001370">
    <ele>302.6</ele>
    <time>2025-10-03T22:12:17Z</time>
   </trkpt>
   <trkpt lat="33.7711070" lon="-84.4001260">
    <ele>302.6</ele>
    <time>2025-10-03T22:12:18Z</time>
   </trkpt>
   <trkpt lat="33.7710890" lon="-84.4001070">
    <ele>302.6</ele>
    <time>2025-10-03T22:12:19Z</time>
   </trkpt>
   <trkpt lat="33.7710810" lon="-84.4001000">
    <ele>302.6</ele>
    <time>2025-10-03T22:12:20Z</time>
   </trkpt>
   <trkpt lat="33.7710740" lon="-84.4000920">
    <ele>302.8</ele>
    <time>2025-10-03T22:12:21Z</time>
   </trkpt>
   <trkpt lat="33.7710570" lon="-84.4000720">
    <ele>302.8</ele>
    <time>2025-10-03T22:12:22Z</time>
   </trkpt>
   <trkpt lat="33.7710500" lon="-84.4000650">
    <ele>302.8</ele>
    <time>2025-10-03T22:12:23Z</time>
   </trkpt>
   <trkpt lat="33.7710440" lon="-84.4000570">
    <ele>302.8</ele>
    <time>2025-10-03T22:12:24Z</time>
   </trkpt>
   <trkpt lat="33.7710340" lon="-84.4000440">
    <ele>302.8</ele>
    <time>2025-10-03T22:12:25Z</time>
   </trkpt>
   <trkpt lat="33.7710240" lon="-84.4000320">
    <ele>303.0</ele>
    <time>2025-10-03T22:12:26Z</time>
   </trkpt>
   <trkpt lat="33.7710070" lon="-84.4000140">
    <ele>303.0</ele>
    <time>2025-10-03T22:12:27Z</time>
   </trkpt>
   <trkpt lat="33.7710010" lon="-84.4000080">
    <ele>303.0</ele>
    <time>2025-10-03T22:12:28Z</time>
   </trkpt>
   <trkpt lat="33.7709940" lon="-84.4000020">
    <ele>303.0</ele>
    <time>2025-10-03T22:12:29Z</time>
   </trkpt>
   <trkpt lat="33.7709850" lon="-84.3999940">
    <ele>303.0</ele>
    <time>2025-10-03T22:12:30Z</time>
   </trkpt>
   <trkpt lat="33.7709770" lon="-84.3999860">
    <ele>303.2</ele>
    <time>2025-10-03T22:12:31Z</time>
   </trkpt>
   <trkpt lat="33.7709690" lon="-84.3999770">
    <ele>303.2</ele>
    <time>2025-10-03T22:12:32Z</time>
   </trkpt>
   <trkpt lat="33.7709610" lon="-84.3999680">
    <ele>303.2</ele>
    <time>2025-10-03T22:12:33Z</time>
   </trkpt>
   <trkpt lat="33.7709520" lon="-84.3999580">
    <ele>303.2</ele>
    <time>2025-10-03T22:12:34Z</time>
   </trkpt>
   <trkpt lat="33.7709380" lon="-84.3999420">
    <ele>303.2</ele>
    <time>2025-10-03T22:12:35Z</time>
   </trkpt>
   <trkpt lat="33.7709330" lon="-84.3999370">
    <ele>303.2</ele>
    <time>2025-10-03T22:12:36Z</time>
   </trkpt>
   <trkpt lat="33.7709230" lon="-84.3999270">
    <ele>303.2</ele>
    <time>2025-10-03T22:12:37Z</time>
   </trkpt>
   <trkpt lat="33.7709120" lon="-84.3999170">
    <ele>303.2</ele>
    <time>2025-10-03T22:12:38Z</time>
   </trkpt>
   <trkpt lat="33.7709020" lon="-84.3999060">
    <ele>303.2</ele>
    <time>2025-10-03T22:12:39Z</time>
   </trkpt>
   <trkpt lat="33.7708870" lon="-84.3998890">
    <ele>303.2</ele>
    <time>2025-10-03T22:12:40Z</time>
   </trkpt>
   <trkpt lat="33.7708820" lon="-84.3998840">
    <ele>303.4</ele>
    <time>2025-10-03T22:12:41Z</time>
   </trkpt>
   <trkpt lat="33.7708720" lon="-84.3998740">
    <ele>303.4</ele>
    <time>2025-10-03T22:12:42Z</time>
   </trkpt>
   <trkpt lat="33.7708630" lon="-84.3998630">
    <ele>303.4</ele>
    <time>2025-10-03T22:12:43Z</time>
   </trkpt>
   <trkpt lat="33.7708530" lon="-84.3998530">
    <ele>303.4</ele>
    <time>2025-10-03T22:12:44Z</time>
   </trkpt>
   <trkpt lat="33.7708440" lon="-84.3998410">
    <ele>303.4</ele>
    <time>2025-10-03T22:12:45Z</time>
   </trkpt>
   <trkpt lat="33.7708340" lon="-84.3998280">
    <ele>303.6</ele>
    <time>2025-10-03T22:12:46Z</time>
   </trkpt>
   <trkpt lat="33.7708250" lon="-84.3998150">
    <ele>303.6</ele>
    <time>2025-10-03T22:12:47Z</time>
   </trkpt>
   <trkpt lat="33.7708120" lon="-84.3997960">
    <ele>303.6</ele>
    <time>2025-10-03T22:12:48Z</time>
   </trkpt>
   <trkpt lat="33.7708080" lon="-84.3997900">
    <ele>303.6</ele>
    <time>2025-10-03T22:12:49Z</time>
   </trkpt>
   <trkpt lat="33.7708000" lon="-84.3997790">
    <ele>303.6</ele>
    <time>2025-10-03T22:12:50Z</time>
   </trkpt>
   <trkpt lat="33.7707920" lon="-84.3997680">
    <ele>303.8</ele>
    <time>2025-10-03T22:12:51Z</time>
   </trkpt>
   <trkpt lat="33.7707840" lon="-84.3997570">
    <ele>303.8</ele>
    <time>2025-10-03T22:12:52Z</time>
   </trkpt>
   <trkpt lat="33.7707740" lon="-84.3997460">
    <ele>303.8</ele>
    <time>2025-10-03T22:12:53Z</time>
   </trkpt>
   <trkpt lat="33.7707650" lon="-84.3997360">
    <ele>304.0</ele>
    <time>2025-10-03T22:12:54Z</time>
   </trkpt>
   <trkpt lat="33.7707550" lon="-84.3997260">
    <ele>304.0</ele>
    <time>2025-10-03T22:12:55Z</time>
   </trkpt>
   <trkpt lat="33.7707440" lon="-84.3997170">
    <ele>304.2</ele>
    <time>2025-10-03T22:12:56Z</time>
   </trkpt>
   <trkpt lat="33.7707320" lon="-84.3997070">
    <ele>304.2</ele>
    <time>2025-10-03T22:12:57Z</time>
   </trkpt>
   <trkpt lat="33.7707140" lon="-84.3996900">
    <ele>304.2</ele>
    <time>2025-10-03T22:12:58Z</time>
   </trkpt>
   <trkpt lat="33.7707080" lon="-84.3996850">
    <ele>304.4</ele>
    <time>2025-10-03T22:12:59Z</time>
   </trkpt>
   <trkpt lat="33.7706880" lon="-84.3996630">
    <ele>304.4</ele>
    <time>2025-10-03T22:13:00Z</time>
   </trkpt>
   <trkpt lat="33.7706810" lon="-84.3996550">
    <ele>304.4</ele>
    <time>2025-10-03T22:13:01Z</time>
   </trkpt>
   <trkpt lat="33.7706730" lon="-84.3996460">
    <ele>304.4</ele>
    <time>2025-10-03T22:13:02Z</time>
   </trkpt>
   <trkpt lat="33.7706560" lon="-84.3996280">
    <ele>304.4</ele>
    <time>2025-10-03T22:13:03Z</time>
   </trkpt>
   <trkpt lat="33.7706500" lon="-84.3996220">
    <ele>304.4</ele>
    <time>2025-10-03T22:13:04Z</time>
   </trkpt>
   <trkpt lat="33.7706380" lon="-84.3996100">
    <ele>304.2</ele>
    <time>2025-10-03T22:13:05Z</time>
   </trkpt>
   <trkpt lat="33.7706260" lon="-84.3995980">
    <ele>304.2</ele>
    <time>2025-10-03T22:13:06Z</time>
   </trkpt>
   <trkpt lat="33.7706140" lon="-84.3995860">
    <ele>304.0</ele>
    <time>2025-10-03T22:13:07Z</time>
   </trkpt>
   <trkpt lat="33.7705930" lon="-84.3995660">
    <ele>303.8</ele>
    <time>2025-10-03T22:13:08Z</time>
   </trkpt>
   <trkpt lat="33.7705840" lon="-84.3995570">
    <ele>303.8</ele>
    <time>2025-10-03T22:13:09Z</time>
   </trkpt>
   <trkpt lat="33.7705750" lon="-84.3995470">
    <ele>303.6</ele>
    <time>2025-10-03T22:13:10Z</time>
   </trkpt>
   <trkpt lat="33.7705660" lon="-84.3995380">
    <ele>303.6</ele>
    <time>2025-10-03T22:13:11Z</time>
   </trkpt>
   <trkpt lat="33.7705570" lon="-84.3995290">
    <ele>303.6</ele>
    <time>2025-10-03T22:13:12Z</time>
   </trkpt>
   <trkpt lat="33.7705400" lon="-84.3995090">
    <ele>303.6</ele>
    <time>2025-10-03T22:13:13Z</time>
   </trkpt>
   <trkpt lat="33.7705330" lon="-84.3995000">
    <ele>303.6</ele>
    <time>2025-10-03T22:13:14Z</time>
   </trkpt>
   <trkpt lat="33.7705260" lon="-84.3994920">
    <ele>303.6</ele>
    <time>2025-10-03T22:13:15Z</time>
   </trkpt>
   <trkpt lat="33.7705110" lon="-84.3994740">
    <ele>303.6</ele>
    <time>2025-10-03T22:13:16Z</time>
   </trkpt>
   <trkpt lat="33.7705060" lon="-84.3994680">
    <ele>303.6</ele>
    <time>2025-10-03T22:13:17Z</time>
   </trkpt>
   <trkpt lat="33.7704970" lon="-84.3994570">
    <ele>303.6</ele>
    <time>2025-10-03T22:13:18Z</time>
   </trkpt>
   <trkpt lat="33.7704880" lon="-84.3994460">
    <ele>303.6</ele>
    <time>2025-10-03T22:13:19Z</time>
   </trkpt>
   <trkpt lat="33.7704780" lon="-84.3994360">
    <ele>303.6</ele>
    <time>2025-10-03T22:13:20Z</time>
   </trkpt>
   <trkpt lat="33.7704630" lon="-84.3994180">
    <ele>303.8</ele>
    <time>2025-10-03T22:13:21Z</time>
   </trkpt>
   <trkpt lat="33.7704570" lon="-84.3994130">
    <ele>303.8</ele>
    <time>2025-10-03T22:13:22Z</time>
   </trkpt>
   <trkpt lat="33.7704390" lon="-84.3993950">
    <ele>303.6</ele>
    <time>2025-10-03T22:13:23Z</time>
   </trkpt>
   <trkpt lat="33.7704320" lon="-84.3993880">
    <ele>303.6</ele>
    <time>2025-10-03T22:13:24Z</time>
   </trkpt>
   <trkpt lat="33.7704250" lon="-84.3993810">
    <ele>303.6</ele>
    <time>2025-10-03T22:13:25Z</time>
   </trkpt>
   <trkpt lat="33.7704130" lon="-84.3993710">
    <ele>303.6</ele>
    <time>2025-10-03T22:13:26Z</time>
   </trkpt>
   <trkpt lat="33.7704020" lon="-84.3993600">
    <ele>303.6</ele>
    <time>2025-10-03T22:13:27Z</time>
   </trkpt>
   <trkpt lat="33.7703910" lon="-84.3993490">
    <ele>303.6</ele>
    <time>2025-10-03T22:13:28Z</time>
   </trkpt>
   <trkpt lat="33.7703800" lon="-84.3993380">
    <ele>303.6</ele>
    <time>2025-10-03T22:13:29Z</time>
   </trkpt>
   <trkpt lat="33.7703690" lon="-84.3993280">
    <ele>303.6</ele>
    <time>2025-10-03T22:13:30Z</time>
   </trkpt>
   <trkpt lat="33.7703570" lon="-84.3993180">
    <ele>303.6</ele>
    <time>2025-10-03T22:13:31Z</time>
   </trkpt>
   <trkpt lat="33.7703470" lon="-84.3993070">
    <ele>303.6</ele>
    <time>2025-10-03T22:13:32Z</time>
   </trkpt>
   <trkpt lat="33.7703320" lon="-84.3992870">
    <ele>303.6</ele>
    <time>2025-10-03T22:13:33Z</time>
   </trkpt>
   <trkpt lat="33.7703260" lon="-84.3992790">
    <ele>303.4</ele>
    <time>2025-10-03T22:13:34Z</time>
   </trkpt>
   <trkpt lat="33.7703200" lon="-84.3992710">
    <ele>303.4</ele>
    <time>2025-10-03T22:13:35Z</time>
   </trkpt>
   <trkpt lat="33.7703110" lon="-84.3992590">
    <ele>303.4</ele>
    <time>2025-10-03T22:13:36Z</time>
   </trkpt>
   <trkpt lat="33.7703030" lon="-84.3992460">
    <ele>303.4</ele>
    <time>2025-10-03T22:13:37Z</time>
   </trkpt>
   <trkpt lat="33.7702940" lon="-84.3992330">
    <ele>303.2</ele>
    <time>2025-10-03T22:13:38Z</time>
   </trkpt>
   <trkpt lat="33.7702800" lon="-84.3992140">
    <ele>303.2</ele>
    <time>2025-10-03T22:13:39Z</time>
   </trkpt>
   <trkpt lat="33.7702750" lon="-84.3992080">
    <ele>303.2</ele>
    <time>2025-10-03T22:13:40Z</time>
   </trkpt>
   <trkpt lat="33.7702660" lon="-84.3991960">
    <ele>303.2</ele>
    <time>2025-10-03T22:13:41Z</time>
   </trkpt>
   <trkpt lat="33.7702560" lon="-84.3991840">
    <ele>303.2</ele>
    <time>2025-10-03T22:13:42Z</time>
   </trkpt>
   <trkpt lat="33.7702460" lon="-84.3991720">
    <ele>303.2</ele>
    <time>2025-10-03T22:13:43Z</time>
   </trkpt>
   <trkpt lat="33.7702360" lon="-84.3991600">
    <ele>303.4</ele>
    <time>2025-10-03T22:13:44Z</time>
   </trkpt>
   <trkpt lat="33.7702250" lon="-84.3991490">
    <ele>303.4</ele>
    <time>2025-10-03T22:13:45Z</time>
   </trkpt>
   <trkpt lat="33.7702080" lon="-84.3991290">
    <ele>303.4</ele>
    <time>2025-10-03T22:13:46Z</time>
   </trkpt>
   <trkpt lat="33.7702020" lon="-84.3991200">
    <ele>303.4</ele>
    <time>2025-10-03T22:13:47Z</time>
   </trkpt>
   <trkpt lat="33.7701950" lon="-84.3991120">
    <ele>303.6</ele>
    <time>2025-10-03T22:13:48Z</time>
   </trkpt>
   <trkpt lat="33.7701860" lon="-84.3991000">
    <ele>303.6</ele>
    <time>2025-10-03T22:13:49Z</time>
   </trkpt>
   <trkpt lat="33.7701750" lon="-84.3990880">
    <ele>303.6</ele>
    <time>2025-10-03T22:13:50Z</time>
   </trkpt>
   <trkpt lat="33.7701640" lon="-84.3990760">
    <ele>303.8</ele>
    <time>2025-10-03T22:13:51Z</time>
   </trkpt>
   <trkpt lat="33.7701530" lon="-84.3990650">
    <ele>303.8</ele>
    <time>2025-10-03T22:13:52Z</time>
   </trkpt>
   <trkpt lat="33.7701420" lon="-84.3990550">
    <ele>304.0</ele>
    <time>2025-10-03T22:13:53Z</time>
   </trkpt>
   <trkpt lat="33.7701250" lon="-84.3990400">
    <ele>304.0</ele>
    <time>2025-10-03T22:13:54Z</time>
   </trkpt>
   <trkpt lat="33.7701190" lon="-84.3990350">
    <ele>304.0</ele>
    <time>2025-10-03T22:13:55Z</time>
   </trkpt>
   <trkpt lat="33.7700990" lon="-84.3990170">
    <ele>304.2</ele>
    <time>2025-10-03T22:13:56Z</time>
   </trkpt>
   <trkpt lat="33.7700920" lon="-84.3990110">
    <ele>304.2</ele>
    <time>2025-10-03T22:13:57Z</time>
   </trkpt>
   <trkpt lat="33.7700840" lon="-84.3990040">
    <ele>304.2</ele>
    <time>2025-10-03T22:13:58Z</time>
   </trkpt>
   <trkpt lat="33.7700720" lon="-84.3989940">
    <ele>304.4</ele>
    <time>2025-10-03T22:13:59Z</time>
   </trkpt>
   <trkpt lat="33.7700610" lon="-84.3989830">
    <ele>304.4</ele>
    <time>2025-10-03T22:14:00Z</time>
   </trkpt>
   <trkpt lat="33.7700500" lon="-84.3989720">
    <ele>304.4</ele>
    <time>2025-10-03T22:14:01Z</time>
   </trkpt>
   <trkpt lat="33.7700330" lon="-84.3989570">
    <ele>304.6</ele>
    <time>2025-10-03T22:14:02Z</time>
   </trkpt>
   <trkpt lat="33.7700270" lon="-84.3989520">
    <ele>304.6</ele>
    <time>2025-10-03T22:14:03Z</time>
   </trkpt>
   <trkpt lat="33.7700080" lon="-84.3989360">
    <ele>304.6</ele>
    <time>2025-10-03T22:14:04Z</time>
   </trkpt>
   <trkpt lat="33.7700000" lon="-84.3989310">
    <ele>304.8</ele>
    <time>2025-10-03T22:14:05Z</time>
   </trkpt>
   <trkpt lat="33.7699930" lon="-84.3989250">
    <ele>304.8</ele>
    <time>2025-10-03T22:14:06Z</time>
   </trkpt>
   <trkpt lat="33.7699820" lon="-84.3989170">
    <ele>304.8</ele>
    <time>2025-10-03T22:14:07Z</time>
   </trkpt>
   <trkpt lat="33.7699710" lon="-84.3989090">
    <ele>305.0</ele>
    <time>2025-10-03T22:14:08Z</time>
   </trkpt>
   <trkpt lat="33.7699510" lon="-84.3988960">
    <ele>305.0</ele>
    <time>2025-10-03T22:14:09Z</time>
   </trkpt>
   <trkpt lat="33.7699420" lon="-84.3988900">
    <ele>305.2</ele>
    <time>2025-10-03T22:14:10Z</time>
   </trkpt>
   <trkpt lat="33.7699340" lon="-84.3988850">
    <ele>305.2</ele>
    <time>2025-10-03T22:14:11Z</time>
   </trkpt>
   <trkpt lat="33.7699130" lon="-84.3988710">
    <ele>305.2</ele>
    <time>2025-10-03T22:14:12Z</time>
   </trkpt>
   <trkpt lat="33.7699030" lon="-84.3988650">
    <ele>305.4</ele>
    <time>2025-10-03T22:14:13Z</time>
   </trkpt>
   <trkpt lat="33.7698940" lon="-84.3988600">
    <ele>305.4</ele>
    <time>2025-10-03T22:14:14Z</time>
   </trkpt>
   <trkpt lat="33.7698840" lon="-84.3988540">
    <ele>305.6</ele>
    <time>2025-10-03T22:14:15Z</time>
   </trkpt>
   <trkpt lat="33.7698750" lon="-84.3988480">
    <ele>305.6</ele>
    <time>2025-10-03T22:14:16Z</time>
   </trkpt>
   <trkpt lat="33.7698630" lon="-84.3988390">
    <ele>305.6</ele>
    <time>2025-10-03T22:14:17Z</time>
   </trkpt>
   <trkpt lat="33.7698520" lon="-84.3988300">
    <ele>305.8</ele>
    <time>2025-10-03T22:14:18Z</time>
   </trkpt>
   <trkpt lat="33.7698320" lon="-84.3988170">
    <ele>305.8</ele>
    <time>2025-10-03T22:14:19Z</time>
   </trkpt>
   <trkpt lat="33.7698250" lon="-84.3988110">
    <ele>305.8</ele>
    <time>2025-10-03T22:14:20Z</time>
   </trkpt>
   <trkpt lat="33.7698170" lon="-84.3988060">
    <ele>305.8</ele>
    <time>2025-10-03T22:14:21Z</time>
   </trkpt>
   <trkpt lat="33.7698060" lon="-84.3987990">
    <ele>305.8</ele>
    <time>2025-10-03T22:14:22Z</time>
   </trkpt>
   <trkpt lat="33.7697940" lon="-84.3987920">
    <ele>305.8</ele>
    <time>2025-10-03T22:14:23Z</time>
   </trkpt>
   <trkpt lat="33.7697840" lon="-84.3987860">
    <ele>305.8</ele>
    <time>2025-10-03T22:14:24Z</time>
   </trkpt>
   <trkpt lat="33.7697740" lon="-84.3987800">
    <ele>305.8</ele>
    <time>2025-10-03T22:14:25Z</time>
   </trkpt>
   <trkpt lat="33.7697640" lon="-84.3987740">
    <ele>305.8</ele>
    <time>2025-10-03T22:14:26Z</time>
   </trkpt>
   <trkpt lat="33.7697450" lon="-84.3987600">
    <ele>305.8</ele>
    <time>2025-10-03T22:14:27Z</time>
   </trkpt>
   <trkpt lat="33.7697360" lon="-84.3987550">
    <ele>305.8</ele>
    <time>2025-10-03T22:14:28Z</time>
   </trkpt>
   <trkpt lat="33.7697280" lon="-84.3987490">
    <ele>305.6</ele>
    <time>2025-10-03T22:14:29Z</time>
   </trkpt>
   <trkpt lat="33.7697160" lon="-84.3987400">
    <ele>305.6</ele>
    <time>2025-10-03T22:14:30Z</time>
   </trkpt>
   <trkpt lat="33.7697030" lon="-84.3987310">
    <ele>305.6</ele>
    <time>2025-10-03T22:14:31Z</time>
   </trkpt>
   <trkpt lat="33.7696840" lon="-84.3987150">
    <ele>305.6</ele>
    <time>2025-10-03T22:14:32Z</time>
   </trkpt>
   <trkpt lat="33.7696760" lon="-84.3987090">
    <ele>305.6</ele>
    <time>2025-10-03T22:14:33Z</time>
   </trkpt>
   <trkpt lat="33.7696680" lon="-84.3987020">
    <ele>305.6</ele>
    <time>2025-10-03T22:14:34Z</time>
   </trkpt>
   <trkpt lat="33.7696560" lon="-84.3986940">
    <ele>305.8</ele>
    <time>2025-10-03T22:14:35Z</time>
   </trkpt>
   <trkpt lat="33.7696430" lon="-84.3986860">
    <ele>305.8</ele>
    <time>2025-10-03T22:14:36Z</time>
   </trkpt>
   <trkpt lat="33.7696220" lon="-84.3986740">
    <ele>306.0</ele>
    <time>2025-10-03T22:14:37Z</time>
   </trkpt>
   <trkpt lat="33.7696130" lon="-84.3986700">
    <ele>306.2</ele>
    <time>2025-10-03T22:14:38Z</time>
   </trkpt>
   <trkpt lat="33.7696040" lon="-84.3986660">
    <ele>306.4</ele>
    <time>2025-10-03T22:14:39Z</time>
   </trkpt>
   <trkpt lat="33.7695850" lon="-84.3986570">
    <ele>306.4</ele>
    <time>2025-10-03T22:14:40Z</time>
   </trkpt>
   <trkpt lat="33.7695780" lon="-84.3986540">
    <ele>306.6</ele>
    <time>2025-10-03T22:14:41Z</time>
   </trkpt>
   <trkpt lat="33.7695650" lon="-84.3986470">
    <ele>307.0</ele>
    <time>2025-10-03T22:14:42Z</time>
   </trkpt>
   <trkpt lat="33.7695530" lon="-84.3986410">
    <ele>307.2</ele>
    <time>2025-10-03T22:14:43Z</time>
   </trkpt>
   <trkpt lat="33.7695400" lon="-84.3986350">
    <ele>307.4</ele>
    <time>2025-10-03T22:14:44Z</time>
   </trkpt>
   <trkpt lat="33.7695210" lon="-84.3986290">
    <ele>307.8</ele>
    <time>2025-10-03T22:14:45Z</time>
   </trkpt>
   <trkpt lat="33.7695140" lon="-84.3986280">
    <ele>308.0</ele>
    <time>2025-10-03T22:14:46Z</time>
   </trkpt>
   <trkpt lat="33.7695010" lon="-84.3986240">
    <ele>308.2</ele>
    <time>2025-10-03T22:14:47Z</time>
   </trkpt>
   <trkpt lat="33.7694900" lon="-84.3986190">
    <ele>308.4</ele>
    <time>2025-10-03T22:14:48Z</time>
   </trkpt>
   <trkpt lat="33.7694790" lon="-84.3986130">
    <ele>308.6</ele>
    <time>2025-10-03T22:14:49Z</time>
   </trkpt>
   <trkpt lat="33.7694680" lon="-84.3986070">
    <ele>308.8</ele>
    <time>2025-10-03T22:14:50Z</time>
   </trkpt>
   <trkpt lat="33.7694570" lon="-84.3986000">
    <ele>309.0</ele>
    <time>2025-10-03T22:14:51Z</time>
   </trkpt>
   <trkpt lat="33.7694470" lon="-84.3985940">
    <ele>309.2</ele>
    <time>2025-10-03T22:14:52Z</time>
   </trkpt>
   <trkpt lat="33.7694370" lon="-84.3985900">
    <ele>309.4</ele>
    <time>2025-10-03T22:14:53Z</time>
   </trkpt>
   <trkpt lat="33.7694260" lon="-84.3985880">
    <ele>309.6</ele>
    <time>2025-10-03T22:14:54Z</time>
   </trkpt>
   <trkpt lat="33.7694150" lon="-84.3985860">
    <ele>309.8</ele>
    <time>2025-10-03T22:14:55Z</time>
   </trkpt>
   <trkpt lat="33.7694020" lon="-84.3985840">
    <ele>309.8</ele>
    <time>2025-10-03T22:14:56Z</time>
   </trkpt>
   <trkpt lat="33.7693900" lon="-84.3985820">
    <ele>309.8</ele>
    <time>2025-10-03T22:14:57Z</time>
   </trkpt>
   <trkpt lat="33.7693780" lon="-84.3985790">
    <ele>310.0</ele>
    <time>2025-10-03T22:14:58Z</time>
   </trkpt>
   <trkpt lat="33.7693670" lon="-84.3985760">
    <ele>310.0</ele>
    <time>2025-10-03T22:14:59Z</time>
   </trkpt>
   <trkpt lat="33.7693550" lon="-84.3985720">
    <ele>310.0</ele>
    <time>2025-10-03T22:15:00Z</time>
   </trkpt>
   <trkpt lat="33.7693440" lon="-84.3985690">
    <ele>310.0</ele>
    <time>2025-10-03T22:15:01Z</time>
   </trkpt>
   <trkpt lat="33.7693330" lon="-84.3985670">
    <ele>310.0</ele>
    <time>2025-10-03T22:15:02Z</time>
   </trkpt>
   <trkpt lat="33.7693200" lon="-84.3985650">
    <ele>310.0</ele>
    <time>2025-10-03T22:15:03Z</time>
   </trkpt>
   <trkpt lat="33.7693070" lon="-84.3985630">
    <ele>310.0</ele>
    <time>2025-10-03T22:15:04Z</time>
   </trkpt>
   <trkpt lat="33.7692850" lon="-84.3985600">
    <ele>309.8</ele>
    <time>2025-10-03T22:15:05Z</time>
   </trkpt>
   <trkpt lat="33.7692770" lon="-84.3985580">
    <ele>309.8</ele>
    <time>2025-10-03T22:15:06Z</time>
   </trkpt>
   <trkpt lat="33.7692680" lon="-84.3985570">
    <ele>309.8</ele>
    <time>2025-10-03T22:15:07Z</time>
   </trkpt>
   <trkpt lat="33.7692560" lon="-84.3985540">
    <ele>309.8</ele>
    <time>2025-10-03T22:15:08Z</time>
   </trkpt>
   <trkpt lat="33.7692430" lon="-84.3985510">
    <ele>309.6</ele>
    <time>2025-10-03T22:15:09Z</time>
   </trkpt>
   <trkpt lat="33.7692200" lon="-84.3985440">
    <ele>309.6</ele>
    <time>2025-10-03T22:15:10Z</time>
   </trkpt>
   <trkpt lat="33.7692110" lon="-84.3985400">
    <ele>309.4</ele>
    <time>2025-10-03T22:15:11Z</time>
   </trkpt>
   <trkpt lat="33.7692020" lon="-84.3985370">
    <ele>309.4</ele>
    <time>2025-10-03T22:15:12Z</time>
   </trkpt>
   <trkpt lat="33.7691780" lon="-84.3985300">
    <ele>309.2</ele>
    <time>2025-10-03T22:15:13Z</time>
   </trkpt>
   <trkpt lat="33.7691690" lon="-84.3985270">
    <ele>309.2</ele>
    <time>2025-10-03T22:15:14Z</time>
   </trkpt>
   <trkpt lat="33.7691590" lon="-84.3985240">
    <ele>309.0</ele>
    <time>2025-10-03T22:15:15Z</time>
   </trkpt>
   <trkpt lat="33.7691390" lon="-84.3985180">
    <ele>308.8</ele>
    <time>2025-10-03T22:15:16Z</time>
   </trkpt>
   <trkpt lat="33.7691320" lon="-84.3985160">
    <ele>308.8</ele>
    <time>2025-10-03T22:15:17Z</time>
   </trkpt>
   <trkpt lat="33.7691190" lon="-84.3985120">
    <ele>308.6</ele>
    <time>2025-10-03T22:15:18Z</time>
   </trkpt>
   <trkpt lat="33.7691080" lon="-84.3985070">
    <ele>308.6</ele>
    <time>2025-10-03T22:15:19Z</time>
   </trkpt>
   <trkpt lat="33.7690960" lon="-84.3985030">
    <ele>308.4</ele>
    <time>2025-10-03T22:15:20Z</time>
   </trkpt>
   <trkpt lat="33.7690850" lon="-84.3985000">
    <ele>308.4</ele>
    <time>2025-10-03T22:15:21Z</time>
   </trkpt>
   <trkpt lat="33.7690750" lon="-84.3984990">
    <ele>308.2</ele>
    <time>2025-10-03T22:15:22Z</time>
   </trkpt>
   <trkpt lat="33.7690640" lon="-84.3984970">
    <ele>308.2</ele>
    <time>2025-10-03T22:15:23Z</time>
   </trkpt>
   <trkpt lat="33.7690540" lon="-84.3984940">
    <ele>308.2</ele>
    <time>2025-10-03T22:15:24Z</time>
   </trkpt>
   <trkpt lat="33.7690430" lon="-84.3984900">
    <ele>308.2</ele>
    <time>2025-10-03T22:15:25Z</time>
   </trkpt>
   <trkpt lat="33.7690320" lon="-84.3984860">
    <ele>308.0</ele>
    <time>2025-10-03T22:15:26Z</time>
   </trkpt>
   <trkpt lat="33.7690200" lon="-84.3984820">
    <ele>308.0</ele>
    <time>2025-10-03T22:15:27Z</time>
   </trkpt>
   <trkpt lat="33.7690080" lon="-84.3984770">
    <ele>308.0</ele>
    <time>2025-10-03T22:15:28Z</time>
   </trkpt>
   <trkpt lat="33.7689960" lon="-84.3984720">
    <ele>308.0</ele>
    <time>2025-10-03T22:15:29Z</time>
   </trkpt>
   <trkpt lat="33.7689840" lon="-84.3984650">
    <ele>308.0</ele>
    <time>2025-10-03T22:15:30Z</time>
   </trkpt>
   <trkpt lat="33.7689650" lon="-84.3984520">
    <ele>307.8</ele>
    <time>2025-10-03T22:15:31Z</time>
   </trkpt>
   <trkpt lat="33.7689580" lon="-84.3984480">
    <ele>307.8</ele>
    <time>2025-10-03T22:15:32Z</time>
   </trkpt>
   <trkpt lat="33.7689450" lon="-84.3984390">
    <ele>307.8</ele>
    <time>2025-10-03T22:15:33Z</time>
   </trkpt>
   <trkpt lat="33.7689320" lon="-84.3984290">
    <ele>307.8</ele>
    <time>2025-10-03T22:15:34Z</time>
   </trkpt>
   <trkpt lat="33.7689190" lon="-84.3984200">
    <ele>307.8</ele>
    <time>2025-10-03T22:15:35Z</time>
   </trkpt>
   <trkpt lat="33.7689010" lon="-84.3984070">
    <ele>307.6</ele>
    <time>2025-10-03T22:15:36Z</time>
   </trkpt>
   <trkpt lat="33.7688940" lon="-84.3984030">
    <ele>307.6</ele>
    <time>2025-10-03T22:15:37Z</time>
   </trkpt>
   <trkpt lat="33.7688710" lon="-84.3983890">
    <ele>307.6</ele>
    <time>2025-10-03T22:15:38Z</time>
   </trkpt>
   <trkpt lat="33.7688620" lon="-84.3983830">
    <ele>307.6</ele>
    <time>2025-10-03T22:15:39Z</time>
   </trkpt>
   <trkpt lat="33.7688520" lon="-84.3983770">
    <ele>307.6</ele>
    <time>2025-10-03T22:15:40Z</time>
   </trkpt>
   <trkpt lat="33.7688380" lon="-84.3983680">
    <ele>307.6</ele>
    <time>2025-10-03T22:15:41Z</time>
   </trkpt>
   <trkpt lat="33.7688240" lon="-84.3983590">
    <ele>307.4</ele>
    <time>2025-10-03T22:15:42Z</time>
   </trkpt>
   <trkpt lat="33.7688120" lon="-84.3983510">
    <ele>307.4</ele>
    <time>2025-10-03T22:15:43Z</time>
   </trkpt>
   <trkpt lat="33.7687930" lon="-84.3983390">
    <ele>307.4</ele>
    <time>2025-10-03T22:15:44Z</time>
   </trkpt>
   <trkpt lat="33.7687870" lon="-84.3983360">
    <ele>307.4</ele>
    <time>2025-10-03T22:15:45Z</time>
   </trkpt>
   <trkpt lat="33.7687670" lon="-84.3983250">
    <ele>307.4</ele>
    <time>2025-10-03T22:15:46Z</time>
   </trkpt>
   <trkpt lat="33.7687580" lon="-84.3983200">
    <ele>307.4</ele>
    <time>2025-10-03T22:15:47Z</time>
   </trkpt>
   <trkpt lat="33.7687500" lon="-84.3983160">
    <ele>307.4</ele>
    <time>2025-10-03T22:15:48Z</time>
   </trkpt>
   <trkpt lat="33.7687370" lon="-84.3983100">
    <ele>307.2</ele>
    <time>2025-10-03T22:15:49Z</time>
   </trkpt>
   <trkpt lat="33.7687240" lon="-84.3983040">
    <ele>307.2</ele>
    <time>2025-10-03T22:15:50Z</time>
   </trkpt>
   <trkpt lat="33.7687100" lon="-84.3982990">
    <ele>307.2</ele>
    <time>2025-10-03T22:15:51Z</time>
   </trkpt>
   <trkpt lat="33.7686960" lon="-84.3982940">
    <ele>307.2</ele>
    <time>2025-10-03T22:15:52Z</time>
   </trkpt>
   <trkpt lat="33.7686820" lon="-84.3982890">
    <ele>307.2</ele>
    <time>2025-10-03T22:15:53Z</time>
   </trkpt>
   <trkpt lat="33.7686670" lon="-84.3982840">
    <ele>307.0</ele>
    <time>2025-10-03T22:15:54Z</time>
   </trkpt>
   <trkpt lat="33.7686530" lon="-84.3982810">
    <ele>307.0</ele>
    <time>2025-10-03T22:15:55Z</time>
   </trkpt>
   <trkpt lat="33.7686280" lon="-84.3982780">
    <ele>307.0</ele>
    <time>2025-10-03T22:15:56Z</time>
   </trkpt>
   <trkpt lat="33.7686180" lon="-84.3982760">
    <ele>307.0</ele>
    <time>2025-10-03T22:15:57Z</time>
   </trkpt>
   <trkpt lat="33.7686080" lon="-84.3982750">
    <ele>307.0</ele>
    <time>2025-10-03T22:15:58Z</time>
   </trkpt>
   <trkpt lat="33.7685860" lon="-84.3982720">
    <ele>307.0</ele>
    <time>2025-10-03T22:15:59Z</time>
   </trkpt>
   <trkpt lat="33.7685790" lon="-84.3982710">
    <ele>307.0</ele>
    <time>2025-10-03T22:16:00Z</time>
   </trkpt>
   <trkpt lat="33.7685650" lon="-84.3982690">
    <ele>307.0</ele>
    <time>2025-10-03T22:16:01Z</time>
   </trkpt>
   <trkpt lat="33.7685530" lon="-84.3982670">
    <ele>307.0</ele>
    <time>2025-10-03T22:16:02Z</time>
   </trkpt>
   <trkpt lat="33.7685400" lon="-84.3982640">
    <ele>307.0</ele>
    <time>2025-10-03T22:16:03Z</time>
   </trkpt>
   <trkpt lat="33.7685270" lon="-84.3982590">
    <ele>307.0</ele>
    <time>2025-10-03T22:16:04Z</time>
   </trkpt>
   <trkpt lat="33.7685140" lon="-84.3982540">
    <ele>307.0</ele>
    <time>2025-10-03T22:16:05Z</time>
   </trkpt>
   <trkpt lat="33.7685000" lon="-84.3982480">
    <ele>307.0</ele>
    <time>2025-10-03T22:16:06Z</time>
   </trkpt>
   <trkpt lat="33.7684860" lon="-84.3982430">
    <ele>307.0</ele>
    <time>2025-10-03T22:16:07Z</time>
   </trkpt>
   <trkpt lat="33.7684730" lon="-84.3982380">
    <ele>307.0</ele>
    <time>2025-10-03T22:16:08Z</time>
   </trkpt>
   <trkpt lat="33.7684520" lon="-84.3982300">
    <ele>307.0</ele>
    <time>2025-10-03T22:16:09Z</time>
   </trkpt>
   <trkpt lat="33.7684430" lon="-84.3982280">
    <ele>307.0</ele>
    <time>2025-10-03T22:16:10Z</time>
   </trkpt>
   <trkpt lat="33.7684350" lon="-84.3982250">
    <ele>307.0</ele>
    <time>2025-10-03T22:16:11Z</time>
   </trkpt>
   <trkpt lat="33.7684110" lon="-84.3982190">
    <ele>307.2</ele>
    <time>2025-10-03T22:16:12Z</time>
   </trkpt>
   <trkpt lat="33.7684000" lon="-84.3982170">
    <ele>307.2</ele>
    <time>2025-10-03T22:16:13Z</time>
   </trkpt>
   <trkpt lat="33.7683880" lon="-84.3982140">
    <ele>307.2</ele>
    <time>2025-10-03T22:16:14Z</time>
   </trkpt>
   <trkpt lat="33.7683770" lon="-84.3982120">
    <ele>307.2</ele>
    <time>2025-10-03T22:16:15Z</time>
   </trkpt>
   <trkpt lat="33.7683660" lon="-84.3982100">
    <ele>307.2</ele>
    <time>2025-10-03T22:16:16Z</time>
   </trkpt>
   <trkpt lat="33.7683550" lon="-84.3982070">
    <ele>307.4</ele>
    <time>2025-10-03T22:16:17Z</time>
   </trkpt>
   <trkpt lat="33.7683440" lon="-84.3982040">
    <ele>307.4</ele>
    <time>2025-10-03T22:16:18Z</time>
   </trkpt>
   <trkpt lat="33.7683220" lon="-84.3981950">
    <ele>307.4</ele>
    <time>2025-10-03T22:16:19Z</time>
   </trkpt>
   <trkpt lat="33.7683120" lon="-84.3981900">
    <ele>307.6</ele>
    <time>2025-10-03T22:16:20Z</time>
   </trkpt>
   <trkpt lat="33.7683010" lon="-84.3981860">
    <ele>307.6</ele>
    <time>2025-10-03T22:16:21Z</time>
   </trkpt>
   <trkpt lat="33.7682910" lon="-84.3981810">
    <ele>307.6</ele>
    <time>2025-10-03T22:16:22Z</time>
   </trkpt>
   <trkpt lat="33.7682800" lon="-84.3981770">
    <ele>307.6</ele>
    <time>2025-10-03T22:16:23Z</time>
   </trkpt>
   <trkpt lat="33.7682660" lon="-84.3981710">
    <ele>307.8</ele>
    <time>2025-10-03T22:16:24Z</time>
   </trkpt>
   <trkpt lat="33.7682530" lon="-84.3981660">
    <ele>307.8</ele>
    <time>2025-10-03T22:16:25Z</time>
   </trkpt>
   <trkpt lat="33.7682390" lon="-84.3981610">
    <ele>307.8</ele>
    <time>2025-10-03T22:16:26Z</time>
   </trkpt>
   <trkpt lat="33.7682150" lon="-84.3981520">
    <ele>307.8</ele>
    <time>2025-10-03T22:16:27Z</time>
   </trkpt>
   <trkpt lat="33.7682050" lon="-84.3981490">
    <ele>307.8</ele>
    <time>2025-10-03T22:16:28Z</time>
   </trkpt>
   <trkpt lat="33.7681950" lon="-84.3981450">
    <ele>307.8</ele>
    <time>2025-10-03T22:16:29Z</time>
   </trkpt>
   <trkpt lat="33.7681740" lon="-84.3981360">
    <ele>307.6</ele>
    <time>2025-10-03T22:16:30Z</time>
   </trkpt>
   <trkpt lat="33.7681670" lon="-84.3981330">
    <ele>307.6</ele>
    <time>2025-10-03T22:16:31Z</time>
   </trkpt>
   <trkpt lat="33.7681450" lon="-84.3981220">
    <ele>307.6</ele>
    <time>2025-10-03T22:16:32Z</time>
   </trkpt>
   <trkpt lat="33.7681350" lon="-84.3981170">
    <ele>307.6</ele>
    <time>2025-10-03T22:16:33Z</time>
   </trkpt>
   <trkpt lat="33.7681260" lon="-84.3981120">
    <ele>307.4</ele>
    <time>2025-10-03T22:16:34Z</time>
   </trkpt>
   <trkpt lat="33.7681050" lon="-84.3981010">
    <ele>307.4</ele>
    <time>2025-10-03T22:16:35Z</time>
   </trkpt>
   <trkpt lat="33.7680980" lon="-84.3980980">
    <ele>307.4</ele>
    <time>2025-10-03T22:16:36Z</time>
   </trkpt>
   <trkpt lat="33.7680860" lon="-84.3980920">
    <ele>307.4</ele>
    <time>2025-10-03T22:16:37Z</time>
   </trkpt>
   <trkpt lat="33.7680750" lon="-84.3980860">
    <ele>307.2</ele>
    <time>2025-10-03T22:16:38Z</time>
   </trkpt>
   <trkpt lat="33.7680640" lon="-84.3980800">
    <ele>307.2</ele>
    <time>2025-10-03T22:16:39Z</time>
   </trkpt>
   <trkpt lat="33.7680410" lon="-84.3980700">
    <ele>307.2</ele>
    <time>2025-10-03T22:16:40Z</time>
   </trkpt>
   <trkpt lat="33.7680300" lon="-84.3980670">
    <ele>307.2</ele>
    <time>2025-10-03T22:16:41Z</time>
   </trkpt>
   <trkpt lat="33.7680180" lon="-84.3980630">
    <ele>307.2</ele>
    <time>2025-10-03T22:16:42Z</time>
   </trkpt>
   <trkpt lat="33.7680070" lon="-84.3980600">
    <ele>307.2</ele>
    <time>2025-10-03T22:16:43Z</time>
   </trkpt>
   <trkpt lat="33.7679960" lon="-84.3980560">
    <ele>307.2</ele>
    <time>2025-10-03T22:16:44Z</time>
   </trkpt>
   <trkpt lat="33.7679820" lon="-84.3980510">
    <ele>307.2</ele>
    <time>2025-10-03T22:16:45Z</time>
   </trkpt>
   <trkpt lat="33.7679680" lon="-84.3980450">
    <ele>307.2</ele>
    <time>2025-10-03T22:16:46Z</time>
   </trkpt>
   <trkpt lat="33.7679540" lon="-84.3980380">
    <ele>307.2</ele>
    <time>2025-10-03T22:16:47Z</time>
   </trkpt>
   <trkpt lat="33.7679410" lon="-84.3980310">
    <ele>307.2</ele>
    <time>2025-10-03T22:16:48Z</time>
   </trkpt>
   <trkpt lat="33.7679270" lon="-84.3980230">
    <ele>307.2</ele>
    <time>2025-10-03T22:16:49Z</time>
   </trkpt>
   <trkpt lat="33.7679090" lon="-84.3980110">
    <ele>307.2</ele>
    <time>2025-10-03T22:16:50Z</time>
   </trkpt>
   <trkpt lat="33.7679020" lon="-84.3980070">
    <ele>307.2</ele>
    <time>2025-10-03T22:16:51Z</time>
   </trkpt>
   <trkpt lat="33.7678900" lon="-84.3980000">
    <ele>307.0</ele>
    <time>2025-10-03T22:16:52Z</time>
   </trkpt>
   <trkpt lat="33.7678780" lon="-84.3979930">
    <ele>307.0</ele>
    <time>2025-10-03T22:16:53Z</time>
   </trkpt>
   <trkpt lat="33.7678650" lon="-84.3979870">
    <ele>307.0</ele>
    <time>2025-10-03T22:16:54Z</time>
   </trkpt>
   <trkpt lat="33.7678420" lon="-84.3979800">
    <ele>307.0</ele>
    <time>2025-10-03T22:16:55Z</time>
   </trkpt>
   <trkpt lat="33.7678320" lon="-84.3979770">
    <ele>307.0</ele>
    <time>2025-10-03T22:16:56Z</time>
   </trkpt>
   <trkpt lat="33.7678230" lon="-84.3979750">
    <ele>307.0</ele>
    <time>2025-10-03T22:16:57Z</time>
   </trkpt>
   <trkpt lat="33.7678090" lon="-84.3979720">
    <ele>307.0</ele>
    <time>2025-10-03T22:16:58Z</time>
   </trkpt>
   <trkpt lat="33.7677960" lon="-84.3979700">
    <ele>306.8</ele>
    <time>2025-10-03T22:16:59Z</time>
   </trkpt>
   <trkpt lat="33.7677740" lon="-84.3979660">
    <ele>306.8</ele>
    <time>2025-10-03T22:17:00Z</time>
   </trkpt>
   <trkpt lat="33.7677650" lon="-84.3979640">
    <ele>306.8</ele>
    <time>2025-10-03T22:17:01Z</time>
   </trkpt>
   <trkpt lat="33.7677570" lon="-84.3979620">
    <ele>306.8</ele>
    <time>2025-10-03T22:17:02Z</time>
   </trkpt>
   <trkpt lat="33.7677440" lon="-84.3979580">
    <ele>306.8</ele>
    <time>2025-10-03T22:17:03Z</time>
   </trkpt>
   <trkpt lat="33.7677330" lon="-84.3979530">
    <ele>306.8</ele>
    <time>2025-10-03T22:17:04Z</time>
   </trkpt>
   <trkpt lat="33.7677200" lon="-84.3979480">
    <ele>306.8</ele>
    <time>2025-10-03T22:17:05Z</time>
   </trkpt>
   <trkpt lat="33.7677070" lon="-84.3979430">
    <ele>306.8</ele>
    <time>2025-10-03T22:17:06Z</time>
   </trkpt>
   <trkpt lat="33.7676940" lon="-84.3979380">
    <ele>306.8</ele>
    <time>2025-10-03T22:17:07Z</time>
   </trkpt>
   <trkpt lat="33.7676810" lon="-84.3979330">
    <ele>306.8</ele>
    <time>2025-10-03T22:17:08Z</time>
   </trkpt>
   <trkpt lat="33.7676680" lon="-84.3979270">
    <ele>306.8</ele>
    <time>2025-10-03T22:17:09Z</time>
   </trkpt>
   <trkpt lat="33.7676540" lon="-84.3979220">
    <ele>306.8</ele>
    <time>2025-10-03T22:17:10Z</time>
   </trkpt>
   <trkpt lat="33.7676410" lon="-84.3979170">
    <ele>307.0</ele>
    <time>2025-10-03T22:17:11Z</time>
   </trkpt>
   <trkpt lat="33.7676270" lon="-84.3979120">
    <ele>307.0</ele>
    <time>2025-10-03T22:17:12Z</time>
   </trkpt>
   <trkpt lat="33.7676140" lon="-84.3979050">
    <ele>307.0</ele>
    <time>2025-10-03T22:17:13Z</time>
   </trkpt>
   <trkpt lat="33.7676010" lon="-84.3978980">
    <ele>307.0</ele>
    <time>2025-10-03T22:17:14Z</time>
   </trkpt>
   <trkpt lat="33.7675880" lon="-84.3978910">
    <ele>307.0</ele>
    <time>2025-10-03T22:17:15Z</time>
   </trkpt>
   <trkpt lat="33.7675770" lon="-84.3978850">
    <ele>307.2</ele>
    <time>2025-10-03T22:17:16Z</time>
   </trkpt>
   <trkpt lat="33.7675670" lon="-84.3978800">
    <ele>307.2</ele>
    <time>2025-10-03T22:17:17Z</time>
   </trkpt>
   <trkpt lat="33.7675480" lon="-84.3978750">
    <ele>307.2</ele>
    <time>2025-10-03T22:17:18Z</time>
   </trkpt>
   <trkpt lat="33.7675380" lon="-84.3978730">
    <ele>307.2</ele>
    <time>2025-10-03T22:17:19Z</time>
   </trkpt>
   <trkpt lat="33.7675270" lon="-84.3978720">
    <ele>307.2</ele>
    <time>2025-10-03T22:17:20Z</time>
   </trkpt>
   <trkpt lat="33.7675170" lon="-84.3978700">
    <ele>307.4</ele>
    <time>2025-10-03T22:17:21Z</time>
   </trkpt>
   <trkpt lat="33.7675070" lon="-84.3978680">
    <ele>307.4</ele>
    <time>2025-10-03T22:17:22Z</time>
   </trkpt>
   <trkpt lat="33.7674920" lon="-84.3978670">
    <ele>307.4</ele>
    <time>2025-10-03T22:17:23Z</time>
   </trkpt>
   <trkpt lat="33.7674780" lon="-84.3978650">
    <ele>307.4</ele>
    <time>2025-10-03T22:17:24Z</time>
   </trkpt>
   <trkpt lat="33.7674630" lon="-84.3978620">
    <ele>307.4</ele>
    <time>2025-10-03T22:17:25Z</time>
   </trkpt>
   <trkpt lat="33.7674410" lon="-84.3978560">
    <ele>307.4</ele>
    <time>2025-10-03T22:17:26Z</time>
   </trkpt>
   <trkpt lat="33.7674340" lon="-84.3978540">
    <ele>307.4</ele>
    <time>2025-10-03T22:17:27Z</time>
   </trkpt>
   <trkpt lat="33.7674120" lon="-84.3978470">
    <ele>307.4</ele>
    <time>2025-10-03T22:17:28Z</time>
   </trkpt>
   <trkpt lat="33.7674030" lon="-84.3978430">
    <ele>307.4</ele>
    <time>2025-10-03T22:17:29Z</time>
   </trkpt>
   <trkpt lat="33.7673950" lon="-84.3978400">
    <ele>307.4</ele>
    <time>2025-10-03T22:17:30Z</time>
   </trkpt>
   <trkpt lat="33.7673850" lon="-84.3978360">
    <ele>307.4</ele>
    <time>2025-10-03T22:17:31Z</time>
   </trkpt>
   <trkpt lat="33.7673760" lon="-84.3978320">
    <ele>307.4</ele>
    <time>2025-10-03T22:17:32Z</time>
   </trkpt>
   <trkpt lat="33.7673560" lon="-84.3978230">
    <ele>307.2</ele>
    <time>2025-10-03T22:17:33Z</time>
   </trkpt>
   <trkpt lat="33.7673460" lon="-84.3978190">
    <ele>307.2</ele>
    <time>2025-10-03T22:17:34Z</time>
   </trkpt>
   <trkpt lat="33.7673360" lon="-84.3978140">
    <ele>307.2</ele>
    <time>2025-10-03T22:17:35Z</time>
   </trkpt>
   <trkpt lat="33.7673260" lon="-84.3978100">
    <ele>307.2</ele>
    <time>2025-10-03T22:17:36Z</time>
   </trkpt>
   <trkpt lat="33.7673160" lon="-84.3978050">
    <ele>307.2</ele>
    <time>2025-10-03T22:17:37Z</time>
   </trkpt>
   <trkpt lat="33.7673040" lon="-84.3977990">
    <ele>307.2</ele>
    <time>2025-10-03T22:17:38Z</time>
   </trkpt>
   <trkpt lat="33.7672930" lon="-84.3977930">
    <ele>307.2</ele>
    <time>2025-10-03T22:17:39Z</time>
   </trkpt>
   <trkpt lat="33.7672810" lon="-84.3977880">
    <ele>307.0</ele>
    <time>2025-10-03T22:17:40Z</time>
   </trkpt>
   <trkpt lat="33.7672700" lon="-84.3977830">
    <ele>307.0</ele>
    <time>2025-10-03T22:17:41Z</time>
   </trkpt>
   <trkpt lat="33.7672580" lon="-84.3977780">
    <ele>307.0</ele>
    <time>2025-10-03T22:17:42Z</time>
   </trkpt>
   <trkpt lat="33.7672460" lon="-84.3977730">
    <ele>307.0</ele>
    <time>2025-10-03T22:17:43Z</time>
   </trkpt>
   <trkpt lat="33.7672350" lon="-84.3977690">
    <ele>307.0</ele>
    <time>2025-10-03T22:17:44Z</time>
   </trkpt>
   <trkpt lat="33.7672220" lon="-84.3977650">
    <ele>307.0</ele>
    <time>2025-10-03T22:17:45Z</time>
   </trkpt>
   <trkpt lat="33.7672010" lon="-84.3977590">
    <ele>307.0</ele>
    <time>2025-10-03T22:17:46Z</time>
   </trkpt>
   <trkpt lat="33.7671920" lon="-84.3977570">
    <ele>307.0</ele>
    <time>2025-10-03T22:17:47Z</time>
   </trkpt>
   <trkpt lat="33.7671840" lon="-84.3977550">
    <ele>307.0</ele>
    <time>2025-10-03T22:17:48Z</time>
   </trkpt>
   <trkpt lat="33.7671730" lon="-84.3977520">
    <ele>307.0</ele>
    <time>2025-10-03T22:17:49Z</time>
   </trkpt>
   <trkpt lat="33.7671630" lon="-84.3977490">
    <ele>307.0</ele>
    <time>2025-10-03T22:17:50Z</time>
   </trkpt>
   <trkpt lat="33.7671560" lon="-84.3977470">
    <ele>307.0</ele>
    <time>2025-10-03T22:17:51Z</time>
   </trkpt>
   <trkpt lat="33.7671510" lon="-84.3977450">
    <ele>306.8</ele>
    <time>2025-10-03T22:17:52Z</time>
   </trkpt>
   <trkpt lat="33.7671470" lon="-84.3977450">
    <ele>306.8</ele>
    <time>2025-10-03T22:17:53Z</time>
   </trkpt>
   <trkpt lat="33.7671310" lon="-84.3977390">
    <ele>306.8</ele>
    <time>2025-10-03T22:17:54Z</time>
   </trkpt>
   <trkpt lat="33.7671210" lon="-84.3977350">
    <ele>306.8</ele>
    <time>2025-10-03T22:17:55Z</time>
   </trkpt>
   <trkpt lat="33.7671100" lon="-84.3977310">
    <ele>306.8</ele>
    <time>2025-10-03T22:17:56Z</time>
   </trkpt>
   <trkpt lat="33.7671000" lon="-84.3977270">
    <ele>306.8</ele>
    <time>2025-10-03T22:17:57Z</time>
   </trkpt>
   <trkpt lat="33.7670900" lon="-84.3977230">
    <ele>306.8</ele>
    <time>2025-10-03T22:17:58Z</time>
   </trkpt>
   <trkpt lat="33.7670760" lon="-84.3977180">
    <ele>306.8</ele>
    <time>2025-10-03T22:17:59Z</time>
   </trkpt>
   <trkpt lat="33.7670620" lon="-84.3977130">
    <ele>306.6</ele>
    <time>2025-10-03T22:18:00Z</time>
   </trkpt>
   <trkpt lat="33.7670390" lon="-84.3977020">
    <ele>306.6</ele>
    <time>2025-10-03T22:18:01Z</time>
   </trkpt>
   <trkpt lat="33.7670290" lon="-84.3976970">
    <ele>306.6</ele>
    <time>2025-10-03T22:18:02Z</time>
   </trkpt>
   <trkpt lat="33.7670200" lon="-84.3976920">
    <ele>306.6</ele>
    <time>2025-10-03T22:18:03Z</time>
   </trkpt>
   <trkpt lat="33.7669990" lon="-84.3976830">
    <ele>306.6</ele>
    <time>2025-10-03T22:18:04Z</time>
   </trkpt>
   <trkpt lat="33.7669920" lon="-84.3976810">
    <ele>306.4</ele>
    <time>2025-10-03T22:18:05Z</time>
   </trkpt>
   <trkpt lat="33.7669780" lon="-84.3976750">
    <ele>306.4</ele>
    <time>2025-10-03T22:18:06Z</time>
   </trkpt>
   <trkpt lat="33.7669660" lon="-84.3976700">
    <ele>306.4</ele>
    <time>2025-10-03T22:18:07Z</time>
   </trkpt>
   <trkpt lat="33.7669550" lon="-84.3976630">
    <ele>306.4</ele>
    <time>2025-10-03T22:18:08Z</time>
   </trkpt>
   <trkpt lat="33.7669450" lon="-84.3976570">
    <ele>306.4</ele>
    <time>2025-10-03T22:18:09Z</time>
   </trkpt>
   <trkpt lat="33.7669320" lon="-84.3976510">
    <ele>306.4</ele>
    <time>2025-10-03T22:18:10Z</time>
   </trkpt>
   <trkpt lat="33.7669190" lon="-84.3976450">
    <ele>306.4</ele>
    <time>2025-10-03T22:18:11Z</time>
   </trkpt>
   <trkpt lat="33.7669060" lon="-84.3976390">
    <ele>306.4</ele>
    <time>2025-10-03T22:18:12Z</time>
   </trkpt>
   <trkpt lat="33.7668920" lon="-84.3976340">
    <ele>306.4</ele>
    <time>2025-10-03T22:18:13Z</time>
   </trkpt>
   <trkpt lat="33.7668780" lon="-84.3976290">
    <ele>306.4</ele>
    <time>2025-10-03T22:18:14Z</time>
   </trkpt>
   <trkpt lat="33.7668620" lon="-84.3976240">
    <ele>306.6</ele>
    <time>2025-10-03T22:18:15Z</time>
   </trkpt>
   <trkpt lat="33.7668470" lon="-84.3976190">
    <ele>306.6</ele>
    <time>2025-10-03T22:18:16Z</time>
   </trkpt>
   <trkpt lat="33.7668250" lon="-84.3976100">
    <ele>306.6</ele>
    <time>2025-10-03T22:18:17Z</time>
   </trkpt>
   <trkpt lat="33.7668170" lon="-84.3976080">
    <ele>306.6</ele>
    <time>2025-10-03T22:18:18Z</time>
   </trkpt>
   <trkpt lat="33.7668030" lon="-84.3976010">
    <ele>306.6</ele>
    <time>2025-10-03T22:18:19Z</time>
   </trkpt>
   <trkpt lat="33.7667880" lon="-84.3975950">
    <ele>306.6</ele>
    <time>2025-10-03T22:18:20Z</time>
   </trkpt>
   <trkpt lat="33.7667730" lon="-84.3975890">
    <ele>306.6</ele>
    <time>2025-10-03T22:18:21Z</time>
   </trkpt>
   <trkpt lat="33.7667500" lon="-84.3975810">
    <ele>306.6</ele>
    <time>2025-10-03T22:18:22Z</time>
   </trkpt>
   <trkpt lat="33.7667420" lon="-84.3975780">
    <ele>306.6</ele>
    <time>2025-10-03T22:18:23Z</time>
   </trkpt>
   <trkpt lat="33.7667190" lon="-84.3975690">
    <ele>306.6</ele>
    <time>2025-10-03T22:18:24Z</time>
   </trkpt>
   <trkpt lat="33.7667090" lon="-84.3975640">
    <ele>306.6</ele>
    <time>2025-10-03T22:18:25Z</time>
   </trkpt>
   <trkpt lat="33.7667000" lon="-84.3975600">
    <ele>306.6</ele>
    <time>2025-10-03T22:18:26Z</time>
   </trkpt>
   <trkpt lat="33.7666810" lon="-84.3975510">
    <ele>306.6</ele>
    <time>2025-10-03T22:18:27Z</time>
   </trkpt>
   <trkpt lat="33.7666740" lon="-84.3975480">
    <ele>306.6</ele>
    <time>2025-10-03T22:18:28Z</time>
   </trkpt>
   <trkpt lat="33.7666600" lon="-84.3975430">
    <ele>306.6</ele>
    <time>2025-10-03T22:18:29Z</time>
   </trkpt>
   <trkpt lat="33.7666480" lon="-84.3975390">
    <ele>306.8</ele>
    <time>2025-10-03T22:18:30Z</time>
   </trkpt>
   <trkpt lat="33.7666350" lon="-84.3975350">
    <ele>306.8</ele>
    <time>2025-10-03T22:18:31Z</time>
   </trkpt>
   <trkpt lat="33.7666230" lon="-84.3975310">
    <ele>306.8</ele>
    <time>2025-10-03T22:18:32Z</time>
   </trkpt>
   <trkpt lat="33.7666100" lon="-84.3975280">
    <ele>307.0</ele>
    <time>2025-10-03T22:18:33Z</time>
   </trkpt>
   <trkpt lat="33.7665960" lon="-84.3975230">
    <ele>307.0</ele>
    <time>2025-10-03T22:18:34Z</time>
   </trkpt>
   <trkpt lat="33.7665750" lon="-84.3975160">
    <ele>307.2</ele>
    <time>2025-10-03T22:18:35Z</time>
   </trkpt>
   <trkpt lat="33.7665680" lon="-84.3975140">
    <ele>307.2</ele>
    <time>2025-10-03T22:18:36Z</time>
   </trkpt>
   <trkpt lat="33.7665540" lon="-84.3975100">
    <ele>307.4</ele>
    <time>2025-10-03T22:18:37Z</time>
   </trkpt>
   <trkpt lat="33.7665410" lon="-84.3975050">
    <ele>307.4</ele>
    <time>2025-10-03T22:18:38Z</time>
   </trkpt>
   <trkpt lat="33.7665290" lon="-84.3975010">
    <ele>307.6</ele>
    <time>2025-10-03T22:18:39Z</time>
   </trkpt>
   <trkpt lat="33.7665160" lon="-84.3974970">
    <ele>307.6</ele>
    <time>2025-10-03T22:18:40Z</time>
   </trkpt>
   <trkpt lat="33.7665030" lon="-84.3974930">
    <ele>307.8</ele>
    <time>2025-10-03T22:18:41Z</time>
   </trkpt>
   <trkpt lat="33.7664910" lon="-84.3974880">
    <ele>307.8</ele>
    <time>2025-10-03T22:18:42Z</time>
   </trkpt>
   <trkpt lat="33.7664770" lon="-84.3974840">
    <ele>308.0</ele>
    <time>2025-10-03T22:18:43Z</time>
   </trkpt>
   <trkpt lat="33.7664640" lon="-84.3974790">
    <ele>308.0</ele>
    <time>2025-10-03T22:18:44Z</time>
   </trkpt>
   <trkpt lat="33.7664500" lon="-84.3974750">
    <ele>308.0</ele>
    <time>2025-10-03T22:18:45Z</time>
   </trkpt>
   <trkpt lat="33.7664360" lon="-84.3974710">
    <ele>308.2</ele>
    <time>2025-10-03T22:18:46Z</time>
   </trkpt>
   <trkpt lat="33.7664230" lon="-84.3974670">
    <ele>308.2</ele>
    <time>2025-10-03T22:18:47Z</time>
   </trkpt>
   <trkpt lat="33.7664110" lon="-84.3974640">
    <ele>308.2</ele>
    <time>2025-10-03T22:18:48Z</time>
   </trkpt>
   <trkpt lat="33.7663990" lon="-84.3974590">
    <ele>308.2</ele>
    <time>2025-10-03T22:18:49Z</time>
   </trkpt>
   <trkpt lat="33.7663860" lon="-84.3974560">
    <ele>308.2</ele>
    <time>2025-10-03T22:18:50Z</time>
   </trkpt>
   <trkpt lat="33.7663730" lon="-84.3974530">
    <ele>308.2</ele>
    <time>2025-10-03T22:18:51Z</time>
   </trkpt>
   <trkpt lat="33.7663500" lon="-84.3974460">
    <ele>308.2</ele>
    <time>2025-10-03T22:18:52Z</time>
   </trkpt>
   <trkpt lat="33.7663410" lon="-84.3974430">
    <ele>308.2</ele>
    <time>2025-10-03T22:18:53Z</time>
   </trkpt>
   <trkpt lat="33.7663310" lon="-84.3974400">
    <ele>308.2</ele>
    <time>2025-10-03T22:18:54Z</time>
   </trkpt>
   <trkpt lat="33.7663120" lon="-84.3974330">
    <ele>308.2</ele>
    <time>2025-10-03T22:18:55Z</time>
   </trkpt>
   <trkpt lat="33.7663050" lon="-84.3974300">
    <ele>308.2</ele>
    <time>2025-10-03T22:18:56Z</time>
   </trkpt>
   <trkpt lat="33.7662910" lon="-84.3974240">
    <ele>308.2</ele>
    <time>2025-10-03T22:18:57Z</time>
   </trkpt>
   <trkpt lat="33.7662780" lon="-84.3974170">
    <ele>308.2</ele>
    <time>2025-10-03T22:18:58Z</time>
   </trkpt>
   <trkpt lat="33.7662640" lon="-84.3974120">
    <ele>308.2</ele>
    <time>2025-10-03T22:18:59Z</time>
   </trkpt>
   <trkpt lat="33.7662500" lon="-84.3974060">
    <ele>308.2</ele>
    <time>2025-10-03T22:19:00Z</time>
   </trkpt>
   <trkpt lat="33.7662370" lon="-84.3974010">
    <ele>308.2</ele>
    <time>2025-10-03T22:19:01Z</time>
   </trkpt>
   <trkpt lat="33.7662230" lon="-84.3973960">
    <ele>308.2</ele>
    <time>2025-10-03T22:19:02Z</time>
   </trkpt>
   <trkpt lat="33.7662030" lon="-84.3973890">
    <ele>308.2</ele>
    <time>2025-10-03T22:19:03Z</time>
   </trkpt>
   <trkpt lat="33.7661960" lon="-84.3973870">
    <ele>308.2</ele>
    <time>2025-10-03T22:19:04Z</time>
   </trkpt>
   <trkpt lat="33.7661830" lon="-84.3973830">
    <ele>308.2</ele>
    <time>2025-10-03T22:19:05Z</time>
   </trkpt>
   <trkpt lat="33.7661690" lon="-84.3973790">
    <ele>308.2</ele>
    <time>2025-10-03T22:19:06Z</time>
   </trkpt>
   <trkpt lat="33.7661550" lon="-84.3973760">
    <ele>308.2</ele>
    <time>2025-10-03T22:19:07Z</time>
   </trkpt>
   <trkpt lat="33.7661320" lon="-84.3973710">
    <ele>308.4</ele>
    <time>2025-10-03T22:19:08Z</time>
   </trkpt>
   <trkpt lat="33.7661240" lon="-84.3973700">
    <ele>308.4</ele>
    <time>2025-10-03T22:19:09Z</time>
   </trkpt>
   <trkpt lat="33.7661090" lon="-84.3973670">
    <ele>308.4</ele>
    <time>2025-10-03T22:19:10Z</time>
   </trkpt>
   <trkpt lat="33.7660940" lon="-84.3973650">
    <ele>308.4</ele>
    <time>2025-10-03T22:19:11Z</time>
   </trkpt>
   <trkpt lat="33.7660790" lon="-84.3973630">
    <ele>308.4</ele>
    <time>2025-10-03T22:19:12Z</time>
   </trkpt>
   <trkpt lat="33.7660580" lon="-84.3973600">
    <ele>308.4</ele>
    <time>2025-10-03T22:19:13Z</time>
   </trkpt>
   <trkpt lat="33.7660510" lon="-84.3973590">
    <ele>308.6</ele>
    <time>2025-10-03T22:19:14Z</time>
   </trkpt>
   <trkpt lat="33.7660260" lon="-84.3973560">
    <ele>308.6</ele>
    <time>2025-10-03T22:19:15Z</time>
   </trkpt>
   <trkpt lat="33.7660150" lon="-84.3973540">
    <ele>308.6</ele>
    <time>2025-10-03T22:19:16Z</time>
   </trkpt>
   <trkpt lat="33.7660050" lon="-84.3973530">
    <ele>308.6</ele>
    <time>2025-10-03T22:19:17Z</time>
   </trkpt>
   <trkpt lat="33.7659910" lon="-84.3973500">
    <ele>308.8</ele>
    <time>2025-10-03T22:19:18Z</time>
   </trkpt>
   <trkpt lat="33.7659760" lon="-84.3973470">
    <ele>308.8</ele>
    <time>2025-10-03T22:19:19Z</time>
   </trkpt>
   <trkpt lat="33.7659520" lon="-84.3973400">
    <ele>308.8</ele>
    <time>2025-10-03T22:19:20Z</time>
   </trkpt>
   <trkpt lat="33.7659420" lon="-84.3973360">
    <ele>309.0</ele>
    <time>2025-10-03T22:19:21Z</time>
   </trkpt>
   <trkpt lat="33.7659330" lon="-84.3973330">
    <ele>309.0</ele>
    <time>2025-10-03T22:19:22Z</time>
   </trkpt>
   <trkpt lat="33.7659210" lon="-84.3973290">
    <ele>309.2</ele>
    <time>2025-10-03T22:19:23Z</time>
   </trkpt>
   <trkpt lat="33.7659080" lon="-84.3973240">
    <ele>309.2</ele>
    <time>2025-10-03T22:19:24Z</time>
   </trkpt>
   <trkpt lat="33.7658950" lon="-84.3973200">
    <ele>309.2</ele>
    <time>2025-10-03T22:19:25Z</time>
   </trkpt>
   <trkpt lat="33.7658810" lon="-84.3973150">
    <ele>309.2</ele>
    <time>2025-10-03T22:19:26Z</time>
   </trkpt>
   <trkpt lat="33.7658670" lon="-84.3973110">
    <ele>309.4</ele>
    <time>2025-10-03T22:19:27Z</time>
   </trkpt>
   <trkpt lat="33.7658540" lon="-84.3973080">
    <ele>309.4</ele>
    <time>2025-10-03T22:19:28Z</time>
   </trkpt>
   <trkpt lat="33.7658400" lon="-84.3973040">
    <ele>309.4</ele>
    <time>2025-10-03T22:19:29Z</time>
   </trkpt>
   <trkpt lat="33.7658260" lon="-84.3973010">
    <ele>309.4</ele>
    <time>2025-10-03T22:19:30Z</time>
   </trkpt>
   <trkpt lat="33.7658050" lon="-84.3972960">
    <ele>309.6</ele>
    <time>2025-10-03T22:19:31Z</time>
   </trkpt>
   <trkpt lat="33.7657970" lon="-84.3972940">
    <ele>309.6</ele>
    <time>2025-10-03T22:19:32Z</time>
   </trkpt>
   <trkpt lat="33.7657730" lon="-84.3972900">
    <ele>309.6</ele>
    <time>2025-10-03T22:19:33Z</time>
   </trkpt>
   <trkpt lat="33.7657640" lon="-84.3972900">
    <ele>309.6</ele>
    <time>2025-10-03T22:19:34Z</time>
   </trkpt>
   <trkpt lat="33.7657540" lon="-84.3972890">
    <ele>309.6</ele>
    <time>2025-10-03T22:19:35Z</time>
   </trkpt>
   <trkpt lat="33.7657320" lon="-84.3972880">
    <ele>309.6</ele>
    <time>2025-10-03T22:19:36Z</time>
   </trkpt>
   <trkpt lat="33.7657250" lon="-84.3972880">
    <ele>309.6</ele>
    <time>2025-10-03T22:19:37Z</time>
   </trkpt>
   <trkpt lat="33.7657100" lon="-84.3972880">
    <ele>309.6</ele>
    <time>2025-10-03T22:19:38Z</time>
   </trkpt>
   <trkpt lat="33.7656950" lon="-84.3972870">
    <ele>309.6</ele>
    <time>2025-10-03T22:19:39Z</time>
   </trkpt>
   <trkpt lat="33.7656800" lon="-84.3972860">
    <ele>309.6</ele>
    <time>2025-10-03T22:19:40Z</time>
   </trkpt>
   <trkpt lat="33.7656560" lon="-84.3972830">
    <ele>309.6</ele>
    <time>2025-10-03T22:19:41Z</time>
   </trkpt>
   <trkpt lat="33.7656480" lon="-84.3972820">
    <ele>309.6</ele>
    <time>2025-10-03T22:19:42Z</time>
   </trkpt>
   <trkpt lat="33.7656230" lon="-84.3972770">
    <ele>309.6</ele>
    <time>2025-10-03T22:19:43Z</time>
   </trkpt>
   <trkpt lat="33.7656130" lon="-84.3972760">
    <ele>309.6</ele>
    <time>2025-10-03T22:19:44Z</time>
   </trkpt>
   <trkpt lat="33.7656040" lon="-84.3972740">
    <ele>309.8</ele>
    <time>2025-10-03T22:19:45Z</time>
   </trkpt>
   <trkpt lat="33.7655900" lon="-84.3972710">
    <ele>309.8</ele>
    <time>2025-10-03T22:19:46Z</time>
   </trkpt>
   <trkpt lat="33.7655770" lon="-84.3972700">
    <ele>309.8</ele>
    <time>2025-10-03T22:19:47Z</time>
   </trkpt>
   <trkpt lat="33.7655650" lon="-84.3972680">
    <ele>309.8</ele>
    <time>2025-10-03T22:19:48Z</time>
   </trkpt>
   <trkpt lat="33.7655530" lon="-84.3972650">
    <ele>309.8</ele>
    <time>2025-10-03T22:19:49Z</time>
   </trkpt>
   <trkpt lat="33.7655410" lon="-84.3972610">
    <ele>310.0</ele>
    <time>2025-10-03T22:19:50Z</time>
   </trkpt>
   <trkpt lat="33.7655220" lon="-84.3972550">
    <ele>310.0</ele>
    <time>2025-10-03T22:19:51Z</time>
   </trkpt>
   <trkpt lat="33.7655150" lon="-84.3972530">
    <ele>310.0</ele>
    <time>2025-10-03T22:19:52Z</time>
   </trkpt>
   <trkpt lat="33.7655080" lon="-84.3972510">
    <ele>310.0</ele>
    <time>2025-10-03T22:19:53Z</time>
   </trkpt>
   <trkpt lat="33.7654970" lon="-84.3972490">
    <ele>310.2</ele>
    <time>2025-10-03T22:19:54Z</time>
   </trkpt>
   <trkpt lat="33.7654860" lon="-84.3972460">
    <ele>310.2</ele>
    <time>2025-10-03T22:19:55Z</time>
   </trkpt>
   <trkpt lat="33.7654740" lon="-84.3972440">
    <ele>310.2</ele>
    <time>2025-10-03T22:19:56Z</time>
   </trkpt>
   <trkpt lat="33.7654630" lon="-84.3972420">
    <ele>310.2</ele>
    <time>2025-10-03T22:19:57Z</time>
   </trkpt>
   <trkpt lat="33.7654550" lon="-84.3972410">
    <ele>310.2</ele>
    <time>2025-10-03T22:19:58Z</time>
   </trkpt>
   <trkpt lat="33.7654420" lon="-84.3972460">
    <ele>310.2</ele>
    <time>2025-10-03T22:19:59Z</time>
   </trkpt>
   <trkpt lat="33.7654360" lon="-84.3972510">
    <ele>310.4</ele>
    <time>2025-10-03T22:20:00Z</time>
   </trkpt>
   <trkpt lat="33.7654300" lon="-84.3972550">
    <ele>310.4</ele>
    <time>2025-10-03T22:20:01Z</time>
   </trkpt>
   <trkpt lat="33.7654250" lon="-84.3972590">
    <ele>310.4</ele>
    <time>2025-10-03T22:20:02Z</time>
   </trkpt>
   <trkpt lat="33.7654190" lon="-84.3972630">
    <ele>310.4</ele>
    <time>2025-10-03T22:20:03Z</time>
   </trkpt>
   <trkpt lat="33.7654130" lon="-84.3972680">
    <ele>310.4</ele>
    <time>2025-10-03T22:20:04Z</time>
   </trkpt>
   <trkpt lat="33.7654070" lon="-84.3972720">
    <ele>310.4</ele>
    <time>2025-10-03T22:20:05Z</time>
   </trkpt>
   <trkpt lat="33.7654010" lon="-84.3972770">
    <ele>310.4</ele>
    <time>2025-10-03T22:20:06Z</time>
   </trkpt>
   <trkpt lat="33.7653960" lon="-84.3972810">
    <ele>310.4</ele>
    <time>2025-10-03T22:20:07Z</time>
   </trkpt>
   <trkpt lat="33.7653900" lon="-84.3972850">
    <ele>310.4</ele>
    <time>2025-10-03T22:20:08Z</time>
   </trkpt>
   <trkpt lat="33.7653810" lon="-84.3972890">
    <ele>310.4</ele>
    <time>2025-10-03T22:20:09Z</time>
   </trkpt>
   <trkpt lat="33.7653700" lon="-84.3972930">
    <ele>310.4</ele>
    <time>2025-10-03T22:20:10Z</time>
   </trkpt>
   <trkpt lat="33.7653580" lon="-84.3972960">
    <ele>310.4</ele>
    <time>2025-10-03T22:20:11Z</time>
   </trkpt>
   <trkpt lat="33.7653440" lon="-84.3973000">
    <ele>310.6</ele>
    <time>2025-10-03T22:20:12Z</time>
   </trkpt>
   <trkpt lat="33.7653280" lon="-84.3973050">
    <ele>310.6</ele>
    <time>2025-10-03T22:20:13Z</time>
   </trkpt>
   <trkpt lat="33.7653000" lon="-84.3973110">
    <ele>310.6</ele>
    <time>2025-10-03T22:20:14Z</time>
   </trkpt>
   <trkpt lat="33.7652890" lon="-84.3973120">
    <ele>310.8</ele>
    <time>2025-10-03T22:20:15Z</time>
   </trkpt>
   <trkpt lat="33.7652780" lon="-84.3973140">
    <ele>310.8</ele>
    <time>2025-10-03T22:20:16Z</time>
   </trkpt>
   <trkpt lat="33.7652550" lon="-84.3973150">
    <ele>310.8</ele>
    <time>2025-10-03T22:20:17Z</time>
   </trkpt>
   <trkpt lat="33.7652470" lon="-84.3973150">
    <ele>311.0</ele>
    <time>2025-10-03T22:20:18Z</time>
   </trkpt>
   <trkpt lat="33.7652310" lon="-84.3973140">
    <ele>311.0</ele>
    <time>2025-10-03T22:20:19Z</time>
   </trkpt>
   <trkpt lat="33.7652160" lon="-84.3973120">
    <ele>311.2</ele>
    <time>2025-10-03T22:20:20Z</time>
   </trkpt>
   <trkpt lat="33.7652000" lon="-84.3973100">
    <ele>311.2</ele>
    <time>2025-10-03T22:20:21Z</time>
   </trkpt>
   <trkpt lat="33.7651780" lon="-84.3973060">
    <ele>311.2</ele>
    <time>2025-10-03T22:20:22Z</time>
   </trkpt>
   <trkpt lat="33.7651700" lon="-84.3973050">
    <ele>311.4</ele>
    <time>2025-10-03T22:20:23Z</time>
   </trkpt>
   <trkpt lat="33.7651450" lon="-84.3972980">
    <ele>311.4</ele>
    <time>2025-10-03T22:20:24Z</time>
   </trkpt>
   <trkpt lat="33.7651340" lon="-84.3972950">
    <ele>311.4</ele>
    <time>2025-10-03T22:20:25Z</time>
   </trkpt>
   <trkpt lat="33.7651240" lon="-84.3972920">
    <ele>311.6</ele>
    <time>2025-10-03T22:20:26Z</time>
   </trkpt>
   <trkpt lat="33.7651020" lon="-84.3972860">
    <ele>311.6</ele>
    <time>2025-10-03T22:20:27Z</time>
   </trkpt>
   <trkpt lat="33.7650940" lon="-84.3972840">
    <ele>311.6</ele>
    <time>2025-10-03T22:20:28Z</time>
   </trkpt>
   <trkpt lat="33.7650800" lon="-84.3972800">
    <ele>311.8</ele>
    <time>2025-10-03T22:20:29Z</time>
   </trkpt>
   <trkpt lat="33.7650670" lon="-84.3972760">
    <ele>311.8</ele>
    <time>2025-10-03T22:20:30Z</time>
   </trkpt>
   <trkpt lat="33.7650530" lon="-84.3972720">
    <ele>311.8</ele>
    <time>2025-10-03T22:20:31Z</time>
   </trkpt>
   <trkpt lat="33.7650390" lon="-84.3972690">
    <ele>311.8</ele>
    <time>2025-10-03T22:20:32Z</time>
   </trkpt>
   <trkpt lat="33.7650260" lon="-84.3972660">
    <ele>312.0</ele>
    <time>2025-10-03T22:20:33Z</time>
   </trkpt>
   <trkpt lat="33.7650050" lon="-84.3972600">
    <ele>312.0</ele>
    <time>2025-10-03T22:20:34Z</time>
   </trkpt>
   <trkpt lat="33.7649970" lon="-84.3972570">
    <ele>312.0</ele>
    <time>2025-10-03T22:20:35Z</time>
   </trkpt>
   <trkpt lat="33.7649890" lon="-84.3972550">
    <ele>312.0</ele>
    <time>2025-10-03T22:20:36Z</time>
   </trkpt>
   <trkpt lat="33.7649790" lon="-84.3972520">
    <ele>312.2</ele>
    <time>2025-10-03T22:20:37Z</time>
   </trkpt>
   <trkpt lat="33.7649710" lon="-84.3972510">
    <ele>312.2</ele>
    <time>2025-10-03T22:20:38Z</time>
   </trkpt>
   <trkpt lat="33.7649620" lon="-84.3972500">
    <ele>312.2</ele>
    <time>2025-10-03T22:20:39Z</time>
   </trkpt>
   <trkpt lat="33.7649420" lon="-84.3972490">
    <ele>312.2</ele>
    <time>2025-10-03T22:20:40Z</time>
   </trkpt>
   <trkpt lat="33.7649320" lon="-84.3972470">
    <ele>312.2</ele>
    <time>2025-10-03T22:20:41Z</time>
   </trkpt>
   <trkpt lat="33.7649220" lon="-84.3972460">
    <ele>312.4</ele>
    <time>2025-10-03T22:20:42Z</time>
   </trkpt>
   <trkpt lat="33.7649120" lon="-84.3972440">
    <ele>312.4</ele>
    <time>2025-10-03T22:20:43Z</time>
   </trkpt>
   <trkpt lat="33.7649020" lon="-84.3972430">
    <ele>312.4</ele>
    <time>2025-10-03T22:20:44Z</time>
   </trkpt>
   <trkpt lat="33.7648900" lon="-84.3972410">
    <ele>312.6</ele>
    <time>2025-10-03T22:20:45Z</time>
   </trkpt>
   <trkpt lat="33.7648790" lon="-84.3972380">
    <ele>312.6</ele>
    <time>2025-10-03T22:20:46Z</time>
   </trkpt>
   <trkpt lat="33.7648680" lon="-84.3972370">
    <ele>312.8</ele>
    <time>2025-10-03T22:20:47Z</time>
   </trkpt>
   <trkpt lat="33.7648580" lon="-84.3972380">
    <ele>312.8</ele>
    <time>2025-10-03T22:20:48Z</time>
   </trkpt>
   <trkpt lat="33.7648490" lon="-84.3972400">
    <ele>312.8</ele>
    <time>2025-10-03T22:20:49Z</time>
   </trkpt>
   <trkpt lat="33.7648400" lon="-84.3972430">
    <ele>313.0</ele>
    <time>2025-10-03T22:20:50Z</time>
   </trkpt>
   <trkpt lat="33.7648310" lon="-84.3972460">
    <ele>313.0</ele>
    <time>2025-10-03T22:20:51Z</time>
   </trkpt>
   <trkpt lat="33.7648200" lon="-84.3972500">
    <ele>313.2</ele>
    <time>2025-10-03T22:20:52Z</time>
   </trkpt>
   <trkpt lat="33.7648080" lon="-84.3972540">
    <ele>313.2</ele>
    <time>2025-10-03T22:20:53Z</time>
   </trkpt>
   <trkpt lat="33.7647950" lon="-84.3972580">
    <ele>313.2</ele>
    <time>2025-10-03T22:20:54Z</time>
   </trkpt>
   <trkpt lat="33.7647810" lon="-84.3972610">
    <ele>313.4</ele>
    <time>2025-10-03T22:20:55Z</time>
   </trkpt>
   <trkpt lat="33.7647660" lon="-84.3972640">
    <ele>313.4</ele>
    <time>2025-10-03T22:20:56Z</time>
   </trkpt>
   <trkpt lat="33.7647520" lon="-84.3972660">
    <ele>313.4</ele>
    <time>2025-10-03T22:20:57Z</time>
   </trkpt>
   <trkpt lat="33.7647370" lon="-84.3972680">
    <ele>313.4</ele>
    <time>2025-10-03T22:20:58Z</time>
   </trkpt>
   <trkpt lat="33.7647220" lon="-84.3972690">
    <ele>313.4</ele>
    <time>2025-10-03T22:20:59Z</time>
   </trkpt>
   <trkpt lat="33.7646980" lon="-84.3972680">
    <ele>313.4</ele>
    <time>2025-10-03T22:21:00Z</time>
   </trkpt>
   <trkpt lat="33.7646900" lon="-84.3972680">
    <ele>313.4</ele>
    <time>2025-10-03T22:21:01Z</time>
   </trkpt>
   <trkpt lat="33.7646620" lon="-84.3972660">
    <ele>313.4</ele>
    <time>2025-10-03T22:21:02Z</time>
   </trkpt>
   <trkpt lat="33.7646520" lon="-84.3972650">
    <ele>313.4</ele>
    <time>2025-10-03T22:21:03Z</time>
   </trkpt>
   <trkpt lat="33.7646410" lon="-84.3972640">
    <ele>313.4</ele>
    <time>2025-10-03T22:21:04Z</time>
   </trkpt>
   <trkpt lat="33.7646150" lon="-84.3972600">
    <ele>313.2</ele>
    <time>2025-10-03T22:21:05Z</time>
   </trkpt>
   <trkpt lat="33.7646050" lon="-84.3972580">
    <ele>313.2</ele>
    <time>2025-10-03T22:21:06Z</time>
   </trkpt>
   <trkpt lat="33.7645950" lon="-84.3972550">
    <ele>313.2</ele>
    <time>2025-10-03T22:21:07Z</time>
   </trkpt>
   <trkpt lat="33.7645810" lon="-84.3972490">
    <ele>313.2</ele>
    <time>2025-10-03T22:21:08Z</time>
   </trkpt>
   <trkpt lat="33.7645670" lon="-84.3972420">
    <ele>313.2</ele>
    <time>2025-10-03T22:21:09Z</time>
   </trkpt>
   <trkpt lat="33.7645550" lon="-84.3972370">
    <ele>313.2</ele>
    <time>2025-10-03T22:21:10Z</time>
   </trkpt>
   <trkpt lat="33.7645420" lon="-84.3972320">
    <ele>313.2</ele>
    <time>2025-10-03T22:21:11Z</time>
   </trkpt>
   <trkpt lat="33.7645300" lon="-84.3972250">
    <ele>313.2</ele>
    <time>2025-10-03T22:21:12Z</time>
   </trkpt>
   <trkpt lat="33.7645170" lon="-84.3972200">
    <ele>313.2</ele>
    <time>2025-10-03T22:21:13Z</time>
   </trkpt>
   <trkpt lat="33.7645040" lon="-84.3972150">
    <ele>313.2</ele>
    <time>2025-10-03T22:21:14Z</time>
   </trkpt>
   <trkpt lat="33.7644850" lon="-84.3972100">
    <ele>313.2</ele>
    <time>2025-10-03T22:21:15Z</time>
   </trkpt>
   <trkpt lat="33.7644780" lon="-84.3972080">
    <ele>313.2</ele>
    <time>2025-10-03T22:21:16Z</time>
   </trkpt>
   <trkpt lat="33.7644710" lon="-84.3972060">
    <ele>313.2</ele>
    <time>2025-10-03T22:21:17Z</time>
   </trkpt>
   <trkpt lat="33.7644630" lon="-84.3972030">
    <ele>313.2</ele>
    <time>2025-10-03T22:21:18Z</time>
   </trkpt>
   <trkpt lat="33.7644560" lon="-84.3971990">
    <ele>313.2</ele>
    <time>2025-10-03T22:21:19Z</time>
   </trkpt>
   <trkpt lat="33.7644490" lon="-84.3971950">
    <ele>313.2</ele>
    <time>2025-10-03T22:21:20Z</time>
   </trkpt>
   <trkpt lat="33.7644510" lon="-84.3971960">
    <ele>313.2</ele>
    <time>2025-10-03T22:21:21Z</time>
   </trkpt>
   <trkpt lat="33.7644520" lon="-84.3971970">
    <ele>313.2</ele>
    <time>2025-10-03T22:21:22Z</time>
   </trkpt>
   <trkpt lat="33.7644540" lon="-84.3971990">
    <ele>313.2</ele>
    <time>2025-10-03T22:21:23Z</time>
   </trkpt>
   <trkpt lat="33.7644550" lon="-84.3972000">
    <ele>313.2</ele>
    <time>2025-10-03T22:21:24Z</time>
   </trkpt>
   <trkpt lat="33.7644570" lon="-84.3972010">
    <ele>313.2</ele>
    <time>2025-10-03T22:21:25Z</time>
   </trkpt>
   <trkpt lat="33.7644580" lon="-84.3972020">
    <ele>313.2</ele>
    <time>2025-10-03T22:21:26Z</time>
   </trkpt>
   <trkpt lat="33.7644600" lon="-84.3972030">
    <ele>313.2</ele>
    <time>2025-10-03T22:21:27Z</time>
   </trkpt>
   <trkpt lat="33.7644610" lon="-84.3972040">
    <ele>313.2</ele>
    <time>2025-10-03T22:21:28Z</time>
   </trkpt>
   <trkpt lat="33.7644630" lon="-84.3972050">
    <ele>313.2</ele>
    <time>2025-10-03T22:21:29Z</time>
   </trkpt>
   <trkpt lat="33.7644640" lon="-84.3972070">
    <ele>313.2</ele>
    <time>2025-10-03T22:21:30Z</time>
   </trkpt>
   <trkpt lat="33.7644660" lon="-84.3972080">
    <ele>313.2</ele>
    <time>2025-10-03T22:21:31Z</time>
   </trkpt>
   <trkpt lat="33.7644670" lon="-84.3972090">
    <ele>313.2</ele>
    <time>2025-10-03T22:21:32Z</time>
   </trkpt>
   <trkpt lat="33.7644690" lon="-84.3972100">
    <ele>313.2</ele>
    <time>2025-10-03T22:21:33Z</time>
   </trkpt>
   <trkpt lat="33.7644700" lon="-84.3972110">
    <ele>313.2</ele>
    <time>2025-10-03T22:21:34Z</time>
   </trkpt>
   <trkpt lat="33.7644710" lon="-84.3972120">
    <ele>313.4</ele>
    <time>2025-10-03T22:21:35Z</time>
   </trkpt>
   <trkpt lat="33.7644730" lon="-84.3972130">
    <ele>313.4</ele>
    <time>2025-10-03T22:21:36Z</time>
   </trkpt>
   <trkpt lat="33.7644740" lon="-84.3972150">
    <ele>313.4</ele>
    <time>2025-10-03T22:21:37Z</time>
   </trkpt>
   <trkpt lat="33.7644760" lon="-84.3972160">
    <ele>313.4</ele>
    <time>2025-10-03T22:21:38Z</time>
   </trkpt>
   <trkpt lat="33.7644770" lon="-84.3972170">
    <ele>313.4</ele>
    <time>2025-10-03T22:21:39Z</time>
   </trkpt>
   <trkpt lat="33.7644790" lon="-84.3972180">
    <ele>313.4</ele>
    <time>2025-10-03T22:21:40Z</time>
   </trkpt>
   <trkpt lat="33.7644800" lon="-84.3972190">
    <ele>313.4</ele>
    <time>2025-10-03T22:21:41Z</time>
   </trkpt>
   <trkpt lat="33.7644820" lon="-84.3972200">
    <ele>313.4</ele>
    <time>2025-10-03T22:21:42Z</time>
   </trkpt>
   <trkpt lat="33.7644830" lon="-84.3972210">
    <ele>313.4</ele>
    <time>2025-10-03T22:21:43Z</time>
   </trkpt>
   <trkpt lat="33.7644850" lon="-84.3972230">
    <ele>313.4</ele>
    <time>2025-10-03T22:21:44Z</time>
   </trkpt>
   <trkpt lat="33.7644860" lon="-84.3972240">
    <ele>313.6</ele>
    <time>2025-10-03T22:21:45Z</time>
   </trkpt>
   <trkpt lat="33.7644880" lon="-84.3972250">
    <ele>313.6</ele>
    <time>2025-10-03T22:21:46Z</time>
   </trkpt>
   <trkpt lat="33.7644890" lon="-84.3972260">
    <ele>313.6</ele>
    <time>2025-10-03T22:21:47Z</time>
   </trkpt>
   <trkpt lat="33.7644910" lon="-84.3972270">
    <ele>313.6</ele>
    <time>2025-10-03T22:21:48Z</time>
   </trkpt>
   <trkpt lat="33.7644920" lon="-84.3972280">
    <ele>313.6</ele>
    <time>2025-10-03T22:21:49Z</time>
   </trkpt>
   <trkpt lat="33.7644940" lon="-84.3972290">
    <ele>313.6</ele>
    <time>2025-10-03T22:21:50Z</time>
   </trkpt>
   <trkpt lat="33.7644950" lon="-84.3972310">
    <ele>313.8</ele>
    <time>2025-10-03T22:21:51Z</time>
   </trkpt>
   <trkpt lat="33.7644960" lon="-84.3972320">
    <ele>313.8</ele>
    <time>2025-10-03T22:21:52Z</time>
   </trkpt>
   <trkpt lat="33.7644980" lon="-84.3972330">
    <ele>313.8</ele>
    <time>2025-10-03T22:21:53Z</time>
   </trkpt>
   <trkpt lat="33.7644990" lon="-84.3972340">
    <ele>313.8</ele>
    <time>2025-10-03T22:21:54Z</time>
   </trkpt>
   <trkpt lat="33.7645010" lon="-84.3972350">
    <ele>313.8</ele>
    <time>2025-10-03T22:21:55Z</time>
   </trkpt>
   <trkpt lat="33.7645020" lon="-84.3972360">
    <ele>313.8</ele>
    <time>2025-10-03T22:21:56Z</time>
   </trkpt>
   <trkpt lat="33.7645040" lon="-84.3972380">
    <ele>314.0</ele>
    <time>2025-10-03T22:21:57Z</time>
   </trkpt>
   <trkpt lat="33.7645050" lon="-84.3972390">
    <ele>314.0</ele>
    <time>2025-10-03T22:21:58Z</time>
   </trkpt>
   <trkpt lat="33.7645070" lon="-84.3972400">
    <ele>314.0</ele>
    <time>2025-10-03T22:21:59Z</time>
   </trkpt>
   <trkpt lat="33.7645080" lon="-84.3972410">
    <ele>314.0</ele>
    <time>2025-10-03T22:22:00Z</time>
   </trkpt>
   <trkpt lat="33.7645100" lon="-84.3972420">
    <ele>314.0</ele>
    <time>2025-10-03T22:22:01Z</time>
   </trkpt>
   <trkpt lat="33.7645110" lon="-84.3972430">
    <ele>314.2</ele>
    <time>2025-10-03T22:22:02Z</time>
   </trkpt>
   <trkpt lat="33.7645130" lon="-84.3972440">
    <ele>314.2</ele>
    <time>2025-10-03T22:22:03Z</time>
   </trkpt>
   <trkpt lat="33.7645140" lon="-84.3972460">
    <ele>314.2</ele>
    <time>2025-10-03T22:22:04Z</time>
   </trkpt>
   <trkpt lat="33.7645160" lon="-84.3972470">
    <ele>314.2</ele>
    <time>2025-10-03T22:22:05Z</time>
   </trkpt>
   <trkpt lat="33.7645170" lon="-84.3972480">
    <ele>314.2</ele>
    <time>2025-10-03T22:22:06Z</time>
   </trkpt>
   <trkpt lat="33.7645180" lon="-84.3972490">
    <ele>314.2</ele>
    <time>2025-10-03T22:22:07Z</time>
   </trkpt>
   <trkpt lat="33.7645200" lon="-84.3972500">
    <ele>314.2</ele>
    <time>2025-10-03T22:22:08Z</time>
   </trkpt>
   <trkpt lat="33.7645210" lon="-84.3972510">
    <ele>314.2</ele>
    <time>2025-10-03T22:22:09Z</time>
   </trkpt>
   <trkpt lat="33.7645230" lon="-84.3972520">
    <ele>314.4</ele>
    <time>2025-10-03T22:22:10Z</time>
   </trkpt>
   <trkpt lat="33.7645240" lon="-84.3972540">
    <ele>314.4</ele>
    <time>2025-10-03T22:22:11Z</time>
   </trkpt>
   <trkpt lat="33.7645260" lon="-84.3972550">
    <ele>314.6</ele>
    <time>2025-10-03T22:22:12Z</time>
   </trkpt>
   <trkpt lat="33.7645270" lon="-84.3972560">
    <ele>314.6</ele>
    <time>2025-10-03T22:22:13Z</time>
   </trkpt>
   <trkpt lat="33.7645290" lon="-84.3972570">
    <ele>314.6</ele>
    <time>2025-10-03T22:22:14Z</time>
   </trkpt>
   <trkpt lat="33.7645300" lon="-84.3972580">
    <ele>314.8</ele>
    <time>2025-10-03T22:22:15Z</time>
   </trkpt>
   <trkpt lat="33.7645320" lon="-84.3972590">
    <ele>314.8</ele>
    <time>2025-10-03T22:22:16Z</time>
   </trkpt>
   <trkpt lat="33.7645330" lon="-84.3972600">
    <ele>314.8</ele>
    <time>2025-10-03T22:22:17Z</time>
   </trkpt>
   <trkpt lat="33.7645350" lon="-84.3972620">
    <ele>314.8</ele>
    <time>2025-10-03T22:22:18Z</time>
   </trkpt>
   <trkpt lat="33.7645360" lon="-84.3972630">
    <ele>314.8</ele>
    <time>2025-10-03T22:22:19Z</time>
   </trkpt>
   <trkpt lat="33.7645380" lon="-84.3972640">
    <ele>314.8</ele>
    <time>2025-10-03T22:22:20Z</time>
   </trkpt>
   <trkpt lat="33.7645390" lon="-84.3972650">
    <ele>314.8</ele>
    <time>2025-10-03T22:22:21Z</time>
   </trkpt>
   <trkpt lat="33.7645490" lon="-84.3972680">
    <ele>314.8</ele>
    <time>2025-10-03T22:22:22Z</time>
   </trkpt>
   <trkpt lat="33.7645600" lon="-84.3972710">
    <ele>314.8</ele>
    <time>2025-10-03T22:22:23Z</time>
   </trkpt>
   <trkpt lat="33.7645720" lon="-84.3972750">
    <ele>314.8</ele>
    <time>2025-10-03T22:22:24Z</time>
   </trkpt>
   <trkpt lat="33.7645850" lon="-84.3972790">
    <ele>314.6</ele>
    <time>2025-10-03T22:22:25Z</time>
   </trkpt>
   <trkpt lat="33.7646000" lon="-84.3972820">
    <ele>314.6</ele>
    <time>2025-10-03T22:22:26Z</time>
   </trkpt>
   <trkpt lat="33.7646230" lon="-84.3972840">
    <ele>314.6</ele>
    <time>2025-10-03T22:22:27Z</time>
   </trkpt>
   <trkpt lat="33.7646310" lon="-84.3972850">
    <ele>314.6</ele>
    <time>2025-10-03T22:22:28Z</time>
   </trkpt>
   <trkpt lat="33.7646480" lon="-84.3972870">
    <ele>314.6</ele>
    <time>2025-10-03T22:22:29Z</time>
   </trkpt>
   <trkpt lat="33.7646650" lon="-84.3972890">
    <ele>314.6</ele>
    <time>2025-10-03T22:22:30Z</time>
   </trkpt>
   <trkpt lat="33.7646820" lon="-84.3972940">
    <ele>314.6</ele>
    <time>2025-10-03T22:22:31Z</time>
   </trkpt>
   <trkpt lat="33.7647060" lon="-84.3973010">
    <ele>314.4</ele>
    <time>2025-10-03T22:22:32Z</time>
   </trkpt>
   <trkpt lat="33.7647130" lon="-84.3973030">
    <ele>314.4</ele>
    <time>2025-10-03T22:22:33Z</time>
   </trkpt>
   <trkpt lat="33.7647290" lon="-84.3973060">
    <ele>314.4</ele>
    <time>2025-10-03T22:22:34Z</time>
   </trkpt>
   <trkpt lat="33.7647450" lon="-84.3973080">
    <ele>314.4</ele>
    <time>2025-10-03T22:22:35Z</time>
   </trkpt>
   <trkpt lat="33.7647600" lon="-84.3973090">
    <ele>314.4</ele>
    <time>2025-10-03T22:22:36Z</time>
   </trkpt>
   <trkpt lat="33.7647840" lon="-84.3973100">
    <ele>314.4</ele>
    <time>2025-10-03T22:22:37Z</time>
   </trkpt>
   <trkpt lat="33.7647910" lon="-84.3973100">
    <ele>314.4</ele>
    <time>2025-10-03T22:22:38Z</time>
   </trkpt>
   <trkpt lat="33.7648070" lon="-84.3973100">
    <ele>314.4</ele>
    <time>2025-10-03T22:22:39Z</time>
   </trkpt>
   <trkpt lat="33.7648220" lon="-84.3973100">
    <ele>314.2</ele>
    <time>2025-10-03T22:22:40Z</time>
   </trkpt>
   <trkpt lat="33.7648370" lon="-84.3973100">
    <ele>314.2</ele>
    <time>2025-10-03T22:22:41Z</time>
   </trkpt>
   <trkpt lat="33.7648620" lon="-84.3973120">
    <ele>314.2</ele>
    <time>2025-10-03T22:22:42Z</time>
   </trkpt>
   <trkpt lat="33.7648720" lon="-84.3973120">
    <ele>314.2</ele>
    <time>2025-10-03T22:22:43Z</time>
   </trkpt>
   <trkpt lat="33.7648820" lon="-84.3973130">
    <ele>314.0</ele>
    <time>2025-10-03T22:22:44Z</time>
   </trkpt>
   <trkpt lat="33.7648970" lon="-84.3973140">
    <ele>314.0</ele>
    <time>2025-10-03T22:22:45Z</time>
   </trkpt>
   <trkpt lat="33.7649120" lon="-84.3973160">
    <ele>313.8</ele>
    <time>2025-10-03T22:22:46Z</time>
   </trkpt>
   <trkpt lat="33.7649360" lon="-84.3973200">
    <ele>313.6</ele>
    <time>2025-10-03T22:22:47Z</time>
   </trkpt>
   <trkpt lat="33.7649460" lon="-84.3973220">
    <ele>313.6</ele>
    <time>2025-10-03T22:22:48Z</time>
   </trkpt>
   <trkpt lat="33.7649550" lon="-84.3973240">
    <ele>313.4</ele>
    <time>2025-10-03T22:22:49Z</time>
   </trkpt>
   <trkpt lat="33.7649680" lon="-84.3973260">
    <ele>313.2</ele>
    <time>2025-10-03T22:22:50Z</time>
   </trkpt>
   <trkpt lat="33.7649810" lon="-84.3973280">
    <ele>313.2</ele>
    <time>2025-10-03T22:22:51Z</time>
   </trkpt>
   <trkpt lat="33.7650050" lon="-84.3973300">
    <ele>313.0</ele>
    <time>2025-10-03T22:22:52Z</time>
   </trkpt>
   <trkpt lat="33.7650140" lon="-84.3973300">
    <ele>313.0</ele>
    <time>2025-10-03T22:22:53Z</time>
   </trkpt>
   <trkpt lat="33.7650240" lon="-84.3973310">
    <ele>313.0</ele>
    <time>2025-10-03T22:22:54Z</time>
   </trkpt>
   <trkpt lat="33.7650380" lon="-84.3973320">
    <ele>312.8</ele>
    <time>2025-10-03T22:22:55Z</time>
   </trkpt>
   <trkpt lat="33.7650520" lon="-84.3973330">
    <ele>312.8</ele>
    <time>2025-10-03T22:22:56Z</time>
   </trkpt>
   <trkpt lat="33.7650650" lon="-84.3973340">
    <ele>312.6</ele>
    <time>2025-10-03T22:22:57Z</time>
   </trkpt>
   <trkpt lat="33.7650780" lon="-84.3973360">
    <ele>312.6</ele>
    <time>2025-10-03T22:22:58Z</time>
   </trkpt>
   <trkpt lat="33.7650930" lon="-84.3973380">
    <ele>312.4</ele>
    <time>2025-10-03T22:22:59Z</time>
   </trkpt>
   <trkpt lat="33.7651080" lon="-84.3973410">
    <ele>312.4</ele>
    <time>2025-10-03T22:23:00Z</time>
   </trkpt>
   <trkpt lat="33.7651230" lon="-84.3973430">
    <ele>312.4</ele>
    <time>2025-10-03T22:23:01Z</time>
   </trkpt>
   <trkpt lat="33.7651480" lon="-84.3973460">
    <ele>312.2</ele>
    <time>2025-10-03T22:23:02Z</time>
   </trkpt>
   <trkpt lat="33.7651580" lon="-84.3973470">
    <ele>312.2</ele>
    <time>2025-10-03T22:23:03Z</time>
   </trkpt>
   <trkpt lat="33.7651680" lon="-84.3973480">
    <ele>312.2</ele>
    <time>2025-10-03T22:23:04Z</time>
   </trkpt>
   <trkpt lat="33.7651820" lon="-84.3973490">
    <ele>312.2</ele>
    <time>2025-10-03T22:23:05Z</time>
   </trkpt>
   <trkpt lat="33.7651960" lon="-84.3973500">
    <ele>312.0</ele>
    <time>2025-10-03T22:23:06Z</time>
   </trkpt>
   <trkpt lat="33.7652200" lon="-84.3973510">
    <ele>312.0</ele>
    <time>2025-10-03T22:23:07Z</time>
   </trkpt>
   <trkpt lat="33.7652290" lon="-84.3973520">
    <ele>312.0</ele>
    <time>2025-10-03T22:23:08Z</time>
   </trkpt>
   <trkpt lat="33.7652390" lon="-84.3973520">
    <ele>311.8</ele>
    <time>2025-10-03T22:23:09Z</time>
   </trkpt>
   <trkpt lat="33.7652530" lon="-84.3973510">
    <ele>311.8</ele>
    <time>2025-10-03T22:23:10Z</time>
   </trkpt>
   <trkpt lat="33.7652670" lon="-84.3973500">
    <ele>311.6</ele>
    <time>2025-10-03T22:23:11Z</time>
   </trkpt>
   <trkpt lat="33.7652810" lon="-84.3973490">
    <ele>311.6</ele>
    <time>2025-10-03T22:23:12Z</time>
   </trkpt>
   <trkpt lat="33.7653020" lon="-84.3973480">
    <ele>311.6</ele>
    <time>2025-10-03T22:23:13Z</time>
   </trkpt>
   <trkpt lat="33.7653090" lon="-84.3973470">
    <ele>311.6</ele>
    <time>2025-10-03T22:23:14Z</time>
   </trkpt>
   <trkpt lat="33.7653220" lon="-84.3973470">
    <ele>311.6</ele>
    <time>2025-10-03T22:23:15Z</time>
   </trkpt>
   <trkpt lat="33.7653350" lon="-84.3973480">
    <ele>311.4</ele>
    <time>2025-10-03T22:23:16Z</time>
   </trkpt>
   <trkpt lat="33.7653480" lon="-84.3973490">
    <ele>311.4</ele>
    <time>2025-10-03T22:23:17Z</time>
   </trkpt>
   <trkpt lat="33.7653670" lon="-84.3973540">
    <ele>311.4</ele>
    <time>2025-10-03T22:23:18Z</time>
   </trkpt>
   <trkpt lat="33.7653730" lon="-84.3973570">
    <ele>311.4</ele>
    <time>2025-10-03T22:23:19Z</time>
   </trkpt>
   <trkpt lat="33.7653860" lon="-84.3973610">
    <ele>311.2</ele>
    <time>2025-10-03T22:23:20Z</time>
   </trkpt>
   <trkpt lat="33.7653990" lon="-84.3973650">
    <ele>311.2</ele>
    <time>2025-10-03T22:23:21Z</time>
   </trkpt>
   <trkpt lat="33.7654120" lon="-84.3973690">
    <ele>311.2</ele>
    <time>2025-10-03T22:23:22Z</time>
   </trkpt>
   <trkpt lat="33.7654240" lon="-84.3973710">
    <ele>311.2</ele>
    <time>2025-10-03T22:23:23Z</time>
   </trkpt>
   <trkpt lat="33.7654320" lon="-84.3973720">
    <ele>311.2</ele>
    <time>2025-10-03T22:23:24Z</time>
   </trkpt>
   <trkpt lat="33.7654360" lon="-84.3973720">
    <ele>311.0</ele>
    <time>2025-10-03T22:23:25Z</time>
   </trkpt>
   <trkpt lat="33.7654380" lon="-84.3973710">
    <ele>311.0</ele>
    <time>2025-10-03T22:23:26Z</time>
   </trkpt>
   <trkpt lat="33.7654390" lon="-84.3973670">
    <ele>311.0</ele>
    <time>2025-10-03T22:23:27Z</time>
   </trkpt>
   <trkpt lat="33.7654400" lon="-84.3973620">
    <ele>311.0</ele>
    <time>2025-10-03T22:23:28Z</time>
   </trkpt>
   <trkpt lat="33.7654430" lon="-84.3973570">
    <ele>311.0</ele>
    <time>2025-10-03T22:23:29Z</time>
   </trkpt>
   <trkpt lat="33.7654470" lon="-84.3973520">
    <ele>311.0</ele>
    <time>2025-10-03T22:23:30Z</time>
   </trkpt>
   <trkpt lat="33.7654500" lon="-84.3973480">
    <ele>311.0</ele>
    <time>2025-10-03T22:23:31Z</time>
   </trkpt>
   <trkpt lat="33.7654520" lon="-84.3973440">
    <ele>311.0</ele>
    <time>2025-10-03T22:23:32Z</time>
   </trkpt>
   <trkpt lat="33.7654610" lon="-84.3973420">
    <ele>311.0</ele>
    <time>2025-10-03T22:23:33Z</time>
   </trkpt>
   <trkpt lat="33.7654690" lon="-84.3973440">
    <ele>311.0</ele>
    <time>2025-10-03T22:23:34Z</time>
   </trkpt>
   <trkpt lat="33.7654770" lon="-84.3973450">
    <ele>311.0</ele>
    <time>2025-10-03T22:23:35Z</time>
   </trkpt>
   <trkpt lat="33.7654860" lon="-84.3973470">
    <ele>311.0</ele>
    <time>2025-10-03T22:23:36Z</time>
   </trkpt>
   <trkpt lat="33.7654940" lon="-84.3973480">
    <ele>311.0</ele>
    <time>2025-10-03T22:23:37Z</time>
   </trkpt>
   <trkpt lat="33.7655020" lon="-84.3973490">
    <ele>311.0</ele>
    <time>2025-10-03T22:23:38Z</time>
   </trkpt>
   <trkpt lat="33.7655100" lon="-84.3973510">
    <ele>311.0</ele>
    <time>2025-10-03T22:23:39Z</time>
   </trkpt>
   <trkpt lat="33.7655180" lon="-84.3973520">
    <ele>311.0</ele>
    <time>2025-10-03T22:23:40Z</time>
   </trkpt>
   <trkpt lat="33.7655260" lon="-84.3973530">
    <ele>311.0</ele>
    <time>2025-10-03T22:23:41Z</time>
   </trkpt>
   <trkpt lat="33.7655350" lon="-84.3973550">
    <ele>311.0</ele>
    <time>2025-10-03T22:23:42Z</time>
   </trkpt>
   <trkpt lat="33.7655430" lon="-84.3973560">
    <ele>311.0</ele>
    <time>2025-10-03T22:23:43Z</time>
   </trkpt>
   <trkpt lat="33.7655510" lon="-84.3973580">
    <ele>311.0</ele>
    <time>2025-10-03T22:23:44Z</time>
   </trkpt>
   <trkpt lat="33.7655590" lon="-84.3973590">
    <ele>311.0</ele>
    <time>2025-10-03T22:23:45Z</time>
   </trkpt>
   <trkpt lat="33.7655720" lon="-84.3973620">
    <ele>310.8</ele>
    <time>2025-10-03T22:23:46Z</time>
   </trkpt>
   <trkpt lat="33.7655850" lon="-84.3973650">
    <ele>310.8</ele>
    <time>2025-10-03T22:23:47Z</time>
   </trkpt>
   <trkpt lat="33.7655970" lon="-84.3973680">
    <ele>310.8</ele>
    <time>2025-10-03T22:23:48Z</time>
   </trkpt>
   <trkpt lat="33.7656100" lon="-84.3973700">
    <ele>310.8</ele>
    <time>2025-10-03T22:23:49Z</time>
   </trkpt>
   <trkpt lat="33.7656220" lon="-84.3973710">
    <ele>310.6</ele>
    <time>2025-10-03T22:23:50Z</time>
   </trkpt>
   <trkpt lat="33.7656340" lon="-84.3973720">
    <ele>310.6</ele>
    <time>2025-10-03T22:23:51Z</time>
   </trkpt>
   <trkpt lat="33.7656480" lon="-84.3973710">
    <ele>310.6</ele>
    <time>2025-10-03T22:23:52Z</time>
   </trkpt>
   <trkpt lat="33.7656620" lon="-84.3973700">
    <ele>310.6</ele>
    <time>2025-10-03T22:23:53Z</time>
   </trkpt>
   <trkpt lat="33.7656790" lon="-84.3973700">
    <ele>310.4</ele>
    <time>2025-10-03T22:23:54Z</time>
   </trkpt>
   <trkpt lat="33.7656970" lon="-84.3973690">
    <ele>310.4</ele>
    <time>2025-10-03T22:23:55Z</time>
   </trkpt>
   <trkpt lat="33.7657250" lon="-84.3973680">
    <ele>310.4</ele>
    <time>2025-10-03T22:23:56Z</time>
   </trkpt>
   <trkpt lat="33.7657350" lon="-84.3973670">
    <ele>310.2</ele>
    <time>2025-10-03T22:23:57Z</time>
   </trkpt>
   <trkpt lat="33.7657460" lon="-84.3973660">
    <ele>310.2</ele>
    <time>2025-10-03T22:23:58Z</time>
   </trkpt>
   <trkpt lat="33.7657680" lon="-84.3973620">
    <ele>310.0</ele>
    <time>2025-10-03T22:23:59Z</time>
   </trkpt>
   <trkpt lat="33.7657750" lon="-84.3973600">
    <ele>310.0</ele>
    <time>2025-10-03T22:24:00Z</time>
   </trkpt>
   <trkpt lat="33.7657900" lon="-84.3973560">
    <ele>310.0</ele>
    <time>2025-10-03T22:24:01Z</time>
   </trkpt>
   <trkpt lat="33.7658040" lon="-84.3973520">
    <ele>309.8</ele>
    <time>2025-10-03T22:24:02Z</time>
   </trkpt>
   <trkpt lat="33.7658180" lon="-84.3973470">
    <ele>309.8</ele>
    <time>2025-10-03T22:24:03Z</time>
   </trkpt>
   <trkpt lat="33.7658400" lon="-84.3973400">
    <ele>309.6</ele>
    <time>2025-10-03T22:24:04Z</time>
   </trkpt>
   <trkpt lat="33.7658470" lon="-84.3973380">
    <ele>309.6</ele>
    <time>2025-10-03T22:24:05Z</time>
   </trkpt>
   <trkpt lat="33.7658600" lon="-84.3973320">
    <ele>309.6</ele>
    <time>2025-10-03T22:24:06Z</time>
   </trkpt>
   <trkpt lat="33.7658710" lon="-84.3973220">
    <ele>309.4</ele>
    <time>2025-10-03T22:24:07Z</time>
   </trkpt>
   <trkpt lat="33.7658790" lon="-84.3973090">
    <ele>309.4</ele>
    <time>2025-10-03T22:24:08Z</time>
   </trkpt>
   <trkpt lat="33.7658820" lon="-84.3972930">
    <ele>309.4</ele>
    <time>2025-10-03T22:24:09Z</time>
   </trkpt>
   <trkpt lat="33.7658810" lon="-84.3972750">
    <ele>309.2</ele>
    <time>2025-10-03T22:24:10Z</time>
   </trkpt>
   <trkpt lat="33.7658780" lon="-84.3972570">
    <ele>309.2</ele>
    <time>2025-10-03T22:24:11Z</time>
   </trkpt>
   <trkpt lat="33.7658750" lon="-84.3972400">
    <ele>309.2</ele>
    <time>2025-10-03T22:24:12Z</time>
   </trkpt>
   <trkpt lat="33.7658720" lon="-84.3972240">
    <ele>309.0</ele>
    <time>2025-10-03T22:24:13Z</time>
   </trkpt>
   <trkpt lat="33.7658690" lon="-84.3972070">
    <ele>309.0</ele>
    <time>2025-10-03T22:24:14Z</time>
   </trkpt>
   <trkpt lat="33.7658660" lon="-84.3971920">
    <ele>309.0</ele>
    <time>2025-10-03T22:24:15Z</time>
   </trkpt>
   <trkpt lat="33.7658630" lon="-84.3971770">
    <ele>308.8</ele>
    <time>2025-10-03T22:24:16Z</time>
   </trkpt>
   <trkpt lat="33.7658610" lon="-84.3971610">
    <ele>308.8</ele>
    <time>2025-10-03T22:24:17Z</time>
   </trkpt>
   <trkpt lat="33.7658600" lon="-84.3971470">
    <ele>308.8</ele>
    <time>2025-10-03T22:24:18Z</time>
   </trkpt>
   <trkpt lat="33.7658600" lon="-84.3971360">
    <ele>308.6</ele>
    <time>2025-10-03T22:24:19Z</time>
   </trkpt>
   <trkpt lat="33.7658610" lon="-84.3971320">
    <ele>308.6</ele>
    <time>2025-10-03T22:24:20Z</time>
   </trkpt>
   <trkpt lat="33.7658630" lon="-84.3971330">
    <ele>308.6</ele>
    <time>2025-10-03T22:24:21Z</time>
   </trkpt>
   <trkpt lat="33.7658650" lon="-84.3971390">
    <ele>308.4</ele>
    <time>2025-10-03T22:24:22Z</time>
   </trkpt>
   <trkpt lat="33.7658670" lon="-84.3971500">
    <ele>308.4</ele>
    <time>2025-10-03T22:24:23Z</time>
   </trkpt>
   <trkpt lat="33.7658700" lon="-84.3971630">
    <ele>308.4</ele>
    <time>2025-10-03T22:24:24Z</time>
   </trkpt>
   <trkpt lat="33.7658750" lon="-84.3971790">
    <ele>308.4</ele>
    <time>2025-10-03T22:24:25Z</time>
   </trkpt>
   <trkpt lat="33.7658800" lon="-84.3971960">
    <ele>308.2</ele>
    <time>2025-10-03T22:24:26Z</time>
   </trkpt>
   <trkpt lat="33.7658910" lon="-84.3972220">
    <ele>308.2</ele>
    <time>2025-10-03T22:24:27Z</time>
   </trkpt>
   <trkpt lat="33.7658940" lon="-84.3972310">
    <ele>308.2</ele>
    <time>2025-10-03T22:24:28Z</time>
   </trkpt>
   <trkpt lat="33.7658980" lon="-84.3972480">
    <ele>308.2</ele>
    <time>2025-10-03T22:24:29Z</time>
   </trkpt>
   <trkpt lat="33.7659000" lon="-84.3972630">
    <ele>308.2</ele>
    <time>2025-10-03T22:24:30Z</time>
   </trkpt>
   <trkpt lat="33.7659030" lon="-84.3972770">
    <ele>308.4</ele>
    <time>2025-10-03T22:24:31Z</time>
   </trkpt>
   <trkpt lat="33.7659070" lon="-84.3972900">
    <ele>308.4</ele>
    <time>2025-10-03T22:24:32Z</time>
   </trkpt>
   <trkpt lat="33.7659110" lon="-84.3973040">
    <ele>308.4</ele>
    <time>2025-10-03T22:24:33Z</time>
   </trkpt>
   <trkpt lat="33.7659210" lon="-84.3973260">
    <ele>308.4</ele>
    <time>2025-10-03T22:24:34Z</time>
   </trkpt>
   <trkpt lat="33.7659260" lon="-84.3973340">
    <ele>308.4</ele>
    <time>2025-10-03T22:24:35Z</time>
   </trkpt>
   <trkpt lat="33.7659310" lon="-84.3973430">
    <ele>308.4</ele>
    <time>2025-10-03T22:24:36Z</time>
   </trkpt>
   <trkpt lat="33.7659430" lon="-84.3973620">
    <ele>308.6</ele>
    <time>2025-10-03T22:24:37Z</time>
   </trkpt>
   <trkpt lat="33.7659470" lon="-84.3973690">
    <ele>308.6</ele>
    <time>2025-10-03T22:24:38Z</time>
   </trkpt>
   <trkpt lat="33.7659580" lon="-84.3973790">
    <ele>308.6</ele>
    <time>2025-10-03T22:24:39Z</time>
   </trkpt>
   <trkpt lat="33.7659700" lon="-84.3973860">
    <ele>308.8</ele>
    <time>2025-10-03T22:24:40Z</time>
   </trkpt>
   <trkpt lat="33.7659820" lon="-84.3973900">
    <ele>308.8</ele>
    <time>2025-10-03T22:24:41Z</time>
   </trkpt>
   <trkpt lat="33.7659970" lon="-84.3973950">
    <ele>308.8</ele>
    <time>2025-10-03T22:24:42Z</time>
   </trkpt>
   <trkpt lat="33.7660010" lon="-84.3973960">
    <ele>309.0</ele>
    <time>2025-10-03T22:24:43Z</time>
   </trkpt>
   <trkpt lat="33.7660080" lon="-84.3974000">
    <ele>309.0</ele>
    <time>2025-10-03T22:24:44Z</time>
   </trkpt>
   <trkpt lat="33.7660080" lon="-84.3974010">
    <ele>309.2</ele>
    <time>2025-10-03T22:24:45Z</time>
   </trkpt>
   <trkpt lat="33.7660070" lon="-84.3974010">
    <ele>309.2</ele>
    <time>2025-10-03T22:24:46Z</time>
   </trkpt>
   <trkpt lat="33.7660070" lon="-84.3974020">
    <ele>309.2</ele>
    <time>2025-10-03T22:24:47Z</time>
   </trkpt>
   <trkpt lat="33.7660070" lon="-84.3974030">
    <ele>309.4</ele>
    <time>2025-10-03T22:24:48Z</time>
   </trkpt>
   <trkpt lat="33.7660070" lon="-84.3974040">
    <ele>309.4</ele>
    <time>2025-10-03T22:24:49Z</time>
   </trkpt>
   <trkpt lat="33.7660070" lon="-84.3974040">
    <ele>309.6</ele>
    <time>2025-10-03T22:24:50Z</time>
   </trkpt>
   <trkpt lat="33.7660060" lon="-84.3974050">
    <ele>309.6</ele>
    <time>2025-10-03T22:24:51Z</time>
   </trkpt>
   <trkpt lat="33.7660060" lon="-84.3974060">
    <ele>309.8</ele>
    <time>2025-10-03T22:24:52Z</time>
   </trkpt>
   <trkpt lat="33.7660060" lon="-84.3974070">
    <ele>309.8</ele>
    <time>2025-10-03T22:24:53Z</time>
   </trkpt>
   <trkpt lat="33.7660060" lon="-84.3974070">
    <ele>309.8</ele>
    <time>2025-10-03T22:24:54Z</time>
   </trkpt>
   <trkpt lat="33.7660060" lon="-84.3974080">
    <ele>310.0</ele>
    <time>2025-10-03T22:24:55Z</time>
   </trkpt>
   <trkpt lat="33.7660050" lon="-84.3974090">
    <ele>310.0</ele>
    <time>2025-10-03T22:24:56Z</time>
   </trkpt>
   <trkpt lat="33.7660050" lon="-84.3974100">
    <ele>310.2</ele>
    <time>2025-10-03T22:24:57Z</time>
   </trkpt>
   <trkpt lat="33.7660050" lon="-84.3974110">
    <ele>310.2</ele>
    <time>2025-10-03T22:24:58Z</time>
   </trkpt>
   <trkpt lat="33.7660050" lon="-84.3974110">
    <ele>310.2</ele>
    <time>2025-10-03T22:24:59Z</time>
   </trkpt>
   <trkpt lat="33.7660050" lon="-84.3974120">
    <ele>310.2</ele>
    <time>2025-10-03T22:25:00Z</time>
   </trkpt>
   <trkpt lat="33.7660040" lon="-84.3974130">
    <ele>310.2</ele>
    <time>2025-10-03T22:25:01Z</time>
   </trkpt>
   <trkpt lat="33.7660040" lon="-84.3974140">
    <ele>310.2</ele>
    <time>2025-10-03T22:25:02Z</time>
   </trkpt>
   <trkpt lat="33.7660040" lon="-84.3974140">
    <ele>310.2</ele>
    <time>2025-10-03T22:25:03Z</time>
   </trkpt>
   <trkpt lat="33.7660040" lon="-84.3974150">
    <ele>310.2</ele>
    <time>2025-10-03T22:25:04Z</time>
   </trkpt>
   <trkpt lat="33.7660030" lon="-84.3974160">
    <ele>310.2</ele>
    <time>2025-10-03T22:25:05Z</time>
   </trkpt>
   <trkpt lat="33.7660030" lon="-84.3974170">
    <ele>310.0</ele>
    <time>2025-10-03T22:25:06Z</time>
   </trkpt>
   <trkpt lat="33.7660030" lon="-84.3974170">
    <ele>310.0</ele>
    <time>2025-10-03T22:25:07Z</time>
   </trkpt>
   <trkpt lat="33.7660030" lon="-84.3974180">
    <ele>310.0</ele>
    <time>2025-10-03T22:25:08Z</time>
   </trkpt>
   <trkpt lat="33.7660030" lon="-84.3974190">
    <ele>309.8</ele>
    <time>2025-10-03T22:25:09Z</time>
   </trkpt>
   <trkpt lat="33.7660020" lon="-84.3974200">
    <ele>309.8</ele>
    <time>2025-10-03T22:25:10Z</time>
   </trkpt>
   <trkpt lat="33.7660020" lon="-84.3974210">
    <ele>309.6</ele>
    <time>2025-10-03T22:25:11Z</time>
   </trkpt>
   <trkpt lat="33.7660020" lon="-84.3974210">
    <ele>309.6</ele>
    <time>2025-10-03T22:25:12Z</time>
   </trkpt>
   <trkpt lat="33.7660020" lon="-84.3974220">
    <ele>309.6</ele>
    <time>2025-10-03T22:25:13Z</time>
   </trkpt>
   <trkpt lat="33.7660020" lon="-84.3974230">
    <ele>309.6</ele>
    <time>2025-10-03T22:25:14Z</time>
   </trkpt>
   <trkpt lat="33.7660010" lon="-84.3974240">
    <ele>309.6</ele>
    <time>2025-10-03T22:25:15Z</time>
   </trkpt>
   <trkpt lat="33.7660010" lon="-84.3974240">
    <ele>309.6</ele>
    <time>2025-10-03T22:25:16Z</time>
   </trkpt>
   <trkpt lat="33.7660010" lon="-84.3974250">
    <ele>309.6</ele>
    <time>2025-10-03T22:25:17Z</time>
   </trkpt>
   <trkpt lat="33.7660010" lon="-84.3974260">
    <ele>309.6</ele>
    <time>2025-10-03T22:25:18Z</time>
   </trkpt>
   <trkpt lat="33.7660010" lon="-84.3974270">
    <ele>309.6</ele>
    <time>2025-10-03T22:25:19Z</time>
   </trkpt>
   <trkpt lat="33.7660000" lon="-84.3974270">
    <ele>309.6</ele>
    <time>2025-10-03T22:25:20Z</time>
   </trkpt>
   <trkpt lat="33.7660000" lon="-84.3974280">
    <ele>309.6</ele>
    <time>2025-10-03T22:25:21Z</time>
   </trkpt>
   <trkpt lat="33.7660000" lon="-84.3974290">
    <ele>309.6</ele>
    <time>2025-10-03T22:25:22Z</time>
   </trkpt>
   <trkpt lat="33.7660040" lon="-84.3974480">
    <ele>309.6</ele>
    <time>2025-10-03T22:25:23Z</time>
   </trkpt>
   <trkpt lat="33.7660050" lon="-84.3974550">
    <ele>309.6</ele>
    <time>2025-10-03T22:25:24Z</time>
   </trkpt>
   <trkpt lat="33.7660090" lon="-84.3974700">
    <ele>309.6</ele>
    <time>2025-10-03T22:25:25Z</time>
   </trkpt>
   <trkpt lat="33.7660150" lon="-84.3974890">
    <ele>309.6</ele>
    <time>2025-10-03T22:25:26Z</time>
   </trkpt>
   <trkpt lat="33.7660220" lon="-84.3975080">
    <ele>309.6</ele>
    <time>2025-10-03T22:25:27Z</time>
   </trkpt>
   <trkpt lat="33.7660390" lon="-84.3975310">
    <ele>309.6</ele>
    <time>2025-10-03T22:25:28Z</time>
   </trkpt>
   <trkpt lat="33.7660450" lon="-84.3975380">
    <ele>309.4</ele>
    <time>2025-10-03T22:25:29Z</time>
   </trkpt>
   <trkpt lat="33.7660610" lon="-84.3975480">
    <ele>309.4</ele>
    <time>2025-10-03T22:25:30Z</time>
   </trkpt>
   <trkpt lat="33.7660790" lon="-84.3975540">
    <ele>309.4</ele>
    <time>2025-10-03T22:25:31Z</time>
   </trkpt>
   <trkpt lat="33.7660980" lon="-84.3975580">
    <ele>309.4</ele>
    <time>2025-10-03T22:25:32Z</time>
   </trkpt>
   <trkpt lat="33.7661230" lon="-84.3975580">
    <ele>309.4</ele>
    <time>2025-10-03T22:25:33Z</time>
   </trkpt>
   <trkpt lat="33.7661310" lon="-84.3975580">
    <ele>309.4</ele>
    <time>2025-10-03T22:25:34Z</time>
   </trkpt>
   <trkpt lat="33.7661470" lon="-84.3975620">
    <ele>309.4</ele>
    <time>2025-10-03T22:25:35Z</time>
   </trkpt>
   <trkpt lat="33.7661510" lon="-84.3975620">
    <ele>309.2</ele>
    <time>2025-10-03T22:25:36Z</time>
   </trkpt>
   <trkpt lat="33.7661550" lon="-84.3975630">
    <ele>309.2</ele>
    <time>2025-10-03T22:25:37Z</time>
   </trkpt>
   <trkpt lat="33.7661580" lon="-84.3975630">
    <ele>309.2</ele>
    <time>2025-10-03T22:25:38Z</time>
   </trkpt>
   <trkpt lat="33.7661590" lon="-84.3975620">
    <ele>309.2</ele>
    <time>2025-10-03T22:25:39Z</time>
   </trkpt>
   <trkpt lat="33.7661610" lon="-84.3975620">
    <ele>309.2</ele>
    <time>2025-10-03T22:25:40Z</time>
   </trkpt>
   <trkpt lat="33.7661630" lon="-84.3975620">
    <ele>309.2</ele>
    <time>2025-10-03T22:25:41Z</time>
   </trkpt>
   <trkpt lat="33.7661650" lon="-84.3975640">
    <ele>309.2</ele>
    <time>2025-10-03T22:25:42Z</time>
   </trkpt>
   <trkpt lat="33.7661680" lon="-84.3975660">
    <ele>309.2</ele>
    <time>2025-10-03T22:25:43Z</time>
   </trkpt>
   <trkpt lat="33.7661710" lon="-84.3975700">
    <ele>309.2</ele>
    <time>2025-10-03T22:25:44Z</time>
   </trkpt>
   <trkpt lat="33.7661760" lon="-84.3975740">
    <ele>309.2</ele>
    <time>2025-10-03T22:25:45Z</time>
   </trkpt>
   <trkpt lat="33.7661800" lon="-84.3975790">
    <ele>309.2</ele>
    <time>2025-10-03T22:25:46Z</time>
   </trkpt>
   <trkpt lat="33.7661830" lon="-84.3975840">
    <ele>309.2</ele>
    <time>2025-10-03T22:25:47Z</time>
   </trkpt>
   <trkpt lat="33.7661850" lon="-84.3975880">
    <ele>309.2</ele>
    <time>2025-10-03T22:25:48Z</time>
   </trkpt>
   <trkpt lat="33.7661860" lon="-84.3975890">
    <ele>309.0</ele>
    <time>2025-10-03T22:25:49Z</time>
   </trkpt>
   <trkpt lat="33.7661870" lon="-84.3975890">
    <ele>309.0</ele>
    <time>2025-10-03T22:25:50Z</time>
   </trkpt>
   <trkpt lat="33.7661880" lon="-84.3975890">
    <ele>309.0</ele>
    <time>2025-10-03T22:25:51Z</time>
   </trkpt>
   <trkpt lat="33.7661890" lon="-84.3975900">
    <ele>309.0</ele>
    <time>2025-10-03T22:25:52Z</time>
   </trkpt>
   <trkpt lat="33.7661900" lon="-84.3975900">
    <ele>309.0</ele>
    <time>2025-10-03T22:25:53Z</time>
   </trkpt>
   <trkpt lat="33.7661910" lon="-84.3975900">
    <ele>308.8</ele>
    <time>2025-10-03T22:25:54Z</time>
   </trkpt>
   <trkpt lat="33.7661920" lon="-84.3975910">
    <ele>308.8</ele>
    <time>2025-10-03T22:25:55Z</time>
   </trkpt>
   <trkpt lat="33.7661930" lon="-84.3975910">
    <ele>308.8</ele>
    <time>2025-10-03T22:25:56Z</time>
   </trkpt>
   <trkpt lat="33.7661940" lon="-84.3975910">
    <ele>308.6</ele>
    <time>2025-10-03T22:25:57Z</time>
   </trkpt>
   <trkpt lat="33.7661950" lon="-84.3975920">
    <ele>308.6</ele>
    <time>2025-10-03T22:25:58Z</time>
   </trkpt>
   <trkpt lat="33.7661960" lon="-84.3975920">
    <ele>308.6</ele>
    <time>2025-10-03T22:25:59Z</time>
   </trkpt>
   <trkpt lat="33.7661970" lon="-84.3975920">
    <ele>308.6</ele>
    <time>2025-10-03T22:26:00Z</time>
   </trkpt>
   <trkpt lat="33.7661980" lon="-84.3975930">
    <ele>308.4</ele>
    <time>2025-10-03T22:26:01Z</time>
   </trkpt>
   <trkpt lat="33.7661990" lon="-84.3975930">
    <ele>308.4</ele>
    <time>2025-10-03T22:26:02Z</time>
   </trkpt>
   <trkpt lat="33.7662000" lon="-84.3975930">
    <ele>308.4</ele>
    <time>2025-10-03T22:26:03Z</time>
   </trkpt>
   <trkpt lat="33.7662010" lon="-84.3975940">
    <ele>308.4</ele>
    <time>2025-10-03T22:26:04Z</time>
   </trkpt>
   <trkpt lat="33.7662020" lon="-84.3975940">
    <ele>308.4</ele>
    <time>2025-10-03T22:26:05Z</time>
   </trkpt>
   <trkpt lat="33.7662030" lon="-84.3975940">
    <ele>308.2</ele>
    <time>2025-10-03T22:26:06Z</time>
   </trkpt>
   <trkpt lat="33.7662040" lon="-84.3975950">
    <ele>308.2</ele>
    <time>2025-10-03T22:26:07Z</time>
   </trkpt>
   <trkpt lat="33.7662050" lon="-84.3975950">
    <ele>308.2</ele>
    <time>2025-10-03T22:26:08Z</time>
   </trkpt>
   <trkpt lat="33.7662060" lon="-84.3975950">
    <ele>308.2</ele>
    <time>2025-10-03T22:26:09Z</time>
   </trkpt>
   <trkpt lat="33.7662070" lon="-84.3975960">
    <ele>308.2</ele>
    <time>2025-10-03T22:26:10Z</time>
   </trkpt>
   <trkpt lat="33.7662080" lon="-84.3975960">
    <ele>308.2</ele>
    <time>2025-10-03T22:26:11Z</time>
   </trkpt>
   <trkpt lat="33.7662090" lon="-84.3975960">
    <ele>308.2</ele>
    <time>2025-10-03T22:26:12Z</time>
   </trkpt>
   <trkpt lat="33.7662100" lon="-84.3975970">
    <ele>308.2</ele>
    <time>2025-10-03T22:26:13Z</time>
   </trkpt>
   <trkpt lat="33.7662110" lon="-84.3975970">
    <ele>308.2</ele>
    <time>2025-10-03T22:26:14Z</time>
   </trkpt>
   <trkpt lat="33.7662120" lon="-84.3975970">
    <ele>308.2</ele>
    <time>2025-10-03T22:26:15Z</time>
   </trkpt>
   <trkpt lat="33.7662130" lon="-84.3975980">
    <ele>308.2</ele>
    <time>2025-10-03T22:26:16Z</time>
   </trkpt>
   <trkpt lat="33.7662140" lon="-84.3975980">
    <ele>308.2</ele>
    <time>2025-10-03T22:26:17Z</time>
   </trkpt>
   <trkpt lat="33.7662150" lon="-84.3975980">
    <ele>308.2</ele>
    <time>2025-10-03T22:26:18Z</time>
   </trkpt>
   <trkpt lat="33.7662160" lon="-84.3975980">
    <ele>308.2</ele>
    <time>2025-10-03T22:26:19Z</time>
   </trkpt>
   <trkpt lat="33.7662170" lon="-84.3975990">
    <ele>308.2</ele>
    <time>2025-10-03T22:26:20Z</time>
   </trkpt>
   <trkpt lat="33.7662180" lon="-84.3975990">
    <ele>308.0</ele>
    <time>2025-10-03T22:26:21Z</time>
   </trkpt>
   <trkpt lat="33.7662190" lon="-84.3975990">
    <ele>308.0</ele>
    <time>2025-10-03T22:26:22Z</time>
   </trkpt>
   <trkpt lat="33.7662200" lon="-84.3976000">
    <ele>308.0</ele>
    <time>2025-10-03T22:26:23Z</time>
   </trkpt>
   <trkpt lat="33.7662210" lon="-84.3976000">
    <ele>308.0</ele>
    <time>2025-10-03T22:26:24Z</time>
   </trkpt>
   <trkpt lat="33.7662220" lon="-84.3976000">
    <ele>307.8</ele>
    <time>2025-10-03T22:26:25Z</time>
   </trkpt>
   <trkpt lat="33.7662230" lon="-84.3976010">
    <ele>307.8</ele>
    <time>2025-10-03T22:26:26Z</time>
   </trkpt>
   <trkpt lat="33.7662240" lon="-84.3976010">
    <ele>307.8</ele>
    <time>2025-10-03T22:26:27Z</time>
   </trkpt>
   <trkpt lat="33.7662250" lon="-84.3976010">
    <ele>307.6</ele>
    <time>2025-10-03T22:26:28Z</time>
   </trkpt>
   <trkpt lat="33.7662260" lon="-84.3976020">
    <ele>307.6</ele>
    <time>2025-10-03T22:26:29Z</time>
   </trkpt>
   <trkpt lat="33.7662270" lon="-84.3976020">
    <ele>307.6</ele>
    <time>2025-10-03T22:26:30Z</time>
   </trkpt>
   <trkpt lat="33.7662280" lon="-84.3976020">
    <ele>307.6</ele>
    <time>2025-10-03T22:26:31Z</time>
   </trkpt>
   <trkpt lat="33.7662290" lon="-84.3976030">
    <ele>307.4</ele>
    <time>2025-10-03T22:26:32Z</time>
   </trkpt>
   <trkpt lat="33.7662300" lon="-84.3976030">
    <ele>307.4</ele>
    <time>2025-10-03T22:26:33Z</time>
   </trkpt>
   <trkpt lat="33.7662310" lon="-84.3976030">
    <ele>307.4</ele>
    <time>2025-10-03T22:26:34Z</time>
   </trkpt>
   <trkpt lat="33.7662320" lon="-84.3976040">
    <ele>307.2</ele>
    <time>2025-10-03T22:26:35Z</time>
   </trkpt>
   <trkpt lat="33.7662330" lon="-84.3976040">
    <ele>307.2</ele>
    <time>2025-10-03T22:26:36Z</time>
   </trkpt>
   <trkpt lat="33.7662340" lon="-84.3976040">
    <ele>307.2</ele>
    <time>2025-10-03T22:26:37Z</time>
   </trkpt>
   <trkpt lat="33.7662350" lon="-84.3976050">
    <ele>307.2</ele>
    <time>2025-10-03T22:26:38Z</time>
   </trkpt>
   <trkpt lat="33.7662360" lon="-84.3976050">
    <ele>307.2</ele>
    <time>2025-10-03T22:26:39Z</time>
   </trkpt>
   <trkpt lat="33.7662370" lon="-84.3976050">
    <ele>307.2</ele>
    <time>2025-10-03T22:26:40Z</time>
   </trkpt>
   <trkpt lat="33.7662380" lon="-84.3976060">
    <ele>307.2</ele>
    <time>2025-10-03T22:26:41Z</time>
   </trkpt>
   <trkpt lat="33.7662390" lon="-84.3976060">
    <ele>307.2</ele>
    <time>2025-10-03T22:26:42Z</time>
   </trkpt>
   <trkpt lat="33.7662400" lon="-84.3976060">
    <ele>307.2</ele>
    <time>2025-10-03T22:26:43Z</time>
   </trkpt>
   <trkpt lat="33.7662410" lon="-84.3976070">
    <ele>307.2</ele>
    <time>2025-10-03T22:26:44Z</time>
   </trkpt>
   <trkpt lat="33.7662420" lon="-84.3976070">
    <ele>307.4</ele>
    <time>2025-10-03T22:26:45Z</time>
   </trkpt>
   <trkpt lat="33.7662430" lon="-84.3976070">
    <ele>307.4</ele>
    <time>2025-10-03T22:26:46Z</time>
   </trkpt>
   <trkpt lat="33.7662440" lon="-84.3976080">
    <ele>307.4</ele>
    <time>2025-10-03T22:26:47Z</time>
   </trkpt>
   <trkpt lat="33.7662450" lon="-84.3976080">
    <ele>307.4</ele>
    <time>2025-10-03T22:26:48Z</time>
   </trkpt>
   <trkpt lat="33.7662460" lon="-84.3976080">
    <ele>307.6</ele>
    <time>2025-10-03T22:26:49Z</time>
   </trkpt>
   <trkpt lat="33.7662470" lon="-84.3976090">
    <ele>307.6</ele>
    <time>2025-10-03T22:26:50Z</time>
   </trkpt>
   <trkpt lat="33.7662480" lon="-84.3976090">
    <ele>307.6</ele>
    <time>2025-10-03T22:26:51Z</time>
   </trkpt>
   <trkpt lat="33.7662570" lon="-84.3976070">
    <ele>307.8</ele>
    <time>2025-10-03T22:26:52Z</time>
   </trkpt>
   <trkpt lat="33.7662670" lon="-84.3976060">
    <ele>307.8</ele>
    <time>2025-10-03T22:26:53Z</time>
   </trkpt>
   <trkpt lat="33.7662780" lon="-84.3976060">
    <ele>308.0</ele>
    <time>2025-10-03T22:26:54Z</time>
   </trkpt>
   <trkpt lat="33.7662970" lon="-84.3976060">
    <ele>308.0</ele>
    <time>2025-10-03T22:26:55Z</time>
   </trkpt>
   <trkpt lat="33.7663030" lon="-84.3976070">
    <ele>308.0</ele>
    <time>2025-10-03T22:26:56Z</time>
   </trkpt>
   <trkpt lat="33.7663160" lon="-84.3976080">
    <ele>308.2</ele>
    <time>2025-10-03T22:26:57Z</time>
   </trkpt>
   <trkpt lat="33.7663300" lon="-84.3976090">
    <ele>308.2</ele>
    <time>2025-10-03T22:26:58Z</time>
   </trkpt>
   <trkpt lat="33.7663420" lon="-84.3976100">
    <ele>308.2</ele>
    <time>2025-10-03T22:26:59Z</time>
   </trkpt>
   <trkpt lat="33.7663540" lon="-84.3976100">
    <ele>308.2</ele>
    <time>2025-10-03T22:27:00Z</time>
   </trkpt>
   <trkpt lat="33.7663660" lon="-84.3976110">
    <ele>308.4</ele>
    <time>2025-10-03T22:27:01Z</time>
   </trkpt>
   <trkpt lat="33.7663890" lon="-84.3976150">
    <ele>308.4</ele>
    <time>2025-10-03T22:27:02Z</time>
   </trkpt>
   <trkpt lat="33.7663990" lon="-84.3976180">
    <ele>308.4</ele>
    <time>2025-10-03T22:27:03Z</time>
   </trkpt>
   <trkpt lat="33.7664080" lon="-84.3976200">
    <ele>308.4</ele>
    <time>2025-10-03T22:27:04Z</time>
   </trkpt>
   <trkpt lat="33.7664290" lon="-84.3976270">
    <ele>308.4</ele>
    <time>2025-10-03T22:27:05Z</time>
   </trkpt>
   <trkpt lat="33.7664350" lon="-84.3976300">
    <ele>308.4</ele>
    <time>2025-10-03T22:27:06Z</time>
   </trkpt>
   <trkpt lat="33.7664470" lon="-84.3976350">
    <ele>308.4</ele>
    <time>2025-10-03T22:27:07Z</time>
   </trkpt>
   <trkpt lat="33.7664580" lon="-84.3976420">
    <ele>308.4</ele>
    <time>2025-10-03T22:27:08Z</time>
   </trkpt>
   <trkpt lat="33.7664690" lon="-84.3976490">
    <ele>308.4</ele>
    <time>2025-10-03T22:27:09Z</time>
   </trkpt>
   <trkpt lat="33.7664800" lon="-84.3976560">
    <ele>308.4</ele>
    <time>2025-10-03T22:27:10Z</time>
   </trkpt>
   <trkpt lat="33.7664910" lon="-84.3976650">
    <ele>308.4</ele>
    <time>2025-10-03T22:27:11Z</time>
   </trkpt>
   <trkpt lat="33.7665020" lon="-84.3976750">
    <ele>308.4</ele>
    <time>2025-10-03T22:27:12Z</time>
   </trkpt>
   <trkpt lat="33.7665140" lon="-84.3976860">
    <ele>308.2</ele>
    <time>2025-10-03T22:27:13Z</time>
   </trkpt>
   <trkpt lat="33.7665250" lon="-84.3976970">
    <ele>308.2</ele>
    <time>2025-10-03T22:27:14Z</time>
   </trkpt>
   <trkpt lat="33.7665430" lon="-84.3977150">
    <ele>308.2</ele>
    <time>2025-10-03T22:27:15Z</time>
   </trkpt>
   <trkpt lat="33.7665490" lon="-84.3977210">
    <ele>308.2</ele>
    <time>2025-10-03T22:27:16Z</time>
   </trkpt>
   <trkpt lat="33.7665560" lon="-84.3977280">
    <ele>308.4</ele>
    <time>2025-10-03T22:27:17Z</time>
   </trkpt>
   <trkpt lat="33.7665630" lon="-84.3977370">
    <ele>308.4</ele>
    <time>2025-10-03T22:27:18Z</time>
   </trkpt>
   <trkpt lat="33.7665700" lon="-84.3977450">
    <ele>308.4</ele>
    <time>2025-10-03T22:27:19Z</time>
   </trkpt>
   <trkpt lat="33.7665770" lon="-84.3977510">
    <ele>308.4</ele>
    <time>2025-10-03T22:27:20Z</time>
   </trkpt>
   <trkpt lat="33.7665860" lon="-84.3977570">
    <ele>308.4</ele>
    <time>2025-10-03T22:27:21Z</time>
   </trkpt>
   <trkpt lat="33.7665960" lon="-84.3977610">
    <ele>308.4</ele>
    <time>2025-10-03T22:27:22Z</time>
   </trkpt>
   <trkpt lat="33.7666080" lon="-84.3977650">
    <ele>308.4</ele>
    <time>2025-10-03T22:27:23Z</time>
   </trkpt>
   <trkpt lat="33.7666210" lon="-84.3977700">
    <ele>308.4</ele>
    <time>2025-10-03T22:27:24Z</time>
   </trkpt>
   <trkpt lat="33.7666460" lon="-84.3977770">
    <ele>308.4</ele>
    <time>2025-10-03T22:27:25Z</time>
   </trkpt>
   <trkpt lat="33.7666550" lon="-84.3977800">
    <ele>308.4</ele>
    <time>2025-10-03T22:27:26Z</time>
   </trkpt>
   <trkpt lat="33.7666650" lon="-84.3977830">
    <ele>308.4</ele>
    <time>2025-10-03T22:27:27Z</time>
   </trkpt>
   <trkpt lat="33.7666850" lon="-84.3977890">
    <ele>308.4</ele>
    <time>2025-10-03T22:27:28Z</time>
   </trkpt>
   <trkpt lat="33.7666910" lon="-84.3977920">
    <ele>308.2</ele>
    <time>2025-10-03T22:27:29Z</time>
   </trkpt>
   <trkpt lat="33.7667050" lon="-84.3977960">
    <ele>308.2</ele>
    <time>2025-10-03T22:27:30Z</time>
   </trkpt>
   <trkpt lat="33.7667180" lon="-84.3977990">
    <ele>308.2</ele>
    <time>2025-10-03T22:27:31Z</time>
   </trkpt>
   <trkpt lat="33.7667310" lon="-84.3978020">
    <ele>308.2</ele>
    <time>2025-10-03T22:27:32Z</time>
   </trkpt>
   <trkpt lat="33.7667440" lon="-84.3978050">
    <ele>308.2</ele>
    <time>2025-10-03T22:27:33Z</time>
   </trkpt>
   <trkpt lat="33.7667560" lon="-84.3978080">
    <ele>308.0</ele>
    <time>2025-10-03T22:27:34Z</time>
   </trkpt>
   <trkpt lat="33.7667770" lon="-84.3978140">
    <ele>308.0</ele>
    <time>2025-10-03T22:27:35Z</time>
   </trkpt>
   <trkpt lat="33.7667860" lon="-84.3978160">
    <ele>308.0</ele>
    <time>2025-10-03T22:27:36Z</time>
   </trkpt>
   <trkpt lat="33.7667940" lon="-84.3978180">
    <ele>307.8</ele>
    <time>2025-10-03T22:27:37Z</time>
   </trkpt>
   <trkpt lat="33.7668060" lon="-84.3978210">
    <ele>307.8</ele>
    <time>2025-10-03T22:27:38Z</time>
   </trkpt>
   <trkpt lat="33.7668140" lon="-84.3978240">
    <ele>307.8</ele>
    <time>2025-10-03T22:27:39Z</time>
   </trkpt>
   <trkpt lat="33.7668210" lon="-84.3978250">
    <ele>307.6</ele>
    <time>2025-10-03T22:27:40Z</time>
   </trkpt>
   <trkpt lat="33.7668240" lon="-84.3978260">
    <ele>307.6</ele>
    <time>2025-10-03T22:27:41Z</time>
   </trkpt>
   <trkpt lat="33.7668270" lon="-84.3978270">
    <ele>307.6</ele>
    <time>2025-10-03T22:27:42Z</time>
   </trkpt>
   <trkpt lat="33.7668300" lon="-84.3978280">
    <ele>307.6</ele>
    <time>2025-10-03T22:27:43Z</time>
   </trkpt>
   <trkpt lat="33.7668370" lon="-84.3978310">
    <ele>307.6</ele>
    <time>2025-10-03T22:27:44Z</time>
   </trkpt>
   <trkpt lat="33.7668470" lon="-84.3978340">
    <ele>307.4</ele>
    <time>2025-10-03T22:27:45Z</time>
   </trkpt>
   <trkpt lat="33.7668590" lon="-84.3978370">
    <ele>307.4</ele>
    <time>2025-10-03T22:27:46Z</time>
   </trkpt>
   <trkpt lat="33.7668710" lon="-84.3978410">
    <ele>307.4</ele>
    <time>2025-10-03T22:27:47Z</time>
   </trkpt>
   <trkpt lat="33.7668830" lon="-84.3978450">
    <ele>307.4</ele>
    <time>2025-10-03T22:27:48Z</time>
   </trkpt>
   <trkpt lat="33.7668960" lon="-84.3978510">
    <ele>307.4</ele>
    <time>2025-10-03T22:27:49Z</time>
   </trkpt>
   <trkpt lat="33.7669100" lon="-84.3978580">
    <ele>307.4</ele>
    <time>2025-10-03T22:27:50Z</time>
   </trkpt>
   <trkpt lat="33.7669310" lon="-84.3978670">
    <ele>307.4</ele>
    <time>2025-10-03T22:27:51Z</time>
   </trkpt>
   <trkpt lat="33.7669370" lon="-84.3978700">
    <ele>307.2</ele>
    <time>2025-10-03T22:27:52Z</time>
   </trkpt>
   <trkpt lat="33.7669600" lon="-84.3978790">
    <ele>307.2</ele>
    <time>2025-10-03T22:27:53Z</time>
   </trkpt>
   <trkpt lat="33.7669680" lon="-84.3978840">
    <ele>307.2</ele>
    <time>2025-10-03T22:27:54Z</time>
   </trkpt>
   <trkpt lat="33.7669770" lon="-84.3978880">
    <ele>307.2</ele>
    <time>2025-10-03T22:27:55Z</time>
   </trkpt>
   <trkpt lat="33.7669900" lon="-84.3978930">
    <ele>307.2</ele>
    <time>2025-10-03T22:27:56Z</time>
   </trkpt>
   <trkpt lat="33.7670040" lon="-84.3978970">
    <ele>307.2</ele>
    <time>2025-10-03T22:27:57Z</time>
   </trkpt>
   <trkpt lat="33.7670170" lon="-84.3979000">
    <ele>307.2</ele>
    <time>2025-10-03T22:27:58Z</time>
   </trkpt>
   <trkpt lat="33.7670290" lon="-84.3979020">
    <ele>307.2</ele>
    <time>2025-10-03T22:27:59Z</time>
   </trkpt>
   <trkpt lat="33.7670400" lon="-84.3979040">
    <ele>307.2</ele>
    <time>2025-10-03T22:28:00Z</time>
   </trkpt>
   <trkpt lat="33.7670520" lon="-84.3979070">
    <ele>307.0</ele>
    <time>2025-10-03T22:28:01Z</time>
   </trkpt>
   <trkpt lat="33.7670630" lon="-84.3979100">
    <ele>307.0</ele>
    <time>2025-10-03T22:28:02Z</time>
   </trkpt>
   <trkpt lat="33.7670750" lon="-84.3979130">
    <ele>307.2</ele>
    <time>2025-10-03T22:28:03Z</time>
   </trkpt>
   <trkpt lat="33.7670870" lon="-84.3979160">
    <ele>307.2</ele>
    <time>2025-10-03T22:28:04Z</time>
   </trkpt>
   <trkpt lat="33.7671010" lon="-84.3979200">
    <ele>307.2</ele>
    <time>2025-10-03T22:28:05Z</time>
   </trkpt>
   <trkpt lat="33.7671250" lon="-84.3979250">
    <ele>307.2</ele>
    <time>2025-10-03T22:28:06Z</time>
   </trkpt>
   <trkpt lat="33.7671340" lon="-84.3979270">
    <ele>307.4</ele>
    <time>2025-10-03T22:28:07Z</time>
   </trkpt>
   <trkpt lat="33.7671430" lon="-84.3979290">
    <ele>307.4</ele>
    <time>2025-10-03T22:28:08Z</time>
   </trkpt>
   <trkpt lat="33.7671560" lon="-84.3979310">
    <ele>307.6</ele>
    <time>2025-10-03T22:28:09Z</time>
   </trkpt>
   <trkpt lat="33.7671690" lon="-84.3979320">
    <ele>307.6</ele>
    <time>2025-10-03T22:28:10Z</time>
   </trkpt>
   <trkpt lat="33.7671820" lon="-84.3979330">
    <ele>307.6</ele>
    <time>2025-10-03T22:28:11Z</time>
   </trkpt>
   <trkpt lat="33.7671960" lon="-84.3979330">
    <ele>307.8</ele>
    <time>2025-10-03T22:28:12Z</time>
   </trkpt>
   <trkpt lat="33.7672100" lon="-84.3979330">
    <ele>307.8</ele>
    <time>2025-10-03T22:28:13Z</time>
   </trkpt>
   <trkpt lat="33.7672270" lon="-84.3979320">
    <ele>308.0</ele>
    <time>2025-10-03T22:28:14Z</time>
   </trkpt>
   <trkpt lat="33.7672430" lon="-84.3979310">
    <ele>308.0</ele>
    <time>2025-10-03T22:28:15Z</time>
   </trkpt>
   <trkpt lat="33.7672690" lon="-84.3979300">
    <ele>308.2</ele>
    <time>2025-10-03T22:28:16Z</time>
   </trkpt>
   <trkpt lat="33.7672790" lon="-84.3979300">
    <ele>308.2</ele>
    <time>2025-10-03T22:28:17Z</time>
   </trkpt>
   <trkpt lat="33.7672890" lon="-84.3979300">
    <ele>308.2</ele>
    <time>2025-10-03T22:28:18Z</time>
   </trkpt>
   <trkpt lat="33.7673040" lon="-84.3979280">
    <ele>308.4</ele>
    <time>2025-10-03T22:28:19Z</time>
   </trkpt>
   <trkpt lat="33.7673190" lon="-84.3979270">
    <ele>308.4</ele>
    <time>2025-10-03T22:28:20Z</time>
   </trkpt>
   <trkpt lat="33.7673430" lon="-84.3979260">
    <ele>308.4</ele>
    <time>2025-10-03T22:28:21Z</time>
   </trkpt>
   <trkpt lat="33.7673520" lon="-84.3979250">
    <ele>308.6</ele>
    <time>2025-10-03T22:28:22Z</time>
   </trkpt>
   <trkpt lat="33.7673620" lon="-84.3979250">
    <ele>308.6</ele>
    <time>2025-10-03T22:28:23Z</time>
   </trkpt>
   <trkpt lat="33.7673830" lon="-84.3979220">
    <ele>308.6</ele>
    <time>2025-10-03T22:28:24Z</time>
   </trkpt>
   <trkpt lat="33.7673890" lon="-84.3979210">
    <ele>308.8</ele>
    <time>2025-10-03T22:28:25Z</time>
   </trkpt>
   <trkpt lat="33.7674020" lon="-84.3979220">
    <ele>308.8</ele>
    <time>2025-10-03T22:28:26Z</time>
   </trkpt>
   <trkpt lat="33.7674150" lon="-84.3979250">
    <ele>308.8</ele>
    <time>2025-10-03T22:28:27Z</time>
   </trkpt>
   <trkpt lat="33.7674280" lon="-84.3979300">
    <ele>308.8</ele>
    <time>2025-10-03T22:28:28Z</time>
   </trkpt>
   <trkpt lat="33.7674410" lon="-84.3979360">
    <ele>308.8</ele>
    <time>2025-10-03T22:28:29Z</time>
   </trkpt>
   <trkpt lat="33.7674530" lon="-84.3979430">
    <ele>309.0</ele>
    <time>2025-10-03T22:28:30Z</time>
   </trkpt>
   <trkpt lat="33.7674650" lon="-84.3979500">
    <ele>309.0</ele>
    <time>2025-10-03T22:28:31Z</time>
   </trkpt>
   <trkpt lat="33.7674760" lon="-84.3979580">
    <ele>309.0</ele>
    <time>2025-10-03T22:28:32Z</time>
   </trkpt>
   <trkpt lat="33.7674850" lon="-84.3979650">
    <ele>309.0</ele>
    <time>2025-10-03T22:28:33Z</time>
   </trkpt>
   <trkpt lat="33.7674960" lon="-84.3979770">
    <ele>309.2</ele>
    <time>2025-10-03T22:28:34Z</time>
   </trkpt>
   <trkpt lat="33.7675010" lon="-84.3979810">
    <ele>309.2</ele>
    <time>2025-10-03T22:28:35Z</time>
   </trkpt>
   <trkpt lat="33.7675050" lon="-84.3979860">
    <ele>309.2</ele>
    <time>2025-10-03T22:28:36Z</time>
   </trkpt>
   <trkpt lat="33.7675220" lon="-84.3979930">
    <ele>309.2</ele>
    <time>2025-10-03T22:28:37Z</time>
   </trkpt>
   <trkpt lat="33.7675320" lon="-84.3979950">
    <ele>309.2</ele>
    <time>2025-10-03T22:28:38Z</time>
   </trkpt>
   <trkpt lat="33.7675410" lon="-84.3979970">
    <ele>309.2</ele>
    <time>2025-10-03T22:28:39Z</time>
   </trkpt>
   <trkpt lat="33.7675510" lon="-84.3979990">
    <ele>309.2</ele>
    <time>2025-10-03T22:28:40Z</time>
   </trkpt>
   <trkpt lat="33.7675600" lon="-84.3980010">
    <ele>309.4</ele>
    <time>2025-10-03T22:28:41Z</time>
   </trkpt>
   <trkpt lat="33.7675720" lon="-84.3980030">
    <ele>309.4</ele>
    <time>2025-10-03T22:28:42Z</time>
   </trkpt>
   <trkpt lat="33.7675830" lon="-84.3980060">
    <ele>309.4</ele>
    <time>2025-10-03T22:28:43Z</time>
   </trkpt>
   <trkpt lat="33.7675970" lon="-84.3980120">
    <ele>309.2</ele>
    <time>2025-10-03T22:28:44Z</time>
   </trkpt>
   <trkpt lat="33.7676110" lon="-84.3980190">
    <ele>309.2</ele>
    <time>2025-10-03T22:28:45Z</time>
   </trkpt>
   <trkpt lat="33.7676250" lon="-84.3980290">
    <ele>309.2</ele>
    <time>2025-10-03T22:28:46Z</time>
   </trkpt>
   <trkpt lat="33.7676460" lon="-84.3980450">
    <ele>309.2</ele>
    <time>2025-10-03T22:28:47Z</time>
   </trkpt>
   <trkpt lat="33.7676530" lon="-84.3980500">
    <ele>309.2</ele>
    <time>2025-10-03T22:28:48Z</time>
   </trkpt>
   <trkpt lat="33.7676670" lon="-84.3980610">
    <ele>309.0</ele>
    <time>2025-10-03T22:28:49Z</time>
   </trkpt>
   <trkpt lat="33.7676810" lon="-84.3980710">
    <ele>309.0</ele>
    <time>2025-10-03T22:28:50Z</time>
   </trkpt>
   <trkpt lat="33.7676950" lon="-84.3980810">
    <ele>309.0</ele>
    <time>2025-10-03T22:28:51Z</time>
   </trkpt>
   <trkpt lat="33.7677170" lon="-84.3980970">
    <ele>309.0</ele>
    <time>2025-10-03T22:28:52Z</time>
   </trkpt>
   <trkpt lat="33.7677240" lon="-84.3981030">
    <ele>308.8</ele>
    <time>2025-10-03T22:28:53Z</time>
   </trkpt>
   <trkpt lat="33.7677510" lon="-84.3981220">
    <ele>308.8</ele>
    <time>2025-10-03T22:28:54Z</time>
   </trkpt>
   <trkpt lat="33.7677630" lon="-84.3981290">
    <ele>308.8</ele>
    <time>2025-10-03T22:28:55Z</time>
   </trkpt>
   <trkpt lat="33.7677740" lon="-84.3981370">
    <ele>308.8</ele>
    <time>2025-10-03T22:28:56Z</time>
   </trkpt>
   <trkpt lat="33.7678000" lon="-84.3981550">
    <ele>308.6</ele>
    <time>2025-10-03T22:28:57Z</time>
   </trkpt>
   <trkpt lat="33.7678100" lon="-84.3981610">
    <ele>308.6</ele>
    <time>2025-10-03T22:28:58Z</time>
   </trkpt>
   <trkpt lat="33.7678200" lon="-84.3981680">
    <ele>308.6</ele>
    <time>2025-10-03T22:28:59Z</time>
   </trkpt>
   <trkpt lat="33.7678390" lon="-84.3981820">
    <ele>308.6</ele>
    <time>2025-10-03T22:29:00Z</time>
   </trkpt>
   <trkpt lat="33.7678450" lon="-84.3981870">
    <ele>308.6</ele>
    <time>2025-10-03T22:29:01Z</time>
   </trkpt>
   <trkpt lat="33.7678660" lon="-84.3982000">
    <ele>308.6</ele>
    <time>2025-10-03T22:29:02Z</time>
   </trkpt>
   <trkpt lat="33.7678740" lon="-84.3982040">
    <ele>308.6</ele>
    <time>2025-10-03T22:29:03Z</time>
   </trkpt>
   <trkpt lat="33.7678830" lon="-84.3982090">
    <ele>308.6</ele>
    <time>2025-10-03T22:29:04Z</time>
   </trkpt>
   <trkpt lat="33.7678950" lon="-84.3982150">
    <ele>308.6</ele>
    <time>2025-10-03T22:29:05Z</time>
   </trkpt>
   <trkpt lat="33.7679080" lon="-84.3982190">
    <ele>308.6</ele>
    <time>2025-10-03T22:29:06Z</time>
   </trkpt>
   <trkpt lat="33.7679300" lon="-84.3982250">
    <ele>308.6</ele>
    <time>2025-10-03T22:29:07Z</time>
   </trkpt>
   <trkpt lat="33.7679380" lon="-84.3982270">
    <ele>308.4</ele>
    <time>2025-10-03T22:29:08Z</time>
   </trkpt>
   <trkpt lat="33.7679460" lon="-84.3982300">
    <ele>308.4</ele>
    <time>2025-10-03T22:29:09Z</time>
   </trkpt>
   <trkpt lat="33.7679580" lon="-84.3982340">
    <ele>308.4</ele>
    <time>2025-10-03T22:29:10Z</time>
   </trkpt>
   <trkpt lat="33.7679690" lon="-84.3982380">
    <ele>308.4</ele>
    <time>2025-10-03T22:29:11Z</time>
   </trkpt>
   <trkpt lat="33.7679810" lon="-84.3982410">
    <ele>308.2</ele>
    <time>2025-10-03T22:29:12Z</time>
   </trkpt>
   <trkpt lat="33.7679950" lon="-84.3982430">
    <ele>308.2</ele>
    <time>2025-10-03T22:29:13Z</time>
   </trkpt>
   <trkpt lat="33.7680090" lon="-84.3982470">
    <ele>308.2</ele>
    <time>2025-10-03T22:29:14Z</time>
   </trkpt>
   <trkpt lat="33.7680280" lon="-84.3982500">
    <ele>308.0</ele>
    <time>2025-10-03T22:29:15Z</time>
   </trkpt>
   <trkpt lat="33.7680340" lon="-84.3982520">
    <ele>308.0</ele>
    <time>2025-10-03T22:29:16Z</time>
   </trkpt>
   <trkpt lat="33.7680470" lon="-84.3982540">
    <ele>308.0</ele>
    <time>2025-10-03T22:29:17Z</time>
   </trkpt>
   <trkpt lat="33.7680600" lon="-84.3982560">
    <ele>308.0</ele>
    <time>2025-10-03T22:29:18Z</time>
   </trkpt>
   <trkpt lat="33.7680720" lon="-84.3982580">
    <ele>307.8</ele>
    <time>2025-10-03T22:29:19Z</time>
   </trkpt>
   <trkpt lat="33.7680830" lon="-84.3982590">
    <ele>307.8</ele>
    <time>2025-10-03T22:29:20Z</time>
   </trkpt>
   <trkpt lat="33.7680940" lon="-84.3982600">
    <ele>307.8</ele>
    <time>2025-10-03T22:29:21Z</time>
   </trkpt>
   <trkpt lat="33.7681060" lon="-84.3982600">
    <ele>307.8</ele>
    <time>2025-10-03T22:29:22Z</time>
   </trkpt>
   <trkpt lat="33.7681190" lon="-84.3982620">
    <ele>307.8</ele>
    <time>2025-10-03T22:29:23Z</time>
   </trkpt>
   <trkpt lat="33.7681320" lon="-84.3982640">
    <ele>307.8</ele>
    <time>2025-10-03T22:29:24Z</time>
   </trkpt>
   <trkpt lat="33.7681450" lon="-84.3982660">
    <ele>307.8</ele>
    <time>2025-10-03T22:29:25Z</time>
   </trkpt>
   <trkpt lat="33.7681570" lon="-84.3982680">
    <ele>307.8</ele>
    <time>2025-10-03T22:29:26Z</time>
   </trkpt>
   <trkpt lat="33.7681710" lon="-84.3982710">
    <ele>307.8</ele>
    <time>2025-10-03T22:29:27Z</time>
   </trkpt>
   <trkpt lat="33.7681900" lon="-84.3982770">
    <ele>307.8</ele>
    <time>2025-10-03T22:29:28Z</time>
   </trkpt>
   <trkpt lat="33.7681960" lon="-84.3982790">
    <ele>307.8</ele>
    <time>2025-10-03T22:29:29Z</time>
   </trkpt>
   <trkpt lat="33.7682080" lon="-84.3982830">
    <ele>307.8</ele>
    <time>2025-10-03T22:29:30Z</time>
   </trkpt>
   <trkpt lat="33.7682210" lon="-84.3982850">
    <ele>307.8</ele>
    <time>2025-10-03T22:29:31Z</time>
   </trkpt>
   <trkpt lat="33.7682340" lon="-84.3982880">
    <ele>307.8</ele>
    <time>2025-10-03T22:29:32Z</time>
   </trkpt>
   <trkpt lat="33.7682530" lon="-84.3982910">
    <ele>307.8</ele>
    <time>2025-10-03T22:29:33Z</time>
   </trkpt>
   <trkpt lat="33.7682590" lon="-84.3982920">
    <ele>307.8</ele>
    <time>2025-10-03T22:29:34Z</time>
   </trkpt>
   <trkpt lat="33.7682690" lon="-84.3982950">
    <ele>307.8</ele>
    <time>2025-10-03T22:29:35Z</time>
   </trkpt>
   <trkpt lat="33.7682770" lon="-84.3982970">
    <ele>307.8</ele>
    <time>2025-10-03T22:29:36Z</time>
   </trkpt>
   <trkpt lat="33.7682830" lon="-84.3982980">
    <ele>307.8</ele>
    <time>2025-10-03T22:29:37Z</time>
   </trkpt>
   <trkpt lat="33.7682900" lon="-84.3983000">
    <ele>307.8</ele>
    <time>2025-10-03T22:29:38Z</time>
   </trkpt>
   <trkpt lat="33.7683000" lon="-84.3983030">
    <ele>307.8</ele>
    <time>2025-10-03T22:29:39Z</time>
   </trkpt>
   <trkpt lat="33.7683100" lon="-84.3983070">
    <ele>307.8</ele>
    <time>2025-10-03T22:29:40Z</time>
   </trkpt>
   <trkpt lat="33.7683210" lon="-84.3983110">
    <ele>307.8</ele>
    <time>2025-10-03T22:29:41Z</time>
   </trkpt>
   <trkpt lat="33.7683320" lon="-84.3983150">
    <ele>307.8</ele>
    <time>2025-10-03T22:29:42Z</time>
   </trkpt>
   <trkpt lat="33.7683430" lon="-84.3983180">
    <ele>307.8</ele>
    <time>2025-10-03T22:29:43Z</time>
   </trkpt>
   <trkpt lat="33.7683530" lon="-84.3983210">
    <ele>307.8</ele>
    <time>2025-10-03T22:29:44Z</time>
   </trkpt>
   <trkpt lat="33.7683630" lon="-84.3983240">
    <ele>307.8</ele>
    <time>2025-10-03T22:29:45Z</time>
   </trkpt>
   <trkpt lat="33.7683730" lon="-84.3983290">
    <ele>307.8</ele>
    <time>2025-10-03T22:29:46Z</time>
   </trkpt>
   <trkpt lat="33.7683840" lon="-84.3983350">
    <ele>307.8</ele>
    <time>2025-10-03T22:29:47Z</time>
   </trkpt>
   <trkpt lat="33.7683960" lon="-84.3983420">
    <ele>307.8</ele>
    <time>2025-10-03T22:29:48Z</time>
   </trkpt>
   <trkpt lat="33.7684070" lon="-84.3983500">
    <ele>307.8</ele>
    <time>2025-10-03T22:29:49Z</time>
   </trkpt>
   <trkpt lat="33.7684190" lon="-84.3983580">
    <ele>307.8</ele>
    <time>2025-10-03T22:29:50Z</time>
   </trkpt>
   <trkpt lat="33.7684300" lon="-84.3983670">
    <ele>307.8</ele>
    <time>2025-10-03T22:29:51Z</time>
   </trkpt>
   <trkpt lat="33.7684410" lon="-84.3983750">
    <ele>307.8</ele>
    <time>2025-10-03T22:29:52Z</time>
   </trkpt>
   <trkpt lat="33.7684600" lon="-84.3983840">
    <ele>308.0</ele>
    <time>2025-10-03T22:29:53Z</time>
   </trkpt>
   <trkpt lat="33.7684680" lon="-84.3983880">
    <ele>308.0</ele>
    <time>2025-10-03T22:29:54Z</time>
   </trkpt>
   <trkpt lat="33.7684760" lon="-84.3983910">
    <ele>308.0</ele>
    <time>2025-10-03T22:29:55Z</time>
   </trkpt>
   <trkpt lat="33.7684940" lon="-84.3983940">
    <ele>308.0</ele>
    <time>2025-10-03T22:29:56Z</time>
   </trkpt>
   <trkpt lat="33.7685000" lon="-84.3983950">
    <ele>308.0</ele>
    <time>2025-10-03T22:29:57Z</time>
   </trkpt>
   <trkpt lat="33.7685110" lon="-84.3983960">
    <ele>308.2</ele>
    <time>2025-10-03T22:29:58Z</time>
   </trkpt>
   <trkpt lat="33.7685230" lon="-84.3983950">
    <ele>308.2</ele>
    <time>2025-10-03T22:29:59Z</time>
   </trkpt>
   <trkpt lat="33.7685350" lon="-84.3983940">
    <ele>308.2</ele>
    <time>2025-10-03T22:30:00Z</time>
   </trkpt>
   <trkpt lat="33.7685480" lon="-84.3983950">
    <ele>308.2</ele>
    <time>2025-10-03T22:30:01Z</time>
   </trkpt>
   <trkpt lat="33.7685600" lon="-84.3983950">
    <ele>308.4</ele>
    <time>2025-10-03T22:30:02Z</time>
   </trkpt>
   <trkpt lat="33.7685720" lon="-84.3983970">
    <ele>308.4</ele>
    <time>2025-10-03T22:30:03Z</time>
   </trkpt>
   <trkpt lat="33.7685850" lon="-84.3983990">
    <ele>308.4</ele>
    <time>2025-10-03T22:30:04Z</time>
   </trkpt>
   <trkpt lat="33.7685980" lon="-84.3984010">
    <ele>308.4</ele>
    <time>2025-10-03T22:30:05Z</time>
   </trkpt>
   <trkpt lat="33.7686200" lon="-84.3984050">
    <ele>308.4</ele>
    <time>2025-10-03T22:30:06Z</time>
   </trkpt>
   <trkpt lat="33.7686270" lon="-84.3984070">
    <ele>308.4</ele>
    <time>2025-10-03T22:30:07Z</time>
   </trkpt>
   <trkpt lat="33.7686410" lon="-84.3984100">
    <ele>308.4</ele>
    <time>2025-10-03T22:30:08Z</time>
   </trkpt>
   <trkpt lat="33.7686560" lon="-84.3984130">
    <ele>308.4</ele>
    <time>2025-10-03T22:30:09Z</time>
   </trkpt>
   <trkpt lat="33.7686700" lon="-84.3984180">
    <ele>308.4</ele>
    <time>2025-10-03T22:30:10Z</time>
   </trkpt>
   <trkpt lat="33.7686850" lon="-84.3984240">
    <ele>308.4</ele>
    <time>2025-10-03T22:30:11Z</time>
   </trkpt>
   <trkpt lat="33.7686980" lon="-84.3984320">
    <ele>308.4</ele>
    <time>2025-10-03T22:30:12Z</time>
   </trkpt>
   <trkpt lat="33.7687110" lon="-84.3984410">
    <ele>308.6</ele>
    <time>2025-10-03T22:30:13Z</time>
   </trkpt>
   <trkpt lat="33.7687310" lon="-84.3984570">
    <ele>308.6</ele>
    <time>2025-10-03T22:30:14Z</time>
   </trkpt>
   <trkpt lat="33.7687390" lon="-84.3984640">
    <ele>308.6</ele>
    <time>2025-10-03T22:30:15Z</time>
   </trkpt>
   <trkpt lat="33.7687470" lon="-84.3984710">
    <ele>308.6</ele>
    <time>2025-10-03T22:30:16Z</time>
   </trkpt>
   <trkpt lat="33.7687550" lon="-84.3984780">
    <ele>308.6</ele>
    <time>2025-10-03T22:30:17Z</time>
   </trkpt>
   <trkpt lat="33.7687630" lon="-84.3984850">
    <ele>308.6</ele>
    <time>2025-10-03T22:30:18Z</time>
   </trkpt>
   <trkpt lat="33.7687680" lon="-84.3984950">
    <ele>308.6</ele>
    <time>2025-10-03T22:30:19Z</time>
   </trkpt>
   <trkpt lat="33.7687710" lon="-84.3985060">
    <ele>308.6</ele>
    <time>2025-10-03T22:30:20Z</time>
   </trkpt>
   <trkpt lat="33.7687760" lon="-84.3985180">
    <ele>308.8</ele>
    <time>2025-10-03T22:30:21Z</time>
   </trkpt>
   <trkpt lat="33.7687810" lon="-84.3985310">
    <ele>308.8</ele>
    <time>2025-10-03T22:30:22Z</time>
   </trkpt>
   <trkpt lat="33.7687880" lon="-84.3985430">
    <ele>308.8</ele>
    <time>2025-10-03T22:30:23Z</time>
   </trkpt>
   <trkpt lat="33.7687970" lon="-84.3985530">
    <ele>308.8</ele>
    <time>2025-10-03T22:30:24Z</time>
   </trkpt>
   <trkpt lat="33.7688070" lon="-84.3985630">
    <ele>308.8</ele>
    <time>2025-10-03T22:30:25Z</time>
   </trkpt>
   <trkpt lat="33.7688180" lon="-84.3985730">
    <ele>309.0</ele>
    <time>2025-10-03T22:30:26Z</time>
   </trkpt>
   <trkpt lat="33.7688300" lon="-84.3985820">
    <ele>309.0</ele>
    <time>2025-10-03T22:30:27Z</time>
   </trkpt>
   <trkpt lat="33.7688430" lon="-84.3985930">
    <ele>309.0</ele>
    <time>2025-10-03T22:30:28Z</time>
   </trkpt>
   <trkpt lat="33.7688630" lon="-84.3986080">
    <ele>309.0</ele>
    <time>2025-10-03T22:30:29Z</time>
   </trkpt>
   <trkpt lat="33.7688690" lon="-84.3986130">
    <ele>309.0</ele>
    <time>2025-10-03T22:30:30Z</time>
   </trkpt>
   <trkpt lat="33.7688850" lon="-84.3986240">
    <ele>309.0</ele>
    <time>2025-10-03T22:30:31Z</time>
   </trkpt>
   <trkpt lat="33.7688900" lon="-84.3986280">
    <ele>309.0</ele>
    <time>2025-10-03T22:30:32Z</time>
   </trkpt>
   <trkpt lat="33.7688950" lon="-84.3986310">
    <ele>309.0</ele>
    <time>2025-10-03T22:30:33Z</time>
   </trkpt>
   <trkpt lat="33.7689030" lon="-84.3986380">
    <ele>309.0</ele>
    <time>2025-10-03T22:30:34Z</time>
   </trkpt>
   <trkpt lat="33.7689070" lon="-84.3986400">
    <ele>309.0</ele>
    <time>2025-10-03T22:30:35Z</time>
   </trkpt>
   <trkpt lat="33.7689110" lon="-84.3986410">
    <ele>309.0</ele>
    <time>2025-10-03T22:30:36Z</time>
   </trkpt>
   <trkpt lat="33.7689160" lon="-84.3986430">
    <ele>309.0</ele>
    <time>2025-10-03T22:30:37Z</time>
   </trkpt>
   <trkpt lat="33.7689200" lon="-84.3986440">
    <ele>309.0</ele>
    <time>2025-10-03T22:30:38Z</time>
   </trkpt>
   <trkpt lat="33.7689240" lon="-84.3986460">
    <ele>309.0</ele>
    <time>2025-10-03T22:30:39Z</time>
   </trkpt>
   <trkpt lat="33.7689280" lon="-84.3986470">
    <ele>309.0</ele>
    <time>2025-10-03T22:30:40Z</time>
   </trkpt>
   <trkpt lat="33.7689320" lon="-84.3986490">
    <ele>309.0</ele>
    <time>2025-10-03T22:30:41Z</time>
   </trkpt>
   <trkpt lat="33.7689360" lon="-84.3986500">
    <ele>309.0</ele>
    <time>2025-10-03T22:30:42Z</time>
   </trkpt>
   <trkpt lat="33.7689400" lon="-84.3986520">
    <ele>309.0</ele>
    <time>2025-10-03T22:30:43Z</time>
   </trkpt>
   <trkpt lat="33.7689450" lon="-84.3986530">
    <ele>308.8</ele>
    <time>2025-10-03T22:30:44Z</time>
   </trkpt>
   <trkpt lat="33.7689490" lon="-84.3986550">
    <ele>308.8</ele>
    <time>2025-10-03T22:30:45Z</time>
   </trkpt>
   <trkpt lat="33.7689530" lon="-84.3986560">
    <ele>308.8</ele>
    <time>2025-10-03T22:30:46Z</time>
   </trkpt>
   <trkpt lat="33.7689570" lon="-84.3986580">
    <ele>308.6</ele>
    <time>2025-10-03T22:30:47Z</time>
   </trkpt>
   <trkpt lat="33.7689610" lon="-84.3986590">
    <ele>308.6</ele>
    <time>2025-10-03T22:30:48Z</time>
   </trkpt>
   <trkpt lat="33.7689650" lon="-84.3986600">
    <ele>308.6</ele>
    <time>2025-10-03T22:30:49Z</time>
   </trkpt>
   <trkpt lat="33.7689690" lon="-84.3986620">
    <ele>308.4</ele>
    <time>2025-10-03T22:30:50Z</time>
   </trkpt>
   <trkpt lat="33.7689740" lon="-84.3986630">
    <ele>308.4</ele>
    <time>2025-10-03T22:30:51Z</time>
   </trkpt>
   <trkpt lat="33.7689780" lon="-84.3986650">
    <ele>308.4</ele>
    <time>2025-10-03T22:30:52Z</time>
   </trkpt>
   <trkpt lat="33.7689820" lon="-84.3986660">
    <ele>308.2</ele>
    <time>2025-10-03T22:30:53Z</time>
   </trkpt>
   <trkpt lat="33.7689860" lon="-84.3986680">
    <ele>308.2</ele>
    <time>2025-10-03T22:30:54Z</time>
   </trkpt>
   <trkpt lat="33.7689900" lon="-84.3986690">
    <ele>308.0</ele>
    <time>2025-10-03T22:30:55Z</time>
   </trkpt>
   <trkpt lat="33.7689940" lon="-84.3986710">
    <ele>308.0</ele>
    <time>2025-10-03T22:30:56Z</time>
   </trkpt>
   <trkpt lat="33.7689980" lon="-84.3986720">
    <ele>308.0</ele>
    <time>2025-10-03T22:30:57Z</time>
   </trkpt>
   <trkpt lat="33.7690030" lon="-84.3986740">
    <ele>308.0</ele>
    <time>2025-10-03T22:30:58Z</time>
   </trkpt>
   <trkpt lat="33.7690070" lon="-84.3986750">
    <ele>307.8</ele>
    <time>2025-10-03T22:30:59Z</time>
   </trkpt>
   <trkpt lat="33.7690110" lon="-84.3986770">
    <ele>307.8</ele>
    <time>2025-10-03T22:31:00Z</time>
   </trkpt>
   <trkpt lat="33.7690150" lon="-84.3986780">
    <ele>307.8</ele>
    <time>2025-10-03T22:31:01Z</time>
   </trkpt>
   <trkpt lat="33.7690190" lon="-84.3986800">
    <ele>307.8</ele>
    <time>2025-10-03T22:31:02Z</time>
   </trkpt>
   <trkpt lat="33.7690230" lon="-84.3986810">
    <ele>307.8</ele>
    <time>2025-10-03T22:31:03Z</time>
   </trkpt>
   <trkpt lat="33.7690280" lon="-84.3986820">
    <ele>307.8</ele>
    <time>2025-10-03T22:31:04Z</time>
   </trkpt>
   <trkpt lat="33.7690420" lon="-84.3986850">
    <ele>307.6</ele>
    <time>2025-10-03T22:31:05Z</time>
   </trkpt>
   <trkpt lat="33.7690570" lon="-84.3986880">
    <ele>307.6</ele>
    <time>2025-10-03T22:31:06Z</time>
   </trkpt>
   <trkpt lat="33.7690710" lon="-84.3986900">
    <ele>307.6</ele>
    <time>2025-10-03T22:31:07Z</time>
   </trkpt>
   <trkpt lat="33.7690850" lon="-84.3986920">
    <ele>307.6</ele>
    <time>2025-10-03T22:31:08Z</time>
   </trkpt>
   <trkpt lat="33.7690980" lon="-84.3986930">
    <ele>307.6</ele>
    <time>2025-10-03T22:31:09Z</time>
   </trkpt>
   <trkpt lat="33.7691220" lon="-84.3986950">
    <ele>307.6</ele>
    <time>2025-10-03T22:31:10Z</time>
   </trkpt>
   <trkpt lat="33.7691290" lon="-84.3986960">
    <ele>307.6</ele>
    <time>2025-10-03T22:31:11Z</time>
   </trkpt>
   <trkpt lat="33.7691520" lon="-84.3986990">
    <ele>307.6</ele>
    <time>2025-10-03T22:31:12Z</time>
   </trkpt>
   <trkpt lat="33.7691600" lon="-84.3987010">
    <ele>307.6</ele>
    <time>2025-10-03T22:31:13Z</time>
   </trkpt>
   <trkpt lat="33.7691690" lon="-84.3987020">
    <ele>307.6</ele>
    <time>2025-10-03T22:31:14Z</time>
   </trkpt>
   <trkpt lat="33.7691820" lon="-84.3987040">
    <ele>307.8</ele>
    <time>2025-10-03T22:31:15Z</time>
   </trkpt>
   <trkpt lat="33.7691950" lon="-84.3987060">
    <ele>307.8</ele>
    <time>2025-10-03T22:31:16Z</time>
   </trkpt>
   <trkpt lat="33.7692180" lon="-84.3987110">
    <ele>307.8</ele>
    <time>2025-10-03T22:31:17Z</time>
   </trkpt>
   <trkpt lat="33.7692270" lon="-84.3987140">
    <ele>307.8</ele>
    <time>2025-10-03T22:31:18Z</time>
   </trkpt>
   <trkpt lat="33.7692360" lon="-84.3987160">
    <ele>307.8</ele>
    <time>2025-10-03T22:31:19Z</time>
   </trkpt>
   <trkpt lat="33.7692480" lon="-84.3987200">
    <ele>307.8</ele>
    <time>2025-10-03T22:31:20Z</time>
   </trkpt>
   <trkpt lat="33.7692600" lon="-84.3987240">
    <ele>307.8</ele>
    <time>2025-10-03T22:31:21Z</time>
   </trkpt>
   <trkpt lat="33.7692810" lon="-84.3987320">
    <ele>307.8</ele>
    <time>2025-10-03T22:31:22Z</time>
   </trkpt>
   <trkpt lat="33.7692890" lon="-84.3987360">
    <ele>307.8</ele>
    <time>2025-10-03T22:31:23Z</time>
   </trkpt>
   <trkpt lat="33.7692980" lon="-84.3987390">
    <ele>308.0</ele>
    <time>2025-10-03T22:31:24Z</time>
   </trkpt>
   <trkpt lat="33.7693210" lon="-84.3987470">
    <ele>308.0</ele>
    <time>2025-10-03T22:31:25Z</time>
   </trkpt>
   <trkpt lat="33.7693300" lon="-84.3987510">
    <ele>308.0</ele>
    <time>2025-10-03T22:31:26Z</time>
   </trkpt>
   <trkpt lat="33.7693390" lon="-84.3987540">
    <ele>308.0</ele>
    <time>2025-10-03T22:31:27Z</time>
   </trkpt>
   <trkpt lat="33.7693600" lon="-84.3987610">
    <ele>308.0</ele>
    <time>2025-10-03T22:31:28Z</time>
   </trkpt>
   <trkpt lat="33.7693660" lon="-84.3987640">
    <ele>308.0</ele>
    <time>2025-10-03T22:31:29Z</time>
   </trkpt>
   <trkpt lat="33.7693770" lon="-84.3987690">
    <ele>308.0</ele>
    <time>2025-10-03T22:31:30Z</time>
   </trkpt>
   <trkpt lat="33.7693870" lon="-84.3987750">
    <ele>308.0</ele>
    <time>2025-10-03T22:31:31Z</time>
   </trkpt>
   <trkpt lat="33.7693960" lon="-84.3987810">
    <ele>308.0</ele>
    <time>2025-10-03T22:31:32Z</time>
   </trkpt>
   <trkpt lat="33.7694060" lon="-84.3987890">
    <ele>308.0</ele>
    <time>2025-10-03T22:31:33Z</time>
   </trkpt>
   <trkpt lat="33.7694170" lon="-84.3987970">
    <ele>308.0</ele>
    <time>2025-10-03T22:31:34Z</time>
   </trkpt>
   <trkpt lat="33.7694350" lon="-84.3988100">
    <ele>308.0</ele>
    <time>2025-10-03T22:31:35Z</time>
   </trkpt>
   <trkpt lat="33.7694430" lon="-84.3988140">
    <ele>308.0</ele>
    <time>2025-10-03T22:31:36Z</time>
   </trkpt>
   <trkpt lat="33.7694500" lon="-84.3988190">
    <ele>308.0</ele>
    <time>2025-10-03T22:31:37Z</time>
   </trkpt>
   <trkpt lat="33.7694600" lon="-84.3988250">
    <ele>308.0</ele>
    <time>2025-10-03T22:31:38Z</time>
   </trkpt>
   <trkpt lat="33.7694710" lon="-84.3988320">
    <ele>308.0</ele>
    <time>2025-10-03T22:31:39Z</time>
   </trkpt>
   <trkpt lat="33.7694820" lon="-84.3988400">
    <ele>308.0</ele>
    <time>2025-10-03T22:31:40Z</time>
   </trkpt>
   <trkpt lat="33.7694940" lon="-84.3988470">
    <ele>308.0</ele>
    <time>2025-10-03T22:31:41Z</time>
   </trkpt>
   <trkpt lat="33.7695060" lon="-84.3988530">
    <ele>307.8</ele>
    <time>2025-10-03T22:31:42Z</time>
   </trkpt>
   <trkpt lat="33.7695180" lon="-84.3988600">
    <ele>307.8</ele>
    <time>2025-10-03T22:31:43Z</time>
   </trkpt>
   <trkpt lat="33.7695310" lon="-84.3988660">
    <ele>307.8</ele>
    <time>2025-10-03T22:31:44Z</time>
   </trkpt>
   <trkpt lat="33.7695440" lon="-84.3988710">
    <ele>307.6</ele>
    <time>2025-10-03T22:31:45Z</time>
   </trkpt>
   <trkpt lat="33.7695580" lon="-84.3988760">
    <ele>307.6</ele>
    <time>2025-10-03T22:31:46Z</time>
   </trkpt>
   <trkpt lat="33.7695710" lon="-84.3988820">
    <ele>307.6</ele>
    <time>2025-10-03T22:31:47Z</time>
   </trkpt>
   <trkpt lat="33.7695910" lon="-84.3988930">
    <ele>307.6</ele>
    <time>2025-10-03T22:31:48Z</time>
   </trkpt>
   <trkpt lat="33.7695970" lon="-84.3988970">
    <ele>307.6</ele>
    <time>2025-10-03T22:31:49Z</time>
   </trkpt>
   <trkpt lat="33.7696080" lon="-84.3989050">
    <ele>307.4</ele>
    <time>2025-10-03T22:31:50Z</time>
   </trkpt>
   <trkpt lat="33.7696190" lon="-84.3989120">
    <ele>307.4</ele>
    <time>2025-10-03T22:31:51Z</time>
   </trkpt>
   <trkpt lat="33.7696290" lon="-84.3989180">
    <ele>307.4</ele>
    <time>2025-10-03T22:31:52Z</time>
   </trkpt>
   <trkpt lat="33.7696390" lon="-84.3989230">
    <ele>307.4</ele>
    <time>2025-10-03T22:31:53Z</time>
   </trkpt>
   <trkpt lat="33.7696500" lon="-84.3989280">
    <ele>307.4</ele>
    <time>2025-10-03T22:31:54Z</time>
   </trkpt>
   <trkpt lat="33.7696620" lon="-84.3989330">
    <ele>307.2</ele>
    <time>2025-10-03T22:31:55Z</time>
   </trkpt>
   <trkpt lat="33.7696730" lon="-84.3989380">
    <ele>307.2</ele>
    <time>2025-10-03T22:31:56Z</time>
   </trkpt>
   <trkpt lat="33.7696850" lon="-84.3989430">
    <ele>307.2</ele>
    <time>2025-10-03T22:31:57Z</time>
   </trkpt>
   <trkpt lat="33.7697070" lon="-84.3989530">
    <ele>307.2</ele>
    <time>2025-10-03T22:31:58Z</time>
   </trkpt>
   <trkpt lat="33.7697170" lon="-84.3989570">
    <ele>307.2</ele>
    <time>2025-10-03T22:31:59Z</time>
   </trkpt>
   <trkpt lat="33.7697260" lon="-84.3989610">
    <ele>307.2</ele>
    <time>2025-10-03T22:32:00Z</time>
   </trkpt>
   <trkpt lat="33.7697390" lon="-84.3989650">
    <ele>307.2</ele>
    <time>2025-10-03T22:32:01Z</time>
   </trkpt>
   <trkpt lat="33.7697520" lon="-84.3989700">
    <ele>307.2</ele>
    <time>2025-10-03T22:32:02Z</time>
   </trkpt>
   <trkpt lat="33.7697650" lon="-84.3989750">
    <ele>307.2</ele>
    <time>2025-10-03T22:32:03Z</time>
   </trkpt>
   <trkpt lat="33.7697770" lon="-84.3989800">
    <ele>307.2</ele>
    <time>2025-10-03T22:32:04Z</time>
   </trkpt>
   <trkpt lat="33.7697880" lon="-84.3989850">
    <ele>307.2</ele>
    <time>2025-10-03T22:32:05Z</time>
   </trkpt>
   <trkpt lat="33.7697980" lon="-84.3989900">
    <ele>307.2</ele>
    <time>2025-10-03T22:32:06Z</time>
   </trkpt>
   <trkpt lat="33.7698090" lon="-84.3989940">
    <ele>307.2</ele>
    <time>2025-10-03T22:32:07Z</time>
   </trkpt>
   <trkpt lat="33.7698210" lon="-84.3989990">
    <ele>307.2</ele>
    <time>2025-10-03T22:32:08Z</time>
   </trkpt>
   <trkpt lat="33.7698320" lon="-84.3990030">
    <ele>307.2</ele>
    <time>2025-10-03T22:32:09Z</time>
   </trkpt>
   <trkpt lat="33.7698420" lon="-84.3990080">
    <ele>307.2</ele>
    <time>2025-10-03T22:32:10Z</time>
   </trkpt>
   <trkpt lat="33.7698530" lon="-84.3990140">
    <ele>307.2</ele>
    <time>2025-10-03T22:32:11Z</time>
   </trkpt>
   <trkpt lat="33.7698630" lon="-84.3990190">
    <ele>307.2</ele>
    <time>2025-10-03T22:32:12Z</time>
   </trkpt>
   <trkpt lat="33.7698740" lon="-84.3990250">
    <ele>307.2</ele>
    <time>2025-10-03T22:32:13Z</time>
   </trkpt>
   <trkpt lat="33.7698860" lon="-84.3990320">
    <ele>307.2</ele>
    <time>2025-10-03T22:32:14Z</time>
   </trkpt>
   <trkpt lat="33.7698970" lon="-84.3990400">
    <ele>307.2</ele>
    <time>2025-10-03T22:32:15Z</time>
   </trkpt>
   <trkpt lat="33.7699100" lon="-84.3990490">
    <ele>307.2</ele>
    <time>2025-10-03T22:32:16Z</time>
   </trkpt>
   <trkpt lat="33.7699220" lon="-84.3990600">
    <ele>307.2</ele>
    <time>2025-10-03T22:32:17Z</time>
   </trkpt>
   <trkpt lat="33.7699350" lon="-84.3990700">
    <ele>307.0</ele>
    <time>2025-10-03T22:32:18Z</time>
   </trkpt>
   <trkpt lat="33.7699530" lon="-84.3990850">
    <ele>307.0</ele>
    <time>2025-10-03T22:32:19Z</time>
   </trkpt>
   <trkpt lat="33.7699580" lon="-84.3990900">
    <ele>307.0</ele>
    <time>2025-10-03T22:32:20Z</time>
   </trkpt>
   <trkpt lat="33.7699670" lon="-84.3990990">
    <ele>307.0</ele>
    <time>2025-10-03T22:32:21Z</time>
   </trkpt>
   <trkpt lat="33.7699760" lon="-84.3991090">
    <ele>307.2</ele>
    <time>2025-10-03T22:32:22Z</time>
   </trkpt>
   <trkpt lat="33.7699840" lon="-84.3991190">
    <ele>307.2</ele>
    <time>2025-10-03T22:32:23Z</time>
   </trkpt>
   <trkpt lat="33.7699920" lon="-84.3991290">
    <ele>307.2</ele>
    <time>2025-10-03T22:32:24Z</time>
   </trkpt>
   <trkpt lat="33.7700000" lon="-84.3991390">
    <ele>307.2</ele>
    <time>2025-10-03T22:32:25Z</time>
   </trkpt>
   <trkpt lat="33.7700090" lon="-84.3991490">
    <ele>307.2</ele>
    <time>2025-10-03T22:32:26Z</time>
   </trkpt>
   <trkpt lat="33.7700180" lon="-84.3991580">
    <ele>307.2</ele>
    <time>2025-10-03T22:32:27Z</time>
   </trkpt>
   <trkpt lat="33.7700270" lon="-84.3991670">
    <ele>307.0</ele>
    <time>2025-10-03T22:32:28Z</time>
   </trkpt>
   <trkpt lat="33.7700380" lon="-84.3991760">
    <ele>307.0</ele>
    <time>2025-10-03T22:32:29Z</time>
   </trkpt>
   <trkpt lat="33.7700500" lon="-84.3991870">
    <ele>307.0</ele>
    <time>2025-10-03T22:32:30Z</time>
   </trkpt>
   <trkpt lat="33.7700720" lon="-84.3992050">
    <ele>307.0</ele>
    <time>2025-10-03T22:32:31Z</time>
   </trkpt>
   <trkpt lat="33.7700790" lon="-84.3992130">
    <ele>307.0</ele>
    <time>2025-10-03T22:32:32Z</time>
   </trkpt>
   <trkpt lat="33.7700870" lon="-84.3992200">
    <ele>307.0</ele>
    <time>2025-10-03T22:32:33Z</time>
   </trkpt>
   <trkpt lat="33.7700960" lon="-84.3992310">
    <ele>307.0</ele>
    <time>2025-10-03T22:32:34Z</time>
   </trkpt>
   <trkpt lat="33.7701060" lon="-84.3992400">
    <ele>306.8</ele>
    <time>2025-10-03T22:32:35Z</time>
   </trkpt>
   <trkpt lat="33.7701170" lon="-84.3992490">
    <ele>306.8</ele>
    <time>2025-10-03T22:32:36Z</time>
   </trkpt>
   <trkpt lat="33.7701290" lon="-84.3992580">
    <ele>306.8</ele>
    <time>2025-10-03T22:32:37Z</time>
   </trkpt>
   <trkpt lat="33.7701420" lon="-84.3992680">
    <ele>306.6</ele>
    <time>2025-10-03T22:32:38Z</time>
   </trkpt>
   <trkpt lat="33.7701650" lon="-84.3992850">
    <ele>306.6</ele>
    <time>2025-10-03T22:32:39Z</time>
   </trkpt>
   <trkpt lat="33.7701740" lon="-84.3992930">
    <ele>306.6</ele>
    <time>2025-10-03T22:32:40Z</time>
   </trkpt>
   <trkpt lat="33.7701830" lon="-84.3993000">
    <ele>306.4</ele>
    <time>2025-10-03T22:32:41Z</time>
   </trkpt>
   <trkpt lat="33.7702030" lon="-84.3993140">
    <ele>306.4</ele>
    <time>2025-10-03T22:32:42Z</time>
   </trkpt>
   <trkpt lat="33.7702080" lon="-84.3993180">
    <ele>306.4</ele>
    <time>2025-10-03T22:32:43Z</time>
   </trkpt>
   <trkpt lat="33.7702180" lon="-84.3993240">
    <ele>306.4</ele>
    <time>2025-10-03T22:32:44Z</time>
   </trkpt>
   <trkpt lat="33.7702260" lon="-84.3993290">
    <ele>306.2</ele>
    <time>2025-10-03T22:32:45Z</time>
   </trkpt>
   <trkpt lat="33.7702350" lon="-84.3993330">
    <ele>306.2</ele>
    <time>2025-10-03T22:32:46Z</time>
   </trkpt>
   <trkpt lat="33.7702450" lon="-84.3993370">
    <ele>306.2</ele>
    <time>2025-10-03T22:32:47Z</time>
   </trkpt>
   <trkpt lat="33.7702550" lon="-84.3993420">
    <ele>306.2</ele>
    <time>2025-10-03T22:32:48Z</time>
   </trkpt>
   <trkpt lat="33.7702760" lon="-84.3993540">
    <ele>306.0</ele>
    <time>2025-10-03T22:32:49Z</time>
   </trkpt>
   <trkpt lat="33.7702870" lon="-84.3993600">
    <ele>306.0</ele>
    <time>2025-10-03T22:32:50Z</time>
   </trkpt>
   <trkpt lat="33.7702970" lon="-84.3993650">
    <ele>306.0</ele>
    <time>2025-10-03T22:32:51Z</time>
   </trkpt>
   <trkpt lat="33.7703080" lon="-84.3993710">
    <ele>305.8</ele>
    <time>2025-10-03T22:32:52Z</time>
   </trkpt>
   <trkpt lat="33.7703180" lon="-84.3993760">
    <ele>305.8</ele>
    <time>2025-10-03T22:32:53Z</time>
   </trkpt>
   <trkpt lat="33.7703310" lon="-84.3993840">
    <ele>305.8</ele>
    <time>2025-10-03T22:32:54Z</time>
   </trkpt>
   <trkpt lat="33.7703430" lon="-84.3993940">
    <ele>305.6</ele>
    <time>2025-10-03T22:32:55Z</time>
   </trkpt>
   <trkpt lat="33.7703540" lon="-84.3994070">
    <ele>305.6</ele>
    <time>2025-10-03T22:32:56Z</time>
   </trkpt>
   <trkpt lat="33.7703700" lon="-84.3994300">
    <ele>305.6</ele>
    <time>2025-10-03T22:32:57Z</time>
   </trkpt>
   <trkpt lat="33.7703750" lon="-84.3994380">
    <ele>305.4</ele>
    <time>2025-10-03T22:32:58Z</time>
   </trkpt>
   <trkpt lat="33.7703870" lon="-84.3994650">
    <ele>305.4</ele>
    <time>2025-10-03T22:32:59Z</time>
   </trkpt>
   <trkpt lat="33.7703920" lon="-84.3994760">
    <ele>305.4</ele>
    <time>2025-10-03T22:33:00Z</time>
   </trkpt>
   <trkpt lat="33.7703960" lon="-84.3994870">
    <ele>305.2</ele>
    <time>2025-10-03T22:33:01Z</time>
   </trkpt>
   <trkpt lat="33.7704040" lon="-84.3995110">
    <ele>305.2</ele>
    <time>2025-10-03T22:33:02Z</time>
   </trkpt>
   <trkpt lat="33.7704060" lon="-84.3995200">
    <ele>305.2</ele>
    <time>2025-10-03T22:33:03Z</time>
   </trkpt>
   <trkpt lat="33.7704120" lon="-84.3995370">
    <ele>305.2</ele>
    <time>2025-10-03T22:33:04Z</time>
   </trkpt>
   <trkpt lat="33.7704190" lon="-84.3995540">
    <ele>305.2</ele>
    <time>2025-10-03T22:33:05Z</time>
   </trkpt>
   <trkpt lat="33.7704270" lon="-84.3995710">
    <ele>305.0</ele>
    <time>2025-10-03T22:33:06Z</time>
   </trkpt>
   <trkpt lat="33.7704390" lon="-84.3996000">
    <ele>305.0</ele>
    <time>2025-10-03T22:33:07Z</time>
   </trkpt>
   <trkpt lat="33.7704450" lon="-84.3996110">
    <ele>305.0</ele>
    <time>2025-10-03T22:33:08Z</time>
   </trkpt>
   <trkpt lat="33.7704500" lon="-84.3996230">
    <ele>305.0</ele>
    <time>2025-10-03T22:33:09Z</time>
   </trkpt>
   <trkpt lat="33.7704630" lon="-84.3996460">
    <ele>305.0</ele>
    <time>2025-10-03T22:33:10Z</time>
   </trkpt>
   <trkpt lat="33.7704670" lon="-84.3996540">
    <ele>305.0</ele>
    <time>2025-10-03T22:33:11Z</time>
   </trkpt>
   <trkpt lat="33.7704820" lon="-84.3996760">
    <ele>305.0</ele>
    <time>2025-10-03T22:33:12Z</time>
   </trkpt>
   <trkpt lat="33.7704890" lon="-84.3996840">
    <ele>305.0</ele>
    <time>2025-10-03T22:33:13Z</time>
   </trkpt>
   <trkpt lat="33.7704950" lon="-84.3996930">
    <ele>305.0</ele>
    <time>2025-10-03T22:33:14Z</time>
   </trkpt>
   <trkpt lat="33.7705060" lon="-84.3997060">
    <ele>305.0</ele>
    <time>2025-10-03T22:33:15Z</time>
   </trkpt>
   <trkpt lat="33.7705160" lon="-84.3997190">
    <ele>305.0</ele>
    <time>2025-10-03T22:33:16Z</time>
   </trkpt>
   <trkpt lat="33.7705320" lon="-84.3997400">
    <ele>305.0</ele>
    <time>2025-10-03T22:33:17Z</time>
   </trkpt>
   <trkpt lat="33.7705380" lon="-84.3997480">
    <ele>305.0</ele>
    <time>2025-10-03T22:33:18Z</time>
   </trkpt>
   <trkpt lat="33.7705450" lon="-84.3997560">
    <ele>305.0</ele>
    <time>2025-10-03T22:33:19Z</time>
   </trkpt>
   <trkpt lat="33.7705560" lon="-84.3997670">
    <ele>305.0</ele>
    <time>2025-10-03T22:33:20Z</time>
   </trkpt>
   <trkpt lat="33.7705660" lon="-84.3997780">
    <ele>305.0</ele>
    <time>2025-10-03T22:33:21Z</time>
   </trkpt>
   <trkpt lat="33.7705840" lon="-84.3997980">
    <ele>305.0</ele>
    <time>2025-10-03T22:33:22Z</time>
   </trkpt>
   <trkpt lat="33.7705900" lon="-84.3998050">
    <ele>305.0</ele>
    <time>2025-10-03T22:33:23Z</time>
   </trkpt>
   <trkpt lat="33.7705970" lon="-84.3998130">
    <ele>305.0</ele>
    <time>2025-10-03T22:33:24Z</time>
   </trkpt>
   <trkpt lat="33.7706070" lon="-84.3998250">
    <ele>305.0</ele>
    <time>2025-10-03T22:33:25Z</time>
   </trkpt>
   <trkpt lat="33.7706170" lon="-84.3998380">
    <ele>305.0</ele>
    <time>2025-10-03T22:33:26Z</time>
   </trkpt>
   <trkpt lat="33.7706350" lon="-84.3998570">
    <ele>305.0</ele>
    <time>2025-10-03T22:33:27Z</time>
   </trkpt>
   <trkpt lat="33.7706410" lon="-84.3998640">
    <ele>305.0</ele>
    <time>2025-10-03T22:33:28Z</time>
   </trkpt>
   <trkpt lat="33.7706480" lon="-84.3998710">
    <ele>305.0</ele>
    <time>2025-10-03T22:33:29Z</time>
   </trkpt>
   <trkpt lat="33.7706590" lon="-84.3998800">
    <ele>305.0</ele>
    <time>2025-10-03T22:33:30Z</time>
   </trkpt>
   <trkpt lat="33.7706700" lon="-84.3998900">
    <ele>305.0</ele>
    <time>2025-10-03T22:33:31Z</time>
   </trkpt>
   <trkpt lat="33.7706800" lon="-84.3999000">
    <ele>305.0</ele>
    <time>2025-10-03T22:33:32Z</time>
   </trkpt>
   <trkpt lat="33.7706890" lon="-84.3999080">
    <ele>304.8</ele>
    <time>2025-10-03T22:33:33Z</time>
   </trkpt>
   <trkpt lat="33.7706980" lon="-84.3999160">
    <ele>304.8</ele>
    <time>2025-10-03T22:33:34Z</time>
   </trkpt>
   <trkpt lat="33.7707070" lon="-84.3999260">
    <ele>304.8</ele>
    <time>2025-10-03T22:33:35Z</time>
   </trkpt>
   <trkpt lat="33.7707160" lon="-84.3999370">
    <ele>304.8</ele>
    <time>2025-10-03T22:33:36Z</time>
   </trkpt>
   <trkpt lat="33.7707260" lon="-84.3999490">
    <ele>304.8</ele>
    <time>2025-10-03T22:33:37Z</time>
   </trkpt>
   <trkpt lat="33.7707410" lon="-84.3999670">
    <ele>304.8</ele>
    <time>2025-10-03T22:33:38Z</time>
   </trkpt>
   <trkpt lat="33.7707450" lon="-84.3999730">
    <ele>304.6</ele>
    <time>2025-10-03T22:33:39Z</time>
   </trkpt>
   <trkpt lat="33.7707530" lon="-84.3999850">
    <ele>304.6</ele>
    <time>2025-10-03T22:33:40Z</time>
   </trkpt>
   <trkpt lat="33.7707620" lon="-84.3999970">
    <ele>304.6</ele>
    <time>2025-10-03T22:33:41Z</time>
   </trkpt>
   <trkpt lat="33.7707720" lon="-84.4000100">
    <ele>304.6</ele>
    <time>2025-10-03T22:33:42Z</time>
   </trkpt>
   <trkpt lat="33.7707870" lon="-84.4000280">
    <ele>304.4</ele>
    <time>2025-10-03T22:33:43Z</time>
   </trkpt>
   <trkpt lat="33.7707920" lon="-84.4000340">
    <ele>304.4</ele>
    <time>2025-10-03T22:33:44Z</time>
   </trkpt>
   <trkpt lat="33.7708020" lon="-84.4000460">
    <ele>304.4</ele>
    <time>2025-10-03T22:33:45Z</time>
   </trkpt>
   <trkpt lat="33.7708110" lon="-84.4000580">
    <ele>304.4</ele>
    <time>2025-10-03T22:33:46Z</time>
   </trkpt>
   <trkpt lat="33.7708210" lon="-84.4000700">
    <ele>304.4</ele>
    <time>2025-10-03T22:33:47Z</time>
   </trkpt>
   <trkpt lat="33.7708310" lon="-84.4000820">
    <ele>304.4</ele>
    <time>2025-10-03T22:33:48Z</time>
   </trkpt>
   <trkpt lat="33.7708410" lon="-84.4000940">
    <ele>304.4</ele>
    <time>2025-10-03T22:33:49Z</time>
   </trkpt>
   <trkpt lat="33.7708510" lon="-84.4001050">
    <ele>304.4</ele>
    <time>2025-10-03T22:33:50Z</time>
   </trkpt>
   <trkpt lat="33.7708610" lon="-84.4001170">
    <ele>304.2</ele>
    <time>2025-10-03T22:33:51Z</time>
   </trkpt>
   <trkpt lat="33.7708710" lon="-84.4001290">
    <ele>304.2</ele>
    <time>2025-10-03T22:33:52Z</time>
   </trkpt>
   <trkpt lat="33.7708870" lon="-84.4001470">
    <ele>304.2</ele>
    <time>2025-10-03T22:33:53Z</time>
   </trkpt>
   <trkpt lat="33.7708920" lon="-84.4001530">
    <ele>304.2</ele>
    <time>2025-10-03T22:33:54Z</time>
   </trkpt>
   <trkpt lat="33.7709020" lon="-84.4001640">
    <ele>304.2</ele>
    <time>2025-10-03T22:33:55Z</time>
   </trkpt>
   <trkpt lat="33.7709130" lon="-84.4001760">
    <ele>304.4</ele>
    <time>2025-10-03T22:33:56Z</time>
   </trkpt>
   <trkpt lat="33.7709230" lon="-84.4001880">
    <ele>304.4</ele>
    <time>2025-10-03T22:33:57Z</time>
   </trkpt>
   <trkpt lat="33.7709330" lon="-84.4002000">
    <ele>304.4</ele>
    <time>2025-10-03T22:33:58Z</time>
   </trkpt>
   <trkpt lat="33.7709440" lon="-84.4002120">
    <ele>304.4</ele>
    <time>2025-10-03T22:33:59Z</time>
   </trkpt>
   <trkpt lat="33.7709540" lon="-84.4002230">
    <ele>304.4</ele>
    <time>2025-10-03T22:34:00Z</time>
   </trkpt>
   <trkpt lat="33.7709700" lon="-84.4002400">
    <ele>304.4</ele>
    <time>2025-10-03T22:34:01Z</time>
   </trkpt>
   <trkpt lat="33.7709750" lon="-84.4002460">
    <ele>304.4</ele>
    <time>2025-10-03T22:34:02Z</time>
   </trkpt>
   <trkpt lat="33.7709860" lon="-84.4002580">
    <ele>304.4</ele>
    <time>2025-10-03T22:34:03Z</time>
   </trkpt>
   <trkpt lat="33.7709970" lon="-84.4002680">
    <ele>304.4</ele>
    <time>2025-10-03T22:34:04Z</time>
   </trkpt>
   <trkpt lat="33.7710090" lon="-84.4002800">
    <ele>304.4</ele>
    <time>2025-10-03T22:34:05Z</time>
   </trkpt>
   <trkpt lat="33.7710280" lon="-84.4002970">
    <ele>304.4</ele>
    <time>2025-10-03T22:34:06Z</time>
   </trkpt>
   <trkpt lat="33.7710340" lon="-84.4003030">
    <ele>304.4</ele>
    <time>2025-10-03T22:34:07Z</time>
   </trkpt>
   <trkpt lat="33.7710530" lon="-84.4003210">
    <ele>304.4</ele>
    <time>2025-10-03T22:34:08Z</time>
   </trkpt>
   <trkpt lat="33.7710600" lon="-84.4003290">
    <ele>304.4</ele>
    <time>2025-10-03T22:34:09Z</time>
   </trkpt>
   <trkpt lat="33.7710680" lon="-84.4003360">
    <ele>304.4</ele>
    <time>2025-10-03T22:34:10Z</time>
   </trkpt>
   <trkpt lat="33.7710850" lon="-84.4003520">
    <ele>304.4</ele>
    <time>2025-10-03T22:34:11Z</time>
   </trkpt>
   <trkpt lat="33.7710900" lon="-84.4003580">
    <ele>304.4</ele>
    <time>2025-10-03T22:34:12Z</time>
   </trkpt>
   <trkpt lat="33.7711080" lon="-84.4003760">
    <ele>304.4</ele>
    <time>2025-10-03T22:34:13Z</time>
   </trkpt>
   <trkpt lat="33.7711140" lon="-84.4003840">
    <ele>304.4</ele>
    <time>2025-10-03T22:34:14Z</time>
   </trkpt>
   <trkpt lat="33.7711210" lon="-84.4003910">
    <ele>304.4</ele>
    <time>2025-10-03T22:34:15Z</time>
   </trkpt>
   <trkpt lat="33.7711310" lon="-84.4004020">
    <ele>304.4</ele>
    <time>2025-10-03T22:34:16Z</time>
   </trkpt>
   <trkpt lat="33.7711420" lon="-84.4004130">
    <ele>304.4</ele>
    <time>2025-10-03T22:34:17Z</time>
   </trkpt>
   <trkpt lat="33.7711590" lon="-84.4004320">
    <ele>304.4</ele>
    <time>2025-10-03T22:34:18Z</time>
   </trkpt>
   <trkpt lat="33.7711650" lon="-84.4004400">
    <ele>304.4</ele>
    <time>2025-10-03T22:34:19Z</time>
   </trkpt>
   <trkpt lat="33.7711720" lon="-84.4004480">
    <ele>304.4</ele>
    <time>2025-10-03T22:34:20Z</time>
   </trkpt>
   <trkpt lat="33.7711820" lon="-84.4004590">
    <ele>304.4</ele>
    <time>2025-10-03T22:34:21Z</time>
   </trkpt>
   <trkpt lat="33.7711910" lon="-84.4004700">
    <ele>304.6</ele>
    <time>2025-10-03T22:34:22Z</time>
   </trkpt>
   <trkpt lat="33.7712010" lon="-84.4004820">
    <ele>304.6</ele>
    <time>2025-10-03T22:34:23Z</time>
   </trkpt>
   <trkpt lat="33.7712110" lon="-84.4004930">
    <ele>304.6</ele>
    <time>2025-10-03T22:34:24Z</time>
   </trkpt>
   <trkpt lat="33.7712210" lon="-84.4005050">
    <ele>304.6</ele>
    <time>2025-10-03T22:34:25Z</time>
   </trkpt>
   <trkpt lat="33.7712320" lon="-84.4005160">
    <ele>304.6</ele>
    <time>2025-10-03T22:34:26Z</time>
   </trkpt>
   <trkpt lat="33.7712420" lon="-84.4005270">
    <ele>304.6</ele>
    <time>2025-10-03T22:34:27Z</time>
   </trkpt>
   <trkpt lat="33.7712520" lon="-84.4005390">
    <ele>304.6</ele>
    <time>2025-10-03T22:34:28Z</time>
   </trkpt>
   <trkpt lat="33.7712620" lon="-84.4005500">
    <ele>304.6</ele>
    <time>2025-10-03T22:34:29Z</time>
   </trkpt>
   <trkpt lat="33.7712720" lon="-84.4005610">
    <ele>304.6</ele>
    <time>2025-10-03T22:34:30Z</time>
   </trkpt>
   <trkpt lat="33.7712890" lon="-84.4005800">
    <ele>304.6</ele>
    <time>2025-10-03T22:34:31Z</time>
   </trkpt>
   <trkpt lat="33.7712960" lon="-84.4005880">
    <ele>304.6</ele>
    <time>2025-10-03T22:34:32Z</time>
   </trkpt>
   <trkpt lat="33.7713030" lon="-84.4005950">
    <ele>304.6</ele>
    <time>2025-10-03T22:34:33Z</time>
   </trkpt>
   <trkpt lat="33.7713130" lon="-84.4006060">
    <ele>304.6</ele>
    <time>2025-10-03T22:34:34Z</time>
   </trkpt>
   <trkpt lat="33.7713230" lon="-84.4006170">
    <ele>304.8</ele>
    <time>2025-10-03T22:34:35Z</time>
   </trkpt>
   <trkpt lat="33.7713410" lon="-84.4006340">
    <ele>304.8</ele>
    <time>2025-10-03T22:34:36Z</time>
   </trkpt>
   <trkpt lat="33.7713470" lon="-84.4006420">
    <ele>304.8</ele>
    <time>2025-10-03T22:34:37Z</time>
   </trkpt>
   <trkpt lat="33.7713540" lon="-84.4006490">
    <ele>304.8</ele>
    <time>2025-10-03T22:34:38Z</time>
   </trkpt>
   <trkpt lat="33.7713650" lon="-84.4006600">
    <ele>304.8</ele>
    <time>2025-10-03T22:34:39Z</time>
   </trkpt>
   <trkpt lat="33.7713750" lon="-84.4006700">
    <ele>304.8</ele>
    <time>2025-10-03T22:34:40Z</time>
   </trkpt>
   <trkpt lat="33.7713860" lon="-84.4006810">
    <ele>304.8</ele>
    <time>2025-10-03T22:34:41Z</time>
   </trkpt>
   <trkpt lat="33.7713960" lon="-84.4006920">
    <ele>304.8</ele>
    <time>2025-10-03T22:34:42Z</time>
   </trkpt>
   <trkpt lat="33.7714060" lon="-84.4007020">
    <ele>304.8</ele>
    <time>2025-10-03T22:34:43Z</time>
   </trkpt>
   <trkpt lat="33.7714230" lon="-84.4007190">
    <ele>304.8</ele>
    <time>2025-10-03T22:34:44Z</time>
   </trkpt>
   <trkpt lat="33.7714300" lon="-84.4007270">
    <ele>304.8</ele>
    <time>2025-10-03T22:34:45Z</time>
   </trkpt>
   <trkpt lat="33.7714360" lon="-84.4007340">
    <ele>304.8</ele>
    <time>2025-10-03T22:34:46Z</time>
   </trkpt>
   <trkpt lat="33.7714460" lon="-84.4007440">
    <ele>304.8</ele>
    <time>2025-10-03T22:34:47Z</time>
   </trkpt>
   <trkpt lat="33.7714550" lon="-84.4007550">
    <ele>304.8</ele>
    <time>2025-10-03T22:34:48Z</time>
   </trkpt>
   <trkpt lat="33.7714650" lon="-84.4007660">
    <ele>304.8</ele>
    <time>2025-10-03T22:34:49Z</time>
   </trkpt>
   <trkpt lat="33.7714750" lon="-84.4007770">
    <ele>304.8</ele>
    <time>2025-10-03T22:34:50Z</time>
   </trkpt>
   <trkpt lat="33.7714850" lon="-84.4007880">
    <ele>304.8</ele>
    <time>2025-10-03T22:34:51Z</time>
   </trkpt>
   <trkpt lat="33.7714950" lon="-84.4007990">
    <ele>304.8</ele>
    <time>2025-10-03T22:34:52Z</time>
   </trkpt>
   <trkpt lat="33.7715050" lon="-84.4008100">
    <ele>304.8</ele>
    <time>2025-10-03T22:34:53Z</time>
   </trkpt>
   <trkpt lat="33.7715220" lon="-84.4008280">
    <ele>304.8</ele>
    <time>2025-10-03T22:34:54Z</time>
   </trkpt>
   <trkpt lat="33.7715280" lon="-84.4008350">
    <ele>304.8</ele>
    <time>2025-10-03T22:34:55Z</time>
   </trkpt>
   <trkpt lat="33.7715350" lon="-84.4008420">
    <ele>304.8</ele>
    <time>2025-10-03T22:34:56Z</time>
   </trkpt>
   <trkpt lat="33.7715440" lon="-84.4008530">
    <ele>305.0</ele>
    <time>2025-10-03T22:34:57Z</time>
   </trkpt>
   <trkpt lat="33.7715540" lon="-84.4008630">
    <ele>305.0</ele>
    <time>2025-10-03T22:34:58Z</time>
   </trkpt>
   <trkpt lat="33.7715700" lon="-84.4008830">
    <ele>305.0</ele>
    <time>2025-10-03T22:34:59Z</time>
   </trkpt>
   <trkpt lat="33.7715770" lon="-84.4008910">
    <ele>305.0</ele>
    <time>2025-10-03T22:35:00Z</time>
   </trkpt>
   <trkpt lat="33.7715830" lon="-84.4008990">
    <ele>305.0</ele>
    <time>2025-10-03T22:35:01Z</time>
   </trkpt>
   <trkpt lat="33.7715930" lon="-84.4009110">
    <ele>305.0</ele>
    <time>2025-10-03T22:35:02Z</time>
   </trkpt>
   <trkpt lat="33.7716020" lon="-84.4009230">
    <ele>305.0</ele>
    <time>2025-10-03T22:35:03Z</time>
   </trkpt>
   <trkpt lat="33.7716110" lon="-84.4009350">
    <ele>305.0</ele>
    <time>2025-10-03T22:35:04Z</time>
   </trkpt>
   <trkpt lat="33.7716200" lon="-84.4009460">
    <ele>305.0</ele>
    <time>2025-10-03T22:35:05Z</time>
   </trkpt>
   <trkpt lat="33.7716300" lon="-84.4009580">
    <ele>305.0</ele>
    <time>2025-10-03T22:35:06Z</time>
   </trkpt>
   <trkpt lat="33.7716440" lon="-84.4009760">
    <ele>305.0</ele>
    <time>2025-10-03T22:35:07Z</time>
   </trkpt>
   <trkpt lat="33.7716490" lon="-84.4009820">
    <ele>305.0</ele>
    <time>2025-10-03T22:35:08Z</time>
   </trkpt>
   <trkpt lat="33.7716580" lon="-84.4009950">
    <ele>305.0</ele>
    <time>2025-10-03T22:35:09Z</time>
   </trkpt>
   <trkpt lat="33.7716680" lon="-84.4010070">
    <ele>305.0</ele>
    <time>2025-10-03T22:35:10Z</time>
   </trkpt>
   <trkpt lat="33.7716780" lon="-84.4010190">
    <ele>304.8</ele>
    <time>2025-10-03T22:35:11Z</time>
   </trkpt>
   <trkpt lat="33.7716940" lon="-84.4010370">
    <ele>304.8</ele>
    <time>2025-10-03T22:35:12Z</time>
   </trkpt>
   <trkpt lat="33.7717000" lon="-84.4010440">
    <ele>304.8</ele>
    <time>2025-10-03T22:35:13Z</time>
   </trkpt>
   <trkpt lat="33.7717060" lon="-84.4010500">
    <ele>304.8</ele>
    <time>2025-10-03T22:35:14Z</time>
   </trkpt>
   <trkpt lat="33.7717150" lon="-84.4010600">
    <ele>304.8</ele>
    <time>2025-10-03T22:35:15Z</time>
   </trkpt>
   <trkpt lat="33.7717250" lon="-84.4010700">
    <ele>304.8</ele>
    <time>2025-10-03T22:35:16Z</time>
   </trkpt>
   <trkpt lat="33.7717340" lon="-84.4010810">
    <ele>304.6</ele>
    <time>2025-10-03T22:35:17Z</time>
   </trkpt>
   <trkpt lat="33.7717440" lon="-84.4010910">
    <ele>304.6</ele>
    <time>2025-10-03T22:35:18Z</time>
   </trkpt>
   <trkpt lat="33.7717530" lon="-84.4011020">
    <ele>304.6</ele>
    <time>2025-10-03T22:35:19Z</time>
   </trkpt>
   <trkpt lat="33.7717630" lon="-84.4011140">
    <ele>304.6</ele>
    <time>2025-10-03T22:35:20Z</time>
   </trkpt>
   <trkpt lat="33.7717740" lon="-84.4011260">
    <ele>304.6</ele>
    <time>2025-10-03T22:35:21Z</time>
   </trkpt>
   <trkpt lat="33.7717940" lon="-84.4011470">
    <ele>304.6</ele>
    <time>2025-10-03T22:35:22Z</time>
   </trkpt>
   <trkpt lat="33.7718010" lon="-84.4011560">
    <ele>304.6</ele>
    <time>2025-10-03T22:35:23Z</time>
   </trkpt>
   <trkpt lat="33.7718090" lon="-84.4011640">
    <ele>304.6</ele>
    <time>2025-10-03T22:35:24Z</time>
   </trkpt>
   <trkpt lat="33.7718270" lon="-84.4011820">
    <ele>304.6</ele>
    <time>2025-10-03T22:35:25Z</time>
   </trkpt>
   <trkpt lat="33.7718320" lon="-84.4011880">
    <ele>304.6</ele>
    <time>2025-10-03T22:35:26Z</time>
   </trkpt>
   <trkpt lat="33.7718420" lon="-84.4012000">
    <ele>304.6</ele>
    <time>2025-10-03T22:35:27Z</time>
   </trkpt>
   <trkpt lat="33.7718530" lon="-84.4012110">
    <ele>304.6</ele>
    <time>2025-10-03T22:35:28Z</time>
   </trkpt>
   <trkpt lat="33.7718630" lon="-84.4012230">
    <ele>304.4</ele>
    <time>2025-10-03T22:35:29Z</time>
   </trkpt>
   <trkpt lat="33.7718740" lon="-84.4012340">
    <ele>304.4</ele>
    <time>2025-10-03T22:35:30Z</time>
   </trkpt>
   <trkpt lat="33.7718840" lon="-84.4012450">
    <ele>304.4</ele>
    <time>2025-10-03T22:35:31Z</time>
   </trkpt>
   <trkpt lat="33.7719020" lon="-84.4012630">
    <ele>304.6</ele>
    <time>2025-10-03T22:35:32Z</time>
   </trkpt>
   <trkpt lat="33.7719100" lon="-84.4012710">
    <ele>304.6</ele>
    <time>2025-10-03T22:35:33Z</time>
   </trkpt>
   <trkpt lat="33.7719170" lon="-84.4012780">
    <ele>304.6</ele>
    <time>2025-10-03T22:35:34Z</time>
   </trkpt>
   <trkpt lat="33.7719270" lon="-84.4012890">
    <ele>304.6</ele>
    <time>2025-10-03T22:35:35Z</time>
   </trkpt>
   <trkpt lat="33.7719380" lon="-84.4013010">
    <ele>304.6</ele>
    <time>2025-10-03T22:35:36Z</time>
   </trkpt>
   <trkpt lat="33.7719490" lon="-84.4013120">
    <ele>304.6</ele>
    <time>2025-10-03T22:35:37Z</time>
   </trkpt>
   <trkpt lat="33.7719640" lon="-84.4013290">
    <ele>304.6</ele>
    <time>2025-10-03T22:35:38Z</time>
   </trkpt>
   <trkpt lat="33.7719690" lon="-84.4013350">
    <ele>304.6</ele>
    <time>2025-10-03T22:35:39Z</time>
   </trkpt>
   <trkpt lat="33.7719870" lon="-84.4013550">
    <ele>304.6</ele>
    <time>2025-10-03T22:35:40Z</time>
   </trkpt>
   <trkpt lat="33.7719940" lon="-84.4013630">
    <ele>304.6</ele>
    <time>2025-10-03T22:35:41Z</time>
   </trkpt>
   <trkpt lat="33.7720010" lon="-84.4013710">
    <ele>304.6</ele>
    <time>2025-10-03T22:35:42Z</time>
   </trkpt>
   <trkpt lat="33.7720110" lon="-84.4013820">
    <ele>304.6</ele>
    <time>2025-10-03T22:35:43Z</time>
   </trkpt>
   <trkpt lat="33.7720210" lon="-84.4013940">
    <ele>304.6</ele>
    <time>2025-10-03T22:35:44Z</time>
   </trkpt>
   <trkpt lat="33.7720320" lon="-84.4014050">
    <ele>304.6</ele>
    <time>2025-10-03T22:35:45Z</time>
   </trkpt>
   <trkpt lat="33.7720420" lon="-84.4014160">
    <ele>304.6</ele>
    <time>2025-10-03T22:35:46Z</time>
   </trkpt>
   <trkpt lat="33.7720530" lon="-84.4014280">
    <ele>304.6</ele>
    <time>2025-10-03T22:35:47Z</time>
   </trkpt>
   <trkpt lat="33.7720680" lon="-84.4014460">
    <ele>304.6</ele>
    <time>2025-10-03T22:35:48Z</time>
   </trkpt>
   <trkpt lat="33.7720730" lon="-84.4014520">
    <ele>304.6</ele>
    <time>2025-10-03T22:35:49Z</time>
   </trkpt>
   <trkpt lat="33.7720820" lon="-84.4014650">
    <ele>304.8</ele>
    <time>2025-10-03T22:35:50Z</time>
   </trkpt>
   <trkpt lat="33.7720920" lon="-84.4014780">
    <ele>304.8</ele>
    <time>2025-10-03T22:35:51Z</time>
   </trkpt>
   <trkpt lat="33.7721020" lon="-84.4014910">
    <ele>304.8</ele>
    <time>2025-10-03T22:35:52Z</time>
   </trkpt>
   <trkpt lat="33.7721170" lon="-84.4015110">
    <ele>304.8</ele>
    <time>2025-10-03T22:35:53Z</time>
   </trkpt>
   <trkpt lat="33.7721220" lon="-84.4015180">
    <ele>305.0</ele>
    <time>2025-10-03T22:35:54Z</time>
   </trkpt>
   <trkpt lat="33.7721400" lon="-84.4015390">
    <ele>305.0</ele>
    <time>2025-10-03T22:35:55Z</time>
   </trkpt>
   <trkpt lat="33.7721480" lon="-84.4015480">
    <ele>305.0</ele>
    <time>2025-10-03T22:35:56Z</time>
   </trkpt>
   <trkpt lat="33.7721550" lon="-84.4015560">
    <ele>305.2</ele>
    <time>2025-10-03T22:35:57Z</time>
   </trkpt>
   <trkpt lat="33.7721720" lon="-84.4015720">
    <ele>305.2</ele>
    <time>2025-10-03T22:35:58Z</time>
   </trkpt>
   <trkpt lat="33.7721780" lon="-84.4015780">
    <ele>305.2</ele>
    <time>2025-10-03T22:35:59Z</time>
   </trkpt>
   <trkpt lat="33.7721880" lon="-84.4015900">
    <ele>305.4</ele>
    <time>2025-10-03T22:36:00Z</time>
   </trkpt>
   <trkpt lat="33.7721970" lon="-84.4016010">
    <ele>305.4</ele>
    <time>2025-10-03T22:36:01Z</time>
   </trkpt>
   <trkpt lat="33.7722070" lon="-84.4016130">
    <ele>305.4</ele>
    <time>2025-10-03T22:36:02Z</time>
   </trkpt>
   <trkpt lat="33.7722240" lon="-84.4016330">
    <ele>305.4</ele>
    <time>2025-10-03T22:36:03Z</time>
   </trkpt>
   <trkpt lat="33.7722310" lon="-84.4016420">
    <ele>305.6</ele>
    <time>2025-10-03T22:36:04Z</time>
   </trkpt>
   <trkpt lat="33.7722370" lon="-84.4016500">
    <ele>305.6</ele>
    <time>2025-10-03T22:36:05Z</time>
   </trkpt>
   <trkpt lat="33.7722460" lon="-84.4016620">
    <ele>305.6</ele>
    <time>2025-10-03T22:36:06Z</time>
   </trkpt>
   <trkpt lat="33.7722530" lon="-84.4016760">
    <ele>305.6</ele>
    <time>2025-10-03T22:36:07Z</time>
   </trkpt>
   <trkpt lat="33.7722590" lon="-84.4016900">
    <ele>305.8</ele>
    <time>2025-10-03T22:36:08Z</time>
   </trkpt>
   <trkpt lat="33.7722650" lon="-84.4017050">
    <ele>305.8</ele>
    <time>2025-10-03T22:36:09Z</time>
   </trkpt>
   <trkpt lat="33.7722700" lon="-84.4017200">
    <ele>305.8</ele>
    <time>2025-10-03T22:36:10Z</time>
   </trkpt>
   <trkpt lat="33.7722750" lon="-84.4017350">
    <ele>305.8</ele>
    <time>2025-10-03T22:36:11Z</time>
   </trkpt>
   <trkpt lat="33.7722800" lon="-84.4017490">
    <ele>305.8</ele>
    <time>2025-10-03T22:36:12Z</time>
   </trkpt>
   <trkpt lat="33.7722860" lon="-84.4017640">
    <ele>306.0</ele>
    <time>2025-10-03T22:36:13Z</time>
   </trkpt>
   <trkpt lat="33.7722930" lon="-84.4017770">
    <ele>306.0</ele>
    <time>2025-10-03T22:36:14Z</time>
   </trkpt>
   <trkpt lat="33.7723000" lon="-84.4017900">
    <ele>306.0</ele>
    <time>2025-10-03T22:36:15Z</time>
   </trkpt>
   <trkpt lat="33.7723080" lon="-84.4018020">
    <ele>306.0</ele>
    <time>2025-10-03T22:36:16Z</time>
   </trkpt>
   <trkpt lat="33.7723160" lon="-84.4018140">
    <ele>306.0</ele>
    <time>2025-10-03T22:36:17Z</time>
   </trkpt>
   <trkpt lat="33.7723240" lon="-84.4018260">
    <ele>306.0</ele>
    <time>2025-10-03T22:36:18Z</time>
   </trkpt>
   <trkpt lat="33.7723300" lon="-84.4018370">
    <ele>306.0</ele>
    <time>2025-10-03T22:36:19Z</time>
   </trkpt>
   <trkpt lat="33.7723370" lon="-84.4018480">
    <ele>306.0</ele>
    <time>2025-10-03T22:36:20Z</time>
   </trkpt>
   <trkpt lat="33.7723430" lon="-84.4018600">
    <ele>306.2</ele>
    <time>2025-10-03T22:36:21Z</time>
   </trkpt>
   <trkpt lat="33.7723470" lon="-84.4018710">
    <ele>306.2</ele>
    <time>2025-10-03T22:36:22Z</time>
   </trkpt>
   <trkpt lat="33.7723520" lon="-84.4018810">
    <ele>306.2</ele>
    <time>2025-10-03T22:36:23Z</time>
   </trkpt>
   <trkpt lat="33.7723590" lon="-84.4018910">
    <ele>306.2</ele>
    <time>2025-10-03T22:36:24Z</time>
   </trkpt>
   <trkpt lat="33.7723660" lon="-84.4019030">
    <ele>306.2</ele>
    <time>2025-10-03T22:36:25Z</time>
   </trkpt>
   <trkpt lat="33.7723800" lon="-84.4019210">
    <ele>306.2</ele>
    <time>2025-10-03T22:36:26Z</time>
   </trkpt>
   <trkpt lat="33.7723860" lon="-84.4019280">
    <ele>306.2</ele>
    <time>2025-10-03T22:36:27Z</time>
   </trkpt>
   <trkpt lat="33.7723920" lon="-84.4019350">
    <ele>306.2</ele>
    <time>2025-10-03T22:36:28Z</time>
   </trkpt>
   <trkpt lat="33.7724010" lon="-84.4019450">
    <ele>306.2</ele>
    <time>2025-10-03T22:36:29Z</time>
   </trkpt>
   <trkpt lat="33.7724100" lon="-84.4019540">
    <ele>306.2</ele>
    <time>2025-10-03T22:36:30Z</time>
   </trkpt>
   <trkpt lat="33.7724260" lon="-84.4019700">
    <ele>306.2</ele>
    <time>2025-10-03T22:36:31Z</time>
   </trkpt>
   <trkpt lat="33.7724310" lon="-84.4019770">
    <ele>306.2</ele>
    <time>2025-10-03T22:36:32Z</time>
   </trkpt>
   <trkpt lat="33.7724370" lon="-84.4019830">
    <ele>306.2</ele>
    <time>2025-10-03T22:36:33Z</time>
   </trkpt>
   <trkpt lat="33.7724450" lon="-84.4019930">
    <ele>306.2</ele>
    <time>2025-10-03T22:36:34Z</time>
   </trkpt>
   <trkpt lat="33.7724530" lon="-84.4020040">
    <ele>306.0</ele>
    <time>2025-10-03T22:36:35Z</time>
   </trkpt>
   <trkpt lat="33.7724600" lon="-84.4020150">
    <ele>306.0</ele>
    <time>2025-10-03T22:36:36Z</time>
   </trkpt>
   <trkpt lat="33.7724660" lon="-84.4020260">
    <ele>305.8</ele>
    <time>2025-10-03T22:36:37Z</time>
   </trkpt>
   <trkpt lat="33.7724730" lon="-84.4020370">
    <ele>305.8</ele>
    <time>2025-10-03T22:36:38Z</time>
   </trkpt>
   <trkpt lat="33.7724790" lon="-84.4020490">
    <ele>305.6</ele>
    <time>2025-10-03T22:36:39Z</time>
   </trkpt>
   <trkpt lat="33.7724840" lon="-84.4020600">
    <ele>305.6</ele>
    <time>2025-10-03T22:36:40Z</time>
   </trkpt>
   <trkpt lat="33.7724880" lon="-84.4020720">
    <ele>305.6</ele>
    <time>2025-10-03T22:36:41Z</time>
   </trkpt>
   <trkpt lat="33.7724940" lon="-84.4020840">
    <ele>305.6</ele>
    <time>2025-10-03T22:36:42Z</time>
   </trkpt>
   <trkpt lat="33.7725000" lon="-84.4020970">
    <ele>305.4</ele>
    <time>2025-10-03T22:36:43Z</time>
   </trkpt>
   <trkpt lat="33.7725060" lon="-84.4021090">
    <ele>305.4</ele>
    <time>2025-10-03T22:36:44Z</time>
   </trkpt>
   <trkpt lat="33.7725120" lon="-84.4021170">
    <ele>305.2</ele>
    <time>2025-10-03T22:36:45Z</time>
   </trkpt>
   <trkpt lat="33.7725230" lon="-84.4021330">
    <ele>305.2</ele>
    <time>2025-10-03T22:36:46Z</time>
   </trkpt>
   <trkpt lat="33.7725290" lon="-84.4021420">
    <ele>305.2</ele>
    <time>2025-10-03T22:36:47Z</time>
   </trkpt>
   <trkpt lat="33.7725350" lon="-84.4021500">
    <ele>305.0</ele>
    <time>2025-10-03T22:36:48Z</time>
   </trkpt>
   <trkpt lat="33.7725410" lon="-84.4021590">
    <ele>305.0</ele>
    <time>2025-10-03T22:36:49Z</time>
   </trkpt>
   <trkpt lat="33.7725470" lon="-84.4021680">
    <ele>305.0</ele>
    <time>2025-10-03T22:36:50Z</time>
   </trkpt>
   <trkpt lat="33.7725530" lon="-84.4021770">
    <ele>305.0</ele>
    <time>2025-10-03T22:36:51Z</time>
   </trkpt>
   <trkpt lat="33.7725610" lon="-84.4021890">
    <ele>305.0</ele>
    <time>2025-10-03T22:36:52Z</time>
   </trkpt>
   <trkpt lat="33.7725680" lon="-84.4021990">
    <ele>305.0</ele>
    <time>2025-10-03T22:36:53Z</time>
   </trkpt>
   <trkpt lat="33.7725760" lon="-84.4022080">
    <ele>305.0</ele>
    <time>2025-10-03T22:36:54Z</time>
   </trkpt>
   <trkpt lat="33.7725820" lon="-84.4022180">
    <ele>305.0</ele>
    <time>2025-10-03T22:36:55Z</time>
   </trkpt>
   <trkpt lat="33.7725890" lon="-84.4022290">
    <ele>305.0</ele>
    <time>2025-10-03T22:36:56Z</time>
   </trkpt>
   <trkpt lat="33.7725980" lon="-84.4022470">
    <ele>305.0</ele>
    <time>2025-10-03T22:36:57Z</time>
   </trkpt>
   <trkpt lat="33.7726010" lon="-84.4022530">
    <ele>305.0</ele>
    <time>2025-10-03T22:36:58Z</time>
   </trkpt>
   <trkpt lat="33.7726080" lon="-84.4022650">
    <ele>305.0</ele>
    <time>2025-10-03T22:36:59Z</time>
   </trkpt>
   <trkpt lat="33.7726150" lon="-84.4022780">
    <ele>305.0</ele>
    <time>2025-10-03T22:37:00Z</time>
   </trkpt>
   <trkpt lat="33.7726220" lon="-84.4022920">
    <ele>304.8</ele>
    <time>2025-10-03T22:37:01Z</time>
   </trkpt>
   <trkpt lat="33.7726330" lon="-84.4023140">
    <ele>304.8</ele>
    <time>2025-10-03T22:37:02Z</time>
   </trkpt>
   <trkpt lat="33.7726370" lon="-84.4023220">
    <ele>304.8</ele>
    <time>2025-10-03T22:37:03Z</time>
   </trkpt>
   <trkpt lat="33.7726500" lon="-84.4023480">
    <ele>304.8</ele>
    <time>2025-10-03T22:37:04Z</time>
   </trkpt>
   <trkpt lat="33.7726560" lon="-84.4023570">
    <ele>304.8</ele>
    <time>2025-10-03T22:37:05Z</time>
   </trkpt>
   <trkpt lat="33.7726610" lon="-84.4023670">
    <ele>304.8</ele>
    <time>2025-10-03T22:37:06Z</time>
   </trkpt>
   <trkpt lat="33.7726690" lon="-84.4023800">
    <ele>304.8</ele>
    <time>2025-10-03T22:37:07Z</time>
   </trkpt>
   <trkpt lat="33.7726760" lon="-84.4023940">
    <ele>304.6</ele>
    <time>2025-10-03T22:37:08Z</time>
   </trkpt>
   <trkpt lat="33.7726880" lon="-84.4024170">
    <ele>304.6</ele>
    <time>2025-10-03T22:37:09Z</time>
   </trkpt>
   <trkpt lat="33.7726930" lon="-84.4024250">
    <ele>304.4</ele>
    <time>2025-10-03T22:37:10Z</time>
   </trkpt>
   <trkpt lat="33.7726970" lon="-84.4024340">
    <ele>304.4</ele>
    <time>2025-10-03T22:37:11Z</time>
   </trkpt>
   <trkpt lat="33.7727040" lon="-84.4024460">
    <ele>304.4</ele>
    <time>2025-10-03T22:37:12Z</time>
   </trkpt>
   <trkpt lat="33.7727100" lon="-84.4024590">
    <ele>304.4</ele>
    <time>2025-10-03T22:37:13Z</time>
   </trkpt>
   <trkpt lat="33.7727160" lon="-84.4024720">
    <ele>304.4</ele>
    <time>2025-10-03T22:37:14Z</time>
   </trkpt>
   <trkpt lat="33.7727210" lon="-84.4024870">
    <ele>304.4</ele>
    <time>2025-10-03T22:37:15Z</time>
   </trkpt>
   <trkpt lat="33.7727240" lon="-84.4025030">
    <ele>304.6</ele>
    <time>2025-10-03T22:37:16Z</time>
   </trkpt>
   <trkpt lat="33.7727270" lon="-84.4025200">
    <ele>304.6</ele>
    <time>2025-10-03T22:37:17Z</time>
   </trkpt>
   <trkpt lat="33.7727290" lon="-84.4025370">
    <ele>304.8</ele>
    <time>2025-10-03T22:37:18Z</time>
   </trkpt>
   <trkpt lat="33.7727330" lon="-84.4025530">
    <ele>305.0</ele>
    <time>2025-10-03T22:37:19Z</time>
   </trkpt>
   <trkpt lat="33.7727400" lon="-84.4025760">
    <ele>305.0</ele>
    <time>2025-10-03T22:37:20Z</time>
   </trkpt>
   <trkpt lat="33.7727420" lon="-84.4025840">
    <ele>305.2</ele>
    <time>2025-10-03T22:37:21Z</time>
   </trkpt>
   <trkpt lat="33.7727530" lon="-84.4026080">
    <ele>305.2</ele>
    <time>2025-10-03T22:37:22Z</time>
   </trkpt>
   <trkpt lat="33.7727570" lon="-84.4026160">
    <ele>305.2</ele>
    <time>2025-10-03T22:37:23Z</time>
   </trkpt>
   <trkpt lat="33.7727610" lon="-84.4026250">
    <ele>305.4</ele>
    <time>2025-10-03T22:37:24Z</time>
   </trkpt>
   <trkpt lat="33.7727660" lon="-84.4026360">
    <ele>305.4</ele>
    <time>2025-10-03T22:37:25Z</time>
   </trkpt>
   <trkpt lat="33.7727690" lon="-84.4026450">
    <ele>305.4</ele>
    <time>2025-10-03T22:37:26Z</time>
   </trkpt>
   <trkpt lat="33.7727730" lon="-84.4026660">
    <ele>305.4</ele>
    <time>2025-10-03T22:37:27Z</time>
   </trkpt>
   <trkpt lat="33.7727760" lon="-84.4026780">
    <ele>305.4</ele>
    <time>2025-10-03T22:37:28Z</time>
   </trkpt>
   <trkpt lat="33.7727790" lon="-84.4026900">
    <ele>305.4</ele>
    <time>2025-10-03T22:37:29Z</time>
   </trkpt>
   <trkpt lat="33.7727820" lon="-84.4027010">
    <ele>305.4</ele>
    <time>2025-10-03T22:37:30Z</time>
   </trkpt>
   <trkpt lat="33.7727850" lon="-84.4027130">
    <ele>305.4</ele>
    <time>2025-10-03T22:37:31Z</time>
   </trkpt>
   <trkpt lat="33.7727880" lon="-84.4027250">
    <ele>305.4</ele>
    <time>2025-10-03T22:37:32Z</time>
   </trkpt>
   <trkpt lat="33.7727910" lon="-84.4027370">
    <ele>305.4</ele>
    <time>2025-10-03T22:37:33Z</time>
   </trkpt>
   <trkpt lat="33.7727940" lon="-84.4027490">
    <ele>305.2</ele>
    <time>2025-10-03T22:37:34Z</time>
   </trkpt>
   <trkpt lat="33.7727980" lon="-84.4027650">
    <ele>305.2</ele>
    <time>2025-10-03T22:37:35Z</time>
   </trkpt>
   <trkpt lat="33.7728020" lon="-84.4027810">
    <ele>305.0</ele>
    <time>2025-10-03T22:37:36Z</time>
   </trkpt>
   <trkpt lat="33.7728080" lon="-84.4028050">
    <ele>305.0</ele>
    <time>2025-10-03T22:37:37Z</time>
   </trkpt>
   <trkpt lat="33.7728110" lon="-84.4028150">
    <ele>305.0</ele>
    <time>2025-10-03T22:37:38Z</time>
   </trkpt>
   <trkpt lat="33.7728130" lon="-84.4028240">
    <ele>304.8</ele>
    <time>2025-10-03T22:37:39Z</time>
   </trkpt>
   <trkpt lat="33.7728180" lon="-84.4028390">
    <ele>304.6</ele>
    <time>2025-10-03T22:37:40Z</time>
   </trkpt>
   <trkpt lat="33.7728220" lon="-84.4028530">
    <ele>304.6</ele>
    <time>2025-10-03T22:37:41Z</time>
   </trkpt>
   <trkpt lat="33.7728270" lon="-84.4028670">
    <ele>304.6</ele>
    <time>2025-10-03T22:37:42Z</time>
   </trkpt>
   <trkpt lat="33.7728320" lon="-84.4028800">
    <ele>304.4</ele>
    <time>2025-10-03T22:37:43Z</time>
   </trkpt>
   <trkpt lat="33.7728380" lon="-84.4028940">
    <ele>304.4</ele>
    <time>2025-10-03T22:37:44Z</time>
   </trkpt>
   <trkpt lat="33.7728450" lon="-84.4029090">
    <ele>304.4</ele>
    <time>2025-10-03T22:37:45Z</time>
   </trkpt>
   <trkpt lat="33.7728530" lon="-84.4029250">
    <ele>304.4</ele>
    <time>2025-10-03T22:37:46Z</time>
   </trkpt>
   <trkpt lat="33.7728610" lon="-84.4029410">
    <ele>304.4</ele>
    <time>2025-10-03T22:37:47Z</time>
   </trkpt>
   <trkpt lat="33.7728710" lon="-84.4029640">
    <ele>304.4</ele>
    <time>2025-10-03T22:37:48Z</time>
   </trkpt>
   <trkpt lat="33.7728740" lon="-84.4029720">
    <ele>304.4</ele>
    <time>2025-10-03T22:37:49Z</time>
   </trkpt>
   <trkpt lat="33.7728810" lon="-84.4029870">
    <ele>304.6</ele>
    <time>2025-10-03T22:37:50Z</time>
   </trkpt>
   <trkpt lat="33.7728890" lon="-84.4030030">
    <ele>304.6</ele>
    <time>2025-10-03T22:37:51Z</time>
   </trkpt>
   <trkpt lat="33.7728970" lon="-84.4030190">
    <ele>304.8</ele>
    <time>2025-10-03T22:37:52Z</time>
   </trkpt>
   <trkpt lat="33.7729110" lon="-84.4030430">
    <ele>304.8</ele>
    <time>2025-10-03T22:37:53Z</time>
   </trkpt>
   <trkpt lat="33.7729160" lon="-84.4030510">
    <ele>305.0</ele>
    <time>2025-10-03T22:37:54Z</time>
   </trkpt>
   <trkpt lat="33.7729260" lon="-84.4030650">
    <ele>305.2</ele>
    <time>2025-10-03T22:37:55Z</time>
   </trkpt>
   <trkpt lat="33.7729360" lon="-84.4030790">
    <ele>305.2</ele>
    <time>2025-10-03T22:37:56Z</time>
   </trkpt>
   <trkpt lat="33.7729460" lon="-84.4030930">
    <ele>305.2</ele>
    <time>2025-10-03T22:37:57Z</time>
   </trkpt>
   <trkpt lat="33.7729600" lon="-84.4031150">
    <ele>305.4</ele>
    <time>2025-10-03T22:37:58Z</time>
   </trkpt>
   <trkpt lat="33.7729640" lon="-84.4031220">
    <ele>305.4</ele>
    <time>2025-10-03T22:37:59Z</time>
   </trkpt>
   <trkpt lat="33.7729750" lon="-84.4031410">
    <ele>305.6</ele>
    <time>2025-10-03T22:38:00Z</time>
   </trkpt>
   <trkpt lat="33.7729790" lon="-84.4031480">
    <ele>305.6</ele>
    <time>2025-10-03T22:38:01Z</time>
   </trkpt>
   <trkpt lat="33.7729830" lon="-84.4031550">
    <ele>305.8</ele>
    <time>2025-10-03T22:38:02Z</time>
   </trkpt>
   <trkpt lat="33.7729940" lon="-84.4031760">
    <ele>305.8</ele>
    <time>2025-10-03T22:38:03Z</time>
   </trkpt>
   <trkpt lat="33.7729990" lon="-84.4031860">
    <ele>306.0</ele>
    <time>2025-10-03T22:38:04Z</time>
   </trkpt>
   <trkpt lat="33.7730040" lon="-84.4031960">
    <ele>306.0</ele>
    <time>2025-10-03T22:38:05Z</time>
   </trkpt>
   <trkpt lat="33.7730090" lon="-84.4032060">
    <ele>306.0</ele>
    <time>2025-10-03T22:38:06Z</time>
   </trkpt>
   <trkpt lat="33.7730140" lon="-84.4032160">
    <ele>306.2</ele>
    <time>2025-10-03T22:38:07Z</time>
   </trkpt>
   <trkpt lat="33.7730240" lon="-84.4032400">
    <ele>306.2</ele>
    <time>2025-10-03T22:38:08Z</time>
   </trkpt>
   <trkpt lat="33.7730270" lon="-84.4032500">
    <ele>306.4</ele>
    <time>2025-10-03T22:38:09Z</time>
   </trkpt>
   <trkpt lat="33.7730310" lon="-84.4032590">
    <ele>306.4</ele>
    <time>2025-10-03T22:38:10Z</time>
   </trkpt>
   <trkpt lat="33.7730370" lon="-84.4032710">
    <ele>306.4</ele>
    <time>2025-10-03T22:38:11Z</time>
   </trkpt>
   <trkpt lat="33.7730440" lon="-84.4032820">
    <ele>306.6</ele>
    <time>2025-10-03T22:38:12Z</time>
   </trkpt>
   <trkpt lat="33.7730510" lon="-84.4032930">
    <ele>306.6</ele>
    <time>2025-10-03T22:38:13Z</time>
   </trkpt>
   <trkpt lat="33.7730580" lon="-84.4033040">
    <ele>306.8</ele>
    <time>2025-10-03T22:38:14Z</time>
   </trkpt>
   <trkpt lat="33.7730650" lon="-84.4033160">
    <ele>306.8</ele>
    <time>2025-10-03T22:38:15Z</time>
   </trkpt>
   <trkpt lat="33.7730720" lon="-84.4033300">
    <ele>306.8</ele>
    <time>2025-10-03T22:38:16Z</time>
   </trkpt>
   <trkpt lat="33.7730800" lon="-84.4033450">
    <ele>306.8</ele>
    <time>2025-10-03T22:38:17Z</time>
   </trkpt>
   <trkpt lat="33.7730880" lon="-84.4033590">
    <ele>306.8</ele>
    <time>2025-10-03T22:38:18Z</time>
   </trkpt>
   <trkpt lat="33.7730970" lon="-84.4033730">
    <ele>306.8</ele>
    <time>2025-10-03T22:38:19Z</time>
   </trkpt>
   <trkpt lat="33.7731040" lon="-84.4033880">
    <ele>306.8</ele>
    <time>2025-10-03T22:38:20Z</time>
   </trkpt>
   <trkpt lat="33.7731120" lon="-84.4034030">
    <ele>306.8</ele>
    <time>2025-10-03T22:38:21Z</time>
   </trkpt>
   <trkpt lat="33.7731190" lon="-84.4034180">
    <ele>306.6</ele>
    <time>2025-10-03T22:38:22Z</time>
   </trkpt>
   <trkpt lat="33.7731280" lon="-84.4034400">
    <ele>306.6</ele>
    <time>2025-10-03T22:38:23Z</time>
   </trkpt>
   <trkpt lat="33.7731310" lon="-84.4034500">
    <ele>306.4</ele>
    <time>2025-10-03T22:38:24Z</time>
   </trkpt>
   <trkpt lat="33.7731340" lon="-84.4034590">
    <ele>306.4</ele>
    <time>2025-10-03T22:38:25Z</time>
   </trkpt>
   <trkpt lat="33.7731370" lon="-84.4034740">
    <ele>306.2</ele>
    <time>2025-10-03T22:38:26Z</time>
   </trkpt>
   <trkpt lat="33.7731400" lon="-84.4034900">
    <ele>306.2</ele>
    <time>2025-10-03T22:38:27Z</time>
   </trkpt>
   <trkpt lat="33.7731450" lon="-84.4035170">
    <ele>306.0</ele>
    <time>2025-10-03T22:38:28Z</time>
   </trkpt>
   <trkpt lat="33.7731470" lon="-84.4035270">
    <ele>305.8</ele>
    <time>2025-10-03T22:38:29Z</time>
   </trkpt>
   <trkpt lat="33.7731500" lon="-84.4035370">
    <ele>305.8</ele>
    <time>2025-10-03T22:38:30Z</time>
   </trkpt>
   <trkpt lat="33.7731540" lon="-84.4035520">
    <ele>305.6</ele>
    <time>2025-10-03T22:38:31Z</time>
   </trkpt>
   <trkpt lat="33.7731600" lon="-84.4035670">
    <ele>305.4</ele>
    <time>2025-10-03T22:38:32Z</time>
   </trkpt>
   <trkpt lat="33.7731650" lon="-84.4035820">
    <ele>305.2</ele>
    <time>2025-10-03T22:38:33Z</time>
   </trkpt>
   <trkpt lat="33.7731710" lon="-84.4035980">
    <ele>305.0</ele>
    <time>2025-10-03T22:38:34Z</time>
   </trkpt>
   <trkpt lat="33.7731780" lon="-84.4036140">
    <ele>304.8</ele>
    <time>2025-10-03T22:38:35Z</time>
   </trkpt>
   <trkpt lat="33.7731910" lon="-84.4036380">
    <ele>304.6</ele>
    <time>2025-10-03T22:38:36Z</time>
   </trkpt>
   <trkpt lat="33.7731950" lon="-84.4036480">
    <ele>304.4</ele>
    <time>2025-10-03T22:38:37Z</time>
   </trkpt>
   <trkpt lat="33.7732000" lon="-84.4036570">
    <ele>304.2</ele>
    <time>2025-10-03T22:38:38Z</time>
   </trkpt>
   <trkpt lat="33.7732070" lon="-84.4036710">
    <ele>304.0</ele>
    <time>2025-10-03T22:38:39Z</time>
   </trkpt>
   <trkpt lat="33.7732130" lon="-84.4036850">
    <ele>303.8</ele>
    <time>2025-10-03T22:38:40Z</time>
   </trkpt>
   <trkpt lat="33.7732170" lon="-84.4036970">
    <ele>303.8</ele>
    <time>2025-10-03T22:38:41Z</time>
   </trkpt>
   <trkpt lat="33.7732200" lon="-84.4037100">
    <ele>303.6</ele>
    <time>2025-10-03T22:38:42Z</time>
   </trkpt>
   <trkpt lat="33.7732240" lon="-84.4037240">
    <ele>303.6</ele>
    <time>2025-10-03T22:38:43Z</time>
   </trkpt>
   <trkpt lat="33.7732280" lon="-84.4037400">
    <ele>303.4</ele>
    <time>2025-10-03T22:38:44Z</time>
   </trkpt>
   <trkpt lat="33.7732320" lon="-84.4037560">
    <ele>303.4</ele>
    <time>2025-10-03T22:38:45Z</time>
   </trkpt>
   <trkpt lat="33.7732370" lon="-84.4037810">
    <ele>303.4</ele>
    <time>2025-10-03T22:38:46Z</time>
   </trkpt>
   <trkpt lat="33.7732390" lon="-84.4037900">
    <ele>303.4</ele>
    <time>2025-10-03T22:38:47Z</time>
   </trkpt>
   <trkpt lat="33.7732410" lon="-84.4038000">
    <ele>303.4</ele>
    <time>2025-10-03T22:38:48Z</time>
   </trkpt>
   <trkpt lat="33.7732430" lon="-84.4038130">
    <ele>303.4</ele>
    <time>2025-10-03T22:38:49Z</time>
   </trkpt>
   <trkpt lat="33.7732460" lon="-84.4038260">
    <ele>303.4</ele>
    <time>2025-10-03T22:38:50Z</time>
   </trkpt>
   <trkpt lat="33.7732490" lon="-84.4038390">
    <ele>303.4</ele>
    <time>2025-10-03T22:38:51Z</time>
   </trkpt>
   <trkpt lat="33.7732530" lon="-84.4038540">
    <ele>303.6</ele>
    <time>2025-10-03T22:38:52Z</time>
   </trkpt>
   <trkpt lat="33.7732580" lon="-84.4038700">
    <ele>303.6</ele>
    <time>2025-10-03T22:38:53Z</time>
   </trkpt>
   <trkpt lat="33.7732670" lon="-84.4038970">
    <ele>303.6</ele>
    <time>2025-10-03T22:38:54Z</time>
   </trkpt>
   <trkpt lat="33.7732700" lon="-84.4039080">
    <ele>303.8</ele>
    <time>2025-10-03T22:38:55Z</time>
   </trkpt>
   <trkpt lat="33.7732740" lon="-84.4039190">
    <ele>303.8</ele>
    <time>2025-10-03T22:38:56Z</time>
   </trkpt>
   <trkpt lat="33.7732810" lon="-84.4039330">
    <ele>303.8</ele>
    <time>2025-10-03T22:38:57Z</time>
   </trkpt>
   <trkpt lat="33.7732880" lon="-84.4039450">
    <ele>303.8</ele>
    <time>2025-10-03T22:38:58Z</time>
   </trkpt>
   <trkpt lat="33.7733000" lon="-84.4039620">
    <ele>304.0</ele>
    <time>2025-10-03T22:38:59Z</time>
   </trkpt>
   <trkpt lat="33.7733050" lon="-84.4039690">
    <ele>304.0</ele>
    <time>2025-10-03T22:39:00Z</time>
   </trkpt>
   <trkpt lat="33.7733090" lon="-84.4039760">
    <ele>304.0</ele>
    <time>2025-10-03T22:39:01Z</time>
   </trkpt>
   <trkpt lat="33.7733130" lon="-84.4039880">
    <ele>304.0</ele>
    <time>2025-10-03T22:39:02Z</time>
   </trkpt>
   <trkpt lat="33.7733170" lon="-84.4040000">
    <ele>304.0</ele>
    <time>2025-10-03T22:39:03Z</time>
   </trkpt>
   <trkpt lat="33.7733200" lon="-84.4040120">
    <ele>304.0</ele>
    <time>2025-10-03T22:39:04Z</time>
   </trkpt>
   <trkpt lat="33.7733230" lon="-84.4040230">
    <ele>304.2</ele>
    <time>2025-10-03T22:39:05Z</time>
   </trkpt>
   <trkpt lat="33.7733260" lon="-84.4040340">
    <ele>304.2</ele>
    <time>2025-10-03T22:39:06Z</time>
   </trkpt>
   <trkpt lat="33.7733290" lon="-84.4040460">
    <ele>304.2</ele>
    <time>2025-10-03T22:39:07Z</time>
   </trkpt>
   <trkpt lat="33.7733320" lon="-84.4040570">
    <ele>304.2</ele>
    <time>2025-10-03T22:39:08Z</time>
   </trkpt>
   <trkpt lat="33.7733390" lon="-84.4040760">
    <ele>304.2</ele>
    <time>2025-10-03T22:39:09Z</time>
   </trkpt>
   <trkpt lat="33.7733420" lon="-84.4040870">
    <ele>304.2</ele>
    <time>2025-10-03T22:39:10Z</time>
   </trkpt>
   <trkpt lat="33.7733460" lon="-84.4040980">
    <ele>304.2</ele>
    <time>2025-10-03T22:39:11Z</time>
   </trkpt>
   <trkpt lat="33.7733490" lon="-84.4041090">
    <ele>304.2</ele>
    <time>2025-10-03T22:39:12Z</time>
   </trkpt>
   <trkpt lat="33.7733530" lon="-84.4041200">
    <ele>304.4</ele>
    <time>2025-10-03T22:39:13Z</time>
   </trkpt>
   <trkpt lat="33.7733560" lon="-84.4041310">
    <ele>304.4</ele>
    <time>2025-10-03T22:39:14Z</time>
   </trkpt>
   <trkpt lat="33.7733600" lon="-84.4041420">
    <ele>304.4</ele>
    <time>2025-10-03T22:39:15Z</time>
   </trkpt>
   <trkpt lat="33.7733630" lon="-84.4041530">
    <ele>304.6</ele>
    <time>2025-10-03T22:39:16Z</time>
   </trkpt>
   <trkpt lat="33.7733710" lon="-84.4041750">
    <ele>304.6</ele>
    <time>2025-10-03T22:39:17Z</time>
   </trkpt>
   <trkpt lat="33.7733730" lon="-84.4041830">
    <ele>304.6</ele>
    <time>2025-10-03T22:39:18Z</time>
   </trkpt>
   <trkpt lat="33.7733790" lon="-84.4042070">
    <ele>304.6</ele>
    <time>2025-10-03T22:39:19Z</time>
   </trkpt>
   <trkpt lat="33.7733800" lon="-84.4042150">
    <ele>304.8</ele>
    <time>2025-10-03T22:39:20Z</time>
   </trkpt>
   <trkpt lat="33.7733820" lon="-84.4042240">
    <ele>304.8</ele>
    <time>2025-10-03T22:39:21Z</time>
   </trkpt>
   <trkpt lat="33.7733850" lon="-84.4042350">
    <ele>304.8</ele>
    <time>2025-10-03T22:39:22Z</time>
   </trkpt>
   <trkpt lat="33.7733870" lon="-84.4042460">
    <ele>304.8</ele>
    <time>2025-10-03T22:39:23Z</time>
   </trkpt>
   <trkpt lat="33.7733900" lon="-84.4042590">
    <ele>304.8</ele>
    <time>2025-10-03T22:39:24Z</time>
   </trkpt>
   <trkpt lat="33.7733940" lon="-84.4042740">
    <ele>304.8</ele>
    <time>2025-10-03T22:39:25Z</time>
   </trkpt>
   <trkpt lat="33.7733990" lon="-84.4042890">
    <ele>305.0</ele>
    <time>2025-10-03T22:39:26Z</time>
   </trkpt>
   <trkpt lat="33.7734040" lon="-84.4043050">
    <ele>305.0</ele>
    <time>2025-10-03T22:39:27Z</time>
   </trkpt>
   <trkpt lat="33.7734080" lon="-84.4043210">
    <ele>305.0</ele>
    <time>2025-10-03T22:39:28Z</time>
   </trkpt>
   <trkpt lat="33.7734110" lon="-84.4043360">
    <ele>305.2</ele>
    <time>2025-10-03T22:39:29Z</time>
   </trkpt>
   <trkpt lat="33.7734150" lon="-84.4043520">
    <ele>305.2</ele>
    <time>2025-10-03T22:39:30Z</time>
   </trkpt>
   <trkpt lat="33.7734190" lon="-84.4043680">
    <ele>305.4</ele>
    <time>2025-10-03T22:39:31Z</time>
   </trkpt>
   <trkpt lat="33.7734250" lon="-84.4043970">
    <ele>305.4</ele>
    <time>2025-10-03T22:39:32Z</time>
   </trkpt>
   <trkpt lat="33.7734270" lon="-84.4044080">
    <ele>305.4</ele>
    <time>2025-10-03T22:39:33Z</time>
   </trkpt>
   <trkpt lat="33.7734300" lon="-84.4044200">
    <ele>305.6</ele>
    <time>2025-10-03T22:39:34Z</time>
   </trkpt>
   <trkpt lat="33.7734340" lon="-84.4044370">
    <ele>305.6</ele>
    <time>2025-10-03T22:39:35Z</time>
   </trkpt>
   <trkpt lat="33.7734390" lon="-84.4044550">
    <ele>305.6</ele>
    <time>2025-10-03T22:39:36Z</time>
   </trkpt>
   <trkpt lat="33.7734470" lon="-84.4044830">
    <ele>305.8</ele>
    <time>2025-10-03T22:39:37Z</time>
   </trkpt>
   <trkpt lat="33.7734510" lon="-84.4044940">
    <ele>305.8</ele>
    <time>2025-10-03T22:39:38Z</time>
   </trkpt>
   <trkpt lat="33.7734540" lon="-84.4045050">
    <ele>305.8</ele>
    <time>2025-10-03T22:39:39Z</time>
   </trkpt>
   <trkpt lat="33.7734590" lon="-84.4045200">
    <ele>305.8</ele>
    <time>2025-10-03T22:39:40Z</time>
   </trkpt>
   <trkpt lat="33.7734650" lon="-84.4045360">
    <ele>306.0</ele>
    <time>2025-10-03T22:39:41Z</time>
   </trkpt>
   <trkpt lat="33.7734730" lon="-84.4045620">
    <ele>306.0</ele>
    <time>2025-10-03T22:39:42Z</time>
   </trkpt>
   <trkpt lat="33.7734770" lon="-84.4045720">
    <ele>306.0</ele>
    <time>2025-10-03T22:39:43Z</time>
   </trkpt>
   <trkpt lat="33.7734800" lon="-84.4045820">
    <ele>306.0</ele>
    <time>2025-10-03T22:39:44Z</time>
   </trkpt>
   <trkpt lat="33.7734850" lon="-84.4046070">
    <ele>306.2</ele>
    <time>2025-10-03T22:39:45Z</time>
   </trkpt>
   <trkpt lat="33.7734870" lon="-84.4046170">
    <ele>306.4</ele>
    <time>2025-10-03T22:39:46Z</time>
   </trkpt>
   <trkpt lat="33.7734880" lon="-84.4046270">
    <ele>306.6</ele>
    <time>2025-10-03T22:39:47Z</time>
   </trkpt>
   <trkpt lat="33.7734900" lon="-84.4046420">
    <ele>306.8</ele>
    <time>2025-10-03T22:39:48Z</time>
   </trkpt>
   <trkpt lat="33.7734920" lon="-84.4046580">
    <ele>307.0</ele>
    <time>2025-10-03T22:39:49Z</time>
   </trkpt>
   <trkpt lat="33.7734950" lon="-84.4046730">
    <ele>307.2</ele>
    <time>2025-10-03T22:39:50Z</time>
   </trkpt>
   <trkpt lat="33.7734990" lon="-84.4046880">
    <ele>307.4</ele>
    <time>2025-10-03T22:39:51Z</time>
   </trkpt>
   <trkpt lat="33.7735050" lon="-84.4047030">
    <ele>307.6</ele>
    <time>2025-10-03T22:39:52Z</time>
   </trkpt>
   <trkpt lat="33.7735180" lon="-84.4047250">
    <ele>307.8</ele>
    <time>2025-10-03T22:39:53Z</time>
   </trkpt>
   <trkpt lat="33.7735220" lon="-84.4047330">
    <ele>308.2</ele>
    <time>2025-10-03T22:39:54Z</time>
   </trkpt>
   <trkpt lat="33.7735360" lon="-84.4047560">
    <ele>308.4</ele>
    <time>2025-10-03T22:39:55Z</time>
   </trkpt>
   <trkpt lat="33.7735410" lon="-84.4047650">
    <ele>308.6</ele>
    <time>2025-10-03T22:39:56Z</time>
   </trkpt>
   <trkpt lat="33.7735460" lon="-84.4047740">
    <ele>308.8</ele>
    <time>2025-10-03T22:39:57Z</time>
   </trkpt>
   <trkpt lat="33.7735540" lon="-84.4047880">
    <ele>309.0</ele>
    <time>2025-10-03T22:39:58Z</time>
   </trkpt>
   <trkpt lat="33.7735620" lon="-84.4048000">
    <ele>309.2</ele>
    <time>2025-10-03T22:39:59Z</time>
   </trkpt>
   <trkpt lat="33.7735700" lon="-84.4048100">
    <ele>309.4</ele>
    <time>2025-10-03T22:40:00Z</time>
   </trkpt>
   <trkpt lat="33.7735790" lon="-84.4048200">
    <ele>309.4</ele>
    <time>2025-10-03T22:40:01Z</time>
   </trkpt>
   <trkpt lat="33.7735870" lon="-84.4048290">
    <ele>309.6</ele>
    <time>2025-10-03T22:40:02Z</time>
   </trkpt>
   <trkpt lat="33.7735960" lon="-84.4048370">
    <ele>309.6</ele>
    <time>2025-10-03T22:40:03Z</time>
   </trkpt>
   <trkpt lat="33.7736050" lon="-84.4048460">
    <ele>309.6</ele>
    <time>2025-10-03T22:40:04Z</time>
   </trkpt>
   <trkpt lat="33.7736200" lon="-84.4048660">
    <ele>309.8</ele>
    <time>2025-10-03T22:40:05Z</time>
   </trkpt>
   <trkpt lat="33.7736270" lon="-84.4048750">
    <ele>309.8</ele>
    <time>2025-10-03T22:40:06Z</time>
   </trkpt>
   <trkpt lat="33.7736330" lon="-84.4048840">
    <ele>309.8</ele>
    <time>2025-10-03T22:40:07Z</time>
   </trkpt>
   <trkpt lat="33.7736410" lon="-84.4048970">
    <ele>309.8</ele>
    <time>2025-10-03T22:40:08Z</time>
   </trkpt>
   <trkpt lat="33.7736480" lon="-84.4049090">
    <ele>309.8</ele>
    <time>2025-10-03T22:40:09Z</time>
   </trkpt>
   <trkpt lat="33.7736540" lon="-84.4049210">
    <ele>309.6</ele>
    <time>2025-10-03T22:40:10Z</time>
   </trkpt>
   <trkpt lat="33.7736610" lon="-84.4049340">
    <ele>309.6</ele>
    <time>2025-10-03T22:40:11Z</time>
   </trkpt>
   <trkpt lat="33.7736690" lon="-84.4049480">
    <ele>309.6</ele>
    <time>2025-10-03T22:40:12Z</time>
   </trkpt>
   <trkpt lat="33.7736800" lon="-84.4049750">
    <ele>309.4</ele>
    <time>2025-10-03T22:40:13Z</time>
   </trkpt>
   <trkpt lat="33.7736830" lon="-84.4049860">
    <ele>309.4</ele>
    <time>2025-10-03T22:40:14Z</time>
   </trkpt>
   <trkpt lat="33.7736870" lon="-84.4049970">
    <ele>309.4</ele>
    <time>2025-10-03T22:40:15Z</time>
   </trkpt>
   <trkpt lat="33.7736950" lon="-84.4050230">
    <ele>309.4</ele>
    <time>2025-10-03T22:40:16Z</time>
   </trkpt>
   <trkpt lat="33.7736970" lon="-84.4050320">
    <ele>309.2</ele>
    <time>2025-10-03T22:40:17Z</time>
   </trkpt>
   <trkpt lat="33.7737080" lon="-84.4050600">
    <ele>309.2</ele>
    <time>2025-10-03T22:40:18Z</time>
   </trkpt>
   <trkpt lat="33.7737120" lon="-84.4050710">
    <ele>309.2</ele>
    <time>2025-10-03T22:40:19Z</time>
   </trkpt>
   <trkpt lat="33.7737170" lon="-84.4050820">
    <ele>309.2</ele>
    <time>2025-10-03T22:40:20Z</time>
   </trkpt>
   <trkpt lat="33.7737290" lon="-84.4051040">
    <ele>309.2</ele>
    <time>2025-10-03T22:40:21Z</time>
   </trkpt>
   <trkpt lat="33.7737330" lon="-84.4051110">
    <ele>309.0</ele>
    <time>2025-10-03T22:40:22Z</time>
   </trkpt>
   <trkpt lat="33.7737420" lon="-84.4051230">
    <ele>309.0</ele>
    <time>2025-10-03T22:40:23Z</time>
   </trkpt>
   <trkpt lat="33.7737520" lon="-84.4051330">
    <ele>309.0</ele>
    <time>2025-10-03T22:40:24Z</time>
   </trkpt>
   <trkpt lat="33.7737600" lon="-84.4051410">
    <ele>309.0</ele>
    <time>2025-10-03T22:40:25Z</time>
   </trkpt>
   <trkpt lat="33.7737680" lon="-84.4051500">
    <ele>309.0</ele>
    <time>2025-10-03T22:40:26Z</time>
   </trkpt>
   <trkpt lat="33.7737760" lon="-84.4051620">
    <ele>309.0</ele>
    <time>2025-10-03T22:40:27Z</time>
   </trkpt>
   <trkpt lat="33.7737850" lon="-84.4051760">
    <ele>309.0</ele>
    <time>2025-10-03T22:40:28Z</time>
   </trkpt>
   <trkpt lat="33.7737930" lon="-84.4051910">
    <ele>309.0</ele>
    <time>2025-10-03T22:40:29Z</time>
   </trkpt>
   <trkpt lat="33.7738010" lon="-84.4052080">
    <ele>309.0</ele>
    <time>2025-10-03T22:40:30Z</time>
   </trkpt>
   <trkpt lat="33.7738110" lon="-84.4052350">
    <ele>309.2</ele>
    <time>2025-10-03T22:40:31Z</time>
   </trkpt>
   <trkpt lat="33.7738130" lon="-84.4052450">
    <ele>309.2</ele>
    <time>2025-10-03T22:40:32Z</time>
   </trkpt>
   <trkpt lat="33.7738220" lon="-84.4052750">
    <ele>309.2</ele>
    <time>2025-10-03T22:40:33Z</time>
   </trkpt>
   <trkpt lat="33.7738260" lon="-84.4052860">
    <ele>309.4</ele>
    <time>2025-10-03T22:40:34Z</time>
   </trkpt>
   <trkpt lat="33.7738290" lon="-84.4052980">
    <ele>309.4</ele>
    <time>2025-10-03T22:40:35Z</time>
   </trkpt>
   <trkpt lat="33.7738360" lon="-84.4053270">
    <ele>309.6</ele>
    <time>2025-10-03T22:40:36Z</time>
   </trkpt>
   <trkpt lat="33.7738390" lon="-84.4053380">
    <ele>309.6</ele>
    <time>2025-10-03T22:40:37Z</time>
   </trkpt>
   <trkpt lat="33.7738420" lon="-84.4053500">
    <ele>309.8</ele>
    <time>2025-10-03T22:40:38Z</time>
   </trkpt>
   <trkpt lat="33.7738490" lon="-84.4053760">
    <ele>309.8</ele>
    <time>2025-10-03T22:40:39Z</time>
   </trkpt>
   <trkpt lat="33.7738510" lon="-84.4053850">
    <ele>310.0</ele>
    <time>2025-10-03T22:40:40Z</time>
   </trkpt>
   <trkpt lat="33.7738580" lon="-84.4054110">
    <ele>310.0</ele>
    <time>2025-10-03T22:40:41Z</time>
   </trkpt>
   <trkpt lat="33.7738600" lon="-84.4054200">
    <ele>310.2</ele>
    <time>2025-10-03T22:40:42Z</time>
   </trkpt>
   <trkpt lat="33.7738630" lon="-84.4054300">
    <ele>310.2</ele>
    <time>2025-10-03T22:40:43Z</time>
   </trkpt>
   <trkpt lat="33.7738670" lon="-84.4054450">
    <ele>310.2</ele>
    <time>2025-10-03T22:40:44Z</time>
   </trkpt>
   <trkpt lat="33.7738710" lon="-84.4054590">
    <ele>310.2</ele>
    <time>2025-10-03T22:40:45Z</time>
   </trkpt>
   <trkpt lat="33.7738750" lon="-84.4054740">
    <ele>310.2</ele>
    <time>2025-10-03T22:40:46Z</time>
   </trkpt>
   <trkpt lat="33.7738790" lon="-84.4054890">
    <ele>310.2</ele>
    <time>2025-10-03T22:40:47Z</time>
   </trkpt>
   <trkpt lat="33.7738830" lon="-84.4055050">
    <ele>310.2</ele>
    <time>2025-10-03T22:40:48Z</time>
   </trkpt>
   <trkpt lat="33.7738900" lon="-84.4055260">
    <ele>310.2</ele>
    <time>2025-10-03T22:40:49Z</time>
   </trkpt>
   <trkpt lat="33.7738920" lon="-84.4055330">
    <ele>310.2</ele>
    <time>2025-10-03T22:40:50Z</time>
   </trkpt>
   <trkpt lat="33.7738970" lon="-84.4055460">
    <ele>310.0</ele>
    <time>2025-10-03T22:40:51Z</time>
   </trkpt>
   <trkpt lat="33.7739030" lon="-84.4055580">
    <ele>310.0</ele>
    <time>2025-10-03T22:40:52Z</time>
   </trkpt>
   <trkpt lat="33.7739100" lon="-84.4055700">
    <ele>309.8</ele>
    <time>2025-10-03T22:40:53Z</time>
   </trkpt>
   <trkpt lat="33.7739160" lon="-84.4055820">
    <ele>309.8</ele>
    <time>2025-10-03T22:40:54Z</time>
   </trkpt>
   <trkpt lat="33.7739210" lon="-84.4055930">
    <ele>309.6</ele>
    <time>2025-10-03T22:40:55Z</time>
   </trkpt>
   <trkpt lat="33.7739270" lon="-84.4056040">
    <ele>309.6</ele>
    <time>2025-10-03T22:40:56Z</time>
   </trkpt>
   <trkpt lat="33.7739340" lon="-84.4056150">
    <ele>309.6</ele>
    <time>2025-10-03T22:40:57Z</time>
   </trkpt>
   <trkpt lat="33.7739410" lon="-84.4056270">
    <ele>309.6</ele>
    <time>2025-10-03T22:40:58Z</time>
   </trkpt>
   <trkpt lat="33.7739460" lon="-84.4056380">
    <ele>309.4</ele>
    <time>2025-10-03T22:40:59Z</time>
   </trkpt>
   <trkpt lat="33.7739510" lon="-84.4056490">
    <ele>309.4</ele>
    <time>2025-10-03T22:41:00Z</time>
   </trkpt>
   <trkpt lat="33.7739560" lon="-84.4056620">
    <ele>309.4</ele>
    <time>2025-10-03T22:41:01Z</time>
   </trkpt>
   <trkpt lat="33.7739620" lon="-84.4056750">
    <ele>309.4</ele>
    <time>2025-10-03T22:41:02Z</time>
   </trkpt>
   <trkpt lat="33.7739690" lon="-84.4056880">
    <ele>309.4</ele>
    <time>2025-10-03T22:41:03Z</time>
   </trkpt>
   <trkpt lat="33.7739800" lon="-84.4057080">
    <ele>309.4</ele>
    <time>2025-10-03T22:41:04Z</time>
   </trkpt>
   <trkpt lat="33.7739840" lon="-84.4057160">
    <ele>309.4</ele>
    <time>2025-10-03T22:41:05Z</time>
   </trkpt>
   <trkpt lat="33.7739880" lon="-84.4057230">
    <ele>309.4</ele>
    <time>2025-10-03T22:41:06Z</time>
   </trkpt>
   <trkpt lat="33.7739980" lon="-84.4057400">
    <ele>309.4</ele>
    <time>2025-10-03T22:41:07Z</time>
   </trkpt>
   <trkpt lat="33.7740040" lon="-84.4057480">
    <ele>309.6</ele>
    <time>2025-10-03T22:41:08Z</time>
   </trkpt>
   <trkpt lat="33.7740090" lon="-84.4057550">
    <ele>309.6</ele>
    <time>2025-10-03T22:41:09Z</time>
   </trkpt>
   <trkpt lat="33.7740150" lon="-84.4057630">
    <ele>309.6</ele>
    <time>2025-10-03T22:41:10Z</time>
   </trkpt>
   <trkpt lat="33.7740200" lon="-84.4057700">
    <ele>309.6</ele>
    <time>2025-10-03T22:41:11Z</time>
   </trkpt>
   <trkpt lat="33.7740280" lon="-84.4057790">
    <ele>309.6</ele>
    <time>2025-10-03T22:41:12Z</time>
   </trkpt>
   <trkpt lat="33.7740390" lon="-84.4057880">
    <ele>309.6</ele>
    <time>2025-10-03T22:41:13Z</time>
   </trkpt>
   <trkpt lat="33.7740590" lon="-84.4058080">
    <ele>309.6</ele>
    <time>2025-10-03T22:41:14Z</time>
   </trkpt>
   <trkpt lat="33.7740670" lon="-84.4058160">
    <ele>309.6</ele>
    <time>2025-10-03T22:41:15Z</time>
   </trkpt>
   <trkpt lat="33.7740740" lon="-84.4058250">
    <ele>309.6</ele>
    <time>2025-10-03T22:41:16Z</time>
   </trkpt>
   <trkpt lat="33.7740830" lon="-84.4058380">
    <ele>309.8</ele>
    <time>2025-10-03T22:41:17Z</time>
   </trkpt>
   <trkpt lat="33.7740910" lon="-84.4058510">
    <ele>309.8</ele>
    <time>2025-10-03T22:41:18Z</time>
   </trkpt>
   <trkpt lat="33.7740990" lon="-84.4058650">
    <ele>309.8</ele>
    <time>2025-10-03T22:41:19Z</time>
   </trkpt>
   <trkpt lat="33.7741060" lon="-84.4058790">
    <ele>309.8</ele>
    <time>2025-10-03T22:41:20Z</time>
   </trkpt>
   <trkpt lat="33.7741120" lon="-84.4058930">
    <ele>309.8</ele>
    <time>2025-10-03T22:41:21Z</time>
   </trkpt>
   <trkpt lat="33.7741240" lon="-84.4059120">
    <ele>309.8</ele>
    <time>2025-10-03T22:41:22Z</time>
   </trkpt>
   <trkpt lat="33.7741280" lon="-84.4059190">
    <ele>310.0</ele>
    <time>2025-10-03T22:41:23Z</time>
   </trkpt>
   <trkpt lat="33.7741370" lon="-84.4059310">
    <ele>310.0</ele>
    <time>2025-10-03T22:41:24Z</time>
   </trkpt>
   <trkpt lat="33.7741470" lon="-84.4059440">
    <ele>310.0</ele>
    <time>2025-10-03T22:41:25Z</time>
   </trkpt>
   <trkpt lat="33.7741570" lon="-84.4059550">
    <ele>310.0</ele>
    <time>2025-10-03T22:41:26Z</time>
   </trkpt>
   <trkpt lat="33.7741670" lon="-84.4059670">
    <ele>310.0</ele>
    <time>2025-10-03T22:41:27Z</time>
   </trkpt>
   <trkpt lat="33.7741770" lon="-84.4059770">
    <ele>310.2</ele>
    <time>2025-10-03T22:41:28Z</time>
   </trkpt>
   <trkpt lat="33.7741850" lon="-84.4059870">
    <ele>310.2</ele>
    <time>2025-10-03T22:41:29Z</time>
   </trkpt>
   <trkpt lat="33.7741930" lon="-84.4059980">
    <ele>310.2</ele>
    <time>2025-10-03T22:41:30Z</time>
   </trkpt>
   <trkpt lat="33.7742000" lon="-84.4060080">
    <ele>310.2</ele>
    <time>2025-10-03T22:41:31Z</time>
   </trkpt>
   <trkpt lat="33.7742090" lon="-84.4060180">
    <ele>310.2</ele>
    <time>2025-10-03T22:41:32Z</time>
   </trkpt>
   <trkpt lat="33.7742180" lon="-84.4060260">
    <ele>310.4</ele>
    <time>2025-10-03T22:41:33Z</time>
   </trkpt>
   <trkpt lat="33.7742260" lon="-84.4060340">
    <ele>310.4</ele>
    <time>2025-10-03T22:41:34Z</time>
   </trkpt>
   <trkpt lat="33.7742340" lon="-84.4060420">
    <ele>310.4</ele>
    <time>2025-10-03T22:41:35Z</time>
   </trkpt>
   <trkpt lat="33.7742430" lon="-84.4060520">
    <ele>310.6</ele>
    <time>2025-10-03T22:41:36Z</time>
   </trkpt>
   <trkpt lat="33.7742590" lon="-84.4060700">
    <ele>310.6</ele>
    <time>2025-10-03T22:41:37Z</time>
   </trkpt>
   <trkpt lat="33.7742650" lon="-84.4060770">
    <ele>310.6</ele>
    <time>2025-10-03T22:41:38Z</time>
   </trkpt>
   <trkpt lat="33.7742710" lon="-84.4060840">
    <ele>310.8</ele>
    <time>2025-10-03T22:41:39Z</time>
   </trkpt>
   <trkpt lat="33.7742790" lon="-84.4060950">
    <ele>310.8</ele>
    <time>2025-10-03T22:41:40Z</time>
   </trkpt>
   <trkpt lat="33.7742870" lon="-84.4061050">
    <ele>310.8</ele>
    <time>2025-10-03T22:41:41Z</time>
   </trkpt>
   <trkpt lat="33.7743060" lon="-84.4061250">
    <ele>310.8</ele>
    <time>2025-10-03T22:41:42Z</time>
   </trkpt>
   <trkpt lat="33.7743140" lon="-84.4061350">
    <ele>310.8</ele>
    <time>2025-10-03T22:41:43Z</time>
   </trkpt>
   <trkpt lat="33.7743230" lon="-84.4061440">
    <ele>310.8</ele>
    <time>2025-10-03T22:41:44Z</time>
   </trkpt>
   <trkpt lat="33.7743310" lon="-84.4061540">
    <ele>310.8</ele>
    <time>2025-10-03T22:41:45Z</time>
   </trkpt>
   <trkpt lat="33.7743400" lon="-84.4061630">
    <ele>310.8</ele>
    <time>2025-10-03T22:41:46Z</time>
   </trkpt>
   <trkpt lat="33.7743550" lon="-84.4061840">
    <ele>310.8</ele>
    <time>2025-10-03T22:41:47Z</time>
   </trkpt>
   <trkpt lat="33.7743600" lon="-84.4061930">
    <ele>310.8</ele>
    <time>2025-10-03T22:41:48Z</time>
   </trkpt>
   <trkpt lat="33.7743650" lon="-84.4062010">
    <ele>310.8</ele>
    <time>2025-10-03T22:41:49Z</time>
   </trkpt>
   <trkpt lat="33.7743770" lon="-84.4062230">
    <ele>310.8</ele>
    <time>2025-10-03T22:41:50Z</time>
   </trkpt>
   <trkpt lat="33.7743830" lon="-84.4062310">
    <ele>310.8</ele>
    <time>2025-10-03T22:41:51Z</time>
   </trkpt>
   <trkpt lat="33.7743880" lon="-84.4062400">
    <ele>310.8</ele>
    <time>2025-10-03T22:41:52Z</time>
   </trkpt>
   <trkpt lat="33.7743970" lon="-84.4062550">
    <ele>310.8</ele>
    <time>2025-10-03T22:41:53Z</time>
   </trkpt>
   <trkpt lat="33.7744060" lon="-84.4062690">
    <ele>310.6</ele>
    <time>2025-10-03T22:41:54Z</time>
   </trkpt>
   <trkpt lat="33.7744200" lon="-84.4062890">
    <ele>310.6</ele>
    <time>2025-10-03T22:41:55Z</time>
   </trkpt>
   <trkpt lat="33.7744260" lon="-84.4062960">
    <ele>310.6</ele>
    <time>2025-10-03T22:41:56Z</time>
   </trkpt>
   <trkpt lat="33.7744320" lon="-84.4063040">
    <ele>310.6</ele>
    <time>2025-10-03T22:41:57Z</time>
   </trkpt>
   <trkpt lat="33.7744420" lon="-84.4063150">
    <ele>310.4</ele>
    <time>2025-10-03T22:41:58Z</time>
   </trkpt>
   <trkpt lat="33.7744510" lon="-84.4063280">
    <ele>310.4</ele>
    <time>2025-10-03T22:41:59Z</time>
   </trkpt>
   <trkpt lat="33.7744580" lon="-84.4063380">
    <ele>310.4</ele>
    <time>2025-10-03T22:42:00Z</time>
   </trkpt>
   <trkpt lat="33.7744650" lon="-84.4063450">
    <ele>310.4</ele>
    <time>2025-10-03T22:42:01Z</time>
   </trkpt>
   <trkpt lat="33.7744720" lon="-84.4063520">
    <ele>310.2</ele>
    <time>2025-10-03T22:42:02Z</time>
   </trkpt>
   <trkpt lat="33.7744810" lon="-84.4063590">
    <ele>310.2</ele>
    <time>2025-10-03T22:42:03Z</time>
   </trkpt>
   <trkpt lat="33.7744900" lon="-84.4063670">
    <ele>310.2</ele>
    <time>2025-10-03T22:42:04Z</time>
   </trkpt>
   <trkpt lat="33.7745000" lon="-84.4063730">
    <ele>310.0</ele>
    <time>2025-10-03T22:42:05Z</time>
   </trkpt>
   <trkpt lat="33.7745100" lon="-84.4063800">
    <ele>310.0</ele>
    <time>2025-10-03T22:42:06Z</time>
   </trkpt>
   <trkpt lat="33.7745200" lon="-84.4063880">
    <ele>309.8</ele>
    <time>2025-10-03T22:42:07Z</time>
   </trkpt>
   <trkpt lat="33.7745370" lon="-84.4064020">
    <ele>309.8</ele>
    <time>2025-10-03T22:42:08Z</time>
   </trkpt>
   <trkpt lat="33.7745420" lon="-84.4064070">
    <ele>309.8</ele>
    <time>2025-10-03T22:42:09Z</time>
   </trkpt>
   <trkpt lat="33.7745530" lon="-84.4064170">
    <ele>309.6</ele>
    <time>2025-10-03T22:42:10Z</time>
   </trkpt>
   <trkpt lat="33.7745650" lon="-84.4064270">
    <ele>309.6</ele>
    <time>2025-10-03T22:42:11Z</time>
   </trkpt>
   <trkpt lat="33.7745760" lon="-84.4064370">
    <ele>309.4</ele>
    <time>2025-10-03T22:42:12Z</time>
   </trkpt>
   <trkpt lat="33.7745930" lon="-84.4064520">
    <ele>309.4</ele>
    <time>2025-10-03T22:42:13Z</time>
   </trkpt>
   <trkpt lat="33.7745990" lon="-84.4064570">
    <ele>309.4</ele>
    <time>2025-10-03T22:42:14Z</time>
   </trkpt>
   <trkpt lat="33.7746050" lon="-84.4064630">
    <ele>309.4</ele>
    <time>2025-10-03T22:42:15Z</time>
   </trkpt>
   <trkpt lat="33.7746110" lon="-84.4064710">
    <ele>309.4</ele>
    <time>2025-10-03T22:42:16Z</time>
   </trkpt>
   <trkpt lat="33.7746180" lon="-84.4064790">
    <ele>309.4</ele>
    <time>2025-10-03T22:42:17Z</time>
   </trkpt>
   <trkpt lat="33.7746250" lon="-84.4064880">
    <ele>309.4</ele>
    <time>2025-10-03T22:42:18Z</time>
   </trkpt>
   <trkpt lat="33.7746340" lon="-84.4064980">
    <ele>309.4</ele>
    <time>2025-10-03T22:42:19Z</time>
   </trkpt>
   <trkpt lat="33.7746440" lon="-84.4065080">
    <ele>309.6</ele>
    <time>2025-10-03T22:42:20Z</time>
   </trkpt>
   <trkpt lat="33.7746610" lon="-84.4065230">
    <ele>309.6</ele>
    <time>2025-10-03T22:42:21Z</time>
   </trkpt>
   <trkpt lat="33.7746670" lon="-84.4065290">
    <ele>309.6</ele>
    <time>2025-10-03T22:42:22Z</time>
   </trkpt>
   <trkpt lat="33.7746780" lon="-84.4065400">
    <ele>309.6</ele>
    <time>2025-10-03T22:42:23Z</time>
   </trkpt>
   <trkpt lat="33.7746890" lon="-84.4065490">
    <ele>309.6</ele>
    <time>2025-10-03T22:42:24Z</time>
   </trkpt>
   <trkpt lat="33.7747010" lon="-84.4065580">
    <ele>309.8</ele>
    <time>2025-10-03T22:42:25Z</time>
   </trkpt>
   <trkpt lat="33.7747140" lon="-84.4065640">
    <ele>309.8</ele>
    <time>2025-10-03T22:42:26Z</time>
   </trkpt>
   <trkpt lat="33.7747280" lon="-84.4065690">
    <ele>309.8</ele>
    <time>2025-10-03T22:42:27Z</time>
   </trkpt>
   <trkpt lat="33.7747430" lon="-84.4065730">
    <ele>309.8</ele>
    <time>2025-10-03T22:42:28Z</time>
   </trkpt>
   <trkpt lat="33.7747600" lon="-84.4065760">
    <ele>310.0</ele>
    <time>2025-10-03T22:42:29Z</time>
   </trkpt>
   <trkpt lat="33.7747770" lon="-84.4065790">
    <ele>310.0</ele>
    <time>2025-10-03T22:42:30Z</time>
   </trkpt>
   <trkpt lat="33.7748010" lon="-84.4065850">
    <ele>310.0</ele>
    <time>2025-10-03T22:42:31Z</time>
   </trkpt>
   <trkpt lat="33.7748080" lon="-84.4065880">
    <ele>310.0</ele>
    <time>2025-10-03T22:42:32Z</time>
   </trkpt>
   <trkpt lat="33.7748310" lon="-84.4065960">
    <ele>310.0</ele>
    <time>2025-10-03T22:42:33Z</time>
   </trkpt>
   <trkpt lat="33.7748390" lon="-84.4065990">
    <ele>310.2</ele>
    <time>2025-10-03T22:42:34Z</time>
   </trkpt>
   <trkpt lat="33.7748480" lon="-84.4066010">
    <ele>310.2</ele>
    <time>2025-10-03T22:42:35Z</time>
   </trkpt>
   <trkpt lat="33.7748600" lon="-84.4066030">
    <ele>310.2</ele>
    <time>2025-10-03T22:42:36Z</time>
   </trkpt>
   <trkpt lat="33.7748720" lon="-84.4066050">
    <ele>310.2</ele>
    <time>2025-10-03T22:42:37Z</time>
   </trkpt>
   <trkpt lat="33.7748840" lon="-84.4066070">
    <ele>310.2</ele>
    <time>2025-10-03T22:42:38Z</time>
   </trkpt>
   <trkpt lat="33.7748960" lon="-84.4066100">
    <ele>310.2</ele>
    <time>2025-10-03T22:42:39Z</time>
   </trkpt>
   <trkpt lat="33.7749090" lon="-84.4066140">
    <ele>310.2</ele>
    <time>2025-10-03T22:42:40Z</time>
   </trkpt>
   <trkpt lat="33.7749290" lon="-84.4066220">
    <ele>310.0</ele>
    <time>2025-10-03T22:42:41Z</time>
   </trkpt>
   <trkpt lat="33.7749370" lon="-84.4066250">
    <ele>310.0</ele>
    <time>2025-10-03T22:42:42Z</time>
   </trkpt>
   <trkpt lat="33.7749450" lon="-84.4066290">
    <ele>310.0</ele>
    <time>2025-10-03T22:42:43Z</time>
   </trkpt>
   <trkpt lat="33.7749570" lon="-84.4066350">
    <ele>309.8</ele>
    <time>2025-10-03T22:42:44Z</time>
   </trkpt>
   <trkpt lat="33.7749700" lon="-84.4066410">
    <ele>309.8</ele>
    <time>2025-10-03T22:42:45Z</time>
   </trkpt>
   <trkpt lat="33.7749890" lon="-84.4066460">
    <ele>309.6</ele>
    <time>2025-10-03T22:42:46Z</time>
   </trkpt>
   <trkpt lat="33.7749950" lon="-84.4066470">
    <ele>309.6</ele>
    <time>2025-10-03T22:42:47Z</time>
   </trkpt>
   <trkpt lat="33.7750020" lon="-84.4066490">
    <ele>309.4</ele>
    <time>2025-10-03T22:42:48Z</time>
   </trkpt>
   <trkpt lat="33.7750120" lon="-84.4066510">
    <ele>309.2</ele>
    <time>2025-10-03T22:42:49Z</time>
   </trkpt>
   <trkpt lat="33.7750230" lon="-84.4066540">
    <ele>309.2</ele>
    <time>2025-10-03T22:42:50Z</time>
   </trkpt>
   <trkpt lat="33.7750350" lon="-84.4066560">
    <ele>309.0</ele>
    <time>2025-10-03T22:42:51Z</time>
   </trkpt>
   <trkpt lat="33.7750480" lon="-84.4066600">
    <ele>309.0</ele>
    <time>2025-10-03T22:42:52Z</time>
   </trkpt>
   <trkpt lat="33.7750610" lon="-84.4066650">
    <ele>308.8</ele>
    <time>2025-10-03T22:42:53Z</time>
   </trkpt>
   <trkpt lat="33.7750810" lon="-84.4066750">
    <ele>308.8</ele>
    <time>2025-10-03T22:42:54Z</time>
   </trkpt>
   <trkpt lat="33.7750870" lon="-84.4066780">
    <ele>308.6</ele>
    <time>2025-10-03T22:42:55Z</time>
   </trkpt>
   <trkpt lat="33.7750990" lon="-84.4066840">
    <ele>308.6</ele>
    <time>2025-10-03T22:42:56Z</time>
   </trkpt>
   <trkpt lat="33.7751130" lon="-84.4066910">
    <ele>308.4</ele>
    <time>2025-10-03T22:42:57Z</time>
   </trkpt>
   <trkpt lat="33.7751270" lon="-84.4066980">
    <ele>308.4</ele>
    <time>2025-10-03T22:42:58Z</time>
   </trkpt>
   <trkpt lat="33.7751480" lon="-84.4067090">
    <ele>308.4</ele>
    <time>2025-10-03T22:42:59Z</time>
   </trkpt>
   <trkpt lat="33.7751540" lon="-84.4067130">
    <ele>308.2</ele>
    <time>2025-10-03T22:43:00Z</time>
   </trkpt>
   <trkpt lat="33.7751750" lon="-84.4067240">
    <ele>308.2</ele>
    <time>2025-10-03T22:43:01Z</time>
   </trkpt>
   <trkpt lat="33.7751840" lon="-84.4067290">
    <ele>308.0</ele>
    <time>2025-10-03T22:43:02Z</time>
   </trkpt>
   <trkpt lat="33.7751920" lon="-84.4067330">
    <ele>308.0</ele>
    <time>2025-10-03T22:43:03Z</time>
   </trkpt>
   <trkpt lat="33.7752040" lon="-84.4067390">
    <ele>308.0</ele>
    <time>2025-10-03T22:43:04Z</time>
   </trkpt>
   <trkpt lat="33.7752150" lon="-84.4067450">
    <ele>308.0</ele>
    <time>2025-10-03T22:43:05Z</time>
   </trkpt>
   <trkpt lat="33.7752270" lon="-84.4067510">
    <ele>308.0</ele>
    <time>2025-10-03T22:43:06Z</time>
   </trkpt>
   <trkpt lat="33.7752390" lon="-84.4067560">
    <ele>307.8</ele>
    <time>2025-10-03T22:43:07Z</time>
   </trkpt>
   <trkpt lat="33.7752520" lon="-84.4067620">
    <ele>307.8</ele>
    <time>2025-10-03T22:43:08Z</time>
   </trkpt>
   <trkpt lat="33.7752650" lon="-84.4067690">
    <ele>307.8</ele>
    <time>2025-10-03T22:43:09Z</time>
   </trkpt>
   <trkpt lat="33.7752790" lon="-84.4067740">
    <ele>307.8</ele>
    <time>2025-10-03T22:43:10Z</time>
   </trkpt>
   <trkpt lat="33.7752930" lon="-84.4067800">
    <ele>307.8</ele>
    <time>2025-10-03T22:43:11Z</time>
   </trkpt>
   <trkpt lat="33.7753140" lon="-84.4067880">
    <ele>307.8</ele>
    <time>2025-10-03T22:43:12Z</time>
   </trkpt>
   <trkpt lat="33.7753200" lon="-84.4067910">
    <ele>307.8</ele>
    <time>2025-10-03T22:43:13Z</time>
   </trkpt>
   <trkpt lat="33.7753330" lon="-84.4067970">
    <ele>307.8</ele>
    <time>2025-10-03T22:43:14Z</time>
   </trkpt>
   <trkpt lat="33.7753470" lon="-84.4068030">
    <ele>307.8</ele>
    <time>2025-10-03T22:43:15Z</time>
   </trkpt>
   <trkpt lat="33.7753610" lon="-84.4068090">
    <ele>307.8</ele>
    <time>2025-10-03T22:43:16Z</time>
   </trkpt>
   <trkpt lat="33.7753820" lon="-84.4068190">
    <ele>307.8</ele>
    <time>2025-10-03T22:43:17Z</time>
   </trkpt>
   <trkpt lat="33.7753890" lon="-84.4068230">
    <ele>307.8</ele>
    <time>2025-10-03T22:43:18Z</time>
   </trkpt>
   <trkpt lat="33.7754110" lon="-84.4068350">
    <ele>307.8</ele>
    <time>2025-10-03T22:43:19Z</time>
   </trkpt>
   <trkpt lat="33.7754190" lon="-84.4068400">
    <ele>307.8</ele>
    <time>2025-10-03T22:43:20Z</time>
   </trkpt>
   <trkpt lat="33.7754280" lon="-84.4068450">
    <ele>307.8</ele>
    <time>2025-10-03T22:43:21Z</time>
   </trkpt>
   <trkpt lat="33.7754410" lon="-84.4068530">
    <ele>308.0</ele>
    <time>2025-10-03T22:43:22Z</time>
   </trkpt>
   <trkpt lat="33.7754540" lon="-84.4068600">
    <ele>308.0</ele>
    <time>2025-10-03T22:43:23Z</time>
   </trkpt>
   <trkpt lat="33.7754730" lon="-84.4068740">
    <ele>308.0</ele>
    <time>2025-10-03T22:43:24Z</time>
   </trkpt>
   <trkpt lat="33.7754810" lon="-84.4068790">
    <ele>308.0</ele>
    <time>2025-10-03T22:43:25Z</time>
   </trkpt>
   <trkpt lat="33.7754880" lon="-84.4068840">
    <ele>308.0</ele>
    <time>2025-10-03T22:43:26Z</time>
   </trkpt>
   <trkpt lat="33.7754980" lon="-84.4068900">
    <ele>308.0</ele>
    <time>2025-10-03T22:43:27Z</time>
   </trkpt>
   <trkpt lat="33.7755080" lon="-84.4068940">
    <ele>308.0</ele>
    <time>2025-10-03T22:43:28Z</time>
   </trkpt>
   <trkpt lat="33.7755270" lon="-84.4069020">
    <ele>308.2</ele>
    <time>2025-10-03T22:43:29Z</time>
   </trkpt>
   <trkpt lat="33.7755340" lon="-84.4069050">
    <ele>308.2</ele>
    <time>2025-10-03T22:43:30Z</time>
   </trkpt>
   <trkpt lat="33.7755420" lon="-84.4069080">
    <ele>308.2</ele>
    <time>2025-10-03T22:43:31Z</time>
   </trkpt>
   <trkpt lat="33.7755540" lon="-84.4069140">
    <ele>308.2</ele>
    <time>2025-10-03T22:43:32Z</time>
   </trkpt>
   <trkpt lat="33.7755660" lon="-84.4069190">
    <ele>308.2</ele>
    <time>2025-10-03T22:43:33Z</time>
   </trkpt>
   <trkpt lat="33.7755760" lon="-84.4069240">
    <ele>308.2</ele>
    <time>2025-10-03T22:43:34Z</time>
   </trkpt>
   <trkpt lat="33.7755810" lon="-84.4069260">
    <ele>308.2</ele>
    <time>2025-10-03T22:43:35Z</time>
   </trkpt>
   <trkpt lat="33.7755820" lon="-84.4069260">
    <ele>308.0</ele>
    <time>2025-10-03T22:43:36Z</time>
   </trkpt>
   <trkpt lat="33.7755830" lon="-84.4069260">
    <ele>308.0</ele>
    <time>2025-10-03T22:43:37Z</time>
   </trkpt>
   <trkpt lat="33.7755850" lon="-84.4069270">
    <ele>307.8</ele>
    <time>2025-10-03T22:43:38Z</time>
   </trkpt>
   <trkpt lat="33.7755880" lon="-84.4069290">
    <ele>307.8</ele>
    <time>2025-10-03T22:43:39Z</time>
   </trkpt>
   <trkpt lat="33.7755910" lon="-84.4069300">
    <ele>307.6</ele>
    <time>2025-10-03T22:43:40Z</time>
   </trkpt>
   <trkpt lat="33.7755930" lon="-84.4069310">
    <ele>307.6</ele>
    <time>2025-10-03T22:43:41Z</time>
   </trkpt>
   <trkpt lat="33.7755960" lon="-84.4069320">
    <ele>307.4</ele>
    <time>2025-10-03T22:43:42Z</time>
   </trkpt>
   <trkpt lat="33.7755990" lon="-84.4069330">
    <ele>307.4</ele>
    <time>2025-10-03T22:43:43Z</time>
   </trkpt>
   <trkpt lat="33.7756010" lon="-84.4069350">
    <ele>307.2</ele>
    <time>2025-10-03T22:43:44Z</time>
   </trkpt>
   <trkpt lat="33.7756040" lon="-84.4069360">
    <ele>307.2</ele>
    <time>2025-10-03T22:43:45Z</time>
   </trkpt>
   <trkpt lat="33.7756060" lon="-84.4069370">
    <ele>307.0</ele>
    <time>2025-10-03T22:43:46Z</time>
   </trkpt>
   <trkpt lat="33.7756090" lon="-84.4069380">
    <ele>307.0</ele>
    <time>2025-10-03T22:43:47Z</time>
   </trkpt>
   <trkpt lat="33.7756120" lon="-84.4069390">
    <ele>307.0</ele>
    <time>2025-10-03T22:43:48Z</time>
   </trkpt>
   <trkpt lat="33.7756140" lon="-84.4069410">
    <ele>306.8</ele>
    <time>2025-10-03T22:43:49Z</time>
   </trkpt>
   <trkpt lat="33.7756170" lon="-84.4069420">
    <ele>306.8</ele>
    <time>2025-10-03T22:43:50Z</time>
   </trkpt>
   <trkpt lat="33.7756200" lon="-84.4069430">
    <ele>306.8</ele>
    <time>2025-10-03T22:43:51Z</time>
   </trkpt>
   <trkpt lat="33.7756220" lon="-84.4069440">
    <ele>306.8</ele>
    <time>2025-10-03T22:43:52Z</time>
   </trkpt>
   <trkpt lat="33.7756250" lon="-84.4069450">
    <ele>306.8</ele>
    <time>2025-10-03T22:43:53Z</time>
   </trkpt>
   <trkpt lat="33.7756280" lon="-84.4069470">
    <ele>306.8</ele>
    <time>2025-10-03T22:43:54Z</time>
   </trkpt>
   <trkpt lat="33.7756300" lon="-84.4069480">
    <ele>306.8</ele>
    <time>2025-10-03T22:43:55Z</time>
   </trkpt>
   <trkpt lat="33.7756330" lon="-84.4069490">
    <ele>306.8</ele>
    <time>2025-10-03T22:43:56Z</time>
   </trkpt>
   <trkpt lat="33.7756360" lon="-84.4069500">
    <ele>306.8</ele>
    <time>2025-10-03T22:43:57Z</time>
   </trkpt>
   <trkpt lat="33.7756380" lon="-84.4069510">
    <ele>306.8</ele>
    <time>2025-10-03T22:43:58Z</time>
   </trkpt>
   <trkpt lat="33.7756410" lon="-84.4069530">
    <ele>306.8</ele>
    <time>2025-10-03T22:43:59Z</time>
   </trkpt>
   <trkpt lat="33.7756440" lon="-84.4069540">
    <ele>306.8</ele>
    <time>2025-10-03T22:44:00Z</time>
   </trkpt>
   <trkpt lat="33.7756460" lon="-84.4069550">
    <ele>306.8</ele>
    <time>2025-10-03T22:44:01Z</time>
   </trkpt>
   <trkpt lat="33.7756490" lon="-84.4069560">
    <ele>306.8</ele>
    <time>2025-10-03T22:44:02Z</time>
   </trkpt>
   <trkpt lat="33.7756510" lon="-84.4069570">
    <ele>306.8</ele>
    <time>2025-10-03T22:44:03Z</time>
   </trkpt>
   <trkpt lat="33.7756540" lon="-84.4069580">
    <ele>306.8</ele>
    <time>2025-10-03T22:44:04Z</time>
   </trkpt>
   <trkpt lat="33.7756570" lon="-84.4069600">
    <ele>306.6</ele>
    <time>2025-10-03T22:44:05Z</time>
   </trkpt>
   <trkpt lat="33.7756590" lon="-84.4069610">
    <ele>306.6</ele>
    <time>2025-10-03T22:44:06Z</time>
   </trkpt>
   <trkpt lat="33.7756620" lon="-84.4069620">
    <ele>306.4</ele>
    <time>2025-10-03T22:44:07Z</time>
   </trkpt>
   <trkpt lat="33.7756650" lon="-84.4069630">
    <ele>306.4</ele>
    <time>2025-10-03T22:44:08Z</time>
   </trkpt>
   <trkpt lat="33.7756670" lon="-84.4069640">
    <ele>306.2</ele>
    <time>2025-10-03T22:44:09Z</time>
   </trkpt>
   <trkpt lat="33.7756700" lon="-84.4069660">
    <ele>306.0</ele>
    <time>2025-10-03T22:44:10Z</time>
   </trkpt>
   <trkpt lat="33.7756730" lon="-84.4069670">
    <ele>305.8</ele>
    <time>2025-10-03T22:44:11Z</time>
   </trkpt>
   <trkpt lat="33.7756750" lon="-84.4069680">
    <ele>305.6</ele>
    <time>2025-10-03T22:44:12Z</time>
   </trkpt>
   <trkpt lat="33.7756780" lon="-84.4069690">
    <ele>305.4</ele>
    <time>2025-10-03T22:44:13Z</time>
   </trkpt>
   <trkpt lat="33.7756810" lon="-84.4069700">
    <ele>305.2</ele>
    <time>2025-10-03T22:44:14Z</time>
   </trkpt>
   <trkpt lat="33.7756830" lon="-84.4069720">
    <ele>305.0</ele>
    <time>2025-10-03T22:44:15Z</time>
   </trkpt>
   <trkpt lat="33.7756860" lon="-84.4069730">
    <ele>304.8</ele>
    <time>2025-10-03T22:44:16Z</time>
   </trkpt>
   <trkpt lat="33.7756890" lon="-84.4069740">
    <ele>304.6</ele>
    <time>2025-10-03T22:44:17Z</time>
   </trkpt>
   <trkpt lat="33.7756910" lon="-84.4069750">
    <ele>304.4</ele>
    <time>2025-10-03T22:44:18Z</time>
   </trkpt>
   <trkpt lat="33.7756940" lon="-84.4069760">
    <ele>304.0</ele>
    <time>2025-10-03T22:44:19Z</time>
   </trkpt>
   <trkpt lat="33.7756960" lon="-84.4069780">
    <ele>303.8</ele>
    <time>2025-10-03T22:44:20Z</time>
   </trkpt>
   <trkpt lat="33.7756990" lon="-84.4069790">
    <ele>303.6</ele>
    <time>2025-10-03T22:44:21Z</time>
   </trkpt>
   <trkpt lat="33.7757020" lon="-84.4069800">
    <ele>303.4</ele>
    <time>2025-10-03T22:44:22Z</time>
   </trkpt>
   <trkpt lat="33.7757040" lon="-84.4069810">
    <ele>303.2</ele>
    <time>2025-10-03T22:44:23Z</time>
   </trkpt>
   <trkpt lat="33.7757070" lon="-84.4069820">
    <ele>303.0</ele>
    <time>2025-10-03T22:44:24Z</time>
   </trkpt>
   <trkpt lat="33.7757100" lon="-84.4069840">
    <ele>303.0</ele>
    <time>2025-10-03T22:44:25Z</time>
   </trkpt>
   <trkpt lat="33.7757120" lon="-84.4069850">
    <ele>303.0</ele>
    <time>2025-10-03T22:44:26Z</time>
   </trkpt>
   <trkpt lat="33.7757150" lon="-84.4069860">
    <ele>302.8</ele>
    <time>2025-10-03T22:44:27Z</time>
   </trkpt>
   <trkpt lat="33.7757160" lon="-84.4069890">
    <ele>302.8</ele>
    <time>2025-10-03T22:44:28Z</time>
   </trkpt>
   <trkpt lat="33.7757180" lon="-84.4069910">
    <ele>302.8</ele>
    <time>2025-10-03T22:44:29Z</time>
   </trkpt>
   <trkpt lat="33.7757190" lon="-84.4069930">
    <ele>302.8</ele>
    <time>2025-10-03T22:44:30Z</time>
   </trkpt>
   <trkpt lat="33.7757200" lon="-84.4069950">
    <ele>302.8</ele>
    <time>2025-10-03T22:44:31Z</time>
   </trkpt>
   <trkpt lat="33.7757220" lon="-84.4069970">
    <ele>302.8</ele>
    <time>2025-10-03T22:44:32Z</time>
   </trkpt>
   <trkpt lat="33.7757230" lon="-84.4069990">
    <ele>302.8</ele>
    <time>2025-10-03T22:44:33Z</time>
   </trkpt>
   <trkpt lat="33.7757250" lon="-84.4070020">
    <ele>302.8</ele>
    <time>2025-10-03T22:44:34Z</time>
   </trkpt>
   <trkpt lat="33.7757260" lon="-84.4070040">
    <ele>303.0</ele>
    <time>2025-10-03T22:44:35Z</time>
   </trkpt>
   <trkpt lat="33.7757270" lon="-84.4070060">
    <ele>303.0</ele>
    <time>2025-10-03T22:44:36Z</time>
   </trkpt>
   <trkpt lat="33.7757290" lon="-84.4070080">
    <ele>303.2</ele>
    <time>2025-10-03T22:44:37Z</time>
   </trkpt>
   <trkpt lat="33.7757300" lon="-84.4070100">
    <ele>303.4</ele>
    <time>2025-10-03T22:44:38Z</time>
   </trkpt>
   <trkpt lat="33.7757310" lon="-84.4070120">
    <ele>303.6</ele>
    <time>2025-10-03T22:44:39Z</time>
   </trkpt>
   <trkpt lat="33.7757330" lon="-84.4070140">
    <ele>303.6</ele>
    <time>2025-10-03T22:44:40Z</time>
   </trkpt>
   <trkpt lat="33.7757340" lon="-84.4070160">
    <ele>303.8</ele>
    <time>2025-10-03T22:44:41Z</time>
   </trkpt>
   <trkpt lat="33.7757360" lon="-84.4070180">
    <ele>304.0</ele>
    <time>2025-10-03T22:44:42Z</time>
   </trkpt>
   <trkpt lat="33.7757370" lon="-84.4070200">
    <ele>304.2</ele>
    <time>2025-10-03T22:44:43Z</time>
   </trkpt>
   <trkpt lat="33.7757380" lon="-84.4070220">
    <ele>304.4</ele>
    <time>2025-10-03T22:44:44Z</time>
   </trkpt>
   <trkpt lat="33.7757400" lon="-84.4070240">
    <ele>304.6</ele>
    <time>2025-10-03T22:44:45Z</time>
   </trkpt>
   <trkpt lat="33.7757410" lon="-84.4070270">
    <ele>304.8</ele>
    <time>2025-10-03T22:44:46Z</time>
   </trkpt>
   <trkpt lat="33.7757420" lon="-84.4070290">
    <ele>304.8</ele>
    <time>2025-10-03T22:44:47Z</time>
   </trkpt>
   <trkpt lat="33.7757440" lon="-84.4070310">
    <ele>305.0</ele>
    <time>2025-10-03T22:44:48Z</time>
   </trkpt>
   <trkpt lat="33.7757450" lon="-84.4070330">
    <ele>305.2</ele>
    <time>2025-10-03T22:44:49Z</time>
   </trkpt>
   <trkpt lat="33.7757460" lon="-84.4070350">
    <ele>305.2</ele>
    <time>2025-10-03T22:44:50Z</time>
   </trkpt>
   <trkpt lat="33.7757480" lon="-84.4070370">
    <ele>305.4</ele>
    <time>2025-10-03T22:44:51Z</time>
   </trkpt>
   <trkpt lat="33.7757490" lon="-84.4070390">
    <ele>305.6</ele>
    <time>2025-10-03T22:44:52Z</time>
   </trkpt>
   <trkpt lat="33.7757510" lon="-84.4070410">
    <ele>305.6</ele>
    <time>2025-10-03T22:44:53Z</time>
   </trkpt>
   <trkpt lat="33.7757520" lon="-84.4070430">
    <ele>305.8</ele>
    <time>2025-10-03T22:44:54Z</time>
   </trkpt>
   <trkpt lat="33.7757530" lon="-84.4070450">
    <ele>305.8</ele>
    <time>2025-10-03T22:44:55Z</time>
   </trkpt>
   <trkpt lat="33.7757550" lon="-84.4070470">
    <ele>305.8</ele>
    <time>2025-10-03T22:44:56Z</time>
   </trkpt>
   <trkpt lat="33.7757560" lon="-84.4070490">
    <ele>305.8</ele>
    <time>2025-10-03T22:44:57Z</time>
   </trkpt>
   <trkpt lat="33.7757570" lon="-84.4070520">
    <ele>305.8</ele>
    <time>2025-10-03T22:44:58Z</time>
   </trkpt>
   <trkpt lat="33.7757590" lon="-84.4070540">
    <ele>305.8</ele>
    <time>2025-10-03T22:44:59Z</time>
   </trkpt>
   <trkpt lat="33.7757600" lon="-84.4070560">
    <ele>305.8</ele>
    <time>2025-10-03T22:45:00Z</time>
   </trkpt>
   <trkpt lat="33.7757620" lon="-84.4070580">
    <ele>305.6</ele>
    <time>2025-10-03T22:45:01Z</time>
   </trkpt>
   <trkpt lat="33.7757630" lon="-84.4070600">
    <ele>305.6</ele>
    <time>2025-10-03T22:45:02Z</time>
   </trkpt>
   <trkpt lat="33.7757640" lon="-84.4070620">
    <ele>305.6</ele>
    <time>2025-10-03T22:45:03Z</time>
   </trkpt>
   <trkpt lat="33.7757660" lon="-84.4070640">
    <ele>305.4</ele>
    <time>2025-10-03T22:45:04Z</time>
   </trkpt>
   <trkpt lat="33.7757670" lon="-84.4070660">
    <ele>305.4</ele>
    <time>2025-10-03T22:45:05Z</time>
   </trkpt>
   <trkpt lat="33.7757680" lon="-84.4070680">
    <ele>305.4</ele>
    <time>2025-10-03T22:45:06Z</time>
   </trkpt>
   <trkpt lat="33.7757700" lon="-84.4070700">
    <ele>305.4</ele>
    <time>2025-10-03T22:45:07Z</time>
   </trkpt>
   <trkpt lat="33.7757710" lon="-84.4070720">
    <ele>305.4</ele>
    <time>2025-10-03T22:45:08Z</time>
   </trkpt>
   <trkpt lat="33.7757720" lon="-84.4070740">
    <ele>305.4</ele>
    <time>2025-10-03T22:45:09Z</time>
   </trkpt>
   <trkpt lat="33.7757740" lon="-84.4070770">
    <ele>305.2</ele>
    <time>2025-10-03T22:45:10Z</time>
   </trkpt>
   <trkpt lat="33.7757750" lon="-84.4070790">
    <ele>305.2</ele>
    <time>2025-10-03T22:45:11Z</time>
   </trkpt>
   <trkpt lat="33.7757770" lon="-84.4070810">
    <ele>305.2</ele>
    <time>2025-10-03T22:45:12Z</time>
   </trkpt>
   <trkpt lat="33.7757780" lon="-84.4070830">
    <ele>305.2</ele>
    <time>2025-10-03T22:45:13Z</time>
   </trkpt>
   <trkpt lat="33.7757790" lon="-84.4070850">
    <ele>305.2</ele>
    <time>2025-10-03T22:45:14Z</time>
   </trkpt>
   <trkpt lat="33.7757810" lon="-84.4070870">
    <ele>305.2</ele>
    <time>2025-10-03T22:45:15Z</time>
   </trkpt>
   <trkpt lat="33.7757820" lon="-84.4070890">
    <ele>305.2</ele>
    <time>2025-10-03T22:45:16Z</time>
   </trkpt>
   <trkpt lat="33.7757830" lon="-84.4070910">
    <ele>305.4</ele>
    <time>2025-10-03T22:45:17Z</time>
   </trkpt>
   <trkpt lat="33.7757850" lon="-84.4070930">
    <ele>305.4</ele>
    <time>2025-10-03T22:45:18Z</time>
   </trkpt>
   <trkpt lat="33.7757860" lon="-84.4070950">
    <ele>305.4</ele>
    <time>2025-10-03T22:45:19Z</time>
   </trkpt>
   <trkpt lat="33.7757880" lon="-84.4070970">
    <ele>305.4</ele>
    <time>2025-10-03T22:45:20Z</time>
   </trkpt>
   <trkpt lat="33.7757890" lon="-84.4070990">
    <ele>305.4</ele>
    <time>2025-10-03T22:45:21Z</time>
   </trkpt>
   <trkpt lat="33.7757900" lon="-84.4071020">
    <ele>305.4</ele>
    <time>2025-10-03T22:45:22Z</time>
   </trkpt>
   <trkpt lat="33.7757920" lon="-84.4071040">
    <ele>305.4</ele>
    <time>2025-10-03T22:45:23Z</time>
   </trkpt>
   <trkpt lat="33.7757930" lon="-84.4071060">
    <ele>305.6</ele>
    <time>2025-10-03T22:45:24Z</time>
   </trkpt>
   <trkpt lat="33.7757940" lon="-84.4071080">
    <ele>305.6</ele>
    <time>2025-10-03T22:45:25Z</time>
   </trkpt>
   <trkpt lat="33.7757960" lon="-84.4071100">
    <ele>305.4</ele>
    <time>2025-10-03T22:45:26Z</time>
   </trkpt>
   <trkpt lat="33.7757970" lon="-84.4071120">
    <ele>305.4</ele>
    <time>2025-10-03T22:45:27Z</time>
   </trkpt>
   <trkpt lat="33.7757980" lon="-84.4071140">
    <ele>305.4</ele>
    <time>2025-10-03T22:45:28Z</time>
   </trkpt>
   <trkpt lat="33.7758000" lon="-84.4071160">
    <ele>305.4</ele>
    <time>2025-10-03T22:45:29Z</time>
   </trkpt>
   <trkpt lat="33.7758010" lon="-84.4071180">
    <ele>305.6</ele>
    <time>2025-10-03T22:45:30Z</time>
   </trkpt>
   <trkpt lat="33.7758030" lon="-84.4071200">
    <ele>305.6</ele>
    <time>2025-10-03T22:45:31Z</time>
   </trkpt>
   <trkpt lat="33.7758040" lon="-84.4071220">
    <ele>305.6</ele>
    <time>2025-10-03T22:45:32Z</time>
   </trkpt>
   <trkpt lat="33.7758050" lon="-84.4071240">
    <ele>305.8</ele>
    <time>2025-10-03T22:45:33Z</time>
   </trkpt>
   <trkpt lat="33.7758070" lon="-84.4071270">
    <ele>305.8</ele>
    <time>2025-10-03T22:45:34Z</time>
   </trkpt>
   <trkpt lat="33.7758080" lon="-84.4071290">
    <ele>306.0</ele>
    <time>2025-10-03T22:45:35Z</time>
   </trkpt>
   <trkpt lat="33.7758090" lon="-84.4071310">
    <ele>306.0</ele>
    <time>2025-10-03T22:45:36Z</time>
   </trkpt>
   <trkpt lat="33.7758110" lon="-84.4071330">
    <ele>306.2</ele>
    <time>2025-10-03T22:45:37Z</time>
   </trkpt>
   <trkpt lat="33.7758120" lon="-84.4071350">
    <ele>306.2</ele>
    <time>2025-10-03T22:45:38Z</time>
   </trkpt>
   <trkpt lat="33.7758140" lon="-84.4071370">
    <ele>306.4</ele>
    <time>2025-10-03T22:45:39Z</time>
   </trkpt>
   <trkpt lat="33.7758290" lon="-84.4071520">
    <ele>306.4</ele>
    <time>2025-10-03T22:45:40Z</time>
   </trkpt>
   <trkpt lat="33.7758340" lon="-84.4071580">
    <ele>306.6</ele>
    <time>2025-10-03T22:45:41Z</time>
   </trkpt>
   <trkpt lat="33.7758500" lon="-84.4071790">
    <ele>306.6</ele>
    <time>2025-10-03T22:45:42Z</time>
   </trkpt>
   <trkpt lat="33.7758560" lon="-84.4071880">
    <ele>306.6</ele>
    <time>2025-10-03T22:45:43Z</time>
   </trkpt>
   <trkpt lat="33.7758620" lon="-84.4071970">
    <ele>306.8</ele>
    <time>2025-10-03T22:45:44Z</time>
   </trkpt>
   <trkpt lat="33.7758700" lon="-84.4072090">
    <ele>306.8</ele>
    <time>2025-10-03T22:45:45Z</time>
   </trkpt>
   <trkpt lat="33.7758770" lon="-84.4072200">
    <ele>307.0</ele>
    <time>2025-10-03T22:45:46Z</time>
   </trkpt>
   <trkpt lat="33.7758850" lon="-84.4072310">
    <ele>307.0</ele>
    <time>2025-10-03T22:45:47Z</time>
   </trkpt>
   <trkpt lat="33.7758940" lon="-84.4072420">
    <ele>307.0</ele>
    <time>2025-10-03T22:45:48Z</time>
   </trkpt>
   <trkpt lat="33.7759030" lon="-84.4072530">
    <ele>307.2</ele>
    <time>2025-10-03T22:45:49Z</time>
   </trkpt>
   <trkpt lat="33.7759140" lon="-84.4072640">
    <ele>307.4</ele>
    <time>2025-10-03T22:45:50Z</time>
   </trkpt>
   <trkpt lat="33.7759260" lon="-84.4072730">
    <ele>307.4</ele>
    <time>2025-10-03T22:45:51Z</time>
   </trkpt>
   <trkpt lat="33.7759480" lon="-84.4072850">
    <ele>307.6</ele>
    <time>2025-10-03T22:45:52Z</time>
   </trkpt>
   <trkpt lat="33.7759560" lon="-84.4072890">
    <ele>307.6</ele>
    <time>2025-10-03T22:45:53Z</time>
   </trkpt>
   <trkpt lat="33.7759650" lon="-84.4072940">
    <ele>307.6</ele>
    <time>2025-10-03T22:45:54Z</time>
   </trkpt>
   <trkpt lat="33.7759860" lon="-84.4073040">
    <ele>307.6</ele>
    <time>2025-10-03T22:45:55Z</time>
   </trkpt>
   <trkpt lat="33.7759920" lon="-84.4073070">
    <ele>307.6</ele>
    <time>2025-10-03T22:45:56Z</time>
   </trkpt>
   <trkpt lat="33.7760110" lon="-84.4073160">
    <ele>307.8</ele>
    <time>2025-10-03T22:45:57Z</time>
   </trkpt>
   <trkpt lat="33.7760170" lon="-84.4073180">
    <ele>307.8</ele>
    <time>2025-10-03T22:45:58Z</time>
   </trkpt>
   <trkpt lat="33.7760230" lon="-84.4073210">
    <ele>308.0</ele>
    <time>2025-10-03T22:45:59Z</time>
   </trkpt>
   <trkpt lat="33.7760300" lon="-84.4073240">
    <ele>308.0</ele>
    <time>2025-10-03T22:46:00Z</time>
   </trkpt>
   <trkpt lat="33.7760350" lon="-84.4073280">
    <ele>308.0</ele>
    <time>2025-10-03T22:46:01Z</time>
   </trkpt>
   <trkpt lat="33.7760400" lon="-84.4073320">
    <ele>308.2</ele>
    <time>2025-10-03T22:46:02Z</time>
   </trkpt>
   <trkpt lat="33.7760440" lon="-84.4073370">
    <ele>308.2</ele>
    <time>2025-10-03T22:46:03Z</time>
   </trkpt>
   <trkpt lat="33.7760480" lon="-84.4073410">
    <ele>308.2</ele>
    <time>2025-10-03T22:46:04Z</time>
   </trkpt>
   <trkpt lat="33.7760520" lon="-84.4073460">
    <ele>308.2</ele>
    <time>2025-10-03T22:46:05Z</time>
   </trkpt>
   <trkpt lat="33.7760570" lon="-84.4073520">
    <ele>308.2</ele>
    <time>2025-10-03T22:46:06Z</time>
   </trkpt>
   <trkpt lat="33.7760630" lon="-84.4073590">
    <ele>308.2</ele>
    <time>2025-10-03T22:46:07Z</time>
   </trkpt>
   <trkpt lat="33.7760720" lon="-84.4073690">
    <ele>308.4</ele>
    <time>2025-10-03T22:46:08Z</time>
   </trkpt>
   <trkpt lat="33.7760820" lon="-84.4073790">
    <ele>308.4</ele>
    <time>2025-10-03T22:46:09Z</time>
   </trkpt>
   <trkpt lat="33.7760920" lon="-84.4073910">
    <ele>308.4</ele>
    <time>2025-10-03T22:46:10Z</time>
   </trkpt>
   <trkpt lat="33.7761030" lon="-84.4074020">
    <ele>308.4</ele>
    <time>2025-10-03T22:46:11Z</time>
   </trkpt>
   <trkpt lat="33.7761120" lon="-84.4074130">
    <ele>308.4</ele>
    <time>2025-10-03T22:46:12Z</time>
   </trkpt>
   <trkpt lat="33.7761220" lon="-84.4074230">
    <ele>308.4</ele>
    <time>2025-10-03T22:46:13Z</time>
   </trkpt>
   <trkpt lat="33.7761320" lon="-84.4074330">
    <ele>308.2</ele>
    <time>2025-10-03T22:46:14Z</time>
   </trkpt>
   <trkpt lat="33.7761420" lon="-84.4074410">
    <ele>308.2</ele>
    <time>2025-10-03T22:46:15Z</time>
   </trkpt>
   <trkpt lat="33.7761520" lon="-84.4074490">
    <ele>308.2</ele>
    <time>2025-10-03T22:46:16Z</time>
   </trkpt>
   <trkpt lat="33.7761630" lon="-84.4074560">
    <ele>308.0</ele>
    <time>2025-10-03T22:46:17Z</time>
   </trkpt>
   <trkpt lat="33.7761740" lon="-84.4074630">
    <ele>308.0</ele>
    <time>2025-10-03T22:46:18Z</time>
   </trkpt>
   <trkpt lat="33.7761840" lon="-84.4074700">
    <ele>307.8</ele>
    <time>2025-10-03T22:46:19Z</time>
   </trkpt>
   <trkpt lat="33.7761950" lon="-84.4074780">
    <ele>307.8</ele>
    <time>2025-10-03T22:46:20Z</time>
   </trkpt>
   <trkpt lat="33.7762070" lon="-84.4074880">
    <ele>307.6</ele>
    <time>2025-10-03T22:46:21Z</time>
   </trkpt>
   <trkpt lat="33.7762200" lon="-84.4074980">
    <ele>307.6</ele>
    <time>2025-10-03T22:46:22Z</time>
   </trkpt>
   <trkpt lat="33.7762410" lon="-84.4075150">
    <ele>307.4</ele>
    <time>2025-10-03T22:46:23Z</time>
   </trkpt>
   <trkpt lat="33.7762490" lon="-84.4075230">
    <ele>307.4</ele>
    <time>2025-10-03T22:46:24Z</time>
   </trkpt>
   <trkpt lat="33.7762580" lon="-84.4075300">
    <ele>307.2</ele>
    <time>2025-10-03T22:46:25Z</time>
   </trkpt>
   <trkpt lat="33.7762760" lon="-84.4075450">
    <ele>307.0</ele>
    <time>2025-10-03T22:46:26Z</time>
   </trkpt>
   <trkpt lat="33.7762820" lon="-84.4075510">
    <ele>307.0</ele>
    <time>2025-10-03T22:46:27Z</time>
   </trkpt>
   <trkpt lat="33.7763020" lon="-84.4075710">
    <ele>306.8</ele>
    <time>2025-10-03T22:46:28Z</time>
   </trkpt>
   <trkpt lat="33.7763090" lon="-84.4075790">
    <ele>306.8</ele>
    <time>2025-10-03T22:46:29Z</time>
   </trkpt>
   <trkpt lat="33.7763170" lon="-84.4075870">
    <ele>306.6</ele>
    <time>2025-10-03T22:46:30Z</time>
   </trkpt>
   <trkpt lat="33.7763270" lon="-84.4075970">
    <ele>306.4</ele>
    <time>2025-10-03T22:46:31Z</time>
   </trkpt>
   <trkpt lat="33.7763360" lon="-84.4076070">
    <ele>306.4</ele>
    <time>2025-10-03T22:46:32Z</time>
   </trkpt>
   <trkpt lat="33.7763450" lon="-84.4076150">
    <ele>306.2</ele>
    <time>2025-10-03T22:46:33Z</time>
   </trkpt>
   <trkpt lat="33.7763540" lon="-84.4076240">
    <ele>306.2</ele>
    <time>2025-10-03T22:46:34Z</time>
   </trkpt>
   <trkpt lat="33.7763640" lon="-84.4076330">
    <ele>306.0</ele>
    <time>2025-10-03T22:46:35Z</time>
   </trkpt>
   <trkpt lat="33.7763810" lon="-84.4076480">
    <ele>306.0</ele>
    <time>2025-10-03T22:46:36Z</time>
   </trkpt>
   <trkpt lat="33.7763870" lon="-84.4076530">
    <ele>306.0</ele>
    <time>2025-10-03T22:46:37Z</time>
   </trkpt>
   <trkpt lat="33.7763980" lon="-84.4076640">
    <ele>306.0</ele>
    <time>2025-10-03T22:46:38Z</time>
   </trkpt>
   <trkpt lat="33.7764090" lon="-84.4076740">
    <ele>306.0</ele>
    <time>2025-10-03T22:46:39Z</time>
   </trkpt>
   <trkpt lat="33.7764200" lon="-84.4076840">
    <ele>306.0</ele>
    <time>2025-10-03T22:46:40Z</time>
   </trkpt>
   <trkpt lat="33.7764340" lon="-84.4076980">
    <ele>306.0</ele>
    <time>2025-10-03T22:46:41Z</time>
   </trkpt>
   <trkpt lat="33.7764380" lon="-84.4077030">
    <ele>306.2</ele>
    <time>2025-10-03T22:46:42Z</time>
   </trkpt>
   <trkpt lat="33.7764460" lon="-84.4077130">
    <ele>306.2</ele>
    <time>2025-10-03T22:46:43Z</time>
   </trkpt>
   <trkpt lat="33.7764520" lon="-84.4077220">
    <ele>306.4</ele>
    <time>2025-10-03T22:46:44Z</time>
   </trkpt>
   <trkpt lat="33.7764580" lon="-84.4077310">
    <ele>306.4</ele>
    <time>2025-10-03T22:46:45Z</time>
   </trkpt>
   <trkpt lat="33.7764640" lon="-84.4077400">
    <ele>306.4</ele>
    <time>2025-10-03T22:46:46Z</time>
   </trkpt>
   <trkpt lat="33.7764710" lon="-84.4077490">
    <ele>306.6</ele>
    <time>2025-10-03T22:46:47Z</time>
   </trkpt>
   <trkpt lat="33.7764790" lon="-84.4077560">
    <ele>306.6</ele>
    <time>2025-10-03T22:46:48Z</time>
   </trkpt>
   <trkpt lat="33.7764880" lon="-84.4077630">
    <ele>306.6</ele>
    <time>2025-10-03T22:46:49Z</time>
   </trkpt>
   <trkpt lat="33.7764960" lon="-84.4077690">
    <ele>306.6</ele>
    <time>2025-10-03T22:46:50Z</time>
   </trkpt>
   <trkpt lat="33.7765160" lon="-84.4077830">
    <ele>306.8</ele>
    <time>2025-10-03T22:46:51Z</time>
   </trkpt>
   <trkpt lat="33.7765260" lon="-84.4077910">
    <ele>306.8</ele>
    <time>2025-10-03T22:46:52Z</time>
   </trkpt>
   <trkpt lat="33.7765360" lon="-84.4077980">
    <ele>306.8</ele>
    <time>2025-10-03T22:46:53Z</time>
   </trkpt>
   <trkpt lat="33.7765460" lon="-84.4078060">
    <ele>307.0</ele>
    <time>2025-10-03T22:46:54Z</time>
   </trkpt>
   <trkpt lat="33.7765560" lon="-84.4078130">
    <ele>307.0</ele>
    <time>2025-10-03T22:46:55Z</time>
   </trkpt>
   <trkpt lat="33.7765720" lon="-84.4078270">
    <ele>307.0</ele>
    <time>2025-10-03T22:46:56Z</time>
   </trkpt>
   <trkpt lat="33.7765790" lon="-84.4078330">
    <ele>306.8</ele>
    <time>2025-10-03T22:46:57Z</time>
   </trkpt>
   <trkpt lat="33.7765850" lon="-84.4078390">
    <ele>306.8</ele>
    <time>2025-10-03T22:46:58Z</time>
   </trkpt>
   <trkpt lat="33.7765950" lon="-84.4078520">
    <ele>306.8</ele>
    <time>2025-10-03T22:46:59Z</time>
   </trkpt>
   <trkpt lat="33.7766060" lon="-84.4078650">
    <ele>306.8</ele>
    <time>2025-10-03T22:47:00Z</time>
   </trkpt>
   <trkpt lat="33.7766200" lon="-84.4078830">
    <ele>306.6</ele>
    <time>2025-10-03T22:47:01Z</time>
   </trkpt>
   <trkpt lat="33.7766260" lon="-84.4078890">
    <ele>306.6</ele>
    <time>2025-10-03T22:47:02Z</time>
   </trkpt>
   <trkpt lat="33.7766320" lon="-84.4078960">
    <ele>306.6</ele>
    <time>2025-10-03T22:47:03Z</time>
   </trkpt>
   <trkpt lat="33.7766430" lon="-84.4079060">
    <ele>306.4</ele>
    <time>2025-10-03T22:47:04Z</time>
   </trkpt>
   <trkpt lat="33.7766550" lon="-84.4079170">
    <ele>306.4</ele>
    <time>2025-10-03T22:47:05Z</time>
   </trkpt>
   <trkpt lat="33.7766720" lon="-84.4079330">
    <ele>306.4</ele>
    <time>2025-10-03T22:47:06Z</time>
   </trkpt>
   <trkpt lat="33.7766800" lon="-84.4079400">
    <ele>306.4</ele>
    <time>2025-10-03T22:47:07Z</time>
   </trkpt>
   <trkpt lat="33.7766870" lon="-84.4079460">
    <ele>306.4</ele>
    <time>2025-10-03T22:47:08Z</time>
   </trkpt>
   <trkpt lat="33.7767000" lon="-84.4079550">
    <ele>306.4</ele>
    <time>2025-10-03T22:47:09Z</time>
   </trkpt>
   <trkpt lat="33.7767120" lon="-84.4079650">
    <ele>306.4</ele>
    <time>2025-10-03T22:47:10Z</time>
   </trkpt>
   <trkpt lat="33.7767340" lon="-84.4079820">
    <ele>306.4</ele>
    <time>2025-10-03T22:47:11Z</time>
   </trkpt>
   <trkpt lat="33.7767420" lon="-84.4079890">
    <ele>306.4</ele>
    <time>2025-10-03T22:47:12Z</time>
   </trkpt>
   <trkpt lat="33.7767510" lon="-84.4079960">
    <ele>306.4</ele>
    <time>2025-10-03T22:47:13Z</time>
   </trkpt>
   <trkpt lat="33.7767640" lon="-84.4080040">
    <ele>306.4</ele>
    <time>2025-10-03T22:47:14Z</time>
   </trkpt>
   <trkpt lat="33.7767770" lon="-84.4080120">
    <ele>306.6</ele>
    <time>2025-10-03T22:47:15Z</time>
   </trkpt>
   <trkpt lat="33.7767910" lon="-84.4080200">
    <ele>306.6</ele>
    <time>2025-10-03T22:47:16Z</time>
   </trkpt>
   <trkpt lat="33.7768120" lon="-84.4080310">
    <ele>306.6</ele>
    <time>2025-10-03T22:47:17Z</time>
   </trkpt>
   <trkpt lat="33.7768180" lon="-84.4080350">
    <ele>306.6</ele>
    <time>2025-10-03T22:47:18Z</time>
   </trkpt>
   <trkpt lat="33.7768310" lon="-84.4080430">
    <ele>306.8</ele>
    <time>2025-10-03T22:47:19Z</time>
   </trkpt>
   <trkpt lat="33.7768440" lon="-84.4080520">
    <ele>306.8</ele>
    <time>2025-10-03T22:47:20Z</time>
   </trkpt>
   <trkpt lat="33.7768560" lon="-84.4080610">
    <ele>306.8</ele>
    <time>2025-10-03T22:47:21Z</time>
   </trkpt>
   <trkpt lat="33.7768760" lon="-84.4080740">
    <ele>306.8</ele>
    <time>2025-10-03T22:47:22Z</time>
   </trkpt>
   <trkpt lat="33.7768820" lon="-84.4080790">
    <ele>307.0</ele>
    <time>2025-10-03T22:47:23Z</time>
   </trkpt>
   <trkpt lat="33.7768960" lon="-84.4080890">
    <ele>307.0</ele>
    <time>2025-10-03T22:47:24Z</time>
   </trkpt>
   <trkpt lat="33.7769080" lon="-84.4080980">
    <ele>307.0</ele>
    <time>2025-10-03T22:47:25Z</time>
   </trkpt>
   <trkpt lat="33.7769200" lon="-84.4081090">
    <ele>307.2</ele>
    <time>2025-10-03T22:47:26Z</time>
   </trkpt>
   <trkpt lat="33.7769330" lon="-84.4081190">
    <ele>307.2</ele>
    <time>2025-10-03T22:47:27Z</time>
   </trkpt>
   <trkpt lat="33.7769440" lon="-84.4081320">
    <ele>307.2</ele>
    <time>2025-10-03T22:47:28Z</time>
   </trkpt>
   <trkpt lat="33.7769620" lon="-84.4081550">
    <ele>307.2</ele>
    <time>2025-10-03T22:47:29Z</time>
   </trkpt>
   <trkpt lat="33.7769680" lon="-84.4081650">
    <ele>307.2</ele>
    <time>2025-10-03T22:47:30Z</time>
   </trkpt>
   <trkpt lat="33.7769750" lon="-84.4081750">
    <ele>307.2</ele>
    <time>2025-10-03T22:47:31Z</time>
   </trkpt>
   <trkpt lat="33.7769840" lon="-84.4081890">
    <ele>307.2</ele>
    <time>2025-10-03T22:47:32Z</time>
   </trkpt>
   <trkpt lat="33.7769930" lon="-84.4082030">
    <ele>307.2</ele>
    <time>2025-10-03T22:47:33Z</time>
   </trkpt>
   <trkpt lat="33.7770080" lon="-84.4082200">
    <ele>307.2</ele>
    <time>2025-10-03T22:47:34Z</time>
   </trkpt>
   <trkpt lat="33.7770130" lon="-84.4082260">
    <ele>307.2</ele>
    <time>2025-10-03T22:47:35Z</time>
   </trkpt>
   <trkpt lat="33.7770190" lon="-84.4082320">
    <ele>307.2</ele>
    <time>2025-10-03T22:47:36Z</time>
   </trkpt>
   <trkpt lat="33.7770330" lon="-84.4082490">
    <ele>307.2</ele>
    <time>2025-10-03T22:47:37Z</time>
   </trkpt>
   <trkpt lat="33.7770410" lon="-84.4082570">
    <ele>307.2</ele>
    <time>2025-10-03T22:47:38Z</time>
   </trkpt>
   <trkpt lat="33.7770480" lon="-84.4082650">
    <ele>307.2</ele>
    <time>2025-10-03T22:47:39Z</time>
   </trkpt>
   <trkpt lat="33.7770560" lon="-84.4082730">
    <ele>307.2</ele>
    <time>2025-10-03T22:47:40Z</time>
   </trkpt>
   <trkpt lat="33.7770630" lon="-84.4082810">
    <ele>307.2</ele>
    <time>2025-10-03T22:47:41Z</time>
   </trkpt>
   <trkpt lat="33.7770730" lon="-84.4082920">
    <ele>307.0</ele>
    <time>2025-10-03T22:47:42Z</time>
   </trkpt>
   <trkpt lat="33.7770830" lon="-84.4083020">
    <ele>307.0</ele>
    <time>2025-10-03T22:47:43Z</time>
   </trkpt>
   <trkpt lat="33.7770940" lon="-84.4083110">
    <ele>307.0</ele>
    <time>2025-10-03T22:47:44Z</time>
   </trkpt>
   <trkpt lat="33.7771120" lon="-84.4083240">
    <ele>307.0</ele>
    <time>2025-10-03T22:47:45Z</time>
   </trkpt>
   <trkpt lat="33.7771170" lon="-84.4083280">
    <ele>307.0</ele>
    <time>2025-10-03T22:47:46Z</time>
   </trkpt>
   <trkpt lat="33.7771300" lon="-84.4083350">
    <ele>307.0</ele>
    <time>2025-10-03T22:47:47Z</time>
   </trkpt>
   <trkpt lat="33.7771420" lon="-84.4083420">
    <ele>307.2</ele>
    <time>2025-10-03T22:47:48Z</time>
   </trkpt>
   <trkpt lat="33.7771540" lon="-84.4083480">
    <ele>307.2</ele>
    <time>2025-10-03T22:47:49Z</time>
   </trkpt>
   <trkpt lat="33.7771660" lon="-84.4083540">
    <ele>307.2</ele>
    <time>2025-10-03T22:47:50Z</time>
   </trkpt>
   <trkpt lat="33.7771780" lon="-84.4083600">
    <ele>307.2</ele>
    <time>2025-10-03T22:47:51Z</time>
   </trkpt>
   <trkpt lat="33.7771970" lon="-84.4083750">
    <ele>307.2</ele>
    <time>2025-10-03T22:47:52Z</time>
   </trkpt>
   <trkpt lat="33.7772050" lon="-84.4083810">
    <ele>307.2</ele>
    <time>2025-10-03T22:47:53Z</time>
   </trkpt>
   <trkpt lat="33.7772120" lon="-84.4083880">
    <ele>307.2</ele>
    <time>2025-10-03T22:47:54Z</time>
   </trkpt>
   <trkpt lat="33.7772210" lon="-84.4083960">
    <ele>307.2</ele>
    <time>2025-10-03T22:47:55Z</time>
   </trkpt>
   <trkpt lat="33.7772270" lon="-84.4084020">
    <ele>307.2</ele>
    <time>2025-10-03T22:47:56Z</time>
   </trkpt>
   <trkpt lat="33.7772360" lon="-84.4084100">
    <ele>307.2</ele>
    <time>2025-10-03T22:47:57Z</time>
   </trkpt>
   <trkpt lat="33.7772420" lon="-84.4084140">
    <ele>307.2</ele>
    <time>2025-10-03T22:47:58Z</time>
   </trkpt>
   <trkpt lat="33.7772480" lon="-84.4084180">
    <ele>307.2</ele>
    <time>2025-10-03T22:47:59Z</time>
   </trkpt>
   <trkpt lat="33.7772550" lon="-84.4084210">
    <ele>307.2</ele>
    <time>2025-10-03T22:48:00Z</time>
   </trkpt>
   <trkpt lat="33.7772610" lon="-84.4084250">
    <ele>307.2</ele>
    <time>2025-10-03T22:48:01Z</time>
   </trkpt>
   <trkpt lat="33.7772670" lon="-84.4084290">
    <ele>307.2</ele>
    <time>2025-10-03T22:48:02Z</time>
   </trkpt>
   <trkpt lat="33.7772730" lon="-84.4084330">
    <ele>307.0</ele>
    <time>2025-10-03T22:48:03Z</time>
   </trkpt>
   <trkpt lat="33.7772790" lon="-84.4084370">
    <ele>307.2</ele>
    <time>2025-10-03T22:48:04Z</time>
   </trkpt>
   <trkpt lat="33.7772850" lon="-84.4084410">
    <ele>307.2</ele>
    <time>2025-10-03T22:48:05Z</time>
   </trkpt>
   <trkpt lat="33.7772920" lon="-84.4084440">
    <ele>307.2</ele>
    <time>2025-10-03T22:48:06Z</time>
   </trkpt>
   <trkpt lat="33.7772980" lon="-84.4084480">
    <ele>307.2</ele>
    <time>2025-10-03T22:48:07Z</time>
   </trkpt>
   <trkpt lat="33.7773040" lon="-84.4084520">
    <ele>307.4</ele>
    <time>2025-10-03T22:48:08Z</time>
   </trkpt>
   <trkpt lat="33.7773100" lon="-84.4084560">
    <ele>307.4</ele>
    <time>2025-10-03T22:48:09Z</time>
   </trkpt>
   <trkpt lat="33.7773250" lon="-84.4084730">
    <ele>307.6</ele>
    <time>2025-10-03T22:48:10Z</time>
   </trkpt>
   <trkpt lat="33.7773310" lon="-84.4084790">
    <ele>307.8</ele>
    <time>2025-10-03T22:48:11Z</time>
   </trkpt>
   <trkpt lat="33.7773370" lon="-84.4084860">
    <ele>307.8</ele>
    <time>2025-10-03T22:48:12Z</time>
   </trkpt>
   <trkpt lat="33.7773470" lon="-84.4084950">
    <ele>308.0</ele>
    <time>2025-10-03T22:48:13Z</time>
   </trkpt>
   <trkpt lat="33.7773570" lon="-84.4085040">
    <ele>308.2</ele>
    <time>2025-10-03T22:48:14Z</time>
   </trkpt>
   <trkpt lat="33.7773680" lon="-84.4085140">
    <ele>308.2</ele>
    <time>2025-10-03T22:48:15Z</time>
   </trkpt>
   <trkpt lat="33.7773790" lon="-84.4085240">
    <ele>308.4</ele>
    <time>2025-10-03T22:48:16Z</time>
   </trkpt>
   <trkpt lat="33.7773890" lon="-84.4085350">
    <ele>308.4</ele>
    <time>2025-10-03T22:48:17Z</time>
   </trkpt>
   <trkpt lat="33.7774050" lon="-84.4085500">
    <ele>308.6</ele>
    <time>2025-10-03T22:48:18Z</time>
   </trkpt>
   <trkpt lat="33.7774100" lon="-84.4085550">
    <ele>308.6</ele>
    <time>2025-10-03T22:48:19Z</time>
   </trkpt>
   <trkpt lat="33.7774210" lon="-84.4085650">
    <ele>308.8</ele>
    <time>2025-10-03T22:48:20Z</time>
   </trkpt>
   <trkpt lat="33.7774320" lon="-84.4085750">
    <ele>308.8</ele>
    <time>2025-10-03T22:48:21Z</time>
   </trkpt>
   <trkpt lat="33.7774440" lon="-84.4085850">
    <ele>309.0</ele>
    <time>2025-10-03T22:48:22Z</time>
   </trkpt>
   <trkpt lat="33.7774620" lon="-84.4086010">
    <ele>309.0</ele>
    <time>2025-10-03T22:48:23Z</time>
   </trkpt>
   <trkpt lat="33.7774680" lon="-84.4086060">
    <ele>309.2</ele>
    <time>2025-10-03T22:48:24Z</time>
   </trkpt>
   <trkpt lat="33.7774800" lon="-84.4086150">
    <ele>309.2</ele>
    <time>2025-10-03T22:48:25Z</time>
   </trkpt>
   <trkpt lat="33.7774910" lon="-84.4086240">
    <ele>309.2</ele>
    <time>2025-10-03T22:48:26Z</time>
   </trkpt>
   <trkpt lat="33.7775020" lon="-84.4086320">
    <ele>309.4</ele>
    <time>2025-10-03T22:48:27Z</time>
   </trkpt>
   <trkpt lat="33.7775120" lon="-84.4086400">
    <ele>309.6</ele>
    <time>2025-10-03T22:48:28Z</time>
   </trkpt>
   <trkpt lat="33.7775220" lon="-84.4086500">
    <ele>309.6</ele>
    <time>2025-10-03T22:48:29Z</time>
   </trkpt>
   <trkpt lat="33.7775320" lon="-84.4086600">
    <ele>309.8</ele>
    <time>2025-10-03T22:48:30Z</time>
   </trkpt>
   <trkpt lat="33.7775420" lon="-84.4086700">
    <ele>310.0</ele>
    <time>2025-10-03T22:48:31Z</time>
   </trkpt>
   <trkpt lat="33.7775520" lon="-84.4086800">
    <ele>310.0</ele>
    <time>2025-10-03T22:48:32Z</time>
   </trkpt>
   <trkpt lat="33.7775700" lon="-84.4086950">
    <ele>310.2</ele>
    <time>2025-10-03T22:48:33Z</time>
   </trkpt>
   <trkpt lat="33.7775770" lon="-84.4087010">
    <ele>310.2</ele>
    <time>2025-10-03T22:48:34Z</time>
   </trkpt>
   <trkpt lat="33.7775840" lon="-84.4087070">
    <ele>310.4</ele>
    <time>2025-10-03T22:48:35Z</time>
   </trkpt>
   <trkpt lat="33.7775940" lon="-84.4087140">
    <ele>310.4</ele>
    <time>2025-10-03T22:48:36Z</time>
   </trkpt>
   <trkpt lat="33.7776030" lon="-84.4087200">
    <ele>310.6</ele>
    <time>2025-10-03T22:48:37Z</time>
   </trkpt>
   <trkpt lat="33.7776110" lon="-84.4087270">
    <ele>310.6</ele>
    <time>2025-10-03T22:48:38Z</time>
   </trkpt>
   <trkpt lat="33.7776200" lon="-84.4087340">
    <ele>310.8</ele>
    <time>2025-10-03T22:48:39Z</time>
   </trkpt>
   <trkpt lat="33.7776310" lon="-84.4087420">
    <ele>310.8</ele>
    <time>2025-10-03T22:48:40Z</time>
   </trkpt>
   <trkpt lat="33.7776420" lon="-84.4087520">
    <ele>310.8</ele>
    <time>2025-10-03T22:48:41Z</time>
   </trkpt>
   <trkpt lat="33.7776540" lon="-84.4087630">
    <ele>311.0</ele>
    <time>2025-10-03T22:48:42Z</time>
   </trkpt>
   <trkpt lat="33.7776740" lon="-84.4087840">
    <ele>310.8</ele>
    <time>2025-10-03T22:48:43Z</time>
   </trkpt>
   <trkpt lat="33.7776820" lon="-84.4087920">
    <ele>310.8</ele>
    <time>2025-10-03T22:48:44Z</time>
   </trkpt>
   <trkpt lat="33.7776900" lon="-84.4088010">
    <ele>310.6</ele>
    <time>2025-10-03T22:48:45Z</time>
   </trkpt>
   <trkpt lat="33.7777080" lon="-84.4088200">
    <ele>310.6</ele>
    <time>2025-10-03T22:48:46Z</time>
   </trkpt>
   <trkpt lat="33.7777130" lon="-84.4088270">
    <ele>310.4</ele>
    <time>2025-10-03T22:48:47Z</time>
   </trkpt>
   <trkpt lat="33.7777330" lon="-84.4088480">
    <ele>310.2</ele>
    <time>2025-10-03T22:48:48Z</time>
   </trkpt>
   <trkpt lat="33.7777420" lon="-84.4088560">
    <ele>309.8</ele>
    <time>2025-10-03T22:48:49Z</time>
   </trkpt>
   <trkpt lat="33.7777500" lon="-84.4088640">
    <ele>309.6</ele>
    <time>2025-10-03T22:48:50Z</time>
   </trkpt>
   <trkpt lat="33.7777690" lon="-84.4088830">
    <ele>309.4</ele>
    <time>2025-10-03T22:48:51Z</time>
   </trkpt>
   <trkpt lat="33.7777750" lon="-84.4088890">
    <ele>309.0</ele>
    <time>2025-10-03T22:48:52Z</time>
   </trkpt>
   <trkpt lat="33.7777960" lon="-84.4089130">
    <ele>308.8</ele>
    <time>2025-10-03T22:48:53Z</time>
   </trkpt>
   <trkpt lat="33.7778040" lon="-84.4089220">
    <ele>308.6</ele>
    <time>2025-10-03T22:48:54Z</time>
   </trkpt>
   <trkpt lat="33.7778120" lon="-84.4089320">
    <ele>308.2</ele>
    <time>2025-10-03T22:48:55Z</time>
   </trkpt>
   <trkpt lat="33.7778320" lon="-84.4089550">
    <ele>308.0</ele>
    <time>2025-10-03T22:48:56Z</time>
   </trkpt>
   <trkpt lat="33.7778390" lon="-84.4089640">
    <ele>307.8</ele>
    <time>2025-10-03T22:48:57Z</time>
   </trkpt>
   <trkpt lat="33.7778470" lon="-84.4089730">
    <ele>307.6</ele>
    <time>2025-10-03T22:48:58Z</time>
   </trkpt>
   <trkpt lat="33.7778580" lon="-84.4089850">
    <ele>307.4</ele>
    <time>2025-10-03T22:48:59Z</time>
   </trkpt>
   <trkpt lat="33.7778700" lon="-84.4089970">
    <ele>307.2</ele>
    <time>2025-10-03T22:49:00Z</time>
   </trkpt>
   <trkpt lat="33.7778900" lon="-84.4090150">
    <ele>307.0</ele>
    <time>2025-10-03T22:49:01Z</time>
   </trkpt>
   <trkpt lat="33.7778970" lon="-84.4090210">
    <ele>306.8</ele>
    <time>2025-10-03T22:49:02Z</time>
   </trkpt>
   <trkpt lat="33.7779050" lon="-84.4090280">
    <ele>306.6</ele>
    <time>2025-10-03T22:49:03Z</time>
   </trkpt>
   <trkpt lat="33.7779160" lon="-84.4090380">
    <ele>306.4</ele>
    <time>2025-10-03T22:49:04Z</time>
   </trkpt>
   <trkpt lat="33.7779270" lon="-84.4090470">
    <ele>306.2</ele>
    <time>2025-10-03T22:49:05Z</time>
   </trkpt>
   <trkpt lat="33.7779430" lon="-84.4090640">
    <ele>306.0</ele>
    <time>2025-10-03T22:49:06Z</time>
   </trkpt>
   <trkpt lat="33.7779510" lon="-84.4090710">
    <ele>306.0</ele>
    <time>2025-10-03T22:49:07Z</time>
   </trkpt>
   <trkpt lat="33.7779580" lon="-84.4090780">
    <ele>305.8</ele>
    <time>2025-10-03T22:49:08Z</time>
   </trkpt>
   <trkpt lat="33.7779760" lon="-84.4090940">
    <ele>305.8</ele>
    <time>2025-10-03T22:49:09Z</time>
   </trkpt>
   <trkpt lat="33.7779820" lon="-84.4090990">
    <ele>305.6</ele>
    <time>2025-10-03T22:49:10Z</time>
   </trkpt>
   <trkpt lat="33.7780020" lon="-84.4091140">
    <ele>305.4</ele>
    <time>2025-10-03T22:49:11Z</time>
   </trkpt>
   <trkpt lat="33.7780110" lon="-84.4091200">
    <ele>305.4</ele>
    <time>2025-10-03T22:49:12Z</time>
   </trkpt>
   <trkpt lat="33.7780190" lon="-84.4091260">
    <ele>305.2</ele>
    <time>2025-10-03T22:49:13Z</time>
   </trkpt>
   <trkpt lat="33.7780350" lon="-84.4091410">
    <ele>305.0</ele>
    <time>2025-10-03T22:49:14Z</time>
   </trkpt>
   <trkpt lat="33.7780400" lon="-84.4091470">
    <ele>305.0</ele>
    <time>2025-10-03T22:49:15Z</time>
   </trkpt>
   <trkpt lat="33.7780500" lon="-84.4091590">
    <ele>304.8</ele>
    <time>2025-10-03T22:49:16Z</time>
   </trkpt>
   <trkpt lat="33.7780590" lon="-84.4091710">
    <ele>304.6</ele>
    <time>2025-10-03T22:49:17Z</time>
   </trkpt>
   <trkpt lat="33.7780700" lon="-84.4091830">
    <ele>304.6</ele>
    <time>2025-10-03T22:49:18Z</time>
   </trkpt>
   <trkpt lat="33.7780810" lon="-84.4091940">
    <ele>304.4</ele>
    <time>2025-10-03T22:49:19Z</time>
   </trkpt>
   <trkpt lat="33.7780920" lon="-84.4092040">
    <ele>304.4</ele>
    <time>2025-10-03T22:49:20Z</time>
   </trkpt>
   <trkpt lat="33.7781030" lon="-84.4092140">
    <ele>304.4</ele>
    <time>2025-10-03T22:49:21Z</time>
   </trkpt>
   <trkpt lat="33.7781130" lon="-84.4092240">
    <ele>304.2</ele>
    <time>2025-10-03T22:49:22Z</time>
   </trkpt>
   <trkpt lat="33.7781230" lon="-84.4092350">
    <ele>304.2</ele>
    <time>2025-10-03T22:49:23Z</time>
   </trkpt>
   <trkpt lat="33.7781380" lon="-84.4092560">
    <ele>304.2</ele>
    <time>2025-10-03T22:49:24Z</time>
   </trkpt>
   <trkpt lat="33.7781450" lon="-84.4092650">
    <ele>304.2</ele>
    <time>2025-10-03T22:49:25Z</time>
   </trkpt>
   <trkpt lat="33.7781510" lon="-84.4092730">
    <ele>304.0</ele>
    <time>2025-10-03T22:49:26Z</time>
   </trkpt>
   <trkpt lat="33.7781640" lon="-84.4092920">
    <ele>304.0</ele>
    <time>2025-10-03T22:49:27Z</time>
   </trkpt>
   <trkpt lat="33.7781680" lon="-84.4092990">
    <ele>304.0</ele>
    <time>2025-10-03T22:49:28Z</time>
   </trkpt>
   <trkpt lat="33.7781770" lon="-84.4093110">
    <ele>304.0</ele>
    <time>2025-10-03T22:49:29Z</time>
   </trkpt>
   <trkpt lat="33.7781870" lon="-84.4093230">
    <ele>304.0</ele>
    <time>2025-10-03T22:49:30Z</time>
   </trkpt>
   <trkpt lat="33.7781960" lon="-84.4093340">
    <ele>304.0</ele>
    <time>2025-10-03T22:49:31Z</time>
   </trkpt>
   <trkpt lat="33.7782060" lon="-84.4093440">
    <ele>304.0</ele>
    <time>2025-10-03T22:49:32Z</time>
   </trkpt>
   <trkpt lat="33.7782170" lon="-84.4093550">
    <ele>304.0</ele>
    <time>2025-10-03T22:49:33Z</time>
   </trkpt>
   <trkpt lat="33.7782350" lon="-84.4093720">
    <ele>304.0</ele>
    <time>2025-10-03T22:49:34Z</time>
   </trkpt>
   <trkpt lat="33.7782430" lon="-84.4093790">
    <ele>304.0</ele>
    <time>2025-10-03T22:49:35Z</time>
   </trkpt>
   <trkpt lat="33.7782500" lon="-84.4093850">
    <ele>304.0</ele>
    <time>2025-10-03T22:49:36Z</time>
   </trkpt>
   <trkpt lat="33.7782610" lon="-84.4093920">
    <ele>304.0</ele>
    <time>2025-10-03T22:49:37Z</time>
   </trkpt>
   <trkpt lat="33.7782720" lon="-84.4093990">
    <ele>304.0</ele>
    <time>2025-10-03T22:49:38Z</time>
   </trkpt>
   <trkpt lat="33.7782920" lon="-84.4094130">
    <ele>304.0</ele>
    <time>2025-10-03T22:49:39Z</time>
   </trkpt>
   <trkpt lat="33.7783000" lon="-84.4094190">
    <ele>304.0</ele>
    <time>2025-10-03T22:49:40Z</time>
   </trkpt>
   <trkpt lat="33.7783080" lon="-84.4094250">
    <ele>304.0</ele>
    <time>2025-10-03T22:49:41Z</time>
   </trkpt>
   <trkpt lat="33.7783190" lon="-84.4094350">
    <ele>304.2</ele>
    <time>2025-10-03T22:49:42Z</time>
   </trkpt>
   <trkpt lat="33.7783300" lon="-84.4094450">
    <ele>304.2</ele>
    <time>2025-10-03T22:49:43Z</time>
   </trkpt>
   <trkpt lat="33.7783410" lon="-84.4094560">
    <ele>304.2</ele>
    <time>2025-10-03T22:49:44Z</time>
   </trkpt>
   <trkpt lat="33.7783560" lon="-84.4094710">
    <ele>304.2</ele>
    <time>2025-10-03T22:49:45Z</time>
   </trkpt>
   <trkpt lat="33.7783610" lon="-84.4094760">
    <ele>304.2</ele>
    <time>2025-10-03T22:49:46Z</time>
   </trkpt>
   <trkpt lat="33.7783710" lon="-84.4094850">
    <ele>304.4</ele>
    <time>2025-10-03T22:49:47Z</time>
   </trkpt>
   <trkpt lat="33.7783810" lon="-84.4094940">
    <ele>304.4</ele>
    <time>2025-10-03T22:49:48Z</time>
   </trkpt>
   <trkpt lat="33.7783910" lon="-84.4095020">
    <ele>304.4</ele>
    <time>2025-10-03T22:49:49Z</time>
   </trkpt>
   <trkpt lat="33.7784010" lon="-84.4095090">
    <ele>304.4</ele>
    <time>2025-10-03T22:49:50Z</time>
   </trkpt>
   <trkpt lat="33.7784110" lon="-84.4095170">
    <ele>304.4</ele>
    <time>2025-10-03T22:49:51Z</time>
   </trkpt>
   <trkpt lat="33.7784210" lon="-84.4095260">
    <ele>304.6</ele>
    <time>2025-10-03T22:49:52Z</time>
   </trkpt>
   <trkpt lat="33.7784310" lon="-84.4095350">
    <ele>304.6</ele>
    <time>2025-10-03T22:49:53Z</time>
   </trkpt>
   <trkpt lat="33.7784420" lon="-84.4095430">
    <ele>304.6</ele>
    <time>2025-10-03T22:49:54Z</time>
   </trkpt>
   <trkpt lat="33.7784590" lon="-84.4095540">
    <ele>304.6</ele>
    <time>2025-10-03T22:49:55Z</time>
   </trkpt>
   <trkpt lat="33.7784650" lon="-84.4095580">
    <ele>304.8</ele>
    <time>2025-10-03T22:49:56Z</time>
   </trkpt>
   <trkpt lat="33.7784770" lon="-84.4095640">
    <ele>305.0</ele>
    <time>2025-10-03T22:49:57Z</time>
   </trkpt>
   <trkpt lat="33.7784890" lon="-84.4095700">
    <ele>305.0</ele>
    <time>2025-10-03T22:49:58Z</time>
   </trkpt>
   <trkpt lat="33.7785010" lon="-84.4095750">
    <ele>305.2</ele>
    <time>2025-10-03T22:49:59Z</time>
   </trkpt>
   <trkpt lat="33.7785140" lon="-84.4095800">
    <ele>305.4</ele>
    <time>2025-10-03T22:50:00Z</time>
   </trkpt>
   <trkpt lat="33.7785260" lon="-84.4095850">
    <ele>305.6</ele>
    <time>2025-10-03T22:50:01Z</time>
   </trkpt>
   <trkpt lat="33.7785420" lon="-84.4095960">
    <ele>305.8</ele>
    <time>2025-10-03T22:50:02Z</time>
   </trkpt>
   <trkpt lat="33.7785470" lon="-84.4096010">
    <ele>306.0</ele>
    <time>2025-10-03T22:50:03Z</time>
   </trkpt>
   <trkpt lat="33.7785530" lon="-84.4096050">
    <ele>306.0</ele>
    <time>2025-10-03T22:50:04Z</time>
   </trkpt>
   <trkpt lat="33.7785610" lon="-84.4096110">
    <ele>306.2</ele>
    <time>2025-10-03T22:50:05Z</time>
   </trkpt>
   <trkpt lat="33.7785690" lon="-84.4096170">
    <ele>306.2</ele>
    <time>2025-10-03T22:50:06Z</time>
   </trkpt>
   <trkpt lat="33.7785780" lon="-84.4096250">
    <ele>306.2</ele>
    <time>2025-10-03T22:50:07Z</time>
   </trkpt>
   <trkpt lat="33.7785880" lon="-84.4096330">
    <ele>306.2</ele>
    <time>2025-10-03T22:50:08Z</time>
   </trkpt>
   <trkpt lat="33.7785990" lon="-84.4096430">
    <ele>306.2</ele>
    <time>2025-10-03T22:50:09Z</time>
   </trkpt>
   <trkpt lat="33.7786180" lon="-84.4096630">
    <ele>306.0</ele>
    <time>2025-10-03T22:50:10Z</time>
   </trkpt>
   <trkpt lat="33.7786260" lon="-84.4096710">
    <ele>306.0</ele>
    <time>2025-10-03T22:50:11Z</time>
   </trkpt>
   <trkpt lat="33.7786340" lon="-84.4096790">
    <ele>305.8</ele>
    <time>2025-10-03T22:50:12Z</time>
   </trkpt>
   <trkpt lat="33.7786440" lon="-84.4096930">
    <ele>305.6</ele>
    <time>2025-10-03T22:50:13Z</time>
   </trkpt>
   <trkpt lat="33.7786550" lon="-84.4097070">
    <ele>305.4</ele>
    <time>2025-10-03T22:50:14Z</time>
   </trkpt>
   <trkpt lat="33.7786700" lon="-84.4097310">
    <ele>305.4</ele>
    <time>2025-10-03T22:50:15Z</time>
   </trkpt>
   <trkpt lat="33.7786750" lon="-84.4097410">
    <ele>305.2</ele>
    <time>2025-10-03T22:50:16Z</time>
   </trkpt>
   <trkpt lat="33.7786810" lon="-84.4097500">
    <ele>305.2</ele>
    <time>2025-10-03T22:50:17Z</time>
   </trkpt>
   <trkpt lat="33.7786950" lon="-84.4097730">
    <ele>305.2</ele>
    <time>2025-10-03T22:50:18Z</time>
   </trkpt>
   <trkpt lat="33.7786990" lon="-84.4097810">
    <ele>305.2</ele>
    <time>2025-10-03T22:50:19Z</time>
   </trkpt>
   <trkpt lat="33.7787080" lon="-84.4097960">
    <ele>305.0</ele>
    <time>2025-10-03T22:50:20Z</time>
   </trkpt>
   <trkpt lat="33.7787160" lon="-84.4098110">
    <ele>305.0</ele>
    <time>2025-10-03T22:50:21Z</time>
   </trkpt>
   <trkpt lat="33.7787260" lon="-84.4098260">
    <ele>305.0</ele>
    <time>2025-10-03T22:50:22Z</time>
   </trkpt>
   <trkpt lat="33.7787400" lon="-84.4098480">
    <ele>305.0</ele>
    <time>2025-10-03T22:50:23Z</time>
   </trkpt>
   <trkpt lat="33.7787440" lon="-84.4098560">
    <ele>304.8</ele>
    <time>2025-10-03T22:50:24Z</time>
   </trkpt>
   <trkpt lat="33.7787560" lon="-84.4098810">
    <ele>305.0</ele>
    <time>2025-10-03T22:50:25Z</time>
   </trkpt>
   <trkpt lat="33.7787600" lon="-84.4098910">
    <ele>305.0</ele>
    <time>2025-10-03T22:50:26Z</time>
   </trkpt>
   <trkpt lat="33.7787650" lon="-84.4099010">
    <ele>305.0</ele>
    <time>2025-10-03T22:50:27Z</time>
   </trkpt>
   <trkpt lat="33.7787710" lon="-84.4099130">
    <ele>305.0</ele>
    <time>2025-10-03T22:50:28Z</time>
   </trkpt>
   <trkpt lat="33.7787760" lon="-84.4099260">
    <ele>304.8</ele>
    <time>2025-10-03T22:50:29Z</time>
   </trkpt>
   <trkpt lat="33.7787840" lon="-84.4099380">
    <ele>304.8</ele>
    <time>2025-10-03T22:50:30Z</time>
   </trkpt>
   <trkpt lat="33.7787920" lon="-84.4099520">
    <ele>304.8</ele>
    <time>2025-10-03T22:50:31Z</time>
   </trkpt>
   <trkpt lat="33.7788020" lon="-84.4099650">
    <ele>304.8</ele>
    <time>2025-10-03T22:50:32Z</time>
   </trkpt>
   <trkpt lat="33.7788170" lon="-84.4099840">
    <ele>304.8</ele>
    <time>2025-10-03T22:50:33Z</time>
   </trkpt>
   <trkpt lat="33.7788220" lon="-84.4099920">
    <ele>305.0</ele>
    <time>2025-10-03T22:50:34Z</time>
   </trkpt>
   <trkpt lat="33.7788280" lon="-84.4099990">
    <ele>304.8</ele>
    <time>2025-10-03T22:50:35Z</time>
   </trkpt>
   <trkpt lat="33.7788370" lon="-84.4100090">
    <ele>304.8</ele>
    <time>2025-10-03T22:50:36Z</time>
   </trkpt>
   <trkpt lat="33.7788460" lon="-84.4100190">
    <ele>304.8</ele>
    <time>2025-10-03T22:50:37Z</time>
   </trkpt>
   <trkpt lat="33.7788610" lon="-84.4100370">
    <ele>304.8</ele>
    <time>2025-10-03T22:50:38Z</time>
   </trkpt>
   <trkpt lat="33.7788670" lon="-84.4100440">
    <ele>304.8</ele>
    <time>2025-10-03T22:50:39Z</time>
   </trkpt>
   <trkpt lat="33.7788730" lon="-84.4100520">
    <ele>304.6</ele>
    <time>2025-10-03T22:50:40Z</time>
   </trkpt>
   <trkpt lat="33.7788810" lon="-84.4100640">
    <ele>304.6</ele>
    <time>2025-10-03T22:50:41Z</time>
   </trkpt>
   <trkpt lat="33.7788870" lon="-84.4100760">
    <ele>304.6</ele>
    <time>2025-10-03T22:50:42Z</time>
   </trkpt>
   <trkpt lat="33.7788920" lon="-84.4100860">
    <ele>304.6</ele>
    <time>2025-10-03T22:50:43Z</time>
   </trkpt>
   <trkpt lat="33.7788950" lon="-84.4100950">
    <ele>304.4</ele>
    <time>2025-10-03T22:50:44Z</time>
   </trkpt>
   <trkpt lat="33.7788990" lon="-84.4101030">
    <ele>304.4</ele>
    <time>2025-10-03T22:50:45Z</time>
   </trkpt>
   <trkpt lat="33.7789060" lon="-84.4101070">
    <ele>304.4</ele>
    <time>2025-10-03T22:50:46Z</time>
   </trkpt>
   <trkpt lat="33.7789110" lon="-84.4101060">
    <ele>304.2</ele>
    <time>2025-10-03T22:50:47Z</time>
   </trkpt>
   <trkpt lat="33.7789150" lon="-84.4101060">
    <ele>304.2</ele>
    <time>2025-10-03T22:50:48Z</time>
   </trkpt>
   <trkpt lat="33.7789190" lon="-84.4101060">
    <ele>304.2</ele>
    <time>2025-10-03T22:50:49Z</time>
   </trkpt>
   <trkpt lat="33.7789230" lon="-84.4101060">
    <ele>304.2</ele>
    <time>2025-10-03T22:50:50Z</time>
   </trkpt>
   <trkpt lat="33.7789280" lon="-84.4101050">
    <ele>304.2</ele>
    <time>2025-10-03T22:50:51Z</time>
   </trkpt>
   <trkpt lat="33.7789320" lon="-84.4101050">
    <ele>304.0</ele>
    <time>2025-10-03T22:50:52Z</time>
   </trkpt>
   <trkpt lat="33.7789360" lon="-84.4101050">
    <ele>304.0</ele>
    <time>2025-10-03T22:50:53Z</time>
   </trkpt>
   <trkpt lat="33.7789400" lon="-84.4101050">
    <ele>304.0</ele>
    <time>2025-10-03T22:50:54Z</time>
   </trkpt>
   <trkpt lat="33.7789450" lon="-84.4101040">
    <ele>304.0</ele>
    <time>2025-10-03T22:50:55Z</time>
   </trkpt>
   <trkpt lat="33.7789490" lon="-84.4101040">
    <ele>303.8</ele>
    <time>2025-10-03T22:50:56Z</time>
   </trkpt>
   <trkpt lat="33.7789530" lon="-84.4101040">
    <ele>303.8</ele>
    <time>2025-10-03T22:50:57Z</time>
   </trkpt>
   <trkpt lat="33.7789570" lon="-84.4101040">
    <ele>303.6</ele>
    <time>2025-10-03T22:50:58Z</time>
   </trkpt>
   <trkpt lat="33.7789620" lon="-84.4101030">
    <ele>303.6</ele>
    <time>2025-10-03T22:50:59Z</time>
   </trkpt>
   <trkpt lat="33.7789660" lon="-84.4101030">
    <ele>303.4</ele>
    <time>2025-10-03T22:51:00Z</time>
   </trkpt>
   <trkpt lat="33.7789920" lon="-84.4100990">
    <ele>303.4</ele>
    <time>2025-10-03T22:51:01Z</time>
   </trkpt>
   <trkpt lat="33.7790030" lon="-84.4100980">
    <ele>303.4</ele>
    <time>2025-10-03T22:51:02Z</time>
   </trkpt>
   <trkpt lat="33.7790130" lon="-84.4100960">
    <ele>303.2</ele>
    <time>2025-10-03T22:51:03Z</time>
   </trkpt>
   <trkpt lat="33.7790280" lon="-84.4100930">
    <ele>303.2</ele>
    <time>2025-10-03T22:51:04Z</time>
   </trkpt>
   <trkpt lat="33.7790430" lon="-84.4100880">
    <ele>303.2</ele>
    <time>2025-10-03T22:51:05Z</time>
   </trkpt>
   <trkpt lat="33.7790640" lon="-84.4100770">
    <ele>303.0</ele>
    <time>2025-10-03T22:51:06Z</time>
   </trkpt>
   <trkpt lat="33.7790720" lon="-84.4100720">
    <ele>303.0</ele>
    <time>2025-10-03T22:51:07Z</time>
   </trkpt>
   <trkpt lat="33.7790790" lon="-84.4100670">
    <ele>303.0</ele>
    <time>2025-10-03T22:51:08Z</time>
   </trkpt>
   <trkpt lat="33.7790920" lon="-84.4100580">
    <ele>303.0</ele>
    <time>2025-10-03T22:51:09Z</time>
   </trkpt>
   <trkpt lat="33.7790960" lon="-84.4100560">
    <ele>302.8</ele>
    <time>2025-10-03T22:51:10Z</time>
   </trkpt>
   <trkpt lat="33.7791040" lon="-84.4100550">
    <ele>302.8</ele>
    <time>2025-10-03T22:51:11Z</time>
   </trkpt>
   <trkpt lat="33.7791130" lon="-84.4100580">
    <ele>302.8</ele>
    <time>2025-10-03T22:51:12Z</time>
   </trkpt>
   <trkpt lat="33.7791250" lon="-84.4100620">
    <ele>302.8</ele>
    <time>2025-10-03T22:51:13Z</time>
   </trkpt>
   <trkpt lat="33.7791380" lon="-84.4100680">
    <ele>302.8</ele>
    <time>2025-10-03T22:51:14Z</time>
   </trkpt>
   <trkpt lat="33.7791500" lon="-84.4100730">
    <ele>302.8</ele>
    <time>2025-10-03T22:51:15Z</time>
   </trkpt>
   <trkpt lat="33.7791690" lon="-84.4100820">
    <ele>302.8</ele>
    <time>2025-10-03T22:51:16Z</time>
   </trkpt>
   <trkpt lat="33.7791760" lon="-84.4100850">
    <ele>302.6</ele>
    <time>2025-10-03T22:51:17Z</time>
   </trkpt>
   <trkpt lat="33.7791830" lon="-84.4100890">
    <ele>302.6</ele>
    <time>2025-10-03T22:51:18Z</time>
   </trkpt>
   <trkpt lat="33.7791900" lon="-84.4100930">
    <ele>302.6</ele>
    <time>2025-10-03T22:51:19Z</time>
   </trkpt>
   <trkpt lat="33.7791950" lon="-84.4100970">
    <ele>302.6</ele>
    <time>2025-10-03T22:51:20Z</time>
   </trkpt>
   <trkpt lat="33.7792000" lon="-84.4101000">
    <ele>302.4</ele>
    <time>2025-10-03T22:51:21Z</time>
   </trkpt>
   <trkpt lat="33.7792060" lon="-84.4101040">
    <ele>302.4</ele>
    <time>2025-10-03T22:51:22Z</time>
   </trkpt>
   <trkpt lat="33.7792150" lon="-84.4101100">
    <ele>302.4</ele>
    <time>2025-10-03T22:51:23Z</time>
   </trkpt>
   <trkpt lat="33.7792260" lon="-84.4101180">
    <ele>302.4</ele>
    <time>2025-10-03T22:51:24Z</time>
   </trkpt>
   <trkpt lat="33.7792380" lon="-84.4101250">
    <ele>302.4</ele>
    <time>2025-10-03T22:51:25Z</time>
   </trkpt>
   <trkpt lat="33.7792510" lon="-84.4101320">
    <ele>302.4</ele>
    <time>2025-10-03T22:51:26Z</time>
   </trkpt>
   <trkpt lat="33.7792710" lon="-84.4101420">
    <ele>302.4</ele>
    <time>2025-10-03T22:51:27Z</time>
   </trkpt>
   <trkpt lat="33.7792770" lon="-84.4101460">
    <ele>302.4</ele>
    <time>2025-10-03T22:51:28Z</time>
   </trkpt>
   <trkpt lat="33.7792900" lon="-84.4101540">
    <ele>302.4</ele>
    <time>2025-10-03T22:51:29Z</time>
   </trkpt>
   <trkpt lat="33.7793030" lon="-84.4101620">
    <ele>302.4</ele>
    <time>2025-10-03T22:51:30Z</time>
   </trkpt>
   <trkpt lat="33.7793160" lon="-84.4101700">
    <ele>302.4</ele>
    <time>2025-10-03T22:51:31Z</time>
   </trkpt>
   <trkpt lat="33.7793350" lon="-84.4101800">
    <ele>302.4</ele>
    <time>2025-10-03T22:51:32Z</time>
   </trkpt>
   <trkpt lat="33.7793410" lon="-84.4101840">
    <ele>302.4</ele>
    <time>2025-10-03T22:51:33Z</time>
   </trkpt>
   <trkpt lat="33.7793620" lon="-84.4101950">
    <ele>302.4</ele>
    <time>2025-10-03T22:51:34Z</time>
   </trkpt>
   <trkpt lat="33.7793710" lon="-84.4101990">
    <ele>302.4</ele>
    <time>2025-10-03T22:51:35Z</time>
   </trkpt>
   <trkpt lat="33.7793790" lon="-84.4102040">
    <ele>302.4</ele>
    <time>2025-10-03T22:51:36Z</time>
   </trkpt>
   <trkpt lat="33.7793920" lon="-84.4102110">
    <ele>302.4</ele>
    <time>2025-10-03T22:51:37Z</time>
   </trkpt>
   <trkpt lat="33.7794040" lon="-84.4102180">
    <ele>302.4</ele>
    <time>2025-10-03T22:51:38Z</time>
   </trkpt>
   <trkpt lat="33.7794250" lon="-84.4102270">
    <ele>302.4</ele>
    <time>2025-10-03T22:51:39Z</time>
   </trkpt>
   <trkpt lat="33.7794340" lon="-84.4102310">
    <ele>302.4</ele>
    <time>2025-10-03T22:51:40Z</time>
   </trkpt>
   <trkpt lat="33.7794420" lon="-84.4102340">
    <ele>302.4</ele>
    <time>2025-10-03T22:51:41Z</time>
   </trkpt>
   <trkpt lat="33.7794540" lon="-84.4102380">
    <ele>302.4</ele>
    <time>2025-10-03T22:51:42Z</time>
   </trkpt>
   <trkpt lat="33.7794640" lon="-84.4102420">
    <ele>302.4</ele>
    <time>2025-10-03T22:51:43Z</time>
   </trkpt>
   <trkpt lat="33.7794740" lon="-84.4102450">
    <ele>302.4</ele>
    <time>2025-10-03T22:51:44Z</time>
   </trkpt>
   <trkpt lat="33.7794850" lon="-84.4102480">
    <ele>302.4</ele>
    <time>2025-10-03T22:51:45Z</time>
   </trkpt>
   <trkpt lat="33.7794970" lon="-84.4102530">
    <ele>302.6</ele>
    <time>2025-10-03T22:51:46Z</time>
   </trkpt>
   <trkpt lat="33.7795190" lon="-84.4102620">
    <ele>302.4</ele>
    <time>2025-10-03T22:51:47Z</time>
   </trkpt>
   <trkpt lat="33.7795280" lon="-84.4102650">
    <ele>302.4</ele>
    <time>2025-10-03T22:51:48Z</time>
   </trkpt>
   <trkpt lat="33.7795360" lon="-84.4102690">
    <ele>302.4</ele>
    <time>2025-10-03T22:51:49Z</time>
   </trkpt>
   <trkpt lat="33.7795480" lon="-84.4102740">
    <ele>302.4</ele>
    <time>2025-10-03T22:51:50Z</time>
   </trkpt>
   <trkpt lat="33.7795600" lon="-84.4102810">
    <ele>302.4</ele>
    <time>2025-10-03T22:51:51Z</time>
   </trkpt>
   <trkpt lat="33.7795790" lon="-84.4102940">
    <ele>302.2</ele>
    <time>2025-10-03T22:51:52Z</time>
   </trkpt>
   <trkpt lat="33.7795870" lon="-84.4102990">
    <ele>302.2</ele>
    <time>2025-10-03T22:51:53Z</time>
   </trkpt>
   <trkpt lat="33.7795940" lon="-84.4103050">
    <ele>302.2</ele>
    <time>2025-10-03T22:51:54Z</time>
   </trkpt>
   <trkpt lat="33.7796020" lon="-84.4103140">
    <ele>302.2</ele>
    <time>2025-10-03T22:51:55Z</time>
   </trkpt>
   <trkpt lat="33.7796070" lon="-84.4103250">
    <ele>302.2</ele>
    <time>2025-10-03T22:51:56Z</time>
   </trkpt>
   <trkpt lat="33.7796110" lon="-84.4103350">
    <ele>302.0</ele>
    <time>2025-10-03T22:51:57Z</time>
   </trkpt>
   <trkpt lat="33.7796170" lon="-84.4103440">
    <ele>302.0</ele>
    <time>2025-10-03T22:51:58Z</time>
   </trkpt>
   <trkpt lat="33.7796230" lon="-84.4103500">
    <ele>302.0</ele>
    <time>2025-10-03T22:51:59Z</time>
   </trkpt>
   <trkpt lat="33.7796300" lon="-84.4103560">
    <ele>302.0</ele>
    <time>2025-10-03T22:52:00Z</time>
   </trkpt>
   <trkpt lat="33.7796390" lon="-84.4103620">
    <ele>302.0</ele>
    <time>2025-10-03T22:52:01Z</time>
   </trkpt>
   <trkpt lat="33.7796490" lon="-84.4103660">
    <ele>302.0</ele>
    <time>2025-10-03T22:52:02Z</time>
   </trkpt>
   <trkpt lat="33.7796590" lon="-84.4103700">
    <ele>302.0</ele>
    <time>2025-10-03T22:52:03Z</time>
   </trkpt>
   <trkpt lat="33.7796660" lon="-84.4103720">
    <ele>302.0</ele>
    <time>2025-10-03T22:52:04Z</time>
   </trkpt>
   <trkpt lat="33.7796720" lon="-84.4103730">
    <ele>302.0</ele>
    <time>2025-10-03T22:52:05Z</time>
   </trkpt>
   <trkpt lat="33.7796760" lon="-84.4103710">
    <ele>302.0</ele>
    <time>2025-10-03T22:52:06Z</time>
   </trkpt>
   <trkpt lat="33.7796790" lon="-84.4103680">
    <ele>302.0</ele>
    <time>2025-10-03T22:52:07Z</time>
   </trkpt>
   <trkpt lat="33.7796830" lon="-84.4103650">
    <ele>302.0</ele>
    <time>2025-10-03T22:52:08Z</time>
   </trkpt>
   <trkpt lat="33.7796880" lon="-84.4103620">
    <ele>302.0</ele>
    <time>2025-10-03T22:52:09Z</time>
   </trkpt>
   <trkpt lat="33.7796950" lon="-84.4103600">
    <ele>302.0</ele>
    <time>2025-10-03T22:52:10Z</time>
   </trkpt>
   <trkpt lat="33.7797020" lon="-84.4103570">
    <ele>302.0</ele>
    <time>2025-10-03T22:52:11Z</time>
   </trkpt>
   <trkpt lat="33.7797080" lon="-84.4103540">
    <ele>302.0</ele>
    <time>2025-10-03T22:52:12Z</time>
   </trkpt>
   <trkpt lat="33.7797080" lon="-84.4103520">
    <ele>302.0</ele>
    <time>2025-10-03T22:52:13Z</time>
   </trkpt>
   <trkpt lat="33.7797090" lon="-84.4103510">
    <ele>302.0</ele>
    <time>2025-10-03T22:52:14Z</time>
   </trkpt>
   <trkpt lat="33.7797090" lon="-84.4103490">
    <ele>302.0</ele>
    <time>2025-10-03T22:52:15Z</time>
   </trkpt>
   <trkpt lat="33.7797090" lon="-84.4103480">
    <ele>302.0</ele>
    <time>2025-10-03T22:52:16Z</time>
   </trkpt>
   <trkpt lat="33.7797090" lon="-84.4103470">
    <ele>302.0</ele>
    <time>2025-10-03T22:52:17Z</time>
   </trkpt>
   <trkpt lat="33.7797090" lon="-84.4103450">
    <ele>302.2</ele>
    <time>2025-10-03T22:52:18Z</time>
   </trkpt>
   <trkpt lat="33.7797090" lon="-84.4103440">
    <ele>302.2</ele>
    <time>2025-10-03T22:52:19Z</time>
   </trkpt>
   <trkpt lat="33.7797100" lon="-84.4103430">
    <ele>302.4</ele>
    <time>2025-10-03T22:52:20Z</time>
   </trkpt>
   <trkpt lat="33.7797100" lon="-84.4103410">
    <ele>302.4</ele>
    <time>2025-10-03T22:52:21Z</time>
   </trkpt>
   <trkpt lat="33.7797100" lon="-84.4103400">
    <ele>302.6</ele>
    <time>2025-10-03T22:52:22Z</time>
   </trkpt>
   <trkpt lat="33.7797100" lon="-84.4103380">
    <ele>302.8</ele>
    <time>2025-10-03T22:52:23Z</time>
   </trkpt>
   <trkpt lat="33.7797100" lon="-84.4103370">
    <ele>303.0</ele>
    <time>2025-10-03T22:52:24Z</time>
   </trkpt>
   <trkpt lat="33.7797100" lon="-84.4103360">
    <ele>303.2</ele>
    <time>2025-10-03T22:52:25Z</time>
   </trkpt>
   <trkpt lat="33.7797110" lon="-84.4103340">
    <ele>303.4</ele>
    <time>2025-10-03T22:52:26Z</time>
   </trkpt>
   <trkpt lat="33.7797110" lon="-84.4103330">
    <ele>303.6</ele>
    <time>2025-10-03T22:52:27Z</time>
   </trkpt>
   <trkpt lat="33.7797110" lon="-84.4103310">
    <ele>303.6</ele>
    <time>2025-10-03T22:52:28Z</time>
   </trkpt>
   <trkpt lat="33.7797110" lon="-84.4103300">
    <ele>303.8</ele>
    <time>2025-10-03T22:52:29Z</time>
   </trkpt>
   <trkpt lat="33.7797110" lon="-84.4103290">
    <ele>304.0</ele>
    <time>2025-10-03T22:52:30Z</time>
   </trkpt>
   <trkpt lat="33.7797110" lon="-84.4103270">
    <ele>304.0</ele>
    <time>2025-10-03T22:52:31Z</time>
   </trkpt>
   <trkpt lat="33.7797120" lon="-84.4103260">
    <ele>304.0</ele>
    <time>2025-10-03T22:52:32Z</time>
   </trkpt>
   <trkpt lat="33.7797120" lon="-84.4103240">
    <ele>304.2</ele>
    <time>2025-10-03T22:52:33Z</time>
   </trkpt>
   <trkpt lat="33.7797120" lon="-84.4103230">
    <ele>304.2</ele>
    <time>2025-10-03T22:52:34Z</time>
   </trkpt>
   <trkpt lat="33.7797120" lon="-84.4103220">
    <ele>304.2</ele>
    <time>2025-10-03T22:52:35Z</time>
   </trkpt>
   <trkpt lat="33.7797120" lon="-84.4103200">
    <ele>304.2</ele>
    <time>2025-10-03T22:52:36Z</time>
   </trkpt>
   <trkpt lat="33.7797120" lon="-84.4103190">
    <ele>304.0</ele>
    <time>2025-10-03T22:52:37Z</time>
   </trkpt>
   <trkpt lat="33.7797130" lon="-84.4103180">
    <ele>304.0</ele>
    <time>2025-10-03T22:52:38Z</time>
   </trkpt>
   <trkpt lat="33.7797130" lon="-84.4103160">
    <ele>304.0</ele>
    <time>2025-10-03T22:52:39Z</time>
   </trkpt>
   <trkpt lat="33.7797130" lon="-84.4103150">
    <ele>304.0</ele>
    <time>2025-10-03T22:52:40Z</time>
   </trkpt>
   <trkpt lat="33.7797130" lon="-84.4103130">
    <ele>303.8</ele>
    <time>2025-10-03T22:52:41Z</time>
   </trkpt>
   <trkpt lat="33.7797130" lon="-84.4103120">
    <ele>303.6</ele>
    <time>2025-10-03T22:52:42Z</time>
   </trkpt>
   <trkpt lat="33.7797130" lon="-84.4103110">
    <ele>303.6</ele>
    <time>2025-10-03T22:52:43Z</time>
   </trkpt>
   <trkpt lat="33.7797140" lon="-84.4103090">
    <ele>303.4</ele>
    <time>2025-10-03T22:52:44Z</time>
   </trkpt>
   <trkpt lat="33.7797140" lon="-84.4103080">
    <ele>303.2</ele>
    <time>2025-10-03T22:52:45Z</time>
   </trkpt>
   <trkpt lat="33.7797140" lon="-84.4103060">
    <ele>303.0</ele>
    <time>2025-10-03T22:52:46Z</time>
   </trkpt>
   <trkpt lat="33.7797140" lon="-84.4103050">
    <ele>303.0</ele>
    <time>2025-10-03T22:52:47Z</time>
   </trkpt>
   <trkpt lat="33.7797140" lon="-84.4103040">
    <ele>302.8</ele>
    <time>2025-10-03T22:52:48Z</time>
   </trkpt>
   <trkpt lat="33.7797140" lon="-84.4103020">
    <ele>302.8</ele>
    <time>2025-10-03T22:52:49Z</time>
   </trkpt>
   <trkpt lat="33.7797150" lon="-84.4103010">
    <ele>302.6</ele>
    <time>2025-10-03T22:52:50Z</time>
   </trkpt>
   <trkpt lat="33.7797150" lon="-84.4102990">
    <ele>302.6</ele>
    <time>2025-10-03T22:52:51Z</time>
   </trkpt>
   <trkpt lat="33.7797150" lon="-84.4102980">
    <ele>302.6</ele>
    <time>2025-10-03T22:52:52Z</time>
   </trkpt>
   <trkpt lat="33.7797150" lon="-84.4102970">
    <ele>302.6</ele>
    <time>2025-10-03T22:52:53Z</time>
   </trkpt>
   <trkpt lat="33.7797150" lon="-84.4102950">
    <ele>302.6</ele>
    <time>2025-10-03T22:52:54Z</time>
   </trkpt>
   <trkpt lat="33.7797150" lon="-84.4102940">
    <ele>302.6</ele>
    <time>2025-10-03T22:52:55Z</time>
   </trkpt>
   <trkpt lat="33.7797160" lon="-84.4102930">
    <ele>302.8</ele>
    <time>2025-10-03T22:52:56Z</time>
   </trkpt>
   <trkpt lat="33.7797160" lon="-84.4102910">
    <ele>302.8</ele>
    <time>2025-10-03T22:52:57Z</time>
   </trkpt>
   <trkpt lat="33.7797160" lon="-84.4102900">
    <ele>303.0</ele>
    <time>2025-10-03T22:52:58Z</time>
   </trkpt>
   <trkpt lat="33.7797160" lon="-84.4102880">
    <ele>303.0</ele>
    <time>2025-10-03T22:52:59Z</time>
   </trkpt>
   <trkpt lat="33.7797160" lon="-84.4102870">
    <ele>303.2</ele>
    <time>2025-10-03T22:53:00Z</time>
   </trkpt>
   <trkpt lat="33.7797160" lon="-84.4102860">
    <ele>303.2</ele>
    <time>2025-10-03T22:53:01Z</time>
   </trkpt>
   <trkpt lat="33.7797170" lon="-84.4102840">
    <ele>303.2</ele>
    <time>2025-10-03T22:53:02Z</time>
   </trkpt>
   <trkpt lat="33.7797170" lon="-84.4102830">
    <ele>303.2</ele>
    <time>2025-10-03T22:53:03Z</time>
   </trkpt>
   <trkpt lat="33.7797170" lon="-84.4102810">
    <ele>303.2</ele>
    <time>2025-10-03T22:53:04Z</time>
   </trkpt>
   <trkpt lat="33.7797170" lon="-84.4102800">
    <ele>303.2</ele>
    <time>2025-10-03T22:53:05Z</time>
   </trkpt>
   <trkpt lat="33.7797160" lon="-84.4102510">
    <ele>303.2</ele>
    <time>2025-10-03T22:53:06Z</time>
   </trkpt>
   <trkpt lat="33.7797150" lon="-84.4102380">
    <ele>303.2</ele>
    <time>2025-10-03T22:53:07Z</time>
   </trkpt>
   <trkpt lat="33.7797150" lon="-84.4102260">
    <ele>303.0</ele>
    <time>2025-10-03T22:53:08Z</time>
   </trkpt>
   <trkpt lat="33.7797140" lon="-84.4102000">
    <ele>303.0</ele>
    <time>2025-10-03T22:53:09Z</time>
   </trkpt>
   <trkpt lat="33.7797130" lon="-84.4101920">
    <ele>303.0</ele>
    <time>2025-10-03T22:53:10Z</time>
   </trkpt>
   <trkpt lat="33.7797110" lon="-84.4101660">
    <ele>302.8</ele>
    <time>2025-10-03T22:53:11Z</time>
   </trkpt>
   <trkpt lat="33.7797110" lon="-84.4101530">
    <ele>302.8</ele>
    <time>2025-10-03T22:53:12Z</time>
   </trkpt>
   <trkpt lat="33.7797110" lon="-84.4101410">
    <ele>302.6</ele>
    <time>2025-10-03T22:53:13Z</time>
   </trkpt>
   <trkpt lat="33.7797110" lon="-84.4101280">
    <ele>302.6</ele>
    <time>2025-10-03T22:53:14Z</time>
   </trkpt>
   <trkpt lat="33.7797110" lon="-84.4101160">
    <ele>302.4</ele>
    <time>2025-10-03T22:53:15Z</time>
   </trkpt>
   <trkpt lat="33.7797110" lon="-84.4100990">
    <ele>302.4</ele>
    <time>2025-10-03T22:53:16Z</time>
   </trkpt>
   <trkpt lat="33.7797120" lon="-84.4100840">
    <ele>302.2</ele>
    <time>2025-10-03T22:53:17Z</time>
   </trkpt>
   <trkpt lat="33.7797110" lon="-84.4100700">
    <ele>302.2</ele>
    <time>2025-10-03T22:53:18Z</time>
   </trkpt>
   <trkpt lat="33.7797100" lon="-84.4100540">
    <ele>302.0</ele>
    <time>2025-10-03T22:53:19Z</time>
   </trkpt>
   <trkpt lat="33.7797090" lon="-84.4100360">
    <ele>301.8</ele>
    <time>2025-10-03T22:53:20Z</time>
   </trkpt>
   <trkpt lat="33.7797080" lon="-84.4100160">
    <ele>301.8</ele>
    <time>2025-10-03T22:53:21Z</time>
   </trkpt>
   <trkpt lat="33.7797070" lon="-84.4099960">
    <ele>301.6</ele>
    <time>2025-10-03T22:53:22Z</time>
   </trkpt>
   <trkpt lat="33.7797060" lon="-84.4099760">
    <ele>301.6</ele>
    <time>2025-10-03T22:53:23Z</time>
   </trkpt>
   <trkpt lat="33.7797070" lon="-84.4099470">
    <ele>301.6</ele>
    <time>2025-10-03T22:53:24Z</time>
   </trkpt>
   <trkpt lat="33.7797080" lon="-84.4099370">
    <ele>301.4</ele>
    <time>2025-10-03T22:53:25Z</time>
   </trkpt>
   <trkpt lat="33.7797140" lon="-84.4099060">
    <ele>301.4</ele>
    <time>2025-10-03T22:53:26Z</time>
   </trkpt>
   <trkpt lat="33.7797170" lon="-84.4098930">
    <ele>301.4</ele>
    <time>2025-10-03T22:53:27Z</time>
   </trkpt>
   <trkpt lat="33.7797200" lon="-84.4098810">
    <ele>301.2</ele>
    <time>2025-10-03T22:53:28Z</time>
   </trkpt>
   <trkpt lat="33.7797240" lon="-84.4098630">
    <ele>301.2</ele>
    <time>2025-10-03T22:53:29Z</time>
   </trkpt>
   <trkpt lat="33.7797270" lon="-84.4098440">
    <ele>301.2</ele>
    <time>2025-10-03T22:53:30Z</time>
   </trkpt>
   <trkpt lat="33.7797300" lon="-84.4098240">
    <ele>301.2</ele>
    <time>2025-10-03T22:53:31Z</time>
   </trkpt>
   <trkpt lat="33.7797340" lon="-84.4097950">
    <ele>301.4</ele>
    <time>2025-10-03T22:53:32Z</time>
   </trkpt>
   <trkpt lat="33.7797350" lon="-84.4097850">
    <ele>301.4</ele>
    <time>2025-10-03T22:53:33Z</time>
   </trkpt>
   <trkpt lat="33.7797390" lon="-84.4097540">
    <ele>301.4</ele>
    <time>2025-10-03T22:53:34Z</time>
   </trkpt>
   <trkpt lat="33.7797410" lon="-84.4097410">
    <ele>301.6</ele>
    <time>2025-10-03T22:53:35Z</time>
   </trkpt>
   <trkpt lat="33.7797430" lon="-84.4097290">
    <ele>301.6</ele>
    <time>2025-10-03T22:53:36Z</time>
   </trkpt>
   <trkpt lat="33.7797460" lon="-84.4097010">
    <ele>301.6</ele>
    <time>2025-10-03T22:53:37Z</time>
   </trkpt>
   <trkpt lat="33.7797460" lon="-84.4096920">
    <ele>301.8</ele>
    <time>2025-10-03T22:53:38Z</time>
   </trkpt>
   <trkpt lat="33.7797480" lon="-84.4096620">
    <ele>301.8</ele>
    <time>2025-10-03T22:53:39Z</time>
   </trkpt>
   <trkpt lat="33.7797480" lon="-84.4096500">
    <ele>301.8</ele>
    <time>2025-10-03T22:53:40Z</time>
   </trkpt>
   <trkpt lat="33.7797490" lon="-84.4096380">
    <ele>302.0</ele>
    <time>2025-10-03T22:53:41Z</time>
   </trkpt>
   <trkpt lat="33.7797510" lon="-84.4096130">
    <ele>302.0</ele>
    <time>2025-10-03T22:53:42Z</time>
   </trkpt>
   <trkpt lat="33.7797510" lon="-84.4096040">
    <ele>302.0</ele>
    <time>2025-10-03T22:53:43Z</time>
   </trkpt>
   <trkpt lat="33.7797520" lon="-84.4095870">
    <ele>301.8</ele>
    <time>2025-10-03T22:53:44Z</time>
   </trkpt>
   <trkpt lat="33.7797520" lon="-84.4095700">
    <ele>301.8</ele>
    <time>2025-10-03T22:53:45Z</time>
   </trkpt>
   <trkpt lat="33.7797510" lon="-84.4095530">
    <ele>301.8</ele>
    <time>2025-10-03T22:53:46Z</time>
   </trkpt>
   <trkpt lat="33.7797510" lon="-84.4095270">
    <ele>301.8</ele>
    <time>2025-10-03T22:53:47Z</time>
   </trkpt>
   <trkpt lat="33.7797500" lon="-84.4095190">
    <ele>301.6</ele>
    <time>2025-10-03T22:53:48Z</time>
   </trkpt>
   <trkpt lat="33.7797490" lon="-84.4095030">
    <ele>301.6</ele>
    <time>2025-10-03T22:53:49Z</time>
   </trkpt>
   <trkpt lat="33.7797480" lon="-84.4094870">
    <ele>301.4</ele>
    <time>2025-10-03T22:53:50Z</time>
   </trkpt>
   <trkpt lat="33.7797480" lon="-84.4094710">
    <ele>301.4</ele>
    <time>2025-10-03T22:53:51Z</time>
   </trkpt>
   <trkpt lat="33.7797500" lon="-84.4094450">
    <ele>301.2</ele>
    <time>2025-10-03T22:53:52Z</time>
   </trkpt>
   <trkpt lat="33.7797500" lon="-84.4094360">
    <ele>301.2</ele>
    <time>2025-10-03T22:53:53Z</time>
   </trkpt>
   <trkpt lat="33.7797510" lon="-84.4094260">
    <ele>301.0</ele>
    <time>2025-10-03T22:53:54Z</time>
   </trkpt>
   <trkpt lat="33.7797520" lon="-84.4094110">
    <ele>301.0</ele>
    <time>2025-10-03T22:53:55Z</time>
   </trkpt>
   <trkpt lat="33.7797540" lon="-84.4093950">
    <ele>300.8</ele>
    <time>2025-10-03T22:53:56Z</time>
   </trkpt>
   <trkpt lat="33.7797530" lon="-84.4093670">
    <ele>300.8</ele>
    <time>2025-10-03T22:53:57Z</time>
   </trkpt>
   <trkpt lat="33.7797530" lon="-84.4093550">
    <ele>300.8</ele>
    <time>2025-10-03T22:53:58Z</time>
   </trkpt>
   <trkpt lat="33.7797520" lon="-84.4093440">
    <ele>300.8</ele>
    <time>2025-10-03T22:53:59Z</time>
   </trkpt>
   <trkpt lat="33.7797510" lon="-84.4093260">
    <ele>300.8</ele>
    <time>2025-10-03T22:54:00Z</time>
   </trkpt>
   <trkpt lat="33.7797500" lon="-84.4093090">
    <ele>301.0</ele>
    <time>2025-10-03T22:54:01Z</time>
   </trkpt>
   <trkpt lat="33.7797490" lon="-84.4092810">
    <ele>301.2</ele>
    <time>2025-10-03T22:54:02Z</time>
   </trkpt>
   <trkpt lat="33.7797500" lon="-84.4092700">
    <ele>301.2</ele>
    <time>2025-10-03T22:54:03Z</time>
   </trkpt>
   <trkpt lat="33.7797500" lon="-84.4092590">
    <ele>301.4</ele>
    <time>2025-10-03T22:54:04Z</time>
   </trkpt>
   <trkpt lat="33.7797460" lon="-84.4092330">
    <ele>301.6</ele>
    <time>2025-10-03T22:54:05Z</time>
   </trkpt>
   <trkpt lat="33.7797440" lon="-84.4092240">
    <ele>301.6</ele>
    <time>2025-10-03T22:54:06Z</time>
   </trkpt>
   <trkpt lat="33.7797400" lon="-84.4092060">
    <ele>301.8</ele>
    <time>2025-10-03T22:54:07Z</time>
   </trkpt>
   <trkpt lat="33.7797360" lon="-84.4091890">
    <ele>301.8</ele>
    <time>2025-10-03T22:54:08Z</time>
   </trkpt>
   <trkpt lat="33.7797320" lon="-84.4091710">
    <ele>301.8</ele>
    <time>2025-10-03T22:54:09Z</time>
   </trkpt>
   <trkpt lat="33.7797260" lon="-84.4091460">
    <ele>301.8</ele>
    <time>2025-10-03T22:54:10Z</time>
   </trkpt>
   <trkpt lat="33.7797230" lon="-84.4091380">
    <ele>301.8</ele>
    <time>2025-10-03T22:54:11Z</time>
   </trkpt>
   <trkpt lat="33.7797180" lon="-84.4091240">
    <ele>302.0</ele>
    <time>2025-10-03T22:54:12Z</time>
   </trkpt>
   <trkpt lat="33.7797130" lon="-84.4091120">
    <ele>301.8</ele>
    <time>2025-10-03T22:54:13Z</time>
   </trkpt>
   <trkpt lat="33.7797040" lon="-84.4091030">
    <ele>301.8</ele>
    <time>2025-10-03T22:54:14Z</time>
   </trkpt>
   <trkpt lat="33.7796860" lon="-84.4090880">
    <ele>301.8</ele>
    <time>2025-10-03T22:54:15Z</time>
   </trkpt>
   <trkpt lat="33.7796790" lon="-84.4090820">
    <ele>301.8</ele>
    <time>2025-10-03T22:54:16Z</time>
   </trkpt>
   <trkpt lat="33.7796600" lon="-84.4090600">
    <ele>301.8</ele>
    <time>2025-10-03T22:54:17Z</time>
   </trkpt>
   <trkpt lat="33.7796530" lon="-84.4090520">
    <ele>301.8</ele>
    <time>2025-10-03T22:54:18Z</time>
   </trkpt>
   <trkpt lat="33.7796470" lon="-84.4090430">
    <ele>301.8</ele>
    <time>2025-10-03T22:54:19Z</time>
   </trkpt>
   <trkpt lat="33.7796390" lon="-84.4090290">
    <ele>301.8</ele>
    <time>2025-10-03T22:54:20Z</time>
   </trkpt>
   <trkpt lat="33.7796300" lon="-84.4090160">
    <ele>301.8</ele>
    <time>2025-10-03T22:54:21Z</time>
   </trkpt>
   <trkpt lat="33.7796210" lon="-84.4090030">
    <ele>301.8</ele>
    <time>2025-10-03T22:54:22Z</time>
   </trkpt>
   <trkpt lat="33.7796140" lon="-84.4089890">
    <ele>302.0</ele>
    <time>2025-10-03T22:54:23Z</time>
   </trkpt>
   <trkpt lat="33.7796110" lon="-84.4089730">
    <ele>302.0</ele>
    <time>2025-10-03T22:54:24Z</time>
   </trkpt>
   <trkpt lat="33.7796160" lon="-84.4089390">
    <ele>302.0</ele>
    <time>2025-10-03T22:54:25Z</time>
   </trkpt>
   <trkpt lat="33.7796180" lon="-84.4089250">
    <ele>302.2</ele>
    <time>2025-10-03T22:54:26Z</time>
   </trkpt>
   <trkpt lat="33.7796210" lon="-84.4089110">
    <ele>302.2</ele>
    <time>2025-10-03T22:54:27Z</time>
   </trkpt>
   <trkpt lat="33.7796250" lon="-84.4088910">
    <ele>302.2</ele>
    <time>2025-10-03T22:54:28Z</time>
   </trkpt>
   <trkpt lat="33.7796270" lon="-84.4088710">
    <ele>302.2</ele>
    <time>2025-10-03T22:54:29Z</time>
   </trkpt>
   <trkpt lat="33.7796280" lon="-84.4088390">
    <ele>302.2</ele>
    <time>2025-10-03T22:54:30Z</time>
   </trkpt>
   <trkpt lat="33.7796270" lon="-84.4088280">
    <ele>302.2</ele>
    <time>2025-10-03T22:54:31Z</time>
   </trkpt>
   <trkpt lat="33.7796260" lon="-84.4088160">
    <ele>302.0</ele>
    <time>2025-10-03T22:54:32Z</time>
   </trkpt>
   <trkpt lat="33.7796250" lon="-84.4087980">
    <ele>302.0</ele>
    <time>2025-10-03T22:54:33Z</time>
   </trkpt>
   <trkpt lat="33.7796270" lon="-84.4087800">
    <ele>301.8</ele>
    <time>2025-10-03T22:54:34Z</time>
   </trkpt>
   <trkpt lat="33.7796330" lon="-84.4087490">
    <ele>301.6</ele>
    <time>2025-10-03T22:54:35Z</time>
   </trkpt>
   <trkpt lat="33.7796360" lon="-84.4087370">
    <ele>301.6</ele>
    <time>2025-10-03T22:54:36Z</time>
   </trkpt>
   <trkpt lat="33.7796390" lon="-84.4087240">
    <ele>301.2</ele>
    <time>2025-10-03T22:54:37Z</time>
   </trkpt>
   <trkpt lat="33.7796410" lon="-84.4086970">
    <ele>301.0</ele>
    <time>2025-10-03T22:54:38Z</time>
   </trkpt>
   <trkpt lat="33.7796410" lon="-84.4086880">
    <ele>300.8</ele>
    <time>2025-10-03T22:54:39Z</time>
   </trkpt>
   <trkpt lat="33.7796410" lon="-84.4086700">
    <ele>300.4</ele>
    <time>2025-10-03T22:54:40Z</time>
   </trkpt>
   <trkpt lat="33.7796410" lon="-84.4086510">
    <ele>300.2</ele>
    <time>2025-10-03T22:54:41Z</time>
   </trkpt>
   <trkpt lat="33.7796410" lon="-84.4086330">
    <ele>299.8</ele>
    <time>2025-10-03T22:54:42Z</time>
   </trkpt>
   <trkpt lat="33.7796440" lon="-84.4086010">
    <ele>299.4</ele>
    <time>2025-10-03T22:54:43Z</time>
   </trkpt>
   <trkpt lat="33.7796460" lon="-84.4085880">
    <ele>299.0</ele>
    <time>2025-10-03T22:54:44Z</time>
   </trkpt>
   <trkpt lat="33.7796470" lon="-84.4085750">
    <ele>298.8</ele>
    <time>2025-10-03T22:54:45Z</time>
   </trkpt>
   <trkpt lat="33.7796500" lon="-84.4085550">
    <ele>298.4</ele>
    <time>2025-10-03T22:54:46Z</time>
   </trkpt>
   <trkpt lat="33.7796520" lon="-84.4085350">
    <ele>298.0</ele>
    <time>2025-10-03T22:54:47Z</time>
   </trkpt>
   <trkpt lat="33.7796560" lon="-84.4085020">
    <ele>297.6</ele>
    <time>2025-10-03T22:54:48Z</time>
   </trkpt>
   <trkpt lat="33.7796580" lon="-84.4084890">
    <ele>297.2</ele>
    <time>2025-10-03T22:54:49Z</time>
   </trkpt>
   <trkpt lat="33.7796600" lon="-84.4084760">
    <ele>297.0</ele>
    <time>2025-10-03T22:54:50Z</time>
   </trkpt>
   <trkpt lat="33.7796670" lon="-84.4084470">
    <ele>296.8</ele>
    <time>2025-10-03T22:54:51Z</time>
   </trkpt>
   <trkpt lat="33.7796690" lon="-84.4084370">
    <ele>296.6</ele>
    <time>2025-10-03T22:54:52Z</time>
   </trkpt>
   <trkpt lat="33.7796760" lon="-84.4084040">
    <ele>296.2</ele>
    <time>2025-10-03T22:54:53Z</time>
   </trkpt>
   <trkpt lat="33.7796780" lon="-84.4083910">
    <ele>296.0</ele>
    <time>2025-10-03T22:54:54Z</time>
   </trkpt>
   <trkpt lat="33.7796810" lon="-84.4083780">
    <ele>295.8</ele>
    <time>2025-10-03T22:54:55Z</time>
   </trkpt>
   <trkpt lat="33.7796870" lon="-84.4083490">
    <ele>295.6</ele>
    <time>2025-10-03T22:54:56Z</time>
   </trkpt>
   <trkpt lat="33.7796880" lon="-84.4083390">
    <ele>295.4</ele>
    <time>2025-10-03T22:54:57Z</time>
   </trkpt>
   <trkpt lat="33.7796950" lon="-84.4083080">
    <ele>295.2</ele>
    <time>2025-10-03T22:54:58Z</time>
   </trkpt>
   <trkpt lat="33.7796980" lon="-84.4082970">
    <ele>295.2</ele>
    <time>2025-10-03T22:54:59Z</time>
   </trkpt>
   <trkpt lat="33.7797010" lon="-84.4082850">
    <ele>295.0</ele>
    <time>2025-10-03T22:55:00Z</time>
   </trkpt>
   <trkpt lat="33.7797070" lon="-84.4082690">
    <ele>294.8</ele>
    <time>2025-10-03T22:55:01Z</time>
   </trkpt>
   <trkpt lat="33.7797130" lon="-84.4082520">
    <ele>294.8</ele>
    <time>2025-10-03T22:55:02Z</time>
   </trkpt>
   <trkpt lat="33.7797190" lon="-84.4082230">
    <ele>294.6</ele>
    <time>2025-10-03T22:55:03Z</time>
   </trkpt>
   <trkpt lat="33.7797200" lon="-84.4082110">
    <ele>294.6</ele>
    <time>2025-10-03T22:55:04Z</time>
   </trkpt>
   <trkpt lat="33.7797220" lon="-84.4081990">
    <ele>294.4</ele>
    <time>2025-10-03T22:55:05Z</time>
   </trkpt>
   <trkpt lat="33.7797240" lon="-84.4081810">
    <ele>294.4</ele>
    <time>2025-10-03T22:55:06Z</time>
   </trkpt>
   <trkpt lat="33.7797260" lon="-84.4081630">
    <ele>294.4</ele>
    <time>2025-10-03T22:55:07Z</time>
   </trkpt>
   <trkpt lat="33.7797270" lon="-84.4081450">
    <ele>294.4</ele>
    <time>2025-10-03T22:55:08Z</time>
   </trkpt>
   <trkpt lat="33.7797270" lon="-84.4081190">
    <ele>294.4</ele>
    <time>2025-10-03T22:55:09Z</time>
   </trkpt>
   <trkpt lat="33.7797260" lon="-84.4081110">
    <ele>294.4</ele>
    <time>2025-10-03T22:55:10Z</time>
   </trkpt>
   <trkpt lat="33.7797230" lon="-84.4080940">
    <ele>294.6</ele>
    <time>2025-10-03T22:55:11Z</time>
   </trkpt>
   <trkpt lat="33.7797190" lon="-84.4080770">
    <ele>294.6</ele>
    <time>2025-10-03T22:55:12Z</time>
   </trkpt>
   <trkpt lat="33.7797140" lon="-84.4080610">
    <ele>294.8</ele>
    <time>2025-10-03T22:55:13Z</time>
   </trkpt>
   <trkpt lat="33.7797070" lon="-84.4080360">
    <ele>295.0</ele>
    <time>2025-10-03T22:55:14Z</time>
   </trkpt>
   <trkpt lat="33.7797050" lon="-84.4080280">
    <ele>295.0</ele>
    <time>2025-10-03T22:55:15Z</time>
   </trkpt>
   <trkpt lat="33.7797020" lon="-84.4080120">
    <ele>295.2</ele>
    <time>2025-10-03T22:55:16Z</time>
   </trkpt>
   <trkpt lat="33.7796980" lon="-84.4079800">
    <ele>295.4</ele>
    <time>2025-10-03T22:55:18Z</time>
   </trkpt>
   <trkpt lat="33.7796960" lon="-84.4079660">
    <ele>295.4</ele>
    <time>2025-10-03T22:55:19Z</time>
   </trkpt>
   <trkpt lat="33.7796930" lon="-84.4079530">
    <ele>295.6</ele>
    <time>2025-10-03T22:55:20Z</time>
   </trkpt>
   <trkpt lat="33.7796880" lon="-84.4079410">
    <ele>295.6</ele>
    <time>2025-10-03T22:55:21Z</time>
   </trkpt>
   <trkpt lat="33.7796840" lon="-84.4079270">
    <ele>295.6</ele>
    <time>2025-10-03T22:55:22Z</time>
   </trkpt>
   <trkpt lat="33.7796800" lon="-84.4079130">
    <ele>295.8</ele>
    <time>2025-10-03T22:55:23Z</time>
   </trkpt>
   <trkpt lat="33.7796770" lon="-84.4078900">
    <ele>295.8</ele>
    <time>2025-10-03T22:55:24Z</time>
   </trkpt>
   <trkpt lat="33.7796760" lon="-84.4078820">
    <ele>295.8</ele>
    <time>2025-10-03T22:55:25Z</time>
   </trkpt>
   <trkpt lat="33.7796770" lon="-84.4078660">
    <ele>295.8</ele>
    <time>2025-10-03T22:55:26Z</time>
   </trkpt>
   <trkpt lat="33.7796790" lon="-84.4078500">
    <ele>295.8</ele>
    <time>2025-10-03T22:55:27Z</time>
   </trkpt>
   <trkpt lat="33.7796820" lon="-84.4078340">
    <ele>295.8</ele>
    <time>2025-10-03T22:55:28Z</time>
   </trkpt>
   <trkpt lat="33.7796850" lon="-84.4078190">
    <ele>296.0</ele>
    <time>2025-10-03T22:55:29Z</time>
   </trkpt>
   <trkpt lat="33.7796880" lon="-84.4078060">
    <ele>296.0</ele>
    <time>2025-10-03T22:55:30Z</time>
   </trkpt>
   <trkpt lat="33.7796890" lon="-84.4077940">
    <ele>296.0</ele>
    <time>2025-10-03T22:55:31Z</time>
   </trkpt>
   <trkpt lat="33.7796890" lon="-84.4077820">
    <ele>296.2</ele>
    <time>2025-10-03T22:55:32Z</time>
   </trkpt>
   <trkpt lat="33.7796880" lon="-84.4077710">
    <ele>296.4</ele>
    <time>2025-10-03T22:55:33Z</time>
   </trkpt>
   <trkpt lat="33.7796870" lon="-84.4077590">
    <ele>296.6</ele>
    <time>2025-10-03T22:55:34Z</time>
   </trkpt>
   <trkpt lat="33.7796860" lon="-84.4077510">
    <ele>296.8</ele>
    <time>2025-10-03T22:55:35Z</time>
   </trkpt>
   <trkpt lat="33.7796870" lon="-84.4077470">
    <ele>297.0</ele>
    <time>2025-10-03T22:55:36Z</time>
   </trkpt>
   <trkpt lat="33.7796880" lon="-84.4077430">
    <ele>297.2</ele>
    <time>2025-10-03T22:55:37Z</time>
   </trkpt>
   <trkpt lat="33.7796890" lon="-84.4077380">
    <ele>297.4</ele>
    <time>2025-10-03T22:55:38Z</time>
   </trkpt>
   <trkpt lat="33.7796890" lon="-84.4077320">
    <ele>297.6</ele>
    <time>2025-10-03T22:55:39Z</time>
   </trkpt>
   <trkpt lat="33.7796880" lon="-84.4077260">
    <ele>297.8</ele>
    <time>2025-10-03T22:55:40Z</time>
   </trkpt>
   <trkpt lat="33.7796890" lon="-84.4077200">
    <ele>298.0</ele>
    <time>2025-10-03T22:55:41Z</time>
   </trkpt>
   <trkpt lat="33.7796930" lon="-84.4077160">
    <ele>298.2</ele>
    <time>2025-10-03T22:55:42Z</time>
   </trkpt>
   <trkpt lat="33.7797000" lon="-84.4077130">
    <ele>298.4</ele>
    <time>2025-10-03T22:55:43Z</time>
   </trkpt>
   <trkpt lat="33.7797100" lon="-84.4077120">
    <ele>298.6</ele>
    <time>2025-10-03T22:55:44Z</time>
   </trkpt>
   <trkpt lat="33.7797220" lon="-84.4077120">
    <ele>298.8</ele>
    <time>2025-10-03T22:55:45Z</time>
   </trkpt>
   <trkpt lat="33.7797340" lon="-84.4077110">
    <ele>298.8</ele>
    <time>2025-10-03T22:55:46Z</time>
   </trkpt>
   <trkpt lat="33.7797470" lon="-84.4077100">
    <ele>299.0</ele>
    <time>2025-10-03T22:55:47Z</time>
   </trkpt>
   <trkpt lat="33.7797600" lon="-84.4077070">
    <ele>299.0</ele>
    <time>2025-10-03T22:55:48Z</time>
   </trkpt>
   <trkpt lat="33.7797830" lon="-84.4077010">
    <ele>298.8</ele>
    <time>2025-10-03T22:55:49Z</time>
   </trkpt>
   <trkpt lat="33.7797910" lon="-84.4077000">
    <ele>298.8</ele>
    <time>2025-10-03T22:55:50Z</time>
   </trkpt>
   <trkpt lat="33.7798000" lon="-84.4076980">
    <ele>298.8</ele>
    <time>2025-10-03T22:55:51Z</time>
   </trkpt>
   <trkpt lat="33.7798130" lon="-84.4076970">
    <ele>298.6</ele>
    <time>2025-10-03T22:55:52Z</time>
   </trkpt>
   <trkpt lat="33.7798260" lon="-84.4076950">
    <ele>298.4</ele>
    <time>2025-10-03T22:55:53Z</time>
   </trkpt>
   <trkpt lat="33.7798390" lon="-84.4076920">
    <ele>298.2</ele>
    <time>2025-10-03T22:55:54Z</time>
   </trkpt>
   <trkpt lat="33.7798520" lon="-84.4076900">
    <ele>298.2</ele>
    <time>2025-10-03T22:55:55Z</time>
   </trkpt>
   <trkpt lat="33.7798670" lon="-84.4076890">
    <ele>298.0</ele>
    <time>2025-10-03T22:55:56Z</time>
   </trkpt>
   <trkpt lat="33.7798800" lon="-84.4076870">
    <ele>297.8</ele>
    <time>2025-10-03T22:55:57Z</time>
   </trkpt>
   <trkpt lat="33.7798940" lon="-84.4076850">
    <ele>297.6</ele>
    <time>2025-10-03T22:55:58Z</time>
   </trkpt>
   <trkpt lat="33.7799060" lon="-84.4076830">
    <ele>297.4</ele>
    <time>2025-10-03T22:55:59Z</time>
   </trkpt>
   <trkpt lat="33.7799240" lon="-84.4076790">
    <ele>297.4</ele>
    <time>2025-10-03T22:56:00Z</time>
   </trkpt>
   <trkpt lat="33.7799340" lon="-84.4076770">
    <ele>297.2</ele>
    <time>2025-10-03T22:56:01Z</time>
   </trkpt>
   <trkpt lat="33.7799430" lon="-84.4076750">
    <ele>297.0</ele>
    <time>2025-10-03T22:56:02Z</time>
   </trkpt>
   <trkpt lat="33.7799530" lon="-84.4076730">
    <ele>297.0</ele>
    <time>2025-10-03T22:56:03Z</time>
   </trkpt>
   <trkpt lat="33.7799620" lon="-84.4076710">
    <ele>296.8</ele>
    <time>2025-10-03T22:56:04Z</time>
   </trkpt>
   <trkpt lat="33.7799720" lon="-84.4076690">
    <ele>296.8</ele>
    <time>2025-10-03T22:56:05Z</time>
   </trkpt>
   <trkpt lat="33.7799810" lon="-84.4076670">
    <ele>296.8</ele>
    <time>2025-10-03T22:56:06Z</time>
   </trkpt>
   <trkpt lat="33.7799950" lon="-84.4076660">
    <ele>296.8</ele>
    <time>2025-10-03T22:56:07Z</time>
   </trkpt>
   <trkpt lat="33.7800080" lon="-84.4076670">
    <ele>296.8</ele>
    <time>2025-10-03T22:56:08Z</time>
   </trkpt>
   <trkpt lat="33.7800230" lon="-84.4076670">
    <ele>296.8</ele>
    <time>2025-10-03T22:56:09Z</time>
   </trkpt>
   <trkpt lat="33.7800450" lon="-84.4076680">
    <ele>296.8</ele>
    <time>2025-10-03T22:56:10Z</time>
   </trkpt>
   <trkpt lat="33.7800520" lon="-84.4076690">
    <ele>296.8</ele>
    <time>2025-10-03T22:56:11Z</time>
   </trkpt>
   <trkpt lat="33.7800670" lon="-84.4076700">
    <ele>296.8</ele>
    <time>2025-10-03T22:56:12Z</time>
   </trkpt>
   <trkpt lat="33.7800820" lon="-84.4076700">
    <ele>297.0</ele>
    <time>2025-10-03T22:56:13Z</time>
   </trkpt>
   <trkpt lat="33.7800970" lon="-84.4076710">
    <ele>297.0</ele>
    <time>2025-10-03T22:56:14Z</time>
   </trkpt>
   <trkpt lat="33.7801190" lon="-84.4076750">
    <ele>297.2</ele>
    <time>2025-10-03T22:56:15Z</time>
   </trkpt>
   <trkpt lat="33.7801260" lon="-84.4076770">
    <ele>297.4</ele>
    <time>2025-10-03T22:56:16Z</time>
   </trkpt>
   <trkpt lat="33.7801390" lon="-84.4076810">
    <ele>297.6</ele>
    <time>2025-10-03T22:56:17Z</time>
   </trkpt>
   <trkpt lat="33.7801520" lon="-84.4076840">
    <ele>297.8</ele>
    <time>2025-10-03T22:56:18Z</time>
   </trkpt>
   <trkpt lat="33.7801660" lon="-84.4076860">
    <ele>298.0</ele>
    <time>2025-10-03T22:56:19Z</time>
   </trkpt>
   <trkpt lat="33.7801870" lon="-84.4076900">
    <ele>298.2</ele>
    <time>2025-10-03T22:56:20Z</time>
   </trkpt>
   <trkpt lat="33.7801930" lon="-84.4076920">
    <ele>298.4</ele>
    <time>2025-10-03T22:56:21Z</time>
   </trkpt>
   <trkpt lat="33.7802150" lon="-84.4076980">
    <ele>298.6</ele>
    <time>2025-10-03T22:56:22Z</time>
   </trkpt>
   <trkpt lat="33.7802240" lon="-84.4076990">
    <ele>298.8</ele>
    <time>2025-10-03T22:56:23Z</time>
   </trkpt>
   <trkpt lat="33.7802330" lon="-84.4077010">
    <ele>299.0</ele>
    <time>2025-10-03T22:56:24Z</time>
   </trkpt>
   <trkpt lat="33.7802470" lon="-84.4077020">
    <ele>299.2</ele>
    <time>2025-10-03T22:56:25Z</time>
   </trkpt>
   <trkpt lat="33.7802600" lon="-84.4077020">
    <ele>299.2</ele>
    <time>2025-10-03T22:56:26Z</time>
   </trkpt>
   <trkpt lat="33.7802730" lon="-84.4077020">
    <ele>299.4</ele>
    <time>2025-10-03T22:56:27Z</time>
   </trkpt>
   <trkpt lat="33.7802870" lon="-84.4077020">
    <ele>299.6</ele>
    <time>2025-10-03T22:56:28Z</time>
   </trkpt>
   <trkpt lat="33.7803010" lon="-84.4077030">
    <ele>299.6</ele>
    <time>2025-10-03T22:56:29Z</time>
   </trkpt>
   <trkpt lat="33.7803240" lon="-84.4077040">
    <ele>299.8</ele>
    <time>2025-10-03T22:56:30Z</time>
   </trkpt>
   <trkpt lat="33.7803340" lon="-84.4077040">
    <ele>299.8</ele>
    <time>2025-10-03T22:56:31Z</time>
   </trkpt>
   <trkpt lat="33.7803430" lon="-84.4077050">
    <ele>300.0</ele>
    <time>2025-10-03T22:56:32Z</time>
   </trkpt>
   <trkpt lat="33.7803640" lon="-84.4077080">
    <ele>300.0</ele>
    <time>2025-10-03T22:56:33Z</time>
   </trkpt>
   <trkpt lat="33.7803710" lon="-84.4077090">
    <ele>300.2</ele>
    <time>2025-10-03T22:56:34Z</time>
   </trkpt>
   <trkpt lat="33.7803850" lon="-84.4077120">
    <ele>300.2</ele>
    <time>2025-10-03T22:56:35Z</time>
   </trkpt>
   <trkpt lat="33.7803980" lon="-84.4077140">
    <ele>300.2</ele>
    <time>2025-10-03T22:56:36Z</time>
   </trkpt>
   <trkpt lat="33.7804120" lon="-84.4077150">
    <ele>300.2</ele>
    <time>2025-10-03T22:56:37Z</time>
   </trkpt>
   <trkpt lat="33.7804260" lon="-84.4077150">
    <ele>300.2</ele>
    <time>2025-10-03T22:56:38Z</time>
   </trkpt>
   <trkpt lat="33.7804390" lon="-84.4077150">
    <ele>300.2</ele>
    <time>2025-10-03T22:56:39Z</time>
   </trkpt>
   <trkpt lat="33.7804620" lon="-84.4077140">
    <ele>300.2</ele>
    <time>2025-10-03T22:56:40Z</time>
   </trkpt>
   <trkpt lat="33.7804730" lon="-84.4077140">
    <ele>300.4</ele>
    <time>2025-10-03T22:56:41Z</time>
   </trkpt>
   <trkpt lat="33.7804830" lon="-84.4077140">
    <ele>300.4</ele>
    <time>2025-10-03T22:56:42Z</time>
   </trkpt>
   <trkpt lat="33.7804940" lon="-84.4077140">
    <ele>300.4</ele>
    <time>2025-10-03T22:56:43Z</time>
   </trkpt>
   <trkpt lat="33.7805040" lon="-84.4077140">
    <ele>300.4</ele>
    <time>2025-10-03T22:56:44Z</time>
   </trkpt>
   <trkpt lat="33.7805140" lon="-84.4077160">
    <ele>300.4</ele>
    <time>2025-10-03T22:56:45Z</time>
   </trkpt>
   <trkpt lat="33.7805250" lon="-84.4077170">
    <ele>300.4</ele>
    <time>2025-10-03T22:56:46Z</time>
   </trkpt>
   <trkpt lat="33.7805360" lon="-84.4077190">
    <ele>300.4</ele>
    <time>2025-10-03T22:56:47Z</time>
   </trkpt>
   <trkpt lat="33.7805470" lon="-84.4077200">
    <ele>300.4</ele>
    <time>2025-10-03T22:56:48Z</time>
   </trkpt>
   <trkpt lat="33.7805580" lon="-84.4077180">
    <ele>300.4</ele>
    <time>2025-10-03T22:56:49Z</time>
   </trkpt>
   <trkpt lat="33.7805710" lon="-84.4077150">
    <ele>300.4</ele>
    <time>2025-10-03T22:56:50Z</time>
   </trkpt>
   <trkpt lat="33.7805840" lon="-84.4077120">
    <ele>300.4</ele>
    <time>2025-10-03T22:56:51Z</time>
   </trkpt>
   <trkpt lat="33.7805990" lon="-84.4077090">
    <ele>300.4</ele>
    <time>2025-10-03T22:56:52Z</time>
   </trkpt>
   <trkpt lat="33.7806250" lon="-84.4077030">
    <ele>300.4</ele>
    <time>2025-10-03T22:56:53Z</time>
   </trkpt>
   <trkpt lat="33.7806360" lon="-84.4077000">
    <ele>300.4</ele>
    <time>2025-10-03T22:56:54Z</time>
   </trkpt>
   <trkpt lat="33.7806460" lon="-84.4076970">
    <ele>300.4</ele>
    <time>2025-10-03T22:56:55Z</time>
   </trkpt>
   <trkpt lat="33.7806670" lon="-84.4076910">
    <ele>300.6</ele>
    <time>2025-10-03T22:56:56Z</time>
   </trkpt>
   <trkpt lat="33.7806740" lon="-84.4076880">
    <ele>300.6</ele>
    <time>2025-10-03T22:56:57Z</time>
   </trkpt>
   <trkpt lat="33.7806980" lon="-84.4076830">
    <ele>300.6</ele>
    <time>2025-10-03T22:56:58Z</time>
   </trkpt>
   <trkpt lat="33.7807080" lon="-84.4076800">
    <ele>300.6</ele>
    <time>2025-10-03T22:56:59Z</time>
   </trkpt>
   <trkpt lat="33.7807170" lon="-84.4076780">
    <ele>300.4</ele>
    <time>2025-10-03T22:57:00Z</time>
   </trkpt>
   <trkpt lat="33.7807310" lon="-84.4076740">
    <ele>300.4</ele>
    <time>2025-10-03T22:57:01Z</time>
   </trkpt>
   <trkpt lat="33.7807450" lon="-84.4076710">
    <ele>300.4</ele>
    <time>2025-10-03T22:57:02Z</time>
   </trkpt>
   <trkpt lat="33.7807600" lon="-84.4076680">
    <ele>300.4</ele>
    <time>2025-10-03T22:57:03Z</time>
   </trkpt>
   <trkpt lat="33.7807740" lon="-84.4076670">
    <ele>300.4</ele>
    <time>2025-10-03T22:57:04Z</time>
   </trkpt>
   <trkpt lat="33.7807890" lon="-84.4076650">
    <ele>300.4</ele>
    <time>2025-10-03T22:57:05Z</time>
   </trkpt>
   <trkpt lat="33.7808120" lon="-84.4076630">
    <ele>300.2</ele>
    <time>2025-10-03T22:57:06Z</time>
   </trkpt>
   <trkpt lat="33.7808190" lon="-84.4076620">
    <ele>300.2</ele>
    <time>2025-10-03T22:57:07Z</time>
   </trkpt>
   <trkpt lat="33.7808450" lon="-84.4076610">
    <ele>300.2</ele>
    <time>2025-10-03T22:57:08Z</time>
   </trkpt>
   <trkpt lat="33.7808550" lon="-84.4076600">
    <ele>300.0</ele>
    <time>2025-10-03T22:57:09Z</time>
   </trkpt>
   <trkpt lat="33.7808650" lon="-84.4076600">
    <ele>299.8</ele>
    <time>2025-10-03T22:57:10Z</time>
   </trkpt>
   <trkpt lat="33.7808910" lon="-84.4076580">
    <ele>299.8</ele>
    <time>2025-10-03T22:57:11Z</time>
   </trkpt>
   <trkpt lat="33.7809010" lon="-84.4076580">
    <ele>299.6</ele>
    <time>2025-10-03T22:57:12Z</time>
   </trkpt>
   <trkpt lat="33.7809110" lon="-84.4076570">
    <ele>299.6</ele>
    <time>2025-10-03T22:57:13Z</time>
   </trkpt>
   <trkpt lat="33.7809260" lon="-84.4076560">
    <ele>299.6</ele>
    <time>2025-10-03T22:57:14Z</time>
   </trkpt>
   <trkpt lat="33.7809410" lon="-84.4076550">
    <ele>299.4</ele>
    <time>2025-10-03T22:57:15Z</time>
   </trkpt>
   <trkpt lat="33.7809660" lon="-84.4076550">
    <ele>299.4</ele>
    <time>2025-10-03T22:57:16Z</time>
   </trkpt>
   <trkpt lat="33.7809760" lon="-84.4076560">
    <ele>299.2</ele>
    <time>2025-10-03T22:57:17Z</time>
   </trkpt>
   <trkpt lat="33.7809860" lon="-84.4076560">
    <ele>299.2</ele>
    <time>2025-10-03T22:57:18Z</time>
   </trkpt>
   <trkpt lat="33.7810070" lon="-84.4076560">
    <ele>299.0</ele>
    <time>2025-10-03T22:57:19Z</time>
   </trkpt>
   <trkpt lat="33.7810140" lon="-84.4076550">
    <ele>299.0</ele>
    <time>2025-10-03T22:57:20Z</time>
   </trkpt>
   <trkpt lat="33.7810270" lon="-84.4076560">
    <ele>299.0</ele>
    <time>2025-10-03T22:57:21Z</time>
   </trkpt>
   <trkpt lat="33.7810400" lon="-84.4076560">
    <ele>298.8</ele>
    <time>2025-10-03T22:57:22Z</time>
   </trkpt>
   <trkpt lat="33.7810530" lon="-84.4076580">
    <ele>298.8</ele>
    <time>2025-10-03T22:57:23Z</time>
   </trkpt>
   <trkpt lat="33.7810670" lon="-84.4076590">
    <ele>298.8</ele>
    <time>2025-10-03T22:57:24Z</time>
   </trkpt>
   <trkpt lat="33.7810810" lon="-84.4076600">
    <ele>298.6</ele>
    <time>2025-10-03T22:57:25Z</time>
   </trkpt>
   <trkpt lat="33.7810960" lon="-84.4076620">
    <ele>298.6</ele>
    <time>2025-10-03T22:57:26Z</time>
   </trkpt>
   <trkpt lat="33.7811110" lon="-84.4076640">
    <ele>298.6</ele>
    <time>2025-10-03T22:57:27Z</time>
   </trkpt>
   <trkpt lat="33.7811260" lon="-84.4076650">
    <ele>298.4</ele>
    <time>2025-10-03T22:57:28Z</time>
   </trkpt>
   <trkpt lat="33.7811470" lon="-84.4076660">
    <ele>298.4</ele>
    <time>2025-10-03T22:57:29Z</time>
   </trkpt>
   <trkpt lat="33.7811550" lon="-84.4076660">
    <ele>298.2</ele>
    <time>2025-10-03T22:57:30Z</time>
   </trkpt>
   <trkpt lat="33.7811690" lon="-84.4076650">
    <ele>298.0</ele>
    <time>2025-10-03T22:57:31Z</time>
   </trkpt>
   <trkpt lat="33.7811820" lon="-84.4076620">
    <ele>298.0</ele>
    <time>2025-10-03T22:57:32Z</time>
   </trkpt>
   <trkpt lat="33.7811960" lon="-84.4076590">
    <ele>297.8</ele>
    <time>2025-10-03T22:57:33Z</time>
   </trkpt>
   <trkpt lat="33.7812170" lon="-84.4076560">
    <ele>297.6</ele>
    <time>2025-10-03T22:57:34Z</time>
   </trkpt>
   <trkpt lat="33.7812240" lon="-84.4076540">
    <ele>297.6</ele>
    <time>2025-10-03T22:57:35Z</time>
   </trkpt>
   <trkpt lat="33.7812390" lon="-84.4076510">
    <ele>297.4</ele>
    <time>2025-10-03T22:57:36Z</time>
   </trkpt>
   <trkpt lat="33.7812540" lon="-84.4076480">
    <ele>297.2</ele>
    <time>2025-10-03T22:57:37Z</time>
   </trkpt>
   <trkpt lat="33.7812690" lon="-84.4076450">
    <ele>297.2</ele>
    <time>2025-10-03T22:57:38Z</time>
   </trkpt>
   <trkpt lat="33.7812940" lon="-84.4076410">
    <ele>297.0</ele>
    <time>2025-10-03T22:57:39Z</time>
   </trkpt>
   <trkpt lat="33.7813040" lon="-84.4076400">
    <ele>296.8</ele>
    <time>2025-10-03T22:57:40Z</time>
   </trkpt>
   <trkpt lat="33.7813140" lon="-84.4076380">
    <ele>296.6</ele>
    <time>2025-10-03T22:57:41Z</time>
   </trkpt>
   <trkpt lat="33.7813280" lon="-84.4076360">
    <ele>296.4</ele>
    <time>2025-10-03T22:57:42Z</time>
   </trkpt>
   <trkpt lat="33.7813420" lon="-84.4076350">
    <ele>296.2</ele>
    <time>2025-10-03T22:57:43Z</time>
   </trkpt>
   <trkpt lat="33.7813650" lon="-84.4076350">
    <ele>296.0</ele>
    <time>2025-10-03T22:57:44Z</time>
   </trkpt>
   <trkpt lat="33.7813740" lon="-84.4076350">
    <ele>295.8</ele>
    <time>2025-10-03T22:57:45Z</time>
   </trkpt>
   <trkpt lat="33.7813830" lon="-84.4076350">
    <ele>295.8</ele>
    <time>2025-10-03T22:57:46Z</time>
   </trkpt>
   <trkpt lat="33.7813950" lon="-84.4076330">
    <ele>295.6</ele>
    <time>2025-10-03T22:57:47Z</time>
   </trkpt>
   <trkpt lat="33.7814060" lon="-84.4076320">
    <ele>295.4</ele>
    <time>2025-10-03T22:57:48Z</time>
   </trkpt>
   <trkpt lat="33.7814150" lon="-84.4076310">
    <ele>295.2</ele>
    <time>2025-10-03T22:57:49Z</time>
   </trkpt>
   <trkpt lat="33.7814250" lon="-84.4076310">
    <ele>295.0</ele>
    <time>2025-10-03T22:57:50Z</time>
   </trkpt>
   <trkpt lat="33.7814330" lon="-84.4076300">
    <ele>295.0</ele>
    <time>2025-10-03T22:57:51Z</time>
   </trkpt>
   <trkpt lat="33.7814410" lon="-84.4076300">
    <ele>294.8</ele>
    <time>2025-10-03T22:57:52Z</time>
   </trkpt>
   <trkpt lat="33.7814480" lon="-84.4076320">
    <ele>294.8</ele>
    <time>2025-10-03T22:57:53Z</time>
   </trkpt>
   <trkpt lat="33.7814550" lon="-84.4076330">
    <ele>294.6</ele>
    <time>2025-10-03T22:57:54Z</time>
   </trkpt>
   <trkpt lat="33.7814610" lon="-84.4076350">
    <ele>294.6</ele>
    <time>2025-10-03T22:57:55Z</time>
   </trkpt>
   <trkpt lat="33.7814670" lon="-84.4076370">
    <ele>294.4</ele>
    <time>2025-10-03T22:57:56Z</time>
   </trkpt>
   <trkpt lat="33.7814720" lon="-84.4076380">
    <ele>294.4</ele>
    <time>2025-10-03T22:57:57Z</time>
   </trkpt>
   <trkpt lat="33.7814760" lon="-84.4076390">
    <ele>294.4</ele>
    <time>2025-10-03T22:57:58Z</time>
   </trkpt>
   <trkpt lat="33.7814790" lon="-84.4076400">
    <ele>294.4</ele>
    <time>2025-10-03T22:57:59Z</time>
   </trkpt>
   <trkpt lat="33.7814790" lon="-84.4076400">
    <ele>294.2</ele>
    <time>2025-10-03T22:58:00Z</time>
   </trkpt>
   <trkpt lat="33.7814800" lon="-84.4076400">
    <ele>294.2</ele>
    <time>2025-10-03T22:58:01Z</time>
   </trkpt>
   <trkpt lat="33.7814810" lon="-84.4076400">
    <ele>294.2</ele>
    <time>2025-10-03T22:58:02Z</time>
   </trkpt>
   <trkpt lat="33.7814810" lon="-84.4076390">
    <ele>294.2</ele>
    <time>2025-10-03T22:58:03Z</time>
   </trkpt>
   <trkpt lat="33.7814820" lon="-84.4076390">
    <ele>294.2</ele>
    <time>2025-10-03T22:58:04Z</time>
   </trkpt>
   <trkpt lat="33.7814820" lon="-84.4076390">
    <ele>294.0</ele>
    <time>2025-10-03T22:58:05Z</time>
   </trkpt>
   <trkpt lat="33.7814830" lon="-84.4076390">
    <ele>294.0</ele>
    <time>2025-10-03T22:58:06Z</time>
   </trkpt>
   <trkpt lat="33.7814840" lon="-84.4076390">
    <ele>294.0</ele>
    <time>2025-10-03T22:58:07Z</time>
   </trkpt>
   <trkpt lat="33.7814840" lon="-84.4076390">
    <ele>294.0</ele>
    <time>2025-10-03T22:58:08Z</time>
   </trkpt>
   <trkpt lat="33.7814850" lon="-84.4076390">
    <ele>294.0</ele>
    <time>2025-10-03T22:58:09Z</time>
   </trkpt>
   <trkpt lat="33.7814860" lon="-84.4076390">
    <ele>294.0</ele>
    <time>2025-10-03T22:58:10Z</time>
   </trkpt>
   <trkpt lat="33.7814860" lon="-84.4076390">
    <ele>294.0</ele>
    <time>2025-10-03T22:58:11Z</time>
   </trkpt>
   <trkpt lat="33.7814870" lon="-84.4076390">
    <ele>294.0</ele>
    <time>2025-10-03T22:58:12Z</time>
   </trkpt>
   <trkpt lat="33.7814870" lon="-84.4076380">
    <ele>294.0</ele>
    <time>2025-10-03T22:58:13Z</time>
   </trkpt>
   <trkpt lat="33.7814880" lon="-84.4076380">
    <ele>294.0</ele>
    <time>2025-10-03T22:58:14Z</time>
   </trkpt>
   <trkpt lat="33.7814890" lon="-84.4076380">
    <ele>294.0</ele>
    <time>2025-10-03T22:58:15Z</time>
   </trkpt>
   <trkpt lat="33.7814890" lon="-84.4076380">
    <ele>294.0</ele>
    <time>2025-10-03T22:58:16Z</time>
   </trkpt>
   <trkpt lat="33.7814900" lon="-84.4076380">
    <ele>294.0</ele>
    <time>2025-10-03T22:58:17Z</time>
   </trkpt>
   <trkpt lat="33.7814910" lon="-84.4076380">
    <ele>294.2</ele>
    <time>2025-10-03T22:58:18Z</time>
   </trkpt>
   <trkpt lat="33.7814910" lon="-84.4076380">
    <ele>294.2</ele>
    <time>2025-10-03T22:58:19Z</time>
   </trkpt>
   <trkpt lat="33.7814920" lon="-84.4076380">
    <ele>294.2</ele>
    <time>2025-10-03T22:58:20Z</time>
   </trkpt>
   <trkpt lat="33.7814930" lon="-84.4076380">
    <ele>294.2</ele>
    <time>2025-10-03T22:58:21Z</time>
   </trkpt>
   <trkpt lat="33.7814930" lon="-84.4076380">
    <ele>294.4</ele>
    <time>2025-10-03T22:58:22Z</time>
   </trkpt>
   <trkpt lat="33.7814940" lon="-84.4076370">
    <ele>294.4</ele>
    <time>2025-10-03T22:58:23Z</time>
   </trkpt>
   <trkpt lat="33.7814940" lon="-84.4076370">
    <ele>294.4</ele>
    <time>2025-10-03T22:58:24Z</time>
   </trkpt>
   <trkpt lat="33.7814950" lon="-84.4076370">
    <ele>294.6</ele>
    <time>2025-10-03T22:58:25Z</time>
   </trkpt>
   <trkpt lat="33.7814960" lon="-84.4076370">
    <ele>294.6</ele>
    <time>2025-10-03T22:58:26Z</time>
   </trkpt>
   <trkpt lat="33.7814960" lon="-84.4076370">
    <ele>294.8</ele>
    <time>2025-10-03T22:58:27Z</time>
   </trkpt>
   <trkpt lat="33.7814970" lon="-84.4076370">
    <ele>295.0</ele>
    <time>2025-10-03T22:58:28Z</time>
   </trkpt>
   <trkpt lat="33.7814980" lon="-84.4076370">
    <ele>295.2</ele>
    <time>2025-10-03T22:58:29Z</time>
   </trkpt>
   <trkpt lat="33.7814980" lon="-84.4076370">
    <ele>295.2</ele>
    <time>2025-10-03T22:58:30Z</time>
   </trkpt>
   <trkpt lat="33.7814990" lon="-84.4076370">
    <ele>295.4</ele>
    <time>2025-10-03T22:58:31Z</time>
   </trkpt>
   <trkpt lat="33.7815000" lon="-84.4076370">
    <ele>295.6</ele>
    <time>2025-10-03T22:58:32Z</time>
   </trkpt>
   <trkpt lat="33.7815000" lon="-84.4076360">
    <ele>295.6</ele>
    <time>2025-10-03T22:58:33Z</time>
   </trkpt>
   <trkpt lat="33.7815010" lon="-84.4076360">
    <ele>295.8</ele>
    <time>2025-10-03T22:58:34Z</time>
   </trkpt>
   <trkpt lat="33.7815010" lon="-84.4076360">
    <ele>296.0</ele>
    <time>2025-10-03T22:58:35Z</time>
   </trkpt>
   <trkpt lat="33.7815020" lon="-84.4076360">
    <ele>296.4</ele>
    <time>2025-10-03T22:58:36Z</time>
   </trkpt>
   <trkpt lat="33.7815030" lon="-84.4076360">
    <ele>296.6</ele>
    <time>2025-10-03T22:58:37Z</time>
   </trkpt>
   <trkpt lat="33.7815030" lon="-84.4076360">
    <ele>296.8</ele>
    <time>2025-10-03T22:58:38Z</time>
   </trkpt>
   <trkpt lat="33.7815040" lon="-84.4076360">
    <ele>297.0</ele>
    <time>2025-10-03T22:58:39Z</time>
   </trkpt>
   <trkpt lat="33.7815050" lon="-84.4076360">
    <ele>297.4</ele>
    <time>2025-10-03T22:58:40Z</time>
   </trkpt>
   <trkpt lat="33.7815050" lon="-84.4076360">
    <ele>297.6</ele>
    <time>2025-10-03T22:58:41Z</time>
   </trkpt>
   <trkpt lat="33.7815060" lon="-84.4076360">
    <ele>297.8</ele>
    <time>2025-10-03T22:58:42Z</time>
   </trkpt>
   <trkpt lat="33.7815060" lon="-84.4076350">
    <ele>298.0</ele>
    <time>2025-10-03T22:58:43Z</time>
   </trkpt>
   <trkpt lat="33.7815070" lon="-84.4076350">
    <ele>298.2</ele>
    <time>2025-10-03T22:58:44Z</time>
   </trkpt>
   <trkpt lat="33.7815080" lon="-84.4076350">
    <ele>298.4</ele>
    <time>2025-10-03T22:58:45Z</time>
   </trkpt>
   <trkpt lat="33.7815080" lon="-84.4076350">
    <ele>298.6</ele>
    <time>2025-10-03T22:58:46Z</time>
   </trkpt>
   <trkpt lat="33.7815090" lon="-84.4076350">
    <ele>298.8</ele>
    <time>2025-10-03T22:58:47Z</time>
   </trkpt>
   <trkpt lat="33.7815100" lon="-84.4076350">
    <ele>298.8</ele>
    <time>2025-10-03T22:58:48Z</time>
   </trkpt>
   <trkpt lat="33.7815100" lon="-84.4076350">
    <ele>299.0</ele>
    <time>2025-10-03T22:58:49Z</time>
   </trkpt>
   <trkpt lat="33.7815110" lon="-84.4076350">
    <ele>299.0</ele>
    <time>2025-10-03T22:58:50Z</time>
   </trkpt>
   <trkpt lat="33.7815120" lon="-84.4076350">
    <ele>299.0</ele>
    <time>2025-10-03T22:58:51Z</time>
   </trkpt>
   <trkpt lat="33.7815120" lon="-84.4076350">
    <ele>299.2</ele>
    <time>2025-10-03T22:58:52Z</time>
   </trkpt>
   <trkpt lat="33.7815130" lon="-84.4076340">
    <ele>299.2</ele>
    <time>2025-10-03T22:58:53Z</time>
   </trkpt>
   <trkpt lat="33.7815130" lon="-84.4076340">
    <ele>299.2</ele>
    <time>2025-10-03T22:58:54Z</time>
   </trkpt>
   <trkpt lat="33.7815140" lon="-84.4076340">
    <ele>299.2</ele>
    <time>2025-10-03T22:58:55Z</time>
   </trkpt>
   <trkpt lat="33.7815150" lon="-84.4076340">
    <ele>299.2</ele>
    <time>2025-10-03T22:58:56Z</time>
   </trkpt>
   <trkpt lat="33.7815150" lon="-84.4076340">
    <ele>299.2</ele>
    <time>2025-10-03T22:58:57Z</time>
   </trkpt>
   <trkpt lat="33.7815160" lon="-84.4076340">
    <ele>299.2</ele>
    <time>2025-10-03T22:58:58Z</time>
   </trkpt>
   <trkpt lat="33.7815170" lon="-84.4076340">
    <ele>299.2</ele>
    <time>2025-10-03T22:58:59Z</time>
   </trkpt>
   <trkpt lat="33.7815170" lon="-84.4076340">
    <ele>299.0</ele>
    <time>2025-10-03T22:59:00Z</time>
   </trkpt>
   <trkpt lat="33.7815180" lon="-84.4076340">
    <ele>299.0</ele>
    <time>2025-10-03T22:59:01Z</time>
   </trkpt>
   <trkpt lat="33.7815190" lon="-84.4076340">
    <ele>299.0</ele>
    <time>2025-10-03T22:59:02Z</time>
   </trkpt>
   <trkpt lat="33.7815190" lon="-84.4076330">
    <ele>298.8</ele>
    <time>2025-10-03T22:59:03Z</time>
   </trkpt>
   <trkpt lat="33.7815200" lon="-84.4076330">
    <ele>298.8</ele>
    <time>2025-10-03T22:59:04Z</time>
   </trkpt>
   <trkpt lat="33.7815200" lon="-84.4076330">
    <ele>298.8</ele>
    <time>2025-10-03T22:59:05Z</time>
   </trkpt>
   <trkpt lat="33.7815210" lon="-84.4076330">
    <ele>298.8</ele>
    <time>2025-10-03T22:59:06Z</time>
   </trkpt>
   <trkpt lat="33.7815220" lon="-84.4076330">
    <ele>298.8</ele>
    <time>2025-10-03T22:59:07Z</time>
   </trkpt>
   <trkpt lat="33.7815220" lon="-84.4076330">
    <ele>298.6</ele>
    <time>2025-10-03T22:59:08Z</time>
   </trkpt>
   <trkpt lat="33.7815230" lon="-84.4076330">
    <ele>298.6</ele>
    <time>2025-10-03T22:59:09Z</time>
   </trkpt>
   <trkpt lat="33.7815240" lon="-84.4076330">
    <ele>298.6</ele>
    <time>2025-10-03T22:59:10Z</time>
   </trkpt>
   <trkpt lat="33.7815240" lon="-84.4076330">
    <ele>298.6</ele>
    <time>2025-10-03T22:59:11Z</time>
   </trkpt>
   <trkpt lat="33.7815250" lon="-84.4076320">
    <ele>298.4</ele>
    <time>2025-10-03T22:59:12Z</time>
   </trkpt>
   <trkpt lat="33.7815250" lon="-84.4076320">
    <ele>298.4</ele>
    <time>2025-10-03T22:59:13Z</time>
   </trkpt>
   <trkpt lat="33.7815260" lon="-84.4076320">
    <ele>298.2</ele>
    <time>2025-10-03T22:59:14Z</time>
   </trkpt>
   <trkpt lat="33.7815270" lon="-84.4076320">
    <ele>298.2</ele>
    <time>2025-10-03T22:59:15Z</time>
   </trkpt>
   <trkpt lat="33.7815270" lon="-84.4076320">
    <ele>298.2</ele>
    <time>2025-10-03T22:59:16Z</time>
   </trkpt>
   <trkpt lat="33.7815280" lon="-84.4076320">
    <ele>298.0</ele>
    <time>2025-10-03T22:59:17Z</time>
   </trkpt>
   <trkpt lat="33.7815290" lon="-84.4076320">
    <ele>298.0</ele>
    <time>2025-10-03T22:59:18Z</time>
   </trkpt>
   <trkpt lat="33.7815290" lon="-84.4076320">
    <ele>298.0</ele>
    <time>2025-10-03T22:59:19Z</time>
   </trkpt>
   <trkpt lat="33.7815300" lon="-84.4076320">
    <ele>297.8</ele>
    <time>2025-10-03T22:59:20Z</time>
   </trkpt>
   <trkpt lat="33.7815310" lon="-84.4076320">
    <ele>297.8</ele>
    <time>2025-10-03T22:59:21Z</time>
   </trkpt>
   <trkpt lat="33.7815310" lon="-84.4076310">
    <ele>297.8</ele>
    <time>2025-10-03T22:59:22Z</time>
   </trkpt>
   <trkpt lat="33.7815320" lon="-84.4076310">
    <ele>297.8</ele>
    <time>2025-10-03T22:59:23Z</time>
   </trkpt>
   <trkpt lat="33.7815320" lon="-84.4076310">
    <ele>297.8</ele>
    <time>2025-10-03T22:59:24Z</time>
   </trkpt>
   <trkpt lat="33.7815330" lon="-84.4076310">
    <ele>297.6</ele>
    <time>2025-10-03T22:59:25Z</time>
   </trkpt>
   <trkpt lat="33.7815340" lon="-84.4076310">
    <ele>297.6</ele>
    <time>2025-10-03T22:59:26Z</time>
   </trkpt>
   <trkpt lat="33.7815340" lon="-84.4076310">
    <ele>297.6</ele>
    <time>2025-10-03T22:59:27Z</time>
   </trkpt>
   <trkpt lat="33.7815350" lon="-84.4076310">
    <ele>297.6</ele>
    <time>2025-10-03T22:59:28Z</time>
   </trkpt>
   <trkpt lat="33.7815360" lon="-84.4076310">
    <ele>297.6</ele>
    <time>2025-10-03T22:59:29Z</time>
   </trkpt>
   <trkpt lat="33.7815360" lon="-84.4076310">
    <ele>297.6</ele>
    <time>2025-10-03T22:59:30Z</time>
   </trkpt>
   <trkpt lat="33.7815370" lon="-84.4076310">
    <ele>297.6</ele>
    <time>2025-10-03T22:59:31Z</time>
   </trkpt>
   <trkpt lat="33.7815370" lon="-84.4076300">
    <ele>297.6</ele>
    <time>2025-10-03T22:59:32Z</time>
   </trkpt>
   <trkpt lat="33.7815380" lon="-84.4076300">
    <ele>297.6</ele>
    <time>2025-10-03T22:59:33Z</time>
   </trkpt>
   <trkpt lat="33.7815390" lon="-84.4076300">
    <ele>297.6</ele>
    <time>2025-10-03T22:59:34Z</time>
   </trkpt>
   <trkpt lat="33.7815390" lon="-84.4076300">
    <ele>297.6</ele>
    <time>2025-10-03T22:59:35Z</time>
   </trkpt>
   <trkpt lat="33.7815400" lon="-84.4076300">
    <ele>297.6</ele>
    <time>2025-10-03T22:59:36Z</time>
   </trkpt>
   <trkpt lat="33.7815410" lon="-84.4076300">
    <ele>297.6</ele>
    <time>2025-10-03T22:59:37Z</time>
   </trkpt>
   <trkpt lat="33.7815410" lon="-84.4076300">
    <ele>297.6</ele>
    <time>2025-10-03T22:59:38Z</time>
   </trkpt>
   <trkpt lat="33.7815420" lon="-84.4076300">
    <ele>297.6</ele>
    <time>2025-10-03T22:59:39Z</time>
   </trkpt>
   <trkpt lat="33.7815430" lon="-84.4076300">
    <ele>297.6</ele>
    <time>2025-10-03T22:59:40Z</time>
   </trkpt>
   <trkpt lat="33.7815430" lon="-84.4076300">
    <ele>297.6</ele>
    <time>2025-10-03T22:59:41Z</time>
   </trkpt>
   <trkpt lat="33.7815440" lon="-84.4076290">
    <ele>297.6</ele>
    <time>2025-10-03T22:59:42Z</time>
   </trkpt>
   <trkpt lat="33.7815440" lon="-84.4076290">
    <ele>297.6</ele>
    <time>2025-10-03T22:59:43Z</time>
   </trkpt>
   <trkpt lat="33.7815450" lon="-84.4076290">
    <ele>297.6</ele>
    <time>2025-10-03T22:59:44Z</time>
   </trkpt>
   <trkpt lat="33.7815460" lon="-84.4076290">
    <ele>297.6</ele>
    <time>2025-10-03T22:59:45Z</time>
   </trkpt>
   <trkpt lat="33.7815460" lon="-84.4076290">
    <ele>297.6</ele>
    <time>2025-10-03T22:59:46Z</time>
   </trkpt>
   <trkpt lat="33.7815470" lon="-84.4076290">
    <ele>297.6</ele>
    <time>2025-10-03T22:59:47Z</time>
   </trkpt>
   <trkpt lat="33.7815480" lon="-84.4076290">
    <ele>297.6</ele>
    <time>2025-10-03T22:59:48Z</time>
   </trkpt>
   <trkpt lat="33.7815480" lon="-84.4076290">
    <ele>297.6</ele>
    <time>2025-10-03T22:59:49Z</time>
   </trkpt>
   <trkpt lat="33.7815490" lon="-84.4076290">
    <ele>297.6</ele>
    <time>2025-10-03T22:59:50Z</time>
   </trkpt>
   <trkpt lat="33.7815500" lon="-84.4076290">
    <ele>297.6</ele>
    <time>2025-10-03T22:59:51Z</time>
   </trkpt>
   <trkpt lat="33.7815500" lon="-84.4076280">
    <ele>297.6</ele>
    <time>2025-10-03T22:59:52Z</time>
   </trkpt>
   <trkpt lat="33.7815510" lon="-84.4076280">
    <ele>297.6</ele>
    <time>2025-10-03T22:59:53Z</time>
   </trkpt>
   <trkpt lat="33.7815510" lon="-84.4076280">
    <ele>297.6</ele>
    <time>2025-10-03T22:59:54Z</time>
   </trkpt>
   <trkpt lat="33.7815520" lon="-84.4076280">
    <ele>297.6</ele>
    <time>2025-10-03T22:59:55Z</time>
   </trkpt>
   <trkpt lat="33.7815530" lon="-84.4076280">
    <ele>297.4</ele>
    <time>2025-10-03T22:59:56Z</time>
   </trkpt>
   <trkpt lat="33.7815530" lon="-84.4076280">
    <ele>297.4</ele>
    <time>2025-10-03T22:59:57Z</time>
   </trkpt>
   <trkpt lat="33.7815540" lon="-84.4076280">
    <ele>297.4</ele>
    <time>2025-10-03T22:59:58Z</time>
   </trkpt>
   <trkpt lat="33.7815550" lon="-84.4076280">
    <ele>297.2</ele>
    <time>2025-10-03T22:59:59Z</time>
   </trkpt>
   <trkpt lat="33.7815550" lon="-84.4076280">
    <ele>297.2</ele>
    <time>2025-10-03T23:00:00Z</time>
   </trkpt>
   <trkpt lat="33.7815560" lon="-84.4076280">
    <ele>297.0</ele>
    <time>2025-10-03T23:00:01Z</time>
   </trkpt>
   <trkpt lat="33.7815560" lon="-84.4076270">
    <ele>297.0</ele>
    <time>2025-10-03T23:00:02Z</time>
   </trkpt>
   <trkpt lat="33.7815570" lon="-84.4076270">
    <ele>296.8</ele>
    <time>2025-10-03T23:00:03Z</time>
   </trkpt>
   <trkpt lat="33.7815580" lon="-84.4076270">
    <ele>296.8</ele>
    <time>2025-10-03T23:00:04Z</time>
   </trkpt>
   <trkpt lat="33.7815580" lon="-84.4076270">
    <ele>296.6</ele>
    <time>2025-10-03T23:00:05Z</time>
   </trkpt>
   <trkpt lat="33.7815590" lon="-84.4076270">
    <ele>296.4</ele>
    <time>2025-10-03T23:00:06Z</time>
   </trkpt>
   <trkpt lat="33.7815830" lon="-84.4076320">
    <ele>296.4</ele>
    <time>2025-10-03T23:00:07Z</time>
   </trkpt>
   <trkpt lat="33.7815930" lon="-84.4076350">
    <ele>296.2</ele>
    <time>2025-10-03T23:00:08Z</time>
   </trkpt>
   <trkpt lat="33.7816030" lon="-84.4076370">
    <ele>296.0</ele>
    <time>2025-10-03T23:00:09Z</time>
   </trkpt>
   <trkpt lat="33.7816240" lon="-84.4076430">
    <ele>295.8</ele>
    <time>2025-10-03T23:00:10Z</time>
   </trkpt>
   <trkpt lat="33.7816300" lon="-84.4076460">
    <ele>295.8</ele>
    <time>2025-10-03T23:00:11Z</time>
   </trkpt>
   <trkpt lat="33.7816510" lon="-84.4076500">
    <ele>295.6</ele>
    <time>2025-10-03T23:00:12Z</time>
   </trkpt>
   <trkpt lat="33.7816600" lon="-84.4076510">
    <ele>295.4</ele>
    <time>2025-10-03T23:00:13Z</time>
   </trkpt>
   <trkpt lat="33.7816690" lon="-84.4076520">
    <ele>295.4</ele>
    <time>2025-10-03T23:00:14Z</time>
   </trkpt>
   <trkpt lat="33.7816880" lon="-84.4076540">
    <ele>295.2</ele>
    <time>2025-10-03T23:00:15Z</time>
   </trkpt>
   <trkpt lat="33.7816940" lon="-84.4076560">
    <ele>295.0</ele>
    <time>2025-10-03T23:00:16Z</time>
   </trkpt>
   <trkpt lat="33.7817000" lon="-84.4076500">
    <ele>295.0</ele>
    <time>2025-10-03T23:00:17Z</time>
   </trkpt>
   <trkpt lat="33.7816970" lon="-84.4076410">
    <ele>294.8</ele>
    <time>2025-10-03T23:00:18Z</time>
   </trkpt>
   <trkpt lat="33.7816950" lon="-84.4076330">
    <ele>294.8</ele>
    <time>2025-10-03T23:00:19Z</time>
   </trkpt>
   <trkpt lat="33.7816920" lon="-84.4076240">
    <ele>294.6</ele>
    <time>2025-10-03T23:00:20Z</time>
   </trkpt>
   <trkpt lat="33.7816890" lon="-84.4076160">
    <ele>294.6</ele>
    <time>2025-10-03T23:00:21Z</time>
   </trkpt>
   <trkpt lat="33.7816860" lon="-84.4076080">
    <ele>294.6</ele>
    <time>2025-10-03T23:00:22Z</time>
   </trkpt>
   <trkpt lat="33.7816830" lon="-84.4075990">
    <ele>294.4</ele>
    <time>2025-10-03T23:00:23Z</time>
   </trkpt>
   <trkpt lat="33.7816810" lon="-84.4075910">
    <ele>294.4</ele>
    <time>2025-10-03T23:00:24Z</time>
   </trkpt>
   <trkpt lat="33.7816780" lon="-84.4075820">
    <ele>294.4</ele>
    <time>2025-10-03T23:00:25Z</time>
   </trkpt>
   <trkpt lat="33.7816750" lon="-84.4075740">
    <ele>294.4</ele>
    <time>2025-10-03T23:00:26Z</time>
   </trkpt>
   <trkpt lat="33.7816690" lon="-84.4075450">
    <ele>294.4</ele>
    <time>2025-10-03T23:00:27Z</time>
   </trkpt>
   <trkpt lat="33.7816680" lon="-84.4075330">
    <ele>294.4</ele>
    <time>2025-10-03T23:00:28Z</time>
   </trkpt>
   <trkpt lat="33.7816660" lon="-84.4075210">
    <ele>294.4</ele>
    <time>2025-10-03T23:00:29Z</time>
   </trkpt>
   <trkpt lat="33.7816640" lon="-84.4075030">
    <ele>294.6</ele>
    <time>2025-10-03T23:00:30Z</time>
   </trkpt>
   <trkpt lat="33.7816620" lon="-84.4074830">
    <ele>294.6</ele>
    <time>2025-10-03T23:00:31Z</time>
   </trkpt>
   <trkpt lat="33.7816600" lon="-84.4074470">
    <ele>294.6</ele>
    <time>2025-10-03T23:00:32Z</time>
   </trkpt>
   <trkpt lat="33.7816580" lon="-84.4074320">
    <ele>294.8</ele>
    <time>2025-10-03T23:00:33Z</time>
   </trkpt>
   <trkpt lat="33.7816570" lon="-84.4074170">
    <ele>295.0</ele>
    <time>2025-10-03T23:00:34Z</time>
   </trkpt>
   <trkpt lat="33.7816490" lon="-84.4073840">
    <ele>295.0</ele>
    <time>2025-10-03T23:00:35Z</time>
   </trkpt>
   <trkpt lat="33.7816460" lon="-84.4073710">
    <ele>295.2</ele>
    <time>2025-10-03T23:00:36Z</time>
   </trkpt>
   <trkpt lat="33.7816420" lon="-84.4073590">
    <ele>295.4</ele>
    <time>2025-10-03T23:00:37Z</time>
   </trkpt>
   <trkpt lat="33.7816350" lon="-84.4073320">
    <ele>295.6</ele>
    <time>2025-10-03T23:00:38Z</time>
   </trkpt>
   <trkpt lat="33.7816320" lon="-84.4073230">
    <ele>295.6</ele>
    <time>2025-10-03T23:00:39Z</time>
   </trkpt>
   <trkpt lat="33.7816290" lon="-84.4072920">
    <ele>295.8</ele>
    <time>2025-10-03T23:00:40Z</time>
   </trkpt>
   <trkpt lat="33.7816290" lon="-84.4072800">
    <ele>296.0</ele>
    <time>2025-10-03T23:00:41Z</time>
   </trkpt>
   <trkpt lat="33.7816290" lon="-84.4072670">
    <ele>296.0</ele>
    <time>2025-10-03T23:00:42Z</time>
   </trkpt>
   <trkpt lat="33.7816290" lon="-84.4072390">
    <ele>296.2</ele>
    <time>2025-10-03T23:00:43Z</time>
   </trkpt>
   <trkpt lat="33.7816280" lon="-84.4072300">
    <ele>296.2</ele>
    <time>2025-10-03T23:00:44Z</time>
   </trkpt>
   <trkpt lat="33.7816270" lon="-84.4072120">
    <ele>296.4</ele>
    <time>2025-10-03T23:00:45Z</time>
   </trkpt>
   <trkpt lat="33.7816250" lon="-84.4071940">
    <ele>296.6</ele>
    <time>2025-10-03T23:00:46Z</time>
   </trkpt>
   <trkpt lat="33.7816240" lon="-84.4071760">
    <ele>296.6</ele>
    <time>2025-10-03T23:00:47Z</time>
   </trkpt>
   <trkpt lat="33.7816240" lon="-84.4071760">
    <ele>296.6</ele>
    <time>2025-10-03T23:00:48Z</time>
   </trkpt>
  </trkseg>
 </trk>
</gpx>
