Device Name,3550FW - 3103353
Device Model,3550FW
Serial Number,3103353
FORMATTED DATE_TIME,Temperature,Wet Bulb Temp,Relative Humidity,Barometric Pressure,Altitude,Station Pressure,Wind Speed,Heat Index,Dew Point,Compass Magnetic Direction,Wind Chill,Data Type,Record name,Start time,Duration (H:M:S),Location description,Location address,Location coordinates,Notes
yyyy-MM-dd hh:mm:ss a,°F,°F,%,inHg,ft,inHg,mph,°F,°F,Deg,°F
2025-10-02 01:03:39 PM,78.0,64.0,46.9,29.37,519,29.37,1.6,76.8,56.1,271,77.9,session,"Session - Oct 2, 2025 1:03:39 PM",2025-10-02 01:03:39 PM 1:03:39 PM,01:16:58,,,,Enter Notes
2025-10-02 01:03:44 PM,78.5,64.4,47.0,29.37,521,29.37,1.6,77.4,56.7,271,78.4,session,"Session - Oct 2, 2025 1:03:39 PM",2025-10-02 01:03:39 PM 1:03:39 PM,01:16:58,,,,Enter Notes
2025-10-02 01:03:49 PM,78.2,63.9,46.1,29.36,527,29.36,1.0,76.8,55.8,270,78.1,session,"Session - Oct 2, 2025 1:03:39 PM",2025-10-02 01:03:39 PM 1:03:39 PM,01:16:58,,,,Enter Notes
2025-10-02 01:03:54 PM,77.6,63.0,44.9,29.36,524,29.36,1.0,75.9,54.6,270,77.5,session,"Session - Oct 2, 2025 1:03:39 PM",2025-10-02 01:03:39 PM 1:03:39 PM,01:16:58,,,,Enter Notes
2025-10-02 01:03:59 PM,77.9,63.0,44.4,29.36,524,29.36,1.0,76.1,54.5,270,77.7,session,"Session - Oct 2, 2025 1:03:39 PM",2025-10-02 01:03:39 PM 1:03:39 PM,01:16:58,,,,Enter Notes
2025-10-02 01:04:04 PM,78.1,63.1,44.1,29.36,524,29.36,1.0,76.5,54.5,269,78.1,session,"Session - Oct 2, 2025 1:03:39 PM",2025-10-02 01:03:39 PM 1:03:39 PM,01:16:58,,,,Enter Notes
2025-10-02 01:04:09 PM,78.3,63.1,43.9,29.37,524,29.37,1.9,76.6,54.5,269,78.3,session,"Session - Oct 2, 2025 1:03:39 PM",2025-10-02 01:03:39 PM 1:03:39 PM,01:16:58,,,,Enter Notes
2025-10-02 01:04:14 PM,77.6,62.6,43.7,29.35,535,29.36,3.3,75.9,53.8,269,77.5,session,"Session - Oct 2, 2025 1:03:39 PM",2025-10-02 01:03:39 PM 1:03:39 PM,01:16:58,,,,Enter Notes
2025-10-02 01:04:19 PM,77.0,62.1,43.7,29.37,516,29.37,1.6,75.2,53.3,266,77.0,session,"Session - Oct 2, 2025 1:03:39 PM",2025-10-02 01:03:39 PM 1:03:39 PM,01:16:58,,,,Enter Notes
2025-10-02 01:04:24 PM,77.5,62.6,44.2,29.37,519,29.37,0.0,75.7,54.0,266,77.4,session,"Session - Oct 2, 2025 1:03:39 PM",2025-10-02 01:03:39 PM 1:03:39 PM,01:16:58,,,,Enter Notes
2025-10-02 01:04:29 PM,77.8,63.0,44.5,29.37,519,29.37,1.2,76.1,54.5,271,77.7,session,"Session - Oct 2, 2025 1:03:39 PM",2025-10-02 01:03:39 PM 1:03:39 PM,01:16:58,,,,Enter Notes
2025-10-02 01:04:34 PM,77.6,63.0,44.9,29.37,521,29.37,1.5,75.9,54.5,269,77.5,session,"Session - Oct 2, 2025 1:03:39 PM",2025-10-02 01:03:39 PM 1:03:39 PM,01:16:58,,,,Enter Notes
2025-10-02 01:04:39 PM,77.7,63.1,45.1,29.37,521,29.37,1.7,76.3,54.8,268,77.7,session,"Session - Oct 2, 2025 1:03:39 PM",2025-10-02 01:03:39 PM 1:03:39 PM,01:16:58,,,,Enter Notes
2025-10-02 01:04:44 PM,77.8,63.1,45.0,29.37,521,29.37,2.0,76.1,54.7,268,77.7,session,"Session - Oct 2, 2025 1:03:39 PM",2025-10-02 01:03:39 PM 1:03:39 PM,01:16:58,,,,Enter Notes
2025-10-02 01:04:49 PM,77.8,63.1,44.8,29.37,519,29.37,2.4,76.1,54.6,269,77.7,session,"Session - Oct 2, 2025 1:03:39 PM",2025-10-02 01:03:39 PM 1:03:39 PM,01:16:58,,,,Enter Notes
2025-10-02 01:04:54 PM,77.7,63.0,44.6,29.37,516,29.37,1.6,75.9,54.4,268,77.5,session,"Session - Oct 2, 2025 1:03:39 PM",2025-10-02 01:03:39 PM 1:03:39 PM,01:16:58,,,,Enter Notes
2025-10-02 01:04:59 PM,77.5,62.8,44.5,29.37,519,29.37,2.0,75.7,54.2,269,77.4,session,"Session - Oct 2, 2025 1:03:39 PM",2025-10-02 01:03:39 PM 1:03:39 PM,01:16:58,,,,Enter Notes
2025-10-02 01:05:04 PM,77.7,63.0,44.4,29.37,516,29.38,1.3,76.1,54.3,269,77.7,session,"Session - Oct 2, 2025 1:03:39 PM",2025-10-02 01:03:39 PM 1:03:39 PM,01:16:58,,,,Enter Notes
2025-10-02 01:05:09 PM,77.8,63.0,44.4,29.37,516,29.38,1.1,76.1,54.4,269,77.7,session,"Session - Oct 2, 2025 1:03:39 PM",2025-10-02 01:03:39 PM 1:03:39 PM,01:16:58,,,,Enter Notes
2025-10-02 01:05:14 PM,77.4,62.8,44.5,29.37,516,29.38,2.6,75.7,54.1,269,77.4,session,"Session - Oct 2, 2025 1:03:39 PM",2025-10-02 01:03:39 PM 1:03:39 PM,01:16:58,,,,Enter Notes
2025-10-02 01:05:19 PM,77.0,62.4,44.5,29.37,516,29.38,2.8,75.2,53.8,269,77.0,session,"Session - Oct 2, 2025 1:03:39 PM",2025-10-02 01:03:39 PM 1:03:39 PM,01:16:58,,,,Enter Notes
2025-10-02 01:05:24 PM,76.5,61.9,44.5,29.37,516,29.38,2.9,74.7,53.3,268,76.5,session,"Session - Oct 2, 2025 1:03:39 PM",2025-10-02 01:03:39 PM 1:03:39 PM,01:16:58,,,,Enter Notes
2025-10-02 01:05:29 PM,75.8,61.5,44.5,29.37,519,29.37,2.4,73.9,52.7,269,75.7,session,"Session - Oct 2, 2025 1:03:39 PM",2025-10-02 01:03:39 PM 1:03:39 PM,01:16:58,,,,Enter Notes
2025-10-02 01:05:34 PM,75.7,61.5,44.7,29.37,519,29.37,1.7,73.9,52.7,268,75.7,session,"Session - Oct 2, 2025 1:03:39 PM",2025-10-02 01:03:39 PM 1:03:39 PM,01:16:58,,,,Enter Notes
2025-10-02 01:05:39 PM,75.9,61.7,44.9,29.37,519,29.37,1.1,74.1,53.0,269,75.9,session,"Session - Oct 2, 2025 1:03:39 PM",2025-10-02 01:03:39 PM 1:03:39 PM,01:16:58,,,,Enter Notes
2025-10-02 01:05:44 PM,76.3,62.2,45.7,29.37,521,29.37,0.0,74.5,53.8,270,76.1,session,"Session - Oct 2, 2025 1:03:39 PM",2025-10-02 01:03:39 PM 1:03:39 PM,01:16:58,,,,Enter Notes
2025-10-02 01:05:49 PM,76.7,62.6,46.1,29.37,516,29.37,1.1,75.0,54.4,269,76.6,session,"Session - Oct 2, 2025 1:03:39 PM",2025-10-02 01:03:39 PM 1:03:39 PM,01:16:58,,,,Enter Notes
2025-10-02 01:05:54 PM,77.0,63.0,46.1,29.37,519,29.37,0.0,75.2,54.7,269,76.8,session,"Session - Oct 2, 2025 1:03:39 PM",2025-10-02 01:03:39 PM 1:03:39 PM,01:16:58,,,,Enter Notes
2025-10-02 01:05:59 PM,77.4,63.3,46.3,29.37,521,29.37,0.0,75.9,55.2,269,77.4,session,"Session - Oct 2, 2025 1:03:39 PM",2025-10-02 01:03:39 PM 1:03:39 PM,01:16:58,,,,Enter Notes
2025-10-02 01:06:04 PM,77.6,63.7,47.0,29.37,521,29.37,0.8,76.3,55.8,269,77.5,session,"Session - Oct 2, 2025 1:03:39 PM",2025-10-02 01:03:39 PM 1:03:39 PM,01:16:58,,,,Enter Notes
2025-10-02 01:06:09 PM,77.7,63.9,47.1,29.37,521,29.37,0.0,76.3,55.9,269,77.5,session,"Session - Oct 2, 2025 1:03:39 PM",2025-10-02 01:03:39 PM 1:03:39 PM,01:16:58,,,,Enter Notes
2025-10-02 01:06:14 PM,77.9,63.9,47.2,29.37,521,29.37,0.0,76.8,56.2,269,77.9,session,"Session - Oct 2, 2025 1:03:39 PM",2025-10-02 01:03:39 PM 1:03:39 PM,01:16:58,,,,Enter Notes
2025-10-02 01:06:19 PM,78.3,64.4,47.8,29.36,524,29.36,0.0,77.2,56.9,269,78.3,session,"Session - Oct 2, 2025 1:03:39 PM",2025-10-02 01:03:39 PM 1:03:39 PM,01:16:58,,,,Enter Notes
2025-10-02 01:06:24 PM,78.3,64.8,48.8,29.37,524,29.37,0.0,77.4,57.4,269,78.3,session,"Session - Oct 2, 2025 1:03:39 PM",2025-10-02 01:03:39 PM 1:03:39 PM,01:16:58,,,,Enter Notes
2025-10-02 01:06:29 PM,78.5,65.1,48.8,29.36,527,29.36,0.0,77.7,57.7,269,78.4,session,"Session - Oct 2, 2025 1:03:39 PM",2025-10-02 01:03:39 PM 1:03:39 PM,01:16:58,,,,Enter Notes
2025-10-02 01:06:34 PM,78.5,64.9,48.5,29.36,527,29.36,0.0,77.7,57.5,269,78.4,session,"Session - Oct 2, 2025 1:03:39 PM",2025-10-02 01:03:39 PM 1:03:39 PM,01:16:58,,,,Enter Notes
2025-10-02 01:06:39 PM,78.4,64.6,48.1,29.36,530,29.36,0.0,77.2,57.2,269,78.3,session,"Session - Oct 2, 2025 1:03:39 PM",2025-10-02 01:03:39 PM 1:03:39 PM,01:16:58,,,,Enter Notes
2025-10-02 01:06:44 PM,78.6,64.6,47.3,29.36,530,29.36,0.8,77.4,56.9,268,78.4,session,"Session - Oct 2, 2025 1:03:39 PM",2025-10-02 01:03:39 PM 1:03:39 PM,01:16:58,,,,Enter Notes
2025-10-02 01:06:49 PM,78.9,64.8,46.9,29.36,530,29.36,0.0,77.9,57.0,269,78.8,session,"Session - Oct 2, 2025 1:03:39 PM",2025-10-02 01:03:39 PM 1:03:39 PM,01:16:58,,,,Enter Notes
2025-10-02 01:06:54 PM,79.1,64.6,46.4,29.36,532,29.36,0.0,77.9,56.7,268,79.0,session,"Session - Oct 2, 2025 1:03:39 PM",2025-10-02 01:03:39 PM 1:03:39 PM,01:16:58,,,,Enter Notes
2025-10-02 01:06:59 PM,79.0,64.4,45.9,29.36,532,29.36,1.4,77.7,56.4,269,78.8,session,"Session - Oct 2, 2025 1:03:39 PM",2025-10-02 01:03:39 PM 1:03:39 PM,01:16:58,,,,Enter Notes
2025-10-02 01:07:04 PM,78.5,64.0,45.3,29.35,535,29.36,2.6,77.2,55.7,269,78.4,session,"Session - Oct 2, 2025 1:03:39 PM",2025-10-02 01:03:39 PM 1:03:39 PM,01:16:58,,,,Enter Notes
2025-10-02 01:07:09 PM,78.4,63.7,45.0,29.35,535,29.36,1.2,76.8,55.3,269,78.3,session,"Session - Oct 2, 2025 1:03:39 PM",2025-10-02 01:03:39 PM 1:03:39 PM,01:16:58,,,,Enter Notes
2025-10-02 01:07:14 PM,77.8,63.0,44.6,29.35,535,29.35,2.8,76.1,54.5,269,77.7,session,"Session - Oct 2, 2025 1:03:39 PM",2025-10-02 01:03:39 PM 1:03:39 PM,01:16:58,,,,Enter Notes
2025-10-02 01:07:19 PM,77.6,63.0,44.4,29.35,540,29.35,2.8,75.9,54.3,269,77.5,session,"Session - Oct 2, 2025 1:03:39 PM",2025-10-02 01:03:39 PM 1:03:39 PM,01:16:58,,,,Enter Notes
2025-10-02 01:07:24 PM,77.5,62.8,44.3,29.35,539,29.35,2.8,75.9,54.1,268,77.5,session,"Session - Oct 2, 2025 1:03:39 PM",2025-10-02 01:03:39 PM 1:03:39 PM,01:16:58,,,,Enter Notes
2025-10-02 01:07:29 PM,77.5,62.8,44.3,29.35,540,29.35,2.3,75.7,54.1,269,77.4,session,"Session - Oct 2, 2025 1:03:39 PM",2025-10-02 01:03:39 PM 1:03:39 PM,01:16:58,,,,Enter Notes
2025-10-02 01:07:34 PM,77.6,63.0,44.5,29.35,540,29.35,1.8,75.9,54.3,269,77.5,session,"Session - Oct 2, 2025 1:03:39 PM",2025-10-02 01:03:39 PM 1:03:39 PM,01:16:58,,,,Enter Notes
2025-10-02 01:07:39 PM,77.4,62.8,44.5,29.34,543,29.35,3.6,75.7,54.1,269,77.4,session,"Session - Oct 2, 2025 1:03:39 PM",2025-10-02 01:03:39 PM 1:03:39 PM,01:16:58,,,,Enter Notes
2025-10-02 01:07:44 PM,77.1,62.6,44.7,29.34,543,29.35,4.2,75.2,54.0,269,77.0,session,"Session - Oct 2, 2025 1:03:39 PM",2025-10-02 01:03:39 PM 1:03:39 PM,01:16:58,,,,Enter Notes
2025-10-02 01:07:49 PM,77.0,62.4,44.7,29.34,547,29.34,3.9,75.2,53.9,269,77.0,session,"Session - Oct 2, 2025 1:03:39 PM",2025-10-02 01:03:39 PM 1:03:39 PM,01:16:58,,,,Enter Notes
2025-10-02 01:07:54 PM,77.1,62.6,44.7,29.34,547,29.34,2.8,75.2,54.0,269,77.0,session,"Session - Oct 2, 2025 1:03:39 PM",2025-10-02 01:03:39 PM 1:03:39 PM,01:16:58,,,,Enter Notes
2025-10-02 01:07:59 PM,76.7,62.2,44.8,29.34,547,29.34,2.9,74.8,53.6,269,76.6,session,"Session - Oct 2, 2025 1:03:39 PM",2025-10-02 01:03:39 PM 1:03:39 PM,01:16:58,,,,Enter Notes
2025-10-02 01:08:04 PM,76.4,62.1,44.7,29.34,543,29.34,2.3,74.5,53.3,268,76.3,session,"Session - Oct 2, 2025 1:03:39 PM",2025-10-02 01:03:39 PM 1:03:39 PM,01:16:58,,,,Enter Notes
2025-10-02 01:08:09 PM,76.6,62.1,44.7,29.34,549,29.34,1.4,74.7,53.5,269,76.5,session,"Session - Oct 2, 2025 1:03:39 PM",2025-10-02 01:03:39 PM 1:03:39 PM,01:16:58,,,,Enter Notes
2025-10-02 01:08:14 PM,76.8,62.2,44.9,29.34,549,29.34,0.8,75.0,53.8,268,76.8,session,"Session - Oct 2, 2025 1:03:39 PM",2025-10-02 01:03:39 PM 1:03:39 PM,01:16:58,,,,Enter Notes
2025-10-02 01:08:19 PM,77.1,62.6,45.2,29.34,549,29.34,0.8,75.4,54.2,269,77.0,session,"Session - Oct 2, 2025 1:03:39 PM",2025-10-02 01:03:39 PM 1:03:39 PM,01:16:58,,,,Enter Notes
2025-10-02 01:08:24 PM,77.4,63.1,46.1,29.34,552,29.34,0.0,75.9,55.0,269,77.4,session,"Session - Oct 2, 2025 1:03:39 PM",2025-10-02 01:03:39 PM 1:03:39 PM,01:16:58,,,,Enter Notes
2025-10-02 01:08:29 PM,77.7,63.7,46.6,29.34,549,29.34,0.9,76.3,55.7,269,77.7,session,"Session - Oct 2, 2025 1:03:39 PM",2025-10-02 01:03:39 PM 1:03:39 PM,01:16:58,,,,Enter Notes
2025-10-02 01:08:34 PM,78.2,64.2,47.4,29.34,549,29.34,0.0,77.0,56.6,269,78.1,session,"Session - Oct 2, 2025 1:03:39 PM",2025-10-02 01:03:39 PM 1:03:39 PM,01:16:58,,,,Enter Notes
2025-10-02 01:08:39 PM,78.0,64.2,47.8,29.34,549,29.34,0.8,76.8,56.6,269,77.9,session,"Session - Oct 2, 2025 1:03:39 PM",2025-10-02 01:03:39 PM 1:03:39 PM,01:16:58,,,,Enter Notes
2025-10-02 01:08:44 PM,78.0,64.2,47.7,29.33,556,29.33,0.8,76.8,56.6,268,77.9,session,"Session - Oct 2, 2025 1:03:39 PM",2025-10-02 01:03:39 PM 1:03:39 PM,01:16:58,,,,Enter Notes
2025-10-02 01:08:49 PM,78.0,64.2,47.9,29.33,556,29.33,0.0,76.8,56.7,268,77.9,session,"Session - Oct 2, 2025 1:03:39 PM",2025-10-02 01:03:39 PM 1:03:39 PM,01:16:58,,,,Enter Notes
2025-10-02 01:08:54 PM,78.1,64.2,47.8,29.33,556,29.33,0.9,76.8,56.7,269,77.9,session,"Session - Oct 2, 2025 1:03:39 PM",2025-10-02 01:03:39 PM 1:03:39 PM,01:16:58,,,,Enter Notes
2025-10-02 01:08:59 PM,78.0,64.0,47.3,29.33,561,29.33,1.0,76.8,56.3,269,77.9,session,"Session - Oct 2, 2025 1:03:39 PM",2025-10-02 01:03:39 PM 1:03:39 PM,01:16:58,,,,Enter Notes
2025-10-02 01:09:04 PM,78.0,63.9,46.9,29.33,557,29.33,1.9,76.8,56.1,269,77.9,session,"Session - Oct 2, 2025 1:03:39 PM",2025-10-02 01:03:39 PM 1:03:39 PM,01:16:58,,,,Enter Notes
2025-10-02 01:09:09 PM,78.0,63.9,46.9,29.33,561,29.33,2.6,76.8,56.0,268,77.9,session,"Session - Oct 2, 2025 1:03:39 PM",2025-10-02 01:03:39 PM 1:03:39 PM,01:16:58,,,,Enter Notes
2025-10-02 01:09:14 PM,77.9,63.7,46.4,29.32,561,29.33,0.0,76.6,55.7,268,77.9,session,"Session - Oct 2, 2025 1:03:39 PM",2025-10-02 01:03:39 PM 1:03:39 PM,01:16:58,,,,Enter Notes
2025-10-02 01:09:19 PM,78.2,63.9,46.3,29.32,564,29.33,0.9,76.8,55.9,268,78.1,session,"Session - Oct 2, 2025 1:03:39 PM",2025-10-02 01:03:39 PM 1:03:39 PM,01:16:58,,,,Enter Notes
2025-10-02 01:09:24 PM,78.5,64.2,46.4,29.32,561,29.33,0.8,77.2,56.2,269,78.4,session,"Session - Oct 2, 2025 1:03:39 PM",2025-10-02 01:03:39 PM 1:03:39 PM,01:16:58,,,,Enter Notes
2025-10-02 01:09:29 PM,78.6,64.4,46.7,29.32,561,29.33,0.0,77.4,56.5,269,78.4,session,"Session - Oct 2, 2025 1:03:39 PM",2025-10-02 01:03:39 PM 1:03:39 PM,01:16:58,,,,Enter Notes
2025-10-02 01:09:34 PM,78.5,64.4,47.2,29.32,564,29.33,0.9,77.4,56.7,269,78.4,session,"Session - Oct 2, 2025 1:03:39 PM",2025-10-02 01:03:39 PM 1:03:39 PM,01:16:58,,,,Enter Notes
2025-10-02 01:09:39 PM,78.3,64.2,47.0,29.32,561,29.33,0.0,77.2,56.4,268,78.3,session,"Session - Oct 2, 2025 1:03:39 PM",2025-10-02 01:03:39 PM 1:03:39 PM,01:16:58,,,,Enter Notes
2025-10-02 01:09:44 PM,78.4,64.2,46.6,29.32,564,29.32,0.7,77.0,56.3,269,78.3,session,"Session - Oct 2, 2025 1:03:39 PM",2025-10-02 01:03:39 PM 1:03:39 PM,01:16:58,,,,Enter Notes
2025-10-02 01:09:49 PM,78.6,64.2,46.4,29.32,565,29.32,1.0,77.2,56.3,269,78.4,session,"Session - Oct 2, 2025 1:03:39 PM",2025-10-02 01:03:39 PM 1:03:39 PM,01:16:58,,,,Enter Notes
2025-10-02 01:09:54 PM,78.7,64.2,46.2,29.32,564,29.32,1.0,77.5,56.3,269,78.6,session,"Session - Oct 2, 2025 1:03:39 PM",2025-10-02 01:03:39 PM 1:03:39 PM,01:16:58,,,,Enter Notes
2025-10-02 01:09:59 PM,78.7,64.2,46.2,29.32,564,29.32,0.0,77.5,56.3,269,78.6,session,"Session - Oct 2, 2025 1:03:39 PM",2025-10-02 01:03:39 PM 1:03:39 PM,01:16:58,,,,Enter Notes
2025-10-02 01:10:04 PM,78.7,64.2,46.3,29.32,565,29.32,0.0,77.5,56.4,269,78.6,session,"Session - Oct 2, 2025 1:03:39 PM",2025-10-02 01:03:39 PM 1:03:39 PM,01:16:58,,,,Enter Notes
2025-10-02 01:10:09 PM,78.9,64.4,46.2,29.32,564,29.32,0.9,77.7,56.5,268,78.8,session,"Session - Oct 2, 2025 1:03:39 PM",2025-10-02 01:03:39 PM 1:03:39 PM,01:16:58,,,,Enter Notes
2025-10-02 01:10:14 PM,79.1,64.6,46.4,29.32,564,29.32,0.8,77.9,56.8,268,79.0,session,"Session - Oct 2, 2025 1:03:39 PM",2025-10-02 01:03:39 PM 1:03:39 PM,01:16:58,,,,Enter Notes
2025-10-02 01:10:19 PM,79.2,64.8,46.6,29.32,561,29.33,0.9,78.1,57.0,269,79.2,session,"Session - Oct 2, 2025 1:03:39 PM",2025-10-02 01:03:39 PM 1:03:39 PM,01:16:58,,,,Enter Notes
2025-10-02 01:10:24 PM,79.4,64.9,46.7,29.32,564,29.32,0.8,78.6,57.2,269,79.3,session,"Session - Oct 2, 2025 1:03:39 PM",2025-10-02 01:03:39 PM 1:03:39 PM,01:16:58,,,,Enter Notes
2025-10-02 01:10:29 PM,79.5,65.1,47.0,29.32,564,29.33,0.0,78.6,57.5,268,79.3,session,"Session - Oct 2, 2025 1:03:39 PM",2025-10-02 01:03:39 PM 1:03:39 PM,01:16:58,,,,Enter Notes
2025-10-02 01:10:34 PM,79.7,65.5,47.6,29.33,561,29.33,0.0,79.2,58.0,268,79.7,session,"Session - Oct 2, 2025 1:03:39 PM",2025-10-02 01:03:39 PM 1:03:39 PM,01:16:58,,,,Enter Notes
2025-10-02 01:10:39 PM,79.8,65.7,47.8,29.33,561,29.33,0.0,79.2,58.2,268,79.7,session,"Session - Oct 2, 2025 1:03:39 PM",2025-10-02 01:03:39 PM 1:03:39 PM,01:16:58,,,,Enter Notes
2025-10-02 01:10:44 PM,79.2,65.1,47.5,29.33,561,29.33,1.2,78.4,57.6,268,79.2,session,"Session - Oct 2, 2025 1:03:39 PM",2025-10-02 01:03:39 PM 1:03:39 PM,01:16:58,,,,Enter Notes
2025-10-02 01:10:49 PM,78.8,64.8,47.1,29.33,561,29.33,0.7,77.7,56.9,269,78.6,session,"Session - Oct 2, 2025 1:03:39 PM",2025-10-02 01:03:39 PM 1:03:39 PM,01:16:58,,,,Enter Notes
2025-10-02 01:10:54 PM,78.8,64.4,46.6,29.33,561,29.33,1.1,77.7,56.6,269,78.8,session,"Session - Oct 2, 2025 1:03:39 PM",2025-10-02 01:03:39 PM 1:03:39 PM,01:16:58,,,,Enter Notes
2025-10-02 01:10:59 PM,78.9,64.4,46.2,29.33,561,29.33,0.9,77.7,56.5,268,78.8,session,"Session - Oct 2, 2025 1:03:39 PM",2025-10-02 01:03:39 PM 1:03:39 PM,01:16:58,,,,Enter Notes
2025-10-02 01:11:04 PM,78.6,64.2,45.8,29.33,561,29.33,1.6,77.4,56.0,268,78.6,session,"Session - Oct 2, 2025 1:03:39 PM",2025-10-02 01:03:39 PM 1:03:39 PM,01:16:58,,,,Enter Notes
2025-10-02 01:11:09 PM,78.2,63.9,45.6,29.33,557,29.33,1.8,76.6,55.5,268,78.1,session,"Session - Oct 2, 2025 1:03:39 PM",2025-10-02 01:03:39 PM 1:03:39 PM,01:16:58,,,,Enter Notes
2025-10-02 01:11:14 PM,78.1,63.5,45.4,29.33,557,29.33,0.0,76.5,55.3,269,77.9,session,"Session - Oct 2, 2025 1:03:39 PM",2025-10-02 01:03:39 PM 1:03:39 PM,01:16:58,,,,Enter Notes
2025-10-02 01:11:19 PM,78.3,63.9,45.5,29.33,561,29.33,0.8,77.0,55.5,268,78.3,session,"Session - Oct 2, 2025 1:03:39 PM",2025-10-02 01:03:39 PM 1:03:39 PM,01:16:58,,,,Enter Notes
2025-10-02 01:11:24 PM,78.7,64.2,45.5,29.33,557,29.33,1.1,77.4,55.9,269,78.6,session,"Session - Oct 2, 2025 1:03:39 PM",2025-10-02 01:03:39 PM 1:03:39 PM,01:16:58,,,,Enter Notes
2025-10-02 01:11:29 PM,79.0,64.4,45.5,29.33,561,29.33,1.1,77.9,56.2,269,79.0,session,"Session - Oct 2, 2025 1:03:39 PM",2025-10-02 01:03:39 PM 1:03:39 PM,01:16:58,,,,Enter Notes
2025-10-02 01:11:34 PM,79.2,64.6,45.6,29.33,557,29.33,1.4,78.1,56.4,269,79.2,session,"Session - Oct 2, 2025 1:03:39 PM",2025-10-02 01:03:39 PM 1:03:39 PM,01:16:58,,,,Enter Notes
2025-10-02 01:11:39 PM,79.5,64.6,45.4,29.33,557,29.33,1.3,78.3,56.5,269,79.3,session,"Session - Oct 2, 2025 1:03:39 PM",2025-10-02 01:03:39 PM 1:03:39 PM,01:16:58,,,,Enter Notes
2025-10-02 01:11:44 PM,79.4,64.4,45.0,29.32,565,29.32,0.8,78.3,56.2,268,79.3,session,"Session - Oct 2, 2025 1:03:39 PM",2025-10-02 01:03:39 PM 1:03:39 PM,01:16:58,,,,Enter Notes
2025-10-02 01:11:49 PM,79.3,64.4,44.7,29.33,561,29.33,2.6,77.9,55.9,268,79.2,session,"Session - Oct 2, 2025 1:03:39 PM",2025-10-02 01:03:39 PM 1:03:39 PM,01:16:58,,,,Enter Notes
2025-10-02 01:11:54 PM,78.8,63.9,44.4,29.32,564,29.33,3.0,77.4,55.3,268,78.8,session,"Session - Oct 2, 2025 1:03:39 PM",2025-10-02 01:03:39 PM 1:03:39 PM,01:16:58,,,,Enter Notes
2025-10-02 01:11:59 PM,78.5,63.5,44.2,29.33,556,29.33,2.5,77.0,54.9,267,78.4,session,"Session - Oct 2, 2025 1:03:39 PM",2025-10-02 01:03:39 PM 1:03:39 PM,01:16:58,,,,Enter Notes
2025-10-02 01:12:04 PM,78.3,63.3,43.9,29.33,557,29.33,2.1,76.6,54.6,267,78.3,session,"Session - Oct 2, 2025 1:03:39 PM",2025-10-02 01:03:39 PM 1:03:39 PM,01:16:58,,,,Enter Notes
2025-10-02 01:12:09 PM,77.9,63.0,44.0,29.33,556,29.33,2.1,76.3,54.2,267,77.9,session,"Session - Oct 2, 2025 1:03:39 PM",2025-10-02 01:03:39 PM 1:03:39 PM,01:16:58,,,,Enter Notes
2025-10-02 01:12:14 PM,77.6,62.8,44.3,29.33,561,29.33,2.3,75.9,54.2,267,77.5,session,"Session - Oct 2, 2025 1:03:39 PM",2025-10-02 01:03:39 PM 1:03:39 PM,01:16:58,,,,Enter Notes
2025-10-02 01:12:19 PM,77.6,63.0,44.5,29.33,556,29.33,2.2,75.9,54.3,267,77.5,session,"Session - Oct 2, 2025 1:03:39 PM",2025-10-02 01:03:39 PM 1:03:39 PM,01:16:58,,,,Enter Notes
2025-10-02 01:12:24 PM,77.0,62.6,45.0,29.34,552,29.34,2.4,75.2,54.0,267,77.0,session,"Session - Oct 2, 2025 1:03:39 PM",2025-10-02 01:03:39 PM 1:03:39 PM,01:16:58,,,,Enter Notes
2025-10-02 01:12:29 PM,76.4,62.1,45.3,29.34,549,29.34,2.2,74.7,53.7,267,76.3,session,"Session - Oct 2, 2025 1:03:39 PM",2025-10-02 01:03:39 PM 1:03:39 PM,01:16:58,,,,Enter Notes
2025-10-02 01:12:34 PM,76.7,62.6,45.8,29.33,556,29.33,1.5,75.0,54.2,267,76.6,session,"Session - Oct 2, 2025 1:03:39 PM",2025-10-02 01:03:39 PM 1:03:39 PM,01:16:58,,,,Enter Notes
2025-10-02 01:12:39 PM,76.9,62.8,46.0,29.34,547,29.34,2.6,75.2,54.6,267,76.8,session,"Session - Oct 2, 2025 1:03:39 PM",2025-10-02 01:03:39 PM 1:03:39 PM,01:16:58,,,,Enter Notes
2025-10-02 01:12:44 PM,76.9,62.6,46.0,29.34,547,29.34,4.0,75.2,54.5,267,76.8,session,"Session - Oct 2, 2025 1:03:39 PM",2025-10-02 01:03:39 PM 1:03:39 PM,01:16:58,,,,Enter Notes
2025-10-02 01:12:49 PM,76.9,62.8,45.7,29.34,547,29.34,2.8,75.2,54.4,266,76.8,session,"Session - Oct 2, 2025 1:03:39 PM",2025-10-02 01:03:39 PM 1:03:39 PM,01:16:58,,,,Enter Notes
2025-10-02 01:12:54 PM,76.7,62.2,45.3,29.34,547,29.34,3.3,75.0,53.9,267,76.6,session,"Session - Oct 2, 2025 1:03:39 PM",2025-10-02 01:03:39 PM 1:03:39 PM,01:16:58,,,,Enter Notes
2025-10-02 01:12:59 PM,76.5,62.1,45.1,29.34,547,29.34,3.1,74.8,53.7,267,76.5,session,"Session - Oct 2, 2025 1:03:39 PM",2025-10-02 01:03:39 PM 1:03:39 PM,01:16:58,,,,Enter Notes
2025-10-02 01:13:04 PM,76.5,62.1,45.0,29.34,543,29.34,1.7,74.8,53.6,267,76.5,session,"Session - Oct 2, 2025 1:03:39 PM",2025-10-02 01:03:39 PM 1:03:39 PM,01:16:58,,,,Enter Notes
2025-10-02 01:13:09 PM,76.9,62.4,45.0,29.34,543,29.35,1.3,75.2,54.0,267,76.8,session,"Session - Oct 2, 2025 1:03:39 PM",2025-10-02 01:03:39 PM 1:03:39 PM,01:16:58,,,,Enter Notes
2025-10-02 01:13:14 PM,77.5,63.0,45.1,29.34,540,29.35,0.0,75.9,54.5,267,77.4,session,"Session - Oct 2, 2025 1:03:39 PM",2025-10-02 01:03:39 PM 1:03:39 PM,01:16:58,,,,Enter Notes
2025-10-02 01:13:19 PM,77.7,63.1,45.1,29.35,540,29.35,0.8,76.1,54.8,267,77.5,session,"Session - Oct 2, 2025 1:03:39 PM",2025-10-02 01:03:39 PM 1:03:39 PM,01:16:58,,,,Enter Notes
2025-10-02 01:13:24 PM,78.0,63.5,45.3,29.35,539,29.35,0.0,76.5,55.1,267,77.9,session,"Session - Oct 2, 2025 1:03:39 PM",2025-10-02 01:03:39 PM 1:03:39 PM,01:16:58,,,,Enter Notes
2025-10-02 01:13:29 PM,78.0,63.5,45.4,29.35,539,29.35,0.0,76.5,55.2,267,77.9,session,"Session - Oct 2, 2025 1:03:39 PM",2025-10-02 01:03:39 PM 1:03:39 PM,01:16:58,,,,Enter Notes
2025-10-02 01:13:34 PM,78.0,63.7,45.8,29.34,540,29.35,0.0,76.5,55.5,267,77.9,session,"Session - Oct 2, 2025 1:03:39 PM",2025-10-02 01:03:39 PM 1:03:39 PM,01:16:58,,,,Enter Notes
2025-10-02 01:13:39 PM,78.5,64.0,46.1,29.35,535,29.35,0.0,77.2,56.0,267,78.4,session,"Session - Oct 2, 2025 1:03:39 PM",2025-10-02 01:03:39 PM 1:03:39 PM,01:16:58,,,,Enter Notes
2025-10-02 01:13:44 PM,78.7,64.4,46.6,29.35,535,29.36,0.0,77.5,56.5,267,78.6,session,"Session - Oct 2, 2025 1:03:39 PM",2025-10-02 01:03:39 PM 1:03:39 PM,01:16:58,,,,Enter Notes
2025-10-02 01:13:49 PM,78.7,64.6,47.2,29.35,539,29.35,0.0,77.7,56.9,267,78.6,session,"Session - Oct 2, 2025 1:03:39 PM",2025-10-02 01:03:39 PM 1:03:39 PM,01:16:58,,,,Enter Notes
2025-10-02 01:13:54 PM,78.2,64.2,47.4,29.35,535,29.36,0.0,77.0,56.5,267,78.1,session,"Session - Oct 2, 2025 1:03:39 PM",2025-10-02 01:03:39 PM 1:03:39 PM,01:16:58,,,,Enter Notes
2025-10-02 01:13:59 PM,77.7,63.9,47.3,29.36,532,29.36,0.0,76.3,56.0,267,77.5,session,"Session - Oct 2, 2025 1:03:39 PM",2025-10-02 01:03:39 PM 1:03:39 PM,01:16:58,,,,Enter Notes
2025-10-02 01:14:04 PM,77.0,63.1,46.8,29.36,530,29.36,1.9,75.6,55.1,268,77.0,session,"Session - Oct 2, 2025 1:03:39 PM",2025-10-02 01:03:39 PM 1:03:39 PM,01:16:58,,,,Enter Notes
2025-10-02 01:14:09 PM,76.8,62.8,46.4,29.36,532,29.36,2.9,75.0,54.7,267,76.6,session,"Session - Oct 2, 2025 1:03:39 PM",2025-10-02 01:03:39 PM 1:03:39 PM,01:16:58,,,,Enter Notes
2025-10-02 01:14:14 PM,76.4,62.2,45.8,29.36,530,29.36,3.2,74.7,54.0,267,76.3,session,"Session - Oct 2, 2025 1:03:39 PM",2025-10-02 01:03:39 PM 1:03:39 PM,01:16:58,,,,Enter Notes
2025-10-02 01:14:19 PM,76.4,62.2,45.6,29.35,532,29.36,3.8,74.7,53.9,268,76.3,session,"Session - Oct 2, 2025 1:03:39 PM",2025-10-02 01:03:39 PM 1:03:39 PM,01:16:58,,,,Enter Notes
2025-10-02 01:14:24 PM,76.5,62.2,45.5,29.36,532,29.36,3.0,74.8,53.9,267,76.5,session,"Session - Oct 2, 2025 1:03:39 PM",2025-10-02 01:03:39 PM 1:03:39 PM,01:16:58,,,,Enter Notes
2025-10-02 01:14:29 PM,77.0,62.6,45.5,29.36,532,29.36,1.5,75.2,54.4,267,76.8,session,"Session - Oct 2, 2025 1:03:39 PM",2025-10-02 01:03:39 PM 1:03:39 PM,01:16:58,,,,Enter Notes
2025-10-02 01:14:34 PM,77.5,63.1,45.7,29.36,530,29.36,2.0,75.9,54.9,267,77.4,session,"Session - Oct 2, 2025 1:03:39 PM",2025-10-02 01:03:39 PM 1:03:39 PM,01:16:58,,,,Enter Notes
2025-10-02 01:14:39 PM,77.4,63.0,45.7,29.36,524,29.36,2.2,75.9,54.8,267,77.4,session,"Session - Oct 2, 2025 1:03:39 PM",2025-10-02 01:03:39 PM 1:03:39 PM,01:16:58,,,,Enter Notes
2025-10-02 01:14:44 PM,77.0,62.8,45.8,29.36,527,29.36,3.2,75.4,54.5,267,77.0,session,"Session - Oct 2, 2025 1:03:39 PM",2025-10-02 01:03:39 PM 1:03:39 PM,01:16:58,,,,Enter Notes
2025-10-02 01:14:49 PM,77.0,62.8,45.7,29.36,527,29.36,2.2,75.2,54.5,267,76.8,session,"Session - Oct 2, 2025 1:03:39 PM",2025-10-02 01:03:39 PM 1:03:39 PM,01:16:58,,,,Enter Notes
2025-10-02 01:14:54 PM,77.2,63.0,45.8,29.36,527,29.36,1.6,75.4,54.7,267,77.0,session,"Session - Oct 2, 2025 1:03:39 PM",2025-10-02 01:03:39 PM 1:03:39 PM,01:16:58,,,,Enter Notes
2025-10-02 01:14:59 PM,77.4,63.1,46.0,29.36,524,29.36,1.9,75.9,55.0,267,77.4,session,"Session - Oct 2, 2025 1:03:39 PM",2025-10-02 01:03:39 PM 1:03:39 PM,01:16:58,,,,Enter Notes
2025-10-02 01:15:04 PM,77.3,63.3,46.7,29.37,524,29.37,1.8,75.9,55.3,267,77.2,session,"Session - Oct 2, 2025 1:03:39 PM",2025-10-02 01:03:39 PM 1:03:39 PM,01:16:58,,,,Enter Notes
2025-10-02 01:15:09 PM,76.6,63.0,47.2,29.37,519,29.37,2.0,75.0,55.0,267,76.5,session,"Session - Oct 2, 2025 1:03:39 PM",2025-10-02 01:03:39 PM 1:03:39 PM,01:16:58,,,,Enter Notes
2025-10-02 01:15:14 PM,75.8,62.4,47.5,29.37,519,29.37,2.3,74.3,54.4,267,75.7,session,"Session - Oct 2, 2025 1:03:39 PM",2025-10-02 01:03:39 PM 1:03:39 PM,01:16:58,,,,Enter Notes
2025-10-02 01:15:19 PM,75.4,62.1,47.6,29.37,521,29.37,2.4,73.9,54.2,267,75.4,session,"Session - Oct 2, 2025 1:03:39 PM",2025-10-02 01:03:39 PM 1:03:39 PM,01:16:58,,,,Enter Notes
2025-10-02 01:15:24 PM,75.7,62.4,47.6,29.37,524,29.37,2.6,74.1,54.4,267,75.6,session,"Session - Oct 2, 2025 1:03:39 PM",2025-10-02 01:03:39 PM 1:03:39 PM,01:16:58,,,,Enter Notes
2025-10-02 01:15:29 PM,76.1,62.6,47.4,29.37,524,29.37,2.1,74.7,54.7,267,76.1,session,"Session - Oct 2, 2025 1:03:39 PM",2025-10-02 01:03:39 PM 1:03:39 PM,01:16:58,,,,Enter Notes
2025-10-02 01:15:34 PM,76.0,62.4,47.2,29.37,521,29.37,2.8,74.5,54.4,267,75.9,session,"Session - Oct 2, 2025 1:03:39 PM",2025-10-02 01:03:39 PM 1:03:39 PM,01:16:58,,,,Enter Notes
2025-10-02 01:15:39 PM,76.0,62.4,47.0,29.37,521,29.37,1.8,74.5,54.3,267,75.9,session,"Session - Oct 2, 2025 1:03:39 PM",2025-10-02 01:03:39 PM 1:03:39 PM,01:16:58,,,,Enter Notes
2025-10-02 01:15:44 PM,76.2,62.4,46.6,29.37,524,29.37,1.9,74.5,54.3,267,76.1,session,"Session - Oct 2, 2025 1:03:39 PM",2025-10-02 01:03:39 PM 1:03:39 PM,01:16:58,,,,Enter Notes
2025-10-02 01:15:49 PM,76.4,62.4,46.4,29.37,524,29.37,2.5,74.7,54.3,267,76.3,session,"Session - Oct 2, 2025 1:03:39 PM",2025-10-02 01:03:39 PM 1:03:39 PM,01:16:58,,,,Enter Notes
2025-10-02 01:15:54 PM,76.3,62.4,46.5,29.37,521,29.37,1.4,74.5,54.3,267,76.1,session,"Session - Oct 2, 2025 1:03:39 PM",2025-10-02 01:03:39 PM 1:03:39 PM,01:16:58,,,,Enter Notes
2025-10-02 01:15:59 PM,76.4,62.6,46.6,29.37,524,29.37,1.8,74.7,54.5,267,76.3,session,"Session - Oct 2, 2025 1:03:39 PM",2025-10-02 01:03:39 PM 1:03:39 PM,01:16:58,,,,Enter Notes
2025-10-02 01:16:04 PM,76.6,62.8,46.8,29.37,524,29.37,1.6,75.2,54.8,267,76.6,session,"Session - Oct 2, 2025 1:03:39 PM",2025-10-02 01:03:39 PM 1:03:39 PM,01:16:58,,,,Enter Notes
2025-10-02 01:16:09 PM,76.7,62.8,46.8,29.37,521,29.37,1.6,75.2,54.8,268,76.6,session,"Session - Oct 2, 2025 1:03:39 PM",2025-10-02 01:03:39 PM 1:03:39 PM,01:16:58,,,,Enter Notes
2025-10-02 01:16:14 PM,76.3,62.4,46.4,29.36,527,29.36,3.5,74.5,54.2,268,76.1,session,"Session - Oct 2, 2025 1:03:39 PM",2025-10-02 01:03:39 PM 1:03:39 PM,01:16:58,,,,Enter Notes
2025-10-02 01:16:19 PM,75.7,61.9,46.1,29.36,527,29.36,1.8,73.9,53.6,268,75.6,session,"Session - Oct 2, 2025 1:03:39 PM",2025-10-02 01:03:39 PM 1:03:39 PM,01:16:58,,,,Enter Notes
2025-10-02 01:16:24 PM,75.8,61.9,45.9,29.37,524,29.37,0.0,74.1,53.5,267,75.7,session,"Session - Oct 2, 2025 1:03:39 PM",2025-10-02 01:03:39 PM 1:03:39 PM,01:16:58,,,,Enter Notes
2025-10-02 01:16:29 PM,75.9,61.9,45.9,29.36,524,29.36,3.3,74.3,53.6,267,75.9,session,"Session - Oct 2, 2025 1:03:39 PM",2025-10-02 01:03:39 PM 1:03:39 PM,01:16:58,,,,Enter Notes
2025-10-02 01:16:34 PM,75.9,61.9,45.9,29.36,524,29.36,0.8,74.3,53.7,267,75.9,session,"Session - Oct 2, 2025 1:03:39 PM",2025-10-02 01:03:39 PM 1:03:39 PM,01:16:58,,,,Enter Notes
2025-10-02 01:16:39 PM,76.2,62.2,46.2,29.37,524,29.37,0.0,74.5,54.0,267,76.1,session,"Session - Oct 2, 2025 1:03:39 PM",2025-10-02 01:03:39 PM 1:03:39 PM,01:16:58,,,,Enter Notes
2025-10-02 01:16:44 PM,75.7,61.9,46.4,29.36,524,29.36,3.4,73.9,53.7,267,75.6,session,"Session - Oct 2, 2025 1:03:39 PM",2025-10-02 01:03:39 PM 1:03:39 PM,01:16:58,,,,Enter Notes
2025-10-02 01:16:49 PM,75.6,61.7,46.3,29.36,527,29.36,1.6,73.9,53.6,267,75.6,session,"Session - Oct 2, 2025 1:03:39 PM",2025-10-02 01:03:39 PM 1:03:39 PM,01:16:58,,,,Enter Notes
2025-10-02 01:16:54 PM,75.7,61.7,46.1,29.36,527,29.36,4.6,73.9,53.5,268,75.6,session,"Session - Oct 2, 2025 1:03:39 PM",2025-10-02 01:03:39 PM 1:03:39 PM,01:16:58,,,,Enter Notes
2025-10-02 01:16:59 PM,74.8,61.0,46.0,29.36,527,29.36,3.6,73.2,52.6,267,74.7,session,"Session - Oct 2, 2025 1:03:39 PM",2025-10-02 01:03:39 PM 1:03:39 PM,01:16:58,,,,Enter Notes
2025-10-02 01:17:04 PM,74.8,61.0,45.9,29.36,524,29.36,3.3,73.2,52.6,267,74.7,session,"Session - Oct 2, 2025 1:03:39 PM",2025-10-02 01:03:39 PM 1:03:39 PM,01:16:58,,,,Enter Notes
2025-10-02 01:17:09 PM,75.2,61.5,46.2,29.36,527,29.36,3.0,73.6,53.1,267,75.0,session,"Session - Oct 2, 2025 1:03:39 PM",2025-10-02 01:03:39 PM 1:03:39 PM,01:16:58,,,,Enter Notes
2025-10-02 01:17:14 PM,75.6,61.7,46.5,29.36,530,29.36,2.4,73.9,53.6,267,75.6,session,"Session - Oct 2, 2025 1:03:39 PM",2025-10-02 01:03:39 PM 1:03:39 PM,01:16:58,,,,Enter Notes
2025-10-02 01:17:19 PM,75.8,61.9,46.5,29.36,532,29.36,2.9,74.1,53.8,267,75.7,session,"Session - Oct 2, 2025 1:03:39 PM",2025-10-02 01:03:39 PM 1:03:39 PM,01:16:58,,,,Enter Notes
2025-10-02 01:17:24 PM,76.0,62.2,46.7,29.35,532,29.36,2.2,74.3,54.2,268,75.9,session,"Session - Oct 2, 2025 1:03:39 PM",2025-10-02 01:03:39 PM 1:03:39 PM,01:16:58,,,,Enter Notes
2025-10-02 01:17:29 PM,76.2,62.4,46.8,29.35,532,29.36,2.5,74.7,54.4,267,76.1,session,"Session - Oct 2, 2025 1:03:39 PM",2025-10-02 01:03:39 PM 1:03:39 PM,01:16:58,,,,Enter Notes
2025-10-02 01:17:34 PM,76.2,62.4,46.9,29.35,535,29.36,3.1,74.7,54.4,267,76.1,session,"Session - Oct 2, 2025 1:03:39 PM",2025-10-02 01:03:39 PM 1:03:39 PM,01:16:58,,,,Enter Notes
2025-10-02 01:17:39 PM,76.4,62.6,47.1,29.35,535,29.35,1.6,74.8,54.7,267,76.3,session,"Session - Oct 2, 2025 1:03:39 PM",2025-10-02 01:03:39 PM 1:03:39 PM,01:16:58,,,,Enter Notes
2025-10-02 01:17:44 PM,76.7,63.1,47.6,29.35,535,29.36,0.8,75.2,55.3,268,76.6,session,"Session - Oct 2, 2025 1:03:39 PM",2025-10-02 01:03:39 PM 1:03:39 PM,01:16:58,,,,Enter Notes
2025-10-02 01:17:49 PM,77.0,63.7,48.3,29.35,535,29.36,0.7,75.6,56.0,267,77.0,session,"Session - Oct 2, 2025 1:03:39 PM",2025-10-02 01:03:39 PM 1:03:39 PM,01:16:58,,,,Enter Notes
2025-10-02 01:17:54 PM,77.2,63.9,48.5,29.35,535,29.36,4.2,76.1,56.3,267,77.2,session,"Session - Oct 2, 2025 1:03:39 PM",2025-10-02 01:03:39 PM 1:03:39 PM,01:16:58,,,,Enter Notes
2025-10-02 01:17:59 PM,77.2,63.7,48.1,29.35,539,29.35,2.1,75.9,56.0,266,77.2,session,"Session - Oct 2, 2025 1:03:39 PM",2025-10-02 01:03:39 PM 1:03:39 PM,01:16:58,,,,Enter Notes
2025-10-02 01:18:04 PM,77.3,63.5,47.5,29.35,539,29.35,0.8,75.9,55.8,268,77.2,session,"Session - Oct 2, 2025 1:03:39 PM",2025-10-02 01:03:39 PM 1:03:39 PM,01:16:58,,,,Enter Notes
2025-10-02 01:18:09 PM,77.3,63.3,47.2,29.35,535,29.35,0.7,75.9,55.6,267,77.2,session,"Session - Oct 2, 2025 1:03:39 PM",2025-10-02 01:03:39 PM 1:03:39 PM,01:16:58,,,,Enter Notes
2025-10-02 01:18:14 PM,77.1,63.3,47.1,29.35,539,29.35,0.7,75.6,55.5,268,77.0,session,"Session - Oct 2, 2025 1:03:39 PM",2025-10-02 01:03:39 PM 1:03:39 PM,01:16:58,,,,Enter Notes
2025-10-02 01:18:19 PM,77.2,63.3,47.2,29.35,539,29.35,0.7,75.9,55.6,267,77.2,session,"Session - Oct 2, 2025 1:03:39 PM",2025-10-02 01:03:39 PM 1:03:39 PM,01:16:58,,,,Enter Notes
2025-10-02 01:18:24 PM,77.2,63.5,47.4,29.35,540,29.35,0.0,75.9,55.7,267,77.2,session,"Session - Oct 2, 2025 1:03:39 PM",2025-10-02 01:03:39 PM 1:03:39 PM,01:16:58,,,,Enter Notes
2025-10-02 01:18:29 PM,77.0,63.3,47.5,29.34,540,29.35,0.0,75.6,55.5,268,77.0,session,"Session - Oct 2, 2025 1:03:39 PM",2025-10-02 01:03:39 PM 1:03:39 PM,01:16:58,,,,Enter Notes
2025-10-02 01:18:34 PM,76.4,62.6,46.9,29.34,543,29.35,2.7,74.8,54.7,268,76.3,session,"Session - Oct 2, 2025 1:03:39 PM",2025-10-02 01:03:39 PM 1:03:39 PM,01:16:58,,,,Enter Notes
2025-10-02 01:18:39 PM,75.5,61.7,46.3,29.34,543,29.35,1.9,73.8,53.5,267,75.4,session,"Session - Oct 2, 2025 1:03:39 PM",2025-10-02 01:03:39 PM 1:03:39 PM,01:16:58,,,,Enter Notes
2025-10-02 01:18:44 PM,75.3,61.5,46.4,29.34,543,29.35,1.0,73.6,53.4,268,75.2,session,"Session - Oct 2, 2025 1:03:39 PM",2025-10-02 01:03:39 PM 1:03:39 PM,01:16:58,,,,Enter Notes
2025-10-02 01:18:49 PM,75.4,61.5,46.5,29.34,543,29.35,0.0,73.8,53.5,268,75.4,session,"Session - Oct 2, 2025 1:03:39 PM",2025-10-02 01:03:39 PM 1:03:39 PM,01:16:58,,,,Enter Notes
2025-10-02 01:18:54 PM,75.5,61.5,46.1,29.34,543,29.35,0.0,73.8,53.3,268,75.4,session,"Session - Oct 2, 2025 1:03:39 PM",2025-10-02 01:03:39 PM 1:03:39 PM,01:16:58,,,,Enter Notes
2025-10-02 01:18:59 PM,75.4,61.5,45.9,29.34,543,29.35,1.3,73.6,53.1,267,75.2,session,"Session - Oct 2, 2025 1:03:39 PM",2025-10-02 01:03:39 PM 1:03:39 PM,01:16:58,,,,Enter Notes
2025-10-02 01:19:04 PM,75.3,61.5,45.8,29.34,543,29.34,1.5,73.6,53.0,268,75.2,session,"Session - Oct 2, 2025 1:03:39 PM",2025-10-02 01:03:39 PM 1:03:39 PM,01:16:58,,,,Enter Notes
2025-10-02 01:19:09 PM,75.3,61.5,45.9,29.34,543,29.35,2.8,73.6,53.0,268,75.2,session,"Session - Oct 2, 2025 1:03:39 PM",2025-10-02 01:03:39 PM 1:03:39 PM,01:16:58,,,,Enter Notes
2025-10-02 01:19:14 PM,75.2,61.5,46.1,29.34,543,29.35,3.0,73.6,53.1,268,75.0,session,"Session - Oct 2, 2025 1:03:39 PM",2025-10-02 01:03:39 PM 1:03:39 PM,01:16:58,,,,Enter Notes
2025-10-02 01:19:19 PM,75.0,61.3,46.3,29.34,543,29.35,3.7,73.4,53.0,268,74.8,session,"Session - Oct 2, 2025 1:03:39 PM",2025-10-02 01:03:39 PM 1:03:39 PM,01:16:58,,,,Enter Notes
2025-10-02 01:19:24 PM,74.6,61.0,46.4,29.34,543,29.35,4.2,73.0,52.7,268,74.5,session,"Session - Oct 2, 2025 1:03:39 PM",2025-10-02 01:03:39 PM 1:03:39 PM,01:16:58,,,,Enter Notes
2025-10-02 01:19:29 PM,74.4,60.8,46.5,29.34,540,29.35,5.1,72.9,52.5,268,74.3,session,"Session - Oct 2, 2025 1:03:39 PM",2025-10-02 01:03:39 PM 1:03:39 PM,01:16:58,,,,Enter Notes
2025-10-02 01:19:34 PM,73.9,60.4,46.5,29.34,543,29.34,2.8,72.3,52.1,268,73.9,session,"Session - Oct 2, 2025 1:03:39 PM",2025-10-02 01:03:39 PM 1:03:39 PM,01:16:58,,,,Enter Notes
2025-10-02 01:19:39 PM,73.8,60.4,46.4,29.34,543,29.34,1.4,72.3,52.0,268,73.8,session,"Session - Oct 2, 2025 1:03:39 PM",2025-10-02 01:03:39 PM 1:03:39 PM,01:16:58,,,,Enter Notes
2025-10-02 01:19:44 PM,73.8,60.4,46.4,29.34,543,29.35,2.1,72.3,51.9,268,73.8,session,"Session - Oct 2, 2025 1:03:39 PM",2025-10-02 01:03:39 PM 1:03:39 PM,01:16:58,,,,Enter Notes
2025-10-02 01:19:49 PM,73.5,60.2,46.5,29.34,543,29.34,2.0,72.1,51.8,268,73.4,session,"Session - Oct 2, 2025 1:03:39 PM",2025-10-02 01:03:39 PM 1:03:39 PM,01:16:58,,,,Enter Notes
2025-10-02 01:19:54 PM,73.6,60.2,46.5,29.34,543,29.34,2.1,72.3,51.9,268,73.6,session,"Session - Oct 2, 2025 1:03:39 PM",2025-10-02 01:03:39 PM 1:03:39 PM,01:16:58,,,,Enter Notes
2025-10-02 01:19:59 PM,73.4,60.1,46.6,29.34,543,29.34,2.4,72.0,51.7,267,73.2,session,"Session - Oct 2, 2025 1:03:39 PM",2025-10-02 01:03:39 PM 1:03:39 PM,01:16:58,,,,Enter Notes
2025-10-02 01:20:04 PM,73.1,59.9,46.8,29.34,547,29.34,4.2,71.8,51.6,268,73.0,session,"Session - Oct 2, 2025 1:03:39 PM",2025-10-02 01:03:39 PM 1:03:39 PM,01:16:58,,,,Enter Notes
2025-10-02 01:20:09 PM,73.6,60.4,47.0,29.34,549,29.34,3.7,72.3,52.2,268,73.6,session,"Session - Oct 2, 2025 1:03:39 PM",2025-10-02 01:03:39 PM 1:03:39 PM,01:16:58,,,,Enter Notes
2025-10-02 01:20:14 PM,73.9,60.6,47.2,29.34,547,29.34,4.1,72.5,52.5,267,73.8,session,"Session - Oct 2, 2025 1:03:39 PM",2025-10-02 01:03:39 PM 1:03:39 PM,01:16:58,,,,Enter Notes
2025-10-02 01:20:19 PM,73.6,60.4,47.3,29.34,547,29.34,1.7,72.3,52.3,268,73.6,session,"Session - Oct 2, 2025 1:03:39 PM",2025-10-02 01:03:39 PM 1:03:39 PM,01:16:58,,,,Enter Notes
2025-10-02 01:20:24 PM,74.1,61.0,47.5,29.34,547,29.34,0.0,72.7,52.9,267,73.9,session,"Session - Oct 2, 2025 1:03:39 PM",2025-10-02 01:03:39 PM 1:03:39 PM,01:16:58,,,,Enter Notes
2025-10-02 01:20:29 PM,74.9,61.7,47.8,29.34,549,29.34,1.7,73.6,53.8,267,74.8,session,"Session - Oct 2, 2025 1:03:39 PM",2025-10-02 01:03:39 PM 1:03:39 PM,01:16:58,,,,Enter Notes
2025-10-02 01:20:34 PM,75.3,62.2,48.3,29.34,543,29.34,3.4,73.8,54.5,268,75.2,session,"Session - Oct 2, 2025 1:03:39 PM",2025-10-02 01:03:39 PM 1:03:39 PM,01:16:58,,,,Enter Notes
2025-10-02 01:20:39 PM,75.4,62.2,48.3,29.34,543,29.35,2.3,73.9,54.5,267,75.4,session,"Session - Oct 2, 2025 1:03:39 PM",2025-10-02 01:03:39 PM 1:03:39 PM,01:16:58,,,,Enter Notes
2025-10-02 01:20:44 PM,74.1,61.2,48.2,29.34,543,29.35,5.3,72.7,53.2,267,73.9,session,"Session - Oct 2, 2025 1:03:39 PM",2025-10-02 01:03:39 PM 1:03:39 PM,01:16:58,,,,Enter Notes
2025-10-02 01:20:49 PM,72.6,59.9,48.1,29.34,543,29.35,5.1,71.4,51.9,267,72.5,session,"Session - Oct 2, 2025 1:03:39 PM",2025-10-02 01:03:39 PM 1:03:39 PM,01:16:58,,,,Enter Notes
2025-10-02 01:20:54 PM,72.1,59.5,48.0,29.34,543,29.35,4.9,71.1,51.4,268,72.0,session,"Session - Oct 2, 2025 1:03:39 PM",2025-10-02 01:03:39 PM 1:03:39 PM,01:16:58,,,,Enter Notes
2025-10-02 01:20:59 PM,72.4,59.7,48.0,29.34,543,29.34,3.6,71.2,51.7,267,72.3,session,"Session - Oct 2, 2025 1:03:39 PM",2025-10-02 01:03:39 PM 1:03:39 PM,01:16:58,,,,Enter Notes
2025-10-02 01:21:04 PM,73.0,60.2,48.4,29.34,543,29.34,1.7,71.8,52.4,267,72.9,session,"Session - Oct 2, 2025 1:03:39 PM",2025-10-02 01:03:39 PM 1:03:39 PM,01:16:58,,,,Enter Notes
2025-10-02 01:21:09 PM,73.4,60.8,48.5,29.34,543,29.34,2.7,72.3,52.8,267,73.4,session,"Session - Oct 2, 2025 1:03:39 PM",2025-10-02 01:03:39 PM 1:03:39 PM,01:16:58,,,,Enter Notes
2025-10-02 01:21:14 PM,73.2,60.6,48.8,29.34,547,29.34,1.9,72.0,52.8,268,73.0,session,"Session - Oct 2, 2025 1:03:39 PM",2025-10-02 01:03:39 PM 1:03:39 PM,01:16:58,,,,Enter Notes
2025-10-02 01:21:19 PM,73.5,60.8,48.8,29.34,549,29.34,1.9,72.3,53.1,268,73.4,session,"Session - Oct 2, 2025 1:03:39 PM",2025-10-02 01:03:39 PM 1:03:39 PM,01:16:58,,,,Enter Notes
2025-10-02 01:21:24 PM,73.7,61.0,49.0,29.34,549,29.34,1.9,72.5,53.3,268,73.6,session,"Session - Oct 2, 2025 1:03:39 PM",2025-10-02 01:03:39 PM 1:03:39 PM,01:16:58,,,,Enter Notes
2025-10-02 01:21:29 PM,73.9,61.2,49.0,29.34,549,29.34,1.9,72.7,53.5,267,73.8,session,"Session - Oct 2, 2025 1:03:39 PM",2025-10-02 01:03:39 PM 1:03:39 PM,01:16:58,,,,Enter Notes
2025-10-02 01:21:34 PM,74.2,61.5,48.9,29.34,549,29.34,1.9,73.0,53.8,267,74.1,session,"Session - Oct 2, 2025 1:03:39 PM",2025-10-02 01:03:39 PM 1:03:39 PM,01:16:58,,,,Enter Notes
2025-10-02 01:21:39 PM,74.9,61.9,48.9,29.34,549,29.34,2.5,73.6,54.4,268,74.8,session,"Session - Oct 2, 2025 1:03:39 PM",2025-10-02 01:03:39 PM 1:03:39 PM,01:16:58,,,,Enter Notes
2025-10-02 01:21:44 PM,75.2,62.2,48.9,29.34,549,29.34,2.3,73.9,54.7,267,75.2,session,"Session - Oct 2, 2025 1:03:39 PM",2025-10-02 01:03:39 PM 1:03:39 PM,01:16:58,,,,Enter Notes
2025-10-02 01:21:49 PM,75.3,62.4,48.8,29.34,547,29.34,1.6,73.9,54.7,267,75.2,session,"Session - Oct 2, 2025 1:03:39 PM",2025-10-02 01:03:39 PM 1:03:39 PM,01:16:58,,,,Enter Notes
2025-10-02 01:21:54 PM,75.1,62.2,48.8,29.34,547,29.34,1.4,73.8,54.6,267,75.0,session,"Session - Oct 2, 2025 1:03:39 PM",2025-10-02 01:03:39 PM 1:03:39 PM,01:16:58,,,,Enter Notes
2025-10-02 01:21:59 PM,75.8,62.8,48.8,29.34,547,29.34,0.9,74.5,55.2,268,75.7,session,"Session - Oct 2, 2025 1:03:39 PM",2025-10-02 01:03:39 PM 1:03:39 PM,01:16:58,,,,Enter Notes
2025-10-02 01:22:04 PM,75.9,62.8,48.7,29.34,549,29.34,4.2,74.7,55.2,268,75.9,session,"Session - Oct 2, 2025 1:03:39 PM",2025-10-02 01:03:39 PM 1:03:39 PM,01:16:58,,,,Enter Notes
2025-10-02 01:22:09 PM,75.5,62.4,48.5,29.34,547,29.34,5.6,74.1,54.7,268,75.4,session,"Session - Oct 2, 2025 1:03:39 PM",2025-10-02 01:03:39 PM 1:03:39 PM,01:16:58,,,,Enter Notes
2025-10-02 01:22:14 PM,74.5,61.5,48.1,29.34,547,29.34,5.8,73.2,53.6,268,74.5,session,"Session - Oct 2, 2025 1:03:39 PM",2025-10-02 01:03:39 PM 1:03:39 PM,01:16:58,,,,Enter Notes
2025-10-02 01:22:19 PM,74.1,61.2,47.9,29.34,547,29.34,6.9,72.7,53.1,268,73.9,session,"Session - Oct 2, 2025 1:03:39 PM",2025-10-02 01:03:39 PM 1:03:39 PM,01:16:58,,,,Enter Notes
2025-10-02 01:22:24 PM,74.1,61.2,47.8,29.34,547,29.34,4.9,72.7,53.1,268,73.9,session,"Session - Oct 2, 2025 1:03:39 PM",2025-10-02 01:03:39 PM 1:03:39 PM,01:16:58,,,,Enter Notes
2025-10-02 01:22:29 PM,74.6,61.5,47.8,29.33,557,29.33,3.3,73.2,53.5,268,74.5,session,"Session - Oct 2, 2025 1:03:39 PM",2025-10-02 01:03:39 PM 1:03:39 PM,01:16:58,,,,Enter Notes
2025-10-02 01:22:34 PM,75.1,61.9,47.7,29.33,556,29.33,4.8,73.8,53.9,268,75.0,session,"Session - Oct 2, 2025 1:03:39 PM",2025-10-02 01:03:39 PM 1:03:39 PM,01:16:58,,,,Enter Notes
2025-10-02 01:22:39 PM,75.0,61.7,47.7,29.32,561,29.33,3.8,73.6,53.8,268,74.8,session,"Session - Oct 2, 2025 1:03:39 PM",2025-10-02 01:03:39 PM 1:03:39 PM,01:16:58,,,,Enter Notes
2025-10-02 01:22:44 PM,75.2,61.9,47.6,29.32,564,29.33,3.8,73.8,54.0,268,75.2,session,"Session - Oct 2, 2025 1:03:39 PM",2025-10-02 01:03:39 PM 1:03:39 PM,01:16:58,,,,Enter Notes
2025-10-02 01:22:49 PM,75.5,62.2,47.6,29.32,565,29.32,2.9,73.9,54.2,268,75.4,session,"Session - Oct 2, 2025 1:03:39 PM",2025-10-02 01:03:39 PM 1:03:39 PM,01:16:58,,,,Enter Notes
2025-10-02 01:22:54 PM,75.7,62.2,47.5,29.33,561,29.33,3.7,74.1,54.3,268,75.6,session,"Session - Oct 2, 2025 1:03:39 PM",2025-10-02 01:03:39 PM 1:03:39 PM,01:16:58,,,,Enter Notes
2025-10-02 01:22:59 PM,76.0,62.4,47.4,29.33,557,29.33,2.9,74.5,54.5,268,75.9,session,"Session - Oct 2, 2025 1:03:39 PM",2025-10-02 01:03:39 PM 1:03:39 PM,01:16:58,,,,Enter Notes
2025-10-02 01:23:04 PM,76.5,63.0,47.3,29.32,565,29.32,1.8,75.0,55.0,268,76.5,session,"Session - Oct 2, 2025 1:03:39 PM",2025-10-02 01:03:39 PM 1:03:39 PM,01:16:58,,,,Enter Notes
2025-10-02 01:23:09 PM,77.2,63.3,47.2,29.32,564,29.33,1.6,75.9,55.5,268,77.2,session,"Session - Oct 2, 2025 1:03:39 PM",2025-10-02 01:03:39 PM 1:03:39 PM,01:16:58,,,,Enter Notes
2025-10-02 01:23:14 PM,77.0,63.1,47.0,29.32,564,29.32,3.3,75.6,55.3,268,77.0,session,"Session - Oct 2, 2025 1:03:39 PM",2025-10-02 01:03:39 PM 1:03:39 PM,01:16:58,,,,Enter Notes
2025-10-02 01:23:19 PM,76.6,62.8,46.8,29.34,549,29.34,2.2,75.0,54.7,268,76.5,session,"Session - Oct 2, 2025 1:03:39 PM",2025-10-02 01:03:39 PM 1:03:39 PM,01:16:58,,,,Enter Notes
2025-10-02 01:23:24 PM,75.9,62.2,46.7,29.34,549,29.34,3.5,74.3,54.1,268,75.9,session,"Session - Oct 2, 2025 1:03:39 PM",2025-10-02 01:03:39 PM 1:03:39 PM,01:16:58,,,,Enter Notes
2025-10-02 01:23:29 PM,74.8,61.3,46.6,29.34,547,29.34,4.4,73.4,53.0,268,74.8,session,"Session - Oct 2, 2025 1:03:39 PM",2025-10-02 01:03:39 PM 1:03:39 PM,01:16:58,,,,Enter Notes
2025-10-02 01:23:34 PM,74.0,60.6,46.5,29.34,540,29.35,4.2,72.5,52.2,268,73.9,session,"Session - Oct 2, 2025 1:03:39 PM",2025-10-02 01:03:39 PM 1:03:39 PM,01:16:58,,,,Enter Notes
2025-10-02 01:23:39 PM,74.1,60.6,46.5,29.32,564,29.32,3.6,72.5,52.3,268,73.9,session,"Session - Oct 2, 2025 1:03:39 PM",2025-10-02 01:03:39 PM 1:03:39 PM,01:16:58,,,,Enter Notes
2025-10-02 01:23:44 PM,74.6,61.2,46.6,29.31,572,29.32,3.5,73.0,52.8,268,74.5,session,"Session - Oct 2, 2025 1:03:39 PM",2025-10-02 01:03:39 PM 1:03:39 PM,01:16:58,,,,Enter Notes
2025-10-02 01:23:49 PM,74.7,61.3,46.8,29.33,557,29.33,5.2,73.2,53.0,268,74.7,session,"Session - Oct 2, 2025 1:03:39 PM",2025-10-02 01:03:39 PM 1:03:39 PM,01:16:58,,,,Enter Notes
2025-10-02 01:23:54 PM,74.3,61.0,46.9,29.34,547,29.34,5.6,73.0,52.7,268,74.3,session,"Session - Oct 2, 2025 1:03:39 PM",2025-10-02 01:03:39 PM 1:03:39 PM,01:16:58,,,,Enter Notes
2025-10-02 01:23:59 PM,74.6,61.2,46.9,29.31,574,29.31,5.3,73.2,53.0,268,74.5,session,"Session - Oct 2, 2025 1:03:39 PM",2025-10-02 01:03:39 PM 1:03:39 PM,01:16:58,,,,Enter Notes
2025-10-02 01:24:04 PM,74.7,61.3,47.1,29.31,574,29.31,5.0,73.2,53.2,268,74.7,session,"Session - Oct 2, 2025 1:03:39 PM",2025-10-02 01:03:39 PM 1:03:39 PM,01:16:58,,,,Enter Notes
2025-10-02 01:24:09 PM,74.6,61.3,47.2,29.32,565,29.32,4.6,73.2,53.2,268,74.5,session,"Session - Oct 2, 2025 1:03:39 PM",2025-10-02 01:03:39 PM 1:03:39 PM,01:16:58,,,,Enter Notes
2025-10-02 01:24:14 PM,73.9,60.8,47.3,29.35,540,29.35,3.2,72.5,52.6,268,73.8,session,"Session - Oct 2, 2025 1:03:39 PM",2025-10-02 01:03:39 PM 1:03:39 PM,01:16:58,,,,Enter Notes
2025-10-02 01:24:19 PM,73.8,60.6,47.3,29.35,539,29.35,3.1,72.5,52.5,268,73.8,session,"Session - Oct 2, 2025 1:03:39 PM",2025-10-02 01:03:39 PM 1:03:39 PM,01:16:58,,,,Enter Notes
2025-10-02 01:24:24 PM,73.3,60.2,47.4,29.35,539,29.35,3.1,72.0,52.1,268,73.2,session,"Session - Oct 2, 2025 1:03:39 PM",2025-10-02 01:03:39 PM 1:03:39 PM,01:16:58,,,,Enter Notes
2025-10-02 01:24:29 PM,72.9,59.9,47.5,29.35,535,29.35,3.9,71.6,51.7,269,72.9,session,"Session - Oct 2, 2025 1:03:39 PM",2025-10-02 01:03:39 PM 1:03:39 PM,01:16:58,,,,Enter Notes
2025-10-02 01:24:34 PM,72.7,59.9,47.7,29.35,535,29.36,3.8,71.6,51.7,268,72.7,session,"Session - Oct 2, 2025 1:03:39 PM",2025-10-02 01:03:39 PM 1:03:39 PM,01:16:58,,,,Enter Notes
2025-10-02 01:24:39 PM,72.3,59.7,47.9,29.35,532,29.36,4.6,71.2,51.4,268,72.1,session,"Session - Oct 2, 2025 1:03:39 PM",2025-10-02 01:03:39 PM 1:03:39 PM,01:16:58,,,,Enter Notes
2025-10-02 01:24:44 PM,72.0,59.3,48.1,29.36,530,29.36,4.7,71.1,51.3,269,72.0,session,"Session - Oct 2, 2025 1:03:39 PM",2025-10-02 01:03:39 PM 1:03:39 PM,01:16:58,,,,Enter Notes
2025-10-02 01:24:49 PM,71.9,59.5,48.3,29.36,527,29.36,4.4,70.9,51.4,270,71.8,session,"Session - Oct 2, 2025 1:03:39 PM",2025-10-02 01:03:39 PM 1:03:39 PM,01:16:58,,,,Enter Notes
2025-10-02 01:24:54 PM,72.1,59.5,48.6,29.36,527,29.36,5.2,71.1,51.6,269,72.0,session,"Session - Oct 2, 2025 1:03:39 PM",2025-10-02 01:03:39 PM 1:03:39 PM,01:16:58,,,,Enter Notes
2025-10-02 01:24:59 PM,72.1,59.7,48.9,29.36,524,29.36,4.7,71.2,51.9,270,72.1,session,"Session - Oct 2, 2025 1:03:39 PM",2025-10-02 01:03:39 PM 1:03:39 PM,01:16:58,,,,Enter Notes
2025-10-02 01:25:04 PM,72.3,59.9,49.1,29.37,524,29.37,2.6,71.2,52.1,269,72.1,session,"Session - Oct 2, 2025 1:03:39 PM",2025-10-02 01:03:39 PM 1:03:39 PM,01:16:58,,,,Enter Notes
2025-10-02 01:25:09 PM,72.2,59.9,49.2,29.37,524,29.37,3.8,71.2,52.2,269,72.1,session,"Session - Oct 2, 2025 1:03:39 PM",2025-10-02 01:03:39 PM 1:03:39 PM,01:16:58,,,,Enter Notes
2025-10-02 01:25:14 PM,72.3,60.1,49.4,29.37,521,29.37,3.1,71.4,52.4,269,72.3,session,"Session - Oct 2, 2025 1:03:39 PM",2025-10-02 01:03:39 PM 1:03:39 PM,01:16:58,,,,Enter Notes
2025-10-02 01:25:19 PM,72.4,60.2,49.5,29.37,521,29.37,2.7,71.4,52.4,269,72.3,session,"Session - Oct 2, 2025 1:03:39 PM",2025-10-02 01:03:39 PM 1:03:39 PM,01:16:58,,,,Enter Notes
2025-10-02 01:25:24 PM,72.4,60.2,49.7,29.37,519,29.37,2.4,71.4,52.5,269,72.3,session,"Session - Oct 2, 2025 1:03:39 PM",2025-10-02 01:03:39 PM 1:03:39 PM,01:16:58,,,,Enter Notes
2025-10-02 01:25:29 PM,72.6,60.4,49.8,29.37,519,29.37,2.4,71.6,52.8,269,72.5,session,"Session - Oct 2, 2025 1:03:39 PM",2025-10-02 01:03:39 PM 1:03:39 PM,01:16:58,,,,Enter Notes
2025-10-02 01:25:34 PM,72.7,60.6,50.1,29.37,519,29.37,2.3,71.8,53.1,269,72.7,session,"Session - Oct 2, 2025 1:03:39 PM",2025-10-02 01:03:39 PM 1:03:39 PM,01:16:58,,,,Enter Notes
2025-10-02 01:25:39 PM,72.5,60.4,50.4,29.37,516,29.37,2.2,71.8,53.1,269,72.5,session,"Session - Oct 2, 2025 1:03:39 PM",2025-10-02 01:03:39 PM 1:03:39 PM,01:16:58,,,,Enter Notes
2025-10-02 01:25:44 PM,72.4,60.4,50.6,29.37,516,29.37,3.0,71.6,53.0,269,72.3,session,"Session - Oct 2, 2025 1:03:39 PM",2025-10-02 01:03:39 PM 1:03:39 PM,01:16:58,,,,Enter Notes
2025-10-02 01:25:49 PM,72.4,60.4,50.5,29.37,519,29.37,2.4,71.6,53.0,269,72.3,session,"Session - Oct 2, 2025 1:03:39 PM",2025-10-02 01:03:39 PM 1:03:39 PM,01:16:58,,,,Enter Notes
2025-10-02 01:25:54 PM,72.4,60.4,50.6,29.37,516,29.37,1.8,71.6,53.1,269,72.3,session,"Session - Oct 2, 2025 1:03:39 PM",2025-10-02 01:03:39 PM 1:03:39 PM,01:16:58,,,,Enter Notes
2025-10-02 01:25:59 PM,72.7,60.6,50.6,29.37,516,29.37,1.4,71.8,53.3,270,72.5,session,"Session - Oct 2, 2025 1:03:39 PM",2025-10-02 01:03:39 PM 1:03:39 PM,01:16:58,,,,Enter Notes
2025-10-02 01:26:04 PM,72.8,60.8,50.6,29.37,516,29.37,1.8,71.8,53.4,269,72.7,session,"Session - Oct 2, 2025 1:03:39 PM",2025-10-02 01:03:39 PM 1:03:39 PM,01:16:58,,,,Enter Notes
2025-10-02 01:26:09 PM,73.0,61.0,50.7,29.37,516,29.38,1.0,72.0,53.6,269,72.9,session,"Session - Oct 2, 2025 1:03:39 PM",2025-10-02 01:03:39 PM 1:03:39 PM,01:16:58,,,,Enter Notes
2025-10-02 01:26:14 PM,73.0,61.0,50.9,29.37,516,29.38,1.4,72.0,53.8,269,72.9,session,"Session - Oct 2, 2025 1:03:39 PM",2025-10-02 01:03:39 PM 1:03:39 PM,01:16:58,,,,Enter Notes
2025-10-02 01:26:19 PM,72.7,60.8,51.1,29.37,516,29.37,0.0,71.8,53.6,270,72.7,session,"Session - Oct 2, 2025 1:03:39 PM",2025-10-02 01:03:39 PM 1:03:39 PM,01:16:58,,,,Enter Notes
2025-10-02 01:26:24 PM,73.1,61.2,51.4,29.37,519,29.37,0.9,72.1,54.1,269,73.0,session,"Session - Oct 2, 2025 1:03:39 PM",2025-10-02 01:03:39 PM 1:03:39 PM,01:16:58,,,,Enter Notes
2025-10-02 01:26:29 PM,72.9,61.0,51.6,29.37,519,29.37,1.2,72.0,54.0,269,72.9,session,"Session - Oct 2, 2025 1:03:39 PM",2025-10-02 01:03:39 PM 1:03:39 PM,01:16:58,,,,Enter Notes
2025-10-02 01:26:34 PM,72.7,60.8,51.5,29.37,512,29.38,2.4,71.8,53.8,269,72.7,session,"Session - Oct 2, 2025 1:03:39 PM",2025-10-02 01:03:39 PM 1:03:39 PM,01:16:58,,,,Enter Notes
2025-10-02 01:26:39 PM,72.6,60.8,51.2,29.37,512,29.38,2.0,71.8,53.6,269,72.5,session,"Session - Oct 2, 2025 1:03:39 PM",2025-10-02 01:03:39 PM 1:03:39 PM,01:16:58,,,,Enter Notes
2025-10-02 01:26:44 PM,72.5,60.6,50.9,29.37,512,29.38,4.8,71.8,53.3,269,72.5,session,"Session - Oct 2, 2025 1:03:39 PM",2025-10-02 01:03:39 PM 1:03:39 PM,01:16:58,,,,Enter Notes
2025-10-02 01:26:49 PM,72.4,60.4,50.7,29.37,516,29.37,4.7,71.6,53.1,270,72.3,session,"Session - Oct 2, 2025 1:03:39 PM",2025-10-02 01:03:39 PM 1:03:39 PM,01:16:58,,,,Enter Notes
2025-10-02 01:26:54 PM,72.3,60.2,50.5,29.37,512,29.38,5.7,71.6,53.0,269,72.3,session,"Session - Oct 2, 2025 1:03:39 PM",2025-10-02 01:03:39 PM 1:03:39 PM,01:16:58,,,,Enter Notes
2025-10-02 01:26:59 PM,72.2,60.2,50.5,29.37,512,29.38,4.5,71.4,52.8,269,72.1,session,"Session - Oct 2, 2025 1:03:39 PM",2025-10-02 01:03:39 PM 1:03:39 PM,01:16:58,,,,Enter Notes
2025-10-02 01:27:04 PM,71.9,60.1,50.4,29.37,516,29.37,6.0,71.1,52.5,269,71.8,session,"Session - Oct 2, 2025 1:03:39 PM",2025-10-02 01:03:39 PM 1:03:39 PM,01:16:58,,,,Enter Notes
2025-10-02 01:27:09 PM,71.8,59.9,50.3,29.37,516,29.38,4.1,71.1,52.3,269,71.8,session,"Session - Oct 2, 2025 1:03:39 PM",2025-10-02 01:03:39 PM 1:03:39 PM,01:16:58,,,,Enter Notes
2025-10-02 01:27:14 PM,71.7,59.9,50.4,29.37,516,29.38,2.7,70.9,52.3,269,71.6,session,"Session - Oct 2, 2025 1:03:39 PM",2025-10-02 01:03:39 PM 1:03:39 PM,01:16:58,,,,Enter Notes
2025-10-02 01:27:19 PM,71.8,59.9,50.5,29.37,516,29.38,1.4,71.1,52.4,270,71.8,session,"Session - Oct 2, 2025 1:03:39 PM",2025-10-02 01:03:39 PM 1:03:39 PM,01:16:58,,,,Enter Notes
2025-10-02 01:27:24 PM,71.8,59.9,50.6,29.37,516,29.38,3.4,71.1,52.5,269,71.8,session,"Session - Oct 2, 2025 1:03:39 PM",2025-10-02 01:03:39 PM 1:03:39 PM,01:16:58,,,,Enter Notes
2025-10-02 01:27:29 PM,71.8,59.9,50.6,29.37,516,29.38,2.2,71.1,52.5,268,71.8,session,"Session - Oct 2, 2025 1:03:39 PM",2025-10-02 01:03:39 PM 1:03:39 PM,01:16:58,,,,Enter Notes
2025-10-02 01:27:34 PM,71.9,60.2,51.0,29.37,516,29.37,0.0,71.1,52.9,270,71.8,session,"Session - Oct 2, 2025 1:03:39 PM",2025-10-02 01:03:39 PM 1:03:39 PM,01:16:58,,,,Enter Notes
2025-10-02 01:27:39 PM,72.1,60.4,51.5,29.37,516,29.38,0.8,71.4,53.3,269,72.1,session,"Session - Oct 2, 2025 1:03:39 PM",2025-10-02 01:03:39 PM 1:03:39 PM,01:16:58,,,,Enter Notes
2025-10-02 01:27:44 PM,72.3,60.8,52.3,29.37,516,29.38,0.9,71.6,53.9,269,72.3,session,"Session - Oct 2, 2025 1:03:39 PM",2025-10-02 01:03:39 PM 1:03:39 PM,01:16:58,,,,Enter Notes
2025-10-02 01:27:49 PM,72.5,61.0,52.5,29.37,512,29.38,1.0,71.6,54.1,270,72.3,session,"Session - Oct 2, 2025 1:03:39 PM",2025-10-02 01:03:39 PM 1:03:39 PM,01:16:58,,,,Enter Notes
2025-10-02 01:27:54 PM,72.5,61.0,52.5,29.37,516,29.37,0.9,71.8,54.2,269,72.5,session,"Session - Oct 2, 2025 1:03:39 PM",2025-10-02 01:03:39 PM 1:03:39 PM,01:16:58,,,,Enter Notes
2025-10-02 01:27:59 PM,72.6,61.2,52.4,29.37,516,29.37,1.1,71.8,54.2,268,72.5,session,"Session - Oct 2, 2025 1:03:39 PM",2025-10-02 01:03:39 PM 1:03:39 PM,01:16:58,,,,Enter Notes
2025-10-02 01:28:04 PM,72.6,61.2,52.3,29.37,516,29.38,1.5,71.8,54.1,269,72.5,session,"Session - Oct 2, 2025 1:03:39 PM",2025-10-02 01:03:39 PM 1:03:39 PM,01:16:58,,,,Enter Notes
2025-10-02 01:28:09 PM,72.7,61.2,52.1,29.37,516,29.37,0.8,72.0,54.1,269,72.7,session,"Session - Oct 2, 2025 1:03:39 PM",2025-10-02 01:03:39 PM 1:03:39 PM,01:16:58,,,,Enter Notes
2025-10-02 01:28:14 PM,72.5,61.0,52.0,29.37,516,29.37,1.4,71.8,53.9,269,72.5,session,"Session - Oct 2, 2025 1:03:39 PM",2025-10-02 01:03:39 PM 1:03:39 PM,01:16:58,,,,Enter Notes
2025-10-02 01:28:19 PM,72.4,60.8,52.0,29.37,519,29.37,1.6,71.6,53.8,268,72.3,session,"Session - Oct 2, 2025 1:03:39 PM",2025-10-02 01:03:39 PM 1:03:39 PM,01:16:58,,,,Enter Notes
2025-10-02 01:28:24 PM,72.5,61.0,52.0,29.37,516,29.37,1.8,71.8,53.9,268,72.5,session,"Session - Oct 2, 2025 1:03:39 PM",2025-10-02 01:03:39 PM 1:03:39 PM,01:16:58,,,,Enter Notes
2025-10-02 01:28:29 PM,72.7,61.2,52.0,29.37,519,29.37,0.8,72.0,54.0,269,72.7,session,"Session - Oct 2, 2025 1:03:39 PM",2025-10-02 01:03:39 PM 1:03:39 PM,01:16:58,,,,Enter Notes
2025-10-02 01:28:34 PM,72.8,61.2,52.0,29.37,516,29.38,0.9,72.0,54.2,270,72.7,session,"Session - Oct 2, 2025 1:03:39 PM",2025-10-02 01:03:39 PM 1:03:39 PM,01:16:58,,,,Enter Notes
2025-10-02 01:28:39 PM,72.9,61.3,52.1,29.37,519,29.37,0.0,72.1,54.3,270,72.9,session,"Session - Oct 2, 2025 1:03:39 PM",2025-10-02 01:03:39 PM 1:03:39 PM,01:16:58,,,,Enter Notes
2025-10-02 01:28:44 PM,73.0,61.3,51.9,29.37,516,29.37,0.0,72.1,54.3,269,72.9,session,"Session - Oct 2, 2025 1:03:39 PM",2025-10-02 01:03:39 PM 1:03:39 PM,01:16:58,,,,Enter Notes
2025-10-02 01:28:49 PM,73.0,61.2,51.7,29.37,519,29.37,1.8,72.1,54.2,270,72.9,session,"Session - Oct 2, 2025 1:03:39 PM",2025-10-02 01:03:39 PM 1:03:39 PM,01:16:58,,,,Enter Notes
2025-10-02 01:28:54 PM,73.0,61.2,51.3,29.37,519,29.37,2.0,72.0,54.0,270,72.9,session,"Session - Oct 2, 2025 1:03:39 PM",2025-10-02 01:03:39 PM 1:03:39 PM,01:16:58,,,,Enter Notes
2025-10-02 01:28:59 PM,73.0,61.0,51.0,29.37,516,29.37,2.3,72.0,53.8,270,72.9,session,"Session - Oct 2, 2025 1:03:39 PM",2025-10-02 01:03:39 PM 1:03:39 PM,01:16:58,,,,Enter Notes
2025-10-02 01:29:04 PM,73.0,61.0,50.9,29.37,516,29.37,1.9,72.0,53.7,271,72.9,session,"Session - Oct 2, 2025 1:03:39 PM",2025-10-02 01:03:39 PM 1:03:39 PM,01:16:58,,,,Enter Notes
2025-10-02 01:29:09 PM,72.9,60.8,50.8,29.37,516,29.38,2.0,72.0,53.6,270,72.9,session,"Session - Oct 2, 2025 1:03:39 PM",2025-10-02 01:03:39 PM 1:03:39 PM,01:16:58,,,,Enter Notes
2025-10-02 01:29:14 PM,72.7,60.6,50.9,29.37,516,29.37,1.6,71.8,53.4,270,72.5,session,"Session - Oct 2, 2025 1:03:39 PM",2025-10-02 01:03:39 PM 1:03:39 PM,01:16:58,,,,Enter Notes
2025-10-02 01:29:19 PM,72.5,60.4,50.9,29.37,516,29.38,1.4,71.6,53.3,270,72.3,session,"Session - Oct 2, 2025 1:03:39 PM",2025-10-02 01:03:39 PM 1:03:39 PM,01:16:58,,,,Enter Notes
2025-10-02 01:29:24 PM,72.3,60.4,50.9,29.37,516,29.37,1.5,71.6,53.1,270,72.3,session,"Session - Oct 2, 2025 1:03:39 PM",2025-10-02 01:03:39 PM 1:03:39 PM,01:16:58,,,,Enter Notes
2025-10-02 01:29:29 PM,72.4,60.4,50.8,29.37,519,29.37,1.6,71.6,53.2,270,72.3,session,"Session - Oct 2, 2025 1:03:39 PM",2025-10-02 01:03:39 PM 1:03:39 PM,01:16:58,,,,Enter Notes
2025-10-02 01:29:34 PM,72.6,60.6,50.9,29.38,512,29.38,1.1,71.8,53.4,270,72.5,session,"Session - Oct 2, 2025 1:03:39 PM",2025-10-02 01:03:39 PM 1:03:39 PM,01:16:58,,,,Enter Notes
2025-10-02 01:29:39 PM,72.5,60.6,50.9,29.37,512,29.38,1.0,71.8,53.3,270,72.5,session,"Session - Oct 2, 2025 1:03:39 PM",2025-10-02 01:03:39 PM 1:03:39 PM,01:16:58,,,,Enter Notes
2025-10-02 01:29:44 PM,72.7,60.8,51.2,29.37,516,29.38,0.9,71.8,53.6,270,72.5,session,"Session - Oct 2, 2025 1:03:39 PM",2025-10-02 01:03:39 PM 1:03:39 PM,01:16:58,,,,Enter Notes
2025-10-02 01:29:49 PM,72.8,61.0,51.4,29.37,516,29.38,1.7,71.8,53.8,270,72.7,session,"Session - Oct 2, 2025 1:03:39 PM",2025-10-02 01:03:39 PM 1:03:39 PM,01:16:58,,,,Enter Notes
2025-10-02 01:29:54 PM,72.9,61.0,51.1,29.37,516,29.38,1.4,72.0,53.8,270,72.9,session,"Session - Oct 2, 2025 1:03:39 PM",2025-10-02 01:03:39 PM 1:03:39 PM,01:16:58,,,,Enter Notes
2025-10-02 01:29:59 PM,73.0,61.0,50.9,29.37,516,29.38,1.3,72.0,53.7,270,72.9,session,"Session - Oct 2, 2025 1:03:39 PM",2025-10-02 01:03:39 PM 1:03:39 PM,01:16:58,,,,Enter Notes
2025-10-02 01:30:04 PM,73.0,61.0,50.7,29.37,516,29.38,1.4,72.0,53.6,269,72.9,session,"Session - Oct 2, 2025 1:03:39 PM",2025-10-02 01:03:39 PM 1:03:39 PM,01:16:58,,,,Enter Notes
2025-10-02 01:30:09 PM,73.0,61.0,50.7,29.37,516,29.38,1.3,72.1,53.7,269,73.0,session,"Session - Oct 2, 2025 1:03:39 PM",2025-10-02 01:03:39 PM 1:03:39 PM,01:16:58,,,,Enter Notes
2025-10-02 01:30:14 PM,73.0,61.0,50.9,29.37,512,29.38,1.1,72.0,53.7,268,72.9,session,"Session - Oct 2, 2025 1:03:39 PM",2025-10-02 01:03:39 PM 1:03:39 PM,01:16:58,,,,Enter Notes
2025-10-02 01:30:19 PM,73.0,61.0,51.0,29.37,516,29.38,1.3,72.0,53.8,268,72.9,session,"Session - Oct 2, 2025 1:03:39 PM",2025-10-02 01:03:39 PM 1:03:39 PM,01:16:58,,,,Enter Notes
2025-10-02 01:30:24 PM,72.9,61.0,51.0,29.37,516,29.38,1.4,72.0,53.7,269,72.9,session,"Session - Oct 2, 2025 1:03:39 PM",2025-10-02 01:03:39 PM 1:03:39 PM,01:16:58,,,,Enter Notes
2025-10-02 01:30:29 PM,72.9,60.8,50.9,29.37,516,29.38,1.2,72.0,53.7,268,72.9,session,"Session - Oct 2, 2025 1:03:39 PM",2025-10-02 01:03:39 PM 1:03:39 PM,01:16:58,,,,Enter Notes
2025-10-02 01:30:34 PM,73.0,61.0,50.9,29.37,516,29.37,1.2,72.0,53.7,269,72.9,session,"Session - Oct 2, 2025 1:03:39 PM",2025-10-02 01:03:39 PM 1:03:39 PM,01:16:58,,,,Enter Notes
2025-10-02 01:30:39 PM,73.0,61.0,50.8,29.37,512,29.38,1.4,72.0,53.7,269,72.9,session,"Session - Oct 2, 2025 1:03:39 PM",2025-10-02 01:03:39 PM 1:03:39 PM,01:16:58,,,,Enter Notes
2025-10-02 01:30:44 PM,73.2,61.2,50.5,29.37,512,29.38,1.2,72.1,53.7,268,73.0,session,"Session - Oct 2, 2025 1:03:39 PM",2025-10-02 01:03:39 PM 1:03:39 PM,01:16:58,,,,Enter Notes
2025-10-02 01:30:49 PM,73.3,61.2,50.5,29.37,516,29.38,1.4,72.3,53.8,268,73.2,session,"Session - Oct 2, 2025 1:03:39 PM",2025-10-02 01:03:39 PM 1:03:39 PM,01:16:58,,,,Enter Notes
2025-10-02 01:30:54 PM,73.3,61.3,50.5,29.37,516,29.38,1.3,72.3,53.9,269,73.2,session,"Session - Oct 2, 2025 1:03:39 PM",2025-10-02 01:03:39 PM 1:03:39 PM,01:16:58,,,,Enter Notes
2025-10-02 01:30:59 PM,73.3,61.3,50.6,29.37,512,29.38,1.3,72.3,53.9,269,73.2,session,"Session - Oct 2, 2025 1:03:39 PM",2025-10-02 01:03:39 PM 1:03:39 PM,01:16:58,,,,Enter Notes
2025-10-02 01:31:04 PM,73.3,61.3,50.6,29.37,516,29.38,1.2,72.3,53.9,270,73.2,session,"Session - Oct 2, 2025 1:03:39 PM",2025-10-02 01:03:39 PM 1:03:39 PM,01:16:58,,,,Enter Notes
2025-10-02 01:31:09 PM,73.4,61.3,50.7,29.37,516,29.37,0.8,72.3,54.0,270,73.2,session,"Session - Oct 2, 2025 1:03:39 PM",2025-10-02 01:03:39 PM 1:03:39 PM,01:16:58,,,,Enter Notes
2025-10-02 01:31:14 PM,73.4,61.3,50.6,29.37,521,29.37,0.0,72.5,54.0,270,73.4,session,"Session - Oct 2, 2025 1:03:39 PM",2025-10-02 01:03:39 PM 1:03:39 PM,01:16:58,,,,Enter Notes
2025-10-02 01:31:19 PM,73.5,61.3,50.6,29.36,527,29.36,0.9,72.5,54.1,270,73.4,session,"Session - Oct 2, 2025 1:03:39 PM",2025-10-02 01:03:39 PM 1:03:39 PM,01:16:58,,,,Enter Notes
2025-10-02 01:31:24 PM,73.6,61.3,50.4,29.36,527,29.36,1.7,72.7,54.1,268,73.6,session,"Session - Oct 2, 2025 1:03:39 PM",2025-10-02 01:03:39 PM 1:03:39 PM,01:16:58,,,,Enter Notes
2025-10-02 01:31:29 PM,73.8,61.5,50.3,29.36,532,29.36,1.1,72.9,54.1,268,73.8,session,"Session - Oct 2, 2025 1:03:39 PM",2025-10-02 01:03:39 PM 1:03:39 PM,01:16:58,,,,Enter Notes
2025-10-02 01:31:34 PM,73.8,61.5,50.3,29.34,540,29.35,0.0,72.9,54.2,267,73.8,session,"Session - Oct 2, 2025 1:03:39 PM",2025-10-02 01:03:39 PM 1:03:39 PM,01:16:58,,,,Enter Notes
2025-10-02 01:31:39 PM,73.9,61.5,50.2,29.34,547,29.34,1.2,72.9,54.2,268,73.8,session,"Session - Oct 2, 2025 1:03:39 PM",2025-10-02 01:03:39 PM 1:03:39 PM,01:16:58,,,,Enter Notes
2025-10-02 01:31:44 PM,74.2,61.9,50.2,29.33,557,29.33,0.9,73.2,54.5,268,74.1,session,"Session - Oct 2, 2025 1:03:39 PM",2025-10-02 01:03:39 PM 1:03:39 PM,01:16:58,,,,Enter Notes
2025-10-02 01:31:49 PM,74.8,62.2,50.2,29.33,556,29.33,1.0,73.6,55.0,268,74.7,session,"Session - Oct 2, 2025 1:03:39 PM",2025-10-02 01:03:39 PM 1:03:39 PM,01:16:58,,,,Enter Notes
2025-10-02 01:31:54 PM,75.2,62.4,49.9,29.33,556,29.33,1.4,73.8,55.2,269,75.0,session,"Session - Oct 2, 2025 1:03:39 PM",2025-10-02 01:03:39 PM 1:03:39 PM,01:16:58,,,,Enter Notes
2025-10-02 01:31:59 PM,75.3,62.6,49.7,29.34,547,29.34,0.8,73.9,55.3,269,75.2,session,"Session - Oct 2, 2025 1:03:39 PM",2025-10-02 01:03:39 PM 1:03:39 PM,01:16:58,,,,Enter Notes
2025-10-02 01:32:04 PM,75.3,62.6,49.8,29.34,547,29.34,2.1,73.9,55.2,269,75.2,session,"Session - Oct 2, 2025 1:03:39 PM",2025-10-02 01:03:39 PM 1:03:39 PM,01:16:58,,,,Enter Notes
2025-10-02 01:32:09 PM,74.9,62.2,49.6,29.34,547,29.34,3.6,73.6,54.8,269,74.8,session,"Session - Oct 2, 2025 1:03:39 PM",2025-10-02 01:03:39 PM 1:03:39 PM,01:16:58,,,,Enter Notes
2025-10-02 01:32:14 PM,74.6,61.9,49.3,29.34,547,29.34,3.9,73.4,54.3,269,74.5,session,"Session - Oct 2, 2025 1:03:39 PM",2025-10-02 01:03:39 PM 1:03:39 PM,01:16:58,,,,Enter Notes
2025-10-02 01:32:19 PM,74.5,61.7,49.1,29.34,547,29.34,4.2,73.4,54.1,269,74.5,session,"Session - Oct 2, 2025 1:03:39 PM",2025-10-02 01:03:39 PM 1:03:39 PM,01:16:58,,,,Enter Notes
2025-10-02 01:32:24 PM,74.3,61.5,48.9,29.34,549,29.34,4.0,73.2,53.9,269,74.3,session,"Session - Oct 2, 2025 1:03:39 PM",2025-10-02 01:03:39 PM 1:03:39 PM,01:16:58,,,,Enter Notes
2025-10-02 01:32:29 PM,74.4,61.5,48.9,29.34,547,29.34,3.7,73.2,53.9,270,74.3,session,"Session - Oct 2, 2025 1:03:39 PM",2025-10-02 01:03:39 PM 1:03:39 PM,01:16:58,,,,Enter Notes
2025-10-02 01:32:34 PM,74.6,61.7,48.8,29.34,552,29.34,2.1,73.4,54.1,270,74.5,session,"Session - Oct 2, 2025 1:03:39 PM",2025-10-02 01:03:39 PM 1:03:39 PM,01:16:58,,,,Enter Notes
2025-10-02 01:32:39 PM,74.7,61.7,48.7,29.33,557,29.33,2.5,73.4,54.1,269,74.7,session,"Session - Oct 2, 2025 1:03:39 PM",2025-10-02 01:03:39 PM 1:03:39 PM,01:16:58,,,,Enter Notes
2025-10-02 01:32:44 PM,74.9,61.9,48.5,29.32,564,29.33,2.8,73.6,54.2,268,74.8,session,"Session - Oct 2, 2025 1:03:39 PM",2025-10-02 01:03:39 PM 1:03:39 PM,01:16:58,,,,Enter Notes
2025-10-02 01:32:49 PM,75.2,62.1,48.4,29.33,556,29.33,2.9,73.8,54.4,268,75.0,session,"Session - Oct 2, 2025 1:03:39 PM",2025-10-02 01:03:39 PM 1:03:39 PM,01:16:58,,,,Enter Notes
2025-10-02 01:32:54 PM,75.8,62.6,48.4,29.34,549,29.34,2.4,74.5,55.0,269,75.7,session,"Session - Oct 2, 2025 1:03:39 PM",2025-10-02 01:03:39 PM 1:03:39 PM,01:16:58,,,,Enter Notes
2025-10-02 01:32:59 PM,76.1,62.8,48.4,29.34,549,29.34,2.7,74.7,55.2,268,76.1,session,"Session - Oct 2, 2025 1:03:39 PM",2025-10-02 01:03:39 PM 1:03:39 PM,01:16:58,,,,Enter Notes
2025-10-02 01:33:04 PM,76.2,63.0,48.1,29.34,547,29.34,2.5,74.7,55.1,267,76.1,session,"Session - Oct 2, 2025 1:03:39 PM",2025-10-02 01:03:39 PM 1:03:39 PM,01:16:58,,,,Enter Notes
2025-10-02 01:33:09 PM,76.1,62.6,47.9,29.34,547,29.34,3.4,74.7,54.9,267,76.1,session,"Session - Oct 2, 2025 1:03:39 PM",2025-10-02 01:03:39 PM 1:03:39 PM,01:16:58,,,,Enter Notes
2025-10-02 01:33:14 PM,76.0,62.4,47.5,29.34,549,29.34,2.1,74.5,54.6,267,75.9,session,"Session - Oct 2, 2025 1:03:39 PM",2025-10-02 01:03:39 PM 1:03:39 PM,01:16:58,,,,Enter Notes
2025-10-02 01:33:19 PM,75.9,62.4,47.4,29.34,547,29.34,2.6,74.5,54.5,268,75.9,session,"Session - Oct 2, 2025 1:03:39 PM",2025-10-02 01:03:39 PM 1:03:39 PM,01:16:58,,,,Enter Notes
2025-10-02 01:33:24 PM,75.9,62.4,47.3,29.34,547,29.34,2.6,74.3,54.4,267,75.7,session,"Session - Oct 2, 2025 1:03:39 PM",2025-10-02 01:03:39 PM 1:03:39 PM,01:16:58,,,,Enter Notes
2025-10-02 01:33:29 PM,76.1,62.4,47.3,29.34,549,29.34,1.1,74.5,54.6,268,75.9,session,"Session - Oct 2, 2025 1:03:39 PM",2025-10-02 01:03:39 PM 1:03:39 PM,01:16:58,,,,Enter Notes
2025-10-02 01:33:34 PM,76.2,62.8,47.6,29.34,547,29.34,1.5,74.7,54.8,267,76.1,session,"Session - Oct 2, 2025 1:03:39 PM",2025-10-02 01:03:39 PM 1:03:39 PM,01:16:58,,,,Enter Notes
2025-10-02 01:33:39 PM,76.0,62.4,47.5,29.34,547,29.34,3.4,74.5,54.6,267,75.9,session,"Session - Oct 2, 2025 1:03:39 PM",2025-10-02 01:03:39 PM 1:03:39 PM,01:16:58,,,,Enter Notes
2025-10-02 01:33:44 PM,75.7,62.2,47.2,29.34,549,29.34,2.3,74.1,54.2,268,75.6,session,"Session - Oct 2, 2025 1:03:39 PM",2025-10-02 01:03:39 PM 1:03:39 PM,01:16:58,,,,Enter Notes
2025-10-02 01:33:49 PM,75.8,62.2,47.1,29.34,547,29.34,1.7,74.3,54.2,267,75.7,session,"Session - Oct 2, 2025 1:03:39 PM",2025-10-02 01:03:39 PM 1:03:39 PM,01:16:58,,,,Enter Notes
2025-10-02 01:33:54 PM,75.6,62.1,47.1,29.34,547,29.34,2.4,74.1,54.0,268,75.6,session,"Session - Oct 2, 2025 1:03:39 PM",2025-10-02 01:03:39 PM 1:03:39 PM,01:16:58,,,,Enter Notes
2025-10-02 01:33:59 PM,75.5,62.1,47.0,29.34,547,29.34,2.5,73.9,53.9,268,75.4,session,"Session - Oct 2, 2025 1:03:39 PM",2025-10-02 01:03:39 PM 1:03:39 PM,01:16:58,,,,Enter Notes
2025-10-02 01:34:04 PM,75.3,61.9,47.0,29.34,547,29.34,3.2,73.8,53.7,267,75.2,session,"Session - Oct 2, 2025 1:03:39 PM",2025-10-02 01:03:39 PM 1:03:39 PM,01:16:58,,,,Enter Notes
2025-10-02 01:34:09 PM,75.5,61.9,47.0,29.34,547,29.34,2.6,73.9,53.8,267,75.4,session,"Session - Oct 2, 2025 1:03:39 PM",2025-10-02 01:03:39 PM 1:03:39 PM,01:16:58,,,,Enter Notes
2025-10-02 01:34:16 PM,75.5,61.9,47.0,29.34,547,29.34,5.1,73.9,53.8,269,75.4,session,"Session - Oct 2, 2025 1:03:39 PM",2025-10-02 01:03:39 PM 1:03:39 PM,01:16:58,,,,Enter Notes
2025-10-02 01:34:19 PM,75.7,62.1,47.0,29.34,549,29.34,1.5,74.1,54.0,269,75.6,session,"Session - Oct 2, 2025 1:03:39 PM",2025-10-02 01:03:39 PM 1:03:39 PM,01:16:58,,,,Enter Notes
2025-10-02 01:34:24 PM,75.9,62.4,47.0,29.33,557,29.33,1.7,74.3,54.2,270,75.7,session,"Session - Oct 2, 2025 1:03:39 PM",2025-10-02 01:03:39 PM 1:03:39 PM,01:16:58,,,,Enter Notes
2025-10-02 01:34:29 PM,76.2,62.6,47.3,29.33,557,29.33,1.7,74.7,54.7,271,76.1,session,"Session - Oct 2, 2025 1:03:39 PM",2025-10-02 01:03:39 PM 1:03:39 PM,01:16:58,,,,Enter Notes
2025-10-02 01:34:34 PM,76.3,62.8,47.5,29.33,557,29.33,2.2,74.7,54.9,270,76.1,session,"Session - Oct 2, 2025 1:03:39 PM",2025-10-02 01:03:39 PM 1:03:39 PM,01:16:58,,,,Enter Notes
2025-10-02 01:34:39 PM,76.0,62.6,47.5,29.33,556,29.33,3.1,74.5,54.6,270,75.9,session,"Session - Oct 2, 2025 1:03:39 PM",2025-10-02 01:03:39 PM 1:03:39 PM,01:16:58,,,,Enter Notes
2025-10-02 01:34:44 PM,75.8,62.2,47.4,29.33,556,29.33,2.4,74.3,54.4,271,75.7,session,"Session - Oct 2, 2025 1:03:39 PM",2025-10-02 01:03:39 PM 1:03:39 PM,01:16:58,,,,Enter Notes
2025-10-02 01:34:49 PM,75.9,62.4,47.6,29.33,557,29.33,1.4,74.3,54.6,270,75.7,session,"Session - Oct 2, 2025 1:03:39 PM",2025-10-02 01:03:39 PM 1:03:39 PM,01:16:58,,,,Enter Notes
2025-10-02 01:34:54 PM,76.2,62.8,47.9,29.33,557,29.33,1.9,74.7,55.1,270,76.1,session,"Session - Oct 2, 2025 1:03:39 PM",2025-10-02 01:03:39 PM 1:03:39 PM,01:16:58,,,,Enter Notes
2025-10-02 01:34:59 PM,76.6,63.1,47.8,29.33,557,29.33,2.3,75.0,55.3,271,76.5,session,"Session - Oct 2, 2025 1:03:39 PM",2025-10-02 01:03:39 PM 1:03:39 PM,01:16:58,,,,Enter Notes
2025-10-02 01:35:04 PM,76.7,63.1,47.3,29.33,556,29.33,3.2,75.2,55.2,270,76.6,session,"Session - Oct 2, 2025 1:03:39 PM",2025-10-02 01:03:39 PM 1:03:39 PM,01:16:58,,,,Enter Notes
2025-10-02 01:35:09 PM,76.9,63.0,47.0,29.33,557,29.33,3.2,75.4,55.1,270,76.8,session,"Session - Oct 2, 2025 1:03:39 PM",2025-10-02 01:03:39 PM 1:03:39 PM,01:16:58,,,,Enter Notes
2025-10-02 01:35:14 PM,77.1,63.1,46.7,29.33,556,29.33,2.9,75.4,55.1,270,77.0,session,"Session - Oct 2, 2025 1:03:39 PM",2025-10-02 01:03:39 PM 1:03:39 PM,01:16:58,,,,Enter Notes
2025-10-02 01:35:19 PM,77.5,63.5,46.5,29.33,556,29.33,1.9,75.9,55.4,271,77.4,session,"Session - Oct 2, 2025 1:03:39 PM",2025-10-02 01:03:39 PM 1:03:39 PM,01:16:58,,,,Enter Notes
2025-10-02 01:35:24 PM,78.1,63.9,46.5,29.33,561,29.33,2.2,76.8,56.0,270,78.1,session,"Session - Oct 2, 2025 1:03:39 PM",2025-10-02 01:03:39 PM 1:03:39 PM,01:16:58,,,,Enter Notes
2025-10-02 01:35:29 PM,78.1,63.9,46.5,29.33,556,29.33,2.7,76.8,55.9,270,78.1,session,"Session - Oct 2, 2025 1:03:39 PM",2025-10-02 01:03:39 PM 1:03:39 PM,01:16:58,,,,Enter Notes
2025-10-02 01:35:34 PM,78.5,64.0,46.3,29.33,556,29.33,3.4,77.2,56.2,270,78.4,session,"Session - Oct 2, 2025 1:03:39 PM",2025-10-02 01:03:39 PM 1:03:39 PM,01:16:58,,,,Enter Notes
2025-10-02 01:35:39 PM,78.5,64.0,46.1,29.33,557,29.33,3.2,77.2,56.1,270,78.4,session,"Session - Oct 2, 2025 1:03:39 PM",2025-10-02 01:03:39 PM 1:03:39 PM,01:16:58,,,,Enter Notes
2025-10-02 01:35:44 PM,78.7,64.2,45.9,29.32,561,29.33,2.3,77.4,56.1,270,78.6,session,"Session - Oct 2, 2025 1:03:39 PM",2025-10-02 01:03:39 PM 1:03:39 PM,01:16:58,,,,Enter Notes
2025-10-02 01:35:49 PM,78.2,63.9,45.6,29.33,557,29.33,5.1,76.6,55.5,270,78.1,session,"Session - Oct 2, 2025 1:03:39 PM",2025-10-02 01:03:39 PM 1:03:39 PM,01:16:58,,,,Enter Notes
2025-10-02 01:35:54 PM,77.1,62.8,45.2,29.33,557,29.33,3.3,75.4,54.2,270,77.0,session,"Session - Oct 2, 2025 1:03:39 PM",2025-10-02 01:03:39 PM 1:03:39 PM,01:16:58,,,,Enter Notes
2025-10-02 01:35:59 PM,77.1,62.6,45.0,29.33,556,29.33,1.6,75.4,54.2,270,77.0,session,"Session - Oct 2, 2025 1:03:39 PM",2025-10-02 01:03:39 PM 1:03:39 PM,01:16:58,,,,Enter Notes
2025-10-02 01:36:04 PM,76.9,62.4,45.0,29.33,552,29.33,2.3,75.0,53.9,271,76.8,session,"Session - Oct 2, 2025 1:03:39 PM",2025-10-02 01:03:39 PM 1:03:39 PM,01:16:58,,,,Enter Notes
2025-10-02 01:36:09 PM,75.7,61.5,45.0,29.34,552,29.34,4.2,73.8,52.9,270,75.6,session,"Session - Oct 2, 2025 1:03:39 PM",2025-10-02 01:03:39 PM 1:03:39 PM,01:16:58,,,,Enter Notes
2025-10-02 01:36:14 PM,75.1,61.0,45.0,29.33,556,29.33,2.8,73.6,52.3,270,75.0,session,"Session - Oct 2, 2025 1:03:39 PM",2025-10-02 01:03:39 PM 1:03:39 PM,01:16:58,,,,Enter Notes
2025-10-02 01:36:19 PM,75.5,61.5,45.2,29.33,557,29.33,1.6,73.8,52.8,270,75.4,session,"Session - Oct 2, 2025 1:03:39 PM",2025-10-02 01:03:39 PM 1:03:39 PM,01:16:58,,,,Enter Notes
2025-10-02 01:36:24 PM,75.7,61.7,45.5,29.33,556,29.33,0.8,73.9,53.2,271,75.6,session,"Session - Oct 2, 2025 1:03:39 PM",2025-10-02 01:03:39 PM 1:03:39 PM,01:16:58,,,,Enter Notes
2025-10-02 01:36:29 PM,76.3,62.2,45.9,29.33,557,29.33,0.0,74.7,54.0,270,76.3,session,"Session - Oct 2, 2025 1:03:39 PM",2025-10-02 01:03:39 PM 1:03:39 PM,01:16:58,,,,Enter Notes
2025-10-02 01:36:34 PM,76.8,62.8,46.5,29.34,547,29.34,1.1,75.0,54.8,270,76.6,session,"Session - Oct 2, 2025 1:03:39 PM",2025-10-02 01:03:39 PM 1:03:39 PM,01:16:58,,,,Enter Notes
2025-10-02 01:36:39 PM,77.0,63.1,46.7,29.33,556,29.33,1.2,75.6,55.1,270,77.0,session,"Session - Oct 2, 2025 1:03:39 PM",2025-10-02 01:03:39 PM 1:03:39 PM,01:16:58,,,,Enter Notes
2025-10-02 01:36:44 PM,76.8,63.0,46.6,29.34,547,29.34,3.7,75.0,54.8,271,76.6,session,"Session - Oct 2, 2025 1:03:39 PM",2025-10-02 01:03:39 PM 1:03:39 PM,01:16:58,,,,Enter Notes
2025-10-02 01:36:49 PM,76.2,62.4,46.2,29.34,549,29.34,2.9,74.5,54.1,270,76.1,session,"Session - Oct 2, 2025 1:03:39 PM",2025-10-02 01:03:39 PM 1:03:39 PM,01:16:58,,,,Enter Notes
2025-10-02 01:36:54 PM,76.0,62.1,45.9,29.34,549,29.34,1.7,74.3,53.7,272,75.9,session,"Session - Oct 2, 2025 1:03:39 PM",2025-10-02 01:03:39 PM 1:03:39 PM,01:16:58,,,,Enter Notes
2025-10-02 01:36:59 PM,75.8,61.7,45.8,29.33,557,29.33,3.7,74.1,53.5,270,75.7,session,"Session - Oct 2, 2025 1:03:39 PM",2025-10-02 01:03:39 PM 1:03:39 PM,01:16:58,,,,Enter Notes
2025-10-02 01:37:04 PM,75.6,61.5,45.8,29.33,561,29.33,1.8,73.9,53.2,270,75.6,session,"Session - Oct 2, 2025 1:03:39 PM",2025-10-02 01:03:39 PM 1:03:39 PM,01:16:58,,,,Enter Notes
2025-10-02 01:37:09 PM,75.8,61.9,45.8,29.33,557,29.33,2.9,74.1,53.5,271,75.7,session,"Session - Oct 2, 2025 1:03:39 PM",2025-10-02 01:03:39 PM 1:03:39 PM,01:16:58,,,,Enter Notes
2025-10-02 01:37:14 PM,76.2,62.2,45.8,29.33,557,29.33,1.5,74.5,53.8,270,76.1,session,"Session - Oct 2, 2025 1:03:39 PM",2025-10-02 01:03:39 PM 1:03:39 PM,01:16:58,,,,Enter Notes
2025-10-02 01:37:19 PM,76.5,62.2,45.8,29.33,557,29.33,1.6,74.8,54.0,270,76.5,session,"Session - Oct 2, 2025 1:03:39 PM",2025-10-02 01:03:39 PM 1:03:39 PM,01:16:58,,,,Enter Notes
2025-10-02 01:37:24 PM,76.7,62.6,46.0,29.33,557,29.33,1.4,75.0,54.4,271,76.6,session,"Session - Oct 2, 2025 1:03:39 PM",2025-10-02 01:03:39 PM 1:03:39 PM,01:16:58,,,,Enter Notes
2025-10-02 01:37:29 PM,77.1,63.1,46.6,29.33,552,29.33,1.3,75.4,55.0,270,77.0,session,"Session - Oct 2, 2025 1:03:39 PM",2025-10-02 01:03:39 PM 1:03:39 PM,01:16:58,,,,Enter Notes
2025-10-02 01:37:34 PM,77.5,63.5,46.8,29.33,557,29.33,2.7,76.1,55.5,270,77.4,session,"Session - Oct 2, 2025 1:03:39 PM",2025-10-02 01:03:39 PM 1:03:39 PM,01:16:58,,,,Enter Notes
2025-10-02 01:37:39 PM,77.6,63.5,46.5,29.33,557,29.33,2.4,76.1,55.5,270,77.5,session,"Session - Oct 2, 2025 1:03:39 PM",2025-10-02 01:03:39 PM 1:03:39 PM,01:16:58,,,,Enter Notes
2025-10-02 01:37:44 PM,78.0,63.7,46.0,29.33,557,29.33,1.6,76.6,55.6,270,77.9,session,"Session - Oct 2, 2025 1:03:39 PM",2025-10-02 01:03:39 PM 1:03:39 PM,01:16:58,,,,Enter Notes
2025-10-02 01:37:49 PM,78.6,64.0,45.8,29.33,557,29.33,0.8,77.4,56.0,270,78.6,session,"Session - Oct 2, 2025 1:03:39 PM",2025-10-02 01:03:39 PM 1:03:39 PM,01:16:58,,,,Enter Notes
2025-10-02 01:37:54 PM,79.1,64.4,45.5,29.33,552,29.33,1.1,77.9,56.2,268,79.0,session,"Session - Oct 2, 2025 1:03:39 PM",2025-10-02 01:03:39 PM 1:03:39 PM,01:16:58,,,,Enter Notes
2025-10-02 01:37:59 PM,79.6,64.8,45.5,29.33,557,29.33,0.8,78.4,56.7,270,79.5,session,"Session - Oct 2, 2025 1:03:39 PM",2025-10-02 01:03:39 PM 1:03:39 PM,01:16:58,,,,Enter Notes
2025-10-02 01:38:04 PM,80.0,65.1,45.9,29.34,552,29.34,0.0,79.0,57.3,271,79.9,session,"Session - Oct 2, 2025 1:03:39 PM",2025-10-02 01:03:39 PM 1:03:39 PM,01:16:58,,,,Enter Notes
2025-10-02 01:38:09 PM,80.4,65.7,46.4,29.33,552,29.33,0.0,79.5,57.9,271,80.2,session,"Session - Oct 2, 2025 1:03:39 PM",2025-10-02 01:03:39 PM 1:03:39 PM,01:16:58,,,,Enter Notes
2025-10-02 01:38:14 PM,80.9,66.4,47.2,29.33,552,29.33,0.0,80.4,58.9,271,80.8,session,"Session - Oct 2, 2025 1:03:39 PM",2025-10-02 01:03:39 PM 1:03:39 PM,01:16:58,,,,Enter Notes
2025-10-02 01:38:19 PM,81.2,66.7,47.2,29.33,556,29.33,0.0,80.8,59.2,271,81.1,session,"Session - Oct 2, 2025 1:03:39 PM",2025-10-02 01:03:39 PM 1:03:39 PM,01:16:58,,,,Enter Notes
2025-10-02 01:38:24 PM,81.6,66.9,46.9,29.33,552,29.33,0.0,81.3,59.4,271,81.5,session,"Session - Oct 2, 2025 1:03:39 PM",2025-10-02 01:03:39 PM 1:03:39 PM,01:16:58,,,,Enter Notes
2025-10-02 01:38:29 PM,81.9,67.1,46.8,29.33,556,29.33,0.0,81.7,59.6,270,81.9,session,"Session - Oct 2, 2025 1:03:39 PM",2025-10-02 01:03:39 PM 1:03:39 PM,01:16:58,,,,Enter Notes
2025-10-02 01:38:34 PM,82.1,66.9,46.0,29.33,556,29.33,0.0,81.7,59.3,270,82.0,session,"Session - Oct 2, 2025 1:03:39 PM",2025-10-02 01:03:39 PM 1:03:39 PM,01:16:58,,,,Enter Notes
2025-10-02 01:38:39 PM,82.3,66.9,45.3,29.34,549,29.34,0.0,81.9,59.0,271,82.2,session,"Session - Oct 2, 2025 1:03:39 PM",2025-10-02 01:03:39 PM 1:03:39 PM,01:16:58,,,,Enter Notes
2025-10-02 01:38:44 PM,82.4,66.6,44.5,29.33,557,29.33,1.0,81.7,58.6,270,82.2,session,"Session - Oct 2, 2025 1:03:39 PM",2025-10-02 01:03:39 PM 1:03:39 PM,01:16:58,,,,Enter Notes
2025-10-02 01:38:49 PM,82.3,66.4,43.9,29.33,557,29.33,0.9,81.5,58.1,270,82.2,session,"Session - Oct 2, 2025 1:03:39 PM",2025-10-02 01:03:39 PM 1:03:39 PM,01:16:58,,,,Enter Notes
2025-10-02 01:38:54 PM,82.5,66.4,43.5,29.33,556,29.33,0.7,81.7,58.1,270,82.4,session,"Session - Oct 2, 2025 1:03:39 PM",2025-10-02 01:03:39 PM 1:03:39 PM,01:16:58,,,,Enter Notes
2025-10-02 01:38:59 PM,82.9,66.7,43.6,29.33,556,29.33,0.8,82.6,58.6,270,82.9,session,"Session - Oct 2, 2025 1:03:39 PM",2025-10-02 01:03:39 PM 1:03:39 PM,01:16:58,,,,Enter Notes
2025-10-02 01:39:04 PM,81.4,65.7,43.5,29.33,552,29.33,1.8,80.4,57.1,270,81.3,session,"Session - Oct 2, 2025 1:03:39 PM",2025-10-02 01:03:39 PM 1:03:39 PM,01:16:58,,,,Enter Notes
2025-10-02 01:39:09 PM,81.7,65.7,43.2,29.33,556,29.33,1.0,80.8,57.2,270,81.7,session,"Session - Oct 2, 2025 1:03:39 PM",2025-10-02 01:03:39 PM 1:03:39 PM,01:16:58,,,,Enter Notes
2025-10-02 01:39:14 PM,81.6,65.7,43.3,29.33,556,29.33,0.8,80.6,57.1,270,81.5,session,"Session - Oct 2, 2025 1:03:39 PM",2025-10-02 01:03:39 PM 1:03:39 PM,01:16:58,,,,Enter Notes
2025-10-02 01:39:19 PM,81.3,65.5,43.4,29.33,556,29.33,0.0,80.1,56.9,270,81.1,session,"Session - Oct 2, 2025 1:03:39 PM",2025-10-02 01:03:39 PM 1:03:39 PM,01:16:58,,,,Enter Notes
2025-10-02 01:39:24 PM,81.6,65.7,43.2,29.33,556,29.33,0.0,80.6,57.1,270,81.5,session,"Session - Oct 2, 2025 1:03:39 PM",2025-10-02 01:03:39 PM 1:03:39 PM,01:16:58,,,,Enter Notes
2025-10-02 01:39:29 PM,82.1,65.8,42.8,29.34,552,29.34,1.2,81.0,57.3,270,82.0,session,"Session - Oct 2, 2025 1:03:39 PM",2025-10-02 01:03:39 PM 1:03:39 PM,01:16:58,,,,Enter Notes
2025-10-02 01:39:34 PM,82.3,65.7,42.0,29.33,557,29.33,0.0,81.1,56.9,270,82.2,session,"Session - Oct 2, 2025 1:03:39 PM",2025-10-02 01:03:39 PM 1:03:39 PM,01:16:58,,,,Enter Notes
2025-10-02 01:39:39 PM,82.2,65.5,41.4,29.33,557,29.33,3.2,81.1,56.5,271,82.2,session,"Session - Oct 2, 2025 1:03:39 PM",2025-10-02 01:03:39 PM 1:03:39 PM,01:16:58,,,,Enter Notes
2025-10-02 01:39:44 PM,81.7,64.9,40.6,29.33,561,29.33,2.7,80.2,55.5,271,81.7,session,"Session - Oct 2, 2025 1:03:39 PM",2025-10-02 01:03:39 PM 1:03:39 PM,01:16:58,,,,Enter Notes
2025-10-02 01:39:49 PM,81.3,64.4,40.3,29.33,561,29.33,2.3,79.7,54.9,270,81.3,session,"Session - Oct 2, 2025 1:03:39 PM",2025-10-02 01:03:39 PM 1:03:39 PM,01:16:58,,,,Enter Notes
2025-10-02 01:39:54 PM,81.0,64.0,39.9,29.33,561,29.33,2.2,79.2,54.4,270,81.0,session,"Session - Oct 2, 2025 1:03:39 PM",2025-10-02 01:03:39 PM 1:03:39 PM,01:16:58,,,,Enter Notes
2025-10-02 01:39:59 PM,80.8,63.9,40.0,29.33,561,29.33,0.8,79.2,54.2,269,80.8,session,"Session - Oct 2, 2025 1:03:39 PM",2025-10-02 01:03:39 PM 1:03:39 PM,01:16:58,,,,Enter Notes
2025-10-02 01:40:04 PM,81.0,64.4,40.8,29.33,557,29.33,0.8,79.3,55.0,270,81.0,session,"Session - Oct 2, 2025 1:03:39 PM",2025-10-02 01:03:39 PM 1:03:39 PM,01:16:58,,,,Enter Notes
2025-10-02 01:40:09 PM,80.8,64.2,41.0,29.33,556,29.33,2.3,79.2,54.9,270,80.8,session,"Session - Oct 2, 2025 1:03:39 PM",2025-10-02 01:03:39 PM 1:03:39 PM,01:16:58,,,,Enter Notes
2025-10-02 01:40:14 PM,80.7,64.0,40.8,29.33,556,29.33,2.9,79.0,54.7,270,80.6,session,"Session - Oct 2, 2025 1:03:39 PM",2025-10-02 01:03:39 PM 1:03:39 PM,01:16:58,,,,Enter Notes
2025-10-02 01:40:19 PM,79.2,62.8,40.7,29.33,552,29.33,3.0,77.4,53.2,270,79.2,session,"Session - Oct 2, 2025 1:03:39 PM",2025-10-02 01:03:39 PM 1:03:39 PM,01:16:58,,,,Enter Notes
2025-10-02 01:40:24 PM,78.1,62.1,40.7,29.34,549,29.34,3.3,76.1,52.3,270,78.1,session,"Session - Oct 2, 2025 1:03:39 PM",2025-10-02 01:03:39 PM 1:03:39 PM,01:16:58,,,,Enter Notes
2025-10-02 01:40:29 PM,78.3,62.2,40.8,29.34,549,29.34,2.7,76.3,52.5,270,78.3,session,"Session - Oct 2, 2025 1:03:39 PM",2025-10-02 01:03:39 PM 1:03:39 PM,01:16:58,,,,Enter Notes
2025-10-02 01:40:34 PM,78.9,62.8,40.9,29.34,547,29.34,2.5,77.0,53.1,270,78.8,session,"Session - Oct 2, 2025 1:03:39 PM",2025-10-02 01:03:39 PM 1:03:39 PM,01:16:58,,,,Enter Notes
2025-10-02 01:40:39 PM,79.0,62.8,41.0,29.35,535,29.35,2.9,77.2,53.3,269,79.0,session,"Session - Oct 2, 2025 1:03:39 PM",2025-10-02 01:03:39 PM 1:03:39 PM,01:16:58,,,,Enter Notes
2025-10-02 01:40:44 PM,79.2,63.1,41.4,29.35,540,29.35,2.5,77.4,53.8,269,79.2,session,"Session - Oct 2, 2025 1:03:39 PM",2025-10-02 01:03:39 PM 1:03:39 PM,01:16:58,,,,Enter Notes
2025-10-02 01:40:49 PM,79.5,63.5,41.6,29.34,543,29.34,3.0,77.7,54.1,270,79.3,session,"Session - Oct 2, 2025 1:03:39 PM",2025-10-02 01:03:39 PM 1:03:39 PM,01:16:58,,,,Enter Notes
2025-10-02 01:40:54 PM,79.8,63.7,41.6,29.34,540,29.35,1.8,78.1,54.5,270,79.7,session,"Session - Oct 2, 2025 1:03:39 PM",2025-10-02 01:03:39 PM 1:03:39 PM,01:16:58,,,,Enter Notes
2025-10-02 01:40:59 PM,80.1,64.0,41.9,29.35,540,29.35,3.4,78.6,54.8,270,80.1,session,"Session - Oct 2, 2025 1:03:39 PM",2025-10-02 01:03:39 PM 1:03:39 PM,01:16:58,,,,Enter Notes
2025-10-02 01:41:04 PM,80.2,64.2,42.2,29.35,539,29.35,3.4,78.6,55.2,270,80.1,session,"Session - Oct 2, 2025 1:03:39 PM",2025-10-02 01:03:39 PM 1:03:39 PM,01:16:58,,,,Enter Notes
2025-10-02 01:41:09 PM,80.5,64.4,42.1,29.36,532,29.36,1.7,79.2,55.4,268,80.4,session,"Session - Oct 2, 2025 1:03:39 PM",2025-10-02 01:03:39 PM 1:03:39 PM,01:16:58,,,,Enter Notes
2025-10-02 01:41:14 PM,80.1,63.9,41.7,29.36,530,29.36,2.3,78.6,54.7,268,80.1,session,"Session - Oct 2, 2025 1:03:39 PM",2025-10-02 01:03:39 PM 1:03:39 PM,01:16:58,,,,Enter Notes
2025-10-02 01:41:19 PM,80.0,63.9,41.5,29.36,530,29.36,1.5,78.3,54.5,267,79.9,session,"Session - Oct 2, 2025 1:03:39 PM",2025-10-02 01:03:39 PM 1:03:39 PM,01:16:58,,,,Enter Notes
2025-10-02 01:41:24 PM,79.9,63.7,41.6,29.36,530,29.36,1.3,78.3,54.5,267,79.9,session,"Session - Oct 2, 2025 1:03:39 PM",2025-10-02 01:03:39 PM 1:03:39 PM,01:16:58,,,,Enter Notes
2025-10-02 01:41:29 PM,80.4,64.2,41.8,29.36,530,29.36,0.7,78.8,55.1,267,80.2,session,"Session - Oct 2, 2025 1:03:39 PM",2025-10-02 01:03:39 PM 1:03:39 PM,01:16:58,,,,Enter Notes
2025-10-02 01:41:34 PM,80.7,64.6,42.2,29.36,532,29.36,0.9,79.3,55.6,267,80.6,session,"Session - Oct 2, 2025 1:03:39 PM",2025-10-02 01:03:39 PM 1:03:39 PM,01:16:58,,,,Enter Notes
2025-10-02 01:41:39 PM,80.5,64.6,42.6,29.36,532,29.36,0.0,79.2,55.7,268,80.4,session,"Session - Oct 2, 2025 1:03:39 PM",2025-10-02 01:03:39 PM 1:03:39 PM,01:16:58,,,,Enter Notes
2025-10-02 01:41:44 PM,79.9,64.0,42.6,29.36,532,29.36,0.0,78.3,55.1,268,79.7,session,"Session - Oct 2, 2025 1:03:39 PM",2025-10-02 01:03:39 PM 1:03:39 PM,01:16:58,,,,Enter Notes
2025-10-02 01:41:49 PM,79.6,63.7,42.4,29.35,539,29.35,0.8,78.1,54.8,267,79.5,session,"Session - Oct 2, 2025 1:03:39 PM",2025-10-02 01:03:39 PM 1:03:39 PM,01:16:58,,,,Enter Notes
2025-10-02 01:41:54 PM,79.8,63.9,42.1,29.34,540,29.35,0.8,78.3,54.8,267,79.7,session,"Session - Oct 2, 2025 1:03:39 PM",2025-10-02 01:03:39 PM 1:03:39 PM,01:16:58,,,,Enter Notes
2025-10-02 01:41:59 PM,79.8,63.7,41.9,29.34,540,29.35,2.1,78.1,54.6,267,79.7,session,"Session - Oct 2, 2025 1:03:39 PM",2025-10-02 01:03:39 PM 1:03:39 PM,01:16:58,,,,Enter Notes
2025-10-02 01:42:04 PM,79.8,63.7,41.7,29.34,543,29.34,2.0,78.1,54.5,267,79.7,session,"Session - Oct 2, 2025 1:03:39 PM",2025-10-02 01:03:39 PM 1:03:39 PM,01:16:58,,,,Enter Notes
2025-10-02 01:42:09 PM,79.9,63.7,41.6,29.34,547,29.34,1.7,78.3,54.5,267,79.9,session,"Session - Oct 2, 2025 1:03:39 PM",2025-10-02 01:03:39 PM 1:03:39 PM,01:16:58,,,,Enter Notes
2025-10-02 01:42:14 PM,79.7,63.7,41.6,29.34,547,29.34,1.9,77.9,54.3,267,79.5,session,"Session - Oct 2, 2025 1:03:39 PM",2025-10-02 01:03:39 PM 1:03:39 PM,01:16:58,,,,Enter Notes
2025-10-02 01:42:19 PM,78.6,62.8,41.6,29.34,549,29.34,3.3,76.6,53.3,268,78.4,session,"Session - Oct 2, 2025 1:03:39 PM",2025-10-02 01:03:39 PM 1:03:39 PM,01:16:58,,,,Enter Notes
2025-10-02 01:42:24 PM,77.9,62.2,41.5,29.34,552,29.34,2.6,75.7,52.6,267,77.7,session,"Session - Oct 2, 2025 1:03:39 PM",2025-10-02 01:03:39 PM 1:03:39 PM,01:16:58,,,,Enter Notes
2025-10-02 01:42:29 PM,77.1,61.5,41.5,29.34,552,29.34,8.7,74.8,52.0,267,77.0,session,"Session - Oct 2, 2025 1:03:39 PM",2025-10-02 01:03:39 PM 1:03:39 PM,01:16:58,,,,Enter Notes
2025-10-02 01:42:34 PM,75.9,60.6,41.6,29.34,552,29.34,5.7,73.6,50.9,267,75.7,session,"Session - Oct 2, 2025 1:03:39 PM",2025-10-02 01:03:39 PM 1:03:39 PM,01:16:58,,,,Enter Notes
2025-10-02 01:42:39 PM,75.4,60.4,41.8,29.33,552,29.33,5.8,73.4,50.6,267,75.4,session,"Session - Oct 2, 2025 1:03:39 PM",2025-10-02 01:03:39 PM 1:03:39 PM,01:16:58,,,,Enter Notes
2025-10-02 01:42:44 PM,75.7,60.6,42.2,29.33,552,29.33,2.9,73.6,51.2,267,75.6,session,"Session - Oct 2, 2025 1:03:39 PM",2025-10-02 01:03:39 PM 1:03:39 PM,01:16:58,,,,Enter Notes
2025-10-02 01:42:49 PM,76.1,61.0,42.5,29.34,552,29.34,1.6,73.9,51.7,267,75.9,session,"Session - Oct 2, 2025 1:03:39 PM",2025-10-02 01:03:39 PM 1:03:39 PM,01:16:58,,,,Enter Notes
2025-10-02 01:42:54 PM,75.5,60.8,43.0,29.33,552,29.33,6.9,73.4,51.4,267,75.4,session,"Session - Oct 2, 2025 1:03:39 PM",2025-10-02 01:03:39 PM 1:03:39 PM,01:16:58,,,,Enter Notes
2025-10-02 01:42:59 PM,75.3,60.6,43.2,29.33,556,29.33,7.1,73.4,51.4,267,75.2,session,"Session - Oct 2, 2025 1:03:39 PM",2025-10-02 01:03:39 PM 1:03:39 PM,01:16:58,,,,Enter Notes
2025-10-02 01:43:04 PM,75.2,60.6,43.6,29.33,556,29.33,4.7,73.4,51.5,267,75.2,session,"Session - Oct 2, 2025 1:03:39 PM",2025-10-02 01:03:39 PM 1:03:39 PM,01:16:58,,,,Enter Notes
2025-10-02 01:43:09 PM,75.5,61.0,43.8,29.33,552,29.33,4.4,73.6,51.9,268,75.4,session,"Session - Oct 2, 2025 1:03:39 PM",2025-10-02 01:03:39 PM 1:03:39 PM,01:16:58,,,,Enter Notes
2025-10-02 01:43:14 PM,75.2,60.8,44.2,29.33,552,29.33,5.6,73.4,51.9,267,75.0,session,"Session - Oct 2, 2025 1:03:39 PM",2025-10-02 01:03:39 PM 1:03:39 PM,01:16:58,,,,Enter Notes
2025-10-02 01:43:19 PM,74.5,60.4,44.4,29.33,552,29.33,3.7,72.9,51.4,267,74.5,session,"Session - Oct 2, 2025 1:03:39 PM",2025-10-02 01:03:39 PM 1:03:39 PM,01:16:58,,,,Enter Notes
2025-10-02 01:43:24 PM,75.0,60.8,44.8,29.33,552,29.33,1.2,73.2,52.1,267,74.8,session,"Session - Oct 2, 2025 1:03:39 PM",2025-10-02 01:03:39 PM 1:03:39 PM,01:16:58,,,,Enter Notes
2025-10-02 01:43:29 PM,75.2,61.2,45.1,29.33,552,29.33,1.7,73.6,52.5,267,75.2,session,"Session - Oct 2, 2025 1:03:39 PM",2025-10-02 01:03:39 PM 1:03:39 PM,01:16:58,,,,Enter Notes
2025-10-02 01:43:34 PM,75.1,61.2,45.4,29.33,552,29.33,2.6,73.6,52.5,267,75.0,session,"Session - Oct 2, 2025 1:03:39 PM",2025-10-02 01:03:39 PM 1:03:39 PM,01:16:58,,,,Enter Notes
2025-10-02 01:43:39 PM,74.8,61.0,45.6,29.34,549,29.34,4.7,73.2,52.4,268,74.7,session,"Session - Oct 2, 2025 1:03:39 PM",2025-10-02 01:03:39 PM 1:03:39 PM,01:16:58,,,,Enter Notes
2025-10-02 01:43:44 PM,74.5,60.6,45.8,29.33,552,29.33,4.3,72.9,52.2,268,74.3,session,"Session - Oct 2, 2025 1:03:39 PM",2025-10-02 01:03:39 PM 1:03:39 PM,01:16:58,,,,Enter Notes
2025-10-02 01:43:49 PM,74.7,61.0,45.9,29.33,552,29.33,1.4,73.2,52.4,267,74.7,session,"Session - Oct 2, 2025 1:03:39 PM",2025-10-02 01:03:39 PM 1:03:39 PM,01:16:58,,,,Enter Notes
2025-10-02 01:43:54 PM,75.1,61.3,46.6,29.34,549,29.34,0.8,73.6,53.2,267,75.0,session,"Session - Oct 2, 2025 1:03:39 PM",2025-10-02 01:03:39 PM 1:03:39 PM,01:16:58,,,,Enter Notes
2025-10-02 01:43:59 PM,75.3,61.9,47.6,29.33,552,29.33,0.8,73.8,54.0,267,75.2,session,"Session - Oct 2, 2025 1:03:39 PM",2025-10-02 01:03:39 PM 1:03:39 PM,01:16:58,,,,Enter Notes
2025-10-02 01:44:04 PM,75.1,61.9,48.0,29.34,552,29.34,1.3,73.8,54.1,268,75.0,session,"Session - Oct 2, 2025 1:03:39 PM",2025-10-02 01:03:39 PM 1:03:39 PM,01:16:58,,,,Enter Notes
2025-10-02 01:44:09 PM,75.1,61.9,47.8,29.33,552,29.33,3.2,73.8,54.0,267,75.0,session,"Session - Oct 2, 2025 1:03:39 PM",2025-10-02 01:03:39 PM 1:03:39 PM,01:16:58,,,,Enter Notes
2025-10-02 01:44:14 PM,75.2,61.9,47.5,29.33,552,29.33,1.5,73.8,53.9,267,75.0,session,"Session - Oct 2, 2025 1:03:39 PM",2025-10-02 01:03:39 PM 1:03:39 PM,01:16:58,,,,Enter Notes
2025-10-02 01:44:19 PM,75.3,62.1,47.6,29.33,552,29.33,1.2,73.8,54.1,267,75.2,session,"Session - Oct 2, 2025 1:03:39 PM",2025-10-02 01:03:39 PM 1:03:39 PM,01:16:58,,,,Enter Notes
2025-10-02 01:44:24 PM,75.6,62.2,47.7,29.33,552,29.33,1.9,74.1,54.3,267,75.6,session,"Session - Oct 2, 2025 1:03:39 PM",2025-10-02 01:03:39 PM 1:03:39 PM,01:16:58,,,,Enter Notes
2025-10-02 01:44:29 PM,75.8,62.4,47.6,29.33,557,29.33,1.7,74.3,54.5,268,75.7,session,"Session - Oct 2, 2025 1:03:39 PM",2025-10-02 01:03:39 PM 1:03:39 PM,01:16:58,,,,Enter Notes
2025-10-02 01:44:34 PM,76.1,62.6,47.4,29.33,556,29.33,0.9,74.7,54.7,267,76.1,session,"Session - Oct 2, 2025 1:03:39 PM",2025-10-02 01:03:39 PM 1:03:39 PM,01:16:58,,,,Enter Notes
2025-10-02 01:44:39 PM,76.2,62.6,47.2,29.34,552,29.34,0.0,74.7,54.7,267,76.1,session,"Session - Oct 2, 2025 1:03:39 PM",2025-10-02 01:03:39 PM 1:03:39 PM,01:16:58,,,,Enter Notes
2025-10-02 01:44:44 PM,76.1,62.4,47.0,29.33,552,29.33,1.7,74.5,54.4,268,75.9,session,"Session - Oct 2, 2025 1:03:39 PM",2025-10-02 01:03:39 PM 1:03:39 PM,01:16:58,,,,Enter Notes
2025-10-02 01:44:49 PM,76.2,62.4,46.9,29.33,552,29.33,2.3,74.7,54.5,268,76.1,session,"Session - Oct 2, 2025 1:03:39 PM",2025-10-02 01:03:39 PM 1:03:39 PM,01:16:58,,,,Enter Notes
2025-10-02 01:44:54 PM,76.3,62.4,46.8,29.34,549,29.34,3.0,74.8,54.5,267,76.3,session,"Session - Oct 2, 2025 1:03:39 PM",2025-10-02 01:03:39 PM 1:03:39 PM,01:16:58,,,,Enter Notes
2025-10-02 01:44:59 PM,76.7,62.8,46.7,29.33,552,29.33,1.8,75.0,54.8,269,76.6,session,"Session - Oct 2, 2025 1:03:39 PM",2025-10-02 01:03:39 PM 1:03:39 PM,01:16:58,,,,Enter Notes
2025-10-02 01:45:04 PM,76.9,63.1,47.0,29.33,556,29.33,1.1,75.4,55.1,267,76.8,session,"Session - Oct 2, 2025 1:03:39 PM",2025-10-02 01:03:39 PM 1:03:39 PM,01:16:58,,,,Enter Notes
2025-10-02 01:45:09 PM,77.2,63.7,47.9,29.33,552,29.33,0.8,75.6,55.9,268,77.0,session,"Session - Oct 2, 2025 1:03:39 PM",2025-10-02 01:03:39 PM 1:03:39 PM,01:16:58,,,,Enter Notes
2025-10-02 01:45:14 PM,77.4,63.9,48.5,29.33,556,29.33,0.0,76.3,56.4,267,77.4,session,"Session - Oct 2, 2025 1:03:39 PM",2025-10-02 01:03:39 PM 1:03:39 PM,01:16:58,,,,Enter Notes
2025-10-02 01:45:19 PM,77.3,63.9,48.4,29.33,556,29.33,0.8,75.9,56.3,266,77.2,session,"Session - Oct 2, 2025 1:03:39 PM",2025-10-02 01:03:39 PM 1:03:39 PM,01:16:58,,,,Enter Notes
2025-10-02 01:45:24 PM,77.4,63.9,48.1,29.33,556,29.33,0.9,76.1,56.2,268,77.4,session,"Session - Oct 2, 2025 1:03:39 PM",2025-10-02 01:03:39 PM 1:03:39 PM,01:16:58,,,,Enter Notes
2025-10-02 01:45:29 PM,77.1,63.5,47.8,29.33,556,29.33,1.6,75.6,55.8,267,77.0,session,"Session - Oct 2, 2025 1:03:39 PM",2025-10-02 01:03:39 PM 1:03:39 PM,01:16:58,,,,Enter Notes
2025-10-02 01:45:34 PM,77.1,63.3,47.5,29.33,556,29.33,1.4,75.6,55.5,267,77.0,session,"Session - Oct 2, 2025 1:03:39 PM",2025-10-02 01:03:39 PM 1:03:39 PM,01:16:58,,,,Enter Notes
2025-10-02 01:45:39 PM,76.8,63.1,47.2,29.33,557,29.33,1.4,75.2,55.2,268,76.6,session,"Session - Oct 2, 2025 1:03:39 PM",2025-10-02 01:03:39 PM 1:03:39 PM,01:16:58,,,,Enter Notes
2025-10-02 01:45:44 PM,76.9,63.1,46.9,29.33,561,29.33,1.7,75.4,55.1,268,76.8,session,"Session - Oct 2, 2025 1:03:39 PM",2025-10-02 01:03:39 PM 1:03:39 PM,01:16:58,,,,Enter Notes
2025-10-02 01:45:49 PM,77.3,63.3,46.7,29.33,557,29.33,1.3,75.7,55.3,267,77.2,session,"Session - Oct 2, 2025 1:03:39 PM",2025-10-02 01:03:39 PM 1:03:39 PM,01:16:58,,,,Enter Notes
2025-10-02 01:45:54 PM,77.6,63.5,46.3,29.32,564,29.33,1.8,76.1,55.4,268,77.5,session,"Session - Oct 2, 2025 1:03:39 PM",2025-10-02 01:03:39 PM 1:03:39 PM,01:16:58,,,,Enter Notes
2025-10-02 01:45:59 PM,77.8,63.7,46.1,29.33,557,29.33,1.3,76.3,55.5,268,77.7,session,"Session - Oct 2, 2025 1:03:39 PM",2025-10-02 01:03:39 PM 1:03:39 PM,01:16:58,,,,Enter Notes
2025-10-02 01:46:04 PM,78.1,63.7,45.9,29.33,561,29.33,0.9,76.8,55.7,267,78.1,session,"Session - Oct 2, 2025 1:03:39 PM",2025-10-02 01:03:39 PM 1:03:39 PM,01:16:58,,,,Enter Notes
2025-10-02 01:46:09 PM,78.4,63.9,45.9,29.33,557,29.33,1.6,77.0,55.8,267,78.3,session,"Session - Oct 2, 2025 1:03:39 PM",2025-10-02 01:03:39 PM 1:03:39 PM,01:16:58,,,,Enter Notes
2025-10-02 01:46:14 PM,78.5,64.0,45.8,29.33,557,29.33,0.0,77.2,55.9,267,78.4,session,"Session - Oct 2, 2025 1:03:39 PM",2025-10-02 01:03:39 PM 1:03:39 PM,01:16:58,,,,Enter Notes
2025-10-02 01:46:19 PM,78.6,64.0,45.8,29.33,556,29.33,1.1,77.4,56.0,267,78.6,session,"Session - Oct 2, 2025 1:03:39 PM",2025-10-02 01:03:39 PM 1:03:39 PM,01:16:58,,,,Enter Notes
2025-10-02 01:46:24 PM,78.2,63.7,45.5,29.33,556,29.33,5.1,76.6,55.4,271,78.1,session,"Session - Oct 2, 2025 1:03:39 PM",2025-10-02 01:03:39 PM 1:03:39 PM,01:16:58,,,,Enter Notes
2025-10-02 01:46:29 PM,77.0,62.6,45.0,29.33,552,29.33,3.4,75.4,54.1,271,77.0,session,"Session - Oct 2, 2025 1:03:39 PM",2025-10-02 01:03:39 PM 1:03:39 PM,01:16:58,,,,Enter Notes
2025-10-02 01:46:34 PM,76.3,61.9,44.5,29.33,556,29.33,4.5,74.5,53.2,270,76.3,session,"Session - Oct 2, 2025 1:03:39 PM",2025-10-02 01:03:39 PM 1:03:39 PM,01:16:58,,,,Enter Notes
2025-10-02 01:46:39 PM,76.0,61.5,44.3,29.33,557,29.33,3.0,74.1,52.7,271,75.9,session,"Session - Oct 2, 2025 1:03:39 PM",2025-10-02 01:03:39 PM 1:03:39 PM,01:16:58,,,,Enter Notes
2025-10-02 01:46:44 PM,76.2,61.7,44.2,29.32,561,29.33,3.7,74.3,52.8,269,76.1,session,"Session - Oct 2, 2025 1:03:39 PM",2025-10-02 01:03:39 PM 1:03:39 PM,01:16:58,,,,Enter Notes
2025-10-02 01:46:49 PM,76.5,61.9,44.3,29.32,565,29.32,5.3,74.7,53.2,270,76.5,session,"Session - Oct 2, 2025 1:03:39 PM",2025-10-02 01:03:39 PM 1:03:39 PM,01:16:58,,,,Enter Notes
2025-10-02 01:46:54 PM,76.5,61.9,44.4,29.32,564,29.32,3.4,74.7,53.2,272,76.5,session,"Session - Oct 2, 2025 1:03:39 PM",2025-10-02 01:03:39 PM 1:03:39 PM,01:16:58,,,,Enter Notes
2025-10-02 01:46:59 PM,76.7,62.2,44.4,29.32,564,29.32,2.7,74.8,53.5,269,76.6,session,"Session - Oct 2, 2025 1:03:39 PM",2025-10-02 01:03:39 PM 1:03:39 PM,01:16:58,,,,Enter Notes
2025-10-02 01:47:04 PM,76.5,61.9,44.5,29.32,564,29.33,4.1,74.7,53.3,270,76.5,session,"Session - Oct 2, 2025 1:03:39 PM",2025-10-02 01:03:39 PM 1:03:39 PM,01:16:58,,,,Enter Notes
2025-10-02 01:47:09 PM,76.0,61.5,44.5,29.33,552,29.33,5.0,74.1,52.8,270,75.9,session,"Session - Oct 2, 2025 1:03:39 PM",2025-10-02 01:03:39 PM 1:03:39 PM,01:16:58,,,,Enter Notes
2025-10-02 01:47:14 PM,75.3,61.2,44.6,29.33,556,29.33,5.8,73.4,52.3,270,75.2,session,"Session - Oct 2, 2025 1:03:39 PM",2025-10-02 01:03:39 PM 1:03:39 PM,01:16:58,,,,Enter Notes
2025-10-02 01:47:19 PM,74.7,60.6,44.8,29.33,556,29.33,6.5,73.0,51.8,269,74.7,session,"Session - Oct 2, 2025 1:03:39 PM",2025-10-02 01:03:39 PM 1:03:39 PM,01:16:58,,,,Enter Notes
2025-10-02 01:47:24 PM,74.5,60.4,45.0,29.33,556,29.33,5.9,73.0,51.8,271,74.5,session,"Session - Oct 2, 2025 1:03:39 PM",2025-10-02 01:03:39 PM 1:03:39 PM,01:16:58,,,,Enter Notes
2025-10-02 01:47:29 PM,74.3,60.4,45.2,29.32,564,29.33,5.0,72.9,51.7,270,74.3,session,"Session - Oct 2, 2025 1:03:39 PM",2025-10-02 01:03:39 PM 1:03:39 PM,01:16:58,,,,Enter Notes
2025-10-02 01:47:34 PM,74.4,60.6,45.5,29.32,564,29.32,4.7,72.9,52.0,269,74.3,session,"Session - Oct 2, 2025 1:03:39 PM",2025-10-02 01:03:39 PM 1:03:39 PM,01:16:58,,,,Enter Notes
2025-10-02 01:47:39 PM,74.6,60.8,45.7,29.33,556,29.33,3.8,73.0,52.3,270,74.5,session,"Session - Oct 2, 2025 1:03:39 PM",2025-10-02 01:03:39 PM 1:03:39 PM,01:16:58,,,,Enter Notes
2025-10-02 01:47:44 PM,75.0,61.3,46.0,29.33,557,29.33,1.4,73.4,52.8,269,74.8,session,"Session - Oct 2, 2025 1:03:39 PM",2025-10-02 01:03:39 PM 1:03:39 PM,01:16:58,,,,Enter Notes
2025-10-02 01:47:49 PM,75.4,61.5,46.4,29.33,556,29.33,0.8,73.8,53.4,269,75.4,session,"Session - Oct 2, 2025 1:03:39 PM",2025-10-02 01:03:39 PM 1:03:39 PM,01:16:58,,,,Enter Notes
2025-10-02 01:47:54 PM,75.5,61.9,46.8,29.33,557,29.33,1.1,73.9,53.7,268,75.4,session,"Session - Oct 2, 2025 1:03:39 PM",2025-10-02 01:03:39 PM 1:03:39 PM,01:16:58,,,,Enter Notes
2025-10-02 01:47:59 PM,75.8,62.4,47.1,29.33,556,29.33,0.0,74.3,54.2,268,75.7,session,"Session - Oct 2, 2025 1:03:39 PM",2025-10-02 01:03:39 PM 1:03:39 PM,01:16:58,,,,Enter Notes
2025-10-02 01:48:04 PM,75.9,62.4,47.4,29.34,552,29.34,0.9,74.5,54.5,268,75.9,session,"Session - Oct 2, 2025 1:03:39 PM",2025-10-02 01:03:39 PM 1:03:39 PM,01:16:58,,,,Enter Notes
2025-10-02 01:48:09 PM,76.1,62.6,47.7,29.34,552,29.34,0.0,74.7,54.8,268,76.1,session,"Session - Oct 2, 2025 1:03:39 PM",2025-10-02 01:03:39 PM 1:03:39 PM,01:16:58,,,,Enter Notes
2025-10-02 01:48:14 PM,76.2,62.8,48.0,29.34,549,29.34,0.9,74.7,55.1,269,76.1,session,"Session - Oct 2, 2025 1:03:39 PM",2025-10-02 01:03:39 PM 1:03:39 PM,01:16:58,,,,Enter Notes
2025-10-02 01:48:19 PM,76.3,63.0,48.1,29.33,556,29.33,0.0,74.7,55.2,268,76.1,session,"Session - Oct 2, 2025 1:03:39 PM",2025-10-02 01:03:39 PM 1:03:39 PM,01:16:58,,,,Enter Notes
2025-10-02 01:48:24 PM,76.5,63.1,48.1,29.32,561,29.33,0.0,75.0,55.5,269,76.5,session,"Session - Oct 2, 2025 1:03:39 PM",2025-10-02 01:03:39 PM 1:03:39 PM,01:16:58,,,,Enter Notes
2025-10-02 01:48:29 PM,76.5,63.1,48.1,29.32,564,29.33,0.8,75.0,55.4,270,76.5,session,"Session - Oct 2, 2025 1:03:39 PM",2025-10-02 01:03:39 PM 1:03:39 PM,01:16:58,,,,Enter Notes
2025-10-02 01:48:34 PM,77.0,63.5,48.1,29.33,557,29.33,0.0,75.4,55.9,269,76.8,session,"Session - Oct 2, 2025 1:03:39 PM",2025-10-02 01:03:39 PM 1:03:39 PM,01:16:58,,,,Enter Notes
2025-10-02 01:48:39 PM,77.0,63.5,48.1,29.33,552,29.33,1.5,75.6,55.9,269,77.0,session,"Session - Oct 2, 2025 1:03:39 PM",2025-10-02 01:03:39 PM 1:03:39 PM,01:16:58,,,,Enter Notes
2025-10-02 01:48:44 PM,76.9,63.1,47.4,29.33,552,29.33,2.4,75.4,55.4,269,76.8,session,"Session - Oct 2, 2025 1:03:39 PM",2025-10-02 01:03:39 PM 1:03:39 PM,01:16:58,,,,Enter Notes
2025-10-02 01:48:49 PM,76.7,62.8,47.0,29.34,549,29.34,3.1,75.2,54.9,269,76.6,session,"Session - Oct 2, 2025 1:03:39 PM",2025-10-02 01:03:39 PM 1:03:39 PM,01:16:58,,,,Enter Notes
2025-10-02 01:48:54 PM,76.5,62.6,46.4,29.35,540,29.35,3.5,74.8,54.4,270,76.5,session,"Session - Oct 2, 2025 1:03:39 PM",2025-10-02 01:03:39 PM 1:03:39 PM,01:16:58,,,,Enter Notes
2025-10-02 01:48:59 PM,76.5,62.4,46.2,29.35,535,29.35,1.6,74.8,54.3,271,76.5,session,"Session - Oct 2, 2025 1:03:39 PM",2025-10-02 01:03:39 PM 1:03:39 PM,01:16:58,,,,Enter Notes
2025-10-02 01:49:04 PM,76.4,62.4,46.0,29.35,532,29.36,2.2,74.7,54.1,268,76.3,session,"Session - Oct 2, 2025 1:03:39 PM",2025-10-02 01:03:39 PM 1:03:39 PM,01:16:58,,,,Enter Notes
2025-10-02 01:49:09 PM,76.4,62.2,45.9,29.36,530,29.36,1.3,74.7,54.0,268,76.3,session,"Session - Oct 2, 2025 1:03:39 PM",2025-10-02 01:03:39 PM 1:03:39 PM,01:16:58,,,,Enter Notes
2025-10-02 01:49:14 PM,76.1,62.2,46.2,29.37,521,29.37,1.3,74.5,54.0,268,76.1,session,"Session - Oct 2, 2025 1:03:39 PM",2025-10-02 01:03:39 PM 1:03:39 PM,01:16:58,,,,Enter Notes
2025-10-02 01:49:19 PM,75.6,61.7,46.4,29.37,524,29.37,1.9,73.9,53.6,268,75.6,session,"Session - Oct 2, 2025 1:03:39 PM",2025-10-02 01:03:39 PM 1:03:39 PM,01:16:58,,,,Enter Notes
2025-10-02 01:49:24 PM,75.4,61.5,46.3,29.37,521,29.37,1.4,73.8,53.4,269,75.4,session,"Session - Oct 2, 2025 1:03:39 PM",2025-10-02 01:03:39 PM 1:03:39 PM,01:16:58,,,,Enter Notes
2025-10-02 01:49:29 PM,75.3,61.5,46.5,29.36,524,29.36,1.2,73.6,53.4,268,75.2,session,"Session - Oct 2, 2025 1:03:39 PM",2025-10-02 01:03:39 PM 1:03:39 PM,01:16:58,,,,Enter Notes
2025-10-02 01:49:34 PM,75.1,61.5,46.6,29.37,521,29.37,2.4,73.6,53.3,269,75.0,session,"Session - Oct 2, 2025 1:03:39 PM",2025-10-02 01:03:39 PM 1:03:39 PM,01:16:58,,,,Enter Notes
2025-10-02 01:49:39 PM,75.0,61.3,46.6,29.37,521,29.37,2.5,73.4,53.2,269,74.8,session,"Session - Oct 2, 2025 1:03:39 PM",2025-10-02 01:03:39 PM 1:03:39 PM,01:16:58,,,,Enter Notes
2025-10-02 01:49:44 PM,74.9,61.3,46.5,29.37,524,29.37,2.6,73.4,53.0,269,74.8,session,"Session - Oct 2, 2025 1:03:39 PM",2025-10-02 01:03:39 PM 1:03:39 PM,01:16:58,,,,Enter Notes
2025-10-02 01:49:49 PM,74.7,61.2,46.5,29.37,524,29.37,3.2,73.2,52.8,269,74.7,session,"Session - Oct 2, 2025 1:03:39 PM",2025-10-02 01:03:39 PM 1:03:39 PM,01:16:58,,,,Enter Notes
2025-10-02 01:49:54 PM,74.6,61.0,46.5,29.37,521,29.37,3.0,73.0,52.7,269,74.5,session,"Session - Oct 2, 2025 1:03:39 PM",2025-10-02 01:03:39 PM 1:03:39 PM,01:16:58,,,,Enter Notes
2025-10-02 01:49:59 PM,74.4,61.0,46.5,29.37,524,29.37,2.7,72.9,52.6,269,74.3,session,"Session - Oct 2, 2025 1:03:39 PM",2025-10-02 01:03:39 PM 1:03:39 PM,01:16:58,,,,Enter Notes
2025-10-02 01:50:04 PM,74.4,61.0,46.5,29.37,524,29.37,2.8,72.9,52.6,269,74.3,session,"Session - Oct 2, 2025 1:03:39 PM",2025-10-02 01:03:39 PM 1:03:39 PM,01:16:58,,,,Enter Notes
2025-10-02 01:50:09 PM,74.3,60.8,46.5,29.37,524,29.37,2.7,72.7,52.5,269,74.1,session,"Session - Oct 2, 2025 1:03:39 PM",2025-10-02 01:03:39 PM 1:03:39 PM,01:16:58,,,,Enter Notes
2025-10-02 01:50:14 PM,74.0,60.6,46.6,29.37,524,29.37,2.8,72.5,52.3,269,73.9,session,"Session - Oct 2, 2025 1:03:39 PM",2025-10-02 01:03:39 PM 1:03:39 PM,01:16:58,,,,Enter Notes
2025-10-02 01:50:19 PM,74.0,60.6,46.7,29.37,521,29.37,2.7,72.7,52.4,268,73.9,session,"Session - Oct 2, 2025 1:03:39 PM",2025-10-02 01:03:39 PM 1:03:39 PM,01:16:58,,,,Enter Notes
2025-10-02 01:50:24 PM,73.9,60.6,46.8,29.37,524,29.37,2.5,72.5,52.3,269,73.9,session,"Session - Oct 2, 2025 1:03:39 PM",2025-10-02 01:03:39 PM 1:03:39 PM,01:16:58,,,,Enter Notes
2025-10-02 01:50:29 PM,74.0,60.8,47.0,29.37,521,29.37,1.9,72.7,52.5,269,73.9,session,"Session - Oct 2, 2025 1:03:39 PM",2025-10-02 01:03:39 PM 1:03:39 PM,01:16:58,,,,Enter Notes
2025-10-02 01:50:34 PM,74.0,60.8,47.2,29.37,521,29.37,1.6,72.7,52.6,268,73.9,session,"Session - Oct 2, 2025 1:03:39 PM",2025-10-02 01:03:39 PM 1:03:39 PM,01:16:58,,,,Enter Notes
2025-10-02 01:50:39 PM,74.1,61.0,47.3,29.37,521,29.37,1.7,72.9,52.8,267,74.1,session,"Session - Oct 2, 2025 1:03:39 PM",2025-10-02 01:03:39 PM 1:03:39 PM,01:16:58,,,,Enter Notes
2025-10-02 01:50:44 PM,74.2,61.0,47.5,29.37,521,29.37,1.6,72.9,52.9,268,74.1,session,"Session - Oct 2, 2025 1:03:39 PM",2025-10-02 01:03:39 PM 1:03:39 PM,01:16:58,,,,Enter Notes
2025-10-02 01:50:49 PM,74.3,61.2,47.5,29.37,524,29.37,1.8,73.0,53.1,268,74.3,session,"Session - Oct 2, 2025 1:03:39 PM",2025-10-02 01:03:39 PM 1:03:39 PM,01:16:58,,,,Enter Notes
2025-10-02 01:50:54 PM,74.3,61.2,47.6,29.36,524,29.36,2.2,73.0,53.2,268,74.3,session,"Session - Oct 2, 2025 1:03:39 PM",2025-10-02 01:03:39 PM 1:03:39 PM,01:16:58,,,,Enter Notes
2025-10-02 01:50:59 PM,74.3,61.2,47.7,29.37,524,29.37,2.0,73.0,53.2,268,74.3,session,"Session - Oct 2, 2025 1:03:39 PM",2025-10-02 01:03:39 PM 1:03:39 PM,01:16:58,,,,Enter Notes
2025-10-02 01:51:04 PM,74.3,61.2,47.8,29.37,524,29.37,2.2,73.0,53.2,267,74.3,session,"Session - Oct 2, 2025 1:03:39 PM",2025-10-02 01:03:39 PM 1:03:39 PM,01:16:58,,,,Enter Notes
2025-10-02 01:51:09 PM,74.2,61.2,47.8,29.37,524,29.37,2.3,72.9,53.2,268,74.1,session,"Session - Oct 2, 2025 1:03:39 PM",2025-10-02 01:03:39 PM 1:03:39 PM,01:16:58,,,,Enter Notes
2025-10-02 01:51:14 PM,74.2,61.2,48.0,29.37,521,29.37,2.0,72.9,53.3,267,74.1,session,"Session - Oct 2, 2025 1:03:39 PM",2025-10-02 01:03:39 PM 1:03:39 PM,01:16:58,,,,Enter Notes
2025-10-02 01:51:19 PM,74.3,61.3,48.2,29.36,524,29.36,1.7,72.9,53.5,268,74.1,session,"Session - Oct 2, 2025 1:03:39 PM",2025-10-02 01:03:39 PM 1:03:39 PM,01:16:58,,,,Enter Notes
2025-10-02 01:51:24 PM,74.2,61.3,48.5,29.37,524,29.37,1.6,73.0,53.5,267,74.1,session,"Session - Oct 2, 2025 1:03:39 PM",2025-10-02 01:03:39 PM 1:03:39 PM,01:16:58,,,,Enter Notes
2025-10-02 01:51:29 PM,74.2,61.3,48.5,29.37,524,29.37,1.6,73.0,53.6,268,74.1,session,"Session - Oct 2, 2025 1:03:39 PM",2025-10-02 01:03:39 PM 1:03:39 PM,01:16:58,,,,Enter Notes
2025-10-02 01:51:34 PM,74.1,61.3,48.6,29.36,524,29.36,1.6,73.0,53.5,268,74.1,session,"Session - Oct 2, 2025 1:03:39 PM",2025-10-02 01:03:39 PM 1:03:39 PM,01:16:58,,,,Enter Notes
2025-10-02 01:51:39 PM,74.1,61.2,48.6,29.36,527,29.36,1.4,72.9,53.5,267,73.9,session,"Session - Oct 2, 2025 1:03:39 PM",2025-10-02 01:03:39 PM 1:03:39 PM,01:16:58,,,,Enter Notes
2025-10-02 01:51:44 PM,74.0,61.2,48.6,29.37,524,29.37,1.2,72.9,53.4,267,73.9,session,"Session - Oct 2, 2025 1:03:39 PM",2025-10-02 01:03:39 PM 1:03:39 PM,01:16:58,,,,Enter Notes
2025-10-02 01:51:49 PM,74.1,61.2,48.6,29.36,524,29.36,0.0,72.9,53.5,268,73.9,session,"Session - Oct 2, 2025 1:03:39 PM",2025-10-02 01:03:39 PM 1:03:39 PM,01:16:58,,,,Enter Notes
2025-10-02 01:51:54 PM,74.2,61.3,48.8,29.36,524,29.36,0.9,73.0,53.7,267,74.1,session,"Session - Oct 2, 2025 1:03:39 PM",2025-10-02 01:03:39 PM 1:03:39 PM,01:16:58,,,,Enter Notes
2025-10-02 01:51:59 PM,74.3,61.5,49.0,29.37,524,29.37,0.0,73.2,53.9,267,74.3,session,"Session - Oct 2, 2025 1:03:39 PM",2025-10-02 01:03:39 PM 1:03:39 PM,01:16:58,,,,Enter Notes
2025-10-02 01:52:04 PM,74.4,61.7,49.4,29.36,527,29.36,0.0,73.2,54.2,268,74.3,session,"Session - Oct 2, 2025 1:03:39 PM",2025-10-02 01:03:39 PM 1:03:39 PM,01:16:58,,,,Enter Notes
2025-10-02 01:52:09 PM,74.4,61.9,49.8,29.36,527,29.36,0.9,73.2,54.5,268,74.3,session,"Session - Oct 2, 2025 1:03:39 PM",2025-10-02 01:03:39 PM 1:03:39 PM,01:16:58,,,,Enter Notes
2025-10-02 01:52:14 PM,74.5,62.1,49.9,29.37,524,29.37,1.0,73.4,54.6,268,74.5,session,"Session - Oct 2, 2025 1:03:39 PM",2025-10-02 01:03:39 PM 1:03:39 PM,01:16:58,,,,Enter Notes
2025-10-02 01:52:19 PM,74.6,61.9,49.5,29.36,524,29.36,1.0,73.4,54.5,268,74.5,session,"Session - Oct 2, 2025 1:03:39 PM",2025-10-02 01:03:39 PM 1:03:39 PM,01:16:58,,,,Enter Notes
2025-10-02 01:52:24 PM,74.6,61.9,49.0,29.36,530,29.36,0.8,73.4,54.2,267,74.5,session,"Session - Oct 2, 2025 1:03:39 PM",2025-10-02 01:03:39 PM 1:03:39 PM,01:16:58,,,,Enter Notes
2025-10-02 01:52:29 PM,74.6,61.9,49.1,29.36,527,29.36,0.0,73.4,54.3,267,74.5,session,"Session - Oct 2, 2025 1:03:39 PM",2025-10-02 01:03:39 PM 1:03:39 PM,01:16:58,,,,Enter Notes
2025-10-02 01:52:34 PM,74.9,62.1,49.0,29.36,527,29.36,1.3,73.6,54.5,268,74.8,session,"Session - Oct 2, 2025 1:03:39 PM",2025-10-02 01:03:39 PM 1:03:39 PM,01:16:58,,,,Enter Notes
2025-10-02 01:52:39 PM,75.1,62.2,49.1,29.36,527,29.36,1.2,73.8,54.7,268,75.0,session,"Session - Oct 2, 2025 1:03:39 PM",2025-10-02 01:03:39 PM 1:03:39 PM,01:16:58,,,,Enter Notes
2025-10-02 01:52:44 PM,75.3,62.4,49.4,29.36,527,29.36,0.8,73.9,55.0,268,75.2,session,"Session - Oct 2, 2025 1:03:39 PM",2025-10-02 01:03:39 PM 1:03:39 PM,01:16:58,,,,Enter Notes
2025-10-02 01:52:49 PM,75.2,62.4,49.6,29.36,527,29.36,0.0,73.9,55.1,269,75.2,session,"Session - Oct 2, 2025 1:03:39 PM",2025-10-02 01:03:39 PM 1:03:39 PM,01:16:58,,,,Enter Notes
2025-10-02 01:52:54 PM,75.3,62.6,49.7,29.36,527,29.36,0.0,73.9,55.3,269,75.2,session,"Session - Oct 2, 2025 1:03:39 PM",2025-10-02 01:03:39 PM 1:03:39 PM,01:16:58,,,,Enter Notes
2025-10-02 01:52:59 PM,75.3,62.6,49.9,29.36,527,29.36,0.9,73.9,55.4,269,75.2,session,"Session - Oct 2, 2025 1:03:39 PM",2025-10-02 01:03:39 PM 1:03:39 PM,01:16:58,,,,Enter Notes
2025-10-02 01:53:04 PM,75.3,62.8,50.1,29.36,527,29.36,0.0,74.1,55.5,269,75.2,session,"Session - Oct 2, 2025 1:03:39 PM",2025-10-02 01:03:39 PM 1:03:39 PM,01:16:58,,,,Enter Notes
2025-10-02 01:53:09 PM,75.5,62.8,50.2,29.36,527,29.36,0.0,74.3,55.7,269,75.4,session,"Session - Oct 2, 2025 1:03:39 PM",2025-10-02 01:03:39 PM 1:03:39 PM,01:16:58,,,,Enter Notes
2025-10-02 01:53:14 PM,75.7,63.1,50.2,29.36,524,29.36,0.0,74.5,55.9,268,75.7,session,"Session - Oct 2, 2025 1:03:39 PM",2025-10-02 01:03:39 PM 1:03:39 PM,01:16:58,,,,Enter Notes
2025-10-02 01:53:19 PM,75.8,63.1,50.1,29.37,524,29.37,1.0,74.7,55.9,268,75.7,session,"Session - Oct 2, 2025 1:03:39 PM",2025-10-02 01:03:39 PM 1:03:39 PM,01:16:58,,,,Enter Notes
2025-10-02 01:53:24 PM,75.8,63.1,49.8,29.36,524,29.36,0.8,74.5,55.8,270,75.7,session,"Session - Oct 2, 2025 1:03:39 PM",2025-10-02 01:03:39 PM 1:03:39 PM,01:16:58,,,,Enter Notes
2025-10-02 01:53:29 PM,75.9,63.1,50.0,29.36,524,29.36,0.0,74.8,56.0,268,75.9,session,"Session - Oct 2, 2025 1:03:39 PM",2025-10-02 01:03:39 PM 1:03:39 PM,01:16:58,,,,Enter Notes
2025-10-02 01:53:34 PM,75.9,63.3,50.3,29.37,521,29.37,0.0,74.8,56.1,268,75.9,session,"Session - Oct 2, 2025 1:03:39 PM",2025-10-02 01:03:39 PM 1:03:39 PM,01:16:58,,,,Enter Notes
2025-10-02 01:53:39 PM,75.8,63.1,50.4,29.36,524,29.36,0.8,74.7,56.0,268,75.7,session,"Session - Oct 2, 2025 1:03:39 PM",2025-10-02 01:03:39 PM 1:03:39 PM,01:16:58,,,,Enter Notes
2025-10-02 01:53:44 PM,76.0,63.1,49.9,29.36,524,29.36,2.2,74.7,55.9,268,75.9,session,"Session - Oct 2, 2025 1:03:39 PM",2025-10-02 01:03:39 PM 1:03:39 PM,01:16:58,,,,Enter Notes
2025-10-02 01:53:49 PM,76.3,63.3,49.4,29.36,524,29.36,1.8,75.0,56.0,268,76.3,session,"Session - Oct 2, 2025 1:03:39 PM",2025-10-02 01:03:39 PM 1:03:39 PM,01:16:58,,,,Enter Notes
2025-10-02 01:53:54 PM,76.3,63.3,49.1,29.36,527,29.36,1.2,75.0,55.9,268,76.3,session,"Session - Oct 2, 2025 1:03:39 PM",2025-10-02 01:03:39 PM 1:03:39 PM,01:16:58,,,,Enter Notes
2025-10-02 01:53:59 PM,76.0,63.1,49.0,29.36,527,29.36,1.4,74.7,55.5,268,75.9,session,"Session - Oct 2, 2025 1:03:39 PM",2025-10-02 01:03:39 PM 1:03:39 PM,01:16:58,,,,Enter Notes
2025-10-02 01:54:04 PM,75.7,62.6,48.8,29.36,530,29.36,1.0,74.3,55.1,268,75.6,session,"Session - Oct 2, 2025 1:03:39 PM",2025-10-02 01:03:39 PM 1:03:39 PM,01:16:58,,,,Enter Notes
2025-10-02 01:54:09 PM,75.4,62.4,48.7,29.36,530,29.36,1.0,74.1,54.7,268,75.4,session,"Session - Oct 2, 2025 1:03:39 PM",2025-10-02 01:03:39 PM 1:03:39 PM,01:16:58,,,,Enter Notes
2025-10-02 01:54:14 PM,75.4,62.4,48.7,29.36,530,29.36,1.0,74.1,54.7,268,75.4,session,"Session - Oct 2, 2025 1:03:39 PM",2025-10-02 01:03:39 PM 1:03:39 PM,01:16:58,,,,Enter Notes
2025-10-02 01:54:19 PM,75.5,62.4,48.6,29.35,535,29.36,1.1,74.1,54.8,268,75.4,session,"Session - Oct 2, 2025 1:03:39 PM",2025-10-02 01:03:39 PM 1:03:39 PM,01:16:58,,,,Enter Notes
2025-10-02 01:54:24 PM,76.0,62.8,48.3,29.35,539,29.35,1.7,74.5,55.1,267,75.9,session,"Session - Oct 2, 2025 1:03:39 PM",2025-10-02 01:03:39 PM 1:03:39 PM,01:16:58,,,,Enter Notes
2025-10-02 01:54:29 PM,76.2,63.0,48.1,29.35,535,29.36,3.0,74.7,55.1,268,76.1,session,"Session - Oct 2, 2025 1:03:39 PM",2025-10-02 01:03:39 PM 1:03:39 PM,01:16:58,,,,Enter Notes
2025-10-02 01:54:34 PM,76.0,62.6,47.9,29.36,532,29.36,2.6,74.5,54.8,268,75.9,session,"Session - Oct 2, 2025 1:03:39 PM",2025-10-02 01:03:39 PM 1:03:39 PM,01:16:58,,,,Enter Notes
2025-10-02 01:54:39 PM,76.0,62.6,47.8,29.34,540,29.35,2.1,74.5,54.8,269,75.9,session,"Session - Oct 2, 2025 1:03:39 PM",2025-10-02 01:03:39 PM 1:03:39 PM,01:16:58,,,,Enter Notes
2025-10-02 01:54:44 PM,76.0,62.6,47.8,29.35,539,29.35,3.3,74.5,54.8,269,75.9,session,"Session - Oct 2, 2025 1:03:39 PM",2025-10-02 01:03:39 PM 1:03:39 PM,01:16:58,,,,Enter Notes
2025-10-02 01:54:49 PM,75.8,62.4,47.9,29.34,543,29.34,0.9,74.3,54.7,270,75.7,session,"Session - Oct 2, 2025 1:03:39 PM",2025-10-02 01:03:39 PM 1:03:39 PM,01:16:58,,,,Enter Notes
2025-10-02 01:54:54 PM,75.9,62.6,48.0,29.34,547,29.34,0.9,74.3,54.8,270,75.7,session,"Session - Oct 2, 2025 1:03:39 PM",2025-10-02 01:03:39 PM 1:03:39 PM,01:16:58,,,,Enter Notes
2025-10-02 01:54:59 PM,76.0,62.6,48.1,29.34,549,29.34,1.5,74.5,55.0,270,75.9,session,"Session - Oct 2, 2025 1:03:39 PM",2025-10-02 01:03:39 PM 1:03:39 PM,01:16:58,,,,Enter Notes
2025-10-02 01:55:04 PM,76.3,63.0,48.1,29.34,549,29.34,3.2,74.8,55.3,270,76.3,session,"Session - Oct 2, 2025 1:03:39 PM",2025-10-02 01:03:39 PM 1:03:39 PM,01:16:58,,,,Enter Notes
2025-10-02 01:55:09 PM,76.5,63.0,47.8,29.34,540,29.35,3.1,75.0,55.2,270,76.5,session,"Session - Oct 2, 2025 1:03:39 PM",2025-10-02 01:03:39 PM 1:03:39 PM,01:16:58,,,,Enter Notes
2025-10-02 01:55:14 PM,76.2,62.8,47.5,29.34,543,29.34,1.0,74.7,54.8,269,76.1,session,"Session - Oct 2, 2025 1:03:39 PM",2025-10-02 01:03:39 PM 1:03:39 PM,01:16:58,,,,Enter Notes
2025-10-02 01:55:19 PM,76.0,62.6,47.6,29.34,547,29.34,0.9,74.5,54.7,269,75.9,session,"Session - Oct 2, 2025 1:03:39 PM",2025-10-02 01:03:39 PM 1:03:39 PM,01:16:58,,,,Enter Notes
2025-10-02 01:55:24 PM,76.1,62.6,47.8,29.34,547,29.34,1.7,74.5,54.8,269,75.9,session,"Session - Oct 2, 2025 1:03:39 PM",2025-10-02 01:03:39 PM 1:03:39 PM,01:16:58,,,,Enter Notes
2025-10-02 01:55:29 PM,75.9,62.6,47.9,29.34,549,29.34,1.6,74.3,54.8,269,75.7,session,"Session - Oct 2, 2025 1:03:39 PM",2025-10-02 01:03:39 PM 1:03:39 PM,01:16:58,,,,Enter Notes
2025-10-02 01:55:34 PM,75.7,62.4,48.1,29.34,549,29.34,1.2,74.1,54.7,269,75.6,session,"Session - Oct 2, 2025 1:03:39 PM",2025-10-02 01:03:39 PM 1:03:39 PM,01:16:58,,,,Enter Notes
2025-10-02 01:55:39 PM,75.5,62.2,48.1,29.34,552,29.34,1.8,73.9,54.5,269,75.4,session,"Session - Oct 2, 2025 1:03:39 PM",2025-10-02 01:03:39 PM 1:03:39 PM,01:16:58,,,,Enter Notes
2025-10-02 01:55:44 PM,75.4,62.1,47.9,29.33,557,29.33,1.1,73.9,54.4,269,75.4,session,"Session - Oct 2, 2025 1:03:39 PM",2025-10-02 01:03:39 PM 1:03:39 PM,01:16:58,,,,Enter Notes
2025-10-02 01:55:49 PM,75.6,62.2,47.9,29.32,561,29.33,0.8,74.1,54.4,269,75.6,session,"Session - Oct 2, 2025 1:03:39 PM",2025-10-02 01:03:39 PM 1:03:39 PM,01:16:58,,,,Enter Notes
2025-10-02 01:55:54 PM,75.7,62.4,47.9,29.33,561,29.33,0.0,74.1,54.6,269,75.7,session,"Session - Oct 2, 2025 1:03:39 PM",2025-10-02 01:03:39 PM 1:03:39 PM,01:16:58,,,,Enter Notes
2025-10-02 01:55:59 PM,75.9,62.6,48.1,29.33,557,29.33,1.3,74.3,54.9,269,75.9,session,"Session - Oct 2, 2025 1:03:39 PM",2025-10-02 01:03:39 PM 1:03:39 PM,01:16:58,,,,Enter Notes
2025-10-02 01:56:04 PM,75.8,62.4,48.1,29.32,565,29.32,2.0,74.3,54.7,269,75.7,session,"Session - Oct 2, 2025 1:03:39 PM",2025-10-02 01:03:39 PM 1:03:39 PM,01:16:58,,,,Enter Notes
2025-10-02 01:56:09 PM,75.8,62.4,47.8,29.32,564,29.33,1.0,74.3,54.6,269,75.7,session,"Session - Oct 2, 2025 1:03:39 PM",2025-10-02 01:03:39 PM 1:03:39 PM,01:16:58,,,,Enter Notes
2025-10-02 01:56:14 PM,75.8,62.4,47.6,29.32,564,29.32,1.0,74.3,54.5,269,75.7,session,"Session - Oct 2, 2025 1:03:39 PM",2025-10-02 01:03:39 PM 1:03:39 PM,01:16:58,,,,Enter Notes
2025-10-02 01:56:19 PM,75.9,62.4,47.5,29.33,561,29.33,0.0,74.3,54.5,269,75.7,session,"Session - Oct 2, 2025 1:03:39 PM",2025-10-02 01:03:39 PM 1:03:39 PM,01:16:58,,,,Enter Notes
2025-10-02 01:56:24 PM,75.9,62.4,47.5,29.32,569,29.32,0.0,74.5,54.6,269,75.9,session,"Session - Oct 2, 2025 1:03:39 PM",2025-10-02 01:03:39 PM 1:03:39 PM,01:16:58,,,,Enter Notes
2025-10-02 01:56:29 PM,76.1,62.6,47.5,29.32,565,29.32,0.0,74.5,54.7,269,75.9,session,"Session - Oct 2, 2025 1:03:39 PM",2025-10-02 01:03:39 PM 1:03:39 PM,01:16:58,,,,Enter Notes
2025-10-02 01:56:34 PM,76.0,62.6,47.8,29.33,561,29.33,0.0,74.5,54.8,269,75.9,session,"Session - Oct 2, 2025 1:03:39 PM",2025-10-02 01:03:39 PM 1:03:39 PM,01:16:58,,,,Enter Notes
2025-10-02 01:56:39 PM,76.2,62.8,48.0,29.32,565,29.32,1.2,74.7,55.1,270,76.1,session,"Session - Oct 2, 2025 1:03:39 PM",2025-10-02 01:03:39 PM 1:03:39 PM,01:16:58,,,,Enter Notes
2025-10-02 01:56:44 PM,76.5,63.1,48.2,29.32,561,29.33,0.9,75.0,55.5,270,76.5,session,"Session - Oct 2, 2025 1:03:39 PM",2025-10-02 01:03:39 PM 1:03:39 PM,01:16:58,,,,Enter Notes
2025-10-02 01:56:49 PM,76.7,63.5,48.6,29.32,565,29.32,0.0,75.4,55.9,270,76.6,session,"Session - Oct 2, 2025 1:03:39 PM",2025-10-02 01:03:39 PM 1:03:39 PM,01:16:58,,,,Enter Notes
2025-10-02 01:56:54 PM,76.9,63.7,49.1,29.33,561,29.33,0.9,75.6,56.4,269,76.8,session,"Session - Oct 2, 2025 1:03:39 PM",2025-10-02 01:03:39 PM 1:03:39 PM,01:16:58,,,,Enter Notes
2025-10-02 01:56:59 PM,77.3,64.0,49.1,29.33,557,29.33,2.8,76.1,56.7,269,77.2,session,"Session - Oct 2, 2025 1:03:39 PM",2025-10-02 01:03:39 PM 1:03:39 PM,01:16:58,,,,Enter Notes
2025-10-02 01:57:04 PM,77.1,63.7,48.3,29.33,561,29.33,2.4,75.6,56.0,268,77.0,session,"Session - Oct 2, 2025 1:03:39 PM",2025-10-02 01:03:39 PM 1:03:39 PM,01:16:58,,,,Enter Notes
2025-10-02 01:57:09 PM,76.9,63.5,47.8,29.33,561,29.33,2.6,75.4,55.7,269,76.8,session,"Session - Oct 2, 2025 1:03:39 PM",2025-10-02 01:03:39 PM 1:03:39 PM,01:16:58,,,,Enter Notes
2025-10-02 01:57:14 PM,77.0,63.1,47.3,29.32,564,29.33,1.7,75.4,55.4,270,76.8,session,"Session - Oct 2, 2025 1:03:39 PM",2025-10-02 01:03:39 PM 1:03:39 PM,01:16:58,,,,Enter Notes
2025-10-02 01:57:19 PM,77.3,63.5,47.0,29.32,569,29.32,2.2,75.9,55.5,270,77.2,session,"Session - Oct 2, 2025 1:03:39 PM",2025-10-02 01:03:39 PM 1:03:39 PM,01:16:58,,,,Enter Notes
2025-10-02 01:57:24 PM,77.2,63.1,46.6,29.32,565,29.32,0.9,75.7,55.2,270,77.2,session,"Session - Oct 2, 2025 1:03:39 PM",2025-10-02 01:03:39 PM 1:03:39 PM,01:16:58,,,,Enter Notes
2025-10-02 01:57:29 PM,77.4,63.3,46.6,29.32,569,29.32,1.4,75.9,55.3,269,77.4,session,"Session - Oct 2, 2025 1:03:39 PM",2025-10-02 01:03:39 PM 1:03:39 PM,01:16:58,,,,Enter Notes
2025-10-02 01:57:34 PM,77.5,63.5,46.6,29.32,564,29.32,1.0,75.9,55.5,270,77.4,session,"Session - Oct 2, 2025 1:03:39 PM",2025-10-02 01:03:39 PM 1:03:39 PM,01:16:58,,,,Enter Notes
2025-10-02 01:57:39 PM,77.5,63.5,46.5,29.33,557,29.33,0.9,75.9,55.5,270,77.5,session,"Session - Oct 2, 2025 1:03:39 PM",2025-10-02 01:03:39 PM 1:03:39 PM,01:16:58,,,,Enter Notes
2025-10-02 01:57:44 PM,77.6,63.5,46.4,29.32,561,29.33,0.0,76.1,55.4,270,77.5,session,"Session - Oct 2, 2025 1:03:39 PM",2025-10-02 01:03:39 PM 1:03:39 PM,01:16:58,,,,Enter Notes
2025-10-02 01:57:49 PM,77.5,63.3,46.3,29.33,557,29.33,0.0,75.9,55.2,270,77.4,session,"Session - Oct 2, 2025 1:03:39 PM",2025-10-02 01:03:39 PM 1:03:39 PM,01:16:58,,,,Enter Notes
2025-10-02 01:57:54 PM,77.6,63.5,46.5,29.31,569,29.32,0.8,76.1,55.4,270,77.5,session,"Session - Oct 2, 2025 1:03:39 PM",2025-10-02 01:03:39 PM 1:03:39 PM,01:16:58,,,,Enter Notes
2025-10-02 01:57:59 PM,78.0,63.9,46.6,29.32,569,29.32,0.9,76.6,56.0,270,77.9,session,"Session - Oct 2, 2025 1:03:39 PM",2025-10-02 01:03:39 PM 1:03:39 PM,01:16:58,,,,Enter Notes
2025-10-02 01:58:04 PM,78.5,64.4,47.0,29.32,565,29.32,0.8,77.4,56.6,270,78.4,session,"Session - Oct 2, 2025 1:03:39 PM",2025-10-02 01:03:39 PM 1:03:39 PM,01:16:58,,,,Enter Notes
2025-10-02 01:58:09 PM,78.7,64.6,47.2,29.32,565,29.32,0.9,77.7,56.8,270,78.6,session,"Session - Oct 2, 2025 1:03:39 PM",2025-10-02 01:03:39 PM 1:03:39 PM,01:16:58,,,,Enter Notes
2025-10-02 01:58:14 PM,78.7,64.6,47.2,29.32,569,29.32,0.0,77.7,56.9,270,78.6,session,"Session - Oct 2, 2025 1:03:39 PM",2025-10-02 01:03:39 PM 1:03:39 PM,01:16:58,,,,Enter Notes
2025-10-02 01:58:19 PM,79.0,64.8,47.1,29.31,569,29.32,0.0,77.9,57.1,270,78.8,session,"Session - Oct 2, 2025 1:03:39 PM",2025-10-02 01:03:39 PM 1:03:39 PM,01:16:58,,,,Enter Notes
2025-10-02 01:58:24 PM,79.2,64.9,46.9,29.31,569,29.32,1.3,78.3,57.1,270,79.2,session,"Session - Oct 2, 2025 1:03:39 PM",2025-10-02 01:03:39 PM 1:03:39 PM,01:16:58,,,,Enter Notes
2025-10-02 01:58:29 PM,79.2,64.8,46.3,29.31,569,29.32,2.5,78.1,56.8,270,79.2,session,"Session - Oct 2, 2025 1:03:39 PM",2025-10-02 01:03:39 PM 1:03:39 PM,01:16:58,,,,Enter Notes
2025-10-02 01:58:34 PM,78.3,63.9,45.5,29.32,569,29.32,4.5,77.0,55.6,270,78.3,session,"Session - Oct 2, 2025 1:03:39 PM",2025-10-02 01:03:39 PM 1:03:39 PM,01:16:58,,,,Enter Notes
2025-10-02 01:58:39 PM,77.1,62.6,45.1,29.32,564,29.32,4.8,75.4,54.2,270,77.0,session,"Session - Oct 2, 2025 1:03:39 PM",2025-10-02 01:03:39 PM 1:03:39 PM,01:16:58,,,,Enter Notes
2025-10-02 01:58:44 PM,76.9,62.4,44.7,29.33,561,29.33,2.8,75.0,53.8,269,76.8,session,"Session - Oct 2, 2025 1:03:39 PM",2025-10-02 01:03:39 PM 1:03:39 PM,01:16:58,,,,Enter Notes
2025-10-02 01:58:49 PM,76.8,62.2,44.6,29.32,561,29.33,1.1,75.0,53.6,269,76.8,session,"Session - Oct 2, 2025 1:03:39 PM",2025-10-02 01:03:39 PM 1:03:39 PM,01:16:58,,,,Enter Notes
2025-10-02 01:58:54 PM,76.6,62.1,44.5,29.32,569,29.32,2.7,74.7,53.4,270,76.5,session,"Session - Oct 2, 2025 1:03:39 PM",2025-10-02 01:03:39 PM 1:03:39 PM,01:16:58,,,,Enter Notes
2025-10-02 01:58:59 PM,76.6,62.1,44.5,29.32,564,29.33,2.0,74.8,53.4,270,76.6,session,"Session - Oct 2, 2025 1:03:39 PM",2025-10-02 01:03:39 PM 1:03:39 PM,01:16:58,,,,Enter Notes
2025-10-02 01:59:04 PM,76.6,62.1,44.5,29.32,564,29.33,1.6,74.7,53.3,270,76.5,session,"Session - Oct 2, 2025 1:03:39 PM",2025-10-02 01:03:39 PM 1:03:39 PM,01:16:58,,,,Enter Notes
2025-10-02 01:59:09 PM,76.5,62.1,44.6,29.33,557,29.33,2.0,74.7,53.3,270,76.5,session,"Session - Oct 2, 2025 1:03:39 PM",2025-10-02 01:03:39 PM 1:03:39 PM,01:16:58,,,,Enter Notes
2025-10-02 01:59:14 PM,76.3,61.9,44.8,29.33,561,29.33,2.1,74.5,53.3,270,76.3,session,"Session - Oct 2, 2025 1:03:39 PM",2025-10-02 01:03:39 PM 1:03:39 PM,01:16:58,,,,Enter Notes
2025-10-02 01:59:19 PM,76.5,62.1,44.9,29.32,565,29.32,1.7,74.7,53.5,270,76.5,session,"Session - Oct 2, 2025 1:03:39 PM",2025-10-02 01:03:39 PM 1:03:39 PM,01:16:58,,,,Enter Notes
2025-10-02 01:59:24 PM,76.5,62.1,45.0,29.32,564,29.33,2.1,74.8,53.6,270,76.5,session,"Session - Oct 2, 2025 1:03:39 PM",2025-10-02 01:03:39 PM 1:03:39 PM,01:16:58,,,,Enter Notes
2025-10-02 01:59:29 PM,76.5,62.1,45.1,29.32,561,29.33,1.3,74.8,53.6,270,76.5,session,"Session - Oct 2, 2025 1:03:39 PM",2025-10-02 01:03:39 PM 1:03:39 PM,01:16:58,,,,Enter Notes
2025-10-02 01:59:34 PM,76.5,62.2,45.2,29.33,561,29.33,0.8,74.8,53.7,271,76.5,session,"Session - Oct 2, 2025 1:03:39 PM",2025-10-02 01:03:39 PM 1:03:39 PM,01:16:58,,,,Enter Notes
2025-10-02 01:59:39 PM,76.6,62.2,45.2,29.32,565,29.32,0.0,74.8,53.8,271,76.5,session,"Session - Oct 2, 2025 1:03:39 PM",2025-10-02 01:03:39 PM 1:03:39 PM,01:16:58,,,,Enter Notes
2025-10-02 01:59:44 PM,76.8,62.6,45.6,29.32,564,29.32,0.0,75.2,54.2,271,76.8,session,"Session - Oct 2, 2025 1:03:39 PM",2025-10-02 01:03:39 PM 1:03:39 PM,01:16:58,,,,Enter Notes
2025-10-02 01:59:49 PM,77.1,63.0,46.3,29.33,557,29.33,0.0,75.4,54.9,271,77.0,session,"Session - Oct 2, 2025 1:03:39 PM",2025-10-02 01:03:39 PM 1:03:39 PM,01:16:58,,,,Enter Notes
2025-10-02 01:59:54 PM,77.2,63.5,47.6,29.32,564,29.33,0.0,75.9,55.8,271,77.2,session,"Session - Oct 2, 2025 1:03:39 PM",2025-10-02 01:03:39 PM 1:03:39 PM,01:16:58,,,,Enter Notes
2025-10-02 01:59:59 PM,77.6,64.0,48.5,29.32,569,29.32,1.2,76.5,56.6,270,77.5,session,"Session - Oct 2, 2025 1:03:39 PM",2025-10-02 01:03:39 PM 1:03:39 PM,01:16:58,,,,Enter Notes
2025-10-02 02:00:04 PM,78.0,64.4,48.5,29.32,564,29.32,1.1,77.0,57.0,271,77.9,session,"Session - Oct 2, 2025 1:03:39 PM",2025-10-02 01:03:39 PM 1:03:39 PM,01:16:58,,,,Enter Notes
2025-10-02 02:00:09 PM,78.1,64.4,48.4,29.32,565,29.32,0.8,77.2,57.1,270,78.1,session,"Session - Oct 2, 2025 1:03:39 PM",2025-10-02 01:03:39 PM 1:03:39 PM,01:16:58,,,,Enter Notes
2025-10-02 02:00:14 PM,78.3,64.6,48.2,29.32,569,29.32,0.8,77.2,57.1,272,78.3,session,"Session - Oct 2, 2025 1:03:39 PM",2025-10-02 01:03:39 PM 1:03:39 PM,01:16:58,,,,Enter Notes
2025-10-02 02:00:19 PM,78.4,64.6,47.8,29.32,569,29.32,0.8,77.2,57.0,272,78.3,session,"Session - Oct 2, 2025 1:03:39 PM",2025-10-02 01:03:39 PM 1:03:39 PM,01:16:58,,,,Enter Notes
2025-10-02 02:00:24 PM,78.6,64.6,47.2,29.32,565,29.32,0.9,77.4,56.8,272,78.4,session,"Session - Oct 2, 2025 1:03:39 PM",2025-10-02 01:03:39 PM 1:03:39 PM,01:16:58,,,,Enter Notes
2025-10-02 02:00:29 PM,78.8,64.6,46.9,29.32,569,29.32,0.0,77.9,56.9,272,78.8,session,"Session - Oct 2, 2025 1:03:39 PM",2025-10-02 01:03:39 PM 1:03:39 PM,01:16:58,,,,Enter Notes
2025-10-02 02:00:34 PM,78.9,64.6,46.6,29.32,569,29.32,0.0,77.7,56.8,272,78.8,session,"Session - Oct 2, 2025 1:03:39 PM",2025-10-02 01:03:39 PM 1:03:39 PM,01:16:58,,,,Enter Notes
2025-10-02 02:00:39 PM,79.1,64.8,46.5,29.32,565,29.32,0.0,77.9,56.8,272,79.0,session,"Session - Oct 2, 2025 1:03:39 PM",2025-10-02 01:03:39 PM 1:03:39 PM,01:16:58,,,,Enter Notes
2025-10-02 02:00:44 PM,79.2,64.8,46.4,29.32,569,29.32,0.0,78.1,56.9,272,79.2,session,"Session - Oct 2, 2025 1:03:39 PM",2025-10-02 01:03:39 PM 1:03:39 PM,01:16:58,,,,Enter Notes
2025-10-02 02:00:49 PM,79.8,65.1,46.4,29.32,565,29.32,0.0,78.8,57.4,272,79.7,session,"Session - Oct 2, 2025 1:03:39 PM",2025-10-02 01:03:39 PM 1:03:39 PM,01:16:58,,,,Enter Notes
2025-10-02 02:00:54 PM,80.3,65.7,46.8,29.32,565,29.32,0.0,79.7,58.1,272,80.2,session,"Session - Oct 2, 2025 1:03:39 PM",2025-10-02 01:03:39 PM 1:03:39 PM,01:16:58,,,,Enter Notes
2025-10-02 02:00:59 PM,80.8,66.2,47.3,29.32,564,29.33,0.0,80.4,58.9,272,80.8,session,"Session - Oct 2, 2025 1:03:39 PM",2025-10-02 01:03:39 PM 1:03:39 PM,01:16:58,,,,Enter Notes
2025-10-02 02:01:04 PM,80.8,66.0,46.6,29.32,569,29.32,1.9,80.2,58.5,272,80.8,session,"Session - Oct 2, 2025 1:03:39 PM",2025-10-02 01:03:39 PM 1:03:39 PM,01:16:58,,,,Enter Notes
2025-10-02 02:01:09 PM,80.5,65.5,45.6,29.32,569,29.32,3.8,79.5,57.6,272,80.4,session,"Session - Oct 2, 2025 1:03:39 PM",2025-10-02 01:03:39 PM 1:03:39 PM,01:16:58,,,,Enter Notes
2025-10-02 02:01:14 PM,80.7,65.3,44.3,29.31,569,29.32,2.6,79.7,56.9,272,80.6,session,"Session - Oct 2, 2025 1:03:39 PM",2025-10-02 01:03:39 PM 1:03:39 PM,01:16:58,,,,Enter Notes
2025-10-02 02:01:19 PM,80.5,64.8,43.7,29.31,569,29.32,1.3,79.3,56.4,271,80.4,session,"Session - Oct 2, 2025 1:03:39 PM",2025-10-02 01:03:39 PM 1:03:39 PM,01:16:58,,,,Enter Notes
2025-10-02 02:01:24 PM,80.7,64.9,43.4,29.32,569,29.32,0.8,79.5,56.4,271,80.6,session,"Session - Oct 2, 2025 1:03:39 PM",2025-10-02 01:03:39 PM 1:03:39 PM,01:16:58,,,,Enter Notes
2025-10-02 02:01:29 PM,81.0,65.3,43.7,29.32,569,29.32,0.8,79.9,56.9,271,81.0,session,"Session - Oct 2, 2025 1:03:39 PM",2025-10-02 01:03:39 PM 1:03:39 PM,01:16:58,,,,Enter Notes
2025-10-02 02:01:34 PM,80.9,65.1,43.6,29.31,572,29.32,1.5,79.7,56.6,271,80.8,session,"Session - Oct 2, 2025 1:03:39 PM",2025-10-02 01:03:39 PM 1:03:39 PM,01:16:58,,,,Enter Notes
2025-10-02 02:01:39 PM,80.6,64.8,43.0,29.31,574,29.31,2.4,79.5,56.1,271,80.6,session,"Session - Oct 2, 2025 1:03:39 PM",2025-10-02 01:03:39 PM 1:03:39 PM,01:16:58,,,,Enter Notes
2025-10-02 02:01:44 PM,80.4,64.4,42.4,29.31,572,29.31,2.5,79.2,55.5,271,80.4,session,"Session - Oct 2, 2025 1:03:39 PM",2025-10-02 01:03:39 PM 1:03:39 PM,01:16:58,,,,Enter Notes
2025-10-02 02:01:49 PM,80.8,64.8,42.1,29.31,572,29.32,3.1,79.5,55.7,270,80.8,session,"Session - Oct 2, 2025 1:03:39 PM",2025-10-02 01:03:39 PM 1:03:39 PM,01:16:58,,,,Enter Notes
2025-10-02 02:01:54 PM,80.9,64.6,41.8,29.31,572,29.31,3.0,79.3,55.5,271,80.8,session,"Session - Oct 2, 2025 1:03:39 PM",2025-10-02 01:03:39 PM 1:03:39 PM,01:16:58,,,,Enter Notes
2025-10-02 02:01:59 PM,80.6,64.4,41.6,29.31,572,29.31,3.1,79.2,55.1,271,80.6,session,"Session - Oct 2, 2025 1:03:39 PM",2025-10-02 01:03:39 PM 1:03:39 PM,01:16:58,,,,Enter Notes
2025-10-02 02:02:04 PM,80.5,64.2,41.4,29.31,577,29.31,1.7,79.0,55.0,270,80.4,session,"Session - Oct 2, 2025 1:03:39 PM",2025-10-02 01:03:39 PM 1:03:39 PM,01:16:58,,,,Enter Notes
2025-10-02 02:02:09 PM,80.7,64.2,41.3,29.31,574,29.31,2.5,79.2,55.0,270,80.6,session,"Session - Oct 2, 2025 1:03:39 PM",2025-10-02 01:03:39 PM 1:03:39 PM,01:16:58,,,,Enter Notes
2025-10-02 02:02:14 PM,80.8,64.4,41.2,29.31,574,29.31,2.6,79.3,55.1,270,80.8,session,"Session - Oct 2, 2025 1:03:39 PM",2025-10-02 01:03:39 PM 1:03:39 PM,01:16:58,,,,Enter Notes
2025-10-02 02:02:19 PM,80.8,64.4,41.2,29.31,569,29.32,2.6,79.3,55.0,270,80.8,session,"Session - Oct 2, 2025 1:03:39 PM",2025-10-02 01:03:39 PM 1:03:39 PM,01:16:58,,,,Enter Notes
2025-10-02 02:02:24 PM,80.5,64.0,41.1,29.32,569,29.32,1.2,79.0,54.7,271,80.4,session,"Session - Oct 2, 2025 1:03:39 PM",2025-10-02 01:03:39 PM 1:03:39 PM,01:16:58,,,,Enter Notes
2025-10-02 02:02:29 PM,80.7,64.4,41.1,29.32,569,29.32,0.8,79.2,55.0,269,80.6,session,"Session - Oct 2, 2025 1:03:39 PM",2025-10-02 01:03:39 PM 1:03:39 PM,01:16:58,,,,Enter Notes
2025-10-02 02:02:34 PM,80.7,64.4,41.2,29.33,561,29.33,1.2,79.2,55.0,270,80.6,session,"Session - Oct 2, 2025 1:03:39 PM",2025-10-02 01:03:39 PM 1:03:39 PM,01:16:58,,,,Enter Notes
2025-10-02 02:02:39 PM,80.7,64.2,41.5,29.31,569,29.32,1.0,79.2,55.1,270,80.6,session,"Session - Oct 2, 2025 1:03:39 PM",2025-10-02 01:03:39 PM 1:03:39 PM,01:16:58,,,,Enter Notes
2025-10-02 02:02:44 PM,81.0,64.6,41.8,29.32,569,29.32,0.9,79.5,55.6,271,81.0,session,"Session - Oct 2, 2025 1:03:39 PM",2025-10-02 01:03:39 PM 1:03:39 PM,01:16:58,,,,Enter Notes
2025-10-02 02:02:49 PM,80.9,64.8,42.0,29.31,572,29.32,1.0,79.5,55.7,270,80.8,session,"Session - Oct 2, 2025 1:03:39 PM",2025-10-02 01:03:39 PM 1:03:39 PM,01:16:58,,,,Enter Notes
2025-10-02 02:02:54 PM,80.2,64.4,42.4,29.33,557,29.33,1.6,78.8,55.3,271,80.2,session,"Session - Oct 2, 2025 1:03:39 PM",2025-10-02 01:03:39 PM 1:03:39 PM,01:16:58,,,,Enter Notes
2025-10-02 02:02:59 PM,78.7,63.1,42.4,29.33,557,29.33,2.4,77.0,54.0,271,78.6,session,"Session - Oct 2, 2025 1:03:39 PM",2025-10-02 01:03:39 PM 1:03:39 PM,01:16:58,,,,Enter Notes
2025-10-02 02:03:04 PM,77.7,62.2,42.1,29.33,556,29.33,2.2,75.7,52.9,270,77.5,session,"Session - Oct 2, 2025 1:03:39 PM",2025-10-02 01:03:39 PM 1:03:39 PM,01:16:58,,,,Enter Notes
2025-10-02 02:03:09 PM,77.7,62.2,41.9,29.33,557,29.33,2.2,75.9,52.8,270,77.7,session,"Session - Oct 2, 2025 1:03:39 PM",2025-10-02 01:03:39 PM 1:03:39 PM,01:16:58,,,,Enter Notes
2025-10-02 02:03:14 PM,77.4,61.9,42.0,29.32,564,29.32,2.3,75.4,52.5,270,77.4,session,"Session - Oct 2, 2025 1:03:39 PM",2025-10-02 01:03:39 PM 1:03:39 PM,01:16:58,,,,Enter Notes
2025-10-02 02:03:19 PM,78.0,62.4,42.2,29.32,565,29.32,2.4,76.1,53.2,270,77.9,session,"Session - Oct 2, 2025 1:03:39 PM",2025-10-02 01:03:39 PM 1:03:39 PM,01:16:58,,,,Enter Notes
2025-10-02 02:03:24 PM,78.8,63.1,42.6,29.32,564,29.33,2.6,77.2,54.2,270,78.8,session,"Session - Oct 2, 2025 1:03:39 PM",2025-10-02 01:03:39 PM 1:03:39 PM,01:16:58,,,,Enter Notes
2025-10-02 02:03:29 PM,79.6,63.9,42.9,29.32,561,29.33,2.7,78.1,55.0,271,79.5,session,"Session - Oct 2, 2025 1:03:39 PM",2025-10-02 01:03:39 PM 1:03:39 PM,01:16:58,,,,Enter Notes
2025-10-02 02:03:34 PM,79.4,63.9,43.0,29.32,564,29.32,2.1,77.9,55.0,270,79.3,session,"Session - Oct 2, 2025 1:03:39 PM",2025-10-02 01:03:39 PM 1:03:39 PM,01:16:58,,,,Enter Notes
2025-10-02 02:03:39 PM,79.0,63.5,42.8,29.33,556,29.33,2.4,77.4,54.5,270,79.0,session,"Session - Oct 2, 2025 1:03:39 PM",2025-10-02 01:03:39 PM 1:03:39 PM,01:16:58,,,,Enter Notes
2025-10-02 02:03:44 PM,79.1,63.3,42.5,29.34,549,29.34,1.5,77.4,54.4,270,79.0,session,"Session - Oct 2, 2025 1:03:39 PM",2025-10-02 01:03:39 PM 1:03:39 PM,01:16:58,,,,Enter Notes
2025-10-02 02:03:49 PM,78.8,63.1,42.4,29.34,549,29.34,1.5,77.2,54.0,270,78.8,session,"Session - Oct 2, 2025 1:03:39 PM",2025-10-02 01:03:39 PM 1:03:39 PM,01:16:58,,,,Enter Notes
2025-10-02 02:03:54 PM,78.4,62.8,42.2,29.34,549,29.34,1.3,76.5,53.5,270,78.3,session,"Session - Oct 2, 2025 1:03:39 PM",2025-10-02 01:03:39 PM 1:03:39 PM,01:16:58,,,,Enter Notes
2025-10-02 02:03:59 PM,78.3,62.6,42.1,29.33,552,29.33,2.0,76.5,53.4,270,78.3,session,"Session - Oct 2, 2025 1:03:39 PM",2025-10-02 01:03:39 PM 1:03:39 PM,01:16:58,,,,Enter Notes
2025-10-02 02:04:04 PM,78.4,62.6,42.1,29.33,557,29.33,2.7,76.5,53.5,270,78.3,session,"Session - Oct 2, 2025 1:03:39 PM",2025-10-02 01:03:39 PM 1:03:39 PM,01:16:58,,,,Enter Notes
2025-10-02 02:04:09 PM,78.3,62.8,42.2,29.34,549,29.34,2.4,76.5,53.5,270,78.3,session,"Session - Oct 2, 2025 1:03:39 PM",2025-10-02 01:03:39 PM 1:03:39 PM,01:16:58,,,,Enter Notes
2025-10-02 02:04:14 PM,78.3,62.8,42.3,29.34,549,29.34,2.0,76.5,53.5,270,78.3,session,"Session - Oct 2, 2025 1:03:39 PM",2025-10-02 01:03:39 PM 1:03:39 PM,01:16:58,,,,Enter Notes
2025-10-02 02:04:19 PM,78.2,62.6,42.4,29.34,549,29.34,1.3,76.3,53.5,270,78.1,session,"Session - Oct 2, 2025 1:03:39 PM",2025-10-02 01:03:39 PM 1:03:39 PM,01:16:58,,,,Enter Notes
2025-10-02 02:04:24 PM,78.1,62.6,42.5,29.33,552,29.33,1.7,76.3,53.5,270,78.1,session,"Session - Oct 2, 2025 1:03:39 PM",2025-10-02 01:03:39 PM 1:03:39 PM,01:16:58,,,,Enter Notes
2025-10-02 02:04:29 PM,78.3,62.8,42.8,29.33,557,29.33,1.6,76.5,53.8,270,78.3,session,"Session - Oct 2, 2025 1:03:39 PM",2025-10-02 01:03:39 PM 1:03:39 PM,01:16:58,,,,Enter Notes
2025-10-02 02:04:34 PM,78.7,63.3,43.2,29.33,557,29.33,0.8,77.0,54.5,270,78.6,session,"Session - Oct 2, 2025 1:03:39 PM",2025-10-02 01:03:39 PM 1:03:39 PM,01:16:58,,,,Enter Notes
2025-10-02 02:04:39 PM,79.2,63.9,43.6,29.33,556,29.33,0.7,77.7,55.1,270,79.2,session,"Session - Oct 2, 2025 1:03:39 PM",2025-10-02 01:03:39 PM 1:03:39 PM,01:16:58,,,,Enter Notes
2025-10-02 02:04:44 PM,79.3,64.0,44.1,29.34,552,29.34,0.0,77.9,55.6,271,79.3,session,"Session - Oct 2, 2025 1:03:39 PM",2025-10-02 01:03:39 PM 1:03:39 PM,01:16:58,,,,Enter Notes
2025-10-02 02:04:49 PM,79.2,64.0,44.2,29.34,547,29.34,0.0,77.9,55.5,270,79.2,session,"Session - Oct 2, 2025 1:03:39 PM",2025-10-02 01:03:39 PM 1:03:39 PM,01:16:58,,,,Enter Notes
2025-10-02 02:04:54 PM,79.2,64.0,44.0,29.34,543,29.34,0.0,77.9,55.4,271,79.2,session,"Session - Oct 2, 2025 1:03:39 PM",2025-10-02 01:03:39 PM 1:03:39 PM,01:16:58,,,,Enter Notes
2025-10-02 02:04:59 PM,79.0,63.9,43.9,29.34,547,29.34,2.6,77.5,55.1,270,79.0,session,"Session - Oct 2, 2025 1:03:39 PM",2025-10-02 01:03:39 PM 1:03:39 PM,01:16:58,,,,Enter Notes
2025-10-02 02:05:04 PM,78.0,62.8,43.5,29.34,547,29.34,3.6,76.3,54.0,270,77.9,session,"Session - Oct 2, 2025 1:03:39 PM",2025-10-02 01:03:39 PM 1:03:39 PM,01:16:58,,,,Enter Notes
2025-10-02 02:05:09 PM,77.4,62.2,43.2,29.34,547,29.34,3.3,75.6,53.3,270,77.4,session,"Session - Oct 2, 2025 1:03:39 PM",2025-10-02 01:03:39 PM 1:03:39 PM,01:16:58,,,,Enter Notes
2025-10-02 02:05:14 PM,76.3,61.5,43.2,29.34,547,29.34,3.4,74.3,52.3,270,76.3,session,"Session - Oct 2, 2025 1:03:39 PM",2025-10-02 01:03:39 PM 1:03:39 PM,01:16:58,,,,Enter Notes
2025-10-02 02:05:19 PM,76.1,61.3,43.2,29.33,556,29.33,2.7,74.1,52.1,270,76.1,session,"Session - Oct 2, 2025 1:03:39 PM",2025-10-02 01:03:39 PM 1:03:39 PM,01:16:58,,,,Enter Notes
2025-10-02 02:05:24 PM,76.3,61.5,43.5,29.34,552,29.34,2.6,74.5,52.5,270,76.3,session,"Session - Oct 2, 2025 1:03:39 PM",2025-10-02 01:03:39 PM 1:03:39 PM,01:16:58,,,,Enter Notes
2025-10-02 02:05:29 PM,76.7,61.9,43.7,29.33,552,29.33,2.3,74.8,52.9,270,76.6,session,"Session - Oct 2, 2025 1:03:39 PM",2025-10-02 01:03:39 PM 1:03:39 PM,01:16:58,,,,Enter Notes
2025-10-02 02:05:34 PM,77.0,62.1,43.8,29.33,556,29.33,1.6,75.0,53.3,270,76.8,session,"Session - Oct 2, 2025 1:03:39 PM",2025-10-02 01:03:39 PM 1:03:39 PM,01:16:58,,,,Enter Notes
2025-10-02 02:05:39 PM,77.4,62.4,44.0,29.33,552,29.33,1.1,75.6,53.7,271,77.4,session,"Session - Oct 2, 2025 1:03:39 PM",2025-10-02 01:03:39 PM 1:03:39 PM,01:16:58,,,,Enter Notes
2025-10-02 02:05:44 PM,77.3,62.6,44.5,29.33,556,29.33,1.5,75.4,53.9,271,77.2,session,"Session - Oct 2, 2025 1:03:39 PM",2025-10-02 01:03:39 PM 1:03:39 PM,01:16:58,,,,Enter Notes
2025-10-02 02:05:49 PM,77.0,62.4,44.7,29.33,556,29.33,1.8,75.0,53.8,270,76.8,session,"Session - Oct 2, 2025 1:03:39 PM",2025-10-02 01:03:39 PM 1:03:39 PM,01:16:58,,,,Enter Notes
2025-10-02 02:05:54 PM,77.0,62.4,45.0,29.33,557,29.33,1.7,75.0,54.0,270,76.8,session,"Session - Oct 2, 2025 1:03:39 PM",2025-10-02 01:03:39 PM 1:03:39 PM,01:16:58,,,,Enter Notes
2025-10-02 02:05:59 PM,76.6,62.4,45.6,29.34,552,29.34,2.1,74.8,54.1,270,76.5,session,"Session - Oct 2, 2025 1:03:39 PM",2025-10-02 01:03:39 PM 1:03:39 PM,01:16:58,,,,Enter Notes
2025-10-02 02:06:04 PM,75.7,61.9,46.1,29.34,543,29.34,2.2,74.1,53.6,270,75.7,session,"Session - Oct 2, 2025 1:03:39 PM",2025-10-02 01:03:39 PM 1:03:39 PM,01:16:58,,,,Enter Notes
2025-10-02 02:06:09 PM,75.6,61.7,46.1,29.33,557,29.33,1.8,73.9,53.4,270,75.6,session,"Session - Oct 2, 2025 1:03:39 PM",2025-10-02 01:03:39 PM 1:03:39 PM,01:16:58,,,,Enter Notes
2025-10-02 02:06:14 PM,76.0,62.1,46.2,29.33,561,29.33,2.7,74.3,53.8,270,75.9,session,"Session - Oct 2, 2025 1:03:39 PM",2025-10-02 01:03:39 PM 1:03:39 PM,01:16:58,,,,Enter Notes
2025-10-02 02:06:19 PM,76.6,62.6,46.2,29.33,557,29.33,3.7,74.8,54.4,270,76.5,session,"Session - Oct 2, 2025 1:03:39 PM",2025-10-02 01:03:39 PM 1:03:39 PM,01:16:58,,,,Enter Notes
2025-10-02 02:06:24 PM,76.6,62.6,46.3,29.33,557,29.33,3.6,74.8,54.5,270,76.5,session,"Session - Oct 2, 2025 1:03:39 PM",2025-10-02 01:03:39 PM 1:03:39 PM,01:16:58,,,,Enter Notes
2025-10-02 02:06:29 PM,76.6,62.8,46.6,29.34,549,29.34,2.6,74.8,54.6,270,76.5,session,"Session - Oct 2, 2025 1:03:39 PM",2025-10-02 01:03:39 PM 1:03:39 PM,01:16:58,,,,Enter Notes
2025-10-02 02:06:34 PM,76.0,62.2,46.6,29.34,549,29.34,1.6,74.3,54.1,270,75.9,session,"Session - Oct 2, 2025 1:03:39 PM",2025-10-02 01:03:39 PM 1:03:39 PM,01:16:58,,,,Enter Notes
2025-10-02 02:06:39 PM,75.9,62.1,46.5,29.33,552,29.33,2.4,74.1,53.9,270,75.7,session,"Session - Oct 2, 2025 1:03:39 PM",2025-10-02 01:03:39 PM 1:03:39 PM,01:16:58,,,,Enter Notes
2025-10-02 02:06:44 PM,76.1,62.2,46.5,29.33,556,29.33,2.6,74.5,54.1,270,76.1,session,"Session - Oct 2, 2025 1:03:39 PM",2025-10-02 01:03:39 PM 1:03:39 PM,01:16:58,,,,Enter Notes
2025-10-02 02:06:49 PM,76.6,62.6,46.5,29.33,556,29.33,2.1,74.8,54.5,270,76.5,session,"Session - Oct 2, 2025 1:03:39 PM",2025-10-02 01:03:39 PM 1:03:39 PM,01:16:58,,,,Enter Notes
2025-10-02 02:06:54 PM,76.7,63.0,46.7,29.33,556,29.33,2.5,75.0,54.8,270,76.6,session,"Session - Oct 2, 2025 1:03:39 PM",2025-10-02 01:03:39 PM 1:03:39 PM,01:16:58,,,,Enter Notes
2025-10-02 02:06:59 PM,77.3,63.3,46.8,29.32,564,29.32,1.4,75.9,55.4,270,77.2,session,"Session - Oct 2, 2025 1:03:39 PM",2025-10-02 01:03:39 PM 1:03:39 PM,01:16:58,,,,Enter Notes
2025-10-02 02:07:04 PM,77.7,63.9,47.0,29.33,556,29.33,1.4,76.3,55.9,270,77.5,session,"Session - Oct 2, 2025 1:03:39 PM",2025-10-02 01:03:39 PM 1:03:39 PM,01:16:58,,,,Enter Notes
2025-10-02 02:07:09 PM,77.8,63.9,46.8,29.33,556,29.33,2.0,76.5,55.9,270,77.7,session,"Session - Oct 2, 2025 1:03:39 PM",2025-10-02 01:03:39 PM 1:03:39 PM,01:16:58,,,,Enter Notes
2025-10-02 02:07:14 PM,77.8,63.7,46.5,29.33,557,29.33,1.8,76.3,55.7,270,77.7,session,"Session - Oct 2, 2025 1:03:39 PM",2025-10-02 01:03:39 PM 1:03:39 PM,01:16:58,,,,Enter Notes
2025-10-02 02:07:19 PM,77.7,63.5,46.2,29.32,561,29.33,1.6,76.1,55.4,270,77.5,session,"Session - Oct 2, 2025 1:03:39 PM",2025-10-02 01:03:39 PM 1:03:39 PM,01:16:58,,,,Enter Notes
2025-10-02 02:07:24 PM,77.0,62.8,46.0,29.33,557,29.33,2.0,75.4,54.7,270,77.0,session,"Session - Oct 2, 2025 1:03:39 PM",2025-10-02 01:03:39 PM 1:03:39 PM,01:16:58,,,,Enter Notes
2025-10-02 02:07:29 PM,76.7,62.6,46.0,29.33,557,29.33,1.6,75.0,54.4,270,76.6,session,"Session - Oct 2, 2025 1:03:39 PM",2025-10-02 01:03:39 PM 1:03:39 PM,01:16:58,,,,Enter Notes
2025-10-02 02:07:34 PM,76.4,62.4,46.3,29.33,561,29.33,1.4,74.7,54.3,270,76.3,session,"Session - Oct 2, 2025 1:03:39 PM",2025-10-02 01:03:39 PM 1:03:39 PM,01:16:58,,,,Enter Notes
2025-10-02 02:07:39 PM,76.2,62.2,46.3,29.32,564,29.33,1.5,74.5,54.0,270,76.1,session,"Session - Oct 2, 2025 1:03:39 PM",2025-10-02 01:03:39 PM 1:03:39 PM,01:16:58,,,,Enter Notes
2025-10-02 02:07:44 PM,75.7,61.9,46.4,29.32,561,29.33,1.5,73.9,53.7,270,75.6,session,"Session - Oct 2, 2025 1:03:39 PM",2025-10-02 01:03:39 PM 1:03:39 PM,01:16:58,,,,Enter Notes
2025-10-02 02:07:49 PM,75.5,61.7,46.3,29.32,561,29.33,1.1,73.8,53.5,270,75.4,session,"Session - Oct 2, 2025 1:03:39 PM",2025-10-02 01:03:39 PM 1:03:39 PM,01:16:58,,,,Enter Notes
2025-10-02 02:07:54 PM,75.4,61.5,46.4,29.32,564,29.32,0.0,73.8,53.4,270,75.4,session,"Session - Oct 2, 2025 1:03:39 PM",2025-10-02 01:03:39 PM 1:03:39 PM,01:16:58,,,,Enter Notes
2025-10-02 02:07:59 PM,75.5,61.5,46.4,29.32,564,29.32,0.0,73.8,53.5,270,75.4,session,"Session - Oct 2, 2025 1:03:39 PM",2025-10-02 01:03:39 PM 1:03:39 PM,01:16:58,,,,Enter Notes
2025-10-02 02:08:04 PM,75.5,61.7,46.6,29.32,565,29.32,0.7,73.8,53.6,270,75.4,session,"Session - Oct 2, 2025 1:03:39 PM",2025-10-02 01:03:39 PM 1:03:39 PM,01:16:58,,,,Enter Notes
2025-10-02 02:08:09 PM,75.5,61.7,46.7,29.32,565,29.32,0.0,73.8,53.6,270,75.4,session,"Session - Oct 2, 2025 1:03:39 PM",2025-10-02 01:03:39 PM 1:03:39 PM,01:16:58,,,,Enter Notes
2025-10-02 02:08:14 PM,75.5,61.9,46.9,29.31,577,29.31,1.0,73.9,53.8,270,75.4,session,"Session - Oct 2, 2025 1:03:39 PM",2025-10-02 01:03:39 PM 1:03:39 PM,01:16:58,,,,Enter Notes
2025-10-02 02:08:19 PM,75.6,62.1,47.0,29.31,584,29.31,2.5,74.1,54.0,270,75.6,session,"Session - Oct 2, 2025 1:03:39 PM",2025-10-02 01:03:39 PM 1:03:39 PM,01:16:58,,,,Enter Notes
2025-10-02 02:08:24 PM,75.8,62.2,47.4,29.30,585,29.30,3.1,74.3,54.3,270,75.7,session,"Session - Oct 2, 2025 1:03:39 PM",2025-10-02 01:03:39 PM 1:03:39 PM,01:16:58,,,,Enter Notes
2025-10-02 02:08:29 PM,76.5,63.0,47.4,29.31,584,29.31,2.0,75.0,55.0,270,76.5,session,"Session - Oct 2, 2025 1:03:39 PM",2025-10-02 01:03:39 PM 1:03:39 PM,01:16:58,,,,Enter Notes
2025-10-02 02:08:34 PM,77.0,63.3,47.5,29.31,569,29.32,1.0,75.6,55.5,270,77.0,session,"Session - Oct 2, 2025 1:03:39 PM",2025-10-02 01:03:39 PM 1:03:39 PM,01:16:58,,,,Enter Notes
2025-10-02 02:08:39 PM,77.1,63.5,47.7,29.31,574,29.31,1.0,75.6,55.7,270,77.0,session,"Session - Oct 2, 2025 1:03:39 PM",2025-10-02 01:03:39 PM 1:03:39 PM,01:16:58,,,,Enter Notes
2025-10-02 02:08:44 PM,77.5,63.9,48.1,29.30,584,29.30,0.7,76.1,56.3,270,77.4,session,"Session - Oct 2, 2025 1:03:39 PM",2025-10-02 01:03:39 PM 1:03:39 PM,01:16:58,,,,Enter Notes
2025-10-02 02:08:49 PM,78.0,64.4,48.4,29.30,585,29.30,0.0,77.0,57.0,270,77.9,session,"Session - Oct 2, 2025 1:03:39 PM",2025-10-02 01:03:39 PM 1:03:39 PM,01:16:58,,,,Enter Notes
2025-10-02 02:08:54 PM,78.2,64.6,48.4,29.30,585,29.30,2.4,77.0,57.1,269,78.1,session,"Session - Oct 2, 2025 1:03:39 PM",2025-10-02 01:03:39 PM 1:03:39 PM,01:16:58,,,,Enter Notes
2025-10-02 02:08:59 PM,78.5,64.6,47.9,29.30,585,29.30,0.9,77.5,57.1,270,78.4,session,"Session - Oct 2, 2025 1:03:39 PM",2025-10-02 01:03:39 PM 1:03:39 PM,01:16:58,,,,Enter Notes
2025-10-02 02:09:04 PM,78.7,64.6,47.3,29.30,589,29.30,1.1,77.7,56.9,270,78.6,session,"Session - Oct 2, 2025 1:03:39 PM",2025-10-02 01:03:39 PM 1:03:39 PM,01:16:58,,,,Enter Notes
2025-10-02 02:09:09 PM,79.0,64.8,46.9,29.30,585,29.30,1.0,77.9,57.0,270,78.8,session,"Session - Oct 2, 2025 1:03:39 PM",2025-10-02 01:03:39 PM 1:03:39 PM,01:16:58,,,,Enter Notes
2025-10-02 02:09:14 PM,79.3,64.9,46.5,29.31,581,29.31,0.0,78.1,57.1,270,79.2,session,"Session - Oct 2, 2025 1:03:39 PM",2025-10-02 01:03:39 PM 1:03:39 PM,01:16:58,,,,Enter Notes
2025-10-02 02:09:19 PM,79.4,64.9,46.3,29.30,589,29.30,0.0,78.4,57.1,270,79.3,session,"Session - Oct 2, 2025 1:03:39 PM",2025-10-02 01:03:39 PM 1:03:39 PM,01:16:58,,,,Enter Notes
2025-10-02 02:09:24 PM,79.6,65.1,46.1,29.30,585,29.30,0.7,78.6,57.1,270,79.5,session,"Session - Oct 2, 2025 1:03:39 PM",2025-10-02 01:03:39 PM 1:03:39 PM,01:16:58,,,,Enter Notes
2025-10-02 02:09:29 PM,80.1,65.5,46.2,29.29,589,29.30,0.7,79.3,57.7,270,80.1,session,"Session - Oct 2, 2025 1:03:39 PM",2025-10-02 01:03:39 PM 1:03:39 PM,01:16:58,,,,Enter Notes
2025-10-02 02:09:34 PM,80.6,66.2,47.4,29.30,589,29.30,0.0,80.1,58.7,270,80.6,session,"Session - Oct 2, 2025 1:03:39 PM",2025-10-02 01:03:39 PM 1:03:39 PM,01:16:58,,,,Enter Notes
2025-10-02 02:09:39 PM,80.6,66.4,48.0,29.29,592,29.30,0.0,80.2,59.1,270,80.6,session,"Session - Oct 2, 2025 1:03:39 PM",2025-10-02 01:03:39 PM 1:03:39 PM,01:16:58,,,,Enter Notes
2025-10-02 02:09:44 PM,81.1,66.7,47.8,29.29,592,29.30,0.0,81.0,59.5,270,81.1,session,"Session - Oct 2, 2025 1:03:39 PM",2025-10-02 01:03:39 PM 1:03:39 PM,01:16:58,,,,Enter Notes
2025-10-02 02:09:49 PM,81.6,67.1,47.7,29.29,589,29.30,0.0,81.3,59.8,270,81.5,session,"Session - Oct 2, 2025 1:03:39 PM",2025-10-02 01:03:39 PM 1:03:39 PM,01:16:58,,,,Enter Notes
2025-10-02 02:09:54 PM,82.0,67.5,47.9,29.30,585,29.30,0.0,81.9,60.3,271,81.9,session,"Session - Oct 2, 2025 1:03:39 PM",2025-10-02 01:03:39 PM 1:03:39 PM,01:16:58,,,,Enter Notes
2025-10-02 02:09:59 PM,82.3,67.8,48.2,29.30,589,29.30,0.0,82.4,60.8,270,82.2,session,"Session - Oct 2, 2025 1:03:39 PM",2025-10-02 01:03:39 PM 1:03:39 PM,01:16:58,,,,Enter Notes
2025-10-02 02:10:04 PM,82.3,67.6,47.8,29.29,592,29.29,0.0,82.4,60.5,271,82.2,session,"Session - Oct 2, 2025 1:03:39 PM",2025-10-02 01:03:39 PM 1:03:39 PM,01:16:58,,,,Enter Notes
2025-10-02 02:10:09 PM,82.1,67.5,47.1,29.29,592,29.30,0.0,81.9,60.0,271,82.0,session,"Session - Oct 2, 2025 1:03:39 PM",2025-10-02 01:03:39 PM 1:03:39 PM,01:16:58,,,,Enter Notes
2025-10-02 02:10:14 PM,82.1,66.7,45.7,29.30,589,29.30,0.0,81.5,59.1,270,82.0,session,"Session - Oct 2, 2025 1:03:39 PM",2025-10-02 01:03:39 PM 1:03:39 PM,01:16:58,,,,Enter Notes
2025-10-02 02:10:19 PM,82.3,66.6,44.9,29.30,589,29.30,1.0,81.7,58.7,271,82.2,session,"Session - Oct 2, 2025 1:03:39 PM",2025-10-02 01:03:39 PM 1:03:39 PM,01:16:58,,,,Enter Notes
2025-10-02 02:10:24 PM,82.4,66.4,43.8,29.30,589,29.30,0.8,81.7,58.2,271,82.4,session,"Session - Oct 2, 2025 1:03:39 PM",2025-10-02 01:03:39 PM 1:03:39 PM,01:16:58,,,,Enter Notes
2025-10-02 02:10:29 PM,82.1,66.0,43.3,29.30,585,29.30,0.0,81.1,57.6,271,82.0,session,"Session - Oct 2, 2025 1:03:39 PM",2025-10-02 01:03:39 PM 1:03:39 PM,01:16:58,,,,Enter Notes
2025-10-02 02:10:34 PM,82.0,65.8,42.8,29.30,585,29.30,0.7,80.8,57.2,271,81.9,session,"Session - Oct 2, 2025 1:03:39 PM",2025-10-02 01:03:39 PM 1:03:39 PM,01:16:58,,,,Enter Notes
2025-10-02 02:10:39 PM,82.0,65.7,42.6,29.30,589,29.30,0.0,81.0,57.1,271,82.0,session,"Session - Oct 2, 2025 1:03:39 PM",2025-10-02 01:03:39 PM 1:03:39 PM,01:16:58,,,,Enter Notes
2025-10-02 02:10:44 PM,81.3,65.3,43.0,29.29,592,29.30,0.0,79.9,56.7,271,81.3,session,"Session - Oct 2, 2025 1:03:39 PM",2025-10-02 01:03:39 PM 1:03:39 PM,01:16:58,,,,Enter Notes
2025-10-02 02:10:49 PM,81.6,65.7,43.2,29.29,592,29.30,0.0,80.6,57.1,271,81.5,session,"Session - Oct 2, 2025 1:03:39 PM",2025-10-02 01:03:39 PM 1:03:39 PM,01:16:58,,,,Enter Notes
2025-10-02 02:10:54 PM,81.5,65.7,43.4,29.30,589,29.30,0.0,80.6,57.1,270,81.5,session,"Session - Oct 2, 2025 1:03:39 PM",2025-10-02 01:03:39 PM 1:03:39 PM,01:16:58,,,,Enter Notes
2025-10-02 02:10:59 PM,80.3,64.6,43.1,29.30,589,29.30,1.5,79.0,55.9,270,80.2,session,"Session - Oct 2, 2025 1:03:39 PM",2025-10-02 01:03:39 PM 1:03:39 PM,01:16:58,,,,Enter Notes
2025-10-02 02:11:04 PM,80.3,64.4,42.4,29.30,585,29.30,1.3,78.8,55.4,270,80.2,session,"Session - Oct 2, 2025 1:03:39 PM",2025-10-02 01:03:39 PM 1:03:39 PM,01:16:58,,,,Enter Notes
2025-10-02 02:11:09 PM,80.8,64.8,42.4,29.28,602,29.28,0.0,79.5,55.9,269,80.8,session,"Session - Oct 2, 2025 1:03:39 PM",2025-10-02 01:03:39 PM 1:03:39 PM,01:16:58,,,,Enter Notes
2025-10-02 02:11:14 PM,81.4,65.3,42.9,29.28,600,29.29,0.0,80.2,56.7,269,81.3,session,"Session - Oct 2, 2025 1:03:39 PM",2025-10-02 01:03:39 PM 1:03:39 PM,01:16:58,,,,Enter Notes
2025-10-02 02:11:19 PM,82.0,65.8,43.2,29.28,602,29.28,0.0,81.0,57.4,269,81.9,session,"Session - Oct 2, 2025 1:03:39 PM",2025-10-02 01:03:39 PM 1:03:39 PM,01:16:58,,,,Enter Notes
2025-10-02 02:11:24 PM,82.3,66.2,43.0,29.29,594,29.29,1.2,81.3,57.6,268,82.2,session,"Session - Oct 2, 2025 1:03:39 PM",2025-10-02 01:03:39 PM 1:03:39 PM,01:16:58,,,,Enter Notes
2025-10-02 02:11:29 PM,82.0,65.7,42.5,29.30,589,29.30,2.7,81.0,57.0,269,82.0,session,"Session - Oct 2, 2025 1:03:39 PM",2025-10-02 01:03:39 PM 1:03:39 PM,01:16:58,,,,Enter Notes
2025-10-02 02:11:34 PM,81.1,64.9,42.0,29.30,589,29.30,1.8,79.7,55.9,270,81.0,session,"Session - Oct 2, 2025 1:03:39 PM",2025-10-02 01:03:39 PM 1:03:39 PM,01:16:58,,,,Enter Notes
2025-10-02 02:11:39 PM,81.1,64.8,41.9,29.29,592,29.30,0.9,79.5,55.8,269,81.0,session,"Session - Oct 2, 2025 1:03:39 PM",2025-10-02 01:03:39 PM 1:03:39 PM,01:16:58,,,,Enter Notes
2025-10-02 02:11:44 PM,81.5,65.1,41.9,29.29,592,29.29,0.0,80.1,56.1,269,81.3,session,"Session - Oct 2, 2025 1:03:39 PM",2025-10-02 01:03:39 PM 1:03:39 PM,01:16:58,,,,Enter Notes
2025-10-02 02:11:49 PM,82.1,65.7,42.0,29.30,585,29.30,1.1,81.0,56.8,269,82.0,session,"Session - Oct 2, 2025 1:03:39 PM",2025-10-02 01:03:39 PM 1:03:39 PM,01:16:58,,,,Enter Notes
2025-10-02 02:11:54 PM,82.3,65.8,42.1,29.29,589,29.30,1.2,81.3,57.0,269,82.2,session,"Session - Oct 2, 2025 1:03:39 PM",2025-10-02 01:03:39 PM 1:03:39 PM,01:16:58,,,,Enter Notes
2025-10-02 02:11:59 PM,82.2,65.7,42.0,29.31,584,29.31,2.5,81.1,56.8,269,82.2,session,"Session - Oct 2, 2025 1:03:39 PM",2025-10-02 01:03:39 PM 1:03:39 PM,01:16:58,,,,Enter Notes
2025-10-02 02:12:04 PM,81.5,64.9,41.3,29.31,577,29.31,2.3,80.1,55.7,269,81.3,session,"Session - Oct 2, 2025 1:03:39 PM",2025-10-02 01:03:39 PM 1:03:39 PM,01:16:58,,,,Enter Notes
2025-10-02 02:12:09 PM,80.7,64.2,41.0,29.31,584,29.31,1.4,79.2,54.8,269,80.6,session,"Session - Oct 2, 2025 1:03:39 PM",2025-10-02 01:03:39 PM 1:03:39 PM,01:16:58,,,,Enter Notes
2025-10-02 02:12:14 PM,79.9,63.5,40.8,29.29,594,29.29,1.3,78.1,54.0,269,79.9,session,"Session - Oct 2, 2025 1:03:39 PM",2025-10-02 01:03:39 PM 1:03:39 PM,01:16:58,,,,Enter Notes
2025-10-02 02:12:19 PM,80.4,63.9,41.0,29.29,594,29.29,0.8,78.8,54.6,269,80.4,session,"Session - Oct 2, 2025 1:03:39 PM",2025-10-02 01:03:39 PM 1:03:39 PM,01:16:58,,,,Enter Notes
2025-10-02 02:12:24 PM,80.9,64.9,42.8,29.29,589,29.30,0.0,79.5,56.1,269,80.8,session,"Session - Oct 2, 2025 1:03:39 PM",2025-10-02 01:03:39 PM 1:03:39 PM,01:16:58,,,,Enter Notes
2025-10-02 02:12:29 PM,81.2,65.3,43.4,29.29,592,29.29,0.0,80.1,56.8,269,81.1,session,"Session - Oct 2, 2025 1:03:39 PM",2025-10-02 01:03:39 PM 1:03:39 PM,01:16:58,,,,Enter Notes
2025-10-02 02:12:34 PM,80.8,64.9,43.1,29.28,597,29.29,1.2,79.7,56.3,269,80.8,session,"Session - Oct 2, 2025 1:03:39 PM",2025-10-02 01:03:39 PM 1:03:39 PM,01:16:58,,,,Enter Notes
2025-10-02 02:12:40 PM,80.7,64.8,42.7,29.28,602,29.28,2.4,79.3,55.9,269,80.6,session,"Session - Oct 2, 2025 1:03:39 PM",2025-10-02 01:03:39 PM 1:03:39 PM,01:16:58,,,,Enter Notes
2025-10-02 02:12:44 PM,80.4,64.2,42.0,29.28,597,29.29,2.6,78.8,55.2,270,80.2,session,"Session - Oct 2, 2025 1:03:39 PM",2025-10-02 01:03:39 PM 1:03:39 PM,01:16:58,,,,Enter Notes
2025-10-02 02:12:49 PM,80.3,64.2,41.8,29.29,592,29.29,1.5,78.8,55.0,269,80.2,session,"Session - Oct 2, 2025 1:03:39 PM",2025-10-02 01:03:39 PM 1:03:39 PM,01:16:58,,,,Enter Notes
2025-10-02 02:12:54 PM,80.5,64.2,41.9,29.30,585,29.30,1.1,79.0,55.2,269,80.4,session,"Session - Oct 2, 2025 1:03:39 PM",2025-10-02 01:03:39 PM 1:03:39 PM,01:16:58,,,,Enter Notes
2025-10-02 02:12:59 PM,80.9,64.6,42.0,29.29,594,29.29,1.2,79.3,55.6,269,80.8,session,"Session - Oct 2, 2025 1:03:39 PM",2025-10-02 01:03:39 PM 1:03:39 PM,01:16:58,,,,Enter Notes
2025-10-02 02:13:04 PM,81.5,65.1,42.1,29.28,605,29.28,1.1,80.4,56.3,269,81.5,session,"Session - Oct 2, 2025 1:03:39 PM",2025-10-02 01:03:39 PM 1:03:39 PM,01:16:58,,,,Enter Notes
2025-10-02 02:13:09 PM,82.0,65.5,42.1,29.29,594,29.29,1.6,80.8,56.7,269,81.9,session,"Session - Oct 2, 2025 1:03:39 PM",2025-10-02 01:03:39 PM 1:03:39 PM,01:16:58,,,,Enter Notes
2025-10-02 02:13:14 PM,81.8,65.5,41.9,29.30,585,29.30,1.8,80.4,56.4,269,81.7,session,"Session - Oct 2, 2025 1:03:39 PM",2025-10-02 01:03:39 PM 1:03:39 PM,01:16:58,,,,Enter Notes
2025-10-02 02:13:19 PM,80.8,64.6,41.7,29.29,592,29.30,2.3,79.3,55.4,268,80.8,session,"Session - Oct 2, 2025 1:03:39 PM",2025-10-02 01:03:39 PM 1:03:39 PM,01:16:58,,,,Enter Notes
2025-10-02 02:13:24 PM,80.9,64.4,41.5,29.28,600,29.29,1.4,79.3,55.3,268,80.8,session,"Session - Oct 2, 2025 1:03:39 PM",2025-10-02 01:03:39 PM 1:03:39 PM,01:16:58,,,,Enter Notes
2025-10-02 02:13:29 PM,80.4,64.0,41.4,29.28,605,29.28,3.5,78.6,54.8,269,80.2,session,"Session - Oct 2, 2025 1:03:39 PM",2025-10-02 01:03:39 PM 1:03:39 PM,01:16:58,,,,Enter Notes
2025-10-02 02:13:34 PM,79.2,63.0,41.2,29.28,597,29.29,3.6,77.4,53.7,269,79.2,session,"Session - Oct 2, 2025 1:03:39 PM",2025-10-02 01:03:39 PM 1:03:39 PM,01:16:58,,,,Enter Notes
2025-10-02 02:13:39 PM,78.6,62.6,41.2,29.29,589,29.30,3.3,76.8,53.1,270,78.6,session,"Session - Oct 2, 2025 1:03:39 PM",2025-10-02 01:03:39 PM 1:03:39 PM,01:16:58,,,,Enter Notes
2025-10-02 02:13:44 PM,78.9,62.8,41.2,29.29,592,29.30,4.2,77.0,53.3,269,78.8,session,"Session - Oct 2, 2025 1:03:39 PM",2025-10-02 01:03:39 PM 1:03:39 PM,01:16:58,,,,Enter Notes
2025-10-02 02:13:49 PM,78.5,62.6,41.2,29.29,597,29.29,4.5,76.6,53.0,269,78.4,session,"Session - Oct 2, 2025 1:03:39 PM",2025-10-02 01:03:39 PM 1:03:39 PM,01:16:58,,,,Enter Notes
2025-10-02 02:13:54 PM,77.7,61.9,41.3,29.29,594,29.29,4.4,75.7,52.4,269,77.7,session,"Session - Oct 2, 2025 1:03:39 PM",2025-10-02 01:03:39 PM 1:03:39 PM,01:16:58,,,,Enter Notes
2025-10-02 02:13:59 PM,77.2,61.5,41.5,29.28,597,29.29,4.8,75.0,52.0,269,77.2,session,"Session - Oct 2, 2025 1:03:39 PM",2025-10-02 01:03:39 PM 1:03:39 PM,01:16:58,,,,Enter Notes
2025-10-02 02:14:04 PM,77.2,61.7,41.8,29.28,602,29.28,3.4,75.0,52.2,269,77.0,session,"Session - Oct 2, 2025 1:03:39 PM",2025-10-02 01:03:39 PM 1:03:39 PM,01:16:58,,,,Enter Notes
2025-10-02 02:14:09 PM,77.5,62.1,42.0,29.29,597,29.29,3.5,75.4,52.6,269,77.4,session,"Session - Oct 2, 2025 1:03:39 PM",2025-10-02 01:03:39 PM 1:03:39 PM,01:16:58,,,,Enter Notes
2025-10-02 02:14:14 PM,77.7,62.2,42.4,29.28,600,29.29,4.5,75.7,53.0,269,77.5,session,"Session - Oct 2, 2025 1:03:39 PM",2025-10-02 01:03:39 PM 1:03:39 PM,01:16:58,,,,Enter Notes
2025-10-02 02:14:19 PM,77.8,62.2,42.5,29.29,597,29.29,4.9,75.9,53.2,269,77.7,session,"Session - Oct 2, 2025 1:03:39 PM",2025-10-02 01:03:39 PM 1:03:39 PM,01:16:58,,,,Enter Notes
2025-10-02 02:14:24 PM,78.3,62.8,42.8,29.28,602,29.28,2.6,76.5,53.8,269,78.3,session,"Session - Oct 2, 2025 1:03:39 PM",2025-10-02 01:03:39 PM 1:03:39 PM,01:16:58,,,,Enter Notes
2025-10-02 02:14:29 PM,78.8,63.3,42.9,29.28,600,29.29,3.5,77.2,54.4,269,78.8,session,"Session - Oct 2, 2025 1:03:39 PM",2025-10-02 01:03:39 PM 1:03:39 PM,01:16:58,,,,Enter Notes
2025-10-02 02:14:34 PM,78.6,63.1,42.9,29.28,608,29.28,4.0,77.0,54.2,269,78.6,session,"Session - Oct 2, 2025 1:03:39 PM",2025-10-02 01:03:39 PM 1:03:39 PM,01:16:58,,,,Enter Notes
2025-10-02 02:14:39 PM,78.4,63.0,43.0,29.29,592,29.29,3.3,76.5,54.0,269,78.3,session,"Session - Oct 2, 2025 1:03:39 PM",2025-10-02 01:03:39 PM 1:03:39 PM,01:16:58,,,,Enter Notes
2025-10-02 02:14:44 PM,78.2,63.0,43.0,29.31,581,29.31,2.5,76.3,53.9,269,78.1,session,"Session - Oct 2, 2025 1:03:39 PM",2025-10-02 01:03:39 PM 1:03:39 PM,01:16:58,,,,Enter Notes
2025-10-02 02:14:49 PM,77.6,62.4,43.1,29.31,577,29.31,2.8,75.7,53.4,270,77.5,session,"Session - Oct 2, 2025 1:03:39 PM",2025-10-02 01:03:39 PM 1:03:39 PM,01:16:58,,,,Enter Notes
2025-10-02 02:14:54 PM,77.1,62.2,43.4,29.31,577,29.31,2.6,75.0,53.2,270,77.0,session,"Session - Oct 2, 2025 1:03:39 PM",2025-10-02 01:03:39 PM 1:03:39 PM,01:16:58,,,,Enter Notes
2025-10-02 02:14:59 PM,76.7,61.9,43.5,29.31,574,29.31,2.0,74.8,52.8,270,76.6,session,"Session - Oct 2, 2025 1:03:39 PM",2025-10-02 01:03:39 PM 1:03:39 PM,01:16:58,,,,Enter Notes
2025-10-02 02:15:04 PM,76.6,61.9,43.7,29.31,574,29.31,1.9,74.8,53.0,270,76.6,session,"Session - Oct 2, 2025 1:03:39 PM",2025-10-02 01:03:39 PM 1:03:39 PM,01:16:58,,,,Enter Notes
2025-10-02 02:15:09 PM,76.2,61.5,44.0,29.31,574,29.31,2.4,74.3,52.7,270,76.1,session,"Session - Oct 2, 2025 1:03:39 PM",2025-10-02 01:03:39 PM 1:03:39 PM,01:16:58,,,,Enter Notes
2025-10-02 02:15:14 PM,75.7,61.3,44.5,29.31,574,29.31,2.4,73.8,52.5,270,75.6,session,"Session - Oct 2, 2025 1:03:39 PM",2025-10-02 01:03:39 PM 1:03:39 PM,01:16:58,,,,Enter Notes
2025-10-02 02:15:19 PM,76.1,61.7,44.6,29.31,574,29.31,1.9,74.1,53.0,269,75.9,session,"Session - Oct 2, 2025 1:03:39 PM",2025-10-02 01:03:39 PM 1:03:39 PM,01:16:58,,,,Enter Notes
2025-10-02 02:15:24 PM,76.6,62.2,44.7,29.31,572,29.31,1.4,74.7,53.5,270,76.5,session,"Session - Oct 2, 2025 1:03:39 PM",2025-10-02 01:03:39 PM 1:03:39 PM,01:16:58,,,,Enter Notes
2025-10-02 02:15:29 PM,77.0,62.4,44.8,29.31,572,29.32,1.8,75.2,53.9,269,77.0,session,"Session - Oct 2, 2025 1:03:39 PM",2025-10-02 01:03:39 PM 1:03:39 PM,01:16:58,,,,Enter Notes
2025-10-02 02:15:34 PM,77.5,63.0,45.0,29.31,581,29.31,1.1,75.7,54.5,269,77.4,session,"Session - Oct 2, 2025 1:03:39 PM",2025-10-02 01:03:39 PM 1:03:39 PM,01:16:58,,,,Enter Notes
2025-10-02 02:15:39 PM,77.9,63.3,45.1,29.31,577,29.31,1.7,76.5,54.9,269,77.9,session,"Session - Oct 2, 2025 1:03:39 PM",2025-10-02 01:03:39 PM 1:03:39 PM,01:16:58,,,,Enter Notes
2025-10-02 02:15:44 PM,77.9,63.5,45.5,29.31,577,29.31,2.4,76.5,55.2,269,77.9,session,"Session - Oct 2, 2025 1:03:39 PM",2025-10-02 01:03:39 PM 1:03:39 PM,01:16:58,,,,Enter Notes
2025-10-02 02:15:49 PM,77.3,63.0,45.5,29.31,569,29.32,2.8,75.6,54.6,269,77.2,session,"Session - Oct 2, 2025 1:03:39 PM",2025-10-02 01:03:39 PM 1:03:39 PM,01:16:58,,,,Enter Notes
2025-10-02 02:15:54 PM,76.4,62.1,45.3,29.32,565,29.32,3.2,74.7,53.7,270,76.3,session,"Session - Oct 2, 2025 1:03:39 PM",2025-10-02 01:03:39 PM 1:03:39 PM,01:16:58,,,,Enter Notes
2025-10-02 02:15:59 PM,75.3,61.3,45.2,29.32,565,29.32,4.2,73.6,52.6,269,75.2,session,"Session - Oct 2, 2025 1:03:39 PM",2025-10-02 01:03:39 PM 1:03:39 PM,01:16:58,,,,Enter Notes
2025-10-02 02:16:04 PM,74.6,60.8,45.3,29.32,565,29.32,4.4,73.0,52.1,269,74.5,session,"Session - Oct 2, 2025 1:03:39 PM",2025-10-02 01:03:39 PM 1:03:39 PM,01:16:58,,,,Enter Notes
2025-10-02 02:16:09 PM,74.1,60.4,45.5,29.32,564,29.33,3.3,72.5,51.7,269,73.9,session,"Session - Oct 2, 2025 1:03:39 PM",2025-10-02 01:03:39 PM 1:03:39 PM,01:16:58,,,,Enter Notes
2025-10-02 02:16:14 PM,74.1,60.4,45.7,29.32,565,29.32,3.1,72.5,51.8,269,73.9,session,"Session - Oct 2, 2025 1:03:39 PM",2025-10-02 01:03:39 PM 1:03:39 PM,01:16:58,,,,Enter Notes
2025-10-02 02:16:19 PM,74.9,61.2,45.8,29.31,572,29.31,1.3,73.4,52.6,269,74.8,session,"Session - Oct 2, 2025 1:03:39 PM",2025-10-02 01:03:39 PM 1:03:39 PM,01:16:58,,,,Enter Notes
2025-10-02 02:16:24 PM,75.9,61.9,45.9,29.32,565,29.32,0.8,74.3,53.7,269,75.9,session,"Session - Oct 2, 2025 1:03:39 PM",2025-10-02 01:03:39 PM 1:03:39 PM,01:16:58,,,,Enter Notes
2025-10-02 02:16:29 PM,76.7,62.6,46.1,29.32,565,29.32,0.7,75.0,54.4,269,76.6,session,"Session - Oct 2, 2025 1:03:39 PM",2025-10-02 01:03:39 PM 1:03:39 PM,01:16:58,,,,Enter Notes
2025-10-02 02:16:34 PM,77.3,63.1,46.4,29.31,574,29.31,0.8,75.7,55.1,269,77.2,session,"Session - Oct 2, 2025 1:03:39 PM",2025-10-02 01:03:39 PM 1:03:39 PM,01:16:58,,,,Enter Notes
2025-10-02 02:16:39 PM,77.8,63.7,46.5,29.32,564,29.32,1.3,76.3,55.6,269,77.7,session,"Session - Oct 2, 2025 1:03:39 PM",2025-10-02 01:03:39 PM 1:03:39 PM,01:16:58,,,,Enter Notes
2025-10-02 02:16:44 PM,77.4,63.3,46.5,29.32,565,29.32,3.4,75.9,55.3,269,77.4,session,"Session - Oct 2, 2025 1:03:39 PM",2025-10-02 01:03:39 PM 1:03:39 PM,01:16:58,,,,Enter Notes
2025-10-02 02:16:49 PM,76.6,62.6,46.4,29.31,572,29.31,3.9,74.8,54.5,269,76.5,session,"Session - Oct 2, 2025 1:03:39 PM",2025-10-02 01:03:39 PM 1:03:39 PM,01:16:58,,,,Enter Notes
2025-10-02 02:16:54 PM,76.1,62.1,46.0,29.32,564,29.32,3.3,74.3,53.8,269,75.9,session,"Session - Oct 2, 2025 1:03:39 PM",2025-10-02 01:03:39 PM 1:03:39 PM,01:16:58,,,,Enter Notes
2025-10-02 02:16:59 PM,76.3,62.2,45.9,29.31,574,29.31,2.2,74.7,54.0,269,76.3,session,"Session - Oct 2, 2025 1:03:39 PM",2025-10-02 01:03:39 PM 1:03:39 PM,01:16:58,,,,Enter Notes
2025-10-02 02:17:04 PM,76.6,62.4,45.9,29.31,569,29.32,3.1,74.8,54.2,269,76.5,session,"Session - Oct 2, 2025 1:03:39 PM",2025-10-02 01:03:39 PM 1:03:39 PM,01:16:58,,,,Enter Notes
2025-10-02 02:17:09 PM,76.5,62.4,45.9,29.31,569,29.32,3.3,74.8,54.1,269,76.5,session,"Session - Oct 2, 2025 1:03:39 PM",2025-10-02 01:03:39 PM 1:03:39 PM,01:16:58,,,,Enter Notes
2025-10-02 02:17:14 PM,76.6,62.4,45.9,29.31,572,29.32,3.1,74.8,54.2,269,76.5,session,"Session - Oct 2, 2025 1:03:39 PM",2025-10-02 01:03:39 PM 1:03:39 PM,01:16:58,,,,Enter Notes
2025-10-02 02:17:19 PM,77.1,63.0,46.0,29.32,564,29.33,3.6,75.4,54.7,269,77.0,session,"Session - Oct 2, 2025 1:03:39 PM",2025-10-02 01:03:39 PM 1:03:39 PM,01:16:58,,,,Enter Notes
2025-10-02 02:17:24 PM,77.3,63.1,46.0,29.33,561,29.33,2.6,75.7,54.9,269,77.2,session,"Session - Oct 2, 2025 1:03:39 PM",2025-10-02 01:03:39 PM 1:03:39 PM,01:16:58,,,,Enter Notes
2025-10-02 02:17:29 PM,77.8,63.5,46.0,29.33,561,29.33,2.2,76.3,55.3,269,77.7,session,"Session - Oct 2, 2025 1:03:39 PM",2025-10-02 01:03:39 PM 1:03:39 PM,01:16:58,,,,Enter Notes
2025-10-02 02:17:34 PM,78.0,63.5,45.8,29.33,561,29.33,3.0,76.5,55.4,269,77.9,session,"Session - Oct 2, 2025 1:03:39 PM",2025-10-02 01:03:39 PM 1:03:39 PM,01:16:58,,,,Enter Notes
2025-10-02 02:17:39 PM,78.3,63.9,45.6,29.33,557,29.33,2.2,77.0,55.5,269,78.3,session,"Session - Oct 2, 2025 1:03:39 PM",2025-10-02 01:03:39 PM 1:03:39 PM,01:16:58,,,,Enter Notes
2025-10-02 02:17:44 PM,78.3,63.9,45.5,29.34,547,29.34,2.1,77.0,55.5,269,78.3,session,"Session - Oct 2, 2025 1:03:39 PM",2025-10-02 01:03:39 PM 1:03:39 PM,01:16:58,,,,Enter Notes
2025-10-02 02:17:49 PM,78.3,63.7,45.4,29.33,556,29.33,1.4,77.0,55.4,269,78.3,session,"Session - Oct 2, 2025 1:03:39 PM",2025-10-02 01:03:39 PM 1:03:39 PM,01:16:58,,,,Enter Notes
2025-10-02 02:17:54 PM,78.8,64.0,45.1,29.33,557,29.33,1.7,77.5,55.7,269,78.8,session,"Session - Oct 2, 2025 1:03:39 PM",2025-10-02 01:03:39 PM 1:03:39 PM,01:16:58,,,,Enter Notes
2025-10-02 02:17:59 PM,79.0,64.2,45.0,29.34,552,29.34,0.9,77.5,55.9,269,79.0,session,"Session - Oct 2, 2025 1:03:39 PM",2025-10-02 01:03:39 PM 1:03:39 PM,01:16:58,,,,Enter Notes
2025-10-02 02:18:04 PM,79.3,64.4,45.0,29.34,549,29.34,0.8,77.9,56.1,269,79.2,session,"Session - Oct 2, 2025 1:03:39 PM",2025-10-02 01:03:39 PM 1:03:39 PM,01:16:58,,,,Enter Notes
2025-10-02 02:18:09 PM,78.8,64.0,45.1,29.34,549,29.34,3.0,77.5,55.8,269,78.8,session,"Session - Oct 2, 2025 1:03:39 PM",2025-10-02 01:03:39 PM 1:03:39 PM,01:16:58,,,,Enter Notes
2025-10-02 02:18:14 PM,78.8,64.2,45.7,29.34,543,29.35,1.9,77.4,56.0,269,78.6,session,"Session - Oct 2, 2025 1:03:39 PM",2025-10-02 01:03:39 PM 1:03:39 PM,01:16:58,,,,Enter Notes
2025-10-02 02:18:19 PM,79.2,64.8,46.3,29.34,547,29.34,1.0,78.1,56.8,269,79.2,session,"Session - Oct 2, 2025 1:03:39 PM",2025-10-02 01:03:39 PM 1:03:39 PM,01:16:58,,,,Enter Notes
2025-10-02 02:18:24 PM,79.7,65.3,46.6,29.33,557,29.33,0.8,78.8,57.5,269,79.7,session,"Session - Oct 2, 2025 1:03:39 PM",2025-10-02 01:03:39 PM 1:03:39 PM,01:16:58,,,,Enter Notes
2025-10-02 02:18:29 PM,80.2,65.5,46.3,29.33,556,29.33,0.9,79.3,57.7,269,80.1,session,"Session - Oct 2, 2025 1:03:39 PM",2025-10-02 01:03:39 PM 1:03:39 PM,01:16:58,,,,Enter Notes
2025-10-02 02:18:34 PM,80.7,65.7,45.6,29.33,556,29.33,1.0,79.9,57.8,269,80.6,session,"Session - Oct 2, 2025 1:03:39 PM",2025-10-02 01:03:39 PM 1:03:39 PM,01:16:58,,,,Enter Notes
2025-10-02 02:18:39 PM,81.2,66.0,45.3,29.33,557,29.33,0.0,80.4,58.0,269,81.1,session,"Session - Oct 2, 2025 1:03:39 PM",2025-10-02 01:03:39 PM 1:03:39 PM,01:16:58,,,,Enter Notes
2025-10-02 02:18:44 PM,81.7,66.2,45.0,29.33,557,29.33,0.0,81.1,58.3,269,81.7,session,"Session - Oct 2, 2025 1:03:39 PM",2025-10-02 01:03:39 PM 1:03:39 PM,01:16:58,,,,Enter Notes
2025-10-02 02:18:49 PM,82.3,66.7,44.9,29.33,556,29.33,0.0,81.7,58.8,269,82.2,session,"Session - Oct 2, 2025 1:03:39 PM",2025-10-02 01:03:39 PM 1:03:39 PM,01:16:58,,,,Enter Notes
2025-10-02 02:18:54 PM,82.6,66.9,44.7,29.33,557,29.33,0.8,82.2,58.9,269,82.6,session,"Session - Oct 2, 2025 1:03:39 PM",2025-10-02 01:03:39 PM 1:03:39 PM,01:16:58,,,,Enter Notes
2025-10-02 02:18:59 PM,82.8,67.1,44.5,29.32,561,29.33,0.9,82.4,59.0,269,82.8,session,"Session - Oct 2, 2025 1:03:39 PM",2025-10-02 01:03:39 PM 1:03:39 PM,01:16:58,,,,Enter Notes
2025-10-02 02:19:04 PM,83.1,67.3,44.3,29.33,557,29.33,0.0,82.8,59.1,269,82.9,session,"Session - Oct 2, 2025 1:03:39 PM",2025-10-02 01:03:39 PM 1:03:39 PM,01:16:58,,,,Enter Notes
2025-10-02 02:19:09 PM,83.3,67.3,44.0,29.33,557,29.33,0.0,82.8,59.1,269,83.1,session,"Session - Oct 2, 2025 1:03:39 PM",2025-10-02 01:03:39 PM 1:03:39 PM,01:16:58,,,,Enter Notes
2025-10-02 02:19:14 PM,83.4,67.1,43.3,29.34,549,29.34,0.0,83.1,58.8,268,83.3,session,"Session - Oct 2, 2025 1:03:39 PM",2025-10-02 01:03:39 PM 1:03:39 PM,01:16:58,,,,Enter Notes
2025-10-02 02:19:19 PM,82.9,66.6,43.0,29.34,549,29.34,2.2,82.6,58.2,268,82.9,session,"Session - Oct 2, 2025 1:03:39 PM",2025-10-02 01:03:39 PM 1:03:39 PM,01:16:58,,,,Enter Notes
2025-10-02 02:19:24 PM,81.6,65.3,42.2,29.34,549,29.34,2.3,80.4,56.4,268,81.5,session,"Session - Oct 2, 2025 1:03:39 PM",2025-10-02 01:03:39 PM 1:03:39 PM,01:16:58,,,,Enter Notes
2025-10-02 02:19:29 PM,80.6,64.4,42.0,29.34,549,29.34,1.7,79.2,55.4,268,80.4,session,"Session - Oct 2, 2025 1:03:39 PM",2025-10-02 01:03:39 PM 1:03:39 PM,01:16:58,,,,Enter Notes
2025-10-02 02:19:34 PM,79.4,63.5,41.8,29.34,552,29.34,1.6,77.7,54.2,268,79.3,session,"Session - Oct 2, 2025 1:03:39 PM",2025-10-02 01:03:39 PM 1:03:39 PM,01:16:58,,,,Enter Notes
2025-10-02 02:19:39 PM,79.2,63.3,41.9,29.34,549,29.34,1.6,77.5,54.1,267,79.2,session,"Session - Oct 2, 2025 1:03:39 PM",2025-10-02 01:03:39 PM 1:03:39 PM,01:16:58,,,,Enter Notes
2025-10-02 02:19:44 PM,79.0,63.1,42.2,29.34,552,29.34,1.2,77.4,54.1,268,79.0,session,"Session - Oct 2, 2025 1:03:39 PM",2025-10-02 01:03:39 PM 1:03:39 PM,01:16:58,,,,Enter Notes
2025-10-02 02:19:49 PM,78.2,62.6,42.2,29.34,552,29.34,1.7,76.3,53.4,268,78.1,session,"Session - Oct 2, 2025 1:03:39 PM",2025-10-02 01:03:39 PM 1:03:39 PM,01:16:58,,,,Enter Notes
2025-10-02 02:19:54 PM,77.8,62.4,42.3,29.34,549,29.34,1.5,75.9,53.1,268,77.7,session,"Session - Oct 2, 2025 1:03:39 PM",2025-10-02 01:03:39 PM 1:03:39 PM,01:16:58,,,,Enter Notes
2025-10-02 02:19:59 PM,77.9,62.4,42.5,29.34,552,29.34,1.3,75.9,53.3,268,77.7,session,"Session - Oct 2, 2025 1:03:39 PM",2025-10-02 01:03:39 PM 1:03:39 PM,01:16:58,,,,Enter Notes
2025-10-02 02:20:04 PM,78.0,62.8,43.0,29.34,552,29.34,1.6,76.1,53.7,268,77.9,session,"Session - Oct 2, 2025 1:03:39 PM",2025-10-02 01:03:39 PM 1:03:39 PM,01:16:58,,,,Enter Notes
2025-10-02 02:20:09 PM,78.8,63.3,43.2,29.33,552,29.33,1.8,77.2,54.5,268,78.8,session,"Session - Oct 2, 2025 1:03:39 PM",2025-10-02 01:03:39 PM 1:03:39 PM,01:16:58,,,,Enter Notes
2025-10-02 02:20:14 PM,79.2,63.7,43.3,29.34,552,29.34,2.1,77.7,55.0,268,79.2,session,"Session - Oct 2, 2025 1:03:39 PM",2025-10-02 01:03:39 PM 1:03:39 PM,01:16:58,,,,Enter Notes
2025-10-02 02:20:19 PM,79.4,64.0,43.2,29.34,552,29.34,1.3,77.9,55.2,268,79.3,session,"Session - Oct 2, 2025 1:03:39 PM",2025-10-02 01:03:39 PM 1:03:39 PM,01:16:58,,,,Enter Notes
2025-10-02 02:20:24 PM,79.5,64.0,43.3,29.33,552,29.33,2.2,78.1,55.3,268,79.5,session,"Session - Oct 2, 2025 1:03:39 PM",2025-10-02 01:03:39 PM 1:03:39 PM,01:16:58,,,,Enter Notes
2025-10-02 02:20:29 PM,79.3,63.9,43.3,29.33,556,29.33,1.9,77.7,55.0,269,79.2,session,"Session - Oct 2, 2025 1:03:39 PM",2025-10-02 01:03:39 PM 1:03:39 PM,01:16:58,,,,Enter Notes
2025-10-02 02:20:34 PM,78.5,63.1,43.1,29.33,552,29.33,2.9,76.8,54.2,269,78.4,session,"Session - Oct 2, 2025 1:03:39 PM",2025-10-02 01:03:39 PM 1:03:39 PM,01:16:58,,,,Enter Notes