{
  "type": "FeatureCollection",
  "features": [
    {
      "type": "Feature",
      "geometry": {
        "type": "LineString",
        "coordinates": [
          [
            -84.404432,
            33.781438
          ],
          [
            -84.404448,
            33.781437
          ],
          [
            -84.404464,
            33.781437
          ],
          [
            -84.40448,
            33.781436
          ],
          [
            -84.404496,
            33.781436
          ],
          [
            -84.404512,
            33.781435
          ],
          [
            -84.404528,
            33.781434
          ],
          [
            -84.404544,
            33.781434
          ],
          [
            -84.40456,
            33.781433
          ],
          [
            -84.404576,
            33.781433
          ],
          [
            -84.404592,
            33.781432
          ],
          [
            -84.404608,
            33.781431
          ],
          [
            -84.404624,
            33.781431
          ],
          [
            -84.40464,
            33.78143
          ],
          [
            -84.404656,
            33.78143
          ],
          [
            -84.404672,
            33.781429
          ],
          [
            -84.404688,
            33.781428
          ],
          [
            -84.404705,
            33.781428
          ],
          [
            -84.404721,
            33.781427
          ],
          [
            -84.404737,
            33.781427
          ],
          [
            -84.404753,
            33.781426
          ],
          [
            -84.404769,
            33.781425
          ],
          [
            -84.404785,
            33.781425
          ],
          [
            -84.404801,
            33.781424
          ],
          [
            -84.404817,
            33.781424
          ],
          [
            -84.404833,
            33.781423
          ],
          [
            -84.404849,
            33.781422
          ],
          [
            -84.404865,
            33.781422
          ],
          [
            -84.404881,
            33.781421
          ],
          [
            -84.404897,
            33.781421
          ],
          [
            -84.404913,
            33.78142
          ],
          [
            -84.404929,
            33.781419
          ],
          [
            -84.404945,
            33.781419
          ],
          [
            -84.404961,
            33.781418
          ],
          [
            -84.404977,
            33.781418
          ],
          [
            -84.404993,
            33.781417
          ],
          [
            -84.405009,
            33.781416
          ],
          [
            -84.405025,
            33.781416
          ],
          [
            -84.405041,
            33.781415
          ],
          [
            -84.405057,
            33.781415
          ],
          [
            -84.405073,
            33.781414
          ],
          [
            -84.405089,
            33.781413
          ],
          [
            -84.405105,
            33.781413
          ],
          [
            -84.405121,
            33.781412
          ],
          [
            -84.405137,
            33.781412
          ],
          [
            -84.405153,
            33.781411
          ],
          [
            -84.405169,
            33.78141
          ],
          [
            -84.405185,
            33.78141
          ],
          [
            -84.405201,
            33.781409
          ],
          [
            -84.405217,
            33.781409
          ],
          [
            -84.405233,
            33.781408
          ],
          [
            -84.405249,
            33.781408
          ],
          [
            -84.40528,
            33.781408
          ],
          [
            -84.405294,
            33.781409
          ],
          [
            -84.405307,
            33.781409
          ],
          [
            -84.405321,
            33.781409
          ],
          [
            -84.405334,
            33.78141
          ],
          [
            -84.405348,
            33.78141
          ],
          [
            -84.405361,
            33.78141
          ],
          [
            -84.405375,
            33.781411
          ],
          [
            -84.405388,
            33.781411
          ],
          [
            -84.405402,
            33.781412
          ],
          [
            -84.405415,
            33.781412
          ],
          [
            -84.405428,
            33.781412
          ],
          [
            -84.405442,
            33.781413
          ],
          [
            -84.405455,
            33.781413
          ],
          [
            -84.405469,
            33.781413
          ],
          [
            -84.405482,
            33.781414
          ],
          [
            -84.405496,
            33.781414
          ],
          [
            -84.405509,
            33.781414
          ],
          [
            -84.405523,
            33.781415
          ],
          [
            -84.405536,
            33.781415
          ],
          [
            -84.405549,
            33.781415
          ],
          [
            -84.405563,
            33.781416
          ],
          [
            -84.405576,
            33.781416
          ],
          [
            -84.40559,
            33.781417
          ],
          [
            -84.405603,
            33.781417
          ],
          [
            -84.405617,
            33.781417
          ],
          [
            -84.40563,
            33.781418
          ],
          [
            -84.405644,
            33.781418
          ],
          [
            -84.405657,
            33.781418
          ],
          [
            -84.405671,
            33.781419
          ],
          [
            -84.405684,
            33.781419
          ],
          [
            -84.405719,
            33.781419
          ],
          [
            -84.405733,
            33.781419
          ],
          [
            -84.405747,
            33.781419
          ],
          [
            -84.405761,
            33.781419
          ],
          [
            -84.405775,
            33.781419
          ],
          [
            -84.405789,
            33.781419
          ],
          [
            -84.405803,
            33.781419
          ],
          [
            -84.405817,
            33.78142
          ],
          [
            -84.405831,
            33.78142
          ],
          [
            -84.405845,
            33.78142
          ],
          [
            -84.405859,
            33.78142
          ],
          [
            -84.405873,
            33.78142
          ],
          [
            -84.405887,
            33.78142
          ],
          [
            -84.405901,
            33.78142
          ],
          [
            -84.405915,
            33.78142
          ],
          [
            -84.40593,
            33.78142
          ],
          [
            -84.405944,
            33.78142
          ],
          [
            -84.405958,
            33.78142
          ],
          [
            -84.405972,
            33.78142
          ],
          [
            -84.405986,
            33.78142
          ],
          [
            -84.406,
            33.78142
          ],
          [
            -84.406014,
            33.78142
          ],
          [
            -84.406028,
            33.781421
          ],
          [
            -84.406042,
            33.781421
          ],
          [
            -84.406056,
            33.781421
          ],
          [
            -84.40607,
            33.781421
          ],
          [
            -84.406084,
            33.781421
          ],
          [
            -84.406098,
            33.781421
          ],
          [
            -84.406112,
            33.781421
          ],
          [
            -84.406126,
            33.781421
          ],
          [
            -84.40615,
            33.781422
          ],
          [
            -84.406163,
            33.781424
          ],
          [
            -84.406175,
            33.781425
          ],
          [
            -84.406188,
            33.781427
          ],
          [
            -84.4062,
            33.781428
          ],
          [
            -84.406213,
            33.78143
          ],
          [
            -84.406225,
            33.781431
          ],
          [
            -84.406237,
            33.781433
          ],
          [
            -84.40625,
            33.781434
          ],
          [
            -84.406262,
            33.781436
          ],
          [
            -84.406275,
            33.781437
          ],
          [
            -84.406287,
            33.781439
          ],
          [
            -84.4063,
            33.78144
          ],
          [
            -84.406312,
            33.781442
          ],
          [
            -84.406325,
            33.781443
          ],
          [
            -84.406337,
            33.781445
          ],
          [
            -84.406349,
            33.781446
          ],
          [
            -84.406362,
            33.781448
          ],
          [
            -84.406374,
            33.781449
          ],
          [
            -84.406387,
            33.781451
          ],
          [
            -84.406399,
            33.781452
          ],
          [
            -84.406412,
            33.781454
          ],
          [
            -84.406424,
            33.781455
          ],
          [
            -84.406436,
            33.781457
          ],
          [
            -84.406449,
            33.781458
          ],
          [
            -84.406461,
            33.78146
          ],
          [
            -84.406474,
            33.781461
          ],
          [
            -84.406486,
            33.781463
          ],
          [
            -84.406499,
            33.781464
          ],
          [
            -84.406511,
            33.781466
          ],
          [
            -84.406523,
            33.781467
          ],
          [
            -84.406561,
            33.78147
          ],
          [
            -84.406579,
            33.781471
          ],
          [
            -84.406598,
            33.781472
          ],
          [
            -84.406616,
            33.781473
          ],
          [
            -84.406634,
            33.781474
          ],
          [
            -84.406652,
            33.781475
          ],
          [
            -84.40667,
            33.781476
          ],
          [
            -84.406689,
            33.781477
          ],
          [
            -84.406707,
            33.781478
          ],
          [
            -84.406725,
            33.781479
          ],
          [
            -84.406743,
            33.78148
          ],
          [
            -84.406762,
            33.781481
          ],
          [
            -84.40678,
            33.781482
          ],
          [
            -84.406798,
            33.781483
          ],
          [
            -84.406816,
            33.781484
          ],
          [
            -84.406834,
            33.781485
          ],
          [
            -84.406853,
            33.781486
          ],
          [
            -84.406871,
            33.781487
          ],
          [
            -84.406889,
            33.781488
          ],
          [
            -84.406907,
            33.781489
          ],
          [
            -84.406925,
            33.78149
          ],
          [
            -84.406944,
            33.781491
          ],
          [
            -84.406962,
            33.781492
          ],
          [
            -84.40698,
            33.781493
          ],
          [
            -84.406998,
            33.781494
          ],
          [
            -84.407016,
            33.781495
          ],
          [
            -84.407035,
            33.781496
          ],
          [
            -84.407053,
            33.781497
          ],
          [
            -84.407071,
            33.781498
          ],
          [
            -84.407089,
            33.781499
          ],
          [
            -84.407107,
            33.781501
          ],
          [
            -84.407121,
            33.781492
          ],
          [
            -84.407128,
            33.781483
          ],
          [
            -84.407136,
            33.781473
          ],
          [
            -84.407143,
            33.781463
          ],
          [
            -84.407151,
            33.781454
          ],
          [
            -84.407158,
            33.781444
          ],
          [
            -84.407166,
            33.781434
          ],
          [
            -84.407173,
            33.781425
          ],
          [
            -84.407181,
            33.781415
          ],
          [
            -84.407188,
            33.781405
          ],
          [
            -84.407196,
            33.781396
          ],
          [
            -84.407203,
            33.781386
          ],
          [
            -84.407211,
            33.781376
          ],
          [
            -84.407218,
            33.781367
          ],
          [
            -84.407226,
            33.781357
          ],
          [
            -84.407233,
            33.781347
          ],
          [
            -84.407241,
            33.781338
          ],
          [
            -84.407248,
            33.781328
          ],
          [
            -84.407256,
            33.781318
          ],
          [
            -84.407263,
            33.781309
          ],
          [
            -84.407271,
            33.781299
          ],
          [
            -84.407278,
            33.781289
          ],
          [
            -84.407286,
            33.78128
          ],
          [
            -84.407293,
            33.78127
          ],
          [
            -84.407301,
            33.78126
          ],
          [
            -84.407308,
            33.781251
          ],
          [
            -84.407316,
            33.781241
          ],
          [
            -84.407323,
            33.781231
          ],
          [
            -84.407331,
            33.781222
          ],
          [
            -84.407338,
            33.781212
          ],
          [
            -84.407351,
            33.781188
          ],
          [
            -84.407356,
            33.781177
          ],
          [
            -84.407362,
            33.781167
          ],
          [
            -84.407368,
            33.781156
          ],
          [
            -84.407373,
            33.781146
          ],
          [
            -84.407379,
            33.781135
          ],
          [
            -84.407385,
            33.781125
          ],
          [
            -84.407391,
            33.781115
          ],
          [
            -84.407396,
            33.781104
          ],
          [
            -84.407402,
            33.781094
          ],
          [
            -84.407408,
            33.781083
          ],
          [
            -84.407413,
            33.781073
          ],
          [
            -84.407419,
            33.781063
          ],
          [
            -84.407425,
            33.781052
          ],
          [
            -84.40743,
            33.781042
          ],
          [
            -84.407436,
            33.781031
          ],
          [
            -84.407442,
            33.781021
          ],
          [
            -84.407447,
            33.78101
          ],
          [
            -84.407453,
            33.781
          ],
          [
            -84.407459,
            33.78099
          ],
          [
            -84.407465,
            33.780979
          ],
          [
            -84.40747,
            33.780969
          ],
          [
            -84.407476,
            33.780958
          ],
          [
            -84.407482,
            33.780948
          ],
          [
            -84.407487,
            33.780938
          ],
          [
            -84.407493,
            33.780927
          ],
          [
            -84.407499,
            33.780917
          ],
          [
            -84.407504,
            33.780906
          ],
          [
            -84.40751,
            33.780896
          ],
          [
            -84.407516,
            33.780885
          ],
          [
            -84.407522,
            33.780875
          ],
          [
            -84.407526,
            33.780859
          ],
          [
            -84.407527,
            33.780849
          ],
          [
            -84.407528,
            33.78084
          ],
          [
            -84.407529,
            33.780831
          ],
          [
            -84.40753,
            33.780821
          ],
          [
            -84.407531,
            33.780812
          ],
          [
            -84.407532,
            33.780803
          ],
          [
            -84.407532,
            33.780793
          ],
          [
            -84.407533,
            33.780784
          ],
          [
            -84.407534,
            33.780775
          ],
          [
            -84.407535,
            33.780765
          ],
          [
            -84.407536,
            33.780756
          ],
          [
            -84.407537,
            33.780747
          ],
          [
            -84.407538,
            33.780737
          ],
          [
            -84.407539,
            33.780728
          ],
          [
            -84.40754,
            33.780719
          ],
          [
            -84.407541,
            33.78071
          ],
          [
            -84.407542,
            33.7807
          ],
          [
            -84.407543,
            33.780691
          ],
          [
            -84.407544,
            33.780682
          ],
          [
            -84.407545,
            33.780672
          ],
          [
            -84.407545,
            33.780663
          ],
          [
            -84.407546,
            33.780654
          ],
          [
            -84.407547,
            33.780644
          ],
          [
            -84.407548,
            33.780635
          ],
          [
            -84.407549,
            33.780626
          ],
          [
            -84.40755,
            33.780616
          ],
          [
            -84.407551,
            33.780607
          ],
          [
            -84.407552,
            33.780598
          ],
          [
            -84.407553,
            33.780588
          ],
          [
            -84.407554,
            33.780579
          ],
          [
            -84.407555,
            33.78057
          ],
          [
            -84.407556,
            33.78056
          ],
          [
            -84.407557,
            33.780551
          ],
          [
            -84.407558,
            33.780542
          ],
          [
            -84.407559,
            33.780532
          ],
          [
            -84.407559,
            33.780523
          ],
          [
            -84.40756,
            33.780514
          ],
          [
            -84.407561,
            33.780504
          ],
          [
            -84.407562,
            33.780495
          ],
          [
            -84.407563,
            33.780486
          ],
          [
            -84.407564,
            33.780476
          ],
          [
            -84.407565,
            33.780467
          ],
          [
            -84.407566,
            33.780458
          ],
          [
            -84.407567,
            33.780448
          ],
          [
            -84.407568,
            33.780439
          ],
          [
            -84.407569,
            33.78043
          ],
          [
            -84.40757,
            33.78042
          ],
          [
            -84.407571,
            33.780411
          ],
          [
            -84.407572,
            33.780402
          ],
          [
            -84.407573,
            33.780393
          ],
          [
            -84.407575,
            33.780365
          ],
          [
            -84.407576,
            33.780351
          ],
          [
            -84.407578,
            33.780338
          ],
          [
            -84.40758,
            33.780325
          ],
          [
            -84.407581,
            33.780312
          ],
          [
            -84.407583,
            33.780298
          ],
          [
            -84.407584,
            33.780285
          ],
          [
            -84.407586,
            33.780272
          ],
          [
            -84.407588,
            33.780258
          ],
          [
            -84.407589,
            33.780245
          ],
          [
            -84.407591,
            33.780232
          ],
          [
            -84.407593,
            33.780219
          ],
          [
            -84.407594,
            33.780205
          ],
          [
            -84.407596,
            33.780192
          ],
          [
            -84.407597,
            33.780179
          ],
          [
            -84.407599,
            33.780165
          ],
          [
            -84.407601,
            33.780152
          ],
          [
            -84.407602,
            33.780139
          ],
          [
            -84.407604,
            33.780125
          ],
          [
            -84.407606,
            33.780112
          ],
          [
            -84.407607,
            33.780099
          ],
          [
            -84.407609,
            33.780086
          ],
          [
            -84.40761,
            33.780072
          ],
          [
            -84.407612,
            33.780059
          ],
          [
            -84.407614,
            33.780046
          ],
          [
            -84.407615,
            33.780032
          ],
          [
            -84.407617,
            33.780019
          ],
          [
            -84.407619,
            33.780006
          ],
          [
            -84.40762,
            33.779993
          ],
          [
            -84.407622,
            33.779979
          ],
          [
            -84.407624,
            33.779966
          ],
          [
            -84.407628,
            33.77995
          ],
          [
            -84.407631,
            33.779938
          ],
          [
            -84.407633,
            33.779926
          ],
          [
            -84.407635,
            33.779914
          ],
          [
            -84.407637,
            33.779903
          ],
          [
            -84.40764,
            33.779891
          ],
          [
            -84.407642,
            33.779879
          ],
          [
            -84.407644,
            33.779867
          ],
          [
            -84.407647,
            33.779855
          ],
          [
            -84.407649,
            33.779843
          ],
          [
            -84.407651,
            33.779831
          ],
          [
            -84.407653,
            33.779819
          ],
          [
            -84.407656,
            33.779808
          ],
          [
            -84.407658,
            33.779796
          ],
          [
            -84.40766,
            33.779784
          ],
          [
            -84.407663,
            33.779772
          ],
          [
            -84.407665,
            33.77976
          ],
          [
            -84.407667,
            33.779748
          ],
          [
            -84.407669,
            33.779736
          ],
          [
            -84.407672,
            33.779724
          ],
          [
            -84.407674,
            33.779712
          ],
          [
            -84.407676,
            33.779701
          ],
          [
            -84.407679,
            33.779689
          ],
          [
            -84.407681,
            33.779677
          ],
          [
            -84.407683,
            33.779665
          ],
          [
            -84.407686,
            33.779653
          ],
          [
            -84.407699,
            33.779644
          ],
          [
            -84.407709,
            33.779643
          ],
          [
            -84.40772,
            33.779643
          ],
          [
            -84.407731,
            33.779642
          ],
          [
            -84.407742,
            33.779641
          ],
          [
            -84.407752,
            33.77964
          ],
          [
            -84.407763,
            33.779639
          ],
          [
            -84.407774,
            33.779639
          ],
          [
            -84.407784,
            33.779638
          ],
          [
            -84.407795,
            33.779637
          ],
          [
            -84.407806,
            33.779636
          ],
          [
            -84.407816,
            33.779635
          ],
          [
            -84.407827,
            33.779635
          ],
          [
            -84.407838,
            33.779634
          ],
          [
            -84.407849,
            33.779633
          ],
          [
            -84.407859,
            33.779632
          ],
          [
            -84.40787,
            33.779631
          ],
          [
            -84.407881,
            33.779631
          ],
          [
            -84.407891,
            33.77963
          ],
          [
            -84.407902,
            33.779629
          ],
          [
            -84.407913,
            33.779628
          ],
          [
            -84.407924,
            33.779627
          ],
          [
            -84.407934,
            33.779627
          ],
          [
            -84.407945,
            33.779626
          ],
          [
            -84.407956,
            33.779625
          ],
          [
            -84.407966,
            33.779624
          ],
          [
            -84.407977,
            33.779623
          ],
          [
            -84.407988,
            33.779623
          ],
          [
            -84.407998,
            33.779622
          ],
          [
            -84.408009,
            33.779621
          ],
          [
            -84.40802,
            33.77962
          ],
          [
            -84.408031,
            33.779619
          ],
          [
            -84.408041,
            33.779618
          ],
          [
            -84.408052,
            33.779618
          ],
          [
            -84.408063,
            33.779617
          ],
          [
            -84.408073,
            33.779616
          ],
          [
            -84.408084,
            33.779615
          ],
          [
            -84.408095,
            33.779614
          ],
          [
            -84.408106,
            33.779614
          ],
          [
            -84.408116,
            33.779613
          ],
          [
            -84.408127,
            33.779612
          ],
          [
            -84.408138,
            33.779611
          ],
          [
            -84.408148,
            33.77961
          ],
          [
            -84.408159,
            33.77961
          ],
          [
            -84.40817,
            33.779609
          ],
          [
            -84.40818,
            33.779608
          ],
          [
            -84.408191,
            33.779607
          ],
          [
            -84.408202,
            33.779606
          ],
          [
            -84.408213,
            33.779606
          ],
          [
            -84.408223,
            33.779605
          ],
          [
            -84.408234,
            33.779604
          ],
          [
            -84.408245,
            33.779603
          ],
          [
            -84.408255,
            33.779602
          ],
          [
            -84.408266,
            33.779602
          ],
          [
            -84.408277,
            33.779601
          ],
          [
            -84.408288,
            33.7796
          ],
          [
            -84.408322,
            33.779598
          ],
          [
            -84.40834,
            33.779597
          ],
          [
            -84.408359,
            33.779597
          ],
          [
            -84.408377,
            33.779596
          ],
          [
            -84.408396,
            33.779596
          ],
          [
            -84.408414,
            33.779595
          ],
          [
            -84.408433,
            33.779595
          ],
          [
            -84.408451,
            33.779594
          ],
          [
            -84.40847,
            33.779594
          ],
          [
            -84.408488,
            33.779593
          ],
          [
            -84.408507,
            33.779593
          ],
          [
            -84.408525,
            33.779592
          ],
          [
            -84.408544,
            33.779592
          ],
          [
            -84.408563,
            33.779592
          ],
          [
            -84.408581,
            33.779591
          ],
          [
            -84.4086,
            33.779591
          ],
          [
            -84.408618,
            33.77959
          ],
          [
            -84.408637,
            33.77959
          ],
          [
            -84.408655,
            33.779589
          ],
          [
            -84.408674,
            33.779589
          ],
          [
            -84.408692,
            33.779588
          ],
          [
            -84.408711,
            33.779588
          ],
          [
            -84.408729,
            33.779587
          ],
          [
            -84.408748,
            33.779587
          ],
          [
            -84.408766,
            33.779587
          ],
          [
            -84.408798,
            33.779587
          ],
          [
            -84.408813,
            33.779586
          ],
          [
            -84.408828,
            33.779586
          ],
          [
            -84.408843,
            33.779585
          ],
          [
            -84.408858,
            33.779585
          ],
          [
            -84.408873,
            33.779585
          ],
          [
            -84.408888,
            33.779584
          ],
          [
            -84.408904,
            33.779584
          ],
          [
            -84.408919,
            33.779583
          ],
          [
            -84.408934,
            33.779583
          ],
          [
            -84.408949,
            33.779582
          ],
          [
            -84.408964,
            33.779582
          ],
          [
            -84.408979,
            33.779582
          ],
          [
            -84.408994,
            33.779581
          ],
          [
            -84.409009,
            33.779581
          ],
          [
            -84.409024,
            33.77958
          ],
          [
            -84.409039,
            33.77958
          ],
          [
            -84.409054,
            33.77958
          ],
          [
            -84.409069,
            33.779579
          ],
          [
            -84.409084,
            33.779579
          ],
          [
            -84.409099,
            33.779578
          ],
          [
            -84.409115,
            33.779578
          ],
          [
            -84.40913,
            33.779577
          ],
          [
            -84.409145,
            33.779577
          ],
          [
            -84.40916,
            33.779577
          ],
          [
            -84.409175,
            33.779576
          ],
          [
            -84.40919,
            33.779576
          ],
          [
            -84.409205,
            33.779575
          ],
          [
            -84.40922,
            33.779575
          ],
          [
            -84.409235,
            33.779575
          ],
          [
            -84.40925,
            33.779574
          ],
          [
            -84.409265,
            33.779574
          ],
          [
            -84.40928,
            33.779573
          ],
          [
            -84.409295,
            33.779573
          ],
          [
            -84.40931,
            33.779572
          ],
          [
            -84.409326,
            33.779572
          ],
          [
            -84.409356,
            33.779572
          ],
          [
            -84.409371,
            33.779572
          ],
          [
            -84.409386,
            33.779573
          ],
          [
            -84.409401,
            33.779573
          ],
          [
            -84.409416,
            33.779574
          ],
          [
            -84.409431,
            33.779574
          ],
          [
            -84.409446,
            33.779575
          ],
          [
            -84.409461,
            33.779576
          ],
          [
            -84.409476,
            33.779576
          ],
          [
            -84.409491,
            33.779577
          ],
          [
            -84.409506,
            33.779577
          ],
          [
            -84.409521,
            33.779578
          ],
          [
            -84.409536,
            33.779578
          ],
          [
            -84.409551,
            33.779579
          ],
          [
            -84.409566,
            33.779579
          ],
          [
            -84.409581,
            33.77958
          ],
          [
            -84.409596,
            33.779581
          ],
          [
            -84.409611,
            33.779581
          ],
          [
            -84.409626,
            33.779582
          ],
          [
            -84.409641,
            33.779582
          ],
          [
            -84.409656,
            33.779583
          ],
          [
            -84.409671,
            33.779583
          ],
          [
            -84.409686,
            33.779584
          ],
          [
            -84.409701,
            33.779585
          ],
          [
            -84.409716,
            33.779585
          ],
          [
            -84.409731,
            33.779586
          ],
          [
            -84.409746,
            33.779586
          ],
          [
            -84.409761,
            33.779587
          ],
          [
            -84.409776,
            33.779587
          ],
          [
            -84.409791,
            33.779588
          ],
          [
            -84.409807,
            33.779589
          ],
          [
            -84.409831,
            33.779584
          ],
          [
            -84.409841,
            33.77958
          ],
          [
            -84.40985,
            33.779575
          ],
          [
            -84.409859,
            33.779571
          ],
          [
            -84.409868,
            33.779567
          ],
          [
            -84.409878,
            33.779563
          ],
          [
            -84.409887,
            33.779558
          ],
          [
            -84.409896,
            33.779554
          ],
          [
            -84.409906,
            33.77955
          ],
          [
            -84.409915,
            33.779546
          ],
          [
            -84.409924,
            33.779541
          ],
          [
            -84.409933,
            33.779537
          ],
          [
            -84.409943,
            33.779533
          ],
          [
            -84.409952,
            33.779529
          ],
          [
            -84.409961,
            33.779524
          ],
          [
            -84.409971,
            33.77952
          ],
          [
            -84.40998,
            33.779516
          ],
          [
            -84.409989,
            33.779512
          ],
          [
            -84.409998,
            33.779507
          ],
          [
            -84.410008,
            33.779503
          ],
          [
            -84.410017,
            33.779499
          ],
          [
            -84.410026,
            33.779495
          ],
          [
            -84.410036,
            33.77949
          ],
          [
            -84.410045,
            33.779486
          ],
          [
            -84.410054,
            33.779482
          ],
          [
            -84.410063,
            33.779478
          ],
          [
            -84.410048,
            33.779454
          ],
          [
            -84.410037,
            33.779438
          ],
          [
            -84.410026,
            33.779423
          ],
          [
            -84.410015,
            33.779407
          ],
          [
            -84.410004,
            33.779391
          ],
          [
            -84.409992,
            33.779375
          ],
          [
            -84.409981,
            33.77936
          ],
          [
            -84.40997,
            33.779344
          ],
          [
            -84.409959,
            33.779328
          ],
          [
            -84.409948,
            33.779312
          ],
          [
            -84.409937,
            33.779297
          ],
          [
            -84.409926,
            33.779281
          ],
          [
            -84.409915,
            33.779265
          ],
          [
            -84.409904,
            33.779249
          ],
          [
            -84.409893,
            33.779234
          ],
          [
            -84.409882,
            33.779218
          ],
          [
            -84.409871,
            33.779202
          ],
          [
            -84.409859,
            33.779186
          ],
          [
            -84.409848,
            33.779171
          ],
          [
            -84.409837,
            33.779155
          ],
          [
            -84.409826,
            33.779139
          ],
          [
            -84.409815,
            33.779123
          ],
          [
            -84.409804,
            33.779108
          ],
          [
            -84.409786,
            33.779086
          ],
          [
            -84.409777,
            33.779076
          ],
          [
            -84.409767,
            33.779065
          ],
          [
            -84.409758,
            33.779054
          ],
          [
            -84.409748,
            33.779043
          ],
          [
            -84.409739,
            33.779033
          ],
          [
            -84.409729,
            33.779022
          ],
          [
            -84.40972,
            33.779011
          ],
          [
            -84.40971,
            33.779
          ],
          [
            -84.409701,
            33.77899
          ],
          [
            -84.409691,
            33.778979
          ],
          [
            -84.409682,
            33.778968
          ],
          [
            -84.409672,
            33.778958
          ],
          [
            -84.409663,
            33.778947
          ],
          [
            -84.409653,
            33.778936
          ],
          [
            -84.409644,
            33.778925
          ],
          [
            -84.409634,
            33.778915
          ],
          [
            -84.409625,
            33.778904
          ],
          [
            -84.409615,
            33.778893
          ],
          [
            -84.409606,
            33.778883
          ],
          [
            -84.409596,
            33.778872
          ],
          [
            -84.409587,
            33.778861
          ],
          [
            -84.409577,
            33.77885
          ],
          [
            -84.409568,
            33.77884
          ],
          [
            -84.409558,
            33.778829
          ],
          [
            -84.409549,
            33.778818
          ],
          [
            -84.409539,
            33.778807
          ],
          [
            -84.40953,
            33.778797
          ],
          [
            -84.40952,
            33.778786
          ],
          [
            -84.409501,
            33.778767
          ],
          [
            -84.409494,
            33.778759
          ],
          [
            -84.409486,
            33.778751
          ],
          [
            -84.409479,
            33.778743
          ],
          [
            -84.409471,
            33.778735
          ],
          [
            -84.409464,
            33.778727
          ],
          [
            -84.409456,
            33.778719
          ],
          [
            -84.409448,
            33.778712
          ],
          [
            -84.409438,
            33.7787
          ],
          [
            -84.409427,
            33.778688
          ],
          [
            -84.409417,
            33.778675
          ],
          [
            -84.409403,
            33.778658
          ],
          [
            -84.409399,
            33.778652
          ],
          [
            -84.40939,
            33.778641
          ],
          [
            -84.409383,
            33.778629
          ],
          [
            -84.409375,
            33.778617
          ],
          [
            -84.409364,
            33.778599
          ],
          [
            -84.40936,
            33.778593
          ],
          [
            -84.409349,
            33.778579
          ],
          [
            -84.409339,
            33.778568
          ],
          [
            -84.409329,
            33.778557
          ],
          [
            -84.409313,
            33.778542
          ],
          [
            -84.409308,
            33.778537
          ],
          [
            -84.409297,
            33.778528
          ],
          [
            -84.409285,
            33.778518
          ],
          [
            -84.409274,
            33.778509
          ],
          [
            -84.409257,
            33.778493
          ],
          [
            -84.409251,
            33.778487
          ],
          [
            -84.40924,
            33.778477
          ],
          [
            -84.409228,
            33.778467
          ],
          [
            -84.409218,
            33.778457
          ],
          [
            -84.409207,
            33.778446
          ],
          [
            -84.409195,
            33.778436
          ],
          [
            -84.409184,
            33.778427
          ],
          [
            -84.409172,
            33.778418
          ],
          [
            -84.409161,
            33.778408
          ],
          [
            -84.409144,
            33.77839
          ],
          [
            -84.409138,
            33.778382
          ],
          [
            -84.409131,
            33.778375
          ],
          [
            -84.409121,
            33.778364
          ],
          [
            -84.409111,
            33.778353
          ],
          [
            -84.409096,
            33.778334
          ],
          [
            -84.409089,
            33.778326
          ],
          [
            -84.409083,
            33.778319
          ],
          [
            -84.409073,
            33.778308
          ],
          [
            -84.409062,
            33.778298
          ],
          [
            -84.409045,
            33.77828
          ],
          [
            -84.409039,
            33.778273
          ],
          [
            -84.409032,
            33.778266
          ],
          [
            -84.409022,
            33.778255
          ],
          [
            -84.409012,
            33.778245
          ],
          [
            -84.409001,
            33.778225
          ],
          [
            -84.408997,
            33.778217
          ],
          [
            -84.408993,
            33.778209
          ],
          [
            -84.408987,
            33.778198
          ],
          [
            -84.408979,
            33.778188
          ],
          [
            -84.408971,
            33.778177
          ],
          [
            -84.408964,
            33.778165
          ],
          [
            -84.408955,
            33.778153
          ],
          [
            -84.408945,
            33.77814
          ],
          [
            -84.408935,
            33.778128
          ],
          [
            -84.408926,
            33.778115
          ],
          [
            -84.408917,
            33.778102
          ],
          [
            -84.408909,
            33.778089
          ],
          [
            -84.408892,
            33.778069
          ],
          [
            -84.408886,
            33.778062
          ],
          [
            -84.408879,
            33.778054
          ],
          [
            -84.408868,
            33.778043
          ],
          [
            -84.408855,
            33.778033
          ],
          [
            -84.408835,
            33.778017
          ],
          [
            -84.408827,
            33.77801
          ],
          [
            -84.408819,
            33.778004
          ],
          [
            -84.408808,
            33.777994
          ],
          [
            -84.408798,
            33.777984
          ],
          [
            -84.408778,
            33.77797
          ],
          [
            -84.408771,
            33.777965
          ],
          [
            -84.408763,
            33.77796
          ],
          [
            -84.408752,
            33.777953
          ],
          [
            -84.40874,
            33.777946
          ],
          [
            -84.40872,
            33.777932
          ],
          [
            -84.408713,
            33.777925
          ],
          [
            -84.408705,
            33.777919
          ],
          [
            -84.408698,
            33.777908
          ],
          [
            -84.408693,
            33.777896
          ],
          [
            -84.408688,
            33.777885
          ],
          [
            -84.408682,
            33.777873
          ],
          [
            -84.408676,
            33.777861
          ],
          [
            -84.408669,
            33.777852
          ],
          [
            -84.408663,
            33.777843
          ],
          [
            -84.408657,
            33.777834
          ],
          [
            -84.408652,
            33.777824
          ],
          [
            -84.408648,
            33.777812
          ],
          [
            -84.408643,
            33.7778
          ],
          [
            -84.408639,
            33.777786
          ],
          [
            -84.408635,
            33.777772
          ],
          [
            -84.408631,
            33.777751
          ],
          [
            -84.40863,
            33.777744
          ],
          [
            -84.408629,
            33.777731
          ],
          [
            -84.408628,
            33.777718
          ],
          [
            -84.408625,
            33.777705
          ],
          [
            -84.408615,
            33.777686
          ],
          [
            -84.408611,
            33.777679
          ],
          [
            -84.408593,
            33.777657
          ],
          [
            -84.408584,
            33.77765
          ],
          [
            -84.408576,
            33.777642
          ],
          [
            -84.408564,
            33.777632
          ],
          [
            -84.408551,
            33.777623
          ],
          [
            -84.408538,
            33.777615
          ],
          [
            -84.408514,
            33.777605
          ],
          [
            -84.408506,
            33.777601
          ],
          [
            -84.408477,
            33.777591
          ],
          [
            -84.408465,
            33.777587
          ],
          [
            -84.408454,
            33.777583
          ],
          [
            -84.408431,
            33.777572
          ],
          [
            -84.408424,
            33.777568
          ],
          [
            -84.408398,
            33.777553
          ],
          [
            -84.408387,
            33.777546
          ],
          [
            -84.408376,
            33.777539
          ],
          [
            -84.408353,
            33.77752
          ],
          [
            -84.408347,
            33.777513
          ],
          [
            -84.408326,
            33.777492
          ],
          [
            -84.408319,
            33.777484
          ],
          [
            -84.408311,
            33.777475
          ],
          [
            -84.408299,
            33.777461
          ],
          [
            -84.408287,
            33.777448
          ],
          [
            -84.40827,
            33.777425
          ],
          [
            -84.408263,
            33.777416
          ],
          [
            -84.408257,
            33.777407
          ],
          [
            -84.408244,
            33.777388
          ],
          [
            -84.40824,
            33.777381
          ],
          [
            -84.408235,
            33.777374
          ],
          [
            -84.408229,
            33.777365
          ],
          [
            -84.408223,
            33.777356
          ],
          [
            -84.408216,
            33.777348
          ],
          [
            -84.408209,
            33.77734
          ],
          [
            -84.408199,
            33.777333
          ],
          [
            -84.40819,
            33.777326
          ],
          [
            -84.408179,
            33.777319
          ],
          [
            -84.408166,
            33.777314
          ],
          [
            -84.408152,
            33.777309
          ],
          [
            -84.408138,
            33.777304
          ],
          [
            -84.408119,
            33.777295
          ],
          [
            -84.408114,
            33.777291
          ],
          [
            -84.408105,
            33.777282
          ],
          [
            -84.408099,
            33.777272
          ],
          [
            -84.408094,
            33.777261
          ],
          [
            -84.408083,
            33.777244
          ],
          [
            -84.40808,
            33.777238
          ],
          [
            -84.408073,
            33.777226
          ],
          [
            -84.408066,
            33.777213
          ],
          [
            -84.408059,
            33.777201
          ],
          [
            -84.408055,
            33.777189
          ],
          [
            -84.408051,
            33.777178
          ],
          [
            -84.408047,
            33.777166
          ],
          [
            -84.408043,
            33.777151
          ],
          [
            -84.408037,
            33.777136
          ],
          [
            -84.408025,
            33.777112
          ],
          [
            -84.40802,
            33.777104
          ],
          [
            -84.408014,
            33.777095
          ],
          [
            -84.408001,
            33.777078
          ],
          [
            -84.407997,
            33.777072
          ],
          [
            -84.407989,
            33.777062
          ],
          [
            -84.40798,
            33.777052
          ],
          [
            -84.40797,
            33.777042
          ],
          [
            -84.407959,
            33.777031
          ],
          [
            -84.407949,
            33.777021
          ],
          [
            -84.407942,
            33.777011
          ],
          [
            -84.407936,
            33.777001
          ],
          [
            -84.407931,
            33.776988
          ],
          [
            -84.407925,
            33.776967
          ],
          [
            -84.407924,
            33.77696
          ],
          [
            -84.407921,
            33.776946
          ],
          [
            -84.407918,
            33.776933
          ],
          [
            -84.407916,
            33.776923
          ],
          [
            -84.407918,
            33.776916
          ],
          [
            -84.40792,
            33.776911
          ],
          [
            -84.407915,
            33.776899
          ],
          [
            -84.407908,
            33.776893
          ],
          [
            -84.407901,
            33.776886
          ],
          [
            -84.407894,
            33.77688
          ],
          [
            -84.407887,
            33.776873
          ],
          [
            -84.40788,
            33.776866
          ],
          [
            -84.407873,
            33.77686
          ],
          [
            -84.407866,
            33.776853
          ],
          [
            -84.40784,
            33.776837
          ],
          [
            -84.40783,
            33.776832
          ],
          [
            -84.40782,
            33.776827
          ],
          [
            -84.407805,
            33.776819
          ],
          [
            -84.40779,
            33.776811
          ],
          [
            -84.407762,
            33.776796
          ],
          [
            -84.407752,
            33.77679
          ],
          [
            -84.407741,
            33.776784
          ],
          [
            -84.407718,
            33.776769
          ],
          [
            -84.407711,
            33.776764
          ],
          [
            -84.407688,
            33.776746
          ],
          [
            -84.40768,
            33.776739
          ],
          [
            -84.407671,
            33.776732
          ],
          [
            -84.407653,
            33.776718
          ],
          [
            -84.407647,
            33.776713
          ],
          [
            -84.407627,
            33.776697
          ],
          [
            -84.407619,
            33.77669
          ],
          [
            -84.407611,
            33.776684
          ],
          [
            -84.4076,
            33.776674
          ],
          [
            -84.407588,
            33.776664
          ],
          [
            -84.407577,
            33.776654
          ],
          [
            -84.407567,
            33.776645
          ],
          [
            -84.407558,
            33.776636
          ],
          [
            -84.40755,
            33.776628
          ],
          [
            -84.407541,
            33.77662
          ],
          [
            -84.407532,
            33.776609
          ],
          [
            -84.407515,
            33.776592
          ],
          [
            -84.40751,
            33.776586
          ],
          [
            -84.407492,
            33.776568
          ],
          [
            -84.407484,
            33.77656
          ],
          [
            -84.407477,
            33.776553
          ],
          [
            -84.407466,
            33.776542
          ],
          [
            -84.407456,
            33.776532
          ],
          [
            -84.407447,
            33.776521
          ],
          [
            -84.40744,
            33.776511
          ],
          [
            -84.407434,
            33.776501
          ],
          [
            -84.407426,
            33.776492
          ],
          [
            -84.407417,
            33.776482
          ],
          [
            -84.407407,
            33.776472
          ],
          [
            -84.407398,
            33.776462
          ],
          [
            -84.407389,
            33.776451
          ],
          [
            -84.407379,
            33.776436
          ],
          [
            -84.407376,
            33.776431
          ],
          [
            -84.407371,
            33.776422
          ],
          [
            -84.407366,
            33.776412
          ],
          [
            -84.407359,
            33.776401
          ],
          [
            -84.407344,
            33.776382
          ],
          [
            -84.407337,
            33.776376
          ],
          [
            -84.407331,
            33.776369
          ],
          [
            -84.407321,
            33.776359
          ],
          [
            -84.40731,
            33.776348
          ],
          [
            -84.4073,
            33.776336
          ],
          [
            -84.407291,
            33.776324
          ],
          [
            -84.407282,
            33.776311
          ],
          [
            -84.407268,
            33.776292
          ],
          [
            -84.407263,
            33.776285
          ],
          [
            -84.407247,
            33.776264
          ],
          [
            -84.40724,
            33.776256
          ],
          [
            -84.407234,
            33.776247
          ],
          [
            -84.407225,
            33.776235
          ],
          [
            -84.407215,
            33.776222
          ],
          [
            -84.407199,
            33.776203
          ],
          [
            -84.407193,
            33.776196
          ],
          [
            -84.407186,
            33.776189
          ],
          [
            -84.407176,
            33.776181
          ],
          [
            -84.407168,
            33.776175
          ],
          [
            -84.407159,
            33.776168
          ],
          [
            -84.407149,
            33.776161
          ],
          [
            -84.407139,
            33.776152
          ],
          [
            -84.40713,
            33.776142
          ],
          [
            -84.407122,
            33.776132
          ],
          [
            -84.407116,
            33.776123
          ],
          [
            -84.407112,
            33.776119
          ],
          [
            -84.407111,
            33.776117
          ],
          [
            -84.40711,
            33.776118
          ],
          [
            -84.407109,
            33.776118
          ],
          [
            -84.407108,
            33.776119
          ],
          [
            -84.407107,
            33.776119
          ],
          [
            -84.407106,
            33.77612
          ],
          [
            -84.407104,
            33.776121
          ],
          [
            -84.407102,
            33.776121
          ],
          [
            -84.407099,
            33.776121
          ],
          [
            -84.407093,
            33.77612
          ],
          [
            -84.407085,
            33.776117
          ],
          [
            -84.407075,
            33.776111
          ],
          [
            -84.407062,
            33.776104
          ],
          [
            -84.407047,
            33.776098
          ],
          [
            -84.40703,
            33.776091
          ],
          [
            -84.407013,
            33.776086
          ],
          [
            -84.406996,
            33.776082
          ],
          [
            -84.406978,
            33.776078
          ],
          [
            -84.406961,
            33.776074
          ],
          [
            -84.406936,
            33.776066
          ],
          [
            -84.406928,
            33.776062
          ],
          [
            -84.406913,
            33.776055
          ],
          [
            -84.406899,
            33.776048
          ],
          [
            -84.406885,
            33.776041
          ],
          [
            -84.406873,
            33.776033
          ],
          [
            -84.406863,
            33.776023
          ],
          [
            -84.406855,
            33.776009
          ],
          [
            -84.406848,
            33.775995
          ],
          [
            -84.406843,
            33.77598
          ],
          [
            -84.406835,
            33.775955
          ],
          [
            -84.406832,
            33.775945
          ],
          [
            -84.406829,
            33.775935
          ],
          [
            -84.40682,
            33.775913
          ],
          [
            -84.406818,
            33.775906
          ],
          [
            -84.406812,
            33.775884
          ],
          [
            -84.406811,
            33.775874
          ],
          [
            -84.40681,
            33.775865
          ],
          [
            -84.406814,
            33.775844
          ],
          [
            -84.406815,
            33.775837
          ],
          [
            -84.406817,
            33.775824
          ],
          [
            -84.406816,
            33.77581
          ],
          [
            -84.406816,
            33.775797
          ],
          [
            -84.406814,
            33.775778
          ],
          [
            -84.406813,
            33.775772
          ],
          [
            -84.40681,
            33.775759
          ],
          [
            -84.406804,
            33.775746
          ],
          [
            -84.406797,
            33.775734
          ],
          [
            -84.406782,
            33.775717
          ],
          [
            -84.406774,
            33.775711
          ],
          [
            -84.406767,
            33.775705
          ],
          [
            -84.406754,
            33.775696
          ],
          [
            -84.406743,
            33.775686
          ],
          [
            -84.406732,
            33.775665
          ],
          [
            -84.406729,
            33.775656
          ],
          [
            -84.406727,
            33.775647
          ],
          [
            -84.406722,
            33.775627
          ],
          [
            -84.406721,
            33.77562
          ],
          [
            -84.406715,
            33.775596
          ],
          [
            -84.406712,
            33.775586
          ],
          [
            -84.40671,
            33.775576
          ],
          [
            -84.406706,
            33.775561
          ],
          [
            -84.4067,
            33.775547
          ],
          [
            -84.406694,
            33.775534
          ],
          [
            -84.406687,
            33.775521
          ],
          [
            -84.406681,
            33.775508
          ],
          [
            -84.406671,
            33.775489
          ],
          [
            -84.406668,
            33.775482
          ],
          [
            -84.406661,
            33.77547
          ],
          [
            -84.406654,
            33.775458
          ],
          [
            -84.406647,
            33.775446
          ],
          [
            -84.406641,
            33.775434
          ],
          [
            -84.406636,
            33.775422
          ],
          [
            -84.40663,
            33.775409
          ],
          [
            -84.406623,
            33.775396
          ],
          [
            -84.406616,
            33.775383
          ],
          [
            -84.406604,
            33.775361
          ],
          [
            -84.4066,
            33.775353
          ],
          [
            -84.406595,
            33.775344
          ],
          [
            -84.406585,
            33.775324
          ],
          [
            -84.406583,
            33.775317
          ],
          [
            -84.406577,
            33.775303
          ],
          [
            -84.406572,
            33.775289
          ],
          [
            -84.406565,
            33.775276
          ],
          [
            -84.406555,
            33.775255
          ],
          [
            -84.406552,
            33.775248
          ],
          [
            -84.406546,
            33.775234
          ],
          [
            -84.406541,
            33.77522
          ],
          [
            -84.406536,
            33.775205
          ],
          [
            -84.406528,
            33.775184
          ],
          [
            -84.406526,
            33.775177
          ],
          [
            -84.406519,
            33.775163
          ],
          [
            -84.406512,
            33.77515
          ],
          [
            -84.406505,
            33.775136
          ],
          [
            -84.406496,
            33.775116
          ],
          [
            -84.406493,
            33.775109
          ],
          [
            -84.406487,
            33.775096
          ],
          [
            -84.406482,
            33.775083
          ],
          [
            -84.406475,
            33.775069
          ],
          [
            -84.406463,
            33.775048
          ],
          [
            -84.406458,
            33.775039
          ],
          [
            -84.406453,
            33.775031
          ],
          [
            -84.406446,
            33.775018
          ],
          [
            -84.40644,
            33.775005
          ],
          [
            -84.406427,
            33.774983
          ],
          [
            -84.406423,
            33.774975
          ],
          [
            -84.406418,
            33.774966
          ],
          [
            -84.406412,
            33.774953
          ],
          [
            -84.406406,
            33.774939
          ],
          [
            -84.406397,
            33.774917
          ],
          [
            -84.406393,
            33.774907
          ],
          [
            -84.40639,
            33.774898
          ],
          [
            -84.406382,
            33.774878
          ],
          [
            -84.40638,
            33.774871
          ],
          [
            -84.406373,
            33.774857
          ],
          [
            -84.406367,
            33.774844
          ],
          [
            -84.40636,
            33.774832
          ],
          [
            -84.406353,
            33.774819
          ],
          [
            -84.406345,
            33.774807
          ],
          [
            -84.406334,
            33.774785
          ],
          [
            -84.40633,
            33.774776
          ],
          [
            -84.406326,
            33.774767
          ],
          [
            -84.406319,
            33.774755
          ],
          [
            -84.406311,
            33.774743
          ],
          [
            -84.406304,
            33.774731
          ],
          [
            -84.406296,
            33.774716
          ],
          [
            -84.406294,
            33.774711
          ],
          [
            -84.406281,
            33.774693
          ],
          [
            -84.406274,
            33.774685
          ],
          [
            -84.406266,
            33.774676
          ],
          [
            -84.406259,
            33.774668
          ],
          [
            -84.406252,
            33.774659
          ],
          [
            -84.406233,
            33.774639
          ],
          [
            -84.406224,
            33.77463
          ],
          [
            -84.406216,
            33.774621
          ],
          [
            -84.406207,
            33.774612
          ],
          [
            -84.406199,
            33.774603
          ],
          [
            -84.406189,
            33.774591
          ],
          [
            -84.406179,
            33.77458
          ],
          [
            -84.406169,
            33.774567
          ],
          [
            -84.406155,
            33.774549
          ],
          [
            -84.406151,
            33.774543
          ],
          [
            -84.40614,
            33.774532
          ],
          [
            -84.40613,
            33.774521
          ],
          [
            -84.40612,
            33.77451
          ],
          [
            -84.406105,
            33.774493
          ],
          [
            -84.406101,
            33.774487
          ],
          [
            -84.406093,
            33.774475
          ],
          [
            -84.406084,
            33.774463
          ],
          [
            -84.406076,
            33.774451
          ],
          [
            -84.406066,
            33.774439
          ],
          [
            -84.406057,
            33.774427
          ],
          [
            -84.406047,
            33.774416
          ],
          [
            -84.406037,
            33.774404
          ],
          [
            -84.406027,
            33.774392
          ],
          [
            -84.406011,
            33.774371
          ],
          [
            -84.406004,
            33.774363
          ],
          [
            -84.405998,
            33.774354
          ],
          [
            -84.405983,
            33.774336
          ],
          [
            -84.405978,
            33.774329
          ],
          [
            -84.405959,
            33.77431
          ],
          [
            -84.40595,
            33.774303
          ],
          [
            -84.405942,
            33.774296
          ],
          [
            -84.405922,
            33.774282
          ],
          [
            -84.405915,
            33.774278
          ],
          [
            -84.405891,
            33.774264
          ],
          [
            -84.405881,
            33.774259
          ],
          [
            -84.405872,
            33.774253
          ],
          [
            -84.405859,
            33.774244
          ],
          [
            -84.405847,
            33.774235
          ],
          [
            -84.405836,
            33.774224
          ],
          [
            -84.405826,
            33.774213
          ],
          [
            -84.405815,
            33.774201
          ],
          [
            -84.405796,
            33.774182
          ],
          [
            -84.405789,
            33.774174
          ],
          [
            -84.405781,
            33.774167
          ],
          [
            -84.405763,
            33.774151
          ],
          [
            -84.405757,
            33.774146
          ],
          [
            -84.405744,
            33.774137
          ],
          [
            -84.405731,
            33.774128
          ],
          [
            -84.405717,
            33.774119
          ],
          [
            -84.405702,
            33.77411
          ],
          [
            -84.405688,
            33.774102
          ],
          [
            -84.405665,
            33.774089
          ],
          [
            -84.405656,
            33.774083
          ],
          [
            -84.405647,
            33.774078
          ],
          [
            -84.405633,
            33.774069
          ],
          [
            -84.40562,
            33.774061
          ],
          [
            -84.405606,
            33.774053
          ],
          [
            -84.405591,
            33.774047
          ],
          [
            -84.405575,
            33.774041
          ],
          [
            -84.40555,
            33.774034
          ],
          [
            -84.405542,
            33.774031
          ],
          [
            -84.405524,
            33.774027
          ],
          [
            -84.405506,
            33.774023
          ],
          [
            -84.405488,
            33.774018
          ],
          [
            -84.40546,
            33.774009
          ],
          [
            -84.40545,
            33.774005
          ],
          [
            -84.405439,
            33.774001
          ],
          [
            -84.405422,
            33.773996
          ],
          [
            -84.405406,
            33.77399
          ],
          [
            -84.405378,
            33.773981
          ],
          [
            -84.405367,
            33.773978
          ],
          [
            -84.405356,
            33.773974
          ],
          [
            -84.405331,
            33.773967
          ],
          [
            -84.405323,
            33.773964
          ],
          [
            -84.405294,
            33.773956
          ],
          [
            -84.405282,
            33.773952
          ],
          [
            -84.40527,
            33.773949
          ],
          [
            -84.405252,
            33.773944
          ],
          [
            -84.405234,
            33.773939
          ],
          [
            -84.405205,
            33.773929
          ],
          [
            -84.405193,
            33.773924
          ],
          [
            -84.405181,
            33.77392
          ],
          [
            -84.405154,
            33.773909
          ],
          [
            -84.405145,
            33.773905
          ],
          [
            -84.405116,
            33.773894
          ],
          [
            -84.405105,
            33.773889
          ],
          [
            -84.405093,
            33.773885
          ],
          [
            -84.405075,
            33.773879
          ],
          [
            -84.405058,
            33.773873
          ],
          [
            -84.405026,
            33.773863
          ],
          [
            -84.405012,
            33.773858
          ],
          [
            -84.404999,
            33.773854
          ],
          [
            -84.40497,
            33.773843
          ],
          [
            -84.404958,
            33.773838
          ],
          [
            -84.404947,
            33.773834
          ],
          [
            -84.404922,
            33.773824
          ],
          [
            -84.404914,
            33.77382
          ],
          [
            -84.404887,
            33.77381
          ],
          [
            -84.404876,
            33.773807
          ],
          [
            -84.404865,
            33.773803
          ],
          [
            -84.404848,
            33.773798
          ],
          [
            -84.404832,
            33.773793
          ],
          [
            -84.404805,
            33.773784
          ],
          [
            -84.404795,
            33.77378
          ],
          [
            -84.404784,
            33.773776
          ],
          [
            -84.404768,
            33.773771
          ],
          [
            -84.404751,
            33.773767
          ],
          [
            -84.404724,
            33.773759
          ],
          [
            -84.404713,
            33.773755
          ],
          [
            -84.404702,
            33.773752
          ],
          [
            -84.404687,
            33.773746
          ],
          [
            -84.404671,
            33.77374
          ],
          [
            -84.404656,
            33.773733
          ],
          [
            -84.40464,
            33.773727
          ],
          [
            -84.404625,
            33.773721
          ],
          [
            -84.404609,
            33.773714
          ],
          [
            -84.404593,
            33.773708
          ],
          [
            -84.404578,
            33.773702
          ],
          [
            -84.404554,
            33.773693
          ],
          [
            -84.404546,
            33.77369
          ],
          [
            -84.404531,
            33.773684
          ],
          [
            -84.404516,
            33.773677
          ],
          [
            -84.404502,
            33.77367
          ],
          [
            -84.404487,
            33.773663
          ],
          [
            -84.404471,
            33.773658
          ],
          [
            -84.404447,
            33.773648
          ],
          [
            -84.404438,
            33.773645
          ],
          [
            -84.404429,
            33.773641
          ],
          [
            -84.40442,
            33.773638
          ],
          [
            -84.404417,
            33.773637
          ],
          [
            -84.404418,
            33.773638
          ],
          [
            -84.404421,
            33.773639
          ],
          [
            -84.404423,
            33.773641
          ],
          [
            -84.404425,
            33.773642
          ],
          [
            -84.404426,
            33.773642
          ],
          [
            -84.404425,
            33.773642
          ],
          [
            -84.404421,
            33.77364
          ],
          [
            -84.404415,
            33.773638
          ],
          [
            -84.404406,
            33.773633
          ],
          [
            -84.404396,
            33.773628
          ],
          [
            -84.404384,
            33.773621
          ],
          [
            -84.404371,
            33.773614
          ],
          [
            -84.404356,
            33.773608
          ],
          [
            -84.404341,
            33.773602
          ],
          [
            -84.404325,
            33.773596
          ],
          [
            -84.404311,
            33.77359
          ],
          [
            -84.404298,
            33.773584
          ],
          [
            -84.404285,
            33.773578
          ],
          [
            -84.404271,
            33.773573
          ],
          [
            -84.404256,
            33.773567
          ],
          [
            -84.40424,
            33.773561
          ],
          [
            -84.404224,
            33.773555
          ],
          [
            -84.404209,
            33.773549
          ],
          [
            -84.404183,
            33.773539
          ],
          [
            -84.404173,
            33.773534
          ],
          [
            -84.404163,
            33.77353
          ],
          [
            -84.404149,
            33.773522
          ],
          [
            -84.404135,
            33.773515
          ],
          [
            -84.404112,
            33.773503
          ],
          [
            -84.404102,
            33.773499
          ],
          [
            -84.404093,
            33.773495
          ],
          [
            -84.404078,
            33.77349
          ],
          [
            -84.404065,
            33.773486
          ],
          [
            -84.404054,
            33.773483
          ],
          [
            -84.404046,
            33.77348
          ],
          [
            -84.404037,
            33.773477
          ],
          [
            -84.404017,
            33.773467
          ],
          [
            -84.404006,
            33.773462
          ],
          [
            -84.403995,
            33.773456
          ],
          [
            -84.403984,
            33.773451
          ],
          [
            -84.403973,
            33.773446
          ],
          [
            -84.403957,
            33.77344
          ],
          [
            -84.40394,
            33.773433
          ],
          [
            -84.403924,
            33.773427
          ],
          [
            -84.403898,
            33.773418
          ],
          [
            -84.403889,
            33.773415
          ],
          [
            -84.40386,
            33.773407
          ],
          [
            -84.403849,
            33.773404
          ],
          [
            -84.403837,
            33.773401
          ],
          [
            -84.40381,
            33.773395
          ],
          [
            -84.403801,
            33.773393
          ],
          [
            -84.403772,
            33.773385
          ],
          [
            -84.40376,
            33.773381
          ],
          [
            -84.403749,
            33.773378
          ],
          [
            -84.403723,
            33.773371
          ],
          [
            -84.403715,
            33.773369
          ],
          [
            -84.403698,
            33.773365
          ],
          [
            -84.403681,
            33.773361
          ],
          [
            -84.403664,
            33.773357
          ],
          [
            -84.403647,
            33.773353
          ],
          [
            -84.40363,
            33.773349
          ],
          [
            -84.403614,
            33.773345
          ],
          [
            -84.40359,
            33.773339
          ],
          [
            -84.403583,
            33.773336
          ],
          [
            -84.403567,
            33.773332
          ],
          [
            -84.403552,
            33.773327
          ],
          [
            -84.403536,
            33.773323
          ],
          [
            -84.403521,
            33.773321
          ],
          [
            -84.403505,
            33.773318
          ],
          [
            -84.403477,
            33.773314
          ],
          [
            -84.403465,
            33.773311
          ],
          [
            -84.403454,
            33.773309
          ],
          [
            -84.403429,
            33.773303
          ],
          [
            -84.403421,
            33.7733
          ],
          [
            -84.403394,
            33.773292
          ],
          [
            -84.403384,
            33.773289
          ],
          [
            -84.403373,
            33.773286
          ],
          [
            -84.403349,
            33.773279
          ],
          [
            -84.403341,
            33.773277
          ],
          [
            -84.403325,
            33.773272
          ],
          [
            -84.40331,
            33.773267
          ],
          [
            -84.403294,
            33.773262
          ],
          [
            -84.403278,
            33.773257
          ],
          [
            -84.403263,
            33.773252
          ],
          [
            -84.403248,
            33.773248
          ],
          [
            -84.403234,
            33.773244
          ],
          [
            -84.403221,
            33.77324
          ],
          [
            -84.403207,
            33.773236
          ],
          [
            -84.403192,
            33.773232
          ],
          [
            -84.403176,
            33.773228
          ],
          [
            -84.403152,
            33.773222
          ],
          [
            -84.403144,
            33.773219
          ],
          [
            -84.403129,
            33.773213
          ],
          [
            -84.403113,
            33.773207
          ],
          [
            -84.403098,
            33.773201
          ],
          [
            -84.403076,
            33.773194
          ],
          [
            -84.403069,
            33.773191
          ],
          [
            -84.403055,
            33.773187
          ],
          [
            -84.403041,
            33.773182
          ],
          [
            -84.403027,
            33.773176
          ],
          [
            -84.403014,
            33.773169
          ],
          [
            -84.403001,
            33.773162
          ],
          [
            -84.402987,
            33.773154
          ],
          [
            -84.402973,
            33.773147
          ],
          [
            -84.402959,
            33.773141
          ],
          [
            -84.402944,
            33.773135
          ],
          [
            -84.402928,
            33.77313
          ],
          [
            -84.402902,
            33.773124
          ],
          [
            -84.402891,
            33.773121
          ],
          [
            -84.402881,
            33.773119
          ],
          [
            -84.402866,
            33.773115
          ],
          [
            -84.402851,
            33.773109
          ],
          [
            -84.402836,
            33.773104
          ],
          [
            -84.402822,
            33.773098
          ],
          [
            -84.402807,
            33.773094
          ],
          [
            -84.402793,
            33.773088
          ],
          [
            -84.402779,
            33.773083
          ],
          [
            -84.402765,
            33.773077
          ],
          [
            -84.402751,
            33.773072
          ],
          [
            -84.402736,
            33.773066
          ],
          [
            -84.40271,
            33.773056
          ],
          [
            -84.402699,
            33.773051
          ],
          [
            -84.402689,
            33.773047
          ],
          [
            -84.402674,
            33.773041
          ],
          [
            -84.402659,
            33.773034
          ],
          [
            -84.402643,
            33.773028
          ],
          [
            -84.402627,
            33.773022
          ],
          [
            -84.402612,
            33.773016
          ],
          [
            -84.402588,
            33.773006
          ],
          [
            -84.402581,
            33.773003
          ],
          [
            -84.402553,
            33.772994
          ],
          [
            -84.402543,
            33.772989
          ],
          [
            -84.402532,
            33.772985
          ],
          [
            -84.402507,
            33.772975
          ],
          [
            -84.402496,
            33.77297
          ],
          [
            -84.402486,
            33.772966
          ],
          [
            -84.402471,
            33.772961
          ],
          [
            -84.402456,
            33.772955
          ],
          [
            -84.402441,
            33.77295
          ],
          [
            -84.402427,
            33.772945
          ],
          [
            -84.402414,
            33.77294
          ],
          [
            -84.402396,
            33.77293
          ],
          [
            -84.40239,
            33.772927
          ],
          [
            -84.402378,
            33.772919
          ],
          [
            -84.402365,
            33.772912
          ],
          [
            -84.402352,
            33.772903
          ],
          [
            -84.402332,
            33.772889
          ],
          [
            -84.402325,
            33.772884
          ],
          [
            -84.402312,
            33.772875
          ],
          [
            -84.402298,
            33.772865
          ],
          [
            -84.402285,
            33.772855
          ],
          [
            -84.402265,
            33.77284
          ],
          [
            -84.402259,
            33.772835
          ],
          [
            -84.402246,
            33.772825
          ],
          [
            -84.402233,
            33.772815
          ],
          [
            -84.402219,
            33.772805
          ],
          [
            -84.402205,
            33.772796
          ],
          [
            -84.402191,
            33.772787
          ],
          [
            -84.402176,
            33.772779
          ],
          [
            -84.402161,
            33.77277
          ],
          [
            -84.402147,
            33.77276
          ],
          [
            -84.402125,
            33.772745
          ],
          [
            -84.402116,
            33.772739
          ],
          [
            -84.402107,
            33.772733
          ],
          [
            -84.402087,
            33.77272
          ],
          [
            -84.40208,
            33.772715
          ],
          [
            -84.402058,
            33.772701
          ],
          [
            -84.402049,
            33.772695
          ],
          [
            -84.40204,
            33.772689
          ],
          [
            -84.402027,
            33.772681
          ],
          [
            -84.402013,
            33.772672
          ],
          [
            -84.401999,
            33.772663
          ],
          [
            -84.401984,
            33.772655
          ],
          [
            -84.401969,
            33.772646
          ],
          [
            -84.401947,
            33.772634
          ],
          [
            -84.40194,
            33.772629
          ],
          [
            -84.401926,
            33.772621
          ],
          [
            -84.401912,
            33.772612
          ],
          [
            -84.401898,
            33.772603
          ],
          [
            -84.40188,
            33.772591
          ],
          [
            -84.401874,
            33.772586
          ],
          [
            -84.401855,
            33.772571
          ],
          [
            -84.401847,
            33.772566
          ],
          [
            -84.401839,
            33.77256
          ],
          [
            -84.401827,
            33.772551
          ],
          [
            -84.401814,
            33.772543
          ],
          [
            -84.401802,
            33.772533
          ],
          [
            -84.401782,
            33.77252
          ],
          [
            -84.401776,
            33.772515
          ],
          [
            -84.401763,
            33.772506
          ],
          [
            -84.401751,
            33.772497
          ],
          [
            -84.401739,
            33.772488
          ],
          [
            -84.401719,
            33.772475
          ],
          [
            -84.401712,
            33.772471
          ],
          [
            -84.401698,
            33.772463
          ],
          [
            -84.401685,
            33.772455
          ],
          [
            -84.401671,
            33.772447
          ],
          [
            -84.40165,
            33.772436
          ],
          [
            -84.401644,
            33.772432
          ],
          [
            -84.401631,
            33.772425
          ],
          [
            -84.401618,
            33.772418
          ],
          [
            -84.401605,
            33.772412
          ],
          [
            -84.401594,
            33.772405
          ],
          [
            -84.401583,
            33.772398
          ],
          [
            -84.401572,
            33.77239
          ],
          [
            -84.40156,
            33.772381
          ],
          [
            -84.401549,
            33.772372
          ],
          [
            -84.401534,
            33.772356
          ],
          [
            -84.401529,
            33.77235
          ],
          [
            -84.40151,
            33.772333
          ],
          [
            -84.401501,
            33.772326
          ],
          [
            -84.401492,
            33.77232
          ],
          [
            -84.401467,
            33.772306
          ],
          [
            -84.401458,
            33.772301
          ],
          [
            -84.401448,
            33.772295
          ],
          [
            -84.401436,
            33.772285
          ],
          [
            -84.401425,
            33.772276
          ],
          [
            -84.401415,
            33.772266
          ],
          [
            -84.401406,
            33.772255
          ],
          [
            -84.401396,
            33.772245
          ],
          [
            -84.401386,
            33.772235
          ],
          [
            -84.401377,
            33.772225
          ],
          [
            -84.401369,
            33.772215
          ],
          [
            -84.40136,
            33.772206
          ],
          [
            -84.401352,
            33.772197
          ],
          [
            -84.401342,
            33.772186
          ],
          [
            -84.401333,
            33.772176
          ],
          [
            -84.401324,
            33.772166
          ],
          [
            -84.401315,
            33.772158
          ],
          [
            -84.401305,
            33.772152
          ],
          [
            -84.401294,
            33.772145
          ],
          [
            -84.401282,
            33.772138
          ],
          [
            -84.40127,
            33.77213
          ],
          [
            -84.401257,
            33.772122
          ],
          [
            -84.401244,
            33.772113
          ],
          [
            -84.401231,
            33.772103
          ],
          [
            -84.401217,
            33.772092
          ],
          [
            -84.401204,
            33.772081
          ],
          [
            -84.401184,
            33.772063
          ],
          [
            -84.401178,
            33.772057
          ],
          [
            -84.401154,
            33.772039
          ],
          [
            -84.401145,
            33.772032
          ],
          [
            -84.401136,
            33.772025
          ],
          [
            -84.401124,
            33.772013
          ],
          [
            -84.401113,
            33.772002
          ],
          [
            -84.401095,
            33.771982
          ],
          [
            -84.401087,
            33.771975
          ],
          [
            -84.40108,
            33.771967
          ],
          [
            -84.401063,
            33.771951
          ],
          [
            -84.401058,
            33.771945
          ],
          [
            -84.401039,
            33.771928
          ],
          [
            -84.401031,
            33.771922
          ],
          [
            -84.401022,
            33.771915
          ],
          [
            -84.401014,
            33.771909
          ],
          [
            -84.401006,
            33.771902
          ],
          [
            -84.400988,
            33.771887
          ],
          [
            -84.400978,
            33.771879
          ],
          [
            -84.400969,
            33.771872
          ],
          [
            -84.40096,
            33.771864
          ],
          [
            -84.40095,
            33.771857
          ],
          [
            -84.400941,
            33.771849
          ],
          [
            -84.400924,
            33.771836
          ],
          [
            -84.400919,
            33.771831
          ],
          [
            -84.400908,
            33.771822
          ],
          [
            -84.400896,
            33.771811
          ],
          [
            -84.400884,
            33.771802
          ],
          [
            -84.400864,
            33.771788
          ],
          [
            -84.400858,
            33.771783
          ],
          [
            -84.400836,
            33.771766
          ],
          [
            -84.400827,
            33.771758
          ],
          [
            -84.400818,
            33.771751
          ],
          [
            -84.400799,
            33.771735
          ],
          [
            -84.400793,
            33.771729
          ],
          [
            -84.400781,
            33.771718
          ],
          [
            -84.40077,
            33.771707
          ],
          [
            -84.400758,
            33.771695
          ],
          [
            -84.400741,
            33.771679
          ],
          [
            -84.400736,
            33.771673
          ],
          [
            -84.400719,
            33.771655
          ],
          [
            -84.400711,
            33.771648
          ],
          [
            -84.400704,
            33.771641
          ],
          [
            -84.400693,
            33.77163
          ],
          [
            -84.400683,
            33.77162
          ],
          [
            -84.400663,
            33.771601
          ],
          [
            -84.400656,
            33.771593
          ],
          [
            -84.400648,
            33.771586
          ],
          [
            -84.400638,
            33.771577
          ],
          [
            -84.400626,
            33.771568
          ],
          [
            -84.400614,
            33.771559
          ],
          [
            -84.400603,
            33.77155
          ],
          [
            -84.400593,
            33.77154
          ],
          [
            -84.400577,
            33.771523
          ],
          [
            -84.400571,
            33.771515
          ],
          [
            -84.400564,
            33.771508
          ],
          [
            -84.400554,
            33.771496
          ],
          [
            -84.400544,
            33.771485
          ],
          [
            -84.400534,
            33.771475
          ],
          [
            -84.400524,
            33.771464
          ],
          [
            -84.400514,
            33.771453
          ],
          [
            -84.400498,
            33.77144
          ],
          [
            -84.400493,
            33.771435
          ],
          [
            -84.400481,
            33.771427
          ],
          [
            -84.40047,
            33.771419
          ],
          [
            -84.400458,
            33.771411
          ],
          [
            -84.400447,
            33.771402
          ],
          [
            -84.400435,
            33.771393
          ],
          [
            -84.400424,
            33.771383
          ],
          [
            -84.400412,
            33.771373
          ],
          [
            -84.400401,
            33.771364
          ],
          [
            -84.40039,
            33.771354
          ],
          [
            -84.400379,
            33.771344
          ],
          [
            -84.400368,
            33.771334
          ],
          [
            -84.400357,
            33.771324
          ],
          [
            -84.400346,
            33.771314
          ],
          [
            -84.400335,
            33.771303
          ],
          [
            -84.400324,
            33.771293
          ],
          [
            -84.400312,
            33.771282
          ],
          [
            -84.4003,
            33.771272
          ],
          [
            -84.400289,
            33.771262
          ],
          [
            -84.400271,
            33.771244
          ],
          [
            -84.400264,
            33.771238
          ],
          [
            -84.400257,
            33.771231
          ],
          [
            -84.400247,
            33.771222
          ],
          [
            -84.400235,
            33.771212
          ],
          [
            -84.400217,
            33.771196
          ],
          [
            -84.400211,
            33.77119
          ],
          [
            -84.400204,
            33.771183
          ],
          [
            -84.400193,
            33.771173
          ],
          [
            -84.400182,
            33.771162
          ],
          [
            -84.400162,
            33.771144
          ],
          [
            -84.400155,
            33.771136
          ],
          [
            -84.400147,
            33.771129
          ],
          [
            -84.400137,
            33.771118
          ],
          [
            -84.400126,
            33.771107
          ],
          [
            -84.400107,
            33.771089
          ],
          [
            -84.4001,
            33.771081
          ],
          [
            -84.400092,
            33.771074
          ],
          [
            -84.400072,
            33.771057
          ],
          [
            -84.400065,
            33.77105
          ],
          [
            -84.400057,
            33.771044
          ],
          [
            -84.400044,
            33.771034
          ],
          [
            -84.400032,
            33.771024
          ],
          [
            -84.400014,
            33.771007
          ],
          [
            -84.400008,
            33.771001
          ],
          [
            -84.400002,
            33.770994
          ],
          [
            -84.399994,
            33.770985
          ],
          [
            -84.399986,
            33.770977
          ],
          [
            -84.399977,
            33.770969
          ],
          [
            -84.399968,
            33.770961
          ],
          [
            -84.399958,
            33.770952
          ],
          [
            -84.399942,
            33.770938
          ],
          [
            -84.399937,
            33.770933
          ],
          [
            -84.399927,
            33.770923
          ],
          [
            -84.399917,
            33.770912
          ],
          [
            -84.399906,
            33.770902
          ],
          [
            -84.399889,
            33.770887
          ],
          [
            -84.399884,
            33.770882
          ],
          [
            -84.399874,
            33.770872
          ],
          [
            -84.399863,
            33.770863
          ],
          [
            -84.399853,
            33.770853
          ],
          [
            -84.399841,
            33.770844
          ],
          [
            -84.399828,
            33.770834
          ],
          [
            -84.399815,
            33.770825
          ],
          [
            -84.399796,
            33.770812
          ],
          [
            -84.39979,
            33.770808
          ],
          [
            -84.399779,
            33.7708
          ],
          [
            -84.399768,
            33.770792
          ],
          [
            -84.399757,
            33.770784
          ],
          [
            -84.399746,
            33.770774
          ],
          [
            -84.399736,
            33.770765
          ],
          [
            -84.399726,
            33.770755
          ],
          [
            -84.399717,
            33.770744
          ],
          [
            -84.399707,
            33.770732
          ],
          [
            -84.39969,
            33.770714
          ],
          [
            -84.399685,
            33.770708
          ],
          [
            -84.399663,
            33.770688
          ],
          [
            -84.399655,
            33.770681
          ],
          [
            -84.399646,
            33.770673
          ],
          [
            -84.399628,
            33.770656
          ],
          [
            -84.399622,
            33.77065
          ],
          [
            -84.39961,
            33.770638
          ],
          [
            -84.399598,
            33.770626
          ],
          [
            -84.399586,
            33.770614
          ],
          [
            -84.399566,
            33.770593
          ],
          [
            -84.399557,
            33.770584
          ],
          [
            -84.399547,
            33.770575
          ],
          [
            -84.399538,
            33.770566
          ],
          [
            -84.399529,
            33.770557
          ],
          [
            -84.399509,
            33.77054
          ],
          [
            -84.3995,
            33.770533
          ],
          [
            -84.399492,
            33.770526
          ],
          [
            -84.399474,
            33.770511
          ],
          [
            -84.399468,
            33.770506
          ],
          [
            -84.399457,
            33.770497
          ],
          [
            -84.399446,
            33.770488
          ],
          [
            -84.399436,
            33.770478
          ],
          [
            -84.399418,
            33.770463
          ],
          [
            -84.399413,
            33.770457
          ],
          [
            -84.399395,
            33.770439
          ],
          [
            -84.399388,
            33.770432
          ],
          [
            -84.399381,
            33.770425
          ],
          [
            -84.399371,
            33.770413
          ],
          [
            -84.39936,
            33.770402
          ],
          [
            -84.399349,
            33.770391
          ],
          [
            -84.399338,
            33.77038
          ],
          [
            -84.399328,
            33.770369
          ],
          [
            -84.399318,
            33.770357
          ],
          [
            -84.399307,
            33.770347
          ],
          [
            -84.399287,
            33.770332
          ],
          [
            -84.399279,
            33.770326
          ],
          [
            -84.399271,
            33.77032
          ],
          [
            -84.399259,
            33.770311
          ],
          [
            -84.399246,
            33.770303
          ],
          [
            -84.399233,
            33.770294
          ],
          [
            -84.399214,
            33.77028
          ],
          [
            -84.399208,
            33.770275
          ],
          [
            -84.399196,
            33.770266
          ],
          [
            -84.399184,
            33.770256
          ],
          [
            -84.399172,
            33.770246
          ],
          [
            -84.39916,
            33.770236
          ],
          [
            -84.399149,
            33.770225
          ],
          [
            -84.399129,
            33.770208
          ],
          [
            -84.39912,
            33.770202
          ],
          [
            -84.399112,
            33.770195
          ],
          [
            -84.3991,
            33.770186
          ],
          [
            -84.399088,
            33.770175
          ],
          [
            -84.399076,
            33.770164
          ],
          [
            -84.399065,
            33.770153
          ],
          [
            -84.399055,
            33.770142
          ],
          [
            -84.39904,
            33.770125
          ],
          [
            -84.399035,
            33.770119
          ],
          [
            -84.399017,
            33.770099
          ],
          [
            -84.399011,
            33.770092
          ],
          [
            -84.399004,
            33.770084
          ],
          [
            -84.398994,
            33.770072
          ],
          [
            -84.398983,
            33.770061
          ],
          [
            -84.398972,
            33.77005
          ],
          [
            -84.398957,
            33.770033
          ],
          [
            -84.398952,
            33.770027
          ],
          [
            -84.398936,
            33.770008
          ],
          [
            -84.398931,
            33.77
          ],
          [
            -84.398925,
            33.769993
          ],
          [
            -84.398917,
            33.769982
          ],
          [
            -84.398909,
            33.769971
          ],
          [
            -84.398896,
            33.769951
          ],
          [
            -84.39889,
            33.769942
          ],
          [
            -84.398885,
            33.769934
          ],
          [
            -84.398871,
            33.769913
          ],
          [
            -84.398865,
            33.769903
          ],
          [
            -84.39886,
            33.769894
          ],
          [
            -84.398854,
            33.769884
          ],
          [
            -84.398848,
            33.769875
          ],
          [
            -84.398839,
            33.769863
          ],
          [
            -84.39883,
            33.769852
          ],
          [
            -84.398817,
            33.769832
          ],
          [
            -84.398811,
            33.769825
          ],
          [
            -84.398806,
            33.769817
          ],
          [
            -84.398799,
            33.769806
          ],
          [
            -84.398792,
            33.769794
          ],
          [
            -84.398786,
            33.769784
          ],
          [
            -84.39878,
            33.769774
          ],
          [
            -84.398774,
            33.769764
          ],
          [
            -84.39876,
            33.769745
          ],
          [
            -84.398755,
            33.769736
          ],
          [
            -84.398749,
            33.769728
          ],
          [
            -84.39874,
            33.769716
          ],
          [
            -84.398731,
            33.769703
          ],
          [
            -84.398715,
            33.769684
          ],
          [
            -84.398709,
            33.769676
          ],
          [
            -84.398702,
            33.769668
          ],
          [
            -84.398694,
            33.769656
          ],
          [
            -84.398686,
            33.769643
          ],
          [
            -84.398674,
            33.769622
          ],
          [
            -84.39867,
            33.769613
          ],
          [
            -84.398666,
            33.769604
          ],
          [
            -84.398657,
            33.769585
          ],
          [
            -84.398654,
            33.769578
          ],
          [
            -84.398647,
            33.769565
          ],
          [
            -84.398641,
            33.769553
          ],
          [
            -84.398635,
            33.76954
          ],
          [
            -84.398629,
            33.769521
          ],
          [
            -84.398628,
            33.769514
          ],
          [
            -84.398624,
            33.769501
          ],
          [
            -84.398619,
            33.76949
          ],
          [
            -84.398613,
            33.769479
          ],
          [
            -84.398607,
            33.769468
          ],
          [
            -84.3986,
            33.769457
          ],
          [
            -84.398594,
            33.769447
          ],
          [
            -84.39859,
            33.769437
          ],
          [
            -84.398588,
            33.769426
          ],
          [
            -84.398586,
            33.769415
          ],
          [
            -84.398584,
            33.769402
          ],
          [
            -84.398582,
            33.76939
          ],
          [
            -84.398579,
            33.769378
          ],
          [
            -84.398576,
            33.769367
          ],
          [
            -84.398572,
            33.769355
          ],
          [
            -84.398569,
            33.769344
          ],
          [
            -84.398567,
            33.769333
          ],
          [
            -84.398565,
            33.76932
          ],
          [
            -84.398563,
            33.769307
          ],
          [
            -84.39856,
            33.769285
          ],
          [
            -84.398558,
            33.769277
          ],
          [
            -84.398557,
            33.769268
          ],
          [
            -84.398554,
            33.769256
          ],
          [
            -84.398551,
            33.769243
          ],
          [
            -84.398544,
            33.76922
          ],
          [
            -84.39854,
            33.769211
          ],
          [
            -84.398537,
            33.769202
          ],
          [
            -84.39853,
            33.769178
          ],
          [
            -84.398527,
            33.769169
          ],
          [
            -84.398524,
            33.769159
          ],
          [
            -84.398518,
            33.769139
          ],
          [
            -84.398516,
            33.769132
          ],
          [
            -84.398512,
            33.769119
          ],
          [
            -84.398507,
            33.769108
          ],
          [
            -84.398503,
            33.769096
          ],
          [
            -84.3985,
            33.769085
          ],
          [
            -84.398499,
            33.769075
          ],
          [
            -84.398497,
            33.769064
          ],
          [
            -84.398494,
            33.769054
          ],
          [
            -84.39849,
            33.769043
          ],
          [
            -84.398486,
            33.769032
          ],
          [
            -84.398482,
            33.76902
          ],
          [
            -84.398477,
            33.769008
          ],
          [
            -84.398472,
            33.768996
          ],
          [
            -84.398465,
            33.768984
          ],
          [
            -84.398452,
            33.768965
          ],
          [
            -84.398448,
            33.768958
          ],
          [
            -84.398439,
            33.768945
          ],
          [
            -84.398429,
            33.768932
          ],
          [
            -84.39842,
            33.768919
          ],
          [
            -84.398407,
            33.768901
          ],
          [
            -84.398403,
            33.768894
          ],
          [
            -84.398389,
            33.768871
          ],
          [
            -84.398383,
            33.768862
          ],
          [
            -84.398377,
            33.768852
          ],
          [
            -84.398368,
            33.768838
          ],
          [
            -84.398359,
            33.768824
          ],
          [
            -84.398351,
            33.768812
          ],
          [
            -84.398339,
            33.768793
          ],
          [
            -84.398336,
            33.768787
          ],
          [
            -84.398325,
            33.768767
          ],
          [
            -84.39832,
            33.768758
          ],
          [
            -84.398316,
            33.76875
          ],
          [
            -84.39831,
            33.768737
          ],
          [
            -84.398304,
            33.768724
          ],
          [
            -84.398299,
            33.76871
          ],
          [
            -84.398294,
            33.768696
          ],
          [
            -84.398289,
            33.768682
          ],
          [
            -84.398284,
            33.768667
          ],
          [
            -84.398281,
            33.768653
          ],
          [
            -84.398278,
            33.768628
          ],
          [
            -84.398276,
            33.768618
          ],
          [
            -84.398275,
            33.768608
          ],
          [
            -84.398272,
            33.768586
          ],
          [
            -84.398271,
            33.768579
          ],
          [
            -84.398269,
            33.768565
          ],
          [
            -84.398267,
            33.768553
          ],
          [
            -84.398264,
            33.76854
          ],
          [
            -84.398259,
            33.768527
          ],
          [
            -84.398254,
            33.768514
          ],
          [
            -84.398248,
            33.7685
          ],
          [
            -84.398243,
            33.768486
          ],
          [
            -84.398238,
            33.768473
          ],
          [
            -84.39823,
            33.768452
          ],
          [
            -84.398228,
            33.768443
          ],
          [
            -84.398225,
            33.768435
          ],
          [
            -84.398219,
            33.768411
          ],
          [
            -84.398217,
            33.7684
          ],
          [
            -84.398214,
            33.768388
          ],
          [
            -84.398212,
            33.768377
          ],
          [
            -84.39821,
            33.768366
          ],
          [
            -84.398207,
            33.768355
          ],
          [
            -84.398204,
            33.768344
          ],
          [
            -84.398195,
            33.768322
          ],
          [
            -84.39819,
            33.768312
          ],
          [
            -84.398186,
            33.768301
          ],
          [
            -84.398181,
            33.768291
          ],
          [
            -84.398177,
            33.76828
          ],
          [
            -84.398171,
            33.768266
          ],
          [
            -84.398166,
            33.768253
          ],
          [
            -84.398161,
            33.768239
          ],
          [
            -84.398152,
            33.768215
          ],
          [
            -84.398149,
            33.768205
          ],
          [
            -84.398145,
            33.768195
          ],
          [
            -84.398136,
            33.768174
          ],
          [
            -84.398133,
            33.768167
          ],
          [
            -84.398122,
            33.768145
          ],
          [
            -84.398117,
            33.768135
          ],
          [
            -84.398112,
            33.768126
          ],
          [
            -84.398101,
            33.768105
          ],
          [
            -84.398098,
            33.768098
          ],
          [
            -84.398092,
            33.768086
          ],
          [
            -84.398086,
            33.768075
          ],
          [
            -84.39808,
            33.768064
          ],
          [
            -84.39807,
            33.768041
          ],
          [
            -84.398067,
            33.76803
          ],
          [
            -84.398063,
            33.768018
          ],
          [
            -84.39806,
            33.768007
          ],
          [
            -84.398056,
            33.767996
          ],
          [
            -84.398051,
            33.767982
          ],
          [
            -84.398045,
            33.767968
          ],
          [
            -84.398038,
            33.767954
          ],
          [
            -84.398031,
            33.767941
          ],
          [
            -84.398023,
            33.767927
          ],
          [
            -84.398011,
            33.767909
          ],
          [
            -84.398007,
            33.767902
          ],
          [
            -84.398,
            33.76789
          ],
          [
            -84.397993,
            33.767878
          ],
          [
            -84.397987,
            33.767865
          ],
          [
            -84.39798,
            33.767842
          ],
          [
            -84.397977,
            33.767832
          ],
          [
            -84.397975,
            33.767823
          ],
          [
            -84.397972,
            33.767809
          ],
          [
            -84.39797,
            33.767796
          ],
          [
            -84.397966,
            33.767774
          ],
          [
            -84.397964,
            33.767765
          ],
          [
            -84.397962,
            33.767757
          ],
          [
            -84.397958,
            33.767744
          ],
          [
            -84.397953,
            33.767733
          ],
          [
            -84.397948,
            33.76772
          ],
          [
            -84.397943,
            33.767707
          ],
          [
            -84.397938,
            33.767694
          ],
          [
            -84.397933,
            33.767681
          ],
          [
            -84.397927,
            33.767668
          ],
          [
            -84.397922,
            33.767654
          ],
          [
            -84.397917,
            33.767641
          ],
          [
            -84.397912,
            33.767627
          ],
          [
            -84.397905,
            33.767614
          ],
          [
            -84.397898,
            33.767601
          ],
          [
            -84.397891,
            33.767588
          ],
          [
            -84.397885,
            33.767577
          ],
          [
            -84.39788,
            33.767567
          ],
          [
            -84.397875,
            33.767548
          ],
          [
            -84.397873,
            33.767538
          ],
          [
            -84.397872,
            33.767527
          ],
          [
            -84.39787,
            33.767517
          ],
          [
            -84.397868,
            33.767507
          ],
          [
            -84.397867,
            33.767492
          ],
          [
            -84.397865,
            33.767478
          ],
          [
            -84.397862,
            33.767463
          ],
          [
            -84.397856,
            33.767441
          ],
          [
            -84.397854,
            33.767434
          ],
          [
            -84.397847,
            33.767412
          ],
          [
            -84.397843,
            33.767403
          ],
          [
            -84.39784,
            33.767395
          ],
          [
            -84.397836,
            33.767385
          ],
          [
            -84.397832,
            33.767376
          ],
          [
            -84.397823,
            33.767356
          ],
          [
            -84.397819,
            33.767346
          ],
          [
            -84.397814,
            33.767336
          ],
          [
            -84.39781,
            33.767326
          ],
          [
            -84.397805,
            33.767316
          ],
          [
            -84.397799,
            33.767304
          ],
          [
            -84.397793,
            33.767293
          ],
          [
            -84.397788,
            33.767281
          ],
          [
            -84.397783,
            33.76727
          ],
          [
            -84.397778,
            33.767258
          ],
          [
            -84.397773,
            33.767246
          ],
          [
            -84.397769,
            33.767235
          ],
          [
            -84.397765,
            33.767222
          ],
          [
            -84.397759,
            33.767201
          ],
          [
            -84.397757,
            33.767192
          ],
          [
            -84.397755,
            33.767184
          ],
          [
            -84.397752,
            33.767173
          ],
          [
            -84.397749,
            33.767163
          ],
          [
            -84.397747,
            33.767156
          ],
          [
            -84.397745,
            33.767151
          ],
          [
            -84.397745,
            33.767147
          ],
          [
            -84.397739,
            33.767131
          ],
          [
            -84.397735,
            33.767121
          ],
          [
            -84.397731,
            33.76711
          ],
          [
            -84.397727,
            33.7671
          ],
          [
            -84.397723,
            33.76709
          ],
          [
            -84.397718,
            33.767076
          ],
          [
            -84.397713,
            33.767062
          ],
          [
            -84.397702,
            33.767039
          ],
          [
            -84.397697,
            33.767029
          ],
          [
            -84.397692,
            33.76702
          ],
          [
            -84.397683,
            33.766999
          ],
          [
            -84.397681,
            33.766992
          ],
          [
            -84.397675,
            33.766978
          ],
          [
            -84.39767,
            33.766966
          ],
          [
            -84.397663,
            33.766955
          ],
          [
            -84.397657,
            33.766945
          ],
          [
            -84.397651,
            33.766932
          ],
          [
            -84.397645,
            33.766919
          ],
          [
            -84.397639,
            33.766906
          ],
          [
            -84.397634,
            33.766892
          ],
          [
            -84.397629,
            33.766878
          ],
          [
            -84.397624,
            33.766862
          ],
          [
            -84.397619,
            33.766847
          ],
          [
            -84.39761,
            33.766825
          ],
          [
            -84.397608,
            33.766817
          ],
          [
            -84.397601,
            33.766803
          ],
          [
            -84.397595,
            33.766788
          ],
          [
            -84.397589,
            33.766773
          ],
          [
            -84.397581,
            33.76675
          ],
          [
            -84.397578,
            33.766742
          ],
          [
            -84.397569,
            33.766719
          ],
          [
            -84.397564,
            33.766709
          ],
          [
            -84.39756,
            33.7667
          ],
          [
            -84.397551,
            33.766681
          ],
          [
            -84.397548,
            33.766674
          ],
          [
            -84.397543,
            33.76666
          ],
          [
            -84.397539,
            33.766648
          ],
          [
            -84.397535,
            33.766635
          ],
          [
            -84.397531,
            33.766623
          ],
          [
            -84.397528,
            33.76661
          ],
          [
            -84.397523,
            33.766596
          ],
          [
            -84.397516,
            33.766575
          ],
          [
            -84.397514,
            33.766568
          ],
          [
            -84.39751,
            33.766554
          ],
          [
            -84.397505,
            33.766541
          ],
          [
            -84.397501,
            33.766529
          ],
          [
            -84.397497,
            33.766516
          ],
          [
            -84.397493,
            33.766503
          ],
          [
            -84.397488,
            33.766491
          ],
          [
            -84.397484,
            33.766477
          ],
          [
            -84.397479,
            33.766464
          ],
          [
            -84.397475,
            33.76645
          ],
          [
            -84.397471,
            33.766436
          ],
          [
            -84.397467,
            33.766423
          ],
          [
            -84.397464,
            33.766411
          ],
          [
            -84.397459,
            33.766399
          ],
          [
            -84.397456,
            33.766386
          ],
          [
            -84.397453,
            33.766373
          ],
          [
            -84.397446,
            33.76635
          ],
          [
            -84.397443,
            33.766341
          ],
          [
            -84.39744,
            33.766331
          ],
          [
            -84.397433,
            33.766312
          ],
          [
            -84.39743,
            33.766305
          ],
          [
            -84.397424,
            33.766291
          ],
          [
            -84.397417,
            33.766278
          ],
          [
            -84.397412,
            33.766264
          ],
          [
            -84.397406,
            33.76625
          ],
          [
            -84.397401,
            33.766237
          ],
          [
            -84.397396,
            33.766223
          ],
          [
            -84.397389,
            33.766203
          ],
          [
            -84.397387,
            33.766196
          ],
          [
            -84.397383,
            33.766183
          ],
          [
            -84.397379,
            33.766169
          ],
          [
            -84.397376,
            33.766155
          ],
          [
            -84.397371,
            33.766132
          ],
          [
            -84.39737,
            33.766124
          ],
          [
            -84.397367,
            33.766109
          ],
          [
            -84.397365,
            33.766094
          ],
          [
            -84.397363,
            33.766079
          ],
          [
            -84.39736,
            33.766058
          ],
          [
            -84.397359,
            33.766051
          ],
          [
            -84.397356,
            33.766026
          ],
          [
            -84.397354,
            33.766015
          ],
          [
            -84.397353,
            33.766005
          ],
          [
            -84.39735,
            33.765991
          ],
          [
            -84.397347,
            33.765976
          ],
          [
            -84.39734,
            33.765952
          ],
          [
            -84.397336,
            33.765942
          ],
          [
            -84.397333,
            33.765933
          ],
          [
            -84.397329,
            33.765921
          ],
          [
            -84.397324,
            33.765908
          ],
          [
            -84.39732,
            33.765895
          ],
          [
            -84.397315,
            33.765881
          ],
          [
            -84.397311,
            33.765867
          ],
          [
            -84.397308,
            33.765854
          ],
          [
            -84.397304,
            33.76584
          ],
          [
            -84.397301,
            33.765826
          ],
          [
            -84.397296,
            33.765805
          ],
          [
            -84.397294,
            33.765797
          ],
          [
            -84.39729,
            33.765773
          ],
          [
            -84.39729,
            33.765764
          ],
          [
            -84.397289,
            33.765754
          ],
          [
            -84.397288,
            33.765732
          ],
          [
            -84.397288,
            33.765725
          ],
          [
            -84.397288,
            33.76571
          ],
          [
            -84.397287,
            33.765695
          ],
          [
            -84.397286,
            33.76568
          ],
          [
            -84.397283,
            33.765656
          ],
          [
            -84.397282,
            33.765648
          ],
          [
            -84.397277,
            33.765623
          ],
          [
            -84.397276,
            33.765613
          ],
          [
            -84.397274,
            33.765604
          ],
          [
            -84.397271,
            33.76559
          ],
          [
            -84.39727,
            33.765577
          ],
          [
            -84.397268,
            33.765565
          ],
          [
            -84.397265,
            33.765553
          ],
          [
            -84.397261,
            33.765541
          ],
          [
            -84.397255,
            33.765522
          ],
          [
            -84.397253,
            33.765515
          ],
          [
            -84.397251,
            33.765508
          ],
          [
            -84.397249,
            33.765497
          ],
          [
            -84.397246,
            33.765486
          ],
          [
            -84.397244,
            33.765474
          ],
          [
            -84.397242,
            33.765463
          ],
          [
            -84.397241,
            33.765455
          ],
          [
            -84.397246,
            33.765442
          ],
          [
            -84.397251,
            33.765436
          ],
          [
            -84.397255,
            33.76543
          ],
          [
            -84.397259,
            33.765425
          ],
          [
            -84.397263,
            33.765419
          ],
          [
            -84.397268,
            33.765413
          ],
          [
            -84.397272,
            33.765407
          ],
          [
            -84.397277,
            33.765401
          ],
          [
            -84.397281,
            33.765396
          ],
          [
            -84.397285,
            33.76539
          ],
          [
            -84.397289,
            33.765381
          ],
          [
            -84.397293,
            33.76537
          ],
          [
            -84.397296,
            33.765358
          ],
          [
            -84.3973,
            33.765344
          ],
          [
            -84.397305,
            33.765328
          ],
          [
            -84.397311,
            33.7653
          ],
          [
            -84.397312,
            33.765289
          ],
          [
            -84.397314,
            33.765278
          ],
          [
            -84.397315,
            33.765255
          ],
          [
            -84.397315,
            33.765247
          ],
          [
            -84.397314,
            33.765231
          ],
          [
            -84.397312,
            33.765216
          ],
          [
            -84.39731,
            33.7652
          ],
          [
            -84.397306,
            33.765178
          ],
          [
            -84.397305,
            33.76517
          ],
          [
            -84.397298,
            33.765145
          ],
          [
            -84.397295,
            33.765134
          ],
          [
            -84.397292,
            33.765124
          ],
          [
            -84.397286,
            33.765102
          ],
          [
            -84.397284,
            33.765094
          ],
          [
            -84.39728,
            33.76508
          ],
          [
            -84.397276,
            33.765067
          ],
          [
            -84.397272,
            33.765053
          ],
          [
            -84.397269,
            33.765039
          ],
          [
            -84.397266,
            33.765026
          ],
          [
            -84.39726,
            33.765005
          ],
          [
            -84.397257,
            33.764997
          ],
          [
            -84.397255,
            33.764989
          ],
          [
            -84.397252,
            33.764979
          ],
          [
            -84.397251,
            33.764971
          ],
          [
            -84.39725,
            33.764962
          ],
          [
            -84.397249,
            33.764942
          ],
          [
            -84.397247,
            33.764932
          ],
          [
            -84.397246,
            33.764922
          ],
          [
            -84.397244,
            33.764912
          ],
          [
            -84.397243,
            33.764902
          ],
          [
            -84.397241,
            33.76489
          ],
          [
            -84.397238,
            33.764879
          ],
          [
            -84.397237,
            33.764868
          ],
          [
            -84.397238,
            33.764858
          ],
          [
            -84.39724,
            33.764849
          ],
          [
            -84.397243,
            33.76484
          ],
          [
            -84.397246,
            33.764831
          ],
          [
            -84.39725,
            33.76482
          ],
          [
            -84.397254,
            33.764808
          ],
          [
            -84.397258,
            33.764795
          ],
          [
            -84.397261,
            33.764781
          ],
          [
            -84.397264,
            33.764766
          ],
          [
            -84.397266,
            33.764752
          ],
          [
            -84.397268,
            33.764737
          ],
          [
            -84.397269,
            33.764722
          ],
          [
            -84.397268,
            33.764698
          ],
          [
            -84.397268,
            33.76469
          ],
          [
            -84.397266,
            33.764662
          ],
          [
            -84.397265,
            33.764652
          ],
          [
            -84.397264,
            33.764641
          ],
          [
            -84.39726,
            33.764615
          ],
          [
            -84.397258,
            33.764605
          ],
          [
            -84.397255,
            33.764595
          ],
          [
            -84.397249,
            33.764581
          ],
          [
            -84.397242,
            33.764567
          ],
          [
            -84.397237,
            33.764555
          ],
          [
            -84.397232,
            33.764542
          ],
          [
            -84.397225,
            33.76453
          ],
          [
            -84.39722,
            33.764517
          ],
          [
            -84.397215,
            33.764504
          ],
          [
            -84.39721,
            33.764485
          ],
          [
            -84.397208,
            33.764478
          ],
          [
            -84.397206,
            33.764471
          ],
          [
            -84.397203,
            33.764463
          ],
          [
            -84.397199,
            33.764456
          ],
          [
            -84.397195,
            33.764449
          ],
          [
            -84.397196,
            33.764451
          ],
          [
            -84.397197,
            33.764452
          ],
          [
            -84.397199,
            33.764454
          ],
          [
            -84.3972,
            33.764455
          ],
          [
            -84.397201,
            33.764457
          ],
          [
            -84.397202,
            33.764458
          ],
          [
            -84.397203,
            33.76446
          ],
          [
            -84.397204,
            33.764461
          ],
          [
            -84.397205,
            33.764463
          ],
          [
            -84.397207,
            33.764464
          ],
          [
            -84.397208,
            33.764466
          ],
          [
            -84.397209,
            33.764467
          ],
          [
            -84.39721,
            33.764469
          ],
          [
            -84.397211,
            33.76447
          ],
          [
            -84.397212,
            33.764471
          ],
          [
            -84.397213,
            33.764473
          ],
          [
            -84.397215,
            33.764474
          ],
          [
            -84.397216,
            33.764476
          ],
          [
            -84.397217,
            33.764477
          ],
          [
            -84.397218,
            33.764479
          ],
          [
            -84.397219,
            33.76448
          ],
          [
            -84.39722,
            33.764482
          ],
          [
            -84.397221,
            33.764483
          ],
          [
            -84.397223,
            33.764485
          ],
          [
            -84.397224,
            33.764486
          ],
          [
            -84.397225,
            33.764488
          ],
          [
            -84.397226,
            33.764489
          ],
          [
            -84.397227,
            33.764491
          ],
          [
            -84.397228,
            33.764492
          ],
          [
            -84.397229,
            33.764494
          ],
          [
            -84.397231,
            33.764495
          ],
          [
            -84.397232,
            33.764496
          ],
          [
            -84.397233,
            33.764498
          ],
          [
            -84.397234,
            33.764499
          ],
          [
            -84.397235,
            33.764501
          ],
          [
            -84.397236,
            33.764502
          ],
          [
            -84.397238,
            33.764504
          ],
          [
            -84.397239,
            33.764505
          ],
          [
            -84.39724,
            33.764507
          ],
          [
            -84.397241,
            33.764508
          ],
          [
            -84.397242,
            33.76451
          ],
          [
            -84.397243,
            33.764511
          ],
          [
            -84.397244,
            33.764513
          ],
          [
            -84.397246,
            33.764514
          ],
          [
            -84.397247,
            33.764516
          ],
          [
            -84.397248,
            33.764517
          ],
          [
            -84.397249,
            33.764518
          ],
          [
            -84.39725,
            33.76452
          ],
          [
            -84.397251,
            33.764521
          ],
          [
            -84.397252,
            33.764523
          ],
          [
            -84.397254,
            33.764524
          ],
          [
            -84.397255,
            33.764526
          ],
          [
            -84.397256,
            33.764527
          ],
          [
            -84.397257,
            33.764529
          ],
          [
            -84.397258,
            33.76453
          ],
          [
            -84.397259,
            33.764532
          ],
          [
            -84.39726,
            33.764533
          ],
          [
            -84.397262,
            33.764535
          ],
          [
            -84.397263,
            33.764536
          ],
          [
            -84.397264,
            33.764538
          ],
          [
            -84.397265,
            33.764539
          ],
          [
            -84.397268,
            33.764549
          ],
          [
            -84.397271,
            33.76456
          ],
          [
            -84.397275,
            33.764572
          ],
          [
            -84.397279,
            33.764585
          ],
          [
            -84.397282,
            33.7646
          ],
          [
            -84.397284,
            33.764623
          ],
          [
            -84.397285,
            33.764631
          ],
          [
            -84.397287,
            33.764648
          ],
          [
            -84.397289,
            33.764665
          ],
          [
            -84.397294,
            33.764682
          ],
          [
            -84.397301,
            33.764706
          ],
          [
            -84.397303,
            33.764713
          ],
          [
            -84.397306,
            33.764729
          ],
          [
            -84.397308,
            33.764745
          ],
          [
            -84.397309,
            33.76476
          ],
          [
            -84.39731,
            33.764784
          ],
          [
            -84.39731,
            33.764791
          ],
          [
            -84.39731,
            33.764807
          ],
          [
            -84.39731,
            33.764822
          ],
          [
            -84.39731,
            33.764837
          ],
          [
            -84.397312,
            33.764862
          ],
          [
            -84.397312,
            33.764872
          ],
          [
            -84.397313,
            33.764882
          ],
          [
            -84.397314,
            33.764897
          ],
          [
            -84.397316,
            33.764912
          ],
          [
            -84.39732,
            33.764936
          ],
          [
            -84.397322,
            33.764946
          ],
          [
            -84.397324,
            33.764955
          ],
          [
            -84.397326,
            33.764968
          ],
          [
            -84.397328,
            33.764981
          ],
          [
            -84.39733,
            33.765005
          ],
          [
            -84.39733,
            33.765014
          ],
          [
            -84.397331,
            33.765024
          ],
          [
            -84.397332,
            33.765038
          ],
          [
            -84.397333,
            33.765052
          ],
          [
            -84.397334,
            33.765065
          ],
          [
            -84.397336,
            33.765078
          ],
          [
            -84.397338,
            33.765093
          ],
          [
            -84.397341,
            33.765108
          ],
          [
            -84.397343,
            33.765123
          ],
          [
            -84.397346,
            33.765148
          ],
          [
            -84.397347,
            33.765158
          ],
          [
            -84.397348,
            33.765168
          ],
          [
            -84.397349,
            33.765182
          ],
          [
            -84.39735,
            33.765196
          ],
          [
            -84.397351,
            33.76522
          ],
          [
            -84.397352,
            33.765229
          ],
          [
            -84.397352,
            33.765239
          ],
          [
            -84.397351,
            33.765253
          ],
          [
            -84.39735,
            33.765267
          ],
          [
            -84.397349,
            33.765281
          ],
          [
            -84.397348,
            33.765302
          ],
          [
            -84.397347,
            33.765309
          ],
          [
            -84.397347,
            33.765322
          ],
          [
            -84.397348,
            33.765335
          ],
          [
            -84.397349,
            33.765348
          ],
          [
            -84.397354,
            33.765367
          ],
          [
            -84.397357,
            33.765373
          ],
          [
            -84.397361,
            33.765386
          ],
          [
            -84.397365,
            33.765399
          ],
          [
            -84.397369,
            33.765412
          ],
          [
            -84.397371,
            33.765424
          ],
          [
            -84.397372,
            33.765432
          ],
          [
            -84.397372,
            33.765436
          ],
          [
            -84.397371,
            33.765438
          ],
          [
            -84.397367,
            33.765439
          ],
          [
            -84.397362,
            33.76544
          ],
          [
            -84.397357,
            33.765443
          ],
          [
            -84.397352,
            33.765447
          ],
          [
            -84.397348,
            33.76545
          ],
          [
            -84.397344,
            33.765452
          ],
          [
            -84.397342,
            33.765461
          ],
          [
            -84.397344,
            33.765469
          ],
          [
            -84.397345,
            33.765477
          ],
          [
            -84.397347,
            33.765486
          ],
          [
            -84.397348,
            33.765494
          ],
          [
            -84.397349,
            33.765502
          ],
          [
            -84.397351,
            33.76551
          ],
          [
            -84.397352,
            33.765518
          ],
          [
            -84.397353,
            33.765526
          ],
          [
            -84.397355,
            33.765535
          ],
          [
            -84.397356,
            33.765543
          ],
          [
            -84.397358,
            33.765551
          ],
          [
            -84.397359,
            33.765559
          ],
          [
            -84.397362,
            33.765572
          ],
          [
            -84.397365,
            33.765585
          ],
          [
            -84.397368,
            33.765597
          ],
          [
            -84.39737,
            33.76561
          ],
          [
            -84.397371,
            33.765622
          ],
          [
            -84.397372,
            33.765634
          ],
          [
            -84.397371,
            33.765648
          ],
          [
            -84.39737,
            33.765662
          ],
          [
            -84.39737,
            33.765679
          ],
          [
            -84.397369,
            33.765697
          ],
          [
            -84.397368,
            33.765725
          ],
          [
            -84.397367,
            33.765735
          ],
          [
            -84.397366,
            33.765746
          ],
          [
            -84.397362,
            33.765768
          ],
          [
            -84.39736,
            33.765775
          ],
          [
            -84.397356,
            33.76579
          ],
          [
            -84.397352,
            33.765804
          ],
          [
            -84.397347,
            33.765818
          ],
          [
            -84.39734,
            33.76584
          ],
          [
            -84.397338,
            33.765847
          ],
          [
            -84.397332,
            33.76586
          ],
          [
            -84.397322,
            33.765871
          ],
          [
            -84.397309,
            33.765879
          ],
          [
            -84.397293,
            33.765882
          ],
          [
            -84.397275,
            33.765881
          ],
          [
            -84.397257,
            33.765878
          ],
          [
            -84.39724,
            33.765875
          ],
          [
            -84.397224,
            33.765872
          ],
          [
            -84.397207,
            33.765869
          ],
          [
            -84.397192,
            33.765866
          ],
          [
            -84.397177,
            33.765863
          ],
          [
            -84.397161,
            33.765861
          ],
          [
            -84.397147,
            33.76586
          ],
          [
            -84.397136,
            33.76586
          ],
          [
            -84.397132,
            33.765861
          ],
          [
            -84.397133,
            33.765863
          ],
          [
            -84.397139,
            33.765865
          ],
          [
            -84.39715,
            33.765867
          ],
          [
            -84.397163,
            33.76587
          ],
          [
            -84.397179,
            33.765875
          ],
          [
            -84.397196,
            33.76588
          ],
          [
            -84.397222,
            33.765891
          ],
          [
            -84.397231,
            33.765894
          ],
          [
            -84.397248,
            33.765898
          ],
          [
            -84.397263,
            33.7659
          ],
          [
            -84.397277,
            33.765903
          ],
          [
            -84.39729,
            33.765907
          ],
          [
            -84.397304,
            33.765911
          ],
          [
            -84.397326,
            33.765921
          ],
          [
            -84.397334,
            33.765926
          ],
          [
            -84.397343,
            33.765931
          ],
          [
            -84.397362,
            33.765943
          ],
          [
            -84.397369,
            33.765947
          ],
          [
            -84.397379,
            33.765958
          ],
          [
            -84.397386,
            33.76597
          ],
          [
            -84.39739,
            33.765982
          ],
          [
            -84.397395,
            33.765997
          ],
          [
            -84.397396,
            33.766001
          ],
          [
            -84.3974,
            33.766008
          ],
          [
            -84.397401,
            33.766008
          ],
          [
            -84.397401,
            33.766007
          ],
          [
            -84.397402,
            33.766007
          ],
          [
            -84.397403,
            33.766007
          ],
          [
            -84.397404,
            33.766007
          ],
          [
            -84.397404,
            33.766007
          ],
          [
            -84.397405,
            33.766006
          ],
          [
            -84.397406,
            33.766006
          ],
          [
            -84.397407,
            33.766006
          ],
          [
            -84.397407,
            33.766006
          ],
          [
            -84.397408,
            33.766006
          ],
          [
            -84.397409,
            33.766005
          ],
          [
            -84.39741,
            33.766005
          ],
          [
            -84.397411,
            33.766005
          ],
          [
            -84.397411,
            33.766005
          ],
          [
            -84.397412,
            33.766005
          ],
          [
            -84.397413,
            33.766004
          ],
          [
            -84.397414,
            33.766004
          ],
          [
            -84.397414,
            33.766004
          ],
          [
            -84.397415,
            33.766004
          ],
          [
            -84.397416,
            33.766003
          ],
          [
            -84.397417,
            33.766003
          ],
          [
            -84.397417,
            33.766003
          ],
          [
            -84.397418,
            33.766003
          ],
          [
            -84.397419,
            33.766003
          ],
          [
            -84.39742,
            33.766002
          ],
          [
            -84.397421,
            33.766002
          ],
          [
            -84.397421,
            33.766002
          ],
          [
            -84.397422,
            33.766002
          ],
          [
            -84.397423,
            33.766002
          ],
          [
            -84.397424,
            33.766001
          ],
          [
            -84.397424,
            33.766001
          ],
          [
            -84.397425,
            33.766001
          ],
          [
            -84.397426,
            33.766001
          ],
          [
            -84.397427,
            33.766001
          ],
          [
            -84.397427,
            33.766
          ],
          [
            -84.397428,
            33.766
          ],
          [
            -84.397429,
            33.766
          ],
          [
            -84.397448,
            33.766004
          ],
          [
            -84.397455,
            33.766005
          ],
          [
            -84.39747,
            33.766009
          ],
          [
            -84.397489,
            33.766015
          ],
          [
            -84.397508,
            33.766022
          ],
          [
            -84.397531,
            33.766039
          ],
          [
            -84.397538,
            33.766045
          ],
          [
            -84.397548,
            33.766061
          ],
          [
            -84.397554,
            33.766079
          ],
          [
            -84.397558,
            33.766098
          ],
          [
            -84.397558,
            33.766123
          ],
          [
            -84.397558,
            33.766131
          ],
          [
            -84.397562,
            33.766147
          ],
          [
            -84.397562,
            33.766151
          ],
          [
            -84.397563,
            33.766155
          ],
          [
            -84.397563,
            33.766158
          ],
          [
            -84.397562,
            33.766159
          ],
          [
            -84.397562,
            33.766161
          ],
          [
            -84.397562,
            33.766163
          ],
          [
            -84.397564,
            33.766165
          ],
          [
            -84.397566,
            33.766168
          ],
          [
            -84.39757,
            33.766171
          ],
          [
            -84.397574,
            33.766176
          ],
          [
            -84.397579,
            33.76618
          ],
          [
            -84.397584,
            33.766183
          ],
          [
            -84.397588,
            33.766185
          ],
          [
            -84.397589,
            33.766186
          ],
          [
            -84.397589,
            33.766187
          ],
          [
            -84.397589,
            33.766188
          ],
          [
            -84.39759,
            33.766189
          ],
          [
            -84.39759,
            33.76619
          ],
          [
            -84.39759,
            33.766191
          ],
          [
            -84.397591,
            33.766192
          ],
          [
            -84.397591,
            33.766193
          ],
          [
            -84.397591,
            33.766194
          ],
          [
            -84.397592,
            33.766195
          ],
          [
            -84.397592,
            33.766196
          ],
          [
            -84.397592,
            33.766197
          ],
          [
            -84.397593,
            33.766198
          ],
          [
            -84.397593,
            33.766199
          ],
          [
            -84.397593,
            33.7662
          ],
          [
            -84.397594,
            33.766201
          ],
          [
            -84.397594,
            33.766202
          ],
          [
            -84.397594,
            33.766203
          ],
          [
            -84.397595,
            33.766204
          ],
          [
            -84.397595,
            33.766205
          ],
          [
            -84.397595,
            33.766206
          ],
          [
            -84.397596,
            33.766207
          ],
          [
            -84.397596,
            33.766208
          ],
          [
            -84.397596,
            33.766209
          ],
          [
            -84.397597,
            33.76621
          ],
          [
            -84.397597,
            33.766211
          ],
          [
            -84.397597,
            33.766212
          ],
          [
            -84.397598,
            33.766213
          ],
          [
            -84.397598,
            33.766214
          ],
          [
            -84.397598,
            33.766215
          ],
          [
            -84.397598,
            33.766216
          ],
          [
            -84.397599,
            33.766217
          ],
          [
            -84.397599,
            33.766218
          ],
          [
            -84.397599,
            33.766219
          ],
          [
            -84.3976,
            33.76622
          ],
          [
            -84.3976,
            33.766221
          ],
          [
            -84.3976,
            33.766222
          ],
          [
            -84.397601,
            33.766223
          ],
          [
            -84.397601,
            33.766224
          ],
          [
            -84.397601,
            33.766225
          ],
          [
            -84.397602,
            33.766226
          ],
          [
            -84.397602,
            33.766227
          ],
          [
            -84.397602,
            33.766228
          ],
          [
            -84.397603,
            33.766229
          ],
          [
            -84.397603,
            33.76623
          ],
          [
            -84.397603,
            33.766231
          ],
          [
            -84.397604,
            33.766232
          ],
          [
            -84.397604,
            33.766233
          ],
          [
            -84.397604,
            33.766234
          ],
          [
            -84.397605,
            33.766235
          ],
          [
            -84.397605,
            33.766236
          ],
          [
            -84.397605,
            33.766237
          ],
          [
            -84.397606,
            33.766238
          ],
          [
            -84.397606,
            33.766239
          ],
          [
            -84.397606,
            33.76624
          ],
          [
            -84.397607,
            33.766241
          ],
          [
            -84.397607,
            33.766242
          ],
          [
            -84.397607,
            33.766243
          ],
          [
            -84.397608,
            33.766244
          ],
          [
            -84.397608,
            33.766245
          ],
          [
            -84.397608,
            33.766246
          ],
          [
            -84.397609,
            33.766247
          ],
          [
            -84.397609,
            33.766248
          ],
          [
            -84.397607,
            33.766257
          ],
          [
            -84.397606,
            33.766267
          ],
          [
            -84.397606,
            33.766278
          ],
          [
            -84.397606,
            33.766297
          ],
          [
            -84.397607,
            33.766303
          ],
          [
            -84.397608,
            33.766316
          ],
          [
            -84.397609,
            33.76633
          ],
          [
            -84.39761,
            33.766342
          ],
          [
            -84.39761,
            33.766354
          ],
          [
            -84.397611,
            33.766366
          ],
          [
            -84.397615,
            33.766389
          ],
          [
            -84.397618,
            33.766399
          ],
          [
            -84.39762,
            33.766408
          ],
          [
            -84.397627,
            33.766429
          ],
          [
            -84.39763,
            33.766435
          ],
          [
            -84.397635,
            33.766447
          ],
          [
            -84.397642,
            33.766458
          ],
          [
            -84.397649,
            33.766469
          ],
          [
            -84.397656,
            33.76648
          ],
          [
            -84.397665,
            33.766491
          ],
          [
            -84.397675,
            33.766502
          ],
          [
            -84.397686,
            33.766514
          ],
          [
            -84.397697,
            33.766525
          ],
          [
            -84.397715,
            33.766543
          ],
          [
            -84.397721,
            33.766549
          ],
          [
            -84.397728,
            33.766556
          ],
          [
            -84.397737,
            33.766563
          ],
          [
            -84.397745,
            33.76657
          ],
          [
            -84.397751,
            33.766577
          ],
          [
            -84.397757,
            33.766586
          ],
          [
            -84.397761,
            33.766596
          ],
          [
            -84.397765,
            33.766608
          ],
          [
            -84.39777,
            33.766621
          ],
          [
            -84.397777,
            33.766646
          ],
          [
            -84.39778,
            33.766655
          ],
          [
            -84.397783,
            33.766665
          ],
          [
            -84.397789,
            33.766685
          ],
          [
            -84.397792,
            33.766691
          ],
          [
            -84.397796,
            33.766705
          ],
          [
            -84.397799,
            33.766718
          ],
          [
            -84.397802,
            33.766731
          ],
          [
            -84.397805,
            33.766744
          ],
          [
            -84.397808,
            33.766756
          ],
          [
            -84.397814,
            33.766777
          ],
          [
            -84.397816,
            33.766786
          ],
          [
            -84.397818,
            33.766794
          ],
          [
            -84.397821,
            33.766806
          ],
          [
            -84.397824,
            33.766814
          ],
          [
            -84.397825,
            33.766821
          ],
          [
            -84.397826,
            33.766824
          ],
          [
            -84.397827,
            33.766827
          ],
          [
            -84.397828,
            33.76683
          ],
          [
            -84.397831,
            33.766837
          ],
          [
            -84.397834,
            33.766847
          ],
          [
            -84.397837,
            33.766859
          ],
          [
            -84.397841,
            33.766871
          ],
          [
            -84.397845,
            33.766883
          ],
          [
            -84.397851,
            33.766896
          ],
          [
            -84.397858,
            33.76691
          ],
          [
            -84.397867,
            33.766931
          ],
          [
            -84.39787,
            33.766937
          ],
          [
            -84.397879,
            33.76696
          ],
          [
            -84.397884,
            33.766968
          ],
          [
            -84.397888,
            33.766977
          ],
          [
            -84.397893,
            33.76699
          ],
          [
            -84.397897,
            33.767004
          ],
          [
            -84.3979,
            33.767017
          ],
          [
            -84.397902,
            33.767029
          ],
          [
            -84.397904,
            33.76704
          ],
          [
            -84.397907,
            33.767052
          ],
          [
            -84.39791,
            33.767063
          ],
          [
            -84.397913,
            33.767075
          ],
          [
            -84.397916,
            33.767087
          ],
          [
            -84.39792,
            33.767101
          ],
          [
            -84.397925,
            33.767125
          ],
          [
            -84.397927,
            33.767134
          ],
          [
            -84.397929,
            33.767143
          ],
          [
            -84.397931,
            33.767156
          ],
          [
            -84.397932,
            33.767169
          ],
          [
            -84.397933,
            33.767182
          ],
          [
            -84.397933,
            33.767196
          ],
          [
            -84.397933,
            33.76721
          ],
          [
            -84.397932,
            33.767227
          ],
          [
            -84.397931,
            33.767243
          ],
          [
            -84.39793,
            33.767269
          ],
          [
            -84.39793,
            33.767279
          ],
          [
            -84.39793,
            33.767289
          ],
          [
            -84.397928,
            33.767304
          ],
          [
            -84.397927,
            33.767319
          ],
          [
            -84.397926,
            33.767343
          ],
          [
            -84.397925,
            33.767352
          ],
          [
            -84.397925,
            33.767362
          ],
          [
            -84.397922,
            33.767383
          ],
          [
            -84.397921,
            33.767389
          ],
          [
            -84.397922,
            33.767402
          ],
          [
            -84.397925,
            33.767415
          ],
          [
            -84.39793,
            33.767428
          ],
          [
            -84.397936,
            33.767441
          ],
          [
            -84.397943,
            33.767453
          ],
          [
            -84.39795,
            33.767465
          ],
          [
            -84.397958,
            33.767476
          ],
          [
            -84.397965,
            33.767485
          ],
          [
            -84.397977,
            33.767496
          ],
          [
            -84.397981,
            33.767501
          ],
          [
            -84.397986,
            33.767505
          ],
          [
            -84.397993,
            33.767522
          ],
          [
            -84.397995,
            33.767532
          ],
          [
            -84.397997,
            33.767541
          ],
          [
            -84.397999,
            33.767551
          ],
          [
            -84.398001,
            33.76756
          ],
          [
            -84.398003,
            33.767572
          ],
          [
            -84.398006,
            33.767583
          ],
          [
            -84.398012,
            33.767597
          ],
          [
            -84.398019,
            33.767611
          ],
          [
            -84.398029,
            33.767625
          ],
          [
            -84.398045,
            33.767646
          ],
          [
            -84.39805,
            33.767653
          ],
          [
            -84.398061,
            33.767667
          ],
          [
            -84.398071,
            33.767681
          ],
          [
            -84.398081,
            33.767695
          ],
          [
            -84.398097,
            33.767717
          ],
          [
            -84.398103,
            33.767724
          ],
          [
            -84.398122,
            33.767751
          ],
          [
            -84.398129,
            33.767763
          ],
          [
            -84.398137,
            33.767774
          ],
          [
            -84.398155,
            33.7678
          ],
          [
            -84.398161,
            33.76781
          ],
          [
            -84.398168,
            33.76782
          ],
          [
            -84.398182,
            33.767839
          ],
          [
            -84.398187,
            33.767845
          ],
          [
            -84.3982,
            33.767866
          ],
          [
            -84.398204,
            33.767874
          ],
          [
            -84.398209,
            33.767883
          ],
          [
            -84.398215,
            33.767895
          ],
          [
            -84.398219,
            33.767908
          ],
          [
            -84.398225,
            33.76793
          ],
          [
            -84.398227,
            33.767938
          ],
          [
            -84.39823,
            33.767946
          ],
          [
            -84.398234,
            33.767958
          ],
          [
            -84.398238,
            33.767969
          ],
          [
            -84.398241,
            33.767981
          ],
          [
            -84.398243,
            33.767995
          ],
          [
            -84.398247,
            33.768009
          ],
          [
            -84.39825,
            33.768028
          ],
          [
            -84.398252,
            33.768034
          ],
          [
            -84.398254,
            33.768047
          ],
          [
            -84.398256,
            33.76806
          ],
          [
            -84.398258,
            33.768072
          ],
          [
            -84.398259,
            33.768083
          ],
          [
            -84.39826,
            33.768094
          ],
          [
            -84.39826,
            33.768106
          ],
          [
            -84.398262,
            33.768119
          ],
          [
            -84.398264,
            33.768132
          ],
          [
            -84.398266,
            33.768145
          ],
          [
            -84.398268,
            33.768157
          ],
          [
            -84.398271,
            33.768171
          ],
          [
            -84.398277,
            33.76819
          ],
          [
            -84.398279,
            33.768196
          ],
          [
            -84.398283,
            33.768208
          ],
          [
            -84.398285,
            33.768221
          ],
          [
            -84.398288,
            33.768234
          ],
          [
            -84.398291,
            33.768253
          ],
          [
            -84.398292,
            33.768259
          ],
          [
            -84.398295,
            33.768269
          ],
          [
            -84.398297,
            33.768277
          ],
          [
            -84.398298,
            33.768283
          ],
          [
            -84.3983,
            33.76829
          ],
          [
            -84.398303,
            33.7683
          ],
          [
            -84.398307,
            33.76831
          ],
          [
            -84.398311,
            33.768321
          ],
          [
            -84.398315,
            33.768332
          ],
          [
            -84.398318,
            33.768343
          ],
          [
            -84.398321,
            33.768353
          ],
          [
            -84.398324,
            33.768363
          ],
          [
            -84.398329,
            33.768373
          ],
          [
            -84.398335,
            33.768384
          ],
          [
            -84.398342,
            33.768396
          ],
          [
            -84.39835,
            33.768407
          ],
          [
            -84.398358,
            33.768419
          ],
          [
            -84.398367,
            33.76843
          ],
          [
            -84.398375,
            33.768441
          ],
          [
            -84.398384,
            33.76846
          ],
          [
            -84.398388,
            33.768468
          ],
          [
            -84.398391,
            33.768476
          ],
          [
            -84.398394,
            33.768494
          ],
          [
            -84.398395,
            33.7685
          ],
          [
            -84.398396,
            33.768511
          ],
          [
            -84.398395,
            33.768523
          ],
          [
            -84.398394,
            33.768535
          ],
          [
            -84.398395,
            33.768548
          ],
          [
            -84.398395,
            33.76856
          ],
          [
            -84.398397,
            33.768572
          ],
          [
            -84.398399,
            33.768585
          ],
          [
            -84.398401,
            33.768598
          ],
          [
            -84.398405,
            33.76862
          ],
          [
            -84.398407,
            33.768627
          ],
          [
            -84.39841,
            33.768641
          ],
          [
            -84.398413,
            33.768656
          ],
          [
            -84.398418,
            33.76867
          ],
          [
            -84.398424,
            33.768685
          ],
          [
            -84.398432,
            33.768698
          ],
          [
            -84.398441,
            33.768711
          ],
          [
            -84.398457,
            33.768731
          ],
          [
            -84.398464,
            33.768739
          ],
          [
            -84.398471,
            33.768747
          ],
          [
            -84.398478,
            33.768755
          ],
          [
            -84.398485,
            33.768763
          ],
          [
            -84.398495,
            33.768768
          ],
          [
            -84.398506,
            33.768771
          ],
          [
            -84.398518,
            33.768776
          ],
          [
            -84.398531,
            33.768781
          ],
          [
            -84.398543,
            33.768788
          ],
          [
            -84.398553,
            33.768797
          ],
          [
            -84.398563,
            33.768807
          ],
          [
            -84.398573,
            33.768818
          ],
          [
            -84.398582,
            33.76883
          ],
          [
            -84.398593,
            33.768843
          ],
          [
            -84.398608,
            33.768863
          ],
          [
            -84.398613,
            33.768869
          ],
          [
            -84.398624,
            33.768885
          ],
          [
            -84.398628,
            33.76889
          ],
          [
            -84.398631,
            33.768895
          ],
          [
            -84.398638,
            33.768903
          ],
          [
            -84.39864,
            33.768907
          ],
          [
            -84.398641,
            33.768911
          ],
          [
            -84.398643,
            33.768916
          ],
          [
            -84.398644,
            33.76892
          ],
          [
            -84.398646,
            33.768924
          ],
          [
            -84.398647,
            33.768928
          ],
          [
            -84.398649,
            33.768932
          ],
          [
            -84.39865,
            33.768936
          ],
          [
            -84.398652,
            33.76894
          ],
          [
            -84.398653,
            33.768945
          ],
          [
            -84.398655,
            33.768949
          ],
          [
            -84.398656,
            33.768953
          ],
          [
            -84.398658,
            33.768957
          ],
          [
            -84.398659,
            33.768961
          ],
          [
            -84.39866,
            33.768965
          ],
          [
            -84.398662,
            33.768969
          ],
          [
            -84.398663,
            33.768974
          ],
          [
            -84.398665,
            33.768978
          ],
          [
            -84.398666,
            33.768982
          ],
          [
            -84.398668,
            33.768986
          ],
          [
            -84.398669,
            33.76899
          ],
          [
            -84.398671,
            33.768994
          ],
          [
            -84.398672,
            33.768998
          ],
          [
            -84.398674,
            33.769003
          ],
          [
            -84.398675,
            33.769007
          ],
          [
            -84.398677,
            33.769011
          ],
          [
            -84.398678,
            33.769015
          ],
          [
            -84.39868,
            33.769019
          ],
          [
            -84.398681,
            33.769023
          ],
          [
            -84.398682,
            33.769028
          ],
          [
            -84.398685,
            33.769042
          ],
          [
            -84.398688,
            33.769057
          ],
          [
            -84.39869,
            33.769071
          ],
          [
            -84.398692,
            33.769085
          ],
          [
            -84.398693,
            33.769098
          ],
          [
            -84.398695,
            33.769122
          ],
          [
            -84.398696,
            33.769129
          ],
          [
            -84.398699,
            33.769152
          ],
          [
            -84.398701,
            33.76916
          ],
          [
            -84.398702,
            33.769169
          ],
          [
            -84.398704,
            33.769182
          ],
          [
            -84.398706,
            33.769195
          ],
          [
            -84.398711,
            33.769218
          ],
          [
            -84.398714,
            33.769227
          ],
          [
            -84.398716,
            33.769236
          ],
          [
            -84.39872,
            33.769248
          ],
          [
            -84.398724,
            33.76926
          ],
          [
            -84.398732,
            33.769281
          ],
          [
            -84.398736,
            33.769289
          ],
          [
            -84.398739,
            33.769298
          ],
          [
            -84.398747,
            33.769321
          ],
          [
            -84.398751,
            33.76933
          ],
          [
            -84.398754,
            33.769339
          ],
          [
            -84.398761,
            33.76936
          ],
          [
            -84.398764,
            33.769366
          ],
          [
            -84.398769,
            33.769377
          ],
          [
            -84.398775,
            33.769387
          ],
          [
            -84.398781,
            33.769396
          ],
          [
            -84.398789,
            33.769406
          ],
          [
            -84.398797,
            33.769417
          ],
          [
            -84.39881,
            33.769435
          ],
          [
            -84.398814,
            33.769443
          ],
          [
            -84.398819,
            33.76945
          ],
          [
            -84.398825,
            33.76946
          ],
          [
            -84.398832,
            33.769471
          ],
          [
            -84.39884,
            33.769482
          ],
          [
            -84.398847,
            33.769494
          ],
          [
            -84.398853,
            33.769506
          ],
          [
            -84.39886,
            33.769518
          ],
          [
            -84.398866,
            33.769531
          ],
          [
            -84.398871,
            33.769544
          ],
          [
            -84.398876,
            33.769558
          ],
          [
            -84.398882,
            33.769571
          ],
          [
            -84.398893,
            33.769591
          ],
          [
            -84.398897,
            33.769597
          ],
          [
            -84.398905,
            33.769608
          ],
          [
            -84.398912,
            33.769619
          ],
          [
            -84.398918,
            33.769629
          ],
          [
            -84.398923,
            33.769639
          ],
          [
            -84.398928,
            33.76965
          ],
          [
            -84.398933,
            33.769662
          ],
          [
            -84.398938,
            33.769673
          ],
          [
            -84.398943,
            33.769685
          ],
          [
            -84.398953,
            33.769707
          ],
          [
            -84.398957,
            33.769717
          ],
          [
            -84.398961,
            33.769726
          ],
          [
            -84.398965,
            33.769739
          ],
          [
            -84.39897,
            33.769752
          ],
          [
            -84.398975,
            33.769765
          ],
          [
            -84.39898,
            33.769777
          ],
          [
            -84.398985,
            33.769788
          ],
          [
            -84.39899,
            33.769798
          ],
          [
            -84.398994,
            33.769809
          ],
          [
            -84.398999,
            33.769821
          ],
          [
            -84.399003,
            33.769832
          ],
          [
            -84.399008,
            33.769842
          ],
          [
            -84.399014,
            33.769853
          ],
          [
            -84.399019,
            33.769863
          ],
          [
            -84.399025,
            33.769874
          ],
          [
            -84.399032,
            33.769886
          ],
          [
            -84.39904,
            33.769897
          ],
          [
            -84.399049,
            33.76991
          ],
          [
            -84.39906,
            33.769922
          ],
          [
            -84.39907,
            33.769935
          ],
          [
            -84.399085,
            33.769953
          ],
          [
            -84.39909,
            33.769958
          ],
          [
            -84.399099,
            33.769967
          ],
          [
            -84.399109,
            33.769976
          ],
          [
            -84.399119,
            33.769984
          ],
          [
            -84.399129,
            33.769992
          ],
          [
            -84.399139,
            33.77
          ],
          [
            -84.399149,
            33.770009
          ],
          [
            -84.399158,
            33.770018
          ],
          [
            -84.399167,
            33.770027
          ],
          [
            -84.399176,
            33.770038
          ],
          [
            -84.399187,
            33.77005
          ],
          [
            -84.399205,
            33.770072
          ],
          [
            -84.399213,
            33.770079
          ],
          [
            -84.39922,
            33.770087
          ],
          [
            -84.399231,
            33.770096
          ],
          [
            -84.39924,
            33.770106
          ],
          [
            -84.399249,
            33.770117
          ],
          [
            -84.399258,
            33.770129
          ],
          [
            -84.399268,
            33.770142
          ],
          [
            -84.399285,
            33.770165
          ],
          [
            -84.399293,
            33.770174
          ],
          [
            -84.3993,
            33.770183
          ],
          [
            -84.399314,
            33.770203
          ],
          [
            -84.399318,
            33.770208
          ],
          [
            -84.399324,
            33.770218
          ],
          [
            -84.399329,
            33.770226
          ],
          [
            -84.399333,
            33.770235
          ],
          [
            -84.399337,
            33.770245
          ],
          [
            -84.399342,
            33.770255
          ],
          [
            -84.399354,
            33.770276
          ],
          [
            -84.39936,
            33.770287
          ],
          [
            -84.399365,
            33.770297
          ],
          [
            -84.399371,
            33.770308
          ],
          [
            -84.399376,
            33.770318
          ],
          [
            -84.399384,
            33.770331
          ],
          [
            -84.399394,
            33.770343
          ],
          [
            -84.399407,
            33.770354
          ],
          [
            -84.39943,
            33.77037
          ],
          [
            -84.399438,
            33.770375
          ],
          [
            -84.399465,
            33.770387
          ],
          [
            -84.399476,
            33.770392
          ],
          [
            -84.399487,
            33.770396
          ],
          [
            -84.399511,
            33.770404
          ],
          [
            -84.39952,
            33.770406
          ],
          [
            -84.399537,
            33.770412
          ],
          [
            -84.399554,
            33.770419
          ],
          [
            -84.399571,
            33.770427
          ],
          [
            -84.3996,
            33.770439
          ],
          [
            -84.399611,
            33.770445
          ],
          [
            -84.399623,
            33.77045
          ],
          [
            -84.399646,
            33.770463
          ],
          [
            -84.399654,
            33.770467
          ],
          [
            -84.399676,
            33.770482
          ],
          [
            -84.399684,
            33.770489
          ],
          [
            -84.399693,
            33.770495
          ],
          [
            -84.399706,
            33.770506
          ],
          [
            -84.399719,
            33.770516
          ],
          [
            -84.39974,
            33.770532
          ],
          [
            -84.399748,
            33.770538
          ],
          [
            -84.399756,
            33.770545
          ],
          [
            -84.399767,
            33.770556
          ],
          [
            -84.399778,
            33.770566
          ],
          [
            -84.399798,
            33.770584
          ],
          [
            -84.399805,
            33.77059
          ],
          [
            -84.399813,
            33.770597
          ],
          [
            -84.399825,
            33.770607
          ],
          [
            -84.399838,
            33.770617
          ],
          [
            -84.399857,
            33.770635
          ],
          [
            -84.399864,
            33.770641
          ],
          [
            -84.399871,
            33.770648
          ],
          [
            -84.39988,
            33.770659
          ],
          [
            -84.39989,
            33.77067
          ],
          [
            -84.3999,
            33.77068
          ],
          [
            -84.399908,
            33.770689
          ],
          [
            -84.399916,
            33.770698
          ],
          [
            -84.399926,
            33.770707
          ],
          [
            -84.399937,
            33.770716
          ],
          [
            -84.399949,
            33.770726
          ],
          [
            -84.399967,
            33.770741
          ],
          [
            -84.399973,
            33.770745
          ],
          [
            -84.399985,
            33.770753
          ],
          [
            -84.399997,
            33.770762
          ],
          [
            -84.40001,
            33.770772
          ],
          [
            -84.400028,
            33.770787
          ],
          [
            -84.400034,
            33.770792
          ],
          [
            -84.400046,
            33.770802
          ],
          [
            -84.400058,
            33.770811
          ],
          [
            -84.40007,
            33.770821
          ],
          [
            -84.400082,
            33.770831
          ],
          [
            -84.400094,
            33.770841
          ],
          [
            -84.400105,
            33.770851
          ],
          [
            -84.400117,
            33.770861
          ],
          [
            -84.400129,
            33.770871
          ],
          [
            -84.400147,
            33.770887
          ],
          [
            -84.400153,
            33.770892
          ],
          [
            -84.400164,
            33.770902
          ],
          [
            -84.400176,
            33.770913
          ],
          [
            -84.400188,
            33.770923
          ],
          [
            -84.4002,
            33.770933
          ],
          [
            -84.400212,
            33.770944
          ],
          [
            -84.400223,
            33.770954
          ],
          [
            -84.40024,
            33.77097
          ],
          [
            -84.400246,
            33.770975
          ],
          [
            -84.400258,
            33.770986
          ],
          [
            -84.400268,
            33.770997
          ],
          [
            -84.40028,
            33.771009
          ],
          [
            -84.400297,
            33.771028
          ],
          [
            -84.400303,
            33.771034
          ],
          [
            -84.400321,
            33.771053
          ],
          [
            -84.400329,
            33.77106
          ],
          [
            -84.400336,
            33.771068
          ],
          [
            -84.400352,
            33.771085
          ],
          [
            -84.400358,
            33.77109
          ],
          [
            -84.400376,
            33.771108
          ],
          [
            -84.400384,
            33.771114
          ],
          [
            -84.400391,
            33.771121
          ],
          [
            -84.400402,
            33.771131
          ],
          [
            -84.400413,
            33.771142
          ],
          [
            -84.400432,
            33.771159
          ],
          [
            -84.40044,
            33.771165
          ],
          [
            -84.400448,
            33.771172
          ],
          [
            -84.400459,
            33.771182
          ],
          [
            -84.40047,
            33.771191
          ],
          [
            -84.400482,
            33.771201
          ],
          [
            -84.400493,
            33.771211
          ],
          [
            -84.400505,
            33.771221
          ],
          [
            -84.400516,
            33.771232
          ],
          [
            -84.400527,
            33.771242
          ],
          [
            -84.400539,
            33.771252
          ],
          [
            -84.40055,
            33.771262
          ],
          [
            -84.400561,
            33.771272
          ],
          [
            -84.40058,
            33.771289
          ],
          [
            -84.400588,
            33.771296
          ],
          [
            -84.400595,
            33.771303
          ],
          [
            -84.400606,
            33.771313
          ],
          [
            -84.400617,
            33.771323
          ],
          [
            -84.400634,
            33.771341
          ],
          [
            -84.400642,
            33.771347
          ],
          [
            -84.400649,
            33.771354
          ],
          [
            -84.40066,
            33.771365
          ],
          [
            -84.40067,
            33.771375
          ],
          [
            -84.400681,
            33.771386
          ],
          [
            -84.400692,
            33.771396
          ],
          [
            -84.400702,
            33.771406
          ],
          [
            -84.400719,
            33.771423
          ],
          [
            -84.400727,
            33.77143
          ],
          [
            -84.400734,
            33.771436
          ],
          [
            -84.400744,
            33.771446
          ],
          [
            -84.400755,
            33.771455
          ],
          [
            -84.400766,
            33.771465
          ],
          [
            -84.400777,
            33.771475
          ],
          [
            -84.400788,
            33.771485
          ],
          [
            -84.400799,
            33.771495
          ],
          [
            -84.40081,
            33.771505
          ],
          [
            -84.400828,
            33.771522
          ],
          [
            -84.400835,
            33.771528
          ],
          [
            -84.400842,
            33.771535
          ],
          [
            -84.400853,
            33.771544
          ],
          [
            -84.400863,
            33.771554
          ],
          [
            -84.400883,
            33.77157
          ],
          [
            -84.400891,
            33.771577
          ],
          [
            -84.400899,
            33.771583
          ],
          [
            -84.400911,
            33.771593
          ],
          [
            -84.400923,
            33.771602
          ],
          [
            -84.400935,
            33.771611
          ],
          [
            -84.400946,
            33.77162
          ],
          [
            -84.400958,
            33.77163
          ],
          [
            -84.400976,
            33.771644
          ],
          [
            -84.400982,
            33.771649
          ],
          [
            -84.400995,
            33.771658
          ],
          [
            -84.401007,
            33.771668
          ],
          [
            -84.401019,
            33.771678
          ],
          [
            -84.401037,
            33.771694
          ],
          [
            -84.401044,
            33.7717
          ],
          [
            -84.40105,
            33.771706
          ],
          [
            -84.40106,
            33.771715
          ],
          [
            -84.40107,
            33.771725
          ],
          [
            -84.401081,
            33.771734
          ],
          [
            -84.401091,
            33.771744
          ],
          [
            -84.401102,
            33.771753
          ],
          [
            -84.401114,
            33.771763
          ],
          [
            -84.401126,
            33.771774
          ],
          [
            -84.401147,
            33.771794
          ],
          [
            -84.401156,
            33.771801
          ],
          [
            -84.401164,
            33.771809
          ],
          [
            -84.401182,
            33.771827
          ],
          [
            -84.401188,
            33.771832
          ],
          [
            -84.4012,
            33.771842
          ],
          [
            -84.401211,
            33.771853
          ],
          [
            -84.401223,
            33.771863
          ],
          [
            -84.401234,
            33.771874
          ],
          [
            -84.401245,
            33.771884
          ],
          [
            -84.401263,
            33.771902
          ],
          [
            -84.401271,
            33.77191
          ],
          [
            -84.401278,
            33.771917
          ],
          [
            -84.401289,
            33.771927
          ],
          [
            -84.401301,
            33.771938
          ],
          [
            -84.401312,
            33.771949
          ],
          [
            -84.401329,
            33.771964
          ],
          [
            -84.401335,
            33.771969
          ],
          [
            -84.401355,
            33.771987
          ],
          [
            -84.401363,
            33.771994
          ],
          [
            -84.401371,
            33.772001
          ],
          [
            -84.401382,
            33.772011
          ],
          [
            -84.401394,
            33.772021
          ],
          [
            -84.401405,
            33.772032
          ],
          [
            -84.401416,
            33.772042
          ],
          [
            -84.401428,
            33.772053
          ],
          [
            -84.401446,
            33.772068
          ],
          [
            -84.401452,
            33.772073
          ],
          [
            -84.401465,
            33.772082
          ],
          [
            -84.401478,
            33.772092
          ],
          [
            -84.401491,
            33.772102
          ],
          [
            -84.401511,
            33.772117
          ],
          [
            -84.401518,
            33.772122
          ],
          [
            -84.401539,
            33.77214
          ],
          [
            -84.401548,
            33.772148
          ],
          [
            -84.401556,
            33.772155
          ],
          [
            -84.401572,
            33.772172
          ],
          [
            -84.401578,
            33.772178
          ],
          [
            -84.40159,
            33.772188
          ],
          [
            -84.401601,
            33.772197
          ],
          [
            -84.401613,
            33.772207
          ],
          [
            -84.401633,
            33.772224
          ],
          [
            -84.401642,
            33.772231
          ],
          [
            -84.40165,
            33.772237
          ],
          [
            -84.401662,
            33.772246
          ],
          [
            -84.401676,
            33.772253
          ],
          [
            -84.40169,
            33.772259
          ],
          [
            -84.401705,
            33.772265
          ],
          [
            -84.40172,
            33.77227
          ],
          [
            -84.401735,
            33.772275
          ],
          [
            -84.401749,
            33.77228
          ],
          [
            -84.401764,
            33.772286
          ],
          [
            -84.401777,
            33.772293
          ],
          [
            -84.40179,
            33.7723
          ],
          [
            -84.401802,
            33.772308
          ],
          [
            -84.401814,
            33.772316
          ],
          [
            -84.401826,
            33.772324
          ],
          [
            -84.401837,
            33.77233
          ],
          [
            -84.401848,
            33.772337
          ],
          [
            -84.40186,
            33.772343
          ],
          [
            -84.401871,
            33.772347
          ],
          [
            -84.401881,
            33.772352
          ],
          [
            -84.401891,
            33.772359
          ],
          [
            -84.401903,
            33.772366
          ],
          [
            -84.401921,
            33.77238
          ],
          [
            -84.401928,
            33.772386
          ],
          [
            -84.401935,
            33.772392
          ],
          [
            -84.401945,
            33.772401
          ],
          [
            -84.401954,
            33.77241
          ],
          [
            -84.40197,
            33.772426
          ],
          [
            -84.401977,
            33.772431
          ],
          [
            -84.401983,
            33.772437
          ],
          [
            -84.401993,
            33.772445
          ],
          [
            -84.402004,
            33.772453
          ],
          [
            -84.402015,
            33.77246
          ],
          [
            -84.402026,
            33.772466
          ],
          [
            -84.402037,
            33.772473
          ],
          [
            -84.402049,
            33.772479
          ],
          [
            -84.40206,
            33.772484
          ],
          [
            -84.402072,
            33.772488
          ],
          [
            -84.402084,
            33.772494
          ],
          [
            -84.402097,
            33.7725
          ],
          [
            -84.402109,
            33.772506
          ],
          [
            -84.402117,
            33.772512
          ],
          [
            -84.402133,
            33.772523
          ],
          [
            -84.402142,
            33.772529
          ],
          [
            -84.40215,
            33.772535
          ],
          [
            -84.402159,
            33.772541
          ],
          [
            -84.402168,
            33.772547
          ],
          [
            -84.402177,
            33.772553
          ],
          [
            -84.402189,
            33.772561
          ],
          [
            -84.402199,
            33.772568
          ],
          [
            -84.402208,
            33.772576
          ],
          [
            -84.402218,
            33.772582
          ],
          [
            -84.402229,
            33.772589
          ],
          [
            -84.402247,
            33.772598
          ],
          [
            -84.402253,
            33.772601
          ],
          [
            -84.402265,
            33.772608
          ],
          [
            -84.402278,
            33.772615
          ],
          [
            -84.402292,
            33.772622
          ],
          [
            -84.402314,
            33.772633
          ],
          [
            -84.402322,
            33.772637
          ],
          [
            -84.402348,
            33.77265
          ],
          [
            -84.402357,
            33.772656
          ],
          [
            -84.402367,
            33.772661
          ],
          [
            -84.40238,
            33.772669
          ],
          [
            -84.402394,
            33.772676
          ],
          [
            -84.402417,
            33.772688
          ],
          [
            -84.402425,
            33.772693
          ],
          [
            -84.402434,
            33.772697
          ],
          [
            -84.402446,
            33.772704
          ],
          [
            -84.402459,
            33.77271
          ],
          [
            -84.402472,
            33.772716
          ],
          [
            -84.402487,
            33.772721
          ],
          [
            -84.402503,
            33.772724
          ],
          [
            -84.40252,
            33.772727
          ],
          [
            -84.402537,
            33.772729
          ],
          [
            -84.402553,
            33.772733
          ],
          [
            -84.402576,
            33.77274
          ],
          [
            -84.402584,
            33.772742
          ],
          [
            -84.402608,
            33.772753
          ],
          [
            -84.402616,
            33.772757
          ],
          [
            -84.402625,
            33.772761
          ],
          [
            -84.402636,
            33.772766
          ],
          [
            -84.402645,
            33.772769
          ],
          [
            -84.402666,
            33.772773
          ],
          [
            -84.402678,
            33.772776
          ],
          [
            -84.40269,
            33.772779
          ],
          [
            -84.402701,
            33.772782
          ],
          [
            -84.402713,
            33.772785
          ],
          [
            -84.402725,
            33.772788
          ],
          [
            -84.402737,
            33.772791
          ],
          [
            -84.402749,
            33.772794
          ],
          [
            -84.402765,
            33.772798
          ],
          [
            -84.402781,
            33.772802
          ],
          [
            -84.402805,
            33.772808
          ],
          [
            -84.402815,
            33.772811
          ],
          [
            -84.402824,
            33.772813
          ],
          [
            -84.402839,
            33.772818
          ],
          [
            -84.402853,
            33.772822
          ],
          [
            -84.402867,
            33.772827
          ],
          [
            -84.40288,
            33.772832
          ],
          [
            -84.402894,
            33.772838
          ],
          [
            -84.402909,
            33.772845
          ],
          [
            -84.402925,
            33.772853
          ],
          [
            -84.402941,
            33.772861
          ],
          [
            -84.402964,
            33.772871
          ],
          [
            -84.402972,
            33.772874
          ],
          [
            -84.402987,
            33.772881
          ],
          [
            -84.403003,
            33.772889
          ],
          [
            -84.403019,
            33.772897
          ],
          [
            -84.403043,
            33.772911
          ],
          [
            -84.403051,
            33.772916
          ],
          [
            -84.403065,
            33.772926
          ],
          [
            -84.403079,
            33.772936
          ],
          [
            -84.403093,
            33.772946
          ],
          [
            -84.403115,
            33.77296
          ],
          [
            -84.403122,
            33.772964
          ],
          [
            -84.403141,
            33.772975
          ],
          [
            -84.403148,
            33.772979
          ],
          [
            -84.403155,
            33.772983
          ],
          [
            -84.403176,
            33.772994
          ],
          [
            -84.403186,
            33.772999
          ],
          [
            -84.403196,
            33.773004
          ],
          [
            -84.403206,
            33.773009
          ],
          [
            -84.403216,
            33.773014
          ],
          [
            -84.40324,
            33.773024
          ],
          [
            -84.40325,
            33.773027
          ],
          [
            -84.403259,
            33.773031
          ],
          [
            -84.403271,
            33.773037
          ],
          [
            -84.403282,
            33.773044
          ],
          [
            -84.403293,
            33.773051
          ],
          [
            -84.403304,
            33.773058
          ],
          [
            -84.403316,
            33.773065
          ],
          [
            -84.40333,
            33.773072
          ],
          [
            -84.403345,
            33.77308
          ],
          [
            -84.403359,
            33.773088
          ],
          [
            -84.403373,
            33.773097
          ],
          [
            -84.403388,
            33.773104
          ],
          [
            -84.403403,
            33.773112
          ],
          [
            -84.403418,
            33.773119
          ],
          [
            -84.40344,
            33.773128
          ],
          [
            -84.40345,
            33.773131
          ],
          [
            -84.403459,
            33.773134
          ],
          [
            -84.403474,
            33.773137
          ],
          [
            -84.40349,
            33.77314
          ],
          [
            -84.403517,
            33.773145
          ],
          [
            -84.403527,
            33.773147
          ],
          [
            -84.403537,
            33.77315
          ],
          [
            -84.403552,
            33.773154
          ],
          [
            -84.403567,
            33.77316
          ],
          [
            -84.403582,
            33.773165
          ],
          [
            -84.403598,
            33.773171
          ],
          [
            -84.403614,
            33.773178
          ],
          [
            -84.403638,
            33.773191
          ],
          [
            -84.403648,
            33.773195
          ],
          [
            -84.403657,
            33.7732
          ],
          [
            -84.403671,
            33.773207
          ],
          [
            -84.403685,
            33.773213
          ],
          [
            -84.403697,
            33.773217
          ],
          [
            -84.40371,
            33.77322
          ],
          [
            -84.403724,
            33.773224
          ],
          [
            -84.40374,
            33.773228
          ],
          [
            -84.403756,
            33.773232
          ],
          [
            -84.403781,
            33.773237
          ],
          [
            -84.40379,
            33.773239
          ],
          [
            -84.4038,
            33.773241
          ],
          [
            -84.403813,
            33.773243
          ],
          [
            -84.403826,
            33.773246
          ],
          [
            -84.403839,
            33.773249
          ],
          [
            -84.403854,
            33.773253
          ],
          [
            -84.40387,
            33.773258
          ],
          [
            -84.403897,
            33.773267
          ],
          [
            -84.403908,
            33.77327
          ],
          [
            -84.403919,
            33.773274
          ],
          [
            -84.403933,
            33.773281
          ],
          [
            -84.403945,
            33.773288
          ],
          [
            -84.403962,
            33.7733
          ],
          [
            -84.403969,
            33.773305
          ],
          [
            -84.403976,
            33.773309
          ],
          [
            -84.403988,
            33.773313
          ],
          [
            -84.404,
            33.773317
          ],
          [
            -84.404012,
            33.77332
          ],
          [
            -84.404023,
            33.773323
          ],
          [
            -84.404034,
            33.773326
          ],
          [
            -84.404046,
            33.773329
          ],
          [
            -84.404057,
            33.773332
          ],
          [
            -84.404076,
            33.773339
          ],
          [
            -84.404087,
            33.773342
          ],
          [
            -84.404098,
            33.773346
          ],
          [
            -84.404109,
            33.773349
          ],
          [
            -84.40412,
            33.773353
          ],
          [
            -84.404131,
            33.773356
          ],
          [
            -84.404142,
            33.77336
          ],
          [
            -84.404153,
            33.773363
          ],
          [
            -84.404175,
            33.773371
          ],
          [
            -84.404183,
            33.773373
          ],
          [
            -84.404207,
            33.773379
          ],
          [
            -84.404215,
            33.77338
          ],
          [
            -84.404224,
            33.773382
          ],
          [
            -84.404235,
            33.773385
          ],
          [
            -84.404246,
            33.773387
          ],
          [
            -84.404259,
            33.77339
          ],
          [
            -84.404274,
            33.773394
          ],
          [
            -84.404289,
            33.773399
          ],
          [
            -84.404305,
            33.773404
          ],
          [
            -84.404321,
            33.773408
          ],
          [
            -84.404336,
            33.773411
          ],
          [
            -84.404352,
            33.773415
          ],
          [
            -84.404368,
            33.773419
          ],
          [
            -84.404397,
            33.773425
          ],
          [
            -84.404408,
            33.773427
          ],
          [
            -84.40442,
            33.77343
          ],
          [
            -84.404437,
            33.773434
          ],
          [
            -84.404455,
            33.773439
          ],
          [
            -84.404483,
            33.773447
          ],
          [
            -84.404494,
            33.773451
          ],
          [
            -84.404505,
            33.773454
          ],
          [
            -84.40452,
            33.773459
          ],
          [
            -84.404536,
            33.773465
          ],
          [
            -84.404562,
            33.773473
          ],
          [
            -84.404572,
            33.773477
          ],
          [
            -84.404582,
            33.77348
          ],
          [
            -84.404607,
            33.773485
          ],
          [
            -84.404617,
            33.773487
          ],
          [
            -84.404627,
            33.773488
          ],
          [
            -84.404642,
            33.77349
          ],
          [
            -84.404658,
            33.773492
          ],
          [
            -84.404673,
            33.773495
          ],
          [
            -84.404688,
            33.773499
          ],
          [
            -84.404703,
            33.773505
          ],
          [
            -84.404725,
            33.773518
          ],
          [
            -84.404733,
            33.773522
          ],
          [
            -84.404756,
            33.773536
          ],
          [
            -84.404765,
            33.773541
          ],
          [
            -84.404774,
            33.773546
          ],
          [
            -84.404788,
            33.773554
          ],
          [
            -84.4048,
            33.773562
          ],
          [
            -84.40481,
            33.77357
          ],
          [
            -84.40482,
            33.773579
          ],
          [
            -84.404829,
            33.773587
          ],
          [
            -84.404837,
            33.773596
          ],
          [
            -84.404846,
            33.773605
          ],
          [
            -84.404866,
            33.77362
          ],
          [
            -84.404875,
            33.773627
          ],
          [
            -84.404884,
            33.773633
          ],
          [
            -84.404897,
            33.773641
          ],
          [
            -84.404909,
            33.773648
          ],
          [
            -84.404921,
            33.773654
          ],
          [
            -84.404934,
            33.773661
          ],
          [
            -84.404948,
            33.773669
          ],
          [
            -84.404975,
            33.77368
          ],
          [
            -84.404986,
            33.773683
          ],
          [
            -84.404997,
            33.773687
          ],
          [
            -84.405023,
            33.773695
          ],
          [
            -84.405032,
            33.773697
          ],
          [
            -84.40506,
            33.773708
          ],
          [
            -84.405071,
            33.773712
          ],
          [
            -84.405082,
            33.773717
          ],
          [
            -84.405104,
            33.773729
          ],
          [
            -84.405111,
            33.773733
          ],
          [
            -84.405123,
            33.773742
          ],
          [
            -84.405133,
            33.773752
          ],
          [
            -84.405141,
            33.77376
          ],
          [
            -84.40515,
            33.773768
          ],
          [
            -84.405162,
            33.773776
          ],
          [
            -84.405176,
            33.773785
          ],
          [
            -84.405191,
            33.773793
          ],
          [
            -84.405208,
            33.773801
          ],
          [
            -84.405235,
            33.773811
          ],
          [
            -84.405245,
            33.773813
          ],
          [
            -84.405275,
            33.773822
          ],
          [
            -84.405286,
            33.773826
          ],
          [
            -84.405298,
            33.773829
          ],
          [
            -84.405327,
            33.773836
          ],
          [
            -84.405338,
            33.773839
          ],
          [
            -84.40535,
            33.773842
          ],
          [
            -84.405376,
            33.773849
          ],
          [
            -84.405385,
            33.773851
          ],
          [
            -84.405411,
            33.773858
          ],
          [
            -84.40542,
            33.77386
          ],
          [
            -84.40543,
            33.773863
          ],
          [
            -84.405445,
            33.773867
          ],
          [
            -84.405459,
            33.773871
          ],
          [
            -84.405474,
            33.773875
          ],
          [
            -84.405489,
            33.773879
          ],
          [
            -84.405505,
            33.773883
          ],
          [
            -84.405526,
            33.77389
          ],
          [
            -84.405533,
            33.773892
          ],
          [
            -84.405546,
            33.773897
          ],
          [
            -84.405558,
            33.773903
          ],
          [
            -84.40557,
            33.77391
          ],
          [
            -84.405582,
            33.773916
          ],
          [
            -84.405593,
            33.773921
          ],
          [
            -84.405604,
            33.773927
          ],
          [
            -84.405615,
            33.773934
          ],
          [
            -84.405627,
            33.773941
          ],
          [
            -84.405638,
            33.773946
          ],
          [
            -84.405649,
            33.773951
          ],
          [
            -84.405662,
            33.773956
          ],
          [
            -84.405675,
            33.773962
          ],
          [
            -84.405688,
            33.773969
          ],
          [
            -84.405708,
            33.77398
          ],
          [
            -84.405716,
            33.773984
          ],
          [
            -84.405723,
            33.773988
          ],
          [
            -84.40574,
            33.773998
          ],
          [
            -84.405748,
            33.774004
          ],
          [
            -84.405755,
            33.774009
          ],
          [
            -84.405763,
            33.774015
          ],
          [
            -84.40577,
            33.77402
          ],
          [
            -84.405779,
            33.774028
          ],
          [
            -84.405788,
            33.774039
          ],
          [
            -84.405808,
            33.774059
          ],
          [
            -84.405816,
            33.774067
          ],
          [
            -84.405825,
            33.774074
          ],
          [
            -84.405838,
            33.774083
          ],
          [
            -84.405851,
            33.774091
          ],
          [
            -84.405865,
            33.774099
          ],
          [
            -84.405879,
            33.774106
          ],
          [
            -84.405893,
            33.774112
          ],
          [
            -84.405912,
            33.774124
          ],
          [
            -84.405919,
            33.774128
          ],
          [
            -84.405931,
            33.774137
          ],
          [
            -84.405944,
            33.774147
          ],
          [
            -84.405955,
            33.774157
          ],
          [
            -84.405967,
            33.774167
          ],
          [
            -84.405977,
            33.774177
          ],
          [
            -84.405987,
            33.774185
          ],
          [
            -84.405998,
            33.774193
          ],
          [
            -84.406008,
            33.7742
          ],
          [
            -84.406018,
            33.774209
          ],
          [
            -84.406026,
            33.774218
          ],
          [
            -84.406034,
            33.774226
          ],
          [
            -84.406042,
            33.774234
          ],
          [
            -84.406052,
            33.774243
          ],
          [
            -84.40607,
            33.774259
          ],
          [
            -84.406077,
            33.774265
          ],
          [
            -84.406084,
            33.774271
          ],
          [
            -84.406095,
            33.774279
          ],
          [
            -84.406105,
            33.774287
          ],
          [
            -84.406125,
            33.774306
          ],
          [
            -84.406135,
            33.774314
          ],
          [
            -84.406144,
            33.774323
          ],
          [
            -84.406154,
            33.774331
          ],
          [
            -84.406163,
            33.77434
          ],
          [
            -84.406184,
            33.774355
          ],
          [
            -84.406193,
            33.77436
          ],
          [
            -84.406201,
            33.774365
          ],
          [
            -84.406223,
            33.774377
          ],
          [
            -84.406231,
            33.774383
          ],
          [
            -84.40624,
            33.774388
          ],
          [
            -84.406255,
            33.774397
          ],
          [
            -84.406269,
            33.774406
          ],
          [
            -84.406289,
            33.77442
          ],
          [
            -84.406296,
            33.774426
          ],
          [
            -84.406304,
            33.774432
          ],
          [
            -84.406315,
            33.774442
          ],
          [
            -84.406328,
            33.774451
          ],
          [
            -84.406338,
            33.774458
          ],
          [
            -84.406345,
            33.774465
          ],
          [
            -84.406352,
            33.774472
          ],
          [
            -84.406359,
            33.774481
          ],
          [
            -84.406367,
            33.77449
          ],
          [
            -84.406373,
            33.7745
          ],
          [
            -84.40638,
            33.77451
          ],
          [
            -84.406388,
            33.77452
          ],
          [
            -84.406402,
            33.774537
          ],
          [
            -84.406407,
            33.774542
          ],
          [
            -84.406417,
            33.774553
          ],
          [
            -84.406427,
            33.774565
          ],
          [
            -84.406437,
            33.774576
          ],
          [
            -84.406452,
            33.774593
          ],
          [
            -84.406457,
            33.774599
          ],
          [
            -84.406463,
            33.774605
          ],
          [
            -84.406471,
            33.774611
          ],
          [
            -84.406479,
            33.774618
          ],
          [
            -84.406488,
            33.774625
          ],
          [
            -84.406498,
            33.774634
          ],
          [
            -84.406508,
            33.774644
          ],
          [
            -84.406523,
            33.774661
          ],
          [
            -84.406529,
            33.774667
          ],
          [
            -84.40654,
            33.774678
          ],
          [
            -84.406549,
            33.774689
          ],
          [
            -84.406558,
            33.774701
          ],
          [
            -84.406564,
            33.774714
          ],
          [
            -84.406569,
            33.774728
          ],
          [
            -84.406573,
            33.774743
          ],
          [
            -84.406576,
            33.77476
          ],
          [
            -84.406579,
            33.774777
          ],
          [
            -84.406585,
            33.774801
          ],
          [
            -84.406588,
            33.774808
          ],
          [
            -84.406596,
            33.774831
          ],
          [
            -84.406599,
            33.774839
          ],
          [
            -84.406601,
            33.774848
          ],
          [
            -84.406603,
            33.77486
          ],
          [
            -84.406605,
            33.774872
          ],
          [
            -84.406607,
            33.774884
          ],
          [
            -84.40661,
            33.774896
          ],
          [
            -84.406614,
            33.774909
          ],
          [
            -84.406622,
            33.774929
          ],
          [
            -84.406625,
            33.774937
          ],
          [
            -84.406629,
            33.774945
          ],
          [
            -84.406635,
            33.774957
          ],
          [
            -84.406641,
            33.77497
          ],
          [
            -84.406646,
            33.774989
          ],
          [
            -84.406647,
            33.774995
          ],
          [
            -84.406649,
            33.775002
          ],
          [
            -84.406651,
            33.775012
          ],
          [
            -84.406654,
            33.775023
          ],
          [
            -84.406656,
            33.775035
          ],
          [
            -84.40666,
            33.775048
          ],
          [
            -84.406665,
            33.775061
          ],
          [
            -84.406675,
            33.775081
          ],
          [
            -84.406678,
            33.775087
          ],
          [
            -84.406684,
            33.775099
          ],
          [
            -84.406691,
            33.775113
          ],
          [
            -84.406698,
            33.775127
          ],
          [
            -84.406709,
            33.775148
          ],
          [
            -84.406713,
            33.775154
          ],
          [
            -84.406724,
            33.775175
          ],
          [
            -84.406729,
            33.775184
          ],
          [
            -84.406733,
            33.775192
          ],
          [
            -84.406739,
            33.775204
          ],
          [
            -84.406745,
            33.775215
          ],
          [
            -84.406751,
            33.775227
          ],
          [
            -84.406756,
            33.775239
          ],
          [
            -84.406762,
            33.775252
          ],
          [
            -84.406769,
            33.775265
          ],
          [
            -84.406774,
            33.775279
          ],
          [
            -84.40678,
            33.775293
          ],
          [
            -84.406788,
            33.775314
          ],
          [
            -84.406791,
            33.77532
          ],
          [
            -84.406797,
            33.775333
          ],
          [
            -84.406803,
            33.775347
          ],
          [
            -84.406809,
            33.775361
          ],
          [
            -84.406819,
            33.775382
          ],
          [
            -84.406823,
            33.775389
          ],
          [
            -84.406835,
            33.775411
          ],
          [
            -84.40684,
            33.775419
          ],
          [
            -84.406845,
            33.775428
          ],
          [
            -84.406853,
            33.775441
          ],
          [
            -84.40686,
            33.775454
          ],
          [
            -84.406874,
            33.775473
          ],
          [
            -84.406879,
            33.775481
          ],
          [
            -84.406884,
            33.775488
          ],
          [
            -84.40689,
            33.775498
          ],
          [
            -84.406894,
            33.775508
          ],
          [
            -84.406902,
            33.775527
          ],
          [
            -84.406905,
            33.775534
          ],
          [
            -84.406908,
            33.775542
          ],
          [
            -84.406914,
            33.775554
          ],
          [
            -84.406919,
            33.775566
          ],
          [
            -84.406924,
            33.775576
          ],
          [
            -84.406926,
            33.775581
          ],
          [
            -84.406926,
            33.775582
          ],
          [
            -84.406926,
            33.775583
          ],
          [
            -84.406927,
            33.775585
          ],
          [
            -84.406929,
            33.775588
          ],
          [
            -84.40693,
            33.775591
          ],
          [
            -84.406931,
            33.775593
          ],
          [
            -84.406932,
            33.775596
          ],
          [
            -84.406933,
            33.775599
          ],
          [
            -84.406935,
            33.775601
          ],
          [
            -84.406936,
            33.775604
          ],
          [
            -84.406937,
            33.775606
          ],
          [
            -84.406938,
            33.775609
          ],
          [
            -84.406939,
            33.775612
          ],
          [
            -84.406941,
            33.775614
          ],
          [
            -84.406942,
            33.775617
          ],
          [
            -84.406943,
            33.77562
          ],
          [
            -84.406944,
            33.775622
          ],
          [
            -84.406945,
            33.775625
          ],
          [
            -84.406947,
            33.775628
          ],
          [
            -84.406948,
            33.77563
          ],
          [
            -84.406949,
            33.775633
          ],
          [
            -84.40695,
            33.775636
          ],
          [
            -84.406951,
            33.775638
          ],
          [
            -84.406953,
            33.775641
          ],
          [
            -84.406954,
            33.775644
          ],
          [
            -84.406955,
            33.775646
          ],
          [
            -84.406956,
            33.775649
          ],
          [
            -84.406957,
            33.775651
          ],
          [
            -84.406958,
            33.775654
          ],
          [
            -84.40696,
            33.775657
          ],
          [
            -84.406961,
            33.775659
          ],
          [
            -84.406962,
            33.775662
          ],
          [
            -84.406963,
            33.775665
          ],
          [
            -84.406964,
            33.775667
          ],
          [
            -84.406966,
            33.77567
          ],
          [
            -84.406967,
            33.775673
          ],
          [
            -84.406968,
            33.775675
          ],
          [
            -84.406969,
            33.775678
          ],
          [
            -84.40697,
            33.775681
          ],
          [
            -84.406972,
            33.775683
          ],
          [
            -84.406973,
            33.775686
          ],
          [
            -84.406974,
            33.775689
          ],
          [
            -84.406975,
            33.775691
          ],
          [
            -84.406976,
            33.775694
          ],
          [
            -84.406978,
            33.775696
          ],
          [
            -84.406979,
            33.775699
          ],
          [
            -84.40698,
            33.775702
          ],
          [
            -84.406981,
            33.775704
          ],
          [
            -84.406982,
            33.775707
          ],
          [
            -84.406984,
            33.77571
          ],
          [
            -84.406985,
            33.775712
          ],
          [
            -84.406986,
            33.775715
          ],
          [
            -84.406989,
            33.775716
          ],
          [
            -84.406991,
            33.775718
          ],
          [
            -84.406993,
            33.775719
          ],
          [
            -84.406995,
            33.77572
          ],
          [
            -84.406997,
            33.775722
          ],
          [
            -84.406999,
            33.775723
          ],
          [
            -84.407002,
            33.775725
          ],
          [
            -84.407004,
            33.775726
          ],
          [
            -84.407006,
            33.775727
          ],
          [
            -84.407008,
            33.775729
          ],
          [
            -84.40701,
            33.77573
          ],
          [
            -84.407012,
            33.775731
          ],
          [
            -84.407014,
            33.775733
          ],
          [
            -84.407016,
            33.775734
          ],
          [
            -84.407018,
            33.775736
          ],
          [
            -84.40702,
            33.775737
          ],
          [
            -84.407022,
            33.775738
          ],
          [
            -84.407024,
            33.77574
          ],
          [
            -84.407027,
            33.775741
          ],
          [
            -84.407029,
            33.775742
          ],
          [
            -84.407031,
            33.775744
          ],
          [
            -84.407033,
            33.775745
          ],
          [
            -84.407035,
            33.775746
          ],
          [
            -84.407037,
            33.775748
          ],
          [
            -84.407039,
            33.775749
          ],
          [
            -84.407041,
            33.775751
          ],
          [
            -84.407043,
            33.775752
          ],
          [
            -84.407045,
            33.775753
          ],
          [
            -84.407047,
            33.775755
          ],
          [
            -84.407049,
            33.775756
          ],
          [
            -84.407052,
            33.775757
          ],
          [
            -84.407054,
            33.775759
          ],
          [
            -84.407056,
            33.77576
          ],
          [
            -84.407058,
            33.775762
          ],
          [
            -84.40706,
            33.775763
          ],
          [
            -84.407062,
            33.775764
          ],
          [
            -84.407064,
            33.775766
          ],
          [
            -84.407066,
            33.775767
          ],
          [
            -84.407068,
            33.775768
          ],
          [
            -84.40707,
            33.77577
          ],
          [
            -84.407072,
            33.775771
          ],
          [
            -84.407074,
            33.775772
          ],
          [
            -84.407077,
            33.775774
          ],
          [
            -84.407079,
            33.775775
          ],
          [
            -84.407081,
            33.775777
          ],
          [
            -84.407083,
            33.775778
          ],
          [
            -84.407085,
            33.775779
          ],
          [
            -84.407087,
            33.775781
          ],
          [
            -84.407089,
            33.775782
          ],
          [
            -84.407091,
            33.775783
          ],
          [
            -84.407093,
            33.775785
          ],
          [
            -84.407095,
            33.775786
          ],
          [
            -84.407097,
            33.775788
          ],
          [
            -84.407099,
            33.775789
          ],
          [
            -84.407102,
            33.77579
          ],
          [
            -84.407104,
            33.775792
          ],
          [
            -84.407106,
            33.775793
          ],
          [
            -84.407108,
            33.775794
          ],
          [
            -84.40711,
            33.775796
          ],
          [
            -84.407112,
            33.775797
          ],
          [
            -84.407114,
            33.775798
          ],
          [
            -84.407116,
            33.7758
          ],
          [
            -84.407118,
            33.775801
          ],
          [
            -84.40712,
            33.775803
          ],
          [
            -84.407122,
            33.775804
          ],
          [
            -84.407124,
            33.775805
          ],
          [
            -84.407127,
            33.775807
          ],
          [
            -84.407129,
            33.775808
          ],
          [
            -84.407131,
            33.775809
          ],
          [
            -84.407133,
            33.775811
          ],
          [
            -84.407135,
            33.775812
          ],
          [
            -84.407137,
            33.775814
          ],
          [
            -84.407152,
            33.775829
          ],
          [
            -84.407158,
            33.775834
          ],
          [
            -84.407179,
            33.77585
          ],
          [
            -84.407188,
            33.775856
          ],
          [
            -84.407197,
            33.775862
          ],
          [
            -84.407209,
            33.77587
          ],
          [
            -84.40722,
            33.775877
          ],
          [
            -84.407231,
            33.775885
          ],
          [
            -84.407242,
            33.775894
          ],
          [
            -84.407253,
            33.775903
          ],
          [
            -84.407264,
            33.775914
          ],
          [
            -84.407273,
            33.775926
          ],
          [
            -84.407285,
            33.775948
          ],
          [
            -84.407289,
            33.775956
          ],
          [
            -84.407294,
            33.775965
          ],
          [
            -84.407304,
            33.775986
          ],
          [
            -84.407307,
            33.775992
          ],
          [
            -84.407316,
            33.776011
          ],
          [
            -84.407318,
            33.776017
          ],
          [
            -84.407321,
            33.776023
          ],
          [
            -84.407324,
            33.77603
          ],
          [
            -84.407328,
            33.776035
          ],
          [
            -84.407332,
            33.77604
          ],
          [
            -84.407337,
            33.776044
          ],
          [
            -84.407341,
            33.776048
          ],
          [
            -84.407346,
            33.776052
          ],
          [
            -84.407352,
            33.776057
          ],
          [
            -84.407359,
            33.776063
          ],
          [
            -84.407369,
            33.776072
          ],
          [
            -84.407379,
            33.776082
          ],
          [
            -84.407391,
            33.776092
          ],
          [
            -84.407402,
            33.776103
          ],
          [
            -84.407413,
            33.776112
          ],
          [
            -84.407423,
            33.776122
          ],
          [
            -84.407433,
            33.776132
          ],
          [
            -84.407441,
            33.776142
          ],
          [
            -84.407449,
            33.776152
          ],
          [
            -84.407456,
            33.776163
          ],
          [
            -84.407463,
            33.776174
          ],
          [
            -84.40747,
            33.776184
          ],
          [
            -84.407478,
            33.776195
          ],
          [
            -84.407488,
            33.776207
          ],
          [
            -84.407498,
            33.77622
          ],
          [
            -84.407515,
            33.776241
          ],
          [
            -84.407523,
            33.776249
          ],
          [
            -84.40753,
            33.776258
          ],
          [
            -84.407545,
            33.776276
          ],
          [
            -84.407551,
            33.776282
          ],
          [
            -84.407571,
            33.776302
          ],
          [
            -84.407579,
            33.776309
          ],
          [
            -84.407587,
            33.776317
          ],
          [
            -84.407597,
            33.776327
          ],
          [
            -84.407607,
            33.776336
          ],
          [
            -84.407615,
            33.776345
          ],
          [
            -84.407624,
            33.776354
          ],
          [
            -84.407633,
            33.776364
          ],
          [
            -84.407648,
            33.776381
          ],
          [
            -84.407653,
            33.776387
          ],
          [
            -84.407664,
            33.776398
          ],
          [
            -84.407674,
            33.776409
          ],
          [
            -84.407684,
            33.77642
          ],
          [
            -84.407698,
            33.776434
          ],
          [
            -84.407703,
            33.776438
          ],
          [
            -84.407713,
            33.776446
          ],
          [
            -84.407722,
            33.776452
          ],
          [
            -84.407731,
            33.776458
          ],
          [
            -84.40774,
            33.776464
          ],
          [
            -84.407749,
            33.776471
          ],
          [
            -84.407756,
            33.776479
          ],
          [
            -84.407763,
            33.776488
          ],
          [
            -84.407769,
            33.776496
          ],
          [
            -84.407783,
            33.776516
          ],
          [
            -84.407791,
            33.776526
          ],
          [
            -84.407798,
            33.776536
          ],
          [
            -84.407806,
            33.776546
          ],
          [
            -84.407813,
            33.776556
          ],
          [
            -84.407827,
            33.776572
          ],
          [
            -84.407833,
            33.776579
          ],
          [
            -84.407839,
            33.776585
          ],
          [
            -84.407852,
            33.776595
          ],
          [
            -84.407865,
            33.776606
          ],
          [
            -84.407883,
            33.77662
          ],
          [
            -84.407889,
            33.776626
          ],
          [
            -84.407896,
            33.776632
          ],
          [
            -84.407906,
            33.776643
          ],
          [
            -84.407917,
            33.776655
          ],
          [
            -84.407933,
            33.776672
          ],
          [
            -84.40794,
            33.77668
          ],
          [
            -84.407946,
            33.776687
          ],
          [
            -84.407955,
            33.7767
          ],
          [
            -84.407965,
            33.776712
          ],
          [
            -84.407982,
            33.776734
          ],
          [
            -84.407989,
            33.776742
          ],
          [
            -84.407996,
            33.776751
          ],
          [
            -84.408004,
            33.776764
          ],
          [
            -84.408012,
            33.776777
          ],
          [
            -84.40802,
            33.776791
          ],
          [
            -84.408031,
            33.776812
          ],
          [
            -84.408035,
            33.776818
          ],
          [
            -84.408043,
            33.776831
          ],
          [
            -84.408052,
            33.776844
          ],
          [
            -84.408061,
            33.776856
          ],
          [
            -84.408074,
            33.776876
          ],
          [
            -84.408079,
            33.776882
          ],
          [
            -84.408089,
            33.776896
          ],
          [
            -84.408098,
            33.776908
          ],
          [
            -84.408109,
            33.77692
          ],
          [
            -84.408119,
            33.776933
          ],
          [
            -84.408132,
            33.776944
          ],
          [
            -84.408155,
            33.776962
          ],
          [
            -84.408165,
            33.776968
          ],
          [
            -84.408175,
            33.776975
          ],
          [
            -84.408189,
            33.776984
          ],
          [
            -84.408203,
            33.776993
          ],
          [
            -84.40822,
            33.777008
          ],
          [
            -84.408226,
            33.777013
          ],
          [
            -84.408232,
            33.777019
          ],
          [
            -84.408249,
            33.777033
          ],
          [
            -84.408257,
            33.777041
          ],
          [
            -84.408265,
            33.777048
          ],
          [
            -84.408273,
            33.777056
          ],
          [
            -84.408281,
            33.777063
          ],
          [
            -84.408292,
            33.777073
          ],
          [
            -84.408302,
            33.777083
          ],
          [
            -84.408311,
            33.777094
          ],
          [
            -84.408324,
            33.777112
          ],
          [
            -84.408328,
            33.777117
          ],
          [
            -84.408335,
            33.77713
          ],
          [
            -84.408342,
            33.777142
          ],
          [
            -84.408348,
            33.777154
          ],
          [
            -84.408354,
            33.777166
          ],
          [
            -84.40836,
            33.777178
          ],
          [
            -84.408375,
            33.777197
          ],
          [
            -84.408381,
            33.777205
          ],
          [
            -84.408388,
            33.777212
          ],
          [
            -84.408396,
            33.777221
          ],
          [
            -84.408402,
            33.777227
          ],
          [
            -84.40841,
            33.777236
          ],
          [
            -84.408414,
            33.777242
          ],
          [
            -84.408418,
            33.777248
          ],
          [
            -84.408421,
            33.777255
          ],
          [
            -84.408425,
            33.777261
          ],
          [
            -84.408429,
            33.777267
          ],
          [
            -84.408433,
            33.777273
          ],
          [
            -84.408437,
            33.777279
          ],
          [
            -84.408441,
            33.777285
          ],
          [
            -84.408444,
            33.777292
          ],
          [
            -84.408448,
            33.777298
          ],
          [
            -84.408452,
            33.777304
          ],
          [
            -84.408456,
            33.77731
          ],
          [
            -84.408473,
            33.777325
          ],
          [
            -84.408479,
            33.777331
          ],
          [
            -84.408486,
            33.777337
          ],
          [
            -84.408495,
            33.777347
          ],
          [
            -84.408504,
            33.777357
          ],
          [
            -84.408514,
            33.777368
          ],
          [
            -84.408524,
            33.777379
          ],
          [
            -84.408535,
            33.777389
          ],
          [
            -84.40855,
            33.777405
          ],
          [
            -84.408555,
            33.77741
          ],
          [
            -84.408565,
            33.777421
          ],
          [
            -84.408575,
            33.777432
          ],
          [
            -84.408585,
            33.777444
          ],
          [
            -84.408601,
            33.777462
          ],
          [
            -84.408606,
            33.777468
          ],
          [
            -84.408615,
            33.77748
          ],
          [
            -84.408624,
            33.777491
          ],
          [
            -84.408632,
            33.777502
          ],
          [
            -84.40864,
            33.777512
          ],
          [
            -84.40865,
            33.777522
          ],
          [
            -84.40866,
            33.777532
          ],
          [
            -84.40867,
            33.777542
          ],
          [
            -84.40868,
            33.777552
          ],
          [
            -84.408695,
            33.77757
          ],
          [
            -84.408701,
            33.777577
          ],
          [
            -84.408707,
            33.777584
          ],
          [
            -84.408714,
            33.777594
          ],
          [
            -84.40872,
            33.777603
          ],
          [
            -84.408727,
            33.777611
          ],
          [
            -84.408734,
            33.77762
          ],
          [
            -84.408742,
            33.777631
          ],
          [
            -84.408752,
            33.777642
          ],
          [
            -84.408763,
            33.777654
          ],
          [
            -84.408784,
            33.777674
          ],
          [
            -84.408792,
            33.777682
          ],
          [
            -84.408801,
            33.77769
          ],
          [
            -84.40882,
            33.777708
          ],
          [
            -84.408827,
            33.777713
          ],
          [
            -84.408848,
            33.777733
          ],
          [
            -84.408856,
            33.777742
          ],
          [
            -84.408864,
            33.77775
          ],
          [
            -84.408883,
            33.777769
          ],
          [
            -84.408889,
            33.777775
          ],
          [
            -84.408913,
            33.777796
          ],
          [
            -84.408922,
            33.777804
          ],
          [
            -84.408932,
            33.777812
          ],
          [
            -84.408955,
            33.777832
          ],
          [
            -84.408964,
            33.777839
          ],
          [
            -84.408973,
            33.777847
          ],
          [
            -84.408985,
            33.777858
          ],
          [
            -84.408997,
            33.77787
          ],
          [
            -84.409015,
            33.77789
          ],
          [
            -84.409021,
            33.777897
          ],
          [
            -84.409028,
            33.777905
          ],
          [
            -84.409038,
            33.777916
          ],
          [
            -84.409047,
            33.777927
          ],
          [
            -84.409064,
            33.777943
          ],
          [
            -84.409071,
            33.777951
          ],
          [
            -84.409078,
            33.777958
          ],
          [
            -84.409094,
            33.777976
          ],
          [
            -84.409099,
            33.777982
          ],
          [
            -84.409114,
            33.778002
          ],
          [
            -84.40912,
            33.778011
          ],
          [
            -84.409126,
            33.778019
          ],
          [
            -84.409141,
            33.778035
          ],
          [
            -84.409147,
            33.77804
          ],
          [
            -84.409159,
            33.77805
          ],
          [
            -84.409171,
            33.778059
          ],
          [
            -84.409183,
            33.77807
          ],
          [
            -84.409194,
            33.778081
          ],
          [
            -84.409204,
            33.778092
          ],
          [
            -84.409214,
            33.778103
          ],
          [
            -84.409224,
            33.778113
          ],
          [
            -84.409235,
            33.778123
          ],
          [
            -84.409256,
            33.778138
          ],
          [
            -84.409265,
            33.778145
          ],
          [
            -84.409273,
            33.778151
          ],
          [
            -84.409292,
            33.778164
          ],
          [
            -84.409299,
            33.778168
          ],
          [
            -84.409311,
            33.778177
          ],
          [
            -84.409323,
            33.778187
          ],
          [
            -84.409334,
            33.778196
          ],
          [
            -84.409344,
            33.778206
          ],
          [
            -84.409355,
            33.778217
          ],
          [
            -84.409372,
            33.778235
          ],
          [
            -84.409379,
            33.778243
          ],
          [
            -84.409385,
            33.77825
          ],
          [
            -84.409392,
            33.778261
          ],
          [
            -84.409399,
            33.778272
          ],
          [
            -84.409413,
            33.778292
          ],
          [
            -84.409419,
            33.7783
          ],
          [
            -84.409425,
            33.778308
          ],
          [
            -84.409435,
            33.778319
          ],
          [
            -84.409445,
            33.77833
          ],
          [
            -84.409456,
            33.778341
          ],
          [
            -84.409471,
            33.778356
          ],
          [
            -84.409476,
            33.778361
          ],
          [
            -84.409485,
            33.778371
          ],
          [
            -84.409494,
            33.778381
          ],
          [
            -84.409502,
            33.778391
          ],
          [
            -84.409509,
            33.778401
          ],
          [
            -84.409517,
            33.778411
          ],
          [
            -84.409526,
            33.778421
          ],
          [
            -84.409535,
            33.778431
          ],
          [
            -84.409543,
            33.778442
          ],
          [
            -84.409554,
            33.778459
          ],
          [
            -84.409558,
            33.778465
          ],
          [
            -84.409564,
            33.778477
          ],
          [
            -84.40957,
            33.778489
          ],
          [
            -84.409575,
            33.778501
          ],
          [
            -84.40958,
            33.778514
          ],
          [
            -84.409585,
            33.778526
          ],
          [
            -84.409596,
            33.778542
          ],
          [
            -84.409601,
            33.778547
          ],
          [
            -84.409605,
            33.778553
          ],
          [
            -84.409611,
            33.778561
          ],
          [
            -84.409617,
            33.778569
          ],
          [
            -84.409625,
            33.778578
          ],
          [
            -84.409633,
            33.778588
          ],
          [
            -84.409643,
            33.778599
          ],
          [
            -84.409663,
            33.778618
          ],
          [
            -84.409671,
            33.778626
          ],
          [
            -84.409679,
            33.778634
          ],
          [
            -84.409693,
            33.778644
          ],
          [
            -84.409707,
            33.778655
          ],
          [
            -84.409731,
            33.77867
          ],
          [
            -84.409741,
            33.778675
          ],
          [
            -84.40975,
            33.778681
          ],
          [
            -84.409773,
            33.778695
          ],
          [
            -84.409781,
            33.778699
          ],
          [
            -84.409796,
            33.778708
          ],
          [
            -84.409811,
            33.778716
          ],
          [
            -84.409826,
            33.778726
          ],
          [
            -84.409848,
            33.77874
          ],
          [
            -84.409856,
            33.778744
          ],
          [
            -84.409881,
            33.778756
          ],
          [
            -84.409891,
            33.77876
          ],
          [
            -84.409901,
            33.778765
          ],
          [
            -84.409913,
            33.778771
          ],
          [
            -84.409926,
            33.778776
          ],
          [
            -84.409938,
            33.778784
          ],
          [
            -84.409952,
            33.778792
          ],
          [
            -84.409965,
            33.778802
          ],
          [
            -84.409984,
            33.778817
          ],
          [
            -84.409992,
            33.778822
          ],
          [
            -84.409999,
            33.778828
          ],
          [
            -84.410009,
            33.778837
          ],
          [
            -84.410019,
            33.778846
          ],
          [
            -84.410037,
            33.778861
          ],
          [
            -84.410044,
            33.778867
          ],
          [
            -84.410052,
            33.778873
          ],
          [
            -84.410064,
            33.778881
          ],
          [
            -84.410076,
            33.778887
          ],
          [
            -84.410086,
            33.778892
          ],
          [
            -84.410095,
            33.778895
          ],
          [
            -84.410103,
            33.778899
          ],
          [
            -84.410107,
            33.778906
          ],
          [
            -84.410106,
            33.778911
          ],
          [
            -84.410106,
            33.778915
          ],
          [
            -84.410106,
            33.778919
          ],
          [
            -84.410106,
            33.778923
          ],
          [
            -84.410105,
            33.778928
          ],
          [
            -84.410105,
            33.778932
          ],
          [
            -84.410105,
            33.778936
          ],
          [
            -84.410105,
            33.77894
          ],
          [
            -84.410104,
            33.778945
          ],
          [
            -84.410104,
            33.778949
          ],
          [
            -84.410104,
            33.778953
          ],
          [
            -84.410104,
            33.778957
          ],
          [
            -84.410103,
            33.778962
          ],
          [
            -84.410103,
            33.778966
          ],
          [
            -84.410099,
            33.778992
          ],
          [
            -84.410098,
            33.779003
          ],
          [
            -84.410096,
            33.779013
          ],
          [
            -84.410093,
            33.779028
          ],
          [
            -84.410088,
            33.779043
          ],
          [
            -84.410077,
            33.779064
          ],
          [
            -84.410072,
            33.779072
          ],
          [
            -84.410067,
            33.779079
          ],
          [
            -84.410058,
            33.779092
          ],
          [
            -84.410056,
            33.779096
          ],
          [
            -84.410055,
            33.779104
          ],
          [
            -84.410058,
            33.779113
          ],
          [
            -84.410062,
            33.779125
          ],
          [
            -84.410068,
            33.779138
          ],
          [
            -84.410073,
            33.77915
          ],
          [
            -84.410082,
            33.779169
          ],
          [
            -84.410085,
            33.779176
          ],
          [
            -84.410089,
            33.779183
          ],
          [
            -84.410093,
            33.77919
          ],
          [
            -84.410097,
            33.779195
          ],
          [
            -84.4101,
            33.7792
          ],
          [
            -84.410104,
            33.779206
          ],
          [
            -84.41011,
            33.779215
          ],
          [
            -84.410118,
            33.779226
          ],
          [
            -84.410125,
            33.779238
          ],
          [
            -84.410132,
            33.779251
          ],
          [
            -84.410142,
            33.779271
          ],
          [
            -84.410146,
            33.779277
          ],
          [
            -84.410154,
            33.77929
          ],
          [
            -84.410162,
            33.779303
          ],
          [
            -84.41017,
            33.779316
          ],
          [
            -84.41018,
            33.779335
          ],
          [
            -84.410184,
            33.779341
          ],
          [
            -84.410195,
            33.779362
          ],
          [
            -84.410199,
            33.779371
          ],
          [
            -84.410204,
            33.779379
          ],
          [
            -84.410211,
            33.779392
          ],
          [
            -84.410218,
            33.779404
          ],
          [
            -84.410227,
            33.779425
          ],
          [
            -84.410231,
            33.779434
          ],
          [
            -84.410234,
            33.779442
          ],
          [
            -84.410238,
            33.779454
          ],
          [
            -84.410242,
            33.779464
          ],
          [
            -84.410245,
            33.779474
          ],
          [
            -84.410248,
            33.779485
          ],
          [
            -84.410253,
            33.779497
          ],
          [
            -84.410262,
            33.779519
          ],
          [
            -84.410265,
            33.779528
          ],
          [
            -84.410269,
            33.779536
          ],
          [
            -84.410274,
            33.779548
          ],
          [
            -84.410281,
            33.77956
          ],
          [
            -84.410294,
            33.779579
          ],
          [
            -84.410299,
            33.779587
          ],
          [
            -84.410305,
            33.779594
          ],
          [
            -84.410314,
            33.779602
          ],
          [
            -84.410325,
            33.779607
          ],
          [
            -84.410335,
            33.779611
          ],
          [
            -84.410344,
            33.779617
          ],
          [
            -84.41035,
            33.779623
          ],
          [
            -84.410356,
            33.77963
          ],
          [
            -84.410362,
            33.779639
          ],
          [
            -84.410366,
            33.779649
          ],
          [
            -84.41037,
            33.779659
          ],
          [
            -84.410372,
            33.779666
          ],
          [
            -84.410373,
            33.779672
          ],
          [
            -84.410371,
            33.779676
          ],
          [
            -84.410368,
            33.779679
          ],
          [
            -84.410365,
            33.779683
          ],
          [
            -84.410362,
            33.779688
          ],
          [
            -84.41036,
            33.779695
          ],
          [
            -84.410357,
            33.779702
          ],
          [
            -84.410354,
            33.779708
          ],
          [
            -84.410352,
            33.779708
          ],
          [
            -84.410351,
            33.779709
          ],
          [
            -84.410349,
            33.779709
          ],
          [
            -84.410348,
            33.779709
          ],
          [
            -84.410347,
            33.779709
          ],
          [
            -84.410345,
            33.779709
          ],
          [
            -84.410344,
            33.779709
          ],
          [
            -84.410343,
            33.77971
          ],
          [
            -84.410341,
            33.77971
          ],
          [
            -84.41034,
            33.77971
          ],
          [
            -84.410338,
            33.77971
          ],
          [
            -84.410337,
            33.77971
          ],
          [
            -84.410336,
            33.77971
          ],
          [
            -84.410334,
            33.779711
          ],
          [
            -84.410333,
            33.779711
          ],
          [
            -84.410331,
            33.779711
          ],
          [
            -84.41033,
            33.779711
          ],
          [
            -84.410329,
            33.779711
          ],
          [
            -84.410327,
            33.779711
          ],
          [
            -84.410326,
            33.779712
          ],
          [
            -84.410324,
            33.779712
          ],
          [
            -84.410323,
            33.779712
          ],
          [
            -84.410322,
            33.779712
          ],
          [
            -84.41032,
            33.779712
          ],
          [
            -84.410319,
            33.779712
          ],
          [
            -84.410318,
            33.779713
          ],
          [
            -84.410316,
            33.779713
          ],
          [
            -84.410315,
            33.779713
          ],
          [
            -84.410313,
            33.779713
          ],
          [
            -84.410312,
            33.779713
          ],
          [
            -84.410311,
            33.779713
          ],
          [
            -84.410309,
            33.779714
          ],
          [
            -84.410308,
            33.779714
          ],
          [
            -84.410306,
            33.779714
          ],
          [
            -84.410305,
            33.779714
          ],
          [
            -84.410304,
            33.779714
          ],
          [
            -84.410302,
            33.779714
          ],
          [
            -84.410301,
            33.779715
          ],
          [
            -84.410299,
            33.779715
          ],
          [
            -84.410298,
            33.779715
          ],
          [
            -84.410297,
            33.779715
          ],
          [
            -84.410295,
            33.779715
          ],
          [
            -84.410294,
            33.779715
          ],
          [
            -84.410293,
            33.779716
          ],
          [
            -84.410291,
            33.779716
          ],
          [
            -84.41029,
            33.779716
          ],
          [
            -84.410288,
            33.779716
          ],
          [
            -84.410287,
            33.779716
          ],
          [
            -84.410286,
            33.779716
          ],
          [
            -84.410284,
            33.779717
          ],
          [
            -84.410283,
            33.779717
          ],
          [
            -84.410281,
            33.779717
          ],
          [
            -84.41028,
            33.779717
          ],
          [
            -84.410251,
            33.779716
          ],
          [
            -84.410238,
            33.779715
          ],
          [
            -84.410226,
            33.779715
          ],
          [
            -84.4102,
            33.779714
          ],
          [
            -84.410192,
            33.779713
          ],
          [
            -84.410166,
            33.779711
          ],
          [
            -84.410153,
            33.779711
          ],
          [
            -84.410141,
            33.779711
          ],
          [
            -84.410128,
            33.779711
          ],
          [
            -84.410116,
            33.779711
          ],
          [
            -84.410099,
            33.779711
          ],
          [
            -84.410084,
            33.779712
          ],
          [
            -84.41007,
            33.779711
          ],
          [
            -84.410054,
            33.77971
          ],
          [
            -84.410036,
            33.779709
          ],
          [
            -84.410016,
            33.779708
          ],
          [
            -84.409996,
            33.779707
          ],
          [
            -84.409976,
            33.779706
          ],
          [
            -84.409947,
            33.779707
          ],
          [
            -84.409937,
            33.779708
          ],
          [
            -84.409906,
            33.779714
          ],
          [
            -84.409893,
            33.779717
          ],
          [
            -84.409881,
            33.77972
          ],
          [
            -84.409863,
            33.779724
          ],
          [
            -84.409844,
            33.779727
          ],
          [
            -84.409824,
            33.77973
          ],
          [
            -84.409795,
            33.779734
          ],
          [
            -84.409785,
            33.779735
          ],
          [
            -84.409754,
            33.779739
          ],
          [
            -84.409741,
            33.779741
          ],
          [
            -84.409729,
            33.779743
          ],
          [
            -84.409701,
            33.779746
          ],
          [
            -84.409692,
            33.779746
          ],
          [
            -84.409662,
            33.779748
          ],
          [
            -84.40965,
            33.779748
          ],
          [
            -84.409638,
            33.779749
          ],
          [
            -84.409613,
            33.779751
          ],
          [
            -84.409604,
            33.779751
          ],
          [
            -84.409587,
            33.779752
          ],
          [
            -84.40957,
            33.779752
          ],
          [
            -84.409553,
            33.779751
          ],
          [
            -84.409527,
            33.779751
          ],
          [
            -84.409519,
            33.77975
          ],
          [
            -84.409503,
            33.779749
          ],
          [
            -84.409487,
            33.779748
          ],
          [
            -84.409471,
            33.779748
          ],
          [
            -84.409445,
            33.77975
          ],
          [
            -84.409436,
            33.77975
          ],
          [
            -84.409426,
            33.779751
          ],
          [
            -84.409411,
            33.779752
          ],
          [
            -84.409395,
            33.779754
          ],
          [
            -84.409367,
            33.779753
          ],
          [
            -84.409355,
            33.779753
          ],
          [
            -84.409344,
            33.779752
          ],
          [
            -84.409326,
            33.779751
          ],
          [
            -84.409309,
            33.77975
          ],
          [
            -84.409281,
            33.779749
          ],
          [
            -84.40927,
            33.77975
          ],
          [
            -84.409259,
            33.77975
          ],
          [
            -84.409233,
            33.779746
          ],
          [
            -84.409224,
            33.779744
          ],
          [
            -84.409206,
            33.77974
          ],
          [
            -84.409189,
            33.779736
          ],
          [
            -84.409171,
            33.779732
          ],
          [
            -84.409146,
            33.779726
          ],
          [
            -84.409138,
            33.779723
          ],
          [
            -84.409124,
            33.779718
          ],
          [
            -84.409112,
            33.779713
          ],
          [
            -84.409103,
            33.779704
          ],
          [
            -84.409088,
            33.779686
          ],
          [
            -84.409082,
            33.779679
          ],
          [
            -84.40906,
            33.77966
          ],
          [
            -84.409052,
            33.779653
          ],
          [
            -84.409043,
            33.779647
          ],
          [
            -84.409029,
            33.779639
          ],
          [
            -84.409016,
            33.77963
          ],
          [
            -84.409003,
            33.779621
          ],
          [
            -84.408989,
            33.779614
          ],
          [
            -84.408973,
            33.779611
          ],
          [
            -84.408939,
            33.779616
          ],
          [
            -84.408925,
            33.779618
          ],
          [
            -84.408911,
            33.779621
          ],
          [
            -84.408891,
            33.779625
          ],
          [
            -84.408871,
            33.779627
          ],
          [
            -84.408839,
            33.779628
          ],
          [
            -84.408828,
            33.779627
          ],
          [
            -84.408816,
            33.779626
          ],
          [
            -84.408798,
            33.779625
          ],
          [
            -84.40878,
            33.779627
          ],
          [
            -84.408749,
            33.779633
          ],
          [
            -84.408737,
            33.779636
          ],
          [
            -84.408724,
            33.779639
          ],
          [
            -84.408697,
            33.779641
          ],
          [
            -84.408688,
            33.779641
          ],
          [
            -84.40867,
            33.779641
          ],
          [
            -84.408651,
            33.779641
          ],
          [
            -84.408633,
            33.779641
          ],
          [
            -84.408601,
            33.779644
          ],
          [
            -84.408588,
            33.779646
          ],
          [
            -84.408575,
            33.779647
          ],
          [
            -84.408555,
            33.77965
          ],
          [
            -84.408535,
            33.779652
          ],
          [
            -84.408502,
            33.779656
          ],
          [
            -84.408489,
            33.779658
          ],
          [
            -84.408476,
            33.77966
          ],
          [
            -84.408447,
            33.779667
          ],
          [
            -84.408437,
            33.779669
          ],
          [
            -84.408404,
            33.779676
          ],
          [
            -84.408391,
            33.779678
          ],
          [
            -84.408378,
            33.779681
          ],
          [
            -84.408349,
            33.779687
          ],
          [
            -84.408339,
            33.779688
          ],
          [
            -84.408308,
            33.779695
          ],
          [
            -84.408297,
            33.779698
          ],
          [
            -84.408285,
            33.779701
          ],
          [
            -84.408269,
            33.779707
          ],
          [
            -84.408252,
            33.779713
          ],
          [
            -84.408223,
            33.779719
          ],
          [
            -84.408211,
            33.77972
          ],
          [
            -84.408199,
            33.779722
          ],
          [
            -84.408181,
            33.779724
          ],
          [
            -84.408163,
            33.779726
          ],
          [
            -84.408145,
            33.779727
          ],
          [
            -84.408119,
            33.779727
          ],
          [
            -84.408111,
            33.779726
          ],
          [
            -84.408094,
            33.779723
          ],
          [
            -84.408077,
            33.779719
          ],
          [
            -84.408061,
            33.779714
          ],
          [
            -84.408036,
            33.779707
          ],
          [
            -84.408028,
            33.779705
          ],
          [
            -84.408012,
            33.779702
          ],
          [
            -84.40798,
            33.779698
          ],
          [
            -84.407966,
            33.779696
          ],
          [
            -84.407953,
            33.779693
          ],
          [
            -84.407941,
            33.779688
          ],
          [
            -84.407927,
            33.779684
          ],
          [
            -84.407913,
            33.77968
          ],
          [
            -84.40789,
            33.779677
          ],
          [
            -84.407882,
            33.779676
          ],
          [
            -84.407866,
            33.779677
          ],
          [
            -84.40785,
            33.779679
          ],
          [
            -84.407834,
            33.779682
          ],
          [
            -84.407819,
            33.779685
          ],
          [
            -84.407806,
            33.779688
          ],
          [
            -84.407794,
            33.779689
          ],
          [
            -84.407782,
            33.779689
          ],
          [
            -84.407771,
            33.779688
          ],
          [
            -84.407759,
            33.779687
          ],
          [
            -84.407751,
            33.779686
          ],
          [
            -84.407747,
            33.779687
          ],
          [
            -84.407743,
            33.779688
          ],
          [
            -84.407738,
            33.779689
          ],
          [
            -84.407732,
            33.779689
          ],
          [
            -84.407726,
            33.779688
          ],
          [
            -84.40772,
            33.779689
          ],
          [
            -84.407716,
            33.779693
          ],
          [
            -84.407713,
            33.7797
          ],
          [
            -84.407712,
            33.77971
          ],
          [
            -84.407712,
            33.779722
          ],
          [
            -84.407711,
            33.779734
          ],
          [
            -84.40771,
            33.779747
          ],
          [
            -84.407707,
            33.77976
          ],
          [
            -84.407701,
            33.779783
          ],
          [
            -84.4077,
            33.779791
          ],
          [
            -84.407698,
            33.7798
          ],
          [
            -84.407697,
            33.779813
          ],
          [
            -84.407695,
            33.779826
          ],
          [
            -84.407692,
            33.779839
          ],
          [
            -84.40769,
            33.779852
          ],
          [
            -84.407689,
            33.779867
          ],
          [
            -84.407687,
            33.77988
          ],
          [
            -84.407685,
            33.779894
          ],
          [
            -84.407683,
            33.779906
          ],
          [
            -84.407679,
            33.779924
          ],
          [
            -84.407677,
            33.779934
          ],
          [
            -84.407675,
            33.779943
          ],
          [
            -84.407673,
            33.779953
          ],
          [
            -84.407671,
            33.779962
          ],
          [
            -84.407669,
            33.779972
          ],
          [
            -84.407667,
            33.779981
          ],
          [
            -84.407666,
            33.779995
          ],
          [
            -84.407667,
            33.780008
          ],
          [
            -84.407667,
            33.780023
          ],
          [
            -84.407668,
            33.780045
          ],
          [
            -84.407669,
            33.780052
          ],
          [
            -84.40767,
            33.780067
          ],
          [
            -84.40767,
            33.780082
          ],
          [
            -84.407671,
            33.780097
          ],
          [
            -84.407675,
            33.780119
          ],
          [
            -84.407677,
            33.780126
          ],
          [
            -84.407681,
            33.780139
          ],
          [
            -84.407684,
            33.780152
          ],
          [
            -84.407686,
            33.780166
          ],
          [
            -84.40769,
            33.780187
          ],
          [
            -84.407692,
            33.780193
          ],
          [
            -84.407698,
            33.780215
          ],
          [
            -84.407699,
            33.780224
          ],
          [
            -84.407701,
            33.780233
          ],
          [
            -84.407702,
            33.780247
          ],
          [
            -84.407702,
            33.78026
          ],
          [
            -84.407702,
            33.780273
          ],
          [
            -84.407702,
            33.780287
          ],
          [
            -84.407703,
            33.780301
          ],
          [
            -84.407704,
            33.780324
          ],
          [
            -84.407704,
            33.780334
          ],
          [
            -84.407705,
            33.780343
          ],
          [
            -84.407708,
            33.780364
          ],
          [
            -84.407709,
            33.780371
          ],
          [
            -84.407712,
            33.780385
          ],
          [
            -84.407714,
            33.780398
          ],
          [
            -84.407715,
            33.780412
          ],
          [
            -84.407715,
            33.780426
          ],
          [
            -84.407715,
            33.780439
          ],
          [
            -84.407714,
            33.780462
          ],
          [
            -84.407714,
            33.780473
          ],
          [
            -84.407714,
            33.780483
          ],
          [
            -84.407714,
            33.780494
          ],
          [
            -84.407714,
            33.780504
          ],
          [
            -84.407716,
            33.780514
          ],
          [
            -84.407717,
            33.780525
          ],
          [
            -84.407719,
            33.780536
          ],
          [
            -84.40772,
            33.780547
          ],
          [
            -84.407718,
            33.780558
          ],
          [
            -84.407715,
            33.780571
          ],
          [
            -84.407712,
            33.780584
          ],
          [
            -84.407709,
            33.780599
          ],
          [
            -84.407703,
            33.780625
          ],
          [
            -84.4077,
            33.780636
          ],
          [
            -84.407697,
            33.780646
          ],
          [
            -84.407691,
            33.780667
          ],
          [
            -84.407688,
            33.780674
          ],
          [
            -84.407683,
            33.780698
          ],
          [
            -84.40768,
            33.780708
          ],
          [
            -84.407678,
            33.780717
          ],
          [
            -84.407674,
            33.780731
          ],
          [
            -84.407671,
            33.780745
          ],
          [
            -84.407668,
            33.78076
          ],
          [
            -84.407667,
            33.780774
          ],
          [
            -84.407665,
            33.780789
          ],
          [
            -84.407663,
            33.780812
          ],
          [
            -84.407662,
            33.780819
          ],
          [
            -84.407661,
            33.780845
          ],
          [
            -84.40766,
            33.780855
          ],
          [
            -84.40766,
            33.780865
          ],
          [
            -84.407658,
            33.780891
          ],
          [
            -84.407658,
            33.780901
          ],
          [
            -84.407657,
            33.780911
          ],
          [
            -84.407656,
            33.780926
          ],
          [
            -84.407655,
            33.780941
          ],
          [
            -84.407655,
            33.780966
          ],
          [
            -84.407656,
            33.780976
          ],
          [
            -84.407656,
            33.780986
          ],
          [
            -84.407656,
            33.781007
          ],
          [
            -84.407655,
            33.781014
          ],
          [
            -84.407656,
            33.781027
          ],
          [
            -84.407656,
            33.78104
          ],
          [
            -84.407658,
            33.781053
          ],
          [
            -84.407659,
            33.781067
          ],
          [
            -84.40766,
            33.781081
          ],
          [
            -84.407662,
            33.781096
          ],
          [
            -84.407664,
            33.781111
          ],
          [
            -84.407665,
            33.781126
          ],
          [
            -84.407666,
            33.781147
          ],
          [
            -84.407666,
            33.781155
          ],
          [
            -84.407665,
            33.781169
          ],
          [
            -84.407662,
            33.781182
          ],
          [
            -84.407659,
            33.781196
          ],
          [
            -84.407656,
            33.781217
          ],
          [
            -84.407654,
            33.781224
          ],
          [
            -84.407651,
            33.781239
          ],
          [
            -84.407648,
            33.781254
          ],
          [
            -84.407645,
            33.781269
          ],
          [
            -84.407641,
            33.781294
          ],
          [
            -84.40764,
            33.781304
          ],
          [
            -84.407638,
            33.781314
          ],
          [
            -84.407636,
            33.781328
          ],
          [
            -84.407635,
            33.781342
          ],
          [
            -84.407635,
            33.781365
          ],
          [
            -84.407635,
            33.781374
          ],
          [
            -84.407635,
            33.781383
          ],
          [
            -84.407633,
            33.781395
          ],
          [
            -84.407632,
            33.781406
          ],
          [
            -84.407631,
            33.781415
          ],
          [
            -84.407631,
            33.781425
          ],
          [
            -84.40763,
            33.781433
          ],
          [
            -84.40763,
            33.781441
          ],
          [
            -84.407632,
            33.781448
          ],
          [
            -84.407633,
            33.781455
          ],
          [
            -84.407635,
            33.781461
          ],
          [
            -84.407637,
            33.781467
          ],
          [
            -84.407638,
            33.781472
          ],
          [
            -84.407639,
            33.781476
          ],
          [
            -84.40764,
            33.781479
          ],
          [
            -84.40764,
            33.781479
          ],
          [
            -84.40764,
            33.78148
          ],
          [
            -84.40764,
            33.781481
          ],
          [
            -84.407639,
            33.781481
          ],
          [
            -84.407639,
            33.781482
          ],
          [
            -84.407639,
            33.781482
          ],
          [
            -84.407639,
            33.781483
          ],
          [
            -84.407639,
            33.781484
          ],
          [
            -84.407639,
            33.781484
          ],
          [
            -84.407639,
            33.781485
          ],
          [
            -84.407639,
            33.781486
          ],
          [
            -84.407639,
            33.781486
          ],
          [
            -84.407639,
            33.781487
          ],
          [
            -84.407638,
            33.781487
          ],
          [
            -84.407638,
            33.781488
          ],
          [
            -84.407638,
            33.781489
          ],
          [
            -84.407638,
            33.781489
          ],
          [
            -84.407638,
            33.78149
          ],
          [
            -84.407638,
            33.781491
          ],
          [
            -84.407638,
            33.781491
          ],
          [
            -84.407638,
            33.781492
          ],
          [
            -84.407638,
            33.781493
          ],
          [
            -84.407638,
            33.781493
          ],
          [
            -84.407637,
            33.781494
          ],
          [
            -84.407637,
            33.781494
          ],
          [
            -84.407637,
            33.781495
          ],
          [
            -84.407637,
            33.781496
          ],
          [
            -84.407637,
            33.781496
          ],
          [
            -84.407637,
            33.781497
          ],
          [
            -84.407637,
            33.781498
          ],
          [
            -84.407637,
            33.781498
          ],
          [
            -84.407637,
            33.781499
          ],
          [
            -84.407637,
            33.7815
          ],
          [
            -84.407636,
            33.7815
          ],
          [
            -84.407636,
            33.781501
          ],
          [
            -84.407636,
            33.781501
          ],
          [
            -84.407636,
            33.781502
          ],
          [
            -84.407636,
            33.781503
          ],
          [
            -84.407636,
            33.781503
          ],
          [
            -84.407636,
            33.781504
          ],
          [
            -84.407636,
            33.781505
          ],
          [
            -84.407636,
            33.781505
          ],
          [
            -84.407636,
            33.781506
          ],
          [
            -84.407635,
            33.781506
          ],
          [
            -84.407635,
            33.781507
          ],
          [
            -84.407635,
            33.781508
          ],
          [
            -84.407635,
            33.781508
          ],
          [
            -84.407635,
            33.781509
          ],
          [
            -84.407635,
            33.78151
          ],
          [
            -84.407635,
            33.78151
          ],
          [
            -84.407635,
            33.781511
          ],
          [
            -84.407635,
            33.781512
          ],
          [
            -84.407635,
            33.781512
          ],
          [
            -84.407634,
            33.781513
          ],
          [
            -84.407634,
            33.781513
          ],
          [
            -84.407634,
            33.781514
          ],
          [
            -84.407634,
            33.781515
          ],
          [
            -84.407634,
            33.781515
          ],
          [
            -84.407634,
            33.781516
          ],
          [
            -84.407634,
            33.781517
          ],
          [
            -84.407634,
            33.781517
          ],
          [
            -84.407634,
            33.781518
          ],
          [
            -84.407634,
            33.781519
          ],
          [
            -84.407633,
            33.781519
          ],
          [
            -84.407633,
            33.78152
          ],
          [
            -84.407633,
            33.78152
          ],
          [
            -84.407633,
            33.781521
          ],
          [
            -84.407633,
            33.781522
          ],
          [
            -84.407633,
            33.781522
          ],
          [
            -84.407633,
            33.781523
          ],
          [
            -84.407633,
            33.781524
          ],
          [
            -84.407633,
            33.781524
          ],
          [
            -84.407632,
            33.781525
          ],
          [
            -84.407632,
            33.781525
          ],
          [
            -84.407632,
            33.781526
          ],
          [
            -84.407632,
            33.781527
          ],
          [
            -84.407632,
            33.781527
          ],
          [
            -84.407632,
            33.781528
          ],
          [
            -84.407632,
            33.781529
          ],
          [
            -84.407632,
            33.781529
          ],
          [
            -84.407632,
            33.78153
          ],
          [
            -84.407632,
            33.781531
          ],
          [
            -84.407631,
            33.781531
          ],
          [
            -84.407631,
            33.781532
          ],
          [
            -84.407631,
            33.781532
          ],
          [
            -84.407631,
            33.781533
          ],
          [
            -84.407631,
            33.781534
          ],
          [
            -84.407631,
            33.781534
          ],
          [
            -84.407631,
            33.781535
          ],
          [
            -84.407631,
            33.781536
          ],
          [
            -84.407631,
            33.781536
          ],
          [
            -84.407631,
            33.781537
          ],
          [
            -84.40763,
            33.781537
          ],
          [
            -84.40763,
            33.781538
          ],
          [
            -84.40763,
            33.781539
          ],
          [
            -84.40763,
            33.781539
          ],
          [
            -84.40763,
            33.78154
          ],
          [
            -84.40763,
            33.781541
          ],
          [
            -84.40763,
            33.781541
          ],
          [
            -84.40763,
            33.781542
          ],
          [
            -84.40763,
            33.781543
          ],
          [
            -84.40763,
            33.781543
          ],
          [
            -84.407629,
            33.781544
          ],
          [
            -84.407629,
            33.781544
          ],
          [
            -84.407629,
            33.781545
          ],
          [
            -84.407629,
            33.781546
          ],
          [
            -84.407629,
            33.781546
          ],
          [
            -84.407629,
            33.781547
          ],
          [
            -84.407629,
            33.781548
          ],
          [
            -84.407629,
            33.781548
          ],
          [
            -84.407629,
            33.781549
          ],
          [
            -84.407629,
            33.78155
          ],
          [
            -84.407628,
            33.78155
          ],
          [
            -84.407628,
            33.781551
          ],
          [
            -84.407628,
            33.781551
          ],
          [
            -84.407628,
            33.781552
          ],
          [
            -84.407628,
            33.781553
          ],
          [
            -84.407628,
            33.781553
          ],
          [
            -84.407628,
            33.781554
          ],
          [
            -84.407628,
            33.781555
          ],
          [
            -84.407628,
            33.781555
          ],
          [
            -84.407628,
            33.781556
          ],
          [
            -84.407627,
            33.781556
          ],
          [
            -84.407627,
            33.781557
          ],
          [
            -84.407627,
            33.781558
          ],
          [
            -84.407627,
            33.781558
          ],
          [
            -84.407627,
            33.781559
          ],
          [
            -84.407632,
            33.781583
          ],
          [
            -84.407635,
            33.781593
          ],
          [
            -84.407637,
            33.781603
          ],
          [
            -84.407643,
            33.781624
          ],
          [
            -84.407646,
            33.78163
          ],
          [
            -84.40765,
            33.781651
          ],
          [
            -84.407651,
            33.78166
          ],
          [
            -84.407652,
            33.781669
          ],
          [
            -84.407654,
            33.781688
          ],
          [
            -84.407656,
            33.781694
          ],
          [
            -84.40765,
            33.7817
          ],
          [
            -84.407641,
            33.781697
          ],
          [
            -84.407633,
            33.781695
          ],
          [
            -84.407624,
            33.781692
          ],
          [
            -84.407616,
            33.781689
          ],
          [
            -84.407608,
            33.781686
          ],
          [
            -84.407599,
            33.781683
          ],
          [
            -84.407591,
            33.781681
          ],
          [
            -84.407582,
            33.781678
          ],
          [
            -84.407574,
            33.781675
          ],
          [
            -84.407545,
            33.781669
          ],
          [
            -84.407533,
            33.781668
          ],
          [
            -84.407521,
            33.781666
          ],
          [
            -84.407503,
            33.781664
          ],
          [
            -84.407483,
            33.781662
          ],
          [
            -84.407447,
            33.78166
          ],
          [
            -84.407432,
            33.781658
          ],
          [
            -84.407417,
            33.781657
          ],
          [
            -84.407384,
            33.781649
          ],
          [
            -84.407371,
            33.781646
          ],
          [
            -84.407359,
            33.781642
          ],
          [
            -84.407332,
            33.781635
          ],
          [
            -84.407323,
            33.781632
          ],
          [
            -84.407292,
            33.781629
          ],
          [
            -84.40728,
            33.781629
          ],
          [
            -84.407267,
            33.781629
          ],
          [
            -84.407239,
            33.781629
          ],
          [
            -84.40723,
            33.781628
          ],
          [
            -84.407212,
            33.781627
          ],
          [
            -84.407194,
            33.781625
          ],
          [
            -84.407176,
            33.781624
          ],
          [
            -84.407176,
            33.781624
          ]
        ]
      },
      "properties": {}
    }
  ]
}