utc_date_time,latitude,longitude,geometry,pm2_5_cf_1,pm10_0_cf_1,pm2_5_atm,pm10_0_atm,pm2_5_cf_1_b,pm10_0_cf_1_b,pm2_5_atm_b,pm10_0_atm_b,pm25_aqi_cf_1,pm25_aqi_atm,pm25_aqi_cf_1_b,pm25_aqi_atm_b,temperature,relative_humidity,calculated_heat_index,wet_bulb_temp,wind_speed
2025-10-03 21:48:19+00:00,33.78145,-84.404432,POINT (-84.404432 33.78145),6.0,6.0,6.0,6.0,5.0,5.0,5.0,5.0,25.0,25.0,21.0,21.0,,,,,
2025-10-03 21:48:23+00:00,33.78145,-84.404448,POINT (-84.404448 33.78145),7.0,8.0,7.0,8.0,5.0,5.0,5.0,5.0,29.0,29.0,21.0,21.0,,,,,
2025-10-03 21:48:24+00:00,33.78145,-84.404464,POINT (-84.404464 33.78145),7.0,8.0,7.0,8.0,5.0,5.0,5.0,5.0,29.0,29.0,21.0,21.0,,,,,
2025-10-03 21:48:25+00:00,33.78145,-84.40448,POINT (-84.40448 33.78145),7.0,8.0,7.0,8.0,5.0,5.0,5.0,5.0,29.0,29.0,21.0,21.0,,,,,
2025-10-03 21:48:26+00:00,33.78145,-84.404496,POINT (-84.404496 33.78145),7.0,8.0,7.0,8.0,5.0,5.0,5.0,5.0,29.0,29.0,21.0,21.0,,,,,
2025-10-03 21:48:27+00:00,33.78145,-84.404512,POINT (-84.404512 33.78145),7.0,8.0,7.0,8.0,5.0,5.0,5.0,5.0,29.0,29.0,21.0,21.0,,,,,
2025-10-03 21:48:28+00:00,33.78145,-84.404528,POINT (-84.404528 33.78145),7.0,8.0,7.0,8.0,5.0,5.0,5.0,5.0,29.0,29.0,21.0,21.0,,,,,
2025-10-03 21:48:29+00:00,33.78145,-84.404544,POINT (-84.404544 33.78145),7.0,8.0,7.0,8.0,5.0,5.0,5.0,5.0,29.0,29.0,21.0,21.0,,,,,
2025-10-03 21:48:30+00:00,33.78145,-84.40456,POINT (-84.40456 33.78145),7.0,8.0,7.0,8.0,5.0,5.0,5.0,5.0,29.0,29.0,21.0,21.0,,,,,
2025-10-03 21:48:31+00:00,33.78145,-84.404576,POINT (-84.404576 33.78145),7.0,8.0,7.0,8.0,5.0,5.0,5.0,5.0,29.0,29.0,21.0,21.0,,,,,
2025-10-03 21:48:32+00:00,33.78145,-84.404592,POINT (-84.404592 33.78145),7.0,8.0,7.0,8.0,5.0,5.0,5.0,5.0,29.0,29.0,21.0,21.0,,,,,
2025-10-03 21:48:33+00:00,33.78145,-84.404608,POINT (-84.404608 33.78145),7.0,8.0,7.0,8.0,5.0,5.0,5.0,5.0,29.0,29.0,21.0,21.0,,,,,
2025-10-03 21:48:34+00:00,33.78145,-84.404624,POINT (-84.404624 33.78145),7.0,8.0,7.0,8.0,5.0,5.0,5.0,5.0,29.0,29.0,21.0,21.0,,,,,
2025-10-03 21:48:35+00:00,33.78145,-84.40464,POINT (-84.40464 33.78145),7.0,8.0,7.0,8.0,5.0,5.0,5.0,5.0,29.0,29.0,21.0,21.0,,,,,
2025-10-03 21:48:36+00:00,33.78145,-84.404656,POINT (-84.404656 33.78145),7.0,8.0,7.0,8.0,5.0,5.0,5.0,5.0,29.0,29.0,21.0,21.0,,,,,
2025-10-03 21:48:37+00:00,33.78145,-84.404672,POINT (-84.404672 33.78145),7.0,8.0,7.0,8.0,5.0,5.0,5.0,5.0,29.0,29.0,21.0,21.0,,,,,
2025-10-03 21:48:38+00:00,33.78145,-84.404688,POINT (-84.404688 33.78145),6.0,8.0,6.0,8.0,7.0,7.0,7.0,7.0,25.0,25.0,29.0,29.0,,,,,
2025-10-03 21:48:39+00:00,33.78145,-84.404705,POINT (-84.404705 33.78145),6.0,8.0,6.0,8.0,7.0,7.0,7.0,7.0,25.0,25.0,29.0,29.0,,,,,
2025-10-03 21:48:40+00:00,33.78145,-84.404721,POINT (-84.404721 33.78145),6.0,8.0,6.0,8.0,7.0,7.0,7.0,7.0,25.0,25.0,29.0,29.0,,,,,
2025-10-03 21:48:41+00:00,33.78145,-84.404737,POINT (-84.404737 33.78145),6.0,8.0,6.0,8.0,7.0,7.0,7.0,7.0,25.0,25.0,29.0,29.0,,,,,
2025-10-03 21:48:42+00:00,33.78145,-84.404753,POINT (-84.404753 33.78145),6.0,8.0,6.0,8.0,7.0,7.0,7.0,7.0,25.0,25.0,29.0,29.0,,,,,
2025-10-03 21:48:43+00:00,33.78145,-84.404769,POINT (-84.404769 33.78145),6.0,8.0,6.0,8.0,7.0,7.0,7.0,7.0,25.0,25.0,29.0,29.0,,,,,
2025-10-03 21:48:44+00:00,33.78145,-84.404785,POINT (-84.404785 33.78145),6.0,8.0,6.0,8.0,7.0,7.0,7.0,7.0,25.0,25.0,29.0,29.0,,,,,
2025-10-03 21:48:45+00:00,33.78145,-84.404801,POINT (-84.404801 33.78145),6.0,8.0,6.0,8.0,7.0,7.0,7.0,7.0,25.0,25.0,29.0,29.0,,,,,
2025-10-03 21:48:46+00:00,33.78145,-84.404817,POINT (-84.404817 33.78145),6.0,8.0,6.0,8.0,7.0,7.0,7.0,7.0,25.0,25.0,29.0,29.0,,,,,
2025-10-03 21:48:47+00:00,33.78145,-84.404833,POINT (-84.404833 33.78145),6.0,8.0,6.0,8.0,7.0,7.0,7.0,7.0,25.0,25.0,29.0,29.0,,,,,
2025-10-03 21:48:48+00:00,33.78145,-84.404849,POINT (-84.404849 33.78145),6.0,8.0,6.0,8.0,7.0,7.0,7.0,7.0,25.0,25.0,29.0,29.0,,,,,
2025-10-03 21:48:49+00:00,33.78145,-84.404865,POINT (-84.404865 33.78145),6.0,8.0,6.0,8.0,7.0,7.0,7.0,7.0,25.0,25.0,29.0,29.0,,,,,
2025-10-03 21:48:50+00:00,33.78145,-84.404881,POINT (-84.404881 33.78145),6.0,8.0,6.0,8.0,7.0,7.0,7.0,7.0,25.0,25.0,29.0,29.0,,,,,
2025-10-03 21:48:51+00:00,33.78145,-84.404897,POINT (-84.404897 33.78145),6.0,8.0,6.0,8.0,7.0,7.0,7.0,7.0,25.0,25.0,29.0,29.0,,,,,
2025-10-03 21:48:52+00:00,33.78145,-84.404913,POINT (-84.404913 33.78145),6.0,8.0,6.0,8.0,7.0,7.0,7.0,7.0,25.0,25.0,29.0,29.0,,,,,
2025-10-03 21:48:53+00:00,33.78145,-84.404929,POINT (-84.404929 33.78145),7.0,8.0,7.0,8.0,7.0,7.0,7.0,7.0,29.0,29.0,29.0,29.0,,,,,
2025-10-03 21:48:54+00:00,33.78145,-84.404945,POINT (-84.404945 33.78145),7.0,8.0,7.0,8.0,7.0,7.0,7.0,7.0,29.0,29.0,29.0,29.0,,,,,
2025-10-03 21:48:55+00:00,33.78145,-84.404961,POINT (-84.404961 33.78145),7.0,8.0,7.0,8.0,7.0,7.0,7.0,7.0,29.0,29.0,29.0,29.0,,,,,
2025-10-03 21:48:56+00:00,33.78145,-84.404977,POINT (-84.404977 33.78145),7.0,8.0,7.0,8.0,7.0,7.0,7.0,7.0,29.0,29.0,29.0,29.0,,,,,
2025-10-03 21:48:57+00:00,33.78145,-84.404993,POINT (-84.404993 33.78145),7.0,8.0,7.0,8.0,7.0,7.0,7.0,7.0,29.0,29.0,29.0,29.0,,,,,
2025-10-03 21:48:58+00:00,33.78145,-84.405009,POINT (-84.405009 33.78145),7.0,8.0,7.0,8.0,7.0,7.0,7.0,7.0,29.0,29.0,29.0,29.0,,,,,
2025-10-03 21:48:59+00:00,33.78145,-84.405025,POINT (-84.405025 33.78145),7.0,8.0,7.0,8.0,7.0,7.0,7.0,7.0,29.0,29.0,29.0,29.0,,,,,
2025-10-03 21:49:00+00:00,33.78145,-84.405041,POINT (-84.405041 33.78145),7.0,8.0,7.0,8.0,7.0,7.0,7.0,7.0,29.0,29.0,29.0,29.0,,,,,
2025-10-03 21:49:01+00:00,33.78145,-84.405057,POINT (-84.405057 33.78145),7.0,8.0,7.0,8.0,7.0,7.0,7.0,7.0,29.0,29.0,29.0,29.0,,,,,
2025-10-03 21:49:02+00:00,33.78145,-84.405073,POINT (-84.405073 33.78145),7.0,8.0,7.0,8.0,7.0,7.0,7.0,7.0,29.0,29.0,29.0,29.0,,,,,
2025-10-03 21:49:03+00:00,33.78145,-84.405089,POINT (-84.405089 33.78145),7.0,8.0,7.0,8.0,7.0,7.0,7.0,7.0,29.0,29.0,29.0,29.0,,,,,
2025-10-03 21:49:04+00:00,33.78145,-84.405105,POINT (-84.405105 33.78145),7.0,8.0,7.0,8.0,7.0,7.0,7.0,7.0,29.0,29.0,29.0,29.0,,,,,
2025-10-03 21:49:05+00:00,33.781450201916314,-84.40512024725288,POINT (-84.40512024725288 33.781450201916314),7.0,8.0,7.0,8.0,7.0,7.0,7.0,7.0,29.0,29.0,29.0,29.0,,,,,
2025-10-03 21:49:06+00:00,33.78145051706489,-84.40513624104305,POINT (-84.40513624104305 33.78145051706489),7.0,8.0,7.0,8.0,7.0,7.0,7.0,7.0,29.0,29.0,29.0,29.0,,,,,
2025-10-03 21:49:07+00:00,33.781450831825346,-84.40515221513644,POINT (-84.40515221513644 33.781450831825346),7.0,8.0,7.0,8.0,7.0,7.0,7.0,7.0,29.0,29.0,29.0,29.0,,,,,
2025-10-03 21:49:08+00:00,33.78145114658581,-84.40516818922984,POINT (-84.40516818922984 33.78145114658581),8.0,8.0,8.0,8.0,5.5,6.0,5.5,6.0,33.0,33.0,23.0,23.0,,,,,
2025-10-03 21:49:09+00:00,33.781451461734385,-84.40518418302001,POINT (-84.40518418302001 33.781451461734385),8.0,8.0,8.0,8.0,5.5,6.0,5.5,6.0,33.0,33.0,23.0,23.0,,,,,
2025-10-03 21:49:10+00:00,33.78145177649485,-84.40520015711341,POINT (-84.40520015711341 33.78145177649485),8.0,8.0,8.0,8.0,5.5,6.0,5.5,6.0,33.0,33.0,23.0,23.0,,,,,
2025-10-03 21:49:11+00:00,33.781452091643416,-84.40521615090357,POINT (-84.40521615090357 33.781452091643416),8.0,8.0,8.0,8.0,5.5,6.0,5.5,6.0,33.0,33.0,23.0,23.0,,,,,
2025-10-03 21:49:12+00:00,33.78145240640388,-84.40523212499696,POINT (-84.40523212499696 33.78145240640388),8.0,8.0,8.0,8.0,5.5,6.0,5.5,6.0,33.0,33.0,23.0,23.0,,,,,
2025-10-03 21:49:13+00:00,33.781452721552455,-84.40524811878714,POINT (-84.40524811878714 33.781452721552455),8.0,8.0,8.0,8.0,5.5,6.0,5.5,6.0,33.0,33.0,23.0,23.0,,,,,
2025-10-03 21:49:14+00:00,33.78145333215282,-84.40527910675561,POINT (-84.40527910675561 33.78145333215282),8.0,8.0,8.0,8.0,5.5,6.0,5.5,6.0,33.0,33.0,23.0,23.0,,,,,
2025-10-03 21:49:15+00:00,33.781453608295934,-84.4052931210188,POINT (-84.4052931210188 33.781453608295934),8.0,8.0,8.0,8.0,5.5,6.0,5.5,6.0,33.0,33.0,23.0,23.0,,,,,
2025-10-03 21:49:16+00:00,33.781453864354155,-84.40530611597332,POINT (-84.40530611597332 33.781453864354155),8.0,8.0,8.0,8.0,5.5,6.0,5.5,6.0,33.0,33.0,23.0,23.0,,,,,
2025-10-03 21:49:17+00:00,33.781454140109155,-84.40532011053972,POINT (-84.40532011053972 33.781454140109155),8.0,8.0,8.0,8.0,5.5,6.0,5.5,6.0,33.0,33.0,23.0,23.0,,,,,
2025-10-03 21:49:18+00:00,33.78145439655549,-84.40533312519102,POINT (-84.40533312519102 33.78145439655549),8.0,8.0,8.0,8.0,5.5,6.0,5.5,6.0,33.0,33.0,23.0,23.0,,,,,
2025-10-03 21:49:19+00:00,33.78145467231049,-84.40534711975744,POINT (-84.40534711975744 33.78145467231049),8.0,8.0,8.0,8.0,5.5,6.0,5.5,6.0,33.0,33.0,23.0,23.0,,,,,
2025-10-03 21:49:20+00:00,33.78145492836871,-84.40536011471194,POINT (-84.40536011471194 33.78145492836871),8.0,8.0,8.0,8.0,5.5,6.0,5.5,6.0,33.0,33.0,23.0,23.0,,,,,
2025-10-03 21:49:21+00:00,33.78145520451182,-84.40537412897514,POINT (-84.40537412897514 33.78145520451182),8.0,8.0,8.0,8.0,5.5,6.0,5.5,6.0,33.0,33.0,23.0,23.0,,,,,
2025-10-03 21:49:22+00:00,33.781455460570044,-84.40538712392966,POINT (-84.40538712392966 33.781455460570044),8.0,8.0,8.0,8.0,5.5,6.0,5.5,6.0,33.0,33.0,23.0,23.0,,,,,
2025-10-03 21:49:23+00:00,33.781455736713156,-84.40540113819284,POINT (-84.40540113819284 33.781455736713156),5.5,6.0,5.5,6.0,5.5,5.5,5.5,5.5,23.0,23.0,23.0,23.0,,,,,
2025-10-03 21:49:24+00:00,33.78145599277138,-84.40541413314736,POINT (-84.40541413314736 33.78145599277138),5.5,6.0,5.5,6.0,5.5,5.5,5.5,5.5,23.0,23.0,23.0,23.0,,,,,
2025-10-03 21:49:25+00:00,33.78145624882959,-84.40542712810188,POINT (-84.40542712810188 33.78145624882959),5.5,6.0,5.5,6.0,5.5,5.5,5.5,5.5,23.0,23.0,23.0,23.0,,,,,
2025-10-03 21:49:26+00:00,33.78145652497271,-84.40544114236506,POINT (-84.40544114236506 33.78145652497271),5.5,6.0,5.5,6.0,5.5,5.5,5.5,5.5,23.0,23.0,23.0,23.0,,,,,
2025-10-03 21:49:27+00:00,33.781456781030926,-84.4054541373196,POINT (-84.4054541373196 33.781456781030926),5.5,6.0,5.5,6.0,5.5,5.5,5.5,5.5,23.0,23.0,23.0,23.0,,,,,
2025-10-03 21:49:28+00:00,33.78145705678593,-84.40546813188598,POINT (-84.40546813188598 33.78145705678593),5.5,6.0,5.5,6.0,5.5,5.5,5.5,5.5,23.0,23.0,23.0,23.0,,,,,
2025-10-03 21:49:29+00:00,33.78145731323226,-84.4054811465373,POINT (-84.4054811465373 33.78145731323226),5.5,6.0,5.5,6.0,5.5,5.5,5.5,5.5,23.0,23.0,23.0,23.0,,,,,
2025-10-03 21:49:30+00:00,33.781457588987266,-84.4054951411037,POINT (-84.4054951411037 33.781457588987266),5.5,6.0,5.5,6.0,5.5,5.5,5.5,5.5,23.0,23.0,23.0,23.0,,,,,
2025-10-03 21:49:31+00:00,33.78145784504548,-84.40550813605822,POINT (-84.40550813605822 33.78145784504548),5.5,6.0,5.5,6.0,5.5,5.5,5.5,5.5,23.0,23.0,23.0,23.0,,,,,
2025-10-03 21:49:32+00:00,33.7814581211886,-84.4055221503214,POINT (-84.4055221503214 33.7814581211886),5.5,6.0,5.5,6.0,5.5,5.5,5.5,5.5,23.0,23.0,23.0,23.0,,,,,
2025-10-03 21:49:33+00:00,33.781458377246814,-84.40553514527592,POINT (-84.40553514527592 33.781458377246814),5.5,6.0,5.5,6.0,5.5,5.5,5.5,5.5,23.0,23.0,23.0,23.0,,,,,
2025-10-03 21:49:34+00:00,33.781458633305036,-84.40554814023044,POINT (-84.40554814023044 33.781458633305036),5.5,6.0,5.5,6.0,5.5,5.5,5.5,5.5,23.0,23.0,23.0,23.0,,,,,
2025-10-03 21:49:35+00:00,33.78145890944815,-84.40556215449364,POINT (-84.40556215449364 33.78145890944815),5.5,6.0,5.5,6.0,5.5,5.5,5.5,5.5,23.0,23.0,23.0,23.0,,,,,
2025-10-03 21:49:36+00:00,33.78145916550637,-84.40557514944814,POINT (-84.40557514944814 33.78145916550637),5.5,6.0,5.5,6.0,5.5,5.5,5.5,5.5,23.0,23.0,23.0,23.0,,,,,
2025-10-03 21:49:37+00:00,33.78145944164948,-84.40558916371134,POINT (-84.40558916371134 33.78145944164948),5.5,6.0,5.5,6.0,5.5,5.5,5.5,5.5,23.0,23.0,23.0,23.0,,,,,
2025-10-03 21:49:38+00:00,33.7814596977077,-84.40560215866586,POINT (-84.40560215866586 33.7814596977077),5.0,6.0,5.0,6.0,5.0,5.0,5.0,5.0,21.0,21.0,21.0,21.0,,,,,
2025-10-03 21:49:39+00:00,33.7814599734627,-84.40561615323227,POINT (-84.40561615323227 33.7814599734627),5.0,6.0,5.0,6.0,5.0,5.0,5.0,5.0,21.0,21.0,21.0,21.0,,,,,
2025-10-03 21:49:40+00:00,33.78146022990904,-84.40562916788357,POINT (-84.40562916788357 33.78146022990904),5.0,6.0,5.0,6.0,5.0,5.0,5.0,5.0,21.0,21.0,21.0,21.0,,,,,
2025-10-03 21:49:41+00:00,33.781460505664036,-84.40564316244996,POINT (-84.40564316244996 33.781460505664036),5.0,6.0,5.0,6.0,5.0,5.0,5.0,5.0,21.0,21.0,21.0,21.0,,,,,
2025-10-03 21:49:42+00:00,33.78146076172226,-84.4056561574045,POINT (-84.4056561574045 33.78146076172226),5.0,6.0,5.0,6.0,5.0,5.0,5.0,5.0,21.0,21.0,21.0,21.0,,,,,
2025-10-03 21:49:43+00:00,33.78146103786537,-84.40567017166768,POINT (-84.40567017166768 33.78146103786537),5.0,6.0,5.0,6.0,5.0,5.0,5.0,5.0,21.0,21.0,21.0,21.0,,,,,
2025-10-03 21:49:44+00:00,33.78146129392359,-84.40568316662218,POINT (-84.40568316662218 33.78146129392359),5.0,6.0,5.0,6.0,5.0,5.0,5.0,5.0,21.0,21.0,21.0,21.0,,,,,
2025-10-03 21:49:45+00:00,33.7814619833111,-84.40571815303821,POINT (-84.40571815303821 33.7814619833111),5.0,6.0,5.0,6.0,5.0,5.0,5.0,5.0,21.0,21.0,21.0,21.0,,,,,
2025-10-03 21:49:46+00:00,33.7814622590661,-84.40573214760461,POINT (-84.40573214760461 33.7814622590661),5.0,6.0,5.0,6.0,5.0,5.0,5.0,5.0,21.0,21.0,21.0,21.0,,,,,
2025-10-03 21:49:47+00:00,33.7814625348211,-84.40574614217101,POINT (-84.40574614217101 33.7814625348211),5.0,6.0,5.0,6.0,5.0,5.0,5.0,5.0,21.0,21.0,21.0,21.0,,,,,
2025-10-03 21:49:48+00:00,33.78146281057611,-84.40576013673741,POINT (-84.40576013673741 33.78146281057611),5.0,6.0,5.0,6.0,5.0,5.0,5.0,5.0,21.0,21.0,21.0,21.0,,,,,
2025-10-03 21:49:49+00:00,33.78146308633111,-84.40577413130383,POINT (-84.40577413130383 33.78146308633111),5.0,6.0,5.0,6.0,5.0,5.0,5.0,5.0,21.0,21.0,21.0,21.0,,,,,
2025-10-03 21:49:50+00:00,33.781463362086114,-84.40578812587022,POINT (-84.40578812587022 33.781463362086114),5.0,6.0,5.0,6.0,5.0,5.0,5.0,5.0,21.0,21.0,21.0,21.0,,,,,
2025-10-03 21:49:51+00:00,33.781463637841114,-84.40580212043663,POINT (-84.40580212043663 33.781463637841114),5.0,6.0,5.0,6.0,5.0,5.0,5.0,5.0,21.0,21.0,21.0,21.0,,,,,
2025-10-03 21:49:52+00:00,33.78146391398423,-84.40581613469982,POINT (-84.40581613469982 33.78146391398423),5.0,6.0,5.0,6.0,5.0,5.0,5.0,5.0,21.0,21.0,21.0,21.0,,,,,
2025-10-03 21:49:53+00:00,33.78146418973923,-84.40583012926623,POINT (-84.40583012926623 33.78146418973923),5.0,5.0,5.0,5.0,5.0,5.0,5.0,5.0,21.0,21.0,21.0,21.0,,,,,
2025-10-03 21:49:54+00:00,33.78146446549424,-84.40584412383262,POINT (-84.40584412383262 33.78146446549424),5.0,5.0,5.0,5.0,5.0,5.0,5.0,5.0,21.0,21.0,21.0,21.0,,,,,
2025-10-03 21:49:55+00:00,33.78146474124924,-84.40585811839904,POINT (-84.40585811839904 33.78146474124924),5.0,5.0,5.0,5.0,5.0,5.0,5.0,5.0,21.0,21.0,21.0,21.0,,,,,
2025-10-03 21:49:56+00:00,33.781465017004244,-84.40587211296544,POINT (-84.40587211296544 33.781465017004244),5.0,5.0,5.0,5.0,5.0,5.0,5.0,5.0,21.0,21.0,21.0,21.0,,,,,
2025-10-03 21:49:57+00:00,33.78146529275925,-84.40588610753184,POINT (-84.40588610753184 33.78146529275925),5.0,5.0,5.0,5.0,5.0,5.0,5.0,5.0,21.0,21.0,21.0,21.0,,,,,
2025-10-03 21:49:58+00:00,33.78146556851425,-84.40590010209824,POINT (-84.40590010209824 33.78146556851425),5.0,5.0,5.0,5.0,5.0,5.0,5.0,5.0,21.0,21.0,21.0,21.0,,,,,
2025-10-03 21:49:59+00:00,33.781465844269256,-84.40591409666465,POINT (-84.40591409666465 33.781465844269256),5.0,5.0,5.0,5.0,5.0,5.0,5.0,5.0,21.0,21.0,21.0,21.0,,,,,
2025-10-03 21:50:00+00:00,33.78146613972104,-84.40592909084293,POINT (-84.40592909084293 33.78146613972104),5.0,5.0,5.0,5.0,5.0,5.0,5.0,5.0,21.0,21.0,21.0,21.0,,,,,
2025-10-03 21:50:01+00:00,33.78146641547605,-84.40594308540935,POINT (-84.40594308540935 33.78146641547605),5.0,5.0,5.0,5.0,5.0,5.0,5.0,5.0,21.0,21.0,21.0,21.0,,,,,
2025-10-03 21:50:02+00:00,33.781466691231046,-84.40595707997574,POINT (-84.40595707997574 33.781466691231046),5.0,5.0,5.0,5.0,5.0,5.0,5.0,5.0,21.0,21.0,21.0,21.0,,,,,
2025-10-03 21:50:03+00:00,33.78146696698605,-84.40597107454215,POINT (-84.40597107454215 33.78146696698605),5.0,5.0,5.0,5.0,5.0,5.0,5.0,5.0,21.0,21.0,21.0,21.0,,,,,
2025-10-03 21:50:04+00:00,33.78146724274105,-84.40598506910855,POINT (-84.40598506910855 33.78146724274105),5.0,5.0,5.0,5.0,5.0,5.0,5.0,5.0,21.0,21.0,21.0,21.0,,,,,
2025-10-03 21:50:05+00:00,33.78146751849606,-84.40599906367495,POINT (-84.40599906367495 33.78146751849606),5.0,5.0,5.0,5.0,5.0,5.0,5.0,5.0,21.0,21.0,21.0,21.0,,,,,
2025-10-03 21:50:06+00:00,33.78146779425106,-84.40601305824136,POINT (-84.40601305824136 33.78146779425106),5.0,5.0,5.0,5.0,5.0,5.0,5.0,5.0,21.0,21.0,21.0,21.0,,,,,
2025-10-03 21:50:07+00:00,33.781468070394176,-84.40602707250456,POINT (-84.40602707250456 33.781468070394176),5.0,5.0,5.0,5.0,5.0,5.0,5.0,5.0,21.0,21.0,21.0,21.0,,,,,
2025-10-03 21:50:08+00:00,33.78146834614918,-84.40604106707094,POINT (-84.40604106707094 33.78146834614918),5.0,5.0,5.0,5.0,5.0,5.0,5.0,5.0,21.0,21.0,21.0,21.0,,,,,
2025-10-03 21:50:09+00:00,33.78146862190418,-84.40605506163736,POINT (-84.40605506163736 33.78146862190418),5.0,5.0,5.0,5.0,5.0,5.0,5.0,5.0,21.0,21.0,21.0,21.0,,,,,
2025-10-03 21:50:10+00:00,33.78146889765919,-84.40606905620376,POINT (-84.40606905620376 33.78146889765919),5.0,5.0,5.0,5.0,5.0,5.0,5.0,5.0,21.0,21.0,21.0,21.0,,,,,
2025-10-03 21:50:11+00:00,33.78146917341419,-84.40608305077016,POINT (-84.40608305077016 33.78146917341419),5.0,5.0,5.0,5.0,5.0,5.0,5.0,5.0,21.0,21.0,21.0,21.0,,,,,
2025-10-03 21:50:12+00:00,33.781469449169194,-84.40609704533657,POINT (-84.40609704533657 33.781469449169194),5.0,5.0,5.0,5.0,5.0,5.0,5.0,5.0,21.0,21.0,21.0,21.0,,,,,
2025-10-03 21:50:13+00:00,33.78146972492419,-84.40611103990297,POINT (-84.40611103990297 33.78146972492419),5.0,5.0,5.0,5.0,5.0,5.0,5.0,5.0,21.0,21.0,21.0,21.0,,,,,
2025-10-03 21:50:14+00:00,33.7814700006792,-84.40612503446937,POINT (-84.40612503446937 33.7814700006792),5.0,5.0,5.0,5.0,5.0,5.0,5.0,5.0,21.0,21.0,21.0,21.0,,,,,
2025-10-03 21:50:15+00:00,33.78147047379017,-84.40614904485142,POINT (-84.40614904485142 33.78147047379017),5.0,5.0,5.0,5.0,5.0,5.0,5.0,5.0,21.0,21.0,21.0,21.0,26.0,44.2,25.90483333333334,17.61111111111111,0.8
2025-10-03 21:50:16+00:00,33.78147073062462,-84.40616207919952,POINT (-84.40616207919952 33.78147073062462),5.0,5.0,5.0,5.0,5.0,5.0,5.0,5.0,21.0,21.0,21.0,21.0,26.0,44.2,25.90483333333334,17.61111111111111,0.8
2025-10-03 21:50:17+00:00,33.78147096737416,-84.40617409423893,POINT (-84.40617409423893 33.78147096737416),5.0,5.0,5.0,5.0,5.0,5.0,5.0,5.0,21.0,21.0,21.0,21.0,26.0,44.2,25.90483333333334,17.61111111111111,0.8
2025-10-03 21:50:18+00:00,33.78147122420861,-84.40618712858702,POINT (-84.40618712858702 33.78147122420861),5.0,5.0,5.0,5.0,5.0,5.0,5.0,5.0,21.0,21.0,21.0,21.0,26.0,44.2,25.90483333333334,17.61111111111111,0.8
2025-10-03 21:50:19+00:00,33.78147146095816,-84.40619914362644,POINT (-84.40619914362644 33.78147146095816),5.0,5.0,5.0,5.0,5.0,5.0,5.0,5.0,21.0,21.0,21.0,21.0,26.0,44.2,25.90483333333334,17.61111111111111,0.8
2025-10-03 21:50:20+00:00,33.7814717177926,-84.40621217797452,POINT (-84.40621217797452 33.7814717177926),5.0,5.0,5.0,5.0,5.0,5.0,5.0,5.0,21.0,21.0,21.0,21.0,26.0,44.2,25.90483333333334,17.61111111111111,0.8
2025-10-03 21:50:21+00:00,33.78147195454215,-84.40622419301395,POINT (-84.40622419301395 33.78147195454215),5.0,5.0,5.0,5.0,5.0,5.0,5.0,5.0,21.0,21.0,21.0,21.0,26.0,44.2,25.90483333333334,17.61111111111111,0.8
2025-10-03 21:50:22+00:00,33.7814721916798,-84.40623622775016,POINT (-84.40623622775016 33.7814721916798),5.0,5.0,5.0,5.0,5.0,5.0,5.0,5.0,21.0,21.0,21.0,21.0,26.0,44.2,25.90483333333334,17.61111111111111,0.8
2025-10-03 21:50:23+00:00,33.78147244812614,-84.40624924240146,POINT (-84.40624924240146 33.78147244812614),5.0,5.0,5.0,5.0,4.0,4.0,4.0,4.0,21.0,21.0,17.0,17.0,26.0,44.2,25.90483333333334,17.61111111111111,0.8
2025-10-03 21:50:24+00:00,33.78147268526379,-84.40626127713766,POINT (-84.40626127713766 33.78147268526379),5.0,5.0,5.0,5.0,4.0,4.0,4.0,4.0,21.0,21.0,17.0,17.0,26.0,44.2,25.90483333333334,17.61111111111111,0.8
2025-10-03 21:50:25+00:00,33.78147294171013,-84.40627429178896,POINT (-84.40627429178896 33.78147294171013),5.0,5.0,5.0,5.0,4.0,4.0,4.0,4.0,21.0,21.0,17.0,17.0,26.0,44.2,25.90483333333334,17.61111111111111,0.8
2025-10-03 21:50:26+00:00,33.78147317884778,-84.40628632652518,POINT (-84.40628632652518 33.78147317884778),5.0,5.0,5.0,5.0,4.0,4.0,4.0,4.0,21.0,21.0,17.0,17.0,26.0,44.2,25.90483333333334,17.61111111111111,0.8
2025-10-03 21:50:27+00:00,33.78147343529412,-84.40629934117648,POINT (-84.40629934117648 33.78147343529412),5.0,5.0,5.0,5.0,4.0,4.0,4.0,4.0,21.0,21.0,17.0,17.0,26.0,44.2,25.90483333333334,17.61111111111111,0.8
2025-10-03 21:50:28+00:00,33.78147367243177,-84.40631137591268,POINT (-84.40631137591268 33.78147367243177),5.0,5.0,5.0,5.0,4.0,4.0,4.0,4.0,21.0,21.0,17.0,17.0,26.0,44.2,25.90483333333334,17.61111111111111,0.8
2025-10-03 21:50:29+00:00,33.78147392887811,-84.40632439056397,POINT (-84.40632439056397 33.78147392887811),5.0,5.0,5.0,5.0,4.0,4.0,4.0,4.0,21.0,21.0,17.0,17.0,26.0,44.2,25.90483333333334,17.61111111111111,0.8
2025-10-03 21:50:30+00:00,33.78147416601576,-84.40633642530018,POINT (-84.40633642530018 33.78147416601576),5.0,5.0,5.0,5.0,4.0,4.0,4.0,4.0,21.0,21.0,17.0,17.0,26.0,44.2,25.90483333333334,17.61111111111111,0.8
2025-10-03 21:50:31+00:00,33.78147440276531,-84.4063484403396,POINT (-84.4063484403396 33.78147440276531),5.0,5.0,5.0,5.0,4.0,4.0,4.0,4.0,21.0,21.0,17.0,17.0,26.0,44.2,25.90483333333334,17.61111111111111,0.8
2025-10-03 21:50:32+00:00,33.78147465959976,-84.40636147468769,POINT (-84.40636147468769 33.78147465959976),5.0,5.0,5.0,5.0,4.0,4.0,4.0,4.0,21.0,21.0,17.0,17.0,26.0,44.2,25.90483333333334,17.61111111111111,0.8
2025-10-03 21:50:33+00:00,33.7814748963493,-84.4063734897271,POINT (-84.4063734897271 33.7814748963493),5.0,5.0,5.0,5.0,4.0,4.0,4.0,4.0,21.0,21.0,17.0,17.0,26.0,44.2,25.90483333333334,17.61111111111111,0.8
2025-10-03 21:50:34+00:00,33.78147515318375,-84.40638652407519,POINT (-84.40638652407519 33.78147515318375),5.0,5.0,5.0,5.0,4.0,4.0,4.0,4.0,21.0,21.0,17.0,17.0,26.0,44.2,25.90483333333334,17.61111111111111,0.8
2025-10-03 21:50:35+00:00,33.78147538993329,-84.4063985391146,POINT (-84.4063985391146 33.78147538993329),5.0,5.0,5.0,5.0,4.0,4.0,4.0,4.0,21.0,21.0,17.0,17.0,26.0,44.2,25.90483333333334,17.61111111111111,0.8
2025-10-03 21:50:36+00:00,33.78147564676774,-84.4064115734627,POINT (-84.4064115734627 33.78147564676774),5.0,5.0,5.0,5.0,4.0,4.0,4.0,4.0,21.0,21.0,17.0,17.0,26.0,44.2,25.90483333333334,17.61111111111111,0.8
2025-10-03 21:50:37+00:00,33.78147588351728,-84.40642358850212,POINT (-84.40642358850212 33.78147588351728),5.0,5.0,5.0,5.0,4.0,4.0,4.0,4.0,21.0,21.0,17.0,17.0,26.0,44.2,25.90483333333334,17.61111111111111,0.8
2025-10-03 21:50:38+00:00,33.78147612065494,-84.40643562323832,POINT (-84.40643562323832 33.78147612065494),7.0,7.0,7.0,7.0,5.0,5.0,5.0,5.0,29.0,29.0,21.0,21.0,26.0,44.2,25.90483333333334,17.61111111111111,0.8
2025-10-03 21:50:39+00:00,33.78147637710127,-84.40644863788962,POINT (-84.40644863788962 33.78147637710127),7.0,7.0,7.0,7.0,5.0,5.0,5.0,5.0,29.0,29.0,21.0,21.0,26.0,44.2,25.90483333333334,17.61111111111111,0.8
2025-10-03 21:50:40+00:00,33.78147661423893,-84.40646067262583,POINT (-84.40646067262583 33.78147661423893),7.0,7.0,7.0,7.0,5.0,5.0,5.0,5.0,29.0,29.0,21.0,21.0,26.0,44.2,25.90483333333334,17.61111111111111,0.8
2025-10-03 21:50:41+00:00,33.78147687068526,-84.40647368727714,POINT (-84.40647368727714 33.78147687068526),7.0,7.0,7.0,7.0,5.0,5.0,5.0,5.0,29.0,29.0,21.0,21.0,26.0,44.2,25.90483333333334,17.61111111111111,0.8
2025-10-03 21:50:42+00:00,33.78147710782292,-84.40648572201334,POINT (-84.40648572201334 33.78147710782292),7.0,7.0,7.0,7.0,5.0,5.0,5.0,5.0,29.0,29.0,21.0,21.0,26.0,44.2,25.90483333333334,17.61111111111111,0.8
2025-10-03 21:50:43+00:00,33.78147736426925,-84.40649873666464,POINT (-84.40649873666464 33.78147736426925),7.0,7.0,7.0,7.0,5.0,5.0,5.0,5.0,29.0,29.0,21.0,21.0,26.0,44.2,25.90483333333334,17.61111111111111,0.8
2025-10-03 21:50:44+00:00,33.78147760140691,-84.40651077140085,POINT (-84.40651077140085 33.78147760140691),7.0,7.0,7.0,7.0,5.0,5.0,5.0,5.0,29.0,29.0,21.0,21.0,26.0,44.2,25.90483333333334,17.61111111111111,0.8
2025-10-03 21:50:45+00:00,33.781477838156455,-84.40652278644028,POINT (-84.40652278644028 33.781477838156455),7.0,7.0,7.0,7.0,5.0,5.0,5.0,5.0,29.0,29.0,21.0,21.0,26.0,44.2,25.90483333333334,17.61111111111111,0.8
2025-10-03 21:50:46+00:00,33.78147858779867,-84.40656083078228,POINT (-84.40656083078228 33.78147858779867),7.0,7.0,7.0,7.0,5.0,5.0,5.0,5.0,29.0,29.0,21.0,21.0,26.0,44.2,25.90483333333334,17.61111111111111,0.8
2025-10-03 21:50:47+00:00,33.781478942728924,-84.40657884349302,POINT (-84.40657884349302 33.781478942728924),7.0,7.0,7.0,7.0,5.0,5.0,5.0,5.0,29.0,29.0,21.0,21.0,26.0,44.2,25.90483333333334,17.61111111111111,0.8
2025-10-03 21:50:48+00:00,33.78147931735597,-84.40659785581565,POINT (-84.40659785581565 33.78147931735597),7.0,7.0,7.0,7.0,5.0,5.0,5.0,5.0,29.0,29.0,21.0,21.0,26.0,44.2,25.90483333333334,17.61111111111111,0.8
2025-10-03 21:50:49+00:00,33.78147967228623,-84.40661586852637,POINT (-84.40661586852637 33.78147967228623),7.0,7.0,7.0,7.0,5.0,5.0,5.0,5.0,29.0,29.0,21.0,21.0,26.0,44.2,25.90483333333334,17.61111111111111,0.8
2025-10-03 21:50:50+00:00,33.781480027216496,-84.40663388123711,POINT (-84.40663388123711 33.781480027216496),7.0,7.0,7.0,7.0,5.0,5.0,5.0,5.0,29.0,29.0,21.0,21.0,26.0,44.2,25.90483333333334,17.61111111111111,0.8
2025-10-03 21:50:51+00:00,33.78148038214675,-84.40665189394784,POINT (-84.40665189394784 33.78148038214675),7.0,7.0,7.0,7.0,5.0,5.0,5.0,5.0,29.0,29.0,21.0,21.0,26.0,44.2,25.90483333333334,17.61111111111111,0.8
2025-10-03 21:50:52+00:00,33.78148073707702,-84.40666990665859,POINT (-84.40666990665859 33.78148073707702),7.0,7.0,7.0,7.0,5.0,5.0,5.0,5.0,29.0,29.0,21.0,21.0,26.0,44.2,25.90483333333334,17.61111111111111,0.8
2025-10-03 21:50:53+00:00,33.78148111170406,-84.4066889189812,POINT (-84.4066889189812 33.78148111170406),7.0,7.0,7.0,7.0,6.5,6.5,6.5,6.5,29.0,29.0,27.0,27.0,26.0,44.2,25.90483333333334,17.61111111111111,0.8
2025-10-03 21:50:54+00:00,33.781481466634325,-84.40670693169193,POINT (-84.40670693169193 33.781481466634325),7.0,7.0,7.0,7.0,6.5,6.5,6.5,6.5,29.0,29.0,27.0,27.0,26.0,44.2,25.90483333333334,17.61111111111111,0.8
2025-10-03 21:50:55+00:00,33.78148182156458,-84.40672494440267,POINT (-84.40672494440267 33.78148182156458),7.0,7.0,7.0,7.0,6.5,6.5,6.5,6.5,29.0,29.0,27.0,27.0,26.0,44.2,25.90483333333334,17.61111111111111,0.8
2025-10-03 21:50:56+00:00,33.78148217649484,-84.40674295711341,POINT (-84.40674295711341 33.78148217649484),7.0,7.0,7.0,7.0,6.5,6.5,6.5,6.5,29.0,29.0,27.0,27.0,26.0,44.2,25.90483333333334,17.61111111111111,0.8
2025-10-03 21:50:57+00:00,33.78148255112189,-84.40676196943602,POINT (-84.40676196943602 33.78148255112189),7.0,7.0,7.0,7.0,6.5,6.5,6.5,6.5,29.0,29.0,27.0,27.0,26.0,44.2,25.90483333333334,17.61111111111111,0.8
2025-10-03 21:50:58+00:00,33.781482906052155,-84.40677998214676,POINT (-84.40677998214676 33.781482906052155),7.0,7.0,7.0,7.0,6.5,6.5,6.5,6.5,29.0,29.0,27.0,27.0,26.0,44.2,25.90483333333334,17.61111111111111,0.8
2025-10-03 21:50:59+00:00,33.78148326098241,-84.40679799485748,POINT (-84.40679799485748 33.78148326098241),7.0,7.0,7.0,7.0,6.5,6.5,6.5,6.5,29.0,29.0,27.0,27.0,26.0,44.2,25.90483333333334,17.61111111111111,0.8
2025-10-03 21:51:00+00:00,33.78148361591267,-84.40681600756822,POINT (-84.40681600756822 33.78148361591267),7.0,7.0,7.0,7.0,6.5,6.5,6.5,6.5,29.0,29.0,27.0,27.0,26.0,44.2,25.90483333333334,17.61111111111111,0.8
2025-10-03 21:51:01+00:00,33.781483970842935,-84.40683402027896,POINT (-84.40683402027896 33.781483970842935),7.0,7.0,7.0,7.0,6.5,6.5,6.5,6.5,29.0,29.0,27.0,27.0,26.0,44.2,25.90483333333334,17.61111111111111,0.8
2025-10-03 21:51:02+00:00,33.78148434546998,-84.40685303260157,POINT (-84.40685303260157 33.78148434546998),7.0,7.0,7.0,7.0,6.5,6.5,6.5,6.5,29.0,29.0,27.0,27.0,26.0,44.2,25.90483333333334,17.61111111111111,0.8
2025-10-03 21:51:03+00:00,33.78148470040024,-84.4068710453123,POINT (-84.4068710453123 33.78148470040024),7.0,7.0,7.0,7.0,6.5,6.5,6.5,6.5,29.0,29.0,27.0,27.0,26.0,44.2,25.90483333333334,17.61111111111111,0.8
2025-10-03 21:51:04+00:00,33.7814850553305,-84.40688905802305,POINT (-84.40688905802305 33.7814850553305),7.0,7.0,7.0,7.0,6.5,6.5,6.5,6.5,29.0,29.0,27.0,27.0,26.0,44.2,25.90483333333334,17.61111111111111,0.8
2025-10-03 21:51:05+00:00,33.781485410260764,-84.40690707073378,POINT (-84.40690707073378 33.781485410260764),7.0,7.0,7.0,7.0,6.5,6.5,6.5,6.5,29.0,29.0,27.0,27.0,26.0,44.2,25.90483333333334,17.61111111111111,0.8
2025-10-03 21:51:06+00:00,33.78148576519102,-84.40692508344452,POINT (-84.40692508344452 33.78148576519102),7.0,7.0,7.0,7.0,6.5,6.5,6.5,6.5,29.0,29.0,27.0,27.0,26.0,44.2,25.90483333333334,17.61111111111111,0.8
2025-10-03 21:51:07+00:00,33.78148613981807,-84.40694409576713,POINT (-84.40694409576713 33.78148613981807),7.0,7.0,7.0,7.0,6.5,6.5,6.5,6.5,29.0,29.0,27.0,27.0,26.0,44.2,25.90483333333334,17.61111111111111,0.8
2025-10-03 21:51:08+00:00,33.78148649474833,-84.40696210847786,POINT (-84.40696210847786 33.78148649474833),5.0,6.0,5.0,6.0,7.5,8.5,7.5,8.5,21.0,21.0,31.0,31.0,26.0,44.2,25.90483333333334,17.61111111111111,0.8
2025-10-03 21:51:09+00:00,33.78148684967859,-84.40698012118861,POINT (-84.40698012118861 33.78148684967859),5.0,6.0,5.0,6.0,7.5,8.5,7.5,8.5,21.0,21.0,31.0,31.0,26.0,44.2,25.90483333333334,17.61111111111111,0.8
2025-10-03 21:51:10+00:00,33.78148720460885,-84.40699813389934,POINT (-84.40699813389934 33.78148720460885),5.0,6.0,5.0,6.0,7.5,8.5,7.5,8.5,21.0,21.0,31.0,31.0,26.0,44.2,25.90483333333334,17.61111111111111,0.8
2025-10-03 21:51:11+00:00,33.781487559539116,-84.40701614661006,POINT (-84.40701614661006 33.781487559539116),5.0,6.0,5.0,6.0,7.5,8.5,7.5,8.5,21.0,21.0,31.0,31.0,26.0,44.2,25.90483333333334,17.61111111111111,0.8
2025-10-03 21:51:12+00:00,33.78148793416616,-84.40703515893269,POINT (-84.40703515893269 33.78148793416616),5.0,6.0,5.0,6.0,7.5,8.5,7.5,8.5,21.0,21.0,31.0,31.0,26.0,44.2,25.90483333333334,17.61111111111111,0.8
2025-10-03 21:51:13+00:00,33.78148828909642,-84.40705317164343,POINT (-84.40705317164343 33.78148828909642),5.0,6.0,5.0,6.0,7.5,8.5,7.5,8.5,21.0,21.0,31.0,31.0,26.0,44.2,25.90483333333334,17.61111111111111,0.8
2025-10-03 21:51:14+00:00,33.78148864402668,-84.40707118435415,POINT (-84.40707118435415 33.78148864402668),5.0,6.0,5.0,6.0,7.5,8.5,7.5,8.5,21.0,21.0,31.0,31.0,26.0,44.2,25.90483333333334,17.61111111111111,0.8
2025-10-03 21:51:15+00:00,33.781488998956945,-84.40708919706489,POINT (-84.40708919706489 33.781488998956945),5.0,6.0,5.0,6.0,7.5,8.5,7.5,8.5,21.0,21.0,31.0,31.0,26.0,44.2,25.90483333333334,17.61111111111111,0.8
2025-10-03 21:51:16+00:00,33.781489354275315,-84.4071072294724,POINT (-84.4071072294724 33.781489354275315),5.0,6.0,5.0,6.0,7.5,8.5,7.5,8.5,21.0,21.0,31.0,31.0,26.0,44.2,25.90483333333334,17.61111111111111,0.8
2025-10-03 21:51:17+00:00,33.781489626537294,-84.40712104676774,POINT (-84.40712104676774 33.781489626537294),5.0,6.0,5.0,6.0,7.5,8.5,7.5,8.5,21.0,21.0,31.0,31.0,26.0,44.2,25.90483333333334,17.61111111111111,0.8
2025-10-03 21:51:18+00:00,33.78148976092177,-84.40712786677987,POINT (-84.40712786677987 33.78148976092177),5.0,6.0,5.0,6.0,7.5,8.5,7.5,8.5,21.0,21.0,31.0,31.0,26.11111111111111,44.5,26.025416666666665,17.77777777777778,1.1
2025-10-03 21:51:19+00:00,33.781489914614916,-84.40713566670709,POINT (-84.40713566670709 33.781489914614916),5.0,6.0,5.0,6.0,7.5,8.5,7.5,8.5,21.0,21.0,31.0,31.0,26.11111111111111,44.5,26.025416666666665,17.77777777777778,1.1
2025-10-03 21:51:20+00:00,33.78148878378378,-84.4071472972973,POINT (-84.4071472972973 33.78148878378378),5.0,6.0,5.0,6.0,7.5,8.5,7.5,8.5,21.0,21.0,31.0,31.0,26.11111111111111,44.5,26.025416666666665,17.77777777777778,1.1
2025-10-03 21:51:21+00:00,33.78148724324324,-84.40715654054054,POINT (-84.40715654054054 33.78148724324324),5.0,6.0,5.0,6.0,7.5,8.5,7.5,8.5,21.0,21.0,31.0,31.0,26.11111111111111,44.5,26.025416666666665,17.77777777777778,1.1
2025-10-03 21:51:22+00:00,33.78148583783784,-84.40716497297296,POINT (-84.40716497297296 33.78148583783784),5.0,6.0,5.0,6.0,7.5,8.5,7.5,8.5,21.0,21.0,31.0,31.0,26.11111111111111,44.5,26.025416666666665,17.77777777777778,1.1
2025-10-03 21:51:23+00:00,33.78148427027027,-84.40717437837837,POINT (-84.40717437837837 33.78148427027027),5.0,6.0,5.0,6.0,6.0,6.0,6.0,6.0,21.0,21.0,25.0,25.0,26.166666666666664,44.5,26.08375,17.77777777777778,1.0
2025-10-03 21:51:24+00:00,33.78148289189189,-84.40718264864864,POINT (-84.40718264864864 33.78148289189189),5.0,6.0,5.0,6.0,6.0,6.0,6.0,6.0,21.0,21.0,25.0,25.0,26.166666666666664,44.5,26.08375,17.77777777777778,1.0
2025-10-03 21:51:25+00:00,33.78146876923077,-84.40721684615384,POINT (-84.40721684615384 33.78146876923077),5.0,6.0,5.0,6.0,6.0,6.0,6.0,6.0,21.0,21.0,25.0,25.0,26.166666666666664,44.5,26.08375,17.77777777777778,1.0
2025-10-03 21:51:26+00:00,33.78144819672131,-84.40723983606557,POINT (-84.40723983606557 33.78144819672131),5.0,6.0,5.0,6.0,6.0,6.0,6.0,6.0,21.0,21.0,25.0,25.0,26.166666666666664,44.5,26.08375,17.77777777777778,1.0
2025-10-03 21:51:27+00:00,33.78143895081967,-84.4072475409836,POINT (-84.4072475409836 33.78143895081967),5.0,6.0,5.0,6.0,6.0,6.0,6.0,6.0,21.0,21.0,25.0,25.0,26.166666666666664,44.5,26.08375,17.77777777777778,1.0
2025-10-03 21:51:28+00:00,33.781429606557374,-84.40725532786885,POINT (-84.40725532786885 33.781429606557374),5.0,6.0,5.0,6.0,6.0,6.0,6.0,6.0,21.0,21.0,25.0,25.0,26.22222222222222,44.5,26.14208333333333,17.88888888888889,1.0
2025-10-03 21:51:29+00:00,33.7814197704918,-84.40726352459016,POINT (-84.40726352459016 33.7814197704918),5.0,6.0,5.0,6.0,6.0,6.0,6.0,6.0,21.0,21.0,25.0,25.0,26.22222222222222,44.5,26.14208333333333,17.88888888888889,1.0
2025-10-03 21:51:30+00:00,33.78141101639344,-84.40727081967214,POINT (-84.40727081967214 33.78141101639344),5.0,6.0,5.0,6.0,6.0,6.0,6.0,6.0,21.0,21.0,25.0,25.0,26.22222222222222,44.5,26.14208333333333,17.88888888888889,1.0
2025-10-03 21:51:31+00:00,33.78140118032787,-84.40727901639345,POINT (-84.40727901639345 33.78140118032787),5.0,6.0,5.0,6.0,6.0,6.0,6.0,6.0,21.0,21.0,25.0,25.0,26.22222222222222,44.5,26.14208333333333,17.88888888888889,1.0
2025-10-03 21:51:32+00:00,33.7814,-84.40728,POINT (-84.40728 33.7814),5.0,6.0,5.0,6.0,6.0,6.0,6.0,6.0,21.0,21.0,25.0,25.0,26.22222222222222,44.5,26.14208333333333,17.88888888888889,1.0
2025-10-03 21:51:33+00:00,33.7814,-84.40728,POINT (-84.40728 33.7814),5.0,6.0,5.0,6.0,6.0,6.0,6.0,6.0,21.0,21.0,25.0,25.0,26.27777777777778,44.5,26.20041666666667,17.88888888888889,0.0
2025-10-03 21:51:34+00:00,33.7814,-84.40728,POINT (-84.40728 33.7814),5.0,6.0,5.0,6.0,6.0,6.0,6.0,6.0,21.0,21.0,25.0,25.0,26.27777777777778,44.5,26.20041666666667,17.88888888888889,0.0
2025-10-03 21:51:35+00:00,33.7814,-84.40728,POINT (-84.40728 33.7814),5.0,6.0,5.0,6.0,6.0,6.0,6.0,6.0,21.0,21.0,25.0,25.0,26.27777777777778,44.5,26.20041666666667,17.88888888888889,0.0
2025-10-03 21:51:36+00:00,33.7814,-84.40728,POINT (-84.40728 33.7814),5.0,6.0,5.0,6.0,6.0,6.0,6.0,6.0,21.0,21.0,25.0,25.0,26.27777777777778,44.5,26.20041666666667,17.88888888888889,0.0
2025-10-03 21:51:37+00:00,33.78134349023861,-84.40735553145336,POINT (-84.40735553145336 33.78134349023861),5.0,6.0,5.0,6.0,6.0,6.0,6.0,6.0,21.0,21.0,25.0,25.0,26.27777777777778,44.5,26.20041666666667,17.88888888888889,0.0
2025-10-03 21:51:38+00:00,33.78133277440347,-84.40736117136659,POINT (-84.40736117136659 33.78133277440347),5.0,5.0,5.0,5.0,5.0,6.0,5.0,6.0,21.0,21.0,21.0,21.0,26.333333333333336,44.6,26.260055555555557,18.000000000000004,0.0
2025-10-03 21:51:39+00:00,33.78132242950109,-84.40736661605206,POINT (-84.40736661605206 33.78132242950109),5.0,5.0,5.0,5.0,5.0,6.0,5.0,6.0,21.0,21.0,21.0,21.0,26.333333333333336,44.6,26.260055555555557,18.000000000000004,0.0
2025-10-03 21:51:40+00:00,33.78131171366594,-84.40737225596529,POINT (-84.40737225596529 33.78131171366594),5.0,5.0,5.0,5.0,5.0,6.0,5.0,6.0,21.0,21.0,21.0,21.0,26.333333333333336,44.6,26.260055555555557,18.000000000000004,0.0
2025-10-03 21:51:41+00:00,33.7813005856833,-84.40737811279826,POINT (-84.40737811279826 33.7813005856833),5.0,5.0,5.0,5.0,5.0,6.0,5.0,6.0,21.0,21.0,21.0,21.0,26.333333333333336,44.6,26.260055555555557,18.000000000000004,0.0
2025-10-03 21:51:42+00:00,33.78129065292841,-84.407383340564,POINT (-84.407383340564 33.78129065292841),5.0,5.0,5.0,5.0,5.0,6.0,5.0,6.0,21.0,21.0,21.0,21.0,26.333333333333336,44.6,26.260055555555557,18.000000000000004,0.0
2025-10-03 21:51:43+00:00,33.781279524945774,-84.40738919739695,POINT (-84.40738919739695 33.781279524945774),5.0,5.0,5.0,5.0,5.0,6.0,5.0,6.0,21.0,21.0,21.0,21.0,26.27777777777778,44.6,26.20172222222222,18.000000000000004,0.0
2025-10-03 21:51:44+00:00,33.78126880911063,-84.40739483731019,POINT (-84.40739483731019 33.78126880911063),5.0,5.0,5.0,5.0,5.0,6.0,5.0,6.0,21.0,21.0,21.0,21.0,26.27777777777778,44.6,26.20172222222222,18.000000000000004,0.0
2025-10-03 21:51:45+00:00,33.78125846420824,-84.40740028199566,POINT (-84.40740028199566 33.78125846420824),5.0,5.0,5.0,5.0,5.0,6.0,5.0,6.0,21.0,21.0,21.0,21.0,26.27777777777778,44.6,26.20172222222222,18.000000000000004,0.0
2025-10-03 21:51:46+00:00,33.7812477483731,-84.40740592190889,POINT (-84.40740592190889 33.7812477483731),5.0,5.0,5.0,5.0,5.0,6.0,5.0,6.0,21.0,21.0,21.0,21.0,26.27777777777778,44.6,26.20172222222222,18.000000000000004,0.0
2025-10-03 21:51:47+00:00,33.78124,-84.40741,POINT (-84.40741 33.78124),5.0,5.0,5.0,5.0,5.0,6.0,5.0,6.0,21.0,21.0,21.0,21.0,26.27777777777778,44.6,26.20172222222222,18.000000000000004,0.0
2025-10-03 21:51:48+00:00,33.78124,-84.40741,POINT (-84.40741 33.78124),5.0,5.0,5.0,5.0,5.0,6.0,5.0,6.0,21.0,21.0,21.0,21.0,26.38888888888889,44.6,26.318388888888887,18.000000000000004,1.1
2025-10-03 21:51:49+00:00,33.78124,-84.40741,POINT (-84.40741 33.78124),5.0,5.0,5.0,5.0,5.0,6.0,5.0,6.0,21.0,21.0,21.0,21.0,26.38888888888889,44.6,26.318388888888887,18.000000000000004,1.1
2025-10-03 21:51:50+00:00,33.78124,-84.40741,POINT (-84.40741 33.78124),5.0,5.0,5.0,5.0,5.0,6.0,5.0,6.0,21.0,21.0,21.0,21.0,26.38888888888889,44.6,26.318388888888887,18.000000000000004,1.1
2025-10-03 21:51:51+00:00,33.78124,-84.40741,POINT (-84.40741 33.78124),5.0,5.0,5.0,5.0,5.0,6.0,5.0,6.0,21.0,21.0,21.0,21.0,26.38888888888889,44.6,26.318388888888887,18.000000000000004,1.1
2025-10-03 21:51:52+00:00,33.78124,-84.40741,POINT (-84.40741 33.78124),5.0,5.0,5.0,5.0,5.0,6.0,5.0,6.0,21.0,21.0,21.0,21.0,26.38888888888889,44.6,26.318388888888887,18.000000000000004,1.1
2025-10-03 21:51:53+00:00,33.78124,-84.40741,POINT (-84.40741 33.78124),6.0,6.0,6.0,6.0,7.0,7.0,7.0,7.0,25.0,25.0,29.0,29.0,26.166666666666664,44.4,26.08244444444444,17.77777777777778,1.1
2025-10-03 21:51:54+00:00,33.78124,-84.40741,POINT (-84.40741 33.78124),6.0,6.0,6.0,6.0,7.0,7.0,7.0,7.0,25.0,25.0,29.0,29.0,26.166666666666664,44.4,26.08244444444444,17.77777777777778,1.1
2025-10-03 21:51:55+00:00,33.78124,-84.40741,POINT (-84.40741 33.78124),6.0,6.0,6.0,6.0,7.0,7.0,7.0,7.0,25.0,25.0,29.0,29.0,26.166666666666664,44.4,26.08244444444444,17.77777777777778,1.1
2025-10-03 21:51:56+00:00,33.78124,-84.40741,POINT (-84.40741 33.78124),6.0,6.0,6.0,6.0,7.0,7.0,7.0,7.0,25.0,25.0,29.0,29.0,26.166666666666664,44.4,26.08244444444444,17.77777777777778,1.1
2025-10-03 21:51:57+00:00,33.78124,-84.40741,POINT (-84.40741 33.78124),6.0,6.0,6.0,6.0,7.0,7.0,7.0,7.0,25.0,25.0,29.0,29.0,26.166666666666664,44.4,26.08244444444444,17.77777777777778,1.1
2025-10-03 21:51:58+00:00,33.78124,-84.40741,POINT (-84.40741 33.78124),6.0,6.0,6.0,6.0,7.0,7.0,7.0,7.0,25.0,25.0,29.0,29.0,26.166666666666664,44.1,26.07852777777778,17.72222222222222,1.3
2025-10-03 21:51:59+00:00,33.78124,-84.40741,POINT (-84.40741 33.78124),6.0,6.0,6.0,6.0,7.0,7.0,7.0,7.0,25.0,25.0,29.0,29.0,26.166666666666664,44.1,26.07852777777778,17.72222222222222,1.3
2025-10-03 21:52:00+00:00,33.781052,-84.40761,POINT (-84.40761 33.781052),6.0,6.0,6.0,6.0,7.0,7.0,7.0,7.0,25.0,25.0,29.0,29.0,26.166666666666664,44.1,26.07852777777778,17.72222222222222,1.3
2025-10-03 21:52:01+00:00,33.781042,-84.40761,POINT (-84.40761 33.781042),6.0,6.0,6.0,6.0,7.0,7.0,7.0,7.0,25.0,25.0,29.0,29.0,26.166666666666664,44.1,26.07852777777778,17.72222222222222,1.3
2025-10-03 21:52:02+00:00,33.781031,-84.40761,POINT (-84.40761 33.781031),6.0,6.0,6.0,6.0,7.0,7.0,7.0,7.0,25.0,25.0,29.0,29.0,26.166666666666664,44.1,26.07852777777778,17.72222222222222,1.3
2025-10-03 21:52:03+00:00,33.781021,-84.40761,POINT (-84.40761 33.781021),6.0,6.0,6.0,6.0,7.0,7.0,7.0,7.0,25.0,25.0,29.0,29.0,26.11111111111111,44.0,26.018888888888892,17.61111111111111,0.8
2025-10-03 21:52:04+00:00,33.78101,-84.40761,POINT (-84.40761 33.78101),6.0,6.0,6.0,6.0,7.0,7.0,7.0,7.0,25.0,25.0,29.0,29.0,26.11111111111111,44.0,26.018888888888892,17.61111111111111,0.8
2025-10-03 21:52:05+00:00,33.781,-84.40761,POINT (-84.40761 33.781),6.0,6.0,6.0,6.0,7.0,7.0,7.0,7.0,25.0,25.0,29.0,29.0,26.11111111111111,44.0,26.018888888888892,17.61111111111111,0.8
2025-10-03 21:52:06+00:00,33.78099,-84.40761,POINT (-84.40761 33.78099),6.0,6.0,6.0,6.0,7.0,7.0,7.0,7.0,25.0,25.0,29.0,29.0,26.11111111111111,44.0,26.018888888888892,17.61111111111111,0.8
2025-10-03 21:52:07+00:00,33.780979,-84.40761,POINT (-84.40761 33.780979),6.0,6.0,6.0,6.0,7.0,7.0,7.0,7.0,25.0,25.0,29.0,29.0,26.11111111111111,44.0,26.018888888888892,17.61111111111111,0.8
2025-10-03 21:52:08+00:00,33.780969,-84.40761,POINT (-84.40761 33.780969),4.0,4.0,4.0,4.0,7.0,7.0,7.0,7.0,17.0,17.0,29.0,29.0,26.166666666666664,43.9,26.075916666666657,17.72222222222222,0.8
2025-10-03 21:52:09+00:00,33.780958,-84.40761,POINT (-84.40761 33.780958),4.0,4.0,4.0,4.0,7.0,7.0,7.0,7.0,17.0,17.0,29.0,29.0,26.166666666666664,43.9,26.075916666666657,17.72222222222222,0.8
2025-10-03 21:52:10+00:00,33.780948,-84.40761,POINT (-84.40761 33.780948),4.0,4.0,4.0,4.0,7.0,7.0,7.0,7.0,17.0,17.0,29.0,29.0,26.166666666666664,43.9,26.075916666666657,17.72222222222222,0.8
2025-10-03 21:52:11+00:00,33.780938,-84.40761,POINT (-84.40761 33.780938),4.0,4.0,4.0,4.0,7.0,7.0,7.0,7.0,17.0,17.0,29.0,29.0,26.166666666666664,43.9,26.075916666666657,17.72222222222222,0.8
2025-10-03 21:52:12+00:00,33.780927,-84.40761,POINT (-84.40761 33.780927),4.0,4.0,4.0,4.0,7.0,7.0,7.0,7.0,17.0,17.0,29.0,29.0,26.166666666666664,43.9,26.075916666666657,17.72222222222222,0.8
2025-10-03 21:52:13+00:00,33.780917,-84.40761,POINT (-84.40761 33.780917),4.0,4.0,4.0,4.0,7.0,7.0,7.0,7.0,17.0,17.0,29.0,29.0,26.11111111111111,44.0,26.018888888888892,17.61111111111111,0.9
2025-10-03 21:52:14+00:00,33.780906,-84.40761,POINT (-84.40761 33.780906),4.0,4.0,4.0,4.0,7.0,7.0,7.0,7.0,17.0,17.0,29.0,29.0,26.11111111111111,44.0,26.018888888888892,17.61111111111111,0.9
2025-10-03 21:52:15+00:00,33.780896,-84.40761,POINT (-84.40761 33.780896),4.0,4.0,4.0,4.0,7.0,7.0,7.0,7.0,17.0,17.0,29.0,29.0,26.11111111111111,44.0,26.018888888888892,17.61111111111111,0.9
2025-10-03 21:52:16+00:00,33.780885,-84.40761,POINT (-84.40761 33.780885),4.0,4.0,4.0,4.0,7.0,7.0,7.0,7.0,17.0,17.0,29.0,29.0,26.11111111111111,44.0,26.018888888888892,17.61111111111111,0.9
2025-10-03 21:52:17+00:00,33.780875,-84.40761,POINT (-84.40761 33.780875),4.0,4.0,4.0,4.0,7.0,7.0,7.0,7.0,17.0,17.0,29.0,29.0,26.11111111111111,44.0,26.018888888888892,17.61111111111111,0.9
2025-10-03 21:52:18+00:00,33.780859,-84.40761,POINT (-84.40761 33.780859),4.0,4.0,4.0,4.0,7.0,7.0,7.0,7.0,17.0,17.0,29.0,29.0,26.166666666666664,44.0,26.07722222222222,17.72222222222222,0.9
2025-10-03 21:52:19+00:00,33.780849,-84.40761,POINT (-84.40761 33.780849),4.0,4.0,4.0,4.0,7.0,7.0,7.0,7.0,17.0,17.0,29.0,29.0,26.166666666666664,44.0,26.07722222222222,17.72222222222222,0.9
2025-10-03 21:52:20+00:00,33.78084,-84.40761,POINT (-84.40761 33.78084),4.0,4.0,4.0,4.0,7.0,7.0,7.0,7.0,17.0,17.0,29.0,29.0,26.166666666666664,44.0,26.07722222222222,17.72222222222222,0.9
2025-10-03 21:52:21+00:00,33.780831,-84.40761,POINT (-84.40761 33.780831),4.0,4.0,4.0,4.0,7.0,7.0,7.0,7.0,17.0,17.0,29.0,29.0,26.166666666666664,44.0,26.07722222222222,17.72222222222222,0.9
2025-10-03 21:52:22+00:00,33.780821,-84.40761,POINT (-84.40761 33.780821),4.0,4.0,4.0,4.0,7.0,7.0,7.0,7.0,17.0,17.0,29.0,29.0,26.166666666666664,44.0,26.07722222222222,17.72222222222222,0.9
2025-10-03 21:52:23+00:00,33.780812,-84.40761,POINT (-84.40761 33.780812),4.0,4.0,4.0,4.0,6.0,6.0,6.0,6.0,17.0,17.0,25.0,25.0,26.11111111111111,44.0,26.018888888888892,17.61111111111111,0.9
2025-10-03 21:52:24+00:00,33.780803,-84.40761,POINT (-84.40761 33.780803),4.0,4.0,4.0,4.0,6.0,6.0,6.0,6.0,17.0,17.0,25.0,25.0,26.11111111111111,44.0,26.018888888888892,17.61111111111111,0.9
2025-10-03 21:52:25+00:00,33.780793,-84.40761,POINT (-84.40761 33.780793),4.0,4.0,4.0,4.0,6.0,6.0,6.0,6.0,17.0,17.0,25.0,25.0,26.11111111111111,44.0,26.018888888888892,17.61111111111111,0.9
2025-10-03 21:52:26+00:00,33.780784,-84.40761,POINT (-84.40761 33.780784),4.0,4.0,4.0,4.0,6.0,6.0,6.0,6.0,17.0,17.0,25.0,25.0,26.11111111111111,44.0,26.018888888888892,17.61111111111111,0.9
2025-10-03 21:52:27+00:00,33.780775,-84.40761,POINT (-84.40761 33.780775),4.0,4.0,4.0,4.0,6.0,6.0,6.0,6.0,17.0,17.0,25.0,25.0,26.11111111111111,44.0,26.018888888888892,17.61111111111111,0.9
2025-10-03 21:52:28+00:00,33.780765,-84.40761,POINT (-84.40761 33.780765),4.0,4.0,4.0,4.0,6.0,6.0,6.0,6.0,17.0,17.0,25.0,25.0,25.944444444444443,43.9,25.842583333333334,17.5,0.0
2025-10-03 21:52:29+00:00,33.780756,-84.40761,POINT (-84.40761 33.780756),4.0,4.0,4.0,4.0,6.0,6.0,6.0,6.0,17.0,17.0,25.0,25.0,25.944444444444443,43.9,25.842583333333334,17.5,0.0
2025-10-03 21:52:30+00:00,33.780747,-84.40761,POINT (-84.40761 33.780747),4.0,4.0,4.0,4.0,6.0,6.0,6.0,6.0,17.0,17.0,25.0,25.0,25.944444444444443,43.9,25.842583333333334,17.5,0.0
2025-10-03 21:52:31+00:00,33.780737,-84.40761,POINT (-84.40761 33.780737),4.0,4.0,4.0,4.0,6.0,6.0,6.0,6.0,17.0,17.0,25.0,25.0,25.944444444444443,43.9,25.842583333333334,17.5,0.0
2025-10-03 21:52:32+00:00,33.780728,-84.40761,POINT (-84.40761 33.780728),4.0,4.0,4.0,4.0,6.0,6.0,6.0,6.0,17.0,17.0,25.0,25.0,25.944444444444443,43.9,25.842583333333334,17.5,0.0
2025-10-03 21:52:33+00:00,33.780719,-84.40761,POINT (-84.40761 33.780719),4.0,4.0,4.0,4.0,6.0,6.0,6.0,6.0,17.0,17.0,25.0,25.0,25.833333333333332,43.9,25.725916666666663,17.38888888888889,0.0
2025-10-03 21:52:34+00:00,33.78071,-84.40761,POINT (-84.40761 33.78071),4.0,4.0,4.0,4.0,6.0,6.0,6.0,6.0,17.0,17.0,25.0,25.0,25.833333333333332,43.9,25.725916666666663,17.38888888888889,0.0
2025-10-03 21:52:35+00:00,33.7807,-84.40761,POINT (-84.40761 33.7807),4.0,4.0,4.0,4.0,6.0,6.0,6.0,6.0,17.0,17.0,25.0,25.0,25.833333333333332,43.9,25.725916666666663,17.38888888888889,0.0
2025-10-03 21:52:36+00:00,33.78069261874365,-84.4076101778616,POINT (-84.4076101778616 33.78069261874365),4.0,4.0,4.0,4.0,6.0,6.0,6.0,6.0,17.0,17.0,25.0,25.0,25.833333333333332,43.9,25.725916666666663,17.38888888888889,0.0
2025-10-03 21:52:37+00:00,33.780683599883936,-84.40761039518353,POINT (-84.40761039518353 33.780683599883936),4.0,4.0,4.0,4.0,6.0,6.0,6.0,6.0,17.0,17.0,25.0,25.0,25.833333333333332,43.9,25.725916666666663,17.38888888888889,0.0
2025-10-03 21:52:38+00:00,33.78067358160453,-84.40761063658785,POINT (-84.40761063658785 33.78067358160453),7.0,7.0,7.0,7.0,6.0,6.0,6.0,6.0,29.0,29.0,25.0,25.0,25.72222222222222,43.9,25.60925,17.27777777777778,0.9
2025-10-03 21:52:39+00:00,33.780664586827214,-84.40761085332947,POINT (-84.40761085332947 33.780664586827214),7.0,7.0,7.0,7.0,6.0,6.0,6.0,6.0,29.0,29.0,25.0,25.0,25.72222222222222,43.9,25.60925,17.27777777777778,0.9
2025-10-03 21:52:40+00:00,33.7806555679675,-84.40761107065138,POINT (-84.40761107065138 33.7806555679675),7.0,7.0,7.0,7.0,6.0,6.0,6.0,6.0,29.0,29.0,25.0,25.0,25.72222222222222,43.9,25.60925,17.27777777777778,0.9
2025-10-03 21:52:41+00:00,33.78064554968809,-84.4076113120557,POINT (-84.4076113120557 33.78064554968809),7.0,7.0,7.0,7.0,6.0,6.0,6.0,6.0,29.0,29.0,25.0,25.0,25.72222222222222,43.9,25.60925,17.27777777777778,0.9
2025-10-03 21:52:42+00:00,33.780636530828374,-84.40761152937763,POINT (-84.40761152937763 33.780636530828374),7.0,7.0,7.0,7.0,6.0,6.0,6.0,6.0,29.0,29.0,25.0,25.0,25.72222222222222,43.9,25.60925,17.27777777777778,0.9
2025-10-03 21:52:43+00:00,33.78062751196866,-84.40761174669956,POINT (-84.40761174669956 33.78062751196866),7.0,7.0,7.0,7.0,6.0,6.0,6.0,6.0,29.0,29.0,25.0,25.0,25.666666666666668,43.9,25.550916666666662,17.27777777777778,0.9
2025-10-03 21:52:44+00:00,33.78061749368925,-84.40761198810388,POINT (-84.40761198810388 33.78061749368925),7.0,7.0,7.0,7.0,6.0,6.0,6.0,6.0,29.0,29.0,25.0,25.0,25.666666666666668,43.9,25.550916666666662,17.27777777777778,0.9
2025-10-03 21:52:45+00:00,33.78060847482954,-84.40761220542579,POINT (-84.40761220542579 33.78060847482954),7.0,7.0,7.0,7.0,6.0,6.0,6.0,6.0,29.0,29.0,25.0,25.0,25.666666666666668,43.9,25.550916666666662,17.27777777777778,0.9
2025-10-03 21:52:46+00:00,33.78059945596982,-84.40761242274772,POINT (-84.40761242274772 33.78059945596982),7.0,7.0,7.0,7.0,6.0,6.0,6.0,6.0,29.0,29.0,25.0,25.0,25.666666666666668,43.9,25.550916666666662,17.27777777777778,0.9
2025-10-03 21:52:47+00:00,33.78058943769041,-84.40761266415204,POINT (-84.40761266415204 33.78058943769041),7.0,7.0,7.0,7.0,6.0,6.0,6.0,6.0,29.0,29.0,25.0,25.0,25.666666666666668,43.9,25.550916666666662,17.27777777777778,0.9
2025-10-03 21:52:48+00:00,33.7805804188307,-84.40761288147397,POINT (-84.40761288147397 33.7805804188307),7.0,7.0,7.0,7.0,6.0,6.0,6.0,6.0,29.0,29.0,25.0,25.0,25.555555555555557,44.0,25.435555555555553,17.22222222222222,0.9
2025-10-03 21:52:50+00:00,33.78057139997098,-84.40761309879588,POINT (-84.40761309879588 33.78057139997098),7.0,7.0,7.0,7.0,6.0,6.0,6.0,6.0,29.0,29.0,25.0,25.0,25.555555555555557,44.0,25.435555555555553,17.22222222222222,0.9
2025-10-03 21:52:52+00:00,33.78056138169157,-84.40761334020021,POINT (-84.40761334020021 33.78056138169157),7.0,7.0,7.0,7.0,6.0,6.0,6.0,6.0,29.0,29.0,25.0,25.0,25.555555555555557,44.0,25.435555555555553,17.22222222222222,0.9
2025-10-03 21:52:53+00:00,33.78055236283186,-84.40761355752213,POINT (-84.40761355752213 33.78055236283186),8.0,8.5,8.0,8.5,6.0,7.0,6.0,7.0,33.0,33.0,25.0,25.0,25.611111111111107,44.0,25.49388888888889,17.27777777777778,0.9
2025-10-03 21:52:54+00:00,33.78054334397214,-84.40761377484405,POINT (-84.40761377484405 33.78054334397214),8.0,8.5,8.0,8.5,6.0,7.0,6.0,7.0,33.0,33.0,25.0,25.0,25.611111111111107,44.0,25.49388888888889,17.27777777777778,0.9
2025-10-03 21:52:55+00:00,33.78053332569273,-84.40761401624837,POINT (-84.40761401624837 33.78053332569273),8.0,8.5,8.0,8.5,6.0,7.0,6.0,7.0,33.0,33.0,25.0,25.0,25.611111111111107,44.0,25.49388888888889,17.27777777777778,0.9
2025-10-03 21:52:56+00:00,33.780524330915426,-84.40761423299,POINT (-84.40761423299 33.780524330915426),8.0,8.5,8.0,8.5,6.0,7.0,6.0,7.0,33.0,33.0,25.0,25.0,25.611111111111107,44.0,25.49388888888889,17.27777777777778,0.9
2025-10-03 21:52:57+00:00,33.780515312055705,-84.40761445031191,POINT (-84.40761445031191 33.780515312055705),8.0,8.5,8.0,8.5,6.0,7.0,6.0,7.0,33.0,33.0,25.0,25.0,25.611111111111107,44.0,25.49388888888889,17.27777777777778,0.9
2025-10-03 21:52:58+00:00,33.780505293776294,-84.40761469171623,POINT (-84.40761469171623 33.780505293776294),8.0,8.5,8.0,8.5,6.0,7.0,6.0,7.0,33.0,33.0,25.0,25.0,25.666666666666668,44.1,25.55352777777778,17.27777777777778,0.0
2025-10-03 21:52:59+00:00,33.78049627491659,-84.40761490903816,POINT (-84.40761490903816 33.78049627491659),8.0,8.5,8.0,8.5,6.0,7.0,6.0,7.0,33.0,33.0,25.0,25.0,25.666666666666668,44.1,25.55352777777778,17.27777777777778,0.0
2025-10-03 21:53:00+00:00,33.78048725605687,-84.40761512636008,POINT (-84.40761512636008 33.78048725605687),8.0,8.5,8.0,8.5,6.0,7.0,6.0,7.0,33.0,33.0,25.0,25.0,25.666666666666668,44.1,25.55352777777778,17.27777777777778,0.0
2025-10-03 21:53:01+00:00,33.780477237777454,-84.40761536776441,POINT (-84.40761536776441 33.780477237777454),8.0,8.5,8.0,8.5,6.0,7.0,6.0,7.0,33.0,33.0,25.0,25.0,25.666666666666668,44.1,25.55352777777778,17.27777777777778,0.0
2025-10-03 21:53:02+00:00,33.78046821891775,-84.40761558508632,POINT (-84.40761558508632 33.78046821891775),8.0,8.5,8.0,8.5,6.0,7.0,6.0,7.0,33.0,33.0,25.0,25.0,25.666666666666668,44.1,25.55352777777778,17.27777777777778,0.0
2025-10-03 21:53:03+00:00,33.78045920005803,-84.40761580240824,POINT (-84.40761580240824 33.78045920005803),8.0,8.5,8.0,8.5,6.0,7.0,6.0,7.0,33.0,33.0,25.0,25.0,25.72222222222222,44.2,25.613166666666668,17.38888888888889,0.7
2025-10-03 21:53:04+00:00,33.780449181778614,-84.40761604381257,POINT (-84.40761604381257 33.780449181778614),8.0,8.5,8.0,8.5,6.0,7.0,6.0,7.0,33.0,33.0,25.0,25.0,25.72222222222222,44.2,25.613166666666668,17.38888888888889,0.7
2025-10-03 21:53:05+00:00,33.78044016291891,-84.40761626113449,POINT (-84.40761626113449 33.78044016291891),8.0,8.5,8.0,8.5,6.0,7.0,6.0,7.0,33.0,33.0,25.0,25.0,25.72222222222222,44.2,25.613166666666668,17.38888888888889,0.7
2025-10-03 21:53:06+00:00,33.78043114405919,-84.4076164784564,POINT (-84.4076164784564 33.78043114405919),8.0,8.5,8.0,8.5,6.0,7.0,6.0,7.0,33.0,33.0,25.0,25.0,25.72222222222222,44.2,25.613166666666668,17.38888888888889,0.7
2025-10-03 21:53:07+00:00,33.780421125779775,-84.40761671986073,POINT (-84.40761671986073 33.780421125779775),8.0,8.5,8.0,8.5,6.0,7.0,6.0,7.0,33.0,33.0,25.0,25.0,25.72222222222222,44.2,25.613166666666668,17.38888888888889,0.7
2025-10-03 21:53:08+00:00,33.78041210692007,-84.40761693718265,POINT (-84.40761693718265 33.78041210692007),6.0,6.0,6.0,6.0,4.0,5.0,4.0,5.0,25.0,25.0,17.0,17.0,25.666666666666668,44.5,25.558750000000003,17.38888888888889,0.9
2025-10-03 21:53:09+00:00,33.78040308806035,-84.40761715450458,POINT (-84.40761715450458 33.78040308806035),6.0,6.0,6.0,6.0,4.0,5.0,4.0,5.0,25.0,25.0,17.0,17.0,25.666666666666668,44.5,25.558750000000003,17.38888888888889,0.9
2025-10-03 21:53:10+00:00,33.78039406920063,-84.40761737182649,POINT (-84.40761737182649 33.78039406920063),6.0,6.0,6.0,6.0,4.0,5.0,4.0,5.0,25.0,25.0,17.0,17.0,25.666666666666668,44.5,25.558750000000003,17.38888888888889,0.9
2025-10-03 21:53:11+00:00,33.7803660372842,-84.40761804729436,POINT (-84.40761804729436 33.7803660372842),6.0,6.0,6.0,6.0,4.0,5.0,4.0,5.0,25.0,25.0,17.0,17.0,25.666666666666668,44.5,25.558750000000003,17.38888888888889,0.9
2025-10-03 21:53:12+00:00,33.78035202132599,-84.40761838502829,POINT (-84.40761838502829 33.78035202132599),6.0,6.0,6.0,6.0,4.0,5.0,4.0,5.0,25.0,25.0,17.0,17.0,25.666666666666668,44.5,25.558750000000003,17.38888888888889,0.9
2025-10-03 21:53:13+00:00,33.78033898070506,-84.40761869926013,POINT (-84.40761869926013 33.78033898070506),6.0,6.0,6.0,6.0,4.0,5.0,4.0,5.0,25.0,25.0,17.0,17.0,25.72222222222222,44.7,25.619694444444445,17.5,0.0
2025-10-03 21:53:14+00:00,33.78032594008414,-84.40761901349195,POINT (-84.40761901349195 33.78032594008414),6.0,6.0,6.0,6.0,4.0,5.0,4.0,5.0,25.0,25.0,17.0,17.0,25.72222222222222,44.7,25.619694444444445,17.5,0.0
2025-10-03 21:53:15+00:00,33.78031292354563,-84.40761932714348,POINT (-84.40761932714348 33.78031292354563),6.0,6.0,6.0,6.0,4.0,5.0,4.0,5.0,25.0,25.0,17.0,17.0,25.72222222222222,44.7,25.619694444444445,17.5,0.0
2025-10-03 21:53:16+00:00,33.780298883505004,-84.40761966545772,POINT (-84.40761966545772 33.780298883505004),6.0,6.0,6.0,6.0,4.0,5.0,4.0,5.0,25.0,25.0,17.0,17.0,25.72222222222222,44.7,25.619694444444445,17.5,0.0
2025-10-03 21:53:17+00:00,33.78028586696649,-84.40761997910924,POINT (-84.40761997910924 33.78028586696649),6.0,6.0,6.0,6.0,4.0,5.0,4.0,5.0,25.0,25.0,17.0,17.0,25.72222222222222,44.7,25.619694444444445,17.5,0.0
2025-10-03 21:53:18+00:00,33.780272826345566,-84.40762029334107,POINT (-84.40762029334107 33.780272826345566),6.0,6.0,6.0,6.0,4.0,5.0,4.0,5.0,25.0,25.0,17.0,17.0,25.777777777777782,44.8,25.679333333333336,17.61111111111111,1.0
2025-10-03 21:53:19+00:00,33.78025878630495,-84.4076206316553,POINT (-84.4076206316553 33.78025878630495),6.0,6.0,6.0,6.0,4.0,5.0,4.0,5.0,25.0,25.0,17.0,17.0,25.777777777777782,44.8,25.679333333333336,17.61111111111111,1.0
2025-10-03 21:53:20+00:00,33.78024576976643,-84.40762094530683,POINT (-84.40762094530683 33.78024576976643),6.0,6.0,6.0,6.0,4.0,5.0,4.0,5.0,25.0,25.0,17.0,17.0,25.777777777777782,44.8,25.679333333333336,17.61111111111111,1.0
2025-10-03 21:53:21+00:00,33.78023272914551,-84.40762125953866,POINT (-84.40762125953866 33.78023272914551),6.0,6.0,6.0,6.0,4.0,5.0,4.0,5.0,25.0,25.0,17.0,17.0,25.777777777777782,44.8,25.679333333333336,17.61111111111111,1.0
2025-10-03 21:53:22+00:00,33.78021968852459,-84.4076215737705,POINT (-84.4076215737705 33.78021968852459),6.0,6.0,6.0,6.0,4.0,5.0,4.0,5.0,25.0,25.0,17.0,17.0,25.777777777777782,44.8,25.679333333333336,17.61111111111111,1.0
2025-10-03 21:53:23+00:00,33.780205672566375,-84.40762191150442,POINT (-84.40762191150442 33.780205672566375),8.0,8.0,8.0,8.0,4.0,5.0,4.0,5.0,33.0,33.0,17.0,17.0,25.833333333333332,44.9,25.738972222222223,17.72222222222222,0.0
2025-10-03 21:53:24+00:00,33.780192631945454,-84.40762222573626,POINT (-84.40762222573626 33.780192631945454),8.0,8.0,8.0,8.0,4.0,5.0,4.0,5.0,33.0,33.0,17.0,17.0,25.833333333333332,44.9,25.738972222222223,17.72222222222222,0.0
2025-10-03 21:53:25+00:00,33.78017961540693,-84.40762253938779,POINT (-84.40762253938779 33.78017961540693),8.0,8.0,8.0,8.0,4.0,5.0,4.0,5.0,33.0,33.0,17.0,17.0,25.833333333333332,44.9,25.738972222222223,17.72222222222222,0.0
2025-10-03 21:53:26+00:00,33.78016557536631,-84.40762287770201,POINT (-84.40762287770201 33.78016557536631),8.0,8.0,8.0,8.0,4.0,5.0,4.0,5.0,33.0,33.0,17.0,17.0,25.833333333333332,44.9,25.738972222222223,17.72222222222222,0.0
2025-10-03 21:53:27+00:00,33.7801525347454,-84.40762319193385,POINT (-84.40762319193385 33.7801525347454),8.0,8.0,8.0,8.0,4.0,5.0,4.0,5.0,33.0,33.0,17.0,17.0,25.833333333333332,44.9,25.738972222222223,17.72222222222222,0.0
2025-10-03 21:53:28+00:00,33.78013951820687,-84.40762350558538,POINT (-84.40762350558538 33.78013951820687),8.0,8.0,8.0,8.0,4.0,5.0,4.0,5.0,33.0,33.0,17.0,17.0,25.888888888888886,45.1,25.79991666666666,17.72222222222222,0.8
2025-10-03 21:53:29+00:00,33.780125478166255,-84.40762384389961,POINT (-84.40762384389961 33.780125478166255),8.0,8.0,8.0,8.0,4.0,5.0,4.0,5.0,33.0,33.0,17.0,17.0,25.888888888888886,45.1,25.79991666666666,17.72222222222222,0.8
2025-10-03 21:53:30+00:00,33.78011243754534,-84.40762415813144,POINT (-84.40762415813144 33.78011243754534),8.0,8.0,8.0,8.0,4.0,5.0,4.0,5.0,33.0,33.0,17.0,17.0,25.888888888888886,45.1,25.79991666666666,17.72222222222222,0.8
2025-10-03 21:53:31+00:00,33.78009942100682,-84.40762447178297,POINT (-84.40762447178297 33.78009942100682),8.0,8.0,8.0,8.0,4.0,5.0,4.0,5.0,33.0,33.0,17.0,17.0,25.888888888888886,45.1,25.79991666666666,17.72222222222222,0.8
2025-10-03 21:53:32+00:00,33.780086380385896,-84.4076247860148,POINT (-84.4076247860148 33.780086380385896),8.0,8.0,8.0,8.0,4.0,5.0,4.0,5.0,33.0,33.0,17.0,17.0,25.888888888888886,45.1,25.79991666666666,17.72222222222222,0.8
2025-10-03 21:53:33+00:00,33.780072364427674,-84.40762512374873,POINT (-84.40762512374873 33.780072364427674),8.0,8.0,8.0,8.0,4.0,5.0,4.0,5.0,33.0,33.0,17.0,17.0,25.833333333333332,45.2,25.742888888888885,17.72222222222222,0.8
2025-10-03 21:53:34+00:00,33.78005932380676,-84.40762543798056,POINT (-84.40762543798056 33.78005932380676),8.0,8.0,8.0,8.0,4.0,5.0,4.0,5.0,33.0,33.0,17.0,17.0,25.833333333333332,45.2,25.742888888888885,17.72222222222222,0.8
2025-10-03 21:53:35+00:00,33.78004628318584,-84.40762575221238,POINT (-84.40762575221238 33.78004628318584),8.0,8.0,8.0,8.0,4.0,5.0,4.0,5.0,33.0,33.0,17.0,17.0,25.833333333333332,45.2,25.742888888888885,17.72222222222222,0.8
2025-10-03 21:53:36+00:00,33.78003226722762,-84.40762608994632,POINT (-84.40762608994632 33.78003226722762),8.0,8.0,8.0,8.0,4.0,5.0,4.0,5.0,33.0,33.0,17.0,17.0,25.833333333333332,45.2,25.742888888888885,17.72222222222222,0.8
2025-10-03 21:53:37+00:00,33.780019226606704,-84.40762640417815,POINT (-84.40762640417815 33.780019226606704),8.0,8.0,8.0,8.0,4.0,5.0,4.0,5.0,33.0,33.0,17.0,17.0,25.833333333333332,45.2,25.742888888888885,17.72222222222222,0.8
2025-10-03 21:53:38+00:00,33.78000618598578,-84.40762671840999,POINT (-84.40762671840999 33.78000618598578),6.5,7.0,6.5,7.0,6.0,6.0,6.0,6.0,27.0,27.0,25.0,25.0,25.833333333333332,45.2,25.742888888888885,17.72222222222222,1.0
2025-10-03 21:53:39+00:00,33.779993169447266,-84.40762703206151,POINT (-84.40762703206151 33.779993169447266),6.5,7.0,6.5,7.0,6.0,6.0,6.0,6.0,27.0,27.0,25.0,25.0,25.833333333333332,45.2,25.742888888888885,17.72222222222222,1.0
2025-10-03 21:53:40+00:00,33.77997912940664,-84.40762737037574,POINT (-84.40762737037574 33.77997912940664),6.5,7.0,6.5,7.0,6.0,6.0,6.0,6.0,27.0,27.0,25.0,25.0,25.833333333333332,45.2,25.742888888888885,17.72222222222222,1.0
2025-10-03 21:53:41+00:00,33.77996608878573,-84.40762768460758,POINT (-84.40762768460758 33.77996608878573),6.5,7.0,6.5,7.0,6.0,6.0,6.0,6.0,27.0,27.0,25.0,25.0,25.833333333333332,45.2,25.742888888888885,17.72222222222222,1.0
2025-10-03 21:53:42+00:00,33.77995000174089,-84.4076280722472,POINT (-84.4076280722472 33.77995000174089),6.5,7.0,6.5,7.0,6.0,6.0,6.0,6.0,27.0,27.0,25.0,25.0,25.833333333333332,45.2,25.742888888888885,17.72222222222222,1.0
2025-10-03 21:53:43+00:00,33.77993799405401,-84.40763078198034,POINT (-84.40763078198034 33.77993799405401),6.5,7.0,6.5,7.0,6.0,6.0,6.0,6.0,27.0,27.0,25.0,25.0,25.833333333333332,45.1,25.741583333333327,17.72222222222222,0.9
2025-10-03 21:53:44+00:00,33.77992594846808,-84.40763111049633,POINT (-84.40763111049633 33.77992594846808),6.5,7.0,6.5,7.0,6.0,6.0,6.0,6.0,27.0,27.0,25.0,25.0,25.833333333333332,45.1,25.741583333333327,17.72222222222222,0.9
2025-10-03 21:53:45+00:00,33.77991390288215,-84.4076314390123,POINT (-84.4076314390123 33.77991390288215),6.5,7.0,6.5,7.0,6.0,6.0,6.0,6.0,27.0,27.0,25.0,25.0,25.833333333333332,45.1,25.741583333333327,17.72222222222222,0.9
2025-10-03 21:53:46+00:00,33.77990285655297,-84.40763174027583,POINT (-84.40763174027583 33.77990285655297),6.5,7.0,6.5,7.0,6.0,6.0,6.0,6.0,27.0,27.0,25.0,25.0,25.833333333333332,45.1,25.741583333333327,17.72222222222222,0.9
2025-10-03 21:53:47+00:00,33.77989078371459,-84.40763206953505,POINT (-84.40763206953505 33.77989078371459),6.5,7.0,6.5,7.0,6.0,6.0,6.0,6.0,27.0,27.0,25.0,25.0,25.833333333333332,45.1,25.741583333333327,17.72222222222222,0.9
2025-10-03 21:53:48+00:00,33.77987,-84.407642,POINT (-84.407642 33.77987),6.5,7.0,6.5,7.0,6.0,6.0,6.0,6.0,27.0,27.0,25.0,25.0,25.833333333333332,45.0,25.740277777777774,17.61111111111111,0.9
2025-10-03 21:53:49+00:00,33.77987,-84.407644,POINT (-84.407644 33.77987),6.5,7.0,6.5,7.0,6.0,6.0,6.0,6.0,27.0,27.0,25.0,25.0,25.833333333333332,45.0,25.740277777777774,17.61111111111111,0.9
2025-10-03 21:53:50+00:00,33.77985461970435,-84.40763305582625,POINT (-84.40763305582625 33.77985461970435),6.5,7.0,6.5,7.0,6.0,6.0,6.0,6.0,27.0,27.0,25.0,25.0,25.833333333333332,45.0,25.740277777777774,17.61111111111111,0.9
2025-10-03 21:53:51+00:00,33.779842574118426,-84.40763338434223,POINT (-84.40763338434223 33.779842574118426),6.5,7.0,6.5,7.0,6.0,6.0,6.0,6.0,27.0,27.0,25.0,25.0,25.833333333333332,45.0,25.740277777777774,17.61111111111111,0.9
2025-10-03 21:53:52+00:00,33.7798305285325,-84.4076337128582,POINT (-84.4076337128582 33.7798305285325),6.5,7.0,6.5,7.0,6.0,6.0,6.0,6.0,27.0,27.0,25.0,25.0,25.833333333333332,45.0,25.740277777777774,17.61111111111111,0.9
2025-10-03 21:53:53+00:00,33.779818482946574,-84.40763404137418,POINT (-84.40763404137418 33.779818482946574),5.0,7.0,5.0,7.0,6.0,6.0,6.0,6.0,21.0,21.0,25.0,25.0,25.833333333333332,45.0,25.740277777777774,17.72222222222222,1.0
2025-10-03 21:53:54+00:00,33.779807409364935,-84.40763434338096,POINT (-84.40763434338096 33.779807409364935),5.0,7.0,5.0,7.0,6.0,6.0,6.0,6.0,21.0,21.0,25.0,25.0,25.833333333333332,45.0,25.740277777777774,17.72222222222222,1.0
2025-10-03 21:53:55+00:00,33.779795363779,-84.40763467189694,POINT (-84.40763467189694 33.779795363779),5.0,7.0,5.0,7.0,6.0,6.0,6.0,6.0,21.0,21.0,25.0,25.0,25.833333333333332,45.0,25.740277777777774,17.72222222222222,1.0
2025-10-03 21:53:56+00:00,33.779783318193076,-84.40763500041292,POINT (-84.40763500041292 33.779783318193076),5.0,7.0,5.0,7.0,6.0,6.0,6.0,6.0,21.0,21.0,25.0,25.0,25.833333333333332,45.0,25.740277777777774,17.72222222222222,1.0
2025-10-03 21:53:57+00:00,33.779771245354695,-84.40763532967215,POINT (-84.40763532967215 33.779771245354695),5.0,7.0,5.0,7.0,6.0,6.0,6.0,6.0,21.0,21.0,25.0,25.0,25.833333333333332,45.0,25.740277777777774,17.72222222222222,1.0
2025-10-03 21:53:58+00:00,33.77975919976877,-84.40763565818813,POINT (-84.40763565818813 33.77975919976877),5.0,7.0,5.0,7.0,6.0,6.0,6.0,6.0,21.0,21.0,25.0,25.0,25.944444444444443,45.0,25.856944444444437,17.72222222222222,0.0
2025-10-03 21:53:59+00:00,33.779747154182836,-84.40763598670411,POINT (-84.40763598670411 33.779747154182836),5.0,7.0,5.0,7.0,6.0,6.0,6.0,6.0,21.0,21.0,25.0,25.0,25.944444444444443,45.0,25.856944444444437,17.72222222222222,0.0
2025-10-03 21:54:00+00:00,33.77973510859691,-84.40763631522009,POINT (-84.40763631522009 33.77973510859691),5.0,7.0,5.0,7.0,6.0,6.0,6.0,6.0,21.0,21.0,25.0,25.0,25.944444444444443,45.0,25.856944444444437,17.72222222222222,0.0
2025-10-03 21:54:01+00:00,33.77972303575853,-84.40763664447931,POINT (-84.40763664447931 33.77972303575853),5.0,7.0,5.0,7.0,6.0,6.0,6.0,6.0,21.0,21.0,25.0,25.0,25.944444444444443,45.0,25.856944444444437,17.72222222222222,0.0
2025-10-03 21:54:02+00:00,33.7797109901726,-84.40763697299529,POINT (-84.40763697299529 33.7797109901726),5.0,7.0,5.0,7.0,6.0,6.0,6.0,6.0,21.0,21.0,25.0,25.0,25.944444444444443,45.0,25.856944444444437,17.72222222222222,0.0
2025-10-03 21:54:03+00:00,33.779699943843426,-84.40763727425882,POINT (-84.40763727425882 33.779699943843426),5.0,7.0,5.0,7.0,6.0,6.0,6.0,6.0,21.0,21.0,25.0,25.0,25.888888888888886,45.1,25.79991666666666,17.72222222222222,0.0
2025-10-03 21:54:04+00:00,33.77968787100504,-84.40763760351804,POINT (-84.40763760351804 33.77968787100504),5.0,7.0,5.0,7.0,6.0,6.0,6.0,6.0,21.0,21.0,25.0,25.0,25.888888888888886,45.1,25.79991666666666,17.72222222222222,0.0
2025-10-03 21:54:05+00:00,33.77967582541911,-84.40763793203402,POINT (-84.40763793203402 33.77967582541911),5.0,7.0,5.0,7.0,6.0,6.0,6.0,6.0,21.0,21.0,25.0,25.0,25.888888888888886,45.1,25.79991666666666,17.72222222222222,0.0
2025-10-03 21:54:06+00:00,33.779663779833186,-84.40763826055,POINT (-84.40763826055 33.779663779833186),5.0,7.0,5.0,7.0,6.0,6.0,6.0,6.0,21.0,21.0,25.0,25.0,25.888888888888886,45.1,25.79991666666666,17.72222222222222,0.0
2025-10-03 21:54:07+00:00,33.7796517069948,-84.40763858980924,POINT (-84.40763858980924 33.7796517069948),5.0,7.0,5.0,7.0,6.0,6.0,6.0,6.0,21.0,21.0,25.0,25.0,25.888888888888886,45.1,25.79991666666666,17.72222222222222,0.0
2025-10-03 21:54:08+00:00,33.779600237653625,-84.40769917575238,POINT (-84.40769917575238 33.779600237653625),5.0,6.0,5.0,6.0,6.0,6.0,6.0,6.0,21.0,21.0,25.0,25.0,26.055555555555557,45.1,25.97491666666667,17.77777777777778,0.9
2025-10-03 21:54:09+00:00,33.77960027779749,-84.4077091715751,POINT (-84.4077091715751 33.77960027779749),5.0,6.0,5.0,6.0,6.0,6.0,6.0,6.0,21.0,21.0,25.0,25.0,26.055555555555557,45.1,25.97491666666667,17.77777777777778,0.9
2025-10-03 21:54:10+00:00,33.77965,-84.40776,POINT (-84.40776 33.77965),5.0,6.0,5.0,6.0,6.0,6.0,6.0,6.0,21.0,21.0,25.0,25.0,26.055555555555557,45.1,25.97491666666667,17.77777777777778,0.9
2025-10-03 21:54:11+00:00,33.77965,-84.40776,POINT (-84.40776 33.77965),5.0,6.0,5.0,6.0,6.0,6.0,6.0,6.0,21.0,21.0,25.0,25.0,26.055555555555557,45.1,25.97491666666667,17.77777777777778,0.9
2025-10-03 21:54:12+00:00,33.77965,-84.40776,POINT (-84.40776 33.77965),5.0,6.0,5.0,6.0,6.0,6.0,6.0,6.0,21.0,21.0,25.0,25.0,26.055555555555557,45.1,25.97491666666667,17.77777777777778,0.9
2025-10-03 21:54:13+00:00,33.77965,-84.40776,POINT (-84.40776 33.77965),5.0,6.0,5.0,6.0,6.0,6.0,6.0,6.0,21.0,21.0,25.0,25.0,26.11111111111111,45.2,26.034555555555556,17.88888888888889,0.0
2025-10-03 21:54:14+00:00,33.77965,-84.407763,POINT (-84.407763 33.77965),5.0,6.0,5.0,6.0,6.0,6.0,6.0,6.0,21.0,21.0,25.0,25.0,26.11111111111111,45.2,26.034555555555556,17.88888888888889,0.0
2025-10-03 21:54:15+00:00,33.77965,-84.407774,POINT (-84.407774 33.77965),5.0,6.0,5.0,6.0,6.0,6.0,6.0,6.0,21.0,21.0,25.0,25.0,26.11111111111111,45.2,26.034555555555556,17.88888888888889,0.0
2025-10-03 21:54:16+00:00,33.77965,-84.407784,POINT (-84.407784 33.77965),5.0,6.0,5.0,6.0,6.0,6.0,6.0,6.0,21.0,21.0,25.0,25.0,26.11111111111111,45.2,26.034555555555556,17.88888888888889,0.0
2025-10-03 21:54:17+00:00,33.77965,-84.407795,POINT (-84.407795 33.77965),5.0,6.0,5.0,6.0,6.0,6.0,6.0,6.0,21.0,21.0,25.0,25.0,26.11111111111111,45.2,26.034555555555556,17.88888888888889,0.0
2025-10-03 21:54:18+00:00,33.77965,-84.407806,POINT (-84.407806 33.77965),5.0,6.0,5.0,6.0,6.0,6.0,6.0,6.0,21.0,21.0,25.0,25.0,26.11111111111111,45.2,26.034555555555556,17.88888888888889,0.0
2025-10-03 21:54:19+00:00,33.77965,-84.407816,POINT (-84.407816 33.77965),5.0,6.0,5.0,6.0,6.0,6.0,6.0,6.0,21.0,21.0,25.0,25.0,26.11111111111111,45.2,26.034555555555556,17.88888888888889,0.0
2025-10-03 21:54:20+00:00,33.77965,-84.407827,POINT (-84.407827 33.77965),5.0,6.0,5.0,6.0,6.0,6.0,6.0,6.0,21.0,21.0,25.0,25.0,26.11111111111111,45.2,26.034555555555556,17.88888888888889,0.0
2025-10-03 21:54:21+00:00,33.77965,-84.407838,POINT (-84.407838 33.77965),5.0,6.0,5.0,6.0,6.0,6.0,6.0,6.0,21.0,21.0,25.0,25.0,26.11111111111111,45.2,26.034555555555556,17.88888888888889,0.0
2025-10-03 21:54:22+00:00,33.77965,-84.407849,POINT (-84.407849 33.77965),5.0,6.0,5.0,6.0,6.0,6.0,6.0,6.0,21.0,21.0,25.0,25.0,26.11111111111111,45.2,26.034555555555556,17.88888888888889,0.0
2025-10-03 21:54:23+00:00,33.77965,-84.407859,POINT (-84.407859 33.77965),5.0,5.0,5.0,5.0,5.0,5.0,5.0,5.0,21.0,21.0,21.0,21.0,26.055555555555557,45.1,25.97491666666667,17.88888888888889,0.0
2025-10-03 21:54:24+00:00,33.77965,-84.40787,POINT (-84.40787 33.77965),5.0,5.0,5.0,5.0,5.0,5.0,5.0,5.0,21.0,21.0,21.0,21.0,26.055555555555557,45.1,25.97491666666667,17.88888888888889,0.0
2025-10-03 21:54:25+00:00,33.77965,-84.407881,POINT (-84.407881 33.77965),5.0,5.0,5.0,5.0,5.0,5.0,5.0,5.0,21.0,21.0,21.0,21.0,26.055555555555557,45.1,25.97491666666667,17.88888888888889,0.0
2025-10-03 21:54:26+00:00,33.77965,-84.407891,POINT (-84.407891 33.77965),5.0,5.0,5.0,5.0,5.0,5.0,5.0,5.0,21.0,21.0,21.0,21.0,26.055555555555557,45.1,25.97491666666667,17.88888888888889,0.0
2025-10-03 21:54:27+00:00,33.77965,-84.407902,POINT (-84.407902 33.77965),5.0,5.0,5.0,5.0,5.0,5.0,5.0,5.0,21.0,21.0,21.0,21.0,26.055555555555557,45.1,25.97491666666667,17.88888888888889,0.0
2025-10-03 21:54:28+00:00,33.77965,-84.407913,POINT (-84.407913 33.77965),5.0,5.0,5.0,5.0,5.0,5.0,5.0,5.0,21.0,21.0,21.0,21.0,26.11111111111111,45.0,26.031944444444438,17.77777777777778,1.0
2025-10-03 21:54:29+00:00,33.77965,-84.407924,POINT (-84.407924 33.77965),5.0,5.0,5.0,5.0,5.0,5.0,5.0,5.0,21.0,21.0,21.0,21.0,26.11111111111111,45.0,26.031944444444438,17.77777777777778,1.0
2025-10-03 21:54:30+00:00,33.77965,-84.407934,POINT (-84.407934 33.77965),5.0,5.0,5.0,5.0,5.0,5.0,5.0,5.0,21.0,21.0,21.0,21.0,26.11111111111111,45.0,26.031944444444438,17.77777777777778,1.0
2025-10-03 21:54:31+00:00,33.77965,-84.407945,POINT (-84.407945 33.77965),5.0,5.0,5.0,5.0,5.0,5.0,5.0,5.0,21.0,21.0,21.0,21.0,26.11111111111111,45.0,26.031944444444438,17.77777777777778,1.0
2025-10-03 21:54:32+00:00,33.77960126945905,-84.40795609530338,POINT (-84.40795609530338 33.77960126945905),5.0,5.0,5.0,5.0,5.0,5.0,5.0,5.0,21.0,21.0,21.0,21.0,26.11111111111111,45.0,26.031944444444438,17.77777777777778,1.0
2025-10-03 21:54:33+00:00,33.77960130960292,-84.4079660911261,POINT (-84.4079660911261 33.77960130960292),5.0,5.0,5.0,5.0,5.0,5.0,5.0,5.0,21.0,21.0,21.0,21.0,26.055555555555557,44.9,25.97230555555556,17.77777777777778,0.9
2025-10-03 21:54:34+00:00,33.779601353762786,-84.40797708693268,POINT (-84.40797708693268 33.779601353762786),5.0,5.0,5.0,5.0,5.0,5.0,5.0,5.0,21.0,21.0,21.0,21.0,26.055555555555557,44.9,25.97230555555556,17.77777777777778,0.9
2025-10-03 21:54:35+00:00,33.77960139793878,-84.40798808675527,POINT (-84.40798808675527 33.77960139793878),5.0,5.0,5.0,5.0,5.0,5.0,5.0,5.0,21.0,21.0,21.0,21.0,26.055555555555557,44.9,25.97230555555556,17.77777777777778,0.9
2025-10-03 21:54:36+00:00,33.77960143808264,-84.40799808257799,POINT (-84.40799808257799 33.77960143808264),5.0,5.0,5.0,5.0,5.0,5.0,5.0,5.0,21.0,21.0,21.0,21.0,26.055555555555557,44.9,25.97230555555556,17.77777777777778,0.9
2025-10-03 21:54:37+00:00,33.77960148224251,-84.40800907838458,POINT (-84.40800907838458 33.77960148224251),5.0,5.0,5.0,5.0,5.0,5.0,5.0,5.0,21.0,21.0,21.0,21.0,26.055555555555557,44.9,25.97230555555556,17.77777777777778,0.9
2025-10-03 21:54:38+00:00,33.779601526402374,-84.40802007419114,POINT (-84.40802007419114 33.779601526402374),5.0,5.0,5.0,5.0,5.0,5.0,5.0,5.0,21.0,21.0,21.0,21.0,26.0,44.9,25.913972222222224,17.72222222222222,0.0
2025-10-03 21:54:39+00:00,33.77960157056224,-84.40803106999773,POINT (-84.40803106999773 33.77960157056224),5.0,5.0,5.0,5.0,5.0,5.0,5.0,5.0,21.0,21.0,21.0,21.0,26.0,44.9,25.913972222222224,17.72222222222222,0.0
2025-10-03 21:54:40+00:00,33.77960161070611,-84.40804106582046,POINT (-84.40804106582046 33.77960161070611),5.0,5.0,5.0,5.0,5.0,5.0,5.0,5.0,21.0,21.0,21.0,21.0,26.0,44.9,25.913972222222224,17.72222222222222,0.0
2025-10-03 21:54:41+00:00,33.7796016548821,-84.40805206564305,POINT (-84.40805206564305 33.7796016548821),5.0,5.0,5.0,5.0,5.0,5.0,5.0,5.0,21.0,21.0,21.0,21.0,26.0,44.9,25.913972222222224,17.72222222222222,0.0
2025-10-03 21:54:42+00:00,33.77960169904197,-84.40806306144962,POINT (-84.40806306144962 33.77960169904197),5.0,5.0,5.0,5.0,5.0,5.0,5.0,5.0,21.0,21.0,21.0,21.0,26.0,44.9,25.913972222222224,17.72222222222222,0.0
2025-10-03 21:54:43+00:00,33.779601739185836,-84.40807305727235,POINT (-84.40807305727235 33.779601739185836),5.0,5.0,5.0,5.0,5.0,5.0,5.0,5.0,21.0,21.0,21.0,21.0,26.0,44.8,25.912666666666663,17.72222222222222,0.9
2025-10-03 21:54:44+00:00,33.7796017833457,-84.40808405307894,POINT (-84.40808405307894 33.7796017833457),5.0,5.0,5.0,5.0,5.0,5.0,5.0,5.0,21.0,21.0,21.0,21.0,26.0,44.8,25.912666666666663,17.72222222222222,0.9
2025-10-03 21:54:45+00:00,33.779601827505566,-84.40809504888553,POINT (-84.40809504888553 33.779601827505566),5.0,5.0,5.0,5.0,5.0,5.0,5.0,5.0,21.0,21.0,21.0,21.0,26.0,44.8,25.912666666666663,17.72222222222222,0.9
2025-10-03 21:54:46+00:00,33.77960187168156,-84.4081060487081,POINT (-84.4081060487081 33.77960187168156),5.0,5.0,5.0,5.0,5.0,5.0,5.0,5.0,21.0,21.0,21.0,21.0,26.0,44.8,25.912666666666663,17.72222222222222,0.9
2025-10-03 21:54:47+00:00,33.779601911825424,-84.40811604453083,POINT (-84.40811604453083 33.779601911825424),5.0,5.0,5.0,5.0,5.0,5.0,5.0,5.0,21.0,21.0,21.0,21.0,26.0,44.8,25.912666666666663,17.72222222222222,0.9
2025-10-03 21:54:48+00:00,33.77960195598529,-84.4081270403374,POINT (-84.4081270403374 33.77960195598529),5.0,5.0,5.0,5.0,5.0,5.0,5.0,5.0,21.0,21.0,21.0,21.0,25.944444444444443,44.7,25.853027777777775,17.72222222222222,0.8
2025-10-03 21:54:49+00:00,33.77960200014516,-84.408138036144,POINT (-84.408138036144 33.77960200014516),5.0,5.0,5.0,5.0,5.0,5.0,5.0,5.0,21.0,21.0,21.0,21.0,25.944444444444443,44.7,25.853027777777775,17.72222222222222,0.8
2025-10-03 21:54:50+00:00,33.77960204028902,-84.4081480319667,POINT (-84.4081480319667 33.77960204028902),5.0,5.0,5.0,5.0,5.0,5.0,5.0,5.0,21.0,21.0,21.0,21.0,25.944444444444443,44.7,25.853027777777775,17.72222222222222,0.8
2025-10-03 21:54:51+00:00,33.77960208446502,-84.4081590317893,POINT (-84.4081590317893 33.77960208446502),5.0,5.0,5.0,5.0,5.0,5.0,5.0,5.0,21.0,21.0,21.0,21.0,25.944444444444443,44.7,25.853027777777775,17.72222222222222,0.8
2025-10-03 21:54:52+00:00,33.77960212862489,-84.40817002759589,POINT (-84.40817002759589 33.77960212862489),5.0,5.0,5.0,5.0,5.0,5.0,5.0,5.0,21.0,21.0,21.0,21.0,25.944444444444443,44.7,25.853027777777775,17.72222222222222,0.8
2025-10-03 21:54:53+00:00,33.77960216876875,-84.4081800234186,POINT (-84.4081800234186 33.77960216876875),5.0,5.0,5.0,5.0,4.0,4.0,4.0,4.0,21.0,21.0,17.0,17.0,25.833333333333332,44.6,25.735055555555554,17.61111111111111,0.9
2025-10-03 21:54:54+00:00,33.779602212928616,-84.40819101922519,POINT (-84.40819101922519 33.779602212928616),5.0,5.0,5.0,5.0,4.0,4.0,4.0,4.0,21.0,21.0,17.0,17.0,25.833333333333332,44.6,25.735055555555554,17.61111111111111,0.9
2025-10-03 21:54:55+00:00,33.779602257088484,-84.40820201503178,POINT (-84.40820201503178 33.779602257088484),5.0,5.0,5.0,5.0,4.0,4.0,4.0,4.0,21.0,21.0,17.0,17.0,25.833333333333332,44.6,25.735055555555554,17.61111111111111,0.9
2025-10-03 21:54:56+00:00,33.779602301264475,-84.40821301485437,POINT (-84.40821301485437 33.779602301264475),5.0,5.0,5.0,5.0,4.0,4.0,4.0,4.0,21.0,21.0,17.0,17.0,25.833333333333332,44.6,25.735055555555554,17.61111111111111,0.9
2025-10-03 21:54:57+00:00,33.77960234140834,-84.40822301067708,POINT (-84.40822301067708 33.77960234140834),5.0,5.0,5.0,5.0,4.0,4.0,4.0,4.0,21.0,21.0,17.0,17.0,25.833333333333332,44.6,25.735055555555554,17.61111111111111,0.9
2025-10-03 21:54:58+00:00,33.77960238556821,-84.40823400648365,POINT (-84.40823400648365 33.77960238556821),5.0,5.0,5.0,5.0,4.0,4.0,4.0,4.0,21.0,21.0,17.0,17.0,25.666666666666668,44.5,25.558750000000003,17.38888888888889,1.0
2025-10-03 21:54:59+00:00,33.77960242972807,-84.40824500229024,POINT (-84.40824500229024 33.77960242972807),5.0,5.0,5.0,5.0,4.0,4.0,4.0,4.0,21.0,21.0,17.0,17.0,25.666666666666668,44.5,25.558750000000003,17.38888888888889,1.0
2025-10-03 21:55:00+00:00,33.77960246987194,-84.40825499811297,POINT (-84.40825499811297 33.77960246987194),5.0,5.0,5.0,5.0,4.0,4.0,4.0,4.0,21.0,21.0,17.0,17.0,25.666666666666668,44.5,25.558750000000003,17.38888888888889,1.0
2025-10-03 21:55:01+00:00,33.77960251404794,-84.40826599793554,POINT (-84.40826599793554 33.77960251404794),5.0,5.0,5.0,5.0,4.0,4.0,4.0,4.0,21.0,21.0,17.0,17.0,25.666666666666668,44.5,25.558750000000003,17.38888888888889,1.0
2025-10-03 21:55:02+00:00,33.7796025582078,-84.40827699374213,POINT (-84.40827699374213 33.7796025582078),5.0,5.0,5.0,5.0,4.0,4.0,4.0,4.0,21.0,21.0,17.0,17.0,25.666666666666668,44.5,25.558750000000003,17.38888888888889,1.0
2025-10-03 21:55:03+00:00,33.77960260236767,-84.40828798954873,POINT (-84.40828798954873 33.77960260236767),5.0,5.0,5.0,5.0,4.0,4.0,4.0,4.0,21.0,21.0,17.0,17.0,25.555555555555557,44.4,25.44077777777777,17.27777777777778,0.9
2025-10-03 21:55:04+00:00,33.77960273887939,-84.40832198096835,POINT (-84.40832198096835 33.77960273887939),5.0,5.0,5.0,5.0,4.0,4.0,4.0,4.0,21.0,21.0,17.0,17.0,25.555555555555557,44.4,25.44077777777777,17.27777777777778,0.9
2025-10-03 21:55:05+00:00,33.77960281115126,-84.40833997666203,POINT (-84.40833997666203 33.77960281115126),5.0,5.0,5.0,5.0,4.0,4.0,4.0,4.0,21.0,21.0,17.0,17.0,25.555555555555557,44.4,25.44077777777777,17.27777777777778,0.9
2025-10-03 21:55:06+00:00,33.77960288745525,-84.4083589763556,POINT (-84.4083589763556 33.77960288745525),5.0,5.0,5.0,5.0,4.0,4.0,4.0,4.0,21.0,21.0,17.0,17.0,25.555555555555557,44.4,25.44077777777777,17.27777777777778,0.9
2025-10-03 21:55:07+00:00,33.77960295972711,-84.4083769720493,POINT (-84.4083769720493 33.77960295972711),5.0,5.0,5.0,5.0,4.0,4.0,4.0,4.0,21.0,21.0,17.0,17.0,25.555555555555557,44.4,25.44077777777777,17.27777777777778,0.9
2025-10-03 21:55:08+00:00,33.7796030360311,-84.40839597174285,POINT (-84.40839597174285 33.7796030360311),6.0,6.0,6.0,6.0,6.0,6.0,6.0,6.0,25.0,25.0,25.0,25.0,25.555555555555557,44.4,25.44077777777777,17.27777777777778,1.1
2025-10-03 21:55:09+00:00,33.77960310830296,-84.40841396743653,POINT (-84.40841396743653 33.77960310830296),6.0,6.0,6.0,6.0,6.0,6.0,6.0,6.0,25.0,25.0,25.0,25.0,25.555555555555557,44.4,25.44077777777777,17.27777777777778,1.1
2025-10-03 21:55:10+00:00,33.77960318460695,-84.4084329671301,POINT (-84.4084329671301 33.77960318460695),6.0,6.0,6.0,6.0,6.0,6.0,6.0,6.0,25.0,25.0,25.0,25.0,25.555555555555557,44.4,25.44077777777777,17.27777777777778,1.1
2025-10-03 21:55:11+00:00,33.77960325687881,-84.40845096282378,POINT (-84.40845096282378 33.77960325687881),6.0,6.0,6.0,6.0,6.0,6.0,6.0,6.0,25.0,25.0,25.0,25.0,25.555555555555557,44.4,25.44077777777777,17.27777777777778,1.1
2025-10-03 21:55:12+00:00,33.7796033331828,-84.40846996251733,POINT (-84.40846996251733 33.7796033331828),6.0,6.0,6.0,6.0,6.0,6.0,6.0,6.0,25.0,25.0,25.0,25.0,25.555555555555557,44.4,25.44077777777777,17.27777777777778,1.1
2025-10-03 21:55:13+00:00,33.779603405454665,-84.40848795821103,POINT (-84.40848795821103 33.779603405454665),6.0,6.0,6.0,6.0,6.0,6.0,6.0,6.0,25.0,25.0,25.0,25.0,25.555555555555557,44.4,25.44077777777777,17.22222222222222,0.9
2025-10-03 21:55:14+00:00,33.779603481758656,-84.40850695790458,POINT (-84.40850695790458 33.779603481758656),6.0,6.0,6.0,6.0,6.0,6.0,6.0,6.0,25.0,25.0,25.0,25.0,25.555555555555557,44.4,25.44077777777777,17.22222222222222,0.9
2025-10-03 21:55:15+00:00,33.779603554030516,-84.40852495359827,POINT (-84.40852495359827 33.779603554030516),6.0,6.0,6.0,6.0,6.0,6.0,6.0,6.0,25.0,25.0,25.0,25.0,25.555555555555557,44.4,25.44077777777777,17.22222222222222,0.9
2025-10-03 21:55:16+00:00,33.779603630334506,-84.40854395329184,POINT (-84.40854395329184 33.779603630334506),6.0,6.0,6.0,6.0,6.0,6.0,6.0,6.0,25.0,25.0,25.0,25.0,25.555555555555557,44.4,25.44077777777777,17.22222222222222,0.9
2025-10-03 21:55:17+00:00,33.7796037066385,-84.40856295298539,POINT (-84.40856295298539 33.7796037066385),6.0,6.0,6.0,6.0,6.0,6.0,6.0,6.0,25.0,25.0,25.0,25.0,25.555555555555557,44.4,25.44077777777777,17.22222222222222,0.9
2025-10-03 21:55:18+00:00,33.77960377891036,-84.40858094867907,POINT (-84.40858094867907 33.77960377891036),6.0,6.0,6.0,6.0,6.0,6.0,6.0,6.0,25.0,25.0,25.0,25.0,25.444444444444443,44.6,25.32672222222222,17.22222222222222,1.0
2025-10-03 21:55:19+00:00,33.77960385521435,-84.40859994837264,POINT (-84.40859994837264 33.77960385521435),6.0,6.0,6.0,6.0,6.0,6.0,6.0,6.0,25.0,25.0,25.0,25.0,25.444444444444443,44.6,25.32672222222222,17.22222222222222,1.0
2025-10-03 21:55:20+00:00,33.779603927486214,-84.40861794406632,POINT (-84.40861794406632 33.779603927486214),6.0,6.0,6.0,6.0,6.0,6.0,6.0,6.0,25.0,25.0,25.0,25.0,25.444444444444443,44.6,25.32672222222222,17.22222222222222,1.0
2025-10-03 21:55:21+00:00,33.7796040037902,-84.40863694375987,POINT (-84.40863694375987 33.7796040037902),6.0,6.0,6.0,6.0,6.0,6.0,6.0,6.0,25.0,25.0,25.0,25.0,25.444444444444443,44.6,25.32672222222222,17.22222222222222,1.0
2025-10-03 21:55:22+00:00,33.779604076062064,-84.40865493945356,POINT (-84.40865493945356 33.779604076062064),6.0,6.0,6.0,6.0,6.0,6.0,6.0,6.0,25.0,25.0,25.0,25.0,25.444444444444443,44.6,25.32672222222222,17.22222222222222,1.0
2025-10-03 21:55:23+00:00,33.779604152366055,-84.40867393914714,POINT (-84.40867393914714 33.779604152366055),5.0,5.0,5.0,5.0,6.0,6.0,6.0,6.0,21.0,21.0,25.0,25.0,25.444444444444443,44.7,25.32802777777778,17.27777777777778,0.0
2025-10-03 21:55:24+00:00,33.779604224637914,-84.40869193484082,POINT (-84.40869193484082 33.779604224637914),5.0,5.0,5.0,5.0,6.0,6.0,6.0,6.0,21.0,21.0,25.0,25.0,25.444444444444443,44.7,25.32802777777778,17.27777777777778,0.0
2025-10-03 21:55:25+00:00,33.779604300941905,-84.40871093453437,POINT (-84.40871093453437 33.779604300941905),5.0,5.0,5.0,5.0,6.0,6.0,6.0,6.0,21.0,21.0,25.0,25.0,25.444444444444443,44.7,25.32802777777778,17.27777777777778,0.0
2025-10-03 21:55:26+00:00,33.779604373213765,-84.40872893022805,POINT (-84.40872893022805 33.779604373213765),5.0,5.0,5.0,5.0,6.0,6.0,6.0,6.0,21.0,21.0,25.0,25.0,25.444444444444443,44.7,25.32802777777778,17.27777777777778,0.0
2025-10-03 21:55:27+00:00,33.779604449517755,-84.40874792992162,POINT (-84.40874792992162 33.779604449517755),5.0,5.0,5.0,5.0,6.0,6.0,6.0,6.0,21.0,21.0,25.0,25.0,25.444444444444443,44.7,25.32802777777778,17.27777777777778,0.0
2025-10-03 21:55:28+00:00,33.77960452180575,-84.4087659296313,POINT (-84.4087659296313 33.77960452180575),5.0,5.0,5.0,5.0,6.0,6.0,6.0,6.0,21.0,21.0,25.0,25.0,25.444444444444443,44.8,25.329333333333334,17.27777777777778,0.0
2025-10-03 21:55:29+00:00,33.77960465031773,-84.4087979291152,POINT (-84.4087979291152 33.77960465031773),5.0,5.0,5.0,5.0,6.0,6.0,6.0,6.0,21.0,21.0,25.0,25.0,25.444444444444443,44.8,25.329333333333334,17.27777777777778,0.0
2025-10-03 21:55:30+00:00,33.7796047105416,-84.40881292485726,POINT (-84.40881292485726 33.7796047105416),5.0,5.0,5.0,5.0,6.0,6.0,6.0,6.0,21.0,21.0,25.0,25.0,25.444444444444443,44.8,25.329333333333334,17.27777777777778,0.0
2025-10-03 21:55:31+00:00,33.77960477078159,-84.40882792461534,POINT (-84.40882792461534 33.77960477078159),5.0,5.0,5.0,5.0,6.0,6.0,6.0,6.0,21.0,21.0,25.0,25.0,25.444444444444443,44.8,25.329333333333334,17.27777777777778,0.0
2025-10-03 21:55:32+00:00,33.77960483100545,-84.40884292035742,POINT (-84.40884292035742 33.77960483100545),5.0,5.0,5.0,5.0,6.0,6.0,6.0,6.0,21.0,21.0,25.0,25.0,25.444444444444443,44.8,25.329333333333334,17.27777777777778,0.0
2025-10-03 21:55:33+00:00,33.77960489124544,-84.40885792011548,POINT (-84.40885792011548 33.77960489124544),5.0,5.0,5.0,5.0,6.0,6.0,6.0,6.0,21.0,21.0,25.0,25.0,25.500000000000004,44.9,25.388972222222225,17.27777777777778,0.0
2025-10-03 21:55:34+00:00,33.77960495148544,-84.40887291987356,POINT (-84.40887291987356 33.77960495148544),5.0,5.0,5.0,5.0,6.0,6.0,6.0,6.0,21.0,21.0,25.0,25.0,25.500000000000004,44.9,25.388972222222225,17.27777777777778,0.0
2025-10-03 21:55:35+00:00,33.7796050117093,-84.40888791561564,POINT (-84.40888791561564 33.7796050117093),5.0,5.0,5.0,5.0,6.0,6.0,6.0,6.0,21.0,21.0,25.0,25.0,25.500000000000004,44.9,25.388972222222225,17.27777777777778,0.0
2025-10-03 21:55:36+00:00,33.77960507596529,-84.40890391535757,POINT (-84.40890391535757 33.77960507596529),5.0,5.0,5.0,5.0,6.0,6.0,6.0,6.0,21.0,21.0,25.0,25.0,25.500000000000004,44.9,25.388972222222225,17.27777777777778,0.0
2025-10-03 21:55:37+00:00,33.779605136189154,-84.40891891109963,POINT (-84.40891891109963 33.779605136189154),5.0,5.0,5.0,5.0,6.0,6.0,6.0,6.0,21.0,21.0,25.0,25.0,25.500000000000004,44.9,25.388972222222225,17.27777777777778,0.0
2025-10-03 21:55:38+00:00,33.779605196429145,-84.40893391085771,POINT (-84.40893391085771 33.779605196429145),4.0,4.0,4.0,4.0,6.5,7.0,6.5,7.0,17.0,17.0,27.0,27.0,25.38888888888889,45.0,25.273611111111116,17.22222222222222,0.0
2025-10-03 21:55:39+00:00,33.779605256653014,-84.40894890659979,POINT (-84.40894890659979 33.779605256653014),4.0,4.0,4.0,4.0,6.5,7.0,6.5,7.0,17.0,17.0,27.0,27.0,25.38888888888889,45.0,25.273611111111116,17.22222222222222,0.0
2025-10-03 21:55:40+00:00,33.779605316893004,-84.40896390635785,POINT (-84.40896390635785 33.779605316893004),4.0,4.0,4.0,4.0,6.5,7.0,6.5,7.0,17.0,17.0,27.0,27.0,25.38888888888889,45.0,25.273611111111116,17.22222222222222,0.0
2025-10-03 21:55:41+00:00,33.779605377132995,-84.40897890611593,POINT (-84.40897890611593 33.779605377132995),4.0,4.0,4.0,4.0,6.5,7.0,6.5,7.0,17.0,17.0,27.0,27.0,25.38888888888889,45.0,25.273611111111116,17.22222222222222,0.0
2025-10-03 21:55:42+00:00,33.77960543735686,-84.40899390185801,POINT (-84.40899390185801 33.77960543735686),4.0,4.0,4.0,4.0,6.5,7.0,6.5,7.0,17.0,17.0,27.0,27.0,25.38888888888889,45.0,25.273611111111116,17.22222222222222,0.0
2025-10-03 21:55:43+00:00,33.779605497596854,-84.40900890161608,POINT (-84.40900890161608 33.779605497596854),4.0,4.0,4.0,4.0,6.5,7.0,6.5,7.0,17.0,17.0,27.0,27.0,25.38888888888889,45.3,25.277527777777777,17.27777777777778,0.0
2025-10-03 21:55:44+00:00,33.779605557820716,-84.40902389735815,POINT (-84.40902389735815 33.779605557820716),4.0,4.0,4.0,4.0,6.5,7.0,6.5,7.0,17.0,17.0,27.0,27.0,25.38888888888889,45.3,25.277527777777777,17.27777777777778,0.0
2025-10-03 21:55:45+00:00,33.77960561806071,-84.40903889711623,POINT (-84.40903889711623 33.77960561806071),4.0,4.0,4.0,4.0,6.5,7.0,6.5,7.0,17.0,17.0,27.0,27.0,25.38888888888889,45.3,25.277527777777777,17.27777777777778,0.0
2025-10-03 21:55:46+00:00,33.7796056783007,-84.4090538968743,POINT (-84.4090538968743 33.7796056783007),4.0,4.0,4.0,4.0,6.5,7.0,6.5,7.0,17.0,17.0,27.0,27.0,25.38888888888889,45.3,25.277527777777777,17.27777777777778,0.0
2025-10-03 21:55:47+00:00,33.779605738524566,-84.40906889261638,POINT (-84.40906889261638 33.779605738524566),4.0,4.0,4.0,4.0,6.5,7.0,6.5,7.0,17.0,17.0,27.0,27.0,25.38888888888889,45.3,25.277527777777777,17.27777777777778,0.0
2025-10-03 21:55:48+00:00,33.77960579876456,-84.40908389237443,POINT (-84.40908389237443 33.77960579876456),4.0,4.0,4.0,4.0,6.5,7.0,6.5,7.0,17.0,17.0,27.0,27.0,25.33333333333333,45.6,25.223111111111102,17.27777777777778,0.0
2025-10-03 21:55:49+00:00,33.77960585898842,-84.4090988881165,POINT (-84.4090988881165 33.77960585898842),4.0,4.0,4.0,4.0,6.5,7.0,6.5,7.0,17.0,17.0,27.0,27.0,25.33333333333333,45.6,25.223111111111102,17.27777777777778,0.0
2025-10-03 21:55:50+00:00,33.77960592324441,-84.40911488785845,POINT (-84.40911488785845 33.77960592324441),4.0,4.0,4.0,4.0,6.5,7.0,6.5,7.0,17.0,17.0,27.0,27.0,25.33333333333333,45.6,25.223111111111102,17.27777777777778,0.0
2025-10-03 21:55:51+00:00,33.77960598346827,-84.40912988360053,POINT (-84.40912988360053 33.77960598346827),4.0,4.0,4.0,4.0,6.5,7.0,6.5,7.0,17.0,17.0,27.0,27.0,25.33333333333333,45.6,25.223111111111102,17.27777777777778,0.0
2025-10-03 21:55:52+00:00,33.77960604370827,-84.40914488335859,POINT (-84.40914488335859 33.77960604370827),4.0,4.0,4.0,4.0,6.5,7.0,6.5,7.0,17.0,17.0,27.0,27.0,25.33333333333333,45.6,25.223111111111102,17.27777777777778,0.0
2025-10-03 21:55:53+00:00,33.77960610394826,-84.40915988311667,POINT (-84.40915988311667 33.77960610394826),4.0,4.0,4.0,4.0,5.5,6.5,5.5,6.5,17.0,17.0,23.0,23.0,25.27777777777778,45.7,25.166083333333333,17.27777777777778,1.0
2025-10-03 21:55:54+00:00,33.77960616417212,-84.40917487885875,POINT (-84.40917487885875 33.77960616417212),4.0,4.0,4.0,4.0,5.5,6.5,5.5,6.5,17.0,17.0,23.0,23.0,25.27777777777778,45.7,25.166083333333333,17.27777777777778,1.0
2025-10-03 21:55:55+00:00,33.77960622441211,-84.40918987861681,POINT (-84.40918987861681 33.77960622441211),4.0,4.0,4.0,4.0,5.5,6.5,5.5,6.5,17.0,17.0,23.0,23.0,25.27777777777778,45.7,25.166083333333333,17.27777777777778,1.0
2025-10-03 21:55:56+00:00,33.77960628463598,-84.40920487435889,POINT (-84.40920487435889 33.77960628463598),4.0,4.0,4.0,4.0,5.5,6.5,5.5,6.5,17.0,17.0,23.0,23.0,25.27777777777778,45.7,25.166083333333333,17.27777777777778,1.0
2025-10-03 21:55:57+00:00,33.77960634487597,-84.40921987411697,POINT (-84.40921987411697 33.77960634487597),4.0,4.0,4.0,4.0,5.5,6.5,5.5,6.5,17.0,17.0,23.0,23.0,25.27777777777778,45.7,25.166083333333333,17.27777777777778,1.0
2025-10-03 21:55:58+00:00,33.77960640511596,-84.40923487387504,POINT (-84.40923487387504 33.77960640511596),4.0,4.0,4.0,4.0,5.5,6.5,5.5,6.5,17.0,17.0,23.0,23.0,25.33333333333333,45.8,25.225722222222217,17.38888888888889,0.0
2025-10-03 21:55:59+00:00,33.779606465339825,-84.40924986961711,POINT (-84.40924986961711 33.779606465339825),4.0,4.0,4.0,4.0,5.5,6.5,5.5,6.5,17.0,17.0,23.0,23.0,25.33333333333333,45.8,25.225722222222217,17.38888888888889,0.0
2025-10-03 21:56:00+00:00,33.77960652557982,-84.40926486937519,POINT (-84.40926486937519 33.77960652557982),4.0,4.0,4.0,4.0,5.5,6.5,5.5,6.5,17.0,17.0,23.0,23.0,25.33333333333333,45.8,25.225722222222217,17.38888888888889,0.0
2025-10-03 21:56:01+00:00,33.779606585803684,-84.40927986511726,POINT (-84.40927986511726 33.779606585803684),4.0,4.0,4.0,4.0,5.5,6.5,5.5,6.5,17.0,17.0,23.0,23.0,25.33333333333333,45.8,25.225722222222217,17.38888888888889,0.0
2025-10-03 21:56:02+00:00,33.779606646043675,-84.40929486487532,POINT (-84.40929486487532 33.779606646043675),4.0,4.0,4.0,4.0,5.5,6.5,5.5,6.5,17.0,17.0,23.0,23.0,25.33333333333333,45.8,25.225722222222217,17.38888888888889,0.0
2025-10-03 21:56:03+00:00,33.779606706267536,-84.4093098606174,POINT (-84.4093098606174 33.779606706267536),4.0,4.0,4.0,4.0,5.5,6.5,5.5,6.5,17.0,17.0,23.0,23.0,25.222222222222225,45.7,25.10775,17.27777777777778,0.9
2025-10-03 21:56:04+00:00,33.77960677052353,-84.40932586035933,POINT (-84.40932586035933 33.77960677052353),4.0,4.0,4.0,4.0,5.5,6.5,5.5,6.5,17.0,17.0,23.0,23.0,25.222222222222225,45.7,25.10775,17.27777777777778,0.9
2025-10-03 21:56:05+00:00,33.77960689100352,-84.40935585987549,POINT (-84.40935585987549 33.77960689100352),4.0,4.0,4.0,4.0,5.5,6.5,5.5,6.5,17.0,17.0,23.0,23.0,25.222222222222225,45.7,25.10775,17.27777777777778,0.9
2025-10-03 21:56:06+00:00,33.77960695124351,-84.40937085963355,POINT (-84.40937085963355 33.77960695124351),4.0,4.0,4.0,4.0,5.5,6.5,5.5,6.5,17.0,17.0,23.0,23.0,25.222222222222225,45.7,25.10775,17.27777777777778,0.9
2025-10-03 21:56:07+00:00,33.77960701149963,-84.40938586340764,POINT (-84.40938586340764 33.77960701149963),4.0,4.0,4.0,4.0,5.5,6.5,5.5,6.5,17.0,17.0,23.0,23.0,25.222222222222225,45.7,25.10775,17.27777777777778,0.9
2025-10-03 21:56:08+00:00,33.77960707173962,-84.4094008631657,POINT (-84.4094008631657 33.77960707173962),4.0,5.0,4.0,5.0,6.0,6.0,6.0,6.0,17.0,17.0,25.0,25.0,25.33333333333333,45.6,25.223111111111102,17.27777777777778,0.9
2025-10-03 21:56:09+00:00,33.77960713199574,-84.40941586693977,POINT (-84.40941586693977 33.77960713199574),4.0,5.0,4.0,5.0,6.0,6.0,6.0,6.0,17.0,17.0,25.0,25.0,25.33333333333333,45.6,25.223111111111102,17.27777777777778,0.9
2025-10-03 21:56:10+00:00,33.77960719223574,-84.40943086669785,POINT (-84.40943086669785 33.77960719223574),4.0,5.0,4.0,5.0,6.0,6.0,6.0,6.0,17.0,17.0,25.0,25.0,25.33333333333333,45.6,25.223111111111102,17.27777777777778,0.9
2025-10-03 21:56:11+00:00,33.77960725249186,-84.40944587047193,POINT (-84.40944587047193 33.77960725249186),4.0,5.0,4.0,5.0,6.0,6.0,6.0,6.0,17.0,17.0,25.0,25.0,25.33333333333333,45.6,25.223111111111102,17.27777777777778,0.9
2025-10-03 21:56:12+00:00,33.77960731274798,-84.40946087424598,POINT (-84.40946087424598 33.77960731274798),4.0,5.0,4.0,5.0,6.0,6.0,6.0,6.0,17.0,17.0,25.0,25.0,25.33333333333333,45.6,25.223111111111102,17.27777777777778,0.9
2025-10-03 21:56:13+00:00,33.77960737298797,-84.40947587400406,POINT (-84.40947587400406 33.77960737298797),4.0,5.0,4.0,5.0,6.0,6.0,6.0,6.0,17.0,17.0,25.0,25.0,25.33333333333333,45.5,25.22180555555555,17.27777777777778,0.9
2025-10-03 21:56:14+00:00,33.77960743324409,-84.40949087777814,POINT (-84.40949087777814 33.77960743324409),4.0,5.0,4.0,5.0,6.0,6.0,6.0,6.0,17.0,17.0,25.0,25.0,25.33333333333333,45.5,25.22180555555555,17.27777777777778,0.9
2025-10-03 21:56:15+00:00,33.77960749348408,-84.4095058775362,POINT (-84.4095058775362 33.77960749348408),4.0,5.0,4.0,5.0,6.0,6.0,6.0,6.0,17.0,17.0,25.0,25.0,25.33333333333333,45.5,25.22180555555555,17.27777777777778,0.9
2025-10-03 21:56:16+00:00,33.7796075537402,-84.40952088131027,POINT (-84.40952088131027 33.7796075537402),4.0,5.0,4.0,5.0,6.0,6.0,6.0,6.0,17.0,17.0,25.0,25.0,25.33333333333333,45.5,25.22180555555555,17.27777777777778,0.9
2025-10-03 21:56:17+00:00,33.77960761398019,-84.40953588106835,POINT (-84.40953588106835 33.77960761398019),4.0,5.0,4.0,5.0,6.0,6.0,6.0,6.0,17.0,17.0,25.0,25.0,25.33333333333333,45.5,25.22180555555555,17.27777777777778,0.9
2025-10-03 21:56:18+00:00,33.77960767423632,-84.40955088484242,POINT (-84.40955088484242 33.77960767423632),4.0,5.0,4.0,5.0,6.0,6.0,6.0,6.0,17.0,17.0,25.0,25.0,25.33333333333333,45.5,25.22180555555555,17.27777777777778,1.0
2025-10-03 21:56:19+00:00,33.77960773447631,-84.4095658846005,POINT (-84.4095658846005 33.77960773447631),4.0,5.0,4.0,5.0,6.0,6.0,6.0,6.0,17.0,17.0,25.0,25.0,25.33333333333333,45.5,25.22180555555555,17.27777777777778,1.0
2025-10-03 21:56:20+00:00,33.77960779473243,-84.40958088837458,POINT (-84.40958088837458 33.77960779473243),4.0,5.0,4.0,5.0,6.0,6.0,6.0,6.0,17.0,17.0,25.0,25.0,25.33333333333333,45.5,25.22180555555555,17.27777777777778,1.0
2025-10-03 21:56:21+00:00,33.77960785498855,-84.40959589214863,POINT (-84.40959589214863 33.77960785498855),4.0,5.0,4.0,5.0,6.0,6.0,6.0,6.0,17.0,17.0,25.0,25.0,25.33333333333333,45.5,25.22180555555555,17.27777777777778,1.0
2025-10-03 21:56:22+00:00,33.77960791522854,-84.40961089190671,POINT (-84.40961089190671 33.77960791522854),4.0,5.0,4.0,5.0,6.0,6.0,6.0,6.0,17.0,17.0,25.0,25.0,25.33333333333333,45.5,25.22180555555555,17.27777777777778,1.0
2025-10-03 21:56:23+00:00,33.77960797548466,-84.40962589568079,POINT (-84.40962589568079 33.77960797548466),5.0,5.0,5.0,5.0,6.0,6.0,6.0,6.0,21.0,21.0,25.0,25.0,25.27777777777778,45.5,25.163472222222225,17.27777777777778,0.0
2025-10-03 21:56:24+00:00,33.77960803572465,-84.40964089543886,POINT (-84.40964089543886 33.77960803572465),5.0,5.0,5.0,5.0,6.0,6.0,6.0,6.0,21.0,21.0,25.0,25.0,25.27777777777778,45.5,25.163472222222225,17.27777777777778,0.0
2025-10-03 21:56:25+00:00,33.77960809598078,-84.40965589921292,POINT (-84.40965589921292 33.77960809598078),5.0,5.0,5.0,5.0,6.0,6.0,6.0,6.0,21.0,21.0,25.0,25.0,25.27777777777778,45.5,25.163472222222225,17.27777777777778,0.0
2025-10-03 21:56:26+00:00,33.77960815622077,-84.409670898971,POINT (-84.409670898971 33.77960815622077),5.0,5.0,5.0,5.0,6.0,6.0,6.0,6.0,21.0,21.0,25.0,25.0,25.27777777777778,45.5,25.163472222222225,17.27777777777778,0.0
2025-10-03 21:56:27+00:00,33.77960821647689,-84.40968590274507,POINT (-84.40968590274507 33.77960821647689),5.0,5.0,5.0,5.0,6.0,6.0,6.0,6.0,21.0,21.0,25.0,25.0,25.27777777777778,45.5,25.163472222222225,17.27777777777778,0.0
2025-10-03 21:56:28+00:00,33.77960827673301,-84.40970090651915,POINT (-84.40970090651915 33.77960827673301),5.0,5.0,5.0,5.0,6.0,6.0,6.0,6.0,21.0,21.0,25.0,25.0,25.444444444444443,45.6,25.339777777777783,17.38888888888889,0.0
2025-10-03 21:56:29+00:00,33.779608336973,-84.40971590627721,POINT (-84.40971590627721 33.779608336973),5.0,5.0,5.0,5.0,6.0,6.0,6.0,6.0,21.0,21.0,25.0,25.0,25.444444444444443,45.6,25.339777777777783,17.38888888888889,0.0
2025-10-03 21:56:30+00:00,33.77960839722912,-84.40973091005128,POINT (-84.40973091005128 33.77960839722912),5.0,5.0,5.0,5.0,6.0,6.0,6.0,6.0,21.0,21.0,25.0,25.0,25.444444444444443,45.6,25.339777777777783,17.38888888888889,0.0
2025-10-03 21:56:31+00:00,33.77960845746911,-84.40974590980936,POINT (-84.40974590980936 33.77960845746911),5.0,5.0,5.0,5.0,6.0,6.0,6.0,6.0,21.0,21.0,25.0,25.0,25.444444444444443,45.6,25.339777777777783,17.38888888888889,0.0
2025-10-03 21:56:32+00:00,33.77960851772524,-84.40976091358344,POINT (-84.40976091358344 33.77960851772524),5.0,5.0,5.0,5.0,6.0,6.0,6.0,6.0,21.0,21.0,25.0,25.0,25.444444444444443,45.6,25.339777777777783,17.38888888888889,0.0
2025-10-03 21:56:33+00:00,33.77960857796523,-84.4097759133415,POINT (-84.4097759133415 33.77960857796523),5.0,5.0,5.0,5.0,6.0,6.0,6.0,6.0,21.0,21.0,25.0,25.0,25.33333333333333,45.7,25.224416666666666,17.38888888888889,0.9
2025-10-03 21:56:34+00:00,33.77960863822135,-84.40979091711557,POINT (-84.40979091711557 33.77960863822135),5.0,5.0,5.0,5.0,6.0,6.0,6.0,6.0,21.0,21.0,25.0,25.0,25.33333333333333,45.7,25.224416666666666,17.38888888888889,0.9
2025-10-03 21:56:35+00:00,33.77960870249347,-84.40980692087352,POINT (-84.40980692087352 33.77960870249347),5.0,5.0,5.0,5.0,6.0,6.0,6.0,6.0,21.0,21.0,25.0,25.0,25.33333333333333,45.7,25.224416666666666,17.38888888888889,0.9
2025-10-03 21:56:36+00:00,33.779608798796815,-84.40983090040643,POINT (-84.40983090040643 33.779608798796815),5.0,5.0,5.0,5.0,6.0,6.0,6.0,6.0,21.0,21.0,25.0,25.0,25.33333333333333,45.7,25.224416666666666,17.38888888888889,0.9
2025-10-03 21:56:37+00:00,33.779608838892294,-84.40984088418115,POINT (-84.40984088418115 33.779608838892294),5.0,5.0,5.0,5.0,6.0,6.0,6.0,6.0,21.0,21.0,25.0,25.0,25.33333333333333,45.7,25.224416666666666,17.38888888888889,0.9
2025-10-03 21:56:38+00:00,33.77960887495564,-84.40984986395601,POINT (-84.40984986395601 33.77960887495564),4.0,4.0,4.0,4.0,5.0,5.0,5.0,5.0,17.0,17.0,21.0,21.0,25.38888888888889,45.7,25.28275,17.38888888888889,0.0
2025-10-03 21:56:39+00:00,33.779608911035126,-84.40985884774685,POINT (-84.40985884774685 33.779608911035126),4.0,4.0,4.0,4.0,5.0,5.0,5.0,5.0,17.0,17.0,21.0,21.0,25.38888888888889,45.7,25.28275,17.38888888888889,0.0
2025-10-03 21:56:40+00:00,33.77960894711461,-84.4098678315377,POINT (-84.4098678315377 33.77960894711461),4.0,4.0,4.0,4.0,5.0,5.0,5.0,5.0,17.0,17.0,21.0,21.0,25.38888888888889,45.7,25.28275,17.38888888888889,0.0
2025-10-03 21:56:41+00:00,33.77960898721009,-84.40987781531241,POINT (-84.40987781531241 33.77960898721009),4.0,4.0,4.0,4.0,5.0,5.0,5.0,5.0,17.0,17.0,21.0,21.0,25.38888888888889,45.7,25.28275,17.38888888888889,0.0
2025-10-03 21:56:42+00:00,33.779609023273444,-84.40988679508725,POINT (-84.40988679508725 33.779609023273444),4.0,4.0,4.0,4.0,5.0,5.0,5.0,5.0,17.0,17.0,21.0,21.0,25.38888888888889,45.7,25.28275,17.38888888888889,0.0
2025-10-03 21:56:43+00:00,33.77960905935292,-84.40989577887811,POINT (-84.40989577887811 33.77960905935292),4.0,4.0,4.0,4.0,5.0,5.0,5.0,5.0,17.0,17.0,21.0,21.0,25.444444444444443,45.7,25.341083333333327,17.5,0.0
2025-10-03 21:56:44+00:00,33.7796090994484,-84.40990576265283,POINT (-84.40990576265283 33.7796090994484),4.0,4.0,4.0,4.0,5.0,5.0,5.0,5.0,17.0,17.0,21.0,21.0,25.444444444444443,45.7,25.341083333333327,17.5,0.0
2025-10-03 21:56:45+00:00,33.779609135527885,-84.40991474644366,POINT (-84.40991474644366 33.779609135527885),4.0,4.0,4.0,4.0,5.0,5.0,5.0,5.0,17.0,17.0,21.0,21.0,25.444444444444443,45.7,25.341083333333327,17.5,0.0
2025-10-03 21:56:46+00:00,33.77960917159124,-84.40992372621851,POINT (-84.40992372621851 33.77960917159124),4.0,4.0,4.0,4.0,5.0,5.0,5.0,5.0,17.0,17.0,21.0,21.0,25.444444444444443,45.7,25.341083333333327,17.5,0.0
2025-10-03 21:56:47+00:00,33.77960920767072,-84.40993271000934,POINT (-84.40993271000934 33.77960920767072),4.0,4.0,4.0,4.0,5.0,5.0,5.0,5.0,17.0,17.0,21.0,21.0,25.444444444444443,45.7,25.341083333333327,17.5,0.0
2025-10-03 21:56:48+00:00,33.7796092477662,-84.40994269378407,POINT (-84.40994269378407 33.7796092477662),4.0,4.0,4.0,4.0,5.0,5.0,5.0,5.0,17.0,17.0,21.0,21.0,25.444444444444443,45.8,25.342388888888888,17.38888888888889,0.0
2025-10-03 21:56:49+00:00,33.77960928384568,-84.40995167757492,POINT (-84.40995167757492 33.77960928384568),4.0,4.0,4.0,4.0,5.0,5.0,5.0,5.0,17.0,17.0,21.0,21.0,25.444444444444443,45.8,25.342388888888888,17.38888888888889,0.0
2025-10-03 21:56:51+00:00,33.779609319909035,-84.40996065734976,POINT (-84.40996065734976 33.779609319909035),4.0,4.0,4.0,4.0,5.0,5.0,5.0,5.0,17.0,17.0,21.0,21.0,25.444444444444443,45.8,25.342388888888888,17.38888888888889,0.0
2025-10-03 21:56:52+00:00,33.779609360004514,-84.40997064112447,POINT (-84.40997064112447 33.779609360004514),4.0,4.0,4.0,4.0,5.0,5.0,5.0,5.0,17.0,17.0,21.0,21.0,25.444444444444443,45.8,25.342388888888888,17.38888888888889,0.0
2025-10-03 21:56:54+00:00,33.779609396084,-84.40997962491532,POINT (-84.40997962491532 33.779609396084),4.0,4.0,4.0,4.0,5.0,5.0,5.0,5.0,17.0,17.0,21.0,21.0,25.38888888888889,45.9,25.28536111111112,17.38888888888889,0.0
2025-10-03 21:56:55+00:00,33.77947552360965,-84.41006756453305,POINT (-84.41006756453305 33.77947552360965),4.0,4.0,4.0,4.0,5.0,5.0,5.0,5.0,17.0,17.0,21.0,21.0,25.38888888888889,45.9,25.28536111111112,17.38888888888889,0.0
2025-10-03 21:56:57+00:00,33.7794748478489,-84.41006725078698,POINT (-84.41006725078698 33.7794748478489),4.0,4.0,4.0,4.0,5.0,5.0,5.0,5.0,17.0,17.0,21.0,21.0,25.38888888888889,45.9,25.28536111111112,17.38888888888889,0.0
2025-10-03 21:56:58+00:00,33.77947537670514,-84.41006749632739,POINT (-84.41006749632739 33.77947537670514),4.0,4.0,4.0,4.0,5.0,5.0,5.0,5.0,17.0,17.0,21.0,21.0,25.444444444444443,46.0,25.345000000000006,17.5,1.0
2025-10-03 21:56:59+00:00,33.779475523609655,-84.41006756453305,POINT (-84.41006756453305 33.779475523609655),4.0,4.0,4.0,4.0,5.0,5.0,5.0,5.0,17.0,17.0,21.0,21.0,25.444444444444443,46.0,25.345000000000006,17.5,1.0
2025-10-03 21:57:00+00:00,33.77947567051417,-84.41006763273872,POINT (-84.41006763273872 33.77947567051417),4.0,4.0,4.0,4.0,5.0,5.0,5.0,5.0,17.0,17.0,21.0,21.0,25.444444444444443,46.0,25.345000000000006,17.5,1.0
2025-10-03 21:57:01+00:00,33.77947537670515,-84.41006749632739,POINT (-84.41006749632739 33.77947537670515),4.0,4.0,4.0,4.0,5.0,5.0,5.0,5.0,17.0,17.0,21.0,21.0,25.444444444444443,46.0,25.345000000000006,17.5,1.0
2025-10-03 21:57:03+00:00,33.779475523609655,-84.41006756453305,POINT (-84.41006756453305 33.779475523609655),4.0,4.0,4.0,4.0,5.0,5.0,5.0,5.0,17.0,17.0,21.0,21.0,25.444444444444443,46.0,25.345000000000006,17.5,0.0
2025-10-03 21:57:04+00:00,33.77947567051417,-84.41006763273872,POINT (-84.41006763273872 33.77947567051417),4.0,4.0,4.0,4.0,5.0,5.0,5.0,5.0,17.0,17.0,21.0,21.0,25.444444444444443,46.0,25.345000000000006,17.5,0.0
2025-10-03 21:57:05+00:00,33.77947581741868,-84.41006770094438,POINT (-84.41006770094438 33.77947581741868),4.0,4.0,4.0,4.0,5.0,5.0,5.0,5.0,17.0,17.0,21.0,21.0,25.444444444444443,46.0,25.345000000000006,17.5,0.0
2025-10-03 21:57:06+00:00,33.77945034417629,-84.41005587408185,POINT (-84.41005587408185 33.77945034417629),4.0,4.0,4.0,4.0,5.0,5.0,5.0,5.0,17.0,17.0,21.0,21.0,25.444444444444443,46.0,25.345000000000006,17.5,0.0
2025-10-03 21:57:07+00:00,33.779432980062964,-84.41004781217208,POINT (-84.41004781217208 33.779432980062964),4.0,4.0,4.0,4.0,5.0,5.0,5.0,5.0,17.0,17.0,21.0,21.0,25.444444444444443,46.0,25.345000000000006,17.5,0.0
2025-10-03 21:57:09+00:00,33.7794164386149,-84.41004013221406,POINT (-84.41004013221406 33.7794164386149),4.0,4.0,4.0,4.0,5.0,5.0,5.0,5.0,17.0,17.0,21.0,21.0,25.444444444444443,46.0,25.345000000000006,17.5,0.0
2025-10-03 21:57:10+00:00,33.779399074501576,-84.4100320703043,POINT (-84.4100320703043 33.779399074501576),4.0,4.0,4.0,4.0,5.0,5.0,5.0,5.0,17.0,17.0,21.0,21.0,25.444444444444443,46.0,25.345000000000006,17.5,0.0
2025-10-03 21:57:12+00:00,33.77938171038825,-84.41002400839454,POINT (-84.41002400839454 33.77938171038825),4.0,4.0,4.0,4.0,5.0,5.0,5.0,5.0,17.0,17.0,21.0,21.0,25.444444444444443,46.0,25.345000000000006,17.5,0.0
2025-10-03 21:57:13+00:00,33.779363964323196,-84.41001576915005,POINT (-84.41001576915005 33.779363964323196),4.0,4.0,4.0,4.0,5.0,5.0,5.0,5.0,17.0,17.0,21.0,21.0,25.500000000000004,45.9,25.402027777777782,17.5,0.0
2025-10-03 21:57:14+00:00,33.779347422875134,-84.41000808919202,POINT (-84.41000808919202 33.779347422875134),4.0,4.0,4.0,4.0,5.0,5.0,5.0,5.0,17.0,17.0,21.0,21.0,25.500000000000004,45.9,25.402027777777782,17.5,0.0
2025-10-03 21:57:15+00:00,33.77932705882353,-84.40999823529411,POINT (-84.40999823529411 33.77932705882353),4.0,4.0,4.0,4.0,5.0,5.0,5.0,5.0,17.0,17.0,21.0,21.0,25.500000000000004,45.9,25.402027777777782,17.5,0.0
2025-10-03 21:57:16+00:00,33.77931044117647,-84.40998826470587,POINT (-84.40998826470587 33.77931044117647),4.0,4.0,4.0,4.0,5.0,5.0,5.0,5.0,17.0,17.0,21.0,21.0,25.500000000000004,45.9,25.402027777777782,17.5,0.0
2025-10-03 21:57:18+00:00,33.779293823529414,-84.40997829411765,POINT (-84.40997829411765 33.779293823529414),4.0,4.0,4.0,4.0,5.0,5.0,5.0,5.0,17.0,17.0,21.0,21.0,25.611111111111107,45.9,25.518694444444446,17.61111111111111,0.8
2025-10-03 21:57:19+00:00,33.779277941176474,-84.40996876470588,POINT (-84.40996876470588 33.779277941176474),4.0,4.0,4.0,4.0,5.0,5.0,5.0,5.0,17.0,17.0,21.0,21.0,25.611111111111107,45.9,25.518694444444446,17.61111111111111,0.8
2025-10-03 21:57:21+00:00,33.77926132352941,-84.40995879411764,POINT (-84.40995879411764 33.77926132352941),4.0,4.0,4.0,4.0,5.0,5.0,5.0,5.0,17.0,17.0,21.0,21.0,25.611111111111107,45.9,25.518694444444446,17.61111111111111,0.8
2025-10-03 21:57:22+00:00,33.779244705882356,-84.4099488235294,POINT (-84.4099488235294 33.779244705882356),4.0,4.0,4.0,4.0,5.0,5.0,5.0,5.0,17.0,17.0,21.0,21.0,25.611111111111107,45.9,25.518694444444446,17.61111111111111,0.8
2025-10-03 21:57:24+00:00,33.77922808823529,-84.40993885294118,POINT (-84.40993885294118 33.77922808823529),5.0,5.0,5.0,5.0,6.0,6.0,6.0,6.0,21.0,21.0,25.0,25.0,25.72222222222222,45.8,25.634055555555555,17.72222222222222,0.9
2025-10-03 21:57:25+00:00,33.77921220588235,-84.40992932352941,POINT (-84.40992932352941 33.77921220588235),5.0,5.0,5.0,5.0,6.0,6.0,6.0,6.0,21.0,21.0,25.0,25.0,25.72222222222222,45.8,25.634055555555555,17.72222222222222,0.9
2025-10-03 21:57:27+00:00,33.7791955882353,-84.40991935294117,POINT (-84.40991935294117 33.7791955882353),5.0,5.0,5.0,5.0,6.0,6.0,6.0,6.0,21.0,21.0,25.0,25.0,25.72222222222222,45.8,25.634055555555555,17.72222222222222,0.9
2025-10-03 21:57:28+00:00,33.779178970588234,-84.40990938235294,POINT (-84.40990938235294 33.779178970588234),5.0,5.0,5.0,5.0,6.0,6.0,6.0,6.0,21.0,21.0,25.0,25.0,25.833333333333332,45.8,25.750722222222226,17.77777777777778,1.0
2025-10-03 21:57:29+00:00,33.77916191176471,-84.40989914705882,POINT (-84.40989914705882 33.77916191176471),5.0,5.0,5.0,5.0,6.0,6.0,6.0,6.0,21.0,21.0,25.0,25.0,25.833333333333332,45.8,25.750722222222226,17.77777777777778,1.0
2025-10-03 21:57:30+00:00,33.77914602941176,-84.40988961764705,POINT (-84.40988961764705 33.77914602941176),5.0,5.0,5.0,5.0,6.0,6.0,6.0,6.0,21.0,21.0,25.0,25.0,25.833333333333332,45.8,25.750722222222226,17.77777777777778,1.0
2025-10-03 21:57:31+00:00,33.77912557573074,-84.40987672276351,POINT (-84.40987672276351 33.77912557573074),5.0,5.0,5.0,5.0,6.0,6.0,6.0,6.0,21.0,21.0,25.0,25.0,25.833333333333332,45.8,25.750722222222226,17.77777777777778,1.0
2025-10-03 21:57:33+00:00,33.77910998317095,-84.40986517271922,POINT (-84.40986517271922 33.77910998317095),5.0,5.0,5.0,5.0,6.0,6.0,6.0,6.0,21.0,21.0,25.0,25.0,25.888888888888886,45.7,25.807749999999995,17.77777777777778,0.9
2025-10-03 21:57:34+00:00,33.77909439061116,-84.40985362267493,POINT (-84.40985362267493 33.77909439061116),5.0,5.0,5.0,5.0,6.0,6.0,6.0,6.0,21.0,21.0,25.0,25.0,25.888888888888886,45.7,25.807749999999995,17.77777777777778,0.9
2025-10-03 21:57:36+00:00,33.779079443755535,-84.40984255093002,POINT (-84.40984255093002 33.779079443755535),5.0,5.0,5.0,5.0,6.0,6.0,6.0,6.0,21.0,21.0,25.0,25.0,25.888888888888886,45.7,25.807749999999995,17.77777777777778,0.9
2025-10-03 21:57:37+00:00,33.77905662887511,-84.4098256510186,POINT (-84.4098256510186 33.77905662887511),5.0,5.0,5.0,5.0,6.0,6.0,6.0,6.0,21.0,21.0,25.0,25.0,25.888888888888886,45.7,25.807749999999995,17.77777777777778,0.9
2025-10-03 21:57:39+00:00,33.77904586713907,-84.40981767936226,POINT (-84.40981767936226 33.77904586713907),5.0,5.0,5.0,5.0,6.0,6.0,6.0,6.0,21.0,21.0,25.0,25.0,26.0,45.6,25.92311111111111,17.88888888888889,0.9
2025-10-03 21:57:40+00:00,33.77903398139947,-84.40980887511071,POINT (-84.40980887511071 33.77903398139947),5.0,5.0,5.0,5.0,6.0,6.0,6.0,6.0,21.0,21.0,25.0,25.0,26.0,45.6,25.92311111111111,17.88888888888889,0.9
2025-10-03 21:57:41+00:00,33.77902257395926,-84.409800425155,POINT (-84.409800425155 33.77902257395926),5.0,5.0,5.0,5.0,6.0,6.0,6.0,6.0,21.0,21.0,25.0,25.0,26.0,45.6,25.92311111111111,17.88888888888889,0.9
2025-10-03 21:57:42+00:00,33.779010688219664,-84.40979162090345,POINT (-84.40979162090345 33.779010688219664),5.0,5.0,5.0,5.0,6.0,6.0,6.0,6.0,21.0,21.0,25.0,25.0,26.0,45.6,25.92311111111111,17.88888888888889,0.9
2025-10-03 21:57:43+00:00,33.778999926483614,-84.40978364924712,POINT (-84.40978364924712 33.778999926483614),5.0,5.0,5.0,5.0,6.0,6.0,6.0,6.0,21.0,21.0,25.0,25.0,26.055555555555557,45.5,25.98013888888889,17.88888888888889,0.9
2025-10-03 21:57:44+00:00,33.77898804074402,-84.40977484499557,POINT (-84.40977484499557 33.77898804074402),5.0,5.0,5.0,5.0,6.0,6.0,6.0,6.0,21.0,21.0,25.0,25.0,26.055555555555557,45.5,25.98013888888889,17.88888888888889,0.9
2025-10-03 21:57:45+00:00,33.778976633303806,-84.40976639503985,POINT (-84.40976639503985 33.778976633303806),5.0,5.0,5.0,5.0,6.0,6.0,6.0,6.0,21.0,21.0,25.0,25.0,26.055555555555557,45.5,25.98013888888889,17.88888888888889,0.9
2025-10-03 21:57:46+00:00,33.778964747564224,-84.4097575907883,POINT (-84.4097575907883 33.778964747564224),5.0,5.0,5.0,5.0,6.0,6.0,6.0,6.0,21.0,21.0,25.0,25.0,26.055555555555557,45.5,25.98013888888889,17.88888888888889,0.9
2025-10-03 21:57:47+00:00,33.77895398582817,-84.40974961913197,POINT (-84.40974961913197 33.77895398582817),5.0,5.0,5.0,5.0,6.0,6.0,6.0,6.0,21.0,21.0,25.0,25.0,26.055555555555557,45.5,25.98013888888889,17.88888888888889,0.9
2025-10-03 21:57:48+00:00,33.77894210008857,-84.40974081488042,POINT (-84.40974081488042 33.77894210008857),5.0,5.0,5.0,5.0,6.0,6.0,6.0,6.0,21.0,21.0,25.0,25.0,26.0,45.4,25.920500000000004,17.77777777777778,0.0
2025-10-03 21:57:49+00:00,33.778930692648366,-84.40973236492471,POINT (-84.40973236492471 33.778930692648366),5.0,5.0,5.0,5.0,6.0,6.0,6.0,6.0,21.0,21.0,25.0,25.0,26.0,45.4,25.920500000000004,17.77777777777778,0.0
2025-10-03 21:57:50+00:00,33.77891945261293,-84.40972403897254,POINT (-84.40972403897254 33.77891945261293),5.0,5.0,5.0,5.0,6.0,6.0,6.0,6.0,21.0,21.0,25.0,25.0,26.0,45.4,25.920500000000004,17.77777777777778,0.0
2025-10-03 21:57:51+00:00,33.77890804517272,-84.40971558901683,POINT (-84.40971558901683 33.77890804517272),5.0,5.0,5.0,5.0,6.0,6.0,6.0,6.0,21.0,21.0,25.0,25.0,26.0,45.4,25.920500000000004,17.77777777777778,0.0
2025-10-03 21:57:52+00:00,33.77889615943313,-84.40970678476528,POINT (-84.40970678476528 33.77889615943313),5.0,5.0,5.0,5.0,6.0,6.0,6.0,6.0,21.0,21.0,25.0,25.0,26.0,45.4,25.920500000000004,17.77777777777778,0.0
2025-10-03 21:57:53+00:00,33.77888475199292,-84.40969833480956,POINT (-84.40969833480956 33.77888475199292),5.0,6.5,5.0,6.5,4.5,6.0,4.5,6.0,21.0,21.0,19.0,19.0,26.055555555555557,45.3,25.97752777777778,17.88888888888889,1.0
2025-10-03 21:57:54+00:00,33.778873511957485,-84.4096900088574,POINT (-84.4096900088574 33.778873511957485),5.0,6.5,5.0,6.5,4.5,6.0,4.5,6.0,21.0,21.0,19.0,19.0,26.055555555555557,45.3,25.97752777777778,17.88888888888889,1.0
2025-10-03 21:57:55+00:00,33.77885513050377,-84.40967526576755,POINT (-84.40967526576755 33.77885513050377),5.0,6.5,5.0,6.5,4.5,6.0,4.5,6.0,21.0,21.0,19.0,19.0,26.055555555555557,45.3,25.97752777777778,17.88888888888889,1.0
2025-10-03 21:57:56+00:00,33.77884447758826,-84.40966490876636,POINT (-84.40966490876636 33.77884447758826),5.0,6.5,5.0,6.5,4.5,6.0,4.5,6.0,21.0,21.0,19.0,19.0,26.055555555555557,45.3,25.97752777777778,17.88888888888889,1.0
2025-10-03 21:57:57+00:00,33.77883483855613,-84.40965553748512,POINT (-84.40965553748512 33.77883483855613),5.0,6.5,5.0,6.5,4.5,6.0,4.5,6.0,21.0,21.0,19.0,19.0,26.055555555555557,45.3,25.97752777777778,17.88888888888889,1.0
2025-10-03 21:57:58+00:00,33.778824185640616,-84.40964518048393,POINT (-84.40964518048393 33.778824185640616),5.0,6.5,5.0,6.5,4.5,6.0,4.5,6.0,21.0,21.0,19.0,19.0,26.11111111111111,45.1,26.033249999999995,17.88888888888889,0.9
2025-10-03 21:57:59+00:00,33.77881403252678,-84.40963530940103,POINT (-84.40963530940103 33.77881403252678),5.0,6.5,5.0,6.5,4.5,6.0,4.5,6.0,21.0,21.0,19.0,19.0,26.11111111111111,45.1,26.033249999999995,17.88888888888889,0.9
2025-10-03 21:58:00+00:00,33.77880337961127,-84.40962495239984,POINT (-84.40962495239984 33.77880337961127),5.0,6.5,5.0,6.5,4.5,6.0,4.5,6.0,21.0,21.0,19.0,19.0,26.11111111111111,45.1,26.033249999999995,17.88888888888889,0.9
2025-10-03 21:58:01+00:00,33.77879374057914,-84.4096155811186,POINT (-84.4096155811186 33.77879374057914),5.0,6.5,5.0,6.5,4.5,6.0,4.5,6.0,21.0,21.0,19.0,19.0,26.11111111111111,45.1,26.033249999999995,17.88888888888889,0.9
2025-10-03 21:58:02+00:00,33.77878308766363,-84.40960522411741,POINT (-84.40960522411741 33.77878308766363),5.0,6.5,5.0,6.5,4.5,6.0,4.5,6.0,21.0,21.0,19.0,19.0,26.11111111111111,45.1,26.033249999999995,17.88888888888889,0.9
2025-10-03 21:58:03+00:00,33.778772934549785,-84.4095953530345,POINT (-84.4095953530345 33.778772934549785),5.0,6.5,5.0,6.5,4.5,6.0,4.5,6.0,21.0,21.0,19.0,19.0,26.11111111111111,45.0,26.031944444444438,17.88888888888889,0.0
2025-10-03 21:58:04+00:00,33.77876228163427,-84.40958499603332,POINT (-84.40958499603332 33.77876228163427),5.0,6.5,5.0,6.5,4.5,6.0,4.5,6.0,21.0,21.0,19.0,19.0,26.11111111111111,45.0,26.031944444444438,17.88888888888889,0.0
2025-10-03 21:58:05+00:00,33.77875264260214,-84.40957562475208,POINT (-84.40957562475208 33.77875264260214),5.0,6.5,5.0,6.5,4.5,6.0,4.5,6.0,21.0,21.0,19.0,19.0,26.11111111111111,45.0,26.031944444444438,17.88888888888889,0.0
2025-10-03 21:58:06+00:00,33.77874198968664,-84.40956526775089,POINT (-84.40956526775089 33.77874198968664),5.0,6.5,5.0,6.5,4.5,6.0,4.5,6.0,21.0,21.0,19.0,19.0,26.11111111111111,45.0,26.031944444444438,17.88888888888889,0.0
2025-10-03 21:58:07+00:00,33.778722725902426,-84.4095465390718,POINT (-84.4095465390718 33.778722725902426),5.0,6.5,5.0,6.5,4.5,6.0,4.5,6.0,21.0,21.0,19.0,19.0,26.11111111111111,45.0,26.031944444444438,17.88888888888889,0.0
2025-10-03 21:58:08+00:00,33.77871511463705,-84.40953913923046,POINT (-84.40953913923046 33.77871511463705),5.0,5.0,5.0,5.0,5.0,7.0,5.0,7.0,21.0,21.0,21.0,21.0,26.11111111111111,44.8,26.029333333333334,17.77777777777778,0.9
2025-10-03 21:58:09+00:00,33.77870700357001,-84.40953125347085,POINT (-84.40953125347085 33.77870700357001),5.0,5.0,5.0,5.0,5.0,7.0,5.0,7.0,21.0,21.0,21.0,21.0,26.11111111111111,44.8,26.029333333333334,17.77777777777778,0.9
2025-10-03 21:58:10+00:00,33.778699392304645,-84.40952385362951,POINT (-84.40952385362951 33.778699392304645),5.0,5.0,5.0,5.0,5.0,7.0,5.0,7.0,21.0,21.0,21.0,21.0,26.11111111111111,44.8,26.029333333333334,17.77777777777778,0.9
2025-10-03 21:58:11+00:00,33.778691281237606,-84.4095159678699,POINT (-84.4095159678699 33.778691281237606),5.0,5.0,5.0,5.0,5.0,7.0,5.0,7.0,21.0,21.0,21.0,21.0,26.11111111111111,44.8,26.029333333333334,17.77777777777778,0.9
2025-10-03 21:58:12+00:00,33.77868366997224,-84.40950856802856,POINT (-84.40950856802856 33.77868366997224),5.0,5.0,5.0,5.0,5.0,7.0,5.0,7.0,21.0,21.0,21.0,21.0,26.11111111111111,44.8,26.029333333333334,17.77777777777778,0.9
2025-10-03 21:58:13+00:00,33.778675558905206,-84.40950068226894,POINT (-84.40950068226894 33.778675558905206),5.0,5.0,5.0,5.0,5.0,7.0,5.0,7.0,21.0,21.0,21.0,21.0,26.055555555555557,44.8,25.971000000000007,17.77777777777778,0.8
2025-10-03 21:58:14+00:00,33.77866796191987,-84.40949329631098,POINT (-84.40949329631098 33.77866796191987),5.0,5.0,5.0,5.0,5.0,7.0,5.0,7.0,21.0,21.0,21.0,21.0,26.055555555555557,44.8,25.971000000000007,17.77777777777778,0.8
2025-10-03 21:58:15+00:00,33.77865679492265,-84.40948243950812,POINT (-84.40948243950812 33.77865679492265),5.0,5.0,5.0,5.0,5.0,7.0,5.0,7.0,21.0,21.0,21.0,21.0,26.055555555555557,44.8,25.971000000000007,17.77777777777778,0.8
2025-10-03 21:58:16+00:00,33.77864512812376,-84.40947109678699,POINT (-84.40947109678699 33.77864512812376),5.0,5.0,5.0,5.0,5.0,7.0,5.0,7.0,21.0,21.0,21.0,21.0,26.055555555555557,44.8,25.971000000000007,17.77777777777778,0.8
2025-10-03 21:58:17+00:00,33.778633447044825,-84.40945974018247,POINT (-84.40945974018247 33.778633447044825),5.0,5.0,5.0,5.0,5.0,7.0,5.0,7.0,21.0,21.0,21.0,21.0,26.055555555555557,44.8,25.971000000000007,17.77777777777778,0.8
2025-10-03 21:58:18+00:00,33.77861771043237,-84.40944444069814,POINT (-84.40944444069814 33.77861771043237),5.0,5.0,5.0,5.0,5.0,7.0,5.0,7.0,21.0,21.0,21.0,21.0,25.944444444444443,44.7,25.853027777777775,17.72222222222222,1.0
2025-10-03 21:58:19+00:00,33.77861262673542,-84.409439498215,POINT (-84.409439498215 33.77861262673542),5.0,5.0,5.0,5.0,5.0,7.0,5.0,7.0,21.0,21.0,21.0,21.0,25.944444444444443,44.7,25.853027777777775,17.72222222222222,1.0
2025-10-03 21:58:20+00:00,33.77860247362158,-84.40942962713208,POINT (-84.40942962713208 33.77860247362158),5.0,5.0,5.0,5.0,5.0,7.0,5.0,7.0,21.0,21.0,21.0,21.0,25.944444444444443,44.7,25.853027777777775,17.72222222222222,1.0
2025-10-03 21:58:21+00:00,33.77859280602936,-84.4094202280841,POINT (-84.4094202280841 33.77859280602936),5.0,5.0,5.0,5.0,5.0,7.0,5.0,7.0,21.0,21.0,21.0,21.0,25.944444444444443,44.7,25.853027777777775,17.72222222222222,1.0
2025-10-03 21:58:22+00:00,33.77858263863546,-84.4094103431178,POINT (-84.4094103431178 33.77858263863546),5.0,5.0,5.0,5.0,5.0,7.0,5.0,7.0,21.0,21.0,21.0,21.0,25.944444444444443,44.7,25.853027777777775,17.72222222222222,1.0
2025-10-03 21:58:23+00:00,33.77856788734629,-84.40939600158667,POINT (-84.40939600158667 33.77856788734629),6.0,6.0,6.0,6.0,7.0,7.0,7.0,7.0,25.0,25.0,29.0,29.0,25.944444444444443,44.6,25.851722222222218,17.72222222222222,0.9
2025-10-03 21:58:24+00:00,33.77856280364935,-84.40939105910353,POINT (-84.40939105910353 33.77856280364935),6.0,6.0,6.0,6.0,7.0,7.0,7.0,7.0,25.0,25.0,29.0,29.0,25.944444444444443,44.6,25.851722222222218,17.72222222222222,0.9
2025-10-03 21:58:25+00:00,33.778550108687035,-84.40937871677906,POINT (-84.40937871677906 33.778550108687035),6.0,6.0,6.0,6.0,7.0,7.0,7.0,7.0,25.0,25.0,29.0,29.0,25.944444444444443,44.6,25.851722222222218,17.72222222222222,0.9
2025-10-03 21:58:26+00:00,33.77853945577152,-84.40936835977787,POINT (-84.40936835977787 33.77853945577152),6.0,6.0,6.0,6.0,7.0,7.0,7.0,7.0,25.0,25.0,29.0,29.0,25.944444444444443,44.6,25.851722222222218,17.72222222222222,0.9
2025-10-03 21:58:27+00:00,33.77852880285601,-84.40935800277667,POINT (-84.40935800277667 33.77852880285601),6.0,6.0,6.0,6.0,7.0,7.0,7.0,7.0,25.0,25.0,29.0,29.0,25.944444444444443,44.6,25.851722222222218,17.72222222222222,0.9
2025-10-03 21:58:28+00:00,33.77851309480365,-84.4093427310591,POINT (-84.4093427310591 33.77851309480365),6.0,6.0,6.0,6.0,7.0,7.0,7.0,7.0,25.0,25.0,29.0,29.0,25.944444444444443,44.6,25.851722222222218,17.72222222222222,0.0
2025-10-03 21:58:29+00:00,33.77850802538675,-84.40933780245933,POINT (-84.40933780245933 33.77850802538675),6.0,6.0,6.0,6.0,7.0,7.0,7.0,7.0,25.0,25.0,29.0,29.0,25.944444444444443,44.6,25.851722222222218,17.72222222222222,0.0
2025-10-03 21:58:30+00:00,33.7784975,-84.4093275,POINT (-84.4093275 33.7784975),6.0,6.0,6.0,6.0,7.0,7.0,7.0,7.0,25.0,25.0,29.0,29.0,25.944444444444443,44.6,25.851722222222218,17.72222222222222,0.0
2025-10-03 21:58:31+00:00,33.7784865,-84.4093165,POINT (-84.4093165 33.7784865),6.0,6.0,6.0,6.0,7.0,7.0,7.0,7.0,25.0,25.0,29.0,29.0,25.944444444444443,44.6,25.851722222222218,17.72222222222222,0.0
2025-10-03 21:58:32+00:00,33.778476500000004,-84.4093065,POINT (-84.4093065 33.778476500000004),6.0,6.0,6.0,6.0,7.0,7.0,7.0,7.0,25.0,25.0,29.0,29.0,25.944444444444443,44.6,25.851722222222218,17.72222222222222,0.0
2025-10-03 21:58:33+00:00,33.778459999999995,-84.40929,POINT (-84.40929 33.778459999999995),6.0,6.0,6.0,6.0,7.0,7.0,7.0,7.0,25.0,25.0,29.0,29.0,26.0,44.6,25.91005555555556,17.72222222222222,0.0
2025-10-03 21:58:34+00:00,33.778453999999996,-84.409284,POINT (-84.409284 33.778453999999996),6.0,6.0,6.0,6.0,7.0,7.0,7.0,7.0,25.0,25.0,29.0,29.0,26.0,44.6,25.91005555555556,17.72222222222222,0.0
2025-10-03 21:58:35+00:00,33.7784435,-84.4092735,POINT (-84.4092735 33.7784435),6.0,6.0,6.0,6.0,7.0,7.0,7.0,7.0,25.0,25.0,29.0,29.0,26.0,44.6,25.91005555555556,17.72222222222222,0.0
2025-10-03 21:58:36+00:00,33.7784325,-84.4092625,POINT (-84.4092625 33.7784325),6.0,6.0,6.0,6.0,7.0,7.0,7.0,7.0,25.0,25.0,29.0,29.0,26.0,44.6,25.91005555555556,17.72222222222222,0.0
2025-10-03 21:58:37+00:00,33.7784225,-84.4092525,POINT (-84.4092525 33.7784225),6.0,6.0,6.0,6.0,7.0,7.0,7.0,7.0,25.0,25.0,29.0,29.0,26.0,44.6,25.91005555555556,17.72222222222222,0.0
2025-10-03 21:58:38+00:00,33.7784115,-84.4092415,POINT (-84.4092415 33.7784115),6.0,6.0,6.0,6.0,8.0,8.0,8.0,8.0,25.0,25.0,33.0,33.0,25.944444444444443,44.7,25.853027777777775,17.72222222222222,0.0
2025-10-03 21:58:39+00:00,33.7784005,-84.40923049999999,POINT (-84.40923049999999 33.7784005),6.0,6.0,6.0,6.0,8.0,8.0,8.0,8.0,25.0,25.0,33.0,33.0,25.944444444444443,44.7,25.853027777777775,17.72222222222222,0.0
2025-10-03 21:58:40+00:00,33.7783905,-84.4092205,POINT (-84.4092205 33.7783905),6.0,6.0,6.0,6.0,8.0,8.0,8.0,8.0,25.0,25.0,33.0,33.0,25.944444444444443,44.7,25.853027777777775,17.72222222222222,0.0
2025-10-03 21:58:41+00:00,33.77838,-84.40921,POINT (-84.40921 33.77838),6.0,6.0,6.0,6.0,8.0,8.0,8.0,8.0,25.0,25.0,33.0,33.0,25.944444444444443,44.7,25.853027777777775,17.72222222222222,0.0
2025-10-03 21:58:42+00:00,33.7783695,-84.4091995,POINT (-84.4091995 33.7783695),6.0,6.0,6.0,6.0,8.0,8.0,8.0,8.0,25.0,25.0,33.0,33.0,25.944444444444443,44.7,25.853027777777775,17.72222222222222,0.0
2025-10-03 21:58:43+00:00,33.778352,-84.409182,POINT (-84.409182 33.778352),6.0,6.0,6.0,6.0,8.0,8.0,8.0,8.0,25.0,25.0,33.0,33.0,26.11111111111111,44.8,26.029333333333334,17.77777777777778,0.8
2025-10-03 21:58:44+00:00,33.778345,-84.409175,POINT (-84.409175 33.778345),6.0,6.0,6.0,6.0,8.0,8.0,8.0,8.0,25.0,25.0,33.0,33.0,26.11111111111111,44.8,26.029333333333334,17.77777777777778,0.8
2025-10-03 21:58:45+00:00,33.778338,-84.409168,POINT (-84.409168 33.778338),6.0,6.0,6.0,6.0,8.0,8.0,8.0,8.0,25.0,25.0,33.0,33.0,26.11111111111111,44.8,26.029333333333334,17.77777777777778,0.8
2025-10-03 21:58:46+00:00,33.7783275,-84.4091575,POINT (-84.4091575 33.7783275),6.0,6.0,6.0,6.0,8.0,8.0,8.0,8.0,25.0,25.0,33.0,33.0,26.11111111111111,44.8,26.029333333333334,17.77777777777778,0.8
2025-10-03 21:58:47+00:00,33.778317,-84.409147,POINT (-84.409147 33.778317),6.0,6.0,6.0,6.0,8.0,8.0,8.0,8.0,25.0,25.0,33.0,33.0,26.11111111111111,44.8,26.029333333333334,17.77777777777778,0.8
2025-10-03 21:58:48+00:00,33.7783,-84.40913,POINT (-84.40913 33.7783),6.0,6.0,6.0,6.0,8.0,8.0,8.0,8.0,25.0,25.0,33.0,33.0,26.11111111111111,44.8,26.029333333333334,17.77777777777778,0.0
2025-10-03 21:58:49+00:00,33.7782925,-84.4091225,POINT (-84.4091225 33.7782925),6.0,6.0,6.0,6.0,8.0,8.0,8.0,8.0,25.0,25.0,33.0,33.0,26.11111111111111,44.8,26.029333333333334,17.77777777777778,0.0
2025-10-03 21:58:50+00:00,33.778286,-84.409116,POINT (-84.409116 33.778286),6.0,6.0,6.0,6.0,8.0,8.0,8.0,8.0,25.0,25.0,33.0,33.0,26.11111111111111,44.8,26.029333333333334,17.77777777777778,0.0
2025-10-03 21:58:51+00:00,33.77827550000001,-84.40910550000001,POINT (-84.40910550000001 33.77827550000001),6.0,6.0,6.0,6.0,8.0,8.0,8.0,8.0,25.0,25.0,33.0,33.0,26.11111111111111,44.8,26.029333333333334,17.77777777777778,0.0
2025-10-03 21:58:52+00:00,33.778265000000005,-84.40909500000001,POINT (-84.40909500000001 33.778265000000005),6.0,6.0,6.0,6.0,8.0,8.0,8.0,8.0,25.0,25.0,33.0,33.0,26.11111111111111,44.8,26.029333333333334,17.77777777777778,0.0
2025-10-03 21:58:53+00:00,33.778247500000006,-84.40907750000001,POINT (-84.40907750000001 33.778247500000006),5.0,5.0,5.0,5.0,8.0,9.0,8.0,9.0,21.0,21.0,33.0,33.0,26.11111111111111,44.7,26.028027777777776,17.77777777777778,0.9
2025-10-03 21:58:54+00:00,33.778241,-84.409071,POINT (-84.409071 33.778241),5.0,5.0,5.0,5.0,8.0,9.0,8.0,9.0,21.0,21.0,33.0,33.0,26.11111111111111,44.7,26.028027777777776,17.77777777777778,0.9
2025-10-03 21:58:55+00:00,33.778234,-84.409064,POINT (-84.409064 33.778234),5.0,5.0,5.0,5.0,8.0,9.0,8.0,9.0,21.0,21.0,33.0,33.0,26.11111111111111,44.7,26.028027777777776,17.77777777777778,0.9
2025-10-03 21:58:56+00:00,33.778223499999996,-84.4090535,POINT (-84.4090535 33.778223499999996),5.0,5.0,5.0,5.0,8.0,9.0,8.0,9.0,21.0,21.0,33.0,33.0,26.11111111111111,44.7,26.028027777777776,17.77777777777778,0.9
2025-10-03 21:58:57+00:00,33.7782135,-84.4090435,POINT (-84.4090435 33.7782135),5.0,5.0,5.0,5.0,8.0,9.0,8.0,9.0,21.0,21.0,33.0,33.0,26.11111111111111,44.7,26.028027777777776,17.77777777777778,0.9
2025-10-03 21:58:58+00:00,33.778198,-84.409028,POINT (-84.409028 33.778198),5.0,5.0,5.0,5.0,8.0,9.0,8.0,9.0,21.0,21.0,33.0,33.0,26.166666666666664,44.6,26.085055555555552,17.88888888888889,0.0
2025-10-03 21:58:59+00:00,33.778192,-84.409022,POINT (-84.409022 33.778192),5.0,5.0,5.0,5.0,8.0,9.0,8.0,9.0,21.0,21.0,33.0,33.0,26.166666666666664,44.6,26.085055555555552,17.88888888888889,0.0
2025-10-03 21:59:00+00:00,33.778186,-84.409016,POINT (-84.409016 33.778186),5.0,5.0,5.0,5.0,8.0,9.0,8.0,9.0,21.0,21.0,33.0,33.0,26.166666666666664,44.6,26.085055555555552,17.88888888888889,0.0
2025-10-03 21:59:01+00:00,33.7781775,-84.4090075,POINT (-84.4090075 33.7781775),5.0,5.0,5.0,5.0,8.0,9.0,8.0,9.0,21.0,21.0,33.0,33.0,26.166666666666664,44.6,26.085055555555552,17.88888888888889,0.0
2025-10-03 21:59:02+00:00,33.7781685,-84.4089985,POINT (-84.4089985 33.7781685),5.0,5.0,5.0,5.0,8.0,9.0,8.0,9.0,21.0,21.0,33.0,33.0,26.166666666666664,44.6,26.085055555555552,17.88888888888889,0.0
2025-10-03 21:59:03+00:00,33.778158999999995,-84.40898899999999,POINT (-84.40898899999999 33.778158999999995),5.0,5.0,5.0,5.0,8.0,9.0,8.0,9.0,21.0,21.0,33.0,33.0,26.11111111111111,44.6,26.026722222222215,17.77777777777778,0.0
2025-10-03 21:59:04+00:00,33.7781495,-84.4089795,POINT (-84.4089795 33.7781495),5.0,5.0,5.0,5.0,8.0,9.0,8.0,9.0,21.0,21.0,33.0,33.0,26.11111111111111,44.6,26.026722222222215,17.77777777777778,0.0
2025-10-03 21:59:05+00:00,33.778139,-84.408969,POINT (-84.408969 33.778139),5.0,5.0,5.0,5.0,8.0,9.0,8.0,9.0,21.0,21.0,33.0,33.0,26.11111111111111,44.6,26.026722222222215,17.77777777777778,0.0
2025-10-03 21:59:06+00:00,33.778127500000004,-84.4089575,POINT (-84.4089575 33.778127500000004),5.0,5.0,5.0,5.0,8.0,9.0,8.0,9.0,21.0,21.0,33.0,33.0,26.11111111111111,44.6,26.026722222222215,17.77777777777778,0.0
2025-10-03 21:59:07+00:00,33.7781165,-84.4089465,POINT (-84.4089465 33.7781165),5.0,5.0,5.0,5.0,8.0,9.0,8.0,9.0,21.0,21.0,33.0,33.0,26.11111111111111,44.6,26.026722222222215,17.77777777777778,0.0
2025-10-03 21:59:08+00:00,33.778105499999995,-84.4089355,POINT (-84.4089355 33.778105499999995),5.0,5.0,5.0,5.0,6.0,6.0,6.0,6.0,21.0,21.0,25.0,25.0,26.166666666666664,44.6,26.085055555555552,17.88888888888889,0.0
2025-10-03 21:59:09+00:00,33.7780945,-84.4089245,POINT (-84.4089245 33.7780945),5.0,5.0,5.0,5.0,6.0,6.0,6.0,6.0,21.0,21.0,25.0,25.0,26.166666666666664,44.6,26.085055555555552,17.88888888888889,0.0
2025-10-03 21:59:10+00:00,33.778084,-84.408914,POINT (-84.408914 33.778084),5.0,5.0,5.0,5.0,6.0,6.0,6.0,6.0,21.0,21.0,25.0,25.0,26.166666666666664,44.6,26.085055555555552,17.88888888888889,0.0
2025-10-03 21:59:11+00:00,33.7780655,-84.4088955,POINT (-84.4088955 33.7780655),5.0,5.0,5.0,5.0,6.0,6.0,6.0,6.0,21.0,21.0,25.0,25.0,26.166666666666664,44.6,26.085055555555552,17.88888888888889,0.0
2025-10-03 21:59:12+00:00,33.778059,-84.408889,POINT (-84.408889 33.778059),5.0,5.0,5.0,5.0,6.0,6.0,6.0,6.0,21.0,21.0,25.0,25.0,26.166666666666664,44.6,26.085055555555552,17.88888888888889,0.0
2025-10-03 21:59:13+00:00,33.7780515,-84.40888149999999,POINT (-84.40888149999999 33.7780515),5.0,5.0,5.0,5.0,6.0,6.0,6.0,6.0,21.0,21.0,25.0,25.0,26.22222222222222,44.6,26.143388888888886,17.88888888888889,0.0
2025-10-03 21:59:14+00:00,33.778040499999996,-84.40887049999999,POINT (-84.40887049999999 33.778040499999996),5.0,5.0,5.0,5.0,6.0,6.0,6.0,6.0,21.0,21.0,25.0,25.0,26.22222222222222,44.6,26.143388888888886,17.88888888888889,0.0
2025-10-03 21:59:15+00:00,33.778029000000004,-84.408859,POINT (-84.408859 33.778029000000004),5.0,5.0,5.0,5.0,6.0,6.0,6.0,6.0,21.0,21.0,25.0,25.0,26.22222222222222,44.6,26.143388888888886,17.88888888888889,0.0
2025-10-03 21:59:16+00:00,33.77801092659053,-84.40884143066884,POINT (-84.40884143066884 33.77801092659053),5.0,5.0,5.0,5.0,6.0,6.0,6.0,6.0,21.0,21.0,25.0,25.0,26.22222222222222,44.6,26.143388888888886,17.88888888888889,0.0
2025-10-03 21:59:17+00:00,33.77800323327896,-84.40883416476346,POINT (-84.40883416476346 33.77800323327896),5.0,5.0,5.0,5.0,6.0,6.0,6.0,6.0,21.0,21.0,25.0,25.0,26.22222222222222,44.6,26.143388888888886,17.88888888888889,0.0
2025-10-03 21:59:18+00:00,33.77799606851549,-84.40882739804242,POINT (-84.40882739804242 33.77799606851549),5.0,5.0,5.0,5.0,6.0,6.0,6.0,6.0,21.0,21.0,25.0,25.0,26.22222222222222,44.6,26.143388888888886,17.88888888888889,0.9
2025-10-03 21:59:19+00:00,33.77798529200652,-84.40881722022839,POINT (-84.40881722022839 33.77798529200652),5.0,5.0,5.0,5.0,6.0,6.0,6.0,6.0,21.0,21.0,25.0,25.0,26.22222222222222,44.6,26.143388888888886,17.88888888888889,0.9
2025-10-03 21:59:20+00:00,33.77797501468189,-84.40880751386624,POINT (-84.40880751386624 33.77797501468189),5.0,5.0,5.0,5.0,6.0,6.0,6.0,6.0,21.0,21.0,25.0,25.0,26.22222222222222,44.6,26.143388888888886,17.88888888888889,0.9
2025-10-03 21:59:21+00:00,33.77795763132137,-84.40879109624797,POINT (-84.40879109624797 33.77795763132137),5.0,5.0,5.0,5.0,6.0,6.0,6.0,6.0,21.0,21.0,25.0,25.0,26.22222222222222,44.6,26.143388888888886,17.88888888888889,0.9
2025-10-03 21:59:22+00:00,33.77795149429038,-84.40878530016313,POINT (-84.40878530016313 33.77795149429038),5.0,5.0,5.0,5.0,6.0,6.0,6.0,6.0,21.0,21.0,25.0,25.0,26.22222222222222,44.6,26.143388888888886,17.88888888888889,0.9
2025-10-03 21:59:23+00:00,33.77794485807504,-84.40877903262643,POINT (-84.40877903262643 33.77794485807504),5.0,5.0,5.0,5.0,6.0,6.0,6.0,6.0,21.0,21.0,25.0,25.0,26.27777777777778,44.6,26.20172222222222,18.000000000000004,0.8
2025-10-03 21:59:24+00:00,33.77793566721044,-84.40877035236542,POINT (-84.40877035236542 33.77793566721044),5.0,5.0,5.0,5.0,6.0,6.0,6.0,6.0,21.0,21.0,25.0,25.0,26.27777777777778,44.6,26.20172222222222,18.000000000000004,0.8
2025-10-03 21:59:25+00:00,33.777925977161495,-84.40876120065252,POINT (-84.40876120065252 33.777925977161495),5.0,5.0,5.0,5.0,6.0,6.0,6.0,6.0,21.0,21.0,25.0,25.0,26.27777777777778,44.6,26.20172222222222,18.000000000000004,0.8
2025-10-03 21:59:26+00:00,33.77790859380098,-84.40874478303427,POINT (-84.40874478303427 33.77790859380098),5.0,5.0,5.0,5.0,6.0,6.0,6.0,6.0,21.0,21.0,25.0,25.0,26.27777777777778,44.6,26.20172222222222,18.000000000000004,0.8
2025-10-03 21:59:27+00:00,33.77790139967374,-84.40873798858075,POINT (-84.40873798858075 33.77790139967374),5.0,5.0,5.0,5.0,6.0,6.0,6.0,6.0,21.0,21.0,25.0,25.0,26.27777777777778,44.6,26.20172222222222,18.000000000000004,0.8
2025-10-03 21:59:28+00:00,33.77789423491027,-84.40873122185971,POINT (-84.40873122185971 33.77789423491027),5.0,5.0,5.0,5.0,6.0,6.0,6.0,6.0,21.0,21.0,25.0,25.0,26.333333333333336,44.6,26.260055555555557,18.000000000000004,0.0
2025-10-03 21:59:29+00:00,33.77788492659054,-84.40872243066885,POINT (-84.40872243066885 33.77788492659054),5.0,5.0,5.0,5.0,6.0,6.0,6.0,6.0,21.0,21.0,25.0,25.0,26.333333333333336,44.6,26.260055555555557,18.000000000000004,0.0
2025-10-03 21:59:30+00:00,33.777876088091354,-84.4087140831974,POINT (-84.4087140831974 33.777876088091354),5.0,5.0,5.0,5.0,6.0,6.0,6.0,6.0,21.0,21.0,25.0,25.0,26.333333333333336,44.6,26.260055555555557,18.000000000000004,0.0
2025-10-03 21:59:31+00:00,33.77786777814029,-84.40870623491028,POINT (-84.40870623491028 33.77786777814029),5.0,5.0,5.0,5.0,6.0,6.0,6.0,6.0,21.0,21.0,25.0,25.0,26.333333333333336,44.6,26.260055555555557,18.000000000000004,0.0
2025-10-03 21:59:32+00:00,33.77785844045677,-84.40869741598695,POINT (-84.40869741598695 33.77785844045677),5.0,5.0,5.0,5.0,6.0,6.0,6.0,6.0,21.0,21.0,25.0,25.0,26.333333333333336,44.6,26.260055555555557,18.000000000000004,0.0
2025-10-03 21:59:33+00:00,33.777849102773246,-84.40868859706363,POINT (-84.40868859706363 33.777849102773246),5.0,5.0,5.0,5.0,6.0,6.0,6.0,6.0,21.0,21.0,25.0,25.0,26.444444444444443,44.7,26.378027777777774,18.111111111111107,0.0
2025-10-03 21:59:34+00:00,33.777840851549755,-84.40868080424144,POINT (-84.40868080424144 33.777840851549755),5.0,5.0,5.0,5.0,6.0,6.0,6.0,6.0,21.0,21.0,25.0,25.0,26.444444444444443,44.7,26.378027777777774,18.111111111111107,0.0
2025-10-03 21:59:35+00:00,33.7778330995106,-84.40867348287112,POINT (-84.40867348287112 33.7778330995106),5.0,5.0,5.0,5.0,6.0,6.0,6.0,6.0,21.0,21.0,25.0,25.0,26.444444444444443,44.7,26.378027777777774,18.111111111111107,0.0
2025-10-03 21:59:36+00:00,33.77782534747145,-84.40866616150082,POINT (-84.40866616150082 33.77782534747145),5.0,5.0,5.0,5.0,6.0,6.0,6.0,6.0,21.0,21.0,25.0,25.0,26.444444444444443,44.7,26.378027777777774,18.111111111111107,0.0
2025-10-03 21:59:37+00:00,33.77781756606852,-84.40865881239804,POINT (-84.40865881239804 33.77781756606852),5.0,5.0,5.0,5.0,6.0,6.0,6.0,6.0,21.0,21.0,25.0,25.0,26.444444444444443,44.7,26.378027777777774,18.111111111111107,0.0
2025-10-03 21:59:38+00:00,33.77780922675367,-84.40865093637846,POINT (-84.40865093637846 33.77780922675367),5.0,6.0,5.0,6.0,8.0,8.0,8.0,8.0,21.0,21.0,33.0,33.0,26.555555555555557,44.8,26.496000000000002,18.22222222222222,0.0
2025-10-03 21:59:39+00:00,33.777800388254484,-84.40864258890701,POINT (-84.40864258890701 33.777800388254484),5.0,6.0,5.0,6.0,8.0,8.0,8.0,8.0,21.0,21.0,33.0,33.0,26.555555555555557,44.8,26.496000000000002,18.22222222222222,0.0
2025-10-03 21:59:40+00:00,33.77779099184339,-84.40863371451876,POINT (-84.40863371451876 33.77779099184339),5.0,6.0,5.0,6.0,8.0,8.0,8.0,8.0,21.0,21.0,33.0,33.0,26.555555555555557,44.8,26.496000000000002,18.22222222222222,0.0
2025-10-03 21:59:41+00:00,33.7777815954323,-84.40862484013051,POINT (-84.40862484013051 33.7777815954323),5.0,6.0,5.0,6.0,8.0,8.0,8.0,8.0,21.0,21.0,33.0,33.0,26.555555555555557,44.8,26.496000000000002,18.22222222222222,0.0
2025-10-03 21:59:42+00:00,33.77776849918434,-84.40861247145187,POINT (-84.40861247145187 33.77776849918434),5.0,6.0,5.0,6.0,8.0,8.0,8.0,8.0,21.0,21.0,33.0,33.0,26.555555555555557,44.8,26.496000000000002,18.22222222222222,0.0
2025-10-03 21:59:43+00:00,33.777764300163135,-84.40860850570962,POINT (-84.40860850570962 33.777764300163135),5.0,6.0,5.0,6.0,8.0,8.0,8.0,8.0,21.0,21.0,33.0,33.0,26.611111111111114,44.8,26.554333333333332,18.22222222222222,0.0
2025-10-03 21:59:44+00:00,33.77775692985318,-84.40860154486134,POINT (-84.40860154486134 33.77775692985318),5.0,6.0,5.0,6.0,8.0,8.0,8.0,8.0,21.0,21.0,33.0,33.0,26.611111111111114,44.8,26.554333333333332,18.22222222222222,0.0
2025-10-03 21:59:45+00:00,33.777749559543224,-84.40859458401304,POINT (-84.40859458401304 33.777749559543224),5.0,6.0,5.0,6.0,8.0,8.0,8.0,8.0,21.0,21.0,33.0,33.0,26.611111111111114,44.8,26.554333333333332,18.22222222222222,0.0
2025-10-03 21:59:46+00:00,33.777741190864596,-84.40858668026101,POINT (-84.40858668026101 33.777741190864596),5.0,6.0,5.0,6.0,8.0,8.0,8.0,8.0,21.0,21.0,33.0,33.0,26.611111111111114,44.8,26.554333333333332,18.22222222222222,0.0
2025-10-03 21:59:47+00:00,33.77772615660685,-84.4085724812398,POINT (-84.4085724812398 33.77772615660685),5.0,6.0,5.0,6.0,8.0,8.0,8.0,8.0,21.0,21.0,33.0,33.0,26.611111111111114,44.8,26.554333333333332,18.22222222222222,0.0
2025-10-03 21:59:48+00:00,33.77772046003262,-84.40856710114193,POINT (-84.40856710114193 33.77772046003262),5.0,6.0,5.0,6.0,8.0,8.0,8.0,8.0,21.0,21.0,33.0,33.0,26.666666666666668,44.9,26.613972222222216,18.277777777777782,0.0
2025-10-03 21:59:49+00:00,33.777699846655786,-84.40854763295269,POINT (-84.40854763295269 33.777699846655786),5.0,6.0,5.0,6.0,8.0,8.0,8.0,8.0,21.0,21.0,33.0,33.0,26.666666666666668,44.9,26.613972222222216,18.277777777777782,0.0
2025-10-03 21:59:50+00:00,33.777691654159874,-84.40853989559544,POINT (-84.40853989559544 33.777691654159874),5.0,6.0,5.0,6.0,8.0,8.0,8.0,8.0,21.0,21.0,33.0,33.0,26.666666666666668,44.9,26.613972222222216,18.277777777777782,0.0
2025-10-03 21:59:51+00:00,33.77768343230016,-84.4085321305057,POINT (-84.4085321305057 33.77768343230016),5.0,6.0,5.0,6.0,8.0,8.0,8.0,8.0,21.0,21.0,33.0,33.0,26.666666666666668,44.9,26.613972222222216,18.277777777777782,0.0
2025-10-03 21:59:52+00:00,33.77767215660685,-84.4085214812398,POINT (-84.4085214812398 33.77767215660685),5.0,6.0,5.0,6.0,8.0,8.0,8.0,8.0,21.0,21.0,33.0,33.0,26.666666666666668,44.9,26.613972222222216,18.277777777777782,0.0
2025-10-03 21:59:53+00:00,33.777660910277326,-84.40851085970637,POINT (-84.40851085970637 33.777660910277326),6.0,6.0,6.0,6.0,9.0,10.0,9.0,10.0,25.0,25.0,38.0,38.0,26.722222222222218,44.8,26.89385543900223,18.277777777777782,0.0
2025-10-03 21:59:54+00:00,33.77765019249592,-84.40850073735726,POINT (-84.40850073735726 33.77765019249592),6.0,6.0,6.0,6.0,9.0,10.0,9.0,10.0,25.0,25.0,38.0,38.0,26.722222222222218,44.8,26.89385543900223,18.277777777777782,0.0
2025-10-03 21:59:55+00:00,33.777632926590535,-84.40848443066884,POINT (-84.40848443066884 33.777632926590535),6.0,6.0,6.0,6.0,9.0,10.0,9.0,10.0,25.0,25.0,38.0,38.0,26.722222222222218,44.8,26.89385543900223,18.277777777777782,0.0
2025-10-03 21:59:56+00:00,33.77762681892332,-84.40847866231648,POINT (-84.40847866231648 33.77762681892332),6.0,6.0,6.0,6.0,9.0,10.0,9.0,10.0,25.0,25.0,38.0,38.0,26.722222222222218,44.8,26.89385543900223,18.277777777777782,0.0
2025-10-03 21:59:57+00:00,33.77760705709625,-84.40845999836868,POINT (-84.40845999836868 33.77760705709625),6.0,6.0,6.0,6.0,9.0,10.0,9.0,10.0,25.0,25.0,38.0,38.0,26.722222222222218,44.8,26.89385543900223,18.277777777777782,0.0
2025-10-03 21:59:58+00:00,33.77759895269168,-84.40845234420881,POINT (-84.40845234420881 33.77759895269168),6.0,6.0,6.0,6.0,9.0,10.0,9.0,10.0,25.0,25.0,38.0,38.0,26.77777777777778,44.6,26.927053431591126,18.277777777777782,0.0
2025-10-03 21:59:59+00:00,33.77759134747146,-84.40844516150082,POINT (-84.40844516150082 33.77759134747146),6.0,6.0,6.0,6.0,9.0,10.0,9.0,10.0,25.0,25.0,38.0,38.0,26.77777777777778,44.6,26.927053431591126,18.277777777777782,0.0
2025-10-03 22:00:00+00:00,33.777574052202276,-84.40842882707993,POINT (-84.40842882707993 33.777574052202276),6.0,6.0,6.0,6.0,9.0,10.0,9.0,10.0,25.0,25.0,38.0,38.0,26.77777777777778,44.6,26.927053431591126,18.277777777777782,0.0
2025-10-03 22:00:01+00:00,33.77756844371941,-84.40842353017945,POINT (-84.40842353017945 33.77756844371941),6.0,6.0,6.0,6.0,9.0,10.0,9.0,10.0,25.0,25.0,38.0,38.0,26.77777777777778,44.6,26.927053431591126,18.277777777777782,0.0
2025-10-03 22:00:02+00:00,33.77754753670473,-84.40840378466558,POINT (-84.40840378466558 33.77754753670473),6.0,6.0,6.0,6.0,9.0,10.0,9.0,10.0,25.0,25.0,38.0,38.0,26.77777777777778,44.6,26.927053431591126,18.277777777777782,0.0
2025-10-03 22:00:03+00:00,33.777538345840135,-84.40839510440458,POINT (-84.40839510440458 33.777538345840135),6.0,6.0,6.0,6.0,9.0,10.0,9.0,10.0,25.0,25.0,38.0,38.0,26.77777777777778,44.5,26.922015542555634,18.277777777777782,1.0
2025-10-03 22:00:04+00:00,33.77752915497553,-84.40838642414356,POINT (-84.40838642414356 33.77752915497553),6.0,6.0,6.0,6.0,9.0,10.0,9.0,10.0,25.0,25.0,38.0,38.0,26.77777777777778,44.5,26.922015542555634,18.277777777777782,1.0
2025-10-03 22:00:05+00:00,33.77750763132137,-84.40836609624796,POINT (-84.40836609624796 33.77750763132137),6.0,6.0,6.0,6.0,9.0,10.0,9.0,10.0,25.0,25.0,38.0,38.0,26.77777777777778,44.5,26.922015542555634,18.277777777777782,1.0
2025-10-03 22:00:06+00:00,33.777500936378466,-84.40835977324633,POINT (-84.40835977324633 33.777500936378466),6.0,6.0,6.0,6.0,9.0,10.0,9.0,10.0,25.0,25.0,38.0,38.0,26.77777777777778,44.5,26.922015542555634,18.277777777777782,1.0
2025-10-03 22:00:07+00:00,33.77747935399674,-84.40833938988581,POINT (-84.40833938988581 33.77747935399674),6.0,6.0,6.0,6.0,9.0,10.0,9.0,10.0,25.0,25.0,38.0,38.0,26.77777777777778,44.5,26.922015542555634,18.277777777777782,1.0
2025-10-03 22:00:08+00:00,33.777471631321376,-84.40833209624796,POINT (-84.40833209624796 33.777471631321376),5.0,5.0,5.0,5.0,8.0,8.0,8.0,8.0,21.0,21.0,33.0,33.0,26.833333333333332,44.5,26.965471703180587,18.277777777777782,0.0
2025-10-03 22:00:09+00:00,33.77746288091354,-84.4083238319739,POINT (-84.4083238319739 33.77746288091354),5.0,5.0,5.0,5.0,8.0,8.0,8.0,8.0,21.0,21.0,33.0,33.0,26.833333333333332,44.5,26.965471703180587,18.277777777777782,0.0
2025-10-03 22:00:10+00:00,33.77744949102773,-84.40831118597063,POINT (-84.40831118597063 33.77744949102773),5.0,5.0,5.0,5.0,8.0,8.0,8.0,8.0,21.0,21.0,33.0,33.0,26.833333333333332,44.5,26.965471703180587,18.277777777777782,0.0
2025-10-03 22:00:11+00:00,33.77743662969005,-84.40829903915171,POINT (-84.40829903915171 33.77743662969005),5.0,5.0,5.0,5.0,8.0,8.0,8.0,8.0,21.0,21.0,33.0,33.0,26.833333333333332,44.5,26.965471703180587,18.277777777777782,0.0
2025-10-03 22:00:12+00:00,33.77741598694943,-84.40827954323002,POINT (-84.40827954323002 33.77741598694943),5.0,5.0,5.0,5.0,8.0,8.0,8.0,8.0,21.0,21.0,33.0,33.0,26.833333333333332,44.5,26.965471703180587,18.277777777777782,0.0
2025-10-03 22:00:13+00:00,33.777407735725944,-84.40827175040783,POINT (-84.40827175040783 33.777407735725944),5.0,5.0,5.0,5.0,8.0,8.0,8.0,8.0,21.0,21.0,33.0,33.0,26.888888888888893,44.4,27.004164370453402,18.388888888888886,0.0
2025-10-03 22:00:14+00:00,33.777399983686784,-84.40826442903752,POINT (-84.40826442903752 33.777399983686784),5.0,5.0,5.0,5.0,8.0,8.0,8.0,8.0,21.0,21.0,33.0,33.0,26.888888888888893,44.4,27.004164370453402,18.388888888888886,0.0
2025-10-03 22:00:15+00:00,33.77738345187602,-84.40824881566068,POINT (-84.40824881566068 33.77738345187602),5.0,5.0,5.0,5.0,8.0,8.0,8.0,8.0,21.0,21.0,33.0,33.0,26.888888888888893,44.4,27.004164370453402,18.388888888888886,0.0
2025-10-03 22:00:16+00:00,33.7773777553018,-84.40824343556281,POINT (-84.40824343556281 33.7773777553018),5.0,5.0,5.0,5.0,8.0,8.0,8.0,8.0,21.0,21.0,33.0,33.0,26.888888888888893,44.4,27.004164370453402,18.388888888888886,0.0
2025-10-03 22:00:17+00:00,33.777371559543234,-84.40823758401305,POINT (-84.40823758401305 33.777371559543234),5.0,5.0,5.0,5.0,8.0,8.0,8.0,8.0,21.0,21.0,33.0,33.0,26.888888888888893,44.4,27.004164370453402,18.388888888888886,0.0
2025-10-03 22:00:18+00:00,33.77736380750408,-84.40823026264275,POINT (-84.40823026264275 33.77736380750408),5.0,5.0,5.0,5.0,8.0,8.0,8.0,8.0,21.0,21.0,33.0,33.0,26.944444444444443,44.3,27.04312970406952,18.388888888888886,0.9
2025-10-03 22:00:19+00:00,33.77735605546493,-84.40822294127243,POINT (-84.40822294127243 33.77735605546493),5.0,5.0,5.0,5.0,8.0,8.0,8.0,8.0,21.0,21.0,33.0,33.0,26.944444444444443,44.3,27.04312970406952,18.388888888888886,0.9
2025-10-03 22:00:20+00:00,33.77734833278956,-84.40821564763459,POINT (-84.40821564763459 33.77734833278956),5.0,5.0,5.0,5.0,8.0,8.0,8.0,8.0,21.0,21.0,33.0,33.0,26.944444444444443,44.3,27.04312970406952,18.388888888888886,0.9
2025-10-03 22:00:21+00:00,33.777340610114194,-84.40820835399674,POINT (-84.40820835399674 33.777340610114194),5.0,5.0,5.0,5.0,8.0,8.0,8.0,8.0,21.0,21.0,33.0,33.0,26.944444444444443,44.3,27.04312970406952,18.388888888888886,0.9
2025-10-03 22:00:22+00:00,33.77733191843393,-84.4082001451876,POINT (-84.4082001451876 33.77733191843393),5.0,5.0,5.0,5.0,8.0,8.0,8.0,8.0,21.0,21.0,33.0,33.0,26.944444444444443,44.3,27.04312970406952,18.388888888888886,0.9
2025-10-03 22:00:23+00:00,33.77732372593801,-84.40819240783034,POINT (-84.40819240783034 33.77732372593801),5.0,5.0,5.0,5.0,7.0,8.0,7.0,8.0,21.0,21.0,29.0,29.0,26.999999999999996,44.2,27.08236597203564,18.388888888888886,0.0
2025-10-03 22:00:24+00:00,33.77731453507341,-84.40818372756934,POINT (-84.40818372756934 33.77731453507341),5.0,5.0,5.0,5.0,7.0,8.0,7.0,8.0,21.0,21.0,29.0,29.0,26.999999999999996,44.2,27.08236597203564,18.388888888888886,0.0
2025-10-03 22:00:25+00:00,33.77730540293637,-84.40817510277324,POINT (-84.40817510277324 33.77730540293637),5.0,5.0,5.0,5.0,7.0,8.0,7.0,8.0,21.0,21.0,29.0,29.0,26.999999999999996,44.2,27.08236597203564,18.388888888888886,0.0
2025-10-03 22:00:26+00:00,33.7773,-84.40817,POINT (-84.40817 33.7773),5.0,5.0,5.0,5.0,7.0,8.0,7.0,8.0,21.0,21.0,29.0,29.0,26.999999999999996,44.2,27.08236597203564,18.388888888888886,0.0
2025-10-03 22:00:27+00:00,33.7773,-84.40817,POINT (-84.40817 33.7773),5.0,5.0,5.0,5.0,7.0,8.0,7.0,8.0,21.0,21.0,29.0,29.0,26.999999999999996,44.2,27.08236597203564,18.388888888888886,0.0
2025-10-03 22:00:28+00:00,33.7773,-84.40817,POINT (-84.40817 33.7773),5.0,5.0,5.0,5.0,7.0,8.0,7.0,8.0,21.0,21.0,29.0,29.0,26.944444444444443,44.0,27.027131465277815,18.277777777777782,1.0
2025-10-03 22:00:29+00:00,33.777246441176466,-84.40814073529411,POINT (-84.40814073529411 33.777246441176466),5.0,5.0,5.0,5.0,7.0,8.0,7.0,8.0,21.0,21.0,29.0,29.0,26.944444444444443,44.0,27.027131465277815,18.277777777777782,1.0
2025-10-03 22:00:30+00:00,33.777240088235295,-84.40813014705883,POINT (-84.40813014705883 33.777240088235295),5.0,5.0,5.0,5.0,7.0,8.0,7.0,8.0,21.0,21.0,29.0,29.0,26.944444444444443,44.0,27.027131465277815,18.277777777777782,1.0
2025-10-03 22:00:31+00:00,33.77724,-84.40813,POINT (-84.40813 33.77724),5.0,5.0,5.0,5.0,7.0,8.0,7.0,8.0,21.0,21.0,29.0,29.0,26.944444444444443,44.0,27.027131465277815,18.277777777777782,1.0
2025-10-03 22:00:32+00:00,33.77723563846154,-84.40812660769231,POINT (-84.40812660769231 33.77723563846154),5.0,5.0,5.0,5.0,7.0,8.0,7.0,8.0,21.0,21.0,29.0,29.0,26.944444444444443,44.0,27.027131465277815,18.277777777777782,1.0
2025-10-03 22:00:33+00:00,33.77721971538462,-84.40811422307692,POINT (-84.40811422307692 33.77721971538462),5.0,5.0,5.0,5.0,7.0,8.0,7.0,8.0,21.0,21.0,29.0,29.0,26.666666666666668,43.7,26.59830555555555,18.111111111111107,0.0
2025-10-03 22:00:34+00:00,33.77721452307692,-84.40811018461538,POINT (-84.40811018461538 33.77721452307692),5.0,5.0,5.0,5.0,7.0,8.0,7.0,8.0,21.0,21.0,29.0,29.0,26.666666666666668,43.7,26.59830555555555,18.111111111111107,0.0
2025-10-03 22:00:35+00:00,33.77720365384615,-84.40810173076923,POINT (-84.40810173076923 33.77720365384615),5.0,5.0,5.0,5.0,7.0,8.0,7.0,8.0,21.0,21.0,29.0,29.0,26.666666666666668,43.7,26.59830555555555,18.111111111111107,0.0
2025-10-03 22:00:36+00:00,33.777192161538466,-84.4080927923077,POINT (-84.4080927923077 33.777192161538466),5.0,5.0,5.0,5.0,7.0,8.0,7.0,8.0,21.0,21.0,29.0,29.0,26.666666666666668,43.7,26.59830555555555,18.111111111111107,0.0
2025-10-03 22:00:37+00:00,33.77718129230769,-84.40808433846153,POINT (-84.40808433846153 33.77718129230769),5.0,5.0,5.0,5.0,7.0,8.0,7.0,8.0,21.0,21.0,29.0,29.0,26.666666666666668,43.7,26.59830555555555,18.111111111111107,0.0
2025-10-03 22:00:38+00:00,33.77717187692308,-84.40807701538462,POINT (-84.40807701538462 33.77717187692308),5.0,5.0,5.0,5.0,6.0,8.0,6.0,8.0,21.0,21.0,25.0,25.0,26.666666666666668,43.5,26.595694444444447,18.000000000000004,0.0
2025-10-03 22:00:39+00:00,33.77716308461538,-84.40807017692308,POINT (-84.40807017692308 33.77716308461538),5.0,5.0,5.0,5.0,6.0,8.0,6.0,8.0,21.0,21.0,25.0,25.0,26.666666666666668,43.5,26.595694444444447,18.000000000000004,0.0
2025-10-03 22:00:40+00:00,33.77715366923076,-84.40806285384616,POINT (-84.40806285384616 33.77715366923076),5.0,5.0,5.0,5.0,6.0,8.0,6.0,8.0,21.0,21.0,25.0,25.0,26.666666666666668,43.5,26.595694444444447,18.000000000000004,0.0
2025-10-03 22:00:41+00:00,33.77715,-84.40806,POINT (-84.40806 33.77715),5.0,5.0,5.0,5.0,6.0,8.0,6.0,8.0,21.0,21.0,25.0,25.0,26.666666666666668,43.5,26.595694444444447,18.000000000000004,0.0
2025-10-03 22:00:42+00:00,33.777121388152345,-84.40805295546582,POINT (-84.40805295546582 33.777121388152345),5.0,5.0,5.0,5.0,6.0,8.0,6.0,8.0,21.0,21.0,25.0,25.0,26.666666666666668,43.5,26.595694444444447,18.000000000000004,0.0
2025-10-03 22:00:43+00:00,33.77710235838255,-84.40803552820296,POINT (-84.40803552820296 33.77710235838255),5.0,5.0,5.0,5.0,6.0,8.0,6.0,8.0,21.0,21.0,25.0,25.0,26.722222222222218,43.4,26.652722222222216,18.111111111111107,0.9
2025-10-03 22:00:44+00:00,33.777095517054356,-84.40802926298662,POINT (-84.40802926298662 33.777095517054356),5.0,5.0,5.0,5.0,6.0,8.0,6.0,8.0,21.0,21.0,25.0,25.0,26.722222222222218,43.4,26.652722222222216,18.111111111111107,0.9
2025-10-03 22:00:45+00:00,33.777087633783296,-84.40802204356996,POINT (-84.40802204356996 33.777087633783296),5.0,5.0,5.0,5.0,6.0,8.0,6.0,8.0,21.0,21.0,25.0,25.0,26.722222222222218,43.4,26.652722222222216,18.111111111111107,0.9
2025-10-03 22:00:46+00:00,33.777071913040864,-84.40800764667952,POINT (-84.40800764667952 33.777071913040864),5.0,5.0,5.0,5.0,6.0,8.0,6.0,8.0,21.0,21.0,25.0,25.0,26.722222222222218,43.4,26.652722222222216,18.111111111111107,0.9
2025-10-03 22:00:47+00:00,33.77706665752682,-84.40800283373508,POINT (-84.40800283373508 33.77706665752682),5.0,5.0,5.0,5.0,6.0,8.0,6.0,8.0,21.0,21.0,25.0,25.0,26.722222222222218,43.4,26.652722222222216,18.111111111111107,0.9
2025-10-03 22:00:48+00:00,33.7770572342413,-84.40799420398939,POINT (-84.40799420398939 33.7770572342413),5.0,5.0,5.0,5.0,6.0,8.0,6.0,8.0,21.0,21.0,25.0,25.0,26.888888888888893,43.4,26.952192985297796,18.22222222222222,0.7
2025-10-03 22:00:49+00:00,33.77704731288417,-84.40798511811498,POINT (-84.40798511811498 33.77704731288417),5.0,5.0,5.0,5.0,6.0,8.0,6.0,8.0,21.0,21.0,25.0,25.0,26.888888888888893,43.4,26.952192985297796,18.22222222222222,0.7
2025-10-03 22:00:50+00:00,33.777036893455474,-84.40797557611185,POINT (-84.40797557611185 33.777036893455474),5.0,5.0,5.0,5.0,6.0,8.0,6.0,8.0,21.0,21.0,25.0,25.0,26.888888888888893,43.4,26.952192985297796,18.22222222222222,0.7
2025-10-03 22:00:51+00:00,33.77702543208389,-84.4079650799084,POINT (-84.4079650799084 33.77702543208389),5.0,5.0,5.0,5.0,6.0,8.0,6.0,8.0,21.0,21.0,25.0,25.0,26.888888888888893,43.4,26.952192985297796,18.22222222222222,0.7
2025-10-03 22:00:52+00:00,33.77701501265518,-84.40795553790527,POINT (-84.40795553790527 33.77701501265518),5.0,5.0,5.0,5.0,6.0,8.0,6.0,8.0,21.0,21.0,25.0,25.0,26.888888888888893,43.4,26.952192985297796,18.22222222222222,0.7
2025-10-03 22:00:53+00:00,33.77700608744125,-84.40794736428829,POINT (-84.40794736428829 33.77700608744125),4.5,5.0,4.5,5.0,6.0,7.5,6.0,7.5,19.0,19.0,25.0,25.0,26.888888888888893,43.3,26.947049983868887,18.22222222222222,0.8
2025-10-03 22:00:54+00:00,33.77699766029891,-84.40793964680005,POINT (-84.40793964680005 33.77699766029891),4.5,5.0,4.5,5.0,6.0,7.5,6.0,7.5,19.0,19.0,25.0,25.0,26.888888888888893,43.3,26.947049983868887,18.22222222222222,0.8
2025-10-03 22:00:55+00:00,33.77698809961433,-84.40793089122575,POINT (-84.40793089122575 33.77698809961433),4.5,5.0,4.5,5.0,6.0,7.5,6.0,7.5,19.0,19.0,25.0,25.0,26.888888888888893,43.3,26.947049983868887,18.22222222222222,0.8
2025-10-03 22:00:56+00:00,33.77697368988792,-84.40791769494999,POINT (-84.40791769494999 33.77697368988792),4.5,5.0,4.5,5.0,6.0,7.5,6.0,7.5,19.0,19.0,25.0,25.0,26.888888888888893,43.3,26.947049983868887,18.22222222222222,0.8
2025-10-03 22:00:57+00:00,33.77696938471737,-84.40791375232011,POINT (-84.40791375232011 33.77696938471737),4.5,5.0,4.5,5.0,6.0,7.5,6.0,7.5,19.0,19.0,25.0,25.0,26.888888888888893,43.3,26.947049983868887,18.22222222222222,0.8
2025-10-03 22:00:58+00:00,33.77696027630469,-84.40790541093166,POINT (-84.40790541093166 33.77696027630469),4.5,5.0,4.5,5.0,6.0,7.5,6.0,7.5,19.0,19.0,25.0,25.0,26.77777777777778,43.2,26.85731087765331,18.000000000000004,0.9
2025-10-03 22:00:59+00:00,33.77695171176329,-84.4078975676148,POINT (-84.4078975676148 33.77695171176329),4.5,5.0,4.5,5.0,6.0,7.5,6.0,7.5,19.0,19.0,25.0,25.0,26.77777777777778,43.2,26.85731087765331,18.000000000000004,0.9
2025-10-03 22:01:00+00:00,33.77694527690732,-84.40789167464143,POINT (-84.40789167464143 33.77694527690732),4.5,5.0,4.5,5.0,6.0,7.5,6.0,7.5,19.0,19.0,25.0,25.0,26.77777777777778,43.2,26.85731087765331,18.000000000000004,0.9
2025-10-03 22:01:01+00:00,33.77694246595155,-84.40788910039772,POINT (-84.40788910039772 33.77694246595155),4.5,5.0,4.5,5.0,6.0,7.5,6.0,7.5,19.0,19.0,25.0,25.0,26.77777777777778,43.2,26.85731087765331,18.000000000000004,0.9
2025-10-03 22:01:02+00:00,33.77694074273834,-84.40788752229722,POINT (-84.40788752229722 33.77694074273834),4.5,5.0,4.5,5.0,6.0,7.5,6.0,7.5,19.0,19.0,25.0,25.0,26.77777777777778,43.2,26.85731087765331,18.000000000000004,0.9
2025-10-03 22:01:03+00:00,33.77693172592504,-84.4078792647945,POINT (-84.4078792647945 33.77693172592504),4.5,5.0,4.5,5.0,6.0,7.5,6.0,7.5,19.0,19.0,25.0,25.0,26.77777777777778,43.1,26.85239420285779,18.000000000000004,0.0
2025-10-03 22:01:04+00:00,33.77692497619622,-84.4078730834639,POINT (-84.4078730834639 33.77692497619622),4.5,5.0,4.5,5.0,6.0,7.5,6.0,7.5,19.0,19.0,25.0,25.0,26.77777777777778,43.1,26.85239420285779,18.000000000000004,0.0
2025-10-03 22:01:05+00:00,33.77691768259612,-84.4078664040617,POINT (-84.4078664040617 33.77691768259612),4.5,5.0,4.5,5.0,6.0,7.5,6.0,7.5,19.0,19.0,25.0,25.0,26.77777777777778,43.1,26.85239420285779,18.000000000000004,0.0
2025-10-03 22:01:06+00:00,33.7769109328673,-84.4078602227311,POINT (-84.4078602227311 33.7769109328673),4.5,5.0,4.5,5.0,6.0,7.5,6.0,7.5,19.0,19.0,25.0,25.0,26.77777777777778,43.1,26.85239420285779,18.000000000000004,0.0
2025-10-03 22:01:07+00:00,33.77690363926721,-84.40785354332891,POINT (-84.40785354332891 33.77690363926721),4.5,5.0,4.5,5.0,6.0,7.5,6.0,7.5,19.0,19.0,25.0,25.0,26.77777777777778,43.1,26.85239420285779,18.000000000000004,0.0
2025-10-03 22:01:08+00:00,33.77689634566711,-84.40784686392672,POINT (-84.40784686392672 33.77689634566711),5.0,5.0,5.0,5.0,3.0,3.0,3.0,3.0,21.0,21.0,13.0,13.0,26.77777777777778,43.1,26.85239420285779,18.000000000000004,0.0
2025-10-03 22:01:09+00:00,33.77688959593829,-84.40784068259612,POINT (-84.40784068259612 33.77688959593829),5.0,5.0,5.0,5.0,3.0,3.0,3.0,3.0,21.0,21.0,13.0,13.0,26.77777777777778,43.1,26.85239420285779,18.000000000000004,0.0
2025-10-03 22:01:10+00:00,33.776882302338194,-84.40783400319393,POINT (-84.40783400319393 33.776882302338194),5.0,5.0,5.0,5.0,3.0,3.0,3.0,3.0,21.0,21.0,13.0,13.0,26.77777777777778,43.1,26.85239420285779,18.000000000000004,0.0
2025-10-03 22:01:11+00:00,33.776860650536335,-84.4078141747017,POINT (-84.4078141747017 33.776860650536335),5.0,5.0,5.0,5.0,3.0,3.0,3.0,3.0,21.0,21.0,13.0,13.0,26.77777777777778,43.1,26.85239420285779,18.000000000000004,0.0
2025-10-03 22:01:12+00:00,33.776852950464026,-84.40780712305653,POINT (-84.40780712305653 33.776852950464026),5.0,5.0,5.0,5.0,3.0,3.0,3.0,3.0,21.0,21.0,13.0,13.0,26.77777777777778,43.1,26.85239420285779,18.000000000000004,0.0
2025-10-03 22:01:13+00:00,33.77684525039171,-84.40780007141134,POINT (-84.40780007141134 33.77684525039171),5.0,5.0,5.0,5.0,3.0,3.0,3.0,3.0,21.0,21.0,13.0,13.0,26.722222222222218,43.1,26.648805555555555,18.000000000000004,0.0
2025-10-03 22:01:14+00:00,33.7768334283476,-84.40778924490779,POINT (-84.40778924490779 33.7768334283476),5.0,5.0,5.0,5.0,3.0,3.0,3.0,3.0,21.0,21.0,13.0,13.0,26.722222222222218,43.1,26.648805555555555,18.000000000000004,0.0
2025-10-03 22:01:15+00:00,33.776821606303486,-84.40777841840425,POINT (-84.40777841840425 33.776821606303486),5.0,5.0,5.0,5.0,3.0,3.0,3.0,3.0,21.0,21.0,13.0,13.0,26.722222222222218,43.1,26.648805555555555,18.000000000000004,0.0
2025-10-03 22:01:16+00:00,33.77679950222972,-84.40775817572616,POINT (-84.40775817572616 33.77679950222972),5.0,5.0,5.0,5.0,3.0,3.0,3.0,3.0,21.0,21.0,13.0,13.0,26.722222222222218,43.1,26.648805555555555,18.000000000000004,0.0
2025-10-03 22:01:17+00:00,33.77679125828613,-84.4077506260094,POINT (-84.4077506260094 33.77679125828613),5.0,5.0,5.0,5.0,3.0,3.0,3.0,3.0,21.0,21.0,13.0,13.0,26.722222222222218,43.1,26.648805555555555,18.000000000000004,0.0
2025-10-03 22:01:18+00:00,33.77678251627094,-84.40774262016392,POINT (-84.40774262016392 33.77678251627094),5.0,5.0,5.0,5.0,3.0,3.0,3.0,3.0,21.0,21.0,13.0,13.0,26.666666666666668,43.1,26.59047222222223,18.000000000000004,1.0
2025-10-03 22:01:19+00:00,33.77676290255514,-84.40772465812944,POINT (-84.40772465812944 33.77676290255514),5.0,5.0,5.0,5.0,3.0,3.0,3.0,3.0,21.0,21.0,13.0,13.0,26.666666666666668,43.1,26.59047222222223,18.000000000000004,1.0
2025-10-03 22:01:20+00:00,33.7767566966976,-84.40771897487043,POINT (-84.40771897487043 33.7767566966976),5.0,5.0,5.0,5.0,3.0,3.0,3.0,3.0,21.0,21.0,13.0,13.0,26.666666666666668,43.1,26.59047222222223,18.000000000000004,1.0
2025-10-03 22:01:21+00:00,33.77673545136796,-84.40769951862119,POINT (-84.40769951862119 33.77673545136796),5.0,5.0,5.0,5.0,3.0,3.0,3.0,3.0,21.0,21.0,13.0,13.0,26.666666666666668,43.1,26.59047222222223,18.000000000000004,1.0
2025-10-03 22:01:22+00:00,33.77672765969628,-84.40769238309026,POINT (-84.40769238309026 33.77672765969628),5.0,5.0,5.0,5.0,3.0,3.0,3.0,3.0,21.0,21.0,13.0,13.0,26.666666666666668,43.1,26.59047222222223,18.000000000000004,1.0
2025-10-03 22:01:23+00:00,33.77671936995299,-84.40768479143064,POINT (-84.40768479143064 33.77671936995299),5.0,5.0,5.0,5.0,4.5,4.5,4.5,4.5,21.0,21.0,19.0,19.0,26.611111111111114,43.1,26.532138888888895,17.88888888888889,0.9
2025-10-03 22:01:24+00:00,33.77670279046644,-84.40766960811136,POINT (-84.40766960811136 33.77670279046644),5.0,5.0,5.0,5.0,4.5,4.5,4.5,4.5,21.0,21.0,19.0,19.0,26.611111111111114,43.1,26.532138888888895,17.88888888888889,0.9
2025-10-03 22:01:25+00:00,33.776697082680485,-84.40766438098107,POINT (-84.40766438098107 33.776697082680485),5.0,5.0,5.0,5.0,4.5,4.5,4.5,4.5,21.0,21.0,19.0,19.0,26.611111111111114,43.1,26.532138888888895,17.88888888888889,0.9
2025-10-03 22:01:26+00:00,33.77667841930818,-84.40764728926118,POINT (-84.40764728926118 33.77667841930818),5.0,5.0,5.0,5.0,4.5,4.5,4.5,4.5,21.0,21.0,19.0,19.0,26.611111111111114,43.1,26.532138888888895,17.88888888888889,0.9
2025-10-03 22:01:27+00:00,33.7766706276365,-84.40764015373026,POINT (-84.40764015373026 33.7766706276365),5.0,5.0,5.0,5.0,4.5,4.5,4.5,4.5,21.0,21.0,19.0,19.0,26.611111111111114,43.1,26.532138888888895,17.88888888888889,0.9
2025-10-03 22:01:28+00:00,33.77666337983609,-84.40763351627095,POINT (-84.40763351627095 33.77666337983609),5.0,5.0,5.0,5.0,4.5,4.5,4.5,4.5,21.0,21.0,19.0,19.0,26.5,43.0,26.41416666666667,17.77777777777778,0.9
2025-10-03 22:01:29+00:00,33.77665246233579,-84.40762351813909,POINT (-84.40762351813909 33.77665246233579),5.0,5.0,5.0,5.0,4.5,4.5,4.5,4.5,21.0,21.0,19.0,19.0,26.5,43.0,26.41416666666667,17.77777777777778,0.9
2025-10-03 22:01:30+00:00,33.77664104676389,-84.40761306387851,POINT (-84.40761306387851 33.77664104676389),5.0,5.0,5.0,5.0,4.5,4.5,4.5,4.5,21.0,21.0,19.0,19.0,26.5,43.0,26.41416666666667,17.77777777777778,0.9
2025-10-03 22:01:31+00:00,33.776630129263594,-84.40760306574666,POINT (-84.40760306574666 33.776630129263594),5.0,5.0,5.0,5.0,4.5,4.5,4.5,4.5,21.0,21.0,19.0,19.0,26.5,43.0,26.41416666666667,17.77777777777778,0.9
2025-10-03 22:01:32+00:00,33.77662025370616,-84.40759402181511,POINT (-84.40759402181511 33.77662025370616),5.0,5.0,5.0,5.0,4.5,4.5,4.5,4.5,21.0,21.0,19.0,19.0,26.5,43.0,26.41416666666667,17.77777777777778,0.9
2025-10-03 22:01:33+00:00,33.77661087622032,-84.40758543401229,POINT (-84.40758543401229 33.77661087622032),5.0,5.0,5.0,5.0,4.5,4.5,4.5,4.5,21.0,21.0,19.0,19.0,26.444444444444443,43.0,26.355833333333326,17.72222222222222,0.8
2025-10-03 22:01:34+00:00,33.77660254067735,-84.40757780040978,POINT (-84.40757780040978 33.77660254067735),5.0,5.0,5.0,5.0,4.5,4.5,4.5,4.5,21.0,21.0,19.0,19.0,26.444444444444443,43.0,26.355833333333326,17.72222222222222,0.8
2025-10-03 22:01:35+00:00,33.776593707062794,-84.40756971067856,POINT (-84.40756971067856 33.776593707062794),5.0,5.0,5.0,5.0,4.5,4.5,4.5,4.5,21.0,21.0,19.0,19.0,26.444444444444443,43.0,26.355833333333326,17.72222222222222,0.8
2025-10-03 22:01:36+00:00,33.7765832418344,-84.40756012673256,POINT (-84.40756012673256 33.7765832418344),5.0,5.0,5.0,5.0,4.5,4.5,4.5,4.5,21.0,21.0,19.0,19.0,26.444444444444443,43.0,26.355833333333326,17.72222222222222,0.8
2025-10-03 22:01:37+00:00,33.7765655288056,-84.40754390532723,POINT (-84.40754390532723 33.7765655288056),5.0,5.0,5.0,5.0,4.5,4.5,4.5,4.5,21.0,21.0,19.0,19.0,26.444444444444443,43.0,26.355833333333326,17.72222222222222,0.8
2025-10-03 22:01:38+00:00,33.77655977521996,-84.40753863625407,POINT (-84.40753863625407 33.77655977521996),6.0,6.0,6.0,6.0,5.0,5.0,5.0,5.0,25.0,25.0,21.0,21.0,26.27777777777778,43.0,26.180833333333332,17.61111111111111,0.0
2025-10-03 22:01:39+00:00,33.77654102024828,-84.40752146064843,POINT (-84.40752146064843 33.77654102024828),6.0,6.0,6.0,6.0,5.0,5.0,5.0,5.0,25.0,25.0,21.0,21.0,26.27777777777778,43.0,26.180833333333332,17.61111111111111,0.0
2025-10-03 22:01:40+00:00,33.776532684705316,-84.40751382704592,POINT (-84.40751382704592 33.776532684705316),6.0,6.0,6.0,6.0,5.0,5.0,5.0,5.0,25.0,25.0,21.0,21.0,26.27777777777778,43.0,26.180833333333332,17.61111111111111,0.0
2025-10-03 22:01:41+00:00,33.77652539110522,-84.40750714764373,POINT (-84.40750714764373 33.77652539110522),6.0,6.0,6.0,6.0,5.0,5.0,5.0,5.0,25.0,25.0,21.0,21.0,26.27777777777778,43.0,26.180833333333332,17.61111111111111,0.0
2025-10-03 22:01:42+00:00,33.77651392973364,-84.40749665144028,POINT (-84.40749665144028 33.77651392973364),6.0,6.0,6.0,6.0,5.0,5.0,5.0,5.0,25.0,25.0,21.0,21.0,26.27777777777778,43.0,26.180833333333332,17.61111111111111,0.0
2025-10-03 22:01:43+00:00,33.77650351030493,-84.40748710943714,POINT (-84.40748710943714 33.77650351030493),6.0,6.0,6.0,6.0,5.0,5.0,5.0,5.0,25.0,25.0,21.0,21.0,26.27777777777778,43.0,26.180833333333332,17.61111111111111,0.9
2025-10-03 22:01:44+00:00,33.776493045076535,-84.40747752549115,POINT (-84.40747752549115 33.776493045076535),6.0,6.0,6.0,6.0,5.0,5.0,5.0,5.0,25.0,25.0,21.0,21.0,26.27777777777778,43.0,26.180833333333332,17.61111111111111,0.9
2025-10-03 22:01:45+00:00,33.776484119862594,-84.40746935187417,POINT (-84.40746935187417 33.776484119862594),6.0,6.0,6.0,6.0,5.0,5.0,5.0,5.0,25.0,25.0,21.0,21.0,26.27777777777778,43.0,26.180833333333332,17.61111111111111,0.9
2025-10-03 22:01:46+00:00,33.77647569272026,-84.40746163438592,POINT (-84.40746163438592 33.77647569272026),6.0,6.0,6.0,6.0,5.0,5.0,5.0,5.0,25.0,25.0,21.0,21.0,26.27777777777778,43.0,26.180833333333332,17.61111111111111,0.9
2025-10-03 22:01:47+00:00,33.776466813306016,-84.40745350271182,POINT (-84.40745350271182 33.776466813306016),6.0,6.0,6.0,6.0,5.0,5.0,5.0,5.0,25.0,25.0,21.0,21.0,26.27777777777778,43.0,26.180833333333332,17.61111111111111,0.9
2025-10-03 22:01:48+00:00,33.7764568919489,-84.40744441683741,POINT (-84.40744441683741 33.7764568919489),6.0,6.0,6.0,6.0,5.0,5.0,5.0,5.0,25.0,25.0,21.0,21.0,26.333333333333336,43.2,26.241777777777784,17.72222222222222,0.8
2025-10-03 22:01:49+00:00,33.77644647252019,-84.40743487483428,POINT (-84.40743487483428 33.77644647252019),6.0,6.0,6.0,6.0,5.0,5.0,5.0,5.0,25.0,25.0,21.0,21.0,26.333333333333336,43.2,26.241777777777784,17.72222222222222,0.8
2025-10-03 22:01:50+00:00,33.77643655116307,-84.40742578895987,POINT (-84.40742578895987 33.77643655116307),6.0,6.0,6.0,6.0,5.0,5.0,5.0,5.0,25.0,25.0,21.0,21.0,26.333333333333336,43.2,26.241777777777784,17.72222222222222,0.8
2025-10-03 22:01:51+00:00,33.77642608593467,-84.40741620501386,POINT (-84.40741620501386 33.77642608593467),6.0,6.0,6.0,6.0,5.0,5.0,5.0,5.0,25.0,25.0,21.0,21.0,26.333333333333336,43.2,26.241777777777784,17.72222222222222,0.8
2025-10-03 22:01:52+00:00,33.77641294714957,-84.40740417265276,POINT (-84.40740417265276 33.77641294714957),6.0,6.0,6.0,6.0,5.0,5.0,5.0,5.0,25.0,25.0,21.0,21.0,26.333333333333336,43.2,26.241777777777784,17.72222222222222,0.8
2025-10-03 22:01:53+00:00,33.7764087335784,-84.40740031390864,POINT (-84.40740031390864 33.7764087335784),6.0,7.0,6.0,7.0,5.0,5.0,5.0,5.0,25.0,25.0,21.0,21.0,26.444444444444443,43.4,26.36105555555555,17.77777777777778,0.0
2025-10-03 22:01:54+00:00,33.776401348378926,-84.40739355062071,POINT (-84.40739355062071 33.776401348378926),6.0,7.0,6.0,7.0,5.0,5.0,5.0,5.0,25.0,25.0,21.0,21.0,26.444444444444443,43.4,26.36105555555555,17.77777777777778,0.0
2025-10-03 22:01:55+00:00,33.776393419308185,-84.40738628926118,POINT (-84.40738628926118 33.776393419308185),6.0,7.0,6.0,7.0,5.0,5.0,5.0,5.0,25.0,25.0,21.0,21.0,26.444444444444443,43.4,26.36105555555555,17.77777777777778,0.0
2025-10-03 22:01:56+00:00,33.77638395022297,-84.40737761757262,POINT (-84.40737761757262 33.77638395022297),6.0,7.0,6.0,7.0,5.0,5.0,5.0,5.0,25.0,25.0,21.0,21.0,26.444444444444443,43.4,26.36105555555555,17.77777777777778,0.0
2025-10-03 22:01:57+00:00,33.77636614559479,-84.40736131228155,POINT (-84.40736131228155 33.77636614559479),6.0,7.0,6.0,7.0,5.0,5.0,5.0,5.0,25.0,25.0,21.0,21.0,26.444444444444443,43.4,26.36105555555555,17.77777777777778,0.0
2025-10-03 22:01:58+00:00,33.776359395865974,-84.40735513095095,POINT (-84.40735513095095 33.776359395865974),6.0,7.0,6.0,7.0,5.0,5.0,5.0,5.0,25.0,25.0,21.0,21.0,26.444444444444443,43.5,26.362361111111106,17.77777777777778,0.0
2025-10-03 22:01:59+00:00,33.776352600337475,-84.40734890767747,POINT (-84.40734890767747 33.776352600337475),6.0,7.0,6.0,7.0,5.0,5.0,5.0,5.0,25.0,25.0,21.0,21.0,26.444444444444443,43.5,26.362361111111106,17.77777777777778,0.0
2025-10-03 22:02:00+00:00,33.776342180908756,-84.40733936567433,POINT (-84.40733936567433 33.776342180908756),6.0,7.0,6.0,7.0,5.0,5.0,5.0,5.0,25.0,25.0,21.0,21.0,26.444444444444443,43.5,26.362361111111106,17.77777777777778,0.0
2025-10-03 22:02:01+00:00,33.77633071953718,-84.40732886947089,POINT (-84.40732886947089 33.77633071953718),6.0,7.0,6.0,7.0,5.0,5.0,5.0,5.0,25.0,25.0,21.0,21.0,26.444444444444443,43.5,26.362361111111106,17.77777777777778,0.0
2025-10-03 22:02:02+00:00,33.77631921236592,-84.40731833132457,POINT (-84.40731833132457 33.77631921236592),6.0,7.0,6.0,7.0,5.0,5.0,5.0,5.0,25.0,25.0,21.0,21.0,26.444444444444443,43.5,26.362361111111106,17.77777777777778,0.0
2025-10-03 22:02:03+00:00,33.77630820326624,-84.40730824930698,POINT (-84.40730824930698 33.77630820326624),6.0,7.0,6.0,7.0,5.0,5.0,5.0,5.0,25.0,25.0,21.0,21.0,26.333333333333336,43.6,26.247,17.77777777777778,0.8
2025-10-03 22:02:04+00:00,33.776296650295286,-84.40729766921778,POINT (-84.40729766921778 33.776296650295286),6.0,7.0,6.0,7.0,5.0,5.0,5.0,5.0,25.0,25.0,21.0,21.0,26.333333333333336,43.6,26.247,17.77777777777778,0.8
2025-10-03 22:02:05+00:00,33.7762793437387,-84.40728182005545,POINT (-84.40728182005545 33.7762793437387),6.0,7.0,6.0,7.0,5.0,5.0,5.0,5.0,25.0,25.0,21.0,21.0,26.333333333333336,43.6,26.247,17.77777777777778,0.8
2025-10-03 22:02:06+00:00,33.77627304628179,-84.40727605291069,POINT (-84.40727605291069 33.77627304628179),6.0,7.0,6.0,7.0,5.0,5.0,5.0,5.0,25.0,25.0,21.0,21.0,26.333333333333336,43.6,26.247,17.77777777777778,0.8
2025-10-03 22:02:07+00:00,33.776253655839454,-84.40725829534772,POINT (-84.40725829534772 33.776253655839454),6.0,7.0,6.0,7.0,5.0,5.0,5.0,5.0,25.0,25.0,21.0,21.0,26.333333333333336,43.6,26.247,17.77777777777778,0.8
2025-10-03 22:02:08+00:00,33.77624581836808,-84.40725111787393,POINT (-84.40725111787393 33.77624581836808),5.0,6.0,5.0,6.0,5.0,5.0,5.0,5.0,21.0,21.0,21.0,21.0,26.22222222222222,43.7,26.131638888888883,17.72222222222222,0.9
2025-10-03 22:02:09+00:00,33.77623793509702,-84.40724389845728,POINT (-84.40724389845728 33.77623793509702),5.0,6.0,5.0,6.0,5.0,5.0,5.0,5.0,21.0,21.0,21.0,21.0,26.22222222222222,43.7,26.131638888888883,17.72222222222222,0.9
2025-10-03 22:02:10+00:00,33.77622692599734,-84.40723381643967,POINT (-84.40723381643967 33.77622692599734),5.0,6.0,5.0,6.0,5.0,5.0,5.0,5.0,21.0,21.0,21.0,21.0,26.22222222222222,43.7,26.131638888888883,17.72222222222222,0.9
2025-10-03 22:02:11+00:00,33.776214874954796,-84.40722278022176,POINT (-84.40722278022176 33.776214874954796),5.0,6.0,5.0,6.0,5.0,5.0,5.0,5.0,21.0,21.0,21.0,21.0,26.22222222222222,43.7,26.131638888888883,17.72222222222222,0.9
2025-10-03 22:02:12+00:00,33.77619657225503,-84.40720601880199,POINT (-84.40720601880199 33.77619657225503),5.0,6.0,5.0,6.0,5.0,5.0,5.0,5.0,21.0,21.0,21.0,21.0,26.22222222222222,43.7,26.131638888888883,17.72222222222222,0.9
2025-10-03 22:02:13+00:00,33.776188705882355,-84.40719482352942,POINT (-84.40719482352942 33.776188705882355),5.0,6.0,5.0,6.0,5.0,5.0,5.0,5.0,21.0,21.0,21.0,21.0,26.11111111111111,43.7,26.014972222222223,17.61111111111111,0.8
2025-10-03 22:02:14+00:00,33.77618664705882,-84.40718658823529,POINT (-84.40718658823529 33.77618664705882),5.0,6.0,5.0,6.0,5.0,5.0,5.0,5.0,21.0,21.0,21.0,21.0,26.11111111111111,43.7,26.014972222222223,17.61111111111111,0.8
2025-10-03 22:02:15+00:00,33.77618382352941,-84.40717529411765,POINT (-84.40717529411765 33.77618382352941),5.0,6.0,5.0,6.0,5.0,5.0,5.0,5.0,21.0,21.0,21.0,21.0,26.11111111111111,43.7,26.014972222222223,17.61111111111111,0.8
2025-10-03 22:02:16+00:00,33.77618158823529,-84.40716635294118,POINT (-84.40716635294118 33.77618158823529),5.0,6.0,5.0,6.0,5.0,5.0,5.0,5.0,21.0,21.0,21.0,21.0,26.11111111111111,43.7,26.014972222222223,17.61111111111111,0.8
2025-10-03 22:02:17+00:00,33.77618,-84.40716,POINT (-84.40716 33.77618),5.0,6.0,5.0,6.0,5.0,5.0,5.0,5.0,21.0,21.0,21.0,21.0,26.11111111111111,43.7,26.014972222222223,17.61111111111111,0.8
2025-10-03 22:02:18+00:00,33.7761814,-84.4071558,POINT (-84.4071558 33.7761814),5.0,6.0,5.0,6.0,5.0,5.0,5.0,5.0,21.0,21.0,21.0,21.0,26.055555555555557,43.7,25.95663888888889,17.61111111111111,0.9
2025-10-03 22:02:19+00:00,33.7761585,-84.4071195,POINT (-84.4071195 33.7761585),5.0,6.0,5.0,6.0,5.0,5.0,5.0,5.0,21.0,21.0,21.0,21.0,26.055555555555557,43.7,25.95663888888889,17.61111111111111,0.9
2025-10-03 22:02:20+00:00,33.7761468,-84.4071156,POINT (-84.4071156 33.7761468),5.0,6.0,5.0,6.0,5.0,5.0,5.0,5.0,21.0,21.0,21.0,21.0,26.055555555555557,43.7,25.95663888888889,17.61111111111111,0.9
2025-10-03 22:02:21+00:00,33.7761354,-84.4071118,POINT (-84.4071118 33.7761354),5.0,6.0,5.0,6.0,5.0,5.0,5.0,5.0,21.0,21.0,21.0,21.0,26.055555555555557,43.7,25.95663888888889,17.61111111111111,0.9
2025-10-03 22:02:22+00:00,33.7761255,-84.40710849999999,POINT (-84.40710849999999 33.7761255),5.0,6.0,5.0,6.0,5.0,5.0,5.0,5.0,21.0,21.0,21.0,21.0,26.055555555555557,43.7,25.95663888888889,17.61111111111111,0.9
2025-10-03 22:02:23+00:00,33.7761207,-84.4071069,POINT (-84.4071069 33.7761207),5.5,6.0,5.5,6.0,5.5,5.5,5.5,5.5,23.0,23.0,23.0,23.0,26.055555555555557,43.7,25.95663888888889,17.61111111111111,1.0
2025-10-03 22:02:24+00:00,33.7761186,-84.4071062,POINT (-84.4071062 33.7761186),5.5,6.0,5.5,6.0,5.5,5.5,5.5,5.5,23.0,23.0,23.0,23.0,26.055555555555557,43.7,25.95663888888889,17.61111111111111,1.0
2025-10-03 22:02:25+00:00,33.7761192,-84.4071064,POINT (-84.4071064 33.7761192),5.5,6.0,5.5,6.0,5.5,5.5,5.5,5.5,23.0,23.0,23.0,23.0,26.055555555555557,43.7,25.95663888888889,17.61111111111111,1.0
2025-10-03 22:02:26+00:00,33.7761189,-84.4071063,POINT (-84.4071063 33.7761189),5.5,6.0,5.5,6.0,5.5,5.5,5.5,5.5,23.0,23.0,23.0,23.0,26.055555555555557,43.7,25.95663888888889,17.61111111111111,1.0
2025-10-03 22:02:27+00:00,33.7761195,-84.4071065,POINT (-84.4071065 33.7761195),5.5,6.0,5.5,6.0,5.5,5.5,5.5,5.5,23.0,23.0,23.0,23.0,26.055555555555557,43.7,25.95663888888889,17.61111111111111,1.0
2025-10-03 22:02:28+00:00,33.776119200000004,-84.4071064,POINT (-84.4071064 33.776119200000004),5.5,6.0,5.5,6.0,5.5,5.5,5.5,5.5,23.0,23.0,23.0,23.0,26.055555555555557,43.9,25.959250000000004,17.61111111111111,0.0
2025-10-03 22:02:29+00:00,33.7761198,-84.40710659999999,POINT (-84.40710659999999 33.7761198),5.5,6.0,5.5,6.0,5.5,5.5,5.5,5.5,23.0,23.0,23.0,23.0,26.055555555555557,43.9,25.959250000000004,17.61111111111111,0.0
2025-10-03 22:02:30+00:00,33.77612010000001,-84.4071067,POINT (-84.4071067 33.77612010000001),5.5,6.0,5.5,6.0,5.5,5.5,5.5,5.5,23.0,23.0,23.0,23.0,26.055555555555557,43.9,25.959250000000004,17.61111111111111,0.0
2025-10-03 22:02:31+00:00,33.7761195,-84.4071065,POINT (-84.4071065 33.7761195),5.5,6.0,5.5,6.0,5.5,5.5,5.5,5.5,23.0,23.0,23.0,23.0,26.055555555555557,43.9,25.959250000000004,17.61111111111111,0.0
2025-10-03 22:02:32+00:00,33.776118600000004,-84.4071062,POINT (-84.4071062 33.776118600000004),5.5,6.0,5.5,6.0,5.5,5.5,5.5,5.5,23.0,23.0,23.0,23.0,26.055555555555557,43.9,25.959250000000004,17.61111111111111,0.0
2025-10-03 22:02:33+00:00,33.7761159,-84.4071053,POINT (-84.4071053 33.7761159),5.5,6.0,5.5,6.0,5.5,5.5,5.5,5.5,23.0,23.0,23.0,23.0,26.0,44.0,25.90222222222222,17.61111111111111,0.0
2025-10-03 22:02:34+00:00,33.7761108,-84.4071036,POINT (-84.4071036 33.7761108),5.5,6.0,5.5,6.0,5.5,5.5,5.5,5.5,23.0,23.0,23.0,23.0,26.0,44.0,25.90222222222222,17.61111111111111,0.0
2025-10-03 22:02:35+00:00,33.77609402752294,-84.40708009174313,POINT (-84.40708009174313 33.77609402752294),5.5,6.0,5.5,6.0,5.5,5.5,5.5,5.5,23.0,23.0,23.0,23.0,26.0,44.0,25.90222222222222,17.61111111111111,0.0
2025-10-03 22:02:36+00:00,33.776089871559634,-84.40706623853211,POINT (-84.40706623853211 33.776089871559634),5.5,6.0,5.5,6.0,5.5,5.5,5.5,5.5,23.0,23.0,23.0,23.0,26.0,44.0,25.90222222222222,17.61111111111111,0.0
2025-10-03 22:02:37+00:00,33.776085247706426,-84.40705082568807,POINT (-84.40705082568807 33.776085247706426),5.5,6.0,5.5,6.0,5.5,5.5,5.5,5.5,23.0,23.0,23.0,23.0,26.0,44.0,25.90222222222222,17.61111111111111,0.0
2025-10-03 22:02:38+00:00,33.77607999082569,-84.4070333027523,POINT (-84.4070333027523 33.77607999082569),6.0,7.0,6.0,7.0,3.5,3.5,3.5,3.5,25.0,25.0,15.0,15.0,26.11111111111111,44.2,26.021499999999993,17.72222222222222,0.9
2025-10-03 22:02:39+00:00,33.77607489908257,-84.40701633027524,POINT (-84.40701633027524 33.77607489908257),6.0,7.0,6.0,7.0,3.5,3.5,3.5,3.5,25.0,25.0,15.0,15.0,26.11111111111111,44.2,26.021499999999993,17.72222222222222,0.9
2025-10-03 22:02:40+00:00,33.77606988990826,-84.40699963302752,POINT (-84.40699963302752 33.77606988990826),6.0,7.0,6.0,7.0,3.5,3.5,3.5,3.5,25.0,25.0,15.0,15.0,26.11111111111111,44.2,26.021499999999993,17.72222222222222,0.9
2025-10-03 22:02:41+00:00,33.77606460550459,-84.40698201834861,POINT (-84.40698201834861 33.77606460550459),6.0,7.0,6.0,7.0,3.5,3.5,3.5,3.5,25.0,25.0,15.0,15.0,26.11111111111111,44.2,26.021499999999993,17.72222222222222,0.9
2025-10-03 22:02:42+00:00,33.77605959633028,-84.40696532110091,POINT (-84.40696532110091 33.77605959633028),6.0,7.0,6.0,7.0,3.5,3.5,3.5,3.5,25.0,25.0,15.0,15.0,26.11111111111111,44.2,26.021499999999993,17.72222222222222,0.9
2025-10-03 22:02:43+00:00,33.776052055045874,-84.40694018348624,POINT (-84.40694018348624 33.776052055045874),6.0,7.0,6.0,7.0,3.5,3.5,3.5,3.5,25.0,25.0,15.0,15.0,26.22222222222222,44.3,26.139472222222224,17.77777777777778,0.8
2025-10-03 22:02:44+00:00,33.77604952293578,-84.40693174311926,POINT (-84.40693174311926 33.77604952293578),6.0,7.0,6.0,7.0,3.5,3.5,3.5,3.5,25.0,25.0,15.0,15.0,26.22222222222222,44.3,26.139472222222224,17.77777777777778,0.8
2025-10-03 22:02:45+00:00,33.77604481651377,-84.40691605504587,POINT (-84.40691605504587 33.77604481651377),6.0,7.0,6.0,7.0,3.5,3.5,3.5,3.5,25.0,25.0,15.0,15.0,26.22222222222222,44.3,26.139472222222224,17.77777777777778,0.8
2025-10-03 22:02:46+00:00,33.7760403853211,-84.40690128440366,POINT (-84.40690128440366 33.7760403853211),6.0,7.0,6.0,7.0,3.5,3.5,3.5,3.5,25.0,25.0,15.0,15.0,26.22222222222222,44.3,26.139472222222224,17.77777777777778,0.8
2025-10-03 22:02:47+00:00,33.776033160000004,-84.40689087999999,POINT (-84.40689087999999 33.776033160000004),6.0,7.0,6.0,7.0,3.5,3.5,3.5,3.5,25.0,25.0,15.0,15.0,26.22222222222222,44.3,26.139472222222224,17.77777777777778,0.8
2025-10-03 22:02:48+00:00,33.77602452000001,-84.40687936,POINT (-84.40687936 33.77602452000001),6.0,7.0,6.0,7.0,3.5,3.5,3.5,3.5,25.0,25.0,15.0,15.0,26.055555555555557,44.3,25.964472222222227,17.72222222222222,0.0
2025-10-03 22:02:49+00:00,33.77601612,-84.40686816,POINT (-84.40686816 33.77601612),6.0,7.0,6.0,7.0,3.5,3.5,3.5,3.5,25.0,25.0,15.0,15.0,26.055555555555557,44.3,25.964472222222227,17.72222222222222,0.0
2025-10-03 22:02:50+00:00,33.77600832,-84.40685975999999,POINT (-84.40685975999999 33.77600832),6.0,7.0,6.0,7.0,3.5,3.5,3.5,3.5,25.0,25.0,15.0,15.0,26.055555555555557,44.3,25.964472222222227,17.72222222222222,0.0
2025-10-03 22:02:51+00:00,33.77599362,-84.40685766,POINT (-84.40685766 33.77599362),6.0,7.0,6.0,7.0,3.5,3.5,3.5,3.5,25.0,25.0,15.0,15.0,26.055555555555557,44.3,25.964472222222227,17.72222222222222,0.0
2025-10-03 22:02:52+00:00,33.77597822,-84.40685546,POINT (-84.40685546 33.77597822),6.0,7.0,6.0,7.0,3.5,3.5,3.5,3.5,25.0,25.0,15.0,15.0,26.055555555555557,44.3,25.964472222222227,17.72222222222222,0.0
2025-10-03 22:02:53+00:00,33.775952600000004,-84.4068518,POINT (-84.4068518 33.775952600000004),5.0,5.0,5.0,5.0,5.0,5.0,5.0,5.0,21.0,21.0,21.0,21.0,26.11111111111111,44.3,26.022805555555554,17.72222222222222,0.8
2025-10-03 22:02:54+00:00,33.775942380000004,-84.40685034,POINT (-84.40685034 33.775942380000004),5.0,5.0,5.0,5.0,5.0,5.0,5.0,5.0,21.0,21.0,21.0,21.0,26.11111111111111,44.3,26.022805555555554,17.72222222222222,0.8
2025-10-03 22:02:55+00:00,33.775932159999996,-84.40684888,POINT (-84.40684888 33.775932159999996),5.0,5.0,5.0,5.0,5.0,5.0,5.0,5.0,21.0,21.0,21.0,21.0,26.11111111111111,44.3,26.022805555555554,17.72222222222222,0.8
2025-10-03 22:02:56+00:00,33.775909340000005,-84.40684562,POINT (-84.40684562 33.775909340000005),5.0,5.0,5.0,5.0,5.0,5.0,5.0,5.0,21.0,21.0,21.0,21.0,26.11111111111111,44.3,26.022805555555554,17.72222222222222,0.8
2025-10-03 22:02:57+00:00,33.7759022,-84.4068446,POINT (-84.4068446 33.7759022),5.0,5.0,5.0,5.0,5.0,5.0,5.0,5.0,21.0,21.0,21.0,21.0,26.11111111111111,44.3,26.022805555555554,17.72222222222222,0.8
2025-10-03 22:02:58+00:00,33.7758798,-84.4068414,POINT (-84.4068414 33.7758798),5.0,5.0,5.0,5.0,5.0,5.0,5.0,5.0,21.0,21.0,21.0,21.0,26.166666666666664,44.3,26.08113888888888,17.77777777777778,0.9
2025-10-03 22:02:59+00:00,33.77587,-84.40684,POINT (-84.40684 33.77587),5.0,5.0,5.0,5.0,5.0,5.0,5.0,5.0,21.0,21.0,21.0,21.0,26.166666666666664,44.3,26.08113888888888,17.77777777777778,0.9
2025-10-03 22:03:00+00:00,33.77587,-84.40684,POINT (-84.40684 33.77587),5.0,5.0,5.0,5.0,5.0,5.0,5.0,5.0,21.0,21.0,21.0,21.0,26.166666666666664,44.3,26.08113888888888,17.77777777777778,0.9
2025-10-03 22:03:01+00:00,33.77585440000001,-84.4068452,POINT (-84.4068452 33.77585440000001),5.0,5.0,5.0,5.0,5.0,5.0,5.0,5.0,21.0,21.0,21.0,21.0,26.166666666666664,44.3,26.08113888888888,17.77777777777778,0.9
2025-10-03 22:03:02+00:00,33.775831405405405,-84.40684856756758,POINT (-84.40684856756758 33.775831405405405),5.0,5.0,5.0,5.0,5.0,5.0,5.0,5.0,21.0,21.0,21.0,21.0,26.166666666666664,44.3,26.08113888888888,17.77777777777778,0.9
2025-10-03 22:03:03+00:00,33.77581908108108,-84.40684651351351,POINT (-84.40684651351351 33.77581908108108),5.0,5.0,5.0,5.0,5.0,5.0,5.0,5.0,21.0,21.0,21.0,21.0,26.166666666666664,44.4,26.08244444444444,17.77777777777778,1.0
2025-10-03 22:03:04+00:00,33.775805297297296,-84.40684421621621,POINT (-84.40684421621621 33.775805297297296),5.0,5.0,5.0,5.0,5.0,5.0,5.0,5.0,21.0,21.0,21.0,21.0,26.166666666666664,44.4,26.08244444444444,17.77777777777778,1.0
2025-10-03 22:03:05+00:00,33.77579264864865,-84.40684210810811,POINT (-84.40684210810811 33.77579264864865),5.0,5.0,5.0,5.0,5.0,5.0,5.0,5.0,21.0,21.0,21.0,21.0,26.166666666666664,44.4,26.08244444444444,17.77777777777778,1.0
2025-10-03 22:03:06+00:00,33.775767661256175,-84.4068334368384,POINT (-84.4068334368384 33.775767661256175),5.0,5.0,5.0,5.0,5.0,5.0,5.0,5.0,21.0,21.0,21.0,21.0,26.166666666666664,44.4,26.08244444444444,17.77777777777778,1.0
2025-10-03 22:03:07+00:00,33.77576256986592,-84.40683072865208,POINT (-84.40683072865208 33.77576256986592),5.0,5.0,5.0,5.0,5.0,5.0,5.0,5.0,21.0,21.0,21.0,21.0,26.166666666666664,44.4,26.08244444444444,17.77777777777778,1.0
2025-10-03 22:03:08+00:00,33.775751193013406,-84.4068246771348,POINT (-84.4068246771348 33.775751193013406),5.0,5.0,5.0,5.0,5.0,6.5,5.0,6.5,21.0,21.0,21.0,21.0,26.22222222222222,44.6,26.143388888888886,17.88888888888889,0.9
2025-10-03 22:03:09+00:00,33.77573857233592,-84.40681796400847,POINT (-84.40681796400847 33.77573857233592),5.0,5.0,5.0,5.0,5.0,6.5,5.0,6.5,21.0,21.0,21.0,21.0,26.22222222222222,44.6,26.143388888888886,17.88888888888889,0.9
2025-10-03 22:03:10+00:00,33.77572631651376,-84.40681144495413,POINT (-84.40681144495413 33.77572631651376),5.0,5.0,5.0,5.0,5.0,6.5,5.0,6.5,21.0,21.0,21.0,21.0,26.22222222222222,44.6,26.143388888888886,17.88888888888889,0.9
2025-10-03 22:03:11+00:00,33.77570684650671,-84.4068010885674,POINT (-84.4068010885674 33.77570684650671),5.0,5.0,5.0,5.0,5.0,6.5,5.0,6.5,21.0,21.0,21.0,21.0,26.22222222222222,44.6,26.143388888888886,17.88888888888889,0.9
2025-10-03 22:03:12+00:00,33.77569885285815,-84.40679683662668,POINT (-84.40679683662668 33.77569885285815),5.0,5.0,5.0,5.0,5.0,6.5,5.0,6.5,21.0,21.0,21.0,21.0,26.22222222222222,44.6,26.143388888888886,17.88888888888889,0.9
2025-10-03 22:03:13+00:00,33.77569127381793,-84.40679280522231,POINT (-84.40679280522231 33.77569127381793),5.0,5.0,5.0,5.0,5.0,6.5,5.0,6.5,21.0,21.0,21.0,21.0,26.22222222222222,44.6,26.143388888888886,17.88888888888889,0.9
2025-10-03 22:03:14+00:00,33.77567886873677,-84.40678620677488,POINT (-84.40678620677488 33.77567886873677),5.0,5.0,5.0,5.0,5.0,6.5,5.0,6.5,21.0,21.0,21.0,21.0,26.22222222222222,44.6,26.143388888888886,17.88888888888889,0.9
2025-10-03 22:03:15+00:00,33.77566651340861,-84.40677963479182,POINT (-84.40677963479182 33.77566651340861),5.0,5.0,5.0,5.0,5.0,6.5,5.0,6.5,21.0,21.0,21.0,21.0,26.22222222222222,44.6,26.143388888888886,17.88888888888889,0.9
2025-10-03 22:03:16+00:00,33.775645583980236,-84.40676850211715,POINT (-84.40676850211715 33.775645583980236),5.0,5.0,5.0,5.0,5.0,6.5,5.0,6.5,21.0,21.0,21.0,21.0,26.22222222222222,44.6,26.143388888888886,17.88888888888889,0.9
2025-10-03 22:03:17+00:00,33.775637324982355,-84.40676410903318,POINT (-84.40676410903318 33.775637324982355),5.0,5.0,5.0,5.0,5.0,6.5,5.0,6.5,21.0,21.0,21.0,21.0,26.22222222222222,44.6,26.143388888888886,17.88888888888889,0.9
2025-10-03 22:03:18+00:00,33.7756294805928,-84.40675993648554,POINT (-84.40675993648554 33.7756294805928),5.0,5.0,5.0,5.0,5.0,6.5,5.0,6.5,21.0,21.0,21.0,21.0,26.22222222222222,44.6,26.143388888888886,18.000000000000004,0.9
2025-10-03 22:03:19+00:00,33.77561181827805,-84.40675054163727,POINT (-84.40675054163727 33.77561181827805),5.0,5.0,5.0,5.0,5.0,6.5,5.0,6.5,21.0,21.0,21.0,21.0,26.22222222222222,44.6,26.143388888888886,18.000000000000004,0.9
2025-10-03 22:03:20+00:00,33.77560594742414,-84.40674741884263,POINT (-84.40674741884263 33.77560594742414),5.0,5.0,5.0,5.0,5.0,6.5,5.0,6.5,21.0,21.0,21.0,21.0,26.22222222222222,44.6,26.143388888888886,18.000000000000004,0.9
2025-10-03 22:03:21+00:00,33.77558475264644,-84.40673614502471,POINT (-84.40673614502471 33.77558475264644),5.0,5.0,5.0,5.0,5.0,6.5,5.0,6.5,21.0,21.0,21.0,21.0,26.22222222222222,44.6,26.143388888888886,18.000000000000004,0.9
2025-10-03 22:03:22+00:00,33.775575714184896,-84.40673133733239,POINT (-84.40673133733239 33.775575714184896),5.0,5.0,5.0,5.0,5.0,6.5,5.0,6.5,21.0,21.0,21.0,21.0,26.22222222222222,44.6,26.143388888888886,18.000000000000004,0.9
2025-10-03 22:03:23+00:00,33.77556709033169,-84.40672675017643,POINT (-84.40672675017643 33.77556709033169),7.0,7.0,7.0,7.0,5.0,6.0,5.0,6.0,29.0,29.0,21.0,21.0,26.166666666666664,44.6,26.085055555555552,17.77777777777778,0.9
2025-10-03 22:03:24+00:00,33.77555373994355,-84.40671964890615,POINT (-84.40671964890615 33.77555373994355),7.0,7.0,7.0,7.0,5.0,6.0,5.0,6.0,29.0,29.0,21.0,21.0,26.166666666666664,44.6,26.085055555555552,17.77777777777778,0.9
2025-10-03 22:03:25+00:00,33.7755403398024,-84.4067125211715,POINT (-84.4067125211715 33.7755403398024),7.0,7.0,7.0,7.0,5.0,6.0,5.0,6.0,29.0,29.0,21.0,21.0,26.166666666666664,44.6,26.085055555555552,17.77777777777778,0.9
2025-10-03 22:03:26+00:00,33.77552771912491,-84.40670580804517,POINT (-84.40670580804517 33.77552771912491),7.0,7.0,7.0,7.0,5.0,6.0,5.0,6.0,29.0,29.0,21.0,21.0,26.166666666666664,44.6,26.085055555555552,17.77777777777778,0.9
2025-10-03 22:03:27+00:00,33.7755146838391,-84.4066988743825,POINT (-84.4066988743825 33.7755146838391),7.0,7.0,7.0,7.0,5.0,6.0,5.0,6.0,29.0,29.0,21.0,21.0,26.166666666666664,44.6,26.085055555555552,17.77777777777778,0.9
2025-10-03 22:03:28+00:00,33.77550206316161,-84.40669216125617,POINT (-84.40669216125617 33.77550206316161),7.0,7.0,7.0,7.0,5.0,6.0,5.0,6.0,29.0,29.0,21.0,21.0,26.11111111111111,44.5,26.025416666666665,17.77777777777778,0.9
2025-10-03 22:03:29+00:00,33.775483107268876,-84.40668207833451,POINT (-84.40668207833451 33.775483107268876),7.0,7.0,7.0,7.0,5.0,6.0,5.0,6.0,29.0,29.0,21.0,21.0,26.11111111111111,44.5,26.025416666666665,17.77777777777778,0.9
2025-10-03 22:03:30+00:00,33.7754764071983,-84.40667851446719,POINT (-84.40667851446719 33.7754764071983),7.0,7.0,7.0,7.0,5.0,6.0,5.0,6.0,29.0,29.0,21.0,21.0,26.11111111111111,44.5,26.025416666666665,17.77777777777778,0.9
2025-10-03 22:03:31+00:00,33.77546415137614,-84.40667199541285,POINT (-84.40667199541285 33.77546415137614),7.0,7.0,7.0,7.0,5.0,6.0,5.0,6.0,29.0,29.0,21.0,21.0,26.11111111111111,44.5,26.025416666666665,17.77777777777778,0.9
2025-10-03 22:03:32+00:00,33.775451895553985,-84.40666547635851,POINT (-84.40666547635851 33.775451895553985),7.0,7.0,7.0,7.0,5.0,6.0,5.0,6.0,29.0,29.0,21.0,21.0,26.11111111111111,44.5,26.025416666666665,17.77777777777778,0.9
2025-10-03 22:03:33+00:00,33.77543963973183,-84.40665895730417,POINT (-84.40665895730417 33.77543963973183),7.0,7.0,7.0,7.0,5.0,6.0,5.0,6.0,29.0,29.0,21.0,21.0,26.11111111111111,44.5,26.025416666666665,17.77777777777778,0.9
2025-10-03 22:03:34+00:00,33.77542779851799,-84.40665265878617,POINT (-84.40665265878617 33.77542779851799),7.0,7.0,7.0,7.0,5.0,6.0,5.0,6.0,29.0,29.0,21.0,21.0,26.11111111111111,44.5,26.025416666666665,17.77777777777778,0.9
2025-10-03 22:03:35+00:00,33.77541637191249,-84.40664658080452,POINT (-84.40664658080452 33.77541637191249),7.0,7.0,7.0,7.0,5.0,6.0,5.0,6.0,29.0,29.0,21.0,21.0,26.11111111111111,44.5,26.025416666666665,17.77777777777778,0.9
2025-10-03 22:03:36+00:00,33.77540375123501,-84.4066398676782,POINT (-84.4066398676782 33.77540375123501),7.0,7.0,7.0,7.0,5.0,6.0,5.0,6.0,29.0,29.0,21.0,21.0,26.11111111111111,44.5,26.025416666666665,17.77777777777778,0.9
2025-10-03 22:03:37+00:00,33.775390715949186,-84.40663293401553,POINT (-84.40663293401553 33.775390715949186),7.0,7.0,7.0,7.0,5.0,6.0,5.0,6.0,29.0,29.0,21.0,21.0,26.11111111111111,44.5,26.025416666666665,17.77777777777778,0.9
2025-10-03 22:03:38+00:00,33.77537768066337,-84.40662600035286,POINT (-84.40662600035286 33.77537768066337),7.0,7.0,7.0,7.0,5.0,5.0,5.0,5.0,29.0,29.0,21.0,21.0,26.055555555555557,44.4,25.965777777777785,17.72222222222222,0.9
2025-10-03 22:03:39+00:00,33.77535555716302,-84.40661423253353,POINT (-84.40661423253353 33.77535555716302),7.0,7.0,7.0,7.0,5.0,5.0,5.0,5.0,29.0,29.0,21.0,21.0,26.055555555555557,44.4,25.965777777777785,17.72222222222222,0.9
2025-10-03 22:03:40+00:00,33.77534766302047,-84.40661003352153,POINT (-84.40661003352153 33.77534766302047),7.0,7.0,7.0,7.0,5.0,5.0,5.0,5.0,29.0,29.0,21.0,21.0,26.055555555555557,44.4,25.965777777777785,17.72222222222222,0.9
2025-10-03 22:03:41+00:00,33.77533857480592,-84.40660519936486,POINT (-84.40660519936486 33.77533857480592),7.0,7.0,7.0,7.0,5.0,5.0,5.0,5.0,29.0,29.0,21.0,21.0,26.055555555555557,44.4,25.965777777777785,17.72222222222222,0.9
2025-10-03 22:03:42+00:00,33.77531883944954,-84.40659470183486,POINT (-84.40659470183486 33.77531883944954),7.0,7.0,7.0,7.0,5.0,5.0,5.0,5.0,29.0,29.0,21.0,21.0,26.055555555555557,44.4,25.965777777777785,17.72222222222222,0.9
2025-10-03 22:03:43+00:00,33.7753125539873,-84.40659135850389,POINT (-84.40659135850389 33.7753125539873),7.0,7.0,7.0,7.0,5.0,5.0,5.0,5.0,29.0,29.0,21.0,21.0,26.055555555555557,44.3,25.964472222222227,17.61111111111111,0.8
2025-10-03 22:03:44+00:00,33.775299153846156,-84.40658423076923,POINT (-84.40658423076923 33.775299153846156),7.0,7.0,7.0,7.0,5.0,5.0,5.0,5.0,29.0,29.0,21.0,21.0,26.055555555555557,44.3,25.964472222222227,17.61111111111111,0.8
2025-10-03 22:03:45+00:00,33.775286168313336,-84.40657732357093,POINT (-84.40657732357093 33.775286168313336),7.0,7.0,7.0,7.0,5.0,5.0,5.0,5.0,29.0,29.0,21.0,21.0,26.055555555555557,44.3,25.964472222222227,17.61111111111111,0.8
2025-10-03 22:03:46+00:00,33.77527313302752,-84.40657038990825,POINT (-84.40657038990825 33.77527313302752),7.0,7.0,7.0,7.0,5.0,5.0,5.0,5.0,29.0,29.0,21.0,21.0,26.055555555555557,44.3,25.964472222222227,17.61111111111111,0.8
2025-10-03 22:03:47+00:00,33.77525261820748,-84.40655947776993,POINT (-84.40655947776993 33.77525261820748),7.0,7.0,7.0,7.0,5.0,5.0,5.0,5.0,29.0,29.0,21.0,21.0,26.055555555555557,44.3,25.964472222222227,17.61111111111111,0.8
2025-10-03 22:03:48+00:00,33.77524591813691,-84.40655591390261,POINT (-84.40655591390261 33.77524591813691),7.0,7.0,7.0,7.0,5.0,5.0,5.0,5.0,29.0,29.0,21.0,21.0,26.0,44.2,25.90483333333334,17.61111111111111,1.0
2025-10-03 22:03:49+00:00,33.77523251799577,-84.40654878616796,POINT (-84.40654878616796 33.77523251799577),7.0,7.0,7.0,7.0,5.0,5.0,5.0,5.0,29.0,29.0,21.0,21.0,26.0,44.2,25.90483333333334,17.61111111111111,1.0
2025-10-03 22:03:50+00:00,33.77521953246295,-84.40654187896966,POINT (-84.40654187896966 33.77521953246295),7.0,7.0,7.0,7.0,5.0,5.0,5.0,5.0,29.0,29.0,21.0,21.0,26.0,44.2,25.90483333333334,17.61111111111111,1.0
2025-10-03 22:03:51+00:00,33.77520576746648,-84.40653455716303,POINT (-84.40653455716303 33.77520576746648),7.0,7.0,7.0,7.0,5.0,5.0,5.0,5.0,29.0,29.0,21.0,21.0,26.0,44.2,25.90483333333334,17.61111111111111,1.0
2025-10-03 22:03:52+00:00,33.77518608186309,-84.40652408609739,POINT (-84.40652408609739 33.77518608186309),7.0,7.0,7.0,7.0,5.0,5.0,5.0,5.0,29.0,29.0,21.0,21.0,26.0,44.2,25.90483333333334,17.61111111111111,1.0
2025-10-03 22:03:53+00:00,33.77517979640084,-84.4065207427664,POINT (-84.4065207427664 33.77517979640084),6.0,6.0,6.0,6.0,5.0,5.0,5.0,5.0,25.0,25.0,21.0,21.0,25.944444444444443,44.2,25.846499999999995,17.61111111111111,0.9
2025-10-03 22:03:54+00:00,33.77516598165138,-84.40651339449542,POINT (-84.40651339449542 33.77516598165138),6.0,6.0,6.0,6.0,5.0,5.0,5.0,5.0,25.0,25.0,21.0,21.0,25.944444444444443,44.2,25.846499999999995,17.61111111111111,0.9
2025-10-03 22:03:55+00:00,33.77515294636556,-84.40650646083274,POINT (-84.40650646083274 33.77515294636556),6.0,6.0,6.0,6.0,5.0,5.0,5.0,5.0,25.0,25.0,21.0,21.0,25.944444444444443,44.2,25.846499999999995,17.61111111111111,0.9
2025-10-03 22:03:56+00:00,33.77513913161609,-84.40649911256175,POINT (-84.40649911256175 33.77513913161609),6.0,6.0,6.0,6.0,5.0,5.0,5.0,5.0,25.0,25.0,21.0,21.0,25.944444444444443,44.2,25.846499999999995,17.61111111111111,0.9
2025-10-03 22:03:57+00:00,33.77511981086803,-84.4064888355681,POINT (-84.4064888355681 33.77511981086803),6.0,6.0,6.0,6.0,5.0,5.0,5.0,5.0,25.0,25.0,21.0,21.0,25.944444444444443,44.2,25.846499999999995,17.61111111111111,0.9
2025-10-03 22:03:58+00:00,33.775113110797456,-84.40648527170077,POINT (-84.40648527170077 33.775113110797456),6.0,6.0,6.0,6.0,5.0,5.0,5.0,5.0,25.0,25.0,21.0,21.0,25.888888888888886,44.3,25.789472222222216,17.61111111111111,0.9
2025-10-03 22:03:59+00:00,33.77510049011997,-84.40647855857445,POINT (-84.40647855857445 33.77510049011997),6.0,6.0,6.0,6.0,5.0,5.0,5.0,5.0,25.0,25.0,21.0,21.0,25.888888888888886,44.3,25.789472222222216,17.61111111111111,0.9
2025-10-03 22:04:00+00:00,33.77508828405081,-84.40647206598447,POINT (-84.40647206598447 33.77508828405081),6.0,6.0,6.0,6.0,5.0,5.0,5.0,5.0,25.0,25.0,21.0,21.0,25.888888888888886,44.3,25.789472222222216,17.61111111111111,0.9
2025-10-03 22:04:01+00:00,33.775074469301344,-84.40646471771348,POINT (-84.40646471771348 33.775074469301344),6.0,6.0,6.0,6.0,5.0,5.0,5.0,5.0,25.0,25.0,21.0,21.0,25.888888888888886,44.3,25.789472222222216,17.61111111111111,0.9
2025-10-03 22:04:02+00:00,33.77505312526464,-84.40645336450247,POINT (-84.40645336450247 33.77505312526464),6.0,6.0,6.0,6.0,5.0,5.0,5.0,5.0,25.0,25.0,21.0,21.0,25.888888888888886,44.3,25.789472222222216,17.61111111111111,0.9
2025-10-03 22:04:03+00:00,33.77504403705011,-84.4064485303458,POINT (-84.4064485303458 33.77504403705011),6.0,6.0,6.0,6.0,5.0,5.0,5.0,5.0,25.0,25.0,21.0,21.0,25.833333333333332,44.3,25.731138888888882,17.5,0.9
2025-10-03 22:04:04+00:00,33.77503572829922,-84.40644411079747,POINT (-84.40644411079747 33.77503572829922),6.0,6.0,6.0,6.0,5.0,5.0,5.0,5.0,25.0,25.0,21.0,21.0,25.833333333333332,44.3,25.731138888888882,17.5,0.9
2025-10-03 22:04:05+00:00,33.77502269301341,-84.40643717713479,POINT (-84.40643717713479 33.77502269301341),6.0,6.0,6.0,6.0,5.0,5.0,5.0,5.0,25.0,25.0,21.0,21.0,25.833333333333332,44.3,25.731138888888882,17.5,0.9
2025-10-03 22:04:06+00:00,33.775010072335924,-84.40643046400847,POINT (-84.40643046400847 33.775010072335924),6.0,6.0,6.0,6.0,5.0,5.0,5.0,5.0,25.0,25.0,21.0,21.0,25.833333333333332,44.3,25.731138888888882,17.5,0.9
2025-10-03 22:04:07+00:00,33.774987534227236,-84.40641847565279,POINT (-84.40641847565279 33.774987534227236),6.0,6.0,6.0,6.0,5.0,5.0,5.0,5.0,25.0,25.0,21.0,21.0,25.833333333333332,44.3,25.731138888888882,17.5,0.9
2025-10-03 22:04:08+00:00,33.77497964008469,-84.40641427664079,POINT (-84.40641427664079 33.77497964008469),6.0,6.0,6.0,6.0,5.0,5.0,5.0,5.0,25.0,25.0,21.0,21.0,25.833333333333332,44.3,25.731138888888882,17.61111111111111,0.9
2025-10-03 22:04:09+00:00,33.77497055187015,-84.40640944248412,POINT (-84.40640944248412 33.77497055187015),6.0,6.0,6.0,6.0,5.0,5.0,5.0,5.0,25.0,25.0,21.0,21.0,25.833333333333332,44.3,25.731138888888882,17.61111111111111,0.9
2025-10-03 22:04:10+00:00,33.77495793119266,-84.4064027293578,POINT (-84.4064027293578 33.77495793119266),6.0,6.0,6.0,6.0,5.0,5.0,5.0,5.0,25.0,25.0,21.0,21.0,25.833333333333332,44.3,25.731138888888882,17.61111111111111,0.9
2025-10-03 22:04:11+00:00,33.774944531051524,-84.40639560162315,POINT (-84.40639560162315 33.774944531051524),6.0,6.0,6.0,6.0,5.0,5.0,5.0,5.0,25.0,25.0,21.0,21.0,25.833333333333332,44.3,25.731138888888882,17.61111111111111,0.9
2025-10-03 22:04:12+00:00,33.77492365137615,-84.40638449541285,POINT (-84.40638449541285 33.77492365137615),6.0,6.0,6.0,6.0,5.0,5.0,5.0,5.0,25.0,25.0,21.0,21.0,25.833333333333332,44.3,25.731138888888882,17.61111111111111,0.9
2025-10-03 22:04:13+00:00,33.77491419830628,-84.4063794671842,POINT (-84.4063794671842 33.77491419830628),6.0,6.0,6.0,6.0,5.0,5.0,5.0,5.0,25.0,25.0,21.0,21.0,25.833333333333332,44.4,25.732444444444443,17.5,0.8
2025-10-03 22:04:14+00:00,33.7749059393084,-84.40637507410021,POINT (-84.40637507410021 33.7749059393084),6.0,6.0,6.0,6.0,5.0,5.0,5.0,5.0,25.0,25.0,21.0,21.0,25.833333333333332,44.4,25.732444444444443,17.5,0.8
2025-10-03 22:04:15+00:00,33.77488703316866,-84.40636501764291,POINT (-84.40636501764291 33.77488703316866),6.0,6.0,6.0,6.0,5.0,5.0,5.0,5.0,25.0,25.0,21.0,21.0,25.833333333333332,44.4,25.732444444444443,17.5,0.8
2025-10-03 22:04:16+00:00,33.77488074770642,-84.40636167431192,POINT (-84.40636167431192 33.77488074770642),6.0,6.0,6.0,6.0,5.0,5.0,5.0,5.0,25.0,25.0,21.0,21.0,25.833333333333332,44.4,25.732444444444443,17.5,0.8
2025-10-03 22:04:17+00:00,33.77486693295695,-84.40635432604093,POINT (-84.40635432604093 33.77486693295695),6.0,6.0,6.0,6.0,5.0,5.0,5.0,5.0,25.0,25.0,21.0,21.0,25.833333333333332,44.4,25.732444444444443,17.5,0.8
2025-10-03 22:04:18+00:00,33.774854312279466,-84.40634761291462,POINT (-84.40634761291462 33.774854312279466),6.0,6.0,6.0,6.0,5.0,5.0,5.0,5.0,25.0,25.0,21.0,21.0,25.833333333333332,44.5,25.73375,17.5,0.9
2025-10-03 22:04:19+00:00,33.77484205645731,-84.40634109386028,POINT (-84.40634109386028 33.77484205645731),6.0,6.0,6.0,6.0,5.0,5.0,5.0,5.0,25.0,25.0,21.0,21.0,25.833333333333332,44.5,25.73375,17.5,0.9
2025-10-03 22:04:20+00:00,33.77483214797687,-84.4063344381503,POINT (-84.4063344381503 33.77483214797687),6.0,6.0,6.0,6.0,5.0,5.0,5.0,5.0,25.0,25.0,21.0,21.0,25.833333333333332,44.5,25.73375,17.5,0.9
2025-10-03 22:04:21+00:00,33.77482038381503,-84.40632610520231,POINT (-84.40632610520231 33.77482038381503),6.0,6.0,6.0,6.0,5.0,5.0,5.0,5.0,25.0,25.0,21.0,21.0,25.833333333333332,44.5,25.73375,17.5,0.9
2025-10-03 22:04:22+00:00,33.77480054566474,-84.40631205317919,POINT (-84.40631205317919 33.77480054566474),6.0,6.0,6.0,6.0,5.0,5.0,5.0,5.0,25.0,25.0,21.0,21.0,25.833333333333332,44.5,25.73375,17.5,0.9
2025-10-03 22:04:23+00:00,33.77479266589595,-84.4063064716763,POINT (-84.4063064716763 33.77479266589595),5.0,5.0,5.0,5.0,5.0,6.0,5.0,6.0,21.0,21.0,21.0,21.0,25.72222222222222,44.6,25.61838888888889,17.5,1.2
2025-10-03 22:04:24+00:00,33.77478478612717,-84.40630089017341,POINT (-84.40630089017341 33.77478478612717),5.0,5.0,5.0,5.0,5.0,6.0,5.0,6.0,21.0,21.0,21.0,21.0,25.72222222222222,44.6,25.61838888888889,17.5,1.2
2025-10-03 22:04:25+00:00,33.77477349364162,-84.40629289132949,POINT (-84.40629289132949 33.77477349364162),5.0,5.0,5.0,5.0,5.0,6.0,5.0,6.0,21.0,21.0,21.0,21.0,25.72222222222222,44.6,25.61838888888889,17.5,1.2
2025-10-03 22:04:26+00:00,33.77476172947977,-84.4062845583815,POINT (-84.4062845583815 33.77476172947977),5.0,5.0,5.0,5.0,5.0,6.0,5.0,6.0,21.0,21.0,21.0,21.0,25.72222222222222,44.6,25.61838888888889,17.5,1.2
2025-10-03 22:04:27+00:00,33.774750436994225,-84.40627655953757,POINT (-84.40627655953757 33.774750436994225),5.0,5.0,5.0,5.0,5.0,6.0,5.0,6.0,21.0,21.0,21.0,21.0,25.72222222222222,44.6,25.61838888888889,17.5,1.2
2025-10-03 22:04:28+00:00,33.7747366751445,-84.4062668115607,POINT (-84.4062668115607 33.7747366751445),5.0,5.0,5.0,5.0,5.0,6.0,5.0,6.0,21.0,21.0,21.0,21.0,25.777777777777782,44.5,25.675416666666674,17.5,0.9
2025-10-03 22:04:29+00:00,33.77473240231214,-84.4062637849711,POINT (-84.4062637849711 33.77473240231214),5.0,5.0,5.0,5.0,5.0,6.0,5.0,6.0,21.0,21.0,21.0,21.0,25.777777777777782,44.5,25.675416666666674,17.5,0.9
2025-10-03 22:04:30+00:00,33.77471428439306,-84.40625095144509,POINT (-84.40625095144509 33.77471428439306),5.0,5.0,5.0,5.0,5.0,6.0,5.0,6.0,21.0,21.0,21.0,21.0,25.777777777777782,44.5,25.675416666666674,17.5,0.9
2025-10-03 22:04:31+00:00,33.774705655491324,-84.40624483930635,POINT (-84.40624483930635 33.774705655491324),5.0,5.0,5.0,5.0,5.0,6.0,5.0,6.0,21.0,21.0,21.0,21.0,25.777777777777782,44.5,25.675416666666674,17.5,0.9
2025-10-03 22:04:32+00:00,33.77469588901734,-84.40623792138729,POINT (-84.40623792138729 33.77469588901734),5.0,5.0,5.0,5.0,5.0,6.0,5.0,6.0,21.0,21.0,21.0,21.0,25.777777777777782,44.5,25.675416666666674,17.5,0.9
2025-10-03 22:04:33+00:00,33.774687260115606,-84.40623180924855,POINT (-84.40623180924855 33.774687260115606),5.0,5.0,5.0,5.0,5.0,6.0,5.0,6.0,21.0,21.0,21.0,21.0,25.72222222222222,44.6,25.61838888888889,17.5,0.8
2025-10-03 22:04:34+00:00,33.77467796531791,-84.40622522543353,POINT (-84.40622522543353 33.77467796531791),5.0,5.0,5.0,5.0,5.0,6.0,5.0,6.0,21.0,21.0,21.0,21.0,25.72222222222222,44.6,25.61838888888889,17.5,0.8
2025-10-03 22:04:35+00:00,33.774655685549135,-84.40620944393063,POINT (-84.40620944393063 33.774655685549135),5.0,5.0,5.0,5.0,5.0,6.0,5.0,6.0,21.0,21.0,21.0,21.0,25.72222222222222,44.6,25.61838888888889,17.5,0.8
2025-10-03 22:04:36+00:00,33.77464544739884,-84.40620219190751,POINT (-84.40620219190751 33.77464544739884),5.0,5.0,5.0,5.0,5.0,6.0,5.0,6.0,21.0,21.0,21.0,21.0,25.72222222222222,44.6,25.61838888888889,17.5,0.8
2025-10-03 22:04:37+00:00,33.77463568092486,-84.40619527398844,POINT (-84.40619527398844 33.77463568092486),5.0,5.0,5.0,5.0,5.0,6.0,5.0,6.0,21.0,21.0,21.0,21.0,25.72222222222222,44.6,25.61838888888889,17.5,0.8
2025-10-03 22:04:38+00:00,33.774625442774564,-84.40618802196532,POINT (-84.40618802196532 33.774625442774564),,,,,,,,,,,,,25.777777777777782,44.7,25.67802777777778,17.61111111111111,1.4
2025-10-03 22:04:39+00:00,33.77461567630058,-84.40618110404624,POINT (-84.40618110404624 33.77461567630058),,,,,,,,,,,,,25.777777777777782,44.7,25.67802777777778,17.61111111111111,1.4
2025-10-03 22:04:40+00:00,33.77460296878613,-84.40617210289018,POINT (-84.40617210289018 33.77460296878613),,,,,,,,,,,,,25.777777777777782,44.7,25.67802777777778,17.61111111111111,1.4
2025-10-03 22:04:41+00:00,33.7745945,-84.4061645,POINT (-84.4061645 33.7745945),,,,,,,,,,,,,25.777777777777782,44.7,25.67802777777778,17.61111111111111,1.4
2025-10-03 22:04:42+00:00,33.774583,-84.406153,POINT (-84.406153 33.774583),,,,,,,,,,,,,25.777777777777782,44.7,25.67802777777778,17.61111111111111,1.4
2025-10-03 22:04:43+00:00,33.774567,-84.406137,POINT (-84.406137 33.774567),,,,,,,,,,,,,25.833333333333332,44.7,25.736361111111105,17.61111111111111,1.2
2025-10-03 22:04:44+00:00,33.774561999999996,-84.406132,POINT (-84.406132 33.774561999999996),,,,,,,,,,,,,25.833333333333332,44.7,25.736361111111105,17.61111111111111,1.2
2025-10-03 22:04:45+00:00,33.774550999999995,-84.406121,POINT (-84.406121 33.774550999999995),,,,,,,,,,,,,25.833333333333332,44.7,25.736361111111105,17.61111111111111,1.2
2025-10-03 22:04:46+00:00,33.7745405,-84.4061105,POINT (-84.4061105 33.7745405),,,,,,,,,,,,,25.833333333333332,44.7,25.736361111111105,17.61111111111111,1.2
2025-10-03 22:04:47+00:00,33.77453,-84.4061,POINT (-84.4061 33.77453),,,,,,,,,,,,,25.833333333333332,44.7,25.736361111111105,17.61111111111111,1.2
2025-10-03 22:04:48+00:00,33.774513999999996,-84.40608399999999,POINT (-84.40608399999999 33.774513999999996),,,,,,,,,,,,,25.72222222222222,44.6,25.61838888888889,17.5,1.3
2025-10-03 22:04:49+00:00,33.774509,-84.406079,POINT (-84.406079 33.774509),,,,,,,,,,,,,25.72222222222222,44.6,25.61838888888889,17.5,1.3
2025-10-03 22:04:50+00:00,33.774499,-84.406069,POINT (-84.406069 33.774499),,,,,,,,,,,,,25.72222222222222,44.6,25.61838888888889,17.5,1.3
2025-10-03 22:04:51+00:00,33.774488500000004,-84.4060585,POINT (-84.4060585 33.774488500000004),,,,,,,,,,,,,25.72222222222222,44.6,25.61838888888889,17.5,1.3
2025-10-03 22:04:52+00:00,33.7744785,-84.4060485,POINT (-84.4060485 33.7744785),,,,,,,,,,,,,25.72222222222222,44.6,25.61838888888889,17.5,1.3
2025-10-03 22:04:53+00:00,33.7744675,-84.4060375,POINT (-84.4060375 33.7744675),5.5,5.5,5.5,5.5,5.0,5.0,5.0,5.0,23.0,23.0,21.0,21.0,25.72222222222222,44.6,25.61838888888889,17.5,0.9
2025-10-03 22:04:54+00:00,33.774457000000005,-84.40602700000001,POINT (-84.40602700000001 33.774457000000005),5.5,5.5,5.5,5.5,5.0,5.0,5.0,5.0,23.0,23.0,21.0,21.0,25.72222222222222,44.6,25.61838888888889,17.5,0.9
2025-10-03 22:04:55+00:00,33.77444863716814,-84.40601844247787,POINT (-84.40601844247787 33.77444863716814),5.5,5.5,5.5,5.5,5.0,5.0,5.0,5.0,23.0,23.0,21.0,21.0,25.72222222222222,44.6,25.61838888888889,17.5,0.9
2025-10-03 22:04:56+00:00,33.7744384778761,-84.4060068318584,POINT (-84.4060068318584 33.7744384778761),5.5,5.5,5.5,5.5,5.0,5.0,5.0,5.0,23.0,23.0,21.0,21.0,25.72222222222222,44.6,25.61838888888889,17.5,0.9
2025-10-03 22:04:57+00:00,33.77442831858407,-84.40599522123894,POINT (-84.40599522123894 33.77442831858407),5.5,5.5,5.5,5.5,5.0,5.0,5.0,5.0,23.0,23.0,21.0,21.0,25.72222222222222,44.6,25.61838888888889,17.5,0.9
2025-10-03 22:04:58+00:00,33.77441128318584,-84.4059757522124,POINT (-84.4059757522124 33.77441128318584),5.5,5.5,5.5,5.5,5.0,5.0,5.0,5.0,23.0,23.0,21.0,21.0,25.555555555555557,44.7,25.444694444444444,17.38888888888889,1.1
2025-10-03 22:04:59+00:00,33.774404345132744,-84.40596782300885,POINT (-84.40596782300885 33.774404345132744),5.5,5.5,5.5,5.5,5.0,5.0,5.0,5.0,23.0,23.0,21.0,21.0,25.555555555555557,44.7,25.444694444444444,17.38888888888889,1.1
2025-10-03 22:05:00+00:00,33.774397469026546,-84.40595996460176,POINT (-84.40595996460176 33.774397469026546),5.5,5.5,5.5,5.5,5.0,5.0,5.0,5.0,23.0,23.0,21.0,21.0,25.555555555555557,44.7,25.444694444444444,17.38888888888889,1.1
2025-10-03 22:05:01+00:00,33.7743822300885,-84.40594254867257,POINT (-84.40594254867257 33.7743822300885),5.5,5.5,5.5,5.5,5.0,5.0,5.0,5.0,23.0,23.0,21.0,21.0,25.555555555555557,44.7,25.444694444444444,17.38888888888889,1.1
2025-10-03 22:05:02+00:00,33.77437671681416,-84.40593624778761,POINT (-84.40593624778761 33.77437671681416),5.5,5.5,5.5,5.5,5.0,5.0,5.0,5.0,23.0,23.0,21.0,21.0,25.555555555555557,44.7,25.444694444444444,17.38888888888889,1.1
2025-10-03 22:05:03+00:00,33.774359061946896,-84.40591607079645,POINT (-84.40591607079645 33.774359061946896),5.5,5.5,5.5,5.5,5.0,5.0,5.0,5.0,23.0,23.0,21.0,21.0,25.555555555555557,44.7,25.444694444444444,17.27777777777778,1.5
2025-10-03 22:05:04+00:00,33.774351566371685,-84.40590750442479,POINT (-84.40590750442479 33.774351566371685),5.5,5.5,5.5,5.5,5.0,5.0,5.0,5.0,23.0,23.0,21.0,21.0,25.555555555555557,44.7,25.444694444444444,17.27777777777778,1.5
2025-10-03 22:05:05+00:00,33.774344566371674,-84.40589950442478,POINT (-84.40589950442478 33.774344566371674),5.5,5.5,5.5,5.5,5.0,5.0,5.0,5.0,23.0,23.0,21.0,21.0,25.555555555555557,44.7,25.444694444444444,17.27777777777778,1.5
2025-10-03 22:05:06+00:00,33.774328584070794,-84.40588123893805,POINT (-84.40588123893805 33.774328584070794),5.5,5.5,5.5,5.5,5.0,5.0,5.0,5.0,23.0,23.0,21.0,21.0,25.555555555555557,44.7,25.444694444444444,17.27777777777778,1.5
2025-10-03 22:05:07+00:00,33.774323380530966,-84.40587529203539,POINT (-84.40587529203539 33.774323380530966),5.5,5.5,5.5,5.5,5.0,5.0,5.0,5.0,23.0,23.0,21.0,21.0,25.555555555555557,44.7,25.444694444444444,17.27777777777778,1.5
2025-10-03 22:05:08+00:00,33.77430869653179,-84.40585822254336,POINT (-84.40585822254336 33.77430869653179),5.0,5.0,5.0,5.0,5.0,5.0,5.0,5.0,21.0,21.0,21.0,21.0,25.444444444444443,44.6,25.32672222222222,17.22222222222222,1.5
2025-10-03 22:05:09+00:00,33.77430217919075,-84.40584933526011,POINT (-84.40584933526011 33.77430217919075),5.0,5.0,5.0,5.0,5.0,5.0,5.0,5.0,21.0,21.0,21.0,21.0,25.444444444444443,44.6,25.32672222222222,17.22222222222222,1.5
2025-10-03 22:05:10+00:00,33.774295789017344,-84.40584062138728,POINT (-84.40584062138728 33.774295789017344),5.0,5.0,5.0,5.0,5.0,5.0,5.0,5.0,21.0,21.0,21.0,21.0,25.444444444444443,44.6,25.32672222222222,17.22222222222222,1.5
2025-10-03 22:05:11+00:00,33.774286442196534,-84.40582787572255,POINT (-84.40582787572255 33.774286442196534),5.0,5.0,5.0,5.0,5.0,5.0,5.0,5.0,21.0,21.0,21.0,21.0,25.444444444444443,44.6,25.32672222222222,17.22222222222222,1.5
2025-10-03 22:05:12+00:00,33.774277572254334,-84.40581578034681,POINT (-84.40581578034681 33.774277572254334),5.0,5.0,5.0,5.0,5.0,5.0,5.0,5.0,21.0,21.0,21.0,21.0,25.444444444444443,44.6,25.32672222222222,17.22222222222222,1.5
2025-10-03 22:05:13+00:00,33.77426847976878,-84.40580338150289,POINT (-84.40580338150289 33.77426847976878),5.0,5.0,5.0,5.0,5.0,5.0,5.0,5.0,21.0,21.0,21.0,21.0,25.444444444444443,44.7,25.32802777777778,17.22222222222222,1.1
2025-10-03 22:05:14+00:00,33.774259864161856,-84.40579163294798,POINT (-84.40579163294798 33.774259864161856),5.0,5.0,5.0,5.0,5.0,5.0,5.0,5.0,21.0,21.0,21.0,21.0,25.444444444444443,44.7,25.32802777777778,17.22222222222222,1.1
2025-10-03 22:05:15+00:00,33.77425042196532,-84.40577875722543,POINT (-84.40577875722543 33.77425042196532),5.0,5.0,5.0,5.0,5.0,5.0,5.0,5.0,21.0,21.0,21.0,21.0,25.444444444444443,44.7,25.32802777777778,17.22222222222222,1.1
2025-10-03 22:05:16+00:00,33.774234716763004,-84.40575734104046,POINT (-84.40575734104046 33.774234716763004),5.0,5.0,5.0,5.0,5.0,5.0,5.0,5.0,21.0,21.0,21.0,21.0,25.444444444444443,44.7,25.32802777777778,17.22222222222222,1.1
2025-10-03 22:05:17+00:00,33.774228580924856,-84.40574897398844,POINT (-84.40574897398844 33.774228580924856),5.0,5.0,5.0,5.0,5.0,5.0,5.0,5.0,21.0,21.0,21.0,21.0,25.444444444444443,44.7,25.32802777777778,17.22222222222222,1.1
2025-10-03 22:05:18+00:00,33.774222317919076,-84.40574043352602,POINT (-84.40574043352602 33.774222317919076),5.0,5.0,5.0,5.0,5.0,5.0,5.0,5.0,21.0,21.0,21.0,21.0,25.38888888888889,44.8,25.270999999999997,17.22222222222222,1.0
2025-10-03 22:05:19+00:00,33.774208138728326,-84.4057210982659,POINT (-84.4057210982659 33.774208138728326),5.0,5.0,5.0,5.0,5.0,5.0,5.0,5.0,21.0,21.0,21.0,21.0,25.38888888888889,44.8,25.270999999999997,17.22222222222222,1.0
2025-10-03 22:05:20+00:00,33.77420352890174,-84.40571481213873,POINT (-84.40571481213873 33.77420352890174),5.0,5.0,5.0,5.0,5.0,5.0,5.0,5.0,21.0,21.0,21.0,21.0,25.38888888888889,44.8,25.270999999999997,17.22222222222222,1.0
2025-10-03 22:05:21+00:00,33.774196824253075,-84.4057051142355,POINT (-84.4057051142355 33.774196824253075),5.0,5.0,5.0,5.0,5.0,5.0,5.0,5.0,21.0,21.0,21.0,21.0,25.38888888888889,44.8,25.270999999999997,17.22222222222222,1.0
2025-10-03 22:05:22+00:00,33.77418821089631,-84.4056918629174,POINT (-84.4056918629174 33.77418821089631),5.0,5.0,5.0,5.0,5.0,5.0,5.0,5.0,21.0,21.0,21.0,21.0,25.38888888888889,44.8,25.270999999999997,17.22222222222222,1.0
2025-10-03 22:05:23+00:00,33.77417914059754,-84.4056779086116,POINT (-84.4056779086116 33.77417914059754),5.0,5.0,5.0,5.0,5.0,5.0,5.0,5.0,21.0,21.0,21.0,21.0,25.38888888888889,44.9,25.272305555555555,17.22222222222222,1.2
2025-10-03 22:05:24+00:00,33.77416961335677,-84.4056632513181,POINT (-84.4056632513181 33.77416961335677),5.0,5.0,5.0,5.0,5.0,5.0,5.0,5.0,21.0,21.0,21.0,21.0,25.38888888888889,44.9,25.272305555555555,17.22222222222222,1.2
2025-10-03 22:05:25+00:00,33.774160840070294,-84.40564975395431,POINT (-84.40564975395431 33.774160840070294),5.0,5.0,5.0,5.0,5.0,5.0,5.0,5.0,21.0,21.0,21.0,21.0,25.38888888888889,44.9,25.272305555555555,17.22222222222222,1.2
2025-10-03 22:05:26+00:00,33.774146469244286,-84.40562764499121,POINT (-84.40562764499121 33.774146469244286),5.0,5.0,5.0,5.0,5.0,5.0,5.0,5.0,21.0,21.0,21.0,21.0,25.38888888888889,44.9,25.272305555555555,17.22222222222222,1.2
2025-10-03 22:05:27+00:00,33.77414057469244,-84.40561857644991,POINT (-84.40561857644991 33.77414057469244),5.0,5.0,5.0,5.0,5.0,5.0,5.0,5.0,21.0,21.0,21.0,21.0,25.38888888888889,44.9,25.272305555555555,17.22222222222222,1.2
2025-10-03 22:05:28+00:00,33.7741349771529,-84.40560996485061,POINT (-84.40560996485061 33.7741349771529),5.0,5.0,5.0,5.0,5.0,5.0,5.0,5.0,21.0,21.0,21.0,21.0,25.38888888888889,45.0,25.273611111111116,17.22222222222222,1.0
2025-10-03 22:05:29+00:00,33.774125906854124,-84.40559601054481,POINT (-84.40559601054481 33.774125906854124),5.0,5.0,5.0,5.0,5.0,5.0,5.0,5.0,21.0,21.0,21.0,21.0,25.38888888888889,45.0,25.273611111111116,17.22222222222222,1.0
2025-10-03 22:05:30+00:00,33.77411759050967,-84.40558321616872,POINT (-84.40558321616872 33.77411759050967),5.0,5.0,5.0,5.0,5.0,5.0,5.0,5.0,21.0,21.0,21.0,21.0,25.38888888888889,45.0,25.273611111111116,17.22222222222222,1.0
2025-10-03 22:05:31+00:00,33.7741088172232,-84.40556971880493,POINT (-84.40556971880493 33.7741088172232),5.0,5.0,5.0,5.0,5.0,5.0,5.0,5.0,21.0,21.0,21.0,21.0,25.38888888888889,45.0,25.273611111111116,17.22222222222222,1.0
2025-10-03 22:05:32+00:00,33.774100181019335,-84.40555643233743,POINT (-84.40555643233743 33.774100181019335),5.0,5.0,5.0,5.0,5.0,5.0,5.0,5.0,21.0,21.0,21.0,21.0,25.38888888888889,45.0,25.273611111111116,17.22222222222222,1.0
2025-10-03 22:05:33+00:00,33.77409108787346,-84.40554244288225,POINT (-84.40554244288225 33.77409108787346),5.0,5.0,5.0,5.0,5.0,5.0,5.0,5.0,21.0,21.0,21.0,21.0,25.444444444444443,45.1,25.333250000000003,17.27777777777778,1.0
2025-10-03 22:05:34+00:00,33.77407758523726,-84.40552166959579,POINT (-84.40552166959579 33.77407758523726),5.0,5.0,5.0,5.0,5.0,5.0,5.0,5.0,21.0,21.0,21.0,21.0,25.444444444444443,45.1,25.333250000000003,17.27777777777778,1.0
2025-10-03 22:05:35+00:00,33.77407303866432,-84.40551467486819,POINT (-84.40551467486819 33.77407303866432),5.0,5.0,5.0,5.0,5.0,5.0,5.0,5.0,21.0,21.0,21.0,21.0,25.444444444444443,45.1,25.333250000000003,17.27777777777778,1.0
2025-10-03 22:05:36+00:00,33.774067910958905,-84.40550540410959,POINT (-84.40550540410959 33.774067910958905),5.0,5.0,5.0,5.0,5.0,5.0,5.0,5.0,21.0,21.0,21.0,21.0,25.444444444444443,45.1,25.333250000000003,17.27777777777778,1.0
2025-10-03 22:05:37+00:00,33.77406044520548,-84.40548897945206,POINT (-84.40548897945206 33.77406044520548),5.0,5.0,5.0,5.0,5.0,5.0,5.0,5.0,21.0,21.0,21.0,21.0,25.444444444444443,45.1,25.333250000000003,17.27777777777778,1.0
2025-10-03 22:05:38+00:00,33.77405280821918,-84.40547217808219,POINT (-84.40547217808219 33.77405280821918),7.0,8.0,7.0,8.0,6.0,6.0,6.0,6.0,29.0,29.0,25.0,25.0,25.500000000000004,45.2,25.39288888888889,17.38888888888889,1.0
2025-10-03 22:05:39+00:00,33.77404071917808,-84.40544558219179,POINT (-84.40544558219179 33.77404071917808),7.0,8.0,7.0,8.0,6.0,6.0,6.0,6.0,29.0,29.0,25.0,25.0,25.500000000000004,45.2,25.39288888888889,17.38888888888889,1.0
2025-10-03 22:05:40+00:00,33.774036267123286,-84.40543578767124,POINT (-84.40543578767124 33.774036267123286),7.0,8.0,7.0,8.0,6.0,6.0,6.0,6.0,29.0,29.0,25.0,25.0,25.500000000000004,45.2,25.39288888888889,17.38888888888889,1.0
2025-10-03 22:05:41+00:00,33.77403143835617,-84.40542516438356,POINT (-84.40542516438356 33.77403143835617),7.0,8.0,7.0,8.0,6.0,6.0,6.0,6.0,29.0,29.0,25.0,25.0,25.500000000000004,45.2,25.39288888888889,17.38888888888889,1.0
2025-10-03 22:05:42+00:00,33.77402417808219,-84.40540919178082,POINT (-84.40540919178082 33.77402417808219),7.0,8.0,7.0,8.0,6.0,6.0,6.0,6.0,29.0,29.0,25.0,25.0,25.500000000000004,45.2,25.39288888888889,17.38888888888889,1.0
2025-10-03 22:05:43+00:00,33.77401712328767,-84.40539367123287,POINT (-84.40539367123287 33.77401712328767),7.0,8.0,7.0,8.0,6.0,6.0,6.0,6.0,29.0,29.0,25.0,25.0,25.500000000000004,45.3,25.394194444444448,17.38888888888889,0.9
2025-10-03 22:05:44+00:00,33.77400503424658,-84.40536707534247,POINT (-84.40536707534247 33.77400503424658),7.0,8.0,7.0,8.0,6.0,6.0,6.0,6.0,29.0,29.0,25.0,25.0,25.500000000000004,45.3,25.394194444444448,17.38888888888889,0.9
2025-10-03 22:05:45+00:00,33.77400037671233,-84.40535682876713,POINT (-84.40535682876713 33.77400037671233),7.0,8.0,7.0,8.0,6.0,6.0,6.0,6.0,29.0,29.0,25.0,25.0,25.500000000000004,45.3,25.394194444444448,17.38888888888889,0.9
2025-10-03 22:05:46+00:00,33.773995547945205,-84.40534620547945,POINT (-84.40534620547945 33.773995547945205),7.0,8.0,7.0,8.0,6.0,6.0,6.0,6.0,29.0,29.0,25.0,25.0,25.500000000000004,45.3,25.394194444444448,17.38888888888889,0.9
2025-10-03 22:05:47+00:00,33.77398493150685,-84.40532284931507,POINT (-84.40532284931507 33.77398493150685),7.0,8.0,7.0,8.0,6.0,6.0,6.0,6.0,29.0,29.0,25.0,25.0,25.500000000000004,45.3,25.394194444444448,17.38888888888889,0.9
2025-10-03 22:05:48+00:00,33.77398140410959,-84.4053150890411,POINT (-84.4053150890411 33.77398140410959),7.0,8.0,7.0,8.0,6.0,6.0,6.0,6.0,29.0,29.0,25.0,25.0,25.555555555555557,45.5,25.45513888888889,17.5,0.9
2025-10-03 22:05:49+00:00,33.77396910958904,-84.40528804109589,POINT (-84.40528804109589 33.77396910958904),7.0,8.0,7.0,8.0,6.0,6.0,6.0,6.0,29.0,29.0,25.0,25.0,25.555555555555557,45.5,25.45513888888889,17.5,0.9
2025-10-03 22:05:50+00:00,33.77396390410959,-84.4052765890411,POINT (-84.4052765890411 33.77396390410959),7.0,8.0,7.0,8.0,6.0,6.0,6.0,6.0,29.0,29.0,25.0,25.0,25.555555555555557,45.5,25.45513888888889,17.5,0.9
2025-10-03 22:05:51+00:00,33.773958869863016,-84.40526551369864,POINT (-84.40526551369864 33.773958869863016),7.0,8.0,7.0,8.0,6.0,6.0,6.0,6.0,29.0,29.0,25.0,25.0,25.555555555555557,45.5,25.45513888888889,17.5,0.9
2025-10-03 22:05:52+00:00,33.77395123287672,-84.40524871232877,POINT (-84.40524871232877 33.77395123287672),7.0,8.0,7.0,8.0,6.0,6.0,6.0,6.0,29.0,29.0,25.0,25.0,25.555555555555557,45.5,25.45513888888889,17.5,0.9
2025-10-03 22:05:53+00:00,33.77394359589041,-84.4052319109589,POINT (-84.4052319109589 33.77394359589041),7.0,7.0,7.0,7.0,5.0,5.0,5.0,5.0,29.0,29.0,21.0,21.0,25.500000000000004,45.5,25.396805555555552,17.5,0.9
2025-10-03 22:05:54+00:00,33.77393095890411,-84.40520410958904,POINT (-84.40520410958904 33.77393095890411),7.0,7.0,7.0,7.0,5.0,5.0,5.0,5.0,29.0,29.0,21.0,21.0,25.500000000000004,45.5,25.396805555555552,17.5,0.9
2025-10-03 22:05:55+00:00,33.77392558219178,-84.40519228082191,POINT (-84.40519228082191 33.77392558219178),7.0,7.0,7.0,7.0,5.0,5.0,5.0,5.0,29.0,29.0,21.0,21.0,25.500000000000004,45.5,25.396805555555552,17.5,0.9
2025-10-03 22:05:56+00:00,33.77392037671233,-84.40518082876712,POINT (-84.40518082876712 33.77392037671233),7.0,7.0,7.0,7.0,5.0,5.0,5.0,5.0,29.0,29.0,21.0,21.0,25.500000000000004,45.5,25.396805555555552,17.5,0.9
2025-10-03 22:05:57+00:00,33.77390832191781,-84.40515430821918,POINT (-84.40515430821918 33.77390832191781),7.0,7.0,7.0,7.0,5.0,5.0,5.0,5.0,29.0,29.0,21.0,21.0,25.500000000000004,45.5,25.396805555555552,17.5,0.9
2025-10-03 22:05:58+00:00,33.77390424657535,-84.40514534246576,POINT (-84.40514534246576 33.77390424657535),7.0,7.0,7.0,7.0,5.0,5.0,5.0,5.0,29.0,29.0,21.0,21.0,25.444444444444443,45.6,25.339777777777783,17.5,0.9
2025-10-03 22:05:59+00:00,33.77389143835617,-84.40511716438357,POINT (-84.40511716438357 33.77389143835617),7.0,7.0,7.0,7.0,5.0,5.0,5.0,5.0,29.0,29.0,21.0,21.0,25.444444444444443,45.6,25.339777777777783,17.5,0.9
2025-10-03 22:06:00+00:00,33.77388643835617,-84.40510616438357,POINT (-84.40510616438357 33.77388643835617),7.0,7.0,7.0,7.0,5.0,5.0,5.0,5.0,29.0,29.0,21.0,21.0,25.444444444444443,45.6,25.339777777777783,17.5,0.9
2025-10-03 22:06:01+00:00,33.77388123287671,-84.40509471232876,POINT (-84.40509471232876 33.77388123287671),7.0,7.0,7.0,7.0,5.0,5.0,5.0,5.0,29.0,29.0,21.0,21.0,25.444444444444443,45.6,25.339777777777783,17.5,0.9
2025-10-03 22:06:02+00:00,33.77387342465754,-84.40507753424657,POINT (-84.40507753424657 33.77387342465754),7.0,7.0,7.0,7.0,5.0,5.0,5.0,5.0,29.0,29.0,21.0,21.0,25.444444444444443,45.6,25.339777777777783,17.5,0.9
2025-10-03 22:06:03+00:00,33.773866014553015,-84.40506114345114,POINT (-84.40506114345114 33.773866014553015),7.0,7.0,7.0,7.0,5.0,5.0,5.0,5.0,29.0,29.0,21.0,21.0,25.38888888888889,45.6,25.28144444444444,17.38888888888889,0.9
2025-10-03 22:06:04+00:00,33.77385235550936,-84.40503079002079,POINT (-84.40503079002079 33.77385235550936),7.0,7.0,7.0,7.0,5.0,5.0,5.0,5.0,29.0,29.0,21.0,21.0,25.38888888888889,45.6,25.28144444444444,17.38888888888889,0.9
2025-10-03 22:06:05+00:00,33.77384627442828,-84.40501727650728,POINT (-84.40501727650728 33.77384627442828),7.0,7.0,7.0,7.0,5.0,5.0,5.0,5.0,29.0,29.0,21.0,21.0,25.38888888888889,45.6,25.28144444444444,17.38888888888889,0.9
2025-10-03 22:06:06+00:00,33.77384073596674,-84.40500496881496,POINT (-84.40500496881496 33.77384073596674),7.0,7.0,7.0,7.0,5.0,5.0,5.0,5.0,29.0,29.0,21.0,21.0,25.38888888888889,45.6,25.28144444444444,17.38888888888889,0.9
2025-10-03 22:06:07+00:00,33.77382803118503,-84.40497673596674,POINT (-84.40497673596674 33.77382803118503),7.0,7.0,7.0,7.0,5.0,5.0,5.0,5.0,29.0,29.0,21.0,21.0,25.38888888888889,45.6,25.28144444444444,17.38888888888889,0.9
2025-10-03 22:06:08+00:00,33.7738226985447,-84.40496488565488,POINT (-84.40496488565488 33.7738226985447),5.0,5.0,5.0,5.0,5.0,5.0,5.0,5.0,21.0,21.0,21.0,21.0,25.33333333333333,45.6,25.223111111111102,17.38888888888889,0.8
2025-10-03 22:06:09+00:00,33.77381790852392,-84.40495424116425,POINT (-84.40495424116425 33.77381790852392),5.0,5.0,5.0,5.0,5.0,5.0,5.0,5.0,21.0,21.0,21.0,21.0,25.33333333333333,45.6,25.223111111111102,17.38888888888889,0.8
2025-10-03 22:06:10+00:00,33.77380686902287,-84.4049297089397,POINT (-84.4049297089397 33.77380686902287),5.0,5.0,5.0,5.0,5.0,5.0,5.0,5.0,21.0,21.0,21.0,21.0,25.33333333333333,45.6,25.223111111111102,17.38888888888889,0.8
2025-10-03 22:06:11+00:00,33.773803201663206,-84.40492155925156,POINT (-84.40492155925156 33.773803201663206),5.0,5.0,5.0,5.0,5.0,5.0,5.0,5.0,21.0,21.0,21.0,21.0,25.33333333333333,45.6,25.223111111111102,17.38888888888889,0.8
2025-10-03 22:06:12+00:00,33.77379141372141,-84.40489536382536,POINT (-84.40489536382536 33.77379141372141),5.0,5.0,5.0,5.0,5.0,5.0,5.0,5.0,21.0,21.0,21.0,21.0,25.33333333333333,45.6,25.223111111111102,17.38888888888889,0.8
2025-10-03 22:06:13+00:00,33.77378679209979,-84.4048850935551,POINT (-84.4048850935551 33.77378679209979),5.0,5.0,5.0,5.0,5.0,5.0,5.0,5.0,21.0,21.0,21.0,21.0,25.33333333333333,45.6,25.223111111111102,17.38888888888889,0.7
2025-10-03 22:06:14+00:00,33.773782002079,-84.40487444906445,POINT (-84.40487444906445 33.773782002079),5.0,5.0,5.0,5.0,5.0,5.0,5.0,5.0,21.0,21.0,21.0,21.0,25.33333333333333,45.6,25.223111111111102,17.38888888888889,0.7
2025-10-03 22:06:15+00:00,33.77377554716981,-84.40485441509433,POINT (-84.40485441509433 33.77377554716981),5.0,5.0,5.0,5.0,5.0,5.0,5.0,5.0,21.0,21.0,21.0,21.0,25.33333333333333,45.6,25.223111111111102,17.38888888888889,0.7
2025-10-03 22:06:16+00:00,33.77377094339623,-84.4048383018868,POINT (-84.4048383018868 33.77377094339623),5.0,5.0,5.0,5.0,5.0,5.0,5.0,5.0,21.0,21.0,21.0,21.0,25.33333333333333,45.6,25.223111111111102,17.38888888888889,0.7
2025-10-03 22:06:17+00:00,33.77376313207547,-84.40481096226415,POINT (-84.40481096226415 33.77376313207547),5.0,5.0,5.0,5.0,5.0,5.0,5.0,5.0,21.0,21.0,21.0,21.0,25.33333333333333,45.6,25.223111111111102,17.38888888888889,0.7
2025-10-03 22:06:18+00:00,33.77376018867924,-84.40480066037735,POINT (-84.40480066037735 33.77376018867924),5.0,5.0,5.0,5.0,5.0,5.0,5.0,5.0,21.0,21.0,21.0,21.0,25.38888888888889,45.6,25.28144444444444,17.38888888888889,0.9
2025-10-03 22:06:19+00:00,33.773756981132074,-84.40478943396226,POINT (-84.40478943396226 33.773756981132074),5.0,5.0,5.0,5.0,5.0,5.0,5.0,5.0,21.0,21.0,21.0,21.0,25.38888888888889,45.6,25.28144444444444,17.38888888888889,0.9
2025-10-03 22:06:20+00:00,33.77375237735849,-84.40477332075473,POINT (-84.40477332075473 33.77375237735849),5.0,5.0,5.0,5.0,5.0,5.0,5.0,5.0,21.0,21.0,21.0,21.0,25.38888888888889,45.6,25.28144444444444,17.38888888888889,0.9
2025-10-03 22:06:21+00:00,33.77374758490566,-84.40475654716981,POINT (-84.40475654716981 33.77374758490566),5.0,5.0,5.0,5.0,5.0,5.0,5.0,5.0,21.0,21.0,21.0,21.0,25.38888888888889,45.6,25.28144444444444,17.38888888888889,0.9
2025-10-03 22:06:22+00:00,33.77374,-84.40473,POINT (-84.40473 33.77374),5.0,5.0,5.0,5.0,5.0,5.0,5.0,5.0,21.0,21.0,21.0,21.0,25.38888888888889,45.6,25.28144444444444,17.38888888888889,0.9
2025-10-03 22:06:23+00:00,33.773736212030634,-84.40472045992901,POINT (-84.40472045992901 33.773736212030634),5.0,6.0,5.0,6.0,5.0,5.0,5.0,5.0,21.0,21.0,21.0,21.0,25.500000000000004,45.7,25.39941666666667,17.5,1.0
2025-10-03 22:06:24+00:00,33.77373203063702,-84.40470992901177,POINT (-84.40470992901177 33.77373203063702),5.0,6.0,5.0,6.0,5.0,5.0,5.0,5.0,21.0,21.0,21.0,21.0,25.500000000000004,45.7,25.39941666666667,17.5,1.0
2025-10-03 22:06:25+00:00,33.77372606874649,-84.40469491388006,POINT (-84.40469491388006 33.77372606874649),5.0,6.0,5.0,6.0,5.0,5.0,5.0,5.0,21.0,21.0,21.0,21.0,25.500000000000004,45.7,25.39941666666667,17.5,1.0
2025-10-03 22:06:26+00:00,33.77371976387072,-84.40467903493368,POINT (-84.40467903493368 33.77371976387072),5.0,6.0,5.0,6.0,5.0,5.0,5.0,5.0,21.0,21.0,21.0,21.0,25.500000000000004,45.7,25.39941666666667,17.5,1.0
2025-10-03 22:06:27+00:00,33.77371366579488,-84.40466367681674,POINT (-84.40466367681674 33.77371366579488),5.0,6.0,5.0,6.0,5.0,5.0,5.0,5.0,21.0,21.0,21.0,21.0,25.500000000000004,45.7,25.39941666666667,17.5,1.0
2025-10-03 22:06:28+00:00,33.77370736091911,-84.40464779787035,POINT (-84.40464779787035 33.77370736091911),5.0,6.0,5.0,6.0,5.0,5.0,5.0,5.0,21.0,21.0,21.0,21.0,25.666666666666668,46.0,25.578333333333333,17.72222222222222,0.9
2025-10-03 22:06:29+00:00,33.77370139902858,-84.40463278273864,POINT (-84.40463278273864 33.77370139902858),5.0,6.0,5.0,6.0,5.0,5.0,5.0,5.0,21.0,21.0,21.0,21.0,25.666666666666668,46.0,25.578333333333333,17.72222222222222,0.9
2025-10-03 22:06:30+00:00,33.77369495796749,-84.40461656080701,POINT (-84.40461656080701 33.77369495796749),5.0,6.0,5.0,6.0,5.0,5.0,5.0,5.0,21.0,21.0,21.0,21.0,25.666666666666668,46.0,25.578333333333333,17.72222222222222,0.9
2025-10-03 22:06:31+00:00,33.773688653091725,-84.40460068186064,POINT (-84.40460068186064 33.773688653091725),5.0,6.0,5.0,6.0,5.0,5.0,5.0,5.0,21.0,21.0,21.0,21.0,25.666666666666668,46.0,25.578333333333333,17.72222222222222,0.9
2025-10-03 22:06:32+00:00,33.773682691201195,-84.40458566672893,POINT (-84.40458566672893 33.773682691201195),5.0,6.0,5.0,6.0,5.0,5.0,5.0,5.0,21.0,21.0,21.0,21.0,25.666666666666668,46.0,25.578333333333333,17.72222222222222,0.9
2025-10-03 22:06:33+00:00,33.77367323388754,-84.40456184830937,POINT (-84.40456184830937 33.77367323388754),5.0,6.0,5.0,6.0,5.0,5.0,5.0,5.0,21.0,21.0,21.0,21.0,25.666666666666668,46.2,25.58094444444445,17.72222222222222,0.9
2025-10-03 22:06:34+00:00,33.77367008144965,-84.40455390883616,POINT (-84.40455390883616 33.77367008144965),5.0,6.0,5.0,6.0,5.0,5.0,5.0,5.0,21.0,21.0,21.0,21.0,25.666666666666668,46.2,25.58094444444445,17.72222222222222,0.9
2025-10-03 22:06:35+00:00,33.77366411955913,-84.40453889370447,POINT (-84.40453889370447 33.77366411955913),5.0,6.0,5.0,6.0,5.0,5.0,5.0,5.0,21.0,21.0,21.0,21.0,25.666666666666668,46.2,25.58094444444445,17.72222222222222,0.9
2025-10-03 22:06:36+00:00,33.77365802148328,-84.40452353558751,POINT (-84.40452353558751 33.77365802148328),5.0,6.0,5.0,6.0,5.0,5.0,5.0,5.0,21.0,21.0,21.0,21.0,25.666666666666668,46.2,25.58094444444445,17.72222222222222,0.9
2025-10-03 22:06:37+00:00,33.77365226639267,-84.40450904128525,POINT (-84.40450904128525 33.77365226639267),5.0,6.0,5.0,6.0,5.0,5.0,5.0,5.0,21.0,21.0,21.0,21.0,25.666666666666668,46.2,25.58094444444445,17.72222222222222,0.9
2025-10-03 22:06:38+00:00,33.77364616831683,-84.40449368316833,POINT (-84.40449368316833 33.77364616831683),6.0,7.0,6.0,7.0,5.0,5.0,5.0,5.0,25.0,25.0,21.0,21.0,25.72222222222222,46.3,25.64058333333334,17.77777777777778,0.9
2025-10-03 22:06:39+00:00,33.773639999626376,-84.40447814720717,POINT (-84.40447814720717 33.773639999626376),6.0,7.0,6.0,7.0,5.0,5.0,5.0,5.0,25.0,25.0,21.0,21.0,25.72222222222222,46.3,25.64058333333334,17.77777777777778,0.9
2025-10-03 22:06:40+00:00,33.77363040612741,-84.40445398580236,POINT (-84.40445398580236 33.77363040612741),6.0,7.0,6.0,7.0,5.0,5.0,5.0,5.0,25.0,25.0,21.0,21.0,25.72222222222222,46.3,25.64058333333334,17.77777777777778,0.9
2025-10-03 22:06:41+00:00,33.77362691070428,-84.40444518251448,POINT (-84.40444518251448 33.77362691070428),6.0,7.0,6.0,7.0,5.0,5.0,5.0,5.0,25.0,25.0,21.0,21.0,25.72222222222222,46.3,25.64058333333334,17.77777777777778,0.9
2025-10-03 22:06:42+00:00,33.77362327909583,-84.40443603624135,POINT (-84.40443603624135 33.77362327909583),6.0,7.0,6.0,7.0,5.0,5.0,5.0,5.0,25.0,25.0,21.0,21.0,25.72222222222222,46.3,25.64058333333334,17.77777777777778,0.9
2025-10-03 22:06:43+00:00,33.77361978367271,-84.40442723295348,POINT (-84.40442723295348 33.77361978367271),6.0,7.0,6.0,7.0,5.0,5.0,5.0,5.0,25.0,25.0,21.0,21.0,25.833333333333332,46.4,25.758555555555553,17.88888888888889,0.9
2025-10-03 22:06:44+00:00,33.773618618531664,-84.40442429852419,POINT (-84.40442429852419 33.773618618531664),6.0,7.0,6.0,7.0,5.0,5.0,5.0,5.0,25.0,25.0,21.0,21.0,25.833333333333332,46.4,25.758555555555553,17.88888888888889,0.9
2025-10-03 22:06:45+00:00,33.77361909770222,-84.40442550532413,POINT (-84.40442550532413 33.77361909770222),6.0,7.0,6.0,7.0,5.0,5.0,5.0,5.0,25.0,25.0,21.0,21.0,25.833333333333332,46.4,25.758555555555553,17.88888888888889,0.9
2025-10-03 22:06:46+00:00,33.77362026284327,-84.4044284397534,POINT (-84.4044284397534 33.77362026284327),6.0,7.0,6.0,7.0,5.0,5.0,5.0,5.0,25.0,25.0,21.0,21.0,25.833333333333332,46.4,25.758555555555553,17.88888888888889,0.9
2025-10-03 22:06:47+00:00,33.77362122118438,-84.40443085335325,POINT (-84.40443085335325 33.77362122118438),6.0,7.0,6.0,7.0,5.0,5.0,5.0,5.0,25.0,25.0,21.0,21.0,25.833333333333332,46.4,25.758555555555553,17.88888888888889,0.9
2025-10-03 22:06:48+00:00,33.77362204334018,-84.40443292396787,POINT (-84.40443292396787 33.77362204334018),6.0,7.0,6.0,7.0,5.0,5.0,5.0,5.0,25.0,25.0,21.0,21.0,25.833333333333332,46.6,25.76116666666667,17.88888888888889,0.0
2025-10-03 22:06:49+00:00,33.77362238632543,-84.40443378778255,POINT (-84.40443378778255 33.77362238632543),6.0,7.0,6.0,7.0,5.0,5.0,5.0,5.0,25.0,25.0,21.0,21.0,25.833333333333332,46.6,25.76116666666667,17.88888888888889,0.0
2025-10-03 22:06:50+00:00,33.77362204334018,-84.40443292396787,POINT (-84.40443292396787 33.77362204334018),6.0,7.0,6.0,7.0,5.0,5.0,5.0,5.0,25.0,25.0,21.0,21.0,25.833333333333332,46.6,25.76116666666667,17.88888888888889,0.0
2025-10-03 22:06:51+00:00,33.77362039902858,-84.40442878273865,POINT (-84.40442878273865 33.77362039902858),6.0,7.0,6.0,7.0,5.0,5.0,5.0,5.0,25.0,25.0,21.0,21.0,25.833333333333332,46.6,25.76116666666667,17.88888888888889,0.0
2025-10-03 22:06:52+00:00,33.773618068746494,-84.40442291388007,POINT (-84.40442291388007 33.773618068746494),6.0,7.0,6.0,7.0,5.0,5.0,5.0,5.0,25.0,25.0,21.0,21.0,25.833333333333332,46.6,25.76116666666667,17.88888888888889,0.0
2025-10-03 22:06:53+00:00,33.77361430095274,-84.40441342462171,POINT (-84.40441342462171 33.77361430095274),6.0,6.0,6.0,6.0,5.0,5.0,5.0,5.0,25.0,25.0,21.0,21.0,25.944444444444443,46.6,25.877833333333335,18.000000000000004,0.0
2025-10-03 22:06:54+00:00,33.773610190173734,-84.40440307154867,POINT (-84.40440307154867 33.773610190173734),6.0,6.0,6.0,6.0,5.0,5.0,5.0,5.0,25.0,25.0,21.0,21.0,25.944444444444443,46.6,25.877833333333335,18.000000000000004,0.0
2025-10-03 22:06:55+00:00,33.77360512105361,-84.40439030487576,POINT (-84.40439030487576 33.77360512105361),6.0,6.0,6.0,6.0,5.0,5.0,5.0,5.0,25.0,25.0,21.0,21.0,25.944444444444443,46.6,25.877833333333335,18.000000000000004,0.0
2025-10-03 22:06:56+00:00,33.773599708948254,-84.40437667438819,POINT (-84.40437667438819 33.773599708948254),6.0,6.0,6.0,6.0,5.0,5.0,5.0,5.0,25.0,25.0,21.0,21.0,25.944444444444443,46.6,25.877833333333335,18.000000000000004,0.0
2025-10-03 22:06:57+00:00,33.77359374705773,-84.4043616592565,POINT (-84.4043616592565 33.77359374705773),6.0,6.0,6.0,6.0,5.0,5.0,5.0,5.0,25.0,25.0,21.0,21.0,25.944444444444443,46.6,25.877833333333335,18.000000000000004,0.0
2025-10-03 22:06:58+00:00,33.773587785167194,-84.40434664412479,POINT (-84.40434664412479 33.773587785167194),6.0,6.0,6.0,6.0,5.0,5.0,5.0,5.0,25.0,25.0,21.0,21.0,25.944444444444443,46.6,25.877833333333335,18.000000000000004,0.0
2025-10-03 22:06:59+00:00,33.773581480291426,-84.4043307651784,POINT (-84.4043307651784 33.773581480291426),6.0,6.0,6.0,6.0,5.0,5.0,5.0,5.0,25.0,25.0,21.0,21.0,25.944444444444443,46.6,25.877833333333335,18.000000000000004,0.0
2025-10-03 22:07:00+00:00,33.77357586138614,-84.4043166138614,POINT (-84.4043166138614 33.77357586138614),6.0,6.0,6.0,6.0,5.0,5.0,5.0,5.0,25.0,25.0,21.0,21.0,25.944444444444443,46.6,25.877833333333335,18.000000000000004,0.0
2025-10-03 22:07:01+00:00,33.773570585466096,-84.40430332635904,POINT (-84.40430332635904 33.773570585466096),6.0,6.0,6.0,6.0,5.0,5.0,5.0,5.0,25.0,25.0,21.0,21.0,25.944444444444443,46.6,25.877833333333335,18.000000000000004,0.0
2025-10-03 22:07:02+00:00,33.77356530954605,-84.40429003885671,POINT (-84.40429003885671 33.77356530954605),6.0,6.0,6.0,6.0,5.0,5.0,5.0,5.0,25.0,25.0,21.0,21.0,25.944444444444443,46.6,25.877833333333335,18.000000000000004,0.0
2025-10-03 22:07:03+00:00,33.77355982682608,-84.40427623052493,POINT (-84.40427623052493 33.77355982682608),6.0,6.0,6.0,6.0,5.0,5.0,5.0,5.0,25.0,25.0,21.0,21.0,25.944444444444443,46.5,25.87652777777778,18.000000000000004,0.0
2025-10-03 22:07:04+00:00,33.77355386493555,-84.40426121539323,POINT (-84.40426121539323 33.77355386493555),6.0,6.0,6.0,6.0,5.0,5.0,5.0,5.0,25.0,25.0,21.0,21.0,25.944444444444443,46.5,25.87652777777778,18.000000000000004,0.0
2025-10-03 22:07:05+00:00,33.77354756005978,-84.40424533644685,POINT (-84.40424533644685 33.77354756005978),6.0,6.0,6.0,6.0,5.0,5.0,5.0,5.0,25.0,25.0,21.0,21.0,25.944444444444443,46.5,25.87652777777778,18.000000000000004,0.0
2025-10-03 22:07:06+00:00,33.77354125518401,-84.40422945750046,POINT (-84.40422945750046 33.77354125518401),6.0,6.0,6.0,6.0,5.0,5.0,5.0,5.0,25.0,25.0,21.0,21.0,25.944444444444443,46.5,25.87652777777778,18.000000000000004,0.0
2025-10-03 22:07:07+00:00,33.77353529329348,-84.40421444236875,POINT (-84.40421444236875 33.77353529329348),6.0,6.0,6.0,6.0,5.0,5.0,5.0,5.0,25.0,25.0,21.0,21.0,25.944444444444443,46.5,25.87652777777778,18.000000000000004,0.0
2025-10-03 22:07:08+00:00,33.77352501382403,-84.40418855333458,POINT (-84.40418855333458 33.77352501382403),6.0,6.0,6.0,6.0,5.0,5.0,5.0,5.0,25.0,25.0,21.0,21.0,25.833333333333332,46.5,25.75986111111111,17.88888888888889,1.2
2025-10-03 22:07:09+00:00,33.773520903045025,-84.40417820026154,POINT (-84.40417820026154 33.773520903045025),6.0,6.0,6.0,6.0,5.0,5.0,5.0,5.0,25.0,25.0,21.0,21.0,25.833333333333332,46.5,25.75986111111111,17.88888888888889,1.2
2025-10-03 22:07:10+00:00,33.773516928451336,-84.40416819017373,POINT (-84.40416819017373 33.773516928451336),6.0,6.0,6.0,6.0,5.0,5.0,5.0,5.0,25.0,25.0,21.0,21.0,25.833333333333332,46.5,25.75986111111111,17.88888888888889,1.2
2025-10-03 22:07:11+00:00,33.77351103717542,-84.40415335288624,POINT (-84.40415335288624 33.77351103717542),6.0,6.0,6.0,6.0,5.0,5.0,5.0,5.0,25.0,25.0,21.0,21.0,25.833333333333332,46.5,25.75986111111111,17.88888888888889,1.2
2025-10-03 22:07:12+00:00,33.77350528208481,-84.40413885858396,POINT (-84.40413885858396 33.77350528208481),6.0,6.0,6.0,6.0,5.0,5.0,5.0,5.0,25.0,25.0,21.0,21.0,25.833333333333332,46.5,25.75986111111111,17.88888888888889,1.2
2025-10-03 22:07:13+00:00,33.77349575920045,-84.40411487502335,POINT (-84.40411487502335 33.77349575920045),6.0,6.0,6.0,6.0,5.0,5.0,5.0,5.0,25.0,25.0,21.0,21.0,25.777777777777782,46.4,25.700222222222223,17.77777777777778,1.0
2025-10-03 22:07:14+00:00,33.77349178460676,-84.40410486493555,POINT (-84.40410486493555 33.77349178460676),6.0,6.0,6.0,6.0,5.0,5.0,5.0,5.0,25.0,25.0,21.0,21.0,25.777777777777782,46.4,25.700222222222223,17.77777777777778,1.0
2025-10-03 22:07:15+00:00,33.773488152998326,-84.40409571866243,POINT (-84.40409571866243 33.773488152998326),6.0,6.0,6.0,6.0,5.0,5.0,5.0,5.0,25.0,25.0,21.0,21.0,25.777777777777782,46.4,25.700222222222223,17.77777777777778,1.0
2025-10-03 22:07:16+00:00,33.77348232729311,-84.40408104651597,POINT (-84.40408104651597 33.77348232729311),6.0,6.0,6.0,6.0,5.0,5.0,5.0,5.0,25.0,25.0,21.0,21.0,25.777777777777782,46.4,25.700222222222223,17.77777777777778,1.0
2025-10-03 22:07:17+00:00,33.7734773237437,-84.40406844498412,POINT (-84.40406844498412 33.7734773237437),6.0,6.0,6.0,6.0,5.0,5.0,5.0,5.0,25.0,25.0,21.0,21.0,25.777777777777782,46.4,25.700222222222223,17.77777777777778,1.0
2025-10-03 22:07:18+00:00,33.773473142350085,-84.40405791406688,POINT (-84.40405791406688 33.773473142350085),6.0,6.0,6.0,6.0,5.0,5.0,5.0,5.0,25.0,25.0,21.0,21.0,25.666666666666668,46.2,25.58094444444445,17.72222222222222,0.9
2025-10-03 22:07:19+00:00,33.773469833553506,-84.40404951915455,POINT (-84.40404951915455 33.773469833553506),6.0,6.0,6.0,6.0,5.0,5.0,5.0,5.0,25.0,25.0,21.0,21.0,25.666666666666668,46.2,25.58094444444445,17.72222222222222,0.9
2025-10-03 22:07:20+00:00,33.773466730515196,-84.40404055482166,POINT (-84.40404055482166 33.773466730515196),6.0,6.0,6.0,6.0,5.0,5.0,5.0,5.0,25.0,25.0,21.0,21.0,25.666666666666668,46.2,25.58094444444445,17.72222222222222,0.9
2025-10-03 22:07:21+00:00,33.773459478203435,-84.4040196036988,POINT (-84.4040196036988 33.773459478203435),6.0,6.0,6.0,6.0,5.0,5.0,5.0,5.0,25.0,25.0,21.0,21.0,25.666666666666668,46.2,25.58094444444445,17.72222222222222,0.9
2025-10-03 22:07:22+00:00,33.77345554293263,-84.4040082351387,POINT (-84.4040082351387 33.77345554293263),6.0,6.0,6.0,6.0,5.0,5.0,5.0,5.0,25.0,25.0,21.0,21.0,25.666666666666668,46.2,25.58094444444445,17.72222222222222,0.9
2025-10-03 22:07:23+00:00,33.77345150066051,-84.40399655746367,POINT (-84.40399655746367 33.77345150066051),6.0,6.0,6.0,6.0,6.0,6.0,6.0,6.0,25.0,25.0,25.0,25.0,25.611111111111107,46.1,25.521305555555557,17.72222222222222,0.0
2025-10-03 22:07:24+00:00,33.773447565389695,-84.40398518890356,POINT (-84.40398518890356 33.773447565389695),6.0,6.0,6.0,6.0,6.0,6.0,6.0,6.0,25.0,25.0,25.0,25.0,25.611111111111107,46.1,25.521305555555557,17.72222222222222,0.0
2025-10-03 22:07:25+00:00,33.77344363011889,-84.40397382034345,POINT (-84.40397382034345 33.77344363011889),6.0,6.0,6.0,6.0,6.0,6.0,6.0,6.0,25.0,25.0,25.0,25.0,25.611111111111107,46.1,25.521305555555557,17.72222222222222,0.0
2025-10-03 22:07:26+00:00,33.77343804227213,-84.40395767767504,POINT (-84.40395767767504 33.77343804227213),6.0,6.0,6.0,6.0,6.0,6.0,6.0,6.0,25.0,25.0,25.0,25.0,25.611111111111107,46.1,25.521305555555557,17.72222222222222,0.0
2025-10-03 22:07:27+00:00,33.77343203830912,-84.403940332893,POINT (-84.403940332893 33.77343203830912),6.0,6.0,6.0,6.0,6.0,6.0,6.0,6.0,25.0,25.0,25.0,25.0,25.611111111111107,46.1,25.521305555555557,17.72222222222222,0.0
2025-10-03 22:07:28+00:00,33.77342645046235,-84.40392419022457,POINT (-84.40392419022457 33.77342645046235),6.0,6.0,6.0,6.0,6.0,6.0,6.0,6.0,25.0,25.0,25.0,25.0,25.555555555555557,46.0,25.46166666666667,17.61111111111111,0.8
2025-10-03 22:07:29+00:00,33.773417450462354,-84.40389819022457,POINT (-84.40389819022457 33.773417450462354),6.0,6.0,6.0,6.0,6.0,6.0,6.0,6.0,25.0,25.0,25.0,25.0,25.555555555555557,46.0,25.46166666666667,17.61111111111111,0.8
2025-10-03 22:07:30+00:00,33.773414347424044,-84.40388922589169,POINT (-84.40388922589169 33.773414347424044),6.0,6.0,6.0,6.0,6.0,6.0,6.0,6.0,25.0,25.0,25.0,25.0,25.555555555555557,46.0,25.46166666666667,17.61111111111111,0.8
2025-10-03 22:07:31+00:00,33.77340452708058,-84.40386085601057,POINT (-84.40386085601057 33.77340452708058),6.0,6.0,6.0,6.0,6.0,6.0,6.0,6.0,25.0,25.0,25.0,25.0,25.555555555555557,46.0,25.46166666666667,17.61111111111111,0.8
2025-10-03 22:07:32+00:00,33.77340080581242,-84.4038501056803,POINT (-84.4038501056803 33.77340080581242),6.0,6.0,6.0,6.0,6.0,6.0,6.0,6.0,25.0,25.0,25.0,25.0,25.555555555555557,46.0,25.46166666666667,17.61111111111111,0.8
2025-10-03 22:07:33+00:00,33.773396775429326,-84.40383846235139,POINT (-84.40383846235139 33.773396775429326),6.0,6.0,6.0,6.0,6.0,6.0,6.0,6.0,25.0,25.0,25.0,25.0,25.555555555555557,45.9,25.460361111111116,17.5,1.0
2025-10-03 22:07:34+00:00,33.77338778731836,-84.40381249669748,POINT (-84.40381249669748 33.77338778731836),6.0,6.0,6.0,6.0,6.0,6.0,6.0,6.0,25.0,25.0,25.0,25.0,25.555555555555557,45.9,25.460361111111116,17.5,1.0
2025-10-03 22:07:35+00:00,33.77338479128138,-84.40380384147953,POINT (-84.40380384147953 33.77338479128138),6.0,6.0,6.0,6.0,6.0,6.0,6.0,6.0,25.0,25.0,25.0,25.0,25.555555555555557,45.9,25.460361111111116,17.5,1.0
2025-10-03 22:07:36+00:00,33.773375418686136,-84.40377490861314,POINT (-84.40377490861314 33.773375418686136),6.0,6.0,6.0,6.0,6.0,6.0,6.0,6.0,25.0,25.0,25.0,25.0,25.555555555555557,45.9,25.460361111111116,17.5,1.0
2025-10-03 22:07:37+00:00,33.77337174569343,-84.40376280934306,POINT (-84.40376280934306 33.77337174569343),6.0,6.0,6.0,6.0,6.0,6.0,6.0,6.0,25.0,25.0,25.0,25.0,25.555555555555557,45.9,25.460361111111116,17.5,1.0
2025-10-03 22:07:38+00:00,33.7733684350365,-84.40375190364963,POINT (-84.40375190364963 33.7733684350365),5.0,6.0,5.0,6.0,4.5,4.5,4.5,4.5,21.0,21.0,19.0,19.0,25.38888888888889,45.8,25.284055555555558,17.38888888888889,1.0
2025-10-03 22:07:39+00:00,33.77336061751825,-84.40372615182481,POINT (-84.40372615182481 33.77336061751825),5.0,6.0,5.0,6.0,4.5,4.5,4.5,4.5,21.0,21.0,19.0,19.0,25.38888888888889,45.8,25.284055555555558,17.38888888888889,1.0
2025-10-03 22:07:40+00:00,33.77335822510949,-84.40371827094891,POINT (-84.40371827094891 33.77335822510949),5.0,6.0,5.0,6.0,4.5,4.5,4.5,4.5,21.0,21.0,19.0,19.0,25.38888888888889,45.8,25.284055555555558,17.38888888888889,1.0
2025-10-03 22:07:41+00:00,33.77335316233577,-84.40370159357664,POINT (-84.40370159357664 33.77335316233577),5.0,6.0,5.0,6.0,4.5,4.5,4.5,4.5,21.0,21.0,19.0,19.0,25.38888888888889,45.8,25.284055555555558,17.38888888888889,1.0
2025-10-03 22:07:42+00:00,33.77334809956205,-84.40368491620438,POINT (-84.40368491620438 33.77334809956205),5.0,6.0,5.0,6.0,4.5,4.5,4.5,4.5,21.0,21.0,19.0,19.0,25.38888888888889,45.8,25.284055555555558,17.38888888888889,1.0
2025-10-03 22:07:43+00:00,33.773343036788326,-84.40366823883213,POINT (-84.40366823883213 33.773343036788326),5.0,6.0,5.0,6.0,4.5,4.5,4.5,4.5,21.0,21.0,19.0,19.0,25.33333333333333,45.8,25.225722222222217,17.27777777777778,0.0
2025-10-03 22:07:44+00:00,33.7733379740146,-84.40365156145985,POINT (-84.40365156145985 33.7733379740146),5.0,6.0,5.0,6.0,4.5,4.5,4.5,4.5,21.0,21.0,19.0,19.0,25.33333333333333,45.8,25.225722222222217,17.27777777777778,0.0
2025-10-03 22:07:45+00:00,33.77333291124088,-84.4036348840876,POINT (-84.4036348840876 33.77333291124088),5.0,6.0,5.0,6.0,4.5,4.5,4.5,4.5,21.0,21.0,19.0,19.0,25.33333333333333,45.8,25.225722222222217,17.27777777777778,0.0
2025-10-03 22:07:46+00:00,33.77332812642336,-84.40361912233577,POINT (-84.40361912233577 33.77332812642336),5.0,6.0,5.0,6.0,4.5,4.5,4.5,4.5,21.0,21.0,19.0,19.0,25.33333333333333,45.8,25.225722222222217,17.27777777777778,0.0
2025-10-03 22:07:47+00:00,33.77332094919708,-84.40359547970802,POINT (-84.40359547970802 33.77332094919708),5.0,6.0,5.0,6.0,4.5,4.5,4.5,4.5,21.0,21.0,19.0,19.0,25.33333333333333,45.8,25.225722222222217,17.27777777777778,0.0
2025-10-03 22:07:48+00:00,33.773318750364965,-84.40358823649635,POINT (-84.40358823649635 33.773318750364965),5.0,6.0,5.0,6.0,4.5,4.5,4.5,4.5,21.0,21.0,19.0,19.0,25.33333333333333,45.8,25.225722222222217,17.38888888888889,0.9
2025-10-03 22:07:49+00:00,33.773313965547445,-84.40357247474452,POINT (-84.40357247474452 33.773313965547445),5.0,6.0,5.0,6.0,4.5,4.5,4.5,4.5,21.0,21.0,19.0,19.0,25.33333333333333,45.8,25.225722222222217,17.38888888888889,0.9
2025-10-03 22:07:50+00:00,33.77330937430657,-84.40355735065694,POINT (-84.40355735065694 33.77330937430657),5.0,6.0,5.0,6.0,4.5,4.5,4.5,4.5,21.0,21.0,19.0,19.0,25.33333333333333,45.8,25.225722222222217,17.38888888888889,0.9
2025-10-03 22:07:51+00:00,33.77330458948905,-84.40354158890511,POINT (-84.40354158890511 33.77330458948905),5.0,6.0,5.0,6.0,4.5,4.5,4.5,4.5,21.0,21.0,19.0,19.0,25.33333333333333,45.8,25.225722222222217,17.38888888888889,0.9
2025-10-03 22:07:52+00:00,33.773300251386864,-84.40352729868613,POINT (-84.40352729868613 33.773300251386864),5.0,6.0,5.0,6.0,4.5,4.5,4.5,4.5,21.0,21.0,19.0,19.0,25.33333333333333,45.8,25.225722222222217,17.38888888888889,0.9
2025-10-03 22:07:53+00:00,33.77329555094891,-84.4035118148905,POINT (-84.4035118148905 33.77329555094891),4.0,5.0,4.0,5.0,5.0,5.0,5.0,5.0,17.0,17.0,21.0,21.0,25.33333333333333,45.8,25.225722222222217,17.27777777777778,0.0
2025-10-03 22:07:54+00:00,33.773287430656936,-84.40348506569343,POINT (-84.40348506569343 33.773287430656936),4.0,5.0,4.0,5.0,5.0,5.0,5.0,5.0,17.0,17.0,21.0,21.0,25.33333333333333,45.8,25.225722222222217,17.27777777777778,0.0
2025-10-03 22:07:55+00:00,33.773283842043796,-84.40347324437955,POINT (-84.40347324437955 33.773283842043796),4.0,5.0,4.0,5.0,5.0,5.0,5.0,5.0,17.0,17.0,21.0,21.0,25.33333333333333,45.8,25.225722222222217,17.27777777777778,0.0
2025-10-03 22:07:56+00:00,33.773280615766424,-84.40346261664233,POINT (-84.40346261664233 33.773280615766424),4.0,5.0,4.0,5.0,5.0,5.0,5.0,5.0,17.0,17.0,21.0,21.0,25.33333333333333,45.8,25.225722222222217,17.27777777777778,0.0
2025-10-03 22:07:57+00:00,33.77327316058394,-84.40343805839416,POINT (-84.40343805839416 33.77327316058394),4.0,5.0,4.0,5.0,5.0,5.0,5.0,5.0,17.0,17.0,21.0,21.0,25.33333333333333,45.8,25.225722222222217,17.27777777777778,0.0
2025-10-03 22:07:58+00:00,33.77327068379562,-84.40342989956204,POINT (-84.40342989956204 33.77327068379562),4.0,5.0,4.0,5.0,5.0,5.0,5.0,5.0,17.0,17.0,21.0,21.0,25.33333333333333,45.9,25.227027777777774,17.38888888888889,0.0
2025-10-03 22:07:59+00:00,33.77326250394161,-84.40340295416058,POINT (-84.40340295416058 33.77326250394161),4.0,5.0,4.0,5.0,5.0,5.0,5.0,5.0,17.0,17.0,21.0,21.0,25.33333333333333,45.9,25.227027777777774,17.38888888888889,0.0
2025-10-03 22:08:00+00:00,33.77325947124088,-84.40339296408759,POINT (-84.40339296408759 33.77325947124088),4.0,5.0,4.0,5.0,5.0,5.0,5.0,5.0,17.0,17.0,21.0,21.0,25.33333333333333,45.9,25.227027777777774,17.38888888888889,0.0
2025-10-03 22:08:01+00:00,33.77325616058394,-84.40338205839416,POINT (-84.40338205839416 33.77325616058394),4.0,5.0,4.0,5.0,5.0,5.0,5.0,5.0,17.0,17.0,21.0,21.0,25.33333333333333,45.9,25.227027777777774,17.38888888888889,0.0
2025-10-03 22:08:02+00:00,33.7732488989781,-84.40335813781023,POINT (-84.40335813781023 33.7732488989781),4.0,5.0,4.0,5.0,5.0,5.0,5.0,5.0,17.0,17.0,21.0,21.0,25.33333333333333,45.9,25.227027777777774,17.38888888888889,0.0
2025-10-03 22:08:03+00:00,33.77324650656934,-84.4033502569343,POINT (-84.4033502569343 33.77324650656934),4.0,5.0,4.0,5.0,5.0,5.0,5.0,5.0,17.0,17.0,21.0,21.0,25.33333333333333,46.0,25.228333333333335,17.38888888888889,0.9
2025-10-03 22:08:04+00:00,33.773241637372266,-84.40333421722627,POINT (-84.40333421722627 33.773241637372266),4.0,5.0,4.0,5.0,5.0,5.0,5.0,5.0,17.0,17.0,21.0,21.0,25.33333333333333,46.0,25.228333333333335,17.38888888888889,0.9
2025-10-03 22:08:05+00:00,33.77323704613139,-84.40331909313869,POINT (-84.40331909313869 33.77323704613139),4.0,5.0,4.0,5.0,5.0,5.0,5.0,5.0,17.0,17.0,21.0,21.0,25.33333333333333,46.0,25.228333333333335,17.38888888888889,0.9
2025-10-03 22:08:06+00:00,33.77323217693431,-84.40330305343066,POINT (-84.40330305343066 33.77323217693431),4.0,5.0,4.0,5.0,5.0,5.0,5.0,5.0,17.0,17.0,21.0,21.0,25.33333333333333,46.0,25.228333333333335,17.38888888888889,0.9
2025-10-03 22:08:07+00:00,33.77322730773723,-84.40328701372263,POINT (-84.40328701372263 33.77322730773723),4.0,5.0,4.0,5.0,5.0,5.0,5.0,5.0,17.0,17.0,21.0,21.0,25.33333333333333,46.0,25.228333333333335,17.38888888888889,0.9
2025-10-03 22:08:08+00:00,33.77322271649635,-84.40327188963504,POINT (-84.40327188963504 33.77322271649635),4.5,5.0,4.5,5.0,5.0,5.0,5.0,5.0,19.0,19.0,21.0,21.0,25.38888888888889,46.1,25.287972222222223,17.5,0.9
2025-10-03 22:08:09+00:00,33.77321820963504,-84.40325704350366,POINT (-84.40325704350366 33.77321820963504),4.5,5.0,4.5,5.0,5.0,5.0,5.0,5.0,19.0,19.0,21.0,21.0,25.38888888888889,46.1,25.287972222222223,17.5,0.9
2025-10-03 22:08:10+00:00,33.77321398072993,-84.4032431129927,POINT (-84.4032431129927 33.77321398072993),4.5,5.0,4.5,5.0,5.0,5.0,5.0,5.0,19.0,19.0,21.0,21.0,25.38888888888889,46.1,25.287972222222223,17.5,0.9
2025-10-03 22:08:11+00:00,33.7732157,-84.4032129,POINT (-84.4032129 33.7732157),4.5,5.0,4.5,5.0,5.0,5.0,5.0,5.0,19.0,19.0,21.0,21.0,25.38888888888889,46.1,25.287972222222223,17.5,0.9
2025-10-03 22:08:12+00:00,33.7732195,-84.4032015,POINT (-84.4032015 33.7732195),4.5,5.0,4.5,5.0,5.0,5.0,5.0,5.0,19.0,19.0,21.0,21.0,25.38888888888889,46.1,25.287972222222223,17.5,0.9
2025-10-03 22:08:13+00:00,33.7732188,-84.4031964,POINT (-84.4031964 33.7732188),4.5,5.0,4.5,5.0,5.0,5.0,5.0,5.0,19.0,19.0,21.0,21.0,25.444444444444443,46.2,25.347611111111107,17.5,0.9
2025-10-03 22:08:14+00:00,33.773213600000005,-84.4031808,POINT (-84.4031808 33.773213600000005),4.5,5.0,4.5,5.0,5.0,5.0,5.0,5.0,19.0,19.0,21.0,21.0,25.444444444444443,46.2,25.347611111111107,17.5,0.9
2025-10-03 22:08:15+00:00,33.77320580000001,-84.4031574,POINT (-84.4031574 33.77320580000001),4.5,5.0,4.5,5.0,5.0,5.0,5.0,5.0,19.0,19.0,21.0,21.0,25.444444444444443,46.2,25.347611111111107,17.5,0.9
2025-10-03 22:08:16+00:00,33.7732031,-84.4031493,POINT (-84.4031493 33.7732031),4.5,5.0,4.5,5.0,5.0,5.0,5.0,5.0,19.0,19.0,21.0,21.0,25.444444444444443,46.2,25.347611111111107,17.5,0.9
2025-10-03 22:08:17+00:00,33.77319800000001,-84.40313400000001,POINT (-84.40313400000001 33.77319800000001),4.5,5.0,4.5,5.0,5.0,5.0,5.0,5.0,19.0,19.0,21.0,21.0,25.444444444444443,46.2,25.347611111111107,17.5,0.9
2025-10-03 22:08:18+00:00,33.7731926,-84.4031178,POINT (-84.4031178 33.7731926),4.5,5.0,4.5,5.0,5.0,5.0,5.0,5.0,19.0,19.0,21.0,21.0,25.500000000000004,46.2,25.40594444444445,17.61111111111111,0.9
2025-10-03 22:08:19+00:00,33.7731875,-84.4031025,POINT (-84.4031025 33.7731875),4.5,5.0,4.5,5.0,5.0,5.0,5.0,5.0,19.0,19.0,21.0,21.0,25.500000000000004,46.2,25.40594444444445,17.61111111111111,0.9
2025-10-03 22:08:20+00:00,33.7731802,-84.4030806,POINT (-84.4030806 33.7731802),4.5,5.0,4.5,5.0,5.0,5.0,5.0,5.0,19.0,19.0,21.0,21.0,25.500000000000004,46.2,25.40594444444445,17.61111111111111,0.9
2025-10-03 22:08:21+00:00,33.77317772263301,-84.40307438791704,POINT (-84.40307438791704 33.77317772263301),4.5,5.0,4.5,5.0,5.0,5.0,5.0,5.0,19.0,19.0,21.0,21.0,25.500000000000004,46.2,25.40594444444445,17.61111111111111,0.9
2025-10-03 22:08:22+00:00,33.773172279170424,-84.40306097366997,POINT (-84.40306097366997 33.773172279170424),4.5,5.0,4.5,5.0,5.0,5.0,5.0,5.0,19.0,19.0,21.0,21.0,25.500000000000004,46.2,25.40594444444445,17.61111111111111,0.9
2025-10-03 22:08:23+00:00,33.77316669431921,-84.4030472110009,POINT (-84.4030472110009 33.77316669431921),4.0,5.0,4.0,5.0,5.0,5.0,5.0,5.0,17.0,17.0,21.0,21.0,25.555555555555557,46.2,25.46427777777778,17.61111111111111,0.8
2025-10-03 22:08:24+00:00,33.77316096807935,-84.40303309990982,POINT (-84.40303309990982 33.77316096807935),4.0,5.0,4.0,5.0,5.0,5.0,5.0,5.0,17.0,17.0,21.0,21.0,25.555555555555557,46.2,25.46427777777778,17.61111111111111,0.8
2025-10-03 22:08:25+00:00,33.77315544887286,-84.40301949900811,POINT (-84.40301949900811 33.77315544887286),4.0,5.0,4.0,5.0,5.0,5.0,5.0,5.0,17.0,17.0,21.0,21.0,25.555555555555557,46.2,25.46427777777778,17.61111111111111,0.8
2025-10-03 22:08:26+00:00,33.77314992966637,-84.4030058981064,POINT (-84.4030058981064 33.77314992966637),4.0,5.0,4.0,5.0,5.0,5.0,5.0,5.0,17.0,17.0,21.0,21.0,25.555555555555557,46.2,25.46427777777778,17.61111111111111,0.8
2025-10-03 22:08:27+00:00,33.77314392064923,-84.40299109017133,POINT (-84.40299109017133 33.77314392064923),4.0,5.0,4.0,5.0,5.0,5.0,5.0,5.0,17.0,17.0,21.0,21.0,25.555555555555557,46.2,25.46427777777778,17.61111111111111,0.8
2025-10-03 22:08:28+00:00,33.773138053020745,-84.40297663065826,POINT (-84.40297663065826 33.773138053020745),4.0,5.0,4.0,5.0,5.0,5.0,5.0,5.0,17.0,17.0,21.0,21.0,25.500000000000004,46.2,25.40594444444445,17.61111111111111,1.3
2025-10-03 22:08:29+00:00,33.77313232678088,-84.40296251956717,POINT (-84.40296251956717 33.77313232678088),4.0,5.0,4.0,5.0,5.0,5.0,5.0,5.0,17.0,17.0,21.0,21.0,25.500000000000004,46.2,25.40594444444445,17.61111111111111,1.3
2025-10-03 22:08:30+00:00,33.77312625211903,-84.40294754986475,POINT (-84.40294754986475 33.77312625211903),4.0,5.0,4.0,5.0,5.0,5.0,5.0,5.0,17.0,17.0,21.0,21.0,25.500000000000004,46.2,25.40594444444445,17.61111111111111,1.3
2025-10-03 22:08:31+00:00,33.77311997042381,-84.40293206997295,POINT (-84.40293206997295 33.77311997042381),4.0,5.0,4.0,5.0,5.0,5.0,5.0,5.0,17.0,17.0,21.0,21.0,25.500000000000004,46.2,25.40594444444445,17.61111111111111,1.3
2025-10-03 22:08:32+00:00,33.77311006311993,-84.40290765554553,POINT (-84.40290765554553 33.77311006311993),4.0,5.0,4.0,5.0,5.0,5.0,5.0,5.0,17.0,17.0,21.0,21.0,25.500000000000004,46.2,25.40594444444445,17.61111111111111,1.3
2025-10-03 22:08:33+00:00,33.773105806311996,-84.40289716555455,POINT (-84.40289716555455 33.773105806311996),4.0,5.0,4.0,5.0,5.0,5.0,5.0,5.0,17.0,17.0,21.0,21.0,25.666666666666668,46.2,25.58094444444445,17.72222222222222,1.0
2025-10-03 22:08:34+00:00,33.7731020393147,-84.40288788259693,POINT (-84.40288788259693 33.7731020393147),4.0,5.0,4.0,5.0,5.0,5.0,5.0,5.0,17.0,17.0,21.0,21.0,25.666666666666668,46.2,25.58094444444445,17.72222222222222,1.0
2025-10-03 22:08:35+00:00,33.77309624743012,-84.4028736097385,POINT (-84.4028736097385 33.77309624743012),4.0,5.0,4.0,5.0,5.0,5.0,5.0,5.0,17.0,17.0,21.0,21.0,25.666666666666668,46.2,25.58094444444445,17.72222222222222,1.0
2025-10-03 22:08:36+00:00,33.77309017276826,-84.40285864003607,POINT (-84.40285864003607 33.77309017276826),4.0,5.0,4.0,5.0,5.0,5.0,5.0,5.0,17.0,17.0,21.0,21.0,25.666666666666668,46.2,25.58094444444445,17.72222222222222,1.0
2025-10-03 22:08:37+00:00,33.77308423949504,-84.40284401875563,POINT (-84.40284401875563 33.77308423949504),4.0,5.0,4.0,5.0,5.0,5.0,5.0,5.0,17.0,17.0,21.0,21.0,25.666666666666668,46.2,25.58094444444445,17.72222222222222,1.0
2025-10-03 22:08:38+00:00,33.773078513255186,-84.40282990766457,POINT (-84.40282990766457 33.773078513255186),5.0,6.0,5.0,6.0,5.5,5.5,5.5,5.5,21.0,21.0,23.0,23.0,25.777777777777782,46.3,25.698916666666676,17.77777777777778,0.8
2025-10-03 22:08:39+00:00,33.7730727213706,-84.40281563480613,POINT (-84.40281563480613 33.7730727213706),5.0,6.0,5.0,6.0,5.5,5.5,5.5,5.5,21.0,21.0,23.0,23.0,25.777777777777782,46.3,25.698916666666676,17.77777777777778,0.8
2025-10-03 22:08:40+00:00,33.773066995130755,-84.40280152371506,POINT (-84.40280152371506 33.773066995130755),5.0,6.0,5.0,6.0,5.5,5.5,5.5,5.5,21.0,21.0,23.0,23.0,25.777777777777782,46.3,25.698916666666676,17.77777777777778,0.8
2025-10-03 22:08:41+00:00,33.77306141027953,-84.40278776104599,POINT (-84.40278776104599 33.77306141027953),5.0,6.0,5.0,6.0,5.5,5.5,5.5,5.5,21.0,21.0,23.0,23.0,25.777777777777782,46.3,25.698916666666676,17.77777777777778,0.8
2025-10-03 22:08:42+00:00,33.773055684039676,-84.40277364995491,POINT (-84.40277364995491 33.773055684039676),5.0,6.0,5.0,6.0,5.5,5.5,5.5,5.5,21.0,21.0,23.0,23.0,25.777777777777782,46.3,25.698916666666676,17.77777777777778,0.8
2025-10-03 22:08:43+00:00,33.77305009918846,-84.40275988728584,POINT (-84.40275988728584 33.77305009918846),5.0,6.0,5.0,6.0,5.5,5.5,5.5,5.5,21.0,21.0,23.0,23.0,25.833333333333332,46.3,25.75725,17.77777777777778,0.9
2025-10-03 22:08:44+00:00,33.773044024526605,-84.4027449175834,POINT (-84.4027449175834 33.773044024526605),5.0,6.0,5.0,6.0,5.5,5.5,5.5,5.5,21.0,21.0,23.0,23.0,25.833333333333332,46.3,25.75725,17.77777777777778,0.9
2025-10-03 22:08:45+00:00,33.77303355166817,-84.40271910946798,POINT (-84.40271910946798 33.77303355166817),5.0,6.0,5.0,6.0,5.5,5.5,5.5,5.5,21.0,21.0,23.0,23.0,25.833333333333332,46.3,25.75725,17.77777777777778,0.9
2025-10-03 22:08:46+00:00,33.77302901208296,-84.402707922633,POINT (-84.402707922633 33.77302901208296),5.0,6.0,5.0,6.0,5.5,5.5,5.5,5.5,21.0,21.0,23.0,23.0,25.833333333333332,46.3,25.75725,17.77777777777778,0.9
2025-10-03 22:08:47+00:00,33.773024962308384,-84.40269794283138,POINT (-84.40269794283138 33.773024962308384),5.0,6.0,5.0,6.0,5.5,5.5,5.5,5.5,21.0,21.0,23.0,23.0,25.833333333333332,46.3,25.75725,17.77777777777778,0.9
2025-10-03 22:08:48+00:00,33.77301888764653,-84.40268297312895,POINT (-84.40268297312895 33.77301888764653),5.0,6.0,5.0,6.0,5.5,5.5,5.5,5.5,21.0,21.0,23.0,23.0,25.777777777777782,46.2,25.697611111111122,17.77777777777778,0.9
2025-10-03 22:08:49+00:00,33.773012671596035,-84.4026676550045,POINT (-84.4026676550045 33.773012671596035),5.0,6.0,5.0,6.0,5.5,5.5,5.5,5.5,21.0,21.0,23.0,23.0,25.777777777777782,46.2,25.697611111111122,17.77777777777778,0.9
2025-10-03 22:08:50+00:00,33.773006248512175,-84.40265182669071,POINT (-84.40265182669071 33.773006248512175),5.0,6.0,5.0,6.0,5.5,5.5,5.5,5.5,21.0,21.0,23.0,23.0,25.777777777777782,46.2,25.697611111111122,17.77777777777778,0.9
2025-10-03 22:08:51+00:00,33.772999825428315,-84.40263599837691,POINT (-84.40263599837691 33.772999825428315),5.0,6.0,5.0,6.0,5.5,5.5,5.5,5.5,21.0,21.0,23.0,23.0,25.777777777777782,46.2,25.697611111111122,17.77777777777778,0.9
2025-10-03 22:08:52+00:00,33.77299375076646,-84.40262102867449,POINT (-84.40262102867449 33.77299375076646),5.0,6.0,5.0,6.0,5.5,5.5,5.5,5.5,21.0,21.0,23.0,23.0,25.777777777777782,46.2,25.697611111111122,17.77777777777778,0.9
2025-10-03 22:08:53+00:00,33.77298397475203,-84.40259693778178,POINT (-84.40259693778178 33.77298397475203),5.0,5.0,5.0,5.0,6.0,6.0,6.0,6.0,21.0,21.0,25.0,25.0,25.666666666666668,46.2,25.58094444444445,17.72222222222222,0.9
2025-10-03 22:08:54+00:00,33.7729811116321,-84.40258988223624,POINT (-84.40258988223624 33.7729811116321),5.0,5.0,5.0,5.0,6.0,6.0,6.0,6.0,21.0,21.0,25.0,25.0,25.666666666666668,46.2,25.58094444444445,17.72222222222222,0.9
2025-10-03 22:08:55+00:00,33.772970083318306,-84.40256270532011,POINT (-84.40256270532011 33.772970083318306),5.0,5.0,5.0,5.0,6.0,6.0,6.0,6.0,21.0,21.0,25.0,25.0,25.666666666666668,46.2,25.58094444444445,17.72222222222222,0.9
2025-10-03 22:08:56+00:00,33.77296589215509,-84.40255237709648,POINT (-84.40255237709648 33.77296589215509),5.0,5.0,5.0,5.0,6.0,6.0,6.0,6.0,21.0,21.0,25.0,25.0,25.666666666666668,46.2,25.58094444444445,17.72222222222222,0.9
2025-10-03 22:08:57+00:00,33.77296149395852,-84.4025415386835,POINT (-84.4025415386835 33.77296149395852),5.0,5.0,5.0,5.0,6.0,6.0,6.0,6.0,21.0,21.0,25.0,25.0,25.666666666666668,46.2,25.58094444444445,17.72222222222222,0.9
2025-10-03 22:08:58+00:00,33.77295136952209,-84.40251658917944,POINT (-84.40251658917944 33.77295136952209),5.0,5.0,5.0,5.0,6.0,6.0,6.0,6.0,21.0,21.0,25.0,25.0,25.500000000000004,46.0,25.403333333333332,17.61111111111111,1.0
2025-10-03 22:08:59+00:00,33.772946829936885,-84.40250540234446,POINT (-84.40250540234446 33.772946829936885),5.0,5.0,5.0,5.0,6.0,6.0,6.0,6.0,21.0,21.0,25.0,25.0,25.500000000000004,46.0,25.403333333333332,17.61111111111111,1.0
2025-10-03 22:09:00+00:00,33.77294278016231,-84.40249542254283,POINT (-84.40249542254283 33.77294278016231),5.0,5.0,5.0,5.0,6.0,6.0,6.0,6.0,21.0,21.0,25.0,25.0,25.500000000000004,46.0,25.403333333333332,17.61111111111111,1.0
2025-10-03 22:09:01+00:00,33.772936846889095,-84.4024808012624,POINT (-84.4024808012624 33.772936846889095),5.0,5.0,5.0,5.0,6.0,6.0,6.0,6.0,21.0,21.0,25.0,25.0,25.500000000000004,46.0,25.403333333333332,17.61111111111111,1.0
2025-10-03 22:09:02+00:00,33.772930772227234,-84.40246583155997,POINT (-84.40246583155997 33.772930772227234),5.0,5.0,5.0,5.0,6.0,6.0,6.0,6.0,21.0,21.0,25.0,25.0,25.500000000000004,46.0,25.403333333333332,17.61111111111111,1.0
2025-10-03 22:09:03+00:00,33.77292483895401,-84.40245121027952,POINT (-84.40245121027952 33.77292483895401),5.0,5.0,5.0,5.0,6.0,6.0,6.0,6.0,21.0,21.0,25.0,25.0,25.555555555555557,46.0,25.46166666666667,17.61111111111111,0.9
2025-10-03 22:09:04+00:00,33.772919254102796,-84.40243744761047,POINT (-84.40243744761047 33.772919254102796),5.0,5.0,5.0,5.0,6.0,6.0,6.0,6.0,21.0,21.0,25.0,25.0,25.555555555555557,46.0,25.46166666666667,17.61111111111111,0.9
2025-10-03 22:09:05+00:00,33.77291401767358,-84.40242454355274,POINT (-84.40242454355274 33.77291401767358),5.0,5.0,5.0,5.0,6.0,6.0,6.0,6.0,21.0,21.0,25.0,25.0,25.555555555555557,46.0,25.46166666666667,17.61111111111111,0.9
2025-10-03 22:09:06+00:00,33.77290633219116,-84.40240560432822,POINT (-84.40240560432822 33.77290633219116),5.0,5.0,5.0,5.0,6.0,6.0,6.0,6.0,21.0,21.0,25.0,25.0,25.555555555555557,46.0,25.46166666666667,17.61111111111111,0.9
2025-10-03 22:09:07+00:00,33.77290381749324,-84.40239940739404,POINT (-84.40239940739404 33.77290381749324),5.0,5.0,5.0,5.0,6.0,6.0,6.0,6.0,21.0,21.0,25.0,25.0,25.555555555555557,46.0,25.46166666666667,17.61111111111111,0.9
2025-10-03 22:09:08+00:00,33.7729,-84.40239,POINT (-84.40239 33.7729),6.5,6.5,6.5,6.5,6.0,6.0,6.0,6.0,27.0,27.0,25.0,25.0,25.555555555555557,46.0,25.46166666666667,17.61111111111111,0.8
2025-10-03 22:09:09+00:00,33.77289213465347,-84.40237754653465,POINT (-84.40237754653465 33.77289213465347),6.5,6.5,6.5,6.5,6.0,6.0,6.0,6.0,27.0,27.0,25.0,25.0,25.555555555555557,46.0,25.46166666666667,17.61111111111111,0.8
2025-10-03 22:09:10+00:00,33.7728836990099,-84.40236419009901,POINT (-84.40236419009901 33.7728836990099),6.5,6.5,6.5,6.5,6.0,6.0,6.0,6.0,27.0,27.0,25.0,25.0,25.555555555555557,46.0,25.46166666666667,17.61111111111111,0.8
2025-10-03 22:09:11+00:00,33.77287067722772,-84.40234357227723,POINT (-84.40234357227723 33.77287067722772),6.5,6.5,6.5,6.5,6.0,6.0,6.0,6.0,27.0,27.0,25.0,25.0,25.555555555555557,46.0,25.46166666666667,17.61111111111111,0.8
2025-10-03 22:09:12+00:00,33.772866091089114,-84.40233631089109,POINT (-84.40233631089109 33.772866091089114),6.5,6.5,6.5,6.5,6.0,6.0,6.0,6.0,27.0,27.0,25.0,25.0,25.555555555555557,46.0,25.46166666666667,17.61111111111111,0.8
2025-10-03 22:09:13+00:00,33.77285765544554,-84.40232295445544,POINT (-84.40232295445544 33.77285765544554),6.5,6.5,6.5,6.5,6.0,6.0,6.0,6.0,27.0,27.0,25.0,25.0,25.444444444444443,45.9,25.343694444444445,17.5,0.9
2025-10-03 22:09:14+00:00,33.77284848316832,-84.40230843168317,POINT (-84.40230843168317 33.77284848316832),6.5,6.5,6.5,6.5,6.0,6.0,6.0,6.0,27.0,27.0,25.0,25.0,25.444444444444443,45.9,25.343694444444445,17.5,0.9
2025-10-03 22:09:15+00:00,33.77283976237624,-84.40229462376237,POINT (-84.40229462376237 33.77283976237624),6.5,6.5,6.5,6.5,6.0,6.0,6.0,6.0,27.0,27.0,25.0,25.0,25.444444444444443,45.9,25.343694444444445,17.5,0.9
2025-10-03 22:09:16+00:00,33.772826455445546,-84.40227355445545,POINT (-84.40227355445545 33.772826455445546),6.5,6.5,6.5,6.5,6.0,6.0,6.0,6.0,27.0,27.0,25.0,25.0,25.444444444444443,45.9,25.343694444444445,17.5,0.9
2025-10-03 22:09:17+00:00,33.77282232079208,-84.4022670079208,POINT (-84.4022670079208 33.77282232079208),6.5,6.5,6.5,6.5,6.0,6.0,6.0,6.0,27.0,27.0,25.0,25.0,25.444444444444443,45.9,25.343694444444445,17.5,0.9
2025-10-03 22:09:18+00:00,33.772813600000006,-84.4022532,POINT (-84.4022532 33.772813600000006),6.5,6.5,6.5,6.5,6.0,6.0,6.0,6.0,27.0,27.0,25.0,25.0,25.444444444444443,45.8,25.342388888888888,17.38888888888889,0.9
2025-10-03 22:09:19+00:00,33.77280487920792,-84.40223939207921,POINT (-84.40223939207921 33.77280487920792),6.5,6.5,6.5,6.5,6.0,6.0,6.0,6.0,27.0,27.0,25.0,25.0,25.444444444444443,45.8,25.342388888888888,17.38888888888889,0.9
2025-10-03 22:09:20+00:00,33.772795706930694,-84.40222486930693,POINT (-84.40222486930693 33.772795706930694),6.5,6.5,6.5,6.5,6.0,6.0,6.0,6.0,27.0,27.0,25.0,25.0,25.444444444444443,45.8,25.342388888888888,17.38888888888889,0.9
2025-10-03 22:09:21+00:00,33.77278681980198,-84.4022107980198,POINT (-84.4022107980198 33.77278681980198),6.5,6.5,6.5,6.5,6.0,6.0,6.0,6.0,27.0,27.0,25.0,25.0,25.444444444444443,45.8,25.342388888888888,17.38888888888889,0.9
2025-10-03 22:09:22+00:00,33.772777962554144,-84.40219685524661,POINT (-84.40219685524661 33.772777962554144),6.5,6.5,6.5,6.5,6.0,6.0,6.0,6.0,27.0,27.0,25.0,25.0,25.444444444444443,45.8,25.342388888888888,17.38888888888889,0.9
2025-10-03 22:09:23+00:00,33.7727687522705,-84.40218263937403,POINT (-84.40218263937403 33.7727687522705),6.5,6.5,6.5,6.5,7.0,7.0,7.0,7.0,27.0,27.0,29.0,29.0,25.500000000000004,45.8,25.400722222222228,17.5,0.9
2025-10-03 22:09:24+00:00,33.772759246332264,-84.40216796716501,POINT (-84.40216796716501 33.772759246332264),6.5,6.5,6.5,6.5,7.0,7.0,7.0,7.0,27.0,27.0,29.0,29.0,25.500000000000004,45.8,25.400722222222228,17.5,0.9
2025-10-03 22:09:25+00:00,33.77274990107587,-84.40215354296492,POINT (-84.40215354296492 33.77274990107587),6.5,6.5,6.5,6.5,7.0,7.0,7.0,7.0,27.0,27.0,29.0,29.0,25.500000000000004,45.8,25.400722222222228,17.5,0.9
2025-10-03 22:09:26+00:00,33.77273542685483,-84.40213120231941,POINT (-84.40213120231941 33.77273542685483),6.5,6.5,6.5,6.5,7.0,7.0,7.0,7.0,27.0,27.0,29.0,29.0,25.500000000000004,45.8,25.400722222222228,17.5,0.9
2025-10-03 22:09:27+00:00,33.772729545899125,-84.40212212519212,POINT (-84.40212212519212 33.772729545899125),6.5,6.5,6.5,6.5,7.0,7.0,7.0,7.0,27.0,27.0,29.0,29.0,25.500000000000004,45.8,25.400722222222228,17.5,0.9
2025-10-03 22:09:28+00:00,33.77272366494341,-84.40211304806483,POINT (-84.40211304806483 33.77272366494341),6.5,6.5,6.5,6.5,7.0,7.0,7.0,7.0,27.0,27.0,29.0,29.0,25.38888888888889,45.9,25.28536111111112,17.38888888888889,0.9
2025-10-03 22:09:29+00:00,33.772710694704486,-84.402093028783,POINT (-84.402093028783 33.772710694704486),6.5,6.5,6.5,6.5,7.0,7.0,7.0,7.0,27.0,27.0,29.0,29.0,25.38888888888889,45.9,25.28536111111112,17.38888888888889,0.9
2025-10-03 22:09:30+00:00,33.77270602207629,-84.40208581668297,POINT (-84.40208581668297 33.77270602207629),6.5,6.5,6.5,6.5,7.0,7.0,7.0,7.0,27.0,27.0,29.0,29.0,25.38888888888889,45.9,25.28536111111112,17.38888888888889,0.9
2025-10-03 22:09:31+00:00,33.77269184350985,-84.40206393237389,POINT (-84.40206393237389 33.77269184350985),6.5,6.5,6.5,6.5,7.0,7.0,7.0,7.0,27.0,27.0,29.0,29.0,25.38888888888889,45.9,25.28536111111112,17.38888888888889,0.9
2025-10-03 22:09:32+00:00,33.77268596255415,-84.40205485524662,POINT (-84.40205485524662 33.77268596255415),6.5,6.5,6.5,6.5,7.0,7.0,7.0,7.0,27.0,27.0,29.0,29.0,25.38888888888889,45.9,25.28536111111112,17.38888888888889,0.9
2025-10-03 22:09:33+00:00,33.77268008159844,-84.40204577811932,POINT (-84.40204577811932 33.77268008159844),6.5,6.5,6.5,6.5,7.0,7.0,7.0,7.0,27.0,27.0,29.0,29.0,25.38888888888889,46.1,25.287972222222223,17.5,0.8
2025-10-03 22:09:34+00:00,33.772671783987704,-84.40203297093754,POINT (-84.40203297093754 33.772671783987704),6.5,6.5,6.5,6.5,7.0,7.0,7.0,7.0,27.0,27.0,29.0,29.0,25.38888888888889,46.1,25.287972222222223,17.5,0.8
2025-10-03 22:09:35+00:00,33.77266273438592,-84.40201900307392,POINT (-84.40201900307392 33.77266273438592),6.5,6.5,6.5,6.5,7.0,7.0,7.0,7.0,27.0,27.0,29.0,29.0,25.38888888888889,46.1,25.287972222222223,17.5,0.8
2025-10-03 22:09:36+00:00,33.77265368478413,-84.40200503521028,POINT (-84.40200503521028 33.77265368478413),6.5,6.5,6.5,6.5,7.0,7.0,7.0,7.0,27.0,27.0,29.0,29.0,25.38888888888889,46.1,25.287972222222223,17.5,0.8
2025-10-03 22:09:37+00:00,33.77264447450049,-84.40199081933771,POINT (-84.40199081933771 33.77264447450049),6.5,6.5,6.5,6.5,7.0,7.0,7.0,7.0,27.0,27.0,29.0,29.0,25.38888888888889,46.1,25.287972222222223,17.5,0.8
2025-10-03 22:09:38+00:00,33.772634968562244,-84.40197614712868,POINT (-84.40197614712868 33.772634968562244),6.0,7.0,6.0,7.0,7.0,7.0,7.0,7.0,25.0,25.0,29.0,29.0,25.33333333333333,46.2,25.230944444444436,17.5,0.9
2025-10-03 22:09:39+00:00,33.77262138130502,-84.40195517549253,POINT (-84.40195517549253 33.77262138130502),6.0,7.0,6.0,7.0,7.0,7.0,7.0,7.0,25.0,25.0,29.0,29.0,25.33333333333333,46.2,25.230944444444436,17.5,0.9
2025-10-03 22:09:40+00:00,33.77261670867682,-84.40194796339247,POINT (-84.40194796339247 33.77261670867682),6.0,7.0,6.0,7.0,7.0,7.0,7.0,7.0,25.0,25.0,29.0,29.0,25.33333333333333,46.2,25.230944444444436,17.5,0.9
2025-10-03 22:09:41+00:00,33.77260795472964,-84.4019344518653,POINT (-84.4019344518653 33.77260795472964),6.0,7.0,6.0,7.0,7.0,7.0,7.0,7.0,25.0,25.0,29.0,29.0,25.33333333333333,46.2,25.230944444444436,17.5,0.9
2025-10-03 22:09:42+00:00,33.77259890512785,-84.40192048400168,POINT (-84.40192048400168 33.77259890512785),6.0,7.0,6.0,7.0,7.0,7.0,7.0,7.0,25.0,25.0,29.0,29.0,25.33333333333333,46.2,25.230944444444436,17.5,0.9
2025-10-03 22:09:43+00:00,33.77258985552606,-84.40190651613804,POINT (-84.40190651613804 33.77258985552606),6.0,7.0,6.0,7.0,7.0,7.0,7.0,7.0,25.0,25.0,29.0,29.0,25.38888888888889,46.2,25.28927777777778,17.5,0.9
2025-10-03 22:09:44+00:00,33.77257809361465,-84.40188836188348,POINT (-84.40188836188348 33.77257809361465),6.0,7.0,6.0,7.0,7.0,7.0,7.0,7.0,25.0,25.0,29.0,29.0,25.38888888888889,46.2,25.28927777777778,17.5,0.9
2025-10-03 22:09:45+00:00,33.772573877322905,-84.40188185412883,POINT (-84.40188185412883 33.772573877322905),6.0,7.0,6.0,7.0,7.0,7.0,7.0,7.0,25.0,25.0,29.0,29.0,25.38888888888889,46.2,25.28927777777778,17.5,0.9
2025-10-03 22:09:46+00:00,33.77256077211122,-84.40186162651949,POINT (-84.40186162651949 33.77256077211122),6.0,7.0,6.0,7.0,7.0,7.0,7.0,7.0,25.0,25.0,29.0,29.0,25.38888888888889,46.2,25.28927777777778,17.5,0.9
2025-10-03 22:09:47+00:00,33.772555643146575,-84.40185371007405,POINT (-84.40185371007405 33.772555643146575),6.0,7.0,6.0,7.0,7.0,7.0,7.0,7.0,25.0,25.0,29.0,29.0,25.38888888888889,46.2,25.28927777777778,17.5,0.9
2025-10-03 22:09:48+00:00,33.772550218527314,-84.40184533729216,POINT (-84.40184533729216 33.772550218527314),6.0,7.0,6.0,7.0,7.0,7.0,7.0,7.0,25.0,25.0,29.0,29.0,25.38888888888889,46.3,25.29058333333334,17.5,0.0
2025-10-03 22:09:49+00:00,33.77254208159844,-84.40183277811931,POINT (-84.40183277811931 33.77254208159844),6.0,7.0,6.0,7.0,7.0,7.0,7.0,7.0,25.0,25.0,29.0,29.0,25.38888888888889,46.3,25.29058333333334,17.5,0.0
2025-10-03 22:09:50+00:00,33.772533783987704,-84.40181997093754,POINT (-84.40181997093754 33.772533783987704),6.0,7.0,6.0,7.0,7.0,7.0,7.0,7.0,25.0,25.0,29.0,29.0,25.38888888888889,46.3,25.29058333333334,17.5,0.0
2025-10-03 22:09:51+00:00,33.77252535140423,-84.40180695542826,POINT (-84.40180695542826 33.77252535140423),6.0,7.0,6.0,7.0,7.0,7.0,7.0,7.0,25.0,25.0,29.0,29.0,25.38888888888889,46.3,25.29058333333334,17.5,0.0
2025-10-03 22:09:52+00:00,33.77251238116529,-84.40178693614642,POINT (-84.40178693614642 33.77251238116529),6.0,7.0,6.0,7.0,7.0,7.0,7.0,7.0,25.0,25.0,29.0,29.0,25.38888888888889,46.3,25.29058333333334,17.5,0.0
2025-10-03 22:09:53+00:00,33.77250816487355,-84.40178042839177,POINT (-84.40178042839177 33.77250816487355),8.0,8.0,8.0,8.0,7.0,7.0,7.0,7.0,33.0,33.0,29.0,29.0,25.33333333333333,46.4,25.233555555555554,17.5,0.0
2025-10-03 22:09:54+00:00,33.77249957160822,-84.40176716487355,POINT (-84.40176716487355 33.77249957160822),8.0,8.0,8.0,8.0,7.0,7.0,7.0,7.0,33.0,33.0,29.0,29.0,25.33333333333333,46.4,25.233555555555554,17.5,0.0
2025-10-03 22:09:55+00:00,33.77249143467934,-84.40175460570072,POINT (-84.40175460570072 33.77249143467934),8.0,8.0,8.0,8.0,7.0,7.0,7.0,7.0,33.0,33.0,29.0,29.0,25.33333333333333,46.4,25.233555555555554,17.5,0.0
2025-10-03 22:09:56+00:00,33.77248329775046,-84.40174204652789,POINT (-84.40174204652789 33.77248329775046),8.0,8.0,8.0,8.0,7.0,7.0,7.0,7.0,33.0,33.0,29.0,29.0,25.33333333333333,46.4,25.233555555555554,17.5,0.0
2025-10-03 22:09:57+00:00,33.77247032751153,-84.40172202724605,POINT (-84.40172202724605 33.77247032751153),8.0,8.0,8.0,8.0,7.0,7.0,7.0,7.0,33.0,33.0,29.0,29.0,25.33333333333333,46.4,25.233555555555554,17.5,0.0
2025-10-03 22:09:58+00:00,33.77246595053794,-84.40171527148247,POINT (-84.40171527148247 33.77246595053794),8.0,8.0,8.0,8.0,7.0,7.0,7.0,7.0,33.0,33.0,29.0,29.0,25.444444444444443,46.5,25.351527777777775,17.61111111111111,1.0
2025-10-03 22:09:59+00:00,33.77245719659075,-84.40170175995529,POINT (-84.40170175995529 33.77245719659075),8.0,8.0,8.0,8.0,7.0,7.0,7.0,7.0,33.0,33.0,29.0,29.0,25.444444444444443,46.5,25.351527777777775,17.61111111111111,1.0
2025-10-03 22:10:00+00:00,33.772448898980024,-84.40168895277351,POINT (-84.40168895277351 33.772448898980024),8.0,8.0,8.0,8.0,7.0,7.0,7.0,7.0,33.0,33.0,29.0,29.0,25.444444444444443,46.5,25.351527777777775,17.61111111111111,1.0
2025-10-03 22:10:01+00:00,33.77244014503283,-84.40167544124633,POINT (-84.40167544124633 33.77244014503283),8.0,8.0,8.0,8.0,7.0,7.0,7.0,7.0,33.0,33.0,29.0,29.0,25.444444444444443,46.5,25.351527777777775,17.61111111111111,1.0
2025-10-03 22:10:02+00:00,33.77242730976666,-84.40165563029203,POINT (-84.40165563029203 33.77242730976666),8.0,8.0,8.0,8.0,7.0,7.0,7.0,7.0,33.0,33.0,29.0,29.0,25.444444444444443,46.5,25.351527777777775,17.61111111111111,1.0
2025-10-03 22:10:03+00:00,33.77242338912953,-84.40164957887383,POINT (-84.40164957887383 33.77242338912953),8.0,8.0,8.0,8.0,7.0,7.0,7.0,7.0,33.0,33.0,29.0,29.0,25.72222222222222,46.7,25.645805555555558,17.77777777777778,0.9
2025-10-03 22:10:04+00:00,33.772415387173396,-84.40163722802849,POINT (-84.40163722802849 33.772415387173396),8.0,8.0,8.0,8.0,7.0,7.0,7.0,7.0,33.0,33.0,29.0,29.0,25.72222222222222,46.7,25.645805555555558,17.77777777777778,0.9
2025-10-03 22:10:05+00:00,33.77240738521727,-84.40162487718318,POINT (-84.40162487718318 33.77240738521727),8.0,8.0,8.0,8.0,7.0,7.0,7.0,7.0,33.0,33.0,29.0,29.0,25.72222222222222,46.7,25.645805555555558,17.77777777777778,0.9
2025-10-03 22:10:06+00:00,33.772399678915754,-84.40161298267431,POINT (-84.40161298267431 33.772399678915754),8.0,8.0,8.0,8.0,7.0,7.0,7.0,7.0,33.0,33.0,29.0,29.0,25.72222222222222,46.7,25.645805555555558,17.77777777777778,0.9
2025-10-03 22:10:07+00:00,33.77239258963253,-84.40160204051978,POINT (-84.40160204051978 33.77239258963253),8.0,8.0,8.0,8.0,7.0,7.0,7.0,7.0,33.0,33.0,29.0,29.0,25.72222222222222,46.7,25.645805555555558,17.77777777777778,0.9
2025-10-03 22:10:08+00:00,33.772385500349316,-84.40159109836524,POINT (-84.40159109836524 33.772385500349316),7.0,8.0,7.0,8.0,6.0,6.0,6.0,6.0,29.0,29.0,25.0,25.0,25.888888888888886,46.8,25.822111111111113,18.000000000000004,0.9
2025-10-03 22:10:09+00:00,33.77237811541149,-84.40157969987425,POINT (-84.40157969987425 33.77237811541149),7.0,8.0,7.0,8.0,6.0,6.0,6.0,6.0,29.0,29.0,25.0,25.0,25.888888888888886,46.8,25.822111111111113,18.000000000000004,0.9
2025-10-03 22:10:10+00:00,33.77236997848261,-84.40156714070142,POINT (-84.40156714070142 33.77236997848261),7.0,8.0,7.0,8.0,6.0,6.0,6.0,6.0,29.0,29.0,25.0,25.0,25.888888888888886,46.8,25.822111111111113,18.000000000000004,0.9
2025-10-03 22:10:11+00:00,33.77236229789018,-84.40155528587397,POINT (-84.40155528587397 33.77236229789018),7.0,8.0,7.0,8.0,6.0,6.0,6.0,6.0,29.0,29.0,25.0,25.0,25.888888888888886,46.8,25.822111111111113,18.000000000000004,0.9
2025-10-03 22:10:12+00:00,33.77235072236971,-84.40153741930976,POINT (-84.40153741930976 33.77235072236971),7.0,8.0,7.0,8.0,6.0,6.0,6.0,6.0,29.0,29.0,25.0,25.0,25.888888888888886,46.8,25.822111111111113,18.000000000000004,0.9
2025-10-03 22:10:13+00:00,33.772346666759816,-84.40153115956406,POINT (-84.40153115956406 33.772346666759816),7.0,8.0,7.0,8.0,6.0,6.0,6.0,6.0,29.0,29.0,25.0,25.0,25.944444444444443,46.9,25.881750000000004,18.111111111111107,0.9
2025-10-03 22:10:14+00:00,33.77233297023893,-84.40151001928183,POINT (-84.40151001928183 33.77233297023893),7.0,8.0,7.0,8.0,6.0,6.0,6.0,6.0,29.0,29.0,25.0,25.0,25.944444444444443,46.9,25.881750000000004,18.111111111111107,0.9
2025-10-03 22:10:15+00:00,33.772326793628615,-84.40150048581808,POINT (-84.40150048581808 33.772326793628615),7.0,8.0,7.0,8.0,6.0,6.0,6.0,6.0,29.0,29.0,25.0,25.0,25.944444444444443,46.9,25.881750000000004,18.111111111111107,0.9
2025-10-03 22:10:16+00:00,33.77232091267291,-84.40149140869079,POINT (-84.40149140869079 33.77232091267291),7.0,8.0,7.0,8.0,6.0,6.0,6.0,6.0,29.0,29.0,25.0,25.0,25.944444444444443,46.9,25.881750000000004,18.111111111111107,0.9
2025-10-03 22:10:17+00:00,33.772302429551694,-84.40147016239708,POINT (-84.40147016239708 33.772302429551694),7.0,8.0,7.0,8.0,6.0,6.0,6.0,6.0,29.0,29.0,25.0,25.0,25.944444444444443,46.9,25.881750000000004,18.111111111111107,0.9
2025-10-03 22:10:18+00:00,33.77229576440988,-84.40146263723696,POINT (-84.40146263723696 33.77229576440988),7.0,8.0,7.0,8.0,6.0,6.0,6.0,6.0,29.0,29.0,25.0,25.0,25.833333333333332,47.0,25.766388888888894,18.000000000000004,0.9
2025-10-03 22:10:19+00:00,33.77228816331199,-84.40145405535225,POINT (-84.40145405535225 33.77228816331199),7.0,8.0,7.0,8.0,6.0,6.0,6.0,6.0,29.0,29.0,25.0,25.0,25.833333333333332,47.0,25.766388888888894,18.000000000000004,0.9
2025-10-03 22:10:20+00:00,33.77227781107045,-84.4014423673376,POINT (-84.4014423673376 33.77227781107045),7.0,8.0,7.0,8.0,6.0,6.0,6.0,6.0,29.0,29.0,25.0,25.0,25.833333333333332,47.0,25.766388888888894,18.000000000000004,0.9
2025-10-03 22:10:21+00:00,33.772268394785,-84.40143173604757,POINT (-84.40143173604757 33.772268394785),7.0,8.0,7.0,8.0,6.0,6.0,6.0,6.0,29.0,29.0,25.0,25.0,25.833333333333332,47.0,25.766388888888894,18.000000000000004,0.9
2025-10-03 22:10:22+00:00,33.77225903522416,-84.40142116880146,POINT (-84.40142116880146 33.77225903522416),7.0,8.0,7.0,8.0,6.0,6.0,6.0,6.0,29.0,29.0,25.0,25.0,25.833333333333332,47.0,25.766388888888894,18.000000000000004,0.9
2025-10-03 22:10:23+00:00,33.77224973238793,-84.40141066559926,POINT (-84.40141066559926 33.77224973238793),5.0,5.0,5.0,5.0,5.0,7.0,5.0,7.0,21.0,21.0,21.0,21.0,25.777777777777782,46.9,25.706750000000007,17.88888888888889,1.0
2025-10-03 22:10:24+00:00,33.772240372827085,-84.40140009835315,POINT (-84.40140009835315 33.772240372827085),5.0,5.0,5.0,5.0,5.0,7.0,5.0,7.0,21.0,21.0,21.0,21.0,25.777777777777782,46.9,25.706750000000007,17.88888888888889,1.0
2025-10-03 22:10:25+00:00,33.77223101326624,-84.40138953110704,POINT (-84.40138953110704 33.77223101326624),5.0,5.0,5.0,5.0,5.0,7.0,5.0,7.0,21.0,21.0,21.0,21.0,25.777777777777782,46.9,25.706750000000007,17.88888888888889,1.0
2025-10-03 22:10:26+00:00,33.77222215004574,-84.40137952424519,POINT (-84.40137952424519 33.77222215004574),5.0,5.0,5.0,5.0,5.0,7.0,5.0,7.0,21.0,21.0,21.0,21.0,25.777777777777782,46.9,25.706750000000007,17.88888888888889,1.0
2025-10-03 22:10:27+00:00,33.772213783165604,-84.40137007776761,POINT (-84.40137007776761 33.772213783165604),5.0,5.0,5.0,5.0,5.0,7.0,5.0,7.0,21.0,21.0,21.0,21.0,25.777777777777782,46.9,25.706750000000007,17.88888888888889,1.0
2025-10-03 22:10:28+00:00,33.77220535956084,-84.4013605672461,POINT (-84.4013605672461 33.77220535956084),5.0,5.0,5.0,5.0,5.0,7.0,5.0,7.0,21.0,21.0,21.0,21.0,25.72222222222222,46.9,25.648416666666662,17.88888888888889,0.9
2025-10-03 22:10:29+00:00,33.77219743229644,-84.40135161710887,POINT (-84.40135161710887 33.77219743229644),5.0,5.0,5.0,5.0,5.0,7.0,5.0,7.0,21.0,21.0,21.0,21.0,25.72222222222222,46.9,25.648416666666662,17.88888888888889,0.9
2025-10-03 22:10:30+00:00,33.772187633119856,-84.40134055352242,POINT (-84.40134055352242 33.772187633119856),5.0,5.0,5.0,5.0,5.0,7.0,5.0,7.0,21.0,21.0,21.0,21.0,25.72222222222222,46.9,25.648416666666662,17.88888888888889,0.9
2025-10-03 22:10:31+00:00,33.77217876989936,-84.40133054666056,POINT (-84.40133054666056 33.77217876989936),5.0,5.0,5.0,5.0,5.0,7.0,5.0,7.0,21.0,21.0,21.0,21.0,25.72222222222222,46.9,25.648416666666662,17.88888888888889,0.9
2025-10-03 22:10:32+00:00,33.77216990667887,-84.40132053979872,POINT (-84.40132053979872 33.77216990667887),5.0,5.0,5.0,5.0,5.0,7.0,5.0,7.0,21.0,21.0,21.0,21.0,25.72222222222222,46.9,25.648416666666662,17.88888888888889,0.9
2025-10-03 22:10:33+00:00,33.77216192268985,-84.40131152561756,POINT (-84.40131152561756 33.77216192268985),5.0,5.0,5.0,5.0,5.0,7.0,5.0,7.0,21.0,21.0,21.0,21.0,25.833333333333332,46.9,25.765083333333333,17.88888888888889,0.0
2025-10-03 22:10:34+00:00,33.77215432159195,-84.40130294373284,POINT (-84.40130294373284 33.77215432159195),5.0,5.0,5.0,5.0,5.0,7.0,5.0,7.0,21.0,21.0,21.0,21.0,25.833333333333332,46.9,25.765083333333333,17.88888888888889,0.0
2025-10-03 22:10:35+00:00,33.77214578453797,-84.4012933051235,POINT (-84.4012933051235 33.77214578453797),5.0,5.0,5.0,5.0,5.0,7.0,5.0,7.0,21.0,21.0,21.0,21.0,25.833333333333332,46.9,25.765083333333333,17.88888888888889,0.0
2025-10-03 22:10:36+00:00,33.77213675114364,-84.40128310612991,POINT (-84.40128310612991 33.77213675114364),5.0,5.0,5.0,5.0,5.0,7.0,5.0,7.0,21.0,21.0,21.0,21.0,25.833333333333332,46.9,25.765083333333333,17.88888888888889,0.0
2025-10-03 22:10:37+00:00,33.772127278133574,-84.40127241079597,POINT (-84.40127241079597 33.772127278133574),5.0,5.0,5.0,5.0,5.0,7.0,5.0,7.0,21.0,21.0,21.0,21.0,25.833333333333332,46.9,25.765083333333333,17.88888888888889,0.0
2025-10-03 22:10:38+00:00,33.77211730878317,-84.40126115507776,POINT (-84.40126115507776 33.77211730878317),7.0,7.0,7.0,7.0,6.0,7.0,6.0,7.0,29.0,29.0,25.0,25.0,25.833333333333332,46.9,25.765083333333333,18.000000000000004,1.0
2025-10-03 22:10:39+00:00,33.77210689981702,-84.40124940301921,POINT (-84.40124940301921 33.77210689981702),7.0,7.0,7.0,7.0,6.0,7.0,6.0,7.0,29.0,29.0,25.0,25.0,25.833333333333332,46.9,25.765083333333333,18.000000000000004,1.0
2025-10-03 22:10:40+00:00,33.77209605123513,-84.4012371546203,POINT (-84.4012371546203 33.77209605123513),7.0,7.0,7.0,7.0,6.0,7.0,6.0,7.0,29.0,29.0,25.0,25.0,25.833333333333332,46.9,25.765083333333333,18.000000000000004,1.0
2025-10-03 22:10:41+00:00,33.77208426669717,-84.4012238494968,POINT (-84.4012238494968 33.77208426669717),7.0,7.0,7.0,7.0,6.0,7.0,6.0,7.0,29.0,29.0,25.0,25.0,25.833333333333332,46.9,25.765083333333333,18.000000000000004,1.0
2025-10-03 22:10:42+00:00,33.77207297849955,-84.40121110475755,POINT (-84.40121110475755 33.77207297849955),7.0,7.0,7.0,7.0,6.0,7.0,6.0,7.0,29.0,29.0,25.0,25.0,25.833333333333332,46.9,25.765083333333333,18.000000000000004,1.0
2025-10-03 22:10:43+00:00,33.77205513860934,-84.40119096294602,POINT (-84.40119096294602 33.77205513860934),7.0,7.0,7.0,7.0,6.0,7.0,6.0,7.0,29.0,29.0,25.0,25.0,25.944444444444443,47.0,25.883055555555554,18.000000000000004,0.0
2025-10-03 22:10:44+00:00,33.77204952287283,-84.40118462259835,POINT (-84.40118462259835 33.77204952287283),7.0,7.0,7.0,7.0,6.0,7.0,6.0,7.0,29.0,29.0,25.0,25.0,25.944444444444443,47.0,25.883055555555554,18.000000000000004,0.0
2025-10-03 22:10:45+00:00,33.77202969762123,-84.40116223924977,POINT (-84.40116223924977 33.77202969762123),7.0,7.0,7.0,7.0,6.0,7.0,6.0,7.0,29.0,29.0,25.0,25.0,25.944444444444443,47.0,25.883055555555554,18.000000000000004,0.0
2025-10-03 22:10:46+00:00,33.772022153247946,-84.40115372140896,POINT (-84.40115372140896 33.772022153247946),7.0,7.0,7.0,7.0,6.0,7.0,6.0,7.0,29.0,29.0,25.0,25.0,25.944444444444443,47.0,25.883055555555554,18.000000000000004,0.0
2025-10-03 22:10:47+00:00,33.772014608874656,-84.40114520356815,POINT (-84.40114520356815 33.772014608874656),7.0,7.0,7.0,7.0,6.0,7.0,6.0,7.0,29.0,29.0,25.0,25.0,25.944444444444443,47.0,25.883055555555554,18.000000000000004,0.0
2025-10-03 22:10:48+00:00,33.772003388617556,-84.40113267488877,POINT (-84.40113267488877 33.772003388617556),7.0,7.0,7.0,7.0,6.0,7.0,6.0,7.0,29.0,29.0,25.0,25.0,26.0,47.0,25.94138888888889,18.111111111111107,0.9
2025-10-03 22:10:49+00:00,33.77199297926117,-84.40112114179504,POINT (-84.40112114179504 33.77199297926117),7.0,7.0,7.0,7.0,6.0,7.0,6.0,7.0,29.0,29.0,25.0,25.0,26.0,47.0,25.94138888888889,18.111111111111107,0.9
2025-10-03 22:10:50+00:00,33.771975047926844,-84.40110127469167,POINT (-84.40110127469167 33.771975047926844),7.0,7.0,7.0,7.0,6.0,7.0,6.0,7.0,29.0,29.0,25.0,25.0,26.0,47.0,25.94138888888889,18.111111111111107,0.9
2025-10-03 22:10:51+00:00,33.771967926406866,-84.40109338437124,POINT (-84.40109338437124 33.771967926406866),7.0,7.0,7.0,7.0,6.0,7.0,6.0,7.0,29.0,29.0,25.0,25.0,26.0,47.0,25.94138888888889,18.111111111111107,0.9
2025-10-03 22:10:52+00:00,33.771960853349945,-84.40108554774568,POINT (-84.40108554774568 33.771960853349945),7.0,7.0,7.0,7.0,6.0,7.0,6.0,7.0,29.0,29.0,25.0,25.0,26.0,47.0,25.94138888888889,18.111111111111107,0.9
2025-10-03 22:10:53+00:00,33.77194521508384,-84.40106822125766,POINT (-84.40106822125766 33.77194521508384),7.0,7.0,7.0,7.0,6.0,6.0,6.0,6.0,29.0,29.0,25.0,25.0,26.0,46.9,25.940083333333334,18.111111111111107,0.9
2025-10-03 22:10:54+00:00,33.77194003463718,-84.40106248155824,POINT (-84.40106248155824 33.77194003463718),7.0,7.0,7.0,7.0,6.0,6.0,6.0,6.0,29.0,29.0,25.0,25.0,26.0,46.9,25.940083333333334,18.111111111111107,0.9
2025-10-03 22:10:55+00:00,33.77192295268185,-84.40104355552818,POINT (-84.40104355552818 33.77192295268185),7.0,7.0,7.0,7.0,6.0,6.0,6.0,6.0,29.0,29.0,25.0,25.0,26.0,46.9,25.940083333333334,18.111111111111107,0.9
2025-10-03 22:10:56+00:00,33.771916280082905,-84.40103616259185,POINT (-84.40103616259185 33.771916280082905),7.0,7.0,7.0,7.0,6.0,6.0,6.0,6.0,29.0,29.0,25.0,25.0,26.0,46.9,25.940083333333334,18.111111111111107,0.9
2025-10-03 22:10:57+00:00,33.77190866117883,-84.40102772119245,POINT (-84.40102772119245 33.77190866117883),7.0,7.0,7.0,7.0,6.0,6.0,6.0,6.0,29.0,29.0,25.0,25.0,26.0,46.9,25.940083333333334,18.111111111111107,0.9
2025-10-03 22:10:58+00:00,33.77190198857988,-84.40102032825611,POINT (-84.40102032825611 33.77190198857988),7.0,7.0,7.0,7.0,6.0,6.0,6.0,6.0,29.0,29.0,25.0,25.0,25.888888888888886,46.7,25.82080555555556,18.000000000000004,2.1
2025-10-03 22:10:59+00:00,33.7718948670599,-84.40101243793568,POINT (-84.40101243793568 33.7718948670599),7.0,7.0,7.0,7.0,6.0,6.0,6.0,6.0,29.0,29.0,25.0,25.0,25.888888888888886,46.7,25.82080555555556,18.000000000000004,2.1
2025-10-03 22:11:00+00:00,33.77187918033072,-84.40099505775278,POINT (-84.40099505775278 33.77187918033072),7.0,7.0,7.0,7.0,6.0,6.0,6.0,6.0,29.0,29.0,25.0,25.0,25.888888888888886,46.7,25.82080555555556,18.000000000000004,2.1
2025-10-03 22:11:01+00:00,33.77187061512152,-84.40098556789032,POINT (-84.40098556789032 33.77187061512152),7.0,7.0,7.0,7.0,6.0,6.0,6.0,6.0,29.0,29.0,25.0,25.0,25.888888888888886,46.7,25.82080555555556,18.000000000000004,2.1
2025-10-03 22:11:02+00:00,33.77186299621745,-84.40097712649093,POINT (-84.40097712649093 33.77186299621745),7.0,7.0,7.0,7.0,6.0,6.0,6.0,6.0,29.0,29.0,25.0,25.0,25.888888888888886,46.7,25.82080555555556,18.000000000000004,2.1
2025-10-03 22:11:03+00:00,33.771854928392344,-84.40096818770742,POINT (-84.40096818770742 33.771854928392344),7.0,7.0,7.0,7.0,6.0,6.0,6.0,6.0,29.0,29.0,25.0,25.0,26.0,46.5,25.93486111111111,18.000000000000004,1.5
2025-10-03 22:11:04+00:00,33.77184681210417,-84.40095919522905,POINT (-84.40095919522905 33.77184681210417),7.0,7.0,7.0,7.0,6.0,6.0,6.0,6.0,29.0,29.0,25.0,25.0,26.0,46.5,25.93486111111111,18.000000000000004,1.5
2025-10-03 22:11:05+00:00,33.77183874427907,-84.40095025644555,POINT (-84.40095025644555 33.77183874427907),7.0,7.0,7.0,7.0,6.0,6.0,6.0,6.0,29.0,29.0,25.0,25.0,26.0,46.5,25.93486111111111,18.000000000000004,1.5
2025-10-03 22:11:06+00:00,33.77182445277605,-84.40093442210983,POINT (-84.40093442210983 33.77182445277605),7.0,7.0,7.0,7.0,6.0,6.0,6.0,6.0,29.0,29.0,25.0,25.0,26.0,46.5,25.93486111111111,18.000000000000004,1.5
2025-10-03 22:11:07+00:00,33.77181972125042,-84.40092917979449,POINT (-84.40092917979449 33.77181972125042),7.0,7.0,7.0,7.0,6.0,6.0,6.0,6.0,29.0,29.0,25.0,25.0,26.0,46.5,25.93486111111111,18.000000000000004,1.5
2025-10-03 22:11:08+00:00,33.771810209736095,-84.40091864146896,POINT (-84.40091864146896 33.771810209736095),6.0,6.0,6.0,6.0,4.5,4.5,4.5,4.5,25.0,25.0,19.0,19.0,26.22222222222222,46.4,26.16688888888889,18.22222222222222,0.9
2025-10-03 22:11:09+00:00,33.77179930299561,-84.40090655729627,POINT (-84.40090655729627 33.77179930299561),6.0,6.0,6.0,6.0,4.5,4.5,4.5,4.5,25.0,25.0,19.0,19.0,26.22222222222222,46.4,26.16688888888889,18.22222222222222,0.9
2025-10-03 22:11:10+00:00,33.77178929409719,-84.40089546789177,POINT (-84.40089546789177 33.77178929409719),6.0,6.0,6.0,6.0,4.5,4.5,4.5,4.5,25.0,25.0,19.0,19.0,26.22222222222222,46.4,26.16688888888889,18.22222222222222,0.9
2025-10-03 22:11:11+00:00,33.77177306152085,-84.40087748293503,POINT (-84.40087748293503 33.77177306152085),6.0,6.0,6.0,6.0,4.5,4.5,4.5,4.5,25.0,25.0,19.0,19.0,26.22222222222222,46.4,26.16688888888889,18.22222222222222,0.9
2025-10-03 22:11:12+00:00,33.771767832611125,-84.40087168954074,POINT (-84.40087168954074 33.771767832611125),6.0,6.0,6.0,6.0,4.5,4.5,4.5,4.5,25.0,25.0,19.0,19.0,26.22222222222222,46.4,26.16688888888889,18.22222222222222,0.9
2025-10-03 22:11:13+00:00,33.7717492585035,-84.40085111027376,POINT (-84.40085111027376 33.7717492585035),6.0,6.0,6.0,6.0,4.5,4.5,4.5,4.5,25.0,25.0,19.0,19.0,26.27777777777778,46.4,26.22522222222222,18.277777777777782,0.9
2025-10-03 22:11:14+00:00,33.7717411906784,-84.40084217149027,POINT (-84.40084217149027 33.7717411906784),6.0,6.0,6.0,6.0,4.5,4.5,4.5,4.5,25.0,25.0,19.0,19.0,26.27777777777778,46.4,26.22522222222222,18.277777777777782,0.9
2025-10-03 22:11:15+00:00,33.77173357177433,-84.40083373009087,POINT (-84.40083373009087 33.77173357177433),6.0,6.0,6.0,6.0,4.5,4.5,4.5,4.5,25.0,25.0,19.0,19.0,26.27777777777778,46.4,26.22522222222222,18.277777777777782,0.9
2025-10-03 22:11:16+00:00,33.77171693874002,-84.40081530144491,POINT (-84.40081530144491 33.77171693874002),6.0,6.0,6.0,6.0,4.5,4.5,4.5,4.5,25.0,25.0,19.0,19.0,26.27777777777778,46.4,26.22522222222222,18.277777777777782,0.9
2025-10-03 22:11:17+00:00,33.77171126090926,-84.4008090106665,POINT (-84.4008090106665 33.77171126090926),6.0,6.0,6.0,6.0,4.5,4.5,4.5,4.5,25.0,25.0,19.0,19.0,26.27777777777778,46.4,26.22522222222222,18.277777777777782,0.9
2025-10-03 22:11:18+00:00,33.77170035416878,-84.40079692649381,POINT (-84.40079692649381 33.77170035416878),6.0,6.0,6.0,6.0,4.5,4.5,4.5,4.5,25.0,25.0,19.0,19.0,26.27777777777778,46.3,26.22391666666667,18.22222222222222,0.8
2025-10-03 22:11:19+00:00,33.771689944812394,-84.40078539340008,POINT (-84.40078539340008 33.771689944812394),6.0,6.0,6.0,6.0,4.5,4.5,4.5,4.5,25.0,25.0,19.0,19.0,26.27777777777778,46.3,26.22391666666667,18.22222222222222,0.8
2025-10-03 22:11:20+00:00,33.77167858915088,-84.40077281184331,POINT (-84.40077281184331 33.77167858915088),6.0,6.0,6.0,6.0,4.5,4.5,4.5,4.5,25.0,25.0,19.0,19.0,26.27777777777778,46.3,26.22391666666667,18.22222222222222,0.8
2025-10-03 22:11:21+00:00,33.77166295088477,-84.40075548535528,POINT (-84.40075548535528 33.77166295088477),6.0,6.0,6.0,6.0,4.5,4.5,4.5,4.5,25.0,25.0,19.0,19.0,26.27777777777778,46.3,26.22391666666667,18.22222222222222,0.8
2025-10-03 22:11:22+00:00,33.77165777043811,-84.40074974565586,POINT (-84.40074974565586 33.77165777043811),6.0,6.0,6.0,6.0,4.5,4.5,4.5,4.5,25.0,25.0,19.0,19.0,26.27777777777778,46.3,26.22391666666667,18.22222222222222,0.8
2025-10-03 22:11:23+00:00,33.771641234329934,-84.40073142439964,POINT (-84.40073142439964 33.771641234329934),6.0,6.0,6.0,6.0,5.0,5.0,5.0,5.0,25.0,25.0,21.0,21.0,26.22222222222222,46.2,26.164277777777773,18.22222222222222,1.1
2025-10-03 22:11:24+00:00,33.77163411280996,-84.40072353407922,POINT (-84.40072353407922 33.77163411280996),6.0,6.0,6.0,6.0,5.0,5.0,5.0,5.0,25.0,25.0,21.0,21.0,26.22222222222222,46.2,26.164277777777773,18.22222222222222,1.1
2025-10-03 22:11:25+00:00,33.771627488674085,-84.40071619483776,POINT (-84.40071619483776 33.771627488674085),6.0,6.0,6.0,6.0,5.0,5.0,5.0,5.0,25.0,25.0,21.0,21.0,26.22222222222222,46.2,26.164277777777773,18.22222222222222,1.1
2025-10-03 22:11:26+00:00,33.77161707931769,-84.40070466174403,POINT (-84.40070466174403 33.77161707931769),6.0,6.0,6.0,6.0,5.0,5.0,5.0,5.0,25.0,25.0,21.0,21.0,26.22222222222222,46.2,26.164277777777773,18.22222222222222,1.1
2025-10-03 22:11:27+00:00,33.77160761626643,-84.40069417711338,POINT (-84.40069417711338 33.77160761626643),6.0,6.0,6.0,6.0,5.0,5.0,5.0,5.0,25.0,25.0,21.0,21.0,26.22222222222222,46.2,26.164277777777773,18.22222222222222,1.1
2025-10-03 22:11:28+00:00,33.77158913908494,-84.40067370523614,POINT (-84.40067370523614 33.77158913908494),6.0,6.0,6.0,6.0,5.0,5.0,5.0,5.0,25.0,25.0,21.0,21.0,26.166666666666664,46.1,26.104638888888886,18.111111111111107,0.9
2025-10-03 22:11:29+00:00,33.77158206602803,-84.4006658686106,POINT (-84.4006658686106 33.77158206602803),6.0,6.0,6.0,6.0,5.0,5.0,5.0,5.0,25.0,25.0,21.0,21.0,26.166666666666664,46.1,26.104638888888886,18.111111111111107,0.9
2025-10-03 22:11:30+00:00,33.77157494450805,-84.40065797829017,POINT (-84.40065797829017 33.77157494450805),6.0,6.0,6.0,6.0,5.0,5.0,5.0,5.0,25.0,25.0,21.0,21.0,26.166666666666664,46.1,26.104638888888886,18.111111111111107,0.9
2025-10-03 22:11:31+00:00,33.771565930377825,-84.40064799104361,POINT (-84.40064799104361 33.771565930377825),6.0,6.0,6.0,6.0,5.0,5.0,5.0,5.0,25.0,25.0,21.0,21.0,26.166666666666664,46.1,26.104638888888886,18.111111111111107,0.9
2025-10-03 22:11:32+00:00,33.771555921479404,-84.4006369016391,POINT (-84.4006369016391 33.771555921479404),6.0,6.0,6.0,6.0,5.0,5.0,5.0,5.0,25.0,25.0,21.0,21.0,26.166666666666664,46.1,26.104638888888886,18.111111111111107,0.9
2025-10-03 22:11:33+00:00,33.77154591258098,-84.40062581223461,POINT (-84.40062581223461 33.77154591258098),6.0,6.0,6.0,6.0,5.0,5.0,5.0,5.0,25.0,25.0,21.0,21.0,26.22222222222222,46.0,26.161666666666672,18.111111111111107,1.0
2025-10-03 22:11:34+00:00,33.771536401066655,-84.40061527390907,POINT (-84.40061527390907 33.771536401066655),6.0,6.0,6.0,6.0,5.0,5.0,5.0,5.0,25.0,25.0,21.0,21.0,26.22222222222222,46.0,26.161666666666672,18.111111111111107,1.0
2025-10-03 22:11:35+00:00,33.77152693801539,-84.40060478927842,POINT (-84.40060478927842 33.77152693801539),6.0,6.0,6.0,6.0,5.0,5.0,5.0,5.0,25.0,25.0,21.0,21.0,26.22222222222222,46.0,26.161666666666672,18.111111111111107,1.0
2025-10-03 22:11:36+00:00,33.77151134821234,-84.40058751648527,POINT (-84.40058751648527 33.77151134821234),6.0,6.0,6.0,6.0,5.0,5.0,5.0,5.0,25.0,25.0,21.0,21.0,26.22222222222222,46.0,26.161666666666672,18.111111111111107,1.0
2025-10-03 22:11:37+00:00,33.77150477253953,-84.40058023093869,POINT (-84.40058023093869 33.77150477253953),6.0,6.0,6.0,6.0,5.0,5.0,5.0,5.0,25.0,25.0,21.0,21.0,26.22222222222222,46.0,26.161666666666672,18.111111111111107,1.0
2025-10-03 22:11:38+00:00,33.771498148403644,-84.40057289169722,POINT (-84.40057289169722 33.771498148403644),5.5,5.5,5.5,5.5,5.0,5.0,5.0,5.0,23.0,23.0,21.0,21.0,26.166666666666664,45.7,26.099416666666666,18.000000000000004,0.9
2025-10-03 22:11:39+00:00,33.771487787510324,-84.40056141229837,POINT (-84.40056141229837 33.771487787510324),5.5,5.5,5.5,5.5,5.0,5.0,5.0,5.0,23.0,23.0,21.0,21.0,26.166666666666664,45.7,26.099416666666666,18.000000000000004,0.9
2025-10-03 22:11:40+00:00,33.77147787553803,-84.40055043028362,POINT (-84.40055043028362 33.77147787553803),5.5,5.5,5.5,5.5,5.0,5.0,5.0,5.0,23.0,23.0,21.0,21.0,26.166666666666664,45.7,26.099416666666666,18.000000000000004,0.9
2025-10-03 22:11:41+00:00,33.771468412486776,-84.40053994565297,POINT (-84.40053994565297 33.771468412486776),5.5,5.5,5.5,5.5,5.0,5.0,5.0,5.0,23.0,23.0,21.0,21.0,26.166666666666664,45.7,26.099416666666666,18.000000000000004,0.9
2025-10-03 22:11:42+00:00,33.77145850051449,-84.40052896363821,POINT (-84.40052896363821 33.77145850051449),5.5,5.5,5.5,5.5,5.0,5.0,5.0,5.0,23.0,23.0,21.0,21.0,26.166666666666664,45.7,26.099416666666666,18.000000000000004,0.9
2025-10-03 22:11:43+00:00,33.7714485885422,-84.40051798162345,POINT (-84.40051798162345 33.7714485885422),5.5,5.5,5.5,5.5,5.0,5.0,5.0,5.0,23.0,23.0,21.0,21.0,26.055555555555557,45.5,25.98013888888889,17.88888888888889,0.9
2025-10-03 22:11:44+00:00,33.77143479442327,-84.4005026983667,POINT (-84.4005026983667 33.77143479442327),5.5,5.5,5.5,5.5,5.0,5.0,5.0,5.0,23.0,23.0,21.0,21.0,26.055555555555557,45.5,25.98013888888889,17.88888888888889,0.9
2025-10-03 22:11:45+00:00,33.771430062897636,-84.40049745605135,POINT (-84.40049745605135 33.771430062897636),5.5,5.5,5.5,5.5,5.0,5.0,5.0,5.0,23.0,23.0,21.0,21.0,26.055555555555557,45.5,25.98013888888889,17.88888888888889,0.9
2025-10-03 22:11:46+00:00,33.77142050292025,-84.40048686403095,POINT (-84.40048686403095 33.77142050292025),5.5,5.5,5.5,5.5,5.0,5.0,5.0,5.0,23.0,23.0,21.0,21.0,26.055555555555557,45.5,25.98013888888889,17.88888888888889,0.9
2025-10-03 22:11:47+00:00,33.77141144032695,-84.40047682308952,POINT (-84.40047682308952 33.77141144032695),5.5,5.5,5.5,5.5,5.0,5.0,5.0,5.0,23.0,23.0,21.0,21.0,26.055555555555557,45.5,25.98013888888889,17.88888888888889,0.9
2025-10-03 22:11:48+00:00,33.77140188034956,-84.40046623106912,POINT (-84.40046623106912 33.77140188034956),5.5,5.5,5.5,5.5,5.0,5.0,5.0,5.0,23.0,23.0,21.0,21.0,26.0,45.3,25.919194444444443,17.77777777777778,0.0
2025-10-03 22:11:49+00:00,33.77139236883524,-84.40045569274359,POINT (-84.40045569274359 33.77139236883524),5.5,5.5,5.5,5.5,5.0,5.0,5.0,5.0,23.0,23.0,21.0,21.0,26.0,45.3,25.919194444444443,17.77777777777778,0.0
2025-10-03 22:11:50+00:00,33.771382359936815,-84.40044460333908,POINT (-84.40044460333908 33.771382359936815),5.5,5.5,5.5,5.5,5.0,5.0,5.0,5.0,23.0,23.0,21.0,21.0,26.0,45.3,25.919194444444443,17.77777777777778,0.0
2025-10-03 22:11:51+00:00,33.77137239950146,-84.40043356762945,POINT (-84.40043356762945 33.77137239950146),5.5,5.5,5.5,5.5,5.0,5.0,5.0,5.0,23.0,23.0,21.0,21.0,26.0,45.3,25.919194444444443,17.77777777777778,0.0
2025-10-03 22:11:52+00:00,33.771361941682,-84.40042198084086,POINT (-84.40042198084086 33.771361941682),5.5,5.5,5.5,5.5,5.0,5.0,5.0,5.0,23.0,23.0,21.0,21.0,26.0,45.3,25.919194444444443,17.77777777777778,0.0
2025-10-03 22:11:53+00:00,33.77135243016768,-84.40041144251532,POINT (-84.40041144251532 33.77135243016768),6.0,6.0,6.0,6.0,6.0,6.0,6.0,6.0,25.0,25.0,25.0,25.0,26.0,45.2,25.917888888888886,17.77777777777778,1.0
2025-10-03 22:11:54+00:00,33.771342469732325,-84.4004004068057,POINT (-84.4004004068057 33.771342469732325),6.0,6.0,6.0,6.0,6.0,6.0,6.0,6.0,25.0,25.0,25.0,25.0,26.0,45.2,25.917888888888886,17.77777777777778,1.0
2025-10-03 22:11:55+00:00,33.77133250929697,-84.40038937109607,POINT (-84.40038937109607 33.77133250929697),6.0,6.0,6.0,6.0,6.0,6.0,6.0,6.0,25.0,25.0,25.0,25.0,26.0,45.2,25.917888888888886,17.77777777777778,1.0
2025-10-03 22:11:56+00:00,33.77132254886161,-84.40037833538645,POINT (-84.40037833538645 33.77132254886161),6.0,6.0,6.0,6.0,6.0,6.0,6.0,6.0,25.0,25.0,25.0,25.0,26.0,45.2,25.917888888888886,17.77777777777778,1.0
2025-10-03 22:11:57+00:00,33.771312588426255,-84.40036729967682,POINT (-84.40036729967682 33.771312588426255),6.0,6.0,6.0,6.0,6.0,6.0,6.0,6.0,25.0,25.0,25.0,25.0,26.0,45.2,25.917888888888886,17.77777777777778,1.0
2025-10-03 22:11:58+00:00,33.7713026279909,-84.40035626396718,POINT (-84.40035626396718 33.7713026279909),6.0,6.0,6.0,6.0,6.0,6.0,6.0,6.0,25.0,25.0,25.0,25.0,26.055555555555557,45.1,25.97491666666667,17.88888888888889,0.9
2025-10-03 22:11:59+00:00,33.771292218634514,-84.40034473087347,POINT (-84.40034473087347 33.771292218634514),6.0,6.0,6.0,6.0,6.0,6.0,6.0,6.0,25.0,25.0,25.0,25.0,26.055555555555557,45.1,25.97491666666667,17.88888888888889,0.9
2025-10-03 22:12:00+00:00,33.77128225819916,-84.40033369516384,POINT (-84.40033369516384 33.77128225819916),6.0,6.0,6.0,6.0,6.0,6.0,6.0,6.0,25.0,25.0,25.0,25.0,26.055555555555557,45.1,25.97491666666667,17.88888888888889,0.9
2025-10-03 22:12:01+00:00,33.77127135145867,-84.40032161099114,POINT (-84.40032161099114 33.77127135145867),6.0,6.0,6.0,6.0,6.0,6.0,6.0,6.0,25.0,25.0,25.0,25.0,26.055555555555557,45.1,25.97491666666667,17.88888888888889,0.9
2025-10-03 22:12:02+00:00,33.77126089363922,-84.40031002420255,POINT (-84.40031002420255 33.77126089363922),6.0,6.0,6.0,6.0,6.0,6.0,6.0,6.0,25.0,25.0,25.0,25.0,26.055555555555557,45.1,25.97491666666667,17.88888888888889,0.9
2025-10-03 22:12:03+00:00,33.771250933203866,-84.40029898849292,POINT (-84.40029898849292 33.771250933203866),6.0,6.0,6.0,6.0,6.0,6.0,6.0,6.0,25.0,25.0,25.0,25.0,26.055555555555557,45.1,25.97491666666667,17.77777777777778,0.8
2025-10-03 22:12:04+00:00,33.7712338997116,-84.40028011615775,POINT (-84.40028011615775 33.7712338997116),6.0,6.0,6.0,6.0,6.0,6.0,6.0,6.0,25.0,25.0,25.0,25.0,26.055555555555557,45.1,25.97491666666667,17.77777777777778,0.8
2025-10-03 22:12:05+00:00,33.77122772449675,-84.40027327430037,POINT (-84.40027327430037 33.77122772449675),6.0,6.0,6.0,6.0,6.0,6.0,6.0,6.0,25.0,25.0,25.0,25.0,26.055555555555557,45.1,25.97491666666667,17.77777777777778,0.8
2025-10-03 22:12:06+00:00,33.77122110036086,-84.40026593505891,POINT (-84.40026593505891 33.77122110036086),6.0,6.0,6.0,6.0,6.0,6.0,6.0,6.0,25.0,25.0,25.0,25.0,26.055555555555557,45.1,25.97491666666667,17.77777777777778,0.8
2025-10-03 22:12:07+00:00,33.77121208623063,-84.40025594781235,POINT (-84.40025594781235 33.77121208623063),6.0,6.0,6.0,6.0,6.0,6.0,6.0,6.0,25.0,25.0,25.0,25.0,26.055555555555557,45.1,25.97491666666667,17.77777777777778,0.8
2025-10-03 22:12:08+00:00,33.77120162841118,-84.40024436102375,POINT (-84.40024436102375 33.77120162841118),5.0,5.5,5.0,5.5,6.0,6.0,6.0,6.0,21.0,21.0,25.0,25.0,26.055555555555557,45.1,25.97491666666667,17.77777777777778,1.4
2025-10-03 22:12:09+00:00,33.77118549276097,-84.40022648345676,POINT (-84.40022648345676 33.77118549276097),5.0,5.5,5.0,5.5,6.0,6.0,6.0,6.0,21.0,21.0,25.0,25.0,26.055555555555557,45.1,25.97491666666667,17.77777777777778,1.4
2025-10-03 22:12:10+00:00,33.771179814930214,-84.40022019267836,POINT (-84.40022019267836 33.771179814930214),5.0,5.5,5.0,5.5,6.0,6.0,6.0,6.0,21.0,21.0,25.0,25.0,26.055555555555557,45.1,25.97491666666667,17.77777777777778,1.4
2025-10-03 22:12:11+00:00,33.771173190794336,-84.40021285343691,POINT (-84.40021285343691 33.771173190794336),5.0,5.5,5.0,5.5,6.0,6.0,6.0,6.0,21.0,21.0,25.0,25.0,26.055555555555557,45.1,25.97491666666667,17.77777777777778,1.4
2025-10-03 22:12:12+00:00,33.77116323035898,-84.40020181772728,POINT (-84.40020181772728 33.77116323035898),5.0,5.5,5.0,5.5,6.0,6.0,6.0,6.0,21.0,21.0,25.0,25.0,26.055555555555557,45.1,25.97491666666667,17.77777777777778,1.4
2025-10-03 22:12:13+00:00,33.771152821002595,-84.40019028463355,POINT (-84.40019028463355 33.771152821002595),5.0,5.5,5.0,5.5,6.0,6.0,6.0,6.0,21.0,21.0,25.0,25.0,26.0,45.0,25.91527777777778,17.77777777777778,0.9
2025-10-03 22:12:14+00:00,33.77113479274213,-84.40017031014042,POINT (-84.40017031014042 33.77113479274213),5.0,5.5,5.0,5.5,6.0,6.0,6.0,6.0,21.0,21.0,25.0,25.0,26.0,45.0,25.91527777777778,17.77777777777778,0.9
2025-10-03 22:12:15+00:00,33.77112771968522,-84.40016247351488,POINT (-84.40016247351488 33.77112771968522),5.0,5.5,5.0,5.5,6.0,6.0,6.0,6.0,21.0,21.0,25.0,25.0,26.0,45.0,25.91527777777778,17.77777777777778,0.9
2025-10-03 22:12:16+00:00,33.77112059816525,-84.40015458319445,POINT (-84.40015458319445 33.77112059816525),5.0,5.5,5.0,5.5,6.0,6.0,6.0,6.0,21.0,21.0,25.0,25.0,26.0,45.0,25.91527777777778,17.77777777777778,0.9
2025-10-03 22:12:17+00:00,33.771110686192955,-84.40014360117969,POINT (-84.40014360117969 33.771110686192955),5.0,5.5,5.0,5.5,6.0,6.0,6.0,6.0,21.0,21.0,25.0,25.0,26.0,45.0,25.91527777777778,17.77777777777778,0.9
2025-10-03 22:12:18+00:00,33.77110027683657,-84.40013206808597,POINT (-84.40013206808597 33.77110027683657),5.0,5.5,5.0,5.5,6.0,6.0,6.0,6.0,21.0,21.0,25.0,25.0,25.833333333333332,45.0,25.740277777777774,17.61111111111111,0.9
2025-10-03 22:12:19+00:00,33.77108274596021,-84.40011264467182,POINT (-84.40011264467182 33.77108274596021),5.0,5.5,5.0,5.5,6.0,6.0,6.0,6.0,21.0,21.0,25.0,25.0,25.833333333333332,45.0,25.740277777777774,17.61111111111111,0.9
2025-10-03 22:12:20+00:00,33.77107567290329,-84.40010480804627,POINT (-84.40010480804627 33.77107567290329),5.0,5.5,5.0,5.5,6.0,6.0,6.0,6.0,21.0,21.0,25.0,25.0,25.833333333333332,45.0,25.740277777777774,17.61111111111111,0.9
2025-10-03 22:12:21+00:00,33.771068551383316,-84.40009691772583,POINT (-84.40009691772583 33.771068551383316),5.0,5.5,5.0,5.5,6.0,6.0,6.0,6.0,21.0,21.0,25.0,25.0,25.833333333333332,45.0,25.740277777777774,17.61111111111111,0.9
2025-10-03 22:12:22+00:00,33.77105097204388,-84.4000774406168,POINT (-84.4000774406168 33.77105097204388),5.0,5.5,5.0,5.5,6.0,6.0,6.0,6.0,21.0,21.0,25.0,25.0,25.833333333333332,45.0,25.740277777777774,17.61111111111111,0.9
2025-10-03 22:12:23+00:00,33.771044347908,-84.40007010137535,POINT (-84.40007010137535 33.771044347908),6.0,6.0,6.0,6.0,6.0,6.0,6.0,6.0,25.0,25.0,25.0,25.0,25.888888888888886,45.0,25.79861111111111,17.72222222222222,1.0
2025-10-03 22:12:24+00:00,33.77103767530905,-84.40006270843901,POINT (-84.40006270843901 33.77103767530905),6.0,6.0,6.0,6.0,6.0,6.0,6.0,6.0,25.0,25.0,25.0,25.0,25.888888888888886,45.0,25.79861111111111,17.72222222222222,1.0
2025-10-03 22:12:25+00:00,33.7710267201055,-84.40005057057144,POINT (-84.40005057057144 33.7710267201055),6.0,6.0,6.0,6.0,6.0,6.0,6.0,6.0,25.0,25.0,25.0,25.0,25.888888888888886,45.0,25.79861111111111,17.72222222222222,1.0
2025-10-03 22:12:26+00:00,33.77101626228605,-84.40003898378284,POINT (-84.40003898378284 33.77101626228605),6.0,6.0,6.0,6.0,6.0,6.0,6.0,6.0,25.0,25.0,25.0,25.0,25.888888888888886,45.0,25.79861111111111,17.72222222222222,1.0
2025-10-03 22:12:27+00:00,33.77099967771481,-84.40002060883175,POINT (-84.40002060883175 33.77099967771481),6.0,6.0,6.0,6.0,6.0,6.0,6.0,6.0,25.0,25.0,25.0,25.0,25.888888888888886,45.0,25.79861111111111,17.72222222222222,1.0
2025-10-03 22:12:28+00:00,33.770993999884055,-84.40001431805337,POINT (-84.40001431805337 33.770993999884055),6.0,6.0,6.0,6.0,6.0,6.0,6.0,6.0,25.0,25.0,25.0,25.0,25.888888888888886,45.0,25.79861111111111,17.72222222222222,1.3
2025-10-03 22:12:29+00:00,33.77098787313227,-84.40000752989087,POINT (-84.40000752989087 33.77098787313227),6.0,6.0,6.0,6.0,6.0,6.0,6.0,6.0,25.0,25.0,25.0,25.0,25.888888888888886,45.0,25.79861111111111,17.72222222222222,1.3
2025-10-03 22:12:30+00:00,33.770979853770235,-84.39999864480225,POINT (-84.39999864480225 33.770979853770235),6.0,6.0,6.0,6.0,6.0,6.0,6.0,6.0,25.0,25.0,25.0,25.0,25.888888888888886,45.0,25.79861111111111,17.72222222222222,1.3
2025-10-03 22:12:31+00:00,33.77097228332923,-84.39999025709773,POINT (-84.39999025709773 33.77097228332923),6.0,6.0,6.0,6.0,6.0,6.0,6.0,6.0,25.0,25.0,25.0,25.0,25.888888888888886,45.0,25.79861111111111,17.72222222222222,1.3
2025-10-03 22:12:32+00:00,33.77096421550412,-84.39998131831423,POINT (-84.39998131831423 33.77096421550412),6.0,6.0,6.0,6.0,6.0,6.0,6.0,6.0,25.0,25.0,25.0,25.0,25.888888888888886,45.0,25.79861111111111,17.72222222222222,1.3
2025-10-03 22:12:33+00:00,33.770956147679016,-84.39997237953074,POINT (-84.39997237953074 33.770956147679016),6.0,6.0,6.0,6.0,6.0,6.0,6.0,6.0,25.0,25.0,25.0,25.0,25.888888888888886,45.0,25.79861111111111,17.72222222222222,1.3
2025-10-03 22:12:34+00:00,33.77094713354879,-84.39996239228417,POINT (-84.39996239228417 33.77094713354879),6.0,6.0,6.0,6.0,6.0,6.0,6.0,6.0,25.0,25.0,25.0,25.0,25.888888888888886,45.0,25.79861111111111,17.72222222222222,1.3
2025-10-03 22:12:35+00:00,33.77093289050883,-84.39994661164332,POINT (-84.39994661164332 33.77093289050883),6.0,6.0,6.0,6.0,6.0,6.0,6.0,6.0,25.0,25.0,25.0,25.0,25.888888888888886,45.0,25.79861111111111,17.72222222222222,1.3
2025-10-03 22:12:36+00:00,33.770928158983196,-84.39994136932798,POINT (-84.39994136932798 33.770928158983196),6.0,6.0,6.0,6.0,6.0,6.0,6.0,6.0,25.0,25.0,25.0,25.0,25.888888888888886,45.0,25.79861111111111,17.72222222222222,1.3
2025-10-03 22:12:37+00:00,33.77091869593195,-84.39993088469733,POINT (-84.39993088469733 33.77091869593195),6.0,6.0,6.0,6.0,6.0,6.0,6.0,6.0,25.0,25.0,25.0,25.0,25.888888888888886,45.0,25.79861111111111,17.72222222222222,1.3
2025-10-03 22:12:38+00:00,33.770908783959655,-84.39991990268257,POINT (-84.39991990268257 33.770908783959655),7.0,7.0,7.0,7.0,5.0,5.0,5.0,5.0,29.0,29.0,21.0,21.0,26.0,45.1,25.916583333333335,17.77777777777778,1.0
2025-10-03 22:12:39+00:00,33.7708988235243,-84.39990886697295,POINT (-84.39990886697295 33.7708988235243),7.0,7.0,7.0,7.0,5.0,5.0,5.0,5.0,29.0,29.0,21.0,21.0,26.0,45.1,25.916583333333335,17.77777777777778,1.0
2025-10-03 22:12:40+00:00,33.770883634179214,-84.39989203786902,POINT (-84.39989203786902 33.770883634179214),7.0,7.0,7.0,7.0,5.0,5.0,5.0,5.0,29.0,29.0,21.0,21.0,26.0,45.1,25.916583333333335,17.77777777777778,1.0
2025-10-03 22:12:41+00:00,33.770878902653585,-84.39988679555368,POINT (-84.39988679555368 33.770878902653585),7.0,7.0,7.0,7.0,5.0,5.0,5.0,5.0,29.0,29.0,21.0,21.0,26.0,45.1,25.916583333333335,17.77777777777778,1.0
2025-10-03 22:12:42+00:00,33.77086943960232,-84.39987631092303,POINT (-84.39987631092303 33.77086943960232),7.0,7.0,7.0,7.0,5.0,5.0,5.0,5.0,29.0,29.0,21.0,21.0,26.0,45.1,25.916583333333335,17.77777777777778,1.0
2025-10-03 22:12:43+00:00,33.770859928087994,-84.3998657725975,POINT (-84.3998657725975 33.770859928087994),7.0,7.0,7.0,7.0,5.0,5.0,5.0,5.0,29.0,29.0,21.0,21.0,26.11111111111111,45.1,26.033249999999995,17.88888888888889,1.1
2025-10-03 22:12:44+00:00,33.77085046503674,-84.39985528796684,POINT (-84.39985528796684 33.77085046503674),7.0,7.0,7.0,7.0,5.0,5.0,5.0,5.0,29.0,29.0,21.0,21.0,26.11111111111111,45.1,26.033249999999995,17.88888888888889,1.1
2025-10-03 22:12:45+00:00,33.77084045613831,-84.39984419856233,POINT (-84.39984419856233 33.77084045613831),7.0,7.0,7.0,7.0,5.0,5.0,5.0,5.0,29.0,29.0,21.0,21.0,26.11111111111111,45.1,26.033249999999995,17.88888888888889,1.1
2025-10-03 22:12:46+00:00,33.77082950093477,-84.39983206069478,POINT (-84.39983206069478 33.77082950093477),7.0,7.0,7.0,7.0,5.0,5.0,5.0,5.0,29.0,29.0,21.0,21.0,26.11111111111111,45.1,26.033249999999995,17.88888888888889,1.1
2025-10-03 22:12:47+00:00,33.77081899465225,-84.39982042021131,POINT (-84.39982042021131 33.77081899465225),7.0,7.0,7.0,7.0,5.0,5.0,5.0,5.0,29.0,29.0,21.0,21.0,26.11111111111111,45.1,26.033249999999995,17.88888888888889,1.1
2025-10-03 22:12:48+00:00,33.77080370838103,-84.39980348371762,POINT (-84.39980348371762 33.77080370838103),7.0,7.0,7.0,7.0,5.0,5.0,5.0,5.0,29.0,29.0,21.0,21.0,26.166666666666664,45.1,26.091583333333325,18.000000000000004,0.9
2025-10-03 22:12:49+00:00,33.77079892839234,-84.39979818770742,POINT (-84.39979818770742 33.77079892839234),7.0,7.0,7.0,7.0,5.0,5.0,5.0,5.0,29.0,29.0,21.0,21.0,26.166666666666664,45.1,26.091583333333325,18.000000000000004,0.9
2025-10-03 22:12:50+00:00,33.770789865799046,-84.39978814676599,POINT (-84.39978814676599 33.770789865799046),7.0,7.0,7.0,7.0,5.0,5.0,5.0,5.0,29.0,29.0,21.0,21.0,26.166666666666664,45.1,26.091583333333325,18.000000000000004,0.9
2025-10-03 22:12:51+00:00,33.770780803205746,-84.39977810582455,POINT (-84.39977810582455 33.770780803205746),7.0,7.0,7.0,7.0,5.0,5.0,5.0,5.0,29.0,29.0,21.0,21.0,26.166666666666664,45.1,26.091583333333325,18.000000000000004,0.9
2025-10-03 22:12:52+00:00,33.770771740612446,-84.39976806488312,POINT (-84.39976806488312 33.770771740612446),7.0,7.0,7.0,7.0,5.0,5.0,5.0,5.0,29.0,29.0,21.0,21.0,26.166666666666664,45.1,26.091583333333325,18.000000000000004,0.9
2025-10-03 22:12:53+00:00,33.7707617801771,-84.39975702917349,POINT (-84.39975702917349 33.7707617801771),6.0,6.0,6.0,6.0,6.0,6.0,6.0,6.0,25.0,25.0,25.0,25.0,26.22222222222222,45.0,26.14861111111111,18.000000000000004,1.0
2025-10-03 22:12:54+00:00,33.77075276604687,-84.39974704192693,POINT (-84.39974704192693 33.77075276604687),6.0,6.0,6.0,6.0,6.0,6.0,6.0,6.0,25.0,25.0,25.0,25.0,26.22222222222222,45.0,26.14861111111111,18.000000000000004,1.0
2025-10-03 22:12:55+00:00,33.770743302995605,-84.39973655729628,POINT (-84.39973655729628 33.770743302995605),6.0,6.0,6.0,6.0,6.0,6.0,6.0,6.0,25.0,25.0,25.0,25.0,26.22222222222222,45.0,26.14861111111111,18.000000000000004,1.0
2025-10-03 22:12:56+00:00,33.77073388840741,-84.39972612636049,POINT (-84.39972612636049 33.77073388840741),6.0,6.0,6.0,6.0,6.0,6.0,6.0,6.0,25.0,25.0,25.0,25.0,26.22222222222222,45.0,26.14861111111111,18.000000000000004,1.0
2025-10-03 22:12:57+00:00,33.77072352751409,-84.39971464696164,POINT (-84.39971464696164 33.77072352751409),6.0,6.0,6.0,6.0,6.0,6.0,6.0,6.0,25.0,25.0,25.0,25.0,26.22222222222222,45.0,26.14861111111111,18.000000000000004,1.0
2025-10-03 22:12:58+00:00,33.77070699140592,-84.39969632570543,POINT (-84.39969632570543 33.77070699140592),6.0,6.0,6.0,6.0,6.0,6.0,6.0,6.0,25.0,25.0,25.0,25.0,26.22222222222222,45.0,26.14861111111111,18.000000000000004,0.8
2025-10-03 22:12:59+00:00,33.77070181095926,-84.399690586006,POINT (-84.399690586006 33.77070181095926),6.0,6.0,6.0,6.0,6.0,6.0,6.0,6.0,25.0,25.0,25.0,25.0,26.22222222222222,45.0,26.14861111111111,18.000000000000004,0.8
2025-10-03 22:13:00+00:00,33.77068189008855,-84.39966851458675,POINT (-84.39966851458675 33.77068189008855),6.0,6.0,6.0,6.0,6.0,6.0,6.0,6.0,25.0,25.0,25.0,25.0,26.22222222222222,45.0,26.14861111111111,18.000000000000004,0.8
2025-10-03 22:13:01+00:00,33.77067476856857,-84.39966062426632,POINT (-84.39966062426632 33.77067476856857),6.0,6.0,6.0,6.0,6.0,6.0,6.0,6.0,25.0,25.0,25.0,25.0,26.22222222222222,45.0,26.14861111111111,18.000000000000004,0.8
2025-10-03 22:13:02+00:00,33.77066670074347,-84.39965168548282,POINT (-84.39965168548282 33.77066670074347),6.0,6.0,6.0,6.0,6.0,6.0,6.0,6.0,25.0,25.0,25.0,25.0,26.22222222222222,45.0,26.14861111111111,18.000000000000004,0.8
2025-10-03 22:13:03+00:00,33.770650116172234,-84.39963331053174,POINT (-84.39963331053174 33.770650116172234),6.0,6.0,6.0,6.0,6.0,6.0,6.0,6.0,25.0,25.0,25.0,25.0,26.333333333333336,45.0,26.26527777777778,18.000000000000004,1.2
2025-10-03 22:13:04+00:00,33.77064443834147,-84.39962701975334,POINT (-84.39962701975334 33.77064443834147),6.0,6.0,6.0,6.0,6.0,6.0,6.0,6.0,25.0,25.0,25.0,25.0,26.333333333333336,45.0,26.26527777777778,18.000000000000004,1.2
2025-10-03 22:13:05+00:00,33.77063308267996,-84.39961443819655,POINT (-84.39961443819655 33.77063308267996),6.0,6.0,6.0,6.0,6.0,6.0,6.0,6.0,25.0,25.0,25.0,25.0,26.333333333333336,45.0,26.26527777777778,18.000000000000004,1.2
2025-10-03 22:13:06+00:00,33.770621727018444,-84.39960185663976,POINT (-84.39960185663976 33.770621727018444),6.0,6.0,6.0,6.0,6.0,6.0,6.0,6.0,25.0,25.0,25.0,25.0,26.333333333333336,45.0,26.26527777777778,18.000000000000004,1.2
2025-10-03 22:13:07+00:00,33.77061037135694,-84.39958927508297,POINT (-84.39958927508297 33.77061037135694),6.0,6.0,6.0,6.0,6.0,6.0,6.0,6.0,25.0,25.0,25.0,25.0,26.333333333333336,45.0,26.26527777777778,18.000000000000004,1.2
2025-10-03 22:13:08+00:00,33.77059099633338,-84.39956780843755,POINT (-84.39956780843755 33.77059099633338),6.0,6.0,6.0,6.0,7.0,7.0,7.0,7.0,25.0,25.0,29.0,29.0,26.444444444444443,44.9,26.380638888888882,18.111111111111107,1.1
2025-10-03 22:13:09+00:00,33.77058247958725,-84.39955837226996,POINT (-84.39955837226996 33.77058247958725),6.0,6.0,6.0,6.0,7.0,7.0,7.0,7.0,25.0,25.0,29.0,29.0,26.444444444444443,44.9,26.380638888888882,18.111111111111107,1.1
2025-10-03 22:13:10+00:00,33.77057346545702,-84.39954838502341,POINT (-84.39954838502341 33.77057346545702),6.0,6.0,6.0,6.0,7.0,7.0,7.0,7.0,25.0,25.0,29.0,29.0,26.444444444444443,44.9,26.380638888888882,18.111111111111107,1.1
2025-10-03 22:13:11+00:00,33.77056494871089,-84.39953894885582,POINT (-84.39953894885582 33.77056494871089),6.0,6.0,6.0,6.0,7.0,7.0,7.0,7.0,25.0,25.0,29.0,29.0,26.444444444444443,44.9,26.380638888888882,18.111111111111107,1.1
2025-10-03 22:13:12+00:00,33.77055643196475,-84.39952951268822,POINT (-84.39952951268822 33.77055643196475),6.0,6.0,6.0,6.0,7.0,7.0,7.0,7.0,25.0,25.0,29.0,29.0,26.444444444444443,44.9,26.380638888888882,18.111111111111107,1.1
2025-10-03 22:13:13+00:00,33.770538852625315,-84.3995100355792,POINT (-84.3995100355792 33.770538852625315),6.0,6.0,6.0,6.0,7.0,7.0,7.0,7.0,25.0,25.0,29.0,29.0,26.555555555555557,45.0,26.498611111111106,18.22222222222222,1.0
2025-10-03 22:13:14+00:00,33.77053123372125,-84.3995015941798,POINT (-84.3995015941798 33.77053123372125),6.0,6.0,6.0,6.0,7.0,7.0,7.0,7.0,25.0,25.0,29.0,29.0,26.555555555555557,45.0,26.498611111111106,18.22222222222222,1.0
2025-10-03 22:13:15+00:00,33.770524112201265,-84.39949370385936,POINT (-84.39949370385936 33.770524112201265),6.0,6.0,6.0,6.0,7.0,7.0,7.0,7.0,25.0,25.0,29.0,29.0,26.555555555555557,45.0,26.498611111111106,18.22222222222222,1.0
2025-10-03 22:13:16+00:00,33.77050842547209,-84.39947632367647,POINT (-84.39947632367647 33.77050842547209),6.0,6.0,6.0,6.0,7.0,7.0,7.0,7.0,25.0,25.0,29.0,29.0,26.555555555555557,45.0,26.498611111111106,18.22222222222222,1.0
2025-10-03 22:13:17+00:00,33.770503196562366,-84.39947053028217,POINT (-84.39947053028217 33.770503196562366),6.0,6.0,6.0,6.0,7.0,7.0,7.0,7.0,25.0,25.0,29.0,29.0,26.555555555555557,45.0,26.498611111111106,18.22222222222222,1.0
2025-10-03 22:13:18+00:00,33.77049368504804,-84.39945999195663,POINT (-84.39945999195663 33.77049368504804),6.0,6.0,6.0,6.0,7.0,7.0,7.0,7.0,25.0,25.0,29.0,29.0,26.555555555555557,44.9,26.497305555555556,18.22222222222222,0.9
2025-10-03 22:13:19+00:00,33.77048417353371,-84.3994494536311,POINT (-84.3994494536311 33.77048417353371),6.0,6.0,6.0,6.0,7.0,7.0,7.0,7.0,25.0,25.0,29.0,29.0,26.555555555555557,44.9,26.497305555555556,18.22222222222222,0.9
2025-10-03 22:13:20+00:00,33.770474710482446,-84.39943896900044,POINT (-84.39943896900044 33.770474710482446),6.0,6.0,6.0,6.0,7.0,7.0,7.0,7.0,25.0,25.0,29.0,29.0,26.555555555555557,44.9,26.497305555555556,18.22222222222222,0.9
2025-10-03 22:13:21+00:00,33.770459023753276,-84.39942158881756,POINT (-84.39942158881756 33.770459023753276),6.0,6.0,6.0,6.0,7.0,7.0,7.0,7.0,25.0,25.0,29.0,29.0,26.555555555555557,44.9,26.497305555555556,18.22222222222222,0.9
2025-10-03 22:13:22+00:00,33.77045384330661,-84.39941584911813,POINT (-84.39941584911813 33.77045384330661),6.0,6.0,6.0,6.0,7.0,7.0,7.0,7.0,25.0,25.0,29.0,29.0,26.555555555555557,44.9,26.497305555555556,18.22222222222222,0.9
2025-10-03 22:13:23+00:00,33.77043680981435,-84.39939697678295,POINT (-84.39939697678295 33.77043680981435),6.0,6.0,6.0,6.0,5.0,5.0,5.0,5.0,25.0,25.0,21.0,21.0,26.666666666666668,44.8,26.61266666666667,18.277777777777782,0.9
2025-10-03 22:13:24+00:00,33.770430185678464,-84.39938963754149,POINT (-84.39938963754149 33.770430185678464),6.0,6.0,6.0,6.0,5.0,5.0,5.0,5.0,25.0,25.0,21.0,21.0,26.666666666666668,44.8,26.61266666666667,18.277777777777782,0.9
2025-10-03 22:13:25+00:00,33.770423561542586,-84.39938229830003,POINT (-84.39938229830003 33.770423561542586),6.0,6.0,6.0,6.0,5.0,5.0,5.0,5.0,25.0,25.0,21.0,21.0,26.666666666666668,44.8,26.61266666666667,18.277777777777782,0.9
2025-10-03 22:13:26+00:00,33.770413200649266,-84.39937081890118,POINT (-84.39937081890118 33.770413200649266),6.0,6.0,6.0,6.0,5.0,5.0,5.0,5.0,25.0,25.0,21.0,21.0,26.666666666666668,44.8,26.61266666666667,18.277777777777782,0.9
2025-10-03 22:13:27+00:00,33.770402791292874,-84.39935928580745,POINT (-84.39935928580745 33.770402791292874),6.0,6.0,6.0,6.0,5.0,5.0,5.0,5.0,25.0,25.0,21.0,21.0,26.666666666666668,44.8,26.61266666666667,18.277777777777782,0.9
2025-10-03 22:13:28+00:00,33.77039238193649,-84.39934775271374,POINT (-84.39934775271374 33.77039238193649),6.0,6.0,6.0,6.0,5.0,5.0,5.0,5.0,25.0,25.0,21.0,21.0,26.555555555555557,44.8,26.496000000000002,18.22222222222222,0.8
2025-10-03 22:13:29+00:00,33.770381972580104,-84.39933621962001,POINT (-84.39933621962001 33.770381972580104),6.0,6.0,6.0,6.0,5.0,5.0,5.0,5.0,25.0,25.0,21.0,21.0,26.555555555555557,44.8,26.496000000000002,18.22222222222222,0.8
2025-10-03 22:13:30+00:00,33.77037206060781,-84.39932523760525,POINT (-84.39932523760525 33.77037206060781),6.0,6.0,6.0,6.0,5.0,5.0,5.0,5.0,25.0,25.0,21.0,21.0,26.555555555555557,44.8,26.496000000000002,18.22222222222222,0.8
2025-10-03 22:13:31+00:00,33.77036169971449,-84.3993137582064,POINT (-84.3993137582064 33.77036169971449),6.0,6.0,6.0,6.0,5.0,5.0,5.0,5.0,25.0,25.0,21.0,21.0,26.555555555555557,44.8,26.496000000000002,18.22222222222222,0.8
2025-10-03 22:13:32+00:00,33.770351739279135,-84.39930272249677,POINT (-84.39930272249677 33.770351739279135),6.0,6.0,6.0,6.0,5.0,5.0,5.0,5.0,25.0,25.0,21.0,21.0,26.555555555555557,44.8,26.496000000000002,18.22222222222222,0.8
2025-10-03 22:13:33+00:00,33.77033505778177,-84.39928424015595,POINT (-84.39928424015595 33.77033505778177),6.0,6.0,6.0,6.0,5.0,5.0,5.0,5.0,25.0,25.0,21.0,21.0,26.5,44.7,26.436361111111108,18.111111111111107,0.8
2025-10-03 22:13:34+00:00,33.77032838518282,-84.39927684721961,POINT (-84.39927684721961 33.77032838518282),6.0,6.0,6.0,6.0,5.0,5.0,5.0,5.0,25.0,25.0,21.0,21.0,26.5,44.7,26.436361111111108,18.111111111111107,0.8
2025-10-03 22:13:35+00:00,33.77032171258387,-84.39926945428327,POINT (-84.39926945428327 33.77032171258387),6.0,6.0,6.0,6.0,5.0,5.0,5.0,5.0,25.0,25.0,21.0,21.0,26.5,44.7,26.436361111111108,18.111111111111107,0.8
2025-10-03 22:13:36+00:00,33.77031170368545,-84.39925836487878,POINT (-84.39925836487878 33.77031170368545),6.0,6.0,6.0,6.0,5.0,5.0,5.0,5.0,25.0,25.0,21.0,21.0,26.5,44.7,26.436361111111108,18.111111111111107,0.8
2025-10-03 22:13:37+00:00,33.770301646323965,-84.3992472217794,POINT (-84.3992472217794 33.770301646323965),6.0,6.0,6.0,6.0,5.0,5.0,5.0,5.0,25.0,25.0,21.0,21.0,26.5,44.7,26.436361111111108,18.111111111111107,0.8
2025-10-03 22:13:38+00:00,33.770291140041444,-84.39923558129593,POINT (-84.39923558129593 33.770291140041444),7.0,8.0,7.0,8.0,4.0,4.0,4.0,4.0,29.0,29.0,17.0,17.0,26.333333333333336,44.5,26.25875,18.000000000000004,0.9
2025-10-03 22:13:39+00:00,33.7702754048492,-84.39921814741815,POINT (-84.39921814741815 33.7702754048492),7.0,8.0,7.0,8.0,4.0,4.0,4.0,4.0,29.0,29.0,17.0,17.0,26.333333333333336,44.5,26.25875,18.000000000000004,0.9
2025-10-03 22:13:40+00:00,33.77027017593947,-84.39921235402386,POINT (-84.39921235402386 33.77027017593947),7.0,8.0,7.0,8.0,4.0,4.0,4.0,4.0,29.0,29.0,17.0,17.0,26.333333333333336,44.5,26.25875,18.000000000000004,0.9
2025-10-03 22:13:41+00:00,33.77026016704106,-84.39920126461936,POINT (-84.39920126461936 33.77026016704106),7.0,8.0,7.0,8.0,4.0,4.0,4.0,4.0,29.0,29.0,17.0,17.0,26.333333333333336,44.5,26.25875,18.000000000000004,0.9
2025-10-03 22:13:42+00:00,33.77025,-84.39919,POINT (-84.39919 33.77025),7.0,8.0,7.0,8.0,4.0,4.0,4.0,4.0,29.0,29.0,17.0,17.0,26.333333333333336,44.5,26.25875,18.000000000000004,0.9
2025-10-03 22:13:43+00:00,33.770238860377354,-84.39917978867925,POINT (-84.39917978867925 33.770238860377354),7.0,8.0,7.0,8.0,4.0,4.0,4.0,4.0,29.0,29.0,17.0,17.0,26.22222222222222,44.5,26.14208333333333,17.88888888888889,1.3
2025-10-03 22:13:44+00:00,33.7702274490566,-84.39916932830188,POINT (-84.39916932830188 33.7702274490566),7.0,8.0,7.0,8.0,4.0,4.0,4.0,4.0,29.0,29.0,17.0,17.0,26.22222222222222,44.5,26.14208333333333,17.88888888888889,1.3
2025-10-03 22:13:45+00:00,33.770215992452826,-84.3991588264151,POINT (-84.3991588264151 33.770215992452826),7.0,8.0,7.0,8.0,4.0,4.0,4.0,4.0,29.0,29.0,17.0,17.0,26.22222222222222,44.5,26.14208333333333,17.88888888888889,1.3
2025-10-03 22:13:46+00:00,33.77019679245283,-84.3991412264151,POINT (-84.3991412264151 33.77019679245283),7.0,8.0,7.0,8.0,4.0,4.0,4.0,4.0,29.0,29.0,17.0,17.0,26.22222222222222,44.5,26.14208333333333,17.88888888888889,1.3
2025-10-03 22:13:47+00:00,33.7701890490566,-84.39913412830188,POINT (-84.39913412830188 33.7701890490566),7.0,8.0,7.0,8.0,4.0,4.0,4.0,4.0,29.0,29.0,17.0,17.0,26.22222222222222,44.5,26.14208333333333,17.88888888888889,1.3
2025-10-03 22:13:48+00:00,33.770181260377356,-84.39912698867926,POINT (-84.39912698867926 33.770181260377356),7.0,8.0,7.0,8.0,4.0,4.0,4.0,4.0,29.0,29.0,17.0,17.0,26.11111111111111,44.4,26.02411111111111,17.77777777777778,1.3
2025-10-03 22:13:49+00:00,33.77017039245283,-84.3991170264151,POINT (-84.3991170264151 33.77017039245283),7.0,8.0,7.0,8.0,4.0,4.0,4.0,4.0,29.0,29.0,17.0,17.0,26.11111111111111,44.4,26.02411111111111,17.77777777777778,1.3
2025-10-03 22:13:50+00:00,33.77015843773585,-84.39910606792454,POINT (-84.39910606792454 33.77015843773585),7.0,8.0,7.0,8.0,4.0,4.0,4.0,4.0,29.0,29.0,17.0,17.0,26.11111111111111,44.4,26.02411111111111,17.77777777777778,1.3
2025-10-03 22:13:51+00:00,33.77014648301886,-84.39909510943396,POINT (-84.39909510943396 33.77014648301886),7.0,8.0,7.0,8.0,4.0,4.0,4.0,4.0,29.0,29.0,17.0,17.0,26.11111111111111,44.4,26.02411111111111,17.77777777777778,1.3
2025-10-03 22:13:52+00:00,33.77013502641509,-84.39908460754717,POINT (-84.39908460754717 33.77013502641509),7.0,8.0,7.0,8.0,4.0,4.0,4.0,4.0,29.0,29.0,17.0,17.0,26.11111111111111,44.4,26.02411111111111,17.77777777777778,1.3
2025-10-03 22:13:53+00:00,33.77012406792453,-84.39907456226416,POINT (-84.39907456226416 33.77012406792453),8.0,8.0,8.0,8.0,7.5,7.5,7.5,7.5,33.0,33.0,31.0,31.0,26.055555555555557,44.3,25.964472222222227,17.72222222222222,1.0
2025-10-03 22:13:54+00:00,33.77010735849056,-84.39905924528303,POINT (-84.39905924528303 33.77010735849056),8.0,8.0,8.0,8.0,7.5,7.5,7.5,7.5,33.0,33.0,31.0,31.0,26.055555555555557,44.3,25.964472222222227,17.72222222222222,1.0
2025-10-03 22:13:55+00:00,33.77010160754717,-84.39905397358491,POINT (-84.39905397358491 33.77010160754717),8.0,8.0,8.0,8.0,7.5,7.5,7.5,7.5,33.0,33.0,31.0,31.0,26.055555555555557,44.3,25.964472222222227,17.72222222222222,1.0
2025-10-03 22:13:56+00:00,33.770081773584906,-84.39903579245284,POINT (-84.39903579245284 33.770081773584906),8.0,8.0,8.0,8.0,7.5,7.5,7.5,7.5,33.0,33.0,31.0,31.0,26.055555555555557,44.3,25.964472222222227,17.72222222222222,1.0
2025-10-03 22:13:57+00:00,33.77007498113207,-84.39902956603774,POINT (-84.39902956603774 33.77007498113207),8.0,8.0,8.0,8.0,7.5,7.5,7.5,7.5,33.0,33.0,31.0,31.0,26.055555555555557,44.3,25.964472222222227,17.72222222222222,1.0
2025-10-03 22:13:58+00:00,33.77006714716981,-84.39902238490566,POINT (-84.39902238490566 33.77006714716981),8.0,8.0,8.0,8.0,7.5,7.5,7.5,7.5,33.0,33.0,31.0,31.0,26.0,44.4,25.90744444444444,17.72222222222222,0.9
2025-10-03 22:13:59+00:00,33.770055645283016,-84.39901184150943,POINT (-84.39901184150943 33.770055645283016),8.0,8.0,8.0,8.0,7.5,7.5,7.5,7.5,33.0,33.0,31.0,31.0,26.0,44.4,25.90744444444444,17.72222222222222,0.9
2025-10-03 22:14:00+00:00,33.77004418867924,-84.39900133962264,POINT (-84.39900133962264 33.77004418867924),8.0,8.0,8.0,8.0,7.5,7.5,7.5,7.5,33.0,33.0,31.0,31.0,26.0,44.4,25.90744444444444,17.72222222222222,0.9
2025-10-03 22:14:01+00:00,33.77003273207547,-84.39899083773585,POINT (-84.39899083773585 33.77003273207547),8.0,8.0,8.0,8.0,7.5,7.5,7.5,7.5,33.0,33.0,31.0,31.0,26.0,44.4,25.90744444444444,17.72222222222222,0.9
2025-10-03 22:14:02+00:00,33.77001602264151,-84.39897552075472,POINT (-84.39897552075472 33.77001602264151),8.0,8.0,8.0,8.0,7.5,7.5,7.5,7.5,33.0,33.0,31.0,31.0,26.0,44.4,25.90744444444444,17.72222222222222,0.9
2025-10-03 22:14:03+00:00,33.770010271698105,-84.3989702490566,POINT (-84.3989702490566 33.770010271698105),8.0,8.0,8.0,8.0,7.5,7.5,7.5,7.5,33.0,33.0,31.0,31.0,26.0,44.4,25.90744444444444,17.72222222222222,0.8
2025-10-03 22:14:04+00:00,33.769992454767724,-84.39895703178485,POINT (-84.39895703178485 33.769992454767724),8.0,8.0,8.0,8.0,7.5,7.5,7.5,7.5,33.0,33.0,31.0,31.0,26.0,44.4,25.90744444444444,17.72222222222222,0.8
2025-10-03 22:14:05+00:00,33.76998489119804,-84.39895144132029,POINT (-84.39895144132029 33.76998489119804),8.0,8.0,8.0,8.0,7.5,7.5,7.5,7.5,33.0,33.0,31.0,31.0,26.0,44.4,25.90744444444444,17.72222222222222,0.8
2025-10-03 22:14:06+00:00,33.769977496332515,-84.39894597555012,POINT (-84.39894597555012 33.769977496332515),8.0,8.0,8.0,8.0,7.5,7.5,7.5,7.5,33.0,33.0,31.0,31.0,26.0,44.4,25.90744444444444,17.72222222222222,0.8
2025-10-03 22:14:07+00:00,33.769966558679705,-84.39893789119805,POINT (-84.39893789119805 33.769966558679705),8.0,8.0,8.0,8.0,7.5,7.5,7.5,7.5,33.0,33.0,31.0,31.0,26.0,44.4,25.90744444444444,17.72222222222222,0.8
2025-10-03 22:14:08+00:00,33.769955621026895,-84.39892980684597,POINT (-84.39892980684597 33.769955621026895),6.0,6.0,6.0,6.0,7.0,7.0,7.0,7.0,25.0,25.0,29.0,29.0,26.055555555555557,44.5,25.967083333333335,17.72222222222222,2.1
2025-10-03 22:14:09+00:00,33.769936473105126,-84.39891565403423,POINT (-84.39891565403423 33.769936473105126),6.0,6.0,6.0,6.0,7.0,7.0,7.0,7.0,25.0,25.0,29.0,29.0,26.055555555555557,44.5,25.967083333333335,17.72222222222222,2.1
2025-10-03 22:14:10+00:00,33.76992778484107,-84.39890923227384,POINT (-84.39890923227384 33.76992778484107),6.0,6.0,6.0,6.0,7.0,7.0,7.0,7.0,25.0,25.0,29.0,29.0,26.055555555555557,44.5,25.967083333333335,17.72222222222222,2.1
2025-10-03 22:14:11+00:00,33.76992022127139,-84.3989036418093,POINT (-84.3989036418093 33.76992022127139),6.0,6.0,6.0,6.0,7.0,7.0,7.0,7.0,25.0,25.0,29.0,29.0,26.055555555555557,44.5,25.967083333333335,17.72222222222222,2.1
2025-10-03 22:14:12+00:00,33.76989994865526,-84.39888865770172,POINT (-84.39888865770172 33.76989994865526),6.0,6.0,6.0,6.0,7.0,7.0,7.0,7.0,25.0,25.0,29.0,29.0,26.055555555555557,44.5,25.967083333333335,17.72222222222222,2.1
2025-10-03 22:14:13+00:00,33.76989061369193,-84.39888175794621,POINT (-84.39888175794621 33.76989061369193),6.0,6.0,6.0,6.0,7.0,7.0,7.0,7.0,25.0,25.0,29.0,29.0,26.055555555555557,44.7,25.969694444444446,17.72222222222222,1.1
2025-10-03 22:14:14+00:00,33.76988240342298,-84.39887568948656,POINT (-84.39887568948656 33.76988240342298),6.0,6.0,6.0,6.0,7.0,7.0,7.0,7.0,25.0,25.0,29.0,29.0,26.055555555555557,44.7,25.969694444444446,17.72222222222222,1.1
2025-10-03 22:14:15+00:00,33.76987306845965,-84.39886878973105,POINT (-84.39886878973105 33.76987306845965),6.0,6.0,6.0,6.0,7.0,7.0,7.0,7.0,25.0,25.0,29.0,29.0,26.055555555555557,44.7,25.969694444444446,17.72222222222222,1.1
2025-10-03 22:14:16+00:00,33.7698643801956,-84.39886236797066,POINT (-84.39886236797066 33.7698643801956),6.0,6.0,6.0,6.0,7.0,7.0,7.0,7.0,25.0,25.0,29.0,29.0,26.055555555555557,44.7,25.969694444444446,17.72222222222222,1.1
2025-10-03 22:14:17+00:00,33.76985231784841,-84.39885345232274,POINT (-84.39885345232274 33.76985231784841),6.0,6.0,6.0,6.0,7.0,7.0,7.0,7.0,25.0,25.0,29.0,29.0,26.055555555555557,44.7,25.969694444444446,17.72222222222222,1.1
2025-10-03 22:14:18+00:00,33.76984090220049,-84.39884501466993,POINT (-84.39884501466993 33.76984090220049),6.0,6.0,6.0,6.0,7.0,7.0,7.0,7.0,25.0,25.0,29.0,29.0,25.944444444444443,44.8,25.854333333333336,17.72222222222222,0.0
2025-10-03 22:14:19+00:00,33.76982175427872,-84.39883086185819,POINT (-84.39883086185819 33.76982175427872),6.0,6.0,6.0,6.0,7.0,7.0,7.0,7.0,25.0,25.0,29.0,29.0,25.944444444444443,44.8,25.854333333333336,17.72222222222222,0.0
2025-10-03 22:14:20+00:00,33.769814359413196,-84.39882539608801,POINT (-84.39882539608801 33.769814359413196),6.0,6.0,6.0,6.0,7.0,7.0,7.0,7.0,25.0,25.0,29.0,29.0,25.944444444444443,44.8,25.854333333333336,17.72222222222222,0.0
2025-10-03 22:14:21+00:00,33.76980679584352,-84.39881980562348,POINT (-84.39881980562348 33.76980679584352),6.0,6.0,6.0,6.0,7.0,7.0,7.0,7.0,25.0,25.0,29.0,29.0,25.944444444444443,44.8,25.854333333333336,17.72222222222222,0.0
2025-10-03 22:14:22+00:00,33.76979633618582,-84.39881207457212,POINT (-84.39881207457212 33.76979633618582),6.0,6.0,6.0,6.0,7.0,7.0,7.0,7.0,25.0,25.0,29.0,29.0,25.944444444444443,44.8,25.854333333333336,17.72222222222222,0.0
2025-10-03 22:14:23+00:00,33.76978522982885,-84.39880386552566,POINT (-84.39880386552566 33.76978522982885),5.0,5.0,5.0,5.0,5.0,6.0,5.0,6.0,21.0,21.0,21.0,21.0,25.944444444444443,44.8,25.854333333333336,17.72222222222222,0.9
2025-10-03 22:14:24+00:00,33.76977780615385,-84.39879895076923,POINT (-84.39879895076923 33.76977780615385),5.0,5.0,5.0,5.0,5.0,6.0,5.0,6.0,21.0,21.0,21.0,21.0,25.944444444444443,44.8,25.854333333333336,17.72222222222222,0.9
2025-10-03 22:14:25+00:00,33.769767332307694,-84.39879394153846,POINT (-84.39879394153846 33.769767332307694),5.0,5.0,5.0,5.0,5.0,6.0,5.0,6.0,21.0,21.0,21.0,21.0,25.944444444444443,44.8,25.854333333333336,17.72222222222222,0.9
2025-10-03 22:14:26+00:00,33.76975685846154,-84.3987889323077,POINT (-84.3987889323077 33.76975685846154),5.0,5.0,5.0,5.0,5.0,6.0,5.0,6.0,21.0,21.0,21.0,21.0,25.944444444444443,44.8,25.854333333333336,17.72222222222222,0.9
2025-10-03 22:14:27+00:00,33.769735946153844,-84.39877893076923,POINT (-84.39877893076923 33.769735946153844),5.0,5.0,5.0,5.0,5.0,6.0,5.0,6.0,21.0,21.0,21.0,21.0,25.944444444444443,44.8,25.854333333333336,17.72222222222222,0.9
2025-10-03 22:14:28+00:00,33.76972667538462,-84.39877449692307,POINT (-84.39877449692307 33.76972667538462),5.0,5.0,5.0,5.0,5.0,6.0,5.0,6.0,21.0,21.0,21.0,21.0,26.055555555555557,44.9,25.97230555555556,17.77777777777778,1.0
2025-10-03 22:14:29+00:00,33.76971782923077,-84.39877026615385,POINT (-84.39877026615385 33.76971782923077),5.0,5.0,5.0,5.0,5.0,6.0,5.0,6.0,21.0,21.0,21.0,21.0,26.055555555555557,44.9,25.97230555555556,17.77777777777778,1.0
2025-10-03 22:14:30+00:00,33.76970456000001,-84.39876392,POINT (-84.39876392 33.76970456000001),5.0,5.0,5.0,5.0,5.0,6.0,5.0,6.0,21.0,21.0,21.0,21.0,26.055555555555557,44.9,25.97230555555556,17.77777777777778,1.0
2025-10-03 22:14:31+00:00,33.769690476923074,-84.39875718461538,POINT (-84.39875718461538 33.769690476923074),5.0,5.0,5.0,5.0,5.0,6.0,5.0,6.0,21.0,21.0,21.0,21.0,26.055555555555557,44.9,25.97230555555556,17.77777777777778,1.0
2025-10-03 22:14:32+00:00,33.769668786153844,-84.39874681076923,POINT (-84.39874681076923 33.769668786153844),5.0,5.0,5.0,5.0,5.0,6.0,5.0,6.0,21.0,21.0,21.0,21.0,26.055555555555557,44.9,25.97230555555556,17.77777777777778,1.0
2025-10-03 22:14:33+00:00,33.76965994,-84.39874258,POINT (-84.39874258 33.76965994),5.0,5.0,5.0,5.0,5.0,6.0,5.0,6.0,21.0,21.0,21.0,21.0,26.055555555555557,45.0,25.97361111111111,17.77777777777778,0.9
2025-10-03 22:14:34+00:00,33.76965070461539,-84.39873816307693,POINT (-84.39873816307693 33.76965070461539),5.0,5.0,5.0,5.0,5.0,6.0,5.0,6.0,21.0,21.0,21.0,21.0,26.055555555555557,45.0,25.97361111111111,17.77777777777778,0.9
2025-10-03 22:14:35+00:00,33.76963782461539,-84.39873200307693,POINT (-84.39873200307693 33.76963782461539),5.0,5.0,5.0,5.0,5.0,6.0,5.0,6.0,21.0,21.0,21.0,21.0,26.055555555555557,45.0,25.97361111111111,17.77777777777778,0.9
2025-10-03 22:14:36+00:00,33.76962413076923,-84.39872545384615,POINT (-84.39872545384615 33.76962413076923),5.0,5.0,5.0,5.0,5.0,6.0,5.0,6.0,21.0,21.0,21.0,21.0,26.055555555555557,45.0,25.97361111111111,17.77777777777778,0.9
2025-10-03 22:14:37+00:00,33.76960236923077,-84.39871504615384,POINT (-84.39871504615384 33.76960236923077),5.0,5.0,5.0,5.0,5.0,6.0,5.0,6.0,21.0,21.0,21.0,21.0,26.055555555555557,45.0,25.97361111111111,17.77777777777778,0.9
2025-10-03 22:14:38+00:00,33.769593487692305,-84.39871079846154,POINT (-84.39871079846154 33.769593487692305),6.0,7.0,6.0,7.0,5.0,6.0,5.0,6.0,25.0,25.0,21.0,21.0,26.055555555555557,45.1,25.97491666666667,17.77777777777778,0.8
2025-10-03 22:14:39+00:00,33.76958460615385,-84.39870655076923,POINT (-84.39870655076923 33.76958460615385),6.0,7.0,6.0,7.0,5.0,6.0,5.0,6.0,25.0,25.0,21.0,21.0,26.055555555555557,45.1,25.97491666666667,17.77777777777778,0.8
2025-10-03 22:14:40+00:00,33.76956564,-84.39869748,POINT (-84.39869748 33.76956564),6.0,7.0,6.0,7.0,5.0,6.0,5.0,6.0,25.0,25.0,21.0,21.0,26.055555555555557,45.1,25.97491666666667,17.77777777777778,0.8
2025-10-03 22:14:41+00:00,33.76955877538462,-84.39869419692307,POINT (-84.39869419692307 33.76955877538462),6.0,7.0,6.0,7.0,5.0,6.0,5.0,6.0,25.0,25.0,21.0,21.0,26.055555555555557,45.1,25.97491666666667,17.77777777777778,0.8
2025-10-03 22:14:42+00:00,33.76954725214008,-84.39868883424124,POINT (-84.39868883424124 33.76954725214008),6.0,7.0,6.0,7.0,5.0,6.0,5.0,6.0,25.0,25.0,21.0,21.0,26.055555555555557,45.1,25.97491666666667,17.77777777777778,0.8
2025-10-03 22:14:43+00:00,33.76953492529183,-84.39868360466926,POINT (-84.39868360466926 33.76953492529183),6.0,7.0,6.0,7.0,5.0,6.0,5.0,6.0,25.0,25.0,21.0,21.0,26.055555555555557,45.2,25.97622222222223,17.88888888888889,1.0
2025-10-03 22:14:44+00:00,33.769521750972764,-84.3986780155642,POINT (-84.3986780155642 33.769521750972764),6.0,7.0,6.0,7.0,5.0,6.0,5.0,6.0,25.0,25.0,21.0,21.0,26.055555555555557,45.2,25.97622222222223,17.88888888888889,1.0
2025-10-03 22:14:45+00:00,33.76950349182879,-84.3986702692607,POINT (-84.3986702692607 33.76950349182879),6.0,7.0,6.0,7.0,5.0,6.0,5.0,6.0,25.0,25.0,21.0,21.0,26.055555555555557,45.2,25.97622222222223,17.88888888888889,1.0
2025-10-03 22:14:46+00:00,33.7694972,-84.3986676,POINT (-84.3986676 33.7694972),6.0,7.0,6.0,7.0,5.0,6.0,5.0,6.0,25.0,25.0,21.0,21.0,26.055555555555557,45.2,25.97622222222223,17.88888888888889,1.0
2025-10-03 22:14:47+00:00,33.76948474474708,-84.3986623159533,POINT (-84.3986623159533 33.76948474474708),6.0,7.0,6.0,7.0,5.0,6.0,5.0,6.0,25.0,25.0,21.0,21.0,26.055555555555557,45.2,25.97622222222223,17.88888888888889,1.0
2025-10-03 22:14:48+00:00,33.76947362490272,-84.39865759844358,POINT (-84.39865759844358 33.76947362490272),6.0,7.0,6.0,7.0,5.0,6.0,5.0,6.0,25.0,25.0,21.0,21.0,26.055555555555557,45.2,25.97622222222223,17.88888888888889,1.0
2025-10-03 22:14:49+00:00,33.76946214552529,-84.39865272840467,POINT (-84.39865272840467 33.76946214552529),6.0,7.0,6.0,7.0,5.0,6.0,5.0,6.0,25.0,25.0,21.0,21.0,26.055555555555557,45.2,25.97622222222223,17.88888888888889,1.0
2025-10-03 22:14:50+00:00,33.76945066614786,-84.39864785836576,POINT (-84.39864785836576 33.76945066614786),6.0,7.0,6.0,7.0,5.0,6.0,5.0,6.0,25.0,25.0,21.0,21.0,26.055555555555557,45.2,25.97622222222223,17.88888888888889,1.0
2025-10-03 22:14:51+00:00,33.76943882723736,-84.39864283579767,POINT (-84.39864283579767 33.76943882723736),6.0,7.0,6.0,7.0,5.0,6.0,5.0,6.0,25.0,25.0,21.0,21.0,26.055555555555557,45.2,25.97622222222223,17.88888888888889,1.0
2025-10-03 22:14:52+00:00,33.76942819533074,-84.39863832529183,POINT (-84.39863832529183 33.76942819533074),6.0,7.0,6.0,7.0,5.0,6.0,5.0,6.0,25.0,25.0,21.0,21.0,26.055555555555557,45.2,25.97622222222223,17.88888888888889,1.0
2025-10-03 22:14:53+00:00,33.76941828249027,-84.39863411984436,POINT (-84.39863411984436 33.76941828249027),7.0,7.0,7.0,7.0,7.0,7.0,7.0,7.0,29.0,29.0,29.0,29.0,26.166666666666664,45.3,26.094194444444444,18.000000000000004,1.0
2025-10-03 22:14:54+00:00,33.76940824124514,-84.39862985992218,POINT (-84.39862985992218 33.76940824124514),7.0,7.0,7.0,7.0,7.0,7.0,7.0,7.0,29.0,29.0,29.0,29.0,26.166666666666664,45.3,26.094194444444444,18.000000000000004,1.0
2025-10-03 22:14:55+00:00,33.7693982,-84.3986256,POINT (-84.3986256 33.7693982),7.0,7.0,7.0,7.0,7.0,7.0,7.0,7.0,29.0,29.0,29.0,29.0,26.166666666666664,45.3,26.094194444444444,18.000000000000004,1.0
2025-10-03 22:14:56+00:00,33.76938646381323,-84.39862062101167,POINT (-84.39862062101167 33.76938646381323),7.0,7.0,7.0,7.0,7.0,7.0,7.0,7.0,29.0,29.0,29.0,29.0,26.166666666666664,45.3,26.094194444444444,18.000000000000004,1.0
2025-10-03 22:14:57+00:00,33.76937557509728,-84.39861600155642,POINT (-84.39861600155642 33.76937557509728),7.0,7.0,7.0,7.0,7.0,7.0,7.0,7.0,29.0,29.0,29.0,29.0,26.166666666666664,45.3,26.094194444444444,18.000000000000004,1.0
2025-10-03 22:14:58+00:00,33.76936432684825,-84.39861122957198,POINT (-84.39861122957198 33.76936432684825),7.0,7.0,7.0,7.0,7.0,7.0,7.0,7.0,29.0,29.0,29.0,29.0,26.0,45.3,25.919194444444443,17.77777777777778,0.0
2025-10-03 22:14:59+00:00,33.769353926070046,-84.39860681712062,POINT (-84.39860681712062 33.769353926070046),7.0,7.0,7.0,7.0,7.0,7.0,7.0,7.0,29.0,29.0,29.0,29.0,26.0,45.3,25.919194444444443,17.77777777777778,0.0
2025-10-03 22:15:00+00:00,33.76934231828793,-84.398601892607,POINT (-84.398601892607 33.76934231828793),7.0,7.0,7.0,7.0,7.0,7.0,7.0,7.0,29.0,29.0,29.0,29.0,26.0,45.3,25.919194444444443,17.77777777777778,0.0
2025-10-03 22:15:01+00:00,33.769331917509724,-84.39859748015564,POINT (-84.39859748015564 33.769331917509724),7.0,7.0,7.0,7.0,7.0,7.0,7.0,7.0,29.0,29.0,29.0,29.0,26.0,45.3,25.919194444444443,17.77777777777778,0.0
2025-10-03 22:15:02+00:00,33.76932187626459,-84.39859322023347,POINT (-84.39859322023347 33.76932187626459),7.0,7.0,7.0,7.0,7.0,7.0,7.0,7.0,29.0,29.0,29.0,29.0,26.0,45.3,25.919194444444443,17.77777777777778,0.0
2025-10-03 22:15:03+00:00,33.76931014007782,-84.39858824124514,POINT (-84.39858824124514 33.76931014007782),7.0,7.0,7.0,7.0,7.0,7.0,7.0,7.0,29.0,29.0,29.0,29.0,25.944444444444443,45.3,25.86086111111111,17.77777777777778,0.7
2025-10-03 22:15:04+00:00,33.76929840389105,-84.3985832622568,POINT (-84.3985832622568 33.76929840389105),7.0,7.0,7.0,7.0,7.0,7.0,7.0,7.0,29.0,29.0,29.0,29.0,25.944444444444443,45.3,25.86086111111111,17.77777777777778,0.7
2025-10-03 22:15:05+00:00,33.76927868093386,-84.39857489494163,POINT (-84.39857489494163 33.76927868093386),7.0,7.0,7.0,7.0,7.0,7.0,7.0,7.0,29.0,29.0,29.0,29.0,25.944444444444443,45.3,25.86086111111111,17.77777777777778,0.7
2025-10-03 22:15:06+00:00,33.769271182101164,-84.39857171361868,POINT (-84.39857171361868 33.769271182101164),7.0,7.0,7.0,7.0,7.0,7.0,7.0,7.0,29.0,29.0,29.0,29.0,25.944444444444443,45.3,25.86086111111111,17.77777777777778,0.7
2025-10-03 22:15:07+00:00,33.76926319533074,-84.39856832529183,POINT (-84.39856832529183 33.76926319533074),7.0,7.0,7.0,7.0,7.0,7.0,7.0,7.0,29.0,29.0,29.0,29.0,25.944444444444443,45.3,25.86086111111111,17.77777777777778,0.7
2025-10-03 22:15:08+00:00,33.76925194708171,-84.3985635533074,POINT (-84.3985635533074 33.76925194708171),6.0,6.0,6.0,6.0,5.0,5.0,5.0,5.0,25.0,25.0,21.0,21.0,25.944444444444443,45.3,25.86086111111111,17.72222222222222,0.9
2025-10-03 22:15:09+00:00,33.76923985136187,-84.39855842178989,POINT (-84.39855842178989 33.76923985136187),6.0,6.0,6.0,6.0,5.0,5.0,5.0,5.0,25.0,25.0,21.0,21.0,25.944444444444443,45.3,25.86086111111111,17.72222222222222,0.9
2025-10-03 22:15:10+00:00,33.7692178275862,-84.39854906896552,POINT (-84.39854906896552 33.7692178275862),6.0,6.0,6.0,6.0,5.0,5.0,5.0,5.0,25.0,25.0,21.0,21.0,25.944444444444443,45.3,25.86086111111111,17.72222222222222,0.9
2025-10-03 22:15:11+00:00,33.76920877586207,-84.39854518965517,POINT (-84.39854518965517 33.76920877586207),6.0,6.0,6.0,6.0,5.0,5.0,5.0,5.0,25.0,25.0,21.0,21.0,25.944444444444443,45.3,25.86086111111111,17.72222222222222,0.9
2025-10-03 22:15:12+00:00,33.7692000862069,-84.39854146551724,POINT (-84.39854146551724 33.7692000862069),6.0,6.0,6.0,6.0,5.0,5.0,5.0,5.0,25.0,25.0,21.0,21.0,25.944444444444443,45.3,25.86086111111111,17.72222222222222,0.9
2025-10-03 22:15:13+00:00,33.76917727586206,-84.39853168965517,POINT (-84.39853168965517 33.76917727586206),6.0,6.0,6.0,6.0,5.0,5.0,5.0,5.0,25.0,25.0,21.0,21.0,25.944444444444443,45.3,25.86086111111111,17.72222222222222,0.8
2025-10-03 22:15:14+00:00,33.769168586206895,-84.39852796551725,POINT (-84.39852796551725 33.769168586206895),6.0,6.0,6.0,6.0,5.0,5.0,5.0,5.0,25.0,25.0,21.0,21.0,25.944444444444443,45.3,25.86086111111111,17.72222222222222,0.8
2025-10-03 22:15:15+00:00,33.76915905172414,-84.39852387931035,POINT (-84.39852387931035 33.76915905172414),6.0,6.0,6.0,6.0,5.0,5.0,5.0,5.0,25.0,25.0,21.0,21.0,25.944444444444443,45.3,25.86086111111111,17.72222222222222,0.8
2025-10-03 22:15:16+00:00,33.769139982758624,-84.39851570689656,POINT (-84.39851570689656 33.769139982758624),6.0,6.0,6.0,6.0,5.0,5.0,5.0,5.0,25.0,25.0,21.0,21.0,25.944444444444443,45.3,25.86086111111111,17.72222222222222,0.8
2025-10-03 22:15:17+00:00,33.76913334482759,-84.39851286206897,POINT (-84.39851286206897 33.76913334482759),6.0,6.0,6.0,6.0,5.0,5.0,5.0,5.0,25.0,25.0,21.0,21.0,25.944444444444443,45.3,25.86086111111111,17.72222222222222,0.8
2025-10-03 22:15:18+00:00,33.7691209137931,-84.39850753448276,POINT (-84.39850753448276 33.7691209137931),6.0,6.0,6.0,6.0,5.0,5.0,5.0,5.0,25.0,25.0,21.0,21.0,25.944444444444443,45.3,25.86086111111111,17.77777777777778,0.7
2025-10-03 22:15:19+00:00,33.76910981034483,-84.39850277586207,POINT (-84.39850277586207 33.76910981034483),6.0,6.0,6.0,6.0,5.0,5.0,5.0,5.0,25.0,25.0,21.0,21.0,25.944444444444443,45.3,25.86086111111111,17.77777777777778,0.7
2025-10-03 22:15:20+00:00,33.76909822413793,-84.39849781034484,POINT (-84.39849781034484 33.76909822413793),6.0,6.0,6.0,6.0,5.0,5.0,5.0,5.0,25.0,25.0,21.0,21.0,25.944444444444443,45.3,25.86086111111111,17.77777777777778,0.7
2025-10-03 22:15:21+00:00,33.76908784482758,-84.39849336206896,POINT (-84.39849336206896 33.76908784482758),6.0,6.0,6.0,6.0,5.0,5.0,5.0,5.0,25.0,25.0,21.0,21.0,25.944444444444443,45.3,25.86086111111111,17.77777777777778,0.7
2025-10-03 22:15:22+00:00,33.76907903448276,-84.39848958620689,POINT (-84.39848958620689 33.76907903448276),6.0,6.0,6.0,6.0,5.0,5.0,5.0,5.0,25.0,25.0,21.0,21.0,25.944444444444443,45.3,25.86086111111111,17.77777777777778,0.7
2025-10-03 22:15:23+00:00,33.76906901724138,-84.39848529310345,POINT (-84.39848529310345 33.76906901724138),5.0,5.0,5.0,5.0,6.0,6.0,6.0,6.0,21.0,21.0,25.0,25.0,26.0,45.4,25.920500000000004,17.77777777777778,0.0
2025-10-03 22:15:24+00:00,33.769059482758614,-84.39848120689655,POINT (-84.39848120689655 33.769059482758614),5.0,5.0,5.0,5.0,6.0,6.0,6.0,6.0,21.0,21.0,25.0,25.0,26.0,45.4,25.920500000000004,17.77777777777778,0.0
2025-10-03 22:15:25+00:00,33.76904874137931,-84.39847660344827,POINT (-84.39847660344827 33.76904874137931),5.0,5.0,5.0,5.0,6.0,6.0,6.0,6.0,21.0,21.0,25.0,25.0,26.0,45.4,25.920500000000004,17.77777777777778,0.0
2025-10-03 22:15:26+00:00,33.769038,-84.398472,POINT (-84.398472 33.769038),5.0,5.0,5.0,5.0,6.0,6.0,6.0,6.0,21.0,21.0,25.0,25.0,26.0,45.4,25.920500000000004,17.77777777777778,0.0
2025-10-03 22:15:27+00:00,33.7690264137931,-84.39846703448276,POINT (-84.39846703448276 33.7690264137931),5.0,5.0,5.0,5.0,6.0,6.0,6.0,6.0,21.0,21.0,25.0,25.0,26.0,45.4,25.920500000000004,17.77777777777778,0.0
2025-10-03 22:15:28+00:00,33.76901446551724,-84.3984619137931,POINT (-84.3984619137931 33.76901446551724),5.0,5.0,5.0,5.0,6.0,6.0,6.0,6.0,21.0,21.0,25.0,25.0,26.055555555555557,45.5,25.98013888888889,17.77777777777778,0.0
2025-10-03 22:15:29+00:00,33.769002517241375,-84.39845679310345,POINT (-84.39845679310345 33.769002517241375),5.0,5.0,5.0,5.0,6.0,6.0,6.0,6.0,21.0,21.0,25.0,25.0,26.055555555555557,45.5,25.98013888888889,17.77777777777778,0.0
2025-10-03 22:15:30+00:00,33.76898984482759,-84.39845136206897,POINT (-84.39845136206897 33.76898984482759),5.0,5.0,5.0,5.0,6.0,6.0,6.0,6.0,21.0,21.0,25.0,25.0,26.055555555555557,45.5,25.98013888888889,17.77777777777778,0.0
2025-10-03 22:15:31+00:00,33.7689690862069,-84.39844246551725,POINT (-84.39844246551725 33.7689690862069),5.0,5.0,5.0,5.0,6.0,6.0,6.0,6.0,21.0,21.0,25.0,25.0,26.055555555555557,45.5,25.98013888888889,17.77777777777778,0.0
2025-10-03 22:15:32+00:00,33.76896172413793,-84.39843931034483,POINT (-84.39843931034483 33.76896172413793),5.0,5.0,5.0,5.0,6.0,6.0,6.0,6.0,21.0,21.0,25.0,25.0,26.055555555555557,45.5,25.98013888888889,17.77777777777778,0.0
2025-10-03 22:15:33+00:00,33.76894748275862,-84.39843320689656,POINT (-84.39843320689656 33.76894748275862),5.0,5.0,5.0,5.0,6.0,6.0,6.0,6.0,21.0,21.0,25.0,25.0,26.055555555555557,45.5,25.98013888888889,17.88888888888889,0.0
2025-10-03 22:15:34+00:00,33.76893274732576,-84.39842711880065,POINT (-84.39842711880065 33.76893274732576),5.0,5.0,5.0,5.0,6.0,6.0,6.0,6.0,21.0,21.0,25.0,25.0,26.055555555555557,45.5,25.98013888888889,17.88888888888889,0.0
2025-10-03 22:15:35+00:00,33.76891843128038,-84.39842143160455,POINT (-84.39842143160455 33.76891843128038),5.0,5.0,5.0,5.0,6.0,6.0,6.0,6.0,21.0,21.0,25.0,25.0,26.055555555555557,45.5,25.98013888888889,17.88888888888889,0.0
2025-10-03 22:15:36+00:00,33.76889842431118,-84.39841348363048,POINT (-84.39841348363048 33.76889842431118),5.0,5.0,5.0,5.0,6.0,6.0,6.0,6.0,21.0,21.0,25.0,25.0,26.055555555555557,45.5,25.98013888888889,17.88888888888889,0.0
2025-10-03 22:15:37+00:00,33.76889100599676,-84.39841053662886,POINT (-84.39841053662886 33.76889100599676),5.0,5.0,5.0,5.0,6.0,6.0,6.0,6.0,21.0,21.0,25.0,25.0,26.055555555555557,45.5,25.98013888888889,17.88888888888889,0.0
2025-10-03 22:15:38+00:00,33.76886633743921,-84.39840073679092,POINT (-84.39840073679092 33.76886633743921),6.0,6.0,6.0,6.0,7.0,7.0,7.0,7.0,25.0,25.0,29.0,29.0,26.166666666666664,45.4,26.095499999999998,17.88888888888889,1.0
2025-10-03 22:15:39+00:00,33.76885650551053,-84.39839683095624,POINT (-84.39839683095624 33.76885650551053),6.0,6.0,6.0,6.0,7.0,7.0,7.0,7.0,25.0,25.0,29.0,29.0,26.166666666666664,45.4,26.095499999999998,17.88888888888889,1.0
2025-10-03 22:15:40+00:00,33.76884580988655,-84.39839258200973,POINT (-84.39839258200973 33.76884580988655),6.0,6.0,6.0,6.0,7.0,7.0,7.0,7.0,25.0,25.0,29.0,29.0,26.166666666666664,45.4,26.095499999999998,17.88888888888889,1.0
2025-10-03 22:15:41+00:00,33.76883063014587,-84.39838655170179,POINT (-84.39838655170179 33.76883063014587),6.0,6.0,6.0,6.0,7.0,7.0,7.0,7.0,25.0,25.0,29.0,29.0,26.166666666666664,45.4,26.095499999999998,17.88888888888889,1.0
2025-10-03 22:15:42+00:00,33.768815450405185,-84.39838052139385,POINT (-84.39838052139385 33.768815450405185),6.0,6.0,6.0,6.0,7.0,7.0,7.0,7.0,25.0,25.0,29.0,29.0,26.166666666666664,45.4,26.095499999999998,17.88888888888889,1.0
2025-10-03 22:15:43+00:00,33.76880234116693,-84.39837531361427,POINT (-84.39837531361427 33.76880234116693),6.0,6.0,6.0,6.0,7.0,7.0,7.0,7.0,25.0,25.0,29.0,29.0,26.22222222222222,45.3,26.15252777777777,18.000000000000004,1.0
2025-10-03 22:15:44+00:00,33.76878181361427,-84.39836715883307,POINT (-84.39836715883307 33.76878181361427),6.0,6.0,6.0,6.0,7.0,7.0,7.0,7.0,25.0,25.0,29.0,29.0,26.22222222222222,45.3,26.15252777777777,18.000000000000004,1.0
2025-10-03 22:15:45+00:00,33.76877560210697,-84.39836469124798,POINT (-84.39836469124798 33.76877560210697),6.0,6.0,6.0,6.0,7.0,7.0,7.0,7.0,25.0,25.0,29.0,29.0,26.22222222222222,45.3,26.15252777777777,18.000000000000004,1.0
2025-10-03 22:15:46+00:00,33.76875455397082,-84.39835632965965,POINT (-84.39835632965965 33.76875455397082),6.0,6.0,6.0,6.0,7.0,7.0,7.0,7.0,25.0,25.0,29.0,29.0,26.22222222222222,45.3,26.15252777777777,18.000000000000004,1.0
2025-10-03 22:15:47+00:00,33.768745065153965,-84.39835256012967,POINT (-84.39835256012967 33.768745065153965),6.0,6.0,6.0,6.0,7.0,7.0,7.0,7.0,25.0,25.0,29.0,29.0,26.22222222222222,45.3,26.15252777777777,18.000000000000004,1.0
2025-10-03 22:15:48+00:00,33.76873678314424,-84.39834927001621,POINT (-84.39834927001621 33.76873678314424),6.0,6.0,6.0,6.0,7.0,7.0,7.0,7.0,25.0,25.0,29.0,29.0,26.27777777777778,45.3,26.210861111111114,18.000000000000004,0.9
2025-10-03 22:15:49+00:00,33.76872349643436,-84.3983439917342,POINT (-84.3983439917342 33.76872349643436),6.0,6.0,6.0,6.0,7.0,7.0,7.0,7.0,25.0,25.0,29.0,29.0,26.27777777777778,45.3,26.210861111111114,18.000000000000004,0.9
2025-10-03 22:15:50+00:00,33.76871020972447,-84.39833871345219,POINT (-84.39833871345219 33.76871020972447),6.0,6.0,6.0,6.0,7.0,7.0,7.0,7.0,25.0,25.0,29.0,29.0,26.27777777777778,45.3,26.210861111111114,18.000000000000004,0.9
2025-10-03 22:15:51+00:00,33.76869640243111,-84.39833322836304,POINT (-84.39833322836304 33.76869640243111),6.0,6.0,6.0,6.0,7.0,7.0,7.0,7.0,25.0,25.0,29.0,29.0,26.27777777777778,45.3,26.210861111111114,18.000000000000004,0.9
2025-10-03 22:15:52+00:00,33.76868259513776,-84.39832774327391,POINT (-84.39832774327391 33.76868259513776),6.0,6.0,6.0,6.0,7.0,7.0,7.0,7.0,25.0,25.0,29.0,29.0,26.27777777777778,45.3,26.210861111111114,18.000000000000004,0.9
2025-10-03 22:15:53+00:00,33.768668787844405,-84.39832225818476,POINT (-84.39832225818476 33.768668787844405),7.0,7.0,7.0,7.0,6.0,6.0,6.0,6.0,29.0,29.0,25.0,25.0,26.22222222222222,45.4,26.15383333333333,18.000000000000004,0.9
2025-10-03 22:15:54+00:00,33.76865411685576,-84.3983164299838,POINT (-84.3983164299838 33.76865411685576),7.0,7.0,7.0,7.0,6.0,6.0,6.0,6.0,29.0,29.0,25.0,25.0,26.22222222222222,45.4,26.15383333333333,18.000000000000004,0.9
2025-10-03 22:15:55+00:00,33.76864099578606,-84.39831121750406,POINT (-84.39831121750406 33.76864099578606),7.0,7.0,7.0,7.0,6.0,6.0,6.0,6.0,29.0,29.0,25.0,25.0,26.22222222222222,45.4,26.15383333333333,18.000000000000004,0.9
2025-10-03 22:15:56+00:00,33.76861837406807,-84.39830223079417,POINT (-84.39830223079417 33.76861837406807),7.0,7.0,7.0,7.0,6.0,6.0,6.0,6.0,29.0,29.0,25.0,25.0,26.22222222222222,45.4,26.15383333333333,18.000000000000004,0.9
2025-10-03 22:15:57+00:00,33.768609050891406,-84.39829852706644,POINT (-84.39829852706644 33.768609050891406),7.0,7.0,7.0,7.0,6.0,6.0,6.0,6.0,29.0,29.0,25.0,25.0,26.22222222222222,45.4,26.15383333333333,18.000000000000004,0.9
2025-10-03 22:15:58+00:00,33.76860007082658,-84.39829495964344,POINT (-84.39829495964344 33.76860007082658),7.0,7.0,7.0,7.0,6.0,6.0,6.0,6.0,29.0,29.0,25.0,25.0,26.22222222222222,45.3,26.15252777777777,18.000000000000004,0.8
2025-10-03 22:15:59+00:00,33.76858004019449,-84.39828700226904,POINT (-84.39828700226904 33.76858004019449),7.0,7.0,7.0,7.0,6.0,6.0,6.0,6.0,29.0,29.0,25.0,25.0,26.22222222222222,45.3,26.15252777777777,18.000000000000004,0.8
2025-10-03 22:16:00+00:00,33.76857365121556,-84.39828446418153,POINT (-84.39828446418153 33.76857365121556),7.0,7.0,7.0,7.0,6.0,6.0,6.0,6.0,29.0,29.0,25.0,25.0,26.22222222222222,45.3,26.15252777777777,18.000000000000004,0.8
2025-10-03 22:16:01+00:00,33.7685608732577,-84.39827938800649,POINT (-84.39827938800649 33.7685608732577),7.0,7.0,7.0,7.0,6.0,6.0,6.0,6.0,29.0,29.0,25.0,25.0,26.22222222222222,45.3,26.15252777777777,18.000000000000004,0.8
2025-10-03 22:16:02+00:00,33.76854982269044,-84.3982749980551,POINT (-84.3982749980551 33.76854982269044),7.0,7.0,7.0,7.0,6.0,6.0,6.0,6.0,29.0,29.0,25.0,25.0,26.22222222222222,45.3,26.15252777777777,18.000000000000004,0.8
2025-10-03 22:16:03+00:00,33.768537565316045,-84.3982701286872,POINT (-84.3982701286872 33.768537565316045),7.0,7.0,7.0,7.0,6.0,6.0,6.0,6.0,29.0,29.0,25.0,25.0,26.22222222222222,45.3,26.15252777777777,18.000000000000004,1.0
2025-10-03 22:16:04+00:00,33.76852462171799,-84.39826498670989,POINT (-84.39826498670989 33.76852462171799),7.0,7.0,7.0,7.0,6.0,6.0,6.0,6.0,29.0,29.0,25.0,25.0,26.22222222222222,45.3,26.15252777777777,18.000000000000004,1.0
2025-10-03 22:16:05+00:00,33.768511678119935,-84.39825984473258,POINT (-84.39825984473258 33.768511678119935),7.0,7.0,7.0,7.0,6.0,6.0,6.0,6.0,29.0,29.0,25.0,25.0,26.22222222222222,45.3,26.15252777777777,18.000000000000004,1.0
2025-10-03 22:16:06+00:00,33.76849752771475,-84.39825422333874,POINT (-84.39825422333874 33.76849752771475),7.0,7.0,7.0,7.0,6.0,6.0,6.0,6.0,29.0,29.0,25.0,25.0,26.22222222222222,45.3,26.15252777777777,18.000000000000004,1.0
2025-10-03 22:16:07+00:00,33.76848372042139,-84.39824873824959,POINT (-84.39824873824959 33.76848372042139),7.0,7.0,7.0,7.0,6.0,6.0,6.0,6.0,29.0,29.0,25.0,25.0,26.22222222222222,45.3,26.15252777777777,18.000000000000004,1.0
2025-10-03 22:16:08+00:00,33.76847077682334,-84.39824359627228,POINT (-84.39824359627228 33.76847077682334),6.0,6.0,6.0,6.0,6.0,6.0,6.0,6.0,25.0,25.0,25.0,25.0,26.27777777777778,45.2,26.209555555555553,18.000000000000004,1.1
2025-10-03 22:16:09+00:00,33.7684498943274,-84.39823530048622,POINT (-84.39823530048622 33.7684498943274),6.0,6.0,6.0,6.0,6.0,6.0,6.0,6.0,25.0,25.0,25.0,25.0,26.27777777777778,45.2,26.209555555555553,18.000000000000004,1.1
2025-10-03 22:16:10+00:00,33.768441434846025,-84.39823193987034,POINT (-84.39823193987034 33.768441434846025),6.0,6.0,6.0,6.0,6.0,6.0,6.0,6.0,25.0,25.0,25.0,25.0,26.27777777777778,45.2,26.209555555555553,18.000000000000004,1.1
2025-10-03 22:16:11+00:00,33.76843349594813,-84.39822878606158,POINT (-84.39822878606158 33.76843349594813),6.0,6.0,6.0,6.0,6.0,6.0,6.0,6.0,25.0,25.0,25.0,25.0,26.27777777777778,45.2,26.209555555555553,18.000000000000004,1.1
2025-10-03 22:16:12+00:00,33.768410708589954,-84.39821973354942,POINT (-84.39821973354942 33.768410708589954),6.0,6.0,6.0,6.0,6.0,6.0,6.0,6.0,25.0,25.0,25.0,25.0,26.27777777777778,45.2,26.209555555555553,18.000000000000004,1.1
2025-10-03 22:16:13+00:00,33.76840052171799,-84.39821568670989,POINT (-84.39821568670989 33.76840052171799),6.0,6.0,6.0,6.0,6.0,6.0,6.0,6.0,25.0,25.0,25.0,25.0,26.11111111111111,45.1,26.033249999999995,17.88888888888889,1.7
2025-10-03 22:16:14+00:00,33.7683891280389,-84.39821116045381,POINT (-84.39821116045381 33.7683891280389),6.0,6.0,6.0,6.0,6.0,6.0,6.0,6.0,25.0,25.0,25.0,25.0,26.11111111111111,45.1,26.033249999999995,17.88888888888889,1.7
2025-10-03 22:16:15+00:00,33.76837894116694,-84.39820711361426,POINT (-84.39820711361426 33.76837894116694),6.0,6.0,6.0,6.0,6.0,6.0,6.0,6.0,25.0,25.0,25.0,25.0,26.11111111111111,45.1,26.033249999999995,17.88888888888889,1.7
2025-10-03 22:16:16+00:00,33.768368754294976,-84.39820306677471,POINT (-84.39820306677471 33.768368754294976),6.0,6.0,6.0,6.0,6.0,6.0,6.0,6.0,25.0,25.0,25.0,25.0,26.11111111111111,45.1,26.033249999999995,17.88888888888889,1.7
2025-10-03 22:16:17+00:00,33.768358224311186,-84.39819888363047,POINT (-84.39819888363047 33.768358224311186),6.0,6.0,6.0,6.0,6.0,6.0,6.0,6.0,25.0,25.0,25.0,25.0,26.11111111111111,45.1,26.033249999999995,17.88888888888889,1.7
2025-10-03 22:16:18+00:00,33.768347694327396,-84.39819470048623,POINT (-84.39819470048623 33.768347694327396),6.0,6.0,6.0,6.0,6.0,6.0,6.0,6.0,25.0,25.0,25.0,25.0,26.11111111111111,45.0,26.031944444444438,17.88888888888889,1.3
2025-10-03 22:16:19+00:00,33.76832560502431,-84.39818592528363,POINT (-84.39818592528363 33.76832560502431),6.0,6.0,6.0,6.0,6.0,6.0,6.0,6.0,25.0,25.0,25.0,25.0,26.11111111111111,45.0,26.031944444444438,17.88888888888889,1.3
2025-10-03 22:16:20+00:00,33.76831525251216,-84.39818181264181,POINT (-84.39818181264181 33.76831525251216),6.0,6.0,6.0,6.0,6.0,6.0,6.0,6.0,25.0,25.0,25.0,25.0,26.11111111111111,45.0,26.031944444444438,17.88888888888889,1.3
2025-10-03 22:16:21+00:00,33.768304379416534,-84.39817749319286,POINT (-84.39817749319286 33.768304379416534),6.0,6.0,6.0,6.0,6.0,6.0,6.0,6.0,25.0,25.0,25.0,25.0,26.11111111111111,45.0,26.031944444444438,17.88888888888889,1.3
2025-10-03 22:16:22+00:00,33.76829402690437,-84.39817338055104,POINT (-84.39817338055104 33.76829402690437),6.0,6.0,6.0,6.0,6.0,6.0,6.0,6.0,25.0,25.0,25.0,25.0,26.11111111111111,45.0,26.031944444444438,17.88888888888889,1.3
2025-10-03 22:16:23+00:00,33.76828315380875,-84.39816906110211,POINT (-84.39816906110211 33.76828315380875),5.0,6.0,5.0,6.0,6.0,6.0,6.0,6.0,21.0,21.0,25.0,25.0,26.11111111111111,45.0,26.031944444444438,17.88888888888889,0.9
2025-10-03 22:16:24+00:00,33.76826900340357,-84.39816343970827,POINT (-84.39816343970827 33.76826900340357),5.0,6.0,5.0,6.0,6.0,6.0,6.0,6.0,21.0,21.0,25.0,25.0,26.11111111111111,45.0,26.031944444444438,17.88888888888889,0.9
2025-10-03 22:16:25+00:00,33.768256059805516,-84.39815829773096,POINT (-84.39815829773096 33.768256059805516),5.0,6.0,5.0,6.0,6.0,6.0,6.0,6.0,21.0,21.0,25.0,25.0,26.11111111111111,45.0,26.031944444444438,17.88888888888889,0.9
2025-10-03 22:16:26+00:00,33.76824225251216,-84.39815281264181,POINT (-84.39815281264181 33.76824225251216),5.0,6.0,5.0,6.0,6.0,6.0,6.0,6.0,21.0,21.0,25.0,25.0,26.11111111111111,45.0,26.031944444444438,17.88888888888889,0.9
2025-10-03 22:16:27+00:00,33.768218435818476,-84.39814335121555,POINT (-84.39814335121555 33.768218435818476),5.0,6.0,5.0,6.0,6.0,6.0,6.0,6.0,21.0,21.0,25.0,25.0,26.11111111111111,45.0,26.031944444444438,17.88888888888889,0.9
2025-10-03 22:16:28+00:00,33.768208568887424,-84.39813946437891,POINT (-84.39813946437891 33.768208568887424),5.0,6.0,5.0,6.0,6.0,6.0,6.0,6.0,21.0,21.0,25.0,25.0,26.11111111111111,45.0,26.031944444444438,17.88888888888889,1.0
2025-10-03 22:16:29+00:00,33.768198484416715,-84.39813569007408,POINT (-84.39813569007408 33.768198484416715),5.0,6.0,5.0,6.0,6.0,6.0,6.0,6.0,21.0,21.0,25.0,25.0,26.11111111111111,45.0,26.031944444444438,17.88888888888889,1.0
2025-10-03 22:16:30+00:00,33.76817711005789,-84.39812769031406,POINT (-84.39812769031406 33.76817711005789),5.0,6.0,5.0,6.0,6.0,6.0,6.0,6.0,21.0,21.0,25.0,25.0,26.11111111111111,45.0,26.031944444444438,17.88888888888889,1.0
2025-10-03 22:16:31+00:00,33.76816998527162,-84.39812502372739,POINT (-84.39812502372739 33.76816998527162),5.0,6.0,5.0,6.0,6.0,6.0,6.0,6.0,21.0,21.0,25.0,25.0,26.11111111111111,45.0,26.031944444444438,17.88888888888889,1.0
2025-10-03 22:16:32+00:00,33.7681470772115,-84.3981164499505,POINT (-84.3981164499505 33.7681470772115),5.0,6.0,5.0,6.0,6.0,6.0,6.0,6.0,21.0,21.0,25.0,25.0,26.11111111111111,45.0,26.031944444444438,17.88888888888889,1.0
2025-10-03 22:16:33+00:00,33.76813666445691,-84.3981125527792,POINT (-84.3981125527792 33.76813666445691),5.0,6.0,5.0,6.0,6.0,6.0,6.0,6.0,21.0,21.0,25.0,25.0,26.0,45.0,25.91527777777778,17.72222222222222,0.9
2025-10-03 22:16:34+00:00,33.76812712883583,-84.39810898389177,POINT (-84.39810898389177 33.76812712883583),5.0,6.0,5.0,6.0,6.0,6.0,6.0,6.0,21.0,21.0,25.0,25.0,26.0,45.0,25.91527777777778,17.72222222222222,0.9
2025-10-03 22:16:35+00:00,33.76810509790923,-84.39810073839877,POINT (-84.39810073839877 33.76810509790923),5.0,6.0,5.0,6.0,6.0,6.0,6.0,6.0,21.0,21.0,25.0,25.0,26.0,45.0,25.91527777777778,17.72222222222222,0.9
2025-10-03 22:16:36+00:00,33.76809797312296,-84.3980980718121,POINT (-84.3980980718121 33.76809797312296),5.0,6.0,5.0,6.0,6.0,6.0,6.0,6.0,21.0,21.0,25.0,25.0,26.0,45.0,25.91527777777778,17.72222222222222,0.9
2025-10-03 22:16:37+00:00,33.76808547781744,-84.39809339520653,POINT (-84.39809339520653 33.76808547781744),5.0,6.0,5.0,6.0,6.0,6.0,6.0,6.0,21.0,21.0,25.0,25.0,26.0,45.0,25.91527777777778,17.72222222222222,0.9
2025-10-03 22:16:38+00:00,33.76807385964545,-84.39808904688483,POINT (-84.39808904688483 33.76807385964545),6.0,6.0,6.0,6.0,5.0,5.0,5.0,5.0,25.0,25.0,21.0,21.0,26.055555555555557,45.0,25.97361111111111,17.77777777777778,0.9
2025-10-03 22:16:39+00:00,33.76806224147344,-84.39808469856315,POINT (-84.39808469856315 33.76806224147344),6.0,6.0,6.0,6.0,5.0,5.0,5.0,5.0,25.0,25.0,21.0,21.0,26.055555555555557,45.0,25.97361111111111,17.77777777777778,0.9
2025-10-03 22:16:40+00:00,33.7680387845637,-84.39807591936886,POINT (-84.39807591936886 33.7680387845637),6.0,6.0,6.0,6.0,5.0,5.0,5.0,5.0,25.0,25.0,21.0,21.0,26.055555555555557,45.0,25.97361111111111,17.77777777777778,0.9
2025-10-03 22:16:41+00:00,33.768028151243364,-84.39807193964664,POINT (-84.39807193964664 33.768028151243364),6.0,6.0,6.0,6.0,5.0,5.0,5.0,5.0,25.0,25.0,21.0,21.0,26.055555555555557,45.0,25.97361111111111,17.77777777777778,0.9
2025-10-03 22:16:42+00:00,33.76801631250562,-84.39806750877403,POINT (-84.39806750877403 33.76801631250562),6.0,6.0,6.0,6.0,5.0,5.0,5.0,5.0,25.0,25.0,21.0,21.0,26.055555555555557,45.0,25.97361111111111,17.77777777777778,0.9
2025-10-03 22:16:43+00:00,33.768005679185286,-84.3980635290518,POINT (-84.3980635290518 33.768005679185286),6.0,6.0,6.0,6.0,5.0,5.0,5.0,5.0,25.0,25.0,21.0,21.0,26.166666666666664,45.0,26.09027777777777,17.88888888888889,0.9
2025-10-03 22:16:44+00:00,33.76799471758106,-84.39805942646308,POINT (-84.39805942646308 33.76799471758106),6.0,6.0,6.0,6.0,5.0,5.0,5.0,5.0,25.0,25.0,21.0,21.0,26.166666666666664,45.0,26.09027777777777,17.88888888888889,0.9
2025-10-03 22:16:45+00:00,33.76798079629241,-84.39805421615623,POINT (-84.39805421615623 33.76798079629241),6.0,6.0,6.0,6.0,5.0,5.0,5.0,5.0,25.0,25.0,21.0,21.0,26.166666666666664,45.0,26.09027777777777,17.88888888888889,0.9
2025-10-03 22:16:46+00:00,33.76796654671986,-84.39804888298286,POINT (-84.39804888298286 33.76796654671986),6.0,6.0,6.0,6.0,5.0,5.0,5.0,5.0,25.0,25.0,21.0,21.0,26.166666666666664,45.0,26.09027777777777,17.88888888888889,0.9
2025-10-03 22:16:47+00:00,33.76795196886343,-84.39804342694303,POINT (-84.39804342694303 33.76795196886343),6.0,6.0,6.0,6.0,5.0,5.0,5.0,5.0,25.0,25.0,21.0,21.0,26.166666666666664,45.0,26.09027777777777,17.88888888888889,0.9
2025-10-03 22:16:48+00:00,33.767938268140504,-84.39803829918709,POINT (-84.39803829918709 33.767938268140504),6.0,6.0,6.0,6.0,5.0,5.0,5.0,5.0,25.0,25.0,21.0,21.0,26.333333333333336,45.2,26.26788888888889,18.000000000000004,1.0
2025-10-03 22:16:49+00:00,33.76792336200018,-84.39803272028077,POINT (-84.39803272028077 33.76792336200018),6.0,6.0,6.0,6.0,5.0,5.0,5.0,5.0,25.0,25.0,21.0,21.0,26.333333333333336,45.2,26.26788888888889,18.000000000000004,1.0
2025-10-03 22:16:50+00:00,33.76790363419024,-84.39802533677295,POINT (-84.39802533677295 33.76790363419024),6.0,6.0,6.0,6.0,5.0,5.0,5.0,5.0,25.0,25.0,21.0,21.0,26.333333333333336,45.2,26.26788888888889,18.000000000000004,1.0
2025-10-03 22:16:51+00:00,33.76789618112008,-84.3980225473198,POINT (-84.3980225473198 33.76789618112008),6.0,6.0,6.0,6.0,5.0,5.0,5.0,5.0,25.0,25.0,21.0,21.0,26.333333333333336,45.2,26.26788888888889,18.000000000000004,1.0
2025-10-03 22:16:52+00:00,33.76788335753067,-84.39801774784773,POINT (-84.39801774784773 33.76788335753067),6.0,6.0,6.0,6.0,5.0,5.0,5.0,5.0,25.0,25.0,21.0,21.0,26.333333333333336,45.2,26.26788888888889,18.000000000000004,1.0
2025-10-03 22:16:53+00:00,33.76787053394127,-84.39801294837568,POINT (-84.39801294837568 33.76787053394127),5.0,5.0,5.0,5.0,5.0,6.0,5.0,6.0,21.0,21.0,21.0,21.0,26.444444444444443,45.3,26.385861111111108,18.111111111111107,0.9
2025-10-03 22:16:54+00:00,33.767857161502235,-84.3980079434862,POINT (-84.3980079434862 33.767857161502235),5.0,5.0,5.0,5.0,5.0,6.0,5.0,6.0,21.0,21.0,21.0,21.0,26.444444444444443,45.3,26.385861111111108,18.111111111111107,0.9
2025-10-03 22:16:55+00:00,33.767834689444165,-84.39799953289138,POINT (-84.39799953289138 33.767834689444165),5.0,5.0,5.0,5.0,5.0,6.0,5.0,6.0,21.0,21.0,21.0,21.0,26.444444444444443,45.3,26.385861111111108,18.111111111111107,0.9
2025-10-03 22:16:56+00:00,33.767824933257344,-84.39799588145304,POINT (-84.39799588145304 33.767824933257344),5.0,5.0,5.0,5.0,5.0,6.0,5.0,6.0,21.0,21.0,21.0,21.0,26.444444444444443,45.3,26.385861111111108,18.111111111111107,0.9
2025-10-03 22:16:57+00:00,33.76781638248793,-84.39799268116506,POINT (-84.39799268116506 33.76781638248793),5.0,5.0,5.0,5.0,5.0,6.0,5.0,6.0,21.0,21.0,21.0,21.0,26.444444444444443,45.3,26.385861111111108,18.111111111111107,0.9
2025-10-03 22:16:58+00:00,33.767803117767045,-84.39798771659117,POINT (-84.39798771659117 33.767803117767045),5.0,5.0,5.0,5.0,5.0,6.0,5.0,6.0,21.0,21.0,21.0,21.0,26.444444444444443,45.3,26.385861111111108,18.22222222222222,2.0
2025-10-03 22:16:59+00:00,33.767791058463565,-84.39798320316764,POINT (-84.39798320316764 33.767791058463565),5.0,5.0,5.0,5.0,5.0,6.0,5.0,6.0,21.0,21.0,21.0,21.0,26.444444444444443,45.3,26.385861111111108,18.22222222222222,2.0
2025-10-03 22:17:00+00:00,33.76777044839068,-84.39797548945616,POINT (-84.39797548945616 33.76777044839068),5.0,5.0,5.0,5.0,5.0,6.0,5.0,6.0,21.0,21.0,21.0,21.0,26.444444444444443,45.3,26.385861111111108,18.22222222222222,2.0
2025-10-03 22:17:01+00:00,33.76776189762126,-84.39797228916818,POINT (-84.39797228916818 33.76776189762126),5.0,5.0,5.0,5.0,5.0,6.0,5.0,6.0,21.0,21.0,21.0,21.0,26.444444444444443,45.3,26.385861111111108,18.22222222222222,2.0
2025-10-03 22:17:02+00:00,33.76775422398537,-84.3979694171641,POINT (-84.3979694171641 33.76775422398537),5.0,5.0,5.0,5.0,5.0,6.0,5.0,6.0,21.0,21.0,21.0,21.0,26.444444444444443,45.3,26.385861111111108,18.22222222222222,2.0
2025-10-03 22:17:03+00:00,33.76774150811411,-84.39796465800761,POINT (-84.39796465800761 33.76774150811411),5.0,5.0,5.0,5.0,5.0,6.0,5.0,6.0,21.0,21.0,21.0,21.0,26.555555555555557,45.2,26.501222222222225,18.22222222222222,1.2
2025-10-03 22:17:04+00:00,33.767730218226,-84.39796043255241,POINT (-84.39796043255241 33.767730218226),5.0,5.0,5.0,5.0,5.0,6.0,5.0,6.0,21.0,21.0,21.0,21.0,26.555555555555557,45.2,26.501222222222225,18.22222222222222,1.2
2025-10-03 22:17:05+00:00,33.76771717407085,-84.39795555052943,POINT (-84.39795555052943 33.76771717407085),5.0,5.0,5.0,5.0,5.0,6.0,5.0,6.0,21.0,21.0,21.0,21.0,26.555555555555557,45.2,26.501222222222225,18.22222222222222,1.2
2025-10-03 22:17:06+00:00,33.767704129915714,-84.39795066850647,POINT (-84.39795066850647 33.767704129915714),5.0,5.0,5.0,5.0,5.0,6.0,5.0,6.0,21.0,21.0,21.0,21.0,26.555555555555557,45.2,26.501222222222225,18.22222222222222,1.2
2025-10-03 22:17:07+00:00,33.76769108576057,-84.39794578648348,POINT (-84.39794578648348 33.76769108576057),5.0,5.0,5.0,5.0,5.0,6.0,5.0,6.0,21.0,21.0,21.0,21.0,26.555555555555557,45.2,26.501222222222225,18.22222222222222,1.2
2025-10-03 22:17:08+00:00,33.76767804160543,-84.39794090446051,POINT (-84.39794090446051 33.76767804160543),5.0,5.0,5.0,5.0,5.0,5.0,5.0,5.0,21.0,21.0,21.0,21.0,26.444444444444443,45.1,26.383249999999993,18.22222222222222,1.8
2025-10-03 22:17:09+00:00,33.76766466916639,-84.39793589957104,POINT (-84.39793589957104 33.76766466916639),5.0,5.0,5.0,5.0,5.0,5.0,5.0,5.0,21.0,21.0,21.0,21.0,26.444444444444443,45.1,26.383249999999993,18.22222222222222,1.8
2025-10-03 22:17:10+00:00,33.76765074787773,-84.39793068926417,POINT (-84.39793068926417 33.76765074787773),5.0,5.0,5.0,5.0,5.0,5.0,5.0,5.0,21.0,21.0,21.0,21.0,26.444444444444443,45.1,26.383249999999993,18.22222222222222,1.8
2025-10-03 22:17:11+00:00,33.76763770372259,-84.3979258072412,POINT (-84.3979258072412 33.76763770372259),5.0,5.0,5.0,5.0,5.0,5.0,5.0,5.0,21.0,21.0,21.0,21.0,26.444444444444443,45.1,26.383249999999993,18.22222222222222,1.8
2025-10-03 22:17:12+00:00,33.76762378243393,-84.39792059693433,POINT (-84.39792059693433 33.76762378243393),5.0,5.0,5.0,5.0,5.0,5.0,5.0,5.0,21.0,21.0,21.0,21.0,26.444444444444443,45.1,26.383249999999993,18.22222222222222,1.8
2025-10-03 22:17:13+00:00,33.76761008171101,-84.39791546917839,POINT (-84.39791546917839 33.76761008171101),5.0,5.0,5.0,5.0,5.0,5.0,5.0,5.0,21.0,21.0,21.0,21.0,26.38888888888889,45.0,26.323611111111106,18.111111111111107,2.6
2025-10-03 22:17:14+00:00,33.76759638098809,-84.39791034142245,POINT (-84.39791034142245 33.76759638098809),5.0,5.0,5.0,5.0,5.0,5.0,5.0,5.0,21.0,21.0,21.0,21.0,26.38888888888889,45.0,26.323611111111106,18.111111111111107,2.6
2025-10-03 22:17:15+00:00,33.76758268026518,-84.39790521366649,POINT (-84.39790521366649 33.76758268026518),5.0,5.0,5.0,5.0,5.0,5.0,5.0,5.0,21.0,21.0,21.0,21.0,26.38888888888889,45.0,26.323611111111106,18.111111111111107,2.6
2025-10-03 22:17:16+00:00,33.767571062093175,-84.39790086534481,POINT (-84.39790086534481 33.767571062093175),5.0,5.0,5.0,5.0,5.0,5.0,5.0,5.0,21.0,21.0,21.0,21.0,26.38888888888889,45.0,26.323611111111106,18.111111111111107,2.6
2025-10-03 22:17:17+00:00,33.76756064933858,-84.3978969681735,POINT (-84.3978969681735 33.76756064933858),5.0,5.0,5.0,5.0,5.0,5.0,5.0,5.0,21.0,21.0,21.0,21.0,26.38888888888889,45.0,26.323611111111106,18.111111111111107,2.6
2025-10-03 22:17:18+00:00,33.767542342382335,-84.39789011644719,POINT (-84.39789011644719 33.767542342382335),5.0,5.0,5.0,5.0,5.0,5.0,5.0,5.0,21.0,21.0,21.0,21.0,26.27777777777778,44.8,26.204333333333334,18.000000000000004,1.3
2025-10-03 22:17:19+00:00,33.76753291447941,-84.39788658787533,POINT (-84.39788658787533 33.76753291447941),5.0,5.0,5.0,5.0,5.0,5.0,5.0,5.0,21.0,21.0,21.0,21.0,26.27777777777778,44.8,26.204333333333334,18.000000000000004,1.3
2025-10-03 22:17:20+00:00,33.76752293772685,-84.39788285388607,POINT (-84.39788285388607 33.76752293772685),5.0,5.0,5.0,5.0,5.0,5.0,5.0,5.0,21.0,21.0,21.0,21.0,26.27777777777778,44.8,26.204333333333334,18.000000000000004,1.3
2025-10-03 22:17:21+00:00,33.76751350982392,-84.39787932531421,POINT (-84.39787932531421 33.76751350982392),5.0,5.0,5.0,5.0,5.0,5.0,5.0,5.0,21.0,21.0,21.0,21.0,26.27777777777778,44.8,26.204333333333334,18.000000000000004,1.3
2025-10-03 22:17:22+00:00,33.76750408192099,-84.39787579674235,POINT (-84.39787579674235 33.76750408192099),5.0,5.0,5.0,5.0,5.0,5.0,5.0,5.0,21.0,21.0,21.0,21.0,26.27777777777778,44.8,26.204333333333334,18.000000000000004,1.3
2025-10-03 22:17:23+00:00,33.767490596634374,-84.39787074961754,POINT (-84.39787074961754 33.767490596634374),5.0,5.0,5.0,5.0,5.0,6.0,5.0,6.0,21.0,21.0,21.0,21.0,26.22222222222222,44.6,26.143388888888886,17.88888888888889,0.9
2025-10-03 22:17:24+00:00,33.76747766019738,-84.39786590791013,POINT (-84.39786590791013 33.76747766019738),5.0,5.0,5.0,5.0,5.0,6.0,5.0,6.0,21.0,21.0,21.0,21.0,26.22222222222222,44.6,26.143388888888886,17.88888888888889,0.9
2025-10-03 22:17:25+00:00,33.767463518342986,-84.39786061505234,POINT (-84.39786061505234 33.767463518342986),5.0,5.0,5.0,5.0,5.0,6.0,5.0,6.0,21.0,21.0,21.0,21.0,26.22222222222222,44.6,26.143388888888886,17.88888888888889,0.9
2025-10-03 22:17:26+00:00,33.76744225170231,-84.39785265560788,POINT (-84.39785265560788 33.76744225170231),5.0,5.0,5.0,5.0,5.0,6.0,5.0,6.0,21.0,21.0,21.0,21.0,26.22222222222222,44.6,26.143388888888886,17.88888888888889,0.9
2025-10-03 22:17:27+00:00,33.76743545519993,-84.39785011188769,POINT (-84.39785011188769 33.76743545519993),5.0,5.0,5.0,5.0,5.0,6.0,5.0,6.0,21.0,21.0,21.0,21.0,26.22222222222222,44.6,26.143388888888886,17.88888888888889,0.9
2025-10-03 22:17:28+00:00,33.76741386027537,-84.39784202957674,POINT (-84.39784202957674 33.76741386027537),5.0,5.0,5.0,5.0,5.0,6.0,5.0,6.0,21.0,21.0,21.0,21.0,26.055555555555557,44.5,25.967083333333335,17.77777777777778,1.0
2025-10-03 22:17:29+00:00,33.767404652938176,-84.39783858355581,POINT (-84.39783858355581 33.767404652938176),5.0,5.0,5.0,5.0,5.0,6.0,5.0,6.0,21.0,21.0,21.0,21.0,26.055555555555557,44.5,25.967083333333335,17.77777777777778,1.0
2025-10-03 22:17:30+00:00,33.76739665101839,-84.39783558868524,POINT (-84.39783558868524 33.76739665101839),5.0,5.0,5.0,5.0,5.0,6.0,5.0,6.0,21.0,21.0,21.0,21.0,26.055555555555557,44.5,25.967083333333335,17.77777777777778,1.0
2025-10-03 22:17:31+00:00,33.76738656654768,-84.39783181438041,POINT (-84.39783181438041 33.76738656654768),5.0,5.0,5.0,5.0,5.0,6.0,5.0,6.0,21.0,21.0,21.0,21.0,26.055555555555557,44.5,25.967083333333335,17.77777777777778,1.0
2025-10-03 22:17:32+00:00,33.767377359210485,-84.39782836835947,POINT (-84.39782836835947 33.767377359210485),5.0,5.0,5.0,5.0,5.0,6.0,5.0,6.0,21.0,21.0,21.0,21.0,26.055555555555557,44.5,25.967083333333335,17.77777777777778,1.0
2025-10-03 22:17:33+00:00,33.767356861985185,-84.39782069688334,POINT (-84.39782069688334 33.767356861985185),5.0,5.0,5.0,5.0,5.0,6.0,5.0,6.0,21.0,21.0,21.0,21.0,25.944444444444443,44.5,25.850416666666668,17.61111111111111,1.5
2025-10-03 22:17:34+00:00,33.767346777514476,-84.39781692257851,POINT (-84.39781692257851 33.767346777514476),5.0,5.0,5.0,5.0,5.0,6.0,5.0,6.0,21.0,21.0,21.0,21.0,25.944444444444443,44.5,25.850416666666668,17.61111111111111,1.5
2025-10-03 22:17:35+00:00,33.76733636475988,-84.3978130254072,POINT (-84.3978130254072 33.76733636475988),5.0,5.0,5.0,5.0,5.0,6.0,5.0,6.0,21.0,21.0,21.0,21.0,25.944444444444443,44.5,25.850416666666668,17.61111111111111,1.5
2025-10-03 22:17:36+00:00,33.76732628028917,-84.39780925110237,POINT (-84.39780925110237 33.76732628028917),5.0,5.0,5.0,5.0,5.0,6.0,5.0,6.0,21.0,21.0,21.0,21.0,25.944444444444443,44.5,25.850416666666668,17.61111111111111,1.5
2025-10-03 22:17:37+00:00,33.76731586753458,-84.39780535393106,POINT (-84.39780535393106 33.76731586753458),5.0,5.0,5.0,5.0,5.0,6.0,5.0,6.0,21.0,21.0,21.0,21.0,25.944444444444443,44.5,25.850416666666668,17.61111111111111,1.5
2025-10-03 22:17:38+00:00,33.76730337222906,-84.39780067732549,POINT (-84.39780067732549 33.76730337222906),5.0,5.5,5.0,5.5,5.0,5.0,5.0,5.0,21.0,21.0,21.0,21.0,25.833333333333332,44.4,25.732444444444443,17.5,1.4
2025-10-03 22:17:39+00:00,33.767291754057055,-84.39779632900381,POINT (-84.39779632900381 33.767291754057055),5.0,5.5,5.0,5.5,5.0,5.0,5.0,5.0,21.0,21.0,21.0,21.0,25.833333333333332,44.4,25.732444444444443,17.5,1.4
2025-10-03 22:17:40+00:00,33.767279587035425,-84.39779177526472,POINT (-84.39779177526472 33.767279587035425),5.0,5.5,5.0,5.5,5.0,5.0,5.0,5.0,21.0,21.0,21.0,21.0,25.833333333333332,44.4,25.732444444444443,17.5,1.4
2025-10-03 22:17:41+00:00,33.76726829714732,-84.39778754980952,POINT (-84.39778754980952 33.76726829714732),5.0,5.5,5.0,5.5,5.0,5.0,5.0,5.0,21.0,21.0,21.0,21.0,25.833333333333332,44.4,25.732444444444443,17.5,1.4
2025-10-03 22:17:42+00:00,33.76725613012569,-84.39778299607043,POINT (-84.39778299607043 33.76725613012569),5.0,5.5,5.0,5.5,5.0,5.0,5.0,5.0,21.0,21.0,21.0,21.0,25.833333333333332,44.4,25.732444444444443,17.5,1.4
2025-10-03 22:17:43+00:00,33.76724396310406,-84.39777844233134,POINT (-84.39777844233134 33.76724396310406),5.0,5.5,5.0,5.5,5.0,5.0,5.0,5.0,21.0,21.0,21.0,21.0,25.666666666666668,44.4,25.557444444444442,17.38888888888889,1.1
2025-10-03 22:17:44+00:00,33.76723300149983,-84.39777433974263,POINT (-84.39777433974263 33.76723300149983),5.0,5.5,5.0,5.5,5.0,5.0,5.0,5.0,21.0,21.0,21.0,21.0,25.666666666666668,44.4,25.557444444444442,17.38888888888889,1.1
2025-10-03 22:17:45+00:00,33.76722028562858,-84.39776958058613,POINT (-84.39776958058613 33.76722028562858),5.0,5.5,5.0,5.5,5.0,5.0,5.0,5.0,21.0,21.0,21.0,21.0,25.666666666666668,44.4,25.557444444444442,17.38888888888889,1.1
2025-10-03 22:17:46+00:00,33.767199896121426,-84.39776194942556,POINT (-84.39776194942556 33.767199896121426),5.0,5.5,5.0,5.5,5.0,5.0,5.0,5.0,21.0,21.0,21.0,21.0,25.666666666666668,44.4,25.557444444444442,17.38888888888889,1.1
2025-10-03 22:17:47+00:00,33.76719134535201,-84.3977587491376,POINT (-84.3977587491376 33.76719134535201),5.0,5.5,5.0,5.5,5.0,5.0,5.0,5.0,21.0,21.0,21.0,21.0,25.666666666666668,44.4,25.557444444444442,17.38888888888889,1.1
2025-10-03 22:17:48+00:00,33.76718367171611,-84.3977558771335,POINT (-84.3977558771335 33.76718367171611),5.0,5.5,5.0,5.5,5.0,5.0,5.0,5.0,21.0,21.0,21.0,21.0,25.611111111111107,44.3,25.49780555555556,17.27777777777778,1.3
2025-10-03 22:17:49+00:00,33.767173038395775,-84.39775189741128,POINT (-84.39775189741128 33.767173038395775),5.0,5.5,5.0,5.5,5.0,5.0,5.0,5.0,21.0,21.0,21.0,21.0,25.611111111111107,44.3,25.49780555555556,17.27777777777778,1.3
2025-10-03 22:17:50+00:00,33.767163282208955,-84.39774824597293,POINT (-84.39774824597293 33.767163282208955),5.0,5.5,5.0,5.5,5.0,5.0,5.0,5.0,21.0,21.0,21.0,21.0,25.611111111111107,44.3,25.49780555555556,17.27777777777778,1.3
2025-10-03 22:17:51+00:00,33.76715648570657,-84.39774570225275,POINT (-84.39774570225275 33.76715648570657),5.0,5.5,5.0,5.5,5.0,5.0,5.0,5.0,21.0,21.0,21.0,21.0,25.611111111111107,44.3,25.49780555555556,17.27777777777778,1.3
2025-10-03 22:17:52+00:00,33.76715144347122,-84.39774381510033,POINT (-84.39774381510033 33.76715144347122),5.0,5.5,5.0,5.5,5.0,5.0,5.0,5.0,21.0,21.0,21.0,21.0,25.611111111111107,44.3,25.49780555555556,17.27777777777778,1.3
2025-10-03 22:17:53+00:00,33.76714793493716,-84.39774250196479,POINT (-84.39774250196479 33.76714793493716),6.0,6.0,6.0,6.0,6.0,7.0,6.0,7.0,25.0,25.0,25.0,25.0,25.555555555555557,44.3,25.43947222222222,17.27777777777778,0.9
2025-10-03 22:17:54+00:00,33.76713193109758,-84.39773651222364,POINT (-84.39773651222364 33.76713193109758),6.0,6.0,6.0,6.0,6.0,7.0,6.0,7.0,25.0,25.0,25.0,25.0,25.555555555555557,44.3,25.43947222222222,17.27777777777778,0.9
2025-10-03 22:17:55+00:00,33.76712184662687,-84.39773273791883,POINT (-84.39773273791883 33.76712184662687),6.0,6.0,6.0,6.0,6.0,7.0,6.0,7.0,25.0,25.0,25.0,25.0,25.555555555555557,44.3,25.43947222222222,17.27777777777778,0.9
2025-10-03 22:17:56+00:00,33.767110885022646,-84.39772863533011,POINT (-84.39772863533011 33.767110885022646),6.0,6.0,6.0,6.0,6.0,7.0,6.0,7.0,25.0,25.0,25.0,25.0,25.555555555555557,44.3,25.43947222222222,17.27777777777778,0.9
2025-10-03 22:17:57+00:00,33.767100800551944,-84.39772486102528,POINT (-84.39772486102528 33.767100800551944),6.0,6.0,6.0,6.0,6.0,7.0,6.0,7.0,25.0,25.0,25.0,25.0,25.555555555555557,44.3,25.43947222222222,17.27777777777778,0.9
2025-10-03 22:17:58+00:00,33.767090716081235,-84.39772108672045,POINT (-84.39772108672045 33.767090716081235),6.0,6.0,6.0,6.0,6.0,7.0,6.0,7.0,25.0,25.0,25.0,25.0,25.500000000000004,44.4,25.382444444444445,17.22222222222222,1.3
2025-10-03 22:17:59+00:00,33.76707679479258,-84.39771587641359,POINT (-84.39771587641359 33.76707679479258),6.0,6.0,6.0,6.0,6.0,7.0,6.0,7.0,25.0,25.0,25.0,25.0,25.500000000000004,44.4,25.382444444444445,17.22222222222222,1.3
2025-10-03 22:18:00+00:00,33.76706287350392,-84.39771066610672,POINT (-84.39771066610672 33.76706287350392),6.0,6.0,6.0,6.0,6.0,7.0,6.0,7.0,25.0,25.0,25.0,25.0,25.500000000000004,44.4,25.382444444444445,17.22222222222222,1.3
2025-10-03 22:18:01+00:00,33.767039088310284,-84.39770176404595,POINT (-84.39770176404595 33.767039088310284),6.0,6.0,6.0,6.0,6.0,7.0,6.0,7.0,25.0,25.0,25.0,25.0,25.500000000000004,44.4,25.382444444444445,17.22222222222222,1.3
2025-10-03 22:18:02+00:00,33.767028675555686,-84.39769786687464,POINT (-84.39769786687464 33.767028675555686),6.0,6.0,6.0,6.0,6.0,7.0,6.0,7.0,25.0,25.0,25.0,25.0,25.500000000000004,44.4,25.382444444444445,17.22222222222222,1.3
2025-10-03 22:18:03+00:00,33.76701913993461,-84.39769429798721,POINT (-84.39769429798721 33.76701913993461),6.0,6.0,6.0,6.0,6.0,7.0,6.0,7.0,25.0,25.0,25.0,25.0,25.500000000000004,44.4,25.382444444444445,17.22222222222222,1.9
2025-10-03 22:18:04+00:00,33.76699776557579,-84.39768629822719,POINT (-84.39768629822719 33.76699776557579),6.0,6.0,6.0,6.0,6.0,7.0,6.0,7.0,25.0,25.0,25.0,25.0,25.500000000000004,44.4,25.382444444444445,17.22222222222222,1.9
2025-10-03 22:18:05+00:00,33.766990969073404,-84.397683754507,POINT (-84.397683754507 33.766990969073404),6.0,6.0,6.0,6.0,6.0,7.0,6.0,7.0,25.0,25.0,25.0,25.0,25.500000000000004,44.4,25.382444444444445,17.22222222222222,1.9
2025-10-03 22:18:06+00:00,33.76697671950086,-84.39767842133365,POINT (-84.39767842133365 33.76697671950086),6.0,6.0,6.0,6.0,6.0,7.0,6.0,7.0,25.0,25.0,25.0,25.0,25.500000000000004,44.4,25.382444444444445,17.22222222222222,1.9
2025-10-03 22:18:07+00:00,33.76696455247923,-84.39767386759456,POINT (-84.39767386759456 33.76696455247923),6.0,6.0,6.0,6.0,6.0,7.0,6.0,7.0,25.0,25.0,25.0,25.0,25.500000000000004,44.4,25.382444444444445,17.22222222222222,1.9
2025-10-03 22:18:08+00:00,33.76695260602334,-84.39766939640639,POINT (-84.39766939640639 33.76695260602334),5.0,5.0,5.0,5.0,6.0,6.0,6.0,6.0,21.0,21.0,25.0,25.0,25.38888888888889,44.5,25.267083333333332,17.22222222222222,1.3
2025-10-03 22:18:09+00:00,33.76694186498485,-84.3976653763686,POINT (-84.3976653763686 33.76694186498485),5.0,5.0,5.0,5.0,6.0,6.0,6.0,6.0,21.0,21.0,25.0,25.0,25.38888888888889,44.5,25.267083333333332,17.22222222222222,1.3
2025-10-03 22:18:10+00:00,33.766928492545816,-84.39766037147913,POINT (-84.39766037147913 33.766928492545816),5.0,5.0,5.0,5.0,6.0,6.0,6.0,6.0,21.0,21.0,25.0,25.0,25.38888888888889,44.5,25.267083333333332,17.22222222222222,1.3
2025-10-03 22:18:11+00:00,33.76691512010679,-84.39765536658967,POINT (-84.39765536658967 33.76691512010679),5.0,5.0,5.0,5.0,6.0,6.0,6.0,6.0,21.0,21.0,25.0,25.0,25.38888888888889,44.5,25.267083333333332,17.22222222222222,1.3
2025-10-03 22:18:12+00:00,33.76690174766776,-84.3976503617002,POINT (-84.3976503617002 33.76690174766776),5.0,5.0,5.0,5.0,6.0,6.0,6.0,6.0,21.0,21.0,25.0,25.0,25.38888888888889,44.5,25.267083333333332,17.22222222222222,1.3
2025-10-03 22:18:13+00:00,33.7668878263791,-84.39764515139333,POINT (-84.39764515139333 33.7668878263791),5.0,5.0,5.0,5.0,6.0,6.0,6.0,6.0,21.0,21.0,25.0,25.0,25.33333333333333,44.5,25.20874999999999,17.22222222222222,1.3
2025-10-03 22:18:14+00:00,33.76687390509044,-84.39763994108647,POINT (-84.39763994108647 33.76687390509044),5.0,5.0,5.0,5.0,6.0,6.0,6.0,6.0,21.0,21.0,25.0,25.0,25.33333333333333,44.5,25.20874999999999,17.22222222222222,1.3
2025-10-03 22:18:15+00:00,33.766858229534755,-84.39763407421184,POINT (-84.39763407421184 33.766858229534755),5.0,5.0,5.0,5.0,6.0,6.0,6.0,6.0,21.0,21.0,25.0,25.0,25.33333333333333,44.5,25.20874999999999,17.22222222222222,1.3
2025-10-03 22:18:16+00:00,33.766843431112584,-84.39762853562108,POINT (-84.39762853562108 33.766843431112584),5.0,5.0,5.0,5.0,6.0,6.0,6.0,6.0,21.0,21.0,25.0,25.0,25.33333333333333,44.5,25.20874999999999,17.22222222222222,1.3
2025-10-03 22:18:17+00:00,33.766821179620244,-84.39762020757716,POINT (-84.39762020757716 33.766821179620244),5.0,5.0,5.0,5.0,6.0,6.0,6.0,6.0,21.0,21.0,25.0,25.0,25.33333333333333,44.5,25.20874999999999,17.22222222222222,1.3
2025-10-03 22:18:18+00:00,33.766813505984345,-84.39761733557309,POINT (-84.39761733557309 33.766813505984345),5.0,5.0,5.0,5.0,6.0,6.0,6.0,6.0,21.0,21.0,25.0,25.0,25.33333333333333,44.7,25.21136111111111,17.22222222222222,1.3
2025-10-03 22:18:19+00:00,33.76679892812791,-84.39761187953324,POINT (-84.39761187953324 33.76679892812791),5.0,5.0,5.0,5.0,6.0,6.0,6.0,6.0,21.0,21.0,25.0,25.0,25.33333333333333,44.7,25.21136111111111,17.22222222222222,1.3
2025-10-03 22:18:20+00:00,33.766783801421845,-84.397606218076,POINT (-84.397606218076 33.766783801421845),5.0,5.0,5.0,5.0,6.0,6.0,6.0,6.0,21.0,21.0,25.0,25.0,25.33333333333333,44.7,25.21136111111111,17.22222222222222,1.3
2025-10-03 22:18:21+00:00,33.766768674715784,-84.39760055661877,POINT (-84.39760055661877 33.766768674715784),5.0,5.0,5.0,5.0,6.0,6.0,6.0,6.0,21.0,21.0,25.0,25.0,25.33333333333333,44.7,25.21136111111111,17.22222222222222,1.3
2025-10-03 22:18:22+00:00,33.766745874373825,-84.39759202315744,POINT (-84.39759202315744 33.766745874373825),5.0,5.0,5.0,5.0,6.0,6.0,6.0,6.0,21.0,21.0,25.0,25.0,25.33333333333333,44.7,25.21136111111111,17.22222222222222,1.3
2025-10-03 22:18:23+00:00,33.76673787245403,-84.39758902828689,POINT (-84.39758902828689 33.76673787245403),6.0,6.0,6.0,6.0,5.0,5.0,5.0,5.0,25.0,25.0,21.0,21.0,25.38888888888889,44.9,25.272305555555555,17.22222222222222,1.2
2025-10-03 22:18:24+00:00,33.76671474382818,-84.39758037195908,POINT (-84.39758037195908 33.76671474382818),6.0,6.0,6.0,6.0,5.0,5.0,5.0,5.0,25.0,25.0,21.0,21.0,25.38888888888889,44.9,25.272305555555555,17.22222222222222,1.2
2025-10-03 22:18:25+00:00,33.76670433107358,-84.39757647478777,POINT (-84.39757647478777 33.76670433107358),6.0,6.0,6.0,6.0,5.0,5.0,5.0,5.0,25.0,25.0,21.0,21.0,25.38888888888889,44.9,25.272305555555555,17.22222222222222,1.2
2025-10-03 22:18:26+00:00,33.76669512373639,-84.39757302876683,POINT (-84.39757302876683 33.76669512373639),6.0,6.0,6.0,6.0,5.0,5.0,5.0,5.0,25.0,25.0,21.0,21.0,25.38888888888889,44.9,25.272305555555555,17.22222222222222,1.2
2025-10-03 22:18:27+00:00,33.7666755036446,-84.39756568557458,POINT (-84.39756568557458 33.7666755036446),6.0,6.0,6.0,6.0,5.0,5.0,5.0,5.0,25.0,25.0,21.0,21.0,25.38888888888889,44.9,25.272305555555555,17.22222222222222,1.2
2025-10-03 22:18:28+00:00,33.76666837885833,-84.39756301898791,POINT (-84.39756301898791 33.76666837885833),6.0,6.0,6.0,6.0,5.0,5.0,5.0,5.0,25.0,25.0,21.0,21.0,25.33333333333333,45.1,25.216583333333332,17.22222222222222,1.5
2025-10-03 22:18:29+00:00,33.76665445756967,-84.39755780868104,POINT (-84.39755780868104 33.76665445756967),6.0,6.0,6.0,6.0,5.0,5.0,5.0,5.0,25.0,25.0,21.0,21.0,25.33333333333333,45.1,25.216583333333332,17.22222222222222,1.5
2025-10-03 22:18:30+00:00,33.76664261883193,-84.39755337780844,POINT (-84.39755337780844 33.76664261883193),6.0,6.0,6.0,6.0,5.0,5.0,5.0,5.0,25.0,25.0,21.0,21.0,25.33333333333333,45.1,25.216583333333332,17.22222222222222,1.5
2025-10-03 22:18:31+00:00,33.76662990296068,-84.39754861865194,POINT (-84.39754861865194 33.76662990296068),6.0,6.0,6.0,6.0,5.0,5.0,5.0,5.0,25.0,25.0,21.0,21.0,25.33333333333333,45.1,25.216583333333332,17.22222222222222,1.5
2025-10-03 22:18:32+00:00,33.76661806422294,-84.39754418777935,POINT (-84.39754418777935 33.76661806422294),6.0,6.0,6.0,6.0,5.0,5.0,5.0,5.0,25.0,25.0,21.0,21.0,25.33333333333333,45.1,25.216583333333332,17.22222222222222,1.5
2025-10-03 22:18:33+00:00,33.76660567663557,-84.39753955148933,POINT (-84.39753955148933 33.76660567663557),6.0,6.0,6.0,6.0,5.0,5.0,5.0,5.0,25.0,25.0,21.0,21.0,25.33333333333333,45.3,25.219194444444433,17.22222222222222,0.9
2025-10-03 22:18:34+00:00,33.766591755346916,-84.39753434118246,POINT (-84.39753434118246 33.766591755346916),6.0,6.0,6.0,6.0,5.0,5.0,5.0,5.0,25.0,25.0,21.0,21.0,25.33333333333333,45.3,25.219194444444433,17.22222222222222,0.9
2025-10-03 22:18:35+00:00,33.76657103755587,-84.39752658715541,POINT (-84.39752658715541 33.76657103755587),6.0,6.0,6.0,6.0,5.0,5.0,5.0,5.0,25.0,25.0,21.0,21.0,25.33333333333333,45.3,25.219194444444433,17.22222222222222,0.9
2025-10-03 22:18:36+00:00,33.76656424105349,-84.39752404343521,POINT (-84.39752404343521 33.76656424105349),6.0,6.0,6.0,6.0,5.0,5.0,5.0,5.0,25.0,25.0,21.0,21.0,25.33333333333333,45.3,25.219194444444433,17.22222222222222,0.9
2025-10-03 22:18:37+00:00,33.766550648048714,-84.39751895599484,POINT (-84.39751895599484 33.766550648048714),6.0,6.0,6.0,6.0,5.0,5.0,5.0,5.0,25.0,25.0,21.0,21.0,25.33333333333333,45.3,25.219194444444433,17.22222222222222,0.9
2025-10-03 22:18:38+00:00,33.76653760389357,-84.39751407397186,POINT (-84.39751407397186 33.76653760389357),6.0,6.0,6.0,6.0,6.0,6.0,6.0,6.0,25.0,25.0,25.0,25.0,25.33333333333333,45.5,25.22180555555555,17.38888888888889,0.8
2025-10-03 22:18:39+00:00,33.76652576515583,-84.39750964309926,POINT (-84.39750964309926 33.76652576515583),6.0,6.0,6.0,6.0,6.0,6.0,6.0,6.0,25.0,25.0,25.0,25.0,25.33333333333333,45.5,25.22180555555555,17.38888888888889,0.8
2025-10-03 22:18:40+00:00,33.76651304928458,-84.39750488394276,POINT (-84.39750488394276 33.76651304928458),6.0,6.0,6.0,6.0,6.0,6.0,6.0,6.0,25.0,25.0,25.0,25.0,25.33333333333333,45.5,25.22180555555555,17.38888888888889,0.8
2025-10-03 22:18:41+00:00,33.766500333413326,-84.39750012478626,POINT (-84.39750012478626 33.766500333413326),6.0,6.0,6.0,6.0,6.0,6.0,6.0,6.0,25.0,25.0,25.0,25.0,25.33333333333333,45.5,25.22180555555555,17.38888888888889,0.8
2025-10-03 22:18:42+00:00,33.766488346820815,-84.39749625433525,POINT (-84.39749625433525 33.766488346820815),6.0,6.0,6.0,6.0,6.0,6.0,6.0,6.0,25.0,25.0,25.0,25.0,25.33333333333333,45.5,25.22180555555555,17.38888888888889,0.8
2025-10-03 22:18:43+00:00,33.76647449248556,-84.39749180115606,POINT (-84.39749180115606 33.76647449248556),6.0,6.0,6.0,6.0,6.0,6.0,6.0,6.0,25.0,25.0,25.0,25.0,25.33333333333333,45.6,25.223111111111102,17.38888888888889,0.0
2025-10-03 22:18:44+00:00,33.766461253179195,-84.39748754566473,POINT (-84.39748754566473 33.766461253179195),6.0,6.0,6.0,6.0,6.0,6.0,6.0,6.0,25.0,25.0,25.0,25.0,25.33333333333333,45.6,25.223111111111102,17.38888888888889,0.0
2025-10-03 22:18:45+00:00,33.76644739884393,-84.39748309248554,POINT (-84.39748309248554 33.76644739884393),6.0,6.0,6.0,6.0,6.0,6.0,6.0,6.0,25.0,25.0,25.0,25.0,25.33333333333333,45.6,25.223111111111102,17.38888888888889,0.0
2025-10-03 22:18:46+00:00,33.76643354450867,-84.39747863930636,POINT (-84.39747863930636 33.76643354450867),6.0,6.0,6.0,6.0,6.0,6.0,6.0,6.0,25.0,25.0,25.0,25.0,25.33333333333333,45.6,25.223111111111102,17.38888888888889,0.0
2025-10-03 22:18:47+00:00,33.7664205965318,-84.39747447745664,POINT (-84.39747447745664 33.7664205965318),6.0,6.0,6.0,6.0,6.0,6.0,6.0,6.0,25.0,25.0,25.0,25.0,25.33333333333333,45.6,25.223111111111102,17.38888888888889,0.0
2025-10-03 22:18:48+00:00,33.766408846242776,-84.39747070057803,POINT (-84.39747070057803 33.766408846242776),6.0,6.0,6.0,6.0,6.0,6.0,6.0,6.0,25.0,25.0,25.0,25.0,25.33333333333333,45.7,25.224416666666666,17.27777777777778,0.9
2025-10-03 22:18:49+00:00,33.7663965132948,-84.39746673641618,POINT (-84.39746673641618 33.7663965132948),6.0,6.0,6.0,6.0,6.0,6.0,6.0,6.0,25.0,25.0,25.0,25.0,25.33333333333333,45.7,25.224416666666666,17.27777777777778,0.9
2025-10-03 22:18:50+00:00,33.7663838566474,-84.39746266820809,POINT (-84.39746266820809 33.7663838566474),6.0,6.0,6.0,6.0,6.0,6.0,6.0,6.0,25.0,25.0,25.0,25.0,25.33333333333333,45.7,25.224416666666666,17.27777777777778,0.9
2025-10-03 22:18:51+00:00,33.7663712,-84.3974586,POINT (-84.3974586 33.7663712),6.0,6.0,6.0,6.0,6.0,6.0,6.0,6.0,25.0,25.0,25.0,25.0,25.33333333333333,45.7,25.224416666666666,17.27777777777778,0.9
2025-10-03 22:18:52+00:00,33.76634831445087,-84.39745124393063,POINT (-84.39745124393063 33.76634831445087),6.0,6.0,6.0,6.0,6.0,6.0,6.0,6.0,25.0,25.0,25.0,25.0,25.33333333333333,45.7,25.224416666666666,17.27777777777778,0.9
2025-10-03 22:18:53+00:00,33.766339283236995,-84.39744834104046,POINT (-84.39744834104046 33.766339283236995),6.0,6.0,6.0,6.0,7.0,7.0,7.0,7.0,25.0,25.0,29.0,29.0,25.33333333333333,45.8,25.225722222222217,17.38888888888889,0.0
2025-10-03 22:18:54+00:00,33.766329345664744,-84.3974451468208,POINT (-84.3974451468208 33.766329345664744),6.0,6.0,6.0,6.0,7.0,7.0,7.0,7.0,25.0,25.0,29.0,29.0,25.33333333333333,45.8,25.225722222222217,17.38888888888889,0.0
2025-10-03 22:18:55+00:00,33.76631008554914,-84.39743895606937,POINT (-84.39743895606937 33.76631008554914),6.0,6.0,6.0,6.0,7.0,7.0,7.0,7.0,25.0,25.0,29.0,29.0,25.33333333333333,45.8,25.225722222222217,17.38888888888889,0.0
2025-10-03 22:18:56+00:00,33.766302867052026,-84.39743663583815,POINT (-84.39743663583815 33.766302867052026),6.0,6.0,6.0,6.0,7.0,7.0,7.0,7.0,25.0,25.0,29.0,29.0,25.33333333333333,45.8,25.225722222222217,17.38888888888889,0.0
2025-10-03 22:18:57+00:00,33.766288430057806,-84.39743199537571,POINT (-84.39743199537571 33.766288430057806),6.0,6.0,6.0,6.0,7.0,7.0,7.0,7.0,25.0,25.0,29.0,29.0,25.33333333333333,45.8,25.225722222222217,17.38888888888889,0.0
2025-10-03 22:18:58+00:00,33.76627460809249,-84.39742755260116,POINT (-84.39742755260116 33.76627460809249),6.0,6.0,6.0,6.0,7.0,7.0,7.0,7.0,25.0,25.0,29.0,29.0,25.38888888888889,46.0,25.286666666666672,17.38888888888889,0.9
2025-10-03 22:18:59+00:00,33.766260462427745,-84.39742300578034,POINT (-84.39742300578034 33.766260462427745),6.0,6.0,6.0,6.0,7.0,7.0,7.0,7.0,25.0,25.0,29.0,29.0,25.38888888888889,46.0,25.286666666666672,17.38888888888889,0.9
2025-10-03 22:19:00+00:00,33.76624602543353,-84.39741836531792,POINT (-84.39741836531792 33.76624602543353),6.0,6.0,6.0,6.0,7.0,7.0,7.0,7.0,25.0,25.0,29.0,29.0,25.38888888888889,46.0,25.286666666666672,17.38888888888889,0.9
2025-10-03 22:19:01+00:00,33.76623278612717,-84.39741410982658,POINT (-84.39741410982658 33.76623278612717),6.0,6.0,6.0,6.0,7.0,7.0,7.0,7.0,25.0,25.0,29.0,29.0,25.38888888888889,46.0,25.286666666666672,17.38888888888889,0.9
2025-10-03 22:19:02+00:00,33.76622,-84.39741,POINT (-84.39741 33.76622),6.0,6.0,6.0,6.0,7.0,7.0,7.0,7.0,25.0,25.0,29.0,29.0,25.38888888888889,46.0,25.286666666666672,17.38888888888889,0.9
2025-10-03 22:19:03+00:00,33.76620032080537,-84.39740708456375,POINT (-84.39740708456375 33.76620032080537),6.0,6.0,6.0,6.0,7.0,7.0,7.0,7.0,25.0,25.0,29.0,29.0,25.444444444444443,46.0,25.345000000000006,17.5,1.0
2025-10-03 22:19:04+00:00,33.76619318120805,-84.39740602684563,POINT (-84.39740602684563 33.76619318120805),6.0,6.0,6.0,6.0,7.0,7.0,7.0,7.0,25.0,25.0,29.0,29.0,25.444444444444443,46.0,25.345000000000006,17.5,1.0
2025-10-03 22:19:05+00:00,33.76617988053691,-84.39740405637583,POINT (-84.39740405637583 33.76617988053691),6.0,6.0,6.0,6.0,7.0,7.0,7.0,7.0,25.0,25.0,29.0,29.0,25.444444444444443,46.0,25.345000000000006,17.5,1.0
2025-10-03 22:19:06+00:00,33.76616560134228,-84.39740194093959,POINT (-84.39740194093959 33.76616560134228),6.0,6.0,6.0,6.0,7.0,7.0,7.0,7.0,25.0,25.0,29.0,29.0,25.444444444444443,46.0,25.345000000000006,17.5,1.0
2025-10-03 22:19:07+00:00,33.76615146711409,-84.39739984697987,POINT (-84.39739984697987 33.76615146711409),6.0,6.0,6.0,6.0,7.0,7.0,7.0,7.0,25.0,25.0,29.0,29.0,25.444444444444443,46.0,25.345000000000006,17.5,1.0
2025-10-03 22:19:08+00:00,33.76612823624161,-84.39739640536912,POINT (-84.39739640536912 33.76612823624161),5.5,5.5,5.5,5.5,8.0,8.0,8.0,8.0,23.0,23.0,33.0,33.0,25.611111111111107,46.2,25.522611111111107,17.72222222222222,0.9
2025-10-03 22:19:09+00:00,33.766120263087245,-84.39739522416107,POINT (-84.39739522416107 33.766120263087245),5.5,5.5,5.5,5.5,8.0,8.0,8.0,8.0,23.0,23.0,33.0,33.0,25.611111111111107,46.2,25.522611111111107,17.72222222222222,0.9
2025-10-03 22:19:10+00:00,33.76610515033557,-84.39739298523489,POINT (-84.39739298523489 33.76610515033557),5.5,5.5,5.5,5.5,8.0,8.0,8.0,8.0,23.0,23.0,33.0,33.0,25.611111111111107,46.2,25.522611111111107,17.72222222222222,0.9
2025-10-03 22:19:11+00:00,33.766090182550336,-84.39739076778523,POINT (-84.39739076778523 33.766090182550336),5.5,5.5,5.5,5.5,8.0,8.0,8.0,8.0,23.0,23.0,33.0,33.0,25.611111111111107,46.2,25.522611111111107,17.72222222222222,0.9
2025-10-03 22:19:12+00:00,33.7660752147651,-84.39738855033556,POINT (-84.39738855033556 33.7660752147651),5.5,5.5,5.5,5.5,8.0,8.0,8.0,8.0,23.0,23.0,33.0,33.0,25.611111111111107,46.2,25.522611111111107,17.72222222222222,0.9
2025-10-03 22:19:13+00:00,33.76605,-84.39738,POINT (-84.39738 33.76605),5.5,5.5,5.5,5.5,8.0,8.0,8.0,8.0,23.0,23.0,33.0,33.0,25.666666666666668,46.4,25.583555555555552,17.72222222222222,0.0
2025-10-03 22:19:14+00:00,33.76604782080925,-84.39737966473989,POINT (-84.39737966473989 33.76604782080925),5.5,5.5,5.5,5.5,8.0,8.0,8.0,8.0,23.0,23.0,33.0,33.0,25.666666666666668,46.4,25.583555555555552,17.72222222222222,0.0
2025-10-03 22:19:15+00:00,33.76602294797688,-84.39737583815028,POINT (-84.39737583815028 33.76602294797688),5.5,5.5,5.5,5.5,8.0,8.0,8.0,8.0,23.0,23.0,33.0,33.0,25.666666666666668,46.4,25.583555555555552,17.72222222222222,0.0
2025-10-03 22:19:16+00:00,33.76601190173411,-84.39737413872832,POINT (-84.39737413872832 33.76601190173411),5.5,5.5,5.5,5.5,8.0,8.0,8.0,8.0,23.0,23.0,33.0,33.0,25.666666666666668,46.4,25.583555555555552,17.72222222222222,0.0
2025-10-03 22:19:17+00:00,33.766001982658956,-84.39737261271677,POINT (-84.39737261271677 33.766001982658956),5.5,5.5,5.5,5.5,8.0,8.0,8.0,8.0,23.0,23.0,33.0,33.0,25.666666666666668,46.4,25.583555555555552,17.72222222222222,0.0
2025-10-03 22:19:18+00:00,33.76598785549133,-84.39737043930636,POINT (-84.39737043930636 33.76598785549133),5.5,5.5,5.5,5.5,8.0,8.0,8.0,8.0,23.0,23.0,33.0,33.0,25.777777777777782,46.7,25.70413888888889,17.88888888888889,0.9
2025-10-03 22:19:19+00:00,33.76597275144509,-84.39736811560694,POINT (-84.39736811560694 33.76597275144509),5.5,5.5,5.5,5.5,8.0,8.0,8.0,8.0,23.0,23.0,33.0,33.0,25.777777777777782,46.7,25.70413888888889,17.88888888888889,0.9
2025-10-03 22:19:20+00:00,33.76594825433526,-84.39736434682081,POINT (-84.39736434682081 33.76594825433526),5.5,5.5,5.5,5.5,8.0,8.0,8.0,8.0,23.0,23.0,33.0,33.0,25.777777777777782,46.7,25.70413888888889,17.88888888888889,0.9
2025-10-03 22:19:21+00:00,33.765919563249916,-84.39733641549537,POINT (-84.39733641549537 33.765919563249916),5.5,5.5,5.5,5.5,8.0,8.0,8.0,8.0,23.0,23.0,33.0,33.0,25.777777777777782,46.7,25.70413888888889,17.88888888888889,0.9
2025-10-03 22:19:22+00:00,33.765919504628044,-84.3973332499143,POINT (-84.3973332499143 33.765919504628044),5.5,5.5,5.5,5.5,8.0,8.0,8.0,8.0,23.0,23.0,33.0,33.0,25.777777777777782,46.7,25.70413888888889,17.88888888888889,0.9
2025-10-03 22:19:23+00:00,33.76591942646555,-84.39732902913953,POINT (-84.39732902913953 33.76591942646555),6.0,6.0,6.0,6.0,8.0,8.0,8.0,8.0,25.0,25.0,33.0,33.0,25.833333333333332,46.8,25.763777777777776,18.000000000000004,0.0
2025-10-03 22:19:24+00:00,33.76591932944807,-84.3973237901954,POINT (-84.3973237901954 33.76591932944807),6.0,6.0,6.0,6.0,8.0,8.0,8.0,8.0,25.0,25.0,33.0,33.0,25.833333333333332,46.8,25.763777777777776,18.000000000000004,0.0
2025-10-03 22:19:25+00:00,33.76589,-84.39732,POINT (-84.39732 33.76589),6.0,6.0,6.0,6.0,8.0,8.0,8.0,8.0,25.0,25.0,33.0,33.0,25.833333333333332,46.8,25.763777777777776,18.000000000000004,0.0
2025-10-03 22:19:26+00:00,33.76589,-84.397315,POINT (-84.397315 33.76589),6.0,6.0,6.0,6.0,8.0,8.0,8.0,8.0,25.0,25.0,33.0,33.0,25.833333333333332,46.8,25.763777777777776,18.000000000000004,0.0
2025-10-03 22:19:27+00:00,33.76589,-84.397311,POINT (-84.397311 33.76589),6.0,6.0,6.0,6.0,8.0,8.0,8.0,8.0,25.0,25.0,33.0,33.0,25.833333333333332,46.8,25.763777777777776,18.000000000000004,0.0
2025-10-03 22:19:28+00:00,33.76589,-84.397308,POINT (-84.397308 33.76589),6.0,6.0,6.0,6.0,8.0,8.0,8.0,8.0,25.0,25.0,33.0,33.0,25.777777777777782,46.8,25.705444444444446,17.88888888888889,0.8
2025-10-03 22:19:29+00:00,33.76589,-84.397304,POINT (-84.397304 33.76589),6.0,6.0,6.0,6.0,8.0,8.0,8.0,8.0,25.0,25.0,33.0,33.0,25.777777777777782,46.8,25.705444444444446,17.88888888888889,0.8
2025-10-03 22:19:30+00:00,33.76582053175472,-84.39735264453874,POINT (-84.39735264453874 33.76582053175472),6.0,6.0,6.0,6.0,8.0,8.0,8.0,8.0,25.0,25.0,33.0,33.0,25.777777777777782,46.8,25.705444444444446,17.88888888888889,0.8
2025-10-03 22:19:31+00:00,33.76579924103476,-84.39735039022722,POINT (-84.39735039022722 33.76579924103476),6.0,6.0,6.0,6.0,8.0,8.0,8.0,8.0,25.0,25.0,33.0,33.0,25.777777777777782,46.8,25.705444444444446,17.88888888888889,0.8
2025-10-03 22:19:32+00:00,33.76579112031207,-84.397349530386,POINT (-84.397349530386 33.76579112031207),6.0,6.0,6.0,6.0,8.0,8.0,8.0,8.0,25.0,25.0,33.0,33.0,25.777777777777782,46.8,25.705444444444446,17.88888888888889,0.8
2025-10-03 22:19:33+00:00,33.765766967560914,-84.39734697303587,POINT (-84.39734697303587 33.765766967560914),6.0,6.0,6.0,6.0,8.0,8.0,8.0,8.0,25.0,25.0,33.0,33.0,25.777777777777782,46.7,25.70413888888889,17.88888888888889,0.9
2025-10-03 22:19:34+00:00,33.765758067341906,-84.39734603065973,POINT (-84.39734603065973 33.765758067341906),6.0,6.0,6.0,6.0,8.0,8.0,8.0,8.0,25.0,25.0,33.0,33.0,25.777777777777782,46.7,25.70413888888889,17.88888888888889,0.9
2025-10-03 22:19:35+00:00,33.765748073501236,-84.39734497248837,POINT (-84.39734497248837 33.765748073501236),6.0,6.0,6.0,6.0,8.0,8.0,8.0,8.0,25.0,25.0,33.0,33.0,25.777777777777782,46.7,25.70413888888889,17.88888888888889,0.9
2025-10-03 22:19:36+00:00,33.765726212701885,-84.3973426578155,POINT (-84.3973426578155 33.765726212701885),6.0,6.0,6.0,6.0,8.0,8.0,8.0,8.0,25.0,25.0,33.0,33.0,25.777777777777782,46.7,25.70413888888889,17.88888888888889,0.9
2025-10-03 22:19:37+00:00,33.765719290309335,-84.39734192485629,POINT (-84.39734192485629 33.765719290309335),6.0,6.0,6.0,6.0,8.0,8.0,8.0,8.0,25.0,25.0,33.0,33.0,25.777777777777782,46.7,25.70413888888889,17.88888888888889,0.9
2025-10-03 22:19:38+00:00,33.765704456611005,-84.39734035422941,POINT (-84.39734035422941 33.765704456611005),6.5,6.5,6.5,6.5,8.0,8.0,8.0,8.0,27.0,27.0,33.5,33.5,25.888888888888886,46.5,25.81819444444444,18.000000000000004,0.0
2025-10-03 22:19:39+00:00,33.76568951820422,-84.39733877251575,POINT (-84.39733877251575 33.76568951820422),6.5,6.5,6.5,6.5,8.0,8.0,8.0,8.0,27.0,27.0,33.5,33.5,25.888888888888886,46.5,25.81819444444444,18.000000000000004,0.0
2025-10-03 22:19:40+00:00,33.76567457979743,-84.39733719080209,POINT (-84.39733719080209 33.76567457979743),6.5,6.5,6.5,6.5,8.0,8.0,8.0,8.0,27.0,27.0,33.5,33.5,25.888888888888886,46.5,25.81819444444444,18.000000000000004,0.0
2025-10-03 22:19:41+00:00,33.76565053175472,-84.39733464453874,POINT (-84.39733464453874 33.76565053175472),6.5,6.5,6.5,6.5,8.0,8.0,8.0,8.0,27.0,27.0,33.5,33.5,25.888888888888886,46.5,25.81819444444444,18.000000000000004,0.0
2025-10-03 22:19:42+00:00,33.76564251574049,-84.39733379578429,POINT (-84.39733379578429 33.76564251574049),6.5,6.5,6.5,6.5,8.0,8.0,8.0,8.0,27.0,27.0,33.5,33.5,25.888888888888886,46.5,25.81819444444444,18.000000000000004,0.0
2025-10-03 22:19:43+00:00,33.76561726936764,-84.39733112263893,POINT (-84.39733112263893 33.76561726936764),6.5,6.5,6.5,6.5,8.0,8.0,8.0,8.0,27.0,27.0,33.5,33.5,26.0,46.4,25.93355555555556,18.000000000000004,0.0
2025-10-03 22:19:44+00:00,33.76560727552697,-84.39733006446757,POINT (-84.39733006446757 33.76560727552697),6.5,6.5,6.5,6.5,8.0,8.0,8.0,8.0,27.0,27.0,33.5,33.5,26.0,46.4,25.93355555555556,18.000000000000004,0.0
2025-10-03 22:19:45+00:00,33.76559816589105,-84.39732909991788,POINT (-84.39732909991788 33.76559816589105),6.5,6.5,6.5,6.5,8.0,8.0,8.0,8.0,27.0,27.0,33.5,33.5,26.0,46.4,25.93355555555556,18.000000000000004,0.0
2025-10-03 22:19:46+00:00,33.76558400698057,-84.39732760073913,POINT (-84.39732760073913 33.76558400698057),6.5,6.5,6.5,6.5,8.0,8.0,8.0,8.0,27.0,27.0,33.5,33.5,26.0,46.4,25.93355555555556,18.000000000000004,0.0
2025-10-03 22:19:47+00:00,33.76557104640022,-84.39732622844238,POINT (-84.39732622844238 33.76557104640022),6.5,6.5,6.5,6.5,8.0,8.0,8.0,8.0,27.0,27.0,33.5,33.5,26.0,46.4,25.93355555555556,18.000000000000004,0.0
2025-10-03 22:19:48+00:00,33.765558970024635,-84.39732494976732,POINT (-84.39732494976732 33.765558970024635),6.5,6.5,6.5,6.5,8.0,8.0,8.0,8.0,27.0,27.0,33.5,33.5,26.11111111111111,46.4,26.05022222222222,18.111111111111107,0.0
2025-10-03 22:19:49+00:00,33.7655467889406,-84.39732366000548,POINT (-84.39732366000548 33.7655467889406),6.5,6.5,6.5,6.5,8.0,8.0,8.0,8.0,27.0,27.0,33.5,33.5,26.11111111111111,46.4,26.05022222222222,18.111111111111107,0.0
2025-10-03 22:19:50+00:00,33.765534503148096,-84.39732235915686,POINT (-84.39732235915686 33.765534503148096),6.5,6.5,6.5,6.5,8.0,8.0,8.0,8.0,27.0,27.0,33.5,33.5,26.11111111111111,46.4,26.05022222222222,18.111111111111107,0.0
2025-10-03 22:19:51+00:00,33.76551508554612,-84.39732030317548,POINT (-84.39732030317548 33.76551508554612),6.5,6.5,6.5,6.5,8.0,8.0,8.0,8.0,27.0,27.0,33.5,33.5,26.11111111111111,46.4,26.05022222222222,18.111111111111107,0.0
2025-10-03 22:19:52+00:00,33.76550795373666,-84.39731954804272,POINT (-84.39731954804272 33.76550795373666),6.5,6.5,6.5,6.5,8.0,8.0,8.0,8.0,27.0,27.0,33.5,33.5,26.11111111111111,46.4,26.05022222222222,18.111111111111107,0.0
2025-10-03 22:19:53+00:00,33.765500821927176,-84.39731879290994,POINT (-84.39731879290994 33.765500821927176),5.0,5.0,5.0,5.0,7.0,7.0,7.0,7.0,21.0,21.0,29.0,29.0,26.055555555555557,46.4,25.991888888888894,18.111111111111107,1.0
2025-10-03 22:19:54+00:00,33.76548973446483,-84.39731761894335,POINT (-84.39731761894335 33.76548973446483),5.0,5.0,5.0,5.0,7.0,7.0,7.0,7.0,21.0,21.0,29.0,29.0,26.055555555555557,46.4,25.991888888888894,18.111111111111107,1.0
2025-10-03 22:19:55+00:00,33.765478542294005,-84.39731643388996,POINT (-84.39731643388996 33.765478542294005),5.0,5.0,5.0,5.0,7.0,7.0,7.0,7.0,21.0,21.0,29.0,29.0,26.055555555555557,46.4,25.991888888888894,18.111111111111107,1.0
2025-10-03 22:19:56+00:00,33.76546646591842,-84.3973151552149,POINT (-84.3973151552149 33.76546646591842),5.0,5.0,5.0,5.0,7.0,7.0,7.0,7.0,21.0,21.0,29.0,29.0,26.055555555555557,46.4,25.991888888888894,18.111111111111107,1.0
2025-10-03 22:19:57+00:00,33.76545537845606,-84.39731398124829,POINT (-84.39731398124829 33.76545537845606),5.0,5.0,5.0,5.0,7.0,7.0,7.0,7.0,21.0,21.0,29.0,29.0,26.055555555555557,46.4,25.991888888888894,18.111111111111107,1.0
2025-10-03 22:19:58+00:00,33.76544736244183,-84.39731313249385,POINT (-84.39731313249385 33.76544736244183),5.0,5.0,5.0,5.0,7.0,7.0,7.0,7.0,21.0,21.0,29.0,29.0,26.055555555555557,46.2,25.989277777777787,18.000000000000004,0.9
2025-10-03 22:19:59+00:00,33.765435030112236,-84.39731182671777,POINT (-84.39731182671777 33.765435030112236),5.0,5.0,5.0,5.0,7.0,7.0,7.0,7.0,21.0,21.0,29.0,29.0,26.055555555555557,46.2,25.989277777777787,18.000000000000004,0.9
2025-10-03 22:20:00+00:00,33.7654296201752,-84.39731125390091,POINT (-84.39731125390091 33.7654296201752),5.0,5.0,5.0,5.0,7.0,7.0,7.0,7.0,21.0,21.0,29.0,29.0,26.055555555555557,46.2,25.989277777777787,18.000000000000004,0.9
2025-10-03 22:20:01+00:00,33.7654241055297,-84.39731066999727,POINT (-84.39731066999727 33.7654241055297),5.0,5.0,5.0,5.0,7.0,7.0,7.0,7.0,21.0,21.0,29.0,29.0,26.055555555555557,46.2,25.989277777777787,18.000000000000004,0.9
2025-10-03 22:20:02+00:00,33.765419579797424,-84.39731019080209,POINT (-84.39731019080209 33.765419579797424),5.0,5.0,5.0,5.0,7.0,7.0,7.0,7.0,21.0,21.0,29.0,29.0,26.055555555555557,46.2,25.989277777777787,18.000000000000004,0.9
2025-10-03 22:20:03+00:00,33.76541406515193,-84.39730960689845,POINT (-84.39730960689845 33.76541406515193),5.0,5.0,5.0,5.0,7.0,7.0,7.0,7.0,21.0,21.0,29.0,29.0,26.0,46.0,25.928333333333335,18.000000000000004,0.9
2025-10-03 22:20:04+00:00,33.76540865521489,-84.39730903408159,POINT (-84.39730903408159 33.76540865521489),5.0,5.0,5.0,5.0,7.0,7.0,7.0,7.0,21.0,21.0,29.0,29.0,26.0,46.0,25.928333333333335,18.000000000000004,0.9
2025-10-03 22:20:05+00:00,33.7654031405694,-84.39730845017795,POINT (-84.39730845017795 33.7654031405694),5.0,5.0,5.0,5.0,7.0,7.0,7.0,7.0,21.0,21.0,29.0,29.0,26.0,46.0,25.928333333333335,18.000000000000004,0.9
2025-10-03 22:20:06+00:00,33.76539773063235,-84.39730787736107,POINT (-84.39730787736107 33.76539773063235),5.0,5.0,5.0,5.0,7.0,7.0,7.0,7.0,21.0,21.0,29.0,29.0,26.0,46.0,25.928333333333335,18.000000000000004,0.9
2025-10-03 22:20:07+00:00,33.765393204900086,-84.39730739816589,POINT (-84.39730739816589 33.765393204900086),5.0,5.0,5.0,5.0,7.0,7.0,7.0,7.0,21.0,21.0,29.0,29.0,26.0,46.0,25.928333333333335,18.000000000000004,0.9
2025-10-03 22:20:08+00:00,33.76538769025458,-84.39730681426225,POINT (-84.39730681426225 33.76538769025458),6.0,6.0,6.0,6.0,6.0,6.0,6.0,6.0,25.0,25.0,25.0,25.0,25.944444444444443,45.9,25.868694444444444,17.88888888888889,0.0
2025-10-03 22:20:09+00:00,33.76537920886942,-84.39730591623324,POINT (-84.39730591623324 33.76537920886942),6.0,6.0,6.0,6.0,6.0,6.0,6.0,6.0,25.0,25.0,25.0,25.0,25.944444444444443,45.9,25.868694444444444,17.88888888888889,0.0
2025-10-03 22:20:10+00:00,33.76536874965781,-84.39730480878731,POINT (-84.39730480878731 33.76536874965781),6.0,6.0,6.0,6.0,6.0,6.0,6.0,6.0,25.0,25.0,25.0,25.0,25.944444444444443,45.9,25.868694444444444,17.88888888888889,0.0
2025-10-03 22:20:11+00:00,33.765357196824525,-84.39730358554613,POINT (-84.39730358554613 33.765357196824525),6.0,6.0,6.0,6.0,6.0,6.0,6.0,6.0,25.0,25.0,25.0,25.0,25.944444444444443,45.9,25.868694444444444,17.88888888888889,0.0
2025-10-03 22:20:12+00:00,33.76534377087325,-84.39730216397483,POINT (-84.39730216397483 33.76534377087325),6.0,6.0,6.0,6.0,6.0,6.0,6.0,6.0,25.0,25.0,25.0,25.0,25.944444444444443,45.9,25.868694444444444,17.88888888888889,0.0
2025-10-03 22:20:13+00:00,33.765328363918385,-84.39730168834268,POINT (-84.39730168834268 33.765328363918385),6.0,6.0,6.0,6.0,6.0,6.0,6.0,6.0,25.0,25.0,25.0,25.0,26.0,45.9,25.927027777777784,17.88888888888889,0.9
2025-10-03 22:20:14+00:00,33.76530134948097,-84.39729871972318,POINT (-84.39729871972318 33.76530134948097),6.0,6.0,6.0,6.0,6.0,6.0,6.0,6.0,25.0,25.0,25.0,25.0,26.0,45.9,25.927027777777784,17.88888888888889,0.9
2025-10-03 22:20:15+00:00,33.76529058930915,-84.39729753728672,POINT (-84.39729753728672 33.76529058930915),6.0,6.0,6.0,6.0,6.0,6.0,6.0,6.0,25.0,25.0,25.0,25.0,26.0,45.9,25.927027777777784,17.88888888888889,0.9
2025-10-03 22:20:16+00:00,33.765279937716265,-84.39729636678202,POINT (-84.39729636678202 33.765279937716265),6.0,6.0,6.0,6.0,6.0,6.0,6.0,6.0,25.0,25.0,25.0,25.0,26.0,45.9,25.927027777777784,17.88888888888889,0.9
2025-10-03 22:20:17+00:00,33.76525732072545,-84.39729388139841,POINT (-84.39729388139841 33.76525732072545),6.0,6.0,6.0,6.0,6.0,6.0,6.0,6.0,25.0,25.0,25.0,25.0,26.0,45.9,25.927027777777784,17.88888888888889,0.9
2025-10-03 22:20:18+00:00,33.76524941617946,-84.39729301276698,POINT (-84.39729301276698 33.76524941617946),6.0,6.0,6.0,6.0,6.0,6.0,6.0,6.0,25.0,25.0,25.0,25.0,26.11111111111111,45.8,26.04238888888889,18.000000000000004,0.0
2025-10-03 22:20:19+00:00,33.76523349850853,-84.39729126357237,POINT (-84.39729126357237 33.76523349850853),6.0,6.0,6.0,6.0,6.0,6.0,6.0,6.0,25.0,25.0,25.0,25.0,26.11111111111111,45.8,26.04238888888889,18.000000000000004,0.0
2025-10-03 22:20:20+00:00,33.765218460326935,-84.39728961102495,POINT (-84.39728961102495 33.765218460326935),6.0,6.0,6.0,6.0,6.0,6.0,6.0,6.0,25.0,25.0,25.0,25.0,26.11111111111111,45.8,26.04238888888889,18.000000000000004,0.0
2025-10-03 22:20:21+00:00,33.76520243407708,-84.39728784989859,POINT (-84.39728784989859 33.76520243407708),6.0,6.0,6.0,6.0,6.0,6.0,6.0,6.0,25.0,25.0,25.0,25.0,26.11111111111111,45.8,26.04238888888889,18.000000000000004,0.0
2025-10-03 22:20:22+00:00,33.765180262259875,-84.39728541343516,POINT (-84.39728541343516 33.765180262259875),6.0,6.0,6.0,6.0,6.0,6.0,6.0,6.0,25.0,25.0,25.0,25.0,26.11111111111111,45.8,26.04238888888889,18.000000000000004,0.0
2025-10-03 22:20:23+00:00,33.76517224913495,-84.39728453287198,POINT (-84.39728453287198 33.76517224913495),6.0,6.0,6.0,6.0,7.0,9.0,7.0,9.0,25.0,25.0,29.0,29.0,25.944444444444443,45.8,25.867388888888893,17.88888888888889,1.0
2025-10-03 22:20:24+00:00,33.7651467873762,-84.39728173487651,POINT (-84.39728173487651 33.7651467873762),6.0,6.0,6.0,6.0,7.0,9.0,7.0,9.0,25.0,25.0,29.0,29.0,25.944444444444443,45.8,25.867388888888893,17.88888888888889,1.0
2025-10-03 22:20:25+00:00,33.765135592888676,-84.39728050471305,POINT (-84.39728050471305 33.765135592888676),6.0,6.0,6.0,6.0,7.0,9.0,7.0,9.0,25.0,25.0,29.0,29.0,25.944444444444443,45.8,25.867388888888893,17.88888888888889,1.0
2025-10-03 22:20:26+00:00,33.76512538646939,-84.3972793831285,POINT (-84.3972793831285 33.76512538646939),6.0,6.0,6.0,6.0,7.0,9.0,7.0,9.0,25.0,25.0,29.0,29.0,25.944444444444443,45.8,25.867388888888893,17.88888888888889,1.0
2025-10-03 22:20:27+00:00,33.76510299749433,-84.39727692280158,POINT (-84.39727692280158 33.76510299749433),6.0,6.0,6.0,6.0,7.0,9.0,7.0,9.0,25.0,25.0,29.0,29.0,25.944444444444443,45.8,25.867388888888893,17.88888888888889,1.0
2025-10-03 22:20:28+00:00,33.765094875790474,-84.39727603030666,POINT (-84.39727603030666 33.765094875790474),6.0,6.0,6.0,6.0,7.0,9.0,7.0,9.0,25.0,25.0,29.0,29.0,25.944444444444443,45.8,25.867388888888893,17.88888888888889,0.7
2025-10-03 22:20:29+00:00,33.76508060851926,-84.39727446247466,POINT (-84.39727446247466 33.76508060851926),6.0,6.0,6.0,6.0,7.0,9.0,7.0,9.0,25.0,25.0,29.0,29.0,25.944444444444443,45.8,25.867388888888893,17.88888888888889,0.7
2025-10-03 22:20:30+00:00,33.76506732931631,-84.39727300322158,POINT (-84.39727300322158 33.76506732931631),6.0,6.0,6.0,6.0,7.0,9.0,7.0,9.0,25.0,25.0,29.0,29.0,25.944444444444443,45.8,25.867388888888893,17.88888888888889,0.7
2025-10-03 22:20:31+00:00,33.765053062045105,-84.39727143538958,POINT (-84.39727143538958 33.765053062045105),6.0,6.0,6.0,6.0,7.0,9.0,7.0,9.0,25.0,25.0,29.0,29.0,25.944444444444443,45.8,25.867388888888893,17.88888888888889,0.7
2025-10-03 22:20:32+00:00,33.76503887999999,-84.39726916000001,POINT (-84.39726916000001 33.76503887999999),6.0,6.0,6.0,6.0,7.0,9.0,7.0,9.0,25.0,25.0,29.0,29.0,25.944444444444443,45.8,25.867388888888893,17.88888888888889,0.7
2025-10-03 22:20:33+00:00,33.76502912,-84.39726184,POINT (-84.39726184 33.76502912),6.0,6.0,6.0,6.0,7.0,9.0,7.0,9.0,25.0,25.0,29.0,29.0,25.944444444444443,45.7,25.86608333333334,17.77777777777778,0.9
2025-10-03 22:20:34+00:00,33.76501280000001,-84.39724960000001,POINT (-84.39724960000001 33.76501280000001),6.0,6.0,6.0,6.0,7.0,9.0,7.0,9.0,25.0,25.0,29.0,29.0,25.944444444444443,45.7,25.86608333333334,17.77777777777778,0.9
2025-10-03 22:20:35+00:00,33.765006240000005,-84.39724468,POINT (-84.39724468 33.765006240000005),6.0,6.0,6.0,6.0,7.0,9.0,7.0,9.0,25.0,25.0,29.0,29.0,25.944444444444443,45.7,25.86608333333334,17.77777777777778,0.9
2025-10-03 22:20:36+00:00,33.76498989900479,-84.39723941725028,POINT (-84.39723941725028 33.76498989900479),6.0,6.0,6.0,6.0,7.0,9.0,7.0,9.0,25.0,25.0,29.0,29.0,25.944444444444443,45.7,25.86608333333334,17.77777777777778,0.9
2025-10-03 22:20:37+00:00,33.76497975967563,-84.39723883228898,POINT (-84.39723883228898 33.76497975967563),6.0,6.0,6.0,6.0,7.0,9.0,7.0,9.0,25.0,25.0,29.0,29.0,25.944444444444443,45.7,25.86608333333334,17.77777777777778,0.9
2025-10-03 22:20:38+00:00,33.764971728713604,-84.39723836896424,POINT (-84.39723836896424 33.764971728713604),6.0,6.0,6.0,6.0,7.0,9.0,7.0,9.0,25.0,25.0,29.0,29.0,25.833333333333332,45.8,25.750722222222226,17.77777777777778,0.9
2025-10-03 22:20:39+00:00,33.764962701068924,-84.39723784813859,POINT (-84.39723784813859 33.764962701068924),6.0,6.0,6.0,6.0,7.0,9.0,7.0,9.0,25.0,25.0,29.0,29.0,25.833333333333332,45.8,25.750722222222226,17.77777777777778,0.9
2025-10-03 22:20:40+00:00,33.76494270991522,-84.3972366948028,POINT (-84.3972366948028 33.76494270991522),6.0,6.0,6.0,6.0,7.0,9.0,7.0,9.0,25.0,25.0,29.0,29.0,25.833333333333332,45.8,25.750722222222226,17.77777777777778,0.9
2025-10-03 22:20:41+00:00,33.76493262808699,-84.39723611315887,POINT (-84.39723611315887 33.76493262808699),6.0,6.0,6.0,6.0,7.0,9.0,7.0,9.0,25.0,25.0,29.0,29.0,25.833333333333332,45.8,25.750722222222226,17.77777777777778,0.9
2025-10-03 22:20:42+00:00,33.76492260375967,-84.39723553483229,POINT (-84.39723553483229 33.76492260375967),6.0,6.0,6.0,6.0,7.0,9.0,7.0,9.0,25.0,25.0,29.0,29.0,25.833333333333332,45.8,25.750722222222226,17.77777777777778,0.9
2025-10-03 22:20:43+00:00,33.76491252193144,-84.39723495318835,POINT (-84.39723495318835 33.76491252193144),6.0,6.0,6.0,6.0,7.0,9.0,7.0,9.0,25.0,25.0,29.0,29.0,25.777777777777782,45.7,25.69108333333334,17.72222222222222,1.0
2025-10-03 22:20:44+00:00,33.764902497604126,-84.39723437486177,POINT (-84.39723437486177 33.764902497604126),6.0,6.0,6.0,6.0,7.0,9.0,7.0,9.0,25.0,25.0,29.0,29.0,25.777777777777782,45.7,25.69108333333334,17.72222222222222,1.0
2025-10-03 22:20:45+00:00,33.764890422410616,-84.397233678216,POINT (-84.397233678216 33.764890422410616),6.0,6.0,6.0,6.0,7.0,9.0,7.0,9.0,25.0,25.0,29.0,29.0,25.777777777777782,45.7,25.69108333333334,17.72222222222222,1.0
2025-10-03 22:20:46+00:00,33.76487928639882,-84.39723303575377,POINT (-84.39723303575377 33.76487928639882),6.0,6.0,6.0,6.0,7.0,9.0,7.0,9.0,25.0,25.0,29.0,29.0,25.777777777777782,45.7,25.69108333333334,17.72222222222222,1.0
2025-10-03 22:20:47+00:00,33.76486826538887,-84.39723239992628,POINT (-84.39723239992628 33.76486826538887),6.0,6.0,6.0,6.0,7.0,9.0,7.0,9.0,25.0,25.0,29.0,29.0,25.777777777777782,45.7,25.69108333333334,17.72222222222222,1.0
2025-10-03 22:20:48+00:00,33.76485835606339,-84.39723182823442,POINT (-84.39723182823442 33.76485835606339),6.0,6.0,6.0,6.0,7.0,9.0,7.0,9.0,25.0,25.0,29.0,29.0,25.666666666666668,45.7,25.574416666666668,17.61111111111111,0.9
2025-10-03 22:20:49+00:00,33.764849500921486,-84.39723131736085,POINT (-84.39723131736085 33.764849500921486),6.0,6.0,6.0,6.0,7.0,9.0,7.0,9.0,25.0,25.0,29.0,29.0,25.666666666666668,45.7,25.574416666666668,17.61111111111111,0.9
2025-10-03 22:20:50+00:00,33.7648407032805,-84.39723080980464,POINT (-84.39723080980464 33.7648407032805),6.0,6.0,6.0,6.0,7.0,9.0,7.0,9.0,25.0,25.0,29.0,29.0,25.666666666666668,45.7,25.574416666666668,17.61111111111111,0.9
2025-10-03 22:20:51+00:00,33.76483190563951,-84.39723030224843,POINT (-84.39723030224843 33.76483190563951),6.0,6.0,6.0,6.0,7.0,9.0,7.0,9.0,25.0,25.0,29.0,29.0,25.666666666666668,45.7,25.574416666666668,17.61111111111111,0.9
2025-10-03 22:20:52+00:00,33.76482117213417,-84.39722968300774,POINT (-84.39722968300774 33.76482117213417),6.0,6.0,6.0,6.0,7.0,9.0,7.0,9.0,25.0,25.0,29.0,29.0,25.666666666666668,45.7,25.574416666666668,17.61111111111111,0.9
2025-10-03 22:20:53+00:00,33.764809441946184,-84.39722900626613,POINT (-84.39722900626613 33.764809441946184),6.5,7.0,6.5,7.0,5.0,5.0,5.0,5.0,27.0,27.0,21.0,21.0,25.666666666666668,45.6,25.57311111111111,17.61111111111111,0.0
2025-10-03 22:20:54+00:00,33.76479671507556,-84.39722827202358,POINT (-84.39722827202358 33.76479671507556),6.5,7.0,6.5,7.0,5.0,5.0,5.0,5.0,27.0,27.0,21.0,21.0,25.666666666666668,45.6,25.57311111111111,17.61111111111111,0.0
2025-10-03 22:20:55+00:00,33.764782934021376,-84.39722747696277,POINT (-84.39722747696277 33.764782934021376),6.5,7.0,6.5,7.0,5.0,5.0,5.0,5.0,27.0,27.0,21.0,21.0,25.666666666666668,45.6,25.57311111111111,17.61111111111111,0.0
2025-10-03 22:20:56+00:00,33.76476815628456,-84.39722662440103,POINT (-84.39722662440103 33.76476815628456),6.5,7.0,6.5,7.0,5.0,5.0,5.0,5.0,27.0,27.0,21.0,21.0,25.666666666666668,45.6,25.57311111111111,17.61111111111111,0.0
2025-10-03 22:20:57+00:00,33.764754317729455,-84.39722582602285,POINT (-84.39722582602285 33.764754317729455),6.5,7.0,6.5,7.0,5.0,5.0,5.0,5.0,27.0,27.0,21.0,21.0,25.666666666666668,45.6,25.57311111111111,17.61111111111111,0.0
2025-10-03 22:20:58+00:00,33.764739482491706,-84.39722497014375,POINT (-84.39722497014375 33.764739482491706),6.5,7.0,6.5,7.0,5.0,5.0,5.0,5.0,27.0,27.0,21.0,21.0,25.611111111111107,45.5,25.513472222222223,17.61111111111111,0.0
2025-10-03 22:20:59+00:00,33.76472458975304,-84.39722411094729,POINT (-84.39722411094729 33.76472458975304),6.5,7.0,6.5,7.0,5.0,5.0,5.0,5.0,27.0,27.0,21.0,21.0,25.611111111111107,45.5,25.513472222222223,17.61111111111111,0.0
2025-10-03 22:21:00+00:00,33.76470061186878,-84.39722272760781,POINT (-84.39722272760781 33.76470061186878),6.5,7.0,6.5,7.0,5.0,5.0,5.0,5.0,27.0,27.0,21.0,21.0,25.611111111111107,45.5,25.513472222222223,17.61111111111111,0.0
2025-10-03 22:21:01+00:00,33.764692638407666,-84.39722226760044,POINT (-84.39722226760044 33.764692638407666),6.5,7.0,6.5,7.0,5.0,5.0,5.0,5.0,27.0,27.0,21.0,21.0,25.611111111111107,45.5,25.513472222222223,17.61111111111111,0.0
2025-10-03 22:21:02+00:00,33.76466461629193,-84.39722065093991,POINT (-84.39722065093991 33.76466461629193),6.5,7.0,6.5,7.0,5.0,5.0,5.0,5.0,27.0,27.0,21.0,21.0,25.611111111111107,45.5,25.513472222222223,17.61111111111111,0.0
2025-10-03 22:21:03+00:00,33.764654591964614,-84.39722007261334,POINT (-84.39722007261334 33.764654591964614),6.5,7.0,6.5,7.0,5.0,5.0,5.0,5.0,27.0,27.0,21.0,21.0,25.611111111111107,45.5,25.513472222222223,17.61111111111111,0.9
2025-10-03 22:21:04+00:00,33.76464357095466,-84.39721943678585,POINT (-84.39721943678585 33.76464357095466),6.5,7.0,6.5,7.0,5.0,5.0,5.0,5.0,27.0,27.0,21.0,21.0,25.611111111111107,45.5,25.513472222222223,17.61111111111111,0.9
2025-10-03 22:21:05+00:00,33.76461742720236,-84.39721792849244,POINT (-84.39721792849244 33.76461742720236),6.5,7.0,6.5,7.0,5.0,5.0,5.0,5.0,27.0,27.0,21.0,21.0,25.611111111111107,45.5,25.513472222222223,17.61111111111111,0.9
2025-10-03 22:21:06+00:00,33.764607345374124,-84.3972173468485,POINT (-84.3972173468485 33.764607345374124),6.5,7.0,6.5,7.0,5.0,5.0,5.0,5.0,27.0,27.0,21.0,21.0,25.611111111111107,45.5,25.513472222222223,17.61111111111111,0.9
2025-10-03 22:21:07+00:00,33.76459720604497,-84.39721676188721,POINT (-84.39721676188721 33.76459720604497),6.5,7.0,6.5,7.0,5.0,5.0,5.0,5.0,27.0,27.0,21.0,21.0,25.611111111111107,45.5,25.513472222222223,17.61111111111111,0.9
2025-10-03 22:21:08+00:00,33.76458290748249,-84.39721593697014,POINT (-84.39721593697014 33.76458290748249),7.0,7.0,7.0,7.0,5.0,5.0,5.0,5.0,29.0,29.0,21.0,21.0,25.611111111111107,45.7,25.51608333333333,17.61111111111111,0.9
2025-10-03 22:21:09+00:00,33.764568551419096,-84.39721510873572,POINT (-84.39721510873572 33.764568551419096),7.0,7.0,7.0,7.0,5.0,5.0,5.0,5.0,29.0,29.0,21.0,21.0,25.611111111111107,45.7,25.51608333333333,17.61111111111111,0.9
2025-10-03 22:21:10+00:00,33.76455630372282,-84.39721440213785,POINT (-84.39721440213785 33.76455630372282),7.0,7.0,7.0,7.0,5.0,5.0,5.0,5.0,29.0,29.0,21.0,21.0,25.611111111111107,45.7,25.51608333333333,17.61111111111111,0.9
2025-10-03 22:21:11+00:00,33.7645430593439,-84.39721363803908,POINT (-84.39721363803908 33.7645430593439),7.0,7.0,7.0,7.0,5.0,5.0,5.0,5.0,29.0,29.0,21.0,21.0,25.611111111111107,45.7,25.51608333333333,17.61111111111111,0.9
2025-10-03 22:21:12+00:00,33.76453069664578,-84.39721292480648,POINT (-84.39721292480648 33.76453069664578),7.0,7.0,7.0,7.0,5.0,5.0,5.0,5.0,29.0,29.0,21.0,21.0,25.611111111111107,45.7,25.51608333333333,17.61111111111111,0.9
2025-10-03 22:21:13+00:00,33.76451745226686,-84.39721216070771,POINT (-84.39721216070771 33.76451745226686),7.0,7.0,7.0,7.0,5.0,5.0,5.0,5.0,29.0,29.0,21.0,21.0,25.555555555555557,45.8,25.459055555555558,17.61111111111111,0.9
2025-10-03 22:21:14+00:00,33.76450420788795,-84.39721139660892,POINT (-84.39721139660892 33.76450420788795),7.0,7.0,7.0,7.0,5.0,5.0,5.0,5.0,29.0,29.0,21.0,21.0,25.555555555555557,45.8,25.459055555555558,17.61111111111111,0.9
2025-10-03 22:21:15+00:00,33.7644849834132,-84.3972102875046,POINT (-84.3972102875046 33.7644849834132),7.0,7.0,7.0,7.0,5.0,5.0,5.0,5.0,29.0,29.0,21.0,21.0,25.555555555555557,45.8,25.459055555555558,17.61111111111111,0.9
2025-10-03 22:21:16+00:00,33.7644776,-84.3972092,POINT (-84.3972092 33.7644776),7.0,7.0,7.0,7.0,5.0,5.0,5.0,5.0,29.0,29.0,21.0,21.0,25.555555555555557,45.8,25.459055555555558,17.61111111111111,0.9
2025-10-03 22:21:17+00:00,33.7644707,-84.3972069,POINT (-84.3972069 33.7644707),7.0,7.0,7.0,7.0,5.0,5.0,5.0,5.0,29.0,29.0,21.0,21.0,25.555555555555557,45.8,25.459055555555558,17.61111111111111,0.9
2025-10-03 22:21:18+00:00,33.7644626,-84.3972042,POINT (-84.3972042 33.7644626),7.0,7.0,7.0,7.0,5.0,5.0,5.0,5.0,29.0,29.0,21.0,21.0,25.500000000000004,45.8,25.400722222222228,17.5,0.8
2025-10-03 22:21:19+00:00,33.7644551,-84.3972017,POINT (-84.3972017 33.7644551),7.0,7.0,7.0,7.0,5.0,5.0,5.0,5.0,29.0,29.0,21.0,21.0,25.500000000000004,45.8,25.400722222222228,17.5,0.8
2025-10-03 22:21:20+00:00,33.7644478,-84.3971956,POINT (-84.3971956 33.7644478),7.0,7.0,7.0,7.0,5.0,5.0,5.0,5.0,29.0,29.0,21.0,21.0,25.500000000000004,45.8,25.400722222222228,17.5,0.8
2025-10-03 22:21:21+00:00,33.764448599999994,-84.3971972,POINT (-84.3971972 33.764448599999994),7.0,7.0,7.0,7.0,5.0,5.0,5.0,5.0,29.0,29.0,21.0,21.0,25.500000000000004,45.8,25.400722222222228,17.5,0.8
2025-10-03 22:21:22+00:00,33.7644492,-84.39719840000001,POINT (-84.39719840000001 33.7644492),7.0,7.0,7.0,7.0,5.0,5.0,5.0,5.0,29.0,29.0,21.0,21.0,25.500000000000004,45.8,25.400722222222228,17.5,0.8
2025-10-03 22:21:23+00:00,33.7644533,-84.3972011,POINT (-84.3972011 33.7644533),5.0,5.0,5.0,5.0,7.0,7.0,7.0,7.0,21.0,21.0,29.0,29.0,25.38888888888889,45.8,25.284055555555558,17.38888888888889,1.8
2025-10-03 22:21:24+00:00,33.7644545,-84.3972015,POINT (-84.3972015 33.7644545),5.0,5.0,5.0,5.0,7.0,7.0,7.0,7.0,21.0,21.0,29.0,29.0,25.38888888888889,45.8,25.284055555555558,17.38888888888889,1.8
2025-10-03 22:21:25+00:00,33.764456599999995,-84.3972022,POINT (-84.3972022 33.764456599999995),5.0,5.0,5.0,5.0,7.0,7.0,7.0,7.0,21.0,21.0,29.0,29.0,25.38888888888889,45.8,25.284055555555558,17.38888888888889,1.8
2025-10-03 22:21:26+00:00,33.764457799999995,-84.3972026,POINT (-84.3972026 33.764457799999995),5.0,5.0,5.0,5.0,7.0,7.0,7.0,7.0,21.0,21.0,29.0,29.0,25.38888888888889,45.8,25.284055555555558,17.38888888888889,1.8
2025-10-03 22:21:27+00:00,33.7644599,-84.3972033,POINT (-84.3972033 33.7644599),5.0,5.0,5.0,5.0,7.0,7.0,7.0,7.0,21.0,21.0,29.0,29.0,25.38888888888889,45.8,25.284055555555558,17.38888888888889,1.8
2025-10-03 22:21:28+00:00,33.7644611,-84.3972037,POINT (-84.3972037 33.7644611),5.0,5.0,5.0,5.0,7.0,7.0,7.0,7.0,21.0,21.0,29.0,29.0,25.555555555555557,45.8,25.459055555555558,17.61111111111111,1.2
2025-10-03 22:21:29+00:00,33.7644632,-84.3972044,POINT (-84.3972044 33.7644632),5.0,5.0,5.0,5.0,7.0,7.0,7.0,7.0,21.0,21.0,29.0,29.0,25.555555555555557,45.8,25.459055555555558,17.61111111111111,1.2
2025-10-03 22:21:30+00:00,33.7644647,-84.3972049,POINT (-84.3972049 33.7644647),5.0,5.0,5.0,5.0,7.0,7.0,7.0,7.0,21.0,21.0,29.0,29.0,25.555555555555557,45.8,25.459055555555558,17.61111111111111,1.2
2025-10-03 22:21:31+00:00,33.7644668,-84.3972056,POINT (-84.3972056 33.7644668),5.0,5.0,5.0,5.0,7.0,7.0,7.0,7.0,21.0,21.0,29.0,29.0,25.555555555555557,45.8,25.459055555555558,17.61111111111111,1.2
2025-10-03 22:21:32+00:00,33.764468,-84.397206,POINT (-84.397206 33.764468),5.0,5.0,5.0,5.0,7.0,7.0,7.0,7.0,21.0,21.0,29.0,29.0,25.555555555555557,45.8,25.459055555555558,17.61111111111111,1.2
2025-10-03 22:21:33+00:00,33.7644701,-84.3972067,POINT (-84.3972067 33.7644701),5.0,5.0,5.0,5.0,7.0,7.0,7.0,7.0,21.0,21.0,29.0,29.0,25.38888888888889,46.0,25.286666666666672,17.5,1.1
2025-10-03 22:21:34+00:00,33.764471300000004,-84.3972071,POINT (-84.3972071 33.764471300000004),5.0,5.0,5.0,5.0,7.0,7.0,7.0,7.0,21.0,21.0,29.0,29.0,25.38888888888889,46.0,25.286666666666672,17.5,1.1
2025-10-03 22:21:35+00:00,33.7644725,-84.39720750000001,POINT (-84.39720750000001 33.7644725),5.0,5.0,5.0,5.0,7.0,7.0,7.0,7.0,21.0,21.0,29.0,29.0,25.38888888888889,46.0,25.286666666666672,17.5,1.1
2025-10-03 22:21:36+00:00,33.7644746,-84.3972082,POINT (-84.3972082 33.7644746),5.0,5.0,5.0,5.0,7.0,7.0,7.0,7.0,21.0,21.0,29.0,29.0,25.38888888888889,46.0,25.286666666666672,17.5,1.1
2025-10-03 22:21:37+00:00,33.7644761,-84.39720870000001,POINT (-84.39720870000001 33.7644761),5.0,5.0,5.0,5.0,7.0,7.0,7.0,7.0,21.0,21.0,29.0,29.0,25.38888888888889,46.0,25.286666666666672,17.5,1.1
2025-10-03 22:21:38+00:00,33.7644782,-84.39720940000001,POINT (-84.39720940000001 33.7644782),6.0,6.0,6.0,6.0,8.0,8.0,8.0,8.0,25.0,25.0,33.0,33.0,25.33333333333333,46.1,25.229638888888886,17.38888888888889,1.3
2025-10-03 22:21:39+00:00,33.7644794,-84.3972098,POINT (-84.3972098 33.7644794),6.0,6.0,6.0,6.0,8.0,8.0,8.0,8.0,25.0,25.0,33.0,33.0,25.33333333333333,46.1,25.229638888888886,17.38888888888889,1.3
2025-10-03 22:21:40+00:00,33.76448,-84.39721,POINT (-84.39721 33.76448),6.0,6.0,6.0,6.0,8.0,8.0,8.0,8.0,25.0,25.0,33.0,33.0,25.33333333333333,46.1,25.229638888888886,17.38888888888889,1.3
2025-10-03 22:21:41+00:00,33.76448051750829,-84.39721002985625,POINT (-84.39721002985625 33.76448051750829),6.0,6.0,6.0,6.0,8.0,8.0,8.0,8.0,25.0,25.0,33.0,33.0,25.33333333333333,46.1,25.229638888888886,17.38888888888889,1.3
2025-10-03 22:21:42+00:00,33.7644825683745,-84.39721014817545,POINT (-84.39721014817545 33.7644825683745),6.0,6.0,6.0,6.0,8.0,8.0,8.0,8.0,25.0,25.0,33.0,33.0,25.33333333333333,46.1,25.229638888888886,17.38888888888889,1.3
2025-10-03 22:21:43+00:00,33.76448362255805,-84.39721020899374,POINT (-84.39721020899374 33.76448362255805),6.0,6.0,6.0,6.0,8.0,8.0,8.0,8.0,25.0,25.0,33.0,33.0,25.222222222222225,46.2,25.114277777777783,17.27777777777778,1.3
2025-10-03 22:21:44+00:00,33.76448573092517,-84.3972103306303,POINT (-84.3972103306303 33.76448573092517),6.0,6.0,6.0,6.0,8.0,8.0,8.0,8.0,25.0,25.0,33.0,33.0,25.222222222222225,46.2,25.114277777777783,17.27777777777778,1.3
2025-10-03 22:21:45+00:00,33.76448678510873,-84.39721039144858,POINT (-84.39721039144858 33.76448678510873),6.0,6.0,6.0,6.0,8.0,8.0,8.0,8.0,25.0,25.0,33.0,33.0,25.222222222222225,46.2,25.114277777777783,17.27777777777778,1.3
2025-10-03 22:21:46+00:00,33.76448883597494,-84.39721050976779,POINT (-84.39721050976779 33.76448883597494),6.0,6.0,6.0,6.0,8.0,8.0,8.0,8.0,25.0,25.0,33.0,33.0,25.222222222222225,46.2,25.114277777777783,17.27777777777778,1.3
2025-10-03 22:21:47+00:00,33.764489890158494,-84.39721057058607,POINT (-84.39721057058607 33.764489890158494),6.0,6.0,6.0,6.0,8.0,8.0,8.0,8.0,25.0,25.0,33.0,33.0,25.222222222222225,46.2,25.114277777777783,17.27777777777778,1.3
2025-10-03 22:21:48+00:00,33.764491941024694,-84.39721068890528,POINT (-84.39721068890528 33.764491941024694),6.0,6.0,6.0,6.0,8.0,8.0,8.0,8.0,25.0,25.0,33.0,33.0,25.166666666666668,46.4,25.058555555555557,17.27777777777778,0.9
2025-10-03 22:21:49+00:00,33.76449299520825,-84.39721074972356,POINT (-84.39721074972356 33.76449299520825),6.0,6.0,6.0,6.0,8.0,8.0,8.0,8.0,25.0,25.0,33.0,33.0,25.166666666666668,46.4,25.058555555555557,17.27777777777778,0.9
2025-10-03 22:21:50+00:00,33.76449504607446,-84.39721086804276,POINT (-84.39721086804276 33.76449504607446),6.0,6.0,6.0,6.0,8.0,8.0,8.0,8.0,25.0,25.0,33.0,33.0,25.166666666666668,46.4,25.058555555555557,17.27777777777778,0.9
2025-10-03 22:21:51+00:00,33.764496157758934,-84.3972109321784,POINT (-84.3972109321784 33.764496157758934),6.0,6.0,6.0,6.0,8.0,8.0,8.0,8.0,25.0,25.0,33.0,33.0,25.166666666666668,46.4,25.058555555555557,17.27777777777778,0.9
2025-10-03 22:21:52+00:00,33.7644972119425,-84.39721099299669,POINT (-84.39721099299669 33.7644972119425),6.0,6.0,6.0,6.0,8.0,8.0,8.0,8.0,25.0,25.0,33.0,33.0,25.166666666666668,46.4,25.058555555555557,17.27777777777778,0.9
2025-10-03 22:21:53+00:00,33.764499262808705,-84.39721111131588,POINT (-84.39721111131588 33.764499262808705),7.0,7.5,7.0,7.5,8.0,8.0,8.0,8.0,29.0,29.0,33.0,33.0,25.166666666666668,46.5,25.05986111111112,17.27777777777778,0.9
2025-10-03 22:21:54+00:00,33.76450031699226,-84.39721117213416,POINT (-84.39721117213416 33.76450031699226),7.0,7.5,7.0,7.5,8.0,8.0,8.0,8.0,29.0,29.0,33.0,33.0,25.166666666666668,46.5,25.05986111111112,17.27777777777778,0.9
2025-10-03 22:21:55+00:00,33.76450236785846,-84.39721129045337,POINT (-84.39721129045337 33.76450236785846),7.0,7.5,7.0,7.5,8.0,8.0,8.0,8.0,29.0,29.0,33.0,33.0,25.166666666666668,46.5,25.05986111111112,17.27777777777778,0.9
2025-10-03 22:21:56+00:00,33.76450342204202,-84.39721135127165,POINT (-84.39721135127165 33.76450342204202),7.0,7.5,7.0,7.5,8.0,8.0,8.0,8.0,29.0,29.0,33.0,33.0,25.166666666666668,46.5,25.05986111111112,17.27777777777778,0.9
2025-10-03 22:21:57+00:00,33.764505530409146,-84.39721147290823,POINT (-84.39721147290823 33.764505530409146),7.0,7.5,7.0,7.5,8.0,8.0,8.0,8.0,29.0,29.0,33.0,33.0,25.166666666666668,46.5,25.05986111111112,17.27777777777778,0.9
2025-10-03 22:21:58+00:00,33.7645065845927,-84.3972115337265,POINT (-84.3972115337265 33.7645065845927),7.0,7.5,7.0,7.5,8.0,8.0,8.0,8.0,29.0,29.0,33.0,33.0,24.944444444444446,46.4,24.82522222222223,17.22222222222222,0.9
2025-10-03 22:21:59+00:00,33.7645086354589,-84.39721165204571,POINT (-84.39721165204571 33.7645086354589),7.0,7.5,7.0,7.5,8.0,8.0,8.0,8.0,29.0,29.0,33.0,33.0,24.944444444444446,46.4,24.82522222222223,17.22222222222222,0.9
2025-10-03 22:22:00+00:00,33.76450968964246,-84.39721171286399,POINT (-84.39721171286399 33.76450968964246),7.0,7.5,7.0,7.5,8.0,8.0,8.0,8.0,29.0,29.0,33.0,33.0,24.944444444444446,46.4,24.82522222222223,17.22222222222222,0.9
2025-10-03 22:22:01+00:00,33.76451174050867,-84.3972118311832,POINT (-84.3972118311832 33.76451174050867),7.0,7.5,7.0,7.5,8.0,8.0,8.0,8.0,29.0,29.0,33.0,33.0,24.944444444444446,46.4,24.82522222222223,17.22222222222222,0.9
2025-10-03 22:22:02+00:00,33.76451279469222,-84.39721189200148,POINT (-84.39721189200148 33.76451279469222),7.0,7.5,7.0,7.5,8.0,8.0,8.0,8.0,29.0,29.0,33.0,33.0,24.944444444444446,46.4,24.82522222222223,17.22222222222222,0.9
2025-10-03 22:22:03+00:00,33.76451484555842,-84.39721201032069,POINT (-84.39721201032069 33.76451484555842),7.0,7.5,7.0,7.5,8.0,8.0,8.0,8.0,29.0,29.0,33.0,33.0,24.833333333333332,46.3,24.707250000000002,17.0,0.0
2025-10-03 22:22:04+00:00,33.7645159572429,-84.39721207445632,POINT (-84.39721207445632 33.7645159572429),7.0,7.5,7.0,7.5,8.0,8.0,8.0,8.0,29.0,29.0,33.0,33.0,24.833333333333332,46.3,24.707250000000002,17.0,0.0
2025-10-03 22:22:05+00:00,33.76451800810911,-84.39721219277553,POINT (-84.39721219277553 33.76451800810911),7.0,7.5,7.0,7.5,8.0,8.0,8.0,8.0,29.0,29.0,33.0,33.0,24.833333333333332,46.3,24.707250000000002,17.0,0.0
2025-10-03 22:22:06+00:00,33.76451906229266,-84.3972122535938,POINT (-84.3972122535938 33.76451906229266),7.0,7.5,7.0,7.5,8.0,8.0,8.0,8.0,29.0,29.0,33.0,33.0,24.833333333333332,46.3,24.707250000000002,17.0,0.0
2025-10-03 22:22:07+00:00,33.76452011647623,-84.39721231441209,POINT (-84.39721231441209 33.76452011647623),7.0,7.5,7.0,7.5,8.0,8.0,8.0,8.0,29.0,29.0,33.0,33.0,24.833333333333332,46.3,24.707250000000002,17.0,0.0
2025-10-03 22:22:08+00:00,33.76452216734242,-84.3972124327313,POINT (-84.3972124327313 33.76452216734242),6.0,7.0,6.0,7.0,6.0,6.0,6.0,6.0,25.0,25.0,25.0,25.0,24.66666666666667,46.2,24.53094444444445,16.88888888888889,0.9
2025-10-03 22:22:09+00:00,33.76452322152599,-84.39721249354957,POINT (-84.39721249354957 33.76452322152599),6.0,7.0,6.0,7.0,6.0,6.0,6.0,6.0,25.0,25.0,25.0,25.0,24.66666666666667,46.2,24.53094444444445,16.88888888888889,0.9
2025-10-03 22:22:10+00:00,33.764525272392184,-84.39721261186878,POINT (-84.39721261186878 33.764525272392184),6.0,7.0,6.0,7.0,6.0,6.0,6.0,6.0,25.0,25.0,25.0,25.0,24.66666666666667,46.2,24.53094444444445,16.88888888888889,0.9
2025-10-03 22:22:11+00:00,33.76452638407667,-84.39721267600443,POINT (-84.39721267600443 33.76452638407667),6.0,7.0,6.0,7.0,6.0,6.0,6.0,6.0,25.0,25.0,25.0,25.0,24.66666666666667,46.2,24.53094444444445,16.88888888888889,0.9
2025-10-03 22:22:12+00:00,33.76452843494286,-84.39721279432362,POINT (-84.39721279432362 33.76452843494286),6.0,7.0,6.0,7.0,6.0,6.0,6.0,6.0,25.0,25.0,25.0,25.0,24.66666666666667,46.2,24.53094444444445,16.88888888888889,0.9
2025-10-03 22:22:13+00:00,33.76452948912643,-84.39721285514192,POINT (-84.39721285514192 33.76452948912643),6.0,7.0,6.0,7.0,6.0,6.0,6.0,6.0,25.0,25.0,25.0,25.0,24.61111111111111,46.2,24.472611111111114,16.77777777777778,0.0
2025-10-03 22:22:14+00:00,33.76453153999263,-84.39721297346111,POINT (-84.39721297346111 33.76453153999263),6.0,7.0,6.0,7.0,6.0,6.0,6.0,6.0,25.0,25.0,25.0,25.0,24.61111111111111,46.2,24.472611111111114,16.77777777777778,0.0
2025-10-03 22:22:15+00:00,33.76453259417619,-84.3972130342794,POINT (-84.3972130342794 33.76453259417619),6.0,7.0,6.0,7.0,6.0,6.0,6.0,6.0,25.0,25.0,25.0,25.0,24.61111111111111,46.2,24.472611111111114,16.77777777777778,0.0
2025-10-03 22:22:16+00:00,33.76453464504239,-84.3972131525986,POINT (-84.3972131525986 33.76453464504239),6.0,7.0,6.0,7.0,6.0,6.0,6.0,6.0,25.0,25.0,25.0,25.0,24.61111111111111,46.2,24.472611111111114,16.77777777777778,0.0
2025-10-03 22:22:17+00:00,33.76453569922595,-84.39721321341688,POINT (-84.39721321341688 33.76453569922595),6.0,7.0,6.0,7.0,6.0,6.0,6.0,6.0,25.0,25.0,25.0,25.0,24.61111111111111,46.2,24.472611111111114,16.77777777777778,0.0
2025-10-03 22:22:18+00:00,33.76453780759307,-84.39721333505345,POINT (-84.39721333505345 33.76453780759307),6.0,7.0,6.0,7.0,6.0,6.0,6.0,6.0,25.0,25.0,25.0,25.0,24.72222222222222,46.4,24.59188888888889,16.88888888888889,0.0
2025-10-03 22:22:19+00:00,33.76453886177663,-84.39721339587173,POINT (-84.39721339587173 33.76453886177663),6.0,7.0,6.0,7.0,6.0,6.0,6.0,6.0,25.0,25.0,25.0,25.0,24.72222222222222,46.4,24.59188888888889,16.88888888888889,0.0
2025-10-03 22:22:20+00:00,33.76454091264283,-84.39721351419094,POINT (-84.39721351419094 33.76454091264283),6.0,7.0,6.0,7.0,6.0,6.0,6.0,6.0,25.0,25.0,25.0,25.0,24.72222222222222,46.4,24.59188888888889,16.88888888888889,0.0
2025-10-03 22:22:21+00:00,33.76454196682639,-84.39721357500922,POINT (-84.39721357500922 33.76454196682639),6.0,7.0,6.0,7.0,6.0,6.0,6.0,6.0,25.0,25.0,25.0,25.0,24.72222222222222,46.4,24.59188888888889,16.88888888888889,0.0
2025-10-03 22:22:22+00:00,33.76455210615555,-84.39721415997052,POINT (-84.39721415997052 33.76455210615555),6.0,7.0,6.0,7.0,6.0,6.0,6.0,6.0,25.0,25.0,25.0,25.0,24.72222222222222,46.4,24.59188888888889,16.88888888888889,0.0
2025-10-03 22:22:23+00:00,33.76456324216735,-84.39721480243273,POINT (-84.39721480243273 33.76456324216735),6.0,6.0,6.0,6.0,7.0,7.0,7.0,7.0,25.0,25.0,29.0,29.0,24.833333333333332,46.6,24.711166666666664,17.11111111111111,0.8
2025-10-03 22:22:24+00:00,33.7645754323627,-84.39721550571323,POINT (-84.39721550571323 33.7645754323627),6.0,6.0,6.0,6.0,7.0,7.0,7.0,7.0,25.0,25.0,29.0,29.0,24.833333333333332,46.6,24.711166666666664,17.11111111111111,0.8
2025-10-03 22:22:25+00:00,33.76458861924069,-84.39721626649465,POINT (-84.39721626649465 33.76458861924069),6.0,6.0,6.0,6.0,7.0,7.0,7.0,7.0,25.0,25.0,29.0,29.0,24.833333333333332,46.6,24.711166666666664,17.11111111111111,0.8
2025-10-03 22:22:26+00:00,33.764603741983045,-84.39721713896056,POINT (-84.39721713896056 33.764603741983045),6.0,6.0,6.0,6.0,7.0,7.0,7.0,7.0,25.0,25.0,29.0,29.0,24.833333333333332,46.6,24.711166666666664,17.11111111111111,0.8
2025-10-03 22:22:27+00:00,33.76462678068559,-84.39721846811648,POINT (-84.39721846811648 33.76462678068559),6.0,6.0,6.0,6.0,7.0,7.0,7.0,7.0,25.0,25.0,29.0,29.0,24.833333333333332,46.6,24.711166666666664,17.11111111111111,0.8
2025-10-03 22:22:28+00:00,33.764634811647625,-84.3972189314412,POINT (-84.3972189314412 33.764634811647625),6.0,6.0,6.0,6.0,7.0,7.0,7.0,7.0,25.0,25.0,29.0,29.0,24.944444444444446,47.0,24.833055555555557,17.27777777777778,0.9
2025-10-03 22:22:29+00:00,33.76465187025433,-84.39721991559159,POINT (-84.39721991559159 33.76465187025433),6.0,6.0,6.0,6.0,7.0,7.0,7.0,7.0,25.0,25.0,29.0,29.0,24.944444444444446,47.0,24.833055555555557,17.27777777777778,0.9
2025-10-03 22:22:30+00:00,33.76466892886104,-84.39722089974198,POINT (-84.39722089974198 33.76466892886104),6.0,6.0,6.0,6.0,7.0,7.0,7.0,7.0,25.0,25.0,29.0,29.0,24.944444444444446,47.0,24.833055555555557,17.27777777777778,0.9
2025-10-03 22:22:31+00:00,33.76468615997051,-84.39722189384445,POINT (-84.39722189384445 33.76468615997051),6.0,6.0,6.0,6.0,7.0,7.0,7.0,7.0,25.0,25.0,29.0,29.0,24.944444444444446,47.0,24.833055555555557,17.27777777777778,0.9
2025-10-03 22:22:32+00:00,33.764710482860295,-84.39722329708809,POINT (-84.39722329708809 33.764710482860295),6.0,6.0,6.0,6.0,7.0,7.0,7.0,7.0,25.0,25.0,29.0,29.0,24.944444444444446,47.0,24.833055555555557,17.27777777777778,0.9
2025-10-03 22:22:33+00:00,33.76471757464062,-84.39722370622927,POINT (-84.39722370622927 33.76471757464062),6.0,6.0,6.0,6.0,7.0,7.0,7.0,7.0,25.0,25.0,29.0,29.0,25.11111111111111,47.2,25.010666666666665,17.38888888888889,0.0
2025-10-03 22:22:34+00:00,33.76473369406561,-84.39722463619609,POINT (-84.39722463619609 33.76473369406561),6.0,6.0,6.0,6.0,7.0,7.0,7.0,7.0,25.0,25.0,29.0,29.0,25.11111111111111,47.2,25.010666666666665,17.38888888888889,0.0
2025-10-03 22:22:35+00:00,33.764749755989676,-84.39722556284556,POINT (-84.39722556284556 33.764749755989676),6.0,6.0,6.0,6.0,7.0,7.0,7.0,7.0,25.0,25.0,29.0,29.0,25.11111111111111,47.2,25.010666666666665,17.38888888888889,0.0
2025-10-03 22:22:36+00:00,33.76476476373019,-84.39722642867675,POINT (-84.39722642867675 33.76476476373019),6.0,6.0,6.0,6.0,7.0,7.0,7.0,7.0,25.0,25.0,29.0,29.0,25.11111111111111,47.2,25.010666666666665,17.38888888888889,0.0
2025-10-03 22:22:37+00:00,33.764788741614446,-84.39722781201621,POINT (-84.39722781201621 33.764788741614446),6.0,6.0,6.0,6.0,7.0,7.0,7.0,7.0,25.0,25.0,29.0,29.0,25.11111111111111,47.2,25.010666666666665,17.38888888888889,0.0
2025-10-03 22:22:38+00:00,33.764795718392925,-84.39722821452267,POINT (-84.39722821452267 33.764795718392925),8.0,8.0,8.0,8.0,8.0,8.0,8.0,8.0,33.0,33.0,33.0,33.0,25.222222222222225,47.6,25.13255555555556,17.61111111111111,0.0
2025-10-03 22:22:39+00:00,33.76481166531514,-84.39722913453741,POINT (-84.39722913453741 33.76481166531514),8.0,8.0,8.0,8.0,8.0,8.0,8.0,8.0,33.0,33.0,33.0,33.0,25.222222222222225,47.6,25.13255555555556,17.61111111111111,0.0
2025-10-03 22:22:40+00:00,33.76482661555474,-84.39722999705123,POINT (-84.39722999705123 33.76482661555474),8.0,8.0,8.0,8.0,8.0,8.0,8.0,8.0,33.0,33.0,33.0,33.0,25.222222222222225,47.6,25.13255555555556,17.61111111111111,0.0
2025-10-03 22:22:41+00:00,33.76484156579432,-84.39723085956506,POINT (-84.39723085956506 33.76484156579432),8.0,8.0,8.0,8.0,8.0,8.0,8.0,8.0,33.0,33.0,33.0,33.0,25.222222222222225,47.6,25.13255555555556,17.61111111111111,0.0
2025-10-03 22:22:42+00:00,33.764866597862145,-84.39723230372282,POINT (-84.39723230372282 33.764866597862145),8.0,8.0,8.0,8.0,8.0,8.0,8.0,8.0,33.0,33.0,33.0,33.0,25.222222222222225,47.6,25.13255555555556,17.61111111111111,0.0
2025-10-03 22:22:43+00:00,33.764876564688535,-84.39723287873203,POINT (-84.39723287873203 33.764876564688535),8.0,8.0,8.0,8.0,8.0,8.0,8.0,8.0,33.0,33.0,33.0,33.0,25.27777777777778,47.7,25.192194444444446,17.72222222222222,0.0
2025-10-03 22:22:44+00:00,33.76488658901585,-84.3972334570586,POINT (-84.3972334570586 33.76488658901585),8.0,8.0,8.0,8.0,8.0,8.0,8.0,8.0,33.0,33.0,33.0,33.0,25.27777777777778,47.7,25.192194444444446,17.72222222222222,0.0
2025-10-03 22:22:45+00:00,33.76490159675635,-84.39723432288979,POINT (-84.39723432288979 33.76490159675635),8.0,8.0,8.0,8.0,8.0,8.0,8.0,8.0,33.0,33.0,33.0,33.0,25.27777777777778,47.7,25.192194444444446,17.72222222222222,0.0
2025-10-03 22:22:46+00:00,33.76491666199779,-84.39723519203834,POINT (-84.39723519203834 33.76491666199779),8.0,8.0,8.0,8.0,8.0,8.0,8.0,8.0,33.0,33.0,33.0,33.0,25.27777777777778,47.7,25.192194444444446,17.72222222222222,0.0
2025-10-03 22:22:47+00:00,33.764940812384815,-84.39723658532989,POINT (-84.39723658532989 33.764940812384815),8.0,8.0,8.0,8.0,8.0,8.0,8.0,8.0,33.0,33.0,33.0,33.0,25.27777777777778,47.7,25.192194444444446,17.72222222222222,0.0
2025-10-03 22:22:48+00:00,33.76495089421305,-84.39723716697382,POINT (-84.39723716697382 33.76495089421305),8.0,8.0,8.0,8.0,8.0,8.0,8.0,8.0,33.0,33.0,33.0,33.0,25.27777777777778,47.7,25.192194444444446,17.72222222222222,0.8
2025-10-03 22:22:49+00:00,33.76495997935864,-84.39723769111684,POINT (-84.39723769111684 33.76495997935864),8.0,8.0,8.0,8.0,8.0,8.0,8.0,8.0,33.0,33.0,33.0,33.0,25.27777777777778,47.7,25.192194444444446,17.72222222222222,0.8
2025-10-03 22:22:50+00:00,33.7649730512348,-84.39723844526354,POINT (-84.39723844526354 33.7649730512348),8.0,8.0,8.0,8.0,8.0,8.0,8.0,8.0,33.0,33.0,33.0,33.0,25.27777777777778,47.7,25.192194444444446,17.72222222222222,0.8
2025-10-03 22:22:51+00:00,33.76503008000001,-84.39726256000002,POINT (-84.39726256000002 33.76503008000001),8.0,8.0,8.0,8.0,8.0,8.0,8.0,8.0,33.0,33.0,33.0,33.0,25.27777777777778,47.7,25.192194444444446,17.72222222222222,0.8
2025-10-03 22:22:52+00:00,33.76504,-84.39727,POINT (-84.39727 33.76504),8.0,8.0,8.0,8.0,8.0,8.0,8.0,8.0,33.0,33.0,33.0,33.0,25.27777777777778,47.7,25.192194444444446,17.72222222222222,0.8
2025-10-03 22:22:53+00:00,33.76504,-84.39727,POINT (-84.39727 33.76504),7.0,8.0,7.0,8.0,6.0,6.0,6.0,6.0,29.0,29.0,25.0,25.0,25.166666666666668,47.6,25.07422222222222,17.61111111111111,0.0
2025-10-03 22:22:54+00:00,33.76504,-84.39727,POINT (-84.39727 33.76504),7.0,8.0,7.0,8.0,6.0,6.0,6.0,6.0,29.0,29.0,25.0,25.0,25.166666666666668,47.6,25.07422222222222,17.61111111111111,0.0
2025-10-03 22:22:55+00:00,33.76504475575707,-84.39727052261067,POINT (-84.39727052261067 33.76504475575707),7.0,8.0,7.0,8.0,6.0,6.0,6.0,6.0,29.0,29.0,25.0,25.0,25.166666666666668,47.6,25.07422222222222,17.61111111111111,0.0
2025-10-03 22:22:56+00:00,33.76505869729149,-84.39727205464742,POINT (-84.39727205464742 33.76505869729149),7.0,8.0,7.0,8.0,6.0,6.0,6.0,6.0,29.0,29.0,25.0,25.0,25.166666666666668,47.6,25.07422222222222,17.61111111111111,0.0
2025-10-03 22:22:57+00:00,33.76507165075766,-84.39727347810525,POINT (-84.39727347810525 33.76507165075766),7.0,8.0,7.0,8.0,6.0,6.0,6.0,6.0,29.0,29.0,25.0,25.0,25.166666666666668,47.6,25.07422222222222,17.61111111111111,0.0
2025-10-03 22:22:58+00:00,33.76508471280277,-84.39727491349481,POINT (-84.39727491349481 33.76508471280277),7.0,8.0,7.0,8.0,6.0,6.0,6.0,6.0,29.0,29.0,25.0,25.0,25.166666666666668,47.5,25.072916666666664,17.5,0.0
2025-10-03 22:22:59+00:00,33.76509975098437,-84.39727656604224,POINT (-84.39727656604224 33.76509975098437),7.0,8.0,7.0,8.0,6.0,6.0,6.0,6.0,29.0,29.0,25.0,25.0,25.166666666666668,47.5,25.072916666666664,17.5,0.0
2025-10-03 22:23:00+00:00,33.765114897744894,-84.39727823052142,POINT (-84.39727823052142 33.765114897744894),7.0,8.0,7.0,8.0,6.0,6.0,6.0,6.0,29.0,29.0,25.0,25.0,25.166666666666668,47.5,25.072916666666664,17.5,0.0
2025-10-03 22:23:01+00:00,33.7651299359265,-84.39727988306885,POINT (-84.39727988306885 33.7651299359265),7.0,8.0,7.0,8.0,6.0,6.0,6.0,6.0,29.0,29.0,25.0,25.0,25.166666666666668,47.5,25.072916666666664,17.5,0.0
2025-10-03 22:23:02+00:00,33.765154963369525,-84.39728263333731,POINT (-84.39728263333731 33.765154963369525),7.0,8.0,7.0,8.0,6.0,6.0,6.0,6.0,29.0,29.0,25.0,25.0,25.166666666666668,47.5,25.072916666666664,17.5,0.0
2025-10-03 22:23:03+00:00,33.76516495263095,-84.39728373105835,POINT (-84.39728373105835 33.76516495263095),7.0,8.0,7.0,8.0,6.0,6.0,6.0,6.0,29.0,29.0,25.0,25.0,25.166666666666668,47.5,25.072916666666664,17.5,0.0
2025-10-03 22:23:04+00:00,33.765174941892376,-84.39728482877939,POINT (-84.39728482877939 33.765174941892376),7.0,8.0,7.0,8.0,6.0,6.0,6.0,6.0,29.0,29.0,25.0,25.0,25.166666666666668,47.5,25.072916666666664,17.5,0.0
2025-10-03 22:23:05+00:00,33.7651888834268,-84.39728636081614,POINT (-84.39728636081614 33.7651888834268),7.0,8.0,7.0,8.0,6.0,6.0,6.0,6.0,29.0,29.0,25.0,25.0,25.166666666666668,47.5,25.072916666666664,17.5,0.0
2025-10-03 22:23:06+00:00,33.76520282496122,-84.39728789285289,POINT (-84.39728789285289 33.76520282496122),7.0,8.0,7.0,8.0,6.0,6.0,6.0,6.0,29.0,29.0,25.0,25.0,25.166666666666668,47.5,25.072916666666664,17.5,0.0
2025-10-03 22:23:07+00:00,33.76522664717814,-84.39729051067891,POINT (-84.39729051067891 33.76522664717814),7.0,8.0,7.0,8.0,6.0,6.0,6.0,6.0,29.0,29.0,25.0,25.0,25.166666666666668,47.5,25.072916666666664,17.5,0.0
2025-10-03 22:23:08+00:00,33.76523564837131,-84.39729149982102,POINT (-84.39729149982102 33.76523564837131),4.0,4.0,4.0,4.0,6.0,6.0,6.0,6.0,17.0,17.0,25.0,25.0,25.27777777777778,47.6,25.190888888888892,17.72222222222222,0.7
2025-10-03 22:23:09+00:00,33.765245529053814,-84.39729258561032,POINT (-84.39729258561032 33.765245529053814),4.0,4.0,4.0,4.0,6.0,6.0,6.0,6.0,17.0,17.0,25.0,25.0,25.27777777777778,47.6,25.190888888888892,17.72222222222222,0.7
2025-10-03 22:23:10+00:00,33.76525925343038,-84.39729409378356,POINT (-84.39729409378356 33.76525925343038),4.0,4.0,4.0,4.0,6.0,6.0,6.0,6.0,17.0,17.0,25.0,25.0,25.27777777777778,47.6,25.190888888888892,17.72222222222222,0.7
2025-10-03 22:23:11+00:00,33.765272977806944,-84.39729560195681,POINT (-84.39729560195681 33.765272977806944),4.0,4.0,4.0,4.0,6.0,6.0,6.0,6.0,17.0,17.0,25.0,25.0,25.27777777777778,47.6,25.190888888888892,17.72222222222222,0.7
2025-10-03 22:23:12+00:00,33.76528670218351,-84.39729711013005,POINT (-84.39729711013005 33.76528670218351),4.0,4.0,4.0,4.0,6.0,6.0,6.0,6.0,17.0,17.0,25.0,25.0,25.27777777777778,47.6,25.190888888888892,17.72222222222222,0.7
2025-10-03 22:23:13+00:00,33.76530734303782,-84.39729937835581,POINT (-84.39729937835581 33.76530734303782),4.0,4.0,4.0,4.0,6.0,6.0,6.0,6.0,17.0,17.0,25.0,25.0,25.33333333333333,47.7,25.250527777777773,17.72222222222222,0.0
2025-10-03 22:23:14+00:00,33.765314150936646,-84.39730012647655,POINT (-84.39730012647655 33.765314150936646),4.0,4.0,4.0,4.0,6.0,6.0,6.0,6.0,17.0,17.0,25.0,25.0,25.33333333333333,47.7,25.250527777777773,17.72222222222222,0.0
2025-10-03 22:23:15+00:00,33.765326995823884,-84.39730153800262,POINT (-84.39730153800262 33.765326995823884),4.0,4.0,4.0,4.0,6.0,6.0,6.0,6.0,17.0,17.0,25.0,25.0,25.33333333333333,47.7,25.250527777777773,17.72222222222222,0.0
2025-10-03 22:23:16+00:00,33.76533994929006,-84.39730296146045,POINT (-84.39730296146045 33.76533994929006),4.0,4.0,4.0,4.0,6.0,6.0,6.0,6.0,17.0,17.0,25.0,25.0,25.33333333333333,47.7,25.250527777777773,17.72222222222222,0.0
2025-10-03 22:23:17+00:00,33.765352902756234,-84.39730438491827,POINT (-84.39730438491827 33.765352902756234),4.0,4.0,4.0,4.0,6.0,6.0,6.0,6.0,17.0,17.0,25.0,25.0,25.33333333333333,47.7,25.250527777777773,17.72222222222222,0.0
2025-10-03 22:23:18+00:00,33.76537221894762,-84.39730650757666,POINT (-84.39730650757666 33.76537221894762),4.0,4.0,4.0,4.0,6.0,6.0,6.0,6.0,17.0,17.0,25.0,25.0,25.38888888888889,47.8,25.310166666666667,17.72222222222222,0.0
2025-10-03 22:23:19+00:00,33.7653784730939,-84.39730719484548,POINT (-84.39730719484548 33.7653784730939),4.0,4.0,4.0,4.0,6.0,6.0,6.0,6.0,17.0,17.0,25.0,25.0,25.38888888888889,47.8,25.310166666666667,17.72222222222222,0.0
2025-10-03 22:23:20+00:00,33.765391752296864,-84.39730865409855,POINT (-84.39730865409855 33.765391752296864),4.0,4.0,4.0,4.0,6.0,6.0,6.0,6.0,17.0,17.0,25.0,25.0,25.38888888888889,47.8,25.310166666666667,17.72222222222222,0.0
2025-10-03 22:23:21+00:00,33.765405031499824,-84.39731011335164,POINT (-84.39731011335164 33.765405031499824),4.0,4.0,4.0,4.0,6.0,6.0,6.0,6.0,17.0,17.0,25.0,25.0,25.38888888888889,47.8,25.310166666666667,17.72222222222222,0.0
2025-10-03 22:23:22+00:00,33.76541831070278,-84.3973115726047,POINT (-84.3973115726047 33.76541831070278),4.0,4.0,4.0,4.0,6.0,6.0,6.0,6.0,17.0,17.0,25.0,25.0,25.38888888888889,47.8,25.310166666666667,17.72222222222222,0.0
2025-10-03 22:23:23+00:00,33.76543038467963,-84.39731289941534,POINT (-84.39731289941534 33.76543038467963),4.0,4.0,4.0,4.0,7.0,7.0,7.0,7.0,17.0,17.0,29.0,29.0,25.444444444444443,47.8,25.368499999999997,17.77777777777778,0.9
2025-10-03 22:23:24+00:00,33.76543839780455,-84.39731377997852,POINT (-84.39731377997852 33.76543839780455),4.0,4.0,4.0,4.0,7.0,7.0,7.0,7.0,17.0,17.0,29.0,29.0,25.444444444444443,47.8,25.368499999999997,17.77777777777778,0.9
2025-10-03 22:23:25+00:00,33.76544235007756,-84.39731421429424,POINT (-84.39731421429424 33.76544235007756),4.0,4.0,4.0,4.0,7.0,7.0,7.0,7.0,17.0,17.0,29.0,29.0,25.444444444444443,47.8,25.368499999999997,17.77777777777778,0.9
2025-10-03 22:23:26+00:00,33.76544421763513,-84.39731441952034,POINT (-84.39731441952034 33.76544421763513),4.0,4.0,4.0,4.0,7.0,7.0,7.0,7.0,17.0,17.0,29.0,29.0,25.444444444444443,47.8,25.368499999999997,17.77777777777778,0.9
2025-10-03 22:23:27+00:00,33.76544477138766,-84.39731448037227,POINT (-84.39731448037227 33.76544477138766),4.0,4.0,4.0,4.0,7.0,7.0,7.0,7.0,17.0,17.0,29.0,29.0,25.444444444444443,47.8,25.368499999999997,17.77777777777778,0.9
2025-10-03 22:23:28+00:00,33.76544521656127,-84.39731452929244,POINT (-84.39731452929244 33.76544521656127),4.0,4.0,4.0,4.0,7.0,7.0,7.0,7.0,17.0,17.0,29.0,29.0,25.38888888888889,47.8,25.310166666666667,17.72222222222222,0.0
2025-10-03 22:23:29+00:00,33.765447637871375,-84.39731479537048,POINT (-84.39731479537048 33.765447637871375),4.0,4.0,4.0,4.0,7.0,7.0,7.0,7.0,17.0,17.0,29.0,29.0,25.38888888888889,47.8,25.310166666666667,17.72222222222222,0.0
2025-10-03 22:23:30+00:00,33.765451047249734,-84.39731517002744,POINT (-84.39731517002744 33.765451047249734),4.0,4.0,4.0,4.0,7.0,7.0,7.0,7.0,17.0,17.0,29.0,29.0,25.38888888888889,47.8,25.310166666666667,17.72222222222222,0.0
2025-10-03 22:23:31+00:00,33.765453577138764,-84.39731544803723,POINT (-84.39731544803723 33.765453577138764),4.0,4.0,4.0,4.0,7.0,7.0,7.0,7.0,17.0,17.0,29.0,29.0,25.38888888888889,47.8,25.310166666666667,17.72222222222222,0.0
2025-10-03 22:23:32+00:00,33.76545511895956,-84.39731561746808,POINT (-84.39731561746808 33.76545511895956),4.0,4.0,4.0,4.0,7.0,7.0,7.0,7.0,17.0,17.0,29.0,29.0,25.38888888888889,47.8,25.310166666666667,17.72222222222222,0.0
2025-10-03 22:23:33+00:00,33.76546379441594,-84.39731657081494,POINT (-84.39731657081494 33.76546379441594),4.0,4.0,4.0,4.0,7.0,7.0,7.0,7.0,17.0,17.0,29.0,29.0,25.222222222222225,47.7,25.13386111111111,17.61111111111111,0.0
2025-10-03 22:23:34+00:00,33.7654719161198,-84.39731746330988,POINT (-84.39731746330988 33.7654719161198),4.0,4.0,4.0,4.0,7.0,7.0,7.0,7.0,17.0,17.0,29.0,29.0,25.222222222222225,47.7,25.13386111111111,17.61111111111111,0.0
2025-10-03 22:23:35+00:00,33.76547992924472,-84.39731834387305,POINT (-84.39731834387305 33.76547992924472),4.0,4.0,4.0,4.0,7.0,7.0,7.0,7.0,17.0,17.0,29.0,29.0,25.222222222222225,47.7,25.13386111111111,17.61111111111111,0.0
2025-10-03 22:23:36+00:00,33.76548903901683,-84.39731934494691,POINT (-84.39731934494691 33.76548903901683),4.0,4.0,4.0,4.0,7.0,7.0,7.0,7.0,17.0,17.0,29.0,29.0,25.222222222222225,47.7,25.13386111111111,17.61111111111111,0.0
2025-10-03 22:23:37+00:00,33.76549705214175,-84.39732022551009,POINT (-84.39732022551009 33.76549705214175),4.0,4.0,4.0,4.0,7.0,7.0,7.0,7.0,17.0,17.0,29.0,29.0,25.222222222222225,47.7,25.13386111111111,17.61111111111111,0.0
2025-10-03 22:23:38+00:00,33.76550506526667,-84.39732110607326,POINT (-84.39732110607326 33.76550506526667),6.0,7.0,6.0,7.0,6.5,6.5,6.5,6.5,25.0,25.0,27.0,27.0,25.33333333333333,47.6,25.249222222222222,17.72222222222222,0.0
2025-10-03 22:23:39+00:00,33.76551318697053,-84.39732199856819,POINT (-84.39732199856819 33.76551318697053),6.0,7.0,6.0,7.0,6.5,6.5,6.5,6.5,25.0,25.0,27.0,27.0,25.33333333333333,47.6,25.249222222222222,17.72222222222222,0.0
2025-10-03 22:23:40+00:00,33.765521200095456,-84.39732287913137,POINT (-84.39732287913137 33.765521200095456),6.0,7.0,6.0,7.0,6.5,6.5,6.5,6.5,25.0,25.0,27.0,27.0,25.33333333333333,47.6,25.249222222222222,17.72222222222222,0.0
2025-10-03 22:23:41+00:00,33.76552921322038,-84.39732375969454,POINT (-84.39732375969454 33.76552921322038),6.0,7.0,6.0,7.0,6.5,6.5,6.5,6.5,25.0,25.0,27.0,27.0,25.33333333333333,47.6,25.249222222222222,17.72222222222222,0.0
2025-10-03 22:23:42+00:00,33.765538322992484,-84.3973247607684,POINT (-84.3973247607684 33.765538322992484),6.0,7.0,6.0,7.0,6.5,6.5,6.5,6.5,25.0,25.0,27.0,27.0,25.33333333333333,47.6,25.249222222222222,17.72222222222222,0.0
2025-10-03 22:23:43+00:00,33.76554633611741,-84.39732564133158,POINT (-84.39732564133158 33.76554633611741),6.0,7.0,6.0,7.0,6.5,6.5,6.5,6.5,25.0,25.0,27.0,27.0,25.27777777777778,47.6,25.190888888888892,17.72222222222222,0.9
2025-10-03 22:23:44+00:00,33.76555445782127,-84.39732653382652,POINT (-84.39732653382652 33.76555445782127),6.0,7.0,6.0,7.0,6.5,6.5,6.5,6.5,25.0,25.0,27.0,27.0,25.27777777777778,47.6,25.190888888888892,17.72222222222222,0.9
2025-10-03 22:23:45+00:00,33.76556247094619,-84.3973274143897,POINT (-84.3973274143897 33.76556247094619),6.0,7.0,6.0,7.0,6.5,6.5,6.5,6.5,25.0,25.0,27.0,27.0,25.27777777777778,47.6,25.190888888888892,17.72222222222222,0.9
2025-10-03 22:23:46+00:00,33.765575641570216,-84.39732886171102,POINT (-84.39732886171102 33.765575641570216),6.0,7.0,6.0,7.0,6.5,6.5,6.5,6.5,25.0,25.0,27.0,27.0,25.27777777777778,47.6,25.190888888888892,17.72222222222222,0.9
2025-10-03 22:23:47+00:00,33.76558881219425,-84.39733030903234,POINT (-84.39733030903234 33.76558881219425),6.0,7.0,6.0,7.0,6.5,6.5,6.5,6.5,25.0,25.0,27.0,27.0,25.27777777777778,47.6,25.190888888888892,17.72222222222222,0.9
2025-10-03 22:23:48+00:00,33.76560099475003,-84.39733164777473,POINT (-84.39733164777473 33.76560099475003),6.0,7.0,6.0,7.0,6.5,6.5,6.5,6.5,25.0,25.0,27.0,27.0,25.27777777777778,47.6,25.190888888888892,17.72222222222222,0.9
2025-10-03 22:23:49+00:00,33.76561405679513,-84.3973330831643,POINT (-84.3973330831643 33.76561405679513),6.0,7.0,6.0,7.0,6.5,6.5,6.5,6.5,25.0,25.0,27.0,27.0,25.27777777777778,47.6,25.190888888888892,17.72222222222222,0.9
2025-10-03 22:23:50+00:00,33.765626022193054,-84.3973343980432,POINT (-84.3973343980432 33.765626022193054),6.0,7.0,6.0,7.0,6.5,6.5,6.5,6.5,25.0,25.0,27.0,27.0,25.27777777777778,47.6,25.190888888888892,17.72222222222222,0.9
2025-10-03 22:23:51+00:00,33.76563798759098,-84.39733571292209,POINT (-84.39733571292209 33.76563798759098),6.0,7.0,6.0,7.0,6.5,6.5,6.5,6.5,25.0,25.0,27.0,27.0,25.27777777777778,47.6,25.190888888888892,17.72222222222222,0.9
2025-10-03 22:23:52+00:00,33.76565171196754,-84.39733722109533,POINT (-84.39733722109533 33.76565171196754),6.0,7.0,6.0,7.0,6.5,6.5,6.5,6.5,25.0,25.0,27.0,27.0,25.27777777777778,47.6,25.190888888888892,17.72222222222222,0.9
2025-10-03 22:23:53+00:00,33.76566543634411,-84.39733872926858,POINT (-84.39733872926858 33.76566543634411),6.0,6.0,6.0,6.0,7.0,7.0,7.0,7.0,25.0,25.0,29.0,29.0,25.33333333333333,47.5,25.24791666666666,17.72222222222222,0.8
2025-10-03 22:23:54+00:00,33.76568223350435,-84.39734057511036,POINT (-84.39734057511036 33.76568223350435),6.0,6.0,6.0,6.0,7.0,7.0,7.0,7.0,25.0,25.0,29.0,29.0,25.33333333333333,47.5,25.24791666666666,17.72222222222222,0.8
2025-10-03 22:23:55+00:00,33.76569991015392,-84.39734251759933,POINT (-84.39734251759933 33.76569991015392),6.0,6.0,6.0,6.0,7.0,7.0,7.0,7.0,25.0,25.0,29.0,29.0,25.33333333333333,47.5,25.24791666666666,17.72222222222222,0.8
2025-10-03 22:23:56+00:00,33.76572746748598,-84.39734554587758,POINT (-84.39734554587758 33.76572746748598),6.0,6.0,6.0,6.0,7.0,7.0,7.0,7.0,25.0,25.0,29.0,29.0,25.33333333333333,47.5,25.24791666666666,17.72222222222222,0.8
2025-10-03 22:23:57+00:00,33.76573723958955,-84.39734661973512,POINT (-84.39734661973512 33.76573723958955),6.0,6.0,6.0,6.0,7.0,7.0,7.0,7.0,25.0,25.0,29.0,29.0,25.33333333333333,47.5,25.24791666666666,17.72222222222222,0.8
2025-10-03 22:23:58+00:00,33.765747999761366,-84.39734780217158,POINT (-84.39734780217158 33.765747999761366),6.0,6.0,6.0,6.0,7.0,7.0,7.0,7.0,25.0,25.0,29.0,29.0,25.38888888888889,47.4,25.304944444444445,17.72222222222222,1.0
2025-10-03 22:23:59+00:00,33.76576930294714,-84.397350143181,POINT (-84.397350143181 33.76576930294714),6.0,6.0,6.0,6.0,7.0,7.0,7.0,7.0,25.0,25.0,29.0,29.0,25.38888888888889,47.4,25.304944444444445,17.72222222222222,1.0
2025-10-03 22:24:00+00:00,33.76577600226703,-84.39735087937,POINT (-84.39735087937 33.76577600226703),6.0,6.0,6.0,6.0,7.0,7.0,7.0,7.0,25.0,25.0,29.0,29.0,25.38888888888889,47.4,25.304944444444445,17.72222222222222,1.0
2025-10-03 22:24:01+00:00,33.76579038897506,-84.39735246032693,POINT (-84.39735246032693 33.76579038897506),6.0,6.0,6.0,6.0,7.0,7.0,7.0,7.0,25.0,25.0,29.0,29.0,25.38888888888889,47.4,25.304944444444445,17.72222222222222,1.0
2025-10-03 22:24:02+00:00,33.76580411579524,-84.39735090637832,POINT (-84.39735090637832 33.76580411579524),6.0,6.0,6.0,6.0,7.0,7.0,7.0,7.0,25.0,25.0,29.0,29.0,25.38888888888889,47.4,25.304944444444445,17.72222222222222,1.0
2025-10-03 22:24:03+00:00,33.76581743703805,-84.39735231686286,POINT (-84.39735231686286 33.76581743703805),6.0,6.0,6.0,6.0,7.0,7.0,7.0,7.0,25.0,25.0,29.0,29.0,25.444444444444443,47.4,25.363277777777775,17.72222222222222,1.0
2025-10-03 22:24:04+00:00,33.76583846016972,-84.39735454284151,POINT (-84.39735454284151 33.76583846016972),6.0,6.0,6.0,6.0,7.0,7.0,7.0,7.0,25.0,25.0,29.0,29.0,25.444444444444443,47.4,25.363277777777775,17.72222222222222,1.0
2025-10-03 22:24:05+00:00,33.76584517314536,-84.39735525362717,POINT (-84.39735525362717 33.76584517314536),6.0,6.0,6.0,6.0,7.0,7.0,7.0,7.0,25.0,25.0,29.0,29.0,25.444444444444443,47.4,25.363277777777775,17.72222222222222,1.0
2025-10-03 22:24:06+00:00,33.7658574007665,-84.39735654831645,POINT (-84.39735654831645 33.7658574007665),6.0,6.0,6.0,6.0,7.0,7.0,7.0,7.0,25.0,25.0,29.0,29.0,25.444444444444443,47.4,25.363277777777775,17.72222222222222,1.0
2025-10-03 22:24:07+00:00,33.76589,-84.397322,POINT (-84.397322 33.76589),6.0,6.0,6.0,6.0,7.0,7.0,7.0,7.0,25.0,25.0,29.0,29.0,25.444444444444443,47.4,25.363277777777775,17.72222222222222,1.0
2025-10-03 22:24:08+00:00,33.76589,-84.397309,POINT (-84.397309 33.76589),5.0,5.0,5.0,5.0,6.0,6.0,6.0,6.0,21.0,21.0,25.0,25.0,25.444444444444443,47.3,25.36197222222222,17.72222222222222,0.8
2025-10-03 22:24:09+00:00,33.76589,-84.397293,POINT (-84.397293 33.76589),5.0,5.0,5.0,5.0,6.0,6.0,6.0,6.0,21.0,21.0,25.0,25.0,25.444444444444443,47.3,25.36197222222222,17.72222222222222,0.8
2025-10-03 22:24:10+00:00,33.76589,-84.397275,POINT (-84.397275 33.76589),5.0,5.0,5.0,5.0,6.0,6.0,6.0,6.0,21.0,21.0,25.0,25.0,25.444444444444443,47.3,25.36197222222222,17.72222222222222,0.8
2025-10-03 22:24:11+00:00,33.76589,-84.397257,POINT (-84.397257 33.76589),5.0,5.0,5.0,5.0,6.0,6.0,6.0,6.0,21.0,21.0,25.0,25.0,25.444444444444443,47.3,25.36197222222222,17.72222222222222,0.8
2025-10-03 22:24:12+00:00,33.76589,-84.39724,POINT (-84.39724 33.76589),5.0,5.0,5.0,5.0,6.0,6.0,6.0,6.0,21.0,21.0,25.0,25.0,25.444444444444443,47.3,25.36197222222222,17.72222222222222,0.8
2025-10-03 22:24:13+00:00,33.76589,-84.397224,POINT (-84.397224 33.76589),5.0,5.0,5.0,5.0,6.0,6.0,6.0,6.0,21.0,21.0,25.0,25.0,25.444444444444443,47.3,25.36197222222222,17.72222222222222,0.9
2025-10-03 22:24:14+00:00,33.76589,-84.397207,POINT (-84.397207 33.76589),5.0,5.0,5.0,5.0,6.0,6.0,6.0,6.0,21.0,21.0,25.0,25.0,25.444444444444443,47.3,25.36197222222222,17.72222222222222,0.9
2025-10-03 22:24:15+00:00,33.76589,-84.397192,POINT (-84.397192 33.76589),5.0,5.0,5.0,5.0,6.0,6.0,6.0,6.0,21.0,21.0,25.0,25.0,25.444444444444443,47.3,25.36197222222222,17.72222222222222,0.9
2025-10-03 22:24:16+00:00,33.76589,-84.397177,POINT (-84.397177 33.76589),5.0,5.0,5.0,5.0,6.0,6.0,6.0,6.0,21.0,21.0,25.0,25.0,25.444444444444443,47.3,25.36197222222222,17.72222222222222,0.9
2025-10-03 22:24:17+00:00,33.76589,-84.397161,POINT (-84.397161 33.76589),5.0,5.0,5.0,5.0,6.0,6.0,6.0,6.0,21.0,21.0,25.0,25.0,25.444444444444443,47.3,25.36197222222222,17.72222222222222,0.9
2025-10-03 22:24:18+00:00,33.76589,-84.397147,POINT (-84.397147 33.76589),5.0,5.0,5.0,5.0,6.0,6.0,6.0,6.0,21.0,21.0,25.0,25.0,25.33333333333333,47.3,25.245305555555554,17.72222222222222,0.9
2025-10-03 22:24:19+00:00,33.76589,-84.397136,POINT (-84.397136 33.76589),5.0,5.0,5.0,5.0,6.0,6.0,6.0,6.0,21.0,21.0,25.0,25.0,25.33333333333333,47.3,25.245305555555554,17.72222222222222,0.9
2025-10-03 22:24:20+00:00,33.76589,-84.397132,POINT (-84.397132 33.76589),5.0,5.0,5.0,5.0,6.0,6.0,6.0,6.0,21.0,21.0,25.0,25.0,25.33333333333333,47.3,25.245305555555554,17.72222222222222,0.9
2025-10-03 22:24:21+00:00,33.76589,-84.397133,POINT (-84.397133 33.76589),5.0,5.0,5.0,5.0,6.0,6.0,6.0,6.0,21.0,21.0,25.0,25.0,25.33333333333333,47.3,25.245305555555554,17.72222222222222,0.9
2025-10-03 22:24:22+00:00,33.76589,-84.397139,POINT (-84.397139 33.76589),5.0,5.0,5.0,5.0,6.0,6.0,6.0,6.0,21.0,21.0,25.0,25.0,25.33333333333333,47.3,25.245305555555554,17.72222222222222,0.9
2025-10-03 22:24:23+00:00,33.76589,-84.39715,POINT (-84.39715 33.76589),,,,,5.0,5.0,5.0,5.0,,,21.0,21.0,25.27777777777778,47.3,25.186972222222224,17.61111111111111,0.0
2025-10-03 22:24:24+00:00,33.76589,-84.397163,POINT (-84.397163 33.76589),,,,,5.0,5.0,5.0,5.0,,,21.0,21.0,25.27777777777778,47.3,25.186972222222224,17.61111111111111,0.0
2025-10-03 22:24:25+00:00,33.76589,-84.397179,POINT (-84.397179 33.76589),,,,,5.0,5.0,5.0,5.0,,,21.0,21.0,25.27777777777778,47.3,25.186972222222224,17.61111111111111,0.0
2025-10-03 22:24:26+00:00,33.76589,-84.397196,POINT (-84.397196 33.76589),,,,,5.0,5.0,5.0,5.0,,,21.0,21.0,25.27777777777778,47.3,25.186972222222224,17.61111111111111,0.0
2025-10-03 22:24:27+00:00,33.76589,-84.397222,POINT (-84.397222 33.76589),,,,,5.0,5.0,5.0,5.0,,,21.0,21.0,25.27777777777778,47.3,25.186972222222224,17.61111111111111,0.0
2025-10-03 22:24:28+00:00,33.76589,-84.397231,POINT (-84.397231 33.76589),,,,,5.0,5.0,5.0,5.0,,,21.0,21.0,25.055555555555554,47.1,24.95102777777777,17.38888888888889,0.9
2025-10-03 22:24:29+00:00,33.76589,-84.397248,POINT (-84.397248 33.76589),,,,,5.0,5.0,5.0,5.0,,,21.0,21.0,25.055555555555554,47.1,24.95102777777777,17.38888888888889,0.9
2025-10-03 22:24:30+00:00,33.76589,-84.397263,POINT (-84.397263 33.76589),,,,,5.0,5.0,5.0,5.0,,,21.0,21.0,25.055555555555554,47.1,24.95102777777777,17.38888888888889,0.9
2025-10-03 22:24:31+00:00,33.76589,-84.397277,POINT (-84.397277 33.76589),,,,,5.0,5.0,5.0,5.0,,,21.0,21.0,25.055555555555554,47.1,24.95102777777777,17.38888888888889,0.9
2025-10-03 22:24:32+00:00,33.76591869969146,-84.39728978333905,POINT (-84.39728978333905 33.76591869969146),,,,,5.0,5.0,5.0,5.0,,,21.0,21.0,25.055555555555554,47.1,24.95102777777777,17.38888888888889,0.9
2025-10-03 22:24:33+00:00,33.765918960233115,-84.39730385258828,POINT (-84.39730385258828 33.765918960233115),,,,,5.0,5.0,5.0,5.0,,,21.0,21.0,24.833333333333332,47.0,24.716388888888886,17.22222222222222,0.0
2025-10-03 22:24:34+00:00,33.76591937092904,-84.39732603016799,POINT (-84.39732603016799 33.76591937092904),,,,,5.0,5.0,5.0,5.0,,,21.0,21.0,24.833333333333332,47.0,24.716388888888886,17.22222222222222,0.0
2025-10-03 22:24:35+00:00,33.76591952074049,-84.39733411998628,POINT (-84.39733411998628 33.76591952074049),,,,,5.0,5.0,5.0,5.0,,,21.0,21.0,24.833333333333332,47.0,24.716388888888886,17.22222222222222,0.0
2025-10-03 22:24:36+00:00,33.765919689064106,-84.39734320946178,POINT (-84.39734320946178 33.765919689064106),,,,,5.0,5.0,5.0,5.0,,,21.0,21.0,24.833333333333332,47.0,24.716388888888886,17.22222222222222,0.0
2025-10-03 22:24:37+00:00,33.765942768786125,-84.39736350289017,POINT (-84.39736350289017 33.765942768786125),,,,,5.0,5.0,5.0,5.0,,,21.0,21.0,24.833333333333332,47.0,24.716388888888886,17.22222222222222,0.0
2025-10-03 22:24:38+00:00,33.76594692721632,-84.39736966233146,POINT (-84.39736966233146 33.76594692721632),,,,,,,,,,,,,24.833333333333332,47.0,24.716388888888886,17.22222222222222,0.8
2025-10-03 22:24:39+00:00,33.765959132885904,-84.39737135302013,POINT (-84.39737135302013 33.765959132885904),,,,,,,,,,,,,24.833333333333332,47.0,24.716388888888886,17.22222222222222,0.8
2025-10-03 22:24:40+00:00,33.76597188993289,-84.39737324295302,POINT (-84.39737324295302 33.76597188993289),,,,,,,,,,,,,24.833333333333332,47.0,24.716388888888886,17.22222222222222,0.8
2025-10-03 22:24:41+00:00,33.76598421208054,-84.39737506845637,POINT (-84.39737506845637 33.76598421208054),,,,,,,,,,,,,24.833333333333332,47.0,24.716388888888886,17.22222222222222,0.8
2025-10-03 22:24:42+00:00,33.7659996147651,-84.39737735033556,POINT (-84.39737735033556 33.7659996147651),,,,,,,,,,,,,24.833333333333332,47.0,24.716388888888886,17.22222222222222,0.8
2025-10-03 22:24:43+00:00,33.76600367382551,-84.39737795167785,POINT (-84.39737795167785 33.76600367382551),,,,,,,,,,,,,24.88888888888889,47.1,24.77602777777778,17.27777777777778,0.0
2025-10-03 22:24:44+00:00,33.76601110335571,-84.397379052349,POINT (-84.397379052349 33.76601110335571),,,,,,,,,,,,,24.88888888888889,47.1,24.77602777777778,17.27777777777778,0.0
2025-10-03 22:24:45+00:00,33.76601124832215,-84.3973790738255,POINT (-84.3973790738255 33.76601124832215),,,,,,,,,,,,,24.88888888888889,47.1,24.77602777777778,17.27777777777778,0.0
2025-10-03 22:24:46+00:00,33.76601026979866,-84.39737892885906,POINT (-84.39737892885906 33.76601026979866),,,,,,,,,,,,,24.88888888888889,47.1,24.77602777777778,17.27777777777778,0.0
2025-10-03 22:24:47+00:00,33.766010414765105,-84.39737895033556,POINT (-84.39737895033556 33.766010414765105),,,,,,,,,,,,,24.88888888888889,47.1,24.77602777777778,17.27777777777778,0.0
2025-10-03 22:24:48+00:00,33.76601055973155,-84.39737897181207,POINT (-84.39737897181207 33.76601055973155),,,,,,,,,,,,,24.88888888888889,47.3,24.778638888888892,17.27777777777778,0.0
2025-10-03 22:24:49+00:00,33.76601070469799,-84.39737899328858,POINT (-84.39737899328858 33.76601070469799),,,,,,,,,,,,,24.88888888888889,47.3,24.778638888888892,17.27777777777778,0.0
2025-10-03 22:24:50+00:00,33.76601070469799,-84.39737899328858,POINT (-84.39737899328858 33.76601070469799),,,,,,,,,,,,,24.88888888888889,47.3,24.778638888888892,17.27777777777778,0.0
2025-10-03 22:24:51+00:00,33.76600987114094,-84.39737886979866,POINT (-84.39737886979866 33.76600987114094),,,,,,,,,,,,,24.88888888888889,47.3,24.778638888888892,17.27777777777778,0.0
2025-10-03 22:24:52+00:00,33.76601001610738,-84.39737889127517,POINT (-84.39737889127517 33.76601001610738),,,,,,,,,,,,,24.88888888888889,47.3,24.778638888888892,17.27777777777778,0.0
2025-10-03 22:24:53+00:00,33.76601016107382,-84.39737891275168,POINT (-84.39737891275168 33.76601016107382),5.0,6.5,5.0,6.5,7.0,8.0,7.0,8.0,21.0,21.0,29.0,29.0,24.88888888888889,47.4,24.77994444444445,17.27777777777778,0.0
2025-10-03 22:24:54+00:00,33.76601016107382,-84.39737891275168,POINT (-84.39737891275168 33.76601016107382),5.0,6.5,5.0,6.5,7.0,8.0,7.0,8.0,21.0,21.0,29.0,29.0,24.88888888888889,47.4,24.77994444444445,17.27777777777778,0.0
2025-10-03 22:24:55+00:00,33.766010306040265,-84.39737893422819,POINT (-84.39737893422819 33.766010306040265),5.0,6.5,5.0,6.5,7.0,8.0,7.0,8.0,21.0,21.0,29.0,29.0,24.88888888888889,47.4,24.77994444444445,17.27777777777778,0.0
2025-10-03 22:24:56+00:00,33.76600947248322,-84.39737881073825,POINT (-84.39737881073825 33.76600947248322),5.0,6.5,5.0,6.5,7.0,8.0,7.0,8.0,21.0,21.0,29.0,29.0,24.88888888888889,47.4,24.77994444444445,17.27777777777778,0.0
2025-10-03 22:24:57+00:00,33.76600961744966,-84.39737883221476,POINT (-84.39737883221476 33.76600961744966),5.0,6.5,5.0,6.5,7.0,8.0,7.0,8.0,21.0,21.0,29.0,29.0,24.88888888888889,47.4,24.77994444444445,17.27777777777778,0.0
2025-10-03 22:24:58+00:00,33.76600976241611,-84.39737885369127,POINT (-84.39737885369127 33.76600976241611),5.0,6.5,5.0,6.5,7.0,8.0,7.0,8.0,21.0,21.0,29.0,29.0,25.0,47.6,24.899222222222225,17.38888888888889,0.0
2025-10-03 22:24:59+00:00,33.76600976241611,-84.39737885369127,POINT (-84.39737885369127 33.76600976241611),5.0,6.5,5.0,6.5,7.0,8.0,7.0,8.0,21.0,21.0,29.0,29.0,25.0,47.6,24.899222222222225,17.38888888888889,0.0
2025-10-03 22:25:00+00:00,33.76600990738255,-84.39737887516777,POINT (-84.39737887516777 33.76600990738255),5.0,6.5,5.0,6.5,7.0,8.0,7.0,8.0,21.0,21.0,29.0,29.0,25.0,47.6,24.899222222222225,17.38888888888889,0.0
2025-10-03 22:25:01+00:00,33.76600907382551,-84.39737875167785,POINT (-84.39737875167785 33.76600907382551),5.0,6.5,5.0,6.5,7.0,8.0,7.0,8.0,21.0,21.0,29.0,29.0,25.0,47.6,24.899222222222225,17.38888888888889,0.0
2025-10-03 22:25:02+00:00,33.76600921879195,-84.39737877315436,POINT (-84.39737877315436 33.76600921879195),5.0,6.5,5.0,6.5,7.0,8.0,7.0,8.0,21.0,21.0,29.0,29.0,25.0,47.6,24.899222222222225,17.38888888888889,0.0
2025-10-03 22:25:03+00:00,33.76600921879195,-84.39737877315436,POINT (-84.39737877315436 33.76600921879195),5.0,6.5,5.0,6.5,7.0,8.0,7.0,8.0,21.0,21.0,29.0,29.0,24.944444444444446,47.8,24.8435,17.38888888888889,0.0
2025-10-03 22:25:04+00:00,33.76600936375839,-84.39737879463087,POINT (-84.39737879463087 33.76600936375839),5.0,6.5,5.0,6.5,7.0,8.0,7.0,8.0,21.0,21.0,29.0,29.0,24.944444444444446,47.8,24.8435,17.38888888888889,0.0
2025-10-03 22:25:05+00:00,33.76600853020134,-84.39737867114094,POINT (-84.39737867114094 33.76600853020134),5.0,6.5,5.0,6.5,7.0,8.0,7.0,8.0,21.0,21.0,29.0,29.0,24.944444444444446,47.8,24.8435,17.38888888888889,0.0
2025-10-03 22:25:06+00:00,33.76600867516778,-84.39737869261745,POINT (-84.39737869261745 33.76600867516778),5.0,6.5,5.0,6.5,7.0,8.0,7.0,8.0,21.0,21.0,29.0,29.0,24.944444444444446,47.8,24.8435,17.38888888888889,0.0
2025-10-03 22:25:07+00:00,33.76600867516778,-84.39737869261745,POINT (-84.39737869261745 33.76600867516778),5.0,6.5,5.0,6.5,7.0,8.0,7.0,8.0,21.0,21.0,29.0,29.0,24.944444444444446,47.8,24.8435,17.38888888888889,0.0
2025-10-03 22:25:08+00:00,33.766008820134225,-84.39737871409396,POINT (-84.39737871409396 33.766008820134225),6.0,8.0,6.0,8.0,5.0,6.0,5.0,6.0,25.0,25.0,21.0,21.0,24.88888888888889,47.6,24.782555555555554,17.27777777777778,0.0
2025-10-03 22:25:09+00:00,33.76600896510067,-84.39737873557047,POINT (-84.39737873557047 33.76600896510067),6.0,8.0,6.0,8.0,5.0,6.0,5.0,6.0,25.0,25.0,21.0,21.0,24.88888888888889,47.6,24.782555555555554,17.27777777777778,0.0
2025-10-03 22:25:10+00:00,33.76600813154362,-84.39737861208053,POINT (-84.39737861208053 33.76600813154362),6.0,8.0,6.0,8.0,5.0,6.0,5.0,6.0,25.0,25.0,21.0,21.0,24.88888888888889,47.6,24.782555555555554,17.27777777777778,0.0
2025-10-03 22:25:11+00:00,33.7660433,-84.3974269,POINT (-84.3974269 33.7660433),6.0,8.0,6.0,8.0,5.0,6.0,5.0,6.0,25.0,25.0,21.0,21.0,24.88888888888889,47.6,24.782555555555554,17.27777777777778,0.0
2025-10-03 22:25:12+00:00,33.7660433,-84.3974269,POINT (-84.3974269 33.7660433),6.0,8.0,6.0,8.0,5.0,6.0,5.0,6.0,25.0,25.0,21.0,21.0,24.88888888888889,47.6,24.782555555555554,17.27777777777778,0.0
2025-10-03 22:25:13+00:00,33.766043159999995,-84.39742788000001,POINT (-84.39742788000001 33.766043159999995),6.0,8.0,6.0,8.0,5.0,6.0,5.0,6.0,25.0,25.0,21.0,21.0,24.833333333333332,47.6,24.724222222222224,17.27777777777778,0.0
2025-10-03 22:25:14+00:00,33.76604302,-84.39742886,POINT (-84.39742886 33.76604302),6.0,8.0,6.0,8.0,5.0,6.0,5.0,6.0,25.0,25.0,21.0,21.0,24.833333333333332,47.6,24.724222222222224,17.27777777777778,0.0
2025-10-03 22:25:15+00:00,33.76604286,-84.39742998,POINT (-84.39742998 33.76604286),6.0,8.0,6.0,8.0,5.0,6.0,5.0,6.0,25.0,25.0,21.0,21.0,24.833333333333332,47.6,24.724222222222224,17.27777777777778,0.0
2025-10-03 22:25:16+00:00,33.76604286,-84.39742998,POINT (-84.39742998 33.76604286),6.0,8.0,6.0,8.0,5.0,6.0,5.0,6.0,25.0,25.0,21.0,21.0,24.833333333333332,47.6,24.724222222222224,17.27777777777778,0.0
2025-10-03 22:25:17+00:00,33.76604272,-84.39743096,POINT (-84.39743096 33.76604272),6.0,8.0,6.0,8.0,5.0,6.0,5.0,6.0,25.0,25.0,21.0,21.0,24.833333333333332,47.6,24.724222222222224,17.27777777777778,0.0
2025-10-03 22:25:18+00:00,33.76604258,-84.39743193999999,POINT (-84.39743193999999 33.76604258),6.0,8.0,6.0,8.0,5.0,6.0,5.0,6.0,25.0,25.0,21.0,21.0,24.777777777777775,47.5,24.664583333333333,17.22222222222222,0.0
2025-10-03 22:25:19+00:00,33.76604244,-84.39743292,POINT (-84.39743292 33.76604244),6.0,8.0,6.0,8.0,5.0,6.0,5.0,6.0,25.0,25.0,21.0,21.0,24.777777777777775,47.5,24.664583333333333,17.22222222222222,0.0
2025-10-03 22:25:20+00:00,33.76604242,-84.39743306,POINT (-84.39743306 33.76604242),6.0,8.0,6.0,8.0,5.0,6.0,5.0,6.0,25.0,25.0,21.0,21.0,24.777777777777775,47.5,24.664583333333333,17.22222222222222,0.0
2025-10-03 22:25:21+00:00,33.76604228,-84.39743404000001,POINT (-84.39743404000001 33.76604228),6.0,8.0,6.0,8.0,5.0,6.0,5.0,6.0,25.0,25.0,21.0,21.0,24.777777777777775,47.5,24.664583333333333,17.22222222222222,0.0
2025-10-03 22:25:22+00:00,33.766042139999996,-84.39743502,POINT (-84.39743502 33.766042139999996),6.0,8.0,6.0,8.0,5.0,6.0,5.0,6.0,25.0,25.0,21.0,21.0,24.777777777777775,47.5,24.664583333333333,17.22222222222222,0.0
2025-10-03 22:25:23+00:00,33.76604,-84.39745,POINT (-84.39745 33.76604),7.0,7.0,7.0,7.0,5.0,5.0,5.0,5.0,29.0,29.0,21.0,21.0,24.833333333333332,47.7,24.725527777777774,17.27777777777778,0.7
2025-10-03 22:25:24+00:00,33.76604,-84.39745,POINT (-84.39745 33.76604),7.0,7.0,7.0,7.0,5.0,5.0,5.0,5.0,29.0,29.0,21.0,21.0,24.833333333333332,47.7,24.725527777777774,17.27777777777778,0.7
2025-10-03 22:25:25+00:00,33.76604,-84.39745,POINT (-84.39745 33.76604),7.0,7.0,7.0,7.0,5.0,5.0,5.0,5.0,29.0,29.0,21.0,21.0,24.833333333333332,47.7,24.725527777777774,17.27777777777778,0.7
2025-10-03 22:25:26+00:00,33.76604,-84.39745,POINT (-84.39745 33.76604),7.0,7.0,7.0,7.0,5.0,5.0,5.0,5.0,29.0,29.0,21.0,21.0,24.833333333333332,47.7,24.725527777777774,17.27777777777778,0.7
2025-10-03 22:25:27+00:00,33.76604,-84.39745,POINT (-84.39745 33.76604),7.0,7.0,7.0,7.0,5.0,5.0,5.0,5.0,29.0,29.0,21.0,21.0,24.833333333333332,47.7,24.725527777777774,17.27777777777778,0.7
2025-10-03 22:25:28+00:00,33.766053705660376,-84.39745256981132,POINT (-84.39745256981132 33.766053705660376),7.0,7.0,7.0,7.0,5.0,5.0,5.0,5.0,29.0,29.0,21.0,21.0,24.944444444444446,48.2,24.84872222222222,17.5,0.9
2025-10-03 22:25:29+00:00,33.76606076981132,-84.39745389433963,POINT (-84.39745389433963 33.76606076981132),7.0,7.0,7.0,7.0,5.0,5.0,5.0,5.0,29.0,29.0,21.0,21.0,24.944444444444446,48.2,24.84872222222222,17.5,0.9
2025-10-03 22:25:30+00:00,33.766078037735845,-84.39745713207547,POINT (-84.39745713207547 33.766078037735845),7.0,7.0,7.0,7.0,5.0,5.0,5.0,5.0,29.0,29.0,21.0,21.0,24.944444444444446,48.2,24.84872222222222,17.5,0.9
2025-10-03 22:25:31+00:00,33.76609651320754,-84.39746059622642,POINT (-84.39746059622642 33.76609651320754),7.0,7.0,7.0,7.0,5.0,5.0,5.0,5.0,29.0,29.0,21.0,21.0,24.944444444444446,48.2,24.84872222222222,17.5,0.9
2025-10-03 22:25:32+00:00,33.76611559245283,-84.39746417358491,POINT (-84.39746417358491 33.76611559245283),7.0,7.0,7.0,7.0,5.0,5.0,5.0,5.0,29.0,29.0,21.0,21.0,24.944444444444446,48.2,24.84872222222222,17.5,0.9
2025-10-03 22:25:33+00:00,33.7662,-84.397558,POINT (-84.397558 33.7662),7.0,7.0,7.0,7.0,5.0,5.0,5.0,5.0,29.0,29.0,21.0,21.0,25.0,48.5,24.910972222222227,17.61111111111111,1.0
2025-10-03 22:25:34+00:00,33.7662,-84.397558,POINT (-84.397558 33.7662),7.0,7.0,7.0,7.0,5.0,5.0,5.0,5.0,29.0,29.0,21.0,21.0,25.0,48.5,24.910972222222227,17.61111111111111,1.0
2025-10-03 22:25:35+00:00,33.7662,-84.39756,POINT (-84.39756 33.7662),7.0,7.0,7.0,7.0,5.0,5.0,5.0,5.0,29.0,29.0,21.0,21.0,25.0,48.5,24.910972222222227,17.61111111111111,1.0
2025-10-03 22:25:36+00:00,33.7662,-84.39756,POINT (-84.39756 33.7662),7.0,7.0,7.0,7.0,5.0,5.0,5.0,5.0,29.0,29.0,21.0,21.0,25.0,48.5,24.910972222222227,17.61111111111111,1.0
2025-10-03 22:25:37+00:00,33.7662,-84.39756,POINT (-84.39756 33.7662),7.0,7.0,7.0,7.0,5.0,5.0,5.0,5.0,29.0,29.0,21.0,21.0,25.0,48.5,24.910972222222227,17.61111111111111,1.0
2025-10-03 22:25:38+00:00,33.7662,-84.39756,POINT (-84.39756 33.7662),6.0,6.0,6.0,6.0,5.0,5.0,5.0,5.0,25.0,25.0,21.0,21.0,25.0,48.4,24.909666666666666,17.5,1.6
2025-10-03 22:25:39+00:00,33.7662,-84.39756,POINT (-84.39756 33.7662),6.0,6.0,6.0,6.0,5.0,5.0,5.0,5.0,25.0,25.0,21.0,21.0,25.0,48.4,24.909666666666666,17.5,1.6
2025-10-03 22:25:40+00:00,33.7662,-84.39756,POINT (-84.39756 33.7662),6.0,6.0,6.0,6.0,5.0,5.0,5.0,5.0,25.0,25.0,21.0,21.0,25.0,48.4,24.909666666666666,17.5,1.6
2025-10-03 22:25:41+00:00,33.7662,-84.39756,POINT (-84.39756 33.7662),6.0,6.0,6.0,6.0,5.0,5.0,5.0,5.0,25.0,25.0,21.0,21.0,25.0,48.4,24.909666666666666,17.5,1.6
2025-10-03 22:25:42+00:00,33.7662,-84.39756,POINT (-84.39756 33.7662),6.0,6.0,6.0,6.0,5.0,5.0,5.0,5.0,25.0,25.0,21.0,21.0,25.0,48.4,24.909666666666666,17.5,1.6
2025-10-03 22:25:43+00:00,33.7662,-84.39756,POINT (-84.39756 33.7662),6.0,6.0,6.0,6.0,5.0,5.0,5.0,5.0,25.0,25.0,21.0,21.0,24.88888888888889,48.1,24.789083333333334,17.38888888888889,1.3
2025-10-03 22:25:44+00:00,33.7662,-84.39756,POINT (-84.39756 33.7662),6.0,6.0,6.0,6.0,5.0,5.0,5.0,5.0,25.0,25.0,21.0,21.0,24.88888888888889,48.1,24.789083333333334,17.38888888888889,1.3
2025-10-03 22:25:45+00:00,33.7662,-84.39756,POINT (-84.39756 33.7662),6.0,6.0,6.0,6.0,5.0,5.0,5.0,5.0,25.0,25.0,21.0,21.0,24.88888888888889,48.1,24.789083333333334,17.38888888888889,1.3
2025-10-03 22:25:46+00:00,33.7662,-84.39756,POINT (-84.39756 33.7662),6.0,6.0,6.0,6.0,5.0,5.0,5.0,5.0,25.0,25.0,21.0,21.0,24.88888888888889,48.1,24.789083333333334,17.38888888888889,1.3
2025-10-03 22:25:47+00:00,33.7662,-84.39756,POINT (-84.39756 33.7662),6.0,6.0,6.0,6.0,5.0,5.0,5.0,5.0,25.0,25.0,21.0,21.0,24.88888888888889,48.1,24.789083333333334,17.38888888888889,1.3
2025-10-03 22:25:48+00:00,33.7662,-84.39756,POINT (-84.39756 33.7662),6.0,6.0,6.0,6.0,5.0,5.0,5.0,5.0,25.0,25.0,21.0,21.0,24.944444444444446,48.0,24.846111111111117,17.38888888888889,1.0
2025-10-03 22:25:49+00:00,33.7662,-84.39756,POINT (-84.39756 33.7662),6.0,6.0,6.0,6.0,5.0,5.0,5.0,5.0,25.0,25.0,21.0,21.0,24.944444444444446,48.0,24.846111111111117,17.38888888888889,1.0
2025-10-03 22:25:50+00:00,33.7662,-84.39756,POINT (-84.39756 33.7662),6.0,6.0,6.0,6.0,5.0,5.0,5.0,5.0,25.0,25.0,21.0,21.0,24.944444444444446,48.0,24.846111111111117,17.38888888888889,1.0
2025-10-03 22:25:51+00:00,33.7662,-84.39756,POINT (-84.39756 33.7662),6.0,6.0,6.0,6.0,5.0,5.0,5.0,5.0,25.0,25.0,21.0,21.0,24.944444444444446,48.0,24.846111111111117,17.38888888888889,1.0
2025-10-03 22:25:52+00:00,33.76620033160083,-84.39756012577962,POINT (-84.39756012577962 33.76620033160083),6.0,6.0,6.0,6.0,5.0,5.0,5.0,5.0,25.0,25.0,21.0,21.0,24.944444444444446,48.0,24.846111111111117,17.38888888888889,1.0
2025-10-03 22:25:53+00:00,33.766201205821204,-84.39756045738045,POINT (-84.39756045738045 33.766201205821204),5.0,5.0,5.0,5.0,6.0,6.0,6.0,6.0,21.0,21.0,25.0,25.0,24.833333333333332,48.1,24.73075,17.27777777777778,0.8
2025-10-03 22:25:54+00:00,33.76620208004158,-84.39756078898128,POINT (-84.39756078898128 33.76620208004158),5.0,5.0,5.0,5.0,6.0,6.0,6.0,6.0,21.0,21.0,25.0,25.0,24.833333333333332,48.1,24.73075,17.27777777777778,0.8
2025-10-03 22:25:55+00:00,33.76620328586279,-84.39756124636175,POINT (-84.39756124636175 33.76620328586279),5.0,5.0,5.0,5.0,6.0,6.0,6.0,6.0,21.0,21.0,25.0,25.0,24.833333333333332,48.1,24.73075,17.27777777777778,0.8
2025-10-03 22:25:56+00:00,33.76620416008316,-84.39756157796258,POINT (-84.39756157796258 33.76620416008316),5.0,5.0,5.0,5.0,6.0,6.0,6.0,6.0,21.0,21.0,25.0,25.0,24.833333333333332,48.1,24.73075,17.27777777777778,0.8
2025-10-03 22:25:57+00:00,33.76620503430353,-84.39756190956341,POINT (-84.39756190956341 33.76620503430353),5.0,5.0,5.0,5.0,6.0,6.0,6.0,6.0,21.0,21.0,25.0,25.0,24.833333333333332,48.1,24.73075,17.27777777777778,0.8
2025-10-03 22:25:58+00:00,33.766206240124745,-84.39756236694387,POINT (-84.39756236694387 33.766206240124745),5.0,5.0,5.0,5.0,6.0,6.0,6.0,6.0,21.0,21.0,25.0,25.0,24.833333333333332,48.1,24.73075,17.27777777777778,0.0
2025-10-03 22:25:59+00:00,33.766207114345114,-84.3975626985447,POINT (-84.3975626985447 33.766207114345114),5.0,5.0,5.0,5.0,6.0,6.0,6.0,6.0,21.0,21.0,25.0,25.0,24.833333333333332,48.1,24.73075,17.27777777777778,0.0
2025-10-03 22:26:00+00:00,33.76620798856549,-84.39756303014553,POINT (-84.39756303014553 33.76620798856549),5.0,5.0,5.0,5.0,6.0,6.0,6.0,6.0,21.0,21.0,25.0,25.0,24.833333333333332,48.1,24.73075,17.27777777777778,0.0
2025-10-03 22:26:01+00:00,33.7662091943867,-84.39756348752599,POINT (-84.39756348752599 33.7662091943867),5.0,5.0,5.0,5.0,6.0,6.0,6.0,6.0,21.0,21.0,25.0,25.0,24.833333333333332,48.1,24.73075,17.27777777777778,0.0
2025-10-03 22:26:02+00:00,33.766210068607066,-84.39756381912682,POINT (-84.39756381912682 33.766210068607066),5.0,5.0,5.0,5.0,6.0,6.0,6.0,6.0,21.0,21.0,25.0,25.0,24.833333333333332,48.1,24.73075,17.27777777777778,0.0
2025-10-03 22:26:03+00:00,33.76621094282744,-84.39756415072765,POINT (-84.39756415072765 33.76621094282744),5.0,5.0,5.0,5.0,6.0,6.0,6.0,6.0,21.0,21.0,25.0,25.0,24.777777777777775,48.0,24.671111111111102,17.27777777777778,0.9
2025-10-03 22:26:04+00:00,33.76621214864865,-84.39756460810811,POINT (-84.39756460810811 33.76621214864865),5.0,5.0,5.0,5.0,6.0,6.0,6.0,6.0,21.0,21.0,25.0,25.0,24.777777777777775,48.0,24.671111111111102,17.27777777777778,0.9
2025-10-03 22:26:05+00:00,33.766213022869024,-84.39756493970894,POINT (-84.39756493970894 33.766213022869024),5.0,5.0,5.0,5.0,6.0,6.0,6.0,6.0,21.0,21.0,25.0,25.0,24.777777777777775,48.0,24.671111111111102,17.27777777777778,0.9
2025-10-03 22:26:06+00:00,33.76621389708939,-84.39756527130977,POINT (-84.39756527130977 33.76621389708939),5.0,5.0,5.0,5.0,6.0,6.0,6.0,6.0,21.0,21.0,25.0,25.0,24.777777777777775,48.0,24.671111111111102,17.27777777777778,0.9
2025-10-03 22:26:07+00:00,33.7662151029106,-84.39756572869022,POINT (-84.39756572869022 33.7662151029106),5.0,5.0,5.0,5.0,6.0,6.0,6.0,6.0,21.0,21.0,25.0,25.0,24.777777777777775,48.0,24.671111111111102,17.27777777777778,0.9
2025-10-03 22:26:08+00:00,33.766215977130976,-84.39756606029106,POINT (-84.39756606029106 33.766215977130976),6.0,6.0,6.0,6.0,6.0,6.0,6.0,6.0,25.0,25.0,25.0,25.0,24.72222222222222,48.0,24.612777777777776,17.27777777777778,1.0
2025-10-03 22:26:09+00:00,33.766216851351345,-84.39756639189189,POINT (-84.39756639189189 33.766216851351345),6.0,6.0,6.0,6.0,6.0,6.0,6.0,6.0,25.0,25.0,25.0,25.0,24.72222222222222,48.0,24.612777777777776,17.27777777777778,1.0
2025-10-03 22:26:10+00:00,33.76621805717256,-84.39756684927235,POINT (-84.39756684927235 33.76621805717256),6.0,6.0,6.0,6.0,6.0,6.0,6.0,6.0,25.0,25.0,25.0,25.0,24.72222222222222,48.0,24.612777777777776,17.27777777777778,1.0
2025-10-03 22:26:11+00:00,33.76621893139293,-84.39756718087318,POINT (-84.39756718087318 33.76621893139293),6.0,6.0,6.0,6.0,6.0,6.0,6.0,6.0,25.0,25.0,25.0,25.0,24.72222222222222,48.0,24.612777777777776,17.27777777777778,1.0
2025-10-03 22:26:12+00:00,33.766219805613304,-84.39756751247401,POINT (-84.39756751247401 33.766219805613304),6.0,6.0,6.0,6.0,6.0,6.0,6.0,6.0,25.0,25.0,25.0,25.0,24.72222222222222,48.0,24.612777777777776,17.27777777777778,1.0
2025-10-03 22:26:13+00:00,33.76622101143452,-84.39756796985446,POINT (-84.39756796985446 33.76622101143452),6.0,6.0,6.0,6.0,6.0,6.0,6.0,6.0,25.0,25.0,25.0,25.0,24.66666666666667,47.9,24.55313888888889,17.22222222222222,0.8
2025-10-03 22:26:14+00:00,33.766221885654886,-84.3975683014553,POINT (-84.3975683014553 33.766221885654886),6.0,6.0,6.0,6.0,6.0,6.0,6.0,6.0,25.0,25.0,25.0,25.0,24.66666666666667,47.9,24.55313888888889,17.22222222222222,0.8
2025-10-03 22:26:15+00:00,33.76622275987526,-84.39756863305614,POINT (-84.39756863305614 33.76622275987526),6.0,6.0,6.0,6.0,6.0,6.0,6.0,6.0,25.0,25.0,25.0,25.0,24.66666666666667,47.9,24.55313888888889,17.22222222222222,0.8
2025-10-03 22:26:16+00:00,33.76622396569647,-84.39756909043659,POINT (-84.39756909043659 33.76622396569647),6.0,6.0,6.0,6.0,6.0,6.0,6.0,6.0,25.0,25.0,25.0,25.0,24.66666666666667,47.9,24.55313888888889,17.22222222222222,0.8
2025-10-03 22:26:17+00:00,33.76622483991684,-84.39756942203742,POINT (-84.39756942203742 33.76622483991684),6.0,6.0,6.0,6.0,6.0,6.0,6.0,6.0,25.0,25.0,25.0,25.0,24.66666666666667,47.9,24.55313888888889,17.22222222222222,0.8
2025-10-03 22:26:18+00:00,33.766225714137214,-84.39756975363825,POINT (-84.39756975363825 33.766225714137214),6.0,6.0,6.0,6.0,6.0,6.0,6.0,6.0,25.0,25.0,25.0,25.0,24.61111111111111,47.9,24.494805555555562,17.22222222222222,0.9
2025-10-03 22:26:19+00:00,33.76622658835759,-84.39757008523908,POINT (-84.39757008523908 33.76622658835759),6.0,6.0,6.0,6.0,6.0,6.0,6.0,6.0,25.0,25.0,25.0,25.0,24.61111111111111,47.9,24.494805555555562,17.22222222222222,0.9
2025-10-03 22:26:20+00:00,33.76622779417879,-84.39757054261955,POINT (-84.39757054261955 33.76622779417879),6.0,6.0,6.0,6.0,6.0,6.0,6.0,6.0,25.0,25.0,25.0,25.0,24.61111111111111,47.9,24.494805555555562,17.22222222222222,0.9
2025-10-03 22:26:21+00:00,33.76622866839917,-84.39757087422038,POINT (-84.39757087422038 33.76622866839917),6.0,6.0,6.0,6.0,6.0,6.0,6.0,6.0,25.0,25.0,25.0,25.0,24.61111111111111,47.9,24.494805555555562,17.22222222222222,0.9
2025-10-03 22:26:22+00:00,33.76622954261954,-84.39757120582121,POINT (-84.39757120582121 33.76622954261954),6.0,6.0,6.0,6.0,6.0,6.0,6.0,6.0,25.0,25.0,25.0,25.0,24.61111111111111,47.9,24.494805555555562,17.22222222222222,0.9
2025-10-03 22:26:23+00:00,33.76623074844075,-84.39757166320166,POINT (-84.39757166320166 33.76623074844075),5.0,5.0,5.0,5.0,6.0,6.0,6.0,6.0,21.0,21.0,25.0,25.0,24.555555555555557,47.9,24.436472222222218,17.11111111111111,0.9
2025-10-03 22:26:24+00:00,33.766231622661124,-84.39757199480249,POINT (-84.39757199480249 33.766231622661124),5.0,5.0,5.0,5.0,6.0,6.0,6.0,6.0,21.0,21.0,25.0,25.0,24.555555555555557,47.9,24.436472222222218,17.11111111111111,0.9
2025-10-03 22:26:25+00:00,33.76623249688149,-84.39757232640332,POINT (-84.39757232640332 33.76623249688149),5.0,5.0,5.0,5.0,6.0,6.0,6.0,6.0,21.0,21.0,25.0,25.0,24.555555555555557,47.9,24.436472222222218,17.11111111111111,0.9
2025-10-03 22:26:26+00:00,33.7662337027027,-84.39757278378379,POINT (-84.39757278378379 33.7662337027027),5.0,5.0,5.0,5.0,6.0,6.0,6.0,6.0,21.0,21.0,25.0,25.0,24.555555555555557,47.9,24.436472222222218,17.11111111111111,0.9
2025-10-03 22:26:27+00:00,33.766234576923075,-84.39757311538462,POINT (-84.39757311538462 33.766234576923075),5.0,5.0,5.0,5.0,6.0,6.0,6.0,6.0,21.0,21.0,25.0,25.0,24.555555555555557,47.9,24.436472222222218,17.11111111111111,0.9
2025-10-03 22:26:28+00:00,33.76623545114345,-84.39757344698545,POINT (-84.39757344698545 33.76623545114345),5.0,5.0,5.0,5.0,6.0,6.0,6.0,6.0,21.0,21.0,25.0,25.0,24.555555555555557,47.9,24.436472222222218,17.11111111111111,0.8
2025-10-03 22:26:29+00:00,33.766236656964665,-84.3975739043659,POINT (-84.3975739043659 33.766236656964665),5.0,5.0,5.0,5.0,6.0,6.0,6.0,6.0,21.0,21.0,25.0,25.0,24.555555555555557,47.9,24.436472222222218,17.11111111111111,0.8
2025-10-03 22:26:30+00:00,33.766237531185034,-84.39757423596673,POINT (-84.39757423596673 33.766237531185034),5.0,5.0,5.0,5.0,6.0,6.0,6.0,6.0,21.0,21.0,25.0,25.0,24.555555555555557,47.9,24.436472222222218,17.11111111111111,0.8
2025-10-03 22:26:31+00:00,33.7662384054054,-84.39757456756757,POINT (-84.39757456756757 33.7662384054054),5.0,5.0,5.0,5.0,6.0,6.0,6.0,6.0,21.0,21.0,25.0,25.0,24.555555555555557,47.9,24.436472222222218,17.11111111111111,0.8
2025-10-03 22:26:32+00:00,33.76623961122662,-84.39757502494803,POINT (-84.39757502494803 33.76623961122662),5.0,5.0,5.0,5.0,6.0,6.0,6.0,6.0,21.0,21.0,25.0,25.0,24.555555555555557,47.9,24.436472222222218,17.11111111111111,0.8
2025-10-03 22:26:33+00:00,33.766240485446986,-84.39757535654886,POINT (-84.39757535654886 33.766240485446986),5.0,5.0,5.0,5.0,6.0,6.0,6.0,6.0,21.0,21.0,25.0,25.0,24.66666666666667,48.0,24.55444444444445,17.22222222222222,0.9
2025-10-03 22:26:34+00:00,33.76624135966736,-84.39757568814969,POINT (-84.39757568814969 33.76624135966736),5.0,5.0,5.0,5.0,6.0,6.0,6.0,6.0,21.0,21.0,25.0,25.0,24.66666666666667,48.0,24.55444444444445,17.22222222222222,0.9
2025-10-03 22:26:35+00:00,33.76624256548857,-84.39757614553015,POINT (-84.39757614553015 33.76624256548857),5.0,5.0,5.0,5.0,6.0,6.0,6.0,6.0,21.0,21.0,25.0,25.0,24.66666666666667,48.0,24.55444444444445,17.22222222222222,0.9
2025-10-03 22:26:36+00:00,33.76624343970894,-84.39757647713098,POINT (-84.39757647713098 33.76624343970894),5.0,5.0,5.0,5.0,6.0,6.0,6.0,6.0,21.0,21.0,25.0,25.0,24.66666666666667,48.0,24.55444444444445,17.22222222222222,0.9
2025-10-03 22:26:37+00:00,33.76624431392931,-84.39757680873181,POINT (-84.39757680873181 33.76624431392931),5.0,5.0,5.0,5.0,6.0,6.0,6.0,6.0,21.0,21.0,25.0,25.0,24.66666666666667,48.0,24.55444444444445,17.22222222222222,0.9
2025-10-03 22:26:38+00:00,33.76624551975052,-84.39757726611226,POINT (-84.39757726611226 33.76624551975052),6.0,6.0,6.0,6.0,4.0,4.0,4.0,4.0,25.0,25.0,17.0,17.0,24.72222222222222,48.0,24.612777777777776,17.27777777777778,0.8
2025-10-03 22:26:39+00:00,33.766246393970896,-84.3975775977131,POINT (-84.3975775977131 33.766246393970896),6.0,6.0,6.0,6.0,4.0,4.0,4.0,4.0,25.0,25.0,17.0,17.0,24.72222222222222,48.0,24.612777777777776,17.27777777777778,0.8
2025-10-03 22:26:40+00:00,33.766247268191265,-84.39757792931393,POINT (-84.39757792931393 33.766247268191265),6.0,6.0,6.0,6.0,4.0,4.0,4.0,4.0,25.0,25.0,17.0,17.0,24.72222222222222,48.0,24.612777777777776,17.27777777777778,0.8
2025-10-03 22:26:41+00:00,33.76624847401247,-84.39757838669439,POINT (-84.39757838669439 33.76624847401247),6.0,6.0,6.0,6.0,4.0,4.0,4.0,4.0,25.0,25.0,17.0,17.0,24.72222222222222,48.0,24.612777777777776,17.27777777777778,0.8
2025-10-03 22:26:42+00:00,33.76624934823285,-84.39757871829522,POINT (-84.39757871829522 33.76624934823285),6.0,6.0,6.0,6.0,4.0,4.0,4.0,4.0,25.0,25.0,17.0,17.0,24.72222222222222,48.0,24.612777777777776,17.27777777777778,0.8
2025-10-03 22:26:43+00:00,33.76625022245322,-84.39757904989605,POINT (-84.39757904989605 33.76625022245322),6.0,6.0,6.0,6.0,4.0,4.0,4.0,4.0,25.0,25.0,17.0,17.0,24.72222222222222,48.1,24.614083333333337,17.27777777777778,0.9
2025-10-03 22:26:44+00:00,33.76625142827443,-84.3975795072765,POINT (-84.3975795072765 33.76625142827443),6.0,6.0,6.0,6.0,4.0,4.0,4.0,4.0,25.0,25.0,17.0,17.0,24.72222222222222,48.1,24.614083333333337,17.27777777777778,0.9
2025-10-03 22:26:45+00:00,33.7662523024948,-84.39757983887733,POINT (-84.39757983887733 33.7662523024948),6.0,6.0,6.0,6.0,4.0,4.0,4.0,4.0,25.0,25.0,17.0,17.0,24.72222222222222,48.1,24.614083333333337,17.27777777777778,0.9
2025-10-03 22:26:46+00:00,33.766253176715175,-84.39758017047816,POINT (-84.39758017047816 33.766253176715175),6.0,6.0,6.0,6.0,4.0,4.0,4.0,4.0,25.0,25.0,17.0,17.0,24.72222222222222,48.1,24.614083333333337,17.27777777777778,0.9
2025-10-03 22:26:47+00:00,33.76625438253639,-84.39758062785863,POINT (-84.39758062785863 33.76625438253639),6.0,6.0,6.0,6.0,4.0,4.0,4.0,4.0,25.0,25.0,17.0,17.0,24.72222222222222,48.1,24.614083333333337,17.27777777777778,0.9
2025-10-03 22:26:48+00:00,33.76625525675676,-84.39758095945946,POINT (-84.39758095945946 33.76625525675676),6.0,6.0,6.0,6.0,4.0,4.0,4.0,4.0,25.0,25.0,17.0,17.0,24.66666666666667,48.2,24.557055555555557,17.27777777777778,0.8
2025-10-03 22:26:49+00:00,33.76625613097713,-84.39758129106029,POINT (-84.39758129106029 33.76625613097713),6.0,6.0,6.0,6.0,4.0,4.0,4.0,4.0,25.0,25.0,17.0,17.0,24.66666666666667,48.2,24.557055555555557,17.27777777777778,0.8
2025-10-03 22:26:50+00:00,33.76625733679834,-84.39758174844074,POINT (-84.39758174844074 33.76625733679834),6.0,6.0,6.0,6.0,4.0,4.0,4.0,4.0,25.0,25.0,17.0,17.0,24.66666666666667,48.2,24.557055555555557,17.27777777777778,0.8
2025-10-03 22:26:51+00:00,33.76625821101871,-84.39758208004157,POINT (-84.39758208004157 33.76625821101871),6.0,6.0,6.0,6.0,4.0,4.0,4.0,4.0,25.0,25.0,17.0,17.0,24.66666666666667,48.2,24.557055555555557,17.27777777777778,0.8
2025-10-03 22:26:52+00:00,33.76626541580042,-84.39758481288982,POINT (-84.39758481288982 33.76626541580042),6.0,6.0,6.0,6.0,4.0,4.0,4.0,4.0,25.0,25.0,17.0,17.0,24.66666666666667,48.2,24.557055555555557,17.27777777777778,0.8
2025-10-03 22:26:53+00:00,33.76627382640333,-84.3975880031185,POINT (-84.3975880031185 33.76627382640333),6.0,6.5,6.0,6.5,4.0,4.0,4.0,4.0,25.0,25.0,17.0,17.0,24.66666666666667,48.2,24.557055555555557,17.27777777777778,0.9
2025-10-03 22:26:54+00:00,33.766283442827444,-84.39759165072765,POINT (-84.39759165072765 33.766283442827444),6.0,6.5,6.0,6.5,4.0,4.0,4.0,4.0,25.0,25.0,17.0,17.0,24.66666666666667,48.2,24.557055555555557,17.27777777777778,0.9
2025-10-03 22:26:55+00:00,33.766300053014554,-84.39759795114345,POINT (-84.39759795114345 33.766300053014554),6.0,6.5,6.0,6.5,4.0,4.0,4.0,4.0,25.0,25.0,17.0,17.0,24.66666666666667,48.2,24.557055555555557,17.27777777777778,0.9
2025-10-03 22:26:56+00:00,33.76630562993763,-84.39760006652807,POINT (-84.39760006652807 33.76630562993763),6.0,6.5,6.0,6.5,4.0,4.0,4.0,4.0,25.0,25.0,17.0,17.0,24.66666666666667,48.2,24.557055555555557,17.27777777777778,0.9
2025-10-03 22:26:57+00:00,33.76631732640333,-84.3976045031185,POINT (-84.3976045031185 33.76631732640333),6.0,6.5,6.0,6.5,4.0,4.0,4.0,4.0,25.0,25.0,17.0,17.0,24.66666666666667,48.2,24.557055555555557,17.27777777777778,0.9
2025-10-03 22:26:58+00:00,33.7663298970894,-84.39760927130978,POINT (-84.39760927130978 33.7663298970894),6.0,6.5,6.0,6.5,4.0,4.0,4.0,4.0,25.0,25.0,17.0,17.0,24.66666666666667,48.2,24.557055555555557,17.27777777777778,0.0
2025-10-03 22:26:59+00:00,33.76634071933472,-84.39761337629938,POINT (-84.39761337629938 33.76634071933472),6.0,6.5,6.0,6.5,4.0,4.0,4.0,4.0,25.0,25.0,17.0,17.0,24.66666666666667,48.2,24.557055555555557,17.27777777777778,0.0
2025-10-03 22:27:00+00:00,33.76635120997921,-84.39761735550935,POINT (-84.39761735550935 33.76635120997921),6.0,6.5,6.0,6.5,4.0,4.0,4.0,4.0,25.0,25.0,17.0,17.0,24.66666666666667,48.2,24.557055555555557,17.27777777777778,0.0
2025-10-03 22:27:01+00:00,33.76636203222453,-84.39762146049895,POINT (-84.39762146049895 33.76636203222453),6.0,6.5,6.0,6.5,4.0,4.0,4.0,4.0,25.0,25.0,17.0,17.0,24.66666666666667,48.2,24.557055555555557,17.27777777777778,0.0
2025-10-03 22:27:02+00:00,33.766383465696464,-84.3976295904366,POINT (-84.3976295904366 33.766383465696464),6.0,6.5,6.0,6.5,4.0,4.0,4.0,4.0,25.0,25.0,17.0,17.0,24.66666666666667,48.2,24.557055555555557,17.27777777777778,0.0
2025-10-03 22:27:03+00:00,33.7663932027027,-84.39763328378378,POINT (-84.39763328378378 33.7663932027027),6.0,6.5,6.0,6.5,4.0,4.0,4.0,4.0,25.0,25.0,17.0,17.0,24.66666666666667,48.3,24.55836111111111,17.27777777777778,0.0
2025-10-03 22:27:04+00:00,33.76640173388773,-84.39763651975052,POINT (-84.39763651975052 33.76640173388773),6.0,6.5,6.0,6.5,4.0,4.0,4.0,4.0,25.0,25.0,17.0,17.0,24.66666666666667,48.3,24.55836111111111,17.27777777777778,0.0
2025-10-03 22:27:05+00:00,33.766422413721415,-84.39764436382536,POINT (-84.39764436382536 33.766422413721415),6.0,6.5,6.0,6.5,4.0,4.0,4.0,4.0,25.0,25.0,17.0,17.0,24.66666666666667,48.3,24.55836111111111,17.27777777777778,0.0
2025-10-03 22:27:06+00:00,33.766428653846155,-84.39764673076922,POINT (-84.39764673076922 33.766428653846155),6.0,6.5,6.0,6.5,4.0,4.0,4.0,4.0,25.0,25.0,17.0,17.0,24.66666666666667,48.3,24.55836111111111,17.27777777777778,0.0
2025-10-03 22:27:07+00:00,33.7664408024948,-84.39765133887734,POINT (-84.39765133887734 33.7664408024948),6.0,6.5,6.0,6.5,4.0,4.0,4.0,4.0,25.0,25.0,17.0,17.0,24.66666666666667,48.3,24.55836111111111,17.27777777777778,0.0
2025-10-03 22:27:08+00:00,33.76645274012474,-84.39765586694386,POINT (-84.39765586694386 33.76645274012474),6.5,7.5,6.5,7.5,5.0,5.0,5.0,5.0,27.0,27.0,21.0,21.0,24.72222222222222,48.3,24.616694444444438,17.27777777777778,0.0
2025-10-03 22:27:09+00:00,33.766464677754676,-84.39766039501039,POINT (-84.39766039501039 33.766464677754676),6.5,7.5,6.5,7.5,5.0,5.0,5.0,5.0,27.0,27.0,21.0,21.0,24.72222222222222,48.3,24.616694444444438,17.27777777777778,0.0
2025-10-03 22:27:10+00:00,33.76647661538462,-84.39766492307692,POINT (-84.39766492307692 33.76647661538462),6.5,7.5,6.5,7.5,5.0,5.0,5.0,5.0,27.0,27.0,21.0,21.0,24.72222222222222,48.3,24.616694444444438,17.27777777777778,0.0
2025-10-03 22:27:11+00:00,33.76648921621622,-84.3976697027027,POINT (-84.3976697027027 33.76648921621622),6.5,7.5,6.5,7.5,5.0,5.0,5.0,5.0,27.0,27.0,21.0,21.0,24.72222222222222,48.3,24.616694444444438,17.27777777777778,0.0
2025-10-03 22:27:12+00:00,33.766502148648655,-84.3976746081081,POINT (-84.3976746081081 33.766502148648655),6.5,7.5,6.5,7.5,5.0,5.0,5.0,5.0,27.0,27.0,21.0,21.0,24.72222222222222,48.3,24.616694444444438,17.27777777777778,0.0
2025-10-03 22:27:13+00:00,33.76651628690229,-84.39767997089398,POINT (-84.39767997089398 33.76651628690229),6.5,7.5,6.5,7.5,5.0,5.0,5.0,5.0,27.0,27.0,21.0,21.0,24.777777777777775,48.4,24.676333333333325,17.27777777777778,0.0
2025-10-03 22:27:14+00:00,33.76652955093555,-84.397685002079,POINT (-84.397685002079 33.76652955093555),6.5,7.5,6.5,7.5,5.0,5.0,5.0,5.0,27.0,27.0,21.0,21.0,24.777777777777775,48.4,24.676333333333325,17.27777777777778,0.0
2025-10-03 22:27:15+00:00,33.76655125571725,-84.39769323492723,POINT (-84.39769323492723 33.76655125571725),6.5,7.5,6.5,7.5,5.0,5.0,5.0,5.0,27.0,27.0,21.0,21.0,24.777777777777775,48.4,24.676333333333325,17.27777777777778,0.0
2025-10-03 22:27:16+00:00,33.76655849064449,-84.39769597920998,POINT (-84.39769597920998 33.76655849064449),6.5,7.5,6.5,7.5,5.0,5.0,5.0,5.0,27.0,27.0,21.0,21.0,24.777777777777775,48.4,24.676333333333325,17.27777777777778,0.0
2025-10-03 22:27:17+00:00,33.76656693139293,-84.39769918087318,POINT (-84.39769918087318 33.76656693139293),6.5,7.5,6.5,7.5,5.0,5.0,5.0,5.0,27.0,27.0,21.0,21.0,24.777777777777775,48.4,24.676333333333325,17.27777777777778,0.0
2025-10-03 22:27:18+00:00,33.766576035343036,-84.39770263409564,POINT (-84.39770263409564 33.766576035343036),6.5,7.5,6.5,7.5,5.0,5.0,5.0,5.0,27.0,27.0,21.0,21.0,24.66666666666667,48.4,24.559666666666672,17.27777777777778,0.0
2025-10-03 22:27:19+00:00,33.76658480769231,-84.39770596153846,POINT (-84.39770596153846 33.76658480769231),6.5,7.5,6.5,7.5,5.0,5.0,5.0,5.0,27.0,27.0,21.0,21.0,24.66666666666667,48.4,24.559666666666672,17.27777777777778,0.0
2025-10-03 22:27:20+00:00,33.76659291683992,-84.39770903742203,POINT (-84.39770903742203 33.76659291683992),6.5,7.5,6.5,7.5,5.0,5.0,5.0,5.0,27.0,27.0,21.0,21.0,24.66666666666667,48.4,24.559666666666672,17.27777777777778,0.0
2025-10-03 22:27:21+00:00,33.76660277442827,-84.39771277650728,POINT (-84.39771277650728 33.76660277442827),6.5,7.5,6.5,7.5,5.0,5.0,5.0,5.0,27.0,27.0,21.0,21.0,24.66666666666667,48.4,24.559666666666672,17.27777777777778,0.0
2025-10-03 22:27:22+00:00,33.76661284303535,-84.3977165956341,POINT (-84.3977165956341 33.76661284303535),6.5,7.5,6.5,7.5,5.0,5.0,5.0,5.0,27.0,27.0,21.0,21.0,24.66666666666667,48.4,24.559666666666672,17.27777777777778,0.0
2025-10-03 22:27:23+00:00,33.76662466008316,-84.39772107796257,POINT (-84.39772107796257 33.76662466008316),6.0,6.0,6.0,6.0,5.0,5.0,5.0,5.0,25.0,25.0,21.0,21.0,24.72222222222222,48.4,24.618,17.27777777777778,0.7
2025-10-03 22:27:24+00:00,33.76663768295218,-84.39772601767152,POINT (-84.39772601767152 33.76663768295218),6.0,6.0,6.0,6.0,5.0,5.0,5.0,5.0,25.0,25.0,21.0,21.0,24.72222222222222,48.4,24.618,17.27777777777778,0.7
2025-10-03 22:27:25+00:00,33.766661859667366,-84.39773518814968,POINT (-84.39773518814968 33.766661859667366),6.0,6.0,6.0,6.0,5.0,5.0,5.0,5.0,25.0,25.0,21.0,21.0,24.72222222222222,48.4,24.618,17.27777777777778,0.7
2025-10-03 22:27:26+00:00,33.76667072245322,-84.39773854989605,POINT (-84.39773854989605 33.76667072245322),6.0,6.0,6.0,6.0,5.0,5.0,5.0,5.0,25.0,25.0,21.0,21.0,24.72222222222222,48.4,24.618,17.27777777777778,0.7
2025-10-03 22:27:27+00:00,33.766680459459465,-84.39774224324324,POINT (-84.39774224324324 33.766680459459465),6.0,6.0,6.0,6.0,5.0,5.0,5.0,5.0,25.0,25.0,21.0,21.0,24.72222222222222,48.4,24.618,17.27777777777778,0.7
2025-10-03 22:27:28+00:00,33.76669993347193,-84.39774962993764,POINT (-84.39774962993764 33.76669993347193),6.0,6.0,6.0,6.0,5.0,5.0,5.0,5.0,25.0,25.0,21.0,21.0,24.66666666666667,48.5,24.56097222222223,17.27777777777778,0.0
2025-10-03 22:27:29+00:00,33.766706173596674,-84.3977519968815,POINT (-84.3977519968815 33.766706173596674),6.0,6.0,6.0,6.0,5.0,5.0,5.0,5.0,25.0,25.0,21.0,21.0,24.66666666666667,48.5,24.56097222222223,17.27777777777778,0.0
2025-10-03 22:27:30+00:00,33.76671973908524,-84.39775714241163,POINT (-84.39775714241163 33.76671973908524),6.0,6.0,6.0,6.0,5.0,5.0,5.0,5.0,25.0,25.0,21.0,21.0,24.66666666666667,48.5,24.56097222222223,17.27777777777778,0.0
2025-10-03 22:27:31+00:00,33.7667320987526,-84.39776183056134,POINT (-84.39776183056134 33.7667320987526),6.0,6.0,6.0,6.0,5.0,5.0,5.0,5.0,25.0,25.0,21.0,21.0,24.66666666666667,48.5,24.56097222222223,17.27777777777778,0.0
2025-10-03 22:27:32+00:00,33.76674445841996,-84.39776651871102,POINT (-84.39776651871102 33.76674445841996),6.0,6.0,6.0,6.0,5.0,5.0,5.0,5.0,25.0,25.0,21.0,21.0,24.66666666666667,48.5,24.56097222222223,17.27777777777778,0.0
2025-10-03 22:27:33+00:00,33.76675681808732,-84.39777120686071,POINT (-84.39777120686071 33.76675681808732),6.0,6.0,6.0,6.0,5.0,5.0,5.0,5.0,25.0,25.0,21.0,21.0,24.777777777777775,48.5,24.677638888888886,17.38888888888889,0.0
2025-10-03 22:27:34+00:00,33.766768303534306,-84.39777556340957,POINT (-84.39777556340957 33.766768303534306),6.0,6.0,6.0,6.0,5.0,5.0,5.0,5.0,25.0,25.0,21.0,21.0,24.777777777777775,48.5,24.677638888888886,17.38888888888889,0.0
2025-10-03 22:27:35+00:00,33.766788068829456,-84.39778286891713,POINT (-84.39778286891713 33.766788068829456),6.0,6.0,6.0,6.0,5.0,5.0,5.0,5.0,25.0,25.0,21.0,21.0,24.777777777777775,48.5,24.677638888888886,17.38888888888889,0.0
2025-10-03 22:27:36+00:00,33.76679669004823,-84.39778593423937,POINT (-84.39778593423937 33.76679669004823),6.0,6.0,6.0,6.0,5.0,5.0,5.0,5.0,25.0,25.0,21.0,21.0,24.777777777777775,48.5,24.677638888888886,17.38888888888889,0.0
2025-10-03 22:27:37+00:00,33.76680442349846,-84.39778868391056,POINT (-84.39778868391056 33.76680442349846),6.0,6.0,6.0,6.0,5.0,5.0,5.0,5.0,25.0,25.0,21.0,21.0,24.777777777777775,48.5,24.677638888888886,17.38888888888889,0.0
2025-10-03 22:27:38+00:00,33.766816023673826,-84.39779280841736,POINT (-84.39779280841736 33.766816023673826),6.0,6.0,6.0,6.0,6.0,6.0,6.0,6.0,25.0,25.0,25.0,25.0,24.777777777777775,48.5,24.677638888888886,17.38888888888889,0.7
2025-10-03 22:27:39+00:00,33.766824072775094,-84.39779567032004,POINT (-84.39779567032004 33.766824072775094),6.0,6.0,6.0,6.0,6.0,6.0,6.0,6.0,25.0,25.0,25.0,25.0,24.777777777777775,48.5,24.677638888888886,17.38888888888889,0.7
2025-10-03 22:27:40+00:00,33.76683060280579,-84.39779799210872,POINT (-84.39779799210872 33.76683060280579),6.0,6.0,6.0,6.0,6.0,6.0,6.0,6.0,25.0,25.0,25.0,25.0,24.777777777777775,48.5,24.677638888888886,17.38888888888889,0.7
2025-10-03 22:27:41+00:00,33.766833581762384,-84.39779905129329,POINT (-84.39779905129329 33.766833581762384),6.0,6.0,6.0,6.0,6.0,6.0,6.0,6.0,25.0,25.0,25.0,25.0,24.777777777777775,48.5,24.677638888888886,17.38888888888889,0.7
2025-10-03 22:27:42+00:00,33.766836560718986,-84.39780011047786,POINT (-84.39780011047786 33.766836560718986),6.0,6.0,6.0,6.0,6.0,6.0,6.0,6.0,25.0,25.0,25.0,25.0,24.777777777777775,48.5,24.677638888888886,17.38888888888889,0.7
2025-10-03 22:27:43+00:00,33.76683953967558,-84.39780116966243,POINT (-84.39780116966243 33.76683953967558),6.0,6.0,6.0,6.0,6.0,6.0,6.0,6.0,25.0,25.0,25.0,25.0,24.777777777777775,48.4,24.676333333333325,17.38888888888889,0.8
2025-10-03 22:27:44+00:00,33.76684670100833,-84.39780371591407,POINT (-84.39780371591407 33.76684670100833),6.0,6.0,6.0,6.0,6.0,6.0,6.0,6.0,25.0,25.0,25.0,25.0,24.777777777777775,48.4,24.676333333333325,17.38888888888889,0.8
2025-10-03 22:27:45+00:00,33.766856525646645,-84.39780720911881,POINT (-84.39780720911881 33.766856525646645),6.0,6.0,6.0,6.0,6.0,6.0,6.0,6.0,25.0,25.0,25.0,25.0,24.777777777777775,48.4,24.676333333333325,17.38888888888889,0.8
2025-10-03 22:27:46+00:00,33.766868125822,-84.3978113336256,POINT (-84.3978113336256 33.766868125822),6.0,6.0,6.0,6.0,6.0,6.0,6.0,6.0,25.0,25.0,25.0,25.0,24.777777777777775,48.4,24.676333333333325,17.38888888888889,0.8
2025-10-03 22:27:47+00:00,33.7668800416484,-84.39781557036387,POINT (-84.39781557036387 33.7668800416484),6.0,6.0,6.0,6.0,6.0,6.0,6.0,6.0,25.0,25.0,25.0,25.0,24.777777777777775,48.4,24.676333333333325,17.38888888888889,0.8
2025-10-03 22:27:48+00:00,33.76689195747479,-84.39781980710215,POINT (-84.39781980710215 33.76689195747479),6.0,6.0,6.0,6.0,6.0,6.0,6.0,6.0,25.0,25.0,25.0,25.0,24.833333333333332,48.4,24.73466666666667,17.38888888888889,0.8
2025-10-03 22:27:49+00:00,33.76690539237177,-84.3978245839544,POINT (-84.3978245839544 33.76690539237177),6.0,6.0,6.0,6.0,6.0,6.0,6.0,6.0,25.0,25.0,25.0,25.0,24.833333333333332,48.4,24.73466666666667,17.38888888888889,0.8
2025-10-03 22:27:50+00:00,33.7669200306883,-84.39782978868917,POINT (-84.39782978868917 33.7669200306883),6.0,6.0,6.0,6.0,6.0,6.0,6.0,6.0,25.0,25.0,25.0,25.0,24.833333333333332,48.4,24.73466666666667,17.38888888888889,0.8
2025-10-03 22:27:51+00:00,33.76694151468654,-84.3978374274441,POINT (-84.3978374274441 33.76694151468654),6.0,6.0,6.0,6.0,6.0,6.0,6.0,6.0,25.0,25.0,25.0,25.0,24.833333333333332,48.4,24.73466666666667,17.38888888888889,0.8
2025-10-03 22:27:52+00:00,33.76694778825077,-84.39783965804472,POINT (-84.39783965804472 33.76694778825077),6.0,6.0,6.0,6.0,6.0,6.0,6.0,6.0,25.0,25.0,25.0,25.0,24.833333333333332,48.4,24.73466666666667,17.38888888888889,0.8
2025-10-03 22:27:53+00:00,33.76697104778606,-84.39784792810171,POINT (-84.39784792810171 33.76697104778606),6.0,6.0,6.0,6.0,6.0,6.0,6.0,6.0,25.0,25.0,25.0,25.0,24.833333333333332,48.4,24.73466666666667,17.38888888888889,0.8
2025-10-03 22:27:54+00:00,33.76697972818939,-84.39785101446734,POINT (-84.39785101446734 33.76697972818939),6.0,6.0,6.0,6.0,6.0,6.0,6.0,6.0,25.0,25.0,25.0,25.0,24.833333333333332,48.4,24.73466666666667,17.38888888888889,0.8
2025-10-03 22:27:55+00:00,33.76698898071021,-84.39785430425252,POINT (-84.39785430425252 33.76698898071021),6.0,6.0,6.0,6.0,6.0,6.0,6.0,6.0,25.0,25.0,25.0,25.0,24.833333333333332,48.4,24.73466666666667,17.38888888888889,0.8
2025-10-03 22:27:56+00:00,33.76700209995616,-84.3978589688733,POINT (-84.3978589688733 33.76700209995616),6.0,6.0,6.0,6.0,6.0,6.0,6.0,6.0,25.0,25.0,25.0,25.0,24.833333333333332,48.4,24.73466666666667,17.38888888888889,0.8
2025-10-03 22:27:57+00:00,33.7670157913196,-84.39786383691363,POINT (-84.39786383691363 33.7670157913196),6.0,6.0,6.0,6.0,6.0,6.0,6.0,6.0,25.0,25.0,25.0,25.0,24.833333333333332,48.4,24.73466666666667,17.38888888888889,0.8
2025-10-03 22:27:58+00:00,33.767028279263485,-84.39786827707147,POINT (-84.39786827707147 33.767028279263485),6.0,6.0,6.0,6.0,6.0,6.0,6.0,6.0,25.0,25.0,25.0,25.0,24.88888888888889,48.4,24.792999999999996,17.5,0.9
2025-10-03 22:27:59+00:00,33.76703956378781,-84.39787228934678,POINT (-84.39787228934678 33.76703956378781),6.0,6.0,6.0,6.0,6.0,6.0,6.0,6.0,25.0,25.0,25.0,25.0,24.88888888888889,48.4,24.792999999999996,17.5,0.9
2025-10-03 22:28:00+00:00,33.76704996054362,-84.39787598597107,POINT (-84.39787598597107 33.76704996054362),6.0,6.0,6.0,6.0,6.0,6.0,6.0,6.0,25.0,25.0,25.0,25.0,24.88888888888889,48.4,24.792999999999996,17.5,0.9
2025-10-03 22:28:01+00:00,33.767061560718986,-84.39788011047786,POINT (-84.39788011047786 33.767061560718986),6.0,6.0,6.0,6.0,6.0,6.0,6.0,6.0,25.0,25.0,25.0,25.0,24.88888888888889,48.4,24.792999999999996,17.5,0.9
2025-10-03 22:28:02+00:00,33.76707227312582,-84.39788391933362,POINT (-84.39788391933362 33.76707227312582),6.0,6.0,6.0,6.0,6.0,6.0,6.0,6.0,25.0,25.0,25.0,25.0,24.88888888888889,48.4,24.792999999999996,17.5,0.9
2025-10-03 22:28:03+00:00,33.76708387330118,-84.39788804384042,POINT (-84.39788804384042 33.76708387330118),6.0,6.0,6.0,6.0,6.0,6.0,6.0,6.0,25.0,25.0,25.0,25.0,24.833333333333332,48.4,24.73466666666667,17.38888888888889,0.9
2025-10-03 22:28:04+00:00,33.767095473476544,-84.39789216834721,POINT (-84.39789216834721 33.767095473476544),6.0,6.0,6.0,6.0,6.0,6.0,6.0,6.0,25.0,25.0,25.0,25.0,24.833333333333332,48.4,24.73466666666667,17.38888888888889,0.9
2025-10-03 22:28:05+00:00,33.76710916483998,-84.39789703638755,POINT (-84.39789703638755 33.76710916483998),6.0,6.0,6.0,6.0,6.0,6.0,6.0,6.0,25.0,25.0,25.0,25.0,24.833333333333332,48.4,24.73466666666667,17.38888888888889,0.9
2025-10-03 22:28:06+00:00,33.767132049539676,-84.39790517316966,POINT (-84.39790517316966 33.767132049539676),6.0,6.0,6.0,6.0,6.0,6.0,6.0,6.0,25.0,25.0,25.0,25.0,24.833333333333332,48.4,24.73466666666667,17.38888888888889,0.9
2025-10-03 22:28:07+00:00,33.76714067075844,-84.3979082384919,POINT (-84.3979082384919 33.76714067075844),6.0,6.0,6.0,6.0,6.0,6.0,6.0,6.0,25.0,25.0,25.0,25.0,24.833333333333332,48.4,24.73466666666667,17.38888888888889,0.9
2025-10-03 22:28:08+00:00,33.767149291977205,-84.39791130381411,POINT (-84.39791130381411 33.767149291977205),6.0,6.0,6.0,6.0,5.5,5.5,5.5,5.5,25.0,25.0,23.0,23.0,24.944444444444446,48.5,24.852638888888894,17.5,0.0
2025-10-03 22:28:09+00:00,33.76716146427006,-84.39791563174046,POINT (-84.39791563174046 33.76716146427006),6.0,6.0,6.0,6.0,5.5,5.5,5.5,5.5,25.0,25.0,23.0,23.0,24.944444444444446,48.5,24.852638888888894,17.5,0.0
2025-10-03 22:28:10+00:00,33.76717332091188,-84.39791984743533,POINT (-84.39791984743533 33.76717332091188),6.0,6.0,6.0,6.0,5.5,5.5,5.5,5.5,25.0,25.0,23.0,23.0,24.944444444444446,48.5,24.852638888888894,17.5,0.0
2025-10-03 22:28:11+00:00,33.7671851775537,-84.3979240631302,POINT (-84.3979240631302 33.7671851775537),6.0,6.0,6.0,6.0,5.5,5.5,5.5,5.5,25.0,25.0,23.0,23.0,24.944444444444446,48.5,24.852638888888894,17.5,0.0
2025-10-03 22:28:12+00:00,33.76719760631302,-84.39792848224462,POINT (-84.39792848224462 33.76719760631302),6.0,6.0,6.0,6.0,5.5,5.5,5.5,5.5,25.0,25.0,23.0,23.0,24.944444444444446,48.5,24.852638888888894,17.5,0.0
2025-10-03 22:28:13+00:00,33.76721003507233,-84.39793290135906,POINT (-84.39793290135906 33.76721003507233),6.0,6.0,6.0,6.0,5.5,5.5,5.5,5.5,25.0,25.0,23.0,23.0,24.944444444444446,48.6,24.853944444444444,17.61111111111111,0.0
2025-10-03 22:28:14+00:00,33.76722481148619,-84.39793815519509,POINT (-84.39793815519509 33.76722481148619),6.0,6.0,6.0,6.0,5.5,5.5,5.5,5.5,25.0,25.0,23.0,23.0,24.944444444444446,48.6,24.853944444444444,17.61111111111111,0.0
2025-10-03 22:28:15+00:00,33.76723870013152,-84.39794309338009,POINT (-84.39794309338009 33.76723870013152),6.0,6.0,6.0,6.0,5.5,5.5,5.5,5.5,25.0,25.0,23.0,23.0,24.944444444444446,48.6,24.853944444444444,17.61111111111111,0.0
2025-10-03 22:28:16+00:00,33.76726146646208,-84.39795118807541,POINT (-84.39795118807541 33.76726146646208),6.0,6.0,6.0,6.0,5.5,5.5,5.5,5.5,25.0,25.0,23.0,23.0,24.944444444444446,48.6,24.853944444444444,17.61111111111111,0.0
2025-10-03 22:28:17+00:00,33.767270344147306,-84.39795434458571,POINT (-84.39795434458571 33.767270344147306),6.0,6.0,6.0,6.0,5.5,5.5,5.5,5.5,25.0,25.0,23.0,23.0,24.944444444444446,48.6,24.853944444444444,17.61111111111111,0.0
2025-10-03 22:28:18+00:00,33.76727922183253,-84.39795750109602,POINT (-84.39795750109602 33.76727922183253),6.0,6.0,6.0,6.0,5.5,5.5,5.5,5.5,25.0,25.0,23.0,23.0,24.88888888888889,48.5,24.794305555555557,17.5,0.0
2025-10-03 22:28:19+00:00,33.76729190705831,-84.3979620113985,POINT (-84.3979620113985 33.76729190705831),6.0,6.0,6.0,6.0,5.5,5.5,5.5,5.5,25.0,25.0,23.0,23.0,24.88888888888889,48.5,24.794305555555557,17.5,0.0
2025-10-03 22:28:20+00:00,33.76730490793511,-84.39796663393248,POINT (-84.39796663393248 33.76730490793511),6.0,6.0,6.0,6.0,5.5,5.5,5.5,5.5,25.0,25.0,23.0,23.0,24.88888888888889,48.5,24.794305555555557,17.5,0.0
2025-10-03 22:28:21+00:00,33.76732589872862,-84.39797409732573,POINT (-84.39797409732573 33.76732589872862),6.0,6.0,6.0,6.0,5.5,5.5,5.5,5.5,25.0,25.0,23.0,23.0,24.88888888888889,48.5,24.794305555555557,17.5,0.0
2025-10-03 22:28:22+00:00,33.7673335729943,-84.39797682595353,POINT (-84.39797682595353 33.7673335729943),6.0,6.0,6.0,6.0,5.5,5.5,5.5,5.5,25.0,25.0,23.0,23.0,24.88888888888889,48.5,24.794305555555557,17.5,0.0
2025-10-03 22:28:23+00:00,33.76734245067953,-84.39797998246384,POINT (-84.39797998246384 33.76734245067953),5.0,6.0,5.0,6.0,9.0,9.0,9.0,9.0,21.0,21.0,38.0,38.0,24.944444444444446,48.4,24.85133333333334,17.5,0.0
2025-10-03 22:28:24+00:00,33.76736014686541,-84.39798627444104,POINT (-84.39798627444104 33.76736014686541),5.0,6.0,5.0,6.0,9.0,9.0,9.0,9.0,21.0,21.0,38.0,38.0,24.944444444444446,48.4,24.85133333333334,17.5,0.0
2025-10-03 22:28:25+00:00,33.767365157825516,-84.39798805611574,POINT (-84.39798805611574 33.767365157825516),5.0,6.0,5.0,6.0,9.0,9.0,9.0,9.0,21.0,21.0,38.0,38.0,24.944444444444446,48.4,24.85133333333334,17.5,0.0
2025-10-03 22:28:26+00:00,33.767377014467336,-84.39799227181061,POINT (-84.39799227181061 33.767377014467336),5.0,6.0,5.0,6.0,9.0,9.0,9.0,9.0,21.0,21.0,38.0,38.0,24.944444444444446,48.4,24.85133333333334,17.5,0.0
2025-10-03 22:28:27+00:00,33.76738950241122,-84.39799671196843,POINT (-84.39799671196843 33.76738950241122),5.0,6.0,5.0,6.0,9.0,9.0,9.0,9.0,21.0,21.0,38.0,38.0,24.944444444444446,48.4,24.85133333333334,17.5,0.0
2025-10-03 22:28:28+00:00,33.76740262165717,-84.39800137658922,POINT (-84.39800137658922 33.76740262165717),5.0,6.0,5.0,6.0,9.0,9.0,9.0,9.0,21.0,21.0,38.0,38.0,24.944444444444446,48.4,24.85133333333334,17.5,0.0
2025-10-03 22:28:29+00:00,33.76741605655414,-84.39800615344147,POINT (-84.39800615344147 33.76741605655414),5.0,6.0,5.0,6.0,9.0,9.0,9.0,9.0,21.0,21.0,38.0,38.0,24.944444444444446,48.4,24.85133333333334,17.5,0.0
2025-10-03 22:28:30+00:00,33.767428919333625,-84.39801072687418,POINT (-84.39801072687418 33.767428919333625),5.0,6.0,5.0,6.0,9.0,9.0,9.0,9.0,21.0,21.0,38.0,38.0,24.944444444444446,48.4,24.85133333333334,17.5,0.0
2025-10-03 22:28:31+00:00,33.76744178211311,-84.39801530030688,POINT (-84.39801530030688 33.76744178211311),5.0,6.0,5.0,6.0,9.0,9.0,9.0,9.0,21.0,21.0,38.0,38.0,24.944444444444446,48.4,24.85133333333334,17.5,0.0
2025-10-03 22:28:32+00:00,33.7674540727751,-84.39801967032004,POINT (-84.39801967032004 33.7674540727751),5.0,6.0,5.0,6.0,9.0,9.0,9.0,9.0,21.0,21.0,38.0,38.0,24.944444444444446,48.4,24.85133333333334,17.5,0.0
2025-10-03 22:28:33+00:00,33.767464272249015,-84.39802329679965,POINT (-84.39802329679965 33.767464272249015),5.0,6.0,5.0,6.0,9.0,9.0,9.0,9.0,21.0,21.0,38.0,38.0,24.833333333333332,48.3,24.73336111111111,17.38888888888889,0.0
2025-10-03 22:28:34+00:00,33.76747782551512,-84.39802811573871,POINT (-84.39802811573871 33.76747782551512),5.0,6.0,5.0,6.0,9.0,9.0,9.0,9.0,21.0,21.0,38.0,38.0,24.833333333333332,48.3,24.73336111111111,17.38888888888889,0.0
2025-10-03 22:28:35+00:00,33.76748352696186,-84.39803014291978,POINT (-84.39803014291978 33.76748352696186),5.0,6.0,5.0,6.0,9.0,9.0,9.0,9.0,21.0,21.0,38.0,38.0,24.833333333333332,48.3,24.73336111111111,17.38888888888889,0.0
2025-10-03 22:28:36+00:00,33.7674886562911,-84.39803196668127,POINT (-84.39803196668127 33.7674886562911),5.0,6.0,5.0,6.0,9.0,9.0,9.0,9.0,21.0,21.0,38.0,38.0,24.833333333333332,48.3,24.73336111111111,17.38888888888889,0.0
2025-10-03 22:28:37+00:00,33.767505957913194,-84.39803811836913,POINT (-84.39803811836913 33.767505957913194),5.0,6.0,5.0,6.0,9.0,9.0,9.0,9.0,21.0,21.0,38.0,38.0,24.833333333333332,48.3,24.73336111111111,17.38888888888889,0.0
2025-10-03 22:28:38+00:00,33.767515466900484,-84.3980414993424,POINT (-84.3980414993424 33.767515466900484),7.0,8.0,7.0,8.0,9.0,9.0,9.0,9.0,29.0,29.0,38.0,38.0,24.88888888888889,48.3,24.791694444444445,17.38888888888889,0.0
2025-10-03 22:28:39+00:00,33.767524088119245,-84.39804456466462,POINT (-84.39804456466462 33.767524088119245),7.0,8.0,7.0,8.0,9.0,9.0,9.0,9.0,29.0,29.0,38.0,38.0,24.88888888888889,48.3,24.791694444444445,17.38888888888889,0.0
2025-10-03 22:28:40+00:00,33.76753359710653,-84.39804794563787,POINT (-84.39804794563787 33.76753359710653),7.0,8.0,7.0,8.0,9.0,9.0,9.0,9.0,29.0,29.0,38.0,38.0,24.88888888888889,48.3,24.791694444444445,17.38888888888889,0.0
2025-10-03 22:28:41+00:00,33.767542218325296,-84.3980510109601,POINT (-84.3980510109601 33.767542218325296),7.0,8.0,7.0,8.0,9.0,9.0,9.0,9.0,29.0,29.0,38.0,38.0,24.88888888888889,48.3,24.791694444444445,17.38888888888889,0.0
2025-10-03 22:28:42+00:00,33.76755350284963,-84.39805502323543,POINT (-84.39805502323543 33.76755350284963),7.0,8.0,7.0,8.0,9.0,9.0,9.0,9.0,29.0,29.0,38.0,38.0,24.88888888888889,48.3,24.791694444444445,17.38888888888889,0.0
2025-10-03 22:28:43+00:00,33.76756421525646,-84.3980588320912,POINT (-84.3980588320912 33.76756421525646),7.0,8.0,7.0,8.0,9.0,9.0,9.0,9.0,29.0,29.0,38.0,38.0,24.88888888888889,48.2,24.790388888888895,17.38888888888889,0.0
2025-10-03 22:28:44+00:00,33.76757853792196,-84.39806392459448,POINT (-84.39806392459448 33.76757853792196),7.0,8.0,7.0,8.0,9.0,9.0,9.0,9.0,29.0,29.0,38.0,38.0,24.88888888888889,48.2,24.790388888888895,17.38888888888889,0.0
2025-10-03 22:28:45+00:00,33.76759317623849,-84.39806912932924,POINT (-84.39806912932924 33.76759317623849),7.0,8.0,7.0,8.0,9.0,9.0,9.0,9.0,29.0,29.0,38.0,38.0,24.88888888888889,48.2,24.790388888888895,17.38888888888889,0.0
2025-10-03 22:28:46+00:00,33.76760876150811,-84.39807467075843,POINT (-84.39807467075843 33.76760876150811),7.0,8.0,7.0,8.0,9.0,9.0,9.0,9.0,29.0,29.0,38.0,38.0,24.88888888888889,48.2,24.790388888888895,17.38888888888889,0.0
2025-10-03 22:28:47+00:00,33.76763245506357,-84.39808309513371,POINT (-84.39808309513371 33.76763245506357),7.0,8.0,7.0,8.0,9.0,9.0,9.0,9.0,29.0,29.0,38.0,38.0,24.88888888888889,48.2,24.790388888888895,17.38888888888889,0.0
2025-10-03 22:28:48+00:00,33.76764024769838,-84.39808586584832,POINT (-84.39808586584832 33.76764024769838),7.0,8.0,7.0,8.0,9.0,9.0,9.0,9.0,29.0,29.0,38.0,38.0,24.944444444444446,48.2,24.84872222222222,17.38888888888889,0.0
2025-10-03 22:28:49+00:00,33.76765614861903,-84.398091519509,POINT (-84.398091519509 33.76765614861903),7.0,8.0,7.0,8.0,9.0,9.0,9.0,9.0,29.0,29.0,38.0,38.0,24.944444444444446,48.2,24.84872222222222,17.38888888888889,0.0
2025-10-03 22:28:50+00:00,33.76767173388865,-84.39809706093818,POINT (-84.39809706093818 33.76767173388865),7.0,8.0,7.0,8.0,9.0,9.0,9.0,9.0,29.0,29.0,38.0,38.0,24.944444444444446,48.2,24.84872222222222,17.38888888888889,0.0
2025-10-03 22:28:51+00:00,33.76768624979045,-84.39810253897737,POINT (-84.39810253897737 33.76768624979045),7.0,8.0,7.0,8.0,9.0,9.0,9.0,9.0,29.0,29.0,38.0,38.0,24.944444444444446,48.2,24.84872222222222,17.38888888888889,0.0
2025-10-03 22:28:52+00:00,33.767710712489524,-84.39811247694887,POINT (-84.39811247694887 33.767710712489524),7.0,8.0,7.0,8.0,9.0,9.0,9.0,9.0,29.0,29.0,38.0,38.0,24.944444444444446,48.2,24.84872222222222,17.38888888888889,0.0
2025-10-03 22:28:53+00:00,33.76771881307628,-84.39811576781224,POINT (-84.39811576781224 33.76771881307628),8.0,8.5,8.0,8.5,5.5,5.5,5.5,5.5,33.0,33.0,23.0,23.0,25.0,48.3,24.90836111111111,17.5,0.0
2025-10-03 22:28:54+00:00,33.76774861357921,-84.39812787426655,POINT (-84.39812787426655 33.76774861357921),8.0,8.5,8.0,8.5,5.5,5.5,5.5,5.5,33.0,33.0,23.0,23.0,25.0,48.3,24.90836111111111,17.5,0.0
2025-10-03 22:28:55+00:00,33.767761354568314,-84.39813305029338,POINT (-84.39813305029338 33.767761354568314),8.0,8.5,8.0,8.5,5.5,5.5,5.5,5.5,33.0,33.0,23.0,23.0,25.0,48.3,24.90836111111111,17.5,0.0
2025-10-03 22:28:56+00:00,33.76777358591786,-84.39813801927913,POINT (-84.39813801927913 33.76777358591786),8.0,8.5,8.0,8.5,5.5,5.5,5.5,5.5,33.0,33.0,23.0,23.0,25.0,48.3,24.90836111111111,17.5,0.0
2025-10-03 22:28:57+00:00,33.767802179379714,-84.398149635373,POINT (-84.398149635373 33.767802179379714),8.0,8.5,8.0,8.5,5.5,5.5,5.5,5.5,33.0,33.0,23.0,23.0,25.0,48.3,24.90836111111111,17.5,0.0
2025-10-03 22:28:58+00:00,33.767812854987426,-84.39815397233865,POINT (-84.39815397233865 33.767812854987426),8.0,8.5,8.0,8.5,5.5,5.5,5.5,5.5,33.0,33.0,23.0,23.0,25.0,48.4,24.909666666666666,17.5,0.0
2025-10-03 22:28:59+00:00,33.76782387929589,-84.39815845096396,POINT (-84.39815845096396 33.76782387929589),8.0,8.5,8.0,8.5,5.5,5.5,5.5,5.5,33.0,33.0,23.0,23.0,25.0,48.4,24.909666666666666,17.5,0.0
2025-10-03 22:29:00+00:00,33.76784506957251,-84.39816705951384,POINT (-84.39816705951384 33.76784506957251),8.0,8.5,8.0,8.5,5.5,5.5,5.5,5.5,33.0,33.0,23.0,23.0,25.0,48.4,24.909666666666666,17.5,0.0
2025-10-03 22:29:01+00:00,33.76785196311819,-84.39816986001676,POINT (-84.39816986001676 33.76785196311819),8.0,8.5,8.0,8.5,5.5,5.5,5.5,5.5,33.0,33.0,23.0,23.0,25.0,48.4,24.909666666666666,17.5,0.0
2025-10-03 22:29:02+00:00,33.76787452137469,-84.39817902430846,POINT (-84.39817902430846 33.76787452137469),8.0,8.5,8.0,8.5,5.5,5.5,5.5,5.5,33.0,33.0,23.0,23.0,25.0,48.4,24.909666666666666,17.5,0.0
2025-10-03 22:29:03+00:00,33.76788278290025,-84.39818238055322,POINT (-84.39818238055322 33.76788278290025),8.0,8.5,8.0,8.5,5.5,5.5,5.5,5.5,33.0,33.0,23.0,23.0,25.0,48.3,24.90836111111111,17.5,0.9
2025-10-03 22:29:04+00:00,33.76789225146689,-84.39818622715842,POINT (-84.39818622715842 33.76789225146689),8.0,8.5,8.0,8.5,5.5,5.5,5.5,5.5,33.0,33.0,23.0,23.0,25.0,48.3,24.90836111111111,17.5,0.9
2025-10-03 22:29:05+00:00,33.76790464375524,-84.39819126152557,POINT (-84.39819126152557 33.76790464375524),8.0,8.5,8.0,8.5,5.5,5.5,5.5,5.5,33.0,33.0,23.0,23.0,25.0,48.3,24.90836111111111,17.5,0.9
2025-10-03 22:29:06+00:00,33.767917196982395,-84.3981963612741,POINT (-84.3981963612741 33.767917196982395),8.0,8.5,8.0,8.5,5.5,5.5,5.5,5.5,33.0,33.0,23.0,23.0,25.0,48.3,24.90836111111111,17.5,0.9
2025-10-03 22:29:07+00:00,33.76793817267393,-84.39820488264878,POINT (-84.39820488264878 33.76793817267393),8.0,8.5,8.0,8.5,5.5,5.5,5.5,5.5,33.0,33.0,23.0,23.0,25.0,48.3,24.90836111111111,17.5,0.9
2025-10-03 22:29:08+00:00,33.76794573679799,-84.39820795557418,POINT (-84.39820795557418 33.76794573679799),7.0,7.5,7.0,7.5,6.0,6.0,6.0,6.0,29.0,29.0,25.0,25.0,25.0,48.1,24.905750000000005,17.5,0.9
2025-10-03 22:29:09+00:00,33.767953649622804,-84.39821117015926,POINT (-84.39821117015926 33.767953649622804),7.0,7.5,7.0,7.5,6.0,6.0,6.0,6.0,29.0,29.0,25.0,25.0,25.0,48.1,24.905750000000005,17.5,0.9
2025-10-03 22:29:10+00:00,33.76796534450964,-84.39821592120704,POINT (-84.39821592120704 33.76796534450964),7.0,7.5,7.0,7.5,6.0,6.0,6.0,6.0,29.0,29.0,25.0,25.0,25.0,48.1,24.905750000000005,17.5,0.9
2025-10-03 22:29:11+00:00,33.76797618105616,-84.39822032355407,POINT (-84.39822032355407 33.76797618105616),7.0,7.5,7.0,7.5,6.0,6.0,6.0,6.0,29.0,29.0,25.0,25.0,25.0,48.1,24.905750000000005,17.5,0.9
2025-10-03 22:29:12+00:00,33.76798752724225,-84.39822493294216,POINT (-84.39822493294216 33.76798752724225),7.0,7.5,7.0,7.5,6.0,6.0,6.0,6.0,29.0,29.0,25.0,25.0,25.0,48.1,24.905750000000005,17.5,0.9
2025-10-03 22:29:13+00:00,33.768000355029585,-84.39823014792898,POINT (-84.39823014792898 33.768000355029585),7.0,7.5,7.0,7.5,6.0,6.0,6.0,6.0,29.0,29.0,25.0,25.0,24.88888888888889,48.0,24.787777777777777,17.27777777777778,0.9
2025-10-03 22:29:14+00:00,33.768013704142014,-84.39823571005917,POINT (-84.39823571005917 33.768013704142014),7.0,7.5,7.0,7.5,6.0,6.0,6.0,6.0,29.0,29.0,25.0,25.0,24.88888888888889,48.0,24.787777777777777,17.27777777777778,0.9
2025-10-03 22:29:15+00:00,33.768030958579885,-84.39824289940829,POINT (-84.39824289940829 33.768030958579885),7.0,7.5,7.0,7.5,6.0,6.0,6.0,6.0,29.0,29.0,25.0,25.0,24.88888888888889,48.0,24.787777777777777,17.27777777777778,0.9
2025-10-03 22:29:16+00:00,33.76803678106509,-84.39824532544378,POINT (-84.39824532544378 33.76803678106509),7.0,7.5,7.0,7.5,6.0,6.0,6.0,6.0,29.0,29.0,25.0,25.0,24.88888888888889,48.0,24.787777777777777,17.27777777777778,0.9
2025-10-03 22:29:17+00:00,33.76804856804734,-84.3982502366864,POINT (-84.3982502366864 33.76804856804734),7.0,7.5,7.0,7.5,6.0,6.0,6.0,6.0,29.0,29.0,25.0,25.0,24.88888888888889,48.0,24.787777777777777,17.27777777777778,0.9
2025-10-03 22:29:18+00:00,33.76806035502959,-84.39825514792899,POINT (-84.39825514792899 33.76806035502959),7.0,7.5,7.0,7.5,6.0,6.0,6.0,6.0,29.0,29.0,25.0,25.0,24.833333333333332,47.8,24.726833333333328,17.27777777777778,0.9
2025-10-03 22:29:19+00:00,33.76807128994083,-84.398259704142,POINT (-84.398259704142 33.76807128994083),7.0,7.5,7.0,7.5,6.0,6.0,6.0,6.0,29.0,29.0,25.0,25.0,24.833333333333332,47.8,24.726833333333328,17.27777777777778,0.9
2025-10-03 22:29:20+00:00,33.76808101775148,-84.39826375739645,POINT (-84.39826375739645 33.76808101775148),7.0,7.5,7.0,7.5,6.0,6.0,6.0,6.0,29.0,29.0,25.0,25.0,24.833333333333332,47.8,24.726833333333328,17.27777777777778,0.9
2025-10-03 22:29:21+00:00,33.76809074556213,-84.39826781065088,POINT (-84.39826781065088 33.76809074556213),7.0,7.5,7.0,7.5,6.0,6.0,6.0,6.0,29.0,29.0,25.0,25.0,24.833333333333332,47.8,24.726833333333328,17.27777777777778,0.9
2025-10-03 22:29:22+00:00,33.7681009704142,-84.39827207100592,POINT (-84.39827207100592 33.7681009704142),7.0,7.5,7.0,7.5,6.0,6.0,6.0,6.0,29.0,29.0,25.0,25.0,24.833333333333332,47.8,24.726833333333328,17.27777777777778,0.9
2025-10-03 22:29:23+00:00,33.76811275739645,-84.39827698224852,POINT (-84.39827698224852 33.76811275739645),6.0,6.0,6.0,6.0,7.0,7.0,7.0,7.0,25.0,25.0,29.0,29.0,24.777777777777775,47.6,24.665888888888883,17.22222222222222,0.0
2025-10-03 22:29:24+00:00,33.7681245443787,-84.39828189349112,POINT (-84.39828189349112 33.7681245443787),6.0,6.0,6.0,6.0,7.0,7.0,7.0,7.0,25.0,25.0,29.0,29.0,24.777777777777775,47.6,24.665888888888883,17.22222222222222,0.0
2025-10-03 22:29:25+00:00,33.76813633136095,-84.39828680473373,POINT (-84.39828680473373 33.76813633136095),6.0,6.0,6.0,6.0,7.0,7.0,7.0,7.0,25.0,25.0,29.0,29.0,24.777777777777775,47.6,24.665888888888883,17.22222222222222,0.0
2025-10-03 22:29:26+00:00,33.768147266272194,-84.39829136094674,POINT (-84.39829136094674 33.768147266272194),6.0,6.0,6.0,6.0,7.0,7.0,7.0,7.0,25.0,25.0,29.0,29.0,24.777777777777775,47.6,24.665888888888883,17.22222222222222,0.0
2025-10-03 22:29:27+00:00,33.76816026035503,-84.39829677514793,POINT (-84.39829677514793 33.76816026035503),6.0,6.0,6.0,6.0,7.0,7.0,7.0,7.0,25.0,25.0,29.0,29.0,24.777777777777775,47.6,24.665888888888883,17.22222222222222,0.0
2025-10-03 22:29:28+00:00,33.768178579881656,-84.39830440828402,POINT (-84.39830440828402 33.768178579881656),6.0,6.0,6.0,6.0,7.0,7.0,7.0,7.0,25.0,25.0,29.0,29.0,24.72222222222222,47.5,24.606249999999996,17.11111111111111,0.9
2025-10-03 22:29:29+00:00,33.76818440236687,-84.39830683431953,POINT (-84.39830683431953 33.76818440236687),6.0,6.0,6.0,6.0,7.0,7.0,7.0,7.0,25.0,25.0,29.0,29.0,24.72222222222222,47.5,24.606249999999996,17.11111111111111,0.9
2025-10-03 22:29:30+00:00,33.768196047337284,-84.39831168639053,POINT (-84.39831168639053 33.768196047337284),6.0,6.0,6.0,6.0,7.0,7.0,7.0,7.0,25.0,25.0,29.0,29.0,24.72222222222222,47.5,24.606249999999996,17.11111111111111,0.9
2025-10-03 22:29:31+00:00,33.768207834319526,-84.39831659763313,POINT (-84.39831659763313 33.768207834319526),6.0,6.0,6.0,6.0,7.0,7.0,7.0,7.0,25.0,25.0,29.0,29.0,24.72222222222222,47.5,24.606249999999996,17.11111111111111,0.9
2025-10-03 22:29:32+00:00,33.76821997633136,-84.39832165680473,POINT (-84.39832165680473 33.76821997633136),6.0,6.0,6.0,6.0,7.0,7.0,7.0,7.0,25.0,25.0,29.0,29.0,24.72222222222222,47.5,24.606249999999996,17.11111111111111,0.9
2025-10-03 22:29:33+00:00,33.76823723076923,-84.39832884615385,POINT (-84.39832884615385 33.76823723076923),6.0,6.0,6.0,6.0,7.0,7.0,7.0,7.0,25.0,25.0,29.0,29.0,24.61111111111111,47.4,24.488277777777782,17.0,0.8
2025-10-03 22:29:34+00:00,33.76824269822485,-84.39833112426035,POINT (-84.39833112426035 33.76824269822485),6.0,6.0,6.0,6.0,7.0,7.0,7.0,7.0,25.0,25.0,29.0,29.0,24.61111111111111,47.4,24.488277777777782,17.0,0.8
2025-10-03 22:29:35+00:00,33.76825228402367,-84.3983351183432,POINT (-84.3983351183432 33.76825228402367),6.0,6.0,6.0,6.0,7.0,7.0,7.0,7.0,25.0,25.0,29.0,29.0,24.61111111111111,47.4,24.488277777777782,17.0,0.8
2025-10-03 22:29:36+00:00,33.76825981065089,-84.39833825443786,POINT (-84.39833825443786 33.76825981065089),6.0,6.0,6.0,6.0,7.0,7.0,7.0,7.0,25.0,25.0,29.0,29.0,24.61111111111111,47.4,24.488277777777782,17.0,0.8
2025-10-03 22:29:37+00:00,33.768265278106504,-84.39834053254438,POINT (-84.39834053254438 33.768265278106504),6.0,6.0,6.0,6.0,7.0,7.0,7.0,7.0,25.0,25.0,29.0,29.0,24.61111111111111,47.4,24.488277777777782,17.0,0.8
2025-10-03 22:29:38+00:00,33.76827195266272,-84.39834331360947,POINT (-84.39834331360947 33.76827195266272),5.5,5.5,5.5,5.5,7.0,7.0,7.0,7.0,23.0,23.0,29.0,29.0,24.66666666666667,47.4,24.546611111111115,17.11111111111111,0.9
2025-10-03 22:29:39+00:00,33.768281538461544,-84.3983473076923,POINT (-84.3983473076923 33.768281538461544),5.5,5.5,5.5,5.5,7.0,7.0,7.0,7.0,23.0,23.0,29.0,29.0,24.66666666666667,47.4,24.546611111111115,17.11111111111111,0.9
2025-10-03 22:29:40+00:00,33.76829147928994,-84.39835144970414,POINT (-84.39835144970414 33.76829147928994),5.5,5.5,5.5,5.5,7.0,7.0,7.0,7.0,23.0,23.0,29.0,29.0,24.66666666666667,47.4,24.546611111111115,17.11111111111111,0.9
2025-10-03 22:29:41+00:00,33.76830227218935,-84.39835594674557,POINT (-84.39835594674557 33.76830227218935),5.5,5.5,5.5,5.5,7.0,7.0,7.0,7.0,23.0,23.0,29.0,29.0,24.66666666666667,47.4,24.546611111111115,17.11111111111111,0.9
2025-10-03 22:29:42+00:00,33.768313065088755,-84.39836044378698,POINT (-84.39836044378698 33.768313065088755),5.5,5.5,5.5,5.5,7.0,7.0,7.0,7.0,23.0,23.0,29.0,29.0,24.66666666666667,47.4,24.546611111111115,17.11111111111111,0.9
2025-10-03 22:29:43+00:00,33.76832350295858,-84.3983647928994,POINT (-84.3983647928994 33.76832350295858),5.5,5.5,5.5,5.5,7.0,7.0,7.0,7.0,23.0,23.0,29.0,29.0,24.66666666666667,47.4,24.546611111111115,17.11111111111111,0.0
2025-10-03 22:29:44+00:00,33.768333088757394,-84.39836878698225,POINT (-84.39836878698225 33.768333088757394),5.5,5.5,5.5,5.5,7.0,7.0,7.0,7.0,23.0,23.0,29.0,29.0,24.66666666666667,47.4,24.546611111111115,17.11111111111111,0.0
2025-10-03 22:29:45+00:00,33.768342674556216,-84.39837278106509,POINT (-84.39837278106509 33.768342674556216),5.5,5.5,5.5,5.5,7.0,7.0,7.0,7.0,23.0,23.0,29.0,29.0,24.66666666666667,47.4,24.546611111111115,17.11111111111111,0.0
2025-10-03 22:29:46+00:00,33.7683529704142,-84.39837707100591,POINT (-84.39837707100591 33.7683529704142),5.5,5.5,5.5,5.5,7.0,7.0,7.0,7.0,23.0,23.0,29.0,29.0,24.66666666666667,47.4,24.546611111111115,17.11111111111111,0.0
2025-10-03 22:29:47+00:00,33.768364473372785,-84.39838186390533,POINT (-84.39838186390533 33.768364473372785),5.5,5.5,5.5,5.5,7.0,7.0,7.0,7.0,23.0,23.0,29.0,29.0,24.66666666666667,47.4,24.546611111111115,17.11111111111111,0.0
2025-10-03 22:29:48+00:00,33.76837718343196,-84.39838715976332,POINT (-84.39838715976332 33.76837718343196),5.5,5.5,5.5,5.5,7.0,7.0,7.0,7.0,23.0,23.0,29.0,29.0,24.66666666666667,47.5,24.547916666666666,17.11111111111111,0.0
2025-10-03 22:29:49+00:00,33.768389396449706,-84.39839224852071,POINT (-84.39839224852071 33.768389396449706),5.5,5.5,5.5,5.5,7.0,7.0,7.0,7.0,23.0,23.0,29.0,29.0,24.66666666666667,47.5,24.547916666666666,17.11111111111111,0.0
2025-10-03 22:29:50+00:00,33.768402461538464,-84.3983976923077,POINT (-84.3983976923077 33.768402461538464),5.5,5.5,5.5,5.5,7.0,7.0,7.0,7.0,23.0,23.0,29.0,29.0,24.66666666666667,47.5,24.547916666666666,17.11111111111111,0.0
2025-10-03 22:29:51+00:00,33.768415029585796,-84.39840292899407,POINT (-84.39840292899407 33.768415029585796),5.5,5.5,5.5,5.5,7.0,7.0,7.0,7.0,23.0,23.0,29.0,29.0,24.66666666666667,47.5,24.547916666666666,17.11111111111111,0.0
2025-10-03 22:29:52+00:00,33.76842724260356,-84.39840801775148,POINT (-84.39840801775148 33.76842724260356),5.5,5.5,5.5,5.5,7.0,7.0,7.0,7.0,23.0,23.0,29.0,29.0,24.66666666666667,47.5,24.547916666666666,17.11111111111111,0.0
2025-10-03 22:29:53+00:00,33.76844662721893,-84.39841609467456,POINT (-84.39841609467456 33.76844662721893),6.0,6.0,6.0,6.0,7.0,7.0,7.0,7.0,25.0,25.0,29.0,29.0,24.66666666666667,47.6,24.549222222222227,17.11111111111111,0.0
2025-10-03 22:29:54+00:00,33.768454863905326,-84.39841952662722,POINT (-84.39841952662722 33.768454863905326),6.0,6.0,6.0,6.0,7.0,7.0,7.0,7.0,25.0,25.0,29.0,29.0,24.66666666666667,47.6,24.549222222222227,17.11111111111111,0.0
2025-10-03 22:29:55+00:00,33.76846274556213,-84.39842281065089,POINT (-84.39842281065089 33.76846274556213),6.0,6.0,6.0,6.0,7.0,7.0,7.0,7.0,25.0,25.0,29.0,29.0,24.66666666666667,47.6,24.549222222222227,17.11111111111111,0.0
2025-10-03 22:29:56+00:00,33.76847914792899,-84.3984296449704,POINT (-84.3984296449704 33.76847914792899),6.0,6.0,6.0,6.0,7.0,7.0,7.0,7.0,25.0,25.0,29.0,29.0,24.66666666666667,47.6,24.549222222222227,17.11111111111111,0.0
2025-10-03 22:29:57+00:00,33.768484615384615,-84.39843192307693,POINT (-84.39843192307693 33.768484615384615),6.0,6.0,6.0,6.0,7.0,7.0,7.0,7.0,25.0,25.0,29.0,29.0,24.66666666666667,47.6,24.549222222222227,17.11111111111111,0.0
2025-10-03 22:29:58+00:00,33.768494343195265,-84.39843597633136,POINT (-84.39843597633136 33.768494343195265),6.0,6.0,6.0,6.0,7.0,7.0,7.0,7.0,25.0,25.0,29.0,29.0,24.66666666666667,47.6,24.549222222222227,17.11111111111111,0.0
2025-10-03 22:29:59+00:00,33.76850421301775,-84.3984400887574,POINT (-84.3984400887574 33.76850421301775),6.0,6.0,6.0,6.0,7.0,7.0,7.0,7.0,25.0,25.0,29.0,29.0,24.66666666666667,47.6,24.549222222222227,17.11111111111111,0.0
2025-10-03 22:30:00+00:00,33.768514082840234,-84.39844420118342,POINT (-84.39844420118342 33.768514082840234),6.0,6.0,6.0,6.0,7.0,7.0,7.0,7.0,25.0,25.0,29.0,29.0,24.66666666666667,47.6,24.549222222222227,17.11111111111111,0.0
2025-10-03 22:30:01+00:00,33.7685255147929,-84.39844896449704,POINT (-84.39844896449704 33.7685255147929),6.0,6.0,6.0,6.0,7.0,7.0,7.0,7.0,25.0,25.0,29.0,29.0,24.66666666666667,47.6,24.549222222222227,17.11111111111111,0.0
2025-10-03 22:30:02+00:00,33.76853573964497,-84.39845322485206,POINT (-84.39845322485206 33.76853573964497),6.0,6.0,6.0,6.0,7.0,7.0,7.0,7.0,25.0,25.0,29.0,29.0,24.66666666666667,47.6,24.549222222222227,17.11111111111111,0.0
2025-10-03 22:30:03+00:00,33.76854667455621,-84.39845778106509,POINT (-84.39845778106509 33.76854667455621),6.0,6.0,6.0,6.0,7.0,7.0,7.0,7.0,25.0,25.0,29.0,29.0,24.61111111111111,47.7,24.492194444444443,17.11111111111111,0.0
2025-10-03 22:30:04+00:00,33.76855846153846,-84.39846269230769,POINT (-84.39846269230769 33.76855846153846),6.0,6.0,6.0,6.0,7.0,7.0,7.0,7.0,25.0,25.0,29.0,29.0,24.61111111111111,47.7,24.492194444444443,17.11111111111111,0.0
2025-10-03 22:30:05+00:00,33.76857024852071,-84.39846760355029,POINT (-84.39846760355029 33.76857024852071),6.0,6.0,6.0,6.0,7.0,7.0,7.0,7.0,25.0,25.0,29.0,29.0,24.61111111111111,47.7,24.492194444444443,17.11111111111111,0.0
2025-10-03 22:30:06+00:00,33.768590414201185,-84.39847600591716,POINT (-84.39847600591716 33.768590414201185),6.0,6.0,6.0,6.0,7.0,7.0,7.0,7.0,25.0,25.0,29.0,29.0,24.61111111111111,47.7,24.492194444444443,17.11111111111111,0.0
2025-10-03 22:30:07+00:00,33.7685970887574,-84.39847878698225,POINT (-84.39847878698225 33.7685970887574),6.0,6.0,6.0,6.0,7.0,7.0,7.0,7.0,25.0,25.0,29.0,29.0,24.61111111111111,47.7,24.492194444444443,17.11111111111111,0.0
2025-10-03 22:30:08+00:00,33.76861008284024,-84.39848420118344,POINT (-84.39848420118344 33.76861008284024),4.0,5.0,4.0,5.0,8.0,9.0,8.0,9.0,17.0,17.0,33.0,33.0,24.66666666666667,47.8,24.551833333333338,17.22222222222222,0.0
2025-10-03 22:30:09+00:00,33.76862392899409,-84.3984899704142,POINT (-84.3984899704142 33.76862392899409),4.0,5.0,4.0,5.0,8.0,9.0,8.0,9.0,17.0,17.0,33.0,33.0,24.66666666666667,47.8,24.551833333333338,17.22222222222222,0.0
2025-10-03 22:30:10+00:00,33.7686376331361,-84.39849568047337,POINT (-84.39849568047337 33.7686376331361),4.0,5.0,4.0,5.0,8.0,9.0,8.0,9.0,17.0,17.0,33.0,33.0,24.66666666666667,47.8,24.551833333333338,17.22222222222222,0.0
2025-10-03 22:30:11+00:00,33.768652544378696,-84.39850189349112,POINT (-84.39850189349112 33.768652544378696),4.0,5.0,4.0,5.0,8.0,9.0,8.0,9.0,17.0,17.0,33.0,33.0,24.66666666666667,47.8,24.551833333333338,17.22222222222222,0.0
2025-10-03 22:30:12+00:00,33.768666461538466,-84.39850769230769,POINT (-84.39850769230769 33.768666461538466),4.0,5.0,4.0,5.0,8.0,9.0,8.0,9.0,17.0,17.0,33.0,33.0,24.66666666666667,47.8,24.551833333333338,17.22222222222222,0.0
2025-10-03 22:30:13+00:00,33.76868073372782,-84.39851363905325,POINT (-84.39851363905325 33.76868073372782),4.0,5.0,4.0,5.0,8.0,9.0,8.0,9.0,17.0,17.0,33.0,33.0,24.66666666666667,47.9,24.55313888888889,17.22222222222222,0.0
2025-10-03 22:30:14+00:00,33.7687034556213,-84.39852310650888,POINT (-84.39852310650888 33.7687034556213),4.0,5.0,4.0,5.0,8.0,9.0,8.0,9.0,17.0,17.0,33.0,33.0,24.66666666666667,47.9,24.55313888888889,17.22222222222222,0.0
2025-10-03 22:30:15+00:00,33.76871275739645,-84.39852698224851,POINT (-84.39852698224851 33.76871275739645),4.0,5.0,4.0,5.0,8.0,9.0,8.0,9.0,17.0,17.0,33.0,33.0,24.66666666666667,47.9,24.55313888888889,17.22222222222222,0.0
2025-10-03 22:30:16+00:00,33.768722059171594,-84.39853085798816,POINT (-84.39853085798816 33.768722059171594),4.0,5.0,4.0,5.0,8.0,9.0,8.0,9.0,17.0,17.0,33.0,33.0,24.66666666666667,47.9,24.55313888888889,17.22222222222222,0.0
2025-10-03 22:30:17+00:00,33.768731360946745,-84.3985347337278,POINT (-84.3985347337278 33.768731360946745),4.0,5.0,4.0,5.0,8.0,9.0,8.0,9.0,17.0,17.0,33.0,33.0,24.66666666666667,47.9,24.55313888888889,17.22222222222222,0.0
2025-10-03 22:30:18+00:00,33.76874066272189,-84.39853860946745,POINT (-84.39853860946745 33.76874066272189),4.0,5.0,4.0,5.0,8.0,9.0,8.0,9.0,17.0,17.0,33.0,33.0,24.66666666666667,48.0,24.55444444444445,17.22222222222222,0.0
2025-10-03 22:30:19+00:00,33.76874847337278,-84.39854186390532,POINT (-84.39854186390532 33.76874847337278),4.0,5.0,4.0,5.0,8.0,9.0,8.0,9.0,17.0,17.0,33.0,33.0,24.66666666666667,48.0,24.55444444444445,17.22222222222222,0.0
2025-10-03 22:30:20+00:00,33.76875493491124,-84.39854455621301,POINT (-84.39854455621301 33.76875493491124),4.0,5.0,4.0,5.0,8.0,9.0,8.0,9.0,17.0,17.0,33.0,33.0,24.66666666666667,48.0,24.55444444444445,17.22222222222222,0.0
2025-10-03 22:30:21+00:00,33.768763455621304,-84.39854810650887,POINT (-84.39854810650887 33.768763455621304),4.0,5.0,4.0,5.0,8.0,9.0,8.0,9.0,17.0,17.0,33.0,33.0,24.66666666666667,48.0,24.55444444444445,17.22222222222222,0.0
2025-10-03 22:30:22+00:00,33.76877233136095,-84.39855180473373,POINT (-84.39855180473373 33.76877233136095),4.0,5.0,4.0,5.0,8.0,9.0,8.0,9.0,17.0,17.0,33.0,33.0,24.66666666666667,48.0,24.55444444444445,17.22222222222222,0.0
2025-10-03 22:30:23+00:00,33.76878255621302,-84.39855606508875,POINT (-84.39855606508875 33.76878255621302),6.0,6.0,6.0,6.0,5.0,5.0,5.0,5.0,25.0,25.0,21.0,21.0,24.66666666666667,48.0,24.55444444444445,17.22222222222222,0.0
2025-10-03 22:30:24+00:00,33.768793775147934,-84.39856073964496,POINT (-84.39856073964496 33.768793775147934),6.0,6.0,6.0,6.0,5.0,5.0,5.0,5.0,25.0,25.0,21.0,21.0,24.66666666666667,48.0,24.55444444444445,17.22222222222222,0.0
2025-10-03 22:30:25+00:00,33.768805846153846,-84.39856576923077,POINT (-84.39856576923077 33.768805846153846),6.0,6.0,6.0,6.0,5.0,5.0,5.0,5.0,25.0,25.0,21.0,21.0,24.66666666666667,48.0,24.55444444444445,17.22222222222222,0.0
2025-10-03 22:30:26+00:00,33.76881876923077,-84.39857115384615,POINT (-84.39857115384615 33.76881876923077),6.0,6.0,6.0,6.0,5.0,5.0,5.0,5.0,25.0,25.0,21.0,21.0,24.66666666666667,48.0,24.55444444444445,17.22222222222222,0.0
2025-10-03 22:30:27+00:00,33.76883218934912,-84.39857674556212,POINT (-84.39857674556212 33.76883218934912),6.0,6.0,6.0,6.0,5.0,5.0,5.0,5.0,25.0,25.0,21.0,21.0,24.66666666666667,48.0,24.55444444444445,17.22222222222222,0.0
2025-10-03 22:30:28+00:00,33.768847003491274,-84.39858273017457,POINT (-84.39858273017457 33.768847003491274),6.0,6.0,6.0,6.0,5.0,5.0,5.0,5.0,25.0,25.0,21.0,21.0,24.66666666666667,48.2,24.557055555555557,17.27777777777778,0.0
2025-10-03 22:30:29+00:00,33.76886944114713,-84.39859147705735,POINT (-84.39859147705735 33.76886944114713),6.0,6.0,6.0,6.0,5.0,5.0,5.0,5.0,25.0,25.0,21.0,21.0,24.66666666666667,48.2,24.557055555555557,17.27777777777778,0.0
2025-10-03 22:30:30+00:00,33.768876341645885,-84.3985941670823,POINT (-84.3985941670823 33.768876341645885),6.0,6.0,6.0,6.0,5.0,5.0,5.0,5.0,25.0,25.0,21.0,21.0,24.66666666666667,48.2,24.557055555555557,17.27777777777778,0.0
2025-10-03 22:30:31+00:00,33.76889395336658,-84.39860103266832,POINT (-84.39860103266832 33.76889395336658),6.0,6.0,6.0,6.0,5.0,5.0,5.0,5.0,25.0,25.0,21.0,21.0,24.66666666666667,48.2,24.557055555555557,17.27777777777778,0.0
2025-10-03 22:30:32+00:00,33.768899647381545,-84.39860325236907,POINT (-84.39860325236907 33.768899647381545),6.0,6.0,6.0,6.0,5.0,5.0,5.0,5.0,25.0,25.0,21.0,21.0,24.66666666666667,48.2,24.557055555555557,17.27777777777778,0.0
2025-10-03 22:30:33+00:00,33.76890500299252,-84.39860534014963,POINT (-84.39860534014963 33.76890500299252),6.0,6.0,6.0,6.0,5.0,5.0,5.0,5.0,25.0,25.0,21.0,21.0,24.777777777777775,48.3,24.675027777777775,17.27777777777778,0.9
2025-10-03 22:30:34+00:00,33.768914316458854,-84.39860897082293,POINT (-84.39860897082293 33.768914316458854),6.0,6.0,6.0,6.0,5.0,5.0,5.0,5.0,25.0,25.0,21.0,21.0,24.777777777777775,48.3,24.675027777777775,17.27777777777778,0.9
2025-10-03 22:30:35+00:00,33.76891846558603,-84.3986105882793,POINT (-84.3986105882793 33.76891846558603),6.0,6.0,6.0,6.0,5.0,5.0,5.0,5.0,25.0,25.0,21.0,21.0,24.777777777777775,48.3,24.675027777777775,17.27777777777778,0.9
2025-10-03 22:30:36+00:00,33.76892227630923,-84.39861207381546,POINT (-84.39861207381546 33.76892227630923),6.0,6.0,6.0,6.0,5.0,5.0,5.0,5.0,25.0,25.0,21.0,21.0,24.777777777777775,48.3,24.675027777777775,17.27777777777778,0.9
2025-10-03 22:30:37+00:00,33.768927293516214,-84.39861402967581,POINT (-84.39861402967581 33.768927293516214),6.0,6.0,6.0,6.0,5.0,5.0,5.0,5.0,25.0,25.0,21.0,21.0,24.777777777777775,48.3,24.675027777777775,17.27777777777778,0.9
2025-10-03 22:30:38+00:00,33.76893110423941,-84.39861551521197,POINT (-84.39861551521197 33.76893110423941),6.0,6.0,6.0,6.0,5.5,5.5,5.5,5.5,25.0,25.0,23.0,23.0,24.61111111111111,48.4,24.501333333333335,17.22222222222222,0.0
2025-10-03 22:30:39+00:00,33.768935253366585,-84.39861713266832,POINT (-84.39861713266832 33.768935253366585),6.0,6.0,6.0,6.0,5.5,5.5,5.5,5.5,25.0,25.0,23.0,23.0,24.61111111111111,48.4,24.501333333333335,17.22222222222222,0.0
2025-10-03 22:30:40+00:00,33.76893906408978,-84.39861861820448,POINT (-84.39861861820448 33.76893906408978),6.0,6.0,6.0,6.0,5.5,5.5,5.5,5.5,25.0,25.0,23.0,23.0,24.61111111111111,48.4,24.501333333333335,17.22222222222222,0.0
2025-10-03 22:30:41+00:00,33.76894321321696,-84.39862023566084,POINT (-84.39862023566084 33.76894321321696),6.0,6.0,6.0,6.0,5.5,5.5,5.5,5.5,25.0,25.0,23.0,23.0,24.61111111111111,48.4,24.501333333333335,17.22222222222222,0.0
2025-10-03 22:30:42+00:00,33.76894702394015,-84.398621721197,POINT (-84.398621721197 33.76894702394015),6.0,6.0,6.0,6.0,5.5,5.5,5.5,5.5,25.0,25.0,23.0,23.0,24.61111111111111,48.4,24.501333333333335,17.22222222222222,0.0
2025-10-03 22:30:43+00:00,33.768951173067336,-84.39862333865337,POINT (-84.39862333865337 33.768951173067336),6.0,6.0,6.0,6.0,5.5,5.5,5.5,5.5,25.0,25.0,23.0,23.0,24.777777777777775,48.4,24.676333333333325,17.27777777777778,0.0
2025-10-03 22:30:44+00:00,33.768955851870324,-84.39862516259352,POINT (-84.39862516259352 33.768955851870324),6.0,6.0,6.0,6.0,5.5,5.5,5.5,5.5,25.0,25.0,23.0,23.0,24.777777777777775,48.4,24.676333333333325,17.27777777777778,0.0
2025-10-03 22:30:45+00:00,33.76896000099751,-84.39862678004987,POINT (-84.39862678004987 33.76896000099751),6.0,6.0,6.0,6.0,5.5,5.5,5.5,5.5,25.0,25.0,23.0,23.0,24.777777777777775,48.4,24.676333333333325,17.27777777777778,0.0
2025-10-03 22:30:46+00:00,33.7689638117207,-84.39862826558603,POINT (-84.39862826558603 33.7689638117207),6.0,6.0,6.0,6.0,5.5,5.5,5.5,5.5,25.0,25.0,23.0,23.0,24.777777777777775,48.4,24.676333333333325,17.27777777777778,0.0
2025-10-03 22:30:47+00:00,33.76896796084788,-84.39862988304239,POINT (-84.39862988304239 33.76896796084788),6.0,6.0,6.0,6.0,5.5,5.5,5.5,5.5,25.0,25.0,23.0,23.0,24.777777777777775,48.4,24.676333333333325,17.27777777777778,0.0
2025-10-03 22:30:48+00:00,33.76897177157107,-84.39863136857855,POINT (-84.39863136857855 33.76897177157107),6.0,6.0,6.0,6.0,5.5,5.5,5.5,5.5,25.0,25.0,23.0,23.0,24.72222222222222,48.4,24.618,17.27777777777778,0.0
2025-10-03 22:30:49+00:00,33.76897558229427,-84.39863285411471,POINT (-84.39863285411471 33.76897558229427),6.0,6.0,6.0,6.0,5.5,5.5,5.5,5.5,25.0,25.0,23.0,23.0,24.72222222222222,48.4,24.618,17.27777777777778,0.0
2025-10-03 22:30:50+00:00,33.768979731421446,-84.39863447157107,POINT (-84.39863447157107 33.768979731421446),6.0,6.0,6.0,6.0,5.5,5.5,5.5,5.5,25.0,25.0,23.0,23.0,24.72222222222222,48.4,24.618,17.27777777777778,0.0
2025-10-03 22:30:51+00:00,33.76898441022444,-84.39863629551122,POINT (-84.39863629551122 33.76898441022444),6.0,6.0,6.0,6.0,5.5,5.5,5.5,5.5,25.0,25.0,23.0,23.0,24.72222222222222,48.4,24.618,17.27777777777778,0.0
2025-10-03 22:30:52+00:00,33.76898855935162,-84.39863791296757,POINT (-84.39863791296757 33.76898855935162),6.0,6.0,6.0,6.0,5.5,5.5,5.5,5.5,25.0,25.0,23.0,23.0,24.72222222222222,48.4,24.618,17.27777777777778,0.0
2025-10-03 22:30:53+00:00,33.76899237007482,-84.39863939850373,POINT (-84.39863939850373 33.76899237007482),6.0,6.0,6.0,6.0,6.0,6.0,6.0,6.0,25.0,25.0,25.0,25.0,24.777777777777775,48.4,24.676333333333325,17.38888888888889,0.0
2025-10-03 22:30:54+00:00,33.768996519202,-84.3986410159601,POINT (-84.3986410159601 33.768996519202),6.0,6.0,6.0,6.0,6.0,6.0,6.0,6.0,25.0,25.0,25.0,25.0,24.777777777777775,48.4,24.676333333333325,17.38888888888889,0.0
2025-10-03 22:30:55+00:00,33.76900032992519,-84.39864250149625,POINT (-84.39864250149625 33.76900032992519),6.0,6.0,6.0,6.0,6.0,6.0,6.0,6.0,25.0,25.0,25.0,25.0,24.777777777777775,48.4,24.676333333333325,17.38888888888889,0.0
2025-10-03 22:30:56+00:00,33.76900447905237,-84.39864411895262,POINT (-84.39864411895262 33.76900447905237),6.0,6.0,6.0,6.0,6.0,6.0,6.0,6.0,25.0,25.0,25.0,25.0,24.777777777777775,48.4,24.676333333333325,17.38888888888889,0.0
2025-10-03 22:30:57+00:00,33.76900828977557,-84.39864560448878,POINT (-84.39864560448878 33.76900828977557),6.0,6.0,6.0,6.0,6.0,6.0,6.0,6.0,25.0,25.0,25.0,25.0,24.777777777777775,48.4,24.676333333333325,17.38888888888889,0.0
2025-10-03 22:30:58+00:00,33.769013306982544,-84.39864756034912,POINT (-84.39864756034912 33.769013306982544),6.0,6.0,6.0,6.0,6.0,6.0,6.0,6.0,25.0,25.0,25.0,25.0,24.72222222222222,48.6,24.620611111111106,17.27777777777778,0.9
2025-10-03 22:30:59+00:00,33.76901711770574,-84.39864904588528,POINT (-84.39864904588528 33.76901711770574),6.0,6.0,6.0,6.0,6.0,6.0,6.0,6.0,25.0,25.0,25.0,25.0,24.72222222222222,48.6,24.620611111111106,17.27777777777778,0.9
2025-10-03 22:31:00+00:00,33.76902126683292,-84.39865066334164,POINT (-84.39865066334164 33.76902126683292),6.0,6.0,6.0,6.0,6.0,6.0,6.0,6.0,25.0,25.0,25.0,25.0,24.72222222222222,48.6,24.620611111111106,17.27777777777778,0.9
2025-10-03 22:31:01+00:00,33.769025077556115,-84.3986521488778,POINT (-84.3986521488778 33.769025077556115),6.0,6.0,6.0,6.0,6.0,6.0,6.0,6.0,25.0,25.0,25.0,25.0,24.72222222222222,48.6,24.620611111111106,17.27777777777778,0.9
2025-10-03 22:31:02+00:00,33.769029226683294,-84.39865376633416,POINT (-84.39865376633416 33.769029226683294),6.0,6.0,6.0,6.0,6.0,6.0,6.0,6.0,25.0,25.0,25.0,25.0,24.72222222222222,48.6,24.620611111111106,17.27777777777778,0.9
2025-10-03 22:31:03+00:00,33.76903303740648,-84.39865525187032,POINT (-84.39865525187032 33.76903303740648),6.0,6.0,6.0,6.0,6.0,6.0,6.0,6.0,25.0,25.0,25.0,25.0,24.72222222222222,48.7,24.62191666666666,17.27777777777778,0.0
2025-10-03 22:31:04+00:00,33.769037716209475,-84.39865707581048,POINT (-84.39865707581048 33.769037716209475),6.0,6.0,6.0,6.0,6.0,6.0,6.0,6.0,25.0,25.0,25.0,25.0,24.72222222222222,48.7,24.62191666666666,17.27777777777778,0.0
2025-10-03 22:31:05+00:00,33.76905088453865,-84.39866220922693,POINT (-84.39866220922693 33.76905088453865),6.0,6.0,6.0,6.0,6.0,6.0,6.0,6.0,25.0,25.0,25.0,25.0,24.72222222222222,48.7,24.62191666666666,17.27777777777778,0.0
2025-10-03 22:31:06+00:00,33.769064920947635,-84.39866768104739,POINT (-84.39866768104739 33.769064920947635),6.0,6.0,6.0,6.0,6.0,6.0,6.0,6.0,25.0,25.0,25.0,25.0,24.72222222222222,48.7,24.62191666666666,17.27777777777778,0.0
2025-10-03 22:31:07+00:00,33.76907775087282,-84.39867268254363,POINT (-84.39867268254363 33.76907775087282),6.0,6.0,6.0,6.0,6.0,6.0,6.0,6.0,25.0,25.0,25.0,25.0,24.72222222222222,48.7,24.62191666666666,17.27777777777778,0.0
2025-10-03 22:31:08+00:00,33.769090580798,-84.3986776840399,POINT (-84.3986776840399 33.769090580798),6.0,6.0,6.0,6.0,6.0,7.0,6.0,7.0,25.0,25.0,25.0,25.0,24.72222222222222,48.8,24.62322222222222,17.27777777777778,0.0
2025-10-03 22:31:09+00:00,33.7691022042394,-84.39868221521196,POINT (-84.39868221521196 33.7691022042394),6.0,6.0,6.0,6.0,6.0,7.0,6.0,7.0,25.0,25.0,25.0,25.0,24.72222222222222,48.8,24.62322222222222,17.27777777777778,0.0
2025-10-03 22:31:10+00:00,33.769123714962596,-84.39869060074813,POINT (-84.39869060074813 33.769123714962596),6.0,6.0,6.0,6.0,6.0,7.0,6.0,7.0,25.0,25.0,25.0,25.0,24.72222222222222,48.8,24.62322222222222,17.27777777777778,0.0
2025-10-03 22:31:11+00:00,33.76913012992519,-84.39869310149626,POINT (-84.39869310149626 33.76913012992519),6.0,6.0,6.0,6.0,6.0,7.0,6.0,7.0,25.0,25.0,25.0,25.0,24.72222222222222,48.8,24.62322222222222,17.27777777777778,0.0
2025-10-03 22:31:12+00:00,33.769151110972565,-84.39870128054862,POINT (-84.39870128054862 33.769151110972565),6.0,6.0,6.0,6.0,6.0,7.0,6.0,7.0,25.0,25.0,25.0,25.0,24.72222222222222,48.8,24.62322222222222,17.27777777777778,0.0
2025-10-03 22:31:13+00:00,33.76915873241895,-84.39870425162094,POINT (-84.39870425162094 33.76915873241895),6.0,6.0,6.0,6.0,6.0,7.0,6.0,7.0,25.0,25.0,25.0,25.0,24.72222222222222,48.9,24.62452777777778,17.38888888888889,0.0
2025-10-03 22:31:14+00:00,33.769166883541146,-84.39870742917705,POINT (-84.39870742917705 33.769166883541146),6.0,6.0,6.0,6.0,6.0,7.0,6.0,7.0,25.0,25.0,25.0,25.0,24.72222222222222,48.9,24.62452777777778,17.38888888888889,0.0
2025-10-03 22:31:15+00:00,33.769178845386534,-84.39871209226932,POINT (-84.39871209226932 33.769178845386534),6.0,6.0,6.0,6.0,6.0,7.0,6.0,7.0,25.0,25.0,25.0,25.0,24.72222222222222,48.9,24.62452777777778,17.38888888888889,0.0
2025-10-03 22:31:16+00:00,33.76919080723192,-84.39871675536159,POINT (-84.39871675536159 33.76919080723192),6.0,6.0,6.0,6.0,6.0,7.0,6.0,7.0,25.0,25.0,25.0,25.0,24.72222222222222,48.9,24.62452777777778,17.38888888888889,0.0
2025-10-03 22:31:17+00:00,33.769212465087286,-84.39872519825437,POINT (-84.39872519825437 33.769212465087286),6.0,6.0,6.0,6.0,6.0,7.0,6.0,7.0,25.0,25.0,25.0,25.0,24.72222222222222,48.9,24.62452777777778,17.38888888888889,0.0
2025-10-03 22:31:18+00:00,33.76922129301746,-84.39872863965087,POINT (-84.39872863965087 33.76922129301746),6.0,6.0,6.0,6.0,6.0,7.0,6.0,7.0,25.0,25.0,25.0,25.0,24.777777777777775,49.0,24.684166666666666,17.38888888888889,0.0
2025-10-03 22:31:19+00:00,33.76922978254364,-84.39873194912718,POINT (-84.39873194912718 33.76922978254364),6.0,6.0,6.0,6.0,6.0,7.0,6.0,7.0,25.0,25.0,25.0,25.0,24.777777777777775,49.0,24.684166666666666,17.38888888888889,0.0
2025-10-03 22:31:20+00:00,33.769241553117205,-84.39873653765585,POINT (-84.39873653765585 33.769241553117205),6.0,6.0,6.0,6.0,6.0,7.0,6.0,7.0,25.0,25.0,25.0,25.0,24.777777777777775,49.0,24.684166666666666,17.38888888888889,0.0
2025-10-03 22:31:21+00:00,33.769253323690776,-84.39874112618453,POINT (-84.39874112618453 33.769253323690776),6.0,6.0,6.0,6.0,6.0,7.0,6.0,7.0,25.0,25.0,25.0,25.0,24.777777777777775,49.0,24.684166666666666,17.38888888888889,0.0
2025-10-03 22:31:22+00:00,33.7692742605985,-84.39874928802992,POINT (-84.39874928802992 33.7692742605985),6.0,6.0,6.0,6.0,6.0,7.0,6.0,7.0,25.0,25.0,25.0,25.0,24.777777777777775,49.0,24.684166666666666,17.38888888888889,0.0
2025-10-03 22:31:23+00:00,33.76928255885287,-84.39875252294264,POINT (-84.39875252294264 33.76928255885287),6.0,7.0,6.0,7.0,5.5,6.5,5.5,6.5,25.0,25.0,23.0,23.0,24.72222222222222,48.9,24.62452777777778,17.38888888888889,0.0
2025-10-03 22:31:24+00:00,33.769291386783046,-84.39875596433914,POINT (-84.39875596433914 33.769291386783046),6.0,7.0,6.0,7.0,5.5,6.5,5.5,6.5,25.0,25.0,23.0,23.0,24.72222222222222,48.9,24.62452777777778,17.38888888888889,0.0
2025-10-03 22:31:25+00:00,33.76931405985037,-84.39876480299252,POINT (-84.39876480299252 33.76931405985037),6.0,7.0,6.0,7.0,5.5,6.5,5.5,6.5,25.0,25.0,23.0,23.0,24.72222222222222,48.9,24.62452777777778,17.38888888888889,0.0
2025-10-03 22:31:26+00:00,33.76932322618454,-84.39876837630922,POINT (-84.39876837630922 33.76932322618454),6.0,7.0,6.0,7.0,5.5,6.5,5.5,6.5,25.0,25.0,23.0,23.0,24.72222222222222,48.9,24.62452777777778,17.38888888888889,0.0
2025-10-03 22:31:27+00:00,33.76933205411471,-84.39877181770574,POINT (-84.39877181770574 33.76933205411471),6.0,7.0,6.0,7.0,5.5,6.5,5.5,6.5,25.0,25.0,23.0,23.0,24.72222222222222,48.9,24.62452777777778,17.38888888888889,0.0
2025-10-03 22:31:28+00:00,33.76935265261845,-84.39877984763092,POINT (-84.39877984763092 33.76935265261845),6.0,7.0,6.0,7.0,5.5,6.5,5.5,6.5,25.0,25.0,23.0,23.0,24.72222222222222,48.8,24.62322222222222,17.27777777777778,0.0
2025-10-03 22:31:29+00:00,33.76935887630923,-84.39878227381546,POINT (-84.39878227381546 33.76935887630923),6.0,7.0,6.0,7.0,5.5,6.5,5.5,6.5,25.0,25.0,23.0,23.0,24.72222222222222,48.8,24.62322222222222,17.27777777777778,0.0
2025-10-03 22:31:30+00:00,33.76937011720698,-84.39878665586035,POINT (-84.39878665586035 33.76937011720698),6.0,7.0,6.0,7.0,5.5,6.5,5.5,6.5,25.0,25.0,23.0,23.0,24.72222222222222,48.8,24.62322222222222,17.27777777777778,0.0
2025-10-03 22:31:31+00:00,33.76938082842893,-84.39879083142145,POINT (-84.39879083142145 33.76938082842893),6.0,7.0,6.0,7.0,5.5,6.5,5.5,6.5,25.0,25.0,23.0,23.0,24.72222222222222,48.8,24.62322222222222,17.27777777777778,0.0
2025-10-03 22:31:32+00:00,33.769390671571074,-84.39879466857855,POINT (-84.39879466857855 33.769390671571074),6.0,7.0,6.0,7.0,5.5,6.5,5.5,6.5,25.0,25.0,23.0,23.0,24.72222222222222,48.8,24.62322222222222,17.27777777777778,0.0
2025-10-03 22:31:33+00:00,33.76940205960099,-84.39879910798004,POINT (-84.39879910798004 33.76940205960099),6.0,7.0,6.0,7.0,5.5,6.5,5.5,6.5,25.0,25.0,23.0,23.0,24.66666666666667,48.7,24.563583333333334,17.27777777777778,0.0
2025-10-03 22:31:34+00:00,33.76941431571072,-84.39880388578554,POINT (-84.39880388578554 33.76941431571072),6.0,7.0,6.0,7.0,5.5,6.5,5.5,6.5,25.0,25.0,23.0,23.0,24.66666666666667,48.7,24.563583333333334,17.27777777777778,0.0
2025-10-03 22:31:35+00:00,33.769434000000004,-84.39881199999999,POINT (-84.39881199999999 33.769434000000004),6.0,7.0,6.0,7.0,5.5,6.5,5.5,6.5,25.0,25.0,23.0,23.0,24.66666666666667,48.7,24.563583333333334,17.27777777777778,0.0
2025-10-03 22:31:36+00:00,33.769442000000005,-84.398816,POINT (-84.398816 33.769442000000005),6.0,7.0,6.0,7.0,5.5,6.5,5.5,6.5,25.0,25.0,23.0,23.0,24.66666666666667,48.7,24.563583333333334,17.27777777777778,0.0
2025-10-03 22:31:37+00:00,33.7694496,-84.3988198,POINT (-84.3988198 33.7694496),6.0,7.0,6.0,7.0,5.5,6.5,5.5,6.5,25.0,25.0,23.0,23.0,24.66666666666667,48.7,24.563583333333334,17.27777777777778,0.0
2025-10-03 22:31:38+00:00,33.76946,-84.398825,POINT (-84.398825 33.76946),6.0,6.0,6.0,6.0,6.0,7.0,6.0,7.0,25.0,25.0,25.0,25.0,24.61111111111111,48.5,24.502638888888885,17.22222222222222,0.0
2025-10-03 22:31:39+00:00,33.7694716,-84.3988308,POINT (-84.3988308 33.7694716),6.0,6.0,6.0,6.0,6.0,7.0,6.0,7.0,25.0,25.0,25.0,25.0,24.61111111111111,48.5,24.502638888888885,17.22222222222222,0.0
2025-10-03 22:31:40+00:00,33.76948360000001,-84.3988368,POINT (-84.3988368 33.76948360000001),6.0,6.0,6.0,6.0,6.0,7.0,6.0,7.0,25.0,25.0,25.0,25.0,24.61111111111111,48.5,24.502638888888885,17.22222222222222,0.0
2025-10-03 22:31:41+00:00,33.769496000000004,-84.398843,POINT (-84.398843 33.769496000000004),6.0,6.0,6.0,6.0,6.0,7.0,6.0,7.0,25.0,25.0,25.0,25.0,24.61111111111111,48.5,24.502638888888885,17.22222222222222,0.0
2025-10-03 22:31:42+00:00,33.769508,-84.398849,POINT (-84.398849 33.769508),6.0,6.0,6.0,6.0,6.0,7.0,6.0,7.0,25.0,25.0,25.0,25.0,24.61111111111111,48.5,24.502638888888885,17.22222222222222,0.0
2025-10-03 22:31:43+00:00,33.7695204,-84.3988552,POINT (-84.3988552 33.7695204),6.0,6.0,6.0,6.0,6.0,7.0,6.0,7.0,25.0,25.0,25.0,25.0,24.61111111111111,48.5,24.502638888888885,17.22222222222222,0.0
2025-10-03 22:31:44+00:00,33.7695332,-84.3988616,POINT (-84.3988616 33.7695332),6.0,6.0,6.0,6.0,6.0,7.0,6.0,7.0,25.0,25.0,25.0,25.0,24.61111111111111,48.5,24.502638888888885,17.22222222222222,0.0
2025-10-03 22:31:45+00:00,33.7695456,-84.3988678,POINT (-84.3988678 33.7695456),6.0,6.0,6.0,6.0,6.0,7.0,6.0,7.0,25.0,25.0,25.0,25.0,24.61111111111111,48.5,24.502638888888885,17.22222222222222,0.0
2025-10-03 22:31:46+00:00,33.769558800000006,-84.3988744,POINT (-84.3988744 33.769558800000006),6.0,6.0,6.0,6.0,6.0,7.0,6.0,7.0,25.0,25.0,25.0,25.0,24.61111111111111,48.5,24.502638888888885,17.22222222222222,0.0
2025-10-03 22:31:47+00:00,33.7695716,-84.3988808,POINT (-84.3988808 33.7695716),6.0,6.0,6.0,6.0,6.0,7.0,6.0,7.0,25.0,25.0,25.0,25.0,24.61111111111111,48.5,24.502638888888885,17.22222222222222,0.0
2025-10-03 22:31:48+00:00,33.769592,-84.39889099999999,POINT (-84.39889099999999 33.769592),6.0,6.0,6.0,6.0,6.0,7.0,6.0,7.0,25.0,25.0,25.0,25.0,24.61111111111111,48.5,24.502638888888885,17.27777777777778,0.0
2025-10-03 22:31:49+00:00,33.7695984,-84.3988942,POINT (-84.3988942 33.7695984),6.0,6.0,6.0,6.0,6.0,7.0,6.0,7.0,25.0,25.0,25.0,25.0,24.61111111111111,48.5,24.502638888888885,17.27777777777778,0.0
2025-10-03 22:31:50+00:00,33.7696104,-84.3989002,POINT (-84.3989002 33.7696104),6.0,6.0,6.0,6.0,6.0,7.0,6.0,7.0,25.0,25.0,25.0,25.0,24.61111111111111,48.5,24.502638888888885,17.27777777777778,0.0
2025-10-03 22:31:51+00:00,33.769622,-84.398906,POINT (-84.398906 33.769622),6.0,6.0,6.0,6.0,6.0,7.0,6.0,7.0,25.0,25.0,25.0,25.0,24.61111111111111,48.5,24.502638888888885,17.27777777777778,0.0
2025-10-03 22:31:52+00:00,33.7696324,-84.3989112,POINT (-84.3989112 33.7696324),6.0,6.0,6.0,6.0,6.0,7.0,6.0,7.0,25.0,25.0,25.0,25.0,24.61111111111111,48.5,24.502638888888885,17.27777777777778,0.0
2025-10-03 22:31:53+00:00,33.769642399999995,-84.3989162,POINT (-84.3989162 33.769642399999995),6.0,7.0,6.0,7.0,8.0,9.0,8.0,9.0,25.0,25.0,33.0,33.0,24.61111111111111,48.6,24.503944444444446,17.27777777777778,0.0
2025-10-03 22:31:54+00:00,33.7696532,-84.3989216,POINT (-84.3989216 33.7696532),6.0,7.0,6.0,7.0,8.0,9.0,8.0,9.0,25.0,25.0,33.0,33.0,24.61111111111111,48.6,24.503944444444446,17.27777777777778,0.0
2025-10-03 22:31:55+00:00,33.7696648,-84.39892739999999,POINT (-84.39892739999999 33.7696648),6.0,7.0,6.0,7.0,8.0,9.0,8.0,9.0,25.0,25.0,33.0,33.0,24.61111111111111,48.6,24.503944444444446,17.27777777777778,0.0
2025-10-03 22:31:56+00:00,33.7696756,-84.3989328,POINT (-84.3989328 33.7696756),6.0,7.0,6.0,7.0,8.0,9.0,8.0,9.0,25.0,25.0,33.0,33.0,24.61111111111111,48.6,24.503944444444446,17.27777777777778,0.0
2025-10-03 22:31:57+00:00,33.76968720000001,-84.3989386,POINT (-84.3989386 33.76968720000001),6.0,7.0,6.0,7.0,8.0,9.0,8.0,9.0,25.0,25.0,33.0,33.0,24.61111111111111,48.6,24.503944444444446,17.27777777777778,0.0
2025-10-03 22:31:58+00:00,33.769708800000004,-84.39894939999999,POINT (-84.39894939999999 33.769708800000004),6.0,7.0,6.0,7.0,8.0,9.0,8.0,9.0,25.0,25.0,33.0,33.0,24.61111111111111,48.6,24.503944444444446,17.27777777777778,0.0
2025-10-03 22:31:59+00:00,33.76971830860534,-84.3989546735905,POINT (-84.3989546735905 33.76971830860534),6.0,7.0,6.0,7.0,8.0,9.0,8.0,9.0,25.0,25.0,33.0,33.0,24.61111111111111,48.6,24.503944444444446,17.27777777777778,0.0
2025-10-03 22:32:00+00:00,33.769726854599405,-84.39895948071216,POINT (-84.39895948071216 33.769726854599405),6.0,7.0,6.0,7.0,8.0,9.0,8.0,9.0,25.0,25.0,33.0,33.0,24.61111111111111,48.6,24.503944444444446,17.27777777777778,0.0
2025-10-03 22:32:01+00:00,33.769738439169146,-84.39896599703265,POINT (-84.39896599703265 33.769738439169146),6.0,7.0,6.0,7.0,8.0,9.0,8.0,9.0,25.0,25.0,33.0,33.0,24.61111111111111,48.6,24.503944444444446,17.27777777777778,0.0
2025-10-03 22:32:02+00:00,33.769750451038576,-84.3989727537092,POINT (-84.3989727537092 33.769750451038576),6.0,7.0,6.0,7.0,8.0,9.0,8.0,9.0,25.0,25.0,33.0,33.0,24.61111111111111,48.6,24.503944444444446,17.27777777777778,0.0
2025-10-03 22:32:03+00:00,33.76976246290801,-84.39897951038576,POINT (-84.39897951038576 33.76976246290801),6.0,7.0,6.0,7.0,8.0,9.0,8.0,9.0,25.0,25.0,33.0,33.0,24.61111111111111,48.5,24.502638888888885,17.22222222222222,0.0
2025-10-03 22:32:04+00:00,33.769773715133525,-84.3989858397626,POINT (-84.3989858397626 33.769773715133525),6.0,7.0,6.0,7.0,8.0,9.0,8.0,9.0,25.0,25.0,33.0,33.0,24.61111111111111,48.5,24.502638888888885,17.22222222222222,0.0
2025-10-03 22:32:05+00:00,33.769784207715134,-84.39899174183977,POINT (-84.39899174183977 33.769784207715134),6.0,7.0,6.0,7.0,8.0,9.0,8.0,9.0,25.0,25.0,33.0,33.0,24.61111111111111,48.5,24.502638888888885,17.22222222222222,0.0
2025-10-03 22:32:06+00:00,33.76979394065282,-84.3989972166172,POINT (-84.3989972166172 33.76979394065282),6.0,7.0,6.0,7.0,8.0,9.0,8.0,9.0,25.0,25.0,33.0,33.0,24.61111111111111,48.5,24.502638888888885,17.22222222222222,0.0
2025-10-03 22:32:07+00:00,33.76980400593472,-84.39900287833828,POINT (-84.39900287833828 33.76980400593472),6.0,7.0,6.0,7.0,8.0,9.0,8.0,9.0,25.0,25.0,33.0,33.0,24.61111111111111,48.5,24.502638888888885,17.22222222222222,0.0
2025-10-03 22:32:08+00:00,33.769815258160236,-84.39900920771514,POINT (-84.39900920771514 33.769815258160236),7.0,7.5,7.0,7.5,9.0,9.0,9.0,9.0,29.0,29.0,38.0,38.0,24.61111111111111,48.5,24.502638888888885,17.27777777777778,0.0
2025-10-03 22:32:09+00:00,33.769825323442134,-84.3990148694362,POINT (-84.3990148694362 33.769825323442134),7.0,7.5,7.0,7.5,9.0,9.0,9.0,9.0,29.0,29.0,38.0,38.0,24.61111111111111,48.5,24.502638888888885,17.27777777777778,0.0
2025-10-03 22:32:10+00:00,33.76983505637982,-84.39902034421365,POINT (-84.39902034421365 33.76983505637982),7.0,7.5,7.0,7.5,9.0,9.0,9.0,9.0,29.0,29.0,38.0,38.0,24.61111111111111,48.5,24.502638888888885,17.27777777777778,0.0
2025-10-03 22:32:11+00:00,33.769845976261124,-84.39902648664687,POINT (-84.39902648664687 33.769845976261124),7.0,7.5,7.0,7.5,9.0,9.0,9.0,9.0,29.0,29.0,38.0,38.0,24.61111111111111,48.5,24.502638888888885,17.27777777777778,0.0
2025-10-03 22:32:12+00:00,33.76985570919881,-84.39903196142433,POINT (-84.39903196142433 33.76985570919881),7.0,7.5,7.0,7.5,9.0,9.0,9.0,9.0,29.0,29.0,38.0,38.0,24.61111111111111,48.5,24.502638888888885,17.27777777777778,0.0
2025-10-03 22:32:13+00:00,33.76986662908012,-84.39903810385756,POINT (-84.39903810385756 33.76986662908012),7.0,7.5,7.0,7.5,9.0,9.0,9.0,9.0,29.0,29.0,38.0,38.0,24.66666666666667,48.4,24.559666666666672,17.27777777777778,0.0
2025-10-03 22:32:14+00:00,33.76987527058824,-84.39904451764706,POINT (-84.39904451764706 33.76987527058824),7.0,7.5,7.0,7.5,9.0,9.0,9.0,9.0,29.0,29.0,38.0,38.0,24.66666666666667,48.4,24.559666666666672,17.27777777777778,0.0
2025-10-03 22:32:15+00:00,33.76988556470588,-84.39905334117647,POINT (-84.39905334117647 33.76988556470588),7.0,7.5,7.0,7.5,9.0,9.0,9.0,9.0,29.0,29.0,38.0,38.0,24.66666666666667,48.4,24.559666666666672,17.27777777777778,0.0
2025-10-03 22:32:16+00:00,33.769897505882355,-84.3990635764706,POINT (-84.3990635764706 33.769897505882355),7.0,7.5,7.0,7.5,9.0,9.0,9.0,9.0,29.0,29.0,38.0,38.0,24.66666666666667,48.4,24.559666666666672,17.27777777777778,0.0
2025-10-03 22:32:17+00:00,33.76990985882353,-84.39907416470588,POINT (-84.39907416470588 33.76990985882353),7.0,7.5,7.0,7.5,9.0,9.0,9.0,9.0,29.0,29.0,38.0,38.0,24.66666666666667,48.4,24.559666666666672,17.27777777777778,0.0
2025-10-03 22:32:18+00:00,33.76992229411764,-84.3990848235294,POINT (-84.3990848235294 33.76992229411764),7.0,7.5,7.0,7.5,9.0,9.0,9.0,9.0,29.0,29.0,38.0,38.0,24.72222222222222,48.5,24.619305555555556,17.27777777777778,0.0
2025-10-03 22:32:19+00:00,33.769940082352946,-84.39910007058823,POINT (-84.39910007058823 33.769940082352946),7.0,7.5,7.0,7.5,9.0,9.0,9.0,9.0,29.0,29.0,38.0,38.0,24.72222222222222,48.5,24.619305555555556,17.27777777777778,0.0
2025-10-03 22:32:20+00:00,33.76994543529412,-84.39910465882353,POINT (-84.39910465882353 33.76994543529412),7.0,7.5,7.0,7.5,9.0,9.0,9.0,9.0,29.0,29.0,38.0,38.0,24.72222222222222,48.5,24.619305555555556,17.27777777777778,0.0
2025-10-03 22:32:21+00:00,33.76995507058824,-84.39911291764706,POINT (-84.39911291764706 33.76995507058824),7.0,7.5,7.0,7.5,9.0,9.0,9.0,9.0,29.0,29.0,38.0,38.0,24.72222222222222,48.5,24.619305555555556,17.27777777777778,0.0
2025-10-03 22:32:22+00:00,33.7699652,-84.3991216,POINT (-84.3991216 33.7699652),7.0,7.5,7.0,7.5,9.0,9.0,9.0,9.0,29.0,29.0,38.0,38.0,24.72222222222222,48.5,24.619305555555556,17.27777777777778,0.0
2025-10-03 22:32:23+00:00,33.76997475294118,-84.3991297882353,POINT (-84.3991297882353 33.76997475294118),7.0,7.0,7.0,7.0,8.0,8.0,8.0,8.0,29.0,29.0,33.0,33.0,24.72222222222222,48.5,24.619305555555556,17.27777777777778,0.0
2025-10-03 22:32:24+00:00,33.76998430588236,-84.39913797647058,POINT (-84.39913797647058 33.76998430588236),7.0,7.0,7.0,7.0,8.0,8.0,8.0,8.0,29.0,29.0,33.0,33.0,24.72222222222222,48.5,24.619305555555556,17.27777777777778,0.0
2025-10-03 22:32:25+00:00,33.76999385882353,-84.39914616470588,POINT (-84.39914616470588 33.76999385882353),7.0,7.0,7.0,7.0,8.0,8.0,8.0,8.0,29.0,29.0,33.0,33.0,24.72222222222222,48.5,24.619305555555556,17.27777777777778,0.0
2025-10-03 22:32:26+00:00,33.770003988235295,-84.39915484705882,POINT (-84.39915484705882 33.770003988235295),7.0,7.0,7.0,7.0,8.0,8.0,8.0,8.0,29.0,29.0,33.0,33.0,24.72222222222222,48.5,24.619305555555556,17.27777777777778,0.0
2025-10-03 22:32:27+00:00,33.77001280618312,-84.39916294649227,POINT (-84.39916294649227 33.77001280618312),7.0,7.0,7.0,7.0,8.0,8.0,8.0,8.0,29.0,29.0,33.0,33.0,24.72222222222222,48.5,24.619305555555556,17.27777777777778,0.0
2025-10-03 22:32:28+00:00,33.770021581450656,-84.3991721605232,POINT (-84.3991721605232 33.770021581450656),7.0,7.0,7.0,7.0,8.0,8.0,8.0,8.0,29.0,29.0,33.0,33.0,24.777777777777775,48.4,24.676333333333325,17.38888888888889,0.9
2025-10-03 22:32:29+00:00,33.770031307966704,-84.39918237336504,POINT (-84.39918237336504 33.770031307966704),7.0,7.0,7.0,7.0,8.0,8.0,8.0,8.0,29.0,29.0,33.0,33.0,24.777777777777775,48.4,24.676333333333325,17.38888888888889,0.9
2025-10-03 22:32:30+00:00,33.77004250891795,-84.39919413436385,POINT (-84.39919413436385 33.77004250891795),7.0,7.0,7.0,7.0,8.0,8.0,8.0,8.0,29.0,29.0,33.0,33.0,24.777777777777775,48.4,24.676333333333325,17.38888888888889,0.9
2025-10-03 22:32:31+00:00,33.770061961950056,-84.39921456004755,POINT (-84.39921456004755 33.770061961950056),7.0,7.0,7.0,7.0,8.0,8.0,8.0,8.0,29.0,29.0,33.0,33.0,24.777777777777775,48.4,24.676333333333325,17.38888888888889,0.9
2025-10-03 22:32:32+00:00,33.77006928656362,-84.3992222508918,POINT (-84.3992222508918 33.77006928656362),7.0,7.0,7.0,7.0,8.0,8.0,8.0,8.0,29.0,29.0,33.0,33.0,24.777777777777775,48.4,24.676333333333325,17.38888888888889,0.9
2025-10-03 22:32:33+00:00,33.770076587395955,-84.39922991676575,POINT (-84.39922991676575 33.770076587395955),7.0,7.0,7.0,7.0,8.0,8.0,8.0,8.0,29.0,29.0,33.0,33.0,24.777777777777775,48.4,24.676333333333325,17.38888888888889,0.9
2025-10-03 22:32:34+00:00,33.77008636147443,-84.39924017954816,POINT (-84.39924017954816 33.77008636147443),7.0,7.0,7.0,7.0,8.0,8.0,8.0,8.0,29.0,29.0,33.0,33.0,24.777777777777775,48.4,24.676333333333325,17.38888888888889,0.9
2025-10-03 22:32:35+00:00,33.770095612366234,-84.39924989298454,POINT (-84.39924989298454 33.770095612366234),7.0,7.0,7.0,7.0,8.0,8.0,8.0,8.0,29.0,29.0,33.0,33.0,24.777777777777775,48.4,24.676333333333325,17.38888888888889,0.9
2025-10-03 22:32:36+00:00,33.77010533888228,-84.3992601058264,POINT (-84.3992601058264 33.77010533888228),7.0,7.0,7.0,7.0,8.0,8.0,8.0,8.0,29.0,29.0,33.0,33.0,24.777777777777775,48.4,24.676333333333325,17.38888888888889,0.9
2025-10-03 22:32:37+00:00,33.77011554102259,-84.39927081807372,POINT (-84.39927081807372 33.77011554102259),7.0,7.0,7.0,7.0,8.0,8.0,8.0,8.0,29.0,29.0,33.0,33.0,24.777777777777775,48.4,24.676333333333325,17.38888888888889,0.9
2025-10-03 22:32:38+00:00,33.77012671819263,-84.39928255410226,POINT (-84.39928255410226 33.77012671819263),6.0,7.0,6.0,7.0,6.0,7.0,6.0,7.0,25.0,25.0,25.0,25.0,24.777777777777775,48.4,24.676333333333325,17.38888888888889,0.8
2025-10-03 22:32:39+00:00,33.77014614744352,-84.3993029548157,POINT (-84.3993029548157 33.77014614744352),6.0,7.0,6.0,7.0,6.0,7.0,6.0,7.0,25.0,25.0,25.0,25.0,24.777777777777775,48.4,24.676333333333325,17.38888888888889,0.8
2025-10-03 22:32:40+00:00,33.770154423305584,-84.39931164447087,POINT (-84.39931164447087 33.770154423305584),6.0,7.0,6.0,7.0,6.0,7.0,6.0,7.0,25.0,25.0,25.0,25.0,24.777777777777775,48.4,24.676333333333325,17.38888888888889,0.8
2025-10-03 22:32:41+00:00,33.77016219976218,-84.3993198097503,POINT (-84.3993198097503 33.77016219976218),6.0,7.0,6.0,7.0,6.0,7.0,6.0,7.0,25.0,25.0,25.0,25.0,24.777777777777775,48.4,24.676333333333325,17.38888888888889,0.8
2025-10-03 22:32:42+00:00,33.770178703923904,-84.3993371391201,POINT (-84.3993371391201 33.770178703923904),6.0,7.0,6.0,7.0,6.0,7.0,6.0,7.0,25.0,25.0,25.0,25.0,24.777777777777775,48.4,24.676333333333325,17.38888888888889,0.8
2025-10-03 22:32:43+00:00,33.770183079667056,-84.39934173365042,POINT (-84.39934173365042 33.770183079667056),6.0,7.0,6.0,7.0,6.0,7.0,6.0,7.0,25.0,25.0,25.0,25.0,24.777777777777775,48.3,24.675027777777775,17.38888888888889,0.9
2025-10-03 22:32:44+00:00,33.77019083234244,-84.39934987395957,POINT (-84.39934987395957 33.77019083234244),6.0,7.0,6.0,7.0,6.0,7.0,6.0,7.0,25.0,25.0,25.0,25.0,24.777777777777775,48.3,24.675027777777775,17.38888888888889,0.9
2025-10-03 22:32:45+00:00,33.77019713436385,-84.39935649108205,POINT (-84.39935649108205 33.77019713436385),6.0,7.0,6.0,7.0,6.0,7.0,6.0,7.0,25.0,25.0,25.0,25.0,24.777777777777775,48.3,24.675027777777775,17.38888888888889,0.9
2025-10-03 22:32:46+00:00,33.77020341260404,-84.39936308323425,POINT (-84.39936308323425 33.77020341260404),6.0,7.0,6.0,7.0,6.0,7.0,6.0,7.0,25.0,25.0,25.0,25.0,24.777777777777775,48.3,24.675027777777775,17.38888888888889,0.9
2025-10-03 22:32:47+00:00,33.77021,-84.39937,POINT (-84.39937 33.77021),6.0,7.0,6.0,7.0,6.0,7.0,6.0,7.0,25.0,25.0,25.0,25.0,24.777777777777775,48.3,24.675027777777775,17.38888888888889,0.9
2025-10-03 22:32:48+00:00,33.77021611623682,-84.39937682840139,POINT (-84.39937682840139 33.77021611623682),6.0,7.0,6.0,7.0,6.0,7.0,6.0,7.0,25.0,25.0,25.0,25.0,24.777777777777775,48.3,24.675027777777775,17.27777777777778,0.0
2025-10-03 22:32:49+00:00,33.77023142817166,-84.39939392323275,POINT (-84.39939392323275 33.77023142817166),6.0,7.0,6.0,7.0,6.0,7.0,6.0,7.0,25.0,25.0,25.0,25.0,24.777777777777775,48.3,24.675027777777775,17.27777777777778,0.0
2025-10-03 22:32:50+00:00,33.770239306714004,-84.39940271913962,POINT (-84.39940271913962 33.770239306714004),6.0,7.0,6.0,7.0,6.0,7.0,6.0,7.0,25.0,25.0,25.0,25.0,24.777777777777775,48.3,24.675027777777775,17.27777777777778,0.0
2025-10-03 22:32:51+00:00,33.77024624312415,-84.39941046321395,POINT (-84.39941046321395 33.77024624312415),6.0,7.0,6.0,7.0,6.0,7.0,6.0,7.0,25.0,25.0,25.0,25.0,24.777777777777775,48.3,24.675027777777775,17.27777777777778,0.0
2025-10-03 22:32:52+00:00,33.77025412166649,-84.39941925912082,POINT (-84.39941925912082 33.77025412166649),6.0,7.0,6.0,7.0,6.0,7.0,6.0,7.0,25.0,25.0,25.0,25.0,24.777777777777775,48.3,24.675027777777775,17.27777777777778,0.0
2025-10-03 22:32:53+00:00,33.77037304007188,-84.39932632280693,POINT (-84.39932632280693 33.77037304007188),7.0,7.0,7.0,7.0,7.0,8.0,7.0,8.0,29.0,29.0,29.0,29.0,24.72222222222222,48.2,24.615388888888887,17.27777777777778,0.9
2025-10-03 22:32:54+00:00,33.77038285511804,-84.39933719743192,POINT (-84.39933719743192 33.77038285511804),7.0,7.0,7.0,7.0,7.0,8.0,7.0,8.0,29.0,29.0,29.0,29.0,24.72222222222222,48.2,24.615388888888887,17.27777777777778,0.9
2025-10-03 22:32:55+00:00,33.77039321601136,-84.39934867683077,POINT (-84.39934867683077 33.77039321601136),7.0,7.0,7.0,7.0,7.0,8.0,7.0,8.0,29.0,29.0,29.0,29.0,24.72222222222222,48.2,24.615388888888887,17.27777777777778,0.9
2025-10-03 22:32:56+00:00,33.770404620135935,-84.39936131208243,POINT (-84.39936131208243 33.770404620135935),7.0,7.0,7.0,7.0,7.0,8.0,7.0,8.0,29.0,29.0,29.0,29.0,24.72222222222222,48.2,24.615388888888887,17.27777777777778,0.9
2025-10-03 22:32:57+00:00,33.77042324270662,-84.39938194504427,POINT (-84.39938194504427 33.77042324270662),7.0,7.0,7.0,7.0,7.0,8.0,7.0,8.0,29.0,29.0,29.0,29.0,24.72222222222222,48.2,24.615388888888887,17.27777777777778,0.9
2025-10-03 22:32:58+00:00,33.77042946638454,-84.39938884059652,POINT (-84.39938884059652 33.77042946638454),7.0,7.0,7.0,7.0,7.0,8.0,7.0,8.0,29.0,29.0,29.0,29.0,24.72222222222222,48.2,24.615388888888887,17.27777777777778,0.9
2025-10-03 22:32:59+00:00,33.77033600484494,-84.39951067664197,POINT (-84.39951067664197 33.77033600484494),7.0,7.0,7.0,7.0,7.0,8.0,7.0,8.0,29.0,29.0,29.0,29.0,24.72222222222222,48.2,24.615388888888887,17.27777777777778,0.9
2025-10-03 22:33:00+00:00,33.77034369740002,-84.3995192649055,POINT (-84.3995192649055 33.77034369740002),7.0,7.0,7.0,7.0,7.0,8.0,7.0,8.0,29.0,29.0,29.0,29.0,24.72222222222222,48.2,24.615388888888887,17.27777777777778,0.9
2025-10-03 22:33:01+00:00,33.77035094480526,-84.3995273561867,POINT (-84.3995273561867 33.77035094480526),7.0,7.0,7.0,7.0,7.0,8.0,7.0,8.0,29.0,29.0,29.0,29.0,24.72222222222222,48.2,24.615388888888887,17.27777777777778,0.9
2025-10-03 22:33:02+00:00,33.77036643358045,-84.39954464844942,POINT (-84.39954464844942 33.77036643358045),7.0,7.0,7.0,7.0,7.0,8.0,7.0,8.0,29.0,29.0,29.0,29.0,24.72222222222222,48.2,24.615388888888887,17.27777777777778,0.9
2025-10-03 22:33:03+00:00,33.77037179672131,-84.39955063606557,POINT (-84.39955063606557 33.77037179672131),7.0,7.0,7.0,7.0,7.0,8.0,7.0,8.0,29.0,29.0,29.0,29.0,24.72222222222222,48.1,24.614083333333337,17.27777777777778,0.7
2025-10-03 22:33:04+00:00,33.770382916320344,-84.39956305041244,POINT (-84.39956305041244 33.770382916320344),7.0,7.0,7.0,7.0,7.0,8.0,7.0,8.0,29.0,29.0,29.0,29.0,24.72222222222222,48.1,24.614083333333337,17.27777777777778,0.7
2025-10-03 22:33:05+00:00,33.770394481069225,-84.39957596174168,POINT (-84.39957596174168 33.770394481069225),7.0,7.0,7.0,7.0,7.0,8.0,7.0,8.0,29.0,29.0,29.0,29.0,24.72222222222222,48.1,24.614083333333337,17.27777777777778,0.7
2025-10-03 22:33:06+00:00,33.770406490967936,-84.39958937005325,POINT (-84.39958937005325 33.770406490967936),7.0,7.0,7.0,7.0,7.0,8.0,7.0,8.0,29.0,29.0,29.0,29.0,24.72222222222222,48.1,24.614083333333337,17.27777777777778,0.7
2025-10-03 22:33:07+00:00,33.77042624525426,-84.3996114244962,POINT (-84.3996114244962 33.77042624525426),7.0,7.0,7.0,7.0,7.0,8.0,7.0,8.0,29.0,29.0,29.0,29.0,24.72222222222222,48.1,24.614083333333337,17.27777777777778,0.7
2025-10-03 22:33:08+00:00,33.770434382959166,-84.39962050974209,POINT (-84.39962050974209 33.770434382959166),7.0,7.0,7.0,7.0,7.0,7.0,7.0,7.0,29.0,29.0,29.0,29.0,24.72222222222222,48.1,24.614083333333337,17.27777777777778,0.0
2025-10-03 22:33:09+00:00,33.770442572496606,-84.39962965285581,POINT (-84.39962965285581 33.770442572496606),7.0,7.0,7.0,7.0,7.0,7.0,7.0,7.0,29.0,29.0,29.0,29.0,24.72222222222222,48.1,24.614083333333337,17.27777777777778,0.0
2025-10-03 22:33:10+00:00,33.770459790038636,-84.39964887518012,POINT (-84.39964887518012 33.770459790038636),7.0,7.0,7.0,7.0,7.0,7.0,7.0,7.0,29.0,29.0,29.0,29.0,24.72222222222222,48.1,24.614083333333337,17.27777777777778,0.0
2025-10-03 22:33:11+00:00,33.77046554649681,-84.39965530191083,POINT (-84.39965530191083 33.77046554649681),7.0,7.0,7.0,7.0,7.0,7.0,7.0,7.0,29.0,29.0,29.0,29.0,24.72222222222222,48.1,24.614083333333337,17.27777777777778,0.0
2025-10-03 22:33:12+00:00,33.77048315735616,-84.3996749633497,POINT (-84.3996749633497 33.77048315735616),7.0,7.0,7.0,7.0,7.0,7.0,7.0,7.0,29.0,29.0,29.0,29.0,24.72222222222222,48.1,24.614083333333337,17.27777777777778,0.0
2025-10-03 22:33:13+00:00,33.77049024926386,-84.39968288102746,POINT (-84.39968288102746 33.77049024926386),7.0,7.0,7.0,7.0,7.0,7.0,7.0,7.0,29.0,29.0,29.0,29.0,24.66666666666667,48.2,24.557055555555557,17.27777777777778,0.0
2025-10-03 22:33:14+00:00,33.77049739300407,-84.39969085657305,POINT (-84.39969085657305 33.77049739300407),7.0,7.0,7.0,7.0,7.0,7.0,7.0,7.0,29.0,29.0,29.0,29.0,24.66666666666667,48.2,24.557055555555557,17.27777777777778,0.0
2025-10-03 22:33:15+00:00,33.770508750422884,-84.39970353643103,POINT (-84.39970353643103 33.770508750422884),7.0,7.0,7.0,7.0,7.0,7.0,7.0,7.0,29.0,29.0,29.0,29.0,24.66666666666667,48.2,24.557055555555557,17.27777777777778,0.0
2025-10-03 22:33:16+00:00,33.77051966269187,-84.39971571930667,POINT (-84.39971571930667 33.77051966269187),7.0,7.0,7.0,7.0,7.0,7.0,7.0,7.0,29.0,29.0,29.0,29.0,24.66666666666667,48.2,24.557055555555557,17.27777777777778,0.0
2025-10-03 22:33:17+00:00,33.7705372217187,-84.39973532287773,POINT (-84.39973532287773 33.7705372217187),7.0,7.0,7.0,7.0,7.0,7.0,7.0,7.0,29.0,29.0,29.0,29.0,24.66666666666667,48.2,24.557055555555557,17.27777777777778,0.0
2025-10-03 22:33:18+00:00,33.77054386847656,-84.39974274357314,POINT (-84.39974274357314 33.77054386847656),7.0,7.0,7.0,7.0,7.0,7.0,7.0,7.0,29.0,29.0,29.0,29.0,24.72222222222222,48.2,24.615388888888887,17.27777777777778,0.0
2025-10-03 22:33:19+00:00,33.77055096038425,-84.3997506612509,POINT (-84.3997506612509 33.77055096038425),7.0,7.0,7.0,7.0,7.0,7.0,7.0,7.0,29.0,29.0,29.0,29.0,24.72222222222222,48.2,24.615388888888887,17.27777777777778,0.0
2025-10-03 22:33:20+00:00,33.77056132383836,-84.39976223140859,POINT (-84.39976223140859 33.77056132383836),7.0,7.0,7.0,7.0,7.0,7.0,7.0,7.0,29.0,29.0,29.0,29.0,24.72222222222222,48.2,24.615388888888887,17.27777777777778,0.0
2025-10-03 22:33:21+00:00,33.77057124214263,-84.3997733045839,POINT (-84.3997733045839 33.77057124214263),7.0,7.0,7.0,7.0,7.0,7.0,7.0,7.0,29.0,29.0,29.0,29.0,24.72222222222222,48.2,24.615388888888887,17.27777777777778,0.0
2025-10-03 22:33:22+00:00,33.77058919448679,-84.39979334726951,POINT (-84.39979334726951 33.77058919448679),7.0,7.0,7.0,7.0,7.0,7.0,7.0,7.0,29.0,29.0,29.0,29.0,24.72222222222222,48.2,24.615388888888887,17.27777777777778,0.0
2025-10-03 22:33:23+00:00,33.77059534426229,-84.39980021311476,POINT (-84.39980021311476 33.77059534426229),6.0,6.0,6.0,6.0,5.0,6.0,5.0,6.0,25.0,25.0,21.0,21.0,24.777777777777775,48.2,24.673722222222224,17.27777777777778,0.9
2025-10-03 22:33:24+00:00,33.77060243616999,-84.39980813079252,POINT (-84.39980813079252 33.77060243616999),6.0,6.0,6.0,6.0,5.0,6.0,5.0,6.0,25.0,25.0,21.0,21.0,24.777777777777775,48.2,24.673722222222224,17.27777777777778,0.9
2025-10-03 22:33:25+00:00,33.77061285145662,-84.39981975881801,POINT (-84.39981975881801 33.77061285145662),6.0,6.0,6.0,6.0,5.0,6.0,5.0,6.0,25.0,25.0,21.0,21.0,24.777777777777775,48.2,24.673722222222224,17.27777777777778,0.9
2025-10-03 22:33:26+00:00,33.770623763725595,-84.39983194169365,POINT (-84.39983194169365 33.770623763725595),6.0,6.0,6.0,6.0,5.0,6.0,5.0,6.0,25.0,25.0,21.0,21.0,24.777777777777775,48.2,24.673722222222224,17.27777777777778,0.9
2025-10-03 22:33:27+00:00,33.770641219087395,-84.39985142952908,POINT (-84.39985142952908 33.770641219087395),6.0,6.0,6.0,6.0,5.0,6.0,5.0,6.0,25.0,25.0,21.0,21.0,24.777777777777775,48.2,24.673722222222224,17.27777777777778,0.9
2025-10-03 22:33:28+00:00,33.770647368862896,-84.39985829537433,POINT (-84.39985829537433 33.770647368862896),6.0,6.0,6.0,6.0,5.0,6.0,5.0,6.0,25.0,25.0,21.0,21.0,24.66666666666667,48.2,24.557055555555557,17.27777777777778,0.0
2025-10-03 22:33:29+00:00,33.77065396378824,-84.39986565820195,POINT (-84.39986565820195 33.77065396378824),6.0,6.0,6.0,6.0,5.0,6.0,5.0,6.0,25.0,25.0,21.0,21.0,24.66666666666667,48.2,24.557055555555557,17.27777777777778,0.0
2025-10-03 22:33:30+00:00,33.77066333327764,-84.3998761186593,POINT (-84.3998761186593 33.77066333327764),6.0,6.0,6.0,6.0,5.0,6.0,5.0,6.0,25.0,25.0,21.0,21.0,24.66666666666667,48.2,24.557055555555557,17.27777777777778,0.0
2025-10-03 22:33:31+00:00,33.770673199749396,-84.3998871339668,POINT (-84.3998871339668 33.770673199749396),6.0,6.0,6.0,6.0,5.0,6.0,5.0,6.0,25.0,25.0,21.0,21.0,24.66666666666667,48.2,24.557055555555557,17.27777777777778,0.0
2025-10-03 22:33:32+00:00,33.770682621071316,-84.39989765229195,POINT (-84.39989765229195 33.770682621071316),6.0,6.0,6.0,6.0,5.0,6.0,5.0,6.0,25.0,25.0,21.0,21.0,24.66666666666667,48.2,24.557055555555557,17.27777777777778,0.0
2025-10-03 22:33:33+00:00,33.77069060327869,-84.39990656393442,POINT (-84.39990656393442 33.77069060327869),6.0,6.0,6.0,6.0,5.0,6.0,5.0,6.0,25.0,25.0,21.0,21.0,24.66666666666667,48.2,24.557055555555557,17.27777777777778,0.0
2025-10-03 22:33:34+00:00,33.770698585486066,-84.3999154755769,POINT (-84.3999154755769 33.770698585486066),6.0,6.0,6.0,6.0,5.0,6.0,5.0,6.0,25.0,25.0,21.0,21.0,24.66666666666667,48.2,24.557055555555557,17.27777777777778,0.0
2025-10-03 22:33:35+00:00,33.770707561658135,-84.3999254969197,POINT (-84.3999254969197 33.770707561658135),6.0,6.0,6.0,6.0,5.0,6.0,5.0,6.0,25.0,25.0,21.0,21.0,24.66666666666667,48.2,24.557055555555557,17.27777777777778,0.0
2025-10-03 22:33:36+00:00,33.77071703481257,-84.39993607311267,POINT (-84.39993607311267 33.77071703481257),6.0,6.0,6.0,6.0,5.0,6.0,5.0,6.0,25.0,25.0,21.0,21.0,24.66666666666667,48.2,24.557055555555557,17.27777777777778,0.0
2025-10-03 22:33:37+00:00,33.7707274500992,-84.39994770113815,POINT (-84.39994770113815 33.7707274500992),6.0,6.0,6.0,6.0,5.0,6.0,5.0,6.0,25.0,25.0,21.0,21.0,24.66666666666667,48.2,24.557055555555557,17.27777777777778,0.0
2025-10-03 22:33:38+00:00,33.77074307302913,-84.39996514317636,POINT (-84.39996514317636 33.77074307302913),5.0,6.0,5.0,6.0,6.0,6.0,6.0,6.0,21.0,21.0,25.0,25.0,24.66666666666667,48.3,24.55836111111111,17.27777777777778,0.8
2025-10-03 22:33:39+00:00,33.770747835522606,-84.39997046020675,POINT (-84.39997046020675 33.770747835522606),5.0,6.0,5.0,6.0,6.0,6.0,6.0,6.0,21.0,21.0,25.0,25.0,24.66666666666667,48.3,24.55836111111111,17.27777777777778,0.8
2025-10-03 22:33:40+00:00,33.770757360509556,-84.39998109426752,POINT (-84.39998109426752 33.770757360509556),5.0,6.0,5.0,6.0,6.0,6.0,6.0,6.0,21.0,21.0,25.0,25.0,24.66666666666667,48.3,24.55836111111111,17.27777777777778,0.8
2025-10-03 22:33:41+00:00,33.770767330646336,-84.39999222531064,POINT (-84.39999222531064 33.770767330646336),5.0,6.0,5.0,6.0,6.0,6.0,6.0,6.0,21.0,21.0,25.0,25.0,24.66666666666667,48.3,24.55836111111111,17.27777777777778,0.8
2025-10-03 22:33:42+00:00,33.77077824291531,-84.40000440818628,POINT (-84.40000440818628 33.77077824291531),5.0,6.0,5.0,6.0,6.0,6.0,6.0,6.0,21.0,21.0,25.0,25.0,24.66666666666667,48.3,24.55836111111111,17.27777777777778,0.8
2025-10-03 22:33:43+00:00,33.770793865845256,-84.4000218502245,POINT (-84.4000218502245 33.770793865845256),5.0,6.0,5.0,6.0,6.0,6.0,6.0,6.0,21.0,21.0,25.0,25.0,24.66666666666667,48.4,24.559666666666672,17.27777777777778,0.8
2025-10-03 22:33:44+00:00,33.77079907348857,-84.40002766423724,POINT (-84.40002766423724 33.77079907348857),5.0,6.0,5.0,6.0,6.0,6.0,6.0,6.0,21.0,21.0,25.0,25.0,24.66666666666667,48.4,24.559666666666672,17.27777777777778,0.8
2025-10-03 22:33:45+00:00,33.77080948877519,-84.40003929226272,POINT (-84.40003929226272 33.77080948877519),5.0,6.0,5.0,6.0,6.0,6.0,6.0,6.0,21.0,21.0,25.0,25.0,24.66666666666667,48.4,24.559666666666672,17.27777777777778,0.8
2025-10-03 22:33:46+00:00,33.77081945891198,-84.40005042330584,POINT (-84.40005042330584 33.77081945891198),5.0,6.0,5.0,6.0,6.0,6.0,6.0,6.0,21.0,21.0,25.0,25.0,24.66666666666667,48.4,24.559666666666672,17.27777777777778,0.8
2025-10-03 22:33:47+00:00,33.7708298741986,-84.40006205133132,POINT (-84.40006205133132 33.7708298741986),5.0,6.0,5.0,6.0,6.0,6.0,6.0,6.0,21.0,21.0,25.0,25.0,24.66666666666667,48.4,24.559666666666672,17.27777777777778,0.8
2025-10-03 22:33:48+00:00,33.77084028948522,-84.4000736793568,POINT (-84.4000736793568 33.77084028948522),5.0,6.0,5.0,6.0,6.0,6.0,6.0,6.0,21.0,21.0,25.0,25.0,24.66666666666667,48.4,24.559666666666672,17.27777777777778,0.8
2025-10-03 22:33:49+00:00,33.770850704771846,-84.40008530738227,POINT (-84.40008530738227 33.770850704771846),5.0,6.0,5.0,6.0,6.0,6.0,6.0,6.0,21.0,21.0,25.0,25.0,24.66666666666667,48.4,24.559666666666672,17.27777777777778,0.8
2025-10-03 22:33:50+00:00,33.77086062307612,-84.40009638055759,POINT (-84.40009638055759 33.77086062307612),5.0,6.0,5.0,6.0,6.0,6.0,6.0,6.0,21.0,21.0,25.0,25.0,24.66666666666667,48.4,24.559666666666672,17.27777777777778,0.8
2025-10-03 22:33:51+00:00,33.77087103836274,-84.40010800858306,POINT (-84.40010800858306 33.77087103836274),5.0,6.0,5.0,6.0,6.0,6.0,6.0,6.0,21.0,21.0,25.0,25.0,24.66666666666667,48.4,24.559666666666672,17.27777777777778,0.8
2025-10-03 22:33:52+00:00,33.77088145364937,-84.40011963660855,POINT (-84.40011963660855 33.77088145364937),5.0,6.0,5.0,6.0,6.0,6.0,6.0,6.0,21.0,21.0,25.0,25.0,24.66666666666667,48.4,24.559666666666672,17.27777777777778,0.8
2025-10-03 22:33:53+00:00,33.77089752172915,-84.40013757562912,POINT (-84.40013757562912 33.77089752172915),7.0,8.0,7.0,8.0,6.0,6.0,6.0,6.0,29.0,29.0,25.0,25.0,24.61111111111111,48.4,24.501333333333335,17.22222222222222,0.9
2025-10-03 22:33:54+00:00,33.77090272937246,-84.40014338964185,POINT (-84.40014338964185 33.77090272937246),7.0,8.0,7.0,8.0,6.0,6.0,6.0,6.0,29.0,29.0,25.0,25.0,24.61111111111111,48.4,24.501333333333335,17.22222222222222,0.9
2025-10-03 22:33:55+00:00,33.770912647676724,-84.40015446281717,POINT (-84.40015446281717 33.770912647676724),7.0,8.0,7.0,8.0,6.0,6.0,6.0,6.0,29.0,29.0,25.0,25.0,24.61111111111111,48.4,24.501333333333335,17.22222222222222,0.9
2025-10-03 22:33:56+00:00,33.770923508113185,-84.400166587825,POINT (-84.400166587825 33.770923508113185),7.0,8.0,7.0,8.0,6.0,6.0,6.0,6.0,29.0,29.0,25.0,25.0,24.61111111111111,48.4,24.501333333333335,17.22222222222222,0.9
2025-10-03 22:33:57+00:00,33.77093392339982,-84.40017821585047,POINT (-84.40017821585047 33.77093392339982),7.0,8.0,7.0,8.0,6.0,6.0,6.0,6.0,29.0,29.0,25.0,25.0,24.61111111111111,48.4,24.501333333333335,17.22222222222222,0.9
2025-10-03 22:33:58+00:00,33.770944338686434,-84.40018984387595,POINT (-84.40018984387595 33.770944338686434),7.0,8.0,7.0,8.0,6.0,6.0,6.0,6.0,29.0,29.0,25.0,25.0,24.555555555555557,48.4,24.442999999999998,17.22222222222222,0.8
2025-10-03 22:33:59+00:00,33.770955199122895,-84.40020196888378,POINT (-84.40020196888378 33.770955199122895),7.0,8.0,7.0,8.0,6.0,6.0,6.0,6.0,29.0,29.0,25.0,25.0,24.555555555555557,48.4,24.442999999999998,17.22222222222222,0.8
2025-10-03 22:34:00+00:00,33.77096511742717,-84.40021304205911,POINT (-84.40021304205911 33.77096511742717),7.0,8.0,7.0,8.0,6.0,6.0,6.0,6.0,29.0,29.0,25.0,25.0,24.555555555555557,48.4,24.442999999999998,17.22222222222222,0.8
2025-10-03 22:34:01+00:00,33.77098068852459,-84.40023042622951,POINT (-84.40023042622951 33.77098068852459),7.0,8.0,7.0,8.0,6.0,6.0,6.0,6.0,29.0,29.0,25.0,25.0,24.555555555555557,48.4,24.442999999999998,17.22222222222222,0.8
2025-10-03 22:34:02+00:00,33.7709858961679,-84.40023624024225,POINT (-84.40023624024225 33.7709858961679),7.0,8.0,7.0,8.0,6.0,6.0,6.0,6.0,29.0,29.0,25.0,25.0,24.555555555555557,48.4,24.442999999999998,17.22222222222222,0.8
2025-10-03 22:34:03+00:00,33.77099675660436,-84.40024836525008,POINT (-84.40024836525008 33.77099675660436),7.0,8.0,7.0,8.0,6.0,6.0,6.0,6.0,29.0,29.0,25.0,25.0,24.555555555555557,48.4,24.442999999999998,17.22222222222222,0.9
2025-10-03 22:34:04+00:00,33.77100662307612,-84.40025938055759,POINT (-84.40025938055759 33.77100662307612),7.0,8.0,7.0,8.0,6.0,6.0,6.0,6.0,29.0,29.0,25.0,25.0,24.555555555555557,48.4,24.442999999999998,17.22222222222222,0.9
2025-10-03 22:34:05+00:00,33.77101792866242,-84.40027200254777,POINT (-84.40027200254777 33.77101792866242),7.0,8.0,7.0,8.0,6.0,6.0,6.0,6.0,29.0,29.0,25.0,25.0,24.555555555555557,48.4,24.442999999999998,17.22222222222222,0.9
2025-10-03 22:34:06+00:00,33.771034835209356,-84.40029087766524,POINT (-84.40029087766524 33.771034835209356),7.0,8.0,7.0,8.0,6.0,6.0,6.0,6.0,29.0,29.0,25.0,25.0,24.555555555555557,48.4,24.442999999999998,17.22222222222222,0.9
2025-10-03 22:34:07+00:00,33.771040488002505,-84.40029718866033,POINT (-84.40029718866033 33.771040488002505),7.0,8.0,7.0,8.0,6.0,6.0,6.0,6.0,29.0,29.0,25.0,25.0,24.555555555555557,48.4,24.442999999999998,17.22222222222222,0.9
2025-10-03 22:34:08+00:00,33.7710578915318,-84.40031661862797,POINT (-84.40031661862797 33.7710578915318),7.0,7.0,7.0,7.0,7.0,7.0,7.0,7.0,29.0,29.0,29.0,29.0,24.555555555555557,48.3,24.44169444444444,17.22222222222222,1.0
2025-10-03 22:34:09+00:00,33.77106498343949,-84.40032453630573,POINT (-84.40032453630573 33.77106498343949),7.0,7.0,7.0,7.0,7.0,7.0,7.0,7.0,29.0,29.0,29.0,29.0,24.555555555555557,48.3,24.44169444444444,17.22222222222222,1.0
2025-10-03 22:34:10+00:00,33.77107202351467,-84.40033239611569,POINT (-84.40033239611569 33.77107202351467),7.0,7.0,7.0,7.0,7.0,7.0,7.0,7.0,29.0,29.0,29.0,29.0,24.555555555555557,48.3,24.44169444444444,17.22222222222222,1.0
2025-10-03 22:34:11+00:00,33.771087542779576,-84.4003497224183,POINT (-84.4003497224183 33.771087542779576),7.0,7.0,7.0,7.0,7.0,7.0,7.0,7.0,29.0,29.0,29.0,29.0,24.555555555555557,48.3,24.44169444444444,17.22222222222222,1.0
2025-10-03 22:34:12+00:00,33.77109275042289,-84.40035553643104,POINT (-84.40035553643104 33.77109275042289),7.0,7.0,7.0,7.0,7.0,7.0,7.0,7.0,29.0,29.0,29.0,29.0,24.555555555555557,48.3,24.44169444444444,17.22222222222222,1.0
2025-10-03 22:34:13+00:00,33.771109708802335,-84.4003744694163,POINT (-84.4003744694163 33.771109708802335),7.0,7.0,7.0,7.0,7.0,7.0,7.0,7.0,29.0,29.0,29.0,29.0,24.499999999999996,48.3,24.383361111111114,17.11111111111111,1.4
2025-10-03 22:34:14+00:00,33.771116355560196,-84.40038189011173,POINT (-84.40038189011173 33.771116355560196),7.0,7.0,7.0,7.0,7.0,7.0,7.0,7.0,29.0,29.0,29.0,29.0,24.499999999999996,48.3,24.383361111111114,17.11111111111111,1.4
2025-10-03 22:34:15+00:00,33.77112295048554,-84.40038925293933,POINT (-84.40038925293933 33.77112295048554),7.0,7.0,7.0,7.0,7.0,7.0,7.0,7.0,29.0,29.0,29.0,29.0,24.499999999999996,48.3,24.383361111111114,17.11111111111111,1.4
2025-10-03 22:34:16+00:00,33.771132868789806,-84.40040032611465,POINT (-84.40040032611465 33.771132868789806),7.0,7.0,7.0,7.0,7.0,7.0,7.0,7.0,29.0,29.0,29.0,29.0,24.499999999999996,48.3,24.383361111111114,17.11111111111111,1.4
2025-10-03 22:34:17+00:00,33.771143232243915,-84.40041189627232,POINT (-84.40041189627232 33.771143232243915),7.0,7.0,7.0,7.0,7.0,7.0,7.0,7.0,29.0,29.0,29.0,29.0,24.499999999999996,48.3,24.383361111111114,17.11111111111111,1.4
2025-10-03 22:34:18+00:00,33.77116024245588,-84.4004308871254,POINT (-84.4004308871254 33.77116024245588),7.0,7.0,7.0,7.0,7.0,7.0,7.0,7.0,29.0,29.0,29.0,29.0,24.555555555555557,48.3,24.44169444444444,17.22222222222222,1.0
2025-10-03 22:34:19+00:00,33.771166889213745,-84.40043830782082,POINT (-84.40043830782082 33.771166889213745),7.0,7.0,7.0,7.0,7.0,7.0,7.0,7.0,29.0,29.0,29.0,29.0,24.555555555555557,48.3,24.44169444444444,17.22222222222222,1.0
2025-10-03 22:34:20+00:00,33.771173981121436,-84.40044622549858,POINT (-84.40044622549858 33.771173981121436),7.0,7.0,7.0,7.0,7.0,7.0,7.0,7.0,29.0,29.0,29.0,29.0,24.555555555555557,48.3,24.44169444444444,17.22222222222222,1.0
2025-10-03 22:34:21+00:00,33.77118389942571,-84.4004572986739,POINT (-84.4004572986739 33.77118389942571),7.0,7.0,7.0,7.0,7.0,7.0,7.0,7.0,29.0,29.0,29.0,29.0,24.555555555555557,48.3,24.44169444444444,17.22222222222222,1.0
2025-10-03 22:34:22+00:00,33.77119337258014,-84.40046787486686,POINT (-84.40046787486686 33.77119337258014),7.0,7.0,7.0,7.0,7.0,7.0,7.0,7.0,29.0,29.0,29.0,29.0,24.555555555555557,48.3,24.44169444444444,17.22222222222222,1.0
2025-10-03 22:34:23+00:00,33.77120378786676,-84.40047950289234,POINT (-84.40047950289234 33.77120378786676),6.0,6.0,6.0,6.0,6.0,6.0,6.0,6.0,25.0,25.0,25.0,25.0,24.555555555555557,48.2,24.44038888888889,17.22222222222222,1.1
2025-10-03 22:34:24+00:00,33.77121370617103,-84.40049057606765,POINT (-84.40049057606765 33.77121370617103),6.0,6.0,6.0,6.0,6.0,6.0,6.0,6.0,25.0,25.0,25.0,25.0,24.555555555555557,48.2,24.44038888888889,17.22222222222222,1.1
2025-10-03 22:34:25+00:00,33.77122412145766,-84.40050220409313,POINT (-84.40050220409313 33.77122412145766),6.0,6.0,6.0,6.0,6.0,6.0,6.0,6.0,25.0,25.0,25.0,25.0,24.555555555555557,48.2,24.44038888888889,17.22222222222222,1.1
2025-10-03 22:34:26+00:00,33.771234484911766,-84.40051377425081,POINT (-84.40051377425081 33.771234484911766),6.0,6.0,6.0,6.0,6.0,6.0,6.0,6.0,25.0,25.0,25.0,25.0,24.555555555555557,48.2,24.44038888888889,17.22222222222222,1.1
2025-10-03 22:34:27+00:00,33.77124440321604,-84.40052484742613,POINT (-84.40052484742613 33.77124440321604),6.0,6.0,6.0,6.0,6.0,6.0,6.0,6.0,25.0,25.0,25.0,25.0,24.555555555555557,48.2,24.44038888888889,17.22222222222222,1.1
2025-10-03 22:34:28+00:00,33.77125481850266,-84.4005364754516,POINT (-84.4005364754516 33.77125481850266),6.0,6.0,6.0,6.0,6.0,6.0,6.0,6.0,25.0,25.0,25.0,25.0,24.499999999999996,48.2,24.382055555555553,17.11111111111111,0.9
2025-10-03 22:34:29+00:00,33.771264736806934,-84.40054754862692,POINT (-84.40054754862692 33.771264736806934),6.0,6.0,6.0,6.0,6.0,6.0,6.0,6.0,25.0,25.0,25.0,25.0,24.499999999999996,48.2,24.382055555555553,17.11111111111111,0.9
2025-10-03 22:34:30+00:00,33.771274655111206,-84.40055862180223,POINT (-84.40055862180223 33.771274655111206),6.0,6.0,6.0,6.0,6.0,6.0,6.0,6.0,25.0,25.0,25.0,25.0,24.499999999999996,48.2,24.382055555555553,17.11111111111111,0.9
2025-10-03 22:34:31+00:00,33.771291665323176,-84.40057761265533,POINT (-84.40057761265533 33.771291665323176),6.0,6.0,6.0,6.0,6.0,6.0,6.0,6.0,25.0,25.0,25.0,25.0,24.499999999999996,48.2,24.382055555555553,17.11111111111111,0.9
2025-10-03 22:34:32+00:00,33.771298757230866,-84.40058553033309,POINT (-84.40058553033309 33.771298757230866),6.0,6.0,6.0,6.0,6.0,6.0,6.0,6.0,25.0,25.0,25.0,25.0,24.499999999999996,48.2,24.382055555555553,17.11111111111111,0.9
2025-10-03 22:34:33+00:00,33.771305352156205,-84.40059289316069,POINT (-84.40059289316069 33.771305352156205),6.0,6.0,6.0,6.0,6.0,6.0,6.0,6.0,25.0,25.0,25.0,25.0,24.499999999999996,48.1,24.380749999999992,17.11111111111111,0.9
2025-10-03 22:34:34+00:00,33.77131527046048,-84.400603966336,POINT (-84.400603966336 33.77131527046048),6.0,6.0,6.0,6.0,6.0,6.0,6.0,6.0,25.0,25.0,25.0,25.0,24.499999999999996,48.1,24.380749999999992,17.11111111111111,0.9
2025-10-03 22:34:35+00:00,33.77132518876475,-84.40061503951132,POINT (-84.40061503951132 33.77132518876475),6.0,6.0,6.0,6.0,6.0,6.0,6.0,6.0,25.0,25.0,25.0,25.0,24.499999999999996,48.1,24.380749999999992,17.11111111111111,0.9
2025-10-03 22:34:36+00:00,33.771341650161844,-84.40063341764645,POINT (-84.40063341764645 33.771341650161844),6.0,6.0,6.0,6.0,6.0,6.0,6.0,6.0,25.0,25.0,25.0,25.0,24.499999999999996,48.1,24.380749999999992,17.11111111111111,0.9
2025-10-03 22:34:37+00:00,33.771348296919705,-84.40064083834186,POINT (-84.40064083834186 33.771348296919705),6.0,6.0,6.0,6.0,6.0,6.0,6.0,6.0,25.0,25.0,25.0,25.0,24.499999999999996,48.1,24.380749999999992,17.11111111111111,0.9
2025-10-03 22:34:38+00:00,33.77135489184505,-84.40064820116947,POINT (-84.40064820116947 33.77135489184505),6.0,7.0,6.0,7.0,6.0,6.0,6.0,6.0,25.0,25.0,25.0,25.0,24.499999999999996,48.1,24.380749999999992,17.11111111111111,0.7
2025-10-03 22:34:39+00:00,33.77136525529916,-84.40065977132714,POINT (-84.40065977132714 33.77136525529916),6.0,7.0,6.0,7.0,6.0,6.0,6.0,6.0,25.0,25.0,25.0,25.0,24.499999999999996,48.1,24.380749999999992,17.11111111111111,0.7
2025-10-03 22:34:40+00:00,33.77137467662107,-84.4006702896523,POINT (-84.4006702896523 33.77137467662107),6.0,7.0,6.0,7.0,6.0,6.0,6.0,6.0,25.0,25.0,25.0,25.0,24.499999999999996,48.1,24.380749999999992,17.11111111111111,0.7
2025-10-03 22:34:41+00:00,33.77138504007518,-84.40068185980996,POINT (-84.40068185980996 33.77138504007518),6.0,7.0,6.0,7.0,6.0,6.0,6.0,6.0,25.0,25.0,25.0,25.0,24.499999999999996,48.1,24.380749999999992,17.11111111111111,0.7
2025-10-03 22:34:42+00:00,33.77139495837945,-84.40069293298528,POINT (-84.40069293298528 33.77139495837945),6.0,7.0,6.0,7.0,6.0,6.0,6.0,6.0,25.0,25.0,25.0,25.0,24.499999999999996,48.1,24.380749999999992,17.11111111111111,0.7
2025-10-03 22:34:43+00:00,33.771404379701366,-84.40070345131042,POINT (-84.40070345131042 33.771404379701366),6.0,7.0,6.0,7.0,6.0,6.0,6.0,6.0,25.0,25.0,25.0,25.0,24.333333333333332,48.1,24.205749999999995,17.0,0.0
2025-10-03 22:34:44+00:00,33.771420395948624,-84.40072133246319,POINT (-84.40072133246319 33.771420395948624),6.0,7.0,6.0,7.0,6.0,6.0,6.0,6.0,25.0,25.0,25.0,25.0,24.333333333333332,48.1,24.205749999999995,17.0,0.0
2025-10-03 22:34:45+00:00,33.77142748785633,-84.40072925014097,POINT (-84.40072925014097 33.77142748785633),6.0,7.0,6.0,7.0,6.0,6.0,6.0,6.0,25.0,25.0,25.0,25.0,24.333333333333332,48.1,24.205749999999995,17.0,0.0
2025-10-03 22:34:46+00:00,33.77143363763183,-84.40073611598622,POINT (-84.40073611598622 33.77143363763183),6.0,7.0,6.0,7.0,6.0,6.0,6.0,6.0,25.0,25.0,25.0,25.0,24.333333333333332,48.1,24.205749999999995,17.0,0.0
2025-10-03 22:34:47+00:00,33.77144305895374,-84.40074663431137,POINT (-84.40074663431137 33.77144305895374),6.0,7.0,6.0,7.0,6.0,6.0,6.0,6.0,25.0,25.0,25.0,25.0,24.333333333333332,48.1,24.205749999999995,17.0,0.0
2025-10-03 22:34:48+00:00,33.77145253210818,-84.40075721050434,POINT (-84.40075721050434 33.77145253210818),6.0,7.0,6.0,7.0,6.0,6.0,6.0,6.0,25.0,25.0,25.0,25.0,24.388888888888893,48.1,24.26408333333334,17.0,0.0
2025-10-03 22:34:49+00:00,33.77146245041245,-84.40076828367965,POINT (-84.40076828367965 33.77146245041245),6.0,7.0,6.0,7.0,6.0,6.0,6.0,6.0,25.0,25.0,25.0,25.0,24.388888888888893,48.1,24.26408333333334,17.0,0.0
2025-10-03 22:34:50+00:00,33.77147236871672,-84.40077935685497,POINT (-84.40077935685497 33.77147236871672),6.0,7.0,6.0,7.0,6.0,6.0,6.0,6.0,25.0,25.0,25.0,25.0,24.388888888888893,48.1,24.26408333333334,17.0,0.0
2025-10-03 22:34:51+00:00,33.771482287020994,-84.40079043003028,POINT (-84.40079043003028 33.771482287020994),6.0,7.0,6.0,7.0,6.0,6.0,6.0,6.0,25.0,25.0,25.0,25.0,24.388888888888893,48.1,24.26408333333334,17.0,0.0
2025-10-03 22:34:52+00:00,33.771492205325266,-84.4008015032056,POINT (-84.4008015032056 33.771492205325266),6.0,7.0,6.0,7.0,6.0,6.0,6.0,6.0,25.0,25.0,25.0,25.0,24.388888888888893,48.1,24.26408333333334,17.0,0.0
2025-10-03 22:34:53+00:00,33.77150212362953,-84.40081257638091,POINT (-84.40081257638091 33.77150212362953),7.0,7.0,7.0,7.0,7.0,7.0,7.0,7.0,29.0,29.0,29.0,29.0,24.27777777777778,48.1,24.14741666666667,16.88888888888889,0.0
2025-10-03 22:34:54+00:00,33.77151863685914,-84.40083101238383,POINT (-84.40083101238383 33.77151863685914),7.0,7.0,7.0,7.0,7.0,7.0,7.0,7.0,29.0,29.0,29.0,29.0,24.27777777777778,48.1,24.14741666666667,16.88888888888889,0.0
2025-10-03 22:34:55+00:00,33.77152478663465,-84.4008378782291,POINT (-84.4008378782291 33.77152478663465),7.0,7.0,7.0,7.0,7.0,7.0,7.0,7.0,29.0,29.0,29.0,29.0,24.27777777777778,48.1,24.14741666666667,16.88888888888889,0.0
2025-10-03 22:34:56+00:00,33.77153138155999,-84.4008452410567,POINT (-84.4008452410567 33.77153138155999),7.0,7.0,7.0,7.0,7.0,7.0,7.0,7.0,29.0,29.0,29.0,29.0,24.27777777777778,48.1,24.14741666666667,16.88888888888889,0.0
2025-10-03 22:34:57+00:00,33.77154085471442,-84.40085581724966,POINT (-84.40085581724966 33.77154085471442),7.0,7.0,7.0,7.0,7.0,7.0,7.0,7.0,29.0,29.0,29.0,29.0,24.27777777777778,48.1,24.14741666666667,16.88888888888889,0.0
2025-10-03 22:34:58+00:00,33.77155027603634,-84.40086633557482,POINT (-84.40086633557482 33.77155027603634),7.0,7.0,7.0,7.0,7.0,7.0,7.0,7.0,29.0,29.0,29.0,29.0,24.222222222222218,48.2,24.09038888888888,16.88888888888889,0.0
2025-10-03 22:34:59+00:00,33.771567338080814,-84.4008853842957,POINT (-84.4008853842957 33.771567338080814),7.0,7.0,7.0,7.0,7.0,7.0,7.0,7.0,29.0,29.0,29.0,29.0,24.222222222222218,48.2,24.09038888888888,16.88888888888889,0.0
2025-10-03 22:35:00+00:00,33.77157442998852,-84.40089330197348,POINT (-84.40089330197348 33.77157442998852),7.0,7.0,7.0,7.0,7.0,7.0,7.0,7.0,29.0,29.0,29.0,29.0,24.222222222222218,48.2,24.09038888888888,16.88888888888889,0.0
2025-10-03 22:35:01+00:00,33.77158107674637,-84.4009007226689,POINT (-84.4009007226689 33.77158107674637),7.0,7.0,7.0,7.0,7.0,7.0,7.0,7.0,29.0,29.0,29.0,29.0,24.222222222222218,48.2,24.09038888888888,16.88888888888889,0.0
2025-10-03 22:35:02+00:00,33.771591492033,-84.40091235069437,POINT (-84.40091235069437 33.771591492033),7.0,7.0,7.0,7.0,7.0,7.0,7.0,7.0,29.0,29.0,29.0,29.0,24.222222222222218,48.2,24.09038888888888,16.88888888888889,0.0
2025-10-03 22:35:03+00:00,33.771601462169784,-84.4009234817375,POINT (-84.4009234817375 33.771601462169784),7.0,7.0,7.0,7.0,7.0,7.0,7.0,7.0,29.0,29.0,29.0,29.0,24.222222222222218,48.2,24.09038888888888,16.88888888888889,0.0
2025-10-03 22:35:04+00:00,33.77161143230657,-84.40093461278062,POINT (-84.40093461278062 33.77161143230657),7.0,7.0,7.0,7.0,7.0,7.0,7.0,7.0,29.0,29.0,29.0,29.0,24.222222222222218,48.2,24.09038888888888,16.88888888888889,0.0
2025-10-03 22:35:05+00:00,33.771620905461006,-84.40094518897358,POINT (-84.40094518897358 33.771620905461006),7.0,7.0,7.0,7.0,7.0,7.0,7.0,7.0,29.0,29.0,29.0,29.0,24.222222222222218,48.2,24.09038888888888,16.88888888888889,0.0
2025-10-03 22:35:06+00:00,33.77163132074763,-84.40095681699906,POINT (-84.40095681699906 33.77163132074763),7.0,7.0,7.0,7.0,7.0,7.0,7.0,7.0,29.0,29.0,29.0,29.0,24.222222222222218,48.2,24.09038888888888,16.88888888888889,0.0
2025-10-03 22:35:07+00:00,33.77164649852772,-84.40097376205492,POINT (-84.40097376205492 33.77164649852772),7.0,7.0,7.0,7.0,7.0,7.0,7.0,7.0,29.0,29.0,29.0,29.0,24.222222222222218,48.2,24.09038888888888,16.88888888888889,0.0
2025-10-03 22:35:08+00:00,33.771651706171035,-84.40097957606766,POINT (-84.40097957606766 33.771651706171035),6.0,6.0,6.0,6.0,7.0,7.0,7.0,7.0,25.0,25.0,29.0,29.0,24.222222222222218,48.4,24.093000000000004,16.88888888888889,0.0
2025-10-03 22:35:09+00:00,33.771662173290174,-84.40099126196094,POINT (-84.40099126196094 33.771662173290174),6.0,6.0,6.0,6.0,7.0,7.0,7.0,7.0,25.0,25.0,29.0,29.0,24.222222222222218,48.4,24.093000000000004,16.88888888888889,0.0
2025-10-03 22:35:10+00:00,33.7716725654106,-84.40100276661927,POINT (-84.40100276661927 33.7716725654106),6.0,6.0,6.0,6.0,7.0,7.0,7.0,7.0,25.0,25.0,29.0,29.0,24.222222222222218,48.4,24.093000000000004,16.88888888888889,0.0
2025-10-03 22:35:11+00:00,33.77168317152507,-84.40101420458585,POINT (-84.40101420458585 33.77168317152507),6.0,6.0,6.0,6.0,7.0,7.0,7.0,7.0,25.0,25.0,29.0,29.0,24.222222222222218,48.4,24.093000000000004,16.88888888888889,0.0
2025-10-03 22:35:12+00:00,33.77169954301458,-84.40103186011376,POINT (-84.40103186011376 33.77169954301458),6.0,6.0,6.0,6.0,7.0,7.0,7.0,7.0,25.0,25.0,29.0,29.0,24.222222222222218,48.4,24.093000000000004,16.88888888888889,0.0
2025-10-03 22:35:13+00:00,33.77170580696765,-84.40103861535727,POINT (-84.40103861535727 33.77170580696765),6.0,6.0,6.0,6.0,7.0,7.0,7.0,7.0,25.0,25.0,29.0,29.0,24.27777777777778,48.5,24.152638888888887,17.0,0.0
2025-10-03 22:35:14+00:00,33.771711572342696,-84.40104483291859,POINT (-84.40104483291859 33.771711572342696),6.0,6.0,6.0,6.0,7.0,7.0,7.0,7.0,25.0,25.0,29.0,29.0,24.27777777777778,48.5,24.152638888888887,17.0,0.0
2025-10-03 22:35:15+00:00,33.771720718983296,-84.40105469694277,POINT (-84.40105469694277 33.771720718983296),6.0,6.0,6.0,6.0,7.0,7.0,7.0,7.0,25.0,25.0,29.0,29.0,24.27777777777778,48.5,24.152638888888887,17.0,0.0
2025-10-03 22:35:16+00:00,33.771730327941704,-84.40106505954498,POINT (-84.40106505954498 33.771730327941704),6.0,6.0,6.0,6.0,7.0,7.0,7.0,7.0,25.0,25.0,29.0,29.0,24.27777777777778,48.5,24.152638888888887,17.0,0.0
2025-10-03 22:35:17+00:00,33.77173997316033,-84.40107546125134,POINT (-84.40107546125134 33.77173997316033),6.0,6.0,6.0,6.0,7.0,7.0,7.0,7.0,25.0,25.0,29.0,29.0,24.27777777777778,48.5,24.152638888888887,17.0,0.0
2025-10-03 22:35:18+00:00,33.77174958211873,-84.40108582385353,POINT (-84.40108582385353 33.77174958211873),6.0,6.0,6.0,6.0,7.0,7.0,7.0,7.0,25.0,25.0,29.0,29.0,24.333333333333332,48.6,24.212277777777775,17.11111111111111,0.0
2025-10-03 22:35:19+00:00,33.77175922733736,-84.4010962255599,POINT (-84.4010962255599 33.77175922733736),6.0,6.0,6.0,6.0,7.0,7.0,7.0,7.0,25.0,25.0,29.0,29.0,24.333333333333332,48.6,24.212277777777775,17.11111111111111,0.0
2025-10-03 22:35:20+00:00,33.771769833451835,-84.40110766352649,POINT (-84.40110766352649 33.771769833451835),6.0,6.0,6.0,6.0,7.0,7.0,7.0,7.0,25.0,25.0,29.0,29.0,24.333333333333332,48.6,24.212277777777775,17.11111111111111,0.0
2025-10-03 22:35:21+00:00,33.771780901884114,-84.4011196000711,POINT (-84.4011196000711 33.771780901884114),6.0,6.0,6.0,6.0,7.0,7.0,7.0,7.0,25.0,25.0,29.0,29.0,24.333333333333332,48.6,24.212277777777775,17.11111111111111,0.0
2025-10-03 22:35:22+00:00,33.771800618378954,-84.40114086295769,POINT (-84.40114086295769 33.771800618378954),6.0,6.0,6.0,6.0,7.0,7.0,7.0,7.0,25.0,25.0,29.0,29.0,24.333333333333332,48.6,24.212277777777775,17.11111111111111,0.0
2025-10-03 22:35:23+00:00,33.7718083418059,-84.40114919214362,POINT (-84.40114919214362 33.7718083418059),6.0,6.0,6.0,6.0,4.5,4.5,4.5,4.5,25.0,25.0,19.0,19.0,24.333333333333332,48.7,24.213583333333336,17.0,0.9
2025-10-03 22:35:24+00:00,33.77181602897262,-84.40115748222537,POINT (-84.40115748222537 33.77181602897262),6.0,6.0,6.0,6.0,4.5,4.5,4.5,4.5,25.0,25.0,19.0,19.0,24.333333333333332,48.7,24.213583333333336,17.0,0.9
2025-10-03 22:35:25+00:00,33.77183332509777,-84.40117613490935,POINT (-84.40117613490935 33.77183332509777),6.0,6.0,6.0,6.0,4.5,4.5,4.5,4.5,25.0,25.0,19.0,19.0,24.333333333333332,48.7,24.213583333333336,17.0,0.9
2025-10-03 22:35:26+00:00,33.771838628155,-84.40118185389264,POINT (-84.40118185389264 33.771838628155),6.0,6.0,6.0,6.0,4.5,4.5,4.5,4.5,25.0,25.0,19.0,19.0,24.333333333333332,48.7,24.213583333333336,17.0,0.9
2025-10-03 22:35:27+00:00,33.77184923426947,-84.40119329185923,POINT (-84.40119329185923 33.77184923426947),6.0,6.0,6.0,6.0,4.5,4.5,4.5,4.5,25.0,25.0,19.0,19.0,24.333333333333332,48.7,24.213583333333336,17.0,0.9
2025-10-03 22:35:28+00:00,33.771859804123714,-84.40120469072166,POINT (-84.40120469072166 33.771859804123714),6.0,6.0,6.0,6.0,4.5,4.5,4.5,4.5,25.0,25.0,19.0,19.0,24.27777777777778,48.8,24.156555555555553,17.0,1.0
2025-10-03 22:35:29+00:00,33.771870410238186,-84.40121612868823,POINT (-84.40121612868823 33.771870410238186),6.0,6.0,6.0,6.0,4.5,4.5,4.5,4.5,25.0,25.0,19.0,19.0,24.27777777777778,48.8,24.156555555555553,17.0,1.0
2025-10-03 22:35:30+00:00,33.771880980092426,-84.40122752755066,POINT (-84.40122752755066 33.771880980092426),6.0,6.0,6.0,6.0,4.5,4.5,4.5,4.5,25.0,25.0,19.0,19.0,24.27777777777778,48.8,24.156555555555553,17.0,1.0
2025-10-03 22:35:31+00:00,33.771891087628866,-84.40123842783505,POINT (-84.40123842783505 33.771891087628866),6.0,6.0,6.0,6.0,4.5,4.5,4.5,4.5,25.0,25.0,19.0,19.0,24.27777777777778,48.8,24.156555555555553,17.0,1.0
2025-10-03 22:35:32+00:00,33.771908383753996,-84.40125708051902,POINT (-84.40125708051902 33.771908383753996),6.0,6.0,6.0,6.0,4.5,4.5,4.5,4.5,25.0,25.0,19.0,19.0,24.27777777777778,48.8,24.156555555555553,17.0,1.0
2025-10-03 22:35:33+00:00,33.771916070920724,-84.40126537060078,POINT (-84.40126537060078 33.771916070920724),6.0,6.0,6.0,6.0,4.5,4.5,4.5,4.5,25.0,25.0,19.0,19.0,24.222222222222218,48.8,24.098222222222223,16.88888888888889,0.0
2025-10-03 22:35:34+00:00,33.771922797191614,-84.40127262442233,POINT (-84.40127262442233 33.771922797191614),6.0,6.0,6.0,6.0,4.5,4.5,4.5,4.5,25.0,25.0,19.0,19.0,24.222222222222218,48.8,24.098222222222223,16.88888888888889,0.0
2025-10-03 22:35:35+00:00,33.771932904728054,-84.40128352470673,POINT (-84.40128352470673 33.771932904728054),6.0,6.0,6.0,6.0,4.5,4.5,4.5,4.5,25.0,25.0,19.0,19.0,24.222222222222218,48.8,24.098222222222223,16.88888888888889,0.0
2025-10-03 22:35:36+00:00,33.771943973160326,-84.40129546125134,POINT (-84.40129546125134 33.771943973160326),6.0,6.0,6.0,6.0,4.5,4.5,4.5,4.5,25.0,25.0,19.0,19.0,24.222222222222218,48.8,24.098222222222223,16.88888888888889,0.0
2025-10-03 22:35:37+00:00,33.77195454301458,-84.40130686011376,POINT (-84.40130686011376 33.77195454301458),6.0,6.0,6.0,6.0,4.5,4.5,4.5,4.5,25.0,25.0,19.0,19.0,24.222222222222218,48.8,24.098222222222223,16.88888888888889,0.0
2025-10-03 22:35:38+00:00,33.77196995360825,-84.40132347938145,POINT (-84.40132347938145 33.77196995360825),6.0,6.0,6.0,6.0,6.0,6.0,6.0,6.0,25.0,25.0,25.0,25.0,24.27777777777778,48.8,24.156555555555553,17.0,0.0
2025-10-03 22:35:39+00:00,33.771975256665485,-84.40132919836473,POINT (-84.40132919836473 33.771975256665485),6.0,6.0,6.0,6.0,6.0,6.0,6.0,6.0,25.0,25.0,25.0,25.0,24.27777777777778,48.8,24.156555555555553,17.0,0.0
2025-10-03 22:35:40+00:00,33.77199354994668,-84.40134892641308,POINT (-84.40134892641308 33.77199354994668),6.0,6.0,6.0,6.0,6.0,6.0,6.0,6.0,25.0,25.0,25.0,25.0,24.27777777777778,48.8,24.156555555555553,17.0,0.0
2025-10-03 22:35:41+00:00,33.77200077479559,-84.40135671791681,POINT (-84.40135671791681 33.77200077479559),6.0,6.0,6.0,6.0,6.0,6.0,6.0,6.0,25.0,25.0,25.0,25.0,24.27777777777778,48.8,24.156555555555553,17.0,0.0
2025-10-03 22:35:42+00:00,33.77200799964451,-84.40136450942055,POINT (-84.40136450942055 33.77200799964451),6.0,6.0,6.0,6.0,6.0,6.0,6.0,6.0,25.0,25.0,25.0,25.0,24.27777777777778,48.8,24.156555555555553,17.0,0.0
2025-10-03 22:35:43+00:00,33.77201810718095,-84.40137540970494,POINT (-84.40137540970494 33.77201810718095),6.0,6.0,6.0,6.0,6.0,6.0,6.0,6.0,25.0,25.0,25.0,25.0,24.222222222222218,48.8,24.098222222222223,16.88888888888889,0.9
2025-10-03 22:35:44+00:00,33.77202871329541,-84.40138684767152,POINT (-84.40138684767152 33.77202871329541),6.0,6.0,6.0,6.0,6.0,6.0,6.0,6.0,25.0,25.0,25.0,25.0,24.222222222222218,48.8,24.098222222222223,16.88888888888889,0.9
2025-10-03 22:35:45+00:00,33.77203928314966,-84.40139824653394,POINT (-84.40139824653394 33.77203928314966),6.0,6.0,6.0,6.0,6.0,6.0,6.0,6.0,25.0,25.0,25.0,25.0,24.222222222222218,48.8,24.098222222222223,16.88888888888889,0.9
2025-10-03 22:35:46+00:00,33.7720493906861,-84.40140914681834,POINT (-84.40140914681834 33.7720493906861),6.0,6.0,6.0,6.0,6.0,6.0,6.0,6.0,25.0,25.0,25.0,25.0,24.222222222222218,48.8,24.098222222222223,16.88888888888889,0.9
2025-10-03 22:35:47+00:00,33.77206045911838,-84.40142108336296,POINT (-84.40142108336296 33.77206045911838),6.0,6.0,6.0,6.0,6.0,6.0,6.0,6.0,25.0,25.0,25.0,25.0,24.222222222222218,48.8,24.098222222222223,16.88888888888889,0.9
2025-10-03 22:35:48+00:00,33.77207636829009,-84.40143824031284,POINT (-84.40143824031284 33.77207636829009),6.0,6.0,6.0,6.0,6.0,6.0,6.0,6.0,25.0,25.0,25.0,25.0,24.222222222222218,48.9,24.099527777777773,16.88888888888889,0.8
2025-10-03 22:35:49+00:00,33.772081671347316,-84.40144395929613,POINT (-84.40144395929613 33.772081671347316),6.0,6.0,6.0,6.0,6.0,6.0,6.0,6.0,25.0,25.0,25.0,25.0,24.222222222222218,48.9,24.099527777777773,16.88888888888889,0.8
2025-10-03 22:35:50+00:00,33.772092313722005,-84.40145543636687,POINT (-84.40145543636687 33.772092313722005),6.0,6.0,6.0,6.0,6.0,6.0,6.0,6.0,25.0,25.0,25.0,25.0,24.222222222222218,48.9,24.099527777777773,16.88888888888889,0.8
2025-10-03 22:35:51+00:00,33.7721034184145,-84.40146741201563,POINT (-84.40146741201563 33.7721034184145),6.0,6.0,6.0,6.0,6.0,6.0,6.0,6.0,25.0,25.0,25.0,25.0,24.222222222222218,48.9,24.099527777777773,16.88888888888889,0.8
2025-10-03 22:35:52+00:00,33.772114523107,-84.40147938766441,POINT (-84.40147938766441 33.772114523107),6.0,6.0,6.0,6.0,6.0,6.0,6.0,6.0,25.0,25.0,25.0,25.0,24.222222222222218,48.9,24.099527777777773,16.88888888888889,0.8
2025-10-03 22:35:53+00:00,33.772131429434765,-84.40149761997867,POINT (-84.40149761997867 33.772131429434765),6.0,6.0,6.0,6.0,7.0,7.0,7.0,7.0,25.0,25.0,29.0,29.0,24.27777777777778,48.9,24.15786111111111,17.0,1.0
2025-10-03 22:35:54+00:00,33.77213723107003,-84.40150387664416,POINT (-84.40150387664416 33.77213723107003),6.0,6.0,6.0,6.0,7.0,7.0,7.0,7.0,25.0,25.0,29.0,29.0,24.27777777777778,48.9,24.15786111111111,17.0,1.0
2025-10-03 22:35:55+00:00,33.77215602292926,-84.40152414237468,POINT (-84.40152414237468 33.77215602292926),6.0,6.0,6.0,6.0,7.0,7.0,7.0,7.0,25.0,25.0,29.0,29.0,24.27777777777778,48.9,24.15786111111111,17.0,1.0
2025-10-03 22:35:56+00:00,33.77216420867401,-84.40153297013865,POINT (-84.40153297013865 33.77216420867401),6.0,6.0,6.0,6.0,7.0,7.0,7.0,7.0,25.0,25.0,29.0,29.0,24.27777777777778,48.9,24.15786111111111,17.0,1.0
2025-10-03 22:35:57+00:00,33.77217143352293,-84.40154076164238,POINT (-84.40154076164238 33.77217143352293),6.0,6.0,6.0,6.0,7.0,7.0,7.0,7.0,25.0,25.0,29.0,29.0,24.27777777777778,48.9,24.15786111111111,17.0,1.0
2025-10-03 22:35:58+00:00,33.772187700218815,-84.4015613238512,POINT (-84.4015613238512 33.772187700218815),6.0,6.0,6.0,6.0,7.0,7.0,7.0,7.0,25.0,25.0,29.0,29.0,24.333333333333332,49.1,24.21880555555556,17.11111111111111,1.0
2025-10-03 22:35:59+00:00,33.77219238730853,-84.4015682166302,POINT (-84.4015682166302 33.77219238730853),6.0,6.0,6.0,6.0,7.0,7.0,7.0,7.0,25.0,25.0,29.0,29.0,24.333333333333332,49.1,24.21880555555556,17.11111111111111,1.0
2025-10-03 22:36:00+00:00,33.77220112910285,-84.40158107221006,POINT (-84.40158107221006 33.77220112910285),6.0,6.0,6.0,6.0,7.0,7.0,7.0,7.0,25.0,25.0,29.0,29.0,24.333333333333332,49.1,24.21880555555556,17.11111111111111,1.0
2025-10-03 22:36:01+00:00,33.77220908971553,-84.40159277899343,POINT (-84.40159277899343 33.77220908971553),6.0,6.0,6.0,6.0,7.0,7.0,7.0,7.0,25.0,25.0,29.0,29.0,24.333333333333332,49.1,24.21880555555556,17.11111111111111,1.0
2025-10-03 22:36:02+00:00,33.77221783150984,-84.4016056345733,POINT (-84.4016056345733 33.77221783150984),6.0,6.0,6.0,6.0,7.0,7.0,7.0,7.0,25.0,25.0,29.0,29.0,24.333333333333332,49.1,24.21880555555556,17.11111111111111,1.0
2025-10-03 22:36:03+00:00,33.77223250656455,-84.40162721553611,POINT (-84.40162721553611 33.77223250656455),6.0,6.0,6.0,6.0,7.0,7.0,7.0,7.0,25.0,25.0,29.0,29.0,24.388888888888893,49.1,24.277138888888892,17.22222222222222,1.2
2025-10-03 22:36:04+00:00,33.772238904814,-84.40163662472648,POINT (-84.40163662472648 33.772238904814),6.0,6.0,6.0,6.0,7.0,7.0,7.0,7.0,25.0,25.0,29.0,29.0,24.388888888888893,49.1,24.277138888888892,17.22222222222222,1.2
2025-10-03 22:36:05+00:00,33.77224452188184,-84.40164488512035,POINT (-84.40164488512035 33.77224452188184),6.0,6.0,6.0,6.0,7.0,7.0,7.0,7.0,25.0,25.0,29.0,29.0,24.388888888888893,49.1,24.277138888888892,17.22222222222222,1.2
2025-10-03 22:36:06+00:00,33.77225294748359,-84.40165727571116,POINT (-84.40165727571116 33.77225294748359),6.0,6.0,6.0,6.0,7.0,7.0,7.0,7.0,25.0,25.0,29.0,29.0,24.388888888888893,49.1,24.277138888888892,17.22222222222222,1.2
2025-10-03 22:36:07+00:00,33.77226167067833,-84.40167010393873,POINT (-84.40167010393873 33.77226167067833),6.0,6.0,6.0,6.0,7.0,7.0,7.0,7.0,25.0,25.0,29.0,29.0,24.388888888888893,49.1,24.277138888888892,17.22222222222222,1.2
2025-10-03 22:36:08+00:00,33.772270077680524,-84.40168246717724,POINT (-84.40168246717724 33.772270077680524),6.0,6.0,6.0,6.0,6.0,6.0,6.0,6.0,25.0,25.0,25.0,25.0,24.388888888888893,49.2,24.278444444444446,17.22222222222222,1.3
2025-10-03 22:36:09+00:00,33.77227894967177,-84.40169551422319,POINT (-84.40169551422319 33.77227894967177),6.0,6.0,6.0,6.0,6.0,6.0,6.0,6.0,25.0,25.0,25.0,25.0,24.388888888888893,49.2,24.278444444444446,17.22222222222222,1.3
2025-10-03 22:36:10+00:00,33.77228750547046,-84.40170809628009,POINT (-84.40170809628009 33.77228750547046),6.0,6.0,6.0,6.0,6.0,6.0,6.0,6.0,25.0,25.0,25.0,25.0,24.388888888888893,49.2,24.278444444444446,17.22222222222222,1.3
2025-10-03 22:36:11+00:00,33.772296061269145,-84.40172067833699,POINT (-84.40172067833699 33.772296061269145),6.0,6.0,6.0,6.0,6.0,6.0,6.0,6.0,25.0,25.0,25.0,25.0,24.388888888888893,49.2,24.278444444444446,17.22222222222222,1.3
2025-10-03 22:36:12+00:00,33.772304152078775,-84.40173257658643,POINT (-84.40173257658643 33.772304152078775),6.0,6.0,6.0,6.0,6.0,6.0,6.0,6.0,25.0,25.0,25.0,25.0,24.388888888888893,49.2,24.278444444444446,17.22222222222222,1.3
2025-10-03 22:36:13+00:00,33.77231302407002,-84.40174562363238,POINT (-84.40174562363238 33.77231302407002),6.0,6.0,6.0,6.0,6.0,6.0,6.0,6.0,25.0,25.0,25.0,25.0,24.388888888888893,49.2,24.278444444444446,17.22222222222222,1.2
2025-10-03 22:36:14+00:00,33.772321282275705,-84.40175776805252,POINT (-84.40175776805252 33.772321282275705),6.0,6.0,6.0,6.0,6.0,6.0,6.0,6.0,25.0,25.0,25.0,25.0,24.388888888888893,49.2,24.278444444444446,17.22222222222222,1.2
2025-10-03 22:36:15+00:00,33.7723295404814,-84.40176991247266,POINT (-84.40176991247266 33.7723295404814),6.0,6.0,6.0,6.0,6.0,6.0,6.0,6.0,25.0,25.0,25.0,25.0,24.388888888888893,49.2,24.278444444444446,17.22222222222222,1.2
2025-10-03 22:36:16+00:00,33.772337649890595,-84.4017818380744,POINT (-84.4017818380744 33.772337649890595),6.0,6.0,6.0,6.0,6.0,6.0,6.0,6.0,25.0,25.0,25.0,25.0,24.388888888888893,49.2,24.278444444444446,17.22222222222222,1.2
2025-10-03 22:36:17+00:00,33.77234575929978,-84.40179376367615,POINT (-84.40179376367615 33.77234575929978),6.0,6.0,6.0,6.0,6.0,6.0,6.0,6.0,25.0,25.0,25.0,25.0,24.388888888888893,49.2,24.278444444444446,17.22222222222222,1.2
2025-10-03 22:36:18+00:00,33.77235386870897,-84.4018056892779,POINT (-84.4018056892779 33.77235386870897),6.0,6.0,6.0,6.0,6.0,6.0,6.0,6.0,25.0,25.0,25.0,25.0,24.388888888888893,49.1,24.277138888888892,17.11111111111111,0.9
2025-10-03 22:36:19+00:00,33.77236088074398,-84.40181600109409,POINT (-84.40181600109409 33.77236088074398),6.0,6.0,6.0,6.0,6.0,6.0,6.0,6.0,25.0,25.0,25.0,25.0,24.388888888888893,49.1,24.277138888888892,17.11111111111111,0.9
2025-10-03 22:36:20+00:00,33.77236820897156,-84.40182677789934,POINT (-84.40182677789934 33.77236820897156),6.0,6.0,6.0,6.0,6.0,6.0,6.0,6.0,25.0,25.0,25.0,25.0,24.388888888888893,49.1,24.277138888888892,17.11111111111111,0.9
2025-10-03 22:36:21+00:00,33.77237568599562,-84.40183777352297,POINT (-84.40183777352297 33.77237568599562),6.0,6.0,6.0,6.0,6.0,6.0,6.0,6.0,25.0,25.0,25.0,25.0,24.388888888888893,49.1,24.277138888888892,17.11111111111111,0.9
2025-10-03 22:36:22+00:00,33.772382065645516,-84.40184715536105,POINT (-84.40184715536105 33.772382065645516),6.0,6.0,6.0,6.0,6.0,6.0,6.0,6.0,25.0,25.0,25.0,25.0,24.388888888888893,49.1,24.277138888888892,17.11111111111111,0.9
2025-10-03 22:36:23+00:00,33.7723882964989,-84.40185631838075,POINT (-84.40185631838075 33.7723882964989),6.0,7.0,6.0,7.0,7.0,8.0,7.0,8.0,25.0,25.0,29.0,29.0,24.388888888888893,49.1,24.277138888888892,17.11111111111111,0.0
2025-10-03 22:36:24+00:00,33.77239515973742,-84.40186641137856,POINT (-84.40186641137856 33.77239515973742),6.0,7.0,6.0,7.0,7.0,8.0,7.0,8.0,25.0,25.0,29.0,29.0,24.388888888888893,49.1,24.277138888888892,17.11111111111111,0.0
2025-10-03 22:36:25+00:00,33.772402952954046,-84.40187787199125,POINT (-84.40187787199125 33.772402952954046),6.0,7.0,6.0,7.0,7.0,8.0,7.0,8.0,25.0,25.0,29.0,29.0,24.388888888888893,49.1,24.277138888888892,17.11111111111111,0.0
2025-10-03 22:36:26+00:00,33.77241574945295,-84.401896690372,POINT (-84.401896690372 33.77241574945295),6.0,7.0,6.0,7.0,7.0,8.0,7.0,8.0,25.0,25.0,29.0,29.0,24.388888888888893,49.1,24.277138888888892,17.11111111111111,0.0
2025-10-03 22:36:27+00:00,33.772420901531724,-84.40190426695843,POINT (-84.40190426695843 33.772420901531724),6.0,7.0,6.0,7.0,7.0,8.0,7.0,8.0,25.0,25.0,29.0,29.0,24.388888888888893,49.1,24.277138888888892,17.11111111111111,0.0
2025-10-03 22:36:28+00:00,33.7724260536105,-84.40191184354485,POINT (-84.40191184354485 33.7724260536105),6.0,7.0,6.0,7.0,7.0,8.0,7.0,8.0,25.0,25.0,29.0,29.0,24.333333333333332,49.1,24.21880555555556,17.11111111111111,0.0
2025-10-03 22:36:29+00:00,33.77243354923414,-84.40192286652079,POINT (-84.40192286652079 33.77243354923414),6.0,7.0,6.0,7.0,7.0,8.0,7.0,8.0,25.0,25.0,29.0,29.0,24.333333333333332,49.1,24.21880555555556,17.11111111111111,0.0
2025-10-03 22:36:30+00:00,33.77244057986871,-84.40193320568928,POINT (-84.40193320568928 33.77244057986871),6.0,7.0,6.0,7.0,7.0,8.0,7.0,8.0,25.0,25.0,29.0,29.0,24.333333333333332,49.1,24.21880555555556,17.11111111111111,0.0
2025-10-03 22:36:31+00:00,33.77245307877462,-84.40195158643327,POINT (-84.40195158643327 33.77245307877462),6.0,7.0,6.0,7.0,7.0,8.0,7.0,8.0,25.0,25.0,29.0,29.0,24.333333333333332,49.1,24.21880555555556,17.11111111111111,0.0
2025-10-03 22:36:32+00:00,33.77245791466083,-84.40195869803064,POINT (-84.40195869803064 33.77245791466083),6.0,7.0,6.0,7.0,7.0,8.0,7.0,8.0,25.0,25.0,29.0,29.0,24.333333333333332,49.1,24.21880555555556,17.11111111111111,0.0
2025-10-03 22:36:33+00:00,33.77246260175055,-84.40196559080962,POINT (-84.40196559080962 33.77246260175055),6.0,7.0,6.0,7.0,7.0,8.0,7.0,8.0,25.0,25.0,29.0,29.0,24.388888888888893,49.1,24.277138888888892,17.11111111111111,0.0
2025-10-03 22:36:34+00:00,33.77246978118162,-84.4019761487965,POINT (-84.4019761487965 33.77246978118162),6.0,7.0,6.0,7.0,7.0,8.0,7.0,8.0,25.0,25.0,29.0,29.0,24.388888888888893,49.1,24.277138888888892,17.11111111111111,0.0
2025-10-03 22:36:35+00:00,33.77247742560175,-84.40198739059082,POINT (-84.40198739059082 33.77247742560175),6.0,7.0,6.0,7.0,7.0,8.0,7.0,8.0,25.0,25.0,29.0,29.0,24.388888888888893,49.1,24.277138888888892,17.11111111111111,0.0
2025-10-03 22:36:36+00:00,33.772484753829325,-84.40199816739607,POINT (-84.40199816739607 33.772484753829325),6.0,7.0,6.0,7.0,7.0,8.0,7.0,8.0,25.0,25.0,29.0,29.0,24.388888888888893,49.1,24.277138888888892,17.11111111111111,0.0
2025-10-03 22:36:37+00:00,33.77249176586434,-84.40200847921226,POINT (-84.40200847921226 33.77249176586434),6.0,7.0,6.0,7.0,7.0,8.0,7.0,8.0,25.0,25.0,29.0,29.0,24.388888888888893,49.1,24.277138888888892,17.11111111111111,0.0
2025-10-03 22:36:38+00:00,33.772499094091906,-84.40201925601751,POINT (-84.40201925601751 33.772499094091906),7.0,7.0,7.0,7.0,7.0,9.0,7.0,9.0,29.0,29.0,29.0,29.0,24.444444444444443,49.1,24.335472222222222,17.22222222222222,0.0
2025-10-03 22:36:39+00:00,33.772506571115976,-84.40203025164114,POINT (-84.40203025164114 33.772506571115976),7.0,7.0,7.0,7.0,7.0,9.0,7.0,9.0,29.0,29.0,29.0,29.0,24.444444444444443,49.1,24.335472222222222,17.22222222222222,0.0
2025-10-03 22:36:40+00:00,33.77251326695843,-84.40204009846828,POINT (-84.40204009846828 33.77251326695843),7.0,7.0,7.0,7.0,7.0,9.0,7.0,9.0,29.0,29.0,29.0,29.0,24.444444444444443,49.1,24.335472222222222,17.22222222222222,0.0
2025-10-03 22:36:41+00:00,33.772521562287274,-84.40205271953711,POINT (-84.40205271953711 33.772521562287274),7.0,7.0,7.0,7.0,7.0,9.0,7.0,9.0,29.0,29.0,29.0,29.0,24.444444444444443,49.1,24.335472222222222,17.22222222222222,0.0
2025-10-03 22:36:42+00:00,33.77252823417291,-84.40206433356025,POINT (-84.40206433356025 33.77252823417291),7.0,7.0,7.0,7.0,7.0,9.0,7.0,9.0,29.0,29.0,29.0,29.0,24.444444444444443,49.1,24.335472222222222,17.22222222222222,0.0
2025-10-03 22:36:43+00:00,33.77253533798502,-84.4020766994554,POINT (-84.4020766994554 33.77253533798502),7.0,7.0,7.0,7.0,7.0,9.0,7.0,9.0,29.0,29.0,29.0,29.0,24.499999999999996,49.1,24.393805555555556,17.22222222222222,0.8
2025-10-03 22:36:44+00:00,33.772542009870655,-84.40208831347856,POINT (-84.40208831347856 33.772542009870655),7.0,7.0,7.0,7.0,7.0,9.0,7.0,9.0,29.0,29.0,29.0,29.0,24.499999999999996,49.1,24.393805555555556,17.22222222222222,0.8
2025-10-03 22:36:45+00:00,33.77254695405038,-84.40209692001362,POINT (-84.40209692001362 33.77254695405038),7.0,7.0,7.0,7.0,7.0,9.0,7.0,9.0,29.0,29.0,29.0,29.0,24.499999999999996,49.1,24.393805555555556,17.22222222222222,0.8
2025-10-03 22:36:46+00:00,33.77255659428182,-84.40211370115725,POINT (-84.40211370115725 33.77255659428182),7.0,7.0,7.0,7.0,7.0,9.0,7.0,9.0,29.0,29.0,29.0,29.0,24.499999999999996,49.1,24.393805555555556,17.22222222222222,0.8
2025-10-03 22:36:47+00:00,33.77256197038802,-84.40212305956433,POINT (-84.40212305956433 33.77256197038802),7.0,7.0,7.0,7.0,7.0,9.0,7.0,9.0,29.0,29.0,29.0,29.0,24.499999999999996,49.1,24.393805555555556,17.22222222222222,0.8
2025-10-03 22:36:48+00:00,33.77256691456773,-84.4021316660994,POINT (-84.4021316660994 33.77256691456773),7.0,7.0,7.0,7.0,7.0,9.0,7.0,9.0,29.0,29.0,29.0,29.0,24.555555555555557,49.2,24.453444444444443,17.27777777777778,0.0
2025-10-03 22:36:49+00:00,33.77257229067393,-84.40214102450646,POINT (-84.40214102450646 33.77257229067393),7.0,7.0,7.0,7.0,7.0,9.0,7.0,9.0,29.0,29.0,29.0,29.0,24.555555555555557,49.2,24.453444444444443,17.27777777777778,0.0
2025-10-03 22:36:50+00:00,33.77257766678012,-84.40215038291355,POINT (-84.40215038291355 33.77257766678012),7.0,7.0,7.0,7.0,7.0,9.0,7.0,9.0,29.0,29.0,29.0,29.0,24.555555555555557,49.2,24.453444444444443,17.27777777777778,0.0
2025-10-03 22:36:51+00:00,33.77258304288632,-84.40215974132062,POINT (-84.40215974132062 33.77258304288632),7.0,7.0,7.0,7.0,7.0,9.0,7.0,9.0,29.0,29.0,29.0,29.0,24.555555555555557,49.2,24.453444444444443,17.27777777777778,0.0
2025-10-03 22:36:52+00:00,33.77259021102791,-84.40217221919674,POINT (-84.40217221919674 33.77259021102791),7.0,7.0,7.0,7.0,7.0,9.0,7.0,9.0,29.0,29.0,29.0,29.0,24.555555555555557,49.2,24.453444444444443,17.27777777777778,0.0
2025-10-03 22:36:53+00:00,33.77259626718856,-84.40218276140232,POINT (-84.40218276140232 33.77259626718856),6.0,7.0,6.0,7.0,7.0,7.0,7.0,7.0,25.0,25.0,29.0,29.0,24.61111111111111,49.1,24.510472222222226,17.27777777777778,0.0
2025-10-03 22:36:54+00:00,33.77260213955071,-84.40219298366236,POINT (-84.40219298366236 33.77260213955071),6.0,7.0,6.0,7.0,7.0,7.0,7.0,7.0,25.0,25.0,29.0,29.0,24.61111111111111,49.1,24.510472222222226,17.27777777777778,0.0
2025-10-03 22:36:55+00:00,33.772607947583396,-84.40220309394147,POINT (-84.40220309394147 33.772607947583396),6.0,7.0,6.0,7.0,7.0,7.0,7.0,7.0,25.0,25.0,29.0,29.0,24.61111111111111,49.1,24.510472222222226,17.27777777777778,0.0
2025-10-03 22:36:56+00:00,33.772614435670526,-84.40221438801906,POINT (-84.40221438801906 33.772614435670526),6.0,7.0,6.0,7.0,7.0,7.0,7.0,7.0,25.0,25.0,29.0,29.0,24.61111111111111,49.1,24.510472222222226,17.27777777777778,0.0
2025-10-03 22:36:57+00:00,33.772624443498984,-84.40223180905377,POINT (-84.40223180905377 33.772624443498984),6.0,7.0,6.0,7.0,7.0,7.0,7.0,7.0,25.0,25.0,29.0,29.0,24.61111111111111,49.1,24.510472222222226,17.27777777777778,0.0
2025-10-03 22:36:58+00:00,33.7726277794418,-84.40223761606535,POINT (-84.40223761606535 33.7726277794418),6.0,7.0,6.0,7.0,7.0,7.0,7.0,7.0,25.0,25.0,29.0,29.0,24.555555555555557,49.1,24.452138888888882,17.27777777777778,0.9
2025-10-03 22:36:59+00:00,33.77263469945541,-84.40224966201498,POINT (-84.40224966201498 33.77263469945541),6.0,7.0,6.0,7.0,7.0,7.0,7.0,7.0,25.0,25.0,29.0,29.0,24.555555555555557,49.1,24.452138888888882,17.27777777777778,0.9
2025-10-03 22:37:00+00:00,33.77264205139551,-84.40226245983662,POINT (-84.40226245983662 33.77264205139551),6.0,7.0,6.0,7.0,7.0,7.0,7.0,7.0,25.0,25.0,29.0,29.0,24.555555555555557,49.1,24.452138888888882,17.27777777777778,0.9
2025-10-03 22:37:01+00:00,33.77264983526209,-84.4022760095303,POINT (-84.4022760095303 33.77264983526209),6.0,7.0,6.0,7.0,7.0,7.0,7.0,7.0,25.0,25.0,29.0,29.0,24.555555555555557,49.1,24.452138888888882,17.27777777777778,0.9
2025-10-03 22:37:02+00:00,33.772662067052416,-84.40229730190606,POINT (-84.40229730190606 33.772662067052416),6.0,7.0,6.0,7.0,7.0,7.0,7.0,7.0,25.0,25.0,29.0,29.0,24.555555555555557,49.1,24.452138888888882,17.27777777777778,0.9
2025-10-03 22:37:03+00:00,33.77266651497617,-84.40230504458816,POINT (-84.40230504458816 33.77266651497617),6.0,7.0,6.0,7.0,7.0,7.0,7.0,7.0,25.0,25.0,29.0,29.0,24.555555555555557,49.1,24.452138888888882,17.27777777777778,0.9
2025-10-03 22:37:04+00:00,33.77268097072839,-84.40233020830497,POINT (-84.40233020830497 33.77268097072839),6.0,7.0,6.0,7.0,7.0,7.0,7.0,7.0,25.0,25.0,29.0,29.0,24.555555555555557,49.1,24.452138888888882,17.27777777777778,0.9
2025-10-03 22:37:05+00:00,33.77268634683458,-84.40233956671204,POINT (-84.40233956671204 33.77268634683458),6.0,7.0,6.0,7.0,7.0,7.0,7.0,7.0,25.0,25.0,29.0,29.0,24.555555555555557,49.1,24.452138888888882,17.27777777777778,0.9
2025-10-03 22:37:06+00:00,33.772691906739276,-84.40234924506467,POINT (-84.40234924506467 33.772691906739276),6.0,7.0,6.0,7.0,7.0,7.0,7.0,7.0,25.0,25.0,29.0,29.0,24.555555555555557,49.1,24.452138888888882,17.27777777777778,0.9
2025-10-03 22:37:07+00:00,33.77269950680735,-84.40236247481279,POINT (-84.40236247481279 33.77269950680735),6.0,7.0,6.0,7.0,7.0,7.0,7.0,7.0,25.0,25.0,29.0,29.0,24.555555555555557,49.1,24.452138888888882,17.27777777777778,0.9
2025-10-03 22:37:08+00:00,33.77270729067393,-84.40237602450647,POINT (-84.40237602450647 33.77270729067393),4.0,4.0,4.0,4.0,7.5,7.5,7.5,7.5,17.0,17.0,31.0,31.0,24.61111111111111,49.0,24.50916666666667,17.27777777777778,0.0
2025-10-03 22:37:09+00:00,33.77272020251872,-84.40239850068073,POINT (-84.40239850068073 33.77272020251872),4.0,4.0,4.0,4.0,7.5,7.5,7.5,7.5,17.0,17.0,31.0,31.0,24.61111111111111,49.0,24.50916666666667,17.27777777777778,0.0
2025-10-03 22:37:10+00:00,33.77272489857045,-84.4024066752893,POINT (-84.4024066752893 33.77272489857045),4.0,4.0,4.0,4.0,7.5,7.5,7.5,7.5,17.0,17.0,31.0,31.0,24.61111111111111,49.0,24.50916666666667,17.27777777777778,0.0
2025-10-03 22:37:11+00:00,33.7727297784207,-84.40241516984344,POINT (-84.40241516984344 33.7727297784207),4.0,4.0,4.0,4.0,7.5,7.5,7.5,7.5,17.0,17.0,31.0,31.0,24.61111111111111,49.0,24.50916666666667,17.27777777777778,0.0
2025-10-03 22:37:12+00:00,33.77273669843431,-84.40242721579305,POINT (-84.40242721579305 33.77273669843431),4.0,4.0,4.0,4.0,7.5,7.5,7.5,7.5,17.0,17.0,31.0,31.0,24.61111111111111,49.0,24.50916666666667,17.27777777777778,0.0
2025-10-03 22:37:13+00:00,33.772743802246424,-84.40243958168821,POINT (-84.40243958168821 33.772743802246424),4.0,4.0,4.0,4.0,7.5,7.5,7.5,7.5,17.0,17.0,31.0,31.0,24.61111111111111,49.0,24.50916666666667,17.27777777777778,0.0
2025-10-03 22:37:14+00:00,33.77275090605855,-84.40245194758339,POINT (-84.40245194758339 33.77275090605855),4.0,4.0,4.0,4.0,7.5,7.5,7.5,7.5,17.0,17.0,31.0,31.0,24.61111111111111,49.0,24.50916666666667,17.27777777777778,0.0
2025-10-03 22:37:15+00:00,33.77275862559564,-84.40246538529611,POINT (-84.40246538529611 33.77275862559564),4.0,4.0,4.0,4.0,7.5,7.5,7.5,7.5,17.0,17.0,31.0,31.0,24.61111111111111,49.0,24.50916666666667,17.27777777777778,0.0
2025-10-03 22:37:16+00:00,33.77276628080327,-84.40247871102791,POINT (-84.40247871102791 33.77276628080327),4.0,4.0,4.0,4.0,7.5,7.5,7.5,7.5,17.0,17.0,31.0,31.0,24.61111111111111,49.0,24.50916666666667,17.27777777777778,0.0
2025-10-03 22:37:17+00:00,33.77277436793737,-84.40249278863172,POINT (-84.40249278863172 33.77277436793737),4.0,4.0,4.0,4.0,7.5,7.5,7.5,7.5,17.0,17.0,31.0,31.0,24.61111111111111,49.0,24.50916666666667,17.27777777777778,0.0
2025-10-03 22:37:18+00:00,33.772782206943496,-84.40250643430905,POINT (-84.40250643430905 33.772782206943496),4.0,4.0,4.0,4.0,7.5,7.5,7.5,7.5,17.0,17.0,31.0,31.0,24.66666666666667,49.1,24.568805555555556,17.38888888888889,0.0
2025-10-03 22:37:19+00:00,33.7727918,-84.4025236,POINT (-84.4025236 33.7727918),4.0,4.0,4.0,4.0,7.5,7.5,7.5,7.5,17.0,17.0,31.0,31.0,24.66666666666667,49.1,24.568805555555556,17.38888888888889,0.0
2025-10-03 22:37:20+00:00,33.7728024,-84.4025448,POINT (-84.4025448 33.7728024),4.0,4.0,4.0,4.0,7.5,7.5,7.5,7.5,17.0,17.0,31.0,31.0,24.66666666666667,49.1,24.568805555555556,17.38888888888889,0.0
2025-10-03 22:37:21+00:00,33.772806,-84.402552,POINT (-84.402552 33.772806),4.0,4.0,4.0,4.0,7.5,7.5,7.5,7.5,17.0,17.0,31.0,31.0,24.66666666666667,49.1,24.568805555555556,17.38888888888889,0.0
2025-10-03 22:37:22+00:00,33.7728178,-84.4025756,POINT (-84.4025756 33.7728178),4.0,4.0,4.0,4.0,7.5,7.5,7.5,7.5,17.0,17.0,31.0,31.0,24.66666666666667,49.1,24.568805555555556,17.38888888888889,0.0
2025-10-03 22:37:23+00:00,33.772821799999996,-84.4025836,POINT (-84.4025836 33.772821799999996),5.5,6.0,5.5,6.0,6.0,6.0,6.0,6.0,23.0,23.0,25.0,25.0,24.777777777777775,49.1,24.68547222222222,17.5,0.0
2025-10-03 22:37:24+00:00,33.772826200000004,-84.4025924,POINT (-84.4025924 33.772826200000004),5.5,6.0,5.5,6.0,6.0,6.0,6.0,6.0,23.0,23.0,25.0,25.0,24.777777777777775,49.1,24.68547222222222,17.5,0.0
2025-10-03 22:37:25+00:00,33.772831599999996,-84.4026032,POINT (-84.4026032 33.772831599999996),5.5,6.0,5.5,6.0,6.0,6.0,6.0,6.0,23.0,23.0,25.0,25.0,24.777777777777775,49.1,24.68547222222222,17.5,0.0
2025-10-03 22:37:26+00:00,33.7728358,-84.40261160000001,POINT (-84.40261160000001 33.7728358),5.5,6.0,5.5,6.0,6.0,6.0,6.0,6.0,23.0,23.0,25.0,25.0,24.777777777777775,49.1,24.68547222222222,17.5,0.0
2025-10-03 22:37:27+00:00,33.772845,-84.40263,POINT (-84.40263 33.772845),5.5,6.0,5.5,6.0,6.0,6.0,6.0,6.0,23.0,23.0,25.0,25.0,24.777777777777775,49.1,24.68547222222222,17.5,0.0
2025-10-03 22:37:28+00:00,33.77285368960982,-84.40265037702761,POINT (-84.40265037702761 33.77285368960982),5.5,6.0,5.5,6.0,6.0,6.0,6.0,6.0,23.0,23.0,25.0,25.0,24.66666666666667,49.2,24.570111111111114,17.38888888888889,0.0
2025-10-03 22:37:29+00:00,33.77285781411661,-84.40266197720298,POINT (-84.40266197720298 33.77285781411661),5.5,6.0,5.5,6.0,6.0,6.0,6.0,6.0,23.0,23.0,25.0,25.0,24.66666666666667,49.2,24.570111111111114,17.38888888888889,0.0
2025-10-03 22:37:30+00:00,33.77286162297238,-84.40267268960982,POINT (-84.40267268960982 33.77286162297238),5.5,6.0,5.5,6.0,6.0,6.0,6.0,6.0,23.0,23.0,25.0,25.0,24.66666666666667,49.2,24.570111111111114,17.38888888888889,0.0
2025-10-03 22:37:31+00:00,33.77286574747917,-84.40268428978519,POINT (-84.40268428978519 33.77286574747917),5.5,6.0,5.5,6.0,6.0,6.0,6.0,6.0,23.0,23.0,25.0,25.0,24.66666666666667,49.2,24.570111111111114,17.38888888888889,0.0
2025-10-03 22:37:32+00:00,33.77286987198597,-84.40269588996054,POINT (-84.40269588996054 33.77286987198597),5.5,6.0,5.5,6.0,6.0,6.0,6.0,6.0,23.0,23.0,25.0,25.0,24.66666666666667,49.2,24.570111111111114,17.38888888888889,0.0
2025-10-03 22:37:33+00:00,33.77287399649276,-84.40270749013591,POINT (-84.40270749013591 33.77287399649276),5.5,6.0,5.5,6.0,6.0,6.0,6.0,6.0,23.0,23.0,25.0,25.0,24.72222222222222,49.2,24.62844444444444,17.5,0.0
2025-10-03 22:37:34+00:00,33.77287812099956,-84.40271909031127,POINT (-84.40271909031127 33.77287812099956),5.5,6.0,5.5,6.0,6.0,6.0,6.0,6.0,23.0,23.0,25.0,25.0,24.72222222222222,49.2,24.62844444444444,17.5,0.0
2025-10-03 22:37:35+00:00,33.77288362034195,-84.40273455721176,POINT (-84.40273455721176 33.77288362034195),5.5,6.0,5.5,6.0,6.0,6.0,6.0,6.0,23.0,23.0,25.0,25.0,24.72222222222222,49.2,24.62844444444444,17.5,0.0
2025-10-03 22:37:36+00:00,33.77288911968435,-84.40275002411224,POINT (-84.40275002411224 33.77288911968435),5.5,6.0,5.5,6.0,6.0,6.0,6.0,6.0,23.0,23.0,25.0,25.0,24.72222222222222,49.2,24.62844444444444,17.5,0.0
2025-10-03 22:37:37+00:00,33.77289736869793,-84.40277322446296,POINT (-84.40277322446296 33.77289736869793),5.5,6.0,5.5,6.0,6.0,6.0,6.0,6.0,23.0,23.0,25.0,25.0,24.72222222222222,49.2,24.62844444444444,17.5,0.0
2025-10-03 22:37:38+00:00,33.77290086190267,-84.40278304910127,POINT (-84.40278304910127 33.77290086190267),6.0,7.0,6.0,7.0,5.0,5.0,5.0,5.0,25.0,25.0,21.0,21.0,24.777777777777775,49.2,24.68677777777777,17.5,1.0
2025-10-03 22:37:39+00:00,33.772903927224895,-84.40279167032003,POINT (-84.40279167032003 33.772903927224895),6.0,7.0,6.0,7.0,5.0,5.0,5.0,5.0,25.0,25.0,21.0,21.0,24.777777777777775,49.2,24.68677777777777,17.5,1.0
2025-10-03 22:37:40+00:00,33.77290922314774,-84.40280656510302,POINT (-84.40280656510302 33.77290922314774),6.0,7.0,6.0,7.0,5.0,5.0,5.0,5.0,25.0,25.0,21.0,21.0,24.777777777777775,49.2,24.68677777777777,17.5,1.0
2025-10-03 22:37:41+00:00,33.77291409118807,-84.40282025646646,POINT (-84.40282025646646 33.77291409118807),6.0,7.0,6.0,7.0,5.0,5.0,5.0,5.0,25.0,25.0,21.0,21.0,24.777777777777775,49.2,24.68677777777777,17.5,1.0
2025-10-03 22:37:42+00:00,33.77291907145988,-84.40283426348093,POINT (-84.40283426348093 33.77291907145988),6.0,7.0,6.0,7.0,5.0,5.0,5.0,5.0,25.0,25.0,21.0,21.0,24.777777777777775,49.2,24.68677777777777,17.5,1.0
2025-10-03 22:37:43+00:00,33.772923736080664,-84.40284738272688,POINT (-84.40284738272688 33.772923736080664),6.0,7.0,6.0,7.0,5.0,5.0,5.0,5.0,25.0,25.0,21.0,21.0,24.833333333333332,49.2,24.745111111111115,17.5,0.8
2025-10-03 22:37:44+00:00,33.77292882858395,-84.40286170539238,POINT (-84.40286170539238 33.77292882858395),6.0,7.0,6.0,7.0,5.0,5.0,5.0,5.0,25.0,25.0,21.0,21.0,24.833333333333332,49.2,24.745111111111115,17.5,0.8
2025-10-03 22:37:45+00:00,33.77293434896975,-84.40287723147742,POINT (-84.40287723147742 33.77293434896975),6.0,7.0,6.0,7.0,5.0,5.0,5.0,5.0,25.0,25.0,21.0,21.0,24.833333333333332,49.2,24.745111111111115,17.5,0.8
2025-10-03 22:37:46+00:00,33.77294029723805,-84.40289396098203,POINT (-84.40289396098203 33.77294029723805),6.0,7.0,6.0,7.0,5.0,5.0,5.0,5.0,25.0,25.0,21.0,21.0,24.833333333333332,49.2,24.745111111111115,17.5,0.8
2025-10-03 22:37:47+00:00,33.772946245506354,-84.40291069048662,POINT (-84.40291069048662 33.772946245506354),6.0,7.0,6.0,7.0,5.0,5.0,5.0,5.0,25.0,25.0,21.0,21.0,24.833333333333332,49.2,24.745111111111115,17.5,0.8
2025-10-03 22:37:48+00:00,33.772954627794824,-84.40293426567295,POINT (-84.40293426567295 33.772954627794824),6.0,7.0,6.0,7.0,5.0,5.0,5.0,5.0,25.0,25.0,21.0,21.0,24.777777777777775,49.3,24.688083333333328,17.5,0.0
2025-10-03 22:37:49+00:00,33.772957489697504,-84.40294231477422,POINT (-84.40294231477422 33.772957489697504),6.0,7.0,6.0,7.0,5.0,5.0,5.0,5.0,25.0,25.0,21.0,21.0,24.777777777777775,49.3,24.688083333333328,17.5,0.0
2025-10-03 22:37:50+00:00,33.772963010083295,-84.40295784085927,POINT (-84.40295784085927 33.772963010083295),6.0,7.0,6.0,7.0,5.0,5.0,5.0,5.0,25.0,25.0,21.0,21.0,24.777777777777775,49.3,24.688083333333328,17.5,0.0
2025-10-03 22:37:51+00:00,33.7729689583516,-84.40297457036388,POINT (-84.40297457036388 33.7729689583516),6.0,7.0,6.0,7.0,5.0,5.0,5.0,5.0,25.0,25.0,21.0,21.0,24.777777777777775,49.3,24.688083333333328,17.5,0.0
2025-10-03 22:37:52+00:00,33.7729749066199,-84.40299129986848,POINT (-84.40299129986848 33.7729749066199),6.0,7.0,6.0,7.0,5.0,5.0,5.0,5.0,25.0,25.0,21.0,21.0,24.777777777777775,49.3,24.688083333333328,17.5,0.0
2025-10-03 22:37:53+00:00,33.77298405348531,-84.40301702542745,POINT (-84.40301702542745 33.77298405348531),7.0,7.0,7.0,7.0,6.0,6.0,6.0,6.0,29.0,29.0,25.0,25.0,24.88888888888889,49.4,24.80605555555556,17.61111111111111,0.0
2025-10-03 22:37:54+00:00,33.77298713985094,-84.40302570583079,POINT (-84.40302570583079 33.77298713985094),7.0,7.0,7.0,7.0,6.0,6.0,6.0,6.0,29.0,29.0,25.0,25.0,24.88888888888889,49.4,24.80605555555556,17.61111111111111,0.0
2025-10-03 22:37:55+00:00,33.77299268128014,-84.4030412911004,POINT (-84.4030412911004 33.77299268128014),7.0,7.0,7.0,7.0,6.0,6.0,6.0,6.0,29.0,29.0,25.0,25.0,24.88888888888889,49.4,24.80605555555556,17.61111111111111,0.0
2025-10-03 22:37:56+00:00,33.77299822270934,-84.40305687637002,POINT (-84.40305687637002 33.77299822270934),7.0,7.0,7.0,7.0,6.0,6.0,6.0,6.0,29.0,29.0,25.0,25.0,24.88888888888889,49.4,24.80605555555556,17.61111111111111,0.0
2025-10-03 22:37:57+00:00,33.77300376413853,-84.40307246163962,POINT (-84.40307246163962 33.77300376413853),7.0,7.0,7.0,7.0,6.0,6.0,6.0,6.0,29.0,29.0,25.0,25.0,24.88888888888889,49.4,24.80605555555556,17.61111111111111,0.0
2025-10-03 22:37:58+00:00,33.77301227970188,-84.40309641166155,POINT (-84.40309641166155 33.77301227970188),7.0,7.0,7.0,7.0,6.0,6.0,6.0,6.0,29.0,29.0,25.0,25.0,24.833333333333332,49.3,24.74641666666666,17.5,0.0
2025-10-03 22:37:59+00:00,33.773014938185,-84.40310388864533,POINT (-84.40310388864533 33.773014938185),7.0,7.0,7.0,7.0,6.0,6.0,6.0,6.0,29.0,29.0,25.0,25.0,24.833333333333332,49.3,24.74641666666666,17.5,0.0
2025-10-03 22:38:00+00:00,33.77302217010083,-84.4031242284086,POINT (-84.4031242284086 33.77302217010083),7.0,7.0,7.0,7.0,6.0,6.0,6.0,6.0,29.0,29.0,25.0,25.0,24.833333333333332,49.3,24.74641666666666,17.5,0.0
2025-10-03 22:38:01+00:00,33.77302482858395,-84.40313170539237,POINT (-84.40313170539237 33.77302482858395),7.0,7.0,7.0,7.0,6.0,6.0,6.0,6.0,29.0,29.0,25.0,25.0,24.833333333333332,49.3,24.74641666666666,17.5,0.0
2025-10-03 22:38:02+00:00,33.773027487067075,-84.40313918237615,POINT (-84.40313918237615 33.773027487067075),7.0,7.0,7.0,7.0,6.0,6.0,6.0,6.0,29.0,29.0,25.0,25.0,24.833333333333332,49.3,24.74641666666666,17.5,0.0
2025-10-03 22:38:03+00:00,33.773035350284964,-84.40316129767646,POINT (-84.40316129767646 33.773035350284964),7.0,7.0,7.0,7.0,6.0,6.0,6.0,6.0,29.0,29.0,25.0,25.0,24.833333333333332,49.4,24.747722222222215,17.5,0.0
2025-10-03 22:38:04+00:00,33.77303906795265,-84.40317175361685,POINT (-84.40317175361685 33.77303906795265),7.0,7.0,7.0,7.0,6.0,6.0,6.0,6.0,29.0,29.0,25.0,25.0,24.833333333333332,49.4,24.747722222222215,17.5,0.0
2025-10-03 22:38:05+00:00,33.77304278562034,-84.4031822095572,POINT (-84.4031822095572 33.77304278562034),7.0,7.0,7.0,7.0,6.0,6.0,6.0,6.0,29.0,29.0,25.0,25.0,24.833333333333332,49.4,24.747722222222215,17.5,0.0
2025-10-03 22:38:06+00:00,33.77304650328803,-84.40319266549758,POINT (-84.40319266549758 33.77304650328803),7.0,7.0,7.0,7.0,6.0,6.0,6.0,6.0,29.0,29.0,25.0,25.0,24.833333333333332,49.4,24.747722222222215,17.5,0.0
2025-10-03 22:38:07+00:00,33.77305022095572,-84.40320312143797,POINT (-84.40320312143797 33.77305022095572),7.0,7.0,7.0,7.0,6.0,6.0,6.0,6.0,29.0,29.0,25.0,25.0,24.833333333333332,49.4,24.747722222222215,17.5,0.0
2025-10-03 22:38:08+00:00,33.77305891889522,-84.40322758439281,POINT (-84.40322758439281 33.77305891889522),6.0,6.0,6.0,6.0,6.0,6.0,6.0,6.0,25.0,25.0,25.0,25.0,24.777777777777775,49.3,24.688083333333328,17.5,0.9
2025-10-03 22:38:09+00:00,33.773062412099954,-84.40323740903112,POINT (-84.40323740903112 33.773062412099954),6.0,6.0,6.0,6.0,6.0,6.0,6.0,6.0,25.0,25.0,25.0,25.0,24.777777777777775,49.3,24.688083333333328,17.5,0.9
2025-10-03 22:38:10+00:00,33.77306570188514,-84.40324666155196,POINT (-84.40324666155196 33.77306570188514),6.0,6.0,6.0,6.0,6.0,6.0,6.0,6.0,25.0,25.0,25.0,25.0,24.777777777777775,49.3,24.688083333333328,17.5,0.9
2025-10-03 22:38:11+00:00,33.773070163086366,-84.40325920868041,POINT (-84.40325920868041 33.773070163086366),6.0,6.0,6.0,6.0,6.0,6.0,6.0,6.0,25.0,25.0,25.0,25.0,24.777777777777775,49.3,24.688083333333328,17.5,0.9
2025-10-03 22:38:12+00:00,33.77307442086804,-84.40327118369137,POINT (-84.40327118369137 33.77307442086804),6.0,6.0,6.0,6.0,6.0,6.0,6.0,6.0,25.0,25.0,25.0,25.0,24.777777777777775,49.3,24.688083333333328,17.5,0.9
2025-10-03 22:38:13+00:00,33.77307867864972,-84.40328315870232,POINT (-84.40328315870232 33.77307867864972),6.0,6.0,6.0,6.0,6.0,6.0,6.0,6.0,25.0,25.0,25.0,25.0,24.777777777777775,49.3,24.688083333333328,17.5,0.0
2025-10-03 22:38:14+00:00,33.773082936431386,-84.40329513371329,POINT (-84.40329513371329 33.773082936431386),6.0,6.0,6.0,6.0,6.0,6.0,6.0,6.0,25.0,25.0,25.0,25.0,24.777777777777775,49.3,24.688083333333328,17.5,0.0
2025-10-03 22:38:15+00:00,33.77308750986409,-84.40330799649277,POINT (-84.40330799649277 33.77308750986409),6.0,6.0,6.0,6.0,6.0,6.0,6.0,6.0,25.0,25.0,25.0,25.0,24.777777777777775,49.3,24.688083333333328,17.5,0.0
2025-10-03 22:38:16+00:00,33.77309271459886,-84.40332263480929,POINT (-84.40332263480929 33.77309271459886),6.0,6.0,6.0,6.0,6.0,6.0,6.0,6.0,25.0,25.0,25.0,25.0,24.777777777777775,49.3,24.688083333333328,17.5,0.0
2025-10-03 22:38:17+00:00,33.773098347216134,-84.40333847654537,POINT (-84.40333847654537 33.773098347216134),6.0,6.0,6.0,6.0,6.0,6.0,6.0,6.0,25.0,25.0,25.0,25.0,24.777777777777775,49.3,24.688083333333328,17.5,0.0
2025-10-03 22:38:18+00:00,33.77310366418237,-84.40335343051292,POINT (-84.40335343051292 33.77310366418237),6.0,6.0,6.0,6.0,6.0,6.0,6.0,6.0,25.0,25.0,25.0,25.0,24.72222222222222,49.2,24.62844444444444,17.5,0.0
2025-10-03 22:38:19+00:00,33.77310909338009,-84.40336870013152,POINT (-84.40336870013152 33.77310909338009),6.0,6.0,6.0,6.0,6.0,6.0,6.0,6.0,25.0,25.0,25.0,25.0,24.72222222222222,49.2,24.62844444444444,17.5,0.0
2025-10-03 22:38:20+00:00,33.77311461376589,-84.40338422621657,POINT (-84.40338422621657 33.77311461376589),6.0,6.0,6.0,6.0,6.0,6.0,6.0,6.0,25.0,25.0,25.0,25.0,24.72222222222222,49.2,24.62844444444444,17.5,0.0
2025-10-03 22:38:21+00:00,33.773120246383165,-84.40340006795265,POINT (-84.40340006795265 33.773120246383165),6.0,6.0,6.0,6.0,6.0,6.0,6.0,6.0,25.0,25.0,25.0,25.0,24.72222222222222,49.2,24.62844444444444,17.5,0.0
2025-10-03 22:38:22+00:00,33.77312576676896,-84.40341559403771,POINT (-84.40341559403771 33.77312576676896),6.0,6.0,6.0,6.0,6.0,6.0,6.0,6.0,25.0,25.0,25.0,25.0,24.72222222222222,49.2,24.62844444444444,17.5,0.0
2025-10-03 22:38:23+00:00,33.77313372117492,-84.40343796580447,POINT (-84.40343796580447 33.77313372117492),6.0,7.0,6.0,7.0,6.0,6.0,6.0,6.0,25.0,25.0,25.0,25.0,24.61111111111111,49.1,24.510472222222226,17.27777777777778,0.0
2025-10-03 22:38:24+00:00,33.77313721437966,-84.4034477904428,POINT (-84.4034477904428 33.77313721437966),6.0,7.0,6.0,7.0,6.0,6.0,6.0,6.0,25.0,25.0,25.0,25.0,24.61111111111111,49.1,24.510472222222226,17.27777777777778,0.0
2025-10-03 22:38:25+00:00,33.77314039193336,-84.40345672731259,POINT (-84.40345672731259 33.77314039193336),6.0,7.0,6.0,7.0,6.0,6.0,6.0,6.0,25.0,25.0,25.0,25.0,24.61111111111111,49.1,24.510472222222226,17.27777777777778,0.0
2025-10-03 22:38:26+00:00,33.77314546339325,-84.40347099079351,POINT (-84.40347099079351 33.77314546339325),6.0,7.0,6.0,7.0,6.0,6.0,6.0,6.0,25.0,25.0,25.0,25.0,24.61111111111111,49.1,24.510472222222226,17.27777777777778,0.0
2025-10-03 22:38:27+00:00,33.773150850504166,-84.40348614204296,POINT (-84.40348614204296 33.773150850504166),6.0,7.0,6.0,7.0,6.0,6.0,6.0,6.0,25.0,25.0,25.0,25.0,24.61111111111111,49.1,24.510472222222226,17.27777777777778,0.0
2025-10-03 22:38:28+00:00,33.77315993423937,-84.40351169004822,POINT (-84.40351169004822 33.77315993423937),6.0,7.0,6.0,7.0,6.0,6.0,6.0,6.0,25.0,25.0,25.0,25.0,24.66666666666667,49.0,24.567500000000003,17.38888888888889,0.8
2025-10-03 22:38:29+00:00,33.77316331521262,-84.40352119903551,POINT (-84.40352119903551 33.77316331521262),6.0,7.0,6.0,7.0,6.0,6.0,6.0,6.0,25.0,25.0,25.0,25.0,24.66666666666667,49.0,24.567500000000003,17.38888888888889,0.8
2025-10-03 22:38:30+00:00,33.77316680841736,-84.40353102367382,POINT (-84.40353102367382 33.77316680841736),6.0,7.0,6.0,7.0,6.0,6.0,6.0,6.0,25.0,25.0,25.0,25.0,24.66666666666667,49.0,24.567500000000003,17.38888888888889,0.8
2025-10-03 22:38:31+00:00,33.77317197171309,-84.40354675162361,POINT (-84.40354675162361 33.77317197171309),6.0,7.0,6.0,7.0,6.0,6.0,6.0,6.0,25.0,25.0,25.0,25.0,24.66666666666667,49.0,24.567500000000003,17.38888888888889,0.8
2025-10-03 22:38:32+00:00,33.77317647950642,-84.40356218740078,POINT (-84.40356218740078 33.77317647950642),6.0,7.0,6.0,7.0,6.0,6.0,6.0,6.0,25.0,25.0,25.0,25.0,24.66666666666667,49.0,24.567500000000003,17.38888888888889,0.8
2025-10-03 22:38:33+00:00,33.77318090871699,-84.4035773540915,POINT (-84.4035773540915 33.77318090871699),6.0,7.0,6.0,7.0,6.0,6.0,6.0,6.0,25.0,25.0,25.0,25.0,24.72222222222222,49.0,24.625833333333333,17.38888888888889,0.0
2025-10-03 22:38:34+00:00,33.773185685596765,-84.40359371128591,POINT (-84.40359371128591 33.773185685596765),6.0,7.0,6.0,7.0,6.0,6.0,6.0,6.0,25.0,25.0,25.0,25.0,24.72222222222222,49.0,24.625833333333333,17.38888888888889,0.0
2025-10-03 22:38:35+00:00,33.773190541059314,-84.40361033756675,POINT (-84.40361033756675 33.773190541059314),6.0,7.0,6.0,7.0,6.0,6.0,6.0,6.0,25.0,25.0,25.0,25.0,24.72222222222222,49.0,24.625833333333333,17.38888888888889,0.0
2025-10-03 22:38:36+00:00,33.773198020710055,-84.40363594970414,POINT (-84.40363594970414 33.773198020710055),6.0,7.0,6.0,7.0,6.0,6.0,6.0,6.0,25.0,25.0,25.0,25.0,24.72222222222222,49.0,24.625833333333333,17.38888888888889,0.0
2025-10-03 22:38:37+00:00,33.773201025905614,-84.40364624022226,POINT (-84.40364624022226 33.773201025905614),6.0,7.0,6.0,7.0,6.0,6.0,6.0,6.0,25.0,25.0,25.0,25.0,24.72222222222222,49.0,24.625833333333333,17.38888888888889,0.0
2025-10-03 22:38:38+00:00,33.77320384059749,-84.40365587840958,POINT (-84.40365587840958 33.77320384059749),6.0,7.0,6.0,7.0,6.0,6.0,6.0,6.0,25.0,25.0,25.0,25.0,24.777777777777775,49.0,24.684166666666666,17.5,0.0
2025-10-03 22:38:39+00:00,33.77320815788714,-84.40367066185597,POINT (-84.40367066185597 33.77320815788714),6.0,7.0,6.0,7.0,6.0,6.0,6.0,6.0,25.0,25.0,25.0,25.0,24.777777777777775,49.0,24.684166666666666,17.5,0.0
2025-10-03 22:38:40+00:00,33.773212396594026,-84.4036851762159,POINT (-84.4036851762159 33.773212396594026),6.0,7.0,6.0,7.0,6.0,6.0,6.0,6.0,25.0,25.0,25.0,25.0,24.777777777777775,49.0,24.684166666666666,17.5,0.0
2025-10-03 22:38:41+00:00,33.773215939962476,-84.40369730956847,POINT (-84.40369730956847 33.773215939962476),6.0,7.0,6.0,7.0,6.0,6.0,6.0,6.0,25.0,25.0,25.0,25.0,24.777777777777775,49.0,24.684166666666666,17.5,0.0
2025-10-03 22:38:42+00:00,33.77321967383461,-84.40371009525184,POINT (-84.40371009525184 33.77321967383461),6.0,7.0,6.0,7.0,6.0,6.0,6.0,6.0,25.0,25.0,25.0,25.0,24.777777777777775,49.0,24.684166666666666,17.5,0.0
2025-10-03 22:38:43+00:00,33.77322375537595,-84.40372407143887,POINT (-84.40372407143887 33.77322375537595),6.0,7.0,6.0,7.0,6.0,6.0,6.0,6.0,25.0,25.0,25.0,25.0,24.777777777777775,49.1,24.68547222222222,17.5,0.0
2025-10-03 22:38:44+00:00,33.7732283750902,-84.40373989046039,POINT (-84.40373989046039 33.7732283750902),6.0,7.0,6.0,7.0,6.0,6.0,6.0,6.0,25.0,25.0,25.0,25.0,24.777777777777775,49.1,24.68547222222222,17.5,0.0
2025-10-03 22:38:45+00:00,33.773232994804445,-84.40375570948189,POINT (-84.40375570948189 33.773232994804445),6.0,7.0,6.0,7.0,6.0,6.0,6.0,6.0,25.0,25.0,25.0,25.0,24.777777777777775,49.1,24.68547222222222,17.5,0.0
2025-10-03 22:38:46+00:00,33.77324011487949,-84.40378009034492,POINT (-84.40378009034492 33.77324011487949),6.0,7.0,6.0,7.0,6.0,6.0,6.0,6.0,25.0,25.0,25.0,25.0,24.777777777777775,49.1,24.68547222222222,17.5,0.0
2025-10-03 22:38:47+00:00,33.773242693823065,-84.4037889212729,POINT (-84.4037889212729 33.773242693823065),6.0,7.0,6.0,7.0,6.0,6.0,6.0,6.0,25.0,25.0,25.0,25.0,24.777777777777775,49.1,24.68547222222222,17.5,0.0
2025-10-03 22:38:48+00:00,33.77324554185308,-84.40379867361813,POINT (-84.40379867361813 33.77324554185308),6.0,7.0,6.0,7.0,6.0,6.0,6.0,6.0,25.0,25.0,25.0,25.0,24.777777777777775,49.0,24.684166666666666,17.5,1.0
2025-10-03 22:38:49+00:00,33.77324919714244,-84.40381119021504,POINT (-84.40381119021504 33.77324919714244),6.0,7.0,6.0,7.0,6.0,6.0,6.0,6.0,25.0,25.0,25.0,25.0,24.777777777777775,49.0,24.684166666666666,17.5,1.0
2025-10-03 22:38:50+00:00,33.773252931014575,-84.40382397589839,POINT (-84.40382397589839 33.773252931014575),6.0,7.0,6.0,7.0,6.0,6.0,6.0,6.0,25.0,25.0,25.0,25.0,24.777777777777775,49.0,24.684166666666666,17.5,1.0
2025-10-03 22:38:51+00:00,33.77325666488671,-84.40383676158176,POINT (-84.40383676158176 33.77325666488671),6.0,7.0,6.0,7.0,6.0,6.0,6.0,6.0,25.0,25.0,25.0,25.0,24.777777777777775,49.0,24.684166666666666,17.5,1.0
2025-10-03 22:38:52+00:00,33.7732610155145,-84.40385165918603,POINT (-84.40385165918603 33.7732610155145),6.0,7.0,6.0,7.0,6.0,6.0,6.0,6.0,25.0,25.0,25.0,25.0,24.777777777777775,49.0,24.684166666666666,17.5,1.0
2025-10-03 22:38:53+00:00,33.77326571381151,-84.40386774729399,POINT (-84.40386774729399 33.77326571381151),6.0,7.0,6.0,7.0,6.0,6.0,6.0,6.0,25.0,25.0,25.0,25.0,24.72222222222222,49.0,24.625833333333333,17.38888888888889,0.0
2025-10-03 22:38:54+00:00,33.77327368639053,-84.40389504733727,POINT (-84.40389504733727 33.77327368639053),6.0,7.0,6.0,7.0,6.0,6.0,6.0,6.0,25.0,25.0,25.0,25.0,24.72222222222222,49.0,24.625833333333333,17.38888888888889,0.0
2025-10-03 22:38:55+00:00,33.77327688208977,-84.40390599018617,POINT (-84.40390599018617 33.77327688208977),6.0,7.0,6.0,7.0,6.0,6.0,6.0,6.0,25.0,25.0,25.0,25.0,24.72222222222222,49.0,24.625833333333333,17.38888888888889,0.0
2025-10-03 22:38:56+00:00,33.77328015637177,-84.40391720212152,POINT (-84.40391720212152 33.77328015637177),6.0,7.0,6.0,7.0,6.0,6.0,6.0,6.0,25.0,25.0,25.0,25.0,24.72222222222222,49.0,24.625833333333333,17.38888888888889,0.0
2025-10-03 22:38:57+00:00,33.77328447366142,-84.4039319855679,POINT (-84.4039319855679 33.77328447366142),6.0,7.0,6.0,7.0,6.0,6.0,6.0,6.0,25.0,25.0,25.0,25.0,24.72222222222222,49.0,24.625833333333333,17.38888888888889,0.0
2025-10-03 22:38:58+00:00,33.77328825277817,-84.40394492617982,POINT (-84.40394492617982 33.77328825277817),6.0,7.0,6.0,7.0,6.0,6.0,6.0,6.0,25.0,25.0,25.0,25.0,24.72222222222222,49.0,24.625833333333333,17.38888888888889,0.9
2025-10-03 22:38:59+00:00,33.77329377024102,-84.40396381931015,POINT (-84.40396381931015 33.77329377024102),6.0,7.0,6.0,7.0,6.0,6.0,6.0,6.0,25.0,25.0,25.0,25.0,24.72222222222222,49.0,24.625833333333333,17.38888888888889,0.9
2025-10-03 22:39:00+00:00,33.773296046759995,-84.40397161466302,POINT (-84.40397161466302 33.773296046759995),6.0,7.0,6.0,7.0,6.0,6.0,6.0,6.0,25.0,25.0,25.0,25.0,24.72222222222222,49.0,24.625833333333333,17.38888888888889,0.9
2025-10-03 22:39:01+00:00,33.7732982446962,-84.40397914092942,POINT (-84.40397914092942 33.7732982446962),6.0,7.0,6.0,7.0,6.0,6.0,6.0,6.0,25.0,25.0,25.0,25.0,24.72222222222222,49.0,24.625833333333333,17.38888888888889,0.9
2025-10-03 22:39:02+00:00,33.77330178806466,-84.403991274282,POINT (-84.403991274282 33.77330178806466),6.0,7.0,6.0,7.0,6.0,6.0,6.0,6.0,25.0,25.0,25.0,25.0,24.72222222222222,49.0,24.625833333333333,17.38888888888889,0.9
2025-10-03 22:39:03+00:00,33.77330533143311,-84.40400340763458,POINT (-84.40400340763458 33.77330533143311),6.0,7.0,6.0,7.0,6.0,6.0,6.0,6.0,25.0,25.0,25.0,25.0,24.66666666666667,48.9,24.566194444444452,17.27777777777778,0.0
2025-10-03 22:39:04+00:00,33.773308796218785,-84.4040152719007,POINT (-84.4040152719007 33.773308796218785),6.0,7.0,6.0,7.0,6.0,6.0,6.0,6.0,25.0,25.0,25.0,25.0,24.66666666666667,48.9,24.566194444444452,17.27777777777778,0.0
2025-10-03 22:39:05+00:00,33.77331199191802,-84.40402621474959,POINT (-84.40402621474959 33.77331199191802),6.0,7.0,6.0,7.0,6.0,6.0,6.0,6.0,25.0,25.0,25.0,25.0,24.66666666666667,48.9,24.566194444444452,17.27777777777778,0.0
2025-10-03 22:39:06+00:00,33.77331518761726,-84.4040371575985,POINT (-84.4040371575985 33.77331518761726),6.0,7.0,6.0,7.0,6.0,6.0,6.0,6.0,25.0,25.0,25.0,25.0,24.66666666666667,48.9,24.566194444444452,17.27777777777778,0.0
2025-10-03 22:39:07+00:00,33.77331865240294,-84.40404902186462,POINT (-84.40404902186462 33.77331865240294),6.0,7.0,6.0,7.0,6.0,6.0,6.0,6.0,25.0,25.0,25.0,25.0,24.66666666666667,48.9,24.566194444444452,17.27777777777778,0.0
2025-10-03 22:39:08+00:00,33.77332184810218,-84.40405996471353,POINT (-84.40405996471353 33.77332184810218),6.0,6.0,6.0,6.0,5.0,5.0,5.0,5.0,25.0,25.0,21.0,21.0,24.61111111111111,48.8,24.506555555555558,17.27777777777778,0.0
2025-10-03 22:39:09+00:00,33.773327510824075,-84.40407935524607,POINT (-84.40407935524607 33.773327510824075),6.0,6.0,6.0,6.0,5.0,5.0,5.0,5.0,25.0,25.0,21.0,21.0,24.61111111111111,48.8,24.506555555555558,17.27777777777778,0.0
2025-10-03 22:39:10+00:00,33.77333070652331,-84.40409029809497,POINT (-84.40409029809497 33.77333070652331),6.0,6.0,6.0,6.0,5.0,5.0,5.0,5.0,25.0,25.0,21.0,21.0,24.61111111111111,48.8,24.506555555555558,17.27777777777778,0.0
2025-10-03 22:39:11+00:00,33.77333398080531,-84.40410151003032,POINT (-84.40410151003032 33.77333398080531),6.0,6.0,6.0,6.0,5.0,5.0,5.0,5.0,25.0,25.0,21.0,21.0,24.61111111111111,48.8,24.506555555555558,17.27777777777778,0.0
2025-10-03 22:39:12+00:00,33.77333717650455,-84.4041124528792,POINT (-84.4041124528792 33.77333717650455),6.0,6.0,6.0,6.0,5.0,5.0,5.0,5.0,25.0,25.0,21.0,21.0,24.61111111111111,48.8,24.506555555555558,17.27777777777778,0.0
2025-10-03 22:39:13+00:00,33.77334045078655,-84.40412366481455,POINT (-84.40412366481455 33.77334045078655),6.0,6.0,6.0,6.0,5.0,5.0,5.0,5.0,25.0,25.0,21.0,21.0,24.61111111111111,48.8,24.506555555555558,17.27777777777778,0.0
2025-10-03 22:39:14+00:00,33.773343646485785,-84.40413460766345,POINT (-84.40413460766345 33.773343646485785),6.0,6.0,6.0,6.0,5.0,5.0,5.0,5.0,25.0,25.0,21.0,21.0,24.61111111111111,48.8,24.506555555555558,17.27777777777778,0.0
2025-10-03 22:39:15+00:00,33.773346920767786,-84.40414581959878,POINT (-84.40414581959878 33.773346920767786),6.0,6.0,6.0,6.0,5.0,5.0,5.0,5.0,25.0,25.0,21.0,21.0,24.61111111111111,48.8,24.506555555555558,17.27777777777778,0.0
2025-10-03 22:39:16+00:00,33.77335011646702,-84.40415676244768,POINT (-84.40415676244768 33.77335011646702),6.0,6.0,6.0,6.0,5.0,5.0,5.0,5.0,25.0,25.0,21.0,21.0,24.61111111111111,48.8,24.506555555555558,17.27777777777778,0.0
2025-10-03 22:39:17+00:00,33.773356665031024,-84.40417918631837,POINT (-84.40417918631837 33.773356665031024),6.0,6.0,6.0,6.0,5.0,5.0,5.0,5.0,25.0,25.0,21.0,21.0,24.61111111111111,48.8,24.506555555555558,17.27777777777778,0.0
2025-10-03 22:39:18+00:00,33.773358974888154,-84.40418709582913,POINT (-84.40418709582913 33.773358974888154),6.0,6.0,6.0,6.0,5.0,5.0,5.0,5.0,25.0,25.0,21.0,21.0,24.61111111111111,48.9,24.507861111111108,17.27777777777778,0.0
2025-10-03 22:39:19+00:00,33.77336590445952,-84.40421082436139,POINT (-84.40421082436139 33.77336590445952),6.0,6.0,6.0,6.0,5.0,5.0,5.0,5.0,25.0,25.0,21.0,21.0,24.61111111111111,48.9,24.507861111111108,17.27777777777778,0.0
2025-10-03 22:39:20+00:00,33.77336813573387,-84.40421846478567,POINT (-84.40421846478567 33.77336813573387),6.0,6.0,6.0,6.0,5.0,5.0,5.0,5.0,25.0,25.0,21.0,21.0,24.61111111111111,48.9,24.507861111111108,17.27777777777778,0.0
2025-10-03 22:39:21+00:00,33.77337071467744,-84.40422729571367,POINT (-84.40422729571367 33.77337071467744),6.0,6.0,6.0,6.0,5.0,5.0,5.0,5.0,25.0,25.0,21.0,21.0,24.61111111111111,48.9,24.507861111111108,17.27777777777778,0.0
2025-10-03 22:39:22+00:00,33.77337391037668,-84.40423823856256,POINT (-84.40423823856256 33.77337391037668),6.0,6.0,6.0,6.0,5.0,5.0,5.0,5.0,25.0,25.0,21.0,21.0,24.61111111111111,48.9,24.507861111111108,17.27777777777778,0.0
2025-10-03 22:39:23+00:00,33.77337702749315,-84.40424891232502,POINT (-84.40424891232502 33.77337702749315),6.0,6.0,6.0,6.0,6.0,6.0,6.0,6.0,25.0,25.0,25.0,25.0,24.61111111111111,49.0,24.50916666666667,17.27777777777778,0.9
2025-10-03 22:39:24+00:00,33.773380761365274,-84.40426169800837,POINT (-84.40426169800837 33.773380761365274),6.0,6.0,6.0,6.0,6.0,6.0,6.0,6.0,25.0,25.0,25.0,25.0,24.61111111111111,49.0,24.50916666666667,17.27777777777778,0.9
2025-10-03 22:39:25+00:00,33.77338511199307,-84.40427659561264,POINT (-84.40427659561264 33.77338511199307),6.0,6.0,6.0,6.0,6.0,6.0,6.0,6.0,25.0,25.0,25.0,25.0,24.61111111111111,49.0,24.50916666666667,17.27777777777778,0.9
2025-10-03 22:39:26+00:00,33.773389541203635,-84.40429176230337,POINT (-84.40429176230337 33.773389541203635),6.0,6.0,6.0,6.0,6.0,6.0,6.0,6.0,25.0,25.0,25.0,25.0,24.61111111111111,49.0,24.50916666666667,17.27777777777778,0.9
2025-10-03 22:39:27+00:00,33.77339423950065,-84.40430785041131,POINT (-84.40430785041131 33.77339423950065),6.0,6.0,6.0,6.0,6.0,6.0,6.0,6.0,25.0,25.0,25.0,25.0,24.61111111111111,49.0,24.50916666666667,17.27777777777778,0.9
2025-10-03 22:39:28+00:00,33.77339885921489,-84.40432366943281,POINT (-84.40432366943281 33.77339885921489),6.0,6.0,6.0,6.0,6.0,6.0,6.0,6.0,25.0,25.0,25.0,25.0,24.66666666666667,49.1,24.568805555555556,17.38888888888889,0.8
2025-10-03 22:39:29+00:00,33.77340313125992,-84.40433829795064,POINT (-84.40433829795064 33.77340313125992),6.0,6.0,6.0,6.0,6.0,6.0,6.0,6.0,25.0,25.0,25.0,25.0,24.66666666666667,49.1,24.568805555555556,17.38888888888889,0.8
2025-10-03 22:39:30+00:00,33.773407750974165,-84.40435411697214,POINT (-84.40435411697214 33.773407750974165),6.0,6.0,6.0,6.0,6.0,6.0,6.0,6.0,25.0,25.0,25.0,25.0,24.66666666666667,49.1,24.568805555555556,17.38888888888889,0.8
2025-10-03 22:39:31+00:00,33.77341237068841,-84.40436993599366,POINT (-84.40436993599366 33.77341237068841),6.0,6.0,6.0,6.0,6.0,6.0,6.0,6.0,25.0,25.0,25.0,25.0,24.66666666666667,49.1,24.568805555555556,17.38888888888889,0.8
2025-10-03 22:39:32+00:00,33.77342064569202,-84.40439827161207,POINT (-84.40439827161207 33.77342064569202),6.0,6.0,6.0,6.0,6.0,6.0,6.0,6.0,25.0,25.0,25.0,25.0,24.66666666666667,49.1,24.568805555555556,17.38888888888889,0.8
2025-10-03 22:39:33+00:00,33.773423762808484,-84.40440894537451,POINT (-84.40440894537451 33.773423762808484),6.0,6.0,6.0,6.0,6.0,6.0,6.0,6.0,25.0,25.0,25.0,25.0,24.66666666666667,49.1,24.568805555555556,17.38888888888889,0.0
2025-10-03 22:39:34+00:00,33.77342722759417,-84.40442080964064,POINT (-84.40442080964064 33.77342722759417),6.0,6.0,6.0,6.0,6.0,6.0,6.0,6.0,25.0,25.0,25.0,25.0,24.66666666666667,49.1,24.568805555555556,17.38888888888889,0.0
2025-10-03 22:39:35+00:00,33.773432116394865,-84.40443755007938,POINT (-84.40443755007938 33.773432116394865),6.0,6.0,6.0,6.0,6.0,6.0,6.0,6.0,25.0,25.0,25.0,25.0,24.66666666666667,49.1,24.568805555555556,17.38888888888889,0.0
2025-10-03 22:39:36+00:00,33.77343735286477,-84.4044554810218,POINT (-84.4044554810218 33.77343735286477),6.0,6.0,6.0,6.0,6.0,6.0,6.0,6.0,25.0,25.0,25.0,25.0,24.66666666666667,49.1,24.568805555555556,17.38888888888889,0.0
2025-10-03 22:39:37+00:00,33.773445515947465,-84.40448343339587,POINT (-84.40448343339587 33.773445515947465),6.0,6.0,6.0,6.0,6.0,6.0,6.0,6.0,25.0,25.0,25.0,25.0,24.66666666666667,49.1,24.568805555555556,17.38888888888889,0.0
2025-10-03 22:39:38+00:00,33.77344879022947,-84.40449464533121,POINT (-84.40449464533121 33.77344879022947),5.0,5.0,5.0,5.0,6.0,6.0,6.0,6.0,21.0,21.0,25.0,25.0,24.72222222222222,49.2,24.62844444444444,17.5,0.0
2025-10-03 22:39:39+00:00,33.7734519859287,-84.40450558818011,POINT (-84.40450558818011 33.7734519859287),5.0,5.0,5.0,5.0,6.0,6.0,6.0,6.0,21.0,21.0,25.0,25.0,24.72222222222222,49.2,24.62844444444444,17.5,0.0
2025-10-03 22:39:40+00:00,33.77345641513927,-84.40452075487084,POINT (-84.40452075487084 33.77345641513927),5.0,5.0,5.0,5.0,6.0,6.0,6.0,6.0,21.0,21.0,25.0,25.0,24.72222222222222,49.2,24.62844444444444,17.5,0.0
2025-10-03 22:39:41+00:00,33.77346119201905,-84.40453711206523,POINT (-84.40453711206523 33.77346119201905),5.0,5.0,5.0,5.0,6.0,6.0,6.0,6.0,21.0,21.0,25.0,25.0,24.72222222222222,49.2,24.62844444444444,17.5,0.0
2025-10-03 22:39:42+00:00,33.77346881692885,-84.40456322160485,POINT (-84.40456322160485 33.77346881692885),5.0,5.0,5.0,5.0,6.0,6.0,6.0,6.0,21.0,21.0,25.0,25.0,24.72222222222222,49.2,24.62844444444444,17.5,0.0
2025-10-03 22:39:43+00:00,33.77347182212441,-84.40457351212297,POINT (-84.40457351212297 33.77347182212441),5.0,5.0,5.0,5.0,6.0,6.0,6.0,6.0,21.0,21.0,25.0,25.0,24.66666666666667,49.2,24.570111111111114,17.38888888888889,0.0
2025-10-03 22:39:44+00:00,33.77347474873719,-84.40458353355463,POINT (-84.40458353355463 33.77347474873719),5.0,5.0,5.0,5.0,6.0,6.0,6.0,6.0,21.0,21.0,25.0,25.0,24.66666666666667,49.2,24.570111111111114,17.38888888888889,0.0
2025-10-03 22:39:45+00:00,33.77348186881224,-84.40460791441767,POINT (-84.40460791441767 33.77348186881224),5.0,5.0,5.0,5.0,6.0,6.0,6.0,6.0,21.0,21.0,25.0,25.0,24.66666666666667,49.2,24.570111111111114,17.38888888888889,0.0
2025-10-03 22:39:46+00:00,33.773484716842255,-84.40461766676289,POINT (-84.40461766676289 33.773484716842255),5.0,5.0,5.0,5.0,6.0,6.0,6.0,6.0,21.0,21.0,25.0,25.0,24.66666666666667,49.2,24.570111111111114,17.38888888888889,0.0
2025-10-03 22:39:47+00:00,33.77348748628951,-84.40462715002165,POINT (-84.40462715002165 33.77348748628951),5.0,5.0,5.0,5.0,6.0,6.0,6.0,6.0,21.0,21.0,25.0,25.0,24.66666666666667,49.2,24.570111111111114,17.38888888888889,0.0
2025-10-03 22:39:48+00:00,33.773491679751764,-84.40464150945301,POINT (-84.40464150945301 33.773491679751764),5.0,5.0,5.0,5.0,6.0,6.0,6.0,6.0,21.0,21.0,25.0,25.0,24.66666666666667,49.2,24.570111111111114,17.38888888888889,0.9
2025-10-03 22:39:49+00:00,33.77349614230047,-84.40465679030163,POINT (-84.40465679030163 33.77349614230047),5.0,5.0,5.0,5.0,6.0,6.0,6.0,6.0,21.0,21.0,25.0,25.0,24.66666666666667,49.2,24.570111111111114,17.38888888888889,0.9
2025-10-03 22:39:50+00:00,33.7735,-84.40467,POINT (-84.40467 33.7735),5.0,5.0,5.0,5.0,6.0,6.0,6.0,6.0,21.0,21.0,25.0,25.0,24.66666666666667,49.2,24.570111111111114,17.38888888888889,0.9
2025-10-03 22:39:51+00:00,33.77350823410404,-84.4046812283237,POINT (-84.4046812283237 33.77350823410404),5.0,5.0,5.0,5.0,6.0,6.0,6.0,6.0,21.0,21.0,25.0,25.0,24.66666666666667,49.2,24.570111111111114,17.38888888888889,0.9
2025-10-03 22:39:52+00:00,33.773517485549135,-84.40469384393063,POINT (-84.40469384393063 33.773517485549135),5.0,5.0,5.0,5.0,6.0,6.0,6.0,6.0,21.0,21.0,25.0,25.0,24.66666666666667,49.2,24.570111111111114,17.38888888888889,0.9
2025-10-03 22:39:53+00:00,33.77353252312139,-84.40471434971099,POINT (-84.40471434971099 33.77353252312139),5.0,5.0,5.0,5.0,5.0,5.0,5.0,5.0,21.0,21.0,21.0,21.0,24.66666666666667,49.3,24.571416666666675,17.38888888888889,0.9
2025-10-03 22:39:54+00:00,33.773537736994214,-84.40472145953757,POINT (-84.40472145953757 33.773537736994214),5.0,5.0,5.0,5.0,5.0,5.0,5.0,5.0,21.0,21.0,21.0,21.0,24.66666666666667,49.3,24.571416666666675,17.38888888888889,0.9
2025-10-03 22:39:55+00:00,33.773553601156074,-84.40474309248556,POINT (-84.40474309248556 33.773553601156074),5.0,5.0,5.0,5.0,5.0,5.0,5.0,5.0,21.0,21.0,21.0,21.0,24.66666666666667,49.3,24.571416666666675,17.38888888888889,0.9
2025-10-03 22:39:56+00:00,33.7735596416185,-84.40475132947977,POINT (-84.40475132947977 33.7735596416185),5.0,5.0,5.0,5.0,5.0,5.0,5.0,5.0,21.0,21.0,21.0,21.0,24.66666666666667,49.3,24.571416666666675,17.38888888888889,0.9
2025-10-03 22:39:57+00:00,33.77356568208093,-84.404759566474,POINT (-84.404759566474 33.77356568208093),5.0,5.0,5.0,5.0,5.0,5.0,5.0,5.0,21.0,21.0,21.0,21.0,24.66666666666667,49.3,24.571416666666675,17.38888888888889,0.9
2025-10-03 22:39:58+00:00,33.77357515606936,-84.40477248554913,POINT (-84.40477248554913 33.77357515606936),5.0,5.0,5.0,5.0,5.0,5.0,5.0,5.0,21.0,21.0,21.0,21.0,24.61111111111111,49.2,24.511777777777777,17.27777777777778,0.9
2025-10-03 22:39:59+00:00,33.773583676300575,-84.40478410404624,POINT (-84.40478410404624 33.773583676300575),5.0,5.0,5.0,5.0,5.0,5.0,5.0,5.0,21.0,21.0,21.0,21.0,24.61111111111111,49.2,24.511777777777777,17.27777777777778,0.9
2025-10-03 22:40:00+00:00,33.773591242774565,-84.40479442196532,POINT (-84.40479442196532 33.773591242774565),5.0,5.0,5.0,5.0,5.0,5.0,5.0,5.0,21.0,21.0,21.0,21.0,24.61111111111111,49.2,24.511777777777777,17.27777777777778,0.9
2025-10-03 22:40:01+00:00,33.773599158959534,-84.40480521676301,POINT (-84.40480521676301 33.773599158959534),5.0,5.0,5.0,5.0,5.0,5.0,5.0,5.0,21.0,21.0,21.0,21.0,24.61111111111111,49.2,24.511777777777777,17.27777777777778,0.9
2025-10-03 22:40:02+00:00,33.77360624855491,-84.40481488439308,POINT (-84.40481488439308 33.77360624855491),5.0,5.0,5.0,5.0,5.0,5.0,5.0,5.0,21.0,21.0,21.0,21.0,24.61111111111111,49.2,24.511777777777777,17.27777777777778,0.9
2025-10-03 22:40:03+00:00,33.77361397665369,-84.40482937354086,POINT (-84.40482937354086 33.77361397665369),5.0,5.0,5.0,5.0,5.0,5.0,5.0,5.0,21.0,21.0,21.0,21.0,24.555555555555557,49.1,24.452138888888882,17.27777777777778,0.9
2025-10-03 22:40:04+00:00,33.77361858521401,-84.40484023657588,POINT (-84.40484023657588 33.77361858521401),5.0,5.0,5.0,5.0,5.0,5.0,5.0,5.0,21.0,21.0,21.0,21.0,24.555555555555557,49.1,24.452138888888882,17.27777777777778,0.9
2025-10-03 22:40:05+00:00,33.77362806381323,-84.40486257898833,POINT (-84.40486257898833 33.77362806381323),5.0,5.0,5.0,5.0,5.0,5.0,5.0,5.0,21.0,21.0,21.0,21.0,24.555555555555557,49.1,24.452138888888882,17.27777777777778,0.9
2025-10-03 22:40:06+00:00,33.77363236731517,-84.40487272295721,POINT (-84.40487272295721 33.77363236731517),5.0,5.0,5.0,5.0,5.0,5.0,5.0,5.0,21.0,21.0,21.0,21.0,24.555555555555557,49.1,24.452138888888882,17.27777777777778,0.9
2025-10-03 22:40:07+00:00,33.77363651828794,-84.404882507393,POINT (-84.404882507393 33.77363651828794),5.0,5.0,5.0,5.0,5.0,5.0,5.0,5.0,21.0,21.0,21.0,21.0,24.555555555555557,49.1,24.452138888888882,17.27777777777778,0.9
2025-10-03 22:40:08+00:00,33.77364241245136,-84.40489640077821,POINT (-84.40489640077821 33.77364241245136),6.0,7.0,6.0,7.0,5.0,5.0,5.0,5.0,25.0,25.0,21.0,21.0,24.444444444444443,48.8,24.33155555555555,17.22222222222222,0.8
2025-10-03 22:40:09+00:00,33.77364779455253,-84.40490908715954,POINT (-84.40490908715954 33.77364779455253),6.0,7.0,6.0,7.0,5.0,5.0,5.0,5.0,25.0,25.0,21.0,21.0,24.444444444444443,48.8,24.33155555555555,17.22222222222222,0.8
2025-10-03 22:40:10+00:00,33.77365302412451,-84.40492141400779,POINT (-84.40492141400779 33.77365302412451),6.0,7.0,6.0,7.0,5.0,5.0,5.0,5.0,25.0,25.0,21.0,21.0,24.444444444444443,48.8,24.33155555555555,17.22222222222222,0.8
2025-10-03 22:40:11+00:00,33.77365876575875,-84.40493494785991,POINT (-84.40493494785991 33.77365876575875),6.0,7.0,6.0,7.0,5.0,5.0,5.0,5.0,25.0,25.0,21.0,21.0,24.444444444444443,48.8,24.33155555555555,17.22222222222222,0.8
2025-10-03 22:40:12+00:00,33.77366501945525,-84.40494968871596,POINT (-84.40494968871596 33.77366501945525),6.0,7.0,6.0,7.0,5.0,5.0,5.0,5.0,25.0,25.0,21.0,21.0,24.444444444444443,48.8,24.33155555555555,17.22222222222222,0.8
2025-10-03 22:40:13+00:00,33.77367640466926,-84.40497652529183,POINT (-84.40497652529183 33.77367640466926),6.0,7.0,6.0,7.0,5.0,5.0,5.0,5.0,25.0,25.0,21.0,21.0,24.388888888888893,48.7,24.271916666666673,17.11111111111111,0.9
2025-10-03 22:40:14+00:00,33.77368081712062,-84.40498692607004,POINT (-84.40498692607004 33.77368081712062),6.0,7.0,6.0,7.0,5.0,5.0,5.0,5.0,25.0,25.0,21.0,21.0,24.388888888888893,48.7,24.271916666666673,17.11111111111111,0.9
2025-10-03 22:40:15+00:00,33.773685382101164,-84.40499768638132,POINT (-84.40499768638132 33.773685382101164),6.0,7.0,6.0,7.0,5.0,5.0,5.0,5.0,25.0,25.0,21.0,21.0,24.388888888888893,48.7,24.271916666666673,17.11111111111111,0.9
2025-10-03 22:40:16+00:00,33.77369595019455,-84.40502259688716,POINT (-84.40502259688716 33.77369595019455),6.0,7.0,6.0,7.0,5.0,5.0,5.0,5.0,25.0,25.0,21.0,21.0,24.388888888888893,48.7,24.271916666666673,17.11111111111111,0.9
2025-10-03 22:40:17+00:00,33.773699491050586,-84.40503094319067,POINT (-84.40503094319067 33.773699491050586),6.0,7.0,6.0,7.0,5.0,5.0,5.0,5.0,25.0,25.0,21.0,21.0,24.388888888888893,48.7,24.271916666666673,17.11111111111111,0.9
2025-10-03 22:40:18+00:00,33.77371123579767,-84.40505862723735,POINT (-84.40505862723735 33.77371123579767),6.0,7.0,6.0,7.0,5.0,5.0,5.0,5.0,25.0,25.0,21.0,21.0,24.333333333333332,48.7,24.213583333333336,17.11111111111111,0.8
2025-10-03 22:40:19+00:00,33.77371580077821,-84.40506938754865,POINT (-84.40506938754865 33.77371580077821),6.0,7.0,6.0,7.0,5.0,5.0,5.0,5.0,25.0,25.0,21.0,21.0,24.333333333333332,48.7,24.213583333333336,17.11111111111111,0.8
2025-10-03 22:40:20+00:00,33.77372051828794,-84.405080507393,POINT (-84.405080507393 33.77372051828794),6.0,7.0,6.0,7.0,5.0,5.0,5.0,5.0,25.0,25.0,21.0,21.0,24.333333333333332,48.7,24.213583333333336,17.11111111111111,0.8
2025-10-03 22:40:21+00:00,33.77373025836576,-84.40510346614785,POINT (-84.40510346614785 33.77373025836576),6.0,7.0,6.0,7.0,5.0,5.0,5.0,5.0,25.0,25.0,21.0,21.0,24.333333333333332,48.7,24.213583333333336,17.11111111111111,0.8
2025-10-03 22:40:22+00:00,33.77373338521401,-84.40511083657589,POINT (-84.40511083657589 33.77373338521401),6.0,7.0,6.0,7.0,5.0,5.0,5.0,5.0,25.0,25.0,21.0,21.0,24.333333333333332,48.7,24.213583333333336,17.11111111111111,0.8
2025-10-03 22:40:23+00:00,33.773739072373544,-84.40512424202335,POINT (-84.40512424202335 33.773739072373544),6.0,6.0,6.0,6.0,5.0,5.0,5.0,5.0,25.0,25.0,21.0,21.0,24.333333333333332,48.7,24.213583333333336,17.0,0.8
2025-10-03 22:40:24+00:00,33.77374419299611,-84.40513631206227,POINT (-84.40513631206227 33.77374419299611),6.0,6.0,6.0,6.0,5.0,5.0,5.0,5.0,25.0,25.0,21.0,21.0,24.333333333333332,48.7,24.213583333333336,17.0,0.8
2025-10-03 22:40:25+00:00,33.773748289494165,-84.4051459680934,POINT (-84.4051459680934 33.773748289494165),6.0,6.0,6.0,6.0,5.0,5.0,5.0,5.0,25.0,25.0,21.0,21.0,24.333333333333332,48.7,24.213583333333336,17.0,0.8
2025-10-03 22:40:26+00:00,33.77375274552529,-84.40515647159533,POINT (-84.40515647159533 33.77375274552529),6.0,6.0,6.0,6.0,5.0,5.0,5.0,5.0,25.0,25.0,21.0,21.0,24.333333333333332,48.7,24.213583333333336,17.0,0.8
2025-10-03 22:40:27+00:00,33.77375828015565,-84.40516951750973,POINT (-84.40516951750973 33.77375828015565),6.0,6.0,6.0,6.0,5.0,5.0,5.0,5.0,25.0,25.0,21.0,21.0,24.333333333333332,48.7,24.213583333333336,17.0,0.8
2025-10-03 22:40:28+00:00,33.77376468638132,-84.40518461789883,POINT (-84.40518461789883 33.77376468638132),6.0,6.0,6.0,6.0,5.0,5.0,5.0,5.0,25.0,25.0,21.0,21.0,24.27777777777778,48.7,24.15525,17.0,0.0
2025-10-03 22:40:29+00:00,33.77377129961089,-84.40520020622569,POINT (-84.40520020622569 33.77377129961089),6.0,6.0,6.0,6.0,5.0,5.0,5.0,5.0,25.0,25.0,21.0,21.0,24.27777777777778,48.7,24.15525,17.0,0.0
2025-10-03 22:40:30+00:00,33.773778631906616,-84.40521748949416,POINT (-84.40521748949416 33.773778631906616),6.0,6.0,6.0,6.0,5.0,5.0,5.0,5.0,25.0,25.0,21.0,21.0,24.27777777777778,48.7,24.15525,17.0,0.0
2025-10-03 22:40:31+00:00,33.77378986459144,-84.40524396653697,POINT (-84.40524396653697 33.77378986459144),6.0,6.0,6.0,6.0,5.0,5.0,5.0,5.0,25.0,25.0,21.0,21.0,24.27777777777778,48.7,24.15525,17.0,0.0
2025-10-03 22:40:32+00:00,33.773793764980546,-84.40525316031128,POINT (-84.40525316031128 33.773793764980546),6.0,6.0,6.0,6.0,5.0,5.0,5.0,5.0,25.0,25.0,21.0,21.0,24.27777777777778,48.7,24.15525,17.0,0.0
2025-10-03 22:40:33+00:00,33.77380592373541,-84.40528182023347,POINT (-84.40528182023347 33.77380592373541),6.0,6.0,6.0,6.0,5.0,5.0,5.0,5.0,25.0,25.0,21.0,21.0,24.27777777777778,48.7,24.15525,17.0,1.0
2025-10-03 22:40:34+00:00,33.77381048871595,-84.40529258054475,POINT (-84.40529258054475 33.77381048871595),6.0,6.0,6.0,6.0,5.0,5.0,5.0,5.0,25.0,25.0,21.0,21.0,24.27777777777778,48.7,24.15525,17.0,1.0
2025-10-03 22:40:35+00:00,33.77381526070039,-84.40530382879378,POINT (-84.40530382879378 33.77381526070039),6.0,6.0,6.0,6.0,5.0,5.0,5.0,5.0,25.0,25.0,21.0,21.0,24.27777777777778,48.7,24.15525,17.0,1.0
2025-10-03 22:40:36+00:00,33.77382675486381,-84.40533092217899,POINT (-84.40533092217899 33.77382675486381),6.0,6.0,6.0,6.0,5.0,5.0,5.0,5.0,25.0,25.0,21.0,21.0,24.27777777777778,48.7,24.15525,17.0,1.0
2025-10-03 22:40:37+00:00,33.77383116731518,-84.4053413229572,POINT (-84.4053413229572 33.77383116731518),6.0,6.0,6.0,6.0,5.0,5.0,5.0,5.0,25.0,25.0,21.0,21.0,24.27777777777778,48.7,24.15525,17.0,1.0
2025-10-03 22:40:38+00:00,33.77383593929961,-84.40535257120622,POINT (-84.40535257120622 33.77383593929961),5.0,6.0,5.0,6.0,6.0,8.0,6.0,8.0,21.0,21.0,25.0,25.0,24.333333333333332,48.7,24.213583333333336,17.0,0.8
2025-10-03 22:40:39+00:00,33.773846354863814,-84.40537712217899,POINT (-84.40537712217899 33.773846354863814),5.0,6.0,5.0,6.0,6.0,8.0,6.0,8.0,21.0,21.0,25.0,25.0,24.333333333333332,48.7,24.213583333333336,17.0,0.8
2025-10-03 22:40:40+00:00,33.77384989571984,-84.40538546848249,POINT (-84.40538546848249 33.77384989571984),5.0,6.0,5.0,6.0,6.0,8.0,6.0,8.0,21.0,21.0,25.0,25.0,24.333333333333332,48.7,24.213583333333336,17.0,0.8
2025-10-03 22:40:41+00:00,33.77386031128405,-84.40541001945525,POINT (-84.40541001945525 33.77386031128405),5.0,6.0,5.0,6.0,6.0,8.0,6.0,8.0,21.0,21.0,25.0,25.0,24.333333333333332,48.7,24.213583333333336,17.0,0.8
2025-10-03 22:40:42+00:00,33.77386385214008,-84.40541836575876,POINT (-84.40541836575876 33.77386385214008),5.0,6.0,5.0,6.0,6.0,8.0,6.0,8.0,21.0,21.0,25.0,25.0,24.333333333333332,48.7,24.213583333333336,17.0,0.8
2025-10-03 22:40:43+00:00,33.77386790505837,-84.40542791906614,POINT (-84.40542791906614 33.77386790505837),5.0,6.0,5.0,6.0,6.0,8.0,6.0,8.0,21.0,21.0,25.0,25.0,24.27777777777778,48.7,24.15525,17.0,0.9
2025-10-03 22:40:44+00:00,33.77387390817121,-84.4054420692607,POINT (-84.4054420692607 33.77387390817121),5.0,6.0,5.0,6.0,6.0,8.0,6.0,8.0,21.0,21.0,25.0,25.0,24.27777777777778,48.7,24.15525,17.0,0.9
2025-10-03 22:40:45+00:00,33.77387955175097,-84.40545537198443,POINT (-84.40545537198443 33.77387955175097),5.0,6.0,5.0,6.0,6.0,8.0,6.0,8.0,21.0,21.0,25.0,25.0,24.27777777777778,48.7,24.15525,17.0,0.9
2025-10-03 22:40:46+00:00,33.77388555486382,-84.40546952217899,POINT (-84.40546952217899 33.77388555486382),5.0,6.0,5.0,6.0,6.0,8.0,6.0,8.0,21.0,21.0,25.0,25.0,24.27777777777778,48.7,24.15525,17.0,0.9
2025-10-03 22:40:47+00:00,33.77389120178042,-84.40548213649852,POINT (-84.40548213649852 33.77389120178042),5.0,6.0,5.0,6.0,6.0,8.0,6.0,8.0,21.0,21.0,25.0,25.0,24.27777777777778,48.7,24.15525,17.0,0.9
2025-10-03 22:40:48+00:00,33.77389900000001,-84.405496,POINT (-84.405496 33.77389900000001),5.0,6.0,5.0,6.0,6.0,8.0,6.0,8.0,21.0,21.0,25.0,25.0,24.222222222222218,48.6,24.095611111111104,16.88888888888889,0.9
2025-10-03 22:40:49+00:00,33.77390965578635,-84.40551494362018,POINT (-84.40551494362018 33.77390965578635),5.0,6.0,5.0,6.0,6.0,8.0,6.0,8.0,21.0,21.0,25.0,25.0,24.222222222222218,48.6,24.095611111111104,16.88888888888889,0.9
2025-10-03 22:40:50+00:00,33.773913127596444,-84.405521115727,POINT (-84.405521115727 33.773913127596444),5.0,6.0,5.0,6.0,6.0,8.0,6.0,8.0,21.0,21.0,25.0,25.0,24.222222222222218,48.6,24.095611111111104,16.88888888888889,0.9
2025-10-03 22:40:51+00:00,33.773919884273,-84.40553312759644,POINT (-84.40553312759644 33.773919884273),5.0,6.0,5.0,6.0,6.0,8.0,6.0,8.0,21.0,21.0,25.0,25.0,24.222222222222218,48.6,24.095611111111104,16.88888888888889,0.9
2025-10-03 22:40:52+00:00,33.77392645400594,-84.40554480712166,POINT (-84.40554480712166 33.77392645400594),5.0,6.0,5.0,6.0,6.0,8.0,6.0,8.0,21.0,21.0,25.0,25.0,24.222222222222218,48.6,24.095611111111104,16.88888888888889,0.9
2025-10-03 22:40:53+00:00,33.77393326409496,-84.40555691394658,POINT (-84.40555691394658 33.77393326409496),7.0,8.0,7.0,8.0,6.0,6.0,6.0,6.0,29.0,29.0,25.0,25.0,24.111111111111114,48.6,23.97894444444445,16.77777777777778,0.0
2025-10-03 22:40:54+00:00,33.773939833827896,-84.4055685934718,POINT (-84.4055685934718 33.773939833827896),7.0,8.0,7.0,8.0,6.0,6.0,6.0,6.0,29.0,29.0,25.0,25.0,24.111111111111114,48.6,23.97894444444445,16.77777777777778,0.0
2025-10-03 22:40:55+00:00,33.773945735905045,-84.40557908605341,POINT (-84.40557908605341 33.773945735905045),7.0,8.0,7.0,8.0,6.0,6.0,6.0,6.0,29.0,29.0,25.0,25.0,24.111111111111114,48.6,23.97894444444445,16.77777777777778,0.0
2025-10-03 22:40:56+00:00,33.77395187833828,-84.40559000593471,POINT (-84.40559000593471 33.77395187833828),7.0,8.0,7.0,8.0,6.0,6.0,6.0,6.0,29.0,29.0,25.0,25.0,24.111111111111114,48.6,23.97894444444445,16.77777777777778,0.0
2025-10-03 22:40:57+00:00,33.773958261127596,-84.40560135311573,POINT (-84.40560135311573 33.773958261127596),7.0,8.0,7.0,8.0,6.0,6.0,6.0,6.0,29.0,29.0,25.0,25.0,24.111111111111114,48.6,23.97894444444445,16.77777777777778,0.0
2025-10-03 22:40:58+00:00,33.773965071216615,-84.40561345994065,POINT (-84.40561345994065 33.773965071216615),7.0,8.0,7.0,8.0,6.0,6.0,6.0,6.0,29.0,29.0,25.0,25.0,24.111111111111114,48.6,23.97894444444445,16.77777777777778,0.7
2025-10-03 22:40:59+00:00,33.77397097329377,-84.40562395252225,POINT (-84.40562395252225 33.77397097329377),7.0,8.0,7.0,8.0,6.0,6.0,6.0,6.0,29.0,29.0,25.0,25.0,24.111111111111114,48.6,23.97894444444445,16.77777777777778,0.7
2025-10-03 22:41:00+00:00,33.77397687537092,-84.40563444510386,POINT (-84.40563444510386 33.77397687537092),7.0,8.0,7.0,8.0,6.0,6.0,6.0,6.0,29.0,29.0,25.0,25.0,24.111111111111114,48.6,23.97894444444445,16.77777777777778,0.7
2025-10-03 22:41:01+00:00,33.77398363204748,-84.4056464569733,POINT (-84.4056464569733 33.77398363204748),7.0,8.0,7.0,8.0,6.0,6.0,6.0,6.0,29.0,29.0,25.0,25.0,24.111111111111114,48.6,23.97894444444445,16.77777777777778,0.7
2025-10-03 22:41:02+00:00,33.773990629080124,-84.40565889614243,POINT (-84.40565889614243 33.773990629080124),7.0,8.0,7.0,8.0,6.0,6.0,6.0,6.0,29.0,29.0,25.0,25.0,24.111111111111114,48.6,23.97894444444445,16.77777777777778,0.7
2025-10-03 22:41:03+00:00,33.77399786646885,-84.40567176261128,POINT (-84.40567176261128 33.77399786646885),7.0,8.0,7.0,8.0,6.0,6.0,6.0,6.0,29.0,29.0,25.0,25.0,24.166666666666668,48.7,24.038583333333335,16.88888888888889,0.0
2025-10-03 22:41:04+00:00,33.774009056379825,-84.40569165578636,POINT (-84.40569165578636 33.774009056379825),7.0,8.0,7.0,8.0,6.0,6.0,6.0,6.0,29.0,29.0,25.0,25.0,24.166666666666668,48.7,24.038583333333335,16.88888888888889,0.0
2025-10-03 22:41:05+00:00,33.774013436201784,-84.4056994421365,POINT (-84.4056994421365 33.774013436201784),7.0,8.0,7.0,8.0,6.0,6.0,6.0,6.0,29.0,29.0,25.0,25.0,24.166666666666668,48.7,24.038583333333335,16.88888888888889,0.0
2025-10-03 22:41:06+00:00,33.77401738872403,-84.40570646884272,POINT (-84.40570646884272 33.77401738872403),7.0,8.0,7.0,8.0,6.0,6.0,6.0,6.0,29.0,29.0,25.0,25.0,24.166666666666668,48.7,24.038583333333335,16.88888888888889,0.0
2025-10-03 22:41:07+00:00,33.77402705637982,-84.40572365578635,POINT (-84.40572365578635 33.77402705637982),7.0,8.0,7.0,8.0,6.0,6.0,6.0,6.0,29.0,29.0,25.0,25.0,24.166666666666668,48.7,24.038583333333335,16.88888888888889,0.0
2025-10-03 22:41:08+00:00,33.77403191691395,-84.4057322967359,POINT (-84.4057322967359 33.77403191691395),6.0,7.0,6.0,7.0,5.0,5.0,5.0,5.0,25.0,25.0,21.0,21.0,24.166666666666668,48.9,24.04119444444444,16.88888888888889,0.0
2025-10-03 22:41:09+00:00,33.774036109792284,-84.40573975074184,POINT (-84.40573975074184 33.774036109792284),6.0,7.0,6.0,7.0,5.0,5.0,5.0,5.0,25.0,25.0,21.0,21.0,24.166666666666668,48.9,24.04119444444444,16.88888888888889,0.0
2025-10-03 22:41:10+00:00,33.77404097032641,-84.40574839169139,POINT (-84.40574839169139 33.77404097032641),6.0,7.0,6.0,7.0,5.0,5.0,5.0,5.0,25.0,25.0,21.0,21.0,24.166666666666668,48.9,24.04119444444444,16.88888888888889,0.0
2025-10-03 22:41:11+00:00,33.774045163204754,-84.40575584569733,POINT (-84.40575584569733 33.774045163204754),6.0,7.0,6.0,7.0,5.0,5.0,5.0,5.0,25.0,25.0,21.0,21.0,24.166666666666668,48.9,24.04119444444444,16.88888888888889,0.0
2025-10-03 22:41:12+00:00,33.77405093175074,-84.4057661008902,POINT (-84.4057661008902 33.77405093175074),6.0,7.0,6.0,7.0,5.0,5.0,5.0,5.0,25.0,25.0,21.0,21.0,24.166666666666668,48.9,24.04119444444444,16.88888888888889,0.0
2025-10-03 22:41:13+00:00,33.77405742136499,-84.4057776379822,POINT (-84.4057776379822 33.77405742136499),6.0,7.0,6.0,7.0,5.0,5.0,5.0,5.0,25.0,25.0,21.0,21.0,24.166666666666668,49.0,24.0425,16.88888888888889,0.8
2025-10-03 22:41:14+00:00,33.77407,-84.4058,POINT (-84.4058 33.77407),6.0,7.0,6.0,7.0,5.0,5.0,5.0,5.0,25.0,25.0,21.0,21.0,24.166666666666668,49.0,24.0425,16.88888888888889,0.8
2025-10-03 22:41:15+00:00,33.77407661353712,-84.40580864847162,POINT (-84.40580864847162 33.77407661353712),6.0,7.0,6.0,7.0,5.0,5.0,5.0,5.0,25.0,25.0,21.0,21.0,24.166666666666668,49.0,24.0425,16.88888888888889,0.8
2025-10-03 22:41:16+00:00,33.77408353930131,-84.40581770524017,POINT (-84.40581770524017 33.77408353930131),6.0,7.0,6.0,7.0,5.0,5.0,5.0,5.0,25.0,25.0,21.0,21.0,24.166666666666668,49.0,24.0425,16.88888888888889,0.8
2025-10-03 22:41:17+00:00,33.774093133187776,-84.4058302510917,POINT (-84.4058302510917 33.774093133187776),6.0,7.0,6.0,7.0,5.0,5.0,5.0,5.0,25.0,25.0,21.0,21.0,24.166666666666668,49.0,24.0425,16.88888888888889,0.8
2025-10-03 22:41:18+00:00,33.7741023580786,-84.40584231441048,POINT (-84.40584231441048 33.7741023580786),6.0,7.0,6.0,7.0,5.0,5.0,5.0,5.0,25.0,25.0,21.0,21.0,24.111111111111114,49.1,23.985472222222224,16.88888888888889,0.9
2025-10-03 22:41:19+00:00,33.77411206550219,-84.40585500873362,POINT (-84.40585500873362 33.77411206550219),6.0,7.0,6.0,7.0,5.0,5.0,5.0,5.0,25.0,25.0,21.0,21.0,24.111111111111114,49.1,23.985472222222224,16.88888888888889,0.9
2025-10-03 22:41:20+00:00,33.77412140393013,-84.40586722052402,POINT (-84.40586722052402 33.77412140393013),6.0,7.0,6.0,7.0,5.0,5.0,5.0,5.0,25.0,25.0,21.0,21.0,24.111111111111114,49.1,23.985472222222224,16.88888888888889,0.9
2025-10-03 22:41:21+00:00,33.77413037336245,-84.40587894978167,POINT (-84.40587894978167 33.77413037336245),6.0,7.0,6.0,7.0,5.0,5.0,5.0,5.0,25.0,25.0,21.0,21.0,24.111111111111114,49.1,23.985472222222224,16.88888888888889,0.9
2025-10-03 22:41:22+00:00,33.774143969432316,-84.40589672925763,POINT (-84.40589672925763 33.774143969432316),6.0,7.0,6.0,7.0,5.0,5.0,5.0,5.0,25.0,25.0,21.0,21.0,24.111111111111114,49.1,23.985472222222224,16.88888888888889,0.9
2025-10-03 22:41:23+00:00,33.7741488231441,-84.40590307641921,POINT (-84.40590307641921 33.7741488231441),5.0,6.0,5.0,6.0,5.0,5.0,5.0,5.0,21.0,21.0,21.0,21.0,24.055555555555557,49.1,23.927138888888887,16.88888888888889,0.0
2025-10-03 22:41:24+00:00,33.774157934497815,-84.40591499126637,POINT (-84.40591499126637 33.774157934497815),5.0,6.0,5.0,6.0,5.0,5.0,5.0,5.0,21.0,21.0,21.0,21.0,24.055555555555557,49.1,23.927138888888887,16.88888888888889,0.0
2025-10-03 22:41:25+00:00,33.77416789737992,-84.40592801965066,POINT (-84.40592801965066 33.77416789737992),5.0,6.0,5.0,6.0,5.0,5.0,5.0,5.0,21.0,21.0,21.0,21.0,24.055555555555557,49.1,23.927138888888887,16.88888888888889,0.0
2025-10-03 22:41:26+00:00,33.77417689519651,-84.40593978602621,POINT (-84.40593978602621 33.77417689519651),5.0,6.0,5.0,6.0,5.0,5.0,5.0,5.0,21.0,21.0,21.0,21.0,24.055555555555557,49.1,23.927138888888887,16.88888888888889,0.0
2025-10-03 22:41:27+00:00,33.77418637554585,-84.40595218340611,POINT (-84.40595218340611 33.77418637554585),5.0,6.0,5.0,6.0,5.0,5.0,5.0,5.0,21.0,21.0,21.0,21.0,24.055555555555557,49.1,23.927138888888887,16.88888888888889,0.0
2025-10-03 22:41:28+00:00,33.77419489082969,-84.40596331877728,POINT (-84.40596331877728 33.77419489082969),5.0,6.0,5.0,6.0,5.0,5.0,5.0,5.0,21.0,21.0,21.0,21.0,23.88888888888889,49.1,23.75213888888889,16.77777777777778,0.0
2025-10-03 22:41:29+00:00,33.77420243902439,-84.40597304878048,POINT (-84.40597304878048 33.77420243902439),5.0,6.0,5.0,6.0,5.0,5.0,5.0,5.0,21.0,21.0,21.0,21.0,23.88888888888889,49.1,23.75213888888889,16.77777777777778,0.0
2025-10-03 22:41:30+00:00,33.77421092682927,-84.40598365853658,POINT (-84.40598365853658 33.77421092682927),5.0,6.0,5.0,6.0,5.0,5.0,5.0,5.0,21.0,21.0,21.0,21.0,23.88888888888889,49.1,23.75213888888889,16.77777777777778,0.0
2025-10-03 22:41:31+00:00,33.774218536585366,-84.4059931707317,POINT (-84.4059931707317 33.774218536585366),5.0,6.0,5.0,6.0,5.0,5.0,5.0,5.0,21.0,21.0,21.0,21.0,23.88888888888889,49.1,23.75213888888889,16.77777777777778,0.0
2025-10-03 22:41:32+00:00,33.77422692682927,-84.40600365853659,POINT (-84.40600365853659 33.77422692682927),5.0,6.0,5.0,6.0,5.0,5.0,5.0,5.0,21.0,21.0,21.0,21.0,23.88888888888889,49.1,23.75213888888889,16.77777777777778,0.0
2025-10-03 22:41:33+00:00,33.77423434146341,-84.40601292682926,POINT (-84.40601292682926 33.77423434146341),5.0,6.0,5.0,6.0,5.0,5.0,5.0,5.0,21.0,21.0,21.0,21.0,23.88888888888889,49.1,23.75213888888889,16.77777777777778,0.0
2025-10-03 22:41:34+00:00,33.77424136585366,-84.40602170731708,POINT (-84.40602170731708 33.77424136585366),5.0,6.0,5.0,6.0,5.0,5.0,5.0,5.0,21.0,21.0,21.0,21.0,23.88888888888889,49.1,23.75213888888889,16.77777777777778,0.0
2025-10-03 22:41:35+00:00,33.774248390243905,-84.40603048780488,POINT (-84.40603048780488 33.774248390243905),5.0,6.0,5.0,6.0,5.0,5.0,5.0,5.0,21.0,21.0,21.0,21.0,23.88888888888889,49.0,23.75083333333333,16.77777777777778,0.0
2025-10-03 22:41:36+00:00,33.774256780487804,-84.40604097560976,POINT (-84.40604097560976 33.774256780487804),5.0,6.0,5.0,6.0,5.0,5.0,5.0,5.0,21.0,21.0,21.0,21.0,23.88888888888889,49.0,23.75083333333333,16.77777777777778,0.0
2025-10-03 22:41:37+00:00,33.77427180487805,-84.40605975609756,POINT (-84.40605975609756 33.77427180487805),5.0,6.0,5.0,6.0,5.0,5.0,5.0,5.0,21.0,21.0,21.0,21.0,23.88888888888889,49.0,23.75083333333333,16.77777777777778,0.0
2025-10-03 22:41:38+00:00,33.774277560975605,-84.40606695121951,POINT (-84.40606695121951 33.774277560975605),5.0,6.0,5.0,6.0,5.5,5.5,5.5,5.5,21.0,21.0,23.0,23.0,23.88888888888889,49.0,23.75083333333333,16.77777777777778,0.0
2025-10-03 22:41:39+00:00,33.77428275963303,-84.40607293211009,POINT (-84.40607293211009 33.77428275963303),5.0,6.0,5.0,6.0,5.5,5.5,5.5,5.5,21.0,21.0,23.0,23.0,23.88888888888889,49.0,23.75083333333333,16.77777777777778,0.0
2025-10-03 22:41:40+00:00,33.77429200733945,-84.40608275779816,POINT (-84.40608275779816 33.77429200733945),5.0,6.0,5.0,6.0,5.5,5.5,5.5,5.5,21.0,21.0,23.0,23.0,23.88888888888889,49.1,23.75213888888889,16.77777777777778,0.0
2025-10-03 22:41:41+00:00,33.7743007559633,-84.40609205321101,POINT (-84.40609205321101 33.7743007559633),5.0,6.0,5.0,6.0,5.5,5.5,5.5,5.5,21.0,21.0,23.0,23.0,23.88888888888889,49.1,23.75213888888889,16.77777777777778,0.0
2025-10-03 22:41:42+00:00,33.774319662385324,-84.40611214128441,POINT (-84.40611214128441 33.774319662385324),5.0,6.0,5.0,6.0,5.5,5.5,5.5,5.5,21.0,21.0,23.0,23.0,23.88888888888889,49.1,23.75213888888889,16.77777777777778,0.0
2025-10-03 22:41:43+00:00,33.77432841100917,-84.40612143669725,POINT (-84.40612143669725 33.77432841100917),5.0,6.0,5.0,6.0,5.5,5.5,5.5,5.5,21.0,21.0,23.0,23.0,23.944444444444443,49.2,23.811777777777777,16.88888888888889,0.9
2025-10-03 22:41:44+00:00,33.77433713027523,-84.40613070091743,POINT (-84.40613070091743 33.77433713027523),5.0,6.0,5.0,6.0,5.5,5.5,5.5,5.5,21.0,21.0,23.0,23.0,23.944444444444443,49.2,23.811777777777777,16.88888888888889,0.9
2025-10-03 22:41:45+00:00,33.774345878899084,-84.40613999633027,POINT (-84.40613999633027 33.774345878899084),5.0,6.0,5.0,6.0,5.5,5.5,5.5,5.5,21.0,21.0,23.0,23.0,23.944444444444443,49.2,23.811777777777777,16.88888888888889,0.9
2025-10-03 22:41:46+00:00,33.77435459816514,-84.40614926055046,POINT (-84.40614926055046 33.77435459816514),5.0,6.0,5.0,6.0,5.5,5.5,5.5,5.5,21.0,21.0,23.0,23.0,23.944444444444443,49.2,23.811777777777777,16.88888888888889,0.9
2025-10-03 22:41:47+00:00,33.77437212477064,-84.40616788256881,POINT (-84.40616788256881 33.77437212477064),5.0,6.0,5.0,6.0,5.5,5.5,5.5,5.5,21.0,21.0,23.0,23.0,23.944444444444443,49.2,23.811777777777777,16.88888888888889,0.9
2025-10-03 22:41:48+00:00,33.774378965137615,-84.40617515045872,POINT (-84.40617515045872 33.774378965137615),5.0,6.0,5.0,6.0,5.5,5.5,5.5,5.5,21.0,21.0,23.0,23.0,24.0,49.3,23.87141666666666,16.88888888888889,0.9
2025-10-03 22:41:49+00:00,33.77438530642202,-84.40618188807339,POINT (-84.40618188807339 33.77438530642202),5.0,6.0,5.0,6.0,5.5,5.5,5.5,5.5,21.0,21.0,23.0,23.0,24.0,49.3,23.87141666666666,16.88888888888889,0.9
2025-10-03 22:41:50+00:00,33.77440192293578,-84.40619954311927,POINT (-84.40619954311927 33.77440192293578),5.0,6.0,5.0,6.0,5.5,5.5,5.5,5.5,21.0,21.0,23.0,23.0,24.0,49.3,23.87141666666666,16.88888888888889,0.9
2025-10-03 22:41:51+00:00,33.77440873394496,-84.40620677981651,POINT (-84.40620677981651 33.77440873394496),5.0,6.0,5.0,6.0,5.5,5.5,5.5,5.5,21.0,21.0,23.0,23.0,24.0,49.3,23.87141666666666,16.88888888888889,0.9
2025-10-03 22:41:52+00:00,33.774415574311924,-84.40621404770643,POINT (-84.40621404770643 33.774415574311924),5.0,6.0,5.0,6.0,5.5,5.5,5.5,5.5,21.0,21.0,23.0,23.0,24.0,49.3,23.87141666666666,16.88888888888889,0.9
2025-10-03 22:41:53+00:00,33.7744272880734,-84.40622649357798,POINT (-84.40622649357798 33.7744272880734),6.0,6.0,6.0,6.0,7.0,7.0,7.0,7.0,25.0,25.0,29.0,29.0,24.0,49.4,23.872722222222222,16.88888888888889,0.0
2025-10-03 22:41:54+00:00,33.77443850275229,-84.4062384091743,POINT (-84.4062384091743 33.77443850275229),6.0,6.0,6.0,6.0,7.0,7.0,7.0,7.0,25.0,25.0,29.0,29.0,24.0,49.4,23.872722222222222,16.88888888888889,0.0
2025-10-03 22:41:55+00:00,33.77445128461539,-84.40624877692308,POINT (-84.40624877692308 33.77445128461539),6.0,6.0,6.0,6.0,7.0,7.0,7.0,7.0,25.0,25.0,29.0,29.0,24.0,49.4,23.872722222222222,16.88888888888889,0.0
2025-10-03 22:41:56+00:00,33.774458415384615,-84.40625432307692,POINT (-84.40625432307692 33.774458415384615),6.0,6.0,6.0,6.0,7.0,7.0,7.0,7.0,25.0,25.0,29.0,29.0,24.0,49.4,23.872722222222222,16.88888888888889,0.0
2025-10-03 22:41:57+00:00,33.77446603076923,-84.40626024615385,POINT (-84.40626024615385 33.77446603076923),6.0,6.0,6.0,6.0,7.0,7.0,7.0,7.0,25.0,25.0,29.0,29.0,24.0,49.4,23.872722222222222,16.88888888888889,0.0
2025-10-03 22:41:58+00:00,33.7744775923077,-84.40626923846155,POINT (-84.40626923846155 33.7744775923077),6.0,6.0,6.0,6.0,7.0,7.0,7.0,7.0,25.0,25.0,29.0,29.0,24.0,49.5,23.874027777777783,16.88888888888889,0.0
2025-10-03 22:41:59+00:00,33.7744895,-84.4062785,POINT (-84.4062785 33.7744895),6.0,6.0,6.0,6.0,7.0,7.0,7.0,7.0,25.0,25.0,29.0,29.0,24.0,49.5,23.874027777777783,16.88888888888889,0.0
2025-10-03 22:42:00+00:00,33.77449870769231,-84.40628566153846,POINT (-84.40628566153846 33.77449870769231),6.0,6.0,6.0,6.0,7.0,7.0,7.0,7.0,25.0,25.0,29.0,29.0,24.0,49.5,23.874027777777783,16.88888888888889,0.0
2025-10-03 22:42:01+00:00,33.774506461538465,-84.40629169230769,POINT (-84.40629169230769 33.774506461538465),6.0,6.0,6.0,6.0,7.0,7.0,7.0,7.0,25.0,25.0,29.0,29.0,24.0,49.5,23.874027777777783,16.88888888888889,0.0
2025-10-03 22:42:02+00:00,33.77451421538462,-84.40629772307693,POINT (-84.40629772307693 33.77451421538462),6.0,6.0,6.0,6.0,7.0,7.0,7.0,7.0,25.0,25.0,29.0,29.0,24.0,49.5,23.874027777777783,16.88888888888889,0.0
2025-10-03 22:42:03+00:00,33.77452321538461,-84.40630472307693,POINT (-84.40630472307693 33.77452321538461),6.0,6.0,6.0,6.0,7.0,7.0,7.0,7.0,25.0,25.0,29.0,29.0,24.055555555555557,49.5,23.93236111111111,16.88888888888889,0.0
2025-10-03 22:42:04+00:00,33.7745327,-84.40631210000001,POINT (-84.40631210000001 33.7745327),6.0,6.0,6.0,6.0,7.0,7.0,7.0,7.0,25.0,25.0,29.0,29.0,24.055555555555557,49.5,23.93236111111111,16.88888888888889,0.0
2025-10-03 22:42:05+00:00,33.774541838461545,-84.4063192076923,POINT (-84.4063192076923 33.774541838461545),6.0,6.0,6.0,6.0,7.0,7.0,7.0,7.0,25.0,25.0,29.0,29.0,24.055555555555557,49.5,23.93236111111111,16.88888888888889,0.0
2025-10-03 22:42:06+00:00,33.77455146153846,-84.40632669230769,POINT (-84.40632669230769 33.77455146153846),6.0,6.0,6.0,6.0,7.0,7.0,7.0,7.0,25.0,25.0,29.0,29.0,24.055555555555557,49.5,23.93236111111111,16.88888888888889,0.0
2025-10-03 22:42:07+00:00,33.77456156923078,-84.40633455384616,POINT (-84.40633455384616 33.77456156923078),6.0,6.0,6.0,6.0,7.0,7.0,7.0,7.0,25.0,25.0,29.0,29.0,24.055555555555557,49.5,23.93236111111111,16.88888888888889,0.0
2025-10-03 22:42:08+00:00,33.774578946153845,-84.40634806923077,POINT (-84.40634806923077 33.774578946153845),6.0,6.0,6.0,6.0,6.0,6.0,6.0,6.0,25.0,25.0,25.0,25.0,24.111111111111114,49.6,23.991999999999997,17.0,0.9
2025-10-03 22:42:09+00:00,33.77458448461538,-84.40635237692308,POINT (-84.40635237692308 33.77458448461538),6.0,6.0,6.0,6.0,6.0,6.0,6.0,6.0,25.0,25.0,25.0,25.0,24.111111111111114,49.6,23.991999999999997,17.0,0.9
2025-10-03 22:42:10+00:00,33.77459618461538,-84.40636147692308,POINT (-84.40636147692308 33.77459618461538),6.0,6.0,6.0,6.0,6.0,6.0,6.0,6.0,25.0,25.0,25.0,25.0,24.111111111111114,49.6,23.991999999999997,17.0,0.9
2025-10-03 22:42:11+00:00,33.77460850769231,-84.40637106153847,POINT (-84.40637106153847 33.77460850769231),6.0,6.0,6.0,6.0,6.0,6.0,6.0,6.0,25.0,25.0,25.0,25.0,24.111111111111114,49.6,23.991999999999997,17.0,0.9
2025-10-03 22:42:12+00:00,33.77462020769231,-84.40638016153846,POINT (-84.40638016153846 33.77462020769231),6.0,6.0,6.0,6.0,6.0,6.0,6.0,6.0,25.0,25.0,25.0,25.0,24.111111111111114,49.6,23.991999999999997,17.0,0.9
2025-10-03 22:42:13+00:00,33.77463806923077,-84.40639405384616,POINT (-84.40639405384616 33.77463806923077),6.0,6.0,6.0,6.0,6.0,6.0,6.0,6.0,25.0,25.0,25.0,25.0,24.055555555555557,49.7,23.934972222222218,16.88888888888889,0.9
2025-10-03 22:42:14+00:00,33.77464423076923,-84.40639884615385,POINT (-84.40639884615385 33.77464423076923),6.0,6.0,6.0,6.0,6.0,6.0,6.0,6.0,25.0,25.0,25.0,25.0,24.055555555555557,49.7,23.934972222222218,16.88888888888889,0.9
2025-10-03 22:42:15+00:00,33.774650876923076,-84.40640401538462,POINT (-84.40640401538462 33.774650876923076),6.0,6.0,6.0,6.0,6.0,6.0,6.0,6.0,25.0,25.0,25.0,25.0,24.055555555555557,49.7,23.934972222222218,16.88888888888889,0.9
2025-10-03 22:42:16+00:00,33.77465849230769,-84.40640993846154,POINT (-84.40640993846154 33.77465849230769),6.0,6.0,6.0,6.0,6.0,6.0,6.0,6.0,25.0,25.0,25.0,25.0,24.055555555555557,49.7,23.934972222222218,16.88888888888889,0.9
2025-10-03 22:42:17+00:00,33.774666730769226,-84.40641634615385,POINT (-84.40641634615385 33.774666730769226),6.0,6.0,6.0,6.0,6.0,6.0,6.0,6.0,25.0,25.0,25.0,25.0,24.055555555555557,49.7,23.934972222222218,16.88888888888889,0.9
2025-10-03 22:42:18+00:00,33.77467545384615,-84.40642313076924,POINT (-84.40642313076924 33.77467545384615),6.0,6.0,6.0,6.0,6.0,6.0,6.0,6.0,25.0,25.0,25.0,25.0,24.055555555555557,49.7,23.934972222222218,17.0,0.0
2025-10-03 22:42:19+00:00,33.7746859076923,-84.40643126153847,POINT (-84.40643126153847 33.7746859076923),6.0,6.0,6.0,6.0,6.0,6.0,6.0,6.0,25.0,25.0,25.0,25.0,24.055555555555557,49.7,23.934972222222218,17.0,0.0
2025-10-03 22:42:20+00:00,33.77469698461538,-84.40643987692309,POINT (-84.40643987692309 33.77469698461538),6.0,6.0,6.0,6.0,6.0,6.0,6.0,6.0,25.0,25.0,25.0,25.0,24.055555555555557,49.7,23.934972222222218,17.0,0.0
2025-10-03 22:42:21+00:00,33.77471,-84.40645,POINT (-84.40645 33.77471),6.0,6.0,6.0,6.0,6.0,6.0,6.0,6.0,25.0,25.0,25.0,25.0,24.055555555555557,49.7,23.934972222222218,17.0,0.0
2025-10-03 22:42:22+00:00,33.77471407296137,-84.40645250643777,POINT (-84.40645250643777 33.77471407296137),6.0,6.0,6.0,6.0,6.0,6.0,6.0,6.0,25.0,25.0,25.0,25.0,24.055555555555557,49.7,23.934972222222218,17.0,0.0
2025-10-03 22:42:23+00:00,33.77472696137339,-84.40646043776825,POINT (-84.40646043776825 33.77472696137339),5.5,6.5,5.5,6.5,4.0,4.0,4.0,4.0,23.0,23.0,17.0,17.0,24.055555555555557,49.6,23.933666666666667,17.0,0.7
2025-10-03 22:42:24+00:00,33.77473895708154,-84.40646781974249,POINT (-84.40646781974249 33.77473895708154),5.5,6.5,5.5,6.5,4.0,4.0,4.0,4.0,23.0,23.0,17.0,17.0,24.055555555555557,49.6,23.933666666666667,17.0,0.7
2025-10-03 22:42:25+00:00,33.774751678111585,-84.40647564806868,POINT (-84.40647564806868 33.774751678111585),5.5,6.5,5.5,6.5,4.0,4.0,4.0,4.0,23.0,23.0,17.0,17.0,24.055555555555557,49.6,23.933666666666667,17.0,0.7
2025-10-03 22:42:26+00:00,33.77476378540772,-84.40648309871246,POINT (-84.40648309871246 33.77476378540772),5.5,6.5,5.5,6.5,4.0,4.0,4.0,4.0,23.0,23.0,17.0,17.0,24.055555555555557,49.6,23.933666666666667,17.0,0.7
2025-10-03 22:42:27+00:00,33.77477617167382,-84.40649072103005,POINT (-84.40649072103005 33.77477617167382),5.5,6.5,5.5,6.5,4.0,4.0,4.0,4.0,23.0,23.0,17.0,17.0,24.055555555555557,49.6,23.933666666666667,17.0,0.7
2025-10-03 22:42:28+00:00,33.77478883690986,-84.40649851502145,POINT (-84.40649851502145 33.77478883690986),5.5,6.5,5.5,6.5,4.0,4.0,4.0,4.0,23.0,23.0,17.0,17.0,24.111111111111114,49.6,23.991999999999997,17.0,0.9
2025-10-03 22:42:29+00:00,33.774802506437766,-84.40650692703863,POINT (-84.40650692703863 33.774802506437766),5.5,6.5,5.5,6.5,4.0,4.0,4.0,4.0,23.0,23.0,17.0,17.0,24.111111111111114,49.6,23.991999999999997,17.0,0.9
2025-10-03 22:42:30+00:00,33.77481617596566,-84.4065153390558,POINT (-84.4065153390558 33.77481617596566),5.5,6.5,5.5,6.5,4.0,4.0,4.0,4.0,23.0,23.0,17.0,17.0,24.111111111111114,49.6,23.991999999999997,17.0,0.9
2025-10-03 22:42:31+00:00,33.77483626180257,-84.40652769957082,POINT (-84.40652769957082 33.77483626180257),5.5,6.5,5.5,6.5,4.0,4.0,4.0,4.0,23.0,23.0,17.0,17.0,24.111111111111114,49.6,23.991999999999997,17.0,0.9
2025-10-03 22:42:32+00:00,33.77484267811158,-84.40653164806866,POINT (-84.40653164806866 33.77484267811158),5.5,6.5,5.5,6.5,4.0,4.0,4.0,4.0,23.0,23.0,17.0,17.0,24.111111111111114,49.6,23.991999999999997,17.0,0.9
2025-10-03 22:42:33+00:00,33.77486293133047,-84.40654411158798,POINT (-84.40654411158798 33.77486293133047),5.5,6.5,5.5,6.5,4.0,4.0,4.0,4.0,23.0,23.0,17.0,17.0,24.055555555555557,49.6,23.933666666666667,17.0,0.9
2025-10-03 22:42:34+00:00,33.77487007296137,-84.40654850643777,POINT (-84.40654850643777 33.77487007296137),5.5,6.5,5.5,6.5,4.0,4.0,4.0,4.0,23.0,23.0,17.0,17.0,24.055555555555557,49.6,23.933666666666667,17.0,0.9
2025-10-03 22:42:35+00:00,33.77487749356223,-84.40655307296137,POINT (-84.40655307296137 33.77487749356223),5.5,6.5,5.5,6.5,4.0,4.0,4.0,4.0,23.0,23.0,17.0,17.0,24.055555555555557,49.6,23.933666666666667,17.0,0.9
2025-10-03 22:42:36+00:00,33.77488709012875,-84.40655897854077,POINT (-84.40655897854077 33.77488709012875),5.5,6.5,5.5,6.5,4.0,4.0,4.0,4.0,23.0,23.0,17.0,17.0,24.055555555555557,49.6,23.933666666666667,17.0,0.9
2025-10-03 22:42:37+00:00,33.77489668669528,-84.40656488412017,POINT (-84.40656488412017 33.77489668669528),5.5,6.5,5.5,6.5,4.0,4.0,4.0,4.0,23.0,23.0,17.0,17.0,24.055555555555557,49.6,23.933666666666667,17.0,0.9
2025-10-03 22:42:38+00:00,33.7749062832618,-84.40657078969957,POINT (-84.40657078969957 33.7749062832618),4.5,5.5,4.5,5.5,5.5,5.5,5.5,5.5,19.0,19.0,23.0,23.0,24.055555555555557,49.6,23.933666666666667,17.0,0.9
2025-10-03 22:42:39+00:00,33.774916326180254,-84.40657696995709,POINT (-84.40657696995709 33.774916326180254),4.5,5.5,4.5,5.5,5.5,5.5,5.5,5.5,19.0,19.0,23.0,23.0,24.055555555555557,49.6,23.933666666666667,17.0,0.9
2025-10-03 22:42:40+00:00,33.77492754077254,-84.40658387124464,POINT (-84.40658387124464 33.77492754077254),4.5,5.5,4.5,5.5,5.5,5.5,5.5,5.5,19.0,19.0,23.0,23.0,24.055555555555557,49.6,23.933666666666667,17.0,0.9
2025-10-03 22:42:41+00:00,33.77494561802575,-84.40659499570815,POINT (-84.40659499570815 33.77494561802575),4.5,5.5,4.5,5.5,5.5,5.5,5.5,5.5,19.0,19.0,23.0,23.0,24.055555555555557,49.6,23.933666666666667,17.0,0.9
2025-10-03 22:42:42+00:00,33.77495275965666,-84.40659939055794,POINT (-84.40659939055794 33.77495275965666),4.5,5.5,4.5,5.5,5.5,5.5,5.5,5.5,19.0,19.0,23.0,23.0,24.055555555555557,49.6,23.933666666666667,17.0,0.9
2025-10-03 22:42:43+00:00,33.774960347639485,-84.40660406008584,POINT (-84.40660406008584 33.774960347639485),4.5,5.5,4.5,5.5,5.5,5.5,5.5,5.5,19.0,19.0,23.0,23.0,24.111111111111114,49.6,23.991999999999997,17.0,1.0
2025-10-03 22:42:44+00:00,33.77497031517129,-84.40661016900489,POINT (-84.40661016900489 33.77497031517129),4.5,5.5,4.5,5.5,5.5,5.5,5.5,5.5,19.0,19.0,23.0,23.0,24.111111111111114,49.6,23.991999999999997,17.0,1.0
2025-10-03 22:42:45+00:00,33.774982910766724,-84.40661692316476,POINT (-84.40661692316476 33.774982910766724),4.5,5.5,4.5,5.5,5.5,5.5,5.5,5.5,19.0,19.0,23.0,23.0,24.111111111111114,49.6,23.991999999999997,17.0,1.0
2025-10-03 22:42:46+00:00,33.77499974991843,-84.40662595285481,POINT (-84.40662595285481 33.77499974991843),4.5,5.5,4.5,5.5,5.5,5.5,5.5,5.5,19.0,19.0,23.0,23.0,24.111111111111114,49.6,23.991999999999997,17.0,1.0
2025-10-03 22:42:47+00:00,33.775004826427406,-84.40662867504078,POINT (-84.40662867504078 33.775004826427406),4.5,5.5,4.5,5.5,5.5,5.5,5.5,5.5,19.0,19.0,23.0,23.0,24.111111111111114,49.6,23.991999999999997,17.0,1.0
2025-10-03 22:42:48+00:00,33.77501109608483,-84.40663203703099,POINT (-84.40663203703099 33.77501109608483),4.5,5.5,4.5,5.5,5.5,5.5,5.5,5.5,19.0,19.0,23.0,23.0,24.27777777777778,49.7,24.168305555555555,17.22222222222222,1.1
2025-10-03 22:42:49+00:00,33.77501969575856,-84.40663664845025,POINT (-84.40663664845025 33.77501969575856),4.5,5.5,4.5,5.5,5.5,5.5,5.5,5.5,19.0,19.0,23.0,23.0,24.27777777777778,49.7,24.168305555555555,17.22222222222222,1.1
2025-10-03 22:42:50+00:00,33.77502948858075,-84.40664189967373,POINT (-84.40664189967373 33.77502948858075),4.5,5.5,4.5,5.5,5.5,5.5,5.5,5.5,19.0,19.0,23.0,23.0,24.27777777777778,49.7,24.168305555555555,17.22222222222222,1.1
2025-10-03 22:42:51+00:00,33.775039641598696,-84.40664734404568,POINT (-84.40664734404568 33.775039641598696),4.5,5.5,4.5,5.5,5.5,5.5,5.5,5.5,19.0,19.0,23.0,23.0,24.27777777777778,49.7,24.168305555555555,17.22222222222222,1.1
2025-10-03 22:42:52+00:00,33.77505140424144,-84.40665365154976,POINT (-84.40665365154976 33.77505140424144),4.5,5.5,4.5,5.5,5.5,5.5,5.5,5.5,19.0,19.0,23.0,23.0,24.27777777777778,49.7,24.168305555555555,17.22222222222222,1.1
2025-10-03 22:42:53+00:00,33.77506358336053,-84.40666018238173,POINT (-84.40666018238173 33.77506358336053),4.0,5.0,4.0,5.0,6.0,6.0,6.0,6.0,17.0,17.0,25.0,25.0,24.333333333333332,49.7,24.226638888888882,17.22222222222222,0.9
2025-10-03 22:42:54+00:00,33.77508328156607,-84.4066707451876,POINT (-84.4066707451876 33.77508328156607),4.0,5.0,4.0,5.0,6.0,6.0,6.0,6.0,17.0,17.0,25.0,25.0,24.333333333333332,49.7,24.226638888888882,17.22222222222222,0.9
2025-10-03 22:42:55+00:00,33.77508919102773,-84.40667391402937,POINT (-84.40667391402937 33.77508919102773),4.0,5.0,4.0,5.0,6.0,6.0,6.0,6.0,17.0,17.0,25.0,25.0,24.333333333333332,49.7,24.226638888888882,17.22222222222222,0.9
2025-10-03 22:42:56+00:00,33.77510100995106,-84.40668025171288,POINT (-84.40668025171288 33.77510100995106),4.0,5.0,4.0,5.0,6.0,6.0,6.0,6.0,17.0,17.0,25.0,25.0,24.333333333333332,49.7,24.226638888888882,17.22222222222222,0.9
2025-10-03 22:42:57+00:00,33.775114798694936,-84.406687645677,POINT (-84.406687645677 33.775114798694936),4.0,5.0,4.0,5.0,6.0,6.0,6.0,6.0,17.0,17.0,25.0,25.0,24.333333333333332,49.7,24.226638888888882,17.22222222222222,0.9
2025-10-03 22:42:58+00:00,33.77512858743883,-84.40669503964111,POINT (-84.40669503964111 33.77512858743883),4.0,5.0,4.0,5.0,6.0,6.0,6.0,6.0,17.0,17.0,25.0,25.0,24.444444444444443,49.8,24.344611111111114,17.27777777777778,1.1
2025-10-03 22:42:59+00:00,33.77514947879283,-84.40670624225123,POINT (-84.40670624225123 33.77514947879283),4.0,5.0,4.0,5.0,6.0,6.0,6.0,6.0,17.0,17.0,25.0,25.0,24.444444444444443,49.8,24.344611111111114,17.27777777777778,1.1
2025-10-03 22:43:00+00:00,33.77515580473083,-84.40670963442088,POINT (-84.40670963442088 33.77515580473083),4.0,5.0,4.0,5.0,6.0,6.0,6.0,6.0,17.0,17.0,25.0,25.0,24.444444444444443,49.8,24.344611111111114,17.27777777777778,1.1
2025-10-03 22:43:01+00:00,33.77517669608483,-84.40672083703099,POINT (-84.40672083703099 33.77517669608483),4.0,5.0,4.0,5.0,6.0,6.0,6.0,6.0,17.0,17.0,25.0,25.0,24.444444444444443,49.8,24.344611111111114,17.27777777777778,1.1
2025-10-03 22:43:02+00:00,33.7751857685155,-84.40672570195758,POINT (-84.40672570195758 33.7751857685155),4.0,5.0,4.0,5.0,6.0,6.0,6.0,6.0,17.0,17.0,25.0,25.0,24.444444444444443,49.8,24.344611111111114,17.27777777777778,1.1
2025-10-03 22:43:03+00:00,33.775193647797714,-84.40672992707994,POINT (-84.40672992707994 33.775193647797714),4.0,5.0,4.0,5.0,6.0,6.0,6.0,6.0,17.0,17.0,25.0,25.0,24.499999999999996,49.8,24.40294444444444,17.38888888888889,1.3
2025-10-03 22:43:04+00:00,33.77520546672105,-84.40673626476347,POINT (-84.40673626476347 33.77520546672105),4.0,5.0,4.0,5.0,6.0,6.0,6.0,6.0,17.0,17.0,25.0,25.0,24.499999999999996,49.8,24.40294444444444,17.38888888888889,1.3
2025-10-03 22:43:05+00:00,33.77521650897227,-84.40674218597064,POINT (-84.40674218597064 33.77521650897227),4.0,5.0,4.0,5.0,6.0,6.0,6.0,6.0,17.0,17.0,25.0,25.0,24.499999999999996,49.8,24.40294444444444,17.38888888888889,1.3
2025-10-03 22:43:06+00:00,33.7752283278956,-84.40674852365416,POINT (-84.40674852365416 33.7752283278956),4.0,5.0,4.0,5.0,6.0,6.0,6.0,6.0,17.0,17.0,25.0,25.0,24.499999999999996,49.8,24.40294444444444,17.38888888888889,1.3
2025-10-03 22:43:07+00:00,33.77523973034258,-84.40675463800979,POINT (-84.40675463800979 33.77523973034258),4.0,5.0,4.0,5.0,6.0,6.0,6.0,6.0,17.0,17.0,25.0,25.0,24.499999999999996,49.8,24.40294444444444,17.38888888888889,1.3
2025-10-03 22:43:08+00:00,33.77525232593801,-84.40676139216966,POINT (-84.40676139216966 33.77525232593801),5.0,5.0,5.0,5.0,5.0,6.0,5.0,6.0,21.0,21.0,21.0,21.0,24.499999999999996,49.7,24.401638888888883,17.27777777777778,1.1
2025-10-03 22:43:09+00:00,33.77526533800978,-84.40676836965743,POINT (-84.40676836965743 33.77526533800978),5.0,5.0,5.0,5.0,5.0,6.0,5.0,6.0,21.0,21.0,21.0,21.0,24.499999999999996,49.7,24.401638888888883,17.27777777777778,1.1
2025-10-03 22:43:10+00:00,33.77527829380097,-84.40677531696574,POINT (-84.40677531696574 33.77527829380097),5.0,5.0,5.0,5.0,5.0,6.0,5.0,6.0,21.0,21.0,21.0,21.0,24.499999999999996,49.7,24.401638888888883,17.27777777777778,1.1
2025-10-03 22:43:11+00:00,33.77529166606851,-84.40678248760196,POINT (-84.40678248760196 33.77529166606851),5.0,5.0,5.0,5.0,5.0,6.0,5.0,6.0,21.0,21.0,21.0,21.0,24.499999999999996,49.7,24.401638888888883,17.27777777777778,1.1
2025-10-03 22:43:12+00:00,33.775311307993476,-84.40679302022839,POINT (-84.40679302022839 33.775311307993476),5.0,5.0,5.0,5.0,5.0,6.0,5.0,6.0,21.0,21.0,21.0,21.0,24.499999999999996,49.7,24.401638888888883,17.27777777777778,1.1
2025-10-03 22:43:13+00:00,33.77531721745514,-84.40679618907015,POINT (-84.40679618907015 33.77531721745514),5.0,5.0,5.0,5.0,5.0,6.0,5.0,6.0,21.0,21.0,21.0,21.0,24.499999999999996,49.6,24.40033333333333,17.27777777777778,0.9
2025-10-03 22:43:14+00:00,33.775329813050575,-84.40680294323002,POINT (-84.40680294323002 33.775329813050575),5.0,5.0,5.0,5.0,5.0,6.0,5.0,6.0,21.0,21.0,21.0,21.0,24.499999999999996,49.6,24.40033333333333,17.27777777777778,0.9
2025-10-03 22:43:15+00:00,33.7753431853181,-84.40681011386623,POINT (-84.40681011386623 33.7753431853181),5.0,5.0,5.0,5.0,5.0,6.0,5.0,6.0,21.0,21.0,21.0,21.0,24.499999999999996,49.6,24.40033333333333,17.27777777777778,0.9
2025-10-03 22:43:16+00:00,33.77535655758564,-84.40681728450245,POINT (-84.40681728450245 33.77535655758564),5.0,5.0,5.0,5.0,5.0,6.0,5.0,6.0,21.0,21.0,21.0,21.0,24.499999999999996,49.6,24.40033333333333,17.27777777777778,0.9
2025-10-03 22:43:17+00:00,33.7753770324633,-84.40682826378466,POINT (-84.40682826378466 33.7753770324633),5.0,5.0,5.0,5.0,5.0,6.0,5.0,6.0,21.0,21.0,21.0,21.0,24.499999999999996,49.6,24.40033333333333,17.27777777777778,0.9
2025-10-03 22:43:18+00:00,33.77538413507341,-84.40683207243067,POINT (-84.40683207243067 33.77538413507341),5.0,5.0,5.0,5.0,5.0,6.0,5.0,6.0,21.0,21.0,21.0,21.0,24.444444444444443,49.5,24.34069444444444,17.27777777777778,1.1
2025-10-03 22:43:19+00:00,33.775406219575856,-84.40684391484503,POINT (-84.40684391484503 33.775406219575856),5.0,5.0,5.0,5.0,5.0,6.0,5.0,6.0,21.0,21.0,21.0,21.0,24.444444444444443,49.5,24.34069444444444,17.27777777777778,1.1
2025-10-03 22:43:20+00:00,33.77541451533442,-84.40684836329527,POINT (-84.40684836329527 33.77541451533442),5.0,5.0,5.0,5.0,5.0,6.0,5.0,6.0,21.0,21.0,21.0,21.0,24.444444444444443,49.5,24.34069444444444,17.27777777777778,1.1
2025-10-03 22:43:21+00:00,33.77542358776509,-84.40685322822186,POINT (-84.40685322822186 33.77542358776509),5.0,5.0,5.0,5.0,5.0,6.0,5.0,6.0,21.0,21.0,21.0,21.0,24.444444444444443,49.5,24.34069444444444,17.27777777777778,1.1
2025-10-03 22:43:22+00:00,33.77543701631321,-84.40686042903752,POINT (-84.40686042903752 33.77543701631321),5.0,5.0,5.0,5.0,5.0,6.0,5.0,6.0,21.0,21.0,21.0,21.0,24.444444444444443,49.5,24.34069444444444,17.27777777777778,1.1
2025-10-03 22:43:23+00:00,33.775450028384995,-84.4068674065253,POINT (-84.4068674065253 33.775450028384995),5.5,5.5,5.5,5.5,5.0,6.0,5.0,6.0,23.0,23.0,21.0,21.0,24.499999999999996,49.5,24.39902777777778,17.27777777777778,1.0
2025-10-03 22:43:24+00:00,33.775470615823814,-84.4068784461664,POINT (-84.4068784461664 33.775470615823814),5.5,5.5,5.5,5.5,5.0,6.0,5.0,6.0,23.0,23.0,21.0,21.0,24.499999999999996,49.5,24.39902777777778,17.27777777777778,1.0
2025-10-03 22:43:25+00:00,33.77547891158238,-84.40688289461664,POINT (-84.40688289461664 33.77547891158238),5.5,5.5,5.5,5.5,5.0,6.0,5.0,6.0,23.0,23.0,21.0,21.0,24.499999999999996,49.5,24.39902777777778,17.27777777777778,1.0
2025-10-03 22:43:26+00:00,33.77548643066884,-84.40688692659054,POINT (-84.40688692659054 33.77548643066884),5.5,5.5,5.5,5.5,5.0,6.0,5.0,6.0,23.0,23.0,21.0,21.0,24.499999999999996,49.5,24.39902777777778,17.27777777777778,1.0
2025-10-03 22:43:27+00:00,33.77549669624796,-84.40689243132137,POINT (-84.40689243132137 33.77549669624796),5.5,5.5,5.5,5.5,5.0,6.0,5.0,6.0,23.0,23.0,21.0,21.0,24.499999999999996,49.5,24.39902777777778,17.27777777777778,1.0
2025-10-03 22:43:28+00:00,33.77550612887438,-84.40689748939641,POINT (-84.40689748939641 33.77550612887438),5.5,5.5,5.5,5.5,5.0,6.0,5.0,6.0,23.0,23.0,21.0,21.0,24.499999999999996,49.4,24.397722222222217,17.27777777777778,0.7
2025-10-03 22:43:29+00:00,33.775524217455136,-84.40690718907015,POINT (-84.40690718907015 33.775524217455136),5.5,5.5,5.5,5.5,5.0,6.0,5.0,6.0,23.0,23.0,21.0,21.0,24.499999999999996,49.4,24.397722222222217,17.27777777777778,0.7
2025-10-03 22:43:30+00:00,33.7755309035889,-84.40691077438825,POINT (-84.40691077438825 33.7755309035889),5.5,5.5,5.5,5.5,5.0,6.0,5.0,6.0,23.0,23.0,21.0,21.0,24.499999999999996,49.4,24.397722222222217,17.27777777777778,0.7
2025-10-03 22:43:31+00:00,33.775538366394784,-84.40691477618272,POINT (-84.40691477618272 33.775538366394784),5.5,5.5,5.5,5.5,5.0,6.0,5.0,6.0,23.0,23.0,21.0,21.0,24.499999999999996,49.4,24.397722222222217,17.27777777777778,0.7
2025-10-03 22:43:32+00:00,33.7755501853181,-84.40692111386623,POINT (-84.40692111386623 33.7755501853181),5.5,5.5,5.5,5.5,5.0,6.0,5.0,6.0,23.0,23.0,21.0,21.0,24.499999999999996,49.4,24.397722222222217,17.27777777777778,0.7
2025-10-03 22:43:33+00:00,33.77556158776509,-84.40692722822186,POINT (-84.40692722822186 33.77556158776509),5.5,5.5,5.5,5.5,5.0,6.0,5.0,6.0,23.0,23.0,21.0,21.0,24.499999999999996,49.4,24.397722222222217,17.27777777777778,0.9
2025-10-03 22:43:34+00:00,33.775571436867864,-84.4069325096248,POINT (-84.4069325096248 33.775571436867864),5.5,5.5,5.5,5.5,5.0,6.0,5.0,6.0,23.0,23.0,21.0,21.0,24.499999999999996,49.4,24.397722222222217,17.27777777777778,0.9
2025-10-03 22:43:35+00:00,33.77557615318108,-84.40693503866233,POINT (-84.40693503866233 33.77557615318108),5.5,5.5,5.5,5.5,5.0,6.0,5.0,6.0,23.0,23.0,21.0,21.0,24.499999999999996,49.4,24.397722222222217,17.27777777777778,0.9
2025-10-03 22:43:36+00:00,33.77557692985318,-84.40693545513867,POINT (-84.40693545513867 33.77557692985318),5.5,5.5,5.5,5.5,5.0,6.0,5.0,6.0,23.0,23.0,21.0,21.0,24.499999999999996,49.4,24.397722222222217,17.27777777777778,0.9
2025-10-03 22:43:37+00:00,33.77557770652528,-84.406935871615,POINT (-84.406935871615 33.77557770652528),5.5,5.5,5.5,5.5,5.0,6.0,5.0,6.0,23.0,23.0,21.0,21.0,24.499999999999996,49.4,24.397722222222217,17.27777777777778,0.9
2025-10-03 22:43:38+00:00,33.775579676345835,-84.4069369278956,POINT (-84.4069369278956 33.775579676345835),6.0,6.0,6.0,6.0,6.0,6.0,6.0,6.0,25.0,25.0,25.0,25.0,24.61111111111111,49.3,24.51308333333333,17.27777777777778,0.9
2025-10-03 22:43:39+00:00,33.77558283931484,-84.40693862398042,POINT (-84.40693862398042 33.77558283931484),6.0,6.0,6.0,6.0,6.0,6.0,6.0,6.0,25.0,25.0,25.0,25.0,24.61111111111111,49.3,24.51308333333333,17.27777777777778,0.9
2025-10-03 22:43:40+00:00,33.775585585807505,-84.40694009673736,POINT (-84.40694009673736 33.775585585807505),6.0,6.0,6.0,6.0,6.0,6.0,6.0,6.0,25.0,25.0,25.0,25.0,24.61111111111111,49.3,24.51308333333333,17.27777777777778,0.9
2025-10-03 22:43:41+00:00,33.77558755562806,-84.40694115301795,POINT (-84.40694115301795 33.77558755562806),6.0,6.0,6.0,6.0,6.0,6.0,6.0,6.0,25.0,25.0,25.0,25.0,24.61111111111111,49.3,24.51308333333333,17.27777777777778,0.9
2025-10-03 22:43:42+00:00,33.77559030212072,-84.40694262577487,POINT (-84.40694262577487 33.77559030212072),6.0,6.0,6.0,6.0,6.0,6.0,6.0,6.0,25.0,25.0,25.0,25.0,24.61111111111111,49.3,24.51308333333333,17.27777777777778,0.9
2025-10-03 22:43:43+00:00,33.77559304861337,-84.40694409853181,POINT (-84.40694409853181 33.77559304861337),6.0,6.0,6.0,6.0,6.0,6.0,6.0,6.0,25.0,25.0,25.0,25.0,24.555555555555557,49.3,24.454750000000004,17.27777777777778,0.0
2025-10-03 22:43:44+00:00,33.77559543491028,-84.40694537814029,POINT (-84.40694537814029 33.77559543491028),6.0,6.0,6.0,6.0,6.0,6.0,6.0,6.0,25.0,25.0,25.0,25.0,24.555555555555557,49.3,24.454750000000004,17.27777777777778,0.0
2025-10-03 22:43:45+00:00,33.775598181402934,-84.40694685089723,POINT (-84.40694685089723 33.775598181402934),6.0,6.0,6.0,6.0,6.0,6.0,6.0,6.0,25.0,25.0,25.0,25.0,24.555555555555557,49.3,24.454750000000004,17.27777777777778,0.0
2025-10-03 22:43:46+00:00,33.77560015122349,-84.40694790717782,POINT (-84.40694790717782 33.77560015122349),6.0,6.0,6.0,6.0,6.0,6.0,6.0,6.0,25.0,25.0,25.0,25.0,24.555555555555557,49.3,24.454750000000004,17.27777777777778,0.0
2025-10-03 22:43:47+00:00,33.77560289771615,-84.40694937993474,POINT (-84.40694937993474 33.77560289771615),6.0,6.0,6.0,6.0,6.0,6.0,6.0,6.0,25.0,25.0,25.0,25.0,24.555555555555557,49.3,24.454750000000004,17.27777777777778,0.0
2025-10-03 22:43:48+00:00,33.77560564420881,-84.40695085269168,POINT (-84.40695085269168 33.77560564420881),6.0,6.0,6.0,6.0,6.0,6.0,6.0,6.0,25.0,25.0,25.0,25.0,24.555555555555557,49.2,24.453444444444443,17.27777777777778,0.9
2025-10-03 22:43:49+00:00,33.77560803050571,-84.40695213230016,POINT (-84.40695213230016 33.77560803050571),6.0,6.0,6.0,6.0,6.0,6.0,6.0,6.0,25.0,25.0,25.0,25.0,24.555555555555557,49.2,24.453444444444443,17.27777777777778,0.9
2025-10-03 22:43:50+00:00,33.77561077699836,-84.4069536050571,POINT (-84.4069536050571 33.77561077699836),6.0,6.0,6.0,6.0,6.0,6.0,6.0,6.0,25.0,25.0,25.0,25.0,24.555555555555557,49.2,24.453444444444443,17.27777777777778,0.9
2025-10-03 22:43:51+00:00,33.77561352349103,-84.40695507781403,POINT (-84.40695507781403 33.77561352349103),6.0,6.0,6.0,6.0,6.0,6.0,6.0,6.0,25.0,25.0,25.0,25.0,24.555555555555557,49.2,24.453444444444443,17.27777777777778,0.9
2025-10-03 22:43:52+00:00,33.77561549331158,-84.40695613409461,POINT (-84.40695613409461 33.77561549331158),6.0,6.0,6.0,6.0,6.0,6.0,6.0,6.0,25.0,25.0,25.0,25.0,24.555555555555557,49.2,24.453444444444443,17.27777777777778,0.9
2025-10-03 22:43:53+00:00,33.77561823980424,-84.40695760685155,POINT (-84.40695760685155 33.77561823980424),6.0,6.0,6.0,6.0,5.0,6.0,5.0,6.0,25.0,25.0,21.0,21.0,24.66666666666667,49.2,24.570111111111114,17.27777777777778,0.0
2025-10-03 22:43:54+00:00,33.77562140277325,-84.40695930293639,POINT (-84.40695930293639 33.77562140277325),6.0,6.0,6.0,6.0,5.0,6.0,5.0,6.0,25.0,25.0,21.0,21.0,24.66666666666667,49.2,24.570111111111114,17.27777777777778,0.0
2025-10-03 22:43:55+00:00,33.7756233725938,-84.40696035921697,POINT (-84.40696035921697 33.7756233725938),6.0,6.0,6.0,6.0,5.0,6.0,5.0,6.0,25.0,25.0,21.0,21.0,24.66666666666667,49.2,24.570111111111114,17.27777777777778,0.0
2025-10-03 22:43:56+00:00,33.77562611908645,-84.4069618319739,POINT (-84.4069618319739 33.77562611908645),6.0,6.0,6.0,6.0,5.0,6.0,5.0,6.0,25.0,25.0,21.0,21.0,24.66666666666667,49.2,24.570111111111114,17.27777777777778,0.0
2025-10-03 22:43:57+00:00,33.775628865579115,-84.40696330473084,POINT (-84.40696330473084 33.775628865579115),6.0,6.0,6.0,6.0,5.0,6.0,5.0,6.0,25.0,25.0,21.0,21.0,24.66666666666667,49.2,24.570111111111114,17.27777777777778,0.0
2025-10-03 22:43:58+00:00,33.775630835399674,-84.40696436101142,POINT (-84.40696436101142 33.775630835399674),6.0,6.0,6.0,6.0,5.0,6.0,5.0,6.0,25.0,25.0,21.0,21.0,24.61111111111111,49.4,24.514388888888888,17.27777777777778,0.0
2025-10-03 22:43:59+00:00,33.775633998368676,-84.40696605709626,POINT (-84.40696605709626 33.775633998368676),6.0,6.0,6.0,6.0,5.0,6.0,5.0,6.0,25.0,25.0,21.0,21.0,24.61111111111111,49.4,24.514388888888888,17.27777777777778,0.0
2025-10-03 22:44:00+00:00,33.77563674486134,-84.40696752985318,POINT (-84.40696752985318 33.77563674486134),6.0,6.0,6.0,6.0,5.0,6.0,5.0,6.0,25.0,25.0,21.0,21.0,24.61111111111111,49.4,24.514388888888888,17.27777777777778,0.0
2025-10-03 22:44:01+00:00,33.77563871468189,-84.40696858613377,POINT (-84.40696858613377 33.77563871468189),6.0,6.0,6.0,6.0,5.0,6.0,5.0,6.0,25.0,25.0,21.0,21.0,24.61111111111111,49.4,24.514388888888888,17.27777777777778,0.0
2025-10-03 22:44:02+00:00,33.77564146117455,-84.4069700588907,POINT (-84.4069700588907 33.77564146117455),6.0,6.0,6.0,6.0,5.0,6.0,5.0,6.0,25.0,25.0,21.0,21.0,24.61111111111111,49.4,24.514388888888888,17.27777777777778,0.0
2025-10-03 22:44:03+00:00,33.77564343099511,-84.40697111517129,POINT (-84.40697111517129 33.77564343099511),6.0,6.0,6.0,6.0,5.0,6.0,5.0,6.0,25.0,25.0,21.0,21.0,24.499999999999996,49.4,24.397722222222217,17.27777777777778,0.0
2025-10-03 22:44:04+00:00,33.775646177487765,-84.40697258792822,POINT (-84.40697258792822 33.775646177487765),6.0,6.0,6.0,6.0,5.0,6.0,5.0,6.0,25.0,25.0,21.0,21.0,24.499999999999996,49.4,24.397722222222217,17.27777777777778,0.0
2025-10-03 22:44:05+00:00,33.775649340456766,-84.40697428401306,POINT (-84.40697428401306 33.775649340456766),6.0,6.0,6.0,6.0,5.0,6.0,5.0,6.0,25.0,25.0,21.0,21.0,24.499999999999996,49.4,24.397722222222217,17.27777777777778,0.0
2025-10-03 22:44:06+00:00,33.77565131027732,-84.40697534029364,POINT (-84.40697534029364 33.77565131027732),6.0,6.0,6.0,6.0,5.0,6.0,5.0,6.0,25.0,25.0,21.0,21.0,24.499999999999996,49.4,24.397722222222217,17.27777777777778,0.0
2025-10-03 22:44:07+00:00,33.77565405676998,-84.40697681305058,POINT (-84.40697681305058 33.77565405676998),6.0,6.0,6.0,6.0,5.0,6.0,5.0,6.0,25.0,25.0,21.0,21.0,24.499999999999996,49.4,24.397722222222217,17.27777777777778,0.0
2025-10-03 22:44:08+00:00,33.77565680326264,-84.40697828580751,POINT (-84.40697828580751 33.77565680326264),6.0,6.0,6.0,6.0,4.0,5.0,4.0,5.0,25.0,25.0,17.0,17.0,24.66666666666667,49.4,24.572722222222225,17.38888888888889,0.9
2025-10-03 22:44:09+00:00,33.775658773083194,-84.40697934208809,POINT (-84.40697934208809 33.775658773083194),6.0,6.0,6.0,6.0,4.0,5.0,4.0,5.0,25.0,25.0,17.0,17.0,24.66666666666667,49.4,24.572722222222225,17.38888888888889,0.9
2025-10-03 22:44:10+00:00,33.77566,-84.40698,POINT (-84.40698 33.77566),6.0,6.0,6.0,6.0,4.0,5.0,4.0,5.0,25.0,25.0,17.0,17.0,24.66666666666667,49.4,24.572722222222225,17.38888888888889,0.9
2025-10-03 22:44:11+00:00,33.775661512981195,-84.40698122202328,POINT (-84.40698122202328 33.775661512981195),6.0,6.0,6.0,6.0,4.0,5.0,4.0,5.0,25.0,25.0,17.0,17.0,24.66666666666667,49.4,24.572722222222225,17.38888888888889,0.9
2025-10-03 22:44:12+00:00,33.77566321217547,-84.40698259444942,POINT (-84.40698259444942 33.77566321217547),6.0,6.0,6.0,6.0,4.0,5.0,4.0,5.0,25.0,25.0,17.0,17.0,24.66666666666667,49.4,24.572722222222225,17.38888888888889,0.9
2025-10-03 22:44:13+00:00,33.77566551656222,-84.40698445568488,POINT (-84.40698445568488 33.77566551656222),6.0,6.0,6.0,6.0,4.0,5.0,4.0,5.0,25.0,25.0,17.0,17.0,24.555555555555557,49.3,24.454750000000004,17.27777777777778,0.0
2025-10-03 22:44:14+00:00,33.77566782094897,-84.40698631692032,POINT (-84.40698631692032 33.77566782094897),6.0,6.0,6.0,6.0,4.0,5.0,4.0,5.0,25.0,25.0,17.0,17.0,24.555555555555557,49.3,24.454750000000004,17.27777777777778,0.0
2025-10-03 22:44:15+00:00,33.77567000895255,-84.40698808415398,POINT (-84.40698808415398 33.77567000895255),6.0,6.0,6.0,6.0,4.0,5.0,4.0,5.0,25.0,25.0,17.0,17.0,24.555555555555557,49.3,24.454750000000004,17.27777777777778,0.0
2025-10-03 22:44:16+00:00,33.7756723133393,-84.40698994538944,POINT (-84.40698994538944 33.7756723133393),6.0,6.0,6.0,6.0,4.0,5.0,4.0,5.0,25.0,25.0,17.0,17.0,24.555555555555557,49.3,24.454750000000004,17.27777777777778,0.0
2025-10-03 22:44:17+00:00,33.775674617726054,-84.40699180662489,POINT (-84.40699180662489 33.775674617726054),6.0,6.0,6.0,6.0,4.0,5.0,4.0,5.0,25.0,25.0,17.0,17.0,24.555555555555557,49.3,24.454750000000004,17.27777777777778,0.0
2025-10-03 22:44:18+00:00,33.775676316920325,-84.40699317905103,POINT (-84.40699317905103 33.775676316920325),6.0,6.0,6.0,6.0,4.0,5.0,4.0,5.0,25.0,25.0,17.0,17.0,24.61111111111111,49.1,24.510472222222226,17.27777777777778,0.0
2025-10-03 22:44:19+00:00,33.77567862130707,-84.40699504028649,POINT (-84.40699504028649 33.77567862130707),6.0,6.0,6.0,6.0,4.0,5.0,4.0,5.0,25.0,25.0,17.0,17.0,24.61111111111111,49.1,24.510472222222226,17.27777777777778,0.0
2025-10-03 22:44:20+00:00,33.77568080931065,-84.40699680752014,POINT (-84.40699680752014 33.77568080931065),6.0,6.0,6.0,6.0,4.0,5.0,4.0,5.0,25.0,25.0,17.0,17.0,24.61111111111111,49.1,24.510472222222226,17.27777777777778,0.0
2025-10-03 22:44:21+00:00,33.775683113697404,-84.4069986687556,POINT (-84.4069986687556 33.775683113697404),6.0,6.0,6.0,6.0,4.0,5.0,4.0,5.0,25.0,25.0,17.0,17.0,24.61111111111111,49.1,24.510472222222226,17.27777777777778,0.0
2025-10-03 22:44:22+00:00,33.77568541808416,-84.40700052999105,POINT (-84.40700052999105 33.77568541808416),6.0,6.0,6.0,6.0,4.0,5.0,4.0,5.0,25.0,25.0,17.0,17.0,24.61111111111111,49.1,24.510472222222226,17.27777777777778,0.0
2025-10-03 22:44:23+00:00,33.77568711727842,-84.40700190241719,POINT (-84.40700190241719 33.77568711727842),,,,,4.0,4.0,4.0,4.0,,,17.0,17.0,24.555555555555557,49.0,24.450833333333335,17.22222222222222,0.0
2025-10-03 22:44:24+00:00,33.77568942166517,-84.40700376365264,POINT (-84.40700376365264 33.77568942166517),,,,,4.0,4.0,4.0,4.0,,,17.0,17.0,24.555555555555557,49.0,24.450833333333335,17.22222222222222,0.0
2025-10-03 22:44:25+00:00,33.77569221486123,-84.40700601969561,POINT (-84.40700601969561 33.77569221486123),,,,,4.0,4.0,4.0,4.0,,,17.0,17.0,24.555555555555557,49.0,24.450833333333335,17.22222222222222,0.0
2025-10-03 22:44:26+00:00,33.77569391405551,-84.40700739212176,POINT (-84.40700739212176 33.77569391405551),,,,,4.0,4.0,4.0,4.0,,,17.0,17.0,24.555555555555557,49.0,24.450833333333335,17.22222222222222,0.0
2025-10-03 22:44:27+00:00,33.775696218442256,-84.4070092533572,POINT (-84.4070092533572 33.775696218442256),,,,,4.0,4.0,4.0,4.0,,,17.0,17.0,24.555555555555557,49.0,24.450833333333335,17.22222222222222,0.0
2025-10-03 22:44:28+00:00,33.775698290062664,-84.40701092658908,POINT (-84.40701092658908 33.775698290062664),,,,,4.0,4.0,4.0,4.0,,,17.0,17.0,24.555555555555557,48.9,24.44952777777778,17.27777777777778,0.0
2025-10-03 22:44:29+00:00,33.77570047806625,-84.40701269382274,POINT (-84.40701269382274 33.77570047806625),,,,,4.0,4.0,4.0,4.0,,,17.0,17.0,24.555555555555557,48.9,24.44952777777778,17.27777777777778,0.0
2025-10-03 22:44:30+00:00,33.77570206087735,-84.4070139722471,POINT (-84.4070139722471 33.77570206087735),,,,,4.0,4.0,4.0,4.0,,,17.0,17.0,24.555555555555557,48.9,24.44952777777778,17.27777777777778,0.0
2025-10-03 22:44:31+00:00,33.775703643688445,-84.40701525067144,POINT (-84.40701525067144 33.775703643688445),,,,,4.0,4.0,4.0,4.0,,,17.0,17.0,24.555555555555557,48.9,24.44952777777778,17.27777777777778,0.0
2025-10-03 22:44:32+00:00,33.775705831692036,-84.4070170179051,POINT (-84.4070170179051 33.775705831692036),,,,,4.0,4.0,4.0,4.0,,,17.0,17.0,24.555555555555557,48.9,24.44952777777778,17.27777777777778,0.0
2025-10-03 22:44:33+00:00,33.77570741450313,-84.40701829632945,POINT (-84.40701829632945 33.77570741450313),,,,,4.0,4.0,4.0,4.0,,,17.0,17.0,24.499999999999996,48.9,24.391194444444437,17.22222222222222,0.0
2025-10-03 22:44:34+00:00,33.77571009131603,-84.40702045837064,POINT (-84.40702045837064 33.77571009131603),,,,,4.0,4.0,4.0,4.0,,,17.0,17.0,24.499999999999996,48.9,24.391194444444437,17.22222222222222,0.0
2025-10-03 22:44:35+00:00,33.77571167412712,-84.40702173679499,POINT (-84.40702173679499 33.77571167412712),,,,,4.0,4.0,4.0,4.0,,,17.0,17.0,24.499999999999996,48.9,24.391194444444437,17.22222222222222,0.0
2025-10-03 22:44:36+00:00,33.775713256938225,-84.40702301521934,POINT (-84.40702301521934 33.775713256938225),,,,,4.0,4.0,4.0,4.0,,,17.0,17.0,24.499999999999996,48.9,24.391194444444437,17.22222222222222,0.0
2025-10-03 22:44:37+00:00,33.77571544494181,-84.40702478245301,POINT (-84.40702478245301 33.77571544494181),,,,,4.0,4.0,4.0,4.0,,,17.0,17.0,24.499999999999996,48.9,24.391194444444437,17.22222222222222,0.0
2025-10-03 22:44:38+00:00,33.77571702775291,-84.40702606087736,POINT (-84.40702606087736 33.77571702775291),5.0,5.0,5.0,5.0,,,,,21.0,21.0,,,24.61111111111111,49.0,24.50916666666667,17.27777777777778,0.0
2025-10-03 22:44:39+00:00,33.775718610564006,-84.4070273393017,POINT (-84.4070273393017 33.775718610564006),5.0,5.0,5.0,5.0,,,,,21.0,21.0,,,24.61111111111111,49.0,24.50916666666667,17.27777777777778,0.0
2025-10-03 22:44:40+00:00,33.7757207985676,-84.40702910653536,POINT (-84.40702910653536 33.7757207985676),5.0,5.0,5.0,5.0,,,,,21.0,21.0,,,24.61111111111111,49.0,24.50916666666667,17.27777777777778,0.0
2025-10-03 22:44:41+00:00,33.77572238137869,-84.40703038495971,POINT (-84.40703038495971 33.77572238137869),5.0,5.0,5.0,5.0,,,,,21.0,21.0,,,24.61111111111111,49.0,24.50916666666667,17.27777777777778,0.0
2025-10-03 22:44:42+00:00,33.77572456938227,-84.40703215219338,POINT (-84.40703215219338 33.77572456938227),5.0,5.0,5.0,5.0,,,,,21.0,21.0,,,24.61111111111111,49.0,24.50916666666667,17.27777777777778,0.0
2025-10-03 22:44:43+00:00,33.77572615219338,-84.40703343061773,POINT (-84.40703343061773 33.77572615219338),5.0,5.0,5.0,5.0,,,,,21.0,21.0,,,24.61111111111111,49.0,24.50916666666667,17.27777777777778,0.0
2025-10-03 22:44:44+00:00,33.77572773500447,-84.40703470904208,POINT (-84.40703470904208 33.77572773500447),5.0,5.0,5.0,5.0,,,,,21.0,21.0,,,24.61111111111111,49.0,24.50916666666667,17.27777777777778,0.0
2025-10-03 22:44:45+00:00,33.77572992300806,-84.40703647627575,POINT (-84.40703647627575 33.77572992300806),5.0,5.0,5.0,5.0,,,,,21.0,21.0,,,24.61111111111111,49.0,24.50916666666667,17.27777777777778,0.0
2025-10-03 22:44:46+00:00,33.775731994628465,-84.40703814950761,POINT (-84.40703814950761 33.775731994628465),5.0,5.0,5.0,5.0,,,,,21.0,21.0,,,24.61111111111111,49.0,24.50916666666667,17.27777777777778,0.0
2025-10-03 22:44:47+00:00,33.77573357743957,-84.40703942793196,POINT (-84.40703942793196 33.77573357743957),5.0,5.0,5.0,5.0,,,,,21.0,21.0,,,24.61111111111111,49.0,24.50916666666667,17.27777777777778,0.0
2025-10-03 22:44:48+00:00,33.77573576544315,-84.40704119516563,POINT (-84.40704119516563 33.77573576544315),5.0,5.0,5.0,5.0,,,,,21.0,21.0,,,24.61111111111111,49.1,24.510472222222226,17.27777777777778,0.0
2025-10-03 22:44:49+00:00,33.77573734825425,-84.40704247358997,POINT (-84.40704247358997 33.77573734825425),5.0,5.0,5.0,5.0,,,,,21.0,21.0,,,24.61111111111111,49.1,24.510472222222226,17.27777777777778,0.0
2025-10-03 22:44:50+00:00,33.77573893106535,-84.40704375201432,POINT (-84.40704375201432 33.77573893106535),5.0,5.0,5.0,5.0,,,,,21.0,21.0,,,24.61111111111111,49.1,24.510472222222226,17.27777777777778,0.0
2025-10-03 22:44:51+00:00,33.77574111906893,-84.40704551924799,POINT (-84.40704551924799 33.77574111906893),5.0,5.0,5.0,5.0,,,,,21.0,21.0,,,24.61111111111111,49.1,24.510472222222226,17.27777777777778,0.0
2025-10-03 22:44:52+00:00,33.775742701880034,-84.40704679767234,POINT (-84.40704679767234 33.775742701880034),5.0,5.0,5.0,5.0,,,,,21.0,21.0,,,24.61111111111111,49.1,24.510472222222226,17.27777777777778,0.0
2025-10-03 22:44:53+00:00,33.77574488988362,-84.407048564906,POINT (-84.407048564906 33.77574488988362),5.0,5.0,5.0,5.0,4.0,6.0,4.0,6.0,21.0,21.0,17.0,17.0,24.72222222222222,49.1,24.627138888888883,17.38888888888889,0.0
2025-10-03 22:44:54+00:00,33.77574647269471,-84.40704984333036,POINT (-84.40704984333036 33.77574647269471),5.0,5.0,5.0,5.0,4.0,6.0,4.0,6.0,21.0,21.0,17.0,17.0,24.72222222222222,49.1,24.627138888888883,17.38888888888889,0.0
2025-10-03 22:44:55+00:00,33.775748055505815,-84.4070511217547,POINT (-84.4070511217547 33.775748055505815),5.0,5.0,5.0,5.0,4.0,6.0,4.0,6.0,21.0,21.0,17.0,17.0,24.72222222222222,49.1,24.627138888888883,17.38888888888889,0.0
2025-10-03 22:44:56+00:00,33.7757502435094,-84.40705288898836,POINT (-84.40705288898836 33.7757502435094),5.0,5.0,5.0,5.0,4.0,6.0,4.0,6.0,21.0,21.0,17.0,17.0,24.72222222222222,49.1,24.627138888888883,17.38888888888889,0.0
2025-10-03 22:44:57+00:00,33.7757518263205,-84.40705416741271,POINT (-84.40705416741271 33.7757518263205),5.0,5.0,5.0,5.0,4.0,6.0,4.0,6.0,21.0,21.0,17.0,17.0,24.72222222222222,49.1,24.627138888888883,17.38888888888889,0.0
2025-10-03 22:44:58+00:00,33.77575389794091,-84.40705584064459,POINT (-84.40705584064459 33.77575389794091),5.0,5.0,5.0,5.0,4.0,6.0,4.0,6.0,21.0,21.0,17.0,17.0,24.66666666666667,49.1,24.568805555555556,17.38888888888889,0.0
2025-10-03 22:44:59+00:00,33.775756085944494,-84.40705760787824,POINT (-84.40705760787824 33.775756085944494),5.0,5.0,5.0,5.0,4.0,6.0,4.0,6.0,21.0,21.0,17.0,17.0,24.66666666666667,49.1,24.568805555555556,17.38888888888889,0.0
2025-10-03 22:45:00+00:00,33.775757668755595,-84.4070588863026,POINT (-84.4070588863026 33.775757668755595),5.0,5.0,5.0,5.0,4.0,6.0,4.0,6.0,21.0,21.0,17.0,17.0,24.66666666666667,49.1,24.568805555555556,17.38888888888889,0.0
2025-10-03 22:45:01+00:00,33.77575985675918,-84.40706065353626,POINT (-84.40706065353626 33.77575985675918),5.0,5.0,5.0,5.0,4.0,6.0,4.0,6.0,21.0,21.0,17.0,17.0,24.66666666666667,49.1,24.568805555555556,17.38888888888889,0.0
2025-10-03 22:45:02+00:00,33.775761439570275,-84.40706193196061,POINT (-84.40706193196061 33.775761439570275),5.0,5.0,5.0,5.0,4.0,6.0,4.0,6.0,21.0,21.0,17.0,17.0,24.66666666666667,49.1,24.568805555555556,17.38888888888889,0.0
2025-10-03 22:45:03+00:00,33.775763022381376,-84.40706321038496,POINT (-84.40706321038496 33.775763022381376),5.0,5.0,5.0,5.0,4.0,6.0,4.0,6.0,21.0,21.0,17.0,17.0,24.66666666666667,49.1,24.568805555555556,17.38888888888889,0.0
2025-10-03 22:45:04+00:00,33.77576521038496,-84.40706497761862,POINT (-84.40706497761862 33.77576521038496),5.0,5.0,5.0,5.0,4.0,6.0,4.0,6.0,21.0,21.0,17.0,17.0,24.66666666666667,49.1,24.568805555555556,17.38888888888889,0.0
2025-10-03 22:45:05+00:00,33.77576679319606,-84.40706625604298,POINT (-84.40706625604298 33.77576679319606),5.0,5.0,5.0,5.0,4.0,6.0,4.0,6.0,21.0,21.0,17.0,17.0,24.66666666666667,49.1,24.568805555555556,17.38888888888889,0.0
2025-10-03 22:45:06+00:00,33.77576837600716,-84.40706753446732,POINT (-84.40706753446732 33.77576837600716),5.0,5.0,5.0,5.0,4.0,6.0,4.0,6.0,21.0,21.0,17.0,17.0,24.66666666666667,49.1,24.568805555555556,17.38888888888889,0.0
2025-10-03 22:45:07+00:00,33.77577056401074,-84.40706930170099,POINT (-84.40706930170099 33.77577056401074),5.0,5.0,5.0,5.0,4.0,6.0,4.0,6.0,21.0,21.0,17.0,17.0,24.66666666666667,49.1,24.568805555555556,17.38888888888889,0.0
2025-10-03 22:45:08+00:00,33.77577214682184,-84.40707058012534,POINT (-84.40707058012534 33.77577214682184),6.0,6.5,6.0,6.5,5.0,5.5,5.0,5.5,25.0,25.0,21.0,21.0,24.61111111111111,48.9,24.507861111111108,17.27777777777778,0.0
2025-10-03 22:45:09+00:00,33.775773729632945,-84.40707185854968,POINT (-84.40707185854968 33.775773729632945),6.0,6.5,6.0,6.5,5.0,5.5,5.0,5.5,25.0,25.0,21.0,21.0,24.61111111111111,48.9,24.507861111111108,17.27777777777778,0.0
2025-10-03 22:45:10+00:00,33.775776406445836,-84.40707402059087,POINT (-84.40707402059087 33.775776406445836),6.0,6.5,6.0,6.5,5.0,5.5,5.0,5.5,25.0,25.0,21.0,21.0,24.61111111111111,48.9,24.507861111111108,17.27777777777778,0.0
2025-10-03 22:45:11+00:00,33.77577798925694,-84.40707529901522,POINT (-84.40707529901522 33.77577798925694),6.0,6.5,6.0,6.5,5.0,5.5,5.0,5.5,25.0,25.0,21.0,21.0,24.61111111111111,48.9,24.507861111111108,17.27777777777778,0.0
2025-10-03 22:45:12+00:00,33.77578017726052,-84.40707706624889,POINT (-84.40707706624889 33.77578017726052),6.0,6.5,6.0,6.5,5.0,5.5,5.0,5.5,25.0,25.0,21.0,21.0,24.61111111111111,48.9,24.507861111111108,17.27777777777778,0.0
2025-10-03 22:45:13+00:00,33.775781760071624,-84.40707834467324,POINT (-84.40707834467324 33.775781760071624),6.0,6.5,6.0,6.5,5.0,5.5,5.0,5.5,25.0,25.0,21.0,21.0,24.444444444444443,48.8,24.33155555555555,17.11111111111111,0.0
2025-10-03 22:45:14+00:00,33.77578334288272,-84.40707962309759,POINT (-84.40707962309759 33.77578334288272),6.0,6.5,6.0,6.5,5.0,5.5,5.0,5.5,25.0,25.0,21.0,21.0,24.444444444444443,48.8,24.33155555555555,17.11111111111111,0.0
2025-10-03 22:45:15+00:00,33.7757855308863,-84.40708139033124,POINT (-84.40708139033124 33.7757855308863),6.0,6.5,6.0,6.5,5.0,5.5,5.0,5.5,25.0,25.0,21.0,21.0,24.444444444444443,48.8,24.33155555555555,17.11111111111111,0.0
2025-10-03 22:45:16+00:00,33.775787113697405,-84.40708266875559,POINT (-84.40708266875559 33.775787113697405),6.0,6.5,6.0,6.5,5.0,5.5,5.0,5.5,25.0,25.0,21.0,21.0,24.444444444444443,48.8,24.33155555555555,17.11111111111111,0.0
2025-10-03 22:45:17+00:00,33.7757886965085,-84.40708394717994,POINT (-84.40708394717994 33.7757886965085),6.0,6.5,6.0,6.5,5.0,5.5,5.0,5.5,25.0,25.0,21.0,21.0,24.444444444444443,48.8,24.33155555555555,17.11111111111111,0.0
2025-10-03 22:45:18+00:00,33.775790884512084,-84.40708571441361,POINT (-84.40708571441361 33.775790884512084),6.0,6.5,6.0,6.5,5.0,5.5,5.0,5.5,25.0,25.0,21.0,21.0,24.333333333333332,48.7,24.213583333333336,17.11111111111111,0.0
2025-10-03 22:45:19+00:00,33.775792467323186,-84.40708699283796,POINT (-84.40708699283796 33.775792467323186),6.0,6.5,6.0,6.5,5.0,5.5,5.0,5.5,25.0,25.0,21.0,21.0,24.333333333333332,48.7,24.213583333333336,17.11111111111111,0.0
2025-10-03 22:45:20+00:00,33.77579465532676,-84.40708876007162,POINT (-84.40708876007162 33.77579465532676),6.0,6.5,6.0,6.5,5.0,5.5,5.0,5.5,25.0,25.0,21.0,21.0,24.333333333333332,48.7,24.213583333333336,17.11111111111111,0.0
2025-10-03 22:45:21+00:00,33.77579623813787,-84.40709003849598,POINT (-84.40709003849598 33.77579623813787),6.0,6.5,6.0,6.5,5.0,5.5,5.0,5.5,25.0,25.0,21.0,21.0,24.333333333333332,48.7,24.213583333333336,17.11111111111111,0.0
2025-10-03 22:45:22+00:00,33.77579830975828,-84.40709171172784,POINT (-84.40709171172784 33.77579830975828),6.0,6.5,6.0,6.5,5.0,5.5,5.0,5.5,25.0,25.0,21.0,21.0,24.333333333333332,48.7,24.213583333333336,17.11111111111111,0.0
2025-10-03 22:45:23+00:00,33.775800497761864,-84.40709347896151,POINT (-84.40709347896151 33.775800497761864),6.5,7.5,6.5,7.5,5.0,5.0,5.0,5.0,27.0,27.0,21.0,21.0,24.27777777777778,48.7,24.15525,17.0,0.0
2025-10-03 22:45:24+00:00,33.77580208057296,-84.40709475738585,POINT (-84.40709475738585 33.77580208057296),6.5,7.5,6.5,7.5,5.0,5.0,5.0,5.0,27.0,27.0,21.0,21.0,24.27777777777778,48.7,24.15525,17.0,0.0
2025-10-03 22:45:25+00:00,33.77580366338406,-84.4070960358102,POINT (-84.4070960358102 33.77580366338406),6.5,7.5,6.5,7.5,5.0,5.0,5.0,5.0,27.0,27.0,21.0,21.0,24.27777777777778,48.7,24.15525,17.0,0.0
2025-10-03 22:45:26+00:00,33.775805851387645,-84.40709780304387,POINT (-84.40709780304387 33.775805851387645),6.5,7.5,6.5,7.5,5.0,5.0,5.0,5.0,27.0,27.0,21.0,21.0,24.27777777777778,48.7,24.15525,17.0,0.0
2025-10-03 22:45:27+00:00,33.77580743419875,-84.40709908146822,POINT (-84.40709908146822 33.77580743419875),6.5,7.5,6.5,7.5,5.0,5.0,5.0,5.0,27.0,27.0,21.0,21.0,24.27777777777778,48.7,24.15525,17.0,0.0
2025-10-03 22:45:28+00:00,33.77580901700985,-84.40710035989257,POINT (-84.40710035989257 33.77580901700985),6.5,7.5,6.5,7.5,5.0,5.0,5.0,5.0,27.0,27.0,21.0,21.0,24.222222222222218,48.7,24.096916666666665,16.88888888888889,0.0
2025-10-03 22:45:29+00:00,33.775811205013426,-84.40710212712624,POINT (-84.40710212712624 33.775811205013426),6.5,7.5,6.5,7.5,5.0,5.0,5.0,5.0,27.0,27.0,21.0,21.0,24.222222222222218,48.7,24.096916666666665,16.88888888888889,0.0
2025-10-03 22:45:30+00:00,33.77581278782453,-84.40710340555059,POINT (-84.40710340555059 33.77581278782453),6.5,7.5,6.5,7.5,5.0,5.0,5.0,5.0,27.0,27.0,21.0,21.0,24.222222222222218,48.7,24.096916666666665,16.88888888888889,0.0
2025-10-03 22:45:31+00:00,33.77581497582811,-84.40710517278424,POINT (-84.40710517278424 33.77581497582811),6.5,7.5,6.5,7.5,5.0,5.0,5.0,5.0,27.0,27.0,21.0,21.0,24.222222222222218,48.7,24.096916666666665,16.88888888888889,0.0
2025-10-03 22:45:32+00:00,33.775816558639214,-84.40710645120859,POINT (-84.40710645120859 33.775816558639214),6.5,7.5,6.5,7.5,5.0,5.0,5.0,5.0,27.0,27.0,21.0,21.0,24.222222222222218,48.7,24.096916666666665,16.88888888888889,0.0
2025-10-03 22:45:33+00:00,33.77581814145031,-84.40710772963294,POINT (-84.40710772963294 33.77581814145031),6.5,7.5,6.5,7.5,5.0,5.0,5.0,5.0,27.0,27.0,21.0,21.0,24.222222222222218,48.7,24.096916666666665,16.88888888888889,0.0
2025-10-03 22:45:34+00:00,33.775820818263206,-84.40710989167412,POINT (-84.40710989167412 33.775820818263206),6.5,7.5,6.5,7.5,5.0,5.0,5.0,5.0,27.0,27.0,21.0,21.0,24.222222222222218,48.7,24.096916666666665,16.88888888888889,0.0
2025-10-03 22:45:35+00:00,33.7758224010743,-84.40711117009847,POINT (-84.40711117009847 33.7758224010743),6.5,7.5,6.5,7.5,5.0,5.0,5.0,5.0,27.0,27.0,21.0,21.0,24.222222222222218,48.7,24.096916666666665,16.88888888888889,0.0
2025-10-03 22:45:36+00:00,33.77582398388541,-84.40711244852284,POINT (-84.40711244852284 33.77582398388541),6.5,7.5,6.5,7.5,5.0,5.0,5.0,5.0,27.0,27.0,21.0,21.0,24.222222222222218,48.7,24.096916666666665,16.88888888888889,0.0
2025-10-03 22:45:37+00:00,33.77582617188899,-84.4071142157565,POINT (-84.4071142157565 33.77582617188899),6.5,7.5,6.5,7.5,5.0,5.0,5.0,5.0,27.0,27.0,21.0,21.0,24.222222222222218,48.7,24.096916666666665,16.88888888888889,0.0
2025-10-03 22:45:38+00:00,33.77582775470009,-84.40711549418084,POINT (-84.40711549418084 33.77582775470009),6.5,6.5,6.5,6.5,5.5,7.5,5.5,7.5,27.0,27.0,23.0,23.0,24.222222222222218,48.9,24.099527777777773,16.88888888888889,0.0
2025-10-03 22:45:39+00:00,33.77582994270367,-84.4071172614145,POINT (-84.4071172614145 33.77582994270367),6.5,6.5,6.5,6.5,5.5,7.5,5.5,7.5,27.0,27.0,23.0,23.0,24.222222222222218,48.9,24.099527777777773,16.88888888888889,0.0
2025-10-03 22:45:40+00:00,33.775846352730525,-84.40713051566696,POINT (-84.40713051566696 33.775846352730525),6.5,6.5,6.5,6.5,5.5,7.5,5.5,7.5,27.0,27.0,23.0,23.0,24.222222222222218,48.9,24.099527777777773,16.88888888888889,0.0
2025-10-03 22:45:41+00:00,33.77585231154879,-84.40713532855864,POINT (-84.40713532855864 33.77585231154879),6.5,6.5,6.5,6.5,5.5,7.5,5.5,7.5,27.0,27.0,23.0,23.0,24.222222222222218,48.9,24.099527777777773,16.88888888888889,0.0
2025-10-03 22:45:42+00:00,33.77587225962399,-84.40715144046553,POINT (-84.40715144046553 33.77587225962399),6.5,6.5,6.5,6.5,5.5,7.5,5.5,7.5,27.0,27.0,23.0,23.0,24.222222222222218,48.9,24.099527777777773,16.88888888888889,0.0
2025-10-03 22:45:43+00:00,33.775880290062666,-84.40715792658908,POINT (-84.40715792658908 33.775880290062666),6.5,6.5,6.5,6.5,5.5,7.5,5.5,7.5,27.0,27.0,23.0,23.0,24.27777777777778,49.0,24.15916666666667,17.0,1.0
2025-10-03 22:45:44+00:00,33.77588832050134,-84.40716441271262,POINT (-84.40716441271262 33.77588832050134),6.5,6.5,6.5,6.5,5.5,7.5,5.5,7.5,27.0,27.0,23.0,23.0,24.27777777777778,49.0,24.15916666666667,17.0,1.0
2025-10-03 22:45:45+00:00,33.77589902775291,-84.40717306087734,POINT (-84.40717306087734 33.77589902775291),6.5,6.5,6.5,6.5,5.5,7.5,5.5,7.5,27.0,27.0,23.0,23.0,24.27777777777778,49.0,24.15916666666667,17.0,1.0
2025-10-03 22:45:46+00:00,33.77590864100269,-84.40718082542524,POINT (-84.40718082542524 33.77590864100269),6.5,6.5,6.5,6.5,5.5,7.5,5.5,7.5,27.0,27.0,23.0,23.0,24.27777777777778,49.0,24.15916666666667,17.0,1.0
2025-10-03 22:45:47+00:00,33.77591885944494,-84.40718907878245,POINT (-84.40718907878245 33.77591885944494),6.5,6.5,6.5,6.5,5.5,7.5,5.5,7.5,27.0,27.0,23.0,23.0,24.27777777777778,49.0,24.15916666666667,17.0,1.0
2025-10-03 22:45:48+00:00,33.77592,-84.40719,POINT (-84.40719 33.77592),6.5,6.5,6.5,6.5,5.5,7.5,5.5,7.5,27.0,27.0,23.0,23.0,24.388888888888893,49.1,24.277138888888892,17.11111111111111,0.7
2025-10-03 22:45:49+00:00,33.77593159999999,-84.4071958,POINT (-84.4071958 33.77593159999999),6.5,6.5,6.5,6.5,5.5,7.5,5.5,7.5,27.0,27.0,23.0,23.0,24.388888888888893,49.1,24.277138888888892,17.11111111111111,0.7
2025-10-03 22:45:50+00:00,33.7759448,-84.4072024,POINT (-84.4072024 33.7759448),6.5,6.5,6.5,6.5,5.5,7.5,5.5,7.5,27.0,27.0,23.0,23.0,24.388888888888893,49.1,24.277138888888892,17.11111111111111,0.7
2025-10-03 22:45:51+00:00,33.775957999999996,-84.407209,POINT (-84.407209 33.775957999999996),6.5,6.5,6.5,6.5,5.5,7.5,5.5,7.5,27.0,27.0,23.0,23.0,24.388888888888893,49.1,24.277138888888892,17.11111111111111,0.7
2025-10-03 22:45:52+00:00,33.77599524308733,-84.40723416643803,POINT (-84.40723416643803 33.77599524308733),6.5,6.5,6.5,6.5,5.5,7.5,5.5,7.5,27.0,27.0,23.0,23.0,24.388888888888893,49.1,24.277138888888892,17.11111111111111,0.7
2025-10-03 22:45:53+00:00,33.776001530212596,-84.40724000949126,POINT (-84.40724000949126 33.776001530212596),5.0,7.0,5.0,7.0,6.5,7.0,6.5,7.0,21.0,21.0,27.0,27.0,24.388888888888893,49.1,24.277138888888892,17.11111111111111,0.9
2025-10-03 22:45:54+00:00,33.7760088525593,-84.40724681464619,POINT (-84.40724681464619 33.7760088525593),5.0,7.0,5.0,7.0,6.5,7.0,6.5,7.0,21.0,21.0,27.0,27.0,24.388888888888893,49.1,24.277138888888892,17.11111111111111,0.9
2025-10-03 22:45:55+00:00,33.77602510693232,-84.40726192094083,POINT (-84.40726192094083 33.77602510693232),5.0,7.0,5.0,7.0,6.5,7.0,6.5,7.0,21.0,21.0,27.0,27.0,24.388888888888893,49.1,24.277138888888892,17.11111111111111,0.9
2025-10-03 22:45:56+00:00,33.77602982227627,-84.40726630323074,POINT (-84.40726630323074 33.77602982227627),5.0,7.0,5.0,7.0,6.5,7.0,6.5,7.0,21.0,21.0,27.0,27.0,24.388888888888893,49.1,24.277138888888892,17.11111111111111,0.9
2025-10-03 22:45:57+00:00,33.77604450486797,-84.40727994876205,POINT (-84.40727994876205 33.77604450486797),5.0,7.0,5.0,7.0,6.5,7.0,6.5,7.0,21.0,21.0,27.0,27.0,24.388888888888893,49.1,24.277138888888892,17.11111111111111,0.9
2025-10-03 22:45:58+00:00,33.77604872155034,-84.40728386761184,POINT (-84.40728386761184 33.77604872155034),5.0,7.0,5.0,7.0,6.5,7.0,6.5,7.0,21.0,21.0,27.0,27.0,24.444444444444443,49.1,24.335472222222222,17.22222222222222,0.9
2025-10-03 22:45:59+00:00,33.77605343689429,-84.40728824990175,POINT (-84.40728824990175 33.77605343689429),5.0,7.0,5.0,7.0,6.5,7.0,6.5,7.0,21.0,21.0,27.0,27.0,24.444444444444443,49.1,24.335472222222222,17.22222222222222,0.9
2025-10-03 22:46:00+00:00,33.776058688798095,-84.40729313085325,POINT (-84.40729313085325 33.776058688798095),5.0,7.0,5.0,7.0,6.5,7.0,6.5,7.0,21.0,21.0,27.0,27.0,24.444444444444443,49.1,24.335472222222222,17.22222222222222,0.9
2025-10-03 22:46:01+00:00,33.77606336624377,-84.40729747792172,POINT (-84.40729747792172 33.77606336624377),5.0,7.0,5.0,7.0,6.5,7.0,6.5,7.0,21.0,21.0,27.0,27.0,24.444444444444443,49.1,24.335472222222222,17.22222222222222,0.9
2025-10-03 22:46:02+00:00,33.77606804368943,-84.40730182499017,POINT (-84.40730182499017 33.77606804368943),5.0,7.0,5.0,7.0,6.5,7.0,6.5,7.0,21.0,21.0,27.0,27.0,24.444444444444443,49.1,24.335472222222222,17.22222222222222,0.9
2025-10-03 22:46:03+00:00,33.77607268323681,-84.40730613683719,POINT (-84.40730613683719 33.77607268323681),5.0,7.0,5.0,7.0,6.5,7.0,6.5,7.0,21.0,21.0,27.0,27.0,24.333333333333332,49.0,24.217499999999998,17.11111111111111,0.7
2025-10-03 22:46:04+00:00,33.77607682412262,-84.40730998524407,POINT (-84.40730998524407 33.77607682412262),5.0,7.0,5.0,7.0,6.5,7.0,6.5,7.0,21.0,21.0,27.0,27.0,24.333333333333332,49.0,24.217499999999998,17.11111111111111,0.7
2025-10-03 22:46:05+00:00,33.77608146367,-84.40731429709108,POINT (-84.40731429709108 33.77608146367),5.0,7.0,5.0,7.0,6.5,7.0,6.5,7.0,21.0,21.0,27.0,27.0,24.333333333333332,49.0,24.217499999999998,17.11111111111111,0.7
2025-10-03 22:46:06+00:00,33.77608713843884,-84.4073195710398,POINT (-84.4073195710398 33.77608713843884),5.0,7.0,5.0,7.0,6.5,7.0,6.5,7.0,21.0,21.0,27.0,27.0,24.333333333333332,49.0,24.217499999999998,17.11111111111111,0.7
2025-10-03 22:46:07+00:00,33.77609384842913,-84.40732580709026,POINT (-84.40732580709026 33.77609384842913),5.0,7.0,5.0,7.0,6.5,7.0,6.5,7.0,21.0,21.0,27.0,27.0,24.333333333333332,49.0,24.217499999999998,17.11111111111111,0.7
2025-10-03 22:46:08+00:00,33.77610366408376,-84.40733492944587,POINT (-84.40733492944587 33.77610366408376),5.0,6.0,5.0,6.0,6.0,6.0,6.0,6.0,21.0,21.0,25.0,25.0,24.333333333333332,49.0,24.217499999999998,17.0,0.0
2025-10-03 22:46:09+00:00,33.776114016298266,-84.40734455046307,POINT (-84.40734455046307 33.776114016298266),5.0,6.0,5.0,6.0,6.0,6.0,6.0,6.0,21.0,21.0,25.0,25.0,24.333333333333332,49.0,24.217499999999998,17.0,0.0
2025-10-03 22:46:10+00:00,33.77612536583594,-84.40735509836054,POINT (-84.40735509836054 33.77612536583594),5.0,6.0,5.0,6.0,6.0,6.0,6.0,6.0,21.0,21.0,25.0,25.0,24.333333333333332,49.0,24.217499999999998,17.0,0.0
2025-10-03 22:46:11+00:00,33.77613675327189,-84.40736568147945,POINT (-84.40736568147945 33.77613675327189),5.0,6.0,5.0,6.0,6.0,6.0,6.0,6.0,21.0,21.0,25.0,25.0,24.333333333333332,49.0,24.217499999999998,17.0,0.0
2025-10-03 22:46:12+00:00,33.77614706758811,-84.4073752672752,POINT (-84.4073752672752 33.77614706758811),5.0,6.0,5.0,6.0,6.0,6.0,6.0,6.0,21.0,21.0,25.0,25.0,24.333333333333332,49.0,24.217499999999998,17.0,0.0
2025-10-03 22:46:13+00:00,33.77615741980261,-84.40738488829238,POINT (-84.40738488829238 33.77615741980261),5.0,6.0,5.0,6.0,6.0,6.0,6.0,6.0,21.0,21.0,25.0,25.0,24.27777777777778,49.0,24.15916666666667,17.0,0.0
2025-10-03 22:46:14+00:00,33.77616777201711,-84.40739450930958,POINT (-84.40739450930958 33.77616777201711),5.0,6.0,5.0,6.0,6.0,6.0,6.0,6.0,21.0,21.0,25.0,25.0,24.27777777777778,49.0,24.15916666666667,17.0,0.0
2025-10-03 22:46:15+00:00,33.77617712690845,-84.4074032034465,POINT (-84.4074032034465 33.77617712690845),5.0,6.0,5.0,6.0,6.0,6.0,6.0,6.0,21.0,21.0,25.0,25.0,24.27777777777778,49.0,24.15916666666667,17.0,0.0
2025-10-03 22:46:16+00:00,33.77618648179978,-84.40741189758344,POINT (-84.40741189758344 33.77618648179978),5.0,6.0,5.0,6.0,6.0,6.0,6.0,6.0,21.0,21.0,25.0,25.0,24.27777777777778,49.0,24.15916666666667,17.0,0.0
2025-10-03 22:46:17+00:00,33.77619587458939,-84.40742062694181,POINT (-84.40742062694181 33.77619587458939),5.0,6.0,5.0,6.0,6.0,6.0,6.0,6.0,21.0,21.0,25.0,25.0,24.27777777777778,49.0,24.15916666666667,17.0,0.0
2025-10-03 22:46:18+00:00,33.776205267379005,-84.40742935630018,POINT (-84.40742935630018 33.776205267379005),5.0,6.0,5.0,6.0,6.0,6.0,6.0,6.0,21.0,21.0,25.0,25.0,24.333333333333332,49.0,24.217499999999998,17.0,0.0
2025-10-03 22:46:19+00:00,33.77621412360875,-84.40743758699698,POINT (-84.40743758699698 33.77621412360875),5.0,6.0,5.0,6.0,6.0,6.0,6.0,6.0,21.0,21.0,25.0,25.0,24.333333333333332,49.0,24.217499999999998,17.0,0.0
2025-10-03 22:46:20+00:00,33.77622401505995,-84.40744677979549,POINT (-84.40744677979549 33.77622401505995),5.0,6.0,5.0,6.0,6.0,6.0,6.0,6.0,21.0,21.0,25.0,25.0,24.333333333333332,49.0,24.217499999999998,17.0,0.0
2025-10-03 22:46:21+00:00,33.77623544039418,-84.40745739813586,POINT (-84.40745739813586 33.77623544039418),5.0,6.0,5.0,6.0,6.0,6.0,6.0,6.0,21.0,21.0,25.0,25.0,24.333333333333332,49.0,24.217499999999998,17.0,0.0
2025-10-03 22:46:22+00:00,33.776247402288284,-84.40746851513781,POINT (-84.40746851513781 33.776247402288284),5.0,6.0,5.0,6.0,6.0,6.0,6.0,6.0,21.0,21.0,25.0,25.0,24.333333333333332,49.0,24.217499999999998,17.0,0.0
2025-10-03 22:46:23+00:00,33.7762671472924,-84.40748686551338,POINT (-84.40748686551338 33.7762671472924),6.0,6.0,6.0,6.0,5.0,5.0,5.0,5.0,25.0,25.0,21.0,21.0,24.222222222222218,49.0,24.100833333333327,17.0,0.0
2025-10-03 22:46:24+00:00,33.776275429064,-84.40749456232713,POINT (-84.40749456232713 33.776275429064),6.0,6.0,6.0,6.0,5.0,5.0,5.0,5.0,25.0,25.0,21.0,21.0,24.222222222222218,49.0,24.100833333333327,17.0,0.0
2025-10-03 22:46:25+00:00,33.77628374873388,-84.40750229436235,POINT (-84.40750229436235 33.77628374873388),6.0,6.0,6.0,6.0,5.0,5.0,5.0,5.0,25.0,25.0,21.0,21.0,24.222222222222218,49.0,24.100833333333327,17.0,0.0
2025-10-03 22:46:26+00:00,33.776300886735235,-84.40751822187289,POINT (-84.40751822187289 33.776300886735235),6.0,6.0,6.0,6.0,5.0,5.0,5.0,5.0,25.0,25.0,21.0,21.0,24.222222222222218,49.0,24.100833333333327,17.0,0.0
2025-10-03 22:46:27+00:00,33.77630709806393,-84.40752399448321,POINT (-84.40752399448321 33.77630709806393),6.0,6.0,6.0,6.0,5.0,5.0,5.0,5.0,25.0,25.0,21.0,21.0,24.222222222222218,49.0,24.100833333333327,17.0,0.0
2025-10-03 22:46:28+00:00,33.77632780249294,-84.4075432365176,POINT (-84.4075432365176 33.77632780249294),6.0,6.0,6.0,6.0,5.0,5.0,5.0,5.0,25.0,25.0,21.0,21.0,24.222222222222218,49.0,24.100833333333327,17.0,0.0
2025-10-03 22:46:29+00:00,33.776335547704676,-84.40755043466977,POINT (-84.40755043466977 33.776335547704676),6.0,6.0,6.0,6.0,5.0,5.0,5.0,5.0,25.0,25.0,21.0,21.0,24.222222222222218,49.0,24.100833333333327,17.0,0.0
2025-10-03 22:46:30+00:00,33.77634382947628,-84.40755813148353,POINT (-84.40755813148353 33.77634382947628),6.0,6.0,6.0,6.0,5.0,5.0,5.0,5.0,25.0,25.0,21.0,21.0,24.222222222222218,49.0,24.100833333333327,17.0,0.0
2025-10-03 22:46:31+00:00,33.77635418169078,-84.40756775250073,POINT (-84.40756775250073 33.77635418169078),6.0,6.0,6.0,6.0,5.0,5.0,5.0,5.0,25.0,25.0,21.0,21.0,24.222222222222218,49.0,24.100833333333327,17.0,0.0
2025-10-03 22:46:32+00:00,33.77636399734541,-84.40757687485633,POINT (-84.40757687485633 33.77636399734541),6.0,6.0,6.0,6.0,5.0,5.0,5.0,5.0,25.0,25.0,21.0,21.0,24.222222222222218,49.0,24.100833333333327,17.0,0.0
2025-10-03 22:46:33+00:00,33.776372815676886,-84.40758507033168,POINT (-84.40758507033168 33.776372815676886),6.0,6.0,6.0,6.0,5.0,5.0,5.0,5.0,25.0,25.0,21.0,21.0,24.222222222222218,49.1,24.102138888888888,17.0,0.0
2025-10-03 22:46:34+00:00,33.77638213266993,-84.40759372924715,POINT (-84.40759372924715 33.77638213266993),6.0,6.0,6.0,6.0,5.0,5.0,5.0,5.0,25.0,25.0,21.0,21.0,24.222222222222218,49.1,24.102138888888888,17.0,0.0
2025-10-03 22:46:35+00:00,33.776391986222855,-84.40760288682421,POINT (-84.40760288682421 33.776391986222855),6.0,6.0,6.0,6.0,5.0,5.0,5.0,5.0,25.0,25.0,21.0,21.0,24.222222222222218,49.1,24.102138888888888,17.0,0.0
2025-10-03 22:46:36+00:00,33.776408587664335,-84.40761831567318,POINT (-84.40761831567318 33.776408587664335),6.0,6.0,6.0,6.0,5.0,5.0,5.0,5.0,25.0,25.0,21.0,21.0,24.222222222222218,49.1,24.102138888888888,17.0,0.0
2025-10-03 22:46:37+00:00,33.77641430033145,-84.40762362484335,POINT (-84.40762362484335 33.77641430033145),6.0,6.0,6.0,6.0,5.0,5.0,5.0,5.0,25.0,25.0,21.0,21.0,24.222222222222218,49.1,24.102138888888888,17.0,0.0
2025-10-03 22:46:38+00:00,33.77642568776741,-84.40763420796227,POINT (-84.40763420796227 33.77642568776741),5.0,5.0,5.0,5.0,5.0,6.0,5.0,6.0,21.0,21.0,21.0,21.0,24.27777777777778,49.1,24.160472222222225,17.0,0.0
2025-10-03 22:46:39+00:00,33.776436576541776,-84.40764432764105,POINT (-84.40764432764105 33.776436576541776),5.0,5.0,5.0,5.0,5.0,6.0,5.0,6.0,21.0,21.0,21.0,21.0,24.27777777777778,49.1,24.160472222222225,17.0,0.0
2025-10-03 22:46:40+00:00,33.776447465316146,-84.40765444731983,POINT (-84.40765444731983 33.776447465316146),5.0,5.0,5.0,5.0,5.0,6.0,5.0,6.0,21.0,21.0,21.0,21.0,24.27777777777778,49.1,24.160472222222225,17.0,0.0
2025-10-03 22:46:41+00:00,33.77646195841644,-84.4076679167439,POINT (-84.4076679167439 33.77646195841644),5.0,5.0,5.0,5.0,5.0,6.0,5.0,6.0,21.0,21.0,21.0,21.0,24.27777777777778,49.1,24.160472222222225,17.0,0.0
2025-10-03 22:46:42+00:00,33.77646659796383,-84.40767222859091,POINT (-84.40767222859091 33.77646659796383),5.0,5.0,5.0,5.0,5.0,6.0,5.0,6.0,21.0,21.0,21.0,21.0,24.27777777777778,49.1,24.160472222222225,17.0,0.0
2025-10-03 22:46:43+00:00,33.7764758770586,-84.40768085228494,POINT (-84.40768085228494 33.7764758770586),5.0,5.0,5.0,5.0,5.0,6.0,5.0,6.0,21.0,21.0,21.0,21.0,24.333333333333332,49.2,24.22011111111111,17.11111111111111,0.9
2025-10-03 22:46:44+00:00,33.77648358437206,-84.40768801521567,POINT (-84.40768801521567 33.77648358437206),5.0,5.0,5.0,5.0,5.0,6.0,5.0,6.0,21.0,21.0,21.0,21.0,24.333333333333332,49.2,24.22011111111111,17.11111111111111,0.9
2025-10-03 22:46:45+00:00,33.77649129168551,-84.40769517814638,POINT (-84.40769517814638 33.77649129168551),5.0,5.0,5.0,5.0,5.0,6.0,5.0,6.0,21.0,21.0,21.0,21.0,24.333333333333332,49.2,24.22011111111111,17.11111111111111,0.9
2025-10-03 22:46:46+00:00,33.776498998998974,-84.40770234107711,POINT (-84.40770234107711 33.776498998998974),5.0,5.0,5.0,5.0,5.0,6.0,5.0,6.0,21.0,21.0,21.0,21.0,24.333333333333332,49.2,24.22011111111111,17.11111111111111,0.9
2025-10-03 22:46:47+00:00,33.77650724287229,-84.40771000266942,POINT (-84.40771000266942 33.77650724287229),5.0,5.0,5.0,5.0,5.0,6.0,5.0,6.0,21.0,21.0,21.0,21.0,24.333333333333332,49.2,24.22011111111111,17.11111111111111,0.9
2025-10-03 22:46:48+00:00,33.77651502598231,-84.40771723604304,POINT (-84.40771723604304 33.77651502598231),5.0,5.0,5.0,5.0,5.0,6.0,5.0,6.0,21.0,21.0,21.0,21.0,24.388888888888893,49.2,24.278444444444446,17.22222222222222,0.8
2025-10-03 22:46:49+00:00,33.776523345652194,-84.40772496807824,POINT (-84.40772496807824 33.776523345652194),5.0,5.0,5.0,5.0,5.0,6.0,5.0,6.0,21.0,21.0,21.0,21.0,24.388888888888893,49.2,24.278444444444446,17.22222222222222,0.8
2025-10-03 22:46:50+00:00,33.77653063010062,-84.40773173801173,POINT (-84.40773173801173 33.77653063010062),5.0,5.0,5.0,5.0,5.0,6.0,5.0,6.0,21.0,21.0,21.0,21.0,24.388888888888893,49.2,24.278444444444446,17.22222222222222,0.8
2025-10-03 22:46:51+00:00,33.77654834256012,-84.4077481994053,POINT (-84.4077481994053 33.77654834256012),5.0,5.0,5.0,5.0,5.0,6.0,5.0,6.0,21.0,21.0,21.0,21.0,24.388888888888893,49.2,24.278444444444446,17.22222222222222,0.8
2025-10-03 22:46:52+00:00,33.77655769745145,-84.40775689354224,POINT (-84.40775689354224 33.77655769745145),5.0,5.0,5.0,5.0,5.0,6.0,5.0,6.0,21.0,21.0,21.0,21.0,24.388888888888893,49.2,24.278444444444446,17.22222222222222,0.8
2025-10-03 22:46:53+00:00,33.7765665536812,-84.40776512423903,POINT (-84.40776512423903 33.7765665536812),7.0,7.0,7.0,7.0,6.0,6.0,6.0,6.0,29.0,29.0,25.0,25.0,24.444444444444443,49.2,24.336777777777773,17.22222222222222,0.0
2025-10-03 22:46:54+00:00,33.77657590857253,-84.40777381837596,POINT (-84.40777381837596 33.77657590857253),7.0,7.0,7.0,7.0,6.0,6.0,6.0,6.0,29.0,29.0,25.0,25.0,24.444444444444443,49.2,24.336777777777773,17.22222222222222,0.0
2025-10-03 22:46:55+00:00,33.77658476480228,-84.40778204907275,POINT (-84.40778204907275 33.77658476480228),7.0,7.0,7.0,7.0,6.0,6.0,6.0,6.0,29.0,29.0,25.0,25.0,24.444444444444443,49.2,24.336777777777773,17.22222222222222,0.0
2025-10-03 22:46:56+00:00,33.776600331022316,-84.40779651582,POINT (-84.40779651582 33.776600331022316),7.0,7.0,7.0,7.0,6.0,6.0,6.0,6.0,29.0,29.0,25.0,25.0,24.444444444444443,49.2,24.336777777777773,17.22222222222222,0.0
2025-10-03 22:46:57+00:00,33.77660707891088,-84.4078027870919,POINT (-84.4078027870919 33.77660707891088),7.0,7.0,7.0,7.0,6.0,6.0,6.0,6.0,29.0,29.0,25.0,25.0,24.444444444444443,49.2,24.336777777777773,17.22222222222222,0.0
2025-10-03 22:46:58+00:00,33.77661329023958,-84.4078085597022,POINT (-84.4078085597022 33.77661329023958),7.0,7.0,7.0,7.0,6.0,6.0,6.0,6.0,29.0,29.0,25.0,25.0,24.444444444444443,49.2,24.336777777777773,17.22222222222222,0.0
2025-10-03 22:46:59+00:00,33.77662513843884,-84.40781957103981,POINT (-84.40781957103981 33.77662513843884),7.0,7.0,7.0,7.0,6.0,6.0,6.0,6.0,29.0,29.0,25.0,25.0,24.444444444444443,49.2,24.336777777777773,17.22222222222222,0.0
2025-10-03 22:47:00+00:00,33.77663752319796,-84.40783108103899,POINT (-84.40783108103899 33.77663752319796),7.0,7.0,7.0,7.0,6.0,6.0,6.0,6.0,29.0,29.0,25.0,25.0,24.444444444444443,49.2,24.336777777777773,17.22222222222222,0.0
2025-10-03 22:47:01+00:00,33.776654010944604,-84.4078464042236,POINT (-84.4078464042236 33.776654010944604),7.0,7.0,7.0,7.0,6.0,6.0,6.0,6.0,29.0,29.0,25.0,25.0,24.444444444444443,49.2,24.336777777777773,17.22222222222222,0.0
2025-10-03 22:47:02+00:00,33.77666022227331,-84.40785217683393,POINT (-84.40785217683393 33.77666022227331),7.0,7.0,7.0,7.0,6.0,6.0,6.0,6.0,29.0,29.0,25.0,25.0,24.444444444444443,49.2,24.336777777777773,17.22222222222222,0.0
2025-10-03 22:47:03+00:00,33.77666693226359,-84.40785841288437,POINT (-84.40785841288437 33.77666693226359),7.0,7.0,7.0,7.0,6.0,6.0,6.0,6.0,29.0,29.0,25.0,25.0,24.388888888888893,49.2,24.278444444444446,17.11111111111111,0.0
2025-10-03 22:47:04+00:00,33.77667782103796,-84.40786853256316,POINT (-84.40786853256316 33.77667782103796),7.0,7.0,7.0,7.0,6.0,6.0,6.0,6.0,29.0,29.0,25.0,25.0,24.388888888888893,49.2,24.278444444444446,17.11111111111111,0.0
2025-10-03 22:47:05+00:00,33.77668974503378,-84.40787961434366,POINT (-84.40787961434366 33.77668974503378),7.0,7.0,7.0,7.0,6.0,6.0,6.0,6.0,29.0,29.0,25.0,25.0,24.388888888888893,49.2,24.278444444444446,17.11111111111111,0.0
2025-10-03 22:47:06+00:00,33.77670684513684,-84.40789550663276,POINT (-84.40789550663276 33.77670684513684),7.0,7.0,7.0,7.0,6.0,6.0,6.0,6.0,29.0,29.0,25.0,25.0,24.388888888888893,49.2,24.278444444444446,17.11111111111111,0.0
2025-10-03 22:47:07+00:00,33.77671462824686,-84.40790274000638,POINT (-84.40790274000638 33.77671462824686),7.0,7.0,7.0,7.0,6.0,6.0,6.0,6.0,29.0,29.0,25.0,25.0,24.388888888888893,49.2,24.278444444444446,17.11111111111111,0.0
2025-10-03 22:47:08+00:00,33.77672137613543,-84.40790901127828,POINT (-84.40790901127828 33.77672137613543),6.0,6.0,6.0,6.0,7.0,7.0,7.0,7.0,25.0,25.0,29.0,29.0,24.333333333333332,49.1,24.21880555555556,17.11111111111111,0.0
2025-10-03 22:47:09+00:00,33.776732839367945,-84.4079196648401,POINT (-84.4079196648401 33.776732839367945),6.0,6.0,6.0,6.0,7.0,7.0,7.0,7.0,25.0,25.0,29.0,29.0,24.333333333333332,49.1,24.21880555555556,17.11111111111111,0.0
2025-10-03 22:47:10+00:00,33.77674426470218,-84.40793028318046,POINT (-84.40793028318046 33.77674426470218),6.0,6.0,6.0,6.0,7.0,7.0,7.0,7.0,25.0,25.0,29.0,29.0,24.333333333333332,49.1,24.21880555555556,17.11111111111111,0.0
2025-10-03 22:47:11+00:00,33.77676454626616,-84.40794913221761,POINT (-84.40794913221761 33.77676454626616),6.0,6.0,6.0,6.0,7.0,7.0,7.0,7.0,25.0,25.0,29.0,29.0,24.333333333333332,49.1,24.21880555555556,17.11111111111111,0.0
2025-10-03 22:47:12+00:00,33.77677232937617,-84.40795636559123,POINT (-84.40795636559123 33.77677232937617),6.0,6.0,6.0,6.0,7.0,7.0,7.0,7.0,25.0,25.0,29.0,29.0,24.333333333333332,49.1,24.21880555555556,17.11111111111111,0.0
2025-10-03 22:47:13+00:00,33.77678064904605,-84.40796409762645,POINT (-84.40796409762645 33.77678064904605),6.0,6.0,6.0,6.0,7.0,7.0,7.0,7.0,25.0,25.0,29.0,29.0,24.27777777777778,49.1,24.160472222222225,17.0,0.0
2025-10-03 22:47:14+00:00,33.776791613616986,-84.40797428774813,POINT (-84.40797428774813 33.776791613616986),6.0,6.0,6.0,6.0,7.0,7.0,7.0,7.0,25.0,25.0,29.0,29.0,24.27777777777778,49.1,24.160472222222225,17.0,0.0
2025-10-03 22:47:15+00:00,33.77680257818791,-84.4079844778698,POINT (-84.4079844778698 33.77680257818791),6.0,6.0,6.0,6.0,7.0,7.0,7.0,7.0,25.0,25.0,29.0,29.0,24.27777777777778,49.1,24.160472222222225,17.0,0.0
2025-10-03 22:47:16+00:00,33.776814079318704,-84.40799516665307,POINT (-84.40799516665307 33.776814079318704),6.0,6.0,6.0,6.0,7.0,7.0,7.0,7.0,25.0,25.0,29.0,29.0,24.27777777777778,49.1,24.160472222222225,17.0,0.0
2025-10-03 22:47:17+00:00,33.77683083235331,-84.40801073638784,POINT (-84.40801073638784 33.77683083235331),6.0,6.0,6.0,6.0,7.0,7.0,7.0,7.0,25.0,25.0,29.0,29.0,24.27777777777778,49.1,24.160472222222225,17.0,0.0
2025-10-03 22:47:18+00:00,33.776836046358845,-84.40801558211788,POINT (-84.40801558211788 33.776836046358845),6.0,6.0,6.0,6.0,7.0,7.0,7.0,7.0,25.0,25.0,29.0,29.0,24.222222222222218,49.0,24.100833333333327,17.0,0.9
2025-10-03 22:47:19+00:00,33.77684701092978,-84.40802577223957,POINT (-84.40802577223957 33.77684701092978),6.0,6.0,6.0,6.0,7.0,7.0,7.0,7.0,25.0,25.0,29.0,29.0,24.222222222222218,49.0,24.100833333333327,17.0,0.9
2025-10-03 22:47:20+00:00,33.77685847416228,-84.40803642580137,POINT (-84.40803642580137 33.77685847416228),6.0,6.0,6.0,6.0,7.0,7.0,7.0,7.0,25.0,25.0,29.0,29.0,24.222222222222218,49.0,24.100833333333327,17.0,0.9
2025-10-03 22:47:21+00:00,33.77686940083494,-84.40804658070161,POINT (-84.40804658070161 33.77686940083494),6.0,6.0,6.0,6.0,7.0,7.0,7.0,7.0,25.0,25.0,29.0,29.0,24.222222222222218,49.0,24.100833333333327,17.0,0.9
2025-10-03 22:47:22+00:00,33.77688661463284,-84.40806257865506,POINT (-84.40806257865506 33.77688661463284),6.0,6.0,6.0,6.0,7.0,7.0,7.0,7.0,25.0,25.0,29.0,29.0,24.222222222222218,49.0,24.100833333333327,17.0,0.9
2025-10-03 22:47:23+00:00,33.77689232729996,-84.40806788782524,POINT (-84.40806788782524 33.77689232729996),7.0,7.0,7.0,7.0,5.5,6.0,5.5,6.0,29.0,29.0,23.0,23.0,24.222222222222218,49.0,24.100833333333327,16.88888888888889,0.0
2025-10-03 22:47:24+00:00,33.77690482575393,-84.40807950348878,POINT (-84.40807950348878 33.77690482575393),7.0,7.0,7.0,7.0,5.5,6.0,5.5,6.0,29.0,29.0,23.0,23.0,24.222222222222218,49.0,24.100833333333327,16.88888888888889,0.0
2025-10-03 22:47:25+00:00,33.77691575242657,-84.408089658389,POINT (-84.408089658389 33.77691575242657),7.0,7.0,7.0,7.0,5.5,6.0,5.5,6.0,29.0,29.0,23.0,23.0,24.222222222222218,49.0,24.100833333333327,16.88888888888889,0.0
2025-10-03 22:47:26+00:00,33.77692767642239,-84.4081007401695,POINT (-84.4081007401695 33.77692767642239),7.0,7.0,7.0,7.0,5.5,6.0,5.5,6.0,29.0,29.0,23.0,23.0,24.222222222222218,49.0,24.100833333333327,16.88888888888889,0.0
2025-10-03 22:47:27+00:00,33.77693963831649,-84.40811185717146,POINT (-84.40811185717146 33.77693963831649),7.0,7.0,7.0,7.0,5.5,6.0,5.5,6.0,29.0,29.0,23.0,23.0,24.222222222222218,49.0,24.100833333333327,16.88888888888889,0.0
2025-10-03 22:47:28+00:00,33.77695202307561,-84.40812336717063,POINT (-84.40812336717063 33.77695202307561),7.0,7.0,7.0,7.0,5.5,6.0,5.5,6.0,29.0,29.0,23.0,23.0,24.27777777777778,49.0,24.15916666666667,17.0,0.0
2025-10-03 22:47:29+00:00,33.776973150369635,-84.40814300220227,POINT (-84.40814300220227 33.776973150369635),7.0,7.0,7.0,7.0,5.5,6.0,5.5,6.0,29.0,29.0,23.0,23.0,24.27777777777778,49.0,24.15916666666667,17.0,0.0
2025-10-03 22:47:30+00:00,33.77698135634468,-84.40815062857313,POINT (-84.40815062857313 33.77698135634468),7.0,7.0,7.0,7.0,5.5,6.0,5.5,6.0,29.0,29.0,23.0,23.0,24.27777777777778,49.0,24.15916666666667,17.0,0.0
2025-10-03 22:47:31+00:00,33.77699009887959,-84.40815875360556,POINT (-84.40815875360556 33.77699009887959),7.0,7.0,7.0,7.0,5.5,6.0,5.5,6.0,29.0,29.0,23.0,23.0,24.27777777777778,49.0,24.15916666666667,17.0,0.0
2025-10-03 22:47:32+00:00,33.77700190918056,-84.4081697297217,POINT (-84.4081697297217 33.77700190918056),7.0,7.0,7.0,7.0,5.5,6.0,5.5,6.0,29.0,29.0,23.0,23.0,24.27777777777778,49.0,24.15916666666667,17.0,0.0
2025-10-03 22:47:33+00:00,33.77701371948154,-84.40818070583786,POINT (-84.40818070583786 33.77701371948154),7.0,7.0,7.0,7.0,5.5,6.0,5.5,6.0,29.0,29.0,23.0,23.0,24.27777777777778,49.0,24.15916666666667,17.0,0.0
2025-10-03 22:47:34+00:00,33.77703024512647,-84.40819606424392,POINT (-84.40819606424392 33.77703024512647),7.0,7.0,7.0,7.0,5.5,6.0,5.5,6.0,29.0,29.0,23.0,23.0,24.27777777777778,49.0,24.15916666666667,17.0,0.0
2025-10-03 22:47:35+00:00,33.7770359198953,-84.40820133819265,POINT (-84.40820133819265 33.7770359198953),7.0,7.0,7.0,7.0,5.5,6.0,5.5,6.0,29.0,29.0,23.0,23.0,24.27777777777778,49.0,24.15916666666667,17.0,0.0
2025-10-03 22:47:36+00:00,33.777042131224,-84.40820711080298,POINT (-84.40820711080298 33.777042131224),7.0,7.0,7.0,7.0,5.5,6.0,5.5,6.0,29.0,29.0,23.0,23.0,24.27777777777778,49.0,24.15916666666667,17.0,0.0
2025-10-03 22:47:37+00:00,33.777058120309064,-84.40822197054744,POINT (-84.40822197054744 33.777058120309064),7.0,7.0,7.0,7.0,5.5,6.0,5.5,6.0,29.0,29.0,23.0,23.0,24.27777777777778,49.0,24.15916666666667,17.0,0.0
2025-10-03 22:47:38+00:00,33.77706640208066,-84.40822966736121,POINT (-84.40822966736121 33.77706640208066),6.0,6.0,6.0,6.0,5.0,6.0,5.0,6.0,25.0,25.0,21.0,21.0,24.27777777777778,49.0,24.15916666666667,17.0,0.0
2025-10-03 22:47:39+00:00,33.777074147292396,-84.40823686551337,POINT (-84.40823686551337 33.777074147292396),6.0,6.0,6.0,6.0,5.0,6.0,5.0,6.0,25.0,25.0,21.0,21.0,24.27777777777778,49.0,24.15916666666667,17.0,0.0
2025-10-03 22:47:40+00:00,33.777082429064,-84.40824456232713,POINT (-84.40824456232713 33.777082429064),6.0,6.0,6.0,6.0,5.0,6.0,5.0,6.0,25.0,25.0,21.0,21.0,24.27777777777778,49.0,24.15916666666667,17.0,0.0
2025-10-03 22:47:41+00:00,33.777090174275735,-84.4082517604793,POINT (-84.4082517604793 33.777090174275735),6.0,6.0,6.0,6.0,5.0,6.0,5.0,6.0,25.0,25.0,21.0,21.0,24.27777777777778,49.0,24.15916666666667,17.0,0.0
2025-10-03 22:47:42+00:00,33.77710102515183,-84.40826184493663,POINT (-84.40826184493663 33.77710102515183),6.0,6.0,6.0,6.0,5.0,6.0,5.0,6.0,25.0,25.0,21.0,21.0,24.27777777777778,49.0,24.15916666666667,17.0,0.0
2025-10-03 22:47:43+00:00,33.77711137736633,-84.40827146595383,POINT (-84.40827146595383 33.77711137736633),6.0,6.0,6.0,6.0,5.0,6.0,5.0,6.0,25.0,25.0,21.0,21.0,24.27777777777778,49.1,24.160472222222225,17.0,0.0
2025-10-03 22:47:44+00:00,33.77712176747911,-84.40828112219248,POINT (-84.40828112219248 33.77712176747911),6.0,6.0,6.0,6.0,5.0,6.0,5.0,6.0,25.0,25.0,21.0,21.0,24.27777777777778,49.1,24.160472222222225,17.0,0.0
2025-10-03 22:47:45+00:00,33.777137908157286,-84.40829612282275,POINT (-84.40829612282275 33.777137908157286),6.0,6.0,6.0,6.0,5.0,6.0,5.0,6.0,25.0,25.0,21.0,21.0,24.27777777777778,49.1,24.160472222222225,17.0,0.0
2025-10-03 22:47:46+00:00,33.77714258560295,-84.40830046989122,POINT (-84.40830046989122 33.77714258560295),6.0,6.0,6.0,6.0,5.0,6.0,5.0,6.0,25.0,25.0,21.0,21.0,24.27777777777778,49.1,24.160472222222225,17.0,0.0
2025-10-03 22:47:47+00:00,33.77715305151229,-84.40831019657276,POINT (-84.40831019657276 33.77715305151229),6.0,6.0,6.0,6.0,5.0,6.0,5.0,6.0,25.0,25.0,21.0,21.0,24.27777777777778,49.1,24.160472222222225,17.0,0.0
2025-10-03 22:47:48+00:00,33.77716298086178,-84.40831942459273,POINT (-84.40831942459273 33.77716298086178),6.0,6.0,6.0,6.0,5.0,6.0,5.0,6.0,25.0,25.0,21.0,21.0,24.27777777777778,49.2,24.161777777777772,17.0,0.0
2025-10-03 22:47:49+00:00,33.77717241154968,-84.40832818917255,POINT (-84.40832818917255 33.77717241154968),6.0,6.0,6.0,6.0,5.0,6.0,5.0,6.0,25.0,25.0,21.0,21.0,24.27777777777778,49.2,24.161777777777772,17.0,0.0
2025-10-03 22:47:50+00:00,33.77718184223757,-84.40833695375238,POINT (-84.40833695375238 33.77718184223757),6.0,6.0,6.0,6.0,5.0,6.0,5.0,6.0,25.0,25.0,21.0,21.0,24.27777777777778,49.2,24.161777777777772,17.0,0.0
2025-10-03 22:47:51+00:00,33.77719127292546,-84.40834571833221,POINT (-84.40834571833221 33.77719127292546),6.0,6.0,6.0,6.0,5.0,6.0,5.0,6.0,25.0,25.0,21.0,21.0,24.27777777777778,49.2,24.161777777777772,17.0,0.0
2025-10-03 22:47:52+00:00,33.77720894748668,-84.40836214450434,POINT (-84.40836214450434 33.77720894748668),6.0,6.0,6.0,6.0,5.0,6.0,5.0,6.0,25.0,25.0,21.0,21.0,24.27777777777778,49.2,24.161777777777772,17.0,0.0
2025-10-03 22:47:53+00:00,33.77721623193511,-84.40836891443783,POINT (-84.40836891443783 33.77721623193511),6.5,6.5,6.5,6.5,5.5,6.0,5.5,6.0,27.0,27.0,23.0,23.0,24.27777777777778,49.3,24.163083333333333,17.11111111111111,0.0
2025-10-03 22:47:54+00:00,33.777223478485254,-84.40837564914986,POINT (-84.40837564914986 33.777223478485254),6.5,6.5,6.5,6.5,5.5,6.0,5.5,6.0,27.0,27.0,23.0,23.0,24.27777777777778,49.3,24.163083333333333,17.11111111111111,0.0
2025-10-03 22:47:55+00:00,33.77723229681672,-84.4083838446252,POINT (-84.4083838446252 33.77723229681672),6.5,6.5,6.5,6.5,5.5,6.0,5.5,6.0,27.0,27.0,23.0,23.0,24.27777777777778,49.3,24.163083333333333,17.11111111111111,0.0
2025-10-03 22:47:56+00:00,33.77723850814542,-84.40838961723553,POINT (-84.40838961723553 33.77723850814542),6.5,6.5,6.5,6.5,5.5,6.0,5.5,6.0,27.0,27.0,23.0,23.0,24.27777777777778,49.3,24.163083333333333,17.11111111111111,0.0
2025-10-03 22:47:57+00:00,33.777247326476896,-84.40839781271086,POINT (-84.40839781271086 33.777247326476896),6.5,6.5,6.5,6.5,5.5,6.0,5.5,6.0,27.0,27.0,23.0,23.0,24.27777777777778,49.3,24.163083333333333,17.11111111111111,0.0
2025-10-03 22:47:58+00:00,33.77725254048242,-84.4084026584409,POINT (-84.4084026584409 33.77725254048242),6.5,6.5,6.5,6.5,5.5,6.0,5.5,6.0,27.0,27.0,23.0,23.0,24.27777777777778,49.3,24.163083333333333,17.11111111111111,0.0
2025-10-03 22:47:59+00:00,33.777257754487955,-84.40840750417095,POINT (-84.40840750417095 33.777257754487955),6.5,6.5,6.5,6.5,5.5,6.0,5.5,6.0,27.0,27.0,23.0,23.0,24.333333333333332,49.3,24.22141666666666,17.22222222222222,0.0
2025-10-03 22:48:00+00:00,33.77726300639177,-84.40841238512246,POINT (-84.40841238512246 33.77726300639177),6.5,6.5,6.5,6.5,5.5,6.0,5.5,6.0,27.0,27.0,23.0,23.0,24.333333333333332,49.3,24.22141666666666,17.22222222222222,0.0
2025-10-03 22:48:01+00:00,33.777268220397296,-84.4084172308525,POINT (-84.4084172308525 33.777268220397296),6.5,6.5,6.5,6.5,5.5,6.0,5.5,6.0,27.0,27.0,23.0,23.0,24.333333333333332,49.3,24.22141666666666,17.22222222222222,0.0
2025-10-03 22:48:02+00:00,33.77727343440283,-84.40842207658255,POINT (-84.40842207658255 33.77727343440283),6.5,6.5,6.5,6.5,5.5,6.0,5.5,6.0,27.0,27.0,23.0,23.0,24.333333333333332,49.3,24.22141666666666,17.22222222222222,0.0
2025-10-03 22:48:03+00:00,33.77727864840836,-84.4084269223126,POINT (-84.4084269223126 33.77727864840836),6.5,6.5,6.5,6.5,5.5,6.0,5.5,6.0,27.0,27.0,23.0,23.0,24.333333333333332,49.3,24.22141666666666,17.22222222222222,0.0
2025-10-03 22:48:04+00:00,33.777283862413896,-84.40843176804265,POINT (-84.40843176804265 33.777283862413896),6.5,6.5,6.5,6.5,5.5,6.0,5.5,6.0,27.0,27.0,23.0,23.0,24.27777777777778,49.3,24.163083333333333,17.11111111111111,0.0
2025-10-03 22:48:05+00:00,33.77728907641942,-84.4084366137727,POINT (-84.4084366137727 33.77728907641942),6.5,6.5,6.5,6.5,5.5,6.0,5.5,6.0,27.0,27.0,23.0,23.0,24.27777777777778,49.3,24.163083333333333,17.11111111111111,0.0
2025-10-03 22:48:06+00:00,33.777294328323244,-84.4084414947242,POINT (-84.4084414947242 33.777294328323244),6.5,6.5,6.5,6.5,5.5,6.0,5.5,6.0,27.0,27.0,23.0,23.0,24.27777777777778,49.3,24.163083333333333,17.11111111111111,0.0
2025-10-03 22:48:07+00:00,33.77729954232878,-84.40844634045425,POINT (-84.40844634045425 33.77729954232878),6.5,6.5,6.5,6.5,5.5,6.0,5.5,6.0,27.0,27.0,23.0,23.0,24.27777777777778,49.3,24.163083333333333,17.11111111111111,0.0
2025-10-03 22:48:08+00:00,33.7773047563343,-84.4084511861843,POINT (-84.4084511861843 33.7773047563343),6.0,6.0,6.0,6.0,6.0,8.0,6.0,8.0,25.0,25.0,25.0,25.0,24.333333333333332,49.3,24.22141666666666,17.11111111111111,0.0
2025-10-03 22:48:09+00:00,33.777309970339836,-84.40845603191434,POINT (-84.40845603191434 33.777309970339836),6.0,6.0,6.0,6.0,6.0,8.0,6.0,8.0,25.0,25.0,25.0,25.0,24.333333333333332,49.3,24.22141666666666,17.11111111111111,0.0
2025-10-03 22:48:10+00:00,33.77732649598475,-84.4084713903204,POINT (-84.4084713903204 33.77732649598475),6.0,6.0,6.0,6.0,6.0,8.0,6.0,8.0,25.0,25.0,25.0,25.0,24.333333333333332,49.3,24.22141666666666,17.11111111111111,0.0
2025-10-03 22:48:11+00:00,33.777332707313455,-84.40847716293072,POINT (-84.40847716293072 33.777332707313455),6.0,6.0,6.0,6.0,6.0,8.0,6.0,8.0,25.0,25.0,25.0,25.0,24.333333333333332,49.3,24.22141666666666,17.11111111111111,0.0
2025-10-03 22:48:12+00:00,33.77733941730374,-84.40848339898118,POINT (-84.40848339898118 33.77733941730374),6.0,6.0,6.0,6.0,6.0,8.0,6.0,8.0,25.0,25.0,25.0,25.0,24.333333333333332,49.3,24.22141666666666,17.11111111111111,0.0
2025-10-03 22:48:13+00:00,33.77734927085666,-84.40849255655823,POINT (-84.40849255655823 33.77734927085666),6.0,6.0,6.0,6.0,6.0,8.0,6.0,8.0,25.0,25.0,25.0,25.0,24.333333333333332,49.3,24.22141666666666,17.22222222222222,0.0
2025-10-03 22:48:14+00:00,33.77735912440958,-84.4085017141353,POINT (-84.4085017141353 33.77735912440958),6.0,6.0,6.0,6.0,6.0,8.0,6.0,8.0,25.0,25.0,25.0,25.0,24.333333333333332,49.3,24.22141666666666,17.22222222222222,0.0
2025-10-03 22:48:15+00:00,33.77737001318395,-84.40851183381407,POINT (-84.40851183381407 33.77737001318395),6.0,6.0,6.0,6.0,6.0,8.0,6.0,8.0,25.0,25.0,25.0,25.0,24.333333333333332,49.3,24.22141666666666,17.22222222222222,0.0
2025-10-03 22:48:16+00:00,33.77738090195832,-84.40852195349285,POINT (-84.40852195349285 33.77738090195832),6.0,6.0,6.0,6.0,6.0,8.0,6.0,8.0,25.0,25.0,25.0,25.0,24.333333333333332,49.3,24.22141666666666,17.22222222222222,0.0
2025-10-03 22:48:17+00:00,33.777391752834404,-84.40853203795018,POINT (-84.40853203795018 33.777391752834404),6.0,6.0,6.0,6.0,6.0,8.0,6.0,8.0,25.0,25.0,25.0,25.0,24.333333333333332,49.3,24.22141666666666,17.22222222222222,0.0
2025-10-03 22:48:18+00:00,33.777407817716025,-84.40854696813757,POINT (-84.40854696813757 33.777407817716025),6.0,6.0,6.0,6.0,6.0,8.0,6.0,8.0,25.0,25.0,25.0,25.0,24.388888888888893,49.3,24.279750000000003,17.22222222222222,0.9
2025-10-03 22:48:19+00:00,33.777412993823276,-84.40855177864617,POINT (-84.40855177864617 33.777412993823276),6.0,6.0,6.0,6.0,6.0,8.0,6.0,8.0,25.0,25.0,25.0,25.0,24.388888888888893,49.3,24.279750000000003,17.22222222222222,0.9
2025-10-03 22:48:20+00:00,33.77742388259764,-84.40856189832493,POINT (-84.40856189832493 33.77742388259764),6.0,6.0,6.0,6.0,6.0,8.0,6.0,8.0,25.0,25.0,25.0,25.0,24.388888888888893,49.3,24.279750000000003,17.22222222222222,0.9
2025-10-03 22:48:21+00:00,33.77743477137201,-84.40857201800372,POINT (-84.40857201800372 33.77743477137201),6.0,6.0,6.0,6.0,6.0,8.0,6.0,8.0,25.0,25.0,25.0,25.0,24.388888888888893,49.3,24.279750000000003,17.22222222222222,0.9
2025-10-03 22:48:22+00:00,33.777446196706244,-84.4085826363441,POINT (-84.4085826363441 33.777446196706244),6.0,6.0,6.0,6.0,6.0,8.0,6.0,8.0,25.0,25.0,25.0,25.0,24.388888888888893,49.3,24.279750000000003,17.22222222222222,0.9
2025-10-03 22:48:23+00:00,33.777463833369175,-84.40859902729477,POINT (-84.40859902729477 33.777463833369175),5.0,5.0,5.0,5.0,5.0,6.0,5.0,6.0,21.0,21.0,21.0,21.0,24.444444444444443,49.2,24.336777777777773,17.22222222222222,0.9
2025-10-03 22:48:24+00:00,33.77746954603629,-84.40860433646495,POINT (-84.40860433646495 33.77746954603629),5.0,5.0,5.0,5.0,5.0,6.0,5.0,6.0,21.0,21.0,21.0,21.0,24.444444444444443,49.2,24.336777777777773,17.22222222222222,0.9
2025-10-03 22:48:25+00:00,33.77748047270894,-84.40861449136519,POINT (-84.40861449136519 33.77748047270894),5.0,5.0,5.0,5.0,5.0,6.0,5.0,6.0,21.0,21.0,21.0,21.0,24.444444444444443,49.2,24.336777777777773,17.22222222222222,0.9
2025-10-03 22:48:26+00:00,33.77749086282172,-84.40862414760383,POINT (-84.40862414760383 33.77749086282172),5.0,5.0,5.0,5.0,5.0,6.0,5.0,6.0,21.0,21.0,21.0,21.0,24.444444444444443,49.2,24.336777777777773,17.22222222222222,0.9
2025-10-03 22:48:27+00:00,33.777500754272914,-84.40863334040233,POINT (-84.40863334040233 33.777500754272914),5.0,5.0,5.0,5.0,5.0,6.0,5.0,6.0,21.0,21.0,21.0,21.0,24.444444444444443,49.2,24.336777777777773,17.22222222222222,0.9
2025-10-03 22:48:28+00:00,33.777510109164254,-84.40864203453927,POINT (-84.40864203453927 33.777510109164254),5.0,5.0,5.0,5.0,5.0,6.0,5.0,6.0,21.0,21.0,21.0,21.0,24.499999999999996,49.2,24.39511111111111,17.27777777777778,0.0
2025-10-03 22:48:29+00:00,33.77752046137875,-84.40865165555645,POINT (-84.40865165555645 33.77752046137875),5.0,5.0,5.0,5.0,5.0,6.0,5.0,6.0,21.0,21.0,21.0,21.0,24.499999999999996,49.2,24.39511111111111,17.27777777777778,0.0
2025-10-03 22:48:30+00:00,33.77753081359326,-84.40866127657365,POINT (-84.40866127657365 33.77753081359326),5.0,5.0,5.0,5.0,5.0,6.0,5.0,6.0,21.0,21.0,21.0,21.0,24.499999999999996,49.2,24.39511111111111,17.27777777777778,0.0
2025-10-03 22:48:31+00:00,33.77754116580776,-84.40867089759085,POINT (-84.40867089759085 33.77754116580776),5.0,5.0,5.0,5.0,5.0,6.0,5.0,6.0,21.0,21.0,21.0,21.0,24.499999999999996,49.2,24.39511111111111,17.27777777777778,0.0
2025-10-03 22:48:32+00:00,33.777551518022264,-84.40868051860805,POINT (-84.40868051860805 33.777551518022264),5.0,5.0,5.0,5.0,5.0,6.0,5.0,6.0,21.0,21.0,21.0,21.0,24.499999999999996,49.2,24.39511111111111,17.27777777777778,0.0
2025-10-03 22:48:33+00:00,33.777568656023604,-84.4086964461186,POINT (-84.4086964461186 33.777568656023604),5.0,5.0,5.0,5.0,5.0,6.0,5.0,6.0,21.0,21.0,21.0,21.0,24.499999999999996,49.2,24.39511111111111,17.27777777777778,0.0
2025-10-03 22:48:34+00:00,33.777575403912174,-84.4087027173905,POINT (-84.4087027173905 33.777575403912174),5.0,5.0,5.0,5.0,5.0,6.0,5.0,6.0,21.0,21.0,21.0,21.0,24.499999999999996,49.2,24.39511111111111,17.27777777777778,0.0
2025-10-03 22:48:35+00:00,33.77758215180075,-84.4087089886624,POINT (-84.4087089886624 33.77758215180075),5.0,5.0,5.0,5.0,5.0,6.0,5.0,6.0,21.0,21.0,21.0,21.0,24.499999999999996,49.2,24.39511111111111,17.27777777777778,0.0
2025-10-03 22:48:36+00:00,33.77759100803049,-84.40871721935919,POINT (-84.40871721935919 33.77759100803049),5.0,5.0,5.0,5.0,5.0,6.0,5.0,6.0,21.0,21.0,21.0,21.0,24.499999999999996,49.2,24.39511111111111,17.27777777777778,0.0
2025-10-03 22:48:37+00:00,33.777598829038794,-84.40872448795426,POINT (-84.40872448795426 33.777598829038794),5.0,5.0,5.0,5.0,5.0,6.0,5.0,6.0,21.0,21.0,21.0,21.0,24.499999999999996,49.2,24.39511111111111,17.27777777777778,0.0
2025-10-03 22:48:38+00:00,33.77760661214881,-84.40873172132788,POINT (-84.40873172132788 33.77760661214881),5.0,5.0,5.0,5.0,5.0,6.0,5.0,6.0,21.0,21.0,21.0,21.0,24.61111111111111,49.2,24.511777777777777,17.38888888888889,0.0
2025-10-03 22:48:39+00:00,33.77761493181869,-84.40873945336308,POINT (-84.40873945336308 33.77761493181869),5.0,5.0,5.0,5.0,5.0,6.0,5.0,6.0,21.0,21.0,21.0,21.0,24.61111111111111,49.2,24.511777777777777,17.38888888888889,0.0
2025-10-03 22:48:40+00:00,33.77762482326989,-84.4087486461616,POINT (-84.4087486461616 33.77762482326989),5.0,5.0,5.0,5.0,5.0,6.0,5.0,6.0,21.0,21.0,21.0,21.0,24.61111111111111,49.2,24.511777777777777,17.38888888888889,0.0
2025-10-03 22:48:41+00:00,33.77763571204426,-84.40875876584039,POINT (-84.40875876584039 33.77763571204426),5.0,5.0,5.0,5.0,5.0,6.0,5.0,6.0,21.0,21.0,21.0,21.0,24.61111111111111,49.2,24.511777777777777,17.38888888888889,0.0
2025-10-03 22:48:42+00:00,33.77764763604007,-84.40876984762087,POINT (-84.40876984762087 33.77764763604007),5.0,5.0,5.0,5.0,5.0,6.0,5.0,6.0,21.0,21.0,21.0,21.0,24.61111111111111,49.2,24.511777777777777,17.38888888888889,0.0
2025-10-03 22:48:43+00:00,33.77766883913066,-84.4087895530954,POINT (-84.4087895530954 33.77766883913066),5.0,5.0,5.0,5.0,5.0,6.0,5.0,6.0,21.0,21.0,21.0,21.0,24.66666666666667,49.2,24.570111111111114,17.38888888888889,0.0
2025-10-03 22:48:44+00:00,33.77767712090227,-84.40879724990917,POINT (-84.40879724990917 33.77767712090227),5.0,5.0,5.0,5.0,5.0,6.0,5.0,6.0,21.0,21.0,21.0,21.0,24.66666666666667,49.2,24.570111111111114,17.38888888888889,0.0
2025-10-03 22:48:45+00:00,33.77768590133545,-84.40880541016305,POINT (-84.40880541016305 33.77768590133545),5.0,5.0,5.0,5.0,5.0,6.0,5.0,6.0,21.0,21.0,21.0,21.0,24.66666666666667,49.2,24.570111111111114,17.38888888888889,0.0
2025-10-03 22:48:46+00:00,33.77770503398314,-84.40882319143414,POINT (-84.40882319143414 33.77770503398314),5.0,5.0,5.0,5.0,5.0,6.0,5.0,6.0,21.0,21.0,21.0,21.0,24.66666666666667,49.2,24.570111111111114,17.38888888888889,0.0
2025-10-03 22:48:47+00:00,33.77771120741356,-84.40882892882301,POINT (-84.40882892882301 33.77771120741356),5.0,5.0,5.0,5.0,5.0,6.0,5.0,6.0,21.0,21.0,21.0,21.0,24.66666666666667,49.2,24.570111111111114,17.38888888888889,0.0
2025-10-03 22:48:48+00:00,33.77773241050415,-84.40884863429754,POINT (-84.40884863429754 33.77773241050415),5.0,5.0,5.0,5.0,5.0,6.0,5.0,6.0,21.0,21.0,21.0,21.0,24.66666666666667,49.2,24.570111111111114,17.38888888888889,0.0
2025-10-03 22:48:49+00:00,33.77774122883562,-84.40885682977287,POINT (-84.40885682977287 33.77774122883562),5.0,5.0,5.0,5.0,5.0,6.0,5.0,6.0,21.0,21.0,21.0,21.0,24.66666666666667,49.2,24.570111111111114,17.38888888888889,0.0
2025-10-03 22:48:50+00:00,33.777749510607215,-84.40886452658663,POINT (-84.40886452658663 33.777749510607215),5.0,5.0,5.0,5.0,5.0,6.0,5.0,6.0,21.0,21.0,21.0,21.0,24.66666666666667,49.2,24.570111111111114,17.38888888888889,0.0
2025-10-03 22:48:51+00:00,33.777769179814776,-84.4088828065193,POINT (-84.4088828065193 33.777769179814776),5.0,5.0,5.0,5.0,5.0,6.0,5.0,6.0,21.0,21.0,21.0,21.0,24.66666666666667,49.2,24.570111111111114,17.38888888888889,0.0
2025-10-03 22:48:52+00:00,33.77777539114348,-84.40888857912962,POINT (-84.40888857912962 33.77777539114348),5.0,5.0,5.0,5.0,5.0,6.0,5.0,6.0,21.0,21.0,21.0,21.0,24.66666666666667,49.2,24.570111111111114,17.38888888888889,0.0
2025-10-03 22:48:53+00:00,33.77779862677868,-84.40891017358614,POINT (-84.40891017358614 33.77779862677868),5.0,5.0,5.0,5.0,6.0,6.0,6.0,6.0,21.0,21.0,25.0,25.0,24.66666666666667,49.2,24.570111111111114,17.38888888888889,0.0
2025-10-03 22:48:54+00:00,33.777807407211874,-84.40891833384003,POINT (-84.40891833384003 33.777807407211874),5.0,5.0,5.0,5.0,6.0,6.0,6.0,6.0,21.0,21.0,25.0,25.0,24.66666666666667,49.2,24.570111111111114,17.38888888888889,0.0
2025-10-03 22:48:55+00:00,33.777816686306636,-84.40892695753405,POINT (-84.40892695753405 33.777816686306636),5.0,5.0,5.0,5.0,6.0,6.0,6.0,6.0,21.0,21.0,25.0,25.0,24.66666666666667,49.2,24.570111111111114,17.38888888888889,0.0
2025-10-03 22:48:56+00:00,33.7778388867204,-84.40894758988885,POINT (-84.40894758988885 33.7778388867204),5.0,5.0,5.0,5.0,6.0,6.0,6.0,6.0,21.0,21.0,25.0,25.0,24.66666666666667,49.2,24.570111111111114,17.38888888888889,0.0
2025-10-03 22:48:57+00:00,33.77784713059372,-84.40895525148115,POINT (-84.40895525148115 33.77784713059372),5.0,5.0,5.0,5.0,6.0,6.0,6.0,6.0,21.0,21.0,25.0,25.0,24.66666666666667,49.2,24.570111111111114,17.38888888888889,0.0
2025-10-03 22:48:58+00:00,33.77785591102691,-84.40896341173504,POINT (-84.40896341173504 33.77785591102691),5.0,5.0,5.0,5.0,6.0,6.0,6.0,6.0,21.0,21.0,25.0,25.0,24.777777777777775,49.2,24.68677777777777,17.5,0.9
2025-10-03 22:48:59+00:00,33.77786779712445,-84.4089744582941,POINT (-84.4089744582941 33.77786779712445),5.0,5.0,5.0,5.0,6.0,6.0,6.0,6.0,21.0,21.0,25.0,25.0,24.777777777777775,49.2,24.68677777777777,17.5,0.9
2025-10-03 22:49:00+00:00,33.77788021978185,-84.40898600351473,POINT (-84.40898600351473 33.77788021978185),5.0,5.0,5.0,5.0,6.0,6.0,6.0,6.0,21.0,21.0,25.0,25.0,24.777777777777775,49.2,24.68677777777777,17.5,0.9
2025-10-03 22:49:01+00:00,33.777899926887685,-84.40900431866885,POINT (-84.40900431866885 33.777899926887685),5.0,5.0,5.0,5.0,6.0,6.0,6.0,6.0,21.0,21.0,25.0,25.0,24.777777777777775,49.2,24.68677777777777,17.5,0.9
2025-10-03 22:49:02+00:00,33.777906674776254,-84.40901058994075,POINT (-84.40901058994075 33.777906674776254),5.0,5.0,5.0,5.0,6.0,6.0,6.0,6.0,21.0,21.0,25.0,25.0,24.777777777777775,49.2,24.68677777777777,17.5,0.9
2025-10-03 22:49:03+00:00,33.77791445788627,-84.40901782331437,POINT (-84.40901782331437 33.77791445788627),5.0,5.0,5.0,5.0,6.0,6.0,6.0,6.0,21.0,21.0,25.0,25.0,24.833333333333332,49.1,24.743805555555554,17.5,1.0
2025-10-03 22:49:04+00:00,33.77792534666064,-84.40902794299315,POINT (-84.40902794299315 33.77792534666064),5.0,5.0,5.0,5.0,6.0,6.0,6.0,6.0,21.0,21.0,25.0,25.0,24.833333333333332,49.1,24.743805555555554,17.5,1.0
2025-10-03 22:49:05+00:00,33.77793573677342,-84.4090375992318,POINT (-84.4090375992318 33.77793573677342),5.0,5.0,5.0,5.0,6.0,6.0,6.0,6.0,21.0,21.0,25.0,25.0,24.833333333333332,49.1,24.743805555555554,17.5,1.0
2025-10-03 22:49:06+00:00,33.77795279897821,-84.40905345629945,POINT (-84.40905345629945 33.77795279897821),5.0,5.0,5.0,5.0,6.0,6.0,6.0,6.0,21.0,21.0,25.0,25.0,24.833333333333332,49.1,24.743805555555554,17.5,1.0
2025-10-03 22:49:07+00:00,33.77796058208823,-84.40906068967307,POINT (-84.40906068967307 33.77796058208823),5.0,5.0,5.0,5.0,6.0,6.0,6.0,6.0,21.0,21.0,25.0,25.0,24.833333333333332,49.1,24.743805555555554,17.5,1.0
2025-10-03 22:49:08+00:00,33.777967828638374,-84.4090674243851,POINT (-84.4090674243851 33.777967828638374),5.0,6.0,5.0,6.0,5.0,5.0,5.0,5.0,21.0,21.0,21.0,21.0,24.833333333333332,49.0,24.742499999999993,17.5,1.3
2025-10-03 22:49:09+00:00,33.77798546530131,-84.40908381533579,POINT (-84.40908381533579 33.77798546530131),5.0,6.0,5.0,6.0,5.0,5.0,5.0,5.0,21.0,21.0,21.0,21.0,24.833333333333332,49.0,24.742499999999993,17.5,1.3
2025-10-03 22:49:10+00:00,33.77799117796843,-84.40908912450597,POINT (-84.40908912450597 33.77799117796843),5.0,6.0,5.0,6.0,5.0,5.0,5.0,5.0,21.0,21.0,21.0,21.0,24.833333333333332,49.0,24.742499999999993,17.5,1.3
2025-10-03 22:49:11+00:00,33.77800938908951,-84.40910604933968,POINT (-84.40910604933968 33.77800938908951),5.0,6.0,5.0,6.0,5.0,5.0,5.0,5.0,21.0,21.0,21.0,21.0,24.833333333333332,49.0,24.742499999999993,17.5,1.3
2025-10-03 22:49:12+00:00,33.77801721009781,-84.40911331793475,POINT (-84.40911331793475 33.77801721009781),5.0,6.0,5.0,6.0,5.0,5.0,5.0,5.0,21.0,21.0,21.0,21.0,24.833333333333332,49.0,24.742499999999993,17.5,1.3
2025-10-03 22:49:13+00:00,33.77802449454624,-84.40912008786825,POINT (-84.40912008786825 33.77802449454624),5.0,6.0,5.0,6.0,5.0,5.0,5.0,5.0,21.0,21.0,21.0,21.0,24.777777777777775,48.8,24.681555555555548,17.38888888888889,2.0
2025-10-03 22:49:14+00:00,33.778040559427865,-84.40913501805562,POINT (-84.40913501805562 33.778040559427865),5.0,6.0,5.0,6.0,5.0,5.0,5.0,5.0,21.0,21.0,21.0,21.0,24.777777777777775,48.8,24.681555555555548,17.38888888888889,2.0
2025-10-03 22:49:15+00:00,33.778046234196694,-84.40914029200435,POINT (-84.40914029200435 33.778046234196694),5.0,6.0,5.0,6.0,5.0,5.0,5.0,5.0,21.0,21.0,21.0,21.0,24.777777777777775,48.8,24.681555555555548,17.38888888888889,2.0
2025-10-03 22:49:16+00:00,33.778057583734366,-84.40915083990183,POINT (-84.40915083990183 33.778057583734366),5.0,6.0,5.0,6.0,5.0,5.0,5.0,5.0,21.0,21.0,21.0,21.0,24.777777777777775,48.8,24.681555555555548,17.38888888888889,2.0
2025-10-03 22:49:17+00:00,33.77806839671217,-84.4091608891377,POINT (-84.4091608891377 33.77806839671217),5.0,6.0,5.0,6.0,5.0,5.0,5.0,5.0,21.0,21.0,21.0,21.0,24.777777777777775,48.8,24.681555555555548,17.38888888888889,2.0
2025-10-03 22:49:18+00:00,33.77808028280971,-84.40917193569675,POINT (-84.40917193569675 33.77808028280971),5.0,6.0,5.0,6.0,5.0,5.0,5.0,5.0,21.0,21.0,21.0,21.0,24.66666666666667,48.5,24.56097222222223,17.27777777777778,1.4
2025-10-03 22:49:19+00:00,33.778091670245665,-84.40918251881567,POINT (-84.40918251881567 33.778091670245665),5.0,6.0,5.0,6.0,5.0,5.0,5.0,5.0,21.0,21.0,21.0,21.0,24.66666666666667,48.5,24.56097222222223,17.27777777777778,1.4
2025-10-03 22:49:20+00:00,33.778102559020034,-84.40919263849445,POINT (-84.40919263849445 33.778102559020034),5.0,6.0,5.0,6.0,5.0,5.0,5.0,5.0,21.0,21.0,21.0,21.0,24.66666666666667,48.5,24.56097222222223,17.27777777777778,1.4
2025-10-03 22:49:21+00:00,33.778113447794404,-84.40920275817324,POINT (-84.40920275817324 33.778113447794404),5.0,6.0,5.0,6.0,5.0,5.0,5.0,5.0,21.0,21.0,21.0,21.0,24.66666666666667,48.5,24.56097222222223,17.27777777777778,1.4
2025-10-03 22:49:22+00:00,33.7781238000089,-84.40921237919042,POINT (-84.40921237919042 33.7781238000089),5.0,6.0,5.0,6.0,5.0,5.0,5.0,5.0,21.0,21.0,21.0,21.0,24.66666666666667,48.5,24.56097222222223,17.27777777777778,1.4
2025-10-03 22:49:23+00:00,33.77813465088499,-84.40922246364775,POINT (-84.40922246364775 33.77813465088499),6.0,8.0,6.0,8.0,4.0,4.0,4.0,4.0,25.0,25.0,17.0,17.0,24.61111111111111,48.3,24.500027777777785,17.22222222222222,1.1
2025-10-03 22:49:24+00:00,33.77815317117625,-84.40923967581435,POINT (-84.40923967581435 33.77815317117625),6.0,8.0,6.0,8.0,4.0,4.0,4.0,4.0,25.0,25.0,17.0,17.0,24.61111111111111,48.3,24.500027777777785,17.22222222222222,1.1
2025-10-03 22:49:25+00:00,33.778161415049574,-84.40924733740667,POINT (-84.40924733740667 33.778161415049574),6.0,8.0,6.0,8.0,4.0,4.0,4.0,4.0,25.0,25.0,17.0,17.0,24.61111111111111,48.3,24.500027777777785,17.22222222222222,1.1
2025-10-03 22:49:26+00:00,33.77816862370144,-84.40925403689725,POINT (-84.40925403689725 33.77816862370144),6.0,8.0,6.0,8.0,4.0,4.0,4.0,4.0,25.0,25.0,17.0,17.0,24.61111111111111,48.3,24.500027777777785,17.22222222222222,1.1
2025-10-03 22:49:27+00:00,33.7781850735498,-84.4092693248604,POINT (-84.4092693248604 33.7781850735498),6.0,8.0,6.0,8.0,4.0,4.0,4.0,4.0,25.0,25.0,17.0,17.0,24.61111111111111,48.3,24.500027777777785,17.22222222222222,1.1
2025-10-03 22:49:28+00:00,33.77819071042036,-84.4092745635877,POINT (-84.4092745635877 33.77819071042036),6.0,8.0,6.0,8.0,4.0,4.0,4.0,4.0,25.0,25.0,17.0,17.0,24.555555555555557,48.1,24.439083333333336,17.22222222222222,0.8
2025-10-03 22:49:29+00:00,33.77820152339817,-84.40928461282357,POINT (-84.40928461282357 33.77820152339817),6.0,8.0,6.0,8.0,4.0,4.0,4.0,4.0,25.0,25.0,17.0,17.0,24.555555555555557,48.1,24.439083333333336,17.22222222222222,0.8
2025-10-03 22:49:30+00:00,33.77821287293584,-84.40929516072104,POINT (-84.40929516072104 33.77821287293584),6.0,8.0,6.0,8.0,4.0,4.0,4.0,4.0,25.0,25.0,17.0,17.0,24.555555555555557,48.1,24.439083333333336,17.22222222222222,0.8
2025-10-03 22:49:31+00:00,33.77822318725206,-84.40930474651678,POINT (-84.40930474651678 33.77822318725206),6.0,8.0,6.0,8.0,4.0,4.0,4.0,4.0,25.0,25.0,17.0,17.0,24.555555555555557,48.1,24.439083333333336,17.22222222222222,0.8
2025-10-03 22:49:32+00:00,33.77823353946656,-84.40931436753398,POINT (-84.40931436753398 33.77823353946656),6.0,8.0,6.0,8.0,4.0,4.0,4.0,4.0,25.0,25.0,17.0,17.0,24.555555555555557,48.1,24.439083333333336,17.22222222222222,0.8
2025-10-03 22:49:33+00:00,33.77824492690252,-84.40932495065289,POINT (-84.40932495065289 33.77824492690252),6.0,8.0,6.0,8.0,4.0,4.0,4.0,4.0,25.0,25.0,17.0,17.0,24.499999999999996,48.1,24.380749999999992,17.11111111111111,0.9
2025-10-03 22:49:34+00:00,33.77826306222704,-84.40934180504371,POINT (-84.40934180504371 33.77826306222704),6.0,8.0,6.0,8.0,4.0,4.0,4.0,4.0,25.0,25.0,17.0,17.0,24.499999999999996,48.1,24.380749999999992,17.11111111111111,0.9
2025-10-03 22:49:35+00:00,33.778270845337055,-84.40934903841733,POINT (-84.40934903841733 33.778270845337055),6.0,8.0,6.0,8.0,4.0,4.0,4.0,4.0,25.0,25.0,17.0,17.0,24.499999999999996,48.1,24.380749999999992,17.11111111111111,0.9
2025-10-03 22:49:36+00:00,33.77827759322562,-84.40935530968923,POINT (-84.40935530968923 33.77827759322562),6.0,8.0,6.0,8.0,4.0,4.0,4.0,4.0,25.0,25.0,17.0,17.0,24.499999999999996,48.1,24.380749999999992,17.11111111111111,0.9
2025-10-03 22:49:37+00:00,33.77828698601523,-84.4093640390476,POINT (-84.4093640390476 33.77828698601523),6.0,8.0,6.0,8.0,4.0,4.0,4.0,4.0,25.0,25.0,17.0,17.0,24.499999999999996,48.1,24.380749999999992,17.11111111111111,0.9
2025-10-03 22:49:38+00:00,33.778296378804846,-84.40937276840599,POINT (-84.40937276840599 33.778296378804846),7.0,8.0,7.0,8.0,4.0,4.0,4.0,4.0,29.0,29.0,17.0,17.0,24.444444444444443,48.0,24.321111111111108,17.0,0.9
2025-10-03 22:49:39+00:00,33.77831409126434,-84.40938922979957,POINT (-84.40938922979957 33.77831409126434),7.0,8.0,7.0,8.0,4.0,4.0,4.0,4.0,29.0,29.0,17.0,17.0,24.444444444444443,48.0,24.321111111111108,17.0,0.9
2025-10-03 22:49:40+00:00,33.77832137571277,-84.40939599973305,POINT (-84.40939599973305 33.77832137571277),7.0,8.0,7.0,8.0,4.0,4.0,4.0,4.0,29.0,29.0,17.0,17.0,24.444444444444443,48.0,24.321111111111108,17.0,0.9
2025-10-03 22:49:41+00:00,33.77832866016121,-84.40940276966654,POINT (-84.40940276966654 33.77832866016121),7.0,8.0,7.0,8.0,4.0,4.0,4.0,4.0,29.0,29.0,17.0,17.0,24.444444444444443,48.0,24.321111111111108,17.0,0.9
2025-10-03 22:49:42+00:00,33.77833954893558,-84.40941288934532,POINT (-84.40941288934532 33.77833954893558),7.0,8.0,7.0,8.0,4.0,4.0,4.0,4.0,29.0,29.0,17.0,17.0,24.444444444444443,48.0,24.321111111111108,17.0,0.9
2025-10-03 22:49:43+00:00,33.77835043770994,-84.40942300902411,POINT (-84.40942300902411 33.77835043770994),7.0,8.0,7.0,8.0,4.0,4.0,4.0,4.0,29.0,29.0,17.0,17.0,24.388888888888893,48.0,24.262777777777778,17.0,0.0
2025-10-03 22:49:44+00:00,33.77836182514589,-84.40943359214302,POINT (-84.40943359214302 33.77836182514589),7.0,8.0,7.0,8.0,4.0,4.0,4.0,4.0,29.0,29.0,17.0,17.0,24.388888888888893,48.0,24.262777777777778,17.0,0.0
2025-10-03 22:49:45+00:00,33.77837735346765,-84.40944802366882,POINT (-84.40944802366882 33.77837735346765),7.0,8.0,7.0,8.0,4.0,4.0,4.0,4.0,29.0,29.0,17.0,17.0,24.388888888888893,48.0,24.262777777777778,17.0,0.0
2025-10-03 22:49:46+00:00,33.7783825295749,-84.4094528341774,POINT (-84.4094528341774 33.7783825295749),7.0,8.0,7.0,8.0,4.0,4.0,4.0,4.0,29.0,29.0,17.0,17.0,24.388888888888893,48.0,24.262777777777778,17.0,0.0
2025-10-03 22:49:47+00:00,33.778392383127816,-84.40946199175447,POINT (-84.40946199175447 33.778392383127816),7.0,8.0,7.0,8.0,4.0,4.0,4.0,4.0,29.0,29.0,17.0,17.0,24.388888888888893,48.0,24.262777777777778,17.0,0.0
2025-10-03 22:49:48+00:00,33.77840223668073,-84.40947114933154,POINT (-84.40947114933154 33.77840223668073),7.0,8.0,7.0,8.0,4.0,4.0,4.0,4.0,29.0,29.0,17.0,17.0,24.27777777777778,48.0,24.146111111111107,16.88888888888889,0.8
2025-10-03 22:49:49+00:00,33.778411591572066,-84.40947984346846,POINT (-84.40947984346846 33.778411591572066),7.0,8.0,7.0,8.0,4.0,4.0,4.0,4.0,29.0,29.0,17.0,17.0,24.27777777777778,48.0,24.146111111111107,16.88888888888889,0.8
2025-10-03 22:49:50+00:00,33.778420447801814,-84.40948807416525,POINT (-84.40948807416525 33.778420447801814),7.0,8.0,7.0,8.0,4.0,4.0,4.0,4.0,29.0,29.0,17.0,17.0,24.27777777777778,48.0,24.146111111111107,16.88888888888889,0.8
2025-10-03 22:49:51+00:00,33.77842980269314,-84.40949676830218,POINT (-84.40949676830218 33.77842980269314),7.0,8.0,7.0,8.0,4.0,4.0,4.0,4.0,29.0,29.0,17.0,17.0,24.27777777777778,48.0,24.146111111111107,16.88888888888889,0.8
2025-10-03 22:49:52+00:00,33.778439656246064,-84.40950592587923,POINT (-84.40950592587923 33.778439656246064),7.0,8.0,7.0,8.0,4.0,4.0,4.0,4.0,29.0,29.0,17.0,17.0,24.27777777777778,48.0,24.146111111111107,16.88888888888889,0.8
2025-10-03 22:49:53+00:00,33.77844950979898,-84.4095150834563,POINT (-84.4095150834563 33.77844950979898),7.0,7.0,7.0,7.0,4.0,6.0,4.0,6.0,29.0,29.0,17.0,17.0,24.222222222222218,48.1,24.08908333333333,16.77777777777778,0.0
2025-10-03 22:49:54+00:00,33.778459401250174,-84.4095242762548,POINT (-84.4095242762548 33.778459401250174),7.0,7.0,7.0,7.0,4.0,6.0,4.0,6.0,29.0,29.0,17.0,17.0,24.222222222222218,48.1,24.08908333333333,16.77777777777778,0.0
2025-10-03 22:49:55+00:00,33.77847400804532,-84.40953785134323,POINT (-84.40953785134323 33.77847400804532),7.0,7.0,7.0,7.0,4.0,6.0,4.0,6.0,29.0,29.0,17.0,17.0,24.222222222222218,48.1,24.08908333333333,16.77777777777778,0.0
2025-10-03 22:49:56+00:00,33.778479222050855,-84.40954269707328,POINT (-84.40954269707328 33.778479222050855),7.0,7.0,7.0,7.0,4.0,6.0,4.0,6.0,29.0,29.0,17.0,17.0,24.222222222222218,48.1,24.08908333333333,16.77777777777778,0.0
2025-10-03 22:49:57+00:00,33.77848865273875,-84.40955146165311,POINT (-84.40955146165311 33.77848865273875),7.0,7.0,7.0,7.0,4.0,6.0,4.0,6.0,29.0,29.0,17.0,17.0,24.222222222222218,48.1,24.08908333333333,16.77777777777778,0.0
2025-10-03 22:49:58+00:00,33.77849808342664,-84.40956022623294,POINT (-84.40956022623294 33.77849808342664),7.0,7.0,7.0,7.0,4.0,6.0,4.0,6.0,29.0,29.0,17.0,17.0,24.222222222222218,48.1,24.08908333333333,16.88888888888889,0.8
2025-10-03 22:49:59+00:00,33.77850701545295,-84.40956852737263,POINT (-84.40956852737263 33.77850701545295),7.0,7.0,7.0,7.0,4.0,6.0,4.0,6.0,29.0,29.0,17.0,17.0,24.222222222222218,48.1,24.08908333333333,16.88888888888889,0.8
2025-10-03 22:50:00+00:00,33.77851648403913,-84.4095773271739,POINT (-84.4095773271739 33.77851648403913),7.0,7.0,7.0,7.0,4.0,6.0,4.0,6.0,29.0,29.0,17.0,17.0,24.222222222222218,48.1,24.08908333333333,16.88888888888889,0.8
2025-10-03 22:50:01+00:00,33.778525416065435,-84.4095856283136,POINT (-84.4095856283136 33.778525416065435),7.0,7.0,7.0,7.0,4.0,6.0,4.0,6.0,29.0,29.0,17.0,17.0,24.222222222222218,48.1,24.08908333333333,16.88888888888889,0.8
2025-10-03 22:50:02+00:00,33.77853948630071,-84.40959870474043,POINT (-84.40959870474043 33.77853948630071),7.0,7.0,7.0,7.0,4.0,6.0,4.0,6.0,29.0,29.0,17.0,17.0,24.222222222222218,48.1,24.08908333333333,16.88888888888889,0.8
2025-10-03 22:50:03+00:00,33.77854466240796,-84.40960351524903,POINT (-84.40960351524903 33.77854466240796),7.0,7.0,7.0,7.0,4.0,6.0,4.0,6.0,29.0,29.0,17.0,17.0,24.111111111111114,48.2,23.97372222222223,16.77777777777778,0.9
2025-10-03 22:50:04+00:00,33.77854987641349,-84.40960836097908,POINT (-84.40960836097908 33.77854987641349),7.0,7.0,7.0,7.0,4.0,6.0,4.0,6.0,29.0,29.0,17.0,17.0,24.111111111111114,48.2,23.97372222222223,16.77777777777778,0.9
2025-10-03 22:50:05+00:00,33.77855716086193,-84.40961513091257,POINT (-84.40961513091257 33.77855716086193),7.0,7.0,7.0,7.0,4.0,6.0,4.0,6.0,29.0,29.0,17.0,17.0,24.111111111111114,48.2,23.97372222222223,16.77777777777778,0.9
2025-10-03 22:50:06+00:00,33.77856444531036,-84.40962190084605,POINT (-84.40962190084605 33.77856444531036),7.0,7.0,7.0,7.0,4.0,6.0,4.0,6.0,29.0,29.0,17.0,17.0,24.111111111111114,48.2,23.97372222222223,16.77777777777778,0.9
2025-10-03 22:50:07+00:00,33.77857326364183,-84.4096300963214,POINT (-84.4096300963214 33.77857326364183),7.0,7.0,7.0,7.0,4.0,6.0,4.0,6.0,29.0,29.0,17.0,17.0,24.111111111111114,48.2,23.97372222222223,16.77777777777778,0.9
2025-10-03 22:50:08+00:00,33.77858261853316,-84.40963879045832,POINT (-84.40963879045832 33.77858261853316),5.0,5.0,5.0,5.0,4.0,6.0,4.0,6.0,21.0,21.0,17.0,17.0,24.166666666666668,48.3,24.033361111111116,16.77777777777778,0.0
2025-10-03 22:50:09+00:00,33.77859350730753,-84.40964891013711,POINT (-84.40964891013711 33.77859350730753),5.0,5.0,5.0,5.0,4.0,6.0,4.0,6.0,21.0,21.0,17.0,17.0,24.166666666666668,48.3,24.033361111111116,16.77777777777778,0.0
2025-10-03 22:50:10+00:00,33.778613675176665,-84.4096676535099,POINT (-84.4096676535099 33.778613675176665),5.0,5.0,5.0,5.0,4.0,6.0,4.0,6.0,21.0,21.0,17.0,17.0,24.166666666666668,48.3,24.033361111111116,16.77777777777778,0.0
2025-10-03 22:50:11+00:00,33.77862195694827,-84.40967535032367,POINT (-84.40967535032367 33.77862195694827),5.0,5.0,5.0,5.0,4.0,6.0,4.0,6.0,21.0,21.0,17.0,17.0,24.166666666666668,48.3,24.033361111111116,16.77777777777778,0.0
2025-10-03 22:50:12+00:00,33.77863023871986,-84.40968304713742,POINT (-84.40968304713742 33.77863023871986),5.0,5.0,5.0,5.0,4.0,6.0,4.0,6.0,21.0,21.0,17.0,17.0,24.166666666666668,48.3,24.033361111111116,16.77777777777778,0.0
2025-10-03 22:50:13+00:00,33.77864258558071,-84.40969452191516,POINT (-84.40969452191516 33.77864258558071),5.0,5.0,5.0,5.0,4.0,6.0,4.0,6.0,21.0,21.0,17.0,17.0,24.111111111111114,48.3,23.975027777777782,16.77777777777778,0.8
2025-10-03 22:50:14+00:00,33.77865546900142,-84.40970649535447,POINT (-84.40970649535447 33.77865546900142),5.0,5.0,5.0,5.0,4.0,6.0,4.0,6.0,21.0,21.0,17.0,17.0,24.111111111111114,48.3,23.975027777777782,16.77777777777778,0.8
2025-10-03 22:50:15+00:00,33.778675245664736,-84.40972715317919,POINT (-84.40972715317919 33.778675245664736),5.0,5.0,5.0,5.0,4.0,6.0,4.0,6.0,21.0,21.0,17.0,17.0,24.111111111111114,48.3,23.975027777777782,16.77777777777778,0.8
2025-10-03 22:50:16+00:00,33.77868176300578,-84.40973604046242,POINT (-84.40973604046242 33.77868176300578),5.0,5.0,5.0,5.0,4.0,6.0,4.0,6.0,21.0,21.0,17.0,17.0,24.111111111111114,48.3,23.975027777777782,16.77777777777778,0.8
2025-10-03 22:50:17+00:00,33.778688153179196,-84.40974475433526,POINT (-84.40974475433526 33.778688153179196),5.0,5.0,5.0,5.0,4.0,6.0,4.0,6.0,21.0,21.0,17.0,17.0,24.111111111111114,48.3,23.975027777777782,16.77777777777778,0.8
2025-10-03 22:50:18+00:00,33.77870401734104,-84.40976638728324,POINT (-84.40976638728324 33.77870401734104),5.0,5.0,5.0,5.0,4.0,6.0,4.0,6.0,21.0,21.0,17.0,17.0,24.111111111111114,48.4,23.97633333333333,16.77777777777778,0.0
2025-10-03 22:50:19+00:00,33.778709231213874,-84.40977349710982,POINT (-84.40977349710982 33.778709231213874),5.0,5.0,5.0,5.0,4.0,6.0,4.0,6.0,21.0,21.0,17.0,17.0,24.111111111111114,48.4,23.97633333333333,16.77777777777778,0.0
2025-10-03 22:50:20+00:00,33.77871953179191,-84.4097875433526,POINT (-84.4097875433526 33.77871953179191),5.0,5.0,5.0,5.0,4.0,6.0,4.0,6.0,21.0,21.0,17.0,17.0,24.111111111111114,48.4,23.97633333333333,16.77777777777778,0.0
2025-10-03 22:50:21+00:00,33.77872948265896,-84.40980111271676,POINT (-84.40980111271676 33.77872948265896),5.0,5.0,5.0,5.0,4.0,6.0,4.0,6.0,21.0,21.0,17.0,17.0,24.111111111111114,48.4,23.97633333333333,16.77777777777778,0.0
2025-10-03 22:50:22+00:00,33.77874013294797,-84.40981563583814,POINT (-84.40981563583814 33.77874013294797),5.0,5.0,5.0,5.0,4.0,6.0,4.0,6.0,21.0,21.0,17.0,17.0,24.111111111111114,48.4,23.97633333333333,16.77777777777778,0.0
2025-10-03 22:50:23+00:00,33.778755520231215,-84.40983661849711,POINT (-84.40983661849711 33.778755520231215),5.0,5.0,5.0,5.0,5.0,5.0,5.0,5.0,21.0,21.0,21.0,21.0,24.166666666666668,48.5,24.035972222222217,16.77777777777778,0.0
2025-10-03 22:50:24+00:00,33.77876073410405,-84.40984372832371,POINT (-84.40984372832371 33.77876073410405),5.0,5.0,5.0,5.0,5.0,5.0,5.0,5.0,21.0,21.0,21.0,21.0,24.166666666666668,48.5,24.035972222222217,16.77777777777778,0.0
2025-10-03 22:50:25+00:00,33.778776852601155,-84.40986570809248,POINT (-84.40986570809248 33.778776852601155),5.0,5.0,5.0,5.0,5.0,5.0,5.0,5.0,21.0,21.0,21.0,21.0,24.166666666666668,48.5,24.035972222222217,16.77777777777778,0.0
2025-10-03 22:50:26+00:00,33.77878417783191,-84.40987746041414,POINT (-84.40987746041414 33.77878417783191),5.0,5.0,5.0,5.0,5.0,5.0,5.0,5.0,21.0,21.0,21.0,21.0,24.166666666666668,48.5,24.035972222222217,16.77777777777778,0.0
2025-10-03 22:50:27+00:00,33.77878963459196,-84.4098872046285,POINT (-84.4098872046285 33.77878963459196),5.0,5.0,5.0,5.0,5.0,5.0,5.0,5.0,21.0,21.0,21.0,21.0,24.166666666666668,48.5,24.035972222222217,16.77777777777778,0.0
2025-10-03 22:50:28+00:00,33.77879618270402,-84.40989889768575,POINT (-84.40989889768575 33.77879618270402),5.0,5.0,5.0,5.0,5.0,5.0,5.0,5.0,21.0,21.0,21.0,21.0,24.222222222222218,48.6,24.095611111111104,16.88888888888889,0.0
2025-10-03 22:50:29+00:00,33.7788029183922,-84.40991092570036,POINT (-84.40991092570036 33.7788029183922),5.0,5.0,5.0,5.0,5.0,5.0,5.0,5.0,21.0,21.0,21.0,21.0,24.222222222222218,48.6,24.095611111111104,16.88888888888889,0.0
2025-10-03 22:50:30+00:00,33.778809943970764,-84.40992347137637,POINT (-84.40992347137637 33.778809943970764),5.0,5.0,5.0,5.0,5.0,5.0,5.0,5.0,21.0,21.0,21.0,21.0,24.222222222222218,48.6,24.095611111111104,16.88888888888889,0.0
2025-10-03 22:50:31+00:00,33.77881782216809,-84.40993753958588,POINT (-84.40993753958588 33.77881782216809),5.0,5.0,5.0,5.0,5.0,5.0,5.0,5.0,21.0,21.0,21.0,21.0,24.222222222222218,48.6,24.095611111111104,16.88888888888889,0.0
2025-10-03 22:50:32+00:00,33.77882575152253,-84.40995169914738,POINT (-84.40995169914738 33.77882575152253),5.0,5.0,5.0,5.0,5.0,5.0,5.0,5.0,21.0,21.0,21.0,21.0,24.222222222222218,48.6,24.095611111111104,16.88888888888889,0.0
2025-10-03 22:50:33+00:00,33.778837432399506,-84.40997255785626,POINT (-84.40997255785626 33.778837432399506),5.0,5.0,5.0,5.0,5.0,5.0,5.0,5.0,21.0,21.0,21.0,21.0,24.222222222222218,48.6,24.095611111111104,16.88888888888889,0.0
2025-10-03 22:50:34+00:00,33.7788420365408,-84.40998077953715,POINT (-84.40998077953715 33.7788420365408),5.0,5.0,5.0,5.0,5.0,5.0,5.0,5.0,21.0,21.0,21.0,21.0,24.222222222222218,48.6,24.095611111111104,16.88888888888889,0.0
2025-10-03 22:50:35+00:00,33.77884645310596,-84.40998866626066,POINT (-84.40998866626066 33.77884645310596),5.0,5.0,5.0,5.0,5.0,5.0,5.0,5.0,21.0,21.0,21.0,21.0,24.222222222222218,48.6,24.095611111111104,16.88888888888889,0.0
2025-10-03 22:50:36+00:00,33.77885286479903,-84.41000011571255,POINT (-84.41000011571255 33.77885286479903),5.0,5.0,5.0,5.0,5.0,5.0,5.0,5.0,21.0,21.0,21.0,21.0,24.222222222222218,48.6,24.095611111111104,16.88888888888889,0.0
2025-10-03 22:50:37+00:00,33.778859276492085,-84.41001156516444,POINT (-84.41001156516444 33.778859276492085),5.0,5.0,5.0,5.0,5.0,5.0,5.0,5.0,21.0,21.0,21.0,21.0,24.222222222222218,48.6,24.095611111111104,16.88888888888889,0.0
2025-10-03 22:50:38+00:00,33.77887053105968,-84.41003166260658,POINT (-84.41003166260658 33.77887053105968),7.0,7.0,7.0,7.0,4.0,4.0,4.0,4.0,29.0,29.0,17.0,17.0,24.222222222222218,48.8,24.098222222222223,16.88888888888889,0.0
2025-10-03 22:50:39+00:00,33.77887494762484,-84.41003954933008,POINT (-84.41003954933008 33.77887494762484),7.0,7.0,7.0,7.0,4.0,4.0,4.0,4.0,29.0,29.0,17.0,17.0,24.222222222222218,48.8,24.098222222222223,16.88888888888889,0.0
2025-10-03 22:50:40+00:00,33.77887979049939,-84.41004819732034,POINT (-84.41004819732034 33.77887979049939),7.0,7.0,7.0,7.0,4.0,4.0,4.0,4.0,29.0,29.0,17.0,17.0,24.222222222222218,48.8,24.098222222222223,16.88888888888889,0.0
2025-10-03 22:50:41+00:00,33.77888681607795,-84.41006074299635,POINT (-84.41006074299635 33.77888681607795),7.0,7.0,7.0,7.0,4.0,4.0,4.0,4.0,29.0,29.0,17.0,17.0,24.222222222222218,48.8,24.098222222222223,16.88888888888889,0.0
2025-10-03 22:50:42+00:00,33.77889336419001,-84.4100724360536,POINT (-84.4100724360536 33.77889336419001),7.0,7.0,7.0,7.0,4.0,4.0,4.0,4.0,29.0,29.0,17.0,17.0,24.222222222222218,48.8,24.098222222222223,16.88888888888889,0.0
2025-10-03 22:50:43+00:00,33.77889882095006,-84.41008218026798,POINT (-84.41008218026798 33.77889882095006),7.0,7.0,7.0,7.0,4.0,4.0,4.0,4.0,29.0,29.0,17.0,17.0,24.111111111111114,48.8,23.981555555555552,16.88888888888889,0.0
2025-10-03 22:50:44+00:00,33.77890337393422,-84.41009031059683,POINT (-84.41009031059683 33.77890337393422),7.0,7.0,7.0,7.0,4.0,4.0,4.0,4.0,29.0,29.0,17.0,17.0,24.111111111111114,48.8,23.981555555555552,16.88888888888889,0.0
2025-10-03 22:50:45+00:00,33.778907739342266,-84.41009810596834,POINT (-84.41009810596834 33.778907739342266),7.0,7.0,7.0,7.0,4.0,4.0,4.0,4.0,29.0,29.0,17.0,17.0,24.111111111111114,48.8,23.981555555555552,16.88888888888889,0.0
2025-10-03 22:50:46+00:00,33.77891111571254,-84.41010413520097,POINT (-84.41010413520097 33.77891111571254),7.0,7.0,7.0,7.0,4.0,4.0,4.0,4.0,29.0,29.0,17.0,17.0,24.111111111111114,48.8,23.981555555555552,16.88888888888889,0.0
2025-10-03 22:50:47+00:00,33.778911883069426,-84.41010550548113,POINT (-84.41010550548113 33.778911883069426),7.0,7.0,7.0,7.0,4.0,4.0,4.0,4.0,29.0,29.0,17.0,17.0,24.111111111111114,48.8,23.981555555555552,16.88888888888889,0.0
2025-10-03 22:50:48+00:00,33.778912838002434,-84.41010721071864,POINT (-84.41010721071864 33.778912838002434),7.0,7.0,7.0,7.0,4.0,4.0,4.0,4.0,29.0,29.0,17.0,17.0,24.222222222222218,48.9,24.099527777777773,16.88888888888889,0.0
2025-10-03 22:50:49+00:00,33.77891379293544,-84.41010891595616,POINT (-84.41010891595616 33.77891379293544),7.0,7.0,7.0,7.0,4.0,4.0,4.0,4.0,29.0,29.0,17.0,17.0,24.222222222222218,48.9,24.099527777777773,16.88888888888889,0.0
2025-10-03 22:50:50+00:00,33.77891474786845,-84.41011062119367,POINT (-84.41011062119367 33.77891474786845),7.0,7.0,7.0,7.0,4.0,4.0,4.0,4.0,29.0,29.0,17.0,17.0,24.222222222222218,48.9,24.099527777777773,16.88888888888889,0.0
2025-10-03 22:50:51+00:00,33.77893243501327,-84.41011145092838,POINT (-84.41011145092838 33.77893243501327),7.0,7.0,7.0,7.0,4.0,4.0,4.0,4.0,29.0,29.0,17.0,17.0,24.222222222222218,48.9,24.099527777777773,16.88888888888889,0.0
2025-10-03 22:50:52+00:00,33.778935151193636,-84.41010958355439,POINT (-84.41010958355439 33.778935151193636),7.0,7.0,7.0,7.0,4.0,4.0,4.0,4.0,29.0,29.0,17.0,17.0,24.222222222222218,48.9,24.099527777777773,16.88888888888889,0.0
2025-10-03 22:50:53+00:00,33.77893786737401,-84.41010771618038,POINT (-84.41010771618038 33.77893786737401),7.0,7.0,7.0,7.0,5.5,5.5,5.5,5.5,29.0,29.0,23.0,23.0,24.166666666666668,48.8,24.039888888888886,16.88888888888889,0.0
2025-10-03 22:50:54+00:00,33.77894058355438,-84.41010584880637,POINT (-84.41010584880637 33.77894058355438),7.0,7.0,7.0,7.0,5.5,5.5,5.5,5.5,29.0,29.0,23.0,23.0,24.166666666666668,48.8,24.039888888888886,16.88888888888889,0.0
2025-10-03 22:50:55+00:00,33.778944445623345,-84.41010319363396,POINT (-84.41010319363396 33.778944445623345),7.0,7.0,7.0,7.0,5.5,5.5,5.5,5.5,29.0,29.0,23.0,23.0,24.166666666666668,48.8,24.039888888888886,16.88888888888889,0.0
2025-10-03 22:50:56+00:00,33.778947161803714,-84.41010132625995,POINT (-84.41010132625995 33.778947161803714),7.0,7.0,7.0,7.0,5.5,5.5,5.5,5.5,29.0,29.0,23.0,23.0,24.166666666666668,48.8,24.039888888888886,16.88888888888889,0.0
2025-10-03 22:50:57+00:00,33.77894987798408,-84.41009945888595,POINT (-84.41009945888595 33.77894987798408),7.0,7.0,7.0,7.0,5.5,5.5,5.5,5.5,29.0,29.0,23.0,23.0,24.166666666666668,48.8,24.039888888888886,16.88888888888889,0.0
2025-10-03 22:50:58+00:00,33.77895259416446,-84.41009759151194,POINT (-84.41009759151194 33.77895259416446),7.0,7.0,7.0,7.0,5.5,5.5,5.5,5.5,29.0,29.0,23.0,23.0,24.166666666666668,48.9,24.04119444444444,16.88888888888889,0.7
2025-10-03 22:50:59+00:00,33.77895645623342,-84.41009493633953,POINT (-84.41009493633953 33.77895645623342),7.0,7.0,7.0,7.0,5.5,5.5,5.5,5.5,29.0,29.0,23.0,23.0,24.166666666666668,48.9,24.04119444444444,16.88888888888889,0.7
2025-10-03 22:51:00+00:00,33.77895917241379,-84.41009306896552,POINT (-84.41009306896552 33.77895917241379),7.0,7.0,7.0,7.0,5.5,5.5,5.5,5.5,29.0,29.0,23.0,23.0,24.166666666666668,48.9,24.04119444444444,16.88888888888889,0.7
2025-10-03 22:51:01+00:00,33.778978694960216,-84.41007964721486,POINT (-84.41007964721486 33.778978694960216),7.0,7.0,7.0,7.0,5.5,5.5,5.5,5.5,29.0,29.0,23.0,23.0,24.166666666666668,48.9,24.04119444444444,16.88888888888889,0.7
2025-10-03 22:51:02+00:00,33.77898663129974,-84.41007419098143,POINT (-84.41007419098143 33.77898663129974),7.0,7.0,7.0,7.0,5.5,5.5,5.5,5.5,29.0,29.0,23.0,23.0,24.166666666666668,48.9,24.04119444444444,16.88888888888889,0.7
2025-10-03 22:51:03+00:00,33.77899435543767,-84.4100688806366,POINT (-84.4100688806366 33.77899435543767),7.0,7.0,7.0,7.0,5.5,5.5,5.5,5.5,29.0,29.0,23.0,23.0,24.222222222222218,48.9,24.099527777777773,16.88888888888889,0.0
2025-10-03 22:51:04+00:00,33.779005941644556,-84.41006091511937,POINT (-84.41006091511937 33.779005941644556),7.0,7.0,7.0,7.0,5.5,5.5,5.5,5.5,29.0,29.0,23.0,23.0,24.222222222222218,48.9,24.099527777777773,16.88888888888889,0.0
2025-10-03 22:51:05+00:00,33.77901846153846,-84.41005230769231,POINT (-84.41005230769231 33.77901846153846),7.0,7.0,7.0,7.0,5.5,5.5,5.5,5.5,29.0,29.0,23.0,23.0,24.222222222222218,48.9,24.099527777777773,16.88888888888889,0.0
2025-10-03 22:51:06+00:00,33.77903785676392,-84.4100389734748,POINT (-84.4100389734748 33.77903785676392),7.0,7.0,7.0,7.0,5.5,5.5,5.5,5.5,29.0,29.0,23.0,23.0,24.222222222222218,48.9,24.099527777777773,16.88888888888889,0.0
2025-10-03 22:51:07+00:00,33.77904562334218,-84.41003363395225,POINT (-84.41003363395225 33.77904562334218),7.0,7.0,7.0,7.0,5.5,5.5,5.5,5.5,29.0,29.0,23.0,23.0,24.222222222222218,48.9,24.099527777777773,16.88888888888889,0.0
2025-10-03 22:51:08+00:00,33.779052710875334,-84.41002876127321,POINT (-84.41002876127321 33.779052710875334),9.0,9.0,9.0,9.0,10.0,10.0,10.0,10.0,38.0,38.0,42.0,42.0,24.27777777777778,49.0,24.15916666666667,17.0,0.0
2025-10-03 22:51:09+00:00,33.77911,-84.410028,POINT (-84.410028 33.77911),9.0,9.0,9.0,9.0,10.0,10.0,10.0,10.0,38.0,38.0,42.0,42.0,24.27777777777778,49.0,24.15916666666667,17.0,0.0
2025-10-03 22:51:10+00:00,33.77911205882353,-84.41002923529412,POINT (-84.41002923529412 33.77911205882353),9.0,9.0,9.0,9.0,10.0,10.0,10.0,10.0,38.0,38.0,42.0,42.0,24.27777777777778,49.0,24.15916666666667,17.0,0.0
2025-10-03 22:51:11+00:00,33.7791175,-84.4100325,POINT (-84.4100325 33.7791175),9.0,9.0,9.0,9.0,10.0,10.0,10.0,10.0,38.0,38.0,42.0,42.0,24.27777777777778,49.0,24.15916666666667,17.0,0.0
2025-10-03 22:51:12+00:00,33.779125441176475,-84.41003726470589,POINT (-84.41003726470589 33.779125441176475),9.0,9.0,9.0,9.0,10.0,10.0,10.0,10.0,38.0,38.0,42.0,42.0,24.27777777777778,49.0,24.15916666666667,17.0,0.0
2025-10-03 22:51:13+00:00,33.77913602941177,-84.41004361764706,POINT (-84.41004361764706 33.77913602941177),9.0,9.0,9.0,9.0,10.0,10.0,10.0,10.0,38.0,38.0,42.0,42.0,24.27777777777778,49.1,24.160472222222225,17.0,0.0
2025-10-03 22:51:14+00:00,33.779148235294116,-84.41005094117646,POINT (-84.41005094117646 33.779148235294116),9.0,9.0,9.0,9.0,10.0,10.0,10.0,10.0,38.0,38.0,42.0,42.0,24.27777777777778,49.1,24.160472222222225,17.0,0.0
2025-10-03 22:51:15+00:00,33.77915926470588,-84.41005755882352,POINT (-84.41005755882352 33.77915926470588),9.0,9.0,9.0,9.0,10.0,10.0,10.0,10.0,38.0,38.0,42.0,42.0,24.27777777777778,49.1,24.160472222222225,17.0,0.0
2025-10-03 22:51:16+00:00,33.779177205882355,-84.41006832352942,POINT (-84.41006832352942 33.779177205882355),9.0,9.0,9.0,9.0,10.0,10.0,10.0,10.0,38.0,38.0,42.0,42.0,24.27777777777778,49.1,24.160472222222225,17.0,0.0
2025-10-03 22:51:17+00:00,33.77918367647059,-84.41007220588236,POINT (-84.41007220588236 33.77918367647059),9.0,9.0,9.0,9.0,10.0,10.0,10.0,10.0,38.0,38.0,42.0,42.0,24.27777777777778,49.1,24.160472222222225,17.0,0.0
2025-10-03 22:51:18+00:00,33.779190588235295,-84.41007635294118,POINT (-84.41007635294118 33.779190588235295),9.0,9.0,9.0,9.0,10.0,10.0,10.0,10.0,38.0,38.0,42.0,42.0,24.27777777777778,49.1,24.160472222222225,17.0,0.0
2025-10-03 22:51:19+00:00,33.7791975,-84.4100805,POINT (-84.4100805 33.7791975),9.0,9.0,9.0,9.0,10.0,10.0,10.0,10.0,38.0,38.0,42.0,42.0,24.27777777777778,49.1,24.160472222222225,17.0,0.0
2025-10-03 22:51:20+00:00,33.77920294117647,-84.41008376470589,POINT (-84.41008376470589 33.77920294117647),9.0,9.0,9.0,9.0,10.0,10.0,10.0,10.0,38.0,38.0,42.0,42.0,24.27777777777778,49.1,24.160472222222225,17.0,0.0
2025-10-03 22:51:21+00:00,33.77920794117647,-84.41008676470588,POINT (-84.41008676470588 33.77920794117647),9.0,9.0,9.0,9.0,10.0,10.0,10.0,10.0,38.0,38.0,42.0,42.0,24.27777777777778,49.1,24.160472222222225,17.0,0.0
2025-10-03 22:51:22+00:00,33.77921411764706,-84.41009047058824,POINT (-84.41009047058824 33.77921411764706),9.0,9.0,9.0,9.0,10.0,10.0,10.0,10.0,38.0,38.0,42.0,42.0,24.27777777777778,49.1,24.160472222222225,17.0,0.0
2025-10-03 22:51:23+00:00,33.779223382352946,-84.41009602941176,POINT (-84.41009602941176 33.779223382352946),8.0,8.0,8.0,8.0,8.0,9.0,8.0,9.0,33.0,33.0,33.0,33.0,24.27777777777778,49.0,24.15916666666667,17.0,0.0
2025-10-03 22:51:24+00:00,33.779235,-84.410103,POINT (-84.410103 33.779235),8.0,8.0,8.0,8.0,8.0,9.0,8.0,9.0,33.0,33.0,33.0,33.0,24.27777777777778,49.0,24.15916666666667,17.0,0.0
2025-10-03 22:51:25+00:00,33.7792469117647,-84.41011014705883,POINT (-84.41011014705883 33.7792469117647),8.0,8.0,8.0,8.0,8.0,9.0,8.0,9.0,33.0,33.0,33.0,33.0,24.27777777777778,49.0,24.15916666666667,17.0,0.0
2025-10-03 22:51:26+00:00,33.77925955882353,-84.41011773529412,POINT (-84.41011773529412 33.77925955882353),8.0,8.0,8.0,8.0,8.0,9.0,8.0,9.0,33.0,33.0,33.0,33.0,24.27777777777778,49.0,24.15916666666667,17.0,0.0
2025-10-03 22:51:27+00:00,33.77927867647058,-84.41012920588236,POINT (-84.41012920588236 33.77927867647058),8.0,8.0,8.0,8.0,8.0,9.0,8.0,9.0,33.0,33.0,33.0,33.0,24.27777777777778,49.0,24.15916666666667,17.0,0.0
2025-10-03 22:51:28+00:00,33.779284852941174,-84.4101329117647,POINT (-84.4101329117647 33.779284852941174),8.0,8.0,8.0,8.0,8.0,9.0,8.0,9.0,33.0,33.0,33.0,33.0,24.222222222222218,49.1,24.102138888888888,17.0,0.0
2025-10-03 22:51:29+00:00,33.77929794117647,-84.41014076470589,POINT (-84.41014076470589 33.77929794117647),8.0,8.0,8.0,8.0,8.0,9.0,8.0,9.0,33.0,33.0,33.0,33.0,24.222222222222218,49.1,24.102138888888888,17.0,0.0
2025-10-03 22:51:30+00:00,33.779311029411765,-84.41014861764707,POINT (-84.41014861764707 33.779311029411765),8.0,8.0,8.0,8.0,8.0,9.0,8.0,9.0,33.0,33.0,33.0,33.0,24.222222222222218,49.1,24.102138888888888,17.0,0.0
2025-10-03 22:51:31+00:00,33.77932411764706,-84.41015647058823,POINT (-84.41015647058823 33.77932411764706),8.0,8.0,8.0,8.0,8.0,9.0,8.0,9.0,33.0,33.0,33.0,33.0,24.222222222222218,49.1,24.102138888888888,17.0,0.0
2025-10-03 22:51:32+00:00,33.77934178542834,-84.41016552441954,POINT (-84.41016552441954 33.77934178542834),8.0,8.0,8.0,8.0,8.0,9.0,8.0,9.0,33.0,33.0,33.0,33.0,24.222222222222218,49.1,24.102138888888888,17.0,0.0
2025-10-03 22:51:33+00:00,33.779348241793436,-84.41016855084068,POINT (-84.41016855084068 33.779348241793436),8.0,8.0,8.0,8.0,8.0,9.0,8.0,9.0,33.0,33.0,33.0,33.0,24.222222222222218,49.1,24.102138888888888,17.0,0.0
2025-10-03 22:51:34+00:00,33.77936968614892,-84.41017860288231,POINT (-84.41017860288231 33.77936968614892),8.0,8.0,8.0,8.0,8.0,9.0,8.0,9.0,33.0,33.0,33.0,33.0,24.222222222222218,49.1,24.102138888888888,17.0,0.0
2025-10-03 22:51:35+00:00,33.779378602081664,-84.41018278222579,POINT (-84.41018278222579 33.779378602081664),8.0,8.0,8.0,8.0,8.0,9.0,8.0,9.0,33.0,33.0,33.0,33.0,24.222222222222218,49.1,24.102138888888888,17.0,0.0
2025-10-03 22:51:36+00:00,33.779387082465966,-84.41018675740592,POINT (-84.41018675740592 33.779387082465966),8.0,8.0,8.0,8.0,8.0,9.0,8.0,9.0,33.0,33.0,33.0,33.0,24.222222222222218,49.1,24.102138888888888,17.0,0.0
2025-10-03 22:51:37+00:00,33.779400430744595,-84.41019301441153,POINT (-84.41019301441153 33.779400430744595),8.0,8.0,8.0,8.0,8.0,9.0,8.0,9.0,33.0,33.0,33.0,33.0,24.222222222222218,49.1,24.102138888888888,17.0,0.0
2025-10-03 22:51:38+00:00,33.77941295916733,-84.41019888710969,POINT (-84.41019888710969 33.77941295916733),7.0,7.0,7.0,7.0,6.0,6.0,6.0,6.0,29.0,29.0,25.0,25.0,24.222222222222218,49.1,24.102138888888888,16.88888888888889,0.9
2025-10-03 22:51:39+00:00,33.77943363490793,-84.41020857886309,POINT (-84.41020857886309 33.77943363490793),7.0,7.0,7.0,7.0,6.0,6.0,6.0,6.0,29.0,29.0,25.0,25.0,24.222222222222218,49.1,24.102138888888888,16.88888888888889,0.9
2025-10-03 22:51:40+00:00,33.77944255084067,-84.41021275820657,POINT (-84.41021275820657 33.77944255084067),7.0,7.0,7.0,7.0,6.0,6.0,6.0,6.0,29.0,29.0,25.0,25.0,24.222222222222218,49.1,24.102138888888888,16.88888888888889,0.9
2025-10-03 22:51:41+00:00,33.77945026261009,-84.41021637309848,POINT (-84.41021637309848 33.77945026261009),7.0,7.0,7.0,7.0,6.0,6.0,6.0,6.0,29.0,29.0,25.0,25.0,24.222222222222218,49.1,24.102138888888888,16.88888888888889,0.9
2025-10-03 22:51:42+00:00,33.77946163811049,-84.4102217053643,POINT (-84.4102217053643 33.77946163811049),7.0,7.0,7.0,7.0,6.0,6.0,6.0,6.0,29.0,29.0,25.0,25.0,24.222222222222218,49.1,24.102138888888888,16.88888888888889,0.9
2025-10-03 22:51:43+00:00,33.77947137389911,-84.41022626901521,POINT (-84.41022626901521 33.77947137389911),7.0,7.0,7.0,7.0,6.0,6.0,6.0,6.0,29.0,29.0,25.0,25.0,24.166666666666668,49.1,24.043805555555558,16.88888888888889,0.9
2025-10-03 22:51:44+00:00,33.7794807253803,-84.41023065252202,POINT (-84.41023065252202 33.7794807253803),7.0,7.0,7.0,7.0,6.0,6.0,6.0,6.0,29.0,29.0,25.0,25.0,24.166666666666668,49.1,24.043805555555558,16.88888888888889,0.9
2025-10-03 22:51:45+00:00,33.77949089671737,-84.41023542033626,POINT (-84.41023542033626 33.77949089671737),7.0,7.0,7.0,7.0,6.0,6.0,6.0,6.0,29.0,29.0,25.0,25.0,24.166666666666668,49.1,24.043805555555558,16.88888888888889,0.9
2025-10-03 22:51:46+00:00,33.77950265652522,-84.41024093274619,POINT (-84.41024093274619 33.77950265652522),7.0,7.0,7.0,7.0,6.0,6.0,6.0,6.0,29.0,29.0,25.0,25.0,24.166666666666668,49.1,24.043805555555558,16.88888888888889,0.9
2025-10-03 22:51:47+00:00,33.7795241521217,-84.41025100880705,POINT (-84.41025100880705 33.7795241521217),7.0,7.0,7.0,7.0,6.0,6.0,6.0,6.0,29.0,29.0,25.0,25.0,24.166666666666668,49.1,24.043805555555558,16.88888888888889,0.9
2025-10-03 22:51:48+00:00,33.77953268374699,-84.4102550080064,POINT (-84.4102550080064 33.77953268374699),7.0,7.0,7.0,7.0,6.0,6.0,6.0,6.0,29.0,29.0,25.0,25.0,24.166666666666668,49.1,24.043805555555558,16.88888888888889,0.0
2025-10-03 22:51:49+00:00,33.77954077982386,-84.41025880304244,POINT (-84.41025880304244 33.77954077982386),7.0,7.0,7.0,7.0,6.0,6.0,6.0,6.0,29.0,29.0,25.0,25.0,24.166666666666668,49.1,24.043805555555558,16.88888888888889,0.0
2025-10-03 22:51:50+00:00,33.7795525396317,-84.41026431545237,POINT (-84.41026431545237 33.7795525396317),7.0,7.0,7.0,7.0,6.0,6.0,6.0,6.0,29.0,29.0,25.0,25.0,24.166666666666668,49.1,24.043805555555558,16.88888888888889,0.0
2025-10-03 22:51:51+00:00,33.77956506805444,-84.41027018815052,POINT (-84.41027018815052 33.77956506805444),7.0,7.0,7.0,7.0,6.0,6.0,6.0,6.0,29.0,29.0,25.0,25.0,24.166666666666668,49.1,24.043805555555558,16.88888888888889,0.0
2025-10-03 22:51:52+00:00,33.77958564131305,-84.4102798318655,POINT (-84.4102798318655 33.77958564131305),7.0,7.0,7.0,7.0,6.0,6.0,6.0,6.0,29.0,29.0,25.0,25.0,24.166666666666668,49.1,24.043805555555558,16.88888888888889,0.0
2025-10-03 22:51:53+00:00,33.77959412169736,-84.41028380704563,POINT (-84.41028380704563 33.77959412169736),6.0,6.5,6.0,6.5,7.0,7.0,7.0,7.0,25.0,25.0,29.0,29.0,24.222222222222218,49.2,24.103444444444445,17.0,0.9
2025-10-03 22:51:54+00:00,33.77960216653323,-84.41028757806245,POINT (-84.41028757806245 33.77960216653323),6.0,6.5,6.0,6.5,7.0,7.0,7.0,7.0,25.0,25.0,29.0,29.0,24.222222222222218,49.2,24.103444444444445,17.0,0.9
2025-10-03 22:51:55+00:00,33.77961218414732,-84.41029227381905,POINT (-84.41029227381905 33.77961218414732),6.0,6.5,6.0,6.5,7.0,7.0,7.0,7.0,25.0,25.0,29.0,29.0,24.222222222222218,49.2,24.103444444444445,17.0,0.9
2025-10-03 22:51:56+00:00,33.77962051080865,-84.41029617694156,POINT (-84.41029617694156 33.77962051080865),6.0,6.5,6.0,6.5,7.0,7.0,7.0,7.0,25.0,25.0,29.0,29.0,24.222222222222218,49.2,24.103444444444445,17.0,0.9
2025-10-03 22:51:57+00:00,33.779627633306646,-84.4102995156125,POINT (-84.4102995156125 33.779627633306646),6.0,6.5,6.0,6.5,7.0,7.0,7.0,7.0,25.0,25.0,29.0,29.0,24.222222222222218,49.2,24.103444444444445,17.0,0.9
2025-10-03 22:51:58+00:00,33.779636011208964,-84.4103034427542,POINT (-84.4103034427542 33.779636011208964),6.0,6.5,6.0,6.5,7.0,7.0,7.0,7.0,25.0,25.0,29.0,29.0,24.166666666666668,49.3,24.046416666666662,17.0,0.9
2025-10-03 22:51:59+00:00,33.77964323618895,-84.41030682946356,POINT (-84.41030682946356 33.77964323618895),6.0,6.5,6.0,6.5,7.0,7.0,7.0,7.0,25.0,25.0,29.0,29.0,24.166666666666668,49.3,24.046416666666662,17.0,0.9
2025-10-03 22:52:00+00:00,33.77965,-84.41031,POINT (-84.41031 33.77965),6.0,6.5,6.0,6.5,7.0,7.0,7.0,7.0,25.0,25.0,29.0,29.0,24.166666666666668,49.3,24.046416666666662,17.0,0.9
2025-10-03 22:52:01+00:00,33.77965,-84.41031,POINT (-84.41031 33.77965),6.0,6.5,6.0,6.5,7.0,7.0,7.0,7.0,25.0,25.0,29.0,29.0,24.166666666666668,49.3,24.046416666666662,17.0,0.9
2025-10-03 22:52:02+00:00,33.77965,-84.41031,POINT (-84.41031 33.77965),6.0,6.5,6.0,6.5,7.0,7.0,7.0,7.0,25.0,25.0,29.0,29.0,24.166666666666668,49.3,24.046416666666662,17.0,0.9
2025-10-03 22:52:03+00:00,33.77965,-84.41031,POINT (-84.41031 33.77965),6.0,6.5,6.0,6.5,7.0,7.0,7.0,7.0,25.0,25.0,29.0,29.0,24.111111111111114,49.4,23.989388888888893,17.0,0.0
2025-10-03 22:52:04+00:00,33.77965,-84.41031,POINT (-84.41031 33.77965),6.0,6.5,6.0,6.5,7.0,7.0,7.0,7.0,25.0,25.0,29.0,29.0,24.111111111111114,49.4,23.989388888888893,17.0,0.0
2025-10-03 22:52:05+00:00,33.77965,-84.41031,POINT (-84.41031 33.77965),6.0,6.5,6.0,6.5,7.0,7.0,7.0,7.0,25.0,25.0,29.0,29.0,24.111111111111114,49.4,23.989388888888893,17.0,0.0
2025-10-03 22:52:06+00:00,33.77965,-84.41031,POINT (-84.41031 33.77965),6.0,6.5,6.0,6.5,7.0,7.0,7.0,7.0,25.0,25.0,29.0,29.0,24.111111111111114,49.4,23.989388888888893,17.0,0.0
2025-10-03 22:52:07+00:00,33.77965,-84.41031,POINT (-84.41031 33.77965),6.0,6.5,6.0,6.5,7.0,7.0,7.0,7.0,25.0,25.0,29.0,29.0,24.111111111111114,49.4,23.989388888888893,17.0,0.0
2025-10-03 22:52:08+00:00,33.77965,-84.41031,POINT (-84.41031 33.77965),7.0,7.0,7.0,7.0,4.0,4.0,4.0,4.0,29.0,29.0,17.0,17.0,24.166666666666668,49.4,24.04772222222222,17.0,0.0
2025-10-03 22:52:09+00:00,33.77965,-84.41031,POINT (-84.41031 33.77965),7.0,7.0,7.0,7.0,4.0,4.0,4.0,4.0,29.0,29.0,17.0,17.0,24.166666666666668,49.4,24.04772222222222,17.0,0.0
2025-10-03 22:52:10+00:00,33.77965,-84.41031,POINT (-84.41031 33.77965),7.0,7.0,7.0,7.0,4.0,4.0,4.0,4.0,29.0,29.0,17.0,17.0,24.166666666666668,49.4,24.04772222222222,17.0,0.0
2025-10-03 22:52:11+00:00,33.77965,-84.41031,POINT (-84.41031 33.77965),7.0,7.0,7.0,7.0,4.0,4.0,4.0,4.0,29.0,29.0,17.0,17.0,24.166666666666668,49.4,24.04772222222222,17.0,0.0
2025-10-03 22:52:12+00:00,33.77965,-84.41031,POINT (-84.41031 33.77965),7.0,7.0,7.0,7.0,4.0,4.0,4.0,4.0,29.0,29.0,17.0,17.0,24.166666666666668,49.4,24.04772222222222,17.0,0.0
2025-10-03 22:52:13+00:00,33.77965,-84.41031,POINT (-84.41031 33.77965),7.0,7.0,7.0,7.0,4.0,4.0,4.0,4.0,29.0,29.0,17.0,17.0,24.055555555555557,49.4,23.93105555555555,16.88888888888889,0.0
2025-10-03 22:52:14+00:00,33.77965,-84.41031,POINT (-84.41031 33.77965),7.0,7.0,7.0,7.0,4.0,4.0,4.0,4.0,29.0,29.0,17.0,17.0,24.055555555555557,49.4,23.93105555555555,16.88888888888889,0.0
2025-10-03 22:52:15+00:00,33.77965,-84.41031,POINT (-84.41031 33.77965),7.0,7.0,7.0,7.0,4.0,4.0,4.0,4.0,29.0,29.0,17.0,17.0,24.055555555555557,49.4,23.93105555555555,16.88888888888889,0.0
2025-10-03 22:52:16+00:00,33.77965,-84.41031,POINT (-84.41031 33.77965),7.0,7.0,7.0,7.0,4.0,4.0,4.0,4.0,29.0,29.0,17.0,17.0,24.055555555555557,49.4,23.93105555555555,16.88888888888889,0.0
2025-10-03 22:52:17+00:00,33.77965,-84.41031,POINT (-84.41031 33.77965),7.0,7.0,7.0,7.0,4.0,4.0,4.0,4.0,29.0,29.0,17.0,17.0,24.055555555555557,49.4,23.93105555555555,16.88888888888889,0.0
2025-10-03 22:52:18+00:00,33.77965,-84.41031,POINT (-84.41031 33.77965),7.0,7.0,7.0,7.0,4.0,4.0,4.0,4.0,29.0,29.0,17.0,17.0,24.0,49.5,23.874027777777783,16.88888888888889,0.0
2025-10-03 22:52:19+00:00,33.77965,-84.41031,POINT (-84.41031 33.77965),7.0,7.0,7.0,7.0,4.0,4.0,4.0,4.0,29.0,29.0,17.0,17.0,24.0,49.5,23.874027777777783,16.88888888888889,0.0
2025-10-03 22:52:20+00:00,33.77965,-84.41031,POINT (-84.41031 33.77965),7.0,7.0,7.0,7.0,4.0,4.0,4.0,4.0,29.0,29.0,17.0,17.0,24.0,49.5,23.874027777777783,16.88888888888889,0.0
2025-10-03 22:52:21+00:00,33.77965,-84.41031,POINT (-84.41031 33.77965),7.0,7.0,7.0,7.0,4.0,4.0,4.0,4.0,29.0,29.0,17.0,17.0,24.0,49.5,23.874027777777783,16.88888888888889,0.0
2025-10-03 22:52:22+00:00,33.77965,-84.41031,POINT (-84.41031 33.77965),7.0,7.0,7.0,7.0,4.0,4.0,4.0,4.0,29.0,29.0,17.0,17.0,24.0,49.5,23.874027777777783,16.88888888888889,0.0
2025-10-03 22:52:23+00:00,33.77965,-84.41031,POINT (-84.41031 33.77965),7.0,7.0,7.0,7.0,5.0,6.0,5.0,6.0,29.0,29.0,21.0,21.0,23.944444444444443,49.5,23.81569444444444,16.88888888888889,0.0
2025-10-03 22:52:24+00:00,33.77965,-84.41031,POINT (-84.41031 33.77965),7.0,7.0,7.0,7.0,5.0,6.0,5.0,6.0,29.0,29.0,21.0,21.0,23.944444444444443,49.5,23.81569444444444,16.88888888888889,0.0
2025-10-03 22:52:25+00:00,33.77965,-84.41031,POINT (-84.41031 33.77965),7.0,7.0,7.0,7.0,5.0,6.0,5.0,6.0,29.0,29.0,21.0,21.0,23.944444444444443,49.5,23.81569444444444,16.88888888888889,0.0
2025-10-03 22:52:26+00:00,33.77965,-84.41031,POINT (-84.41031 33.77965),7.0,7.0,7.0,7.0,5.0,6.0,5.0,6.0,29.0,29.0,21.0,21.0,23.944444444444443,49.5,23.81569444444444,16.88888888888889,0.0
2025-10-03 22:52:27+00:00,33.77965,-84.41031,POINT (-84.41031 33.77965),7.0,7.0,7.0,7.0,5.0,6.0,5.0,6.0,29.0,29.0,21.0,21.0,23.944444444444443,49.5,23.81569444444444,16.88888888888889,0.0
2025-10-03 22:52:28+00:00,33.77965,-84.41031,POINT (-84.41031 33.77965),7.0,7.0,7.0,7.0,5.0,6.0,5.0,6.0,29.0,29.0,21.0,21.0,23.944444444444443,49.6,23.816999999999997,16.88888888888889,0.0
2025-10-03 22:52:29+00:00,33.77965,-84.41031,POINT (-84.41031 33.77965),7.0,7.0,7.0,7.0,5.0,6.0,5.0,6.0,29.0,29.0,21.0,21.0,23.944444444444443,49.6,23.816999999999997,16.88888888888889,0.0
2025-10-03 22:52:30+00:00,33.77965,-84.41031,POINT (-84.41031 33.77965),7.0,7.0,7.0,7.0,5.0,6.0,5.0,6.0,29.0,29.0,21.0,21.0,23.944444444444443,49.6,23.816999999999997,16.88888888888889,0.0
2025-10-03 22:52:31+00:00,33.77965,-84.41031,POINT (-84.41031 33.77965),7.0,7.0,7.0,7.0,5.0,6.0,5.0,6.0,29.0,29.0,21.0,21.0,23.944444444444443,49.6,23.816999999999997,16.88888888888889,0.0
2025-10-03 22:52:32+00:00,33.77965,-84.41031,POINT (-84.41031 33.77965),7.0,7.0,7.0,7.0,5.0,6.0,5.0,6.0,29.0,29.0,21.0,21.0,23.944444444444443,49.6,23.816999999999997,16.88888888888889,0.0
2025-10-03 22:52:33+00:00,33.77965,-84.41031,POINT (-84.41031 33.77965),7.0,7.0,7.0,7.0,5.0,6.0,5.0,6.0,29.0,29.0,21.0,21.0,23.88888888888889,49.6,23.75866666666667,16.77777777777778,0.0
2025-10-03 22:52:34+00:00,33.77965,-84.41031,POINT (-84.41031 33.77965),7.0,7.0,7.0,7.0,5.0,6.0,5.0,6.0,29.0,29.0,21.0,21.0,23.88888888888889,49.6,23.75866666666667,16.77777777777778,0.0
2025-10-03 22:52:35+00:00,33.77965,-84.41031,POINT (-84.41031 33.77965),7.0,7.0,7.0,7.0,5.0,6.0,5.0,6.0,29.0,29.0,21.0,21.0,23.88888888888889,49.6,23.75866666666667,16.77777777777778,0.0
2025-10-03 22:52:36+00:00,33.77965,-84.41031,POINT (-84.41031 33.77965),7.0,7.0,7.0,7.0,5.0,6.0,5.0,6.0,29.0,29.0,21.0,21.0,23.88888888888889,49.6,23.75866666666667,16.77777777777778,0.0
2025-10-03 22:52:37+00:00,33.77965,-84.41031,POINT (-84.41031 33.77965),7.0,7.0,7.0,7.0,5.0,6.0,5.0,6.0,29.0,29.0,21.0,21.0,23.88888888888889,49.6,23.75866666666667,16.77777777777778,0.0
2025-10-03 22:52:38+00:00,33.77965,-84.41031,POINT (-84.41031 33.77965),8.0,8.0,8.0,8.0,4.0,5.0,4.0,5.0,33.0,33.0,17.0,17.0,23.88888888888889,49.6,23.75866666666667,16.77777777777778,0.0
2025-10-03 22:52:39+00:00,33.77965,-84.41031,POINT (-84.41031 33.77965),8.0,8.0,8.0,8.0,4.0,5.0,4.0,5.0,33.0,33.0,17.0,17.0,23.88888888888889,49.6,23.75866666666667,16.77777777777778,0.0
2025-10-03 22:52:40+00:00,33.77965,-84.41031,POINT (-84.41031 33.77965),8.0,8.0,8.0,8.0,4.0,5.0,4.0,5.0,33.0,33.0,17.0,17.0,23.88888888888889,49.6,23.75866666666667,16.77777777777778,0.0
2025-10-03 22:52:41+00:00,33.77965007964601,-84.41030880530974,POINT (-84.41030880530974 33.77965007964601),8.0,8.0,8.0,8.0,4.0,5.0,4.0,5.0,33.0,33.0,17.0,17.0,23.88888888888889,49.6,23.75866666666667,16.77777777777778,0.0
2025-10-03 22:52:42+00:00,33.779650146017694,-84.41030780973452,POINT (-84.41030780973452 33.779650146017694),8.0,8.0,8.0,8.0,4.0,5.0,4.0,5.0,33.0,33.0,17.0,17.0,23.88888888888889,49.6,23.75866666666667,16.77777777777778,0.0
2025-10-03 22:52:43+00:00,33.77965021238938,-84.41030681415928,POINT (-84.41030681415928 33.77965021238938),8.0,8.0,8.0,8.0,4.0,5.0,4.0,5.0,33.0,33.0,17.0,17.0,23.88888888888889,49.7,23.75997222222222,16.77777777777778,0.0
2025-10-03 22:52:44+00:00,33.77965034955752,-84.41030475663716,POINT (-84.41030475663716 33.77965034955752),8.0,8.0,8.0,8.0,4.0,5.0,4.0,5.0,33.0,33.0,17.0,17.0,23.88888888888889,49.7,23.75997222222222,16.77777777777778,0.0
2025-10-03 22:52:45+00:00,33.7796504159292,-84.41030376106194,POINT (-84.41030376106194 33.7796504159292),8.0,8.0,8.0,8.0,4.0,5.0,4.0,5.0,33.0,33.0,17.0,17.0,23.88888888888889,49.7,23.75997222222222,16.77777777777778,0.0
2025-10-03 22:52:46+00:00,33.779650548672564,-84.41030176991151,POINT (-84.41030176991151 33.779650548672564),8.0,8.0,8.0,8.0,4.0,5.0,4.0,5.0,33.0,33.0,17.0,17.0,23.88888888888889,49.7,23.75997222222222,16.77777777777778,0.0
2025-10-03 22:52:47+00:00,33.77965061504425,-84.41030077433628,POINT (-84.41030077433628 33.77965061504425),8.0,8.0,8.0,8.0,4.0,5.0,4.0,5.0,33.0,33.0,17.0,17.0,23.88888888888889,49.7,23.75997222222222,16.77777777777778,0.0
2025-10-03 22:52:48+00:00,33.77965068141592,-84.41029977876106,POINT (-84.41029977876106 33.77965068141592),8.0,8.0,8.0,8.0,4.0,5.0,4.0,5.0,33.0,33.0,17.0,17.0,23.88888888888889,49.7,23.75997222222222,16.88888888888889,0.0
2025-10-03 22:52:49+00:00,33.77965081415929,-84.41029778761062,POINT (-84.41029778761062 33.77965081415929),8.0,8.0,8.0,8.0,4.0,5.0,4.0,5.0,33.0,33.0,17.0,17.0,23.88888888888889,49.7,23.75997222222222,16.88888888888889,0.0
2025-10-03 22:52:50+00:00,33.77965088495575,-84.41029672566371,POINT (-84.41029672566371 33.77965088495575),8.0,8.0,8.0,8.0,4.0,5.0,4.0,5.0,33.0,33.0,17.0,17.0,23.88888888888889,49.7,23.75997222222222,16.88888888888889,0.0
2025-10-03 22:52:51+00:00,33.77965101769911,-84.41029473451327,POINT (-84.41029473451327 33.77965101769911),8.0,8.0,8.0,8.0,4.0,5.0,4.0,5.0,33.0,33.0,17.0,17.0,23.88888888888889,49.7,23.75997222222222,16.88888888888889,0.0
2025-10-03 22:52:52+00:00,33.77965108407079,-84.41029373893805,POINT (-84.41029373893805 33.77965108407079),8.0,8.0,8.0,8.0,4.0,5.0,4.0,5.0,33.0,33.0,17.0,17.0,23.88888888888889,49.7,23.75997222222222,16.88888888888889,0.0
2025-10-03 22:52:53+00:00,33.779651150442476,-84.41029274336283,POINT (-84.41029274336283 33.779651150442476),7.0,7.0,7.0,7.0,5.0,5.0,5.0,5.0,29.0,29.0,21.0,21.0,23.88888888888889,49.7,23.75997222222222,16.77777777777778,0.0
2025-10-03 22:52:54+00:00,33.779651283185835,-84.41029075221239,POINT (-84.41029075221239 33.779651283185835),7.0,7.0,7.0,7.0,5.0,5.0,5.0,5.0,29.0,29.0,21.0,21.0,23.88888888888889,49.7,23.75997222222222,16.77777777777778,0.0
2025-10-03 22:52:55+00:00,33.77965134955752,-84.41028975663716,POINT (-84.41028975663716 33.77965134955752),7.0,7.0,7.0,7.0,5.0,5.0,5.0,5.0,29.0,29.0,21.0,21.0,23.88888888888889,49.7,23.75997222222222,16.77777777777778,0.0
2025-10-03 22:52:56+00:00,33.77965142035398,-84.41028869469027,POINT (-84.41028869469027 33.77965142035398),7.0,7.0,7.0,7.0,5.0,5.0,5.0,5.0,29.0,29.0,21.0,21.0,23.88888888888889,49.7,23.75997222222222,16.77777777777778,0.0
2025-10-03 22:52:57+00:00,33.779651553097345,-84.41028670353982,POINT (-84.41028670353982 33.779651553097345),7.0,7.0,7.0,7.0,5.0,5.0,5.0,5.0,29.0,29.0,21.0,21.0,23.88888888888889,49.7,23.75997222222222,16.77777777777778,0.0
2025-10-03 22:52:58+00:00,33.77965161946902,-84.4102857079646,POINT (-84.4102857079646 33.77965161946902),7.0,7.0,7.0,7.0,5.0,5.0,5.0,5.0,29.0,29.0,21.0,21.0,23.833333333333336,49.7,23.701638888888887,16.77777777777778,0.0
2025-10-03 22:52:59+00:00,33.77965175221239,-84.41028371681415,POINT (-84.41028371681415 33.77965175221239),7.0,7.0,7.0,7.0,5.0,5.0,5.0,5.0,29.0,29.0,21.0,21.0,23.833333333333336,49.7,23.701638888888887,16.77777777777778,0.0
2025-10-03 22:53:00+00:00,33.77965181858407,-84.41028272123893,POINT (-84.41028272123893 33.77965181858407),7.0,7.0,7.0,7.0,5.0,5.0,5.0,5.0,29.0,29.0,21.0,21.0,23.833333333333336,49.7,23.701638888888887,16.77777777777778,0.0
2025-10-03 22:53:01+00:00,33.77965188495575,-84.41028172566371,POINT (-84.41028172566371 33.77965188495575),7.0,7.0,7.0,7.0,5.0,5.0,5.0,5.0,29.0,29.0,21.0,21.0,23.833333333333336,49.7,23.701638888888887,16.77777777777778,0.0
2025-10-03 22:53:02+00:00,33.77965202212389,-84.4102796681416,POINT (-84.4102796681416 33.77965202212389),7.0,7.0,7.0,7.0,5.0,5.0,5.0,5.0,29.0,29.0,21.0,21.0,23.833333333333336,49.7,23.701638888888887,16.77777777777778,0.0
2025-10-03 22:53:03+00:00,33.779652088495574,-84.41027867256638,POINT (-84.41027867256638 33.779652088495574),7.0,7.0,7.0,7.0,5.0,5.0,5.0,5.0,29.0,29.0,21.0,21.0,23.833333333333336,49.8,23.702944444444444,16.77777777777778,0.7
2025-10-03 22:53:04+00:00,33.77965222123893,-84.41027668141592,POINT (-84.41027668141592 33.77965222123893),7.0,7.0,7.0,7.0,5.0,5.0,5.0,5.0,29.0,29.0,21.0,21.0,23.833333333333336,49.8,23.702944444444444,16.77777777777778,0.7
2025-10-03 22:53:05+00:00,33.77965228761062,-84.4102756858407,POINT (-84.4102756858407 33.77965228761062),7.0,7.0,7.0,7.0,5.0,5.0,5.0,5.0,29.0,29.0,21.0,21.0,23.833333333333336,49.8,23.702944444444444,16.77777777777778,0.7
2025-10-03 22:53:06+00:00,33.7796542079646,-84.41024688053098,POINT (-84.41024688053098 33.7796542079646),7.0,7.0,7.0,7.0,5.0,5.0,5.0,5.0,29.0,29.0,21.0,21.0,23.833333333333336,49.8,23.702944444444444,16.77777777777778,0.7
2025-10-03 22:53:07+00:00,33.7797,-84.41018,POINT (-84.41018 33.7797),7.0,7.0,7.0,7.0,5.0,5.0,5.0,5.0,29.0,29.0,21.0,21.0,23.833333333333336,49.8,23.702944444444444,16.77777777777778,0.7
2025-10-03 22:53:08+00:00,33.7797,-84.41018,POINT (-84.41018 33.7797),7.0,7.0,7.0,7.0,5.0,5.0,5.0,5.0,29.0,29.0,21.0,21.0,23.944444444444443,50.0,23.82222222222222,16.88888888888889,0.9
2025-10-03 22:53:09+00:00,33.7797,-84.41018,POINT (-84.41018 33.7797),7.0,7.0,7.0,7.0,5.0,5.0,5.0,5.0,29.0,29.0,21.0,21.0,23.944444444444443,50.0,23.82222222222222,16.88888888888889,0.9
2025-10-03 22:53:10+00:00,33.7797,-84.41018,POINT (-84.41018 33.7797),7.0,7.0,7.0,7.0,5.0,5.0,5.0,5.0,29.0,29.0,21.0,21.0,23.944444444444443,50.0,23.82222222222222,16.88888888888889,0.9
2025-10-03 22:53:11+00:00,33.77969986111389,-84.41016611138886,POINT (-84.41016611138886 33.77969986111389),7.0,7.0,7.0,7.0,5.0,5.0,5.0,5.0,29.0,29.0,21.0,21.0,23.944444444444443,50.0,23.82222222222222,16.88888888888889,0.9
2025-10-03 22:53:12+00:00,33.77969973112688,-84.41015311268872,POINT (-84.41015311268872 33.77969973112688),7.0,7.0,7.0,7.0,5.0,5.0,5.0,5.0,29.0,29.0,21.0,21.0,23.944444444444443,50.0,23.82222222222222,16.88888888888889,0.9
2025-10-03 22:53:13+00:00,33.77969961113889,-84.41014111388861,POINT (-84.41014111388861 33.77969961113889),7.0,7.0,7.0,7.0,5.0,5.0,5.0,5.0,29.0,29.0,21.0,21.0,23.944444444444443,50.0,23.82222222222222,16.88888888888889,0.9
2025-10-03 22:53:14+00:00,33.77969948115188,-84.41012811518848,POINT (-84.41012811518848 33.77969948115188),7.0,7.0,7.0,7.0,5.0,5.0,5.0,5.0,29.0,29.0,21.0,21.0,23.944444444444443,50.0,23.82222222222222,16.88888888888889,0.9
2025-10-03 22:53:15+00:00,33.779699361163885,-84.41011611638837,POINT (-84.41011611638837 33.779699361163885),7.0,7.0,7.0,7.0,5.0,5.0,5.0,5.0,29.0,29.0,21.0,21.0,23.944444444444443,50.0,23.82222222222222,16.88888888888889,0.9
2025-10-03 22:53:16+00:00,33.77969919118088,-84.4100991180882,POINT (-84.4100991180882 33.77969919118088),7.0,7.0,7.0,7.0,5.0,5.0,5.0,5.0,29.0,29.0,21.0,21.0,23.944444444444443,50.0,23.82222222222222,16.88888888888889,0.9
2025-10-03 22:53:17+00:00,33.77969904129587,-84.41008412958703,POINT (-84.41008412958703 33.77969904129587),7.0,7.0,7.0,7.0,5.0,5.0,5.0,5.0,29.0,29.0,21.0,21.0,23.944444444444443,50.0,23.82222222222222,16.88888888888889,0.9
2025-10-03 22:53:18+00:00,33.779698901209876,-84.41007012098791,POINT (-84.41007012098791 33.779698901209876),7.0,7.0,7.0,7.0,5.0,5.0,5.0,5.0,29.0,29.0,21.0,21.0,24.055555555555557,50.2,23.941499999999994,17.11111111111111,1.0
2025-10-03 22:53:19+00:00,33.779698741125884,-84.41005411258874,POINT (-84.41005411258874 33.779698741125884),7.0,7.0,7.0,7.0,5.0,5.0,5.0,5.0,29.0,29.0,21.0,21.0,24.055555555555557,50.2,23.941499999999994,17.11111111111111,1.0
2025-10-03 22:53:20+00:00,33.779698561043894,-84.41003610438956,POINT (-84.41003610438956 33.779698561043894),7.0,7.0,7.0,7.0,5.0,5.0,5.0,5.0,29.0,29.0,21.0,21.0,24.055555555555557,50.2,23.941499999999994,17.11111111111111,1.0
2025-10-03 22:53:21+00:00,33.779698360963906,-84.41001609639036,POINT (-84.41001609639036 33.779698360963906),7.0,7.0,7.0,7.0,5.0,5.0,5.0,5.0,29.0,29.0,21.0,21.0,24.055555555555557,50.2,23.941499999999994,17.11111111111111,1.0
2025-10-03 22:53:22+00:00,33.77969816088391,-84.40999608839117,POINT (-84.40999608839117 33.77969816088391),7.0,7.0,7.0,7.0,5.0,5.0,5.0,5.0,29.0,29.0,21.0,21.0,24.055555555555557,50.2,23.941499999999994,17.11111111111111,1.0
2025-10-03 22:53:23+00:00,33.779697960803915,-84.40997608039196,POINT (-84.40997608039196 33.779697960803915),6.0,7.0,6.0,7.0,6.0,6.0,6.0,6.0,25.0,25.0,25.0,25.0,24.055555555555557,50.2,23.941499999999994,17.11111111111111,1.0
2025-10-03 22:53:24+00:00,33.779697670932904,-84.40994709329067,POINT (-84.40994709329067 33.779697670932904),6.0,7.0,6.0,7.0,6.0,6.0,6.0,6.0,25.0,25.0,25.0,25.0,24.055555555555557,50.2,23.941499999999994,17.11111111111111,1.0
2025-10-03 22:53:25+00:00,33.779697571042895,-84.40993710428957,POINT (-84.40993710428957 33.779697571042895),6.0,7.0,6.0,7.0,6.0,6.0,6.0,6.0,25.0,25.0,25.0,25.0,24.055555555555557,50.2,23.941499999999994,17.11111111111111,1.0
2025-10-03 22:53:26+00:00,33.77969726167383,-84.40990616738327,POINT (-84.40990616738327 33.77969726167383),6.0,7.0,6.0,7.0,6.0,6.0,6.0,6.0,25.0,25.0,25.0,25.0,24.055555555555557,50.2,23.941499999999994,17.11111111111111,1.0
2025-10-03 22:53:27+00:00,33.7796971319868,-84.40989319868012,POINT (-84.40989319868012 33.7796971319868),6.0,7.0,6.0,7.0,6.0,6.0,6.0,6.0,25.0,25.0,25.0,25.0,24.055555555555557,50.2,23.941499999999994,17.11111111111111,1.0
2025-10-03 22:53:28+00:00,33.77969701229877,-84.40988122987702,POINT (-84.40988122987702 33.77969701229877),6.0,7.0,6.0,7.0,6.0,6.0,6.0,6.0,25.0,25.0,25.0,25.0,24.055555555555557,50.1,23.940194444444444,17.0,0.9
2025-10-03 22:53:29+00:00,33.77969683271673,-84.40986327167283,POINT (-84.40986327167283 33.77969683271673),6.0,7.0,6.0,7.0,6.0,6.0,6.0,6.0,25.0,25.0,25.0,25.0,24.055555555555557,50.1,23.940194444444444,17.0,0.9
2025-10-03 22:53:30+00:00,33.7796966430357,-84.40984430356966,POINT (-84.40984430356966 33.7796966430357),6.0,7.0,6.0,7.0,6.0,6.0,6.0,6.0,25.0,25.0,25.0,25.0,24.055555555555557,50.1,23.940194444444444,17.0,0.9
2025-10-03 22:53:31+00:00,33.77969644335566,-84.40982433556644,POINT (-84.40982433556644 33.77969644335566),6.0,7.0,6.0,7.0,6.0,6.0,6.0,6.0,25.0,25.0,25.0,25.0,24.055555555555557,50.1,23.940194444444444,17.0,0.9
2025-10-03 22:53:32+00:00,33.77969615378462,-84.40979537846215,POINT (-84.40979537846215 33.77969615378462),6.0,7.0,6.0,7.0,6.0,6.0,6.0,6.0,25.0,25.0,25.0,25.0,24.055555555555557,50.1,23.940194444444444,17.0,0.9
2025-10-03 22:53:33+00:00,33.77969605389461,-84.40978538946105,POINT (-84.40978538946105 33.77969605389461),6.0,7.0,6.0,7.0,6.0,6.0,6.0,6.0,25.0,25.0,25.0,25.0,24.055555555555557,50.1,23.940194444444444,17.0,0.9
2025-10-03 22:53:34+00:00,33.779695744325565,-84.40975443255675,POINT (-84.40975443255675 33.779695744325565),6.0,7.0,6.0,7.0,6.0,6.0,6.0,6.0,25.0,25.0,25.0,25.0,24.055555555555557,50.1,23.940194444444444,17.0,0.9
2025-10-03 22:53:35+00:00,33.77969561453855,-84.40974145385461,POINT (-84.40974145385461 33.77969561453855),6.0,7.0,6.0,7.0,6.0,6.0,6.0,6.0,25.0,25.0,25.0,25.0,24.055555555555557,50.1,23.940194444444444,17.0,0.9
2025-10-03 22:53:36+00:00,33.77969549475053,-84.40972947505249,POINT (-84.40972947505249 33.77969549475053),6.0,7.0,6.0,7.0,6.0,6.0,6.0,6.0,25.0,25.0,25.0,25.0,24.055555555555557,50.1,23.940194444444444,17.0,0.9
2025-10-03 22:53:37+00:00,33.77969521507849,-84.4097015078492,POINT (-84.4097015078492 33.77969521507849),6.0,7.0,6.0,7.0,6.0,6.0,6.0,6.0,25.0,25.0,25.0,25.0,24.055555555555557,50.1,23.940194444444444,17.0,0.9
2025-10-03 22:53:38+00:00,33.77969512508749,-84.40969250874913,POINT (-84.40969250874913 33.77969512508749),6.0,8.0,6.0,8.0,6.0,6.0,6.0,6.0,25.0,25.0,25.0,25.0,24.0,50.0,23.880555555555556,17.0,0.9
2025-10-03 22:53:39+00:00,33.77969482531747,-84.40966253174682,POINT (-84.40966253174682 33.77969482531747),6.0,8.0,6.0,8.0,6.0,6.0,6.0,6.0,25.0,25.0,25.0,25.0,24.0,50.0,23.880555555555556,17.0,0.9
2025-10-03 22:53:40+00:00,33.77969470532947,-84.4096505329467,POINT (-84.4096505329467 33.77969470532947),6.0,8.0,6.0,8.0,6.0,6.0,6.0,6.0,25.0,25.0,25.0,25.0,24.0,50.0,23.880555555555556,17.0,0.9
2025-10-03 22:53:41+00:00,33.779694585441455,-84.40963854414558,POINT (-84.40963854414558 33.779694585441455),6.0,8.0,6.0,8.0,6.0,6.0,6.0,6.0,25.0,25.0,25.0,25.0,24.0,50.0,23.880555555555556,17.0,0.9
2025-10-03 22:53:42+00:00,33.779694335666434,-84.40961356664333,POINT (-84.40961356664333 33.779694335666434),6.0,8.0,6.0,8.0,6.0,6.0,6.0,6.0,25.0,25.0,25.0,25.0,24.0,50.0,23.880555555555556,17.0,0.9
2025-10-03 22:53:43+00:00,33.77969424567543,-84.40960456754324,POINT (-84.40960456754324 33.77969424567543),6.0,8.0,6.0,8.0,6.0,6.0,6.0,6.0,25.0,25.0,25.0,25.0,23.944444444444443,50.0,23.82222222222222,16.88888888888889,0.9
2025-10-03 22:53:44+00:00,33.77969407579242,-84.40958757924207,POINT (-84.40958757924207 33.77969407579242),6.0,8.0,6.0,8.0,6.0,6.0,6.0,6.0,25.0,25.0,25.0,25.0,23.944444444444443,50.0,23.82222222222222,16.88888888888889,0.9
2025-10-03 22:53:45+00:00,33.77969390580942,-84.4095705809419,POINT (-84.4095705809419 33.77969390580942),6.0,8.0,6.0,8.0,6.0,6.0,6.0,6.0,25.0,25.0,25.0,25.0,23.944444444444443,50.0,23.82222222222222,16.88888888888889,0.9
2025-10-03 22:53:46+00:00,33.779693735726426,-84.40955357264274,POINT (-84.40955357264274 33.779693735726426),6.0,8.0,6.0,8.0,6.0,6.0,6.0,6.0,25.0,25.0,25.0,25.0,23.944444444444443,50.0,23.82222222222222,16.88888888888889,0.9
2025-10-03 22:53:47+00:00,33.779693475752424,-84.40952757524248,POINT (-84.40952757524248 33.779693475752424),6.0,8.0,6.0,8.0,6.0,6.0,6.0,6.0,25.0,25.0,25.0,25.0,23.944444444444443,50.0,23.82222222222222,16.88888888888889,0.9
2025-10-03 22:53:48+00:00,33.77969339566044,-84.4095195660434,POINT (-84.4095195660434 33.77969339566044),6.0,8.0,6.0,8.0,6.0,6.0,6.0,6.0,25.0,25.0,25.0,25.0,23.88888888888889,49.8,23.761277777777774,16.88888888888889,0.9
2025-10-03 22:53:49+00:00,33.779693235576445,-84.40950355764424,POINT (-84.40950355764424 33.779693235576445),6.0,8.0,6.0,8.0,6.0,6.0,6.0,6.0,25.0,25.0,25.0,25.0,23.88888888888889,49.8,23.761277777777774,16.88888888888889,0.9
2025-10-03 22:53:50+00:00,33.77969307549245,-84.40948754924507,POINT (-84.40948754924507 33.77969307549245),6.0,8.0,6.0,8.0,6.0,6.0,6.0,6.0,25.0,25.0,25.0,25.0,23.88888888888889,49.8,23.761277777777774,16.88888888888889,0.9
2025-10-03 22:53:51+00:00,33.77969291550845,-84.40947155084491,POINT (-84.40947155084491 33.77969291550845),6.0,8.0,6.0,8.0,6.0,6.0,6.0,6.0,25.0,25.0,25.0,25.0,23.88888888888889,49.8,23.761277777777774,16.88888888888889,0.9
2025-10-03 22:53:52+00:00,33.77969265573443,-84.40944557344267,POINT (-84.40944557344267 33.77969265573443),6.0,8.0,6.0,8.0,6.0,6.0,6.0,6.0,25.0,25.0,25.0,25.0,23.88888888888889,49.8,23.761277777777774,16.88888888888889,0.9
2025-10-03 22:53:53+00:00,33.779692565743424,-84.40943657434256,POINT (-84.40943657434256 33.779692565743424),7.0,7.0,7.0,7.0,5.0,5.0,5.0,5.0,29.0,29.0,21.0,21.0,23.833333333333336,49.8,23.702944444444444,16.77777777777778,0.9
2025-10-03 22:53:54+00:00,33.779692465853415,-84.40942658534146,POINT (-84.40942658534146 33.779692465853415),7.0,7.0,7.0,7.0,5.0,5.0,5.0,5.0,29.0,29.0,21.0,21.0,23.833333333333336,49.8,23.702944444444444,16.77777777777778,0.9
2025-10-03 22:53:55+00:00,33.779692315968404,-84.40941159684031,POINT (-84.40941159684031 33.779692315968404),7.0,7.0,7.0,7.0,5.0,5.0,5.0,5.0,29.0,29.0,21.0,21.0,23.833333333333336,49.8,23.702944444444444,16.77777777777778,0.9
2025-10-03 22:53:56+00:00,33.77969215618438,-84.40939561843815,POINT (-84.40939561843815 33.77969215618438),7.0,7.0,7.0,7.0,5.0,5.0,5.0,5.0,29.0,29.0,21.0,21.0,23.833333333333336,49.8,23.702944444444444,16.77777777777778,0.9
2025-10-03 22:53:57+00:00,33.77969187611239,-84.40936761123888,POINT (-84.40936761123888 33.77969187611239),7.0,7.0,7.0,7.0,5.0,5.0,5.0,5.0,29.0,29.0,21.0,21.0,23.833333333333336,49.8,23.702944444444444,16.77777777777778,0.9
2025-10-03 22:53:58+00:00,33.779691756124386,-84.40935561243876,POINT (-84.40935561243876 33.779691756124386),7.0,7.0,7.0,7.0,5.0,5.0,5.0,5.0,29.0,29.0,21.0,21.0,23.833333333333336,49.7,23.701638888888887,16.77777777777778,0.8
2025-10-03 22:53:59+00:00,33.779691646035396,-84.40934460353965,POINT (-84.40934460353965 33.779691646035396),7.0,7.0,7.0,7.0,5.0,5.0,5.0,5.0,29.0,29.0,21.0,21.0,23.833333333333336,49.7,23.701638888888887,16.77777777777778,0.8
2025-10-03 22:54:00+00:00,33.779691465953405,-84.40932659534046,POINT (-84.40932659534046 33.779691465953405),7.0,7.0,7.0,7.0,5.0,5.0,5.0,5.0,29.0,29.0,21.0,21.0,23.833333333333336,49.7,23.701638888888887,16.77777777777778,0.8
2025-10-03 22:54:01+00:00,33.779691295870414,-84.40930958704129,POINT (-84.40930958704129 33.779691295870414),7.0,7.0,7.0,7.0,5.0,5.0,5.0,5.0,29.0,29.0,21.0,21.0,23.833333333333336,49.7,23.701638888888887,16.77777777777778,0.8
2025-10-03 22:54:02+00:00,33.77969101579842,-84.409281579842,POINT (-84.409281579842 33.77969101579842),7.0,7.0,7.0,7.0,5.0,5.0,5.0,5.0,29.0,29.0,21.0,21.0,23.833333333333336,49.7,23.701638888888887,16.77777777777778,0.8
2025-10-03 22:54:03+00:00,33.77969090590941,-84.4092705909409,POINT (-84.4092705909409 33.77969090590941),7.0,7.0,7.0,7.0,5.0,5.0,5.0,5.0,29.0,29.0,21.0,21.0,23.833333333333336,49.7,23.701638888888887,16.77777777777778,2.8
2025-10-03 22:54:04+00:00,33.77969079592041,-84.4092595920408,POINT (-84.4092595920408 33.77969079592041),7.0,7.0,7.0,7.0,5.0,5.0,5.0,5.0,29.0,29.0,21.0,21.0,23.833333333333336,49.7,23.701638888888887,16.77777777777778,2.8
2025-10-03 22:54:05+00:00,33.77969053554645,-84.40923355464453,POINT (-84.40923355464453 33.77969053554645),7.0,7.0,7.0,7.0,5.0,5.0,5.0,5.0,29.0,29.0,21.0,21.0,23.833333333333336,49.7,23.701638888888887,16.77777777777778,2.8
2025-10-03 22:54:06+00:00,33.77969044535546,-84.40922453554644,POINT (-84.40922453554644 33.77969044535546),7.0,7.0,7.0,7.0,5.0,5.0,5.0,5.0,29.0,29.0,21.0,21.0,23.833333333333336,49.7,23.701638888888887,16.77777777777778,2.8
2025-10-03 22:54:07+00:00,33.7796902649735,-84.40920649735027,POINT (-84.40920649735027 33.7796902649735),7.0,7.0,7.0,7.0,5.0,5.0,5.0,5.0,29.0,29.0,21.0,21.0,23.833333333333336,49.7,23.701638888888887,16.77777777777778,2.8
2025-10-03 22:54:08+00:00,33.77969009459054,-84.40918945905409,POINT (-84.40918945905409 33.77969009459054),5.0,5.0,5.0,5.0,5.0,5.0,5.0,5.0,21.0,21.0,21.0,21.0,23.88888888888889,49.7,23.75997222222222,16.88888888888889,0.9
2025-10-03 22:54:09+00:00,33.77969,-84.40918,POINT (-84.40918 33.77969),5.0,5.0,5.0,5.0,5.0,5.0,5.0,5.0,21.0,21.0,21.0,21.0,23.88888888888889,49.7,23.75997222222222,16.88888888888889,0.9
2025-10-03 22:54:10+00:00,33.77969,-84.40918,POINT (-84.40918 33.77969),5.0,5.0,5.0,5.0,5.0,5.0,5.0,5.0,21.0,21.0,21.0,21.0,23.88888888888889,49.7,23.75997222222222,16.88888888888889,0.9
2025-10-03 22:54:11+00:00,33.77969,-84.40918,POINT (-84.40918 33.77969),5.0,5.0,5.0,5.0,5.0,5.0,5.0,5.0,21.0,21.0,21.0,21.0,23.88888888888889,49.7,23.75997222222222,16.88888888888889,0.9
2025-10-03 22:54:12+00:00,33.77969,-84.40918,POINT (-84.40918 33.77969),5.0,5.0,5.0,5.0,5.0,5.0,5.0,5.0,21.0,21.0,21.0,21.0,23.88888888888889,49.7,23.75997222222222,16.88888888888889,0.9
2025-10-03 22:54:13+00:00,33.77965,-84.409112,POINT (-84.409112 33.77965),5.0,5.0,5.0,5.0,5.0,5.0,5.0,5.0,21.0,21.0,21.0,21.0,23.833333333333336,49.8,23.702944444444444,16.77777777777778,0.0
2025-10-03 22:54:14+00:00,33.77965,-84.409103,POINT (-84.409103 33.77965),5.0,5.0,5.0,5.0,5.0,5.0,5.0,5.0,21.0,21.0,21.0,21.0,23.833333333333336,49.8,23.702944444444444,16.77777777777778,0.0
2025-10-03 22:54:15+00:00,33.77965,-84.409088,POINT (-84.409088 33.77965),5.0,5.0,5.0,5.0,5.0,5.0,5.0,5.0,21.0,21.0,21.0,21.0,23.833333333333336,49.8,23.702944444444444,16.77777777777778,0.0
2025-10-03 22:54:16+00:00,33.77965,-84.409082,POINT (-84.409082 33.77965),5.0,5.0,5.0,5.0,5.0,5.0,5.0,5.0,21.0,21.0,21.0,21.0,23.833333333333336,49.8,23.702944444444444,16.77777777777778,0.0
2025-10-03 22:54:17+00:00,33.77965,-84.40906,POINT (-84.40906 33.77965),5.0,5.0,5.0,5.0,5.0,5.0,5.0,5.0,21.0,21.0,21.0,21.0,23.833333333333336,49.8,23.702944444444444,16.77777777777778,0.0
2025-10-03 22:54:18+00:00,33.77965,-84.409052,POINT (-84.409052 33.77965),5.0,5.0,5.0,5.0,5.0,5.0,5.0,5.0,21.0,21.0,21.0,21.0,23.88888888888889,49.8,23.761277777777774,16.88888888888889,0.8
2025-10-03 22:54:19+00:00,33.77965,-84.409043,POINT (-84.409043 33.77965),5.0,5.0,5.0,5.0,5.0,5.0,5.0,5.0,21.0,21.0,21.0,21.0,23.88888888888889,49.8,23.761277777777774,16.88888888888889,0.8
2025-10-03 22:54:20+00:00,33.77965,-84.409029,POINT (-84.409029 33.77965),5.0,5.0,5.0,5.0,5.0,5.0,5.0,5.0,21.0,21.0,21.0,21.0,23.88888888888889,49.8,23.761277777777774,16.88888888888889,0.8
2025-10-03 22:54:21+00:00,33.77965,-84.409016,POINT (-84.409016 33.77965),5.0,5.0,5.0,5.0,5.0,5.0,5.0,5.0,21.0,21.0,21.0,21.0,23.88888888888889,49.8,23.761277777777774,16.88888888888889,0.8
2025-10-03 22:54:22+00:00,33.779605474145995,-84.40900306235282,POINT (-84.40900306235282 33.779605474145995),5.0,5.0,5.0,5.0,5.0,5.0,5.0,5.0,21.0,21.0,21.0,21.0,23.88888888888889,49.8,23.761277777777774,16.88888888888889,0.8
2025-10-03 22:54:23+00:00,33.7796054178091,-84.40898903446663,POINT (-84.40898903446663 33.7796054178091),5.0,5.0,5.0,5.0,6.0,6.0,6.0,6.0,21.0,21.0,25.0,25.0,23.88888888888889,49.9,23.762583333333332,16.88888888888889,0.8
2025-10-03 22:54:24+00:00,33.77960535350473,-84.40897302267669,POINT (-84.40897302267669 33.77960535350473),5.0,5.0,5.0,5.0,6.0,6.0,6.0,6.0,21.0,21.0,25.0,25.0,23.88888888888889,49.9,23.762583333333332,16.88888888888889,0.8
2025-10-03 22:54:25+00:00,33.779605217041386,-84.40893904330505,POINT (-84.40893904330505 33.779605217041386),5.0,5.0,5.0,5.0,6.0,6.0,6.0,6.0,21.0,21.0,25.0,25.0,23.88888888888889,49.9,23.762583333333332,16.88888888888889,0.8
2025-10-03 22:54:26+00:00,33.77960516084965,-84.40892505156285,POINT (-84.40892505156285 33.77960516084965),5.0,5.0,5.0,5.0,6.0,6.0,6.0,6.0,21.0,21.0,25.0,25.0,23.88888888888889,49.9,23.762583333333332,16.88888888888889,0.8
2025-10-03 22:54:27+00:00,33.77960510467404,-84.40891106383665,POINT (-84.40891106383665 33.77960510467404),5.0,5.0,5.0,5.0,6.0,6.0,6.0,6.0,21.0,21.0,25.0,25.0,23.88888888888889,49.9,23.762583333333332,16.88888888888889,0.8
2025-10-03 22:54:28+00:00,33.779605024418565,-84.40889108022321,POINT (-84.40889108022321 33.779605024418565),5.0,5.0,5.0,5.0,6.0,6.0,6.0,6.0,21.0,21.0,25.0,25.0,23.88888888888889,50.0,23.763888888888893,16.88888888888889,0.8
2025-10-03 22:54:29+00:00,33.77960494413083,-84.4088710885778,POINT (-84.4088710885778 33.77960494413083),5.0,5.0,5.0,5.0,6.0,6.0,6.0,6.0,21.0,21.0,25.0,25.0,23.88888888888889,50.0,23.763888888888893,16.88888888888889,0.8
2025-10-03 22:54:30+00:00,33.77965,-84.408839,POINT (-84.408839 33.77965),5.0,5.0,5.0,5.0,6.0,6.0,6.0,6.0,21.0,21.0,25.0,25.0,23.88888888888889,50.0,23.763888888888893,16.88888888888889,0.8
2025-10-03 22:54:31+00:00,33.779604771442855,-84.40882808927131,POINT (-84.40882808927131 33.779604771442855),5.0,5.0,5.0,5.0,6.0,6.0,6.0,6.0,21.0,21.0,25.0,25.0,23.88888888888889,50.0,23.763888888888893,16.88888888888889,0.8
2025-10-03 22:54:32+00:00,33.77960472323473,-84.40881608544886,POINT (-84.40881608544886 33.77960472323473),5.0,5.0,5.0,5.0,6.0,6.0,6.0,6.0,21.0,21.0,25.0,25.0,23.88888888888889,50.0,23.763888888888893,16.88888888888889,0.8
2025-10-03 22:54:33+00:00,33.779604650930615,-84.40879808172318,POINT (-84.40879808172318 33.779604650930615),5.0,5.0,5.0,5.0,6.0,6.0,6.0,6.0,21.0,21.0,25.0,25.0,23.88888888888889,50.0,23.763888888888893,16.88888888888889,0.9
2025-10-03 22:54:34+00:00,33.779604578674885,-84.40878009004548,POINT (-84.40878009004548 33.779604578674885),5.0,5.0,5.0,5.0,6.0,6.0,6.0,6.0,21.0,21.0,25.0,25.0,23.88888888888889,50.0,23.763888888888893,16.88888888888889,0.9
2025-10-03 22:54:35+00:00,33.77965,-84.408749,POINT (-84.408749 33.77965),5.0,5.0,5.0,5.0,6.0,6.0,6.0,6.0,21.0,21.0,25.0,25.0,23.88888888888889,50.0,23.763888888888893,16.88888888888889,0.9
2025-10-03 22:54:36+00:00,33.77965,-84.408737,POINT (-84.408737 33.77965),5.0,5.0,5.0,5.0,6.0,6.0,6.0,6.0,21.0,21.0,25.0,25.0,23.88888888888889,50.0,23.763888888888893,16.88888888888889,0.9
2025-10-03 22:54:37+00:00,33.77965,-84.408724,POINT (-84.408724 33.77965),5.0,5.0,5.0,5.0,6.0,6.0,6.0,6.0,21.0,21.0,25.0,25.0,23.88888888888889,50.0,23.763888888888893,16.88888888888889,0.9
2025-10-03 22:54:38+00:00,33.77965,-84.408697,POINT (-84.408697 33.77965),4.0,4.0,4.0,4.0,5.0,5.0,5.0,5.0,17.0,17.0,21.0,21.0,23.88888888888889,50.1,23.765194444444447,16.88888888888889,1.0
2025-10-03 22:54:39+00:00,33.77965,-84.408688,POINT (-84.408688 33.77965),4.0,4.0,4.0,4.0,5.0,5.0,5.0,5.0,17.0,17.0,21.0,21.0,23.88888888888889,50.1,23.765194444444447,16.88888888888889,1.0
2025-10-03 22:54:40+00:00,33.77965,-84.40867,POINT (-84.40867 33.77965),4.0,4.0,4.0,4.0,5.0,5.0,5.0,5.0,17.0,17.0,21.0,21.0,23.88888888888889,50.1,23.765194444444447,16.88888888888889,1.0
2025-10-03 22:54:41+00:00,33.77965,-84.408651,POINT (-84.408651 33.77965),4.0,4.0,4.0,4.0,5.0,5.0,5.0,5.0,17.0,17.0,21.0,21.0,23.88888888888889,50.1,23.765194444444447,16.88888888888889,1.0
2025-10-03 22:54:42+00:00,33.77965,-84.408633,POINT (-84.408633 33.77965),4.0,4.0,4.0,4.0,5.0,5.0,5.0,5.0,17.0,17.0,21.0,21.0,23.88888888888889,50.1,23.765194444444447,16.88888888888889,1.0
2025-10-03 22:54:43+00:00,33.77965,-84.408601,POINT (-84.408601 33.77965),4.0,4.0,4.0,4.0,5.0,5.0,5.0,5.0,17.0,17.0,21.0,21.0,23.944444444444443,50.2,23.824833333333324,17.0,0.9
2025-10-03 22:54:44+00:00,33.77965,-84.408588,POINT (-84.408588 33.77965),4.0,4.0,4.0,4.0,5.0,5.0,5.0,5.0,17.0,17.0,21.0,21.0,23.944444444444443,50.2,23.824833333333324,17.0,0.9
2025-10-03 22:54:45+00:00,33.77965,-84.408575,POINT (-84.408575 33.77965),4.0,4.0,4.0,4.0,5.0,5.0,5.0,5.0,17.0,17.0,21.0,21.0,23.944444444444443,50.2,23.824833333333324,17.0,0.9
2025-10-03 22:54:46+00:00,33.77965,-84.408555,POINT (-84.408555 33.77965),4.0,4.0,4.0,4.0,5.0,5.0,5.0,5.0,17.0,17.0,21.0,21.0,23.944444444444443,50.2,23.824833333333324,17.0,0.9
2025-10-03 22:54:47+00:00,33.77965,-84.408535,POINT (-84.408535 33.77965),4.0,4.0,4.0,4.0,5.0,5.0,5.0,5.0,17.0,17.0,21.0,21.0,23.944444444444443,50.2,23.824833333333324,17.0,0.9
2025-10-03 22:54:48+00:00,33.77965,-84.408502,POINT (-84.408502 33.77965),4.0,4.0,4.0,4.0,5.0,5.0,5.0,5.0,17.0,17.0,21.0,21.0,24.0,50.2,23.883166666666668,17.0,0.8
2025-10-03 22:54:49+00:00,33.77965,-84.408489,POINT (-84.408489 33.77965),4.0,4.0,4.0,4.0,5.0,5.0,5.0,5.0,17.0,17.0,21.0,21.0,24.0,50.2,23.883166666666668,17.0,0.8
2025-10-03 22:54:50+00:00,33.77965,-84.408476,POINT (-84.408476 33.77965),4.0,4.0,4.0,4.0,5.0,5.0,5.0,5.0,17.0,17.0,21.0,21.0,24.0,50.2,23.883166666666668,17.0,0.8
2025-10-03 22:54:51+00:00,33.77965,-84.408447,POINT (-84.408447 33.77965),4.0,4.0,4.0,4.0,5.0,5.0,5.0,5.0,17.0,17.0,21.0,21.0,24.0,50.2,23.883166666666668,17.0,0.8
2025-10-03 22:54:52+00:00,33.77965,-84.408437,POINT (-84.408437 33.77965),4.0,4.0,4.0,4.0,5.0,5.0,5.0,5.0,17.0,17.0,21.0,21.0,24.0,50.2,23.883166666666668,17.0,0.8
2025-10-03 22:54:53+00:00,33.77965,-84.408404,POINT (-84.408404 33.77965),5.0,5.0,5.0,5.0,6.0,6.0,6.0,6.0,21.0,21.0,25.0,25.0,24.0,50.3,23.884472222222225,17.0,0.8
2025-10-03 22:54:54+00:00,33.77965,-84.408391,POINT (-84.408391 33.77965),5.0,5.0,5.0,5.0,6.0,6.0,6.0,6.0,21.0,21.0,25.0,25.0,24.0,50.3,23.884472222222225,17.0,0.8
2025-10-03 22:54:55+00:00,33.77965,-84.408378,POINT (-84.408378 33.77965),5.0,5.0,5.0,5.0,6.0,6.0,6.0,6.0,21.0,21.0,25.0,25.0,24.0,50.3,23.884472222222225,17.0,0.8
2025-10-03 22:54:56+00:00,33.77965,-84.408349,POINT (-84.408349 33.77965),5.0,5.0,5.0,5.0,6.0,6.0,6.0,6.0,21.0,21.0,25.0,25.0,24.0,50.3,23.884472222222225,17.0,0.8
2025-10-03 22:54:57+00:00,33.77965,-84.408339,POINT (-84.408339 33.77965),5.0,5.0,5.0,5.0,6.0,6.0,6.0,6.0,21.0,21.0,25.0,25.0,24.0,50.3,23.884472222222225,17.0,0.8
2025-10-03 22:54:58+00:00,33.77965,-84.408308,POINT (-84.408308 33.77965),5.0,5.0,5.0,5.0,6.0,6.0,6.0,6.0,21.0,21.0,25.0,25.0,23.944444444444443,50.2,23.824833333333324,17.0,0.0
2025-10-03 22:54:59+00:00,33.77965,-84.408297,POINT (-84.408297 33.77965),5.0,5.0,5.0,5.0,6.0,6.0,6.0,6.0,21.0,21.0,25.0,25.0,23.944444444444443,50.2,23.824833333333324,17.0,0.0
2025-10-03 22:55:00+00:00,33.77965,-84.408285,POINT (-84.408285 33.77965),5.0,5.0,5.0,5.0,6.0,6.0,6.0,6.0,21.0,21.0,25.0,25.0,23.944444444444443,50.2,23.824833333333324,17.0,0.0
2025-10-03 22:55:01+00:00,33.77965,-84.408269,POINT (-84.408269 33.77965),5.0,5.0,5.0,5.0,6.0,6.0,6.0,6.0,21.0,21.0,25.0,25.0,23.944444444444443,50.2,23.824833333333324,17.0,0.0
2025-10-03 22:55:02+00:00,33.77965,-84.408252,POINT (-84.408252 33.77965),5.0,5.0,5.0,5.0,6.0,6.0,6.0,6.0,21.0,21.0,25.0,25.0,23.944444444444443,50.2,23.824833333333324,17.0,0.0
2025-10-03 22:55:03+00:00,33.77965,-84.408223,POINT (-84.408223 33.77965),5.0,5.0,5.0,5.0,6.0,6.0,6.0,6.0,21.0,21.0,25.0,25.0,23.88888888888889,50.1,23.765194444444447,16.88888888888889,0.9
2025-10-03 22:55:04+00:00,33.77965,-84.408211,POINT (-84.408211 33.77965),5.0,5.0,5.0,5.0,6.0,6.0,6.0,6.0,21.0,21.0,25.0,25.0,23.88888888888889,50.1,23.765194444444447,16.88888888888889,0.9
2025-10-03 22:55:05+00:00,33.77965,-84.408199,POINT (-84.408199 33.77965),5.0,5.0,5.0,5.0,6.0,6.0,6.0,6.0,21.0,21.0,25.0,25.0,23.88888888888889,50.1,23.765194444444447,16.88888888888889,0.9
2025-10-03 22:55:06+00:00,33.77965,-84.408181,POINT (-84.408181 33.77965),5.0,5.0,5.0,5.0,6.0,6.0,6.0,6.0,21.0,21.0,25.0,25.0,23.88888888888889,50.1,23.765194444444447,16.88888888888889,0.9
2025-10-03 22:55:07+00:00,33.77965,-84.408163,POINT (-84.408163 33.77965),5.0,5.0,5.0,5.0,6.0,6.0,6.0,6.0,21.0,21.0,25.0,25.0,23.88888888888889,50.1,23.765194444444447,16.88888888888889,0.9
2025-10-03 22:55:08+00:00,33.77965,-84.408145,POINT (-84.408145 33.77965),7.0,7.0,7.0,7.0,5.0,5.0,5.0,5.0,29.0,29.0,21.0,21.0,23.88888888888889,50.0,23.763888888888893,16.88888888888889,1.0
2025-10-03 22:55:09+00:00,33.77965,-84.408119,POINT (-84.408119 33.77965),7.0,7.0,7.0,7.0,5.0,5.0,5.0,5.0,29.0,29.0,21.0,21.0,23.88888888888889,50.0,23.763888888888893,16.88888888888889,1.0
2025-10-03 22:55:10+00:00,33.77965,-84.408111,POINT (-84.408111 33.77965),7.0,7.0,7.0,7.0,5.0,5.0,5.0,5.0,29.0,29.0,21.0,21.0,23.88888888888889,50.0,23.763888888888893,16.88888888888889,1.0
2025-10-03 22:55:11+00:00,33.77965,-84.408094,POINT (-84.408094 33.77965),7.0,7.0,7.0,7.0,5.0,5.0,5.0,5.0,29.0,29.0,21.0,21.0,23.88888888888889,50.0,23.763888888888893,16.88888888888889,1.0
2025-10-03 22:55:12+00:00,33.77965,-84.408077,POINT (-84.408077 33.77965),7.0,7.0,7.0,7.0,5.0,5.0,5.0,5.0,29.0,29.0,21.0,21.0,23.88888888888889,50.0,23.763888888888893,16.88888888888889,1.0
2025-10-03 22:55:13+00:00,33.77965,-84.408061,POINT (-84.408061 33.77965),7.0,7.0,7.0,7.0,5.0,5.0,5.0,5.0,29.0,29.0,21.0,21.0,23.833333333333336,50.0,23.70555555555556,16.77777777777778,0.9
2025-10-03 22:55:14+00:00,33.77965,-84.408036,POINT (-84.408036 33.77965),7.0,7.0,7.0,7.0,5.0,5.0,5.0,5.0,29.0,29.0,21.0,21.0,23.833333333333336,50.0,23.70555555555556,16.77777777777778,0.9
2025-10-03 22:55:15+00:00,33.77965,-84.408028,POINT (-84.408028 33.77965),7.0,7.0,7.0,7.0,5.0,5.0,5.0,5.0,29.0,29.0,21.0,21.0,23.833333333333336,50.0,23.70555555555556,16.77777777777778,0.9
2025-10-03 22:55:16+00:00,33.77965,-84.408012,POINT (-84.408012 33.77965),7.0,7.0,7.0,7.0,5.0,5.0,5.0,5.0,29.0,29.0,21.0,21.0,23.833333333333336,50.0,23.70555555555556,16.77777777777778,0.9
2025-10-03 22:55:18+00:00,33.77965,-84.40798,POINT (-84.40798 33.77965),7.0,7.0,7.0,7.0,5.0,5.0,5.0,5.0,29.0,29.0,21.0,21.0,23.833333333333336,50.0,23.70555555555556,16.77777777777778,0.9
2025-10-03 22:55:19+00:00,33.77965,-84.407966,POINT (-84.407966 33.77965),7.0,7.0,7.0,7.0,5.0,5.0,5.0,5.0,29.0,29.0,21.0,21.0,23.833333333333336,50.0,23.70555555555556,16.77777777777778,0.9
2025-10-03 22:55:20+00:00,33.77965,-84.407953,POINT (-84.407953 33.77965),7.0,7.0,7.0,7.0,5.0,5.0,5.0,5.0,29.0,29.0,21.0,21.0,23.833333333333336,50.0,23.70555555555556,16.77777777777778,0.9
2025-10-03 22:55:21+00:00,33.77965,-84.407941,POINT (-84.407941 33.77965),7.0,7.0,7.0,7.0,5.0,5.0,5.0,5.0,29.0,29.0,21.0,21.0,23.833333333333336,50.0,23.70555555555556,16.77777777777778,0.9
2025-10-03 22:55:22+00:00,33.77965,-84.407927,POINT (-84.407927 33.77965),7.0,7.0,7.0,7.0,5.0,5.0,5.0,5.0,29.0,29.0,21.0,21.0,23.833333333333336,50.0,23.70555555555556,16.77777777777778,0.9
2025-10-03 22:55:23+00:00,33.77965,-84.407913,POINT (-84.407913 33.77965),5.0,5.0,5.0,5.0,6.0,6.0,6.0,6.0,21.0,21.0,25.0,25.0,23.88888888888889,50.1,23.765194444444447,16.88888888888889,0.0
2025-10-03 22:55:24+00:00,33.77965,-84.40789,POINT (-84.40789 33.77965),5.0,5.0,5.0,5.0,6.0,6.0,6.0,6.0,21.0,21.0,25.0,25.0,23.88888888888889,50.1,23.765194444444447,16.88888888888889,0.0
2025-10-03 22:55:25+00:00,33.77965,-84.407882,POINT (-84.407882 33.77965),5.0,5.0,5.0,5.0,6.0,6.0,6.0,6.0,21.0,21.0,25.0,25.0,23.88888888888889,50.1,23.765194444444447,16.88888888888889,0.0
2025-10-03 22:55:26+00:00,33.77965,-84.407866,POINT (-84.407866 33.77965),5.0,5.0,5.0,5.0,6.0,6.0,6.0,6.0,21.0,21.0,25.0,25.0,23.88888888888889,50.1,23.765194444444447,16.88888888888889,0.0
2025-10-03 22:55:27+00:00,33.77965,-84.40785,POINT (-84.40785 33.77965),5.0,5.0,5.0,5.0,6.0,6.0,6.0,6.0,21.0,21.0,25.0,25.0,23.88888888888889,50.1,23.765194444444447,16.88888888888889,0.0
2025-10-03 22:55:28+00:00,33.77965,-84.407834,POINT (-84.407834 33.77965),5.0,5.0,5.0,5.0,6.0,6.0,6.0,6.0,21.0,21.0,25.0,25.0,23.88888888888889,50.2,23.766499999999994,16.88888888888889,0.9
2025-10-03 22:55:29+00:00,33.77965,-84.407819,POINT (-84.407819 33.77965),5.0,5.0,5.0,5.0,6.0,6.0,6.0,6.0,21.0,21.0,25.0,25.0,23.88888888888889,50.2,23.766499999999994,16.88888888888889,0.9
2025-10-03 22:55:30+00:00,33.77965,-84.407806,POINT (-84.407806 33.77965),5.0,5.0,5.0,5.0,6.0,6.0,6.0,6.0,21.0,21.0,25.0,25.0,23.88888888888889,50.2,23.766499999999994,16.88888888888889,0.9
2025-10-03 22:55:31+00:00,33.77968737731958,-84.40775830103092,POINT (-84.40775830103092 33.77968737731958),5.0,5.0,5.0,5.0,6.0,6.0,6.0,6.0,21.0,21.0,25.0,25.0,23.88888888888889,50.2,23.766499999999994,16.88888888888889,0.9
2025-10-03 22:55:32+00:00,33.77968792164948,-84.40775827628866,POINT (-84.40775827628866 33.77968792164948),5.0,5.0,5.0,5.0,6.0,6.0,6.0,6.0,21.0,21.0,25.0,25.0,23.88888888888889,50.2,23.766499999999994,16.88888888888889,0.9
2025-10-03 22:55:33+00:00,33.77968742268041,-84.40775829896907,POINT (-84.40775829896907 33.77968742268041),5.0,5.0,5.0,5.0,6.0,6.0,6.0,6.0,21.0,21.0,25.0,25.0,24.0,50.2,23.883166666666668,17.0,0.9
2025-10-03 22:55:34+00:00,33.779686969072166,-84.40775831958763,POINT (-84.40775831958763 33.779686969072166),5.0,5.0,5.0,5.0,6.0,6.0,6.0,6.0,21.0,21.0,25.0,25.0,24.0,50.2,23.883166666666668,17.0,0.9
2025-10-03 22:55:35+00:00,33.77968633402062,-84.4077583484536,POINT (-84.4077583484536 33.77968633402062),5.0,5.0,5.0,5.0,6.0,6.0,6.0,6.0,21.0,21.0,25.0,25.0,24.0,50.2,23.883166666666668,17.0,0.9
2025-10-03 22:55:36+00:00,33.77968751340207,-84.40775829484535,POINT (-84.40775829484535 33.77968751340207),5.0,5.0,5.0,5.0,6.0,6.0,6.0,6.0,21.0,21.0,25.0,25.0,24.0,50.2,23.883166666666668,17.0,0.9
2025-10-03 22:55:37+00:00,33.77968869278351,-84.4077582412371,POINT (-84.4077582412371 33.77968869278351),5.0,5.0,5.0,5.0,6.0,6.0,6.0,6.0,21.0,21.0,25.0,25.0,24.0,50.2,23.883166666666668,17.0,0.9
2025-10-03 22:55:38+00:00,33.77968991752577,-84.407758185567,POINT (-84.407758185567 33.77968991752577),5.0,5.0,5.0,5.0,5.0,5.0,5.0,5.0,21.0,21.0,21.0,21.0,24.0,50.3,23.884472222222225,17.0,0.9
2025-10-03 22:55:39+00:00,33.77969018969072,-84.40775817319587,POINT (-84.40775817319587 33.77969018969072),5.0,5.0,5.0,5.0,5.0,5.0,5.0,5.0,21.0,21.0,21.0,21.0,24.0,50.3,23.884472222222225,17.0,0.9
2025-10-03 22:55:40+00:00,33.77968946391753,-84.40775820618556,POINT (-84.40775820618556 33.77968946391753),5.0,5.0,5.0,5.0,5.0,5.0,5.0,5.0,21.0,21.0,21.0,21.0,24.0,50.3,23.884472222222225,17.0,0.9
2025-10-03 22:55:41+00:00,33.77969073402062,-84.40775814845361,POINT (-84.40775814845361 33.77969073402062),5.0,5.0,5.0,5.0,5.0,5.0,5.0,5.0,21.0,21.0,21.0,21.0,24.0,50.3,23.884472222222225,17.0,0.9
2025-10-03 22:55:42+00:00,33.779694907216495,-84.40775795876289,POINT (-84.40775795876289 33.779694907216495),5.0,5.0,5.0,5.0,5.0,5.0,5.0,5.0,21.0,21.0,21.0,21.0,24.0,50.3,23.884472222222225,17.0,0.9
2025-10-03 22:55:43+00:00,33.77970202886598,-84.40775763505154,POINT (-84.40775763505154 33.77970202886598),5.0,5.0,5.0,5.0,5.0,5.0,5.0,5.0,21.0,21.0,21.0,21.0,24.0,50.3,23.884472222222225,17.0,0.0
2025-10-03 22:55:44+00:00,33.77971205360825,-84.40775717938143,POINT (-84.40775717938143 33.77971205360825),5.0,5.0,5.0,5.0,5.0,5.0,5.0,5.0,21.0,21.0,21.0,21.0,24.0,50.3,23.884472222222225,17.0,0.0
2025-10-03 22:55:45+00:00,33.77972402886598,-84.40775663505154,POINT (-84.40775663505154 33.77972402886598),5.0,5.0,5.0,5.0,5.0,5.0,5.0,5.0,21.0,21.0,21.0,21.0,24.0,50.3,23.884472222222225,17.0,0.0
2025-10-03 22:55:46+00:00,33.779736049484534,-84.4077560886598,POINT (-84.4077560886598 33.779736049484534),5.0,5.0,5.0,5.0,5.0,5.0,5.0,5.0,21.0,21.0,21.0,21.0,24.0,50.3,23.884472222222225,17.0,0.0
2025-10-03 22:55:47+00:00,33.77974906804124,-84.40775549690721,POINT (-84.40775549690721 33.77974906804124),5.0,5.0,5.0,5.0,5.0,5.0,5.0,5.0,21.0,21.0,21.0,21.0,24.0,50.3,23.884472222222225,17.0,0.0
2025-10-03 22:55:48+00:00,33.77976217731959,-84.40775490103093,POINT (-84.40775490103093 33.77976217731959),5.0,5.0,5.0,5.0,5.0,5.0,5.0,5.0,21.0,21.0,21.0,21.0,24.166666666666668,50.3,24.059472222222226,17.22222222222222,0.0
2025-10-03 22:55:49+00:00,33.779785402061854,-84.40775384536082,POINT (-84.40775384536082 33.779785402061854),5.0,5.0,5.0,5.0,5.0,5.0,5.0,5.0,21.0,21.0,21.0,21.0,24.166666666666668,50.3,24.059472222222226,17.22222222222222,0.0
2025-10-03 22:55:50+00:00,33.77979343092784,-84.40775348041237,POINT (-84.40775348041237 33.77979343092784),5.0,5.0,5.0,5.0,5.0,5.0,5.0,5.0,21.0,21.0,21.0,21.0,24.166666666666668,50.3,24.059472222222226,17.22222222222222,0.0
2025-10-03 22:55:51+00:00,33.77980250309279,-84.40775306804123,POINT (-84.40775306804123 33.77980250309279),5.0,5.0,5.0,5.0,5.0,5.0,5.0,5.0,21.0,21.0,21.0,21.0,24.166666666666668,50.3,24.059472222222226,17.22222222222222,0.0
2025-10-03 22:55:52+00:00,33.77981552164948,-84.40775247628865,POINT (-84.40775247628865 33.77981552164948),5.0,5.0,5.0,5.0,5.0,5.0,5.0,5.0,21.0,21.0,21.0,21.0,24.166666666666668,50.3,24.059472222222226,17.22222222222222,0.0
2025-10-03 22:55:53+00:00,33.77987,-84.407695,POINT (-84.407695 33.77987),5.0,6.0,5.0,6.0,6.0,6.0,6.0,6.0,21.0,21.0,25.0,25.0,24.222222222222218,50.2,24.11649999999999,17.22222222222222,0.0
2025-10-03 22:55:54+00:00,33.77987,-84.407692,POINT (-84.407692 33.77987),5.0,6.0,5.0,6.0,6.0,6.0,6.0,6.0,21.0,21.0,25.0,25.0,24.222222222222218,50.2,24.11649999999999,17.22222222222222,0.0
2025-10-03 22:55:55+00:00,33.77987,-84.40769,POINT (-84.40769 33.77987),5.0,6.0,5.0,6.0,6.0,6.0,6.0,6.0,21.0,21.0,25.0,25.0,24.222222222222218,50.2,24.11649999999999,17.22222222222222,0.0
2025-10-03 22:55:56+00:00,33.77987,-84.407689,POINT (-84.407689 33.77987),5.0,6.0,5.0,6.0,6.0,6.0,6.0,6.0,21.0,21.0,25.0,25.0,24.222222222222218,50.2,24.11649999999999,17.22222222222222,0.0
2025-10-03 22:55:57+00:00,33.77987,-84.407687,POINT (-84.407687 33.77987),5.0,6.0,5.0,6.0,6.0,6.0,6.0,6.0,21.0,21.0,25.0,25.0,24.222222222222218,50.2,24.11649999999999,17.22222222222222,0.0
2025-10-03 22:55:58+00:00,33.77987,-84.407685,POINT (-84.407685 33.77987),5.0,6.0,5.0,6.0,6.0,6.0,6.0,6.0,21.0,21.0,25.0,25.0,24.111111111111114,50.1,23.998527777777777,17.11111111111111,0.0
2025-10-03 22:55:59+00:00,33.77987,-84.407683,POINT (-84.407683 33.77987),5.0,6.0,5.0,6.0,6.0,6.0,6.0,6.0,21.0,21.0,25.0,25.0,24.111111111111114,50.1,23.998527777777777,17.11111111111111,0.0
2025-10-03 22:56:00+00:00,33.779922696341565,-84.40763119919069,POINT (-84.40763119919069 33.779922696341565),5.0,6.0,5.0,6.0,6.0,6.0,6.0,6.0,21.0,21.0,25.0,25.0,24.111111111111114,50.1,23.998527777777777,17.11111111111111,0.0
2025-10-03 22:56:01+00:00,33.77993274341399,-84.40763092517962,POINT (-84.40763092517962 33.77993274341399),5.0,6.0,5.0,6.0,6.0,6.0,6.0,6.0,21.0,21.0,25.0,25.0,24.111111111111114,50.1,23.998527777777777,17.11111111111111,0.0
2025-10-03 22:56:02+00:00,33.77994179122967,-84.40763067842101,POINT (-84.40763067842101 33.77994179122967),5.0,6.0,5.0,6.0,6.0,6.0,6.0,6.0,21.0,21.0,25.0,25.0,24.111111111111114,50.1,23.998527777777777,17.11111111111111,0.0
2025-10-03 22:56:03+00:00,33.77995183830209,-84.40763040440994,POINT (-84.40763040440994 33.77995183830209),5.0,6.0,5.0,6.0,6.0,6.0,6.0,6.0,21.0,21.0,25.0,25.0,23.944444444444443,50.1,23.82352777777777,16.88888888888889,0.8
2025-10-03 22:56:04+00:00,33.77996088611776,-84.40763015765134,POINT (-84.40763015765134 33.77996088611776),5.0,6.0,5.0,6.0,6.0,6.0,6.0,6.0,21.0,21.0,25.0,25.0,23.944444444444443,50.1,23.82352777777777,16.88888888888889,0.8
2025-10-03 22:56:05+00:00,33.77997093319019,-84.40762988364027,POINT (-84.40762988364027 33.77997093319019),5.0,6.0,5.0,6.0,6.0,6.0,6.0,6.0,21.0,21.0,25.0,25.0,23.944444444444443,50.1,23.82352777777777,16.88888888888889,0.8
2025-10-03 22:56:06+00:00,33.779979981005866,-84.40762963688167,POINT (-84.40762963688167 33.779979981005866),5.0,6.0,5.0,6.0,6.0,6.0,6.0,6.0,21.0,21.0,25.0,25.0,23.944444444444443,50.1,23.82352777777777,16.88888888888889,0.8
2025-10-03 22:56:07+00:00,33.779993997852834,-84.40762925460402,POINT (-84.40762925460402 33.779993997852834),5.0,6.0,5.0,6.0,6.0,6.0,6.0,6.0,21.0,21.0,25.0,25.0,23.944444444444443,50.1,23.82352777777777,16.88888888888889,0.8
2025-10-03 22:56:08+00:00,33.780006960938145,-84.40762890106532,POINT (-84.40762890106532 33.780006960938145),5.5,6.0,5.5,6.0,5.0,5.0,5.0,5.0,23.0,23.0,21.0,21.0,23.944444444444443,50.0,23.82222222222222,16.88888888888889,0.8
2025-10-03 22:56:09+00:00,33.780021949789415,-84.40762849227848,POINT (-84.40762849227848 33.780021949789415),5.5,6.0,5.5,6.0,5.0,5.0,5.0,5.0,23.0,23.0,21.0,21.0,23.944444444444443,50.0,23.82222222222222,16.88888888888889,0.8
2025-10-03 22:56:10+00:00,33.78004390618548,-84.40762789346768,POINT (-84.40762789346768 33.78004390618548),5.5,6.0,5.5,6.0,5.0,5.0,5.0,5.0,23.0,23.0,21.0,21.0,23.944444444444443,50.0,23.82222222222222,16.88888888888889,0.8
2025-10-03 22:56:11+00:00,33.78005087373028,-84.40762770344372,POINT (-84.40762770344372 33.78005087373028),5.5,6.0,5.5,6.0,5.0,5.0,5.0,5.0,23.0,23.0,21.0,21.0,23.944444444444443,50.0,23.82222222222222,16.88888888888889,0.8
2025-10-03 22:56:12+00:00,33.7800658353291,-84.40762729540012,POINT (-84.40762729540012 33.7800658353291),5.5,6.0,5.5,6.0,5.0,5.0,5.0,5.0,23.0,23.0,21.0,21.0,23.944444444444443,50.0,23.82222222222222,16.88888888888889,0.8
2025-10-03 22:56:13+00:00,33.78008082418036,-84.40762688661327,POINT (-84.40762688661327 33.78008082418036),5.5,6.0,5.5,6.0,5.0,5.0,5.0,5.0,23.0,23.0,21.0,21.0,23.88888888888889,50.0,23.763888888888893,16.88888888888889,0.8
2025-10-03 22:56:14+00:00,33.78009578577917,-84.40762647856967,POINT (-84.40762647856967 33.78009578577917),5.5,6.0,5.5,6.0,5.0,5.0,5.0,5.0,23.0,23.0,21.0,21.0,23.88888888888889,50.0,23.763888888888893,16.88888888888889,0.8
2025-10-03 22:56:15+00:00,33.78011766041787,-84.40762588198861,POINT (-84.40762588198861 33.78011766041787),5.5,6.0,5.5,6.0,5.0,5.0,5.0,5.0,23.0,23.0,21.0,21.0,23.88888888888889,50.0,23.763888888888893,16.88888888888889,0.8
2025-10-03 22:56:16+00:00,33.78012460071022,-84.40762569270791,POINT (-84.40762569270791 33.78012460071022),5.5,6.0,5.5,6.0,5.0,5.0,5.0,5.0,23.0,23.0,21.0,21.0,23.88888888888889,50.0,23.763888888888893,16.88888888888889,0.8
2025-10-03 22:56:17+00:00,33.78013748203815,-84.40762534139897,POINT (-84.40762534139897 33.78013748203815),5.5,6.0,5.5,6.0,5.0,5.0,5.0,5.0,23.0,23.0,21.0,21.0,23.88888888888889,50.0,23.763888888888893,16.88888888888889,0.8
2025-10-03 22:56:18+00:00,33.78015039061855,-84.40762498934677,POINT (-84.40762498934677 33.78015039061855),5.5,6.0,5.5,6.0,5.0,5.0,5.0,5.0,23.0,23.0,21.0,21.0,23.833333333333336,49.9,23.704250000000005,16.77777777777778,1.0
2025-10-03 22:56:19+00:00,33.78016432570815,-84.40762460929888,POINT (-84.40762460929888 33.78016432570815),5.5,6.0,5.5,6.0,5.0,5.0,5.0,5.0,23.0,23.0,21.0,21.0,23.833333333333336,49.9,23.704250000000005,16.77777777777778,1.0
2025-10-03 22:56:20+00:00,33.7801852010901,-84.40762403997027,POINT (-84.40762403997027 33.7801852010901),5.5,6.0,5.5,6.0,5.0,5.0,5.0,5.0,23.0,23.0,21.0,21.0,23.833333333333336,49.9,23.704250000000005,16.77777777777778,1.0
2025-10-03 22:56:21+00:00,33.78019114212569,-84.40762387794203,POINT (-84.40762387794203 33.78019114212569),5.5,6.0,5.5,6.0,5.0,5.0,5.0,5.0,23.0,23.0,21.0,21.0,23.833333333333336,49.9,23.704250000000005,16.77777777777778,1.0
2025-10-03 22:56:22+00:00,33.780212962259476,-84.40762328284747,POINT (-84.40762328284747 33.780212962259476),5.5,6.0,5.5,6.0,5.0,5.0,5.0,5.0,23.0,23.0,21.0,21.0,23.833333333333336,49.9,23.704250000000005,16.77777777777778,1.0
2025-10-03 22:56:23+00:00,33.78022192831778,-84.4076230383186,POINT (-84.4076230383186 33.78022192831778),6.0,6.0,6.0,6.0,6.5,7.0,6.5,7.0,25.0,25.0,27.0,27.0,23.77777777777778,49.9,23.64591666666666,16.77777777777778,1.1
2025-10-03 22:56:24+00:00,33.78023086712363,-84.407622794533,POINT (-84.407622794533 33.78023086712363),6.0,6.0,6.0,6.0,6.5,7.0,6.5,7.0,25.0,25.0,27.0,27.0,23.77777777777778,49.9,23.64591666666666,16.77777777777778,1.1
2025-10-03 22:56:25+00:00,33.78024482946569,-84.40762241374185,POINT (-84.40762241374185 33.78024482946569),6.0,6.0,6.0,6.0,6.5,7.0,6.5,7.0,25.0,25.0,27.0,27.0,23.77777777777778,49.9,23.64591666666666,16.77777777777778,1.1
2025-10-03 22:56:26+00:00,33.78025781980345,-84.40762205945991,POINT (-84.40762205945991 33.78025781980345),6.0,6.0,6.0,6.0,6.5,7.0,6.5,7.0,25.0,25.0,27.0,27.0,23.77777777777778,49.9,23.64591666666666,16.77777777777778,1.1
2025-10-03 22:56:27+00:00,33.78027081014122,-84.40762170517797,POINT (-84.40762170517797 33.78027081014122),6.0,6.0,6.0,6.0,6.5,7.0,6.5,7.0,25.0,25.0,27.0,27.0,23.77777777777778,49.9,23.64591666666666,16.77777777777778,1.1
2025-10-03 22:56:28+00:00,33.78028479973574,-84.40762132364357,POINT (-84.40762132364357 33.78028479973574),6.0,6.0,6.0,6.0,6.5,7.0,6.5,7.0,25.0,25.0,27.0,27.0,23.72222222222222,49.9,23.587583333333335,16.72222222222222,1.5
2025-10-03 22:56:29+00:00,33.7802987620778,-84.40762094285243,POINT (-84.40762094285243 33.7802987620778),6.0,6.0,6.0,6.0,6.5,7.0,6.5,7.0,25.0,25.0,27.0,27.0,23.72222222222222,49.9,23.587583333333335,16.72222222222222,1.5
2025-10-03 22:56:30+00:00,33.780321717730615,-84.40762031678916,POINT (-84.40762031678916 33.780321717730615),6.0,6.0,6.0,6.0,6.5,7.0,6.5,7.0,25.0,25.0,27.0,27.0,23.72222222222222,49.9,23.587583333333335,16.72222222222222,1.5
2025-10-03 22:56:31+00:00,33.78033171029813,-84.4076200442646,POINT (-84.4076200442646 33.78033171029813),6.0,6.0,6.0,6.0,6.5,7.0,6.5,7.0,25.0,25.0,27.0,27.0,23.72222222222222,49.9,23.587583333333335,16.72222222222222,1.5
2025-10-03 22:56:32+00:00,33.78034067635643,-84.40761979973574,POINT (-84.40761979973574 33.78034067635643),6.0,6.0,6.0,6.0,6.5,7.0,6.5,7.0,25.0,25.0,27.0,27.0,23.72222222222222,49.9,23.587583333333335,16.72222222222222,1.5
2025-10-03 22:56:33+00:00,33.780361578990835,-84.4076192296639,POINT (-84.4076192296639 33.780361578990835),6.0,6.0,6.0,6.0,6.5,7.0,6.5,7.0,25.0,25.0,27.0,27.0,23.77777777777778,49.9,23.64591666666666,16.77777777777778,1.0
2025-10-03 22:56:34+00:00,33.78036854653564,-84.40761903963994,POINT (-84.40761903963994 33.78036854653564),6.0,6.0,6.0,6.0,6.5,7.0,6.5,7.0,25.0,25.0,27.0,27.0,23.77777777777778,49.9,23.64591666666666,16.77777777777778,1.0
2025-10-03 22:56:35+00:00,33.780382454372784,-84.40761866033529,POINT (-84.40761866033529 33.780382454372784),6.0,6.0,6.0,6.0,6.5,7.0,6.5,7.0,25.0,25.0,27.0,27.0,23.77777777777778,49.9,23.64591666666666,16.77777777777778,1.0
2025-10-03 22:56:36+00:00,33.78039539020563,-84.40761830753985,POINT (-84.40761830753985 33.78039539020563),6.0,6.0,6.0,6.0,6.5,7.0,6.5,7.0,25.0,25.0,27.0,27.0,23.77777777777778,49.9,23.64591666666666,16.77777777777778,1.0
2025-10-03 22:56:37+00:00,33.78040935254769,-84.4076179267487,POINT (-84.4076179267487 33.78040935254769),6.0,6.0,6.0,6.0,6.5,7.0,6.5,7.0,25.0,25.0,27.0,27.0,23.77777777777778,49.9,23.64591666666666,16.77777777777778,1.0
2025-10-03 22:56:38+00:00,33.78042334214221,-84.40761754521431,POINT (-84.40761754521431 33.78042334214221),6.0,6.0,6.0,6.0,7.0,8.0,7.0,8.0,25.0,25.0,29.0,29.0,23.72222222222222,49.9,23.587583333333335,16.77777777777778,0.9
2025-10-03 22:56:39+00:00,33.78043633247997,-84.40761719093237,POINT (-84.40761719093237 33.78043633247997),6.0,6.0,6.0,6.0,7.0,8.0,7.0,8.0,25.0,25.0,29.0,29.0,23.72222222222222,49.9,23.587583333333335,16.77777777777778,0.9
2025-10-03 22:56:40+00:00,33.780459342637705,-84.40761656338262,POINT (-84.40761656338262 33.780459342637705),6.0,6.0,6.0,6.0,7.0,8.0,7.0,8.0,25.0,25.0,29.0,29.0,23.72222222222222,49.9,23.587583333333335,16.77777777777778,0.9
2025-10-03 22:56:41+00:00,33.780470334461974,-84.40761626360559,POINT (-84.40761626360559 33.780470334461974),6.0,6.0,6.0,6.0,7.0,8.0,7.0,8.0,25.0,25.0,29.0,29.0,23.72222222222222,49.9,23.587583333333335,16.77777777777778,0.9
2025-10-03 22:56:42+00:00,33.78048032702948,-84.40761599108102,POINT (-84.40761599108102 33.78048032702948),6.0,6.0,6.0,6.0,7.0,8.0,7.0,8.0,25.0,25.0,29.0,29.0,23.72222222222222,49.9,23.587583333333335,16.77777777777778,0.9
2025-10-03 22:56:43+00:00,33.78049131885374,-84.40761569130399,POINT (-84.40761569130399 33.78049131885374),6.0,6.0,6.0,6.0,7.0,8.0,7.0,8.0,25.0,25.0,29.0,29.0,23.666666666666664,49.9,23.52924999999999,16.72222222222222,0.9
2025-10-03 22:56:44+00:00,33.78050131142126,-84.40761541877943,POINT (-84.40761541877943 33.78050131142126),6.0,6.0,6.0,6.0,7.0,8.0,7.0,8.0,25.0,25.0,29.0,29.0,23.666666666666664,49.9,23.52924999999999,16.72222222222222,0.9
2025-10-03 22:56:45+00:00,33.78051124948385,-84.40761514774135,POINT (-84.40761514774135 33.78051124948385),6.0,6.0,6.0,6.0,7.0,8.0,7.0,8.0,25.0,25.0,29.0,29.0,23.666666666666664,49.9,23.52924999999999,16.72222222222222,0.9
2025-10-03 22:56:46+00:00,33.78052221405566,-84.40761484870758,POINT (-84.40761484870758 33.78052221405566),6.0,6.0,6.0,6.0,7.0,8.0,7.0,8.0,25.0,25.0,29.0,29.0,23.666666666666664,49.9,23.52924999999999,16.72222222222222,0.9
2025-10-03 22:56:47+00:00,33.78053315137501,-84.40761455041705,POINT (-84.40761455041705 33.78053315137501),6.0,6.0,6.0,6.0,7.0,8.0,7.0,8.0,25.0,25.0,29.0,29.0,23.666666666666664,49.9,23.52924999999999,16.72222222222222,0.9
2025-10-03 22:56:48+00:00,33.78054411594682,-84.40761425138328,POINT (-84.40761425138328 33.78054411594682),6.0,6.0,6.0,6.0,7.0,8.0,7.0,8.0,25.0,25.0,29.0,29.0,23.77777777777778,50.1,23.64852777777778,16.77777777777778,1.0
2025-10-03 22:56:49+00:00,33.780555162275995,-84.40761395011975,POINT (-84.40761395011975 33.780555162275995),6.0,6.0,6.0,6.0,7.0,8.0,7.0,8.0,25.0,25.0,29.0,29.0,23.77777777777778,50.1,23.64852777777778,16.77777777777778,1.0
2025-10-03 22:56:50+00:00,33.78056823437113,-84.40761359360806,POINT (-84.40761359360806 33.78056823437113),6.0,6.0,6.0,6.0,7.0,8.0,7.0,8.0,25.0,25.0,29.0,29.0,23.77777777777778,50.1,23.64852777777778,16.77777777777778,1.0
2025-10-03 22:56:51+00:00,33.78058130646626,-84.40761323709638,POINT (-84.40761323709638 33.78058130646626),6.0,6.0,6.0,6.0,7.0,8.0,7.0,8.0,25.0,25.0,29.0,29.0,23.77777777777778,50.1,23.64852777777778,16.77777777777778,1.0
2025-10-03 22:56:52+00:00,33.78059637707491,-84.40761282607978,POINT (-84.40761282607978 33.78059637707491),6.0,6.0,6.0,6.0,7.0,8.0,7.0,8.0,25.0,25.0,29.0,29.0,23.77777777777778,50.1,23.64852777777778,16.77777777777778,1.0
2025-10-03 22:56:53+00:00,33.78062252126517,-84.40761211305642,POINT (-84.40761211305642 33.78062252126517),5.0,5.0,5.0,5.0,4.0,4.0,4.0,4.0,21.0,21.0,17.0,17.0,23.88888888888889,50.2,23.766499999999994,16.88888888888889,1.1
2025-10-03 22:56:54+00:00,33.78063359484681,-84.40761181104963,POINT (-84.40761181104963 33.78063359484681),5.0,5.0,5.0,5.0,4.0,4.0,4.0,4.0,21.0,21.0,17.0,17.0,23.88888888888889,50.2,23.766499999999994,16.88888888888889,1.1
2025-10-03 22:56:55+00:00,33.78064366917169,-84.40761153629532,POINT (-84.40761153629532 33.78064366917169),5.0,5.0,5.0,5.0,4.0,4.0,4.0,4.0,21.0,21.0,17.0,17.0,23.88888888888889,50.2,23.766499999999994,16.88888888888889,1.1
2025-10-03 22:56:56+00:00,33.78066481707821,-84.40761095953424,POINT (-84.40761095953424 33.78066481707821),5.0,5.0,5.0,5.0,4.0,4.0,4.0,4.0,21.0,21.0,17.0,17.0,23.88888888888889,50.2,23.766499999999994,16.88888888888889,1.1
2025-10-03 22:56:57+00:00,33.780671893632835,-84.40761076653729,POINT (-84.40761076653729 33.780671893632835),5.0,5.0,5.0,5.0,4.0,4.0,4.0,4.0,21.0,21.0,17.0,17.0,23.88888888888889,50.2,23.766499999999994,16.88888888888889,1.1
2025-10-03 22:56:58+00:00,33.78069601205715,-84.40761010876209,POINT (-84.40761010876209 33.78069601205715),5.0,5.0,5.0,5.0,4.0,4.0,4.0,4.0,21.0,21.0,17.0,17.0,23.944444444444443,50.3,23.82613888888888,17.0,0.9
2025-10-03 22:56:59+00:00,33.780708,-84.40761,POINT (-84.40761 33.780708),5.0,5.0,5.0,5.0,4.0,4.0,4.0,4.0,21.0,21.0,17.0,17.0,23.944444444444443,50.3,23.82613888888888,17.0,0.9
2025-10-03 22:57:00+00:00,33.780717,-84.40761,POINT (-84.40761 33.780717),5.0,5.0,5.0,5.0,4.0,4.0,4.0,4.0,21.0,21.0,17.0,17.0,23.944444444444443,50.3,23.82613888888888,17.0,0.9
2025-10-03 22:57:01+00:00,33.780731,-84.40761,POINT (-84.40761 33.780731),5.0,5.0,5.0,5.0,4.0,4.0,4.0,4.0,21.0,21.0,17.0,17.0,23.944444444444443,50.3,23.82613888888888,17.0,0.9
2025-10-03 22:57:02+00:00,33.780745,-84.40761,POINT (-84.40761 33.780745),5.0,5.0,5.0,5.0,4.0,4.0,4.0,4.0,21.0,21.0,17.0,17.0,23.944444444444443,50.3,23.82613888888888,17.0,0.9
2025-10-03 22:57:03+00:00,33.78076,-84.40761,POINT (-84.40761 33.78076),5.0,5.0,5.0,5.0,4.0,4.0,4.0,4.0,21.0,21.0,17.0,17.0,23.944444444444443,50.4,23.827444444444442,17.0,0.9
2025-10-03 22:57:04+00:00,33.780774,-84.40761,POINT (-84.40761 33.780774),5.0,5.0,5.0,5.0,4.0,4.0,4.0,4.0,21.0,21.0,17.0,17.0,23.944444444444443,50.4,23.827444444444442,17.0,0.9
2025-10-03 22:57:05+00:00,33.780789,-84.40761,POINT (-84.40761 33.780789),5.0,5.0,5.0,5.0,4.0,4.0,4.0,4.0,21.0,21.0,17.0,17.0,23.944444444444443,50.4,23.827444444444442,17.0,0.9
2025-10-03 22:57:06+00:00,33.780812,-84.40761,POINT (-84.40761 33.780812),5.0,5.0,5.0,5.0,4.0,4.0,4.0,4.0,21.0,21.0,17.0,17.0,23.944444444444443,50.4,23.827444444444442,17.0,0.9
2025-10-03 22:57:07+00:00,33.780819,-84.40761,POINT (-84.40761 33.780819),5.0,5.0,5.0,5.0,4.0,4.0,4.0,4.0,21.0,21.0,17.0,17.0,23.944444444444443,50.4,23.827444444444442,17.0,0.9
2025-10-03 22:57:08+00:00,33.780845,-84.40761,POINT (-84.40761 33.780845),5.0,5.0,5.0,5.0,5.0,5.0,5.0,5.0,21.0,21.0,21.0,21.0,23.88888888888889,50.4,23.769111111111116,17.0,0.8
2025-10-03 22:57:09+00:00,33.780855,-84.40761,POINT (-84.40761 33.780855),5.0,5.0,5.0,5.0,5.0,5.0,5.0,5.0,21.0,21.0,21.0,21.0,23.88888888888889,50.4,23.769111111111116,17.0,0.8
2025-10-03 22:57:10+00:00,33.780865,-84.40761,POINT (-84.40761 33.780865),5.0,5.0,5.0,5.0,5.0,5.0,5.0,5.0,21.0,21.0,21.0,21.0,23.88888888888889,50.4,23.769111111111116,17.0,0.8
2025-10-03 22:57:11+00:00,33.780891,-84.40761,POINT (-84.40761 33.780891),5.0,5.0,5.0,5.0,5.0,5.0,5.0,5.0,21.0,21.0,21.0,21.0,23.88888888888889,50.4,23.769111111111116,17.0,0.8
2025-10-03 22:57:12+00:00,33.780901,-84.40761,POINT (-84.40761 33.780901),5.0,5.0,5.0,5.0,5.0,5.0,5.0,5.0,21.0,21.0,21.0,21.0,23.88888888888889,50.4,23.769111111111116,17.0,0.8
2025-10-03 22:57:13+00:00,33.780911,-84.40761,POINT (-84.40761 33.780911),5.0,5.0,5.0,5.0,5.0,5.0,5.0,5.0,21.0,21.0,21.0,21.0,23.88888888888889,50.3,23.767805555555555,16.88888888888889,0.9
2025-10-03 22:57:14+00:00,33.780926,-84.40761,POINT (-84.40761 33.780926),5.0,5.0,5.0,5.0,5.0,5.0,5.0,5.0,21.0,21.0,21.0,21.0,23.88888888888889,50.3,23.767805555555555,16.88888888888889,0.9
2025-10-03 22:57:15+00:00,33.780941,-84.40761,POINT (-84.40761 33.780941),5.0,5.0,5.0,5.0,5.0,5.0,5.0,5.0,21.0,21.0,21.0,21.0,23.88888888888889,50.3,23.767805555555555,16.88888888888889,0.9
2025-10-03 22:57:16+00:00,33.780966,-84.40761,POINT (-84.40761 33.780966),5.0,5.0,5.0,5.0,5.0,5.0,5.0,5.0,21.0,21.0,21.0,21.0,23.88888888888889,50.3,23.767805555555555,16.88888888888889,0.9
2025-10-03 22:57:17+00:00,33.780976,-84.40761,POINT (-84.40761 33.780976),5.0,5.0,5.0,5.0,5.0,5.0,5.0,5.0,21.0,21.0,21.0,21.0,23.88888888888889,50.3,23.767805555555555,16.88888888888889,0.9
2025-10-03 22:57:18+00:00,33.780986,-84.40761,POINT (-84.40761 33.780986),5.0,5.0,5.0,5.0,5.0,5.0,5.0,5.0,21.0,21.0,21.0,21.0,23.88888888888889,50.4,23.769111111111116,17.0,0.9
2025-10-03 22:57:19+00:00,33.781007,-84.40761,POINT (-84.40761 33.781007),5.0,5.0,5.0,5.0,5.0,5.0,5.0,5.0,21.0,21.0,21.0,21.0,23.88888888888889,50.4,23.769111111111116,17.0,0.9
2025-10-03 22:57:20+00:00,33.781014,-84.40761,POINT (-84.40761 33.781014),5.0,5.0,5.0,5.0,5.0,5.0,5.0,5.0,21.0,21.0,21.0,21.0,23.88888888888889,50.4,23.769111111111116,17.0,0.9
2025-10-03 22:57:21+00:00,33.781027,-84.40761,POINT (-84.40761 33.781027),5.0,5.0,5.0,5.0,5.0,5.0,5.0,5.0,21.0,21.0,21.0,21.0,23.88888888888889,50.4,23.769111111111116,17.0,0.9
2025-10-03 22:57:22+00:00,33.78104,-84.40761,POINT (-84.40761 33.78104),5.0,5.0,5.0,5.0,5.0,5.0,5.0,5.0,21.0,21.0,21.0,21.0,23.88888888888889,50.4,23.769111111111116,17.0,0.9
2025-10-03 22:57:23+00:00,33.781053,-84.40761,POINT (-84.40761 33.781053),5.0,5.0,5.0,5.0,6.0,6.0,6.0,6.0,21.0,21.0,25.0,25.0,23.88888888888889,50.4,23.769111111111116,17.0,0.0
2025-10-03 22:57:24+00:00,33.781067,-84.40761,POINT (-84.40761 33.781067),5.0,5.0,5.0,5.0,6.0,6.0,6.0,6.0,21.0,21.0,25.0,25.0,23.88888888888889,50.4,23.769111111111116,17.0,0.0
2025-10-03 22:57:25+00:00,33.781081,-84.40761,POINT (-84.40761 33.781081),5.0,5.0,5.0,5.0,6.0,6.0,6.0,6.0,21.0,21.0,25.0,25.0,23.88888888888889,50.4,23.769111111111116,17.0,0.0
2025-10-03 22:57:26+00:00,33.781096,-84.40761,POINT (-84.40761 33.781096),5.0,5.0,5.0,5.0,6.0,6.0,6.0,6.0,21.0,21.0,25.0,25.0,23.88888888888889,50.4,23.769111111111116,17.0,0.0
2025-10-03 22:57:27+00:00,33.781111,-84.40761,POINT (-84.40761 33.781111),5.0,5.0,5.0,5.0,6.0,6.0,6.0,6.0,21.0,21.0,25.0,25.0,23.88888888888889,50.4,23.769111111111116,17.0,0.0
2025-10-03 22:57:28+00:00,33.781126,-84.40761,POINT (-84.40761 33.781126),5.0,5.0,5.0,5.0,6.0,6.0,6.0,6.0,21.0,21.0,25.0,25.0,23.944444444444443,50.4,23.827444444444442,17.0,0.8
2025-10-03 22:57:29+00:00,33.781147,-84.40761,POINT (-84.40761 33.781147),5.0,5.0,5.0,5.0,6.0,6.0,6.0,6.0,21.0,21.0,25.0,25.0,23.944444444444443,50.4,23.827444444444442,17.0,0.8
2025-10-03 22:57:30+00:00,33.781155,-84.40761,POINT (-84.40761 33.781155),5.0,5.0,5.0,5.0,6.0,6.0,6.0,6.0,21.0,21.0,25.0,25.0,23.944444444444443,50.4,23.827444444444442,17.0,0.8
2025-10-03 22:57:31+00:00,33.781169,-84.40761,POINT (-84.40761 33.781169),5.0,5.0,5.0,5.0,6.0,6.0,6.0,6.0,21.0,21.0,25.0,25.0,23.944444444444443,50.4,23.827444444444442,17.0,0.8
2025-10-03 22:57:32+00:00,33.781182,-84.40761,POINT (-84.40761 33.781182),5.0,5.0,5.0,5.0,6.0,6.0,6.0,6.0,21.0,21.0,25.0,25.0,23.944444444444443,50.4,23.827444444444442,17.0,0.8
2025-10-03 22:57:33+00:00,33.781196,-84.40761,POINT (-84.40761 33.781196),5.0,5.0,5.0,5.0,6.0,6.0,6.0,6.0,21.0,21.0,25.0,25.0,24.0,50.4,23.885777777777776,17.11111111111111,0.8
2025-10-03 22:57:34+00:00,33.781217,-84.40761,POINT (-84.40761 33.781217),5.0,5.0,5.0,5.0,6.0,6.0,6.0,6.0,21.0,21.0,25.0,25.0,24.0,50.4,23.885777777777776,17.11111111111111,0.8
2025-10-03 22:57:35+00:00,33.781224,-84.40761,POINT (-84.40761 33.781224),5.0,5.0,5.0,5.0,6.0,6.0,6.0,6.0,21.0,21.0,25.0,25.0,24.0,50.4,23.885777777777776,17.11111111111111,0.8
2025-10-03 22:57:36+00:00,33.781239,-84.40761,POINT (-84.40761 33.781239),5.0,5.0,5.0,5.0,6.0,6.0,6.0,6.0,21.0,21.0,25.0,25.0,24.0,50.4,23.885777777777776,17.11111111111111,0.8
2025-10-03 22:57:37+00:00,33.781254,-84.40761,POINT (-84.40761 33.781254),5.0,5.0,5.0,5.0,6.0,6.0,6.0,6.0,21.0,21.0,25.0,25.0,24.0,50.4,23.885777777777776,17.11111111111111,0.8
2025-10-03 22:57:38+00:00,33.781269,-84.40761,POINT (-84.40761 33.781269),5.0,5.0,5.0,5.0,5.0,5.0,5.0,5.0,21.0,21.0,21.0,21.0,24.166666666666668,50.4,24.060777777777773,17.22222222222222,0.8
2025-10-03 22:57:39+00:00,33.781294,-84.40761,POINT (-84.40761 33.781294),5.0,5.0,5.0,5.0,5.0,5.0,5.0,5.0,21.0,21.0,21.0,21.0,24.166666666666668,50.4,24.060777777777773,17.22222222222222,0.8
2025-10-03 22:57:40+00:00,33.781304,-84.40761,POINT (-84.40761 33.781304),5.0,5.0,5.0,5.0,5.0,5.0,5.0,5.0,21.0,21.0,21.0,21.0,24.166666666666668,50.4,24.060777777777773,17.22222222222222,0.8
2025-10-03 22:57:41+00:00,33.781314,-84.40761,POINT (-84.40761 33.781314),5.0,5.0,5.0,5.0,5.0,5.0,5.0,5.0,21.0,21.0,21.0,21.0,24.166666666666668,50.4,24.060777777777773,17.22222222222222,0.8
2025-10-03 22:57:42+00:00,33.781328,-84.40761,POINT (-84.40761 33.781328),5.0,5.0,5.0,5.0,5.0,5.0,5.0,5.0,21.0,21.0,21.0,21.0,24.166666666666668,50.4,24.060777777777773,17.22222222222222,0.8
2025-10-03 22:57:43+00:00,33.781342,-84.40761,POINT (-84.40761 33.781342),5.0,5.0,5.0,5.0,5.0,5.0,5.0,5.0,21.0,21.0,21.0,21.0,24.27777777777778,50.3,24.176138888888886,17.27777777777778,2.1
2025-10-03 22:57:44+00:00,33.781365,-84.40761,POINT (-84.40761 33.781365),5.0,5.0,5.0,5.0,5.0,5.0,5.0,5.0,21.0,21.0,21.0,21.0,24.27777777777778,50.3,24.176138888888886,17.27777777777778,2.1
2025-10-03 22:57:45+00:00,33.781374,-84.40761,POINT (-84.40761 33.781374),5.0,5.0,5.0,5.0,5.0,5.0,5.0,5.0,21.0,21.0,21.0,21.0,24.27777777777778,50.3,24.176138888888886,17.27777777777778,2.1
2025-10-03 22:57:46+00:00,33.781383,-84.40761,POINT (-84.40761 33.781383),5.0,5.0,5.0,5.0,5.0,5.0,5.0,5.0,21.0,21.0,21.0,21.0,24.27777777777778,50.3,24.176138888888886,17.27777777777778,2.1
2025-10-03 22:57:47+00:00,33.781395,-84.40761,POINT (-84.40761 33.781395),5.0,5.0,5.0,5.0,5.0,5.0,5.0,5.0,21.0,21.0,21.0,21.0,24.27777777777778,50.3,24.176138888888886,17.27777777777778,2.1
2025-10-03 22:57:48+00:00,33.781406,-84.40761,POINT (-84.40761 33.781406),5.0,5.0,5.0,5.0,5.0,5.0,5.0,5.0,21.0,21.0,21.0,21.0,24.166666666666668,50.2,24.058166666666665,17.11111111111111,0.8
2025-10-03 22:57:49+00:00,33.781415,-84.40761,POINT (-84.40761 33.781415),5.0,5.0,5.0,5.0,5.0,5.0,5.0,5.0,21.0,21.0,21.0,21.0,24.166666666666668,50.2,24.058166666666665,17.11111111111111,0.8
2025-10-03 22:57:50+00:00,33.781425,-84.40761,POINT (-84.40761 33.781425),5.0,5.0,5.0,5.0,5.0,5.0,5.0,5.0,21.0,21.0,21.0,21.0,24.166666666666668,50.2,24.058166666666665,17.11111111111111,0.8
2025-10-03 22:57:51+00:00,33.781433,-84.40761,POINT (-84.40761 33.781433),5.0,5.0,5.0,5.0,5.0,5.0,5.0,5.0,21.0,21.0,21.0,21.0,24.166666666666668,50.2,24.058166666666665,17.11111111111111,0.8
2025-10-03 22:57:52+00:00,33.781441,-84.40761,POINT (-84.40761 33.781441),5.0,5.0,5.0,5.0,5.0,5.0,5.0,5.0,21.0,21.0,21.0,21.0,24.166666666666668,50.2,24.058166666666665,17.11111111111111,0.8
2025-10-03 22:57:53+00:00,33.781448,-84.40761,POINT (-84.40761 33.781448),5.0,6.0,5.0,6.0,4.5,4.5,4.5,4.5,21.0,21.0,19.0,19.0,24.055555555555557,50.0,23.93888888888889,17.0,1.0
2025-10-03 22:57:54+00:00,33.781455,-84.40761,POINT (-84.40761 33.781455),5.0,6.0,5.0,6.0,4.5,4.5,4.5,4.5,21.0,21.0,19.0,19.0,24.055555555555557,50.0,23.93888888888889,17.0,1.0
2025-10-03 22:57:55+00:00,33.781461,-84.40761,POINT (-84.40761 33.781461),5.0,6.0,5.0,6.0,4.5,4.5,4.5,4.5,21.0,21.0,19.0,19.0,24.055555555555557,50.0,23.93888888888889,17.0,1.0
2025-10-03 22:57:56+00:00,33.781467,-84.40761,POINT (-84.40761 33.781467),5.0,6.0,5.0,6.0,4.5,4.5,4.5,4.5,21.0,21.0,19.0,19.0,24.055555555555557,50.0,23.93888888888889,17.0,1.0
2025-10-03 22:57:57+00:00,33.781472,-84.40761,POINT (-84.40761 33.781472),5.0,6.0,5.0,6.0,4.5,4.5,4.5,4.5,21.0,21.0,19.0,19.0,24.055555555555557,50.0,23.93888888888889,17.0,1.0
2025-10-03 22:57:58+00:00,33.781476,-84.40761,POINT (-84.40761 33.781476),5.0,6.0,5.0,6.0,4.5,4.5,4.5,4.5,21.0,21.0,19.0,19.0,23.944444444444443,49.9,23.820916666666662,16.88888888888889,0.9
2025-10-03 22:57:59+00:00,33.781479,-84.40761,POINT (-84.40761 33.781479),5.0,6.0,5.0,6.0,4.5,4.5,4.5,4.5,21.0,21.0,19.0,19.0,23.944444444444443,49.9,23.820916666666662,16.88888888888889,0.9
2025-10-03 22:58:00+00:00,33.781479,-84.40761,POINT (-84.40761 33.781479),5.0,6.0,5.0,6.0,4.5,4.5,4.5,4.5,21.0,21.0,19.0,19.0,23.944444444444443,49.9,23.820916666666662,16.88888888888889,0.9
2025-10-03 22:58:01+00:00,33.781481661538464,-84.40761009230769,POINT (-84.40761009230769 33.781481661538464),5.0,6.0,5.0,6.0,4.5,4.5,4.5,4.5,21.0,21.0,19.0,19.0,23.944444444444443,49.9,23.820916666666662,16.88888888888889,0.9
2025-10-03 22:58:02+00:00,33.781482658461535,-84.40761014769231,POINT (-84.40761014769231 33.781482658461535),5.0,6.0,5.0,6.0,4.5,4.5,4.5,4.5,21.0,21.0,19.0,19.0,23.944444444444443,49.9,23.820916666666662,16.88888888888889,0.9
2025-10-03 22:58:03+00:00,33.781482603076924,-84.40761014461539,POINT (-84.40761014461539 33.781482603076924),5.0,6.0,5.0,6.0,4.5,4.5,4.5,4.5,21.0,21.0,19.0,19.0,23.88888888888889,49.8,23.761277777777774,16.88888888888889,1.0
2025-10-03 22:58:04+00:00,33.781483599999994,-84.40761020000001,POINT (-84.40761020000001 33.781483599999994),5.0,6.0,5.0,6.0,4.5,4.5,4.5,4.5,21.0,21.0,19.0,19.0,23.88888888888889,49.8,23.761277777777774,16.88888888888889,1.0
2025-10-03 22:58:05+00:00,33.781483599999994,-84.40761020000001,POINT (-84.40761020000001 33.781483599999994),5.0,6.0,5.0,6.0,4.5,4.5,4.5,4.5,21.0,21.0,19.0,19.0,23.88888888888889,49.8,23.761277777777774,16.88888888888889,1.0
2025-10-03 22:58:06+00:00,33.78148459692308,-84.40761025538463,POINT (-84.40761025538463 33.78148459692308),5.0,6.0,5.0,6.0,4.5,4.5,4.5,4.5,21.0,21.0,19.0,19.0,23.88888888888889,49.8,23.761277777777774,16.88888888888889,1.0
2025-10-03 22:58:07+00:00,33.78148559384615,-84.40761031076923,POINT (-84.40761031076923 33.78148559384615),5.0,6.0,5.0,6.0,4.5,4.5,4.5,4.5,21.0,21.0,19.0,19.0,23.88888888888889,49.8,23.761277777777774,16.88888888888889,1.0
2025-10-03 22:58:08+00:00,33.78148559384615,-84.40761031076923,POINT (-84.40761031076923 33.78148559384615),5.0,6.0,5.0,6.0,5.0,5.0,5.0,5.0,21.0,21.0,21.0,21.0,23.88888888888889,49.7,23.75997222222222,16.88888888888889,1.6
2025-10-03 22:58:09+00:00,33.781486590769234,-84.40761036615385,POINT (-84.40761036615385 33.781486590769234),5.0,6.0,5.0,6.0,5.0,5.0,5.0,5.0,21.0,21.0,21.0,21.0,23.88888888888889,49.7,23.75997222222222,16.88888888888889,1.6
2025-10-03 22:58:10+00:00,33.781487587692304,-84.40761042153846,POINT (-84.40761042153846 33.781487587692304),5.0,6.0,5.0,6.0,5.0,5.0,5.0,5.0,21.0,21.0,21.0,21.0,23.88888888888889,49.7,23.75997222222222,16.88888888888889,1.6
2025-10-03 22:58:11+00:00,33.781487587692304,-84.40761042153846,POINT (-84.40761042153846 33.781487587692304),5.0,6.0,5.0,6.0,5.0,5.0,5.0,5.0,21.0,21.0,21.0,21.0,23.88888888888889,49.7,23.75997222222222,16.88888888888889,1.6
2025-10-03 22:58:12+00:00,33.78148858461538,-84.40761047692308,POINT (-84.40761047692308 33.78148858461538),5.0,6.0,5.0,6.0,5.0,5.0,5.0,5.0,21.0,21.0,21.0,21.0,23.88888888888889,49.7,23.75997222222222,16.88888888888889,1.6
2025-10-03 22:58:13+00:00,33.781488529230764,-84.40761047384616,POINT (-84.40761047384616 33.781488529230764),5.0,6.0,5.0,6.0,5.0,5.0,5.0,5.0,21.0,21.0,21.0,21.0,23.833333333333336,49.6,23.700333333333333,16.77777777777778,1.1
2025-10-03 22:58:14+00:00,33.78148952615385,-84.40761052923078,POINT (-84.40761052923078 33.78148952615385),5.0,6.0,5.0,6.0,5.0,5.0,5.0,5.0,21.0,21.0,21.0,21.0,23.833333333333336,49.6,23.700333333333333,16.77777777777778,1.1
2025-10-03 22:58:15+00:00,33.78149052307692,-84.40761058461538,POINT (-84.40761058461538 33.78149052307692),5.0,6.0,5.0,6.0,5.0,5.0,5.0,5.0,21.0,21.0,21.0,21.0,23.833333333333336,49.6,23.700333333333333,16.77777777777778,1.1
2025-10-03 22:58:16+00:00,33.78149052307692,-84.40761058461538,POINT (-84.40761058461538 33.78149052307692),5.0,6.0,5.0,6.0,5.0,5.0,5.0,5.0,21.0,21.0,21.0,21.0,23.833333333333336,49.6,23.700333333333333,16.77777777777778,1.1
2025-10-03 22:58:17+00:00,33.781491519999996,-84.40761064,POINT (-84.40761064 33.781491519999996),5.0,6.0,5.0,6.0,5.0,5.0,5.0,5.0,21.0,21.0,21.0,21.0,23.833333333333336,49.6,23.700333333333333,16.77777777777778,1.1
2025-10-03 22:58:18+00:00,33.78149251692308,-84.40761069538462,POINT (-84.40761069538462 33.78149251692308),5.0,6.0,5.0,6.0,5.0,5.0,5.0,5.0,21.0,21.0,21.0,21.0,23.72222222222222,49.5,23.582361111111112,16.61111111111111,0.9
2025-10-03 22:58:19+00:00,33.78149251692308,-84.40761069538462,POINT (-84.40761069538462 33.78149251692308),5.0,6.0,5.0,6.0,5.0,5.0,5.0,5.0,21.0,21.0,21.0,21.0,23.72222222222222,49.5,23.582361111111112,16.61111111111111,0.9
2025-10-03 22:58:20+00:00,33.78149351384615,-84.40761075076924,POINT (-84.40761075076924 33.78149351384615),5.0,6.0,5.0,6.0,5.0,5.0,5.0,5.0,21.0,21.0,21.0,21.0,23.72222222222222,49.5,23.582361111111112,16.61111111111111,0.9
2025-10-03 22:58:21+00:00,33.78149451076923,-84.40761080615385,POINT (-84.40761080615385 33.78149451076923),5.0,6.0,5.0,6.0,5.0,5.0,5.0,5.0,21.0,21.0,21.0,21.0,23.72222222222222,49.5,23.582361111111112,16.61111111111111,0.9
2025-10-03 22:58:22+00:00,33.78149451076923,-84.40761080615385,POINT (-84.40761080615385 33.78149451076923),5.0,6.0,5.0,6.0,5.0,5.0,5.0,5.0,21.0,21.0,21.0,21.0,23.72222222222222,49.5,23.582361111111112,16.61111111111111,0.9
2025-10-03 22:58:23+00:00,33.781495452307695,-84.40761085846154,POINT (-84.40761085846154 33.781495452307695),6.0,6.0,6.0,6.0,5.0,5.0,5.0,5.0,25.0,25.0,21.0,21.0,23.72222222222222,49.5,23.582361111111112,16.61111111111111,0.0
2025-10-03 22:58:24+00:00,33.781495452307695,-84.40761085846154,POINT (-84.40761085846154 33.781495452307695),6.0,6.0,6.0,6.0,5.0,5.0,5.0,5.0,25.0,25.0,21.0,21.0,23.72222222222222,49.5,23.582361111111112,16.61111111111111,0.0
2025-10-03 22:58:25+00:00,33.781496449230765,-84.40761091384616,POINT (-84.40761091384616 33.781496449230765),6.0,6.0,6.0,6.0,5.0,5.0,5.0,5.0,25.0,25.0,21.0,21.0,23.72222222222222,49.5,23.582361111111112,16.61111111111111,0.0
2025-10-03 22:58:26+00:00,33.78149744615384,-84.40761096923077,POINT (-84.40761096923077 33.78149744615384),6.0,6.0,6.0,6.0,5.0,5.0,5.0,5.0,25.0,25.0,21.0,21.0,23.72222222222222,49.5,23.582361111111112,16.61111111111111,0.0
2025-10-03 22:58:27+00:00,33.78149744615384,-84.40761096923077,POINT (-84.40761096923077 33.78149744615384),6.0,6.0,6.0,6.0,5.0,5.0,5.0,5.0,25.0,25.0,21.0,21.0,23.72222222222222,49.5,23.582361111111112,16.61111111111111,0.0
2025-10-03 22:58:28+00:00,33.78149844307692,-84.40761102461539,POINT (-84.40761102461539 33.78149844307692),6.0,6.0,6.0,6.0,5.0,5.0,5.0,5.0,25.0,25.0,21.0,21.0,23.77777777777778,49.5,23.64069444444444,16.72222222222222,0.0
2025-10-03 22:58:29+00:00,33.78149944,-84.40761108000001,POINT (-84.40761108000001 33.78149944),6.0,6.0,6.0,6.0,5.0,5.0,5.0,5.0,25.0,25.0,21.0,21.0,23.77777777777778,49.5,23.64069444444444,16.72222222222222,0.0
2025-10-03 22:58:30+00:00,33.78149944,-84.40761108000001,POINT (-84.40761108000001 33.78149944),6.0,6.0,6.0,6.0,5.0,5.0,5.0,5.0,25.0,25.0,21.0,21.0,23.77777777777778,49.5,23.64069444444444,16.72222222222222,0.0
2025-10-03 22:58:31+00:00,33.781500436923075,-84.40761113538461,POINT (-84.40761113538461 33.781500436923075),6.0,6.0,6.0,6.0,5.0,5.0,5.0,5.0,25.0,25.0,21.0,21.0,23.77777777777778,49.5,23.64069444444444,16.72222222222222,0.0
2025-10-03 22:58:32+00:00,33.78150143384615,-84.40761119076923,POINT (-84.40761119076923 33.78150143384615),6.0,6.0,6.0,6.0,5.0,5.0,5.0,5.0,25.0,25.0,21.0,21.0,23.77777777777778,49.5,23.64069444444444,16.72222222222222,0.0
2025-10-03 22:58:33+00:00,33.781501378461535,-84.40761118769231,POINT (-84.40761118769231 33.781501378461535),6.0,6.0,6.0,6.0,5.0,5.0,5.0,5.0,25.0,25.0,21.0,21.0,23.72222222222222,49.6,23.583666666666666,16.61111111111111,0.0
2025-10-03 22:58:34+00:00,33.78150237538461,-84.40761124307693,POINT (-84.40761124307693 33.78150237538461),6.0,6.0,6.0,6.0,5.0,5.0,5.0,5.0,25.0,25.0,21.0,21.0,23.72222222222222,49.6,23.583666666666666,16.61111111111111,0.0
2025-10-03 22:58:35+00:00,33.78150237538461,-84.40761124307693,POINT (-84.40761124307693 33.78150237538461),6.0,6.0,6.0,6.0,5.0,5.0,5.0,5.0,25.0,25.0,21.0,21.0,23.72222222222222,49.6,23.583666666666666,16.61111111111111,0.0
2025-10-03 22:58:36+00:00,33.7815033723077,-84.40761129846155,POINT (-84.40761129846155 33.7815033723077),6.0,6.0,6.0,6.0,5.0,5.0,5.0,5.0,25.0,25.0,21.0,21.0,23.72222222222222,49.6,23.583666666666666,16.61111111111111,0.0
2025-10-03 22:58:37+00:00,33.78150436923077,-84.40761135384616,POINT (-84.40761135384616 33.78150436923077),6.0,6.0,6.0,6.0,5.0,5.0,5.0,5.0,25.0,25.0,21.0,21.0,23.72222222222222,49.6,23.583666666666666,16.61111111111111,0.0
2025-10-03 22:58:38+00:00,33.78150436923077,-84.40761135384616,POINT (-84.40761135384616 33.78150436923077),6.0,6.0,6.0,6.0,5.0,5.0,5.0,5.0,25.0,25.0,21.0,21.0,23.666666666666664,49.6,23.52533333333333,16.61111111111111,0.0
2025-10-03 22:58:39+00:00,33.781505366153844,-84.40761140923077,POINT (-84.40761140923077 33.781505366153844),6.0,6.0,6.0,6.0,5.0,5.0,5.0,5.0,25.0,25.0,21.0,21.0,23.666666666666664,49.6,23.52533333333333,16.61111111111111,0.0
2025-10-03 22:58:40+00:00,33.78150636307692,-84.40761146461539,POINT (-84.40761146461539 33.78150636307692),6.0,6.0,6.0,6.0,5.0,5.0,5.0,5.0,25.0,25.0,21.0,21.0,23.666666666666664,49.6,23.52533333333333,16.61111111111111,0.0
2025-10-03 22:58:41+00:00,33.78150636307692,-84.40761146461539,POINT (-84.40761146461539 33.78150636307692),6.0,6.0,6.0,6.0,5.0,5.0,5.0,5.0,25.0,25.0,21.0,21.0,23.666666666666664,49.6,23.52533333333333,16.61111111111111,0.0
2025-10-03 22:58:42+00:00,33.78150736,-84.40761152,POINT (-84.40761152 33.78150736),6.0,6.0,6.0,6.0,5.0,5.0,5.0,5.0,25.0,25.0,21.0,21.0,23.666666666666664,49.6,23.52533333333333,16.61111111111111,0.0
2025-10-03 22:58:43+00:00,33.78150730461538,-84.40761151692308,POINT (-84.40761151692308 33.78150730461538),6.0,6.0,6.0,6.0,5.0,5.0,5.0,5.0,25.0,25.0,21.0,21.0,23.666666666666664,49.6,23.52533333333333,16.61111111111111,0.0
2025-10-03 22:58:44+00:00,33.78150830153846,-84.4076115723077,POINT (-84.4076115723077 33.78150830153846),6.0,6.0,6.0,6.0,5.0,5.0,5.0,5.0,25.0,25.0,21.0,21.0,23.666666666666664,49.6,23.52533333333333,16.61111111111111,0.0
2025-10-03 22:58:45+00:00,33.781509298461536,-84.4076116276923,POINT (-84.4076116276923 33.781509298461536),6.0,6.0,6.0,6.0,5.0,5.0,5.0,5.0,25.0,25.0,21.0,21.0,23.666666666666664,49.6,23.52533333333333,16.61111111111111,0.0
2025-10-03 22:58:46+00:00,33.781509298461536,-84.4076116276923,POINT (-84.4076116276923 33.781509298461536),6.0,6.0,6.0,6.0,5.0,5.0,5.0,5.0,25.0,25.0,21.0,21.0,23.666666666666664,49.6,23.52533333333333,16.61111111111111,0.0
2025-10-03 22:58:47+00:00,33.781510295384614,-84.40761168307692,POINT (-84.40761168307692 33.781510295384614),6.0,6.0,6.0,6.0,5.0,5.0,5.0,5.0,25.0,25.0,21.0,21.0,23.666666666666664,49.6,23.52533333333333,16.61111111111111,0.0
2025-10-03 22:58:48+00:00,33.78151129230769,-84.40761173846154,POINT (-84.40761173846154 33.78151129230769),6.0,6.0,6.0,6.0,5.0,5.0,5.0,5.0,25.0,25.0,21.0,21.0,23.61111111111111,49.7,23.46830555555556,16.61111111111111,0.0
2025-10-03 22:58:49+00:00,33.78151129230769,-84.40761173846154,POINT (-84.40761173846154 33.78151129230769),6.0,6.0,6.0,6.0,5.0,5.0,5.0,5.0,25.0,25.0,21.0,21.0,23.61111111111111,49.7,23.46830555555556,16.61111111111111,0.0
2025-10-03 22:58:50+00:00,33.78151228923077,-84.40761179384616,POINT (-84.40761179384616 33.78151228923077),6.0,6.0,6.0,6.0,5.0,5.0,5.0,5.0,25.0,25.0,21.0,21.0,23.61111111111111,49.7,23.46830555555556,16.61111111111111,0.0
2025-10-03 22:58:51+00:00,33.781513286153846,-84.40761184923078,POINT (-84.40761184923078 33.781513286153846),6.0,6.0,6.0,6.0,5.0,5.0,5.0,5.0,25.0,25.0,21.0,21.0,23.61111111111111,49.7,23.46830555555556,16.61111111111111,0.0
2025-10-03 22:58:52+00:00,33.781513286153846,-84.40761184923078,POINT (-84.40761184923078 33.781513286153846),6.0,6.0,6.0,6.0,5.0,5.0,5.0,5.0,25.0,25.0,21.0,21.0,23.61111111111111,49.7,23.46830555555556,16.61111111111111,0.0
2025-10-03 22:58:53+00:00,33.781514227692305,-84.40761190153846,POINT (-84.40761190153846 33.781514227692305),5.0,5.0,5.0,5.0,7.0,7.0,7.0,7.0,21.0,21.0,29.0,29.0,23.77777777777778,49.8,23.644611111111107,16.77777777777778,0.9
2025-10-03 22:58:54+00:00,33.781514227692305,-84.40761190153846,POINT (-84.40761190153846 33.781514227692305),5.0,5.0,5.0,5.0,7.0,7.0,7.0,7.0,21.0,21.0,29.0,29.0,23.77777777777778,49.8,23.644611111111107,16.77777777777778,0.9
2025-10-03 22:58:55+00:00,33.78151522461538,-84.40761195692308,POINT (-84.40761195692308 33.78151522461538),5.0,5.0,5.0,5.0,7.0,7.0,7.0,7.0,21.0,21.0,29.0,29.0,23.77777777777778,49.8,23.644611111111107,16.77777777777778,0.9
2025-10-03 22:58:56+00:00,33.78151622153846,-84.4076120123077,POINT (-84.4076120123077 33.78151622153846),5.0,5.0,5.0,5.0,7.0,7.0,7.0,7.0,21.0,21.0,29.0,29.0,23.77777777777778,49.8,23.644611111111107,16.77777777777778,0.9
2025-10-03 22:58:57+00:00,33.78151622153846,-84.4076120123077,POINT (-84.4076120123077 33.78151622153846),5.0,5.0,5.0,5.0,7.0,7.0,7.0,7.0,21.0,21.0,29.0,29.0,23.77777777777778,49.8,23.644611111111107,16.77777777777778,0.9
2025-10-03 22:58:58+00:00,33.78151721846154,-84.40761206769231,POINT (-84.40761206769231 33.78151721846154),5.0,5.0,5.0,5.0,7.0,7.0,7.0,7.0,21.0,21.0,29.0,29.0,23.61111111111111,49.9,23.470916666666664,16.72222222222222,0.0
2025-10-03 22:58:59+00:00,33.781518215384615,-84.40761212307693,POINT (-84.40761212307693 33.781518215384615),5.0,5.0,5.0,5.0,7.0,7.0,7.0,7.0,21.0,21.0,29.0,29.0,23.61111111111111,49.9,23.470916666666664,16.72222222222222,0.0
2025-10-03 22:59:00+00:00,33.781518215384615,-84.40761212307693,POINT (-84.40761212307693 33.781518215384615),5.0,5.0,5.0,5.0,7.0,7.0,7.0,7.0,21.0,21.0,29.0,29.0,23.61111111111111,49.9,23.470916666666664,16.72222222222222,0.0
2025-10-03 22:59:01+00:00,33.78151921230769,-84.40761217846155,POINT (-84.40761217846155 33.78151921230769),5.0,5.0,5.0,5.0,7.0,7.0,7.0,7.0,21.0,21.0,29.0,29.0,23.61111111111111,49.9,23.470916666666664,16.72222222222222,0.0
2025-10-03 22:59:02+00:00,33.78152020923077,-84.40761223384615,POINT (-84.40761223384615 33.78152020923077),5.0,5.0,5.0,5.0,7.0,7.0,7.0,7.0,21.0,21.0,29.0,29.0,23.61111111111111,49.9,23.470916666666664,16.72222222222222,0.0
2025-10-03 22:59:03+00:00,33.78152015384615,-84.40761223076923,POINT (-84.40761223076923 33.78152015384615),5.0,5.0,5.0,5.0,7.0,7.0,7.0,7.0,21.0,21.0,29.0,29.0,23.555555555555557,49.9,23.412583333333334,16.61111111111111,0.0
2025-10-03 22:59:04+00:00,33.78152115076923,-84.40761228615385,POINT (-84.40761228615385 33.78152115076923),5.0,5.0,5.0,5.0,7.0,7.0,7.0,7.0,21.0,21.0,29.0,29.0,23.555555555555557,49.9,23.412583333333334,16.61111111111111,0.0
2025-10-03 22:59:05+00:00,33.78152115076923,-84.40761228615385,POINT (-84.40761228615385 33.78152115076923),5.0,5.0,5.0,5.0,7.0,7.0,7.0,7.0,21.0,21.0,29.0,29.0,23.555555555555557,49.9,23.412583333333334,16.61111111111111,0.0
2025-10-03 22:59:06+00:00,33.78152214769231,-84.40761234153847,POINT (-84.40761234153847 33.78152214769231),5.0,5.0,5.0,5.0,7.0,7.0,7.0,7.0,21.0,21.0,29.0,29.0,23.555555555555557,49.9,23.412583333333334,16.61111111111111,0.0
2025-10-03 22:59:07+00:00,33.781523144615385,-84.40761239692308,POINT (-84.40761239692308 33.781523144615385),5.0,5.0,5.0,5.0,7.0,7.0,7.0,7.0,21.0,21.0,29.0,29.0,23.555555555555557,49.9,23.412583333333334,16.61111111111111,0.0
2025-10-03 22:59:08+00:00,33.781523144615385,-84.40761239692308,POINT (-84.40761239692308 33.781523144615385),6.0,6.0,6.0,6.0,7.0,7.0,7.0,7.0,25.0,25.0,29.0,29.0,23.61111111111111,50.0,23.47222222222222,16.72222222222222,0.0
2025-10-03 22:59:09+00:00,33.78152414153846,-84.40761245230769,POINT (-84.40761245230769 33.78152414153846),6.0,6.0,6.0,6.0,7.0,7.0,7.0,7.0,25.0,25.0,29.0,29.0,23.61111111111111,50.0,23.47222222222222,16.72222222222222,0.0
2025-10-03 22:59:10+00:00,33.78152513846153,-84.4076125076923,POINT (-84.4076125076923 33.78152513846153),6.0,6.0,6.0,6.0,7.0,7.0,7.0,7.0,25.0,25.0,29.0,29.0,23.61111111111111,50.0,23.47222222222222,16.72222222222222,0.0
2025-10-03 22:59:11+00:00,33.78152513846153,-84.4076125076923,POINT (-84.4076125076923 33.78152513846153),6.0,6.0,6.0,6.0,7.0,7.0,7.0,7.0,25.0,25.0,29.0,29.0,23.61111111111111,50.0,23.47222222222222,16.72222222222222,0.0
2025-10-03 22:59:12+00:00,33.78152608,-84.40761256,POINT (-84.40761256 33.78152608),6.0,6.0,6.0,6.0,7.0,7.0,7.0,7.0,25.0,25.0,29.0,29.0,23.61111111111111,50.0,23.47222222222222,16.72222222222222,0.0
2025-10-03 22:59:13+00:00,33.78152608,-84.40761256,POINT (-84.40761256 33.78152608),6.0,6.0,6.0,6.0,7.0,7.0,7.0,7.0,25.0,25.0,29.0,29.0,23.555555555555557,50.1,23.41519444444445,16.61111111111111,1.0
2025-10-03 22:59:14+00:00,33.781527076923076,-84.40761261538462,POINT (-84.40761261538462 33.781527076923076),6.0,6.0,6.0,6.0,7.0,7.0,7.0,7.0,25.0,25.0,29.0,29.0,23.555555555555557,50.1,23.41519444444445,16.61111111111111,1.0
2025-10-03 22:59:15+00:00,33.78152807384615,-84.40761267076924,POINT (-84.40761267076924 33.78152807384615),6.0,6.0,6.0,6.0,7.0,7.0,7.0,7.0,25.0,25.0,29.0,29.0,23.555555555555557,50.1,23.41519444444445,16.61111111111111,1.0
2025-10-03 22:59:16+00:00,33.78152807384615,-84.40761267076924,POINT (-84.40761267076924 33.78152807384615),6.0,6.0,6.0,6.0,7.0,7.0,7.0,7.0,25.0,25.0,29.0,29.0,23.555555555555557,50.1,23.41519444444445,16.61111111111111,1.0
2025-10-03 22:59:17+00:00,33.78152907076923,-84.40761272615384,POINT (-84.40761272615384 33.78152907076923),6.0,6.0,6.0,6.0,7.0,7.0,7.0,7.0,25.0,25.0,29.0,29.0,23.555555555555557,50.1,23.41519444444445,16.61111111111111,1.0
2025-10-03 22:59:18+00:00,33.78153006769231,-84.40761278153846,POINT (-84.40761278153846 33.78153006769231),6.0,6.0,6.0,6.0,7.0,7.0,7.0,7.0,25.0,25.0,29.0,29.0,23.5,50.2,23.35816666666667,16.61111111111111,0.0
2025-10-03 22:59:19+00:00,33.78153006769231,-84.40761278153846,POINT (-84.40761278153846 33.78153006769231),6.0,6.0,6.0,6.0,7.0,7.0,7.0,7.0,25.0,25.0,29.0,29.0,23.5,50.2,23.35816666666667,16.61111111111111,0.0
2025-10-03 22:59:20+00:00,33.78153106461538,-84.40761283692308,POINT (-84.40761283692308 33.78153106461538),6.0,6.0,6.0,6.0,7.0,7.0,7.0,7.0,25.0,25.0,29.0,29.0,23.5,50.2,23.35816666666667,16.61111111111111,0.0
2025-10-03 22:59:21+00:00,33.78153206153846,-84.4076128923077,POINT (-84.4076128923077 33.78153206153846),6.0,6.0,6.0,6.0,7.0,7.0,7.0,7.0,25.0,25.0,29.0,29.0,23.5,50.2,23.35816666666667,16.61111111111111,0.0
2025-10-03 22:59:22+00:00,33.781532006153846,-84.40761288923078,POINT (-84.40761288923078 33.781532006153846),6.0,6.0,6.0,6.0,7.0,7.0,7.0,7.0,25.0,25.0,29.0,29.0,23.5,50.2,23.35816666666667,16.61111111111111,0.0
2025-10-03 22:59:23+00:00,33.78153300307692,-84.40761294461538,POINT (-84.40761294461538 33.78153300307692),5.0,5.0,5.0,5.0,7.0,7.0,7.0,7.0,21.0,21.0,29.0,29.0,23.5,50.2,23.35816666666667,16.61111111111111,0.0
2025-10-03 22:59:24+00:00,33.78153300307692,-84.40761294461538,POINT (-84.40761294461538 33.78153300307692),5.0,5.0,5.0,5.0,7.0,7.0,7.0,7.0,21.0,21.0,29.0,29.0,23.5,50.2,23.35816666666667,16.61111111111111,0.0
2025-10-03 22:59:25+00:00,33.781534,-84.407613,POINT (-84.407613 33.781534),5.0,5.0,5.0,5.0,7.0,7.0,7.0,7.0,21.0,21.0,29.0,29.0,23.5,50.2,23.35816666666667,16.61111111111111,0.0
2025-10-03 22:59:26+00:00,33.78153499692308,-84.40761305538462,POINT (-84.40761305538462 33.78153499692308),5.0,5.0,5.0,5.0,7.0,7.0,7.0,7.0,21.0,21.0,29.0,29.0,23.5,50.2,23.35816666666667,16.61111111111111,0.0
2025-10-03 22:59:27+00:00,33.78153499692308,-84.40761305538462,POINT (-84.40761305538462 33.78153499692308),5.0,5.0,5.0,5.0,7.0,7.0,7.0,7.0,21.0,21.0,29.0,29.0,23.5,50.2,23.35816666666667,16.61111111111111,0.0
2025-10-03 22:59:28+00:00,33.78153599384615,-84.40761311076923,POINT (-84.40761311076923 33.78153599384615),5.0,5.0,5.0,5.0,7.0,7.0,7.0,7.0,21.0,21.0,29.0,29.0,23.5,50.4,23.360777777777773,16.61111111111111,0.0
2025-10-03 22:59:29+00:00,33.78153699076923,-84.40761316615385,POINT (-84.40761316615385 33.78153699076923),5.0,5.0,5.0,5.0,7.0,7.0,7.0,7.0,21.0,21.0,29.0,29.0,23.5,50.4,23.360777777777773,16.61111111111111,0.0
2025-10-03 22:59:30+00:00,33.78153699076923,-84.40761316615385,POINT (-84.40761316615385 33.78153699076923),5.0,5.0,5.0,5.0,7.0,7.0,7.0,7.0,21.0,21.0,29.0,29.0,23.5,50.4,23.360777777777773,16.61111111111111,0.0
2025-10-03 22:59:31+00:00,33.7815379876923,-84.40761322153847,POINT (-84.40761322153847 33.7815379876923),5.0,5.0,5.0,5.0,7.0,7.0,7.0,7.0,21.0,21.0,29.0,29.0,23.5,50.4,23.360777777777773,16.61111111111111,0.0
2025-10-03 22:59:32+00:00,33.78153793230769,-84.40761321846153,POINT (-84.40761321846153 33.78153793230769),5.0,5.0,5.0,5.0,7.0,7.0,7.0,7.0,21.0,21.0,29.0,29.0,23.5,50.4,23.360777777777773,16.61111111111111,0.0
2025-10-03 22:59:33+00:00,33.78153892923076,-84.40761327384615,POINT (-84.40761327384615 33.78153892923076),5.0,5.0,5.0,5.0,7.0,7.0,7.0,7.0,21.0,21.0,29.0,29.0,23.555555555555557,50.4,23.419111111111118,16.61111111111111,0.9
2025-10-03 22:59:34+00:00,33.78153992615385,-84.40761332923077,POINT (-84.40761332923077 33.78153992615385),5.0,5.0,5.0,5.0,7.0,7.0,7.0,7.0,21.0,21.0,29.0,29.0,23.555555555555557,50.4,23.419111111111118,16.61111111111111,0.9
2025-10-03 22:59:35+00:00,33.78153992615385,-84.40761332923077,POINT (-84.40761332923077 33.78153992615385),5.0,5.0,5.0,5.0,7.0,7.0,7.0,7.0,21.0,21.0,29.0,29.0,23.555555555555557,50.4,23.419111111111118,16.61111111111111,0.9
2025-10-03 22:59:36+00:00,33.781540923076925,-84.40761338461539,POINT (-84.40761338461539 33.781540923076925),5.0,5.0,5.0,5.0,7.0,7.0,7.0,7.0,21.0,21.0,29.0,29.0,23.555555555555557,50.4,23.419111111111118,16.61111111111111,0.9
2025-10-03 22:59:37+00:00,33.781541919999995,-84.40761344,POINT (-84.40761344 33.781541919999995),5.0,5.0,5.0,5.0,7.0,7.0,7.0,7.0,21.0,21.0,29.0,29.0,23.555555555555557,50.4,23.419111111111118,16.61111111111111,0.9
2025-10-03 22:59:38+00:00,33.781541919999995,-84.40761344,POINT (-84.40761344 33.781541919999995),6.0,6.0,6.0,6.0,6.0,6.0,6.0,6.0,25.0,25.0,25.0,25.0,23.61111111111111,50.5,23.478750000000005,16.77777777777778,0.0
2025-10-03 22:59:39+00:00,33.78154291692308,-84.40761349538462,POINT (-84.40761349538462 33.78154291692308),6.0,6.0,6.0,6.0,6.0,6.0,6.0,6.0,25.0,25.0,25.0,25.0,23.61111111111111,50.5,23.478750000000005,16.77777777777778,0.0
2025-10-03 22:59:40+00:00,33.78154391384615,-84.40761355076923,POINT (-84.40761355076923 33.78154391384615),6.0,6.0,6.0,6.0,6.0,6.0,6.0,6.0,25.0,25.0,25.0,25.0,23.61111111111111,50.5,23.478750000000005,16.77777777777778,0.0
2025-10-03 22:59:41+00:00,33.78154391384615,-84.40761355076923,POINT (-84.40761355076923 33.78154391384615),6.0,6.0,6.0,6.0,6.0,6.0,6.0,6.0,25.0,25.0,25.0,25.0,23.61111111111111,50.5,23.478750000000005,16.77777777777778,0.0
2025-10-03 22:59:42+00:00,33.78154485538461,-84.40761360307692,POINT (-84.40761360307692 33.78154485538461),6.0,6.0,6.0,6.0,6.0,6.0,6.0,6.0,25.0,25.0,25.0,25.0,23.61111111111111,50.5,23.478750000000005,16.77777777777778,0.0
2025-10-03 22:59:43+00:00,33.78154485538461,-84.40761360307692,POINT (-84.40761360307692 33.78154485538461),6.0,6.0,6.0,6.0,6.0,6.0,6.0,6.0,25.0,25.0,25.0,25.0,23.72222222222222,50.7,23.598027777777776,16.88888888888889,0.0
2025-10-03 22:59:44+00:00,33.781545852307694,-84.40761365846154,POINT (-84.40761365846154 33.781545852307694),6.0,6.0,6.0,6.0,6.0,6.0,6.0,6.0,25.0,25.0,25.0,25.0,23.72222222222222,50.7,23.598027777777776,16.88888888888889,0.0
2025-10-03 22:59:45+00:00,33.781546849230764,-84.40761371384616,POINT (-84.40761371384616 33.781546849230764),6.0,6.0,6.0,6.0,6.0,6.0,6.0,6.0,25.0,25.0,25.0,25.0,23.72222222222222,50.7,23.598027777777776,16.88888888888889,0.0
2025-10-03 22:59:46+00:00,33.781546849230764,-84.40761371384616,POINT (-84.40761371384616 33.781546849230764),6.0,6.0,6.0,6.0,6.0,6.0,6.0,6.0,25.0,25.0,25.0,25.0,23.72222222222222,50.7,23.598027777777776,16.88888888888889,0.0
2025-10-03 22:59:47+00:00,33.78154784615385,-84.40761376923076,POINT (-84.40761376923076 33.78154784615385),6.0,6.0,6.0,6.0,6.0,6.0,6.0,6.0,25.0,25.0,25.0,25.0,23.72222222222222,50.7,23.598027777777776,16.88888888888889,0.0
2025-10-03 22:59:48+00:00,33.781548843076926,-84.40761382461538,POINT (-84.40761382461538 33.781548843076926),6.0,6.0,6.0,6.0,6.0,6.0,6.0,6.0,25.0,25.0,25.0,25.0,23.61111111111111,50.7,23.481361111111116,16.77777777777778,0.0
2025-10-03 22:59:49+00:00,33.781548843076926,-84.40761382461538,POINT (-84.40761382461538 33.781548843076926),6.0,6.0,6.0,6.0,6.0,6.0,6.0,6.0,25.0,25.0,25.0,25.0,23.61111111111111,50.7,23.481361111111116,16.77777777777778,0.0
2025-10-03 22:59:50+00:00,33.78154984,-84.40761388,POINT (-84.40761388 33.78154984),6.0,6.0,6.0,6.0,6.0,6.0,6.0,6.0,25.0,25.0,25.0,25.0,23.61111111111111,50.7,23.481361111111116,16.77777777777778,0.0
2025-10-03 22:59:51+00:00,33.78155083692308,-84.40761393538462,POINT (-84.40761393538462 33.78155083692308),6.0,6.0,6.0,6.0,6.0,6.0,6.0,6.0,25.0,25.0,25.0,25.0,23.61111111111111,50.7,23.481361111111116,16.77777777777778,0.0
2025-10-03 22:59:52+00:00,33.78155078153846,-84.4076139323077,POINT (-84.4076139323077 33.78155078153846),6.0,6.0,6.0,6.0,6.0,6.0,6.0,6.0,25.0,25.0,25.0,25.0,23.61111111111111,50.7,23.481361111111116,16.77777777777778,0.0
2025-10-03 22:59:53+00:00,33.78155177846154,-84.40761398769232,POINT (-84.40761398769232 33.78155177846154),6.0,6.0,6.0,6.0,6.0,6.0,6.0,6.0,25.0,25.0,25.0,25.0,23.72222222222222,50.7,23.598027777777776,16.88888888888889,0.0
2025-10-03 22:59:54+00:00,33.78155177846154,-84.40761398769232,POINT (-84.40761398769232 33.78155177846154),6.0,6.0,6.0,6.0,6.0,6.0,6.0,6.0,25.0,25.0,25.0,25.0,23.72222222222222,50.7,23.598027777777776,16.88888888888889,0.0
2025-10-03 22:59:55+00:00,33.78155277538461,-84.40761404307692,POINT (-84.40761404307692 33.78155277538461),6.0,6.0,6.0,6.0,6.0,6.0,6.0,6.0,25.0,25.0,25.0,25.0,23.72222222222222,50.7,23.598027777777776,16.88888888888889,0.0
2025-10-03 22:59:56+00:00,33.781553772307696,-84.40761409846154,POINT (-84.40761409846154 33.781553772307696),6.0,6.0,6.0,6.0,6.0,6.0,6.0,6.0,25.0,25.0,25.0,25.0,23.72222222222222,50.7,23.598027777777776,16.88888888888889,0.0
2025-10-03 22:59:57+00:00,33.781553772307696,-84.40761409846154,POINT (-84.40761409846154 33.781553772307696),6.0,6.0,6.0,6.0,6.0,6.0,6.0,6.0,25.0,25.0,25.0,25.0,23.72222222222222,50.7,23.598027777777776,16.88888888888889,0.0
2025-10-03 22:59:58+00:00,33.781554769230766,-84.40761415384615,POINT (-84.40761415384615 33.781554769230766),6.0,6.0,6.0,6.0,6.0,6.0,6.0,6.0,25.0,25.0,25.0,25.0,23.72222222222222,50.7,23.598027777777776,16.88888888888889,0.0
2025-10-03 22:59:59+00:00,33.78155576615384,-84.40761420923077,POINT (-84.40761420923077 33.78155576615384),6.0,6.0,6.0,6.0,6.0,6.0,6.0,6.0,25.0,25.0,25.0,25.0,23.72222222222222,50.7,23.598027777777776,16.88888888888889,0.0
2025-10-03 23:00:00+00:00,33.78155576615384,-84.40761420923077,POINT (-84.40761420923077 33.78155576615384),6.0,6.0,6.0,6.0,6.0,6.0,6.0,6.0,25.0,25.0,25.0,25.0,23.72222222222222,50.7,23.598027777777776,16.88888888888889,0.0
2025-10-03 23:00:01+00:00,33.78155676307692,-84.40761426461539,POINT (-84.40761426461539 33.78155676307692),6.0,6.0,6.0,6.0,6.0,6.0,6.0,6.0,25.0,25.0,25.0,25.0,23.72222222222222,50.7,23.598027777777776,16.88888888888889,0.0
2025-10-03 23:00:02+00:00,33.78155670769231,-84.40761426153846,POINT (-84.40761426153846 33.78155670769231),6.0,6.0,6.0,6.0,6.0,6.0,6.0,6.0,25.0,25.0,25.0,25.0,23.72222222222222,50.7,23.598027777777776,16.88888888888889,0.0
2025-10-03 23:00:03+00:00,33.78155770461538,-84.40761431692307,POINT (-84.40761431692307 33.78155770461538),6.0,6.0,6.0,6.0,6.0,6.0,6.0,6.0,25.0,25.0,25.0,25.0,23.72222222222222,50.8,23.599333333333337,16.88888888888889,0.9
2025-10-03 23:00:04+00:00,33.78155870153846,-84.40761437230769,POINT (-84.40761437230769 33.78155870153846),6.0,6.0,6.0,6.0,6.0,6.0,6.0,6.0,25.0,25.0,25.0,25.0,23.72222222222222,50.8,23.599333333333337,16.88888888888889,0.9
2025-10-03 23:00:05+00:00,33.78155870153846,-84.40761437230769,POINT (-84.40761437230769 33.78155870153846),6.0,6.0,6.0,6.0,6.0,6.0,6.0,6.0,25.0,25.0,25.0,25.0,23.72222222222222,50.8,23.599333333333337,16.88888888888889,0.9
2025-10-03 23:00:06+00:00,33.78155969846154,-84.40761442769231,POINT (-84.40761442769231 33.78155969846154),6.0,6.0,6.0,6.0,6.0,6.0,6.0,6.0,25.0,25.0,25.0,25.0,23.72222222222222,50.8,23.599333333333337,16.88888888888889,0.9
2025-10-03 23:00:07+00:00,33.78158390153846,-84.4076157723077,POINT (-84.4076157723077 33.78158390153846),6.0,6.0,6.0,6.0,6.0,6.0,6.0,6.0,25.0,25.0,25.0,25.0,23.72222222222222,50.8,23.599333333333337,16.88888888888889,0.9
2025-10-03 23:00:08+00:00,33.781594036923074,-84.40761633538462,POINT (-84.40761633538462 33.781594036923074),5.5,5.5,5.5,5.5,5.0,5.0,5.0,5.0,23.0,23.0,21.0,21.0,23.666666666666664,50.8,23.540999999999993,16.88888888888889,0.8
2025-10-03 23:00:09+00:00,33.78160411692307,-84.4076168953846,POINT (-84.4076168953846 33.78160411692307),5.5,5.5,5.5,5.5,5.0,5.0,5.0,5.0,23.0,23.0,21.0,21.0,23.666666666666664,50.8,23.540999999999993,16.88888888888889,0.8
2025-10-03 23:00:10+00:00,33.78162538461538,-84.40761807692307,POINT (-84.40761807692307 33.78162538461538),5.5,5.5,5.5,5.5,5.0,5.0,5.0,5.0,23.0,23.0,21.0,21.0,23.666666666666664,50.8,23.540999999999993,16.88888888888889,0.8
2025-10-03 23:00:11+00:00,33.78163153230769,-84.40761841846154,POINT (-84.40761841846154 33.78163153230769),5.5,5.5,5.5,5.5,5.0,5.0,5.0,5.0,23.0,23.0,21.0,21.0,23.666666666666664,50.8,23.540999999999993,16.88888888888889,0.8
2025-10-03 23:00:12+00:00,33.78165268923077,-84.40761959384615,POINT (-84.40761959384615 33.78165268923077),5.5,5.5,5.5,5.5,5.0,5.0,5.0,5.0,23.0,23.0,21.0,21.0,23.666666666666664,50.8,23.540999999999993,16.88888888888889,0.8
2025-10-03 23:00:13+00:00,33.78166,-84.40762,POINT (-84.40762 33.78166),5.5,5.5,5.5,5.5,5.0,5.0,5.0,5.0,23.0,23.0,21.0,21.0,23.555555555555557,50.7,23.42302777777778,16.77777777777778,1.0
2025-10-03 23:00:14+00:00,33.78166,-84.40762,POINT (-84.40762 33.78166),5.5,5.5,5.5,5.5,5.0,5.0,5.0,5.0,23.0,23.0,21.0,21.0,23.555555555555557,50.7,23.42302777777778,16.77777777777778,1.0
2025-10-03 23:00:15+00:00,33.78166,-84.40762,POINT (-84.40762 33.78166),5.5,5.5,5.5,5.5,5.0,5.0,5.0,5.0,23.0,23.0,21.0,21.0,23.555555555555557,50.7,23.42302777777778,16.77777777777778,1.0
2025-10-03 23:00:16+00:00,33.78166,-84.40762,POINT (-84.40762 33.78166),5.5,5.5,5.5,5.5,5.0,5.0,5.0,5.0,23.0,23.0,21.0,21.0,23.555555555555557,50.7,23.42302777777778,16.77777777777778,1.0
2025-10-03 23:00:17+00:00,33.78166,-84.40762,POINT (-84.40762 33.78166),5.5,5.5,5.5,5.5,5.0,5.0,5.0,5.0,23.0,23.0,21.0,21.0,23.555555555555557,50.7,23.42302777777778,16.77777777777778,1.0
2025-10-03 23:00:18+00:00,33.78166,-84.40762,POINT (-84.40762 33.78166),5.5,5.5,5.5,5.5,5.0,5.0,5.0,5.0,23.0,23.0,21.0,21.0,23.5,50.7,23.364694444444453,16.72222222222222,1.2
2025-10-03 23:00:19+00:00,33.78166,-84.40762,POINT (-84.40762 33.78166),5.5,5.5,5.5,5.5,5.0,5.0,5.0,5.0,23.0,23.0,21.0,21.0,23.5,50.7,23.364694444444453,16.72222222222222,1.2
2025-10-03 23:00:20+00:00,33.78166,-84.40762,POINT (-84.40762 33.78166),5.5,5.5,5.5,5.5,5.0,5.0,5.0,5.0,23.0,23.0,21.0,21.0,23.5,50.7,23.364694444444453,16.72222222222222,1.2
2025-10-03 23:00:21+00:00,33.78166,-84.407616,POINT (-84.407616 33.78166),5.5,5.5,5.5,5.5,5.0,5.0,5.0,5.0,23.0,23.0,21.0,21.0,23.5,50.7,23.364694444444453,16.72222222222222,1.2
2025-10-03 23:00:22+00:00,33.78166,-84.407608,POINT (-84.407608 33.78166),5.5,5.5,5.5,5.5,5.0,5.0,5.0,5.0,23.0,23.0,21.0,21.0,23.5,50.7,23.364694444444453,16.72222222222222,1.2
2025-10-03 23:00:23+00:00,33.78166,-84.407599,POINT (-84.407599 33.78166),5.0,5.0,5.0,5.0,4.0,4.0,4.0,4.0,21.0,21.0,17.0,17.0,23.555555555555557,50.7,23.42302777777778,16.72222222222222,0.8
2025-10-03 23:00:24+00:00,33.78166,-84.407591,POINT (-84.407591 33.78166),5.0,5.0,5.0,5.0,4.0,4.0,4.0,4.0,21.0,21.0,17.0,17.0,23.555555555555557,50.7,23.42302777777778,16.72222222222222,0.8
2025-10-03 23:00:25+00:00,33.78166,-84.407582,POINT (-84.407582 33.78166),5.0,5.0,5.0,5.0,4.0,4.0,4.0,4.0,21.0,21.0,17.0,17.0,23.555555555555557,50.7,23.42302777777778,16.72222222222222,0.8
2025-10-03 23:00:26+00:00,33.78166,-84.407574,POINT (-84.407574 33.78166),5.0,5.0,5.0,5.0,4.0,4.0,4.0,4.0,21.0,21.0,17.0,17.0,23.555555555555557,50.7,23.42302777777778,16.72222222222222,0.8
2025-10-03 23:00:27+00:00,33.78166,-84.407545,POINT (-84.407545 33.78166),5.0,5.0,5.0,5.0,4.0,4.0,4.0,4.0,21.0,21.0,17.0,17.0,23.555555555555557,50.7,23.42302777777778,16.72222222222222,0.8
2025-10-03 23:00:28+00:00,33.78166,-84.407533,POINT (-84.407533 33.78166),5.0,5.0,5.0,5.0,4.0,4.0,4.0,4.0,21.0,21.0,17.0,17.0,23.555555555555557,50.8,23.424333333333337,16.72222222222222,0.0
2025-10-03 23:00:29+00:00,33.78166,-84.407521,POINT (-84.407521 33.78166),5.0,5.0,5.0,5.0,4.0,4.0,4.0,4.0,21.0,21.0,17.0,17.0,23.555555555555557,50.8,23.424333333333337,16.72222222222222,0.0
2025-10-03 23:00:30+00:00,33.78166,-84.407503,POINT (-84.407503 33.78166),5.0,5.0,5.0,5.0,4.0,4.0,4.0,4.0,21.0,21.0,17.0,17.0,23.555555555555557,50.8,23.424333333333337,16.72222222222222,0.0
2025-10-03 23:00:31+00:00,33.78166,-84.407483,POINT (-84.407483 33.78166),5.0,5.0,5.0,5.0,4.0,4.0,4.0,4.0,21.0,21.0,17.0,17.0,23.555555555555557,50.8,23.424333333333337,16.72222222222222,0.0
2025-10-03 23:00:32+00:00,33.78166,-84.407447,POINT (-84.407447 33.78166),5.0,5.0,5.0,5.0,4.0,4.0,4.0,4.0,21.0,21.0,17.0,17.0,23.555555555555557,50.8,23.424333333333337,16.72222222222222,0.0
2025-10-03 23:00:33+00:00,33.78166,-84.407432,POINT (-84.407432 33.78166),5.0,5.0,5.0,5.0,4.0,4.0,4.0,4.0,21.0,21.0,17.0,17.0,23.72222222222222,50.8,23.599333333333337,16.88888888888889,0.9
2025-10-03 23:00:34+00:00,33.78166,-84.407417,POINT (-84.407417 33.78166),5.0,5.0,5.0,5.0,4.0,4.0,4.0,4.0,21.0,21.0,17.0,17.0,23.72222222222222,50.8,23.599333333333337,16.88888888888889,0.9
2025-10-03 23:00:35+00:00,33.78166,-84.407384,POINT (-84.407384 33.78166),5.0,5.0,5.0,5.0,4.0,4.0,4.0,4.0,21.0,21.0,17.0,17.0,23.72222222222222,50.8,23.599333333333337,16.88888888888889,0.9
2025-10-03 23:00:36+00:00,33.78165076923077,-84.40736384615384,POINT (-84.40736384615384 33.78165076923077),5.0,5.0,5.0,5.0,4.0,4.0,4.0,4.0,21.0,21.0,17.0,17.0,23.72222222222222,50.8,23.599333333333337,16.88888888888889,0.9
2025-10-03 23:00:37+00:00,33.78164246153846,-84.4073583076923,POINT (-84.4073583076923 33.78164246153846),5.0,5.0,5.0,5.0,4.0,4.0,4.0,4.0,21.0,21.0,17.0,17.0,23.72222222222222,50.8,23.599333333333337,16.88888888888889,0.9
2025-10-03 23:00:38+00:00,33.7816251,-84.4073353,POINT (-84.4073353 33.7816251),5.0,5.0,5.0,5.0,4.5,4.5,4.5,4.5,21.0,21.0,19.0,19.0,23.72222222222222,50.8,23.599333333333337,16.88888888888889,0.9
2025-10-03 23:00:39+00:00,33.7816221,-84.40732630000001,POINT (-84.40732630000001 33.7816221),5.0,5.0,5.0,5.0,4.5,4.5,4.5,4.5,21.0,21.0,19.0,19.0,23.72222222222222,50.8,23.599333333333337,16.88888888888889,0.9
2025-10-03 23:00:40+00:00,33.78162,-84.407292,POINT (-84.407292 33.78162),5.0,5.0,5.0,5.0,4.5,4.5,4.5,4.5,21.0,21.0,19.0,19.0,23.72222222222222,50.8,23.599333333333337,16.88888888888889,0.9
2025-10-03 23:00:41+00:00,33.78162,-84.40728,POINT (-84.40728 33.78162),5.0,5.0,5.0,5.0,4.5,4.5,4.5,4.5,21.0,21.0,19.0,19.0,23.72222222222222,50.8,23.599333333333337,16.88888888888889,0.9
2025-10-03 23:00:42+00:00,33.78162,-84.407267,POINT (-84.407267 33.78162),5.0,5.0,5.0,5.0,4.5,4.5,4.5,4.5,21.0,21.0,19.0,19.0,23.72222222222222,50.8,23.599333333333337,16.88888888888889,0.9
2025-10-03 23:00:43+00:00,33.78162,-84.40724,POINT (-84.40724 33.78162),5.0,5.0,5.0,5.0,4.5,4.5,4.5,4.5,21.0,21.0,19.0,19.0,23.77777777777778,50.8,23.657666666666664,16.88888888888889,0.9
2025-10-03 23:00:44+00:00,33.78162,-84.40724,POINT (-84.40724 33.78162),5.0,5.0,5.0,5.0,4.5,4.5,4.5,4.5,21.0,21.0,19.0,19.0,23.77777777777778,50.8,23.657666666666664,16.88888888888889,0.9
2025-10-03 23:00:45+00:00,33.78162,-84.40724,POINT (-84.40724 33.78162),5.0,5.0,5.0,5.0,4.5,4.5,4.5,4.5,21.0,21.0,19.0,19.0,23.77777777777778,50.8,23.657666666666664,16.88888888888889,0.9
2025-10-03 23:00:46+00:00,33.78162,-84.40724,POINT (-84.40724 33.78162),5.0,5.0,5.0,5.0,4.5,4.5,4.5,4.5,21.0,21.0,19.0,19.0,23.77777777777778,50.8,23.657666666666664,16.88888888888889,0.9
2025-10-03 23:00:47+00:00,33.78162,-84.40724,POINT (-84.40724 33.78162),5.0,5.0,5.0,5.0,4.5,4.5,4.5,4.5,21.0,21.0,19.0,19.0,23.77777777777778,50.8,23.657666666666664,16.88888888888889,0.9
2025-10-03 23:00:48+00:00,33.78162,-84.40724,POINT (-84.40724 33.78162),5.0,5.0,5.0,5.0,4.5,4.5,4.5,4.5,21.0,21.0,19.0,19.0,23.666666666666664,50.9,23.542305555555554,16.88888888888889,0.8
