utc_date_time,latitude,longitude,osm_way_id,gh_edge_id,pm2_5_cf_1,pm10_0_cf_1,pm2_5_atm,pm10_0_atm,pm2_5_cf_1_b,pm10_0_cf_1_b,pm2_5_atm_b,pm10_0_atm_b,pm25_aqi_cf_1,pm25_aqi_atm,pm25_aqi_cf_1_b,pm25_aqi_atm_b,temperature,relative_humidity,calculated_heat_index,wet_bulb_temp,wind_speed
2025-10-17 12:42:09+00:00,33.73793735,-84.420498,9257224,6059,22.0,23.5,22.0,23.5,30.0,33.5,30.0,33.5,72.0,72.0,89.0,89.0,18.055555555555557,67.1,17.862138888888886,14.277777777777779,0.9
2025-10-17 12:42:10+00:00,33.737937,-84.420498,9257224,6059,22.0,23.5,22.0,23.5,30.0,33.5,30.0,33.5,72.0,72.0,89.0,89.0,18.055555555555557,67.1,17.862138888888886,14.277777777777779,0.9
2025-10-17 12:42:14+00:00,33.737937,-84.420498,9257224,6059,22.0,23.5,22.0,23.5,30.0,33.5,30.0,33.5,72.0,72.0,89.0,89.0,18.000000000000004,67.0,17.8025,14.166666666666666,0.9
2025-10-17 12:42:15+00:00,33.737937,-84.420498,9257224,6059,22.0,23.5,22.0,23.5,30.0,33.5,30.0,33.5,72.0,72.0,89.0,89.0,18.000000000000004,67.0,17.8025,14.166666666666666,0.9
2025-10-17 12:42:16+00:00,33.737937,-84.420498,9257224,6059,22.0,23.5,22.0,23.5,30.0,33.5,30.0,33.5,72.0,72.0,89.0,89.0,17.944444444444443,66.9,17.74286111111111,14.11111111111111,0.8
2025-10-17 12:42:17+00:00,33.737937,-84.420498,9257224,6059,22.0,23.5,22.0,23.5,30.0,33.5,30.0,33.5,72.0,72.0,89.0,89.0,17.944444444444443,66.9,17.74286111111111,14.11111111111111,0.8
2025-10-17 12:42:18+00:00,33.737937,-84.420498,9257224,6059,22.0,23.5,22.0,23.5,30.0,33.5,30.0,33.5,72.0,72.0,89.0,89.0,17.944444444444443,66.9,17.74286111111111,14.11111111111111,0.8
2025-10-17 12:42:19+00:00,33.73794142087481,-84.420498,9257224,6059,22.0,23.5,22.0,23.5,30.0,33.5,30.0,33.5,72.0,72.0,89.0,89.0,17.944444444444443,66.9,17.74286111111111,14.11111111111111,0.8
2025-10-17 12:42:20+00:00,33.73801868038762,-84.42056835028447,1307448046,97367,22.0,23.5,22.0,23.5,30.0,33.5,30.0,33.5,72.0,72.0,89.0,89.0,17.944444444444443,66.9,17.74286111111111,14.11111111111111,0.8
2025-10-17 12:42:21+00:00,33.73801994857285,-84.4205801866799,1307448046,97367,22.0,23.5,22.0,23.5,30.0,33.5,30.0,33.5,72.0,72.0,89.0,89.0,17.88888888888889,66.8,17.683222222222227,14.11111111111111,0.9
2025-10-17 12:42:22+00:00,33.738021,-84.42059,1307448046,97367,22.0,23.5,22.0,23.5,30.0,33.5,30.0,33.5,72.0,72.0,89.0,89.0,17.88888888888889,66.8,17.683222222222227,14.11111111111111,0.9
2025-10-17 12:42:23+00:00,33.738022655498284,-84.42060041878581,1307448046,97367,23.0,25.0,23.0,25.0,29.0,33.5,29.0,33.5,74.0,74.0,87.0,87.0,17.88888888888889,66.8,17.683222222222227,14.11111111111111,0.9
2025-10-17 12:42:25+00:00,33.73802463198407,-84.42061675773498,1307448046,97367,23.0,25.0,23.0,25.0,29.0,33.5,29.0,33.5,74.0,74.0,87.0,87.0,17.88888888888889,66.8,17.683222222222227,14.11111111111111,0.9
2025-10-17 12:42:27+00:00,33.73802667516262,-84.420633648011,1307448046,97367,23.0,25.0,23.0,25.0,29.0,33.5,29.0,33.5,74.0,74.0,87.0,87.0,17.88888888888889,66.8,17.683222222222227,14.11111111111111,1.0
2025-10-17 12:42:29+00:00,33.73802921961683,-84.42065468216576,1307448046,97367,23.0,25.0,23.0,25.0,29.0,33.5,29.0,33.5,74.0,74.0,87.0,87.0,17.88888888888889,66.8,17.683222222222227,14.11111111111111,1.0
2025-10-17 12:42:30+00:00,33.73803060148423,-84.42066610560299,1307448046,97367,23.0,25.0,23.0,25.0,29.0,33.5,29.0,33.5,74.0,74.0,87.0,87.0,17.88888888888889,66.8,17.683222222222227,14.11111111111111,1.0
2025-10-17 12:42:31+00:00,33.73803202050941,-84.42067783621113,1307448046,97367,23.0,25.0,23.0,25.0,29.0,33.5,29.0,33.5,74.0,74.0,87.0,87.0,17.83333333333333,66.9,17.62619444444444,14.000000000000002,0.9
2025-10-17 12:42:32+00:00,33.738033418459715,-84.4206893926003,1307448046,97367,23.0,25.0,23.0,25.0,29.0,33.5,29.0,33.5,74.0,74.0,87.0,87.0,17.83333333333333,66.9,17.62619444444444,14.000000000000002,0.9
2025-10-17 12:42:33+00:00,33.738034900258405,-84.42070164213617,1307448046,97367,23.0,25.0,23.0,25.0,29.0,33.5,29.0,33.5,74.0,74.0,87.0,87.0,17.83333333333333,66.9,17.62619444444444,14.000000000000002,0.9
2025-10-17 12:42:34+00:00,33.73803649543256,-84.42071482890921,1307448046,97367,23.0,25.0,23.0,25.0,29.0,33.5,29.0,33.5,74.0,74.0,87.0,87.0,17.83333333333333,66.9,17.62619444444444,14.000000000000002,0.9
2025-10-17 12:42:35+00:00,33.73803840789078,-84.42072880698058,1307448046,97367,23.0,25.0,23.0,25.0,29.0,33.5,29.0,33.5,74.0,74.0,87.0,87.0,17.83333333333333,66.9,17.62619444444444,14.000000000000002,0.9
2025-10-17 12:42:36+00:00,33.73803971840412,-84.42074103843842,1307448046,97367,23.0,25.0,23.0,25.0,29.0,33.5,29.0,33.5,74.0,74.0,87.0,87.0,17.72222222222222,67.0,17.510833333333334,13.88888888888889,0.0
2025-10-17 12:42:37+00:00,33.738041104325326,-84.42075383460258,1307448046,97367,23.0,25.0,23.0,25.0,29.0,33.5,29.0,33.5,74.0,74.0,87.0,87.0,17.72222222222222,67.0,17.510833333333334,13.88888888888889,0.0
2025-10-17 12:42:38+00:00,33.738042877437,-84.42076801949602,1307448046,97367,27.0,27.0,27.0,27.0,28.0,31.0,28.0,31.0,83.0,83.0,85.0,85.0,17.72222222222222,67.0,17.510833333333334,13.88888888888889,0.0
2025-10-17 12:42:39+00:00,33.73804449544112,-84.42078208510985,1307448046,97367,27.0,27.0,27.0,27.0,28.0,31.0,28.0,31.0,83.0,83.0,85.0,85.0,17.72222222222222,67.0,17.510833333333334,13.88888888888889,0.0
2025-10-17 12:42:40+00:00,33.73804581517157,-84.42079363275118,1307448046,97367,27.0,27.0,27.0,27.0,28.0,31.0,28.0,31.0,83.0,83.0,85.0,85.0,17.72222222222222,67.0,17.510833333333334,13.88888888888889,0.0
2025-10-17 12:42:41+00:00,33.738047,-84.420804,1307448046,97367,27.0,27.0,27.0,27.0,28.0,31.0,28.0,31.0,83.0,83.0,85.0,85.0,17.72222222222222,67.1,17.512138888888888,13.88888888888889,0.7
2025-10-17 12:42:42+00:00,33.73804866560243,-84.42081482641578,1307448046,97367,27.0,27.0,27.0,27.0,28.0,31.0,28.0,31.0,83.0,83.0,85.0,85.0,17.72222222222222,67.1,17.512138888888888,13.88888888888889,0.7
2025-10-17 12:42:43+00:00,33.738051,-84.420837980603,1307448046,97367,27.0,27.0,27.0,27.0,28.0,31.0,28.0,31.0,83.0,83.0,85.0,85.0,17.72222222222222,67.1,17.512138888888888,13.88888888888889,0.7
2025-10-17 12:42:44+00:00,33.73805130162134,-84.42084028370445,1307448046,97367,27.0,27.0,27.0,27.0,28.0,31.0,28.0,31.0,83.0,83.0,85.0,85.0,17.72222222222222,67.1,17.512138888888888,13.88888888888889,0.7
2025-10-17 12:42:45+00:00,33.738052887039046,-84.42085228758135,1307448046,97367,27.0,27.0,27.0,27.0,28.0,31.0,28.0,31.0,83.0,83.0,85.0,85.0,17.72222222222222,67.1,17.512138888888888,13.88888888888889,0.7
2025-10-17 12:42:46+00:00,33.738054451088516,-84.42086412967018,1307448046,97367,27.0,27.0,27.0,27.0,28.0,31.0,28.0,31.0,83.0,83.0,85.0,85.0,17.61111111111111,67.2,17.39677777777778,13.88888888888889,0.0
2025-10-17 12:42:47+00:00,33.738055948495195,-84.4208754671779,1307448046,97367,27.0,27.0,27.0,27.0,28.0,31.0,28.0,31.0,83.0,83.0,85.0,85.0,17.61111111111111,67.2,17.39677777777778,13.88888888888889,0.0
2025-10-17 12:42:48+00:00,33.73805742489626,-84.42088664564311,1307448046,97367,27.0,27.0,27.0,27.0,28.0,31.0,28.0,31.0,83.0,83.0,85.0,85.0,17.61111111111111,67.2,17.39677777777778,13.88888888888889,0.0
2025-10-17 12:42:49+00:00,33.73805887886975,-84.42089822626237,1307448046,97366,27.0,27.0,27.0,27.0,28.0,31.0,28.0,31.0,83.0,83.0,85.0,85.0,17.61111111111111,67.2,17.39677777777778,13.88888888888889,0.0
2025-10-17 12:42:50+00:00,33.738060176971786,-84.42090889954576,1307448046,97366,27.0,27.0,27.0,27.0,28.0,31.0,28.0,31.0,83.0,83.0,85.0,85.0,17.61111111111111,67.2,17.39677777777778,13.88888888888889,0.0
2025-10-17 12:42:52+00:00,33.73806266238176,-84.42092933513885,1307448046,97366,27.0,27.0,27.0,27.0,28.0,31.0,28.0,31.0,83.0,83.0,85.0,85.0,17.555555555555557,67.3,17.33975,13.777777777777777,1.2
2025-10-17 12:42:53+00:00,33.73806398727747,-84.42094022872585,1307448046,97366,25.0,25.0,25.0,25.0,28.0,28.5,28.0,28.5,79.0,79.0,85.0,85.0,17.555555555555557,67.3,17.33975,13.777777777777777,1.2
2025-10-17 12:42:54+00:00,33.738065369117834,-84.42095159052442,1307448046,97366,25.0,25.0,25.0,25.0,28.0,28.5,28.0,28.5,79.0,79.0,85.0,85.0,17.555555555555557,67.3,17.33975,13.777777777777777,1.2
2025-10-17 12:42:55+00:00,33.73806680897464,-84.420963429347,1307448046,97366,25.0,25.0,25.0,25.0,28.0,28.5,28.0,28.5,79.0,79.0,85.0,85.0,17.555555555555557,67.3,17.33975,13.777777777777777,1.2
2025-10-17 12:42:56+00:00,33.73806854581817,-84.42097573042419,1307448046,97366,25.0,25.0,25.0,25.0,28.0,28.5,28.0,28.5,79.0,79.0,85.0,85.0,17.555555555555557,67.4,17.341055555555553,13.777777777777777,0.0
2025-10-17 12:42:57+00:00,33.738069858173404,-84.4209871041695,1307448046,97366,25.0,25.0,25.0,25.0,28.0,28.5,28.0,28.5,79.0,79.0,85.0,85.0,17.555555555555557,67.4,17.341055555555553,13.777777777777777,0.0
2025-10-17 12:42:58+00:00,33.738071236669214,-84.42099920891268,1307448046,97366,25.0,25.0,25.0,25.0,28.0,28.5,28.0,28.5,79.0,79.0,85.0,85.0,17.555555555555557,67.4,17.341055555555553,13.777777777777777,0.0
2025-10-17 12:42:59+00:00,33.738072446599794,-84.42101050159813,1307448046,97366,25.0,25.0,25.0,25.0,28.0,28.5,28.0,28.5,79.0,79.0,85.0,85.0,17.555555555555557,67.4,17.341055555555553,13.777777777777777,0.0
2025-10-17 12:43:00+00:00,33.738073615295484,-84.42102140942457,1307448046,97366,25.0,25.0,25.0,25.0,28.0,28.5,28.0,28.5,79.0,79.0,85.0,85.0,17.555555555555557,67.4,17.341055555555553,13.777777777777777,0.0
2025-10-17 12:43:01+00:00,33.73807484854743,-84.4210313641057,1307448046,97366,25.0,25.0,25.0,25.0,28.0,28.5,28.0,28.5,79.0,79.0,85.0,85.0,17.5,67.5,17.284027777777776,13.777777777777777,0.0
2025-10-17 12:43:02+00:00,33.738076487656684,-84.42104390125348,1307448046,97366,25.0,25.0,25.0,25.0,28.0,28.5,28.0,28.5,79.0,79.0,85.0,85.0,17.5,67.5,17.284027777777776,13.777777777777777,0.0
2025-10-17 12:43:03+00:00,33.73807809378606,-84.4210567502885,1307448046,97366,25.0,25.0,25.0,25.0,28.0,28.5,28.0,28.5,79.0,79.0,85.0,85.0,17.5,67.5,17.284027777777776,13.777777777777777,0.0
2025-10-17 12:43:04+00:00,33.738079621744376,-84.42106897395503,1307448046,97366,25.0,25.0,25.0,25.0,28.0,28.5,28.0,28.5,79.0,79.0,85.0,85.0,17.5,67.5,17.284027777777776,13.777777777777777,0.0
2025-10-17 12:43:05+00:00,33.738081,-84.421081,1307448046,97366,25.0,25.0,25.0,25.0,28.0,28.5,28.0,28.5,79.0,79.0,85.0,85.0,17.5,67.5,17.284027777777776,13.777777777777777,0.0
2025-10-17 12:43:07+00:00,33.73808346501936,-84.421100227151,1307448046,97366,25.0,25.0,25.0,25.0,28.0,28.5,28.0,28.5,79.0,79.0,85.0,85.0,17.5,67.6,17.28533333333333,13.88888888888889,0.9
2025-10-17 12:43:09+00:00,33.73808598130081,-84.42111985414635,1307448046,97366,24.0,25.0,24.0,25.0,27.0,28.5,27.0,28.5,77.0,77.0,83.0,83.0,17.5,67.6,17.28533333333333,13.88888888888889,0.9
2025-10-17 12:43:11+00:00,33.73808844747139,-84.42113909027685,1307448046,97366,24.0,25.0,24.0,25.0,27.0,28.5,27.0,28.5,77.0,77.0,83.0,83.0,17.555555555555557,67.8,17.346277777777775,14.000000000000002,0.0
2025-10-17 12:43:12+00:00,33.73808986198948,-84.42115012351796,1307448046,97366,24.0,25.0,24.0,25.0,27.0,28.5,27.0,28.5,77.0,77.0,83.0,83.0,17.555555555555557,67.8,17.346277777777775,14.000000000000002,0.0
2025-10-17 12:43:13+00:00,33.73809151672669,-84.42116303046818,1307448046,97366,24.0,25.0,24.0,25.0,27.0,28.5,27.0,28.5,77.0,77.0,83.0,83.0,17.555555555555557,67.8,17.346277777777775,14.000000000000002,0.0
2025-10-17 12:43:14+00:00,33.738093193019715,-84.4211761055538,1307448046,97366,24.0,25.0,24.0,25.0,27.0,28.5,27.0,28.5,77.0,77.0,83.0,83.0,17.555555555555557,67.8,17.346277777777775,14.000000000000002,0.0
2025-10-17 12:43:15+00:00,33.73809489825861,-84.42118940641716,1307448046,97366,24.0,25.0,24.0,25.0,27.0,28.5,27.0,28.5,77.0,77.0,83.0,83.0,17.555555555555557,67.8,17.346277777777775,14.000000000000002,0.0
2025-10-17 12:43:16+00:00,33.738096,-84.421204,1307448046,97365,24.0,25.0,24.0,25.0,27.0,28.5,27.0,28.5,77.0,77.0,83.0,83.0,17.5,68.0,17.290555555555553,13.88888888888889,0.0
2025-10-17 12:43:17+00:00,33.738098,-84.421221,1307448046,97364,24.0,25.0,24.0,25.0,27.0,28.5,27.0,28.5,77.0,77.0,83.0,83.0,17.5,68.0,17.290555555555553,13.88888888888889,0.0
2025-10-17 12:43:18+00:00,33.73809949476068,-84.42123071594442,1307448046,97364,24.0,25.0,24.0,25.0,27.0,28.5,27.0,28.5,77.0,77.0,83.0,83.0,17.5,68.0,17.290555555555553,13.88888888888889,0.0
2025-10-17 12:43:19+00:00,33.73810133609471,-84.42124647021727,1307448046,97364,24.0,25.0,24.0,25.0,27.0,28.5,27.0,28.5,77.0,77.0,83.0,83.0,17.5,68.0,17.290555555555553,13.88888888888889,0.0
2025-10-17 12:43:20+00:00,33.7381026041024,-84.42125830495571,1307448046,97364,24.0,25.0,24.0,25.0,27.0,28.5,27.0,28.5,77.0,77.0,83.0,83.0,17.5,68.0,17.290555555555553,13.88888888888889,0.0
2025-10-17 12:43:22+00:00,33.73810490520036,-84.4212781942031,1307448046,97364,24.0,25.0,24.0,25.0,27.0,28.5,27.0,28.5,77.0,77.0,83.0,83.0,17.5,68.2,17.293166666666664,13.88888888888889,0.0
2025-10-17 12:43:23+00:00,33.73810634634446,-84.42128842441123,1307448046,97364,26.0,26.0,26.0,26.0,26.0,29.0,26.0,29.0,81.0,81.0,81.0,81.0,17.5,68.2,17.293166666666664,13.88888888888889,0.0
2025-10-17 12:43:24+00:00,33.738108010380316,-84.42130007266223,1307448046,97364,26.0,26.0,26.0,26.0,26.0,29.0,26.0,29.0,81.0,81.0,81.0,81.0,17.5,68.2,17.293166666666664,13.88888888888889,0.0
2025-10-17 12:43:26+00:00,33.73811,-84.421317,1307448046,97364,26.0,26.0,26.0,26.0,26.0,29.0,26.0,29.0,81.0,81.0,81.0,81.0,17.5,68.3,17.29447222222222,13.88888888888889,0.0
2025-10-17 12:43:28+00:00,33.738113533281805,-84.42134227956711,1307448046,97364,26.0,26.0,26.0,26.0,26.0,29.0,26.0,29.0,81.0,81.0,81.0,81.0,17.5,68.3,17.29447222222222,13.88888888888889,0.0
2025-10-17 12:43:29+00:00,33.73811480795415,-84.4213529868148,1307448046,97364,26.0,26.0,26.0,26.0,26.0,29.0,26.0,29.0,81.0,81.0,81.0,81.0,17.5,68.3,17.29447222222222,13.88888888888889,0.0
2025-10-17 12:43:30+00:00,33.7381161754892,-84.42136447410931,1307448046,97364,26.0,26.0,26.0,26.0,26.0,29.0,26.0,29.0,81.0,81.0,81.0,81.0,17.5,68.3,17.29447222222222,13.88888888888889,0.0
2025-10-17 12:43:31+00:00,33.73811749602869,-84.42137556664102,1307448046,97364,26.0,26.0,26.0,26.0,26.0,29.0,26.0,29.0,81.0,81.0,81.0,81.0,17.38888888888889,68.2,17.176499999999997,13.777777777777777,0.7
2025-10-17 12:43:32+00:00,33.73811870486991,-84.42138572090725,1307448046,97364,26.0,26.0,26.0,26.0,26.0,29.0,26.0,29.0,81.0,81.0,81.0,81.0,17.38888888888889,68.2,17.176499999999997,13.777777777777777,0.7
2025-10-17 12:43:33+00:00,33.738119970518596,-84.4213963523562,1307448046,97364,26.0,26.0,26.0,26.0,26.0,29.0,26.0,29.0,81.0,81.0,81.0,81.0,17.38888888888889,68.2,17.176499999999997,13.777777777777777,0.7
2025-10-17 12:43:34+00:00,33.738121391642224,-84.42140828979466,1307448046,97364,26.0,26.0,26.0,26.0,26.0,29.0,26.0,29.0,81.0,81.0,81.0,81.0,17.38888888888889,68.2,17.176499999999997,13.777777777777777,0.7
2025-10-17 12:43:35+00:00,33.73812293872905,-84.421421285324,1307448046,97364,26.0,26.0,26.0,26.0,26.0,29.0,26.0,29.0,81.0,81.0,81.0,81.0,17.38888888888889,68.2,17.176499999999997,13.777777777777777,0.7
2025-10-17 12:43:36+00:00,33.73812453631262,-84.42143470502599,1307448046,97364,26.0,26.0,26.0,26.0,26.0,29.0,26.0,29.0,81.0,81.0,81.0,81.0,17.444444444444443,68.2,17.23483333333333,13.88888888888889,0.8
2025-10-17 12:43:37+00:00,33.738126,-84.421447,1307448046,97364,26.0,26.0,26.0,26.0,26.0,29.0,26.0,29.0,81.0,81.0,81.0,81.0,17.444444444444443,68.2,17.23483333333333,13.88888888888889,0.8
2025-10-17 12:43:38+00:00,33.73812723778818,-84.42145978341132,1307448046,97363,24.0,25.0,24.0,25.0,26.0,28.0,26.0,28.0,77.0,77.0,81.0,81.0,17.444444444444443,68.2,17.23483333333333,13.88888888888889,0.8
2025-10-17 12:43:39+00:00,33.738128886111774,-84.4214721458383,1307448046,97363,24.0,25.0,24.0,25.0,26.0,28.0,26.0,28.0,77.0,77.0,81.0,81.0,17.444444444444443,68.2,17.23483333333333,13.88888888888889,0.8
2025-10-17 12:43:40+00:00,33.73813064269846,-84.42148314158769,1307448046,97362,24.0,25.0,24.0,25.0,26.0,28.0,26.0,28.0,77.0,77.0,81.0,81.0,17.444444444444443,68.2,17.23483333333333,13.88888888888889,0.8
2025-10-17 12:43:42+00:00,33.738133517054806,-84.4215071705481,1307448046,97362,24.0,25.0,24.0,25.0,26.0,28.0,26.0,28.0,77.0,77.0,81.0,81.0,17.555555555555557,68.2,17.351499999999998,14.000000000000002,0.8
2025-10-17 12:43:43+00:00,33.73813481123773,-84.42152011237731,1307448046,97362,24.0,25.0,24.0,25.0,26.0,28.0,26.0,28.0,77.0,77.0,81.0,81.0,17.555555555555557,68.2,17.351499999999998,14.000000000000002,0.8
2025-10-17 12:43:44+00:00,33.73813611951148,-84.42153123596974,1307448046,97362,24.0,25.0,24.0,25.0,26.0,28.0,26.0,28.0,77.0,77.0,81.0,81.0,17.555555555555557,68.2,17.351499999999998,14.000000000000002,0.8
2025-10-17 12:43:45+00:00,33.73813757592478,-84.42154325137949,1307448046,97362,24.0,25.0,24.0,25.0,26.0,28.0,26.0,28.0,77.0,77.0,81.0,81.0,17.555555555555557,68.2,17.351499999999998,14.000000000000002,0.8
2025-10-17 12:43:46+00:00,33.738139,-84.421555,1307448046,97362,24.0,25.0,24.0,25.0,26.0,28.0,26.0,28.0,77.0,77.0,81.0,81.0,17.555555555555557,68.2,17.351499999999998,14.000000000000002,0.8
2025-10-17 12:43:47+00:00,33.73814105367911,-84.42156845448312,1307448046,97362,24.0,25.0,24.0,25.0,26.0,28.0,26.0,28.0,77.0,77.0,81.0,81.0,17.555555555555557,68.2,17.351499999999998,14.000000000000002,0.8
2025-10-17 12:43:49+00:00,33.73814279109025,-84.42158316456413,1307448046,97362,24.0,25.0,24.0,25.0,26.0,28.0,26.0,28.0,77.0,77.0,81.0,81.0,17.555555555555557,68.2,17.351499999999998,14.000000000000002,0.8
2025-10-17 12:43:52+00:00,33.73814370016112,-84.42159086136415,1307448046,97362,24.0,25.0,24.0,25.0,26.0,28.0,26.0,28.0,77.0,77.0,81.0,81.0,17.555555555555557,68.1,17.350194444444444,14.000000000000002,1.4
2025-10-17 12:43:54+00:00,33.738145032137055,-84.42160213876039,1307448046,97362,22.0,24.0,22.0,24.0,34.5,36.0,33.5,36.0,72.0,72.0,99.0,97.0,17.555555555555557,68.1,17.350194444444444,14.000000000000002,1.4
2025-10-17 12:43:56+00:00,33.73814752985458,-84.42162328610213,1307448046,97362,22.0,24.0,22.0,24.0,34.5,36.0,33.5,36.0,72.0,72.0,99.0,97.0,17.61111111111111,68.1,17.40852777777778,14.000000000000002,0.8
2025-10-17 12:43:57+00:00,33.73814886503591,-84.42163459063737,1307448046,97362,22.0,24.0,22.0,24.0,34.5,36.0,33.5,36.0,72.0,72.0,99.0,97.0,17.61111111111111,68.1,17.40852777777778,14.000000000000002,0.8
2025-10-17 12:43:58+00:00,33.738150251573046,-84.42164632998517,1307448046,97362,22.0,24.0,22.0,24.0,34.5,36.0,33.5,36.0,72.0,72.0,99.0,97.0,17.61111111111111,68.1,17.40852777777778,14.000000000000002,0.8
2025-10-17 12:43:59+00:00,33.73815178016696,-84.4216592720803,1307448046,97362,22.0,24.0,22.0,24.0,34.5,36.0,33.5,36.0,72.0,72.0,99.0,97.0,17.61111111111111,68.1,17.40852777777778,14.000000000000002,0.8
2025-10-17 12:44:00+00:00,33.738153507688594,-84.4216738984301,1307448046,97362,22.0,24.0,22.0,24.0,34.5,36.0,33.5,36.0,72.0,72.0,99.0,97.0,17.61111111111111,68.1,17.40852777777778,14.000000000000002,0.8
2025-10-17 12:44:01+00:00,33.73815516806034,-84.42168795624423,1307448046,97362,22.0,24.0,22.0,24.0,34.5,36.0,33.5,36.0,72.0,72.0,99.0,97.0,17.77777777777778,68.1,17.58352777777778,14.11111111111111,0.0
2025-10-17 12:44:02+00:00,33.738156,-84.421695,1307448046,97362,22.0,24.0,22.0,24.0,34.5,36.0,33.5,36.0,72.0,72.0,99.0,97.0,17.77777777777778,68.1,17.58352777777778,14.11111111111111,0.0
2025-10-17 12:44:03+00:00,33.738158967180794,-84.42171373744634,1307448046,97362,22.0,24.0,22.0,24.0,34.5,36.0,33.5,36.0,72.0,72.0,99.0,97.0,17.77777777777778,68.1,17.58352777777778,14.11111111111111,0.0
2025-10-17 12:44:04+00:00,33.73816059317319,-84.42172704197215,1307448046,97362,22.0,24.0,22.0,24.0,34.5,36.0,33.5,36.0,72.0,72.0,99.0,97.0,17.77777777777778,68.1,17.58352777777778,14.11111111111111,0.0
2025-10-17 12:44:05+00:00,33.73816209186993,-84.4217397579269,1307448046,97362,22.0,24.0,22.0,24.0,34.5,36.0,33.5,36.0,72.0,72.0,99.0,97.0,17.77777777777778,68.1,17.58352777777778,14.11111111111111,0.0
2025-10-17 12:44:06+00:00,33.738163611082335,-84.42175229142923,1307448046,97362,22.0,24.0,22.0,24.0,34.5,36.0,33.5,36.0,72.0,72.0,99.0,97.0,17.88888888888889,68.2,17.701500000000003,14.277777777777779,0.0
2025-10-17 12:44:08+00:00,33.738166217276046,-84.4217738830591,1307448046,97362,22.0,24.0,22.0,24.0,28.0,28.5,28.0,28.5,72.0,72.0,85.0,85.0,17.88888888888889,68.2,17.701500000000003,14.277777777777779,0.0
2025-10-17 12:44:09+00:00,33.73816764979434,-84.4217862982176,1307448046,97362,22.0,24.0,22.0,24.0,28.0,28.5,28.0,28.5,72.0,72.0,85.0,85.0,17.88888888888889,68.2,17.701500000000003,14.277777777777779,0.0
2025-10-17 12:44:10+00:00,33.738169,-84.421801,1307448046,97362,22.0,24.0,22.0,24.0,28.0,28.5,28.0,28.5,72.0,72.0,85.0,85.0,17.88888888888889,68.2,17.701500000000003,14.277777777777779,0.0
2025-10-17 12:44:11+00:00,33.73817076748141,-84.42181075611055,1307448046,97362,22.0,24.0,22.0,24.0,28.0,28.5,28.0,28.5,72.0,72.0,85.0,85.0,18.000000000000004,68.4,17.820777777777785,14.38888888888889,0.8
2025-10-17 12:44:12+00:00,33.738172453498386,-84.4218236783758,1307448046,97362,22.0,24.0,22.0,24.0,28.0,28.5,28.0,28.5,72.0,72.0,85.0,85.0,18.000000000000004,68.4,17.820777777777785,14.38888888888889,0.8
2025-10-17 12:44:13+00:00,33.73817428550949,-84.4218385380214,1307448046,97362,22.0,24.0,22.0,24.0,28.0,28.5,28.0,28.5,72.0,72.0,85.0,85.0,18.000000000000004,68.4,17.820777777777785,14.38888888888889,0.8
2025-10-17 12:44:14+00:00,33.73817608921775,-84.42185316809956,1307448046,97362,22.0,24.0,22.0,24.0,28.0,28.5,28.0,28.5,72.0,72.0,85.0,85.0,18.000000000000004,68.4,17.820777777777785,14.38888888888889,0.8
2025-10-17 12:44:15+00:00,33.738177836453914,-84.42186734012618,1307448046,97362,22.0,24.0,22.0,24.0,28.0,28.5,28.0,28.5,72.0,72.0,85.0,85.0,18.000000000000004,68.4,17.820777777777785,14.38888888888889,0.8
2025-10-17 12:44:16+00:00,33.738179483505775,-84.42188069954683,1307448046,97362,22.0,24.0,22.0,24.0,28.0,28.5,28.0,28.5,72.0,72.0,85.0,85.0,18.055555555555557,68.6,17.881722222222223,14.38888888888889,0.9
2025-10-17 12:44:17+00:00,33.73818101161085,-84.42189309520896,1307448046,97361,22.0,24.0,22.0,24.0,28.0,28.5,28.0,28.5,72.0,72.0,85.0,85.0,18.055555555555557,68.6,17.881722222222223,14.38888888888889,0.9
2025-10-17 12:44:18+00:00,33.73818245189525,-84.42190490554103,1307448046,97361,22.0,24.0,22.0,24.0,28.0,28.5,28.0,28.5,72.0,72.0,85.0,85.0,18.055555555555557,68.6,17.881722222222223,14.38888888888889,0.9
2025-10-17 12:44:19+00:00,33.73818390213262,-84.42191679748746,1307448046,97361,22.0,24.0,22.0,24.0,28.0,28.5,28.0,28.5,72.0,72.0,85.0,85.0,18.055555555555557,68.6,17.881722222222223,14.38888888888889,0.9
2025-10-17 12:44:20+00:00,33.73818534913493,-84.42192866290642,1307448046,97361,22.0,24.0,22.0,24.0,28.0,28.5,28.0,28.5,72.0,72.0,85.0,85.0,18.055555555555557,68.6,17.881722222222223,14.38888888888889,0.9
2025-10-17 12:44:21+00:00,33.738186,-84.42194,1307448046,97361,22.0,24.0,22.0,24.0,28.0,28.5,28.0,28.5,72.0,72.0,85.0,85.0,18.22222222222222,68.7,18.058027777777774,14.61111111111111,0.0
2025-10-17 12:44:22+00:00,33.73818763357917,-84.42194980147505,1307448046,97361,22.0,24.0,22.0,24.0,28.0,28.5,28.0,28.5,72.0,72.0,85.0,85.0,18.22222222222222,68.7,18.058027777777774,14.61111111111111,0.0
2025-10-17 12:44:23+00:00,33.738189,-84.421966,1307448046,97360,23.5,23.5,23.5,23.5,24.0,24.0,24.0,24.0,75.5,75.5,77.0,77.0,18.22222222222222,68.7,18.058027777777774,14.61111111111111,0.0
2025-10-17 12:44:24+00:00,33.7381900431302,-84.42197191107117,1307448046,97360,23.5,23.5,23.5,23.5,24.0,24.0,24.0,24.0,75.5,75.5,77.0,77.0,18.22222222222222,68.7,18.058027777777774,14.61111111111111,0.0
2025-10-17 12:44:25+00:00,33.738192519822235,-84.42198802494828,1307448046,97360,23.5,23.5,23.5,23.5,24.0,24.0,24.0,24.0,75.5,75.5,77.0,77.0,18.22222222222222,68.7,18.058027777777774,14.61111111111111,0.0
2025-10-17 12:44:26+00:00,33.73819374713718,-84.42199988899279,1307448046,97360,23.5,23.5,23.5,23.5,24.0,24.0,24.0,24.0,75.5,75.5,77.0,77.0,18.388888888888886,68.9,18.23563888888889,14.777777777777779,0.0
2025-10-17 12:44:27+00:00,33.73819494552921,-84.42201147344903,1307448046,97360,23.5,23.5,23.5,23.5,24.0,24.0,24.0,24.0,75.5,75.5,77.0,77.0,18.388888888888886,68.9,18.23563888888889,14.777777777777779,0.0
2025-10-17 12:44:28+00:00,33.73819626585045,-84.42202170485348,1307448046,97359,23.5,23.5,23.5,23.5,24.0,24.0,24.0,24.0,75.5,75.5,77.0,77.0,18.388888888888886,68.9,18.23563888888889,14.777777777777779,0.0
2025-10-17 12:44:29+00:00,33.73819784125775,-84.42203378297611,1307448046,97359,23.5,23.5,23.5,23.5,24.0,24.0,24.0,24.0,75.5,75.5,77.0,77.0,18.388888888888886,68.9,18.23563888888889,14.777777777777779,0.0
2025-10-17 12:44:30+00:00,33.738199807956136,-84.42204646364905,1307448046,97359,23.5,23.5,23.5,23.5,24.0,24.0,24.0,24.0,75.5,75.5,77.0,77.0,18.388888888888886,68.9,18.23563888888889,14.777777777777779,0.0
2025-10-17 12:44:31+00:00,33.73820127755455,-84.42205822043645,1307448046,97359,23.5,23.5,23.5,23.5,24.0,24.0,24.0,24.0,75.5,75.5,77.0,77.0,18.666666666666664,69.3,18.532527777777773,15.11111111111111,0.0
2025-10-17 12:44:32+00:00,33.73820262534438,-84.42206929137551,1307448046,97359,23.5,23.5,23.5,23.5,24.0,24.0,24.0,24.0,75.5,75.5,77.0,77.0,18.666666666666664,69.3,18.532527777777773,15.11111111111111,0.0
2025-10-17 12:44:34+00:00,33.738205110001495,-84.42209031539724,1307448046,97359,23.5,23.5,23.5,23.5,24.0,24.0,24.0,24.0,75.5,75.5,77.0,77.0,18.666666666666664,69.3,18.532527777777773,15.11111111111111,0.0
2025-10-17 12:44:35+00:00,33.73820646325317,-84.42210176598837,1307448046,97359,23.5,23.5,23.5,23.5,24.0,24.0,24.0,24.0,75.5,75.5,77.0,77.0,18.666666666666664,69.3,18.532527777777773,15.11111111111111,0.0
2025-10-17 12:44:36+00:00,33.738207752999266,-84.42211267922455,1307448046,97359,23.5,23.5,23.5,23.5,24.0,24.0,24.0,24.0,75.5,75.5,77.0,77.0,18.833333333333336,69.8,18.71405555555556,15.277777777777779,0.0
2025-10-17 12:44:38+00:00,33.738210070365895,-84.4221322877114,1307448046,97359,24.0,24.0,24.0,24.0,26.0,29.5,26.0,29.5,77.0,77.0,81.0,81.0,18.833333333333336,69.8,18.71405555555556,15.277777777777779,0.0
2025-10-17 12:44:40+00:00,33.7382125743997,-84.42215347568977,1307448046,97359,24.0,24.0,24.0,24.0,26.0,29.5,26.0,29.5,77.0,77.0,81.0,81.0,18.833333333333336,69.8,18.71405555555556,15.277777777777779,0.0
2025-10-17 12:44:41+00:00,33.738213890702,-84.42216461363235,1307448046,97359,24.0,24.0,24.0,24.0,26.0,29.5,26.0,29.5,77.0,77.0,81.0,81.0,19.0,69.9,18.890361111111115,15.5,0.0
2025-10-17 12:44:42+00:00,33.738215,-84.422174,1307448046,97358,24.0,24.0,24.0,24.0,26.0,29.5,26.0,29.5,77.0,77.0,81.0,81.0,19.0,69.9,18.890361111111115,15.5,0.0
2025-10-17 12:44:43+00:00,33.73821636680048,-84.42218717893749,1307448046,97358,24.0,24.0,24.0,24.0,26.0,29.5,26.0,29.5,77.0,77.0,81.0,81.0,19.0,69.9,18.890361111111115,15.5,0.0
2025-10-17 12:44:44+00:00,33.7382176998338,-84.4221987318929,1307448046,97358,24.0,24.0,24.0,24.0,26.0,29.5,26.0,29.5,77.0,77.0,81.0,81.0,19.0,69.9,18.890361111111115,15.5,0.0
2025-10-17 12:44:45+00:00,33.73821913973932,-84.4222111179146,1307448046,97358,24.0,24.0,24.0,24.0,26.0,29.5,26.0,29.5,77.0,77.0,81.0,81.0,19.0,69.9,18.890361111111115,15.5,0.0
2025-10-17 12:44:46+00:00,33.73822084980655,-84.4222246284911,1307448046,97358,24.0,24.0,24.0,24.0,26.0,29.5,26.0,29.5,77.0,77.0,81.0,81.0,18.833333333333336,69.8,18.71405555555556,15.277777777777779,0.7
2025-10-17 12:44:47+00:00,33.738222521935334,-84.42223767109559,1307448046,97358,24.0,24.0,24.0,24.0,26.0,29.5,26.0,29.5,77.0,77.0,81.0,81.0,18.833333333333336,69.8,18.71405555555556,15.277777777777779,0.7
2025-10-17 12:44:48+00:00,33.73822402885079,-84.42224942503613,1307448046,97358,24.0,24.0,24.0,24.0,26.0,29.5,26.0,29.5,77.0,77.0,81.0,81.0,18.833333333333336,69.8,18.71405555555556,15.277777777777779,0.7
2025-10-17 12:44:50+00:00,33.73822683040967,-84.42226981286771,1307448046,97358,24.0,24.0,24.0,24.0,26.0,29.5,26.0,29.5,77.0,77.0,81.0,81.0,18.833333333333336,69.8,18.71405555555556,15.277777777777779,0.7
2025-10-17 12:44:51+00:00,33.738228372815485,-84.42228266893166,1307448046,97358,24.0,24.0,24.0,24.0,26.0,29.5,26.0,29.5,77.0,77.0,81.0,81.0,18.72222222222222,69.4,18.59216666666667,15.11111111111111,0.8
2025-10-17 12:44:52+00:00,33.738229726124786,-84.42229526124787,1307448046,97358,24.0,24.0,24.0,24.0,26.0,29.5,26.0,29.5,77.0,77.0,81.0,81.0,18.72222222222222,69.4,18.59216666666667,15.11111111111111,0.8
2025-10-17 12:44:54+00:00,33.73823223229256,-84.4223142691047,1307448046,97358,27.0,28.0,27.0,28.0,25.5,28.0,25.5,28.0,83.0,83.0,80.0,80.0,18.72222222222222,69.4,18.59216666666667,15.11111111111111,0.8
2025-10-17 12:44:56+00:00,33.73823449002164,-84.4223324301515,1307448046,97357,27.0,28.0,27.0,28.0,25.5,28.0,25.5,28.0,83.0,83.0,80.0,80.0,18.5,68.7,18.34969444444444,14.88888888888889,0.0
2025-10-17 12:44:58+00:00,33.73823702980806,-84.42235020865643,1307448046,97357,27.0,28.0,27.0,28.0,25.5,28.0,25.5,28.0,83.0,83.0,80.0,80.0,18.5,68.7,18.34969444444444,14.88888888888889,0.0
2025-10-17 12:45:00+00:00,33.73824035499515,-84.42237348496606,1307448046,97357,27.0,28.0,27.0,28.0,25.5,28.0,25.5,28.0,83.0,83.0,80.0,80.0,18.5,68.7,18.34969444444444,14.88888888888889,0.0
2025-10-17 12:45:01+00:00,33.73824234642225,-84.42238742495576,1307448046,97357,27.0,28.0,27.0,28.0,25.5,28.0,25.5,28.0,83.0,83.0,80.0,80.0,18.333333333333332,68.3,18.169472222222222,14.666666666666666,0.0
2025-10-17 12:45:02+00:00,33.73824436876092,-84.42240158132644,1307448046,97357,27.0,28.0,27.0,28.0,25.5,28.0,25.5,28.0,83.0,83.0,80.0,80.0,18.333333333333332,68.3,18.169472222222222,14.666666666666666,0.0
2025-10-17 12:45:03+00:00,33.73824624320628,-84.42241470244396,1307448046,97357,27.0,28.0,27.0,28.0,25.5,28.0,25.5,28.0,83.0,83.0,80.0,80.0,18.333333333333332,68.3,18.169472222222222,14.666666666666666,0.0
2025-10-17 12:45:04+00:00,33.73824816187378,-84.42242597124266,1307448046,97357,27.0,28.0,27.0,28.0,25.5,28.0,25.5,28.0,83.0,83.0,80.0,80.0,18.333333333333332,68.3,18.169472222222222,14.666666666666666,0.0
2025-10-17 12:45:05+00:00,33.73825013720166,-84.42243782320998,1307448046,97357,27.0,28.0,27.0,28.0,25.5,28.0,25.5,28.0,83.0,83.0,80.0,80.0,18.333333333333332,68.3,18.169472222222222,14.666666666666666,0.0
2025-10-17 12:45:06+00:00,33.73825244223819,-84.42245298014375,1307448046,97357,27.0,28.0,27.0,28.0,25.5,28.0,25.5,28.0,83.0,83.0,80.0,80.0,18.277777777777782,67.7,18.103305555555554,14.5,0.7
2025-10-17 12:45:07+00:00,33.738253915803334,-84.4224647769447,1307448046,97357,27.0,28.0,27.0,28.0,25.5,28.0,25.5,28.0,83.0,83.0,80.0,80.0,18.277777777777782,67.7,18.103305555555554,14.5,0.7
2025-10-17 12:45:08+00:00,33.73825558937576,-84.42247716138063,1307448046,97357,28.0,29.0,28.0,29.0,22.0,26.0,22.0,26.0,85.0,85.0,72.0,72.0,18.277777777777782,67.7,18.103305555555554,14.5,0.7
2025-10-17 12:45:09+00:00,33.73825717194124,-84.42248887236521,1307448046,97357,28.0,29.0,28.0,29.0,22.0,26.0,22.0,26.0,85.0,85.0,72.0,72.0,18.277777777777782,67.7,18.103305555555554,14.5,0.7
2025-10-17 12:45:10+00:00,33.73825842542903,-84.42249729731674,1307448046,97357,28.0,29.0,28.0,29.0,22.0,26.0,22.0,26.0,85.0,85.0,72.0,72.0,18.277777777777782,67.7,18.103305555555554,14.5,0.7
2025-10-17 12:45:11+00:00,33.73826045782676,-84.42250827226451,1307448046,97357,28.0,29.0,28.0,29.0,22.0,26.0,22.0,26.0,85.0,85.0,72.0,72.0,18.22222222222222,67.5,18.042361111111106,14.38888888888889,0.9
2025-10-17 12:45:12+00:00,33.738263,-84.422526,1307448046,97357,28.0,29.0,28.0,29.0,22.0,26.0,22.0,26.0,85.0,85.0,72.0,72.0,18.22222222222222,67.5,18.042361111111106,14.38888888888889,0.9
2025-10-17 12:45:13+00:00,33.738264113246814,-84.4225332361043,1307448046,97357,28.0,29.0,28.0,29.0,22.0,26.0,22.0,26.0,85.0,85.0,72.0,72.0,18.22222222222222,67.5,18.042361111111106,14.38888888888889,0.9
2025-10-17 12:45:14+00:00,33.73826599826145,-84.42254898261443,1307448046,97357,28.0,29.0,28.0,29.0,22.0,26.0,22.0,26.0,85.0,85.0,72.0,72.0,18.22222222222222,67.5,18.042361111111106,14.38888888888889,0.9
2025-10-17 12:45:15+00:00,33.7382674652131,-84.42255861546093,1307448046,97357,28.0,29.0,28.0,29.0,22.0,26.0,22.0,26.0,85.0,85.0,72.0,72.0,18.22222222222222,67.5,18.042361111111106,14.38888888888889,0.9
2025-10-17 12:45:16+00:00,33.738269370751716,-84.42257112055812,1307448046,97357,28.0,29.0,28.0,29.0,22.0,26.0,22.0,26.0,85.0,85.0,72.0,72.0,18.166666666666668,67.4,17.982722222222222,14.38888888888889,0.9
2025-10-17 12:45:17+00:00,33.73827119894243,-84.42258311805966,1307448046,97357,28.0,29.0,28.0,29.0,22.0,26.0,22.0,26.0,85.0,85.0,72.0,72.0,18.166666666666668,67.4,17.982722222222222,14.38888888888889,0.9
2025-10-17 12:45:18+00:00,33.7382729326679,-84.42259449563308,1307448046,97357,28.0,29.0,28.0,29.0,22.0,26.0,22.0,26.0,85.0,85.0,72.0,72.0,18.166666666666668,67.4,17.982722222222222,14.38888888888889,0.9
2025-10-17 12:45:19+00:00,33.73827481136533,-84.42260682458497,1307448046,97357,28.0,29.0,28.0,29.0,22.0,26.0,22.0,26.0,85.0,85.0,72.0,72.0,18.166666666666668,67.4,17.982722222222222,14.38888888888889,0.9
2025-10-17 12:45:20+00:00,33.73827686012994,-84.42262026960276,1307448046,97357,28.0,29.0,28.0,29.0,22.0,26.0,22.0,26.0,85.0,85.0,72.0,72.0,18.166666666666668,67.4,17.982722222222222,14.38888888888889,0.9
2025-10-17 12:45:21+00:00,33.73827880452864,-84.42263302971921,1307448046,97357,28.0,29.0,28.0,29.0,22.0,26.0,22.0,26.0,85.0,85.0,72.0,72.0,18.000000000000004,67.3,17.80641666666667,14.166666666666666,0.8
2025-10-17 12:45:22+00:00,33.738280567327706,-84.42264459808808,1307448046,97357,28.0,29.0,28.0,29.0,22.0,26.0,22.0,26.0,85.0,85.0,72.0,72.0,18.000000000000004,67.3,17.80641666666667,14.166666666666666,0.8
2025-10-17 12:45:23+00:00,33.738282,-84.422654,1307448046,97357,28.5,28.5,28.5,28.5,25.0,26.0,25.0,26.0,86.0,86.0,79.0,79.0,18.000000000000004,67.3,17.80641666666667,14.166666666666666,0.8
2025-10-17 12:45:24+00:00,33.738284353708615,-84.42267242135769,1307448046,97356,28.5,28.5,28.5,28.5,25.0,26.0,25.0,26.0,86.0,86.0,79.0,79.0,18.000000000000004,67.3,17.80641666666667,14.166666666666666,0.8
2025-10-17 12:45:25+00:00,33.73828543703074,-84.42268596288426,1307448046,97356,28.5,28.5,28.5,28.5,25.0,26.0,25.0,26.0,86.0,86.0,79.0,79.0,18.000000000000004,67.3,17.80641666666667,14.166666666666666,0.8
2025-10-17 12:45:26+00:00,33.73828653319268,-84.42269699894507,1307448046,97356,28.5,28.5,28.5,28.5,25.0,26.0,25.0,26.0,86.0,86.0,79.0,79.0,18.000000000000004,67.2,17.805111111111117,14.166666666666666,0.0
2025-10-17 12:45:27+00:00,33.73828844023788,-84.42271196214094,1307448046,97356,28.5,28.5,28.5,28.5,25.0,26.0,25.0,26.0,86.0,86.0,79.0,79.0,18.000000000000004,67.2,17.805111111111117,14.166666666666666,0.0
2025-10-17 12:45:28+00:00,33.738289776724706,-84.42272399052234,1307448046,97356,28.5,28.5,28.5,28.5,25.0,26.0,25.0,26.0,86.0,86.0,79.0,79.0,18.000000000000004,67.2,17.805111111111117,14.166666666666666,0.0
2025-10-17 12:45:29+00:00,33.738291142315184,-84.42273628083663,1307448046,97356,28.5,28.5,28.5,28.5,25.0,26.0,25.0,26.0,86.0,86.0,79.0,79.0,18.000000000000004,67.2,17.805111111111117,14.166666666666666,0.0
2025-10-17 12:45:30+00:00,33.73829258456647,-84.42275159936412,1307448046,97356,28.5,28.5,28.5,28.5,25.0,26.0,25.0,26.0,86.0,86.0,79.0,79.0,18.000000000000004,67.2,17.805111111111117,14.166666666666666,0.0
2025-10-17 12:45:31+00:00,33.73829366697882,-84.4227650037458,1307448046,97356,28.5,28.5,28.5,28.5,25.0,26.0,25.0,26.0,86.0,86.0,79.0,79.0,17.944444444444443,67.3,17.748083333333334,14.166666666666666,0.0
2025-10-17 12:45:32+00:00,33.73829485817028,-84.42277672353251,1307448046,97356,28.5,28.5,28.5,28.5,25.0,26.0,25.0,26.0,86.0,86.0,79.0,79.0,17.944444444444443,67.3,17.748083333333334,14.166666666666666,0.0
2025-10-17 12:45:33+00:00,33.73829696167636,-84.42278769341085,1307448046,97355,28.5,28.5,28.5,28.5,25.0,26.0,25.0,26.0,86.0,86.0,79.0,79.0,17.944444444444443,67.3,17.748083333333334,14.166666666666666,0.0
2025-10-17 12:45:34+00:00,33.73829833749479,-84.42279847704248,1307448046,97355,28.5,28.5,28.5,28.5,25.0,26.0,25.0,26.0,86.0,86.0,79.0,79.0,17.944444444444443,67.3,17.748083333333334,14.166666666666666,0.0
2025-10-17 12:45:35+00:00,33.738299874191846,-84.42281051450279,1307448046,97355,28.5,28.5,28.5,28.5,25.0,26.0,25.0,26.0,86.0,86.0,79.0,79.0,17.944444444444443,67.3,17.748083333333334,14.166666666666666,0.0
2025-10-17 12:45:36+00:00,33.738301555247496,-84.42282368277203,1307448046,97355,28.5,28.5,28.5,28.5,25.0,26.0,25.0,26.0,86.0,86.0,79.0,79.0,17.88888888888889,67.6,17.69366666666667,14.11111111111111,0.0
2025-10-17 12:45:37+00:00,33.738303062975525,-84.42283544082868,1307448046,97354,28.5,28.5,28.5,28.5,25.0,26.0,25.0,26.0,86.0,86.0,79.0,79.0,17.88888888888889,67.6,17.69366666666667,14.11111111111111,0.0
2025-10-17 12:45:38+00:00,33.73830478784162,-84.42284751489134,1307448046,97354,26.5,26.5,26.5,26.5,27.5,27.5,27.5,27.5,82.0,82.0,84.0,84.0,17.88888888888889,67.6,17.69366666666667,14.11111111111111,0.0
2025-10-17 12:45:39+00:00,33.73830641802143,-84.42285892615,1307448046,97354,26.5,26.5,26.5,26.5,27.5,27.5,27.5,27.5,82.0,82.0,84.0,84.0,17.88888888888889,67.6,17.69366666666667,14.11111111111111,0.0
2025-10-17 12:45:40+00:00,33.73830820323903,-84.42287142267321,1307448046,97354,26.5,26.5,26.5,26.5,27.5,27.5,27.5,27.5,82.0,82.0,84.0,84.0,17.88888888888889,67.6,17.69366666666667,14.11111111111111,0.0
2025-10-17 12:45:41+00:00,33.73830998024737,-84.42288386173159,1307448046,97354,26.5,26.5,26.5,26.5,27.5,27.5,27.5,27.5,82.0,82.0,84.0,84.0,17.72222222222222,67.7,17.519972222222222,14.11111111111111,0.7
2025-10-17 12:45:42+00:00,33.73831174286298,-84.4228962000409,1307448046,97354,26.5,26.5,26.5,26.5,27.5,27.5,27.5,27.5,82.0,82.0,84.0,84.0,17.72222222222222,67.7,17.519972222222222,14.11111111111111,0.7
2025-10-17 12:45:43+00:00,33.73831344430997,-84.42290866555732,1307448046,97354,26.5,26.5,26.5,26.5,27.5,27.5,27.5,27.5,82.0,82.0,84.0,84.0,17.72222222222222,67.7,17.519972222222222,14.11111111111111,0.7
2025-10-17 12:45:44+00:00,33.73831475284695,-84.42291946098729,1307448046,97354,26.5,26.5,26.5,26.5,27.5,27.5,27.5,27.5,82.0,82.0,84.0,84.0,17.72222222222222,67.7,17.519972222222222,14.11111111111111,0.7
2025-10-17 12:45:45+00:00,33.73831614520696,-84.42293094795738,1307448046,97354,26.5,26.5,26.5,26.5,27.5,27.5,27.5,27.5,82.0,82.0,84.0,84.0,17.72222222222222,67.7,17.519972222222222,14.11111111111111,0.7
2025-10-17 12:45:46+00:00,33.73831715883778,-84.4229387941889,1307448046,97354,26.5,26.5,26.5,26.5,27.5,27.5,27.5,27.5,82.0,82.0,84.0,84.0,17.61111111111111,67.7,17.40330555555556,14.000000000000002,0.0
2025-10-17 12:45:47+00:00,33.73831996780394,-84.4229557424315,1307448046,97354,26.5,26.5,26.5,26.5,27.5,27.5,27.5,27.5,82.0,82.0,84.0,84.0,17.61111111111111,67.7,17.40330555555556,14.000000000000002,0.0
2025-10-17 12:45:48+00:00,33.738321524890324,-84.42296705545485,1307448046,97353,26.5,26.5,26.5,26.5,27.5,27.5,27.5,27.5,82.0,82.0,84.0,84.0,17.61111111111111,67.7,17.40330555555556,14.000000000000002,0.0
2025-10-17 12:45:49+00:00,33.73832318277597,-84.42297907512581,1307448046,97353,26.5,26.5,26.5,26.5,27.5,27.5,27.5,27.5,82.0,82.0,84.0,84.0,17.61111111111111,67.7,17.40330555555556,14.000000000000002,0.0
2025-10-17 12:45:50+00:00,33.7383248356372,-84.42299126727899,1307448046,97353,26.5,26.5,26.5,26.5,27.5,27.5,27.5,27.5,82.0,82.0,84.0,84.0,17.61111111111111,67.7,17.40330555555556,14.000000000000002,0.0
2025-10-17 12:45:51+00:00,33.73832637968369,-84.42300265778584,1307448046,97353,26.5,26.5,26.5,26.5,27.5,27.5,27.5,27.5,82.0,82.0,84.0,84.0,17.555555555555557,67.8,17.346277777777775,14.000000000000002,0.0
2025-10-17 12:45:52+00:00,33.73832841557614,-84.42301815576143,1307448046,97353,26.5,26.5,26.5,26.5,27.5,27.5,27.5,27.5,82.0,82.0,84.0,84.0,17.555555555555557,67.8,17.346277777777775,14.000000000000002,0.0
2025-10-17 12:45:53+00:00,33.73832913665022,-84.42302694744156,1307448046,97353,27.0,28.0,27.0,28.0,26.5,28.5,26.5,28.5,83.0,83.0,82.0,82.0,17.555555555555557,67.8,17.346277777777775,14.000000000000002,0.0
2025-10-17 12:45:54+00:00,33.73833089182759,-84.42303911667126,1307448046,97353,27.0,28.0,27.0,28.0,26.5,28.5,26.5,28.5,83.0,83.0,82.0,82.0,17.555555555555557,67.8,17.346277777777775,14.000000000000002,0.0
2025-10-17 12:45:55+00:00,33.738332684461334,-84.42305154559858,1307448046,97353,27.0,28.0,27.0,28.0,26.5,28.5,26.5,28.5,83.0,83.0,82.0,82.0,17.555555555555557,67.8,17.346277777777775,14.000000000000002,0.0
2025-10-17 12:45:56+00:00,33.73833471290278,-84.42306560945924,1307448046,97353,27.0,28.0,27.0,28.0,26.5,28.5,26.5,28.5,83.0,83.0,82.0,82.0,17.5,67.7,17.286638888888888,13.88888888888889,0.0
2025-10-17 12:45:57+00:00,33.738336490482496,-84.42307793401199,1307448046,97353,27.0,28.0,27.0,28.0,26.5,28.5,26.5,28.5,83.0,83.0,82.0,82.0,17.5,67.7,17.286638888888888,13.88888888888889,0.0
2025-10-17 12:45:58+00:00,33.738338107776556,-84.4230891472508,1307448046,97353,27.0,28.0,27.0,28.0,26.5,28.5,26.5,28.5,83.0,83.0,82.0,82.0,17.5,67.7,17.286638888888888,13.88888888888889,0.0
2025-10-17 12:45:59+00:00,33.73833981661205,-84.42310099517687,1307448046,97353,27.0,28.0,27.0,28.0,26.5,28.5,26.5,28.5,83.0,83.0,82.0,82.0,17.5,67.7,17.286638888888888,13.88888888888889,0.0
2025-10-17 12:46:00+00:00,33.738341646046344,-84.42311367925468,1307448046,97353,27.0,28.0,27.0,28.0,26.5,28.5,26.5,28.5,83.0,83.0,82.0,82.0,17.5,67.7,17.286638888888888,13.88888888888889,0.0
2025-10-17 12:46:01+00:00,33.73834357933621,-84.42312708339772,1307448046,97353,27.0,28.0,27.0,28.0,26.5,28.5,26.5,28.5,83.0,83.0,82.0,82.0,17.61111111111111,67.9,17.40591666666667,14.000000000000002,0.0
2025-10-17 12:46:02+00:00,33.738345,-84.423142,1307448046,97352,27.0,28.0,27.0,28.0,26.5,28.5,26.5,28.5,83.0,83.0,82.0,82.0,17.61111111111111,67.9,17.40591666666667,14.000000000000002,0.0
2025-10-17 12:46:03+00:00,33.73834609702139,-84.42315169855401,1307448046,97352,27.0,28.0,27.0,28.0,26.5,28.5,26.5,28.5,83.0,83.0,82.0,82.0,17.61111111111111,67.9,17.40591666666667,14.000000000000002,0.0
2025-10-17 12:46:04+00:00,33.73834775799182,-84.42316365754111,1307448046,97352,27.0,28.0,27.0,28.0,26.5,28.5,26.5,28.5,83.0,83.0,82.0,82.0,17.61111111111111,67.9,17.40591666666667,14.000000000000002,0.0
2025-10-17 12:46:05+00:00,33.73834942375997,-84.42317565107179,1307448046,97352,27.0,28.0,27.0,28.0,26.5,28.5,26.5,28.5,83.0,83.0,82.0,82.0,17.61111111111111,67.9,17.40591666666667,14.000000000000002,0.0
2025-10-17 12:46:06+00:00,33.738351,-84.423187,1307448046,97352,27.0,28.0,27.0,28.0,26.5,28.5,26.5,28.5,83.0,83.0,82.0,82.0,17.666666666666668,68.2,17.468166666666665,14.11111111111111,0.9
2025-10-17 12:46:07+00:00,33.73835273934043,-84.4231978796468,1307448046,97352,27.0,28.0,27.0,28.0,26.5,28.5,26.5,28.5,83.0,83.0,82.0,82.0,17.666666666666668,68.2,17.468166666666665,14.11111111111111,0.9
2025-10-17 12:46:08+00:00,33.73835456767327,-84.42320994664358,1307448046,97352,23.0,23.0,23.0,23.0,27.0,31.0,27.0,31.0,74.0,74.0,83.0,83.0,17.666666666666668,68.2,17.468166666666665,14.11111111111111,0.9
2025-10-17 12:46:09+00:00,33.73835639490632,-84.42322200638172,1307448046,97352,23.0,23.0,23.0,23.0,27.0,31.0,27.0,31.0,74.0,74.0,83.0,83.0,17.666666666666668,68.2,17.468166666666665,14.11111111111111,0.9
2025-10-17 12:46:10+00:00,33.73835808136063,-84.42323465088505,1307448046,97352,23.0,23.0,23.0,23.0,27.0,31.0,27.0,31.0,74.0,74.0,83.0,83.0,17.666666666666668,68.2,17.468166666666665,14.11111111111111,0.9
2025-10-17 12:46:11+00:00,33.73835938405377,-84.4232446883764,1307448046,97352,23.0,23.0,23.0,23.0,27.0,31.0,27.0,31.0,74.0,74.0,83.0,83.0,17.77777777777778,68.5,17.58875,14.166666666666666,0.9
2025-10-17 12:46:13+00:00,33.73836152096489,-84.42326568396601,1307448046,97352,23.0,23.0,23.0,23.0,27.0,31.0,27.0,31.0,74.0,74.0,83.0,83.0,17.77777777777778,68.5,17.58875,14.166666666666666,0.9
2025-10-17 12:46:14+00:00,33.738363272566545,-84.423278070292,1307448046,97352,23.0,23.0,23.0,23.0,27.0,31.0,27.0,31.0,74.0,74.0,83.0,83.0,17.77777777777778,68.5,17.58875,14.166666666666666,0.9
2025-10-17 12:46:15+00:00,33.738365177181386,-84.42329153863983,1307448046,97352,23.0,23.0,23.0,23.0,27.0,31.0,27.0,31.0,74.0,74.0,83.0,83.0,17.77777777777778,68.5,17.58875,14.166666666666666,0.9
2025-10-17 12:46:16+00:00,33.73836703612233,-84.42330468400787,1307448046,97352,23.0,23.0,23.0,23.0,27.0,31.0,27.0,31.0,74.0,74.0,83.0,83.0,17.77777777777778,68.7,17.591361111111112,14.166666666666666,0.0
2025-10-17 12:46:17+00:00,33.7383688589067,-84.42331757369743,1307448046,97352,23.0,23.0,23.0,23.0,27.0,31.0,27.0,31.0,74.0,74.0,83.0,83.0,17.77777777777778,68.7,17.591361111111112,14.166666666666666,0.0
2025-10-17 12:46:18+00:00,33.738370774952045,-84.42333112287521,1307448046,97352,23.0,23.0,23.0,23.0,27.0,31.0,27.0,31.0,74.0,74.0,83.0,83.0,17.77777777777778,68.7,17.591361111111112,14.166666666666666,0.0
2025-10-17 12:46:19+00:00,33.738372775427436,-84.42334526909403,1307448046,97352,23.0,23.0,23.0,23.0,27.0,31.0,27.0,31.0,74.0,74.0,83.0,83.0,17.77777777777778,68.7,17.591361111111112,14.166666666666666,0.0
2025-10-17 12:46:20+00:00,33.73837458529592,-84.42335806744977,1307448046,97352,23.0,23.0,23.0,23.0,27.0,31.0,27.0,31.0,74.0,74.0,83.0,83.0,17.77777777777778,68.7,17.591361111111112,14.166666666666666,0.0
2025-10-17 12:46:21+00:00,33.73837628188734,-84.4233725369861,1307448046,97351,23.0,23.0,23.0,23.0,27.0,31.0,27.0,31.0,74.0,74.0,83.0,83.0,17.83333333333333,68.8,17.650999999999996,14.166666666666666,0.0
2025-10-17 12:46:22+00:00,33.73837745404612,-84.42338195129979,1307448046,97351,23.0,23.0,23.0,23.0,27.0,31.0,27.0,31.0,74.0,74.0,83.0,83.0,17.83333333333333,68.8,17.650999999999996,14.166666666666666,0.0
2025-10-17 12:46:23+00:00,33.738379,-84.423396,1307448046,97351,22.0,22.0,22.0,22.0,25.0,26.0,25.0,26.0,72.0,72.0,79.0,79.0,17.83333333333333,68.8,17.650999999999996,14.166666666666666,0.0
2025-10-17 12:46:24+00:00,33.73838054094803,-84.42340647844655,1307448046,97351,22.0,22.0,22.0,22.0,25.0,26.0,25.0,26.0,72.0,72.0,79.0,79.0,17.83333333333333,68.8,17.650999999999996,14.166666666666666,0.0
2025-10-17 12:46:25+00:00,33.73838222043663,-84.42341789896906,1307448046,97351,22.0,22.0,22.0,22.0,25.0,26.0,25.0,26.0,72.0,72.0,79.0,79.0,17.83333333333333,68.8,17.650999999999996,14.166666666666666,0.0
2025-10-17 12:46:26+00:00,33.73838381403219,-84.42342873541885,1307448046,97351,22.0,22.0,22.0,22.0,25.0,26.0,25.0,26.0,72.0,72.0,79.0,79.0,18.000000000000004,69.0,17.828611111111115,14.38888888888889,0.0
2025-10-17 12:46:27+00:00,33.738385334351875,-84.42344200916686,1307448046,97351,22.0,22.0,22.0,22.0,25.0,26.0,25.0,26.0,72.0,72.0,79.0,79.0,18.000000000000004,69.0,17.828611111111115,14.38888888888889,0.0
2025-10-17 12:46:29+00:00,33.738387164994215,-84.4234579899653,1307448046,97351,22.0,22.0,22.0,22.0,25.0,26.0,25.0,26.0,72.0,72.0,79.0,79.0,18.000000000000004,69.0,17.828611111111115,14.38888888888889,0.0
2025-10-17 12:46:37+00:00,33.73838615219003,-84.42344936971024,1307448046,97351,22.0,22.0,22.0,22.0,25.0,26.0,25.0,26.0,72.0,72.0,79.0,79.0,18.166666666666668,69.1,18.004916666666666,14.61111111111111,0.0
2025-10-17 12:46:41+00:00,33.73838578650777,-84.42344607856992,1307448046,97351,27.0,28.0,27.0,28.0,26.0,30.0,26.0,30.0,83.0,83.0,80.5,80.5,18.166666666666668,68.8,18.001000000000005,14.61111111111111,0.0
2025-10-17 12:47:02+00:00,33.73838676756564,-84.42345490809078,1307448046,97351,29.5,32.0,29.5,32.0,32.0,34.0,31.0,34.0,88.0,88.0,94.0,91.0,18.055555555555557,68.3,17.877805555555554,14.38888888888889,0.8
2025-10-17 12:47:05+00:00,33.738386838289536,-84.4234555446058,1307448046,97351,29.5,32.0,29.5,32.0,32.0,34.0,31.0,34.0,88.0,88.0,94.0,91.0,18.055555555555557,68.3,17.877805555555554,14.38888888888889,0.8
2025-10-17 12:47:06+00:00,33.738386634406446,-84.42345370965796,1307448046,97351,29.5,32.0,29.5,32.0,32.0,34.0,31.0,34.0,88.0,88.0,94.0,91.0,18.166666666666668,68.1,17.991861111111113,14.5,1.1
2025-10-17 12:47:07+00:00,33.73838652331474,-84.4234527098326,1307448046,97351,29.5,32.0,29.5,32.0,32.0,34.0,31.0,34.0,88.0,88.0,94.0,91.0,18.166666666666668,68.1,17.991861111111113,14.5,1.1
2025-10-17 12:47:08+00:00,33.738386504611924,-84.42345254150727,1307448046,97351,32.0,32.0,31.0,32.0,30.0,34.0,30.0,34.0,94.0,91.0,89.0,89.0,18.166666666666668,68.1,17.991861111111113,14.5,1.1
2025-10-17 12:47:09+00:00,33.73838659444243,-84.42345334998183,1307448046,97351,32.0,32.0,31.0,32.0,30.0,34.0,30.0,34.0,94.0,91.0,89.0,89.0,18.166666666666668,68.1,17.991861111111113,14.5,1.1
2025-10-17 12:47:10+00:00,33.73838675159974,-84.42345476439762,1307448046,97351,32.0,32.0,31.0,32.0,30.0,34.0,30.0,34.0,94.0,91.0,89.0,89.0,18.166666666666668,68.1,17.991861111111113,14.5,1.1
2025-10-17 12:47:11+00:00,33.73838707104553,-84.42345742627315,1307448046,97351,32.0,32.0,31.0,32.0,30.0,34.0,30.0,34.0,94.0,91.0,89.0,89.0,18.333333333333332,68.2,18.168166666666664,14.666666666666666,1.2
2025-10-17 12:47:12+00:00,33.738387579315166,-84.42346047589096,1307448046,97351,32.0,32.0,31.0,32.0,30.0,34.0,30.0,34.0,94.0,91.0,89.0,89.0,18.333333333333332,68.2,18.168166666666664,14.666666666666666,1.2
2025-10-17 12:47:13+00:00,33.738388,-84.423463,1307448046,97351,32.0,32.0,31.0,32.0,30.0,34.0,30.0,34.0,94.0,91.0,89.0,89.0,18.333333333333332,68.2,18.168166666666664,14.666666666666666,1.2
2025-10-17 12:47:14+00:00,33.73838811774332,-84.42346395579872,1307448046,97351,32.0,32.0,31.0,32.0,30.0,34.0,30.0,34.0,94.0,91.0,89.0,89.0,18.333333333333332,68.2,18.168166666666664,14.666666666666666,1.2
2025-10-17 12:47:15+00:00,33.73838832050558,-84.42346560175118,1307448046,97351,32.0,32.0,31.0,32.0,30.0,34.0,30.0,34.0,94.0,91.0,89.0,89.0,18.333333333333332,68.2,18.168166666666664,14.666666666666666,1.2
2025-10-17 12:47:16+00:00,33.73838832831422,-84.42346566513895,1307448046,97351,32.0,32.0,31.0,32.0,30.0,34.0,30.0,34.0,94.0,91.0,89.0,89.0,18.388888888888886,68.5,18.23041666666667,14.777777777777779,0.0
2025-10-17 12:47:17+00:00,33.73838829974232,-84.42346543320237,1307448046,97351,32.0,32.0,31.0,32.0,30.0,34.0,30.0,34.0,94.0,91.0,89.0,89.0,18.388888888888886,68.5,18.23041666666667,14.777777777777779,0.0
2025-10-17 12:47:18+00:00,33.738491278712374,-84.42336,1118729521,91004,32.0,32.0,31.0,32.0,30.0,34.0,30.0,34.0,94.0,91.0,89.0,89.0,18.388888888888886,68.5,18.23041666666667,14.777777777777779,0.0
2025-10-17 12:47:19+00:00,33.73850105772707,-84.42336,1118729521,91004,32.0,32.0,31.0,32.0,30.0,34.0,30.0,34.0,94.0,91.0,89.0,89.0,18.388888888888886,68.5,18.23041666666667,14.777777777777779,0.0
2025-10-17 12:47:21+00:00,33.73851883448678,-84.42336,1118729521,91004,32.0,32.0,31.0,32.0,30.0,34.0,30.0,34.0,94.0,91.0,89.0,89.0,18.5,68.5,18.34708333333333,14.88888888888889,0.0
2025-10-17 12:47:22+00:00,33.738528665644125,-84.42336,1118729521,91004,32.0,32.0,31.0,32.0,30.0,34.0,30.0,34.0,94.0,91.0,89.0,89.0,18.5,68.5,18.34708333333333,14.88888888888889,0.0
2025-10-17 12:47:23+00:00,33.73853867766653,-84.42336,1118729521,91004,29.0,29.0,29.0,29.0,34.0,37.0,33.0,37.0,87.0,87.0,98.0,96.0,18.5,68.5,18.34708333333333,14.88888888888889,0.0
2025-10-17 12:47:24+00:00,33.738548928522206,-84.42336,1118729521,91004,29.0,29.0,29.0,29.0,34.0,37.0,33.0,37.0,87.0,87.0,98.0,96.0,18.5,68.5,18.34708333333333,14.88888888888889,0.0
2025-10-17 12:47:25+00:00,33.738558472605355,-84.42336,1118729521,91004,29.0,29.0,29.0,29.0,34.0,37.0,33.0,37.0,87.0,87.0,98.0,96.0,18.5,68.5,18.34708333333333,14.88888888888889,0.0
2025-10-17 12:47:26+00:00,33.73856812371046,-84.42336,1118729521,91003,29.0,29.0,29.0,29.0,34.0,37.0,33.0,37.0,87.0,87.0,98.0,96.0,18.5,68.4,18.34577777777778,14.88888888888889,0.0
2025-10-17 12:47:27+00:00,33.738576,-84.42336,1118729521,91003,29.0,29.0,29.0,29.0,34.0,37.0,33.0,37.0,87.0,87.0,98.0,96.0,18.5,68.4,18.34577777777778,14.88888888888889,0.0
2025-10-17 12:47:28+00:00,33.738585629705256,-84.42335985409538,1118729521,91003,29.0,29.0,29.0,29.0,34.0,37.0,33.0,37.0,87.0,87.0,98.0,96.0,18.5,68.4,18.34577777777778,14.88888888888889,0.0
2025-10-17 12:47:29+00:00,33.73859522990065,-84.42335970863788,1118729521,91003,29.0,29.0,29.0,29.0,34.0,37.0,33.0,37.0,87.0,87.0,98.0,96.0,18.5,68.4,18.34577777777778,14.88888888888889,0.0
2025-10-17 12:47:30+00:00,33.73860481828939,-84.42335956335926,1118729521,91003,29.0,29.0,29.0,29.0,34.0,37.0,33.0,37.0,87.0,87.0,98.0,96.0,18.5,68.4,18.34577777777778,14.88888888888889,0.0
2025-10-17 12:47:31+00:00,33.73861423426282,-84.42335942069299,1118729521,91003,29.0,29.0,29.0,29.0,34.0,37.0,33.0,37.0,87.0,87.0,98.0,96.0,18.666666666666664,68.3,18.51947222222222,15.0,0.0
2025-10-17 12:47:32+00:00,33.73862410171136,-84.4233592711862,1118729521,91003,29.0,29.0,29.0,29.0,34.0,37.0,33.0,37.0,87.0,87.0,98.0,96.0,18.666666666666664,68.3,18.51947222222222,15.0,0.0
2025-10-17 12:47:33+00:00,33.73863448825436,-84.42335911381433,1118729521,91003,29.0,29.0,29.0,29.0,34.0,37.0,33.0,37.0,87.0,87.0,98.0,96.0,18.666666666666664,68.3,18.51947222222222,15.0,0.0
2025-10-17 12:47:34+00:00,33.73864624312509,-84.423359,1118729521,91003,29.0,29.0,29.0,29.0,34.0,37.0,33.0,37.0,87.0,87.0,98.0,96.0,18.666666666666664,68.3,18.51947222222222,15.0,0.0
2025-10-17 12:47:35+00:00,33.73865661110696,-84.423359,1118729521,91003,29.0,29.0,29.0,29.0,34.0,37.0,33.0,37.0,87.0,87.0,98.0,96.0,18.666666666666664,68.3,18.51947222222222,15.0,0.0
2025-10-17 12:47:36+00:00,33.7386684331933,-84.423359,1118729521,91003,29.0,29.0,29.0,29.0,34.0,37.0,33.0,37.0,87.0,87.0,98.0,96.0,18.77777777777778,68.1,18.633527777777772,15.0,0.0
2025-10-17 12:47:37+00:00,33.73868135614293,-84.423359,1118729521,91003,29.0,29.0,29.0,29.0,34.0,37.0,33.0,37.0,87.0,87.0,98.0,96.0,18.77777777777778,68.1,18.633527777777772,15.0,0.0
2025-10-17 12:47:38+00:00,33.73869346858745,-84.423359,1118729521,91003,26.0,26.0,26.0,26.0,33.0,33.0,32.0,33.0,81.0,81.0,96.0,94.0,18.77777777777778,68.1,18.633527777777772,15.0,0.0
2025-10-17 12:47:39+00:00,33.73870500807415,-84.423359,1118729521,91003,26.0,26.0,26.0,26.0,33.0,33.0,32.0,33.0,81.0,81.0,96.0,94.0,18.77777777777778,68.1,18.633527777777772,15.0,0.0
2025-10-17 12:47:40+00:00,33.73871635484972,-84.423359,1118729521,91003,26.0,26.0,26.0,26.0,33.0,33.0,32.0,33.0,81.0,81.0,96.0,94.0,18.77777777777778,68.1,18.633527777777772,15.0,0.0
2025-10-17 12:47:41+00:00,33.73872613372436,-84.42335885976338,1118729521,91003,26.0,26.0,26.0,26.0,33.0,33.0,32.0,33.0,81.0,81.0,96.0,94.0,18.72222222222222,68.0,18.57388888888889,15.0,0.8
2025-10-17 12:47:42+00:00,33.73873690167228,-84.4233586741091,1118729521,91003,26.0,26.0,26.0,26.0,33.0,33.0,32.0,33.0,81.0,81.0,96.0,94.0,18.72222222222222,68.0,18.57388888888889,15.0,0.8
2025-10-17 12:47:43+00:00,33.738747986760835,-84.42335848298688,1118729521,91003,26.0,26.0,26.0,26.0,33.0,33.0,32.0,33.0,81.0,81.0,96.0,94.0,18.72222222222222,68.0,18.57388888888889,15.0,0.8
2025-10-17 12:47:44+00:00,33.73875899982861,-84.4233582931064,1118729521,91003,26.0,26.0,26.0,26.0,33.0,33.0,32.0,33.0,81.0,81.0,96.0,94.0,18.72222222222222,68.0,18.57388888888889,15.0,0.8
2025-10-17 12:47:45+00:00,33.7387696233507,-84.42335810994223,1118729521,91003,26.0,26.0,26.0,26.0,33.0,33.0,32.0,33.0,81.0,81.0,96.0,94.0,18.72222222222222,68.0,18.57388888888889,15.0,0.8
2025-10-17 12:47:46+00:00,33.73878217875866,-84.423358,1118729521,91003,26.0,26.0,26.0,26.0,33.0,33.0,32.0,33.0,81.0,81.0,96.0,94.0,18.77777777777778,67.8,18.62961111111111,15.0,0.7
2025-10-17 12:47:47+00:00,33.73879336578535,-84.423358,1118729521,91002,26.0,26.0,26.0,26.0,33.0,33.0,32.0,33.0,81.0,81.0,96.0,94.0,18.77777777777778,67.8,18.62961111111111,15.0,0.7
2025-10-17 12:47:48+00:00,33.738804820332206,-84.423358,1118729521,91002,26.0,26.0,26.0,26.0,33.0,33.0,32.0,33.0,81.0,81.0,96.0,94.0,18.77777777777778,67.8,18.62961111111111,15.0,0.7
2025-10-17 12:47:49+00:00,33.738895,-84.42344117786762,561725292,42050,26.0,26.0,26.0,26.0,33.0,33.0,32.0,33.0,81.0,81.0,96.0,94.0,18.77777777777778,67.8,18.62961111111111,15.0,0.7
2025-10-17 12:47:50+00:00,33.738895,-84.42344120970931,561725292,42050,26.0,26.0,26.0,26.0,33.0,33.0,32.0,33.0,81.0,81.0,96.0,94.0,18.77777777777778,67.8,18.62961111111111,15.0,0.7
2025-10-17 12:47:51+00:00,33.738895,-84.4234424273037,561725292,42050,26.0,26.0,26.0,26.0,33.0,33.0,32.0,33.0,81.0,81.0,96.0,94.0,18.833333333333336,67.6,18.685333333333332,15.0,0.0
2025-10-17 12:47:52+00:00,33.738895,-84.42344453052364,561725292,42050,26.0,26.0,26.0,26.0,33.0,33.0,32.0,33.0,81.0,81.0,96.0,94.0,18.833333333333336,67.6,18.685333333333332,15.0,0.0
2025-10-17 12:47:53+00:00,33.738895,-84.42344607995376,561725292,42050,26.0,27.0,26.0,27.0,29.0,33.0,29.0,33.0,81.0,81.0,87.0,87.0,18.833333333333336,67.6,18.685333333333332,15.0,0.0
2025-10-17 12:47:54+00:00,33.738895,-84.42344690963863,561725292,42050,26.0,27.0,26.0,27.0,29.0,33.0,29.0,33.0,81.0,81.0,87.0,87.0,18.833333333333336,67.6,18.685333333333332,15.0,0.0
2025-10-17 12:47:55+00:00,33.738895,-84.42344781466846,561725292,42050,26.0,27.0,26.0,27.0,29.0,33.0,29.0,33.0,81.0,81.0,87.0,87.0,18.833333333333336,67.6,18.685333333333332,15.0,0.0
2025-10-17 12:47:56+00:00,33.738895,-84.42344859393145,561725292,42050,26.0,27.0,26.0,27.0,29.0,33.0,29.0,33.0,81.0,81.0,87.0,87.0,18.88888888888889,67.3,18.73975,15.0,0.7
2025-10-17 12:47:57+00:00,33.738895,-84.42344903463066,561725292,42050,26.0,27.0,26.0,27.0,29.0,33.0,29.0,33.0,81.0,81.0,87.0,87.0,18.88888888888889,67.3,18.73975,15.0,0.7
2025-10-17 12:47:58+00:00,33.738895,-84.42345094935634,561725292,42050,26.0,27.0,26.0,27.0,29.0,33.0,29.0,33.0,81.0,81.0,87.0,87.0,18.88888888888889,67.3,18.73975,15.0,0.7
2025-10-17 12:47:59+00:00,33.738895,-84.42345338941584,561725292,42050,26.0,27.0,26.0,27.0,29.0,33.0,29.0,33.0,81.0,81.0,87.0,87.0,18.88888888888889,67.3,18.73975,15.0,0.7
2025-10-17 12:48:00+00:00,33.738895,-84.42345468844037,561725292,42050,26.0,27.0,26.0,27.0,29.0,33.0,29.0,33.0,81.0,81.0,87.0,87.0,18.88888888888889,67.3,18.73975,15.0,0.7
2025-10-17 12:48:01+00:00,33.738895,-84.42345512992672,561725292,42050,26.0,27.0,26.0,27.0,29.0,33.0,29.0,33.0,81.0,81.0,87.0,87.0,18.88888888888889,67.2,18.73844444444444,15.0,0.8
2025-10-17 12:48:02+00:00,33.738895,-84.42345479304278,561725292,42050,26.0,27.0,26.0,27.0,29.0,33.0,29.0,33.0,81.0,81.0,87.0,87.0,18.88888888888889,67.2,18.73844444444444,15.0,0.8
2025-10-17 12:48:03+00:00,33.738895,-84.42345363804033,561725292,42050,26.0,27.0,26.0,27.0,29.0,33.0,29.0,33.0,81.0,81.0,87.0,87.0,18.88888888888889,67.2,18.73844444444444,15.0,0.8
2025-10-17 12:48:04+00:00,33.738895,-84.42345205346264,561725292,42050,26.0,27.0,26.0,27.0,29.0,33.0,29.0,33.0,81.0,81.0,87.0,87.0,18.88888888888889,67.2,18.73844444444444,15.0,0.8
2025-10-17 12:48:05+00:00,33.738895,-84.4234502562472,561725292,42050,26.0,27.0,26.0,27.0,29.0,33.0,29.0,33.0,81.0,81.0,87.0,87.0,18.88888888888889,67.2,18.73844444444444,15.0,0.8
2025-10-17 12:48:06+00:00,33.73899353578174,-84.42335688464217,1118729521,91001,26.0,27.0,26.0,27.0,29.0,33.0,29.0,33.0,81.0,81.0,87.0,87.0,19.0,67.0,18.852500000000003,15.11111111111111,0.8
2025-10-17 12:48:07+00:00,33.739004766765134,-84.42335677233234,1118729521,91001,26.0,27.0,26.0,27.0,29.0,33.0,29.0,33.0,81.0,81.0,87.0,87.0,19.0,67.0,18.852500000000003,15.11111111111111,0.8
2025-10-17 12:48:08+00:00,33.73901553170388,-84.42335666468296,1118729521,91001,27.0,28.0,27.0,28.0,31.0,33.0,31.0,33.0,83.0,83.0,91.0,91.0,19.0,67.0,18.852500000000003,15.11111111111111,0.8
2025-10-17 12:48:09+00:00,33.739025885763596,-84.42335656114236,1118729521,91001,27.0,28.0,27.0,28.0,31.0,33.0,31.0,33.0,83.0,83.0,91.0,91.0,19.0,67.0,18.852500000000003,15.11111111111111,0.8
2025-10-17 12:48:10+00:00,33.739036693325296,-84.42335645306675,1118729521,91001,27.0,28.0,27.0,28.0,31.0,33.0,31.0,33.0,83.0,83.0,91.0,91.0,19.0,67.0,18.852500000000003,15.11111111111111,0.8
2025-10-17 12:48:11+00:00,33.7390478508113,-84.42335634149188,1118729521,91001,27.0,28.0,27.0,28.0,31.0,33.0,31.0,33.0,83.0,83.0,91.0,91.0,19.0,67.0,18.852500000000003,15.11111111111111,0.7
2025-10-17 12:48:12+00:00,33.73905777951524,-84.42335624220485,1118729521,91001,27.0,28.0,27.0,28.0,31.0,33.0,31.0,33.0,83.0,83.0,91.0,91.0,19.0,67.0,18.852500000000003,15.11111111111111,0.7
2025-10-17 12:48:13+00:00,33.739067802650546,-84.42335614197349,1118729521,91001,27.0,28.0,27.0,28.0,31.0,33.0,31.0,33.0,83.0,83.0,91.0,91.0,19.0,67.0,18.852500000000003,15.11111111111111,0.7
2025-10-17 12:48:14+00:00,33.73907835940643,-84.42335603640593,1118729521,91001,27.0,28.0,27.0,28.0,31.0,33.0,31.0,33.0,83.0,83.0,91.0,91.0,19.0,67.0,18.852500000000003,15.11111111111111,0.7
2025-10-17 12:48:16+00:00,33.73909538624856,-84.423356,1118729521,91000,27.0,28.0,27.0,28.0,31.0,33.0,31.0,33.0,83.0,83.0,91.0,91.0,19.0,66.8,18.849888888888888,15.11111111111111,0.0
2025-10-17 12:48:18+00:00,33.739112,-84.423356,1118729521,91000,27.0,28.0,27.0,28.0,31.0,33.0,31.0,33.0,83.0,83.0,91.0,91.0,19.0,66.8,18.849888888888888,15.11111111111111,0.0
2025-10-17 12:48:19+00:00,33.739121607180174,-84.42335590806526,1118729521,91000,27.0,28.0,27.0,28.0,31.0,33.0,31.0,33.0,83.0,83.0,91.0,91.0,19.0,66.8,18.849888888888888,15.11111111111111,0.0
2025-10-17 12:48:20+00:00,33.739132775549955,-84.42335580119091,1118729521,91000,27.0,28.0,27.0,28.0,31.0,33.0,31.0,33.0,83.0,83.0,91.0,91.0,19.0,66.8,18.849888888888888,15.11111111111111,0.0
2025-10-17 12:48:21+00:00,33.73914431865798,-84.42335569073055,1118729521,91000,27.0,28.0,27.0,28.0,31.0,33.0,31.0,33.0,83.0,83.0,91.0,91.0,19.0,66.6,18.847277777777776,15.11111111111111,0.0
2025-10-17 12:48:22+00:00,33.739155035409446,-84.4233555881779,1118729521,91000,27.0,28.0,27.0,28.0,31.0,33.0,31.0,33.0,83.0,83.0,91.0,91.0,19.0,66.6,18.847277777777776,15.11111111111111,0.0
2025-10-17 12:48:23+00:00,33.73916608355862,-84.42335548245399,1118729521,91000,26.0,26.0,26.0,26.0,28.0,30.0,28.0,30.0,81.0,81.0,85.0,85.0,19.0,66.6,18.847277777777776,15.11111111111111,0.0
2025-10-17 12:48:24+00:00,33.73917970779983,-84.42335535207847,1118729521,91000,26.0,26.0,26.0,26.0,28.0,30.0,28.0,30.0,81.0,81.0,85.0,85.0,19.0,66.6,18.847277777777776,15.11111111111111,0.0
2025-10-17 12:48:25+00:00,33.73919296829491,-84.42335522518378,1118729521,91000,26.0,26.0,26.0,26.0,28.0,30.0,28.0,30.0,81.0,81.0,85.0,85.0,19.0,66.6,18.847277777777776,15.11111111111111,0.0
2025-10-17 12:48:26+00:00,33.739205282456275,-84.42335510734492,1118729521,91000,26.0,26.0,26.0,26.0,28.0,30.0,28.0,30.0,81.0,81.0,85.0,85.0,19.0,66.5,18.845972222222226,15.0,0.0
2025-10-17 12:48:27+00:00,33.7392171251253,-84.42335499401794,1118729521,91000,26.0,26.0,26.0,26.0,28.0,30.0,28.0,30.0,81.0,81.0,85.0,85.0,19.0,66.5,18.845972222222226,15.0,0.0
2025-10-17 12:48:28+00:00,33.73922914079885,-84.42335487903541,1118729521,91000,26.0,26.0,26.0,26.0,28.0,30.0,28.0,30.0,81.0,81.0,85.0,85.0,19.0,66.5,18.845972222222226,15.0,0.0
2025-10-17 12:48:29+00:00,33.739240400512365,-84.42335477128697,1118729521,91000,26.0,26.0,26.0,26.0,28.0,30.0,28.0,30.0,81.0,81.0,85.0,85.0,19.0,66.5,18.845972222222226,15.0,0.0
2025-10-17 12:48:30+00:00,33.73925014202955,-84.4233546780667,1118729521,91000,26.0,26.0,26.0,26.0,28.0,30.0,28.0,30.0,81.0,81.0,85.0,85.0,19.0,66.5,18.845972222222226,15.0,0.0
2025-10-17 12:48:31+00:00,33.73925965428635,-84.42335458704032,1118729521,91000,26.0,26.0,26.0,26.0,28.0,30.0,28.0,30.0,81.0,81.0,85.0,85.0,18.944444444444443,66.6,18.788944444444443,15.0,0.7
2025-10-17 12:48:32+00:00,33.73927134363842,-84.4233544751805,1118729521,91000,26.0,26.0,26.0,26.0,28.0,30.0,28.0,30.0,81.0,81.0,85.0,85.0,18.944444444444443,66.6,18.788944444444443,15.0,0.7
2025-10-17 12:48:33+00:00,33.7392828748003,-84.42335436483445,1118729521,91000,26.0,26.0,26.0,26.0,28.0,30.0,28.0,30.0,81.0,81.0,85.0,85.0,18.944444444444443,66.6,18.788944444444443,15.0,0.7
2025-10-17 12:48:34+00:00,33.73929525709995,-84.42335424634355,1118729521,91000,26.0,26.0,26.0,26.0,28.0,30.0,28.0,30.0,81.0,81.0,85.0,85.0,18.944444444444443,66.6,18.788944444444443,15.0,0.7
2025-10-17 12:48:35+00:00,33.73930858047865,-84.4233541188471,1118729521,91000,26.0,26.0,26.0,26.0,28.0,30.0,28.0,30.0,81.0,81.0,85.0,85.0,18.944444444444443,66.6,18.788944444444443,15.0,0.7
2025-10-17 12:48:36+00:00,33.73932136197665,-84.42335399820804,1118729521,91000,26.0,26.0,26.0,26.0,28.0,30.0,28.0,30.0,81.0,81.0,85.0,85.0,18.833333333333336,66.6,18.67227777777778,14.88888888888889,0.0
2025-10-17 12:48:37+00:00,33.73933227547679,-84.42335394418082,1118729521,91000,26.0,26.0,26.0,26.0,28.0,30.0,28.0,30.0,81.0,81.0,85.0,85.0,18.833333333333336,66.6,18.67227777777778,14.88888888888889,0.0
2025-10-17 12:48:38+00:00,33.739342870239525,-84.4233538917315,1118729521,91000,24.0,24.0,24.0,24.0,23.0,26.0,23.0,26.0,77.0,77.0,74.0,74.0,18.833333333333336,66.6,18.67227777777778,14.88888888888889,0.0
2025-10-17 12:48:39+00:00,33.73935228209849,-84.42335384513812,1118729521,91000,24.0,24.0,24.0,24.0,23.0,26.0,23.0,26.0,77.0,77.0,74.0,74.0,18.833333333333336,66.6,18.67227777777778,14.88888888888889,0.0
2025-10-17 12:48:40+00:00,33.73936114147863,-84.42335380127982,1118729521,91000,24.0,24.0,24.0,24.0,23.0,26.0,23.0,26.0,77.0,77.0,74.0,74.0,18.833333333333336,66.6,18.67227777777778,14.88888888888889,0.0
2025-10-17 12:48:42+00:00,33.73938046504048,-84.42335370561861,1118729521,91000,24.0,24.0,24.0,24.0,23.0,26.0,23.0,26.0,77.0,77.0,74.0,74.0,18.72222222222222,66.5,18.55430555555556,14.777777777777779,0.0
2025-10-17 12:48:43+00:00,33.73939012389705,-84.4233536578025,1118729521,91000,24.0,24.0,24.0,24.0,23.0,26.0,23.0,26.0,77.0,77.0,74.0,74.0,18.72222222222222,66.5,18.55430555555556,14.777777777777779,0.0
2025-10-17 12:48:45+00:00,33.73940299182183,-84.4233535940999,1118729521,91000,24.0,24.0,24.0,24.0,23.0,26.0,23.0,26.0,77.0,77.0,74.0,74.0,18.72222222222222,66.5,18.55430555555556,14.777777777777779,0.0
2025-10-17 12:48:47+00:00,33.739417125495116,-84.42335352413122,1118729521,91000,24.0,24.0,24.0,24.0,23.0,26.0,23.0,26.0,77.0,77.0,74.0,74.0,18.444444444444443,66.3,18.260027777777783,14.61111111111111,0.8
2025-10-17 12:48:49+00:00,33.739432333977724,-84.4233534488417,1118729521,91000,24.0,24.0,24.0,24.0,23.0,26.0,23.0,26.0,77.0,77.0,74.0,74.0,18.444444444444443,66.3,18.260027777777783,14.61111111111111,0.8
2025-10-17 12:48:51+00:00,33.73944741559847,-84.42335337418021,1118729521,91000,24.0,24.0,24.0,24.0,23.0,26.0,23.0,26.0,77.0,77.0,74.0,74.0,18.5,66.2,18.31705555555555,14.61111111111111,0.0
2025-10-17 12:48:52+00:00,33.73945668640392,-84.42335332828513,1118729521,91000,24.0,24.0,24.0,24.0,23.0,26.0,23.0,26.0,77.0,77.0,74.0,74.0,18.5,66.2,18.31705555555555,14.61111111111111,0.0
2025-10-17 12:48:53+00:00,33.73946736289709,-84.42335327543121,1118729521,91000,23.0,24.0,23.0,24.0,25.0,26.0,25.0,26.0,74.0,74.0,79.0,79.0,18.5,66.2,18.31705555555555,14.61111111111111,0.0
2025-10-17 12:48:54+00:00,33.739478761831705,-84.42335321900084,1118729521,91000,23.0,24.0,23.0,24.0,25.0,26.0,25.0,26.0,74.0,74.0,79.0,79.0,18.5,66.2,18.31705555555555,14.61111111111111,0.0
2025-10-17 12:48:55+00:00,33.73948998663451,-84.42335316343251,1118729521,91000,23.0,24.0,23.0,24.0,25.0,26.0,25.0,26.0,74.0,74.0,79.0,79.0,18.5,66.2,18.31705555555555,14.61111111111111,0.0
2025-10-17 12:48:56+00:00,33.73950013851552,-84.42335311317566,1118729521,91000,23.0,24.0,23.0,24.0,25.0,26.0,25.0,26.0,74.0,74.0,79.0,79.0,18.444444444444443,66.1,18.257416666666664,14.5,0.7
2025-10-17 12:48:57+00:00,33.73951127867188,-84.42335305802638,1118729521,91000,23.0,24.0,23.0,24.0,25.0,26.0,25.0,26.0,74.0,74.0,79.0,79.0,18.444444444444443,66.1,18.257416666666664,14.5,0.7
2025-10-17 12:48:58+00:00,33.73952363083864,-84.423353,1118729521,91000,23.0,24.0,23.0,24.0,25.0,26.0,25.0,26.0,74.0,74.0,79.0,79.0,18.444444444444443,66.1,18.257416666666664,14.5,0.7
2025-10-17 12:48:59+00:00,33.73953614265372,-84.423353,1118729521,91000,23.0,24.0,23.0,24.0,25.0,26.0,25.0,26.0,74.0,74.0,79.0,79.0,18.444444444444443,66.1,18.257416666666664,14.5,0.7
2025-10-17 12:49:00+00:00,33.73954815142635,-84.42335292310295,1118729521,90999,23.0,24.0,23.0,24.0,25.0,26.0,25.0,26.0,74.0,74.0,79.0,79.0,18.444444444444443,66.1,18.257416666666664,14.5,0.7
2025-10-17 12:49:01+00:00,33.739561755874085,-84.42335277681856,1118729521,90999,23.0,24.0,23.0,24.0,25.0,26.0,25.0,26.0,74.0,74.0,79.0,79.0,18.22222222222222,66.1,18.024083333333333,14.277777777777779,0.0
2025-10-17 12:49:02+00:00,33.739574374239524,-84.42335264113721,1118729521,90999,23.0,24.0,23.0,24.0,25.0,26.0,25.0,26.0,74.0,74.0,79.0,79.0,18.22222222222222,66.1,18.024083333333333,14.277777777777779,0.0
2025-10-17 12:49:03+00:00,33.73958603648212,-84.42335251573675,1118729521,90999,23.0,24.0,23.0,24.0,25.0,26.0,25.0,26.0,74.0,74.0,79.0,79.0,18.22222222222222,66.1,18.024083333333333,14.277777777777779,0.0
2025-10-17 12:49:04+00:00,33.73959708820243,-84.42335239690105,1118729521,90999,23.0,24.0,23.0,24.0,25.0,26.0,25.0,26.0,74.0,74.0,79.0,79.0,18.22222222222222,66.1,18.024083333333333,14.277777777777779,0.0
2025-10-17 12:49:05+00:00,33.739607906447105,-84.42335228057584,1118729521,90999,23.0,24.0,23.0,24.0,25.0,26.0,25.0,26.0,74.0,74.0,79.0,79.0,18.22222222222222,66.1,18.024083333333333,14.277777777777779,0.0
2025-10-17 12:49:06+00:00,33.739619099213904,-84.4233521602235,1118729521,90999,23.0,24.0,23.0,24.0,25.0,26.0,25.0,26.0,74.0,74.0,79.0,79.0,18.166666666666668,66.0,17.964444444444446,14.277777777777779,0.0
2025-10-17 12:49:07+00:00,33.73963069806445,-84.42335203550468,1118729521,90999,23.0,24.0,23.0,24.0,25.0,26.0,25.0,26.0,74.0,74.0,79.0,79.0,18.166666666666668,66.0,17.964444444444446,14.277777777777779,0.0
2025-10-17 12:49:08+00:00,33.73964188951117,-84.42335191516655,1118729521,90999,26.0,26.0,26.0,26.0,26.0,27.0,26.0,27.0,81.0,81.0,81.0,81.0,18.166666666666668,66.0,17.964444444444446,14.277777777777779,0.0
2025-10-17 12:49:09+00:00,33.739652363092205,-84.4233518025474,1118729521,90999,26.0,26.0,26.0,26.0,26.0,27.0,26.0,27.0,81.0,81.0,81.0,81.0,18.166666666666668,66.0,17.964444444444446,14.277777777777779,0.0
2025-10-17 12:49:10+00:00,33.739661701862154,-84.42335170213052,1118729521,90999,26.0,26.0,26.0,26.0,26.0,27.0,26.0,27.0,81.0,81.0,81.0,81.0,18.166666666666668,66.0,17.964444444444446,14.277777777777779,0.0
2025-10-17 12:49:12+00:00,33.73967814645018,-84.42335152530698,1118729521,90999,26.0,26.0,26.0,26.0,26.0,27.0,26.0,27.0,81.0,81.0,81.0,81.0,18.111111111111107,66.1,17.90741666666666,14.166666666666666,0.0
2025-10-17 12:49:14+00:00,33.739693435161136,-84.42335136091225,1118729521,90999,26.0,26.0,26.0,26.0,26.0,27.0,26.0,27.0,81.0,81.0,81.0,81.0,18.111111111111107,66.1,17.90741666666666,14.166666666666666,0.0
2025-10-17 12:49:16+00:00,33.73970990055481,-84.423351183865,1118729521,90999,26.0,26.0,26.0,26.0,26.0,27.0,26.0,27.0,81.0,81.0,81.0,81.0,18.111111111111107,66.4,17.91133333333333,14.166666666666666,0.0
2025-10-17 12:49:18+00:00,33.7397272727025,-84.42335099866975,1118729521,90999,26.0,26.0,26.0,26.0,26.0,27.0,26.0,27.0,81.0,81.0,81.0,81.0,18.111111111111107,66.4,17.91133333333333,14.166666666666666,0.0
2025-10-17 12:49:20+00:00,33.739745413680446,-84.42335091017716,1118729521,90999,26.0,26.0,26.0,26.0,26.0,27.0,26.0,27.0,81.0,81.0,81.0,81.0,18.111111111111107,66.4,17.91133333333333,14.166666666666666,0.0
2025-10-17 12:49:21+00:00,33.739756267385104,-84.42335085723226,1118729521,90999,26.0,26.0,26.0,26.0,26.0,27.0,26.0,27.0,81.0,81.0,81.0,81.0,18.111111111111107,66.7,17.915249999999993,14.166666666666666,0.7
2025-10-17 12:49:22+00:00,33.739767180119934,-84.42335080399941,1118729521,90999,26.0,26.0,26.0,26.0,26.0,27.0,26.0,27.0,81.0,81.0,81.0,81.0,18.111111111111107,66.7,17.915249999999993,14.166666666666666,0.7
2025-10-17 12:49:23+00:00,33.73977904504713,-84.42335074612171,1118729521,90999,25.0,25.0,25.0,25.0,27.0,30.0,27.0,30.0,79.0,79.0,83.0,83.0,18.111111111111107,66.7,17.915249999999993,14.166666666666666,0.7
2025-10-17 12:49:24+00:00,33.73979078710324,-84.4233506888434,1118729521,90999,25.0,25.0,25.0,25.0,27.0,30.0,27.0,30.0,79.0,79.0,83.0,83.0,18.111111111111107,66.7,17.915249999999993,14.166666666666666,0.7
2025-10-17 12:49:25+00:00,33.73980256477116,-84.42335063139136,1118729521,90999,25.0,25.0,25.0,25.0,27.0,30.0,27.0,30.0,79.0,79.0,83.0,83.0,18.111111111111107,66.7,17.915249999999993,14.166666666666666,0.7
2025-10-17 12:49:26+00:00,33.73981477958928,-84.42335057180688,1118729521,90999,25.0,25.0,25.0,25.0,27.0,30.0,27.0,30.0,79.0,79.0,83.0,83.0,18.055555555555557,67.1,17.862138888888886,14.166666666666666,0.0
2025-10-17 12:49:27+00:00,33.73982747111027,-84.42335050989702,1118729521,90999,25.0,25.0,25.0,25.0,27.0,30.0,27.0,30.0,79.0,79.0,83.0,83.0,18.055555555555557,67.1,17.862138888888886,14.166666666666666,0.0
2025-10-17 12:49:28+00:00,33.7398404230843,-84.42335044671665,1118729521,90999,25.0,25.0,25.0,25.0,27.0,30.0,27.0,30.0,79.0,79.0,83.0,83.0,18.055555555555557,67.1,17.862138888888886,14.166666666666666,0.0
2025-10-17 12:49:29+00:00,33.73985275405109,-84.4233503865656,1118729521,90999,25.0,25.0,25.0,25.0,27.0,30.0,27.0,30.0,79.0,79.0,83.0,83.0,18.055555555555557,67.1,17.862138888888886,14.166666666666666,0.0
2025-10-17 12:49:30+00:00,33.73986364628921,-84.42335033343274,1118729521,90999,25.0,25.0,25.0,25.0,27.0,30.0,27.0,30.0,79.0,79.0,83.0,83.0,18.055555555555557,67.1,17.862138888888886,14.166666666666666,0.0
2025-10-17 12:49:31+00:00,33.739874610809515,-84.42335027994727,1118729521,90999,25.0,25.0,25.0,25.0,27.0,30.0,27.0,30.0,79.0,79.0,83.0,83.0,17.88888888888889,67.3,17.689749999999997,14.11111111111111,0.9
2025-10-17 12:49:32+00:00,33.73988577104986,-84.42335022550708,1118729521,90999,25.0,25.0,25.0,25.0,27.0,30.0,27.0,30.0,79.0,79.0,83.0,83.0,17.88888888888889,67.3,17.689749999999997,14.11111111111111,0.9
2025-10-17 12:49:33+00:00,33.73989683058873,-84.4233501715581,1118729521,90999,25.0,25.0,25.0,25.0,27.0,30.0,27.0,30.0,79.0,79.0,83.0,83.0,17.88888888888889,67.3,17.689749999999997,14.11111111111111,0.9
2025-10-17 12:49:34+00:00,33.73990707987042,-84.42335012156161,1118729521,90999,25.0,25.0,25.0,25.0,27.0,30.0,27.0,30.0,79.0,79.0,83.0,83.0,17.88888888888889,67.3,17.689749999999997,14.11111111111111,0.9
2025-10-17 12:49:35+00:00,33.73991913428002,-84.42335006275961,1118729521,90999,25.0,25.0,25.0,25.0,27.0,30.0,27.0,30.0,79.0,79.0,83.0,83.0,17.88888888888889,67.3,17.689749999999997,14.11111111111111,0.9
2025-10-17 12:49:36+00:00,33.739932,-84.42335,1118729521,90999,25.0,25.0,25.0,25.0,27.0,30.0,27.0,30.0,79.0,79.0,83.0,83.0,17.88888888888889,67.5,17.69236111111111,14.11111111111111,0.7
2025-10-17 12:49:37+00:00,33.739943667149475,-84.42334988390895,1118729521,90999,25.0,25.0,25.0,25.0,27.0,30.0,27.0,30.0,79.0,79.0,83.0,83.0,17.88888888888889,67.5,17.69236111111111,14.11111111111111,0.7
2025-10-17 12:49:38+00:00,33.73995491254662,-84.42334977201446,1118729521,90999,24.0,25.0,24.0,25.0,28.0,30.0,28.0,30.0,77.0,77.0,85.0,85.0,17.88888888888889,67.5,17.69236111111111,14.11111111111111,0.7
2025-10-17 12:49:39+00:00,33.7399656422276,-84.42334966525146,1118729521,90999,24.0,25.0,24.0,25.0,28.0,30.0,28.0,30.0,77.0,77.0,85.0,85.0,17.88888888888889,67.5,17.69236111111111,14.11111111111111,0.7
2025-10-17 12:49:40+00:00,33.73997624363214,-84.42334955976486,1118729521,90999,24.0,25.0,24.0,25.0,28.0,30.0,28.0,30.0,77.0,77.0,85.0,85.0,17.88888888888889,67.5,17.69236111111111,14.11111111111111,0.7
2025-10-17 12:49:41+00:00,33.739986248608005,-84.42334946021286,1118729521,90999,24.0,25.0,24.0,25.0,28.0,30.0,28.0,30.0,77.0,77.0,85.0,85.0,17.83333333333333,67.6,17.635333333333328,14.11111111111111,0.0
2025-10-17 12:49:42+00:00,33.73999603027669,-84.42334936288282,1118729521,90999,24.0,25.0,24.0,25.0,28.0,30.0,28.0,30.0,77.0,77.0,85.0,85.0,17.83333333333333,67.6,17.635333333333328,14.11111111111111,0.0
2025-10-17 12:49:43+00:00,33.740005729066304,-84.42334926637746,1118729521,90999,24.0,25.0,24.0,25.0,28.0,30.0,28.0,30.0,77.0,77.0,85.0,85.0,17.83333333333333,67.6,17.635333333333328,14.11111111111111,0.0
2025-10-17 12:49:44+00:00,33.740015272884754,-84.42334917141409,1118729521,90999,24.0,25.0,24.0,25.0,28.0,30.0,28.0,30.0,77.0,77.0,85.0,85.0,17.83333333333333,67.6,17.635333333333328,14.11111111111111,0.0
2025-10-17 12:49:45+00:00,33.74002493736887,-84.42334907525006,1118729521,90999,24.0,25.0,24.0,25.0,28.0,30.0,28.0,30.0,77.0,77.0,85.0,85.0,17.83333333333333,67.6,17.635333333333328,14.11111111111111,0.0
2025-10-17 12:49:46+00:00,33.74003447646285,-84.4233489803337,1118729521,90999,24.0,25.0,24.0,25.0,28.0,30.0,28.0,30.0,77.0,77.0,85.0,85.0,17.83333333333333,67.8,17.637944444444443,14.11111111111111,0.8
2025-10-17 12:49:47+00:00,33.740044946429904,-84.42334887615493,1118729521,90999,24.0,25.0,24.0,25.0,28.0,30.0,28.0,30.0,77.0,77.0,85.0,85.0,17.83333333333333,67.8,17.637944444444443,14.11111111111111,0.8
2025-10-17 12:49:48+00:00,33.74005595658056,-84.4233487666012,1118729521,90999,24.0,25.0,24.0,25.0,28.0,30.0,28.0,30.0,77.0,77.0,85.0,85.0,17.83333333333333,67.8,17.637944444444443,14.11111111111111,0.8
2025-10-17 12:49:49+00:00,33.740067374379755,-84.42334865299125,1118729521,90999,24.0,25.0,24.0,25.0,28.0,30.0,28.0,30.0,77.0,77.0,85.0,85.0,17.83333333333333,67.8,17.637944444444443,14.11111111111111,0.8
2025-10-17 12:49:50+00:00,33.74007888326861,-84.42334853847494,1118729521,90999,24.0,25.0,24.0,25.0,28.0,30.0,28.0,30.0,77.0,77.0,85.0,85.0,17.83333333333333,67.8,17.637944444444443,14.11111111111111,0.8
2025-10-17 12:49:51+00:00,33.740089692057694,-84.4233484309248,1118729521,90999,24.0,25.0,24.0,25.0,28.0,30.0,28.0,30.0,77.0,77.0,85.0,85.0,17.77777777777778,67.9,17.580916666666667,14.11111111111111,0.7
2025-10-17 12:49:52+00:00,33.740100586503814,-84.42334832252236,1118729521,90999,24.0,25.0,24.0,25.0,28.0,30.0,28.0,30.0,77.0,77.0,85.0,85.0,17.77777777777778,67.9,17.580916666666667,14.11111111111111,0.7
2025-10-17 12:49:53+00:00,33.74011138203916,-84.42334821510408,1118729521,90999,23.0,25.0,23.0,25.0,28.0,28.0,28.0,28.0,74.0,74.0,85.0,85.0,17.77777777777778,67.9,17.580916666666667,14.11111111111111,0.7
2025-10-17 12:49:54+00:00,33.74012271702358,-84.42334810231817,1118729521,90999,23.0,25.0,23.0,25.0,28.0,28.0,28.0,28.0,74.0,74.0,85.0,85.0,17.77777777777778,67.9,17.580916666666667,14.11111111111111,0.7
2025-10-17 12:49:55+00:00,33.74013271519579,-84.42334800283388,1118729521,90999,23.0,25.0,23.0,25.0,28.0,28.0,28.0,28.0,74.0,74.0,85.0,85.0,17.77777777777778,67.9,17.580916666666667,14.11111111111111,0.7
2025-10-17 12:49:56+00:00,33.74014268361924,-84.4233479513386,1118729521,90999,23.0,25.0,23.0,25.0,28.0,28.0,28.0,28.0,74.0,74.0,85.0,85.0,17.83333333333333,68.1,17.64186111111111,14.166666666666666,0.7
2025-10-17 12:49:57+00:00,33.740153263841805,-84.42334789817166,1118729521,90999,23.0,25.0,23.0,25.0,28.0,28.0,28.0,28.0,74.0,74.0,85.0,85.0,17.83333333333333,68.1,17.64186111111111,14.166666666666666,0.7
2025-10-17 12:49:58+00:00,33.74016304680557,-84.42334784901104,1118729521,90999,23.0,25.0,23.0,25.0,28.0,28.0,28.0,28.0,74.0,74.0,85.0,85.0,17.83333333333333,68.1,17.64186111111111,14.166666666666666,0.7
2025-10-17 12:50:00+00:00,33.74017907949167,-84.42334776844477,1118729521,90999,23.0,25.0,23.0,25.0,28.0,28.0,28.0,28.0,74.0,74.0,85.0,85.0,17.83333333333333,68.1,17.64186111111111,14.166666666666666,0.7
2025-10-17 12:50:02+00:00,33.74019439674924,-84.42334769147362,1118729521,90999,23.0,25.0,23.0,25.0,28.0,28.0,28.0,28.0,74.0,74.0,85.0,85.0,17.72222222222222,68.2,17.5265,14.11111111111111,0.7
2025-10-17 12:50:04+00:00,33.74021179732014,-84.42334760403357,1118729521,90999,23.0,25.0,23.0,25.0,28.0,28.0,28.0,28.0,74.0,74.0,85.0,85.0,17.72222222222222,68.2,17.5265,14.11111111111111,0.7
2025-10-17 12:50:05+00:00,33.74022095163678,-84.42334755803198,1118729521,90999,23.0,25.0,23.0,25.0,28.0,28.0,28.0,28.0,74.0,74.0,85.0,85.0,17.72222222222222,68.2,17.5265,14.11111111111111,0.7
2025-10-17 12:50:06+00:00,33.740230978682895,-84.42334750764482,1118729521,90999,23.0,25.0,23.0,25.0,28.0,28.0,28.0,28.0,74.0,74.0,85.0,85.0,17.666666666666668,68.4,17.470777777777773,14.000000000000002,0.0
2025-10-17 12:50:07+00:00,33.740241864524926,-84.4233474529421,1118729521,90999,23.0,25.0,23.0,25.0,28.0,28.0,28.0,28.0,74.0,74.0,85.0,85.0,17.666666666666668,68.4,17.470777777777773,14.000000000000002,0.0
2025-10-17 12:50:08+00:00,33.74025399847738,-84.42334739196745,1118729521,90999,23.0,24.0,23.0,24.0,27.0,27.0,27.0,27.0,74.0,74.0,83.0,83.0,17.666666666666668,68.4,17.470777777777773,14.000000000000002,0.0
2025-10-17 12:50:09+00:00,33.74026689064157,-84.42334732718271,1118729521,90999,23.0,24.0,23.0,24.0,27.0,27.0,27.0,27.0,74.0,74.0,83.0,83.0,17.666666666666668,68.4,17.470777777777773,14.000000000000002,0.0
2025-10-17 12:50:10+00:00,33.74028048081334,-84.42334725889039,1118729521,90999,23.0,24.0,23.0,24.0,27.0,27.0,27.0,27.0,74.0,74.0,83.0,83.0,17.666666666666668,68.4,17.470777777777773,14.000000000000002,0.0
2025-10-17 12:50:11+00:00,33.74029378703065,-84.42334719202498,1118729521,90999,23.0,24.0,23.0,24.0,27.0,27.0,27.0,27.0,74.0,74.0,83.0,83.0,17.61111111111111,68.6,17.415055555555558,14.000000000000002,0.8
2025-10-17 12:50:12+00:00,33.74030690221423,-84.42334712611954,1118729521,90999,23.0,24.0,23.0,24.0,27.0,27.0,27.0,27.0,74.0,74.0,83.0,83.0,17.61111111111111,68.6,17.415055555555558,14.000000000000002,0.8
2025-10-17 12:50:13+00:00,33.7403199679391,-84.42334706046262,1118729521,90999,23.0,24.0,23.0,24.0,27.0,27.0,27.0,27.0,74.0,74.0,83.0,83.0,17.61111111111111,68.6,17.415055555555558,14.000000000000002,0.8
2025-10-17 12:50:14+00:00,33.740332186646064,-84.42334699826377,1118729521,90999,23.0,24.0,23.0,24.0,27.0,27.0,27.0,27.0,74.0,74.0,83.0,83.0,17.61111111111111,68.6,17.415055555555558,14.000000000000002,0.8
2025-10-17 12:50:15+00:00,33.74034417943615,-84.42334688670293,1118729521,90999,23.0,24.0,23.0,24.0,27.0,27.0,27.0,27.0,74.0,74.0,83.0,83.0,17.61111111111111,68.6,17.415055555555558,14.000000000000002,0.8
2025-10-17 12:50:16+00:00,33.74035568142043,-84.42334677970773,1118729521,90999,23.0,24.0,23.0,24.0,27.0,27.0,27.0,27.0,74.0,74.0,83.0,83.0,17.61111111111111,68.9,17.418972222222223,14.000000000000002,0.8
2025-10-17 12:50:17+00:00,33.740366921667466,-84.42334667514729,1118729521,90999,23.0,24.0,23.0,24.0,27.0,27.0,27.0,27.0,74.0,74.0,83.0,83.0,17.61111111111111,68.9,17.418972222222223,14.000000000000002,0.8
2025-10-17 12:50:18+00:00,33.74037758827378,-84.42334657592303,1118729521,90999,23.0,24.0,23.0,24.0,27.0,27.0,27.0,27.0,74.0,74.0,83.0,83.0,17.61111111111111,68.9,17.418972222222223,14.000000000000002,0.8
2025-10-17 12:50:19+00:00,33.74038817190407,-84.42334647747066,1118729521,90999,23.0,24.0,23.0,24.0,27.0,27.0,27.0,27.0,74.0,74.0,83.0,83.0,17.61111111111111,68.9,17.418972222222223,14.000000000000002,0.8
2025-10-17 12:50:20+00:00,33.74039727023197,-84.42334639283506,1118729521,90999,23.0,24.0,23.0,24.0,27.0,27.0,27.0,27.0,74.0,74.0,83.0,83.0,17.61111111111111,68.9,17.418972222222223,14.000000000000002,0.8
2025-10-17 12:50:22+00:00,33.740411794083826,-84.42334625772946,1118729521,90999,23.0,24.0,23.0,24.0,27.0,27.0,27.0,27.0,74.0,74.0,83.0,83.0,17.5,69.0,17.303611111111113,14.000000000000002,0.0
2025-10-17 12:50:24+00:00,33.74042799430216,-84.42334610702974,1118729521,90999,23.0,23.0,23.0,23.0,24.0,24.0,24.0,24.0,74.0,74.0,77.0,77.0,17.5,69.0,17.303611111111113,14.000000000000002,0.0
2025-10-17 12:50:25+00:00,33.74043659430062,-84.42334602702977,1118729521,90999,23.0,23.0,23.0,23.0,24.0,24.0,24.0,24.0,74.0,74.0,77.0,77.0,17.5,69.0,17.303611111111113,14.000000000000002,0.0
2025-10-17 12:50:26+00:00,33.74044527528655,-84.42334594627641,1118729521,90999,23.0,23.0,23.0,23.0,24.0,24.0,24.0,24.0,74.0,74.0,77.0,77.0,17.5,69.1,17.304916666666664,14.000000000000002,0.7
2025-10-17 12:50:27+00:00,33.74045478670319,-84.42334585779811,1118729521,90999,23.0,23.0,23.0,23.0,24.0,24.0,24.0,24.0,74.0,74.0,77.0,77.0,17.5,69.1,17.304916666666664,14.000000000000002,0.7
2025-10-17 12:50:28+00:00,33.7404659598569,-84.4233457538618,1118729521,90999,23.0,23.0,23.0,23.0,24.0,24.0,24.0,24.0,74.0,74.0,77.0,77.0,17.5,69.1,17.304916666666664,14.000000000000002,0.7
2025-10-17 12:50:29+00:00,33.740479102407576,-84.42334563160551,1118729521,90999,23.0,23.0,23.0,23.0,24.0,24.0,24.0,24.0,74.0,74.0,77.0,77.0,17.5,69.1,17.304916666666664,14.000000000000002,0.7
2025-10-17 12:50:30+00:00,33.74049263780614,-84.42334550569483,1118729521,90999,23.0,23.0,23.0,23.0,24.0,24.0,24.0,24.0,74.0,74.0,77.0,77.0,17.5,69.1,17.304916666666664,14.000000000000002,0.7
2025-10-17 12:50:31+00:00,33.740502556920184,-84.423345413424,1118729521,90999,23.0,23.0,23.0,23.0,24.0,24.0,24.0,24.0,74.0,74.0,77.0,77.0,17.444444444444443,69.2,17.247888888888887,14.000000000000002,0.7
2025-10-17 12:50:33+00:00,33.74051984711095,-84.42334525258501,1118729521,90999,23.0,23.0,23.0,23.0,24.0,24.0,24.0,24.0,74.0,74.0,77.0,77.0,17.444444444444443,69.2,17.247888888888887,14.000000000000002,0.7
2025-10-17 12:50:34+00:00,33.74052875345527,-84.4233451697353,1118729521,90999,23.0,23.0,23.0,23.0,24.0,24.0,24.0,24.0,74.0,74.0,77.0,77.0,17.444444444444443,69.2,17.247888888888887,14.000000000000002,0.7
2025-10-17 12:50:36+00:00,33.74054660520985,-84.42334500367247,1118729521,90999,23.0,23.0,23.0,23.0,24.0,24.0,24.0,24.0,74.0,74.0,77.0,77.0,17.38888888888889,69.3,17.190861111111115,14.000000000000002,0.7
2025-10-17 12:50:37+00:00,33.740557526087656,-84.42334493074942,1118729521,90999,23.0,23.0,23.0,23.0,24.0,24.0,24.0,24.0,74.0,74.0,77.0,77.0,17.38888888888889,69.3,17.190861111111115,14.000000000000002,0.7
2025-10-17 12:50:38+00:00,33.740569384418365,-84.42334485273409,1118729521,90999,22.0,22.0,22.0,22.0,23.0,24.0,23.0,24.0,72.0,72.0,74.0,74.0,17.38888888888889,69.3,17.190861111111115,14.000000000000002,0.7
2025-10-17 12:50:39+00:00,33.740581638497886,-84.42334477211514,1118729521,90999,22.0,22.0,22.0,22.0,23.0,24.0,23.0,24.0,72.0,72.0,74.0,74.0,17.38888888888889,69.3,17.190861111111115,14.000000000000002,0.7
2025-10-17 12:50:40+00:00,33.7405933399662,-84.4233446951318,1118729521,90999,22.0,22.0,22.0,22.0,23.0,24.0,23.0,24.0,72.0,72.0,74.0,74.0,17.38888888888889,69.3,17.190861111111115,14.000000000000002,0.7
2025-10-17 12:50:41+00:00,33.74060421468757,-84.42334462358758,1118729521,90999,22.0,22.0,22.0,22.0,23.0,24.0,23.0,24.0,72.0,72.0,74.0,74.0,17.38888888888889,69.6,17.194777777777777,14.000000000000002,0.0
2025-10-17 12:50:42+00:00,33.74061515907692,-84.42334455158502,1118729521,90999,22.0,22.0,22.0,22.0,23.0,24.0,23.0,24.0,72.0,72.0,74.0,74.0,17.38888888888889,69.6,17.194777777777777,14.000000000000002,0.0
2025-10-17 12:50:43+00:00,33.74062708246144,-84.4233444731417,1118729521,90999,22.0,22.0,22.0,22.0,23.0,24.0,23.0,24.0,72.0,72.0,74.0,74.0,17.38888888888889,69.6,17.194777777777777,14.000000000000002,0.0
2025-10-17 12:50:44+00:00,33.74063858337598,-84.42334439747779,1118729521,90999,22.0,22.0,22.0,22.0,23.0,24.0,23.0,24.0,72.0,72.0,74.0,74.0,17.38888888888889,69.6,17.194777777777777,14.000000000000002,0.0
2025-10-17 12:50:45+00:00,33.74064863324279,-84.42334433136024,1118729521,90999,22.0,22.0,22.0,22.0,23.0,24.0,23.0,24.0,72.0,72.0,74.0,74.0,17.38888888888889,69.6,17.194777777777777,14.000000000000002,0.0
2025-10-17 12:50:46+00:00,33.74065799822458,-84.42334426974853,1118729521,90999,22.0,22.0,22.0,22.0,23.0,24.0,23.0,24.0,72.0,72.0,74.0,74.0,17.38888888888889,69.9,17.198694444444445,14.000000000000002,0.0
2025-10-17 12:50:47+00:00,33.74066792129514,-84.42334420446517,1118729521,90999,22.0,22.0,22.0,22.0,23.0,24.0,23.0,24.0,72.0,72.0,74.0,74.0,17.38888888888889,69.9,17.198694444444445,14.000000000000002,0.0
2025-10-17 12:50:48+00:00,33.740678114154186,-84.42334413740689,1118729521,90999,22.0,22.0,22.0,22.0,23.0,24.0,23.0,24.0,72.0,72.0,74.0,74.0,17.38888888888889,69.9,17.198694444444445,14.000000000000002,0.0
2025-10-17 12:50:49+00:00,33.74068747588524,-84.42334407581654,1118729521,90999,22.0,22.0,22.0,22.0,23.0,24.0,23.0,24.0,72.0,72.0,74.0,74.0,17.38888888888889,69.9,17.198694444444445,14.000000000000002,0.0
2025-10-17 12:50:51+00:00,33.740699,-84.423344,1091959913,89948,22.0,22.0,22.0,22.0,23.0,24.0,23.0,24.0,72.0,72.0,74.0,74.0,17.444444444444443,70.1,17.25963888888889,14.11111111111111,0.0
2025-10-17 12:51:01+00:00,33.7406927262423,-84.42334404127472,1118729521,90999,20.0,21.0,20.0,21.0,24.0,25.0,24.0,25.0,68.0,68.0,77.0,77.0,17.555555555555557,70.4,17.380222222222223,14.166666666666666,0.0
2025-10-17 12:51:13+00:00,33.740699,-84.423344,1091959913,89948,21.0,21.5,21.0,21.5,23.0,24.0,23.0,24.0,70.0,70.0,74.0,74.0,17.72222222222222,70.2,17.552611111111112,14.277777777777779,0.0
2025-10-17 12:51:15+00:00,33.740699,-84.423344,1091959913,89948,21.0,21.5,21.0,21.5,23.0,24.0,23.0,24.0,70.0,70.0,74.0,74.0,17.72222222222222,70.2,17.552611111111112,14.277777777777779,0.0
2025-10-17 12:51:26+00:00,33.740699,-84.423344,1091959913,89948,24.0,25.0,24.0,25.0,22.0,23.5,22.0,23.5,77.0,77.0,72.0,72.0,18.055555555555557,69.6,17.894777777777776,14.61111111111111,0.0
2025-10-17 12:51:30+00:00,33.740699,-84.423344,1091959913,89948,24.0,25.0,24.0,25.0,22.0,23.5,22.0,23.5,77.0,77.0,72.0,72.0,18.055555555555557,69.6,17.894777777777776,14.61111111111111,0.0
2025-10-17 12:51:33+00:00,33.74069347615901,-84.42334403634106,1118729521,90999,24.0,25.0,24.0,25.0,22.0,23.5,22.0,23.5,77.0,77.0,72.0,72.0,18.055555555555557,69.6,17.894777777777776,14.61111111111111,0.0
2025-10-17 12:51:36+00:00,33.74068827981574,-84.42334407052753,1118729521,90999,24.0,25.0,24.0,25.0,22.0,23.5,22.0,23.5,77.0,77.0,72.0,72.0,18.111111111111107,69.6,17.953111111111106,14.666666666666666,0.7
2025-10-17 12:51:37+00:00,33.74068789934666,-84.42334407303062,1118729521,90999,24.0,25.0,24.0,25.0,22.0,23.5,22.0,23.5,77.0,77.0,72.0,72.0,18.111111111111107,69.6,17.953111111111106,14.666666666666666,0.7
2025-10-17 12:51:38+00:00,33.74068723608881,-84.42334407739415,1118729521,90999,23.0,25.0,23.0,25.0,23.0,26.0,23.0,26.0,74.0,74.0,74.0,74.0,18.111111111111107,69.6,17.953111111111106,14.666666666666666,0.7
2025-10-17 12:51:39+00:00,33.740686940733625,-84.42334407933728,1118729521,90999,23.0,25.0,23.0,25.0,23.0,26.0,23.0,26.0,74.0,74.0,74.0,74.0,18.111111111111107,69.6,17.953111111111106,14.666666666666666,0.7
2025-10-17 12:51:40+00:00,33.74068638987531,-84.42334408296135,1118729521,90999,23.0,25.0,23.0,25.0,23.0,26.0,23.0,26.0,74.0,74.0,74.0,74.0,18.111111111111107,69.6,17.953111111111106,14.666666666666666,0.7
2025-10-17 12:51:41+00:00,33.740699523902045,-84.42333107708293,1091959913,89948,23.0,25.0,23.0,25.0,23.0,26.0,23.0,26.0,74.0,74.0,74.0,74.0,18.000000000000004,69.8,17.83905555555556,14.61111111111111,0.7
2025-10-17 12:51:42+00:00,33.740700055280065,-84.42331796975833,1091959913,89948,23.0,25.0,23.0,25.0,23.0,26.0,23.0,26.0,74.0,74.0,74.0,74.0,18.000000000000004,69.8,17.83905555555556,14.61111111111111,0.7
2025-10-17 12:51:43+00:00,33.740700582595686,-84.42330496263965,1091959913,89948,23.0,25.0,23.0,25.0,23.0,26.0,23.0,26.0,74.0,74.0,74.0,74.0,18.000000000000004,69.8,17.83905555555556,14.61111111111111,0.7
2025-10-17 12:51:44+00:00,33.74070116070991,-84.42329070248887,1091959913,89948,23.0,25.0,23.0,25.0,23.0,26.0,23.0,26.0,74.0,74.0,74.0,74.0,18.000000000000004,69.8,17.83905555555556,14.61111111111111,0.7
2025-10-17 12:51:45+00:00,33.74070170098936,-84.42327737559573,1091959913,89948,23.0,25.0,23.0,25.0,23.0,26.0,23.0,26.0,74.0,74.0,74.0,74.0,18.000000000000004,69.8,17.83905555555556,14.61111111111111,0.7
2025-10-17 12:51:46+00:00,33.740702,-84.42327,1091959913,89948,23.0,25.0,23.0,25.0,23.0,26.0,23.0,26.0,74.0,74.0,74.0,74.0,17.88888888888889,69.8,17.72238888888889,14.5,0.0
2025-10-17 12:51:47+00:00,33.74070494240282,-84.42327012520863,1091959913,89948,23.0,25.0,23.0,25.0,23.0,26.0,23.0,26.0,74.0,74.0,74.0,74.0,17.88888888888889,69.8,17.72238888888889,14.5,0.0
2025-10-17 12:51:48+00:00,33.7407074751777,-84.42327023298628,1091959913,89948,23.0,25.0,23.0,25.0,23.0,26.0,23.0,26.0,74.0,74.0,74.0,74.0,17.88888888888889,69.8,17.72238888888889,14.5,0.0
2025-10-17 12:51:50+00:00,33.74074841362086,-84.42321508966856,9277800,14796,23.0,25.0,23.0,25.0,23.0,26.0,23.0,26.0,74.0,74.0,74.0,74.0,17.88888888888889,69.8,17.72238888888889,14.5,0.0
2025-10-17 12:51:51+00:00,33.74074826851122,-84.42320348089746,9277800,14796,23.0,25.0,23.0,25.0,23.0,26.0,23.0,26.0,74.0,74.0,74.0,74.0,17.666666666666668,69.8,17.489055555555556,14.277777777777779,0.7
2025-10-17 12:51:52+00:00,33.74074809705576,-84.4231897644605,9277800,14796,23.0,25.0,23.0,25.0,23.0,26.0,23.0,26.0,74.0,74.0,74.0,74.0,17.666666666666668,69.8,17.489055555555556,14.277777777777779,0.7
2025-10-17 12:51:53+00:00,33.74074790024761,-84.42317401980904,9277800,14796,24.0,25.0,24.0,25.0,26.0,28.0,26.0,28.0,77.0,77.0,81.0,81.0,17.666666666666668,69.8,17.489055555555556,14.277777777777779,0.7
2025-10-17 12:51:54+00:00,33.74074770149318,-84.42315811945434,9277800,14796,24.0,25.0,24.0,25.0,26.0,28.0,26.0,28.0,77.0,77.0,81.0,81.0,17.666666666666668,69.8,17.489055555555556,14.277777777777779,0.7
2025-10-17 12:51:55+00:00,33.740747493428046,-84.42314147424372,9277800,14796,24.0,25.0,24.0,25.0,26.0,28.0,26.0,28.0,77.0,77.0,81.0,81.0,17.666666666666668,69.8,17.489055555555556,14.277777777777779,0.7
2025-10-17 12:51:56+00:00,33.74074730947809,-84.42312675824671,9277800,14796,24.0,25.0,24.0,25.0,26.0,28.0,26.0,28.0,77.0,77.0,81.0,81.0,17.666666666666668,69.7,17.487749999999995,14.166666666666666,0.7
2025-10-17 12:51:57+00:00,33.74074714636087,-84.42311370886902,9277800,14796,24.0,25.0,24.0,25.0,26.0,28.0,26.0,28.0,77.0,77.0,81.0,81.0,17.666666666666668,69.7,17.487749999999995,14.166666666666666,0.7
2025-10-17 12:51:58+00:00,33.74074699494038,-84.42310159523049,9277800,14796,24.0,25.0,24.0,25.0,26.0,28.0,26.0,28.0,77.0,77.0,81.0,81.0,17.666666666666668,69.7,17.487749999999995,14.166666666666666,0.7
2025-10-17 12:51:59+00:00,33.740746848680864,-84.42308989446875,9277800,14796,24.0,25.0,24.0,25.0,26.0,28.0,26.0,28.0,77.0,77.0,81.0,81.0,17.666666666666668,69.7,17.487749999999995,14.166666666666666,0.7
2025-10-17 12:52:00+00:00,33.74074671234564,-84.42307898765081,9277800,14796,24.0,25.0,24.0,25.0,26.0,28.0,26.0,28.0,77.0,77.0,81.0,81.0,17.666666666666668,69.7,17.487749999999995,14.166666666666666,0.7
2025-10-17 12:52:01+00:00,33.74074657458895,-84.42306796711577,9277800,14796,24.0,25.0,24.0,25.0,26.0,28.0,26.0,28.0,77.0,77.0,81.0,81.0,17.555555555555557,69.7,17.37108333333333,14.11111111111111,0.9
2025-10-17 12:52:03+00:00,33.7407463035826,-84.4230462866074,9277800,14796,24.0,25.0,24.0,25.0,26.0,28.0,26.0,28.0,77.0,77.0,81.0,81.0,17.555555555555557,69.7,17.37108333333333,14.11111111111111,0.9
2025-10-17 12:52:04+00:00,33.740746152486565,-84.42303419892505,9277800,14796,24.0,25.0,24.0,25.0,26.0,28.0,26.0,28.0,77.0,77.0,81.0,81.0,17.555555555555557,69.7,17.37108333333333,14.11111111111111,0.9
2025-10-17 12:52:05+00:00,33.740746002100316,-84.42302216802516,9277800,14796,24.0,25.0,24.0,25.0,26.0,28.0,26.0,28.0,77.0,77.0,81.0,81.0,17.555555555555557,69.7,17.37108333333333,14.11111111111111,0.9
2025-10-17 12:52:06+00:00,33.74074585345959,-84.42300978829938,9277800,14796,24.0,25.0,24.0,25.0,26.0,28.0,26.0,28.0,77.0,77.0,81.0,81.0,17.5,69.8,17.314055555555555,14.11111111111111,0.8
2025-10-17 12:52:07+00:00,33.74074571945906,-84.42299862158838,9277800,14796,24.0,25.0,24.0,25.0,26.0,28.0,26.0,28.0,77.0,77.0,81.0,81.0,17.5,69.8,17.314055555555555,14.11111111111111,0.8
2025-10-17 12:52:09+00:00,33.74074548224563,-84.42297885380198,9277800,14796,24.0,24.0,24.0,24.0,23.0,24.0,23.0,24.0,77.0,77.0,74.0,74.0,17.5,69.8,17.314055555555555,14.11111111111111,0.8
2025-10-17 12:52:11+00:00,33.74074526302406,-84.42296058533803,9277800,14796,24.0,24.0,24.0,24.0,23.0,24.0,23.0,24.0,77.0,77.0,74.0,74.0,17.5,70.0,17.31666666666667,14.11111111111111,0.7
2025-10-17 12:52:13+00:00,33.74074505482985,-84.42294323582071,9277800,14796,24.0,24.0,24.0,24.0,23.0,24.0,23.0,24.0,77.0,77.0,74.0,74.0,17.5,70.0,17.31666666666667,14.11111111111111,0.7
2025-10-17 12:52:15+00:00,33.74074484483889,-84.42292573657416,9277800,14796,24.0,24.0,24.0,24.0,23.0,24.0,23.0,24.0,77.0,77.0,74.0,74.0,17.5,70.0,17.31666666666667,14.11111111111111,0.7
2025-10-17 12:52:17+00:00,33.740744670426565,-84.42291120221378,9277800,14796,24.0,24.0,24.0,24.0,23.0,24.0,23.0,24.0,77.0,77.0,74.0,74.0,17.5,70.2,17.319277777777778,14.11111111111111,0.0
2025-10-17 12:52:23+00:00,33.74074450122839,-84.42289710236605,9277800,14796,23.0,23.0,23.0,23.0,23.5,25.5,23.5,25.5,74.0,74.0,75.5,75.5,17.5,70.3,17.32058333333333,14.11111111111111,0.0
2025-10-17 12:52:24+00:00,33.74074438003122,-84.42288700260109,9277800,14796,23.0,23.0,23.0,23.0,23.5,25.5,23.5,25.5,74.0,74.0,75.5,75.5,17.5,70.3,17.32058333333333,14.11111111111111,0.0
2025-10-17 12:52:25+00:00,33.740744253978924,-84.4228764982435,9277800,14796,23.0,23.0,23.0,23.0,23.5,25.5,23.5,25.5,74.0,74.0,75.5,75.5,17.5,70.3,17.32058333333333,14.11111111111111,0.0
2025-10-17 12:52:26+00:00,33.74074411583876,-84.42286498656306,9277800,14796,23.0,23.0,23.0,23.0,23.5,25.5,23.5,25.5,74.0,74.0,75.5,75.5,17.5,70.4,17.32188888888889,14.166666666666666,0.0
2025-10-17 12:52:27+00:00,33.740743979340664,-84.42285361172195,9277800,14796,23.0,23.0,23.0,23.0,23.5,25.5,23.5,25.5,74.0,74.0,75.5,75.5,17.5,70.4,17.32188888888889,14.166666666666666,0.0
2025-10-17 12:52:28+00:00,33.74074383911682,-84.42284192640106,9277800,14796,23.0,23.0,23.0,23.0,23.5,25.5,23.5,25.5,74.0,74.0,75.5,75.5,17.5,70.4,17.32188888888889,14.166666666666666,0.0
2025-10-17 12:52:29+00:00,33.74074370096451,-84.42283041370874,9277800,14796,23.0,23.0,23.0,23.0,23.5,25.5,23.5,25.5,74.0,74.0,75.5,75.5,17.5,70.4,17.32188888888889,14.166666666666666,0.0
2025-10-17 12:52:31+00:00,33.740743481671885,-84.42281213932365,9277800,14796,23.0,23.0,23.0,23.0,23.5,25.5,23.5,25.5,74.0,74.0,75.5,75.5,17.444444444444443,70.4,17.263555555555556,14.11111111111111,0.7
2025-10-17 12:52:33+00:00,33.74074324098061,-84.42279208171746,9277800,14796,23.0,23.0,23.0,23.0,23.5,25.5,23.5,25.5,74.0,74.0,75.5,75.5,17.444444444444443,70.4,17.263555555555556,14.11111111111111,0.7
2025-10-17 12:52:35+00:00,33.74074300683061,-84.42277256921764,9277800,14796,23.0,23.0,23.0,23.0,23.5,25.5,23.5,25.5,74.0,74.0,75.5,75.5,17.444444444444443,70.4,17.263555555555556,14.11111111111111,0.7
2025-10-17 12:52:36+00:00,33.74074288006491,-84.42276200540863,9277800,14796,23.0,23.0,23.0,23.0,23.5,25.5,23.5,25.5,74.0,74.0,75.5,75.5,17.444444444444443,70.3,17.26225,14.11111111111111,0.8
2025-10-17 12:52:37+00:00,33.74074270448061,-84.42274737338397,9277800,14796,23.0,23.0,23.0,23.0,23.5,25.5,23.5,25.5,74.0,74.0,75.5,75.5,17.444444444444443,70.3,17.26225,14.11111111111111,0.8
2025-10-17 12:52:38+00:00,33.74074249128741,-84.42272960728447,9277800,14796,23.0,24.0,23.0,24.0,27.5,30.0,27.5,30.0,74.0,74.0,84.0,84.0,17.444444444444443,70.3,17.26225,14.11111111111111,0.8
2025-10-17 12:52:39+00:00,33.74074226583684,-84.42271081973688,9277800,14796,23.0,24.0,23.0,24.0,27.5,30.0,27.5,30.0,74.0,74.0,84.0,84.0,17.444444444444443,70.3,17.26225,14.11111111111111,0.8
2025-10-17 12:52:40+00:00,33.74074205847144,-84.42269353928661,9277800,14796,23.0,24.0,23.0,24.0,27.5,30.0,27.5,30.0,74.0,74.0,84.0,84.0,17.444444444444443,70.3,17.26225,14.11111111111111,0.8
2025-10-17 12:52:41+00:00,33.74074188406294,-84.42267900524514,9277800,14796,23.0,24.0,23.0,24.0,27.5,30.0,27.5,30.0,74.0,74.0,84.0,84.0,17.444444444444443,70.4,17.263555555555556,14.11111111111111,0.8
2025-10-17 12:52:42+00:00,33.74074170795042,-84.42266432920121,9277800,14796,23.0,24.0,23.0,24.0,27.5,30.0,27.5,30.0,74.0,74.0,84.0,84.0,17.444444444444443,70.4,17.263555555555556,14.11111111111111,0.8
2025-10-17 12:52:43+00:00,33.7407415438887,-84.42265065739163,9277800,14796,23.0,24.0,23.0,24.0,27.5,30.0,27.5,30.0,74.0,74.0,84.0,84.0,17.444444444444443,70.4,17.263555555555556,14.11111111111111,0.8
2025-10-17 12:52:44+00:00,33.7407413397534,-84.42263364611657,9277800,14796,23.0,24.0,23.0,24.0,27.5,30.0,27.5,30.0,74.0,74.0,84.0,84.0,17.444444444444443,70.4,17.263555555555556,14.11111111111111,0.8
2025-10-17 12:52:45+00:00,33.74074110673158,-84.4226142276315,9277800,14796,23.0,24.0,23.0,24.0,27.5,30.0,27.5,30.0,74.0,74.0,84.0,84.0,17.444444444444443,70.4,17.263555555555556,14.11111111111111,0.8
2025-10-17 12:52:46+00:00,33.74074087949806,-84.42259529150473,9277800,14796,23.0,24.0,23.0,24.0,27.5,30.0,27.5,30.0,74.0,74.0,84.0,84.0,17.444444444444443,70.4,17.263555555555556,14.11111111111111,0.9
2025-10-17 12:52:47+00:00,33.7407406760916,-84.42257834096647,9277800,14796,23.0,24.0,23.0,24.0,27.5,30.0,27.5,30.0,74.0,74.0,84.0,84.0,17.444444444444443,70.4,17.263555555555556,14.11111111111111,0.9
2025-10-17 12:52:48+00:00,33.74074049253427,-84.4225630445222,9277800,14796,23.0,24.0,23.0,24.0,27.5,30.0,27.5,30.0,74.0,74.0,84.0,84.0,17.444444444444443,70.4,17.263555555555556,14.11111111111111,0.9
2025-10-17 12:52:49+00:00,33.740740332401614,-84.4225497001342,9277800,14796,23.0,24.0,23.0,24.0,27.5,30.0,27.5,30.0,74.0,74.0,84.0,84.0,17.444444444444443,70.4,17.263555555555556,14.11111111111111,0.9
2025-10-17 12:52:50+00:00,33.74074018785733,-84.422537654777,9277800,14796,23.0,24.0,23.0,24.0,27.5,30.0,27.5,30.0,74.0,74.0,84.0,84.0,17.444444444444443,70.4,17.263555555555556,14.11111111111111,0.9
2025-10-17 12:52:52+00:00,33.740739998510726,-84.42252189575083,9277800,14796,23.0,24.0,23.0,24.0,27.5,30.0,27.5,30.0,74.0,74.0,84.0,84.0,17.444444444444443,70.4,17.263555555555556,14.11111111111111,0.0
2025-10-17 12:52:54+00:00,33.74073981047051,-84.42250873293521,9277800,14796,24.0,24.0,24.0,24.0,28.5,29.5,28.5,29.5,77.0,77.0,86.0,86.0,17.444444444444443,70.4,17.263555555555556,14.11111111111111,0.0
2025-10-17 12:52:56+00:00,33.740739644573445,-84.4224971201409,9277800,14796,24.0,24.0,24.0,24.0,28.5,29.5,28.5,29.5,77.0,77.0,86.0,86.0,17.444444444444443,70.3,17.26225,14.11111111111111,0.0
2025-10-17 12:52:58+00:00,33.74073947889043,-84.42248552233019,9277800,14796,24.0,24.0,24.0,24.0,28.5,29.5,28.5,29.5,77.0,77.0,86.0,86.0,17.444444444444443,70.3,17.26225,14.11111111111111,0.0
2025-10-17 12:53:00+00:00,33.74073926647379,-84.42247065316495,9277800,14796,24.0,24.0,24.0,24.0,28.5,29.5,28.5,29.5,77.0,77.0,86.0,86.0,17.444444444444443,70.3,17.26225,14.11111111111111,0.0
2025-10-17 12:53:02+00:00,33.74073903791065,-84.42245465374558,9277800,14796,24.0,24.0,24.0,24.0,28.5,29.5,28.5,29.5,77.0,77.0,86.0,86.0,17.444444444444443,70.3,17.26225,14.11111111111111,0.0
2025-10-17 12:53:03+00:00,33.74073889145443,-84.42244440180973,9277800,14796,24.0,24.0,24.0,24.0,28.5,29.5,28.5,29.5,77.0,77.0,86.0,86.0,17.444444444444443,70.3,17.26225,14.11111111111111,0.0
2025-10-17 12:53:04+00:00,33.74073874452386,-84.42243411667016,9277800,14796,24.0,24.0,24.0,24.0,28.5,29.5,28.5,29.5,77.0,77.0,86.0,86.0,17.444444444444443,70.3,17.26225,14.11111111111111,0.0
2025-10-17 12:53:05+00:00,33.74073858656573,-84.42242305960114,9277800,14796,24.0,24.0,24.0,24.0,28.5,29.5,28.5,29.5,77.0,77.0,86.0,86.0,17.444444444444443,70.3,17.26225,14.11111111111111,0.0
2025-10-17 12:53:06+00:00,33.74073842661714,-84.42241186319976,9277800,14796,24.0,24.0,24.0,24.0,28.5,29.5,28.5,29.5,77.0,77.0,86.0,86.0,17.38888888888889,70.2,17.202611111111107,14.000000000000002,0.9
2025-10-17 12:53:07+00:00,33.74073825681533,-84.42239997707286,9277800,14796,24.0,24.0,24.0,24.0,28.5,29.5,28.5,29.5,77.0,77.0,86.0,86.0,17.38888888888889,70.2,17.202611111111107,14.000000000000002,0.9
2025-10-17 12:53:08+00:00,33.74073807288161,-84.42238710171264,9277800,14796,24.0,24.0,24.0,24.0,28.0,28.0,28.0,28.0,77.0,77.0,85.0,85.0,17.38888888888889,70.2,17.202611111111107,14.000000000000002,0.9
2025-10-17 12:53:09+00:00,33.740737882127156,-84.42237374890058,9277800,14796,24.0,24.0,24.0,24.0,28.0,28.0,28.0,28.0,77.0,77.0,85.0,85.0,17.38888888888889,70.2,17.202611111111107,14.000000000000002,0.9
2025-10-17 12:53:10+00:00,33.74073767215865,-84.42235905110539,9277800,14796,24.0,24.0,24.0,24.0,28.0,28.0,28.0,28.0,77.0,77.0,85.0,85.0,17.38888888888889,70.2,17.202611111111107,14.000000000000002,0.9
2025-10-17 12:53:11+00:00,33.740737471920674,-84.42234503444679,9277800,14796,24.0,24.0,24.0,24.0,28.0,28.0,28.0,28.0,77.0,77.0,85.0,85.0,17.333333333333332,70.3,17.145583333333335,14.000000000000002,0.7
2025-10-17 12:53:12+00:00,33.74073728637401,-84.42233204618005,9277800,14796,24.0,24.0,24.0,24.0,28.0,28.0,28.0,28.0,77.0,77.0,85.0,85.0,17.333333333333332,70.3,17.145583333333335,14.000000000000002,0.7
2025-10-17 12:53:14+00:00,33.740737005417536,-84.42231237922711,9277800,14796,24.0,24.0,24.0,24.0,28.0,28.0,28.0,28.0,77.0,77.0,85.0,85.0,17.333333333333332,70.3,17.145583333333335,14.000000000000002,0.7
2025-10-17 12:53:16+00:00,33.740737,-84.42229564760915,9277800,14795,24.0,24.0,24.0,24.0,28.0,28.0,28.0,28.0,77.0,77.0,85.0,85.0,17.27777777777778,70.5,17.089861111111112,14.000000000000002,0.8
2025-10-17 12:53:19+00:00,33.740737,-84.4222835416142,9277800,14795,24.0,24.0,24.0,24.0,28.0,28.0,28.0,28.0,77.0,77.0,85.0,85.0,17.27777777777778,70.5,17.089861111111112,14.000000000000002,0.8
2025-10-17 12:53:21+00:00,33.74073679535786,-84.42226642398678,9277800,14795,24.0,24.0,24.0,24.0,28.0,28.0,28.0,28.0,77.0,77.0,85.0,85.0,17.11111111111111,70.6,16.916166666666662,13.777777777777777,0.0
2025-10-17 12:53:23+00:00,33.74073653417516,-84.42224526818798,9277800,14795,24.0,26.0,24.0,26.0,26.0,27.0,26.0,27.0,77.0,77.0,81.0,81.0,17.11111111111111,70.6,16.916166666666662,13.777777777777777,0.0
2025-10-17 12:53:24+00:00,33.74073637043258,-84.42223200503851,9277800,14795,24.0,26.0,24.0,26.0,26.0,27.0,26.0,27.0,77.0,77.0,81.0,81.0,17.11111111111111,70.6,16.916166666666662,13.777777777777777,0.0
2025-10-17 12:53:25+00:00,33.740736200435,-84.42221823523471,9277800,14795,24.0,26.0,24.0,26.0,26.0,27.0,26.0,27.0,77.0,77.0,81.0,81.0,17.11111111111111,70.6,16.916166666666662,13.777777777777777,0.0
2025-10-17 12:53:26+00:00,33.740736031798875,-84.42220457570835,9277800,14795,24.0,26.0,24.0,26.0,26.0,27.0,26.0,27.0,77.0,77.0,81.0,81.0,17.166666666666668,70.8,16.97711111111111,13.88888888888889,0.8
2025-10-17 12:53:27+00:00,33.74073585995657,-84.42219065648189,9277800,14795,24.0,26.0,24.0,26.0,26.0,27.0,26.0,27.0,77.0,77.0,81.0,81.0,17.166666666666668,70.8,16.97711111111111,13.88888888888889,0.8
2025-10-17 12:53:28+00:00,33.74073569287166,-84.42217712260396,9277800,14795,24.0,26.0,24.0,26.0,26.0,27.0,26.0,27.0,77.0,77.0,81.0,81.0,17.166666666666668,70.8,16.97711111111111,13.88888888888889,0.8
2025-10-17 12:53:29+00:00,33.74073551972512,-84.42216309773451,9277800,14795,24.0,26.0,24.0,26.0,26.0,27.0,26.0,27.0,77.0,77.0,81.0,81.0,17.166666666666668,70.8,16.97711111111111,13.88888888888889,0.8
2025-10-17 12:53:30+00:00,33.7407353583646,-84.42215002753267,9277800,14795,24.0,26.0,24.0,26.0,26.0,27.0,26.0,27.0,77.0,77.0,81.0,81.0,17.166666666666668,70.8,16.97711111111111,13.88888888888889,0.8
2025-10-17 12:53:31+00:00,33.740735226133424,-84.4221393168072,9277800,14795,24.0,26.0,24.0,26.0,26.0,27.0,26.0,27.0,77.0,77.0,81.0,81.0,17.11111111111111,70.9,16.920083333333327,13.777777777777777,0.0
2025-10-17 12:53:32+00:00,33.74073508759292,-84.42212809502593,9277800,14795,24.0,26.0,24.0,26.0,26.0,27.0,26.0,27.0,77.0,77.0,81.0,81.0,17.11111111111111,70.9,16.920083333333327,13.777777777777777,0.0
2025-10-17 12:53:33+00:00,33.740734953292815,-84.4221172167177,9277800,14795,24.0,26.0,24.0,26.0,26.0,27.0,26.0,27.0,77.0,77.0,81.0,81.0,17.11111111111111,70.9,16.920083333333327,13.777777777777777,0.0
2025-10-17 12:53:34+00:00,33.74073482676604,-84.42210696804874,9277800,14795,24.0,26.0,24.0,26.0,26.0,27.0,26.0,27.0,77.0,77.0,81.0,81.0,17.11111111111111,70.9,16.920083333333327,13.777777777777777,0.0
2025-10-17 12:53:36+00:00,33.74073458093233,-84.42208705551899,9277800,14795,24.0,26.0,24.0,26.0,26.0,27.0,26.0,27.0,77.0,77.0,81.0,81.0,17.0,71.1,16.80602777777778,13.777777777777777,0.0
2025-10-17 12:53:37+00:00,33.74073444111115,-84.42207573000293,9277800,14795,24.0,26.0,24.0,26.0,26.0,27.0,26.0,27.0,77.0,77.0,81.0,81.0,17.0,71.1,16.80602777777778,13.777777777777777,0.0
2025-10-17 12:53:38+00:00,33.74073429163761,-84.42206362264581,9277800,14795,24.0,26.0,24.0,26.0,22.0,22.0,22.0,22.0,77.0,77.0,72.0,72.0,17.0,71.1,16.80602777777778,13.777777777777777,0.0
2025-10-17 12:53:39+00:00,33.74073414550051,-84.42205178554104,9277800,14795,24.0,26.0,24.0,26.0,22.0,22.0,22.0,22.0,77.0,77.0,72.0,72.0,17.0,71.1,16.80602777777778,13.777777777777777,0.0
2025-10-17 12:53:40+00:00,33.74073400615197,-84.4220404983091,9277800,14795,24.0,26.0,24.0,26.0,22.0,22.0,22.0,22.0,77.0,77.0,72.0,72.0,17.0,71.1,16.80602777777778,13.777777777777777,0.0
2025-10-17 12:53:41+00:00,33.740733807493406,-84.42202806459095,9277800,14795,24.0,26.0,24.0,26.0,22.0,22.0,22.0,22.0,77.0,77.0,72.0,72.0,17.055555555555557,71.3,16.866972222222223,13.777777777777777,0.0
2025-10-17 12:53:42+00:00,33.74073359617774,-84.42201496301972,9277800,14795,24.0,26.0,24.0,26.0,22.0,22.0,22.0,22.0,77.0,77.0,72.0,72.0,17.055555555555557,71.3,16.866972222222223,13.777777777777777,0.0
2025-10-17 12:53:43+00:00,33.74073337332819,-84.4220011463475,9277800,14795,24.0,26.0,24.0,26.0,22.0,22.0,22.0,22.0,77.0,77.0,72.0,72.0,17.055555555555557,71.3,16.866972222222223,13.777777777777777,0.0
2025-10-17 12:53:44+00:00,33.74073315265247,-84.42198746445271,9277800,14795,24.0,26.0,24.0,26.0,22.0,22.0,22.0,22.0,77.0,77.0,72.0,72.0,17.055555555555557,71.3,16.866972222222223,13.777777777777777,0.0
2025-10-17 12:53:45+00:00,33.74073293134858,-84.42197374361182,9277800,14795,24.0,26.0,24.0,26.0,22.0,22.0,22.0,22.0,77.0,77.0,72.0,72.0,17.055555555555557,71.3,16.866972222222223,13.777777777777777,0.0
2025-10-17 12:53:46+00:00,33.740732702102456,-84.42195953035223,9277800,14795,24.0,26.0,24.0,26.0,22.0,22.0,22.0,22.0,77.0,77.0,72.0,72.0,17.055555555555557,71.6,16.870888888888892,13.88888888888889,0.0
2025-10-17 12:53:47+00:00,33.74073246423893,-84.42194478281363,9277800,14795,24.0,26.0,24.0,26.0,22.0,22.0,22.0,22.0,77.0,77.0,72.0,72.0,17.055555555555557,71.6,16.870888888888892,13.88888888888889,0.0
2025-10-17 12:53:48+00:00,33.740732229453634,-84.42193022612535,9277800,14795,24.0,26.0,24.0,26.0,22.0,22.0,22.0,22.0,77.0,77.0,72.0,72.0,17.055555555555557,71.6,16.870888888888892,13.88888888888889,0.0
2025-10-17 12:53:49+00:00,33.74073202296551,-84.4219174238615,9277800,14795,24.0,26.0,24.0,26.0,22.0,22.0,22.0,22.0,77.0,77.0,72.0,72.0,17.055555555555557,71.6,16.870888888888892,13.88888888888889,0.0
2025-10-17 12:53:50+00:00,33.74073187442888,-84.42190821459063,9277800,14795,24.0,26.0,24.0,26.0,22.0,22.0,22.0,22.0,77.0,77.0,72.0,72.0,17.055555555555557,71.6,16.870888888888892,13.88888888888889,0.0
2025-10-17 12:53:51+00:00,33.740731694529615,-84.4218970608362,9277800,14795,24.0,26.0,24.0,26.0,22.0,22.0,22.0,22.0,77.0,77.0,72.0,72.0,17.055555555555557,71.7,16.872194444444446,13.88888888888889,0.0
2025-10-17 12:53:52+00:00,33.74073144149935,-84.42188137295945,9277800,14795,24.0,26.0,24.0,26.0,22.0,22.0,22.0,22.0,77.0,77.0,72.0,72.0,17.055555555555557,71.7,16.872194444444446,13.88888888888889,0.0
2025-10-17 12:53:53+00:00,33.74073115453606,-84.42186358123554,9277800,14795,22.0,22.0,22.0,22.0,21.0,23.0,21.0,23.0,72.0,72.0,70.0,70.0,17.055555555555557,71.7,16.872194444444446,13.88888888888889,0.0
2025-10-17 12:53:54+00:00,33.740730929236456,-84.42184961266004,9277800,14795,22.0,22.0,22.0,22.0,21.0,23.0,21.0,23.0,72.0,72.0,70.0,70.0,17.055555555555557,71.7,16.872194444444446,13.88888888888889,0.0
2025-10-17 12:53:55+00:00,33.74073075402264,-84.42183874940373,9277800,14795,22.0,22.0,22.0,22.0,21.0,23.0,21.0,23.0,72.0,72.0,70.0,70.0,17.055555555555557,71.7,16.872194444444446,13.88888888888889,0.0
2025-10-17 12:53:57+00:00,33.74073048444103,-84.42182203534374,9277800,14795,22.0,22.0,22.0,22.0,21.0,23.0,21.0,23.0,72.0,72.0,70.0,70.0,17.055555555555557,71.8,16.8735,13.88888888888889,0.0
2025-10-17 12:53:59+00:00,33.74073023917253,-84.42180682869682,9277800,14795,22.0,22.0,22.0,22.0,21.0,23.0,21.0,23.0,72.0,72.0,70.0,70.0,17.055555555555557,71.8,16.8735,13.88888888888889,0.0
2025-10-17 12:54:01+00:00,33.74073,-84.421792,9277800,14795,22.0,22.0,22.0,22.0,21.0,23.0,21.0,23.0,72.0,72.0,70.0,70.0,17.055555555555557,71.9,16.874805555555557,14.000000000000002,0.0
2025-10-17 12:54:03+00:00,33.74072979295929,-84.42177481562166,9277800,14795,22.0,22.0,22.0,22.0,21.0,23.0,21.0,23.0,72.0,72.0,70.0,70.0,17.055555555555557,71.9,16.874805555555557,14.000000000000002,0.0
2025-10-17 12:54:04+00:00,33.74072966185644,-84.42176393408461,9277800,14795,22.0,22.0,22.0,22.0,21.0,23.0,21.0,23.0,72.0,72.0,70.0,70.0,17.055555555555557,71.9,16.874805555555557,14.000000000000002,0.0
2025-10-17 12:54:05+00:00,33.7407294998321,-84.42175048606428,9277800,14795,22.0,22.0,22.0,22.0,21.0,23.0,21.0,23.0,72.0,72.0,70.0,70.0,17.055555555555557,71.9,16.874805555555557,14.000000000000002,0.0
2025-10-17 12:54:06+00:00,33.7407293303214,-84.42173641667627,9277800,14795,22.0,22.0,22.0,22.0,21.0,23.0,21.0,23.0,72.0,72.0,70.0,70.0,17.055555555555557,72.1,16.877416666666665,13.88888888888889,0.0
2025-10-17 12:54:07+00:00,33.74072916027232,-84.42172230260302,9277800,14795,22.0,22.0,22.0,22.0,21.0,23.0,21.0,23.0,72.0,72.0,70.0,70.0,17.055555555555557,72.1,16.877416666666665,13.88888888888889,0.0
2025-10-17 12:54:08+00:00,33.74072899767387,-84.42170880693098,9277800,14795,22.0,22.0,22.0,22.0,24.0,26.0,24.0,26.0,72.0,72.0,77.0,77.0,17.055555555555557,72.1,16.877416666666665,13.88888888888889,0.0
2025-10-17 12:54:09+00:00,33.74072883079787,-84.42169495622352,9277800,14795,22.0,22.0,22.0,22.0,24.0,26.0,24.0,26.0,72.0,72.0,77.0,77.0,17.055555555555557,72.1,16.877416666666665,13.88888888888889,0.0
2025-10-17 12:54:10+00:00,33.74072868534467,-84.42168288360755,9277800,14795,22.0,22.0,22.0,22.0,24.0,26.0,24.0,26.0,72.0,72.0,77.0,77.0,17.055555555555557,72.1,16.877416666666665,13.88888888888889,0.0
2025-10-17 12:54:11+00:00,33.740728534102956,-84.42167033054552,9277800,14795,22.0,22.0,22.0,22.0,24.0,26.0,24.0,26.0,72.0,72.0,77.0,77.0,16.944444444444443,72.2,16.762055555555555,13.777777777777777,0.8
2025-10-17 12:54:12+00:00,33.740728371592915,-84.42165684221192,9277800,14795,22.0,22.0,22.0,22.0,24.0,26.0,24.0,26.0,72.0,72.0,77.0,77.0,16.944444444444443,72.2,16.762055555555555,13.777777777777777,0.8
2025-10-17 12:54:13+00:00,33.74072821287566,-84.42164366867955,9277800,14795,22.0,22.0,22.0,22.0,24.0,26.0,24.0,26.0,72.0,72.0,77.0,77.0,16.944444444444443,72.2,16.762055555555555,13.777777777777777,0.8
2025-10-17 12:54:14+00:00,33.74072803724459,-84.42162909130062,9277800,14795,22.0,22.0,22.0,22.0,24.0,26.0,24.0,26.0,72.0,72.0,77.0,77.0,16.944444444444443,72.2,16.762055555555555,13.777777777777777,0.8
2025-10-17 12:54:15+00:00,33.740727873039525,-84.42161546228084,9277800,14795,22.0,22.0,22.0,22.0,24.0,26.0,24.0,26.0,72.0,72.0,77.0,77.0,16.944444444444443,72.2,16.762055555555555,13.777777777777777,0.8
2025-10-17 12:54:16+00:00,33.74072772571783,-84.42160323458,9277800,14795,22.0,22.0,22.0,22.0,24.0,26.0,24.0,26.0,72.0,72.0,77.0,77.0,16.944444444444443,72.4,16.764666666666667,13.777777777777777,0.0
2025-10-17 12:54:17+00:00,33.74072758256666,-84.42159135303288,9277800,14795,22.0,22.0,22.0,22.0,24.0,26.0,24.0,26.0,72.0,72.0,77.0,77.0,16.944444444444443,72.4,16.764666666666667,13.777777777777777,0.0
2025-10-17 12:54:18+00:00,33.740727437348156,-84.42157929989686,9277800,14795,22.0,22.0,22.0,22.0,24.0,26.0,24.0,26.0,72.0,72.0,77.0,77.0,16.944444444444443,72.4,16.764666666666667,13.777777777777777,0.0
2025-10-17 12:54:19+00:00,33.74072729730474,-84.42156767629349,9277800,14795,22.0,22.0,22.0,22.0,24.0,26.0,24.0,26.0,72.0,72.0,77.0,77.0,16.944444444444443,72.4,16.764666666666667,13.777777777777777,0.0
2025-10-17 12:54:20+00:00,33.74072715326825,-84.42155572126526,9277800,14795,22.0,22.0,22.0,22.0,24.0,26.0,24.0,26.0,72.0,72.0,77.0,77.0,16.944444444444443,72.4,16.764666666666667,13.777777777777777,0.0
2025-10-17 12:54:21+00:00,33.7407270087994,-84.42154373035017,9277800,14795,22.0,22.0,22.0,22.0,24.0,26.0,24.0,26.0,72.0,72.0,77.0,77.0,16.944444444444443,72.5,16.765972222222224,13.88888888888889,0.0
2025-10-17 12:54:22+00:00,33.74072686013287,-84.42153223023064,9277800,14795,22.0,22.0,22.0,22.0,24.0,26.0,24.0,26.0,72.0,72.0,77.0,77.0,16.944444444444443,72.5,16.765972222222224,13.88888888888889,0.0
2025-10-17 12:54:24+00:00,33.74072658831941,-84.4215113005947,9277800,14795,23.0,23.0,23.0,23.0,26.5,27.0,26.5,27.0,74.0,74.0,82.0,82.0,16.944444444444443,72.5,16.765972222222224,13.88888888888889,0.0
2025-10-17 12:54:26+00:00,33.74072634836829,-84.42149282435817,9277800,14795,23.0,23.0,23.0,23.0,26.5,27.0,26.5,27.0,74.0,74.0,82.0,82.0,16.944444444444443,72.5,16.765972222222224,13.88888888888889,0.0
2025-10-17 12:54:28+00:00,33.74072609860449,-84.42147359254567,9277800,14795,23.0,23.0,23.0,23.0,26.5,27.0,26.5,27.0,74.0,74.0,82.0,82.0,16.944444444444443,72.5,16.765972222222224,13.88888888888889,0.0
2025-10-17 12:54:29+00:00,33.740725947711255,-84.42146197376641,9277800,14795,23.0,23.0,23.0,23.0,26.5,27.0,26.5,27.0,74.0,74.0,82.0,82.0,16.944444444444443,72.5,16.765972222222224,13.88888888888889,0.0
2025-10-17 12:54:30+00:00,33.74072579338812,-84.42145009088566,9277800,14795,23.0,23.0,23.0,23.0,26.5,27.0,26.5,27.0,74.0,74.0,82.0,82.0,16.944444444444443,72.5,16.765972222222224,13.88888888888889,0.0
2025-10-17 12:54:32+00:00,33.74072562571613,-84.42143718014232,9277800,14795,23.0,23.0,23.0,23.0,26.5,27.0,26.5,27.0,74.0,74.0,82.0,82.0,17.0,72.5,16.824305555555554,13.88888888888889,0.0
2025-10-17 12:54:34+00:00,33.74072549121192,-84.42142682331755,9277800,14795,23.0,23.0,23.0,23.0,26.5,27.0,26.5,27.0,74.0,74.0,82.0,82.0,17.0,72.5,16.824305555555554,13.88888888888889,0.0
2025-10-17 12:54:36+00:00,33.74072538234445,-84.42141844052257,9277800,14795,23.0,23.0,23.0,23.0,26.5,27.0,26.5,27.0,74.0,74.0,82.0,82.0,17.0,72.6,16.82561111111111,13.88888888888889,0.8
2025-10-17 12:54:38+00:00,33.74072522592815,-84.42140639646792,9277800,14795,23.0,23.0,23.0,23.0,26.0,26.0,26.0,26.0,74.0,74.0,81.0,81.0,17.0,72.6,16.82561111111111,13.88888888888889,0.8
2025-10-17 12:54:40+00:00,33.740724958348466,-84.42138579283193,9277800,14795,23.0,23.0,23.0,23.0,26.0,26.0,26.0,26.0,74.0,74.0,81.0,81.0,17.0,72.6,16.82561111111111,13.88888888888889,0.8
2025-10-17 12:54:41+00:00,33.740724801245086,-84.42137369587161,9277800,14795,23.0,23.0,23.0,23.0,26.0,26.0,26.0,26.0,74.0,74.0,81.0,81.0,17.055555555555557,72.7,16.88525,14.000000000000002,0.9
2025-10-17 12:54:42+00:00,33.74072464337521,-84.42136153989084,9277800,14795,23.0,23.0,23.0,23.0,26.0,26.0,26.0,26.0,74.0,74.0,81.0,81.0,17.055555555555557,72.7,16.88525,14.000000000000002,0.9
2025-10-17 12:54:43+00:00,33.740724498415865,-84.42135037802134,9277800,14795,23.0,23.0,23.0,23.0,26.0,26.0,26.0,26.0,74.0,74.0,81.0,81.0,17.055555555555557,72.7,16.88525,14.000000000000002,0.9
2025-10-17 12:54:44+00:00,33.740724338009095,-84.42133802670041,9277800,14795,23.0,23.0,23.0,23.0,26.0,26.0,26.0,26.0,74.0,74.0,81.0,81.0,17.055555555555557,72.7,16.88525,14.000000000000002,0.9
2025-10-17 12:54:45+00:00,33.74072417537546,-84.42132550391031,9277800,14795,23.0,23.0,23.0,23.0,26.0,26.0,26.0,26.0,74.0,74.0,81.0,81.0,17.055555555555557,72.7,16.88525,14.000000000000002,0.9
2025-10-17 12:54:46+00:00,33.74072400362782,-84.42131227934208,9277800,14795,23.0,23.0,23.0,23.0,26.0,26.0,26.0,26.0,74.0,74.0,81.0,81.0,17.055555555555557,72.7,16.88525,14.000000000000002,0.0
2025-10-17 12:54:47+00:00,33.74072384612897,-84.42129938257597,9277800,14795,23.0,23.0,23.0,23.0,26.0,26.0,26.0,26.0,74.0,74.0,81.0,81.0,17.055555555555557,72.7,16.88525,14.000000000000002,0.0
2025-10-17 12:54:48+00:00,33.74072367761276,-84.42128556424676,9277800,14795,23.0,23.0,23.0,23.0,26.0,26.0,26.0,26.0,74.0,74.0,81.0,81.0,17.055555555555557,72.7,16.88525,14.000000000000002,0.0
2025-10-17 12:54:49+00:00,33.74072350646343,-84.42127153000112,9277800,14795,23.0,23.0,23.0,23.0,26.0,26.0,26.0,26.0,74.0,74.0,81.0,81.0,17.055555555555557,72.7,16.88525,14.000000000000002,0.0
2025-10-17 12:54:50+00:00,33.74072333369024,-84.42125736259989,9277800,14795,23.0,23.0,23.0,23.0,26.0,26.0,26.0,26.0,74.0,74.0,81.0,81.0,17.055555555555557,72.7,16.88525,14.000000000000002,0.0
2025-10-17 12:54:51+00:00,33.74072316893155,-84.42124385238745,9277800,14795,23.0,23.0,23.0,23.0,26.0,26.0,26.0,26.0,74.0,74.0,81.0,81.0,17.11111111111111,72.8,16.944888888888887,14.11111111111111,0.8
2025-10-17 12:54:52+00:00,33.74072299119435,-84.4212292779367,9277800,14795,23.0,23.0,23.0,23.0,26.0,26.0,26.0,26.0,74.0,74.0,81.0,81.0,17.11111111111111,72.8,16.944888888888887,14.11111111111111,0.8
2025-10-17 12:54:53+00:00,33.740722810276864,-84.42121444270309,9277800,14795,24.0,24.0,24.0,24.0,23.0,23.0,23.0,23.0,77.0,77.0,74.0,74.0,17.11111111111111,72.8,16.944888888888887,14.11111111111111,0.8
2025-10-17 12:54:54+00:00,33.740722614797306,-84.42119841337887,9277800,14795,24.0,24.0,24.0,24.0,23.0,23.0,23.0,23.0,77.0,77.0,74.0,74.0,17.11111111111111,72.8,16.944888888888887,14.11111111111111,0.8
2025-10-17 12:54:55+00:00,33.74072241817736,-84.42118229054356,9277800,14795,24.0,24.0,24.0,24.0,23.0,23.0,23.0,23.0,77.0,77.0,74.0,74.0,17.11111111111111,72.8,16.944888888888887,14.11111111111111,0.8
2025-10-17 12:54:56+00:00,33.740722213823545,-84.42116553353054,9277800,14795,24.0,24.0,24.0,24.0,23.0,23.0,23.0,23.0,77.0,77.0,74.0,74.0,17.11111111111111,72.7,16.94358333333333,14.11111111111111,1.0
2025-10-17 12:54:57+00:00,33.74072202324598,-84.42114990617047,9277800,14795,24.0,24.0,24.0,24.0,23.0,23.0,23.0,23.0,77.0,77.0,74.0,74.0,17.11111111111111,72.7,16.94358333333333,14.11111111111111,1.0
2025-10-17 12:54:58+00:00,33.74072185075593,-84.42113576198658,9277800,14795,24.0,24.0,24.0,24.0,23.0,23.0,23.0,23.0,77.0,77.0,74.0,74.0,17.11111111111111,72.7,16.94358333333333,14.11111111111111,1.0
2025-10-17 12:54:59+00:00,33.7407216905994,-84.42112262915104,9277800,14795,24.0,24.0,24.0,24.0,23.0,23.0,23.0,23.0,77.0,77.0,74.0,74.0,17.11111111111111,72.7,16.94358333333333,14.11111111111111,1.0
2025-10-17 12:55:00+00:00,33.74072151145277,-84.42110793912705,9277800,14795,24.0,24.0,24.0,24.0,23.0,23.0,23.0,23.0,77.0,77.0,74.0,74.0,17.11111111111111,72.7,16.94358333333333,14.11111111111111,1.0
2025-10-17 12:55:01+00:00,33.74072133710895,-84.42109364293411,9277800,14795,24.0,24.0,24.0,24.0,23.0,23.0,23.0,23.0,77.0,77.0,74.0,74.0,17.166666666666668,72.7,17.001916666666666,14.11111111111111,1.0
2025-10-17 12:55:02+00:00,33.74072116916241,-84.4210798713178,9277800,14795,24.0,24.0,24.0,24.0,23.0,23.0,23.0,23.0,77.0,77.0,74.0,74.0,17.166666666666668,72.7,17.001916666666666,14.11111111111111,1.0
2025-10-17 12:55:03+00:00,33.74072100746185,-84.42106661187192,9277800,14795,24.0,24.0,24.0,24.0,23.0,23.0,23.0,23.0,77.0,77.0,74.0,74.0,17.166666666666668,72.7,17.001916666666666,14.11111111111111,1.0
2025-10-17 12:55:04+00:00,33.740720856678784,-84.42105410433909,9277800,14795,24.0,24.0,24.0,24.0,23.0,23.0,23.0,23.0,77.0,77.0,74.0,74.0,17.166666666666668,72.7,17.001916666666666,14.11111111111111,1.0
2025-10-17 12:55:05+00:00,33.74072071673766,-84.42104248922577,9277800,14795,24.0,24.0,24.0,24.0,23.0,23.0,23.0,23.0,77.0,77.0,74.0,74.0,17.166666666666668,72.7,17.001916666666666,14.11111111111111,1.0
2025-10-17 12:55:06+00:00,33.74072058414908,-84.42103148437357,9277800,14795,24.0,24.0,24.0,24.0,23.0,23.0,23.0,23.0,77.0,77.0,74.0,74.0,17.166666666666668,72.8,17.00322222222222,14.166666666666666,0.9
2025-10-17 12:55:07+00:00,33.740720435358966,-84.42101913479426,9277800,14795,24.0,24.0,24.0,24.0,23.0,23.0,23.0,23.0,77.0,77.0,74.0,74.0,17.166666666666668,72.8,17.00322222222222,14.166666666666666,0.9
2025-10-17 12:55:08+00:00,33.74072028477742,-84.42100663652533,9277800,14795,24.0,24.0,24.0,24.0,23.0,24.0,23.0,24.0,77.0,77.0,74.0,74.0,17.166666666666668,72.8,17.00322222222222,14.166666666666666,0.9
2025-10-17 12:55:09+00:00,33.74072010990613,-84.42099212220887,9277800,14795,24.0,24.0,24.0,24.0,23.0,24.0,23.0,24.0,77.0,77.0,74.0,74.0,17.166666666666668,72.8,17.00322222222222,14.166666666666666,0.9
2025-10-17 12:55:10+00:00,33.74071994647178,-84.42097855715743,9277800,14795,24.0,24.0,24.0,24.0,23.0,24.0,23.0,24.0,77.0,77.0,74.0,74.0,17.166666666666668,72.8,17.00322222222222,14.166666666666666,0.9
2025-10-17 12:55:11+00:00,33.74071979135038,-84.42096568208169,9277800,14795,24.0,24.0,24.0,24.0,23.0,24.0,23.0,24.0,77.0,77.0,74.0,74.0,17.22222222222222,72.8,17.061555555555557,14.166666666666666,1.0
2025-10-17 12:55:12+00:00,33.7407195946697,-84.42094935758522,9277800,14795,24.0,24.0,24.0,24.0,23.0,24.0,23.0,24.0,77.0,77.0,74.0,74.0,17.22222222222222,72.8,17.061555555555557,14.166666666666666,1.0
2025-10-17 12:55:13+00:00,33.740719370858855,-84.42093078128468,9277800,14795,24.0,24.0,24.0,24.0,23.0,24.0,23.0,24.0,77.0,77.0,74.0,74.0,17.22222222222222,72.8,17.061555555555557,14.166666666666666,1.0
2025-10-17 12:55:14+00:00,33.74071911037102,-84.42090916079442,9277800,14795,24.0,24.0,24.0,24.0,23.0,24.0,23.0,24.0,77.0,77.0,74.0,74.0,17.22222222222222,72.8,17.061555555555557,14.166666666666666,1.0
2025-10-17 12:55:15+00:00,33.74071888520895,-84.42089047234296,9277800,14795,24.0,24.0,24.0,24.0,23.0,24.0,23.0,24.0,77.0,77.0,74.0,74.0,17.22222222222222,72.8,17.061555555555557,14.166666666666666,1.0
2025-10-17 12:55:16+00:00,33.74071866835657,-84.42087247359504,9277800,14795,24.0,24.0,24.0,24.0,23.0,24.0,23.0,24.0,77.0,77.0,74.0,74.0,17.27777777777778,72.8,17.119888888888887,14.166666666666666,0.9
2025-10-17 12:55:17+00:00,33.74071848409144,-84.42085717958945,9277800,14795,24.0,24.0,24.0,24.0,23.0,24.0,23.0,24.0,77.0,77.0,74.0,74.0,17.27777777777778,72.8,17.119888888888887,14.166666666666666,0.9
2025-10-17 12:55:18+00:00,33.74071832212697,-84.42084373653898,9277800,14795,24.0,24.0,24.0,24.0,23.0,24.0,23.0,24.0,77.0,77.0,74.0,74.0,17.27777777777778,72.8,17.119888888888887,14.166666666666666,0.9
2025-10-17 12:55:19+00:00,33.74071816255614,-84.42083049215974,9277800,14795,24.0,24.0,24.0,24.0,23.0,24.0,23.0,24.0,77.0,77.0,74.0,74.0,17.27777777777778,72.8,17.119888888888887,14.166666666666666,0.9
2025-10-17 12:55:20+00:00,33.74071800789898,-84.42081765561517,9277800,14795,24.0,24.0,24.0,24.0,23.0,24.0,23.0,24.0,77.0,77.0,74.0,74.0,17.27777777777778,72.8,17.119888888888887,14.166666666666666,0.9
2025-10-17 12:55:21+00:00,33.74071786555073,-84.42080624405821,9277800,14795,24.0,24.0,24.0,24.0,23.0,24.0,23.0,24.0,77.0,77.0,74.0,74.0,17.333333333333332,72.8,17.17822222222222,14.277777777777779,0.8
2025-10-17 12:55:23+00:00,33.740717623058174,-84.42078684465386,9277800,14795,23.5,24.5,23.5,24.5,25.0,28.0,25.0,28.0,75.5,75.5,79.0,79.0,17.333333333333332,72.8,17.17822222222222,14.277777777777779,0.8
2025-10-17 12:55:25+00:00,33.74071735060191,-84.42076504815289,9277800,14795,23.5,24.5,23.5,24.5,25.0,28.0,25.0,28.0,75.5,75.5,79.0,79.0,17.333333333333332,72.8,17.17822222222222,14.277777777777779,0.8
2025-10-17 12:55:26+00:00,33.74071719105455,-84.42075228436407,9277800,14795,23.5,24.5,23.5,24.5,25.0,28.0,25.0,28.0,75.5,75.5,79.0,79.0,17.333333333333332,73.0,17.180833333333332,14.277777777777779,0.7
2025-10-17 12:55:27+00:00,33.740717034796376,-84.42073978371023,9277800,14795,23.5,24.5,23.5,24.5,25.0,28.0,25.0,28.0,75.5,75.5,79.0,79.0,17.333333333333332,73.0,17.180833333333332,14.277777777777779,0.7
2025-10-17 12:55:28+00:00,33.740716876708625,-84.42072713668982,9277800,14795,23.5,24.5,23.5,24.5,25.0,28.0,25.0,28.0,75.5,75.5,79.0,79.0,17.333333333333332,73.0,17.180833333333332,14.277777777777779,0.7
2025-10-17 12:55:29+00:00,33.74071672285758,-84.4207148286058,9277800,14795,23.5,24.5,23.5,24.5,25.0,28.0,25.0,28.0,75.5,75.5,79.0,79.0,17.333333333333332,73.0,17.180833333333332,14.277777777777779,0.7
2025-10-17 12:55:30+00:00,33.74071656399423,-84.4207021195388,9277800,14795,23.5,24.5,23.5,24.5,25.0,28.0,25.0,28.0,75.5,75.5,79.0,79.0,17.333333333333332,73.0,17.180833333333332,14.277777777777779,0.7
2025-10-17 12:55:31+00:00,33.74071640195916,-84.42068915673289,9277800,14795,23.5,24.5,23.5,24.5,25.0,28.0,25.0,28.0,75.5,75.5,79.0,79.0,17.333333333333332,73.1,17.182138888888893,14.277777777777779,0.9
2025-10-17 12:55:32+00:00,33.74071624068915,-84.42067625513198,9277800,14795,23.5,24.5,23.5,24.5,25.0,28.0,25.0,28.0,75.5,75.5,79.0,79.0,17.333333333333332,73.1,17.182138888888893,14.277777777777779,0.9
2025-10-17 12:55:33+00:00,33.74071608025137,-84.42066342010928,9277800,14795,23.5,24.5,23.5,24.5,25.0,28.0,25.0,28.0,75.5,75.5,79.0,79.0,17.333333333333332,73.1,17.182138888888893,14.277777777777779,0.9
2025-10-17 12:55:34+00:00,33.74071592135201,-84.42065070816089,9277800,14795,23.5,24.5,23.5,24.5,25.0,28.0,25.0,28.0,75.5,75.5,79.0,79.0,17.333333333333332,73.1,17.182138888888893,14.277777777777779,0.9
2025-10-17 12:55:35+00:00,33.74071576633372,-84.42063830669748,9277800,14795,23.5,24.5,23.5,24.5,25.0,28.0,25.0,28.0,75.5,75.5,79.0,79.0,17.333333333333332,73.1,17.182138888888893,14.277777777777779,0.9
2025-10-17 12:55:36+00:00,33.7407156170072,-84.42062636057578,9277800,14795,23.5,24.5,23.5,24.5,25.0,28.0,25.0,28.0,75.5,75.5,79.0,79.0,17.333333333333332,73.1,17.182138888888893,14.277777777777779,0.7
2025-10-17 12:55:37+00:00,33.740715474536046,-84.42061496288342,9277800,14795,23.5,24.5,23.5,24.5,25.0,28.0,25.0,28.0,75.5,75.5,79.0,79.0,17.333333333333332,73.1,17.182138888888893,14.277777777777779,0.7
2025-10-17 12:55:38+00:00,33.74071531989253,-84.42060259140253,9277800,14795,25.0,26.0,25.0,26.0,27.0,30.0,27.0,30.0,79.0,79.0,83.0,83.0,17.333333333333332,73.1,17.182138888888893,14.277777777777779,0.7
2025-10-17 12:55:39+00:00,33.74071518115878,-84.42059149270187,9277800,14795,25.0,26.0,25.0,26.0,27.0,30.0,27.0,30.0,79.0,79.0,83.0,83.0,17.333333333333332,73.1,17.182138888888893,14.277777777777779,0.7
2025-10-17 12:55:41+00:00,33.74071500014283,-84.42057701142582,9277800,14795,25.0,26.0,25.0,26.0,27.0,30.0,27.0,30.0,79.0,79.0,83.0,83.0,17.27777777777778,73.0,17.122499999999995,14.277777777777779,0.8
2025-10-17 12:55:42+00:00,33.740625121745765,-84.420493,9257224,6055,25.0,26.0,25.0,26.0,27.0,30.0,27.0,30.0,79.0,79.0,83.0,83.0,17.27777777777778,73.0,17.122499999999995,14.277777777777779,0.8
2025-10-17 12:55:43+00:00,33.74061527352145,-84.420493,9257224,6055,25.0,26.0,25.0,26.0,27.0,30.0,27.0,30.0,79.0,79.0,83.0,83.0,17.27777777777778,73.0,17.122499999999995,14.277777777777779,0.8
2025-10-17 12:55:44+00:00,33.74060503227983,-84.420493,9257224,6055,25.0,26.0,25.0,26.0,27.0,30.0,27.0,30.0,79.0,79.0,83.0,83.0,17.27777777777778,73.0,17.122499999999995,14.277777777777779,0.8
2025-10-17 12:55:45+00:00,33.74059467370863,-84.420493,9257224,6055,25.0,26.0,25.0,26.0,27.0,30.0,27.0,30.0,79.0,79.0,83.0,83.0,17.27777777777778,73.0,17.122499999999995,14.277777777777779,0.8
2025-10-17 12:55:46+00:00,33.74058397749581,-84.420493,9257224,6055,25.0,26.0,25.0,26.0,27.0,30.0,27.0,30.0,79.0,79.0,83.0,83.0,17.166666666666668,72.7,17.001916666666666,14.166666666666666,0.9
2025-10-17 12:55:47+00:00,33.740572748749315,-84.420493,9257224,6055,25.0,26.0,25.0,26.0,27.0,30.0,27.0,30.0,79.0,79.0,83.0,83.0,17.166666666666668,72.7,17.001916666666666,14.166666666666666,0.9
2025-10-17 12:55:48+00:00,33.74056164996754,-84.420493,9257224,6055,25.0,26.0,25.0,26.0,27.0,30.0,27.0,30.0,79.0,79.0,83.0,83.0,17.166666666666668,72.7,17.001916666666666,14.166666666666666,0.9
2025-10-17 12:55:49+00:00,33.74055207294867,-84.420493,9257224,6055,25.0,26.0,25.0,26.0,27.0,30.0,27.0,30.0,79.0,79.0,83.0,83.0,17.166666666666668,72.7,17.001916666666666,14.166666666666666,0.9
2025-10-17 12:55:50+00:00,33.74054275798609,-84.420493,9257224,6055,25.0,26.0,25.0,26.0,27.0,30.0,27.0,30.0,79.0,79.0,83.0,83.0,17.166666666666668,72.7,17.001916666666666,14.166666666666666,0.9
2025-10-17 12:55:51+00:00,33.740532988922624,-84.420493,9257224,6055,25.0,26.0,25.0,26.0,27.0,30.0,27.0,30.0,79.0,79.0,83.0,83.0,17.166666666666668,72.5,16.99930555555555,14.11111111111111,0.9
2025-10-17 12:55:52+00:00,33.74052310260733,-84.420493,9257224,6055,25.0,26.0,25.0,26.0,27.0,30.0,27.0,30.0,79.0,79.0,83.0,83.0,17.166666666666668,72.5,16.99930555555555,14.11111111111111,0.9
2025-10-17 12:55:53+00:00,33.74051335263642,-84.420493,9257224,6055,23.0,24.0,23.0,24.0,26.0,27.0,26.0,27.0,74.0,74.0,81.0,81.0,17.166666666666668,72.5,16.99930555555555,14.11111111111111,0.9
2025-10-17 12:55:54+00:00,33.74050397122806,-84.420493,9257224,6055,23.0,24.0,23.0,24.0,26.0,27.0,26.0,27.0,74.0,74.0,81.0,81.0,17.166666666666668,72.5,16.99930555555555,14.11111111111111,0.9
2025-10-17 12:55:56+00:00,33.74048860256937,-84.420493,9257224,6055,23.0,24.0,23.0,24.0,26.0,27.0,26.0,27.0,74.0,74.0,81.0,81.0,17.11111111111111,72.4,16.939666666666668,14.000000000000002,0.8
2025-10-17 12:56:00+00:00,33.740478985610636,-84.420493,9257224,6055,23.0,24.0,23.0,24.0,26.0,27.0,26.0,27.0,74.0,74.0,81.0,81.0,17.11111111111111,72.4,16.939666666666668,14.000000000000002,0.8
2025-10-17 12:56:02+00:00,33.74046532657929,-84.420493,9257224,6055,23.0,24.0,23.0,24.0,26.0,27.0,26.0,27.0,74.0,74.0,81.0,81.0,17.055555555555557,72.3,16.88002777777778,14.000000000000002,0.9
2025-10-17 12:56:03+00:00,33.74045584737842,-84.420493,9257224,6055,23.0,24.0,23.0,24.0,26.0,27.0,26.0,27.0,74.0,74.0,81.0,81.0,17.055555555555557,72.3,16.88002777777778,14.000000000000002,0.9
2025-10-17 12:56:04+00:00,33.74044556002087,-84.420493,9257224,6055,23.0,24.0,23.0,24.0,26.0,27.0,26.0,27.0,74.0,74.0,81.0,81.0,17.055555555555557,72.3,16.88002777777778,14.000000000000002,0.9
2025-10-17 12:56:06+00:00,33.74043232796252,-84.420493,9257224,6055,23.0,24.0,23.0,24.0,26.0,27.0,26.0,27.0,74.0,74.0,81.0,81.0,17.055555555555557,72.3,16.88002777777778,14.000000000000002,0.0
2025-10-17 12:56:09+00:00,33.74041637724309,-84.42049307620856,9257224,6055,23.0,23.0,23.0,23.0,25.0,26.0,25.0,26.0,74.0,74.0,79.0,79.0,17.055555555555557,72.3,16.88002777777778,14.000000000000002,0.0
2025-10-17 12:56:11+00:00,33.74040272888606,-84.42049314278592,9257224,6055,23.0,23.0,23.0,23.0,25.0,26.0,25.0,26.0,74.0,74.0,79.0,79.0,17.055555555555557,72.3,16.88002777777778,14.000000000000002,0.8
2025-10-17 12:56:12+00:00,33.74039361387167,-84.4204931872494,9257224,6055,23.0,23.0,23.0,23.0,25.0,26.0,25.0,26.0,74.0,74.0,79.0,79.0,17.055555555555557,72.3,16.88002777777778,14.000000000000002,0.8
2025-10-17 12:56:13+00:00,33.74038305803067,-84.42049323874132,9257224,6055,23.0,23.0,23.0,23.0,25.0,26.0,25.0,26.0,74.0,74.0,79.0,79.0,17.055555555555557,72.3,16.88002777777778,14.000000000000002,0.8
2025-10-17 12:56:14+00:00,33.740371683684664,-84.42049329422592,9257224,6055,23.0,23.0,23.0,23.0,25.0,26.0,25.0,26.0,74.0,74.0,79.0,79.0,17.055555555555557,72.3,16.88002777777778,14.000000000000002,0.8
2025-10-17 12:56:15+00:00,33.740360009192536,-84.42049335117467,9257224,6055,23.0,23.0,23.0,23.0,25.0,26.0,25.0,26.0,74.0,74.0,79.0,79.0,17.055555555555557,72.3,16.88002777777778,14.000000000000002,0.8
2025-10-17 12:56:16+00:00,33.74034855152888,-84.4204934070657,9257224,6055,23.0,23.0,23.0,23.0,25.0,26.0,25.0,26.0,74.0,74.0,79.0,79.0,17.055555555555557,72.4,16.881333333333334,14.000000000000002,0.8
2025-10-17 12:56:17+00:00,33.74033665608761,-84.42049346509225,9257224,6055,23.0,23.0,23.0,23.0,25.0,26.0,25.0,26.0,74.0,74.0,79.0,79.0,17.055555555555557,72.4,16.881333333333334,14.000000000000002,0.8
2025-10-17 12:56:18+00:00,33.740324354142,-84.42049352510175,9257224,6055,23.0,23.0,23.0,23.0,25.0,26.0,25.0,26.0,74.0,74.0,79.0,79.0,17.055555555555557,72.4,16.881333333333334,14.000000000000002,0.8
2025-10-17 12:56:19+00:00,33.74031093180514,-84.42049359057656,9257224,6055,23.0,23.0,23.0,23.0,25.0,26.0,25.0,26.0,74.0,74.0,79.0,79.0,17.055555555555557,72.4,16.881333333333334,14.000000000000002,0.8
2025-10-17 12:56:20+00:00,33.740297443304975,-84.42049365637412,9257224,6055,23.0,23.0,23.0,23.0,25.0,26.0,25.0,26.0,74.0,74.0,79.0,79.0,17.055555555555557,72.4,16.881333333333334,14.000000000000002,0.8
2025-10-17 12:56:21+00:00,33.74028607966425,-84.42049371180651,9257224,6055,23.0,23.0,23.0,23.0,25.0,26.0,25.0,26.0,74.0,74.0,79.0,79.0,17.166666666666668,72.4,16.998000000000005,14.11111111111111,0.9
2025-10-17 12:56:22+00:00,33.74027598546633,-84.4204937610465,9257224,6055,23.0,23.0,23.0,23.0,25.0,26.0,25.0,26.0,74.0,74.0,79.0,79.0,17.166666666666668,72.4,16.998000000000005,14.11111111111111,0.9
2025-10-17 12:56:23+00:00,33.74026671371378,-84.42049380627456,9257224,6055,24.5,25.0,24.5,25.0,27.5,28.5,27.5,28.5,78.0,78.0,84.0,84.0,17.166666666666668,72.4,16.998000000000005,14.11111111111111,0.9
2025-10-17 12:56:24+00:00,33.740257506994844,-84.4204938511854,9257224,6055,24.5,25.0,24.5,25.0,27.5,28.5,27.5,28.5,78.0,78.0,84.0,84.0,17.166666666666668,72.4,16.998000000000005,14.11111111111111,0.9
2025-10-17 12:56:25+00:00,33.74024748468366,-84.42049390007472,9257224,6055,24.5,25.0,24.5,25.0,27.5,28.5,27.5,28.5,78.0,78.0,84.0,84.0,17.166666666666668,72.4,16.998000000000005,14.11111111111111,0.9
2025-10-17 12:56:26+00:00,33.740236970041586,-84.42049395136566,9257224,6055,24.5,25.0,24.5,25.0,27.5,28.5,27.5,28.5,78.0,78.0,84.0,84.0,17.22222222222222,72.5,17.05763888888889,14.11111111111111,0.0
2025-10-17 12:56:27+00:00,33.74022685584173,-84.420494,9257224,6055,24.5,25.0,24.5,25.0,27.5,28.5,27.5,28.5,78.0,78.0,84.0,84.0,17.22222222222222,72.5,17.05763888888889,14.11111111111111,0.0
2025-10-17 12:56:28+00:00,33.74021653978769,-84.420494,9257224,6055,24.5,25.0,24.5,25.0,27.5,28.5,27.5,28.5,78.0,78.0,84.0,84.0,17.22222222222222,72.5,17.05763888888889,14.11111111111111,0.0
2025-10-17 12:56:29+00:00,33.74020678622611,-84.420494,9257224,6055,24.5,25.0,24.5,25.0,27.5,28.5,27.5,28.5,78.0,78.0,84.0,84.0,17.22222222222222,72.5,17.05763888888889,14.11111111111111,0.0
2025-10-17 12:56:30+00:00,33.74019680778627,-84.420494,9257224,6055,24.5,25.0,24.5,25.0,27.5,28.5,27.5,28.5,78.0,78.0,84.0,84.0,17.22222222222222,72.5,17.05763888888889,14.11111111111111,0.0
2025-10-17 12:56:31+00:00,33.74018724184244,-84.420494,9257224,6055,24.5,25.0,24.5,25.0,27.5,28.5,27.5,28.5,78.0,78.0,84.0,84.0,17.27777777777778,72.7,17.118583333333333,14.166666666666666,0.0
2025-10-17 12:56:32+00:00,33.74017724260443,-84.420494,9257224,6055,24.5,25.0,24.5,25.0,27.5,28.5,27.5,28.5,78.0,78.0,84.0,84.0,17.27777777777778,72.7,17.118583333333333,14.166666666666666,0.0
2025-10-17 12:56:33+00:00,33.7401671573493,-84.420494,9257224,6055,24.5,25.0,24.5,25.0,27.5,28.5,27.5,28.5,78.0,78.0,84.0,84.0,17.27777777777778,72.7,17.118583333333333,14.166666666666666,0.0
2025-10-17 12:56:34+00:00,33.74015723249148,-84.420494,9257224,6055,24.5,25.0,24.5,25.0,27.5,28.5,27.5,28.5,78.0,78.0,84.0,84.0,17.27777777777778,72.7,17.118583333333333,14.166666666666666,0.0
2025-10-17 12:56:35+00:00,33.74014746102303,-84.420494,9257224,6055,24.5,25.0,24.5,25.0,27.5,28.5,27.5,28.5,78.0,78.0,84.0,84.0,17.27777777777778,72.7,17.118583333333333,14.166666666666666,0.0
2025-10-17 12:56:36+00:00,33.74013638375147,-84.420494,9257224,6055,24.5,25.0,24.5,25.0,27.5,28.5,27.5,28.5,78.0,78.0,84.0,84.0,17.38888888888889,72.8,17.236555555555555,14.38888888888889,0.8
2025-10-17 12:56:37+00:00,33.74012372529722,-84.420494,9257224,6055,24.5,25.0,24.5,25.0,27.5,28.5,27.5,28.5,78.0,78.0,84.0,84.0,17.38888888888889,72.8,17.236555555555555,14.38888888888889,0.8
2025-10-17 12:56:38+00:00,33.74010971615507,-84.420494,9257224,6055,26.5,28.0,26.5,28.0,26.5,28.5,26.5,28.5,82.0,82.0,82.0,82.0,17.38888888888889,72.8,17.236555555555555,14.38888888888889,0.8
2025-10-17 12:56:39+00:00,33.740096021546485,-84.420494,9257224,6055,26.5,28.0,26.5,28.0,26.5,28.5,26.5,28.5,82.0,82.0,82.0,82.0,17.38888888888889,72.8,17.236555555555555,14.38888888888889,0.8
2025-10-17 12:56:40+00:00,33.740083176599505,-84.420494,9257224,6055,26.5,28.0,26.5,28.0,26.5,28.5,26.5,28.5,82.0,82.0,82.0,82.0,17.38888888888889,72.8,17.236555555555555,14.38888888888889,0.8
2025-10-17 12:56:41+00:00,33.74006925779123,-84.420494,9257224,6055,26.5,28.0,26.5,28.0,26.5,28.5,26.5,28.5,82.0,82.0,82.0,82.0,17.333333333333332,72.9,17.179527777777782,14.277777777777779,0.8
2025-10-17 12:56:42+00:00,33.740054077217295,-84.420494,9257224,6055,26.5,28.0,26.5,28.0,26.5,28.5,26.5,28.5,82.0,82.0,82.0,82.0,17.333333333333332,72.9,17.179527777777782,14.277777777777779,0.8
2025-10-17 12:56:43+00:00,33.74004001977131,-84.420494,9257224,6055,26.5,28.0,26.5,28.0,26.5,28.5,26.5,28.5,82.0,82.0,82.0,82.0,17.333333333333332,72.9,17.179527777777782,14.277777777777779,0.8
2025-10-17 12:56:44+00:00,33.74002803056328,-84.420494,9257224,6056,26.5,28.0,26.5,28.0,26.5,28.5,26.5,28.5,82.0,82.0,82.0,82.0,17.333333333333332,72.9,17.179527777777782,14.277777777777779,0.8
2025-10-17 12:56:45+00:00,33.74001889566073,-84.420494,9257224,6056,26.5,28.0,26.5,28.0,26.5,28.5,26.5,28.5,82.0,82.0,82.0,82.0,17.333333333333332,72.9,17.179527777777782,14.277777777777779,0.8
2025-10-17 12:56:46+00:00,33.74000948307037,-84.420494,9257224,6056,26.5,28.0,26.5,28.0,26.5,28.5,26.5,28.5,82.0,82.0,82.0,82.0,17.38888888888889,73.1,17.24047222222222,14.38888888888889,0.0
2025-10-17 12:56:47+00:00,33.74000041094035,-84.420494,9257224,6056,26.5,28.0,26.5,28.0,26.5,28.5,26.5,28.5,82.0,82.0,82.0,82.0,17.38888888888889,73.1,17.24047222222222,14.38888888888889,0.0
2025-10-17 12:56:49+00:00,33.73998246086127,-84.420494,9257224,6056,26.5,28.0,26.5,28.0,26.5,28.5,26.5,28.5,82.0,82.0,82.0,82.0,17.38888888888889,73.1,17.24047222222222,14.38888888888889,0.0
2025-10-17 12:56:51+00:00,33.73996796574842,-84.420494,9257224,6056,26.5,28.0,26.5,28.0,26.5,28.5,26.5,28.5,82.0,82.0,82.0,82.0,17.333333333333332,73.3,17.18475,14.277777777777779,0.9
2025-10-17 12:56:53+00:00,33.73996185903867,-84.420494,9257224,6056,23.0,24.0,23.0,24.0,22.0,25.0,22.0,25.0,74.0,74.0,72.0,72.0,17.333333333333332,73.3,17.18475,14.277777777777779,0.9
2025-10-17 12:56:54+00:00,33.73996062970684,-84.420494,9257224,6056,23.0,24.0,23.0,24.0,22.0,25.0,22.0,25.0,74.0,74.0,72.0,72.0,17.333333333333332,73.3,17.18475,14.277777777777779,0.9
2025-10-17 12:56:56+00:00,33.73996793415451,-84.420494,9257224,6056,23.0,24.0,23.0,24.0,22.0,25.0,22.0,25.0,74.0,74.0,72.0,72.0,17.333333333333332,73.4,17.18605555555556,14.277777777777779,0.0
2025-10-17 12:56:59+00:00,33.739959959960736,-84.420494,9257224,6056,23.0,24.0,23.0,24.0,22.0,25.0,22.0,25.0,74.0,74.0,72.0,72.0,17.333333333333332,73.4,17.18605555555556,14.277777777777779,0.0
2025-10-17 12:57:00+00:00,33.739948466893956,-84.420494,9257224,6056,23.0,24.0,23.0,24.0,22.0,25.0,22.0,25.0,74.0,74.0,72.0,72.0,17.333333333333332,73.4,17.18605555555556,14.277777777777779,0.0
2025-10-17 12:57:01+00:00,33.73993350483145,-84.420494,9257224,6056,23.0,24.0,23.0,24.0,22.0,25.0,22.0,25.0,74.0,74.0,72.0,72.0,17.333333333333332,73.5,17.187361111111116,14.38888888888889,0.0
2025-10-17 12:57:02+00:00,33.73991808663179,-84.420494,9257224,6056,23.0,24.0,23.0,24.0,22.0,25.0,22.0,25.0,74.0,74.0,72.0,72.0,17.333333333333332,73.5,17.187361111111116,14.38888888888889,0.0
2025-10-17 12:57:03+00:00,33.739908894810284,-84.420494,9257224,6056,23.0,24.0,23.0,24.0,22.0,25.0,22.0,25.0,74.0,74.0,72.0,72.0,17.333333333333332,73.5,17.187361111111116,14.38888888888889,0.0
2025-10-17 12:57:05+00:00,33.73990908942684,-84.420494,9257224,6056,23.0,24.0,23.0,24.0,22.0,25.0,22.0,25.0,74.0,74.0,72.0,72.0,17.333333333333332,73.5,17.187361111111116,14.38888888888889,0.0
2025-10-17 12:57:07+00:00,33.739919396259765,-84.420494,9257224,6056,23.0,24.0,23.0,24.0,22.0,25.0,22.0,25.0,74.0,74.0,72.0,72.0,17.333333333333332,73.8,17.19127777777778,14.38888888888889,0.9
2025-10-17 12:57:09+00:00,33.739931788538385,-84.420494,9257224,6056,23.0,23.0,23.0,23.0,22.0,23.0,22.0,23.0,74.0,74.0,72.0,72.0,17.333333333333332,73.8,17.19127777777778,14.38888888888889,0.9
2025-10-17 12:57:13+00:00,33.73992203148635,-84.420494,9257224,6056,23.0,23.0,23.0,23.0,22.0,23.0,22.0,23.0,74.0,74.0,72.0,72.0,17.22222222222222,73.8,17.074611111111114,14.277777777777779,0.0
2025-10-17 12:57:14+00:00,33.739912374178296,-84.420494,9257224,6056,23.0,23.0,23.0,23.0,22.0,23.0,22.0,23.0,74.0,74.0,72.0,72.0,17.22222222222222,73.8,17.074611111111114,14.277777777777779,0.0
2025-10-17 12:57:15+00:00,33.73990233641244,-84.420494,9257224,6056,23.0,23.0,23.0,23.0,22.0,23.0,22.0,23.0,74.0,74.0,72.0,72.0,17.22222222222222,73.8,17.074611111111114,14.277777777777779,0.0
2025-10-17 12:57:16+00:00,33.73989001654641,-84.420494,9257224,6056,23.0,23.0,23.0,23.0,22.0,23.0,22.0,23.0,74.0,74.0,72.0,72.0,17.333333333333332,73.8,17.19127777777778,14.38888888888889,0.0
2025-10-17 12:57:17+00:00,33.739876993992915,-84.420494,9257224,6056,23.0,23.0,23.0,23.0,22.0,23.0,22.0,23.0,74.0,74.0,72.0,72.0,17.333333333333332,73.8,17.19127777777778,14.38888888888889,0.0
2025-10-17 12:57:18+00:00,33.73986255488023,-84.420494,9257224,6056,23.0,23.0,23.0,23.0,22.0,23.0,22.0,23.0,74.0,74.0,72.0,72.0,17.333333333333332,73.8,17.19127777777778,14.38888888888889,0.0
2025-10-17 12:57:19+00:00,33.73984921758574,-84.420494,9257224,6056,23.0,23.0,23.0,23.0,22.0,23.0,22.0,23.0,74.0,74.0,72.0,72.0,17.333333333333332,73.8,17.19127777777778,14.38888888888889,0.0
2025-10-17 12:57:20+00:00,33.73983699713458,-84.420494,9257224,6056,23.0,23.0,23.0,23.0,22.0,23.0,22.0,23.0,74.0,74.0,72.0,72.0,17.333333333333332,73.8,17.19127777777778,14.38888888888889,0.0
2025-10-17 12:57:21+00:00,33.739825274242556,-84.420494,9257224,6056,23.0,23.0,23.0,23.0,22.0,23.0,22.0,23.0,74.0,74.0,72.0,72.0,17.333333333333332,73.8,17.19127777777778,14.38888888888889,0.7
2025-10-17 12:57:22+00:00,33.73981297683957,-84.420494,9257224,6056,23.0,23.0,23.0,23.0,22.0,23.0,22.0,23.0,74.0,74.0,72.0,72.0,17.333333333333332,73.8,17.19127777777778,14.38888888888889,0.7
2025-10-17 12:57:23+00:00,33.73980153663263,-84.420494,9257224,6056,21.0,21.0,21.0,21.0,24.0,25.0,24.0,25.0,70.0,70.0,77.0,77.0,17.333333333333332,73.8,17.19127777777778,14.38888888888889,0.7
2025-10-17 12:57:24+00:00,33.73979014841894,-84.420494,9257224,6056,21.0,21.0,21.0,21.0,24.0,25.0,24.0,25.0,70.0,70.0,77.0,77.0,17.333333333333332,73.8,17.19127777777778,14.38888888888889,0.7
2025-10-17 12:57:25+00:00,33.739777894436415,-84.420494,9257224,6056,21.0,21.0,21.0,21.0,24.0,25.0,24.0,25.0,70.0,70.0,77.0,77.0,17.333333333333332,73.8,17.19127777777778,14.38888888888889,0.7
2025-10-17 12:57:26+00:00,33.73976564869431,-84.420494,9257224,6056,21.0,21.0,21.0,21.0,24.0,25.0,24.0,25.0,70.0,70.0,77.0,77.0,17.333333333333332,74.0,17.193888888888893,14.5,0.8
2025-10-17 12:57:27+00:00,33.739753055369995,-84.420494,9257224,6056,21.0,21.0,21.0,21.0,24.0,25.0,24.0,25.0,70.0,70.0,77.0,77.0,17.333333333333332,74.0,17.193888888888893,14.5,0.8
2025-10-17 12:57:28+00:00,33.73973936289309,-84.420494,9257224,6056,21.0,21.0,21.0,21.0,24.0,25.0,24.0,25.0,70.0,70.0,77.0,77.0,17.333333333333332,74.0,17.193888888888893,14.5,0.8
2025-10-17 12:57:29+00:00,33.739725662559316,-84.420494,9257224,6056,21.0,21.0,21.0,21.0,24.0,25.0,24.0,25.0,70.0,70.0,77.0,77.0,17.333333333333332,74.0,17.193888888888893,14.5,0.8
2025-10-17 12:57:30+00:00,33.73971299860618,-84.420494,9257224,6056,21.0,21.0,21.0,21.0,24.0,25.0,24.0,25.0,70.0,70.0,77.0,77.0,17.333333333333332,74.0,17.193888888888893,14.5,0.8
2025-10-17 12:57:31+00:00,33.739702732333086,-84.420494,9257224,6056,21.0,21.0,21.0,21.0,24.0,25.0,24.0,25.0,70.0,70.0,77.0,77.0,17.22222222222222,73.9,17.075916666666664,14.38888888888889,0.0
2025-10-17 12:57:33+00:00,33.73968603224837,-84.420494,9257224,6056,21.0,21.0,21.0,21.0,24.0,25.0,24.0,25.0,70.0,70.0,77.0,77.0,17.22222222222222,73.9,17.075916666666664,14.38888888888889,0.0
2025-10-17 12:57:34+00:00,33.73967673979419,-84.420494,9257224,6056,21.0,21.0,21.0,21.0,24.0,25.0,24.0,25.0,70.0,70.0,77.0,77.0,17.22222222222222,73.9,17.075916666666664,14.38888888888889,0.0
2025-10-17 12:57:35+00:00,33.7396670103121,-84.420494,9257224,6056,21.0,21.0,21.0,21.0,24.0,25.0,24.0,25.0,70.0,70.0,77.0,77.0,17.22222222222222,73.9,17.075916666666664,14.38888888888889,0.0
2025-10-17 12:57:36+00:00,33.73965710465867,-84.420494,9257224,6056,21.0,21.0,21.0,21.0,24.0,25.0,24.0,25.0,70.0,70.0,77.0,77.0,17.166666666666668,73.6,17.013666666666666,14.166666666666666,0.0
2025-10-17 12:57:37+00:00,33.739647450884135,-84.420494,9257224,6056,21.0,21.0,21.0,21.0,24.0,25.0,24.0,25.0,70.0,70.0,77.0,77.0,17.166666666666668,73.6,17.013666666666666,14.166666666666666,0.0
2025-10-17 12:57:38+00:00,33.73963813221661,-84.420494,9257224,6056,22.0,22.0,22.0,22.0,22.0,23.0,22.0,23.0,72.0,72.0,72.0,72.0,17.166666666666668,73.6,17.013666666666666,14.166666666666666,0.0
2025-10-17 12:57:39+00:00,33.73962885689782,-84.420494,9257224,6056,22.0,22.0,22.0,22.0,22.0,23.0,22.0,23.0,72.0,72.0,72.0,72.0,17.166666666666668,73.6,17.013666666666666,14.166666666666666,0.0
2025-10-17 12:57:40+00:00,33.73961956029548,-84.420494,9257224,6056,22.0,22.0,22.0,22.0,22.0,23.0,22.0,23.0,72.0,72.0,72.0,72.0,17.166666666666668,73.6,17.013666666666666,14.166666666666666,0.0
2025-10-17 12:57:41+00:00,33.73960931620727,-84.42049404770341,9257224,6056,22.0,22.0,22.0,22.0,22.0,23.0,22.0,23.0,72.0,72.0,72.0,72.0,17.11111111111111,73.4,16.95272222222222,14.11111111111111,0.0
2025-10-17 12:57:42+00:00,33.73959958730435,-84.42049409562905,9257224,6056,22.0,22.0,22.0,22.0,22.0,23.0,22.0,23.0,72.0,72.0,72.0,72.0,17.11111111111111,73.4,16.95272222222222,14.11111111111111,0.0
2025-10-17 12:57:43+00:00,33.73959016088098,-84.42049414206463,9257224,6056,22.0,22.0,22.0,22.0,22.0,23.0,22.0,23.0,72.0,72.0,72.0,72.0,17.11111111111111,73.4,16.95272222222222,14.11111111111111,0.0
2025-10-17 12:57:44+00:00,33.73958073654806,-84.42049418848991,9257224,6056,22.0,22.0,22.0,22.0,22.0,23.0,22.0,23.0,72.0,72.0,72.0,72.0,17.11111111111111,73.4,16.95272222222222,14.11111111111111,0.0
2025-10-17 12:57:45+00:00,33.73957118204756,-84.42049423555642,9257224,6056,22.0,22.0,22.0,22.0,22.0,23.0,22.0,23.0,72.0,72.0,72.0,72.0,17.11111111111111,73.4,16.95272222222222,14.11111111111111,0.0
2025-10-17 12:57:46+00:00,33.73956186092241,-84.4204942814733,9257224,6056,22.0,22.0,22.0,22.0,22.0,23.0,22.0,23.0,72.0,72.0,72.0,72.0,17.055555555555557,73.2,16.89177777777778,14.11111111111111,0.9
2025-10-17 12:57:47+00:00,33.739551667955475,-84.42049433168495,9257224,6056,22.0,22.0,22.0,22.0,22.0,23.0,22.0,23.0,72.0,72.0,72.0,72.0,17.055555555555557,73.2,16.89177777777778,14.11111111111111,0.9
2025-10-17 12:57:48+00:00,33.73954093827516,-84.42049438454052,9257224,6056,22.0,22.0,22.0,22.0,22.0,23.0,22.0,23.0,72.0,72.0,72.0,72.0,17.055555555555557,73.2,16.89177777777778,14.11111111111111,0.9
2025-10-17 12:57:49+00:00,33.73952985227787,-84.42049443915134,9257224,6056,22.0,22.0,22.0,22.0,22.0,23.0,22.0,23.0,72.0,72.0,72.0,72.0,17.055555555555557,73.2,16.89177777777778,14.11111111111111,0.9
2025-10-17 12:57:50+00:00,33.73951969798035,-84.42049448917251,9257224,6056,22.0,22.0,22.0,22.0,22.0,23.0,22.0,23.0,72.0,72.0,72.0,72.0,17.055555555555557,73.2,16.89177777777778,14.11111111111111,0.9
2025-10-17 12:57:51+00:00,33.73950923970734,-84.4204945406911,9257224,6056,22.0,22.0,22.0,22.0,22.0,23.0,22.0,23.0,72.0,72.0,72.0,72.0,16.944444444444443,73.0,16.772499999999997,14.000000000000002,0.8
2025-10-17 12:57:52+00:00,33.739499197537775,-84.42049459015992,9257224,6056,22.0,22.0,22.0,22.0,22.0,23.0,22.0,23.0,72.0,72.0,72.0,72.0,16.944444444444443,73.0,16.772499999999997,14.000000000000002,0.8
2025-10-17 12:57:54+00:00,33.739482432278464,-84.4204946727474,9257224,6056,22.0,23.0,22.0,23.0,21.0,22.0,21.0,22.0,72.0,72.0,70.0,70.0,16.944444444444443,73.0,16.772499999999997,14.000000000000002,0.8
2025-10-17 12:57:56+00:00,33.73946576338289,-84.42049475486019,9257224,6056,22.0,23.0,22.0,23.0,21.0,22.0,21.0,22.0,72.0,72.0,70.0,70.0,16.944444444444443,72.9,16.771194444444447,13.88888888888889,0.8
2025-10-17 12:57:57+00:00,33.73945686096868,-84.42049479871444,9257224,6056,22.0,23.0,22.0,23.0,21.0,22.0,21.0,22.0,72.0,72.0,70.0,70.0,16.944444444444443,72.9,16.771194444444447,13.88888888888889,0.8
2025-10-17 12:57:58+00:00,33.73944779313194,-84.4204948433836,9257224,6056,22.0,23.0,22.0,23.0,21.0,22.0,21.0,22.0,72.0,72.0,70.0,70.0,16.944444444444443,72.9,16.771194444444447,13.88888888888889,0.8
2025-10-17 12:57:59+00:00,33.739439116948816,-84.42049488612341,9257224,6056,22.0,23.0,22.0,23.0,21.0,22.0,21.0,22.0,72.0,72.0,70.0,70.0,16.944444444444443,72.9,16.771194444444447,13.88888888888889,0.8
2025-10-17 12:58:00+00:00,33.73942817473994,-84.42049494002592,9257224,6056,22.0,23.0,22.0,23.0,21.0,22.0,21.0,22.0,72.0,72.0,70.0,70.0,16.944444444444443,72.9,16.771194444444447,13.88888888888889,0.8
2025-10-17 12:58:01+00:00,33.73941596093567,-84.420495,9257224,6056,22.0,23.0,22.0,23.0,21.0,22.0,21.0,22.0,72.0,72.0,70.0,70.0,16.944444444444443,72.9,16.771194444444447,13.88888888888889,0.0
2025-10-17 12:58:02+00:00,33.739405686330606,-84.420495,9257224,6056,22.0,23.0,22.0,23.0,21.0,22.0,21.0,22.0,72.0,72.0,70.0,70.0,16.944444444444443,72.9,16.771194444444447,13.88888888888889,0.0
2025-10-17 12:58:03+00:00,33.73939714981514,-84.420495,9257224,6056,22.0,23.0,22.0,23.0,21.0,22.0,21.0,22.0,72.0,72.0,70.0,70.0,16.944444444444443,72.9,16.771194444444447,13.88888888888889,0.0
2025-10-17 12:58:04+00:00,33.73938737183711,-84.420495,9257224,6056,22.0,23.0,22.0,23.0,21.0,22.0,21.0,22.0,72.0,72.0,70.0,70.0,16.944444444444443,72.9,16.771194444444447,13.88888888888889,0.0
2025-10-17 12:58:05+00:00,33.739377737549844,-84.420495,9257224,6056,22.0,23.0,22.0,23.0,21.0,22.0,21.0,22.0,72.0,72.0,70.0,70.0,16.944444444444443,72.9,16.771194444444447,13.88888888888889,0.0
2025-10-17 12:58:06+00:00,33.7393682465682,-84.420495,9257224,6056,22.0,23.0,22.0,23.0,21.0,22.0,21.0,22.0,72.0,72.0,70.0,70.0,16.944444444444443,72.6,16.767277777777778,13.88888888888889,0.0
2025-10-17 12:58:07+00:00,33.739358518353605,-84.420495,9257224,6056,22.0,23.0,22.0,23.0,21.0,22.0,21.0,22.0,72.0,72.0,70.0,70.0,16.944444444444443,72.6,16.767277777777778,13.88888888888889,0.0
2025-10-17 12:58:08+00:00,33.73934885120779,-84.420495,9257224,6056,24.0,25.0,24.0,25.0,23.0,24.0,23.0,24.0,77.0,77.0,74.0,74.0,16.944444444444443,72.6,16.767277777777778,13.88888888888889,0.0
2025-10-17 12:58:09+00:00,33.7393353054144,-84.420495,9257224,6056,24.0,25.0,24.0,25.0,23.0,24.0,23.0,24.0,77.0,77.0,74.0,74.0,16.944444444444443,72.6,16.767277777777778,13.88888888888889,0.0
2025-10-17 12:58:10+00:00,33.739320618323674,-84.420495,9257224,6056,24.0,25.0,24.0,25.0,23.0,24.0,23.0,24.0,77.0,77.0,74.0,74.0,16.944444444444443,72.6,16.767277777777778,13.88888888888889,0.0
2025-10-17 12:58:11+00:00,33.73930634448311,-84.420495,9257224,6056,24.0,25.0,24.0,25.0,23.0,24.0,23.0,24.0,77.0,77.0,74.0,74.0,16.944444444444443,72.5,16.765972222222224,13.777777777777777,0.8
2025-10-17 12:58:12+00:00,33.73929274577719,-84.420495,9257224,6056,24.0,25.0,24.0,25.0,23.0,24.0,23.0,24.0,77.0,77.0,74.0,74.0,16.944444444444443,72.5,16.765972222222224,13.777777777777777,0.8
2025-10-17 12:58:13+00:00,33.7392797893418,-84.420495,9257224,6056,24.0,25.0,24.0,25.0,23.0,24.0,23.0,24.0,77.0,77.0,74.0,74.0,16.944444444444443,72.5,16.765972222222224,13.777777777777777,0.8
2025-10-17 12:58:14+00:00,33.73926800940947,-84.420495,9257224,6056,24.0,25.0,24.0,25.0,23.0,24.0,23.0,24.0,77.0,77.0,74.0,74.0,16.944444444444443,72.5,16.765972222222224,13.777777777777777,0.8
2025-10-17 12:58:15+00:00,33.739257083035966,-84.420495,9257224,6056,24.0,25.0,24.0,25.0,23.0,24.0,23.0,24.0,77.0,77.0,74.0,74.0,16.944444444444443,72.5,16.765972222222224,13.777777777777777,0.8
2025-10-17 12:58:17+00:00,33.73924188251172,-84.420495,9257224,6056,24.0,25.0,24.0,25.0,23.0,24.0,23.0,24.0,77.0,77.0,74.0,74.0,16.944444444444443,72.4,16.764666666666667,13.88888888888889,0.7
2025-10-17 12:58:19+00:00,33.73922768087819,-84.420495,9257224,6056,24.0,25.0,24.0,25.0,23.0,24.0,23.0,24.0,77.0,77.0,74.0,74.0,16.944444444444443,72.4,16.764666666666667,13.88888888888889,0.7
2025-10-17 12:58:21+00:00,33.73920996201401,-84.420495,9257224,6056,24.0,25.0,24.0,25.0,23.0,24.0,23.0,24.0,77.0,77.0,74.0,74.0,16.944444444444443,72.4,16.764666666666667,13.88888888888889,0.8
2025-10-17 12:58:22+00:00,33.7391997441545,-84.420495,9257224,6056,24.0,25.0,24.0,25.0,23.0,24.0,23.0,24.0,77.0,77.0,74.0,74.0,16.944444444444443,72.4,16.764666666666667,13.88888888888889,0.8
2025-10-17 12:58:23+00:00,33.739189945611336,-84.420495,9257224,6056,25.0,26.0,25.0,26.0,33.0,36.0,32.0,36.0,79.0,79.0,96.0,94.0,16.944444444444443,72.4,16.764666666666667,13.88888888888889,0.8
2025-10-17 12:58:24+00:00,33.73918012040695,-84.420495,9257224,6056,25.0,26.0,25.0,26.0,33.0,36.0,32.0,36.0,79.0,79.0,96.0,94.0,16.944444444444443,72.4,16.764666666666667,13.88888888888889,0.8
2025-10-17 12:58:25+00:00,33.73917070652371,-84.420495,9257224,6056,25.0,26.0,25.0,26.0,33.0,36.0,32.0,36.0,79.0,79.0,96.0,94.0,16.944444444444443,72.4,16.764666666666667,13.88888888888889,0.8
2025-10-17 12:58:26+00:00,33.73916052595494,-84.420495,9257224,6056,25.0,26.0,25.0,26.0,33.0,36.0,32.0,36.0,79.0,79.0,96.0,94.0,16.944444444444443,72.2,16.762055555555555,13.88888888888889,0.7
2025-10-17 12:58:27+00:00,33.73915013837597,-84.420495,9257224,6056,25.0,26.0,25.0,26.0,33.0,36.0,32.0,36.0,79.0,79.0,96.0,94.0,16.944444444444443,72.2,16.762055555555555,13.88888888888889,0.7
2025-10-17 12:58:28+00:00,33.739139321503124,-84.420495,9257224,6056,25.0,26.0,25.0,26.0,33.0,36.0,32.0,36.0,79.0,79.0,96.0,94.0,16.944444444444443,72.2,16.762055555555555,13.88888888888889,0.7
2025-10-17 12:58:29+00:00,33.739128934980414,-84.420495,9257224,6056,25.0,26.0,25.0,26.0,33.0,36.0,32.0,36.0,79.0,79.0,96.0,94.0,16.944444444444443,72.2,16.762055555555555,13.88888888888889,0.7
2025-10-17 12:58:30+00:00,33.73911838900957,-84.420495,9257224,6056,25.0,26.0,25.0,26.0,33.0,36.0,32.0,36.0,79.0,79.0,96.0,94.0,16.944444444444443,72.2,16.762055555555555,13.88888888888889,0.7
2025-10-17 12:58:31+00:00,33.73910846910019,-84.420495,9257224,6056,25.0,26.0,25.0,26.0,33.0,36.0,32.0,36.0,79.0,79.0,96.0,94.0,16.944444444444443,72.1,16.76075,13.88888888888889,0.7
2025-10-17 12:58:32+00:00,33.73909868901047,-84.420495,9257224,6056,25.0,26.0,25.0,26.0,33.0,36.0,32.0,36.0,79.0,79.0,96.0,94.0,16.944444444444443,72.1,16.76075,13.88888888888889,0.7
2025-10-17 12:58:33+00:00,33.73908962771465,-84.420495,9257224,6057,25.0,26.0,25.0,26.0,33.0,36.0,32.0,36.0,79.0,79.0,96.0,94.0,16.944444444444443,72.1,16.76075,13.88888888888889,0.7
2025-10-17 12:58:35+00:00,33.739073396680126,-84.420495,9257224,6057,25.0,26.0,25.0,26.0,33.0,36.0,32.0,36.0,79.0,79.0,96.0,94.0,16.944444444444443,72.1,16.76075,13.88888888888889,0.7
2025-10-17 12:58:37+00:00,33.7390588939897,-84.420495,9257224,6057,25.0,26.0,25.0,26.0,33.0,36.0,32.0,36.0,79.0,79.0,96.0,94.0,17.0,72.0,16.817777777777778,13.88888888888889,0.8
2025-10-17 12:58:39+00:00,33.73904591976793,-84.420495,9257224,6057,25.0,25.0,25.0,25.0,31.0,35.0,31.0,35.0,79.0,79.0,91.0,91.0,17.0,72.0,16.817777777777778,13.88888888888889,0.8
2025-10-17 12:58:44+00:00,33.73904057759505,-84.420495,9257224,6057,25.0,25.0,25.0,25.0,31.0,35.0,31.0,35.0,79.0,79.0,91.0,91.0,17.0,72.1,16.81908333333333,13.88888888888889,0.7
2025-10-17 12:58:46+00:00,33.73903299242728,-84.420495,9257224,6057,25.0,25.0,25.0,25.0,31.0,35.0,31.0,35.0,79.0,79.0,91.0,91.0,17.11111111111111,72.2,16.937055555555553,14.000000000000002,0.0
2025-10-17 12:58:47+00:00,33.739029060461384,-84.420495,9257224,6057,25.0,25.0,25.0,25.0,31.0,35.0,31.0,35.0,79.0,79.0,91.0,91.0,17.11111111111111,72.2,16.937055555555553,14.000000000000002,0.0
2025-10-17 12:58:48+00:00,33.73902424151085,-84.420495,9257224,6057,25.0,25.0,25.0,25.0,31.0,35.0,31.0,35.0,79.0,79.0,91.0,91.0,17.11111111111111,72.2,16.937055555555553,14.000000000000002,0.0
2025-10-17 12:58:49+00:00,33.73901847901796,-84.420495,9257224,6057,25.0,25.0,25.0,25.0,31.0,35.0,31.0,35.0,79.0,79.0,91.0,91.0,17.11111111111111,72.2,16.937055555555553,14.000000000000002,0.0
2025-10-17 12:58:50+00:00,33.73901141882475,-84.42049503848641,9257224,6057,25.0,25.0,25.0,25.0,31.0,35.0,31.0,35.0,79.0,79.0,91.0,91.0,17.11111111111111,72.2,16.937055555555553,14.000000000000002,0.0
2025-10-17 12:58:51+00:00,33.7390046799488,-84.42045446037253,1090914999,89671,25.0,25.0,25.0,25.0,31.0,35.0,31.0,35.0,79.0,79.0,91.0,91.0,17.166666666666668,72.3,16.99669444444444,14.000000000000002,0.8
2025-10-17 12:58:52+00:00,33.73899468779611,-84.42045351771661,1090914999,89671,25.0,25.0,25.0,25.0,31.0,35.0,31.0,35.0,79.0,79.0,91.0,91.0,17.166666666666668,72.3,16.99669444444444,14.000000000000002,0.8
2025-10-17 12:58:53+00:00,33.738984752982205,-84.42045258047003,1090914999,89671,26.0,26.0,26.0,26.0,29.0,32.0,29.0,32.0,81.0,81.0,87.0,87.0,17.166666666666668,72.3,16.99669444444444,14.000000000000002,0.8
2025-10-17 12:58:54+00:00,33.7389754054169,-84.42045169862423,1090914999,89671,26.0,26.0,26.0,26.0,29.0,32.0,29.0,32.0,81.0,81.0,87.0,87.0,17.166666666666668,72.3,16.99669444444444,14.000000000000002,0.8
2025-10-17 12:58:55+00:00,33.73896473275574,-84.42043793102296,1090914988,89653,26.0,26.0,26.0,26.0,29.0,32.0,29.0,32.0,81.0,81.0,87.0,87.0,17.166666666666668,72.3,16.99669444444444,14.000000000000002,0.8
2025-10-17 12:58:57+00:00,33.738962045598896,-84.42042767099585,1090914988,89652,26.0,26.0,26.0,26.0,29.0,32.0,29.0,32.0,81.0,81.0,87.0,87.0,17.166666666666668,72.4,16.998000000000005,14.11111111111111,0.8
2025-10-17 12:59:06+00:00,33.73895945161393,-84.42041794355222,1090914988,89652,26.0,26.0,26.0,26.0,29.0,32.0,29.0,32.0,81.0,81.0,87.0,87.0,17.27777777777778,72.8,17.119888888888887,14.277777777777779,0.0
2025-10-17 12:59:08+00:00,33.738955972898395,-84.42040497741533,1090914988,89652,24.0,25.0,24.0,25.0,26.0,29.5,26.0,29.5,77.0,77.0,81.0,81.0,17.27777777777778,72.8,17.119888888888887,14.277777777777779,0.0
2025-10-17 12:59:10+00:00,33.73894584863006,-84.42039654052505,1090914988,89652,24.0,25.0,24.0,25.0,26.0,29.5,26.0,29.5,77.0,77.0,81.0,81.0,17.27777777777778,72.8,17.119888888888887,14.277777777777779,0.0
2025-10-17 12:59:12+00:00,33.738932782166636,-84.42038565180553,1090914988,89652,24.0,25.0,24.0,25.0,26.0,29.5,26.0,29.5,77.0,77.0,81.0,81.0,17.27777777777778,73.0,17.122499999999995,14.277777777777779,0.9
2025-10-17 12:59:13+00:00,33.738927152396876,-84.42038358611575,1090914988,89652,24.0,25.0,24.0,25.0,26.0,29.5,26.0,29.5,77.0,77.0,81.0,81.0,17.27777777777778,73.0,17.122499999999995,14.277777777777779,0.9
2025-10-17 12:59:14+00:00,33.73891762732523,-84.42038080796985,1090914988,89652,24.0,25.0,24.0,25.0,26.0,29.5,26.0,29.5,77.0,77.0,81.0,81.0,17.27777777777778,73.0,17.122499999999995,14.277777777777779,0.9
2025-10-17 12:59:15+00:00,33.738908623917844,-84.42037818197603,1090914988,89652,24.0,25.0,24.0,25.0,26.0,29.5,26.0,29.5,77.0,77.0,81.0,81.0,17.27777777777778,73.0,17.122499999999995,14.277777777777779,0.9
2025-10-17 12:59:16+00:00,33.73889889418212,-84.42037534413645,1090914988,89652,24.0,25.0,24.0,25.0,26.0,29.5,26.0,29.5,77.0,77.0,81.0,81.0,17.11111111111111,73.1,16.948805555555552,14.11111111111111,0.0
2025-10-17 12:59:17+00:00,33.73888953353771,-84.42037261394849,1090914988,89652,24.0,25.0,24.0,25.0,26.0,29.5,26.0,29.5,77.0,77.0,81.0,81.0,17.11111111111111,73.1,16.948805555555552,14.11111111111111,0.0
2025-10-17 12:59:19+00:00,33.738877788985796,-84.42036918845419,1090914988,89652,24.0,25.0,24.0,25.0,26.0,29.5,26.0,29.5,77.0,77.0,81.0,81.0,17.11111111111111,73.1,16.948805555555552,14.11111111111111,0.0
2025-10-17 12:59:21+00:00,33.738867607083,-84.42036621873254,1090914988,89652,24.0,25.0,24.0,25.0,26.0,29.5,26.0,29.5,77.0,77.0,81.0,81.0,17.22222222222222,73.0,17.064166666666665,14.166666666666666,0.7
2025-10-17 12:59:23+00:00,33.73885953836989,-84.42036386535788,1090914988,89652,26.0,26.0,26.0,26.0,25.0,30.0,25.0,30.0,81.0,81.0,79.0,79.0,17.22222222222222,73.0,17.064166666666665,14.166666666666666,0.7
2025-10-17 12:59:24+00:00,33.7388494052474,-84.42036090986382,1090914988,89652,26.0,26.0,26.0,26.0,25.0,30.0,25.0,30.0,81.0,81.0,79.0,79.0,17.22222222222222,73.0,17.064166666666665,14.166666666666666,0.7
2025-10-17 12:59:25+00:00,33.73883767156537,-84.4203574875399,1090914988,89652,26.0,26.0,26.0,26.0,25.0,30.0,25.0,30.0,81.0,81.0,79.0,79.0,17.22222222222222,73.0,17.064166666666665,14.166666666666666,0.7
2025-10-17 12:59:26+00:00,33.73882672792403,-84.42035489271001,1090914988,89652,26.0,26.0,26.0,26.0,25.0,30.0,25.0,30.0,81.0,81.0,79.0,79.0,17.166666666666668,72.8,17.00322222222222,14.166666666666666,0.7
2025-10-17 12:59:27+00:00,33.73881615947381,-84.4203524907895,1090914988,89652,26.0,26.0,26.0,26.0,25.0,30.0,25.0,30.0,81.0,81.0,79.0,79.0,17.166666666666668,72.8,17.00322222222222,14.166666666666666,0.7
2025-10-17 12:59:28+00:00,33.73880570594163,-84.42035011498673,1090914988,89652,26.0,26.0,26.0,26.0,25.0,30.0,25.0,30.0,81.0,81.0,79.0,79.0,17.166666666666668,72.8,17.00322222222222,14.166666666666666,0.7
2025-10-17 12:59:29+00:00,33.7387945593946,-84.42034758168059,1090914988,89652,26.0,26.0,26.0,26.0,25.0,30.0,25.0,30.0,81.0,81.0,79.0,79.0,17.166666666666668,72.8,17.00322222222222,14.166666666666666,0.7
2025-10-17 12:59:30+00:00,33.7387826272733,-84.42034486983484,1090914988,89652,26.0,26.0,26.0,26.0,25.0,30.0,25.0,30.0,81.0,81.0,79.0,79.0,17.166666666666668,72.8,17.00322222222222,14.166666666666666,0.7
2025-10-17 12:59:31+00:00,33.73877102376014,-84.42034223267275,1090914988,89652,26.0,26.0,26.0,26.0,25.0,30.0,25.0,30.0,81.0,81.0,79.0,79.0,17.22222222222222,72.8,17.061555555555557,14.166666666666666,0.9
2025-10-17 12:59:32+00:00,33.73875846254071,-84.42033937785015,1090914988,89652,26.0,26.0,26.0,26.0,25.0,30.0,25.0,30.0,81.0,81.0,79.0,79.0,17.22222222222222,72.8,17.061555555555557,14.166666666666666,0.9
2025-10-17 12:59:33+00:00,33.73874688141889,-84.42033674577702,1090914988,89652,26.0,26.0,26.0,26.0,25.0,30.0,25.0,30.0,81.0,81.0,79.0,79.0,17.22222222222222,72.8,17.061555555555557,14.166666666666666,0.9
2025-10-17 12:59:34+00:00,33.738736441516046,-84.42033437307182,1090914988,89652,26.0,26.0,26.0,26.0,25.0,30.0,25.0,30.0,81.0,81.0,79.0,79.0,17.22222222222222,72.8,17.061555555555557,14.166666666666666,0.9
2025-10-17 12:59:35+00:00,33.738726844205196,-84.42033219186482,1090914988,89652,26.0,26.0,26.0,26.0,25.0,30.0,25.0,30.0,81.0,81.0,79.0,79.0,17.22222222222222,72.8,17.061555555555557,14.166666666666666,0.9
2025-10-17 12:59:36+00:00,33.73871674609444,-84.42032989683965,1090914988,89652,26.0,26.0,26.0,26.0,25.0,30.0,25.0,30.0,81.0,81.0,79.0,79.0,17.166666666666668,72.9,17.004527777777774,14.166666666666666,0.9
2025-10-17 12:59:38+00:00,33.73869748496883,-84.42032551931109,1090914988,89652,26.0,26.0,26.0,26.0,25.0,26.0,25.0,26.0,81.0,81.0,79.0,79.0,17.166666666666668,72.9,17.004527777777774,14.166666666666666,0.9
2025-10-17 12:59:39+00:00,33.73868792193245,-84.42032334589373,1090914988,89652,26.0,26.0,26.0,26.0,25.0,26.0,25.0,26.0,81.0,81.0,79.0,79.0,17.166666666666668,72.9,17.004527777777774,14.166666666666666,0.9
2025-10-17 12:59:40+00:00,33.738678093058155,-84.42032111205867,1090914988,89652,26.0,26.0,26.0,26.0,25.0,26.0,25.0,26.0,81.0,81.0,79.0,79.0,17.166666666666668,72.9,17.004527777777774,14.166666666666666,0.9
2025-10-17 12:59:41+00:00,33.7386683071452,-84.42031888798753,1090914988,89652,26.0,26.0,26.0,26.0,25.0,26.0,25.0,26.0,81.0,81.0,79.0,79.0,17.166666666666668,73.0,17.005833333333335,14.11111111111111,0.9
2025-10-17 12:59:42+00:00,33.73865859520997,-84.42031668072953,1090914988,89652,26.0,26.0,26.0,26.0,25.0,26.0,25.0,26.0,81.0,81.0,79.0,79.0,17.166666666666668,73.0,17.005833333333335,14.11111111111111,0.9
2025-10-17 12:59:43+00:00,33.73864862310005,-84.42031441434092,1090914988,89652,26.0,26.0,26.0,26.0,25.0,26.0,25.0,26.0,81.0,81.0,79.0,79.0,17.166666666666668,73.0,17.005833333333335,14.11111111111111,0.9
2025-10-17 12:59:44+00:00,33.73863865128334,-84.42031214801894,1090914988,89652,26.0,26.0,26.0,26.0,25.0,26.0,25.0,26.0,81.0,81.0,79.0,79.0,17.166666666666668,73.0,17.005833333333335,14.11111111111111,0.9
2025-10-17 12:59:45+00:00,33.738628400410185,-84.42030982650796,1090914988,89652,26.0,26.0,26.0,26.0,25.0,26.0,25.0,26.0,81.0,81.0,79.0,79.0,17.166666666666668,73.0,17.005833333333335,14.11111111111111,0.9
2025-10-17 12:59:47+00:00,33.73861013008201,-84.42030568982989,1090914988,89652,26.0,26.0,26.0,26.0,25.0,26.0,25.0,26.0,81.0,81.0,79.0,79.0,17.11111111111111,72.9,16.94619444444444,14.11111111111111,0.9
2025-10-17 12:59:48+00:00,33.73860069150865,-84.42030355279441,1090914988,89652,26.0,26.0,26.0,26.0,25.0,26.0,25.0,26.0,81.0,81.0,79.0,79.0,17.11111111111111,72.9,16.94619444444444,14.11111111111111,0.9
2025-10-17 12:59:49+00:00,33.73859156544462,-84.42030148651575,1090914988,89652,26.0,26.0,26.0,26.0,25.0,26.0,25.0,26.0,81.0,81.0,79.0,79.0,17.11111111111111,72.9,16.94619444444444,14.11111111111111,0.9
2025-10-17 12:59:51+00:00,33.73857370486132,-84.4202974426101,1090914988,89652,26.0,26.0,26.0,26.0,25.0,26.0,25.0,26.0,81.0,81.0,79.0,79.0,17.22222222222222,72.9,17.062861111111108,14.166666666666666,0.9
2025-10-17 12:59:52+00:00,33.73856510144337,-84.42029549466642,1090914988,89652,26.0,26.0,26.0,26.0,25.0,26.0,25.0,26.0,81.0,81.0,79.0,79.0,17.22222222222222,72.9,17.062861111111108,14.166666666666666,0.9
2025-10-17 12:59:53+00:00,33.73855656461512,-84.42029356179965,1090914988,89652,29.0,29.0,29.0,29.0,27.0,31.0,27.0,31.0,87.0,87.0,83.0,83.0,17.22222222222222,72.9,17.062861111111108,14.166666666666666,0.9
2025-10-17 12:59:55+00:00,33.73853972204672,-84.42028974838793,1090914988,89652,29.0,29.0,29.0,29.0,27.0,31.0,27.0,31.0,87.0,87.0,83.0,83.0,17.22222222222222,72.9,17.062861111111108,14.166666666666666,0.9
2025-10-17 12:59:57+00:00,33.738527164904966,-84.42028578820121,1090914988,89651,29.0,29.0,29.0,29.0,27.0,31.0,27.0,31.0,87.0,87.0,83.0,83.0,17.166666666666668,72.8,17.00322222222222,14.11111111111111,0.8
2025-10-17 12:59:58+00:00,33.738519155947124,-84.42028212452901,1090914988,89651,29.0,29.0,29.0,29.0,27.0,31.0,27.0,31.0,87.0,87.0,83.0,83.0,17.166666666666668,72.8,17.00322222222222,14.11111111111111,0.8
2025-10-17 12:59:59+00:00,33.738507207667276,-84.42027665882652,1090914988,89651,29.0,29.0,29.0,29.0,27.0,31.0,27.0,31.0,87.0,87.0,83.0,83.0,17.166666666666668,72.8,17.00322222222222,14.11111111111111,0.8
2025-10-17 13:00:00+00:00,33.73849340630104,-84.42027034543558,1090914988,89651,29.0,29.0,29.0,29.0,27.0,31.0,27.0,31.0,87.0,87.0,83.0,83.0,17.166666666666668,72.8,17.00322222222222,14.11111111111111,0.8
2025-10-17 13:00:01+00:00,33.73848306046604,-84.42026561276637,1090914988,89651,29.0,29.0,29.0,29.0,27.0,31.0,27.0,31.0,87.0,87.0,83.0,83.0,17.22222222222222,72.7,17.06025,14.166666666666666,1.0
2025-10-17 13:00:03+00:00,33.73846725322993,-84.42025838179666,1090914988,89651,29.0,29.0,29.0,29.0,27.0,31.0,27.0,31.0,87.0,87.0,83.0,83.0,17.22222222222222,72.7,17.06025,14.166666666666666,1.0
2025-10-17 13:00:04+00:00,33.73845828704034,-84.42025428024185,1090914988,89651,29.0,29.0,29.0,29.0,27.0,31.0,27.0,31.0,87.0,87.0,83.0,83.0,17.22222222222222,72.7,17.06025,14.166666666666666,1.0
2025-10-17 13:00:05+00:00,33.738448334790334,-84.42024972761685,1090914988,89651,29.0,29.0,29.0,29.0,27.0,31.0,27.0,31.0,87.0,87.0,83.0,83.0,17.22222222222222,72.7,17.06025,14.166666666666666,1.0
2025-10-17 13:00:06+00:00,33.73843554972422,-84.42024294351853,1090914988,89651,29.0,29.0,29.0,29.0,27.0,31.0,27.0,31.0,87.0,87.0,83.0,83.0,17.27777777777778,72.8,17.119888888888887,14.166666666666666,0.9
2025-10-17 13:00:07+00:00,33.73842633026688,-84.4202352057597,1090914988,89651,29.0,29.0,29.0,29.0,27.0,31.0,27.0,31.0,87.0,87.0,83.0,83.0,17.27777777777778,72.8,17.119888888888887,14.166666666666666,0.9
2025-10-17 13:00:08+00:00,33.738417669727255,-84.4202279370925,1090914988,89651,29.0,29.0,29.0,29.0,27.0,32.0,27.0,32.0,87.0,87.0,83.0,83.0,17.27777777777778,72.8,17.119888888888887,14.166666666666666,0.9
2025-10-17 13:00:09+00:00,33.73840962292736,-84.42022118352831,1090914988,89651,29.0,29.0,29.0,29.0,27.0,32.0,27.0,32.0,87.0,87.0,83.0,83.0,17.27777777777778,72.8,17.119888888888887,14.166666666666666,0.9
2025-10-17 13:00:10+00:00,33.73840165933371,-84.42021449979794,1090914988,89651,29.0,29.0,29.0,29.0,27.0,32.0,27.0,32.0,87.0,87.0,83.0,83.0,17.27777777777778,72.8,17.119888888888887,14.166666666666666,0.9
2025-10-17 13:00:11+00:00,33.738393741936314,-84.4202078548394,1090914988,89651,29.0,29.0,29.0,29.0,27.0,32.0,27.0,32.0,87.0,87.0,83.0,83.0,17.22222222222222,72.9,17.062861111111108,14.166666666666666,0.9
2025-10-17 13:00:12+00:00,33.73838577651408,-84.42020116957431,1090914988,89651,29.0,29.0,29.0,29.0,27.0,32.0,27.0,32.0,87.0,87.0,83.0,83.0,17.22222222222222,72.9,17.062861111111108,14.166666666666666,0.9
2025-10-17 13:00:13+00:00,33.738377355396715,-84.4201884996751,1090914988,89651,29.0,29.0,29.0,29.0,27.0,32.0,27.0,32.0,87.0,87.0,83.0,83.0,17.22222222222222,72.9,17.062861111111108,14.166666666666666,0.9
2025-10-17 13:00:14+00:00,33.7383730153478,-84.4201796223023,1090914988,89651,29.0,29.0,29.0,29.0,27.0,32.0,27.0,32.0,87.0,87.0,83.0,83.0,17.22222222222222,72.9,17.062861111111108,14.166666666666666,0.9
2025-10-17 13:00:15+00:00,33.7383687670078,-84.42017093251594,1090914988,89651,29.0,29.0,29.0,29.0,27.0,32.0,27.0,32.0,87.0,87.0,83.0,83.0,17.22222222222222,72.9,17.062861111111108,14.166666666666666,0.9
2025-10-17 13:00:16+00:00,33.73836374141222,-84.42016065288863,1090914988,89651,29.0,29.0,29.0,29.0,27.0,32.0,27.0,32.0,87.0,87.0,83.0,83.0,17.333333333333332,73.0,17.180833333333332,14.277777777777779,0.9
2025-10-17 13:00:17+00:00,33.73835794126301,-84.42014878894706,1090914988,89651,29.0,29.0,29.0,29.0,27.0,32.0,27.0,32.0,87.0,87.0,83.0,83.0,17.333333333333332,73.0,17.180833333333332,14.277777777777779,0.9
2025-10-17 13:00:18+00:00,33.738352167254604,-84.42013697847533,1090914988,89651,29.0,29.0,29.0,29.0,27.0,32.0,27.0,32.0,87.0,87.0,83.0,83.0,17.333333333333332,73.0,17.180833333333332,14.277777777777779,0.9
2025-10-17 13:00:19+00:00,33.738346881195284,-84.42012616608126,1090914988,89651,29.0,29.0,29.0,29.0,27.0,32.0,27.0,32.0,87.0,87.0,83.0,83.0,17.333333333333332,73.0,17.180833333333332,14.277777777777779,0.9
2025-10-17 13:00:20+00:00,33.73834198172905,-84.42011614444579,1090914988,89651,29.0,29.0,29.0,29.0,27.0,32.0,27.0,32.0,87.0,87.0,83.0,83.0,17.333333333333332,73.0,17.180833333333332,14.277777777777779,0.9
2025-10-17 13:00:21+00:00,33.738338,-84.420108,1090914988,89651,29.0,29.0,29.0,29.0,27.0,32.0,27.0,32.0,87.0,87.0,83.0,83.0,17.333333333333332,73.1,17.182138888888893,14.277777777777779,0.9
2025-10-17 13:00:22+00:00,33.7383365046657,-84.42010114638448,1090914988,89651,29.0,29.0,29.0,29.0,27.0,32.0,27.0,32.0,87.0,87.0,83.0,83.0,17.333333333333332,73.1,17.182138888888893,14.277777777777779,0.9
2025-10-17 13:00:24+00:00,33.73833173899262,-84.42007930371616,1090914988,89651,25.0,25.0,25.0,25.0,28.0,31.0,28.0,31.0,79.0,79.0,85.0,85.0,17.333333333333332,73.1,17.182138888888893,14.277777777777779,0.9
2025-10-17 13:00:25+00:00,33.73832902400933,-84.42006686004277,1090914988,89651,25.0,25.0,25.0,25.0,28.0,31.0,28.0,31.0,79.0,79.0,85.0,85.0,17.333333333333332,73.1,17.182138888888893,14.277777777777779,0.9
2025-10-17 13:00:26+00:00,33.738326238124486,-84.4200540914039,1090914988,89651,25.0,25.0,25.0,25.0,28.0,31.0,28.0,31.0,79.0,79.0,85.0,85.0,17.444444444444443,73.1,17.298805555555557,14.5,0.8
2025-10-17 13:00:27+00:00,33.73832352654826,-84.42004063274128,1090914988,89651,25.0,25.0,25.0,25.0,28.0,31.0,28.0,31.0,79.0,79.0,85.0,85.0,17.444444444444443,73.1,17.298805555555557,14.5,0.8
2025-10-17 13:00:28+00:00,33.73832070268033,-84.4200265134017,1090914991,89663,25.0,25.0,25.0,25.0,28.0,31.0,28.0,31.0,79.0,79.0,85.0,85.0,17.444444444444443,73.1,17.298805555555557,14.5,0.8
2025-10-17 13:00:29+00:00,33.738318112460355,-84.4200135623018,1090914991,89663,25.0,25.0,25.0,25.0,28.0,31.0,28.0,31.0,79.0,79.0,85.0,85.0,17.444444444444443,73.1,17.298805555555557,14.5,0.8
2025-10-17 13:00:30+00:00,33.73831567347383,-84.42000136736915,1090914991,89663,25.0,25.0,25.0,25.0,28.0,31.0,28.0,31.0,79.0,79.0,85.0,85.0,17.444444444444443,73.1,17.298805555555557,14.5,0.8
2025-10-17 13:00:31+00:00,33.738313252455036,-84.41998926227518,1090914991,89663,25.0,25.0,25.0,25.0,28.0,31.0,28.0,31.0,79.0,79.0,85.0,85.0,17.38888888888889,73.0,17.239166666666662,14.38888888888889,0.7
2025-10-17 13:00:32+00:00,33.73831094822452,-84.41997774112264,1090914991,89663,25.0,25.0,25.0,25.0,28.0,31.0,28.0,31.0,79.0,79.0,85.0,85.0,17.38888888888889,73.0,17.239166666666662,14.38888888888889,0.7
2025-10-17 13:00:33+00:00,33.73830869928919,-84.41996649644595,1090914991,89663,25.0,25.0,25.0,25.0,28.0,31.0,28.0,31.0,79.0,79.0,85.0,85.0,17.38888888888889,73.0,17.239166666666662,14.38888888888889,0.7
2025-10-17 13:00:35+00:00,33.73830491610607,-84.41994758053035,1090914991,89663,25.0,25.0,25.0,25.0,28.0,31.0,28.0,31.0,79.0,79.0,85.0,85.0,17.38888888888889,73.0,17.239166666666662,14.38888888888889,0.7
2025-10-17 13:00:36+00:00,33.73830309295378,-84.41993846476889,1090914991,89663,25.0,25.0,25.0,25.0,28.0,31.0,28.0,31.0,79.0,79.0,85.0,85.0,17.38888888888889,72.8,17.236555555555555,14.38888888888889,0.8
2025-10-17 13:00:37+00:00,33.73830107272568,-84.41992836362842,1090914991,89663,25.0,25.0,25.0,25.0,28.0,31.0,28.0,31.0,79.0,79.0,85.0,85.0,17.38888888888889,72.8,17.236555555555555,14.38888888888889,0.8
2025-10-17 13:00:38+00:00,33.73829870600481,-84.41992212163733,1090914991,89663,23.0,24.0,23.0,24.0,27.0,30.0,27.0,30.0,74.0,74.0,83.0,83.0,17.38888888888889,72.8,17.236555555555555,14.38888888888889,0.8
2025-10-17 13:00:39+00:00,33.738357,-84.419916,1090914988,89650,23.0,24.0,23.0,24.0,27.0,30.0,27.0,30.0,74.0,74.0,83.0,83.0,17.38888888888889,72.8,17.236555555555555,14.38888888888889,0.8
2025-10-17 13:00:40+00:00,33.73836044716004,-84.41991103945263,1090914988,89650,23.0,24.0,23.0,24.0,27.0,30.0,27.0,30.0,74.0,74.0,83.0,83.0,17.38888888888889,72.8,17.236555555555555,14.38888888888889,0.8
2025-10-17 13:00:41+00:00,33.73836703553576,-84.41990155861927,1090914988,89650,23.0,24.0,23.0,24.0,27.0,30.0,27.0,30.0,74.0,74.0,83.0,83.0,17.38888888888889,72.6,17.233944444444443,14.277777777777779,0.8
2025-10-17 13:00:42+00:00,33.73837355496587,-84.41989217700034,1090914988,89650,23.0,24.0,23.0,24.0,27.0,30.0,27.0,30.0,74.0,74.0,83.0,83.0,17.38888888888889,72.6,17.233944444444443,14.277777777777779,0.8
2025-10-17 13:00:43+00:00,33.738380456259186,-84.41988224587092,1090914988,89650,23.0,24.0,23.0,24.0,27.0,30.0,27.0,30.0,74.0,74.0,83.0,83.0,17.38888888888889,72.6,17.233944444444443,14.277777777777779,0.8
2025-10-17 13:00:44+00:00,33.73838732013669,-84.41987236858378,1090914988,89650,23.0,24.0,23.0,24.0,27.0,30.0,27.0,30.0,74.0,74.0,83.0,83.0,17.38888888888889,72.6,17.233944444444443,14.277777777777779,0.8
2025-10-17 13:00:46+00:00,33.7383961861493,-84.41985961017538,1090914988,89650,23.0,24.0,23.0,24.0,27.0,30.0,27.0,30.0,74.0,74.0,83.0,83.0,17.38888888888889,72.3,17.230027777777778,14.277777777777779,0.0
2025-10-17 13:00:48+00:00,33.738398,-84.419857,1090914988,89650,23.0,24.0,23.0,24.0,27.0,30.0,27.0,30.0,74.0,74.0,83.0,83.0,17.38888888888889,72.3,17.230027777777778,14.277777777777779,0.0
2025-10-17 13:00:51+00:00,33.73840513312318,-84.4198517775348,1090914988,89650,23.0,24.0,23.0,24.0,27.0,30.0,27.0,30.0,74.0,74.0,83.0,83.0,17.38888888888889,72.1,17.227416666666663,14.277777777777779,0.0
2025-10-17 13:00:55+00:00,33.73839917983443,-84.41979892456196,1090914992,89666,24.5,25.0,24.5,25.0,25.0,25.0,25.0,25.0,78.0,78.0,79.0,79.0,17.38888888888889,72.1,17.227416666666663,14.277777777777779,0.0
2025-10-17 13:00:59+00:00,33.738397359443276,-84.41979882053961,1090914992,89666,24.5,25.0,24.5,25.0,25.0,25.0,25.0,25.0,78.0,78.0,79.0,79.0,17.444444444444443,72.1,17.28575,14.277777777777779,0.0
2025-10-17 13:01:01+00:00,33.73839566545049,-84.41979872374003,1090914992,89666,24.5,25.0,24.5,25.0,25.0,25.0,25.0,25.0,78.0,78.0,79.0,79.0,17.444444444444443,72.2,17.287055555555558,14.38888888888889,0.0
2025-10-17 13:01:03+00:00,33.73838941960822,-84.41979836683475,1090914992,89666,24.5,25.0,24.5,25.0,25.0,25.0,25.0,25.0,78.0,78.0,79.0,79.0,17.444444444444443,72.2,17.287055555555558,14.38888888888889,0.0
2025-10-17 13:01:05+00:00,33.738372997216125,-84.41979719977729,1090914992,89666,24.5,25.0,24.5,25.0,25.0,25.0,25.0,25.0,78.0,78.0,79.0,79.0,17.444444444444443,72.2,17.287055555555558,14.38888888888889,0.0
2025-10-17 13:01:06+00:00,33.738363103388345,-84.41979640827107,1090914992,89666,24.5,25.0,24.5,25.0,25.0,25.0,25.0,25.0,78.0,78.0,79.0,79.0,17.444444444444443,72.5,17.290972222222223,14.38888888888889,0.9
2025-10-17 13:01:07+00:00,33.738352024467815,-84.41979552195743,1090914992,89666,24.5,25.0,24.5,25.0,25.0,25.0,25.0,25.0,78.0,78.0,79.0,79.0,17.444444444444443,72.5,17.290972222222223,14.38888888888889,0.9
2025-10-17 13:01:08+00:00,33.73833991438142,-84.41979455315051,1090914992,89666,26.0,27.0,26.0,27.0,24.0,24.5,24.0,24.5,81.0,81.0,77.0,77.0,17.444444444444443,72.5,17.290972222222223,14.38888888888889,0.9
2025-10-17 13:01:09+00:00,33.73832671979292,-84.41979349758344,1090914992,89666,26.0,27.0,26.0,27.0,24.0,24.5,24.0,24.5,81.0,81.0,77.0,77.0,17.444444444444443,72.5,17.290972222222223,14.38888888888889,0.9
2025-10-17 13:01:10+00:00,33.73831263042887,-84.41979237043431,1090914992,89666,26.0,27.0,26.0,27.0,24.0,24.5,24.0,24.5,81.0,81.0,77.0,77.0,17.444444444444443,72.5,17.290972222222223,14.38888888888889,0.9
2025-10-17 13:01:11+00:00,33.73829462970756,-84.41978880027189,1090914992,89666,26.0,27.0,26.0,27.0,24.0,24.5,24.0,24.5,81.0,81.0,77.0,77.0,17.444444444444443,72.6,17.29227777777778,14.38888888888889,1.1
2025-10-17 13:01:12+00:00,33.73828252946761,-84.41978590448798,1090914992,89666,26.0,27.0,26.0,27.0,24.0,24.5,24.0,24.5,81.0,81.0,77.0,77.0,17.444444444444443,72.6,17.29227777777778,14.38888888888889,1.1
2025-10-17 13:01:13+00:00,33.73827078835854,-84.41978309464992,1090914992,89666,26.0,27.0,26.0,27.0,24.0,24.5,24.0,24.5,81.0,81.0,77.0,77.0,17.444444444444443,72.6,17.29227777777778,14.38888888888889,1.1
2025-10-17 13:01:14+00:00,33.73825944260755,-84.41978037942745,1090914992,89666,26.0,27.0,26.0,27.0,24.0,24.5,24.0,24.5,81.0,81.0,77.0,77.0,17.444444444444443,72.6,17.29227777777778,14.38888888888889,1.1
2025-10-17 13:01:15+00:00,33.73824800704729,-84.41977764271218,1090914992,89666,26.0,27.0,26.0,27.0,24.0,24.5,24.0,24.5,81.0,81.0,77.0,77.0,17.444444444444443,72.6,17.29227777777778,14.38888888888889,1.1
2025-10-17 13:01:16+00:00,33.73823609647761,-84.41977479231943,1090914992,89666,26.0,27.0,26.0,27.0,24.0,24.5,24.0,24.5,81.0,81.0,77.0,77.0,17.38888888888889,72.6,17.233944444444443,14.38888888888889,1.3
2025-10-17 13:01:17+00:00,33.73822272008999,-84.41977159113264,1090914992,89666,26.0,27.0,26.0,27.0,24.0,24.5,24.0,24.5,81.0,81.0,77.0,77.0,17.38888888888889,72.6,17.233944444444443,14.38888888888889,1.3
2025-10-17 13:01:18+00:00,33.73820973100035,-84.41976848263256,1090914992,89666,26.0,27.0,26.0,27.0,24.0,24.5,24.0,24.5,81.0,81.0,77.0,77.0,17.38888888888889,72.6,17.233944444444443,14.38888888888889,1.3
2025-10-17 13:01:19+00:00,33.73819872206207,-84.41976584801486,1090914992,89666,26.0,27.0,26.0,27.0,24.0,24.5,24.0,24.5,81.0,81.0,77.0,77.0,17.38888888888889,72.6,17.233944444444443,14.38888888888889,1.3
2025-10-17 13:01:20+00:00,33.73818990501749,-84.41976374731173,1090914992,89666,26.0,27.0,26.0,27.0,24.0,24.5,24.0,24.5,81.0,81.0,77.0,77.0,17.38888888888889,72.6,17.233944444444443,14.38888888888889,1.3
2025-10-17 13:01:21+00:00,33.738180956497764,-84.41976168226871,1090914992,89666,26.0,27.0,26.0,27.0,24.0,24.5,24.0,24.5,81.0,81.0,77.0,77.0,17.333333333333332,72.5,17.17430555555556,14.277777777777779,1.7
2025-10-17 13:01:22+00:00,33.738172269075406,-84.4197599106507,1090914991,89664,26.0,27.0,26.0,27.0,24.0,24.5,24.0,24.5,81.0,81.0,77.0,77.0,17.333333333333332,72.5,17.17430555555556,14.277777777777779,1.7
2025-10-17 13:01:24+00:00,33.73815554609429,-84.41975673190221,1090914991,89664,,,,,,,,,,,,,17.333333333333332,72.5,17.17430555555556,14.277777777777779,1.7
2025-10-17 13:01:25+00:00,33.73814613983612,-84.41975494393579,1090914991,89664,,,,,,,,,,,,,17.333333333333332,72.5,17.17430555555556,14.277777777777779,1.7
2025-10-17 13:01:26+00:00,33.73813527945934,-84.41975287956664,1090914991,89664,,,,,,,,,,,,,17.333333333333332,72.3,17.171694444444448,14.166666666666666,1.4
2025-10-17 13:01:27+00:00,33.738121217402764,-84.41975020661374,1090914991,89664,,,,,,,,,,,,,17.333333333333332,72.3,17.171694444444448,14.166666666666666,1.4
2025-10-17 13:01:28+00:00,33.73810673857431,-84.41974745443974,1090914991,89664,,,,,,,,,,,,,17.333333333333332,72.3,17.171694444444448,14.166666666666666,1.4
2025-10-17 13:01:29+00:00,33.73809365204991,-84.41974496691857,1090914991,89664,,,,,,,,,,,,,17.333333333333332,72.3,17.171694444444448,14.166666666666666,1.4
2025-10-17 13:01:30+00:00,33.738083113729246,-84.41974296376671,1090914991,89664,,,,,,,,,,,,,17.333333333333332,72.3,17.171694444444448,14.166666666666666,1.4
2025-10-17 13:01:31+00:00,33.738074142579485,-84.41974125850685,1090914991,89664,,,,,,,,,,,,,17.333333333333332,72.1,17.16908333333334,14.166666666666666,1.1
2025-10-17 13:01:32+00:00,33.7380653135611,-84.41973958026368,1090914991,89664,,,,,,,,,,,,,17.333333333333332,72.1,17.16908333333334,14.166666666666666,1.1
2025-10-17 13:01:34+00:00,33.73803576026352,-84.41970850582517,1090914990,89657,,,,,,,,,,,,,17.333333333333332,72.1,17.16908333333334,14.166666666666666,1.1
2025-10-17 13:01:35+00:00,33.738035628094806,-84.41969555329105,1090914990,89657,,,,,,,,,,,,,17.333333333333332,72.1,17.16908333333334,14.166666666666666,1.1
2025-10-17 13:01:36+00:00,33.738035491374525,-84.41968215470337,1090914990,89657,,,,,,,,,,,,,17.38888888888889,72.1,17.227416666666663,14.277777777777779,0.7
2025-10-17 13:01:37+00:00,33.73803535253249,-84.41966854818418,1090914990,89657,,,,,,,,,,,,,17.38888888888889,72.1,17.227416666666663,14.277777777777779,0.7
2025-10-17 13:01:38+00:00,33.73803521675819,-84.4196552423025,1090914990,89657,23.5,23.5,23.5,23.5,28.0,28.0,28.0,28.0,75.5,75.5,85.0,85.0,17.38888888888889,72.1,17.227416666666663,14.277777777777779,0.7
2025-10-17 13:01:39+00:00,33.73803506800169,-84.41964066416583,1090914990,89657,23.5,23.5,23.5,23.5,28.0,28.0,28.0,28.0,75.5,75.5,85.0,85.0,17.38888888888889,72.1,17.227416666666663,14.277777777777779,0.7
2025-10-17 13:01:40+00:00,33.738035,-84.41962477375954,1090914990,89657,23.5,23.5,23.5,23.5,28.0,28.0,28.0,28.0,75.5,75.5,85.0,85.0,17.38888888888889,72.1,17.227416666666663,14.277777777777779,0.7
2025-10-17 13:01:41+00:00,33.738035,-84.41960879215962,1090914990,89657,23.5,23.5,23.5,23.5,28.0,28.0,28.0,28.0,75.5,75.5,85.0,85.0,17.5,72.1,17.34408333333333,14.38888888888889,0.9
2025-10-17 13:01:42+00:00,33.738035,-84.41959079765252,1090914990,89657,23.5,23.5,23.5,23.5,28.0,28.0,28.0,28.0,75.5,75.5,85.0,85.0,17.5,72.1,17.34408333333333,14.38888888888889,0.9
2025-10-17 13:01:43+00:00,33.73803483142841,-84.41957214284037,1090914990,89657,23.5,23.5,23.5,23.5,28.0,28.0,28.0,28.0,75.5,75.5,85.0,85.0,17.5,72.1,17.34408333333333,14.38888888888889,0.9
2025-10-17 13:01:44+00:00,33.73803465004613,-84.4195540046129,1090914990,89657,23.5,23.5,23.5,23.5,28.0,28.0,28.0,28.0,75.5,75.5,85.0,85.0,17.5,72.1,17.34408333333333,14.38888888888889,0.9
2025-10-17 13:01:45+00:00,33.73803448149958,-84.41953714995813,1090914990,89657,23.5,23.5,23.5,23.5,28.0,28.0,28.0,28.0,75.5,75.5,85.0,85.0,17.5,72.1,17.34408333333333,14.38888888888889,0.9
2025-10-17 13:01:46+00:00,33.73803431855749,-84.41952085574908,1090914990,89657,23.5,23.5,23.5,23.5,28.0,28.0,28.0,28.0,75.5,75.5,85.0,85.0,17.61111111111111,72.3,17.463361111111112,14.5,1.2
2025-10-17 13:01:47+00:00,33.73803415844464,-84.41950484446414,1090914990,89657,23.5,23.5,23.5,23.5,28.0,28.0,28.0,28.0,75.5,75.5,85.0,85.0,17.61111111111111,72.3,17.463361111111112,14.5,1.2
2025-10-17 13:01:48+00:00,33.73803400340689,-84.4194893406887,1090914990,89657,23.5,23.5,23.5,23.5,28.0,28.0,28.0,28.0,75.5,75.5,85.0,85.0,17.61111111111111,72.3,17.463361111111112,14.5,1.2
2025-10-17 13:01:49+00:00,33.738034,-84.4194750638791,1090914990,89657,23.5,23.5,23.5,23.5,28.0,28.0,28.0,28.0,75.5,75.5,85.0,85.0,17.61111111111111,72.3,17.463361111111112,14.5,1.2
2025-10-17 13:01:50+00:00,33.738034,-84.41946100087736,1090914990,89657,23.5,23.5,23.5,23.5,28.0,28.0,28.0,28.0,75.5,75.5,85.0,85.0,17.61111111111111,72.3,17.463361111111112,14.5,1.2
2025-10-17 13:01:51+00:00,33.738034,-84.41944716523379,1090914990,89657,23.5,23.5,23.5,23.5,28.0,28.0,28.0,28.0,75.5,75.5,85.0,85.0,17.61111111111111,72.3,17.463361111111112,14.5,0.8
2025-10-17 13:01:52+00:00,33.738034,-84.4194328406726,1090914990,89657,23.5,23.5,23.5,23.5,28.0,28.0,28.0,28.0,75.5,75.5,85.0,85.0,17.61111111111111,72.3,17.463361111111112,14.5,0.8
2025-10-17 13:01:53+00:00,33.738034,-84.41941835046094,1090914990,89657,25.0,25.0,25.0,25.0,29.0,30.0,29.0,30.0,79.0,79.0,87.0,87.0,17.61111111111111,72.3,17.463361111111112,14.5,0.8
2025-10-17 13:01:54+00:00,33.738034,-84.41940374466144,1090914990,89657,25.0,25.0,25.0,25.0,29.0,30.0,29.0,30.0,79.0,79.0,87.0,87.0,17.61111111111111,72.3,17.463361111111112,14.5,0.8
2025-10-17 13:01:55+00:00,33.738033896811245,-84.41938980114868,1090914990,89657,25.0,25.0,25.0,25.0,29.0,30.0,29.0,30.0,79.0,79.0,87.0,87.0,17.61111111111111,72.3,17.463361111111112,14.5,0.8
2025-10-17 13:01:56+00:00,33.738033467460745,-84.41937649128306,1090914990,89657,25.0,25.0,25.0,25.0,29.0,30.0,29.0,30.0,79.0,79.0,87.0,87.0,17.666666666666668,72.2,17.52038888888889,14.5,0.8
2025-10-17 13:01:57+00:00,33.73803304008642,-84.41936324267907,1090914990,89657,25.0,25.0,25.0,25.0,29.0,30.0,29.0,30.0,79.0,79.0,87.0,87.0,17.666666666666668,72.2,17.52038888888889,14.5,0.8
2025-10-17 13:01:58+00:00,33.738033,-84.41934976485834,1090914990,89657,25.0,25.0,25.0,25.0,29.0,30.0,29.0,30.0,79.0,79.0,87.0,87.0,17.666666666666668,72.2,17.52038888888889,14.5,0.8
2025-10-17 13:01:59+00:00,33.738033,-84.4193352325926,1090914990,89657,25.0,25.0,25.0,25.0,29.0,30.0,29.0,30.0,79.0,79.0,87.0,87.0,17.666666666666668,72.2,17.52038888888889,14.5,0.8
2025-10-17 13:02:00+00:00,33.738033,-84.4193202306935,1090914990,89657,25.0,25.0,25.0,25.0,29.0,30.0,29.0,30.0,79.0,79.0,87.0,87.0,17.666666666666668,72.2,17.52038888888889,14.5,0.8
2025-10-17 13:02:01+00:00,33.738033,-84.41930497775228,1090914990,89657,25.0,25.0,25.0,25.0,29.0,30.0,29.0,30.0,79.0,79.0,87.0,87.0,17.61111111111111,72.1,17.46075,14.5,0.0
2025-10-17 13:02:02+00:00,33.738033,-84.41929020829532,1090914990,89657,25.0,25.0,25.0,25.0,29.0,30.0,29.0,30.0,79.0,79.0,87.0,87.0,17.61111111111111,72.1,17.46075,14.5,0.0
2025-10-17 13:02:03+00:00,33.738033,-84.41927642847527,1090914990,89657,25.0,25.0,25.0,25.0,29.0,30.0,29.0,30.0,79.0,79.0,87.0,87.0,17.61111111111111,72.1,17.46075,14.5,0.0
2025-10-17 13:02:04+00:00,33.738033,-84.41926387728958,1090914990,89657,25.0,25.0,25.0,25.0,29.0,30.0,29.0,30.0,79.0,79.0,87.0,87.0,17.61111111111111,72.1,17.46075,14.5,0.0
2025-10-17 13:02:05+00:00,33.738033,-84.4192511330278,1090914990,89657,25.0,25.0,25.0,25.0,29.0,30.0,29.0,30.0,79.0,79.0,87.0,87.0,17.61111111111111,72.1,17.46075,14.5,0.0
2025-10-17 13:02:06+00:00,33.738033,-84.41923673802611,1090914990,89657,25.0,25.0,25.0,25.0,29.0,30.0,29.0,30.0,79.0,79.0,87.0,87.0,17.555555555555557,72.1,17.402416666666664,14.5,0.7
2025-10-17 13:02:07+00:00,33.738033,-84.41922119104072,1090914990,89657,25.0,25.0,25.0,25.0,29.0,30.0,29.0,30.0,79.0,79.0,87.0,87.0,17.555555555555557,72.1,17.402416666666664,14.5,0.7
2025-10-17 13:02:08+00:00,33.738033067427224,-84.41920529150276,1090914990,89658,24.0,25.0,24.0,25.0,26.0,26.0,26.0,26.0,77.0,77.0,81.0,81.0,17.555555555555557,72.1,17.402416666666664,14.5,0.7
2025-10-17 13:02:09+00:00,33.73803333701287,-84.41919046429221,1090914990,89658,24.0,25.0,24.0,25.0,26.0,26.0,26.0,26.0,77.0,77.0,81.0,81.0,17.555555555555557,72.1,17.402416666666664,14.5,0.7
2025-10-17 13:02:10+00:00,33.738033593695185,-84.41917634676471,1090914990,89658,24.0,25.0,24.0,25.0,26.0,26.0,26.0,26.0,77.0,77.0,81.0,81.0,17.555555555555557,72.1,17.402416666666664,14.5,0.7
2025-10-17 13:02:11+00:00,33.73803383617277,-84.41916301049774,1090914990,89658,24.0,25.0,24.0,25.0,26.0,26.0,26.0,26.0,77.0,77.0,81.0,81.0,17.555555555555557,72.0,17.401111111111113,14.38888888888889,0.7
2025-10-17 13:02:12+00:00,33.738034,-84.41915015356804,1090914990,89658,24.0,25.0,24.0,25.0,26.0,26.0,26.0,26.0,77.0,77.0,81.0,81.0,17.555555555555557,72.0,17.401111111111113,14.38888888888889,0.7
2025-10-17 13:02:13+00:00,33.738034,-84.41913664296578,1090914990,89658,24.0,25.0,24.0,25.0,26.0,26.0,26.0,26.0,77.0,77.0,81.0,81.0,17.555555555555557,72.0,17.401111111111113,14.38888888888889,0.7
2025-10-17 13:02:14+00:00,33.738034,-84.41912205587894,1090914990,89658,24.0,25.0,24.0,25.0,26.0,26.0,26.0,26.0,77.0,77.0,81.0,81.0,17.555555555555557,72.0,17.401111111111113,14.38888888888889,0.7
2025-10-17 13:02:15+00:00,33.73803498814717,-84.41910616593964,1090914990,89658,24.0,25.0,24.0,25.0,26.0,26.0,26.0,26.0,77.0,77.0,81.0,81.0,17.555555555555557,72.0,17.401111111111113,14.38888888888889,0.7
2025-10-17 13:02:16+00:00,33.738035268336155,-84.41909137567959,1090914990,89658,24.0,25.0,24.0,25.0,26.0,26.0,26.0,26.0,77.0,77.0,81.0,81.0,17.555555555555557,71.7,17.397194444444445,14.38888888888889,1.2
2025-10-17 13:02:17+00:00,33.73803556279786,-84.41907532751657,1090914990,89658,24.0,25.0,24.0,25.0,26.0,26.0,26.0,26.0,77.0,77.0,81.0,81.0,17.555555555555557,71.7,17.397194444444445,14.38888888888889,1.2
2025-10-17 13:02:18+00:00,33.7380358640941,-84.41905890687153,1090914990,89658,24.0,25.0,24.0,25.0,26.0,26.0,26.0,26.0,77.0,77.0,81.0,81.0,17.555555555555557,71.7,17.397194444444445,14.38888888888889,1.2
2025-10-17 13:02:19+00:00,33.738036177639025,-84.41904181867311,1090914990,89658,24.0,25.0,24.0,25.0,26.0,26.0,26.0,26.0,77.0,77.0,81.0,81.0,17.555555555555557,71.7,17.397194444444445,14.38888888888889,1.2
2025-10-17 13:02:20+00:00,33.73803650176484,-84.41902415381611,1090914990,89658,24.0,25.0,24.0,25.0,26.0,26.0,26.0,26.0,77.0,77.0,81.0,81.0,17.555555555555557,71.7,17.397194444444445,14.38888888888889,1.2
2025-10-17 13:02:21+00:00,33.738036815664174,-84.41900704630255,1090914990,89658,24.0,25.0,24.0,25.0,26.0,26.0,26.0,26.0,77.0,77.0,81.0,81.0,17.61111111111111,71.6,17.454222222222224,14.38888888888889,1.1
2025-10-17 13:02:22+00:00,33.738037125658224,-84.41899103123419,1090914990,89658,24.0,25.0,24.0,25.0,26.0,26.0,26.0,26.0,77.0,77.0,81.0,81.0,17.61111111111111,71.6,17.454222222222224,14.38888888888889,1.1
2025-10-17 13:02:23+00:00,33.7380374332203,-84.41897642203568,1090914990,89658,22.0,23.0,22.0,23.0,23.0,24.0,23.0,24.0,72.0,72.0,74.0,74.0,17.61111111111111,71.6,17.454222222222224,14.38888888888889,1.1
2025-10-17 13:02:24+00:00,33.738037732218714,-84.41896221961102,1090914990,89658,22.0,23.0,22.0,23.0,23.0,24.0,23.0,24.0,72.0,72.0,74.0,74.0,17.61111111111111,71.6,17.454222222222224,14.38888888888889,1.1
2025-10-17 13:02:25+00:00,33.73803801151367,-84.41894895310045,1090914990,89658,22.0,23.0,22.0,23.0,23.0,24.0,23.0,24.0,72.0,72.0,74.0,74.0,17.61111111111111,71.6,17.454222222222224,14.38888888888889,1.1
2025-10-17 13:02:26+00:00,33.738038295959264,-84.41893544193482,1090914990,89658,22.0,23.0,22.0,23.0,23.0,24.0,23.0,24.0,72.0,72.0,74.0,74.0,17.666666666666668,71.5,17.51125,14.5,0.0
2025-10-17 13:02:27+00:00,33.738038555486604,-84.41892311438623,1090914990,89658,22.0,23.0,22.0,23.0,23.0,24.0,23.0,24.0,72.0,72.0,74.0,74.0,17.666666666666668,71.5,17.51125,14.5,0.0
2025-10-17 13:02:28+00:00,33.73803880724217,-84.41891115599692,1090914990,89658,22.0,23.0,22.0,23.0,23.0,24.0,23.0,24.0,72.0,72.0,74.0,74.0,17.666666666666668,71.5,17.51125,14.5,0.0
2025-10-17 13:02:29+00:00,33.738039,-84.4188982897353,1090914990,89658,22.0,23.0,22.0,23.0,23.0,24.0,23.0,24.0,72.0,72.0,74.0,74.0,17.666666666666668,71.5,17.51125,14.5,0.0
2025-10-17 13:02:30+00:00,33.738039,-84.4188844525442,1090914990,89658,22.0,23.0,22.0,23.0,23.0,24.0,23.0,24.0,72.0,72.0,74.0,74.0,17.666666666666668,71.5,17.51125,14.5,0.0
2025-10-17 13:02:31+00:00,33.738039,-84.41887033184933,1090914990,89658,22.0,23.0,22.0,23.0,23.0,24.0,23.0,24.0,72.0,72.0,74.0,74.0,17.72222222222222,71.6,17.570888888888888,14.5,0.7
2025-10-17 13:02:32+00:00,33.73804,-84.41885603153176,1090914990,89658,22.0,23.0,22.0,23.0,23.0,24.0,23.0,24.0,72.0,72.0,74.0,74.0,17.72222222222222,71.6,17.570888888888888,14.5,0.7
2025-10-17 13:02:33+00:00,33.73804,-84.41884120643846,1090914990,89658,22.0,23.0,22.0,23.0,23.0,24.0,23.0,24.0,72.0,72.0,74.0,74.0,17.72222222222222,71.6,17.570888888888888,14.5,0.7
2025-10-17 13:02:34+00:00,33.73804012932132,-84.41882647375374,1090914990,89659,22.0,23.0,22.0,23.0,23.0,24.0,23.0,24.0,72.0,72.0,74.0,74.0,17.72222222222222,71.6,17.570888888888888,14.5,0.7
2025-10-17 13:02:35+00:00,33.73804051941798,-84.41881282037086,1090914990,89659,22.0,23.0,22.0,23.0,23.0,24.0,23.0,24.0,72.0,72.0,74.0,74.0,17.72222222222222,71.6,17.570888888888888,14.5,0.7
2025-10-17 13:02:36+00:00,33.73804090670238,-84.41879926541664,1090914990,89659,22.0,23.0,22.0,23.0,23.0,24.0,23.0,24.0,72.0,72.0,74.0,74.0,17.666666666666668,71.8,17.515166666666666,14.5,0.8
2025-10-17 13:02:37+00:00,33.73804140312813,-84.41878592179684,1090914990,89659,22.0,23.0,22.0,23.0,23.0,24.0,23.0,24.0,72.0,72.0,74.0,74.0,17.666666666666668,71.8,17.515166666666666,14.5,0.8
2025-10-17 13:02:38+00:00,33.73804191557676,-84.41877311058101,1090914990,89659,27.0,27.0,27.0,27.0,25.0,26.0,25.0,26.0,83.0,83.0,79.0,79.0,17.666666666666668,71.8,17.515166666666666,14.5,0.8
2025-10-17 13:02:39+00:00,33.73804245731788,-84.41875956705289,1090914990,89659,27.0,27.0,27.0,27.0,25.0,26.0,25.0,26.0,83.0,83.0,79.0,79.0,17.666666666666668,71.8,17.515166666666666,14.5,0.8
2025-10-17 13:02:40+00:00,33.73804305468808,-84.41874428644027,1090914990,89659,27.0,27.0,27.0,27.0,25.0,26.0,25.0,26.0,83.0,83.0,79.0,79.0,17.666666666666668,71.8,17.515166666666666,14.5,0.8
2025-10-17 13:02:41+00:00,33.73804358036813,-84.41872781513196,1090914990,89659,27.0,27.0,27.0,27.0,25.0,26.0,25.0,26.0,83.0,83.0,79.0,79.0,17.666666666666668,71.7,17.513861111111108,14.5,0.7
2025-10-17 13:02:42+00:00,33.73804411178706,-84.41871116400523,1090914990,89659,27.0,27.0,27.0,27.0,25.0,26.0,25.0,26.0,83.0,83.0,79.0,79.0,17.666666666666668,71.7,17.513861111111108,14.5,0.7
2025-10-17 13:02:43+00:00,33.73804461565045,-84.41869537628573,1090914990,89659,27.0,27.0,27.0,27.0,25.0,26.0,25.0,26.0,83.0,83.0,79.0,79.0,17.666666666666668,71.7,17.513861111111108,14.5,0.7
2025-10-17 13:02:44+00:00,33.738045106979584,-84.41867998130621,1090914990,89659,27.0,27.0,27.0,27.0,25.0,26.0,25.0,26.0,83.0,83.0,79.0,79.0,17.666666666666668,71.7,17.513861111111108,14.5,0.7
2025-10-17 13:02:45+00:00,33.738045622828466,-84.41866381804134,1090914990,89659,27.0,27.0,27.0,27.0,25.0,26.0,25.0,26.0,83.0,83.0,79.0,79.0,17.666666666666668,71.7,17.513861111111108,14.5,0.7
2025-10-17 13:02:46+00:00,33.73804614077521,-84.41864819906921,1090914990,89659,27.0,27.0,27.0,27.0,25.0,26.0,25.0,26.0,83.0,83.0,79.0,79.0,17.666666666666668,71.6,17.512555555555554,14.5,0.8
2025-10-17 13:02:47+00:00,33.738046705020636,-84.41863296444275,1090914990,89659,27.0,27.0,27.0,27.0,25.0,26.0,25.0,26.0,83.0,83.0,79.0,79.0,17.666666666666668,71.6,17.512555555555554,14.5,0.8
2025-10-17 13:02:48+00:00,33.73804700974038,-84.41861674188013,1090914990,89659,27.0,27.0,27.0,27.0,25.0,26.0,25.0,26.0,83.0,83.0,79.0,79.0,17.666666666666668,71.6,17.512555555555554,14.5,0.8
2025-10-17 13:02:49+00:00,33.738047620137365,-84.41860056635987,1090914990,89659,27.0,27.0,27.0,27.0,25.0,26.0,25.0,26.0,83.0,83.0,79.0,79.0,17.666666666666668,71.6,17.512555555555554,14.5,0.8
2025-10-17 13:02:50+00:00,33.73804821587982,-84.41858477918483,1090914990,89659,27.0,27.0,27.0,27.0,25.0,26.0,25.0,26.0,83.0,83.0,79.0,79.0,17.666666666666668,71.6,17.512555555555554,14.5,0.8
2025-10-17 13:02:51+00:00,33.73804875419294,-84.41857051388705,1090914990,89659,27.0,27.0,27.0,27.0,25.0,26.0,25.0,26.0,83.0,83.0,79.0,79.0,17.61111111111111,71.5,17.452916666666667,14.38888888888889,0.0
2025-10-17 13:02:52+00:00,33.73804921866946,-84.41855820525929,1090914990,89659,27.0,27.0,27.0,27.0,25.0,26.0,25.0,26.0,83.0,83.0,79.0,79.0,17.61111111111111,71.5,17.452916666666667,14.38888888888889,0.0
2025-10-17 13:02:53+00:00,33.738049692027225,-84.41854566127857,1090914990,89659,25.0,25.0,25.0,25.0,27.0,31.0,27.0,31.0,79.0,79.0,83.0,83.0,17.61111111111111,71.5,17.452916666666667,14.38888888888889,0.0
2025-10-17 13:02:54+00:00,33.738050164065655,-84.41853315226015,1090914990,89659,25.0,25.0,25.0,25.0,27.0,31.0,27.0,31.0,79.0,79.0,83.0,83.0,17.61111111111111,71.5,17.452916666666667,14.38888888888889,0.0
2025-10-17 13:02:55+00:00,33.73805060891951,-84.41852136363303,1090914990,89659,25.0,25.0,25.0,25.0,27.0,31.0,27.0,31.0,79.0,79.0,83.0,83.0,17.61111111111111,71.5,17.452916666666667,14.38888888888889,0.0
2025-10-17 13:02:56+00:00,33.738051,-84.41850900300464,1090914990,89660,25.0,25.0,25.0,25.0,27.0,31.0,27.0,31.0,79.0,79.0,83.0,83.0,17.555555555555557,71.3,17.39197222222222,14.277777777777779,0.7
2025-10-17 13:02:57+00:00,33.738051,-84.41849631480217,1090914990,89660,25.0,25.0,25.0,25.0,27.0,31.0,27.0,31.0,79.0,79.0,83.0,83.0,17.555555555555557,71.3,17.39197222222222,14.277777777777779,0.7
2025-10-17 13:02:58+00:00,33.73805155414661,-84.4184825619447,1090914990,89660,25.0,25.0,25.0,25.0,27.0,31.0,27.0,31.0,79.0,79.0,83.0,83.0,17.555555555555557,71.3,17.39197222222222,14.277777777777779,0.7
2025-10-17 13:02:59+00:00,33.73805211739927,-84.41846890306778,1090914990,89660,25.0,25.0,25.0,25.0,27.0,31.0,27.0,31.0,79.0,79.0,83.0,83.0,17.555555555555557,71.3,17.39197222222222,14.277777777777779,0.7
2025-10-17 13:03:00+00:00,33.73805267687861,-84.41845533569366,1090914990,89660,25.0,25.0,25.0,25.0,27.0,31.0,27.0,31.0,79.0,79.0,83.0,83.0,17.555555555555557,71.3,17.39197222222222,14.277777777777779,0.7
2025-10-17 13:03:01+00:00,33.738053270957145,-84.41844092928929,1090914990,89660,25.0,25.0,25.0,25.0,27.0,31.0,27.0,31.0,79.0,79.0,83.0,83.0,17.666666666666668,71.3,17.508638888888886,14.38888888888889,0.0
2025-10-17 13:03:02+00:00,33.73805388623711,-84.41842600875015,1090914990,89660,25.0,25.0,25.0,25.0,27.0,31.0,27.0,31.0,79.0,79.0,83.0,83.0,17.666666666666668,71.3,17.508638888888886,14.38888888888889,0.0
2025-10-17 13:03:03+00:00,33.73805443191779,-84.41841277599373,1090914990,89660,25.0,25.0,25.0,25.0,27.0,31.0,27.0,31.0,79.0,79.0,83.0,83.0,17.666666666666668,71.3,17.508638888888886,14.38888888888889,0.0
2025-10-17 13:03:04+00:00,33.73805495024091,-84.41840020665799,1090914990,89660,25.0,25.0,25.0,25.0,27.0,31.0,27.0,31.0,79.0,79.0,83.0,83.0,17.666666666666668,71.3,17.508638888888886,14.38888888888889,0.0
2025-10-17 13:03:05+00:00,33.73805550020383,-84.41838899592342,1090914990,89660,25.0,25.0,25.0,25.0,27.0,31.0,27.0,31.0,79.0,79.0,83.0,83.0,17.666666666666668,71.3,17.508638888888886,14.38888888888889,0.0
2025-10-17 13:03:06+00:00,33.738056,-84.4183781776113,1090914990,89660,25.0,25.0,25.0,25.0,27.0,31.0,27.0,31.0,79.0,79.0,83.0,83.0,17.61111111111111,71.4,17.451611111111117,14.38888888888889,0.0
2025-10-17 13:03:07+00:00,33.738057085054095,-84.41836699272335,1090914990,89660,25.0,25.0,25.0,25.0,27.0,31.0,27.0,31.0,79.0,79.0,83.0,83.0,17.61111111111111,71.4,17.451611111111117,14.38888888888889,0.0
2025-10-17 13:03:08+00:00,33.73805759120205,-84.41835504763162,1090914990,89660,23.0,23.0,23.0,23.0,26.0,29.5,26.0,29.5,74.0,74.0,81.0,81.0,17.61111111111111,71.4,17.451611111111117,14.38888888888889,0.0
2025-10-17 13:03:09+00:00,33.73805825476613,-84.41833938751931,1090914990,89660,23.0,23.0,23.0,23.0,26.0,29.5,26.0,29.5,74.0,74.0,81.0,81.0,17.61111111111111,71.4,17.451611111111117,14.38888888888889,0.0
2025-10-17 13:03:10+00:00,33.738059005589236,-84.41832166809398,1090914990,89660,23.0,23.0,23.0,23.0,26.0,29.5,26.0,29.5,74.0,74.0,81.0,81.0,17.61111111111111,71.4,17.451611111111117,14.38888888888889,0.0
2025-10-17 13:03:11+00:00,33.738059774103455,-84.4183035311585,1090914990,89660,23.0,23.0,23.0,23.0,26.0,29.5,26.0,29.5,74.0,74.0,81.0,81.0,17.666666666666668,71.4,17.509944444444443,14.38888888888889,0.8
2025-10-17 13:03:12+00:00,33.73806053473482,-84.41828558025823,1090914990,89660,23.0,23.0,23.0,23.0,26.0,29.5,26.0,29.5,74.0,74.0,81.0,81.0,17.666666666666668,71.4,17.509944444444443,14.38888888888889,0.8
2025-10-17 13:03:13+00:00,33.7380612684446,-84.41826826470735,1090914990,89660,23.0,23.0,23.0,23.0,26.0,29.5,26.0,29.5,74.0,74.0,81.0,81.0,17.666666666666668,71.4,17.509944444444443,14.38888888888889,0.8
2025-10-17 13:03:14+00:00,33.73806199207199,-84.41825118710108,1090914990,89660,23.0,23.0,23.0,23.0,26.0,29.5,26.0,29.5,74.0,74.0,81.0,81.0,17.666666666666668,71.4,17.509944444444443,14.38888888888889,0.8
2025-10-17 13:03:15+00:00,33.73806255209996,-84.41823609330112,1090914990,89660,23.0,23.0,23.0,23.0,26.0,29.5,26.0,29.5,74.0,74.0,81.0,81.0,17.666666666666668,71.4,17.509944444444443,14.38888888888889,0.8
2025-10-17 13:03:16+00:00,33.73806308921229,-84.41822159126818,1090914990,89660,23.0,23.0,23.0,23.0,26.0,29.5,26.0,29.5,74.0,74.0,81.0,81.0,17.666666666666668,71.4,17.509944444444443,14.38888888888889,0.0
2025-10-17 13:03:17+00:00,33.738063651681365,-84.41820640460323,1090914990,89660,23.0,23.0,23.0,23.0,26.0,29.5,26.0,29.5,74.0,74.0,81.0,81.0,17.666666666666668,71.4,17.509944444444443,14.38888888888889,0.0
2025-10-17 13:03:18+00:00,33.738064435768244,-84.41819177078109,1090914990,89661,23.0,23.0,23.0,23.0,26.0,29.5,26.0,29.5,74.0,74.0,81.0,81.0,17.666666666666668,71.4,17.509944444444443,14.38888888888889,0.0
2025-10-17 13:03:19+00:00,33.73806557023206,-84.41817815721531,1090914990,89661,23.0,23.0,23.0,23.0,26.0,29.5,26.0,29.5,74.0,74.0,81.0,81.0,17.666666666666668,71.4,17.509944444444443,14.38888888888889,0.0
2025-10-17 13:03:20+00:00,33.73806662199445,-84.41816553606661,1090914990,89661,23.0,23.0,23.0,23.0,26.0,29.5,26.0,29.5,74.0,74.0,81.0,81.0,17.666666666666668,71.4,17.509944444444443,14.38888888888889,0.0
2025-10-17 13:03:21+00:00,33.738067734165746,-84.41815182292821,1090914990,89661,23.0,23.0,23.0,23.0,26.0,29.5,26.0,29.5,74.0,74.0,81.0,81.0,17.72222222222222,71.4,17.56827777777778,14.5,0.0
2025-10-17 13:03:22+00:00,33.738069,-84.41813507893728,1090914990,89661,23.0,23.0,23.0,23.0,26.0,29.5,26.0,29.5,74.0,74.0,81.0,81.0,17.72222222222222,71.4,17.56827777777778,14.5,0.0
2025-10-17 13:03:23+00:00,33.7380698859636,-84.4181174950031,1090914990,89661,22.5,22.5,22.5,22.5,24.0,24.0,24.0,24.0,73.0,73.0,77.0,77.0,17.72222222222222,71.4,17.56827777777778,14.5,0.0
2025-10-17 13:03:24+00:00,33.73807131809254,-84.41810051404566,1090914990,89661,22.5,22.5,22.5,22.5,24.0,24.0,24.0,24.0,73.0,73.0,77.0,77.0,17.72222222222222,71.4,17.56827777777778,14.5,0.0
2025-10-17 13:03:25+00:00,33.738072425724205,-84.41808738069874,1090914990,89661,22.5,22.5,22.5,22.5,24.0,24.0,24.0,24.0,73.0,73.0,77.0,77.0,17.72222222222222,71.4,17.56827777777778,14.5,0.0
2025-10-17 13:03:26+00:00,33.73807340440034,-84.418075776396,1090914990,89661,22.5,22.5,22.5,22.5,24.0,24.0,24.0,24.0,73.0,73.0,77.0,77.0,17.61111111111111,71.4,17.451611111111117,14.38888888888889,0.0
2025-10-17 13:03:27+00:00,33.7380745880044,-84.41806174223349,1090914990,89661,22.5,22.5,22.5,22.5,24.0,24.0,24.0,24.0,73.0,73.0,77.0,77.0,17.61111111111111,71.4,17.451611111111117,14.38888888888889,0.0
2025-10-17 13:03:28+00:00,33.738057883753825,-84.41804027402273,561725238,41999,22.5,22.5,22.5,22.5,24.0,24.0,24.0,24.0,73.0,73.0,77.0,77.0,17.61111111111111,71.4,17.451611111111117,14.38888888888889,0.0
2025-10-17 13:03:29+00:00,33.73805134290636,-84.41803854369884,561725238,41999,22.5,22.5,22.5,22.5,24.0,24.0,24.0,24.0,73.0,73.0,77.0,77.0,17.61111111111111,71.4,17.451611111111117,14.38888888888889,0.0
2025-10-17 13:03:30+00:00,33.738044485240835,-84.41803665535616,561725238,41999,22.5,22.5,22.5,22.5,24.0,24.0,24.0,24.0,73.0,73.0,77.0,77.0,17.61111111111111,71.4,17.451611111111117,14.38888888888889,0.0
2025-10-17 13:03:31+00:00,33.738038800136245,-84.41803508989258,561725238,41999,22.5,22.5,22.5,22.5,24.0,24.0,24.0,24.0,73.0,73.0,77.0,77.0,17.555555555555557,71.3,17.39197222222222,14.277777777777779,0.8
2025-10-17 13:03:32+00:00,33.73807916126961,-84.41799170362347,1090914990,89662,22.5,22.5,22.5,22.5,24.0,24.0,24.0,24.0,73.0,73.0,77.0,77.0,17.555555555555557,71.3,17.39197222222222,14.277777777777779,0.8
2025-10-17 13:03:33+00:00,33.73808003914456,-84.41797484842438,1090914990,89662,22.5,22.5,22.5,22.5,24.0,24.0,24.0,24.0,73.0,73.0,77.0,77.0,17.555555555555557,71.3,17.39197222222222,14.277777777777779,0.8
2025-10-17 13:03:34+00:00,33.7380809146275,-84.41795803915198,1090914990,89662,22.5,22.5,22.5,22.5,24.0,24.0,24.0,24.0,73.0,73.0,77.0,77.0,17.555555555555557,71.3,17.39197222222222,14.277777777777779,0.8
2025-10-17 13:03:35+00:00,33.73808169880261,-84.41794298298996,1090914990,89662,22.5,22.5,22.5,22.5,24.0,24.0,24.0,24.0,73.0,73.0,77.0,77.0,17.555555555555557,71.3,17.39197222222222,14.277777777777779,0.8
2025-10-17 13:03:36+00:00,33.738082462745446,-84.41792831528743,1090914990,89662,22.5,22.5,22.5,22.5,24.0,24.0,24.0,24.0,73.0,73.0,77.0,77.0,17.61111111111111,71.2,17.449000000000005,14.38888888888889,0.0
2025-10-17 13:03:37+00:00,33.73808337570257,-84.41791386727172,1090914990,89662,22.5,22.5,22.5,22.5,24.0,24.0,24.0,24.0,73.0,73.0,77.0,77.0,17.61111111111111,71.2,17.449000000000005,14.38888888888889,0.0
2025-10-17 13:03:38+00:00,33.73808472697552,-84.41789900326927,1090914990,89662,22.0,22.0,22.0,22.0,26.0,27.0,26.0,27.0,72.0,72.0,81.0,81.0,17.61111111111111,71.2,17.449000000000005,14.38888888888889,0.0
2025-10-17 13:03:39+00:00,33.738086023035855,-84.41788251624713,1090914990,89662,22.0,22.0,22.0,22.0,26.0,27.0,26.0,27.0,72.0,72.0,81.0,81.0,17.61111111111111,71.2,17.449000000000005,14.38888888888889,0.0
2025-10-17 13:03:40+00:00,33.73808684620129,-84.41786522977294,1090914990,89662,22.0,22.0,22.0,22.0,26.0,27.0,26.0,27.0,72.0,72.0,81.0,81.0,17.61111111111111,71.2,17.449000000000005,14.38888888888889,0.0
2025-10-17 13:03:41+00:00,33.738087642311065,-84.41784851146771,1090914990,89662,22.0,22.0,22.0,22.0,26.0,27.0,26.0,27.0,72.0,72.0,81.0,81.0,17.666666666666668,71.1,17.506027777777778,14.38888888888889,0.8
2025-10-17 13:03:42+00:00,33.738088274244745,-84.41783524086037,1090914990,89662,22.0,22.0,22.0,22.0,26.0,27.0,26.0,27.0,72.0,72.0,81.0,81.0,17.666666666666668,71.1,17.506027777777778,14.38888888888889,0.8
2025-10-17 13:03:44+00:00,33.73808880246291,-84.41782414827891,1090914990,89662,22.0,22.0,22.0,22.0,26.0,27.0,26.0,27.0,72.0,72.0,81.0,81.0,17.666666666666668,71.1,17.506027777777778,14.38888888888889,0.8
2025-10-17 13:03:51+00:00,33.73808844711953,-84.41783161048993,1090914990,89662,22.0,22.0,22.0,22.0,26.0,27.0,26.0,27.0,72.0,72.0,81.0,81.0,17.83333333333333,71.7,17.68886111111111,14.666666666666666,2.8
2025-10-17 13:03:59+00:00,33.73808865121917,-84.41782732439748,1090914990,89662,23.0,23.0,23.0,23.0,31.0,32.0,31.0,32.0,74.0,74.0,91.0,91.0,17.77777777777778,71.7,17.630527777777775,14.61111111111111,0.8
2025-10-17 13:04:01+00:00,33.7380881211036,-84.41783845682444,1090914990,89662,23.0,23.0,23.0,23.0,31.0,32.0,31.0,32.0,74.0,74.0,91.0,91.0,17.77777777777778,71.5,17.627916666666668,14.61111111111111,0.9
2025-10-17 13:04:03+00:00,33.738087757885616,-84.41784608440219,1090914990,89662,23.0,23.0,23.0,23.0,31.0,32.0,31.0,32.0,74.0,74.0,91.0,91.0,17.77777777777778,71.5,17.627916666666668,14.61111111111111,0.9
2025-10-17 13:04:07+00:00,33.738087244725584,-84.41785686076273,1090914990,89662,23.0,23.0,23.0,23.0,31.0,32.0,31.0,32.0,74.0,74.0,91.0,91.0,17.77777777777778,71.0,17.62138888888889,14.5,1.1
2025-10-17 13:04:46+00:00,33.73808757660427,-84.41784989131037,1090914990,89662,23.0,24.0,23.0,24.0,28.0,31.0,28.0,31.0,74.0,74.0,85.0,85.0,19.388888888888893,72.4,19.331333333333337,16.11111111111111,1.0
2025-10-17 13:04:48+00:00,33.73807624334631,-84.41782,1382904490,102142,23.0,24.0,23.0,24.0,28.0,31.0,28.0,31.0,74.0,74.0,85.0,85.0,19.388888888888893,72.4,19.331333333333337,16.11111111111111,1.0
2025-10-17 13:04:50+00:00,33.738078557015854,-84.41782,1382904490,102142,23.0,24.0,23.0,24.0,28.0,31.0,28.0,31.0,74.0,74.0,85.0,85.0,19.388888888888893,72.4,19.331333333333337,16.11111111111111,1.0
2025-10-17 13:04:52+00:00,33.73809596727872,-84.41782,1382904489,102134,23.0,24.0,23.0,24.0,28.0,31.0,28.0,31.0,74.0,74.0,85.0,85.0,19.499999999999996,72.0,19.44277777777777,16.22222222222222,8.3
2025-10-17 13:04:53+00:00,33.738108617645544,-84.41781955106426,1382904489,102134,26.0,27.0,26.0,27.0,26.0,28.0,26.0,28.0,81.0,81.0,81.0,81.0,19.499999999999996,72.0,19.44277777777777,16.22222222222222,8.3
2025-10-17 13:04:54+00:00,33.73812064159681,-84.41781873536907,1382904489,102134,26.0,27.0,26.0,27.0,26.0,28.0,26.0,28.0,81.0,81.0,81.0,81.0,19.499999999999996,72.0,19.44277777777777,16.22222222222222,8.3
2025-10-17 13:04:56+00:00,33.738135427680284,-84.41781773229305,1382904489,102134,26.0,27.0,26.0,27.0,26.0,28.0,26.0,28.0,81.0,81.0,81.0,81.0,19.555555555555557,71.7,19.497194444444442,16.22222222222222,0.0
2025-10-17 13:04:58+00:00,33.73812230963607,-84.41781862221062,1382904489,102134,26.0,27.0,26.0,27.0,26.0,28.0,26.0,28.0,81.0,81.0,81.0,81.0,19.555555555555557,71.7,19.497194444444442,16.22222222222222,0.0
2025-10-17 13:04:59+00:00,33.73808771792708,-84.41784692353144,1090914990,89662,26.0,27.0,26.0,27.0,26.0,28.0,26.0,28.0,81.0,81.0,81.0,81.0,19.555555555555557,71.7,19.497194444444442,16.22222222222222,0.0
2025-10-17 13:05:00+00:00,33.73808696808879,-84.41786267013552,1090914990,89662,26.0,27.0,26.0,27.0,26.0,28.0,26.0,28.0,81.0,81.0,81.0,81.0,19.555555555555557,71.7,19.497194444444442,16.22222222222222,0.0
2025-10-17 13:05:01+00:00,33.738086320672984,-84.41787626586736,1090914990,89662,26.0,27.0,26.0,27.0,26.0,28.0,26.0,28.0,81.0,81.0,81.0,81.0,19.555555555555557,71.6,19.495888888888892,16.22222222222222,0.0
2025-10-17 13:05:02+00:00,33.73808572655072,-84.4178865548406,1090914990,89662,26.0,27.0,26.0,27.0,26.0,28.0,26.0,28.0,81.0,81.0,81.0,81.0,19.555555555555557,71.6,19.495888888888892,16.22222222222222,0.0
2025-10-17 13:05:03+00:00,33.73808520779025,-84.41789329872674,1090914990,89662,26.0,27.0,26.0,27.0,26.0,28.0,26.0,28.0,81.0,81.0,81.0,81.0,19.555555555555557,71.6,19.495888888888892,16.22222222222222,0.0
2025-10-17 13:05:07+00:00,33.7380861568587,-84.41787970596737,1090914990,89662,26.0,27.0,26.0,27.0,26.0,28.0,26.0,28.0,81.0,81.0,81.0,81.0,19.499999999999996,70.7,19.425805555555556,16.11111111111111,0.0
2025-10-17 13:05:08+00:00,33.73808659944347,-84.41787041168719,1090914990,89662,25.5,26.0,25.5,26.0,27.0,29.0,27.0,29.0,80.0,80.0,83.0,83.0,19.499999999999996,70.7,19.425805555555556,16.11111111111111,0.0
2025-10-17 13:05:10+00:00,33.73808741583763,-84.41785326740975,1090914990,89662,25.5,26.0,25.5,26.0,27.0,29.0,27.0,29.0,80.0,80.0,83.0,83.0,19.499999999999996,70.7,19.425805555555556,16.11111111111111,0.0
2025-10-17 13:05:12+00:00,33.7380878074441,-84.41784504367385,1090914990,89662,25.5,26.0,25.5,26.0,27.0,29.0,27.0,29.0,80.0,80.0,83.0,83.0,19.499999999999996,69.7,19.41275,15.88888888888889,0.0
2025-10-17 13:05:14+00:00,33.738088013908,-84.41784070793206,1090914990,89662,25.5,26.0,25.5,26.0,27.0,29.0,27.0,29.0,80.0,80.0,83.0,83.0,19.499999999999996,69.7,19.41275,15.88888888888889,0.0
2025-10-17 13:05:16+00:00,33.738104165527666,-84.41781985309235,1382904489,102134,25.5,26.0,25.5,26.0,27.0,29.0,27.0,29.0,80.0,80.0,83.0,83.0,19.555555555555557,68.7,19.45802777777778,15.777777777777779,0.0
2025-10-17 13:05:18+00:00,33.73807351773161,-84.41782,1382904490,102142,25.5,26.0,25.5,26.0,27.0,29.0,27.0,29.0,80.0,80.0,83.0,83.0,19.555555555555557,68.7,19.45802777777778,15.777777777777779,0.0
2025-10-17 13:05:19+00:00,33.73805906371627,-84.41781984414116,1382904490,102142,25.5,26.0,25.5,26.0,27.0,29.0,27.0,29.0,80.0,80.0,83.0,83.0,19.555555555555557,68.7,19.45802777777778,15.777777777777779,0.0
2025-10-17 13:05:20+00:00,33.738049888904314,-84.41781973360126,1382904490,102142,25.5,26.0,25.5,26.0,27.0,29.0,27.0,29.0,80.0,80.0,83.0,83.0,19.555555555555557,68.7,19.45802777777778,15.777777777777779,0.0
2025-10-17 13:05:22+00:00,33.738039602254545,-84.41781960966571,1382904490,102142,25.5,26.0,25.5,26.0,27.0,29.0,27.0,29.0,80.0,80.0,83.0,83.0,19.555555555555557,68.5,19.455416666666665,15.777777777777779,0.0
2025-10-17 13:05:24+00:00,33.73803354060753,-84.41781953663383,1382904490,102142,25.0,26.0,25.0,26.0,29.0,32.0,29.0,32.0,79.0,79.0,87.0,87.0,19.555555555555557,68.5,19.455416666666665,15.777777777777779,0.0
2025-10-17 13:05:26+00:00,33.73803213208894,-84.41781951966372,1382904490,102142,25.0,26.0,25.0,26.0,29.0,32.0,29.0,32.0,79.0,79.0,87.0,87.0,19.499999999999996,68.4,19.395777777777774,15.666666666666666,0.0
2025-10-17 13:05:27+00:00,33.73798978234554,-84.41778222975968,1307448046,97378,25.0,26.0,25.0,26.0,29.0,32.0,29.0,32.0,79.0,79.0,87.0,87.0,19.499999999999996,68.4,19.395777777777774,15.666666666666666,0.0
2025-10-17 13:05:29+00:00,33.73798995217217,-84.41777424790797,1307448046,97378,25.0,26.0,25.0,26.0,29.0,32.0,29.0,32.0,79.0,79.0,87.0,87.0,19.499999999999996,68.4,19.395777777777774,15.666666666666666,0.0
2025-10-17 13:05:31+00:00,33.7379900389848,-84.41777016771466,1307448046,97378,25.0,26.0,25.0,26.0,29.0,32.0,29.0,32.0,79.0,79.0,87.0,87.0,19.388888888888893,68.1,19.27519444444445,15.61111111111111,0.0
2025-10-17 13:05:32+00:00,33.737990082235946,-84.41776813491042,1307448046,97378,25.0,26.0,25.0,26.0,29.0,32.0,29.0,32.0,79.0,79.0,87.0,87.0,19.388888888888893,68.1,19.27519444444445,15.61111111111111,0.0
2025-10-17 13:05:33+00:00,33.7379900881489,-84.41776785700196,1307448046,97378,25.0,26.0,25.0,26.0,29.0,32.0,29.0,32.0,79.0,79.0,87.0,87.0,19.388888888888893,68.1,19.27519444444445,15.61111111111111,0.0
2025-10-17 13:05:34+00:00,33.73799006091859,-84.41776913682607,1307448046,97378,25.0,26.0,25.0,26.0,29.0,32.0,29.0,32.0,79.0,79.0,87.0,87.0,19.388888888888893,68.1,19.27519444444445,15.61111111111111,0.0
2025-10-17 13:05:37+00:00,33.73798977560356,-84.41778254663276,1307448046,97378,25.0,26.0,25.0,26.0,29.0,32.0,29.0,32.0,79.0,79.0,87.0,87.0,19.388888888888893,67.5,19.267361111111114,15.5,0.8
2025-10-17 13:05:39+00:00,33.73798943434603,-84.41779858573673,1307448046,97378,26.0,27.0,26.0,27.0,29.0,30.0,29.0,30.0,81.0,81.0,87.0,87.0,19.388888888888893,67.5,19.267361111111114,15.5,0.8
2025-10-17 13:05:40+00:00,33.73802847756575,-84.41781947563332,1382904490,102142,26.0,27.0,26.0,27.0,29.0,30.0,29.0,30.0,81.0,81.0,87.0,87.0,19.388888888888893,67.5,19.267361111111114,15.5,0.8
2025-10-17 13:05:41+00:00,33.738049679130846,-84.41781973107386,1382904490,102142,26.0,27.0,26.0,27.0,29.0,30.0,29.0,30.0,81.0,81.0,87.0,87.0,19.27777777777778,67.2,19.146777777777782,15.38888888888889,0.0
2025-10-17 13:05:42+00:00,33.738087654170734,-84.4178482624146,1090914990,89662,26.0,27.0,26.0,27.0,29.0,30.0,29.0,30.0,81.0,81.0,87.0,87.0,19.27777777777778,67.2,19.146777777777782,15.38888888888889,0.0
2025-10-17 13:05:43+00:00,33.738087233971015,-84.41785708660876,1090914990,89662,26.0,27.0,26.0,27.0,29.0,30.0,29.0,30.0,81.0,81.0,87.0,87.0,19.27777777777778,67.2,19.146777777777782,15.38888888888889,0.0
2025-10-17 13:05:44+00:00,33.73808695592166,-84.41786292564522,1090914990,89662,26.0,27.0,26.0,27.0,29.0,30.0,29.0,30.0,81.0,81.0,87.0,87.0,19.27777777777778,67.2,19.146777777777782,15.38888888888889,0.0
2025-10-17 13:05:47+00:00,33.738086704226205,-84.41786821124971,1090914990,89662,26.0,27.0,26.0,27.0,29.0,30.0,29.0,30.0,81.0,81.0,87.0,87.0,19.333333333333332,66.8,19.199888888888886,15.38888888888889,0.9
2025-10-17 13:05:54+00:00,33.73808729530598,-84.41785579857452,1090914990,89662,25.0,25.0,25.0,25.0,29.0,31.0,29.0,31.0,79.0,79.0,87.0,87.0,19.222222222222218,67.2,19.088444444444438,15.277777777777779,0.8
2025-10-17 13:05:56+00:00,33.738087592980605,-84.4178495474074,1090914990,89662,25.0,25.0,25.0,25.0,29.0,31.0,29.0,31.0,79.0,79.0,87.0,87.0,19.055555555555557,67.4,18.91605555555556,15.166666666666666,1.2
2025-10-17 13:06:04+00:00,33.7380878877869,-84.41784335647529,1090914990,89662,25.0,25.0,25.0,25.0,29.0,31.0,29.0,31.0,79.0,79.0,87.0,87.0,19.166666666666668,67.4,19.03272222222223,15.277777777777779,0.8
2025-10-17 13:06:06+00:00,33.73808815794259,-84.41783768320568,1090914990,89662,25.0,25.0,25.0,25.0,29.0,31.0,29.0,31.0,79.0,79.0,87.0,87.0,19.111111111111114,67.4,18.974388888888896,15.166666666666666,0.9
2025-10-17 13:06:10+00:00,33.738103447779736,-84.41781990178379,1382904489,102134,27.0,28.0,27.0,28.0,26.0,27.0,26.0,27.0,83.0,83.0,81.0,81.0,19.111111111111114,67.4,18.974388888888896,15.166666666666666,0.9
2025-10-17 13:06:13+00:00,33.73809761536699,-84.41782,1382904489,102134,27.0,28.0,27.0,28.0,26.0,27.0,26.0,27.0,83.0,83.0,81.0,81.0,19.055555555555557,67.5,18.917361111111106,15.166666666666666,0.8
2025-10-17 13:06:17+00:00,33.738088848631264,-84.41782317874348,1090914990,89662,27.0,28.0,27.0,28.0,26.0,27.0,26.0,27.0,83.0,83.0,81.0,81.0,19.055555555555557,67.6,18.91866666666666,15.166666666666666,0.0
2025-10-17 13:06:28+00:00,33.738085407149335,-84.41782,1382904490,102142,28.0,28.0,28.0,28.0,24.0,25.0,24.0,25.0,85.0,85.0,77.0,77.0,18.944444444444443,67.6,18.801999999999996,15.11111111111111,0.0
2025-10-17 13:06:39+00:00,33.73807393502796,-84.41782,1382904490,102142,27.0,27.5,27.0,27.5,27.0,27.0,27.0,27.0,83.0,83.0,83.0,83.0,18.833333333333336,67.2,18.680111111111113,15.0,0.0
2025-10-17 13:06:42+00:00,33.738065717061886,-84.41781992430195,1382904490,102142,27.0,27.5,27.0,27.5,27.0,27.0,27.0,27.0,83.0,83.0,83.0,83.0,18.77777777777778,67.0,18.619166666666665,14.88888888888889,0.0
2025-10-17 13:07:06+00:00,33.73807643964289,-84.41782,1382904490,102142,27.0,27.0,27.0,27.0,27.5,28.5,27.5,28.5,83.0,83.0,84.0,84.0,18.5,65.7,18.31052777777777,14.5,0.0
2025-10-17 13:07:17+00:00,33.738088344289075,-84.41782,1382904490,102142,27.0,28.0,27.0,28.0,27.0,30.0,27.0,30.0,83.0,83.0,83.0,83.0,18.5,65.9,18.31313888888889,14.5,0.0
2025-10-17 13:07:19+00:00,33.73808875162344,-84.41782521590783,1090914990,89662,27.0,28.0,27.0,28.0,27.0,30.0,27.0,30.0,83.0,83.0,83.0,83.0,18.5,65.9,18.31313888888889,14.5,0.0
2025-10-17 13:07:28+00:00,33.738076174020655,-84.41782,1382904490,102142,27.0,27.0,27.0,27.0,29.5,33.5,29.5,33.5,83.0,83.0,88.0,88.0,18.5,66.4,18.319666666666663,14.61111111111111,0.9
2025-10-17 13:07:45+00:00,33.73808809602965,-84.41783898337741,1090914990,89662,26.0,26.0,26.0,26.0,26.5,27.0,26.5,27.0,81.0,81.0,82.0,82.0,18.388888888888886,66.3,18.201694444444442,14.5,0.8
2025-10-17 13:07:47+00:00,33.73806447519018,-84.41781990933964,1382904490,102142,26.0,26.0,26.0,26.0,26.5,27.0,26.5,27.0,81.0,81.0,82.0,82.0,18.333333333333332,66.4,18.144666666666673,14.5,0.8
2025-10-17 13:07:48+00:00,33.738048719218845,-84.41781971950866,1382904490,102142,26.0,26.0,26.0,26.0,26.5,27.0,26.5,27.0,81.0,81.0,82.0,82.0,18.333333333333332,66.4,18.144666666666673,14.5,0.8
2025-10-17 13:07:49+00:00,33.7380282797899,-84.41781947325047,1382904490,102142,26.0,26.0,26.0,26.0,26.5,27.0,26.5,27.0,81.0,81.0,82.0,82.0,18.333333333333332,66.4,18.144666666666673,14.5,0.8
2025-10-17 13:07:50+00:00,33.738004986904016,-84.4178191926133,1382904490,102142,26.0,26.0,26.0,26.0,26.5,27.0,26.5,27.0,81.0,81.0,82.0,82.0,18.333333333333332,66.4,18.144666666666673,14.5,0.8
2025-10-17 13:07:51+00:00,33.73798946208478,-84.41779728201557,1307448046,97378,26.0,26.0,26.0,26.0,26.5,27.0,26.5,27.0,81.0,81.0,82.0,82.0,18.277777777777782,66.7,18.090250000000008,14.38888888888889,0.9
2025-10-17 13:07:52+00:00,33.73798956382083,-84.41779250042073,1307448046,97378,26.0,26.0,26.0,26.0,26.5,27.0,26.5,27.0,81.0,81.0,82.0,82.0,18.277777777777782,66.7,18.090250000000008,14.38888888888889,0.9
2025-10-17 13:07:53+00:00,33.73794885765195,-84.41781591212707,1382904490,102141,20.0,21.0,20.0,21.0,26.0,28.0,26.0,28.0,68.0,68.0,81.0,81.0,18.277777777777782,66.7,18.090250000000008,14.38888888888889,0.9
2025-10-17 13:07:54+00:00,33.73793574180664,-84.41781490321588,1382904490,102141,20.0,21.0,20.0,21.0,26.0,28.0,26.0,28.0,68.0,68.0,81.0,81.0,18.277777777777782,66.7,18.090250000000008,14.38888888888889,0.9
2025-10-17 13:07:55+00:00,33.73792418307731,-84.41781401408286,1382904490,102141,20.0,21.0,20.0,21.0,26.0,28.0,26.0,28.0,68.0,68.0,81.0,81.0,18.277777777777782,66.7,18.090250000000008,14.38888888888889,0.9
2025-10-17 13:07:56+00:00,33.73790505506646,-84.41779752569185,1383669490,103670,20.0,21.0,20.0,21.0,26.0,28.0,26.0,28.0,68.0,68.0,81.0,81.0,18.166666666666668,67.2,17.980111111111118,14.38888888888889,0.7
2025-10-17 13:07:57+00:00,33.73790457004766,-84.417804639301,1383669490,103670,20.0,21.0,20.0,21.0,26.0,28.0,26.0,28.0,68.0,68.0,81.0,81.0,18.166666666666668,67.2,17.980111111111118,14.38888888888889,0.7
2025-10-17 13:07:58+00:00,33.737904018649324,-84.41781272647661,1383669490,103670,20.0,21.0,20.0,21.0,26.0,28.0,26.0,28.0,68.0,68.0,81.0,81.0,18.166666666666668,67.2,17.980111111111118,14.38888888888889,0.7
2025-10-17 13:07:59+00:00,33.737904,-84.417813,1383669490,103670,20.0,21.0,20.0,21.0,26.0,28.0,26.0,28.0,68.0,68.0,81.0,81.0,18.166666666666668,67.2,17.980111111111118,14.38888888888889,0.7
2025-10-17 13:08:00+00:00,33.737904,-84.417813,1383669490,103670,20.0,21.0,20.0,21.0,26.0,28.0,26.0,28.0,68.0,68.0,81.0,81.0,18.166666666666668,67.2,17.980111111111118,14.38888888888889,0.7
2025-10-17 13:08:01+00:00,33.737904,-84.417813,1383669490,103670,20.0,21.0,20.0,21.0,26.0,28.0,26.0,28.0,68.0,68.0,81.0,81.0,18.166666666666668,67.6,17.98533333333334,14.38888888888889,0.9
2025-10-17 13:08:02+00:00,33.737904,-84.417813,1383669490,103670,20.0,21.0,20.0,21.0,26.0,28.0,26.0,28.0,68.0,68.0,81.0,81.0,18.166666666666668,67.6,17.98533333333334,14.38888888888889,0.9
2025-10-17 13:08:03+00:00,33.737904,-84.417813,1383669490,103670,20.0,21.0,20.0,21.0,26.0,28.0,26.0,28.0,68.0,68.0,81.0,81.0,18.166666666666668,67.6,17.98533333333334,14.38888888888889,0.9
2025-10-17 13:08:04+00:00,33.737904,-84.417813,1383669490,103670,20.0,21.0,20.0,21.0,26.0,28.0,26.0,28.0,68.0,68.0,81.0,81.0,18.166666666666668,67.6,17.98533333333334,14.38888888888889,0.9
2025-10-17 13:08:05+00:00,33.7379857144956,-84.41792827521991,1307448046,97377,20.0,21.0,20.0,21.0,26.0,28.0,26.0,28.0,68.0,68.0,81.0,81.0,18.166666666666668,67.6,17.98533333333334,14.38888888888889,0.9
2025-10-17 13:08:06+00:00,33.73798536830791,-84.41794558460455,1307448046,97377,20.0,21.0,20.0,21.0,26.0,28.0,26.0,28.0,68.0,68.0,81.0,81.0,18.166666666666668,67.9,17.989250000000002,14.38888888888889,0.0
2025-10-17 13:08:07+00:00,33.73798503465357,-84.41796226732156,1307448046,97377,20.0,21.0,20.0,21.0,26.0,28.0,26.0,28.0,68.0,68.0,81.0,81.0,18.166666666666668,67.9,17.989250000000002,14.38888888888889,0.0
2025-10-17 13:08:08+00:00,33.73798468781179,-84.4179783606578,1307448046,97377,23.0,24.0,23.0,24.0,25.0,25.0,25.0,25.0,74.0,74.0,79.0,79.0,18.166666666666668,67.9,17.989250000000002,14.38888888888889,0.0
2025-10-17 13:08:09+00:00,33.7379843776628,-84.41799262751131,1307448046,97377,23.0,24.0,23.0,24.0,25.0,25.0,25.0,25.0,74.0,74.0,79.0,79.0,18.166666666666668,67.9,17.989250000000002,14.38888888888889,0.0
2025-10-17 13:08:10+00:00,33.737984099895186,-84.41800540482133,1307448046,97377,23.0,24.0,23.0,24.0,25.0,25.0,25.0,25.0,74.0,74.0,79.0,79.0,18.166666666666668,67.9,17.989250000000002,14.38888888888889,0.0
2025-10-17 13:08:11+00:00,33.737984,-84.41801652184914,1307448046,97377,23.0,24.0,23.0,24.0,25.0,25.0,25.0,25.0,74.0,74.0,79.0,79.0,18.111111111111107,68.1,17.933527777777776,14.5,0.8
2025-10-17 13:08:12+00:00,33.737983417682486,-84.4180339756203,1307448046,97376,23.0,24.0,23.0,24.0,25.0,25.0,25.0,25.0,74.0,74.0,79.0,79.0,18.111111111111107,68.1,17.933527777777776,14.5,0.8
2025-10-17 13:08:13+00:00,33.73798291190194,-84.41804664294185,1307448046,97376,23.0,24.0,23.0,24.0,25.0,25.0,25.0,25.0,74.0,74.0,79.0,79.0,18.111111111111107,68.1,17.933527777777776,14.5,0.8
2025-10-17 13:08:14+00:00,33.737982436998955,-84.41806089003133,1307448046,97376,23.0,24.0,23.0,24.0,25.0,25.0,25.0,25.0,74.0,74.0,79.0,79.0,18.111111111111107,68.1,17.933527777777776,14.5,0.8
2025-10-17 13:08:15+00:00,33.737982,-84.418074,1307448046,97376,23.0,24.0,23.0,24.0,25.0,25.0,25.0,25.0,74.0,74.0,79.0,79.0,18.111111111111107,68.1,17.933527777777776,14.5,0.8
2025-10-17 13:08:16+00:00,33.737982,-84.41808615117816,1307448046,97375,23.0,24.0,23.0,24.0,25.0,25.0,25.0,25.0,74.0,74.0,79.0,79.0,18.055555555555557,68.4,17.87911111111111,14.38888888888889,0.8
2025-10-17 13:08:17+00:00,33.737982,-84.41810022116378,1307448046,97375,23.0,24.0,23.0,24.0,25.0,25.0,25.0,25.0,74.0,74.0,79.0,79.0,18.055555555555557,68.4,17.87911111111111,14.38888888888889,0.8
2025-10-17 13:08:18+00:00,33.73798144328191,-84.41811846420754,1307448046,97375,23.0,24.0,23.0,24.0,25.0,25.0,25.0,25.0,74.0,74.0,79.0,79.0,18.055555555555557,68.4,17.87911111111111,14.38888888888889,0.8
2025-10-17 13:08:19+00:00,33.737981,-84.41812621837616,1307448046,97375,23.0,24.0,23.0,24.0,25.0,25.0,25.0,25.0,74.0,74.0,79.0,79.0,18.055555555555557,68.4,17.87911111111111,14.38888888888889,0.8
2025-10-17 13:08:20+00:00,33.737980582939564,-84.4181428435713,1307448046,97375,23.0,24.0,23.0,24.0,25.0,25.0,25.0,25.0,74.0,74.0,79.0,79.0,18.055555555555557,68.4,17.87911111111111,14.38888888888889,0.8
2025-10-17 13:08:21+00:00,33.73798006978453,-84.41815618560237,1307448046,97375,23.0,24.0,23.0,24.0,25.0,25.0,25.0,25.0,74.0,74.0,79.0,79.0,18.166666666666668,68.7,17.999694444444444,14.5,0.8
2025-10-17 13:08:22+00:00,33.73797979617582,-84.41816757973653,1307448046,97375,23.0,24.0,23.0,24.0,25.0,25.0,25.0,25.0,74.0,74.0,79.0,79.0,18.166666666666668,68.7,17.999694444444444,14.5,0.8
2025-10-17 13:08:23+00:00,33.73797952884187,-84.41818014443237,1307448046,97375,24.0,25.0,24.0,25.0,24.0,26.0,24.0,26.0,77.0,77.0,77.0,77.0,18.166666666666668,68.7,17.999694444444444,14.5,0.8
2025-10-17 13:08:24+00:00,33.73797926497393,-84.41819254622553,1307448046,97375,24.0,25.0,24.0,25.0,24.0,26.0,24.0,26.0,77.0,77.0,77.0,77.0,18.166666666666668,68.7,17.999694444444444,14.5,0.8
2025-10-17 13:08:25+00:00,33.73797902686294,-84.41820373744208,1307448046,97375,24.0,25.0,24.0,25.0,24.0,26.0,24.0,26.0,77.0,77.0,77.0,77.0,18.166666666666668,68.7,17.999694444444444,14.5,0.8
2025-10-17 13:08:27+00:00,33.737978854071365,-84.41822821043006,1307448046,97374,24.0,25.0,24.0,25.0,24.0,26.0,24.0,26.0,77.0,77.0,77.0,77.0,18.111111111111107,69.0,17.945277777777772,14.5,0.0
2025-10-17 13:08:28+00:00,33.73797819510825,-84.41824270761857,1307448046,97374,24.0,25.0,24.0,25.0,24.0,26.0,24.0,26.0,77.0,77.0,77.0,77.0,18.111111111111107,69.0,17.945277777777772,14.5,0.0
2025-10-17 13:08:29+00:00,33.73797777111387,-84.41825684210363,1307448046,97374,24.0,25.0,24.0,25.0,24.0,26.0,24.0,26.0,77.0,77.0,77.0,77.0,18.111111111111107,69.0,17.945277777777772,14.5,0.0
2025-10-17 13:08:30+00:00,33.73797737457781,-84.41827389315404,1307448046,97374,24.0,25.0,24.0,25.0,24.0,26.0,24.0,26.0,77.0,77.0,77.0,77.0,18.111111111111107,69.0,17.945277777777772,14.5,0.0
2025-10-17 13:08:31+00:00,33.737977,-84.41829082663845,1307448046,97374,24.0,25.0,24.0,25.0,24.0,26.0,24.0,26.0,77.0,77.0,77.0,77.0,18.111111111111107,69.2,17.947888888888883,14.61111111111111,0.9
2025-10-17 13:08:32+00:00,33.737977,-84.4183085988155,1307448046,97374,24.0,25.0,24.0,25.0,24.0,26.0,24.0,26.0,77.0,77.0,77.0,77.0,18.111111111111107,69.2,17.947888888888883,14.61111111111111,0.9
2025-10-17 13:08:33+00:00,33.737976206511235,-84.41832990233148,1307448046,97374,24.0,25.0,24.0,25.0,24.0,26.0,24.0,26.0,77.0,77.0,77.0,77.0,18.111111111111107,69.2,17.947888888888883,14.61111111111111,0.9
2025-10-17 13:08:34+00:00,33.737976,-84.41834046695307,1307448046,97374,24.0,25.0,24.0,25.0,24.0,26.0,24.0,26.0,77.0,77.0,77.0,77.0,18.111111111111107,69.2,17.947888888888883,14.61111111111111,0.9
2025-10-17 13:08:35+00:00,33.737976,-84.41835486875678,1307448046,97374,24.0,25.0,24.0,25.0,24.0,26.0,24.0,26.0,77.0,77.0,77.0,77.0,18.111111111111107,69.2,17.947888888888883,14.61111111111111,0.9
2025-10-17 13:08:36+00:00,33.737975,-84.4183692175906,1307448046,97374,24.0,25.0,24.0,25.0,24.0,26.0,24.0,26.0,77.0,77.0,77.0,77.0,18.111111111111107,69.4,17.950499999999995,14.61111111111111,0.7
2025-10-17 13:08:37+00:00,33.737975,-84.41838309742151,1307448046,97374,24.0,25.0,24.0,25.0,24.0,26.0,24.0,26.0,77.0,77.0,77.0,77.0,18.111111111111107,69.4,17.950499999999995,14.61111111111111,0.7
2025-10-17 13:08:38+00:00,33.73797463886633,-84.41840177813872,1307448046,97374,24.0,24.0,24.0,24.0,24.0,27.0,24.0,27.0,77.0,77.0,77.0,77.0,18.111111111111107,69.4,17.950499999999995,14.61111111111111,0.7
2025-10-17 13:08:39+00:00,33.73797396413807,-84.41841336275343,1307448046,97373,24.0,24.0,24.0,24.0,24.0,27.0,24.0,27.0,77.0,77.0,77.0,77.0,18.111111111111107,69.4,17.950499999999995,14.61111111111111,0.7
2025-10-17 13:08:40+00:00,33.737973606441074,-84.41842695523906,1307448046,97373,24.0,24.0,24.0,24.0,24.0,27.0,24.0,27.0,77.0,77.0,77.0,77.0,18.111111111111107,69.4,17.950499999999995,14.61111111111111,0.7
2025-10-17 13:08:41+00:00,33.737973297066624,-84.41843871146816,1307448046,97373,24.0,24.0,24.0,24.0,24.0,27.0,24.0,27.0,77.0,77.0,77.0,77.0,18.111111111111107,69.5,17.951805555555545,14.666666666666666,0.0
2025-10-17 13:08:42+00:00,33.73797300606015,-84.41844976971414,1307448046,97373,24.0,24.0,24.0,24.0,24.0,27.0,24.0,27.0,77.0,77.0,77.0,77.0,18.111111111111107,69.5,17.951805555555545,14.666666666666666,0.0
2025-10-17 13:08:43+00:00,33.73797275114752,-84.41846070065655,1307448046,97373,24.0,24.0,24.0,24.0,24.0,27.0,24.0,27.0,77.0,77.0,77.0,77.0,18.111111111111107,69.5,17.951805555555545,14.666666666666666,0.0
2025-10-17 13:08:44+00:00,33.73797246459754,-84.41847302230576,1307448046,97373,24.0,24.0,24.0,24.0,24.0,27.0,24.0,27.0,77.0,77.0,77.0,77.0,18.111111111111107,69.5,17.951805555555545,14.666666666666666,0.0
2025-10-17 13:08:45+00:00,33.737972150925245,-84.41848651021431,1307448046,97373,24.0,24.0,24.0,24.0,24.0,27.0,24.0,27.0,77.0,77.0,77.0,77.0,18.111111111111107,69.5,17.951805555555545,14.666666666666666,0.0
2025-10-17 13:08:46+00:00,33.737972,-84.41850005778299,1307448046,97373,24.0,24.0,24.0,24.0,24.0,27.0,24.0,27.0,77.0,77.0,77.0,77.0,18.111111111111107,69.6,17.953111111111106,14.666666666666666,0.8
2025-10-17 13:08:47+00:00,33.737971794704535,-84.41851792709113,1307448046,97372,24.0,24.0,24.0,24.0,24.0,27.0,24.0,27.0,77.0,77.0,77.0,77.0,18.111111111111107,69.6,17.953111111111106,14.666666666666666,0.8
2025-10-17 13:08:48+00:00,33.7379711878692,-84.4185324911392,1307448046,97372,24.0,24.0,24.0,24.0,24.0,27.0,24.0,27.0,77.0,77.0,77.0,77.0,18.111111111111107,69.6,17.953111111111106,14.666666666666666,0.8
2025-10-17 13:08:49+00:00,33.737971,-84.41854581270933,1307448046,97372,24.0,24.0,24.0,24.0,24.0,27.0,24.0,27.0,77.0,77.0,77.0,77.0,18.111111111111107,69.6,17.953111111111106,14.666666666666666,0.8
2025-10-17 13:08:50+00:00,33.737971,-84.4185620895284,1307448046,97372,24.0,24.0,24.0,24.0,24.0,27.0,24.0,27.0,77.0,77.0,77.0,77.0,18.111111111111107,69.6,17.953111111111106,14.666666666666666,0.8
2025-10-17 13:08:51+00:00,33.737970358258245,-84.41857955135151,1307448046,97372,24.0,24.0,24.0,24.0,24.0,27.0,24.0,27.0,77.0,77.0,77.0,77.0,18.166666666666668,69.7,18.012750000000008,14.666666666666666,0.9
2025-10-17 13:08:52+00:00,33.73797,-84.41859092891018,1307448046,97372,24.0,24.0,24.0,24.0,24.0,27.0,24.0,27.0,77.0,77.0,77.0,77.0,18.166666666666668,69.7,18.012750000000008,14.666666666666666,0.9
2025-10-17 13:08:53+00:00,33.73797,-84.4186032663941,1307448046,97372,23.5,24.5,23.5,24.5,28.0,30.0,28.0,30.0,75.5,75.5,85.0,85.0,18.166666666666668,69.7,18.012750000000008,14.666666666666666,0.9
2025-10-17 13:08:54+00:00,33.737969,-84.418614,1307448046,97372,23.5,24.5,23.5,24.5,28.0,30.0,28.0,30.0,75.5,75.5,85.0,85.0,18.166666666666668,69.7,18.012750000000008,14.666666666666666,0.9
2025-10-17 13:08:55+00:00,33.737969,-84.41862574633994,1307448046,97372,23.5,24.5,23.5,24.5,28.0,30.0,28.0,30.0,75.5,75.5,85.0,85.0,18.166666666666668,69.7,18.012750000000008,14.666666666666666,0.9
2025-10-17 13:08:56+00:00,33.737969,-84.41864057916673,1307448046,97372,23.5,24.5,23.5,24.5,28.0,30.0,28.0,30.0,75.5,75.5,85.0,85.0,18.111111111111107,69.9,17.95702777777778,14.666666666666666,0.9
2025-10-17 13:08:57+00:00,33.73796859316996,-84.418658763921,1307448046,97372,23.5,24.5,23.5,24.5,28.0,30.0,28.0,30.0,75.5,75.5,85.0,85.0,18.111111111111107,69.9,17.95702777777778,14.666666666666666,0.9
2025-10-17 13:08:58+00:00,33.73796780537705,-84.41867767095064,1307448046,97372,23.5,24.5,23.5,24.5,28.0,30.0,28.0,30.0,75.5,75.5,85.0,85.0,18.111111111111107,69.9,17.95702777777778,14.666666666666666,0.9
2025-10-17 13:08:59+00:00,33.737967,-84.418697,1307448046,97372,23.5,24.5,23.5,24.5,28.0,30.0,28.0,30.0,75.5,75.5,85.0,85.0,18.111111111111107,69.9,17.95702777777778,14.666666666666666,0.9
2025-10-17 13:09:00+00:00,33.73796658612331,-84.41871645220449,1307448046,97372,23.5,24.5,23.5,24.5,28.0,30.0,28.0,30.0,75.5,75.5,85.0,85.0,18.111111111111107,69.9,17.95702777777778,14.666666666666666,0.9
2025-10-17 13:09:01+00:00,33.737966156510005,-84.41873664402988,1307448046,97372,23.5,24.5,23.5,24.5,28.0,30.0,28.0,30.0,75.5,75.5,85.0,85.0,18.111111111111107,70.0,17.95833333333333,14.666666666666666,0.9
2025-10-17 13:09:02+00:00,33.7379657430817,-84.41875607516012,1307448046,97372,23.5,24.5,23.5,24.5,28.0,30.0,28.0,30.0,75.5,75.5,85.0,85.0,18.111111111111107,70.0,17.95833333333333,14.666666666666666,0.9
2025-10-17 13:09:03+00:00,33.73796534755597,-84.41877466486935,1307448046,97372,23.5,24.5,23.5,24.5,28.0,30.0,28.0,30.0,75.5,75.5,85.0,85.0,18.111111111111107,70.0,17.95833333333333,14.666666666666666,0.9
2025-10-17 13:09:04+00:00,33.737965,-84.41879192364824,1307448046,97372,23.5,24.5,23.5,24.5,28.0,30.0,28.0,30.0,75.5,75.5,85.0,85.0,18.111111111111107,70.0,17.95833333333333,14.666666666666666,0.9
2025-10-17 13:09:05+00:00,33.73796471226591,-84.41881361788421,1307448046,97372,23.5,24.5,23.5,24.5,28.0,30.0,28.0,30.0,75.5,75.5,85.0,85.0,18.111111111111107,70.0,17.95833333333333,14.666666666666666,0.9
2025-10-17 13:09:06+00:00,33.737964,-84.41883,1307448046,97372,23.5,24.5,23.5,24.5,28.0,30.0,28.0,30.0,75.5,75.5,85.0,85.0,18.055555555555557,70.0,17.9,14.666666666666666,0.9
2025-10-17 13:09:07+00:00,33.737964,-84.4188443148366,1307448046,97371,23.5,24.5,23.5,24.5,28.0,30.0,28.0,30.0,75.5,75.5,85.0,85.0,18.055555555555557,70.0,17.9,14.666666666666666,0.9
2025-10-17 13:09:08+00:00,33.737963,-84.418864,1307448046,97371,24.0,24.0,24.0,24.0,24.5,25.0,24.5,25.0,77.0,77.0,78.0,78.0,18.055555555555557,70.0,17.9,14.666666666666666,0.9
2025-10-17 13:09:09+00:00,33.737963,-84.41887519649883,1307448046,97371,24.0,24.0,24.0,24.0,24.5,25.0,24.5,25.0,77.0,77.0,78.0,78.0,18.055555555555557,70.0,17.9,14.666666666666666,0.9
2025-10-17 13:09:10+00:00,33.737963,-84.41888994488959,1307448046,97371,24.0,24.0,24.0,24.0,24.5,25.0,24.5,25.0,77.0,77.0,78.0,78.0,18.055555555555557,70.0,17.9,14.666666666666666,0.9
2025-10-17 13:09:11+00:00,33.73796283037343,-84.4189052584238,1307448046,97371,24.0,24.0,24.0,24.0,24.5,25.0,24.5,25.0,77.0,77.0,78.0,78.0,18.111111111111107,70.1,17.959638888888886,14.666666666666666,0.9
2025-10-17 13:09:12+00:00,33.737962416811996,-84.41891807882816,1307448046,97371,24.0,24.0,24.0,24.0,24.5,25.0,24.5,25.0,77.0,77.0,78.0,78.0,18.111111111111107,70.1,17.959638888888886,14.666666666666666,0.9
2025-10-17 13:09:13+00:00,33.7379620068348,-84.4189307881213,1307448046,97371,24.0,24.0,24.0,24.0,24.5,25.0,24.5,25.0,77.0,77.0,78.0,78.0,18.111111111111107,70.1,17.959638888888886,14.666666666666666,0.9
2025-10-17 13:09:14+00:00,33.73796138077977,-84.41895050543728,1307448046,97371,24.0,24.0,24.0,24.0,24.5,25.0,24.5,25.0,77.0,77.0,78.0,78.0,18.111111111111107,70.1,17.959638888888886,14.666666666666666,0.9
2025-10-17 13:09:15+00:00,33.73796080059361,-84.41896878130119,1307448046,97371,24.0,24.0,24.0,24.0,24.5,25.0,24.5,25.0,77.0,77.0,78.0,78.0,18.111111111111107,70.1,17.959638888888886,14.666666666666666,0.9
2025-10-17 13:09:16+00:00,33.737960199229846,-84.41898772425982,1307448046,97371,24.0,24.0,24.0,24.0,24.5,25.0,24.5,25.0,77.0,77.0,78.0,78.0,18.166666666666668,70.4,18.021888888888892,14.777777777777779,2.0
2025-10-17 13:09:17+00:00,33.737959698598154,-84.41900816588684,1307448046,97371,24.0,24.0,24.0,24.0,24.5,25.0,24.5,25.0,77.0,77.0,78.0,78.0,18.166666666666668,70.4,18.021888888888892,14.777777777777779,2.0
2025-10-17 13:09:18+00:00,33.73795929044939,-84.41902734887846,1307448046,97371,24.0,24.0,24.0,24.0,24.5,25.0,24.5,25.0,77.0,77.0,78.0,78.0,18.166666666666668,70.4,18.021888888888892,14.777777777777779,2.0
2025-10-17 13:09:19+00:00,33.737959,-84.419041,1307448046,97371,24.0,24.0,24.0,24.0,24.5,25.0,24.5,25.0,77.0,77.0,78.0,78.0,18.166666666666668,70.4,18.021888888888892,14.777777777777779,2.0
2025-10-17 13:09:20+00:00,33.73795888722463,-84.41905659383347,1307448046,97371,24.0,24.0,24.0,24.0,24.5,25.0,24.5,25.0,77.0,77.0,78.0,78.0,18.166666666666668,70.4,18.021888888888892,14.777777777777779,2.0
2025-10-17 13:09:21+00:00,33.737958339479185,-84.41906919197872,1307448046,97371,24.0,24.0,24.0,24.0,24.5,25.0,24.5,25.0,77.0,77.0,78.0,78.0,17.944444444444443,70.4,17.78855555555555,14.61111111111111,2.0
2025-10-17 13:09:22+00:00,33.737958,-84.41907755614328,1307448046,97371,24.0,24.0,24.0,24.0,24.5,25.0,24.5,25.0,77.0,77.0,78.0,78.0,17.944444444444443,70.4,17.78855555555555,14.61111111111111,2.0
2025-10-17 13:09:23+00:00,33.737958,-84.41908825700098,1307448046,97371,23.0,23.0,23.0,23.0,24.0,24.0,24.0,24.0,74.0,74.0,77.0,77.0,17.944444444444443,70.4,17.78855555555555,14.61111111111111,2.0
2025-10-17 13:09:24+00:00,33.737958,-84.41909940152837,1307448046,97371,23.0,23.0,23.0,23.0,24.0,24.0,24.0,24.0,74.0,74.0,77.0,77.0,17.944444444444443,70.4,17.78855555555555,14.61111111111111,2.0
2025-10-17 13:09:25+00:00,33.737957193605034,-84.41911428952952,1307448046,97371,23.0,23.0,23.0,23.0,24.0,24.0,24.0,24.0,74.0,74.0,77.0,77.0,17.944444444444443,70.4,17.78855555555555,14.61111111111111,2.0
2025-10-17 13:09:26+00:00,33.73795684241928,-84.4191223577445,1307448046,97371,23.0,23.0,23.0,23.0,24.0,24.0,24.0,24.0,74.0,74.0,77.0,77.0,18.000000000000004,70.3,17.845583333333334,14.61111111111111,1.1
2025-10-17 13:09:27+00:00,33.73795650514868,-84.41913382494495,1307448046,97371,23.0,23.0,23.0,23.0,24.0,24.0,24.0,24.0,74.0,74.0,77.0,77.0,18.000000000000004,70.3,17.845583333333334,14.61111111111111,1.1
2025-10-17 13:09:28+00:00,33.737956124116636,-84.41914678003431,1307448046,97371,23.0,23.0,23.0,23.0,24.0,24.0,24.0,24.0,74.0,74.0,77.0,77.0,18.000000000000004,70.3,17.845583333333334,14.61111111111111,1.1
2025-10-17 13:09:29+00:00,33.737956,-84.41915837074868,1307448046,97371,23.0,23.0,23.0,23.0,24.0,24.0,24.0,24.0,74.0,74.0,77.0,77.0,18.000000000000004,70.3,17.845583333333334,14.61111111111111,1.1
2025-10-17 13:09:30+00:00,33.737956,-84.41917054429015,1307448046,97371,23.0,23.0,23.0,23.0,24.0,24.0,24.0,24.0,74.0,74.0,77.0,77.0,18.000000000000004,70.3,17.845583333333334,14.61111111111111,1.1
2025-10-17 13:09:31+00:00,33.737955726856725,-84.41918265258751,1307448046,97371,23.0,23.0,23.0,23.0,24.0,24.0,24.0,24.0,74.0,74.0,77.0,77.0,18.055555555555557,70.3,17.90391666666666,14.666666666666666,1.0
2025-10-17 13:09:32+00:00,33.73795541489386,-84.4191948191394,1307448046,97371,23.0,23.0,23.0,23.0,24.0,24.0,24.0,24.0,74.0,74.0,77.0,77.0,18.055555555555557,70.3,17.90391666666666,14.666666666666666,1.0
2025-10-17 13:09:33+00:00,33.7379550884427,-84.41920755073457,1307448046,97371,23.0,23.0,23.0,23.0,24.0,24.0,24.0,24.0,74.0,74.0,77.0,77.0,18.055555555555557,70.3,17.90391666666666,14.666666666666666,1.0
2025-10-17 13:09:34+00:00,33.73795462078963,-84.41922161789033,1307448046,97370,23.0,23.0,23.0,23.0,24.0,24.0,24.0,24.0,74.0,74.0,77.0,77.0,18.055555555555557,70.3,17.90391666666666,14.666666666666666,1.0
2025-10-17 13:09:35+00:00,33.73795404916047,-84.4192376235068,1307448046,97370,23.0,23.0,23.0,23.0,24.0,24.0,24.0,24.0,74.0,74.0,77.0,77.0,18.055555555555557,70.3,17.90391666666666,14.666666666666666,1.0
2025-10-17 13:09:36+00:00,33.73795379663978,-84.41925221841424,1307448046,97370,23.0,23.0,23.0,23.0,24.0,24.0,24.0,24.0,74.0,74.0,77.0,77.0,18.111111111111107,70.3,17.962249999999997,14.666666666666666,0.9
2025-10-17 13:09:37+00:00,33.73788166557037,-84.419331,9277745,14754,23.0,23.0,23.0,23.0,24.0,24.0,24.0,24.0,74.0,74.0,77.0,77.0,18.111111111111107,70.3,17.962249999999997,14.666666666666666,0.9
2025-10-17 13:09:38+00:00,33.73787100710222,-84.419331,9277745,14754,23.0,23.0,23.0,23.0,30.0,31.0,30.0,31.0,74.0,74.0,89.0,89.0,18.111111111111107,70.3,17.962249999999997,14.666666666666666,0.9
2025-10-17 13:09:39+00:00,33.73786163297809,-84.419331,9277745,14754,23.0,23.0,23.0,23.0,30.0,31.0,30.0,31.0,74.0,74.0,89.0,89.0,18.111111111111107,70.3,17.962249999999997,14.666666666666666,0.9
2025-10-17 13:09:40+00:00,33.737852283483164,-84.419331,9277745,14754,23.0,23.0,23.0,23.0,30.0,31.0,30.0,31.0,74.0,74.0,89.0,89.0,18.111111111111107,70.3,17.962249999999997,14.666666666666666,0.9
2025-10-17 13:09:41+00:00,33.7378470171836,-84.419331,9277745,14754,23.0,23.0,23.0,23.0,30.0,31.0,30.0,31.0,74.0,74.0,89.0,89.0,18.055555555555557,70.3,17.90391666666666,14.666666666666666,0.8
2025-10-17 13:09:42+00:00,33.73784569791772,-84.419331,9277745,14754,23.0,23.0,23.0,23.0,30.0,31.0,30.0,31.0,74.0,74.0,89.0,89.0,18.055555555555557,70.3,17.90391666666666,14.666666666666666,0.8
2025-10-17 13:09:43+00:00,33.73784819642318,-84.419331,9277745,14754,23.0,23.0,23.0,23.0,30.0,31.0,30.0,31.0,74.0,74.0,89.0,89.0,18.055555555555557,70.3,17.90391666666666,14.666666666666666,0.8
2025-10-17 13:09:44+00:00,33.73785178948032,-84.419331,9277745,14754,23.0,23.0,23.0,23.0,30.0,31.0,30.0,31.0,74.0,74.0,89.0,89.0,18.055555555555557,70.3,17.90391666666666,14.666666666666666,0.8
2025-10-17 13:09:45+00:00,33.73785574885957,-84.419331,9277745,14754,23.0,23.0,23.0,23.0,30.0,31.0,30.0,31.0,74.0,74.0,89.0,89.0,18.055555555555557,70.3,17.90391666666666,14.666666666666666,0.8
2025-10-17 13:09:46+00:00,33.73786011080723,-84.419331,9277745,14754,23.0,23.0,23.0,23.0,30.0,31.0,30.0,31.0,74.0,74.0,89.0,89.0,18.055555555555557,70.1,17.90130555555556,14.666666666666666,0.9
2025-10-17 13:09:47+00:00,33.737952,-84.41943093927614,1307448046,97369,23.0,23.0,23.0,23.0,30.0,31.0,30.0,31.0,74.0,74.0,89.0,89.0,18.055555555555557,70.1,17.90130555555556,14.666666666666666,0.9
2025-10-17 13:09:48+00:00,33.737952,-84.41944140909699,1307448046,97369,23.0,23.0,23.0,23.0,30.0,31.0,30.0,31.0,74.0,74.0,89.0,89.0,18.055555555555557,70.1,17.90130555555556,14.666666666666666,0.9
2025-10-17 13:09:49+00:00,33.737952,-84.41945279666335,1307448046,97369,23.0,23.0,23.0,23.0,30.0,31.0,30.0,31.0,74.0,74.0,89.0,89.0,18.055555555555557,70.1,17.90130555555556,14.666666666666666,0.9
2025-10-17 13:09:50+00:00,33.737952,-84.41946391098904,1307448046,97369,23.0,23.0,23.0,23.0,30.0,31.0,30.0,31.0,74.0,74.0,89.0,89.0,18.055555555555557,70.1,17.90130555555556,14.666666666666666,0.9
2025-10-17 13:09:51+00:00,33.737952,-84.41947699688812,1307448046,97369,23.0,23.0,23.0,23.0,30.0,31.0,30.0,31.0,74.0,74.0,89.0,89.0,18.055555555555557,70.1,17.90130555555556,14.666666666666666,0.8
2025-10-17 13:09:52+00:00,33.737952,-84.41949160728393,1307448046,97369,23.0,23.0,23.0,23.0,30.0,31.0,30.0,31.0,74.0,74.0,89.0,89.0,18.055555555555557,70.1,17.90130555555556,14.666666666666666,0.8
2025-10-17 13:09:53+00:00,33.737952,-84.41950626795908,1307448046,97369,25.0,25.0,25.0,25.0,26.0,26.0,26.0,26.0,79.0,79.0,81.0,81.0,18.055555555555557,70.1,17.90130555555556,14.666666666666666,0.8
2025-10-17 13:09:54+00:00,33.737952,-84.41952178700775,1307448046,97369,25.0,25.0,25.0,25.0,26.0,26.0,26.0,26.0,79.0,79.0,81.0,81.0,18.055555555555557,70.1,17.90130555555556,14.666666666666666,0.8
2025-10-17 13:09:55+00:00,33.737952,-84.41954006138933,1307448046,97369,25.0,25.0,25.0,25.0,26.0,26.0,26.0,26.0,79.0,79.0,81.0,81.0,18.055555555555557,70.1,17.90130555555556,14.666666666666666,0.8
2025-10-17 13:09:56+00:00,33.737952,-84.41955928167425,1307448046,97369,25.0,25.0,25.0,25.0,26.0,26.0,26.0,26.0,79.0,79.0,81.0,81.0,18.055555555555557,70.1,17.90130555555556,14.666666666666666,0.8
2025-10-17 13:09:57+00:00,33.737952,-84.41957851396756,1307448046,97369,25.0,25.0,25.0,25.0,26.0,26.0,26.0,26.0,79.0,79.0,81.0,81.0,18.055555555555557,70.1,17.90130555555556,14.666666666666666,0.8
2025-10-17 13:09:58+00:00,33.737952,-84.41959908681491,1307448046,97369,25.0,25.0,25.0,25.0,26.0,26.0,26.0,26.0,79.0,79.0,81.0,81.0,18.055555555555557,70.1,17.90130555555556,14.666666666666666,0.8
2025-10-17 13:09:59+00:00,33.737952,-84.41961703583291,1307448046,97369,25.0,25.0,25.0,25.0,26.0,26.0,26.0,26.0,79.0,79.0,81.0,81.0,18.055555555555557,70.1,17.90130555555556,14.666666666666666,0.8
2025-10-17 13:10:00+00:00,33.737952,-84.41963340794562,1307448046,97369,25.0,25.0,25.0,25.0,26.0,26.0,26.0,26.0,79.0,79.0,81.0,81.0,18.055555555555557,70.1,17.90130555555556,14.666666666666666,0.8
2025-10-17 13:10:01+00:00,33.737952,-84.41964973164667,1307448046,97369,25.0,25.0,25.0,25.0,26.0,26.0,26.0,26.0,79.0,79.0,81.0,81.0,18.111111111111107,70.2,17.960944444444447,14.666666666666666,0.0
2025-10-17 13:10:02+00:00,33.737952,-84.41966506501534,1307448046,97369,25.0,25.0,25.0,25.0,26.0,26.0,26.0,26.0,79.0,79.0,81.0,81.0,18.111111111111107,70.2,17.960944444444447,14.666666666666666,0.0
2025-10-17 13:10:03+00:00,33.737952,-84.4196781519298,1307448046,97369,25.0,25.0,25.0,25.0,26.0,26.0,26.0,26.0,79.0,79.0,81.0,81.0,18.111111111111107,70.2,17.960944444444447,14.666666666666666,0.0
2025-10-17 13:10:04+00:00,33.737952,-84.4196909270677,1307448046,97369,25.0,25.0,25.0,25.0,26.0,26.0,26.0,26.0,79.0,79.0,81.0,81.0,18.111111111111107,70.2,17.960944444444447,14.666666666666666,0.0
2025-10-17 13:10:05+00:00,33.737952,-84.41970267341962,1307448046,97369,25.0,25.0,25.0,25.0,26.0,26.0,26.0,26.0,79.0,79.0,81.0,81.0,18.111111111111107,70.2,17.960944444444447,14.666666666666666,0.0
2025-10-17 13:10:06+00:00,33.737952,-84.41971486582902,1307448046,97369,25.0,25.0,25.0,25.0,26.0,26.0,26.0,26.0,79.0,79.0,81.0,81.0,18.111111111111107,70.3,17.962249999999997,14.666666666666666,0.9
2025-10-17 13:10:07+00:00,33.737952,-84.41972722312545,1307448046,97369,25.0,25.0,25.0,25.0,26.0,26.0,26.0,26.0,79.0,79.0,81.0,81.0,18.111111111111107,70.3,17.962249999999997,14.666666666666666,0.9
2025-10-17 13:10:08+00:00,33.737952,-84.41974082895935,1307448046,97369,24.0,25.0,24.0,25.0,26.0,27.5,26.0,27.5,77.0,77.0,81.0,81.0,18.111111111111107,70.3,17.962249999999997,14.666666666666666,0.9
2025-10-17 13:10:09+00:00,33.737952,-84.41975491014223,1307448046,97369,24.0,25.0,24.0,25.0,26.0,27.5,26.0,27.5,77.0,77.0,81.0,81.0,18.111111111111107,70.3,17.962249999999997,14.666666666666666,0.9
2025-10-17 13:10:10+00:00,33.737952,-84.41976828070935,1307448046,97369,24.0,25.0,24.0,25.0,26.0,27.5,26.0,27.5,77.0,77.0,81.0,81.0,18.111111111111107,70.3,17.962249999999997,14.666666666666666,0.9
2025-10-17 13:10:11+00:00,33.737952,-84.41978183402112,1307448046,97369,24.0,25.0,24.0,25.0,26.0,27.5,26.0,27.5,77.0,77.0,81.0,81.0,18.166666666666668,70.4,18.021888888888892,14.777777777777779,0.0
2025-10-17 13:10:12+00:00,33.737952,-84.4197956598603,1307448046,97369,24.0,25.0,24.0,25.0,26.0,27.5,26.0,27.5,77.0,77.0,81.0,81.0,18.166666666666668,70.4,18.021888888888892,14.777777777777779,0.0
2025-10-17 13:10:13+00:00,33.737952,-84.41981056422077,1307448046,97369,24.0,25.0,24.0,25.0,26.0,27.5,26.0,27.5,77.0,77.0,81.0,81.0,18.166666666666668,70.4,18.021888888888892,14.777777777777779,0.0
2025-10-17 13:10:14+00:00,33.737952,-84.41982700211494,1307448046,97369,24.0,25.0,24.0,25.0,26.0,27.5,26.0,27.5,77.0,77.0,81.0,81.0,18.166666666666668,70.4,18.021888888888892,14.777777777777779,0.0
2025-10-17 13:10:15+00:00,33.737952,-84.41984389866556,1307448046,97369,24.0,25.0,24.0,25.0,26.0,27.5,26.0,27.5,77.0,77.0,81.0,81.0,18.166666666666668,70.4,18.021888888888892,14.777777777777779,0.0
2025-10-17 13:10:16+00:00,33.737952,-84.41986129144752,1307448046,97369,24.0,25.0,24.0,25.0,26.0,27.5,26.0,27.5,77.0,77.0,81.0,81.0,18.055555555555557,70.4,17.90522222222222,14.666666666666666,2.2
2025-10-17 13:10:17+00:00,33.737952,-84.419874,1307448046,97369,24.0,25.0,24.0,25.0,26.0,27.5,26.0,27.5,77.0,77.0,81.0,81.0,18.055555555555557,70.4,17.90522222222222,14.666666666666666,2.2
2025-10-17 13:10:18+00:00,33.73795286579926,-84.41989131598525,1307448046,97369,24.0,25.0,24.0,25.0,26.0,27.5,26.0,27.5,77.0,77.0,81.0,81.0,18.055555555555557,70.4,17.90522222222222,14.666666666666666,2.2
2025-10-17 13:10:19+00:00,33.737954052768735,-84.41990571205223,1307448046,97368,24.0,25.0,24.0,25.0,26.0,27.5,26.0,27.5,77.0,77.0,81.0,81.0,18.055555555555557,70.4,17.90522222222222,14.666666666666666,2.2
2025-10-17 13:10:20+00:00,33.73795555743089,-84.41992245141863,1307448046,97368,24.0,25.0,24.0,25.0,26.0,27.5,26.0,27.5,77.0,77.0,81.0,81.0,18.055555555555557,70.4,17.90522222222222,14.666666666666666,2.2
2025-10-17 13:10:21+00:00,33.73795705291758,-84.4199390887081,1307448046,97368,24.0,25.0,24.0,25.0,26.0,27.5,26.0,27.5,77.0,77.0,81.0,81.0,18.055555555555557,70.3,17.90391666666666,14.666666666666666,1.4
2025-10-17 13:10:22+00:00,33.73795850366137,-84.41995522823271,1307448046,97368,24.0,25.0,24.0,25.0,26.0,27.5,26.0,27.5,77.0,77.0,81.0,81.0,18.055555555555557,70.3,17.90391666666666,14.666666666666666,1.4
2025-10-17 13:10:23+00:00,33.737959937100555,-84.41997117524372,1307448046,97368,24.0,24.5,24.0,24.5,27.0,27.0,27.0,27.0,77.0,77.0,83.0,83.0,18.055555555555557,70.3,17.90391666666666,14.666666666666666,1.4
2025-10-17 13:10:24+00:00,33.737961,-84.419986,1307448046,97368,24.0,24.5,24.0,24.5,27.0,27.0,27.0,27.0,77.0,77.0,83.0,83.0,18.055555555555557,70.3,17.90391666666666,14.666666666666666,1.4
2025-10-17 13:10:25+00:00,33.73796284674156,-84.42000215898867,1307448046,97368,24.0,24.5,24.0,24.5,27.0,27.0,27.0,27.0,77.0,77.0,83.0,83.0,18.055555555555557,70.3,17.90391666666666,14.666666666666666,1.4
2025-10-17 13:10:26+00:00,33.737964550281895,-84.42001706496654,1307448046,97368,24.0,24.5,24.0,24.5,27.0,27.0,27.0,27.0,77.0,77.0,83.0,83.0,18.055555555555557,70.4,17.90522222222222,14.666666666666666,0.9
2025-10-17 13:10:27+00:00,33.73796596666122,-84.42003292215507,1307448046,97368,24.0,24.5,24.0,24.5,27.0,27.0,27.0,27.0,77.0,77.0,83.0,83.0,18.055555555555557,70.4,17.90522222222222,14.666666666666666,0.9
2025-10-17 13:10:28+00:00,33.737967094965356,-84.42004683790603,1307448046,97368,24.0,24.5,24.0,24.5,27.0,27.0,27.0,27.0,77.0,77.0,83.0,83.0,18.055555555555557,70.4,17.90522222222222,14.666666666666666,0.9
2025-10-17 13:10:29+00:00,33.737968,-84.420058,1307448046,97368,24.0,24.5,24.0,24.5,27.0,27.0,27.0,27.0,77.0,77.0,83.0,83.0,18.055555555555557,70.4,17.90522222222222,14.666666666666666,0.9
2025-10-17 13:10:30+00:00,33.73796993034101,-84.42007447420578,1307448046,97368,24.0,24.5,24.0,24.5,27.0,27.0,27.0,27.0,77.0,77.0,83.0,83.0,18.055555555555557,70.4,17.90522222222222,14.666666666666666,0.9
2025-10-17 13:10:31+00:00,33.7379710007578,-84.42008767601295,1307448046,97368,24.0,24.5,24.0,24.5,27.0,27.0,27.0,27.0,77.0,77.0,83.0,83.0,18.166666666666668,70.4,18.021888888888892,14.777777777777779,1.5
2025-10-17 13:10:32+00:00,33.737972,-84.4201,1307448046,97368,24.0,24.5,24.0,24.5,27.0,27.0,27.0,27.0,77.0,77.0,83.0,83.0,18.166666666666668,70.4,18.021888888888892,14.777777777777779,1.5
2025-10-17 13:10:33+00:00,33.73797387587902,-84.42011663466924,1307448046,97368,24.0,24.5,24.0,24.5,27.0,27.0,27.0,27.0,77.0,77.0,83.0,83.0,18.166666666666668,70.4,18.021888888888892,14.777777777777779,1.5
2025-10-17 13:10:34+00:00,33.7379751936651,-84.42013213031613,1307448046,97368,24.0,24.5,24.0,24.5,27.0,27.0,27.0,27.0,77.0,77.0,83.0,83.0,18.166666666666668,70.4,18.021888888888892,14.777777777777779,1.5
2025-10-17 13:10:35+00:00,33.737976769314635,-84.420149462461,1307448046,97368,24.0,24.5,24.0,24.5,27.0,27.0,27.0,27.0,77.0,77.0,83.0,83.0,18.166666666666668,70.4,18.021888888888892,14.777777777777779,1.5
2025-10-17 13:10:36+00:00,33.737978575354056,-84.42016932889464,1307448046,97368,24.0,24.5,24.0,24.5,27.0,27.0,27.0,27.0,77.0,77.0,83.0,83.0,18.166666666666668,70.4,18.021888888888892,14.777777777777779,1.8
2025-10-17 13:10:37+00:00,33.73798045229963,-84.42018997529595,1307448046,97368,24.0,24.5,24.0,24.5,27.0,27.0,27.0,27.0,77.0,77.0,83.0,83.0,18.166666666666668,70.4,18.021888888888892,14.777777777777779,1.8
2025-10-17 13:10:38+00:00,33.737982276136975,-84.42021003750675,1307448046,97368,24.0,25.0,24.0,25.0,32.0,36.5,31.0,36.5,77.0,77.0,94.0,91.0,18.166666666666668,70.4,18.021888888888892,14.777777777777779,1.8
2025-10-17 13:10:39+00:00,33.737984,-84.420229,1307448046,97368,24.0,25.0,24.0,25.0,32.0,36.5,31.0,36.5,77.0,77.0,94.0,91.0,18.166666666666668,70.4,18.021888888888892,14.777777777777779,1.8
2025-10-17 13:10:40+00:00,33.73798627236877,-84.4202468443023,1307448046,97368,24.0,25.0,24.0,25.0,32.0,36.5,31.0,36.5,77.0,77.0,94.0,91.0,18.166666666666668,70.4,18.021888888888892,14.777777777777779,1.8
2025-10-17 13:10:41+00:00,33.73798763388555,-84.42026272866474,1307448046,97368,24.0,25.0,24.0,25.0,32.0,36.5,31.0,36.5,77.0,77.0,94.0,91.0,18.166666666666668,70.5,18.023194444444453,14.777777777777779,1.4
2025-10-17 13:10:42+00:00,33.73798912288305,-84.42027748024177,1307448046,97368,24.0,25.0,24.0,25.0,32.0,36.5,31.0,36.5,77.0,77.0,94.0,91.0,18.166666666666668,70.5,18.023194444444453,14.777777777777779,1.4
2025-10-17 13:10:43+00:00,33.73799078526139,-84.42029299577291,1307448046,97368,24.0,25.0,24.0,25.0,32.0,36.5,31.0,36.5,77.0,77.0,94.0,91.0,18.166666666666668,70.5,18.023194444444453,14.777777777777779,1.4
2025-10-17 13:10:44+00:00,33.73799239971058,-84.42030899710575,1307448046,97368,24.0,25.0,24.0,25.0,32.0,36.5,31.0,36.5,77.0,77.0,94.0,91.0,18.166666666666668,70.5,18.023194444444453,14.777777777777779,1.4
2025-10-17 13:10:45+00:00,33.737993658270014,-84.4203245449152,1307448046,97368,24.0,25.0,24.0,25.0,32.0,36.5,31.0,36.5,77.0,77.0,94.0,91.0,18.166666666666668,70.5,18.023194444444453,14.777777777777779,1.4
2025-10-17 13:10:46+00:00,33.73799469508526,-84.4203395787363,1307448046,97368,24.0,25.0,24.0,25.0,32.0,36.5,31.0,36.5,77.0,77.0,94.0,91.0,18.166666666666668,70.6,18.024500000000003,14.88888888888889,0.0
2025-10-17 13:10:47+00:00,33.737996,-84.42035489672793,1307448046,97368,24.0,25.0,24.0,25.0,32.0,36.5,31.0,36.5,77.0,77.0,94.0,91.0,18.166666666666668,70.6,18.024500000000003,14.88888888888889,0.0
2025-10-17 13:10:48+00:00,33.73799702036998,-84.42036720740343,1307448046,97368,24.0,25.0,24.0,25.0,32.0,36.5,31.0,36.5,77.0,77.0,94.0,91.0,18.166666666666668,70.6,18.024500000000003,14.88888888888889,0.0
2025-10-17 13:10:49+00:00,33.73799831633636,-84.42038040269749,1307448046,97368,24.0,25.0,24.0,25.0,32.0,36.5,31.0,36.5,77.0,77.0,94.0,91.0,18.166666666666668,70.6,18.024500000000003,14.88888888888889,0.0
2025-10-17 13:10:50+00:00,33.7379998150915,-84.42039566274983,1307448046,97368,24.0,25.0,24.0,25.0,32.0,36.5,31.0,36.5,77.0,77.0,94.0,91.0,18.166666666666668,70.6,18.024500000000003,14.88888888888889,0.0
2025-10-17 13:10:51+00:00,33.73800114299929,-84.42040918326548,1307448046,97368,24.0,25.0,24.0,25.0,32.0,36.5,31.0,36.5,77.0,77.0,94.0,91.0,18.22222222222222,70.7,18.084138888888884,14.88888888888889,0.0
2025-10-17 13:10:52+00:00,33.73800238453914,-84.42042182439852,1307448046,97368,24.0,25.0,24.0,25.0,32.0,36.5,31.0,36.5,77.0,77.0,94.0,91.0,18.22222222222222,70.7,18.084138888888884,14.88888888888889,0.0
2025-10-17 13:10:53+00:00,33.73800367786241,-84.42043499278091,1307448046,97368,23.0,24.0,23.0,24.0,22.0,23.0,22.0,23.0,74.0,74.0,72.0,72.0,18.22222222222222,70.7,18.084138888888884,14.88888888888889,0.0
2025-10-17 13:10:54+00:00,33.737952159617876,-84.420498,9257224,6059,23.0,24.0,23.0,24.0,22.0,23.0,22.0,23.0,74.0,74.0,72.0,72.0,18.22222222222222,70.7,18.084138888888884,14.88888888888889,0.0
2025-10-17 13:10:55+00:00,33.73794627189007,-84.420498,9257224,6059,23.0,24.0,23.0,24.0,22.0,23.0,22.0,23.0,74.0,74.0,72.0,72.0,18.22222222222222,70.7,18.084138888888884,14.88888888888889,0.0
2025-10-17 13:10:56+00:00,33.73794199440702,-84.420498,9257224,6059,23.0,24.0,23.0,24.0,22.0,23.0,22.0,23.0,74.0,74.0,72.0,72.0,18.166666666666668,70.7,18.025805555555554,14.88888888888889,0.9
2025-10-17 13:10:57+00:00,33.737938917626295,-84.420498,9257224,6059,23.0,24.0,23.0,24.0,22.0,23.0,22.0,23.0,74.0,74.0,72.0,72.0,18.166666666666668,70.7,18.025805555555554,14.88888888888889,0.9
2025-10-17 13:10:58+00:00,33.737937427225965,-84.420498,9257224,6059,23.0,24.0,23.0,24.0,22.0,23.0,22.0,23.0,74.0,74.0,72.0,72.0,18.166666666666668,70.7,18.025805555555554,14.88888888888889,0.9
2025-10-17 13:10:59+00:00,33.737937,-84.420498,9257224,6059,23.0,24.0,23.0,24.0,22.0,23.0,22.0,23.0,74.0,74.0,72.0,72.0,18.166666666666668,70.7,18.025805555555554,14.88888888888889,0.9
2025-10-17 13:11:00+00:00,33.737937,-84.420498,9257224,6059,23.0,24.0,23.0,24.0,22.0,23.0,22.0,23.0,74.0,74.0,72.0,72.0,18.166666666666668,70.7,18.025805555555554,14.88888888888889,0.9
2025-10-17 13:11:01+00:00,33.737937,-84.420498,9257224,6059,23.0,24.0,23.0,24.0,22.0,23.0,22.0,23.0,74.0,74.0,72.0,72.0,18.277777777777782,70.8,18.143777777777785,15.0,1.6
2025-10-17 13:11:02+00:00,33.73801959512436,-84.42057688782742,1307448046,97367,23.0,24.0,23.0,24.0,22.0,23.0,22.0,23.0,74.0,74.0,72.0,72.0,18.277777777777782,70.8,18.143777777777785,15.0,1.6
2025-10-17 13:11:05+00:00,33.73802047796626,-84.42058512768504,1307448046,97367,23.0,24.0,23.0,24.0,22.0,23.0,22.0,23.0,74.0,74.0,72.0,72.0,18.277777777777782,70.8,18.143777777777785,15.0,1.6
2025-10-17 13:11:09+00:00,33.7380192126131,-84.42057331772229,1307448046,97367,21.0,22.0,21.0,22.0,27.5,30.0,27.5,30.0,70.0,70.0,84.0,84.0,18.22222222222222,70.7,18.084138888888884,14.88888888888889,0.9
2025-10-17 13:11:13+00:00,33.738021,-84.42059,1307448046,97367,21.0,22.0,21.0,22.0,27.5,30.0,27.5,30.0,70.0,70.0,84.0,84.0,18.166666666666668,70.6,18.024500000000003,14.88888888888889,0.0
2025-10-17 13:11:14+00:00,33.73802357673589,-84.42060803435004,1307448046,97367,21.0,22.0,21.0,22.0,27.5,30.0,27.5,30.0,70.0,70.0,84.0,84.0,18.166666666666668,70.6,18.024500000000003,14.88888888888889,0.0
2025-10-17 13:11:15+00:00,33.73802536845505,-84.42062284589505,1307448046,97367,21.0,22.0,21.0,22.0,27.5,30.0,27.5,30.0,70.0,70.0,84.0,84.0,18.166666666666668,70.6,18.024500000000003,14.88888888888889,0.0
2025-10-17 13:11:16+00:00,33.73802724274903,-84.42063834005862,1307448046,97367,21.0,22.0,21.0,22.0,27.5,30.0,27.5,30.0,70.0,70.0,84.0,84.0,18.22222222222222,70.5,18.08152777777778,14.88888888888889,0.8
2025-10-17 13:11:17+00:00,33.73802929099974,-84.42065527226455,1307448046,97367,21.0,22.0,21.0,22.0,27.5,30.0,27.5,30.0,70.0,70.0,84.0,84.0,18.22222222222222,70.5,18.08152777777778,14.88888888888889,0.8
2025-10-17 13:11:18+00:00,33.73803136146071,-84.42067238807523,1307448046,97367,21.0,22.0,21.0,22.0,27.5,30.0,27.5,30.0,70.0,70.0,84.0,84.0,18.22222222222222,70.5,18.08152777777778,14.88888888888889,0.8
2025-10-17 13:11:19+00:00,33.73803347727501,-84.42068987880677,1307448046,97367,21.0,22.0,21.0,22.0,27.5,30.0,27.5,30.0,70.0,70.0,84.0,84.0,18.22222222222222,70.5,18.08152777777778,14.88888888888889,0.8
2025-10-17 13:11:20+00:00,33.73803558070366,-84.42070726715023,1307448046,97367,21.0,22.0,21.0,22.0,27.5,30.0,27.5,30.0,70.0,70.0,84.0,84.0,18.22222222222222,70.5,18.08152777777778,14.88888888888889,0.8
2025-10-17 13:11:21+00:00,33.738037567385355,-84.42072240431214,1307448046,97367,21.0,22.0,21.0,22.0,27.5,30.0,27.5,30.0,70.0,70.0,84.0,84.0,18.277777777777782,70.4,18.138555555555563,14.88888888888889,1.0
2025-10-17 13:11:22+00:00,33.73804013662682,-84.42074494185032,1307448046,97367,21.0,22.0,21.0,22.0,27.5,30.0,27.5,30.0,70.0,70.0,84.0,84.0,18.277777777777782,70.4,18.138555555555563,14.88888888888889,1.0
2025-10-17 13:11:23+00:00,33.738042138125984,-84.4207621050079,1307448046,97367,21.0,21.0,21.0,21.0,25.0,27.0,25.0,27.0,70.0,70.0,79.0,79.0,18.277777777777782,70.4,18.138555555555563,14.88888888888889,1.0
2025-10-17 13:11:24+00:00,33.73804431109302,-84.42078047206392,1307448046,97367,21.0,21.0,21.0,21.0,25.0,27.0,25.0,27.0,70.0,70.0,79.0,79.0,18.277777777777782,70.4,18.138555555555563,14.88888888888889,1.0
2025-10-17 13:11:25+00:00,33.73804631169371,-84.42079797731994,1307448046,97367,21.0,21.0,21.0,21.0,25.0,27.0,25.0,27.0,70.0,70.0,79.0,79.0,18.277777777777782,70.4,18.138555555555563,14.88888888888889,1.0
2025-10-17 13:11:26+00:00,33.7380484632953,-84.42081351141945,1307448046,97367,21.0,21.0,21.0,21.0,25.0,27.0,25.0,27.0,70.0,70.0,79.0,79.0,18.277777777777782,70.3,18.137250000000005,14.88888888888889,0.8
2025-10-17 13:11:27+00:00,33.738051,-84.420838,1307448046,97367,21.0,21.0,21.0,21.0,25.0,27.0,25.0,27.0,70.0,70.0,79.0,79.0,18.277777777777782,70.3,18.137250000000005,14.88888888888889,0.8
2025-10-17 13:11:28+00:00,33.73805284421639,-84.42085196335269,1307448046,97367,21.0,21.0,21.0,21.0,25.0,27.0,25.0,27.0,70.0,70.0,79.0,79.0,18.277777777777782,70.3,18.137250000000005,14.88888888888889,0.8
2025-10-17 13:11:29+00:00,33.73805459431313,-84.4208652140851,1307448046,97367,21.0,21.0,21.0,21.0,25.0,27.0,25.0,27.0,70.0,70.0,79.0,79.0,18.277777777777782,70.3,18.137250000000005,14.88888888888889,0.8
2025-10-17 13:11:30+00:00,33.7380562588416,-84.42087781694356,1307448046,97367,21.0,21.0,21.0,21.0,25.0,27.0,25.0,27.0,70.0,70.0,79.0,79.0,18.277777777777782,70.3,18.137250000000005,14.88888888888889,0.8
2025-10-17 13:11:31+00:00,33.73805804142185,-84.42089134057964,1307448046,97366,21.0,21.0,21.0,21.0,25.0,27.0,25.0,27.0,70.0,70.0,79.0,79.0,18.333333333333332,70.3,18.19558333333333,14.88888888888889,0.0
2025-10-17 13:11:32+00:00,33.73805958260086,-84.42090401249598,1307448046,97366,21.0,21.0,21.0,21.0,25.0,27.0,25.0,27.0,70.0,70.0,79.0,79.0,18.333333333333332,70.3,18.19558333333333,14.88888888888889,0.0
2025-10-17 13:11:33+00:00,33.738061125753866,-84.42091670064288,1307448046,97366,21.0,21.0,21.0,21.0,25.0,27.0,25.0,27.0,70.0,70.0,79.0,79.0,18.333333333333332,70.3,18.19558333333333,14.88888888888889,0.0
2025-10-17 13:11:34+00:00,33.73806263515443,-84.42092911126974,1307448046,97366,21.0,21.0,21.0,21.0,25.0,27.0,25.0,27.0,70.0,70.0,79.0,79.0,18.333333333333332,70.3,18.19558333333333,14.88888888888889,0.0
2025-10-17 13:11:35+00:00,33.73806410327569,-84.42094118248897,1307448046,97366,21.0,21.0,21.0,21.0,25.0,27.0,25.0,27.0,70.0,70.0,79.0,79.0,18.333333333333332,70.3,18.19558333333333,14.88888888888889,0.0
2025-10-17 13:11:36+00:00,33.738065721042574,-84.4209544841278,1307448046,97366,21.0,21.0,21.0,21.0,25.0,27.0,25.0,27.0,70.0,70.0,79.0,79.0,18.388888888888886,70.5,18.256527777777777,15.0,0.0
2025-10-17 13:11:37+00:00,33.738067,-84.420965,1307448046,97366,21.0,21.0,21.0,21.0,25.0,27.0,25.0,27.0,70.0,70.0,79.0,79.0,18.388888888888886,70.5,18.256527777777777,15.0,0.0
2025-10-17 13:11:38+00:00,33.738069444528094,-84.42098351924346,1307448046,97366,22.0,22.0,22.0,22.0,21.0,24.0,21.0,24.0,72.0,72.0,70.0,70.0,18.388888888888886,70.5,18.256527777777777,15.0,0.0
2025-10-17 13:11:39+00:00,33.73807133175605,-84.42100009638983,1307448046,97366,22.0,22.0,22.0,22.0,21.0,24.0,21.0,24.0,72.0,72.0,70.0,70.0,18.388888888888886,70.5,18.256527777777777,15.0,0.0
2025-10-17 13:11:40+00:00,33.738073015278125,-84.42101580926256,1307448046,97366,22.0,22.0,22.0,22.0,21.0,24.0,21.0,24.0,72.0,72.0,70.0,70.0,18.388888888888886,70.5,18.256527777777777,15.0,0.0
2025-10-17 13:11:41+00:00,33.73807467676687,-84.42103007575153,1307448046,97366,22.0,22.0,22.0,22.0,21.0,24.0,21.0,24.0,72.0,72.0,70.0,70.0,18.444444444444443,70.6,18.316166666666664,15.11111111111111,0.0
2025-10-17 13:11:42+00:00,33.73807695451812,-84.42104763614498,1307448046,97366,22.0,22.0,22.0,22.0,21.0,24.0,21.0,24.0,72.0,72.0,70.0,70.0,18.444444444444443,70.6,18.316166666666664,15.11111111111111,0.0
2025-10-17 13:11:43+00:00,33.73807912657874,-84.42106501262992,1307448046,97366,22.0,22.0,22.0,22.0,21.0,24.0,21.0,24.0,72.0,72.0,70.0,70.0,18.444444444444443,70.6,18.316166666666664,15.11111111111111,0.0
2025-10-17 13:11:44+00:00,33.738081088370805,-84.42108168929228,1307448046,97366,22.0,22.0,22.0,22.0,21.0,24.0,21.0,24.0,72.0,72.0,70.0,70.0,18.444444444444443,70.6,18.316166666666664,15.11111111111111,0.0
2025-10-17 13:11:45+00:00,33.738083137176346,-84.4210976699755,1307448046,97366,22.0,22.0,22.0,22.0,21.0,24.0,21.0,24.0,72.0,72.0,70.0,70.0,18.444444444444443,70.6,18.316166666666664,15.11111111111111,0.0
2025-10-17 13:11:46+00:00,33.73808514045109,-84.4211132955185,1307448046,97366,22.0,22.0,22.0,22.0,21.0,24.0,21.0,24.0,72.0,72.0,70.0,70.0,18.555555555555557,70.8,18.43544444444445,15.166666666666666,0.0
2025-10-17 13:11:47+00:00,33.738087043831,-84.42112814188181,1307448046,97366,22.0,22.0,22.0,22.0,21.0,24.0,21.0,24.0,72.0,72.0,70.0,70.0,18.555555555555557,70.8,18.43544444444445,15.166666666666666,0.0
2025-10-17 13:11:48+00:00,33.73808899200561,-84.42114333764374,1307448046,97366,22.0,22.0,22.0,22.0,21.0,24.0,21.0,24.0,72.0,72.0,70.0,70.0,18.555555555555557,70.8,18.43544444444445,15.166666666666666,0.0
2025-10-17 13:11:49+00:00,33.738090828197535,-84.42115765994079,1307448046,97366,22.0,22.0,22.0,22.0,21.0,24.0,21.0,24.0,72.0,72.0,70.0,70.0,18.555555555555557,70.8,18.43544444444445,15.166666666666666,0.0
2025-10-17 13:11:50+00:00,33.73809234208995,-84.42116946830161,1307448046,97366,22.0,22.0,22.0,22.0,21.0,24.0,21.0,24.0,72.0,72.0,70.0,70.0,18.555555555555557,70.8,18.43544444444445,15.166666666666666,0.0
2025-10-17 13:11:51+00:00,33.73809373615354,-84.42118034199758,1307448046,97366,22.0,22.0,22.0,22.0,21.0,24.0,21.0,24.0,72.0,72.0,70.0,70.0,18.61111111111111,71.0,18.496388888888887,15.277777777777779,1.0
2025-10-17 13:11:52+00:00,33.738096,-84.421204,1307448046,97365,22.0,22.0,22.0,22.0,21.0,24.0,21.0,24.0,72.0,72.0,70.0,70.0,18.61111111111111,71.0,18.496388888888887,15.277777777777779,1.0
2025-10-17 13:11:53+00:00,33.73809630377205,-84.42120673394847,1307448046,97365,23.0,23.0,23.0,23.0,22.5,22.5,22.5,22.5,74.0,74.0,73.0,73.0,18.61111111111111,71.0,18.496388888888887,15.277777777777779,1.0
2025-10-17 13:11:54+00:00,33.738098,-84.421221,1307448046,97364,23.0,23.0,23.0,23.0,22.5,22.5,22.5,22.5,74.0,74.0,73.0,73.0,18.61111111111111,71.0,18.496388888888887,15.277777777777779,1.0
2025-10-17 13:11:55+00:00,33.73810099809293,-84.42124331553401,1307448046,97364,23.0,23.0,23.0,23.0,22.5,22.5,22.5,22.5,74.0,74.0,73.0,73.0,18.61111111111111,71.0,18.496388888888887,15.277777777777779,1.0
2025-10-17 13:11:56+00:00,33.73810315890429,-84.42126335068644,1307448046,97364,23.0,23.0,23.0,23.0,22.5,22.5,22.5,22.5,74.0,74.0,73.0,73.0,18.72222222222222,71.1,18.614361111111116,15.38888888888889,0.0
2025-10-17 13:11:57+00:00,33.738105228547596,-84.42128059983317,1307448046,97364,23.0,23.0,23.0,23.0,22.5,22.5,22.5,22.5,74.0,74.0,73.0,73.0,18.72222222222222,71.1,18.614361111111116,15.38888888888889,0.0
2025-10-17 13:11:58+00:00,33.738107850136444,-84.42129895095515,1307448046,97364,23.0,23.0,23.0,23.0,22.5,22.5,22.5,22.5,74.0,74.0,73.0,73.0,18.72222222222222,71.1,18.614361111111116,15.38888888888889,0.0
2025-10-17 13:11:59+00:00,33.73811,-84.421317,1307448046,97364,23.0,23.0,23.0,23.0,22.5,22.5,22.5,22.5,74.0,74.0,73.0,73.0,18.72222222222222,71.1,18.614361111111116,15.38888888888889,0.0
2025-10-17 13:12:00+00:00,33.73811275211811,-84.42133571779209,1307448046,97364,23.0,23.0,23.0,23.0,22.5,22.5,22.5,22.5,74.0,74.0,73.0,73.0,18.72222222222222,71.1,18.614361111111116,15.38888888888889,0.0
2025-10-17 13:12:01+00:00,33.738114777565414,-84.42135273154943,1307448046,97364,23.0,23.0,23.0,23.0,22.5,22.5,22.5,22.5,74.0,74.0,73.0,73.0,18.77777777777778,71.1,18.672694444444446,15.38888888888889,0.8
2025-10-17 13:12:02+00:00,33.73811673664135,-84.42136918778736,1307448046,97364,23.0,23.0,23.0,23.0,22.5,22.5,22.5,22.5,74.0,74.0,73.0,73.0,18.77777777777778,71.1,18.672694444444446,15.38888888888889,0.8
2025-10-17 13:12:03+00:00,33.738118568225346,-84.42138457309291,1307448046,97364,23.0,23.0,23.0,23.0,22.5,22.5,22.5,22.5,74.0,74.0,73.0,73.0,18.77777777777778,71.1,18.672694444444446,15.38888888888889,0.8
2025-10-17 13:12:04+00:00,33.738120354803144,-84.4213995803464,1307448046,97364,23.0,23.0,23.0,23.0,22.5,22.5,22.5,22.5,74.0,74.0,73.0,73.0,18.77777777777778,71.1,18.672694444444446,15.38888888888889,0.8
2025-10-17 13:12:05+00:00,33.73812209921806,-84.42141423343169,1307448046,97364,23.0,23.0,23.0,23.0,22.5,22.5,22.5,22.5,74.0,74.0,73.0,73.0,18.77777777777778,71.1,18.672694444444446,15.38888888888889,0.8
2025-10-17 13:12:06+00:00,33.73812382331351,-84.42142871583347,1307448046,97364,23.0,23.0,23.0,23.0,22.5,22.5,22.5,22.5,74.0,74.0,73.0,73.0,18.833333333333336,71.0,18.72972222222223,15.5,0.0
2025-10-17 13:12:07+00:00,33.738125509634514,-84.42144288092992,1307448046,97364,23.0,23.0,23.0,23.0,22.5,22.5,22.5,22.5,74.0,74.0,73.0,73.0,18.833333333333336,71.0,18.72972222222223,15.5,0.0
2025-10-17 13:12:08+00:00,33.738127,-84.421458,1307448046,97363,21.5,22.0,21.5,22.0,22.0,24.0,22.0,24.0,71.0,71.0,72.0,72.0,18.833333333333336,71.0,18.72972222222223,15.5,0.0
2025-10-17 13:12:09+00:00,33.73812869810714,-84.42147073580354,1307448046,97363,21.5,22.0,21.5,22.0,22.0,24.0,22.0,24.0,71.0,71.0,72.0,72.0,18.833333333333336,71.0,18.72972222222223,15.5,0.0
2025-10-17 13:12:10+00:00,33.738131115982426,-84.4214869278594,1307448046,97362,21.5,22.0,21.5,22.0,22.0,24.0,22.0,24.0,71.0,71.0,72.0,72.0,18.833333333333336,71.0,18.72972222222223,15.5,0.0
2025-10-17 13:12:11+00:00,33.738133224798524,-84.42150424798523,1307448046,97362,21.5,22.0,21.5,22.0,22.0,24.0,22.0,24.0,71.0,71.0,72.0,72.0,18.944444444444443,70.9,18.845083333333335,15.5,0.0
2025-10-17 13:12:12+00:00,33.7381347998244,-84.42151999824398,1307448046,97362,21.5,22.0,21.5,22.0,22.0,24.0,22.0,24.0,71.0,71.0,72.0,72.0,18.944444444444443,70.9,18.845083333333335,15.5,0.0
2025-10-17 13:12:13+00:00,33.73813642664861,-84.42153376985105,1307448046,97362,21.5,22.0,21.5,22.0,22.0,24.0,22.0,24.0,71.0,71.0,72.0,72.0,18.944444444444443,70.9,18.845083333333335,15.5,0.0
2025-10-17 13:12:14+00:00,33.738138305513374,-84.42154927048533,1307448046,97362,21.5,22.0,21.5,22.0,22.0,24.0,22.0,24.0,71.0,71.0,72.0,72.0,18.944444444444443,70.9,18.845083333333335,15.5,0.0
2025-10-17 13:12:15+00:00,33.73814054605831,-84.42156436846648,1307448046,97362,21.5,22.0,21.5,22.0,22.0,24.0,22.0,24.0,71.0,71.0,72.0,72.0,18.944444444444443,70.9,18.845083333333335,15.5,0.0
2025-10-17 13:12:16+00:00,33.73814253414663,-84.4215809891082,1307448046,97362,21.5,22.0,21.5,22.0,22.0,24.0,22.0,24.0,71.0,71.0,72.0,72.0,18.88888888888889,70.9,18.786749999999998,15.5,0.8
2025-10-17 13:12:17+00:00,33.73814443138789,-84.42159705241747,1307448046,97362,21.5,22.0,21.5,22.0,22.0,24.0,22.0,24.0,71.0,71.0,72.0,72.0,18.88888888888889,70.9,18.786749999999998,15.5,0.8
2025-10-17 13:12:18+00:00,33.73814627926173,-84.4216126977493,1307448046,97362,21.5,22.0,21.5,22.0,22.0,24.0,22.0,24.0,71.0,71.0,72.0,72.0,18.88888888888889,70.9,18.786749999999998,15.5,0.8
2025-10-17 13:12:19+00:00,33.73814813007251,-84.42162836794728,1307448046,97362,21.5,22.0,21.5,22.0,22.0,24.0,22.0,24.0,71.0,71.0,72.0,72.0,18.88888888888889,70.9,18.786749999999998,15.5,0.8
2025-10-17 13:12:20+00:00,33.738149908631634,-84.4216434264145,1307448046,97362,21.5,22.0,21.5,22.0,22.0,24.0,22.0,24.0,71.0,71.0,72.0,72.0,18.88888888888889,70.9,18.786749999999998,15.5,0.8
2025-10-17 13:12:21+00:00,33.73815172560418,-84.42165881011545,1307448046,97362,21.5,22.0,21.5,22.0,22.0,24.0,22.0,24.0,71.0,71.0,72.0,72.0,19.0,70.8,18.902111111111108,15.61111111111111,0.8
2025-10-17 13:12:22+00:00,33.738153552225086,-84.42167427550578,1307448046,97362,21.5,22.0,21.5,22.0,22.0,24.0,22.0,24.0,71.0,71.0,72.0,72.0,19.0,70.8,18.902111111111108,15.61111111111111,0.8
2025-10-17 13:12:23+00:00,33.73815535310627,-84.42168952296646,1307448046,97362,19.5,20.0,19.5,20.0,20.0,22.0,20.0,22.0,67.0,67.0,68.0,68.0,19.0,70.8,18.902111111111108,15.61111111111111,0.8
2025-10-17 13:12:24+00:00,33.738156,-84.421695,1307448046,97362,19.5,20.0,19.5,20.0,20.0,22.0,20.0,22.0,67.0,67.0,68.0,68.0,19.0,70.8,18.902111111111108,15.61111111111111,0.8
2025-10-17 13:12:25+00:00,33.73815960231883,-84.42171881855064,1307448046,97362,19.5,20.0,19.5,20.0,20.0,22.0,20.0,22.0,67.0,67.0,68.0,68.0,19.0,70.8,18.902111111111108,15.61111111111111,0.8
2025-10-17 13:12:26+00:00,33.73816149678701,-84.42173472268956,1307448046,97362,19.5,20.0,19.5,20.0,20.0,22.0,20.0,22.0,67.0,67.0,68.0,68.0,19.055555555555557,71.1,18.964361111111113,15.666666666666666,0.0
2025-10-17 13:12:27+00:00,33.738163430086864,-84.42175079821664,1307448046,97362,19.5,20.0,19.5,20.0,20.0,22.0,20.0,22.0,67.0,67.0,68.0,68.0,19.055555555555557,71.1,18.964361111111113,15.666666666666666,0.0
2025-10-17 13:12:28+00:00,33.738165429032705,-84.4217672895198,1307448046,97362,19.5,20.0,19.5,20.0,20.0,22.0,20.0,22.0,67.0,67.0,68.0,68.0,19.055555555555557,71.1,18.964361111111113,15.666666666666666,0.0
2025-10-17 13:12:29+00:00,33.73816718939567,-84.42178230809577,1307448046,97362,19.5,20.0,19.5,20.0,20.0,22.0,20.0,22.0,67.0,67.0,68.0,68.0,19.055555555555557,71.1,18.964361111111113,15.666666666666666,0.0
2025-10-17 13:12:30+00:00,33.738169,-84.421801,1307448046,97362,19.5,20.0,19.5,20.0,20.0,22.0,20.0,22.0,67.0,67.0,68.0,68.0,19.055555555555557,71.1,18.964361111111113,15.666666666666666,0.0
2025-10-17 13:12:31+00:00,33.738169,-84.421801,1307448046,97362,19.5,20.0,19.5,20.0,20.0,22.0,20.0,22.0,67.0,67.0,68.0,68.0,19.111111111111114,71.2,19.024,15.777777777777779,0.7
2025-10-17 13:12:32+00:00,33.73817247248081,-84.42182383234439,1307448046,97362,19.5,20.0,19.5,20.0,20.0,22.0,20.0,22.0,67.0,67.0,68.0,68.0,19.111111111111114,71.2,19.024,15.777777777777779,0.7
2025-10-17 13:12:33+00:00,33.738174420159254,-84.42183963018064,1307448046,97362,19.5,20.0,19.5,20.0,20.0,22.0,20.0,22.0,67.0,67.0,68.0,68.0,19.111111111111114,71.2,19.024,15.777777777777779,0.7
2025-10-17 13:12:34+00:00,33.73817646731447,-84.42185623488405,1307448046,97362,19.5,20.0,19.5,20.0,20.0,22.0,20.0,22.0,67.0,67.0,68.0,68.0,19.111111111111114,71.2,19.024,15.777777777777779,0.7
2025-10-17 13:12:35+00:00,33.73817855362149,-84.42187315715206,1307448046,97362,19.5,20.0,19.5,20.0,20.0,22.0,20.0,22.0,67.0,67.0,68.0,68.0,19.111111111111114,71.2,19.024,15.777777777777779,0.7
2025-10-17 13:12:36+00:00,33.73818063673127,-84.42189005348699,1307448046,97362,19.5,20.0,19.5,20.0,20.0,22.0,20.0,22.0,67.0,67.0,68.0,68.0,19.27777777777778,71.4,19.201611111111113,15.88888888888889,0.0
2025-10-17 13:12:37+00:00,33.738182682632804,-84.421906797589,1307448046,97361,19.5,20.0,19.5,20.0,20.0,22.0,20.0,22.0,67.0,67.0,68.0,68.0,19.27777777777778,71.4,19.201611111111113,15.88888888888889,0.0
2025-10-17 13:12:38+00:00,33.73818470605703,-84.42192338966761,1307448046,97361,18.0,19.0,18.0,19.0,21.0,23.5,21.0,23.5,64.0,64.0,70.0,70.0,19.27777777777778,71.4,19.201611111111113,15.88888888888889,0.0
2025-10-17 13:12:39+00:00,33.738186,-84.42194,1307448046,97361,18.0,19.0,18.0,19.0,21.0,23.5,21.0,23.5,64.0,64.0,70.0,70.0,19.27777777777778,71.4,19.201611111111113,15.88888888888889,0.0
2025-10-17 13:12:40+00:00,33.738189,-84.42196261368909,1307448046,97360,18.0,19.0,18.0,19.0,21.0,23.5,21.0,23.5,64.0,64.0,70.0,70.0,19.27777777777778,71.4,19.201611111111113,15.88888888888889,0.0
2025-10-17 13:12:41+00:00,33.73818962164147,-84.42196952263501,1307448046,97360,18.0,19.0,18.0,19.0,21.0,23.5,21.0,23.5,64.0,64.0,70.0,70.0,19.27777777777778,71.5,19.202916666666663,15.88888888888889,0.8
2025-10-17 13:12:42+00:00,33.738192580582485,-84.42198861229738,1307448046,97360,18.0,19.0,18.0,19.0,21.0,23.5,21.0,23.5,64.0,64.0,70.0,70.0,19.27777777777778,71.5,19.202916666666663,15.88888888888889,0.8
2025-10-17 13:12:43+00:00,33.73819433899832,-84.42200561031711,1307448046,97360,18.0,19.0,18.0,19.0,21.0,23.5,21.0,23.5,64.0,64.0,70.0,70.0,19.27777777777778,71.5,19.202916666666663,15.88888888888889,0.8
2025-10-17 13:12:44+00:00,33.73819634360414,-84.42202230096508,1307448046,97359,18.0,19.0,18.0,19.0,21.0,23.5,21.0,23.5,64.0,64.0,70.0,70.0,19.27777777777778,71.5,19.202916666666663,15.88888888888889,0.8
2025-10-17 13:12:45+00:00,33.73819841797593,-84.42203708987965,1307448046,97359,18.0,19.0,18.0,19.0,21.0,23.5,21.0,23.5,64.0,64.0,70.0,70.0,19.27777777777778,71.5,19.202916666666663,15.88888888888889,0.8
2025-10-17 13:12:46+00:00,33.73820123471367,-84.4220578777094,1307448046,97359,18.0,19.0,18.0,19.0,21.0,23.5,21.0,23.5,64.0,64.0,70.0,70.0,19.166666666666668,71.1,19.081027777777777,15.777777777777779,0.0
2025-10-17 13:12:47+00:00,33.73820322682663,-84.4220743808407,1307448046,97359,18.0,19.0,18.0,19.0,21.0,23.5,21.0,23.5,64.0,64.0,70.0,70.0,19.166666666666668,71.1,19.081027777777777,15.777777777777779,0.0
2025-10-17 13:12:48+00:00,33.73820513059239,-84.42209048962795,1307448046,97359,18.0,19.0,18.0,19.0,21.0,23.5,21.0,23.5,64.0,64.0,70.0,70.0,19.166666666666668,71.1,19.081027777777777,15.777777777777779,0.0
2025-10-17 13:12:49+00:00,33.738206940707926,-84.42210580599016,1307448046,97359,18.0,19.0,18.0,19.0,21.0,23.5,21.0,23.5,64.0,64.0,70.0,70.0,19.166666666666668,71.1,19.081027777777777,15.777777777777779,0.0
2025-10-17 13:12:50+00:00,33.73820854431747,-84.42211937499403,1307448046,97359,18.0,19.0,18.0,19.0,21.0,23.5,21.0,23.5,64.0,64.0,70.0,70.0,19.166666666666668,71.1,19.081027777777777,15.777777777777779,0.0
2025-10-17 13:12:51+00:00,33.738209973030735,-84.4221314641062,1307448046,97359,18.0,19.0,18.0,19.0,21.0,23.5,21.0,23.5,64.0,64.0,70.0,70.0,19.055555555555557,70.7,18.95913888888889,15.666666666666666,0.0
2025-10-17 13:12:52+00:00,33.73821145009615,-84.42214396235207,1307448046,97359,18.0,19.0,18.0,19.0,21.0,23.5,21.0,23.5,64.0,64.0,70.0,70.0,19.055555555555557,70.7,18.95913888888889,15.666666666666666,0.0
2025-10-17 13:12:53+00:00,33.738213073126296,-84.42215769568409,1307448046,97359,20.0,20.0,20.0,20.0,21.0,25.0,21.0,25.0,68.0,68.0,70.0,70.0,19.055555555555557,70.7,18.95913888888889,15.666666666666666,0.0
2025-10-17 13:12:54+00:00,33.738214717378455,-84.42217160858696,1307448046,97359,20.0,20.0,20.0,20.0,21.0,25.0,21.0,25.0,68.0,68.0,70.0,70.0,19.055555555555557,70.7,18.95913888888889,15.666666666666666,0.0
2025-10-17 13:12:55+00:00,33.73821631405854,-84.42218672184066,1307448046,97358,20.0,20.0,20.0,20.0,21.0,25.0,21.0,25.0,68.0,68.0,70.0,70.0,19.055555555555557,70.7,18.95913888888889,15.666666666666666,0.0
2025-10-17 13:12:56+00:00,33.73821808753623,-84.4222020919807,1307448046,97358,20.0,20.0,20.0,20.0,21.0,25.0,21.0,25.0,68.0,68.0,70.0,70.0,19.055555555555557,70.5,18.956527777777772,15.666666666666666,0.9
2025-10-17 13:12:57+00:00,33.73821989604462,-84.42221716835698,1307448046,97358,20.0,20.0,20.0,20.0,21.0,25.0,21.0,25.0,68.0,68.0,70.0,70.0,19.055555555555557,70.5,18.956527777777772,15.666666666666666,0.9
2025-10-17 13:12:58+00:00,33.7382218007114,-84.42223204554894,1307448046,97358,20.0,20.0,20.0,20.0,21.0,25.0,21.0,25.0,68.0,68.0,70.0,70.0,19.055555555555557,70.5,18.956527777777772,15.666666666666666,0.9
2025-10-17 13:12:59+00:00,33.738223659061205,-84.42224654067742,1307448046,97358,20.0,20.0,20.0,20.0,21.0,25.0,21.0,25.0,68.0,68.0,70.0,70.0,19.055555555555557,70.5,18.956527777777772,15.666666666666666,0.9
2025-10-17 13:13:00+00:00,33.73822544111475,-84.42226008780322,1307448046,97358,20.0,20.0,20.0,20.0,21.0,25.0,21.0,25.0,68.0,68.0,70.0,70.0,19.055555555555557,70.5,18.956527777777772,15.666666666666666,0.9
2025-10-17 13:13:01+00:00,33.738227347782626,-84.4222739561523,1307448046,97358,20.0,20.0,20.0,20.0,21.0,25.0,21.0,25.0,68.0,68.0,70.0,70.0,19.055555555555557,70.5,18.956527777777772,15.61111111111111,0.8
2025-10-17 13:13:02+00:00,33.73822888929845,-84.4222870590368,1307448046,97358,20.0,20.0,20.0,20.0,21.0,25.0,21.0,25.0,68.0,68.0,70.0,70.0,19.055555555555557,70.5,18.956527777777772,15.61111111111111,0.8
2025-10-17 13:13:03+00:00,33.73823011854565,-84.4222987112739,1307448046,97358,20.0,20.0,20.0,20.0,21.0,25.0,21.0,25.0,68.0,68.0,70.0,70.0,19.055555555555557,70.5,18.956527777777772,15.61111111111111,0.8
2025-10-17 13:13:04+00:00,33.73823225450596,-84.42231445421632,1307448046,97358,20.0,20.0,20.0,20.0,21.0,25.0,21.0,25.0,68.0,68.0,70.0,70.0,19.055555555555557,70.5,18.956527777777772,15.61111111111111,0.8
2025-10-17 13:13:05+00:00,33.73823383118502,-84.4223275932085,1307448046,97358,20.0,20.0,20.0,20.0,21.0,25.0,21.0,25.0,68.0,68.0,70.0,70.0,19.055555555555557,70.5,18.956527777777772,15.61111111111111,0.8
2025-10-17 13:13:06+00:00,33.73823571783814,-84.42234102486698,1307448046,97357,20.0,20.0,20.0,20.0,21.0,25.0,21.0,25.0,68.0,68.0,70.0,70.0,18.88888888888889,70.4,18.78022222222222,15.5,1.2
2025-10-17 13:13:07+00:00,33.73823781463408,-84.42235570243857,1307448046,97357,20.0,20.0,20.0,20.0,21.0,25.0,21.0,25.0,68.0,68.0,70.0,70.0,18.88888888888889,70.4,18.78022222222222,15.5,1.2
2025-10-17 13:13:08+00:00,33.738240138114335,-84.42237196680036,1307448046,97357,24.0,24.0,24.0,24.0,22.0,25.0,22.0,25.0,77.0,77.0,72.0,72.0,18.88888888888889,70.4,18.78022222222222,15.5,1.2
2025-10-17 13:13:09+00:00,33.738242650158924,-84.42238955111249,1307448046,97357,24.0,24.0,24.0,24.0,22.0,25.0,22.0,25.0,77.0,77.0,72.0,72.0,18.88888888888889,70.4,18.78022222222222,15.5,1.2
2025-10-17 13:13:10+00:00,33.73824551050065,-84.42240957350451,1307448046,97357,24.0,24.0,24.0,24.0,22.0,25.0,22.0,25.0,77.0,77.0,72.0,72.0,18.88888888888889,70.4,18.78022222222222,15.5,1.2
2025-10-17 13:13:11+00:00,33.73824881273788,-84.4224298764273,1307448046,97357,24.0,24.0,24.0,24.0,22.0,25.0,22.0,25.0,77.0,77.0,72.0,72.0,18.88888888888889,70.2,18.777611111111113,15.5,1.1
2025-10-17 13:13:12+00:00,33.738252544553845,-84.42245390098459,1307448046,97357,24.0,24.0,24.0,24.0,22.0,25.0,22.0,25.0,77.0,77.0,72.0,72.0,18.88888888888889,70.2,18.777611111111113,15.5,1.1
2025-10-17 13:13:13+00:00,33.73825476835484,-84.42247108582585,1307448046,97357,24.0,24.0,24.0,24.0,22.0,25.0,22.0,25.0,77.0,77.0,72.0,72.0,18.88888888888889,70.2,18.777611111111113,15.5,1.1
2025-10-17 13:13:14+00:00,33.73825695209919,-84.422487245534,1307448046,97357,24.0,24.0,24.0,24.0,22.0,25.0,22.0,25.0,77.0,77.0,72.0,72.0,18.88888888888889,70.2,18.777611111111113,15.5,1.1
2025-10-17 13:13:15+00:00,33.73825886068771,-84.42249964771362,1307448046,97357,24.0,24.0,24.0,24.0,22.0,25.0,22.0,25.0,77.0,77.0,72.0,72.0,18.88888888888889,70.2,18.777611111111113,15.5,1.1
2025-10-17 13:13:16+00:00,33.738261669393175,-84.42251481472314,1307448046,97357,24.0,24.0,24.0,24.0,22.0,25.0,22.0,25.0,77.0,77.0,72.0,72.0,18.72222222222222,69.8,18.59738888888889,15.166666666666666,1.1
2025-10-17 13:13:17+00:00,33.738263564423264,-84.42252966875118,1307448046,97357,24.0,24.0,24.0,24.0,22.0,25.0,22.0,25.0,77.0,77.0,72.0,72.0,18.72222222222222,69.8,18.59738888888889,15.166666666666666,1.1
2025-10-17 13:13:18+00:00,33.73826571891458,-84.42254618914578,1307448046,97357,24.0,24.0,24.0,24.0,22.0,25.0,22.0,25.0,77.0,77.0,72.0,72.0,18.72222222222222,69.8,18.59738888888889,15.166666666666666,1.1
2025-10-17 13:13:19+00:00,33.73826733709289,-84.42255777467207,1307448046,97357,24.0,24.0,24.0,24.0,22.0,25.0,22.0,25.0,77.0,77.0,72.0,72.0,18.72222222222222,69.8,18.59738888888889,15.166666666666666,1.1
2025-10-17 13:13:20+00:00,33.73826966185249,-84.42257303090697,1307448046,97357,24.0,24.0,24.0,24.0,22.0,25.0,22.0,25.0,77.0,77.0,72.0,72.0,18.72222222222222,69.8,18.59738888888889,15.166666666666666,1.1
2025-10-17 13:13:21+00:00,33.73827211467844,-84.42258912757723,1307448046,97357,24.0,24.0,24.0,24.0,22.0,25.0,22.0,25.0,77.0,77.0,72.0,72.0,18.666666666666664,69.4,18.533833333333327,15.0,0.9
2025-10-17 13:13:22+00:00,33.73827451957414,-84.4226049097053,1307448046,97357,24.0,24.0,24.0,24.0,22.0,25.0,22.0,25.0,77.0,77.0,72.0,72.0,18.666666666666664,69.4,18.533833333333327,15.0,0.9
2025-10-17 13:13:23+00:00,33.73827688165332,-84.42262041084989,1307448046,97357,22.0,22.0,22.0,22.0,22.0,25.0,22.0,25.0,72.0,72.0,72.0,72.0,18.666666666666664,69.4,18.533833333333327,15.0,0.9
2025-10-17 13:13:24+00:00,33.738279273118344,-84.42263610483914,1307448046,97357,22.0,22.0,22.0,22.0,22.0,25.0,22.0,25.0,72.0,72.0,72.0,72.0,18.666666666666664,69.4,18.533833333333327,15.0,0.9
2025-10-17 13:13:25+00:00,33.738281620393124,-84.42265150882987,1307448046,97357,22.0,22.0,22.0,22.0,22.0,25.0,22.0,25.0,72.0,72.0,72.0,72.0,18.666666666666664,69.4,18.533833333333327,15.0,0.9
2025-10-17 13:13:26+00:00,33.738284369730835,-84.4226726216354,1307448046,97356,22.0,22.0,22.0,22.0,22.0,25.0,22.0,25.0,72.0,72.0,72.0,72.0,18.555555555555557,69.1,18.41325000000001,15.0,0.0
2025-10-17 13:13:27+00:00,33.738285654321324,-84.42268867901652,1307448046,97356,22.0,22.0,22.0,22.0,22.0,25.0,22.0,25.0,72.0,72.0,72.0,72.0,18.555555555555557,69.1,18.41325000000001,15.0,0.0
2025-10-17 13:13:28+00:00,33.738286782988524,-84.42269887241395,1307448046,97356,22.0,22.0,22.0,22.0,22.0,25.0,22.0,25.0,72.0,72.0,72.0,72.0,18.555555555555557,69.1,18.41325000000001,15.0,0.0
2025-10-17 13:13:29+00:00,33.73828850242975,-84.42271252186775,1307448046,97356,22.0,22.0,22.0,22.0,22.0,25.0,22.0,25.0,72.0,72.0,72.0,72.0,18.555555555555557,69.1,18.41325000000001,15.0,0.0
2025-10-17 13:13:30+00:00,33.738289675389574,-84.42272307850618,1307448046,97356,22.0,22.0,22.0,22.0,22.0,25.0,22.0,25.0,72.0,72.0,72.0,72.0,18.555555555555557,69.1,18.41325000000001,15.0,0.0
2025-10-17 13:13:31+00:00,33.738290764684436,-84.42273288215993,1307448046,97356,22.0,22.0,22.0,22.0,22.0,25.0,22.0,25.0,72.0,72.0,72.0,72.0,18.61111111111111,69.2,18.472888888888885,15.0,0.8
2025-10-17 13:13:32+00:00,33.738292125453356,-84.42274563089364,1307448046,97356,22.0,22.0,22.0,22.0,22.0,25.0,22.0,25.0,72.0,72.0,72.0,72.0,18.61111111111111,69.2,18.472888888888885,15.0,0.8
2025-10-17 13:13:33+00:00,33.73829300280552,-84.42275703366629,1307448046,97356,22.0,22.0,22.0,22.0,22.0,25.0,22.0,25.0,72.0,72.0,72.0,72.0,18.61111111111111,69.2,18.472888888888885,15.0,0.8
2025-10-17 13:13:34+00:00,33.73829408426278,-84.42276975836504,1307448046,97356,22.0,22.0,22.0,22.0,22.0,25.0,22.0,25.0,72.0,72.0,72.0,72.0,18.61111111111111,69.2,18.472888888888885,15.0,0.8
2025-10-17 13:13:35+00:00,33.738295,-84.422778,1307448046,97355,22.0,22.0,22.0,22.0,22.0,25.0,22.0,25.0,72.0,72.0,72.0,72.0,18.61111111111111,69.2,18.472888888888885,15.0,0.8
2025-10-17 13:13:36+00:00,33.73829834818455,-84.42279856077896,1307448046,97355,22.0,22.0,22.0,22.0,22.0,25.0,22.0,25.0,72.0,72.0,72.0,72.0,18.666666666666664,69.7,18.53775,15.11111111111111,0.9
2025-10-17 13:13:37+00:00,33.73830034010064,-84.42281416412169,1307448046,97355,22.0,22.0,22.0,22.0,22.0,25.0,22.0,25.0,72.0,72.0,72.0,72.0,18.666666666666664,69.7,18.53775,15.11111111111111,0.9
2025-10-17 13:13:38+00:00,33.738302277080294,-84.42282933712897,1307448046,97355,21.0,21.0,21.0,21.0,22.0,23.0,22.0,23.0,70.0,70.0,72.0,72.0,18.666666666666664,69.7,18.53775,15.11111111111111,0.9
2025-10-17 13:13:39+00:00,33.73830400280171,-84.42284201961198,1307448046,97354,21.0,21.0,21.0,21.0,22.0,23.0,22.0,23.0,70.0,70.0,72.0,72.0,18.666666666666664,69.7,18.53775,15.11111111111111,0.9
2025-10-17 13:13:40+00:00,33.73830584036842,-84.42285488257895,1307448046,97354,21.0,21.0,21.0,21.0,22.0,23.0,22.0,23.0,70.0,70.0,72.0,72.0,18.666666666666664,69.7,18.53775,15.11111111111111,0.9
2025-10-17 13:13:41+00:00,33.7383077336148,-84.42286813530362,1307448046,97354,21.0,21.0,21.0,21.0,22.0,23.0,22.0,23.0,70.0,70.0,72.0,72.0,18.72222222222222,70.1,18.601305555555555,15.277777777777779,0.7
2025-10-17 13:13:42+00:00,33.73830948550616,-84.42288039854309,1307448046,97354,21.0,21.0,21.0,21.0,22.0,23.0,22.0,23.0,70.0,70.0,72.0,72.0,18.72222222222222,70.1,18.601305555555555,15.277777777777779,0.7
2025-10-17 13:13:43+00:00,33.73831132408162,-84.42289326857137,1307448046,97354,21.0,21.0,21.0,21.0,22.0,23.0,22.0,23.0,70.0,70.0,72.0,72.0,18.72222222222222,70.1,18.601305555555555,15.277777777777779,0.7
2025-10-17 13:13:44+00:00,33.73831355845882,-84.42290960728528,1307448046,97354,21.0,21.0,21.0,21.0,22.0,23.0,22.0,23.0,70.0,70.0,72.0,72.0,18.72222222222222,70.1,18.601305555555555,15.277777777777779,0.7
2025-10-17 13:13:45+00:00,33.73831536508619,-84.42292451196104,1307448046,97354,21.0,21.0,21.0,21.0,22.0,23.0,22.0,23.0,70.0,70.0,72.0,72.0,18.72222222222222,70.1,18.601305555555555,15.277777777777779,0.7
2025-10-17 13:13:46+00:00,33.738317,-84.422938,1307448046,97354,21.0,21.0,21.0,21.0,22.0,23.0,22.0,23.0,70.0,70.0,72.0,72.0,18.72222222222222,70.6,18.607833333333335,15.277777777777779,0.8
2025-10-17 13:13:47+00:00,33.73831990956915,-84.42295527655317,1307448046,97354,21.0,21.0,21.0,21.0,22.0,23.0,22.0,23.0,70.0,70.0,72.0,72.0,18.72222222222222,70.6,18.607833333333335,15.277777777777779,0.8
2025-10-17 13:13:48+00:00,33.73832227772021,-84.42297251347154,1307448046,97353,21.0,21.0,21.0,21.0,22.0,23.0,22.0,23.0,70.0,70.0,72.0,72.0,18.72222222222222,70.6,18.607833333333335,15.277777777777779,0.8
2025-10-17 13:13:49+00:00,33.738324951852334,-84.42299213889248,1307448046,97353,21.0,21.0,21.0,21.0,22.0,23.0,22.0,23.0,70.0,70.0,72.0,72.0,18.72222222222222,70.6,18.607833333333335,15.277777777777779,0.8
2025-10-17 13:13:50+00:00,33.73832747810485,-84.42301034673395,1307448046,97353,21.0,21.0,21.0,21.0,22.0,23.0,22.0,23.0,70.0,70.0,72.0,72.0,18.72222222222222,70.6,18.607833333333335,15.277777777777779,0.8
2025-10-17 13:13:51+00:00,33.7383295917677,-84.42303010292274,1307448046,97353,21.0,21.0,21.0,21.0,22.0,23.0,22.0,23.0,70.0,70.0,72.0,72.0,18.77777777777778,70.7,18.667472222222223,15.38888888888889,1.1
2025-10-17 13:13:52+00:00,33.738332779477034,-84.42305220437409,1307448046,97353,21.0,21.0,21.0,21.0,22.0,23.0,22.0,23.0,70.0,70.0,72.0,72.0,18.77777777777778,70.7,18.667472222222223,15.38888888888889,1.1
2025-10-17 13:13:53+00:00,33.73833574650205,-84.42307277574758,1307448046,97353,22.5,22.5,22.5,22.5,24.0,24.0,24.0,24.0,73.0,73.0,77.0,77.0,18.77777777777778,70.7,18.667472222222223,15.38888888888889,1.1
2025-10-17 13:13:54+00:00,33.73833867994137,-84.4230931142602,1307448046,97353,22.5,22.5,22.5,22.5,24.0,24.0,24.0,24.0,73.0,73.0,77.0,77.0,18.77777777777778,70.7,18.667472222222223,15.38888888888889,1.1
2025-10-17 13:13:55+00:00,33.738341589861086,-84.42311328970356,1307448046,97353,22.5,22.5,22.5,22.5,24.0,24.0,24.0,24.0,73.0,73.0,77.0,77.0,18.77777777777778,70.7,18.667472222222223,15.38888888888889,1.1
2025-10-17 13:13:56+00:00,33.73834449743622,-84.42313596923468,1307448046,97352,22.5,22.5,22.5,22.5,24.0,24.0,24.0,24.0,73.0,73.0,77.0,77.0,18.833333333333336,70.8,18.72711111111111,15.5,1.4
2025-10-17 13:13:57+00:00,33.738346,-84.423151,1307448046,97352,22.5,22.5,22.5,22.5,24.0,24.0,24.0,24.0,73.0,73.0,77.0,77.0,18.833333333333336,70.8,18.72711111111111,15.5,1.4
2025-10-17 13:13:58+00:00,33.738348208814536,-84.42316690346466,1307448046,97352,22.5,22.5,22.5,22.5,24.0,24.0,24.0,24.0,73.0,73.0,77.0,77.0,18.833333333333336,70.8,18.72711111111111,15.5,1.4
2025-10-17 13:13:59+00:00,33.738350319277906,-84.42318209880091,1307448046,97352,22.5,22.5,22.5,22.5,24.0,24.0,24.0,24.0,73.0,73.0,77.0,77.0,18.833333333333336,70.8,18.72711111111111,15.5,1.4
2025-10-17 13:14:00+00:00,33.73835238179742,-84.42319551986296,1307448046,97352,22.5,22.5,22.5,22.5,24.0,24.0,24.0,24.0,73.0,73.0,77.0,77.0,18.833333333333336,70.8,18.72711111111111,15.5,1.4
2025-10-17 13:14:01+00:00,33.738354500734886,-84.42320950485022,1307448046,97352,22.5,22.5,22.5,22.5,24.0,24.0,24.0,24.0,73.0,73.0,77.0,77.0,18.88888888888889,70.8,18.785444444444447,15.5,0.8
2025-10-17 13:14:02+00:00,33.73835661478409,-84.42322345757499,1307448046,97352,22.5,22.5,22.5,22.5,24.0,24.0,24.0,24.0,73.0,73.0,77.0,77.0,18.88888888888889,70.8,18.785444444444447,15.5,0.8
2025-10-17 13:14:03+00:00,33.73835859286292,-84.42323874290335,1307448046,97352,22.5,22.5,22.5,22.5,24.0,24.0,24.0,24.0,73.0,73.0,77.0,77.0,18.88888888888889,70.8,18.785444444444447,15.5,0.8
2025-10-17 13:14:04+00:00,33.7383603652543,-84.42325155678012,1307448046,97352,22.5,22.5,22.5,22.5,24.0,24.0,24.0,24.0,73.0,73.0,77.0,77.0,18.88888888888889,70.8,18.785444444444447,15.5,0.8
2025-10-17 13:14:05+00:00,33.738361417380254,-84.42326495147468,1307448046,97352,22.5,22.5,22.5,22.5,24.0,24.0,24.0,24.0,73.0,73.0,77.0,77.0,18.88888888888889,70.8,18.785444444444447,15.5,0.8
2025-10-17 13:14:06+00:00,33.73836330412799,-84.42327829347647,1307448046,97352,22.5,22.5,22.5,22.5,24.0,24.0,24.0,24.0,73.0,73.0,77.0,77.0,18.88888888888889,70.7,18.784138888888894,15.5,0.8
2025-10-17 13:14:07+00:00,33.73836522639216,-84.42329188663032,1307448046,97352,22.5,22.5,22.5,22.5,24.0,24.0,24.0,24.0,73.0,73.0,77.0,77.0,18.88888888888889,70.7,18.784138888888894,15.5,0.8
2025-10-17 13:14:08+00:00,33.73836722286499,-84.4233060045453,1307448046,97352,22.0,23.0,22.0,23.0,28.0,29.0,28.0,29.0,72.0,72.0,85.0,85.0,18.88888888888889,70.7,18.784138888888894,15.5,0.8
2025-10-17 13:14:09+00:00,33.73836922673116,-84.42332017474178,1307448046,97352,22.0,23.0,22.0,23.0,28.0,29.0,28.0,29.0,72.0,72.0,85.0,85.0,18.88888888888889,70.7,18.784138888888894,15.5,0.8
2025-10-17 13:14:10+00:00,33.73837117692949,-84.42333396543,1307448046,97352,22.0,23.0,22.0,23.0,28.0,29.0,28.0,29.0,72.0,72.0,85.0,85.0,18.88888888888889,70.7,18.784138888888894,15.5,0.8
2025-10-17 13:14:11+00:00,33.73837305123215,-84.42334721942736,1307448046,97352,22.0,23.0,22.0,23.0,28.0,29.0,28.0,29.0,72.0,72.0,85.0,85.0,18.833333333333336,70.6,18.724500000000006,15.5,0.0
2025-10-17 13:14:12+00:00,33.738375120397954,-84.42336208358161,1307448046,97351,22.0,23.0,22.0,23.0,28.0,29.0,28.0,29.0,72.0,72.0,85.0,85.0,18.833333333333336,70.6,18.724500000000006,15.5,0.0
2025-10-17 13:14:13+00:00,33.7383766253593,-84.42337562823373,1307448046,97351,22.0,23.0,22.0,23.0,28.0,29.0,28.0,29.0,72.0,72.0,85.0,85.0,18.833333333333336,70.6,18.724500000000006,15.5,0.0
2025-10-17 13:14:14+00:00,33.738378245152994,-84.42338709349447,1307448046,97351,22.0,23.0,22.0,23.0,28.0,29.0,28.0,29.0,72.0,72.0,85.0,85.0,18.833333333333336,70.6,18.724500000000006,15.5,0.0
2025-10-17 13:14:15+00:00,33.738379821878304,-84.42340158877245,1307448046,97351,22.0,23.0,22.0,23.0,28.0,29.0,28.0,29.0,72.0,72.0,85.0,85.0,18.833333333333336,70.6,18.724500000000006,15.5,0.0
2025-10-17 13:14:16+00:00,33.73838189980746,-84.42341571869069,1307448046,97351,22.0,23.0,22.0,23.0,28.0,29.0,28.0,29.0,72.0,72.0,85.0,85.0,18.77777777777778,70.3,18.66225,15.38888888888889,0.8
2025-10-17 13:14:17+00:00,33.7383841371046,-84.4234312339414,1307448046,97351,22.0,23.0,22.0,23.0,28.0,29.0,28.0,29.0,72.0,72.0,85.0,85.0,18.77777777777778,70.3,18.66225,15.38888888888889,0.8
2025-10-17 13:14:18+00:00,33.73838537777087,-84.42344239993778,1307448046,97351,22.0,23.0,22.0,23.0,28.0,29.0,28.0,29.0,72.0,72.0,85.0,85.0,18.77777777777778,70.3,18.66225,15.38888888888889,0.8
2025-10-17 13:14:20+00:00,33.73838662450113,-84.42345362051013,1307448046,97351,22.0,23.0,22.0,23.0,28.0,29.0,28.0,29.0,72.0,72.0,85.0,85.0,18.77777777777778,70.3,18.66225,15.38888888888889,0.8
2025-10-17 13:14:27+00:00,33.73838557012802,-84.42344413115215,1307448046,97351,20.5,21.5,20.5,21.5,24.0,24.0,24.0,24.0,69.0,69.0,77.0,77.0,18.72222222222222,69.7,18.596083333333333,15.166666666666666,1.4
2025-10-17 13:14:43+00:00,33.73838494728154,-84.42343852553381,1307448046,97351,20.5,21.0,20.5,21.0,22.0,22.0,22.0,22.0,69.0,69.0,72.0,72.0,18.833333333333336,69.1,18.704916666666673,15.166666666666666,1.4
2025-10-17 13:15:04+00:00,33.73838548286722,-84.42344334580496,1307448046,97351,21.0,21.0,21.0,21.0,21.0,22.0,21.0,22.0,70.0,70.0,70.0,70.0,19.166666666666668,71.2,19.082333333333327,15.777777777777779,1.2
2025-10-17 13:15:05+00:00,33.73838564129175,-84.42344477162574,1307448046,97351,21.0,21.0,21.0,21.0,21.0,22.0,21.0,22.0,70.0,70.0,70.0,70.0,19.166666666666668,71.2,19.082333333333327,15.777777777777779,1.2
2025-10-17 13:15:06+00:00,33.73838588306156,-84.42344694755403,1307448046,97351,21.0,21.0,21.0,21.0,21.0,22.0,21.0,22.0,70.0,70.0,70.0,70.0,19.111111111111114,71.4,19.02661111111112,15.777777777777779,0.9
2025-10-17 13:15:07+00:00,33.73838618196448,-84.42344963768029,1307448046,97351,21.0,21.0,21.0,21.0,21.0,22.0,21.0,22.0,70.0,70.0,70.0,70.0,19.111111111111114,71.4,19.02661111111112,15.777777777777779,0.9
2025-10-17 13:15:08+00:00,33.73838647872604,-84.42345230853437,1307448046,97351,20.0,21.0,20.0,21.0,23.0,23.0,23.0,23.0,68.0,68.0,74.0,74.0,19.111111111111114,71.4,19.02661111111112,15.777777777777779,0.9
2025-10-17 13:15:09+00:00,33.73838662421253,-84.42345361791274,1307448046,97351,20.0,21.0,20.0,21.0,23.0,23.0,23.0,23.0,68.0,68.0,74.0,74.0,19.111111111111114,71.4,19.02661111111112,15.777777777777779,0.9
2025-10-17 13:15:10+00:00,33.73838682053532,-84.42345538481786,1307448046,97351,20.0,21.0,20.0,21.0,23.0,23.0,23.0,23.0,68.0,68.0,74.0,74.0,19.111111111111114,71.4,19.02661111111112,15.777777777777779,0.9
2025-10-17 13:15:11+00:00,33.738387377770046,-84.42345926662026,1307448046,97351,20.0,21.0,20.0,21.0,23.0,23.0,23.0,23.0,68.0,68.0,74.0,74.0,19.111111111111114,71.2,19.024,15.777777777777779,0.8
2025-10-17 13:15:12+00:00,33.73838783872941,-84.42346203237643,1307448046,97351,20.0,21.0,20.0,21.0,23.0,23.0,23.0,23.0,68.0,68.0,74.0,74.0,19.111111111111114,71.2,19.024,15.777777777777779,0.8
2025-10-17 13:15:13+00:00,33.738388,-84.423463,1307448046,97351,20.0,21.0,20.0,21.0,23.0,23.0,23.0,23.0,68.0,68.0,74.0,74.0,19.111111111111114,71.2,19.024,15.777777777777779,0.8
2025-10-17 13:15:14+00:00,33.73838836797015,-84.42346598705183,1307448046,97351,20.0,21.0,20.0,21.0,23.0,23.0,23.0,23.0,68.0,68.0,74.0,74.0,19.111111111111114,71.2,19.024,15.777777777777779,0.8
2025-10-17 13:15:15+00:00,33.738388647371,-84.42346825512932,1307448046,97351,20.0,21.0,20.0,21.0,23.0,23.0,23.0,23.0,68.0,68.0,74.0,74.0,19.111111111111114,71.2,19.024,15.777777777777779,0.8
2025-10-17 13:15:16+00:00,33.73848765713522,-84.42336,1118729521,91004,20.0,21.0,20.0,21.0,23.0,23.0,23.0,23.0,68.0,68.0,74.0,74.0,19.166666666666668,70.9,19.078416666666666,15.777777777777779,0.0
2025-10-17 13:15:17+00:00,33.73849824914926,-84.42336,1118729521,91004,20.0,21.0,20.0,21.0,23.0,23.0,23.0,23.0,68.0,68.0,74.0,74.0,19.166666666666668,70.9,19.078416666666666,15.777777777777779,0.0
2025-10-17 13:15:18+00:00,33.738510085637664,-84.42336,1118729521,91004,20.0,21.0,20.0,21.0,23.0,23.0,23.0,23.0,68.0,68.0,74.0,74.0,19.166666666666668,70.9,19.078416666666666,15.777777777777779,0.0
2025-10-17 13:15:19+00:00,33.738522255488554,-84.42336,1118729521,91004,20.0,21.0,20.0,21.0,23.0,23.0,23.0,23.0,68.0,68.0,74.0,74.0,19.166666666666668,70.9,19.078416666666666,15.777777777777779,0.0
2025-10-17 13:15:20+00:00,33.73853464155891,-84.42336,1118729521,91004,20.0,21.0,20.0,21.0,23.0,23.0,23.0,23.0,68.0,68.0,74.0,74.0,19.166666666666668,70.9,19.078416666666666,15.777777777777779,0.0
2025-10-17 13:15:21+00:00,33.73854685798868,-84.42336,1118729521,91004,20.0,21.0,20.0,21.0,23.0,23.0,23.0,23.0,68.0,68.0,74.0,74.0,19.166666666666668,70.5,19.073194444444443,15.666666666666666,0.9
2025-10-17 13:15:22+00:00,33.73855949406585,-84.42336,1118729521,91004,20.0,21.0,20.0,21.0,23.0,23.0,23.0,23.0,68.0,68.0,74.0,74.0,19.166666666666668,70.5,19.073194444444443,15.666666666666666,0.9
2025-10-17 13:15:23+00:00,33.738571827350924,-84.42336,1118729521,91003,21.0,21.0,21.0,21.0,21.0,23.0,21.0,23.0,70.0,70.0,70.0,70.0,19.166666666666668,70.5,19.073194444444443,15.666666666666666,0.9
2025-10-17 13:15:24+00:00,33.73858204642603,-84.42335990838748,1118729521,91003,21.0,21.0,21.0,21.0,21.0,23.0,21.0,23.0,70.0,70.0,70.0,70.0,19.166666666666668,70.5,19.073194444444443,15.666666666666666,0.9
2025-10-17 13:15:25+00:00,33.73859296487061,-84.4233597429565,1118729521,91003,21.0,21.0,21.0,21.0,21.0,23.0,21.0,23.0,70.0,70.0,70.0,70.0,19.166666666666668,70.5,19.073194444444443,15.666666666666666,0.9
2025-10-17 13:15:26+00:00,33.738604209408024,-84.42335957258473,1118729521,91003,21.0,21.0,21.0,21.0,21.0,23.0,21.0,23.0,70.0,70.0,70.0,70.0,19.055555555555557,69.6,18.94477777777777,15.5,1.5
2025-10-17 13:15:27+00:00,33.738615946742605,-84.42335939474633,1118729521,91003,21.0,21.0,21.0,21.0,21.0,23.0,21.0,23.0,70.0,70.0,70.0,70.0,19.055555555555557,69.6,18.94477777777777,15.5,1.5
2025-10-17 13:15:28+00:00,33.738628527871406,-84.42335920412316,1118729521,91003,21.0,21.0,21.0,21.0,21.0,23.0,21.0,23.0,70.0,70.0,70.0,70.0,19.055555555555557,69.6,18.94477777777777,15.5,1.5
2025-10-17 13:15:29+00:00,33.73864121752518,-84.42335901185568,1118729521,91003,21.0,21.0,21.0,21.0,21.0,23.0,21.0,23.0,70.0,70.0,70.0,70.0,19.055555555555557,69.6,18.94477777777777,15.5,1.5
2025-10-17 13:15:30+00:00,33.738656926286026,-84.423359,1118729521,91003,21.0,21.0,21.0,21.0,21.0,23.0,21.0,23.0,70.0,70.0,70.0,70.0,19.055555555555557,69.6,18.94477777777777,15.5,1.5
2025-10-17 13:15:31+00:00,33.7386724033205,-84.423359,1118729521,91003,21.0,21.0,21.0,21.0,21.0,23.0,21.0,23.0,70.0,70.0,70.0,70.0,18.88888888888889,69.0,18.761944444444445,15.277777777777779,0.7
2025-10-17 13:15:32+00:00,33.738685195448824,-84.423359,1118729521,91003,21.0,21.0,21.0,21.0,21.0,23.0,21.0,23.0,70.0,70.0,70.0,70.0,18.88888888888889,69.0,18.761944444444445,15.277777777777779,0.7
2025-10-17 13:15:33+00:00,33.7386971433413,-84.423359,1118729521,91003,21.0,21.0,21.0,21.0,21.0,23.0,21.0,23.0,70.0,70.0,70.0,70.0,18.88888888888889,69.0,18.761944444444445,15.277777777777779,0.7
2025-10-17 13:15:34+00:00,33.738719,-84.423547,561725296,42052,21.0,21.0,21.0,21.0,21.0,23.0,21.0,23.0,70.0,70.0,70.0,70.0,18.88888888888889,69.0,18.761944444444445,15.277777777777779,0.7
2025-10-17 13:15:35+00:00,33.738721529763254,-84.42335893914202,1118729521,91003,21.0,21.0,21.0,21.0,21.0,23.0,21.0,23.0,70.0,70.0,70.0,70.0,18.88888888888889,69.0,18.761944444444445,15.277777777777779,0.7
2025-10-17 13:15:36+00:00,33.73873347174152,-84.42335873324583,1118729521,91003,21.0,21.0,21.0,21.0,21.0,23.0,21.0,23.0,70.0,70.0,70.0,70.0,18.944444444444443,68.4,18.812444444444438,15.166666666666666,1.0
2025-10-17 13:15:37+00:00,33.73874617321411,-84.42335851425493,1118729521,91003,21.0,21.0,21.0,21.0,21.0,23.0,21.0,23.0,70.0,70.0,70.0,70.0,18.944444444444443,68.4,18.812444444444438,15.166666666666666,1.0
2025-10-17 13:15:38+00:00,33.73875982573699,-84.4233582788666,1118729521,91003,21.0,21.0,21.0,21.0,21.0,22.0,21.0,22.0,70.0,70.0,70.0,70.0,18.944444444444443,68.4,18.812444444444438,15.166666666666666,1.0
2025-10-17 13:15:39+00:00,33.73877388554719,-84.42335803645608,1118729521,91003,21.0,21.0,21.0,21.0,21.0,22.0,21.0,22.0,70.0,70.0,70.0,70.0,18.944444444444443,68.4,18.812444444444438,15.166666666666666,1.0
2025-10-17 13:15:40+00:00,33.738789614096326,-84.423358,1118729521,91002,21.0,21.0,21.0,21.0,21.0,22.0,21.0,22.0,70.0,70.0,70.0,70.0,18.944444444444443,68.4,18.812444444444438,15.166666666666666,1.0
2025-10-17 13:15:41+00:00,33.73880332716574,-84.423358,1118729521,91002,21.0,21.0,21.0,21.0,21.0,22.0,21.0,22.0,70.0,70.0,70.0,70.0,18.944444444444443,68.1,18.80852777777777,15.166666666666666,0.0
2025-10-17 13:15:42+00:00,33.73881638859566,-84.423358,1118729521,91002,21.0,21.0,21.0,21.0,21.0,22.0,21.0,22.0,70.0,70.0,70.0,70.0,18.944444444444443,68.1,18.80852777777777,15.166666666666666,0.0
2025-10-17 13:15:43+00:00,33.738895,-84.42343478642891,561725292,42050,21.0,21.0,21.0,21.0,21.0,22.0,21.0,22.0,70.0,70.0,70.0,70.0,18.944444444444443,68.1,18.80852777777777,15.166666666666666,0.0
2025-10-17 13:15:44+00:00,33.738895,-84.4234335090549,561725292,42050,21.0,21.0,21.0,21.0,21.0,22.0,21.0,22.0,70.0,70.0,70.0,70.0,18.944444444444443,68.1,18.80852777777777,15.166666666666666,0.0
2025-10-17 13:15:45+00:00,33.738895,-84.42343247068649,561725292,42050,21.0,21.0,21.0,21.0,21.0,22.0,21.0,22.0,70.0,70.0,70.0,70.0,18.944444444444443,68.1,18.80852777777777,15.166666666666666,0.0
2025-10-17 13:15:46+00:00,33.738895,-84.42343228450075,561725292,42050,21.0,21.0,21.0,21.0,21.0,22.0,21.0,22.0,70.0,70.0,70.0,70.0,19.055555555555557,67.8,18.921277777777778,15.277777777777779,0.0
2025-10-17 13:15:47+00:00,33.738895,-84.42343295154733,561725292,42050,21.0,21.0,21.0,21.0,21.0,22.0,21.0,22.0,70.0,70.0,70.0,70.0,19.055555555555557,67.8,18.921277777777778,15.277777777777779,0.0
2025-10-17 13:15:48+00:00,33.738895,-84.4234343033046,561725292,42050,21.0,21.0,21.0,21.0,21.0,22.0,21.0,22.0,70.0,70.0,70.0,70.0,19.055555555555557,67.8,18.921277777777778,15.277777777777779,0.0
2025-10-17 13:15:49+00:00,33.738895,-84.42343637025009,561725292,42050,21.0,21.0,21.0,21.0,21.0,22.0,21.0,22.0,70.0,70.0,70.0,70.0,19.055555555555557,67.8,18.921277777777778,15.277777777777779,0.0
2025-10-17 13:15:50+00:00,33.738895,-84.42343914143161,561725292,42050,21.0,21.0,21.0,21.0,21.0,22.0,21.0,22.0,70.0,70.0,70.0,70.0,19.055555555555557,67.8,18.921277777777778,15.277777777777779,0.0
2025-10-17 13:15:51+00:00,33.738895,-84.42344127358763,561725292,42050,21.0,21.0,21.0,21.0,21.0,22.0,21.0,22.0,70.0,70.0,70.0,70.0,19.166666666666668,67.8,19.03794444444445,15.38888888888889,1.6
2025-10-17 13:15:52+00:00,33.738895,-84.42344314606768,561725292,42050,21.0,21.0,21.0,21.0,21.0,22.0,21.0,22.0,70.0,70.0,70.0,70.0,19.166666666666668,67.8,19.03794444444445,15.38888888888889,1.6
2025-10-17 13:15:53+00:00,33.738895,-84.42344487110277,561725292,42050,20.0,20.0,20.0,20.0,21.5,23.5,21.5,23.5,68.0,68.0,71.0,71.0,19.166666666666668,67.8,19.03794444444445,15.38888888888889,1.6
2025-10-17 13:15:54+00:00,33.738895,-84.42344686450829,561725292,42050,20.0,20.0,20.0,20.0,21.5,23.5,21.5,23.5,68.0,68.0,71.0,71.0,19.166666666666668,67.8,19.03794444444445,15.38888888888889,1.6
2025-10-17 13:15:55+00:00,33.738895,-84.42344957285117,561725292,42050,20.0,20.0,20.0,20.0,21.5,23.5,21.5,23.5,68.0,68.0,71.0,71.0,19.166666666666668,67.8,19.03794444444445,15.38888888888889,1.6
2025-10-17 13:15:56+00:00,33.738895,-84.42345064635309,561725292,42050,20.0,20.0,20.0,20.0,21.5,23.5,21.5,23.5,68.0,68.0,71.0,71.0,19.27777777777778,67.7,19.153305555555562,15.5,1.2
2025-10-17 13:15:57+00:00,33.73899258595786,-84.42335689414041,1118729521,91001,20.0,20.0,20.0,20.0,21.5,23.5,21.5,23.5,68.0,68.0,71.0,71.0,19.27777777777778,67.7,19.153305555555562,15.5,1.2
2025-10-17 13:15:58+00:00,33.739003332296754,-84.42335678667703,1118729521,91001,20.0,20.0,20.0,20.0,21.5,23.5,21.5,23.5,68.0,68.0,71.0,71.0,19.27777777777778,67.7,19.153305555555562,15.5,1.2
2025-10-17 13:15:59+00:00,33.73901408654801,-84.42335667913451,1118729521,91001,20.0,20.0,20.0,20.0,21.5,23.5,21.5,23.5,68.0,68.0,71.0,71.0,19.27777777777778,67.7,19.153305555555562,15.5,1.2
2025-10-17 13:16:02+00:00,33.73902408093433,-84.42335657919065,1118729521,91001,20.0,20.0,20.0,20.0,21.5,23.5,21.5,23.5,68.0,68.0,71.0,71.0,19.444444444444443,67.8,19.32961111111111,15.61111111111111,0.8
2025-10-17 13:16:06+00:00,33.73901071732218,-84.42335671282677,1118729521,91001,20.0,20.0,20.0,20.0,21.5,23.5,21.5,23.5,68.0,68.0,71.0,71.0,19.66666666666667,68.3,19.569472222222227,15.777777777777779,0.0
2025-10-17 13:16:08+00:00,33.73899233291003,-84.4233568966709,1118729521,91001,18.0,20.0,18.0,20.0,23.5,24.5,23.5,24.5,64.0,64.0,75.5,75.5,19.66666666666667,68.3,19.569472222222227,15.777777777777779,0.0
2025-10-17 13:16:09+00:00,33.738895,-84.42344905495672,561725292,42050,18.0,20.0,18.0,20.0,23.5,24.5,23.5,24.5,64.0,64.0,75.5,75.5,19.66666666666667,68.3,19.569472222222227,15.777777777777779,0.0
2025-10-17 13:16:10+00:00,33.738895,-84.4234500847778,561725292,42050,18.0,20.0,18.0,20.0,23.5,24.5,23.5,24.5,64.0,64.0,75.5,75.5,19.66666666666667,68.3,19.569472222222227,15.777777777777779,0.0
2025-10-17 13:16:12+00:00,33.738895,-84.42345052690528,561725292,42050,18.0,20.0,18.0,20.0,23.5,24.5,23.5,24.5,64.0,64.0,75.5,75.5,19.777777777777775,68.6,19.690055555555546,16.0,1.3
2025-10-17 13:16:13+00:00,33.738895,-84.42345123316879,561725292,42050,18.0,20.0,18.0,20.0,23.5,24.5,23.5,24.5,64.0,64.0,75.5,75.5,19.777777777777775,68.6,19.690055555555546,16.0,1.3
2025-10-17 13:16:14+00:00,33.738895,-84.4234507661941,561725292,42050,18.0,20.0,18.0,20.0,23.5,24.5,23.5,24.5,64.0,64.0,75.5,75.5,19.777777777777775,68.6,19.690055555555546,16.0,1.3
2025-10-17 13:16:15+00:00,33.738895,-84.42344956704467,561725292,42050,18.0,20.0,18.0,20.0,23.5,24.5,23.5,24.5,64.0,64.0,75.5,75.5,19.777777777777775,68.6,19.690055555555546,16.0,1.3
2025-10-17 13:16:16+00:00,33.738895,-84.42344832176921,561725292,42050,18.0,20.0,18.0,20.0,23.5,24.5,23.5,24.5,64.0,64.0,75.5,75.5,19.72222222222222,68.4,19.629111111111115,15.88888888888889,2.3
2025-10-17 13:16:17+00:00,33.738895,-84.42344674038364,561725292,42050,18.0,20.0,18.0,20.0,23.5,24.5,23.5,24.5,64.0,64.0,75.5,75.5,19.72222222222222,68.4,19.629111111111115,15.88888888888889,2.3
2025-10-17 13:16:18+00:00,33.738895,-84.42344508746352,561725292,42050,18.0,20.0,18.0,20.0,23.5,24.5,23.5,24.5,64.0,64.0,75.5,75.5,19.72222222222222,68.4,19.629111111111115,15.88888888888889,2.3
2025-10-17 13:16:19+00:00,33.738895,-84.42344186576341,561725292,42050,18.0,20.0,18.0,20.0,23.5,24.5,23.5,24.5,64.0,64.0,75.5,75.5,19.72222222222222,68.4,19.629111111111115,15.88888888888889,2.3
2025-10-17 13:16:20+00:00,33.738895,-84.42343796719636,561725292,42050,18.0,20.0,18.0,20.0,23.5,24.5,23.5,24.5,64.0,64.0,75.5,75.5,19.72222222222222,68.4,19.629111111111115,15.88888888888889,2.3
2025-10-17 13:16:21+00:00,33.738809935262076,-84.423358,1118729521,91002,18.0,20.0,18.0,20.0,23.5,24.5,23.5,24.5,64.0,64.0,75.5,75.5,19.833333333333332,68.0,19.74055555555556,16.0,2.1
2025-10-17 13:16:22+00:00,33.738792598177795,-84.423358,1118729521,91002,18.0,20.0,18.0,20.0,23.5,24.5,23.5,24.5,64.0,64.0,75.5,75.5,19.833333333333332,68.0,19.74055555555556,16.0,2.1
2025-10-17 13:16:23+00:00,33.7387747361943,-84.42335802178975,1118729521,91003,21.5,21.5,21.5,21.5,21.0,22.0,21.0,22.0,71.0,71.0,70.0,70.0,19.833333333333332,68.0,19.74055555555556,16.0,2.1
2025-10-17 13:16:24+00:00,33.73875873906154,-84.42335829760239,1118729521,91003,21.5,21.5,21.5,21.5,21.0,22.0,21.0,22.0,71.0,71.0,70.0,70.0,19.833333333333332,68.0,19.74055555555556,16.0,2.1
2025-10-17 13:16:25+00:00,33.738742879720434,-84.4233585710393,1118729521,91003,21.5,21.5,21.5,21.5,21.0,22.0,21.0,22.0,71.0,71.0,70.0,70.0,19.833333333333332,68.0,19.74055555555556,16.0,2.1
2025-10-17 13:16:26+00:00,33.738728059297124,-84.42335882656384,1118729521,91003,21.5,21.5,21.5,21.5,21.0,22.0,21.0,22.0,71.0,71.0,70.0,70.0,19.72222222222222,67.3,19.61475,15.777777777777779,2.2
2025-10-17 13:16:27+00:00,33.73871489415823,-84.423359,1118729521,91003,21.5,21.5,21.5,21.5,21.0,22.0,21.0,22.0,71.0,71.0,70.0,70.0,19.72222222222222,67.3,19.61475,15.777777777777779,2.2
2025-10-17 13:16:28+00:00,33.7387012228918,-84.423359,1118729521,91003,21.5,21.5,21.5,21.5,21.0,22.0,21.0,22.0,71.0,71.0,70.0,70.0,19.72222222222222,67.3,19.61475,15.777777777777779,2.2
2025-10-17 13:16:29+00:00,33.738687551503034,-84.423359,1118729521,91003,21.5,21.5,21.5,21.5,21.0,22.0,21.0,22.0,71.0,71.0,70.0,70.0,19.72222222222222,67.3,19.61475,15.777777777777779,2.2
2025-10-17 13:16:30+00:00,33.73867459797535,-84.423359,1118729521,91003,21.5,21.5,21.5,21.5,21.0,22.0,21.0,22.0,71.0,71.0,70.0,70.0,19.72222222222222,67.3,19.61475,15.777777777777779,2.2
2025-10-17 13:16:31+00:00,33.73866148752321,-84.423359,1118729521,91003,21.5,21.5,21.5,21.5,21.0,22.0,21.0,22.0,71.0,71.0,70.0,70.0,19.66666666666667,67.0,19.552500000000002,15.777777777777779,1.4
2025-10-17 13:16:32+00:00,33.738648200966836,-84.423359,1118729521,91003,21.5,21.5,21.5,21.5,21.0,22.0,21.0,22.0,71.0,71.0,70.0,70.0,19.66666666666667,67.0,19.552500000000002,15.777777777777779,1.4
2025-10-17 13:16:33+00:00,33.73863529478071,-84.42335910159423,1118729521,91003,21.5,21.5,21.5,21.5,21.0,22.0,21.0,22.0,71.0,71.0,70.0,70.0,19.66666666666667,67.0,19.552500000000002,15.777777777777779,1.4
2025-10-17 13:16:34+00:00,33.73862437058688,-84.42335926711232,1118729521,91003,21.5,21.5,21.5,21.5,21.0,22.0,21.0,22.0,71.0,71.0,70.0,70.0,19.66666666666667,67.0,19.552500000000002,15.777777777777779,1.4
2025-10-17 13:16:35+00:00,33.73861296682149,-84.42335943989664,1118729521,91003,21.5,21.5,21.5,21.5,21.0,22.0,21.0,22.0,71.0,71.0,70.0,70.0,19.66666666666667,67.0,19.552500000000002,15.777777777777779,1.4
2025-10-17 13:16:36+00:00,33.738601001931215,-84.42335962118287,1118729521,91003,21.5,21.5,21.5,21.5,21.0,22.0,21.0,22.0,71.0,71.0,70.0,70.0,19.61111111111111,66.8,19.491555555555557,15.666666666666666,2.1
2025-10-17 13:16:37+00:00,33.738589075687436,-84.42335980188352,1118729521,91003,21.5,21.5,21.5,21.5,21.0,22.0,21.0,22.0,71.0,71.0,70.0,70.0,19.61111111111111,66.8,19.491555555555557,15.666666666666666,2.1
2025-10-17 13:16:38+00:00,33.73857690562482,-84.42335998627841,1118729521,91003,23.0,23.0,23.0,23.0,19.5,20.5,19.5,20.5,74.0,74.0,67.0,67.0,19.61111111111111,66.8,19.491555555555557,15.666666666666666,2.1
2025-10-17 13:16:39+00:00,33.738565622104964,-84.42336,1118729521,91003,23.0,23.0,23.0,23.0,19.5,20.5,19.5,20.5,74.0,74.0,67.0,67.0,19.61111111111111,66.8,19.491555555555557,15.666666666666666,2.1
2025-10-17 13:16:40+00:00,33.73855315891421,-84.42336,1118729521,91004,23.0,23.0,23.0,23.0,19.5,20.5,19.5,20.5,74.0,74.0,67.0,67.0,19.61111111111111,66.8,19.491555555555557,15.666666666666666,2.1
2025-10-17 13:16:41+00:00,33.73854148851803,-84.42336,1118729521,91004,23.0,23.0,23.0,23.0,19.5,20.5,19.5,20.5,74.0,74.0,67.0,67.0,19.555555555555557,66.6,19.43061111111111,15.61111111111111,2.3
2025-10-17 13:16:42+00:00,33.73852942706607,-84.42336,1118729521,91004,23.0,23.0,23.0,23.0,19.5,20.5,19.5,20.5,74.0,74.0,67.0,67.0,19.555555555555557,66.6,19.43061111111111,15.61111111111111,2.3
2025-10-17 13:16:43+00:00,33.73851769384508,-84.42336,1118729521,91004,23.0,23.0,23.0,23.0,19.5,20.5,19.5,20.5,74.0,74.0,67.0,67.0,19.555555555555557,66.6,19.43061111111111,15.61111111111111,2.3
2025-10-17 13:16:44+00:00,33.738505525754725,-84.42336,1118729521,91004,23.0,23.0,23.0,23.0,19.5,20.5,19.5,20.5,74.0,74.0,67.0,67.0,19.555555555555557,66.6,19.43061111111111,15.61111111111111,2.3
2025-10-17 13:16:45+00:00,33.73849372592076,-84.42336,1118729521,91004,23.0,23.0,23.0,23.0,19.5,20.5,19.5,20.5,74.0,74.0,67.0,67.0,19.555555555555557,66.6,19.43061111111111,15.61111111111111,2.3
2025-10-17 13:16:46+00:00,33.738484139228675,-84.42336,1118729521,91004,23.0,23.0,23.0,23.0,19.5,20.5,19.5,20.5,74.0,74.0,67.0,67.0,19.444444444444443,66.3,19.310027777777776,15.38888888888889,2.9
2025-10-17 13:16:48+00:00,33.73847014555635,-84.42336,1118729521,91004,23.0,23.0,23.0,23.0,19.5,20.5,19.5,20.5,74.0,74.0,67.0,67.0,19.444444444444443,66.3,19.310027777777776,15.38888888888889,2.9
2025-10-17 13:16:49+00:00,33.73846451872517,-84.42336,1118729521,91004,23.0,23.0,23.0,23.0,19.5,20.5,19.5,20.5,74.0,74.0,67.0,67.0,19.444444444444443,66.3,19.310027777777776,15.38888888888889,2.9
2025-10-17 13:16:50+00:00,33.738460383762835,-84.42336,1118729521,91004,23.0,23.0,23.0,23.0,19.5,20.5,19.5,20.5,74.0,74.0,67.0,67.0,19.444444444444443,66.3,19.310027777777776,15.38888888888889,2.9
2025-10-17 13:16:51+00:00,33.738454718970836,-84.42336014256432,1118729521,91004,23.0,23.0,23.0,23.0,19.5,20.5,19.5,20.5,74.0,74.0,67.0,67.0,19.388888888888893,66.1,19.249083333333335,15.277777777777779,2.0
2025-10-17 13:16:52+00:00,33.738454822742575,-84.42336013607859,1118729521,91004,23.0,23.0,23.0,23.0,19.5,20.5,19.5,20.5,74.0,74.0,67.0,67.0,19.388888888888893,66.1,19.249083333333335,15.277777777777779,2.0
2025-10-17 13:16:53+00:00,33.73845599019805,-84.42336006311263,1118729521,91004,18.0,18.5,18.0,18.5,20.0,21.0,20.0,21.0,64.0,64.0,68.0,68.0,19.388888888888893,66.1,19.249083333333335,15.277777777777779,2.0
2025-10-17 13:16:54+00:00,33.73845732698461,-84.42336,1118729521,91004,18.0,18.5,18.0,18.5,20.0,21.0,20.0,21.0,64.0,64.0,68.0,68.0,19.388888888888893,66.1,19.249083333333335,15.277777777777779,2.0
2025-10-17 13:16:55+00:00,33.73845846632512,-84.42336,1118729521,91004,18.0,18.5,18.0,18.5,20.0,21.0,20.0,21.0,64.0,64.0,68.0,68.0,19.388888888888893,66.1,19.249083333333335,15.277777777777779,2.0
2025-10-17 13:16:56+00:00,33.738458998386,-84.42336,1118729521,91004,18.0,18.5,18.0,18.5,20.0,21.0,20.0,21.0,64.0,64.0,68.0,68.0,19.388888888888893,66.2,19.25038888888889,15.277777777777779,0.8
2025-10-17 13:16:57+00:00,33.73845802409851,-84.42336,1118729521,91004,18.0,18.5,18.0,18.5,20.0,21.0,20.0,21.0,64.0,64.0,68.0,68.0,19.388888888888893,66.2,19.25038888888889,15.277777777777779,0.8
2025-10-17 13:16:58+00:00,33.738457,-84.42336,1118729521,91004,18.0,18.5,18.0,18.5,20.0,21.0,20.0,21.0,64.0,64.0,68.0,68.0,19.388888888888893,66.2,19.25038888888889,15.277777777777779,0.8
2025-10-17 13:16:59+00:00,33.738526,-84.423266,561725284,42046,18.0,18.5,18.0,18.5,20.0,21.0,20.0,21.0,64.0,64.0,68.0,68.0,19.388888888888893,66.2,19.25038888888889,15.277777777777779,0.8
2025-10-17 13:17:00+00:00,33.738526,-84.42326286255908,561725284,42046,18.0,18.5,18.0,18.5,20.0,21.0,20.0,21.0,64.0,64.0,68.0,68.0,19.388888888888893,66.2,19.25038888888889,15.277777777777779,0.8
2025-10-17 13:17:01+00:00,33.738526,-84.42324397321302,561725284,42046,18.0,18.5,18.0,18.5,20.0,21.0,20.0,21.0,64.0,64.0,68.0,68.0,19.333333333333332,66.4,19.194666666666663,15.38888888888889,1.9
2025-10-17 13:17:02+00:00,33.738526,-84.42322174343923,561725284,42046,18.0,18.5,18.0,18.5,20.0,21.0,20.0,21.0,64.0,64.0,68.0,68.0,19.333333333333332,66.4,19.194666666666663,15.38888888888889,1.9
2025-10-17 13:17:03+00:00,33.738449,-84.423136,561725280,42043,18.0,18.5,18.0,18.5,20.0,21.0,20.0,21.0,64.0,64.0,68.0,68.0,19.333333333333332,66.4,19.194666666666663,15.38888888888889,1.9
2025-10-17 13:17:04+00:00,33.738445338238776,-84.42313569485323,561725280,42043,18.0,18.5,18.0,18.5,20.0,21.0,20.0,21.0,64.0,64.0,68.0,68.0,19.333333333333332,66.4,19.194666666666663,15.38888888888889,1.9
2025-10-17 13:17:05+00:00,33.73844151723493,-84.42313537643625,561725280,42043,18.0,18.5,18.0,18.5,20.0,21.0,20.0,21.0,64.0,64.0,68.0,68.0,19.333333333333332,66.4,19.194666666666663,15.38888888888889,1.9
2025-10-17 13:17:06+00:00,33.73843994738699,-84.42313524561558,561725280,42043,18.0,18.5,18.0,18.5,20.0,21.0,20.0,21.0,64.0,64.0,68.0,68.0,19.333333333333332,66.7,19.19858333333333,15.38888888888889,1.6
2025-10-17 13:17:07+00:00,33.73843685093659,-84.42313499198583,561725280,42043,18.0,18.5,18.0,18.5,20.0,21.0,20.0,21.0,64.0,64.0,68.0,68.0,19.333333333333332,66.7,19.19858333333333,15.38888888888889,1.6
2025-10-17 13:17:08+00:00,33.7384318061834,-84.42313472076255,561725280,42043,19.0,19.0,19.0,19.0,21.5,23.0,21.5,23.0,66.0,66.0,71.0,71.0,19.333333333333332,66.7,19.19858333333333,15.38888888888889,1.6
2025-10-17 13:17:09+00:00,33.73842613314507,-84.42313441576049,561725280,42043,19.0,19.0,19.0,19.0,21.5,23.0,21.5,23.0,66.0,66.0,71.0,71.0,19.333333333333332,66.7,19.19858333333333,15.38888888888889,1.6
2025-10-17 13:17:10+00:00,33.738420378825786,-84.42313410638849,561725280,42043,19.0,19.0,19.0,19.0,21.5,23.0,21.5,23.0,66.0,66.0,71.0,71.0,19.333333333333332,66.7,19.19858333333333,15.38888888888889,1.6
2025-10-17 13:17:11+00:00,33.73841552239946,-84.4231338452903,561725280,42043,19.0,19.0,19.0,19.0,21.5,23.0,21.5,23.0,66.0,66.0,71.0,71.0,19.333333333333332,66.7,19.19858333333333,15.38888888888889,1.0
2025-10-17 13:17:12+00:00,33.73833272131764,-84.42305180113564,1307448046,97353,19.0,19.0,19.0,19.0,21.5,23.0,21.5,23.0,66.0,66.0,71.0,71.0,19.333333333333332,66.7,19.19858333333333,15.38888888888889,1.0
2025-10-17 13:17:13+00:00,33.738330305293566,-84.42303505003537,1307448046,97353,19.0,19.0,19.0,19.0,21.5,23.0,21.5,23.0,66.0,66.0,71.0,71.0,19.333333333333332,66.7,19.19858333333333,15.38888888888889,1.0
2025-10-17 13:17:14+00:00,33.738328067752825,-84.42301467752823,1307448046,97353,19.0,19.0,19.0,19.0,21.5,23.0,21.5,23.0,66.0,66.0,71.0,71.0,19.333333333333332,66.7,19.19858333333333,15.38888888888889,1.0
2025-10-17 13:17:15+00:00,33.73832624523019,-84.42300171661131,1307448046,97353,19.0,19.0,19.0,19.0,21.5,23.0,21.5,23.0,66.0,66.0,71.0,71.0,19.333333333333332,66.7,19.19858333333333,15.38888888888889,1.0
2025-10-17 13:17:16+00:00,33.738324040409765,-84.42298530307326,1307448046,97353,19.0,19.0,19.0,19.0,21.5,23.0,21.5,23.0,66.0,66.0,71.0,71.0,19.388888888888893,67.1,19.26213888888889,15.5,1.3
2025-10-17 13:17:17+00:00,33.73832208235242,-84.42297109705503,1307448046,97353,19.0,19.0,19.0,19.0,21.5,23.0,21.5,23.0,66.0,66.0,71.0,71.0,19.388888888888893,67.1,19.26213888888889,15.5,1.3
2025-10-17 13:17:18+00:00,33.73832013062164,-84.42295694700684,1307448046,97353,19.0,19.0,19.0,19.0,21.5,23.0,21.5,23.0,66.0,66.0,71.0,71.0,19.388888888888893,67.1,19.26213888888889,15.5,1.3
2025-10-17 13:17:19+00:00,33.73831872402156,-84.42294662010781,1307448046,97354,19.0,19.0,19.0,19.0,21.5,23.0,21.5,23.0,66.0,66.0,71.0,71.0,19.388888888888893,67.1,19.26213888888889,15.5,1.3
2025-10-17 13:17:20+00:00,33.73831541165754,-84.42292489617468,1307448046,97354,19.0,19.0,19.0,19.0,21.5,23.0,21.5,23.0,66.0,66.0,71.0,71.0,19.388888888888893,67.1,19.26213888888889,15.5,1.3
2025-10-17 13:17:21+00:00,33.738313425498276,-84.42290851036077,1307448046,97354,19.0,19.0,19.0,19.0,21.5,23.0,21.5,23.0,66.0,66.0,71.0,71.0,19.444444444444443,67.3,19.32308333333333,15.5,1.7
2025-10-17 13:17:22+00:00,33.73831141801816,-84.42289392612712,1307448046,97354,19.0,19.0,19.0,19.0,21.5,23.0,21.5,23.0,66.0,66.0,71.0,71.0,19.444444444444443,67.3,19.32308333333333,15.5,1.7
2025-10-17 13:17:23+00:00,33.738309069240735,-84.42287748468513,1307448046,97354,20.0,20.0,20.0,20.0,23.0,27.0,23.0,27.0,68.0,68.0,74.0,74.0,19.444444444444443,67.3,19.32308333333333,15.5,1.7
2025-10-17 13:17:24+00:00,33.73830680841626,-84.42286165891382,1307448046,97354,20.0,20.0,20.0,20.0,23.0,27.0,23.0,27.0,68.0,68.0,74.0,74.0,19.444444444444443,67.3,19.32308333333333,15.5,1.7
2025-10-17 13:17:25+00:00,33.73830465740306,-84.42284660182145,1307448046,97354,20.0,20.0,20.0,20.0,23.0,27.0,23.0,27.0,68.0,68.0,74.0,74.0,19.444444444444443,67.3,19.32308333333333,15.5,1.7
2025-10-17 13:17:26+00:00,33.73830248530261,-84.42283096820375,1307448046,97355,20.0,20.0,20.0,20.0,23.0,27.0,23.0,27.0,68.0,68.0,74.0,74.0,19.499999999999996,67.6,19.385333333333328,15.61111111111111,2.0
2025-10-17 13:17:27+00:00,33.7383004250037,-84.42281482919566,1307448046,97355,20.0,20.0,20.0,20.0,23.0,27.0,23.0,27.0,68.0,68.0,74.0,74.0,19.499999999999996,67.6,19.385333333333328,15.61111111111111,2.0
2025-10-17 13:17:28+00:00,33.73829852869339,-84.42279997476487,1307448046,97355,20.0,20.0,20.0,20.0,23.0,27.0,23.0,27.0,68.0,68.0,74.0,74.0,19.499999999999996,67.6,19.385333333333328,15.61111111111111,2.0
2025-10-17 13:17:29+00:00,33.738296664564686,-84.42278531651748,1307448046,97355,20.0,20.0,20.0,20.0,23.0,27.0,23.0,27.0,68.0,68.0,74.0,74.0,19.499999999999996,67.6,19.385333333333328,15.61111111111111,2.0
2025-10-17 13:17:30+00:00,33.73829383675314,-84.42276704103757,1307448046,97356,20.0,20.0,20.0,20.0,23.0,27.0,23.0,27.0,68.0,68.0,74.0,74.0,19.499999999999996,67.6,19.385333333333328,15.61111111111111,2.0
2025-10-17 13:17:31+00:00,33.738292634861374,-84.42275225319787,1307448046,97356,20.0,20.0,20.0,20.0,23.0,27.0,23.0,27.0,68.0,68.0,74.0,74.0,19.555555555555557,67.6,19.443666666666672,15.666666666666666,1.1
2025-10-17 13:17:32+00:00,33.73829136098457,-84.42273824886108,1307448046,97356,20.0,20.0,20.0,20.0,23.0,27.0,23.0,27.0,68.0,68.0,74.0,74.0,19.555555555555557,67.6,19.443666666666672,15.666666666666666,1.1
2025-10-17 13:17:33+00:00,33.73828935997248,-84.4227202397523,1307448046,97356,20.0,20.0,20.0,20.0,23.0,27.0,23.0,27.0,68.0,68.0,74.0,74.0,19.555555555555557,67.6,19.443666666666672,15.666666666666666,1.1
2025-10-17 13:17:34+00:00,33.738287687911196,-84.42270565933397,1307448046,97356,20.0,20.0,20.0,20.0,23.0,27.0,23.0,27.0,68.0,68.0,74.0,74.0,19.555555555555557,67.6,19.443666666666672,15.666666666666666,1.1
2025-10-17 13:17:35+00:00,33.738285271535176,-84.42268389418966,1307448046,97356,20.0,20.0,20.0,20.0,23.0,27.0,23.0,27.0,68.0,68.0,74.0,74.0,19.555555555555557,67.6,19.443666666666672,15.666666666666666,1.1
2025-10-17 13:17:36+00:00,33.73828401944918,-84.42266824311476,1307448046,97356,20.0,20.0,20.0,20.0,23.0,27.0,23.0,27.0,68.0,68.0,74.0,74.0,19.444444444444443,67.7,19.32830555555556,15.666666666666666,1.2
2025-10-17 13:17:37+00:00,33.738283,-84.422658,1307448046,97356,20.0,20.0,20.0,20.0,23.0,27.0,23.0,27.0,68.0,68.0,74.0,74.0,19.444444444444443,67.7,19.32830555555556,15.666666666666666,1.2
2025-10-17 13:17:38+00:00,33.73828044431446,-84.42264379081367,1307448046,97357,19.0,19.0,19.0,19.0,24.0,26.5,24.0,26.5,66.0,66.0,77.0,77.0,19.444444444444443,67.7,19.32830555555556,15.666666666666666,1.2
2025-10-17 13:17:39+00:00,33.7382779733468,-84.42262757508834,1307448046,97357,19.0,19.0,19.0,19.0,24.0,26.5,24.0,26.5,66.0,66.0,77.0,77.0,19.444444444444443,67.7,19.32830555555556,15.666666666666666,1.2
2025-10-17 13:17:40+00:00,33.738275511349514,-84.42261141823117,1307448046,97357,19.0,19.0,19.0,19.0,24.0,26.5,24.0,26.5,66.0,66.0,77.0,77.0,19.444444444444443,67.7,19.32830555555556,15.666666666666666,1.2
2025-10-17 13:17:41+00:00,33.73827305586135,-84.42259530409011,1307448046,97357,19.0,19.0,19.0,19.0,24.0,26.5,24.0,26.5,66.0,66.0,77.0,77.0,19.444444444444443,67.8,19.32961111111111,15.61111111111111,1.1
2025-10-17 13:17:42+00:00,33.73827068048453,-84.42257971567972,1307448046,97357,19.0,19.0,19.0,19.0,24.0,26.5,24.0,26.5,66.0,66.0,77.0,77.0,19.444444444444443,67.8,19.32961111111111,15.61111111111111,1.1
2025-10-17 13:17:43+00:00,33.73826836315461,-84.42256450820213,1307448046,97357,19.0,19.0,19.0,19.0,24.0,26.5,24.0,26.5,66.0,66.0,77.0,77.0,19.444444444444443,67.8,19.32961111111111,15.61111111111111,1.1
2025-10-17 13:17:44+00:00,33.73826568535223,-84.42254585352232,1307448046,97357,19.0,19.0,19.0,19.0,24.0,26.5,24.0,26.5,66.0,66.0,77.0,77.0,19.444444444444443,67.8,19.32961111111111,15.61111111111111,1.1
2025-10-17 13:17:45+00:00,33.73826490266901,-84.42253836734855,1307448046,97357,19.0,19.0,19.0,19.0,24.0,26.5,24.0,26.5,66.0,66.0,77.0,77.0,19.444444444444443,67.8,19.32961111111111,15.61111111111111,1.1
2025-10-17 13:17:46+00:00,33.738263,-84.422522,1307448046,97357,19.0,19.0,19.0,19.0,24.0,26.5,24.0,26.5,66.0,66.0,77.0,77.0,19.27777777777778,67.8,19.154611111111112,15.5,2.1
2025-10-17 13:17:47+00:00,33.738262304170334,-84.4225182425198,1307448046,97357,19.0,19.0,19.0,19.0,24.0,26.5,24.0,26.5,66.0,66.0,77.0,77.0,19.27777777777778,67.8,19.154611111111112,15.5,2.1
2025-10-17 13:17:48+00:00,33.738260201852114,-84.42250689000139,1307448046,97357,19.0,19.0,19.0,19.0,24.0,26.5,24.0,26.5,66.0,66.0,77.0,77.0,19.27777777777778,67.8,19.154611111111112,15.5,2.1
2025-10-17 13:17:50+00:00,33.738256656261456,-84.42248505633475,1307448046,97357,19.0,19.0,19.0,19.0,24.0,26.5,24.0,26.5,66.0,66.0,77.0,77.0,19.27777777777778,67.8,19.154611111111112,15.5,2.1
2025-10-17 13:17:52+00:00,33.73825387280131,-84.42246445872968,1307448046,97357,19.0,19.0,19.0,19.0,24.0,26.5,24.0,26.5,66.0,66.0,77.0,77.0,19.27777777777778,67.8,19.154611111111112,15.5,2.5
2025-10-17 13:17:53+00:00,33.738252,-84.422449,1307448046,97357,21.0,21.0,21.0,21.0,23.5,25.5,23.5,25.5,70.0,70.0,75.5,75.5,19.27777777777778,67.8,19.154611111111112,15.5,2.5
2025-10-17 13:17:54+00:00,33.73825003092437,-84.4224371855462,1307448046,97357,21.0,21.0,21.0,21.0,23.5,25.5,23.5,25.5,70.0,70.0,75.5,75.5,19.27777777777778,67.8,19.154611111111112,15.5,2.5
2025-10-17 13:17:55+00:00,33.738248,-84.422424,1307448046,97357,21.0,21.0,21.0,21.0,23.5,25.5,23.5,25.5,70.0,70.0,75.5,75.5,19.27777777777778,67.8,19.154611111111112,15.5,2.5
2025-10-17 13:17:56+00:00,33.73824480833485,-84.42240465834392,1307448046,97357,21.0,21.0,21.0,21.0,23.5,25.5,23.5,25.5,70.0,70.0,75.5,75.5,19.388888888888893,67.6,19.268666666666675,15.5,1.6
2025-10-17 13:17:57+00:00,33.73824256696975,-84.42238896878825,1307448046,97357,21.0,21.0,21.0,21.0,23.5,25.5,23.5,25.5,70.0,70.0,75.5,75.5,19.388888888888893,67.6,19.268666666666675,15.5,1.6
2025-10-17 13:17:58+00:00,33.73824022566904,-84.42237257968326,1307448046,97357,21.0,21.0,21.0,21.0,23.5,25.5,23.5,25.5,70.0,70.0,75.5,75.5,19.388888888888893,67.6,19.268666666666675,15.5,1.6
2025-10-17 13:17:59+00:00,33.738237821885214,-84.4223557531965,1307448046,97357,21.0,21.0,21.0,21.0,23.5,25.5,23.5,25.5,70.0,70.0,75.5,75.5,19.388888888888893,67.6,19.268666666666675,15.5,1.6
2025-10-17 13:18:00+00:00,33.73823542992452,-84.42233900947167,1307448046,97357,21.0,21.0,21.0,21.0,23.5,25.5,23.5,25.5,70.0,70.0,75.5,75.5,19.388888888888893,67.6,19.268666666666675,15.5,1.6
2025-10-17 13:18:01+00:00,33.738233006496614,-84.42232072080515,1307448046,97358,21.0,21.0,21.0,21.0,23.5,25.5,23.5,25.5,70.0,70.0,75.5,75.5,19.388888888888893,67.5,19.267361111111114,15.5,1.5
2025-10-17 13:18:02+00:00,33.738231060696386,-84.42230450580321,1307448046,97358,21.0,21.0,21.0,21.0,23.5,25.5,23.5,25.5,70.0,70.0,75.5,75.5,19.388888888888893,67.5,19.267361111111114,15.5,1.5
2025-10-17 13:18:03+00:00,33.738229,-84.422288,1307448046,97358,21.0,21.0,21.0,21.0,23.5,25.5,23.5,25.5,70.0,70.0,75.5,75.5,19.388888888888893,67.5,19.267361111111114,15.5,1.5
2025-10-17 13:18:04+00:00,33.73822715340391,-84.42227230393321,1307448046,97358,21.0,21.0,21.0,21.0,23.5,25.5,23.5,25.5,70.0,70.0,75.5,75.5,19.388888888888893,67.5,19.267361111111114,15.5,1.5
2025-10-17 13:18:05+00:00,33.73822489548477,-84.42225618478123,1307448046,97358,21.0,21.0,21.0,21.0,23.5,25.5,23.5,25.5,70.0,70.0,75.5,75.5,19.388888888888893,67.5,19.267361111111114,15.5,1.5
2025-10-17 13:18:06+00:00,33.73822279434289,-84.42223979587455,1307448046,97358,21.0,21.0,21.0,21.0,23.5,25.5,23.5,25.5,70.0,70.0,75.5,75.5,19.27777777777778,67.5,19.150694444444444,15.38888888888889,1.1
2025-10-17 13:18:07+00:00,33.738220658542545,-84.42222313663187,1307448046,97358,21.0,21.0,21.0,21.0,23.5,25.5,23.5,25.5,70.0,70.0,75.5,75.5,19.27777777777778,67.5,19.150694444444444,15.38888888888889,1.1
2025-10-17 13:18:08+00:00,33.738218563331905,-84.42220621554318,1307448046,97358,22.0,22.0,22.0,22.0,23.0,24.0,23.0,24.0,72.0,72.0,74.0,74.0,19.27777777777778,67.5,19.150694444444444,15.38888888888889,1.1
2025-10-17 13:18:09+00:00,33.73821687217061,-84.42219155881199,1307448046,97358,22.0,22.0,22.0,22.0,23.0,24.0,23.0,24.0,72.0,72.0,74.0,74.0,19.27777777777778,67.5,19.150694444444444,15.38888888888889,1.1
2025-10-17 13:18:10+00:00,33.738216,-84.422179,1307448046,97358,22.0,22.0,22.0,22.0,23.0,24.0,23.0,24.0,72.0,72.0,74.0,74.0,19.27777777777778,67.5,19.150694444444444,15.38888888888889,1.1
2025-10-17 13:18:11+00:00,33.738213616198486,-84.42216229091031,1307448046,97359,22.0,22.0,22.0,22.0,23.0,24.0,23.0,24.0,72.0,72.0,74.0,74.0,19.222222222222218,67.6,19.09366666666666,15.38888888888889,1.5
2025-10-17 13:18:12+00:00,33.73821186495985,-84.4221474727372,1307448046,97359,22.0,22.0,22.0,22.0,23.0,24.0,23.0,24.0,72.0,72.0,74.0,74.0,19.222222222222218,67.6,19.09366666666666,15.38888888888889,1.5
2025-10-17 13:18:13+00:00,33.73821011032831,-84.42213262585494,1307448046,97359,22.0,22.0,22.0,22.0,23.0,24.0,23.0,24.0,72.0,72.0,74.0,74.0,19.222222222222218,67.6,19.09366666666666,15.38888888888889,1.5
2025-10-17 13:18:14+00:00,33.73820844488936,-84.42211853367922,1307448046,97359,22.0,22.0,22.0,22.0,23.0,24.0,23.0,24.0,72.0,72.0,74.0,74.0,19.222222222222218,67.6,19.09366666666666,15.38888888888889,1.5
2025-10-17 13:18:15+00:00,33.738206875491976,-84.42210525416287,1307448046,97359,22.0,22.0,22.0,22.0,23.0,24.0,23.0,24.0,72.0,72.0,74.0,74.0,19.222222222222218,67.6,19.09366666666666,15.38888888888889,1.5
2025-10-17 13:18:16+00:00,33.73820536139965,-84.42209244261242,1307448046,97359,22.0,22.0,22.0,22.0,23.0,24.0,23.0,24.0,72.0,72.0,74.0,74.0,19.222222222222218,67.8,19.09627777777778,15.38888888888889,1.7
2025-10-17 13:18:17+00:00,33.73820384029606,-84.42207957173588,1307448046,97359,22.0,22.0,22.0,22.0,23.0,24.0,23.0,24.0,72.0,72.0,74.0,74.0,19.222222222222218,67.8,19.09627777777778,15.38888888888889,1.7
2025-10-17 13:18:18+00:00,33.738202234416306,-84.42206598352261,1307448046,97359,22.0,22.0,22.0,22.0,23.0,24.0,23.0,24.0,72.0,72.0,74.0,74.0,19.222222222222218,67.8,19.09627777777778,15.38888888888889,1.7
2025-10-17 13:18:19+00:00,33.73820049091883,-84.42205192735064,1307448046,97359,22.0,22.0,22.0,22.0,23.0,24.0,23.0,24.0,72.0,72.0,74.0,74.0,19.222222222222218,67.8,19.09627777777778,15.38888888888889,1.7
2025-10-17 13:18:20+00:00,33.738199,-84.42204,1307448046,97359,22.0,22.0,22.0,22.0,23.0,24.0,23.0,24.0,72.0,72.0,74.0,74.0,19.222222222222218,67.8,19.09627777777778,15.38888888888889,1.7
2025-10-17 13:18:21+00:00,33.73819631924122,-84.42202211418271,1307448046,97359,22.0,22.0,22.0,22.0,23.0,24.0,23.0,24.0,72.0,72.0,74.0,74.0,19.166666666666668,68.0,19.040555555555553,15.38888888888889,1.5
2025-10-17 13:18:22+00:00,33.73819422328448,-84.42200449175002,1307448046,97360,22.0,22.0,22.0,22.0,23.0,24.0,23.0,24.0,72.0,72.0,74.0,74.0,19.166666666666668,68.0,19.040555555555553,15.38888888888889,1.5
2025-10-17 13:18:23+00:00,33.73819267643973,-84.42198953891739,1307448046,97360,21.0,22.0,21.0,22.0,23.0,23.0,23.0,23.0,70.0,70.0,74.0,74.0,19.166666666666668,68.0,19.040555555555553,15.38888888888889,1.5
2025-10-17 13:18:24+00:00,33.73819153910417,-84.42198038825697,1307448046,97360,21.0,22.0,21.0,22.0,23.0,23.0,23.0,23.0,70.0,70.0,74.0,74.0,19.166666666666668,68.0,19.040555555555553,15.38888888888889,1.5
2025-10-17 13:18:25+00:00,33.738189,-84.421958,1307448046,97360,21.0,22.0,21.0,22.0,23.0,23.0,23.0,23.0,70.0,70.0,74.0,74.0,19.166666666666668,68.0,19.040555555555553,15.38888888888889,1.5
2025-10-17 13:18:26+00:00,33.738187448133445,-84.42194868880068,1307448046,97361,21.0,22.0,21.0,22.0,23.0,23.0,23.0,23.0,70.0,70.0,74.0,74.0,19.27777777777778,68.4,19.162444444444446,15.5,1.2
2025-10-17 13:18:27+00:00,33.73818542361483,-84.42192927364161,1307448046,97361,21.0,22.0,21.0,22.0,23.0,23.0,23.0,23.0,70.0,70.0,74.0,74.0,19.27777777777778,68.4,19.162444444444446,15.5,1.2
2025-10-17 13:18:28+00:00,33.73818351295078,-84.42191360619645,1307448046,97361,21.0,22.0,21.0,22.0,23.0,23.0,23.0,23.0,70.0,70.0,74.0,74.0,19.27777777777778,68.4,19.162444444444446,15.5,1.2
2025-10-17 13:18:29+00:00,33.738181725072806,-84.42189894559704,1307448046,97361,21.0,22.0,21.0,22.0,23.0,23.0,23.0,23.0,70.0,70.0,74.0,74.0,19.27777777777778,68.4,19.162444444444446,15.5,1.2
2025-10-17 13:18:30+00:00,33.738180005027694,-84.42188492966908,1307448046,97362,21.0,22.0,21.0,22.0,23.0,23.0,23.0,23.0,70.0,70.0,74.0,74.0,19.27777777777778,68.4,19.162444444444446,15.5,1.2
2025-10-17 13:18:31+00:00,33.7381782246655,-84.42187048895353,1307448046,97362,21.0,22.0,21.0,22.0,23.0,23.0,23.0,23.0,70.0,70.0,74.0,74.0,19.27777777777778,68.7,19.166361111111108,15.61111111111111,1.4
2025-10-17 13:18:32+00:00,33.73817640428452,-84.42185572364116,1307448046,97362,21.0,22.0,21.0,22.0,23.0,23.0,23.0,23.0,70.0,70.0,74.0,74.0,19.27777777777778,68.7,19.166361111111108,15.61111111111111,1.4
2025-10-17 13:18:33+00:00,33.73817464634247,-84.42184146477783,1307448046,97362,21.0,22.0,21.0,22.0,23.0,23.0,23.0,23.0,70.0,70.0,74.0,74.0,19.27777777777778,68.7,19.166361111111108,15.61111111111111,1.4
2025-10-17 13:18:34+00:00,33.738172789423636,-84.42182640310287,1307448046,97362,21.0,22.0,21.0,22.0,23.0,23.0,23.0,23.0,70.0,70.0,74.0,74.0,19.27777777777778,68.7,19.166361111111108,15.61111111111111,1.4
2025-10-17 13:18:35+00:00,33.73817082893756,-84.42181121703173,1307448046,97362,21.0,22.0,21.0,22.0,23.0,23.0,23.0,23.0,70.0,70.0,74.0,74.0,19.27777777777778,68.7,19.166361111111108,15.61111111111111,1.4
2025-10-17 13:18:36+00:00,33.73816843796902,-84.42179312906487,1307448046,97362,21.0,22.0,21.0,22.0,23.0,23.0,23.0,23.0,70.0,70.0,74.0,74.0,19.27777777777778,68.9,19.168972222222227,15.61111111111111,2.2
2025-10-17 13:18:37+00:00,33.73816663259518,-84.42177748249159,1307448046,97362,21.0,22.0,21.0,22.0,23.0,23.0,23.0,23.0,70.0,70.0,74.0,74.0,19.27777777777778,68.9,19.168972222222227,15.61111111111111,2.2
2025-10-17 13:18:38+00:00,33.738164971137465,-84.42176351188411,1307448046,97362,22.0,22.0,22.0,22.0,22.0,22.0,22.0,22.0,72.0,72.0,72.0,72.0,19.27777777777778,68.9,19.168972222222227,15.61111111111111,2.2
2025-10-17 13:18:39+00:00,33.7381632678238,-84.42174945954638,1307448046,97362,22.0,22.0,22.0,22.0,22.0,22.0,22.0,22.0,72.0,72.0,72.0,72.0,19.27777777777778,68.9,19.168972222222227,15.61111111111111,2.2
2025-10-17 13:18:40+00:00,33.73816148019338,-84.42173458164366,1307448046,97362,22.0,22.0,22.0,22.0,22.0,22.0,22.0,22.0,72.0,72.0,72.0,72.0,19.27777777777778,68.9,19.168972222222227,15.61111111111111,2.2
2025-10-17 13:18:41+00:00,33.73816022469247,-84.421723909886,1307448046,97362,22.0,22.0,22.0,22.0,22.0,22.0,22.0,22.0,72.0,72.0,72.0,72.0,19.444444444444443,68.8,19.342666666666666,15.777777777777779,1.2
2025-10-17 13:18:42+00:00,33.738158792088086,-84.4217123367047,1307448046,97362,22.0,22.0,22.0,22.0,22.0,22.0,22.0,22.0,72.0,72.0,72.0,72.0,19.444444444444443,68.8,19.342666666666666,15.777777777777779,1.2
2025-10-17 13:18:44+00:00,33.738157,-84.421698,1307448046,97362,22.0,22.0,22.0,22.0,22.0,22.0,22.0,22.0,72.0,72.0,72.0,72.0,19.444444444444443,68.8,19.342666666666666,15.777777777777779,1.2
2025-10-17 13:18:46+00:00,33.73815304342513,-84.42166996766612,1307448046,97362,22.0,22.0,22.0,22.0,22.0,22.0,22.0,22.0,72.0,72.0,72.0,72.0,19.444444444444443,68.6,19.340055555555555,15.666666666666666,2.1
2025-10-17 13:18:47+00:00,33.7381516333081,-84.42165802867527,1307448046,97362,22.0,22.0,22.0,22.0,22.0,22.0,22.0,22.0,72.0,72.0,72.0,72.0,19.444444444444443,68.6,19.340055555555555,15.666666666666666,2.1
2025-10-17 13:18:48+00:00,33.73815019907212,-84.42164588547736,1307448046,97362,22.0,22.0,22.0,22.0,22.0,22.0,22.0,22.0,72.0,72.0,72.0,72.0,19.444444444444443,68.6,19.340055555555555,15.666666666666666,2.1
2025-10-17 13:18:49+00:00,33.73814862652051,-84.42163257120703,1307448046,97362,22.0,22.0,22.0,22.0,22.0,22.0,22.0,22.0,72.0,72.0,72.0,72.0,19.444444444444443,68.6,19.340055555555555,15.666666666666666,2.1
2025-10-17 13:18:50+00:00,33.73814706413799,-84.42161934303502,1307448046,97362,22.0,22.0,22.0,22.0,22.0,22.0,22.0,22.0,72.0,72.0,72.0,72.0,19.444444444444443,68.6,19.340055555555555,15.666666666666666,2.1
2025-10-17 13:18:51+00:00,33.73814547769367,-84.42160591113976,1307448046,97362,22.0,22.0,22.0,22.0,22.0,22.0,22.0,22.0,72.0,72.0,72.0,72.0,19.499999999999996,68.4,19.395777777777774,15.666666666666666,0.0
2025-10-17 13:18:52+00:00,33.738143696993504,-84.42159083454499,1307448046,97362,22.0,22.0,22.0,22.0,22.0,22.0,22.0,22.0,72.0,72.0,72.0,72.0,19.499999999999996,68.4,19.395777777777774,15.666666666666666,0.0
2025-10-17 13:18:53+00:00,33.73814170763534,-84.4215739913126,1307448046,97362,21.0,22.0,21.0,22.0,23.0,24.0,23.0,24.0,70.0,70.0,74.0,74.0,19.499999999999996,68.4,19.395777777777774,15.666666666666666,0.0
2025-10-17 13:18:54+00:00,33.73814,-84.421558,1307448046,97362,21.0,22.0,21.0,22.0,23.0,24.0,23.0,24.0,70.0,70.0,74.0,74.0,19.499999999999996,68.4,19.395777777777774,15.666666666666666,0.0
2025-10-17 13:18:55+00:00,33.73813704342005,-84.42153885821544,1307448046,97362,21.0,22.0,21.0,22.0,23.0,24.0,23.0,24.0,70.0,70.0,74.0,74.0,19.499999999999996,68.4,19.395777777777774,15.666666666666666,0.0
2025-10-17 13:18:56+00:00,33.73813477008715,-84.42151970087147,1307448046,97362,21.0,22.0,21.0,22.0,23.0,24.0,23.0,24.0,70.0,70.0,74.0,74.0,19.61111111111111,68.2,19.509833333333333,15.777777777777779,1.3
2025-10-17 13:18:57+00:00,33.738133,-84.421502,1307448046,97362,21.0,22.0,21.0,22.0,23.0,24.0,23.0,24.0,70.0,70.0,74.0,74.0,19.61111111111111,68.2,19.509833333333333,15.777777777777779,1.3
2025-10-17 13:18:58+00:00,33.738130744650455,-84.42148395720365,1307448046,97362,21.0,22.0,21.0,22.0,23.0,24.0,23.0,24.0,70.0,70.0,74.0,74.0,19.61111111111111,68.2,19.509833333333333,15.777777777777779,1.3
2025-10-17 13:18:59+00:00,33.73812829298671,-84.42146769740032,1307448046,97363,21.0,22.0,21.0,22.0,23.0,24.0,23.0,24.0,70.0,70.0,74.0,74.0,19.61111111111111,68.2,19.509833333333333,15.777777777777779,1.3
2025-10-17 13:19:00+00:00,33.738127,-84.421451,1307448046,97364,21.0,22.0,21.0,22.0,23.0,24.0,23.0,24.0,70.0,70.0,74.0,74.0,19.61111111111111,68.2,19.509833333333333,15.777777777777779,1.3
2025-10-17 13:19:01+00:00,33.73812379585157,-84.4214284851532,1307448046,97364,21.0,22.0,21.0,22.0,23.0,24.0,23.0,24.0,70.0,70.0,74.0,74.0,19.777777777777775,68.3,19.686138888888884,15.88888888888889,1.0
2025-10-17 13:19:02+00:00,33.73812120630144,-84.42140673293211,1307448046,97364,21.0,22.0,21.0,22.0,23.0,24.0,23.0,24.0,70.0,70.0,74.0,74.0,19.777777777777775,68.3,19.686138888888884,15.88888888888889,1.0
2025-10-17 13:19:03+00:00,33.73811871910627,-84.42138584049265,1307448046,97364,21.0,22.0,21.0,22.0,23.0,24.0,23.0,24.0,70.0,70.0,74.0,74.0,19.777777777777775,68.3,19.686138888888884,15.88888888888889,1.0
2025-10-17 13:19:04+00:00,33.738116479672,-84.4213670292448,1307448046,97364,21.0,22.0,21.0,22.0,23.0,24.0,23.0,24.0,70.0,70.0,74.0,74.0,19.777777777777775,68.3,19.686138888888884,15.88888888888889,1.0
2025-10-17 13:19:05+00:00,33.738114608413355,-84.42135131067215,1307448046,97364,21.0,22.0,21.0,22.0,23.0,24.0,23.0,24.0,70.0,70.0,74.0,74.0,19.777777777777775,68.3,19.686138888888884,15.88888888888889,1.0
2025-10-17 13:19:06+00:00,33.73811298475307,-84.42133767192581,1307448046,97364,21.0,22.0,21.0,22.0,23.0,24.0,23.0,24.0,70.0,70.0,74.0,74.0,19.833333333333332,68.3,19.744472222222228,16.0,1.8
2025-10-17 13:19:07+00:00,33.73811140186846,-84.42132437569504,1307448046,97364,21.0,22.0,21.0,22.0,23.0,24.0,23.0,24.0,70.0,70.0,74.0,74.0,19.833333333333332,68.3,19.744472222222228,16.0,1.8
2025-10-17 13:19:08+00:00,33.738109841585384,-84.42131289109771,1307448046,97364,21.0,23.0,21.0,23.0,23.0,25.0,23.0,25.0,70.0,70.0,74.0,74.0,19.833333333333332,68.3,19.744472222222228,16.0,1.8
2025-10-17 13:19:09+00:00,33.738108006579765,-84.42130004605838,1307448046,97364,21.0,23.0,21.0,23.0,23.0,25.0,23.0,25.0,70.0,70.0,74.0,74.0,19.833333333333332,68.3,19.744472222222228,16.0,1.8
2025-10-17 13:19:10+00:00,33.738106153625274,-84.42128707537694,1307448046,97364,21.0,23.0,21.0,23.0,23.0,25.0,23.0,25.0,70.0,70.0,74.0,74.0,19.833333333333332,68.3,19.744472222222228,16.0,1.8
2025-10-17 13:19:11+00:00,33.7381041672427,-84.421271921563,1307448046,97364,21.0,23.0,21.0,23.0,23.0,25.0,23.0,25.0,70.0,70.0,74.0,74.0,19.777777777777775,68.2,19.684833333333323,15.88888888888889,2.2
2025-10-17 13:19:12+00:00,33.73810249227522,-84.42125726123535,1307448046,97364,21.0,23.0,21.0,23.0,23.0,25.0,23.0,25.0,70.0,70.0,74.0,74.0,19.777777777777775,68.2,19.684833333333323,15.88888888888889,2.2
2025-10-17 13:19:13+00:00,33.738100865455216,-84.42124207758201,1307448046,97364,21.0,23.0,21.0,23.0,23.0,25.0,23.0,25.0,70.0,70.0,74.0,74.0,19.777777777777775,68.2,19.684833333333323,15.88888888888889,2.2
2025-10-17 13:19:14+00:00,33.73809923881594,-84.4212290523036,1307448046,97364,21.0,23.0,21.0,23.0,23.0,25.0,23.0,25.0,70.0,70.0,74.0,74.0,19.777777777777775,68.2,19.684833333333323,15.88888888888889,2.2
2025-10-17 13:19:15+00:00,33.738098,-84.421215,1307448046,97365,21.0,23.0,21.0,23.0,23.0,25.0,23.0,25.0,70.0,70.0,74.0,74.0,19.777777777777775,68.2,19.684833333333323,15.88888888888889,2.2
2025-10-17 13:19:16+00:00,33.73809528044981,-84.42119238750855,1307448046,97366,21.0,23.0,21.0,23.0,23.0,25.0,23.0,25.0,70.0,70.0,74.0,74.0,19.72222222222222,68.2,19.626499999999997,15.88888888888889,1.3
2025-10-17 13:19:17+00:00,33.73809302954956,-84.42117483048658,1307448046,97366,21.0,23.0,21.0,23.0,23.0,25.0,23.0,25.0,70.0,70.0,74.0,74.0,19.72222222222222,68.2,19.626499999999997,15.88888888888889,1.3
2025-10-17 13:19:18+00:00,33.73809098373949,-84.42115887316804,1307448046,97366,21.0,23.0,21.0,23.0,23.0,25.0,23.0,25.0,70.0,70.0,74.0,74.0,19.72222222222222,68.2,19.626499999999997,15.88888888888889,1.3
2025-10-17 13:19:19+00:00,33.73808898828823,-84.42114330864821,1307448046,97366,21.0,23.0,21.0,23.0,23.0,25.0,23.0,25.0,70.0,70.0,74.0,74.0,19.72222222222222,68.2,19.626499999999997,15.88888888888889,1.3
2025-10-17 13:19:20+00:00,33.738086956175195,-84.42112745816651,1307448046,97366,21.0,23.0,21.0,23.0,23.0,25.0,23.0,25.0,70.0,70.0,74.0,74.0,19.72222222222222,68.2,19.626499999999997,15.88888888888889,1.3
2025-10-17 13:19:21+00:00,33.73808482142192,-84.42111080709097,1307448046,97366,21.0,23.0,21.0,23.0,23.0,25.0,23.0,25.0,70.0,70.0,74.0,74.0,19.66666666666667,68.2,19.56816666666667,15.777777777777779,0.9
2025-10-17 13:19:22+00:00,33.73808274240982,-84.42109459079663,1307448046,97366,21.0,23.0,21.0,23.0,23.0,25.0,23.0,25.0,70.0,70.0,74.0,74.0,19.66666666666667,68.2,19.56816666666667,15.777777777777779,0.9
2025-10-17 13:19:23+00:00,33.738081,-84.421078,1307448046,97366,21.0,22.0,21.0,22.0,20.0,23.0,20.0,23.0,70.0,70.0,68.0,68.0,19.66666666666667,68.2,19.56816666666667,15.777777777777779,0.9
2025-10-17 13:19:24+00:00,33.738079197352725,-84.4210655788218,1307448046,97366,21.0,22.0,21.0,22.0,20.0,23.0,20.0,23.0,70.0,70.0,68.0,68.0,19.66666666666667,68.2,19.56816666666667,15.777777777777779,0.9
2025-10-17 13:19:25+00:00,33.73807753104452,-84.42105224835615,1307448046,97366,21.0,22.0,21.0,22.0,20.0,23.0,20.0,23.0,70.0,70.0,68.0,68.0,19.66666666666667,68.2,19.56816666666667,15.777777777777779,0.9
2025-10-17 13:19:26+00:00,33.73807598171115,-84.42103986283362,1307448046,97366,21.0,22.0,21.0,22.0,20.0,23.0,20.0,23.0,70.0,70.0,68.0,68.0,19.66666666666667,68.2,19.56816666666667,15.777777777777779,1.7
2025-10-17 13:19:27+00:00,33.73807443628031,-84.4210282721023,1307448046,97366,21.0,22.0,21.0,22.0,20.0,23.0,20.0,23.0,70.0,70.0,68.0,68.0,19.66666666666667,68.2,19.56816666666667,15.777777777777779,1.7
2025-10-17 13:19:28+00:00,33.73807293059584,-84.42101501889456,1307448046,97366,21.0,22.0,21.0,22.0,20.0,23.0,20.0,23.0,70.0,70.0,68.0,68.0,19.66666666666667,68.2,19.56816666666667,15.777777777777779,1.7
2025-10-17 13:19:29+00:00,33.738071575312844,-84.42100236958653,1307448046,97366,21.0,22.0,21.0,22.0,20.0,23.0,20.0,23.0,70.0,70.0,68.0,68.0,19.66666666666667,68.2,19.56816666666667,15.777777777777779,1.7
2025-10-17 13:19:30+00:00,33.738070062665635,-84.42098887643554,1307448046,97366,21.0,22.0,21.0,22.0,20.0,23.0,20.0,23.0,70.0,70.0,68.0,68.0,19.66666666666667,68.2,19.56816666666667,15.777777777777779,1.7
2025-10-17 13:19:31+00:00,33.73806849855485,-84.42097532080875,1307448046,97366,21.0,22.0,21.0,22.0,20.0,23.0,20.0,23.0,70.0,70.0,68.0,68.0,19.499999999999996,68.1,19.391861111111112,15.666666666666666,1.6
2025-10-17 13:19:32+00:00,33.73806664435803,-84.42096207583266,1307448046,97366,21.0,22.0,21.0,22.0,20.0,23.0,20.0,23.0,70.0,70.0,68.0,68.0,19.499999999999996,68.1,19.391861111111112,15.666666666666666,1.6
2025-10-17 13:19:33+00:00,33.73806501298651,-84.42094866233352,1307448046,97366,21.0,22.0,21.0,22.0,20.0,23.0,20.0,23.0,70.0,70.0,68.0,68.0,19.499999999999996,68.1,19.391861111111112,15.666666666666666,1.6
2025-10-17 13:19:34+00:00,33.73806342421777,-84.42093559912387,1307448046,97366,21.0,22.0,21.0,22.0,20.0,23.0,20.0,23.0,70.0,70.0,68.0,68.0,19.499999999999996,68.1,19.391861111111112,15.666666666666666,1.6
2025-10-17 13:19:35+00:00,33.73806186660069,-84.4209227920501,1307448046,97366,21.0,22.0,21.0,22.0,20.0,23.0,20.0,23.0,70.0,70.0,68.0,68.0,19.499999999999996,68.1,19.391861111111112,15.666666666666666,1.6
2025-10-17 13:19:36+00:00,33.73806036148151,-84.42091041662573,1307448046,97366,21.0,22.0,21.0,22.0,20.0,23.0,20.0,23.0,70.0,70.0,68.0,68.0,19.66666666666667,68.1,19.56686111111111,15.777777777777779,1.5
2025-10-17 13:19:37+00:00,33.73805887412577,-84.4208981872563,1307448046,97366,21.0,22.0,21.0,22.0,20.0,23.0,20.0,23.0,70.0,70.0,68.0,68.0,19.66666666666667,68.1,19.56686111111111,15.777777777777779,1.5
2025-10-17 13:19:38+00:00,33.738057257108736,-84.42088537525183,1307448046,97367,24.0,24.5,24.0,24.5,19.0,21.5,19.0,21.5,77.0,77.0,66.0,66.0,19.66666666666667,68.1,19.56686111111111,15.777777777777779,1.5
2025-10-17 13:19:39+00:00,33.738055285219936,-84.42087044523663,1307448046,97367,24.0,24.5,24.0,24.5,19.0,21.5,19.0,21.5,77.0,77.0,66.0,66.0,19.66666666666667,68.1,19.56686111111111,15.777777777777779,1.5
2025-10-17 13:19:40+00:00,33.738053268637735,-84.42085517682855,1307448046,97367,24.0,24.5,24.0,24.5,19.0,21.5,19.0,21.5,77.0,77.0,66.0,66.0,19.66666666666667,68.1,19.56686111111111,15.777777777777779,1.5
2025-10-17 13:19:41+00:00,33.738051,-84.42083278614948,1307448046,97367,24.0,24.5,24.0,24.5,19.0,21.5,19.0,21.5,77.0,77.0,66.0,66.0,19.833333333333332,68.2,19.743166666666667,16.0,0.9
2025-10-17 13:19:42+00:00,33.7380508407459,-84.42082896484835,1307448046,97367,24.0,24.5,24.0,24.5,19.0,21.5,19.0,21.5,77.0,77.0,66.0,66.0,19.833333333333332,68.2,19.743166666666667,16.0,0.9
2025-10-17 13:19:43+00:00,33.73804874070634,-84.4208153145912,1307448046,97367,24.0,24.5,24.0,24.5,19.0,21.5,19.0,21.5,77.0,77.0,66.0,66.0,19.833333333333332,68.2,19.743166666666667,16.0,0.9
2025-10-17 13:19:44+00:00,33.73804656032735,-84.42080015286426,1307448046,97367,24.0,24.5,24.0,24.5,19.0,21.5,19.0,21.5,77.0,77.0,66.0,66.0,19.833333333333332,68.2,19.743166666666667,16.0,0.9
2025-10-17 13:19:45+00:00,33.73804505053275,-84.42078694216157,1307448046,97367,24.0,24.5,24.0,24.5,19.0,21.5,19.0,21.5,77.0,77.0,66.0,66.0,19.833333333333332,68.2,19.743166666666667,16.0,0.9
2025-10-17 13:19:46+00:00,33.73804340455988,-84.42077253989899,1307448046,97367,24.0,24.5,24.0,24.5,19.0,21.5,19.0,21.5,77.0,77.0,66.0,66.0,19.833333333333332,68.0,19.74055555555556,15.88888888888889,0.9
2025-10-17 13:19:47+00:00,33.738041462043434,-84.4207566963475,1307448046,97367,24.0,24.5,24.0,24.5,19.0,21.5,19.0,21.5,77.0,77.0,66.0,66.0,19.833333333333332,68.0,19.74055555555556,15.88888888888889,0.9
2025-10-17 13:19:48+00:00,33.73803917639792,-84.42073597971388,1307448046,97367,24.0,24.5,24.0,24.5,19.0,21.5,19.0,21.5,77.0,77.0,66.0,66.0,19.833333333333332,68.0,19.74055555555556,15.88888888888889,0.9
2025-10-17 13:19:49+00:00,33.73803662804929,-84.42071592520745,1307448046,97367,24.0,24.5,24.0,24.5,19.0,21.5,19.0,21.5,77.0,77.0,66.0,66.0,19.833333333333332,68.0,19.74055555555556,15.88888888888889,0.9
2025-10-17 13:19:50+00:00,33.73803419481668,-84.42069581048452,1307448046,97367,24.0,24.5,24.0,24.5,19.0,21.5,19.0,21.5,77.0,77.0,66.0,66.0,19.833333333333332,68.0,19.74055555555556,15.88888888888889,0.9
2025-10-17 13:19:51+00:00,33.73803139337079,-84.42067265186519,1307448046,97367,24.0,24.5,24.0,24.5,19.0,21.5,19.0,21.5,77.0,77.0,66.0,66.0,19.61111111111111,67.9,19.505916666666664,15.777777777777779,2.2
2025-10-17 13:19:52+00:00,33.73802877040994,-84.42065096872219,1307448046,97367,24.0,24.5,24.0,24.5,19.0,21.5,19.0,21.5,77.0,77.0,66.0,66.0,19.61111111111111,67.9,19.505916666666664,15.777777777777779,2.2
2025-10-17 13:19:53+00:00,33.73802637172545,-84.420631139597,1307448046,97367,24.0,24.0,24.0,24.0,22.0,25.0,22.0,25.0,77.0,77.0,72.0,72.0,19.61111111111111,67.9,19.505916666666664,15.777777777777779,2.2
2025-10-17 13:19:54+00:00,33.73802405677392,-84.4206120026644,1307448046,97367,24.0,24.0,24.0,24.0,22.0,25.0,22.0,25.0,77.0,77.0,72.0,72.0,19.61111111111111,67.9,19.505916666666664,15.777777777777779,2.2
2025-10-17 13:19:55+00:00,33.738022,-84.420595,1307448046,97367,24.0,24.0,24.0,24.0,22.0,25.0,22.0,25.0,77.0,77.0,72.0,72.0,19.61111111111111,67.9,19.505916666666664,15.777777777777779,2.2
2025-10-17 13:19:56+00:00,33.738092740868986,-84.420499,9257224,6058,24.0,24.0,24.0,24.0,22.0,25.0,22.0,25.0,77.0,77.0,72.0,72.0,19.61111111111111,68.0,19.50722222222222,15.777777777777779,1.4
2025-10-17 13:19:57+00:00,33.73808966869935,-84.420499,9257224,6058,24.0,24.0,24.0,24.0,22.0,25.0,22.0,25.0,77.0,77.0,72.0,72.0,19.61111111111111,68.0,19.50722222222222,15.777777777777779,1.4
2025-10-17 13:19:58+00:00,33.73808569276235,-84.420499,9257224,6058,24.0,24.0,24.0,24.0,22.0,25.0,22.0,25.0,77.0,77.0,72.0,72.0,19.61111111111111,68.0,19.50722222222222,15.777777777777779,1.4
2025-10-17 13:19:59+00:00,33.738081957181386,-84.420499,9257224,6058,24.0,24.0,24.0,24.0,22.0,25.0,22.0,25.0,77.0,77.0,72.0,72.0,19.61111111111111,68.0,19.50722222222222,15.777777777777779,1.4
2025-10-17 13:20:00+00:00,33.7380789347554,-84.420499,9257224,6058,24.0,24.0,24.0,24.0,22.0,25.0,22.0,25.0,77.0,77.0,72.0,72.0,19.61111111111111,68.0,19.50722222222222,15.777777777777779,1.4
2025-10-17 13:20:01+00:00,33.73807717308833,-84.420499,9257224,6058,24.0,24.0,24.0,24.0,22.0,25.0,22.0,25.0,77.0,77.0,72.0,72.0,19.61111111111111,68.0,19.50722222222222,15.777777777777779,2.1
2025-10-17 13:20:02+00:00,33.73807679607601,-84.420499,9257224,6058,24.0,24.0,24.0,24.0,22.0,25.0,22.0,25.0,77.0,77.0,72.0,72.0,19.61111111111111,68.0,19.50722222222222,15.777777777777779,2.1
2025-10-17 13:20:03+00:00,33.738076711909336,-84.420499,9257224,6058,24.0,24.0,24.0,24.0,22.0,25.0,22.0,25.0,77.0,77.0,72.0,72.0,19.61111111111111,68.0,19.50722222222222,15.777777777777779,2.1
2025-10-17 13:20:04+00:00,33.7380773821909,-84.420499,9257224,6058,24.0,24.0,24.0,24.0,22.0,25.0,22.0,25.0,77.0,77.0,72.0,72.0,19.61111111111111,68.0,19.50722222222222,15.777777777777779,2.1
2025-10-17 13:20:05+00:00,33.73808007248854,-84.420499,9257224,6058,24.0,24.0,24.0,24.0,22.0,25.0,22.0,25.0,77.0,77.0,72.0,72.0,19.61111111111111,68.0,19.50722222222222,15.777777777777779,2.1
2025-10-17 13:20:06+00:00,33.73808275012737,-84.420499,9257224,6058,24.0,24.0,24.0,24.0,22.0,25.0,22.0,25.0,77.0,77.0,72.0,72.0,19.555555555555557,67.9,19.447583333333334,15.666666666666666,1.4
2025-10-17 13:20:08+00:00,33.73808578116647,-84.420499,9257224,6058,22.0,22.0,22.0,22.0,23.0,29.0,23.0,29.0,72.0,72.0,74.0,74.0,19.555555555555557,67.9,19.447583333333334,15.666666666666666,1.4
2025-10-17 13:20:26+00:00,33.738098879979994,-84.420499,9257224,6058,20.0,21.0,20.0,21.0,24.5,28.5,24.5,28.5,68.0,68.0,77.5,77.5,19.333333333333332,68.5,19.222083333333334,15.61111111111111,1.2
2025-10-17 13:20:27+00:00,33.73810613224172,-84.420499,9257224,6058,20.0,21.0,20.0,21.0,24.5,28.5,24.5,28.5,68.0,68.0,77.5,77.5,19.333333333333332,68.5,19.222083333333334,15.61111111111111,1.2
2025-10-17 13:20:31+00:00,33.73809848163634,-84.420499,9257224,6058,20.0,21.0,20.0,21.0,24.5,28.5,24.5,28.5,68.0,68.0,77.5,77.5,19.388888888888893,68.7,19.28302777777778,15.666666666666666,0.9
2025-10-17 13:20:33+00:00,33.73809050995941,-84.420499,9257224,6058,20.0,21.0,20.0,21.0,24.5,28.5,24.5,28.5,68.0,68.0,77.5,77.5,19.388888888888893,68.7,19.28302777777778,15.666666666666666,0.9
2025-10-17 13:20:37+00:00,33.73809156420993,-84.420499,9257224,6058,20.0,21.0,20.0,21.0,24.5,28.5,24.5,28.5,68.0,68.0,77.5,77.5,19.333333333333332,68.9,19.227305555555557,15.666666666666666,1.7
2025-10-17 13:20:38+00:00,33.738001273201725,-84.42041050896299,1307448046,97368,22.0,23.0,22.0,23.0,22.0,26.0,22.0,26.0,72.0,72.0,72.0,72.0,19.333333333333332,68.9,19.227305555555557,15.666666666666666,1.7
2025-10-17 13:20:39+00:00,33.73799944528805,-84.4203918974783,1307448046,97368,22.0,23.0,22.0,23.0,22.0,26.0,22.0,26.0,72.0,72.0,72.0,72.0,19.333333333333332,68.9,19.227305555555557,15.666666666666666,1.7
2025-10-17 13:20:40+00:00,33.73799750129142,-84.42037210405809,1307448046,97368,22.0,23.0,22.0,23.0,22.0,26.0,22.0,26.0,72.0,72.0,72.0,72.0,19.333333333333332,68.9,19.227305555555557,15.666666666666666,1.7
2025-10-17 13:20:41+00:00,33.737996,-84.420347,1307448046,97368,22.0,23.0,22.0,23.0,22.0,26.0,22.0,26.0,72.0,72.0,72.0,72.0,19.27777777777778,68.6,19.165055555555554,15.61111111111111,1.5
2025-10-17 13:20:42+00:00,33.737993749460465,-84.42032586717667,1307448046,97368,22.0,23.0,22.0,23.0,22.0,26.0,22.0,26.0,72.0,72.0,72.0,72.0,19.27777777777778,68.6,19.165055555555554,15.61111111111111,1.5
2025-10-17 13:20:43+00:00,33.73799272601245,-84.42031226012448,1307448046,97368,22.0,23.0,22.0,23.0,22.0,26.0,22.0,26.0,72.0,72.0,72.0,72.0,19.27777777777778,68.6,19.165055555555554,15.61111111111111,1.5
2025-10-17 13:20:47+00:00,33.73799328911599,-84.42031919218186,1307448046,97368,22.0,23.0,22.0,23.0,22.0,26.0,22.0,26.0,72.0,72.0,72.0,72.0,19.333333333333332,67.9,19.21425,15.5,1.2
2025-10-17 13:20:48+00:00,33.737994333785714,-84.42033433989282,1307448046,97368,22.0,23.0,22.0,23.0,22.0,26.0,22.0,26.0,72.0,72.0,72.0,72.0,19.333333333333332,67.9,19.21425,15.5,1.2
2025-10-17 13:20:49+00:00,33.737996,-84.420347,1307448046,97368,22.0,23.0,22.0,23.0,22.0,26.0,22.0,26.0,72.0,72.0,72.0,72.0,19.333333333333332,67.9,19.21425,15.5,1.2
2025-10-17 13:20:50+00:00,33.73799662320831,-84.42036285529143,1307448046,97368,22.0,23.0,22.0,23.0,22.0,26.0,22.0,26.0,72.0,72.0,72.0,72.0,19.333333333333332,67.9,19.21425,15.5,1.2
2025-10-17 13:20:52+00:00,33.737997599199936,-84.4203731009448,1307448046,97368,22.0,23.0,22.0,23.0,22.0,26.0,22.0,26.0,72.0,72.0,72.0,72.0,19.444444444444443,67.5,19.32569444444444,15.61111111111111,1.5
2025-10-17 13:20:54+00:00,33.737996,-84.42035271971754,1307448046,97368,22.0,22.0,22.0,22.0,21.0,21.0,21.0,21.0,72.0,72.0,70.0,70.0,19.444444444444443,67.5,19.32569444444444,15.61111111111111,1.5
2025-10-17 13:20:55+00:00,33.737994673180296,-84.42033926111432,1307448046,97368,22.0,22.0,22.0,22.0,21.0,21.0,21.0,21.0,72.0,72.0,70.0,70.0,19.444444444444443,67.5,19.32569444444444,15.61111111111111,1.5
2025-10-17 13:20:56+00:00,33.73799359698121,-84.42032365622754,1307448046,97368,22.0,22.0,22.0,22.0,21.0,21.0,21.0,21.0,72.0,72.0,70.0,70.0,19.555555555555557,67.7,19.444972222222223,15.666666666666666,1.9
2025-10-17 13:20:57+00:00,33.73799232563537,-84.42030825635365,1307448046,97368,22.0,22.0,22.0,22.0,21.0,21.0,21.0,21.0,72.0,72.0,70.0,70.0,19.555555555555557,67.7,19.444972222222223,15.666666666666666,1.9
2025-10-17 13:20:58+00:00,33.737990613558196,-84.4202913932098,1307448046,97368,22.0,22.0,22.0,22.0,21.0,21.0,21.0,21.0,72.0,72.0,70.0,70.0,19.555555555555557,67.7,19.444972222222223,15.666666666666666,1.9
2025-10-17 13:20:59+00:00,33.73798852080829,-84.42027186087735,1307448046,97368,22.0,22.0,22.0,22.0,21.0,21.0,21.0,21.0,72.0,72.0,70.0,70.0,19.555555555555557,67.7,19.444972222222223,15.666666666666666,1.9
2025-10-17 13:21:00+00:00,33.73798652768886,-84.42024982303666,1307448046,97368,22.0,22.0,22.0,22.0,21.0,21.0,21.0,21.0,72.0,72.0,70.0,70.0,19.555555555555557,67.7,19.444972222222223,15.666666666666666,1.9
2025-10-17 13:21:01+00:00,33.737985,-84.420232,1307448046,97368,22.0,22.0,22.0,22.0,21.0,21.0,21.0,21.0,72.0,72.0,70.0,70.0,19.61111111111111,68.2,19.509833333333333,15.777777777777779,1.8
2025-10-17 13:21:02+00:00,33.7379823432041,-84.4202107752452,1307448046,97368,22.0,22.0,22.0,22.0,21.0,21.0,21.0,21.0,72.0,72.0,70.0,70.0,19.61111111111111,68.2,19.509833333333333,15.777777777777779,1.8
2025-10-17 13:21:03+00:00,33.73798047230888,-84.42019019539768,1307448046,97368,22.0,22.0,22.0,22.0,21.0,21.0,21.0,21.0,72.0,72.0,70.0,70.0,19.61111111111111,68.2,19.509833333333333,15.777777777777779,1.8
2025-10-17 13:21:04+00:00,33.73797892048398,-84.42017312532387,1307448046,97368,22.0,22.0,22.0,22.0,21.0,21.0,21.0,21.0,72.0,72.0,70.0,70.0,19.61111111111111,68.2,19.509833333333333,15.777777777777779,1.8
2025-10-17 13:21:05+00:00,33.73797745109476,-84.42015696204233,1307448046,97368,22.0,22.0,22.0,22.0,21.0,21.0,21.0,21.0,72.0,72.0,70.0,70.0,19.61111111111111,68.2,19.509833333333333,15.777777777777779,1.8
2025-10-17 13:21:06+00:00,33.737976093284956,-84.42014202613456,1307448046,97368,22.0,22.0,22.0,22.0,21.0,21.0,21.0,21.0,72.0,72.0,70.0,70.0,19.66666666666667,68.6,19.57338888888889,15.777777777777779,1.1
2025-10-17 13:21:07+00:00,33.73797487511391,-84.42012850136693,1307448046,97368,22.0,22.0,22.0,22.0,21.0,21.0,21.0,21.0,72.0,72.0,70.0,70.0,19.66666666666667,68.6,19.57338888888889,15.777777777777779,1.1
2025-10-17 13:21:08+00:00,33.73797379706169,-84.42011576767864,1307448046,97368,21.0,21.0,21.0,21.0,22.0,22.0,22.0,22.0,70.0,70.0,72.0,72.0,19.66666666666667,68.6,19.57338888888889,15.777777777777779,1.1
2025-10-17 13:21:09+00:00,33.73797289108943,-84.42010623762602,1307448046,97368,21.0,21.0,21.0,21.0,22.0,22.0,22.0,22.0,70.0,70.0,72.0,72.0,19.66666666666667,68.6,19.57338888888889,15.777777777777779,1.1
2025-10-17 13:21:10+00:00,33.737971201845994,-84.42009015610057,1307448046,97368,21.0,21.0,21.0,21.0,22.0,22.0,22.0,22.0,70.0,70.0,72.0,72.0,19.66666666666667,68.6,19.57338888888889,15.777777777777779,1.1
2025-10-17 13:21:12+00:00,33.73796966308865,-84.42007117809337,1307448046,97368,21.0,21.0,21.0,21.0,22.0,22.0,22.0,22.0,70.0,70.0,72.0,72.0,19.555555555555557,68.8,19.459333333333337,15.777777777777779,1.9
2025-10-17 13:21:13+00:00,33.737969,-84.420063,1307448046,97368,21.0,21.0,21.0,21.0,22.0,22.0,22.0,22.0,70.0,70.0,72.0,72.0,19.555555555555557,68.8,19.459333333333337,15.777777777777779,1.9
2025-10-17 13:21:14+00:00,33.7379670166135,-84.4200458715665,1307448046,97368,21.0,21.0,21.0,21.0,22.0,22.0,22.0,22.0,70.0,70.0,72.0,72.0,19.555555555555557,68.8,19.459333333333337,15.777777777777779,1.9
2025-10-17 13:21:15+00:00,33.73796581244807,-84.42003102019284,1307448046,97368,21.0,21.0,21.0,21.0,22.0,22.0,22.0,22.0,70.0,70.0,72.0,72.0,19.555555555555557,68.8,19.459333333333337,15.777777777777779,1.9
2025-10-17 13:21:16+00:00,33.737964473782526,-84.42001639559709,1307448046,97368,21.0,21.0,21.0,21.0,22.0,22.0,22.0,22.0,70.0,70.0,72.0,72.0,19.66666666666667,68.9,19.577305555555554,15.88888888888889,0.7
2025-10-17 13:21:17+00:00,33.73796249859352,-84.41999911269326,1307448046,97368,21.0,21.0,21.0,21.0,22.0,22.0,22.0,22.0,70.0,70.0,72.0,72.0,19.66666666666667,68.9,19.577305555555554,15.88888888888889,0.7
2025-10-17 13:21:18+00:00,33.737960800474696,-84.419980780281,1307448046,97368,21.0,21.0,21.0,21.0,22.0,22.0,22.0,22.0,70.0,70.0,72.0,72.0,19.66666666666667,68.9,19.577305555555554,15.88888888888889,0.7
2025-10-17 13:21:19+00:00,33.73795942662681,-84.41996549622324,1307448046,97368,21.0,21.0,21.0,21.0,22.0,22.0,22.0,22.0,70.0,70.0,72.0,72.0,19.66666666666667,68.9,19.577305555555554,15.88888888888889,0.7
2025-10-17 13:21:20+00:00,33.737958124739656,-84.41995101272866,1307448046,97368,21.0,21.0,21.0,21.0,22.0,22.0,22.0,22.0,70.0,70.0,72.0,72.0,19.66666666666667,68.9,19.577305555555554,15.88888888888889,0.7
2025-10-17 13:21:21+00:00,33.73795683331318,-84.41993664560908,1307448046,97368,21.0,21.0,21.0,21.0,22.0,22.0,22.0,22.0,70.0,70.0,72.0,72.0,19.66666666666667,68.7,19.57469444444445,15.88888888888889,0.8
2025-10-17 13:21:22+00:00,33.73795560948848,-84.4199230305594,1307448046,97368,21.0,21.0,21.0,21.0,22.0,22.0,22.0,22.0,70.0,70.0,72.0,72.0,19.66666666666667,68.7,19.57469444444445,15.88888888888889,0.8
2025-10-17 13:21:23+00:00,33.73795442412387,-84.41990984337811,1307448046,97368,,,,,,,,,,,,,19.66666666666667,68.7,19.57469444444445,15.88888888888889,0.8
2025-10-17 13:21:24+00:00,33.73795315174049,-84.41989568811297,1307448046,97368,,,,,,,,,,,,,19.66666666666667,68.7,19.57469444444445,15.88888888888889,0.8
2025-10-17 13:21:25+00:00,33.73795222747105,-84.41987854942093,1307448046,97369,,,,,,,,,,,,,19.66666666666667,68.7,19.57469444444445,15.88888888888889,0.8
2025-10-17 13:21:26+00:00,33.737952,-84.41986354293871,1307448046,97369,,,,,,,,,,,,,19.777777777777775,68.3,19.686138888888884,16.0,1.0
2025-10-17 13:21:28+00:00,33.737952,-84.41984554781264,1307448046,97369,,,,,,,,,,,,,19.777777777777775,68.3,19.686138888888884,16.0,1.0
2025-10-17 13:21:30+00:00,33.737952,-84.41982226072172,1307448046,97369,,,,,,,,,,,,,19.777777777777775,68.3,19.686138888888884,16.0,1.0
2025-10-17 13:21:31+00:00,33.73805498824439,-84.41973749706109,1090914991,89664,,,,,,,,,,,,,19.777777777777775,68.1,19.68352777777777,15.88888888888889,2.0
2025-10-17 13:21:32+00:00,33.73805306536199,-84.41973701634049,1090914991,89664,,,,,,,,,,,,,19.777777777777775,68.1,19.68352777777777,15.88888888888889,2.0
2025-10-17 13:21:33+00:00,33.73805069850682,-84.4197364246267,1090914991,89664,,,,,,,,,,,,,19.777777777777775,68.1,19.68352777777777,15.88888888888889,2.0
2025-10-17 13:21:34+00:00,33.73804696588055,-84.41973549147014,1090914991,89664,,,,,,,,,,,,,19.777777777777775,68.1,19.68352777777777,15.88888888888889,2.0
2025-10-17 13:21:35+00:00,33.73804151042358,-84.41973441840393,1090914991,89664,,,,,,,,,,,,,19.777777777777775,68.1,19.68352777777777,15.88888888888889,2.0
2025-10-17 13:21:36+00:00,33.73803829483322,-84.41973376494441,1090914991,89664,,,,,,,,,,,,,19.61111111111111,67.9,19.505916666666664,15.777777777777779,1.4
2025-10-17 13:21:37+00:00,33.73803584790183,-84.41971709437912,1090914990,89657,,,,,,,,,,,,,19.61111111111111,67.9,19.505916666666664,15.777777777777779,1.4
2025-10-17 13:21:38+00:00,33.73803571804885,-84.41970436878727,1090914990,89657,19.0,19.0,19.0,19.0,22.0,28.0,22.0,28.0,66.0,66.0,72.0,72.0,19.61111111111111,67.9,19.505916666666664,15.777777777777779,1.4
2025-10-17 13:21:39+00:00,33.73803558683638,-84.41969150996509,1090914990,89657,19.0,19.0,19.0,19.0,22.0,28.0,22.0,28.0,66.0,66.0,72.0,72.0,19.61111111111111,67.9,19.505916666666664,15.777777777777779,1.4
2025-10-17 13:21:40+00:00,33.73803546136933,-84.41967921419398,1090914990,89657,19.0,19.0,19.0,19.0,22.0,28.0,22.0,28.0,66.0,66.0,72.0,72.0,19.61111111111111,67.9,19.505916666666664,15.777777777777779,1.4
2025-10-17 13:21:41+00:00,33.73803532358536,-84.41966571136467,1090914990,89657,19.0,19.0,19.0,19.0,22.0,28.0,22.0,28.0,66.0,66.0,72.0,72.0,19.499999999999996,68.0,19.39055555555555,15.666666666666666,0.8
2025-10-17 13:21:42+00:00,33.738035147708146,-84.41964847539778,1090914990,89657,19.0,19.0,19.0,19.0,22.0,28.0,22.0,28.0,66.0,66.0,72.0,72.0,19.499999999999996,68.0,19.39055555555555,15.666666666666666,0.8
2025-10-17 13:21:43+00:00,33.738035,-84.4196295415778,1090914990,89657,19.0,19.0,19.0,19.0,22.0,28.0,22.0,28.0,66.0,66.0,72.0,72.0,19.499999999999996,68.0,19.39055555555555,15.666666666666666,0.8
2025-10-17 13:21:44+00:00,33.738035,-84.41960983410324,1090914990,89657,19.0,19.0,19.0,19.0,22.0,28.0,22.0,28.0,66.0,66.0,72.0,72.0,19.499999999999996,68.0,19.39055555555555,15.666666666666666,0.8
2025-10-17 13:21:45+00:00,33.738035,-84.41958949678406,1090914990,89657,19.0,19.0,19.0,19.0,22.0,28.0,22.0,28.0,66.0,66.0,72.0,72.0,19.499999999999996,68.0,19.39055555555555,15.666666666666666,0.8
2025-10-17 13:21:46+00:00,33.738034805095445,-84.4195695095445,1090914990,89657,19.0,19.0,19.0,19.0,22.0,28.0,22.0,28.0,66.0,66.0,72.0,72.0,19.444444444444443,68.1,19.333527777777782,15.61111111111111,0.8
2025-10-17 13:21:47+00:00,33.738034614052,-84.4195504051999,1090914990,89657,19.0,19.0,19.0,19.0,22.0,28.0,22.0,28.0,66.0,66.0,72.0,72.0,19.444444444444443,68.1,19.333527777777782,15.61111111111111,0.8
2025-10-17 13:21:48+00:00,33.73803441741435,-84.41953074143464,1090914990,89657,19.0,19.0,19.0,19.0,22.0,28.0,22.0,28.0,66.0,66.0,72.0,72.0,19.444444444444443,68.1,19.333527777777782,15.61111111111111,0.8
2025-10-17 13:21:49+00:00,33.73803420391637,-84.41950939163708,1090914990,89657,19.0,19.0,19.0,19.0,22.0,28.0,22.0,28.0,66.0,66.0,72.0,72.0,19.444444444444443,68.1,19.333527777777782,15.61111111111111,0.8
2025-10-17 13:21:50+00:00,33.738034,-84.41948871914863,1090914990,89657,19.0,19.0,19.0,19.0,22.0,28.0,22.0,28.0,66.0,66.0,72.0,72.0,19.444444444444443,68.1,19.333527777777782,15.61111111111111,0.8
2025-10-17 13:21:51+00:00,33.738034,-84.41946762682802,1090914990,89657,19.0,19.0,19.0,19.0,22.0,28.0,22.0,28.0,66.0,66.0,72.0,72.0,19.388888888888893,68.2,19.2765,15.61111111111111,0.9
2025-10-17 13:21:52+00:00,33.738034,-84.41944579084584,1090914990,89657,19.0,19.0,19.0,19.0,22.0,28.0,22.0,28.0,66.0,66.0,72.0,72.0,19.388888888888893,68.2,19.2765,15.61111111111111,0.9
2025-10-17 13:21:53+00:00,33.738034,-84.41942733201795,1090914990,89657,20.0,20.0,20.0,20.0,20.0,20.0,20.0,20.0,68.0,68.0,68.0,68.0,19.388888888888893,68.2,19.2765,15.61111111111111,0.9
2025-10-17 13:21:54+00:00,33.738034,-84.41941458646338,1090914990,89657,20.0,20.0,20.0,20.0,20.0,20.0,20.0,20.0,68.0,68.0,68.0,68.0,19.388888888888893,68.2,19.2765,15.61111111111111,0.9
2025-10-17 13:21:56+00:00,33.738034,-84.41939974070634,1090914990,89657,20.0,20.0,20.0,20.0,20.0,20.0,20.0,20.0,68.0,68.0,68.0,68.0,19.444444444444443,68.4,19.337444444444444,15.666666666666666,1.4
2025-10-17 13:21:58+00:00,33.73803377850219,-84.41938613356788,1090914990,89657,20.0,20.0,20.0,20.0,20.0,20.0,20.0,20.0,68.0,68.0,68.0,68.0,19.444444444444443,68.4,19.337444444444444,15.666666666666666,1.4
2025-10-17 13:22:00+00:00,33.738033,-84.419362,1090914990,89657,20.0,20.0,20.0,20.0,20.0,20.0,20.0,20.0,68.0,68.0,68.0,68.0,19.444444444444443,68.4,19.337444444444444,15.666666666666666,1.4
2025-10-17 13:22:01+00:00,33.738033,-84.41934739241987,1090914990,89657,20.0,20.0,20.0,20.0,20.0,20.0,20.0,20.0,68.0,68.0,68.0,68.0,19.499999999999996,68.4,19.395777777777774,15.666666666666666,0.9
2025-10-17 13:22:02+00:00,33.738033,-84.4193315360075,1090914990,89657,20.0,20.0,20.0,20.0,20.0,20.0,20.0,20.0,68.0,68.0,68.0,68.0,19.499999999999996,68.4,19.395777777777774,15.666666666666666,0.9
2025-10-17 13:22:03+00:00,33.738033,-84.41931576067219,1090914990,89657,20.0,20.0,20.0,20.0,20.0,20.0,20.0,20.0,68.0,68.0,68.0,68.0,19.499999999999996,68.4,19.395777777777774,15.666666666666666,0.9
2025-10-17 13:22:04+00:00,33.738033,-84.41930006208216,1090914990,89657,20.0,20.0,20.0,20.0,20.0,20.0,20.0,20.0,68.0,68.0,68.0,68.0,19.499999999999996,68.4,19.395777777777774,15.666666666666666,0.9
2025-10-17 13:22:05+00:00,33.738033,-84.41928539304114,1090914990,89657,20.0,20.0,20.0,20.0,20.0,20.0,20.0,20.0,68.0,68.0,68.0,68.0,19.499999999999996,68.4,19.395777777777774,15.666666666666666,0.9
2025-10-17 13:22:06+00:00,33.738033,-84.41927024974125,1090914990,89657,20.0,20.0,20.0,20.0,20.0,20.0,20.0,20.0,68.0,68.0,68.0,68.0,19.555555555555557,68.1,19.45019444444445,15.666666666666666,0.9
2025-10-17 13:22:07+00:00,33.738033,-84.41925555887896,1090914990,89657,20.0,20.0,20.0,20.0,20.0,20.0,20.0,20.0,68.0,68.0,68.0,68.0,19.555555555555557,68.1,19.45019444444445,15.666666666666666,0.9
2025-10-17 13:22:08+00:00,33.738033,-84.41924167327352,1090914990,89657,19.0,19.0,19.0,19.0,27.0,27.0,27.0,27.0,66.0,66.0,83.0,83.0,19.555555555555557,68.1,19.45019444444445,15.666666666666666,0.9
2025-10-17 13:22:09+00:00,33.738033,-84.4192280151012,1090914990,89657,19.0,19.0,19.0,19.0,27.0,27.0,27.0,27.0,66.0,66.0,83.0,83.0,19.555555555555557,68.1,19.45019444444445,15.666666666666666,0.9
2025-10-17 13:22:10+00:00,33.738033,-84.41921395346954,1090914990,89657,19.0,19.0,19.0,19.0,27.0,27.0,27.0,27.0,66.0,66.0,83.0,83.0,19.555555555555557,68.1,19.45019444444445,15.666666666666666,0.9
2025-10-17 13:22:11+00:00,33.73803317390573,-84.41919943518495,1090914990,89658,19.0,19.0,19.0,19.0,27.0,27.0,27.0,27.0,66.0,66.0,83.0,83.0,19.66666666666667,67.8,19.562944444444447,15.777777777777779,1.2
2025-10-17 13:22:12+00:00,33.738033446466225,-84.4191844443576,1090914990,89658,19.0,19.0,19.0,19.0,27.0,27.0,27.0,27.0,66.0,66.0,83.0,83.0,19.66666666666667,67.8,19.562944444444447,15.777777777777779,1.2
2025-10-17 13:22:13+00:00,33.73803373017346,-84.41916884045965,1090914990,89658,19.0,19.0,19.0,19.0,27.0,27.0,27.0,27.0,66.0,66.0,83.0,83.0,19.66666666666667,67.8,19.562944444444447,15.777777777777779,1.2
2025-10-17 13:22:14+00:00,33.738034,-84.41915170475828,1090914990,89658,19.0,19.0,19.0,19.0,27.0,27.0,27.0,27.0,66.0,66.0,83.0,83.0,19.66666666666667,67.8,19.562944444444447,15.777777777777779,1.2
2025-10-17 13:22:15+00:00,33.738034,-84.41913517867788,1090914990,89658,19.0,19.0,19.0,19.0,27.0,27.0,27.0,27.0,66.0,66.0,83.0,83.0,19.66666666666667,67.8,19.562944444444447,15.777777777777779,1.2
2025-10-17 13:22:16+00:00,33.738034,-84.4191201439352,1090914990,89658,19.0,19.0,19.0,19.0,27.0,27.0,27.0,27.0,66.0,66.0,83.0,83.0,19.777777777777775,67.7,19.678305555555553,15.88888888888889,0.8
2025-10-17 13:22:17+00:00,33.73803501815688,-84.41910501045018,1090914990,89658,19.0,19.0,19.0,19.0,27.0,27.0,27.0,27.0,66.0,66.0,83.0,83.0,19.777777777777775,67.7,19.678305555555553,15.88888888888889,0.8
2025-10-17 13:22:18+00:00,33.73803529510326,-84.41908991687237,1090914990,89658,19.0,19.0,19.0,19.0,27.0,27.0,27.0,27.0,66.0,66.0,83.0,83.0,19.777777777777775,67.7,19.678305555555553,15.88888888888889,0.8
2025-10-17 13:22:19+00:00,33.73803557284743,-84.41907477981522,1090914990,89658,19.0,19.0,19.0,19.0,27.0,27.0,27.0,27.0,66.0,66.0,83.0,83.0,19.777777777777775,67.7,19.678305555555553,15.88888888888889,0.8
2025-10-17 13:22:20+00:00,33.738035842239164,-84.41906009796583,1090914990,89658,19.0,19.0,19.0,19.0,27.0,27.0,27.0,27.0,66.0,66.0,83.0,83.0,19.777777777777775,67.7,19.678305555555553,15.88888888888889,0.8
2025-10-17 13:22:21+00:00,33.73803611759154,-84.41904509126103,1090914990,89658,19.0,19.0,19.0,19.0,27.0,27.0,27.0,27.0,66.0,66.0,83.0,83.0,19.833333333333332,67.8,19.737944444444445,15.88888888888889,1.3
2025-10-17 13:22:22+00:00,33.738036404863514,-84.4190294349385,1090914990,89658,19.0,19.0,19.0,19.0,27.0,27.0,27.0,27.0,66.0,66.0,83.0,83.0,19.833333333333332,67.8,19.737944444444445,15.88888888888889,1.3
2025-10-17 13:22:23+00:00,33.73803669723304,-84.4190135007993,1090914990,89658,18.5,19.0,18.5,19.0,23.0,27.0,23.0,27.0,65.0,65.0,74.0,74.0,19.833333333333332,67.8,19.737944444444445,15.88888888888889,1.3
2025-10-17 13:22:24+00:00,33.73803699930746,-84.41899703774347,1090914990,89658,18.5,19.0,18.5,19.0,23.0,27.0,23.0,27.0,65.0,65.0,74.0,74.0,19.833333333333332,67.8,19.737944444444445,15.88888888888889,1.3
2025-10-17 13:22:25+00:00,33.738037387356286,-84.4189786005763,1090914990,89658,18.5,19.0,18.5,19.0,23.0,27.0,23.0,27.0,65.0,65.0,74.0,74.0,19.833333333333332,67.8,19.737944444444445,15.88888888888889,1.3
2025-10-17 13:22:26+00:00,33.738037803764925,-84.41895882116616,1090914990,89658,18.5,19.0,18.5,19.0,23.0,27.0,23.0,27.0,65.0,65.0,74.0,74.0,19.88888888888889,67.8,19.796277777777775,16.0,0.0
2025-10-17 13:22:27+00:00,33.73803818201677,-84.41894085420314,1090914990,89658,18.5,19.0,18.5,19.0,23.0,27.0,23.0,27.0,65.0,65.0,74.0,74.0,19.88888888888889,67.8,19.796277777777775,16.0,0.0
2025-10-17 13:22:28+00:00,33.73803850172288,-84.41892566816303,1090914990,89658,18.5,19.0,18.5,19.0,23.0,27.0,23.0,27.0,65.0,65.0,74.0,74.0,19.88888888888889,67.8,19.796277777777775,16.0,0.0
2025-10-17 13:22:29+00:00,33.73803874723878,-84.41891400615789,1090914990,89658,18.5,19.0,18.5,19.0,23.0,27.0,23.0,27.0,65.0,65.0,74.0,74.0,19.88888888888889,67.8,19.796277777777775,16.0,0.0
2025-10-17 13:22:31+00:00,33.738039,-84.4188930868661,1090914990,89658,18.5,19.0,18.5,19.0,23.0,27.0,23.0,27.0,65.0,65.0,74.0,74.0,19.944444444444446,67.7,19.853305555555558,16.11111111111111,1.2
2025-10-17 13:22:32+00:00,33.738039,-84.4188811955715,1090914990,89658,18.5,19.0,18.5,19.0,23.0,27.0,23.0,27.0,65.0,65.0,74.0,74.0,19.944444444444446,67.7,19.853305555555558,16.11111111111111,1.2
2025-10-17 13:22:33+00:00,33.738039,-84.418867,1090914990,89658,18.5,19.0,18.5,19.0,23.0,27.0,23.0,27.0,65.0,65.0,74.0,74.0,19.944444444444446,67.7,19.853305555555558,16.11111111111111,1.2
2025-10-17 13:22:34+00:00,33.73804,-84.41884881922032,1090914990,89658,18.5,19.0,18.5,19.0,23.0,27.0,23.0,27.0,65.0,65.0,74.0,74.0,19.944444444444446,67.7,19.853305555555558,16.11111111111111,1.2
2025-10-17 13:22:35+00:00,33.73804,-84.41883148045747,1090914990,89658,18.5,19.0,18.5,19.0,23.0,27.0,23.0,27.0,65.0,65.0,74.0,74.0,19.944444444444446,67.7,19.853305555555558,16.11111111111111,1.2
2025-10-17 13:22:36+00:00,33.73804048133949,-84.41881415311781,1090914990,89659,18.5,19.0,18.5,19.0,23.0,27.0,23.0,27.0,65.0,65.0,74.0,74.0,19.833333333333332,67.5,19.734027777777783,16.0,1.5
2025-10-17 13:22:37+00:00,33.738040956805186,-84.41879751181854,1090914990,89659,18.5,19.0,18.5,19.0,23.0,27.0,23.0,27.0,65.0,65.0,74.0,74.0,19.833333333333332,67.5,19.734027777777783,16.0,1.5
2025-10-17 13:22:38+00:00,33.738041577921756,-84.41878155195614,1090914990,89659,18.0,19.0,18.0,19.0,19.5,22.0,19.5,22.0,64.0,64.0,67.0,67.0,19.833333333333332,67.5,19.734027777777783,16.0,1.5
2025-10-17 13:22:39+00:00,33.73804226596713,-84.41876435082176,1090914990,89659,18.0,19.0,18.0,19.0,19.5,22.0,19.5,22.0,64.0,64.0,67.0,67.0,19.833333333333332,67.5,19.734027777777783,16.0,1.5
2025-10-17 13:22:40+00:00,33.738042991522065,-84.41874621194826,1090914990,89659,18.0,19.0,18.0,19.0,19.5,22.0,19.5,22.0,64.0,64.0,67.0,67.0,19.833333333333332,67.5,19.734027777777783,16.0,1.5
2025-10-17 13:22:41+00:00,33.73804352817736,-84.41872945044281,1090914990,89659,18.0,19.0,18.0,19.0,19.5,22.0,19.5,22.0,64.0,64.0,67.0,67.0,19.777777777777775,67.4,19.67438888888888,15.777777777777779,1.6
2025-10-17 13:22:42+00:00,33.73804400402884,-84.4187145404294,1090914990,89659,18.0,19.0,18.0,19.0,19.5,22.0,19.5,22.0,64.0,64.0,67.0,67.0,19.777777777777775,67.4,19.67438888888888,15.777777777777779,1.6
2025-10-17 13:22:43+00:00,33.73804448690838,-84.418699410204,1090914990,89659,18.0,19.0,18.0,19.0,19.5,22.0,19.5,22.0,64.0,64.0,67.0,67.0,19.777777777777775,67.4,19.67438888888888,15.777777777777779,1.6
2025-10-17 13:22:44+00:00,33.73804497945202,-84.41868397716993,1090914990,89659,18.0,19.0,18.0,19.0,19.5,22.0,19.5,22.0,64.0,64.0,67.0,67.0,19.777777777777775,67.4,19.67438888888888,15.777777777777779,1.6
2025-10-17 13:22:45+00:00,33.73804546290047,-84.4186688291183,1090914990,89659,18.0,19.0,18.0,19.0,19.5,22.0,19.5,22.0,64.0,64.0,67.0,67.0,19.777777777777775,67.4,19.67438888888888,15.777777777777779,1.6
2025-10-17 13:22:46+00:00,33.738045945778836,-84.4186536989297,1090914990,89659,18.0,19.0,18.0,19.0,19.5,22.0,19.5,22.0,64.0,64.0,67.0,67.0,19.61111111111111,67.2,19.49677777777778,15.666666666666666,2.3
2025-10-17 13:22:47+00:00,33.738046514754295,-84.41863810163403,1090914990,89659,18.0,19.0,18.0,19.0,19.5,22.0,19.5,22.0,64.0,64.0,67.0,67.0,19.61111111111111,67.2,19.49677777777778,15.666666666666666,2.3
2025-10-17 13:22:48+00:00,33.738047,-84.41862186403532,1090914990,89659,18.0,19.0,18.0,19.0,19.5,22.0,19.5,22.0,64.0,64.0,67.0,67.0,19.61111111111111,67.2,19.49677777777778,15.666666666666666,2.3
2025-10-17 13:22:49+00:00,33.73804739398536,-84.41860655938795,1090914990,89659,18.0,19.0,18.0,19.0,19.5,22.0,19.5,22.0,64.0,64.0,67.0,67.0,19.61111111111111,67.2,19.49677777777778,15.666666666666666,2.3
2025-10-17 13:22:50+00:00,33.738047974269335,-84.41859118186255,1090914990,89659,18.0,19.0,18.0,19.0,19.5,22.0,19.5,22.0,64.0,64.0,67.0,67.0,19.61111111111111,67.2,19.49677777777778,15.666666666666666,2.3
2025-10-17 13:22:51+00:00,33.738048566387945,-84.41857549071943,1090914990,89659,18.0,19.0,18.0,19.0,19.5,22.0,19.5,22.0,64.0,64.0,67.0,67.0,19.555555555555557,67.2,19.43844444444445,15.666666666666666,1.7
2025-10-17 13:22:52+00:00,33.73804911222985,-84.41856102590884,1090914990,89659,18.0,19.0,18.0,19.0,19.5,22.0,19.5,22.0,64.0,64.0,67.0,67.0,19.555555555555557,67.2,19.43844444444445,15.666666666666666,1.7
2025-10-17 13:22:53+00:00,33.73804967578765,-84.41854609162728,1090914990,89659,19.0,20.0,19.0,20.0,19.0,20.0,19.0,20.0,66.0,66.0,66.0,66.0,19.555555555555557,67.2,19.43844444444445,15.666666666666666,1.7
2025-10-17 13:22:54+00:00,33.7380502632197,-84.418530524678,1090914990,89659,19.0,20.0,19.0,20.0,19.0,20.0,19.0,20.0,66.0,66.0,66.0,66.0,19.555555555555557,67.2,19.43844444444445,15.666666666666666,1.7
2025-10-17 13:22:55+00:00,33.73804259716886,-84.418511,561725244,42006,19.0,20.0,19.0,20.0,19.0,20.0,19.0,20.0,66.0,66.0,66.0,66.0,19.555555555555557,67.2,19.43844444444445,15.666666666666666,1.7
2025-10-17 13:22:56+00:00,33.73805102508985,-84.41849539157104,1090914990,89660,19.0,20.0,19.0,20.0,19.0,20.0,19.0,20.0,66.0,66.0,66.0,66.0,19.555555555555557,67.3,19.439749999999993,15.61111111111111,1.4
2025-10-17 13:22:57+00:00,33.73805165473054,-84.41848012278442,1090914990,89660,19.0,20.0,19.0,20.0,19.0,20.0,19.0,20.0,66.0,66.0,66.0,66.0,19.555555555555557,67.3,19.439749999999993,15.61111111111111,1.4
2025-10-17 13:22:58+00:00,33.73805210655005,-84.41846916616136,1090914990,89660,19.0,20.0,19.0,20.0,19.0,20.0,19.0,20.0,66.0,66.0,66.0,66.0,19.555555555555557,67.3,19.439749999999993,15.61111111111111,1.4
2025-10-17 13:22:59+00:00,33.73805259045024,-84.41845743158171,1090914990,89660,19.0,20.0,19.0,20.0,19.0,20.0,19.0,20.0,66.0,66.0,66.0,66.0,19.555555555555557,67.3,19.439749999999993,15.61111111111111,1.4
2025-10-17 13:23:00+00:00,33.738053132794306,-84.41844427973818,1090914990,89660,19.0,20.0,19.0,20.0,19.0,20.0,19.0,20.0,66.0,66.0,66.0,66.0,19.555555555555557,67.3,19.439749999999993,15.61111111111111,1.4
2025-10-17 13:23:01+00:00,33.7380537651012,-84.4184289462959,1090914990,89660,19.0,20.0,19.0,20.0,19.0,20.0,19.0,20.0,66.0,66.0,66.0,66.0,19.555555555555557,67.4,19.441055555555554,15.666666666666666,1.1
2025-10-17 13:23:02+00:00,33.73805447650607,-84.41841169472785,1090914990,89660,19.0,20.0,19.0,20.0,19.0,20.0,19.0,20.0,66.0,66.0,66.0,66.0,19.555555555555557,67.4,19.441055555555554,15.666666666666666,1.1
2025-10-17 13:23:03+00:00,33.73805520825503,-84.41839483489947,1090914990,89660,19.0,20.0,19.0,20.0,19.0,20.0,19.0,20.0,66.0,66.0,66.0,66.0,19.555555555555557,67.4,19.441055555555554,15.666666666666666,1.1
2025-10-17 13:23:04+00:00,33.73805595057679,-84.41837998846408,1090914990,89660,19.0,20.0,19.0,20.0,19.0,20.0,19.0,20.0,66.0,66.0,66.0,66.0,19.555555555555557,67.4,19.441055555555554,15.666666666666666,1.1
2025-10-17 13:23:05+00:00,33.73805712987664,-84.41836593491126,1090914990,89660,19.0,20.0,19.0,20.0,19.0,20.0,19.0,20.0,66.0,66.0,66.0,66.0,19.555555555555557,67.4,19.441055555555554,15.666666666666666,1.1
2025-10-17 13:23:06+00:00,33.73805774712158,-84.41835136793063,1090914990,89660,19.0,20.0,19.0,20.0,19.0,20.0,19.0,20.0,66.0,66.0,66.0,66.0,19.61111111111111,67.5,19.50069444444444,15.666666666666666,0.9
2025-10-17 13:23:07+00:00,33.73805844163048,-84.41833497752066,1090914990,89660,19.0,20.0,19.0,20.0,19.0,20.0,19.0,20.0,66.0,66.0,66.0,66.0,19.61111111111111,67.5,19.50069444444444,15.666666666666666,0.9
2025-10-17 13:23:08+00:00,33.73805915947105,-84.41831803648321,1090914990,89660,21.5,21.5,21.5,21.5,18.0,20.0,18.0,20.0,71.0,71.0,64.0,64.0,19.61111111111111,67.5,19.50069444444444,15.666666666666666,0.9
2025-10-17 13:23:09+00:00,33.73805991570532,-84.4183001893544,1090914990,89660,21.5,21.5,21.5,21.5,18.0,20.0,18.0,20.0,71.0,71.0,64.0,64.0,19.61111111111111,67.5,19.50069444444444,15.666666666666666,0.9
2025-10-17 13:23:10+00:00,33.73806067158441,-84.4182823506079,1090914990,89660,21.5,21.5,21.5,21.5,18.0,20.0,18.0,20.0,71.0,71.0,64.0,64.0,19.61111111111111,67.5,19.50069444444444,15.666666666666666,0.9
2025-10-17 13:23:11+00:00,33.73806138953718,-84.41826540692252,1090914990,89660,21.5,21.5,21.5,21.5,18.0,20.0,18.0,20.0,71.0,71.0,64.0,64.0,19.555555555555557,67.6,19.443666666666672,15.666666666666666,1.2
2025-10-17 13:23:12+00:00,33.73806203623836,-84.41825002156432,1090914990,89660,21.5,21.5,21.5,21.5,18.0,20.0,18.0,20.0,71.0,71.0,64.0,64.0,19.555555555555557,67.6,19.443666666666672,15.666666666666666,1.2
2025-10-17 13:23:13+00:00,33.738062559613475,-84.41823589043618,1090914990,89660,21.5,21.5,21.5,21.5,18.0,20.0,18.0,20.0,71.0,71.0,64.0,64.0,19.555555555555557,67.6,19.443666666666672,15.666666666666666,1.2
2025-10-17 13:23:14+00:00,33.73803743843715,-84.41820585385429,561725235,41995,21.5,21.5,21.5,21.5,18.0,20.0,18.0,20.0,71.0,71.0,64.0,64.0,19.555555555555557,67.6,19.443666666666672,15.666666666666666,1.2
2025-10-17 13:23:15+00:00,33.73804442632066,-84.41820352455979,561725235,41995,21.5,21.5,21.5,21.5,18.0,20.0,18.0,20.0,71.0,71.0,64.0,64.0,19.555555555555557,67.6,19.443666666666672,15.666666666666666,1.2
2025-10-17 13:23:16+00:00,33.73805297708829,-84.4182006743039,561725235,41995,21.5,21.5,21.5,21.5,18.0,20.0,18.0,20.0,71.0,71.0,64.0,64.0,19.444444444444443,67.9,19.330916666666663,15.61111111111111,1.6
2025-10-17 13:23:17+00:00,33.738066143141836,-84.418171282298,1090914990,89661,21.5,21.5,21.5,21.5,18.0,20.0,18.0,20.0,71.0,71.0,64.0,64.0,19.444444444444443,67.9,19.330916666666663,15.61111111111111,1.6
2025-10-17 13:23:18+00:00,33.73806756255754,-84.41815396803075,1090914990,89661,21.5,21.5,21.5,21.5,18.0,20.0,18.0,20.0,71.0,71.0,64.0,64.0,19.444444444444443,67.9,19.330916666666663,15.61111111111111,1.6
2025-10-17 13:23:19+00:00,33.73806884181557,-84.41813797730543,1090914990,89661,21.5,21.5,21.5,21.5,18.0,20.0,18.0,20.0,71.0,71.0,64.0,64.0,19.444444444444443,67.9,19.330916666666663,15.61111111111111,1.6
2025-10-17 13:23:20+00:00,33.738069507678965,-84.41812198037806,1090914990,89661,21.5,21.5,21.5,21.5,18.0,20.0,18.0,20.0,71.0,71.0,64.0,64.0,19.444444444444443,67.9,19.330916666666663,15.61111111111111,1.6
2025-10-17 13:23:21+00:00,33.738070905873705,-84.41810540178321,1090914990,89661,21.5,21.5,21.5,21.5,18.0,20.0,18.0,20.0,71.0,71.0,64.0,64.0,19.388888888888893,68.0,19.273888888888894,15.61111111111111,1.5
2025-10-17 13:23:22+00:00,33.73807239705484,-84.41808772063547,1090914990,89661,21.5,21.5,21.5,21.5,18.0,20.0,18.0,20.0,71.0,71.0,64.0,64.0,19.388888888888893,68.0,19.273888888888894,15.61111111111111,1.5
2025-10-17 13:23:23+00:00,33.738073875385325,-84.41807019185973,1090914990,89661,21.0,22.0,21.0,22.0,20.0,20.0,20.0,20.0,70.0,70.0,68.0,68.0,19.388888888888893,68.0,19.273888888888894,15.61111111111111,1.5
2025-10-17 13:23:24+00:00,33.73805890274222,-84.41804053984579,561725238,41999,21.0,22.0,21.0,22.0,20.0,20.0,20.0,20.0,70.0,70.0,68.0,68.0,19.388888888888893,68.0,19.273888888888894,15.61111111111111,1.5
2025-10-17 13:23:25+00:00,33.73805385899082,-84.41803922408455,561725238,41999,21.0,22.0,21.0,22.0,20.0,20.0,20.0,20.0,70.0,70.0,68.0,68.0,19.388888888888893,68.0,19.273888888888894,15.61111111111111,1.5
2025-10-17 13:23:26+00:00,33.73807802664025,-84.41801348850724,1090914990,89662,21.0,22.0,21.0,22.0,20.0,20.0,20.0,20.0,70.0,70.0,68.0,68.0,19.499999999999996,68.2,19.39316666666666,15.666666666666666,1.4
2025-10-17 13:23:27+00:00,33.73807890151783,-84.41799669085769,1090914990,89662,21.0,22.0,21.0,22.0,20.0,20.0,20.0,20.0,70.0,70.0,68.0,68.0,19.499999999999996,68.2,19.39316666666666,15.666666666666666,1.4
2025-10-17 13:23:28+00:00,33.73807968243423,-84.41798169726285,1090914990,89662,21.0,22.0,21.0,22.0,20.0,20.0,20.0,20.0,70.0,70.0,68.0,68.0,19.499999999999996,68.2,19.39316666666666,15.666666666666666,1.4
2025-10-17 13:23:29+00:00,33.738080345798544,-84.41796896066799,1090914990,89662,21.0,22.0,21.0,22.0,20.0,20.0,20.0,20.0,70.0,70.0,68.0,68.0,19.499999999999996,68.2,19.39316666666666,15.666666666666666,1.4
2025-10-17 13:23:30+00:00,33.738081035564015,-84.41795571717098,1090914990,89662,21.0,22.0,21.0,22.0,20.0,20.0,20.0,20.0,70.0,70.0,68.0,68.0,19.499999999999996,68.2,19.39316666666666,15.666666666666666,1.4
2025-10-17 13:23:31+00:00,33.73808173265438,-84.41794233303601,1090914990,89662,21.0,22.0,21.0,22.0,20.0,20.0,20.0,20.0,70.0,70.0,68.0,68.0,19.66666666666667,68.2,19.56816666666667,15.777777777777779,0.9
2025-10-17 13:23:32+00:00,33.73808243151469,-84.41792891491802,1090914990,89662,21.0,22.0,21.0,22.0,20.0,20.0,20.0,20.0,70.0,70.0,68.0,68.0,19.66666666666667,68.2,19.56816666666667,15.777777777777779,0.9
2025-10-17 13:23:33+00:00,33.738083060476384,-84.4179173347598,1090914990,89662,21.0,22.0,21.0,22.0,20.0,20.0,20.0,20.0,70.0,70.0,68.0,68.0,19.66666666666667,68.2,19.56816666666667,15.777777777777779,0.9
2025-10-17 13:23:34+00:00,33.73808411088994,-84.41790578021066,1090914990,89662,21.0,22.0,21.0,22.0,20.0,20.0,20.0,20.0,70.0,70.0,68.0,68.0,19.66666666666667,68.2,19.56816666666667,15.777777777777779,0.9
2025-10-17 13:23:35+00:00,33.73808515273291,-84.41789401447218,1090914990,89662,21.0,22.0,21.0,22.0,20.0,20.0,20.0,20.0,70.0,70.0,68.0,68.0,19.66666666666667,68.2,19.56816666666667,15.777777777777779,0.9
2025-10-17 13:23:36+00:00,33.738086129310666,-84.41788028447608,1090914990,89662,21.0,22.0,21.0,22.0,20.0,20.0,20.0,20.0,70.0,70.0,68.0,68.0,19.66666666666667,68.2,19.56816666666667,15.88888888888889,1.0
2025-10-17 13:23:37+00:00,33.73808668359971,-84.41786864440616,1090914990,89662,21.0,22.0,21.0,22.0,20.0,20.0,20.0,20.0,70.0,70.0,68.0,68.0,19.66666666666667,68.2,19.56816666666667,15.88888888888889,1.0
2025-10-17 13:23:39+00:00,33.738087530011676,-84.4178508697549,1090914990,89662,18.0,18.0,18.0,18.0,22.0,22.0,22.0,22.0,64.0,64.0,72.0,72.0,19.66666666666667,68.2,19.56816666666667,15.88888888888889,1.0
2025-10-17 13:23:41+00:00,33.73808811219368,-84.41783864393271,1090914990,89662,18.0,18.0,18.0,18.0,22.0,22.0,22.0,22.0,64.0,64.0,72.0,72.0,19.66666666666667,68.2,19.56816666666667,15.777777777777779,1.5
2025-10-17 13:23:48+00:00,33.7380879314904,-84.41784243870174,1090914990,89662,18.0,18.0,18.0,18.0,22.0,22.0,22.0,22.0,64.0,64.0,72.0,72.0,19.555555555555557,67.8,19.446277777777777,15.777777777777779,1.5
2025-10-17 13:24:01+00:00,33.73808756452074,-84.41785014506455,1090914990,89662,17.0,17.0,17.0,17.0,23.0,24.0,23.0,24.0,62.0,62.0,74.0,74.0,19.944444444444446,68.4,19.862444444444442,16.22222222222222,0.0
2025-10-17 13:24:07+00:00,33.738088123801234,-84.41783840017416,1090914990,89662,17.0,17.0,17.0,17.0,23.0,24.0,23.0,24.0,62.0,62.0,74.0,74.0,20.055555555555554,67.7,19.969972222222218,16.11111111111111,0.0
2025-10-17 13:24:20+00:00,33.738087582749706,-84.41784976225618,1090914990,89662,20.0,22.0,20.0,22.0,23.0,23.0,23.0,23.0,68.0,68.0,74.0,74.0,20.166666666666668,66.9,20.07619444444444,16.11111111111111,0.0
2025-10-17 13:24:30+00:00,33.73808770673516,-84.41784715856168,1090914990,89662,19.5,21.5,19.5,21.5,25.0,25.0,25.0,25.0,67.0,67.0,79.0,79.0,20.222222222222225,66.0,20.12277777777778,16.11111111111111,0.0
2025-10-17 13:24:35+00:00,33.73808761667557,-84.41784904981303,1090914990,89662,19.5,21.5,19.5,21.5,25.0,25.0,25.0,25.0,67.0,67.0,79.0,79.0,20.27777777777778,65.8,20.178500000000003,16.11111111111111,0.0
2025-10-17 13:24:36+00:00,33.73808773900041,-84.41784648099136,1090914990,89662,19.5,21.5,19.5,21.5,25.0,25.0,25.0,25.0,67.0,67.0,79.0,79.0,20.33333333333333,65.6,20.234222222222222,16.11111111111111,0.0
2025-10-17 13:24:37+00:00,33.73811668817873,-84.41781900356577,1382904489,102134,19.5,21.5,19.5,21.5,25.0,25.0,25.0,25.0,67.0,67.0,79.0,79.0,20.33333333333333,65.6,20.234222222222222,16.11111111111111,0.0
2025-10-17 13:24:38+00:00,33.73813376559552,-84.41781784504755,1382904489,102134,22.0,22.0,22.0,22.0,22.0,22.0,22.0,22.0,72.0,72.0,72.0,72.0,20.33333333333333,65.6,20.234222222222222,16.11111111111111,0.0
2025-10-17 13:24:39+00:00,33.73814377561851,-84.41781716597563,1382904489,102134,22.0,22.0,22.0,22.0,22.0,22.0,22.0,22.0,72.0,72.0,72.0,72.0,20.33333333333333,65.6,20.234222222222222,16.11111111111111,0.0
2025-10-17 13:24:41+00:00,33.73813805226735,-84.41781755424317,1382904489,102134,22.0,22.0,22.0,22.0,22.0,22.0,22.0,22.0,72.0,72.0,72.0,72.0,20.33333333333333,65.6,20.234222222222222,16.22222222222222,0.0
2025-10-17 13:24:42+00:00,33.73812964404057,-84.41781812465052,1382904489,102134,22.0,22.0,22.0,22.0,22.0,22.0,22.0,22.0,72.0,72.0,72.0,72.0,20.33333333333333,65.6,20.234222222222222,16.22222222222222,0.0
2025-10-17 13:24:43+00:00,33.73808722252391,-84.41785732699795,1090914990,89662,22.0,22.0,22.0,22.0,22.0,22.0,22.0,22.0,72.0,72.0,72.0,72.0,20.33333333333333,65.6,20.234222222222222,16.22222222222222,0.0
2025-10-17 13:24:44+00:00,33.738086734063856,-84.4178675846591,1090914990,89662,22.0,22.0,22.0,22.0,22.0,22.0,22.0,22.0,72.0,72.0,72.0,72.0,20.33333333333333,65.6,20.234222222222222,16.22222222222222,0.0
2025-10-17 13:24:46+00:00,33.7380864791695,-84.41787293744042,1090914990,89662,22.0,22.0,22.0,22.0,22.0,22.0,22.0,22.0,72.0,72.0,72.0,72.0,20.33333333333333,65.6,20.234222222222222,16.22222222222222,0.0
2025-10-17 13:24:48+00:00,33.73808694414401,-84.41786317297593,1090914990,89662,22.0,22.0,22.0,22.0,22.0,22.0,22.0,22.0,72.0,72.0,72.0,72.0,20.33333333333333,65.6,20.234222222222222,16.22222222222222,0.0
2025-10-17 13:24:50+00:00,33.738087555818005,-84.41785032782202,1090914990,89662,22.0,22.0,22.0,22.0,22.0,22.0,22.0,22.0,72.0,72.0,72.0,72.0,20.33333333333333,65.6,20.234222222222222,16.22222222222222,0.0
2025-10-17 13:24:55+00:00,33.73808799695563,-84.41784106393185,1090914990,89662,21.0,21.0,21.0,21.0,21.0,22.0,21.0,22.0,70.0,70.0,70.0,70.0,20.38888888888889,65.5,20.291249999999998,16.22222222222222,0.0
2025-10-17 13:24:56+00:00,33.73808789998888,-84.41784310023364,1090914990,89662,21.0,21.0,21.0,21.0,21.0,22.0,21.0,22.0,70.0,70.0,70.0,70.0,20.444444444444443,65.2,20.345666666666673,16.22222222222222,0.0
2025-10-17 13:24:57+00:00,33.73808756596783,-84.41785011467563,1090914990,89662,21.0,21.0,21.0,21.0,21.0,22.0,21.0,22.0,70.0,70.0,70.0,70.0,20.444444444444443,65.2,20.345666666666673,16.22222222222222,0.0
2025-10-17 13:24:58+00:00,33.73808690452202,-84.41786400503764,1090914990,89662,21.0,21.0,21.0,21.0,21.0,22.0,21.0,22.0,70.0,70.0,70.0,70.0,20.444444444444443,65.2,20.345666666666673,16.22222222222222,0.0
2025-10-17 13:24:59+00:00,33.738086,-84.417883,1090914990,89662,21.0,21.0,21.0,21.0,21.0,22.0,21.0,22.0,70.0,70.0,70.0,70.0,20.444444444444443,65.2,20.345666666666673,16.22222222222222,0.0
2025-10-17 13:25:00+00:00,33.73808443013844,-84.41790226847714,1090914990,89662,21.0,21.0,21.0,21.0,21.0,22.0,21.0,22.0,70.0,70.0,70.0,70.0,20.444444444444443,65.2,20.345666666666673,16.22222222222222,0.0
2025-10-17 13:25:01+00:00,33.73808250233179,-84.41792755522965,1090914990,89662,21.0,21.0,21.0,21.0,21.0,22.0,21.0,22.0,70.0,70.0,70.0,70.0,20.444444444444443,65.1,20.34436111111112,16.22222222222222,0.0
2025-10-17 13:25:02+00:00,33.73808142978945,-84.41794814804253,1090914990,89662,21.0,21.0,21.0,21.0,21.0,22.0,21.0,22.0,70.0,70.0,70.0,70.0,20.444444444444443,65.1,20.34436111111112,16.22222222222222,0.0
2025-10-17 13:25:03+00:00,33.73808052615426,-84.41796549783824,1090914990,89662,21.0,21.0,21.0,21.0,21.0,22.0,21.0,22.0,70.0,70.0,70.0,70.0,20.444444444444443,65.1,20.34436111111112,16.22222222222222,0.0
2025-10-17 13:25:04+00:00,33.73808001120995,-84.41797538476902,1090914990,89662,21.0,21.0,21.0,21.0,21.0,22.0,21.0,22.0,70.0,70.0,70.0,70.0,20.444444444444443,65.1,20.34436111111112,16.22222222222222,0.0
2025-10-17 13:25:05+00:00,33.73807977020048,-84.41798001215086,1090914990,89662,21.0,21.0,21.0,21.0,21.0,22.0,21.0,22.0,70.0,70.0,70.0,70.0,20.444444444444443,65.1,20.34436111111112,16.22222222222222,0.0
2025-10-17 13:25:06+00:00,33.738079766796446,-84.41798007750825,1090914990,89662,21.0,21.0,21.0,21.0,21.0,22.0,21.0,22.0,70.0,70.0,70.0,70.0,20.444444444444443,64.9,20.34175,16.22222222222222,0.0
2025-10-17 13:25:07+00:00,33.738079866591065,-84.41797816145164,1090914990,89662,21.0,21.0,21.0,21.0,21.0,22.0,21.0,22.0,70.0,70.0,70.0,70.0,20.444444444444443,64.9,20.34175,16.22222222222222,0.0
2025-10-17 13:25:08+00:00,33.738080217630255,-84.4179714214991,1090914990,89662,21.0,22.0,21.0,22.0,27.0,30.5,27.0,30.5,70.0,70.0,83.0,83.0,20.444444444444443,64.9,20.34175,16.22222222222222,0.0
2025-10-17 13:25:09+00:00,33.73808096198265,-84.41795712993321,1090914990,89662,21.0,22.0,21.0,22.0,27.0,30.5,27.0,30.5,70.0,70.0,83.0,83.0,20.444444444444443,64.9,20.34175,16.22222222222222,0.0
2025-10-17 13:25:10+00:00,33.73808179122806,-84.41794120842133,1090914990,89662,21.0,22.0,21.0,22.0,27.0,30.5,27.0,30.5,70.0,70.0,83.0,83.0,20.444444444444443,64.9,20.34175,16.22222222222222,0.0
2025-10-17 13:25:11+00:00,33.7380828107016,-84.4179216345294,1090914990,89662,21.0,22.0,21.0,22.0,27.0,30.5,27.0,30.5,70.0,70.0,83.0,83.0,20.444444444444443,64.7,20.33913888888889,16.11111111111111,0.0
2025-10-17 13:25:12+00:00,33.73808439699676,-84.41790263303562,1090914990,89662,21.0,22.0,21.0,22.0,27.0,30.5,27.0,30.5,70.0,70.0,83.0,83.0,20.444444444444443,64.7,20.33913888888889,16.11111111111111,0.0
2025-10-17 13:25:13+00:00,33.738085804311275,-84.41788554395343,1090914990,89662,21.0,22.0,21.0,22.0,27.0,30.5,27.0,30.5,70.0,70.0,83.0,83.0,20.444444444444443,64.7,20.33913888888889,16.11111111111111,0.0
2025-10-17 13:25:14+00:00,33.738086511553256,-84.41787225738176,1090914990,89662,21.0,22.0,21.0,22.0,27.0,30.5,27.0,30.5,70.0,70.0,83.0,83.0,20.444444444444443,64.7,20.33913888888889,16.11111111111111,0.0
2025-10-17 13:25:15+00:00,33.738087046533884,-84.41786102278856,1090914990,89662,21.0,22.0,21.0,22.0,27.0,30.5,27.0,30.5,70.0,70.0,83.0,83.0,20.444444444444443,64.7,20.33913888888889,16.11111111111111,0.0
2025-10-17 13:25:16+00:00,33.7380874576946,-84.41785238841356,1090914990,89662,21.0,22.0,21.0,22.0,27.0,30.5,27.0,30.5,70.0,70.0,83.0,83.0,20.500000000000004,64.2,20.390944444444443,16.11111111111111,0.0
2025-10-17 13:25:17+00:00,33.73808777670317,-84.41784568923353,1090914990,89662,21.0,22.0,21.0,22.0,27.0,30.5,27.0,30.5,70.0,70.0,83.0,83.0,20.500000000000004,64.2,20.390944444444443,16.11111111111111,0.0
2025-10-17 13:25:20+00:00,33.738062649668876,-84.41781988734542,1382904490,102142,21.0,22.0,21.0,22.0,27.0,30.5,27.0,30.5,70.0,70.0,83.0,83.0,20.500000000000004,64.2,20.390944444444443,16.11111111111111,0.0
2025-10-17 13:25:24+00:00,33.73808778806826,-84.4178454505665,1090914990,89662,21.0,21.5,21.0,21.5,23.0,25.5,23.0,25.5,70.0,70.0,74.5,74.5,20.500000000000004,63.9,20.38702777777778,16.0,0.0
2025-10-17 13:25:26+00:00,33.73808758318383,-84.41784975313965,1090914990,89662,21.0,21.5,21.0,21.5,23.0,25.5,23.0,25.5,70.0,70.0,74.5,74.5,20.444444444444443,63.5,20.32347222222222,15.88888888888889,0.0
2025-10-17 13:25:37+00:00,33.73808730972786,-84.41785549571497,1090914990,89662,21.0,21.5,21.0,21.5,23.0,25.5,23.0,25.5,70.0,70.0,74.5,74.5,20.500000000000004,63.5,20.38180555555556,16.0,0.0
2025-10-17 13:25:38+00:00,33.73808685876102,-84.41786496601866,1090914990,89662,21.0,21.0,21.0,21.0,19.0,21.0,19.0,21.0,70.0,70.0,66.0,66.0,20.500000000000004,63.5,20.38180555555556,16.0,0.0
2025-10-17 13:25:39+00:00,33.73808640375981,-84.41787452104406,1090914990,89662,21.0,21.0,21.0,21.0,19.0,21.0,19.0,21.0,70.0,70.0,66.0,66.0,20.500000000000004,63.5,20.38180555555556,16.0,0.0
2025-10-17 13:25:40+00:00,33.73808596347917,-84.4178834747708,1090914990,89662,21.0,21.0,21.0,21.0,19.0,21.0,19.0,21.0,70.0,70.0,66.0,66.0,20.500000000000004,63.5,20.38180555555556,16.0,0.0
2025-10-17 13:25:42+00:00,33.738085123511574,-84.41789439434952,1090914990,89662,21.0,21.0,21.0,21.0,19.0,21.0,19.0,21.0,70.0,70.0,66.0,66.0,20.444444444444443,64.2,20.332611111111117,16.0,0.0
2025-10-17 13:25:47+00:00,33.73808452950252,-84.41790117547222,1090914990,89662,21.0,21.0,21.0,21.0,19.0,21.0,19.0,21.0,70.0,70.0,66.0,66.0,20.33333333333333,64.5,20.219861111111108,16.0,0.0
2025-10-17 13:25:50+00:00,33.73808601568343,-84.41788267064808,1090914990,89662,21.0,21.0,21.0,21.0,19.0,21.0,19.0,21.0,70.0,70.0,66.0,66.0,20.33333333333333,64.5,20.219861111111108,16.0,0.0
2025-10-17 13:25:52+00:00,33.73808651956306,-84.41787208917583,1090914990,89662,21.0,21.0,21.0,21.0,19.0,21.0,19.0,21.0,70.0,70.0,66.0,66.0,20.444444444444443,64.3,20.333916666666667,16.11111111111111,0.0
2025-10-17 13:25:53+00:00,33.7380865696635,-84.41787103706649,1090914990,89662,19.5,20.0,19.5,20.0,24.0,28.0,24.0,28.0,67.0,67.0,77.0,77.0,20.444444444444443,64.3,20.333916666666667,16.11111111111111,0.0
2025-10-17 13:25:54+00:00,33.738086586402495,-84.41787068554765,1090914990,89662,19.5,20.0,19.5,20.0,24.0,28.0,24.0,28.0,67.0,67.0,77.0,77.0,20.444444444444443,64.3,20.333916666666667,16.11111111111111,0.0
2025-10-17 13:25:55+00:00,33.7380866001108,-84.41787039767325,1090914990,89662,19.5,20.0,19.5,20.0,24.0,28.0,24.0,28.0,67.0,67.0,77.0,77.0,20.444444444444443,64.3,20.333916666666667,16.11111111111111,0.0
2025-10-17 13:25:57+00:00,33.738086581466376,-84.41787078920622,1090914990,89662,19.5,20.0,19.5,20.0,24.0,28.0,24.0,28.0,67.0,67.0,77.0,77.0,20.500000000000004,63.8,20.38572222222222,16.0,0.0
2025-10-17 13:26:02+00:00,33.738087075518784,-84.4178604141056,1090914990,89662,19.5,20.0,19.5,20.0,24.0,28.0,24.0,28.0,67.0,67.0,77.0,77.0,20.444444444444443,63.4,20.32216666666667,15.88888888888889,0.0
2025-10-17 13:26:04+00:00,33.73808772666954,-84.41784673993965,1090914990,89662,19.5,20.0,19.5,20.0,24.0,28.0,24.0,28.0,67.0,67.0,77.0,77.0,20.444444444444443,63.4,20.32216666666667,15.88888888888889,0.0
2025-10-17 13:26:06+00:00,33.738106971824934,-84.4178196627154,1382904489,102134,19.5,20.0,19.5,20.0,24.0,28.0,24.0,28.0,67.0,67.0,77.0,77.0,20.555555555555557,62.9,20.43230555555555,15.88888888888889,0.0
2025-10-17 13:26:09+00:00,33.73808837174498,-84.4178331933555,1090914990,89662,20.0,20.0,20.0,20.0,20.0,20.0,20.0,20.0,68.0,68.0,68.0,68.0,20.555555555555557,62.9,20.43230555555555,15.88888888888889,0.0
2025-10-17 13:26:15+00:00,33.73808804642097,-84.41784002515976,1090914990,89662,20.0,20.0,20.0,20.0,20.0,20.0,20.0,20.0,68.0,68.0,68.0,68.0,20.555555555555557,62.6,20.428388888888882,15.88888888888889,0.0
2025-10-17 13:26:17+00:00,33.73808742105148,-84.41785315791891,1090914990,89662,20.0,20.0,20.0,20.0,20.0,20.0,20.0,20.0,68.0,68.0,68.0,68.0,20.555555555555557,62.2,20.42316666666666,15.88888888888889,0.0
2025-10-17 13:26:19+00:00,33.73808716609155,-84.41785851207744,1090914990,89662,20.0,20.0,20.0,20.0,20.0,20.0,20.0,20.0,68.0,68.0,68.0,68.0,20.555555555555557,62.2,20.42316666666666,15.88888888888889,0.0
2025-10-17 13:26:21+00:00,33.73808766441628,-84.41784804725822,1090914990,89662,20.0,20.0,20.0,20.0,20.0,20.0,20.0,20.0,68.0,68.0,68.0,68.0,20.611111111111107,62.0,20.478888888888886,15.88888888888889,0.0
2025-10-17 13:26:23+00:00,33.73805325530457,-84.4178197741603,1382904490,102142,23.0,24.5,23.0,24.5,19.5,20.5,19.5,20.5,74.0,74.0,67.0,67.0,20.611111111111107,62.0,20.478888888888886,15.88888888888889,0.0
2025-10-17 13:26:26+00:00,33.73806376327828,-84.4178199007624,1382904490,102142,23.0,24.5,23.0,24.5,19.5,20.5,19.5,20.5,74.0,74.0,67.0,67.0,20.611111111111107,61.8,20.476277777777778,15.777777777777779,1.5
2025-10-17 13:26:28+00:00,33.73808822086019,-84.41783636193598,1090914990,89662,23.0,24.5,23.0,24.5,19.5,20.5,19.5,20.5,74.0,74.0,67.0,67.0,20.611111111111107,61.8,20.476277777777778,15.777777777777779,1.5
2025-10-17 13:26:30+00:00,33.73808779465096,-84.4178453123299,1090914990,89662,23.0,24.5,23.0,24.5,19.5,20.5,19.5,20.5,74.0,74.0,67.0,67.0,20.611111111111107,61.8,20.476277777777778,15.777777777777779,1.5
2025-10-17 13:26:32+00:00,33.7380871125652,-84.41785963613086,1090914990,89662,23.0,24.5,23.0,24.5,19.5,20.5,19.5,20.5,74.0,74.0,67.0,67.0,20.555555555555557,61.8,20.41794444444444,15.777777777777779,0.9
2025-10-17 13:26:33+00:00,33.738086688567215,-84.41786854008853,1090914990,89662,23.0,24.5,23.0,24.5,19.5,20.5,19.5,20.5,74.0,74.0,67.0,67.0,20.555555555555557,61.8,20.41794444444444,15.777777777777779,0.9
2025-10-17 13:26:35+00:00,33.73808630837663,-84.41787652409084,1090914990,89662,23.0,24.5,23.0,24.5,19.5,20.5,19.5,20.5,74.0,74.0,67.0,67.0,20.555555555555557,61.8,20.41794444444444,15.777777777777779,0.9
2025-10-17 13:26:38+00:00,33.7380871399431,-84.41785906119496,1090914990,89662,22.0,24.0,22.0,24.0,21.5,22.5,21.5,22.5,72.0,72.0,71.0,71.0,20.666666666666668,62.5,20.543749999999996,16.0,0.8
2025-10-17 13:26:39+00:00,33.73811788276911,-84.41781892252573,1382904489,102134,22.0,24.0,22.0,24.0,21.5,22.5,21.5,22.5,72.0,72.0,71.0,71.0,20.666666666666668,62.5,20.543749999999996,16.0,0.8
2025-10-17 13:26:40+00:00,33.738117059253796,-84.41781897839233,1382904489,102134,22.0,24.0,22.0,24.0,21.5,22.5,21.5,22.5,72.0,72.0,71.0,71.0,20.666666666666668,62.5,20.543749999999996,16.0,0.8
2025-10-17 13:26:42+00:00,33.738109301787865,-84.41781950465258,1382904489,102134,22.0,24.0,22.0,24.0,21.5,22.5,21.5,22.5,72.0,72.0,71.0,71.0,20.500000000000004,63.4,20.380499999999998,15.88888888888889,0.8
2025-10-17 13:26:43+00:00,33.7381007939796,-84.41782,1382904489,102134,22.0,24.0,22.0,24.0,21.5,22.5,21.5,22.5,72.0,72.0,71.0,71.0,20.500000000000004,63.4,20.380499999999998,15.88888888888889,0.8
2025-10-17 13:26:44+00:00,33.73809110803796,-84.41782,1382904489,102134,22.0,24.0,22.0,24.0,21.5,22.5,21.5,22.5,72.0,72.0,71.0,71.0,20.500000000000004,63.4,20.380499999999998,15.88888888888889,0.8
2025-10-17 13:26:45+00:00,33.73808107874037,-84.41782,1382904490,102142,22.0,24.0,22.0,24.0,21.5,22.5,21.5,22.5,72.0,72.0,71.0,71.0,20.500000000000004,63.4,20.380499999999998,15.88888888888889,0.8
2025-10-17 13:26:47+00:00,33.73806882838648,-84.4178199617878,1382904490,102142,22.0,24.0,22.0,24.0,21.5,22.5,21.5,22.5,72.0,72.0,71.0,71.0,20.444444444444443,64.3,20.333916666666667,16.0,0.0
2025-10-17 13:26:49+00:00,33.73806100947,-84.41781986758399,1382904490,102142,22.0,24.0,22.0,24.0,21.5,22.5,21.5,22.5,72.0,72.0,71.0,71.0,20.444444444444443,64.3,20.333916666666667,16.0,0.0
2025-10-17 13:26:51+00:00,33.738050773873795,-84.41781974426354,1382904490,102142,22.0,24.0,22.0,24.0,21.5,22.5,21.5,22.5,72.0,72.0,71.0,71.0,20.38888888888889,64.3,20.27558333333333,16.0,0.9
2025-10-17 13:26:53+00:00,33.73803741510366,-84.4178195833145,1382904490,102142,20.0,21.0,20.0,21.0,25.0,29.0,25.0,29.0,68.0,68.0,79.0,79.0,20.38888888888889,64.3,20.27558333333333,16.0,0.9
2025-10-17 13:26:54+00:00,33.73803053160481,-84.41781950038079,1382904490,102142,20.0,21.0,20.0,21.0,25.0,29.0,25.0,29.0,68.0,68.0,79.0,79.0,20.38888888888889,64.3,20.27558333333333,16.0,0.9
2025-10-17 13:26:56+00:00,33.73802289111272,-84.41781940832666,1382904490,102142,20.0,21.0,20.0,21.0,25.0,29.0,25.0,29.0,68.0,68.0,79.0,79.0,20.33333333333333,63.9,20.212027777777774,15.88888888888889,0.0
2025-10-17 13:26:58+00:00,33.73798967663834,-84.4177871979979,1307448046,97378,20.0,21.0,20.0,21.0,25.0,29.0,25.0,29.0,68.0,68.0,79.0,79.0,20.33333333333333,63.9,20.212027777777774,15.88888888888889,0.0
2025-10-17 13:27:00+00:00,33.73802344745046,-84.41781941502953,1382904490,102142,20.0,21.0,20.0,21.0,25.0,29.0,25.0,29.0,68.0,68.0,79.0,79.0,20.33333333333333,63.9,20.212027777777774,15.88888888888889,0.0
2025-10-17 13:27:01+00:00,33.738032583253016,-84.41781952509943,1382904490,102142,20.0,21.0,20.0,21.0,25.0,29.0,25.0,29.0,68.0,68.0,79.0,79.0,20.38888888888889,63.6,20.266444444444446,15.88888888888889,0.8
2025-10-17 13:27:02+00:00,33.73804499965026,-84.41781967469458,1382904490,102142,20.0,21.0,20.0,21.0,25.0,29.0,25.0,29.0,68.0,68.0,79.0,79.0,20.38888888888889,63.6,20.266444444444446,15.88888888888889,0.8
2025-10-17 13:27:03+00:00,33.738058386919704,-84.41781983598699,1382904490,102142,20.0,21.0,20.0,21.0,25.0,29.0,25.0,29.0,68.0,68.0,79.0,79.0,20.38888888888889,63.6,20.266444444444446,15.88888888888889,0.8
2025-10-17 13:27:04+00:00,33.738069807969524,-84.41781997359,1382904490,102142,20.0,21.0,20.0,21.0,25.0,29.0,25.0,29.0,68.0,68.0,79.0,79.0,20.38888888888889,63.6,20.266444444444446,15.88888888888889,0.8
2025-10-17 13:27:05+00:00,33.738080885045036,-84.41782,1382904490,102142,20.0,21.0,20.0,21.0,25.0,29.0,25.0,29.0,68.0,68.0,79.0,79.0,20.38888888888889,63.6,20.266444444444446,15.88888888888889,0.8
2025-10-17 13:27:06+00:00,33.73808892493116,-84.41782157644572,1090914990,89662,20.0,21.0,20.0,21.0,25.0,29.0,25.0,29.0,68.0,68.0,79.0,79.0,20.33333333333333,63.9,20.212027777777774,15.88888888888889,1.0
2025-10-17 13:27:08+00:00,33.73809941360517,-84.41782,1382904489,102134,19.0,20.0,19.0,20.0,25.0,28.0,25.0,28.0,66.0,66.0,79.0,79.0,20.33333333333333,63.9,20.212027777777774,15.88888888888889,1.0
2025-10-17 13:27:10+00:00,33.73810035540198,-84.41782,1382904489,102134,19.0,20.0,19.0,20.0,25.0,28.0,25.0,28.0,66.0,66.0,79.0,79.0,20.33333333333333,63.9,20.212027777777774,15.88888888888889,1.0
2025-10-17 13:27:11+00:00,33.738099136141265,-84.41782,1382904489,102134,19.0,20.0,19.0,20.0,25.0,28.0,25.0,28.0,66.0,66.0,79.0,79.0,20.222222222222225,64.4,20.101888888888894,15.777777777777779,0.8
2025-10-17 13:27:12+00:00,33.73809816939781,-84.41782,1382904489,102134,19.0,20.0,19.0,20.0,25.0,28.0,25.0,28.0,66.0,66.0,79.0,79.0,20.222222222222225,64.4,20.101888888888894,15.777777777777779,0.8
2025-10-17 13:27:13+00:00,33.738105265587315,-84.41781977846519,1382904489,102134,19.0,20.0,19.0,20.0,25.0,28.0,25.0,28.0,66.0,66.0,79.0,79.0,20.222222222222225,64.4,20.101888888888894,15.777777777777779,0.8
2025-10-17 13:27:14+00:00,33.737991,-84.417725,629238289,58195,19.0,20.0,19.0,20.0,25.0,28.0,25.0,28.0,66.0,66.0,79.0,79.0,20.222222222222225,64.4,20.101888888888894,15.777777777777779,0.8
2025-10-17 13:27:15+00:00,33.737991,-84.417725,629238289,58195,19.0,20.0,19.0,20.0,25.0,28.0,25.0,28.0,66.0,66.0,79.0,79.0,20.222222222222225,64.4,20.101888888888894,15.777777777777779,0.8
2025-10-17 13:27:16+00:00,33.737991,-84.417725,629238289,58195,19.0,20.0,19.0,20.0,25.0,28.0,25.0,28.0,66.0,66.0,79.0,79.0,20.0,64.7,19.872472222222218,15.666666666666666,2.0
2025-10-17 13:27:17+00:00,33.737991,-84.417725,629238289,58195,19.0,20.0,19.0,20.0,25.0,28.0,25.0,28.0,66.0,66.0,79.0,79.0,20.0,64.7,19.872472222222218,15.666666666666666,2.0
2025-10-17 13:27:18+00:00,33.737991,-84.417725,629238289,58195,19.0,20.0,19.0,20.0,25.0,28.0,25.0,28.0,66.0,66.0,79.0,79.0,20.0,64.7,19.872472222222218,15.666666666666666,2.0
2025-10-17 13:27:19+00:00,33.737991,-84.417725,629238289,58195,19.0,20.0,19.0,20.0,25.0,28.0,25.0,28.0,66.0,66.0,79.0,79.0,20.0,64.7,19.872472222222218,15.666666666666666,2.0
2025-10-17 13:27:21+00:00,33.737991,-84.417725,629238289,58195,19.0,20.0,19.0,20.0,25.0,28.0,25.0,28.0,66.0,66.0,79.0,79.0,19.777777777777775,64.8,19.64044444444444,15.61111111111111,1.5
2025-10-17 13:27:25+00:00,33.737991,-84.417725,629238289,58195,21.0,22.0,21.0,22.0,21.0,24.0,21.0,24.0,70.0,70.0,70.0,70.0,19.777777777777775,64.8,19.64044444444444,15.61111111111111,1.5
2025-10-17 13:27:27+00:00,33.737991,-84.417725,629238289,58195,21.0,22.0,21.0,22.0,21.0,24.0,21.0,24.0,70.0,70.0,70.0,70.0,19.61111111111111,64.7,19.464138888888886,15.38888888888889,0.8
2025-10-17 13:27:28+00:00,33.737991,-84.417725,629238289,58195,21.0,22.0,21.0,22.0,21.0,24.0,21.0,24.0,70.0,70.0,70.0,70.0,19.61111111111111,64.7,19.464138888888886,15.38888888888889,0.8
2025-10-17 13:27:29+00:00,33.737991,-84.417725,629238289,58195,21.0,22.0,21.0,22.0,21.0,24.0,21.0,24.0,70.0,70.0,70.0,70.0,19.61111111111111,64.7,19.464138888888886,15.38888888888889,0.8
2025-10-17 13:27:30+00:00,33.737991,-84.417725,629238289,58195,21.0,22.0,21.0,22.0,21.0,24.0,21.0,24.0,70.0,70.0,70.0,70.0,19.61111111111111,64.7,19.464138888888886,15.38888888888889,0.8
2025-10-17 13:27:31+00:00,33.737991,-84.417725,629238289,58195,21.0,22.0,21.0,22.0,21.0,24.0,21.0,24.0,70.0,70.0,70.0,70.0,19.555555555555557,64.3,19.400583333333337,15.166666666666666,1.3
2025-10-17 13:27:32+00:00,33.737991,-84.417725,629238289,58195,21.0,22.0,21.0,22.0,21.0,24.0,21.0,24.0,70.0,70.0,70.0,70.0,19.555555555555557,64.3,19.400583333333337,15.166666666666666,1.3
2025-10-17 13:27:33+00:00,33.737991,-84.417725,629238289,58195,21.0,22.0,21.0,22.0,21.0,24.0,21.0,24.0,70.0,70.0,70.0,70.0,19.555555555555557,64.3,19.400583333333337,15.166666666666666,1.3
2025-10-17 13:27:34+00:00,33.737991,-84.417725,629238289,58195,21.0,22.0,21.0,22.0,21.0,24.0,21.0,24.0,70.0,70.0,70.0,70.0,19.555555555555557,64.3,19.400583333333337,15.166666666666666,1.3
2025-10-17 13:27:35+00:00,33.737991,-84.417725,629238289,58195,21.0,22.0,21.0,22.0,21.0,24.0,21.0,24.0,70.0,70.0,70.0,70.0,19.555555555555557,64.3,19.400583333333337,15.166666666666666,1.3
2025-10-17 13:27:36+00:00,33.73808604163167,-84.41782,1382904490,102142,21.0,22.0,21.0,22.0,21.0,24.0,21.0,24.0,70.0,70.0,70.0,70.0,19.499999999999996,63.9,19.337027777777774,15.11111111111111,1.3
2025-10-17 13:27:37+00:00,33.73809033399817,-84.41782,1382904489,102134,21.0,22.0,21.0,22.0,21.0,24.0,21.0,24.0,70.0,70.0,70.0,70.0,19.499999999999996,63.9,19.337027777777774,15.11111111111111,1.3
2025-10-17 13:27:38+00:00,33.73809789816354,-84.41782,1382904489,102134,19.0,21.0,19.0,21.0,21.5,24.5,21.5,24.5,66.0,66.0,71.0,71.0,19.499999999999996,63.9,19.337027777777774,15.11111111111111,1.3
2025-10-17 13:27:39+00:00,33.738111336336665,-84.41781936663044,1382904489,102134,19.0,21.0,19.0,21.0,21.5,24.5,21.5,24.5,66.0,66.0,71.0,71.0,19.499999999999996,63.9,19.337027777777774,15.11111111111111,1.3
2025-10-17 13:27:40+00:00,33.738120232188336,-84.417818763143,1382904489,102134,19.0,21.0,19.0,21.0,21.5,24.5,21.5,24.5,66.0,66.0,71.0,71.0,19.499999999999996,63.9,19.337027777777774,15.11111111111111,1.3
2025-10-17 13:27:41+00:00,33.73812660158394,-84.41781833104834,1382904489,102134,19.0,21.0,19.0,21.0,21.5,24.5,21.5,24.5,66.0,66.0,71.0,71.0,19.388888888888893,63.9,19.220361111111117,15.0,1.6
2025-10-17 13:27:42+00:00,33.73813100340245,-84.4178180324325,1382904489,102134,19.0,21.0,19.0,21.0,21.5,24.5,21.5,24.5,66.0,66.0,71.0,71.0,19.388888888888893,63.9,19.220361111111117,15.0,1.6
2025-10-17 13:27:43+00:00,33.73813067970496,-84.41781805439189,1382904489,102134,19.0,21.0,19.0,21.0,21.5,24.5,21.5,24.5,66.0,66.0,71.0,71.0,19.388888888888893,63.9,19.220361111111117,15.0,1.6
2025-10-17 13:27:45+00:00,33.73811726688329,-84.41781896430692,1382904489,102134,19.0,21.0,19.0,21.0,21.5,24.5,21.5,24.5,66.0,66.0,71.0,71.0,19.388888888888893,63.9,19.220361111111117,15.0,1.6
2025-10-17 13:27:46+00:00,33.73808788637143,-84.41784338619996,1090914990,89662,19.0,21.0,19.0,21.0,21.5,24.5,21.5,24.5,66.0,66.0,71.0,71.0,19.444444444444443,64.1,19.281305555555555,15.11111111111111,1.9
2025-10-17 13:27:47+00:00,33.7380878871786,-84.41784336924948,1090914990,89662,19.0,21.0,19.0,21.0,21.5,24.5,21.5,24.5,66.0,66.0,71.0,71.0,19.444444444444443,64.1,19.281305555555555,15.11111111111111,1.9
2025-10-17 13:27:48+00:00,33.738087974706865,-84.41784153115586,1090914990,89662,19.0,21.0,19.0,21.0,21.5,24.5,21.5,24.5,66.0,66.0,71.0,71.0,19.444444444444443,64.1,19.281305555555555,15.11111111111111,1.9
2025-10-17 13:27:49+00:00,33.73804948555004,-84.41781972874156,1382904490,102142,19.0,21.0,19.0,21.0,21.5,24.5,21.5,24.5,66.0,66.0,71.0,71.0,19.444444444444443,64.1,19.281305555555555,15.11111111111111,1.9
2025-10-17 13:27:50+00:00,33.73802700394831,-84.41781945787889,1382904490,102142,19.0,21.0,19.0,21.0,21.5,24.5,21.5,24.5,66.0,66.0,71.0,71.0,19.444444444444443,64.1,19.281305555555555,15.11111111111111,1.9
2025-10-17 13:27:51+00:00,33.738007327268434,-84.41781922081046,1382904490,102142,19.0,21.0,19.0,21.0,21.5,24.5,21.5,24.5,66.0,66.0,71.0,71.0,19.61111111111111,64.3,19.458916666666667,15.277777777777779,1.4
2025-10-17 13:27:52+00:00,33.73798889656453,-84.41782189619316,1307448046,97377,19.0,21.0,19.0,21.0,21.5,24.5,21.5,24.5,66.0,66.0,71.0,71.0,19.61111111111111,64.3,19.458916666666667,15.277777777777779,1.4
2025-10-17 13:27:53+00:00,33.73797187818718,-84.41781768293747,1382904490,102141,20.0,21.0,20.0,21.0,19.0,22.0,19.0,22.0,68.0,68.0,66.0,66.0,19.61111111111111,64.3,19.458916666666667,15.277777777777779,1.4
2025-10-17 13:27:54+00:00,33.73795546085806,-84.417816420066,1382904490,102141,20.0,21.0,20.0,21.0,19.0,22.0,19.0,22.0,68.0,68.0,66.0,66.0,19.61111111111111,64.3,19.458916666666667,15.277777777777779,1.4
2025-10-17 13:27:55+00:00,33.7379408673479,-84.41781529748829,1382904490,102141,20.0,21.0,20.0,21.0,19.0,22.0,19.0,22.0,68.0,68.0,66.0,66.0,19.61111111111111,64.3,19.458916666666667,15.277777777777779,1.4
2025-10-17 13:27:56+00:00,33.7379288337766,-84.41781437182897,1382904490,102141,20.0,21.0,20.0,21.0,19.0,22.0,19.0,22.0,68.0,68.0,66.0,66.0,19.66666666666667,64.8,19.523777777777774,15.5,3.3
2025-10-17 13:27:57+00:00,33.73791955259136,-84.41781365789164,1382904490,102141,20.0,21.0,20.0,21.0,19.0,22.0,19.0,22.0,68.0,68.0,66.0,66.0,19.66666666666667,64.8,19.523777777777774,15.5,3.3
2025-10-17 13:27:59+00:00,33.73790895931435,-84.417813,1382904490,102141,20.0,21.0,20.0,21.0,19.0,22.0,19.0,22.0,68.0,68.0,66.0,66.0,19.66666666666667,64.8,19.523777777777774,15.5,3.3
2025-10-17 13:28:01+00:00,33.737912810307364,-84.4178131392544,1382904490,102141,20.0,21.0,20.0,21.0,19.0,22.0,19.0,22.0,68.0,68.0,66.0,66.0,19.555555555555557,65.0,19.40972222222222,15.277777777777779,2.2
2025-10-17 13:28:02+00:00,33.737915120884814,-84.41781331699113,1382904490,102141,20.0,21.0,20.0,21.0,19.0,22.0,19.0,22.0,68.0,68.0,66.0,66.0,19.555555555555557,65.0,19.40972222222222,15.277777777777779,2.2
2025-10-17 13:28:03+00:00,33.737916378195855,-84.41781341370736,1382904490,102141,20.0,21.0,20.0,21.0,19.0,22.0,19.0,22.0,68.0,68.0,66.0,66.0,19.555555555555557,65.0,19.40972222222222,15.277777777777779,2.2
2025-10-17 13:28:04+00:00,33.73798637938086,-84.41790110105072,1307448046,97377,20.0,21.0,20.0,21.0,19.0,22.0,19.0,22.0,68.0,68.0,66.0,66.0,19.555555555555557,65.0,19.40972222222222,15.277777777777779,2.2
2025-10-17 13:28:05+00:00,33.737985743003115,-84.41792684984438,1307448046,97377,20.0,21.0,20.0,21.0,19.0,22.0,19.0,22.0,68.0,68.0,66.0,66.0,19.555555555555557,65.0,19.40972222222222,15.277777777777779,2.2
2025-10-17 13:28:06+00:00,33.73798514860164,-84.41795656991826,1307448046,97377,20.0,21.0,20.0,21.0,19.0,22.0,19.0,22.0,68.0,68.0,66.0,66.0,19.444444444444443,65.1,19.29436111111111,15.277777777777779,1.2
2025-10-17 13:28:07+00:00,33.737984523258675,-84.41798593010093,1307448046,97377,20.0,21.0,20.0,21.0,19.0,22.0,19.0,22.0,68.0,68.0,66.0,66.0,19.444444444444443,65.1,19.29436111111111,15.277777777777779,1.2
2025-10-17 13:28:08+00:00,33.737984,-84.41801324442399,1307448046,97377,19.0,19.5,19.0,19.5,18.0,19.0,18.0,19.0,66.0,66.0,64.0,64.0,19.444444444444443,65.1,19.29436111111111,15.277777777777779,1.2
2025-10-17 13:28:09+00:00,33.737983240660405,-84.41803822415021,1307448046,97376,19.0,19.5,19.0,19.5,18.0,19.0,18.0,19.0,66.0,66.0,64.0,64.0,19.444444444444443,65.1,19.29436111111111,15.277777777777779,1.2
2025-10-17 13:28:10+00:00,33.73798263552212,-84.41805493433627,1307448046,97376,19.0,19.5,19.0,19.5,18.0,19.0,18.0,19.0,66.0,66.0,64.0,64.0,19.444444444444443,65.1,19.29436111111111,15.277777777777779,1.2
2025-10-17 13:28:11+00:00,33.73798213628786,-84.41806991136424,1307448046,97376,19.0,19.5,19.0,19.5,18.0,19.0,18.0,19.0,66.0,66.0,64.0,64.0,19.333333333333332,65.4,19.18161111111111,15.166666666666666,0.9
2025-10-17 13:28:12+00:00,33.737982,-84.41808224459297,1307448046,97375,19.0,19.5,19.0,19.5,18.0,19.0,18.0,19.0,66.0,66.0,64.0,64.0,19.333333333333332,65.4,19.18161111111111,15.166666666666666,0.9
2025-10-17 13:28:13+00:00,33.737982,-84.41809595740749,1307448046,97375,19.0,19.5,19.0,19.5,18.0,19.0,18.0,19.0,66.0,66.0,64.0,64.0,19.333333333333332,65.4,19.18161111111111,15.166666666666666,0.9
2025-10-17 13:28:14+00:00,33.737981727375924,-84.41811363460931,1307448046,97375,19.0,19.5,19.0,19.5,18.0,19.0,18.0,19.0,66.0,66.0,64.0,64.0,19.333333333333332,65.4,19.18161111111111,15.166666666666666,0.9
2025-10-17 13:28:15+00:00,33.737981,-84.418126,1307448046,97375,19.0,19.5,19.0,19.5,18.0,19.0,18.0,19.0,66.0,66.0,64.0,64.0,19.333333333333332,65.4,19.18161111111111,15.166666666666666,0.9
2025-10-17 13:28:16+00:00,33.7379806523155,-84.41814103979698,1307448046,97375,19.0,19.5,19.0,19.5,18.0,19.0,18.0,19.0,66.0,66.0,64.0,64.0,19.27777777777778,65.9,19.129805555555556,15.166666666666666,1.6
2025-10-17 13:28:17+00:00,33.73798023271804,-84.41815194933112,1307448046,97375,19.0,19.5,19.0,19.5,18.0,19.0,18.0,19.0,66.0,66.0,64.0,64.0,19.27777777777778,65.9,19.129805555555556,15.166666666666666,1.6
2025-10-17 13:28:19+00:00,33.73797968044469,-84.41817301909987,1307448046,97375,19.0,19.5,19.0,19.5,18.0,19.0,18.0,19.0,66.0,66.0,64.0,64.0,19.27777777777778,65.9,19.129805555555556,15.166666666666666,1.6
2025-10-17 13:28:20+00:00,33.73797940553543,-84.41818593983504,1307448046,97375,19.0,19.5,19.0,19.5,18.0,19.0,18.0,19.0,66.0,66.0,64.0,64.0,19.27777777777778,65.9,19.129805555555556,15.166666666666666,1.6
2025-10-17 13:28:21+00:00,33.73797912592999,-84.41819908129077,1307448046,97375,19.0,19.5,19.0,19.5,18.0,19.0,18.0,19.0,66.0,66.0,64.0,64.0,19.27777777777778,66.2,19.133722222222218,15.166666666666666,1.2
2025-10-17 13:28:22+00:00,33.737979,-84.41821068150823,1307448046,97375,19.0,19.5,19.0,19.5,18.0,19.0,18.0,19.0,66.0,66.0,64.0,64.0,19.27777777777778,66.2,19.133722222222218,15.166666666666666,1.2
2025-10-17 13:28:23+00:00,33.73797886224859,-84.41822803053104,1307448046,97374,21.0,22.0,21.0,22.0,18.0,20.0,18.0,20.0,70.0,70.0,64.0,64.0,19.27777777777778,66.2,19.133722222222218,15.166666666666666,1.2
2025-10-17 13:28:24+00:00,33.73797819802434,-84.41824264346462,1307448046,97374,21.0,22.0,21.0,22.0,18.0,20.0,18.0,20.0,70.0,70.0,64.0,64.0,19.27777777777778,66.2,19.133722222222218,15.166666666666666,1.2
2025-10-17 13:28:25+00:00,33.73797770847193,-84.41825953570682,1307448046,97374,21.0,22.0,21.0,22.0,18.0,20.0,18.0,20.0,70.0,70.0,64.0,64.0,19.27777777777778,66.2,19.133722222222218,15.166666666666666,1.2
2025-10-17 13:28:26+00:00,33.73797724324863,-84.41827954030907,1307448046,97374,21.0,22.0,21.0,22.0,18.0,20.0,18.0,20.0,70.0,70.0,64.0,64.0,19.222222222222218,66.9,19.084527777777776,15.277777777777779,1.4
2025-10-17 13:28:27+00:00,33.737977,-84.41829605220676,1307448046,97374,21.0,22.0,21.0,22.0,18.0,20.0,18.0,20.0,70.0,70.0,64.0,64.0,19.222222222222218,66.9,19.084527777777776,15.277777777777779,1.4
2025-10-17 13:28:28+00:00,33.737977,-84.41831308343343,1307448046,97374,21.0,22.0,21.0,22.0,18.0,20.0,18.0,20.0,70.0,70.0,64.0,64.0,19.222222222222218,66.9,19.084527777777776,15.277777777777779,1.4
2025-10-17 13:28:29+00:00,33.737976,-84.418333,1307448046,97374,21.0,22.0,21.0,22.0,18.0,20.0,18.0,20.0,70.0,70.0,64.0,64.0,19.222222222222218,66.9,19.084527777777776,15.277777777777779,1.4
2025-10-17 13:28:30+00:00,33.737976,-84.41834876562022,1307448046,97374,21.0,22.0,21.0,22.0,18.0,20.0,18.0,20.0,70.0,70.0,64.0,64.0,19.222222222222218,66.9,19.084527777777776,15.277777777777779,1.4
2025-10-17 13:28:31+00:00,33.737975,-84.418367,1307448046,97374,21.0,22.0,21.0,22.0,18.0,20.0,18.0,20.0,70.0,70.0,64.0,64.0,19.27777777777778,67.2,19.146777777777782,15.38888888888889,1.6
2025-10-17 13:28:32+00:00,33.737975,-84.41838122710395,1307448046,97374,21.0,22.0,21.0,22.0,18.0,20.0,18.0,20.0,70.0,70.0,64.0,64.0,19.27777777777778,67.2,19.146777777777782,15.38888888888889,1.6
2025-10-17 13:28:33+00:00,33.73797477858536,-84.41839954263418,1307448046,97374,21.0,22.0,21.0,22.0,18.0,20.0,18.0,20.0,70.0,70.0,64.0,64.0,19.27777777777778,67.2,19.146777777777782,15.38888888888889,1.6
2025-10-17 13:28:34+00:00,33.737974,-84.418412,1307448046,97374,21.0,22.0,21.0,22.0,18.0,20.0,18.0,20.0,70.0,70.0,64.0,64.0,19.27777777777778,67.2,19.146777777777782,15.38888888888889,1.6
2025-10-17 13:28:35+00:00,33.737973726294925,-84.4184224007928,1307448046,97373,21.0,22.0,21.0,22.0,18.0,20.0,18.0,20.0,70.0,70.0,64.0,64.0,19.27777777777778,67.2,19.146777777777782,15.38888888888889,1.6
2025-10-17 13:28:37+00:00,33.73797321139844,-84.4184419668593,1307448046,97373,21.0,22.0,21.0,22.0,18.0,20.0,18.0,20.0,70.0,70.0,64.0,64.0,19.222222222222218,67.4,19.091055555555556,15.277777777777779,1.2
2025-10-17 13:28:38+00:00,33.73797294714348,-84.41845227283002,1307448046,97373,20.5,21.5,20.5,21.5,18.5,22.0,18.5,22.0,69.0,69.0,65.0,65.0,19.222222222222218,67.4,19.091055555555556,15.277777777777779,1.2
2025-10-17 13:28:39+00:00,33.73797267440472,-84.41846400059694,1307448046,97373,20.5,21.5,20.5,21.5,18.5,22.0,18.5,22.0,69.0,69.0,65.0,65.0,19.222222222222218,67.4,19.091055555555556,15.277777777777779,1.2
2025-10-17 13:28:40+00:00,33.73797237362326,-84.41847693419984,1307448046,97373,20.5,21.5,20.5,21.5,18.5,22.0,18.5,22.0,69.0,69.0,65.0,65.0,19.222222222222218,67.4,19.091055555555556,15.277777777777779,1.2
2025-10-17 13:28:41+00:00,33.7379720589543,-84.41849046496527,1307448046,97373,20.5,21.5,20.5,21.5,18.5,22.0,18.5,22.0,69.0,69.0,65.0,65.0,19.27777777777778,67.7,19.153305555555562,15.38888888888889,1.2
2025-10-17 13:28:42+00:00,33.737972,-84.41850425502356,1307448046,97373,20.5,21.5,20.5,21.5,18.5,22.0,18.5,22.0,69.0,69.0,65.0,65.0,19.27777777777778,67.7,19.153305555555562,15.38888888888889,1.2
2025-10-17 13:28:43+00:00,33.73797162418472,-84.41852201956672,1307448046,97372,20.5,21.5,20.5,21.5,18.5,22.0,18.5,22.0,69.0,69.0,65.0,65.0,19.27777777777778,67.7,19.153305555555562,15.38888888888889,1.2
2025-10-17 13:28:44+00:00,33.737971,-84.418537,1307448046,97372,20.5,21.5,20.5,21.5,18.5,22.0,18.5,22.0,69.0,69.0,65.0,65.0,19.27777777777778,67.7,19.153305555555562,15.38888888888889,1.2
2025-10-17 13:28:45+00:00,33.737971,-84.41855181248765,1307448046,97372,20.5,21.5,20.5,21.5,18.5,22.0,18.5,22.0,69.0,69.0,65.0,65.0,19.27777777777778,67.7,19.153305555555562,15.38888888888889,1.2
2025-10-17 13:28:46+00:00,33.73797085859983,-84.41857054520304,1307448046,97372,20.5,21.5,20.5,21.5,18.5,22.0,18.5,22.0,69.0,69.0,65.0,65.0,19.27777777777778,68.0,19.157222222222224,15.5,0.8
2025-10-17 13:28:47+00:00,33.73797,-84.418586,1307448046,97372,20.5,21.5,20.5,21.5,18.5,22.0,18.5,22.0,69.0,69.0,65.0,65.0,19.27777777777778,68.0,19.157222222222224,15.5,0.8
2025-10-17 13:28:48+00:00,33.73797,-84.41859772808115,1307448046,97372,20.5,21.5,20.5,21.5,18.5,22.0,18.5,22.0,69.0,69.0,65.0,65.0,19.27777777777778,68.0,19.157222222222224,15.5,0.8
2025-10-17 13:28:49+00:00,33.737969,-84.41861781879766,1307448046,97372,20.5,21.5,20.5,21.5,18.5,22.0,18.5,22.0,69.0,69.0,65.0,65.0,19.27777777777778,68.0,19.157222222222224,15.5,0.8
2025-10-17 13:28:50+00:00,33.737969,-84.41864036940939,1307448046,97372,20.5,21.5,20.5,21.5,18.5,22.0,18.5,22.0,69.0,69.0,65.0,65.0,19.27777777777778,68.0,19.157222222222224,15.5,0.8
2025-10-17 13:28:51+00:00,33.73796828631013,-84.41866612855699,1307448046,97372,20.5,21.5,20.5,21.5,18.5,22.0,18.5,22.0,69.0,69.0,65.0,65.0,19.333333333333332,68.1,19.21686111111111,15.5,0.0
2025-10-17 13:28:52+00:00,33.73796731375525,-84.41868946987395,1307448046,97372,20.5,21.5,20.5,21.5,18.5,22.0,18.5,22.0,69.0,69.0,65.0,65.0,19.333333333333332,68.1,19.21686111111111,15.5,0.0
2025-10-17 13:28:53+00:00,33.73796668733313,-84.41871169534276,1307448046,97372,24.0,24.0,24.0,24.0,20.0,21.0,20.0,21.0,77.0,77.0,68.0,68.0,19.333333333333332,68.1,19.21686111111111,15.5,0.0
2025-10-17 13:28:54+00:00,33.73796622014769,-84.41873365305867,1307448046,97372,24.0,24.0,24.0,24.0,20.0,21.0,20.0,21.0,77.0,77.0,68.0,68.0,19.333333333333332,68.1,19.21686111111111,15.5,0.0
2025-10-17 13:28:55+00:00,33.73796594003972,-84.41874681813319,1307448046,97372,24.0,24.0,24.0,24.0,20.0,21.0,20.0,21.0,77.0,77.0,68.0,68.0,19.333333333333332,68.1,19.21686111111111,15.5,0.0
2025-10-17 13:29:00+00:00,33.73796573258138,-84.41875656867533,1307448046,97372,24.0,24.0,24.0,24.0,20.0,21.0,20.0,21.0,77.0,77.0,68.0,68.0,19.27777777777778,68.3,19.161138888888885,15.5,0.0
2025-10-17 13:29:02+00:00,33.73796550113779,-84.41876744652366,1307448046,97372,24.0,24.0,24.0,24.0,20.0,21.0,20.0,21.0,77.0,77.0,68.0,68.0,19.333333333333332,68.3,19.219472222222223,15.61111111111111,0.0
2025-10-17 13:29:04+00:00,33.73796508998887,-84.41878677052334,1307448046,97372,24.0,24.0,24.0,24.0,20.0,21.0,20.0,21.0,77.0,77.0,68.0,68.0,19.333333333333332,68.3,19.219472222222223,15.61111111111111,0.0
2025-10-17 13:29:05+00:00,33.737965,-84.41879811487878,1307448046,97372,24.0,24.0,24.0,24.0,20.0,21.0,20.0,21.0,77.0,77.0,68.0,68.0,19.333333333333332,68.3,19.219472222222223,15.61111111111111,0.0
2025-10-17 13:29:06+00:00,33.7379646674645,-84.4188146483164,1307448046,97372,24.0,24.0,24.0,24.0,20.0,21.0,20.0,21.0,77.0,77.0,68.0,68.0,19.388888888888893,68.5,19.280416666666667,15.666666666666666,0.9
2025-10-17 13:29:07+00:00,33.737964,-84.41883,1307448046,97372,24.0,24.0,24.0,24.0,20.0,21.0,20.0,21.0,77.0,77.0,68.0,68.0,19.388888888888893,68.5,19.280416666666667,15.666666666666666,0.9
2025-10-17 13:29:08+00:00,33.737964,-84.41884386088209,1307448046,97371,22.0,22.0,22.0,22.0,20.0,22.0,20.0,22.0,72.0,72.0,68.0,68.0,19.388888888888893,68.5,19.280416666666667,15.666666666666666,0.9
2025-10-17 13:29:09+00:00,33.737963,-84.418864,1307448046,97371,22.0,22.0,22.0,22.0,20.0,22.0,20.0,22.0,72.0,72.0,68.0,68.0,19.388888888888893,68.5,19.280416666666667,15.666666666666666,0.9
2025-10-17 13:29:10+00:00,33.737963,-84.41887442973743,1307448046,97371,22.0,22.0,22.0,22.0,20.0,22.0,20.0,22.0,72.0,72.0,68.0,68.0,19.388888888888893,68.5,19.280416666666667,15.666666666666666,0.9
2025-10-17 13:29:11+00:00,33.737963,-84.4188885855412,1307448046,97371,22.0,22.0,22.0,22.0,20.0,22.0,20.0,22.0,72.0,72.0,68.0,68.0,19.333333333333332,68.7,19.22469444444444,15.666666666666666,0.9
2025-10-17 13:29:12+00:00,33.73796283960654,-84.41890497219744,1307448046,97371,22.0,22.0,22.0,22.0,20.0,22.0,20.0,22.0,72.0,72.0,68.0,68.0,19.333333333333332,68.7,19.22469444444444,15.666666666666666,0.9
2025-10-17 13:29:13+00:00,33.73796238840351,-84.41891895949117,1307448046,97371,22.0,22.0,22.0,22.0,20.0,22.0,20.0,22.0,72.0,72.0,68.0,68.0,19.333333333333332,68.7,19.22469444444444,15.666666666666666,0.9
2025-10-17 13:29:14+00:00,33.73796195938068,-84.41893227950871,1307448046,97371,22.0,22.0,22.0,22.0,20.0,22.0,20.0,22.0,72.0,72.0,68.0,68.0,19.333333333333332,68.7,19.22469444444444,15.666666666666666,0.9
2025-10-17 13:29:15+00:00,33.7379615404912,-84.41894547452725,1307448046,97371,22.0,22.0,22.0,22.0,20.0,22.0,20.0,22.0,72.0,72.0,68.0,68.0,19.333333333333332,68.7,19.22469444444444,15.666666666666666,0.9
2025-10-17 13:29:16+00:00,33.737961059627914,-84.41896062172083,1307448046,97371,22.0,22.0,22.0,22.0,20.0,22.0,20.0,22.0,72.0,72.0,68.0,68.0,19.388888888888893,69.0,19.286944444444444,15.666666666666666,0.0
2025-10-17 13:29:17+00:00,33.73796062076844,-84.41897444579426,1307448046,97371,22.0,22.0,22.0,22.0,20.0,22.0,20.0,22.0,72.0,72.0,68.0,68.0,19.388888888888893,69.0,19.286944444444444,15.666666666666666,0.0
2025-10-17 13:29:18+00:00,33.73796017183105,-84.41898858732205,1307448046,97371,22.0,22.0,22.0,22.0,20.0,22.0,20.0,22.0,72.0,72.0,68.0,68.0,19.388888888888893,69.0,19.286944444444444,15.666666666666666,0.0
2025-10-17 13:29:19+00:00,33.73795982578198,-84.41900218824692,1307448046,97371,22.0,22.0,22.0,22.0,20.0,22.0,20.0,22.0,72.0,72.0,68.0,68.0,19.388888888888893,69.0,19.286944444444444,15.666666666666666,0.0
2025-10-17 13:29:20+00:00,33.73795951905584,-84.41901660437547,1307448046,97371,22.0,22.0,22.0,22.0,20.0,22.0,20.0,22.0,72.0,72.0,68.0,68.0,19.388888888888893,69.0,19.286944444444444,15.666666666666666,0.0
2025-10-17 13:29:21+00:00,33.73795920660585,-84.41903128952481,1307448046,97371,22.0,22.0,22.0,22.0,20.0,22.0,20.0,22.0,72.0,72.0,68.0,68.0,19.222222222222218,69.0,19.111944444444443,15.61111111111111,1.8
2025-10-17 13:29:22+00:00,33.737959,-84.41904416408433,1307448046,97371,22.0,22.0,22.0,22.0,20.0,22.0,20.0,22.0,72.0,72.0,68.0,68.0,19.222222222222218,69.0,19.111944444444443,15.61111111111111,1.8
2025-10-17 13:29:23+00:00,33.737958617640004,-84.41906279427987,1307448046,97371,22.0,22.0,22.0,22.0,20.0,23.0,20.0,23.0,72.0,72.0,68.0,68.0,19.222222222222218,69.0,19.111944444444443,15.61111111111111,1.8
2025-10-17 13:29:24+00:00,33.737958,-84.419077,1307448046,97371,22.0,22.0,22.0,22.0,20.0,23.0,20.0,23.0,72.0,72.0,68.0,68.0,19.222222222222218,69.0,19.111944444444443,15.61111111111111,1.8
2025-10-17 13:29:25+00:00,33.737958,-84.41908832030914,1307448046,97371,22.0,22.0,22.0,22.0,20.0,23.0,20.0,23.0,72.0,72.0,68.0,68.0,19.222222222222218,69.0,19.111944444444443,15.61111111111111,1.8
2025-10-17 13:29:26+00:00,33.73795761125783,-84.41910844239035,1307448046,97371,22.0,22.0,22.0,22.0,20.0,23.0,20.0,23.0,72.0,72.0,68.0,68.0,19.27777777777778,68.4,19.162444444444446,15.5,0.9
2025-10-17 13:29:27+00:00,33.73795694995449,-84.4191187015475,1307448046,97371,22.0,22.0,22.0,22.0,20.0,23.0,20.0,23.0,72.0,72.0,68.0,68.0,19.27777777777778,68.4,19.162444444444446,15.5,0.9
2025-10-17 13:29:28+00:00,33.73795651843785,-84.41913337311318,1307448046,97371,22.0,22.0,22.0,22.0,20.0,23.0,20.0,23.0,72.0,72.0,68.0,68.0,19.27777777777778,68.4,19.162444444444446,15.5,0.9
2025-10-17 13:29:29+00:00,33.737956066317544,-84.41914874520342,1307448046,97371,22.0,22.0,22.0,22.0,20.0,23.0,20.0,23.0,72.0,72.0,68.0,68.0,19.27777777777778,68.4,19.162444444444446,15.5,0.9
2025-10-17 13:29:30+00:00,33.737956,-84.41916269555323,1307448046,97371,22.0,22.0,22.0,22.0,20.0,23.0,20.0,23.0,72.0,72.0,68.0,68.0,19.27777777777778,68.4,19.162444444444446,15.5,0.9
2025-10-17 13:29:31+00:00,33.737955782202846,-84.41918049408879,1307448046,97371,22.0,22.0,22.0,22.0,20.0,23.0,20.0,23.0,72.0,72.0,68.0,68.0,19.27777777777778,68.2,19.15983333333334,15.5,0.9
2025-10-17 13:29:32+00:00,33.737955391559936,-84.41919572916237,1307448046,97371,22.0,22.0,22.0,22.0,20.0,23.0,20.0,23.0,72.0,72.0,68.0,68.0,19.27777777777778,68.2,19.15983333333334,15.5,0.9
2025-10-17 13:29:33+00:00,33.73795501243162,-84.41921051516677,1307448046,97371,22.0,22.0,22.0,22.0,20.0,23.0,20.0,23.0,72.0,72.0,68.0,68.0,19.27777777777778,68.2,19.15983333333334,15.5,0.9
2025-10-17 13:29:34+00:00,33.73795444883884,-84.41922643251245,1307448046,97370,22.0,22.0,22.0,22.0,20.0,23.0,20.0,23.0,72.0,72.0,68.0,68.0,19.27777777777778,68.2,19.15983333333334,15.5,0.9
2025-10-17 13:29:35+00:00,33.73785450718066,-84.419331,9277745,14754,22.0,22.0,22.0,22.0,20.0,23.0,20.0,23.0,72.0,72.0,68.0,68.0,19.27777777777778,68.2,19.15983333333334,15.5,0.9
2025-10-17 13:29:36+00:00,33.73785287730332,-84.419331,9277745,14754,22.0,22.0,22.0,22.0,20.0,23.0,20.0,23.0,72.0,72.0,68.0,68.0,19.27777777777778,68.3,19.161138888888885,15.5,1.2
2025-10-17 13:29:37+00:00,33.737850624511715,-84.419331,9277745,14754,22.0,22.0,22.0,22.0,20.0,23.0,20.0,23.0,72.0,72.0,68.0,68.0,19.27777777777778,68.3,19.161138888888885,15.5,1.2
2025-10-17 13:29:38+00:00,33.737848942996905,-84.419331,9277745,14754,21.0,21.0,21.0,21.0,20.0,23.0,20.0,23.0,70.0,70.0,68.0,68.0,19.27777777777778,68.3,19.161138888888885,15.5,1.2
2025-10-17 13:29:39+00:00,33.737847872102826,-84.419331,9277745,14754,21.0,21.0,21.0,21.0,20.0,23.0,20.0,23.0,70.0,70.0,68.0,68.0,19.27777777777778,68.3,19.161138888888885,15.5,1.2
2025-10-17 13:29:40+00:00,33.737848368537136,-84.419331,9277745,14754,21.0,21.0,21.0,21.0,20.0,23.0,20.0,23.0,70.0,70.0,68.0,68.0,19.27777777777778,68.3,19.161138888888885,15.5,1.2
2025-10-17 13:29:41+00:00,33.73784893958715,-84.419331,9277745,14754,21.0,21.0,21.0,21.0,20.0,23.0,20.0,23.0,70.0,70.0,68.0,68.0,19.222222222222218,68.4,19.104111111111102,15.5,1.2
2025-10-17 13:29:42+00:00,33.73784858820764,-84.419331,9277745,14754,21.0,21.0,21.0,21.0,20.0,23.0,20.0,23.0,70.0,70.0,68.0,68.0,19.222222222222218,68.4,19.104111111111102,15.5,1.2
2025-10-17 13:29:43+00:00,33.7378478302685,-84.419331,9277745,14754,21.0,21.0,21.0,21.0,20.0,23.0,20.0,23.0,70.0,70.0,68.0,68.0,19.222222222222218,68.4,19.104111111111102,15.5,1.2
2025-10-17 13:29:44+00:00,33.73784752849646,-84.419331,9277745,14754,21.0,21.0,21.0,21.0,20.0,23.0,20.0,23.0,70.0,70.0,68.0,68.0,19.222222222222218,68.4,19.104111111111102,15.5,1.2
2025-10-17 13:29:45+00:00,33.73784891725384,-84.419331,9277745,14754,21.0,21.0,21.0,21.0,20.0,23.0,20.0,23.0,70.0,70.0,68.0,68.0,19.222222222222218,68.4,19.104111111111102,15.5,1.2
2025-10-17 13:29:46+00:00,33.737851702980855,-84.419331,9277745,14754,21.0,21.0,21.0,21.0,20.0,23.0,20.0,23.0,70.0,70.0,68.0,68.0,19.27777777777778,68.5,19.163750000000007,15.5,1.4
2025-10-17 13:29:47+00:00,33.73785529322664,-84.419331,9277745,14754,21.0,21.0,21.0,21.0,20.0,23.0,20.0,23.0,70.0,70.0,68.0,68.0,19.27777777777778,68.5,19.163750000000007,15.5,1.4
2025-10-17 13:29:48+00:00,33.73786009408462,-84.419331,9277745,14754,21.0,21.0,21.0,21.0,20.0,23.0,20.0,23.0,70.0,70.0,68.0,68.0,19.27777777777778,68.5,19.163750000000007,15.5,1.4
2025-10-17 13:29:49+00:00,33.737952,-84.41942678726275,1307448046,97369,21.0,21.0,21.0,21.0,20.0,23.0,20.0,23.0,70.0,70.0,68.0,68.0,19.27777777777778,68.5,19.163750000000007,15.5,1.4
2025-10-17 13:29:50+00:00,33.737952,-84.41943935384792,1307448046,97369,21.0,21.0,21.0,21.0,20.0,23.0,20.0,23.0,70.0,70.0,68.0,68.0,19.27777777777778,68.5,19.163750000000007,15.5,1.4
2025-10-17 13:29:51+00:00,33.737952,-84.41945202758093,1307448046,97369,21.0,21.0,21.0,21.0,20.0,23.0,20.0,23.0,70.0,70.0,68.0,68.0,19.27777777777778,68.5,19.163750000000007,15.61111111111111,1.3
2025-10-17 13:29:52+00:00,33.737952,-84.41946577968605,1307448046,97369,21.0,21.0,21.0,21.0,20.0,23.0,20.0,23.0,70.0,70.0,68.0,68.0,19.27777777777778,68.5,19.163750000000007,15.61111111111111,1.3
2025-10-17 13:29:53+00:00,33.737952,-84.4194786822968,1307448046,97369,22.0,22.0,22.0,22.0,22.0,23.0,22.0,23.0,72.0,72.0,72.0,72.0,19.27777777777778,68.5,19.163750000000007,15.61111111111111,1.3
2025-10-17 13:29:54+00:00,33.737952,-84.41949441721484,1307448046,97369,22.0,22.0,22.0,22.0,22.0,23.0,22.0,23.0,72.0,72.0,72.0,72.0,19.27777777777778,68.5,19.163750000000007,15.61111111111111,1.3
2025-10-17 13:29:55+00:00,33.737952,-84.41951243403169,1307448046,97369,22.0,22.0,22.0,22.0,22.0,23.0,22.0,23.0,72.0,72.0,72.0,72.0,19.27777777777778,68.5,19.163750000000007,15.61111111111111,1.3
2025-10-17 13:29:56+00:00,33.737952,-84.41953182195385,1307448046,97369,22.0,22.0,22.0,22.0,22.0,23.0,22.0,23.0,72.0,72.0,72.0,72.0,19.333333333333332,68.7,19.22469444444444,15.61111111111111,1.2
2025-10-17 13:29:57+00:00,33.737952,-84.41955046984855,1307448046,97369,22.0,22.0,22.0,22.0,22.0,23.0,22.0,23.0,72.0,72.0,72.0,72.0,19.333333333333332,68.7,19.22469444444444,15.61111111111111,1.2
2025-10-17 13:29:58+00:00,33.737952,-84.41956758071336,1307448046,97369,22.0,22.0,22.0,22.0,22.0,23.0,22.0,23.0,72.0,72.0,72.0,72.0,19.333333333333332,68.7,19.22469444444444,15.61111111111111,1.2
2025-10-17 13:29:59+00:00,33.737952,-84.4195808648073,1307448046,97369,22.0,22.0,22.0,22.0,22.0,23.0,22.0,23.0,72.0,72.0,72.0,72.0,19.333333333333332,68.7,19.22469444444444,15.61111111111111,1.2
2025-10-17 13:30:00+00:00,33.737952,-84.41959257705864,1307448046,97369,22.0,22.0,22.0,22.0,22.0,23.0,22.0,23.0,72.0,72.0,72.0,72.0,19.333333333333332,68.7,19.22469444444444,15.61111111111111,1.2
2025-10-17 13:30:01+00:00,33.737952,-84.41960454255627,1307448046,97369,22.0,22.0,22.0,22.0,22.0,23.0,22.0,23.0,72.0,72.0,72.0,72.0,19.27777777777778,68.7,19.166361111111108,15.61111111111111,1.1
2025-10-17 13:30:02+00:00,33.737952,-84.41961719191352,1307448046,97369,22.0,22.0,22.0,22.0,22.0,23.0,22.0,23.0,72.0,72.0,72.0,72.0,19.27777777777778,68.7,19.166361111111108,15.61111111111111,1.1
2025-10-17 13:30:03+00:00,33.737952,-84.4196300183654,1307448046,97369,22.0,22.0,22.0,22.0,22.0,23.0,22.0,23.0,72.0,72.0,72.0,72.0,19.27777777777778,68.7,19.166361111111108,15.61111111111111,1.1
2025-10-17 13:30:04+00:00,33.737952,-84.41964337208398,1307448046,97369,22.0,22.0,22.0,22.0,22.0,23.0,22.0,23.0,72.0,72.0,72.0,72.0,19.27777777777778,68.7,19.166361111111108,15.61111111111111,1.1
2025-10-17 13:30:05+00:00,33.737952,-84.41965633002773,1307448046,97369,22.0,22.0,22.0,22.0,22.0,23.0,22.0,23.0,72.0,72.0,72.0,72.0,19.27777777777778,68.7,19.166361111111108,15.61111111111111,1.1
2025-10-17 13:30:06+00:00,33.737952,-84.41967415249756,1307448046,97369,22.0,22.0,22.0,22.0,22.0,23.0,22.0,23.0,72.0,72.0,72.0,72.0,19.27777777777778,68.7,19.166361111111108,15.61111111111111,0.8
2025-10-17 13:30:07+00:00,33.737952,-84.41969452193509,1307448046,97369,22.0,22.0,22.0,22.0,22.0,23.0,22.0,23.0,72.0,72.0,72.0,72.0,19.27777777777778,68.7,19.166361111111108,15.61111111111111,0.8
2025-10-17 13:30:08+00:00,33.737952,-84.41971567158035,1307448046,97369,24.0,24.0,24.0,24.0,26.5,26.5,26.5,26.5,77.0,77.0,82.0,82.0,19.27777777777778,68.7,19.166361111111108,15.61111111111111,0.8
2025-10-17 13:30:09+00:00,33.737952,-84.41973551265257,1307448046,97369,24.0,24.0,24.0,24.0,26.5,26.5,26.5,26.5,77.0,77.0,82.0,82.0,19.27777777777778,68.7,19.166361111111108,15.61111111111111,0.8
2025-10-17 13:30:10+00:00,33.737952,-84.4197522099893,1307448046,97369,24.0,24.0,24.0,24.0,26.5,26.5,26.5,26.5,77.0,77.0,82.0,82.0,19.27777777777778,68.7,19.166361111111108,15.61111111111111,0.8
2025-10-17 13:30:11+00:00,33.737952,-84.41976560793503,1307448046,97369,24.0,24.0,24.0,24.0,26.5,26.5,26.5,26.5,77.0,77.0,82.0,82.0,19.27777777777778,68.7,19.166361111111108,15.61111111111111,0.8
2025-10-17 13:30:12+00:00,33.737952,-84.41977668235077,1307448046,97369,24.0,24.0,24.0,24.0,26.5,26.5,26.5,26.5,77.0,77.0,82.0,82.0,19.27777777777778,68.7,19.166361111111108,15.61111111111111,0.8
2025-10-17 13:30:13+00:00,33.737952,-84.4197885005204,1307448046,97369,24.0,24.0,24.0,24.0,26.5,26.5,26.5,26.5,77.0,77.0,82.0,82.0,19.27777777777778,68.7,19.166361111111108,15.61111111111111,0.8
2025-10-17 13:30:14+00:00,33.737952,-84.41980222061855,1307448046,97369,24.0,24.0,24.0,24.0,26.5,26.5,26.5,26.5,77.0,77.0,82.0,82.0,19.27777777777778,68.7,19.166361111111108,15.61111111111111,0.8
2025-10-17 13:30:15+00:00,33.737952,-84.41981898874961,1307448046,97369,24.0,24.0,24.0,24.0,26.5,26.5,26.5,26.5,77.0,77.0,82.0,82.0,19.27777777777778,68.7,19.166361111111108,15.61111111111111,0.8
2025-10-17 13:30:16+00:00,33.737952,-84.41983793265167,1307448046,97369,24.0,24.0,24.0,24.0,26.5,26.5,26.5,26.5,77.0,77.0,82.0,82.0,19.222222222222218,68.7,19.108027777777775,15.5,0.9
2025-10-17 13:30:17+00:00,33.737952,-84.41985925052644,1307448046,97369,24.0,24.0,24.0,24.0,26.5,26.5,26.5,26.5,77.0,77.0,82.0,82.0,19.222222222222218,68.7,19.108027777777775,15.5,0.9
2025-10-17 13:30:18+00:00,33.73795217155593,-84.4198774311187,1307448046,97369,24.0,24.0,24.0,24.0,26.5,26.5,26.5,26.5,77.0,77.0,82.0,82.0,19.222222222222218,68.7,19.108027777777775,15.5,0.9
2025-10-17 13:30:19+00:00,33.73795321237734,-84.41989636269794,1307448046,97368,24.0,24.0,24.0,24.0,26.5,26.5,26.5,26.5,77.0,77.0,82.0,82.0,19.222222222222218,68.7,19.108027777777775,15.5,0.9
2025-10-17 13:30:20+00:00,33.737954931500724,-84.41991548794556,1307448046,97368,24.0,24.0,24.0,24.0,26.5,26.5,26.5,26.5,77.0,77.0,82.0,82.0,19.222222222222218,68.7,19.108027777777775,15.5,0.9
2025-10-17 13:30:21+00:00,33.73795653262779,-84.41993330048423,1307448046,97368,24.0,24.0,24.0,24.0,26.5,26.5,26.5,26.5,77.0,77.0,82.0,82.0,19.055555555555557,68.7,18.933027777777777,15.38888888888889,2.5
2025-10-17 13:30:22+00:00,33.73795803013582,-84.41994996026106,1307448046,97368,24.0,24.0,24.0,24.0,26.5,26.5,26.5,26.5,77.0,77.0,82.0,82.0,19.055555555555557,68.7,18.933027777777777,15.38888888888889,2.5
2025-10-17 13:30:23+00:00,33.737959470541405,-84.41996598477314,1307448046,97368,22.0,22.0,22.0,22.0,21.0,21.0,21.0,21.0,72.0,72.0,70.0,70.0,19.055555555555557,68.7,18.933027777777777,15.38888888888889,2.5
2025-10-17 13:30:24+00:00,33.737961,-84.419986,1307448046,97368,22.0,22.0,22.0,22.0,21.0,21.0,21.0,21.0,72.0,72.0,70.0,70.0,19.055555555555557,68.7,18.933027777777777,15.38888888888889,2.5
2025-10-17 13:30:25+00:00,33.73796185578492,-84.41999348811804,1307448046,97368,22.0,22.0,22.0,22.0,21.0,21.0,21.0,21.0,72.0,72.0,70.0,70.0,19.055555555555557,68.7,18.933027777777777,15.38888888888889,2.5
2025-10-17 13:30:26+00:00,33.737963221591414,-84.42000543892485,1307448046,97368,22.0,22.0,22.0,22.0,21.0,21.0,21.0,21.0,72.0,72.0,70.0,70.0,19.166666666666668,68.2,19.04316666666667,15.38888888888889,1.2
2025-10-17 13:30:27+00:00,33.737964610969755,-84.42001759598533,1307448046,97368,22.0,22.0,22.0,22.0,21.0,21.0,21.0,21.0,72.0,72.0,70.0,70.0,19.166666666666668,68.2,19.04316666666667,15.38888888888889,1.2
2025-10-17 13:30:28+00:00,33.73796584166773,-84.42003138056867,1307448046,97368,22.0,22.0,22.0,22.0,21.0,21.0,21.0,21.0,72.0,72.0,70.0,70.0,19.166666666666668,68.2,19.04316666666667,15.38888888888889,1.2
2025-10-17 13:30:29+00:00,33.73796690202652,-84.4200444583271,1307448046,97368,22.0,22.0,22.0,22.0,21.0,21.0,21.0,21.0,72.0,72.0,70.0,70.0,19.166666666666668,68.2,19.04316666666667,15.38888888888889,1.2
2025-10-17 13:30:30+00:00,33.737968,-84.420058,1307448046,97368,22.0,22.0,22.0,22.0,21.0,21.0,21.0,21.0,72.0,72.0,70.0,70.0,19.166666666666668,68.2,19.04316666666667,15.38888888888889,1.2
2025-10-17 13:30:31+00:00,33.737969877930105,-84.42007382780464,1307448046,97368,22.0,22.0,22.0,22.0,21.0,21.0,21.0,21.0,72.0,72.0,70.0,70.0,19.222222222222218,68.1,19.10019444444444,15.38888888888889,0.8
2025-10-17 13:30:32+00:00,33.7379709139266,-84.42008660509481,1307448046,97368,22.0,22.0,22.0,22.0,21.0,21.0,21.0,21.0,72.0,72.0,70.0,70.0,19.222222222222218,68.1,19.10019444444444,15.38888888888889,0.8
2025-10-17 13:30:33+00:00,33.737972,-84.4201,1307448046,97368,22.0,22.0,22.0,22.0,21.0,21.0,21.0,21.0,72.0,72.0,70.0,70.0,19.222222222222218,68.1,19.10019444444444,15.38888888888889,0.8
2025-10-17 13:30:34+00:00,33.73797367215058,-84.4201143936564,1307448046,97368,22.0,22.0,22.0,22.0,21.0,21.0,21.0,21.0,72.0,72.0,70.0,70.0,19.222222222222218,68.1,19.10019444444444,15.38888888888889,0.8
2025-10-17 13:30:35+00:00,33.73797496101203,-84.42012953214432,1307448046,97368,22.0,22.0,22.0,22.0,21.0,21.0,21.0,21.0,72.0,72.0,70.0,70.0,19.222222222222218,68.1,19.10019444444444,15.38888888888889,0.8
2025-10-17 13:30:36+00:00,33.7379763466457,-84.42014481310277,1307448046,97368,22.0,22.0,22.0,22.0,21.0,21.0,21.0,21.0,72.0,72.0,70.0,70.0,19.222222222222218,68.2,19.1015,15.38888888888889,0.8
2025-10-17 13:30:37+00:00,33.73797779090489,-84.42016069995385,1307448046,97368,22.0,22.0,22.0,22.0,21.0,21.0,21.0,21.0,72.0,72.0,70.0,70.0,19.222222222222218,68.2,19.1015,15.38888888888889,0.8
2025-10-17 13:30:38+00:00,33.737979199370315,-84.42017619307346,1307448046,97368,22.0,23.0,22.0,23.0,19.0,20.0,19.0,20.0,72.0,72.0,66.0,66.0,19.222222222222218,68.2,19.1015,15.38888888888889,0.8
2025-10-17 13:30:39+00:00,33.73798049659274,-84.4201904625202,1307448046,97368,22.0,23.0,22.0,23.0,19.0,20.0,19.0,20.0,72.0,72.0,66.0,66.0,19.222222222222218,68.2,19.1015,15.38888888888889,0.8
2025-10-17 13:30:40+00:00,33.73798172633329,-84.42020398966618,1307448046,97368,22.0,23.0,22.0,23.0,19.0,20.0,19.0,20.0,72.0,72.0,66.0,66.0,19.222222222222218,68.2,19.1015,15.38888888888889,0.8
2025-10-17 13:30:41+00:00,33.73798295444136,-84.42021749885498,1307448046,97368,22.0,23.0,22.0,23.0,19.0,20.0,19.0,20.0,72.0,72.0,66.0,66.0,19.222222222222218,68.3,19.10280555555555,15.38888888888889,0.8
2025-10-17 13:30:42+00:00,33.73798482495967,-84.42023147487899,1307448046,97368,22.0,23.0,22.0,23.0,19.0,20.0,19.0,20.0,72.0,72.0,66.0,66.0,19.222222222222218,68.3,19.10280555555555,15.38888888888889,0.8
2025-10-17 13:30:43+00:00,33.73798623100201,-84.42024636169009,1307448046,97368,22.0,23.0,22.0,23.0,19.0,20.0,19.0,20.0,72.0,72.0,66.0,66.0,19.222222222222218,68.3,19.10280555555555,15.38888888888889,0.8
2025-10-17 13:30:44+00:00,33.7379875338503,-84.42026156158681,1307448046,97368,22.0,23.0,22.0,23.0,19.0,20.0,19.0,20.0,72.0,72.0,66.0,66.0,19.222222222222218,68.3,19.10280555555555,15.38888888888889,0.8
2025-10-17 13:30:45+00:00,33.737989173800585,-84.4202779554721,1307448046,97368,22.0,23.0,22.0,23.0,19.0,20.0,19.0,20.0,72.0,72.0,66.0,66.0,19.222222222222218,68.3,19.10280555555555,15.38888888888889,0.8
2025-10-17 13:30:46+00:00,33.73799096770778,-84.42029469860591,1307448046,97368,22.0,23.0,22.0,23.0,19.0,20.0,19.0,20.0,72.0,72.0,66.0,66.0,19.222222222222218,68.3,19.10280555555555,15.38888888888889,0.9
2025-10-17 13:30:47+00:00,33.73799263335105,-84.42031133351048,1307448046,97368,22.0,23.0,22.0,23.0,19.0,20.0,19.0,20.0,72.0,72.0,66.0,66.0,19.222222222222218,68.3,19.10280555555555,15.38888888888889,0.9
2025-10-17 13:30:48+00:00,33.73799383741707,-84.42032714254749,1307448046,97368,22.0,23.0,22.0,23.0,19.0,20.0,19.0,20.0,72.0,72.0,66.0,66.0,19.222222222222218,68.3,19.10280555555555,15.38888888888889,0.9
2025-10-17 13:30:49+00:00,33.737994886651094,-84.42034235644093,1307448046,97368,22.0,23.0,22.0,23.0,19.0,20.0,19.0,20.0,72.0,72.0,66.0,66.0,19.222222222222218,68.3,19.10280555555555,15.38888888888889,0.9
2025-10-17 13:30:50+00:00,33.73799608839541,-84.42035697234948,1307448046,97368,22.0,23.0,22.0,23.0,19.0,20.0,19.0,20.0,72.0,72.0,66.0,66.0,19.222222222222218,68.3,19.10280555555555,15.38888888888889,0.9
2025-10-17 13:30:51+00:00,33.73799743624646,-84.42037144178211,1307448046,97368,22.0,23.0,22.0,23.0,19.0,20.0,19.0,20.0,72.0,72.0,66.0,66.0,19.222222222222218,68.4,19.104111111111102,15.5,0.8
2025-10-17 13:30:52+00:00,33.73799882910176,-84.42038562358157,1307448046,97368,22.0,23.0,22.0,23.0,19.0,20.0,19.0,20.0,72.0,72.0,66.0,66.0,19.222222222222218,68.4,19.104111111111102,15.5,0.8
2025-10-17 13:30:53+00:00,33.73800020936846,-84.4203996772061,1307448046,97368,22.0,22.5,22.0,22.5,19.0,19.5,19.0,19.5,72.0,72.0,66.0,66.0,19.222222222222218,68.4,19.104111111111102,15.5,0.8
2025-10-17 13:30:54+00:00,33.73800181143408,-84.42041598914699,1307448046,97368,22.0,22.5,22.0,22.5,19.0,19.5,19.0,19.5,72.0,72.0,66.0,66.0,19.222222222222218,68.4,19.104111111111102,15.5,0.8
2025-10-17 13:30:55+00:00,33.73800379809776,-84.42043621699531,1307448046,97368,22.0,22.5,22.0,22.5,19.0,19.5,19.0,19.5,72.0,72.0,66.0,66.0,19.222222222222218,68.4,19.104111111111102,15.5,0.8
2025-10-17 13:30:56+00:00,33.73800584227056,-84.42045703039115,1307448046,97368,22.0,22.5,22.0,22.5,19.0,19.5,19.0,19.5,72.0,72.0,66.0,66.0,19.166666666666668,68.5,19.047083333333333,15.5,0.0
2025-10-17 13:30:57+00:00,33.73796372534833,-84.42049815864269,9257224,6059,22.0,22.5,22.0,22.5,19.0,19.5,19.0,19.5,72.0,72.0,66.0,66.0,19.166666666666668,68.5,19.047083333333333,15.5,0.0
2025-10-17 13:30:58+00:00,33.73795954653451,-84.42049808266427,9257224,6059,22.0,22.5,22.0,22.5,19.0,19.5,19.0,19.5,72.0,72.0,66.0,66.0,19.166666666666668,68.5,19.047083333333333,15.5,0.0
2025-10-17 13:30:59+00:00,33.73795676488342,-84.42049803208879,9257224,6059,22.0,22.5,22.0,22.5,19.0,19.5,19.0,19.5,72.0,72.0,66.0,66.0,19.166666666666668,68.5,19.047083333333333,15.5,0.0
2025-10-17 13:31:00+00:00,33.73795558725462,-84.42049801067735,9257224,6059,22.0,22.5,22.0,22.5,19.0,19.5,19.0,19.5,72.0,72.0,66.0,66.0,19.166666666666668,68.5,19.047083333333333,15.5,0.0
2025-10-17 13:31:01+00:00,33.73795277875396,-84.420498,9257224,6059,22.0,22.5,22.0,22.5,19.0,19.5,19.0,19.5,72.0,72.0,66.0,66.0,19.111111111111114,68.7,18.99136111111111,15.5,0.8
2025-10-17 13:31:02+00:00,33.738018788078556,-84.42056935539985,1307448046,97367,22.0,22.5,22.0,22.5,19.0,19.5,19.0,19.5,72.0,72.0,66.0,66.0,19.111111111111114,68.7,18.99136111111111,15.5,0.8
2025-10-17 13:31:03+00:00,33.73802007525607,-84.42058136905658,1307448046,97367,22.0,22.5,22.0,22.5,19.0,19.5,19.0,19.5,72.0,72.0,66.0,66.0,19.111111111111114,68.7,18.99136111111111,15.5,0.8
2025-10-17 13:31:05+00:00,33.738021,-84.42059,1307448046,97367,22.0,22.5,22.0,22.5,19.0,19.5,19.0,19.5,72.0,72.0,66.0,66.0,19.111111111111114,68.7,18.99136111111111,15.5,0.8
2025-10-17 13:31:08+00:00,33.738020819126845,-84.4205883118505,1307448046,97367,18.0,19.0,18.0,19.0,18.0,19.0,18.0,19.0,64.0,64.0,64.0,64.0,19.111111111111114,69.0,18.995277777777783,15.5,0.8
2025-10-17 13:31:12+00:00,33.737937,-84.420498,9257224,6059,18.0,19.0,18.0,19.0,18.0,19.0,18.0,19.0,64.0,64.0,64.0,64.0,19.0,68.9,18.87730555555556,15.38888888888889,0.8
2025-10-17 13:31:16+00:00,33.7379383065053,-84.420498,9257224,6059,18.0,19.0,18.0,19.0,18.0,19.0,18.0,19.0,64.0,64.0,64.0,64.0,19.0,68.8,18.875999999999998,15.277777777777779,0.0
2025-10-17 13:31:21+00:00,33.737937,-84.420498,9257224,6059,18.0,19.0,18.0,19.0,18.0,19.0,18.0,19.0,64.0,64.0,64.0,64.0,19.111111111111114,68.9,18.99397222222223,15.5,0.0
2025-10-17 13:31:24+00:00,33.737937,-84.420498,9257224,6059,19.0,20.0,19.0,20.0,27.0,29.0,27.0,29.0,66.0,66.0,83.0,83.0,19.111111111111114,68.9,18.99397222222223,15.5,0.0
2025-10-17 13:31:31+00:00,33.737937,-84.420498,9257224,6059,19.0,20.0,19.0,20.0,27.0,29.0,27.0,29.0,66.0,66.0,83.0,83.0,19.111111111111114,69.1,18.996583333333334,15.5,0.0
2025-10-17 13:31:37+00:00,33.737937,-84.420498,9257224,6059,19.0,20.0,19.0,20.0,27.0,29.0,27.0,29.0,66.0,66.0,83.0,83.0,19.055555555555557,69.2,18.939555555555547,15.5,0.0
2025-10-17 13:31:49+00:00,33.73794501393768,-84.420498,9257224,6059,19.0,20.0,19.0,20.0,24.0,24.0,24.0,24.0,66.0,66.0,77.0,77.0,19.055555555555557,68.6,18.931722222222223,15.277777777777779,0.0
2025-10-17 13:31:51+00:00,33.738017252868254,-84.42055639651194,1307448046,97367,19.0,20.0,19.0,20.0,24.0,24.0,24.0,24.0,66.0,66.0,77.0,77.0,19.055555555555557,68.8,18.934333333333328,15.38888888888889,0.8
2025-10-17 13:31:53+00:00,33.7380192849745,-84.42057399309532,1307448046,97367,19.0,19.0,19.0,19.0,20.0,21.0,20.0,21.0,66.0,66.0,68.0,68.0,19.055555555555557,68.8,18.934333333333328,15.38888888888889,0.8
2025-10-17 13:31:54+00:00,33.7380204581458,-84.42058494269412,1307448046,97367,19.0,19.0,19.0,19.0,20.0,21.0,20.0,21.0,66.0,66.0,68.0,68.0,19.055555555555557,68.8,18.934333333333328,15.38888888888889,0.8
2025-10-17 13:31:55+00:00,33.738022260232995,-84.42059715125943,1307448046,97367,19.0,19.0,19.0,19.0,20.0,21.0,20.0,21.0,66.0,66.0,68.0,68.0,19.055555555555557,68.8,18.934333333333328,15.38888888888889,0.8
2025-10-17 13:31:56+00:00,33.73802403964916,-84.42061186109976,1307448046,97367,19.0,19.0,19.0,19.0,20.0,21.0,20.0,21.0,66.0,66.0,68.0,68.0,19.111111111111114,69.5,19.001805555555553,15.5,0.8
2025-10-17 13:31:57+00:00,33.73802595835696,-84.42062772241754,1307448046,97367,19.0,19.0,19.0,19.0,20.0,21.0,20.0,21.0,66.0,66.0,68.0,68.0,19.111111111111114,69.5,19.001805555555553,15.5,0.8
2025-10-17 13:31:58+00:00,33.73802785809877,-84.42064342694984,1307448046,97367,19.0,19.0,19.0,19.0,20.0,21.0,20.0,21.0,66.0,66.0,68.0,68.0,19.111111111111114,69.5,19.001805555555553,15.5,0.8
2025-10-17 13:31:59+00:00,33.73802984931095,-84.42065988763716,1307448046,97367,19.0,19.0,19.0,19.0,20.0,21.0,20.0,21.0,66.0,66.0,68.0,68.0,19.111111111111114,69.5,19.001805555555553,15.5,0.8
2025-10-17 13:32:00+00:00,33.738031900372725,-84.42067684308122,1307448046,97367,19.0,19.0,19.0,19.0,20.0,21.0,20.0,21.0,66.0,66.0,68.0,68.0,19.111111111111114,69.5,19.001805555555553,15.5,0.8
2025-10-17 13:32:01+00:00,33.73803393980408,-84.4206937023804,1307448046,97367,19.0,19.0,19.0,19.0,20.0,21.0,20.0,21.0,66.0,66.0,68.0,68.0,19.222222222222218,69.9,19.123694444444446,15.666666666666666,0.9
2025-10-17 13:32:02+00:00,33.738035957306,-84.42071038039632,1307448046,97367,19.0,19.0,19.0,19.0,20.0,21.0,20.0,21.0,66.0,66.0,68.0,68.0,19.222222222222218,69.9,19.123694444444446,15.666666666666666,0.9
2025-10-17 13:32:03+00:00,33.73803826094306,-84.4207274354685,1307448046,97367,19.0,19.0,19.0,19.0,20.0,21.0,20.0,21.0,66.0,66.0,68.0,68.0,19.222222222222218,69.9,19.123694444444446,15.666666666666666,0.9
2025-10-17 13:32:04+00:00,33.73803997750835,-84.42074345674457,1307448046,97367,19.0,19.0,19.0,19.0,20.0,21.0,20.0,21.0,66.0,66.0,68.0,68.0,19.222222222222218,69.9,19.123694444444446,15.666666666666666,0.9
2025-10-17 13:32:05+00:00,33.73804156186464,-84.4207574949171,1307448046,97367,19.0,19.0,19.0,19.0,20.0,21.0,20.0,21.0,66.0,66.0,68.0,68.0,19.222222222222218,69.9,19.123694444444446,15.666666666666666,0.9
2025-10-17 13:32:06+00:00,33.738043435488116,-84.42077281052102,1307448046,97367,19.0,19.0,19.0,19.0,20.0,21.0,20.0,21.0,66.0,66.0,68.0,68.0,19.333333333333332,70.2,19.244277777777782,15.777777777777779,0.9
2025-10-17 13:32:07+00:00,33.738045073025894,-84.42078713897656,1307448046,97367,19.0,19.0,19.0,19.0,20.0,21.0,20.0,21.0,66.0,66.0,68.0,68.0,19.333333333333332,70.2,19.244277777777782,15.777777777777779,0.9
2025-10-17 13:32:08+00:00,33.73804685031134,-84.42080269022424,1307448046,97367,19.0,19.0,19.0,19.0,18.0,18.0,18.0,18.0,66.0,66.0,64.0,64.0,19.333333333333332,70.2,19.244277777777782,15.777777777777779,0.9
2025-10-17 13:32:09+00:00,33.73804852881169,-84.420813937276,1307448046,97367,19.0,19.0,19.0,19.0,18.0,18.0,18.0,18.0,66.0,66.0,64.0,64.0,19.333333333333332,70.2,19.244277777777782,15.777777777777779,0.9
2025-10-17 13:32:10+00:00,33.738051,-84.42083740805171,1307448046,97367,19.0,19.0,19.0,19.0,18.0,18.0,18.0,18.0,66.0,66.0,64.0,64.0,19.333333333333332,70.2,19.244277777777782,15.777777777777779,0.9
2025-10-17 13:32:11+00:00,33.73805150074973,-84.42084179139081,1307448046,97367,19.0,19.0,19.0,19.0,18.0,18.0,18.0,18.0,66.0,66.0,64.0,64.0,19.222222222222218,70.6,19.13283333333333,15.777777777777779,1.8
2025-10-17 13:32:12+00:00,33.738053315776156,-84.42085553373379,1307448046,97367,19.0,19.0,19.0,19.0,18.0,18.0,18.0,18.0,66.0,66.0,64.0,64.0,19.222222222222218,70.6,19.13283333333333,15.777777777777779,1.8
2025-10-17 13:32:13+00:00,33.738055182839126,-84.42086967006765,1307448046,97367,19.0,19.0,19.0,19.0,18.0,18.0,18.0,18.0,66.0,66.0,64.0,64.0,19.222222222222218,70.6,19.13283333333333,15.777777777777779,1.8
2025-10-17 13:32:14+00:00,33.73805697524391,-84.42088324113244,1307448046,97367,19.0,19.0,19.0,19.0,18.0,18.0,18.0,18.0,66.0,66.0,64.0,64.0,19.222222222222218,70.6,19.13283333333333,15.777777777777779,1.8
2025-10-17 13:32:15+00:00,33.738058673956175,-84.42089654141742,1307448046,97366,19.0,19.0,19.0,19.0,18.0,18.0,18.0,18.0,66.0,66.0,64.0,64.0,19.222222222222218,70.6,19.13283333333333,15.777777777777779,1.8
2025-10-17 13:32:16+00:00,33.73806025221621,-84.42090951822213,1307448046,97366,19.0,19.0,19.0,19.0,18.0,18.0,18.0,18.0,66.0,66.0,64.0,64.0,19.166666666666668,71.2,19.082333333333327,15.777777777777779,1.8
2025-10-17 13:32:17+00:00,33.73806197909707,-84.42092371702032,1307448046,97366,19.0,19.0,19.0,19.0,18.0,18.0,18.0,18.0,66.0,66.0,64.0,64.0,19.166666666666668,71.2,19.082333333333327,15.777777777777779,1.8
2025-10-17 13:32:18+00:00,33.73806376225312,-84.42093837852562,1307448046,97366,19.0,19.0,19.0,19.0,18.0,18.0,18.0,18.0,66.0,66.0,64.0,64.0,19.166666666666668,71.2,19.082333333333327,15.777777777777779,1.8
2025-10-17 13:32:19+00:00,33.73806557966752,-84.42095332171074,1307448046,97366,19.0,19.0,19.0,19.0,18.0,18.0,18.0,18.0,66.0,66.0,64.0,64.0,19.166666666666668,71.2,19.082333333333327,15.777777777777779,1.8
2025-10-17 13:32:20+00:00,33.7380672542635,-84.42096652558098,1307448046,97366,19.0,19.0,19.0,19.0,18.0,18.0,18.0,18.0,66.0,66.0,64.0,64.0,19.166666666666668,71.2,19.082333333333327,15.777777777777779,1.8
2025-10-17 13:32:21+00:00,33.738069833780045,-84.42098689276042,1307448046,97366,19.0,19.0,19.0,19.0,18.0,18.0,18.0,18.0,66.0,66.0,64.0,64.0,19.166666666666668,71.1,19.081027777777777,15.777777777777779,1.4
2025-10-17 13:32:22+00:00,33.738072130859805,-84.42100755469157,1307448046,97366,19.0,19.0,19.0,19.0,18.0,18.0,18.0,18.0,66.0,66.0,64.0,64.0,19.166666666666668,71.1,19.081027777777777,15.777777777777779,1.4
2025-10-17 13:32:23+00:00,33.73807439603926,-84.42102797029445,1307448046,97366,19.0,20.0,19.0,20.0,17.0,17.0,17.0,17.0,66.0,66.0,62.0,62.0,19.166666666666668,71.1,19.081027777777777,15.777777777777779,1.4
2025-10-17 13:32:24+00:00,33.73807743919214,-84.42105151353715,1307448046,97366,19.0,20.0,19.0,20.0,17.0,17.0,17.0,17.0,66.0,66.0,62.0,62.0,19.166666666666668,71.1,19.081027777777777,15.777777777777779,1.4
2025-10-17 13:32:25+00:00,33.73808,-84.421072,1307448046,97366,19.0,20.0,19.0,20.0,17.0,17.0,17.0,17.0,66.0,66.0,62.0,62.0,19.166666666666668,71.1,19.081027777777777,15.777777777777779,1.4
2025-10-17 13:32:26+00:00,33.73808252357959,-84.42109288392083,1307448046,97366,19.0,20.0,19.0,20.0,17.0,17.0,17.0,17.0,66.0,66.0,62.0,62.0,19.333333333333332,70.8,19.252111111111105,15.88888888888889,0.0
2025-10-17 13:32:27+00:00,33.73808486124377,-84.4211111177014,1307448046,97366,19.0,20.0,19.0,20.0,17.0,17.0,17.0,17.0,66.0,66.0,62.0,62.0,19.333333333333332,70.8,19.252111111111105,15.88888888888889,0.0
2025-10-17 13:32:28+00:00,33.73808690027139,-84.42112702211686,1307448046,97366,19.0,20.0,19.0,20.0,17.0,17.0,17.0,17.0,66.0,66.0,62.0,62.0,19.333333333333332,70.8,19.252111111111105,15.88888888888889,0.0
2025-10-17 13:32:29+00:00,33.73808880669892,-84.42114189225158,1307448046,97366,19.0,20.0,19.0,20.0,17.0,17.0,17.0,17.0,66.0,66.0,62.0,62.0,19.333333333333332,70.8,19.252111111111105,15.88888888888889,0.0
2025-10-17 13:32:30+00:00,33.73809052930344,-84.42115532856683,1307448046,97366,19.0,20.0,19.0,20.0,17.0,17.0,17.0,17.0,66.0,66.0,62.0,62.0,19.333333333333332,70.8,19.252111111111105,15.88888888888889,0.0
2025-10-17 13:32:31+00:00,33.73809198905776,-84.42116671465054,1307448046,97366,19.0,20.0,19.0,20.0,17.0,17.0,17.0,17.0,66.0,66.0,62.0,62.0,19.333333333333332,71.1,19.256027777777774,15.88888888888889,0.8
2025-10-17 13:32:32+00:00,33.73809346529755,-84.4211782293209,1307448046,97366,19.0,20.0,19.0,20.0,17.0,17.0,17.0,17.0,66.0,66.0,62.0,62.0,19.333333333333332,71.1,19.256027777777774,15.88888888888889,0.8
2025-10-17 13:32:33+00:00,33.73809512341702,-84.42119116265275,1307448046,97366,19.0,20.0,19.0,20.0,17.0,17.0,17.0,17.0,66.0,66.0,62.0,62.0,19.333333333333332,71.1,19.256027777777774,15.88888888888889,0.8
2025-10-17 13:32:34+00:00,33.738096354636696,-84.42120719173025,1307448046,97365,19.0,20.0,19.0,20.0,17.0,17.0,17.0,17.0,66.0,66.0,62.0,62.0,19.333333333333332,71.1,19.256027777777774,15.88888888888889,0.8
2025-10-17 13:32:35+00:00,33.738098,-84.421221,1307448046,97364,19.0,20.0,19.0,20.0,17.0,17.0,17.0,17.0,66.0,66.0,62.0,62.0,19.333333333333332,71.1,19.256027777777774,15.88888888888889,0.8
2025-10-17 13:32:36+00:00,33.738100387420545,-84.42123761592505,1307448046,97364,19.0,20.0,19.0,20.0,17.0,17.0,17.0,17.0,66.0,66.0,62.0,62.0,19.444444444444443,71.3,19.375305555555556,16.11111111111111,0.9
2025-10-17 13:32:37+00:00,33.7381019620179,-84.42125231216703,1307448046,97364,19.0,20.0,19.0,20.0,17.0,17.0,17.0,17.0,66.0,66.0,62.0,62.0,19.444444444444443,71.3,19.375305555555556,16.11111111111111,0.9
2025-10-17 13:32:38+00:00,33.7381035121828,-84.4212663535538,1307448046,97364,20.0,20.0,20.0,20.0,19.5,19.5,19.5,19.5,68.0,68.0,67.0,67.0,19.444444444444443,71.3,19.375305555555556,16.11111111111111,0.9
2025-10-17 13:32:39+00:00,33.738105,-84.421279,1307448046,97364,20.0,20.0,20.0,20.0,19.5,19.5,19.5,19.5,68.0,68.0,67.0,67.0,19.444444444444443,71.3,19.375305555555556,16.11111111111111,0.9
2025-10-17 13:32:40+00:00,33.73810680607538,-84.42129164252765,1307448046,97364,20.0,20.0,20.0,20.0,19.5,19.5,19.5,19.5,68.0,68.0,67.0,67.0,19.444444444444443,71.3,19.375305555555556,16.11111111111111,0.9
2025-10-17 13:32:42+00:00,33.73811,-84.421317,1307448046,97364,20.0,20.0,20.0,20.0,19.5,19.5,19.5,19.5,68.0,68.0,67.0,67.0,19.555555555555557,71.5,19.49458333333333,16.22222222222222,0.8
2025-10-17 13:32:44+00:00,33.738111903940485,-84.42132859310006,1307448046,97364,20.0,20.0,20.0,20.0,19.5,19.5,19.5,19.5,68.0,68.0,67.0,67.0,19.555555555555557,71.5,19.49458333333333,16.22222222222222,0.8
2025-10-17 13:32:46+00:00,33.73811392553255,-84.42134557447343,1307448046,97364,20.0,20.0,20.0,20.0,19.5,19.5,19.5,19.5,68.0,68.0,67.0,67.0,19.72222222222222,71.3,19.666972222222228,16.27777777777778,0.9
2025-10-17 13:32:48+00:00,33.73811657996752,-84.42136787172714,1307448046,97364,20.0,20.0,20.0,20.0,19.5,19.5,19.5,19.5,68.0,68.0,67.0,67.0,19.72222222222222,71.3,19.666972222222228,16.27777777777778,0.9
2025-10-17 13:32:49+00:00,33.73811810023007,-84.42138064193257,1307448046,97364,20.0,20.0,20.0,20.0,19.5,19.5,19.5,19.5,68.0,68.0,67.0,67.0,19.72222222222222,71.3,19.666972222222228,16.27777777777778,0.9
2025-10-17 13:32:50+00:00,33.738119669359,-84.4213938226156,1307448046,97364,20.0,20.0,20.0,20.0,19.5,19.5,19.5,19.5,68.0,68.0,67.0,67.0,19.72222222222222,71.3,19.666972222222228,16.27777777777778,0.9
2025-10-17 13:32:51+00:00,33.73812117484267,-84.4214064686784,1307448046,97364,20.0,20.0,20.0,20.0,19.5,19.5,19.5,19.5,68.0,68.0,67.0,67.0,19.72222222222222,71.2,19.665666666666667,16.27777777777778,1.9
2025-10-17 13:32:52+00:00,33.738122550857064,-84.42141802719932,1307448046,97364,20.0,20.0,20.0,20.0,19.5,19.5,19.5,19.5,68.0,68.0,67.0,67.0,19.72222222222222,71.2,19.665666666666667,16.27777777777778,1.9
2025-10-17 13:32:53+00:00,33.73812391008421,-84.42142944470739,1307448046,97364,19.0,19.0,19.0,19.0,19.0,20.0,19.0,20.0,66.0,66.0,66.0,66.0,19.72222222222222,71.2,19.665666666666667,16.27777777777778,1.9
2025-10-17 13:32:54+00:00,33.73812529193188,-84.4214410522278,1307448046,97364,19.0,19.0,19.0,19.0,19.0,20.0,19.0,20.0,66.0,66.0,66.0,66.0,19.72222222222222,71.2,19.665666666666667,16.27777777777778,1.9
2025-10-17 13:32:55+00:00,33.738127,-84.421458,1307448046,97363,19.0,19.0,19.0,19.0,19.0,20.0,19.0,20.0,66.0,66.0,66.0,66.0,19.72222222222222,71.2,19.665666666666667,16.27777777777778,1.9
2025-10-17 13:32:56+00:00,33.73812864474629,-84.42147033559718,1307448046,97363,19.0,19.0,19.0,19.0,19.0,20.0,19.0,20.0,66.0,66.0,66.0,66.0,19.61111111111111,71.0,19.546388888888895,16.22222222222222,2.5
2025-10-17 13:32:57+00:00,33.738131247972426,-84.4214879837794,1307448046,97362,19.0,19.0,19.0,19.0,19.0,20.0,19.0,20.0,66.0,66.0,66.0,66.0,19.61111111111111,71.0,19.546388888888895,16.22222222222222,2.5
2025-10-17 13:32:58+00:00,33.738133546120686,-84.4215074612069,1307448046,97362,19.0,19.0,19.0,19.0,19.0,20.0,19.0,20.0,66.0,66.0,66.0,66.0,19.61111111111111,71.0,19.546388888888895,16.22222222222222,2.5
2025-10-17 13:32:59+00:00,33.73813520430799,-84.4215236855409,1307448046,97362,19.0,19.0,19.0,19.0,19.0,20.0,19.0,20.0,66.0,66.0,66.0,66.0,19.61111111111111,71.0,19.546388888888895,16.22222222222222,2.5
2025-10-17 13:33:00+00:00,33.738137250693555,-84.42154056822184,1307448046,97362,19.0,19.0,19.0,19.0,19.0,20.0,19.0,20.0,66.0,66.0,66.0,66.0,19.61111111111111,71.0,19.546388888888895,16.22222222222222,2.5
2025-10-17 13:33:01+00:00,33.738139,-84.421555,1307448046,97362,19.0,19.0,19.0,19.0,19.0,20.0,19.0,20.0,66.0,66.0,66.0,66.0,19.499999999999996,71.0,19.429722222222225,16.11111111111111,2.2
2025-10-17 13:33:02+00:00,33.73814143721155,-84.42157170172446,1307448046,97362,19.0,19.0,19.0,19.0,19.0,20.0,19.0,20.0,66.0,66.0,66.0,66.0,19.499999999999996,71.0,19.429722222222225,16.11111111111111,2.2
2025-10-17 13:33:03+00:00,33.73814296475716,-84.42158463494394,1307448046,97362,19.0,19.0,19.0,19.0,19.0,20.0,19.0,20.0,66.0,66.0,66.0,66.0,19.499999999999996,71.0,19.429722222222225,16.11111111111111,2.2
2025-10-17 13:33:04+00:00,33.73814429058388,-84.42159586027688,1307448046,97362,19.0,19.0,19.0,19.0,19.0,20.0,19.0,20.0,66.0,66.0,66.0,66.0,19.499999999999996,71.0,19.429722222222225,16.11111111111111,2.2
2025-10-17 13:33:05+00:00,33.73814554384902,-84.42160647125507,1307448046,97362,19.0,19.0,19.0,19.0,19.0,20.0,19.0,20.0,66.0,66.0,66.0,66.0,19.499999999999996,71.0,19.429722222222225,16.11111111111111,2.2
2025-10-17 13:33:07+00:00,33.738148135750386,-84.42162841601993,1307448046,97362,19.0,19.0,19.0,19.0,19.0,20.0,19.0,20.0,66.0,66.0,66.0,66.0,19.333333333333332,70.2,19.244277777777782,15.777777777777779,2.1
2025-10-17 13:33:08+00:00,33.7381497161469,-84.42164179671042,1307448046,97362,19.0,19.0,19.0,19.0,16.0,18.0,16.0,18.0,66.0,66.0,60.0,60.0,19.333333333333332,70.2,19.244277777777782,15.777777777777779,2.1
2025-10-17 13:33:09+00:00,33.738151196476274,-84.4216543301658,1307448046,97362,19.0,19.0,19.0,19.0,16.0,18.0,16.0,18.0,66.0,66.0,60.0,60.0,19.333333333333332,70.2,19.244277777777782,15.777777777777779,2.1
2025-10-17 13:33:10+00:00,33.73815276144471,-84.42166758023188,1307448046,97362,19.0,19.0,19.0,19.0,16.0,18.0,16.0,18.0,66.0,66.0,60.0,60.0,19.333333333333332,70.2,19.244277777777782,15.777777777777779,2.1
2025-10-17 13:33:11+00:00,33.738154417064415,-84.42168159781208,1307448046,97362,19.0,19.0,19.0,19.0,16.0,18.0,16.0,18.0,66.0,66.0,60.0,60.0,19.333333333333332,69.5,19.235138888888887,15.777777777777779,1.4
2025-10-17 13:33:12+00:00,33.738156,-84.421695,1307448046,97362,19.0,19.0,19.0,19.0,16.0,18.0,16.0,18.0,66.0,66.0,60.0,60.0,19.333333333333332,69.5,19.235138888888887,15.777777777777779,1.4
2025-10-17 13:33:13+00:00,33.73815858370604,-84.42171066964829,1307448046,97362,19.0,19.0,19.0,19.0,16.0,18.0,16.0,18.0,66.0,66.0,60.0,60.0,19.333333333333332,69.5,19.235138888888887,15.777777777777779,1.4
2025-10-17 13:33:14+00:00,33.738160538734675,-84.42172657924475,1307448046,97362,19.0,19.0,19.0,19.0,16.0,18.0,16.0,18.0,66.0,66.0,60.0,60.0,19.333333333333332,69.5,19.235138888888887,15.777777777777779,1.4
2025-10-17 13:33:15+00:00,33.738162430062616,-84.42174254801654,1307448046,97362,19.0,19.0,19.0,19.0,16.0,18.0,16.0,18.0,66.0,66.0,60.0,60.0,19.333333333333332,69.5,19.235138888888887,15.777777777777779,1.4
2025-10-17 13:33:16+00:00,33.73816445969051,-84.42175929244671,1307448046,97362,19.0,19.0,19.0,19.0,16.0,18.0,16.0,18.0,66.0,66.0,60.0,60.0,19.388888888888893,69.1,19.28825,15.777777777777779,1.1
2025-10-17 13:33:17+00:00,33.73816655031611,-84.42177676940626,1307448046,97362,19.0,19.0,19.0,19.0,16.0,18.0,16.0,18.0,66.0,66.0,60.0,60.0,19.388888888888893,69.1,19.28825,15.777777777777779,1.1
2025-10-17 13:33:18+00:00,33.73816850863343,-84.4217937414897,1307448046,97362,19.0,19.0,19.0,19.0,16.0,18.0,16.0,18.0,66.0,66.0,60.0,60.0,19.388888888888893,69.1,19.28825,15.777777777777779,1.1
2025-10-17 13:33:19+00:00,33.738169045494,-84.42180118197601,1307448046,97362,19.0,19.0,19.0,19.0,16.0,18.0,16.0,18.0,66.0,66.0,60.0,60.0,19.388888888888893,69.1,19.28825,15.777777777777779,1.1
2025-10-17 13:33:20+00:00,33.73817282184486,-84.42182666607498,1307448046,97362,19.0,19.0,19.0,19.0,16.0,18.0,16.0,18.0,66.0,66.0,60.0,60.0,19.388888888888893,69.1,19.28825,15.777777777777779,1.1
2025-10-17 13:33:21+00:00,33.73817507647578,-84.42184495363686,1307448046,97362,19.0,19.0,19.0,19.0,16.0,18.0,16.0,18.0,66.0,66.0,60.0,60.0,19.444444444444443,69.2,19.34788888888889,15.777777777777779,1.1
2025-10-17 13:33:22+00:00,33.73817704738935,-84.42186093993584,1307448046,97362,19.0,19.0,19.0,19.0,16.0,18.0,16.0,18.0,66.0,66.0,60.0,60.0,19.444444444444443,69.2,19.34788888888889,15.777777777777779,1.1
2025-10-17 13:33:23+00:00,33.73817847324635,-84.42187250522042,1307448046,97362,18.0,19.0,18.0,19.0,16.0,18.5,16.0,18.5,64.0,64.0,60.0,60.0,19.444444444444443,69.2,19.34788888888889,15.777777777777779,1.1
2025-10-17 13:33:25+00:00,33.73818075671273,-84.42189102666993,1307448046,97362,18.0,19.0,18.0,19.0,16.0,18.5,16.0,18.5,64.0,64.0,60.0,60.0,19.444444444444443,69.2,19.34788888888889,15.777777777777779,1.1
2025-10-17 13:33:27+00:00,33.73818300664931,-84.42190945452434,1307448046,97361,18.0,19.0,18.0,19.0,16.0,18.5,16.0,18.5,64.0,64.0,60.0,60.0,19.555555555555557,70.0,19.475000000000005,16.0,1.3
2025-10-17 13:33:28+00:00,33.73818439730532,-84.42192085790361,1307448046,97361,18.0,19.0,18.0,19.0,16.0,18.5,16.0,18.5,64.0,64.0,60.0,60.0,19.555555555555557,70.0,19.475000000000005,16.0,1.3
2025-10-17 13:33:29+00:00,33.738186,-84.42194,1307448046,97361,18.0,19.0,18.0,19.0,16.0,18.5,16.0,18.5,64.0,64.0,60.0,60.0,19.555555555555557,70.0,19.475000000000005,16.0,1.3
2025-10-17 13:33:30+00:00,33.73818745291468,-84.42194871748809,1307448046,97361,18.0,19.0,18.0,19.0,16.0,18.5,16.0,18.5,64.0,64.0,60.0,60.0,19.555555555555557,70.0,19.475000000000005,16.0,1.3
2025-10-17 13:33:31+00:00,33.738189,-84.421966,1307448046,97360,18.0,19.0,18.0,19.0,16.0,18.5,16.0,18.5,64.0,64.0,60.0,60.0,19.555555555555557,70.3,19.478916666666667,16.0,2.2
2025-10-17 13:33:32+00:00,33.73819226557709,-84.42198556724526,1307448046,97360,18.0,19.0,18.0,19.0,16.0,18.5,16.0,18.5,64.0,64.0,60.0,60.0,19.555555555555557,70.3,19.478916666666667,16.0,2.2
2025-10-17 13:33:33+00:00,33.738193847412646,-84.42200085832224,1307448046,97360,18.0,19.0,18.0,19.0,16.0,18.5,16.0,18.5,64.0,64.0,60.0,60.0,19.555555555555557,70.3,19.478916666666667,16.0,2.2
2025-10-17 13:33:34+00:00,33.73819530140569,-84.42201431077699,1307448046,97359,18.0,19.0,18.0,19.0,16.0,18.5,16.0,18.5,64.0,64.0,60.0,60.0,19.555555555555557,70.3,19.478916666666667,16.0,2.2
2025-10-17 13:33:35+00:00,33.73819695460156,-84.42202698527865,1307448046,97359,18.0,19.0,18.0,19.0,16.0,18.5,16.0,18.5,64.0,64.0,60.0,60.0,19.555555555555557,70.3,19.478916666666667,16.0,2.2
2025-10-17 13:33:36+00:00,33.73819836619392,-84.4220368309696,1307448046,97359,18.0,19.0,18.0,19.0,16.0,18.5,16.0,18.5,64.0,64.0,60.0,60.0,19.72222222222222,70.1,19.651305555555563,16.11111111111111,1.1
2025-10-17 13:33:37+00:00,33.73820056435122,-84.42205251480976,1307448046,97359,18.0,19.0,18.0,19.0,16.0,18.5,16.0,18.5,64.0,64.0,60.0,60.0,19.72222222222222,70.1,19.651305555555563,16.11111111111111,1.1
2025-10-17 13:33:38+00:00,33.73820214689538,-84.42206524296091,1307448046,97359,18.0,18.0,18.0,18.0,18.0,21.0,18.0,21.0,64.0,64.0,64.0,64.0,19.72222222222222,70.1,19.651305555555563,16.11111111111111,1.1
2025-10-17 13:33:39+00:00,33.73820366358582,-84.42207807649541,1307448046,97359,18.0,18.0,18.0,18.0,18.0,21.0,18.0,21.0,64.0,64.0,64.0,64.0,19.72222222222222,70.1,19.651305555555563,16.11111111111111,1.1
2025-10-17 13:33:40+00:00,33.738205198254654,-84.42209106215475,1307448046,97359,18.0,18.0,18.0,18.0,18.0,21.0,18.0,21.0,64.0,64.0,64.0,64.0,19.72222222222222,70.1,19.651305555555563,16.11111111111111,1.1
2025-10-17 13:33:41+00:00,33.7382068794428,-84.42210528759294,1307448046,97359,18.0,18.0,18.0,18.0,18.0,21.0,18.0,21.0,64.0,64.0,64.0,64.0,19.833333333333332,70.2,19.769277777777777,16.27777777777778,0.8
2025-10-17 13:33:42+00:00,33.73820863518338,-84.4221201438594,1307448046,97359,18.0,18.0,18.0,18.0,18.0,21.0,18.0,21.0,64.0,64.0,64.0,64.0,19.833333333333332,70.2,19.769277777777777,16.27777777777778,0.8
2025-10-17 13:33:43+00:00,33.73821044306199,-84.42213544129373,1307448046,97359,18.0,18.0,18.0,18.0,18.0,21.0,18.0,21.0,64.0,64.0,64.0,64.0,19.833333333333332,70.2,19.769277777777777,16.27777777777778,0.8
2025-10-17 13:33:44+00:00,33.73821224395114,-84.42215067958658,1307448046,97359,18.0,18.0,18.0,18.0,18.0,21.0,18.0,21.0,64.0,64.0,64.0,64.0,19.833333333333332,70.2,19.769277777777777,16.27777777777778,0.8
2025-10-17 13:33:45+00:00,33.738214134378985,-84.42216667551452,1307448046,97359,18.0,18.0,18.0,18.0,18.0,21.0,18.0,21.0,64.0,64.0,64.0,64.0,19.833333333333332,70.2,19.769277777777777,16.27777777777778,0.8
2025-10-17 13:33:46+00:00,33.738216049546395,-84.42218442940205,1307448046,97358,18.0,18.0,18.0,18.0,18.0,21.0,18.0,21.0,64.0,64.0,64.0,64.0,19.833333333333332,70.2,19.769277777777777,16.27777777777778,0.8
2025-10-17 13:33:47+00:00,33.7382181889496,-84.42220297089656,1307448046,97358,18.0,18.0,18.0,18.0,18.0,21.0,18.0,21.0,64.0,64.0,64.0,64.0,19.833333333333332,70.2,19.769277777777777,16.27777777777778,0.8
2025-10-17 13:33:48+00:00,33.73822028695409,-84.42222023824192,1307448046,97358,18.0,18.0,18.0,18.0,18.0,21.0,18.0,21.0,64.0,64.0,64.0,64.0,19.833333333333332,70.2,19.769277777777777,16.27777777777778,0.8
2025-10-17 13:33:49+00:00,33.738222404994545,-84.42223675895747,1307448046,97358,18.0,18.0,18.0,18.0,18.0,21.0,18.0,21.0,64.0,64.0,64.0,64.0,19.833333333333332,70.2,19.769277777777777,16.27777777777778,0.8
2025-10-17 13:33:50+00:00,33.73822451141017,-84.42225318899935,1307448046,97358,18.0,18.0,18.0,18.0,18.0,21.0,18.0,21.0,64.0,64.0,64.0,64.0,19.833333333333332,70.2,19.769277777777777,16.27777777777778,0.8
2025-10-17 13:33:51+00:00,33.738226725718356,-84.42226908002849,1307448046,97358,18.0,18.0,18.0,18.0,18.0,21.0,18.0,21.0,64.0,64.0,64.0,64.0,19.833333333333332,70.1,19.767972222222227,16.22222222222222,1.1
2025-10-17 13:33:52+00:00,33.73822884639517,-84.42228669435892,1307448046,97358,18.0,18.0,18.0,18.0,18.0,21.0,18.0,21.0,64.0,64.0,64.0,64.0,19.833333333333332,70.1,19.767972222222227,16.22222222222222,1.1
2025-10-17 13:33:53+00:00,33.738230569475164,-84.42230141685097,1307448046,97358,18.5,18.5,18.5,18.5,19.0,22.0,19.0,22.0,65.0,65.0,66.0,66.0,19.833333333333332,70.1,19.767972222222227,16.22222222222222,1.1
2025-10-17 13:33:54+00:00,33.73823296097402,-84.42232034145013,1307448046,97358,18.5,18.5,18.5,18.5,19.0,22.0,19.0,22.0,65.0,65.0,66.0,66.0,19.833333333333332,70.1,19.767972222222227,16.22222222222222,1.1
2025-10-17 13:33:55+00:00,33.738234916125926,-84.42233541288151,1307448046,97357,18.5,18.5,18.5,18.5,19.0,22.0,19.0,22.0,65.0,65.0,66.0,66.0,19.833333333333332,70.1,19.767972222222227,16.22222222222222,1.1
2025-10-17 13:33:56+00:00,33.73823705119156,-84.42235035834092,1307448046,97357,18.5,18.5,18.5,18.5,19.0,22.0,19.0,22.0,65.0,65.0,66.0,66.0,19.833333333333332,70.0,19.766666666666673,16.22222222222222,1.4
2025-10-17 13:33:57+00:00,33.738239028026406,-84.42236419618483,1307448046,97357,18.5,18.5,18.5,18.5,19.0,22.0,19.0,22.0,65.0,65.0,66.0,66.0,19.833333333333332,70.0,19.766666666666673,16.22222222222222,1.4
2025-10-17 13:33:58+00:00,33.73824088197311,-84.42237717381178,1307448046,97357,18.5,18.5,18.5,18.5,19.0,22.0,19.0,22.0,65.0,65.0,66.0,66.0,19.833333333333332,70.0,19.766666666666673,16.22222222222222,1.4
2025-10-17 13:33:59+00:00,33.73824242176944,-84.4223879523861,1307448046,97357,18.5,18.5,18.5,18.5,19.0,22.0,19.0,22.0,65.0,65.0,66.0,66.0,19.833333333333332,70.0,19.766666666666673,16.22222222222222,1.4
2025-10-17 13:34:01+00:00,33.738244730789454,-84.42240411552619,1307448046,97357,18.5,18.5,18.5,18.5,19.0,22.0,19.0,22.0,65.0,65.0,66.0,66.0,19.833333333333332,69.7,19.762749999999997,16.22222222222222,1.2
2025-10-17 13:34:03+00:00,33.738247,-84.42242,1307448046,97357,18.5,18.5,18.5,18.5,19.0,22.0,19.0,22.0,65.0,65.0,66.0,66.0,19.833333333333332,69.7,19.762749999999997,16.22222222222222,1.2
2025-10-17 13:34:04+00:00,33.73824948720996,-84.42243392325979,1307448046,97357,18.5,18.5,18.5,18.5,19.0,22.0,19.0,22.0,65.0,65.0,66.0,66.0,19.833333333333332,69.7,19.762749999999997,16.22222222222222,1.2
2025-10-17 13:34:05+00:00,33.738251569725875,-84.42244641835525,1307448046,97357,18.5,18.5,18.5,18.5,19.0,22.0,19.0,22.0,65.0,65.0,66.0,66.0,19.833333333333332,69.7,19.762749999999997,16.22222222222222,1.2
2025-10-17 13:34:06+00:00,33.73825349163004,-84.42246163806232,1307448046,97357,18.5,18.5,18.5,18.5,19.0,22.0,19.0,22.0,65.0,65.0,66.0,66.0,19.833333333333332,69.5,19.760138888888893,16.22222222222222,0.8
2025-10-17 13:34:07+00:00,33.73825556699134,-84.42247699573595,1307448046,97357,18.5,18.5,18.5,18.5,19.0,22.0,19.0,22.0,65.0,65.0,66.0,66.0,19.833333333333332,69.5,19.760138888888893,16.22222222222222,0.8
2025-10-17 13:34:08+00:00,33.73825767101253,-84.42249256549275,1307448046,97357,17.5,17.5,17.5,17.5,21.0,24.0,21.0,24.0,63.0,63.0,70.0,70.0,19.833333333333332,69.5,19.760138888888893,16.22222222222222,0.8
2025-10-17 13:34:09+00:00,33.73825998655041,-84.42250572737218,1307448046,97357,17.5,17.5,17.5,17.5,21.0,24.0,21.0,24.0,63.0,63.0,70.0,70.0,19.833333333333332,69.5,19.760138888888893,16.22222222222222,0.8
2025-10-17 13:34:10+00:00,33.738263,-84.422526,1307448046,97357,17.5,17.5,17.5,17.5,21.0,24.0,21.0,24.0,63.0,63.0,70.0,70.0,19.833333333333332,69.5,19.760138888888893,16.22222222222222,0.8
2025-10-17 13:34:11+00:00,33.73826467564325,-84.42253689168113,1307448046,97357,17.5,17.5,17.5,17.5,21.0,24.0,21.0,24.0,63.0,63.0,70.0,70.0,19.833333333333332,69.5,19.760138888888893,16.22222222222222,0.9
2025-10-17 13:34:12+00:00,33.73826615501963,-84.4225500173163,1307448046,97357,17.5,17.5,17.5,17.5,21.0,24.0,21.0,24.0,63.0,63.0,70.0,70.0,19.833333333333332,69.5,19.760138888888893,16.22222222222222,0.9
2025-10-17 13:34:13+00:00,33.73826831874635,-84.42256421677288,1307448046,97357,17.5,17.5,17.5,17.5,21.0,24.0,21.0,24.0,63.0,63.0,70.0,70.0,19.833333333333332,69.5,19.760138888888893,16.22222222222222,0.9
2025-10-17 13:34:14+00:00,33.738270622991934,-84.42257933838455,1307448046,97357,17.5,17.5,17.5,17.5,21.0,24.0,21.0,24.0,63.0,63.0,70.0,70.0,19.833333333333332,69.5,19.760138888888893,16.22222222222222,0.9
2025-10-17 13:34:15+00:00,33.73827291825086,-84.42259440102124,1307448046,97357,17.5,17.5,17.5,17.5,21.0,24.0,21.0,24.0,63.0,63.0,70.0,70.0,19.833333333333332,69.5,19.760138888888893,16.22222222222222,0.9
2025-10-17 13:34:16+00:00,33.73827510550475,-84.42260875487493,1307448046,97357,17.5,17.5,17.5,17.5,21.0,24.0,21.0,24.0,63.0,63.0,70.0,70.0,19.833333333333332,69.4,19.75883333333333,16.22222222222222,0.9
2025-10-17 13:34:17+00:00,33.738277127606864,-84.42262202492002,1307448046,97357,17.5,17.5,17.5,17.5,21.0,24.0,21.0,24.0,63.0,63.0,70.0,70.0,19.833333333333332,69.4,19.75883333333333,16.22222222222222,0.9
2025-10-17 13:34:18+00:00,33.73827909046219,-84.42263490615814,1307448046,97357,17.5,17.5,17.5,17.5,21.0,24.0,21.0,24.0,63.0,63.0,70.0,70.0,19.833333333333332,69.4,19.75883333333333,16.22222222222222,0.9
2025-10-17 13:34:19+00:00,33.73828094802449,-84.42264709641073,1307448046,97357,17.5,17.5,17.5,17.5,21.0,24.0,21.0,24.0,63.0,63.0,70.0,70.0,19.833333333333332,69.4,19.75883333333333,16.22222222222222,0.9
2025-10-17 13:34:20+00:00,33.738282,-84.422654,1307448046,97357,17.5,17.5,17.5,17.5,21.0,24.0,21.0,24.0,63.0,63.0,70.0,70.0,19.833333333333332,69.4,19.75883333333333,16.22222222222222,0.9
2025-10-17 13:34:21+00:00,33.7382845155403,-84.42267444425377,1307448046,97356,17.5,17.5,17.5,17.5,21.0,24.0,21.0,24.0,63.0,63.0,70.0,70.0,19.777777777777775,69.4,19.70049999999999,16.11111111111111,1.0
2025-10-17 13:34:22+00:00,33.73828544698491,-84.42268608731132,1307448046,97356,17.5,17.5,17.5,17.5,21.0,24.0,21.0,24.0,63.0,63.0,70.0,70.0,19.777777777777775,69.4,19.70049999999999,16.11111111111111,1.0
2025-10-17 13:34:23+00:00,33.738286357733955,-84.42269568300462,1307448046,97356,17.0,17.0,17.0,17.0,22.0,22.0,22.0,22.0,62.0,62.0,72.0,72.0,19.777777777777775,69.4,19.70049999999999,16.11111111111111,1.0
2025-10-17 13:34:24+00:00,33.73828825503521,-84.42271029531689,1307448046,97356,17.0,17.0,17.0,17.0,22.0,22.0,22.0,22.0,62.0,62.0,72.0,72.0,19.777777777777775,69.4,19.70049999999999,16.11111111111111,1.0
2025-10-17 13:34:25+00:00,33.73828968307549,-84.42272314767945,1307448046,97356,17.0,17.0,17.0,17.0,22.0,22.0,22.0,22.0,62.0,62.0,72.0,72.0,19.777777777777775,69.4,19.70049999999999,16.11111111111111,1.0
2025-10-17 13:34:26+00:00,33.73829116773518,-84.42273650961658,1307448046,97356,17.0,17.0,17.0,17.0,22.0,22.0,22.0,22.0,62.0,62.0,72.0,72.0,19.777777777777775,69.2,19.697888888888887,16.11111111111111,0.8
2025-10-17 13:34:27+00:00,33.73829260477936,-84.42275186213169,1307448046,97356,17.0,17.0,17.0,17.0,22.0,22.0,22.0,22.0,62.0,62.0,72.0,72.0,19.777777777777775,69.2,19.697888888888887,16.11111111111111,0.8
2025-10-17 13:34:28+00:00,33.73829370122328,-84.42276541467928,1307448046,97356,17.0,17.0,17.0,17.0,22.0,22.0,22.0,22.0,62.0,62.0,72.0,72.0,19.777777777777775,69.2,19.697888888888887,16.11111111111111,0.8
2025-10-17 13:34:29+00:00,33.738295,-84.422778,1307448046,97355,17.0,17.0,17.0,17.0,22.0,22.0,22.0,22.0,62.0,62.0,72.0,72.0,19.777777777777775,69.2,19.697888888888887,16.11111111111111,0.8
2025-10-17 13:34:30+00:00,33.73829765792091,-84.42279315371377,1307448046,97355,17.0,17.0,17.0,17.0,22.0,22.0,22.0,22.0,62.0,62.0,72.0,72.0,19.777777777777775,69.2,19.697888888888887,16.11111111111111,0.8
2025-10-17 13:34:31+00:00,33.738299548198526,-84.42280796088845,1307448046,97355,17.0,17.0,17.0,17.0,22.0,22.0,22.0,22.0,62.0,62.0,72.0,72.0,19.72222222222222,68.9,19.63563888888889,16.0,0.9
2025-10-17 13:34:32+00:00,33.73830156434836,-84.42282375406214,1307448046,97355,17.0,17.0,17.0,17.0,22.0,22.0,22.0,22.0,62.0,62.0,72.0,72.0,19.72222222222222,68.9,19.63563888888889,16.0,0.9
2025-10-17 13:34:33+00:00,33.73830366999391,-84.42283968995736,1307448046,97354,17.0,17.0,17.0,17.0,22.0,22.0,22.0,22.0,62.0,62.0,72.0,72.0,19.72222222222222,68.9,19.63563888888889,16.0,0.9
2025-10-17 13:34:34+00:00,33.738305956669976,-84.42285569668981,1307448046,97354,17.0,17.0,17.0,17.0,22.0,22.0,22.0,22.0,62.0,62.0,72.0,72.0,19.72222222222222,68.9,19.63563888888889,16.0,0.9
2025-10-17 13:34:35+00:00,33.73830815137527,-84.42287105962687,1307448046,97354,17.0,17.0,17.0,17.0,22.0,22.0,22.0,22.0,62.0,62.0,72.0,72.0,19.72222222222222,68.9,19.63563888888889,16.0,0.9
2025-10-17 13:34:36+00:00,33.73831024600944,-84.42288572206607,1307448046,97354,17.0,17.0,17.0,17.0,22.0,22.0,22.0,22.0,62.0,62.0,72.0,72.0,19.61111111111111,69.1,19.52158333333333,15.88888888888889,0.8
2025-10-17 13:34:37+00:00,33.73831225114796,-84.4228997580357,1307448046,97354,17.0,17.0,17.0,17.0,22.0,22.0,22.0,22.0,62.0,62.0,72.0,72.0,19.61111111111111,69.1,19.52158333333333,15.88888888888889,0.8
2025-10-17 13:34:38+00:00,33.73831414111294,-84.42291441418175,1307448046,97354,18.0,18.0,18.0,18.0,21.0,22.5,21.0,22.5,64.0,64.0,70.0,70.0,19.61111111111111,69.1,19.52158333333333,15.88888888888889,0.8
2025-10-17 13:34:39+00:00,33.73831574775638,-84.42292766899011,1307448046,97354,18.0,18.0,18.0,18.0,21.0,22.5,21.0,22.5,64.0,64.0,70.0,70.0,19.61111111111111,69.1,19.52158333333333,15.88888888888889,0.8
2025-10-17 13:34:40+00:00,33.738317,-84.422938,1307448046,97354,18.0,18.0,18.0,18.0,21.0,22.5,21.0,22.5,64.0,64.0,70.0,70.0,19.61111111111111,69.1,19.52158333333333,15.88888888888889,0.8
2025-10-17 13:34:41+00:00,33.73831948098322,-84.42295184786579,1307448046,97354,18.0,18.0,18.0,18.0,21.0,22.5,21.0,22.5,64.0,64.0,70.0,70.0,19.61111111111111,69.3,19.524194444444447,15.88888888888889,0.0
2025-10-17 13:34:42+00:00,33.738320913064385,-84.4229626197168,1307448046,97353,18.0,18.0,18.0,18.0,21.0,22.5,21.0,22.5,64.0,64.0,70.0,70.0,19.61111111111111,69.3,19.524194444444447,15.88888888888889,0.0
2025-10-17 13:34:43+00:00,33.738322428081624,-84.42297360359179,1307448046,97353,18.0,18.0,18.0,18.0,21.0,22.5,21.0,22.5,64.0,64.0,70.0,70.0,19.61111111111111,69.3,19.524194444444447,15.88888888888889,0.0
2025-10-17 13:34:44+00:00,33.73832396693453,-84.42298476027534,1307448046,97353,18.0,18.0,18.0,18.0,21.0,22.5,21.0,22.5,64.0,64.0,70.0,70.0,19.61111111111111,69.3,19.524194444444447,15.88888888888889,0.0
2025-10-17 13:34:45+00:00,33.73832575553675,-84.4229981665256,1307448046,97353,18.0,18.0,18.0,18.0,21.0,22.5,21.0,22.5,64.0,64.0,70.0,70.0,19.61111111111111,69.3,19.524194444444447,15.88888888888889,0.0
2025-10-17 13:34:46+00:00,33.73832762447136,-84.42301137129948,1307448046,97353,18.0,18.0,18.0,18.0,21.0,22.5,21.0,22.5,64.0,64.0,70.0,70.0,19.66666666666667,69.7,19.587750000000003,16.11111111111111,0.9
2025-10-17 13:34:47+00:00,33.738329,-84.423026,1307448046,97353,18.0,18.0,18.0,18.0,21.0,22.5,21.0,22.5,64.0,64.0,70.0,70.0,19.66666666666667,69.7,19.587750000000003,16.11111111111111,0.9
2025-10-17 13:34:48+00:00,33.73833091819371,-84.42303929947641,1307448046,97353,18.0,18.0,18.0,18.0,21.0,22.5,21.0,22.5,64.0,64.0,70.0,70.0,19.66666666666667,69.7,19.587750000000003,16.11111111111111,0.9
2025-10-17 13:34:49+00:00,33.738332828090144,-84.42305254142501,1307448046,97353,18.0,18.0,18.0,18.0,21.0,22.5,21.0,22.5,64.0,64.0,70.0,70.0,19.66666666666667,69.7,19.587750000000003,16.11111111111111,0.9
2025-10-17 13:34:50+00:00,33.73833450586144,-84.42306417397262,1307448046,97353,18.0,18.0,18.0,18.0,21.0,22.5,21.0,22.5,64.0,64.0,70.0,70.0,19.66666666666667,69.7,19.587750000000003,16.11111111111111,0.9
2025-10-17 13:34:51+00:00,33.738336173465946,-84.42307573603057,1307448046,97353,18.0,18.0,18.0,18.0,21.0,22.5,21.0,22.5,64.0,64.0,70.0,70.0,19.66666666666667,70.0,19.591666666666676,16.11111111111111,1.0
2025-10-17 13:34:52+00:00,33.73833813899116,-84.42308936367208,1307448046,97353,18.0,18.0,18.0,18.0,21.0,22.5,21.0,22.5,64.0,64.0,70.0,70.0,19.66666666666667,70.0,19.591666666666676,16.11111111111111,1.0
2025-10-17 13:34:53+00:00,33.7383399846069,-84.42310215994121,1307448046,97353,19.0,19.0,19.0,19.0,20.0,24.0,20.0,24.0,66.0,66.0,68.0,68.0,19.66666666666667,70.0,19.591666666666676,16.11111111111111,1.0
2025-10-17 13:34:54+00:00,33.738341725039525,-84.42311422694073,1307448046,97353,19.0,19.0,19.0,19.0,20.0,24.0,20.0,24.0,66.0,66.0,68.0,68.0,19.66666666666667,70.0,19.591666666666676,16.11111111111111,1.0
2025-10-17 13:34:55+00:00,33.738343411905326,-84.42312592254359,1307448046,97353,19.0,19.0,19.0,19.0,20.0,24.0,20.0,24.0,66.0,66.0,68.0,68.0,19.66666666666667,70.0,19.591666666666676,16.11111111111111,1.0
2025-10-17 13:34:56+00:00,33.738345,-84.423142,1307448046,97352,19.0,19.0,19.0,19.0,20.0,24.0,20.0,24.0,66.0,66.0,68.0,68.0,19.66666666666667,70.0,19.591666666666676,16.11111111111111,0.0
2025-10-17 13:34:57+00:00,33.738346451537716,-84.42315425107155,1307448046,97352,19.0,19.0,19.0,19.0,20.0,24.0,20.0,24.0,66.0,66.0,68.0,68.0,19.66666666666667,70.0,19.591666666666676,16.11111111111111,0.0
2025-10-17 13:34:58+00:00,33.73834856620848,-84.42316947670106,1307448046,97352,19.0,19.0,19.0,19.0,20.0,24.0,20.0,24.0,66.0,66.0,68.0,68.0,19.66666666666667,70.0,19.591666666666676,16.11111111111111,0.0
2025-10-17 13:34:59+00:00,33.73835053162942,-84.42318362773183,1307448046,97352,19.0,19.0,19.0,19.0,20.0,24.0,20.0,24.0,66.0,66.0,68.0,68.0,19.66666666666667,70.0,19.591666666666676,16.11111111111111,0.0
2025-10-17 13:35:00+00:00,33.73835243029505,-84.42319583994737,1307448046,97352,19.0,19.0,19.0,19.0,20.0,24.0,20.0,24.0,66.0,66.0,68.0,68.0,19.66666666666667,70.0,19.591666666666676,16.11111111111111,0.0
2025-10-17 13:35:01+00:00,33.73835429498936,-84.42320814692975,1307448046,97352,19.0,19.0,19.0,19.0,20.0,24.0,20.0,24.0,66.0,66.0,68.0,68.0,19.66666666666667,70.0,19.591666666666676,16.11111111111111,1.0
2025-10-17 13:35:02+00:00,33.73835630255364,-84.423221396854,1307448046,97352,19.0,19.0,19.0,19.0,20.0,24.0,20.0,24.0,66.0,66.0,68.0,68.0,19.66666666666667,70.0,19.591666666666676,16.11111111111111,1.0
2025-10-17 13:35:03+00:00,33.73835839376099,-84.42323715008791,1307448046,97352,19.0,19.0,19.0,19.0,20.0,24.0,20.0,24.0,66.0,66.0,68.0,68.0,19.66666666666667,70.0,19.591666666666676,16.11111111111111,1.0
2025-10-17 13:35:04+00:00,33.73836002431004,-84.42324917017027,1307448046,97352,19.0,19.0,19.0,19.0,20.0,24.0,20.0,24.0,66.0,66.0,68.0,68.0,19.66666666666667,70.0,19.591666666666676,16.11111111111111,1.0
2025-10-17 13:35:05+00:00,33.738361,-84.423262,1307448046,97352,19.0,19.0,19.0,19.0,20.0,24.0,20.0,24.0,66.0,66.0,68.0,68.0,19.66666666666667,70.0,19.591666666666676,16.11111111111111,1.0
2025-10-17 13:35:06+00:00,33.73836265639153,-84.42327371305441,1307448046,97352,19.0,19.0,19.0,19.0,20.0,24.0,20.0,24.0,66.0,66.0,68.0,68.0,19.499999999999996,69.6,19.411444444444438,15.88888888888889,2.1
2025-10-17 13:35:07+00:00,33.73836417264683,-84.42328443514549,1307448046,97352,19.0,19.0,19.0,19.0,20.0,24.0,20.0,24.0,66.0,66.0,68.0,68.0,19.499999999999996,69.6,19.411444444444438,15.88888888888889,2.1
2025-10-17 13:35:08+00:00,33.738365779582985,-84.42329579847967,1307448046,97352,19.0,19.0,19.0,19.0,20.0,20.0,20.0,20.0,66.0,66.0,68.0,68.0,19.499999999999996,69.6,19.411444444444438,15.88888888888889,2.1
2025-10-17 13:35:09+00:00,33.73836752349794,-84.42330813044975,1307448046,97352,19.0,19.0,19.0,19.0,20.0,20.0,20.0,20.0,66.0,66.0,68.0,68.0,19.499999999999996,69.6,19.411444444444438,15.88888888888889,2.1
2025-10-17 13:35:10+00:00,33.738369389334885,-84.4233213245824,1307448046,97352,19.0,19.0,19.0,19.0,20.0,20.0,20.0,20.0,66.0,66.0,68.0,68.0,19.499999999999996,69.6,19.411444444444438,15.88888888888889,2.1
2025-10-17 13:35:11+00:00,33.738371329211475,-84.42333504228115,1307448046,97352,19.0,19.0,19.0,19.0,20.0,20.0,20.0,20.0,66.0,66.0,68.0,68.0,19.444444444444443,69.1,19.346583333333328,15.777777777777779,2.8
2025-10-17 13:35:12+00:00,33.73837340561399,-84.42334972541325,1307448046,97352,19.0,19.0,19.0,19.0,20.0,20.0,20.0,20.0,66.0,66.0,68.0,68.0,19.444444444444443,69.1,19.346583333333328,15.777777777777779,2.8
2025-10-17 13:35:13+00:00,33.73837568705114,-84.4233671834603,1307448046,97351,19.0,19.0,19.0,19.0,20.0,20.0,20.0,20.0,66.0,66.0,68.0,68.0,19.444444444444443,69.1,19.346583333333328,15.777777777777779,2.8
2025-10-17 13:35:14+00:00,33.73837708866268,-84.42337957630744,1307448046,97351,19.0,19.0,19.0,19.0,20.0,20.0,20.0,20.0,66.0,66.0,68.0,68.0,19.444444444444443,69.1,19.346583333333328,15.777777777777779,2.8
2025-10-17 13:35:15+00:00,33.738379,-84.423396,1307448046,97351,19.0,19.0,19.0,19.0,20.0,20.0,20.0,20.0,66.0,66.0,68.0,68.0,19.444444444444443,69.1,19.346583333333328,15.777777777777779,2.8
2025-10-17 13:35:16+00:00,33.73838093250333,-84.42340914102265,1307448046,97351,19.0,19.0,19.0,19.0,20.0,20.0,20.0,20.0,66.0,66.0,68.0,68.0,19.27777777777778,68.2,19.15983333333334,15.5,1.5
2025-10-17 13:35:17+00:00,33.73838281206216,-84.4234219220227,1307448046,97351,19.0,19.0,19.0,19.0,20.0,20.0,20.0,20.0,66.0,66.0,68.0,68.0,19.27777777777778,68.2,19.15983333333334,15.5,1.5
2025-10-17 13:35:18+00:00,33.73838463094074,-84.42343567846663,1307448046,97351,19.0,19.0,19.0,19.0,20.0,20.0,20.0,20.0,66.0,66.0,68.0,68.0,19.27777777777778,68.2,19.15983333333334,15.5,1.5
2025-10-17 13:35:20+00:00,33.73838642935041,-84.42345186415368,1307448046,97351,19.0,19.0,19.0,19.0,20.0,20.0,20.0,20.0,66.0,66.0,68.0,68.0,19.27777777777778,68.2,19.15983333333334,15.5,1.5
2025-10-17 13:35:30+00:00,33.73838521429671,-84.42344092867037,1307448046,97351,20.0,20.0,20.0,20.0,22.0,23.0,22.0,23.0,68.0,68.0,72.0,72.0,19.333333333333332,67.1,19.203805555555547,15.38888888888889,1.0
2025-10-17 13:35:44+00:00,33.73838375171619,-84.4234283116701,1307448046,97351,20.0,21.0,20.0,21.0,23.0,24.0,23.0,24.0,68.0,68.0,74.0,74.0,19.499999999999996,66.7,19.373583333333325,15.5,1.3
2025-10-17 13:36:09+00:00,33.73838432069384,-84.42343288624451,1307448046,97351,20.0,20.0,20.0,20.0,18.0,18.0,18.0,18.0,68.0,68.0,64.0,64.0,19.27777777777778,67.7,19.153305555555562,15.5,1.9
2025-10-17 13:36:10+00:00,33.73838439829358,-84.42343358464223,1307448046,97351,20.0,20.0,20.0,20.0,18.0,18.0,18.0,18.0,68.0,68.0,64.0,64.0,19.27777777777778,67.7,19.153305555555562,15.5,1.9
2025-10-17 13:36:11+00:00,33.73838448168624,-84.42343433517613,1307448046,97351,20.0,20.0,20.0,20.0,18.0,18.0,18.0,18.0,68.0,68.0,64.0,64.0,19.444444444444443,67.9,19.330916666666663,15.61111111111111,1.1
2025-10-17 13:36:12+00:00,33.73838457821774,-84.42343520395961,1307448046,97351,20.0,20.0,20.0,20.0,18.0,18.0,18.0,18.0,68.0,68.0,64.0,64.0,19.444444444444443,67.9,19.330916666666663,15.61111111111111,1.1
2025-10-17 13:36:13+00:00,33.73838462574331,-84.42343563168977,1307448046,97351,20.0,20.0,20.0,20.0,18.0,18.0,18.0,18.0,68.0,68.0,64.0,64.0,19.444444444444443,67.9,19.330916666666663,15.61111111111111,1.1
2025-10-17 13:36:14+00:00,33.73838470613536,-84.42343635521824,1307448046,97351,20.0,20.0,20.0,20.0,18.0,18.0,18.0,18.0,68.0,68.0,64.0,64.0,19.444444444444443,67.9,19.330916666666663,15.61111111111111,1.1
2025-10-17 13:36:15+00:00,33.73838493172521,-84.42343838552681,1307448046,97351,20.0,20.0,20.0,20.0,18.0,18.0,18.0,18.0,68.0,68.0,64.0,64.0,19.444444444444443,67.9,19.330916666666663,15.61111111111111,1.1
2025-10-17 13:36:16+00:00,33.73838519032633,-84.423440712937,1307448046,97351,20.0,20.0,20.0,20.0,18.0,18.0,18.0,18.0,68.0,68.0,64.0,64.0,19.72222222222222,68.8,19.634333333333338,15.88888888888889,1.5
2025-10-17 13:36:17+00:00,33.73838536188914,-84.42344225700222,1307448046,97351,20.0,20.0,20.0,20.0,18.0,18.0,18.0,18.0,68.0,68.0,64.0,64.0,19.72222222222222,68.8,19.634333333333338,15.88888888888889,1.5
2025-10-17 13:36:19+00:00,33.73838563277187,-84.42344469494682,1307448046,97351,20.0,20.0,20.0,20.0,18.0,18.0,18.0,18.0,68.0,68.0,64.0,64.0,19.72222222222222,68.8,19.634333333333338,15.88888888888889,1.5
2025-10-17 13:36:21+00:00,33.738464247013205,-84.42336,1118729521,91004,20.0,20.0,20.0,20.0,18.0,18.0,18.0,18.0,68.0,68.0,64.0,64.0,19.944444444444446,69.2,19.872888888888884,16.22222222222222,1.6
2025-10-17 13:36:22+00:00,33.73847536104122,-84.42336,1118729521,91004,20.0,20.0,20.0,20.0,18.0,18.0,18.0,18.0,68.0,68.0,64.0,64.0,19.944444444444446,69.2,19.872888888888884,16.22222222222222,1.6
2025-10-17 13:36:23+00:00,33.7384849340082,-84.42336,1118729521,91004,24.0,24.0,24.0,24.0,19.0,23.0,19.0,23.0,77.0,77.0,66.0,66.0,19.944444444444446,69.2,19.872888888888884,16.22222222222222,1.6
2025-10-17 13:36:25+00:00,33.73849903718242,-84.42336,1118729521,91004,24.0,24.0,24.0,24.0,19.0,23.0,19.0,23.0,77.0,77.0,66.0,66.0,19.944444444444446,69.2,19.872888888888884,16.22222222222222,1.6
2025-10-17 13:36:28+00:00,33.73850958627777,-84.42336,1118729521,91004,24.0,24.0,24.0,24.0,19.0,23.0,19.0,23.0,77.0,77.0,66.0,66.0,19.777777777777775,69.4,19.70049999999999,16.11111111111111,3.2
2025-10-17 13:36:37+00:00,33.73850047232305,-84.42336,1118729521,91004,24.0,24.0,24.0,24.0,19.0,23.0,19.0,23.0,77.0,77.0,66.0,66.0,19.72222222222222,68.9,19.63563888888889,16.0,1.5
2025-10-17 13:36:46+00:00,33.738487501690855,-84.42336,1118729521,91004,22.0,22.0,22.0,22.0,19.0,22.0,19.0,22.0,72.0,72.0,66.0,66.0,19.388888888888893,68.5,19.280416666666667,15.61111111111111,1.3
2025-10-17 13:36:47+00:00,33.73848165601085,-84.42336,1118729521,91004,22.0,22.0,22.0,22.0,19.0,22.0,19.0,22.0,72.0,72.0,66.0,66.0,19.388888888888893,68.5,19.280416666666667,15.61111111111111,1.3
2025-10-17 13:36:48+00:00,33.7384774351053,-84.42336,1118729521,91004,22.0,22.0,22.0,22.0,19.0,22.0,19.0,22.0,72.0,72.0,66.0,66.0,19.388888888888893,68.5,19.280416666666667,15.61111111111111,1.3
2025-10-17 13:36:49+00:00,33.7384737369679,-84.42336,1118729521,91004,22.0,22.0,22.0,22.0,19.0,22.0,19.0,22.0,72.0,72.0,66.0,66.0,19.388888888888893,68.5,19.280416666666667,15.61111111111111,1.3
2025-10-17 13:36:50+00:00,33.73846998346411,-84.42336,1118729521,91004,22.0,22.0,22.0,22.0,19.0,22.0,19.0,22.0,72.0,72.0,66.0,66.0,19.388888888888893,68.5,19.280416666666667,15.61111111111111,1.3
2025-10-17 13:36:51+00:00,33.73846619658837,-84.42336,1118729521,91004,22.0,22.0,22.0,22.0,19.0,22.0,19.0,22.0,72.0,72.0,66.0,66.0,19.555555555555557,68.7,19.45802777777778,15.777777777777779,1.3
2025-10-17 13:36:52+00:00,33.73846081569487,-84.42336,1118729521,91004,22.0,22.0,22.0,22.0,19.0,22.0,19.0,22.0,72.0,72.0,66.0,66.0,19.555555555555557,68.7,19.45802777777778,15.777777777777779,1.3
2025-10-17 13:36:53+00:00,33.738457,-84.42336,1118729521,91004,19.0,19.0,19.0,19.0,19.0,21.0,19.0,21.0,66.0,66.0,66.0,66.0,19.555555555555557,68.7,19.45802777777778,15.777777777777779,1.3
2025-10-17 13:36:54+00:00,33.73845333646742,-84.4233602289708,1118729521,91004,19.0,19.0,19.0,19.0,19.0,21.0,19.0,21.0,66.0,66.0,66.0,66.0,19.555555555555557,68.7,19.45802777777778,15.777777777777779,1.3
2025-10-17 13:36:55+00:00,33.738448865544704,-84.42336050840346,1118729521,91004,19.0,19.0,19.0,19.0,19.0,21.0,19.0,21.0,66.0,66.0,66.0,66.0,19.555555555555557,68.7,19.45802777777778,15.777777777777779,1.3
2025-10-17 13:36:56+00:00,33.738365310335574,-84.42329248023015,1307448046,97352,19.0,19.0,19.0,19.0,19.0,21.0,19.0,21.0,66.0,66.0,66.0,66.0,19.499999999999996,68.8,19.400999999999996,15.777777777777779,2.6
2025-10-17 13:36:57+00:00,33.73836375045011,-84.42328144961151,1307448046,97352,19.0,19.0,19.0,19.0,19.0,21.0,19.0,21.0,66.0,66.0,66.0,66.0,19.499999999999996,68.8,19.400999999999996,15.777777777777779,2.6
2025-10-17 13:36:58+00:00,33.73836208422017,-84.4232696669855,1307448046,97352,19.0,19.0,19.0,19.0,19.0,21.0,19.0,21.0,66.0,66.0,66.0,66.0,19.499999999999996,68.8,19.400999999999996,15.777777777777779,2.6
2025-10-17 13:36:59+00:00,33.73836086742927,-84.42325507200489,1307448046,97352,19.0,19.0,19.0,19.0,19.0,21.0,19.0,21.0,66.0,66.0,66.0,66.0,19.499999999999996,68.8,19.400999999999996,15.777777777777779,2.6
2025-10-17 13:37:00+00:00,33.73835821428111,-84.42323571424885,1307448046,97352,19.0,19.0,19.0,19.0,19.0,21.0,19.0,21.0,66.0,66.0,66.0,66.0,19.499999999999996,68.8,19.400999999999996,15.777777777777779,2.6
2025-10-17 13:37:01+00:00,33.73844074908483,-84.42313531242374,561725280,42043,19.0,19.0,19.0,19.0,19.0,21.0,19.0,21.0,66.0,66.0,66.0,66.0,19.555555555555557,68.8,19.459333333333337,15.777777777777779,1.5
2025-10-17 13:37:02+00:00,33.73844089334058,-84.42313532444506,561725280,42043,19.0,19.0,19.0,19.0,19.0,21.0,19.0,21.0,66.0,66.0,66.0,66.0,19.555555555555557,68.8,19.459333333333337,15.777777777777779,1.5
2025-10-17 13:37:03+00:00,33.73843965957769,-84.42313522163148,561725280,42043,19.0,19.0,19.0,19.0,19.0,21.0,19.0,21.0,66.0,66.0,66.0,66.0,19.555555555555557,68.8,19.459333333333337,15.777777777777779,1.5
2025-10-17 13:37:04+00:00,33.73843633809522,-84.42313496441372,561725280,42043,19.0,19.0,19.0,19.0,19.0,21.0,19.0,21.0,66.0,66.0,66.0,66.0,19.555555555555557,68.8,19.459333333333337,15.777777777777779,1.5
2025-10-17 13:37:05+00:00,33.73843397927906,-84.42313483759565,561725280,42043,19.0,19.0,19.0,19.0,19.0,21.0,19.0,21.0,66.0,66.0,66.0,66.0,19.555555555555557,68.8,19.459333333333337,15.777777777777779,1.5
2025-10-17 13:37:06+00:00,33.73843168008451,-84.42313471398305,561725280,42043,19.0,19.0,19.0,19.0,19.0,21.0,19.0,21.0,66.0,66.0,66.0,66.0,19.555555555555557,69.0,19.46194444444444,15.777777777777779,1.8
2025-10-17 13:37:07+00:00,33.73842884662227,-84.42313456164636,561725280,42043,19.0,19.0,19.0,19.0,19.0,21.0,19.0,21.0,66.0,66.0,66.0,66.0,19.555555555555557,69.0,19.46194444444444,15.777777777777779,1.8
2025-10-17 13:37:08+00:00,33.73842568975862,-84.4231343919225,561725280,42043,18.0,18.0,18.0,18.0,19.0,21.0,19.0,21.0,64.0,64.0,66.0,66.0,19.555555555555557,69.0,19.46194444444444,15.777777777777779,1.8
2025-10-17 13:37:09+00:00,33.738422202868406,-84.4231342044553,561725280,42043,18.0,18.0,18.0,18.0,19.0,21.0,19.0,21.0,64.0,64.0,66.0,66.0,19.555555555555557,69.0,19.46194444444444,15.777777777777779,1.8
2025-10-17 13:37:10+00:00,33.73841910568771,-84.4231340379402,561725280,42043,18.0,18.0,18.0,18.0,19.0,21.0,19.0,21.0,64.0,64.0,66.0,66.0,19.555555555555557,69.0,19.46194444444444,15.777777777777779,1.8
2025-10-17 13:37:11+00:00,33.738416233371176,-84.42313388351458,561725280,42043,18.0,18.0,18.0,18.0,19.0,21.0,19.0,21.0,64.0,64.0,66.0,66.0,19.72222222222222,69.0,19.63694444444444,16.0,1.1
2025-10-17 13:37:12+00:00,33.738332134943974,-84.42304773561156,1307448046,97353,18.0,18.0,18.0,18.0,19.0,21.0,19.0,21.0,64.0,64.0,66.0,66.0,19.72222222222222,69.0,19.63694444444444,16.0,1.1
2025-10-17 13:37:13+00:00,33.73833013479996,-84.42303386794639,1307448046,97353,18.0,18.0,18.0,18.0,19.0,21.0,19.0,21.0,64.0,64.0,66.0,66.0,19.72222222222222,69.0,19.63694444444444,16.0,1.1
2025-10-17 13:37:14+00:00,33.73832814606919,-84.42301546069191,1307448046,97353,18.0,18.0,18.0,18.0,19.0,21.0,19.0,21.0,64.0,64.0,66.0,66.0,19.72222222222222,69.0,19.63694444444444,16.0,1.1
2025-10-17 13:37:15+00:00,33.73832655427626,-84.42300387993384,1307448046,97353,18.0,18.0,18.0,18.0,19.0,21.0,19.0,21.0,64.0,64.0,66.0,66.0,19.72222222222222,69.0,19.63694444444444,16.0,1.1
2025-10-17 13:37:16+00:00,33.73832430698991,-84.4229873024243,1307448046,97353,18.0,18.0,18.0,18.0,19.0,21.0,19.0,21.0,64.0,64.0,66.0,66.0,19.833333333333332,68.9,19.75230555555555,16.11111111111111,1.8
2025-10-17 13:37:17+00:00,33.738322163683584,-84.42297168670596,1307448046,97353,18.0,18.0,18.0,18.0,19.0,21.0,19.0,21.0,64.0,64.0,66.0,66.0,19.833333333333332,68.9,19.75230555555555,16.11111111111111,1.8
2025-10-17 13:37:18+00:00,33.73831984555778,-84.42295476446228,1307448046,97354,18.0,18.0,18.0,18.0,19.0,21.0,19.0,21.0,64.0,64.0,66.0,66.0,19.833333333333332,68.9,19.75230555555555,16.11111111111111,1.8
2025-10-17 13:37:19+00:00,33.7383183976776,-84.42294498838802,1307448046,97354,18.0,18.0,18.0,18.0,19.0,21.0,19.0,21.0,64.0,64.0,66.0,66.0,19.833333333333332,68.9,19.75230555555555,16.11111111111111,1.8
2025-10-17 13:37:20+00:00,33.73831509022817,-84.42292224438242,1307448046,97354,18.0,18.0,18.0,18.0,19.0,21.0,19.0,21.0,64.0,64.0,66.0,66.0,19.833333333333332,68.9,19.75230555555555,16.11111111111111,1.8
2025-10-17 13:37:21+00:00,33.73831307692382,-84.42290563462156,1307448046,97354,18.0,18.0,18.0,18.0,19.0,21.0,19.0,21.0,64.0,64.0,66.0,66.0,19.944444444444446,68.9,19.868972222222222,16.27777777777778,1.2
2025-10-17 13:37:22+00:00,33.73831108712331,-84.42289160986313,1307448046,97354,18.0,18.0,18.0,18.0,19.0,21.0,19.0,21.0,64.0,64.0,66.0,66.0,19.944444444444446,68.9,19.868972222222222,16.27777777777778,1.2
2025-10-17 13:37:23+00:00,33.73830883900597,-84.42287587304175,1307448046,97354,16.0,16.0,16.0,16.0,18.0,19.0,18.0,19.0,60.0,60.0,64.0,64.0,19.944444444444446,68.9,19.868972222222222,16.27777777777778,1.2
2025-10-17 13:37:24+00:00,33.73830656313432,-84.42285994194026,1307448046,97354,16.0,16.0,16.0,16.0,18.0,19.0,18.0,19.0,60.0,60.0,64.0,64.0,19.944444444444446,68.9,19.868972222222222,16.27777777777778,1.2
2025-10-17 13:37:25+00:00,33.73830425492885,-84.42284378450194,1307448046,97354,16.0,16.0,16.0,16.0,18.0,19.0,18.0,19.0,60.0,60.0,64.0,64.0,19.944444444444446,68.9,19.868972222222222,16.27777777777778,1.2
2025-10-17 13:37:26+00:00,33.738301961211356,-84.42282686282225,1307448046,97355,16.0,16.0,16.0,16.0,18.0,19.0,18.0,19.0,60.0,60.0,64.0,64.0,20.055555555555554,69.2,19.989555555555555,16.38888888888889,0.9
2025-10-17 13:37:27+00:00,33.7383000463604,-84.42281186315644,1307448046,97355,16.0,16.0,16.0,16.0,18.0,19.0,18.0,19.0,60.0,60.0,64.0,64.0,20.055555555555554,69.2,19.989555555555555,16.38888888888889,0.9
2025-10-17 13:37:28+00:00,33.73829807819832,-84.42279644588679,1307448046,97355,16.0,16.0,16.0,16.0,18.0,19.0,18.0,19.0,60.0,60.0,64.0,64.0,20.055555555555554,69.2,19.989555555555555,16.38888888888889,0.9
2025-10-17 13:37:29+00:00,33.7382961448058,-84.4227811584464,1307448046,97355,16.0,16.0,16.0,16.0,18.0,19.0,18.0,19.0,60.0,60.0,64.0,64.0,20.055555555555554,69.2,19.989555555555555,16.38888888888889,0.9
2025-10-17 13:37:30+00:00,33.73829336027966,-84.42276132335599,1307448046,97356,16.0,16.0,16.0,16.0,18.0,19.0,18.0,19.0,60.0,60.0,64.0,64.0,20.055555555555554,69.2,19.989555555555555,16.38888888888889,0.9
2025-10-17 13:37:31+00:00,33.738292,-84.422744,1307448046,97356,16.0,16.0,16.0,16.0,18.0,19.0,18.0,19.0,60.0,60.0,64.0,64.0,20.0,69.2,19.931222222222218,16.27777777777778,1.0
2025-10-17 13:37:32+00:00,33.73829044950409,-84.42273004553681,1307448046,97356,16.0,16.0,16.0,16.0,18.0,19.0,18.0,19.0,60.0,60.0,64.0,64.0,20.0,69.2,19.931222222222218,16.27777777777778,1.0
2025-10-17 13:37:33+00:00,33.738288597111165,-84.42271337400047,1307448046,97356,16.0,16.0,16.0,16.0,18.0,19.0,18.0,19.0,60.0,60.0,64.0,64.0,20.0,69.2,19.931222222222218,16.27777777777778,1.0
2025-10-17 13:37:34+00:00,33.73828665419127,-84.42269790643451,1307448046,97356,16.0,16.0,16.0,16.0,18.0,19.0,18.0,19.0,60.0,60.0,64.0,64.0,20.0,69.2,19.931222222222218,16.27777777777778,1.0
2025-10-17 13:37:35+00:00,33.738284548158504,-84.4226748519813,1307448046,97356,16.0,16.0,16.0,16.0,18.0,19.0,18.0,19.0,60.0,60.0,64.0,64.0,20.0,69.2,19.931222222222218,16.27777777777778,1.0
2025-10-17 13:37:36+00:00,33.738283059648346,-84.42265859648342,1307448046,97356,16.0,16.0,16.0,16.0,18.0,19.0,18.0,19.0,60.0,60.0,64.0,64.0,20.055555555555554,68.6,19.981722222222217,16.27777777777778,1.2
2025-10-17 13:37:37+00:00,33.73828076342456,-84.4226458849737,1307448046,97357,16.0,16.0,16.0,16.0,18.0,19.0,18.0,19.0,60.0,60.0,64.0,64.0,20.055555555555554,68.6,19.981722222222217,16.27777777777778,1.2
2025-10-17 13:37:38+00:00,33.73827832330726,-84.4226298717039,1307448046,97357,16.0,16.0,16.0,16.0,17.0,18.0,17.0,18.0,60.0,60.0,62.0,62.0,20.055555555555554,68.6,19.981722222222217,16.27777777777778,1.2
2025-10-17 13:37:39+00:00,33.73827590522575,-84.42261400304398,1307448046,97357,16.0,16.0,16.0,16.0,17.0,18.0,17.0,18.0,60.0,60.0,62.0,62.0,20.055555555555554,68.6,19.981722222222217,16.27777777777778,1.2
2025-10-17 13:37:40+00:00,33.738273646987565,-84.42259918335589,1307448046,97357,16.0,16.0,16.0,16.0,17.0,18.0,17.0,18.0,60.0,60.0,62.0,62.0,20.055555555555554,68.6,19.981722222222217,16.27777777777778,1.2
2025-10-17 13:37:41+00:00,33.73827150601612,-84.42258513323078,1307448046,97357,16.0,16.0,16.0,16.0,17.0,18.0,17.0,18.0,60.0,60.0,62.0,62.0,20.222222222222225,68.4,20.15411111111111,16.38888888888889,1.4
2025-10-17 13:37:42+00:00,33.73826946461234,-84.42257173651846,1307448046,97357,16.0,16.0,16.0,16.0,17.0,18.0,17.0,18.0,60.0,60.0,62.0,62.0,20.222222222222225,68.4,20.15411111111111,16.38888888888889,1.4
2025-10-17 13:37:43+00:00,33.73826746782851,-84.42255863262454,1307448046,97357,16.0,16.0,16.0,16.0,17.0,18.0,17.0,18.0,60.0,60.0,62.0,62.0,20.222222222222225,68.4,20.15411111111111,16.38888888888889,1.4
2025-10-17 13:37:44+00:00,33.73826520074887,-84.42254100748873,1307448046,97357,16.0,16.0,16.0,16.0,17.0,18.0,17.0,18.0,60.0,60.0,62.0,62.0,20.222222222222225,68.4,20.15411111111111,16.38888888888889,1.4
2025-10-17 13:37:45+00:00,33.738263,-84.422522,1307448046,97357,16.0,16.0,16.0,16.0,17.0,18.0,17.0,18.0,60.0,60.0,62.0,62.0,20.222222222222225,68.4,20.15411111111111,16.38888888888889,1.4
2025-10-17 13:37:46+00:00,33.73826233343469,-84.42251840054733,1307448046,97357,16.0,16.0,16.0,16.0,17.0,18.0,17.0,18.0,60.0,60.0,62.0,62.0,20.38888888888889,68.4,20.32911111111111,16.5,1.2
2025-10-17 13:37:47+00:00,33.738259683102356,-84.42250408875269,1307448046,97357,16.0,16.0,16.0,16.0,17.0,18.0,17.0,18.0,60.0,60.0,62.0,62.0,20.38888888888889,68.4,20.32911111111111,16.5,1.2
2025-10-17 13:37:48+00:00,33.738256833432864,-84.42248636740317,1307448046,97357,16.0,16.0,16.0,16.0,17.0,18.0,17.0,18.0,60.0,60.0,62.0,62.0,20.38888888888889,68.4,20.32911111111111,16.5,1.2
2025-10-17 13:37:49+00:00,33.73825491755981,-84.42247218994257,1307448046,97357,16.0,16.0,16.0,16.0,17.0,18.0,17.0,18.0,60.0,60.0,62.0,62.0,20.38888888888889,68.4,20.32911111111111,16.5,1.2
2025-10-17 13:37:50+00:00,33.73825269874754,-84.42245528872785,1307448046,97357,16.0,16.0,16.0,16.0,17.0,18.0,17.0,18.0,60.0,60.0,62.0,62.0,20.38888888888889,68.4,20.32911111111111,16.5,1.2
2025-10-17 13:37:51+00:00,33.738250795132224,-84.42244177079333,1307448046,97357,16.0,16.0,16.0,16.0,17.0,18.0,17.0,18.0,60.0,60.0,62.0,62.0,20.555555555555557,68.6,20.506722222222223,16.72222222222222,1.7
2025-10-17 13:37:52+00:00,33.738248,-84.422424,1307448046,97357,16.0,16.0,16.0,16.0,17.0,18.0,17.0,18.0,60.0,60.0,62.0,62.0,20.555555555555557,68.6,20.506722222222223,16.72222222222222,1.7
2025-10-17 13:37:53+00:00,33.73824446896811,-84.4224022827768,1307448046,97357,17.0,18.0,17.0,18.0,18.0,19.0,18.0,19.0,62.0,62.0,64.0,64.0,20.555555555555557,68.6,20.506722222222223,16.72222222222222,1.7
2025-10-17 13:37:54+00:00,33.738242736302055,-84.42239015411438,1307448046,97357,17.0,18.0,17.0,18.0,18.0,19.0,18.0,19.0,62.0,62.0,64.0,64.0,20.555555555555557,68.6,20.506722222222223,16.72222222222222,1.7
2025-10-17 13:37:55+00:00,33.73824105980119,-84.42237841860832,1307448046,97357,17.0,18.0,17.0,18.0,18.0,19.0,18.0,19.0,62.0,62.0,64.0,64.0,20.555555555555557,68.6,20.506722222222223,16.72222222222222,1.7
2025-10-17 13:37:56+00:00,33.73823925826793,-84.42236580787551,1307448046,97357,17.0,18.0,17.0,18.0,18.0,19.0,18.0,19.0,62.0,62.0,64.0,64.0,20.555555555555557,68.8,20.50933333333333,16.72222222222222,2.1
2025-10-17 13:37:57+00:00,33.738237276480966,-84.42235193536675,1307448046,97357,17.0,18.0,17.0,18.0,18.0,19.0,18.0,19.0,62.0,62.0,64.0,64.0,20.555555555555557,68.8,20.50933333333333,16.72222222222222,2.1
2025-10-17 13:37:58+00:00,33.73823498549704,-84.42233589847928,1307448046,97357,17.0,18.0,17.0,18.0,18.0,19.0,18.0,19.0,62.0,62.0,64.0,64.0,20.555555555555557,68.8,20.50933333333333,16.72222222222222,2.1
2025-10-17 13:37:59+00:00,33.73823258942483,-84.42231724520694,1307448046,97358,17.0,18.0,17.0,18.0,18.0,19.0,18.0,19.0,62.0,62.0,64.0,64.0,20.555555555555557,68.8,20.50933333333333,16.72222222222222,2.1
2025-10-17 13:38:00+00:00,33.73823093451223,-84.42230360707339,1307448046,97358,17.0,18.0,17.0,18.0,18.0,19.0,18.0,19.0,62.0,62.0,64.0,64.0,20.555555555555557,68.8,20.50933333333333,16.72222222222222,2.1
2025-10-17 13:38:01+00:00,33.73822855480386,-84.4222842158328,1307448046,97358,17.0,18.0,17.0,18.0,18.0,19.0,18.0,19.0,62.0,62.0,64.0,64.0,20.555555555555557,68.9,20.51063888888889,16.77777777777778,2.1
2025-10-17 13:38:02+00:00,33.7382266625014,-84.42226863750976,1307448046,97358,17.0,18.0,17.0,18.0,18.0,19.0,18.0,19.0,62.0,62.0,64.0,64.0,20.555555555555557,68.9,20.51063888888889,16.77777777777778,2.1
2025-10-17 13:38:03+00:00,33.73822422276904,-84.4222509375985,1307448046,97358,17.0,18.0,17.0,18.0,18.0,19.0,18.0,19.0,62.0,62.0,64.0,64.0,20.555555555555557,68.9,20.51063888888889,16.77777777777778,2.1
2025-10-17 13:38:04+00:00,33.73822225250847,-84.42223556956606,1307448046,97358,17.0,18.0,17.0,18.0,18.0,19.0,18.0,19.0,62.0,62.0,64.0,64.0,20.555555555555557,68.9,20.51063888888889,16.77777777777778,2.1
2025-10-17 13:38:05+00:00,33.73822049681118,-84.42222187512724,1307448046,97358,17.0,18.0,17.0,18.0,18.0,19.0,18.0,19.0,62.0,62.0,64.0,64.0,20.555555555555557,68.9,20.51063888888889,16.77777777777778,2.1
2025-10-17 13:38:06+00:00,33.738218714547415,-84.42220752607757,1307448046,97358,17.0,18.0,17.0,18.0,18.0,19.0,18.0,19.0,62.0,62.0,64.0,64.0,20.555555555555557,68.7,20.50802777777777,16.72222222222222,2.3
2025-10-17 13:38:07+00:00,33.7382170987944,-84.42219352288483,1307448046,97358,17.0,18.0,17.0,18.0,18.0,19.0,18.0,19.0,62.0,62.0,64.0,64.0,20.555555555555557,68.7,20.50802777777777,16.72222222222222,2.3
2025-10-17 13:38:08+00:00,33.738216,-84.422179,1307448046,97358,18.0,19.0,18.0,19.0,20.5,20.5,20.5,20.5,64.0,64.0,69.0,69.0,20.555555555555557,68.7,20.50802777777777,16.72222222222222,2.3
2025-10-17 13:38:09+00:00,33.73821397807986,-84.4221653529835,1307448046,97359,18.0,19.0,18.0,19.0,20.5,20.5,20.5,20.5,64.0,64.0,69.0,69.0,20.555555555555557,68.7,20.50802777777777,16.72222222222222,2.3
2025-10-17 13:38:10+00:00,33.738212331895056,-84.4221514237274,1307448046,97359,18.0,19.0,18.0,19.0,20.5,20.5,20.5,20.5,64.0,64.0,69.0,69.0,20.555555555555557,68.7,20.50802777777777,16.72222222222222,2.3
2025-10-17 13:38:11+00:00,33.73821062100266,-84.42213694694559,1307448046,97359,18.0,19.0,18.0,19.0,20.5,20.5,20.5,20.5,64.0,64.0,69.0,69.0,20.555555555555557,68.4,20.504111111111108,16.61111111111111,0.9
2025-10-17 13:38:12+00:00,33.73820888727866,-84.4221222769733,1307448046,97359,18.0,19.0,18.0,19.0,20.5,20.5,20.5,20.5,64.0,64.0,69.0,69.0,20.555555555555557,68.4,20.504111111111108,16.61111111111111,0.9
2025-10-17 13:38:13+00:00,33.738207143347445,-84.42210752063222,1307448046,97359,18.0,19.0,18.0,19.0,20.5,20.5,20.5,20.5,64.0,64.0,69.0,69.0,20.555555555555557,68.4,20.504111111111108,16.61111111111111,0.9
2025-10-17 13:38:14+00:00,33.73820531075558,-84.42209201408568,1307448046,97359,18.0,19.0,18.0,19.0,20.5,20.5,20.5,20.5,64.0,64.0,69.0,69.0,20.555555555555557,68.4,20.504111111111108,16.61111111111111,0.9
2025-10-17 13:38:15+00:00,33.73820344162003,-84.4220761983233,1307448046,97359,18.0,19.0,18.0,19.0,20.5,20.5,20.5,20.5,64.0,64.0,69.0,69.0,20.555555555555557,68.4,20.504111111111108,16.61111111111111,0.9
2025-10-17 13:38:16+00:00,33.738201549099735,-84.42206039279792,1307448046,97359,18.0,19.0,18.0,19.0,20.5,20.5,20.5,20.5,64.0,64.0,69.0,69.0,20.444444444444443,67.9,20.38091666666667,16.5,1.2
2025-10-17 13:38:17+00:00,33.73819957012579,-84.42204456100633,1307448046,97359,18.0,19.0,18.0,19.0,20.5,20.5,20.5,20.5,64.0,64.0,69.0,69.0,20.444444444444443,67.9,20.38091666666667,16.5,1.2
2025-10-17 13:38:18+00:00,33.73819734257242,-84.4220299597219,1307448046,97359,18.0,19.0,18.0,19.0,20.5,20.5,20.5,20.5,64.0,64.0,69.0,69.0,20.444444444444443,67.9,20.38091666666667,16.5,1.2
2025-10-17 13:38:19+00:00,33.73819541852411,-84.42201520868485,1307448046,97359,18.0,19.0,18.0,19.0,20.5,20.5,20.5,20.5,64.0,64.0,69.0,69.0,20.444444444444443,67.9,20.38091666666667,16.5,1.2
2025-10-17 13:38:20+00:00,33.73819355815398,-84.4219980621552,1307448046,97360,18.0,19.0,18.0,19.0,20.5,20.5,20.5,20.5,64.0,64.0,69.0,69.0,20.444444444444443,67.9,20.38091666666667,16.5,1.2
2025-10-17 13:38:21+00:00,33.738192,-84.421983,1307448046,97360,18.0,19.0,18.0,19.0,20.5,20.5,20.5,20.5,64.0,64.0,69.0,69.0,20.444444444444443,67.6,20.377000000000002,16.5,0.9
2025-10-17 13:38:22+00:00,33.738189,-84.42195802853654,1307448046,97360,18.0,19.0,18.0,19.0,20.5,20.5,20.5,20.5,64.0,64.0,69.0,69.0,20.444444444444443,67.6,20.377000000000002,16.5,0.9
2025-10-17 13:38:23+00:00,33.73818847190339,-84.42195483142035,1307448046,97361,17.0,17.0,17.0,17.0,22.0,22.0,22.0,22.0,62.0,62.0,72.0,72.0,20.444444444444443,67.6,20.377000000000002,16.5,0.9
2025-10-17 13:38:24+00:00,33.738186,-84.421934,1307448046,97361,17.0,17.0,17.0,17.0,22.0,22.0,22.0,22.0,62.0,62.0,72.0,72.0,20.444444444444443,67.6,20.377000000000002,16.5,0.9
2025-10-17 13:38:25+00:00,33.73818439163012,-84.421920811367,1307448046,97361,17.0,17.0,17.0,17.0,22.0,22.0,22.0,22.0,62.0,62.0,72.0,72.0,20.444444444444443,67.6,20.377000000000002,16.5,0.9
2025-10-17 13:38:26+00:00,33.73818269767398,-84.42190692092665,1307448046,97361,17.0,17.0,17.0,17.0,22.0,22.0,22.0,22.0,62.0,62.0,72.0,72.0,20.38888888888889,67.2,20.313444444444443,16.38888888888889,0.0
2025-10-17 13:38:27+00:00,33.738181029420794,-84.42189324125052,1307448046,97361,17.0,17.0,17.0,17.0,22.0,22.0,22.0,22.0,62.0,62.0,72.0,72.0,20.38888888888889,67.2,20.313444444444443,16.38888888888889,0.0
2025-10-17 13:38:28+00:00,33.738179356750194,-84.42187967141824,1307448046,97362,17.0,17.0,17.0,17.0,22.0,22.0,22.0,22.0,62.0,62.0,72.0,72.0,20.38888888888889,67.2,20.313444444444443,16.38888888888889,0.0
2025-10-17 13:38:29+00:00,33.7381776263069,-84.42186563560045,1307448046,97362,17.0,17.0,17.0,17.0,22.0,22.0,22.0,22.0,62.0,62.0,72.0,72.0,20.38888888888889,67.2,20.313444444444443,16.38888888888889,0.0
2025-10-17 13:38:30+00:00,33.73817602329555,-84.42185263339726,1307448046,97362,17.0,17.0,17.0,17.0,22.0,22.0,22.0,22.0,62.0,62.0,72.0,72.0,20.38888888888889,67.2,20.313444444444443,16.38888888888889,0.0
2025-10-17 13:38:31+00:00,33.738174725680096,-84.4218421082941,1307448046,97362,17.0,17.0,17.0,17.0,22.0,22.0,22.0,22.0,62.0,62.0,72.0,72.0,20.38888888888889,67.1,20.312138888888885,16.38888888888889,0.8
2025-10-17 13:38:37+00:00,33.73817322351793,-84.42182992408989,1307448046,97362,17.0,17.0,17.0,17.0,22.0,22.0,22.0,22.0,62.0,62.0,72.0,72.0,20.38888888888889,66.8,20.308222222222224,16.27777777777778,1.4
2025-10-17 13:38:39+00:00,33.73817164684305,-84.42181735132289,1307448046,97362,17.0,17.0,17.0,17.0,20.0,23.0,20.0,23.0,62.0,62.0,68.0,68.0,20.38888888888889,66.8,20.308222222222224,16.27777777777778,1.4
2025-10-17 13:38:41+00:00,33.73817,-84.421805,1307448046,97362,17.0,17.0,17.0,17.0,20.0,23.0,20.0,23.0,62.0,62.0,68.0,68.0,20.38888888888889,66.8,20.308222222222224,16.27777777777778,1.6
2025-10-17 13:38:43+00:00,33.73816703780188,-84.42178099428297,1307448046,97362,17.0,17.0,17.0,17.0,20.0,23.0,20.0,23.0,62.0,62.0,68.0,68.0,20.38888888888889,66.8,20.308222222222224,16.27777777777778,1.6
2025-10-17 13:38:45+00:00,33.738165089834084,-84.42176449113117,1307448046,97362,17.0,17.0,17.0,17.0,20.0,23.0,20.0,23.0,62.0,62.0,68.0,68.0,20.38888888888889,66.8,20.308222222222224,16.27777777777778,1.6
2025-10-17 13:38:57+00:00,33.73816400009085,-84.42175550074947,1307448046,97362,19.5,19.5,19.5,19.5,20.0,21.0,20.0,21.0,67.0,67.0,68.0,68.0,19.944444444444446,66.2,19.833722222222228,15.777777777777779,2.0
2025-10-17 13:39:23+00:00,33.73816401758902,-84.4217556451094,1307448046,97362,18.5,19.0,18.5,19.0,19.0,19.0,19.0,19.0,65.0,65.0,66.0,66.0,20.166666666666668,64.6,20.046166666666668,15.777777777777779,0.8
2025-10-17 13:39:29+00:00,33.738162225704755,-84.4217408620642,1307448046,97362,18.5,19.0,18.5,19.0,19.0,19.0,19.0,19.0,65.0,65.0,66.0,66.0,20.33333333333333,64.9,20.22508333333333,16.0,0.9
2025-10-17 13:39:31+00:00,33.738160200243556,-84.42172370207021,1307448046,97362,18.5,19.0,18.5,19.0,19.0,19.0,19.0,19.0,65.0,65.0,66.0,66.0,20.500000000000004,65.3,20.405305555555564,16.27777777777778,1.1
2025-10-17 13:39:33+00:00,33.73815799223893,-84.42170593791145,1307448046,97362,18.5,19.0,18.5,19.0,19.0,19.0,19.0,19.0,65.0,65.0,66.0,66.0,20.500000000000004,65.3,20.405305555555564,16.27777777777778,1.1
2025-10-17 13:39:36+00:00,33.738157,-84.421698,1307448046,97362,18.5,19.0,18.5,19.0,19.0,19.0,19.0,19.0,65.0,65.0,66.0,66.0,20.666666666666668,65.9,20.58813888888889,16.5,0.8
2025-10-17 13:39:40+00:00,33.73815415968045,-84.42167941862782,1307448046,97362,18.0,18.0,18.0,18.0,20.0,20.0,20.0,20.0,64.0,64.0,68.0,68.0,20.666666666666668,65.9,20.58813888888889,16.5,0.8
2025-10-17 13:39:42+00:00,33.73815169147949,-84.42165852119301,1307448046,97362,18.0,18.0,18.0,18.0,20.0,20.0,20.0,20.0,64.0,64.0,68.0,68.0,20.72222222222222,66.2,20.650388888888894,16.5,0.7
2025-10-17 13:39:43+00:00,33.73815011409369,-84.42164516599328,1307448046,97362,18.0,18.0,18.0,18.0,20.0,20.0,20.0,20.0,64.0,64.0,68.0,68.0,20.72222222222222,66.2,20.650388888888894,16.5,0.7
2025-10-17 13:39:44+00:00,33.738148461310885,-84.4216311724322,1307448046,97362,18.0,18.0,18.0,18.0,20.0,20.0,20.0,20.0,64.0,64.0,68.0,68.0,20.72222222222222,66.2,20.650388888888894,16.5,0.7
2025-10-17 13:39:45+00:00,33.73814668154997,-84.42161610378977,1307448046,97362,18.0,18.0,18.0,18.0,20.0,20.0,20.0,20.0,64.0,64.0,68.0,68.0,20.72222222222222,66.2,20.650388888888894,16.5,0.7
2025-10-17 13:39:46+00:00,33.73814470482682,-84.42159936753374,1307448046,97362,18.0,18.0,18.0,18.0,20.0,20.0,20.0,20.0,64.0,64.0,68.0,68.0,20.72222222222222,66.5,20.654305555555556,16.5,0.0
2025-10-17 13:39:47+00:00,33.73814265220373,-84.42158198865825,1307448046,97362,18.0,18.0,18.0,18.0,20.0,20.0,20.0,20.0,64.0,64.0,68.0,68.0,20.72222222222222,66.5,20.654305555555556,16.5,0.0
2025-10-17 13:39:48+00:00,33.73814053785059,-84.42156430280473,1307448046,97362,18.0,18.0,18.0,18.0,20.0,20.0,20.0,20.0,64.0,64.0,68.0,68.0,20.72222222222222,66.5,20.654305555555556,16.5,0.0
2025-10-17 13:39:49+00:00,33.73813811739028,-84.42154771846982,1307448046,97362,18.0,18.0,18.0,18.0,20.0,20.0,20.0,20.0,64.0,64.0,68.0,68.0,20.72222222222222,66.5,20.654305555555556,16.5,0.0
2025-10-17 13:39:50+00:00,33.73813625641967,-84.42153236546233,1307448046,97362,18.0,18.0,18.0,18.0,20.0,20.0,20.0,20.0,64.0,64.0,68.0,68.0,20.72222222222222,66.5,20.654305555555556,16.5,0.0
2025-10-17 13:39:51+00:00,33.73813439138595,-84.42151591385951,1307448046,97362,18.0,18.0,18.0,18.0,20.0,20.0,20.0,20.0,64.0,64.0,68.0,68.0,20.833333333333332,66.6,20.77227777777778,16.72222222222222,0.0
2025-10-17 13:39:52+00:00,33.73813302138409,-84.42150221384091,1307448046,97362,18.0,18.0,18.0,18.0,20.0,20.0,20.0,20.0,64.0,64.0,68.0,68.0,20.833333333333332,66.6,20.77227777777778,16.72222222222222,0.0
2025-10-17 13:39:53+00:00,33.738131538244744,-84.42149030595795,1307448046,97362,18.0,18.0,18.0,18.0,18.0,20.0,18.0,20.0,64.0,64.0,64.0,64.0,20.833333333333332,66.6,20.77227777777778,16.72222222222222,0.0
2025-10-17 13:39:54+00:00,33.73813,-84.421478,1307448046,97362,18.0,18.0,18.0,18.0,18.0,20.0,18.0,20.0,64.0,64.0,64.0,64.0,20.833333333333332,66.6,20.77227777777778,16.72222222222222,0.0
2025-10-17 13:39:55+00:00,33.738127,-84.421451,1307448046,97364,18.0,18.0,18.0,18.0,18.0,20.0,18.0,20.0,64.0,64.0,64.0,64.0,20.833333333333332,66.6,20.77227777777778,16.72222222222222,0.0
2025-10-17 13:39:56+00:00,33.738127,-84.421451,1307448046,97364,18.0,18.0,18.0,18.0,18.0,20.0,18.0,20.0,64.0,64.0,64.0,64.0,20.833333333333332,66.8,20.774888888888892,16.72222222222222,0.0
2025-10-17 13:39:57+00:00,33.73812407080871,-84.42143079479317,1307448046,97364,18.0,18.0,18.0,18.0,18.0,20.0,18.0,20.0,64.0,64.0,64.0,64.0,20.833333333333332,66.8,20.774888888888892,16.72222222222222,0.0
2025-10-17 13:39:58+00:00,33.738122396471994,-84.42141673036471,1307448046,97364,18.0,18.0,18.0,18.0,18.0,20.0,18.0,20.0,64.0,64.0,64.0,64.0,20.833333333333332,66.8,20.774888888888892,16.72222222222222,0.0
2025-10-17 13:39:59+00:00,33.738120820207,-84.42140348973882,1307448046,97364,18.0,18.0,18.0,18.0,18.0,20.0,18.0,20.0,64.0,64.0,64.0,64.0,20.833333333333332,66.8,20.774888888888892,16.72222222222222,0.0
2025-10-17 13:40:00+00:00,33.738119224212426,-84.42139008338434,1307448046,97364,18.0,18.0,18.0,18.0,18.0,20.0,18.0,20.0,64.0,64.0,64.0,64.0,20.833333333333332,66.8,20.774888888888892,16.72222222222222,0.0
2025-10-17 13:40:01+00:00,33.73811747516747,-84.42137539140673,1307448046,97364,18.0,18.0,18.0,18.0,18.0,20.0,18.0,20.0,64.0,64.0,64.0,64.0,20.888888888888886,66.7,20.831916666666658,16.77777777777778,0.0
2025-10-17 13:40:02+00:00,33.73811571066748,-84.4213605696068,1307448046,97364,18.0,18.0,18.0,18.0,18.0,20.0,18.0,20.0,64.0,64.0,64.0,64.0,20.888888888888886,66.7,20.831916666666658,16.77777777777778,0.0
2025-10-17 13:40:03+00:00,33.73811400471691,-84.42134623962203,1307448046,97364,18.0,18.0,18.0,18.0,18.0,20.0,18.0,20.0,64.0,64.0,64.0,64.0,20.888888888888886,66.7,20.831916666666658,16.77777777777778,0.0
2025-10-17 13:40:04+00:00,33.738112317797096,-84.4213320694956,1307448046,97364,18.0,18.0,18.0,18.0,18.0,20.0,18.0,20.0,64.0,64.0,64.0,64.0,20.888888888888886,66.7,20.831916666666658,16.77777777777778,0.0
2025-10-17 13:40:05+00:00,33.738111,-84.421321,1307448046,97364,18.0,18.0,18.0,18.0,18.0,20.0,18.0,20.0,64.0,64.0,64.0,64.0,20.888888888888886,66.7,20.831916666666658,16.77777777777778,0.0
2025-10-17 13:40:06+00:00,33.73810859579254,-84.4213041705478,1307448046,97364,18.0,18.0,18.0,18.0,18.0,20.0,18.0,20.0,64.0,64.0,64.0,64.0,20.888888888888886,66.6,20.830611111111107,16.72222222222222,0.8
2025-10-17 13:40:07+00:00,33.73810645859496,-84.42128921016474,1307448046,97364,18.0,18.0,18.0,18.0,18.0,20.0,18.0,20.0,64.0,64.0,64.0,64.0,20.888888888888886,66.6,20.830611111111107,16.72222222222222,0.8
2025-10-17 13:40:08+00:00,33.73810429190694,-84.42127298120903,1307448046,97364,17.0,17.0,17.0,17.0,18.0,19.0,18.0,19.0,62.0,62.0,64.0,64.0,20.888888888888886,66.6,20.830611111111107,16.72222222222222,0.8
2025-10-17 13:40:09+00:00,33.73810251986516,-84.42125751874147,1307448046,97364,17.0,17.0,17.0,17.0,18.0,19.0,18.0,19.0,62.0,62.0,64.0,64.0,20.888888888888886,66.6,20.830611111111107,16.72222222222222,0.8
2025-10-17 13:40:10+00:00,33.738100856901575,-84.42124199774803,1307448046,97364,17.0,17.0,17.0,17.0,18.0,19.0,18.0,19.0,62.0,62.0,64.0,64.0,20.888888888888886,66.6,20.830611111111107,16.72222222222222,0.8
2025-10-17 13:40:11+00:00,33.73809915850851,-84.42122853030533,1307448046,97364,17.0,17.0,17.0,17.0,18.0,19.0,18.0,19.0,62.0,62.0,64.0,64.0,20.833333333333332,66.6,20.77227777777778,16.72222222222222,2.1
2025-10-17 13:40:12+00:00,33.738098,-84.421215,1307448046,97365,17.0,17.0,17.0,17.0,18.0,19.0,18.0,19.0,62.0,62.0,64.0,64.0,20.833333333333332,66.6,20.77227777777778,16.72222222222222,2.1
2025-10-17 13:40:13+00:00,33.73809552975381,-84.4211943320797,1307448046,97366,17.0,17.0,17.0,17.0,18.0,19.0,18.0,19.0,62.0,62.0,64.0,64.0,20.833333333333332,66.6,20.77227777777778,16.72222222222222,2.1
2025-10-17 13:40:14+00:00,33.738093228354195,-84.42117638116271,1307448046,97366,17.0,17.0,17.0,17.0,18.0,19.0,18.0,19.0,62.0,62.0,64.0,64.0,20.833333333333332,66.6,20.77227777777778,16.72222222222222,2.1
2025-10-17 13:40:15+00:00,33.73809084571633,-84.42115779658735,1307448046,97366,17.0,17.0,17.0,17.0,18.0,19.0,18.0,19.0,62.0,62.0,64.0,64.0,20.833333333333332,66.6,20.77227777777778,16.72222222222222,2.1
2025-10-17 13:40:16+00:00,33.73808815008081,-84.42113677063033,1307448046,97366,17.0,17.0,17.0,17.0,18.0,19.0,18.0,19.0,62.0,62.0,64.0,64.0,20.833333333333332,66.3,20.76836111111111,16.61111111111111,2.0
2025-10-17 13:40:17+00:00,33.73808528699084,-84.42111443852855,1307448046,97366,17.0,17.0,17.0,17.0,18.0,19.0,18.0,19.0,62.0,62.0,64.0,64.0,20.833333333333332,66.3,20.76836111111111,16.61111111111111,2.0
2025-10-17 13:40:18+00:00,33.73808235539364,-84.42109157207034,1307448046,97366,17.0,17.0,17.0,17.0,18.0,19.0,18.0,19.0,62.0,62.0,64.0,64.0,20.833333333333332,66.3,20.76836111111111,16.61111111111111,2.0
2025-10-17 13:40:19+00:00,33.73807960774842,-84.42106886198738,1307448046,97366,17.0,17.0,17.0,17.0,18.0,19.0,18.0,19.0,62.0,62.0,64.0,64.0,20.833333333333332,66.3,20.76836111111111,16.61111111111111,2.0
2025-10-17 13:40:20+00:00,33.73807705215504,-84.42104841724037,1307448046,97366,17.0,17.0,17.0,17.0,18.0,19.0,18.0,19.0,62.0,62.0,64.0,64.0,20.833333333333332,66.3,20.76836111111111,16.61111111111111,2.0
2025-10-17 13:40:21+00:00,33.73807449304339,-84.42102869782545,1307448046,97366,17.0,17.0,17.0,17.0,18.0,19.0,18.0,19.0,62.0,62.0,64.0,64.0,20.833333333333332,66.0,20.764444444444447,16.61111111111111,1.3
2025-10-17 13:40:22+00:00,33.738072132332896,-84.42100756844039,1307448046,97366,17.0,17.0,17.0,17.0,18.0,19.0,18.0,19.0,62.0,62.0,64.0,64.0,20.833333333333332,66.0,20.764444444444447,16.61111111111111,1.3
2025-10-17 13:40:23+00:00,33.7380705543119,-84.42099313736983,1307448046,97366,20.0,20.0,20.0,20.0,20.0,20.5,20.0,20.5,68.0,68.0,68.0,68.0,20.833333333333332,66.0,20.764444444444447,16.61111111111111,1.3
2025-10-17 13:40:24+00:00,33.73806930682864,-84.42098232584827,1307448046,97366,20.0,20.0,20.0,20.0,20.0,20.5,20.0,20.5,68.0,68.0,68.0,68.0,20.833333333333332,66.0,20.764444444444447,16.61111111111111,1.3
2025-10-17 13:40:26+00:00,33.738067860587755,-84.42097016352653,1307448046,97366,20.0,20.0,20.0,20.0,20.0,20.5,20.0,20.5,68.0,68.0,68.0,68.0,20.72222222222222,65.8,20.64516666666667,16.5,0.0
2025-10-17 13:40:28+00:00,33.73806585868867,-84.42095561588464,1307448046,97366,20.0,20.0,20.0,20.0,20.0,20.5,20.0,20.5,68.0,68.0,68.0,68.0,20.72222222222222,65.8,20.64516666666667,16.5,0.0
2025-10-17 13:40:31+00:00,33.73806547067713,-84.42095242556749,1307448046,97366,20.0,20.0,20.0,20.0,20.0,20.5,20.0,20.5,68.0,68.0,68.0,68.0,20.777777777777782,65.8,20.703500000000002,16.61111111111111,1.1
2025-10-17 13:40:33+00:00,33.738063462134534,-84.42093591088394,1307448046,97366,20.0,20.0,20.0,20.0,20.0,20.5,20.0,20.5,68.0,68.0,68.0,68.0,20.777777777777782,65.8,20.703500000000002,16.61111111111111,1.1
2025-10-17 13:40:34+00:00,33.73806133453733,-84.42091841730692,1307448046,97366,20.0,20.0,20.0,20.0,20.0,20.5,20.0,20.5,68.0,68.0,68.0,68.0,20.777777777777782,65.8,20.703500000000002,16.61111111111111,1.1
2025-10-17 13:40:35+00:00,33.738059034845996,-84.42089950873371,1307448046,97366,20.0,20.0,20.0,20.0,20.0,20.5,20.0,20.5,68.0,68.0,68.0,68.0,20.777777777777782,65.8,20.703500000000002,16.61111111111111,1.1
2025-10-17 13:40:36+00:00,33.73805674814017,-84.42088152163268,1307448046,97367,20.0,20.0,20.0,20.0,20.0,20.5,20.0,20.5,68.0,68.0,68.0,68.0,20.72222222222222,65.8,20.64516666666667,16.5,2.3
2025-10-17 13:40:37+00:00,33.73805431093987,-84.42086306854476,1307448046,97367,20.0,20.0,20.0,20.0,20.0,20.5,20.0,20.5,68.0,68.0,68.0,68.0,20.72222222222222,65.8,20.64516666666667,16.5,2.3
2025-10-17 13:40:38+00:00,33.73805191224033,-84.42084490696251,1307448046,97367,20.5,22.5,20.5,22.5,24.0,24.0,24.0,24.0,69.0,69.0,77.0,77.0,20.72222222222222,65.8,20.64516666666667,16.5,2.3
2025-10-17 13:40:39+00:00,33.738050799714586,-84.42082869814483,1307448046,97367,20.5,22.5,20.5,22.5,24.0,24.0,24.0,24.0,69.0,69.0,77.0,77.0,20.72222222222222,65.8,20.64516666666667,16.5,2.3
2025-10-17 13:40:40+00:00,33.73804825343114,-84.42081214730239,1307448046,97367,20.5,22.5,20.5,22.5,24.0,24.0,24.0,24.0,69.0,69.0,77.0,77.0,20.72222222222222,65.8,20.64516666666667,16.5,2.3
2025-10-17 13:40:41+00:00,33.73804584333082,-84.42079387914472,1307448046,97367,20.5,22.5,20.5,22.5,24.0,24.0,24.0,24.0,69.0,69.0,77.0,77.0,20.833333333333332,65.5,20.757916666666667,16.5,1.7
2025-10-17 13:40:42+00:00,33.738044313276944,-84.42078049117329,1307448046,97367,20.5,22.5,20.5,22.5,24.0,24.0,24.0,24.0,69.0,69.0,77.0,77.0,20.833333333333332,65.5,20.757916666666667,16.5,1.7
2025-10-17 13:40:43+00:00,33.738043,-84.420769,1307448046,97367,20.5,22.5,20.5,22.5,24.0,24.0,24.0,24.0,69.0,69.0,77.0,77.0,20.833333333333332,65.5,20.757916666666667,16.5,1.7
2025-10-17 13:40:44+00:00,33.73804110395813,-84.42075383166502,1307448046,97367,20.5,22.5,20.5,22.5,24.0,24.0,24.0,24.0,69.0,69.0,77.0,77.0,20.833333333333332,65.5,20.757916666666667,16.5,1.7
2025-10-17 13:40:45+00:00,33.738038632569506,-84.42073090398203,1307448046,97367,20.5,22.5,20.5,22.5,24.0,24.0,24.0,24.0,69.0,69.0,77.0,77.0,20.833333333333332,65.5,20.757916666666667,16.5,1.7
2025-10-17 13:40:46+00:00,33.7380360837978,-84.42071142606183,1307448046,97367,20.5,22.5,20.5,22.5,24.0,24.0,24.0,24.0,69.0,69.0,77.0,77.0,20.777777777777782,65.5,20.699583333333337,16.5,1.6
2025-10-17 13:40:47+00:00,33.738033973775785,-84.42069398321316,1307448046,97367,20.5,22.5,20.5,22.5,24.0,24.0,24.0,24.0,69.0,69.0,77.0,77.0,20.777777777777782,65.5,20.699583333333337,16.5,1.6
2025-10-17 13:40:48+00:00,33.73803225239547,-84.42067975313591,1307448046,97367,20.5,22.5,20.5,22.5,24.0,24.0,24.0,24.0,69.0,69.0,77.0,77.0,20.777777777777782,65.5,20.699583333333337,16.5,1.6
2025-10-17 13:40:49+00:00,33.73803073091216,-84.42066717554049,1307448046,97367,20.5,22.5,20.5,22.5,24.0,24.0,24.0,24.0,69.0,69.0,77.0,77.0,20.777777777777782,65.5,20.699583333333337,16.5,1.6
2025-10-17 13:40:50+00:00,33.73802942460641,-84.42065637674632,1307448046,97367,20.5,22.5,20.5,22.5,24.0,24.0,24.0,24.0,69.0,69.0,77.0,77.0,20.777777777777782,65.5,20.699583333333337,16.5,1.6
2025-10-17 13:40:51+00:00,33.738028205610696,-84.42064629971512,1307448046,97367,20.5,22.5,20.5,22.5,24.0,24.0,24.0,24.0,69.0,69.0,77.0,77.0,20.555555555555557,65.4,20.464944444444445,16.27777777777778,2.8
2025-10-17 13:40:52+00:00,33.73802693428164,-84.42063579006155,1307448046,97367,20.5,22.5,20.5,22.5,24.0,24.0,24.0,24.0,69.0,69.0,77.0,77.0,20.555555555555557,65.4,20.464944444444445,16.27777777777778,2.8
2025-10-17 13:40:53+00:00,33.738025619235074,-84.42062491900995,1307448046,97367,19.0,21.0,19.0,21.0,22.0,23.0,22.0,23.0,66.0,66.0,72.0,72.0,20.555555555555557,65.4,20.464944444444445,16.27777777777778,2.8
2025-10-17 13:40:54+00:00,33.73802425993516,-84.42061368213065,1307448046,97367,19.0,21.0,19.0,21.0,22.0,23.0,22.0,23.0,66.0,66.0,72.0,72.0,20.555555555555557,65.4,20.464944444444445,16.27777777777778,2.8
2025-10-17 13:40:55+00:00,33.73802292947256,-84.4206026836398,1307448046,97367,19.0,21.0,19.0,21.0,22.0,23.0,22.0,23.0,66.0,66.0,72.0,72.0,20.555555555555557,65.4,20.464944444444445,16.27777777777778,2.8
2025-10-17 13:40:56+00:00,33.73810819442661,-84.42049899921072,9257224,6058,19.0,21.0,19.0,21.0,22.0,23.0,22.0,23.0,66.0,66.0,72.0,72.0,20.27777777777778,65.1,20.16936111111111,16.0,2.1
2025-10-17 13:40:57+00:00,33.738110700782315,-84.42049898903608,9257224,6058,19.0,21.0,19.0,21.0,22.0,23.0,22.0,23.0,66.0,66.0,72.0,72.0,20.27777777777778,65.1,20.16936111111111,16.0,2.1
2025-10-17 13:40:58+00:00,33.73811103989216,-84.42049898765944,9257224,6058,19.0,21.0,19.0,21.0,22.0,23.0,22.0,23.0,66.0,66.0,72.0,72.0,20.27777777777778,65.1,20.16936111111111,16.0,2.1
2025-10-17 13:40:59+00:00,33.738110205434594,-84.42049899104695,9257224,6058,19.0,21.0,19.0,21.0,22.0,23.0,22.0,23.0,66.0,66.0,72.0,72.0,20.27777777777778,65.1,20.16936111111111,16.0,2.1
2025-10-17 13:41:00+00:00,33.73810844410666,-84.42049899819713,9257224,6058,19.0,21.0,19.0,21.0,22.0,23.0,22.0,23.0,66.0,66.0,72.0,72.0,20.27777777777778,65.1,20.16936111111111,16.0,2.1
2025-10-17 13:41:01+00:00,33.73810487119119,-84.420499,9257224,6058,19.0,21.0,19.0,21.0,22.0,23.0,22.0,23.0,66.0,66.0,72.0,72.0,20.055555555555554,65.0,19.93472222222222,15.777777777777779,2.3
2025-10-17 13:41:02+00:00,33.73809937054743,-84.420499,9257224,6058,19.0,21.0,19.0,21.0,22.0,23.0,22.0,23.0,66.0,66.0,72.0,72.0,20.055555555555554,65.0,19.93472222222222,15.777777777777779,2.3
2025-10-17 13:41:03+00:00,33.73809332068285,-84.420499,9257224,6058,19.0,21.0,19.0,21.0,22.0,23.0,22.0,23.0,66.0,66.0,72.0,72.0,20.055555555555554,65.0,19.93472222222222,15.777777777777779,2.3
2025-10-17 13:41:04+00:00,33.73808753510864,-84.420499,9257224,6058,19.0,21.0,19.0,21.0,22.0,23.0,22.0,23.0,66.0,66.0,72.0,72.0,20.055555555555554,65.0,19.93472222222222,15.777777777777779,2.3
2025-10-17 13:41:05+00:00,33.73808206149917,-84.420499,9257224,6058,19.0,21.0,19.0,21.0,22.0,23.0,22.0,23.0,66.0,66.0,72.0,72.0,20.055555555555554,65.0,19.93472222222222,15.777777777777779,2.3
2025-10-17 13:41:06+00:00,33.73807751480027,-84.420499,9257224,6058,19.0,21.0,19.0,21.0,22.0,23.0,22.0,23.0,66.0,66.0,72.0,72.0,19.833333333333332,64.9,19.700083333333332,15.61111111111111,1.8
2025-10-17 13:41:07+00:00,33.73800362345398,-84.42043443880411,1307448046,97368,19.0,21.0,19.0,21.0,22.0,23.0,22.0,23.0,66.0,66.0,72.0,72.0,19.833333333333332,64.9,19.700083333333332,15.61111111111111,1.8
2025-10-17 13:41:09+00:00,33.738001729272696,-84.42041515259474,1307448046,97368,18.0,18.0,18.0,18.0,18.0,20.0,18.0,20.0,64.0,64.0,64.0,64.0,19.833333333333332,64.9,19.700083333333332,15.61111111111111,1.8
2025-10-17 13:41:11+00:00,33.737999799748785,-84.42039550653311,1307448046,97368,18.0,18.0,18.0,18.0,18.0,20.0,18.0,20.0,64.0,64.0,64.0,64.0,19.777777777777775,65.0,19.64305555555555,15.61111111111111,1.4
2025-10-17 13:41:13+00:00,33.73799788533942,-84.420376014365,1307448046,97368,18.0,18.0,18.0,18.0,18.0,20.0,18.0,20.0,64.0,64.0,64.0,64.0,19.777777777777775,65.0,19.64305555555555,15.61111111111111,1.4
2025-10-17 13:41:15+00:00,33.737996,-84.420347,1307448046,97368,18.0,18.0,18.0,18.0,18.0,20.0,18.0,20.0,64.0,64.0,64.0,64.0,19.777777777777775,65.0,19.64305555555555,15.61111111111111,1.4
2025-10-17 13:41:16+00:00,33.737994513765315,-84.42033694959709,1307448046,97368,18.0,18.0,18.0,18.0,18.0,20.0,18.0,20.0,64.0,64.0,64.0,64.0,19.61111111111111,65.1,19.46936111111111,15.38888888888889,2.2
2025-10-17 13:41:17+00:00,33.73799354561353,-84.42032291139617,1307448046,97368,18.0,18.0,18.0,18.0,18.0,20.0,18.0,20.0,64.0,64.0,64.0,64.0,19.61111111111111,65.1,19.46936111111111,15.38888888888889,2.2
2025-10-17 13:41:18+00:00,33.73799251074615,-84.42031010746148,1307448046,97368,18.0,18.0,18.0,18.0,18.0,20.0,18.0,20.0,64.0,64.0,64.0,64.0,19.61111111111111,65.1,19.46936111111111,15.38888888888889,2.2
2025-10-17 13:41:19+00:00,33.737991,-84.420295,1307448046,97368,18.0,18.0,18.0,18.0,18.0,20.0,18.0,20.0,64.0,64.0,64.0,64.0,19.61111111111111,65.1,19.46936111111111,15.38888888888889,2.2
2025-10-17 13:41:20+00:00,33.73798943016602,-84.42028034821612,1307448046,97368,18.0,18.0,18.0,18.0,18.0,20.0,18.0,20.0,64.0,64.0,64.0,64.0,19.61111111111111,65.1,19.46936111111111,15.38888888888889,2.2
2025-10-17 13:41:21+00:00,33.73798771623513,-84.4202636894099,1307448046,97368,18.0,18.0,18.0,18.0,18.0,20.0,18.0,20.0,64.0,64.0,64.0,64.0,19.499999999999996,65.3,19.355305555555557,15.277777777777779,1.8
2025-10-17 13:41:22+00:00,33.737986404262756,-84.42024838306547,1307448046,97368,18.0,18.0,18.0,18.0,18.0,20.0,18.0,20.0,64.0,64.0,64.0,64.0,19.499999999999996,65.3,19.355305555555557,15.277777777777779,1.8
2025-10-17 13:41:23+00:00,33.73798510484239,-84.42023322316113,1307448046,97368,,,,,,,,,,,,,19.499999999999996,65.3,19.355305555555557,15.277777777777779,1.8
2025-10-17 13:41:24+00:00,33.73798316886401,-84.42021985750416,1307448046,97368,,,,,,,,,,,,,19.499999999999996,65.3,19.355305555555557,15.277777777777779,1.8
2025-10-17 13:41:25+00:00,33.73798212758081,-84.42020840338888,1307448046,97368,,,,,,,,,,,,,19.499999999999996,65.3,19.355305555555557,15.277777777777779,1.8
2025-10-17 13:41:27+00:00,33.73798041054618,-84.42018951600797,1307448046,97368,,,,,,,,,,,,,19.444444444444443,65.4,19.298277777777773,15.277777777777779,1.4
2025-10-17 13:41:28+00:00,33.737979563897035,-84.42018020286743,1307448046,97368,,,,,,,,,,,,,19.444444444444443,65.4,19.298277777777773,15.277777777777779,1.4
2025-10-17 13:41:29+00:00,33.73797855095229,-84.42016906047526,1307448046,97368,,,,,,,,,,,,,19.444444444444443,65.4,19.298277777777773,15.277777777777779,1.4
2025-10-17 13:41:30+00:00,33.73797747852182,-84.42015726374004,1307448046,97368,,,,,,,,,,,,,19.444444444444443,65.4,19.298277777777773,15.277777777777779,1.4
2025-10-17 13:41:31+00:00,33.73797643736903,-84.42014581105931,1307448046,97368,,,,,,,,,,,,,19.444444444444443,65.5,19.29958333333333,15.277777777777779,2.0
2025-10-17 13:41:32+00:00,33.73797521801843,-84.42013239820271,1307448046,97368,,,,,,,,,,,,,19.444444444444443,65.5,19.29958333333333,15.277777777777779,2.0
2025-10-17 13:41:33+00:00,33.73797389636247,-84.42011685998719,1307448046,97368,,,,,,,,,,,,,19.444444444444443,65.5,19.29958333333333,15.277777777777779,2.0
2025-10-17 13:41:34+00:00,33.737972461703365,-84.42010323192356,1307448046,97368,,,,,,,,,,,,,19.444444444444443,65.5,19.29958333333333,15.277777777777779,2.0
2025-10-17 13:41:35+00:00,33.7379707085887,-84.42008407259397,1307448046,97368,,,,,,,,,,,,,19.444444444444443,65.5,19.29958333333333,15.277777777777779,2.0
2025-10-17 13:41:36+00:00,33.73796917601525,-84.42006517085471,1307448046,97368,,,,,,,,,,,,,19.444444444444443,65.7,19.302194444444442,15.277777777777779,2.3
2025-10-17 13:41:37+00:00,33.737966940080796,-84.4200449276631,1307448046,97368,,,,,,,,,,,,,19.444444444444443,65.7,19.302194444444442,15.277777777777779,2.3
2025-10-17 13:41:38+00:00,33.73796558200333,-84.4200281780411,1307448046,97368,17.0,18.0,17.0,18.0,16.0,17.0,16.0,17.0,62.0,62.0,60.0,60.0,19.444444444444443,65.7,19.302194444444442,15.277777777777779,2.3
2025-10-17 13:41:39+00:00,33.73796442385437,-84.42001595872576,1307448046,97368,17.0,18.0,17.0,18.0,16.0,17.0,16.0,17.0,62.0,62.0,60.0,60.0,19.444444444444443,65.7,19.302194444444442,15.277777777777779,2.3
2025-10-17 13:41:40+00:00,33.73796293510279,-84.42000293214946,1307448046,97368,17.0,18.0,17.0,18.0,16.0,17.0,16.0,17.0,62.0,62.0,60.0,60.0,19.444444444444443,65.7,19.302194444444442,15.277777777777779,2.3
2025-10-17 13:41:41+00:00,33.73796153231903,-84.4199906577915,1307448046,97368,17.0,18.0,17.0,18.0,16.0,17.0,16.0,17.0,62.0,62.0,60.0,60.0,19.388888888888893,65.9,19.246472222222227,15.277777777777779,2.2
2025-10-17 13:41:42+00:00,33.73796046287713,-84.41997702450813,1307448046,97368,17.0,18.0,17.0,18.0,16.0,17.0,16.0,17.0,62.0,62.0,60.0,60.0,19.388888888888893,65.9,19.246472222222227,15.277777777777779,2.2
2025-10-17 13:41:43+00:00,33.73795938655654,-84.4199650504415,1307448046,97368,17.0,18.0,17.0,18.0,16.0,17.0,16.0,17.0,62.0,62.0,60.0,60.0,19.388888888888893,65.9,19.246472222222227,15.277777777777779,2.2
2025-10-17 13:41:44+00:00,33.7379582555516,-84.41995246801153,1307448046,97368,17.0,18.0,17.0,18.0,16.0,17.0,16.0,17.0,62.0,62.0,60.0,60.0,19.388888888888893,65.9,19.246472222222227,15.277777777777779,2.2
2025-10-17 13:41:45+00:00,33.737957091074755,-84.41993951320671,1307448046,97368,17.0,18.0,17.0,18.0,16.0,17.0,16.0,17.0,62.0,62.0,60.0,60.0,19.388888888888893,65.9,19.246472222222227,15.277777777777779,2.2
2025-10-17 13:41:46+00:00,33.73795580009363,-84.41992515104168,1307448046,97368,17.0,18.0,17.0,18.0,16.0,17.0,16.0,17.0,62.0,62.0,60.0,60.0,19.444444444444443,66.3,19.310027777777776,15.38888888888889,1.5
2025-10-17 13:41:47+00:00,33.7379544504751,-84.41991013653555,1307448046,97368,17.0,18.0,17.0,18.0,16.0,17.0,16.0,17.0,62.0,62.0,60.0,60.0,19.444444444444443,66.3,19.310027777777776,15.38888888888889,1.5
2025-10-17 13:41:48+00:00,33.73795293172718,-84.41989263454357,1307448046,97369,17.0,18.0,17.0,18.0,16.0,17.0,16.0,17.0,62.0,62.0,60.0,60.0,19.444444444444443,66.3,19.310027777777776,15.38888888888889,1.5
2025-10-17 13:41:49+00:00,33.73795214101977,-84.41987682039536,1307448046,97369,17.0,18.0,17.0,18.0,16.0,17.0,16.0,17.0,62.0,62.0,60.0,60.0,19.444444444444443,66.3,19.310027777777776,15.38888888888889,1.5
2025-10-17 13:41:50+00:00,33.737952,-84.41985855819462,1307448046,97369,17.0,18.0,17.0,18.0,16.0,17.0,16.0,17.0,62.0,62.0,60.0,60.0,19.444444444444443,66.3,19.310027777777776,15.38888888888889,1.5
2025-10-17 13:41:51+00:00,33.737952,-84.41984286036363,1307448046,97369,17.0,18.0,17.0,18.0,16.0,17.0,16.0,17.0,62.0,62.0,60.0,60.0,19.444444444444443,66.5,19.312638888888884,15.5,1.6
2025-10-17 13:41:52+00:00,33.737952,-84.4198289716415,1307448046,97369,17.0,18.0,17.0,18.0,16.0,17.0,16.0,17.0,62.0,62.0,60.0,60.0,19.444444444444443,66.5,19.312638888888884,15.5,1.6
2025-10-17 13:41:53+00:00,33.737952,-84.419816595198,1307448046,97369,17.0,17.0,17.0,17.0,15.0,17.0,15.0,17.0,62.0,62.0,57.0,57.0,19.444444444444443,66.5,19.312638888888884,15.5,1.6
2025-10-17 13:41:54+00:00,33.737952,-84.41980476127587,1307448046,97369,17.0,17.0,17.0,17.0,15.0,17.0,15.0,17.0,62.0,62.0,57.0,57.0,19.444444444444443,66.5,19.312638888888884,15.5,1.6
2025-10-17 13:41:55+00:00,33.737952,-84.41979244408651,1307448046,97369,17.0,17.0,17.0,17.0,15.0,17.0,15.0,17.0,62.0,62.0,57.0,57.0,19.444444444444443,66.5,19.312638888888884,15.5,1.6
2025-10-17 13:41:56+00:00,33.737952,-84.41978009365069,1307448046,97369,17.0,17.0,17.0,17.0,15.0,17.0,15.0,17.0,62.0,62.0,57.0,57.0,19.444444444444443,66.8,19.316555555555556,15.5,1.9
2025-10-17 13:41:57+00:00,33.737952,-84.41976767487328,1307448046,97369,17.0,17.0,17.0,17.0,15.0,17.0,15.0,17.0,62.0,62.0,57.0,57.0,19.444444444444443,66.8,19.316555555555556,15.5,1.9
2025-10-17 13:41:58+00:00,33.737952,-84.41975600715173,1307448046,97369,17.0,17.0,17.0,17.0,15.0,17.0,15.0,17.0,62.0,62.0,57.0,57.0,19.444444444444443,66.8,19.316555555555556,15.5,1.9
2025-10-17 13:41:59+00:00,33.738036,-84.419733,1090914991,89664,17.0,17.0,17.0,17.0,15.0,17.0,15.0,17.0,62.0,62.0,57.0,57.0,19.444444444444443,66.8,19.316555555555556,15.5,1.9
2025-10-17 13:42:00+00:00,33.73803598562686,-84.41973059143172,1090914990,89657,17.0,17.0,17.0,17.0,15.0,17.0,15.0,17.0,62.0,62.0,57.0,57.0,19.444444444444443,66.8,19.316555555555556,15.5,1.9
2025-10-17 13:42:01+00:00,33.73803583971106,-84.41971629168364,1090914990,89657,17.0,17.0,17.0,17.0,15.0,17.0,15.0,17.0,62.0,62.0,57.0,57.0,19.388888888888893,67.1,19.26213888888889,15.5,1.9
2025-10-17 13:42:02+00:00,33.738035673978096,-84.41970004985329,1090914990,89657,17.0,17.0,17.0,17.0,15.0,17.0,15.0,17.0,62.0,62.0,57.0,57.0,19.388888888888893,67.1,19.26213888888889,15.5,1.9
2025-10-17 13:42:03+00:00,33.73803549363013,-84.41968237575264,1090914990,89657,17.0,17.0,17.0,17.0,15.0,17.0,15.0,17.0,62.0,62.0,57.0,57.0,19.388888888888893,67.1,19.26213888888889,15.5,1.9
2025-10-17 13:42:04+00:00,33.73803531516748,-84.41966488641275,1090914990,89657,17.0,17.0,17.0,17.0,15.0,17.0,15.0,17.0,62.0,62.0,57.0,57.0,19.388888888888893,67.1,19.26213888888889,15.5,1.9
2025-10-17 13:42:05+00:00,33.7380351562425,-84.41964931176483,1090914990,89657,17.0,17.0,17.0,17.0,15.0,17.0,15.0,17.0,62.0,62.0,57.0,57.0,19.388888888888893,67.1,19.26213888888889,15.5,1.9
2025-10-17 13:42:06+00:00,33.738035,-84.419634,1090914990,89657,17.0,17.0,17.0,17.0,15.0,17.0,15.0,17.0,62.0,62.0,57.0,57.0,19.388888888888893,67.4,19.266055555555553,15.5,1.6
2025-10-17 13:42:07+00:00,33.738035,-84.41961792291919,1090914990,89657,17.0,17.0,17.0,17.0,15.0,17.0,15.0,17.0,62.0,62.0,57.0,57.0,19.388888888888893,67.4,19.266055555555553,15.5,1.6
2025-10-17 13:42:08+00:00,33.738035,-84.41960146520893,1090914990,89657,17.0,17.0,17.0,17.0,18.0,21.0,18.0,21.0,62.0,62.0,64.0,64.0,19.388888888888893,67.4,19.266055555555553,15.5,1.6
2025-10-17 13:42:09+00:00,33.73803493944117,-84.41958294411671,1090914990,89657,17.0,17.0,17.0,17.0,18.0,21.0,18.0,21.0,62.0,62.0,64.0,64.0,19.388888888888893,67.4,19.266055555555553,15.5,1.6
2025-10-17 13:42:10+00:00,33.738034756932315,-84.41956469323094,1090914990,89657,17.0,17.0,17.0,17.0,18.0,21.0,18.0,21.0,62.0,62.0,64.0,64.0,19.388888888888893,67.4,19.266055555555553,15.5,1.6
2025-10-17 13:42:11+00:00,33.73803458954497,-84.41954795449614,1090914990,89657,17.0,17.0,17.0,17.0,18.0,21.0,18.0,21.0,62.0,62.0,64.0,64.0,19.388888888888893,67.6,19.268666666666675,15.61111111111111,1.4
2025-10-17 13:42:12+00:00,33.73803443647281,-84.41953264728077,1090914990,89657,17.0,17.0,17.0,17.0,18.0,21.0,18.0,21.0,62.0,62.0,64.0,64.0,19.388888888888893,67.6,19.268666666666675,15.61111111111111,1.4
2025-10-17 13:42:13+00:00,33.73803429599824,-84.41951859982366,1090914990,89657,17.0,17.0,17.0,17.0,18.0,21.0,18.0,21.0,62.0,62.0,64.0,64.0,19.388888888888893,67.6,19.268666666666675,15.61111111111111,1.4
2025-10-17 13:42:14+00:00,33.738034168224154,-84.41950582241527,1090914990,89657,17.0,17.0,17.0,17.0,18.0,21.0,18.0,21.0,62.0,62.0,64.0,64.0,19.388888888888893,67.6,19.268666666666675,15.61111111111111,1.4
2025-10-17 13:42:15+00:00,33.73803405011465,-84.41949401146528,1090914990,89657,17.0,17.0,17.0,17.0,18.0,21.0,18.0,21.0,62.0,62.0,64.0,64.0,19.388888888888893,67.6,19.268666666666675,15.61111111111111,1.4
2025-10-17 13:42:16+00:00,33.738034,-84.4194819040582,1090914990,89657,17.0,17.0,17.0,17.0,18.0,21.0,18.0,21.0,62.0,62.0,64.0,64.0,19.499999999999996,67.9,19.38924999999999,15.666666666666666,1.2
2025-10-17 13:42:17+00:00,33.738034,-84.41946927972032,1090914990,89657,17.0,17.0,17.0,17.0,18.0,21.0,18.0,21.0,62.0,62.0,64.0,64.0,19.499999999999996,67.9,19.38924999999999,15.666666666666666,1.2
2025-10-17 13:42:18+00:00,33.738034,-84.41945751292101,1090914990,89657,17.0,17.0,17.0,17.0,18.0,21.0,18.0,21.0,62.0,62.0,64.0,64.0,19.499999999999996,67.9,19.38924999999999,15.666666666666666,1.2
2025-10-17 13:42:19+00:00,33.738034,-84.41944670560399,1090914990,89657,17.0,17.0,17.0,17.0,18.0,21.0,18.0,21.0,62.0,62.0,64.0,64.0,19.499999999999996,67.9,19.38924999999999,15.666666666666666,1.2
2025-10-17 13:42:21+00:00,33.738034,-84.41942749909408,1090914990,89657,17.0,17.0,17.0,17.0,18.0,21.0,18.0,21.0,62.0,62.0,64.0,64.0,19.555555555555557,67.9,19.447583333333334,15.666666666666666,1.0
2025-10-17 13:42:23+00:00,33.738034,-84.41940561681083,1090914990,89657,16.5,16.5,16.5,16.5,19.0,21.0,19.0,21.0,61.0,61.0,66.0,66.0,19.555555555555557,67.9,19.447583333333334,15.666666666666666,1.0
2025-10-17 13:42:24+00:00,33.73803398895011,-84.41939265745329,1090914990,89657,16.5,16.5,16.5,16.5,19.0,21.0,19.0,21.0,61.0,61.0,66.0,66.0,19.555555555555557,67.9,19.447583333333334,15.666666666666666,1.0
2025-10-17 13:42:25+00:00,33.738033571118756,-84.41937970468135,1090914990,89657,16.5,16.5,16.5,16.5,19.0,21.0,19.0,21.0,61.0,61.0,66.0,66.0,19.555555555555557,67.9,19.447583333333334,15.666666666666666,1.0
2025-10-17 13:42:26+00:00,33.73803314351783,-84.41936644905284,1090914990,89657,16.5,16.5,16.5,16.5,19.0,21.0,19.0,21.0,61.0,61.0,66.0,66.0,19.66666666666667,68.0,19.56555555555556,15.777777777777779,1.2
2025-10-17 13:42:27+00:00,33.738033,-84.41935135333064,1090914990,89657,16.5,16.5,16.5,16.5,19.0,21.0,19.0,21.0,61.0,61.0,66.0,66.0,19.66666666666667,68.0,19.56555555555556,15.777777777777779,1.2
2025-10-17 13:42:28+00:00,33.738033,-84.41933471509239,1090914990,89657,16.5,16.5,16.5,16.5,19.0,21.0,19.0,21.0,61.0,61.0,66.0,66.0,19.66666666666667,68.0,19.56555555555556,15.777777777777779,1.2
2025-10-17 13:42:29+00:00,33.738033,-84.4193163445511,1090914990,89657,16.5,16.5,16.5,16.5,19.0,21.0,19.0,21.0,61.0,61.0,66.0,66.0,19.66666666666667,68.0,19.56555555555556,15.777777777777779,1.2
2025-10-17 13:42:30+00:00,33.738033,-84.41929827018753,1090914990,89657,16.5,16.5,16.5,16.5,19.0,21.0,19.0,21.0,61.0,61.0,66.0,66.0,19.66666666666667,68.0,19.56555555555556,15.777777777777779,1.2
2025-10-17 13:42:31+00:00,33.738033,-84.41928025064043,1090914990,89657,16.5,16.5,16.5,16.5,19.0,21.0,19.0,21.0,61.0,61.0,66.0,66.0,19.777777777777775,68.1,19.68352777777777,15.88888888888889,1.1
2025-10-17 13:42:32+00:00,33.738033,-84.41926388743441,1090914990,89657,16.5,16.5,16.5,16.5,19.0,21.0,19.0,21.0,61.0,61.0,66.0,66.0,19.777777777777775,68.1,19.68352777777777,15.88888888888889,1.1
2025-10-17 13:42:33+00:00,33.738033,-84.41924902245076,1090914990,89657,16.5,16.5,16.5,16.5,19.0,21.0,19.0,21.0,61.0,61.0,66.0,66.0,19.777777777777775,68.1,19.68352777777777,15.88888888888889,1.1
2025-10-17 13:42:34+00:00,33.738033,-84.4192345513731,1090914990,89657,16.5,16.5,16.5,16.5,19.0,21.0,19.0,21.0,61.0,61.0,66.0,66.0,19.777777777777775,68.1,19.68352777777777,15.88888888888889,1.1
2025-10-17 13:42:35+00:00,33.73801663486193,-84.4192091035427,561725251,42018,16.5,16.5,16.5,16.5,19.0,21.0,19.0,21.0,61.0,61.0,66.0,66.0,19.777777777777775,68.1,19.68352777777777,15.88888888888889,1.1
2025-10-17 13:42:36+00:00,33.738016828961605,-84.4192090975704,561725251,42018,16.5,16.5,16.5,16.5,19.0,21.0,19.0,21.0,61.0,61.0,66.0,66.0,19.777777777777775,68.4,19.68744444444444,16.0,0.0
2025-10-17 13:42:37+00:00,33.738018929005236,-84.41920903295367,561725251,42018,16.5,16.5,16.5,16.5,19.0,21.0,19.0,21.0,61.0,61.0,66.0,66.0,19.777777777777775,68.4,19.68744444444444,16.0,0.0
2025-10-17 13:42:39+00:00,33.738033589051454,-84.4191766021702,1090914990,89658,15.0,15.0,15.0,15.0,17.0,19.0,17.0,19.0,57.0,57.0,62.0,62.0,19.777777777777775,68.4,19.68744444444444,16.0,0.0
2025-10-17 13:42:40+00:00,33.73803379380895,-84.4191653405076,1090914990,89658,15.0,15.0,15.0,15.0,17.0,19.0,17.0,19.0,57.0,57.0,62.0,62.0,19.777777777777775,68.4,19.68744444444444,16.0,0.0
2025-10-17 13:42:41+00:00,33.738034,-84.41915323913798,1090914990,89658,15.0,15.0,15.0,15.0,17.0,19.0,17.0,19.0,57.0,57.0,62.0,62.0,19.88888888888889,68.4,19.804111111111112,16.11111111111111,1.0
2025-10-17 13:42:42+00:00,33.738034,-84.41914021371154,1090914990,89658,15.0,15.0,15.0,15.0,17.0,19.0,17.0,19.0,57.0,57.0,62.0,62.0,19.88888888888889,68.4,19.804111111111112,16.11111111111111,1.0
2025-10-17 13:42:43+00:00,33.738034,-84.41912702395922,1090914990,89658,15.0,15.0,15.0,15.0,17.0,19.0,17.0,19.0,57.0,57.0,62.0,62.0,19.88888888888889,68.4,19.804111111111112,16.11111111111111,1.0
2025-10-17 13:42:44+00:00,33.7380343975355,-84.41911443450299,1090914990,89658,15.0,15.0,15.0,15.0,17.0,19.0,17.0,19.0,57.0,57.0,62.0,62.0,19.88888888888889,68.4,19.804111111111112,16.11111111111111,1.0
2025-10-17 13:42:45+00:00,33.73803513954453,-84.41909839482332,1090914990,89658,15.0,15.0,15.0,15.0,17.0,19.0,17.0,19.0,57.0,57.0,62.0,62.0,19.88888888888889,68.4,19.804111111111112,16.11111111111111,1.0
2025-10-17 13:42:46+00:00,33.73803541678271,-84.41908328534252,1090914990,89658,15.0,15.0,15.0,15.0,17.0,19.0,17.0,19.0,57.0,57.0,62.0,62.0,19.833333333333332,68.2,19.743166666666667,16.0,1.8
2025-10-17 13:42:47+00:00,33.738035708216955,-84.4190674021759,1090914990,89658,15.0,15.0,15.0,15.0,17.0,19.0,17.0,19.0,57.0,57.0,62.0,62.0,19.833333333333332,68.2,19.743166666666667,16.0,1.8
2025-10-17 13:42:48+00:00,33.738036027013145,-84.41905002778367,1090914990,89658,15.0,15.0,15.0,15.0,17.0,19.0,17.0,19.0,57.0,57.0,62.0,62.0,19.833333333333332,68.2,19.743166666666667,16.0,1.8
2025-10-17 13:42:49+00:00,33.73803634522074,-84.41903268546959,1090914990,89658,15.0,15.0,15.0,15.0,17.0,19.0,17.0,19.0,57.0,57.0,62.0,62.0,19.833333333333332,68.2,19.743166666666667,16.0,1.8
2025-10-17 13:42:50+00:00,33.73803665340381,-84.41901588949236,1090914990,89658,15.0,15.0,15.0,15.0,17.0,19.0,17.0,19.0,57.0,57.0,62.0,62.0,19.833333333333332,68.2,19.743166666666667,16.0,1.8
2025-10-17 13:42:51+00:00,33.738036942958395,-84.41900010876746,1090914990,89658,15.0,15.0,15.0,15.0,17.0,19.0,17.0,19.0,57.0,57.0,62.0,62.0,19.777777777777775,68.1,19.68352777777777,16.0,1.7
2025-10-17 13:42:52+00:00,33.738037241941115,-84.41898550779712,1090914990,89658,15.0,15.0,15.0,15.0,17.0,19.0,17.0,19.0,57.0,57.0,62.0,62.0,19.777777777777775,68.1,19.68352777777777,16.0,1.7
2025-10-17 13:42:53+00:00,33.738037535666095,-84.41897155586057,1090914990,89658,16.0,16.0,16.0,16.0,18.0,21.0,18.0,21.0,60.0,60.0,64.0,64.0,19.777777777777775,68.1,19.68352777777777,16.0,1.7
2025-10-17 13:42:54+00:00,33.7380378195185,-84.41895807287096,1090914990,89658,16.0,16.0,16.0,16.0,18.0,21.0,18.0,21.0,60.0,60.0,64.0,64.0,19.777777777777775,68.1,19.68352777777777,16.0,1.7
2025-10-17 13:42:55+00:00,33.738038113932475,-84.41894408820724,1090914990,89658,16.0,16.0,16.0,16.0,18.0,21.0,18.0,21.0,60.0,60.0,64.0,64.0,19.777777777777775,68.1,19.68352777777777,16.0,1.7
2025-10-17 13:42:56+00:00,33.73803840373066,-84.41893032279357,1090914990,89658,16.0,16.0,16.0,16.0,18.0,21.0,18.0,21.0,60.0,60.0,64.0,64.0,19.88888888888889,68.0,19.798888888888893,16.0,1.6
2025-10-17 13:42:57+00:00,33.73803869591335,-84.4189164441157,1090914990,89658,16.0,16.0,16.0,16.0,18.0,21.0,18.0,21.0,60.0,60.0,64.0,64.0,19.88888888888889,68.0,19.798888888888893,16.0,1.6
2025-10-17 13:42:58+00:00,33.73803899788756,-84.41890210034119,1090914990,89658,16.0,16.0,16.0,16.0,18.0,21.0,18.0,21.0,60.0,60.0,64.0,64.0,19.88888888888889,68.0,19.798888888888893,16.0,1.6
2025-10-17 13:42:59+00:00,33.738039,-84.41888661725186,1090914990,89658,16.0,16.0,16.0,16.0,18.0,21.0,18.0,21.0,60.0,60.0,64.0,64.0,19.88888888888889,68.0,19.798888888888893,16.0,1.6
2025-10-17 13:43:00+00:00,33.738039,-84.41887124817957,1090914990,89658,16.0,16.0,16.0,16.0,18.0,21.0,18.0,21.0,60.0,60.0,64.0,64.0,19.88888888888889,68.0,19.798888888888893,16.0,1.6
2025-10-17 13:43:01+00:00,33.73804,-84.41885577396582,1090914990,89658,16.0,16.0,16.0,16.0,18.0,21.0,18.0,21.0,60.0,60.0,64.0,64.0,19.88888888888889,67.9,19.797583333333332,16.0,0.9
2025-10-17 13:43:02+00:00,33.73804,-84.41884070858352,1090914990,89658,16.0,16.0,16.0,16.0,18.0,21.0,18.0,21.0,60.0,60.0,64.0,64.0,19.88888888888889,67.9,19.797583333333332,16.0,0.9
2025-10-17 13:43:03+00:00,33.738040134640926,-84.41882628756744,1090914990,89659,16.0,16.0,16.0,16.0,18.0,21.0,18.0,21.0,60.0,60.0,64.0,64.0,19.88888888888889,67.9,19.797583333333332,16.0,0.9
2025-10-17 13:43:04+00:00,33.73804053663466,-84.41881221778696,1090914990,89659,16.0,16.0,16.0,16.0,18.0,21.0,18.0,21.0,60.0,60.0,64.0,64.0,19.88888888888889,67.9,19.797583333333332,16.0,0.9
2025-10-17 13:43:05+00:00,33.73804092880772,-84.41879849172999,1090914990,89659,16.0,16.0,16.0,16.0,18.0,21.0,18.0,21.0,60.0,60.0,64.0,64.0,19.88888888888889,67.9,19.797583333333332,16.0,0.9
2025-10-17 13:43:06+00:00,33.7380414954906,-84.41878361273508,1090914990,89659,16.0,16.0,16.0,16.0,18.0,21.0,18.0,21.0,60.0,60.0,64.0,64.0,19.944444444444446,68.1,19.85852777777778,16.11111111111111,1.3
2025-10-17 13:43:07+00:00,33.73804213092741,-84.41876772681465,1090914990,89659,16.0,16.0,16.0,16.0,18.0,21.0,18.0,21.0,60.0,60.0,64.0,64.0,19.944444444444446,68.1,19.85852777777778,16.11111111111111,1.3
2025-10-17 13:43:08+00:00,33.738042781825705,-84.41875145435738,1090914990,89659,19.5,20.5,19.5,20.5,18.0,21.0,18.0,21.0,67.0,67.0,64.0,64.0,19.944444444444446,68.1,19.85852777777778,16.11111111111111,1.3
2025-10-17 13:43:09+00:00,33.73804334499114,-84.4187351902774,1090914990,89659,19.5,20.5,19.5,20.5,18.0,21.0,18.0,21.0,67.0,67.0,64.0,64.0,19.944444444444446,68.1,19.85852777777778,16.11111111111111,1.3
2025-10-17 13:43:10+00:00,33.738043889506244,-84.4187181288043,1090914990,89659,19.5,20.5,19.5,20.5,18.0,21.0,18.0,21.0,67.0,67.0,64.0,64.0,19.944444444444446,68.1,19.85852777777778,16.11111111111111,1.3
2025-10-17 13:43:11+00:00,33.73804444931791,-84.41870058803866,1090914990,89659,19.5,20.5,19.5,20.5,18.0,21.0,18.0,21.0,67.0,67.0,64.0,64.0,20.0,68.1,19.916861111111107,16.22222222222222,2.3
2025-10-17 13:43:12+00:00,33.738044990021336,-84.41868364599794,1090914990,89659,19.5,20.5,19.5,20.5,18.0,21.0,18.0,21.0,67.0,67.0,64.0,64.0,20.0,68.1,19.916861111111107,16.22222222222222,2.3
2025-10-17 13:43:13+00:00,33.738045512627416,-84.41866727100764,1090914990,89659,19.5,20.5,19.5,20.5,18.0,21.0,18.0,21.0,67.0,67.0,64.0,64.0,20.0,68.1,19.916861111111107,16.22222222222222,2.3
2025-10-17 13:43:14+00:00,33.738046020306335,-84.41865145172883,1090914990,89659,19.5,20.5,19.5,20.5,18.0,21.0,18.0,21.0,67.0,67.0,64.0,64.0,20.0,68.1,19.916861111111107,16.22222222222222,2.3
2025-10-17 13:43:15+00:00,33.73804668940722,-84.41863338600514,1090914990,89659,19.5,20.5,19.5,20.5,18.0,21.0,18.0,21.0,67.0,67.0,64.0,64.0,20.0,68.1,19.916861111111107,16.22222222222222,2.3
2025-10-17 13:43:16+00:00,33.738047107517794,-84.4186141507786,1090914990,89659,19.5,20.5,19.5,20.5,18.0,21.0,18.0,21.0,67.0,67.0,64.0,64.0,19.944444444444446,67.6,19.851999999999997,16.11111111111111,2.6
2025-10-17 13:43:17+00:00,33.73804771925004,-84.41859793987396,1090914990,89659,19.5,20.5,19.5,20.5,18.0,21.0,18.0,21.0,67.0,67.0,64.0,64.0,19.944444444444446,67.6,19.851999999999997,16.11111111111111,2.6
2025-10-17 13:43:18+00:00,33.73804821327554,-84.41858484819815,1090914990,89659,19.5,20.5,19.5,20.5,18.0,21.0,18.0,21.0,67.0,67.0,64.0,64.0,19.944444444444446,67.6,19.851999999999997,16.11111111111111,2.6
2025-10-17 13:43:19+00:00,33.73804863237908,-84.41857374195436,1090914990,89659,19.5,20.5,19.5,20.5,18.0,21.0,18.0,21.0,67.0,67.0,64.0,64.0,19.944444444444446,67.6,19.851999999999997,16.11111111111111,2.6
2025-10-17 13:43:21+00:00,33.73804919111801,-84.41855893537277,1090914990,89659,19.5,20.5,19.5,20.5,18.0,21.0,18.0,21.0,67.0,67.0,64.0,64.0,19.88888888888889,67.1,19.78713888888889,15.88888888888889,1.9
2025-10-17 13:43:23+00:00,33.73804979857687,-84.41854283771293,1090914990,89659,20.0,20.0,20.0,20.0,18.0,21.0,18.0,21.0,68.0,68.0,64.0,64.0,19.88888888888889,67.1,19.78713888888889,15.88888888888889,1.9
2025-10-17 13:43:24+00:00,33.73805025164498,-84.41853083140808,1090914990,89659,20.0,20.0,20.0,20.0,18.0,21.0,18.0,21.0,68.0,68.0,64.0,64.0,19.88888888888889,67.1,19.78713888888889,15.88888888888889,1.9
2025-10-17 13:43:25+00:00,33.73805076720881,-84.41851716896652,1090914990,89659,20.0,20.0,20.0,20.0,18.0,21.0,18.0,21.0,68.0,68.0,64.0,64.0,19.88888888888889,67.1,19.78713888888889,15.88888888888889,1.9
2025-10-17 13:43:26+00:00,33.738051,-84.4185013193277,1090914990,89660,20.0,20.0,20.0,20.0,18.0,21.0,18.0,21.0,68.0,68.0,64.0,64.0,20.055555555555554,66.9,19.959527777777776,16.0,0.9
2025-10-17 13:43:27+00:00,33.73805145429972,-84.41848498323169,1090914990,89660,20.0,20.0,20.0,20.0,18.0,21.0,18.0,21.0,68.0,68.0,64.0,64.0,20.055555555555554,66.9,19.959527777777776,16.0,0.9
2025-10-17 13:43:28+00:00,33.73805220542639,-84.41846676841,1090914990,89660,20.0,20.0,20.0,20.0,18.0,21.0,18.0,21.0,68.0,68.0,64.0,64.0,20.055555555555554,66.9,19.959527777777776,16.0,0.9
2025-10-17 13:43:29+00:00,33.73805293615233,-84.41844904830603,1090914990,89660,20.0,20.0,20.0,20.0,18.0,21.0,18.0,21.0,68.0,68.0,64.0,64.0,20.055555555555554,66.9,19.959527777777776,16.0,0.9
2025-10-17 13:43:30+00:00,33.73805366878379,-84.41843128199301,1090914990,89660,20.0,20.0,20.0,20.0,18.0,21.0,18.0,21.0,68.0,68.0,64.0,64.0,20.055555555555554,66.9,19.959527777777776,16.0,0.9
2025-10-17 13:43:31+00:00,33.73805437282526,-84.41841420898757,1090914990,89660,20.0,20.0,20.0,20.0,18.0,21.0,18.0,21.0,68.0,68.0,64.0,64.0,20.055555555555554,67.0,19.960833333333326,16.11111111111111,1.1
2025-10-17 13:43:32+00:00,33.73805499818231,-84.41839904407905,1090914990,89660,20.0,20.0,20.0,20.0,18.0,21.0,18.0,21.0,68.0,68.0,64.0,64.0,20.055555555555554,67.0,19.960833333333326,16.11111111111111,1.1
2025-10-17 13:43:33+00:00,33.738055777399495,-84.41838345201016,1090914990,89660,20.0,20.0,20.0,20.0,18.0,21.0,18.0,21.0,68.0,68.0,64.0,64.0,20.055555555555554,67.0,19.960833333333326,16.11111111111111,1.1
2025-10-17 13:43:34+00:00,33.73805703515655,-84.41836817030538,1090914990,89660,20.0,20.0,20.0,20.0,18.0,21.0,18.0,21.0,68.0,68.0,64.0,64.0,20.055555555555554,67.0,19.960833333333326,16.11111111111111,1.1
2025-10-17 13:43:35+00:00,33.738057648500885,-84.418353695379,1090914990,89660,20.0,20.0,20.0,20.0,18.0,21.0,18.0,21.0,68.0,68.0,64.0,64.0,20.055555555555554,67.0,19.960833333333326,16.11111111111111,1.1
2025-10-17 13:43:36+00:00,33.73805822176302,-84.41834016639278,1090914990,89660,20.0,20.0,20.0,20.0,18.0,21.0,18.0,21.0,68.0,68.0,64.0,64.0,20.0,67.1,19.90380555555556,16.0,1.2
2025-10-17 13:43:37+00:00,33.738058760981936,-84.41832744082632,1090914990,89660,20.0,20.0,20.0,20.0,18.0,21.0,18.0,21.0,68.0,68.0,64.0,64.0,20.0,67.1,19.90380555555556,16.0,1.2
2025-10-17 13:43:38+00:00,33.73805924981208,-84.41831590443482,1090914990,89660,19.0,19.0,19.0,19.0,20.0,20.0,20.0,20.0,66.0,66.0,68.0,68.0,20.0,67.1,19.90380555555556,16.0,1.2
2025-10-17 13:43:40+00:00,33.73806018970428,-84.41829372297899,1090914990,89660,19.0,19.0,19.0,19.0,20.0,20.0,20.0,20.0,66.0,66.0,68.0,68.0,20.0,67.1,19.90380555555556,16.0,1.2
2025-10-17 13:43:41+00:00,33.73806071868846,-84.41828123895236,1090914990,89660,19.0,19.0,19.0,19.0,20.0,20.0,20.0,20.0,66.0,66.0,68.0,68.0,20.0,67.2,19.90511111111111,16.0,0.9
2025-10-17 13:43:42+00:00,33.73806128006903,-84.41826799037086,1090914990,89660,19.0,19.0,19.0,19.0,20.0,20.0,20.0,20.0,66.0,66.0,68.0,68.0,20.0,67.2,19.90511111111111,16.0,0.9
2025-10-17 13:43:43+00:00,33.73806179516806,-84.41825583403386,1090914990,89660,19.0,19.0,19.0,19.0,20.0,20.0,20.0,20.0,66.0,66.0,68.0,68.0,20.0,67.2,19.90511111111111,16.0,0.9
2025-10-17 13:43:44+00:00,33.738062224633104,-84.41824493490623,1090914990,89660,19.0,19.0,19.0,19.0,20.0,20.0,20.0,20.0,66.0,66.0,68.0,68.0,20.0,67.2,19.90511111111111,16.0,0.9
2025-10-17 13:43:46+00:00,33.73806303535065,-84.4182230455325,1090914990,89660,19.0,19.0,19.0,19.0,20.0,20.0,20.0,20.0,66.0,66.0,68.0,68.0,19.944444444444446,67.5,19.850694444444443,16.0,1.4
2025-10-17 13:43:47+00:00,33.738063524509506,-84.41820983824341,1090914990,89660,19.0,19.0,19.0,19.0,20.0,20.0,20.0,20.0,66.0,66.0,68.0,68.0,19.944444444444446,67.5,19.850694444444443,16.0,1.4
2025-10-17 13:43:48+00:00,33.73806070953095,-84.41819809682302,561725235,41995,19.0,19.0,19.0,19.0,20.0,20.0,20.0,20.0,66.0,66.0,68.0,68.0,19.944444444444446,67.5,19.850694444444443,16.0,1.4
2025-10-17 13:43:49+00:00,33.738065516604934,-84.41817880074078,1090914990,89661,19.0,19.0,19.0,19.0,20.0,20.0,20.0,20.0,66.0,66.0,68.0,68.0,19.944444444444446,67.5,19.850694444444443,16.0,1.4
2025-10-17 13:43:50+00:00,33.738066980051336,-84.41816123938393,1090914990,89661,19.0,19.0,19.0,19.0,20.0,20.0,20.0,20.0,66.0,66.0,68.0,68.0,19.944444444444446,67.5,19.850694444444443,16.0,1.4
2025-10-17 13:43:51+00:00,33.73806825842161,-84.4181452697299,1090914990,89661,19.0,19.0,19.0,19.0,20.0,20.0,20.0,20.0,66.0,66.0,68.0,68.0,19.833333333333332,67.6,19.735333333333333,16.0,1.8
2025-10-17 13:43:52+00:00,33.738069,-84.41812954005464,1090914990,89661,19.0,19.0,19.0,19.0,20.0,20.0,20.0,20.0,66.0,66.0,68.0,68.0,19.833333333333332,67.6,19.735333333333333,16.0,1.8
2025-10-17 13:43:53+00:00,33.73807048040711,-84.41811044660143,1090914990,89661,19.0,19.0,19.0,19.0,18.0,19.0,18.0,19.0,66.0,66.0,64.0,64.0,19.833333333333332,67.6,19.735333333333333,16.0,1.8
2025-10-17 13:43:54+00:00,33.73807233002227,-84.41808851545028,1090914990,89661,19.0,19.0,19.0,19.0,18.0,19.0,18.0,19.0,66.0,66.0,64.0,64.0,19.833333333333332,67.6,19.735333333333333,16.0,1.8
2025-10-17 13:43:55+00:00,33.738073977690206,-84.41806897881615,1090914990,89661,19.0,19.0,19.0,19.0,18.0,19.0,18.0,19.0,66.0,66.0,64.0,64.0,19.833333333333332,67.6,19.735333333333333,16.0,1.8
2025-10-17 13:43:56+00:00,33.738059853032084,-84.4180407877475,561725238,41999,19.0,19.0,19.0,19.0,18.0,19.0,18.0,19.0,66.0,66.0,64.0,64.0,19.777777777777775,67.5,19.67569444444444,15.88888888888889,2.0
2025-10-17 13:43:57+00:00,33.73805449486711,-84.41803938996533,561725238,41999,19.0,19.0,19.0,19.0,18.0,19.0,18.0,19.0,66.0,66.0,64.0,64.0,19.777777777777775,67.5,19.67569444444444,15.88888888888889,2.0
2025-10-17 13:43:58+00:00,33.73805069514335,-84.41803836532932,561725238,41999,19.0,19.0,19.0,19.0,18.0,19.0,18.0,19.0,66.0,66.0,64.0,64.0,19.777777777777775,67.5,19.67569444444444,15.88888888888889,2.0
2025-10-17 13:44:00+00:00,33.738078666206476,-84.41800120883566,1090914990,89662,19.0,19.0,19.0,19.0,18.0,19.0,18.0,19.0,66.0,66.0,64.0,64.0,19.777777777777775,67.5,19.67569444444444,15.88888888888889,2.0
2025-10-17 13:44:01+00:00,33.73807924816592,-84.41799003521439,1090914990,89662,19.0,19.0,19.0,19.0,18.0,19.0,18.0,19.0,66.0,66.0,64.0,64.0,19.777777777777775,67.3,19.673083333333327,15.777777777777779,1.9
2025-10-17 13:44:02+00:00,33.73807984924069,-84.41797849457875,1090914990,89662,19.0,19.0,19.0,19.0,18.0,19.0,18.0,19.0,66.0,66.0,64.0,64.0,19.777777777777775,67.3,19.673083333333327,15.777777777777779,1.9
2025-10-17 13:44:03+00:00,33.73808045676049,-84.41796683019862,1090914990,89662,19.0,19.0,19.0,19.0,18.0,19.0,18.0,19.0,66.0,66.0,64.0,64.0,19.777777777777775,67.3,19.673083333333327,15.777777777777779,1.9
2025-10-17 13:44:04+00:00,33.73808124433699,-84.41795170872992,1090914990,89662,19.0,19.0,19.0,19.0,18.0,19.0,18.0,19.0,66.0,66.0,64.0,64.0,19.777777777777775,67.3,19.673083333333327,15.777777777777779,1.9
2025-10-17 13:44:05+00:00,33.73808212053692,-84.41793488569118,1090914990,89662,19.0,19.0,19.0,19.0,18.0,19.0,18.0,19.0,66.0,66.0,64.0,64.0,19.777777777777775,67.3,19.673083333333327,15.777777777777779,1.9
2025-10-17 13:44:06+00:00,33.738083,-84.417918,1090914990,89662,19.0,19.0,19.0,19.0,18.0,19.0,18.0,19.0,66.0,66.0,64.0,64.0,19.61111111111111,67.0,19.494166666666665,15.666666666666666,2.2
2025-10-17 13:44:07+00:00,33.73808450141867,-84.4179014843946,1090914990,89662,19.0,19.0,19.0,19.0,18.0,19.0,18.0,19.0,66.0,66.0,64.0,64.0,19.61111111111111,67.0,19.494166666666665,15.666666666666666,2.2
2025-10-17 13:44:08+00:00,33.73808574911196,-84.41788626154451,1090914990,89662,19.0,19.5,19.0,19.5,17.5,18.0,17.5,18.0,66.0,66.0,63.0,63.0,19.61111111111111,67.0,19.494166666666665,15.666666666666666,2.2
2025-10-17 13:44:09+00:00,33.7380866256045,-84.41786986230551,1090914990,89662,19.0,19.5,19.0,19.5,17.5,18.0,17.5,18.0,66.0,66.0,63.0,63.0,19.61111111111111,67.0,19.494166666666665,15.666666666666666,2.2
2025-10-17 13:44:10+00:00,33.73808735474524,-84.41785455035,1090914990,89662,19.0,19.5,19.0,19.5,17.5,18.0,17.5,18.0,66.0,66.0,63.0,63.0,19.61111111111111,67.0,19.494166666666665,15.666666666666666,2.2
2025-10-17 13:44:11+00:00,33.73808806576175,-84.41783961900335,1090914990,89662,19.0,19.5,19.0,19.5,17.5,18.0,17.5,18.0,66.0,66.0,63.0,63.0,19.66666666666667,66.8,19.54988888888889,15.666666666666666,1.2
2025-10-17 13:44:12+00:00,33.73807829120267,-84.41782,1382904490,102142,19.0,19.5,19.0,19.5,17.5,18.0,17.5,18.0,66.0,66.0,63.0,63.0,19.66666666666667,66.8,19.54988888888889,15.666666666666666,1.2
2025-10-17 13:44:13+00:00,33.73807793161953,-84.41782,1382904490,102142,19.0,19.5,19.0,19.5,17.5,18.0,17.5,18.0,66.0,66.0,63.0,63.0,19.66666666666667,66.8,19.54988888888889,15.666666666666666,1.2
2025-10-17 13:44:15+00:00,33.73808077887614,-84.41782,1382904490,102142,19.0,19.5,19.0,19.5,17.5,18.0,17.5,18.0,66.0,66.0,63.0,63.0,19.66666666666667,66.8,19.54988888888889,15.666666666666666,1.2
2025-10-17 13:44:18+00:00,33.73808330720167,-84.41782,1382904490,102142,19.0,19.5,19.0,19.5,17.5,18.0,17.5,18.0,66.0,66.0,63.0,63.0,19.61111111111111,66.7,19.490249999999996,15.61111111111111,1.3
2025-10-17 13:44:21+00:00,33.73808877961894,-84.41782462800235,1090914990,89662,19.0,19.5,19.0,19.5,17.5,18.0,17.5,18.0,66.0,66.0,63.0,63.0,19.61111111111111,66.8,19.491555555555557,15.666666666666666,1.7
2025-10-17 13:44:38+00:00,33.738088263536085,-84.41783546574223,1090914990,89662,18.0,18.0,18.0,18.0,17.0,19.0,17.0,19.0,64.0,64.0,62.0,62.0,19.777777777777775,66.2,19.658722222222213,15.666666666666666,1.6
2025-10-17 13:44:42+00:00,33.73808797998796,-84.41784142025296,1090914990,89662,18.0,18.0,18.0,18.0,17.0,19.0,17.0,19.0,64.0,64.0,62.0,62.0,19.88888888888889,66.0,19.772777777777783,15.777777777777779,1.6
2025-10-17 13:44:45+00:00,33.738053002098034,-84.41781977110962,1382904490,102142,18.0,18.0,18.0,18.0,17.0,19.0,17.0,19.0,64.0,64.0,62.0,62.0,19.88888888888889,66.0,19.772777777777783,15.777777777777779,1.6
2025-10-17 13:44:47+00:00,33.738040648799036,-84.41781962227469,1382904490,102142,18.0,18.0,18.0,18.0,17.0,19.0,17.0,19.0,64.0,64.0,62.0,62.0,20.11111111111111,65.7,20.002194444444445,15.88888888888889,0.8
2025-10-17 13:44:49+00:00,33.73803114224381,-84.41781950773787,1382904490,102142,18.0,18.0,18.0,18.0,17.0,19.0,17.0,19.0,64.0,64.0,62.0,62.0,20.11111111111111,65.7,20.002194444444445,15.88888888888889,0.8
2025-10-17 13:44:54+00:00,33.73803936562519,-84.41781960681476,1382904490,102142,18.0,18.0,18.0,18.0,19.0,21.0,19.0,21.0,64.0,64.0,66.0,66.0,20.27777777777778,65.4,20.173277777777784,16.11111111111111,1.3
2025-10-17 13:44:56+00:00,33.73805315727798,-84.41781977297926,1382904490,102142,18.0,18.0,18.0,18.0,19.0,21.0,19.0,21.0,64.0,64.0,66.0,66.0,20.33333333333333,65.1,20.22769444444445,16.11111111111111,0.9
2025-10-17 13:44:58+00:00,33.738064036402044,-84.41781990405305,1382904490,102142,18.0,18.0,18.0,18.0,19.0,21.0,19.0,21.0,64.0,64.0,66.0,66.0,20.33333333333333,65.1,20.22769444444445,16.11111111111111,0.9
2025-10-17 13:45:03+00:00,33.73807290772265,-84.41782,1382904490,102142,18.0,18.0,18.0,18.0,19.0,21.0,19.0,21.0,64.0,64.0,66.0,66.0,20.500000000000004,65.1,20.402694444444446,16.22222222222222,0.8
2025-10-17 13:45:11+00:00,33.7380655807231,-84.41781992265932,1382904490,102142,17.0,17.0,17.0,17.0,20.5,21.0,20.5,21.0,62.0,62.0,69.0,69.0,21.0,65.0,20.926388888888894,16.61111111111111,0.9
2025-10-17 13:45:22+00:00,33.73805616506827,-84.41781980921769,1382904490,102142,17.0,17.0,17.0,17.0,20.5,21.0,20.5,21.0,62.0,62.0,69.0,69.0,21.666666666666668,66.2,21.642055555555558,17.38888888888889,0.0
2025-10-17 13:45:33+00:00,33.73804906632616,-84.41781972369068,1382904490,102142,17.0,18.0,17.0,18.0,21.0,21.0,21.0,21.0,62.0,62.0,70.0,70.0,22.055555555555557,67.2,22.063444444444446,17.88888888888889,0.0
2025-10-17 13:45:49+00:00,33.73803976729361,-84.41781961165414,1382904490,102142,20.0,20.0,20.0,20.0,22.0,22.0,22.0,22.0,68.0,68.0,72.0,72.0,22.38888888888889,64.5,22.378194444444446,17.72222222222222,0.0
2025-10-17 13:45:50+00:00,33.738030460575494,-84.41781949952501,1382904490,102142,20.0,20.0,20.0,20.0,22.0,22.0,22.0,22.0,68.0,68.0,72.0,72.0,22.38888888888889,64.5,22.378194444444446,17.72222222222222,0.0
2025-10-17 13:45:51+00:00,33.73802043243394,-84.41781937870402,1382904490,102142,20.0,20.0,20.0,20.0,22.0,22.0,22.0,22.0,68.0,68.0,72.0,72.0,22.277777777777775,64.3,22.25891666666666,17.61111111111111,0.8
2025-10-17 13:45:52+00:00,33.737988,-84.41785697796271,1307448046,97377,20.0,20.0,20.0,20.0,22.0,22.0,22.0,22.0,68.0,68.0,72.0,72.0,22.277777777777775,64.3,22.25891666666666,17.61111111111111,0.8
2025-10-17 13:45:53+00:00,33.73798789286053,-84.41786303564999,1307448046,97377,19.0,19.0,19.0,19.0,20.0,21.0,20.0,21.0,66.0,66.0,68.0,68.0,22.277777777777775,64.3,22.25891666666666,17.61111111111111,0.8
2025-10-17 13:45:54+00:00,33.737987713601086,-84.41786644157932,1307448046,97377,19.0,19.0,19.0,19.0,20.0,21.0,20.0,21.0,66.0,66.0,68.0,68.0,22.277777777777775,64.3,22.25891666666666,17.61111111111111,0.8
2025-10-17 13:45:55+00:00,33.73798766723666,-84.4178673225035,1307448046,97377,19.0,19.0,19.0,19.0,20.0,21.0,20.0,21.0,66.0,66.0,68.0,68.0,22.277777777777775,64.3,22.25891666666666,17.61111111111111,0.8
2025-10-17 13:45:56+00:00,33.737987595051926,-84.41786869401335,1307448046,97377,19.0,19.0,19.0,19.0,20.0,21.0,20.0,21.0,66.0,66.0,68.0,68.0,22.16666666666667,64.6,22.14616666666667,17.61111111111111,0.8
2025-10-17 13:45:57+00:00,33.7379874550715,-84.41787135364154,1307448046,97377,19.0,19.0,19.0,19.0,20.0,21.0,20.0,21.0,66.0,66.0,68.0,68.0,22.16666666666667,64.6,22.14616666666667,17.61111111111111,0.8
2025-10-17 13:45:58+00:00,33.73798726842769,-84.41787489987391,1307448046,97377,19.0,19.0,19.0,19.0,20.0,21.0,20.0,21.0,66.0,66.0,68.0,68.0,22.16666666666667,64.6,22.14616666666667,17.61111111111111,0.8
2025-10-17 13:45:59+00:00,33.73798699517913,-84.41788016390964,1307448046,97377,19.0,19.0,19.0,19.0,20.0,21.0,20.0,21.0,66.0,66.0,68.0,68.0,22.16666666666667,64.6,22.14616666666667,17.61111111111111,0.8
2025-10-17 13:46:00+00:00,33.737986710353134,-84.41788984799346,1307448046,97377,19.0,19.0,19.0,19.0,20.0,21.0,20.0,21.0,66.0,66.0,68.0,68.0,22.16666666666667,64.6,22.14616666666667,17.61111111111111,0.8
2025-10-17 13:46:01+00:00,33.737986401892385,-84.4179003356589,1307448046,97377,19.0,19.0,19.0,19.0,20.0,21.0,20.0,21.0,66.0,66.0,68.0,68.0,22.16666666666667,64.6,22.14616666666667,17.61111111111111,1.5
2025-10-17 13:46:02+00:00,33.73798607845255,-84.41791133261316,1307448046,97377,19.0,19.0,19.0,19.0,20.0,21.0,20.0,21.0,66.0,66.0,68.0,68.0,22.16666666666667,64.6,22.14616666666667,17.61111111111111,1.5
2025-10-17 13:46:03+00:00,33.737985830179895,-84.41792249100514,1307448046,97377,19.0,19.0,19.0,19.0,20.0,21.0,20.0,21.0,66.0,66.0,68.0,68.0,22.16666666666667,64.6,22.14616666666667,17.61111111111111,1.5
2025-10-17 13:46:04+00:00,33.73798556160332,-84.41793591983405,1307448046,97377,19.0,19.0,19.0,19.0,20.0,21.0,20.0,21.0,66.0,66.0,68.0,68.0,22.16666666666667,64.6,22.14616666666667,17.61111111111111,1.5
2025-10-17 13:46:05+00:00,33.73798529962881,-84.41794901855967,1307448046,97377,19.0,19.0,19.0,19.0,20.0,21.0,20.0,21.0,66.0,66.0,68.0,68.0,22.16666666666667,64.6,22.14616666666667,17.61111111111111,1.5
2025-10-17 13:46:06+00:00,33.73798500476152,-84.41796376192406,1307448046,97377,19.0,19.0,19.0,19.0,20.0,21.0,20.0,21.0,66.0,66.0,68.0,68.0,21.833333333333332,64.4,21.793555555555553,17.22222222222222,1.2
2025-10-17 13:46:07+00:00,33.73798465215257,-84.41798000098176,1307448046,97377,19.0,19.0,19.0,19.0,20.0,21.0,20.0,21.0,66.0,66.0,68.0,68.0,21.833333333333332,64.4,21.793555555555553,17.22222222222222,1.2
2025-10-17 13:46:08+00:00,33.73798428728427,-84.41799678492342,1307448046,97377,18.0,19.0,18.0,19.0,22.0,24.0,22.0,24.0,64.0,64.0,72.0,72.0,21.833333333333332,64.4,21.793555555555553,17.22222222222222,1.2
2025-10-17 13:46:09+00:00,33.737984,-84.4180120460338,1307448046,97377,18.0,19.0,18.0,19.0,22.0,24.0,22.0,24.0,64.0,64.0,72.0,72.0,21.833333333333332,64.4,21.793555555555553,17.22222222222222,1.2
2025-10-17 13:46:10+00:00,33.73798359865378,-84.41802963230928,1307448046,97376,18.0,19.0,18.0,19.0,22.0,24.0,22.0,24.0,64.0,64.0,72.0,72.0,21.833333333333332,64.4,21.793555555555553,17.22222222222222,1.2
2025-10-17 13:46:11+00:00,33.73798300558937,-84.41804386585513,1307448046,97376,18.0,19.0,18.0,19.0,22.0,24.0,22.0,24.0,64.0,64.0,72.0,72.0,21.5,64.3,21.442249999999994,17.0,1.6
2025-10-17 13:46:12+00:00,33.73798254243438,-84.41805772696871,1307448046,97376,18.0,19.0,18.0,19.0,22.0,24.0,22.0,24.0,64.0,64.0,72.0,72.0,21.5,64.3,21.442249999999994,17.0,1.6
2025-10-17 13:46:13+00:00,33.737982019015114,-84.41807342954661,1307448046,97376,18.0,19.0,18.0,19.0,22.0,24.0,22.0,24.0,64.0,64.0,72.0,72.0,21.5,64.3,21.442249999999994,17.0,1.6
2025-10-17 13:46:14+00:00,33.737982,-84.41808710358771,1307448046,97375,18.0,19.0,18.0,19.0,22.0,24.0,22.0,24.0,64.0,64.0,72.0,72.0,21.5,64.3,21.442249999999994,17.0,1.6
2025-10-17 13:46:15+00:00,33.737982,-84.41810302683768,1307448046,97375,18.0,19.0,18.0,19.0,22.0,24.0,22.0,24.0,64.0,64.0,72.0,72.0,21.5,64.3,21.442249999999994,17.0,1.6
2025-10-17 13:46:16+00:00,33.73798114705635,-84.41812350004203,1307448046,97375,18.0,19.0,18.0,19.0,22.0,24.0,22.0,24.0,64.0,64.0,72.0,72.0,21.11111111111111,64.0,21.029999999999998,16.61111111111111,0.8
2025-10-17 13:46:17+00:00,33.73798073916701,-84.41813878165786,1307448046,97375,18.0,19.0,18.0,19.0,22.0,24.0,22.0,24.0,64.0,64.0,72.0,72.0,21.11111111111111,64.0,21.029999999999998,16.61111111111111,0.8
2025-10-17 13:46:18+00:00,33.73798008166692,-84.41815587666017,1307448046,97375,18.0,19.0,18.0,19.0,22.0,24.0,22.0,24.0,64.0,64.0,72.0,72.0,21.11111111111111,64.0,21.029999999999998,16.61111111111111,0.8
2025-10-17 13:46:19+00:00,33.73797974577586,-84.41816994853451,1307448046,97375,18.0,19.0,18.0,19.0,22.0,24.0,22.0,24.0,64.0,64.0,72.0,72.0,21.11111111111111,64.0,21.029999999999998,16.61111111111111,0.8
2025-10-17 13:46:20+00:00,33.737979424821724,-84.41818503337899,1307448046,97375,18.0,19.0,18.0,19.0,22.0,24.0,22.0,24.0,64.0,64.0,72.0,72.0,21.11111111111111,64.0,21.029999999999998,16.61111111111111,0.8
2025-10-17 13:46:21+00:00,33.73797908909044,-84.4182008127497,1307448046,97375,18.0,19.0,18.0,19.0,22.0,24.0,22.0,24.0,64.0,64.0,72.0,72.0,20.944444444444443,63.7,20.85108333333333,16.38888888888889,1.1
2025-10-17 13:46:22+00:00,33.737979,-84.41821495404852,1307448046,97375,18.0,19.0,18.0,19.0,22.0,24.0,22.0,24.0,64.0,64.0,72.0,72.0,20.944444444444443,63.7,20.85108333333333,16.38888888888889,1.1
2025-10-17 13:46:23+00:00,33.73797858912545,-84.4182340392401,1307448046,97374,17.0,17.5,17.0,17.5,18.0,18.0,18.0,18.0,62.0,62.0,64.0,64.0,20.944444444444443,63.7,20.85108333333333,16.38888888888889,1.1
2025-10-17 13:46:24+00:00,33.73797796702243,-84.41824841803538,1307448046,97374,17.0,17.5,17.0,17.5,18.0,18.0,18.0,18.0,62.0,62.0,64.0,64.0,20.944444444444443,63.7,20.85108333333333,16.38888888888889,1.1
2025-10-17 13:46:25+00:00,33.73797757570425,-84.41826524471713,1307448046,97374,17.0,17.5,17.0,17.5,18.0,18.0,18.0,18.0,62.0,62.0,64.0,64.0,20.944444444444443,63.7,20.85108333333333,16.38888888888889,1.1
2025-10-17 13:46:26+00:00,33.73797714842192,-84.41828361785761,1307448046,97374,17.0,17.5,17.0,17.5,18.0,18.0,18.0,18.0,62.0,62.0,64.0,64.0,20.611111111111107,63.4,20.497166666666665,16.0,1.3
2025-10-17 13:46:27+00:00,33.737977,-84.41829891858416,1307448046,97374,17.0,17.5,17.0,17.5,18.0,18.0,18.0,18.0,62.0,62.0,64.0,64.0,20.611111111111107,63.4,20.497166666666665,16.0,1.3
2025-10-17 13:46:28+00:00,33.73797679154366,-84.41832112684511,1307448046,97374,17.0,17.5,17.0,17.5,18.0,18.0,18.0,18.0,62.0,62.0,64.0,64.0,20.611111111111107,63.4,20.497166666666665,16.0,1.3
2025-10-17 13:46:29+00:00,33.737976,-84.418333,1307448046,97374,17.0,17.5,17.0,17.5,18.0,18.0,18.0,18.0,62.0,62.0,64.0,64.0,20.611111111111107,63.4,20.497166666666665,16.0,1.3
2025-10-17 13:46:30+00:00,33.737976,-84.41834656182341,1307448046,97374,17.0,17.5,17.0,17.5,18.0,18.0,18.0,18.0,62.0,62.0,64.0,64.0,20.611111111111107,63.4,20.497166666666665,16.0,1.3
2025-10-17 13:46:31+00:00,33.737975,-84.418367,1307448046,97374,17.0,17.5,17.0,17.5,18.0,18.0,18.0,18.0,62.0,62.0,64.0,64.0,20.444444444444443,63.5,20.32347222222222,15.88888888888889,1.3
2025-10-17 13:46:32+00:00,33.737975,-84.41837376061719,1307448046,97374,17.0,17.5,17.0,17.5,18.0,18.0,18.0,18.0,62.0,62.0,64.0,64.0,20.444444444444443,63.5,20.32347222222222,15.88888888888889,1.3
2025-10-17 13:46:33+00:00,33.737975,-84.41838883544536,1307448046,97374,17.0,17.5,17.0,17.5,18.0,18.0,18.0,18.0,62.0,62.0,64.0,64.0,20.444444444444443,63.5,20.32347222222222,15.88888888888889,1.3
2025-10-17 13:46:34+00:00,33.73797426313977,-84.41840778976369,1307448046,97374,17.0,17.5,17.0,17.5,18.0,18.0,18.0,18.0,62.0,62.0,64.0,64.0,20.444444444444443,63.5,20.32347222222222,15.88888888888889,1.3
2025-10-17 13:46:35+00:00,33.73797382372516,-84.41841869844396,1307448046,97373,17.0,17.5,17.0,17.5,18.0,18.0,18.0,18.0,62.0,62.0,64.0,64.0,20.444444444444443,63.5,20.32347222222222,15.88888888888889,1.3
2025-10-17 13:46:36+00:00,33.73797351393095,-84.41843047062382,1307448046,97373,17.0,17.5,17.0,17.5,18.0,18.0,18.0,18.0,62.0,62.0,64.0,64.0,20.27777777777778,63.8,20.152388888888886,15.777777777777779,1.3
2025-10-17 13:46:38+00:00,33.73797296862172,-84.41845134926608,1307448046,97373,19.5,19.5,19.5,19.5,16.0,18.0,16.0,18.0,67.0,67.0,60.0,60.0,20.27777777777778,63.8,20.152388888888886,15.777777777777779,1.3
2025-10-17 13:46:39+00:00,33.73797268604545,-84.41846350004536,1307448046,97373,19.5,19.5,19.5,19.5,16.0,18.0,16.0,18.0,67.0,67.0,60.0,60.0,20.27777777777778,63.8,20.152388888888886,15.777777777777779,1.3
2025-10-17 13:46:40+00:00,33.73797237093424,-84.41847704982781,1307448046,97373,19.5,19.5,19.5,19.5,16.0,18.0,16.0,18.0,67.0,67.0,60.0,60.0,20.27777777777778,63.8,20.152388888888886,15.777777777777779,1.3
2025-10-17 13:46:41+00:00,33.73797200254411,-84.41849289060305,1307448046,97373,19.5,19.5,19.5,19.5,16.0,18.0,16.0,18.0,67.0,67.0,60.0,60.0,20.166666666666668,64.0,20.038333333333327,15.666666666666666,1.0
2025-10-17 13:46:42+00:00,33.737972,-84.41850979259584,1307448046,97373,19.5,19.5,19.5,19.5,16.0,18.0,16.0,18.0,67.0,67.0,60.0,60.0,20.166666666666668,64.0,20.038333333333327,15.666666666666666,1.0
2025-10-17 13:46:43+00:00,33.73797125028741,-84.41853099310218,1307448046,97372,19.5,19.5,19.5,19.5,16.0,18.0,16.0,18.0,67.0,67.0,60.0,60.0,20.166666666666668,64.0,20.038333333333327,15.666666666666666,1.0
2025-10-17 13:46:44+00:00,33.737971,-84.41854807606092,1307448046,97372,19.5,19.5,19.5,19.5,16.0,18.0,16.0,18.0,67.0,67.0,60.0,60.0,20.166666666666668,64.0,20.038333333333327,15.666666666666666,1.0
2025-10-17 13:46:45+00:00,33.737971,-84.41856649368617,1307448046,97372,19.5,19.5,19.5,19.5,16.0,18.0,16.0,18.0,67.0,67.0,60.0,60.0,20.166666666666668,64.0,20.038333333333327,15.666666666666666,1.0
2025-10-17 13:46:46+00:00,33.73797001833137,-84.4185856700353,1307448046,97372,19.5,19.5,19.5,19.5,16.0,18.0,16.0,18.0,67.0,67.0,60.0,60.0,20.055555555555554,64.2,19.924277777777775,15.666666666666666,0.9
2025-10-17 13:46:47+00:00,33.73797,-84.41859542091106,1307448046,97372,19.5,19.5,19.5,19.5,16.0,18.0,16.0,18.0,67.0,67.0,60.0,60.0,20.055555555555554,64.2,19.924277777777775,15.666666666666666,0.9
2025-10-17 13:46:48+00:00,33.737969,-84.418614,1307448046,97372,19.5,19.5,19.5,19.5,16.0,18.0,16.0,18.0,67.0,67.0,60.0,60.0,20.055555555555554,64.2,19.924277777777775,15.666666666666666,0.9
2025-10-17 13:46:49+00:00,33.737969,-84.4186206328376,1307448046,97372,19.5,19.5,19.5,19.5,16.0,18.0,16.0,18.0,67.0,67.0,60.0,60.0,20.055555555555554,64.2,19.924277777777775,15.666666666666666,0.9
2025-10-17 13:46:50+00:00,33.737969,-84.41863489405159,1307448046,97372,19.5,19.5,19.5,19.5,16.0,18.0,16.0,18.0,67.0,67.0,60.0,60.0,20.055555555555554,64.2,19.924277777777775,15.666666666666666,0.9
2025-10-17 13:46:51+00:00,33.73796882936286,-84.41865309529128,1307448046,97372,19.5,19.5,19.5,19.5,16.0,18.0,16.0,18.0,67.0,67.0,60.0,60.0,19.944444444444446,64.2,19.807611111111115,15.61111111111111,1.3
2025-10-17 13:46:52+00:00,33.73796822589708,-84.41866757847005,1307448046,97372,19.5,19.5,19.5,19.5,16.0,18.0,16.0,18.0,67.0,67.0,60.0,60.0,19.944444444444446,64.2,19.807611111111115,15.61111111111111,1.3
2025-10-17 13:46:53+00:00,33.737967619472805,-84.41868213265263,1307448046,97372,18.0,18.0,18.0,18.0,20.0,20.0,20.0,20.0,64.0,64.0,68.0,68.0,19.944444444444446,64.2,19.807611111111115,15.61111111111111,1.3
2025-10-17 13:46:54+00:00,33.737967,-84.418697,1307448046,97372,18.0,18.0,18.0,18.0,20.0,20.0,20.0,20.0,64.0,64.0,68.0,68.0,19.944444444444446,64.2,19.807611111111115,15.61111111111111,1.3
2025-10-17 13:46:55+00:00,33.73796672467135,-84.41870994044646,1307448046,97372,18.0,18.0,18.0,18.0,20.0,20.0,20.0,20.0,64.0,64.0,68.0,68.0,19.944444444444446,64.2,19.807611111111115,15.61111111111111,1.3
2025-10-17 13:46:56+00:00,33.737966411854366,-84.41872464284484,1307448046,97372,18.0,18.0,18.0,18.0,20.0,20.0,20.0,20.0,64.0,64.0,68.0,68.0,19.833333333333332,64.2,19.690944444444447,15.5,1.6
2025-10-17 13:46:57+00:00,33.73796610304344,-84.41873915695815,1307448046,97372,18.0,18.0,18.0,18.0,20.0,20.0,20.0,20.0,64.0,64.0,68.0,68.0,19.833333333333332,64.2,19.690944444444447,15.5,1.6
2025-10-17 13:46:58+00:00,33.73796579952399,-84.41875342237249,1307448046,97372,18.0,18.0,18.0,18.0,20.0,20.0,20.0,20.0,64.0,64.0,68.0,68.0,19.833333333333332,64.2,19.690944444444447,15.5,1.6
2025-10-17 13:46:59+00:00,33.73796542918962,-84.41877082808782,1307448046,97372,18.0,18.0,18.0,18.0,20.0,20.0,20.0,20.0,64.0,64.0,68.0,68.0,19.833333333333332,64.2,19.690944444444447,15.5,1.6
2025-10-17 13:47:00+00:00,33.73796504211518,-84.41878902058687,1307448046,97372,18.0,18.0,18.0,18.0,20.0,20.0,20.0,20.0,64.0,64.0,68.0,68.0,19.833333333333332,64.2,19.690944444444447,15.5,1.6
2025-10-17 13:47:01+00:00,33.737965,-84.41880462793185,1307448046,97372,18.0,18.0,18.0,18.0,20.0,20.0,20.0,20.0,64.0,64.0,68.0,68.0,19.88888888888889,64.2,19.749277777777777,15.5,1.3
2025-10-17 13:47:02+00:00,33.73796420849503,-84.41882520461434,1307448046,97372,18.0,18.0,18.0,18.0,20.0,20.0,20.0,20.0,64.0,64.0,68.0,68.0,19.88888888888889,64.2,19.749277777777777,15.5,1.3
2025-10-17 13:47:03+00:00,33.737964,-84.4188407341125,1307448046,97371,18.0,18.0,18.0,18.0,20.0,20.0,20.0,20.0,64.0,64.0,68.0,68.0,19.88888888888889,64.2,19.749277777777777,15.5,1.3
2025-10-17 13:47:04+00:00,33.737963,-84.418864,1307448046,97371,18.0,18.0,18.0,18.0,20.0,20.0,20.0,20.0,64.0,64.0,68.0,68.0,19.88888888888889,64.2,19.749277777777777,15.5,1.3
2025-10-17 13:47:05+00:00,33.737963,-84.4188764489744,1307448046,97371,18.0,18.0,18.0,18.0,20.0,20.0,20.0,20.0,64.0,64.0,68.0,68.0,19.88888888888889,64.2,19.749277777777777,15.5,1.3
2025-10-17 13:47:06+00:00,33.737963,-84.41889463355653,1307448046,97371,18.0,18.0,18.0,18.0,20.0,20.0,20.0,20.0,64.0,64.0,68.0,68.0,19.777777777777775,64.5,19.63652777777777,15.5,1.4
2025-10-17 13:47:07+00:00,33.737962556892434,-84.41891373633463,1307448046,97371,18.0,18.0,18.0,18.0,20.0,20.0,20.0,20.0,64.0,64.0,68.0,68.0,19.777777777777775,64.5,19.63652777777777,15.5,1.4
2025-10-17 13:47:08+00:00,33.737962073388886,-84.41892872494455,1307448046,97371,18.5,18.5,18.5,18.5,23.0,25.0,23.0,25.0,65.0,65.0,74.5,74.5,19.777777777777775,64.5,19.63652777777777,15.5,1.4
2025-10-17 13:47:09+00:00,33.737961627915595,-84.41894272065892,1307448046,97371,18.5,18.5,18.5,18.5,23.0,25.0,23.0,25.0,65.0,65.0,74.5,74.5,19.777777777777775,64.5,19.63652777777777,15.5,1.4
2025-10-17 13:47:10+00:00,33.73796122927433,-84.41895527785853,1307448046,97371,18.5,18.5,18.5,18.5,23.0,25.0,23.0,25.0,65.0,65.0,74.5,74.5,19.777777777777775,64.5,19.63652777777777,15.5,1.4
2025-10-17 13:47:11+00:00,33.73796083421983,-84.41896772207552,1307448046,97371,18.5,18.5,18.5,18.5,23.0,25.0,23.0,25.0,65.0,65.0,74.5,74.5,19.777777777777775,64.7,19.639138888888887,15.5,1.0
2025-10-17 13:47:12+00:00,33.737960422712725,-84.41898068454923,1307448046,97371,18.5,18.5,18.5,18.5,23.0,25.0,23.0,25.0,65.0,65.0,74.5,74.5,19.777777777777775,64.7,19.639138888888887,15.5,1.0
2025-10-17 13:47:13+00:00,33.73796,-84.418994,1307448046,97371,18.5,18.5,18.5,18.5,23.0,25.0,23.0,25.0,65.0,65.0,74.5,74.5,19.777777777777775,64.7,19.639138888888887,15.5,1.0
2025-10-17 13:47:14+00:00,33.737959701475646,-84.41900803064465,1307448046,97371,18.5,18.5,18.5,18.5,23.0,25.0,23.0,25.0,65.0,65.0,74.5,74.5,19.777777777777775,64.7,19.639138888888887,15.5,1.0
2025-10-17 13:47:15+00:00,33.73795937518943,-84.41902336609652,1307448046,97371,18.5,18.5,18.5,18.5,23.0,25.0,23.0,25.0,65.0,65.0,74.5,74.5,19.777777777777775,64.7,19.639138888888887,15.5,1.0
2025-10-17 13:47:16+00:00,33.73795903137572,-84.41903952534096,1307448046,97371,18.5,18.5,18.5,18.5,23.0,25.0,23.0,25.0,65.0,65.0,74.5,74.5,19.66666666666667,65.0,19.526388888888892,15.5,1.7
2025-10-17 13:47:17+00:00,33.737959,-84.41905240401323,1307448046,97371,18.5,18.5,18.5,18.5,23.0,25.0,23.0,25.0,65.0,65.0,74.5,74.5,19.66666666666667,65.0,19.526388888888892,15.5,1.7
2025-10-17 13:47:18+00:00,33.73795842925092,-84.41906712722893,1307448046,97371,18.5,18.5,18.5,18.5,23.0,25.0,23.0,25.0,65.0,65.0,74.5,74.5,19.66666666666667,65.0,19.526388888888892,15.5,1.7
2025-10-17 13:47:19+00:00,33.737958,-84.419077,1307448046,97371,18.5,18.5,18.5,18.5,23.0,25.0,23.0,25.0,65.0,65.0,74.5,74.5,19.66666666666667,65.0,19.526388888888892,15.5,1.7
2025-10-17 13:47:20+00:00,33.737958,-84.41908966166814,1307448046,97371,18.5,18.5,18.5,18.5,23.0,25.0,23.0,25.0,65.0,65.0,74.5,74.5,19.66666666666667,65.0,19.526388888888892,15.5,1.7
2025-10-17 13:47:21+00:00,33.73795772783287,-84.41910681033981,1307448046,97371,18.5,18.5,18.5,18.5,23.0,25.0,23.0,25.0,65.0,65.0,74.5,74.5,19.66666666666667,65.1,19.527694444444453,15.5,0.9
2025-10-17 13:47:22+00:00,33.73795692884155,-84.4191194193874,1307448046,97371,18.5,18.5,18.5,18.5,23.0,25.0,23.0,25.0,65.0,65.0,74.5,74.5,19.66666666666667,65.1,19.527694444444453,15.5,0.9
2025-10-17 13:47:23+00:00,33.73795654223577,-84.41913256398365,1307448046,97371,19.0,19.0,19.0,19.0,21.5,25.0,21.5,25.0,66.0,66.0,71.0,71.0,19.66666666666667,65.1,19.527694444444453,15.5,0.9
2025-10-17 13:47:24+00:00,33.73795621148916,-84.41914380936835,1307448046,97371,19.0,19.0,19.0,19.0,21.5,25.0,21.5,25.0,66.0,66.0,71.0,71.0,19.66666666666667,65.1,19.527694444444453,15.5,0.9
2025-10-17 13:47:25+00:00,33.737956,-84.4191538218735,1307448046,97371,19.0,19.0,19.0,19.0,21.5,25.0,21.5,25.0,66.0,66.0,71.0,71.0,19.66666666666667,65.1,19.527694444444453,15.5,0.9
2025-10-17 13:47:26+00:00,33.737956,-84.41916468657918,1307448046,97371,19.0,19.0,19.0,19.0,21.5,25.0,21.5,25.0,66.0,66.0,71.0,71.0,19.72222222222222,65.3,19.58863888888889,15.5,0.9
2025-10-17 13:47:28+00:00,33.737955758197614,-84.41918143029302,1307448046,97371,19.0,19.0,19.0,19.0,21.5,25.0,21.5,25.0,66.0,66.0,71.0,71.0,19.72222222222222,65.3,19.58863888888889,15.5,0.9
2025-10-17 13:47:30+00:00,33.737955303235346,-84.41919917382158,1307448046,97371,19.0,19.0,19.0,19.0,21.5,25.0,21.5,25.0,66.0,66.0,71.0,71.0,19.72222222222222,65.3,19.58863888888889,15.5,0.9
2025-10-17 13:47:32+00:00,33.73795468390581,-84.41921985063719,1307448046,97370,19.0,19.0,19.0,19.0,21.5,25.0,21.5,25.0,66.0,66.0,71.0,71.0,19.66666666666667,65.4,19.531611111111115,15.5,0.9
2025-10-17 13:47:33+00:00,33.73795420531823,-84.41923325108947,1307448046,97370,19.0,19.0,19.0,19.0,21.5,25.0,21.5,25.0,66.0,66.0,71.0,71.0,19.66666666666667,65.4,19.531611111111115,15.5,0.9
2025-10-17 13:47:34+00:00,33.73795386887333,-84.41924752323337,1307448046,97370,19.0,19.0,19.0,19.0,21.5,25.0,21.5,25.0,66.0,66.0,71.0,71.0,19.66666666666667,65.4,19.531611111111115,15.5,0.9
2025-10-17 13:47:35+00:00,33.73795361730962,-84.41926387487483,1307448046,97370,19.0,19.0,19.0,19.0,21.5,25.0,21.5,25.0,66.0,66.0,71.0,71.0,19.66666666666667,65.4,19.531611111111115,15.5,0.9
2025-10-17 13:47:36+00:00,33.73795333459173,-84.41928225153768,1307448046,97370,19.0,19.0,19.0,19.0,21.5,25.0,21.5,25.0,66.0,66.0,71.0,71.0,19.72222222222222,65.9,19.596472222222225,15.61111111111111,1.1
2025-10-17 13:47:37+00:00,33.737906,-84.419331,9277745,14754,19.0,19.0,19.0,19.0,21.5,25.0,21.5,25.0,66.0,66.0,71.0,71.0,19.72222222222222,65.9,19.596472222222225,15.61111111111111,1.1
2025-10-17 13:47:38+00:00,33.737906742297135,-84.4193310161369,9277745,14754,20.0,20.0,20.0,20.0,20.0,22.0,20.0,22.0,68.0,68.0,68.0,68.0,19.72222222222222,65.9,19.596472222222225,15.61111111111111,1.1
2025-10-17 13:47:39+00:00,33.73790920000349,-84.41933106956529,9277745,14754,20.0,20.0,20.0,20.0,20.0,22.0,20.0,22.0,68.0,68.0,68.0,68.0,19.72222222222222,65.9,19.596472222222225,15.61111111111111,1.1
2025-10-17 13:47:40+00:00,33.737911992159596,-84.41933113026434,9277745,14754,20.0,20.0,20.0,20.0,20.0,22.0,20.0,22.0,68.0,68.0,68.0,68.0,19.72222222222222,65.9,19.596472222222225,15.61111111111111,1.1
2025-10-17 13:47:41+00:00,33.737952,-84.41938685894797,1307448046,97369,20.0,20.0,20.0,20.0,20.0,22.0,20.0,22.0,68.0,68.0,68.0,68.0,19.66666666666667,66.1,19.54075,15.61111111111111,1.2
2025-10-17 13:47:42+00:00,33.737952,-84.41940602687939,1307448046,97369,20.0,20.0,20.0,20.0,20.0,22.0,20.0,22.0,68.0,68.0,68.0,68.0,19.66666666666667,66.1,19.54075,15.61111111111111,1.2
2025-10-17 13:47:43+00:00,33.737952,-84.41942253870356,1307448046,97369,20.0,20.0,20.0,20.0,20.0,22.0,20.0,22.0,68.0,68.0,68.0,68.0,19.66666666666667,66.1,19.54075,15.61111111111111,1.2
2025-10-17 13:47:44+00:00,33.737952,-84.41943437874664,1307448046,97369,20.0,20.0,20.0,20.0,20.0,22.0,20.0,22.0,68.0,68.0,68.0,68.0,19.66666666666667,66.1,19.54075,15.61111111111111,1.2
2025-10-17 13:47:46+00:00,33.737952,-84.41943282498754,1307448046,97369,20.0,20.0,20.0,20.0,20.0,22.0,20.0,22.0,68.0,68.0,68.0,68.0,19.61111111111111,66.3,19.485027777777773,15.61111111111111,0.8
2025-10-17 13:47:47+00:00,33.737952,-84.4194289794198,1307448046,97369,20.0,20.0,20.0,20.0,20.0,22.0,20.0,22.0,68.0,68.0,68.0,68.0,19.61111111111111,66.3,19.485027777777773,15.61111111111111,0.8
2025-10-17 13:47:52+00:00,33.737952,-84.419439026708,1307448046,97369,20.0,20.0,20.0,20.0,20.0,22.0,20.0,22.0,68.0,68.0,68.0,68.0,19.66666666666667,66.5,19.545972222222222,15.666666666666666,0.0
2025-10-17 13:47:54+00:00,33.737952,-84.41945964299961,1307448046,97369,20.0,20.0,20.0,20.0,19.0,19.5,19.0,19.5,68.0,68.0,66.0,66.0,19.66666666666667,66.5,19.545972222222222,15.666666666666666,0.0
2025-10-17 13:47:55+00:00,33.737952,-84.41947275535391,1307448046,97369,20.0,20.0,20.0,20.0,19.0,19.5,19.0,19.5,68.0,68.0,66.0,66.0,19.66666666666667,66.5,19.545972222222222,15.666666666666666,0.0
2025-10-17 13:47:56+00:00,33.737952,-84.4194896880379,1307448046,97369,20.0,20.0,20.0,20.0,19.0,19.5,19.0,19.5,68.0,68.0,66.0,66.0,19.61111111111111,67.1,19.49547222222222,15.666666666666666,0.8
2025-10-17 13:47:57+00:00,33.737952,-84.41950810065867,1307448046,97369,20.0,20.0,20.0,20.0,19.0,19.5,19.0,19.5,68.0,68.0,66.0,66.0,19.61111111111111,67.1,19.49547222222222,15.666666666666666,0.8
2025-10-17 13:47:58+00:00,33.737952,-84.41952652375504,1307448046,97369,20.0,20.0,20.0,20.0,19.0,19.5,19.0,19.5,68.0,68.0,66.0,66.0,19.61111111111111,67.1,19.49547222222222,15.666666666666666,0.8
2025-10-17 13:47:59+00:00,33.737952,-84.4195455122327,1307448046,97369,20.0,20.0,20.0,20.0,19.0,19.5,19.0,19.5,68.0,68.0,66.0,66.0,19.61111111111111,67.1,19.49547222222222,15.666666666666666,0.8
2025-10-17 13:48:00+00:00,33.737952,-84.41956461561173,1307448046,97369,20.0,20.0,20.0,20.0,19.0,19.5,19.0,19.5,68.0,68.0,66.0,66.0,19.61111111111111,67.1,19.49547222222222,15.666666666666666,0.8
2025-10-17 13:48:01+00:00,33.737952,-84.41958243310285,1307448046,97369,20.0,20.0,20.0,20.0,19.0,19.5,19.0,19.5,68.0,68.0,66.0,66.0,19.61111111111111,67.4,19.49938888888889,15.666666666666666,0.8
2025-10-17 13:48:02+00:00,33.737952,-84.41960083165523,1307448046,97369,20.0,20.0,20.0,20.0,19.0,19.5,19.0,19.5,68.0,68.0,66.0,66.0,19.61111111111111,67.4,19.49938888888889,15.666666666666666,0.8
2025-10-17 13:48:03+00:00,33.737952,-84.41962040753303,1307448046,97369,20.0,20.0,20.0,20.0,19.0,19.5,19.0,19.5,68.0,68.0,66.0,66.0,19.61111111111111,67.4,19.49938888888889,15.666666666666666,0.8
2025-10-17 13:48:04+00:00,33.737952,-84.41964032195028,1307448046,97369,20.0,20.0,20.0,20.0,19.0,19.5,19.0,19.5,68.0,68.0,66.0,66.0,19.61111111111111,67.4,19.49938888888889,15.666666666666666,0.8
2025-10-17 13:48:05+00:00,33.737952,-84.41966046871745,1307448046,97369,20.0,20.0,20.0,20.0,19.0,19.5,19.0,19.5,68.0,68.0,66.0,66.0,19.61111111111111,67.4,19.49938888888889,15.666666666666666,0.8
2025-10-17 13:48:06+00:00,33.737952,-84.41967966240898,1307448046,97369,20.0,20.0,20.0,20.0,19.0,19.5,19.0,19.5,68.0,68.0,66.0,66.0,19.555555555555557,67.5,19.44236111111111,15.666666666666666,0.9
2025-10-17 13:48:07+00:00,33.737952,-84.41969663524259,1307448046,97369,20.0,20.0,20.0,20.0,19.0,19.5,19.0,19.5,68.0,68.0,66.0,66.0,19.555555555555557,67.5,19.44236111111111,15.666666666666666,0.9
2025-10-17 13:48:08+00:00,33.737952,-84.41971196533297,1307448046,97369,20.5,21.5,20.5,21.5,20.0,20.0,20.0,20.0,69.0,69.0,68.0,68.0,19.555555555555557,67.5,19.44236111111111,15.666666666666666,0.9
2025-10-17 13:48:09+00:00,33.737952,-84.41972543355995,1307448046,97369,20.5,21.5,20.5,21.5,20.0,20.0,20.0,20.0,69.0,69.0,68.0,68.0,19.555555555555557,67.5,19.44236111111111,15.666666666666666,0.9
2025-10-17 13:48:10+00:00,33.737952,-84.41973730497246,1307448046,97369,20.5,21.5,20.5,21.5,20.0,20.0,20.0,20.0,69.0,69.0,68.0,68.0,19.555555555555557,67.5,19.44236111111111,15.666666666666666,0.9
2025-10-17 13:48:12+00:00,33.737952,-84.41975842266571,1307448046,97369,20.5,21.5,20.5,21.5,20.0,20.0,20.0,20.0,69.0,69.0,68.0,68.0,19.555555555555557,67.5,19.44236111111111,15.666666666666666,0.9
2025-10-17 13:48:13+00:00,33.737952,-84.4197701615281,1307448046,97369,20.5,21.5,20.5,21.5,20.0,20.0,20.0,20.0,69.0,69.0,68.0,68.0,19.555555555555557,67.5,19.44236111111111,15.666666666666666,0.9
2025-10-17 13:48:14+00:00,33.737952,-84.41978379580962,1307448046,97369,20.5,21.5,20.5,21.5,20.0,20.0,20.0,20.0,69.0,69.0,68.0,68.0,19.555555555555557,67.5,19.44236111111111,15.666666666666666,0.9
2025-10-17 13:48:15+00:00,33.737952,-84.41979792421822,1307448046,97369,20.5,21.5,20.5,21.5,20.0,20.0,20.0,20.0,69.0,69.0,68.0,68.0,19.555555555555557,67.5,19.44236111111111,15.666666666666666,0.9
2025-10-17 13:48:16+00:00,33.737952,-84.4198143972742,1307448046,97369,20.5,21.5,20.5,21.5,20.0,20.0,20.0,20.0,69.0,69.0,68.0,68.0,19.499999999999996,67.5,19.38402777777777,15.666666666666666,0.8
2025-10-17 13:48:17+00:00,33.737952,-84.41983076267654,1307448046,97369,20.5,21.5,20.5,21.5,20.0,20.0,20.0,20.0,69.0,69.0,68.0,68.0,19.499999999999996,67.5,19.38402777777777,15.666666666666666,0.8
2025-10-17 13:48:18+00:00,33.737952,-84.419848256554,1307448046,97369,20.5,21.5,20.5,21.5,20.0,20.0,20.0,20.0,69.0,69.0,68.0,68.0,19.499999999999996,67.5,19.38402777777777,15.666666666666666,0.8
2025-10-17 13:48:19+00:00,33.737952,-84.4198654675974,1307448046,97369,20.5,21.5,20.5,21.5,20.0,20.0,20.0,20.0,69.0,69.0,68.0,68.0,19.499999999999996,67.5,19.38402777777777,15.666666666666666,0.8
2025-10-17 13:48:20+00:00,33.737952274166425,-84.41987948332854,1307448046,97369,20.5,21.5,20.5,21.5,20.0,20.0,20.0,20.0,69.0,69.0,68.0,68.0,19.499999999999996,67.5,19.38402777777777,15.666666666666666,0.8
2025-10-17 13:48:21+00:00,33.737953,-84.419894,1307448046,97369,20.5,21.5,20.5,21.5,20.0,20.0,20.0,20.0,69.0,69.0,68.0,68.0,19.444444444444443,67.7,19.32830555555556,15.61111111111111,1.9
2025-10-17 13:48:22+00:00,33.73795413210575,-84.4199065946765,1307448046,97368,20.5,21.5,20.5,21.5,20.0,20.0,20.0,20.0,69.0,69.0,68.0,68.0,19.444444444444443,67.7,19.32830555555556,15.61111111111111,1.9
2025-10-17 13:48:23+00:00,33.73795528217548,-84.41991938920222,1307448046,97368,20.0,22.0,20.0,22.0,24.0,26.5,24.0,26.5,68.0,68.0,77.0,77.0,19.444444444444443,67.7,19.32830555555556,15.61111111111111,1.9
2025-10-17 13:48:24+00:00,33.73795624430704,-84.41993009291583,1307448046,97368,20.0,22.0,20.0,22.0,24.0,26.5,24.0,26.5,68.0,68.0,77.0,77.0,19.444444444444443,67.7,19.32830555555556,15.61111111111111,1.9
2025-10-17 13:48:25+00:00,33.737957265941525,-84.41994145859951,1307448046,97368,20.0,22.0,20.0,22.0,24.0,26.5,24.0,26.5,68.0,68.0,77.0,77.0,19.444444444444443,67.7,19.32830555555556,15.61111111111111,1.9
2025-10-17 13:48:26+00:00,33.73795842289649,-84.41995432972344,1307448046,97368,20.0,22.0,20.0,22.0,24.0,26.5,24.0,26.5,68.0,68.0,77.0,77.0,19.333333333333332,67.4,19.207722222222227,15.5,0.8
2025-10-17 13:48:27+00:00,33.73795974584218,-84.4199690474943,1307448046,97368,20.0,22.0,20.0,22.0,24.0,26.5,24.0,26.5,68.0,68.0,77.0,77.0,19.333333333333332,67.4,19.207722222222227,15.5,0.8
2025-10-17 13:48:28+00:00,33.737961,-84.419986,1307448046,97368,20.0,22.0,20.0,22.0,24.0,26.5,24.0,26.5,68.0,68.0,77.0,77.0,19.333333333333332,67.4,19.207722222222227,15.5,0.8
2025-10-17 13:48:29+00:00,33.73796299118582,-84.4200034228759,1307448046,97368,20.0,22.0,20.0,22.0,24.0,26.5,24.0,26.5,68.0,68.0,77.0,77.0,19.333333333333332,67.4,19.207722222222227,15.5,0.8
2025-10-17 13:48:30+00:00,33.73796529570179,-84.42002464698875,1307448046,97368,20.0,22.0,20.0,22.0,24.0,26.5,24.0,26.5,68.0,68.0,77.0,77.0,19.333333333333332,67.4,19.207722222222227,15.5,0.8
2025-10-17 13:48:31+00:00,33.73796681775823,-84.42004341901814,1307448046,97368,20.0,22.0,20.0,22.0,24.0,26.5,24.0,26.5,68.0,68.0,77.0,77.0,19.27777777777778,67.1,19.14547222222222,15.38888888888889,1.4
2025-10-17 13:48:32+00:00,33.737968,-84.420058,1307448046,97368,20.0,22.0,20.0,22.0,24.0,26.5,24.0,26.5,68.0,68.0,77.0,77.0,19.27777777777778,67.1,19.14547222222222,15.38888888888889,1.4
2025-10-17 13:48:33+00:00,33.73797048182075,-84.4200812757893,1307448046,97368,20.0,22.0,20.0,22.0,24.0,26.5,24.0,26.5,68.0,68.0,77.0,77.0,19.27777777777778,67.1,19.14547222222222,15.38888888888889,1.4
2025-10-17 13:48:34+00:00,33.73797186950629,-84.42009839057758,1307448046,97368,20.0,22.0,20.0,22.0,24.0,26.5,24.0,26.5,68.0,68.0,77.0,77.0,19.27777777777778,67.1,19.14547222222222,15.38888888888889,1.4
2025-10-17 13:48:35+00:00,33.737973591067224,-84.4201135017395,1307448046,97368,20.0,22.0,20.0,22.0,24.0,26.5,24.0,26.5,68.0,68.0,77.0,77.0,19.27777777777778,67.1,19.14547222222222,15.38888888888889,1.4
2025-10-17 13:48:36+00:00,33.737974944314445,-84.42012933177334,1307448046,97368,20.0,22.0,20.0,22.0,24.0,26.5,24.0,26.5,68.0,68.0,77.0,77.0,19.166666666666668,66.5,19.020972222222227,15.166666666666666,1.7
2025-10-17 13:48:37+00:00,33.737976170821646,-84.4201428790381,1307448046,97368,20.0,22.0,20.0,22.0,24.0,26.5,24.0,26.5,68.0,68.0,77.0,77.0,19.166666666666668,66.5,19.020972222222227,15.166666666666666,1.7
2025-10-17 13:48:38+00:00,33.73797749473952,-84.42015744213471,1307448046,97368,19.0,19.0,19.0,19.0,21.0,22.0,21.0,22.0,66.0,66.0,70.0,70.0,19.166666666666668,66.5,19.020972222222227,15.166666666666666,1.7
2025-10-17 13:48:39+00:00,33.73797880222509,-84.42017182447606,1307448046,97368,19.0,19.0,19.0,19.0,21.0,22.0,21.0,22.0,66.0,66.0,70.0,70.0,19.166666666666668,66.5,19.020972222222227,15.166666666666666,1.7
2025-10-17 13:48:40+00:00,33.73797999328618,-84.42018492614801,1307448046,97368,19.0,19.0,19.0,19.0,21.0,22.0,21.0,22.0,66.0,66.0,70.0,70.0,19.166666666666668,66.5,19.020972222222227,15.166666666666666,1.7
2025-10-17 13:48:41+00:00,33.73798106352758,-84.42019669880337,1307448046,97368,19.0,19.0,19.0,19.0,21.0,22.0,21.0,22.0,66.0,66.0,70.0,70.0,19.0,66.6,18.847277777777776,15.0,1.9
2025-10-17 13:48:42+00:00,33.73798214960883,-84.42020864569723,1307448046,97368,19.0,19.0,19.0,19.0,21.0,22.0,21.0,22.0,66.0,66.0,70.0,70.0,19.0,66.6,18.847277777777776,15.0,1.9
2025-10-17 13:48:43+00:00,33.737983266539,-84.42022093192901,1307448046,97368,19.0,19.0,19.0,19.0,21.0,22.0,21.0,22.0,66.0,66.0,70.0,70.0,19.0,66.6,18.847277777777776,15.0,1.9
2025-10-17 13:48:44+00:00,33.737984,-84.420229,1307448046,97368,19.0,19.0,19.0,19.0,21.0,22.0,21.0,22.0,66.0,66.0,70.0,70.0,19.0,66.6,18.847277777777776,15.0,1.9
2025-10-17 13:48:45+00:00,33.73798623984463,-84.42024646485396,1307448046,97368,19.0,19.0,19.0,19.0,21.0,22.0,21.0,22.0,66.0,66.0,70.0,70.0,19.0,66.6,18.847277777777776,15.0,1.9
2025-10-17 13:48:46+00:00,33.7379872996286,-84.42025882900026,1307448046,97368,19.0,19.0,19.0,19.0,21.0,22.0,21.0,22.0,66.0,66.0,70.0,70.0,18.944444444444443,66.5,18.787638888888882,15.0,1.7
2025-10-17 13:48:47+00:00,33.73798824146807,-84.42026925370197,1307448046,97368,19.0,19.0,19.0,19.0,21.0,22.0,21.0,22.0,66.0,66.0,70.0,70.0,18.944444444444443,66.5,18.787638888888882,15.0,1.7
2025-10-17 13:48:48+00:00,33.737989622455615,-84.42028214291905,1307448046,97368,19.0,19.0,19.0,19.0,21.0,22.0,21.0,22.0,66.0,66.0,70.0,70.0,18.944444444444443,66.5,18.787638888888882,15.0,1.7
2025-10-17 13:48:49+00:00,33.73799107579999,-84.42029575799985,1307448046,97368,19.0,19.0,19.0,19.0,21.0,22.0,21.0,22.0,66.0,66.0,70.0,70.0,18.944444444444443,66.5,18.787638888888882,15.0,1.7
2025-10-17 13:48:50+00:00,33.73799246365413,-84.42030963654126,1307448046,97368,19.0,19.0,19.0,19.0,21.0,22.0,21.0,22.0,66.0,66.0,70.0,70.0,18.944444444444443,66.5,18.787638888888882,15.0,1.7
2025-10-17 13:48:51+00:00,33.737993728349,-84.42032556106041,1307448046,97368,19.0,19.0,19.0,19.0,21.0,22.0,21.0,22.0,66.0,66.0,70.0,70.0,19.0,66.6,18.847277777777776,15.0,1.2
2025-10-17 13:48:52+00:00,33.737994614202705,-84.42033840593928,1307448046,97368,19.0,19.0,19.0,19.0,21.0,22.0,21.0,22.0,66.0,66.0,70.0,70.0,19.0,66.6,18.847277777777776,15.0,1.2
2025-10-17 13:48:53+00:00,33.737996,-84.420356,1307448046,97368,20.0,21.0,20.0,21.0,21.0,22.0,21.0,22.0,68.0,68.0,70.0,70.0,19.0,66.6,18.847277777777776,15.0,1.2
2025-10-17 13:48:54+00:00,33.73799695133579,-84.42036646469363,1307448046,97368,20.0,21.0,20.0,21.0,21.0,22.0,21.0,22.0,68.0,68.0,70.0,70.0,19.0,66.6,18.847277777777776,15.0,1.2
2025-10-17 13:48:55+00:00,33.73799833696544,-84.42038061273905,1307448046,97368,20.0,21.0,20.0,21.0,21.0,22.0,21.0,22.0,68.0,68.0,70.0,70.0,19.0,66.6,18.847277777777776,15.0,1.2
2025-10-17 13:48:56+00:00,33.73799976679483,-84.42039517100189,1307448046,97368,20.0,21.0,20.0,21.0,21.0,22.0,21.0,22.0,68.0,68.0,70.0,70.0,19.055555555555557,66.9,18.909527777777775,15.166666666666666,1.1
2025-10-17 13:48:57+00:00,33.73800102209239,-84.42040795221345,1307448046,97368,20.0,21.0,20.0,21.0,21.0,22.0,21.0,22.0,68.0,68.0,70.0,70.0,19.055555555555557,66.9,18.909527777777775,15.166666666666666,1.1
2025-10-17 13:48:58+00:00,33.73800225894859,-84.42042054565835,1307448046,97368,20.0,21.0,20.0,21.0,21.0,22.0,21.0,22.0,68.0,68.0,70.0,70.0,19.055555555555557,66.9,18.909527777777775,15.166666666666666,1.1
2025-10-17 13:48:59+00:00,33.738003366054215,-84.42043181800653,1307448046,97368,20.0,21.0,20.0,21.0,21.0,22.0,21.0,22.0,68.0,68.0,70.0,70.0,19.055555555555557,66.9,18.909527777777775,15.166666666666666,1.1
2025-10-17 13:49:00+00:00,33.73794586293075,-84.420498,9257224,6059,20.0,21.0,20.0,21.0,21.0,22.0,21.0,22.0,68.0,68.0,70.0,70.0,19.055555555555557,66.9,18.909527777777775,15.166666666666666,1.1
2025-10-17 13:49:02+00:00,33.73794022842666,-84.420498,9257224,6059,20.0,21.0,20.0,21.0,21.0,22.0,21.0,22.0,68.0,68.0,70.0,70.0,19.111111111111114,67.1,18.970472222222224,15.166666666666666,1.7
2025-10-17 13:49:46+00:00,33.737937,-84.420498,9257224,6059,18.0,18.0,18.0,18.0,18.0,18.0,18.0,18.0,64.0,64.0,64.0,64.0,18.944444444444443,65.8,18.778499999999998,14.88888888888889,1.6
2025-10-17 13:50:21+00:00,33.737937,-84.420498,9257224,6059,13.0,13.0,13.0,13.0,17.0,19.0,17.0,19.0,53.0,53.0,62.0,62.0,18.666666666666664,66.5,18.495972222222214,14.666666666666666,1.1
2025-10-17 13:50:25+00:00,33.737937,-84.420498,9257224,6059,17.0,17.0,17.0,17.0,19.0,21.0,19.0,21.0,62.0,62.0,66.0,66.0,18.666666666666664,66.5,18.495972222222214,14.666666666666666,1.1
2025-10-17 13:50:27+00:00,33.737937,-84.420498,9257224,6059,17.0,17.0,17.0,17.0,19.0,21.0,19.0,21.0,62.0,62.0,66.0,66.0,18.61111111111111,67.4,18.44938888888889,14.777777777777779,1.2
2025-10-17 13:50:28+00:00,33.737937,-84.420498,9257224,6059,17.0,17.0,17.0,17.0,19.0,21.0,19.0,21.0,62.0,62.0,66.0,66.0,18.61111111111111,67.4,18.44938888888889,14.777777777777779,1.2
2025-10-17 13:50:29+00:00,33.7379372373694,-84.420498,9257224,6059,17.0,17.0,17.0,17.0,19.0,21.0,19.0,21.0,62.0,62.0,66.0,66.0,18.61111111111111,67.4,18.44938888888889,14.777777777777779,1.2
2025-10-17 13:50:30+00:00,33.73794020821794,-84.420498,9257224,6059,17.0,17.0,17.0,17.0,19.0,21.0,19.0,21.0,62.0,62.0,66.0,66.0,18.61111111111111,67.4,18.44938888888889,14.777777777777779,1.2
2025-10-17 13:50:31+00:00,33.73794324210343,-84.420498,9257224,6059,17.0,17.0,17.0,17.0,19.0,21.0,19.0,21.0,62.0,62.0,66.0,66.0,18.77777777777778,68.1,18.633527777777772,15.0,0.8
2025-10-17 13:50:32+00:00,33.738020266640476,-84.42058315531112,1307448046,97367,17.0,17.0,17.0,17.0,19.0,21.0,19.0,21.0,62.0,62.0,66.0,66.0,18.77777777777778,68.1,18.633527777777772,15.0,0.8
2025-10-17 13:50:33+00:00,33.73802250699123,-84.42059919112747,1307448046,97367,17.0,17.0,17.0,17.0,19.0,21.0,19.0,21.0,62.0,62.0,66.0,66.0,18.77777777777778,68.1,18.633527777777772,15.0,0.8
2025-10-17 13:50:34+00:00,33.73802439205701,-84.42061477433795,1307448046,97367,17.0,17.0,17.0,17.0,19.0,21.0,19.0,21.0,62.0,62.0,66.0,66.0,18.77777777777778,68.1,18.633527777777772,15.0,0.8
2025-10-17 13:50:35+00:00,33.73802600150721,-84.42062807912627,1307448046,97367,17.0,17.0,17.0,17.0,19.0,21.0,19.0,21.0,62.0,62.0,66.0,66.0,18.77777777777778,68.1,18.633527777777772,15.0,0.8
2025-10-17 13:50:36+00:00,33.73802750858297,-84.42064053761918,1307448046,97367,17.0,17.0,17.0,17.0,19.0,21.0,19.0,21.0,62.0,62.0,66.0,66.0,18.88888888888889,68.9,18.760638888888888,15.277777777777779,0.8
2025-10-17 13:50:37+00:00,33.73802902861551,-84.42065310322154,1307448046,97367,17.0,17.0,17.0,17.0,19.0,21.0,19.0,21.0,62.0,62.0,66.0,66.0,18.88888888888889,68.9,18.760638888888888,15.277777777777779,0.8
2025-10-17 13:50:38+00:00,33.73803055723354,-84.42066573979729,1307448046,97367,19.0,19.0,19.0,19.0,18.0,21.0,18.0,21.0,66.0,66.0,64.0,64.0,18.88888888888889,68.9,18.760638888888888,15.277777777777779,0.8
2025-10-17 13:50:39+00:00,33.738032167960675,-84.4206790551416,1307448046,97367,19.0,19.0,19.0,19.0,18.0,21.0,18.0,21.0,66.0,66.0,64.0,64.0,18.88888888888889,68.9,18.760638888888888,15.277777777777779,0.8
2025-10-17 13:50:40+00:00,33.73803383453188,-84.42069283213027,1307448046,97367,19.0,19.0,19.0,19.0,18.0,21.0,18.0,21.0,66.0,66.0,64.0,64.0,18.88888888888889,68.9,18.760638888888888,15.277777777777779,0.8
2025-10-17 13:50:41+00:00,33.738035500964955,-84.42070660797697,1307448046,97367,19.0,19.0,19.0,19.0,18.0,21.0,18.0,21.0,66.0,66.0,64.0,64.0,19.055555555555557,69.3,18.940861111111108,15.5,0.9
2025-10-17 13:50:42+00:00,33.738037,-84.420719,1307448046,97367,19.0,19.0,19.0,19.0,18.0,21.0,18.0,21.0,66.0,66.0,64.0,64.0,19.055555555555557,69.3,18.940861111111108,15.5,0.9
2025-10-17 13:50:43+00:00,33.73803923237562,-84.42073650217245,1307448046,97367,19.0,19.0,19.0,19.0,18.0,21.0,18.0,21.0,66.0,66.0,64.0,64.0,19.055555555555557,69.3,18.940861111111108,15.5,0.9
2025-10-17 13:50:44+00:00,33.73804135778803,-84.42075586230423,1307448046,97367,19.0,19.0,19.0,19.0,18.0,21.0,18.0,21.0,66.0,66.0,64.0,64.0,19.055555555555557,69.3,18.940861111111108,15.5,0.9
2025-10-17 13:50:45+00:00,33.738043959677306,-84.42077739717645,1307448046,97367,19.0,19.0,19.0,19.0,18.0,21.0,18.0,21.0,66.0,66.0,64.0,64.0,19.055555555555557,69.3,18.940861111111108,15.5,0.9
2025-10-17 13:50:46+00:00,33.73804626075062,-84.42079753156791,1307448046,97367,19.0,19.0,19.0,19.0,18.0,21.0,18.0,21.0,66.0,66.0,64.0,64.0,19.222222222222218,69.9,19.123694444444446,15.666666666666666,0.9
2025-10-17 13:50:47+00:00,33.738048414224984,-84.42081319246239,1307448046,97367,19.0,19.0,19.0,19.0,18.0,21.0,18.0,21.0,66.0,66.0,64.0,64.0,19.222222222222218,69.9,19.123694444444446,15.666666666666666,0.9
2025-10-17 13:50:48+00:00,33.738051,-84.420838,1307448046,97367,19.0,19.0,19.0,19.0,18.0,21.0,18.0,21.0,66.0,66.0,64.0,64.0,19.222222222222218,69.9,19.123694444444446,15.666666666666666,0.9
2025-10-17 13:50:49+00:00,33.73805186397401,-84.42084454151751,1307448046,97367,19.0,19.0,19.0,19.0,18.0,21.0,18.0,21.0,66.0,66.0,64.0,64.0,19.222222222222218,69.9,19.123694444444446,15.666666666666666,0.9
2025-10-17 13:50:50+00:00,33.73805355032426,-84.42085730959796,1307448046,97367,19.0,19.0,19.0,19.0,18.0,21.0,18.0,21.0,66.0,66.0,64.0,64.0,19.222222222222218,69.9,19.123694444444446,15.666666666666666,0.9
2025-10-17 13:50:51+00:00,33.73805525406426,-84.42087020934363,1307448046,97367,19.0,19.0,19.0,19.0,18.0,21.0,18.0,21.0,66.0,66.0,64.0,64.0,19.444444444444443,70.2,19.360944444444442,15.88888888888889,1.0
2025-10-17 13:50:52+00:00,33.73805700053826,-84.42088343264682,1307448046,97367,19.0,19.0,19.0,19.0,18.0,21.0,18.0,21.0,66.0,66.0,64.0,64.0,19.444444444444443,70.2,19.360944444444442,15.88888888888889,1.0
2025-10-17 13:50:53+00:00,33.73805880185817,-84.42089759305605,1307448046,97366,18.0,18.0,18.0,18.0,18.0,22.0,18.0,22.0,64.0,64.0,64.0,64.0,19.444444444444443,70.2,19.360944444444442,15.88888888888889,1.0
2025-10-17 13:50:54+00:00,33.73806046002426,-84.42091122686608,1307448046,97366,18.0,18.0,18.0,18.0,18.0,22.0,18.0,22.0,64.0,64.0,64.0,64.0,19.444444444444443,70.2,19.360944444444442,15.88888888888889,1.0
2025-10-17 13:50:55+00:00,33.738062135942755,-84.4209250066404,1307448046,97366,18.0,18.0,18.0,18.0,18.0,22.0,18.0,22.0,64.0,64.0,64.0,64.0,19.444444444444443,70.2,19.360944444444442,15.88888888888889,1.0
2025-10-17 13:50:56+00:00,33.73806369101301,-84.42093779277366,1307448046,97366,18.0,18.0,18.0,18.0,18.0,22.0,18.0,22.0,64.0,64.0,64.0,64.0,19.66666666666667,70.9,19.60341666666667,16.27777777777778,0.0
2025-10-17 13:50:57+00:00,33.738065328577726,-84.42095125719464,1307448046,97366,18.0,18.0,18.0,18.0,18.0,22.0,18.0,22.0,64.0,64.0,64.0,64.0,19.66666666666667,70.9,19.60341666666667,16.27777777777778,0.0
2025-10-17 13:50:58+00:00,33.738067,-84.420965,1307448046,97366,18.0,18.0,18.0,18.0,18.0,22.0,18.0,22.0,64.0,64.0,64.0,64.0,19.66666666666667,70.9,19.60341666666667,16.27777777777778,0.0
2025-10-17 13:50:59+00:00,33.73806953329083,-84.42098428852059,1307448046,97366,18.0,18.0,18.0,18.0,18.0,22.0,18.0,22.0,64.0,64.0,64.0,64.0,19.66666666666667,70.9,19.60341666666667,16.27777777777778,0.0
2025-10-17 13:51:00+00:00,33.73807150570926,-84.4210017199531,1307448046,97366,18.0,18.0,18.0,18.0,18.0,22.0,18.0,22.0,64.0,64.0,64.0,64.0,19.66666666666667,70.9,19.60341666666667,16.27777777777778,0.0
2025-10-17 13:51:01+00:00,33.738073320972646,-84.42101866241137,1307448046,97366,18.0,18.0,18.0,18.0,18.0,22.0,18.0,22.0,64.0,64.0,64.0,64.0,19.833333333333332,71.6,19.78755555555556,16.38888888888889,0.9
2025-10-17 13:51:02+00:00,33.73807512879406,-84.42103346595543,1307448046,97366,18.0,18.0,18.0,18.0,18.0,22.0,18.0,22.0,64.0,64.0,64.0,64.0,19.833333333333332,71.6,19.78755555555556,16.38888888888889,0.9
2025-10-17 13:51:03+00:00,33.73807726952011,-84.42105015616089,1307448046,97366,18.0,18.0,18.0,18.0,18.0,22.0,18.0,22.0,64.0,64.0,64.0,64.0,19.833333333333332,71.6,19.78755555555556,16.38888888888889,0.9
2025-10-17 13:51:04+00:00,33.73807929152137,-84.421066332171,1307448046,97366,18.0,18.0,18.0,18.0,18.0,22.0,18.0,22.0,64.0,64.0,64.0,64.0,19.833333333333332,71.6,19.78755555555556,16.38888888888889,0.9
2025-10-17 13:51:05+00:00,33.738081295340216,-84.42108330365366,1307448046,97366,18.0,18.0,18.0,18.0,18.0,22.0,18.0,22.0,64.0,64.0,64.0,64.0,19.833333333333332,71.6,19.78755555555556,16.38888888888889,0.9
2025-10-17 13:51:06+00:00,33.738083368530134,-84.42109947453507,1307448046,97366,18.0,18.0,18.0,18.0,18.0,22.0,18.0,22.0,64.0,64.0,64.0,64.0,19.833333333333332,72.0,19.792777777777783,16.5,0.0
2025-10-17 13:51:07+00:00,33.738085512929516,-84.42111620085022,1307448046,97366,18.0,18.0,18.0,18.0,18.0,22.0,18.0,22.0,64.0,64.0,64.0,64.0,19.833333333333332,72.0,19.792777777777783,16.5,0.0
2025-10-17 13:51:08+00:00,33.7380871929395,-84.4211293049281,1307448046,97366,16.0,16.0,16.0,16.0,19.0,23.0,19.0,23.0,60.0,60.0,66.0,66.0,19.833333333333332,72.0,19.792777777777783,16.5,0.0
2025-10-17 13:51:10+00:00,33.73808918758304,-84.42114486314776,1307448046,97366,16.0,16.0,16.0,16.0,19.0,23.0,19.0,23.0,60.0,60.0,66.0,66.0,19.833333333333332,72.0,19.792777777777783,16.5,0.0
2025-10-17 13:51:12+00:00,33.73809126289842,-84.42116105060768,1307448046,97366,16.0,16.0,16.0,16.0,19.0,23.0,19.0,23.0,60.0,60.0,66.0,66.0,19.833333333333332,71.9,19.791472222222225,16.38888888888889,1.1
2025-10-17 13:51:13+00:00,33.738092820264285,-84.42117319806145,1307448046,97366,16.0,16.0,16.0,16.0,19.0,23.0,19.0,23.0,60.0,60.0,66.0,66.0,19.833333333333332,71.9,19.791472222222225,16.38888888888889,1.1
2025-10-17 13:51:14+00:00,33.73809515035467,-84.4211913727664,1307448046,97366,16.0,16.0,16.0,16.0,19.0,23.0,19.0,23.0,60.0,60.0,66.0,66.0,19.833333333333332,71.9,19.791472222222225,16.38888888888889,1.1
2025-10-17 13:51:15+00:00,33.738097,-84.421213,1307448046,97365,16.0,16.0,16.0,16.0,19.0,23.0,19.0,23.0,60.0,60.0,66.0,66.0,19.833333333333332,71.9,19.791472222222225,16.38888888888889,1.1
2025-10-17 13:51:16+00:00,33.73810053321326,-84.42123897665711,1307448046,97364,16.0,16.0,16.0,16.0,19.0,23.0,19.0,23.0,60.0,60.0,66.0,66.0,20.055555555555554,71.6,20.020888888888887,16.61111111111111,0.0
2025-10-17 13:51:17+00:00,33.73810296282032,-84.42126165298966,1307448046,97364,16.0,16.0,16.0,16.0,19.0,23.0,19.0,23.0,60.0,60.0,66.0,66.0,20.055555555555554,71.6,20.020888888888887,16.61111111111111,0.0
2025-10-17 13:51:18+00:00,33.73810511664977,-84.4212798165484,1307448046,97364,16.0,16.0,16.0,16.0,19.0,23.0,19.0,23.0,60.0,60.0,66.0,66.0,20.055555555555554,71.6,20.020888888888887,16.61111111111111,0.0
2025-10-17 13:51:19+00:00,33.73810775471788,-84.42129828302518,1307448046,97364,16.0,16.0,16.0,16.0,19.0,23.0,19.0,23.0,60.0,60.0,66.0,66.0,20.055555555555554,71.6,20.020888888888887,16.61111111111111,0.0
2025-10-17 13:51:20+00:00,33.73811,-84.421317,1307448046,97364,16.0,16.0,16.0,16.0,19.0,23.0,19.0,23.0,60.0,60.0,66.0,66.0,20.055555555555554,71.6,20.020888888888887,16.61111111111111,0.0
2025-10-17 13:51:21+00:00,33.7381124780913,-84.42133341596691,1307448046,97364,16.0,16.0,16.0,16.0,19.0,23.0,19.0,23.0,60.0,60.0,66.0,66.0,20.222222222222225,71.6,20.19588888888889,16.77777777777778,0.0
2025-10-17 13:51:22+00:00,33.73811428875541,-84.42134862554546,1307448046,97364,16.0,16.0,16.0,16.0,19.0,23.0,19.0,23.0,60.0,60.0,66.0,66.0,20.222222222222225,71.6,20.19588888888889,16.77777777777778,0.0
2025-10-17 13:51:23+00:00,33.738116019276845,-84.4213631619255,1307448046,97364,17.0,17.0,17.0,17.0,19.0,21.0,19.0,21.0,62.0,62.0,66.0,66.0,20.222222222222225,71.6,20.19588888888889,16.77777777777778,0.0
2025-10-17 13:51:24+00:00,33.73811766342303,-84.42137697275344,1307448046,97364,17.0,17.0,17.0,17.0,19.0,21.0,19.0,21.0,62.0,62.0,66.0,66.0,20.222222222222225,71.6,20.19588888888889,16.77777777777778,0.0
2025-10-17 13:51:25+00:00,33.73811927998418,-84.42139055186709,1307448046,97364,17.0,17.0,17.0,17.0,19.0,21.0,19.0,21.0,62.0,62.0,66.0,66.0,20.222222222222225,71.6,20.19588888888889,16.77777777777778,0.0
2025-10-17 13:51:26+00:00,33.738120839442466,-84.42140365131672,1307448046,97364,17.0,17.0,17.0,17.0,19.0,21.0,19.0,21.0,62.0,62.0,66.0,66.0,20.33333333333333,71.6,20.31255555555556,16.88888888888889,0.9
2025-10-17 13:51:27+00:00,33.73812230822179,-84.42141598906301,1307448046,97364,17.0,17.0,17.0,17.0,19.0,21.0,19.0,21.0,62.0,62.0,66.0,66.0,20.33333333333333,71.6,20.31255555555556,16.88888888888889,0.9
2025-10-17 13:51:28+00:00,33.73812379610748,-84.42142848730285,1307448046,97364,17.0,17.0,17.0,17.0,19.0,21.0,19.0,21.0,62.0,62.0,66.0,66.0,20.33333333333333,71.6,20.31255555555556,16.88888888888889,0.9
2025-10-17 13:51:29+00:00,33.73812536053642,-84.42144162850592,1307448046,97364,17.0,17.0,17.0,17.0,19.0,21.0,19.0,21.0,62.0,62.0,66.0,66.0,20.33333333333333,71.6,20.31255555555556,16.88888888888889,0.9
2025-10-17 13:51:30+00:00,33.738127,-84.421458,1307448046,97363,17.0,17.0,17.0,17.0,19.0,21.0,19.0,21.0,62.0,62.0,66.0,66.0,20.33333333333333,71.6,20.31255555555556,16.88888888888889,0.9
2025-10-17 13:51:31+00:00,33.73812800443641,-84.42146553327312,1307448046,97363,17.0,17.0,17.0,17.0,19.0,21.0,19.0,21.0,62.0,62.0,66.0,66.0,20.500000000000004,71.2,20.482333333333333,17.0,0.0
2025-10-17 13:51:32+00:00,33.738129,-84.421473,1307448046,97363,17.0,17.0,17.0,17.0,19.0,21.0,19.0,21.0,62.0,62.0,66.0,66.0,20.500000000000004,71.2,20.482333333333333,17.0,0.0
2025-10-17 13:51:33+00:00,33.738131417560716,-84.42148934048576,1307448046,97362,17.0,17.0,17.0,17.0,19.0,21.0,19.0,21.0,62.0,62.0,66.0,66.0,20.500000000000004,71.2,20.482333333333333,17.0,0.0
2025-10-17 13:51:34+00:00,33.738133290490595,-84.42150490490599,1307448046,97362,17.0,17.0,17.0,17.0,19.0,21.0,19.0,21.0,62.0,62.0,66.0,66.0,20.500000000000004,71.2,20.482333333333333,17.0,0.0
2025-10-17 13:51:35+00:00,33.7381347612977,-84.421519612977,1307448046,97362,17.0,17.0,17.0,17.0,19.0,21.0,19.0,21.0,62.0,62.0,66.0,66.0,20.500000000000004,71.2,20.482333333333333,17.0,0.0
2025-10-17 13:51:36+00:00,33.738136350024924,-84.42153313770565,1307448046,97362,17.0,17.0,17.0,17.0,19.0,21.0,19.0,21.0,62.0,62.0,66.0,66.0,20.555555555555557,70.8,20.53544444444444,17.0,0.0
2025-10-17 13:51:37+00:00,33.738138239638175,-84.42154872701497,1307448046,97362,17.0,17.0,17.0,17.0,19.0,21.0,19.0,21.0,62.0,62.0,66.0,66.0,20.555555555555557,70.8,20.53544444444444,17.0,0.0
2025-10-17 13:51:38+00:00,33.738140456890015,-84.4215636551201,1307448046,97362,16.0,16.0,16.0,16.0,20.0,21.0,20.0,21.0,60.0,60.0,68.0,68.0,20.555555555555557,70.8,20.53544444444444,17.0,0.0
2025-10-17 13:51:39+00:00,33.7381423749806,-84.42157964150239,1307448046,97362,16.0,16.0,16.0,16.0,20.0,21.0,20.0,21.0,60.0,60.0,68.0,68.0,20.555555555555557,70.8,20.53544444444444,17.0,0.0
2025-10-17 13:51:40+00:00,33.738144344589436,-84.42159631752388,1307448046,97362,16.0,16.0,16.0,16.0,20.0,21.0,20.0,21.0,60.0,60.0,68.0,68.0,20.555555555555557,70.8,20.53544444444444,17.0,0.0
2025-10-17 13:51:41+00:00,33.738146423895365,-84.42161392231414,1307448046,97362,16.0,16.0,16.0,16.0,20.0,21.0,20.0,21.0,60.0,60.0,68.0,68.0,20.555555555555557,70.3,20.528916666666664,17.0,0.9
2025-10-17 13:51:42+00:00,33.73814854742195,-84.42163190150585,1307448046,97362,16.0,16.0,16.0,16.0,20.0,21.0,20.0,21.0,60.0,60.0,68.0,68.0,20.555555555555557,70.3,20.528916666666664,17.0,0.9
2025-10-17 13:51:43+00:00,33.73815067415546,-84.42164990784961,1307448046,97362,16.0,16.0,16.0,16.0,20.0,21.0,20.0,21.0,60.0,60.0,68.0,68.0,20.555555555555557,70.3,20.528916666666664,17.0,0.9
2025-10-17 13:51:44+00:00,33.73815263252932,-84.4216664887483,1307448046,97362,16.0,16.0,16.0,16.0,20.0,21.0,20.0,21.0,60.0,60.0,68.0,68.0,20.555555555555557,70.3,20.528916666666664,17.0,0.9
2025-10-17 13:51:45+00:00,33.73815450680121,-84.42168235758362,1307448046,97362,16.0,16.0,16.0,16.0,20.0,21.0,20.0,21.0,60.0,60.0,68.0,68.0,20.555555555555557,70.3,20.528916666666664,17.0,0.9
2025-10-17 13:51:46+00:00,33.738156,-84.421695,1307448046,97362,16.0,16.0,16.0,16.0,20.0,21.0,20.0,21.0,60.0,60.0,68.0,68.0,20.611111111111107,69.6,20.578111111111102,16.88888888888889,0.0
2025-10-17 13:51:47+00:00,33.73815867412733,-84.4217113930186,1307448046,97362,16.0,16.0,16.0,16.0,20.0,21.0,20.0,21.0,60.0,60.0,68.0,68.0,20.611111111111107,69.6,20.578111111111102,16.88888888888889,0.0
2025-10-17 13:51:48+00:00,33.73816048440529,-84.42172611744495,1307448046,97362,16.0,16.0,16.0,16.0,20.0,21.0,20.0,21.0,60.0,60.0,68.0,68.0,20.611111111111107,69.6,20.578111111111102,16.88888888888889,0.0
2025-10-17 13:51:49+00:00,33.738162,-84.421739,1307448046,97362,16.0,16.0,16.0,16.0,20.0,21.0,20.0,21.0,60.0,60.0,68.0,68.0,20.611111111111107,69.6,20.578111111111102,16.88888888888889,0.0
2025-10-17 13:51:50+00:00,33.73816351480997,-84.42175149718224,1307448046,97362,16.0,16.0,16.0,16.0,20.0,21.0,20.0,21.0,60.0,60.0,68.0,68.0,20.611111111111107,69.6,20.578111111111102,16.88888888888889,0.0
2025-10-17 13:51:51+00:00,33.73816485167527,-84.42176252632102,1307448046,97362,16.0,16.0,16.0,16.0,20.0,21.0,20.0,21.0,60.0,60.0,68.0,68.0,20.666666666666668,69.4,20.633833333333328,16.88888888888889,0.9
2025-10-17 13:51:52+00:00,33.73816634812894,-84.42177501711751,1307448046,97362,16.0,16.0,16.0,16.0,20.0,21.0,20.0,21.0,60.0,60.0,68.0,68.0,20.666666666666668,69.4,20.633833333333328,16.88888888888889,0.9
2025-10-17 13:51:53+00:00,33.738167871072264,-84.42178821595964,1307448046,97362,21.0,22.0,21.0,22.0,21.0,22.0,21.0,22.0,70.0,70.0,70.0,70.0,20.666666666666668,69.4,20.633833333333328,16.88888888888889,0.9
2025-10-17 13:51:54+00:00,33.738169,-84.421801,1307448046,97362,21.0,22.0,21.0,22.0,21.0,22.0,21.0,22.0,70.0,70.0,70.0,70.0,20.666666666666668,69.4,20.633833333333328,16.88888888888889,0.9
2025-10-17 13:51:55+00:00,33.73817189916891,-84.42181924376685,1307448046,97362,21.0,22.0,21.0,22.0,21.0,22.0,21.0,22.0,70.0,70.0,70.0,70.0,20.666666666666668,69.4,20.633833333333328,16.88888888888889,0.9
2025-10-17 13:51:56+00:00,33.73817419362351,-84.421837792724,1307448046,97362,21.0,22.0,21.0,22.0,21.0,22.0,21.0,22.0,70.0,70.0,70.0,70.0,20.666666666666668,69.5,20.635138888888886,16.88888888888889,1.0
2025-10-17 13:51:57+00:00,33.73817636424742,-84.42185539889576,1307448046,97362,21.0,22.0,21.0,22.0,21.0,22.0,21.0,22.0,70.0,70.0,70.0,70.0,20.666666666666668,69.5,20.635138888888886,16.88888888888889,1.0
2025-10-17 13:51:58+00:00,33.73817842598429,-84.4218721218726,1307448046,97362,21.0,22.0,21.0,22.0,21.0,22.0,21.0,22.0,70.0,70.0,70.0,70.0,20.666666666666668,69.5,20.635138888888886,16.88888888888889,1.0
2025-10-17 13:51:59+00:00,33.73818042995293,-84.4218883762849,1307448046,97362,21.0,22.0,21.0,22.0,21.0,22.0,21.0,22.0,70.0,70.0,70.0,70.0,20.666666666666668,69.5,20.635138888888886,16.88888888888889,1.0
2025-10-17 13:52:00+00:00,33.73818243359801,-84.4219047555037,1307448046,97361,21.0,22.0,21.0,22.0,21.0,22.0,21.0,22.0,70.0,70.0,70.0,70.0,20.666666666666668,69.5,20.635138888888886,16.88888888888889,1.0
2025-10-17 13:52:01+00:00,33.738184466253145,-84.42192142327579,1307448046,97361,21.0,22.0,21.0,22.0,21.0,22.0,21.0,22.0,70.0,70.0,70.0,70.0,20.555555555555557,69.6,20.519777777777776,16.77777777777778,1.7
2025-10-17 13:52:02+00:00,33.738186,-84.42194,1307448046,97361,21.0,22.0,21.0,22.0,21.0,22.0,21.0,22.0,70.0,70.0,70.0,70.0,20.555555555555557,69.6,20.519777777777776,16.77777777777778,1.7
2025-10-17 13:52:03+00:00,33.73818779304744,-84.42195075828464,1307448046,97361,21.0,22.0,21.0,22.0,21.0,22.0,21.0,22.0,70.0,70.0,70.0,70.0,20.555555555555557,69.6,20.519777777777776,16.77777777777778,1.7
2025-10-17 13:52:04+00:00,33.738189,-84.421966,1307448046,97360,21.0,22.0,21.0,22.0,21.0,22.0,21.0,22.0,70.0,70.0,70.0,70.0,20.555555555555557,69.6,20.519777777777776,16.77777777777778,1.7
2025-10-17 13:52:05+00:00,33.7381923206514,-84.4219860996302,1307448046,97360,21.0,22.0,21.0,22.0,21.0,22.0,21.0,22.0,70.0,70.0,70.0,70.0,20.555555555555557,69.6,20.519777777777776,16.77777777777778,1.7
2025-10-17 13:52:06+00:00,33.73819388053746,-84.42200117852877,1307448046,97360,21.0,22.0,21.0,22.0,21.0,22.0,21.0,22.0,70.0,70.0,70.0,70.0,20.555555555555557,68.8,20.50933333333333,16.77777777777778,1.2
2025-10-17 13:52:07+00:00,33.738195339671805,-84.42201460415049,1307448046,97359,21.0,22.0,21.0,22.0,21.0,22.0,21.0,22.0,70.0,70.0,70.0,70.0,20.555555555555557,68.8,20.50933333333333,16.77777777777778,1.2
2025-10-17 13:52:08+00:00,33.738197424403914,-84.42203058709669,1307448046,97359,21.0,21.0,21.0,21.0,22.0,23.0,22.0,23.0,70.0,70.0,72.0,72.0,20.555555555555557,68.8,20.50933333333333,16.77777777777778,1.2
2025-10-17 13:52:09+00:00,33.73819982707044,-84.4220466165635,1307448046,97359,21.0,21.0,21.0,21.0,22.0,23.0,22.0,23.0,70.0,70.0,72.0,72.0,20.555555555555557,68.8,20.50933333333333,16.77777777777778,1.2
2025-10-17 13:52:10+00:00,33.7382015958002,-84.42206076640161,1307448046,97359,21.0,21.0,21.0,21.0,22.0,23.0,22.0,23.0,70.0,70.0,72.0,72.0,20.555555555555557,68.8,20.50933333333333,16.77777777777778,1.2
2025-10-17 13:52:11+00:00,33.738203266588016,-84.42207471728322,1307448046,97359,21.0,21.0,21.0,21.0,22.0,23.0,22.0,23.0,70.0,70.0,72.0,72.0,20.555555555555557,68.0,20.498888888888885,16.72222222222222,0.8
2025-10-17 13:52:12+00:00,33.73820482791446,-84.42208792850697,1307448046,97359,21.0,21.0,21.0,21.0,22.0,23.0,22.0,23.0,70.0,70.0,72.0,72.0,20.555555555555557,68.0,20.498888888888885,16.72222222222222,0.8
2025-10-17 13:52:13+00:00,33.73820646412749,-84.42210177338642,1307448046,97359,21.0,21.0,21.0,21.0,22.0,23.0,22.0,23.0,70.0,70.0,72.0,72.0,20.555555555555557,68.0,20.498888888888885,16.72222222222222,0.8
2025-10-17 13:52:14+00:00,33.73820819261699,-84.42211639906685,1307448046,97359,21.0,21.0,21.0,21.0,22.0,23.0,22.0,23.0,70.0,70.0,72.0,72.0,20.555555555555557,68.0,20.498888888888885,16.72222222222222,0.8
2025-10-17 13:52:15+00:00,33.73821004063926,-84.42213203617838,1307448046,97359,21.0,21.0,21.0,21.0,22.0,23.0,22.0,23.0,70.0,70.0,72.0,72.0,20.555555555555557,68.0,20.498888888888885,16.72222222222222,0.8
2025-10-17 13:52:16+00:00,33.7382119507103,-84.42214819831794,1307448046,97359,21.0,21.0,21.0,21.0,22.0,23.0,22.0,23.0,70.0,70.0,72.0,72.0,20.777777777777782,67.6,20.727000000000007,16.77777777777778,1.1
2025-10-17 13:52:17+00:00,33.73821393093534,-84.42216495406825,1307448046,97359,21.0,21.0,21.0,21.0,22.0,23.0,22.0,23.0,70.0,70.0,72.0,72.0,20.777777777777782,67.6,20.727000000000007,16.77777777777778,1.1
2025-10-17 13:52:18+00:00,33.738216,-84.422184,1307448046,97358,21.0,21.0,21.0,21.0,22.0,23.0,22.0,23.0,70.0,70.0,72.0,72.0,20.777777777777782,67.6,20.727000000000007,16.77777777777778,1.1
2025-10-17 13:52:19+00:00,33.738217645470414,-84.42219826074358,1307448046,97358,21.0,21.0,21.0,21.0,22.0,23.0,22.0,23.0,70.0,70.0,72.0,72.0,20.777777777777782,67.6,20.727000000000007,16.77777777777778,1.1
2025-10-17 13:52:20+00:00,33.73821954019583,-84.42221432156664,1307448046,97358,21.0,21.0,21.0,21.0,22.0,23.0,22.0,23.0,70.0,70.0,72.0,72.0,20.777777777777782,67.6,20.727000000000007,16.77777777777778,1.1
2025-10-17 13:52:21+00:00,33.73822157307755,-84.42223027000492,1307448046,97358,21.0,21.0,21.0,21.0,22.0,23.0,22.0,23.0,70.0,70.0,72.0,72.0,20.611111111111107,67.8,20.55461111111111,16.72222222222222,0.9
2025-10-17 13:52:22+00:00,33.7382235212014,-84.42224546537089,1307448046,97358,21.0,21.0,21.0,21.0,22.0,23.0,22.0,23.0,70.0,70.0,72.0,72.0,20.611111111111107,67.8,20.55461111111111,16.72222222222222,0.9
2025-10-17 13:52:23+00:00,33.73822534030772,-84.42225938215407,1307448046,97358,22.0,22.0,22.0,22.0,22.0,25.0,22.0,25.0,72.0,72.0,72.0,72.0,20.611111111111107,67.8,20.55461111111111,16.72222222222222,0.9
2025-10-17 13:52:24+00:00,33.73822754727752,-84.42227565185888,1307448046,97358,22.0,22.0,22.0,22.0,22.0,25.0,22.0,25.0,72.0,72.0,72.0,72.0,20.611111111111107,67.8,20.55461111111111,16.72222222222222,0.9
2025-10-17 13:52:25+00:00,33.738229236652636,-84.4222903665264,1307448046,97358,22.0,22.0,22.0,22.0,22.0,25.0,22.0,25.0,72.0,72.0,72.0,72.0,20.611111111111107,67.8,20.55461111111111,16.72222222222222,0.9
2025-10-17 13:52:26+00:00,33.738230175059854,-84.42229905035913,1307448046,97358,22.0,22.0,22.0,22.0,22.0,25.0,22.0,25.0,72.0,72.0,72.0,72.0,20.555555555555557,67.8,20.496277777777777,16.61111111111111,0.8
2025-10-17 13:52:27+00:00,33.738232392014915,-84.42231560012434,1307448046,97358,22.0,22.0,22.0,22.0,22.0,25.0,22.0,25.0,72.0,72.0,72.0,72.0,20.555555555555557,67.8,20.496277777777777,16.61111111111111,0.8
2025-10-17 13:52:28+00:00,33.738233766346326,-84.42232705288605,1307448046,97358,22.0,22.0,22.0,22.0,22.0,25.0,22.0,25.0,72.0,72.0,72.0,72.0,20.555555555555557,67.8,20.496277777777777,16.61111111111111,0.8
2025-10-17 13:52:29+00:00,33.738235146259925,-84.42233702381947,1307448046,97357,22.0,22.0,22.0,22.0,22.0,25.0,22.0,25.0,72.0,72.0,72.0,72.0,20.555555555555557,67.8,20.496277777777777,16.61111111111111,0.8
2025-10-17 13:52:30+00:00,33.73823698222444,-84.42234987557109,1307448046,97357,22.0,22.0,22.0,22.0,22.0,25.0,22.0,25.0,72.0,72.0,72.0,72.0,20.555555555555557,67.8,20.496277777777777,16.61111111111111,0.8
2025-10-17 13:52:31+00:00,33.73823895672157,-84.42236369705097,1307448046,97357,22.0,22.0,22.0,22.0,22.0,25.0,22.0,25.0,72.0,72.0,72.0,72.0,20.444444444444443,67.6,20.377000000000002,16.5,0.9
2025-10-17 13:52:32+00:00,33.73824112379799,-84.42237886658596,1307448046,97357,22.0,22.0,22.0,22.0,22.0,25.0,22.0,25.0,72.0,72.0,72.0,72.0,20.444444444444443,67.6,20.377000000000002,16.5,0.9
2025-10-17 13:52:33+00:00,33.738243345579065,-84.42239441905348,1307448046,97357,22.0,22.0,22.0,22.0,22.0,25.0,22.0,25.0,72.0,72.0,72.0,72.0,20.444444444444443,67.6,20.377000000000002,16.5,0.9
2025-10-17 13:52:34+00:00,33.73824549887951,-84.42240949215658,1307448046,97357,22.0,22.0,22.0,22.0,22.0,25.0,22.0,25.0,72.0,72.0,72.0,72.0,20.444444444444443,67.6,20.377000000000002,16.5,0.9
2025-10-17 13:52:35+00:00,33.738247,-84.42242,1307448046,97357,22.0,22.0,22.0,22.0,22.0,25.0,22.0,25.0,72.0,72.0,72.0,72.0,20.444444444444443,67.6,20.377000000000002,16.5,0.9
2025-10-17 13:52:36+00:00,33.73824992625562,-84.42243655753373,1307448046,97357,22.0,22.0,22.0,22.0,22.0,25.0,22.0,25.0,72.0,72.0,72.0,72.0,20.444444444444443,67.6,20.377000000000002,16.5,0.9
2025-10-17 13:52:37+00:00,33.738252913527525,-84.42245722174772,1307448046,97357,22.0,22.0,22.0,22.0,22.0,25.0,22.0,25.0,72.0,72.0,72.0,72.0,20.444444444444443,67.6,20.377000000000002,16.5,0.9
2025-10-17 13:52:38+00:00,33.73825476628317,-84.42247107049545,1307448046,97357,21.0,21.0,21.0,21.0,18.5,21.0,18.5,21.0,70.0,70.0,65.0,65.0,20.444444444444443,67.3,20.37308333333333,16.38888888888889,0.8
2025-10-17 13:52:39+00:00,33.73825678038794,-84.42248597487078,1307448046,97357,21.0,21.0,21.0,21.0,18.5,21.0,18.5,21.0,70.0,70.0,65.0,65.0,20.444444444444443,67.3,20.37308333333333,16.38888888888889,0.8
2025-10-17 13:52:40+00:00,33.73825848044667,-84.422497594412,1307448046,97357,21.0,21.0,21.0,21.0,18.5,21.0,18.5,21.0,70.0,70.0,65.0,65.0,20.444444444444443,67.3,20.37308333333333,16.38888888888889,0.8
2025-10-17 13:52:41+00:00,33.73826138618677,-84.42251328540853,1307448046,97357,21.0,21.0,21.0,21.0,18.5,21.0,18.5,21.0,70.0,70.0,65.0,65.0,20.444444444444443,67.3,20.37308333333333,16.38888888888889,0.8
2025-10-17 13:52:42+00:00,33.738263790936735,-84.42253114108875,1307448046,97357,21.0,21.0,21.0,21.0,18.5,21.0,18.5,21.0,70.0,70.0,65.0,65.0,20.444444444444443,67.3,20.37308333333333,16.38888888888889,0.8
2025-10-17 13:52:43+00:00,33.738266,-84.422549,1307448046,97357,21.0,21.0,21.0,21.0,18.5,21.0,18.5,21.0,70.0,70.0,65.0,65.0,20.38888888888889,67.2,20.313444444444443,16.38888888888889,0.9
2025-10-17 13:52:44+00:00,33.738267897333834,-84.42256145125329,1307448046,97357,21.0,21.0,21.0,21.0,18.5,21.0,18.5,21.0,70.0,70.0,65.0,65.0,20.38888888888889,67.2,20.313444444444443,16.38888888888889,0.9
2025-10-17 13:52:45+00:00,33.73827017902748,-84.42257642486786,1307448046,97357,21.0,21.0,21.0,21.0,18.5,21.0,18.5,21.0,70.0,70.0,65.0,65.0,20.38888888888889,67.2,20.313444444444443,16.38888888888889,0.9
2025-10-17 13:52:46+00:00,33.73827236632064,-84.42259077897923,1307448046,97357,21.0,21.0,21.0,21.0,18.5,21.0,18.5,21.0,70.0,70.0,65.0,65.0,20.38888888888889,67.2,20.313444444444443,16.38888888888889,0.9
2025-10-17 13:52:47+00:00,33.73827440962583,-84.4226041881695,1307448046,97357,21.0,21.0,21.0,21.0,18.5,21.0,18.5,21.0,70.0,70.0,65.0,65.0,20.38888888888889,67.2,20.313444444444443,16.38888888888889,0.9
2025-10-17 13:52:48+00:00,33.7382764038946,-84.42261727555834,1307448046,97357,21.0,21.0,21.0,21.0,18.5,21.0,18.5,21.0,70.0,70.0,65.0,65.0,20.38888888888889,67.2,20.313444444444443,16.38888888888889,0.9
2025-10-17 13:52:49+00:00,33.73827850619597,-84.42263107191106,1307448046,97357,21.0,21.0,21.0,21.0,18.5,21.0,18.5,21.0,70.0,70.0,65.0,65.0,20.38888888888889,67.2,20.313444444444443,16.38888888888889,0.9
2025-10-17 13:52:50+00:00,33.73828079186917,-84.42264607164144,1307448046,97357,21.0,21.0,21.0,21.0,18.5,21.0,18.5,21.0,70.0,70.0,65.0,65.0,20.27777777777778,67.3,20.198083333333333,16.38888888888889,1.2
2025-10-17 13:52:51+00:00,33.738283758805636,-84.42266558805636,1307448046,97356,21.0,21.0,21.0,21.0,18.5,21.0,18.5,21.0,70.0,70.0,65.0,65.0,20.27777777777778,67.3,20.198083333333333,16.38888888888889,1.2
2025-10-17 13:52:52+00:00,33.73828521028979,-84.42268312862234,1307448046,97356,21.0,21.0,21.0,21.0,18.5,21.0,18.5,21.0,70.0,70.0,65.0,65.0,20.27777777777778,67.3,20.198083333333333,16.38888888888889,1.2
2025-10-17 13:52:53+00:00,33.738286204159884,-84.42269453119911,1307448046,97356,22.0,23.0,22.0,23.0,17.0,18.0,17.0,18.0,72.0,72.0,62.0,62.0,20.27777777777778,67.3,20.198083333333333,16.38888888888889,1.2
2025-10-17 13:52:54+00:00,33.73828826517579,-84.42271038658212,1307448046,97356,22.0,23.0,22.0,23.0,17.0,18.0,17.0,18.0,72.0,72.0,62.0,62.0,20.27777777777778,67.3,20.198083333333333,16.38888888888889,1.2
2025-10-17 13:52:55+00:00,33.738289906407594,-84.42272515766837,1307448046,97356,22.0,23.0,22.0,23.0,17.0,18.0,17.0,18.0,72.0,72.0,62.0,62.0,20.27777777777778,67.3,20.198083333333333,16.38888888888889,1.2
2025-10-17 13:52:56+00:00,33.73829164861142,-84.42274083750279,1307448046,97356,22.0,23.0,22.0,23.0,17.0,18.0,17.0,18.0,72.0,72.0,62.0,62.0,20.27777777777778,67.3,20.198083333333333,16.38888888888889,1.2
2025-10-17 13:52:57+00:00,33.73829304612512,-84.42275755350148,1307448046,97356,22.0,23.0,22.0,23.0,17.0,18.0,17.0,18.0,72.0,72.0,62.0,62.0,20.27777777777778,67.3,20.198083333333333,16.38888888888889,1.2
2025-10-17 13:52:58+00:00,33.738294,-84.422769,1307448046,97356,22.0,23.0,22.0,23.0,17.0,18.0,17.0,18.0,72.0,72.0,62.0,62.0,20.166666666666668,67.0,20.0775,16.11111111111111,1.5
2025-10-17 13:52:59+00:00,33.738295,-84.422778,1307448046,97355,22.0,23.0,22.0,23.0,17.0,18.0,17.0,18.0,72.0,72.0,62.0,62.0,20.166666666666668,67.0,20.0775,16.11111111111111,1.5
2025-10-17 13:53:00+00:00,33.73829790957675,-84.42279512501788,1307448046,97355,22.0,23.0,22.0,23.0,17.0,18.0,17.0,18.0,72.0,72.0,62.0,62.0,20.166666666666668,67.0,20.0775,16.11111111111111,1.5
2025-10-17 13:53:01+00:00,33.73829988804903,-84.4228106230507,1307448046,97355,22.0,23.0,22.0,23.0,17.0,18.0,17.0,18.0,72.0,72.0,62.0,62.0,20.166666666666668,67.0,20.0775,16.11111111111111,1.5
2025-10-17 13:53:02+00:00,33.7383018656626,-84.422826114357,1307448046,97355,22.0,23.0,22.0,23.0,17.0,18.0,17.0,18.0,72.0,72.0,62.0,62.0,20.11111111111111,66.8,20.016555555555552,16.11111111111111,1.1
2025-10-17 13:53:03+00:00,33.73830395297289,-84.42284167081024,1307448046,97354,22.0,23.0,22.0,23.0,17.0,18.0,17.0,18.0,72.0,72.0,62.0,62.0,20.11111111111111,66.8,20.016555555555552,16.11111111111111,1.1
2025-10-17 13:53:04+00:00,33.73830655315113,-84.42285987205794,1307448046,97354,22.0,23.0,22.0,23.0,17.0,18.0,17.0,18.0,72.0,72.0,62.0,62.0,20.11111111111111,66.8,20.016555555555552,16.11111111111111,1.1
2025-10-17 13:53:05+00:00,33.73830907735983,-84.4228775415188,1307448046,97354,22.0,23.0,22.0,23.0,17.0,18.0,17.0,18.0,72.0,72.0,62.0,62.0,20.11111111111111,66.8,20.016555555555552,16.11111111111111,1.1
2025-10-17 13:53:06+00:00,33.73831134907745,-84.42289344354215,1307448046,97354,22.0,23.0,22.0,23.0,17.0,18.0,17.0,18.0,72.0,72.0,62.0,62.0,20.166666666666668,67.0,20.0775,16.22222222222222,0.8
2025-10-17 13:53:07+00:00,33.738313656607744,-84.42291041701387,1307448046,97354,22.0,23.0,22.0,23.0,17.0,18.0,17.0,18.0,72.0,72.0,62.0,62.0,20.166666666666668,67.0,20.0775,16.22222222222222,0.8
2025-10-17 13:53:08+00:00,33.73831560539853,-84.42292649453792,1307448046,97354,19.0,20.0,19.0,20.0,21.0,21.0,21.0,21.0,66.0,66.0,70.0,70.0,20.166666666666668,67.0,20.0775,16.22222222222222,0.8
2025-10-17 13:53:09+00:00,33.738317,-84.422938,1307448046,97354,19.0,20.0,19.0,20.0,21.0,21.0,21.0,21.0,66.0,66.0,70.0,70.0,20.166666666666668,67.0,20.0775,16.22222222222222,0.8
2025-10-17 13:53:10+00:00,33.738320153157204,-84.42295711038972,1307448046,97353,19.0,20.0,19.0,20.0,21.0,21.0,21.0,21.0,66.0,66.0,70.0,70.0,20.166666666666668,67.0,20.0775,16.22222222222222,0.8
2025-10-17 13:53:11+00:00,33.738322080483755,-84.42297108350722,1307448046,97353,19.0,20.0,19.0,20.0,21.0,21.0,21.0,21.0,66.0,66.0,70.0,70.0,20.166666666666668,67.0,20.0775,16.22222222222222,0.8
2025-10-17 13:53:12+00:00,33.73832393224567,-84.4229845087811,1307448046,97353,19.0,20.0,19.0,20.0,21.0,21.0,21.0,21.0,66.0,66.0,70.0,70.0,20.27777777777778,67.2,20.196777777777772,16.27777777777778,0.8
2025-10-17 13:53:13+00:00,33.73832566004655,-84.4229974503491,1307448046,97353,19.0,20.0,19.0,20.0,21.0,21.0,21.0,21.0,66.0,66.0,70.0,70.0,20.27777777777778,67.2,20.196777777777772,16.27777777777778,0.8
2025-10-17 13:53:14+00:00,33.738327290920914,-84.42300903644639,1307448046,97353,19.0,20.0,19.0,20.0,21.0,21.0,21.0,21.0,66.0,66.0,70.0,70.0,20.27777777777778,67.2,20.196777777777772,16.27777777777778,0.8
2025-10-17 13:53:15+00:00,33.738329,-84.423026,1307448046,97353,19.0,20.0,19.0,20.0,21.0,21.0,21.0,21.0,66.0,66.0,70.0,70.0,20.27777777777778,67.2,20.196777777777772,16.27777777777778,0.8
2025-10-17 13:53:16+00:00,33.73833061068796,-84.42303716743652,1307448046,97353,19.0,20.0,19.0,20.0,21.0,21.0,21.0,21.0,66.0,66.0,70.0,70.0,20.27777777777778,67.2,20.196777777777772,16.27777777777778,0.8
2025-10-17 13:53:17+00:00,33.73833300775844,-84.42305378712518,1307448046,97353,19.0,20.0,19.0,20.0,21.0,21.0,21.0,21.0,66.0,66.0,70.0,70.0,20.27777777777778,67.2,20.196777777777772,16.27777777777778,0.8
2025-10-17 13:53:18+00:00,33.73833541794443,-84.42307049774804,1307448046,97353,19.0,20.0,19.0,20.0,21.0,21.0,21.0,21.0,66.0,66.0,70.0,70.0,20.222222222222225,67.5,20.142361111111118,16.27777777777778,0.0
2025-10-17 13:53:19+00:00,33.73833782598954,-84.42308719352748,1307448046,97353,19.0,20.0,19.0,20.0,21.0,21.0,21.0,21.0,66.0,66.0,70.0,70.0,20.222222222222225,67.5,20.142361111111118,16.27777777777778,0.0
2025-10-17 13:53:20+00:00,33.738340261836896,-84.42310408206916,1307448046,97353,19.0,20.0,19.0,20.0,21.0,21.0,21.0,21.0,66.0,66.0,70.0,70.0,20.222222222222225,67.5,20.142361111111118,16.27777777777778,0.0
2025-10-17 13:53:21+00:00,33.73834269684795,-84.42312096481248,1307448046,97353,19.0,20.0,19.0,20.0,21.0,21.0,21.0,21.0,66.0,66.0,70.0,70.0,20.222222222222225,67.5,20.142361111111118,16.27777777777778,0.0
2025-10-17 13:53:22+00:00,33.73834498460134,-84.42314181521603,1307448046,97352,19.0,20.0,19.0,20.0,21.0,21.0,21.0,21.0,66.0,66.0,70.0,70.0,20.27777777777778,67.6,20.201999999999995,16.38888888888889,0.0
2025-10-17 13:53:23+00:00,33.73834656797607,-84.42315508942772,1307448046,97352,17.0,19.0,17.0,19.0,25.0,26.0,25.0,26.0,62.0,62.0,79.0,79.0,20.27777777777778,67.6,20.201999999999995,16.38888888888889,0.0
2025-10-17 13:53:24+00:00,33.73834904243722,-84.423172905548,1307448046,97352,17.0,19.0,17.0,19.0,25.0,26.0,25.0,26.0,62.0,62.0,79.0,79.0,20.27777777777778,67.6,20.201999999999995,16.38888888888889,0.0
2025-10-17 13:53:25+00:00,33.73835131253131,-84.42318887518783,1307448046,97352,17.0,19.0,17.0,19.0,25.0,26.0,25.0,26.0,62.0,62.0,79.0,79.0,20.27777777777778,67.6,20.201999999999995,16.38888888888889,0.0
2025-10-17 13:53:26+00:00,33.7383542233513,-84.42320767411857,1307448046,97352,17.0,19.0,17.0,19.0,25.0,26.0,25.0,26.0,62.0,62.0,79.0,79.0,20.27777777777778,67.6,20.201999999999995,16.38888888888889,0.0
2025-10-17 13:53:27+00:00,33.73835713113971,-84.42322704911766,1307448046,97352,17.0,19.0,17.0,19.0,25.0,26.0,25.0,26.0,62.0,62.0,79.0,79.0,20.27777777777778,67.6,20.201999999999995,16.38888888888889,0.0
2025-10-17 13:53:28+00:00,33.73835902443182,-84.42324217102274,1307448046,97352,17.0,19.0,17.0,19.0,25.0,26.0,25.0,26.0,62.0,62.0,79.0,79.0,20.33333333333333,67.8,20.262944444444443,16.38888888888889,0.8
2025-10-17 13:53:29+00:00,33.738361,-84.423262,1307448046,97352,17.0,19.0,17.0,19.0,25.0,26.0,25.0,26.0,62.0,62.0,79.0,79.0,20.33333333333333,67.8,20.262944444444443,16.38888888888889,0.8
2025-10-17 13:53:30+00:00,33.738362810142114,-84.42327480029068,1307448046,97352,17.0,19.0,17.0,19.0,25.0,26.0,25.0,26.0,62.0,62.0,79.0,79.0,20.33333333333333,67.8,20.262944444444443,16.38888888888889,0.8
2025-10-17 13:53:31+00:00,33.73836510134152,-84.42329100234363,1307448046,97352,17.0,19.0,17.0,19.0,25.0,26.0,25.0,26.0,62.0,62.0,79.0,79.0,20.33333333333333,67.8,20.262944444444443,16.38888888888889,0.8
2025-10-17 13:53:32+00:00,33.73836731970248,-84.42330668932472,1307448046,97352,17.0,19.0,17.0,19.0,25.0,26.0,25.0,26.0,62.0,62.0,79.0,79.0,20.33333333333333,67.8,20.262944444444443,16.38888888888889,0.8
2025-10-17 13:53:33+00:00,33.738369605831636,-84.42332285552374,1307448046,97352,17.0,19.0,17.0,19.0,25.0,26.0,25.0,26.0,62.0,62.0,79.0,79.0,20.33333333333333,67.8,20.262944444444443,16.38888888888889,0.8
2025-10-17 13:53:34+00:00,33.73837187744014,-84.42333891904099,1307448046,97352,17.0,19.0,17.0,19.0,25.0,26.0,25.0,26.0,62.0,62.0,79.0,79.0,20.33333333333333,67.8,20.262944444444443,16.38888888888889,0.8
2025-10-17 13:53:35+00:00,33.73837397456732,-84.42335374872606,1307448046,97352,17.0,19.0,17.0,19.0,25.0,26.0,25.0,26.0,62.0,62.0,79.0,79.0,20.38888888888889,67.8,20.32127777777778,16.38888888888889,0.8
2025-10-17 13:53:36+00:00,33.73837602359917,-84.42337021239258,1307448046,97351,17.0,19.0,17.0,19.0,25.0,26.0,25.0,26.0,62.0,62.0,79.0,79.0,20.38888888888889,67.8,20.32127777777778,16.38888888888889,0.8
2025-10-17 13:53:37+00:00,33.73837711463476,-84.42337974512591,1307448046,97351,17.0,19.0,17.0,19.0,25.0,26.0,25.0,26.0,62.0,62.0,79.0,79.0,20.38888888888889,67.8,20.32127777777778,16.38888888888889,0.8
2025-10-17 13:53:38+00:00,33.738379,-84.423396,1307448046,97351,18.0,18.0,18.0,18.0,23.0,24.0,23.0,24.0,64.0,64.0,74.0,74.0,20.38888888888889,67.8,20.32127777777778,16.38888888888889,0.8
2025-10-17 13:53:39+00:00,33.73838056071853,-84.423406612886,1307448046,97351,18.0,18.0,18.0,18.0,23.0,24.0,23.0,24.0,64.0,64.0,74.0,74.0,20.38888888888889,67.8,20.32127777777778,16.38888888888889,0.8
2025-10-17 13:53:40+00:00,33.73838251290987,-84.42341988778709,1307448046,97351,18.0,18.0,18.0,18.0,23.0,24.0,23.0,24.0,64.0,64.0,74.0,74.0,20.38888888888889,67.8,20.32127777777778,16.38888888888889,0.8
2025-10-17 13:53:41+00:00,33.73838458929055,-84.42343530361488,1307448046,97351,18.0,18.0,18.0,18.0,23.0,24.0,23.0,24.0,64.0,64.0,74.0,74.0,20.38888888888889,67.8,20.32127777777778,16.38888888888889,0.8
2025-10-17 13:53:42+00:00,33.73838584525846,-84.42344660732616,1307448046,97351,18.0,18.0,18.0,18.0,23.0,24.0,23.0,24.0,64.0,64.0,74.0,74.0,20.38888888888889,67.8,20.32127777777778,16.38888888888889,0.8
2025-10-17 13:53:44+00:00,33.738387335081654,-84.42345901048994,1307448046,97351,18.0,18.0,18.0,18.0,23.0,24.0,23.0,24.0,64.0,64.0,74.0,74.0,20.444444444444443,67.8,20.379611111111114,16.5,0.9
2025-10-17 13:53:50+00:00,33.73838739099211,-84.42345934595265,1307448046,97351,18.0,18.0,18.0,18.0,23.0,24.0,23.0,24.0,64.0,64.0,74.0,74.0,20.444444444444443,67.8,20.379611111111114,16.5,0.0
2025-10-17 13:53:53+00:00,33.73838643717033,-84.42345193453293,1307448046,97351,19.0,19.0,19.0,19.0,20.0,21.0,20.0,21.0,66.0,66.0,68.0,68.0,20.444444444444443,67.3,20.37308333333333,16.38888888888889,0.0
2025-10-17 13:53:57+00:00,33.73838503500325,-84.42343931502923,1307448046,97351,19.0,19.0,19.0,19.0,20.0,21.0,20.0,21.0,66.0,66.0,68.0,68.0,20.500000000000004,66.3,20.41836111111111,16.38888888888889,0.0
2025-10-17 13:54:00+00:00,33.73838499868274,-84.42343898814461,1307448046,97351,19.0,19.0,19.0,19.0,20.0,21.0,20.0,21.0,66.0,66.0,68.0,68.0,20.500000000000004,66.3,20.41836111111111,16.38888888888889,0.0
2025-10-17 13:54:04+00:00,33.73838492638782,-84.42343833749038,1307448046,97351,19.0,19.0,19.0,19.0,20.0,21.0,20.0,21.0,66.0,66.0,68.0,68.0,20.72222222222222,66.0,20.647777777777776,16.5,0.0
2025-10-17 13:54:09+00:00,33.73838311208541,-84.42342396218076,1307448046,97351,20.0,20.0,20.0,20.0,19.0,22.0,19.0,22.0,68.0,68.0,66.0,66.0,21.055555555555557,67.9,21.02258333333334,16.77777777777778,0.0
2025-10-17 13:54:14+00:00,33.73838192415133,-84.42341588422902,1307448046,97351,20.0,20.0,20.0,20.0,19.0,22.0,19.0,22.0,68.0,68.0,66.0,66.0,21.055555555555557,67.9,21.02258333333334,16.77777777777778,0.0
2025-10-17 13:54:30+00:00,33.73838228036474,-84.4234183064802,1307448046,97351,20.0,20.0,20.0,20.0,21.0,24.0,21.0,24.0,68.0,68.0,70.0,70.0,21.833333333333332,67.5,21.834027777777784,17.72222222222222,0.0
2025-10-17 13:54:32+00:00,33.73838352118475,-84.42342674405627,1307448046,97351,20.0,20.0,20.0,20.0,21.0,24.0,21.0,24.0,68.0,68.0,70.0,70.0,22.055555555555557,67.4,22.06605555555555,17.77777777777778,0.0
2025-10-17 13:54:33+00:00,33.738384354647216,-84.42343319182493,1307448046,97351,20.0,20.0,20.0,20.0,21.0,24.0,21.0,24.0,68.0,68.0,70.0,70.0,22.055555555555557,67.4,22.06605555555555,17.77777777777778,0.0
2025-10-17 13:54:34+00:00,33.73838484405436,-84.42343759648922,1307448046,97351,20.0,20.0,20.0,20.0,21.0,24.0,21.0,24.0,68.0,68.0,70.0,70.0,22.055555555555557,67.4,22.06605555555555,17.77777777777778,0.0
2025-10-17 13:54:35+00:00,33.7383852342741,-84.42344110846686,1307448046,97351,20.0,20.0,20.0,20.0,21.0,24.0,21.0,24.0,68.0,68.0,70.0,70.0,22.055555555555557,67.4,22.06605555555555,17.77777777777778,0.0
2025-10-17 13:54:36+00:00,33.73838553266072,-84.42344379394645,1307448046,97351,20.0,20.0,20.0,20.0,21.0,24.0,21.0,24.0,68.0,68.0,70.0,70.0,22.055555555555557,67.4,22.06605555555555,17.77777777777778,0.0
2025-10-17 13:54:37+00:00,33.73838568067316,-84.42344512605843,1307448046,97351,20.0,20.0,20.0,20.0,21.0,24.0,21.0,24.0,68.0,68.0,70.0,70.0,21.944444444444443,66.7,21.940249999999995,17.72222222222222,0.9
2025-10-17 13:54:38+00:00,33.73838585555263,-84.42344669997362,1307448046,97351,20.0,22.0,20.0,22.0,23.0,24.0,23.0,24.0,68.0,68.0,74.0,74.0,21.944444444444443,66.7,21.940249999999995,17.72222222222222,0.9
2025-10-17 13:54:39+00:00,33.738386012880746,-84.4234481159267,1307448046,97351,20.0,22.0,20.0,22.0,23.0,24.0,23.0,24.0,68.0,68.0,74.0,74.0,21.944444444444443,66.7,21.940249999999995,17.72222222222222,0.9
2025-10-17 13:54:40+00:00,33.73838620737575,-84.42344986638172,1307448046,97351,20.0,22.0,20.0,22.0,23.0,24.0,23.0,24.0,68.0,68.0,74.0,74.0,21.944444444444443,66.7,21.940249999999995,17.72222222222222,0.9
2025-10-17 13:54:41+00:00,33.73838635651561,-84.42345120864047,1307448046,97351,20.0,22.0,20.0,22.0,23.0,24.0,23.0,24.0,68.0,68.0,74.0,74.0,21.833333333333332,66.0,21.814444444444447,17.5,1.0
2025-10-17 13:54:42+00:00,33.73838649739322,-84.42345247653894,1307448046,97351,20.0,22.0,20.0,22.0,23.0,24.0,23.0,24.0,68.0,68.0,74.0,74.0,21.833333333333332,66.0,21.814444444444447,17.5,1.0
2025-10-17 13:54:43+00:00,33.73838658010259,-84.42345322092332,1307448046,97351,20.0,22.0,20.0,22.0,23.0,24.0,23.0,24.0,68.0,68.0,74.0,74.0,21.833333333333332,66.0,21.814444444444447,17.5,1.0
2025-10-17 13:54:44+00:00,33.738476333922655,-84.42336,1118729521,91004,20.0,22.0,20.0,22.0,23.0,24.0,23.0,24.0,68.0,68.0,74.0,74.0,21.833333333333332,66.0,21.814444444444447,17.5,1.0
2025-10-17 13:54:45+00:00,33.73848849275735,-84.42336,1118729521,91004,20.0,22.0,20.0,22.0,23.0,24.0,23.0,24.0,68.0,68.0,74.0,74.0,21.833333333333332,66.0,21.814444444444447,17.5,1.0
2025-10-17 13:54:46+00:00,33.7385002872785,-84.42336,1118729521,91004,20.0,22.0,20.0,22.0,23.0,24.0,23.0,24.0,68.0,68.0,74.0,74.0,21.833333333333332,66.0,21.814444444444447,17.5,1.0
2025-10-17 13:54:47+00:00,33.738509954491924,-84.42336,1118729521,91004,20.0,22.0,20.0,22.0,23.0,24.0,23.0,24.0,68.0,68.0,74.0,74.0,21.722222222222218,64.9,21.683416666666663,17.22222222222222,1.6
2025-10-17 13:54:48+00:00,33.73852018368043,-84.42336,1118729521,91004,20.0,22.0,20.0,22.0,23.0,24.0,23.0,24.0,68.0,68.0,74.0,74.0,21.722222222222218,64.9,21.683416666666663,17.22222222222222,1.6
2025-10-17 13:54:49+00:00,33.73853001772006,-84.42336,1118729521,91004,20.0,22.0,20.0,22.0,23.0,24.0,23.0,24.0,68.0,68.0,74.0,74.0,21.722222222222218,64.9,21.683416666666663,17.22222222222222,1.6
2025-10-17 13:54:50+00:00,33.73853939935797,-84.42336,1118729521,91004,20.0,22.0,20.0,22.0,23.0,24.0,23.0,24.0,68.0,68.0,74.0,74.0,21.722222222222218,64.9,21.683416666666663,17.22222222222222,1.6
2025-10-17 13:54:51+00:00,33.73854970442306,-84.42336,1118729521,91004,20.0,22.0,20.0,22.0,23.0,24.0,23.0,24.0,68.0,68.0,74.0,74.0,21.722222222222218,64.9,21.683416666666663,17.22222222222222,1.6
2025-10-17 13:54:52+00:00,33.73856033441609,-84.42336,1118729521,91004,20.0,22.0,20.0,22.0,23.0,24.0,23.0,24.0,68.0,68.0,74.0,74.0,21.722222222222218,64.9,21.683416666666663,17.22222222222222,1.6
2025-10-17 13:54:53+00:00,33.738571604620795,-84.42336,1118729521,91003,20.0,21.0,20.0,21.0,17.0,19.0,17.0,19.0,68.0,68.0,62.0,62.0,21.666666666666668,64.3,21.617249999999995,17.11111111111111,1.0
2025-10-17 13:54:54+00:00,33.73858168786544,-84.42335991382022,1118729521,91003,20.0,21.0,20.0,21.0,17.0,19.0,17.0,19.0,68.0,68.0,62.0,62.0,21.666666666666668,64.3,21.617249999999995,17.11111111111111,1.0
2025-10-17 13:54:55+00:00,33.73859456751099,-84.42335971867408,1118729521,91003,20.0,21.0,20.0,21.0,17.0,19.0,17.0,19.0,68.0,68.0,62.0,62.0,21.666666666666668,64.3,21.617249999999995,17.11111111111111,1.0
2025-10-17 13:54:56+00:00,33.73860826493327,-84.42335951113738,1118729521,91003,20.0,21.0,20.0,21.0,17.0,19.0,17.0,19.0,68.0,68.0,62.0,62.0,21.666666666666668,64.3,21.617249999999995,17.11111111111111,1.0
2025-10-17 13:54:57+00:00,33.73862237048704,-84.42335929741687,1118729521,91003,20.0,21.0,20.0,21.0,17.0,19.0,17.0,19.0,68.0,68.0,62.0,62.0,21.666666666666668,64.3,21.617249999999995,17.11111111111111,1.0
2025-10-17 13:54:58+00:00,33.73863728639269,-84.4233590714183,1118729521,91003,20.0,21.0,20.0,21.0,17.0,19.0,17.0,19.0,68.0,68.0,62.0,62.0,21.666666666666668,64.0,21.61333333333333,17.11111111111111,0.7
2025-10-17 13:54:59+00:00,33.73865421793951,-84.423359,1118729521,91003,20.0,21.0,20.0,21.0,17.0,19.0,17.0,19.0,68.0,68.0,62.0,62.0,21.666666666666668,64.0,21.61333333333333,17.11111111111111,0.7
2025-10-17 13:55:00+00:00,33.73866953001579,-84.423359,1118729521,91003,20.0,21.0,20.0,21.0,17.0,19.0,17.0,19.0,68.0,68.0,62.0,62.0,21.666666666666668,64.0,21.61333333333333,17.11111111111111,0.7
2025-10-17 13:55:01+00:00,33.738684576751766,-84.423359,1118729521,91003,20.0,21.0,20.0,21.0,17.0,19.0,17.0,19.0,68.0,68.0,62.0,62.0,21.666666666666668,64.0,21.61333333333333,17.11111111111111,0.7
2025-10-17 13:55:02+00:00,33.73869896089476,-84.423359,1118729521,91003,20.0,21.0,20.0,21.0,17.0,19.0,17.0,19.0,68.0,68.0,62.0,62.0,21.666666666666668,63.9,21.612027777777772,17.0,1.0
2025-10-17 13:55:03+00:00,33.73871271396963,-84.423359,1118729521,91003,20.0,21.0,20.0,21.0,17.0,19.0,17.0,19.0,68.0,68.0,62.0,62.0,21.666666666666668,63.9,21.612027777777772,17.0,1.0
2025-10-17 13:55:04+00:00,33.738724972880995,-84.42335887977792,1118729521,91003,20.0,21.0,20.0,21.0,17.0,19.0,17.0,19.0,68.0,68.0,62.0,62.0,21.666666666666668,63.9,21.612027777777772,17.0,1.0
2025-10-17 13:55:05+00:00,33.738738612991945,-84.42335864460358,1118729521,91003,20.0,21.0,20.0,21.0,17.0,19.0,17.0,19.0,68.0,68.0,62.0,62.0,21.666666666666668,63.9,21.612027777777772,17.0,1.0
2025-10-17 13:55:06+00:00,33.73875185037041,-84.42335841637292,1118729521,91003,20.0,21.0,20.0,21.0,17.0,19.0,17.0,19.0,68.0,68.0,62.0,62.0,21.666666666666668,63.9,21.612027777777772,17.0,1.0
2025-10-17 13:55:07+00:00,33.73876485206176,-84.42335819220582,1118729521,91003,20.0,21.0,20.0,21.0,17.0,19.0,17.0,19.0,68.0,68.0,62.0,62.0,21.666666666666668,63.9,21.612027777777772,17.11111111111111,1.2
2025-10-17 13:55:08+00:00,33.73877870425507,-84.423358,1118729521,91003,19.0,19.0,19.0,19.0,17.0,17.0,17.0,17.0,66.0,66.0,62.0,62.0,21.666666666666668,63.9,21.612027777777772,17.11111111111111,1.2
2025-10-17 13:55:09+00:00,33.738791635951344,-84.423358,1118729521,91002,19.0,19.0,19.0,19.0,17.0,17.0,17.0,17.0,66.0,66.0,62.0,62.0,21.666666666666668,63.9,21.612027777777772,17.11111111111111,1.2
2025-10-17 13:55:10+00:00,33.738804868270485,-84.423358,1118729521,91002,19.0,19.0,19.0,19.0,17.0,17.0,17.0,17.0,66.0,66.0,62.0,62.0,21.666666666666668,63.9,21.612027777777772,17.11111111111111,1.2
2025-10-17 13:55:11+00:00,33.738895,-84.42343967567156,561725292,42050,19.0,19.0,19.0,19.0,17.0,17.0,17.0,17.0,66.0,66.0,62.0,62.0,21.666666666666668,63.9,21.612027777777772,17.11111111111111,1.2
2025-10-17 13:55:12+00:00,33.738895,-84.4234408714398,561725292,42050,19.0,19.0,19.0,19.0,17.0,17.0,17.0,17.0,66.0,66.0,62.0,62.0,21.722222222222218,64.0,21.67166666666666,17.11111111111111,0.0
2025-10-17 13:55:13+00:00,33.738895,-84.42344191297771,561725292,42050,19.0,19.0,19.0,19.0,17.0,17.0,17.0,17.0,66.0,66.0,62.0,62.0,21.722222222222218,64.0,21.67166666666666,17.11111111111111,0.0
2025-10-17 13:55:14+00:00,33.738895,-84.42344270227395,561725292,42050,19.0,19.0,19.0,19.0,17.0,17.0,17.0,17.0,66.0,66.0,62.0,62.0,21.722222222222218,64.0,21.67166666666666,17.11111111111111,0.0
2025-10-17 13:55:15+00:00,33.738895,-84.42344360552953,561725292,42050,19.0,19.0,19.0,19.0,17.0,17.0,17.0,17.0,66.0,66.0,62.0,62.0,21.722222222222218,64.0,21.67166666666666,17.11111111111111,0.0
2025-10-17 13:55:16+00:00,33.738895,-84.42344469778189,561725292,42050,19.0,19.0,19.0,19.0,17.0,17.0,17.0,17.0,66.0,66.0,62.0,62.0,21.722222222222218,64.0,21.67166666666666,17.11111111111111,0.0
2025-10-17 13:55:17+00:00,33.738895,-84.42344491492531,561725292,42050,19.0,19.0,19.0,19.0,17.0,17.0,17.0,17.0,66.0,66.0,62.0,62.0,21.833333333333332,63.8,21.785722222222226,17.22222222222222,0.8
2025-10-17 13:55:18+00:00,33.738895,-84.42344386597918,561725292,42050,19.0,19.0,19.0,19.0,17.0,17.0,17.0,17.0,66.0,66.0,62.0,62.0,21.833333333333332,63.8,21.785722222222226,17.22222222222222,0.8
2025-10-17 13:55:19+00:00,33.738895,-84.42344292192197,561725292,42050,19.0,19.0,19.0,19.0,17.0,17.0,17.0,17.0,66.0,66.0,62.0,62.0,21.833333333333332,63.8,21.785722222222226,17.22222222222222,0.8
2025-10-17 13:55:20+00:00,33.738895,-84.423442636271,561725292,42050,19.0,19.0,19.0,19.0,17.0,17.0,17.0,17.0,66.0,66.0,62.0,62.0,21.833333333333332,63.8,21.785722222222226,17.22222222222222,0.8
2025-10-17 13:55:21+00:00,33.738895,-84.42344249357936,561725292,42050,19.0,19.0,19.0,19.0,17.0,17.0,17.0,17.0,66.0,66.0,62.0,62.0,21.833333333333332,63.8,21.785722222222226,17.22222222222222,0.8
2025-10-17 13:55:22+00:00,33.738895,-84.42344284471447,561725292,42050,19.0,19.0,19.0,19.0,17.0,17.0,17.0,17.0,66.0,66.0,62.0,62.0,21.833333333333332,63.8,21.785722222222226,17.22222222222222,0.8
2025-10-17 13:55:23+00:00,33.738985587482155,-84.42335696412518,1118729521,91001,19.0,19.0,19.0,19.0,17.0,18.0,17.0,18.0,66.0,66.0,62.0,62.0,21.888888888888893,63.6,21.841444444444452,17.22222222222222,0.0
2025-10-17 13:55:24+00:00,33.73899955113468,-84.42335682448865,1118729521,91001,19.0,19.0,19.0,19.0,17.0,18.0,17.0,18.0,66.0,66.0,62.0,62.0,21.888888888888893,63.6,21.841444444444452,17.22222222222222,0.0
2025-10-17 13:55:25+00:00,33.739012685862285,-84.42335669314137,1118729521,91001,19.0,19.0,19.0,19.0,17.0,18.0,17.0,18.0,66.0,66.0,62.0,62.0,21.888888888888893,63.6,21.841444444444452,17.22222222222222,0.0
2025-10-17 13:55:26+00:00,33.73902510575443,-84.42335656894245,1118729521,91001,19.0,19.0,19.0,19.0,17.0,18.0,17.0,18.0,66.0,66.0,62.0,62.0,21.888888888888893,63.6,21.841444444444452,17.22222222222222,0.0
2025-10-17 13:55:27+00:00,33.73903735572385,-84.42335644644275,1118729521,91001,19.0,19.0,19.0,19.0,17.0,18.0,17.0,18.0,66.0,66.0,62.0,62.0,21.888888888888893,63.6,21.841444444444452,17.22222222222222,0.0
2025-10-17 13:55:28+00:00,33.73904990349725,-84.42335632096503,1118729521,91001,19.0,19.0,19.0,19.0,17.0,18.0,17.0,18.0,66.0,66.0,62.0,62.0,21.888888888888893,63.3,21.83752777777778,17.22222222222222,1.6
2025-10-17 13:55:29+00:00,33.73906218157835,-84.42335619818421,1118729521,91001,19.0,19.0,19.0,19.0,17.0,18.0,17.0,18.0,66.0,66.0,62.0,62.0,21.888888888888893,63.3,21.83752777777778,17.22222222222222,1.6
2025-10-17 13:55:30+00:00,33.73907384235773,-84.42335608157642,1118729521,91001,19.0,19.0,19.0,19.0,17.0,18.0,17.0,18.0,66.0,66.0,62.0,62.0,21.888888888888893,63.3,21.83752777777778,17.22222222222222,1.6
2025-10-17 13:55:31+00:00,33.73908604306674,-84.423356,1118729521,91000,19.0,19.0,19.0,19.0,17.0,18.0,17.0,18.0,66.0,66.0,62.0,62.0,21.888888888888893,63.3,21.83752777777778,17.22222222222222,1.6
2025-10-17 13:55:32+00:00,33.739096283008756,-84.423356,1118729521,91000,19.0,19.0,19.0,19.0,17.0,18.0,17.0,18.0,66.0,66.0,62.0,62.0,21.888888888888893,63.3,21.83752777777778,17.22222222222222,1.6
2025-10-17 13:55:36+00:00,33.73908610718762,-84.423356,1118729521,91000,19.0,19.0,19.0,19.0,17.0,18.0,17.0,18.0,66.0,66.0,62.0,62.0,21.555555555555557,63.0,21.483611111111113,16.77777777777778,1.7
2025-10-17 13:55:37+00:00,33.739069904345975,-84.42335612095654,1118729521,91001,19.0,19.0,19.0,19.0,17.0,18.0,17.0,18.0,66.0,66.0,62.0,62.0,21.444444444444443,62.7,21.36302777777778,16.77777777777778,1.1
2025-10-17 13:55:38+00:00,33.73905354672109,-84.42335628453279,1118729521,91001,18.0,18.0,18.0,18.0,16.0,17.0,16.0,17.0,64.0,64.0,60.0,60.0,21.444444444444443,62.7,21.36302777777778,16.77777777777778,1.1
2025-10-17 13:55:39+00:00,33.739037032196535,-84.42335644967804,1118729521,91001,18.0,18.0,18.0,18.0,16.0,17.0,16.0,17.0,64.0,64.0,60.0,60.0,21.444444444444443,62.7,21.36302777777778,16.77777777777778,1.1
2025-10-17 13:55:40+00:00,33.739021239940556,-84.4233566076006,1118729521,91001,18.0,18.0,18.0,18.0,16.0,17.0,16.0,17.0,64.0,64.0,60.0,60.0,21.444444444444443,62.7,21.36302777777778,16.77777777777778,1.1
2025-10-17 13:55:41+00:00,33.73900578737255,-84.42335676212628,1118729521,91001,18.0,18.0,18.0,18.0,16.0,17.0,16.0,17.0,64.0,64.0,60.0,60.0,21.555555555555557,62.7,21.479694444444444,16.77777777777778,1.2
2025-10-17 13:55:42+00:00,33.738895,-84.42345434800951,561725292,42050,18.0,18.0,18.0,18.0,16.0,17.0,16.0,17.0,64.0,64.0,60.0,60.0,21.555555555555557,62.7,21.479694444444444,16.77777777777778,1.2
2025-10-17 13:55:43+00:00,33.738895,-84.4234552625282,561725292,42050,18.0,18.0,18.0,18.0,16.0,17.0,16.0,17.0,64.0,64.0,60.0,60.0,21.555555555555557,62.7,21.479694444444444,16.77777777777778,1.2
2025-10-17 13:55:44+00:00,33.738895,-84.4234551786799,561725292,42050,18.0,18.0,18.0,18.0,16.0,17.0,16.0,17.0,64.0,64.0,60.0,60.0,21.555555555555557,62.7,21.479694444444444,16.77777777777778,1.2
2025-10-17 13:55:45+00:00,33.738895,-84.42345368594604,561725292,42050,18.0,18.0,18.0,18.0,16.0,17.0,16.0,17.0,64.0,64.0,60.0,60.0,21.555555555555557,62.7,21.479694444444444,16.77777777777778,1.2
2025-10-17 13:55:46+00:00,33.738895,-84.42345235464704,561725292,42050,18.0,18.0,18.0,18.0,16.0,17.0,16.0,17.0,64.0,64.0,60.0,60.0,21.555555555555557,62.7,21.479694444444444,16.77777777777778,1.2
2025-10-17 13:55:47+00:00,33.738895,-84.42345143506029,561725292,42050,18.0,18.0,18.0,18.0,16.0,17.0,16.0,17.0,64.0,64.0,60.0,60.0,21.38888888888889,62.4,21.300777777777775,16.61111111111111,3.6
2025-10-17 13:55:48+00:00,33.738895,-84.42345057213386,561725292,42050,18.0,18.0,18.0,18.0,16.0,17.0,16.0,17.0,64.0,64.0,60.0,60.0,21.38888888888889,62.4,21.300777777777775,16.61111111111111,3.6
2025-10-17 13:55:49+00:00,33.738895,-84.42345037006875,561725292,42050,18.0,18.0,18.0,18.0,16.0,17.0,16.0,17.0,64.0,64.0,60.0,60.0,21.38888888888889,62.4,21.300777777777775,16.61111111111111,3.6
2025-10-17 13:55:50+00:00,33.738895,-84.42344957790733,561725292,42050,18.0,18.0,18.0,18.0,16.0,17.0,16.0,17.0,64.0,64.0,60.0,60.0,21.38888888888889,62.4,21.300777777777775,16.61111111111111,3.6
2025-10-17 13:55:51+00:00,33.738895,-84.4234491034004,561725292,42050,18.0,18.0,18.0,18.0,16.0,17.0,16.0,17.0,64.0,64.0,60.0,60.0,21.38888888888889,62.4,21.300777777777775,16.61111111111111,3.6
2025-10-17 13:55:52+00:00,33.738895,-84.42344975341176,561725292,42050,18.0,18.0,18.0,18.0,16.0,17.0,16.0,17.0,64.0,64.0,60.0,60.0,21.38888888888889,62.4,21.300777777777775,16.61111111111111,3.6
2025-10-17 13:55:53+00:00,33.738895,-84.42345089591062,561725292,42050,21.0,21.0,21.0,21.0,17.0,18.0,17.0,18.0,70.0,70.0,62.0,62.0,21.333333333333336,61.8,21.234611111111114,16.38888888888889,2.5
2025-10-17 13:55:54+00:00,33.738895,-84.42345136730577,561725292,42050,21.0,21.0,21.0,21.0,17.0,18.0,17.0,18.0,70.0,70.0,62.0,62.0,21.333333333333336,61.8,21.234611111111114,16.38888888888889,2.5
2025-10-17 13:55:55+00:00,33.738895,-84.42345112975822,561725292,42050,21.0,21.0,21.0,21.0,17.0,18.0,17.0,18.0,70.0,70.0,62.0,62.0,21.333333333333336,61.8,21.234611111111114,16.38888888888889,2.5
2025-10-17 13:55:56+00:00,33.738801798641816,-84.42354107508488,561725296,42052,21.0,21.0,21.0,21.0,17.0,18.0,17.0,18.0,70.0,70.0,62.0,62.0,21.333333333333336,61.8,21.234611111111114,16.38888888888889,2.5
2025-10-17 13:55:57+00:00,33.73878436882376,-84.423358,1118729521,91003,21.0,21.0,21.0,21.0,17.0,18.0,17.0,18.0,70.0,70.0,62.0,62.0,21.22222222222222,61.1,21.10880555555556,16.27777777777778,3.6
2025-10-17 13:55:58+00:00,33.73877041516545,-84.42335809629024,1118729521,91003,21.0,21.0,21.0,21.0,17.0,18.0,17.0,18.0,70.0,70.0,62.0,62.0,21.22222222222222,61.1,21.10880555555556,16.27777777777778,3.6
2025-10-17 13:55:59+00:00,33.73875715555035,-84.4233583249043,1118729521,91003,21.0,21.0,21.0,21.0,17.0,18.0,17.0,18.0,70.0,70.0,62.0,62.0,21.22222222222222,61.1,21.10880555555556,16.27777777777778,3.6
2025-10-17 13:56:00+00:00,33.73874369052626,-84.42335855705988,1118729521,91003,21.0,21.0,21.0,21.0,17.0,18.0,17.0,18.0,70.0,70.0,62.0,62.0,21.22222222222222,61.1,21.10880555555556,16.27777777777778,3.6
2025-10-17 13:56:01+00:00,33.73873024350359,-84.42335878890512,1118729521,91003,21.0,21.0,21.0,21.0,17.0,18.0,17.0,18.0,70.0,70.0,62.0,62.0,21.22222222222222,61.1,21.10880555555556,16.27777777777778,3.6
2025-10-17 13:56:02+00:00,33.738718,-84.423359,1118729521,91003,21.0,21.0,21.0,21.0,17.0,18.0,17.0,18.0,70.0,70.0,62.0,62.0,20.944444444444443,60.7,20.81191666666667,16.0,3.7
2025-10-17 13:56:03+00:00,33.73870434771313,-84.423359,1118729521,91003,21.0,21.0,21.0,21.0,17.0,18.0,17.0,18.0,70.0,70.0,62.0,62.0,20.944444444444443,60.7,20.81191666666667,16.0,3.7
2025-10-17 13:56:04+00:00,33.73868967624812,-84.423359,1118729521,91003,21.0,21.0,21.0,21.0,17.0,18.0,17.0,18.0,70.0,70.0,62.0,62.0,20.944444444444443,60.7,20.81191666666667,16.0,3.7
2025-10-17 13:56:05+00:00,33.73867466201865,-84.423359,1118729521,91003,21.0,21.0,21.0,21.0,17.0,18.0,17.0,18.0,70.0,70.0,62.0,62.0,20.944444444444443,60.7,20.81191666666667,16.0,3.7
2025-10-17 13:56:06+00:00,33.738660240682265,-84.423359,1118729521,91003,21.0,21.0,21.0,21.0,17.0,18.0,17.0,18.0,70.0,70.0,62.0,62.0,20.944444444444443,60.7,20.81191666666667,16.0,3.7
2025-10-17 13:56:07+00:00,33.7386456206008,-84.423359,1118729521,91003,21.0,21.0,21.0,21.0,17.0,18.0,17.0,18.0,70.0,70.0,62.0,62.0,20.944444444444443,60.7,20.81191666666667,16.0,3.7
2025-10-17 13:56:08+00:00,33.73863009958984,-84.42335918030925,1118729521,91003,21.5,21.5,21.5,21.5,17.0,17.0,17.0,17.0,71.0,71.0,62.0,62.0,20.888888888888886,60.1,20.74575,15.88888888888889,0.0
2025-10-17 13:56:09+00:00,33.73861672011885,-84.42335938302851,1118729521,91003,21.5,21.5,21.5,21.5,17.0,17.0,17.0,17.0,71.0,71.0,62.0,62.0,20.888888888888886,60.1,20.74575,15.88888888888889,0.0
2025-10-17 13:56:10+00:00,33.738603784683285,-84.42335957901996,1118729521,91003,21.5,21.5,21.5,21.5,17.0,17.0,17.0,17.0,71.0,71.0,62.0,62.0,20.888888888888886,60.1,20.74575,15.88888888888889,0.0
2025-10-17 13:56:11+00:00,33.738591333080386,-84.42335976768061,1118729521,91003,21.5,21.5,21.5,21.5,17.0,17.0,17.0,17.0,71.0,71.0,62.0,62.0,20.888888888888886,60.1,20.74575,15.88888888888889,0.0
2025-10-17 13:56:12+00:00,33.73857844126299,-84.42335996301117,1118729521,91003,21.5,21.5,21.5,21.5,17.0,17.0,17.0,17.0,71.0,71.0,62.0,62.0,21.0,59.8,20.8585,15.88888888888889,1.9
2025-10-17 13:56:13+00:00,33.73856601840471,-84.42336,1118729521,91003,21.5,21.5,21.5,21.5,17.0,17.0,17.0,17.0,71.0,71.0,62.0,62.0,21.0,59.8,20.8585,15.88888888888889,1.9
2025-10-17 13:56:14+00:00,33.738552271986855,-84.42336,1118729521,91004,21.5,21.5,21.5,21.5,17.0,17.0,17.0,17.0,71.0,71.0,62.0,62.0,21.0,59.8,20.8585,15.88888888888889,1.9
2025-10-17 13:56:15+00:00,33.73853939314294,-84.42336,1118729521,91004,21.5,21.5,21.5,21.5,17.0,17.0,17.0,17.0,71.0,71.0,62.0,62.0,21.0,59.8,20.8585,15.88888888888889,1.9
2025-10-17 13:56:16+00:00,33.738528546607,-84.42336,1118729521,91004,21.5,21.5,21.5,21.5,17.0,17.0,17.0,17.0,71.0,71.0,62.0,62.0,21.0,59.8,20.8585,15.88888888888889,1.9
2025-10-17 13:56:17+00:00,33.73851895058167,-84.42336,1118729521,91004,21.5,21.5,21.5,21.5,17.0,17.0,17.0,17.0,71.0,71.0,62.0,62.0,21.166666666666664,59.7,21.03219444444444,16.0,2.0
2025-10-17 13:56:18+00:00,33.7385089723596,-84.42336,1118729521,91004,21.5,21.5,21.5,21.5,17.0,17.0,17.0,17.0,71.0,71.0,62.0,62.0,21.166666666666664,59.7,21.03219444444444,16.0,2.0
2025-10-17 13:56:19+00:00,33.73850041676222,-84.42336,1118729521,91004,21.5,21.5,21.5,21.5,17.0,17.0,17.0,17.0,71.0,71.0,62.0,62.0,21.166666666666664,59.7,21.03219444444444,16.0,2.0
2025-10-17 13:56:20+00:00,33.73849151115196,-84.42336,1118729521,91004,21.5,21.5,21.5,21.5,17.0,17.0,17.0,17.0,71.0,71.0,62.0,62.0,21.166666666666664,59.7,21.03219444444444,16.0,2.0
2025-10-17 13:56:21+00:00,33.73838939676411,-84.4234743384381,1307448046,97351,21.5,21.5,21.5,21.5,17.0,17.0,17.0,17.0,71.0,71.0,62.0,62.0,21.166666666666664,59.7,21.03219444444444,16.0,2.0
2025-10-17 13:56:23+00:00,33.73838998640746,-84.42347912495467,1307448046,97351,19.5,20.0,19.5,20.0,17.0,17.0,17.0,17.0,67.0,67.0,62.0,62.0,21.333333333333336,60.0,21.211111111111116,16.22222222222222,0.8
2025-10-17 13:56:29+00:00,33.73838866331764,-84.42346838457851,1307448046,97351,19.5,20.0,19.5,20.0,17.0,17.0,17.0,17.0,67.0,67.0,62.0,62.0,21.333333333333336,60.1,21.212416666666666,16.22222222222222,1.2
2025-10-17 13:56:32+00:00,33.73848522455815,-84.42336,1118729521,91004,19.5,20.0,19.5,20.0,17.0,17.0,17.0,17.0,67.0,67.0,62.0,62.0,21.333333333333336,60.1,21.212416666666666,16.22222222222222,1.2
2025-10-17 13:56:41+00:00,33.73849121729562,-84.42336,1118729521,91004,20.0,20.5,20.0,20.5,17.0,18.0,17.0,18.0,68.0,68.0,62.0,62.0,21.22222222222222,60.7,21.103583333333333,16.27777777777778,1.0
2025-10-17 13:56:44+00:00,33.73848326551716,-84.42336,1118729521,91004,20.0,20.5,20.0,20.5,17.0,18.0,17.0,18.0,68.0,68.0,62.0,62.0,21.333333333333336,60.8,21.221555555555558,16.27777777777778,0.9
2025-10-17 13:56:45+00:00,33.73848087199759,-84.42336,1118729521,91004,20.0,20.5,20.0,20.5,17.0,18.0,17.0,18.0,68.0,68.0,62.0,62.0,21.333333333333336,60.8,21.221555555555558,16.27777777777778,0.9
2025-10-17 13:56:46+00:00,33.7384794729791,-84.42336,1118729521,91004,20.0,20.5,20.0,20.5,17.0,18.0,17.0,18.0,68.0,68.0,62.0,62.0,21.333333333333336,60.8,21.221555555555558,16.27777777777778,0.9
2025-10-17 13:56:47+00:00,33.73847737597315,-84.42336,1118729521,91004,20.0,20.5,20.0,20.5,17.0,18.0,17.0,18.0,68.0,68.0,62.0,62.0,21.333333333333336,61.6,21.232000000000003,16.38888888888889,0.9
2025-10-17 13:56:48+00:00,33.73847511749076,-84.42336,1118729521,91004,20.0,20.5,20.0,20.5,17.0,18.0,17.0,18.0,68.0,68.0,62.0,62.0,21.333333333333336,61.6,21.232000000000003,16.38888888888889,0.9
2025-10-17 13:56:49+00:00,33.73847230714822,-84.42336,1118729521,91004,20.0,20.5,20.0,20.5,17.0,18.0,17.0,18.0,68.0,68.0,62.0,62.0,21.333333333333336,61.6,21.232000000000003,16.38888888888889,0.9
2025-10-17 13:56:50+00:00,33.738468645403735,-84.42336,1118729521,91004,20.0,20.5,20.0,20.5,17.0,18.0,17.0,18.0,68.0,68.0,62.0,62.0,21.333333333333336,61.6,21.232000000000003,16.38888888888889,0.9
2025-10-17 13:56:51+00:00,33.73846467704601,-84.42336,1118729521,91004,20.0,20.5,20.0,20.5,17.0,18.0,17.0,18.0,68.0,68.0,62.0,62.0,21.22222222222222,62.0,21.120555555555555,16.38888888888889,0.0
2025-10-17 13:56:52+00:00,33.738526,-84.423266,561725284,42046,20.0,20.5,20.0,20.5,17.0,18.0,17.0,18.0,68.0,68.0,62.0,62.0,21.22222222222222,62.0,21.120555555555555,16.38888888888889,0.0
2025-10-17 13:56:53+00:00,33.738526,-84.423266,561725284,42046,18.0,19.0,18.0,19.0,17.0,19.5,17.0,19.5,64.0,64.0,62.0,62.0,21.22222222222222,62.0,21.120555555555555,16.38888888888889,0.0
2025-10-17 13:56:54+00:00,33.738526,-84.42325388074659,561725284,42046,18.0,19.0,18.0,19.0,17.0,19.5,17.0,19.5,64.0,64.0,62.0,62.0,21.22222222222222,62.0,21.120555555555555,16.38888888888889,0.0
2025-10-17 13:56:55+00:00,33.738526,-84.42323890982563,561725284,42046,18.0,19.0,18.0,19.0,17.0,19.5,17.0,19.5,64.0,64.0,62.0,62.0,21.22222222222222,62.0,21.120555555555555,16.38888888888889,0.0
2025-10-17 13:56:56+00:00,33.738526,-84.42322461690596,561725284,42046,18.0,19.0,18.0,19.0,17.0,19.5,17.0,19.5,64.0,64.0,62.0,62.0,21.055555555555557,62.3,20.949472222222223,16.27777777777778,1.4
2025-10-17 13:56:57+00:00,33.738448984616554,-84.42313599871804,561725280,42043,18.0,19.0,18.0,19.0,17.0,19.5,17.0,19.5,64.0,64.0,62.0,62.0,21.055555555555557,62.3,20.949472222222223,16.27777777777778,1.4
2025-10-17 13:56:58+00:00,33.73844594961576,-84.42313574580132,561725280,42043,18.0,19.0,18.0,19.0,17.0,19.5,17.0,19.5,64.0,64.0,62.0,62.0,21.055555555555557,62.3,20.949472222222223,16.27777777777778,1.4
2025-10-17 13:56:59+00:00,33.738443770108375,-84.4231355641757,561725280,42043,18.0,19.0,18.0,19.0,17.0,19.5,17.0,19.5,64.0,64.0,62.0,62.0,21.055555555555557,62.3,20.949472222222223,16.27777777777778,1.4
2025-10-17 13:57:00+00:00,33.738442400385686,-84.42313545003215,561725280,42043,18.0,19.0,18.0,19.0,17.0,19.5,17.0,19.5,64.0,64.0,62.0,62.0,21.055555555555557,62.3,20.949472222222223,16.27777777777778,1.4
2025-10-17 13:57:01+00:00,33.73844061372566,-84.4231353011438,561725280,42043,18.0,19.0,18.0,19.0,17.0,19.5,17.0,19.5,64.0,64.0,62.0,62.0,20.944444444444443,62.3,20.832805555555556,16.22222222222222,1.6
2025-10-17 13:57:02+00:00,33.73843831903829,-84.42313510991985,561725280,42043,18.0,19.0,18.0,19.0,17.0,19.5,17.0,19.5,64.0,64.0,62.0,62.0,20.944444444444443,62.3,20.832805555555556,16.22222222222222,1.6
2025-10-17 13:57:03+00:00,33.738436366009715,-84.4231349659145,561725280,42043,18.0,19.0,18.0,19.0,17.0,19.5,17.0,19.5,64.0,64.0,62.0,62.0,20.944444444444443,62.3,20.832805555555556,16.22222222222222,1.6
2025-10-17 13:57:04+00:00,33.73843453855697,-84.42313486766436,561725280,42043,18.0,19.0,18.0,19.0,17.0,19.5,17.0,19.5,64.0,64.0,62.0,62.0,20.944444444444443,62.3,20.832805555555556,16.22222222222222,1.6
2025-10-17 13:57:05+00:00,33.738432046331724,-84.42313473367375,561725280,42043,18.0,19.0,18.0,19.0,17.0,19.5,17.0,19.5,64.0,64.0,62.0,62.0,20.944444444444443,62.3,20.832805555555556,16.22222222222222,1.6
2025-10-17 13:57:06+00:00,33.73842952397453,-84.42313459806314,561725280,42043,18.0,19.0,18.0,19.0,17.0,19.5,17.0,19.5,64.0,64.0,62.0,62.0,20.833333333333332,62.3,20.716138888888892,16.22222222222222,1.6
2025-10-17 13:57:07+00:00,33.73842695291095,-84.42313445983392,561725280,42043,18.0,19.0,18.0,19.0,17.0,19.5,17.0,19.5,64.0,64.0,62.0,62.0,20.833333333333332,62.3,20.716138888888892,16.22222222222222,1.6
2025-10-17 13:57:08+00:00,33.73842481806012,-84.423134345057,561725280,42043,17.0,18.0,17.0,18.0,18.0,18.0,18.0,18.0,62.0,62.0,64.0,64.0,20.833333333333332,62.3,20.716138888888892,16.22222222222222,1.6
2025-10-17 13:57:09+00:00,33.738331439179085,-84.42304291164163,1307448046,97353,17.0,18.0,17.0,18.0,18.0,18.0,18.0,18.0,62.0,62.0,64.0,64.0,20.833333333333332,62.3,20.716138888888892,16.22222222222222,1.6
2025-10-17 13:57:10+00:00,33.738329,-84.423024,1307448046,97353,17.0,18.0,17.0,18.0,18.0,18.0,18.0,18.0,62.0,62.0,64.0,64.0,20.833333333333332,62.3,20.716138888888892,16.22222222222222,1.6
2025-10-17 13:57:11+00:00,33.738328,-84.423014,1307448046,97353,17.0,18.0,17.0,18.0,18.0,18.0,18.0,18.0,62.0,62.0,64.0,64.0,20.777777777777782,62.3,20.657805555555562,16.11111111111111,1.8
2025-10-17 13:57:12+00:00,33.73832677461104,-84.42300542227724,1307448046,97353,17.0,18.0,17.0,18.0,18.0,18.0,18.0,18.0,62.0,62.0,64.0,64.0,20.777777777777782,62.3,20.657805555555562,16.11111111111111,1.8
2025-10-17 13:57:13+00:00,33.738325149737356,-84.42299362303017,1307448046,97353,17.0,18.0,17.0,18.0,18.0,18.0,18.0,18.0,62.0,62.0,64.0,64.0,20.777777777777782,62.3,20.657805555555562,16.11111111111111,1.8
2025-10-17 13:57:14+00:00,33.73832377384638,-84.42298336038627,1307448046,97353,17.0,18.0,17.0,18.0,18.0,18.0,18.0,18.0,62.0,62.0,64.0,64.0,20.777777777777782,62.3,20.657805555555562,16.11111111111111,1.8
2025-10-17 13:57:15+00:00,33.73832212516384,-84.42297140743781,1307448046,97353,17.0,18.0,17.0,18.0,18.0,18.0,18.0,18.0,62.0,62.0,64.0,64.0,20.777777777777782,62.3,20.657805555555562,16.11111111111111,1.8
2025-10-17 13:57:16+00:00,33.738320303862274,-84.42295820300149,1307448046,97353,17.0,18.0,17.0,18.0,18.0,18.0,18.0,18.0,62.0,62.0,64.0,64.0,20.72222222222222,62.4,20.60077777777778,16.0,1.3
2025-10-17 13:57:17+00:00,33.738319,-84.422948,1307448046,97354,17.0,18.0,17.0,18.0,18.0,18.0,18.0,18.0,62.0,62.0,64.0,64.0,20.72222222222222,62.4,20.60077777777778,16.0,1.3
2025-10-17 13:57:18+00:00,33.73831624100948,-84.42293173832819,1307448046,97354,17.0,18.0,17.0,18.0,18.0,18.0,18.0,18.0,62.0,62.0,64.0,64.0,20.72222222222222,62.4,20.60077777777778,16.0,1.3
2025-10-17 13:57:20+00:00,33.73831422687006,-84.42291512167802,1307448046,97354,17.0,18.0,17.0,18.0,18.0,18.0,18.0,18.0,62.0,62.0,64.0,64.0,20.72222222222222,62.4,20.60077777777778,16.0,1.3
2025-10-17 13:57:33+00:00,33.73831549605334,-84.42292559244005,1307448046,97354,20.0,21.0,20.0,21.0,18.5,20.0,18.5,20.0,68.0,68.0,65.0,65.0,20.055555555555554,62.2,19.898166666666665,15.38888888888889,1.8
2025-10-17 13:57:46+00:00,33.73831462591525,-84.4229184138008,1307448046,97354,21.0,21.0,21.0,21.0,24.0,24.5,24.0,24.5,70.0,70.0,77.0,77.0,20.166666666666668,63.3,20.029194444444443,15.666666666666666,0.9
2025-10-17 13:57:48+00:00,33.738312992485916,-84.42290494740142,1307448046,97354,21.0,21.0,21.0,21.0,24.0,24.5,24.0,24.5,70.0,70.0,77.0,77.0,20.166666666666668,63.3,20.029194444444443,15.666666666666666,0.9
2025-10-17 13:57:49+00:00,33.73831128468039,-84.42289299276273,1307448046,97354,21.0,21.0,21.0,21.0,24.0,24.5,24.0,24.5,70.0,70.0,77.0,77.0,20.166666666666668,63.3,20.029194444444443,15.666666666666666,0.9
2025-10-17 13:57:50+00:00,33.7383093690903,-84.42287958363212,1307448046,97354,21.0,21.0,21.0,21.0,24.0,24.5,24.0,24.5,70.0,70.0,77.0,77.0,20.166666666666668,63.3,20.029194444444443,15.666666666666666,0.9
2025-10-17 13:57:51+00:00,33.73830727633273,-84.42286493432914,1307448046,97354,21.0,21.0,21.0,21.0,24.0,24.5,24.0,24.5,70.0,70.0,77.0,77.0,20.27777777777778,63.9,20.15369444444444,15.777777777777779,1.6
2025-10-17 13:57:52+00:00,33.73830506172158,-84.42284943205107,1307448046,97354,21.0,21.0,21.0,21.0,24.0,24.5,24.0,24.5,70.0,70.0,77.0,77.0,20.27777777777778,63.9,20.15369444444444,15.777777777777779,1.6
2025-10-17 13:57:53+00:00,33.73830260769095,-84.4228319269124,1307448046,97355,19.0,19.5,19.0,19.5,22.0,22.5,22.0,22.5,66.0,66.0,72.0,72.0,20.27777777777778,63.9,20.15369444444444,15.777777777777779,1.6
2025-10-17 13:57:54+00:00,33.73830058093959,-84.42281605069341,1307448046,97355,19.0,19.5,19.0,19.5,22.0,22.5,22.0,22.5,66.0,66.0,72.0,72.0,20.27777777777778,63.9,20.15369444444444,15.777777777777779,1.6
2025-10-17 13:57:55+00:00,33.738298586402415,-84.42280042681892,1307448046,97355,19.0,19.5,19.0,19.5,22.0,22.5,22.0,22.5,66.0,66.0,72.0,72.0,20.27777777777778,63.9,20.15369444444444,15.777777777777779,1.6
2025-10-17 13:57:56+00:00,33.73829657255671,-84.42278458045368,1307448046,97355,19.0,19.5,19.0,19.5,22.0,22.5,22.0,22.5,66.0,66.0,72.0,72.0,20.27777777777778,63.9,20.15369444444444,15.777777777777779,1.6
2025-10-17 13:57:57+00:00,33.73829372051248,-84.42276564614974,1307448046,97356,19.0,19.5,19.0,19.5,22.0,22.5,22.0,22.5,66.0,66.0,72.0,72.0,20.27777777777778,63.9,20.15369444444444,15.777777777777779,1.6
2025-10-17 13:57:58+00:00,33.73829248863866,-84.42275035230267,1307448046,97356,19.0,19.5,19.0,19.5,22.0,22.5,22.0,22.5,66.0,66.0,72.0,72.0,20.27777777777778,63.9,20.15369444444444,15.777777777777779,1.6
2025-10-17 13:57:59+00:00,33.73829145316294,-84.42273907846644,1307448046,97356,19.0,19.5,19.0,19.5,22.0,22.5,22.0,22.5,66.0,66.0,72.0,72.0,20.666666666666668,64.8,20.573777777777778,16.11111111111111,0.9
2025-10-17 13:58:00+00:00,33.73828986627276,-84.42272479645484,1307448046,97356,19.0,19.5,19.0,19.5,22.0,22.5,22.0,22.5,66.0,66.0,72.0,72.0,20.666666666666668,64.8,20.573777777777778,16.11111111111111,0.9
2025-10-17 13:58:01+00:00,33.7382884998231,-84.42271249840789,1307448046,97356,19.0,19.5,19.0,19.5,22.0,22.5,22.0,22.5,66.0,66.0,72.0,72.0,20.666666666666668,64.8,20.573777777777778,16.11111111111111,0.9
2025-10-17 13:58:02+00:00,33.73828727850638,-84.42270258879782,1307448046,97356,19.0,19.5,19.0,19.5,22.0,22.5,22.0,22.5,66.0,66.0,72.0,72.0,20.666666666666668,64.8,20.573777777777778,16.11111111111111,0.9
2025-10-17 13:58:03+00:00,33.73828547940412,-84.42268649255148,1307448046,97356,19.0,19.5,19.0,19.5,22.0,22.5,22.0,22.5,66.0,66.0,72.0,72.0,20.666666666666668,64.8,20.573777777777778,16.11111111111111,0.9
2025-10-17 13:58:04+00:00,33.738284582736874,-84.42267528421091,1307448046,97356,19.0,19.5,19.0,19.5,22.0,22.5,22.0,22.5,66.0,66.0,72.0,72.0,20.666666666666668,64.8,20.573777777777778,16.11111111111111,0.9
2025-10-17 13:58:05+00:00,33.73828377765219,-84.42266577652192,1307448046,97356,19.0,19.5,19.0,19.5,22.0,22.5,22.0,22.5,66.0,66.0,72.0,72.0,20.666666666666668,64.8,20.573777777777778,16.11111111111111,0.9
2025-10-17 13:58:06+00:00,33.738283,-84.422658,1307448046,97356,19.0,19.5,19.0,19.5,22.0,22.5,22.0,22.5,66.0,66.0,72.0,72.0,20.666666666666668,64.8,20.573777777777778,16.11111111111111,0.9
2025-10-17 13:58:07+00:00,33.73828026123468,-84.42264258935255,1307448046,97357,19.0,19.5,19.0,19.5,22.0,22.5,22.0,22.5,66.0,66.0,72.0,72.0,20.888888888888886,65.1,20.81102777777777,16.5,0.9
2025-10-17 13:58:08+00:00,33.73827791826919,-84.42262721364156,1307448046,97357,17.0,18.0,17.0,18.0,20.0,21.5,20.0,21.5,62.0,62.0,68.0,68.0,20.888888888888886,65.1,20.81102777777777,16.5,0.9
2025-10-17 13:58:09+00:00,33.73827554415499,-84.42261163351712,1307448046,97357,17.0,18.0,17.0,18.0,20.0,21.5,20.0,21.5,62.0,62.0,68.0,68.0,20.888888888888886,65.1,20.81102777777777,16.5,0.9
2025-10-17 13:58:10+00:00,33.7382731835918,-84.42259614232118,1307448046,97357,17.0,18.0,17.0,18.0,20.0,21.5,20.0,21.5,62.0,62.0,68.0,68.0,20.888888888888886,65.1,20.81102777777777,16.5,0.9
2025-10-17 13:58:11+00:00,33.73827085257118,-84.4225808449984,1307448046,97357,17.0,18.0,17.0,18.0,20.0,21.5,20.0,21.5,62.0,62.0,68.0,68.0,20.888888888888886,65.1,20.81102777777777,16.5,0.9
2025-10-17 13:58:12+00:00,33.73826873953879,-84.42256697822329,1307448046,97357,17.0,18.0,17.0,18.0,20.0,21.5,20.0,21.5,62.0,62.0,68.0,68.0,20.833333333333332,65.2,20.754000000000005,16.5,1.6
2025-10-17 13:58:13+00:00,33.738266790843035,-84.4225541899074,1307448046,97357,17.0,18.0,17.0,18.0,20.0,21.5,20.0,21.5,62.0,62.0,68.0,68.0,20.833333333333332,65.2,20.754000000000005,16.5,1.6
2025-10-17 13:58:14+00:00,33.738265,-84.422539,1307448046,97357,17.0,18.0,17.0,18.0,20.0,21.5,20.0,21.5,62.0,62.0,68.0,68.0,20.833333333333332,65.2,20.754000000000005,16.5,1.6
2025-10-17 13:58:15+00:00,33.738263,-84.422522,1307448046,97357,17.0,18.0,17.0,18.0,20.0,21.5,20.0,21.5,62.0,62.0,68.0,68.0,20.833333333333332,65.2,20.754000000000005,16.5,1.6
2025-10-17 13:58:16+00:00,33.73826261486647,-84.42251992027892,1307448046,97357,17.0,18.0,17.0,18.0,20.0,21.5,20.0,21.5,62.0,62.0,68.0,68.0,20.833333333333332,64.8,20.748777777777782,16.38888888888889,1.1
2025-10-17 13:58:17+00:00,33.73826014195664,-84.42250656656583,1307448046,97357,17.0,18.0,17.0,18.0,20.0,21.5,20.0,21.5,62.0,62.0,68.0,68.0,20.833333333333332,64.8,20.748777777777782,16.38888888888889,1.1
2025-10-17 13:58:18+00:00,33.73825711750243,-84.42248846951793,1307448046,97357,17.0,18.0,17.0,18.0,20.0,21.5,20.0,21.5,62.0,62.0,68.0,68.0,20.833333333333332,64.8,20.748777777777782,16.38888888888889,1.1
2025-10-17 13:58:19+00:00,33.73825503938997,-84.4224730914858,1307448046,97357,17.0,18.0,17.0,18.0,20.0,21.5,20.0,21.5,62.0,62.0,68.0,68.0,20.833333333333332,64.8,20.748777777777782,16.38888888888889,1.1
2025-10-17 13:58:20+00:00,33.73825264518225,-84.42245480664022,1307448046,97357,17.0,18.0,17.0,18.0,20.0,21.5,20.0,21.5,62.0,62.0,68.0,68.0,20.833333333333332,64.8,20.748777777777782,16.38888888888889,1.1
2025-10-17 13:58:21+00:00,33.7382510366839,-84.42244322010336,1307448046,97357,17.0,18.0,17.0,18.0,20.0,21.5,20.0,21.5,62.0,62.0,68.0,68.0,20.944444444444443,64.6,20.862833333333334,16.5,0.9
2025-10-17 13:58:22+00:00,33.738248,-84.422424,1307448046,97357,17.0,18.0,17.0,18.0,20.0,21.5,20.0,21.5,62.0,62.0,68.0,68.0,20.944444444444443,64.6,20.862833333333334,16.5,0.9
2025-10-17 13:58:23+00:00,33.73824504241263,-84.42240629688843,1307448046,97357,16.0,16.0,16.0,16.0,18.0,18.5,18.0,18.5,60.0,60.0,64.0,64.0,20.944444444444443,64.6,20.862833333333334,16.5,0.9
2025-10-17 13:58:24+00:00,33.73824262376984,-84.42238936638888,1307448046,97357,16.0,16.0,16.0,16.0,18.0,18.5,18.0,18.5,60.0,60.0,64.0,64.0,20.944444444444443,64.6,20.862833333333334,16.5,0.9
2025-10-17 13:58:25+00:00,33.738240195691795,-84.42237236984259,1307448046,97357,16.0,16.0,16.0,16.0,18.0,18.5,18.0,18.5,60.0,60.0,64.0,64.0,20.944444444444443,64.6,20.862833333333334,16.5,0.9
2025-10-17 13:58:26+00:00,33.73823777384449,-84.42235541691142,1307448046,97357,16.0,16.0,16.0,16.0,18.0,18.5,18.0,18.5,60.0,60.0,64.0,64.0,21.055555555555557,65.0,20.984722222222228,16.72222222222222,1.0
2025-10-17 13:58:27+00:00,33.73823542531724,-84.42233897722072,1307448046,97357,16.0,16.0,16.0,16.0,18.0,18.5,18.0,18.5,60.0,60.0,64.0,64.0,21.055555555555557,65.0,20.984722222222228,16.72222222222222,1.0
2025-10-17 13:58:28+00:00,33.73823311309485,-84.42232160912377,1307448046,97358,16.0,16.0,16.0,16.0,18.0,18.5,18.0,18.5,60.0,60.0,64.0,64.0,21.055555555555557,65.0,20.984722222222228,16.72222222222222,1.0
2025-10-17 13:58:29+00:00,33.73823139783283,-84.4223073152736,1307448046,97358,16.0,16.0,16.0,16.0,18.0,18.5,18.0,18.5,60.0,60.0,64.0,64.0,21.055555555555557,65.0,20.984722222222228,16.72222222222222,1.0
2025-10-17 13:58:30+00:00,33.73822939297599,-84.42229192975987,1307448046,97358,16.0,16.0,16.0,16.0,18.0,18.5,18.0,18.5,60.0,60.0,64.0,64.0,21.055555555555557,65.0,20.984722222222228,16.72222222222222,1.0
2025-10-17 13:58:31+00:00,33.73822807091447,-84.42228010277299,1307448046,97358,16.0,16.0,16.0,16.0,18.0,18.5,18.0,18.5,60.0,60.0,64.0,64.0,21.055555555555557,65.1,20.986027777777785,16.61111111111111,1.3
2025-10-17 13:58:32+00:00,33.73822655763254,-84.42226790342772,1307448046,97358,16.0,16.0,16.0,16.0,18.0,18.5,18.0,18.5,60.0,60.0,64.0,64.0,21.055555555555557,65.1,20.986027777777785,16.61111111111111,1.3
2025-10-17 13:58:33+00:00,33.7382245493076,-84.42225348459932,1307448046,97358,16.0,16.0,16.0,16.0,18.0,18.5,18.0,18.5,60.0,60.0,64.0,64.0,21.055555555555557,65.1,20.986027777777785,16.61111111111111,1.3
2025-10-17 13:58:34+00:00,33.7382229601232,-84.422241088961,1307448046,97358,16.0,16.0,16.0,16.0,18.0,18.5,18.0,18.5,60.0,60.0,64.0,64.0,21.055555555555557,65.1,20.986027777777785,16.61111111111111,1.3
2025-10-17 13:58:35+00:00,33.73822127977985,-84.42222798228285,1307448046,97358,16.0,16.0,16.0,16.0,18.0,18.5,18.0,18.5,60.0,60.0,64.0,64.0,21.055555555555557,65.1,20.986027777777785,16.61111111111111,1.3
2025-10-17 13:58:36+00:00,33.73821960054633,-84.42221480437064,1307448046,97358,16.0,16.0,16.0,16.0,18.0,18.5,18.0,18.5,60.0,60.0,64.0,64.0,20.944444444444443,64.7,20.86413888888889,16.61111111111111,1.5
2025-10-17 13:58:37+00:00,33.738217958555836,-84.4222009741506,1307448046,97358,16.0,16.0,16.0,16.0,18.0,18.5,18.0,18.5,60.0,60.0,64.0,64.0,20.944444444444443,64.7,20.86413888888889,16.61111111111111,1.5
2025-10-17 13:58:38+00:00,33.738216,-84.422179,1307448046,97358,17.0,18.0,17.0,18.0,16.0,16.5,16.0,16.5,62.0,62.0,60.0,60.0,20.944444444444443,64.7,20.86413888888889,16.61111111111111,1.5
2025-10-17 13:58:39+00:00,33.738216,-84.422179,1307448046,97358,17.0,18.0,17.0,18.0,16.0,16.5,16.0,16.5,62.0,62.0,60.0,60.0,20.944444444444443,64.7,20.86413888888889,16.61111111111111,1.5
2025-10-17 13:58:40+00:00,33.73821330619189,-84.42215966777752,1307448046,97359,17.0,18.0,17.0,18.0,16.0,16.5,16.0,16.5,62.0,62.0,60.0,60.0,20.944444444444443,64.7,20.86413888888889,16.61111111111111,1.5
2025-10-17 13:58:41+00:00,33.73821146098041,-84.42214405444965,1307448046,97359,17.0,18.0,17.0,18.0,16.0,16.5,16.0,16.5,62.0,62.0,60.0,60.0,20.833333333333332,64.4,20.74355555555556,16.38888888888889,1.7
2025-10-17 13:58:42+00:00,33.73820951058884,-84.42212755113634,1307448046,97359,17.0,18.0,17.0,18.0,16.0,16.5,16.0,16.5,62.0,62.0,60.0,60.0,20.833333333333332,64.4,20.74355555555556,16.38888888888889,1.7
2025-10-17 13:58:43+00:00,33.73820749482304,-84.42211049465645,1307448046,97359,17.0,18.0,17.0,18.0,16.0,16.5,16.0,16.5,62.0,62.0,60.0,60.0,20.833333333333332,64.4,20.74355555555556,16.38888888888889,1.7
2025-10-17 13:58:44+00:00,33.73820546211758,-84.42209329484102,1307448046,97359,17.0,18.0,17.0,18.0,16.0,16.5,16.0,16.5,62.0,62.0,60.0,60.0,20.833333333333332,64.4,20.74355555555556,16.38888888888889,1.7
2025-10-17 13:58:45+00:00,33.73820346147702,-84.422076366344,1307448046,97359,17.0,18.0,17.0,18.0,16.0,16.5,16.0,16.5,62.0,62.0,60.0,60.0,20.833333333333332,64.4,20.74355555555556,16.38888888888889,1.7
2025-10-17 13:58:46+00:00,33.73820164752669,-84.42206118021349,1307448046,97359,17.0,18.0,17.0,18.0,16.0,16.5,16.0,16.5,62.0,62.0,60.0,60.0,20.777777777777782,64.2,20.682611111111115,16.38888888888889,1.7
2025-10-17 13:58:47+00:00,33.738199731112346,-84.42204584889879,1307448046,97359,17.0,18.0,17.0,18.0,16.0,16.5,16.0,16.5,62.0,62.0,60.0,60.0,20.777777777777782,64.2,20.682611111111115,16.38888888888889,1.7
2025-10-17 13:58:48+00:00,33.73819757076768,-84.4220317092189,1307448046,97359,17.0,18.0,17.0,18.0,16.0,16.5,16.0,16.5,62.0,62.0,60.0,60.0,20.777777777777782,64.2,20.682611111111115,16.38888888888889,1.7
2025-10-17 13:58:49+00:00,33.73819558499005,-84.42201648492374,1307448046,97359,17.0,18.0,17.0,18.0,16.0,16.5,16.0,16.5,62.0,62.0,60.0,60.0,20.777777777777782,64.2,20.682611111111115,16.38888888888889,1.7
2025-10-17 13:58:50+00:00,33.7381936860878,-84.42199929884872,1307448046,97360,17.0,18.0,17.0,18.0,16.0,16.5,16.0,16.5,62.0,62.0,60.0,60.0,20.777777777777782,64.2,20.682611111111115,16.38888888888889,1.7
2025-10-17 13:58:51+00:00,33.73819213566301,-84.42198431140918,1307448046,97360,17.0,18.0,17.0,18.0,16.0,16.5,16.0,16.5,62.0,62.0,60.0,60.0,20.833333333333332,64.1,20.739638888888887,16.38888888888889,1.1
2025-10-17 13:58:52+00:00,33.73819064189241,-84.42197530405697,1307448046,97360,17.0,18.0,17.0,18.0,16.0,16.5,16.0,16.5,62.0,62.0,60.0,60.0,20.833333333333332,64.1,20.739638888888887,16.38888888888889,1.1
2025-10-17 13:58:53+00:00,33.738189,-84.421958,1307448046,97360,14.0,14.5,14.0,14.5,17.5,19.0,17.5,19.0,55.0,55.0,63.0,63.0,20.833333333333332,64.1,20.739638888888887,16.38888888888889,1.1
2025-10-17 13:58:54+00:00,33.738186,-84.421934,1307448046,97361,14.0,14.5,14.0,14.5,17.5,19.0,17.5,19.0,55.0,55.0,63.0,63.0,20.833333333333332,64.1,20.739638888888887,16.38888888888889,1.1
2025-10-17 13:58:55+00:00,33.73818544766034,-84.4219294708148,1307448046,97361,14.0,14.5,14.0,14.5,17.5,19.0,17.5,19.0,55.0,55.0,63.0,63.0,20.833333333333332,64.1,20.739638888888887,16.38888888888889,1.1
2025-10-17 13:58:56+00:00,33.73818383803665,-84.4219162719005,1307448046,97361,14.0,14.5,14.0,14.5,17.5,19.0,17.5,19.0,55.0,55.0,63.0,63.0,20.833333333333332,64.3,20.74225,16.38888888888889,1.4
2025-10-17 13:58:57+00:00,33.73818210977313,-84.42190210013963,1307448046,97361,14.0,14.5,14.0,14.5,17.5,19.0,17.5,19.0,55.0,55.0,63.0,63.0,20.833333333333332,64.3,20.74225,16.38888888888889,1.4
2025-10-17 13:58:58+00:00,33.73818031510495,-84.42188744474016,1307448046,97362,14.0,14.5,14.0,14.5,17.5,19.0,17.5,19.0,55.0,55.0,63.0,63.0,20.833333333333332,64.3,20.74225,16.38888888888889,1.4
2025-10-17 13:58:59+00:00,33.738178415498425,-84.42187203682056,1307448046,97362,14.0,14.5,14.0,14.5,17.5,19.0,17.5,19.0,55.0,55.0,63.0,63.0,20.833333333333332,64.3,20.74225,16.38888888888889,1.4
2025-10-17 13:59:00+00:00,33.73817649866515,-84.42185648917287,1307448046,97362,14.0,14.5,14.0,14.5,17.5,19.0,17.5,19.0,55.0,55.0,63.0,63.0,20.833333333333332,64.3,20.74225,16.38888888888889,1.4
2025-10-17 13:59:01+00:00,33.73817455827039,-84.42184075041537,1307448046,97362,14.0,14.5,14.0,14.5,17.5,19.0,17.5,19.0,55.0,55.0,63.0,63.0,20.833333333333332,64.3,20.74225,16.38888888888889,0.9
2025-10-17 13:59:02+00:00,33.73817259961809,-84.42182486356897,1307448046,97362,14.0,14.5,14.0,14.5,17.5,19.0,17.5,19.0,55.0,55.0,63.0,63.0,20.833333333333332,64.3,20.74225,16.38888888888889,0.9
2025-10-17 13:59:03+00:00,33.73817068938746,-84.42181017040599,1307448046,97362,14.0,14.5,14.0,14.5,17.5,19.0,17.5,19.0,55.0,55.0,63.0,63.0,20.833333333333332,64.3,20.74225,16.38888888888889,0.9
2025-10-17 13:59:04+00:00,33.73816845945994,-84.42179331531952,1307448046,97362,14.0,14.5,14.0,14.5,17.5,19.0,17.5,19.0,55.0,55.0,63.0,63.0,20.833333333333332,64.3,20.74225,16.38888888888889,0.9
2025-10-17 13:59:05+00:00,33.73816664483861,-84.42177758860129,1307448046,97362,14.0,14.5,14.0,14.5,17.5,19.0,17.5,19.0,55.0,55.0,63.0,63.0,20.833333333333332,64.3,20.74225,16.38888888888889,0.9
2025-10-17 13:59:06+00:00,33.73816488447609,-84.42176279692777,1307448046,97362,14.0,14.5,14.0,14.5,17.5,19.0,17.5,19.0,55.0,55.0,63.0,63.0,20.944444444444443,64.3,20.858916666666662,16.5,2.4
2025-10-17 13:59:07+00:00,33.738163123910304,-84.42174827225999,1307448046,97362,14.0,14.5,14.0,14.5,17.5,19.0,17.5,19.0,55.0,55.0,63.0,63.0,20.944444444444443,64.3,20.858916666666662,16.5,2.4
2025-10-17 13:59:08+00:00,33.73816120759128,-84.42173226452587,1307448046,97362,17.0,17.0,17.0,17.0,21.0,24.0,21.0,24.0,62.0,62.0,70.0,70.0,20.944444444444443,64.3,20.858916666666662,16.5,2.4
2025-10-17 13:59:09+00:00,33.738159384512414,-84.4217170760993,1307448046,97362,17.0,17.0,17.0,17.0,21.0,24.0,21.0,24.0,62.0,62.0,70.0,70.0,20.944444444444443,64.3,20.858916666666662,16.5,2.4
2025-10-17 13:59:10+00:00,33.738157571875135,-84.42170257500106,1307448046,97362,17.0,17.0,17.0,17.0,21.0,24.0,21.0,24.0,62.0,62.0,70.0,70.0,20.944444444444443,64.3,20.858916666666662,16.5,2.4
2025-10-17 13:59:11+00:00,33.738157,-84.421698,1307448046,97362,17.0,17.0,17.0,17.0,21.0,24.0,21.0,24.0,62.0,62.0,70.0,70.0,20.888888888888886,64.2,20.799277777777768,16.38888888888889,2.1
2025-10-17 13:59:12+00:00,33.73815348874248,-84.42167373801972,1307448046,97362,17.0,17.0,17.0,17.0,21.0,24.0,21.0,24.0,62.0,62.0,70.0,70.0,20.888888888888886,64.2,20.799277777777768,16.38888888888889,2.1
2025-10-17 13:59:13+00:00,33.73815189464137,-84.42166024129698,1307448046,97362,17.0,17.0,17.0,17.0,21.0,24.0,21.0,24.0,62.0,62.0,70.0,70.0,20.888888888888886,64.2,20.799277777777768,16.38888888888889,2.1
2025-10-17 13:59:14+00:00,33.73815024413093,-84.42164626697519,1307448046,97362,17.0,17.0,17.0,17.0,21.0,24.0,21.0,24.0,62.0,62.0,70.0,70.0,20.888888888888886,64.2,20.799277777777768,16.38888888888889,2.1
2025-10-17 13:59:15+00:00,33.73814858475282,-84.42163221757389,1307448046,97362,17.0,17.0,17.0,17.0,21.0,24.0,21.0,24.0,62.0,62.0,70.0,70.0,20.888888888888886,64.2,20.799277777777768,16.38888888888889,2.1
2025-10-17 13:59:16+00:00,33.73814700430085,-84.42161883641386,1307448046,97362,17.0,17.0,17.0,17.0,21.0,24.0,21.0,24.0,62.0,62.0,70.0,70.0,20.888888888888886,64.1,20.797972222222217,16.38888888888889,1.3
2025-10-17 13:59:17+00:00,33.73814538060049,-84.42160508908417,1307448046,97362,17.0,17.0,17.0,17.0,21.0,24.0,21.0,24.0,62.0,62.0,70.0,70.0,20.888888888888886,64.1,20.797972222222217,16.38888888888889,1.3
2025-10-17 13:59:18+00:00,33.73814379271064,-84.42159164495008,1307448046,97362,17.0,17.0,17.0,17.0,21.0,24.0,21.0,24.0,62.0,62.0,70.0,70.0,20.888888888888886,64.1,20.797972222222217,16.38888888888889,1.3
2025-10-17 13:59:19+00:00,33.7381422395297,-84.4215784946848,1307448046,97362,17.0,17.0,17.0,17.0,21.0,24.0,21.0,24.0,62.0,62.0,70.0,70.0,20.888888888888886,64.1,20.797972222222217,16.38888888888889,1.3
2025-10-17 13:59:20+00:00,33.73814065428178,-84.42156523425425,1307448046,97362,17.0,17.0,17.0,17.0,21.0,24.0,21.0,24.0,62.0,62.0,70.0,70.0,20.888888888888886,64.1,20.797972222222217,16.38888888888889,1.3
2025-10-17 13:59:21+00:00,33.73814,-84.421558,1307448046,97362,17.0,17.0,17.0,17.0,21.0,24.0,21.0,24.0,62.0,62.0,70.0,70.0,20.777777777777782,64.2,20.682611111111115,16.38888888888889,1.3
2025-10-17 13:59:22+00:00,33.738136794588605,-84.42153680535598,1307448046,97362,17.0,17.0,17.0,17.0,21.0,24.0,21.0,24.0,62.0,62.0,70.0,70.0,20.777777777777782,64.2,20.682611111111115,16.38888888888889,1.3
2025-10-17 13:59:23+00:00,33.738134819283424,-84.42152019283427,1307448046,97362,16.0,17.0,16.0,17.0,22.0,25.0,22.0,25.0,60.0,60.0,72.0,72.0,20.777777777777782,64.2,20.682611111111115,16.38888888888889,1.3
2025-10-17 13:59:24+00:00,33.73813333944121,-84.42150539441214,1307448046,97362,16.0,17.0,16.0,17.0,22.0,25.0,22.0,25.0,60.0,60.0,72.0,72.0,20.777777777777782,64.2,20.682611111111115,16.38888888888889,1.3
2025-10-17 13:59:25+00:00,33.73813180836641,-84.42149246693134,1307448046,97362,16.0,17.0,16.0,17.0,22.0,25.0,22.0,25.0,60.0,60.0,72.0,72.0,20.777777777777782,64.2,20.682611111111115,16.38888888888889,1.3
2025-10-17 13:59:26+00:00,33.73813,-84.421478,1307448046,97362,16.0,17.0,16.0,17.0,22.0,25.0,22.0,25.0,60.0,60.0,72.0,72.0,20.555555555555557,64.2,20.44927777777777,16.22222222222222,1.6
2025-10-17 13:59:27+00:00,33.73812778188457,-84.42146386413431,1307448046,97363,16.0,17.0,16.0,17.0,22.0,25.0,22.0,25.0,60.0,60.0,72.0,72.0,20.555555555555557,64.2,20.44927777777777,16.22222222222222,1.6
2025-10-17 13:59:28+00:00,33.738127,-84.421451,1307448046,97364,16.0,17.0,16.0,17.0,22.0,25.0,22.0,25.0,60.0,60.0,72.0,72.0,20.555555555555557,64.2,20.44927777777777,16.22222222222222,1.6
2025-10-17 13:59:29+00:00,33.73812405859121,-84.42143069216615,1307448046,97364,16.0,17.0,16.0,17.0,22.0,25.0,22.0,25.0,60.0,60.0,72.0,72.0,20.555555555555557,64.2,20.44927777777777,16.22222222222222,1.6
2025-10-17 13:59:30+00:00,33.73812217003873,-84.4214148283253,1307448046,97364,16.0,17.0,16.0,17.0,22.0,25.0,22.0,25.0,60.0,60.0,72.0,72.0,20.555555555555557,64.2,20.44927777777777,16.22222222222222,1.6
2025-10-17 13:59:31+00:00,33.7381203891215,-84.42139986862055,1307448046,97364,16.0,17.0,16.0,17.0,22.0,25.0,22.0,25.0,60.0,60.0,72.0,72.0,20.38888888888889,64.1,20.272972222222222,16.0,1.6
2025-10-17 13:59:32+00:00,33.738118729111584,-84.42138592453728,1307448046,97364,16.0,17.0,16.0,17.0,22.0,25.0,22.0,25.0,60.0,60.0,72.0,72.0,20.38888888888889,64.1,20.272972222222222,16.0,1.6
2025-10-17 13:59:33+00:00,33.73811699423167,-84.42137135154597,1307448046,97364,16.0,17.0,16.0,17.0,22.0,25.0,22.0,25.0,60.0,60.0,72.0,72.0,20.38888888888889,64.1,20.272972222222222,16.0,1.6
2025-10-17 13:59:34+00:00,33.738115258207955,-84.42135676894684,1307448046,97364,16.0,17.0,16.0,17.0,22.0,25.0,22.0,25.0,60.0,60.0,72.0,72.0,20.38888888888889,64.1,20.272972222222222,16.0,1.6
2025-10-17 13:59:35+00:00,33.738113448703345,-84.42134156910808,1307448046,97364,16.0,17.0,16.0,17.0,22.0,25.0,22.0,25.0,60.0,60.0,72.0,72.0,20.38888888888889,64.1,20.272972222222222,16.0,1.6
2025-10-17 13:59:36+00:00,33.73811161453145,-84.42132616206413,1307448046,97364,16.0,17.0,16.0,17.0,22.0,25.0,22.0,25.0,60.0,60.0,72.0,72.0,20.222222222222225,64.2,20.09927777777778,15.777777777777779,1.5
2025-10-17 13:59:37+00:00,33.73811,-84.421314,1307448046,97364,16.0,17.0,16.0,17.0,22.0,25.0,22.0,25.0,60.0,60.0,72.0,72.0,20.222222222222225,64.2,20.09927777777778,15.777777777777779,1.5
2025-10-17 13:59:38+00:00,33.73810809149933,-84.42130064049529,1307448046,97364,15.0,15.0,15.0,15.0,17.0,19.0,17.0,19.0,57.0,57.0,62.0,62.0,20.222222222222225,64.2,20.09927777777778,15.777777777777779,1.5
2025-10-17 13:59:39+00:00,33.73810616117362,-84.42128712821534,1307448046,97364,15.0,15.0,15.0,15.0,17.0,19.0,17.0,19.0,57.0,57.0,62.0,62.0,20.222222222222225,64.2,20.09927777777778,15.777777777777779,1.5
2025-10-17 13:59:40+00:00,33.738104079400124,-84.42127117490104,1307448046,97364,15.0,15.0,15.0,15.0,17.0,19.0,17.0,19.0,57.0,57.0,62.0,62.0,20.222222222222225,64.2,20.09927777777778,15.777777777777779,1.5
2025-10-17 13:59:41+00:00,33.738102509780724,-84.42125742462008,1307448046,97364,15.0,15.0,15.0,15.0,17.0,19.0,17.0,19.0,57.0,57.0,62.0,62.0,20.11111111111111,64.3,19.983916666666662,15.666666666666666,1.2
2025-10-17 13:59:42+00:00,33.738101106380824,-84.42124432622097,1307448046,97364,15.0,15.0,15.0,15.0,17.0,19.0,17.0,19.0,57.0,57.0,62.0,62.0,20.11111111111111,64.3,19.983916666666662,15.666666666666666,1.2
2025-10-17 13:59:43+00:00,33.7381,-84.421234,1307448046,97364,15.0,15.0,15.0,15.0,17.0,19.0,17.0,19.0,57.0,57.0,62.0,62.0,20.11111111111111,64.3,19.983916666666662,15.666666666666666,1.2
2025-10-17 13:59:44+00:00,33.738098,-84.421215,1307448046,97365,15.0,15.0,15.0,15.0,17.0,19.0,17.0,19.0,57.0,57.0,62.0,62.0,20.11111111111111,64.3,19.983916666666662,15.666666666666666,1.2
2025-10-17 13:59:45+00:00,33.738096,-84.421198,1307448046,97365,15.0,15.0,15.0,15.0,17.0,19.0,17.0,19.0,57.0,57.0,62.0,62.0,20.11111111111111,64.3,19.983916666666662,15.666666666666666,1.2
2025-10-17 13:59:46+00:00,33.73809462343548,-84.42118726279678,1307448046,97366,15.0,15.0,15.0,15.0,17.0,19.0,17.0,19.0,57.0,57.0,62.0,62.0,20.166666666666668,64.5,20.044861111111107,15.777777777777779,1.2
2025-10-17 13:59:47+00:00,33.73809253010256,-84.42117093480003,1307448046,97366,15.0,15.0,15.0,15.0,17.0,19.0,17.0,19.0,57.0,57.0,62.0,62.0,20.166666666666668,64.5,20.044861111111107,15.777777777777779,1.2
2025-10-17 13:59:48+00:00,33.73809050219143,-84.42115511709319,1307448046,97366,15.0,15.0,15.0,15.0,17.0,19.0,17.0,19.0,57.0,57.0,62.0,62.0,20.166666666666668,64.5,20.044861111111107,15.777777777777779,1.2
2025-10-17 13:59:49+00:00,33.7380884858157,-84.42113938936245,1307448046,97366,15.0,15.0,15.0,15.0,17.0,19.0,17.0,19.0,57.0,57.0,62.0,62.0,20.166666666666668,64.5,20.044861111111107,15.777777777777779,1.2
2025-10-17 13:59:50+00:00,33.738086461564656,-84.4211236002043,1307448046,97366,15.0,15.0,15.0,15.0,17.0,19.0,17.0,19.0,57.0,57.0,62.0,62.0,20.166666666666668,64.5,20.044861111111107,15.777777777777779,1.2
2025-10-17 13:59:51+00:00,33.73808442376038,-84.42110770533095,1307448046,97366,15.0,15.0,15.0,15.0,17.0,19.0,17.0,19.0,57.0,57.0,62.0,62.0,20.055555555555554,64.8,19.932111111111105,15.666666666666666,1.4
2025-10-17 13:59:52+00:00,33.7380824662653,-84.42109243686929,1307448046,97366,15.0,15.0,15.0,15.0,17.0,19.0,17.0,19.0,57.0,57.0,62.0,62.0,20.055555555555554,64.8,19.932111111111105,15.666666666666666,1.4
2025-10-17 13:59:53+00:00,33.738081,-84.421078,1307448046,97366,16.0,16.0,16.0,16.0,17.0,17.0,17.0,17.0,60.0,60.0,62.0,62.0,20.055555555555554,64.8,19.932111111111105,15.666666666666666,1.4
2025-10-17 13:59:54+00:00,33.73807903581985,-84.42106428655883,1307448046,97366,16.0,16.0,16.0,16.0,17.0,17.0,17.0,17.0,60.0,60.0,62.0,62.0,20.055555555555554,64.8,19.932111111111105,15.666666666666666,1.4
2025-10-17 13:59:55+00:00,33.738077249605524,-84.42104999684422,1307448046,97366,16.0,16.0,16.0,16.0,17.0,17.0,17.0,17.0,60.0,60.0,62.0,62.0,20.055555555555554,64.8,19.932111111111105,15.666666666666666,1.4
2025-10-17 13:59:56+00:00,33.73807545428703,-84.42103590715273,1307448046,97366,16.0,16.0,16.0,16.0,17.0,17.0,17.0,17.0,60.0,60.0,62.0,62.0,20.055555555555554,64.8,19.932111111111105,15.777777777777779,1.5
2025-10-17 13:59:57+00:00,33.73807342678289,-84.42101964997369,1307448046,97366,16.0,16.0,16.0,16.0,17.0,17.0,17.0,17.0,60.0,60.0,62.0,62.0,20.055555555555554,64.8,19.932111111111105,15.777777777777779,1.5
2025-10-17 13:59:58+00:00,33.738071783394176,-84.42100431167898,1307448046,97366,16.0,16.0,16.0,16.0,17.0,17.0,17.0,17.0,60.0,60.0,62.0,62.0,20.055555555555554,64.8,19.932111111111105,15.777777777777779,1.5
2025-10-17 13:59:59+00:00,33.738070058420114,-84.42098883964101,1307448046,97366,16.0,16.0,16.0,16.0,17.0,17.0,17.0,17.0,60.0,60.0,62.0,62.0,20.055555555555554,64.8,19.932111111111105,15.777777777777779,1.5
2025-10-17 14:00:00+00:00,33.73806825859632,-84.42097324116811,1307448046,97366,16.0,16.0,16.0,16.0,17.0,17.0,17.0,17.0,60.0,60.0,62.0,62.0,20.055555555555554,64.8,19.932111111111105,15.777777777777779,1.5
2025-10-17 14:00:01+00:00,33.738066152911415,-84.42095803504942,1307448046,97366,16.0,16.0,16.0,16.0,17.0,17.0,17.0,17.0,60.0,60.0,62.0,62.0,20.055555555555554,64.8,19.932111111111105,15.666666666666666,1.4
2025-10-17 14:00:02+00:00,33.738064191055024,-84.42094190423018,1307448046,97366,16.0,16.0,16.0,16.0,17.0,17.0,17.0,17.0,60.0,60.0,62.0,62.0,20.055555555555554,64.8,19.932111111111105,15.666666666666666,1.4
2025-10-17 14:00:03+00:00,33.738062128970554,-84.42092494931343,1307448046,97366,16.0,16.0,16.0,16.0,17.0,17.0,17.0,17.0,60.0,60.0,62.0,62.0,20.055555555555554,64.8,19.932111111111105,15.666666666666666,1.4
2025-10-17 14:00:04+00:00,33.738060093243135,-84.42090821111022,1307448046,97366,16.0,16.0,16.0,16.0,17.0,17.0,17.0,17.0,60.0,60.0,62.0,62.0,20.055555555555554,64.8,19.932111111111105,15.666666666666666,1.4
2025-10-17 14:00:05+00:00,33.738058143964075,-84.4208921837046,1307448046,97366,16.0,16.0,16.0,16.0,17.0,17.0,17.0,17.0,60.0,60.0,62.0,62.0,20.055555555555554,64.8,19.932111111111105,15.666666666666666,1.4
2025-10-17 14:00:06+00:00,33.7380561574435,-84.42087704921506,1307448046,97367,16.0,16.0,16.0,16.0,17.0,17.0,17.0,17.0,60.0,60.0,62.0,62.0,20.222222222222225,64.8,20.107111111111113,15.88888888888889,1.5
2025-10-17 14:00:07+00:00,33.738054252055,-84.42086262270215,1307448046,97367,16.0,16.0,16.0,16.0,17.0,17.0,17.0,17.0,60.0,60.0,62.0,62.0,20.222222222222225,64.8,20.107111111111113,15.88888888888889,1.5
2025-10-17 14:00:08+00:00,33.73805241207959,-84.42084869145974,1307448046,97367,17.0,17.0,17.0,17.0,21.0,23.0,21.0,23.0,62.0,62.0,70.0,70.0,20.222222222222225,64.8,20.107111111111113,15.88888888888889,1.5
2025-10-17 14:00:09+00:00,33.738051,-84.42083,1307448046,97367,17.0,17.0,17.0,17.0,21.0,23.0,21.0,23.0,62.0,62.0,70.0,70.0,20.222222222222225,64.8,20.107111111111113,15.88888888888889,1.5
2025-10-17 14:00:10+00:00,33.738049678034386,-84.42082140722353,1307448046,97367,17.0,17.0,17.0,17.0,21.0,23.0,21.0,23.0,62.0,62.0,70.0,70.0,20.222222222222225,64.8,20.107111111111113,15.88888888888889,1.5
2025-10-17 14:00:11+00:00,33.73804734386613,-84.42080623512983,1307448046,97367,17.0,17.0,17.0,17.0,21.0,23.0,21.0,23.0,62.0,62.0,70.0,70.0,20.38888888888889,65.1,20.286027777777775,16.11111111111111,1.5
2025-10-17 14:00:12+00:00,33.73804524912699,-84.4207886798612,1307448046,97367,17.0,17.0,17.0,17.0,21.0,23.0,21.0,23.0,62.0,62.0,70.0,70.0,20.38888888888889,65.1,20.286027777777775,16.11111111111111,1.5
2025-10-17 14:00:13+00:00,33.73804371930114,-84.42077529388499,1307448046,97367,17.0,17.0,17.0,17.0,21.0,23.0,21.0,23.0,62.0,62.0,70.0,70.0,20.38888888888889,65.1,20.286027777777775,16.11111111111111,1.5
2025-10-17 14:00:14+00:00,33.738042094081166,-84.42076175264934,1307448046,97367,17.0,17.0,17.0,17.0,21.0,23.0,21.0,23.0,62.0,62.0,70.0,70.0,20.38888888888889,65.1,20.286027777777775,16.11111111111111,1.5
2025-10-17 14:00:15+00:00,33.738040272720845,-84.42074621206123,1307448046,97367,17.0,17.0,17.0,17.0,21.0,23.0,21.0,23.0,62.0,62.0,70.0,70.0,20.38888888888889,65.1,20.286027777777775,16.11111111111111,1.5
2025-10-17 14:00:16+00:00,33.73803876041652,-84.42073209722085,1307448046,97367,17.0,17.0,17.0,17.0,21.0,23.0,21.0,23.0,62.0,62.0,70.0,70.0,20.500000000000004,65.4,20.406611111111115,16.27777777777778,1.3
2025-10-17 14:00:17+00:00,33.73803751103212,-84.42072206619272,1307448046,97367,17.0,17.0,17.0,17.0,21.0,23.0,21.0,23.0,62.0,62.0,70.0,70.0,20.500000000000004,65.4,20.406611111111115,16.27777777777778,1.3
2025-10-17 14:00:18+00:00,33.7380353510626,-84.42070536878417,1307448046,97367,17.0,17.0,17.0,17.0,21.0,23.0,21.0,23.0,62.0,62.0,70.0,70.0,20.500000000000004,65.4,20.406611111111115,16.27777777777778,1.3
2025-10-17 14:00:19+00:00,33.73803369682937,-84.42069169378946,1307448046,97367,17.0,17.0,17.0,17.0,21.0,23.0,21.0,23.0,62.0,62.0,70.0,70.0,20.500000000000004,65.4,20.406611111111115,16.27777777777778,1.3
2025-10-17 14:00:20+00:00,33.7380318707579,-84.4206765982653,1307448046,97367,17.0,17.0,17.0,17.0,21.0,23.0,21.0,23.0,62.0,62.0,70.0,70.0,20.500000000000004,65.4,20.406611111111115,16.27777777777778,1.3
2025-10-17 14:00:21+00:00,33.73802993392391,-84.42066058710435,1307448046,97367,17.0,17.0,17.0,17.0,21.0,23.0,21.0,23.0,62.0,62.0,70.0,70.0,20.611111111111107,65.6,20.525888888888883,16.38888888888889,1.0
2025-10-17 14:00:22+00:00,33.738027872326875,-84.42064354456885,1307448046,97367,17.0,17.0,17.0,17.0,21.0,23.0,21.0,23.0,62.0,62.0,70.0,70.0,20.611111111111107,65.6,20.525888888888883,16.38888888888889,1.0
2025-10-17 14:00:23+00:00,33.73802582580118,-84.4206266266231,1307448046,97367,20.0,20.0,20.0,20.0,20.0,23.0,20.0,23.0,68.0,68.0,68.0,68.0,20.611111111111107,65.6,20.525888888888883,16.38888888888889,1.0
2025-10-17 14:00:25+00:00,33.73802358337196,-84.42060808920823,1307448046,97367,20.0,20.0,20.0,20.0,20.0,23.0,20.0,23.0,68.0,68.0,68.0,68.0,20.611111111111107,65.6,20.525888888888883,16.38888888888889,1.0
2025-10-17 14:00:27+00:00,33.73802045989085,-84.42058495898125,1307448046,97367,20.0,20.0,20.0,20.0,20.0,23.0,20.0,23.0,68.0,68.0,68.0,68.0,20.777777777777782,66.1,20.70741666666667,16.61111111111111,1.3
2025-10-17 14:00:28+00:00,33.73808795293399,-84.420499,9257224,6058,20.0,20.0,20.0,20.0,20.0,23.0,20.0,23.0,68.0,68.0,68.0,68.0,20.777777777777782,66.1,20.70741666666667,16.61111111111111,1.3
2025-10-17 14:00:29+00:00,33.73808594823356,-84.420499,9257224,6058,20.0,20.0,20.0,20.0,20.0,23.0,20.0,23.0,68.0,68.0,68.0,68.0,20.777777777777782,66.1,20.70741666666667,16.61111111111111,1.3
2025-10-17 14:00:30+00:00,33.73808522881711,-84.420499,9257224,6058,20.0,20.0,20.0,20.0,20.0,23.0,20.0,23.0,68.0,68.0,68.0,68.0,20.777777777777782,66.1,20.70741666666667,16.61111111111111,1.3
2025-10-17 14:00:31+00:00,33.73808494441883,-84.420499,9257224,6058,20.0,20.0,20.0,20.0,20.0,23.0,20.0,23.0,68.0,68.0,68.0,68.0,20.72222222222222,66.1,20.649083333333337,16.5,1.7
2025-10-17 14:00:32+00:00,33.73808367740033,-84.420499,9257224,6058,20.0,20.0,20.0,20.0,20.0,23.0,20.0,23.0,68.0,68.0,68.0,68.0,20.72222222222222,66.1,20.649083333333337,16.5,1.7
2025-10-17 14:00:33+00:00,33.73808177592054,-84.420499,9257224,6058,20.0,20.0,20.0,20.0,20.0,23.0,20.0,23.0,68.0,68.0,68.0,68.0,20.72222222222222,66.1,20.649083333333337,16.5,1.7
2025-10-17 14:00:34+00:00,33.73807893233474,-84.420499,9257224,6058,20.0,20.0,20.0,20.0,20.0,23.0,20.0,23.0,68.0,68.0,68.0,68.0,20.72222222222222,66.1,20.649083333333337,16.5,1.7
2025-10-17 14:00:35+00:00,33.73807609828346,-84.420499,9257224,6058,20.0,20.0,20.0,20.0,20.0,23.0,20.0,23.0,68.0,68.0,68.0,68.0,20.72222222222222,66.1,20.649083333333337,16.5,1.7
2025-10-17 14:00:36+00:00,33.73800259746606,-84.42042399238167,1307448046,97368,20.0,20.0,20.0,20.0,20.0,23.0,20.0,23.0,68.0,68.0,68.0,68.0,20.777777777777782,66.0,20.70611111111112,16.61111111111111,1.6
2025-10-17 14:00:37+00:00,33.73800092881829,-84.42040700251347,1307448046,97368,20.0,20.0,20.0,20.0,20.0,23.0,20.0,23.0,68.0,68.0,68.0,68.0,20.777777777777782,66.0,20.70611111111112,16.61111111111111,1.6
2025-10-17 14:00:38+00:00,33.737999135043026,-84.42038873861986,1307448046,97368,17.0,17.0,17.0,17.0,19.5,21.5,19.5,21.5,62.0,62.0,67.0,67.0,20.777777777777782,66.0,20.70611111111112,16.61111111111111,1.6
2025-10-17 14:00:39+00:00,33.73799736344379,-84.42037070051855,1307448046,97368,17.0,17.0,17.0,17.0,19.5,21.5,19.5,21.5,62.0,62.0,67.0,67.0,20.777777777777782,66.0,20.70611111111112,16.61111111111111,1.6
2025-10-17 14:00:40+00:00,33.737996,-84.42035015437789,1307448046,97368,17.0,17.0,17.0,17.0,19.5,21.5,19.5,21.5,62.0,62.0,67.0,67.0,20.777777777777782,66.0,20.70611111111112,16.61111111111111,1.6
2025-10-17 14:00:41+00:00,33.737996,-84.420347,1307448046,97368,17.0,17.0,17.0,17.0,19.5,21.5,19.5,21.5,62.0,62.0,67.0,67.0,20.777777777777782,65.9,20.70480555555556,16.5,1.8
2025-10-17 14:00:42+00:00,33.73799404948618,-84.42033021754962,1307448046,97368,17.0,17.0,17.0,17.0,19.5,21.5,19.5,21.5,62.0,62.0,67.0,67.0,20.777777777777782,65.9,20.70480555555556,16.5,1.8
2025-10-17 14:00:43+00:00,33.73799323345515,-84.42031838509959,1307448046,97368,17.0,17.0,17.0,17.0,19.5,21.5,19.5,21.5,62.0,62.0,67.0,67.0,20.777777777777782,65.9,20.70480555555556,16.5,1.8
2025-10-17 14:00:44+00:00,33.737992369983026,-84.42030869983023,1307448046,97368,17.0,17.0,17.0,17.0,19.5,21.5,19.5,21.5,62.0,62.0,67.0,67.0,20.777777777777782,65.9,20.70480555555556,16.5,1.8
2025-10-17 14:00:45+00:00,33.7379910863794,-84.42029586379398,1307448046,97368,17.0,17.0,17.0,17.0,19.5,21.5,19.5,21.5,62.0,62.0,67.0,67.0,20.777777777777782,65.9,20.70480555555556,16.5,1.8
2025-10-17 14:00:46+00:00,33.73798950968718,-84.4202810904137,1307448046,97368,17.0,17.0,17.0,17.0,19.5,21.5,19.5,21.5,62.0,62.0,67.0,67.0,20.72222222222222,65.5,20.64125,16.38888888888889,0.8
2025-10-17 14:00:47+00:00,33.737987689792604,-84.42026338091372,1307448046,97368,17.0,17.0,17.0,17.0,19.5,21.5,19.5,21.5,62.0,62.0,67.0,67.0,20.72222222222222,65.5,20.64125,16.38888888888889,0.8
2025-10-17 14:00:48+00:00,33.737986248599135,-84.42024656698992,1307448046,97368,17.0,17.0,17.0,17.0,19.5,21.5,19.5,21.5,62.0,62.0,67.0,67.0,20.72222222222222,65.5,20.64125,16.38888888888889,0.8
2025-10-17 14:00:49+00:00,33.737985,-84.420232,1307448046,97368,17.0,17.0,17.0,17.0,19.5,21.5,19.5,21.5,62.0,62.0,67.0,67.0,20.72222222222222,65.5,20.64125,16.38888888888889,0.8
2025-10-17 14:00:50+00:00,33.73798273999032,-84.42021513989359,1307448046,97368,17.0,17.0,17.0,17.0,19.5,21.5,19.5,21.5,62.0,62.0,67.0,67.0,20.72222222222222,65.5,20.64125,16.38888888888889,0.8
2025-10-17 14:00:51+00:00,33.73798138381076,-84.42020022191844,1307448046,97368,17.0,17.0,17.0,17.0,19.5,21.5,19.5,21.5,62.0,62.0,67.0,67.0,20.777777777777782,65.4,20.69827777777778,16.38888888888889,1.1
2025-10-17 14:00:52+00:00,33.73798006224772,-84.42018568472496,1307448046,97368,17.0,17.0,17.0,17.0,19.5,21.5,19.5,21.5,62.0,62.0,67.0,67.0,20.777777777777782,65.4,20.69827777777778,16.38888888888889,1.1
2025-10-17 14:00:53+00:00,33.73797870369261,-84.42017074061874,1307448046,97368,19.5,20.0,19.5,20.0,19.0,21.5,19.0,21.5,67.0,67.0,66.0,66.0,20.777777777777782,65.4,20.69827777777778,16.38888888888889,1.1
2025-10-17 14:00:54+00:00,33.737977377442796,-84.4201561518708,1307448046,97368,19.5,20.0,19.5,20.0,19.0,21.5,19.0,21.5,67.0,67.0,66.0,66.0,20.777777777777782,65.4,20.69827777777778,16.38888888888889,1.1
2025-10-17 14:00:55+00:00,33.73797606884257,-84.42014175726831,1307448046,97368,19.5,20.0,19.5,20.0,19.0,21.5,19.0,21.5,67.0,67.0,66.0,66.0,20.777777777777782,65.4,20.69827777777778,16.38888888888889,1.1
2025-10-17 14:00:56+00:00,33.73797476694079,-84.42012720328945,1307448046,97368,19.5,20.0,19.5,20.0,19.0,21.5,19.0,21.5,67.0,67.0,66.0,66.0,20.72222222222222,65.3,20.63863888888889,16.38888888888889,1.8
2025-10-17 14:00:57+00:00,33.7379737158787,-84.4201148746657,1307448046,97368,19.5,20.0,19.5,20.0,19.0,21.5,19.0,21.5,67.0,67.0,66.0,66.0,20.72222222222222,65.3,20.63863888888889,16.38888888888889,1.8
2025-10-17 14:00:58+00:00,33.73797297441848,-84.42010682092938,1307448046,97368,19.5,20.0,19.5,20.0,19.0,21.5,19.0,21.5,67.0,67.0,66.0,66.0,20.72222222222222,65.3,20.63863888888889,16.38888888888889,1.8
2025-10-17 14:01:00+00:00,33.737971260349156,-84.42009087763962,1307448046,97368,19.5,20.0,19.5,20.0,19.0,21.5,19.0,21.5,67.0,67.0,66.0,66.0,20.72222222222222,65.3,20.63863888888889,16.38888888888889,1.8
2025-10-17 14:01:02+00:00,33.73797006606825,-84.42007614817506,1307448046,97368,19.5,20.0,19.5,20.0,19.0,21.5,19.0,21.5,67.0,67.0,66.0,66.0,20.500000000000004,65.3,20.405305555555564,16.27777777777778,1.9
2025-10-17 14:01:04+00:00,33.73796755831815,-84.42005255259046,1307448046,97368,19.5,20.0,19.5,20.0,19.0,21.5,19.0,21.5,67.0,67.0,66.0,66.0,20.500000000000004,65.3,20.405305555555564,16.27777777777778,1.9
2025-10-17 14:01:05+00:00,33.73796602258721,-84.42003361190892,1307448046,97368,19.5,20.0,19.5,20.0,19.0,21.5,19.0,21.5,67.0,67.0,66.0,66.0,20.500000000000004,65.3,20.405305555555564,16.27777777777778,1.9
2025-10-17 14:01:06+00:00,33.73796454441623,-84.42001701364197,1307448046,97368,19.5,20.0,19.5,20.0,19.0,21.5,19.0,21.5,67.0,67.0,66.0,66.0,20.38888888888889,65.2,20.287333333333336,16.11111111111111,1.3
2025-10-17 14:01:07+00:00,33.73796270390866,-84.42000090920072,1307448046,97368,19.5,20.0,19.5,20.0,19.0,21.5,19.0,21.5,67.0,67.0,66.0,66.0,20.38888888888889,65.2,20.287333333333336,16.11111111111111,1.3
2025-10-17 14:01:08+00:00,33.737961,-84.419983,1307448046,97368,,,,,19.0,21.0,19.0,21.0,,,66.0,66.0,20.38888888888889,65.2,20.287333333333336,16.11111111111111,1.3
2025-10-17 14:01:10+00:00,33.73796026997201,-84.41997487843861,1307448046,97368,,,,,19.0,21.0,19.0,21.0,,,66.0,66.0,20.38888888888889,65.2,20.287333333333336,16.11111111111111,1.3
2025-10-17 14:01:20+00:00,33.73795866090266,-84.41995697754214,1307448046,97368,,,,,19.0,21.0,19.0,21.0,,,66.0,66.0,20.38888888888889,65.5,20.291249999999998,16.22222222222222,1.3
2025-10-17 14:01:21+00:00,33.73795734986121,-84.41994239220597,1307448046,97368,,,,,19.0,21.0,19.0,21.0,,,66.0,66.0,20.38888888888889,65.7,20.293861111111116,16.22222222222222,1.3
2025-10-17 14:01:22+00:00,33.73795592517327,-84.4199265425526,1307448046,97368,,,,,19.0,21.0,19.0,21.0,,,66.0,66.0,20.38888888888889,65.7,20.293861111111116,16.22222222222222,1.3
2025-10-17 14:01:23+00:00,33.737954482973414,-84.41991049807926,1307448046,97368,17.0,18.0,17.0,18.0,,,,,62.0,62.0,,,20.38888888888889,65.7,20.293861111111116,16.22222222222222,1.3
2025-10-17 14:01:24+00:00,33.73795280068075,-84.4198900136151,1307448046,97369,17.0,18.0,17.0,18.0,,,,,62.0,62.0,,,20.38888888888889,65.7,20.293861111111116,16.22222222222222,1.3
2025-10-17 14:01:25+00:00,33.737952,-84.4198683495981,1307448046,97369,17.0,18.0,17.0,18.0,,,,,62.0,62.0,,,20.38888888888889,65.7,20.293861111111116,16.22222222222222,1.3
2025-10-17 14:01:26+00:00,33.737952,-84.4198514933151,1307448046,97369,17.0,18.0,17.0,18.0,,,,,62.0,62.0,,,20.166666666666668,65.7,20.060527777777775,16.0,0.9
2025-10-17 14:01:27+00:00,33.737952,-84.41983525522431,1307448046,97369,17.0,18.0,17.0,18.0,,,,,62.0,62.0,,,20.166666666666668,65.7,20.060527777777775,16.0,0.9
2025-10-17 14:01:28+00:00,33.737952,-84.41981812297976,1307448046,97369,17.0,18.0,17.0,18.0,,,,,62.0,62.0,,,20.166666666666668,65.7,20.060527777777775,16.0,0.9
2025-10-17 14:01:29+00:00,33.738039,-84.419734,1090914991,89664,17.0,18.0,17.0,18.0,,,,,62.0,62.0,,,20.166666666666668,65.7,20.060527777777775,16.0,0.9
2025-10-17 14:01:30+00:00,33.73803881659017,-84.41973393886339,1090914991,89664,17.0,18.0,17.0,18.0,,,,,62.0,62.0,,,20.166666666666668,65.7,20.060527777777775,16.0,0.9
2025-10-17 14:01:31+00:00,33.738036,-84.419733,1090914991,89664,17.0,18.0,17.0,18.0,,,,,62.0,62.0,,,20.11111111111111,65.5,19.999583333333337,15.88888888888889,1.3
2025-10-17 14:01:32+00:00,33.738036,-84.419733,1090914991,89664,17.0,18.0,17.0,18.0,,,,,62.0,62.0,,,20.11111111111111,65.5,19.999583333333337,15.88888888888889,1.3
2025-10-17 14:01:33+00:00,33.73803596236037,-84.41972831131658,1090914990,89657,17.0,18.0,17.0,18.0,,,,,62.0,62.0,,,20.11111111111111,65.5,19.999583333333337,15.88888888888889,1.3
2025-10-17 14:01:34+00:00,33.73803578292763,-84.41971072690777,1090914990,89657,17.0,18.0,17.0,18.0,,,,,62.0,62.0,,,20.11111111111111,65.5,19.999583333333337,15.88888888888889,1.3
2025-10-17 14:01:35+00:00,33.73803562276406,-84.41969503087763,1090914990,89657,17.0,18.0,17.0,18.0,,,,,62.0,62.0,,,20.11111111111111,65.5,19.999583333333337,15.88888888888889,1.3
2025-10-17 14:01:36+00:00,33.73803546264078,-84.41967933879621,1090914990,89657,17.0,18.0,17.0,18.0,,,,,62.0,62.0,,,19.944444444444446,65.1,19.819361111111114,15.666666666666666,1.7
2025-10-17 14:01:37+00:00,33.738035289084806,-84.4196623303106,1090914990,89657,17.0,18.0,17.0,18.0,,,,,62.0,62.0,,,19.944444444444446,65.1,19.819361111111114,15.666666666666666,1.7
2025-10-17 14:01:38+00:00,33.738035113484216,-84.41964512145266,1090914990,89657,17.0,17.0,17.0,17.0,17.0,19.0,17.0,19.0,62.0,62.0,62.0,62.0,19.944444444444446,65.1,19.819361111111114,15.666666666666666,1.7
2025-10-17 14:01:39+00:00,33.738035,-84.41962784970306,1090914990,89657,17.0,17.0,17.0,17.0,17.0,19.0,17.0,19.0,62.0,62.0,62.0,62.0,19.944444444444446,65.1,19.819361111111114,15.666666666666666,1.7
2025-10-17 14:01:40+00:00,33.738035,-84.41961056244251,1090914990,89657,17.0,17.0,17.0,17.0,17.0,19.0,17.0,19.0,62.0,62.0,62.0,62.0,19.944444444444446,65.1,19.819361111111114,15.666666666666666,1.7
2025-10-17 14:01:41+00:00,33.738035,-84.41959308200845,1090914990,89657,17.0,17.0,17.0,17.0,17.0,19.0,17.0,19.0,62.0,62.0,62.0,62.0,19.944444444444446,64.9,19.816750000000003,15.666666666666666,1.5
2025-10-17 14:01:42+00:00,33.73803487855638,-84.4195768556375,1090914990,89657,17.0,17.0,17.0,17.0,17.0,19.0,17.0,19.0,62.0,62.0,62.0,62.0,19.944444444444446,64.9,19.816750000000003,15.666666666666666,1.5
2025-10-17 14:01:43+00:00,33.73803473539511,-84.41956253951103,1090914990,89657,17.0,17.0,17.0,17.0,17.0,19.0,17.0,19.0,62.0,62.0,62.0,62.0,19.944444444444446,64.9,19.816750000000003,15.666666666666666,1.5
2025-10-17 14:01:44+00:00,33.738034593756964,-84.41954837569601,1090914990,89657,17.0,17.0,17.0,17.0,17.0,19.0,17.0,19.0,62.0,62.0,62.0,62.0,19.944444444444446,64.9,19.816750000000003,15.666666666666666,1.5
2025-10-17 14:01:45+00:00,33.73803445042076,-84.41953404207625,1090914990,89657,17.0,17.0,17.0,17.0,17.0,19.0,17.0,19.0,62.0,62.0,62.0,62.0,19.944444444444446,64.9,19.816750000000003,15.666666666666666,1.5
2025-10-17 14:01:46+00:00,33.73803432256388,-84.41952125638734,1090914990,89657,17.0,17.0,17.0,17.0,17.0,19.0,17.0,19.0,62.0,62.0,62.0,62.0,20.0,65.0,19.87638888888889,15.666666666666666,1.1
2025-10-17 14:01:47+00:00,33.73803417039248,-84.4195060392478,1090914990,89657,17.0,17.0,17.0,17.0,17.0,19.0,17.0,19.0,62.0,62.0,62.0,62.0,20.0,65.0,19.87638888888889,15.666666666666666,1.1
2025-10-17 14:01:48+00:00,33.738034,-84.41948797756997,1090914990,89657,17.0,17.0,17.0,17.0,17.0,19.0,17.0,19.0,62.0,62.0,62.0,62.0,20.0,65.0,19.87638888888889,15.666666666666666,1.1
2025-10-17 14:01:49+00:00,33.738034,-84.41946851617284,1090914990,89657,17.0,17.0,17.0,17.0,17.0,19.0,17.0,19.0,62.0,62.0,62.0,62.0,20.0,65.0,19.87638888888889,15.666666666666666,1.1
2025-10-17 14:01:50+00:00,33.738034,-84.41944941241361,1090914990,89657,17.0,17.0,17.0,17.0,17.0,19.0,17.0,19.0,62.0,62.0,62.0,62.0,20.0,65.0,19.87638888888889,15.666666666666666,1.1
2025-10-17 14:01:51+00:00,33.738034,-84.41943032127213,1090914990,89657,17.0,17.0,17.0,17.0,17.0,19.0,17.0,19.0,62.0,62.0,62.0,62.0,20.166666666666668,65.2,20.054,15.88888888888889,1.0
2025-10-17 14:01:52+00:00,33.738034,-84.41941543059224,1090914990,89657,17.0,17.0,17.0,17.0,17.0,19.0,17.0,19.0,62.0,62.0,62.0,62.0,20.166666666666668,65.2,20.054,15.88888888888889,1.0
2025-10-17 14:01:53+00:00,33.738034,-84.41940307790377,1090914990,89657,16.0,17.0,16.0,17.0,22.0,22.5,22.0,22.5,60.0,60.0,72.0,72.0,20.166666666666668,65.2,20.054,15.88888888888889,1.0
2025-10-17 14:01:54+00:00,33.738033930806296,-84.41939085499527,1090914990,89657,16.0,17.0,16.0,17.0,22.0,22.5,22.0,22.5,60.0,60.0,72.0,72.0,20.166666666666668,65.2,20.054,15.88888888888889,1.0
2025-10-17 14:01:55+00:00,33.73803349991347,-84.41937749731764,1090914990,89657,16.0,17.0,16.0,17.0,22.0,22.5,22.0,22.5,60.0,60.0,72.0,72.0,20.166666666666668,65.2,20.054,15.88888888888889,1.0
2025-10-17 14:01:56+00:00,33.738033,-84.4193615304189,1090914990,89657,16.0,17.0,16.0,17.0,22.0,22.5,22.0,22.5,60.0,60.0,72.0,72.0,20.11111111111111,65.1,19.99436111111111,15.777777777777779,0.8
2025-10-17 14:01:57+00:00,33.738033,-84.41934660170367,1090914990,89657,16.0,17.0,16.0,17.0,22.0,22.5,22.0,22.5,60.0,60.0,72.0,72.0,20.11111111111111,65.1,19.99436111111111,15.777777777777779,0.8
2025-10-17 14:01:58+00:00,33.738033,-84.41933255201367,1090914990,89657,16.0,17.0,16.0,17.0,22.0,22.5,22.0,22.5,60.0,60.0,72.0,72.0,20.11111111111111,65.1,19.99436111111111,15.777777777777779,0.8
2025-10-17 14:01:59+00:00,33.738033,-84.41931855544054,1090914990,89657,16.0,17.0,16.0,17.0,22.0,22.5,22.0,22.5,60.0,60.0,72.0,72.0,20.11111111111111,65.1,19.99436111111111,15.777777777777779,0.8
2025-10-17 14:02:00+00:00,33.738033,-84.4193056856973,1090914990,89657,16.0,17.0,16.0,17.0,22.0,22.5,22.0,22.5,60.0,60.0,72.0,72.0,20.11111111111111,65.1,19.99436111111111,15.777777777777779,0.8
2025-10-17 14:02:01+00:00,33.738033,-84.41929415166305,1090914990,89657,16.0,17.0,16.0,17.0,22.0,22.5,22.0,22.5,60.0,60.0,72.0,72.0,20.27777777777778,65.1,20.16936111111111,16.0,0.8
2025-10-17 14:02:02+00:00,33.738033,-84.41928331130579,1090914990,89657,16.0,17.0,16.0,17.0,22.0,22.5,22.0,22.5,60.0,60.0,72.0,72.0,20.27777777777778,65.1,20.16936111111111,16.0,0.8
2025-10-17 14:02:03+00:00,33.738033,-84.41927125753918,1090914990,89657,16.0,17.0,16.0,17.0,22.0,22.5,22.0,22.5,60.0,60.0,72.0,72.0,20.27777777777778,65.1,20.16936111111111,16.0,0.8
2025-10-17 14:02:04+00:00,33.738033,-84.41925970543015,1090914990,89657,16.0,17.0,16.0,17.0,22.0,22.5,22.0,22.5,60.0,60.0,72.0,72.0,20.27777777777778,65.1,20.16936111111111,16.0,0.8
2025-10-17 14:02:05+00:00,33.738033,-84.41924680579442,1090914990,89657,16.0,17.0,16.0,17.0,22.0,22.5,22.0,22.5,60.0,60.0,72.0,72.0,20.27777777777778,65.1,20.16936111111111,16.0,0.8
2025-10-17 14:02:06+00:00,33.738033,-84.41923231099753,1090914990,89657,16.0,17.0,16.0,17.0,22.0,22.5,22.0,22.5,60.0,60.0,72.0,72.0,20.33333333333333,65.9,20.23813888888889,16.22222222222222,1.5
2025-10-17 14:02:07+00:00,33.738033,-84.41921768609414,1090914990,89657,16.0,17.0,16.0,17.0,22.0,22.5,22.0,22.5,60.0,60.0,72.0,72.0,20.33333333333333,65.9,20.23813888888889,16.22222222222222,1.5
2025-10-17 14:02:08+00:00,33.738033110240735,-84.41920293675953,1090914990,89658,17.0,18.0,17.0,18.0,19.0,21.0,19.0,21.0,62.0,62.0,66.0,66.0,20.33333333333333,65.9,20.23813888888889,16.22222222222222,1.5
2025-10-17 14:02:09+00:00,33.73803337174672,-84.41918855393075,1090914990,89658,17.0,18.0,17.0,18.0,19.0,21.0,19.0,21.0,62.0,62.0,66.0,66.0,20.33333333333333,65.9,20.23813888888889,16.22222222222222,1.5
2025-10-17 14:02:10+00:00,33.73803362669097,-84.41917453199667,1090914990,89658,17.0,18.0,17.0,18.0,19.0,21.0,19.0,21.0,62.0,62.0,66.0,66.0,20.33333333333333,65.9,20.23813888888889,16.22222222222222,1.5
2025-10-17 14:02:11+00:00,33.738033880758024,-84.41916055830882,1090914990,89658,17.0,18.0,17.0,18.0,19.0,21.0,19.0,21.0,62.0,62.0,66.0,66.0,20.444444444444443,66.2,20.358722222222227,16.27777777777778,1.2
2025-10-17 14:02:12+00:00,33.738034,-84.41914672835561,1090914990,89658,17.0,18.0,17.0,18.0,19.0,21.0,19.0,21.0,62.0,62.0,66.0,66.0,20.444444444444443,66.2,20.358722222222227,16.27777777777778,1.2
2025-10-17 14:02:13+00:00,33.738034,-84.41913392627825,1090914990,89658,17.0,18.0,17.0,18.0,19.0,21.0,19.0,21.0,62.0,62.0,66.0,66.0,20.444444444444443,66.2,20.358722222222227,16.27777777777778,1.2
2025-10-17 14:02:14+00:00,33.73803400719872,-84.41911989921793,1090914990,89658,17.0,18.0,17.0,18.0,19.0,21.0,19.0,21.0,62.0,62.0,66.0,66.0,20.444444444444443,66.2,20.358722222222227,16.27777777777778,1.2
2025-10-17 14:02:15+00:00,33.73803507350147,-84.41910199417013,1090914990,89658,17.0,18.0,17.0,18.0,19.0,21.0,19.0,21.0,62.0,62.0,66.0,66.0,20.444444444444443,66.2,20.358722222222227,16.27777777777778,1.2
2025-10-17 14:02:16+00:00,33.738035363909916,-84.41908616690961,1090914990,89658,17.0,18.0,17.0,18.0,19.0,21.0,19.0,21.0,62.0,62.0,66.0,66.0,20.500000000000004,66.0,20.41444444444445,16.27777777777778,1.9
2025-10-17 14:02:17+00:00,33.738035588395775,-84.41907393243054,1090914990,89658,17.0,18.0,17.0,18.0,19.0,21.0,19.0,21.0,62.0,62.0,66.0,66.0,20.500000000000004,66.0,20.41444444444445,16.27777777777778,1.9
2025-10-17 14:02:18+00:00,33.73803581920504,-84.41906135332549,1090914990,89658,17.0,18.0,17.0,18.0,19.0,21.0,19.0,21.0,62.0,62.0,66.0,66.0,20.500000000000004,66.0,20.41444444444445,16.27777777777778,1.9
2025-10-17 14:02:19+00:00,33.73803609537912,-84.41904630183772,1090914990,89658,17.0,18.0,17.0,18.0,19.0,21.0,19.0,21.0,62.0,62.0,66.0,66.0,20.500000000000004,66.0,20.41444444444445,16.27777777777778,1.9
2025-10-17 14:02:20+00:00,33.738036401665084,-84.41902960925272,1090914990,89658,17.0,18.0,17.0,18.0,19.0,21.0,19.0,21.0,62.0,62.0,66.0,66.0,20.500000000000004,66.0,20.41444444444445,16.27777777777778,1.9
2025-10-17 14:02:21+00:00,33.73803676075287,-84.41901003896862,1090914990,89658,17.0,18.0,17.0,18.0,19.0,21.0,19.0,21.0,62.0,62.0,66.0,66.0,20.444444444444443,65.8,20.353500000000004,16.27777777777778,1.5
2025-10-17 14:02:22+00:00,33.738037119708316,-84.41899131385506,1090914990,89658,17.0,18.0,17.0,18.0,19.0,21.0,19.0,21.0,62.0,62.0,66.0,66.0,20.444444444444443,65.8,20.353500000000004,16.27777777777778,1.5
2025-10-17 14:02:23+00:00,33.73803746559233,-84.41897488436446,1090914990,89658,17.0,17.0,17.0,17.0,19.0,22.5,19.0,22.5,62.0,62.0,66.0,66.0,20.444444444444443,65.8,20.353500000000004,16.27777777777778,1.5
2025-10-17 14:02:24+00:00,33.73803780667458,-84.41895868295742,1090914990,89658,17.0,17.0,17.0,17.0,19.0,22.5,19.0,22.5,62.0,62.0,66.0,66.0,20.444444444444443,65.8,20.353500000000004,16.27777777777778,1.5
2025-10-17 14:02:25+00:00,33.738038133769194,-84.41894314596333,1090914990,89658,17.0,17.0,17.0,17.0,19.0,22.5,19.0,22.5,62.0,62.0,66.0,66.0,20.444444444444443,65.8,20.353500000000004,16.27777777777778,1.5
2025-10-17 14:02:26+00:00,33.738038460076304,-84.41892764637562,1090914990,89658,17.0,17.0,17.0,17.0,19.0,22.5,19.0,22.5,62.0,62.0,66.0,66.0,20.444444444444443,65.7,20.352194444444443,16.22222222222222,1.3
2025-10-17 14:02:27+00:00,33.73803877958162,-84.41891246987308,1090914990,89658,17.0,17.0,17.0,17.0,19.0,22.5,19.0,22.5,62.0,62.0,66.0,66.0,20.444444444444443,65.7,20.352194444444443,16.22222222222222,1.3
2025-10-17 14:02:28+00:00,33.738039,-84.41889793337147,1090914990,89658,17.0,17.0,17.0,17.0,19.0,22.5,19.0,22.5,62.0,62.0,66.0,66.0,20.444444444444443,65.7,20.352194444444443,16.22222222222222,1.3
2025-10-17 14:02:29+00:00,33.738039,-84.41888289445046,1090914990,89658,17.0,17.0,17.0,17.0,19.0,22.5,19.0,22.5,62.0,62.0,66.0,66.0,20.444444444444443,65.7,20.352194444444443,16.22222222222222,1.3
2025-10-17 14:02:30+00:00,33.73803921195528,-84.41886551631303,1090914990,89658,17.0,17.0,17.0,17.0,19.0,22.5,19.0,22.5,62.0,62.0,66.0,66.0,20.444444444444443,65.7,20.352194444444443,16.22222222222222,1.3
2025-10-17 14:02:31+00:00,33.73804,-84.4188505990974,1090914990,89658,17.0,17.0,17.0,17.0,19.0,22.5,19.0,22.5,62.0,62.0,66.0,66.0,20.27777777777778,65.5,20.174583333333334,16.11111111111111,1.6
2025-10-17 14:02:32+00:00,33.73804,-84.41883348967393,1090914990,89658,17.0,17.0,17.0,17.0,19.0,22.5,19.0,22.5,62.0,62.0,66.0,66.0,20.27777777777778,65.5,20.174583333333334,16.11111111111111,1.6
2025-10-17 14:02:33+00:00,33.73804039492901,-84.41881717748466,1090914990,89659,17.0,17.0,17.0,17.0,19.0,22.5,19.0,22.5,62.0,62.0,66.0,66.0,20.27777777777778,65.5,20.174583333333334,16.11111111111111,1.6
2025-10-17 14:02:34+00:00,33.73804083888421,-84.4188016390528,1090914990,89659,17.0,17.0,17.0,17.0,19.0,22.5,19.0,22.5,62.0,62.0,66.0,66.0,20.27777777777778,65.5,20.174583333333334,16.11111111111111,1.6
2025-10-17 14:02:35+00:00,33.738041401679645,-84.41878595800891,1090914990,89659,17.0,17.0,17.0,17.0,19.0,22.5,19.0,22.5,62.0,62.0,66.0,66.0,20.27777777777778,65.5,20.174583333333334,16.11111111111111,1.6
2025-10-17 14:02:36+00:00,33.73804202110922,-84.41877047226944,1090914990,89659,17.0,17.0,17.0,17.0,19.0,22.5,19.0,22.5,62.0,62.0,66.0,66.0,20.27777777777778,64.8,20.165444444444443,15.88888888888889,1.2
2025-10-17 14:02:37+00:00,33.73804267984945,-84.41875400376377,1090914990,89659,17.0,17.0,17.0,17.0,19.0,22.5,19.0,22.5,62.0,62.0,66.0,66.0,20.27777777777778,64.8,20.165444444444443,15.88888888888889,1.2
2025-10-17 14:02:38+00:00,33.73804329443416,-84.41873677439624,1090914990,89659,20.0,20.0,20.0,20.0,21.0,22.0,21.0,22.0,68.0,68.0,70.0,70.0,20.27777777777778,64.8,20.165444444444443,15.88888888888889,1.2
2025-10-17 14:02:39+00:00,33.738043831456444,-84.41871994769792,1090914990,89659,20.0,20.0,20.0,20.0,21.0,22.0,21.0,22.0,68.0,68.0,70.0,70.0,20.27777777777778,64.8,20.165444444444443,15.88888888888889,1.2
2025-10-17 14:02:40+00:00,33.73804436947103,-84.4187030899078,1090914990,89659,20.0,20.0,20.0,20.0,21.0,22.0,21.0,22.0,68.0,68.0,70.0,70.0,20.27777777777778,64.8,20.165444444444443,15.88888888888889,1.2
2025-10-17 14:02:41+00:00,33.73804489373511,-84.41868666296662,1090914990,89659,20.0,20.0,20.0,20.0,21.0,22.0,21.0,22.0,68.0,68.0,70.0,70.0,20.33333333333333,64.6,20.221166666666665,16.0,0.8
2025-10-17 14:02:42+00:00,33.73804538227039,-84.41867135552765,1090914990,89659,20.0,20.0,20.0,20.0,21.0,22.0,21.0,22.0,68.0,68.0,70.0,70.0,20.33333333333333,64.6,20.221166666666665,16.0,0.8
2025-10-17 14:02:43+00:00,33.73804586825945,-84.41865612787043,1090914990,89659,20.0,20.0,20.0,20.0,21.0,22.0,21.0,22.0,68.0,68.0,70.0,70.0,20.33333333333333,64.6,20.221166666666665,16.0,0.8
2025-10-17 14:02:44+00:00,33.73804641150262,-84.41864088942911,1090914990,89659,20.0,20.0,20.0,20.0,21.0,22.0,21.0,22.0,68.0,68.0,70.0,70.0,20.33333333333333,64.6,20.221166666666665,16.0,0.8
2025-10-17 14:02:45+00:00,33.738046993508114,-84.41862517528092,1090914990,89659,20.0,20.0,20.0,20.0,21.0,22.0,21.0,22.0,68.0,68.0,70.0,70.0,20.33333333333333,64.6,20.221166666666665,16.0,0.8
2025-10-17 14:02:46+00:00,33.73804725032894,-84.4186103662831,1090914990,89659,20.0,20.0,20.0,20.0,21.0,22.0,21.0,22.0,68.0,68.0,70.0,70.0,20.500000000000004,65.1,20.402694444444446,16.22222222222222,0.0
2025-10-17 14:02:47+00:00,33.73804775474724,-84.41859699919802,1090914990,89659,20.0,20.0,20.0,20.0,21.0,22.0,21.0,22.0,68.0,68.0,70.0,70.0,20.500000000000004,65.1,20.402694444444446,16.22222222222222,0.0
2025-10-17 14:02:48+00:00,33.73804827080372,-84.41858332370143,1090914990,89659,20.0,20.0,20.0,20.0,21.0,22.0,21.0,22.0,68.0,68.0,70.0,70.0,20.500000000000004,65.1,20.402694444444446,16.22222222222222,0.0
2025-10-17 14:02:49+00:00,33.7380489280697,-84.41856590615285,1090914990,89659,20.0,20.0,20.0,20.0,21.0,22.0,21.0,22.0,68.0,68.0,70.0,70.0,20.500000000000004,65.1,20.402694444444446,16.22222222222222,0.0
2025-10-17 14:02:50+00:00,33.73804964276564,-84.4185469667106,1090914990,89659,20.0,20.0,20.0,20.0,21.0,22.0,21.0,22.0,68.0,68.0,70.0,70.0,20.500000000000004,65.1,20.402694444444446,16.22222222222222,0.0
2025-10-17 14:02:51+00:00,33.738050284055134,-84.41852997253899,1090914990,89659,20.0,20.0,20.0,20.0,21.0,22.0,21.0,22.0,68.0,68.0,70.0,70.0,20.444444444444443,65.4,20.34827777777778,16.22222222222222,0.0
2025-10-17 14:02:52+00:00,33.7380508971618,-84.41851372521225,1090914990,89659,20.0,20.0,20.0,20.0,21.0,22.0,21.0,22.0,68.0,68.0,70.0,70.0,20.444444444444443,65.4,20.34827777777778,16.22222222222222,0.0
2025-10-17 14:02:53+00:00,33.738051,-84.41849817044219,1090914990,89660,21.0,21.0,21.0,21.0,23.0,24.0,23.0,24.0,70.0,70.0,74.0,74.0,20.444444444444443,65.4,20.34827777777778,16.22222222222222,0.0
2025-10-17 14:02:54+00:00,33.73805151563129,-84.41848349594113,1090914990,89660,21.0,21.0,21.0,21.0,23.0,24.0,23.0,24.0,70.0,70.0,74.0,74.0,20.444444444444443,65.4,20.34827777777778,16.22222222222222,0.0
2025-10-17 14:02:55+00:00,33.73805214970366,-84.41846811968615,1090914990,89660,21.0,21.0,21.0,21.0,23.0,24.0,23.0,24.0,70.0,70.0,74.0,74.0,20.444444444444443,65.4,20.34827777777778,16.22222222222222,0.0
2025-10-17 14:02:56+00:00,33.738052721078894,-84.4184542638368,1090914990,89660,21.0,21.0,21.0,21.0,23.0,24.0,23.0,24.0,70.0,70.0,74.0,74.0,20.500000000000004,65.7,20.410527777777787,16.27777777777778,1.0
2025-10-17 14:02:57+00:00,33.73805322772219,-84.41844197773686,1090914990,89660,21.0,21.0,21.0,21.0,23.0,24.0,23.0,24.0,70.0,70.0,74.0,74.0,20.500000000000004,65.7,20.410527777777787,16.27777777777778,1.0
2025-10-17 14:02:58+00:00,33.738053694596196,-84.41843065604233,1090914990,89660,21.0,21.0,21.0,21.0,23.0,24.0,23.0,24.0,70.0,70.0,74.0,74.0,20.500000000000004,65.7,20.410527777777787,16.27777777777778,1.0
2025-10-17 14:02:59+00:00,33.73805420208454,-84.41841834944995,1090914990,89660,21.0,21.0,21.0,21.0,23.0,24.0,23.0,24.0,70.0,70.0,74.0,74.0,20.500000000000004,65.7,20.410527777777787,16.27777777777778,1.0
2025-10-17 14:03:00+00:00,33.73805478625161,-84.4184041833985,1090914990,89660,21.0,21.0,21.0,21.0,23.0,24.0,23.0,24.0,70.0,70.0,74.0,74.0,20.500000000000004,65.7,20.410527777777787,16.27777777777778,1.0
2025-10-17 14:03:01+00:00,33.73805545365127,-84.41838992697464,1090914990,89660,21.0,21.0,21.0,21.0,23.0,24.0,23.0,24.0,70.0,70.0,74.0,74.0,20.555555555555557,66.1,20.474083333333336,16.38888888888889,1.3
2025-10-17 14:03:02+00:00,33.73805606669909,-84.41837553310637,1090914990,89660,21.0,21.0,21.0,21.0,23.0,24.0,23.0,24.0,70.0,70.0,74.0,74.0,20.555555555555557,66.1,20.474083333333336,16.38888888888889,1.3
2025-10-17 14:03:03+00:00,33.738057316065465,-84.41836154085495,1090914990,89660,21.0,21.0,21.0,21.0,23.0,24.0,23.0,24.0,70.0,70.0,74.0,74.0,20.555555555555557,66.1,20.474083333333336,16.38888888888889,1.3
2025-10-17 14:03:04+00:00,33.738057964151544,-84.41834624602356,1090914990,89660,21.0,21.0,21.0,21.0,23.0,24.0,23.0,24.0,70.0,70.0,74.0,74.0,20.555555555555557,66.1,20.474083333333336,16.38888888888889,1.3
2025-10-17 14:03:05+00:00,33.73805857579541,-84.41833181122844,1090914990,89660,21.0,21.0,21.0,21.0,23.0,24.0,23.0,24.0,70.0,70.0,74.0,74.0,20.555555555555557,66.1,20.474083333333336,16.38888888888889,1.3
2025-10-17 14:03:06+00:00,33.738059158252874,-84.41831806523207,1090914990,89660,21.0,21.0,21.0,21.0,23.0,24.0,23.0,24.0,70.0,70.0,74.0,74.0,20.611111111111107,66.3,20.535027777777778,16.38888888888889,1.2
2025-10-17 14:03:07+00:00,33.73805970123987,-84.41830525073911,1090914990,89660,21.0,21.0,21.0,21.0,23.0,24.0,23.0,24.0,70.0,70.0,74.0,74.0,20.611111111111107,66.3,20.535027777777778,16.38888888888889,1.2
2025-10-17 14:03:08+00:00,33.7380602540381,-84.41829220470078,1090914990,89660,19.0,19.0,19.0,19.0,22.0,26.0,22.0,26.0,66.0,66.0,72.0,72.0,20.611111111111107,66.3,20.535027777777778,16.38888888888889,1.2
2025-10-17 14:03:09+00:00,33.7380609140211,-84.418276629102,1090914990,89660,19.0,19.0,19.0,19.0,22.0,26.0,22.0,26.0,66.0,66.0,72.0,72.0,20.611111111111107,66.3,20.535027777777778,16.38888888888889,1.2
2025-10-17 14:03:10+00:00,33.73806176766209,-84.41825648317472,1090914990,89660,19.0,19.0,19.0,19.0,22.0,26.0,22.0,26.0,66.0,66.0,72.0,72.0,20.611111111111107,66.3,20.535027777777778,16.38888888888889,1.2
2025-10-17 14:03:11+00:00,33.73806253880525,-84.41823645225823,1090914990,89660,19.0,19.0,19.0,19.0,22.0,26.0,22.0,26.0,66.0,66.0,72.0,72.0,20.666666666666668,66.4,20.59466666666667,16.5,1.1
2025-10-17 14:03:12+00:00,33.738063228091185,-84.41821784153801,1090914990,89660,19.0,19.0,19.0,19.0,22.0,26.0,22.0,26.0,66.0,66.0,72.0,72.0,20.666666666666668,66.4,20.59466666666667,16.5,1.1
2025-10-17 14:03:13+00:00,33.73806387005626,-84.41820050848114,1090914990,89660,19.0,19.0,19.0,19.0,22.0,26.0,22.0,26.0,66.0,66.0,72.0,72.0,20.666666666666668,66.4,20.59466666666667,16.5,1.1
2025-10-17 14:03:14+00:00,33.73806504361578,-84.41818447661069,1090914990,89661,19.0,19.0,19.0,19.0,22.0,26.0,22.0,26.0,66.0,66.0,72.0,72.0,20.666666666666668,66.4,20.59466666666667,16.5,1.1
2025-10-17 14:03:15+00:00,33.738066130139494,-84.41817143832607,1090914990,89661,19.0,19.0,19.0,19.0,22.0,26.0,22.0,26.0,66.0,66.0,72.0,72.0,20.666666666666668,66.4,20.59466666666667,16.5,1.1
2025-10-17 14:03:16+00:00,33.738067190551455,-84.4181586181068,1090914990,89661,19.0,19.0,19.0,19.0,22.0,26.0,22.0,26.0,66.0,66.0,72.0,72.0,20.666666666666668,66.6,20.597277777777773,16.5,0.8
2025-10-17 14:03:17+00:00,33.738068177871526,-84.41814627660597,1090914990,89661,19.0,19.0,19.0,19.0,22.0,26.0,22.0,26.0,66.0,66.0,72.0,72.0,20.666666666666668,66.6,20.597277777777773,16.5,0.8
2025-10-17 14:03:18+00:00,33.738069,-84.41813548501523,1090914990,89661,19.0,19.0,19.0,19.0,22.0,26.0,22.0,26.0,66.0,66.0,72.0,72.0,20.666666666666668,66.6,20.597277777777773,16.5,0.8
2025-10-17 14:03:19+00:00,33.73806954703137,-84.41812151377088,1090914990,89661,19.0,19.0,19.0,19.0,22.0,26.0,22.0,26.0,66.0,66.0,72.0,72.0,20.666666666666668,66.6,20.597277777777773,16.5,0.8
2025-10-17 14:03:20+00:00,33.73807074683879,-84.41810728748301,1090914990,89661,19.0,19.0,19.0,19.0,22.0,26.0,22.0,26.0,66.0,66.0,72.0,72.0,20.666666666666668,66.6,20.597277777777773,16.5,0.8
2025-10-17 14:03:21+00:00,33.738071984325224,-84.41809261442953,1090914990,89661,19.0,19.0,19.0,19.0,22.0,26.0,22.0,26.0,66.0,66.0,72.0,72.0,20.666666666666668,66.6,20.597277777777773,16.5,0.7
2025-10-17 14:03:22+00:00,33.73807326304052,-84.41807745251958,1090914990,89661,19.0,19.0,19.0,19.0,22.0,26.0,22.0,26.0,66.0,66.0,72.0,72.0,20.666666666666668,66.6,20.597277777777773,16.5,0.7
2025-10-17 14:03:23+00:00,33.73807457873912,-84.41806185209327,1090914990,89661,21.0,21.0,21.0,21.0,20.0,24.0,20.0,24.0,70.0,70.0,68.0,68.0,20.666666666666668,66.6,20.597277777777773,16.5,0.7
2025-10-17 14:03:24+00:00,33.73807600085676,-84.41804498672029,1090914990,89662,21.0,21.0,21.0,21.0,20.0,24.0,20.0,24.0,70.0,70.0,68.0,68.0,20.666666666666668,66.6,20.597277777777773,16.5,0.7
2025-10-17 14:03:25+00:00,33.73807686997048,-84.41803151545757,1090914990,89662,21.0,21.0,21.0,21.0,20.0,24.0,20.0,24.0,70.0,70.0,68.0,68.0,20.666666666666668,66.6,20.597277777777773,16.5,0.7
2025-10-17 14:03:26+00:00,33.73807766553876,-84.41801918414923,1090914990,89662,21.0,21.0,21.0,21.0,20.0,24.0,20.0,24.0,70.0,70.0,68.0,68.0,20.666666666666668,66.6,20.597277777777773,16.5,1.1
2025-10-17 14:03:27+00:00,33.73807843860106,-84.41800557885973,1090914990,89662,21.0,21.0,21.0,21.0,20.0,24.0,20.0,24.0,70.0,70.0,68.0,68.0,20.666666666666668,66.6,20.597277777777773,16.5,1.1
2025-10-17 14:03:28+00:00,33.738079207903944,-84.41799080824435,1090914990,89662,21.0,21.0,21.0,21.0,20.0,24.0,20.0,24.0,70.0,70.0,68.0,68.0,20.666666666666668,66.6,20.597277777777773,16.5,1.1
2025-10-17 14:03:29+00:00,33.73807981961601,-84.41797906337256,1090914990,89662,21.0,21.0,21.0,21.0,20.0,24.0,20.0,24.0,70.0,70.0,68.0,68.0,20.666666666666668,66.6,20.597277777777773,16.5,1.1
2025-10-17 14:03:31+00:00,33.73808041644759,-84.41796760420642,1090914990,89662,21.0,21.0,21.0,21.0,20.0,24.0,20.0,24.0,70.0,70.0,68.0,68.0,20.833333333333332,66.5,20.770972222222227,16.72222222222222,0.7
2025-10-17 14:03:35+00:00,33.73808039248877,-84.41796806421566,1090914990,89662,21.0,21.0,21.0,21.0,20.0,24.0,20.0,24.0,70.0,70.0,68.0,68.0,20.833333333333332,66.5,20.770972222222227,16.72222222222222,0.7
2025-10-17 14:03:37+00:00,33.73808135452927,-84.41794959303805,1090914990,89662,21.0,21.0,21.0,21.0,20.0,24.0,20.0,24.0,70.0,70.0,68.0,68.0,20.777777777777782,66.1,20.70741666666667,16.61111111111111,1.4
2025-10-17 14:03:38+00:00,33.73808199730753,-84.4179372516955,1090914990,89662,19.0,19.0,19.0,19.0,18.0,20.0,18.0,20.0,66.0,66.0,64.0,64.0,20.777777777777782,66.1,20.70741666666667,16.61111111111111,1.4
2025-10-17 14:03:39+00:00,33.73808274800459,-84.41792283831202,1090914990,89662,19.0,19.0,19.0,19.0,18.0,20.0,18.0,20.0,66.0,66.0,64.0,64.0,20.777777777777782,66.1,20.70741666666667,16.61111111111111,1.4
2025-10-17 14:03:40+00:00,33.73808388763893,-84.41790823597178,1090914990,89662,19.0,19.0,19.0,19.0,18.0,20.0,18.0,20.0,66.0,66.0,64.0,64.0,20.777777777777782,66.1,20.70741666666667,16.61111111111111,1.4
2025-10-17 14:03:41+00:00,33.73808497967677,-84.41789622355547,1090914990,89662,19.0,19.0,19.0,19.0,18.0,20.0,18.0,20.0,66.0,66.0,64.0,64.0,20.833333333333332,65.8,20.76183333333334,16.61111111111111,1.5
2025-10-17 14:03:42+00:00,33.73808591214287,-84.41788414214267,1090914990,89662,19.0,19.0,19.0,19.0,18.0,20.0,18.0,20.0,66.0,66.0,64.0,64.0,20.833333333333332,65.8,20.76183333333334,16.61111111111111,1.5
2025-10-17 14:03:43+00:00,33.738086520387625,-84.41787207185986,1090914990,89662,19.0,19.0,19.0,19.0,18.0,20.0,18.0,20.0,66.0,66.0,64.0,64.0,20.833333333333332,65.8,20.76183333333334,16.61111111111111,1.5
2025-10-17 14:03:45+00:00,33.73808740576174,-84.4178534790036,1090914990,89662,19.0,19.0,19.0,19.0,18.0,20.0,18.0,20.0,66.0,66.0,64.0,64.0,20.833333333333332,65.8,20.76183333333334,16.61111111111111,1.5
2025-10-17 14:03:47+00:00,33.738087967639785,-84.41784167956453,1090914990,89662,19.0,19.0,19.0,19.0,18.0,20.0,18.0,20.0,66.0,66.0,64.0,64.0,20.777777777777782,65.8,20.703500000000002,16.61111111111111,1.1
2025-10-17 14:04:00+00:00,33.73808845181261,-84.41783151193528,1090914990,89662,20.0,20.0,20.0,20.0,18.0,19.0,18.0,19.0,68.0,68.0,64.0,64.0,20.833333333333332,66.1,20.765750000000008,16.61111111111111,0.8
2025-10-17 14:04:04+00:00,33.73808872724867,-84.41782572777795,1090914990,89662,20.0,20.0,20.0,20.0,18.0,19.0,18.0,19.0,68.0,68.0,64.0,64.0,20.777777777777782,66.1,20.70741666666667,16.61111111111111,1.3
2025-10-17 14:04:05+00:00,33.73807627665828,-84.41782,1382904490,102142,20.0,20.0,20.0,20.0,18.0,19.0,18.0,19.0,68.0,68.0,64.0,64.0,20.777777777777782,66.1,20.70741666666667,16.61111111111111,1.3
2025-10-17 14:04:06+00:00,33.73806450042693,-84.4178199096437,1382904490,102142,20.0,20.0,20.0,20.0,18.0,19.0,18.0,19.0,68.0,68.0,64.0,64.0,20.777777777777782,66.1,20.70741666666667,16.61111111111111,1.4
2025-10-17 14:04:07+00:00,33.738051532274454,-84.4178197534009,1382904490,102142,20.0,20.0,20.0,20.0,18.0,19.0,18.0,19.0,68.0,68.0,64.0,64.0,20.777777777777782,66.1,20.70741666666667,16.61111111111111,1.4
2025-10-17 14:04:08+00:00,33.738037873451795,-84.41781958883676,1382904490,102142,19.0,19.0,19.0,19.0,19.0,23.0,19.0,23.0,66.0,66.0,66.0,66.0,20.777777777777782,66.1,20.70741666666667,16.61111111111111,1.4
2025-10-17 14:04:09+00:00,33.73802261073659,-84.41781940494863,1382904490,102142,19.0,19.0,19.0,19.0,19.0,23.0,19.0,23.0,66.0,66.0,66.0,66.0,20.777777777777782,66.1,20.70741666666667,16.61111111111111,1.4
2025-10-17 14:04:10+00:00,33.73798836289801,-84.41783683885572,1307448046,97377,19.0,19.0,19.0,19.0,19.0,23.0,19.0,23.0,66.0,66.0,66.0,66.0,20.777777777777782,66.1,20.70741666666667,16.61111111111111,1.4
2025-10-17 14:04:11+00:00,33.737988295583975,-84.41783872364871,1307448046,97377,19.0,19.0,19.0,19.0,19.0,23.0,19.0,23.0,66.0,66.0,66.0,66.0,20.888888888888886,65.9,20.821472222222216,16.72222222222222,1.2
2025-10-17 14:04:12+00:00,33.73798828709503,-84.4178389613393,1307448046,97377,19.0,19.0,19.0,19.0,19.0,23.0,19.0,23.0,66.0,66.0,66.0,66.0,20.888888888888886,65.9,20.821472222222216,16.72222222222222,1.2
2025-10-17 14:04:13+00:00,33.7379635626797,-84.41781704328305,1382904490,102141,19.0,19.0,19.0,19.0,19.0,23.0,19.0,23.0,66.0,66.0,66.0,66.0,20.888888888888886,65.9,20.821472222222216,16.72222222222222,1.2
2025-10-17 14:04:14+00:00,33.737949582943216,-84.4178159679187,1382904490,102141,19.0,19.0,19.0,19.0,19.0,23.0,19.0,23.0,66.0,66.0,66.0,66.0,20.888888888888886,65.9,20.821472222222216,16.72222222222222,1.2
2025-10-17 14:04:15+00:00,33.73793594625395,-84.41781491894261,1382904490,102141,19.0,19.0,19.0,19.0,19.0,23.0,19.0,23.0,66.0,66.0,66.0,66.0,20.888888888888886,65.9,20.821472222222216,16.72222222222222,1.2
2025-10-17 14:04:16+00:00,33.737924919294436,-84.41781407071495,1382904490,102141,19.0,19.0,19.0,19.0,19.0,23.0,19.0,23.0,66.0,66.0,66.0,66.0,20.944444444444443,65.4,20.873277777777776,16.61111111111111,0.9
2025-10-17 14:04:17+00:00,33.737917330955945,-84.41781348699661,1382904490,102141,19.0,19.0,19.0,19.0,19.0,23.0,19.0,23.0,66.0,66.0,66.0,66.0,20.944444444444443,65.4,20.873277777777776,16.61111111111111,0.9
2025-10-17 14:04:18+00:00,33.73790870446701,-84.417813,1382904490,102141,19.0,19.0,19.0,19.0,19.0,23.0,19.0,23.0,66.0,66.0,66.0,66.0,20.944444444444443,65.4,20.873277777777776,16.61111111111111,0.9
2025-10-17 14:04:19+00:00,33.737904255655025,-84.417813,1382904490,102141,19.0,19.0,19.0,19.0,19.0,23.0,19.0,23.0,66.0,66.0,66.0,66.0,20.944444444444443,65.4,20.873277777777776,16.61111111111111,0.9
2025-10-17 14:04:21+00:00,33.737904,-84.417813,1383669490,103670,19.0,19.0,19.0,19.0,19.0,23.0,19.0,23.0,66.0,66.0,66.0,66.0,21.0,65.1,20.92769444444444,16.61111111111111,0.9
2025-10-17 14:04:22+00:00,33.737986211612984,-84.41790680515861,1307448046,97377,19.0,19.0,19.0,19.0,19.0,23.0,19.0,23.0,66.0,66.0,66.0,66.0,21.0,65.1,20.92769444444444,16.61111111111111,0.9
2025-10-17 14:04:23+00:00,33.73798584284379,-84.41792185781046,1307448046,97377,18.5,18.5,18.5,18.5,21.5,24.5,21.5,24.5,65.0,65.0,71.0,71.0,21.0,65.1,20.92769444444444,16.61111111111111,0.9
2025-10-17 14:04:24+00:00,33.737985520650696,-84.41793796746518,1307448046,97377,18.5,18.5,18.5,18.5,21.5,24.5,21.5,24.5,65.0,65.0,71.0,71.0,21.0,65.1,20.92769444444444,16.61111111111111,0.9
2025-10-17 14:04:25+00:00,33.737985161753635,-84.41795591231843,1307448046,97377,18.5,18.5,18.5,18.5,21.5,24.5,21.5,24.5,65.0,65.0,71.0,71.0,21.0,65.1,20.92769444444444,16.61111111111111,0.9
2025-10-17 14:04:26+00:00,33.73798476426987,-84.41797484358626,1307448046,97377,18.5,18.5,18.5,18.5,21.5,24.5,21.5,24.5,65.0,65.0,71.0,71.0,20.888888888888886,65.0,20.80972222222222,16.5,1.0
2025-10-17 14:04:27+00:00,33.73798432811653,-84.41799490663936,1307448046,97377,18.5,18.5,18.5,18.5,21.5,24.5,21.5,24.5,65.0,65.0,71.0,71.0,20.888888888888886,65.0,20.80972222222222,16.5,1.0
2025-10-17 14:04:28+00:00,33.737984,-84.41801346682053,1307448046,97377,18.5,18.5,18.5,18.5,21.5,24.5,21.5,24.5,65.0,65.0,71.0,71.0,20.888888888888886,65.0,20.80972222222222,16.5,1.0
2025-10-17 14:04:29+00:00,33.73798339584136,-84.41803449980726,1307448046,97376,18.5,18.5,18.5,18.5,21.5,24.5,21.5,24.5,65.0,65.0,71.0,71.0,20.888888888888886,65.0,20.80972222222222,16.5,1.0
2025-10-17 14:04:30+00:00,33.73798278973154,-84.41805030805385,1307448046,97376,18.5,18.5,18.5,18.5,21.5,24.5,21.5,24.5,65.0,65.0,71.0,71.0,20.888888888888886,65.0,20.80972222222222,16.5,1.0
2025-10-17 14:04:31+00:00,33.73798230093264,-84.41806497202079,1307448046,97376,18.5,18.5,18.5,18.5,21.5,24.5,21.5,24.5,65.0,65.0,71.0,71.0,20.666666666666668,64.8,20.573777777777778,16.27777777777778,3.6
2025-10-17 14:04:32+00:00,33.737982,-84.41807757119996,1307448046,97376,18.5,18.5,18.5,18.5,21.5,24.5,21.5,24.5,65.0,65.0,71.0,71.0,20.666666666666668,64.8,20.573777777777778,16.27777777777778,3.6
2025-10-17 14:04:33+00:00,33.737982,-84.41809253181962,1307448046,97375,18.5,18.5,18.5,18.5,21.5,24.5,21.5,24.5,65.0,65.0,71.0,71.0,20.666666666666668,64.8,20.573777777777778,16.27777777777778,3.6
2025-10-17 14:04:34+00:00,33.737982,-84.41810668938425,1307448046,97375,18.5,18.5,18.5,18.5,21.5,24.5,21.5,24.5,65.0,65.0,71.0,71.0,20.666666666666668,64.8,20.573777777777778,16.27777777777778,3.6
2025-10-17 14:04:35+00:00,33.737981040701364,-84.4181253080768,1307448046,97375,18.5,18.5,18.5,18.5,21.5,24.5,21.5,24.5,65.0,65.0,71.0,71.0,20.666666666666668,64.8,20.573777777777778,16.27777777777778,3.6
2025-10-17 14:04:36+00:00,33.73798077043513,-84.41813796868664,1307448046,97375,18.5,18.5,18.5,18.5,21.5,24.5,21.5,24.5,65.0,65.0,71.0,71.0,20.500000000000004,64.2,20.390944444444443,16.11111111111111,1.5
2025-10-17 14:04:37+00:00,33.73798021453559,-84.41815242207475,1307448046,97375,18.5,18.5,18.5,18.5,21.5,24.5,21.5,24.5,65.0,65.0,71.0,71.0,20.500000000000004,64.2,20.390944444444443,16.11111111111111,1.5
2025-10-17 14:04:38+00:00,33.737979827647344,-84.41816610057495,1307448046,97375,19.0,19.0,19.0,19.0,20.0,20.0,20.0,20.0,66.0,66.0,68.0,68.0,20.500000000000004,64.2,20.390944444444443,16.11111111111111,1.5
2025-10-17 14:04:39+00:00,33.73797951163008,-84.41818095338631,1307448046,97375,19.0,19.0,19.0,19.0,20.0,20.0,20.0,20.0,66.0,66.0,68.0,68.0,20.500000000000004,64.2,20.390944444444443,16.11111111111111,1.5
2025-10-17 14:04:40+00:00,33.73797920066918,-84.41819556854848,1307448046,97375,19.0,19.0,19.0,19.0,20.0,20.0,20.0,20.0,66.0,66.0,68.0,68.0,20.500000000000004,64.2,20.390944444444443,16.11111111111111,1.5
2025-10-17 14:04:41+00:00,33.737979,-84.41820859366818,1307448046,97375,19.0,19.0,19.0,19.0,20.0,20.0,20.0,20.0,66.0,66.0,68.0,68.0,20.38888888888889,64.1,20.272972222222222,16.0,1.9
2025-10-17 14:04:42+00:00,33.737979,-84.41822327282357,1307448046,97375,19.0,19.0,19.0,19.0,20.0,20.0,20.0,20.0,66.0,66.0,68.0,68.0,20.38888888888889,64.1,20.272972222222222,16.0,1.9
2025-10-17 14:04:43+00:00,33.73797832681514,-84.41823981006698,1307448046,97374,19.0,19.0,19.0,19.0,20.0,20.0,20.0,20.0,66.0,66.0,68.0,68.0,20.38888888888889,64.1,20.272972222222222,16.0,1.9
2025-10-17 14:04:44+00:00,33.737977928581124,-84.41825007101157,1307448046,97374,19.0,19.0,19.0,19.0,20.0,20.0,20.0,20.0,66.0,66.0,68.0,68.0,20.38888888888889,64.1,20.272972222222222,16.0,1.9
2025-10-17 14:04:45+00:00,33.73797752217447,-84.4182675464979,1307448046,97374,19.0,19.0,19.0,19.0,20.0,20.0,20.0,20.0,66.0,66.0,68.0,68.0,20.38888888888889,64.1,20.272972222222222,16.0,1.9
2025-10-17 14:04:46+00:00,33.73797712109414,-84.41828479295198,1307448046,97374,19.0,19.0,19.0,19.0,20.0,20.0,20.0,20.0,66.0,66.0,68.0,68.0,20.38888888888889,64.1,20.272972222222222,16.0,1.1
2025-10-17 14:04:47+00:00,33.737977,-84.41830188797292,1307448046,97374,19.0,19.0,19.0,19.0,20.0,20.0,20.0,20.0,66.0,66.0,68.0,68.0,20.38888888888889,64.1,20.272972222222222,16.0,1.1
2025-10-17 14:04:48+00:00,33.73797629395573,-84.418328590664,1307448046,97374,19.0,19.0,19.0,19.0,20.0,20.0,20.0,20.0,66.0,66.0,68.0,68.0,20.38888888888889,64.1,20.272972222222222,16.0,1.1
2025-10-17 14:04:49+00:00,33.737976,-84.41834264027338,1307448046,97374,19.0,19.0,19.0,19.0,20.0,20.0,20.0,20.0,66.0,66.0,68.0,68.0,20.38888888888889,64.1,20.272972222222222,16.0,1.1
2025-10-17 14:04:50+00:00,33.737975,-84.418367,1307448046,97374,19.0,19.0,19.0,19.0,20.0,20.0,20.0,20.0,66.0,66.0,68.0,68.0,20.38888888888889,64.1,20.272972222222222,16.0,1.1
2025-10-17 14:04:51+00:00,33.737975,-84.41837818799473,1307448046,97374,19.0,19.0,19.0,19.0,20.0,20.0,20.0,20.0,66.0,66.0,68.0,68.0,20.38888888888889,64.4,20.27688888888889,16.0,0.9
2025-10-17 14:04:52+00:00,33.737975,-84.41839316440715,1307448046,97374,19.0,19.0,19.0,19.0,20.0,20.0,20.0,20.0,66.0,66.0,68.0,68.0,20.38888888888889,64.4,20.27688888888889,16.0,0.9
2025-10-17 14:04:53+00:00,33.7379740922649,-84.41841052376164,1307448046,97374,19.0,19.0,19.0,19.0,20.0,20.0,20.0,20.0,66.0,66.0,68.0,68.0,20.38888888888889,64.4,20.27688888888889,16.0,0.9
2025-10-17 14:04:55+00:00,33.73797357730265,-84.41842806249947,1307448046,97373,19.0,19.0,19.0,19.0,20.0,20.0,20.0,20.0,66.0,66.0,68.0,68.0,20.38888888888889,64.4,20.27688888888889,16.0,0.9
2025-10-17 14:04:57+00:00,33.737973023920496,-84.41844909102105,1307448046,97373,19.0,19.0,19.0,19.0,20.0,20.0,20.0,20.0,66.0,66.0,68.0,68.0,20.33333333333333,64.6,20.221166666666665,15.88888888888889,0.8
2025-10-17 14:04:58+00:00,33.73797273935615,-84.41846120768533,1307448046,97373,19.0,19.0,19.0,19.0,20.0,20.0,20.0,20.0,66.0,66.0,68.0,68.0,20.33333333333333,64.6,20.221166666666665,15.88888888888889,0.8
2025-10-17 14:04:59+00:00,33.73797240722715,-84.41847548923273,1307448046,97373,19.0,19.0,19.0,19.0,20.0,20.0,20.0,20.0,66.0,66.0,68.0,68.0,20.33333333333333,64.6,20.221166666666665,15.88888888888889,0.8
2025-10-17 14:05:00+00:00,33.737972100537476,-84.41848867688837,1307448046,97373,19.0,19.0,19.0,19.0,20.0,20.0,20.0,20.0,66.0,66.0,68.0,68.0,20.33333333333333,64.6,20.221166666666665,15.88888888888889,0.8
2025-10-17 14:05:01+00:00,33.737972,-84.41850328354252,1307448046,97373,19.0,19.0,19.0,19.0,20.0,20.0,20.0,20.0,66.0,66.0,68.0,68.0,20.27777777777778,64.8,20.165444444444443,15.88888888888889,0.8
2025-10-17 14:05:02+00:00,33.737971582279016,-84.41852302530367,1307448046,97372,19.0,19.0,19.0,19.0,20.0,20.0,20.0,20.0,66.0,66.0,68.0,68.0,20.27777777777778,64.8,20.165444444444443,15.88888888888889,0.8
2025-10-17 14:05:03+00:00,33.737971,-84.4185377024134,1307448046,97372,19.0,19.0,19.0,19.0,20.0,20.0,20.0,20.0,66.0,66.0,68.0,68.0,20.27777777777778,64.8,20.165444444444443,15.88888888888889,0.8
2025-10-17 14:05:04+00:00,33.737971,-84.4185539962703,1307448046,97372,19.0,19.0,19.0,19.0,20.0,20.0,20.0,20.0,66.0,66.0,68.0,68.0,20.27777777777778,64.8,20.165444444444443,15.88888888888889,0.8
2025-10-17 14:05:05+00:00,33.73797060522644,-84.41857510592412,1307448046,97372,19.0,19.0,19.0,19.0,20.0,20.0,20.0,20.0,66.0,66.0,68.0,68.0,20.27777777777778,64.8,20.165444444444443,15.88888888888889,0.8
2025-10-17 14:05:06+00:00,33.73797,-84.41858781970168,1307448046,97372,19.0,19.0,19.0,19.0,20.0,20.0,20.0,20.0,66.0,66.0,68.0,68.0,20.27777777777778,65.0,20.16805555555556,16.0,0.0
2025-10-17 14:05:07+00:00,33.737969,-84.418614,1307448046,97372,19.0,19.0,19.0,19.0,20.0,20.0,20.0,20.0,66.0,66.0,68.0,68.0,20.27777777777778,65.0,20.16805555555556,16.0,0.0
2025-10-17 14:05:08+00:00,33.737969,-84.41862116718151,1307448046,97372,18.0,18.0,18.0,18.0,19.0,20.0,19.0,20.0,64.0,64.0,66.0,66.0,20.27777777777778,65.0,20.16805555555556,16.0,0.0
2025-10-17 14:05:09+00:00,33.737969,-84.41863718574527,1307448046,97372,18.0,18.0,18.0,18.0,19.0,20.0,19.0,20.0,64.0,64.0,66.0,66.0,20.27777777777778,65.0,20.16805555555556,16.0,0.0
2025-10-17 14:05:10+00:00,33.73796870927725,-84.41865597734602,1307448046,97372,18.0,18.0,18.0,18.0,19.0,20.0,19.0,20.0,64.0,64.0,66.0,66.0,20.27777777777778,65.0,20.16805555555556,16.0,0.0
2025-10-17 14:05:11+00:00,33.737968114593095,-84.41867024976575,1307448046,97372,18.0,18.0,18.0,18.0,19.0,20.0,19.0,20.0,64.0,64.0,66.0,66.0,20.27777777777778,65.2,20.170666666666662,16.0,0.0
2025-10-17 14:05:12+00:00,33.73796757261952,-84.41868325713155,1307448046,97372,18.0,18.0,18.0,18.0,19.0,20.0,19.0,20.0,64.0,64.0,66.0,66.0,20.27777777777778,65.2,20.170666666666662,16.0,0.0
2025-10-17 14:05:13+00:00,33.73796705006662,-84.41869579840095,1307448046,97372,18.0,18.0,18.0,18.0,19.0,20.0,19.0,20.0,64.0,64.0,66.0,66.0,20.27777777777778,65.2,20.170666666666662,16.0,0.0
2025-10-17 14:05:14+00:00,33.73796677964959,-84.41870735646911,1307448046,97372,18.0,18.0,18.0,18.0,19.0,20.0,19.0,20.0,64.0,64.0,66.0,66.0,20.27777777777778,65.2,20.170666666666662,16.0,0.0
2025-10-17 14:05:15+00:00,33.737966488410905,-84.41872104468735,1307448046,97372,18.0,18.0,18.0,18.0,19.0,20.0,19.0,20.0,64.0,64.0,66.0,66.0,20.27777777777778,65.2,20.170666666666662,16.0,0.0
2025-10-17 14:05:16+00:00,33.73796617437129,-84.41873580454956,1307448046,97372,18.0,18.0,18.0,18.0,19.0,20.0,19.0,20.0,64.0,64.0,66.0,66.0,20.222222222222225,65.5,20.116250000000004,16.0,0.0
2025-10-17 14:05:17+00:00,33.73796579080643,-84.41875383209796,1307448046,97372,18.0,18.0,18.0,18.0,19.0,20.0,19.0,20.0,64.0,64.0,66.0,66.0,20.222222222222225,65.5,20.116250000000004,16.0,0.0
2025-10-17 14:05:18+00:00,33.73796538079468,-84.4187731026502,1307448046,97372,18.0,18.0,18.0,18.0,19.0,20.0,19.0,20.0,64.0,64.0,66.0,66.0,20.222222222222225,65.5,20.116250000000004,16.0,0.0
2025-10-17 14:05:19+00:00,33.737965,-84.418791,1307448046,97372,18.0,18.0,18.0,18.0,19.0,20.0,19.0,20.0,64.0,64.0,66.0,66.0,20.222222222222225,65.5,20.116250000000004,16.0,0.0
2025-10-17 14:05:20+00:00,33.73796476012422,-84.41881251714291,1307448046,97372,18.0,18.0,18.0,18.0,19.0,20.0,19.0,20.0,64.0,64.0,66.0,66.0,20.222222222222225,65.5,20.116250000000004,16.0,0.0
2025-10-17 14:05:21+00:00,33.73796402083752,-84.41882952073698,1307448046,97372,18.0,18.0,18.0,18.0,19.0,20.0,19.0,20.0,64.0,64.0,66.0,66.0,20.27777777777778,65.6,20.175888888888885,16.11111111111111,0.0
2025-10-17 14:05:22+00:00,33.737964,-84.4188407034245,1307448046,97371,18.0,18.0,18.0,18.0,19.0,20.0,19.0,20.0,64.0,64.0,66.0,66.0,20.27777777777778,65.6,20.175888888888885,16.11111111111111,0.0
2025-10-17 14:05:23+00:00,33.737963,-84.418864,1307448046,97371,19.0,21.0,19.0,21.0,18.0,19.0,18.0,19.0,66.0,66.0,64.0,64.0,20.27777777777778,65.6,20.175888888888885,16.11111111111111,0.0
2025-10-17 14:05:24+00:00,33.737963,-84.41886947584285,1307448046,97371,19.0,21.0,19.0,21.0,18.0,19.0,18.0,19.0,66.0,66.0,64.0,64.0,20.27777777777778,65.6,20.175888888888885,16.11111111111111,0.0
2025-10-17 14:05:25+00:00,33.737963,-84.41888575272091,1307448046,97371,19.0,21.0,19.0,21.0,18.0,19.0,18.0,19.0,66.0,66.0,64.0,64.0,20.27777777777778,65.6,20.175888888888885,16.11111111111111,0.0
2025-10-17 14:05:26+00:00,33.73796278555966,-84.41890664765066,1307448046,97371,19.0,21.0,19.0,21.0,18.0,19.0,18.0,19.0,66.0,66.0,64.0,64.0,20.222222222222225,66.0,20.12277777777778,16.11111111111111,0.0
2025-10-17 14:05:27+00:00,33.73796219071503,-84.41892508783407,1307448046,97371,19.0,21.0,19.0,21.0,18.0,19.0,18.0,19.0,66.0,66.0,64.0,64.0,20.222222222222225,66.0,20.12277777777778,16.11111111111111,0.0
2025-10-17 14:05:28+00:00,33.737961652470034,-84.4189419471941,1307448046,97371,19.0,21.0,19.0,21.0,18.0,19.0,18.0,19.0,66.0,66.0,64.0,64.0,20.222222222222225,66.0,20.12277777777778,16.11111111111111,0.0
2025-10-17 14:05:29+00:00,33.73796117248518,-84.4189570667169,1307448046,97371,19.0,21.0,19.0,21.0,18.0,19.0,18.0,19.0,66.0,66.0,64.0,64.0,20.222222222222225,66.0,20.12277777777778,16.11111111111111,0.0
2025-10-17 14:05:30+00:00,33.73796069725331,-84.41897203652094,1307448046,97371,19.0,21.0,19.0,21.0,18.0,19.0,18.0,19.0,66.0,66.0,64.0,64.0,20.222222222222225,66.0,20.12277777777778,16.11111111111111,0.0
2025-10-17 14:05:31+00:00,33.73796022181234,-84.4189870129115,1307448046,97371,19.0,21.0,19.0,21.0,18.0,19.0,18.0,19.0,66.0,66.0,64.0,64.0,20.166666666666668,66.2,20.067055555555555,16.11111111111111,0.8
2025-10-17 14:05:32+00:00,33.73795983771634,-84.41900162733195,1307448046,97371,19.0,21.0,19.0,21.0,18.0,19.0,18.0,19.0,66.0,66.0,64.0,64.0,20.166666666666668,66.2,20.067055555555555,16.11111111111111,0.8
2025-10-17 14:05:33+00:00,33.73795948594503,-84.41901816058365,1307448046,97371,19.0,21.0,19.0,21.0,18.0,19.0,18.0,19.0,66.0,66.0,64.0,64.0,20.166666666666668,66.2,20.067055555555555,16.11111111111111,0.8
2025-10-17 14:05:34+00:00,33.73795914303772,-84.419034277227,1307448046,97371,19.0,21.0,19.0,21.0,18.0,19.0,18.0,19.0,66.0,66.0,64.0,64.0,20.166666666666668,66.2,20.067055555555555,16.11111111111111,0.8
2025-10-17 14:05:35+00:00,33.737959,-84.41904725130175,1307448046,97371,19.0,21.0,19.0,21.0,18.0,19.0,18.0,19.0,66.0,66.0,64.0,64.0,20.166666666666668,66.2,20.067055555555555,16.11111111111111,0.8
2025-10-17 14:05:36+00:00,33.73795849343193,-84.41906565106548,1307448046,97371,19.0,21.0,19.0,21.0,18.0,19.0,18.0,19.0,66.0,66.0,64.0,64.0,20.11111111111111,66.1,20.007416666666668,16.0,0.8
2025-10-17 14:05:37+00:00,33.737958,-84.419077,1307448046,97371,19.0,21.0,19.0,21.0,18.0,19.0,18.0,19.0,66.0,66.0,64.0,64.0,20.11111111111111,66.1,20.007416666666668,16.0,0.8
2025-10-17 14:05:38+00:00,33.737958,-84.41908687458425,1307448046,97371,20.0,21.0,20.0,21.0,17.0,20.0,17.0,20.0,68.0,68.0,62.0,62.0,20.11111111111111,66.1,20.007416666666668,16.0,0.8
2025-10-17 14:05:39+00:00,33.737958,-84.41909857824233,1307448046,97371,20.0,21.0,20.0,21.0,17.0,20.0,17.0,20.0,68.0,68.0,62.0,62.0,20.11111111111111,66.1,20.007416666666668,16.0,0.8
2025-10-17 14:05:40+00:00,33.73795707027943,-84.419116016088,1307448046,97371,20.0,21.0,20.0,21.0,17.0,20.0,17.0,20.0,68.0,68.0,62.0,62.0,20.11111111111111,66.1,20.007416666666668,16.0,0.8
2025-10-17 14:05:41+00:00,33.73795673928469,-84.41912586432045,1307448046,97371,20.0,21.0,20.0,21.0,17.0,20.0,17.0,20.0,68.0,68.0,62.0,62.0,20.055555555555554,65.9,19.946472222222223,15.88888888888889,1.3
2025-10-17 14:05:42+00:00,33.73795623399942,-84.41914304401966,1307448046,97371,20.0,21.0,20.0,21.0,17.0,20.0,17.0,20.0,68.0,68.0,62.0,62.0,20.055555555555554,65.9,19.946472222222223,15.88888888888889,1.3
2025-10-17 14:05:43+00:00,33.737956,-84.41915900931888,1307448046,97371,20.0,21.0,20.0,21.0,17.0,20.0,17.0,20.0,68.0,68.0,62.0,62.0,20.055555555555554,65.9,19.946472222222223,15.88888888888889,1.3
2025-10-17 14:05:44+00:00,33.737955785522175,-84.41918036463497,1307448046,97371,20.0,21.0,20.0,21.0,17.0,20.0,17.0,20.0,68.0,68.0,62.0,62.0,20.055555555555554,65.9,19.946472222222223,15.88888888888889,1.3
2025-10-17 14:05:45+00:00,33.737955228593265,-84.41920208486277,1307448046,97371,20.0,21.0,20.0,21.0,17.0,20.0,17.0,20.0,68.0,68.0,62.0,62.0,20.055555555555554,65.9,19.946472222222223,15.88888888888889,1.3
2025-10-17 14:05:46+00:00,33.73795455780549,-84.41922338144632,1307448046,97370,20.0,21.0,20.0,21.0,17.0,20.0,17.0,20.0,68.0,68.0,62.0,62.0,20.11111111111111,65.6,20.000888888888888,15.88888888888889,0.9
2025-10-17 14:05:47+00:00,33.73795400575719,-84.4192388387988,1307448046,97370,20.0,21.0,20.0,21.0,17.0,20.0,17.0,20.0,68.0,68.0,62.0,62.0,20.11111111111111,65.6,20.000888888888888,15.88888888888889,0.9
2025-10-17 14:05:48+00:00,33.737953849401485,-84.41924878890354,1307448046,97370,20.0,21.0,20.0,21.0,17.0,20.0,17.0,20.0,68.0,68.0,62.0,62.0,20.11111111111111,65.6,20.000888888888888,15.88888888888889,0.9
2025-10-17 14:05:49+00:00,33.737953696780274,-84.41925870928233,1307448046,97370,20.0,21.0,20.0,21.0,17.0,20.0,17.0,20.0,68.0,68.0,62.0,62.0,20.11111111111111,65.6,20.000888888888888,15.88888888888889,0.9
2025-10-17 14:05:50+00:00,33.737875097218186,-84.419331,9277745,14754,20.0,21.0,20.0,21.0,17.0,20.0,17.0,20.0,68.0,68.0,62.0,62.0,20.11111111111111,65.6,20.000888888888888,15.88888888888889,0.9
2025-10-17 14:05:51+00:00,33.7378683510288,-84.419331,9277745,14754,20.0,21.0,20.0,21.0,17.0,20.0,17.0,20.0,68.0,68.0,62.0,62.0,20.11111111111111,65.5,19.999583333333337,15.88888888888889,0.0
2025-10-17 14:05:52+00:00,33.737863097480904,-84.419331,9277745,14754,20.0,21.0,20.0,21.0,17.0,20.0,17.0,20.0,68.0,68.0,62.0,62.0,20.11111111111111,65.5,19.999583333333337,15.88888888888889,0.0
2025-10-17 14:05:53+00:00,33.7378607544531,-84.419331,9277745,14754,19.0,19.0,19.0,19.0,19.0,20.0,19.0,20.0,66.0,66.0,66.0,66.0,20.11111111111111,65.5,19.999583333333337,15.88888888888889,0.0
2025-10-17 14:05:54+00:00,33.737859590008966,-84.419331,9277745,14754,19.0,19.0,19.0,19.0,19.0,20.0,19.0,20.0,66.0,66.0,66.0,66.0,20.11111111111111,65.5,19.999583333333337,15.88888888888889,0.0
2025-10-17 14:05:55+00:00,33.73785969585537,-84.419331,9277745,14754,19.0,19.0,19.0,19.0,19.0,20.0,19.0,20.0,66.0,66.0,66.0,66.0,20.11111111111111,65.5,19.999583333333337,15.88888888888889,0.0
2025-10-17 14:05:56+00:00,33.7378609951998,-84.419331,9277745,14754,19.0,19.0,19.0,19.0,19.0,20.0,19.0,20.0,66.0,66.0,66.0,66.0,20.055555555555554,65.6,19.942555555555558,15.88888888888889,1.1
2025-10-17 14:05:57+00:00,33.73786310489342,-84.419331,9277745,14754,19.0,19.0,19.0,19.0,19.0,20.0,19.0,20.0,66.0,66.0,66.0,66.0,20.055555555555554,65.6,19.942555555555558,15.88888888888889,1.1
2025-10-17 14:05:58+00:00,33.73786553244445,-84.419331,9277745,14754,19.0,19.0,19.0,19.0,19.0,20.0,19.0,20.0,66.0,66.0,66.0,66.0,20.055555555555554,65.6,19.942555555555558,15.88888888888889,1.1
2025-10-17 14:05:59+00:00,33.737866208602505,-84.419331,9277745,14754,19.0,19.0,19.0,19.0,19.0,20.0,19.0,20.0,66.0,66.0,66.0,66.0,20.055555555555554,65.6,19.942555555555558,15.88888888888889,1.1
2025-10-17 14:06:00+00:00,33.73786449055512,-84.419331,9277745,14754,19.0,19.0,19.0,19.0,19.0,20.0,19.0,20.0,66.0,66.0,66.0,66.0,20.055555555555554,65.6,19.942555555555558,15.88888888888889,1.1
2025-10-17 14:06:01+00:00,33.737859914784465,-84.419331,9277745,14754,19.0,19.0,19.0,19.0,19.0,20.0,19.0,20.0,66.0,66.0,66.0,66.0,20.11111111111111,65.7,20.002194444444445,15.88888888888889,1.2
2025-10-17 14:06:02+00:00,33.737952,-84.41943402701507,1307448046,97369,19.0,19.0,19.0,19.0,19.0,20.0,19.0,20.0,66.0,66.0,66.0,66.0,20.11111111111111,65.7,20.002194444444445,15.88888888888889,1.2
2025-10-17 14:06:03+00:00,33.737952,-84.41944868039509,1307448046,97369,19.0,19.0,19.0,19.0,19.0,20.0,19.0,20.0,66.0,66.0,66.0,66.0,20.11111111111111,65.7,20.002194444444445,15.88888888888889,1.2
2025-10-17 14:06:04+00:00,33.737952,-84.41946104298204,1307448046,97369,19.0,19.0,19.0,19.0,19.0,20.0,19.0,20.0,66.0,66.0,66.0,66.0,20.11111111111111,65.7,20.002194444444445,15.88888888888889,1.2
2025-10-17 14:06:05+00:00,33.737952,-84.41947291079111,1307448046,97369,19.0,19.0,19.0,19.0,19.0,20.0,19.0,20.0,66.0,66.0,66.0,66.0,20.11111111111111,65.7,20.002194444444445,15.88888888888889,1.2
2025-10-17 14:06:06+00:00,33.737952,-84.41948676450671,1307448046,97369,19.0,19.0,19.0,19.0,19.0,20.0,19.0,20.0,66.0,66.0,66.0,66.0,20.11111111111111,66.0,20.00611111111111,16.0,0.8
2025-10-17 14:06:07+00:00,33.737952,-84.41950039477044,1307448046,97369,19.0,19.0,19.0,19.0,19.0,20.0,19.0,20.0,66.0,66.0,66.0,66.0,20.11111111111111,66.0,20.00611111111111,16.0,0.8
2025-10-17 14:06:08+00:00,33.737952,-84.41951374092204,1307448046,97369,18.0,18.0,18.0,18.0,19.5,20.5,19.5,20.5,64.0,64.0,67.0,67.0,20.11111111111111,66.0,20.00611111111111,16.0,0.8
2025-10-17 14:06:09+00:00,33.737952,-84.41952713606254,1307448046,97369,18.0,18.0,18.0,18.0,19.5,20.5,19.5,20.5,64.0,64.0,67.0,67.0,20.11111111111111,66.0,20.00611111111111,16.0,0.8
2025-10-17 14:06:10+00:00,33.737952,-84.41954072820262,1307448046,97369,18.0,18.0,18.0,18.0,19.5,20.5,19.5,20.5,64.0,64.0,67.0,67.0,20.11111111111111,66.0,20.00611111111111,16.0,0.8
2025-10-17 14:06:11+00:00,33.737952,-84.41955558050714,1307448046,97369,18.0,18.0,18.0,18.0,19.5,20.5,19.5,20.5,64.0,64.0,67.0,67.0,20.055555555555554,66.1,19.94908333333333,15.88888888888889,1.4
2025-10-17 14:06:12+00:00,33.737952,-84.41957201284752,1307448046,97369,18.0,18.0,18.0,18.0,19.5,20.5,19.5,20.5,64.0,64.0,67.0,67.0,20.055555555555554,66.1,19.94908333333333,15.88888888888889,1.4
2025-10-17 14:06:13+00:00,33.737952,-84.41958841010856,1307448046,97369,18.0,18.0,18.0,18.0,19.5,20.5,19.5,20.5,64.0,64.0,67.0,67.0,20.055555555555554,66.1,19.94908333333333,15.88888888888889,1.4
2025-10-17 14:06:14+00:00,33.737952,-84.41960652252884,1307448046,97369,18.0,18.0,18.0,18.0,19.5,20.5,19.5,20.5,64.0,64.0,67.0,67.0,20.055555555555554,66.1,19.94908333333333,15.88888888888889,1.4
2025-10-17 14:06:15+00:00,33.737952,-84.41962567614021,1307448046,97369,18.0,18.0,18.0,18.0,19.5,20.5,19.5,20.5,64.0,64.0,67.0,67.0,20.055555555555554,66.1,19.94908333333333,15.88888888888889,1.4
2025-10-17 14:06:16+00:00,33.737952,-84.41964555997815,1307448046,97369,18.0,18.0,18.0,18.0,19.5,20.5,19.5,20.5,64.0,64.0,67.0,67.0,19.944444444444446,66.0,19.83111111111111,15.777777777777779,1.0
2025-10-17 14:06:17+00:00,33.737952,-84.41966484581174,1307448046,97369,18.0,18.0,18.0,18.0,19.5,20.5,19.5,20.5,64.0,64.0,67.0,67.0,19.944444444444446,66.0,19.83111111111111,15.777777777777779,1.0
2025-10-17 14:06:18+00:00,33.737952,-84.41968264153104,1307448046,97369,18.0,18.0,18.0,18.0,19.5,20.5,19.5,20.5,64.0,64.0,67.0,67.0,19.944444444444446,66.0,19.83111111111111,15.777777777777779,1.0
2025-10-17 14:06:19+00:00,33.737952,-84.41969851673758,1307448046,97369,18.0,18.0,18.0,18.0,19.5,20.5,19.5,20.5,64.0,64.0,67.0,67.0,19.944444444444446,66.0,19.83111111111111,15.777777777777779,1.0
2025-10-17 14:06:20+00:00,33.737952,-84.41971260082919,1307448046,97369,18.0,18.0,18.0,18.0,19.5,20.5,19.5,20.5,64.0,64.0,67.0,67.0,19.944444444444446,66.0,19.83111111111111,15.777777777777779,1.0
2025-10-17 14:06:21+00:00,33.737952,-84.41972708990271,1307448046,97369,18.0,18.0,18.0,18.0,19.5,20.5,19.5,20.5,64.0,64.0,67.0,67.0,19.944444444444446,65.9,19.829805555555556,15.777777777777779,0.8
2025-10-17 14:06:22+00:00,33.737952,-84.41974084247205,1307448046,97369,18.0,18.0,18.0,18.0,19.5,20.5,19.5,20.5,64.0,64.0,67.0,67.0,19.944444444444446,65.9,19.829805555555556,15.777777777777779,0.8
2025-10-17 14:06:23+00:00,33.737952,-84.419753806256,1307448046,97369,18.0,18.0,18.0,18.0,18.0,18.0,18.0,18.0,64.0,64.0,64.0,64.0,19.944444444444446,65.9,19.829805555555556,15.777777777777779,0.8
2025-10-17 14:06:24+00:00,33.737952,-84.41976617832678,1307448046,97369,18.0,18.0,18.0,18.0,18.0,18.0,18.0,18.0,64.0,64.0,64.0,64.0,19.944444444444446,65.9,19.829805555555556,15.777777777777779,0.8
2025-10-17 14:06:25+00:00,33.737952,-84.41978113404909,1307448046,97369,18.0,18.0,18.0,18.0,18.0,18.0,18.0,18.0,64.0,64.0,64.0,64.0,19.944444444444446,65.9,19.829805555555556,15.777777777777779,0.8
2025-10-17 14:06:26+00:00,33.737952,-84.41979602294438,1307448046,97369,18.0,18.0,18.0,18.0,18.0,18.0,18.0,18.0,64.0,64.0,64.0,64.0,19.944444444444446,65.9,19.829805555555556,15.777777777777779,0.0
2025-10-17 14:06:27+00:00,33.737952,-84.41981208100115,1307448046,97369,18.0,18.0,18.0,18.0,18.0,18.0,18.0,18.0,64.0,64.0,64.0,64.0,19.944444444444446,65.9,19.829805555555556,15.777777777777779,0.0
2025-10-17 14:06:28+00:00,33.737952,-84.41982791326326,1307448046,97369,18.0,18.0,18.0,18.0,18.0,18.0,18.0,18.0,64.0,64.0,64.0,64.0,19.944444444444446,65.9,19.829805555555556,15.777777777777779,0.0
2025-10-17 14:06:29+00:00,33.737952,-84.41984389918038,1307448046,97369,18.0,18.0,18.0,18.0,18.0,18.0,18.0,18.0,64.0,64.0,64.0,64.0,19.944444444444446,65.9,19.829805555555556,15.777777777777779,0.0
2025-10-17 14:06:30+00:00,33.737952,-84.41986056676261,1307448046,97369,18.0,18.0,18.0,18.0,18.0,18.0,18.0,18.0,64.0,64.0,64.0,64.0,19.944444444444446,65.9,19.829805555555556,15.777777777777779,0.0
2025-10-17 14:06:31+00:00,33.737952,-84.419874,1307448046,97369,18.0,18.0,18.0,18.0,18.0,18.0,18.0,18.0,64.0,64.0,64.0,64.0,20.0,66.1,19.890749999999997,15.88888888888889,0.8
2025-10-17 14:06:32+00:00,33.73795266145614,-84.41988722912288,1307448046,97369,18.0,18.0,18.0,18.0,18.0,18.0,18.0,18.0,64.0,64.0,64.0,64.0,20.0,66.1,19.890749999999997,15.88888888888889,0.8
2025-10-17 14:06:33+00:00,33.73795352699061,-84.4198998627705,1307448046,97368,18.0,18.0,18.0,18.0,18.0,18.0,18.0,18.0,64.0,64.0,64.0,64.0,20.0,66.1,19.890749999999997,15.88888888888889,0.8
2025-10-17 14:06:34+00:00,33.737954895394864,-84.41991508626792,1307448046,97368,18.0,18.0,18.0,18.0,18.0,18.0,18.0,18.0,64.0,64.0,64.0,64.0,20.0,66.1,19.890749999999997,15.88888888888889,0.8
2025-10-17 14:06:35+00:00,33.73795624145675,-84.41993006120634,1307448046,97368,18.0,18.0,18.0,18.0,18.0,18.0,18.0,18.0,64.0,64.0,64.0,64.0,20.0,66.1,19.890749999999997,15.88888888888889,0.8
2025-10-17 14:06:36+00:00,33.73795747525779,-84.41994378724291,1307448046,97368,18.0,18.0,18.0,18.0,18.0,18.0,18.0,18.0,64.0,64.0,64.0,64.0,20.0,66.6,19.897277777777777,15.88888888888889,1.0
2025-10-17 14:06:37+00:00,33.73795847640873,-84.41995492504714,1307448046,97368,18.0,18.0,18.0,18.0,18.0,18.0,18.0,18.0,64.0,64.0,64.0,64.0,20.0,66.6,19.897277777777777,15.88888888888889,1.0
2025-10-17 14:06:38+00:00,33.73795952626491,-84.41996660469711,1307448046,97368,21.0,21.0,21.0,21.0,19.0,20.0,19.0,20.0,70.0,70.0,66.0,66.0,20.0,66.6,19.897277777777777,15.88888888888889,1.0
2025-10-17 14:06:39+00:00,33.737961,-84.419986,1307448046,97368,21.0,21.0,21.0,21.0,19.0,20.0,19.0,20.0,70.0,70.0,66.0,66.0,20.0,66.6,19.897277777777777,15.88888888888889,1.0
2025-10-17 14:06:40+00:00,33.73796176756769,-84.41999271621731,1307448046,97368,21.0,21.0,21.0,21.0,19.0,20.0,19.0,20.0,70.0,70.0,66.0,66.0,20.0,66.6,19.897277777777777,15.88888888888889,1.0
2025-10-17 14:06:41+00:00,33.73796325071777,-84.42000569378047,1307448046,97368,21.0,21.0,21.0,21.0,19.0,20.0,19.0,20.0,70.0,70.0,66.0,66.0,20.11111111111111,66.7,20.015249999999998,16.0,1.5
2025-10-17 14:06:42+00:00,33.737964687181254,-84.42001826283595,1307448046,97368,21.0,21.0,21.0,21.0,19.0,20.0,19.0,20.0,70.0,70.0,66.0,66.0,20.11111111111111,66.7,20.015249999999998,16.0,1.5
2025-10-17 14:06:43+00:00,33.737965926072484,-84.42003242156058,1307448046,97368,21.0,21.0,21.0,21.0,19.0,20.0,19.0,20.0,70.0,70.0,66.0,66.0,20.11111111111111,66.7,20.015249999999998,16.0,1.5
2025-10-17 14:06:44+00:00,33.737966874569445,-84.42004411968975,1307448046,97368,21.0,21.0,21.0,21.0,19.0,20.0,19.0,20.0,70.0,70.0,66.0,66.0,20.11111111111111,66.7,20.015249999999998,16.0,1.5
2025-10-17 14:06:45+00:00,33.73796781646352,-84.42005573638333,1307448046,97368,21.0,21.0,21.0,21.0,19.0,20.0,19.0,20.0,70.0,70.0,66.0,66.0,20.11111111111111,66.7,20.015249999999998,16.0,1.5
2025-10-17 14:06:46+00:00,33.73796805182397,-84.42005825911986,1307448046,97368,21.0,21.0,21.0,21.0,19.0,20.0,19.0,20.0,70.0,70.0,66.0,66.0,20.222222222222225,66.6,20.130611111111122,16.11111111111111,0.8
2025-10-17 14:06:47+00:00,33.73797035255108,-84.42007968146333,1307448046,97368,21.0,21.0,21.0,21.0,19.0,20.0,19.0,20.0,70.0,70.0,66.0,66.0,20.222222222222225,66.6,20.130611111111122,16.11111111111111,0.8
2025-10-17 14:06:48+00:00,33.73797151442054,-84.4200940111867,1307448046,97368,21.0,21.0,21.0,21.0,19.0,20.0,19.0,20.0,70.0,70.0,66.0,66.0,20.222222222222225,66.6,20.130611111111122,16.11111111111111,0.8
2025-10-17 14:06:49+00:00,33.737972387782015,-84.42010271447411,1307448046,97368,21.0,21.0,21.0,21.0,19.0,20.0,19.0,20.0,70.0,70.0,66.0,66.0,20.222222222222225,66.6,20.130611111111122,16.11111111111111,0.8
2025-10-17 14:06:50+00:00,33.73797448104175,-84.42012377250103,1307448046,97368,21.0,21.0,21.0,21.0,19.0,20.0,19.0,20.0,70.0,70.0,66.0,66.0,20.222222222222225,66.6,20.130611111111122,16.11111111111111,0.8
2025-10-17 14:06:51+00:00,33.73797567754051,-84.42013745294564,1307448046,97368,21.0,21.0,21.0,21.0,19.0,20.0,19.0,20.0,70.0,70.0,66.0,66.0,20.27777777777778,66.5,20.187638888888888,16.22222222222222,0.9
2025-10-17 14:06:52+00:00,33.73797705666654,-84.4201526233319,1307448046,97368,21.0,21.0,21.0,21.0,19.0,20.0,19.0,20.0,70.0,70.0,66.0,66.0,20.27777777777778,66.5,20.187638888888888,16.22222222222222,0.9
2025-10-17 14:06:53+00:00,33.73797869278218,-84.42017062060401,1307448046,97368,21.0,21.0,21.0,21.0,20.0,21.0,20.0,21.0,70.0,70.0,68.0,68.0,20.27777777777778,66.5,20.187638888888888,16.22222222222222,0.9
2025-10-17 14:06:54+00:00,33.737980404101165,-84.42018944511287,1307448046,97368,21.0,21.0,21.0,21.0,20.0,21.0,20.0,21.0,70.0,70.0,68.0,68.0,20.27777777777778,66.5,20.187638888888888,16.22222222222222,0.9
2025-10-17 14:06:55+00:00,33.73798205832471,-84.42020764157189,1307448046,97368,21.0,21.0,21.0,21.0,20.0,21.0,20.0,21.0,70.0,70.0,68.0,68.0,20.27777777777778,66.5,20.187638888888888,16.22222222222222,0.9
2025-10-17 14:06:56+00:00,33.73798372396744,-84.42022596364183,1307448046,97368,21.0,21.0,21.0,21.0,20.0,21.0,20.0,21.0,70.0,70.0,68.0,68.0,20.33333333333333,66.2,20.242055555555552,16.22222222222222,0.8
2025-10-17 14:06:57+00:00,33.73798591973975,-84.42024273029703,1307448046,97368,21.0,21.0,21.0,21.0,20.0,21.0,20.0,21.0,70.0,70.0,68.0,68.0,20.33333333333333,66.2,20.242055555555552,16.22222222222222,0.8
2025-10-17 14:06:58+00:00,33.73798712574002,-84.42025680030021,1307448046,97368,21.0,21.0,21.0,21.0,20.0,21.0,20.0,21.0,70.0,70.0,68.0,68.0,20.33333333333333,66.2,20.242055555555552,16.22222222222222,0.8
2025-10-17 14:06:59+00:00,33.73798806362671,-84.42026759384927,1307448046,97368,21.0,21.0,21.0,21.0,20.0,21.0,20.0,21.0,70.0,70.0,68.0,68.0,20.33333333333333,66.2,20.242055555555552,16.22222222222222,0.8
2025-10-17 14:07:00+00:00,33.73798961627985,-84.42028208527856,1307448046,97368,21.0,21.0,21.0,21.0,20.0,21.0,20.0,21.0,70.0,70.0,68.0,68.0,20.33333333333333,66.2,20.242055555555552,16.22222222222222,0.8
2025-10-17 14:07:01+00:00,33.73799148669491,-84.42029986694908,1307448046,97368,21.0,21.0,21.0,21.0,20.0,21.0,20.0,21.0,70.0,70.0,68.0,68.0,20.33333333333333,66.2,20.242055555555552,16.22222222222222,0.8
2025-10-17 14:07:02+00:00,33.73799336027006,-84.4203202239159,1307448046,97368,21.0,21.0,21.0,21.0,20.0,21.0,20.0,21.0,70.0,70.0,68.0,68.0,20.33333333333333,66.2,20.242055555555552,16.22222222222222,0.8
2025-10-17 14:07:03+00:00,33.73799465651619,-84.42033901948479,1307448046,97368,21.0,21.0,21.0,21.0,20.0,21.0,20.0,21.0,70.0,70.0,68.0,68.0,20.33333333333333,66.2,20.242055555555552,16.22222222222222,0.8
2025-10-17 14:07:04+00:00,33.73799618417593,-84.4203580259352,1307448046,97368,21.0,21.0,21.0,21.0,20.0,21.0,20.0,21.0,70.0,70.0,68.0,68.0,20.33333333333333,66.2,20.242055555555552,16.22222222222222,0.8
2025-10-17 14:07:05+00:00,33.73799798045505,-84.42037698281506,1307448046,97368,21.0,21.0,21.0,21.0,20.0,21.0,20.0,21.0,70.0,70.0,68.0,68.0,20.33333333333333,66.2,20.242055555555552,16.22222222222222,0.8
2025-10-17 14:07:06+00:00,33.73799976641607,-84.42039516714537,1307448046,97368,21.0,21.0,21.0,21.0,20.0,21.0,20.0,21.0,70.0,70.0,68.0,68.0,20.33333333333333,66.3,20.243361111111113,16.27777777777778,0.8
2025-10-17 14:07:07+00:00,33.73800154559222,-84.42041328239354,1307448046,97368,21.0,21.0,21.0,21.0,20.0,21.0,20.0,21.0,70.0,70.0,68.0,68.0,20.33333333333333,66.3,20.243361111111113,16.27777777777778,0.8
2025-10-17 14:07:08+00:00,33.738003466655115,-84.42043284230661,1307448046,97368,17.0,18.0,17.0,18.0,20.0,25.0,20.0,25.0,62.0,62.0,68.0,68.0,20.33333333333333,66.3,20.243361111111113,16.27777777777778,0.8
2025-10-17 14:07:09+00:00,33.737956571167196,-84.42049802856667,9257224,6059,17.0,18.0,17.0,18.0,20.0,25.0,20.0,25.0,62.0,62.0,68.0,68.0,20.33333333333333,66.3,20.243361111111113,16.27777777777778,0.8
2025-10-17 14:07:10+00:00,33.73795430112507,-84.420498,9257224,6059,17.0,18.0,17.0,18.0,20.0,25.0,20.0,25.0,62.0,62.0,68.0,68.0,20.33333333333333,66.3,20.243361111111113,16.27777777777778,0.8
2025-10-17 14:07:11+00:00,33.73794887668345,-84.420498,9257224,6059,17.0,18.0,17.0,18.0,20.0,25.0,20.0,25.0,62.0,62.0,68.0,68.0,20.27777777777778,66.5,20.187638888888888,16.22222222222222,1.0
2025-10-17 14:07:12+00:00,33.737944080409385,-84.420498,9257224,6059,17.0,18.0,17.0,18.0,20.0,25.0,20.0,25.0,62.0,62.0,68.0,68.0,20.27777777777778,66.5,20.187638888888888,16.22222222222222,1.0
2025-10-17 14:07:14+00:00,33.73794265293815,-84.420498,9257224,6059,17.0,18.0,17.0,18.0,20.0,25.0,20.0,25.0,62.0,62.0,68.0,68.0,20.27777777777778,66.5,20.187638888888888,16.22222222222222,1.0
2025-10-17 14:07:15+00:00,33.73794460873871,-84.420498,9257224,6059,17.0,18.0,17.0,18.0,20.0,25.0,20.0,25.0,62.0,62.0,68.0,68.0,20.27777777777778,66.5,20.187638888888888,16.22222222222222,1.0
2025-10-17 14:07:16+00:00,33.737948369369,-84.420498,9257224,6059,17.0,18.0,17.0,18.0,20.0,25.0,20.0,25.0,62.0,62.0,68.0,68.0,20.27777777777778,66.7,20.19025,16.22222222222222,1.7
2025-10-17 14:07:17+00:00,33.737951190696755,-84.420498,9257224,6059,17.0,18.0,17.0,18.0,20.0,25.0,20.0,25.0,62.0,62.0,68.0,68.0,20.27777777777778,66.7,20.19025,16.22222222222222,1.7
2025-10-17 14:07:18+00:00,33.73801852408771,-84.42056689148527,1307448046,97367,17.0,18.0,17.0,18.0,20.0,25.0,20.0,25.0,62.0,62.0,68.0,68.0,20.27777777777778,66.7,20.19025,16.22222222222222,1.7
2025-10-17 14:07:19+00:00,33.738020539065886,-84.42058569794825,1307448046,97367,17.0,18.0,17.0,18.0,20.0,25.0,20.0,25.0,62.0,62.0,68.0,68.0,20.27777777777778,66.7,20.19025,16.22222222222222,1.7
2025-10-17 14:07:20+00:00,33.73802325305278,-84.42060535856967,1307448046,97367,17.0,18.0,17.0,18.0,20.0,25.0,20.0,25.0,62.0,62.0,68.0,68.0,20.27777777777778,66.7,20.19025,16.22222222222222,1.7
2025-10-17 14:07:21+00:00,33.7380255361849,-84.42062423246183,1307448046,97367,17.0,18.0,17.0,18.0,20.0,25.0,20.0,25.0,62.0,62.0,68.0,68.0,20.33333333333333,66.7,20.248583333333336,16.22222222222222,1.6
2025-10-17 14:07:22+00:00,33.73802780225513,-84.42064296530909,1307448046,97367,17.0,18.0,17.0,18.0,20.0,25.0,20.0,25.0,62.0,62.0,68.0,68.0,20.33333333333333,66.7,20.248583333333336,16.22222222222222,1.6
2025-10-17 14:07:23+00:00,33.73803002168305,-84.4206613125799,1307448046,97367,16.0,16.0,16.0,16.0,18.5,21.0,18.5,21.0,60.0,60.0,65.0,65.0,20.33333333333333,66.7,20.248583333333336,16.22222222222222,1.6
2025-10-17 14:07:24+00:00,33.73803216311511,-84.42067901508489,1307448046,97367,16.0,16.0,16.0,16.0,18.5,21.0,18.5,21.0,60.0,60.0,65.0,65.0,20.33333333333333,66.7,20.248583333333336,16.22222222222222,1.6
2025-10-17 14:07:25+00:00,33.73803425277554,-84.42069628961114,1307448046,97367,16.0,16.0,16.0,16.0,18.5,21.0,18.5,21.0,60.0,60.0,65.0,65.0,20.33333333333333,66.7,20.248583333333336,16.22222222222222,1.6
2025-10-17 14:07:26+00:00,33.73803562145032,-84.42070760398933,1307448046,97367,16.0,16.0,16.0,16.0,18.5,21.0,18.5,21.0,60.0,60.0,65.0,65.0,20.444444444444443,66.8,20.36655555555556,16.27777777777778,1.0
2025-10-17 14:07:27+00:00,33.73803654065802,-84.420715202773,1307448046,97367,16.0,16.0,16.0,16.0,18.5,21.0,18.5,21.0,60.0,60.0,65.0,65.0,20.444444444444443,66.8,20.36655555555556,16.27777777777778,1.0
2025-10-17 14:07:29+00:00,33.73803904697723,-84.42073477178742,1307448046,97367,16.0,16.0,16.0,16.0,18.5,21.0,18.5,21.0,60.0,60.0,65.0,65.0,20.444444444444443,66.8,20.36655555555556,16.27777777777778,1.0
2025-10-17 14:07:30+00:00,33.73804023920719,-84.42074589926705,1307448046,97367,16.0,16.0,16.0,16.0,18.5,21.0,18.5,21.0,60.0,60.0,65.0,65.0,20.444444444444443,66.8,20.36655555555556,16.27777777777778,1.0
2025-10-17 14:07:31+00:00,33.738041515711394,-84.42075712569117,1307448046,97367,16.0,16.0,16.0,16.0,18.5,21.0,18.5,21.0,60.0,60.0,65.0,65.0,20.500000000000004,66.9,20.42619444444445,16.38888888888889,0.0
2025-10-17 14:07:32+00:00,33.738043569550356,-84.42077398356564,1307448046,97367,16.0,16.0,16.0,16.0,18.5,21.0,18.5,21.0,60.0,60.0,65.0,65.0,20.500000000000004,66.9,20.42619444444445,16.38888888888889,0.0
2025-10-17 14:07:33+00:00,33.73804551954694,-84.4207910460357,1307448046,97367,16.0,16.0,16.0,16.0,18.5,21.0,18.5,21.0,60.0,60.0,65.0,65.0,20.500000000000004,66.9,20.42619444444445,16.38888888888889,0.0
2025-10-17 14:07:34+00:00,33.738047267267184,-84.42080573723668,1307448046,97367,16.0,16.0,16.0,16.0,18.5,21.0,18.5,21.0,60.0,60.0,65.0,65.0,20.500000000000004,66.9,20.42619444444445,16.38888888888889,0.0
2025-10-17 14:07:35+00:00,33.738051,-84.4208357668694,1307448046,97367,16.0,16.0,16.0,16.0,18.5,21.0,18.5,21.0,60.0,60.0,65.0,65.0,20.500000000000004,66.9,20.42619444444445,16.38888888888889,0.0
2025-10-17 14:07:36+00:00,33.73805201454839,-84.42084568158063,1307448046,97367,16.0,16.0,16.0,16.0,18.5,21.0,18.5,21.0,60.0,60.0,65.0,65.0,20.500000000000004,67.0,20.427500000000002,16.38888888888889,0.0
2025-10-17 14:07:37+00:00,33.738054438743504,-84.4208640362008,1307448046,97367,16.0,16.0,16.0,16.0,18.5,21.0,18.5,21.0,60.0,60.0,65.0,65.0,20.500000000000004,67.0,20.427500000000002,16.38888888888889,0.0
2025-10-17 14:07:38+00:00,33.73805683578007,-84.42088218519194,1307448046,97367,19.0,19.0,19.0,19.0,18.0,19.0,18.0,19.0,66.0,66.0,64.0,64.0,20.500000000000004,67.0,20.427500000000002,16.38888888888889,0.0
2025-10-17 14:07:39+00:00,33.738059124122756,-84.42090024278708,1307448046,97366,19.0,19.0,19.0,19.0,18.0,19.0,18.0,19.0,66.0,66.0,64.0,64.0,20.500000000000004,67.0,20.427500000000002,16.38888888888889,0.0
2025-10-17 14:07:40+00:00,33.73806126057791,-84.42091780919611,1307448046,97366,19.0,19.0,19.0,19.0,18.0,19.0,18.0,19.0,66.0,66.0,64.0,64.0,20.500000000000004,67.0,20.427500000000002,16.38888888888889,0.0
2025-10-17 14:07:41+00:00,33.73806334185988,-84.420934921959,1307448046,97366,19.0,19.0,19.0,19.0,18.0,19.0,18.0,19.0,66.0,66.0,64.0,64.0,20.555555555555557,67.0,20.485833333333332,16.5,1.4
2025-10-17 14:07:42+00:00,33.73806521269734,-84.42095030440038,1307448046,97366,19.0,19.0,19.0,19.0,18.0,19.0,18.0,19.0,66.0,66.0,64.0,64.0,20.555555555555557,67.0,20.485833333333332,16.5,1.4
2025-10-17 14:07:43+00:00,33.73806699551641,-84.42096496313492,1307448046,97366,19.0,19.0,19.0,19.0,18.0,19.0,18.0,19.0,66.0,66.0,64.0,64.0,20.555555555555557,67.0,20.485833333333332,16.5,1.4
2025-10-17 14:07:44+00:00,33.738068927286456,-84.42097903648262,1307448046,97366,19.0,19.0,19.0,19.0,18.0,19.0,18.0,19.0,66.0,66.0,64.0,64.0,20.555555555555557,67.0,20.485833333333332,16.5,1.4
2025-10-17 14:07:45+00:00,33.738070405851126,-84.42099185070975,1307448046,97366,19.0,19.0,19.0,19.0,18.0,19.0,18.0,19.0,66.0,66.0,64.0,64.0,20.555555555555557,67.0,20.485833333333332,16.5,1.4
2025-10-17 14:07:46+00:00,33.738071857660806,-84.42100500483419,1307448046,97366,19.0,19.0,19.0,19.0,18.0,19.0,18.0,19.0,66.0,66.0,64.0,64.0,20.611111111111107,66.9,20.542861111111108,16.5,0.9
2025-10-17 14:07:47+00:00,33.73807326654151,-84.42101815438747,1307448046,97366,19.0,19.0,19.0,19.0,18.0,19.0,18.0,19.0,66.0,66.0,64.0,64.0,20.611111111111107,66.9,20.542861111111108,16.5,0.9
2025-10-17 14:07:48+00:00,33.73807459671626,-84.42102947537194,1307448046,97366,19.0,19.0,19.0,19.0,18.0,19.0,18.0,19.0,66.0,66.0,64.0,64.0,20.611111111111107,66.9,20.542861111111108,16.5,0.9
2025-10-17 14:07:49+00:00,33.73807653270382,-84.4210442616306,1307448046,97366,19.0,19.0,19.0,19.0,18.0,19.0,18.0,19.0,66.0,66.0,64.0,64.0,20.611111111111107,66.9,20.542861111111108,16.5,0.9
2025-10-17 14:07:50+00:00,33.73807839469506,-84.42105915756048,1307448046,97366,19.0,19.0,19.0,19.0,18.0,19.0,18.0,19.0,66.0,66.0,64.0,64.0,20.611111111111107,66.9,20.542861111111108,16.5,0.9
2025-10-17 14:07:51+00:00,33.73808,-84.421072,1307448046,97366,19.0,19.0,19.0,19.0,18.0,19.0,18.0,19.0,66.0,66.0,64.0,64.0,20.500000000000004,66.9,20.42619444444445,16.38888888888889,1.1
2025-10-17 14:07:52+00:00,33.73808207527197,-84.42108938712136,1307448046,97366,19.0,19.0,19.0,19.0,18.0,19.0,18.0,19.0,66.0,66.0,64.0,64.0,20.500000000000004,66.9,20.42619444444445,16.38888888888889,1.1
2025-10-17 14:07:53+00:00,33.73808418392378,-84.42110583460548,1307448046,97366,19.0,19.0,19.0,19.0,17.0,19.0,17.0,19.0,66.0,66.0,62.0,62.0,20.500000000000004,66.9,20.42619444444445,16.38888888888889,1.1
2025-10-17 14:07:54+00:00,33.738086206105756,-84.4211216076249,1307448046,97366,19.0,19.0,19.0,19.0,17.0,19.0,17.0,19.0,66.0,66.0,62.0,62.0,20.500000000000004,66.9,20.42619444444445,16.38888888888889,1.1
2025-10-17 14:07:55+00:00,33.738088203089994,-84.42113718410198,1307448046,97366,19.0,19.0,19.0,19.0,17.0,19.0,17.0,19.0,66.0,66.0,62.0,62.0,20.500000000000004,66.9,20.42619444444445,16.38888888888889,1.1
2025-10-17 14:07:56+00:00,33.738090163994805,-84.42115247915947,1307448046,97366,19.0,19.0,19.0,19.0,17.0,19.0,17.0,19.0,66.0,66.0,62.0,62.0,20.555555555555557,66.9,20.48452777777778,16.38888888888889,1.2
2025-10-17 14:07:57+00:00,33.73809239577396,-84.42116988703688,1307448046,97366,19.0,19.0,19.0,19.0,17.0,19.0,17.0,19.0,66.0,66.0,62.0,62.0,20.555555555555557,66.9,20.48452777777778,16.38888888888889,1.2
2025-10-17 14:07:58+00:00,33.73809476361186,-84.42118835617256,1307448046,97366,19.0,19.0,19.0,19.0,17.0,19.0,17.0,19.0,66.0,66.0,62.0,62.0,20.555555555555557,66.9,20.48452777777778,16.38888888888889,1.2
2025-10-17 14:07:59+00:00,33.73809635830159,-84.42120722471428,1307448046,97365,19.0,19.0,19.0,19.0,17.0,19.0,17.0,19.0,66.0,66.0,62.0,62.0,20.555555555555557,66.9,20.48452777777778,16.38888888888889,1.2
2025-10-17 14:08:00+00:00,33.7380980923856,-84.42122160050637,1307448046,97364,19.0,19.0,19.0,19.0,17.0,19.0,17.0,19.0,66.0,66.0,62.0,62.0,20.555555555555557,66.9,20.48452777777778,16.38888888888889,1.2
2025-10-17 14:08:01+00:00,33.738100540174486,-84.42123904162854,1307448046,97364,19.0,19.0,19.0,19.0,17.0,19.0,17.0,19.0,66.0,66.0,62.0,62.0,20.444444444444443,66.9,20.36786111111111,16.38888888888889,2.2
2025-10-17 14:08:02+00:00,33.73810224704723,-84.42125497244078,1307448046,97364,19.0,19.0,19.0,19.0,17.0,19.0,17.0,19.0,66.0,66.0,62.0,62.0,20.444444444444443,66.9,20.36786111111111,16.38888888888889,2.2
2025-10-17 14:08:03+00:00,33.73810384257158,-84.42126916185848,1307448046,97364,19.0,19.0,19.0,19.0,17.0,19.0,17.0,19.0,66.0,66.0,62.0,62.0,20.444444444444443,66.9,20.36786111111111,16.38888888888889,2.2
2025-10-17 14:08:04+00:00,33.73810535833506,-84.42128150834544,1307448046,97364,19.0,19.0,19.0,19.0,17.0,19.0,17.0,19.0,66.0,66.0,62.0,62.0,20.444444444444443,66.9,20.36786111111111,16.38888888888889,2.2
2025-10-17 14:08:05+00:00,33.73810750256079,-84.42129651792553,1307448046,97364,19.0,19.0,19.0,19.0,17.0,19.0,17.0,19.0,66.0,66.0,62.0,62.0,20.444444444444443,66.9,20.36786111111111,16.38888888888889,2.2
2025-10-17 14:08:06+00:00,33.73811,-84.421317,1307448046,97364,19.0,19.0,19.0,19.0,17.0,19.0,17.0,19.0,66.0,66.0,62.0,62.0,20.33333333333333,66.1,20.240749999999995,16.22222222222222,3.5
2025-10-17 14:08:07+00:00,33.73811257184449,-84.42133420349369,1307448046,97364,19.0,19.0,19.0,19.0,17.0,19.0,17.0,19.0,66.0,66.0,62.0,62.0,20.33333333333333,66.1,20.240749999999995,16.22222222222222,3.5
2025-10-17 14:08:08+00:00,33.738114868457636,-84.4213534950441,1307448046,97364,17.0,17.0,17.0,17.0,18.0,20.0,18.0,20.0,62.0,62.0,64.0,64.0,20.33333333333333,66.1,20.240749999999995,16.22222222222222,3.5
2025-10-17 14:08:09+00:00,33.738116818722546,-84.4213698772694,1307448046,97364,17.0,17.0,17.0,17.0,18.0,20.0,18.0,20.0,62.0,62.0,64.0,64.0,20.33333333333333,66.1,20.240749999999995,16.22222222222222,3.5
2025-10-17 14:08:10+00:00,33.7381184713468,-84.4213837593131,1307448046,97364,17.0,17.0,17.0,17.0,18.0,20.0,18.0,20.0,62.0,62.0,64.0,64.0,20.33333333333333,66.1,20.240749999999995,16.22222222222222,3.5
2025-10-17 14:08:11+00:00,33.738119943204225,-84.4213961229155,1307448046,97364,17.0,17.0,17.0,17.0,18.0,20.0,18.0,20.0,62.0,62.0,64.0,64.0,20.27777777777778,65.3,20.171972222222223,16.11111111111111,2.3
2025-10-17 14:08:12+00:00,33.738121280524126,-84.42140735640267,1307448046,97364,17.0,17.0,17.0,17.0,18.0,20.0,18.0,20.0,62.0,62.0,64.0,64.0,20.27777777777778,65.3,20.171972222222223,16.11111111111111,2.3
2025-10-17 14:08:13+00:00,33.738122630239125,-84.42141869400862,1307448046,97364,17.0,17.0,17.0,17.0,18.0,20.0,18.0,20.0,62.0,62.0,64.0,64.0,20.27777777777778,65.3,20.171972222222223,16.11111111111111,2.3
2025-10-17 14:08:14+00:00,33.73812397051941,-84.42142995236306,1307448046,97364,17.0,17.0,17.0,17.0,18.0,20.0,18.0,20.0,62.0,62.0,64.0,64.0,20.27777777777778,65.3,20.171972222222223,16.11111111111111,2.3
2025-10-17 14:08:15+00:00,33.73812547116392,-84.42144255777693,1307448046,97364,17.0,17.0,17.0,17.0,18.0,20.0,18.0,20.0,62.0,62.0,64.0,64.0,20.27777777777778,65.3,20.171972222222223,16.11111111111111,2.3
2025-10-17 14:08:16+00:00,33.738127,-84.421458,1307448046,97363,17.0,17.0,17.0,17.0,18.0,20.0,18.0,20.0,62.0,62.0,64.0,64.0,20.27777777777778,64.4,20.16022222222222,15.88888888888889,3.4
2025-10-17 14:08:17+00:00,33.73812854011139,-84.42146955083541,1307448046,97363,17.0,17.0,17.0,17.0,18.0,20.0,18.0,20.0,62.0,62.0,64.0,64.0,20.27777777777778,64.4,20.16022222222222,15.88888888888889,3.4
2025-10-17 14:08:18+00:00,33.73813068587109,-84.42148348696875,1307448046,97362,17.0,17.0,17.0,17.0,18.0,20.0,18.0,20.0,62.0,62.0,64.0,64.0,20.27777777777778,64.4,20.16022222222222,15.88888888888889,3.4
2025-10-17 14:08:19+00:00,33.738132380449954,-84.42149704359967,1307448046,97362,17.0,17.0,17.0,17.0,18.0,20.0,18.0,20.0,62.0,62.0,64.0,64.0,20.27777777777778,64.4,20.16022222222222,15.88888888888889,3.4
2025-10-17 14:08:20+00:00,33.73813411792863,-84.42151317928634,1307448046,97362,17.0,17.0,17.0,17.0,18.0,20.0,18.0,20.0,62.0,62.0,64.0,64.0,20.27777777777778,64.4,20.16022222222222,15.88888888888889,3.4
2025-10-17 14:08:21+00:00,33.73813552466218,-84.42152632846296,1307448046,97362,17.0,17.0,17.0,17.0,18.0,20.0,18.0,20.0,62.0,62.0,64.0,64.0,20.222222222222225,64.1,20.09797222222223,15.777777777777779,2.6
2025-10-17 14:08:22+00:00,33.738137370851774,-84.42154155952713,1307448046,97362,17.0,17.0,17.0,17.0,18.0,20.0,18.0,20.0,62.0,62.0,64.0,64.0,20.222222222222225,64.1,20.09797222222223,15.777777777777779,2.6
2025-10-17 14:08:23+00:00,33.738139,-84.421555,1307448046,97362,17.0,17.0,17.0,17.0,19.0,21.0,19.0,21.0,62.0,62.0,66.0,66.0,20.222222222222225,64.1,20.09797222222223,15.777777777777779,2.6
2025-10-17 14:08:24+00:00,33.7381418566784,-84.42157525321048,1307448046,97362,17.0,17.0,17.0,17.0,19.0,21.0,19.0,21.0,62.0,62.0,66.0,66.0,20.222222222222225,64.1,20.09797222222223,15.777777777777779,2.6
2025-10-17 14:08:25+00:00,33.738143828269436,-84.42159194601456,1307448046,97362,17.0,17.0,17.0,17.0,19.0,21.0,19.0,21.0,62.0,62.0,66.0,66.0,20.222222222222225,64.1,20.09797222222223,15.777777777777779,2.6
2025-10-17 14:08:26+00:00,33.73814555305405,-84.42160654919101,1307448046,97362,17.0,17.0,17.0,17.0,19.0,21.0,19.0,21.0,62.0,62.0,66.0,66.0,20.33333333333333,63.9,20.212027777777774,15.88888888888889,2.3
2025-10-17 14:08:27+00:00,33.73814711966517,-84.42161981316514,1307448046,97362,17.0,17.0,17.0,17.0,19.0,21.0,19.0,21.0,62.0,62.0,66.0,66.0,20.33333333333333,63.9,20.212027777777774,15.88888888888889,2.3
2025-10-17 14:08:28+00:00,33.738148396083496,-84.42163062017359,1307448046,97362,17.0,17.0,17.0,17.0,19.0,21.0,19.0,21.0,62.0,62.0,66.0,66.0,20.33333333333333,63.9,20.212027777777774,15.88888888888889,2.3
2025-10-17 14:08:29+00:00,33.73814977563994,-84.4216423004182,1307448046,97362,17.0,17.0,17.0,17.0,19.0,21.0,19.0,21.0,62.0,62.0,66.0,66.0,20.33333333333333,63.9,20.212027777777774,15.88888888888889,2.3
2025-10-17 14:08:30+00:00,33.73815139363793,-84.42165599946779,1307448046,97362,17.0,17.0,17.0,17.0,19.0,21.0,19.0,21.0,62.0,62.0,66.0,66.0,20.33333333333333,63.9,20.212027777777774,15.88888888888889,2.3
2025-10-17 14:08:31+00:00,33.73815331496532,-84.42167226670635,1307448046,97362,17.0,17.0,17.0,17.0,19.0,21.0,19.0,21.0,62.0,62.0,66.0,66.0,20.444444444444443,64.1,20.331305555555556,16.0,1.8
2025-10-17 14:08:32+00:00,33.73815524787357,-84.42168863199625,1307448046,97362,17.0,17.0,17.0,17.0,19.0,21.0,19.0,21.0,62.0,62.0,66.0,66.0,20.444444444444443,64.1,20.331305555555556,16.0,1.8
2025-10-17 14:08:33+00:00,33.73815794276489,-84.42170554211916,1307448046,97362,17.0,17.0,17.0,17.0,19.0,21.0,19.0,21.0,62.0,62.0,66.0,66.0,20.444444444444443,64.1,20.331305555555556,16.0,1.8
2025-10-17 14:08:34+00:00,33.73816031111655,-84.42172464449067,1307448046,97362,17.0,17.0,17.0,17.0,19.0,21.0,19.0,21.0,62.0,62.0,66.0,66.0,20.444444444444443,64.1,20.331305555555556,16.0,1.8
2025-10-17 14:08:35+00:00,33.73816236585164,-84.42174201827605,1307448046,97362,17.0,17.0,17.0,17.0,19.0,21.0,19.0,21.0,62.0,62.0,66.0,66.0,20.444444444444443,64.1,20.331305555555556,16.0,1.8
2025-10-17 14:08:36+00:00,33.73816442302562,-84.42175898996139,1307448046,97362,17.0,17.0,17.0,17.0,19.0,21.0,19.0,21.0,62.0,62.0,66.0,66.0,20.444444444444443,65.0,20.34305555555556,16.11111111111111,3.0
2025-10-17 14:08:37+00:00,33.73816653857886,-84.42177666768346,1307448046,97362,17.0,17.0,17.0,17.0,19.0,21.0,19.0,21.0,62.0,62.0,66.0,66.0,20.444444444444443,65.0,20.34305555555556,16.11111111111111,3.0
2025-10-17 14:08:38+00:00,33.738168418436764,-84.42179295978531,1307448046,97362,18.0,18.0,18.0,18.0,19.0,21.0,19.0,21.0,64.0,64.0,66.0,66.0,20.444444444444443,65.0,20.34305555555556,16.11111111111111,3.0
2025-10-17 14:08:39+00:00,33.738169,-84.421801,1307448046,97362,18.0,18.0,18.0,18.0,19.0,21.0,19.0,21.0,64.0,64.0,66.0,66.0,20.444444444444443,65.0,20.34305555555556,16.11111111111111,3.0
2025-10-17 14:08:40+00:00,33.73817247762123,-84.42182387403885,1307448046,97362,18.0,18.0,18.0,18.0,19.0,21.0,19.0,21.0,64.0,64.0,66.0,66.0,20.444444444444443,65.0,20.34305555555556,16.11111111111111,3.0
2025-10-17 14:08:41+00:00,33.73817452326895,-84.42184046651485,1307448046,97362,18.0,18.0,18.0,18.0,19.0,21.0,19.0,21.0,64.0,64.0,66.0,66.0,20.38888888888889,65.2,20.287333333333336,16.11111111111111,3.1
2025-10-17 14:08:42+00:00,33.738176403684804,-84.42185571877674,1307448046,97362,18.0,18.0,18.0,18.0,19.0,21.0,19.0,21.0,64.0,64.0,66.0,66.0,20.38888888888889,65.2,20.287333333333336,16.11111111111111,3.1
2025-10-17 14:08:43+00:00,33.7381781744124,-84.42187008134502,1307448046,97362,18.0,18.0,18.0,18.0,19.0,21.0,19.0,21.0,64.0,64.0,66.0,66.0,20.38888888888889,65.2,20.287333333333336,16.11111111111111,3.1
2025-10-17 14:08:44+00:00,33.73817991898808,-84.42188423179223,1307448046,97362,18.0,18.0,18.0,18.0,19.0,21.0,19.0,21.0,64.0,64.0,66.0,66.0,20.38888888888889,65.2,20.287333333333336,16.11111111111111,3.1
2025-10-17 14:08:45+00:00,33.73818168101061,-84.421898584287,1307448046,97361,18.0,18.0,18.0,18.0,19.0,21.0,19.0,21.0,64.0,64.0,66.0,66.0,20.38888888888889,65.2,20.287333333333336,16.11111111111111,3.1
2025-10-17 14:08:46+00:00,33.73818352069948,-84.42191366973576,1307448046,97361,18.0,18.0,18.0,18.0,19.0,21.0,19.0,21.0,64.0,64.0,66.0,66.0,20.27777777777778,64.9,20.16675,16.0,3.4
2025-10-17 14:08:47+00:00,33.73818541256833,-84.42192918306031,1307448046,97361,18.0,18.0,18.0,18.0,19.0,21.0,19.0,21.0,64.0,64.0,66.0,66.0,20.27777777777778,64.9,20.16675,16.0,3.4
2025-10-17 14:08:48+00:00,33.73818630774848,-84.42194184649088,1307448046,97361,18.0,18.0,18.0,18.0,19.0,21.0,19.0,21.0,64.0,64.0,66.0,66.0,20.27777777777778,64.9,20.16675,16.0,3.4
2025-10-17 14:08:49+00:00,33.738189,-84.421966,1307448046,97360,18.0,18.0,18.0,18.0,19.0,21.0,19.0,21.0,64.0,64.0,66.0,66.0,20.27777777777778,64.9,20.16675,16.0,3.4
2025-10-17 14:08:50+00:00,33.73818968885293,-84.42196990349993,1307448046,97360,18.0,18.0,18.0,18.0,19.0,21.0,19.0,21.0,64.0,64.0,66.0,66.0,20.27777777777778,64.9,20.16675,16.0,3.4
2025-10-17 14:08:51+00:00,33.73819227820697,-84.42198568933404,1307448046,97360,18.0,18.0,18.0,18.0,19.0,21.0,19.0,21.0,64.0,64.0,66.0,66.0,20.27777777777778,64.3,20.15891666666666,15.88888888888889,2.1
2025-10-17 14:08:53+00:00,33.738194333138544,-84.4220055536726,1307448046,97360,16.0,16.0,16.0,16.0,18.0,20.0,18.0,20.0,60.0,60.0,64.0,64.0,20.27777777777778,64.3,20.15891666666666,15.88888888888889,2.1
2025-10-17 14:08:54+00:00,33.738195455090946,-84.42201548903061,1307448046,97359,16.0,16.0,16.0,16.0,18.0,20.0,18.0,20.0,60.0,60.0,64.0,64.0,20.27777777777778,64.3,20.15891666666666,15.88888888888889,2.1
2025-10-17 14:08:55+00:00,33.73819717411265,-84.422028668197,1307448046,97359,16.0,16.0,16.0,16.0,18.0,20.0,18.0,20.0,60.0,60.0,64.0,64.0,20.27777777777778,64.3,20.15891666666666,15.88888888888889,2.1
2025-10-17 14:08:56+00:00,33.73819935887452,-84.42204287099612,1307448046,97359,16.0,16.0,16.0,16.0,18.0,20.0,18.0,20.0,60.0,60.0,64.0,64.0,20.38888888888889,64.0,20.27166666666667,16.0,1.3
2025-10-17 14:08:57+00:00,33.73820059430149,-84.42205275441195,1307448046,97359,16.0,16.0,16.0,16.0,18.0,20.0,18.0,20.0,60.0,60.0,64.0,64.0,20.38888888888889,64.0,20.27166666666667,16.0,1.3
2025-10-17 14:08:58+00:00,33.738202035194156,-84.42206429779671,1307448046,97359,16.0,16.0,16.0,16.0,18.0,20.0,18.0,20.0,60.0,60.0,64.0,64.0,20.38888888888889,64.0,20.27166666666667,16.0,1.3
2025-10-17 14:08:59+00:00,33.73820379754068,-84.4220792099596,1307448046,97359,16.0,16.0,16.0,16.0,18.0,20.0,18.0,20.0,60.0,60.0,64.0,64.0,20.38888888888889,64.0,20.27166666666667,16.0,1.3
2025-10-17 14:09:00+00:00,33.73820583179621,-84.42209642289097,1307448046,97359,16.0,16.0,16.0,16.0,18.0,20.0,18.0,20.0,60.0,60.0,64.0,64.0,20.38888888888889,64.0,20.27166666666667,16.0,1.3
2025-10-17 14:09:01+00:00,33.738207855841104,-84.42211354942472,1307448046,97359,16.0,16.0,16.0,16.0,18.0,20.0,18.0,20.0,60.0,60.0,64.0,64.0,20.500000000000004,64.4,20.39355555555556,16.11111111111111,0.8
2025-10-17 14:09:02+00:00,33.73820989015254,-84.42213076282921,1307448046,97359,16.0,16.0,16.0,16.0,18.0,20.0,18.0,20.0,60.0,60.0,64.0,64.0,20.500000000000004,64.4,20.39355555555556,16.11111111111111,0.8
2025-10-17 14:09:03+00:00,33.738212114229235,-84.42214958193972,1307448046,97359,16.0,16.0,16.0,16.0,18.0,20.0,18.0,20.0,60.0,60.0,64.0,64.0,20.500000000000004,64.4,20.39355555555556,16.11111111111111,0.8
2025-10-17 14:09:04+00:00,33.738214440468354,-84.4221692655015,1307448046,97359,16.0,16.0,16.0,16.0,18.0,20.0,18.0,20.0,60.0,60.0,64.0,64.0,20.500000000000004,64.4,20.39355555555556,16.11111111111111,0.8
2025-10-17 14:09:05+00:00,33.73821669752675,-84.42219004523183,1307448046,97358,16.0,16.0,16.0,16.0,18.0,20.0,18.0,20.0,60.0,60.0,64.0,64.0,20.500000000000004,64.4,20.39355555555556,16.11111111111111,0.8
2025-10-17 14:09:06+00:00,33.738219018042315,-84.42221014433854,1307448046,97358,16.0,16.0,16.0,16.0,18.0,20.0,18.0,20.0,60.0,60.0,64.0,64.0,20.500000000000004,65.4,20.406611111111115,16.27777777777778,0.0
2025-10-17 14:09:07+00:00,33.73822138596341,-84.42222881051461,1307448046,97358,16.0,16.0,16.0,16.0,18.0,20.0,18.0,20.0,60.0,60.0,64.0,64.0,20.500000000000004,65.4,20.406611111111115,16.27777777777778,0.0
2025-10-17 14:09:08+00:00,33.738223496648416,-84.42224527385764,1307448046,97358,16.0,16.0,16.0,16.0,18.0,20.0,18.0,20.0,60.0,60.0,64.0,64.0,20.500000000000004,65.4,20.406611111111115,16.27777777777778,0.0
2025-10-17 14:09:09+00:00,33.738225386147796,-84.42225970303457,1307448046,97358,16.0,16.0,16.0,16.0,18.0,20.0,18.0,20.0,60.0,60.0,64.0,64.0,20.500000000000004,65.4,20.406611111111115,16.27777777777778,0.0
2025-10-17 14:09:10+00:00,33.73822761489082,-84.42227622657192,1307448046,97358,16.0,16.0,16.0,16.0,18.0,20.0,18.0,20.0,60.0,60.0,64.0,64.0,20.500000000000004,65.4,20.406611111111115,16.27777777777778,0.0
2025-10-17 14:09:11+00:00,33.73822939042782,-84.42229190427823,1307448046,97358,16.0,16.0,16.0,16.0,18.0,20.0,18.0,20.0,60.0,60.0,64.0,64.0,20.444444444444443,66.0,20.356111111111115,16.27777777777778,0.9
2025-10-17 14:09:12+00:00,33.73823065735244,-84.42230194411462,1307448046,97358,16.0,16.0,16.0,16.0,18.0,20.0,18.0,20.0,60.0,60.0,64.0,64.0,20.444444444444443,66.0,20.356111111111115,16.27777777777778,0.9
2025-10-17 14:09:13+00:00,33.738232821993236,-84.422319183277,1307448046,97358,16.0,16.0,16.0,16.0,18.0,20.0,18.0,20.0,60.0,60.0,64.0,64.0,20.444444444444443,66.0,20.356111111111115,16.27777777777778,0.9
2025-10-17 14:09:14+00:00,33.73823453876902,-84.42233277138315,1307448046,97357,16.0,16.0,16.0,16.0,18.0,20.0,18.0,20.0,60.0,60.0,64.0,64.0,20.444444444444443,66.0,20.356111111111115,16.27777777777778,0.9
2025-10-17 14:09:15+00:00,33.73823633561339,-84.4223453492937,1307448046,97357,16.0,16.0,16.0,16.0,18.0,20.0,18.0,20.0,60.0,60.0,64.0,64.0,20.444444444444443,66.0,20.356111111111115,16.27777777777778,0.9
2025-10-17 14:09:16+00:00,33.738238117263975,-84.42235782084786,1307448046,97357,16.0,16.0,16.0,16.0,18.0,20.0,18.0,20.0,60.0,60.0,64.0,64.0,20.38888888888889,66.3,20.30169444444444,16.27777777777778,1.5
2025-10-17 14:09:17+00:00,33.73823999743095,-84.42237098201666,1307448046,97357,16.0,16.0,16.0,16.0,18.0,20.0,18.0,20.0,60.0,60.0,64.0,64.0,20.38888888888889,66.3,20.30169444444444,16.27777777777778,1.5
2025-10-17 14:09:18+00:00,33.738241664476014,-84.42238265133213,1307448046,97357,16.0,16.0,16.0,16.0,18.0,20.0,18.0,20.0,60.0,60.0,64.0,64.0,20.38888888888889,66.3,20.30169444444444,16.27777777777778,1.5
2025-10-17 14:09:19+00:00,33.73824326116373,-84.42239382814614,1307448046,97357,16.0,16.0,16.0,16.0,18.0,20.0,18.0,20.0,60.0,60.0,64.0,64.0,20.38888888888889,66.3,20.30169444444444,16.27777777777778,1.5
2025-10-17 14:09:20+00:00,33.73824489430333,-84.4224052601233,1307448046,97357,16.0,16.0,16.0,16.0,18.0,20.0,18.0,20.0,60.0,60.0,64.0,64.0,20.38888888888889,66.3,20.30169444444444,16.27777777777778,1.5
2025-10-17 14:09:22+00:00,33.738247,-84.42242,1307448046,97357,16.0,16.0,16.0,16.0,18.0,20.0,18.0,20.0,60.0,60.0,64.0,64.0,20.444444444444443,66.2,20.358722222222227,16.27777777777778,1.4
2025-10-17 14:09:24+00:00,33.73825122099976,-84.42244432599855,1307448046,97357,17.0,18.0,17.0,18.0,21.0,23.0,21.0,23.0,62.0,62.0,70.0,70.0,20.444444444444443,66.2,20.358722222222227,16.27777777777778,1.4
2025-10-17 14:09:26+00:00,33.738253834653015,-84.4224641764323,1307448046,97357,17.0,18.0,17.0,18.0,21.0,23.0,21.0,23.0,62.0,62.0,70.0,70.0,20.27777777777778,66.3,20.18502777777778,16.22222222222222,1.5
2025-10-17 14:09:28+00:00,33.73825664356467,-84.42248496237853,1307448046,97357,17.0,18.0,17.0,18.0,21.0,23.0,21.0,23.0,62.0,62.0,70.0,70.0,20.27777777777778,66.3,20.18502777777778,16.22222222222222,1.5
2025-10-17 14:09:29+00:00,33.738258289170865,-84.42249656152266,1307448046,97357,17.0,18.0,17.0,18.0,21.0,23.0,21.0,23.0,62.0,62.0,70.0,70.0,20.27777777777778,66.3,20.18502777777778,16.22222222222222,1.5
2025-10-17 14:09:30+00:00,33.73826139067483,-84.42251330964405,1307448046,97357,17.0,18.0,17.0,18.0,21.0,23.0,21.0,23.0,62.0,62.0,70.0,70.0,20.27777777777778,66.3,20.18502777777778,16.22222222222222,1.5
2025-10-17 14:09:31+00:00,33.73826417612467,-84.42253364481037,1307448046,97357,17.0,18.0,17.0,18.0,21.0,23.0,21.0,23.0,62.0,62.0,70.0,70.0,20.222222222222225,66.2,20.1253888888889,16.11111111111111,1.3
2025-10-17 14:09:32+00:00,33.73826666359034,-84.42255335481155,1307448046,97357,17.0,18.0,17.0,18.0,21.0,23.0,21.0,23.0,62.0,62.0,70.0,70.0,20.222222222222225,66.2,20.1253888888889,16.11111111111111,1.3
2025-10-17 14:09:33+00:00,33.73826961952996,-84.42257275316537,1307448046,97357,17.0,18.0,17.0,18.0,21.0,23.0,21.0,23.0,62.0,62.0,70.0,70.0,20.222222222222225,66.2,20.1253888888889,16.11111111111111,1.3
2025-10-17 14:09:34+00:00,33.73827227483325,-84.42259017859321,1307448046,97357,17.0,18.0,17.0,18.0,21.0,23.0,21.0,23.0,62.0,62.0,70.0,70.0,20.222222222222225,66.2,20.1253888888889,16.11111111111111,1.3
2025-10-17 14:09:35+00:00,33.73827491780981,-84.42260752312686,1307448046,97357,17.0,18.0,17.0,18.0,21.0,23.0,21.0,23.0,62.0,62.0,70.0,70.0,20.222222222222225,66.2,20.1253888888889,16.11111111111111,1.3
2025-10-17 14:09:36+00:00,33.73827749849953,-84.42262445890316,1307448046,97357,17.0,18.0,17.0,18.0,21.0,23.0,21.0,23.0,62.0,62.0,70.0,70.0,20.166666666666668,66.1,20.065749999999994,16.0,1.0
2025-10-17 14:09:37+00:00,33.73828015952431,-84.42264192187827,1307448046,97357,17.0,18.0,17.0,18.0,21.0,23.0,21.0,23.0,62.0,62.0,70.0,70.0,20.166666666666668,66.1,20.065749999999994,16.0,1.0
2025-10-17 14:09:38+00:00,33.738282,-84.422654,1307448046,97357,18.0,18.0,18.0,18.0,23.0,24.0,23.0,24.0,64.0,64.0,74.0,74.0,20.166666666666668,66.1,20.065749999999994,16.0,1.0
2025-10-17 14:09:39+00:00,33.73828500575046,-84.42268057188073,1307448046,97356,18.0,18.0,18.0,18.0,23.0,24.0,23.0,24.0,64.0,64.0,74.0,74.0,20.166666666666668,66.1,20.065749999999994,16.0,1.0
2025-10-17 14:09:40+00:00,33.73828612586616,-84.42269394399617,1307448046,97356,18.0,18.0,18.0,18.0,23.0,24.0,23.0,24.0,64.0,64.0,74.0,74.0,20.166666666666668,66.1,20.065749999999994,16.0,1.0
2025-10-17 14:09:41+00:00,33.738288437603295,-84.42271193842967,1307448046,97356,18.0,18.0,18.0,18.0,23.0,24.0,23.0,24.0,64.0,64.0,74.0,74.0,20.11111111111111,65.9,20.004805555555556,16.0,0.8
2025-10-17 14:09:42+00:00,33.738290343103735,-84.42272908793359,1307448046,97356,18.0,18.0,18.0,18.0,23.0,24.0,23.0,24.0,64.0,64.0,74.0,74.0,20.11111111111111,65.9,20.004805555555556,16.0,0.8
2025-10-17 14:09:43+00:00,33.73829238584567,-84.42274901599367,1307448046,97356,18.0,18.0,18.0,18.0,23.0,24.0,23.0,24.0,64.0,64.0,74.0,74.0,20.11111111111111,65.9,20.004805555555556,16.0,0.8
2025-10-17 14:09:44+00:00,33.738293795134446,-84.42276654161331,1307448046,97356,18.0,18.0,18.0,18.0,23.0,24.0,23.0,24.0,64.0,64.0,74.0,74.0,20.11111111111111,65.9,20.004805555555556,16.0,0.8
2025-10-17 14:09:45+00:00,33.738295,-84.422778,1307448046,97355,18.0,18.0,18.0,18.0,23.0,24.0,23.0,24.0,64.0,64.0,74.0,74.0,20.11111111111111,65.9,20.004805555555556,16.0,0.8
2025-10-17 14:09:46+00:00,33.738298369176704,-84.42279872521748,1307448046,97355,18.0,18.0,18.0,18.0,23.0,24.0,23.0,24.0,64.0,64.0,74.0,74.0,20.055555555555554,65.9,19.946472222222223,15.88888888888889,0.8
2025-10-17 14:09:47+00:00,33.738300620210644,-84.42281635831668,1307448046,97355,18.0,18.0,18.0,18.0,23.0,24.0,23.0,24.0,64.0,64.0,74.0,74.0,20.055555555555554,65.9,19.946472222222223,15.88888888888889,0.8
2025-10-17 14:09:48+00:00,33.73830281628649,-84.42283356091082,1307448046,97355,18.0,18.0,18.0,18.0,23.0,24.0,23.0,24.0,64.0,64.0,74.0,74.0,20.055555555555554,65.9,19.946472222222223,15.88888888888889,0.8
2025-10-17 14:09:49+00:00,33.73830504360276,-84.4228493052193,1307448046,97354,18.0,18.0,18.0,18.0,23.0,24.0,23.0,24.0,64.0,64.0,74.0,74.0,20.055555555555554,65.9,19.946472222222223,15.88888888888889,0.8
2025-10-17 14:09:50+00:00,33.73830725554615,-84.42286478882305,1307448046,97354,18.0,18.0,18.0,18.0,23.0,24.0,23.0,24.0,64.0,64.0,74.0,74.0,20.055555555555554,65.9,19.946472222222223,15.88888888888889,0.8
2025-10-17 14:09:51+00:00,33.738309387409956,-84.42287971186968,1307448046,97354,18.0,18.0,18.0,18.0,23.0,24.0,23.0,24.0,64.0,64.0,74.0,74.0,20.11111111111111,66.0,20.00611111111111,16.0,0.0
2025-10-17 14:09:52+00:00,33.73831144841985,-84.42289413893896,1307448046,97354,18.0,18.0,18.0,18.0,23.0,24.0,23.0,24.0,64.0,64.0,74.0,74.0,20.11111111111111,66.0,20.00611111111111,16.0,0.0
2025-10-17 14:09:53+00:00,33.73831360716091,-84.42291000907755,1307448046,97354,21.0,21.0,21.0,21.0,22.5,23.0,22.5,23.0,70.0,70.0,73.0,73.0,20.11111111111111,66.0,20.00611111111111,16.0,0.0
2025-10-17 14:09:54+00:00,33.73831538328639,-84.42292466211273,1307448046,97354,21.0,21.0,21.0,21.0,22.5,23.0,22.5,23.0,70.0,70.0,73.0,73.0,20.11111111111111,66.0,20.00611111111111,16.0,0.0
2025-10-17 14:09:55+00:00,33.738317,-84.422938,1307448046,97354,21.0,21.0,21.0,21.0,22.5,23.0,22.5,23.0,70.0,70.0,73.0,73.0,20.11111111111111,66.0,20.00611111111111,16.0,0.0
2025-10-17 14:09:56+00:00,33.73832012479558,-84.42295690476791,1307448046,97353,21.0,21.0,21.0,21.0,22.5,23.0,22.5,23.0,70.0,70.0,73.0,73.0,20.166666666666668,66.3,20.068361111111116,16.11111111111111,0.0
2025-10-17 14:09:57+00:00,33.73832260307284,-84.42297487227809,1307448046,97353,21.0,21.0,21.0,21.0,22.5,23.0,22.5,23.0,70.0,70.0,73.0,73.0,20.166666666666668,66.3,20.068361111111116,16.11111111111111,0.0
2025-10-17 14:09:58+00:00,33.738324525324785,-84.42298893993586,1307448046,97353,21.0,21.0,21.0,21.0,22.5,23.0,22.5,23.0,70.0,70.0,73.0,73.0,20.166666666666668,66.3,20.068361111111116,16.11111111111111,0.0
2025-10-17 14:10:00+00:00,33.73832713505237,-84.42300794536662,1307448046,97353,21.0,21.0,21.0,21.0,22.5,23.0,22.5,23.0,70.0,70.0,73.0,73.0,20.166666666666668,66.3,20.068361111111116,16.11111111111111,0.0
2025-10-17 14:10:02+00:00,33.73832919313561,-84.4230273390736,1307448046,97353,21.0,21.0,21.0,21.0,22.5,23.0,22.5,23.0,70.0,70.0,73.0,73.0,20.27777777777778,66.5,20.187638888888888,16.22222222222222,0.0
2025-10-17 14:10:03+00:00,33.73833128975758,-84.42304187565254,1307448046,97353,21.0,21.0,21.0,21.0,22.5,23.0,22.5,23.0,70.0,70.0,73.0,73.0,20.27777777777778,66.5,20.187638888888888,16.22222222222222,0.0
2025-10-17 14:10:04+00:00,33.738333701734845,-84.42305859869491,1307448046,97353,21.0,21.0,21.0,21.0,22.5,23.0,22.5,23.0,70.0,70.0,73.0,73.0,20.27777777777778,66.5,20.187638888888888,16.22222222222222,0.0
2025-10-17 14:10:05+00:00,33.73833627000514,-84.42307640536902,1307448046,97353,21.0,21.0,21.0,21.0,22.5,23.0,22.5,23.0,70.0,70.0,73.0,73.0,20.27777777777778,66.5,20.187638888888888,16.22222222222222,0.0
2025-10-17 14:10:06+00:00,33.73833884444419,-84.42309425481311,1307448046,97353,21.0,21.0,21.0,21.0,22.5,23.0,22.5,23.0,70.0,70.0,73.0,73.0,20.444444444444443,67.0,20.36916666666667,16.38888888888889,1.0
2025-10-17 14:10:07+00:00,33.73834126219526,-84.42311101788714,1307448046,97353,21.0,21.0,21.0,21.0,22.5,23.0,22.5,23.0,70.0,70.0,73.0,73.0,20.444444444444443,67.0,20.36916666666667,16.38888888888889,1.0
2025-10-17 14:10:08+00:00,33.73834416594195,-84.42313199130349,1307448046,97352,18.0,18.0,18.0,18.0,20.0,20.0,20.0,20.0,64.0,64.0,68.0,68.0,20.444444444444443,67.0,20.36916666666667,16.38888888888889,1.0
2025-10-17 14:10:09+00:00,33.738346,-84.423151,1307448046,97352,18.0,18.0,18.0,18.0,20.0,20.0,20.0,20.0,64.0,64.0,68.0,68.0,20.444444444444443,67.0,20.36916666666667,16.38888888888889,1.0
2025-10-17 14:10:10+00:00,33.73834791295216,-84.42316477325552,1307448046,97352,18.0,18.0,18.0,18.0,20.0,20.0,20.0,20.0,64.0,64.0,68.0,68.0,20.444444444444443,67.0,20.36916666666667,16.38888888888889,1.0
2025-10-17 14:10:11+00:00,33.738350332563755,-84.42318219445905,1307448046,97352,18.0,18.0,18.0,18.0,20.0,20.0,20.0,20.0,64.0,64.0,68.0,68.0,20.500000000000004,67.3,20.431416666666674,16.38888888888889,0.9
2025-10-17 14:10:12+00:00,33.73835278654317,-84.42319819118492,1307448046,97352,18.0,18.0,18.0,18.0,20.0,20.0,20.0,20.0,64.0,64.0,68.0,68.0,20.500000000000004,67.3,20.431416666666674,16.38888888888889,0.9
2025-10-17 14:10:13+00:00,33.7383551830916,-84.42321400840453,1307448046,97352,18.0,18.0,18.0,18.0,20.0,20.0,20.0,20.0,64.0,64.0,68.0,68.0,20.500000000000004,67.3,20.431416666666674,16.38888888888889,0.9
2025-10-17 14:10:14+00:00,33.73835764300659,-84.42323114405272,1307448046,97352,18.0,18.0,18.0,18.0,20.0,20.0,20.0,20.0,64.0,64.0,68.0,68.0,20.500000000000004,67.3,20.431416666666674,16.38888888888889,0.9
2025-10-17 14:10:15+00:00,33.73835935456826,-84.4232444819778,1307448046,97352,18.0,18.0,18.0,18.0,20.0,20.0,20.0,20.0,64.0,64.0,68.0,68.0,20.500000000000004,67.3,20.431416666666674,16.38888888888889,0.9
2025-10-17 14:10:16+00:00,33.738361,-84.423262,1307448046,97352,18.0,18.0,18.0,18.0,20.0,20.0,20.0,20.0,64.0,64.0,68.0,68.0,20.555555555555557,67.2,20.488444444444443,16.5,1.6
2025-10-17 14:10:17+00:00,33.73836240944695,-84.42327196680344,1307448046,97352,18.0,18.0,18.0,18.0,20.0,20.0,20.0,20.0,64.0,64.0,68.0,68.0,20.555555555555557,67.2,20.488444444444443,16.5,1.6
2025-10-17 14:10:18+00:00,33.7383643374418,-84.42328560048135,1307448046,97352,18.0,18.0,18.0,18.0,20.0,20.0,20.0,20.0,64.0,64.0,68.0,68.0,20.555555555555557,67.2,20.488444444444443,16.5,1.6
2025-10-17 14:10:19+00:00,33.73836606652308,-84.42329782755608,1307448046,97352,18.0,18.0,18.0,18.0,20.0,20.0,20.0,20.0,64.0,64.0,68.0,68.0,20.555555555555557,67.2,20.488444444444443,16.5,1.6
2025-10-17 14:10:20+00:00,33.7383675973395,-84.42330865261503,1307448046,97352,18.0,18.0,18.0,18.0,20.0,20.0,20.0,20.0,64.0,64.0,68.0,68.0,20.555555555555557,67.2,20.488444444444443,16.5,1.6
2025-10-17 14:10:22+00:00,33.73836957590497,-84.42332264389944,1307448046,97352,18.0,18.0,18.0,18.0,20.0,20.0,20.0,20.0,64.0,64.0,68.0,68.0,20.444444444444443,66.7,20.365250000000007,16.38888888888889,1.5
2025-10-17 14:10:24+00:00,33.738372275046345,-84.42334173068488,1307448046,97352,16.0,16.0,16.0,16.0,20.0,23.0,20.0,23.0,60.0,60.0,68.0,68.0,20.444444444444443,66.7,20.365250000000007,16.38888888888889,1.5
2025-10-17 14:10:25+00:00,33.73837400842279,-84.42335398813259,1307448046,97352,16.0,16.0,16.0,16.0,20.0,23.0,20.0,23.0,60.0,60.0,68.0,68.0,20.444444444444443,66.7,20.365250000000007,16.38888888888889,1.5
2025-10-17 14:10:26+00:00,33.73837587488897,-84.42336887400077,1307448046,97351,16.0,16.0,16.0,16.0,20.0,23.0,20.0,23.0,60.0,60.0,68.0,68.0,20.055555555555554,65.3,19.93863888888889,15.88888888888889,1.6
2025-10-17 14:10:27+00:00,33.738377440746866,-84.42338186485462,1307448046,97351,16.0,16.0,16.0,16.0,20.0,23.0,20.0,23.0,60.0,60.0,68.0,68.0,20.055555555555554,65.3,19.93863888888889,15.88888888888889,1.6
2025-10-17 14:10:28+00:00,33.73837955476055,-84.42339977237171,1307448046,97351,16.0,16.0,16.0,16.0,20.0,23.0,20.0,23.0,60.0,60.0,68.0,68.0,20.055555555555554,65.3,19.93863888888889,15.88888888888889,1.6
2025-10-17 14:10:29+00:00,33.73838244775226,-84.42341944471534,1307448046,97351,16.0,16.0,16.0,16.0,20.0,23.0,20.0,23.0,60.0,60.0,68.0,68.0,20.055555555555554,65.3,19.93863888888889,15.88888888888889,1.6
2025-10-17 14:10:30+00:00,33.73838453669243,-84.42343483023181,1307448046,97351,16.0,16.0,16.0,16.0,20.0,23.0,20.0,23.0,60.0,60.0,68.0,68.0,20.055555555555554,65.3,19.93863888888889,15.88888888888889,1.6
2025-10-17 14:10:31+00:00,33.73838595321666,-84.42344757894989,1307448046,97351,16.0,16.0,16.0,16.0,20.0,23.0,20.0,23.0,60.0,60.0,68.0,68.0,20.27777777777778,65.0,20.16805555555556,16.0,0.9
2025-10-17 14:10:33+00:00,33.738387,-84.423457,1307448046,97351,16.0,16.0,16.0,16.0,20.0,23.0,20.0,23.0,60.0,60.0,68.0,68.0,20.27777777777778,65.0,20.16805555555556,16.0,0.9
2025-10-17 14:10:49+00:00,33.7383860473119,-84.42344842580704,1307448046,97351,19.0,19.0,19.0,19.0,18.5,22.5,18.5,22.5,66.0,66.0,65.0,65.0,20.555555555555557,65.5,20.466249999999995,16.27777777777778,0.0
2025-10-17 14:10:53+00:00,33.73838483541131,-84.42343751870175,1307448046,97351,20.0,21.0,20.0,21.0,21.0,23.0,21.0,23.0,68.0,68.0,70.0,70.0,20.555555555555557,65.3,20.463638888888894,16.27777777777778,0.9
2025-10-17 14:11:09+00:00,33.73838606372583,-84.42344857353244,1307448046,97351,18.0,19.0,18.0,19.0,19.0,20.0,19.0,20.0,64.0,64.0,66.0,66.0,21.166666666666664,65.6,21.109222222222222,16.88888888888889,0.0
2025-10-17 14:11:10+00:00,33.738386188257685,-84.42344969431913,1307448046,97351,18.0,19.0,18.0,19.0,19.0,20.0,19.0,20.0,64.0,64.0,66.0,66.0,21.166666666666664,65.6,21.109222222222222,16.88888888888889,0.0
2025-10-17 14:11:11+00:00,33.73838643853789,-84.42345194684094,1307448046,97351,18.0,19.0,18.0,19.0,19.0,20.0,19.0,20.0,64.0,64.0,66.0,66.0,21.27777777777778,65.7,21.227194444444446,16.88888888888889,0.8
2025-10-17 14:11:12+00:00,33.73838673003174,-84.42345457028567,1307448046,97351,18.0,19.0,18.0,19.0,19.0,20.0,19.0,20.0,64.0,64.0,66.0,66.0,21.27777777777778,65.7,21.227194444444446,16.88888888888889,0.8
2025-10-17 14:11:13+00:00,33.738387,-84.423457,1307448046,97351,18.0,19.0,18.0,19.0,19.0,20.0,19.0,20.0,64.0,64.0,66.0,66.0,21.27777777777778,65.7,21.227194444444446,16.88888888888889,0.8
2025-10-17 14:11:14+00:00,33.73838755544572,-84.42346033267428,1307448046,97351,18.0,19.0,18.0,19.0,19.0,20.0,19.0,20.0,64.0,64.0,66.0,66.0,21.27777777777778,65.7,21.227194444444446,16.88888888888889,0.8
2025-10-17 14:11:15+00:00,33.738388,-84.423463,1307448046,97351,18.0,19.0,18.0,19.0,19.0,20.0,19.0,20.0,64.0,64.0,66.0,66.0,21.27777777777778,65.7,21.227194444444446,16.88888888888889,0.8
2025-10-17 14:11:16+00:00,33.738388311672935,-84.42346553005088,1307448046,97351,18.0,19.0,18.0,19.0,19.0,20.0,19.0,20.0,64.0,64.0,66.0,66.0,21.38888888888889,65.6,21.34255555555556,17.0,1.1
2025-10-17 14:11:17+00:00,33.73838855739528,-84.42346752473819,1307448046,97351,18.0,19.0,18.0,19.0,19.0,20.0,19.0,20.0,64.0,64.0,66.0,66.0,21.38888888888889,65.6,21.34255555555556,17.0,1.1
2025-10-17 14:11:18+00:00,33.73838880143931,-84.4234695058014,1307448046,97351,18.0,19.0,18.0,19.0,19.0,20.0,19.0,20.0,64.0,64.0,66.0,66.0,21.38888888888889,65.6,21.34255555555556,17.0,1.1
2025-10-17 14:11:19+00:00,33.73838899415303,-84.42347107018341,1307448046,97351,18.0,19.0,18.0,19.0,19.0,20.0,19.0,20.0,64.0,64.0,66.0,66.0,21.38888888888889,65.6,21.34255555555556,17.0,1.1
2025-10-17 14:11:20+00:00,33.738389090512925,-84.423471852399,1307448046,97351,18.0,19.0,18.0,19.0,19.0,20.0,19.0,20.0,64.0,64.0,66.0,66.0,21.38888888888889,65.6,21.34255555555556,17.0,1.1
2025-10-17 14:11:21+00:00,33.73848967482806,-84.42336,1118729521,91004,18.0,19.0,18.0,19.0,19.0,20.0,19.0,20.0,64.0,64.0,66.0,66.0,21.5,65.5,21.45791666666667,17.11111111111111,1.0
2025-10-17 14:11:22+00:00,33.73849926875994,-84.42336,1118729521,91004,18.0,19.0,18.0,19.0,19.0,20.0,19.0,20.0,64.0,64.0,66.0,66.0,21.5,65.5,21.45791666666667,17.11111111111111,1.0
2025-10-17 14:11:23+00:00,33.73850849883533,-84.42336,1118729521,91004,19.0,20.5,19.0,20.5,20.5,21.0,20.5,21.0,66.0,66.0,69.0,69.0,21.5,65.5,21.45791666666667,17.11111111111111,1.0
2025-10-17 14:11:24+00:00,33.738519065000105,-84.42336,1118729521,91004,19.0,20.5,19.0,20.5,20.5,21.0,20.5,21.0,66.0,66.0,69.0,69.0,21.5,65.5,21.45791666666667,17.11111111111111,1.0
2025-10-17 14:11:25+00:00,33.73852925186639,-84.42336,1118729521,91004,19.0,20.5,19.0,20.5,20.5,21.0,20.5,21.0,66.0,66.0,69.0,69.0,21.5,65.5,21.45791666666667,17.11111111111111,1.0
2025-10-17 14:11:26+00:00,33.73853776095071,-84.42336,1118729521,91004,19.0,20.5,19.0,20.5,20.5,21.0,20.5,21.0,66.0,66.0,69.0,69.0,21.666666666666668,65.5,21.63291666666667,17.22222222222222,0.8
2025-10-17 14:11:27+00:00,33.73854709743819,-84.42336,1118729521,91004,19.0,20.5,19.0,20.5,20.5,21.0,20.5,21.0,66.0,66.0,69.0,69.0,21.666666666666668,65.5,21.63291666666667,17.22222222222222,0.8
2025-10-17 14:11:28+00:00,33.73855701474401,-84.42336,1118729521,91004,19.0,20.5,19.0,20.5,20.5,21.0,20.5,21.0,66.0,66.0,69.0,69.0,21.666666666666668,65.5,21.63291666666667,17.22222222222222,0.8
2025-10-17 14:11:29+00:00,33.738566299639544,-84.42336,1118729521,91003,19.0,20.5,19.0,20.5,20.5,21.0,20.5,21.0,66.0,66.0,69.0,69.0,21.666666666666668,65.5,21.63291666666667,17.22222222222222,0.8
2025-10-17 14:11:30+00:00,33.738576,-84.42336,1118729521,91003,19.0,20.5,19.0,20.5,20.5,21.0,20.5,21.0,66.0,66.0,69.0,69.0,21.666666666666668,65.5,21.63291666666667,17.22222222222222,0.8
2025-10-17 14:11:31+00:00,33.73858602961454,-84.42335984803614,1118729521,91003,19.0,20.5,19.0,20.5,20.5,21.0,20.5,21.0,66.0,66.0,69.0,69.0,21.833333333333332,65.8,21.811833333333336,17.38888888888889,0.8
2025-10-17 14:11:32+00:00,33.7385966057682,-84.42335968779139,1118729521,91003,19.0,20.5,19.0,20.5,20.5,21.0,20.5,21.0,66.0,66.0,69.0,69.0,21.833333333333332,65.8,21.811833333333336,17.38888888888889,0.8
2025-10-17 14:11:33+00:00,33.73861035269785,-84.42335947950458,1118729521,91003,19.0,20.5,19.0,20.5,20.5,21.0,20.5,21.0,66.0,66.0,69.0,69.0,21.833333333333332,65.8,21.811833333333336,17.38888888888889,0.8
2025-10-17 14:11:34+00:00,33.73862376378964,-84.42335927630621,1118729521,91003,19.0,20.5,19.0,20.5,20.5,21.0,20.5,21.0,66.0,66.0,69.0,69.0,21.833333333333332,65.8,21.811833333333336,17.38888888888889,0.8
2025-10-17 14:11:35+00:00,33.738637078692435,-84.42335907456527,1118729521,91003,19.0,20.5,19.0,20.5,20.5,21.0,20.5,21.0,66.0,66.0,69.0,69.0,21.833333333333332,65.8,21.811833333333336,17.38888888888889,0.8
2025-10-17 14:11:36+00:00,33.738653216928334,-84.423359,1118729521,91003,19.0,20.5,19.0,20.5,20.5,21.0,20.5,21.0,66.0,66.0,69.0,69.0,21.888888888888893,65.9,21.871472222222224,17.5,1.1
2025-10-17 14:11:37+00:00,33.7386701604385,-84.423359,1118729521,91003,19.0,20.5,19.0,20.5,20.5,21.0,20.5,21.0,66.0,66.0,69.0,69.0,21.888888888888893,65.9,21.871472222222224,17.5,1.1
2025-10-17 14:11:38+00:00,33.73869429418844,-84.42354932585806,561725296,42052,19.0,19.0,19.0,19.0,20.0,23.0,20.0,23.0,66.0,66.0,68.0,68.0,21.888888888888893,65.9,21.871472222222224,17.5,1.1
2025-10-17 14:11:39+00:00,33.73871433703121,-84.4235475828711,561725296,42052,19.0,19.0,19.0,19.0,20.0,23.0,20.0,23.0,66.0,66.0,68.0,68.0,21.888888888888893,65.9,21.871472222222224,17.5,1.1
2025-10-17 14:11:40+00:00,33.738719,-84.423547,561725296,42052,19.0,19.0,19.0,19.0,20.0,23.0,20.0,23.0,66.0,66.0,68.0,68.0,21.888888888888893,65.9,21.871472222222224,17.5,1.1
2025-10-17 14:11:41+00:00,33.73874140882379,-84.42354541303243,561725296,42052,19.0,19.0,19.0,19.0,20.0,23.0,20.0,23.0,66.0,66.0,68.0,68.0,21.888888888888893,65.6,21.867555555555562,17.5,1.3
2025-10-17 14:11:42+00:00,33.73875539425082,-84.42354420739217,561725296,42052,19.0,19.0,19.0,19.0,20.0,23.0,20.0,23.0,66.0,66.0,68.0,68.0,21.888888888888893,65.6,21.867555555555562,17.5,1.3
2025-10-17 14:11:43+00:00,33.73876827668343,-84.42354309683763,561725296,42052,19.0,19.0,19.0,19.0,20.0,23.0,20.0,23.0,66.0,66.0,68.0,68.0,21.888888888888893,65.6,21.867555555555562,17.5,1.3
2025-10-17 14:11:44+00:00,33.73876992332178,-84.42335810477032,1118729521,91003,19.0,19.0,19.0,19.0,20.0,23.0,20.0,23.0,66.0,66.0,68.0,68.0,21.888888888888893,65.6,21.867555555555562,17.5,1.3
2025-10-17 14:11:45+00:00,33.73878167260404,-84.423358,1118729521,91003,19.0,19.0,19.0,19.0,20.0,23.0,20.0,23.0,66.0,66.0,68.0,68.0,21.888888888888893,65.6,21.867555555555562,17.5,1.3
2025-10-17 14:11:46+00:00,33.73879145591767,-84.423358,1118729521,91002,19.0,19.0,19.0,19.0,20.0,23.0,20.0,23.0,66.0,66.0,68.0,68.0,21.944444444444443,65.1,21.919361111111108,17.5,0.9
2025-10-17 14:11:47+00:00,33.738801136675,-84.423358,1118729521,91002,19.0,19.0,19.0,19.0,20.0,23.0,20.0,23.0,66.0,66.0,68.0,68.0,21.944444444444443,65.1,21.919361111111108,17.5,0.9
2025-10-17 14:11:48+00:00,33.738895,-84.42344296561349,561725292,42050,19.0,19.0,19.0,19.0,20.0,23.0,20.0,23.0,66.0,66.0,68.0,68.0,21.944444444444443,65.1,21.919361111111108,17.5,0.9
2025-10-17 14:11:49+00:00,33.738895,-84.42344240274309,561725292,42050,19.0,19.0,19.0,19.0,20.0,23.0,20.0,23.0,66.0,66.0,68.0,68.0,21.944444444444443,65.1,21.919361111111108,17.5,0.9
2025-10-17 14:11:50+00:00,33.738895,-84.42344249026567,561725292,42050,19.0,19.0,19.0,19.0,20.0,23.0,20.0,23.0,66.0,66.0,68.0,68.0,21.944444444444443,65.1,21.919361111111108,17.5,0.9
2025-10-17 14:11:51+00:00,33.738895,-84.4234445438048,561725292,42050,19.0,19.0,19.0,19.0,20.0,23.0,20.0,23.0,66.0,66.0,68.0,68.0,22.055555555555557,64.5,22.028194444444438,17.5,1.1
2025-10-17 14:11:52+00:00,33.738895,-84.4234494649599,561725292,42050,19.0,19.0,19.0,19.0,20.0,23.0,20.0,23.0,66.0,66.0,68.0,68.0,22.055555555555557,64.5,22.028194444444438,17.5,1.1
2025-10-17 14:11:53+00:00,33.738895,-84.42345362892183,561725292,42050,19.0,19.0,19.0,19.0,18.0,20.5,18.0,20.5,66.0,66.0,64.0,64.0,22.055555555555557,64.5,22.028194444444438,17.5,1.1
2025-10-17 14:11:54+00:00,33.738895,-84.42345543018367,561725292,42050,19.0,19.0,19.0,19.0,18.0,20.5,18.0,20.5,66.0,66.0,64.0,64.0,22.055555555555557,64.5,22.028194444444438,17.5,1.1
2025-10-17 14:11:55+00:00,33.738895,-84.42345476378617,561725292,42050,19.0,19.0,19.0,19.0,18.0,20.5,18.0,20.5,66.0,66.0,64.0,64.0,22.055555555555557,64.5,22.028194444444438,17.5,1.1
2025-10-17 14:11:56+00:00,33.738895,-84.4234530987613,561725292,42050,19.0,19.0,19.0,19.0,18.0,20.5,18.0,20.5,66.0,66.0,64.0,64.0,22.11111111111111,63.8,22.07738888888889,17.5,1.1
2025-10-17 14:11:57+00:00,33.738895,-84.42345224776537,561725292,42050,19.0,19.0,19.0,19.0,18.0,20.5,18.0,20.5,66.0,66.0,64.0,64.0,22.11111111111111,63.8,22.07738888888889,17.5,1.1
2025-10-17 14:11:58+00:00,33.738895,-84.42345120871933,561725292,42050,19.0,19.0,19.0,19.0,18.0,20.5,18.0,20.5,66.0,66.0,64.0,64.0,22.11111111111111,63.8,22.07738888888889,17.5,1.1
2025-10-17 14:11:59+00:00,33.738895,-84.42345000778012,561725292,42050,19.0,19.0,19.0,19.0,18.0,20.5,18.0,20.5,66.0,66.0,64.0,64.0,22.11111111111111,63.8,22.07738888888889,17.5,1.1
2025-10-17 14:12:00+00:00,33.738895,-84.42344788368335,561725292,42050,19.0,19.0,19.0,19.0,18.0,20.5,18.0,20.5,66.0,66.0,64.0,64.0,22.11111111111111,63.8,22.07738888888889,17.5,1.1
2025-10-17 14:12:01+00:00,33.738895,-84.42344524058475,561725292,42050,19.0,19.0,19.0,19.0,18.0,20.5,18.0,20.5,66.0,66.0,64.0,64.0,22.277777777777775,63.5,22.24847222222222,17.61111111111111,0.8
2025-10-17 14:12:02+00:00,33.738982,-84.423357,1118729521,91001,19.0,19.0,19.0,19.0,18.0,20.5,18.0,20.5,66.0,66.0,64.0,64.0,22.277777777777775,63.5,22.24847222222222,17.61111111111111,0.8
2025-10-17 14:12:03+00:00,33.73899193002767,-84.42335690069972,1118729521,91001,19.0,19.0,19.0,19.0,18.0,20.5,18.0,20.5,66.0,66.0,64.0,64.0,22.277777777777775,63.5,22.24847222222222,17.61111111111111,0.8
2025-10-17 14:12:04+00:00,33.73900163677882,-84.4233568036322,1118729521,91001,19.0,19.0,19.0,19.0,18.0,20.5,18.0,20.5,66.0,66.0,64.0,64.0,22.277777777777775,63.5,22.24847222222222,17.61111111111111,0.8
2025-10-17 14:12:05+00:00,33.739011011386424,-84.42335670988614,1118729521,91001,19.0,19.0,19.0,19.0,18.0,20.5,18.0,20.5,66.0,66.0,64.0,64.0,22.277777777777775,63.5,22.24847222222222,17.61111111111111,0.8
2025-10-17 14:12:06+00:00,33.73902073243243,-84.42335661267568,1118729521,91001,19.0,19.0,19.0,19.0,18.0,20.5,18.0,20.5,66.0,66.0,64.0,64.0,22.444444444444446,63.7,22.426083333333334,17.72222222222222,0.8
2025-10-17 14:12:07+00:00,33.73903063742208,-84.42335651362578,1118729521,91001,19.0,19.0,19.0,19.0,18.0,20.5,18.0,20.5,66.0,66.0,64.0,64.0,22.444444444444446,63.7,22.426083333333334,17.72222222222222,0.8
2025-10-17 14:12:08+00:00,33.73904036140201,-84.42335641638597,1118729521,91001,19.0,19.0,19.0,19.0,18.0,19.0,18.0,19.0,66.0,66.0,64.0,64.0,22.444444444444446,63.7,22.426083333333334,17.72222222222222,0.8
2025-10-17 14:12:10+00:00,33.739050833778336,-84.42335631166222,1118729521,91001,19.0,19.0,19.0,19.0,18.0,19.0,18.0,19.0,66.0,66.0,64.0,64.0,22.444444444444446,63.7,22.426083333333334,17.72222222222222,0.8
2025-10-17 14:12:12+00:00,33.739071593607235,-84.42335610406393,1118729521,91001,19.0,19.0,19.0,19.0,18.0,19.0,18.0,19.0,66.0,66.0,64.0,64.0,22.555555555555554,63.7,22.54274999999999,17.77777777777778,0.9
2025-10-17 14:12:13+00:00,33.73908572173673,-84.423356,1118729521,91000,19.0,19.0,19.0,19.0,18.0,19.0,18.0,19.0,66.0,66.0,64.0,64.0,22.555555555555554,63.7,22.54274999999999,17.77777777777778,0.9
2025-10-17 14:12:14+00:00,33.73909967914494,-84.423356,1118729521,91000,19.0,19.0,19.0,19.0,18.0,19.0,18.0,19.0,66.0,66.0,64.0,64.0,22.555555555555554,63.7,22.54274999999999,17.77777777777778,0.9
2025-10-17 14:12:15+00:00,33.73911297031936,-84.42335599071464,1118729521,91000,19.0,19.0,19.0,19.0,18.0,19.0,18.0,19.0,66.0,66.0,64.0,64.0,22.555555555555554,63.7,22.54274999999999,17.77777777777778,0.9
2025-10-17 14:12:16+00:00,33.739126764947635,-84.42335585870863,1118729521,91000,19.0,19.0,19.0,19.0,18.0,19.0,18.0,19.0,66.0,66.0,64.0,64.0,22.555555555555554,63.4,22.53883333333333,17.77777777777778,1.1
2025-10-17 14:12:17+00:00,33.7391386368653,-84.42335574510177,1118729521,91000,19.0,19.0,19.0,19.0,18.0,19.0,18.0,19.0,66.0,66.0,64.0,64.0,22.555555555555554,63.4,22.53883333333333,17.77777777777778,1.1
2025-10-17 14:12:22+00:00,33.73912514811203,-84.42335587418074,1118729521,91000,19.0,19.0,19.0,19.0,18.0,19.0,18.0,19.0,66.0,66.0,64.0,64.0,22.61111111111111,63.3,22.595861111111113,17.77777777777778,0.9
2025-10-17 14:12:23+00:00,33.739112,-84.423356,1118729521,91000,19.0,19.0,19.0,19.0,19.0,21.0,19.0,21.0,66.0,66.0,66.0,66.0,22.61111111111111,63.3,22.595861111111113,17.77777777777778,0.9
2025-10-17 14:12:24+00:00,33.73909785506326,-84.423356,1118729521,91000,19.0,19.0,19.0,19.0,19.0,21.0,19.0,21.0,66.0,66.0,66.0,66.0,22.61111111111111,63.3,22.595861111111113,17.77777777777778,0.9
2025-10-17 14:12:25+00:00,33.739082789186924,-84.423356,1118729521,91000,19.0,19.0,19.0,19.0,19.0,21.0,19.0,21.0,66.0,66.0,66.0,66.0,22.61111111111111,63.3,22.595861111111113,17.77777777777778,0.9
2025-10-17 14:12:26+00:00,33.7390673911999,-84.423356146088,1118729521,91001,19.0,19.0,19.0,19.0,19.0,21.0,19.0,21.0,66.0,66.0,66.0,66.0,22.666666666666668,63.3,22.65419444444444,17.88888888888889,0.9
2025-10-17 14:12:27+00:00,33.739052586452075,-84.42335629413547,1118729521,91001,19.0,19.0,19.0,19.0,19.0,21.0,19.0,21.0,66.0,66.0,66.0,66.0,22.666666666666668,63.3,22.65419444444444,17.88888888888889,0.9
2025-10-17 14:12:28+00:00,33.73903827893538,-84.42335643721064,1118729521,91001,19.0,19.0,19.0,19.0,19.0,21.0,19.0,21.0,66.0,66.0,66.0,66.0,22.666666666666668,63.3,22.65419444444444,17.88888888888889,0.9
2025-10-17 14:12:29+00:00,33.73902402199311,-84.42335657978006,1118729521,91001,19.0,19.0,19.0,19.0,19.0,21.0,19.0,21.0,66.0,66.0,66.0,66.0,22.666666666666668,63.3,22.65419444444444,17.88888888888889,0.9
2025-10-17 14:12:30+00:00,33.7390103269791,-84.42335671673021,1118729521,91001,19.0,19.0,19.0,19.0,19.0,21.0,19.0,21.0,66.0,66.0,66.0,66.0,22.666666666666668,63.3,22.65419444444444,17.88888888888889,0.9
2025-10-17 14:12:31+00:00,33.73899784266827,-84.42335684157331,1118729521,91001,19.0,19.0,19.0,19.0,19.0,21.0,19.0,21.0,66.0,66.0,66.0,66.0,22.722222222222225,63.3,22.712527777777783,17.88888888888889,0.8
2025-10-17 14:12:32+00:00,33.738985494068544,-84.42335696505931,1118729521,91001,19.0,19.0,19.0,19.0,19.0,21.0,19.0,21.0,66.0,66.0,66.0,66.0,22.722222222222225,63.3,22.712527777777783,17.88888888888889,0.8
2025-10-17 14:12:33+00:00,33.738895,-84.42344423778322,561725292,42050,19.0,19.0,19.0,19.0,19.0,21.0,19.0,21.0,66.0,66.0,66.0,66.0,22.722222222222225,63.3,22.712527777777783,17.88888888888889,0.8
2025-10-17 14:12:34+00:00,33.738895,-84.42344328299157,561725292,42050,19.0,19.0,19.0,19.0,19.0,21.0,19.0,21.0,66.0,66.0,66.0,66.0,22.722222222222225,63.3,22.712527777777783,17.88888888888889,0.8
2025-10-17 14:12:35+00:00,33.738895,-84.42344341141265,561725292,42050,19.0,19.0,19.0,19.0,19.0,21.0,19.0,21.0,66.0,66.0,66.0,66.0,22.722222222222225,63.3,22.712527777777783,17.88888888888889,0.8
2025-10-17 14:12:36+00:00,33.738895,-84.42344506507226,561725292,42050,19.0,19.0,19.0,19.0,19.0,21.0,19.0,21.0,66.0,66.0,66.0,66.0,22.77777777777778,63.0,22.766944444444448,17.88888888888889,0.8
2025-10-17 14:12:37+00:00,33.738895,-84.42344623268691,561725292,42050,19.0,19.0,19.0,19.0,19.0,21.0,19.0,21.0,66.0,66.0,66.0,66.0,22.77777777777778,63.0,22.766944444444448,17.88888888888889,0.8
2025-10-17 14:12:38+00:00,33.738895,-84.42344628892764,561725292,42050,18.0,18.0,18.0,18.0,18.0,21.0,18.0,21.0,64.0,64.0,64.0,64.0,22.77777777777778,63.0,22.766944444444448,17.88888888888889,0.8
2025-10-17 14:12:39+00:00,33.738895,-84.42344666510944,561725292,42050,18.0,18.0,18.0,18.0,18.0,21.0,18.0,21.0,64.0,64.0,64.0,64.0,22.77777777777778,63.0,22.766944444444448,17.88888888888889,0.8
2025-10-17 14:12:40+00:00,33.738895,-84.42344719777617,561725292,42050,18.0,18.0,18.0,18.0,18.0,21.0,18.0,21.0,64.0,64.0,64.0,64.0,22.77777777777778,63.0,22.766944444444448,17.88888888888889,0.8
2025-10-17 14:12:41+00:00,33.738895,-84.4234479423607,561725292,42050,18.0,18.0,18.0,18.0,18.0,21.0,18.0,21.0,64.0,64.0,64.0,64.0,22.77777777777778,62.6,22.761722222222225,17.88888888888889,1.0
2025-10-17 14:12:42+00:00,33.738895,-84.42344868328537,561725292,42050,18.0,18.0,18.0,18.0,18.0,21.0,18.0,21.0,64.0,64.0,64.0,64.0,22.77777777777778,62.6,22.761722222222225,17.88888888888889,1.0
2025-10-17 14:12:43+00:00,33.738895,-84.42344972249657,561725292,42050,18.0,18.0,18.0,18.0,18.0,21.0,18.0,21.0,64.0,64.0,64.0,64.0,22.77777777777778,62.6,22.761722222222225,17.88888888888889,1.0
2025-10-17 14:12:44+00:00,33.738895,-84.42344989713268,561725292,42050,18.0,18.0,18.0,18.0,18.0,21.0,18.0,21.0,64.0,64.0,64.0,64.0,22.77777777777778,62.6,22.761722222222225,17.88888888888889,1.0
2025-10-17 14:12:45+00:00,33.738895,-84.42344896073453,561725292,42050,18.0,18.0,18.0,18.0,18.0,21.0,18.0,21.0,64.0,64.0,64.0,64.0,22.77777777777778,62.6,22.761722222222225,17.88888888888889,1.0
2025-10-17 14:12:46+00:00,33.738895,-84.42344733923514,561725292,42050,18.0,18.0,18.0,18.0,18.0,21.0,18.0,21.0,64.0,64.0,64.0,64.0,22.83333333333333,62.6,22.820055555555555,17.88888888888889,1.2
2025-10-17 14:12:47+00:00,33.73880051561203,-84.423358,1118729521,91002,18.0,18.0,18.0,18.0,18.0,21.0,18.0,21.0,64.0,64.0,64.0,64.0,22.83333333333333,62.6,22.820055555555555,17.88888888888889,1.2
2025-10-17 14:12:48+00:00,33.738788216808516,-84.423358,1118729521,91002,18.0,18.0,18.0,18.0,18.0,21.0,18.0,21.0,64.0,64.0,64.0,64.0,22.83333333333333,62.6,22.820055555555555,17.88888888888889,1.2
2025-10-17 14:12:49+00:00,33.738774673038286,-84.42335802287865,1118729521,91003,18.0,18.0,18.0,18.0,18.0,21.0,18.0,21.0,64.0,64.0,64.0,64.0,22.83333333333333,62.6,22.820055555555555,17.88888888888889,1.2
2025-10-17 14:12:50+00:00,33.738761617401124,-84.42335824797584,1118729521,91003,18.0,18.0,18.0,18.0,18.0,21.0,18.0,21.0,64.0,64.0,64.0,64.0,22.83333333333333,62.6,22.820055555555555,17.88888888888889,1.2
2025-10-17 14:12:51+00:00,33.738748529918446,-84.42335847362209,1118729521,91003,18.0,18.0,18.0,18.0,18.0,21.0,18.0,21.0,64.0,64.0,64.0,64.0,22.722222222222225,62.4,22.70077777777778,17.77777777777778,1.1
2025-10-17 14:12:52+00:00,33.73873515267178,-84.42335870426429,1118729521,91003,18.0,18.0,18.0,18.0,18.0,21.0,18.0,21.0,64.0,64.0,64.0,64.0,22.722222222222225,62.4,22.70077777777778,17.77777777777778,1.1
2025-10-17 14:12:53+00:00,33.738721967345505,-84.42335893159749,1118729521,91003,18.0,18.0,18.0,18.0,16.0,18.0,16.0,18.0,64.0,64.0,60.0,60.0,22.722222222222225,62.4,22.70077777777778,17.77777777777778,1.1
2025-10-17 14:12:54+00:00,33.73871078776376,-84.423359,1118729521,91003,18.0,18.0,18.0,18.0,16.0,18.0,16.0,18.0,64.0,64.0,60.0,60.0,22.722222222222225,62.4,22.70077777777778,17.77777777777778,1.1
2025-10-17 14:12:55+00:00,33.73869901545469,-84.423359,1118729521,91003,18.0,18.0,18.0,18.0,16.0,18.0,16.0,18.0,64.0,64.0,60.0,60.0,22.722222222222225,62.4,22.70077777777778,17.77777777777778,1.1
2025-10-17 14:12:56+00:00,33.73868734704481,-84.423359,1118729521,91003,18.0,18.0,18.0,18.0,16.0,18.0,16.0,18.0,64.0,64.0,60.0,60.0,22.5,62.0,22.462222222222223,17.5,1.3
2025-10-17 14:12:57+00:00,33.73867460082502,-84.423359,1118729521,91003,18.0,18.0,18.0,18.0,16.0,18.0,16.0,18.0,64.0,64.0,60.0,60.0,22.5,62.0,22.462222222222223,17.5,1.3
2025-10-17 14:12:58+00:00,33.73866050741118,-84.423359,1118729521,91003,18.0,18.0,18.0,18.0,16.0,18.0,16.0,18.0,64.0,64.0,60.0,60.0,22.5,62.0,22.462222222222223,17.5,1.3
2025-10-17 14:12:59+00:00,33.73864443276427,-84.423359,1118729521,91003,18.0,18.0,18.0,18.0,16.0,18.0,16.0,18.0,64.0,64.0,60.0,60.0,22.5,62.0,22.462222222222223,17.5,1.3
2025-10-17 14:13:00+00:00,33.738626665727345,-84.42335923233748,1118729521,91003,18.0,18.0,18.0,18.0,16.0,18.0,16.0,18.0,64.0,64.0,60.0,60.0,22.5,62.0,22.462222222222223,17.5,1.3
2025-10-17 14:13:01+00:00,33.73861121811028,-84.42335946639227,1118729521,91003,18.0,18.0,18.0,18.0,16.0,18.0,16.0,18.0,64.0,64.0,60.0,60.0,22.5,61.7,22.458305555555555,17.5,1.0
2025-10-17 14:13:02+00:00,33.738596737089665,-84.42335968580167,1118729521,91003,18.0,18.0,18.0,18.0,16.0,18.0,16.0,18.0,64.0,64.0,60.0,60.0,22.5,61.7,22.458305555555555,17.5,1.0
2025-10-17 14:13:03+00:00,33.738582913174646,-84.42335989525493,1118729521,91003,18.0,18.0,18.0,18.0,16.0,18.0,16.0,18.0,64.0,64.0,60.0,60.0,22.5,61.7,22.458305555555555,17.5,1.0
2025-10-17 14:13:04+00:00,33.738569982571306,-84.42336,1118729521,91003,18.0,18.0,18.0,18.0,16.0,18.0,16.0,18.0,64.0,64.0,60.0,60.0,22.5,61.7,22.458305555555555,17.5,1.0
2025-10-17 14:13:05+00:00,33.738555834961765,-84.42336,1118729521,91004,18.0,18.0,18.0,18.0,16.0,18.0,16.0,18.0,64.0,64.0,60.0,60.0,22.5,61.7,22.458305555555555,17.5,1.0
2025-10-17 14:13:06+00:00,33.73854188500765,-84.42336,1118729521,91004,18.0,18.0,18.0,18.0,16.0,18.0,16.0,18.0,64.0,64.0,60.0,60.0,22.5,61.5,22.45569444444445,17.5,1.9
2025-10-17 14:13:07+00:00,33.73852962767004,-84.42336,1118729521,91004,18.0,18.0,18.0,18.0,16.0,18.0,16.0,18.0,64.0,64.0,60.0,60.0,22.5,61.5,22.45569444444445,17.5,1.9
2025-10-17 14:13:08+00:00,33.73851936825072,-84.42336,1118729521,91004,19.0,19.0,19.0,19.0,20.0,21.0,20.0,21.0,66.0,66.0,68.0,68.0,22.5,61.5,22.45569444444445,17.5,1.9
2025-10-17 14:13:09+00:00,33.73851094304791,-84.42336,1118729521,91004,19.0,19.0,19.0,19.0,20.0,21.0,20.0,21.0,66.0,66.0,68.0,68.0,22.5,61.5,22.45569444444445,17.5,1.9
2025-10-17 14:13:10+00:00,33.73850339105923,-84.42336,1118729521,91004,19.0,19.0,19.0,19.0,20.0,21.0,20.0,21.0,66.0,66.0,68.0,68.0,22.5,61.5,22.45569444444445,17.5,1.9
2025-10-17 14:13:11+00:00,33.738495368096,-84.42336,1118729521,91004,19.0,19.0,19.0,19.0,20.0,21.0,20.0,21.0,66.0,66.0,68.0,68.0,22.5,61.3,22.453083333333332,17.38888888888889,1.0
2025-10-17 14:13:13+00:00,33.73838992340314,-84.42347861350784,1307448046,97351,19.0,19.0,19.0,19.0,20.0,21.0,20.0,21.0,66.0,66.0,68.0,68.0,22.5,61.3,22.453083333333332,17.38888888888889,1.0
2025-10-17 14:13:18+00:00,33.73838843962856,-84.42346656874945,1307448046,97351,19.0,19.0,19.0,19.0,20.0,21.0,20.0,21.0,66.0,66.0,68.0,68.0,22.555555555555554,61.2,22.510111111111105,17.38888888888889,0.8
2025-10-17 14:13:20+00:00,33.7384832702427,-84.42336,1118729521,91004,19.0,19.0,19.0,19.0,20.0,21.0,20.0,21.0,66.0,66.0,68.0,68.0,22.555555555555554,61.2,22.510111111111105,17.38888888888889,0.8
2025-10-17 14:13:22+00:00,33.73849084890105,-84.42336,1118729521,91004,19.0,19.0,19.0,19.0,20.0,21.0,20.0,21.0,66.0,66.0,68.0,68.0,22.666666666666668,60.8,22.621555555555556,17.5,1.0
2025-10-17 14:13:25+00:00,33.738500953090224,-84.42336,1118729521,91004,18.0,18.0,18.0,18.0,20.0,22.0,20.0,22.0,64.0,64.0,68.0,68.0,22.666666666666668,60.8,22.621555555555556,17.5,1.0
2025-10-17 14:13:26+00:00,33.73850109199415,-84.42336,1118729521,91004,18.0,18.0,18.0,18.0,20.0,22.0,20.0,22.0,64.0,64.0,68.0,68.0,22.61111111111111,59.7,22.548861111111115,17.27777777777778,1.2
2025-10-17 14:13:27+00:00,33.738495700796705,-84.42336,1118729521,91004,18.0,18.0,18.0,18.0,20.0,22.0,20.0,22.0,64.0,64.0,68.0,68.0,22.61111111111111,59.7,22.548861111111115,17.27777777777778,1.2
2025-10-17 14:13:28+00:00,33.738488694056,-84.42336,1118729521,91004,18.0,18.0,18.0,18.0,20.0,22.0,20.0,22.0,64.0,64.0,68.0,68.0,22.61111111111111,59.7,22.548861111111115,17.27777777777778,1.2
2025-10-17 14:13:29+00:00,33.738482077843855,-84.42336,1118729521,91004,18.0,18.0,18.0,18.0,20.0,22.0,20.0,22.0,64.0,64.0,68.0,68.0,22.61111111111111,59.7,22.548861111111115,17.27777777777778,1.2
2025-10-17 14:13:30+00:00,33.7384774119284,-84.42336,1118729521,91004,18.0,18.0,18.0,18.0,20.0,22.0,20.0,22.0,64.0,64.0,68.0,68.0,22.61111111111111,59.7,22.548861111111115,17.27777777777778,1.2
2025-10-17 14:13:31+00:00,33.738474659817555,-84.42336,1118729521,91004,18.0,18.0,18.0,18.0,20.0,22.0,20.0,22.0,64.0,64.0,68.0,68.0,22.38888888888889,59.6,22.31422222222222,17.11111111111111,1.5
2025-10-17 14:13:32+00:00,33.738471416969766,-84.42336,1118729521,91004,18.0,18.0,18.0,18.0,20.0,22.0,20.0,22.0,64.0,64.0,68.0,68.0,22.38888888888889,59.6,22.31422222222222,17.11111111111111,1.5
2025-10-17 14:13:33+00:00,33.73846692582224,-84.42336,1118729521,91004,18.0,18.0,18.0,18.0,20.0,22.0,20.0,22.0,64.0,64.0,68.0,68.0,22.38888888888889,59.6,22.31422222222222,17.11111111111111,1.5
2025-10-17 14:13:34+00:00,33.73846166027463,-84.42336,1118729521,91004,18.0,18.0,18.0,18.0,20.0,22.0,20.0,22.0,64.0,64.0,68.0,68.0,22.38888888888889,59.6,22.31422222222222,17.11111111111111,1.5
2025-10-17 14:13:35+00:00,33.738526,-84.423266,561725284,42046,18.0,18.0,18.0,18.0,20.0,22.0,20.0,22.0,64.0,64.0,68.0,68.0,22.38888888888889,59.6,22.31422222222222,17.11111111111111,1.5
2025-10-17 14:13:36+00:00,33.738526,-84.423266,561725284,42046,18.0,18.0,18.0,18.0,20.0,22.0,20.0,22.0,64.0,64.0,68.0,68.0,22.277777777777775,59.8,22.20016666666666,17.0,1.5
2025-10-17 14:13:37+00:00,33.738526,-84.42325467195992,561725284,42046,18.0,18.0,18.0,18.0,20.0,22.0,20.0,22.0,64.0,64.0,68.0,68.0,22.277777777777775,59.8,22.20016666666666,17.0,1.5
2025-10-17 14:13:38+00:00,33.738526,-84.42323980022967,561725284,42046,16.0,17.0,16.0,17.0,20.0,24.0,20.0,24.0,60.0,60.0,68.0,68.0,22.277777777777775,59.8,22.20016666666666,17.0,1.5
2025-10-17 14:13:39+00:00,33.738526,-84.423227654828,561725284,42046,16.0,17.0,16.0,17.0,20.0,24.0,20.0,24.0,60.0,60.0,68.0,68.0,22.277777777777775,59.8,22.20016666666666,17.0,1.5
2025-10-17 14:13:40+00:00,33.7384483267924,-84.42313594389937,561725280,42043,16.0,17.0,16.0,17.0,20.0,24.0,20.0,24.0,60.0,60.0,68.0,68.0,22.277777777777775,59.8,22.20016666666666,17.0,1.5
2025-10-17 14:13:41+00:00,33.73844771436017,-84.42313589286334,561725280,42043,16.0,17.0,16.0,17.0,20.0,24.0,20.0,24.0,60.0,60.0,68.0,68.0,22.22222222222222,60.0,22.144444444444446,17.0,0.8
2025-10-17 14:13:42+00:00,33.7384452790554,-84.42313568992128,561725280,42043,16.0,17.0,16.0,17.0,20.0,24.0,20.0,24.0,60.0,60.0,68.0,68.0,22.22222222222222,60.0,22.144444444444446,17.0,0.8
2025-10-17 14:13:43+00:00,33.738440945891,-84.42313532882424,561725280,42043,16.0,17.0,16.0,17.0,20.0,24.0,20.0,24.0,60.0,60.0,68.0,68.0,22.22222222222222,60.0,22.144444444444446,17.0,0.8
2025-10-17 14:13:44+00:00,33.73843668054911,-84.42313498282522,561725280,42043,16.0,17.0,16.0,17.0,20.0,24.0,20.0,24.0,60.0,60.0,68.0,68.0,22.22222222222222,60.0,22.144444444444446,17.0,0.8
2025-10-17 14:13:45+00:00,33.738433488184405,-84.42313481119271,561725280,42043,16.0,17.0,16.0,17.0,20.0,24.0,20.0,24.0,60.0,60.0,68.0,68.0,22.22222222222222,60.0,22.144444444444446,17.0,0.8
2025-10-17 14:13:46+00:00,33.73843167650452,-84.42313471379057,561725280,42043,16.0,17.0,16.0,17.0,20.0,24.0,20.0,24.0,60.0,60.0,68.0,68.0,21.999999999999996,60.1,21.912416666666658,16.77777777777778,1.4
2025-10-17 14:13:47+00:00,33.738430846252605,-84.42313466915337,561725280,42043,16.0,17.0,16.0,17.0,20.0,24.0,20.0,24.0,60.0,60.0,68.0,68.0,21.999999999999996,60.1,21.912416666666658,16.77777777777778,1.4
2025-10-17 14:13:48+00:00,33.738430414976186,-84.42313464596647,561725280,42043,16.0,17.0,16.0,17.0,20.0,24.0,20.0,24.0,60.0,60.0,68.0,68.0,21.999999999999996,60.1,21.912416666666658,16.77777777777778,1.4
2025-10-17 14:13:49+00:00,33.73843085724245,-84.42313466974421,561725280,42043,16.0,17.0,16.0,17.0,20.0,24.0,20.0,24.0,60.0,60.0,68.0,68.0,21.999999999999996,60.1,21.912416666666658,16.77777777777778,1.4
2025-10-17 14:13:50+00:00,33.738430956563704,-84.42313467508407,561725280,42043,16.0,17.0,16.0,17.0,20.0,24.0,20.0,24.0,60.0,60.0,68.0,68.0,21.999999999999996,60.1,21.912416666666658,16.77777777777778,1.4
2025-10-17 14:13:51+00:00,33.738429506204525,-84.42313459710778,561725280,42043,16.0,17.0,16.0,17.0,20.0,24.0,20.0,24.0,60.0,60.0,68.0,68.0,21.722222222222218,60.0,21.61944444444444,16.5,1.6
2025-10-17 14:13:52+00:00,33.73842575041754,-84.42313439518374,561725280,42043,16.0,17.0,16.0,17.0,20.0,24.0,20.0,24.0,60.0,60.0,68.0,68.0,21.722222222222218,60.0,21.61944444444444,16.5,1.6
2025-10-17 14:13:53+00:00,33.73833109003163,-84.42304049088595,1307448046,97353,17.0,17.0,17.0,17.0,22.0,22.0,22.0,22.0,62.0,62.0,72.0,72.0,21.722222222222218,60.0,21.61944444444444,16.5,1.6
2025-10-17 14:13:54+00:00,33.7383286831106,-84.42302083110602,1307448046,97353,17.0,17.0,17.0,17.0,22.0,22.0,22.0,22.0,62.0,62.0,72.0,72.0,21.722222222222218,60.0,21.61944444444444,16.5,1.6
2025-10-17 14:13:55+00:00,33.73832732077809,-84.42300924544661,1307448046,97353,17.0,17.0,17.0,17.0,22.0,22.0,22.0,22.0,62.0,62.0,72.0,72.0,21.722222222222218,60.0,21.61944444444444,16.5,1.6
2025-10-17 14:13:56+00:00,33.738324811807956,-84.42299108855966,1307448046,97353,17.0,17.0,17.0,17.0,22.0,22.0,22.0,22.0,62.0,62.0,72.0,72.0,21.555555555555557,60.0,21.444444444444443,16.38888888888889,1.4
2025-10-17 14:13:57+00:00,33.73832228088592,-84.42297253642292,1307448046,97353,17.0,17.0,17.0,17.0,22.0,22.0,22.0,22.0,62.0,62.0,72.0,72.0,21.555555555555557,60.0,21.444444444444443,16.38888888888889,1.4
2025-10-17 14:13:58+00:00,33.73831966134642,-84.42295329077133,1307448046,97354,17.0,17.0,17.0,17.0,22.0,22.0,22.0,22.0,62.0,62.0,72.0,72.0,21.555555555555557,60.0,21.444444444444443,16.38888888888889,1.4
2025-10-17 14:13:59+00:00,33.73831652655932,-84.42293409411442,1307448046,97354,17.0,17.0,17.0,17.0,22.0,22.0,22.0,22.0,62.0,62.0,72.0,72.0,21.555555555555557,60.0,21.444444444444443,16.38888888888889,1.4
2025-10-17 14:14:00+00:00,33.73831431989286,-84.42291588911607,1307448046,97354,17.0,17.0,17.0,17.0,22.0,22.0,22.0,22.0,62.0,62.0,72.0,72.0,21.555555555555557,60.0,21.444444444444443,16.38888888888889,1.4
2025-10-17 14:14:01+00:00,33.7383126400149,-84.42290248010427,1307448046,97354,17.0,17.0,17.0,17.0,22.0,22.0,22.0,22.0,62.0,62.0,72.0,72.0,21.5,60.3,21.390027777777775,16.38888888888889,2.3
2025-10-17 14:14:02+00:00,33.73831094022895,-84.42289058160263,1307448046,97354,17.0,17.0,17.0,17.0,22.0,22.0,22.0,22.0,62.0,62.0,72.0,72.0,21.5,60.3,21.390027777777775,16.38888888888889,2.3
2025-10-17 14:14:03+00:00,33.73830930125503,-84.42287910878521,1307448046,97354,17.0,17.0,17.0,17.0,22.0,22.0,22.0,22.0,62.0,62.0,72.0,72.0,21.5,60.3,21.390027777777775,16.38888888888889,2.3
2025-10-17 14:14:04+00:00,33.738307325811725,-84.42286528068207,1307448046,97354,17.0,17.0,17.0,17.0,22.0,22.0,22.0,22.0,62.0,62.0,72.0,72.0,21.5,60.3,21.390027777777775,16.38888888888889,2.3
2025-10-17 14:14:05+00:00,33.7383052843415,-84.42285099039051,1307448046,97354,17.0,17.0,17.0,17.0,22.0,22.0,22.0,22.0,62.0,62.0,72.0,72.0,21.5,60.3,21.390027777777775,16.38888888888889,2.3
2025-10-17 14:14:06+00:00,33.738303199918505,-84.42283639942954,1307448046,97354,17.0,17.0,17.0,17.0,22.0,22.0,22.0,22.0,62.0,62.0,72.0,72.0,21.555555555555557,60.4,21.449666666666662,16.5,1.2
2025-10-17 14:14:07+00:00,33.738300992271576,-84.42281927279402,1307448046,97355,17.0,17.0,17.0,17.0,22.0,22.0,22.0,22.0,62.0,62.0,72.0,72.0,21.555555555555557,60.4,21.449666666666662,16.5,1.2
2025-10-17 14:14:08+00:00,33.73829880723096,-84.42280215664253,1307448046,97355,18.0,18.0,18.0,18.0,22.0,22.0,22.0,22.0,64.0,64.0,72.0,72.0,21.555555555555557,60.4,21.449666666666662,16.5,1.2
2025-10-17 14:14:09+00:00,33.73829656935776,-84.42278455486203,1307448046,97355,18.0,18.0,18.0,18.0,22.0,22.0,22.0,22.0,64.0,64.0,72.0,72.0,21.555555555555557,60.4,21.449666666666662,16.5,1.2
2025-10-17 14:14:10+00:00,33.73829355419107,-84.42276365029278,1307448046,97356,18.0,18.0,18.0,18.0,22.0,22.0,22.0,22.0,64.0,64.0,72.0,72.0,21.555555555555557,60.4,21.449666666666662,16.5,1.2
2025-10-17 14:14:11+00:00,33.738292067468045,-84.42274487708458,1307448046,97356,18.0,18.0,18.0,18.0,22.0,22.0,22.0,22.0,64.0,64.0,72.0,72.0,21.611111111111114,60.5,21.509305555555567,16.5,0.9
2025-10-17 14:14:12+00:00,33.73829042687572,-84.42272984188146,1307448046,97356,18.0,18.0,18.0,18.0,22.0,22.0,22.0,22.0,64.0,64.0,72.0,72.0,21.611111111111114,60.5,21.509305555555567,16.5,0.9
2025-10-17 14:14:13+00:00,33.73828858839184,-84.42271329552658,1307448046,97356,18.0,18.0,18.0,18.0,22.0,22.0,22.0,22.0,64.0,64.0,72.0,72.0,21.611111111111114,60.5,21.509305555555567,16.5,0.9
2025-10-17 14:14:14+00:00,33.73828690938414,-84.42269982038108,1307448046,97356,18.0,18.0,18.0,18.0,22.0,22.0,22.0,22.0,64.0,64.0,72.0,72.0,21.611111111111114,60.5,21.509305555555567,16.5,0.9
2025-10-17 14:14:15+00:00,33.73828498231744,-84.42268027896795,1307448046,97356,18.0,18.0,18.0,18.0,22.0,22.0,22.0,22.0,64.0,64.0,72.0,72.0,21.611111111111114,60.5,21.509305555555567,16.5,0.9
2025-10-17 14:14:16+00:00,33.73828371710554,-84.42266517105534,1307448046,97356,18.0,18.0,18.0,18.0,22.0,22.0,22.0,22.0,64.0,64.0,72.0,72.0,21.722222222222218,60.9,21.631194444444443,16.72222222222222,0.8
2025-10-17 14:14:17+00:00,33.738283,-84.422658,1307448046,97356,18.0,18.0,18.0,18.0,22.0,22.0,22.0,22.0,64.0,64.0,72.0,72.0,21.722222222222218,60.9,21.631194444444443,16.72222222222222,0.8
2025-10-17 14:14:18+00:00,33.738278884911516,-84.4226335572318,1307448046,97357,18.0,18.0,18.0,18.0,22.0,22.0,22.0,22.0,64.0,64.0,72.0,72.0,21.722222222222218,60.9,21.631194444444443,16.72222222222222,0.8
2025-10-17 14:14:19+00:00,33.738276077294735,-84.4226151322467,1307448046,97357,18.0,18.0,18.0,18.0,22.0,22.0,22.0,22.0,64.0,64.0,72.0,72.0,21.722222222222218,60.9,21.631194444444443,16.72222222222222,0.8
2025-10-17 14:14:20+00:00,33.73827334679596,-84.42259721334847,1307448046,97357,18.0,18.0,18.0,18.0,22.0,22.0,22.0,22.0,64.0,64.0,72.0,72.0,21.722222222222218,60.9,21.631194444444443,16.72222222222222,0.8
2025-10-17 14:14:21+00:00,33.738270500396986,-84.4225785338552,1307448046,97357,18.0,18.0,18.0,18.0,22.0,22.0,22.0,22.0,64.0,64.0,72.0,72.0,21.77777777777778,61.2,21.69344444444445,16.77777777777778,0.9
2025-10-17 14:14:22+00:00,33.738267606347925,-84.42255954165825,1307448046,97357,18.0,18.0,18.0,18.0,22.0,22.0,22.0,22.0,64.0,64.0,72.0,72.0,21.77777777777778,61.2,21.69344444444445,16.77777777777778,0.9
2025-10-17 14:14:23+00:00,33.738265,-84.422539,1307448046,97357,18.0,18.0,18.0,18.0,19.0,19.0,19.0,19.0,64.0,64.0,66.0,66.0,21.77777777777778,61.2,21.69344444444445,16.77777777777778,0.9
2025-10-17 14:14:24+00:00,33.738263,-84.422522,1307448046,97357,18.0,18.0,18.0,18.0,19.0,19.0,19.0,19.0,64.0,64.0,66.0,66.0,21.77777777777778,61.2,21.69344444444445,16.77777777777778,0.9
2025-10-17 14:14:25+00:00,33.7382603664832,-84.42250777900927,1307448046,97357,18.0,18.0,18.0,18.0,19.0,19.0,19.0,19.0,64.0,64.0,66.0,66.0,21.77777777777778,61.2,21.69344444444445,16.77777777777778,0.9
2025-10-17 14:14:26+00:00,33.738257152347614,-84.42248872737235,1307448046,97357,18.0,18.0,18.0,18.0,19.0,19.0,19.0,19.0,64.0,64.0,66.0,66.0,21.722222222222218,61.6,21.640333333333327,16.77777777777778,1.4
2025-10-17 14:14:27+00:00,33.738255270780066,-84.42247480377246,1307448046,97357,18.0,18.0,18.0,18.0,19.0,19.0,19.0,19.0,64.0,64.0,66.0,66.0,21.722222222222218,61.6,21.640333333333327,16.77777777777778,1.4
2025-10-17 14:14:28+00:00,33.73825346730312,-84.42246145804307,1307448046,97357,18.0,18.0,18.0,18.0,19.0,19.0,19.0,19.0,64.0,64.0,66.0,66.0,21.722222222222218,61.6,21.640333333333327,16.77777777777778,1.4
2025-10-17 14:14:29+00:00,33.738252,-84.422449,1307448046,97357,18.0,18.0,18.0,18.0,19.0,19.0,19.0,19.0,64.0,64.0,66.0,66.0,21.722222222222218,61.6,21.640333333333327,16.77777777777778,1.4
2025-10-17 14:14:30+00:00,33.738249793535076,-84.42243576121044,1307448046,97357,18.0,18.0,18.0,18.0,19.0,19.0,19.0,19.0,64.0,64.0,66.0,66.0,21.722222222222218,61.6,21.640333333333327,16.77777777777778,1.4
2025-10-17 14:14:31+00:00,33.738248,-84.422424,1307448046,97357,18.0,18.0,18.0,18.0,19.0,19.0,19.0,19.0,64.0,64.0,66.0,66.0,21.666666666666668,61.8,21.584611111111112,16.77777777777778,1.4
2025-10-17 14:14:32+00:00,33.73824532678549,-84.4224082874984,1307448046,97357,18.0,18.0,18.0,18.0,19.0,19.0,19.0,19.0,64.0,64.0,66.0,66.0,21.666666666666668,61.8,21.584611111111112,16.77777777777778,1.4
2025-10-17 14:14:33+00:00,33.7382436073529,-84.42239625147032,1307448046,97357,18.0,18.0,18.0,18.0,19.0,19.0,19.0,19.0,64.0,64.0,66.0,66.0,21.666666666666668,61.8,21.584611111111112,16.77777777777778,1.4
2025-10-17 14:14:34+00:00,33.73824178692201,-84.42238350845406,1307448046,97357,18.0,18.0,18.0,18.0,19.0,19.0,19.0,19.0,64.0,64.0,66.0,66.0,21.666666666666668,61.8,21.584611111111112,16.77777777777778,1.4
2025-10-17 14:14:35+00:00,33.7382399128183,-84.42237038972812,1307448046,97357,18.0,18.0,18.0,18.0,19.0,19.0,19.0,19.0,64.0,64.0,66.0,66.0,21.666666666666668,61.8,21.584611111111112,16.77777777777778,1.4
2025-10-17 14:14:36+00:00,33.7382379029143,-84.42235632040011,1307448046,97357,18.0,18.0,18.0,18.0,19.0,19.0,19.0,19.0,64.0,64.0,66.0,66.0,21.555555555555557,61.8,21.46794444444445,16.72222222222222,1.7
2025-10-17 14:14:37+00:00,33.738235594296036,-84.4223401600723,1307448046,97357,18.0,18.0,18.0,18.0,19.0,19.0,19.0,19.0,64.0,64.0,66.0,66.0,21.555555555555557,61.8,21.46794444444445,16.72222222222222,1.7
2025-10-17 14:14:38+00:00,33.738232961393244,-84.42232034494373,1307448046,97358,16.5,17.5,16.5,17.5,20.0,21.0,20.0,21.0,61.0,61.0,68.0,68.0,21.555555555555557,61.8,21.46794444444445,16.72222222222222,1.7
2025-10-17 14:14:39+00:00,33.738231,-84.422304,1307448046,97358,16.5,17.5,16.5,17.5,20.0,21.0,20.0,21.0,61.0,61.0,68.0,68.0,21.555555555555557,61.8,21.46794444444445,16.72222222222222,1.7
2025-10-17 14:14:40+00:00,33.73822853206002,-84.4222840225102,1307448046,97358,16.5,17.5,16.5,17.5,20.0,21.0,20.0,21.0,61.0,61.0,68.0,68.0,21.555555555555557,61.8,21.46794444444445,16.72222222222222,1.7
2025-10-17 14:14:41+00:00,33.738226330944286,-84.42226631660998,1307448046,97358,16.5,17.5,16.5,17.5,20.0,21.0,20.0,21.0,61.0,61.0,68.0,68.0,21.38888888888889,61.7,21.29163888888889,16.5,1.6
2025-10-17 14:14:42+00:00,33.73822322549502,-84.42224315886118,1307448046,97358,16.5,17.5,16.5,17.5,20.0,21.0,20.0,21.0,61.0,61.0,68.0,68.0,21.38888888888889,61.7,21.29163888888889,16.5,1.6
2025-10-17 14:14:43+00:00,33.73822039765035,-84.42222110167278,1307448046,97358,16.5,17.5,16.5,17.5,20.0,21.0,20.0,21.0,61.0,61.0,68.0,68.0,21.38888888888889,61.7,21.29163888888889,16.5,1.6
2025-10-17 14:14:44+00:00,33.73821772541417,-84.42219895358943,1307448046,97358,16.5,17.5,16.5,17.5,20.0,21.0,20.0,21.0,61.0,61.0,68.0,68.0,21.38888888888889,61.7,21.29163888888889,16.5,1.6
2025-10-17 14:14:45+00:00,33.738216,-84.422179,1307448046,97358,16.5,17.5,16.5,17.5,20.0,21.0,20.0,21.0,61.0,61.0,68.0,68.0,21.38888888888889,61.7,21.29163888888889,16.5,1.6
2025-10-17 14:14:46+00:00,33.73821366724124,-84.42216272281053,1307448046,97359,16.5,17.5,16.5,17.5,20.0,21.0,20.0,21.0,61.0,61.0,68.0,68.0,21.27777777777778,61.8,21.176277777777777,16.38888888888889,1.7
2025-10-17 14:14:47+00:00,33.73821200378508,-84.42214864741223,1307448046,97359,16.5,17.5,16.5,17.5,20.0,21.0,20.0,21.0,61.0,61.0,68.0,68.0,21.27777777777778,61.8,21.176277777777777,16.38888888888889,1.7
2025-10-17 14:14:48+00:00,33.73821047940143,-84.42213574878137,1307448046,97359,16.5,17.5,16.5,17.5,20.0,21.0,20.0,21.0,61.0,61.0,68.0,68.0,21.27777777777778,61.8,21.176277777777777,16.38888888888889,1.7
2025-10-17 14:14:49+00:00,33.73820903382049,-84.42212351694263,1307448046,97359,16.5,17.5,16.5,17.5,20.0,21.0,20.0,21.0,61.0,61.0,68.0,68.0,21.27777777777778,61.8,21.176277777777777,16.38888888888889,1.7
2025-10-17 14:14:50+00:00,33.738207541289775,-84.42211088783657,1307448046,97359,16.5,17.5,16.5,17.5,20.0,21.0,20.0,21.0,61.0,61.0,68.0,68.0,21.27777777777778,61.8,21.176277777777777,16.38888888888889,1.7
2025-10-17 14:14:51+00:00,33.73820588525386,-84.42209687522501,1307448046,97359,16.5,17.5,16.5,17.5,20.0,21.0,20.0,21.0,61.0,61.0,68.0,68.0,21.27777777777778,62.0,21.178888888888892,16.38888888888889,1.0
2025-10-17 14:14:52+00:00,33.73820405637201,-84.42208140007088,1307448046,97359,16.5,17.5,16.5,17.5,20.0,21.0,20.0,21.0,61.0,61.0,68.0,68.0,21.27777777777778,62.0,21.178888888888892,16.38888888888889,1.0
2025-10-17 14:14:53+00:00,33.73820221880353,-84.42206585141447,1307448046,97359,17.0,18.0,17.0,18.0,26.0,26.0,26.0,26.0,62.0,62.0,81.0,81.0,21.27777777777778,62.0,21.178888888888892,16.38888888888889,1.0
2025-10-17 14:14:54+00:00,33.73820034513972,-84.42205076111775,1307448046,97359,17.0,18.0,17.0,18.0,26.0,26.0,26.0,26.0,62.0,62.0,81.0,81.0,21.27777777777778,62.0,21.178888888888892,16.38888888888889,1.0
2025-10-17 14:14:55+00:00,33.738199,-84.42204,1307448046,97359,17.0,18.0,17.0,18.0,26.0,26.0,26.0,26.0,62.0,62.0,81.0,81.0,21.27777777777778,62.0,21.178888888888892,16.38888888888889,1.0
2025-10-17 14:14:56+00:00,33.73819612330107,-84.4220206119749,1307448046,97359,17.0,18.0,17.0,18.0,26.0,26.0,26.0,26.0,62.0,62.0,81.0,81.0,21.27777777777778,62.0,21.178888888888892,16.38888888888889,1.8
2025-10-17 14:14:57+00:00,33.73819406336294,-84.42200294584177,1307448046,97360,17.0,18.0,17.0,18.0,26.0,26.0,26.0,26.0,62.0,62.0,81.0,81.0,21.27777777777778,62.0,21.178888888888892,16.38888888888889,1.8
2025-10-17 14:14:58+00:00,33.73819244065601,-84.42198725967472,1307448046,97360,17.0,18.0,17.0,18.0,26.0,26.0,26.0,26.0,62.0,62.0,81.0,81.0,21.27777777777778,62.0,21.178888888888892,16.38888888888889,1.8
2025-10-17 14:14:59+00:00,33.73819116364549,-84.42197826065777,1307448046,97360,17.0,18.0,17.0,18.0,26.0,26.0,26.0,26.0,62.0,62.0,81.0,81.0,21.27777777777778,62.0,21.178888888888892,16.38888888888889,1.8
2025-10-17 14:15:00+00:00,33.738189,-84.421958,1307448046,97360,17.0,18.0,17.0,18.0,26.0,26.0,26.0,26.0,62.0,62.0,81.0,81.0,21.27777777777778,62.0,21.178888888888892,16.38888888888889,1.8
2025-10-17 14:15:01+00:00,33.738187445820685,-84.42194867492414,1307448046,97361,17.0,18.0,17.0,18.0,26.0,26.0,26.0,26.0,62.0,62.0,81.0,81.0,21.11111111111111,61.9,21.002583333333337,16.27777777777778,1.7
2025-10-17 14:15:02+00:00,33.738185596270014,-84.42193068941414,1307448046,97361,17.0,18.0,17.0,18.0,26.0,26.0,26.0,26.0,62.0,62.0,81.0,81.0,21.11111111111111,61.9,21.002583333333337,16.27777777777778,1.7
2025-10-17 14:15:03+00:00,33.738184044285994,-84.42191796314515,1307448046,97361,17.0,18.0,17.0,18.0,26.0,26.0,26.0,26.0,62.0,62.0,81.0,81.0,21.11111111111111,61.9,21.002583333333337,16.27777777777778,1.7
2025-10-17 14:15:04+00:00,33.73818255873606,-84.42190578163567,1307448046,97361,17.0,18.0,17.0,18.0,26.0,26.0,26.0,26.0,62.0,62.0,81.0,81.0,21.11111111111111,61.9,21.002583333333337,16.27777777777778,1.7
2025-10-17 14:15:05+00:00,33.73818086743419,-84.421891924744,1307448046,97362,17.0,18.0,17.0,18.0,26.0,26.0,26.0,26.0,62.0,62.0,81.0,81.0,21.11111111111111,61.9,21.002583333333337,16.27777777777778,1.7
2025-10-17 14:15:06+00:00,33.73817891089317,-84.42187605502238,1307448046,97362,17.0,18.0,17.0,18.0,26.0,26.0,26.0,26.0,62.0,62.0,81.0,81.0,21.166666666666664,61.9,21.060916666666667,16.27777777777778,1.9
2025-10-17 14:15:07+00:00,33.7381768810114,-84.42185959042578,1307448046,97362,17.0,18.0,17.0,18.0,26.0,26.0,26.0,26.0,62.0,62.0,81.0,81.0,21.166666666666664,61.9,21.060916666666667,16.27777777777778,1.9
2025-10-17 14:15:08+00:00,33.738174784344444,-84.42184258412716,1307448046,97362,19.0,20.0,19.0,20.0,23.0,23.0,23.0,23.0,66.0,66.0,74.0,74.0,21.166666666666664,61.9,21.060916666666667,16.27777777777778,1.9
2025-10-17 14:15:09+00:00,33.73817283283225,-84.42182675519491,1307448046,97362,19.0,20.0,19.0,20.0,23.0,23.0,23.0,23.0,66.0,66.0,74.0,74.0,21.166666666666664,61.9,21.060916666666667,16.27777777777778,1.9
2025-10-17 14:15:10+00:00,33.73817148381821,-84.42181612863662,1307448046,97362,19.0,20.0,19.0,20.0,23.0,23.0,23.0,23.0,66.0,66.0,74.0,74.0,21.166666666666664,61.9,21.060916666666667,16.27777777777778,1.9
2025-10-17 14:15:12+00:00,33.738168755061,-84.42179587719531,1307448046,97362,19.0,20.0,19.0,20.0,23.0,23.0,23.0,23.0,66.0,66.0,74.0,74.0,21.11111111111111,62.0,21.00388888888889,16.27777777777778,1.6
2025-10-17 14:15:14+00:00,33.73816622579348,-84.42177395687682,1307448046,97362,19.0,20.0,19.0,20.0,23.0,23.0,23.0,23.0,66.0,66.0,74.0,74.0,21.11111111111111,62.0,21.00388888888889,16.27777777777778,1.6
2025-10-17 14:15:15+00:00,33.73816459624446,-84.4217604190168,1307448046,97362,19.0,20.0,19.0,20.0,23.0,23.0,23.0,23.0,66.0,66.0,74.0,74.0,21.11111111111111,62.0,21.00388888888889,16.27777777777778,1.6
2025-10-17 14:15:16+00:00,33.738162729567854,-84.4217450189348,1307448046,97362,19.0,20.0,19.0,20.0,23.0,23.0,23.0,23.0,66.0,66.0,74.0,74.0,21.055555555555557,62.1,20.946861111111115,16.27777777777778,0.9
2025-10-17 14:15:17+00:00,33.738160657247334,-84.42172758660232,1307448046,97362,19.0,20.0,19.0,20.0,23.0,23.0,23.0,23.0,66.0,66.0,74.0,74.0,21.055555555555557,62.1,20.946861111111115,16.27777777777778,0.9
2025-10-17 14:15:18+00:00,33.738158428115874,-84.42170942492699,1307448046,97362,19.0,20.0,19.0,20.0,23.0,23.0,23.0,23.0,66.0,66.0,74.0,74.0,21.055555555555557,62.1,20.946861111111115,16.27777777777778,0.9
2025-10-17 14:15:19+00:00,33.738157,-84.421698,1307448046,97362,19.0,20.0,19.0,20.0,23.0,23.0,23.0,23.0,66.0,66.0,74.0,74.0,21.055555555555557,62.1,20.946861111111115,16.27777777777778,0.9
2025-10-17 14:15:20+00:00,33.7381531916359,-84.4216712225173,1307448046,97362,19.0,20.0,19.0,20.0,23.0,23.0,23.0,23.0,66.0,66.0,74.0,74.0,21.055555555555557,62.1,20.946861111111115,16.27777777777778,0.9
2025-10-17 14:15:21+00:00,33.738150996359934,-84.42165263584744,1307448046,97362,19.0,20.0,19.0,20.0,23.0,23.0,23.0,23.0,66.0,66.0,74.0,74.0,20.888888888888886,62.1,20.771861111111107,16.22222222222222,0.0
2025-10-17 14:15:22+00:00,33.73814890300834,-84.42163491213725,1307448046,97362,19.0,20.0,19.0,20.0,23.0,23.0,23.0,23.0,66.0,66.0,74.0,74.0,20.888888888888886,62.1,20.771861111111107,16.22222222222222,0.0
2025-10-17 14:15:23+00:00,33.738147000345876,-84.42161880292842,1307448046,97362,19.0,19.0,19.0,19.0,19.0,19.0,19.0,19.0,66.0,66.0,66.0,66.0,20.888888888888886,62.1,20.771861111111107,16.22222222222222,0.0
2025-10-17 14:15:24+00:00,33.73814507079407,-84.42160246605644,1307448046,97362,19.0,19.0,19.0,19.0,19.0,19.0,19.0,19.0,66.0,66.0,66.0,66.0,20.888888888888886,62.1,20.771861111111107,16.22222222222222,0.0
2025-10-17 14:15:25+00:00,33.73814314207853,-84.42158613626488,1307448046,97362,19.0,19.0,19.0,19.0,19.0,19.0,19.0,19.0,66.0,66.0,66.0,66.0,20.888888888888886,62.1,20.771861111111107,16.22222222222222,0.0
2025-10-17 14:15:26+00:00,33.73814125014086,-84.42157011785932,1307448046,97362,19.0,19.0,19.0,19.0,19.0,19.0,19.0,19.0,66.0,66.0,66.0,66.0,20.777777777777782,62.0,20.653888888888893,16.11111111111111,1.8
2025-10-17 14:15:27+00:00,33.73814,-84.421558,1307448046,97362,19.0,19.0,19.0,19.0,19.0,19.0,19.0,19.0,66.0,66.0,66.0,66.0,20.777777777777782,62.0,20.653888888888893,16.11111111111111,1.8
2025-10-17 14:15:28+00:00,33.73813693775632,-84.4215379864897,1307448046,97362,19.0,19.0,19.0,19.0,19.0,19.0,19.0,19.0,66.0,66.0,66.0,66.0,20.777777777777782,62.0,20.653888888888893,16.11111111111111,1.8
2025-10-17 14:15:29+00:00,33.73813480649803,-84.42152006498031,1307448046,97362,19.0,19.0,19.0,19.0,19.0,19.0,19.0,19.0,66.0,66.0,66.0,66.0,20.777777777777782,62.0,20.653888888888893,16.11111111111111,1.8
2025-10-17 14:15:30+00:00,33.73813320466927,-84.42150404669273,1307448046,97362,19.0,19.0,19.0,19.0,19.0,19.0,19.0,19.0,66.0,66.0,66.0,66.0,20.777777777777782,62.0,20.653888888888893,16.11111111111111,1.8
2025-10-17 14:15:31+00:00,33.73813151360247,-84.42149010881975,1307448046,97362,19.0,19.0,19.0,19.0,19.0,19.0,19.0,19.0,66.0,66.0,66.0,66.0,20.666666666666668,62.2,20.539833333333334,16.0,0.9
2025-10-17 14:15:32+00:00,33.73813,-84.421478,1307448046,97362,19.0,19.0,19.0,19.0,19.0,19.0,19.0,19.0,66.0,66.0,66.0,66.0,20.666666666666668,62.2,20.539833333333334,16.0,0.9
2025-10-17 14:15:33+00:00,33.738127,-84.421451,1307448046,97364,19.0,19.0,19.0,19.0,19.0,19.0,19.0,19.0,66.0,66.0,66.0,66.0,20.666666666666668,62.2,20.539833333333334,16.0,0.9
2025-10-17 14:15:34+00:00,33.73812506110668,-84.42143911329606,1307448046,97364,19.0,19.0,19.0,19.0,19.0,19.0,19.0,19.0,66.0,66.0,66.0,66.0,20.666666666666668,62.2,20.539833333333334,16.0,0.9
2025-10-17 14:15:35+00:00,33.73812302011078,-84.42142196893052,1307448046,97364,19.0,19.0,19.0,19.0,19.0,19.0,19.0,19.0,66.0,66.0,66.0,66.0,20.666666666666668,62.2,20.539833333333334,16.0,0.9
2025-10-17 14:15:36+00:00,33.73812110560641,-84.42140588709381,1307448046,97364,19.0,19.0,19.0,19.0,19.0,19.0,19.0,19.0,66.0,66.0,66.0,66.0,20.555555555555557,62.6,20.428388888888882,15.88888888888889,1.2
2025-10-17 14:15:37+00:00,33.738119235713235,-84.42139017999115,1307448046,97364,19.0,19.0,19.0,19.0,19.0,19.0,19.0,19.0,66.0,66.0,66.0,66.0,20.555555555555557,62.6,20.428388888888882,15.88888888888889,1.2
2025-10-17 14:15:38+00:00,33.73811749219739,-84.42137553445805,1307448046,97364,18.0,18.0,18.0,18.0,21.0,21.5,21.0,21.5,64.0,64.0,70.0,70.0,20.555555555555557,62.6,20.428388888888882,15.88888888888889,1.2
2025-10-17 14:15:39+00:00,33.73811589308415,-84.42136210190687,1307448046,97364,18.0,18.0,18.0,18.0,21.0,21.5,21.0,21.5,64.0,64.0,70.0,70.0,20.555555555555557,62.6,20.428388888888882,15.88888888888889,1.2
2025-10-17 14:15:40+00:00,33.73811437701407,-84.42134936691818,1307448046,97364,18.0,18.0,18.0,18.0,21.0,21.5,21.0,21.5,64.0,64.0,70.0,70.0,20.555555555555557,62.6,20.428388888888882,15.88888888888889,1.2
2025-10-17 14:15:41+00:00,33.738112909642055,-84.42133704099325,1307448046,97364,18.0,18.0,18.0,18.0,21.0,21.5,21.0,21.5,64.0,64.0,70.0,70.0,20.555555555555557,62.7,20.429694444444443,15.88888888888889,1.7
2025-10-17 14:15:42+00:00,33.73811140651861,-84.42132441475634,1307448046,97364,18.0,18.0,18.0,18.0,21.0,21.5,21.0,21.5,64.0,64.0,70.0,70.0,20.555555555555557,62.7,20.429694444444443,15.88888888888889,1.7
2025-10-17 14:15:43+00:00,33.73810985722106,-84.42131300054743,1307448046,97364,18.0,18.0,18.0,18.0,21.0,21.5,21.0,21.5,64.0,64.0,70.0,70.0,20.555555555555557,62.7,20.429694444444443,15.88888888888889,1.7
2025-10-17 14:15:44+00:00,33.738107831244896,-84.42129881871428,1307448046,97364,18.0,18.0,18.0,18.0,21.0,21.5,21.0,21.5,64.0,64.0,70.0,70.0,20.555555555555557,62.7,20.429694444444443,15.88888888888889,1.7
2025-10-17 14:15:45+00:00,33.73810568184276,-84.42128377289934,1307448046,97364,18.0,18.0,18.0,18.0,21.0,21.5,21.0,21.5,64.0,64.0,70.0,70.0,20.555555555555557,62.7,20.429694444444443,15.88888888888889,1.7
2025-10-17 14:15:46+00:00,33.73810334699278,-84.42126494943864,1307448046,97364,18.0,18.0,18.0,18.0,21.0,21.5,21.0,21.5,64.0,64.0,70.0,70.0,20.444444444444443,62.9,20.31563888888889,15.777777777777779,1.4
2025-10-17 14:15:47+00:00,33.738101263390895,-84.4212457916483,1307448046,97364,18.0,18.0,18.0,18.0,21.0,21.5,21.0,21.5,64.0,64.0,70.0,70.0,20.444444444444443,62.9,20.31563888888889,15.777777777777779,1.4
2025-10-17 14:15:48+00:00,33.7381,-84.421234,1307448046,97364,18.0,18.0,18.0,18.0,21.0,21.5,21.0,21.5,64.0,64.0,70.0,70.0,20.444444444444443,62.9,20.31563888888889,15.777777777777779,1.4
2025-10-17 14:15:49+00:00,33.738098,-84.421215,1307448046,97365,18.0,18.0,18.0,18.0,21.0,21.5,21.0,21.5,64.0,64.0,70.0,70.0,20.444444444444443,62.9,20.31563888888889,15.777777777777779,1.4
2025-10-17 14:15:50+00:00,33.738096,-84.421198,1307448046,97365,18.0,18.0,18.0,18.0,21.0,21.5,21.0,21.5,64.0,64.0,70.0,70.0,20.444444444444443,62.9,20.31563888888889,15.777777777777779,1.4
2025-10-17 14:15:51+00:00,33.73809523650603,-84.42119204474704,1307448046,97366,18.0,18.0,18.0,18.0,21.0,21.5,21.0,21.5,64.0,64.0,70.0,70.0,20.555555555555557,62.9,20.43230555555555,16.0,1.5
2025-10-17 14:15:52+00:00,33.73809330315779,-84.42117696463077,1307448046,97366,18.0,18.0,18.0,18.0,21.0,21.5,21.0,21.5,64.0,64.0,70.0,70.0,20.555555555555557,62.9,20.43230555555555,16.0,1.5
2025-10-17 14:15:53+00:00,33.73809170134933,-84.4211644705248,1307448046,97366,18.0,18.0,18.0,18.0,22.0,22.5,22.0,22.5,64.0,64.0,72.0,72.0,20.555555555555557,62.9,20.43230555555555,16.0,1.5
2025-10-17 14:15:54+00:00,33.73809008584742,-84.42115186960987,1307448046,97366,18.0,18.0,18.0,18.0,22.0,22.5,22.0,22.5,64.0,64.0,72.0,72.0,20.555555555555557,62.9,20.43230555555555,16.0,1.5
2025-10-17 14:15:55+00:00,33.738088436012866,-84.42113900090033,1307448046,97366,18.0,18.0,18.0,18.0,22.0,22.5,22.0,22.5,64.0,64.0,72.0,72.0,20.555555555555557,62.9,20.43230555555555,16.0,1.5
2025-10-17 14:15:56+00:00,33.73808677423835,-84.42112603905913,1307448046,97366,18.0,18.0,18.0,18.0,22.0,22.5,22.0,22.5,64.0,64.0,72.0,72.0,20.777777777777782,63.1,20.668250000000008,16.22222222222222,1.3
2025-10-17 14:15:57+00:00,33.73808502180089,-84.42111237004693,1307448046,97366,18.0,18.0,18.0,18.0,22.0,22.5,22.0,22.5,64.0,64.0,72.0,72.0,20.777777777777782,63.1,20.668250000000008,16.22222222222222,1.3
2025-10-17 14:15:58+00:00,33.73808311808609,-84.42109752107146,1307448046,97366,18.0,18.0,18.0,18.0,22.0,22.5,22.0,22.5,64.0,64.0,72.0,72.0,20.777777777777782,63.1,20.668250000000008,16.22222222222222,1.3
2025-10-17 14:15:59+00:00,33.738081,-84.421078,1307448046,97366,18.0,18.0,18.0,18.0,22.0,22.5,22.0,22.5,64.0,64.0,72.0,72.0,20.777777777777782,63.1,20.668250000000008,16.22222222222222,1.3
2025-10-17 14:16:00+00:00,33.73807952370526,-84.4210681896421,1307448046,97366,18.0,18.0,18.0,18.0,22.0,22.5,22.0,22.5,64.0,64.0,72.0,72.0,20.777777777777782,63.1,20.668250000000008,16.22222222222222,1.3
2025-10-17 14:16:01+00:00,33.73807745715684,-84.42105165725475,1307448046,97366,18.0,18.0,18.0,18.0,22.0,22.5,22.0,22.5,64.0,64.0,72.0,72.0,20.833333333333332,63.3,20.729194444444445,16.22222222222222,1.0
2025-10-17 14:16:02+00:00,33.73807517439442,-84.42103380795815,1307448046,97366,18.0,18.0,18.0,18.0,22.0,22.5,22.0,22.5,64.0,64.0,72.0,72.0,20.833333333333332,63.3,20.729194444444445,16.22222222222222,1.0
2025-10-17 14:16:03+00:00,33.73807265301921,-84.42101242817931,1307448046,97366,18.0,18.0,18.0,18.0,22.0,22.5,22.0,22.5,64.0,64.0,72.0,72.0,20.833333333333332,63.3,20.729194444444445,16.22222222222222,1.0
2025-10-17 14:16:04+00:00,33.7380707236169,-84.42099460467985,1307448046,97366,18.0,18.0,18.0,18.0,22.0,22.5,22.0,22.5,64.0,64.0,72.0,72.0,20.833333333333332,63.3,20.729194444444445,16.22222222222222,1.0
2025-10-17 14:16:05+00:00,33.73806866945488,-84.42097680194236,1307448046,97366,18.0,18.0,18.0,18.0,22.0,22.5,22.0,22.5,64.0,64.0,72.0,72.0,20.833333333333332,63.3,20.729194444444445,16.22222222222222,1.0
2025-10-17 14:16:06+00:00,33.73806657435254,-84.42096150023197,1307448046,97366,18.0,18.0,18.0,18.0,22.0,22.5,22.0,22.5,64.0,64.0,72.0,72.0,20.888888888888886,63.7,20.792749999999995,16.38888888888889,1.5
2025-10-17 14:16:07+00:00,33.73806459980479,-84.42094526506158,1307448046,97366,18.0,18.0,18.0,18.0,22.0,22.5,22.0,22.5,64.0,64.0,72.0,72.0,20.888888888888886,63.7,20.792749999999995,16.38888888888889,1.5
2025-10-17 14:16:08+00:00,33.73806254272349,-84.42092835128199,1307448046,97366,17.0,17.0,17.0,17.0,20.5,20.5,20.5,20.5,62.0,62.0,69.0,69.0,20.888888888888886,63.7,20.792749999999995,16.38888888888889,1.5
2025-10-17 14:16:09+00:00,33.73806058992327,-84.42091229492468,1307448046,97366,17.0,17.0,17.0,17.0,20.5,20.5,20.5,20.5,62.0,62.0,69.0,69.0,20.888888888888886,63.7,20.792749999999995,16.38888888888889,1.5
2025-10-17 14:16:10+00:00,33.73805889055375,-84.42089832233086,1307448046,97366,17.0,17.0,17.0,17.0,20.5,20.5,20.5,20.5,62.0,62.0,69.0,69.0,20.888888888888886,63.7,20.792749999999995,16.38888888888889,1.5
2025-10-17 14:16:11+00:00,33.73805719776431,-84.42088492592976,1307448046,97367,17.0,17.0,17.0,17.0,20.5,20.5,20.5,20.5,62.0,62.0,69.0,69.0,21.11111111111111,64.0,21.029999999999998,16.61111111111111,1.5
2025-10-17 14:16:12+00:00,33.73805531526576,-84.42087067272645,1307448046,97367,17.0,17.0,17.0,17.0,20.5,20.5,20.5,20.5,62.0,62.0,69.0,69.0,21.11111111111111,64.0,21.029999999999998,16.61111111111111,1.5
2025-10-17 14:16:13+00:00,33.73805338895758,-84.42085608782172,1307448046,97367,17.0,17.0,17.0,17.0,20.5,20.5,20.5,20.5,62.0,62.0,69.0,69.0,21.11111111111111,64.0,21.029999999999998,16.61111111111111,1.5
2025-10-17 14:16:14+00:00,33.738051,-84.42083133575669,1307448046,97367,17.0,17.0,17.0,17.0,20.5,20.5,20.5,20.5,62.0,62.0,69.0,69.0,21.11111111111111,64.0,21.029999999999998,16.61111111111111,1.5
2025-10-17 14:16:15+00:00,33.738050752896335,-84.4208283938262,1307448046,97367,17.0,17.0,17.0,17.0,20.5,20.5,20.5,20.5,62.0,62.0,69.0,69.0,21.11111111111111,64.0,21.029999999999998,16.61111111111111,1.5
2025-10-17 14:16:16+00:00,33.73804841491094,-84.42081319692113,1307448046,97367,17.0,17.0,17.0,17.0,20.5,20.5,20.5,20.5,62.0,62.0,69.0,69.0,21.27777777777778,64.4,21.21022222222222,16.77777777777778,1.1
2025-10-17 14:16:17+00:00,33.73804614964563,-84.42079655939928,1307448046,97367,17.0,17.0,17.0,17.0,20.5,20.5,20.5,20.5,62.0,62.0,69.0,69.0,21.27777777777778,64.4,21.21022222222222,16.77777777777778,1.1
2025-10-17 14:16:18+00:00,33.73804470484538,-84.4207839173971,1307448046,97367,17.0,17.0,17.0,17.0,20.5,20.5,20.5,20.5,62.0,62.0,69.0,69.0,21.27777777777778,64.4,21.21022222222222,16.77777777777778,1.1
2025-10-17 14:16:19+00:00,33.73804335679123,-84.42077212192332,1307448046,97367,17.0,17.0,17.0,17.0,20.5,20.5,20.5,20.5,62.0,62.0,69.0,69.0,21.27777777777778,64.4,21.21022222222222,16.77777777777778,1.1
2025-10-17 14:16:21+00:00,33.738040669797286,-84.420749918108,1307448046,97367,17.0,17.0,17.0,17.0,20.5,20.5,20.5,20.5,62.0,62.0,69.0,69.0,21.444444444444443,64.7,21.38913888888889,16.88888888888889,1.0
2025-10-17 14:16:22+00:00,33.73803944603832,-84.42073849635767,1307448046,97367,17.0,17.0,17.0,17.0,20.5,20.5,20.5,20.5,62.0,62.0,69.0,69.0,21.444444444444443,64.7,21.38913888888889,16.88888888888889,1.0
2025-10-17 14:16:23+00:00,33.73803802816432,-84.42072526286698,1307448046,97367,17.0,17.0,17.0,17.0,19.0,19.0,19.0,19.0,62.0,62.0,66.0,66.0,21.444444444444443,64.7,21.38913888888889,16.88888888888889,1.0
2025-10-17 14:16:24+00:00,33.73803604057339,-84.42071106874002,1307448046,97367,17.0,17.0,17.0,17.0,19.0,19.0,19.0,19.0,62.0,62.0,66.0,66.0,21.444444444444443,64.7,21.38913888888889,16.88888888888889,1.0
2025-10-17 14:16:25+00:00,33.738034012709996,-84.42069430506932,1307448046,97367,17.0,17.0,17.0,17.0,19.0,19.0,19.0,19.0,62.0,62.0,66.0,66.0,21.444444444444443,64.7,21.38913888888889,16.88888888888889,1.0
2025-10-17 14:16:26+00:00,33.738032090734094,-84.4206784167352,1307448046,97367,17.0,17.0,17.0,17.0,19.0,19.0,19.0,19.0,62.0,62.0,66.0,66.0,21.38888888888889,64.7,21.330805555555553,16.88888888888889,1.0
2025-10-17 14:16:27+00:00,33.738030242849,-84.4206631408851,1307448046,97367,17.0,17.0,17.0,17.0,19.0,19.0,19.0,19.0,62.0,62.0,66.0,66.0,21.38888888888889,64.7,21.330805555555553,16.88888888888889,1.0
2025-10-17 14:16:28+00:00,33.73802849965709,-84.42064873049861,1307448046,97367,17.0,17.0,17.0,17.0,19.0,19.0,19.0,19.0,62.0,62.0,66.0,66.0,21.38888888888889,64.7,21.330805555555553,16.88888888888889,1.0
2025-10-17 14:16:29+00:00,33.73802670204801,-84.42063387026354,1307448046,97367,17.0,17.0,17.0,17.0,19.0,19.0,19.0,19.0,62.0,62.0,66.0,66.0,21.38888888888889,64.7,21.330805555555553,16.88888888888889,1.0
2025-10-17 14:16:30+00:00,33.73802470261738,-84.42061734163701,1307448046,97367,17.0,17.0,17.0,17.0,19.0,19.0,19.0,19.0,62.0,62.0,66.0,66.0,21.38888888888889,64.7,21.330805555555553,16.88888888888889,1.0
2025-10-17 14:16:31+00:00,33.738022626849016,-84.42060018195185,1307448046,97367,17.0,17.0,17.0,17.0,19.0,19.0,19.0,19.0,62.0,62.0,66.0,66.0,21.38888888888889,64.4,21.326888888888885,16.88888888888889,0.9
2025-10-17 14:16:32+00:00,33.738100604269185,-84.420499,9257224,6058,17.0,17.0,17.0,17.0,19.0,19.0,19.0,19.0,62.0,62.0,66.0,66.0,21.38888888888889,64.4,21.326888888888885,16.88888888888889,0.9
2025-10-17 14:16:33+00:00,33.73810058313226,-84.420499,9257224,6058,17.0,17.0,17.0,17.0,19.0,19.0,19.0,19.0,62.0,62.0,66.0,66.0,21.38888888888889,64.4,21.326888888888885,16.88888888888889,0.9
2025-10-17 14:16:34+00:00,33.738101255322206,-84.420499,9257224,6058,17.0,17.0,17.0,17.0,19.0,19.0,19.0,19.0,62.0,62.0,66.0,66.0,21.38888888888889,64.4,21.326888888888885,16.88888888888889,0.9
2025-10-17 14:16:35+00:00,33.738100400834526,-84.420499,9257224,6058,17.0,17.0,17.0,17.0,19.0,19.0,19.0,19.0,62.0,62.0,66.0,66.0,21.38888888888889,64.4,21.326888888888885,16.88888888888889,0.9
2025-10-17 14:16:36+00:00,33.73809748593159,-84.420499,9257224,6058,17.0,17.0,17.0,17.0,19.0,19.0,19.0,19.0,62.0,62.0,66.0,66.0,21.333333333333336,64.3,21.267249999999997,16.88888888888889,1.6
2025-10-17 14:16:37+00:00,33.73809333521193,-84.420499,9257224,6058,17.0,17.0,17.0,17.0,19.0,19.0,19.0,19.0,62.0,62.0,66.0,66.0,21.333333333333336,64.3,21.267249999999997,16.88888888888889,1.6
2025-10-17 14:16:38+00:00,33.73808903055978,-84.420499,9257224,6058,14.0,14.0,14.0,14.0,20.0,20.0,20.0,20.0,55.0,55.0,68.0,68.0,21.333333333333336,64.3,21.267249999999997,16.88888888888889,1.6
2025-10-17 14:16:39+00:00,33.73808564126599,-84.420499,9257224,6058,14.0,14.0,14.0,14.0,20.0,20.0,20.0,20.0,55.0,55.0,68.0,68.0,21.333333333333336,64.3,21.267249999999997,16.88888888888889,1.6
2025-10-17 14:16:40+00:00,33.73808233609684,-84.420499,9257224,6058,14.0,14.0,14.0,14.0,20.0,20.0,20.0,20.0,55.0,55.0,68.0,68.0,21.333333333333336,64.3,21.267249999999997,16.88888888888889,1.6
2025-10-17 14:16:41+00:00,33.73807816508205,-84.420499,9257224,6058,14.0,14.0,14.0,14.0,20.0,20.0,20.0,20.0,55.0,55.0,68.0,68.0,21.333333333333336,64.2,21.265944444444447,16.77777777777778,1.6
2025-10-17 14:16:42+00:00,33.73807423702847,-84.420499,9257224,6058,14.0,14.0,14.0,14.0,20.0,20.0,20.0,20.0,55.0,55.0,68.0,68.0,21.333333333333336,64.2,21.265944444444447,16.77777777777778,1.6
2025-10-17 14:16:43+00:00,33.73807138646048,-84.420499,9257224,6058,14.0,14.0,14.0,14.0,20.0,20.0,20.0,20.0,55.0,55.0,68.0,68.0,21.333333333333336,64.2,21.265944444444447,16.77777777777778,1.6
2025-10-17 14:16:44+00:00,33.73800358173414,-84.42043401402034,1307448046,97368,14.0,14.0,14.0,14.0,20.0,20.0,20.0,20.0,55.0,55.0,68.0,68.0,21.333333333333336,64.2,21.265944444444447,16.77777777777778,1.6
2025-10-17 14:16:45+00:00,33.73800221369851,-84.42042008493027,1307448046,97368,14.0,14.0,14.0,14.0,20.0,20.0,20.0,20.0,55.0,55.0,68.0,68.0,21.333333333333336,64.2,21.265944444444447,16.77777777777778,1.6
2025-10-17 14:16:46+00:00,33.738000838047974,-84.42040607830666,1307448046,97368,14.0,14.0,14.0,14.0,20.0,20.0,20.0,20.0,55.0,55.0,68.0,68.0,21.166666666666664,64.0,21.088333333333328,16.72222222222222,1.7
2025-10-17 14:16:47+00:00,33.73799923710575,-84.42038977780396,1307448046,97368,14.0,14.0,14.0,14.0,20.0,20.0,20.0,20.0,55.0,55.0,68.0,68.0,21.166666666666664,64.0,21.088333333333328,16.72222222222222,1.7
2025-10-17 14:16:48+00:00,33.73799777804897,-84.4203749219532,1307448046,97368,14.0,14.0,14.0,14.0,20.0,20.0,20.0,20.0,55.0,55.0,68.0,68.0,21.166666666666664,64.0,21.088333333333328,16.72222222222222,1.7
2025-10-17 14:16:49+00:00,33.73799661715586,-84.42036278871446,1307448046,97368,14.0,14.0,14.0,14.0,20.0,20.0,20.0,20.0,55.0,55.0,68.0,68.0,21.166666666666664,64.0,21.088333333333328,16.72222222222222,1.7
2025-10-17 14:16:50+00:00,33.737996,-84.420347,1307448046,97368,14.0,14.0,14.0,14.0,20.0,20.0,20.0,20.0,55.0,55.0,68.0,68.0,21.166666666666664,64.0,21.088333333333328,16.72222222222222,1.7
2025-10-17 14:16:51+00:00,33.737996,-84.420347,1307448046,97368,14.0,14.0,14.0,14.0,20.0,20.0,20.0,20.0,55.0,55.0,68.0,68.0,21.055555555555557,63.9,20.97036111111111,16.5,1.9
2025-10-17 14:16:52+00:00,33.73799373106803,-84.42032560048646,1307448046,97368,14.0,14.0,14.0,14.0,20.0,20.0,20.0,20.0,55.0,55.0,68.0,68.0,21.055555555555557,63.9,20.97036111111111,16.5,1.9
2025-10-17 14:16:53+00:00,33.73799288636369,-84.4203138636369,1307448046,97368,18.5,19.5,18.5,19.5,23.5,25.5,23.5,25.5,65.0,65.0,75.5,75.5,21.055555555555557,63.9,20.97036111111111,16.5,1.9
2025-10-17 14:16:54+00:00,33.73799132659568,-84.42029826595684,1307448046,97368,18.5,19.5,18.5,19.5,23.5,25.5,23.5,25.5,65.0,65.0,75.5,75.5,21.055555555555557,63.9,20.97036111111111,16.5,1.9
2025-10-17 14:16:55+00:00,33.737989610161414,-84.42028202817319,1307448046,97368,18.5,19.5,18.5,19.5,23.5,25.5,23.5,25.5,65.0,65.0,75.5,75.5,21.055555555555557,63.9,20.97036111111111,16.5,1.9
2025-10-17 14:16:56+00:00,33.73798770137091,-84.42026351599398,1307448046,97368,18.5,19.5,18.5,19.5,23.5,25.5,23.5,25.5,65.0,65.0,75.5,75.5,21.0,63.9,20.912027777777777,16.38888888888889,1.6
2025-10-17 14:16:57+00:00,33.73798623560218,-84.42024641535876,1307448046,97368,18.5,19.5,18.5,19.5,23.5,25.5,23.5,25.5,65.0,65.0,75.5,75.5,21.0,63.9,20.912027777777777,16.38888888888889,1.6
2025-10-17 14:16:58+00:00,33.737985,-84.420232,1307448046,97368,18.5,19.5,18.5,19.5,23.5,25.5,23.5,25.5,65.0,65.0,75.5,75.5,21.0,63.9,20.912027777777777,16.38888888888889,1.6
2025-10-17 14:16:59+00:00,33.737982606180395,-84.42021366798438,1307448046,97368,18.5,19.5,18.5,19.5,23.5,25.5,23.5,25.5,65.0,65.0,75.5,75.5,21.0,63.9,20.912027777777777,16.38888888888889,1.6
2025-10-17 14:17:00+00:00,33.737981210503136,-84.42019831553453,1307448046,97368,18.5,19.5,18.5,19.5,23.5,25.5,23.5,25.5,65.0,65.0,75.5,75.5,21.0,63.9,20.912027777777777,16.38888888888889,1.6
2025-10-17 14:17:01+00:00,33.73797977790885,-84.42018255699733,1307448046,97368,18.5,19.5,18.5,19.5,23.5,25.5,23.5,25.5,65.0,65.0,75.5,75.5,20.888888888888886,63.8,20.794055555555545,16.38888888888889,1.6
2025-10-17 14:17:02+00:00,33.73797813742268,-84.42016451164953,1307448046,97368,18.5,19.5,18.5,19.5,23.5,25.5,23.5,25.5,65.0,65.0,75.5,75.5,20.888888888888886,63.8,20.794055555555545,16.38888888888889,1.6
2025-10-17 14:17:03+00:00,33.737976427836834,-84.42014570620518,1307448046,97368,18.5,19.5,18.5,19.5,23.5,25.5,23.5,25.5,65.0,65.0,75.5,75.5,20.888888888888886,63.8,20.794055555555545,16.38888888888889,1.6
2025-10-17 14:17:04+00:00,33.737974720531234,-84.42012664637481,1307448046,97368,18.5,19.5,18.5,19.5,23.5,25.5,23.5,25.5,65.0,65.0,75.5,75.5,20.888888888888886,63.8,20.794055555555545,16.38888888888889,1.6
2025-10-17 14:17:05+00:00,33.73797337673802,-84.4201111441182,1307448046,97368,18.5,19.5,18.5,19.5,23.5,25.5,23.5,25.5,65.0,65.0,75.5,75.5,20.888888888888886,63.8,20.794055555555545,16.38888888888889,1.6
2025-10-17 14:17:06+00:00,33.73797173716812,-84.42009675840676,1307448046,97368,18.5,19.5,18.5,19.5,23.5,25.5,23.5,25.5,65.0,65.0,75.5,75.5,20.888888888888886,63.7,20.792749999999995,16.27777777777778,1.4
2025-10-17 14:17:07+00:00,33.737970709712044,-84.42008408644857,1307448046,97368,18.5,19.5,18.5,19.5,23.5,25.5,23.5,25.5,65.0,65.0,75.5,75.5,20.888888888888886,63.7,20.792749999999995,16.27777777777778,1.4
2025-10-17 14:17:08+00:00,33.73796984203336,-84.4200733850781,1307448046,97368,16.5,17.5,16.5,17.5,21.0,23.0,21.0,23.0,61.0,61.0,70.0,70.0,20.888888888888886,63.7,20.792749999999995,16.27777777777778,1.4
2025-10-17 14:17:10+00:00,33.737969,-84.420063,1307448046,97368,16.5,17.5,16.5,17.5,21.0,23.0,21.0,23.0,61.0,61.0,70.0,70.0,20.888888888888886,63.7,20.792749999999995,16.27777777777778,1.4
2025-10-17 14:17:12+00:00,33.737966333569446,-84.42003744735646,1307448046,97368,16.5,17.5,16.5,17.5,21.0,23.0,21.0,23.0,61.0,61.0,70.0,70.0,20.944444444444443,63.8,20.85238888888889,16.38888888888889,1.4
2025-10-17 14:17:13+00:00,33.73796530633884,-84.42002477817904,1307448046,97368,16.5,17.5,16.5,17.5,21.0,23.0,21.0,23.0,61.0,61.0,70.0,70.0,20.944444444444443,63.8,20.85238888888889,16.38888888888889,1.4
2025-10-17 14:17:14+00:00,33.737964060287275,-84.42001277751365,1307448046,97368,16.5,17.5,16.5,17.5,21.0,23.0,21.0,23.0,61.0,61.0,70.0,70.0,20.944444444444443,63.8,20.85238888888889,16.38888888888889,1.4
2025-10-17 14:17:15+00:00,33.73796212265855,-84.41999582326234,1307448046,97368,16.5,17.5,16.5,17.5,21.0,23.0,21.0,23.0,61.0,61.0,70.0,70.0,20.944444444444443,63.8,20.85238888888889,16.38888888888889,1.4
2025-10-17 14:17:16+00:00,33.73796025471157,-84.41997470866616,1307448046,97368,16.5,17.5,16.5,17.5,21.0,23.0,21.0,23.0,61.0,61.0,70.0,70.0,20.888888888888886,63.8,20.794055555555545,16.38888888888889,1.4
2025-10-17 14:17:17+00:00,33.7379585971106,-84.41995626785547,1307448046,97368,16.5,17.5,16.5,17.5,21.0,23.0,21.0,23.0,61.0,61.0,70.0,70.0,20.888888888888886,63.8,20.794055555555545,16.38888888888889,1.4
2025-10-17 14:17:18+00:00,33.73795698227665,-84.41993830282777,1307448046,97368,16.5,17.5,16.5,17.5,21.0,23.0,21.0,23.0,61.0,61.0,70.0,70.0,20.888888888888886,63.8,20.794055555555545,16.38888888888889,1.4
2025-10-17 14:17:19+00:00,33.73795537217111,-84.4199203904036,1307448046,97368,16.5,17.5,16.5,17.5,21.0,23.0,21.0,23.0,61.0,61.0,70.0,70.0,20.888888888888886,63.8,20.794055555555545,16.38888888888889,1.4
2025-10-17 14:17:20+00:00,33.73795371245627,-84.41990192607601,1307448046,97368,16.5,17.5,16.5,17.5,21.0,23.0,21.0,23.0,61.0,61.0,70.0,70.0,20.888888888888886,63.8,20.794055555555545,16.38888888888889,1.4
2025-10-17 14:17:21+00:00,33.73795234899924,-84.41988097998477,1307448046,97369,16.5,17.5,16.5,17.5,21.0,23.0,21.0,23.0,61.0,61.0,70.0,70.0,20.944444444444443,63.8,20.85238888888889,16.38888888888889,1.2
2025-10-17 14:17:22+00:00,33.737952,-84.41985812027926,1307448046,97369,16.5,17.5,16.5,17.5,21.0,23.0,21.0,23.0,61.0,61.0,70.0,70.0,20.944444444444443,63.8,20.85238888888889,16.38888888888889,1.2
2025-10-17 14:17:23+00:00,33.737952,-84.4198420823,1307448046,97369,15.0,16.0,15.0,16.0,19.0,21.0,19.0,21.0,57.0,57.0,66.0,66.0,20.944444444444443,63.8,20.85238888888889,16.38888888888889,1.2
2025-10-17 14:17:24+00:00,33.737952,-84.41982776689969,1307448046,97369,15.0,16.0,15.0,16.0,19.0,21.0,19.0,21.0,57.0,57.0,66.0,66.0,20.944444444444443,63.8,20.85238888888889,16.38888888888889,1.2
2025-10-17 14:17:25+00:00,33.738057,-84.419738,1090914991,89664,15.0,16.0,15.0,16.0,19.0,21.0,19.0,21.0,57.0,57.0,66.0,66.0,20.944444444444443,63.8,20.85238888888889,16.38888888888889,1.2
2025-10-17 14:17:27+00:00,33.738053567914186,-84.41973714197854,1090914991,89664,15.0,16.0,15.0,16.0,19.0,21.0,19.0,21.0,57.0,57.0,66.0,66.0,20.944444444444443,64.0,20.854999999999993,16.38888888888889,1.4
2025-10-17 14:17:29+00:00,33.738039,-84.419734,1090914991,89664,15.0,16.0,15.0,16.0,19.0,21.0,19.0,21.0,57.0,57.0,66.0,66.0,20.944444444444443,64.0,20.854999999999993,16.38888888888889,1.4
2025-10-17 14:17:30+00:00,33.73803643701365,-84.41973314567122,1090914991,89664,15.0,16.0,15.0,16.0,19.0,21.0,19.0,21.0,57.0,57.0,66.0,66.0,20.944444444444443,64.0,20.854999999999993,16.38888888888889,1.4
2025-10-17 14:17:31+00:00,33.738036,-84.419733,1090914991,89664,15.0,16.0,15.0,16.0,19.0,21.0,19.0,21.0,57.0,57.0,66.0,66.0,21.0,64.1,20.914638888888888,16.5,1.4
2025-10-17 14:17:32+00:00,33.73803591508937,-84.41972367875813,1090914990,89657,15.0,16.0,15.0,16.0,19.0,21.0,19.0,21.0,57.0,57.0,66.0,66.0,21.0,64.1,20.914638888888888,16.5,1.4
2025-10-17 14:17:33+00:00,33.73803572919338,-84.41970546095084,1090914990,89657,15.0,16.0,15.0,16.0,19.0,21.0,19.0,21.0,57.0,57.0,66.0,66.0,21.0,64.1,20.914638888888888,16.5,1.4
2025-10-17 14:17:34+00:00,33.738035533091235,-84.41968624294097,1090914990,89657,15.0,16.0,15.0,16.0,19.0,21.0,19.0,21.0,57.0,57.0,66.0,66.0,21.0,64.1,20.914638888888888,16.5,1.4
2025-10-17 14:17:35+00:00,33.73803535606545,-84.41966889441441,1090914990,89657,15.0,16.0,15.0,16.0,19.0,21.0,19.0,21.0,57.0,57.0,66.0,66.0,21.0,64.1,20.914638888888888,16.5,1.4
2025-10-17 14:17:36+00:00,33.73803519287419,-84.41965290167087,1090914990,89657,15.0,16.0,15.0,16.0,19.0,21.0,19.0,21.0,57.0,57.0,66.0,66.0,21.055555555555557,64.3,20.975583333333336,16.61111111111111,1.6
2025-10-17 14:17:37+00:00,33.738035,-84.41963040681757,1090914990,89657,15.0,16.0,15.0,16.0,19.0,21.0,19.0,21.0,57.0,57.0,66.0,66.0,21.055555555555557,64.3,20.975583333333336,16.61111111111111,1.6
2025-10-17 14:17:38+00:00,33.738035,-84.41960853891963,1090914990,89657,15.5,16.5,15.5,16.5,21.0,21.0,21.0,21.0,58.5,58.5,70.0,70.0,21.055555555555557,64.3,20.975583333333336,16.61111111111111,1.6
2025-10-17 14:17:39+00:00,33.738035,-84.41958914026564,1090914990,89657,15.5,16.5,15.5,16.5,21.0,21.0,21.0,21.0,58.5,58.5,70.0,70.0,21.055555555555557,64.3,20.975583333333336,16.61111111111111,1.6
2025-10-17 14:17:40+00:00,33.7380348371413,-84.41957271412994,1090914990,89657,15.5,16.5,15.5,16.5,21.0,21.0,21.0,21.0,58.5,58.5,70.0,70.0,21.055555555555557,64.3,20.975583333333336,16.61111111111111,1.6
2025-10-17 14:17:41+00:00,33.73803468906161,-84.41955790616028,1090914990,89657,15.5,16.5,15.5,16.5,21.0,21.0,21.0,21.0,58.5,58.5,70.0,70.0,21.11111111111111,64.3,21.03391666666667,16.61111111111111,2.1
2025-10-17 14:17:42+00:00,33.73803455205715,-84.41954420571467,1090914990,89657,15.5,16.5,15.5,16.5,21.0,21.0,21.0,21.0,58.5,58.5,70.0,70.0,21.11111111111111,64.3,21.03391666666667,16.61111111111111,2.1
2025-10-17 14:17:43+00:00,33.738034426282624,-84.41953162826266,1090914990,89657,15.5,16.5,15.5,16.5,21.0,21.0,21.0,21.0,58.5,58.5,70.0,70.0,21.11111111111111,64.3,21.03391666666667,16.61111111111111,2.1
2025-10-17 14:17:44+00:00,33.73803430813983,-84.4195198139833,1090914990,89657,15.5,16.5,15.5,16.5,21.0,21.0,21.0,21.0,58.5,58.5,70.0,70.0,21.11111111111111,64.3,21.03391666666667,16.61111111111111,2.1
2025-10-17 14:17:45+00:00,33.73803418970323,-84.41950797032274,1090914990,89657,15.5,16.5,15.5,16.5,21.0,21.0,21.0,21.0,58.5,58.5,70.0,70.0,21.11111111111111,64.3,21.03391666666667,16.61111111111111,2.1
2025-10-17 14:17:46+00:00,33.7380340710853,-84.41949610852997,1090914990,89657,15.5,16.5,15.5,16.5,21.0,21.0,21.0,21.0,58.5,58.5,70.0,70.0,21.055555555555557,64.3,20.975583333333336,16.61111111111111,1.8
2025-10-17 14:17:47+00:00,33.738034,-84.41948445564947,1090914990,89657,15.5,16.5,15.5,16.5,21.0,21.0,21.0,21.0,58.5,58.5,70.0,70.0,21.055555555555557,64.3,20.975583333333336,16.61111111111111,1.8
2025-10-17 14:17:48+00:00,33.738034,-84.41947217230341,1090914990,89657,15.5,16.5,15.5,16.5,21.0,21.0,21.0,21.0,58.5,58.5,70.0,70.0,21.055555555555557,64.3,20.975583333333336,16.61111111111111,1.8
2025-10-17 14:17:49+00:00,33.738034,-84.41945973728386,1090914990,89657,15.5,16.5,15.5,16.5,21.0,21.0,21.0,21.0,58.5,58.5,70.0,70.0,21.055555555555557,64.3,20.975583333333336,16.61111111111111,1.8
2025-10-17 14:17:50+00:00,33.738034,-84.41944761980838,1090914990,89657,15.5,16.5,15.5,16.5,21.0,21.0,21.0,21.0,58.5,58.5,70.0,70.0,21.055555555555557,64.3,20.975583333333336,16.61111111111111,1.8
2025-10-17 14:17:51+00:00,33.738034,-84.4194357891155,1090914990,89657,15.5,16.5,15.5,16.5,21.0,21.0,21.0,21.0,58.5,58.5,70.0,70.0,20.944444444444443,64.3,20.858916666666662,16.5,2.8
2025-10-17 14:17:52+00:00,33.738034,-84.41942399898115,1090914990,89657,15.5,16.5,15.5,16.5,21.0,21.0,21.0,21.0,58.5,58.5,70.0,70.0,20.944444444444443,64.3,20.858916666666662,16.5,2.8
2025-10-17 14:17:53+00:00,33.738034,-84.41941249241674,1090914990,89657,17.0,17.5,17.0,17.5,21.0,23.0,21.0,23.0,62.0,62.0,70.0,70.0,20.944444444444443,64.3,20.858916666666662,16.5,2.8
2025-10-17 14:17:55+00:00,33.738033961598795,-84.41939180956273,1090914990,89657,17.0,17.5,17.0,17.5,21.0,23.0,21.0,23.0,62.0,62.0,70.0,70.0,20.944444444444443,64.3,20.858916666666662,16.5,2.8
2025-10-17 14:17:57+00:00,33.73803324645791,-84.41936964019526,1090914990,89657,17.0,17.5,17.0,17.5,21.0,23.0,21.0,23.0,62.0,62.0,70.0,70.0,20.888888888888886,63.8,20.794055555555545,16.38888888888889,3.3
2025-10-17 14:17:58+00:00,33.738033,-84.41935767457332,1090914990,89657,17.0,17.5,17.0,17.5,21.0,23.0,21.0,23.0,62.0,62.0,70.0,70.0,20.888888888888886,63.8,20.794055555555545,16.38888888888889,3.3
2025-10-17 14:17:59+00:00,33.738033,-84.41934451728714,1090914990,89657,17.0,17.5,17.0,17.5,21.0,23.0,21.0,23.0,62.0,62.0,70.0,70.0,20.888888888888886,63.8,20.794055555555545,16.38888888888889,3.3
2025-10-17 14:18:00+00:00,33.738033,-84.41933084779961,1090914990,89657,17.0,17.5,17.0,17.5,21.0,23.0,21.0,23.0,62.0,62.0,70.0,70.0,20.888888888888886,63.8,20.794055555555545,16.38888888888889,3.3
2025-10-17 14:18:01+00:00,33.738033,-84.41931609767522,1090914990,89657,17.0,17.5,17.0,17.5,21.0,23.0,21.0,23.0,62.0,62.0,70.0,70.0,20.833333333333332,63.3,20.729194444444445,16.22222222222222,2.7
2025-10-17 14:18:02+00:00,33.738033,-84.41929998247915,1090914990,89657,17.0,17.5,17.0,17.5,21.0,23.0,21.0,23.0,62.0,62.0,70.0,70.0,20.833333333333332,63.3,20.729194444444445,16.22222222222222,2.7
2025-10-17 14:18:03+00:00,33.738033,-84.41928378978324,1090914990,89657,17.0,17.5,17.0,17.5,21.0,23.0,21.0,23.0,62.0,62.0,70.0,70.0,20.833333333333332,63.3,20.729194444444445,16.22222222222222,2.7
2025-10-17 14:18:04+00:00,33.738033,-84.41926677304967,1090914990,89657,17.0,17.5,17.0,17.5,21.0,23.0,21.0,23.0,62.0,62.0,70.0,70.0,20.833333333333332,63.3,20.729194444444445,16.22222222222222,2.7
2025-10-17 14:18:05+00:00,33.738033,-84.41924929542523,1090914990,89657,17.0,17.5,17.0,17.5,21.0,23.0,21.0,23.0,62.0,62.0,70.0,70.0,20.833333333333332,63.3,20.729194444444445,16.22222222222222,2.7
2025-10-17 14:18:06+00:00,33.738033,-84.41923321694391,1090914990,89657,17.0,17.5,17.0,17.5,21.0,23.0,21.0,23.0,62.0,62.0,70.0,70.0,20.611111111111107,63.0,20.49194444444444,16.0,1.3
2025-10-17 14:18:07+00:00,33.738033,-84.419217489641,1090914990,89657,17.0,17.5,17.0,17.5,21.0,23.0,21.0,23.0,62.0,62.0,70.0,70.0,20.611111111111107,63.0,20.49194444444444,16.0,1.3
2025-10-17 14:18:08+00:00,33.73803311178876,-84.41920285161825,1090914990,89658,15.0,16.0,15.0,16.0,22.0,24.0,22.0,24.0,57.0,57.0,72.0,72.0,20.611111111111107,63.0,20.49194444444444,16.0,1.3
2025-10-17 14:18:09+00:00,33.73803335522084,-84.4191894628536,1090914990,89658,15.0,16.0,15.0,16.0,22.0,24.0,22.0,24.0,57.0,57.0,72.0,72.0,20.611111111111107,63.0,20.49194444444444,16.0,1.3
2025-10-17 14:18:10+00:00,33.7380335805859,-84.41917706777573,1090914990,89658,15.0,16.0,15.0,16.0,22.0,24.0,22.0,24.0,57.0,57.0,72.0,72.0,20.611111111111107,63.0,20.49194444444444,16.0,1.3
2025-10-17 14:18:11+00:00,33.73803382555449,-84.41916359450293,1090914990,89658,15.0,16.0,15.0,16.0,22.0,24.0,22.0,24.0,57.0,57.0,72.0,72.0,20.666666666666668,63.3,20.554194444444438,16.11111111111111,1.1
2025-10-17 14:18:12+00:00,33.738034,-84.41914978768797,1090914990,89658,15.0,16.0,15.0,16.0,22.0,24.0,22.0,24.0,57.0,57.0,72.0,72.0,20.666666666666668,63.3,20.554194444444438,16.11111111111111,1.1
2025-10-17 14:18:13+00:00,33.738034,-84.41913582945573,1090914990,89658,15.0,16.0,15.0,16.0,22.0,24.0,22.0,24.0,57.0,57.0,72.0,72.0,20.666666666666668,63.3,20.554194444444438,16.11111111111111,1.1
2025-10-17 14:18:14+00:00,33.738034,-84.41912098351052,1090914990,89658,15.0,16.0,15.0,16.0,22.0,24.0,22.0,24.0,57.0,57.0,72.0,72.0,20.666666666666668,63.3,20.554194444444438,16.11111111111111,1.1
2025-10-17 14:18:15+00:00,33.73803500154662,-84.41910591570945,1090914990,89658,15.0,16.0,15.0,16.0,22.0,24.0,22.0,24.0,57.0,57.0,72.0,72.0,20.666666666666668,63.3,20.554194444444438,16.11111111111111,1.1
2025-10-17 14:18:16+00:00,33.73803530464181,-84.41908939702138,1090914990,89658,15.0,16.0,15.0,16.0,22.0,24.0,22.0,24.0,57.0,57.0,72.0,72.0,20.72222222222222,63.5,20.615138888888886,16.22222222222222,1.6
2025-10-17 14:18:17+00:00,33.738035624975836,-84.41907193881714,1090914990,89658,15.0,16.0,15.0,16.0,22.0,24.0,22.0,24.0,57.0,57.0,72.0,72.0,20.72222222222222,63.5,20.615138888888886,16.22222222222222,1.6
2025-10-17 14:18:18+00:00,33.73803593528806,-84.41905502680092,1090914990,89658,15.0,16.0,15.0,16.0,22.0,24.0,22.0,24.0,57.0,57.0,72.0,72.0,20.72222222222222,63.5,20.615138888888886,16.22222222222222,1.6
2025-10-17 14:18:19+00:00,33.73803624033073,-84.41903840197521,1090914990,89658,15.0,16.0,15.0,16.0,22.0,24.0,22.0,24.0,57.0,57.0,72.0,72.0,20.72222222222222,63.5,20.615138888888886,16.22222222222222,1.6
2025-10-17 14:18:20+00:00,33.738036537672755,-84.41902219683487,1090914990,89658,15.0,16.0,15.0,16.0,22.0,24.0,22.0,24.0,57.0,57.0,72.0,72.0,20.72222222222222,63.5,20.615138888888886,16.22222222222222,1.6
2025-10-17 14:18:21+00:00,33.73803684378986,-84.41900551345256,1090914990,89658,15.0,16.0,15.0,16.0,22.0,24.0,22.0,24.0,57.0,57.0,72.0,72.0,20.777777777777782,63.7,20.67608333333333,16.22222222222222,2.6
2025-10-17 14:18:22+00:00,33.73803716540674,-84.41898914317991,1090914990,89658,15.0,16.0,15.0,16.0,22.0,24.0,22.0,24.0,57.0,57.0,72.0,72.0,20.777777777777782,63.7,20.67608333333333,16.22222222222222,2.6
2025-10-17 14:18:23+00:00,33.73803749413323,-84.4189735286715,1090914990,89658,16.0,17.0,16.0,17.0,17.0,17.5,17.0,17.5,60.0,60.0,62.0,62.0,20.777777777777782,63.7,20.67608333333333,16.22222222222222,2.6
2025-10-17 14:18:24+00:00,33.738037807733875,-84.41895863264078,1090914990,89658,16.0,17.0,16.0,17.0,17.0,17.5,17.0,17.5,60.0,60.0,62.0,62.0,20.777777777777782,63.7,20.67608333333333,16.22222222222222,2.6
2025-10-17 14:18:25+00:00,33.73803810098011,-84.41894470344472,1090914990,89658,16.0,17.0,16.0,17.0,17.0,17.5,17.0,17.5,60.0,60.0,62.0,62.0,20.777777777777782,63.7,20.67608333333333,16.22222222222222,2.6
2025-10-17 14:18:26+00:00,33.73803838991629,-84.41893097897629,1090914990,89658,16.0,17.0,16.0,17.0,17.0,17.5,17.0,17.5,60.0,60.0,62.0,62.0,20.888888888888886,63.8,20.794055555555545,16.38888888888889,2.2
2025-10-17 14:18:27+00:00,33.73803868091689,-84.41891715644779,1090914990,89658,16.0,17.0,16.0,17.0,17.0,17.5,17.0,17.5,60.0,60.0,62.0,62.0,20.888888888888886,63.8,20.794055555555545,16.38888888888889,2.2
2025-10-17 14:18:28+00:00,33.73803899252262,-84.41890235517552,1090914990,89658,16.0,17.0,16.0,17.0,17.0,17.5,17.0,17.5,60.0,60.0,62.0,62.0,20.888888888888886,63.8,20.794055555555545,16.38888888888889,2.2
2025-10-17 14:18:29+00:00,33.738039,-84.41888673561549,1090914990,89658,16.0,17.0,16.0,17.0,17.0,17.5,17.0,17.5,60.0,60.0,62.0,62.0,20.888888888888886,63.8,20.794055555555545,16.38888888888889,2.2
2025-10-17 14:18:30+00:00,33.738039,-84.41887141729684,1090914990,89658,16.0,17.0,16.0,17.0,17.0,17.5,17.0,17.5,60.0,60.0,62.0,62.0,20.888888888888886,63.8,20.794055555555545,16.38888888888889,2.2
2025-10-17 14:18:31+00:00,33.73804,-84.41885570274572,1090914990,89658,16.0,17.0,16.0,17.0,17.0,17.5,17.0,17.5,60.0,60.0,62.0,62.0,20.833333333333332,64.0,20.738333333333337,16.38888888888889,1.2
2025-10-17 14:18:32+00:00,33.73804,-84.41883978688038,1090914990,89658,16.0,17.0,16.0,17.0,17.0,17.5,17.0,17.5,60.0,60.0,62.0,62.0,20.833333333333332,64.0,20.738333333333337,16.38888888888889,1.2
2025-10-17 14:18:33+00:00,33.73804021182827,-84.41882358601045,1090914990,89659,16.0,17.0,16.0,17.0,17.0,17.5,17.0,17.5,60.0,60.0,62.0,62.0,20.833333333333332,64.0,20.738333333333337,16.38888888888889,1.2
2025-10-17 14:18:34+00:00,33.7380406914773,-84.4188067982944,1090914990,89659,16.0,17.0,16.0,17.0,17.0,17.5,17.0,17.5,60.0,60.0,62.0,62.0,20.833333333333332,64.0,20.738333333333337,16.38888888888889,1.2
2025-10-17 14:18:35+00:00,33.73804121646495,-84.41879058837623,1090914990,89659,16.0,17.0,16.0,17.0,17.0,17.5,17.0,17.5,60.0,60.0,62.0,62.0,20.833333333333332,64.0,20.738333333333337,16.38888888888889,1.2
2025-10-17 14:18:36+00:00,33.73804179729916,-84.41877606752102,1090914990,89659,16.0,17.0,16.0,17.0,17.0,17.5,17.0,17.5,60.0,60.0,62.0,62.0,20.833333333333332,64.3,20.74225,16.38888888888889,1.4
2025-10-17 14:18:37+00:00,33.73804235601156,-84.41876209971089,1090914990,89659,16.0,17.0,16.0,17.0,17.0,17.5,17.0,17.5,60.0,60.0,62.0,62.0,20.833333333333332,64.3,20.74225,16.38888888888889,1.4
2025-10-17 14:18:38+00:00,33.73804293965149,-84.41874750871263,1090914990,89659,18.0,18.0,18.0,18.0,16.0,17.0,16.0,17.0,64.0,64.0,60.0,60.0,20.833333333333332,64.3,20.74225,16.38888888888889,1.4
2025-10-17 14:18:39+00:00,33.738043432474015,-84.4187324491475,1090914990,89659,18.0,18.0,18.0,18.0,16.0,17.0,16.0,17.0,64.0,64.0,60.0,60.0,20.833333333333332,64.3,20.74225,16.38888888888889,1.4
2025-10-17 14:18:40+00:00,33.73804390396132,-84.41871767587847,1090914990,89659,18.0,18.0,18.0,18.0,16.0,17.0,16.0,17.0,64.0,64.0,60.0,60.0,20.833333333333332,64.3,20.74225,16.38888888888889,1.4
2025-10-17 14:18:41+00:00,33.73804440093144,-84.41870210414797,1090914990,89659,18.0,18.0,18.0,18.0,16.0,17.0,16.0,17.0,64.0,64.0,60.0,60.0,20.833333333333332,64.4,20.74355555555556,16.38888888888889,0.0
2025-10-17 14:18:42+00:00,33.73804494355313,-84.41868510200187,1090914990,89659,18.0,18.0,18.0,18.0,16.0,17.0,16.0,17.0,64.0,64.0,60.0,60.0,20.833333333333332,64.4,20.74355555555556,16.38888888888889,0.0
2025-10-17 14:18:43+00:00,33.73804548637956,-84.41866809344032,1090914990,89659,18.0,18.0,18.0,18.0,16.0,17.0,16.0,17.0,64.0,64.0,60.0,60.0,20.833333333333332,64.4,20.74355555555556,16.38888888888889,0.0
2025-10-17 14:18:44+00:00,33.73804605543372,-84.41865050328953,1090914990,89659,18.0,18.0,18.0,18.0,16.0,17.0,16.0,17.0,64.0,64.0,60.0,60.0,20.833333333333332,64.4,20.74355555555556,16.38888888888889,0.0
2025-10-17 14:18:45+00:00,33.73804665553101,-84.41863430066282,1090914990,89659,18.0,18.0,18.0,18.0,16.0,17.0,16.0,17.0,64.0,64.0,60.0,60.0,20.833333333333332,64.4,20.74355555555556,16.38888888888889,0.0
2025-10-17 14:18:46+00:00,33.738047,-84.41861885902117,1090914990,89659,18.0,18.0,18.0,18.0,16.0,17.0,16.0,17.0,64.0,64.0,60.0,60.0,20.777777777777782,64.5,20.686527777777776,16.38888888888889,1.6
2025-10-17 14:18:47+00:00,33.7380474828223,-84.41860420520901,1090914990,89659,18.0,18.0,18.0,18.0,16.0,17.0,16.0,17.0,64.0,64.0,60.0,60.0,20.777777777777782,64.5,20.686527777777776,16.38888888888889,1.6
2025-10-17 14:18:48+00:00,33.738048283480175,-84.41858298777542,1090914990,89659,18.0,18.0,18.0,18.0,16.0,17.0,16.0,17.0,64.0,64.0,60.0,60.0,20.777777777777782,64.5,20.686527777777776,16.38888888888889,1.6
2025-10-17 14:18:49+00:00,33.738049179314295,-84.41855924817122,1090914990,89659,18.0,18.0,18.0,18.0,16.0,17.0,16.0,17.0,64.0,64.0,60.0,60.0,20.777777777777782,64.5,20.686527777777776,16.38888888888889,1.6
2025-10-17 14:18:50+00:00,33.73805003254165,-84.4185366376462,1090914990,89659,18.0,18.0,18.0,18.0,16.0,17.0,16.0,17.0,64.0,64.0,60.0,60.0,20.777777777777782,64.5,20.686527777777776,16.38888888888889,1.6
2025-10-17 14:18:51+00:00,33.73805077641901,-84.41851692489618,1090914990,89659,18.0,18.0,18.0,18.0,16.0,17.0,16.0,17.0,64.0,64.0,60.0,60.0,20.777777777777782,64.6,20.687833333333334,16.38888888888889,1.3
2025-10-17 14:18:52+00:00,33.738051,-84.41850105965867,1090914990,89660,18.0,18.0,18.0,18.0,16.0,17.0,16.0,17.0,64.0,64.0,60.0,60.0,20.777777777777782,64.6,20.687833333333334,16.38888888888889,1.3
2025-10-17 14:18:53+00:00,33.73805145372745,-84.41848499710937,1090914990,89660,18.0,18.0,18.0,18.0,15.0,17.0,15.0,17.0,64.0,64.0,57.0,57.0,20.777777777777782,64.6,20.687833333333334,16.38888888888889,1.3
2025-10-17 14:18:54+00:00,33.73805206756367,-84.41847011158087,1090914990,89660,18.0,18.0,18.0,18.0,15.0,17.0,15.0,17.0,64.0,64.0,57.0,57.0,20.777777777777782,64.6,20.687833333333334,16.38888888888889,1.3
2025-10-17 14:18:55+00:00,33.73805269054244,-84.41845500434586,1090914990,89660,18.0,18.0,18.0,18.0,15.0,17.0,15.0,17.0,64.0,64.0,57.0,57.0,20.777777777777782,64.6,20.687833333333334,16.38888888888889,1.3
2025-10-17 14:18:56+00:00,33.738053291450285,-84.4184404323307,1090914990,89660,18.0,18.0,18.0,18.0,15.0,17.0,15.0,17.0,64.0,64.0,57.0,57.0,20.777777777777782,64.5,20.686527777777776,16.38888888888889,0.0
2025-10-17 14:18:57+00:00,33.738053883278184,-84.41842608050402,1090914990,89660,18.0,18.0,18.0,18.0,15.0,17.0,15.0,17.0,64.0,64.0,57.0,57.0,20.777777777777782,64.5,20.686527777777776,16.38888888888889,0.0
2025-10-17 14:18:58+00:00,33.738054520218604,-84.41841063469892,1090914990,89660,18.0,18.0,18.0,18.0,15.0,17.0,15.0,17.0,64.0,64.0,57.0,57.0,20.777777777777782,64.5,20.686527777777776,16.38888888888889,0.0
2025-10-17 14:18:59+00:00,33.73805519043554,-84.41839519128926,1090914990,89660,18.0,18.0,18.0,18.0,15.0,17.0,15.0,17.0,64.0,64.0,57.0,57.0,20.777777777777782,64.5,20.686527777777776,16.38888888888889,0.0
2025-10-17 14:19:00+00:00,33.73805584711454,-84.41838205770922,1090914990,89660,18.0,18.0,18.0,18.0,15.0,17.0,15.0,17.0,64.0,64.0,57.0,57.0,20.777777777777782,64.5,20.686527777777776,16.38888888888889,0.0
2025-10-17 14:19:01+00:00,33.738057,-84.418369,1090914990,89660,18.0,18.0,18.0,18.0,15.0,17.0,15.0,17.0,64.0,64.0,57.0,57.0,20.72222222222222,64.4,20.62688888888889,16.27777777777778,0.8
2025-10-17 14:19:02+00:00,33.73805757787565,-84.41835536213453,1090914990,89660,18.0,18.0,18.0,18.0,15.0,17.0,15.0,17.0,64.0,64.0,57.0,57.0,20.72222222222222,64.4,20.62688888888889,16.27777777777778,0.8
2025-10-17 14:19:03+00:00,33.73805817649118,-84.41834123480815,1090914990,89660,18.0,18.0,18.0,18.0,15.0,17.0,15.0,17.0,64.0,64.0,57.0,57.0,20.72222222222222,64.4,20.62688888888889,16.27777777777778,0.8
2025-10-17 14:19:04+00:00,33.738058830922256,-84.41832579023473,1090914990,89660,18.0,18.0,18.0,18.0,15.0,17.0,15.0,17.0,64.0,64.0,57.0,57.0,20.72222222222222,64.4,20.62688888888889,16.27777777777778,0.8
2025-10-17 14:19:05+00:00,33.738059557076525,-84.41830865299391,1090914990,89660,18.0,18.0,18.0,18.0,15.0,17.0,15.0,17.0,64.0,64.0,57.0,57.0,20.72222222222222,64.4,20.62688888888889,16.27777777777778,0.8
2025-10-17 14:19:06+00:00,33.73806026430665,-84.41829196236309,1090914990,89660,18.0,18.0,18.0,18.0,15.0,17.0,15.0,17.0,64.0,64.0,57.0,57.0,20.72222222222222,64.2,20.624277777777777,16.27777777777778,1.6
2025-10-17 14:19:07+00:00,33.73806093081162,-84.41827623284571,1090914990,89660,18.0,18.0,18.0,18.0,15.0,17.0,15.0,17.0,64.0,64.0,57.0,57.0,20.72222222222222,64.2,20.624277777777777,16.27777777777778,1.6
2025-10-17 14:19:08+00:00,33.73806156619854,-84.41826123771439,1090914990,89660,18.0,19.0,18.0,19.0,16.0,18.0,16.0,18.0,64.0,64.0,60.0,60.0,20.72222222222222,64.2,20.624277777777777,16.27777777777778,1.6
2025-10-17 14:19:09+00:00,33.73806215071733,-84.41824693063205,1090914990,89660,18.0,19.0,18.0,19.0,16.0,18.0,16.0,18.0,64.0,64.0,60.0,60.0,20.72222222222222,64.2,20.624277777777777,16.27777777777778,1.6
2025-10-17 14:19:10+00:00,33.73806268382593,-84.41823253669986,1090914990,89660,18.0,19.0,18.0,19.0,16.0,18.0,16.0,18.0,64.0,64.0,60.0,60.0,20.72222222222222,64.2,20.624277777777777,16.27777777777778,1.6
2025-10-17 14:19:11+00:00,33.73806319957104,-84.41821861158209,1090914990,89660,18.0,19.0,18.0,19.0,16.0,18.0,16.0,18.0,64.0,64.0,60.0,60.0,20.666666666666668,64.1,20.564638888888883,16.27777777777778,1.4
2025-10-17 14:19:12+00:00,33.73806375339119,-84.41820365843796,1090914990,89660,18.0,19.0,18.0,19.0,16.0,18.0,16.0,18.0,64.0,64.0,60.0,60.0,20.666666666666668,64.1,20.564638888888883,16.27777777777778,1.4
2025-10-17 14:19:13+00:00,33.73806476655048,-84.4181878013943,1090914990,89661,18.0,19.0,18.0,19.0,16.0,18.0,16.0,18.0,64.0,64.0,60.0,60.0,20.666666666666668,64.1,20.564638888888883,16.27777777777778,1.4
2025-10-17 14:19:14+00:00,33.73806598307082,-84.41817320315016,1090914990,89661,18.0,19.0,18.0,19.0,16.0,18.0,16.0,18.0,64.0,64.0,60.0,60.0,20.666666666666668,64.1,20.564638888888883,16.27777777777778,1.4
2025-10-17 14:19:15+00:00,33.738067266866636,-84.41815766416705,1090914990,89661,18.0,19.0,18.0,19.0,16.0,18.0,16.0,18.0,64.0,64.0,60.0,60.0,20.666666666666668,64.1,20.564638888888883,16.27777777777778,1.4
2025-10-17 14:19:16+00:00,33.73806846263992,-84.418142717001,1090914990,89661,18.0,19.0,18.0,19.0,16.0,18.0,16.0,18.0,64.0,64.0,60.0,60.0,20.611111111111107,64.0,20.504999999999995,16.22222222222222,0.8
2025-10-17 14:19:17+00:00,33.738069,-84.4181294632207,1090914990,89661,18.0,19.0,18.0,19.0,16.0,18.0,16.0,18.0,64.0,64.0,60.0,60.0,20.611111111111107,64.0,20.504999999999995,16.22222222222222,0.8
2025-10-17 14:19:18+00:00,33.73807019674758,-84.41811380999306,1090914990,89661,18.0,19.0,18.0,19.0,16.0,18.0,16.0,18.0,64.0,64.0,60.0,60.0,20.611111111111107,64.0,20.504999999999995,16.22222222222222,0.8
2025-10-17 14:19:19+00:00,33.73807143865167,-84.41809908455878,1090914990,89661,18.0,19.0,18.0,19.0,16.0,18.0,16.0,18.0,64.0,64.0,60.0,60.0,20.611111111111107,64.0,20.504999999999995,16.22222222222222,0.8
2025-10-17 14:19:20+00:00,33.73807266713376,-84.41808451827116,1090914990,89661,18.0,19.0,18.0,19.0,16.0,18.0,16.0,18.0,64.0,64.0,60.0,60.0,20.611111111111107,64.0,20.504999999999995,16.22222222222222,0.8
2025-10-17 14:19:21+00:00,33.738073803914965,-84.418071039294,1090914990,89661,18.0,19.0,18.0,19.0,16.0,18.0,16.0,18.0,64.0,64.0,60.0,60.0,20.444444444444443,63.9,20.328694444444448,16.0,1.6
2025-10-17 14:19:22+00:00,33.73807492144055,-84.4180577886335,1090914990,89661,18.0,19.0,18.0,19.0,16.0,18.0,16.0,18.0,64.0,64.0,60.0,60.0,20.444444444444443,63.9,20.328694444444448,16.0,1.6
2025-10-17 14:19:23+00:00,33.738076026355444,-84.41804459149066,1090914990,89662,20.0,21.0,20.0,21.0,17.0,19.0,17.0,19.0,68.0,68.0,62.0,62.0,20.444444444444443,63.9,20.328694444444448,16.0,1.6
2025-10-17 14:19:24+00:00,33.7380768709237,-84.41803150068266,1090914990,89662,20.0,21.0,20.0,21.0,17.0,19.0,17.0,19.0,68.0,68.0,62.0,62.0,20.444444444444443,63.9,20.328694444444448,16.0,1.6
2025-10-17 14:19:25+00:00,33.73807767455451,-84.41801904440507,1090914990,89662,20.0,21.0,20.0,21.0,17.0,19.0,17.0,19.0,68.0,68.0,62.0,62.0,20.444444444444443,63.9,20.328694444444448,16.0,1.6
2025-10-17 14:19:26+00:00,33.7380784215912,-84.41800590544906,1090914990,89662,20.0,21.0,20.0,21.0,17.0,19.0,17.0,19.0,68.0,68.0,62.0,62.0,20.500000000000004,63.5,20.38180555555556,15.88888888888889,0.9
2025-10-17 14:19:27+00:00,33.738079094392,-84.41799298767371,1090914990,89662,20.0,21.0,20.0,21.0,17.0,19.0,17.0,19.0,68.0,68.0,62.0,62.0,20.500000000000004,63.5,20.38180555555556,15.88888888888889,0.9
2025-10-17 14:19:28+00:00,33.738079816627945,-84.41797912074347,1090914990,89662,20.0,21.0,20.0,21.0,17.0,19.0,17.0,19.0,68.0,68.0,62.0,62.0,20.500000000000004,63.5,20.38180555555556,15.88888888888889,0.9
2025-10-17 14:19:29+00:00,33.73808051111918,-84.41796578651186,1090914990,89662,20.0,21.0,20.0,21.0,17.0,19.0,17.0,19.0,68.0,68.0,62.0,62.0,20.500000000000004,63.5,20.38180555555556,15.88888888888889,0.9
2025-10-17 14:19:30+00:00,33.73808123078016,-84.4179519690209,1090914990,89662,20.0,21.0,20.0,21.0,17.0,19.0,17.0,19.0,68.0,68.0,62.0,62.0,20.500000000000004,63.5,20.38180555555556,15.88888888888889,0.9
2025-10-17 14:19:31+00:00,33.73808191624298,-84.41793880813485,1090914990,89662,20.0,21.0,20.0,21.0,17.0,19.0,17.0,19.0,68.0,68.0,62.0,62.0,20.611111111111107,63.7,20.501083333333334,16.11111111111111,0.7
2025-10-17 14:19:32+00:00,33.73808256842216,-84.4179262862946,1090914990,89662,20.0,21.0,20.0,21.0,17.0,19.0,17.0,19.0,68.0,68.0,62.0,62.0,20.611111111111107,63.7,20.501083333333334,16.11111111111111,0.7
2025-10-17 14:19:33+00:00,33.73808352796639,-84.41791219236974,1090914990,89662,20.0,21.0,20.0,21.0,17.0,19.0,17.0,19.0,68.0,68.0,62.0,62.0,20.611111111111107,63.7,20.501083333333334,16.11111111111111,0.7
2025-10-17 14:19:34+00:00,33.738084873576234,-84.41789739066138,1090914990,89662,20.0,21.0,20.0,21.0,17.0,19.0,17.0,19.0,68.0,68.0,62.0,62.0,20.611111111111107,63.7,20.501083333333334,16.11111111111111,0.7
2025-10-17 14:19:35+00:00,33.73808599351108,-84.417883084356,1090914990,89662,20.0,21.0,20.0,21.0,17.0,19.0,17.0,19.0,68.0,68.0,62.0,62.0,20.611111111111107,63.7,20.501083333333334,16.11111111111111,0.7
2025-10-17 14:19:36+00:00,33.7380865903751,-84.41787060212302,1090914990,89662,20.0,21.0,20.0,21.0,17.0,19.0,17.0,19.0,68.0,68.0,62.0,62.0,20.777777777777782,64.1,20.681305555555554,16.27777777777778,0.8
2025-10-17 14:19:37+00:00,33.738087112415215,-84.41785963928058,1090914990,89662,20.0,21.0,20.0,21.0,17.0,19.0,17.0,19.0,68.0,68.0,62.0,62.0,20.777777777777782,64.1,20.681305555555554,16.27777777777778,0.8
2025-10-17 14:19:39+00:00,33.738087951794995,-84.41784201230509,1090914990,89662,17.5,17.5,17.5,17.5,17.0,18.0,17.0,18.0,63.0,63.0,62.0,62.0,20.777777777777782,64.1,20.681305555555554,16.27777777777778,0.8
2025-10-17 14:19:42+00:00,33.738088469226184,-84.41783114625024,1090914990,89662,17.5,17.5,17.5,17.5,17.0,18.0,17.0,18.0,63.0,63.0,62.0,62.0,20.833333333333332,64.1,20.739638888888887,16.38888888888889,0.0
2025-10-17 14:19:51+00:00,33.73808903110046,-84.41782,1382904489,102134,17.5,17.5,17.5,17.5,17.0,18.0,17.0,18.0,63.0,63.0,62.0,62.0,21.0,64.9,20.92508333333334,16.61111111111111,1.6
2025-10-17 14:19:54+00:00,33.73808509826438,-84.41782,1382904490,102142,17.5,17.5,17.5,17.5,17.5,18.5,17.5,18.5,63.0,63.0,63.0,63.0,21.0,64.9,20.92508333333334,16.61111111111111,1.6
2025-10-17 14:19:59+00:00,33.73808251005803,-84.41782,1382904490,102142,17.5,17.5,17.5,17.5,17.5,18.5,17.5,18.5,63.0,63.0,63.0,63.0,20.777777777777782,65.1,20.694361111111117,16.38888888888889,1.3
2025-10-17 14:20:02+00:00,33.738088374165805,-84.41783314251819,1090914990,89662,17.5,17.5,17.5,17.5,17.5,18.5,17.5,18.5,63.0,63.0,63.0,63.0,20.944444444444443,64.9,20.866749999999996,16.5,0.9
2025-10-17 14:20:07+00:00,33.73808828103799,-84.41783509820223,1090914990,89662,17.5,17.5,17.5,17.5,17.5,18.5,17.5,18.5,63.0,63.0,63.0,63.0,21.22222222222222,64.6,21.154500000000002,16.77777777777778,0.9
2025-10-17 14:20:44+00:00,33.73808789002263,-84.4178433095248,1090914990,89662,16.0,16.0,16.0,16.0,17.0,18.0,17.0,18.0,60.0,60.0,62.0,62.0,22.5,63.2,22.477888888888888,17.72222222222222,0.0
2025-10-17 14:20:46+00:00,33.738087801468524,-84.41784516916104,1090914990,89662,16.0,16.0,16.0,16.0,17.0,18.0,17.0,18.0,60.0,60.0,62.0,62.0,22.722222222222225,62.8,22.706000000000003,17.77777777777778,0.9
2025-10-17 14:20:48+00:00,33.738054223705234,-84.41781978582777,1382904490,102142,16.0,16.0,16.0,16.0,17.0,18.0,17.0,18.0,60.0,60.0,62.0,62.0,22.722222222222225,62.8,22.706000000000003,17.77777777777778,0.9
2025-10-17 14:20:49+00:00,33.73804054192028,-84.41781962098699,1382904490,102142,16.0,16.0,16.0,16.0,17.0,18.0,17.0,18.0,60.0,60.0,62.0,62.0,22.722222222222225,62.8,22.706000000000003,17.77777777777778,0.9
2025-10-17 14:20:50+00:00,33.737988,-84.41785571146656,1307448046,97377,16.0,16.0,16.0,16.0,17.0,18.0,17.0,18.0,60.0,60.0,62.0,62.0,22.722222222222225,62.8,22.706000000000003,17.77777777777778,0.9
2025-10-17 14:20:51+00:00,33.737988,-84.4178564833202,1307448046,97377,16.0,16.0,16.0,16.0,17.0,18.0,17.0,18.0,60.0,60.0,62.0,62.0,22.77777777777778,62.8,22.76433333333333,17.88888888888889,0.0
2025-10-17 14:20:52+00:00,33.737988,-84.41785732940032,1307448046,97377,16.0,16.0,16.0,16.0,17.0,18.0,17.0,18.0,60.0,60.0,62.0,62.0,22.77777777777778,62.8,22.76433333333333,17.88888888888889,0.0
2025-10-17 14:20:53+00:00,33.737988,-84.41785780708373,1307448046,97377,18.0,18.0,18.0,18.0,16.5,17.0,16.5,17.0,64.0,64.0,61.0,61.0,22.77777777777778,62.8,22.76433333333333,17.88888888888889,0.0
2025-10-17 14:20:54+00:00,33.73795079916632,-84.41781606147433,1382904490,102141,18.0,18.0,18.0,18.0,16.5,17.0,16.5,17.0,64.0,64.0,61.0,61.0,22.77777777777778,62.8,22.76433333333333,17.88888888888889,0.0
2025-10-17 14:20:55+00:00,33.73793544984015,-84.41781488075694,1382904490,102141,18.0,18.0,18.0,18.0,16.5,17.0,16.5,17.0,64.0,64.0,61.0,61.0,22.77777777777778,62.8,22.76433333333333,17.88888888888889,0.0
2025-10-17 14:20:56+00:00,33.737922799441456,-84.41781390764933,1382904490,102141,18.0,18.0,18.0,18.0,16.5,17.0,16.5,17.0,64.0,64.0,61.0,61.0,22.77777777777778,62.6,22.761722222222225,17.88888888888889,0.9
2025-10-17 14:20:58+00:00,33.737908694097754,-84.417813,1382904490,102141,18.0,18.0,18.0,18.0,16.5,17.0,16.5,17.0,64.0,64.0,61.0,61.0,22.77777777777778,62.6,22.761722222222225,17.88888888888889,0.9
2025-10-17 14:21:00+00:00,33.73791421233416,-84.41781324710263,1382904490,102141,18.0,18.0,18.0,18.0,16.5,17.0,16.5,17.0,64.0,64.0,61.0,61.0,22.77777777777778,62.6,22.761722222222225,17.88888888888889,0.9
2025-10-17 14:21:01+00:00,33.73798639146243,-84.41790069027743,1307448046,97377,18.0,18.0,18.0,18.0,16.5,17.0,16.5,17.0,64.0,64.0,61.0,61.0,22.666666666666668,62.3,22.641138888888893,17.72222222222222,0.8
2025-10-17 14:21:02+00:00,33.73798596071123,-84.41791596443869,1307448046,97377,18.0,18.0,18.0,18.0,16.5,17.0,16.5,17.0,64.0,64.0,61.0,61.0,22.666666666666668,62.3,22.641138888888893,17.72222222222222,0.8
2025-10-17 14:21:03+00:00,33.737985632716516,-84.41793236417423,1307448046,97377,18.0,18.0,18.0,18.0,16.5,17.0,16.5,17.0,64.0,64.0,61.0,61.0,22.666666666666668,62.3,22.641138888888893,17.72222222222222,0.8
2025-10-17 14:21:04+00:00,33.73798529578687,-84.41794921065659,1307448046,97377,18.0,18.0,18.0,18.0,16.5,17.0,16.5,17.0,64.0,64.0,61.0,61.0,22.666666666666668,62.3,22.641138888888893,17.72222222222222,0.8
2025-10-17 14:21:05+00:00,33.737984946410215,-84.41796646513025,1307448046,97377,18.0,18.0,18.0,18.0,16.5,17.0,16.5,17.0,64.0,64.0,61.0,61.0,22.666666666666668,62.3,22.641138888888893,17.72222222222222,0.8
2025-10-17 14:21:06+00:00,33.7379845360449,-84.41798534193457,1307448046,97377,18.0,18.0,18.0,18.0,16.5,17.0,16.5,17.0,64.0,64.0,61.0,61.0,22.277777777777775,61.9,22.227583333333328,17.27777777777778,0.9
2025-10-17 14:21:07+00:00,33.73798408841256,-84.41800593302229,1307448046,97377,18.0,18.0,18.0,18.0,16.5,17.0,16.5,17.0,64.0,64.0,61.0,61.0,22.277777777777775,61.9,22.227583333333328,17.27777777777778,0.9
2025-10-17 14:21:08+00:00,33.73798369868737,-84.41802723150302,1307448046,97376,,,,,,,,,,,,,22.277777777777775,61.9,22.227583333333328,17.27777777777778,0.9
2025-10-17 14:21:09+00:00,33.73798298860549,-84.41804434183541,1307448046,97376,,,,,,,,,,,,,22.277777777777775,61.9,22.227583333333328,17.27777777777778,0.9
2025-10-17 14:21:10+00:00,33.737982517961434,-84.41805846115707,1307448046,97376,,,,,,,,,,,,,22.277777777777775,61.9,22.227583333333328,17.27777777777778,0.9
2025-10-17 14:21:11+00:00,33.73798205135791,-84.41807245926273,1307448046,97376,,,,,,,,,,,,,22.11111111111111,61.6,22.04866666666667,17.11111111111111,2.9
2025-10-17 14:21:12+00:00,33.737982,-84.41808574463188,1307448046,97375,,,,,,,,,,,,,22.11111111111111,61.6,22.04866666666667,17.11111111111111,2.9
2025-10-17 14:21:13+00:00,33.737982,-84.4181006363938,1307448046,97375,,,,,,,,,,,,,22.11111111111111,61.6,22.04866666666667,17.11111111111111,2.9
2025-10-17 14:21:14+00:00,33.73798136839069,-84.41811973735821,1307448046,97375,,,,,,,,,,,,,22.11111111111111,61.6,22.04866666666667,17.11111111111111,2.9
2025-10-17 14:21:15+00:00,33.73798087419225,-84.41813527100138,1307448046,97375,,,,,,,,,,,,,22.11111111111111,61.6,22.04866666666667,17.11111111111111,2.9
2025-10-17 14:21:16+00:00,33.73798026876233,-84.41815101217944,1307448046,97375,,,,,,,,,,,,,21.833333333333332,60.6,21.743944444444452,16.72222222222222,2.0
2025-10-17 14:21:17+00:00,33.737979856976665,-84.41816472209692,1307448046,97375,,,,,,,,,,,,,21.833333333333332,60.6,21.743944444444452,16.72222222222222,2.0
2025-10-17 14:21:18+00:00,33.737979557231384,-84.41817881012503,1307448046,97375,,,,,,,,,,,,,21.833333333333332,60.6,21.743944444444452,16.72222222222222,2.0
2025-10-17 14:21:19+00:00,33.737979228016364,-84.41819428323114,1307448046,97375,,,,,,,,,,,,,21.833333333333332,60.6,21.743944444444452,16.72222222222222,2.0
2025-10-17 14:21:20+00:00,33.737979,-84.41820852290634,1307448046,97375,,,,,,,,,,,,,21.833333333333332,60.6,21.743944444444452,16.72222222222222,2.0
2025-10-17 14:21:21+00:00,33.737978856552154,-84.41822815585263,1307448046,97374,,,,,,,,,,,,,21.722222222222218,60.2,21.62205555555556,16.61111111111111,1.2
2025-10-17 14:21:22+00:00,33.73797813078632,-84.41824412270098,1307448046,97374,,,,,,,,,,,,,21.722222222222218,60.2,21.62205555555556,16.61111111111111,1.2
2025-10-17 14:21:23+00:00,33.73797776049612,-84.4182572986666,1307448046,97374,19.0,19.0,19.0,19.0,,,,,66.0,66.0,,,21.722222222222218,60.2,21.62205555555556,16.61111111111111,1.2
2025-10-17 14:21:24+00:00,33.73797741377905,-84.41827220750079,1307448046,97374,19.0,19.0,19.0,19.0,,,,,66.0,66.0,,,21.722222222222218,60.2,21.62205555555556,16.61111111111111,1.2
2025-10-17 14:21:25+00:00,33.7379770260964,-84.41828887785483,1307448046,97374,19.0,19.0,19.0,19.0,,,,,66.0,66.0,,,21.722222222222218,60.2,21.62205555555556,16.61111111111111,1.2
2025-10-17 14:21:26+00:00,33.737977,-84.41830232356521,1307448046,97374,19.0,19.0,19.0,19.0,,,,,66.0,66.0,,,21.611111111111114,60.8,21.51322222222223,16.61111111111111,0.9
2025-10-17 14:21:27+00:00,33.737976784899566,-84.41832122650658,1307448046,97374,19.0,19.0,19.0,19.0,,,,,66.0,66.0,,,21.611111111111114,60.8,21.51322222222223,16.61111111111111,0.9
2025-10-17 14:21:28+00:00,33.737976,-84.418333,1307448046,97374,19.0,19.0,19.0,19.0,,,,,66.0,66.0,,,21.611111111111114,60.8,21.51322222222223,16.61111111111111,0.9
2025-10-17 14:21:29+00:00,33.737976,-84.41834424784501,1307448046,97374,19.0,19.0,19.0,19.0,,,,,66.0,66.0,,,21.611111111111114,60.8,21.51322222222223,16.61111111111111,0.9
2025-10-17 14:21:30+00:00,33.737975,-84.418367,1307448046,97374,19.0,19.0,19.0,19.0,,,,,66.0,66.0,,,21.611111111111114,60.8,21.51322222222223,16.61111111111111,0.9
2025-10-17 14:21:31+00:00,33.737975,-84.41837405812159,1307448046,97374,19.0,19.0,19.0,19.0,,,,,66.0,66.0,,,21.444444444444443,61.4,21.346055555555555,16.5,0.8
2025-10-17 14:21:32+00:00,33.737975,-84.41838910490347,1307448046,97374,19.0,19.0,19.0,19.0,,,,,66.0,66.0,,,21.444444444444443,61.4,21.346055555555555,16.5,0.8
2025-10-17 14:21:33+00:00,33.73797418317204,-84.41840906924729,1307448046,97374,19.0,19.0,19.0,19.0,,,,,66.0,66.0,,,21.444444444444443,61.4,21.346055555555555,16.5,0.8
2025-10-17 14:21:34+00:00,33.737973718950535,-84.41842267987968,1307448046,97373,19.0,19.0,19.0,19.0,,,,,66.0,66.0,,,21.444444444444443,61.4,21.346055555555555,16.5,0.8
2025-10-17 14:21:35+00:00,33.73797327243077,-84.41843964763066,1307448046,97373,19.0,19.0,19.0,19.0,,,,,66.0,66.0,,,21.444444444444443,61.4,21.346055555555555,16.5,0.8
2025-10-17 14:21:36+00:00,33.737972880236,-84.41845514985175,1307448046,97373,19.0,19.0,19.0,19.0,,,,,66.0,66.0,,,21.27777777777778,61.4,21.171055555555554,16.38888888888889,1.5
2025-10-17 14:21:37+00:00,33.73797252019551,-84.41847063159288,1307448046,97373,19.0,19.0,19.0,19.0,,,,,66.0,66.0,,,21.27777777777778,61.4,21.171055555555554,16.38888888888889,1.5
2025-10-17 14:21:38+00:00,33.73797219118122,-84.41848477920752,1307448046,97373,22.0,22.0,22.0,22.0,18.0,20.0,18.0,20.0,72.0,72.0,64.0,64.0,21.27777777777778,61.4,21.171055555555554,16.38888888888889,1.5
2025-10-17 14:21:39+00:00,33.737972,-84.41849578893509,1307448046,97373,22.0,22.0,22.0,22.0,18.0,20.0,18.0,20.0,72.0,72.0,64.0,64.0,21.27777777777778,61.4,21.171055555555554,16.38888888888889,1.5
2025-10-17 14:21:40+00:00,33.737972,-84.41850829752025,1307448046,97373,22.0,22.0,22.0,22.0,18.0,20.0,18.0,20.0,72.0,72.0,64.0,64.0,21.27777777777778,61.4,21.171055555555554,16.38888888888889,1.5
2025-10-17 14:21:41+00:00,33.73797150654013,-84.41852484303688,1307448046,97372,22.0,22.0,22.0,22.0,18.0,20.0,18.0,20.0,72.0,72.0,64.0,64.0,21.22222222222222,61.4,21.112722222222228,16.27777777777778,1.3
2025-10-17 14:21:42+00:00,33.737971,-84.418537,1307448046,97372,22.0,22.0,22.0,22.0,18.0,20.0,18.0,20.0,72.0,72.0,64.0,64.0,21.22222222222222,61.4,21.112722222222228,16.27777777777778,1.3
2025-10-17 14:21:43+00:00,33.737971,-84.4185465148569,1307448046,97372,22.0,22.0,22.0,22.0,18.0,20.0,18.0,20.0,72.0,72.0,64.0,64.0,21.22222222222222,61.4,21.112722222222228,16.27777777777778,1.3
2025-10-17 14:21:44+00:00,33.737971,-84.41855808125806,1307448046,97372,22.0,22.0,22.0,22.0,18.0,20.0,18.0,20.0,72.0,72.0,64.0,64.0,21.22222222222222,61.4,21.112722222222228,16.27777777777778,1.3
2025-10-17 14:21:45+00:00,33.737970654098454,-84.41857422622786,1307448046,97372,22.0,22.0,22.0,22.0,18.0,20.0,18.0,20.0,72.0,72.0,64.0,64.0,21.22222222222222,61.4,21.112722222222228,16.27777777777778,1.3
2025-10-17 14:21:46+00:00,33.73797,-84.418586,1307448046,97372,22.0,22.0,22.0,22.0,18.0,20.0,18.0,20.0,72.0,72.0,64.0,64.0,21.11111111111111,61.5,20.99736111111112,16.22222222222222,1.7
2025-10-17 14:21:47+00:00,33.73797,-84.41859922624069,1307448046,97372,22.0,22.0,22.0,22.0,18.0,20.0,18.0,20.0,72.0,72.0,64.0,64.0,21.11111111111111,61.5,20.99736111111112,16.22222222222222,1.7
2025-10-17 14:21:48+00:00,33.737969,-84.41861893849207,1307448046,97372,22.0,22.0,22.0,22.0,18.0,20.0,18.0,20.0,72.0,72.0,64.0,64.0,21.11111111111111,61.5,20.99736111111112,16.22222222222222,1.7
2025-10-17 14:21:49+00:00,33.737969,-84.41863548479854,1307448046,97372,22.0,22.0,22.0,22.0,18.0,20.0,18.0,20.0,72.0,72.0,64.0,64.0,21.11111111111111,61.5,20.99736111111112,16.22222222222222,1.7
2025-10-17 14:21:50+00:00,33.73796871108357,-84.41865593399442,1307448046,97372,22.0,22.0,22.0,22.0,18.0,20.0,18.0,20.0,72.0,72.0,64.0,64.0,21.11111111111111,61.5,20.99736111111112,16.22222222222222,1.7
2025-10-17 14:21:51+00:00,33.73796815894868,-84.41866918523164,1307448046,97372,22.0,22.0,22.0,22.0,18.0,20.0,18.0,20.0,72.0,72.0,64.0,64.0,21.055555555555557,61.5,20.93902777777778,16.22222222222222,1.0
2025-10-17 14:21:52+00:00,33.737967703702395,-84.41868011114244,1307448046,97372,22.0,22.0,22.0,22.0,18.0,20.0,18.0,20.0,72.0,72.0,64.0,64.0,21.055555555555557,61.5,20.93902777777778,16.22222222222222,1.0
2025-10-17 14:21:54+00:00,33.737967,-84.418697,1307448046,97372,21.0,22.0,21.0,22.0,20.0,23.0,20.0,23.0,70.0,70.0,68.0,68.0,21.055555555555557,61.5,20.93902777777778,16.22222222222222,1.0
2025-10-17 14:21:55+00:00,33.7379667932137,-84.41870671895607,1307448046,97372,21.0,22.0,21.0,22.0,20.0,23.0,20.0,23.0,70.0,70.0,68.0,68.0,21.055555555555557,61.5,20.93902777777778,16.22222222222222,1.0
2025-10-17 14:21:56+00:00,33.73796657143774,-84.4187171424261,1307448046,97372,21.0,22.0,21.0,22.0,20.0,23.0,20.0,23.0,70.0,70.0,68.0,68.0,20.888888888888886,61.5,20.764027777777773,16.0,1.0
2025-10-17 14:21:57+00:00,33.73796634221947,-84.4187279156849,1307448046,97372,21.0,22.0,21.0,22.0,20.0,23.0,20.0,23.0,70.0,70.0,68.0,68.0,20.888888888888886,61.5,20.764027777777773,16.0,1.0
2025-10-17 14:21:58+00:00,33.737966071518855,-84.41874063861376,1307448046,97372,21.0,22.0,21.0,22.0,20.0,23.0,20.0,23.0,70.0,70.0,68.0,68.0,20.888888888888886,61.5,20.764027777777773,16.0,1.0
2025-10-17 14:21:59+00:00,33.73796578053623,-84.41875431479721,1307448046,97372,21.0,22.0,21.0,22.0,20.0,23.0,20.0,23.0,70.0,70.0,68.0,68.0,20.888888888888886,61.5,20.764027777777773,16.0,1.0
2025-10-17 14:22:00+00:00,33.73796544458151,-84.41877010466887,1307448046,97372,21.0,22.0,21.0,22.0,20.0,23.0,20.0,23.0,70.0,70.0,68.0,68.0,20.888888888888886,61.5,20.764027777777773,16.0,1.0
2025-10-17 14:22:01+00:00,33.737965027975356,-84.4187896851585,1307448046,97372,21.0,22.0,21.0,22.0,20.0,23.0,20.0,23.0,70.0,70.0,68.0,68.0,21.0,61.4,20.879388888888887,16.11111111111111,0.8
2025-10-17 14:22:02+00:00,33.737964721229034,-84.41881341173219,1307448046,97372,21.0,22.0,21.0,22.0,20.0,23.0,20.0,23.0,70.0,70.0,68.0,68.0,21.0,61.4,20.879388888888887,16.11111111111111,0.8
2025-10-17 14:22:03+00:00,33.737964,-84.41883,1307448046,97372,21.0,22.0,21.0,22.0,20.0,23.0,20.0,23.0,70.0,70.0,68.0,68.0,21.0,61.4,20.879388888888887,16.11111111111111,0.8
2025-10-17 14:22:04+00:00,33.737964,-84.41884771797864,1307448046,97371,21.0,22.0,21.0,22.0,20.0,23.0,20.0,23.0,70.0,70.0,68.0,68.0,21.0,61.4,20.879388888888887,16.11111111111111,0.8
2025-10-17 14:22:05+00:00,33.737963,-84.41886557972329,1307448046,97371,21.0,22.0,21.0,22.0,20.0,23.0,20.0,23.0,70.0,70.0,68.0,68.0,21.0,61.4,20.879388888888887,16.11111111111111,0.8
2025-10-17 14:22:06+00:00,33.737963,-84.41888334101202,1307448046,97371,21.0,22.0,21.0,22.0,20.0,23.0,20.0,23.0,70.0,70.0,68.0,68.0,20.944444444444443,61.7,20.82497222222222,16.11111111111111,0.9
2025-10-17 14:22:07+00:00,33.737962830526,-84.4189052536939,1307448046,97371,21.0,22.0,21.0,22.0,20.0,23.0,20.0,23.0,70.0,70.0,68.0,68.0,20.944444444444443,61.7,20.82497222222222,16.11111111111111,0.9
2025-10-17 14:22:08+00:00,33.73796224164618,-84.41892350896859,1307448046,97371,18.0,19.0,18.0,19.0,19.0,22.5,19.0,22.5,64.0,64.0,66.0,66.0,20.944444444444443,61.7,20.82497222222222,16.11111111111111,0.9
2025-10-17 14:22:09+00:00,33.73796173008675,-84.41893950226749,1307448046,97371,18.0,19.0,18.0,19.0,19.0,22.5,19.0,22.5,64.0,64.0,66.0,66.0,20.944444444444443,61.7,20.82497222222222,16.11111111111111,0.9
2025-10-17 14:22:10+00:00,33.73796129275085,-84.4189532783481,1307448046,97371,18.0,19.0,18.0,19.0,19.0,22.5,19.0,22.5,64.0,64.0,66.0,66.0,20.944444444444443,61.7,20.82497222222222,16.11111111111111,0.9
2025-10-17 14:22:11+00:00,33.7379609265775,-84.41896481280871,1307448046,97371,18.0,19.0,18.0,19.0,19.0,22.5,19.0,22.5,64.0,64.0,66.0,66.0,20.833333333333332,61.7,20.708305555555555,16.11111111111111,0.8
2025-10-17 14:22:13+00:00,33.737960347430906,-84.4189830559265,1307448046,97371,18.0,19.0,18.0,19.0,19.0,22.5,19.0,22.5,64.0,64.0,66.0,66.0,20.833333333333332,61.7,20.708305555555555,16.11111111111111,0.8
2025-10-17 14:22:15+00:00,33.73795974755764,-84.41900586479092,1307448046,97371,18.0,19.0,18.0,19.0,19.0,22.5,19.0,22.5,64.0,64.0,66.0,66.0,20.833333333333332,61.7,20.708305555555555,16.11111111111111,0.8
2025-10-17 14:22:16+00:00,33.737959408090106,-84.41902181976495,1307448046,97371,18.0,19.0,18.0,19.0,19.0,22.5,19.0,22.5,64.0,64.0,66.0,66.0,20.777777777777782,61.9,20.65258333333334,16.0,0.8
2025-10-17 14:22:17+00:00,33.7379590313707,-84.41903952557702,1307448046,97371,18.0,19.0,18.0,19.0,19.0,22.5,19.0,22.5,64.0,64.0,66.0,66.0,20.777777777777782,61.9,20.65258333333334,16.0,0.8
2025-10-17 14:22:18+00:00,33.73795875342917,-84.41905967112903,1307448046,97371,18.0,19.0,18.0,19.0,19.0,22.5,19.0,22.5,64.0,64.0,66.0,66.0,20.777777777777782,61.9,20.65258333333334,16.0,0.8
2025-10-17 14:22:19+00:00,33.73795801364264,-84.41907668621927,1307448046,97371,18.0,19.0,18.0,19.0,19.0,22.5,19.0,22.5,64.0,64.0,66.0,66.0,20.777777777777782,61.9,20.65258333333334,16.0,0.8
2025-10-17 14:22:20+00:00,33.737958,-84.41908914532536,1307448046,97371,18.0,19.0,18.0,19.0,19.0,22.5,19.0,22.5,64.0,64.0,66.0,66.0,20.777777777777782,61.9,20.65258333333334,16.0,0.8
2025-10-17 14:22:21+00:00,33.73795752909229,-84.41910959270791,1307448046,97371,18.0,19.0,18.0,19.0,19.0,22.5,19.0,22.5,64.0,64.0,66.0,66.0,20.72222222222222,62.0,20.595555555555556,16.0,1.0
2025-10-17 14:22:22+00:00,33.73795698820725,-84.41911740095344,1307448046,97371,18.0,19.0,18.0,19.0,19.0,22.5,19.0,22.5,64.0,64.0,66.0,66.0,20.72222222222222,62.0,20.595555555555556,16.0,1.0
2025-10-17 14:22:24+00:00,33.73795648270049,-84.41913458818331,1307448046,97371,18.0,18.0,18.0,18.0,17.0,20.0,17.0,20.0,64.0,64.0,62.0,62.0,20.72222222222222,62.0,20.595555555555556,16.0,1.0
2025-10-17 14:22:26+00:00,33.737956,-84.419151,1307448046,97371,18.0,18.0,18.0,18.0,17.0,20.0,17.0,20.0,64.0,64.0,62.0,62.0,20.72222222222222,62.3,20.599472222222218,16.0,0.9
2025-10-17 14:22:27+00:00,33.737956,-84.41915966135157,1307448046,97371,18.0,18.0,18.0,18.0,17.0,20.0,17.0,20.0,64.0,64.0,62.0,62.0,20.72222222222222,62.3,20.599472222222218,16.0,0.9
2025-10-17 14:22:28+00:00,33.737955865363354,-84.41917725082916,1307448046,97371,18.0,18.0,18.0,18.0,17.0,20.0,17.0,20.0,64.0,64.0,62.0,62.0,20.72222222222222,62.3,20.599472222222218,16.0,0.9
2025-10-17 14:22:29+00:00,33.73795541735533,-84.41919472314198,1307448046,97371,18.0,18.0,18.0,18.0,17.0,20.0,17.0,20.0,64.0,64.0,62.0,62.0,20.72222222222222,62.3,20.599472222222218,16.0,0.9
2025-10-17 14:22:30+00:00,33.737954927060024,-84.41921304231933,1307448046,97370,18.0,18.0,18.0,18.0,17.0,20.0,17.0,20.0,64.0,64.0,62.0,62.0,20.72222222222222,62.3,20.599472222222218,16.0,0.9
2025-10-17 14:22:31+00:00,33.73783778709446,-84.41933089840978,9277745,14754,18.0,18.0,18.0,18.0,17.0,20.0,17.0,20.0,64.0,64.0,62.0,62.0,20.666666666666668,62.6,20.545055555555553,16.0,0.0
2025-10-17 14:22:32+00:00,33.73783806377043,-84.41933090230663,9277745,14754,18.0,18.0,18.0,18.0,17.0,20.0,17.0,20.0,64.0,64.0,62.0,62.0,20.666666666666668,62.6,20.545055555555553,16.0,0.0
2025-10-17 14:22:33+00:00,33.73783995917193,-84.41933092900243,9277745,14754,18.0,18.0,18.0,18.0,17.0,20.0,17.0,20.0,64.0,64.0,62.0,62.0,20.666666666666668,62.6,20.545055555555553,16.0,0.0
2025-10-17 14:22:34+00:00,33.73784540062171,-84.419331,9277745,14754,18.0,18.0,18.0,18.0,17.0,20.0,17.0,20.0,64.0,64.0,62.0,62.0,20.666666666666668,62.6,20.545055555555553,16.0,0.0
2025-10-17 14:22:35+00:00,33.73785112720495,-84.419331,9277745,14754,18.0,18.0,18.0,18.0,17.0,20.0,17.0,20.0,64.0,64.0,62.0,62.0,20.666666666666668,62.6,20.545055555555553,16.0,0.0
2025-10-17 14:22:36+00:00,33.73785618206872,-84.419331,9277745,14754,18.0,18.0,18.0,18.0,17.0,20.0,17.0,20.0,64.0,64.0,62.0,62.0,20.555555555555557,63.1,20.434916666666666,15.88888888888889,1.9
2025-10-17 14:22:37+00:00,33.73785987739394,-84.419331,9277745,14754,18.0,18.0,18.0,18.0,17.0,20.0,17.0,20.0,64.0,64.0,62.0,62.0,20.555555555555557,63.1,20.434916666666666,15.88888888888889,1.9
2025-10-17 14:22:38+00:00,33.73786341699522,-84.419331,9277745,14754,19.5,19.5,19.5,19.5,18.0,19.0,18.0,19.0,67.0,67.0,64.0,64.0,20.555555555555557,63.1,20.434916666666666,15.88888888888889,1.9
2025-10-17 14:22:39+00:00,33.73786865286907,-84.419331,9277745,14754,19.5,19.5,19.5,19.5,18.0,19.0,18.0,19.0,67.0,67.0,64.0,64.0,20.555555555555557,63.1,20.434916666666666,15.88888888888889,1.9
2025-10-17 14:22:40+00:00,33.73787121177073,-84.419331,9277745,14754,19.5,19.5,19.5,19.5,18.0,19.0,18.0,19.0,67.0,67.0,64.0,64.0,20.555555555555557,63.1,20.434916666666666,15.88888888888889,1.9
2025-10-17 14:22:41+00:00,33.737871423552065,-84.419331,9277745,14754,19.5,19.5,19.5,19.5,18.0,19.0,18.0,19.0,67.0,67.0,64.0,64.0,20.500000000000004,63.3,20.379194444444447,15.88888888888889,1.2
2025-10-17 14:22:42+00:00,33.737952,-84.41942202371908,1307448046,97369,19.5,19.5,19.5,19.5,18.0,19.0,18.0,19.0,67.0,67.0,64.0,64.0,20.500000000000004,63.3,20.379194444444447,15.88888888888889,1.2
2025-10-17 14:22:43+00:00,33.737952,-84.41943669297473,1307448046,97369,19.5,19.5,19.5,19.5,18.0,19.0,18.0,19.0,67.0,67.0,64.0,64.0,20.500000000000004,63.3,20.379194444444447,15.88888888888889,1.2
2025-10-17 14:22:44+00:00,33.737952,-84.4194510483307,1307448046,97369,19.5,19.5,19.5,19.5,18.0,19.0,18.0,19.0,67.0,67.0,64.0,64.0,20.500000000000004,63.3,20.379194444444447,15.88888888888889,1.2
2025-10-17 14:22:45+00:00,33.737952,-84.41946408777957,1307448046,97369,19.5,19.5,19.5,19.5,18.0,19.0,18.0,19.0,67.0,67.0,64.0,64.0,20.500000000000004,63.3,20.379194444444447,15.88888888888889,1.2
2025-10-17 14:22:46+00:00,33.737952,-84.41947651563953,1307448046,97369,19.5,19.5,19.5,19.5,18.0,19.0,18.0,19.0,67.0,67.0,64.0,64.0,20.500000000000004,63.7,20.38441666666667,16.0,0.9
2025-10-17 14:22:47+00:00,33.737952,-84.41948790381343,1307448046,97369,19.5,19.5,19.5,19.5,18.0,19.0,18.0,19.0,67.0,67.0,64.0,64.0,20.500000000000004,63.7,20.38441666666667,16.0,0.9
2025-10-17 14:22:48+00:00,33.737952,-84.41949921253737,1307448046,97369,19.5,19.5,19.5,19.5,18.0,19.0,18.0,19.0,67.0,67.0,64.0,64.0,20.500000000000004,63.7,20.38441666666667,16.0,0.9
2025-10-17 14:22:49+00:00,33.737952,-84.41951168475107,1307448046,97369,19.5,19.5,19.5,19.5,18.0,19.0,18.0,19.0,67.0,67.0,64.0,64.0,20.500000000000004,63.7,20.38441666666667,16.0,0.9
2025-10-17 14:22:50+00:00,33.737952,-84.41952637800223,1307448046,97369,19.5,19.5,19.5,19.5,18.0,19.0,18.0,19.0,67.0,67.0,64.0,64.0,20.500000000000004,63.7,20.38441666666667,16.0,0.9
2025-10-17 14:22:51+00:00,33.737952,-84.41954036725576,1307448046,97369,19.5,19.5,19.5,19.5,18.0,19.0,18.0,19.0,67.0,67.0,64.0,64.0,20.500000000000004,63.8,20.38572222222222,16.0,1.1
2025-10-17 14:22:52+00:00,33.737952,-84.41955483019089,1307448046,97369,19.5,19.5,19.5,19.5,18.0,19.0,18.0,19.0,67.0,67.0,64.0,64.0,20.500000000000004,63.8,20.38572222222222,16.0,1.1
2025-10-17 14:22:53+00:00,33.737952,-84.41957622939798,1307448046,97369,18.0,18.0,18.0,18.0,18.0,18.5,18.0,18.5,64.0,64.0,64.0,64.0,20.500000000000004,63.8,20.38572222222222,16.0,1.1
2025-10-17 14:22:54+00:00,33.737952,-84.41959910025115,1307448046,97369,18.0,18.0,18.0,18.0,18.0,18.5,18.0,18.5,64.0,64.0,64.0,64.0,20.500000000000004,63.8,20.38572222222222,16.0,1.1
2025-10-17 14:22:55+00:00,33.737952,-84.41962047351616,1307448046,97369,18.0,18.0,18.0,18.0,18.0,18.5,18.0,18.5,64.0,64.0,64.0,64.0,20.500000000000004,63.8,20.38572222222222,16.0,1.1
2025-10-17 14:22:56+00:00,33.737952,-84.41963945739674,1307448046,97369,18.0,18.0,18.0,18.0,18.0,18.5,18.0,18.5,64.0,64.0,64.0,64.0,20.444444444444443,63.8,20.327388888888894,16.0,0.9
2025-10-17 14:22:57+00:00,33.737952,-84.41965599244836,1307448046,97369,18.0,18.0,18.0,18.0,18.0,18.5,18.0,18.5,64.0,64.0,64.0,64.0,20.444444444444443,63.8,20.327388888888894,16.0,0.9
2025-10-17 14:22:58+00:00,33.737952,-84.41966885807197,1307448046,97369,18.0,18.0,18.0,18.0,18.0,18.5,18.0,18.5,64.0,64.0,64.0,64.0,20.444444444444443,63.8,20.327388888888894,16.0,0.9
2025-10-17 14:22:59+00:00,33.737952,-84.419678430545,1307448046,97369,18.0,18.0,18.0,18.0,18.0,18.5,18.0,18.5,64.0,64.0,64.0,64.0,20.444444444444443,63.8,20.327388888888894,16.0,0.9
2025-10-17 14:23:01+00:00,33.737952,-84.41969635585939,1307448046,97369,18.0,18.0,18.0,18.0,18.0,18.5,18.0,18.5,64.0,64.0,64.0,64.0,20.444444444444443,63.7,20.326083333333333,15.88888888888889,0.9
2025-10-17 14:23:02+00:00,33.737952,-84.41970716639698,1307448046,97369,18.0,18.0,18.0,18.0,18.0,18.5,18.0,18.5,64.0,64.0,64.0,64.0,20.444444444444443,63.7,20.326083333333333,15.88888888888889,0.9
2025-10-17 14:23:03+00:00,33.737952,-84.41971980361932,1307448046,97369,18.0,18.0,18.0,18.0,18.0,18.5,18.0,18.5,64.0,64.0,64.0,64.0,20.444444444444443,63.7,20.326083333333333,15.88888888888889,0.9
2025-10-17 14:23:04+00:00,33.737952,-84.41973439580494,1307448046,97369,18.0,18.0,18.0,18.0,18.0,18.5,18.0,18.5,64.0,64.0,64.0,64.0,20.444444444444443,63.7,20.326083333333333,15.88888888888889,0.9
2025-10-17 14:23:05+00:00,33.737952,-84.4197502671981,1307448046,97369,18.0,18.0,18.0,18.0,18.0,18.5,18.0,18.5,64.0,64.0,64.0,64.0,20.444444444444443,63.7,20.326083333333333,15.88888888888889,0.9
2025-10-17 14:23:06+00:00,33.737952,-84.4197664379062,1307448046,97369,18.0,18.0,18.0,18.0,18.0,18.5,18.0,18.5,64.0,64.0,64.0,64.0,20.38888888888889,63.7,20.267749999999996,15.88888888888889,0.9
2025-10-17 14:23:07+00:00,33.737952,-84.41978259658741,1307448046,97369,18.0,18.0,18.0,18.0,18.0,18.5,18.0,18.5,64.0,64.0,64.0,64.0,20.38888888888889,63.7,20.267749999999996,15.88888888888889,0.9
2025-10-17 14:23:08+00:00,33.737952,-84.41979922583624,1307448046,97369,17.0,17.0,17.0,17.0,18.0,21.0,18.0,21.0,62.0,62.0,64.0,64.0,20.38888888888889,63.7,20.267749999999996,15.88888888888889,0.9
2025-10-17 14:23:09+00:00,33.737952,-84.41981903194636,1307448046,97369,17.0,17.0,17.0,17.0,18.0,21.0,18.0,21.0,62.0,62.0,64.0,64.0,20.38888888888889,63.7,20.267749999999996,15.88888888888889,0.9
2025-10-17 14:23:10+00:00,33.737952,-84.41984077996786,1307448046,97369,17.0,17.0,17.0,17.0,18.0,21.0,18.0,21.0,62.0,62.0,64.0,64.0,20.38888888888889,63.7,20.267749999999996,15.88888888888889,0.9
2025-10-17 14:23:11+00:00,33.737952,-84.41986307352136,1307448046,97369,17.0,17.0,17.0,17.0,18.0,21.0,18.0,21.0,62.0,62.0,64.0,64.0,20.33333333333333,63.7,20.209416666666662,15.88888888888889,1.4
2025-10-17 14:23:12+00:00,33.73795228165327,-84.41987963306548,1307448046,97369,17.0,17.0,17.0,17.0,18.0,21.0,18.0,21.0,62.0,62.0,64.0,64.0,20.33333333333333,63.7,20.209416666666662,15.88888888888889,1.4
2025-10-17 14:23:13+00:00,33.737953,-84.419894,1307448046,97369,17.0,17.0,17.0,17.0,18.0,21.0,18.0,21.0,62.0,62.0,64.0,64.0,20.33333333333333,63.7,20.209416666666662,15.88888888888889,1.4
2025-10-17 14:23:14+00:00,33.73795443190536,-84.41990992994711,1307448046,97368,17.0,17.0,17.0,17.0,18.0,21.0,18.0,21.0,62.0,62.0,64.0,64.0,20.33333333333333,63.7,20.209416666666662,15.88888888888889,1.4
2025-10-17 14:23:15+00:00,33.73795590536192,-84.41992632215137,1307448046,97368,17.0,17.0,17.0,17.0,18.0,21.0,18.0,21.0,62.0,62.0,64.0,64.0,20.33333333333333,63.7,20.209416666666662,15.88888888888889,1.4
2025-10-17 14:23:16+00:00,33.73795730445262,-84.41994188703542,1307448046,97368,17.0,17.0,17.0,17.0,18.0,21.0,18.0,21.0,62.0,62.0,64.0,64.0,20.33333333333333,63.9,20.212027777777774,15.88888888888889,1.7
2025-10-17 14:23:17+00:00,33.73795868051944,-84.41995719577879,1307448046,97368,17.0,17.0,17.0,17.0,18.0,21.0,18.0,21.0,62.0,62.0,64.0,64.0,20.33333333333333,63.9,20.212027777777774,15.88888888888889,1.7
2025-10-17 14:23:18+00:00,33.7379601607221,-84.41997366303339,1307448046,97368,17.0,17.0,17.0,17.0,18.0,21.0,18.0,21.0,62.0,62.0,64.0,64.0,20.33333333333333,63.9,20.212027777777774,15.88888888888889,1.7
2025-10-17 14:23:19+00:00,33.73796115685822,-84.41998737250942,1307448046,97368,17.0,17.0,17.0,17.0,18.0,21.0,18.0,21.0,62.0,62.0,64.0,64.0,20.33333333333333,63.9,20.212027777777774,15.88888888888889,1.7
2025-10-17 14:23:20+00:00,33.73796293191358,-84.42000290424379,1307448046,97368,17.0,17.0,17.0,17.0,18.0,21.0,18.0,21.0,62.0,62.0,64.0,64.0,20.33333333333333,63.9,20.212027777777774,15.88888888888889,1.7
2025-10-17 14:23:21+00:00,33.73796482327244,-84.42001945363386,1307448046,97368,17.0,17.0,17.0,17.0,18.0,21.0,18.0,21.0,62.0,62.0,64.0,64.0,20.38888888888889,64.0,20.27166666666667,16.0,1.5
2025-10-17 14:23:22+00:00,33.73796636920491,-84.42003788686051,1307448046,97368,17.0,17.0,17.0,17.0,18.0,21.0,18.0,21.0,62.0,62.0,64.0,64.0,20.38888888888889,64.0,20.27166666666667,16.0,1.5
2025-10-17 14:23:23+00:00,33.73796766767577,-84.42005390133444,1307448046,97368,16.0,16.0,16.0,16.0,18.0,21.0,18.0,21.0,60.0,60.0,64.0,64.0,20.38888888888889,64.0,20.27166666666667,16.0,1.5
2025-10-17 14:23:24+00:00,33.73796953079118,-84.42006954642463,1307448046,97368,16.0,16.0,16.0,16.0,18.0,21.0,18.0,21.0,60.0,60.0,64.0,64.0,20.38888888888889,64.0,20.27166666666667,16.0,1.5
2025-10-17 14:23:25+00:00,33.73797088466837,-84.42008624424327,1307448046,97368,16.0,16.0,16.0,16.0,18.0,21.0,18.0,21.0,60.0,60.0,64.0,64.0,20.38888888888889,64.0,20.27166666666667,16.0,1.5
2025-10-17 14:23:26+00:00,33.737972,-84.4201,1307448046,97368,16.0,16.0,16.0,16.0,18.0,21.0,18.0,21.0,60.0,60.0,64.0,64.0,20.500000000000004,64.0,20.38833333333334,16.11111111111111,0.8
2025-10-17 14:23:27+00:00,33.737973864118906,-84.42011650530794,1307448046,97368,16.0,16.0,16.0,16.0,18.0,21.0,18.0,21.0,60.0,60.0,64.0,64.0,20.500000000000004,64.0,20.38833333333334,16.11111111111111,0.8
2025-10-17 14:23:28+00:00,33.737974891060205,-84.42012869272246,1307448046,97368,16.0,16.0,16.0,16.0,18.0,21.0,18.0,21.0,60.0,60.0,64.0,64.0,20.500000000000004,64.0,20.38833333333334,16.11111111111111,0.8
2025-10-17 14:23:29+00:00,33.73797586190961,-84.42013948100572,1307448046,97368,16.0,16.0,16.0,16.0,18.0,21.0,18.0,21.0,60.0,60.0,64.0,64.0,20.500000000000004,64.0,20.38833333333334,16.11111111111111,0.8
2025-10-17 14:23:30+00:00,33.73797690932948,-84.42015100262434,1307448046,97368,16.0,16.0,16.0,16.0,18.0,21.0,18.0,21.0,60.0,60.0,64.0,64.0,20.500000000000004,64.0,20.38833333333334,16.11111111111111,0.8
2025-10-17 14:23:31+00:00,33.73797793154563,-84.42016224700194,1307448046,97368,16.0,16.0,16.0,16.0,18.0,21.0,18.0,21.0,60.0,60.0,64.0,64.0,20.555555555555557,64.1,20.44797222222222,16.11111111111111,1.1
2025-10-17 14:23:32+00:00,33.73797900585969,-84.42017406445663,1307448046,97368,16.0,16.0,16.0,16.0,18.0,21.0,18.0,21.0,60.0,60.0,64.0,64.0,20.555555555555557,64.1,20.44797222222222,16.11111111111111,1.1
2025-10-17 14:23:33+00:00,33.73798013381063,-84.42018647191696,1307448046,97368,16.0,16.0,16.0,16.0,18.0,21.0,18.0,21.0,60.0,60.0,64.0,64.0,20.555555555555557,64.1,20.44797222222222,16.11111111111111,1.1
2025-10-17 14:23:34+00:00,33.7379814155092,-84.42020057060128,1307448046,97368,16.0,16.0,16.0,16.0,18.0,21.0,18.0,21.0,60.0,60.0,64.0,64.0,20.555555555555557,64.1,20.44797222222222,16.11111111111111,1.1
2025-10-17 14:23:35+00:00,33.73798285871473,-84.42021644586207,1307448046,97368,16.0,16.0,16.0,16.0,18.0,21.0,18.0,21.0,60.0,60.0,64.0,64.0,20.555555555555557,64.1,20.44797222222222,16.11111111111111,1.1
2025-10-17 14:23:36+00:00,33.737984,-84.420229,1307448046,97368,16.0,16.0,16.0,16.0,18.0,21.0,18.0,21.0,60.0,60.0,64.0,64.0,20.555555555555557,64.1,20.44797222222222,16.11111111111111,0.0
2025-10-17 14:23:37+00:00,33.737986213960916,-84.42024616287733,1307448046,97368,16.0,16.0,16.0,16.0,18.0,21.0,18.0,21.0,60.0,60.0,64.0,64.0,20.555555555555557,64.1,20.44797222222222,16.11111111111111,0.0
2025-10-17 14:23:38+00:00,33.73798746434074,-84.42026075064193,1307448046,97368,17.0,18.0,17.0,18.0,19.0,20.0,19.0,20.0,62.0,62.0,66.0,66.0,20.555555555555557,64.1,20.44797222222222,16.11111111111111,0.0
2025-10-17 14:23:39+00:00,33.737988620157154,-84.42027278813342,1307448046,97368,17.0,18.0,17.0,18.0,19.0,20.0,19.0,20.0,62.0,62.0,66.0,66.0,20.555555555555557,64.1,20.44797222222222,16.11111111111111,0.0
2025-10-17 14:23:40+00:00,33.73799002100716,-84.42028586273345,1307448046,97368,17.0,18.0,17.0,18.0,19.0,20.0,19.0,20.0,62.0,62.0,66.0,66.0,20.555555555555557,64.1,20.44797222222222,16.11111111111111,0.0
2025-10-17 14:23:41+00:00,33.73799127975386,-84.42029779753854,1307448046,97368,17.0,18.0,17.0,18.0,19.0,20.0,19.0,20.0,62.0,62.0,66.0,66.0,20.500000000000004,63.9,20.38702777777778,16.0,0.7
2025-10-17 14:23:43+00:00,33.73799336328561,-84.42032026764132,1307448046,97368,17.0,18.0,17.0,18.0,19.0,20.0,19.0,20.0,62.0,62.0,66.0,66.0,20.500000000000004,63.9,20.38702777777778,16.0,0.7
2025-10-17 14:23:44+00:00,33.737994222367256,-84.42033272432518,1307448046,97368,17.0,18.0,17.0,18.0,19.0,20.0,19.0,20.0,62.0,62.0,66.0,66.0,20.500000000000004,63.9,20.38702777777778,16.0,0.7
2025-10-17 14:23:45+00:00,33.737995,-84.420344,1307448046,97368,17.0,18.0,17.0,18.0,19.0,20.0,19.0,20.0,62.0,62.0,66.0,66.0,20.500000000000004,63.9,20.38702777777778,16.0,0.7
2025-10-17 14:23:46+00:00,33.73799613088764,-84.42035743976396,1307448046,97368,17.0,18.0,17.0,18.0,19.0,20.0,19.0,20.0,62.0,62.0,66.0,66.0,20.444444444444443,63.7,20.326083333333333,15.88888888888889,0.9
2025-10-17 14:23:47+00:00,33.7379976428607,-84.42037354549076,1307448046,97368,17.0,18.0,17.0,18.0,19.0,20.0,19.0,20.0,62.0,62.0,66.0,66.0,20.444444444444443,63.7,20.326083333333333,15.88888888888889,0.9
2025-10-17 14:23:48+00:00,33.737999071373395,-84.42038809034727,1307448046,97368,17.0,18.0,17.0,18.0,19.0,20.0,19.0,20.0,62.0,62.0,66.0,66.0,20.444444444444443,63.7,20.326083333333333,15.88888888888889,0.9
2025-10-17 14:23:49+00:00,33.738000319950615,-84.42040080313349,1307448046,97368,17.0,18.0,17.0,18.0,19.0,20.0,19.0,20.0,62.0,62.0,66.0,66.0,20.444444444444443,63.7,20.326083333333333,15.88888888888889,0.9
2025-10-17 14:23:50+00:00,33.737937,-84.420498,9257224,6059,17.0,18.0,17.0,18.0,19.0,20.0,19.0,20.0,62.0,62.0,66.0,66.0,20.444444444444443,63.7,20.326083333333333,15.88888888888889,0.9
2025-10-17 14:23:51+00:00,33.737937,-84.420498,9257224,6059,17.0,18.0,17.0,18.0,19.0,20.0,19.0,20.0,62.0,62.0,66.0,66.0,20.444444444444443,63.7,20.326083333333333,16.0,0.0
2025-10-17 14:23:52+00:00,33.737937,-84.420498,9257224,6059,17.0,18.0,17.0,18.0,19.0,20.0,19.0,20.0,62.0,62.0,66.0,66.0,20.444444444444443,63.7,20.326083333333333,16.0,0.0
2025-10-17 14:23:53+00:00,33.737937,-84.420498,9257224,6059,18.0,18.0,18.0,18.0,19.0,19.0,19.0,19.0,64.0,64.0,66.0,66.0,20.444444444444443,63.7,20.326083333333333,16.0,0.0
2025-10-17 14:23:54+00:00,33.737937,-84.420498,9257224,6059,18.0,18.0,18.0,18.0,19.0,19.0,19.0,19.0,64.0,64.0,66.0,66.0,20.444444444444443,63.7,20.326083333333333,16.0,0.0
2025-10-17 14:23:55+00:00,33.737937,-84.420498,9257224,6059,18.0,18.0,18.0,18.0,19.0,19.0,19.0,19.0,64.0,64.0,66.0,66.0,20.444444444444443,63.7,20.326083333333333,16.0,0.0
2025-10-17 14:23:56+00:00,33.73794107192403,-84.420498,9257224,6059,18.0,18.0,18.0,18.0,19.0,19.0,19.0,19.0,64.0,64.0,66.0,66.0,20.500000000000004,64.0,20.38833333333334,16.11111111111111,1.2
2025-10-17 14:23:57+00:00,33.737946832506445,-84.420498,9257224,6059,18.0,18.0,18.0,18.0,19.0,19.0,19.0,19.0,64.0,64.0,66.0,66.0,20.500000000000004,64.0,20.38833333333334,16.11111111111111,1.2
2025-10-17 14:23:58+00:00,33.737951209036865,-84.420498,9257224,6059,18.0,18.0,18.0,18.0,19.0,19.0,19.0,19.0,64.0,64.0,66.0,66.0,20.500000000000004,64.0,20.38833333333334,16.11111111111111,1.2
2025-10-17 14:23:59+00:00,33.738019491775276,-84.4205759232359,1307448046,97367,18.0,18.0,18.0,18.0,19.0,19.0,19.0,19.0,64.0,64.0,66.0,66.0,20.500000000000004,64.0,20.38833333333334,16.11111111111111,1.2
2025-10-17 14:24:00+00:00,33.73802104164168,-84.4205902082084,1307448046,97367,18.0,18.0,18.0,18.0,19.0,19.0,19.0,19.0,64.0,64.0,66.0,66.0,20.500000000000004,64.0,20.38833333333334,16.11111111111111,1.2
2025-10-17 14:24:01+00:00,33.73802452018116,-84.42061583349764,1307448046,97367,18.0,18.0,18.0,18.0,19.0,19.0,19.0,19.0,64.0,64.0,66.0,66.0,20.611111111111107,64.1,20.506305555555556,16.22222222222222,0.9
2025-10-17 14:24:02+00:00,33.738026940037415,-84.4206358376426,1307448046,97367,18.0,18.0,18.0,18.0,19.0,19.0,19.0,19.0,64.0,64.0,66.0,66.0,20.611111111111107,64.1,20.506305555555556,16.22222222222222,0.9
2025-10-17 14:24:03+00:00,33.73802909197005,-84.42065362695243,1307448046,97367,18.0,18.0,18.0,18.0,19.0,19.0,19.0,19.0,64.0,64.0,66.0,66.0,20.611111111111107,64.1,20.506305555555556,16.22222222222222,0.9
2025-10-17 14:24:04+00:00,33.738031064547634,-84.42066993359379,1307448046,97367,18.0,18.0,18.0,18.0,19.0,19.0,19.0,19.0,64.0,64.0,66.0,66.0,20.611111111111107,64.1,20.506305555555556,16.22222222222222,0.9
2025-10-17 14:24:05+00:00,33.738032929129155,-84.42068534746768,1307448046,97367,18.0,18.0,18.0,18.0,19.0,19.0,19.0,19.0,64.0,64.0,66.0,66.0,20.611111111111107,64.1,20.506305555555556,16.22222222222222,0.9
2025-10-17 14:24:06+00:00,33.73803474497375,-84.4207003584497,1307448046,97367,18.0,18.0,18.0,18.0,19.0,19.0,19.0,19.0,64.0,64.0,66.0,66.0,20.666666666666668,63.9,20.56202777777778,16.22222222222222,2.1
2025-10-17 14:24:07+00:00,33.738036458478355,-84.42071452342107,1307448046,97367,18.0,18.0,18.0,18.0,19.0,19.0,19.0,19.0,64.0,64.0,66.0,66.0,20.666666666666668,63.9,20.56202777777778,16.22222222222222,2.1
2025-10-17 14:24:08+00:00,33.738038425166465,-84.42072896822029,1307448046,97367,17.0,17.0,17.0,17.0,18.0,18.0,18.0,18.0,62.0,62.0,64.0,64.0,20.666666666666668,63.9,20.56202777777778,16.22222222222222,2.1
2025-10-17 14:24:09+00:00,33.73804011031407,-84.42074469626462,1307448046,97367,17.0,17.0,17.0,17.0,18.0,18.0,18.0,18.0,62.0,62.0,64.0,64.0,20.666666666666668,63.9,20.56202777777778,16.22222222222222,2.1
2025-10-17 14:24:10+00:00,33.73804192261285,-84.42076038090279,1307448046,97367,17.0,17.0,17.0,17.0,18.0,18.0,18.0,18.0,62.0,62.0,64.0,64.0,20.666666666666668,63.9,20.56202777777778,16.22222222222222,2.1
2025-10-17 14:24:11+00:00,33.7380440054958,-84.42077779808827,1307448046,97367,17.0,17.0,17.0,17.0,18.0,18.0,18.0,18.0,62.0,62.0,64.0,64.0,20.666666666666668,63.9,20.56202777777778,16.22222222222222,1.0
2025-10-17 14:24:12+00:00,33.73804590817795,-84.4207944465571,1307448046,97367,17.0,17.0,17.0,17.0,18.0,18.0,18.0,18.0,62.0,62.0,64.0,64.0,20.666666666666668,63.9,20.56202777777778,16.22222222222222,1.0
2025-10-17 14:24:13+00:00,33.73804756785059,-84.42080769102887,1307448046,97367,17.0,17.0,17.0,17.0,18.0,18.0,18.0,18.0,62.0,62.0,64.0,64.0,20.666666666666668,63.9,20.56202777777778,16.22222222222222,1.0
2025-10-17 14:24:14+00:00,33.73804989932507,-84.42082284561295,1307448046,97367,17.0,17.0,17.0,17.0,18.0,18.0,18.0,18.0,62.0,62.0,64.0,64.0,20.666666666666668,63.9,20.56202777777778,16.22222222222222,1.0
2025-10-17 14:24:15+00:00,33.73805120566717,-84.42083955719427,1307448046,97367,17.0,17.0,17.0,17.0,18.0,18.0,18.0,18.0,62.0,62.0,64.0,64.0,20.666666666666668,63.9,20.56202777777778,16.22222222222222,1.0
2025-10-17 14:24:16+00:00,33.7380532602871,-84.42085511360234,1307448046,97367,17.0,17.0,17.0,17.0,18.0,18.0,18.0,18.0,62.0,62.0,64.0,64.0,20.833333333333332,64.4,20.74355555555556,16.38888888888889,0.8
2025-10-17 14:24:17+00:00,33.738055296386825,-84.42087052978594,1307448046,97367,17.0,17.0,17.0,17.0,18.0,18.0,18.0,18.0,62.0,62.0,64.0,64.0,20.833333333333332,64.4,20.74355555555556,16.38888888888889,0.8
2025-10-17 14:24:18+00:00,33.7380574271424,-84.42088666264958,1307448046,97367,17.0,17.0,17.0,17.0,18.0,18.0,18.0,18.0,62.0,62.0,64.0,64.0,20.833333333333332,64.4,20.74355555555556,16.38888888888889,0.8
2025-10-17 14:24:19+00:00,33.7380594693424,-84.42090308125977,1307448046,97366,17.0,17.0,17.0,17.0,18.0,18.0,18.0,18.0,62.0,62.0,64.0,64.0,20.833333333333332,64.4,20.74355555555556,16.38888888888889,0.8
2025-10-17 14:24:20+00:00,33.7380612409685,-84.42091764796318,1307448046,97366,17.0,17.0,17.0,17.0,18.0,18.0,18.0,18.0,62.0,62.0,64.0,64.0,20.833333333333332,64.4,20.74355555555556,16.38888888888889,0.8
2025-10-17 14:24:21+00:00,33.73806292629698,-84.42093150510848,1307448046,97366,17.0,17.0,17.0,17.0,18.0,18.0,18.0,18.0,62.0,62.0,64.0,64.0,20.833333333333332,64.7,20.74747222222222,16.5,1.3
2025-10-17 14:24:22+00:00,33.73806447767244,-84.42094426086226,1307448046,97366,17.0,17.0,17.0,17.0,18.0,18.0,18.0,18.0,62.0,62.0,64.0,64.0,20.833333333333332,64.7,20.74747222222222,16.5,1.3
2025-10-17 14:24:23+00:00,33.73806593483765,-84.42095624199845,1307448046,97366,18.0,18.0,18.0,18.0,17.0,17.0,17.0,17.0,64.0,64.0,62.0,62.0,20.833333333333332,64.7,20.74747222222222,16.5,1.3
2025-10-17 14:24:24+00:00,33.7380671122043,-84.42096567322577,1307448046,97366,18.0,18.0,18.0,18.0,17.0,17.0,17.0,17.0,64.0,64.0,62.0,62.0,20.833333333333332,64.7,20.74747222222222,16.5,1.3
2025-10-17 14:24:25+00:00,33.73806943185807,-84.42098340943666,1307448046,97366,18.0,18.0,18.0,18.0,17.0,17.0,17.0,17.0,64.0,64.0,62.0,62.0,20.833333333333332,64.7,20.74747222222222,16.5,1.3
2025-10-17 14:24:26+00:00,33.73807122091228,-84.420999061848,1307448046,97366,18.0,18.0,18.0,18.0,17.0,17.0,17.0,17.0,64.0,64.0,62.0,62.0,20.944444444444443,64.8,20.865444444444435,16.61111111111111,0.8
2025-10-17 14:24:27+00:00,33.738072958461984,-84.42101527897853,1307448046,97366,18.0,18.0,18.0,18.0,17.0,17.0,17.0,17.0,64.0,64.0,62.0,62.0,20.944444444444443,64.8,20.865444444444435,16.61111111111111,0.8
2025-10-17 14:24:28+00:00,33.738074595087966,-84.42102946315973,1307448046,97366,18.0,18.0,18.0,18.0,17.0,17.0,17.0,17.0,64.0,64.0,62.0,62.0,20.944444444444443,64.8,20.865444444444435,16.61111111111111,0.8
2025-10-17 14:24:29+00:00,33.73807669889191,-84.42104559113531,1307448046,97366,18.0,18.0,18.0,18.0,17.0,17.0,17.0,17.0,64.0,64.0,62.0,62.0,20.944444444444443,64.8,20.865444444444435,16.61111111111111,0.8
2025-10-17 14:24:30+00:00,33.7380788138791,-84.42106251103283,1307448046,97366,18.0,18.0,18.0,18.0,17.0,17.0,17.0,17.0,64.0,64.0,62.0,62.0,20.944444444444443,64.8,20.865444444444435,16.61111111111111,0.8
2025-10-17 14:24:31+00:00,33.738081,-84.421081,1307448046,97366,18.0,18.0,18.0,18.0,17.0,17.0,17.0,17.0,64.0,64.0,62.0,62.0,20.944444444444443,64.6,20.862833333333334,16.61111111111111,1.2
2025-10-17 14:24:32+00:00,33.73808330909442,-84.42109901093644,1307448046,97366,18.0,18.0,18.0,18.0,17.0,17.0,17.0,17.0,64.0,64.0,62.0,62.0,20.944444444444443,64.6,20.862833333333334,16.61111111111111,1.2
2025-10-17 14:24:33+00:00,33.73808562347977,-84.4211170631422,1307448046,97366,18.0,18.0,18.0,18.0,17.0,17.0,17.0,17.0,64.0,64.0,62.0,62.0,20.944444444444443,64.6,20.862833333333334,16.61111111111111,1.2
2025-10-17 14:24:34+00:00,33.73808791644205,-84.42113494824795,1307448046,97366,18.0,18.0,18.0,18.0,17.0,17.0,17.0,17.0,64.0,64.0,62.0,62.0,20.944444444444443,64.6,20.862833333333334,16.61111111111111,1.2
2025-10-17 14:24:35+00:00,33.73809026350461,-84.42115325533597,1307448046,97366,18.0,18.0,18.0,18.0,17.0,17.0,17.0,17.0,64.0,64.0,62.0,62.0,20.944444444444443,64.6,20.862833333333334,16.61111111111111,1.2
2025-10-17 14:24:36+00:00,33.73809267135508,-84.42117203656969,1307448046,97366,18.0,18.0,18.0,18.0,17.0,17.0,17.0,17.0,64.0,64.0,62.0,62.0,21.11111111111111,64.3,21.03391666666667,16.61111111111111,0.8
2025-10-17 14:24:37+00:00,33.738094949195606,-84.42118980372575,1307448046,97366,18.0,18.0,18.0,18.0,17.0,17.0,17.0,17.0,64.0,64.0,62.0,62.0,21.11111111111111,64.3,21.03391666666667,16.61111111111111,0.8
2025-10-17 14:24:38+00:00,33.73809647106158,-84.42120823955422,1307448046,97365,20.0,20.0,20.0,20.0,16.0,16.0,16.0,16.0,68.0,68.0,60.0,60.0,21.11111111111111,64.3,21.03391666666667,16.61111111111111,0.8
2025-10-17 14:24:39+00:00,33.73809811489189,-84.42122174679729,1307448046,97364,20.0,20.0,20.0,20.0,16.0,16.0,16.0,16.0,68.0,68.0,60.0,60.0,21.11111111111111,64.3,21.03391666666667,16.61111111111111,0.8
2025-10-17 14:24:40+00:00,33.73810057861223,-84.42123940038078,1307448046,97364,20.0,20.0,20.0,20.0,16.0,16.0,16.0,16.0,68.0,68.0,60.0,60.0,21.11111111111111,64.3,21.03391666666667,16.61111111111111,0.8
2025-10-17 14:24:41+00:00,33.73810220259618,-84.42125455756434,1307448046,97364,20.0,20.0,20.0,20.0,16.0,16.0,16.0,16.0,68.0,68.0,60.0,60.0,21.27777777777778,64.4,21.21022222222222,16.77777777777778,1.3
2025-10-17 14:24:42+00:00,33.738103691606405,-84.42126787865442,1307448046,97364,20.0,20.0,20.0,20.0,16.0,16.0,16.0,16.0,68.0,68.0,60.0,60.0,21.27777777777778,64.4,21.21022222222222,16.77777777777778,1.3
2025-10-17 14:24:43+00:00,33.738105160572026,-84.4212801240042,1307448046,97364,20.0,20.0,20.0,20.0,16.0,16.0,16.0,16.0,68.0,68.0,60.0,60.0,21.27777777777778,64.4,21.21022222222222,16.77777777777778,1.3
2025-10-17 14:24:44+00:00,33.738107184008115,-84.4212942880568,1307448046,97364,20.0,20.0,20.0,20.0,16.0,16.0,16.0,16.0,68.0,68.0,60.0,60.0,21.27777777777778,64.4,21.21022222222222,16.77777777777778,1.3
2025-10-17 14:24:45+00:00,33.738109220729925,-84.42130854510947,1307448046,97364,20.0,20.0,20.0,20.0,16.0,16.0,16.0,16.0,68.0,68.0,60.0,60.0,21.27777777777778,64.4,21.21022222222222,16.77777777777778,1.3
2025-10-17 14:24:46+00:00,33.73811,-84.421317,1307448046,97364,20.0,20.0,20.0,20.0,16.0,16.0,16.0,16.0,68.0,68.0,60.0,60.0,21.333333333333336,64.4,21.268555555555555,16.77777777777778,1.1
2025-10-17 14:24:47+00:00,33.73811266612309,-84.4213349954339,1307448046,97364,20.0,20.0,20.0,20.0,16.0,16.0,16.0,16.0,68.0,68.0,60.0,60.0,21.333333333333336,64.4,21.268555555555555,16.77777777777778,1.1
2025-10-17 14:24:48+00:00,33.73811412369443,-84.42134723903318,1307448046,97364,20.0,20.0,20.0,20.0,16.0,16.0,16.0,16.0,68.0,68.0,60.0,60.0,21.333333333333336,64.4,21.268555555555555,16.77777777777778,1.1
2025-10-17 14:24:49+00:00,33.73811563932639,-84.42135997034165,1307448046,97364,20.0,20.0,20.0,20.0,16.0,16.0,16.0,16.0,68.0,68.0,60.0,60.0,21.333333333333336,64.4,21.268555555555555,16.77777777777778,1.1
2025-10-17 14:24:50+00:00,33.73811720014796,-84.42137308124288,1307448046,97364,20.0,20.0,20.0,20.0,16.0,16.0,16.0,16.0,68.0,68.0,60.0,60.0,21.333333333333336,64.4,21.268555555555555,16.77777777777778,1.1
2025-10-17 14:24:51+00:00,33.7381187601865,-84.42138618556658,1307448046,97364,20.0,20.0,20.0,20.0,16.0,16.0,16.0,16.0,68.0,68.0,60.0,60.0,21.27777777777778,64.2,21.20761111111111,16.77777777777778,2.2
2025-10-17 14:24:52+00:00,33.738120348569126,-84.42139952798061,1307448046,97364,20.0,20.0,20.0,20.0,16.0,16.0,16.0,16.0,68.0,68.0,60.0,60.0,21.27777777777778,64.2,21.20761111111111,16.77777777777778,2.2
2025-10-17 14:24:53+00:00,33.73812221141896,-84.42141517591925,1307448046,97364,20.0,20.0,20.0,20.0,17.0,17.5,17.0,17.5,68.0,68.0,62.0,62.0,21.27777777777778,64.2,21.20761111111111,16.77777777777778,2.2
2025-10-17 14:24:54+00:00,33.738124257881374,-84.4214323662035,1307448046,97364,20.0,20.0,20.0,20.0,17.0,17.5,17.0,17.5,68.0,68.0,62.0,62.0,21.27777777777778,64.2,21.20761111111111,16.77777777777778,2.2
2025-10-17 14:24:55+00:00,33.738126,-84.421447,1307448046,97364,20.0,20.0,20.0,20.0,17.0,17.5,17.0,17.5,68.0,68.0,62.0,62.0,21.27777777777778,64.2,21.20761111111111,16.77777777777778,2.2
2025-10-17 14:24:56+00:00,33.738128182863306,-84.42146687147483,1307448046,97363,20.0,20.0,20.0,20.0,17.0,17.5,17.0,17.5,68.0,68.0,62.0,62.0,21.27777777777778,63.5,21.198472222222225,16.72222222222222,2.0
2025-10-17 14:24:57+00:00,33.738130616185344,-84.42148292948275,1307448046,97362,20.0,20.0,20.0,20.0,17.0,17.5,17.0,17.5,68.0,68.0,62.0,62.0,21.27777777777778,63.5,21.198472222222225,16.72222222222222,2.0
2025-10-17 14:24:58+00:00,33.73813254734553,-84.42149837876427,1307448046,97362,20.0,20.0,20.0,20.0,17.0,17.5,17.0,17.5,68.0,68.0,62.0,62.0,21.27777777777778,63.5,21.198472222222225,16.72222222222222,2.0
2025-10-17 14:24:59+00:00,33.738134386445886,-84.42151586445884,1307448046,97362,20.0,20.0,20.0,20.0,17.0,17.5,17.0,17.5,68.0,68.0,62.0,62.0,21.27777777777778,63.5,21.198472222222225,16.72222222222222,2.0
2025-10-17 14:25:00+00:00,33.73813612569112,-84.42153128695178,1307448046,97362,20.0,20.0,20.0,20.0,17.0,17.5,17.0,17.5,68.0,68.0,62.0,62.0,21.27777777777778,63.5,21.198472222222225,16.72222222222222,2.0
2025-10-17 14:25:01+00:00,33.73813816937449,-84.42154814733955,1307448046,97362,20.0,20.0,20.0,20.0,17.0,17.5,17.0,17.5,68.0,68.0,62.0,62.0,21.27777777777778,63.3,21.195861111111107,16.61111111111111,1.9
2025-10-17 14:25:02+00:00,33.73814054646876,-84.42156437175011,1307448046,97362,20.0,20.0,20.0,20.0,17.0,17.5,17.0,17.5,68.0,68.0,62.0,62.0,21.27777777777778,63.3,21.195861111111107,16.61111111111111,1.9
2025-10-17 14:25:03+00:00,33.73814256287277,-84.42158123232278,1307448046,97362,20.0,20.0,20.0,20.0,17.0,17.5,17.0,17.5,68.0,68.0,62.0,62.0,21.27777777777778,63.3,21.195861111111107,16.61111111111111,1.9
2025-10-17 14:25:04+00:00,33.738144549620216,-84.42159805345115,1307448046,97362,20.0,20.0,20.0,20.0,17.0,17.5,17.0,17.5,68.0,68.0,62.0,62.0,21.27777777777778,63.3,21.195861111111107,16.61111111111111,1.9
2025-10-17 14:25:05+00:00,33.73814656949474,-84.42161515505546,1307448046,97362,20.0,20.0,20.0,20.0,17.0,17.5,17.0,17.5,68.0,68.0,62.0,62.0,21.27777777777778,63.3,21.195861111111107,16.61111111111111,1.9
2025-10-17 14:25:06+00:00,33.73814859790561,-84.42163232893415,1307448046,97362,20.0,20.0,20.0,20.0,17.0,17.5,17.0,17.5,68.0,68.0,62.0,62.0,21.333333333333336,63.6,21.258111111111113,16.72222222222222,2.1
2025-10-17 14:25:07+00:00,33.73815057162686,-84.4216490397741,1307448046,97362,20.0,20.0,20.0,20.0,17.0,17.5,17.0,17.5,68.0,68.0,62.0,62.0,21.333333333333336,63.6,21.258111111111113,16.72222222222222,2.1
2025-10-17 14:25:08+00:00,33.73815254115383,-84.42166571510248,1307448046,97362,18.0,18.0,18.0,18.0,16.0,18.0,16.0,18.0,64.0,64.0,60.0,60.0,21.333333333333336,63.6,21.258111111111113,16.72222222222222,2.1
2025-10-17 14:25:09+00:00,33.73815443573728,-84.42168175590896,1307448046,97362,18.0,18.0,18.0,18.0,16.0,18.0,16.0,18.0,64.0,64.0,60.0,60.0,21.333333333333336,63.6,21.258111111111113,16.72222222222222,2.1
2025-10-17 14:25:10+00:00,33.738156,-84.421695,1307448046,97362,18.0,18.0,18.0,18.0,16.0,18.0,16.0,18.0,64.0,64.0,60.0,60.0,21.333333333333336,63.6,21.258111111111113,16.72222222222222,2.1
2025-10-17 14:25:11+00:00,33.73815915649963,-84.42171525199704,1307448046,97362,18.0,18.0,18.0,18.0,16.0,18.0,16.0,18.0,64.0,64.0,60.0,60.0,21.333333333333336,63.8,21.26072222222222,16.77777777777778,1.9
2025-10-17 14:25:12+00:00,33.73816119305886,-84.42173214100026,1307448046,97362,18.0,18.0,18.0,18.0,16.0,18.0,16.0,18.0,64.0,64.0,60.0,60.0,21.333333333333336,63.8,21.26072222222222,16.77777777777778,1.9
2025-10-17 14:25:13+00:00,33.73816287644284,-84.42174623065343,1307448046,97362,18.0,18.0,18.0,18.0,16.0,18.0,16.0,18.0,64.0,64.0,60.0,60.0,21.333333333333336,63.8,21.26072222222222,16.77777777777778,1.9
2025-10-17 14:25:14+00:00,33.738164314241146,-84.42175809248943,1307448046,97362,18.0,18.0,18.0,18.0,16.0,18.0,16.0,18.0,64.0,64.0,60.0,60.0,21.333333333333336,63.8,21.26072222222222,16.77777777777778,1.9
2025-10-17 14:25:15+00:00,33.738165612263536,-84.42176880117417,1307448046,97362,18.0,18.0,18.0,18.0,16.0,18.0,16.0,18.0,64.0,64.0,60.0,60.0,21.333333333333336,63.8,21.26072222222222,16.77777777777778,1.9
2025-10-17 14:25:16+00:00,33.73816693473244,-84.42178010101449,1307448046,97362,18.0,18.0,18.0,18.0,16.0,18.0,16.0,18.0,64.0,64.0,60.0,60.0,21.166666666666664,63.5,21.081805555555555,16.61111111111111,2.0
2025-10-17 14:25:17+00:00,33.73816832544921,-84.42179215389316,1307448046,97362,18.0,18.0,18.0,18.0,16.0,18.0,16.0,18.0,64.0,64.0,60.0,60.0,21.166666666666664,63.5,21.081805555555555,16.61111111111111,2.0
2025-10-17 14:25:18+00:00,33.738169,-84.421801,1307448046,97362,18.0,18.0,18.0,18.0,16.0,18.0,16.0,18.0,64.0,64.0,60.0,60.0,21.166666666666664,63.5,21.081805555555555,16.61111111111111,2.0
2025-10-17 14:25:19+00:00,33.73817157101575,-84.42181678261812,1307448046,97362,18.0,18.0,18.0,18.0,16.0,18.0,16.0,18.0,64.0,64.0,60.0,60.0,21.166666666666664,63.5,21.081805555555555,16.61111111111111,2.0
2025-10-17 14:25:20+00:00,33.738173375147575,-84.42183115397481,1307448046,97362,18.0,18.0,18.0,18.0,16.0,18.0,16.0,18.0,64.0,64.0,60.0,60.0,21.166666666666664,63.5,21.081805555555555,16.61111111111111,2.0
2025-10-17 14:25:21+00:00,33.738175146243506,-84.42184551953065,1307448046,97362,18.0,18.0,18.0,18.0,16.0,18.0,16.0,18.0,64.0,64.0,60.0,60.0,21.22222222222222,62.8,21.130999999999997,16.5,1.1
2025-10-17 14:25:22+00:00,33.73817696510589,-84.42186027252558,1307448046,97362,18.0,18.0,18.0,18.0,16.0,18.0,16.0,18.0,64.0,64.0,60.0,60.0,21.22222222222222,62.8,21.130999999999997,16.5,1.1
2025-10-17 14:25:23+00:00,33.738178840511715,-84.4218754841506,1307448046,97362,17.5,18.0,17.5,18.0,15.0,17.0,15.0,17.0,63.0,63.0,57.0,57.0,21.22222222222222,62.8,21.130999999999997,16.5,1.1
2025-10-17 14:25:24+00:00,33.73818070568431,-84.42189061277276,1307448046,97362,17.5,18.0,17.5,18.0,15.0,17.0,15.0,17.0,63.0,63.0,57.0,57.0,21.22222222222222,62.8,21.130999999999997,16.5,1.1
2025-10-17 14:25:25+00:00,33.7381826130019,-84.42190622661555,1307448046,97361,17.5,18.0,17.5,18.0,15.0,17.0,15.0,17.0,63.0,63.0,57.0,57.0,21.22222222222222,62.8,21.130999999999997,16.5,1.1
2025-10-17 14:25:26+00:00,33.738184834636655,-84.4219244440206,1307448046,97361,17.5,18.0,17.5,18.0,15.0,17.0,15.0,17.0,63.0,63.0,57.0,57.0,21.333333333333336,62.8,21.247666666666667,16.72222222222222,0.9
2025-10-17 14:25:27+00:00,33.73818613957597,-84.42194083745586,1307448046,97361,17.5,18.0,17.5,18.0,15.0,17.0,15.0,17.0,63.0,63.0,57.0,57.0,21.333333333333336,62.8,21.247666666666667,16.72222222222222,0.9
2025-10-17 14:25:28+00:00,33.738189,-84.421966,1307448046,97360,17.5,18.0,17.5,18.0,15.0,17.0,15.0,17.0,63.0,63.0,57.0,57.0,21.333333333333336,62.8,21.247666666666667,16.72222222222222,0.9
2025-10-17 14:25:29+00:00,33.73819040514145,-84.42197396246824,1307448046,97360,17.5,18.0,17.5,18.0,15.0,17.0,15.0,17.0,63.0,63.0,57.0,57.0,21.333333333333336,62.8,21.247666666666667,16.72222222222222,0.9
2025-10-17 14:25:30+00:00,33.7381929472978,-84.42199215721209,1307448046,97360,17.5,18.0,17.5,18.0,15.0,17.0,15.0,17.0,63.0,63.0,57.0,57.0,21.333333333333336,62.8,21.247666666666667,16.72222222222222,0.9
2025-10-17 14:25:31+00:00,33.738194294555676,-84.42200518070487,1307448046,97360,17.5,18.0,17.5,18.0,15.0,17.0,15.0,17.0,63.0,63.0,57.0,57.0,21.5,63.3,21.429194444444448,16.77777777777778,0.8
2025-10-17 14:25:32+00:00,33.7381955635522,-84.4220163205669,1307448046,97359,17.5,18.0,17.5,18.0,15.0,17.0,15.0,17.0,63.0,63.0,57.0,57.0,21.5,63.3,21.429194444444448,16.77777777777778,0.8
2025-10-17 14:25:33+00:00,33.73819733473439,-84.42202989963032,1307448046,97359,17.5,18.0,17.5,18.0,15.0,17.0,15.0,17.0,63.0,63.0,57.0,57.0,21.5,63.3,21.429194444444448,16.77777777777778,0.8
2025-10-17 14:25:34+00:00,33.7381997411144,-84.42204592891518,1307448046,97359,17.5,18.0,17.5,18.0,15.0,17.0,15.0,17.0,63.0,63.0,57.0,57.0,21.5,63.3,21.429194444444448,16.77777777777778,0.8
2025-10-17 14:25:35+00:00,33.73820189421357,-84.4220631537085,1307448046,97359,17.5,18.0,17.5,18.0,15.0,17.0,15.0,17.0,63.0,63.0,57.0,57.0,21.5,63.3,21.429194444444448,16.77777777777778,0.8
2025-10-17 14:25:36+00:00,33.73820410273867,-84.42208179240411,1307448046,97359,17.5,18.0,17.5,18.0,15.0,17.0,15.0,17.0,63.0,63.0,57.0,57.0,21.555555555555557,63.5,21.49013888888889,16.77777777777778,0.0
2025-10-17 14:25:37+00:00,33.738206238402924,-84.42209986340934,1307448046,97359,17.5,18.0,17.5,18.0,15.0,17.0,15.0,17.0,63.0,63.0,57.0,57.0,21.555555555555557,63.5,21.49013888888889,16.77777777777778,0.0
2025-10-17 14:25:38+00:00,33.7382084832317,-84.42211885811443,1307448046,97359,18.0,18.0,18.0,18.0,16.0,16.0,16.0,16.0,64.0,64.0,60.0,60.0,21.555555555555557,63.5,21.49013888888889,16.77777777777778,0.0
2025-10-17 14:25:39+00:00,33.73821056783955,-84.42213649710393,1307448046,97359,18.0,18.0,18.0,18.0,16.0,16.0,16.0,16.0,64.0,64.0,60.0,60.0,21.555555555555557,63.5,21.49013888888889,16.77777777777778,0.0
2025-10-17 14:25:40+00:00,33.73821248897992,-84.42215275290701,1307448046,97359,18.0,18.0,18.0,18.0,16.0,16.0,16.0,16.0,64.0,64.0,60.0,60.0,21.555555555555557,63.5,21.49013888888889,16.77777777777778,0.0
2025-10-17 14:25:41+00:00,33.73821431502625,-84.42216820406827,1307448046,97359,18.0,18.0,18.0,18.0,16.0,16.0,16.0,16.0,64.0,64.0,60.0,60.0,21.611111111111114,63.4,21.54716666666667,16.88888888888889,0.0
2025-10-17 14:25:42+00:00,33.738216,-84.422184,1307448046,97358,18.0,18.0,18.0,18.0,16.0,16.0,16.0,16.0,64.0,64.0,60.0,60.0,21.611111111111114,63.4,21.54716666666667,16.88888888888889,0.0
2025-10-17 14:25:43+00:00,33.73821777174153,-84.42219935509327,1307448046,97358,18.0,18.0,18.0,18.0,16.0,16.0,16.0,16.0,64.0,64.0,60.0,60.0,21.611111111111114,63.4,21.54716666666667,16.88888888888889,0.0
2025-10-17 14:25:44+00:00,33.73821927530939,-84.42221220247515,1307448046,97358,18.0,18.0,18.0,18.0,16.0,16.0,16.0,16.0,64.0,64.0,60.0,60.0,21.611111111111114,63.4,21.54716666666667,16.88888888888889,0.0
2025-10-17 14:25:45+00:00,33.73822085921569,-84.42222470188239,1307448046,97358,18.0,18.0,18.0,18.0,16.0,16.0,16.0,16.0,64.0,64.0,60.0,60.0,21.611111111111114,63.4,21.54716666666667,16.88888888888889,0.0
2025-10-17 14:25:46+00:00,33.73822256578442,-84.42223801311847,1307448046,97358,18.0,18.0,18.0,18.0,16.0,16.0,16.0,16.0,64.0,64.0,60.0,60.0,21.666666666666668,63.8,21.61072222222222,17.0,0.0
2025-10-17 14:25:47+00:00,33.73822428534731,-84.42225142570898,1307448046,97358,18.0,18.0,18.0,18.0,16.0,16.0,16.0,16.0,64.0,64.0,60.0,60.0,21.666666666666668,63.8,21.61072222222222,17.0,0.0
2025-10-17 14:25:48+00:00,33.73822606692684,-84.4222644684879,1307448046,97358,18.0,18.0,18.0,18.0,16.0,16.0,16.0,16.0,64.0,64.0,60.0,60.0,21.666666666666668,63.8,21.61072222222222,17.0,0.0
2025-10-17 14:25:49+00:00,33.73822819654584,-84.42228117063965,1307448046,97358,18.0,18.0,18.0,18.0,16.0,16.0,16.0,16.0,64.0,64.0,60.0,60.0,21.666666666666668,63.8,21.61072222222222,17.0,0.0
2025-10-17 14:25:50+00:00,33.73823,-84.422298,1307448046,97358,18.0,18.0,18.0,18.0,16.0,16.0,16.0,16.0,64.0,64.0,60.0,60.0,21.666666666666668,63.8,21.61072222222222,17.0,0.0
2025-10-17 14:25:51+00:00,33.73823194410572,-84.4223118675477,1307448046,97358,18.0,18.0,18.0,18.0,16.0,16.0,16.0,16.0,64.0,64.0,60.0,60.0,21.5,63.9,21.43702777777777,16.88888888888889,1.4
2025-10-17 14:25:52+00:00,33.738233679870554,-84.42232633225466,1307448046,97358,18.0,18.0,18.0,18.0,16.0,16.0,16.0,16.0,64.0,64.0,60.0,60.0,21.5,63.9,21.43702777777777,16.88888888888889,1.4
2025-10-17 14:25:53+00:00,33.738235450880694,-84.42233915616487,1307448046,97357,17.5,17.5,17.5,17.5,17.0,17.0,17.0,17.0,63.0,63.0,62.0,62.0,21.5,63.9,21.43702777777777,16.88888888888889,1.4
2025-10-17 14:25:54+00:00,33.73823751361921,-84.42235359533451,1307448046,97357,17.5,17.5,17.5,17.5,17.0,17.0,17.0,17.0,63.0,63.0,62.0,62.0,21.5,63.9,21.43702777777777,16.88888888888889,1.4
2025-10-17 14:25:55+00:00,33.738239597622325,-84.42236818335628,1307448046,97357,17.5,17.5,17.5,17.5,17.0,17.0,17.0,17.0,63.0,63.0,62.0,62.0,21.5,63.9,21.43702777777777,16.88888888888889,1.4
2025-10-17 14:25:56+00:00,33.738241605985245,-84.42238224189668,1307448046,97357,17.5,17.5,17.5,17.5,17.0,17.0,17.0,17.0,63.0,63.0,62.0,62.0,21.444444444444443,63.9,21.378694444444445,16.77777777777778,0.9
2025-10-17 14:25:57+00:00,33.73824359533409,-84.4223961673386,1307448046,97357,17.5,17.5,17.5,17.5,17.0,17.0,17.0,17.0,63.0,63.0,62.0,62.0,21.444444444444443,63.9,21.378694444444445,16.77777777777778,0.9
2025-10-17 14:25:58+00:00,33.73824549536203,-84.42240946753418,1307448046,97357,17.5,17.5,17.5,17.5,17.0,17.0,17.0,17.0,63.0,63.0,62.0,62.0,21.444444444444443,63.9,21.378694444444445,16.77777777777778,0.9
2025-10-17 14:25:59+00:00,33.738247,-84.42242,1307448046,97357,17.5,17.5,17.5,17.5,17.0,17.0,17.0,17.0,63.0,63.0,62.0,62.0,21.444444444444443,63.9,21.378694444444445,16.77777777777778,0.9
2025-10-17 14:26:00+00:00,33.73825024047122,-84.42243844282729,1307448046,97357,17.5,17.5,17.5,17.5,17.0,17.0,17.0,17.0,63.0,63.0,62.0,62.0,21.444444444444443,63.9,21.378694444444445,16.77777777777778,0.9
2025-10-17 14:26:01+00:00,33.738253,-84.422458,1307448046,97357,17.5,17.5,17.5,17.5,17.0,17.0,17.0,17.0,63.0,63.0,62.0,62.0,21.333333333333336,63.9,21.262027777777774,16.77777777777778,1.2
2025-10-17 14:26:02+00:00,33.73825529392682,-84.42247497505848,1307448046,97357,17.5,17.5,17.5,17.5,17.0,17.0,17.0,17.0,63.0,63.0,62.0,62.0,21.333333333333336,63.9,21.262027777777774,16.77777777777778,1.2
2025-10-17 14:26:03+00:00,33.73825749038214,-84.42249122882784,1307448046,97357,17.5,17.5,17.5,17.5,17.0,17.0,17.0,17.0,63.0,63.0,62.0,62.0,21.333333333333336,63.9,21.262027777777774,16.77777777777778,1.2
2025-10-17 14:26:04+00:00,33.738259358433815,-84.4225023355426,1307448046,97357,17.5,17.5,17.5,17.5,17.0,17.0,17.0,17.0,63.0,63.0,62.0,62.0,21.333333333333336,63.9,21.262027777777774,16.77777777777778,1.2
2025-10-17 14:26:05+00:00,33.738263,-84.422526,1307448046,97357,17.5,17.5,17.5,17.5,17.0,17.0,17.0,17.0,63.0,63.0,62.0,62.0,21.333333333333336,63.9,21.262027777777774,16.77777777777778,1.2
2025-10-17 14:26:06+00:00,33.73826402879435,-84.42253268716327,1307448046,97357,17.5,17.5,17.5,17.5,17.0,17.0,17.0,17.0,63.0,63.0,62.0,62.0,21.27777777777778,63.8,21.202388888888887,16.72222222222222,1.7
2025-10-17 14:26:07+00:00,33.738266,-84.422549,1307448046,97357,17.5,17.5,17.5,17.5,17.0,17.0,17.0,17.0,63.0,63.0,62.0,62.0,21.27777777777778,63.8,21.202388888888887,16.72222222222222,1.7
2025-10-17 14:26:08+00:00,33.73826814790998,-84.42256309565921,1307448046,97357,18.0,18.0,18.0,18.0,18.0,21.0,18.0,21.0,64.0,64.0,64.0,64.0,21.27777777777778,63.8,21.202388888888887,16.72222222222222,1.7
2025-10-17 14:26:09+00:00,33.73827089378705,-84.42258111547754,1307448046,97357,18.0,18.0,18.0,18.0,18.0,21.0,18.0,21.0,64.0,64.0,64.0,64.0,21.27777777777778,63.8,21.202388888888887,16.72222222222222,1.7
2025-10-17 14:26:10+00:00,33.738273454501275,-84.4225979201646,1307448046,97357,18.0,18.0,18.0,18.0,18.0,21.0,18.0,21.0,64.0,64.0,64.0,64.0,21.27777777777778,63.8,21.202388888888887,16.72222222222222,1.7
2025-10-17 14:26:11+00:00,33.73827560736739,-84.4226120483485,1307448046,97357,18.0,18.0,18.0,18.0,18.0,21.0,18.0,21.0,64.0,64.0,64.0,64.0,21.22222222222222,63.6,21.141444444444442,16.61111111111111,1.5
2025-10-17 14:26:12+00:00,33.738277783199756,-84.4226263272484,1307448046,97357,18.0,18.0,18.0,18.0,18.0,21.0,18.0,21.0,64.0,64.0,64.0,64.0,21.22222222222222,63.6,21.141444444444442,16.61111111111111,1.5
2025-10-17 14:26:13+00:00,33.73828006482865,-84.42264130043804,1307448046,97357,18.0,18.0,18.0,18.0,18.0,21.0,18.0,21.0,64.0,64.0,64.0,64.0,21.22222222222222,63.6,21.141444444444442,16.61111111111111,1.5
2025-10-17 14:26:14+00:00,33.738282,-84.422654,1307448046,97357,18.0,18.0,18.0,18.0,18.0,21.0,18.0,21.0,64.0,64.0,64.0,64.0,21.22222222222222,63.6,21.141444444444442,16.61111111111111,1.5
2025-10-17 14:26:15+00:00,33.738285126096486,-84.42268207620603,1307448046,97356,18.0,18.0,18.0,18.0,18.0,21.0,18.0,21.0,64.0,64.0,64.0,64.0,21.22222222222222,63.6,21.141444444444442,16.61111111111111,1.5
2025-10-17 14:26:16+00:00,33.738286533493095,-84.4226970011982,1307448046,97356,18.0,18.0,18.0,18.0,18.0,21.0,18.0,21.0,64.0,64.0,64.0,64.0,21.22222222222222,63.2,21.13622222222222,16.61111111111111,1.7
2025-10-17 14:26:17+00:00,33.73828891225927,-84.42271621033346,1307448046,97356,18.0,18.0,18.0,18.0,18.0,21.0,18.0,21.0,64.0,64.0,64.0,64.0,21.22222222222222,63.2,21.13622222222222,16.61111111111111,1.7
2025-10-17 14:26:18+00:00,33.73829076922097,-84.4227329229887,1307448046,97356,18.0,18.0,18.0,18.0,18.0,21.0,18.0,21.0,64.0,64.0,64.0,64.0,21.22222222222222,63.2,21.13622222222222,16.61111111111111,1.7
2025-10-17 14:26:19+00:00,33.73829257924354,-84.42275153016608,1307448046,97356,18.0,18.0,18.0,18.0,18.0,21.0,18.0,21.0,64.0,64.0,64.0,64.0,21.22222222222222,63.2,21.13622222222222,16.61111111111111,1.7
2025-10-17 14:26:20+00:00,33.738293884130265,-84.42276760956314,1307448046,97356,18.0,18.0,18.0,18.0,18.0,21.0,18.0,21.0,64.0,64.0,64.0,64.0,21.22222222222222,63.2,21.13622222222222,16.61111111111111,1.7
2025-10-17 14:26:21+00:00,33.738295,-84.422778,1307448046,97355,18.0,18.0,18.0,18.0,18.0,21.0,18.0,21.0,64.0,64.0,64.0,64.0,21.333333333333336,63.0,21.25027777777778,16.72222222222222,1.4
2025-10-17 14:26:22+00:00,33.73829818262756,-84.42279726391588,1307448046,97355,18.0,18.0,18.0,18.0,18.0,21.0,18.0,21.0,64.0,64.0,64.0,64.0,21.333333333333336,63.0,21.25027777777778,16.72222222222222,1.4
2025-10-17 14:26:23+00:00,33.73829994629293,-84.42281107929462,1307448046,97355,18.0,18.0,18.0,18.0,18.0,21.0,18.0,21.0,64.0,64.0,64.0,64.0,21.333333333333336,63.0,21.25027777777778,16.72222222222222,1.4
2025-10-17 14:26:24+00:00,33.73830156005804,-84.42282372045462,1307448046,97355,18.0,18.0,18.0,18.0,18.0,21.0,18.0,21.0,64.0,64.0,64.0,64.0,21.333333333333336,63.0,21.25027777777778,16.72222222222222,1.4
2025-10-17 14:26:25+00:00,33.738303,-84.422835,1307448046,97354,18.0,18.0,18.0,18.0,18.0,21.0,18.0,21.0,64.0,64.0,64.0,64.0,21.333333333333336,63.0,21.25027777777778,16.72222222222222,1.4
2025-10-17 14:26:26+00:00,33.738304830593904,-84.42284781415732,1307448046,97354,18.0,18.0,18.0,18.0,18.0,21.0,18.0,21.0,64.0,64.0,64.0,64.0,21.38888888888889,63.2,21.311222222222217,16.72222222222222,1.0
2025-10-17 14:26:27+00:00,33.7383069113101,-84.42286237917068,1307448046,97354,18.0,18.0,18.0,18.0,18.0,21.0,18.0,21.0,64.0,64.0,64.0,64.0,21.38888888888889,63.2,21.311222222222217,16.72222222222222,1.0
2025-10-17 14:26:28+00:00,33.738309024324735,-84.42287717027314,1307448046,97354,18.0,18.0,18.0,18.0,18.0,21.0,18.0,21.0,64.0,64.0,64.0,64.0,21.38888888888889,63.2,21.311222222222217,16.72222222222222,1.0
2025-10-17 14:26:29+00:00,33.73831125002663,-84.42289275018638,1307448046,97354,18.0,18.0,18.0,18.0,18.0,21.0,18.0,21.0,64.0,64.0,64.0,64.0,21.38888888888889,63.2,21.311222222222217,16.72222222222222,1.0
2025-10-17 14:26:30+00:00,33.73831354244862,-84.42290947520112,1307448046,97354,18.0,18.0,18.0,18.0,18.0,21.0,18.0,21.0,64.0,64.0,64.0,64.0,21.38888888888889,63.2,21.311222222222217,16.72222222222222,1.0
2025-10-17 14:26:31+00:00,33.73831544271439,-84.4229251523937,1307448046,97354,18.0,18.0,18.0,18.0,18.0,21.0,18.0,21.0,64.0,64.0,64.0,64.0,21.27777777777778,63.5,21.198472222222225,16.72222222222222,1.9
2025-10-17 14:26:32+00:00,33.738317,-84.422938,1307448046,97354,18.0,18.0,18.0,18.0,18.0,21.0,18.0,21.0,64.0,64.0,64.0,64.0,21.27777777777778,63.5,21.198472222222225,16.72222222222222,1.9
2025-10-17 14:26:33+00:00,33.7383202739477,-84.42295798612082,1307448046,97353,18.0,18.0,18.0,18.0,18.0,21.0,18.0,21.0,64.0,64.0,64.0,64.0,21.27777777777778,63.5,21.198472222222225,16.72222222222222,1.9
2025-10-17 14:26:34+00:00,33.738322640168676,-84.42297514122292,1307448046,97353,18.0,18.0,18.0,18.0,18.0,21.0,18.0,21.0,64.0,64.0,64.0,64.0,21.27777777777778,63.5,21.198472222222225,16.72222222222222,1.9
2025-10-17 14:26:35+00:00,33.73832500553685,-84.42299254152638,1307448046,97353,18.0,18.0,18.0,18.0,18.0,21.0,18.0,21.0,64.0,64.0,64.0,64.0,21.27777777777778,63.5,21.198472222222225,16.72222222222222,1.9
2025-10-17 14:26:36+00:00,33.738327332805596,-84.42300932963919,1307448046,97353,18.0,18.0,18.0,18.0,18.0,21.0,18.0,21.0,64.0,64.0,64.0,64.0,21.333333333333336,63.2,21.25288888888889,16.61111111111111,1.1
2025-10-17 14:26:37+00:00,33.738329,-84.423026,1307448046,97353,18.0,18.0,18.0,18.0,18.0,21.0,18.0,21.0,64.0,64.0,64.0,64.0,21.333333333333336,63.2,21.25288888888889,16.61111111111111,1.1
2025-10-17 14:26:38+00:00,33.73833130675155,-84.42304199347738,1307448046,97353,17.0,19.0,17.0,19.0,16.0,17.0,16.0,17.0,62.0,62.0,60.0,60.0,21.333333333333336,63.2,21.25288888888889,16.61111111111111,1.1
2025-10-17 14:26:39+00:00,33.73833363580978,-84.42305814161446,1307448046,97353,17.0,19.0,17.0,19.0,16.0,17.0,16.0,17.0,62.0,62.0,60.0,60.0,21.333333333333336,63.2,21.25288888888889,16.61111111111111,1.1
2025-10-17 14:26:40+00:00,33.73833586340315,-84.42307358626188,1307448046,97353,17.0,19.0,17.0,19.0,16.0,17.0,16.0,17.0,62.0,62.0,60.0,60.0,21.333333333333336,63.2,21.25288888888889,16.61111111111111,1.1
2025-10-17 14:26:41+00:00,33.73833794020323,-84.42308798540905,1307448046,97353,17.0,19.0,17.0,19.0,16.0,17.0,16.0,17.0,62.0,62.0,60.0,60.0,21.333333333333336,62.9,21.24897222222223,16.72222222222222,1.1
2025-10-17 14:26:42+00:00,33.738339885464654,-84.42310147255492,1307448046,97353,17.0,19.0,17.0,19.0,16.0,17.0,16.0,17.0,62.0,62.0,60.0,60.0,21.333333333333336,62.9,21.24897222222223,16.72222222222222,1.1
2025-10-17 14:26:43+00:00,33.73834172057336,-84.42311419597529,1307448046,97353,17.0,19.0,17.0,19.0,16.0,17.0,16.0,17.0,62.0,62.0,60.0,60.0,21.333333333333336,62.9,21.24897222222223,16.72222222222222,1.1
2025-10-17 14:26:44+00:00,33.73834363222079,-84.42312745006419,1307448046,97353,17.0,19.0,17.0,19.0,16.0,17.0,16.0,17.0,62.0,62.0,60.0,60.0,21.333333333333336,62.9,21.24897222222223,16.72222222222222,1.1
2025-10-17 14:26:45+00:00,33.738345,-84.423142,1307448046,97352,17.0,19.0,17.0,19.0,16.0,17.0,16.0,17.0,62.0,62.0,60.0,60.0,21.333333333333336,62.9,21.24897222222223,16.72222222222222,1.1
2025-10-17 14:26:46+00:00,33.73834652995018,-84.4231548156413,1307448046,97352,17.0,19.0,17.0,19.0,16.0,17.0,16.0,17.0,62.0,62.0,60.0,60.0,21.38888888888889,62.3,21.29947222222222,16.61111111111111,1.2
2025-10-17 14:26:47+00:00,33.73834855095434,-84.42316936687124,1307448046,97352,17.0,19.0,17.0,19.0,16.0,17.0,16.0,17.0,62.0,62.0,60.0,60.0,21.38888888888889,62.3,21.29947222222222,16.61111111111111,1.2
2025-10-17 14:26:48+00:00,33.73835082173203,-84.42318571647057,1307448046,97352,17.0,19.0,17.0,19.0,16.0,17.0,16.0,17.0,62.0,62.0,60.0,60.0,21.38888888888889,62.3,21.29947222222222,16.61111111111111,1.2
2025-10-17 14:26:49+00:00,33.73835349144204,-84.42320284351749,1307448046,97352,17.0,19.0,17.0,19.0,16.0,17.0,16.0,17.0,62.0,62.0,60.0,60.0,21.38888888888889,62.3,21.29947222222222,16.61111111111111,1.2
2025-10-17 14:26:50+00:00,33.738356219661505,-84.42322084976591,1307448046,97352,17.0,19.0,17.0,19.0,16.0,17.0,16.0,17.0,62.0,62.0,60.0,60.0,21.38888888888889,62.3,21.29947222222222,16.61111111111111,1.2
2025-10-17 14:26:51+00:00,33.73835881101928,-84.42324048815426,1307448046,97352,17.0,19.0,17.0,19.0,16.0,17.0,16.0,17.0,62.0,62.0,60.0,60.0,21.444444444444443,61.7,21.349972222222217,16.5,1.3
2025-10-17 14:26:52+00:00,33.738361,-84.423262,1307448046,97352,17.0,19.0,17.0,19.0,16.0,17.0,16.0,17.0,62.0,62.0,60.0,60.0,21.444444444444443,61.7,21.349972222222217,16.5,1.3
2025-10-17 14:26:53+00:00,33.73836265267387,-84.42327368676523,1307448046,97352,17.0,19.0,17.0,19.0,17.0,19.0,17.0,19.0,62.0,62.0,62.0,62.0,21.444444444444443,61.7,21.349972222222217,16.5,1.3
2025-10-17 14:26:54+00:00,33.73836476510918,-84.42328862470066,1307448046,97352,17.0,19.0,17.0,19.0,17.0,19.0,17.0,19.0,62.0,62.0,62.0,62.0,21.444444444444443,61.7,21.349972222222217,16.5,1.3
2025-10-17 14:26:55+00:00,33.738366574007465,-84.42330141619566,1307448046,97352,17.0,19.0,17.0,19.0,17.0,19.0,17.0,19.0,62.0,62.0,62.0,62.0,21.444444444444443,61.7,21.349972222222217,16.5,1.3
2025-10-17 14:26:56+00:00,33.73836811037664,-84.42331228052056,1307448046,97352,17.0,19.0,17.0,19.0,17.0,19.0,17.0,19.0,62.0,62.0,62.0,62.0,21.444444444444443,61.0,21.340833333333332,16.38888888888889,0.9
2025-10-17 14:26:58+00:00,33.738370853040664,-84.42333167507326,1307448046,97352,17.0,19.0,17.0,19.0,17.0,19.0,17.0,19.0,62.0,62.0,62.0,62.0,21.444444444444443,61.0,21.340833333333332,16.38888888888889,0.9
2025-10-17 14:26:59+00:00,33.73837239643147,-84.42334258905113,1307448046,97352,17.0,19.0,17.0,19.0,17.0,19.0,17.0,19.0,62.0,62.0,62.0,62.0,21.444444444444443,61.0,21.340833333333332,16.38888888888889,0.9
2025-10-17 14:27:00+00:00,33.73837386954248,-84.42335300605039,1307448046,97352,17.0,19.0,17.0,19.0,17.0,19.0,17.0,19.0,62.0,62.0,62.0,62.0,21.444444444444443,61.0,21.340833333333332,16.38888888888889,0.9
2025-10-17 14:27:01+00:00,33.73837558048451,-84.42336622436059,1307448046,97351,17.0,19.0,17.0,19.0,17.0,19.0,17.0,19.0,62.0,62.0,62.0,62.0,21.5,60.5,21.392638888888897,16.5,0.8
2025-10-17 14:27:02+00:00,33.73837684550952,-84.42337760958566,1307448046,97351,17.0,19.0,17.0,19.0,17.0,19.0,17.0,19.0,62.0,62.0,62.0,62.0,21.5,60.5,21.392638888888897,16.5,0.8
2025-10-17 14:27:03+00:00,33.73837802442292,-84.42338565874897,1307448046,97351,17.0,19.0,17.0,19.0,17.0,19.0,17.0,19.0,62.0,62.0,62.0,62.0,21.5,60.5,21.392638888888897,16.5,0.8
2025-10-17 14:27:04+00:00,33.73837927355931,-84.42339786020328,1307448046,97351,17.0,19.0,17.0,19.0,17.0,19.0,17.0,19.0,62.0,62.0,62.0,62.0,21.5,60.5,21.392638888888897,16.5,0.8
2025-10-17 14:27:05+00:00,33.73838112412592,-84.42341044405627,1307448046,97351,17.0,19.0,17.0,19.0,17.0,19.0,17.0,19.0,62.0,62.0,62.0,62.0,21.5,60.5,21.392638888888897,16.5,0.8
2025-10-17 14:27:06+00:00,33.738382903280126,-84.4234225423048,1307448046,97351,17.0,19.0,17.0,19.0,17.0,19.0,17.0,19.0,62.0,62.0,62.0,62.0,21.555555555555557,60.3,21.44836111111111,16.38888888888889,0.9
2025-10-17 14:27:08+00:00,33.738385252655405,-84.42344127389862,1307448046,97351,18.0,18.0,18.0,18.0,19.0,19.0,19.0,19.0,64.0,64.0,66.0,66.0,21.555555555555557,60.3,21.44836111111111,16.38888888888889,0.9
2025-10-17 14:27:12+00:00,33.73838648306285,-84.42345234756557,1307448046,97351,18.0,18.0,18.0,18.0,19.0,19.0,19.0,19.0,64.0,64.0,66.0,66.0,21.38888888888889,60.5,21.275972222222222,16.27777777777778,1.0
2025-10-17 14:27:19+00:00,33.73838620292779,-84.42344982635008,1307448046,97351,18.0,18.0,18.0,18.0,19.0,19.0,19.0,19.0,64.0,64.0,66.0,66.0,21.444444444444443,61.5,21.347361111111113,16.61111111111111,1.1
2025-10-17 14:27:32+00:00,33.738386360780915,-84.4234512470282,1307448046,97351,18.0,18.0,18.0,18.0,18.0,18.0,18.0,18.0,64.0,64.0,64.0,64.0,21.22222222222222,62.2,21.123166666666673,16.38888888888889,1.8
2025-10-17 14:27:48+00:00,33.7383863273892,-84.4234509465028,1307448046,97351,19.0,20.0,19.0,20.0,19.5,19.5,19.5,19.5,66.0,66.0,67.0,67.0,21.333333333333336,61.8,21.234611111111114,16.5,2.0
2025-10-17 14:27:50+00:00,33.73838588761689,-84.42344698855199,1307448046,97351,19.0,20.0,19.0,20.0,19.5,19.5,19.5,19.5,66.0,66.0,67.0,67.0,21.333333333333336,61.8,21.234611111111114,16.5,2.0
2025-10-17 14:27:51+00:00,33.73838563110548,-84.42344467994931,1307448046,97351,19.0,20.0,19.0,20.0,19.5,19.5,19.5,19.5,66.0,66.0,67.0,67.0,21.5,62.3,21.416138888888884,16.72222222222222,1.5
2025-10-17 14:27:52+00:00,33.73838551163863,-84.42344360474766,1307448046,97351,19.0,20.0,19.0,20.0,19.5,19.5,19.5,19.5,66.0,66.0,67.0,67.0,21.5,62.3,21.416138888888884,16.72222222222222,1.5
2025-10-17 14:27:53+00:00,33.738385608682606,-84.42344447814342,1307448046,97351,18.0,18.5,18.0,18.5,18.0,19.0,18.0,19.0,64.0,64.0,64.0,64.0,21.5,62.3,21.416138888888884,16.72222222222222,1.5
2025-10-17 14:27:54+00:00,33.73838581724634,-84.42344635521701,1307448046,97351,18.0,18.5,18.0,18.5,18.0,19.0,18.0,19.0,64.0,64.0,64.0,64.0,21.5,62.3,21.416138888888884,16.72222222222222,1.5
2025-10-17 14:27:55+00:00,33.73838610498839,-84.42344894489551,1307448046,97351,18.0,18.5,18.0,18.5,18.0,19.0,18.0,19.0,64.0,64.0,64.0,64.0,21.5,62.3,21.416138888888884,16.72222222222222,1.5
2025-10-17 14:27:56+00:00,33.738386405451145,-84.4234516490603,1307448046,97351,18.0,18.5,18.0,18.5,18.0,19.0,18.0,19.0,64.0,64.0,64.0,64.0,21.5,62.8,21.422666666666668,16.77777777777778,1.7
2025-10-17 14:27:57+00:00,33.73838667746667,-84.4234540972,1307448046,97351,18.0,18.5,18.0,18.5,18.0,19.0,18.0,19.0,64.0,64.0,64.0,64.0,21.5,62.8,21.422666666666668,16.77777777777778,1.7
2025-10-17 14:27:58+00:00,33.738483600227205,-84.42336,1118729521,91004,18.0,18.5,18.0,18.5,18.0,19.0,18.0,19.0,64.0,64.0,64.0,64.0,21.5,62.8,21.422666666666668,16.77777777777778,1.7
2025-10-17 14:27:59+00:00,33.738499196874656,-84.42336,1118729521,91004,18.0,18.5,18.0,18.5,18.0,19.0,18.0,19.0,64.0,64.0,64.0,64.0,21.5,62.8,21.422666666666668,16.77777777777778,1.7
2025-10-17 14:28:00+00:00,33.73851285412053,-84.42336,1118729521,91004,18.0,18.5,18.0,18.5,18.0,19.0,18.0,19.0,64.0,64.0,64.0,64.0,21.5,62.8,21.422666666666668,16.77777777777778,1.7
2025-10-17 14:28:01+00:00,33.73852441591847,-84.42336,1118729521,91004,18.0,18.5,18.0,18.5,18.0,19.0,18.0,19.0,64.0,64.0,64.0,64.0,21.444444444444443,62.7,21.36302777777778,16.77777777777778,1.9
2025-10-17 14:28:02+00:00,33.73853421132128,-84.42336,1118729521,91004,18.0,18.5,18.0,18.5,18.0,19.0,18.0,19.0,64.0,64.0,64.0,64.0,21.444444444444443,62.7,21.36302777777778,16.77777777777778,1.9
2025-10-17 14:28:04+00:00,33.738550356257626,-84.42336,1118729521,91004,18.0,18.5,18.0,18.5,18.0,19.0,18.0,19.0,64.0,64.0,64.0,64.0,21.444444444444443,62.7,21.36302777777778,16.77777777777778,1.9
2025-10-17 14:28:06+00:00,33.73856652767033,-84.42336,1118729521,91003,18.0,18.5,18.0,18.5,18.0,19.0,18.0,19.0,64.0,64.0,64.0,64.0,21.444444444444443,62.3,21.357805555555558,16.61111111111111,2.1
2025-10-17 14:28:07+00:00,33.738576,-84.42336,1118729521,91003,18.0,18.5,18.0,18.5,18.0,19.0,18.0,19.0,64.0,64.0,64.0,64.0,21.444444444444443,62.3,21.357805555555558,16.61111111111111,2.1
2025-10-17 14:28:08+00:00,33.73858759090833,-84.42335982438019,1118729521,91003,19.0,19.0,19.0,19.0,18.0,22.5,18.0,22.5,66.0,66.0,64.0,64.0,21.444444444444443,62.3,21.357805555555558,16.61111111111111,2.1
2025-10-17 14:28:09+00:00,33.73860197503161,-84.42335960643892,1118729521,91003,19.0,19.0,19.0,19.0,18.0,22.5,18.0,22.5,66.0,66.0,64.0,64.0,21.444444444444443,62.3,21.357805555555558,16.61111111111111,2.1
2025-10-17 14:28:10+00:00,33.73861442858682,-84.42335941774869,1118729521,91003,19.0,19.0,19.0,19.0,18.0,22.5,18.0,22.5,66.0,66.0,64.0,64.0,21.444444444444443,62.3,21.357805555555558,16.61111111111111,2.1
2025-10-17 14:28:11+00:00,33.73862802543964,-84.42335921173577,1118729521,91003,19.0,19.0,19.0,19.0,18.0,22.5,18.0,22.5,66.0,66.0,64.0,64.0,21.555555555555557,62.2,21.47316666666667,16.72222222222222,1.5
2025-10-17 14:28:12+00:00,33.738642941045605,-84.423359,1118729521,91003,19.0,19.0,19.0,19.0,18.0,22.5,18.0,22.5,66.0,66.0,64.0,64.0,21.555555555555557,62.2,21.47316666666667,16.72222222222222,1.5
2025-10-17 14:28:13+00:00,33.73865497606693,-84.423359,1118729521,91003,19.0,19.0,19.0,19.0,18.0,22.5,18.0,22.5,66.0,66.0,64.0,64.0,21.555555555555557,62.2,21.47316666666667,16.72222222222222,1.5
2025-10-17 14:28:14+00:00,33.738666504482566,-84.423359,1118729521,91003,19.0,19.0,19.0,19.0,18.0,22.5,18.0,22.5,66.0,66.0,64.0,64.0,21.555555555555557,62.2,21.47316666666667,16.72222222222222,1.5
2025-10-17 14:28:15+00:00,33.73867773023509,-84.423359,1118729521,91003,19.0,19.0,19.0,19.0,18.0,22.5,18.0,22.5,66.0,66.0,64.0,64.0,21.555555555555557,62.2,21.47316666666667,16.72222222222222,1.5
2025-10-17 14:28:16+00:00,33.73869484199192,-84.42354928238159,561725296,42052,19.0,19.0,19.0,19.0,18.0,22.5,18.0,22.5,66.0,66.0,64.0,64.0,21.611111111111114,62.1,21.530194444444454,16.77777777777778,1.2
2025-10-17 14:28:17+00:00,33.738704147059956,-84.42354854388412,561725296,42052,19.0,19.0,19.0,19.0,18.0,22.5,18.0,22.5,66.0,66.0,64.0,64.0,21.611111111111114,62.1,21.530194444444454,16.77777777777778,1.2
2025-10-17 14:28:19+00:00,33.738719,-84.423547,561725296,42052,19.0,19.0,19.0,19.0,18.0,22.5,18.0,22.5,66.0,66.0,64.0,64.0,21.611111111111114,62.1,21.530194444444454,16.77777777777778,1.2
2025-10-17 14:28:20+00:00,33.73873225579066,-84.42354620208701,561725296,42052,19.0,19.0,19.0,19.0,18.0,22.5,18.0,22.5,66.0,66.0,64.0,64.0,21.611111111111114,62.1,21.530194444444454,16.77777777777778,1.2
2025-10-17 14:28:21+00:00,33.73874316292031,-84.42354526181721,561725296,42052,19.0,19.0,19.0,19.0,18.0,22.5,18.0,22.5,66.0,66.0,64.0,64.0,21.611111111111114,61.8,21.526277777777782,16.72222222222222,1.5
2025-10-17 14:28:22+00:00,33.73875397317486,-84.42354432989872,561725296,42052,19.0,19.0,19.0,19.0,18.0,22.5,18.0,22.5,66.0,66.0,64.0,64.0,21.611111111111114,61.8,21.526277777777782,16.72222222222222,1.5
2025-10-17 14:28:23+00:00,33.73876493818388,-84.42354338463932,561725296,42052,19.0,19.0,19.0,19.0,21.0,23.0,21.0,23.0,66.0,66.0,70.0,70.0,21.611111111111114,61.8,21.526277777777782,16.72222222222222,1.5
2025-10-17 14:28:24+00:00,33.73877567263921,-84.42354245925524,561725296,42052,19.0,19.0,19.0,19.0,21.0,23.0,21.0,23.0,66.0,66.0,70.0,70.0,21.611111111111114,61.8,21.526277777777782,16.72222222222222,1.5
2025-10-17 14:28:25+00:00,33.738781,-84.423542,561725296,42052,19.0,19.0,19.0,19.0,21.0,23.0,21.0,23.0,66.0,66.0,70.0,70.0,21.611111111111114,61.8,21.526277777777782,16.72222222222222,1.5
2025-10-17 14:28:26+00:00,33.73879414485173,-84.42354155344677,561725296,42052,19.0,19.0,19.0,19.0,21.0,23.0,21.0,23.0,66.0,66.0,70.0,70.0,21.77777777777778,61.5,21.69736111111111,16.77777777777778,1.1
2025-10-17 14:28:28+00:00,33.73880526060452,-84.42354082938834,561725296,42052,19.0,19.0,19.0,19.0,21.0,23.0,21.0,23.0,66.0,66.0,70.0,70.0,21.77777777777778,61.5,21.69736111111111,16.77777777777778,1.1
