Device Name,3550FW - 3103381
Device Model,3550FW
Serial Number,3103381
FORMATTED DATE_TIME,Temperature,Wet Bulb Temp,Relative Humidity,Barometric Pressure,Altitude,Station Pressure,Wind Speed,Heat Index,Dew Point,Compass Magnetic Direction,Wind Chill,Data Type,Record name,Start time,Duration (H:M:S),Location description,Location address,Location coordinates,Notes
yyyy-MM-dd hh:mm:ss a,°F,°F,%,inHg,ft,inHg,mph,°F,°F,Deg,°F
2026-07-16 03:44:49 PM,84.0,76.3,70.9,28.99,877,28.99,0.8,91.6,73.5,222,83.8,session,"Session - Jul 16, 2026 3:44:46 PM",2026-07-16 03:44:46 PM 3:44:46 PM,00:56:04,,,,Enter Notes
2026-07-16 03:44:54 PM,84.4,76.6,70.9,29.00,874,29.00,0.0,92.7,73.9,222,84.4,session,"Session - Jul 16, 2026 3:44:46 PM",2026-07-16 03:44:46 PM 3:44:46 PM,00:56:04,,,,Enter Notes
2026-07-16 03:44:59 PM,84.7,76.6,70.4,29.00,874,29.00,0.0,93.4,74.0,222,84.6,session,"Session - Jul 16, 2026 3:44:46 PM",2026-07-16 03:44:46 PM 3:44:46 PM,00:56:04,,,,Enter Notes
2026-07-16 03:45:04 PM,85.5,77.2,69.9,29.00,874,29.00,0.0,95.4,74.5,222,85.5,session,"Session - Jul 16, 2026 3:44:46 PM",2026-07-16 03:44:46 PM 3:44:46 PM,00:56:04,,,,Enter Notes
2026-07-16 03:45:09 PM,86.8,78.4,69.4,29.00,874,29.00,0.0,98.2,75.6,222,86.7,session,"Session - Jul 16, 2026 3:44:46 PM",2026-07-16 03:44:46 PM 3:44:46 PM,00:56:04,,,,Enter Notes
2026-07-16 03:45:14 PM,87.5,79.0,69.0,29.00,873,29.00,0.0,99.5,76.0,222,87.4,session,"Session - Jul 16, 2026 3:44:46 PM",2026-07-16 03:44:46 PM 3:44:46 PM,00:56:04,,,,Enter Notes
2026-07-16 03:45:19 PM,87.6,78.6,68.1,29.00,873,29.00,0.0,99.1,75.7,222,87.4,session,"Session - Jul 16, 2026 3:44:46 PM",2026-07-16 03:44:46 PM 3:44:46 PM,00:56:04,,,,Enter Notes
2026-07-16 03:45:24 PM,87.7,78.6,67.5,28.99,874,28.99,0.8,99.3,75.6,222,87.6,session,"Session - Jul 16, 2026 3:44:46 PM",2026-07-16 03:44:46 PM 3:44:46 PM,00:56:04,,,,Enter Notes
2026-07-16 03:45:29 PM,88.0,78.6,66.6,28.99,874,28.99,1.4,99.9,75.5,222,88.0,session,"Session - Jul 16, 2026 3:44:46 PM",2026-07-16 03:44:46 PM 3:44:46 PM,00:56:04,,,,Enter Notes
2026-07-16 03:45:34 PM,88.1,78.4,66.0,29.00,874,29.00,1.5,99.5,75.2,222,88.0,session,"Session - Jul 16, 2026 3:44:46 PM",2026-07-16 03:44:46 PM 3:44:46 PM,00:56:04,,,,Enter Notes
2026-07-16 03:45:39 PM,88.0,78.1,65.0,29.00,873,29.00,1.4,99.1,74.7,222,88.0,session,"Session - Jul 16, 2026 3:44:46 PM",2026-07-16 03:44:46 PM 3:44:46 PM,00:56:04,,,,Enter Notes
2026-07-16 03:45:44 PM,87.7,77.7,64.4,29.00,874,29.00,0.9,97.9,74.2,222,87.6,session,"Session - Jul 16, 2026 3:44:46 PM",2026-07-16 03:44:46 PM 3:44:46 PM,00:56:04,,,,Enter Notes
2026-07-16 03:45:49 PM,87.5,77.2,63.5,29.00,874,29.00,1.0,97.2,73.6,222,87.4,session,"Session - Jul 16, 2026 3:44:46 PM",2026-07-16 03:44:46 PM 3:44:46 PM,00:56:04,,,,Enter Notes
2026-07-16 03:45:54 PM,87.3,76.8,63.0,29.00,873,29.00,1.0,96.6,73.1,222,87.3,session,"Session - Jul 16, 2026 3:44:46 PM",2026-07-16 03:44:46 PM 3:44:46 PM,00:56:04,,,,Enter Notes
2026-07-16 03:45:59 PM,87.1,76.5,62.4,29.00,873,29.00,0.0,95.9,72.7,222,87.1,session,"Session - Jul 16, 2026 3:44:46 PM",2026-07-16 03:44:46 PM 3:44:46 PM,00:56:04,,,,Enter Notes
2026-07-16 03:46:04 PM,87.0,76.3,62.0,28.99,877,28.99,0.0,95.4,72.4,222,86.9,session,"Session - Jul 16, 2026 3:44:46 PM",2026-07-16 03:44:46 PM 3:44:46 PM,00:56:04,,,,Enter Notes
2026-07-16 03:46:09 PM,87.1,76.3,61.6,28.99,874,28.99,0.0,95.5,72.3,222,87.1,session,"Session - Jul 16, 2026 3:44:46 PM",2026-07-16 03:44:46 PM 3:44:46 PM,00:56:04,,,,Enter Notes
2026-07-16 03:46:14 PM,87.9,77.0,61.4,28.99,874,28.99,0.0,96.8,73.0,222,87.8,session,"Session - Jul 16, 2026 3:44:46 PM",2026-07-16 03:44:46 PM 3:44:46 PM,00:56:04,,,,Enter Notes
2026-07-16 03:46:19 PM,88.8,77.5,61.1,28.99,874,28.99,0.0,99.0,73.6,222,88.7,session,"Session - Jul 16, 2026 3:44:46 PM",2026-07-16 03:44:46 PM 3:44:46 PM,00:56:04,,,,Enter Notes
2026-07-16 03:46:24 PM,88.6,77.4,60.9,29.00,873,29.00,0.9,98.4,73.4,222,88.5,session,"Session - Jul 16, 2026 3:44:46 PM",2026-07-16 03:44:46 PM 3:44:46 PM,00:56:04,,,,Enter Notes
2026-07-16 03:46:29 PM,88.7,77.2,60.4,28.99,874,28.99,3.4,98.8,73.2,222,88.7,session,"Session - Jul 16, 2026 3:44:46 PM",2026-07-16 03:44:46 PM 3:44:46 PM,00:56:04,,,,Enter Notes
2026-07-16 03:46:34 PM,88.5,77.0,60.1,28.99,877,28.99,2.8,98.1,72.9,222,88.5,session,"Session - Jul 16, 2026 3:44:46 PM",2026-07-16 03:44:46 PM 3:44:46 PM,00:56:04,,,,Enter Notes
2026-07-16 03:46:39 PM,89.0,77.2,59.8,28.99,877,28.99,3.0,98.8,73.1,222,88.9,session,"Session - Jul 16, 2026 3:44:46 PM",2026-07-16 03:44:46 PM 3:44:46 PM,00:56:04,,,,Enter Notes
2026-07-16 03:46:44 PM,88.9,77.2,59.5,28.99,881,28.99,1.8,98.6,73.0,222,88.9,session,"Session - Jul 16, 2026 3:44:46 PM",2026-07-16 03:44:46 PM 3:44:46 PM,00:56:04,,,,Enter Notes
2026-07-16 03:46:49 PM,89.3,77.4,59.3,28.99,881,28.99,1.3,99.5,73.2,222,89.2,session,"Session - Jul 16, 2026 3:44:46 PM",2026-07-16 03:44:46 PM 3:44:46 PM,00:56:04,,,,Enter Notes
2026-07-16 03:46:54 PM,89.4,77.4,59.1,28.99,877,28.99,0.8,99.5,73.2,222,89.2,session,"Session - Jul 16, 2026 3:44:46 PM",2026-07-16 03:44:46 PM 3:44:46 PM,00:56:04,,,,Enter Notes
2026-07-16 03:46:59 PM,89.4,77.4,58.9,28.99,877,28.99,1.0,99.9,73.2,222,89.4,session,"Session - Jul 16, 2026 3:44:46 PM",2026-07-16 03:44:46 PM 3:44:46 PM,00:56:04,,,,Enter Notes
2026-07-16 03:47:04 PM,89.7,77.5,58.8,29.00,874,29.00,1.6,100.2,73.3,222,89.6,session,"Session - Jul 16, 2026 3:44:46 PM",2026-07-16 03:44:46 PM 3:44:46 PM,00:56:04,,,,Enter Notes
2026-07-16 03:47:09 PM,89.7,77.4,58.5,29.00,874,29.00,0.9,100.0,73.2,222,89.6,session,"Session - Jul 16, 2026 3:44:46 PM",2026-07-16 03:44:46 PM 3:44:46 PM,00:56:04,,,,Enter Notes
2026-07-16 03:47:14 PM,89.4,77.2,58.3,28.99,881,28.99,0.8,99.1,72.8,222,89.2,session,"Session - Jul 16, 2026 3:44:46 PM",2026-07-16 03:44:46 PM 3:44:46 PM,00:56:04,,,,Enter Notes
2026-07-16 03:47:19 PM,89.3,76.8,58.0,28.99,874,28.99,1.0,99.0,72.6,222,89.2,session,"Session - Jul 16, 2026 3:44:46 PM",2026-07-16 03:44:46 PM 3:44:46 PM,00:56:04,,,,Enter Notes
2026-07-16 03:47:24 PM,89.2,76.8,57.8,28.99,874,28.99,0.9,98.2,72.3,222,89.1,session,"Session - Jul 16, 2026 3:44:46 PM",2026-07-16 03:44:46 PM 3:44:46 PM,00:56:04,,,,Enter Notes
2026-07-16 03:47:29 PM,89.1,76.6,57.6,28.99,874,28.99,1.7,98.2,72.2,222,89.1,session,"Session - Jul 16, 2026 3:44:46 PM",2026-07-16 03:44:46 PM 3:44:46 PM,00:56:04,,,,Enter Notes
2026-07-16 03:47:34 PM,89.1,76.6,57.5,28.99,877,28.99,1.0,98.2,72.1,222,89.1,session,"Session - Jul 16, 2026 3:44:46 PM",2026-07-16 03:44:46 PM 3:44:46 PM,00:56:04,,,,Enter Notes
2026-07-16 03:47:39 PM,88.9,76.5,57.3,28.99,877,28.99,0.9,97.7,71.9,222,88.9,session,"Session - Jul 16, 2026 3:44:46 PM",2026-07-16 03:44:46 PM 3:44:46 PM,00:56:04,,,,Enter Notes
2026-07-16 03:47:44 PM,88.5,75.9,57.2,28.99,877,28.99,2.4,96.3,71.4,222,88.5,session,"Session - Jul 16, 2026 3:44:46 PM",2026-07-16 03:44:46 PM 3:44:46 PM,00:56:04,,,,Enter Notes
2026-07-16 03:47:49 PM,88.6,76.1,57.0,29.00,874,29.00,1.1,96.8,71.4,222,88.5,session,"Session - Jul 16, 2026 3:44:46 PM",2026-07-16 03:44:46 PM 3:44:46 PM,00:56:04,,,,Enter Notes
2026-07-16 03:47:54 PM,89.3,76.6,57.0,29.00,873,29.00,1.5,98.6,72.1,222,89.2,session,"Session - Jul 16, 2026 3:44:46 PM",2026-07-16 03:44:46 PM 3:44:46 PM,00:56:04,,,,Enter Notes
2026-07-16 03:47:59 PM,89.7,77.0,57.3,29.00,869,29.00,0.8,99.5,72.6,222,89.6,session,"Session - Jul 16, 2026 3:44:46 PM",2026-07-16 03:44:46 PM 3:44:46 PM,00:56:04,,,,Enter Notes
2026-07-16 03:48:04 PM,89.7,77.0,57.4,29.00,869,29.00,0.9,99.5,72.6,222,89.6,session,"Session - Jul 16, 2026 3:44:46 PM",2026-07-16 03:44:46 PM 3:44:46 PM,00:56:04,,,,Enter Notes
2026-07-16 03:48:09 PM,89.5,76.8,57.2,29.00,873,29.00,1.0,99.0,72.3,222,89.4,session,"Session - Jul 16, 2026 3:44:46 PM",2026-07-16 03:44:46 PM 3:44:46 PM,00:56:04,,,,Enter Notes
2026-07-16 03:48:14 PM,89.2,76.5,56.9,29.00,873,29.00,1.1,98.1,72.0,222,89.1,session,"Session - Jul 16, 2026 3:44:46 PM",2026-07-16 03:44:46 PM 3:44:46 PM,00:56:04,,,,Enter Notes
2026-07-16 03:48:19 PM,89.2,76.5,56.6,29.00,873,29.00,1.2,97.9,71.7,222,89.1,session,"Session - Jul 16, 2026 3:44:46 PM",2026-07-16 03:44:46 PM 3:44:46 PM,00:56:04,,,,Enter Notes
2026-07-16 03:48:24 PM,89.2,76.5,56.5,29.00,873,29.00,1.2,98.2,71.7,222,89.2,session,"Session - Jul 16, 2026 3:44:46 PM",2026-07-16 03:44:46 PM 3:44:46 PM,00:56:04,,,,Enter Notes
2026-07-16 03:48:29 PM,89.5,76.6,56.5,29.00,873,29.00,0.9,98.8,72.0,222,89.4,session,"Session - Jul 16, 2026 3:44:46 PM",2026-07-16 03:44:46 PM 3:44:46 PM,00:56:04,,,,Enter Notes
2026-07-16 03:48:34 PM,89.7,76.6,56.5,29.00,869,29.00,1.6,99.1,72.1,222,89.6,session,"Session - Jul 16, 2026 3:44:46 PM",2026-07-16 03:44:46 PM 3:44:46 PM,00:56:04,,,,Enter Notes
2026-07-16 03:48:39 PM,89.7,76.6,56.5,29.00,866,29.00,1.7,99.1,72.2,222,89.6,session,"Session - Jul 16, 2026 3:44:46 PM",2026-07-16 03:44:46 PM 3:44:46 PM,00:56:04,,,,Enter Notes
2026-07-16 03:48:44 PM,89.5,76.6,56.4,29.00,869,29.00,1.8,98.8,72.0,222,89.4,session,"Session - Jul 16, 2026 3:44:46 PM",2026-07-16 03:44:46 PM 3:44:46 PM,00:56:04,,,,Enter Notes
2026-07-16 03:48:49 PM,89.3,76.5,56.3,29.00,866,29.00,1.2,98.1,71.7,222,89.2,session,"Session - Jul 16, 2026 3:44:46 PM",2026-07-16 03:44:46 PM 3:44:46 PM,00:56:04,,,,Enter Notes
2026-07-16 03:48:54 PM,89.3,76.3,56.2,29.00,865,29.01,1.8,98.1,71.7,222,89.2,session,"Session - Jul 16, 2026 3:44:46 PM",2026-07-16 03:44:46 PM 3:44:46 PM,00:56:04,,,,Enter Notes
2026-07-16 03:48:59 PM,89.4,76.5,56.3,29.00,869,29.00,1.4,98.6,71.8,222,89.4,session,"Session - Jul 16, 2026 3:44:46 PM",2026-07-16 03:44:46 PM 3:44:46 PM,00:56:04,,,,Enter Notes
2026-07-16 03:49:04 PM,89.5,76.5,56.3,29.00,861,29.01,1.0,98.6,71.8,222,89.4,session,"Session - Jul 16, 2026 3:44:46 PM",2026-07-16 03:44:46 PM 3:44:46 PM,00:56:04,,,,Enter Notes
2026-07-16 03:49:09 PM,89.3,76.3,56.2,29.00,861,29.01,0.9,98.1,71.6,222,89.2,session,"Session - Jul 16, 2026 3:44:46 PM",2026-07-16 03:44:46 PM 3:44:46 PM,00:56:04,,,,Enter Notes
2026-07-16 03:49:14 PM,89.0,76.1,56.2,29.01,858,29.01,3.1,97.3,71.4,222,88.9,session,"Session - Jul 16, 2026 3:44:46 PM",2026-07-16 03:44:46 PM 3:44:46 PM,00:56:04,,,,Enter Notes
2026-07-16 03:49:19 PM,88.9,75.9,56.3,29.00,865,29.01,3.5,97.3,71.3,222,88.9,session,"Session - Jul 16, 2026 3:44:46 PM",2026-07-16 03:44:46 PM 3:44:46 PM,00:56:04,,,,Enter Notes
2026-07-16 03:49:24 PM,89.3,76.5,56.3,29.01,858,29.01,1.1,98.1,71.7,222,89.2,session,"Session - Jul 16, 2026 3:44:46 PM",2026-07-16 03:44:46 PM 3:44:46 PM,00:56:04,,,,Enter Notes
2026-07-16 03:49:29 PM,89.5,76.6,56.3,29.01,858,29.01,1.5,98.6,71.9,222,89.4,session,"Session - Jul 16, 2026 3:44:46 PM",2026-07-16 03:44:46 PM 3:44:46 PM,00:56:04,,,,Enter Notes
2026-07-16 03:49:34 PM,89.6,76.6,56.3,29.00,861,29.01,1.7,99.0,72.0,222,89.6,session,"Session - Jul 16, 2026 3:44:46 PM",2026-07-16 03:44:46 PM 3:44:46 PM,00:56:04,,,,Enter Notes
2026-07-16 03:49:39 PM,89.7,76.8,56.3,29.01,858,29.01,1.5,99.0,72.1,222,89.6,session,"Session - Jul 16, 2026 3:44:46 PM",2026-07-16 03:44:46 PM 3:44:46 PM,00:56:04,,,,Enter Notes
2026-07-16 03:49:44 PM,89.9,77.0,56.3,29.01,855,29.01,2.0,99.5,72.2,222,89.8,session,"Session - Jul 16, 2026 3:44:46 PM",2026-07-16 03:44:46 PM 3:44:46 PM,00:56:04,,,,Enter Notes
2026-07-16 03:49:49 PM,89.9,77.0,56.3,29.01,855,29.02,1.4,99.5,72.3,222,89.8,session,"Session - Jul 16, 2026 3:44:46 PM",2026-07-16 03:44:46 PM 3:44:46 PM,00:56:04,,,,Enter Notes
2026-07-16 03:49:54 PM,90.1,77.2,56.3,29.00,861,29.01,1.3,99.9,72.4,222,90.0,session,"Session - Jul 16, 2026 3:44:46 PM",2026-07-16 03:44:46 PM 3:44:46 PM,00:56:04,,,,Enter Notes
2026-07-16 03:49:59 PM,90.5,77.4,56.4,29.00,865,29.01,0.9,100.8,72.8,222,90.3,session,"Session - Jul 16, 2026 3:44:46 PM",2026-07-16 03:44:46 PM 3:44:46 PM,00:56:04,,,,Enter Notes
2026-07-16 03:50:04 PM,90.8,77.7,56.4,29.01,855,29.02,1.0,101.7,73.1,222,90.7,session,"Session - Jul 16, 2026 3:44:46 PM",2026-07-16 03:44:46 PM 3:44:46 PM,00:56:04,,,,Enter Notes
2026-07-16 03:50:09 PM,90.9,77.7,56.3,29.01,855,29.01,0.0,102.0,73.2,222,90.9,session,"Session - Jul 16, 2026 3:44:46 PM",2026-07-16 03:44:46 PM 3:44:46 PM,00:56:04,,,,Enter Notes
2026-07-16 03:50:14 PM,91.0,77.7,56.1,29.02,853,29.02,0.0,102.0,73.2,222,91.0,session,"Session - Jul 16, 2026 3:44:46 PM",2026-07-16 03:44:46 PM 3:44:46 PM,00:56:04,,,,Enter Notes
2026-07-16 03:50:19 PM,91.0,77.7,56.0,29.02,853,29.02,0.0,101.8,73.1,222,90.9,session,"Session - Jul 16, 2026 3:44:46 PM",2026-07-16 03:44:46 PM 3:44:46 PM,00:56:04,,,,Enter Notes
2026-07-16 03:50:24 PM,91.0,77.7,55.8,29.02,853,29.02,0.0,101.8,73.0,222,90.9,session,"Session - Jul 16, 2026 3:44:46 PM",2026-07-16 03:44:46 PM 3:44:46 PM,00:56:04,,,,Enter Notes
2026-07-16 03:50:29 PM,91.0,77.5,55.6,29.01,855,29.02,0.0,101.8,72.9,222,90.9,session,"Session - Jul 16, 2026 3:44:46 PM",2026-07-16 03:44:46 PM 3:44:46 PM,00:56:04,,,,Enter Notes
2026-07-16 03:50:34 PM,90.7,77.4,55.5,29.01,853,29.02,0.0,101.3,72.6,222,90.7,session,"Session - Jul 16, 2026 3:44:46 PM",2026-07-16 03:44:46 PM 3:44:46 PM,00:56:04,,,,Enter Notes
2026-07-16 03:50:39 PM,90.4,76.8,55.3,29.02,853,29.02,0.9,100.2,72.1,222,90.3,session,"Session - Jul 16, 2026 3:44:46 PM",2026-07-16 03:44:46 PM 3:44:46 PM,00:56:04,,,,Enter Notes
2026-07-16 03:50:44 PM,90.2,76.8,55.2,29.02,850,29.02,1.0,99.9,72.0,222,90.1,session,"Session - Jul 16, 2026 3:44:46 PM",2026-07-16 03:44:46 PM 3:44:46 PM,00:56:04,,,,Enter Notes
2026-07-16 03:50:49 PM,90.1,76.6,55.1,29.02,850,29.02,1.9,99.3,71.7,222,90.0,session,"Session - Jul 16, 2026 3:44:46 PM",2026-07-16 03:44:46 PM 3:44:46 PM,00:56:04,,,,Enter Notes
2026-07-16 03:50:54 PM,89.8,76.3,55.0,29.01,855,29.02,2.3,98.8,71.5,222,89.8,session,"Session - Jul 16, 2026 3:44:46 PM",2026-07-16 03:44:46 PM 3:44:46 PM,00:56:04,,,,Enter Notes
2026-07-16 03:50:59 PM,89.6,76.1,54.9,29.01,855,29.01,2.0,97.9,71.2,222,89.4,session,"Session - Jul 16, 2026 3:44:46 PM",2026-07-16 03:44:46 PM 3:44:46 PM,00:56:04,,,,Enter Notes
2026-07-16 03:51:04 PM,89.5,76.1,54.9,29.02,853,29.02,2.1,97.9,71.2,222,89.4,session,"Session - Jul 16, 2026 3:44:46 PM",2026-07-16 03:44:46 PM 3:44:46 PM,00:56:04,,,,Enter Notes
2026-07-16 03:51:09 PM,89.4,75.9,54.9,29.02,853,29.02,2.3,97.9,71.1,222,89.4,session,"Session - Jul 16, 2026 3:44:46 PM",2026-07-16 03:44:46 PM 3:44:46 PM,00:56:04,,,,Enter Notes
2026-07-16 03:51:14 PM,89.5,75.9,54.9,29.01,858,29.01,1.6,97.9,71.1,222,89.4,session,"Session - Jul 16, 2026 3:44:46 PM",2026-07-16 03:44:46 PM 3:44:46 PM,00:56:04,,,,Enter Notes
2026-07-16 03:51:19 PM,89.5,76.1,54.9,29.02,853,29.02,1.2,97.9,71.2,222,89.4,session,"Session - Jul 16, 2026 3:44:46 PM",2026-07-16 03:44:46 PM 3:44:46 PM,00:56:04,,,,Enter Notes
2026-07-16 03:51:24 PM,89.6,76.1,54.9,29.01,861,29.01,4.3,98.4,71.2,222,89.6,session,"Session - Jul 16, 2026 3:44:46 PM",2026-07-16 03:44:46 PM 3:44:46 PM,00:56:04,,,,Enter Notes
2026-07-16 03:51:29 PM,89.9,76.5,54.7,29.01,853,29.02,1.0,98.8,71.4,222,89.8,session,"Session - Jul 16, 2026 3:44:46 PM",2026-07-16 03:44:46 PM 3:44:46 PM,00:56:04,,,,Enter Notes
2026-07-16 03:51:34 PM,90.6,77.0,54.7,29.00,861,29.01,1.7,100.4,72.1,222,90.5,session,"Session - Jul 16, 2026 3:44:46 PM",2026-07-16 03:44:46 PM 3:44:46 PM,00:56:04,,,,Enter Notes
2026-07-16 03:51:39 PM,90.3,76.6,54.7,29.00,865,29.01,0.9,100.0,71.8,222,90.3,session,"Session - Jul 16, 2026 3:44:46 PM",2026-07-16 03:44:46 PM 3:44:46 PM,00:56:04,,,,Enter Notes
2026-07-16 03:51:44 PM,90.8,77.2,54.7,29.01,858,29.01,0.8,100.9,72.3,222,90.7,session,"Session - Jul 16, 2026 3:44:46 PM",2026-07-16 03:44:46 PM 3:44:46 PM,00:56:04,,,,Enter Notes
2026-07-16 03:51:49 PM,91.1,77.4,54.8,29.01,855,29.01,0.0,101.7,72.5,222,91.0,session,"Session - Jul 16, 2026 3:44:46 PM",2026-07-16 03:44:46 PM 3:44:46 PM,00:56:04,,,,Enter Notes
2026-07-16 03:51:54 PM,91.0,77.4,54.8,28.98,886,28.98,0.9,101.3,72.5,222,91.0,session,"Session - Jul 16, 2026 3:44:46 PM",2026-07-16 03:44:46 PM 3:44:46 PM,00:56:04,,,,Enter Notes
2026-07-16 03:51:59 PM,91.1,77.4,54.8,28.99,877,28.99,0.8,101.7,72.6,222,91.0,session,"Session - Jul 16, 2026 3:44:46 PM",2026-07-16 03:44:46 PM 3:44:46 PM,00:56:04,,,,Enter Notes
2026-07-16 03:52:04 PM,91.6,77.7,54.8,29.00,873,29.00,0.0,102.9,73.0,222,91.6,session,"Session - Jul 16, 2026 3:44:46 PM",2026-07-16 03:44:46 PM 3:44:46 PM,00:56:04,,,,Enter Notes
2026-07-16 03:52:09 PM,92.3,78.4,54.7,29.01,858,29.01,0.0,104.2,73.6,222,92.1,session,"Session - Jul 16, 2026 3:44:46 PM",2026-07-16 03:44:46 PM 3:44:46 PM,00:56:04,,,,Enter Notes
2026-07-16 03:52:14 PM,92.4,78.4,54.6,29.01,853,29.02,0.0,104.5,73.6,222,92.3,session,"Session - Jul 16, 2026 3:44:46 PM",2026-07-16 03:44:46 PM 3:44:46 PM,00:56:04,,,,Enter Notes
2026-07-16 03:52:19 PM,92.4,78.4,54.4,28.99,874,28.99,0.0,104.5,73.6,222,92.3,session,"Session - Jul 16, 2026 3:44:46 PM",2026-07-16 03:44:46 PM 3:44:46 PM,00:56:04,,,,Enter Notes
2026-07-16 03:52:24 PM,92.8,78.6,54.3,28.98,886,28.98,0.0,105.3,73.8,222,92.7,session,"Session - Jul 16, 2026 3:44:46 PM",2026-07-16 03:44:46 PM 3:44:46 PM,00:56:04,,,,Enter Notes
2026-07-16 03:52:29 PM,93.0,78.8,54.1,28.99,877,28.99,0.0,105.6,74.0,222,92.8,session,"Session - Jul 16, 2026 3:44:46 PM",2026-07-16 03:44:46 PM 3:44:46 PM,00:56:04,,,,Enter Notes
2026-07-16 03:52:34 PM,93.2,79.0,54.0,29.01,858,29.01,1.2,106.3,74.1,222,93.2,session,"Session - Jul 16, 2026 3:44:46 PM",2026-07-16 03:44:46 PM 3:44:46 PM,00:56:04,,,,Enter Notes
2026-07-16 03:52:39 PM,92.5,78.3,53.9,29.01,855,29.01,2.3,104.5,73.3,222,92.5,session,"Session - Jul 16, 2026 3:44:46 PM",2026-07-16 03:44:46 PM 3:44:46 PM,00:56:04,,,,Enter Notes
2026-07-16 03:52:44 PM,92.7,78.3,53.7,29.01,858,29.01,1.2,104.9,73.4,222,92.7,session,"Session - Jul 16, 2026 3:44:46 PM",2026-07-16 03:44:46 PM 3:44:46 PM,00:56:04,,,,Enter Notes
2026-07-16 03:52:49 PM,92.9,78.6,53.5,29.02,853,29.02,1.1,105.1,73.5,222,92.8,session,"Session - Jul 16, 2026 3:44:46 PM",2026-07-16 03:44:46 PM 3:44:46 PM,00:56:04,,,,Enter Notes
2026-07-16 03:52:54 PM,93.0,78.6,53.4,29.02,850,29.02,2.4,105.1,73.5,222,92.8,session,"Session - Jul 16, 2026 3:44:46 PM",2026-07-16 03:44:46 PM 3:44:46 PM,00:56:04,,,,Enter Notes
2026-07-16 03:52:59 PM,92.3,77.9,53.1,29.02,850,29.02,3.2,103.6,72.8,222,92.3,session,"Session - Jul 16, 2026 3:44:46 PM",2026-07-16 03:44:46 PM 3:44:46 PM,00:56:04,,,,Enter Notes
2026-07-16 03:53:04 PM,91.7,77.2,53.0,29.02,853,29.02,3.8,102.0,72.2,222,91.6,session,"Session - Jul 16, 2026 3:44:46 PM",2026-07-16 03:44:46 PM 3:44:46 PM,00:56:04,,,,Enter Notes
2026-07-16 03:53:09 PM,91.2,76.8,52.9,29.02,850,29.02,2.7,100.8,71.6,222,91.0,session,"Session - Jul 16, 2026 3:44:46 PM",2026-07-16 03:44:46 PM 3:44:46 PM,00:56:04,,,,Enter Notes
2026-07-16 03:53:14 PM,91.0,76.6,53.0,29.02,850,29.02,1.5,100.4,71.5,222,91.0,session,"Session - Jul 16, 2026 3:44:46 PM",2026-07-16 03:44:46 PM 3:44:46 PM,00:56:04,,,,Enter Notes
2026-07-16 03:53:19 PM,91.3,77.0,53.1,29.02,853,29.02,0.9,101.3,71.9,222,91.2,session,"Session - Jul 16, 2026 3:44:46 PM",2026-07-16 03:44:46 PM 3:44:46 PM,00:56:04,,,,Enter Notes
2026-07-16 03:53:24 PM,91.7,77.4,53.3,29.02,850,29.02,1.0,102.2,72.3,222,91.6,session,"Session - Jul 16, 2026 3:44:46 PM",2026-07-16 03:44:46 PM 3:44:46 PM,00:56:04,,,,Enter Notes
2026-07-16 03:53:29 PM,92.0,77.5,53.4,29.02,850,29.02,1.0,103.1,72.6,222,91.9,session,"Session - Jul 16, 2026 3:44:46 PM",2026-07-16 03:44:46 PM 3:44:46 PM,00:56:04,,,,Enter Notes
2026-07-16 03:53:34 PM,92.2,77.7,53.5,29.02,847,29.02,0.0,103.5,72.8,222,92.1,session,"Session - Jul 16, 2026 3:44:46 PM",2026-07-16 03:44:46 PM 3:44:46 PM,00:56:04,,,,Enter Notes
2026-07-16 03:53:39 PM,92.3,78.1,53.5,29.02,850,29.02,1.0,103.8,73.0,222,92.3,session,"Session - Jul 16, 2026 3:44:46 PM",2026-07-16 03:44:46 PM 3:44:46 PM,00:56:04,,,,Enter Notes
2026-07-16 03:53:44 PM,92.4,78.1,53.5,29.02,847,29.02,0.0,103.8,73.1,222,92.3,session,"Session - Jul 16, 2026 3:44:46 PM",2026-07-16 03:44:46 PM 3:44:46 PM,00:56:04,,,,Enter Notes
2026-07-16 03:53:49 PM,92.6,78.1,53.4,29.02,847,29.02,0.0,104.4,73.1,222,92.5,session,"Session - Jul 16, 2026 3:44:46 PM",2026-07-16 03:44:46 PM 3:44:46 PM,00:56:04,,,,Enter Notes
2026-07-16 03:53:54 PM,92.6,78.3,53.4,29.02,845,29.02,0.0,104.4,73.2,222,92.5,session,"Session - Jul 16, 2026 3:44:46 PM",2026-07-16 03:44:46 PM 3:44:46 PM,00:56:04,,,,Enter Notes
2026-07-16 03:53:59 PM,92.8,78.4,53.4,29.02,845,29.02,0.0,104.7,73.4,222,92.7,session,"Session - Jul 16, 2026 3:44:46 PM",2026-07-16 03:44:46 PM 3:44:46 PM,00:56:04,,,,Enter Notes
2026-07-16 03:54:04 PM,92.6,78.3,53.3,29.02,847,29.02,0.0,104.4,73.1,222,92.5,session,"Session - Jul 16, 2026 3:44:46 PM",2026-07-16 03:44:46 PM 3:44:46 PM,00:56:04,,,,Enter Notes
2026-07-16 03:54:09 PM,92.5,78.1,53.2,29.03,845,29.03,0.0,104.2,73.0,222,92.5,session,"Session - Jul 16, 2026 3:44:46 PM",2026-07-16 03:44:46 PM 3:44:46 PM,00:56:04,,,,Enter Notes
2026-07-16 03:54:14 PM,92.5,77.9,53.1,29.02,847,29.02,1.0,104.2,72.9,222,92.5,session,"Session - Jul 16, 2026 3:44:46 PM",2026-07-16 03:44:46 PM 3:44:46 PM,00:56:04,,,,Enter Notes
2026-07-16 03:54:19 PM,91.8,77.4,53.0,29.02,850,29.02,0.8,102.4,72.2,222,91.8,session,"Session - Jul 16, 2026 3:44:46 PM",2026-07-16 03:44:46 PM 3:44:46 PM,00:56:04,,,,Enter Notes
2026-07-16 03:54:24 PM,91.5,77.0,52.8,29.01,858,29.01,0.9,101.5,71.8,222,91.4,session,"Session - Jul 16, 2026 3:44:46 PM",2026-07-16 03:44:46 PM 3:44:46 PM,00:56:04,,,,Enter Notes
2026-07-16 03:54:29 PM,91.6,77.0,52.6,29.01,855,29.02,0.9,101.3,71.8,222,91.4,session,"Session - Jul 16, 2026 3:44:46 PM",2026-07-16 03:44:46 PM 3:44:46 PM,00:56:04,,,,Enter Notes
2026-07-16 03:54:34 PM,91.5,77.0,52.6,29.02,850,29.02,0.9,101.3,71.7,222,91.4,session,"Session - Jul 16, 2026 3:44:46 PM",2026-07-16 03:44:46 PM 3:44:46 PM,00:56:04,,,,Enter Notes
2026-07-16 03:54:39 PM,91.8,77.2,52.6,29.01,858,29.01,0.9,102.2,72.0,222,91.8,session,"Session - Jul 16, 2026 3:44:46 PM",2026-07-16 03:44:46 PM 3:44:46 PM,00:56:04,,,,Enter Notes
2026-07-16 03:54:44 PM,92.2,77.5,52.7,29.00,866,29.00,0.8,103.1,72.4,222,92.1,session,"Session - Jul 16, 2026 3:44:46 PM",2026-07-16 03:44:46 PM 3:44:46 PM,00:56:04,,,,Enter Notes
2026-07-16 03:54:49 PM,92.4,77.7,52.8,28.99,877,28.99,0.9,103.5,72.7,222,92.3,session,"Session - Jul 16, 2026 3:44:46 PM",2026-07-16 03:44:46 PM 3:44:46 PM,00:56:04,,,,Enter Notes
2026-07-16 03:54:54 PM,92.8,78.1,52.8,29.01,858,29.01,1.1,104.4,73.0,222,92.7,session,"Session - Jul 16, 2026 3:44:46 PM",2026-07-16 03:44:46 PM 3:44:46 PM,00:56:04,,,,Enter Notes
2026-07-16 03:54:59 PM,93.1,78.3,52.7,29.01,855,29.01,1.7,105.1,73.3,222,93.0,session,"Session - Jul 16, 2026 3:44:46 PM",2026-07-16 03:44:46 PM 3:44:46 PM,00:56:04,,,,Enter Notes
2026-07-16 03:55:04 PM,93.3,78.4,52.7,29.02,847,29.02,0.9,105.4,73.4,222,93.2,session,"Session - Jul 16, 2026 3:44:46 PM",2026-07-16 03:44:46 PM 3:44:46 PM,00:56:04,,,,Enter Notes
2026-07-16 03:55:09 PM,93.4,78.6,52.6,29.02,847,29.02,0.9,105.8,73.5,222,93.4,session,"Session - Jul 16, 2026 3:44:46 PM",2026-07-16 03:44:46 PM 3:44:46 PM,00:56:04,,,,Enter Notes
2026-07-16 03:55:14 PM,92.6,77.7,52.3,29.02,847,29.02,1.2,103.6,72.6,222,92.5,session,"Session - Jul 16, 2026 3:44:46 PM",2026-07-16 03:44:46 PM 3:44:46 PM,00:56:04,,,,Enter Notes
2026-07-16 03:55:19 PM,90.9,75.0,49.1,29.02,845,29.02,0.9,98.4,69.1,222,90.9,session,"Session - Jul 16, 2026 3:44:46 PM",2026-07-16 03:44:46 PM 3:44:46 PM,00:56:04,,,,Enter Notes
2026-07-16 03:55:24 PM,89.9,73.4,46.4,29.02,847,29.02,1.0,94.8,66.6,222,89.8,session,"Session - Jul 16, 2026 3:44:46 PM",2026-07-16 03:44:46 PM 3:44:46 PM,00:56:04,,,,Enter Notes
2026-07-16 03:55:29 PM,89.3,71.8,43.1,29.02,847,29.02,0.9,92.5,64.0,222,89.2,session,"Session - Jul 16, 2026 3:44:46 PM",2026-07-16 03:44:46 PM 3:44:46 PM,00:56:04,,,,Enter Notes
2026-07-16 03:55:34 PM,88.6,70.3,41.6,29.02,847,29.02,0.7,90.5,62.3,222,88.5,session,"Session - Jul 16, 2026 3:44:46 PM",2026-07-16 03:44:46 PM 3:44:46 PM,00:56:04,,,,Enter Notes
2026-07-16 03:55:39 PM,87.6,69.1,40.0,29.02,847,29.02,0.0,88.3,60.3,222,87.4,session,"Session - Jul 16, 2026 3:44:46 PM",2026-07-16 03:44:46 PM 3:44:46 PM,00:56:04,,,,Enter Notes
2026-07-16 03:55:44 PM,87.3,68.5,39.4,29.02,847,29.02,0.0,88.0,59.6,222,87.3,session,"Session - Jul 16, 2026 3:44:46 PM",2026-07-16 03:44:46 PM 3:44:46 PM,00:56:04,,,,Enter Notes
2026-07-16 03:55:49 PM,87.2,68.4,38.6,29.02,847,29.02,0.0,87.3,58.9,222,87.1,session,"Session - Jul 16, 2026 3:44:46 PM",2026-07-16 03:44:46 PM 3:44:46 PM,00:56:04,,,,Enter Notes
2026-07-16 03:55:54 PM,86.7,67.8,38.3,29.02,850,29.02,0.0,86.5,58.3,222,86.5,session,"Session - Jul 16, 2026 3:44:46 PM",2026-07-16 03:44:46 PM 3:44:46 PM,00:56:04,,,,Enter Notes
2026-07-16 03:55:59 PM,86.9,67.8,38.1,29.02,847,29.02,0.0,86.9,58.3,222,86.7,session,"Session - Jul 16, 2026 3:44:46 PM",2026-07-16 03:44:46 PM 3:44:46 PM,00:56:04,,,,Enter Notes
2026-07-16 03:56:04 PM,86.9,67.8,38.1,29.02,847,29.02,0.0,86.9,58.3,222,86.7,session,"Session - Jul 16, 2026 3:44:46 PM",2026-07-16 03:44:46 PM 3:44:46 PM,00:56:04,,,,Enter Notes
2026-07-16 03:56:09 PM,86.3,67.3,38.1,29.02,850,29.02,0.0,86.0,57.8,222,86.2,session,"Session - Jul 16, 2026 3:44:46 PM",2026-07-16 03:44:46 PM 3:44:46 PM,00:56:04,,,,Enter Notes
2026-07-16 03:56:14 PM,86.0,67.1,38.2,29.02,847,29.02,0.0,85.8,57.6,222,86.0,session,"Session - Jul 16, 2026 3:44:46 PM",2026-07-16 03:44:46 PM 3:44:46 PM,00:56:04,,,,Enter Notes
2026-07-16 03:56:19 PM,85.9,67.3,38.4,29.02,847,29.02,0.0,85.6,57.7,222,85.8,session,"Session - Jul 16, 2026 3:44:46 PM",2026-07-16 03:44:46 PM 3:44:46 PM,00:56:04,,,,Enter Notes
2026-07-16 03:56:24 PM,85.2,66.7,38.6,29.02,847,29.02,0.0,84.6,57.2,222,85.1,session,"Session - Jul 16, 2026 3:44:46 PM",2026-07-16 03:44:46 PM 3:44:46 PM,00:56:04,,,,Enter Notes
2026-07-16 03:56:29 PM,85.1,66.7,38.9,29.02,850,29.02,0.0,84.4,57.3,222,84.9,session,"Session - Jul 16, 2026 3:44:46 PM",2026-07-16 03:44:46 PM 3:44:46 PM,00:56:04,,,,Enter Notes
2026-07-16 03:56:34 PM,84.7,66.6,39.1,29.02,847,29.02,0.0,84.0,57.0,222,84.6,session,"Session - Jul 16, 2026 3:44:46 PM",2026-07-16 03:44:46 PM 3:44:46 PM,00:56:04,,,,Enter Notes
2026-07-16 03:56:39 PM,84.3,66.4,39.4,29.02,847,29.02,0.0,83.5,56.9,222,84.2,session,"Session - Jul 16, 2026 3:44:46 PM",2026-07-16 03:44:46 PM 3:44:46 PM,00:56:04,,,,Enter Notes
2026-07-16 03:56:44 PM,83.9,66.2,39.7,29.02,850,29.02,0.0,82.9,56.8,222,83.8,session,"Session - Jul 16, 2026 3:44:46 PM",2026-07-16 03:44:46 PM 3:44:46 PM,00:56:04,,,,Enter Notes
2026-07-16 03:56:49 PM,83.3,65.8,40.1,29.02,847,29.02,0.0,82.4,56.6,222,83.3,session,"Session - Jul 16, 2026 3:44:46 PM",2026-07-16 03:44:46 PM 3:44:46 PM,00:56:04,,,,Enter Notes
2026-07-16 03:56:54 PM,83.4,66.0,40.4,29.02,850,29.02,0.0,82.4,56.8,222,83.3,session,"Session - Jul 16, 2026 3:44:46 PM",2026-07-16 03:44:46 PM 3:44:46 PM,00:56:04,,,,Enter Notes
2026-07-16 03:56:59 PM,83.5,66.2,40.8,29.02,847,29.02,0.7,82.8,57.2,222,83.5,session,"Session - Jul 16, 2026 3:44:46 PM",2026-07-16 03:44:46 PM 3:44:46 PM,00:56:04,,,,Enter Notes
2026-07-16 03:57:04 PM,83.5,66.4,41.0,29.02,847,29.02,0.0,82.8,57.4,222,83.5,session,"Session - Jul 16, 2026 3:44:46 PM",2026-07-16 03:44:46 PM 3:44:46 PM,00:56:04,,,,Enter Notes
2026-07-16 03:57:09 PM,83.7,66.6,41.3,29.02,847,29.02,0.0,83.1,57.7,222,83.7,session,"Session - Jul 16, 2026 3:44:46 PM",2026-07-16 03:44:46 PM 3:44:46 PM,00:56:04,,,,Enter Notes
2026-07-16 03:57:14 PM,83.8,66.7,41.5,29.02,847,29.02,0.0,83.1,57.9,222,83.7,session,"Session - Jul 16, 2026 3:44:46 PM",2026-07-16 03:44:46 PM 3:44:46 PM,00:56:04,,,,Enter Notes
2026-07-16 03:57:19 PM,83.8,66.7,41.8,29.02,850,29.02,0.0,83.3,58.2,222,83.7,session,"Session - Jul 16, 2026 3:44:46 PM",2026-07-16 03:44:46 PM 3:44:46 PM,00:56:04,,,,Enter Notes
2026-07-16 03:57:24 PM,83.6,66.7,42.0,29.02,850,29.02,0.0,83.1,58.1,222,83.5,session,"Session - Jul 16, 2026 3:44:46 PM",2026-07-16 03:44:46 PM 3:44:46 PM,00:56:04,,,,Enter Notes
2026-07-16 03:57:29 PM,82.9,66.4,42.3,29.02,850,29.02,0.9,82.0,57.7,222,82.8,session,"Session - Jul 16, 2026 3:44:46 PM",2026-07-16 03:44:46 PM 3:44:46 PM,00:56:04,,,,Enter Notes
2026-07-16 03:57:34 PM,82.1,65.8,42.5,29.02,847,29.02,0.9,81.0,57.1,222,82.0,session,"Session - Jul 16, 2026 3:44:46 PM",2026-07-16 03:44:46 PM 3:44:46 PM,00:56:04,,,,Enter Notes
2026-07-16 03:57:39 PM,82.1,65.8,42.9,29.02,850,29.02,1.0,81.0,57.3,222,82.0,session,"Session - Jul 16, 2026 3:44:46 PM",2026-07-16 03:44:46 PM 3:44:46 PM,00:56:04,,,,Enter Notes
2026-07-16 03:57:44 PM,82.4,66.2,43.2,29.02,850,29.02,0.7,81.5,57.8,222,82.2,session,"Session - Jul 16, 2026 3:44:46 PM",2026-07-16 03:44:46 PM 3:44:46 PM,00:56:04,,,,Enter Notes
2026-07-16 03:57:49 PM,82.5,66.4,43.5,29.02,850,29.02,0.0,81.7,58.1,222,82.4,session,"Session - Jul 16, 2026 3:44:46 PM",2026-07-16 03:44:46 PM 3:44:46 PM,00:56:04,,,,Enter Notes
2026-07-16 03:57:54 PM,82.7,66.6,43.7,29.02,850,29.02,0.0,82.0,58.4,222,82.6,session,"Session - Jul 16, 2026 3:44:46 PM",2026-07-16 03:44:46 PM 3:44:46 PM,00:56:04,,,,Enter Notes
2026-07-16 03:57:59 PM,82.7,66.7,43.9,29.02,850,29.02,0.0,82.0,58.5,222,82.6,session,"Session - Jul 16, 2026 3:44:46 PM",2026-07-16 03:44:46 PM 3:44:46 PM,00:56:04,,,,Enter Notes
2026-07-16 03:58:04 PM,82.9,66.9,44.1,29.02,850,29.02,0.0,82.4,58.8,222,82.8,session,"Session - Jul 16, 2026 3:44:46 PM",2026-07-16 03:44:46 PM 3:44:46 PM,00:56:04,,,,Enter Notes
2026-07-16 03:58:09 PM,82.9,67.1,44.2,29.02,853,29.02,0.0,82.8,58.9,222,82.9,session,"Session - Jul 16, 2026 3:44:46 PM",2026-07-16 03:44:46 PM 3:44:46 PM,00:56:04,,,,Enter Notes
2026-07-16 03:58:14 PM,82.4,66.6,44.3,29.02,853,29.02,0.0,81.7,58.5,222,82.2,session,"Session - Jul 16, 2026 3:44:46 PM",2026-07-16 03:44:46 PM 3:44:46 PM,00:56:04,,,,Enter Notes
2026-07-16 03:58:19 PM,82.3,66.6,44.4,29.02,850,29.02,0.0,81.7,58.5,222,82.2,session,"Session - Jul 16, 2026 3:44:46 PM",2026-07-16 03:44:46 PM 3:44:46 PM,00:56:04,,,,Enter Notes
2026-07-16 03:58:24 PM,81.8,66.2,44.5,29.02,850,29.02,0.0,81.0,58.1,222,81.7,session,"Session - Jul 16, 2026 3:44:46 PM",2026-07-16 03:44:46 PM 3:44:46 PM,00:56:04,,,,Enter Notes
2026-07-16 03:58:29 PM,82.1,66.4,44.7,29.02,850,29.02,0.0,81.3,58.4,222,82.0,session,"Session - Jul 16, 2026 3:44:46 PM",2026-07-16 03:44:46 PM 3:44:46 PM,00:56:04,,,,Enter Notes
2026-07-16 03:58:34 PM,81.9,66.4,44.9,29.02,850,29.02,0.0,81.1,58.4,222,81.9,session,"Session - Jul 16, 2026 3:44:46 PM",2026-07-16 03:44:46 PM 3:44:46 PM,00:56:04,,,,Enter Notes
2026-07-16 03:58:39 PM,81.6,66.2,45.0,29.02,847,29.02,0.0,81.0,58.3,222,81.5,session,"Session - Jul 16, 2026 3:44:46 PM",2026-07-16 03:44:46 PM 3:44:46 PM,00:56:04,,,,Enter Notes
2026-07-16 03:58:44 PM,81.4,66.0,45.2,29.02,847,29.02,0.9,80.6,58.2,223,81.3,session,"Session - Jul 16, 2026 3:44:46 PM",2026-07-16 03:44:46 PM 3:44:46 PM,00:56:04,,,,Enter Notes
2026-07-16 03:58:49 PM,81.3,66.0,45.4,29.02,853,29.02,0.9,80.4,58.2,222,81.1,session,"Session - Jul 16, 2026 3:44:46 PM",2026-07-16 03:44:46 PM 3:44:46 PM,00:56:04,,,,Enter Notes
2026-07-16 03:58:54 PM,81.5,66.2,45.6,29.02,853,29.02,1.0,80.6,58.5,222,81.3,session,"Session - Jul 16, 2026 3:44:46 PM",2026-07-16 03:44:46 PM 3:44:46 PM,00:56:04,,,,Enter Notes
2026-07-16 03:58:59 PM,81.2,66.2,45.9,29.02,850,29.02,0.8,80.4,58.4,222,81.1,session,"Session - Jul 16, 2026 3:44:46 PM",2026-07-16 03:44:46 PM 3:44:46 PM,00:56:04,,,,Enter Notes
2026-07-16 03:59:04 PM,81.1,66.2,46.1,29.02,850,29.02,0.0,80.4,58.4,222,81.0,session,"Session - Jul 16, 2026 3:44:46 PM",2026-07-16 03:44:46 PM 3:44:46 PM,00:56:04,,,,Enter Notes
2026-07-16 03:59:09 PM,80.9,66.0,46.3,29.02,850,29.02,0.0,80.2,58.4,222,80.8,session,"Session - Jul 16, 2026 3:44:46 PM",2026-07-16 03:44:46 PM 3:44:46 PM,00:56:04,,,,Enter Notes
2026-07-16 03:59:14 PM,81.0,66.2,46.5,29.02,853,29.02,0.0,80.4,58.6,222,81.0,session,"Session - Jul 16, 2026 3:44:46 PM",2026-07-16 03:44:46 PM 3:44:46 PM,00:56:04,,,,Enter Notes
2026-07-16 03:59:19 PM,80.7,65.8,46.6,29.02,853,29.02,0.8,79.9,58.4,222,80.6,session,"Session - Jul 16, 2026 3:44:46 PM",2026-07-16 03:44:46 PM 3:44:46 PM,00:56:04,,,,Enter Notes
2026-07-16 03:59:24 PM,80.7,66.0,46.7,29.02,853,29.02,0.0,80.1,58.5,222,80.6,session,"Session - Jul 16, 2026 3:44:46 PM",2026-07-16 03:44:46 PM 3:44:46 PM,00:56:04,,,,Enter Notes
2026-07-16 03:59:29 PM,80.8,66.0,46.8,29.02,850,29.02,0.0,80.4,58.6,222,80.8,session,"Session - Jul 16, 2026 3:44:46 PM",2026-07-16 03:44:46 PM 3:44:46 PM,00:56:04,,,,Enter Notes
2026-07-16 03:59:34 PM,80.7,66.0,46.8,29.02,850,29.02,0.0,80.1,58.5,222,80.6,session,"Session - Jul 16, 2026 3:44:46 PM",2026-07-16 03:44:46 PM 3:44:46 PM,00:56:04,,,,Enter Notes
2026-07-16 03:59:39 PM,80.5,66.0,46.9,29.02,850,29.02,0.0,79.9,58.4,222,80.4,session,"Session - Jul 16, 2026 3:44:46 PM",2026-07-16 03:44:46 PM 3:44:46 PM,00:56:04,,,,Enter Notes
2026-07-16 03:59:44 PM,80.4,65.8,47.0,29.02,853,29.02,0.0,79.7,58.3,222,80.2,session,"Session - Jul 16, 2026 3:44:46 PM",2026-07-16 03:44:46 PM 3:44:46 PM,00:56:04,,,,Enter Notes
2026-07-16 03:59:49 PM,80.5,65.8,47.1,29.02,850,29.02,0.0,79.9,58.5,222,80.4,session,"Session - Jul 16, 2026 3:44:46 PM",2026-07-16 03:44:46 PM 3:44:46 PM,00:56:04,,,,Enter Notes
2026-07-16 03:59:54 PM,80.5,66.0,47.2,29.02,850,29.02,0.0,79.9,58.5,222,80.4,session,"Session - Jul 16, 2026 3:44:46 PM",2026-07-16 03:44:46 PM 3:44:46 PM,00:56:04,,,,Enter Notes
2026-07-16 03:59:59 PM,80.6,66.2,47.4,29.02,853,29.02,0.0,80.1,58.7,222,80.6,session,"Session - Jul 16, 2026 3:44:46 PM",2026-07-16 03:44:46 PM 3:44:46 PM,00:56:04,,,,Enter Notes
2026-07-16 04:00:04 PM,80.3,65.8,47.4,29.02,853,29.02,0.0,79.7,58.5,222,80.2,session,"Session - Jul 16, 2026 3:44:46 PM",2026-07-16 03:44:46 PM 3:44:46 PM,00:56:04,,,,Enter Notes
2026-07-16 04:00:09 PM,79.9,65.7,47.5,29.02,850,29.02,0.0,79.3,58.2,222,79.9,session,"Session - Jul 16, 2026 3:44:46 PM",2026-07-16 03:44:46 PM 3:44:46 PM,00:56:04,,,,Enter Notes
2026-07-16 04:00:14 PM,80.0,65.7,47.6,29.02,850,29.02,0.0,79.3,58.3,222,79.9,session,"Session - Jul 16, 2026 3:44:46 PM",2026-07-16 03:44:46 PM 3:44:46 PM,00:56:04,,,,Enter Notes
2026-07-16 04:00:19 PM,79.7,65.5,47.7,29.02,853,29.02,0.0,79.2,58.2,222,79.7,session,"Session - Jul 16, 2026 3:44:46 PM",2026-07-16 03:44:46 PM 3:44:46 PM,00:56:04,,,,Enter Notes
2026-07-16 04:00:24 PM,79.6,65.5,47.9,29.02,853,29.02,0.0,78.8,58.1,222,79.5,session,"Session - Jul 16, 2026 3:44:46 PM",2026-07-16 03:44:46 PM 3:44:46 PM,00:56:04,,,,Enter Notes
2026-07-16 04:00:29 PM,79.8,65.7,48.1,29.02,853,29.02,0.0,79.2,58.4,222,79.7,session,"Session - Jul 16, 2026 3:44:46 PM",2026-07-16 03:44:46 PM 3:44:46 PM,00:56:04,,,,Enter Notes
2026-07-16 04:00:34 PM,79.6,65.7,48.4,29.02,850,29.02,0.0,78.8,58.4,222,79.5,session,"Session - Jul 16, 2026 3:44:46 PM",2026-07-16 03:44:46 PM 3:44:46 PM,00:56:04,,,,Enter Notes
2026-07-16 04:00:39 PM,79.7,65.8,48.6,29.02,850,29.02,0.0,79.0,58.6,222,79.5,session,"Session - Jul 16, 2026 3:44:46 PM",2026-07-16 03:44:46 PM 3:44:46 PM,00:56:04,,,,Enter Notes
2026-07-16 04:00:44 PM,79.0,65.3,48.6,29.02,853,29.02,0.0,78.3,58.0,222,79.0,session,"Session - Jul 16, 2026 3:44:46 PM",2026-07-16 03:44:46 PM 3:44:46 PM,00:56:04,,,,Enter Notes
2026-07-16 04:00:49 PM,78.7,65.1,48.8,29.02,850,29.02,0.0,77.9,57.8,222,78.6,session,"Session - Jul 16, 2026 3:44:46 PM",2026-07-16 03:44:46 PM 3:44:46 PM,00:56:04,,,,Enter Notes
2026-07-16 04:00:54 PM,78.8,65.1,48.9,29.02,853,29.02,0.0,78.1,58.0,222,78.8,session,"Session - Jul 16, 2026 3:44:46 PM",2026-07-16 03:44:46 PM 3:44:46 PM,00:56:04,,,,Enter Notes
2026-07-16 04:00:59 PM,78.9,65.3,49.1,29.02,850,29.02,0.0,78.1,58.2,222,78.8,session,"Session - Jul 16, 2026 3:44:46 PM",2026-07-16 03:44:46 PM 3:44:46 PM,00:56:04,,,,Enter Notes
2026-07-16 04:01:04 PM,78.9,65.3,49.2,29.02,853,29.02,0.0,78.1,58.3,222,78.8,session,"Session - Jul 16, 2026 3:44:46 PM",2026-07-16 03:44:46 PM 3:44:46 PM,00:56:04,,,,Enter Notes
2026-07-16 04:01:09 PM,79.1,65.5,49.3,29.02,853,29.02,0.0,78.4,58.5,222,79.0,session,"Session - Jul 16, 2026 3:44:46 PM",2026-07-16 03:44:46 PM 3:44:46 PM,00:56:04,,,,Enter Notes
2026-07-16 04:01:14 PM,79.2,65.5,49.4,29.02,853,29.02,0.0,78.6,58.7,222,79.2,session,"Session - Jul 16, 2026 3:44:46 PM",2026-07-16 03:44:46 PM 3:44:46 PM,00:56:04,,,,Enter Notes
2026-07-16 04:01:19 PM,79.2,65.7,49.5,29.02,853,29.02,0.0,78.6,58.7,222,79.2,session,"Session - Jul 16, 2026 3:44:46 PM",2026-07-16 03:44:46 PM 3:44:46 PM,00:56:04,,,,Enter Notes
2026-07-16 04:01:24 PM,79.1,65.5,49.7,29.01,853,29.02,0.0,78.4,58.6,222,79.0,session,"Session - Jul 16, 2026 3:44:46 PM",2026-07-16 03:44:46 PM 3:44:46 PM,00:56:04,,,,Enter Notes
2026-07-16 04:01:29 PM,79.0,65.5,49.8,29.01,853,29.02,0.0,78.3,58.6,222,78.8,session,"Session - Jul 16, 2026 3:44:46 PM",2026-07-16 03:44:46 PM 3:44:46 PM,00:56:04,,,,Enter Notes
2026-07-16 04:01:34 PM,79.2,65.7,49.9,29.02,850,29.02,0.0,78.6,58.9,222,79.2,session,"Session - Jul 16, 2026 3:44:46 PM",2026-07-16 03:44:46 PM 3:44:46 PM,00:56:04,,,,Enter Notes
2026-07-16 04:01:39 PM,79.2,65.8,50.0,29.02,850,29.02,0.0,78.8,59.0,222,79.2,session,"Session - Jul 16, 2026 3:44:46 PM",2026-07-16 03:44:46 PM 3:44:46 PM,00:56:04,,,,Enter Notes
2026-07-16 04:01:44 PM,79.3,66.0,50.1,29.02,853,29.02,0.0,78.8,59.1,222,79.2,session,"Session - Jul 16, 2026 3:44:46 PM",2026-07-16 03:44:46 PM 3:44:46 PM,00:56:04,,,,Enter Notes
2026-07-16 04:01:49 PM,79.4,66.0,50.1,29.02,853,29.02,0.0,79.2,59.2,222,79.3,session,"Session - Jul 16, 2026 3:44:46 PM",2026-07-16 03:44:46 PM 3:44:46 PM,00:56:04,,,,Enter Notes
2026-07-16 04:01:54 PM,79.4,66.0,50.1,29.01,853,29.02,0.0,79.2,59.2,222,79.3,session,"Session - Jul 16, 2026 3:44:46 PM",2026-07-16 03:44:46 PM 3:44:46 PM,00:56:04,,,,Enter Notes
2026-07-16 04:01:59 PM,79.5,66.0,50.0,29.01,853,29.02,0.0,79.2,59.3,222,79.3,session,"Session - Jul 16, 2026 3:44:46 PM",2026-07-16 03:44:46 PM 3:44:46 PM,00:56:04,,,,Enter Notes
2026-07-16 04:02:04 PM,79.5,66.2,50.0,29.02,853,29.02,0.0,79.3,59.3,222,79.5,session,"Session - Jul 16, 2026 3:44:46 PM",2026-07-16 03:44:46 PM 3:44:46 PM,00:56:04,,,,Enter Notes
2026-07-16 04:02:09 PM,79.7,66.2,49.9,29.02,853,29.02,0.0,79.2,59.4,222,79.5,session,"Session - Jul 16, 2026 3:44:46 PM",2026-07-16 03:44:46 PM 3:44:46 PM,00:56:04,,,,Enter Notes
2026-07-16 04:02:14 PM,79.5,66.0,49.9,29.02,850,29.02,0.0,79.0,59.2,222,79.3,session,"Session - Jul 16, 2026 3:44:46 PM",2026-07-16 03:44:46 PM 3:44:46 PM,00:56:04,,,,Enter Notes
2026-07-16 04:02:19 PM,79.2,65.8,49.8,29.02,853,29.02,0.0,78.6,58.9,222,79.2,session,"Session - Jul 16, 2026 3:44:46 PM",2026-07-16 03:44:46 PM 3:44:46 PM,00:56:04,,,,Enter Notes
2026-07-16 04:02:24 PM,79.3,65.8,49.8,29.02,853,29.02,0.0,78.6,59.0,222,79.2,session,"Session - Jul 16, 2026 3:44:46 PM",2026-07-16 03:44:46 PM 3:44:46 PM,00:56:04,,,,Enter Notes
2026-07-16 04:02:29 PM,79.2,65.7,49.8,29.02,850,29.02,0.0,78.6,58.9,222,79.2,session,"Session - Jul 16, 2026 3:44:46 PM",2026-07-16 03:44:46 PM 3:44:46 PM,00:56:04,,,,Enter Notes
2026-07-16 04:02:34 PM,79.3,65.8,49.8,29.01,853,29.02,0.0,78.6,58.9,222,79.2,session,"Session - Jul 16, 2026 3:44:46 PM",2026-07-16 03:44:46 PM 3:44:46 PM,00:56:04,,,,Enter Notes
2026-07-16 04:02:39 PM,79.3,65.8,49.8,29.01,853,29.02,0.0,79.0,59.0,222,79.3,session,"Session - Jul 16, 2026 3:44:46 PM",2026-07-16 03:44:46 PM 3:44:46 PM,00:56:04,,,,Enter Notes
2026-07-16 04:02:44 PM,79.0,65.7,49.8,29.02,853,29.02,0.0,78.4,58.7,222,79.0,session,"Session - Jul 16, 2026 3:44:46 PM",2026-07-16 03:44:46 PM 3:44:46 PM,00:56:04,,,,Enter Notes
2026-07-16 04:02:49 PM,79.0,65.5,49.9,29.01,853,29.02,0.0,78.3,58.7,222,79.0,session,"Session - Jul 16, 2026 3:44:46 PM",2026-07-16 03:44:46 PM 3:44:46 PM,00:56:04,,,,Enter Notes
2026-07-16 04:02:54 PM,78.9,65.5,49.9,29.02,853,29.02,0.0,78.3,58.6,222,78.8,session,"Session - Jul 16, 2026 3:44:46 PM",2026-07-16 03:44:46 PM 3:44:46 PM,00:56:04,,,,Enter Notes
2026-07-16 04:02:59 PM,78.8,65.5,50.0,29.01,853,29.02,0.0,78.3,58.6,222,78.8,session,"Session - Jul 16, 2026 3:44:46 PM",2026-07-16 03:44:46 PM 3:44:46 PM,00:56:04,,,,Enter Notes
2026-07-16 04:03:04 PM,78.8,65.5,50.0,29.01,855,29.02,0.0,78.4,58.6,222,78.8,session,"Session - Jul 16, 2026 3:44:46 PM",2026-07-16 03:44:46 PM 3:44:46 PM,00:56:04,,,,Enter Notes
2026-07-16 04:03:09 PM,78.9,65.5,50.1,29.01,855,29.02,0.0,78.4,58.7,222,78.8,session,"Session - Jul 16, 2026 3:44:46 PM",2026-07-16 03:44:46 PM 3:44:46 PM,00:56:04,,,,Enter Notes
2026-07-16 04:03:14 PM,78.8,65.5,50.2,29.01,855,29.02,0.0,78.1,58.7,222,78.6,session,"Session - Jul 16, 2026 3:44:46 PM",2026-07-16 03:44:46 PM 3:44:46 PM,00:56:04,,,,Enter Notes
2026-07-16 04:03:19 PM,78.7,65.5,50.2,29.01,855,29.02,0.0,78.1,58.6,222,78.6,session,"Session - Jul 16, 2026 3:44:46 PM",2026-07-16 03:44:46 PM 3:44:46 PM,00:56:04,,,,Enter Notes
2026-07-16 04:03:24 PM,78.7,65.5,50.3,29.01,853,29.02,0.0,78.1,58.6,222,78.6,session,"Session - Jul 16, 2026 3:44:46 PM",2026-07-16 03:44:46 PM 3:44:46 PM,00:56:04,,,,Enter Notes
2026-07-16 04:03:29 PM,78.6,65.5,50.4,29.02,853,29.02,1.1,78.1,58.6,222,78.6,session,"Session - Jul 16, 2026 3:44:46 PM",2026-07-16 03:44:46 PM 3:44:46 PM,00:56:04,,,,Enter Notes
2026-07-16 04:03:34 PM,78.5,65.3,50.4,29.02,853,29.02,0.8,77.9,58.6,222,78.4,session,"Session - Jul 16, 2026 3:44:46 PM",2026-07-16 03:44:46 PM 3:44:46 PM,00:56:04,,,,Enter Notes
2026-07-16 04:03:39 PM,78.3,65.1,50.5,29.02,853,29.02,0.0,77.7,58.4,222,78.3,session,"Session - Jul 16, 2026 3:44:46 PM",2026-07-16 03:44:46 PM 3:44:46 PM,00:56:04,,,,Enter Notes
2026-07-16 04:03:44 PM,78.2,65.1,50.6,29.01,855,29.02,0.0,77.4,58.4,222,78.1,session,"Session - Jul 16, 2026 3:44:46 PM",2026-07-16 03:44:46 PM 3:44:46 PM,00:56:04,,,,Enter Notes
2026-07-16 04:03:49 PM,78.1,65.1,50.7,29.01,853,29.02,0.0,77.4,58.3,222,78.1,session,"Session - Jul 16, 2026 3:44:46 PM",2026-07-16 03:44:46 PM 3:44:46 PM,00:56:04,,,,Enter Notes
2026-07-16 04:03:54 PM,77.8,64.8,50.7,29.02,853,29.02,0.0,77.0,58.0,223,77.7,session,"Session - Jul 16, 2026 3:44:46 PM",2026-07-16 03:44:46 PM 3:44:46 PM,00:56:04,,,,Enter Notes
2026-07-16 04:03:59 PM,77.7,64.8,50.9,29.01,855,29.02,0.0,76.6,58.1,222,77.5,session,"Session - Jul 16, 2026 3:44:46 PM",2026-07-16 03:44:46 PM 3:44:46 PM,00:56:04,,,,Enter Notes
2026-07-16 04:04:04 PM,77.6,64.8,50.9,29.02,853,29.02,0.9,76.8,58.0,222,77.5,session,"Session - Jul 16, 2026 3:44:46 PM",2026-07-16 03:44:46 PM 3:44:46 PM,00:56:04,,,,Enter Notes
2026-07-16 04:04:09 PM,77.6,64.8,51.0,29.01,855,29.02,0.8,76.8,58.0,222,77.5,session,"Session - Jul 16, 2026 3:44:46 PM",2026-07-16 03:44:46 PM 3:44:46 PM,00:56:04,,,,Enter Notes
2026-07-16 04:04:14 PM,77.6,64.8,51.1,29.01,853,29.02,0.0,76.8,58.2,222,77.5,session,"Session - Jul 16, 2026 3:44:46 PM",2026-07-16 03:44:46 PM 3:44:46 PM,00:56:04,,,,Enter Notes
2026-07-16 04:04:19 PM,77.7,64.9,51.2,29.01,855,29.02,0.0,76.8,58.3,222,77.5,session,"Session - Jul 16, 2026 3:44:46 PM",2026-07-16 03:44:46 PM 3:44:46 PM,00:56:04,,,,Enter Notes
2026-07-16 04:04:24 PM,77.3,64.6,51.3,29.02,853,29.02,0.0,76.3,57.9,222,77.2,session,"Session - Jul 16, 2026 3:44:46 PM",2026-07-16 03:44:46 PM 3:44:46 PM,00:56:04,,,,Enter Notes
2026-07-16 04:04:29 PM,77.0,64.4,51.5,29.01,853,29.02,0.0,76.1,57.8,222,77.0,session,"Session - Jul 16, 2026 3:44:46 PM",2026-07-16 03:44:46 PM 3:44:46 PM,00:56:04,,,,Enter Notes
2026-07-16 04:04:34 PM,76.9,64.4,51.6,29.01,853,29.02,0.0,75.7,57.7,222,76.8,session,"Session - Jul 16, 2026 3:44:46 PM",2026-07-16 03:44:46 PM 3:44:46 PM,00:56:04,,,,Enter Notes
2026-07-16 04:04:39 PM,76.9,64.6,51.9,29.02,853,29.02,0.0,75.9,57.8,222,76.8,session,"Session - Jul 16, 2026 3:44:46 PM",2026-07-16 03:44:46 PM 3:44:46 PM,00:56:04,,,,Enter Notes
2026-07-16 04:04:44 PM,77.0,64.6,52.1,29.02,853,29.02,0.0,76.3,58.1,222,77.0,session,"Session - Jul 16, 2026 3:44:46 PM",2026-07-16 03:44:46 PM 3:44:46 PM,00:56:04,,,,Enter Notes
2026-07-16 04:04:49 PM,77.2,64.8,52.2,29.02,853,29.02,0.0,76.5,58.3,222,77.2,session,"Session - Jul 16, 2026 3:44:46 PM",2026-07-16 03:44:46 PM 3:44:46 PM,00:56:04,,,,Enter Notes
2026-07-16 04:04:54 PM,77.1,64.8,52.3,29.01,853,29.02,0.0,76.3,58.3,222,77.0,session,"Session - Jul 16, 2026 3:44:46 PM",2026-07-16 03:44:46 PM 3:44:46 PM,00:56:04,,,,Enter Notes
2026-07-16 04:04:59 PM,77.2,64.9,52.5,29.01,853,29.02,0.0,76.5,58.5,222,77.2,session,"Session - Jul 16, 2026 3:44:46 PM",2026-07-16 03:44:46 PM 3:44:46 PM,00:56:04,,,,Enter Notes
2026-07-16 04:05:04 PM,77.4,65.1,52.5,29.01,855,29.02,0.0,76.6,58.7,222,77.4,session,"Session - Jul 16, 2026 3:44:46 PM",2026-07-16 03:44:46 PM 3:44:46 PM,00:56:04,,,,Enter Notes
2026-07-16 04:05:09 PM,77.6,65.3,52.6,29.01,853,29.02,0.0,77.0,58.9,222,77.5,session,"Session - Jul 16, 2026 3:44:46 PM",2026-07-16 03:44:46 PM 3:44:46 PM,00:56:04,,,,Enter Notes
2026-07-16 04:05:14 PM,77.8,65.5,52.7,29.02,850,29.02,0.0,77.2,59.1,222,77.7,session,"Session - Jul 16, 2026 3:44:46 PM",2026-07-16 03:44:46 PM 3:44:46 PM,00:56:04,,,,Enter Notes
2026-07-16 04:05:19 PM,77.9,65.7,52.7,29.01,855,29.01,0.0,77.5,59.3,222,77.9,session,"Session - Jul 16, 2026 3:44:46 PM",2026-07-16 03:44:46 PM 3:44:46 PM,00:56:04,,,,Enter Notes
2026-07-16 04:05:24 PM,77.9,65.7,52.7,29.01,855,29.02,0.0,77.5,59.3,222,77.9,session,"Session - Jul 16, 2026 3:44:46 PM",2026-07-16 03:44:46 PM 3:44:46 PM,00:56:04,,,,Enter Notes
2026-07-16 04:05:29 PM,77.9,65.7,52.8,29.01,855,29.02,0.0,77.5,59.3,222,77.9,session,"Session - Jul 16, 2026 3:44:46 PM",2026-07-16 03:44:46 PM 3:44:46 PM,00:56:04,,,,Enter Notes
2026-07-16 04:05:34 PM,78.2,65.8,52.9,29.01,858,29.01,0.0,77.7,59.6,222,78.1,session,"Session - Jul 16, 2026 3:44:46 PM",2026-07-16 03:44:46 PM 3:44:46 PM,00:56:04,,,,Enter Notes
2026-07-16 04:05:39 PM,80.3,68.7,56.0,29.01,858,29.01,0.0,81.3,63.2,222,80.2,session,"Session - Jul 16, 2026 3:44:46 PM",2026-07-16 03:44:46 PM 3:44:46 PM,00:56:04,,,,Enter Notes
2026-07-16 04:05:44 PM,81.8,70.9,59.5,29.01,858,29.01,0.0,84.0,66.3,222,81.7,session,"Session - Jul 16, 2026 3:44:46 PM",2026-07-16 03:44:46 PM 3:44:46 PM,00:56:04,,,,Enter Notes
2026-07-16 04:05:49 PM,83.1,73.4,64.0,29.01,858,29.01,0.0,87.8,69.7,222,83.1,session,"Session - Jul 16, 2026 3:44:46 PM",2026-07-16 03:44:46 PM 3:44:46 PM,00:56:04,,,,Enter Notes
2026-07-16 04:05:54 PM,84.0,74.8,66.1,29.01,858,29.01,0.0,90.1,71.5,222,83.8,session,"Session - Jul 16, 2026 3:44:46 PM",2026-07-16 03:44:46 PM 3:44:46 PM,00:56:04,,,,Enter Notes
2026-07-16 04:05:59 PM,84.6,75.9,68.0,29.01,855,29.02,0.0,92.5,72.8,222,84.6,session,"Session - Jul 16, 2026 3:44:46 PM",2026-07-16 03:44:46 PM 3:44:46 PM,00:56:04,,,,Enter Notes
2026-07-16 04:06:04 PM,85.6,77.0,68.6,29.01,855,29.02,0.8,94.8,74.1,222,85.5,session,"Session - Jul 16, 2026 3:44:46 PM",2026-07-16 03:44:46 PM 3:44:46 PM,00:56:04,,,,Enter Notes
2026-07-16 04:06:09 PM,87.1,78.6,69.2,29.01,858,29.01,3.9,98.4,75.7,222,86.9,session,"Session - Jul 16, 2026 3:44:46 PM",2026-07-16 03:44:46 PM 3:44:46 PM,00:56:04,,,,Enter Notes
2026-07-16 04:06:14 PM,88.2,79.5,69.0,29.01,858,29.01,5.3,101.5,76.7,222,88.2,session,"Session - Jul 16, 2026 3:44:46 PM",2026-07-16 03:44:46 PM 3:44:46 PM,00:56:04,,,,Enter Notes
2026-07-16 04:06:19 PM,88.9,79.9,68.2,29.00,865,29.00,2.0,103.1,77.1,222,88.9,session,"Session - Jul 16, 2026 3:44:46 PM",2026-07-16 03:44:46 PM 3:44:46 PM,00:56:04,,,,Enter Notes
2026-07-16 04:06:24 PM,89.5,80.2,67.6,29.01,858,29.01,1.3,104.5,77.4,223,89.4,session,"Session - Jul 16, 2026 3:44:46 PM",2026-07-16 03:44:46 PM 3:44:46 PM,00:56:04,,,,Enter Notes
2026-07-16 04:06:29 PM,90.0,80.4,66.6,29.01,858,29.01,1.0,105.4,77.4,223,90.0,session,"Session - Jul 16, 2026 3:44:46 PM",2026-07-16 03:44:46 PM 3:44:46 PM,00:56:04,,,,Enter Notes
2026-07-16 04:06:34 PM,90.4,80.6,66.0,29.01,855,29.02,0.9,106.2,77.5,223,90.3,session,"Session - Jul 16, 2026 3:44:46 PM",2026-07-16 03:44:46 PM 3:44:46 PM,00:56:04,,,,Enter Notes
2026-07-16 04:06:39 PM,90.3,80.1,64.8,29.02,853,29.02,1.0,105.4,76.8,222,90.3,session,"Session - Jul 16, 2026 3:44:46 PM",2026-07-16 03:44:46 PM 3:44:46 PM,00:56:04,,,,Enter Notes
2026-07-16 04:06:44 PM,90.0,79.5,64.0,29.02,853,29.02,1.0,104.0,76.2,222,90.0,session,"Session - Jul 16, 2026 3:44:46 PM",2026-07-16 03:44:46 PM 3:44:46 PM,00:56:04,,,,Enter Notes
2026-07-16 04:06:49 PM,89.6,78.8,62.8,29.01,853,29.02,1.5,101.8,75.2,222,89.4,session,"Session - Jul 16, 2026 3:44:46 PM",2026-07-16 03:44:46 PM 3:44:46 PM,00:56:04,,,,Enter Notes
2026-07-16 04:06:54 PM,89.2,78.3,62.0,29.02,853,29.02,1.5,100.4,74.5,222,89.1,session,"Session - Jul 16, 2026 3:44:46 PM",2026-07-16 03:44:46 PM 3:44:46 PM,00:56:04,,,,Enter Notes
2026-07-16 04:06:59 PM,89.0,77.5,61.1,29.01,853,29.02,1.1,99.5,73.8,222,88.9,session,"Session - Jul 16, 2026 3:44:46 PM",2026-07-16 03:44:46 PM 3:44:46 PM,00:56:04,,,,Enter Notes
2026-07-16 04:07:04 PM,88.8,77.4,60.7,29.02,853,29.02,1.3,98.8,73.5,222,88.7,session,"Session - Jul 16, 2026 3:44:46 PM",2026-07-16 03:44:46 PM 3:44:46 PM,00:56:04,,,,Enter Notes
2026-07-16 04:07:09 PM,88.8,77.2,60.1,29.01,855,29.02,1.1,98.6,73.1,222,88.7,session,"Session - Jul 16, 2026 3:44:46 PM",2026-07-16 03:44:46 PM 3:44:46 PM,00:56:04,,,,Enter Notes
2026-07-16 04:07:14 PM,88.7,77.0,59.7,29.01,855,29.02,0.9,98.4,72.9,222,88.7,session,"Session - Jul 16, 2026 3:44:46 PM",2026-07-16 03:44:46 PM 3:44:46 PM,00:56:04,,,,Enter Notes
2026-07-16 04:07:19 PM,88.7,76.8,59.3,29.01,855,29.02,0.9,98.2,72.6,222,88.7,session,"Session - Jul 16, 2026 3:44:46 PM",2026-07-16 03:44:46 PM 3:44:46 PM,00:56:04,,,,Enter Notes
2026-07-16 04:07:24 PM,89.0,77.0,59.0,29.01,855,29.01,0.0,98.4,72.8,222,88.9,session,"Session - Jul 16, 2026 3:44:46 PM",2026-07-16 03:44:46 PM 3:44:46 PM,00:56:04,,,,Enter Notes
2026-07-16 04:07:29 PM,89.2,77.0,58.5,29.01,861,29.01,0.9,98.8,72.7,222,89.1,session,"Session - Jul 16, 2026 3:44:46 PM",2026-07-16 03:44:46 PM 3:44:46 PM,00:56:04,,,,Enter Notes
2026-07-16 04:07:34 PM,89.5,77.2,58.2,29.00,866,29.00,0.8,99.5,72.9,222,89.4,session,"Session - Jul 16, 2026 3:44:46 PM",2026-07-16 03:44:46 PM 3:44:46 PM,00:56:04,,,,Enter Notes
2026-07-16 04:07:39 PM,89.8,77.4,58.0,29.01,855,29.02,0.8,100.2,73.1,222,89.8,session,"Session - Jul 16, 2026 3:44:46 PM",2026-07-16 03:44:46 PM 3:44:46 PM,00:56:04,,,,Enter Notes
2026-07-16 04:07:44 PM,89.8,77.4,57.9,29.01,858,29.01,0.0,100.2,73.0,222,89.8,session,"Session - Jul 16, 2026 3:44:46 PM",2026-07-16 03:44:46 PM 3:44:46 PM,00:56:04,,,,Enter Notes
2026-07-16 04:07:49 PM,90.0,77.4,57.6,29.01,858,29.01,0.9,100.6,73.0,222,90.0,session,"Session - Jul 16, 2026 3:44:46 PM",2026-07-16 03:44:46 PM 3:44:46 PM,00:56:04,,,,Enter Notes
2026-07-16 04:07:54 PM,90.2,77.4,57.4,29.01,858,29.01,0.9,100.9,73.1,222,90.1,session,"Session - Jul 16, 2026 3:44:46 PM",2026-07-16 03:44:46 PM 3:44:46 PM,00:56:04,,,,Enter Notes
2026-07-16 04:07:59 PM,90.2,77.5,57.0,29.01,861,29.01,0.7,100.8,73.0,222,90.1,session,"Session - Jul 16, 2026 3:44:46 PM",2026-07-16 03:44:46 PM 3:44:46 PM,00:56:04,,,,Enter Notes
2026-07-16 04:08:04 PM,90.4,77.5,56.8,29.01,858,29.01,0.0,100.9,73.0,222,90.3,session,"Session - Jul 16, 2026 3:44:46 PM",2026-07-16 03:44:46 PM 3:44:46 PM,00:56:04,,,,Enter Notes
2026-07-16 04:08:09 PM,90.6,77.5,56.6,29.01,858,29.01,0.0,101.3,73.0,222,90.5,session,"Session - Jul 16, 2026 3:44:46 PM",2026-07-16 03:44:46 PM 3:44:46 PM,00:56:04,,,,Enter Notes
2026-07-16 04:08:14 PM,90.5,77.5,56.5,29.01,861,29.01,0.9,101.3,73.0,222,90.5,session,"Session - Jul 16, 2026 3:44:46 PM",2026-07-16 03:44:46 PM 3:44:46 PM,00:56:04,,,,Enter Notes
2026-07-16 04:08:19 PM,90.3,77.2,56.4,29.01,858,29.01,0.8,100.8,72.7,222,90.3,session,"Session - Jul 16, 2026 3:44:46 PM",2026-07-16 03:44:46 PM 3:44:46 PM,00:56:04,,,,Enter Notes
2026-07-16 04:08:24 PM,90.2,77.2,56.2,29.01,858,29.01,0.0,100.2,72.5,222,90.1,session,"Session - Jul 16, 2026 3:44:46 PM",2026-07-16 03:44:46 PM 3:44:46 PM,00:56:04,,,,Enter Notes
2026-07-16 04:08:29 PM,90.2,77.0,56.0,29.01,858,29.01,0.0,100.0,72.3,222,90.1,session,"Session - Jul 16, 2026 3:44:46 PM",2026-07-16 03:44:46 PM 3:44:46 PM,00:56:04,,,,Enter Notes
2026-07-16 04:08:34 PM,90.5,77.2,55.8,29.00,861,29.01,0.9,100.4,72.5,222,90.3,session,"Session - Jul 16, 2026 3:44:46 PM",2026-07-16 03:44:46 PM 3:44:46 PM,00:56:04,,,,Enter Notes
2026-07-16 04:08:39 PM,90.3,76.8,55.5,29.00,865,29.01,2.4,99.9,72.1,222,90.1,session,"Session - Jul 16, 2026 3:44:46 PM",2026-07-16 03:44:46 PM 3:44:46 PM,00:56:04,,,,Enter Notes
2026-07-16 04:08:44 PM,90.4,76.8,55.3,29.00,861,29.01,2.1,100.2,72.1,222,90.3,session,"Session - Jul 16, 2026 3:44:46 PM",2026-07-16 03:44:46 PM 3:44:46 PM,00:56:04,,,,Enter Notes
2026-07-16 04:08:49 PM,90.5,77.0,55.1,29.00,861,29.01,1.3,100.6,72.2,222,90.5,session,"Session - Jul 16, 2026 3:44:46 PM",2026-07-16 03:44:46 PM 3:44:46 PM,00:56:04,,,,Enter Notes
2026-07-16 04:08:54 PM,90.6,77.0,55.0,29.01,858,29.01,0.9,100.4,72.2,222,90.5,session,"Session - Jul 16, 2026 3:44:46 PM",2026-07-16 03:44:46 PM 3:44:46 PM,00:56:04,,,,Enter Notes
2026-07-16 04:08:59 PM,90.6,77.0,54.8,29.01,858,29.01,3.9,100.4,72.1,222,90.5,session,"Session - Jul 16, 2026 3:44:46 PM",2026-07-16 03:44:46 PM 3:44:46 PM,00:56:04,,,,Enter Notes
2026-07-16 04:09:04 PM,90.4,76.6,54.6,29.00,861,29.01,3.2,99.9,71.8,222,90.3,session,"Session - Jul 16, 2026 3:44:46 PM",2026-07-16 03:44:46 PM 3:44:46 PM,00:56:04,,,,Enter Notes
2026-07-16 04:09:09 PM,90.2,76.5,54.2,29.01,858,29.01,2.3,99.3,71.5,222,90.1,session,"Session - Jul 16, 2026 3:44:46 PM",2026-07-16 03:44:46 PM 3:44:46 PM,00:56:04,,,,Enter Notes
2026-07-16 04:09:14 PM,90.2,76.5,54.1,29.01,858,29.01,1.3,99.1,71.3,222,90.1,session,"Session - Jul 16, 2026 3:44:46 PM",2026-07-16 03:44:46 PM 3:44:46 PM,00:56:04,,,,Enter Notes
2026-07-16 04:09:19 PM,90.1,76.3,53.9,29.01,858,29.01,1.3,99.1,71.2,222,90.1,session,"Session - Jul 16, 2026 3:44:46 PM",2026-07-16 03:44:46 PM 3:44:46 PM,00:56:04,,,,Enter Notes
2026-07-16 04:09:24 PM,90.0,76.1,53.8,29.01,858,29.01,0.8,98.8,71.0,222,90.0,session,"Session - Jul 16, 2026 3:44:46 PM",2026-07-16 03:44:46 PM 3:44:46 PM,00:56:04,,,,Enter Notes
2026-07-16 04:09:29 PM,89.7,75.7,53.8,29.00,861,29.01,0.8,97.9,70.7,222,89.6,session,"Session - Jul 16, 2026 3:44:46 PM",2026-07-16 03:44:46 PM 3:44:46 PM,00:56:04,,,,Enter Notes
2026-07-16 04:09:34 PM,90.0,76.1,53.9,29.00,861,29.01,0.9,98.8,71.0,222,90.0,session,"Session - Jul 16, 2026 3:44:46 PM",2026-07-16 03:44:46 PM 3:44:46 PM,00:56:04,,,,Enter Notes
2026-07-16 04:09:39 PM,90.1,76.3,54.1,29.01,861,29.01,1.0,98.8,71.2,222,90.0,session,"Session - Jul 16, 2026 3:44:46 PM",2026-07-16 03:44:46 PM 3:44:46 PM,00:56:04,,,,Enter Notes
2026-07-16 04:09:44 PM,90.0,76.3,54.2,29.01,861,29.01,0.8,99.0,71.2,222,90.0,session,"Session - Jul 16, 2026 3:44:46 PM",2026-07-16 03:44:46 PM 3:44:46 PM,00:56:04,,,,Enter Notes
2026-07-16 04:09:49 PM,90.0,76.3,54.2,29.00,861,29.01,1.2,99.0,71.2,222,90.0,session,"Session - Jul 16, 2026 3:44:46 PM",2026-07-16 03:44:46 PM 3:44:46 PM,00:56:04,,,,Enter Notes
2026-07-16 04:09:54 PM,90.1,76.3,54.1,29.00,865,29.01,1.5,98.8,71.3,222,90.0,session,"Session - Jul 16, 2026 3:44:46 PM",2026-07-16 03:44:46 PM 3:44:46 PM,00:56:04,,,,Enter Notes
2026-07-16 04:09:59 PM,89.9,76.1,54.0,29.00,861,29.01,1.6,98.4,71.0,222,89.8,session,"Session - Jul 16, 2026 3:44:46 PM",2026-07-16 03:44:46 PM 3:44:46 PM,00:56:04,,,,Enter Notes
2026-07-16 04:10:04 PM,89.8,75.9,54.0,29.00,865,29.01,1.5,98.4,70.9,222,89.8,session,"Session - Jul 16, 2026 3:44:46 PM",2026-07-16 03:44:46 PM 3:44:46 PM,00:56:04,,,,Enter Notes
2026-07-16 04:10:09 PM,89.8,75.9,54.0,29.00,865,29.01,1.1,98.4,70.9,222,89.8,session,"Session - Jul 16, 2026 3:44:46 PM",2026-07-16 03:44:46 PM 3:44:46 PM,00:56:04,,,,Enter Notes
2026-07-16 04:10:14 PM,89.7,75.9,54.0,29.00,865,29.00,1.3,97.9,70.8,222,89.6,session,"Session - Jul 16, 2026 3:44:46 PM",2026-07-16 03:44:46 PM 3:44:46 PM,00:56:04,,,,Enter Notes
2026-07-16 04:10:19 PM,89.7,75.7,53.9,29.00,865,29.00,1.3,97.9,70.7,222,89.6,session,"Session - Jul 16, 2026 3:44:46 PM",2026-07-16 03:44:46 PM 3:44:46 PM,00:56:04,,,,Enter Notes
2026-07-16 04:10:24 PM,89.5,75.6,53.9,29.00,866,29.00,1.7,97.5,70.6,222,89.4,session,"Session - Jul 16, 2026 3:44:46 PM",2026-07-16 03:44:46 PM 3:44:46 PM,00:56:04,,,,Enter Notes
2026-07-16 04:10:29 PM,89.5,75.6,53.9,29.00,869,29.00,1.7,97.5,70.6,222,89.4,session,"Session - Jul 16, 2026 3:44:46 PM",2026-07-16 03:44:46 PM 3:44:46 PM,00:56:04,,,,Enter Notes
2026-07-16 04:10:34 PM,89.8,75.9,54.0,29.00,869,29.00,1.2,98.4,71.0,222,89.8,session,"Session - Jul 16, 2026 3:44:46 PM",2026-07-16 03:44:46 PM 3:44:46 PM,00:56:04,,,,Enter Notes
2026-07-16 04:10:39 PM,89.9,76.1,54.2,29.00,869,29.00,1.1,98.6,71.1,222,89.8,session,"Session - Jul 16, 2026 3:44:46 PM",2026-07-16 03:44:46 PM 3:44:46 PM,00:56:04,,,,Enter Notes
2026-07-16 04:10:44 PM,90.1,76.3,54.2,28.99,874,28.99,1.3,99.0,71.3,222,90.0,session,"Session - Jul 16, 2026 3:44:46 PM",2026-07-16 03:44:46 PM 3:44:46 PM,00:56:04,,,,Enter Notes
2026-07-16 04:10:49 PM,90.4,76.5,54.3,29.00,873,29.00,3.5,99.9,71.6,222,90.3,session,"Session - Jul 16, 2026 3:44:46 PM",2026-07-16 03:44:46 PM 3:44:46 PM,00:56:04,,,,Enter Notes
2026-07-16 04:10:54 PM,90.3,76.5,54.4,29.00,873,29.00,2.2,99.9,71.6,222,90.3,session,"Session - Jul 16, 2026 3:44:46 PM",2026-07-16 03:44:46 PM 3:44:46 PM,00:56:04,,,,Enter Notes
2026-07-16 04:10:59 PM,90.5,76.6,54.3,29.00,874,29.00,2.8,99.9,71.7,222,90.3,session,"Session - Jul 16, 2026 3:44:46 PM",2026-07-16 03:44:46 PM 3:44:46 PM,00:56:04,,,,Enter Notes
2026-07-16 04:11:04 PM,90.6,76.6,54.2,28.99,877,28.99,1.8,100.2,71.8,222,90.5,session,"Session - Jul 16, 2026 3:44:46 PM",2026-07-16 03:44:46 PM 3:44:46 PM,00:56:04,,,,Enter Notes
2026-07-16 04:11:09 PM,90.8,77.0,54.2,28.99,877,28.99,0.9,100.6,72.0,222,90.7,session,"Session - Jul 16, 2026 3:44:46 PM",2026-07-16 03:44:46 PM 3:44:46 PM,00:56:04,,,,Enter Notes
2026-07-16 04:11:14 PM,90.9,77.0,54.2,28.98,886,28.98,1.0,101.1,72.1,222,90.9,session,"Session - Jul 16, 2026 3:44:46 PM",2026-07-16 03:44:46 PM 3:44:46 PM,00:56:04,,,,Enter Notes
2026-07-16 04:11:19 PM,90.9,77.0,54.2,28.98,884,28.98,1.9,101.1,72.1,222,90.9,session,"Session - Jul 16, 2026 3:44:46 PM",2026-07-16 03:44:46 PM 3:44:46 PM,00:56:04,,,,Enter Notes
2026-07-16 04:11:24 PM,91.0,77.0,54.2,28.99,881,28.99,1.4,101.1,72.1,222,90.9,session,"Session - Jul 16, 2026 3:44:46 PM",2026-07-16 03:44:46 PM 3:44:46 PM,00:56:04,,,,Enter Notes
2026-07-16 04:11:29 PM,91.1,77.2,54.3,28.99,881,28.99,0.9,101.5,72.2,222,91.0,session,"Session - Jul 16, 2026 3:44:46 PM",2026-07-16 03:44:46 PM 3:44:46 PM,00:56:04,,,,Enter Notes
2026-07-16 04:11:34 PM,91.1,77.2,54.3,28.99,881,28.99,0.8,101.5,72.3,222,91.0,session,"Session - Jul 16, 2026 3:44:46 PM",2026-07-16 03:44:46 PM 3:44:46 PM,00:56:04,,,,Enter Notes
2026-07-16 04:11:39 PM,91.0,77.0,54.2,28.99,881,28.99,0.9,101.1,72.1,222,90.9,session,"Session - Jul 16, 2026 3:44:46 PM",2026-07-16 03:44:46 PM 3:44:46 PM,00:56:04,,,,Enter Notes
2026-07-16 04:11:44 PM,90.8,77.0,54.1,28.98,884,28.99,0.9,100.4,71.9,222,90.7,session,"Session - Jul 16, 2026 3:44:46 PM",2026-07-16 03:44:46 PM 3:44:46 PM,00:56:04,,,,Enter Notes
2026-07-16 04:11:49 PM,90.8,77.0,54.0,28.98,886,28.98,0.8,100.4,71.9,222,90.7,session,"Session - Jul 16, 2026 3:44:46 PM",2026-07-16 03:44:46 PM 3:44:46 PM,00:56:04,,,,Enter Notes
2026-07-16 04:11:53 PM,91.1,77.0,54.0,28.98,884,28.98,1.0,101.3,72.1,222,91.0,session,"Session - Jul 16, 2026 3:44:46 PM",2026-07-16 03:44:46 PM 3:44:46 PM,00:56:04,,,,Enter Notes
2026-07-16 04:11:59 PM,91.1,77.0,53.9,28.98,886,28.98,1.0,101.3,72.1,222,91.0,session,"Session - Jul 16, 2026 3:44:46 PM",2026-07-16 03:44:46 PM 3:44:46 PM,00:56:04,,,,Enter Notes
2026-07-16 04:12:04 PM,91.1,77.0,53.9,28.98,884,28.99,0.9,101.3,72.1,222,91.0,session,"Session - Jul 16, 2026 3:44:46 PM",2026-07-16 03:44:46 PM 3:44:46 PM,00:56:04,,,,Enter Notes
2026-07-16 04:12:09 PM,91.1,77.0,53.8,28.98,884,28.99,0.8,101.3,72.0,222,91.0,session,"Session - Jul 16, 2026 3:44:46 PM",2026-07-16 03:44:46 PM 3:44:46 PM,00:56:04,,,,Enter Notes
2026-07-16 04:12:14 PM,91.2,77.0,53.8,28.98,881,28.99,1.0,101.1,72.1,222,91.0,session,"Session - Jul 16, 2026 3:44:46 PM",2026-07-16 03:44:46 PM 3:44:46 PM,00:56:04,,,,Enter Notes
2026-07-16 04:12:19 PM,91.4,77.2,53.7,28.98,884,28.99,1.0,101.8,72.2,222,91.4,session,"Session - Jul 16, 2026 3:44:46 PM",2026-07-16 03:44:46 PM 3:44:46 PM,00:56:04,,,,Enter Notes
2026-07-16 04:12:24 PM,91.5,77.4,53.6,28.98,881,28.99,1.4,101.8,72.2,222,91.4,session,"Session - Jul 16, 2026 3:44:46 PM",2026-07-16 03:44:46 PM 3:44:46 PM,00:56:04,,,,Enter Notes
2026-07-16 04:12:29 PM,91.5,77.2,53.4,28.98,886,28.98,1.7,101.8,72.1,222,91.4,session,"Session - Jul 16, 2026 3:44:46 PM",2026-07-16 03:44:46 PM 3:44:46 PM,00:56:04,,,,Enter Notes
2026-07-16 04:12:34 PM,91.8,77.4,53.3,28.98,886,28.98,1.1,102.6,72.3,222,91.8,session,"Session - Jul 16, 2026 3:44:46 PM",2026-07-16 03:44:46 PM 3:44:46 PM,00:56:04,,,,Enter Notes
2026-07-16 04:12:38 PM,92.0,77.5,53.2,28.98,886,28.98,1.2,102.9,72.5,222,91.9,session,"Session - Jul 16, 2026 3:44:46 PM",2026-07-16 03:44:46 PM 3:44:46 PM,00:56:04,,,,Enter Notes
2026-07-16 04:12:44 PM,92.2,77.7,53.3,28.98,884,28.99,0.9,103.3,72.7,222,92.1,session,"Session - Jul 16, 2026 3:44:46 PM",2026-07-16 03:44:46 PM 3:44:46 PM,00:56:04,,,,Enter Notes
2026-07-16 04:12:49 PM,91.0,75.9,51.0,28.99,877,28.99,0.9,99.7,70.4,222,91.0,session,"Session - Jul 16, 2026 3:44:46 PM",2026-07-16 03:44:46 PM 3:44:46 PM,00:56:04,,,,Enter Notes
2026-07-16 04:12:54 PM,89.6,73.6,48.0,28.99,881,28.99,0.9,95.2,67.3,222,89.6,session,"Session - Jul 16, 2026 3:44:46 PM",2026-07-16 03:44:46 PM 3:44:46 PM,00:56:04,,,,Enter Notes
2026-07-16 04:12:59 PM,88.3,71.2,44.0,28.99,877,28.99,0.0,90.7,63.7,222,88.2,session,"Session - Jul 16, 2026 3:44:46 PM",2026-07-16 03:44:46 PM 3:44:46 PM,00:56:04,,,,Enter Notes
2026-07-16 04:13:04 PM,86.9,69.3,42.1,28.99,874,28.99,0.0,87.8,61.1,222,86.7,session,"Session - Jul 16, 2026 3:44:46 PM",2026-07-16 03:44:46 PM 3:44:46 PM,00:56:04,,,,Enter Notes
2026-07-16 04:13:09 PM,86.6,68.4,40.1,28.99,874,28.99,0.0,87.1,59.5,222,86.5,session,"Session - Jul 16, 2026 3:44:46 PM",2026-07-16 03:44:46 PM 3:44:46 PM,00:56:04,,,,Enter Notes
2026-07-16 04:13:14 PM,86.3,67.8,39.3,28.99,877,28.99,0.0,86.4,58.7,222,86.2,session,"Session - Jul 16, 2026 3:44:46 PM",2026-07-16 03:44:46 PM 3:44:46 PM,00:56:04,,,,Enter Notes
2026-07-16 04:13:19 PM,86.4,67.6,38.7,28.99,877,28.99,0.0,86.4,58.3,222,86.4,session,"Session - Jul 16, 2026 3:44:46 PM",2026-07-16 03:44:46 PM 3:44:46 PM,00:56:04,,,,Enter Notes
2026-07-16 04:13:23 PM,86.3,67.5,38.5,28.99,874,29.00,0.0,86.0,58.1,222,86.2,session,"Session - Jul 16, 2026 3:44:46 PM",2026-07-16 03:44:46 PM 3:44:46 PM,00:56:04,,,,Enter Notes
2026-07-16 04:13:29 PM,85.7,67.1,38.6,28.99,877,28.99,0.0,85.3,57.6,222,85.6,session,"Session - Jul 16, 2026 3:44:46 PM",2026-07-16 03:44:46 PM 3:44:46 PM,00:56:04,,,,Enter Notes
2026-07-16 04:13:34 PM,85.6,67.1,38.8,28.99,877,28.99,0.0,85.5,57.7,222,85.6,session,"Session - Jul 16, 2026 3:44:46 PM",2026-07-16 03:44:46 PM 3:44:46 PM,00:56:04,,,,Enter Notes
2026-07-16 04:13:39 PM,85.3,66.9,38.9,28.99,874,28.99,0.0,84.9,57.5,222,85.3,session,"Session - Jul 16, 2026 3:44:46 PM",2026-07-16 03:44:46 PM 3:44:46 PM,00:56:04,,,,Enter Notes
2026-07-16 04:13:44 PM,85.1,66.9,39.0,28.99,877,28.99,0.0,84.7,57.4,222,85.1,session,"Session - Jul 16, 2026 3:44:46 PM",2026-07-16 03:44:46 PM 3:44:46 PM,00:56:04,,,,Enter Notes
2026-07-16 04:13:49 PM,84.8,66.7,39.3,28.99,877,28.99,0.0,84.4,57.3,222,84.7,session,"Session - Jul 16, 2026 3:44:46 PM",2026-07-16 03:44:46 PM 3:44:46 PM,00:56:04,,,,Enter Notes
2026-07-16 04:13:54 PM,83.7,65.8,39.4,28.99,877,28.99,0.9,82.8,56.4,222,83.7,session,"Session - Jul 16, 2026 3:44:46 PM",2026-07-16 03:44:46 PM 3:44:46 PM,00:56:04,,,,Enter Notes
2026-07-16 04:13:59 PM,82.9,65.3,39.5,28.99,877,28.99,0.8,81.5,55.8,222,82.8,session,"Session - Jul 16, 2026 3:44:46 PM",2026-07-16 03:44:46 PM 3:44:46 PM,00:56:04,,,,Enter Notes
2026-07-16 04:14:04 PM,82.4,64.9,39.6,28.99,877,28.99,0.9,81.0,55.4,223,82.4,session,"Session - Jul 16, 2026 3:44:46 PM",2026-07-16 03:44:46 PM 3:44:46 PM,00:56:04,,,,Enter Notes
2026-07-16 04:14:08 PM,82.4,65.1,39.8,28.99,874,28.99,0.0,81.0,55.5,222,82.4,session,"Session - Jul 16, 2026 3:44:46 PM",2026-07-16 03:44:46 PM 3:44:46 PM,00:56:04,,,,Enter Notes
2026-07-16 04:14:14 PM,81.7,64.6,39.9,29.00,874,29.00,0.8,80.1,55.0,222,81.7,session,"Session - Jul 16, 2026 3:44:46 PM",2026-07-16 03:44:46 PM 3:44:46 PM,00:56:04,,,,Enter Notes
2026-07-16 04:14:18 PM,82.0,64.9,40.2,28.99,877,28.99,0.0,80.4,55.5,222,81.9,session,"Session - Jul 16, 2026 3:44:46 PM",2026-07-16 03:44:46 PM 3:44:46 PM,00:56:04,,,,Enter Notes
2026-07-16 04:14:24 PM,82.4,65.3,40.4,29.00,874,29.00,0.0,81.0,55.9,222,82.2,session,"Session - Jul 16, 2026 3:44:46 PM",2026-07-16 03:44:46 PM 3:44:46 PM,00:56:04,,,,Enter Notes
2026-07-16 04:14:29 PM,81.8,64.9,40.6,28.99,877,28.99,0.0,80.2,55.6,222,81.7,session,"Session - Jul 16, 2026 3:44:46 PM",2026-07-16 03:44:46 PM 3:44:46 PM,00:56:04,,,,Enter Notes
2026-07-16 04:14:34 PM,82.1,65.1,40.8,28.99,874,28.99,0.0,80.6,56.0,222,82.0,session,"Session - Jul 16, 2026 3:44:46 PM",2026-07-16 03:44:46 PM 3:44:46 PM,00:56:04,,,,Enter Notes
2026-07-16 04:14:39 PM,82.3,65.3,41.0,28.99,874,29.00,0.0,81.1,56.2,222,82.2,session,"Session - Jul 16, 2026 3:44:46 PM",2026-07-16 03:44:46 PM 3:44:46 PM,00:56:04,,,,Enter Notes
2026-07-16 04:14:44 PM,82.5,65.7,41.2,28.99,877,28.99,0.0,81.3,56.6,222,82.4,session,"Session - Jul 16, 2026 3:44:46 PM",2026-07-16 03:44:46 PM 3:44:46 PM,00:56:04,,,,Enter Notes
2026-07-16 04:14:49 PM,82.8,66.0,41.4,28.99,877,28.99,0.0,81.9,57.0,222,82.8,session,"Session - Jul 16, 2026 3:44:46 PM",2026-07-16 03:44:46 PM 3:44:46 PM,00:56:04,,,,Enter Notes
2026-07-16 04:14:53 PM,83.1,66.2,41.6,28.99,874,28.99,0.0,82.4,57.4,222,83.1,session,"Session - Jul 16, 2026 3:44:46 PM",2026-07-16 03:44:46 PM 3:44:46 PM,00:56:04,,,,Enter Notes
2026-07-16 04:14:59 PM,83.4,66.6,41.7,28.99,877,28.99,0.0,82.8,57.7,222,83.3,session,"Session - Jul 16, 2026 3:44:46 PM",2026-07-16 03:44:46 PM 3:44:46 PM,00:56:04,,,,Enter Notes
2026-07-16 04:15:03 PM,83.5,66.6,41.8,28.99,874,28.99,0.0,82.9,57.8,222,83.5,session,"Session - Jul 16, 2026 3:44:46 PM",2026-07-16 03:44:46 PM 3:44:46 PM,00:56:04,,,,Enter Notes
2026-07-16 04:15:09 PM,83.5,66.6,41.8,28.99,877,28.99,0.0,82.9,57.9,222,83.5,session,"Session - Jul 16, 2026 3:44:46 PM",2026-07-16 03:44:46 PM 3:44:46 PM,00:56:04,,,,Enter Notes
2026-07-16 04:15:14 PM,83.7,66.7,41.7,28.99,877,28.99,0.0,83.3,58.0,222,83.7,session,"Session - Jul 16, 2026 3:44:46 PM",2026-07-16 03:44:46 PM 3:44:46 PM,00:56:04,,,,Enter Notes
2026-07-16 04:15:19 PM,83.8,66.7,41.8,28.99,874,28.99,0.0,83.3,58.1,222,83.7,session,"Session - Jul 16, 2026 3:44:46 PM",2026-07-16 03:44:46 PM 3:44:46 PM,00:56:04,,,,Enter Notes
2026-07-16 04:15:24 PM,83.9,66.9,41.8,28.99,874,28.99,0.0,83.5,58.2,222,83.8,session,"Session - Jul 16, 2026 3:44:46 PM",2026-07-16 03:44:46 PM 3:44:46 PM,00:56:04,,,,Enter Notes
2026-07-16 04:15:29 PM,83.9,66.9,41.7,28.99,874,29.00,0.0,83.5,58.2,222,83.8,session,"Session - Jul 16, 2026 3:44:46 PM",2026-07-16 03:44:46 PM 3:44:46 PM,00:56:04,,,,Enter Notes
2026-07-16 04:15:34 PM,84.0,66.9,41.7,28.99,877,28.99,0.0,83.5,58.2,222,83.8,session,"Session - Jul 16, 2026 3:44:46 PM",2026-07-16 03:44:46 PM 3:44:46 PM,00:56:04,,,,Enter Notes
2026-07-16 04:15:38 PM,83.9,66.7,41.6,28.99,874,28.99,0.0,83.5,58.1,222,83.8,session,"Session - Jul 16, 2026 3:44:46 PM",2026-07-16 03:44:46 PM 3:44:46 PM,00:56:04,,,,Enter Notes
2026-07-16 04:15:44 PM,83.5,66.6,41.6,28.99,874,28.99,0.0,82.9,57.7,222,83.5,session,"Session - Jul 16, 2026 3:44:46 PM",2026-07-16 03:44:46 PM 3:44:46 PM,00:56:04,,,,Enter Notes
2026-07-16 04:15:49 PM,83.5,66.6,41.6,28.99,874,28.99,0.0,82.9,57.7,222,83.5,session,"Session - Jul 16, 2026 3:44:46 PM",2026-07-16 03:44:46 PM 3:44:46 PM,00:56:04,,,,Enter Notes
2026-07-16 04:15:54 PM,83.5,66.6,41.5,28.99,877,28.99,0.0,82.9,57.7,222,83.5,session,"Session - Jul 16, 2026 3:44:46 PM",2026-07-16 03:44:46 PM 3:44:46 PM,00:56:04,,,,Enter Notes
2026-07-16 04:15:59 PM,83.5,66.6,41.4,28.99,877,28.99,0.0,82.9,57.7,222,83.5,session,"Session - Jul 16, 2026 3:44:46 PM",2026-07-16 03:44:46 PM 3:44:46 PM,00:56:04,,,,Enter Notes
2026-07-16 04:16:04 PM,83.5,66.4,41.4,29.00,874,29.00,0.0,82.9,57.6,222,83.5,session,"Session - Jul 16, 2026 3:44:46 PM",2026-07-16 03:44:46 PM 3:44:46 PM,00:56:04,,,,Enter Notes
2026-07-16 04:16:09 PM,83.5,66.4,41.3,28.99,874,28.99,0.0,82.6,57.5,222,83.3,session,"Session - Jul 16, 2026 3:44:46 PM",2026-07-16 03:44:46 PM 3:44:46 PM,00:56:04,,,,Enter Notes
2026-07-16 04:16:14 PM,83.5,66.4,41.3,28.99,877,28.99,0.0,82.9,57.5,222,83.5,session,"Session - Jul 16, 2026 3:44:46 PM",2026-07-16 03:44:46 PM 3:44:46 PM,00:56:04,,,,Enter Notes
2026-07-16 04:16:19 PM,83.4,66.2,41.3,28.99,874,28.99,0.0,82.6,57.4,222,83.3,session,"Session - Jul 16, 2026 3:44:46 PM",2026-07-16 03:44:46 PM 3:44:46 PM,00:56:04,,,,Enter Notes
2026-07-16 04:16:23 PM,83.2,66.2,41.4,28.99,877,28.99,0.0,82.4,57.3,222,83.1,session,"Session - Jul 16, 2026 3:44:46 PM",2026-07-16 03:44:46 PM 3:44:46 PM,00:56:04,,,,Enter Notes
2026-07-16 04:16:29 PM,83.1,66.2,41.5,28.99,877,28.99,0.0,82.4,57.3,222,83.1,session,"Session - Jul 16, 2026 3:44:46 PM",2026-07-16 03:44:46 PM 3:44:46 PM,00:56:04,,,,Enter Notes
2026-07-16 04:16:33 PM,83.0,66.2,41.5,28.99,877,28.99,0.0,82.0,57.3,222,82.9,session,"Session - Jul 16, 2026 3:44:46 PM",2026-07-16 03:44:46 PM 3:44:46 PM,00:56:04,,,,Enter Notes
2026-07-16 04:16:39 PM,82.9,66.0,41.6,28.99,877,28.99,0.0,81.9,57.2,222,82.8,session,"Session - Jul 16, 2026 3:44:46 PM",2026-07-16 03:44:46 PM 3:44:46 PM,00:56:04,,,,Enter Notes
2026-07-16 04:16:44 PM,82.5,65.7,41.6,28.99,877,28.99,0.0,81.3,56.8,222,82.4,session,"Session - Jul 16, 2026 3:44:46 PM",2026-07-16 03:44:46 PM 3:44:46 PM,00:56:04,,,,Enter Notes
2026-07-16 04:16:49 PM,82.5,65.8,41.7,28.99,877,28.99,0.0,81.3,56.9,222,82.4,session,"Session - Jul 16, 2026 3:44:46 PM",2026-07-16 03:44:46 PM 3:44:46 PM,00:56:04,,,,Enter Notes
2026-07-16 04:16:54 PM,82.5,65.8,41.8,28.99,877,28.99,0.0,81.3,56.9,222,82.4,session,"Session - Jul 16, 2026 3:44:46 PM",2026-07-16 03:44:46 PM 3:44:46 PM,00:56:04,,,,Enter Notes
2026-07-16 04:16:59 PM,82.5,65.8,41.8,28.99,877,28.99,0.0,81.3,57.0,222,82.4,session,"Session - Jul 16, 2026 3:44:46 PM",2026-07-16 03:44:46 PM 3:44:46 PM,00:56:04,,,,Enter Notes
2026-07-16 04:17:04 PM,82.5,65.8,41.9,28.99,874,28.99,0.0,81.3,57.0,222,82.4,session,"Session - Jul 16, 2026 3:44:46 PM",2026-07-16 03:44:46 PM 3:44:46 PM,00:56:04,,,,Enter Notes
2026-07-16 04:17:08 PM,82.5,65.8,41.9,28.99,874,28.99,0.0,81.3,57.0,222,82.4,session,"Session - Jul 16, 2026 3:44:46 PM",2026-07-16 03:44:46 PM 3:44:46 PM,00:56:04,,,,Enter Notes
2026-07-16 04:17:14 PM,82.4,65.8,41.9,28.99,877,28.99,0.0,81.3,57.0,222,82.4,session,"Session - Jul 16, 2026 3:44:46 PM",2026-07-16 03:44:46 PM 3:44:46 PM,00:56:04,,,,Enter Notes
2026-07-16 04:17:19 PM,82.4,65.8,42.0,28.99,877,28.99,0.0,81.3,57.0,222,82.4,session,"Session - Jul 16, 2026 3:44:46 PM",2026-07-16 03:44:46 PM 3:44:46 PM,00:56:04,,,,Enter Notes
2026-07-16 04:17:24 PM,82.4,65.8,42.1,28.99,874,29.00,0.0,81.3,57.0,222,82.2,session,"Session - Jul 16, 2026 3:44:46 PM",2026-07-16 03:44:46 PM 3:44:46 PM,00:56:04,,,,Enter Notes
2026-07-16 04:17:29 PM,82.3,65.8,42.1,28.99,877,28.99,0.0,81.3,57.0,222,82.2,session,"Session - Jul 16, 2026 3:44:46 PM",2026-07-16 03:44:46 PM 3:44:46 PM,00:56:04,,,,Enter Notes
2026-07-16 04:17:34 PM,82.1,65.7,42.2,29.00,874,29.00,0.0,81.0,56.8,222,82.0,session,"Session - Jul 16, 2026 3:44:46 PM",2026-07-16 03:44:46 PM 3:44:46 PM,00:56:04,,,,Enter Notes
2026-07-16 04:17:39 PM,81.1,64.9,42.2,28.99,877,28.99,0.0,79.7,56.0,222,81.0,session,"Session - Jul 16, 2026 3:44:46 PM",2026-07-16 03:44:46 PM 3:44:46 PM,00:56:04,,,,Enter Notes
2026-07-16 04:17:44 PM,81.0,64.8,42.3,28.99,877,28.99,0.0,79.7,56.0,222,81.0,session,"Session - Jul 16, 2026 3:44:46 PM",2026-07-16 03:44:46 PM 3:44:46 PM,00:56:04,,,,Enter Notes
2026-07-16 04:17:49 PM,80.9,64.8,42.5,28.99,877,28.99,0.0,79.5,56.0,222,80.8,session,"Session - Jul 16, 2026 3:44:46 PM",2026-07-16 03:44:46 PM 3:44:46 PM,00:56:04,,,,Enter Notes
2026-07-16 04:17:53 PM,80.6,64.6,42.6,29.00,874,29.00,0.0,79.3,55.8,222,80.6,session,"Session - Jul 16, 2026 3:44:46 PM",2026-07-16 03:44:46 PM 3:44:46 PM,00:56:04,,,,Enter Notes
2026-07-16 04:17:59 PM,80.7,64.8,42.9,28.99,877,28.99,0.0,79.3,56.1,222,80.6,session,"Session - Jul 16, 2026 3:44:46 PM",2026-07-16 03:44:46 PM 3:44:46 PM,00:56:04,,,,Enter Notes
2026-07-16 04:18:04 PM,80.8,64.8,43.0,28.99,874,28.99,0.0,79.3,56.2,222,80.6,session,"Session - Jul 16, 2026 3:44:46 PM",2026-07-16 03:44:46 PM 3:44:46 PM,00:56:04,,,,Enter Notes
2026-07-16 04:18:08 PM,80.9,64.9,43.1,28.99,877,28.99,0.0,79.7,56.3,222,80.8,session,"Session - Jul 16, 2026 3:44:46 PM",2026-07-16 03:44:46 PM 3:44:46 PM,00:56:04,,,,Enter Notes
2026-07-16 04:18:13 PM,80.9,65.1,43.2,28.99,877,28.99,0.0,79.7,56.5,222,80.8,session,"Session - Jul 16, 2026 3:44:46 PM",2026-07-16 03:44:46 PM 3:44:46 PM,00:56:04,,,,Enter Notes
2026-07-16 04:18:19 PM,80.9,65.1,43.3,28.99,877,28.99,0.0,79.7,56.6,222,80.8,session,"Session - Jul 16, 2026 3:44:46 PM",2026-07-16 03:44:46 PM 3:44:46 PM,00:56:04,,,,Enter Notes
2026-07-16 04:18:23 PM,81.0,65.1,43.4,28.99,877,28.99,0.0,79.9,56.6,222,81.0,session,"Session - Jul 16, 2026 3:44:46 PM",2026-07-16 03:44:46 PM 3:44:46 PM,00:56:04,,,,Enter Notes
2026-07-16 04:18:29 PM,80.9,65.1,43.5,28.99,877,28.99,0.0,79.7,56.7,222,80.8,session,"Session - Jul 16, 2026 3:44:46 PM",2026-07-16 03:44:46 PM 3:44:46 PM,00:56:04,,,,Enter Notes
2026-07-16 04:18:34 PM,80.9,65.1,43.5,28.99,877,28.99,0.0,79.7,56.7,222,80.8,session,"Session - Jul 16, 2026 3:44:46 PM",2026-07-16 03:44:46 PM 3:44:46 PM,00:56:04,,,,Enter Notes
2026-07-16 04:18:39 PM,80.6,64.9,43.6,28.99,877,28.99,0.0,79.5,56.4,222,80.6,session,"Session - Jul 16, 2026 3:44:46 PM",2026-07-16 03:44:46 PM 3:44:46 PM,00:56:04,,,,Enter Notes
2026-07-16 04:18:44 PM,80.7,64.9,43.6,28.99,877,28.99,0.0,79.5,56.6,222,80.6,session,"Session - Jul 16, 2026 3:44:46 PM",2026-07-16 03:44:46 PM 3:44:46 PM,00:56:04,,,,Enter Notes
2026-07-16 04:18:49 PM,80.7,65.1,43.7,28.99,877,28.99,0.0,79.5,56.6,222,80.6,session,"Session - Jul 16, 2026 3:44:46 PM",2026-07-16 03:44:46 PM 3:44:46 PM,00:56:04,,,,Enter Notes
2026-07-16 04:18:54 PM,80.7,65.1,43.8,28.99,881,28.99,0.0,79.5,56.6,222,80.6,session,"Session - Jul 16, 2026 3:44:46 PM",2026-07-16 03:44:46 PM 3:44:46 PM,00:56:04,,,,Enter Notes
2026-07-16 04:18:59 PM,80.6,64.9,43.9,28.99,877,28.99,0.0,79.3,56.6,222,80.4,session,"Session - Jul 16, 2026 3:44:46 PM",2026-07-16 03:44:46 PM 3:44:46 PM,00:56:04,,,,Enter Notes
2026-07-16 04:19:04 PM,80.6,64.9,43.9,28.99,877,28.99,0.0,79.5,56.6,222,80.6,session,"Session - Jul 16, 2026 3:44:46 PM",2026-07-16 03:44:46 PM 3:44:46 PM,00:56:04,,,,Enter Notes
2026-07-16 04:19:09 PM,80.7,64.9,44.0,28.99,877,28.99,0.0,79.5,56.7,222,80.6,session,"Session - Jul 16, 2026 3:44:46 PM",2026-07-16 03:44:46 PM 3:44:46 PM,00:56:04,,,,Enter Notes
2026-07-16 04:19:14 PM,80.6,64.9,44.0,28.99,877,28.99,0.0,79.3,56.6,222,80.4,session,"Session - Jul 16, 2026 3:44:46 PM",2026-07-16 03:44:46 PM 3:44:46 PM,00:56:04,,,,Enter Notes
2026-07-16 04:19:19 PM,80.5,64.9,44.0,28.99,877,28.99,0.0,79.3,56.6,222,80.4,session,"Session - Jul 16, 2026 3:44:46 PM",2026-07-16 03:44:46 PM 3:44:46 PM,00:56:04,,,,Enter Notes
2026-07-16 04:19:24 PM,80.5,64.9,44.0,28.99,877,28.99,0.0,79.3,56.6,222,80.4,session,"Session - Jul 16, 2026 3:44:46 PM",2026-07-16 03:44:46 PM 3:44:46 PM,00:56:04,,,,Enter Notes
2026-07-16 04:19:29 PM,80.3,64.9,44.1,28.99,877,28.99,0.0,79.2,56.5,222,80.2,session,"Session - Jul 16, 2026 3:44:46 PM",2026-07-16 03:44:46 PM 3:44:46 PM,00:56:04,,,,Enter Notes
2026-07-16 04:19:34 PM,80.2,64.9,44.2,28.99,881,28.99,0.0,79.2,56.5,222,80.2,session,"Session - Jul 16, 2026 3:44:46 PM",2026-07-16 03:44:46 PM 3:44:46 PM,00:56:04,,,,Enter Notes
2026-07-16 04:19:39 PM,80.3,64.9,44.3,28.99,877,28.99,0.0,79.2,56.6,222,80.2,session,"Session - Jul 16, 2026 3:44:46 PM",2026-07-16 03:44:46 PM 3:44:46 PM,00:56:04,,,,Enter Notes
2026-07-16 04:19:44 PM,80.2,64.9,44.3,28.99,877,28.99,0.0,79.0,56.5,222,80.1,session,"Session - Jul 16, 2026 3:44:46 PM",2026-07-16 03:44:46 PM 3:44:46 PM,00:56:04,,,,Enter Notes
2026-07-16 04:19:49 PM,80.0,64.8,44.4,28.99,874,28.99,0.0,78.8,56.4,222,79.9,session,"Session - Jul 16, 2026 3:44:46 PM",2026-07-16 03:44:46 PM 3:44:46 PM,00:56:04,,,,Enter Notes
2026-07-16 04:19:54 PM,80.0,64.8,44.5,28.99,877,28.99,0.0,78.8,56.4,222,79.9,session,"Session - Jul 16, 2026 3:44:46 PM",2026-07-16 03:44:46 PM 3:44:46 PM,00:56:04,,,,Enter Notes
2026-07-16 04:19:59 PM,79.9,64.8,44.6,28.99,874,28.99,0.0,78.8,56.4,222,79.9,session,"Session - Jul 16, 2026 3:44:46 PM",2026-07-16 03:44:46 PM 3:44:46 PM,00:56:04,,,,Enter Notes
2026-07-16 04:20:04 PM,79.7,64.6,44.7,28.99,877,28.99,0.0,78.4,56.3,222,79.7,session,"Session - Jul 16, 2026 3:44:46 PM",2026-07-16 03:44:46 PM 3:44:46 PM,00:56:04,,,,Enter Notes
2026-07-16 04:20:08 PM,79.8,64.8,44.8,28.99,877,28.99,0.0,78.4,56.5,222,79.7,session,"Session - Jul 16, 2026 3:44:46 PM",2026-07-16 03:44:46 PM 3:44:46 PM,00:56:04,,,,Enter Notes
2026-07-16 04:20:14 PM,79.8,64.8,44.8,28.99,877,28.99,0.0,78.4,56.5,222,79.7,session,"Session - Jul 16, 2026 3:44:46 PM",2026-07-16 03:44:46 PM 3:44:46 PM,00:56:04,,,,Enter Notes
2026-07-16 04:20:19 PM,79.7,64.6,44.9,28.99,881,28.99,0.0,78.3,56.4,222,79.5,session,"Session - Jul 16, 2026 3:44:46 PM",2026-07-16 03:44:46 PM 3:44:46 PM,00:56:04,,,,Enter Notes
2026-07-16 04:20:24 PM,79.6,64.6,45.0,28.99,877,28.99,0.0,78.3,56.4,222,79.5,session,"Session - Jul 16, 2026 3:44:46 PM",2026-07-16 03:44:46 PM 3:44:46 PM,00:56:04,,,,Enter Notes
2026-07-16 04:20:29 PM,79.4,64.4,45.0,28.99,877,28.99,0.0,78.1,56.2,222,79.3,session,"Session - Jul 16, 2026 3:44:46 PM",2026-07-16 03:44:46 PM 3:44:46 PM,00:56:04,,,,Enter Notes
2026-07-16 04:20:34 PM,79.4,64.4,45.0,28.99,877,28.99,0.0,78.3,56.3,222,79.3,session,"Session - Jul 16, 2026 3:44:46 PM",2026-07-16 03:44:46 PM 3:44:46 PM,00:56:04,,,,Enter Notes
2026-07-16 04:20:39 PM,79.5,64.4,45.1,28.99,877,28.99,0.0,78.3,56.4,222,79.3,session,"Session - Jul 16, 2026 3:44:46 PM",2026-07-16 03:44:46 PM 3:44:46 PM,00:56:04,,,,Enter Notes
2026-07-16 04:20:44 PM,79.3,64.4,45.1,28.99,877,28.99,0.0,78.1,56.2,222,79.2,session,"Session - Jul 16, 2026 3:44:46 PM",2026-07-16 03:44:46 PM 3:44:46 PM,00:56:04,,,,Enter Notes
2026-07-16 04:20:49 PM,79.4,64.4,45.2,28.99,877,28.99,0.0,78.3,56.3,222,79.3,session,"Session - Jul 16, 2026 3:44:46 PM",2026-07-16 03:44:46 PM 3:44:46 PM,00:56:04,,,,Enter Notes
2026-07-16 04:20:53 PM,79.3,64.4,45.2,28.99,881,28.99,0.0,78.1,56.3,222,79.2,session,"Session - Jul 16, 2026 3:44:46 PM",2026-07-16 03:44:46 PM 3:44:46 PM,00:56:04,,,,Enter Notes
2026-07-16 04:20:59 PM,79.2,64.4,45.3,28.99,877,28.99,0.0,78.1,56.2,222,79.2,session,"Session - Jul 16, 2026 3:44:46 PM",2026-07-16 03:44:46 PM 3:44:46 PM,00:56:04,,,,Enter Notes
2026-07-16 04:21:04 PM,79.2,64.4,45.3,28.99,881,28.99,0.0,78.1,56.3,222,79.2,session,"Session - Jul 16, 2026 3:44:46 PM",2026-07-16 03:44:46 PM 3:44:46 PM,00:56:04,,,,Enter Notes
2026-07-16 04:21:09 PM,79.2,64.4,45.4,28.99,877,28.99,0.0,78.1,56.3,222,79.2,session,"Session - Jul 16, 2026 3:44:46 PM",2026-07-16 03:44:46 PM 3:44:46 PM,00:56:04,,,,Enter Notes
2026-07-16 04:21:14 PM,79.0,64.2,45.4,28.99,877,28.99,0.0,77.9,56.1,222,79.0,session,"Session - Jul 16, 2026 3:44:46 PM",2026-07-16 03:44:46 PM 3:44:46 PM,00:56:04,,,,Enter Notes
2026-07-16 04:21:19 PM,79.1,64.4,45.5,28.99,877,28.99,0.0,77.9,56.2,222,79.0,session,"Session - Jul 16, 2026 3:44:46 PM",2026-07-16 03:44:46 PM 3:44:46 PM,00:56:04,,,,Enter Notes
2026-07-16 04:21:24 PM,79.0,64.4,45.5,28.99,877,28.99,0.0,77.9,56.2,222,79.0,session,"Session - Jul 16, 2026 3:44:46 PM",2026-07-16 03:44:46 PM 3:44:46 PM,00:56:04,,,,Enter Notes
2026-07-16 04:21:29 PM,79.1,64.4,45.6,28.99,877,28.99,0.0,77.9,56.3,222,79.0,session,"Session - Jul 16, 2026 3:44:46 PM",2026-07-16 03:44:46 PM 3:44:46 PM,00:56:04,,,,Enter Notes
2026-07-16 04:21:34 PM,79.1,64.4,45.7,28.99,874,28.99,0.0,77.9,56.4,222,79.0,session,"Session - Jul 16, 2026 3:44:46 PM",2026-07-16 03:44:46 PM 3:44:46 PM,00:56:04,,,,Enter Notes
2026-07-16 04:21:38 PM,78.7,64.0,45.7,28.99,877,28.99,0.0,77.4,56.0,222,78.6,session,"Session - Jul 16, 2026 3:44:46 PM",2026-07-16 03:44:46 PM 3:44:46 PM,00:56:04,,,,Enter Notes
2026-07-16 04:21:44 PM,78.6,64.0,45.8,28.99,874,28.99,0.0,77.4,56.0,222,78.6,session,"Session - Jul 16, 2026 3:44:46 PM",2026-07-16 03:44:46 PM 3:44:46 PM,00:56:04,,,,Enter Notes
2026-07-16 04:21:49 PM,78.7,64.0,45.9,28.99,874,28.99,0.0,77.4,56.1,222,78.6,session,"Session - Jul 16, 2026 3:44:46 PM",2026-07-16 03:44:46 PM 3:44:46 PM,00:56:04,,,,Enter Notes
2026-07-16 04:21:54 PM,78.6,64.0,46.0,28.99,874,28.99,0.0,77.2,56.1,222,78.4,session,"Session - Jul 16, 2026 3:44:46 PM",2026-07-16 03:44:46 PM 3:44:46 PM,00:56:04,,,,Enter Notes
2026-07-16 04:21:59 PM,78.4,63.9,46.1,28.99,874,28.99,0.0,77.0,56.0,222,78.3,session,"Session - Jul 16, 2026 3:44:46 PM",2026-07-16 03:44:46 PM 3:44:46 PM,00:56:04,,,,Enter Notes
2026-07-16 04:22:04 PM,78.5,64.0,46.1,28.99,877,28.99,0.0,77.2,56.1,222,78.4,session,"Session - Jul 16, 2026 3:44:46 PM",2026-07-16 03:44:46 PM 3:44:46 PM,00:56:04,,,,Enter Notes
2026-07-16 04:22:09 PM,78.7,64.2,46.2,28.99,877,28.99,0.0,77.5,56.3,222,78.6,session,"Session - Jul 16, 2026 3:44:46 PM",2026-07-16 03:44:46 PM 3:44:46 PM,00:56:04,,,,Enter Notes
2026-07-16 04:22:14 PM,78.5,64.0,46.3,28.99,877,28.99,0.0,77.2,56.2,222,78.4,session,"Session - Jul 16, 2026 3:44:46 PM",2026-07-16 03:44:46 PM 3:44:46 PM,00:56:04,,,,Enter Notes
2026-07-16 04:22:19 PM,78.5,64.2,46.4,28.99,881,28.99,0.0,77.2,56.2,222,78.4,session,"Session - Jul 16, 2026 3:44:46 PM",2026-07-16 03:44:46 PM 3:44:46 PM,00:56:04,,,,Enter Notes
2026-07-16 04:22:23 PM,78.4,64.2,46.4,28.99,877,28.99,0.0,77.0,56.2,222,78.4,session,"Session - Jul 16, 2026 3:44:46 PM",2026-07-16 03:44:46 PM 3:44:46 PM,00:56:04,,,,Enter Notes
2026-07-16 04:22:29 PM,78.3,64.0,46.5,28.99,877,28.99,0.0,77.0,56.1,222,78.3,session,"Session - Jul 16, 2026 3:44:46 PM",2026-07-16 03:44:46 PM 3:44:46 PM,00:56:04,,,,Enter Notes
2026-07-16 04:22:34 PM,78.2,64.0,46.6,28.99,877,28.99,0.0,76.8,56.1,222,78.1,session,"Session - Jul 16, 2026 3:44:46 PM",2026-07-16 03:44:46 PM 3:44:46 PM,00:56:04,,,,Enter Notes
2026-07-16 04:22:39 PM,78.1,63.9,46.7,28.99,877,28.99,0.0,76.8,56.1,222,78.1,session,"Session - Jul 16, 2026 3:44:46 PM",2026-07-16 03:44:46 PM 3:44:46 PM,00:56:04,,,,Enter Notes
2026-07-16 04:22:44 PM,78.1,63.9,46.7,28.99,874,28.99,0.0,77.0,56.1,222,78.1,session,"Session - Jul 16, 2026 3:44:46 PM",2026-07-16 03:44:46 PM 3:44:46 PM,00:56:04,,,,Enter Notes
2026-07-16 04:22:49 PM,78.0,63.9,46.8,28.99,877,28.99,0.0,76.8,56.0,222,77.9,session,"Session - Jul 16, 2026 3:44:46 PM",2026-07-16 03:44:46 PM 3:44:46 PM,00:56:04,,,,Enter Notes
2026-07-16 04:22:54 PM,77.8,63.7,46.9,28.99,877,28.99,0.0,76.5,55.9,222,77.7,session,"Session - Jul 16, 2026 3:44:46 PM",2026-07-16 03:44:46 PM 3:44:46 PM,00:56:04,,,,Enter Notes
2026-07-16 04:22:59 PM,77.7,63.7,47.0,28.99,874,28.99,0.0,76.3,55.9,222,77.5,session,"Session - Jul 16, 2026 3:44:46 PM",2026-07-16 03:44:46 PM 3:44:46 PM,00:56:04,,,,Enter Notes
2026-07-16 04:23:04 PM,77.7,63.7,47.0,28.99,877,28.99,0.0,76.5,55.9,222,77.7,session,"Session - Jul 16, 2026 3:44:46 PM",2026-07-16 03:44:46 PM 3:44:46 PM,00:56:04,,,,Enter Notes
2026-07-16 04:23:08 PM,77.7,63.7,47.1,28.99,877,28.99,0.0,76.5,56.0,222,77.7,session,"Session - Jul 16, 2026 3:44:46 PM",2026-07-16 03:44:46 PM 3:44:46 PM,00:56:04,,,,Enter Notes
2026-07-16 04:23:14 PM,77.8,63.9,47.2,28.99,874,28.99,0.0,76.5,56.0,222,77.7,session,"Session - Jul 16, 2026 3:44:46 PM",2026-07-16 03:44:46 PM 3:44:46 PM,00:56:04,,,,Enter Notes
2026-07-16 04:23:19 PM,77.8,63.9,47.3,28.99,877,28.99,0.0,76.5,56.1,222,77.7,session,"Session - Jul 16, 2026 3:44:46 PM",2026-07-16 03:44:46 PM 3:44:46 PM,00:56:04,,,,Enter Notes
2026-07-16 04:23:24 PM,77.8,63.9,47.3,28.99,877,28.99,0.0,76.5,56.1,222,77.7,session,"Session - Jul 16, 2026 3:44:46 PM",2026-07-16 03:44:46 PM 3:44:46 PM,00:56:04,,,,Enter Notes
2026-07-16 04:23:29 PM,77.8,63.9,47.4,28.99,877,28.99,0.0,76.5,56.2,222,77.7,session,"Session - Jul 16, 2026 3:44:46 PM",2026-07-16 03:44:46 PM 3:44:46 PM,00:56:04,,,,Enter Notes
2026-07-16 04:23:34 PM,77.6,63.9,47.4,28.99,877,28.99,0.0,76.3,56.0,222,77.5,session,"Session - Jul 16, 2026 3:44:46 PM",2026-07-16 03:44:46 PM 3:44:46 PM,00:56:04,,,,Enter Notes
2026-07-16 04:23:39 PM,77.4,63.7,47.5,28.99,877,28.99,0.0,76.1,55.9,222,77.4,session,"Session - Jul 16, 2026 3:44:46 PM",2026-07-16 03:44:46 PM 3:44:46 PM,00:56:04,,,,Enter Notes
2026-07-16 04:23:44 PM,77.3,63.7,47.6,28.99,881,28.99,0.0,75.9,55.9,222,77.2,session,"Session - Jul 16, 2026 3:44:46 PM",2026-07-16 03:44:46 PM 3:44:46 PM,00:56:04,,,,Enter Notes
2026-07-16 04:23:49 PM,77.1,63.5,47.8,28.99,877,28.99,0.0,75.6,55.8,222,77.0,session,"Session - Jul 16, 2026 3:44:46 PM",2026-07-16 03:44:46 PM 3:44:46 PM,00:56:04,,,,Enter Notes
2026-07-16 04:23:53 PM,77.2,63.5,47.9,28.99,881,28.99,0.0,75.9,55.9,222,77.2,session,"Session - Jul 16, 2026 3:44:46 PM",2026-07-16 03:44:46 PM 3:44:46 PM,00:56:04,,,,Enter Notes
2026-07-16 04:23:59 PM,77.2,63.5,48.0,28.99,877,28.99,0.0,75.6,56.0,222,77.0,session,"Session - Jul 16, 2026 3:44:46 PM",2026-07-16 03:44:46 PM 3:44:46 PM,00:56:04,,,,Enter Notes
2026-07-16 04:24:04 PM,77.3,63.7,48.1,28.99,877,28.99,0.0,75.9,56.1,222,77.2,session,"Session - Jul 16, 2026 3:44:46 PM",2026-07-16 03:44:46 PM 3:44:46 PM,00:56:04,,,,Enter Notes
2026-07-16 04:24:09 PM,77.3,63.7,48.1,28.99,877,28.99,0.0,75.9,56.2,222,77.2,session,"Session - Jul 16, 2026 3:44:46 PM",2026-07-16 03:44:46 PM 3:44:46 PM,00:56:04,,,,Enter Notes
2026-07-16 04:24:14 PM,77.3,63.7,48.2,28.99,877,28.99,0.0,75.9,56.2,222,77.2,session,"Session - Jul 16, 2026 3:44:46 PM",2026-07-16 03:44:46 PM 3:44:46 PM,00:56:04,,,,Enter Notes
2026-07-16 04:24:19 PM,77.3,63.9,48.3,28.99,877,28.99,0.0,75.9,56.2,222,77.2,session,"Session - Jul 16, 2026 3:44:46 PM",2026-07-16 03:44:46 PM 3:44:46 PM,00:56:04,,,,Enter Notes
2026-07-16 04:24:24 PM,77.1,63.7,48.3,28.99,877,28.99,0.0,75.6,56.1,222,77.0,session,"Session - Jul 16, 2026 3:44:46 PM",2026-07-16 03:44:46 PM 3:44:46 PM,00:56:04,,,,Enter Notes
2026-07-16 04:24:29 PM,77.1,63.7,48.4,28.99,877,28.99,0.0,75.7,56.2,222,77.0,session,"Session - Jul 16, 2026 3:44:46 PM",2026-07-16 03:44:46 PM 3:44:46 PM,00:56:04,,,,Enter Notes
2026-07-16 04:24:34 PM,77.1,63.7,48.5,28.99,877,28.99,0.0,75.7,56.1,222,77.0,session,"Session - Jul 16, 2026 3:44:46 PM",2026-07-16 03:44:46 PM 3:44:46 PM,00:56:04,,,,Enter Notes
2026-07-16 04:24:38 PM,77.1,63.7,48.5,28.99,874,28.99,0.0,75.7,56.2,222,77.0,session,"Session - Jul 16, 2026 3:44:46 PM",2026-07-16 03:44:46 PM 3:44:46 PM,00:56:04,,,,Enter Notes
2026-07-16 04:24:44 PM,77.1,63.7,48.6,28.99,877,28.99,0.0,75.7,56.3,222,77.0,session,"Session - Jul 16, 2026 3:44:46 PM",2026-07-16 03:44:46 PM 3:44:46 PM,00:56:04,,,,Enter Notes
2026-07-16 04:24:49 PM,77.1,63.7,48.6,28.99,877,28.99,0.0,75.7,56.3,222,77.0,session,"Session - Jul 16, 2026 3:44:46 PM",2026-07-16 03:44:46 PM 3:44:46 PM,00:56:04,,,,Enter Notes
2026-07-16 04:24:54 PM,77.1,63.7,48.7,28.99,877,28.99,0.0,75.7,56.3,222,77.0,session,"Session - Jul 16, 2026 3:44:46 PM",2026-07-16 03:44:46 PM 3:44:46 PM,00:56:04,,,,Enter Notes
2026-07-16 04:24:59 PM,77.0,63.7,48.7,28.99,877,28.99,0.0,75.7,56.3,222,77.0,session,"Session - Jul 16, 2026 3:44:46 PM",2026-07-16 03:44:46 PM 3:44:46 PM,00:56:04,,,,Enter Notes
2026-07-16 04:25:04 PM,77.2,63.9,48.8,28.99,877,28.99,0.0,76.1,56.4,222,77.2,session,"Session - Jul 16, 2026 3:44:46 PM",2026-07-16 03:44:46 PM 3:44:46 PM,00:56:04,,,,Enter Notes
2026-07-16 04:25:09 PM,77.0,63.7,48.8,28.99,881,28.99,0.0,75.6,56.3,222,76.8,session,"Session - Jul 16, 2026 3:44:46 PM",2026-07-16 03:44:46 PM 3:44:46 PM,00:56:04,,,,Enter Notes
2026-07-16 04:25:14 PM,77.0,63.7,48.8,28.99,877,28.99,0.0,75.6,56.3,222,76.8,session,"Session - Jul 16, 2026 3:44:46 PM",2026-07-16 03:44:46 PM 3:44:46 PM,00:56:04,,,,Enter Notes
2026-07-16 04:25:19 PM,77.0,63.7,48.9,28.99,881,28.99,0.0,75.6,56.3,222,76.8,session,"Session - Jul 16, 2026 3:44:46 PM",2026-07-16 03:44:46 PM 3:44:46 PM,00:56:04,,,,Enter Notes
2026-07-16 04:25:23 PM,77.0,63.7,48.9,28.99,877,28.99,0.0,75.7,56.4,222,77.0,session,"Session - Jul 16, 2026 3:44:46 PM",2026-07-16 03:44:46 PM 3:44:46 PM,00:56:04,,,,Enter Notes
2026-07-16 04:25:29 PM,76.8,63.7,49.0,28.99,877,28.99,0.0,75.6,56.2,222,76.8,session,"Session - Jul 16, 2026 3:44:46 PM",2026-07-16 03:44:46 PM 3:44:46 PM,00:56:04,,,,Enter Notes
2026-07-16 04:25:34 PM,76.7,63.5,49.0,28.99,881,28.99,0.0,75.4,56.1,222,76.6,session,"Session - Jul 16, 2026 3:44:46 PM",2026-07-16 03:44:46 PM 3:44:46 PM,00:56:04,,,,Enter Notes
2026-07-16 04:25:39 PM,76.8,63.7,49.0,28.99,877,28.99,0.0,75.4,56.2,222,76.6,session,"Session - Jul 16, 2026 3:44:46 PM",2026-07-16 03:44:46 PM 3:44:46 PM,00:56:04,,,,Enter Notes
2026-07-16 04:25:44 PM,76.8,63.7,49.1,28.99,877,28.99,0.0,75.6,56.3,222,76.8,session,"Session - Jul 16, 2026 3:44:46 PM",2026-07-16 03:44:46 PM 3:44:46 PM,00:56:04,,,,Enter Notes
2026-07-16 04:25:49 PM,76.8,63.7,49.1,28.99,877,28.99,0.0,75.4,56.3,222,76.6,session,"Session - Jul 16, 2026 3:44:46 PM",2026-07-16 03:44:46 PM 3:44:46 PM,00:56:04,,,,Enter Notes
2026-07-16 04:25:54 PM,76.8,63.7,49.1,28.99,874,28.99,0.0,75.4,56.3,222,76.6,session,"Session - Jul 16, 2026 3:44:46 PM",2026-07-16 03:44:46 PM 3:44:46 PM,00:56:04,,,,Enter Notes
2026-07-16 04:25:59 PM,76.9,63.7,49.2,28.99,877,28.99,0.0,75.6,56.4,222,76.8,session,"Session - Jul 16, 2026 3:44:46 PM",2026-07-16 03:44:46 PM 3:44:46 PM,00:56:04,,,,Enter Notes
2026-07-16 04:26:04 PM,76.7,63.7,49.2,28.99,877,28.99,0.0,75.4,56.2,222,76.6,session,"Session - Jul 16, 2026 3:44:46 PM",2026-07-16 03:44:46 PM 3:44:46 PM,00:56:04,,,,Enter Notes
2026-07-16 04:26:08 PM,76.7,63.5,49.2,28.99,881,28.99,0.0,75.4,56.2,222,76.6,session,"Session - Jul 16, 2026 3:44:46 PM",2026-07-16 03:44:46 PM 3:44:46 PM,00:56:04,,,,Enter Notes
2026-07-16 04:26:14 PM,76.7,63.5,49.2,28.99,881,28.99,0.0,75.4,56.2,222,76.6,session,"Session - Jul 16, 2026 3:44:46 PM",2026-07-16 03:44:46 PM 3:44:46 PM,00:56:04,,,,Enter Notes
2026-07-16 04:26:19 PM,76.7,63.5,49.2,28.99,877,28.99,0.0,75.4,56.2,222,76.6,session,"Session - Jul 16, 2026 3:44:46 PM",2026-07-16 03:44:46 PM 3:44:46 PM,00:56:04,,,,Enter Notes
2026-07-16 04:26:24 PM,76.6,63.5,49.3,28.99,877,28.99,0.0,75.2,56.2,222,76.6,session,"Session - Jul 16, 2026 3:44:46 PM",2026-07-16 03:44:46 PM 3:44:46 PM,00:56:04,,,,Enter Notes
2026-07-16 04:26:29 PM,76.6,63.5,49.3,28.99,877,28.99,0.0,75.2,56.2,222,76.5,session,"Session - Jul 16, 2026 3:44:46 PM",2026-07-16 03:44:46 PM 3:44:46 PM,00:56:04,,,,Enter Notes
2026-07-16 04:26:34 PM,76.6,63.5,49.4,28.99,877,28.99,0.0,75.2,56.2,222,76.5,session,"Session - Jul 16, 2026 3:44:46 PM",2026-07-16 03:44:46 PM 3:44:46 PM,00:56:04,,,,Enter Notes
2026-07-16 04:26:38 PM,76.6,63.5,49.4,28.99,881,28.99,0.0,75.2,56.2,222,76.5,session,"Session - Jul 16, 2026 3:44:46 PM",2026-07-16 03:44:46 PM 3:44:46 PM,00:56:04,,,,Enter Notes
2026-07-16 04:26:44 PM,76.5,63.3,49.4,28.99,877,28.99,0.0,75.2,56.2,222,76.5,session,"Session - Jul 16, 2026 3:44:46 PM",2026-07-16 03:44:46 PM 3:44:46 PM,00:56:04,,,,Enter Notes
2026-07-16 04:26:49 PM,76.5,63.3,49.5,28.99,877,28.99,0.0,75.2,56.2,222,76.5,session,"Session - Jul 16, 2026 3:44:46 PM",2026-07-16 03:44:46 PM 3:44:46 PM,00:56:04,,,,Enter Notes
2026-07-16 04:26:53 PM,76.6,63.5,49.5,28.99,881,28.99,0.0,75.2,56.3,222,76.5,session,"Session - Jul 16, 2026 3:44:46 PM",2026-07-16 03:44:46 PM 3:44:46 PM,00:56:04,,,,Enter Notes
2026-07-16 04:26:59 PM,76.5,63.5,49.5,28.99,877,28.99,0.0,75.2,56.2,222,76.5,session,"Session - Jul 16, 2026 3:44:46 PM",2026-07-16 03:44:46 PM 3:44:46 PM,00:56:04,,,,Enter Notes
2026-07-16 04:27:04 PM,76.6,63.7,49.6,28.99,877,28.99,0.0,75.4,56.4,222,76.6,session,"Session - Jul 16, 2026 3:44:46 PM",2026-07-16 03:44:46 PM 3:44:46 PM,00:56:04,,,,Enter Notes
2026-07-16 04:27:09 PM,76.5,63.5,49.6,28.99,874,28.99,0.0,75.2,56.2,222,76.5,session,"Session - Jul 16, 2026 3:44:46 PM",2026-07-16 03:44:46 PM 3:44:46 PM,00:56:04,,,,Enter Notes
2026-07-16 04:27:14 PM,76.4,63.5,49.6,28.99,874,28.99,0.0,75.0,56.2,222,76.3,session,"Session - Jul 16, 2026 3:44:46 PM",2026-07-16 03:44:46 PM 3:44:46 PM,00:56:04,,,,Enter Notes
2026-07-16 04:27:19 PM,76.4,63.3,49.7,28.99,881,28.99,0.0,75.0,56.2,222,76.3,session,"Session - Jul 16, 2026 3:44:46 PM",2026-07-16 03:44:46 PM 3:44:46 PM,00:56:04,,,,Enter Notes
2026-07-16 04:27:24 PM,76.3,63.3,49.7,28.99,877,28.99,0.0,75.0,56.1,222,76.3,session,"Session - Jul 16, 2026 3:44:46 PM",2026-07-16 03:44:46 PM 3:44:46 PM,00:56:04,,,,Enter Notes
2026-07-16 04:27:29 PM,76.2,63.3,49.8,28.99,877,28.99,0.0,74.8,56.1,222,76.1,session,"Session - Jul 16, 2026 3:44:46 PM",2026-07-16 03:44:46 PM 3:44:46 PM,00:56:04,,,,Enter Notes
2026-07-16 04:27:34 PM,76.2,63.3,49.8,28.98,884,28.99,0.0,74.8,56.1,222,76.1,session,"Session - Jul 16, 2026 3:44:46 PM",2026-07-16 03:44:46 PM 3:44:46 PM,00:56:04,,,,Enter Notes
2026-07-16 04:27:38 PM,76.0,63.1,49.9,28.99,877,28.99,0.0,74.7,56.0,222,75.9,session,"Session - Jul 16, 2026 3:44:46 PM",2026-07-16 03:44:46 PM 3:44:46 PM,00:56:04,,,,Enter Notes
2026-07-16 04:27:44 PM,76.0,63.1,49.9,28.99,877,28.99,0.0,74.7,56.0,222,75.9,session,"Session - Jul 16, 2026 3:44:46 PM",2026-07-16 03:44:46 PM 3:44:46 PM,00:56:04,,,,Enter Notes
2026-07-16 04:27:49 PM,75.9,63.1,50.0,28.99,877,28.99,0.0,74.7,56.0,222,75.9,session,"Session - Jul 16, 2026 3:44:46 PM",2026-07-16 03:44:46 PM 3:44:46 PM,00:56:04,,,,Enter Notes
2026-07-16 04:27:54 PM,76.0,63.1,50.0,28.99,877,28.99,0.0,74.8,56.0,222,75.9,session,"Session - Jul 16, 2026 3:44:46 PM",2026-07-16 03:44:46 PM 3:44:46 PM,00:56:04,,,,Enter Notes
2026-07-16 04:27:59 PM,76.0,63.1,50.1,28.99,877,28.99,0.0,74.8,56.1,222,75.9,session,"Session - Jul 16, 2026 3:44:46 PM",2026-07-16 03:44:46 PM 3:44:46 PM,00:56:04,,,,Enter Notes
2026-07-16 04:28:04 PM,75.5,63.0,50.1,28.99,881,28.99,0.0,74.3,55.7,222,75.4,session,"Session - Jul 16, 2026 3:44:46 PM",2026-07-16 03:44:46 PM 3:44:46 PM,00:56:04,,,,Enter Notes
2026-07-16 04:28:09 PM,75.4,62.8,50.3,28.99,881,28.99,0.0,74.3,55.7,222,75.4,session,"Session - Jul 16, 2026 3:44:46 PM",2026-07-16 03:44:46 PM 3:44:46 PM,00:56:04,,,,Enter Notes
2026-07-16 04:28:14 PM,75.3,62.8,50.4,28.99,877,28.99,0.0,74.1,55.6,222,75.2,session,"Session - Jul 16, 2026 3:44:46 PM",2026-07-16 03:44:46 PM 3:44:46 PM,00:56:04,,,,Enter Notes
2026-07-16 04:28:19 PM,74.9,62.4,50.5,28.99,877,28.99,0.0,73.8,55.3,222,74.8,session,"Session - Jul 16, 2026 3:44:46 PM",2026-07-16 03:44:46 PM 3:44:46 PM,00:56:04,,,,Enter Notes
2026-07-16 04:28:23 PM,74.7,62.2,50.6,28.99,877,28.99,0.0,73.6,55.2,222,74.7,session,"Session - Jul 16, 2026 3:44:46 PM",2026-07-16 03:44:46 PM 3:44:46 PM,00:56:04,,,,Enter Notes
2026-07-16 04:28:29 PM,74.8,62.4,50.8,28.99,874,28.99,0.0,73.6,55.3,222,74.7,session,"Session - Jul 16, 2026 3:44:46 PM",2026-07-16 03:44:46 PM 3:44:46 PM,00:56:04,,,,Enter Notes
2026-07-16 04:28:34 PM,75.0,62.6,50.9,28.99,877,28.99,0.0,73.9,55.6,222,75.0,session,"Session - Jul 16, 2026 3:44:46 PM",2026-07-16 03:44:46 PM 3:44:46 PM,00:56:04,,,,Enter Notes
2026-07-16 04:28:39 PM,75.0,62.8,51.1,28.99,877,28.99,0.0,73.9,55.7,222,75.0,session,"Session - Jul 16, 2026 3:44:46 PM",2026-07-16 03:44:46 PM 3:44:46 PM,00:56:04,,,,Enter Notes
2026-07-16 04:28:44 PM,75.1,63.0,51.2,28.99,881,28.99,0.0,73.9,55.9,222,75.0,session,"Session - Jul 16, 2026 3:44:46 PM",2026-07-16 03:44:46 PM 3:44:46 PM,00:56:04,,,,Enter Notes
2026-07-16 04:28:49 PM,75.2,63.0,51.3,28.99,877,28.99,0.0,73.9,56.0,222,75.0,session,"Session - Jul 16, 2026 3:44:46 PM",2026-07-16 03:44:46 PM 3:44:46 PM,00:56:04,,,,Enter Notes
2026-07-16 04:28:54 PM,75.3,63.0,51.4,28.99,877,28.99,0.0,74.1,56.1,222,75.2,session,"Session - Jul 16, 2026 3:44:46 PM",2026-07-16 03:44:46 PM 3:44:46 PM,00:56:04,,,,Enter Notes
2026-07-16 04:28:59 PM,75.3,63.0,51.4,28.99,881,28.99,0.0,74.1,56.2,222,75.2,session,"Session - Jul 16, 2026 3:44:46 PM",2026-07-16 03:44:46 PM 3:44:46 PM,00:56:04,,,,Enter Notes
2026-07-16 04:29:04 PM,75.3,63.0,51.4,28.99,874,28.99,0.0,74.1,56.1,222,75.2,session,"Session - Jul 16, 2026 3:44:46 PM",2026-07-16 03:44:46 PM 3:44:46 PM,00:56:04,,,,Enter Notes
2026-07-16 04:29:08 PM,75.3,63.1,51.4,28.99,881,28.99,0.0,74.1,56.2,222,75.2,session,"Session - Jul 16, 2026 3:44:46 PM",2026-07-16 03:44:46 PM 3:44:46 PM,00:56:04,,,,Enter Notes
2026-07-16 04:29:14 PM,75.4,63.1,51.4,28.99,881,28.99,0.0,74.3,56.2,222,75.4,session,"Session - Jul 16, 2026 3:44:46 PM",2026-07-16 03:44:46 PM 3:44:46 PM,00:56:04,,,,Enter Notes
2026-07-16 04:29:19 PM,75.5,63.1,51.4,28.99,877,28.99,0.0,74.3,56.3,222,75.4,session,"Session - Jul 16, 2026 3:44:46 PM",2026-07-16 03:44:46 PM 3:44:46 PM,00:56:04,,,,Enter Notes
2026-07-16 04:29:24 PM,75.3,63.1,51.5,28.99,877,28.99,0.0,74.1,56.2,222,75.2,session,"Session - Jul 16, 2026 3:44:46 PM",2026-07-16 03:44:46 PM 3:44:46 PM,00:56:04,,,,Enter Notes
2026-07-16 04:29:29 PM,75.5,63.1,51.5,28.99,877,28.99,0.0,74.3,56.3,222,75.4,session,"Session - Jul 16, 2026 3:44:46 PM",2026-07-16 03:44:46 PM 3:44:46 PM,00:56:04,,,,Enter Notes
2026-07-16 04:29:34 PM,75.6,63.3,51.5,28.99,881,28.99,0.0,74.5,56.5,222,75.6,session,"Session - Jul 16, 2026 3:44:46 PM",2026-07-16 03:44:46 PM 3:44:46 PM,00:56:04,,,,Enter Notes
2026-07-16 04:29:39 PM,75.4,63.1,51.5,28.99,881,28.99,0.0,74.3,56.3,222,75.4,session,"Session - Jul 16, 2026 3:44:46 PM",2026-07-16 03:44:46 PM 3:44:46 PM,00:56:04,,,,Enter Notes
2026-07-16 04:29:44 PM,75.6,63.3,51.5,28.99,877,28.99,0.0,74.5,56.4,222,75.6,session,"Session - Jul 16, 2026 3:44:46 PM",2026-07-16 03:44:46 PM 3:44:46 PM,00:56:04,,,,Enter Notes
2026-07-16 04:29:49 PM,75.5,63.1,51.5,28.99,877,28.99,0.0,74.3,56.4,222,75.4,session,"Session - Jul 16, 2026 3:44:46 PM",2026-07-16 03:44:46 PM 3:44:46 PM,00:56:04,,,,Enter Notes
2026-07-16 04:29:53 PM,75.5,63.1,51.5,28.99,877,28.99,0.0,74.3,56.4,222,75.4,session,"Session - Jul 16, 2026 3:44:46 PM",2026-07-16 03:44:46 PM 3:44:46 PM,00:56:04,,,,Enter Notes
2026-07-16 04:29:59 PM,75.5,63.1,51.5,28.99,877,28.99,0.0,74.3,56.3,222,75.4,session,"Session - Jul 16, 2026 3:44:46 PM",2026-07-16 03:44:46 PM 3:44:46 PM,00:56:04,,,,Enter Notes
2026-07-16 04:30:04 PM,75.4,63.1,51.5,28.99,877,28.99,0.0,74.3,56.3,222,75.4,session,"Session - Jul 16, 2026 3:44:46 PM",2026-07-16 03:44:46 PM 3:44:46 PM,00:56:04,,,,Enter Notes
2026-07-16 04:30:09 PM,75.3,63.1,51.5,28.99,877,28.99,0.0,74.1,56.2,222,75.2,session,"Session - Jul 16, 2026 3:44:46 PM",2026-07-16 03:44:46 PM 3:44:46 PM,00:56:04,,,,Enter Notes
2026-07-16 04:30:14 PM,75.3,63.0,51.5,28.99,877,28.99,0.0,74.1,56.2,222,75.2,session,"Session - Jul 16, 2026 3:44:46 PM",2026-07-16 03:44:46 PM 3:44:46 PM,00:56:04,,,,Enter Notes
2026-07-16 04:30:19 PM,75.3,63.0,51.4,28.99,877,28.99,0.0,74.1,56.1,222,75.2,session,"Session - Jul 16, 2026 3:44:46 PM",2026-07-16 03:44:46 PM 3:44:46 PM,00:56:04,,,,Enter Notes
2026-07-16 04:30:24 PM,75.3,63.0,51.5,28.99,877,28.99,0.0,74.1,56.1,222,75.2,session,"Session - Jul 16, 2026 3:44:46 PM",2026-07-16 03:44:46 PM 3:44:46 PM,00:56:04,,,,Enter Notes
2026-07-16 04:30:29 PM,75.2,63.0,51.5,28.99,877,28.99,0.0,74.1,56.1,222,75.2,session,"Session - Jul 16, 2026 3:44:46 PM",2026-07-16 03:44:46 PM 3:44:46 PM,00:56:04,,,,Enter Notes
2026-07-16 04:30:34 PM,75.2,63.0,51.5,28.99,877,28.99,0.0,74.1,56.1,222,75.2,session,"Session - Jul 16, 2026 3:44:46 PM",2026-07-16 03:44:46 PM 3:44:46 PM,00:56:04,,,,Enter Notes
2026-07-16 04:30:38 PM,75.1,63.0,51.5,28.99,877,28.99,0.0,73.9,56.1,222,75.0,session,"Session - Jul 16, 2026 3:44:46 PM",2026-07-16 03:44:46 PM 3:44:46 PM,00:56:04,,,,Enter Notes
2026-07-16 04:30:44 PM,74.8,62.6,51.5,28.99,877,28.99,0.0,73.6,55.8,222,74.7,session,"Session - Jul 16, 2026 3:44:46 PM",2026-07-16 03:44:46 PM 3:44:46 PM,00:56:04,,,,Enter Notes
2026-07-16 04:30:49 PM,74.5,62.4,51.6,28.99,877,28.99,0.0,73.6,55.5,222,74.5,session,"Session - Jul 16, 2026 3:44:46 PM",2026-07-16 03:44:46 PM 3:44:46 PM,00:56:04,,,,Enter Notes
2026-07-16 04:30:54 PM,74.4,62.4,51.7,28.99,877,28.99,0.0,73.4,55.5,222,74.3,session,"Session - Jul 16, 2026 3:44:46 PM",2026-07-16 03:44:46 PM 3:44:46 PM,00:56:04,,,,Enter Notes
2026-07-16 04:30:59 PM,74.3,62.2,51.9,28.99,877,28.99,0.0,73.2,55.4,222,74.1,session,"Session - Jul 16, 2026 3:44:46 PM",2026-07-16 03:44:46 PM 3:44:46 PM,00:56:04,,,,Enter Notes
2026-07-16 04:31:04 PM,74.5,62.6,52.0,28.99,877,28.99,0.0,73.4,55.7,222,74.3,session,"Session - Jul 16, 2026 3:44:46 PM",2026-07-16 03:44:46 PM 3:44:46 PM,00:56:04,,,,Enter Notes
2026-07-16 04:31:09 PM,74.4,62.4,52.0,28.99,877,28.99,0.0,73.4,55.7,222,74.3,session,"Session - Jul 16, 2026 3:44:46 PM",2026-07-16 03:44:46 PM 3:44:46 PM,00:56:04,,,,Enter Notes
2026-07-16 04:31:14 PM,74.4,62.6,52.1,28.99,877,28.99,0.0,73.4,55.7,222,74.3,session,"Session - Jul 16, 2026 3:44:46 PM",2026-07-16 03:44:46 PM 3:44:46 PM,00:56:04,,,,Enter Notes
2026-07-16 04:31:19 PM,74.4,62.6,52.2,28.99,877,28.99,0.0,73.4,55.8,222,74.3,session,"Session - Jul 16, 2026 3:44:46 PM",2026-07-16 03:44:46 PM 3:44:46 PM,00:56:04,,,,Enter Notes
2026-07-16 04:31:23 PM,74.4,62.6,52.3,28.99,877,28.99,0.0,73.4,55.9,222,74.3,session,"Session - Jul 16, 2026 3:44:46 PM",2026-07-16 03:44:46 PM 3:44:46 PM,00:56:04,,,,Enter Notes
2026-07-16 04:31:29 PM,74.5,62.6,52.4,28.99,877,28.99,0.0,73.6,55.9,222,74.5,session,"Session - Jul 16, 2026 3:44:46 PM",2026-07-16 03:44:46 PM 3:44:46 PM,00:56:04,,,,Enter Notes
2026-07-16 04:31:34 PM,74.5,62.6,52.4,28.99,881,28.99,0.0,73.6,56.0,222,74.5,session,"Session - Jul 16, 2026 3:44:46 PM",2026-07-16 03:44:46 PM 3:44:46 PM,00:56:04,,,,Enter Notes
2026-07-16 04:31:39 PM,74.6,62.8,52.5,28.99,877,28.99,0.0,73.6,56.1,222,74.5,session,"Session - Jul 16, 2026 3:44:46 PM",2026-07-16 03:44:46 PM 3:44:46 PM,00:56:04,,,,Enter Notes
2026-07-16 04:31:44 PM,74.6,62.8,52.5,28.99,877,28.99,0.0,73.8,56.1,222,74.5,session,"Session - Jul 16, 2026 3:44:46 PM",2026-07-16 03:44:46 PM 3:44:46 PM,00:56:04,,,,Enter Notes
2026-07-16 04:31:49 PM,74.7,62.8,52.5,28.99,881,28.99,0.0,73.8,56.2,222,74.7,session,"Session - Jul 16, 2026 3:44:46 PM",2026-07-16 03:44:46 PM 3:44:46 PM,00:56:04,,,,Enter Notes
2026-07-16 04:31:54 PM,74.6,62.8,52.5,28.99,877,28.99,0.0,73.8,56.1,222,74.5,session,"Session - Jul 16, 2026 3:44:46 PM",2026-07-16 03:44:46 PM 3:44:46 PM,00:56:04,,,,Enter Notes
2026-07-16 04:31:59 PM,74.6,62.8,52.5,28.99,877,28.99,0.0,73.8,56.1,222,74.5,session,"Session - Jul 16, 2026 3:44:46 PM",2026-07-16 03:44:46 PM 3:44:46 PM,00:56:04,,,,Enter Notes
2026-07-16 04:32:04 PM,74.7,62.8,52.5,28.99,877,28.99,0.0,73.8,56.2,222,74.7,session,"Session - Jul 16, 2026 3:44:46 PM",2026-07-16 03:44:46 PM 3:44:46 PM,00:56:04,,,,Enter Notes
2026-07-16 04:32:08 PM,74.7,62.8,52.5,28.99,877,28.99,0.0,73.8,56.2,222,74.7,session,"Session - Jul 16, 2026 3:44:46 PM",2026-07-16 03:44:46 PM 3:44:46 PM,00:56:04,,,,Enter Notes
2026-07-16 04:32:14 PM,74.6,62.8,52.5,28.99,881,28.99,0.0,73.8,56.0,222,74.5,session,"Session - Jul 16, 2026 3:44:46 PM",2026-07-16 03:44:46 PM 3:44:46 PM,00:56:04,,,,Enter Notes
2026-07-16 04:32:19 PM,74.1,62.4,52.6,28.98,884,28.99,0.9,73.4,55.7,222,74.1,session,"Session - Jul 16, 2026 3:44:46 PM",2026-07-16 03:44:46 PM 3:44:46 PM,00:56:04,,,,Enter Notes
2026-07-16 04:32:24 PM,74.1,62.4,52.8,28.98,881,28.99,0.7,73.2,55.8,222,73.9,session,"Session - Jul 16, 2026 3:44:46 PM",2026-07-16 03:44:46 PM 3:44:46 PM,00:56:04,,,,Enter Notes
2026-07-16 04:32:29 PM,74.1,62.4,53.2,28.98,884,28.99,0.8,73.2,56.0,222,73.9,session,"Session - Jul 16, 2026 3:44:46 PM",2026-07-16 03:44:46 PM 3:44:46 PM,00:56:04,,,,Enter Notes
2026-07-16 04:32:34 PM,74.2,62.6,53.4,28.99,881,28.99,0.0,73.4,56.1,222,74.1,session,"Session - Jul 16, 2026 3:44:46 PM",2026-07-16 03:44:46 PM 3:44:46 PM,00:56:04,,,,Enter Notes
2026-07-16 04:32:39 PM,74.1,62.6,53.5,28.98,881,28.99,0.0,73.2,56.1,222,73.9,session,"Session - Jul 16, 2026 3:44:46 PM",2026-07-16 03:44:46 PM 3:44:46 PM,00:56:04,,,,Enter Notes
2026-07-16 04:32:44 PM,74.2,62.8,53.5,28.99,881,28.99,0.0,73.4,56.2,222,74.1,session,"Session - Jul 16, 2026 3:44:46 PM",2026-07-16 03:44:46 PM 3:44:46 PM,00:56:04,,,,Enter Notes
2026-07-16 04:32:49 PM,74.2,62.8,53.5,28.98,881,28.99,0.0,73.4,56.3,222,74.1,session,"Session - Jul 16, 2026 3:44:46 PM",2026-07-16 03:44:46 PM 3:44:46 PM,00:56:04,,,,Enter Notes
2026-07-16 04:32:53 PM,74.3,62.8,53.5,28.99,881,28.99,0.0,73.4,56.3,222,74.1,session,"Session - Jul 16, 2026 3:44:46 PM",2026-07-16 03:44:46 PM 3:44:46 PM,00:56:04,,,,Enter Notes
2026-07-16 04:32:59 PM,74.4,63.0,53.6,28.98,881,28.99,0.0,73.6,56.4,222,74.3,session,"Session - Jul 16, 2026 3:44:46 PM",2026-07-16 03:44:46 PM 3:44:46 PM,00:56:04,,,,Enter Notes
2026-07-16 04:33:04 PM,74.5,63.0,53.7,28.99,881,28.99,0.0,73.8,56.6,222,74.5,session,"Session - Jul 16, 2026 3:44:46 PM",2026-07-16 03:44:46 PM 3:44:46 PM,00:56:04,,,,Enter Notes
2026-07-16 04:33:09 PM,74.3,63.0,53.8,28.98,881,28.99,0.0,73.4,56.4,222,74.1,session,"Session - Jul 16, 2026 3:44:46 PM",2026-07-16 03:44:46 PM 3:44:46 PM,00:56:04,,,,Enter Notes
2026-07-16 04:33:14 PM,74.4,63.0,53.8,28.99,881,28.99,0.0,73.6,56.6,222,74.3,session,"Session - Jul 16, 2026 3:44:46 PM",2026-07-16 03:44:46 PM 3:44:46 PM,00:56:04,,,,Enter Notes
2026-07-16 04:33:19 PM,74.3,63.0,53.8,28.99,881,28.99,0.0,73.6,56.5,222,74.3,session,"Session - Jul 16, 2026 3:44:46 PM",2026-07-16 03:44:46 PM 3:44:46 PM,00:56:04,,,,Enter Notes
2026-07-16 04:33:24 PM,74.3,63.0,53.7,28.99,881,28.99,0.0,73.6,56.4,222,74.3,session,"Session - Jul 16, 2026 3:44:46 PM",2026-07-16 03:44:46 PM 3:44:46 PM,00:56:04,,,,Enter Notes
2026-07-16 04:33:29 PM,74.3,63.0,53.7,28.98,881,28.99,0.8,73.6,56.5,222,74.3,session,"Session - Jul 16, 2026 3:44:46 PM",2026-07-16 03:44:46 PM 3:44:46 PM,00:56:04,,,,Enter Notes
2026-07-16 04:33:34 PM,74.3,63.0,53.8,28.98,881,28.99,0.0,73.6,56.5,222,74.3,session,"Session - Jul 16, 2026 3:44:46 PM",2026-07-16 03:44:46 PM 3:44:46 PM,00:56:04,,,,Enter Notes
2026-07-16 04:33:39 PM,74.3,63.0,53.9,28.98,881,28.99,0.0,73.6,56.5,223,74.3,session,"Session - Jul 16, 2026 3:44:46 PM",2026-07-16 03:44:46 PM 3:44:46 PM,00:56:04,,,,Enter Notes
2026-07-16 04:33:44 PM,74.3,63.0,53.9,28.98,881,28.99,0.0,73.6,56.6,223,74.3,session,"Session - Jul 16, 2026 3:44:46 PM",2026-07-16 03:44:46 PM 3:44:46 PM,00:56:04,,,,Enter Notes
2026-07-16 04:33:49 PM,74.4,63.0,53.9,28.98,881,28.99,0.0,73.6,56.6,223,74.3,session,"Session - Jul 16, 2026 3:44:46 PM",2026-07-16 03:44:46 PM 3:44:46 PM,00:56:04,,,,Enter Notes
2026-07-16 04:33:54 PM,74.2,62.8,53.9,28.98,884,28.98,0.0,73.4,56.4,223,74.1,session,"Session - Jul 16, 2026 3:44:46 PM",2026-07-16 03:44:46 PM 3:44:46 PM,00:56:04,,,,Enter Notes
2026-07-16 04:33:59 PM,75.8,64.2,54.4,28.97,889,28.98,0.7,75.0,58.2,222,75.7,session,"Session - Jul 16, 2026 3:44:46 PM",2026-07-16 03:44:46 PM 3:44:46 PM,00:56:04,,,,Enter Notes
2026-07-16 04:34:04 PM,79.3,68.4,57.6,28.97,889,28.98,0.9,80.2,63.1,222,79.3,session,"Session - Jul 16, 2026 3:44:46 PM",2026-07-16 03:44:46 PM 3:44:46 PM,00:56:04,,,,Enter Notes
2026-07-16 04:34:09 PM,81.2,71.8,64.3,28.98,886,28.98,1.5,84.4,68.0,222,81.1,session,"Session - Jul 16, 2026 3:44:46 PM",2026-07-16 03:44:46 PM 3:44:46 PM,00:56:04,,,,Enter Notes
2026-07-16 04:34:14 PM,82.7,74.3,68.1,28.97,892,28.98,0.8,87.8,71.2,222,82.6,session,"Session - Jul 16, 2026 3:44:46 PM",2026-07-16 03:44:46 PM 3:44:46 PM,00:56:04,,,,Enter Notes
2026-07-16 04:34:19 PM,83.8,76.3,71.8,28.98,886,28.98,0.8,92.1,73.8,222,83.8,session,"Session - Jul 16, 2026 3:44:46 PM",2026-07-16 03:44:46 PM 3:44:46 PM,00:56:04,,,,Enter Notes
2026-07-16 04:34:23 PM,84.6,77.4,73.1,28.97,889,28.98,0.9,94.3,75.0,222,84.6,session,"Session - Jul 16, 2026 3:44:46 PM",2026-07-16 03:44:46 PM 3:44:46 PM,00:56:04,,,,Enter Notes
2026-07-16 04:34:29 PM,85.8,78.8,73.8,28.98,884,28.98,1.0,97.3,76.4,222,85.6,session,"Session - Jul 16, 2026 3:44:46 PM",2026-07-16 03:44:46 PM 3:44:46 PM,00:56:04,,,,Enter Notes
2026-07-16 04:34:34 PM,85.9,78.8,73.6,28.98,881,28.99,0.9,97.7,76.5,222,85.8,session,"Session - Jul 16, 2026 3:44:46 PM",2026-07-16 03:44:46 PM 3:44:46 PM,00:56:04,,,,Enter Notes
2026-07-16 04:34:39 PM,85.9,78.6,72.8,28.98,881,28.99,1.0,97.3,76.2,222,85.8,session,"Session - Jul 16, 2026 3:44:46 PM",2026-07-16 03:44:46 PM 3:44:46 PM,00:56:04,,,,Enter Notes
2026-07-16 04:34:44 PM,85.9,78.4,72.1,28.98,884,28.99,0.9,97.2,75.8,222,85.8,session,"Session - Jul 16, 2026 3:44:46 PM",2026-07-16 03:44:46 PM 3:44:46 PM,00:56:04,,,,Enter Notes
2026-07-16 04:34:49 PM,86.0,78.1,71.0,28.99,881,28.99,0.9,96.6,75.4,222,85.8,session,"Session - Jul 16, 2026 3:44:46 PM",2026-07-16 03:44:46 PM 3:44:46 PM,00:56:04,,,,Enter Notes
2026-07-16 04:34:53 PM,86.0,77.9,70.2,28.98,886,28.98,0.7,96.8,75.2,222,86.0,session,"Session - Jul 16, 2026 3:44:46 PM",2026-07-16 03:44:46 PM 3:44:46 PM,00:56:04,,,,Enter Notes
2026-07-16 04:34:59 PM,86.4,78.1,69.3,28.98,886,28.98,0.0,97.2,75.1,222,86.4,session,"Session - Jul 16, 2026 3:44:46 PM",2026-07-16 03:44:46 PM 3:44:46 PM,00:56:04,,,,Enter Notes
2026-07-16 04:35:04 PM,86.9,78.3,68.7,28.98,886,28.98,1.9,98.2,75.4,222,86.9,session,"Session - Jul 16, 2026 3:44:46 PM",2026-07-16 03:44:46 PM 3:44:46 PM,00:56:04,,,,Enter Notes
2026-07-16 04:35:09 PM,87.4,78.4,67.9,28.98,884,28.98,1.1,98.8,75.5,222,87.3,session,"Session - Jul 16, 2026 3:44:46 PM",2026-07-16 03:44:46 PM 3:44:46 PM,00:56:04,,,,Enter Notes
2026-07-16 04:35:14 PM,88.1,79.0,67.3,28.98,884,28.99,1.1,100.2,75.9,222,88.0,session,"Session - Jul 16, 2026 3:44:46 PM",2026-07-16 03:44:46 PM 3:44:46 PM,00:56:04,,,,Enter Notes
2026-07-16 04:35:19 PM,88.5,79.0,66.4,28.98,886,28.98,3.2,101.3,75.9,222,88.5,session,"Session - Jul 16, 2026 3:44:46 PM",2026-07-16 03:44:46 PM 3:44:46 PM,00:56:04,,,,Enter Notes
2026-07-16 04:35:24 PM,89.0,79.3,65.7,28.98,884,28.98,1.5,102.0,76.0,222,88.9,session,"Session - Jul 16, 2026 3:44:46 PM",2026-07-16 03:44:46 PM 3:44:46 PM,00:56:04,,,,Enter Notes
2026-07-16 04:35:29 PM,89.5,79.3,64.7,28.98,886,28.98,1.4,102.9,76.0,222,89.4,session,"Session - Jul 16, 2026 3:44:46 PM",2026-07-16 03:44:46 PM 3:44:46 PM,00:56:04,,,,Enter Notes
2026-07-16 04:35:34 PM,89.9,79.5,64.1,28.99,881,28.99,2.0,103.5,76.1,222,89.8,session,"Session - Jul 16, 2026 3:44:46 PM",2026-07-16 03:44:46 PM 3:44:46 PM,00:56:04,,,,Enter Notes
2026-07-16 04:35:39 PM,90.2,79.5,63.2,28.99,877,28.99,1.8,104.0,76.0,222,90.1,session,"Session - Jul 16, 2026 3:44:46 PM",2026-07-16 03:44:46 PM 3:44:46 PM,00:56:04,,,,Enter Notes
2026-07-16 04:35:44 PM,90.6,79.7,62.8,28.99,874,28.99,1.0,104.7,76.1,222,90.5,session,"Session - Jul 16, 2026 3:44:46 PM",2026-07-16 03:44:46 PM 3:44:46 PM,00:56:04,,,,Enter Notes
2026-07-16 04:35:49 PM,91.0,79.9,62.2,29.00,874,29.00,0.9,105.4,76.2,222,90.9,session,"Session - Jul 16, 2026 3:44:46 PM",2026-07-16 03:44:46 PM 3:44:46 PM,00:56:04,,,,Enter Notes
2026-07-16 04:35:54 PM,91.3,80.1,61.9,29.00,873,29.00,0.9,106.2,76.4,222,91.2,session,"Session - Jul 16, 2026 3:44:46 PM",2026-07-16 03:44:46 PM 3:44:46 PM,00:56:04,,,,Enter Notes
2026-07-16 04:35:59 PM,91.5,80.1,61.4,29.00,869,29.00,0.8,106.2,76.3,222,91.4,session,"Session - Jul 16, 2026 3:44:46 PM",2026-07-16 03:44:46 PM 3:44:46 PM,00:56:04,,,,Enter Notes
2026-07-16 04:36:04 PM,91.7,80.1,61.0,29.00,873,29.00,1.2,106.3,76.3,222,91.6,session,"Session - Jul 16, 2026 3:44:46 PM",2026-07-16 03:44:46 PM 3:44:46 PM,00:56:04,,,,Enter Notes
2026-07-16 04:36:09 PM,92.4,80.4,60.3,29.00,873,29.00,1.4,107.8,76.6,222,92.3,session,"Session - Jul 16, 2026 3:44:46 PM",2026-07-16 03:44:46 PM 3:44:46 PM,00:56:04,,,,Enter Notes
2026-07-16 04:36:14 PM,92.8,80.4,59.7,29.00,874,29.00,1.3,108.3,76.7,222,92.7,session,"Session - Jul 16, 2026 3:44:46 PM",2026-07-16 03:44:46 PM 3:44:46 PM,00:56:04,,,,Enter Notes
2026-07-16 04:36:19 PM,92.8,80.2,58.9,29.00,873,29.00,1.8,108.0,76.3,222,92.7,session,"Session - Jul 16, 2026 3:44:46 PM",2026-07-16 03:44:46 PM 3:44:46 PM,00:56:04,,,,Enter Notes
2026-07-16 04:36:24 PM,92.4,79.7,58.3,29.00,869,29.00,2.8,106.7,75.6,222,92.3,session,"Session - Jul 16, 2026 3:44:46 PM",2026-07-16 03:44:46 PM 3:44:46 PM,00:56:04,,,,Enter Notes
2026-07-16 04:36:29 PM,92.3,79.5,57.6,29.00,869,29.00,1.0,105.8,75.1,222,92.1,session,"Session - Jul 16, 2026 3:44:46 PM",2026-07-16 03:44:46 PM 3:44:46 PM,00:56:04,,,,Enter Notes
2026-07-16 04:36:34 PM,92.4,79.3,57.2,29.00,869,29.00,0.9,106.0,75.0,222,92.3,session,"Session - Jul 16, 2026 3:44:46 PM",2026-07-16 03:44:46 PM 3:44:46 PM,00:56:04,,,,Enter Notes
2026-07-16 04:36:39 PM,92.1,78.8,56.6,29.00,869,29.00,0.7,105.3,74.5,222,92.1,session,"Session - Jul 16, 2026 3:44:46 PM",2026-07-16 03:44:46 PM 3:44:46 PM,00:56:04,,,,Enter Notes
2026-07-16 04:36:44 PM,92.3,79.0,56.3,29.00,866,29.00,0.0,105.4,74.5,222,92.3,session,"Session - Jul 16, 2026 3:44:46 PM",2026-07-16 03:44:46 PM 3:44:46 PM,00:56:04,,,,Enter Notes
2026-07-16 04:36:49 PM,92.6,79.0,56.0,29.00,869,29.00,0.0,105.8,74.6,222,92.5,session,"Session - Jul 16, 2026 3:44:46 PM",2026-07-16 03:44:46 PM 3:44:46 PM,00:56:04,,,,Enter Notes
2026-07-16 04:36:54 PM,92.7,79.0,55.8,29.00,869,29.00,0.0,106.2,74.6,222,92.7,session,"Session - Jul 16, 2026 3:44:46 PM",2026-07-16 03:44:46 PM 3:44:46 PM,00:56:04,,,,Enter Notes
2026-07-16 04:36:59 PM,92.8,79.0,55.4,29.00,869,29.00,0.0,105.8,74.5,222,92.7,session,"Session - Jul 16, 2026 3:44:46 PM",2026-07-16 03:44:46 PM 3:44:46 PM,00:56:04,,,,Enter Notes
2026-07-16 04:37:04 PM,93.0,79.2,55.2,29.00,869,29.00,0.0,106.5,74.6,222,93.0,session,"Session - Jul 16, 2026 3:44:46 PM",2026-07-16 03:44:46 PM 3:44:46 PM,00:56:04,,,,Enter Notes
2026-07-16 04:37:09 PM,92.9,79.0,54.8,29.00,869,29.00,0.9,106.0,74.3,222,92.8,session,"Session - Jul 16, 2026 3:44:46 PM",2026-07-16 03:44:46 PM 3:44:46 PM,00:56:04,,,,Enter Notes
2026-07-16 04:37:14 PM,92.7,78.6,54.6,29.00,873,29.00,0.8,105.4,74.0,222,92.7,session,"Session - Jul 16, 2026 3:44:46 PM",2026-07-16 03:44:46 PM 3:44:46 PM,00:56:04,,,,Enter Notes
2026-07-16 04:37:19 PM,92.6,78.4,54.4,28.99,874,29.00,1.6,104.7,73.7,222,92.5,session,"Session - Jul 16, 2026 3:44:46 PM",2026-07-16 03:44:46 PM 3:44:46 PM,00:56:04,,,,Enter Notes
2026-07-16 04:37:24 PM,92.4,78.3,54.2,29.00,873,29.00,1.6,104.4,73.4,222,92.3,session,"Session - Jul 16, 2026 3:44:46 PM",2026-07-16 03:44:46 PM 3:44:46 PM,00:56:04,,,,Enter Notes
2026-07-16 04:37:29 PM,92.4,78.3,54.3,29.00,874,29.00,1.9,104.4,73.4,222,92.3,session,"Session - Jul 16, 2026 3:44:46 PM",2026-07-16 03:44:46 PM 3:44:46 PM,00:56:04,,,,Enter Notes
2026-07-16 04:37:34 PM,91.6,77.5,54.2,29.00,873,29.00,3.7,102.2,72.7,222,91.4,session,"Session - Jul 16, 2026 3:44:46 PM",2026-07-16 03:44:46 PM 3:44:46 PM,00:56:04,,,,Enter Notes
2026-07-16 04:37:39 PM,91.4,77.4,54.2,29.00,873,29.00,2.9,102.2,72.5,222,91.4,session,"Session - Jul 16, 2026 3:44:46 PM",2026-07-16 03:44:46 PM 3:44:46 PM,00:56:04,,,,Enter Notes
2026-07-16 04:37:44 PM,91.6,77.5,54.2,29.00,873,29.00,1.1,102.7,72.7,222,91.6,session,"Session - Jul 16, 2026 3:44:46 PM",2026-07-16 03:44:46 PM 3:44:46 PM,00:56:04,,,,Enter Notes
2026-07-16 04:37:49 PM,92.3,78.3,54.2,29.00,869,29.00,1.1,104.0,73.3,222,92.1,session,"Session - Jul 16, 2026 3:44:46 PM",2026-07-16 03:44:46 PM 3:44:46 PM,00:56:04,,,,Enter Notes
2026-07-16 04:37:54 PM,92.4,78.3,54.3,29.00,866,29.00,1.0,104.4,73.5,222,92.3,session,"Session - Jul 16, 2026 3:44:46 PM",2026-07-16 03:44:46 PM 3:44:46 PM,00:56:04,,,,Enter Notes
2026-07-16 04:37:59 PM,92.8,78.6,54.3,29.00,866,29.00,0.9,105.3,73.8,222,92.7,session,"Session - Jul 16, 2026 3:44:46 PM",2026-07-16 03:44:46 PM 3:44:46 PM,00:56:04,,,,Enter Notes
2026-07-16 04:38:04 PM,92.9,78.8,54.2,29.00,869,29.00,0.8,105.6,73.9,222,92.8,session,"Session - Jul 16, 2026 3:44:46 PM",2026-07-16 03:44:46 PM 3:44:46 PM,00:56:04,,,,Enter Notes
2026-07-16 04:38:09 PM,92.9,78.8,54.1,29.00,865,29.00,1.5,105.6,73.9,222,92.8,session,"Session - Jul 16, 2026 3:44:46 PM",2026-07-16 03:44:46 PM 3:44:46 PM,00:56:04,,,,Enter Notes
2026-07-16 04:38:14 PM,93.0,78.8,54.0,29.00,865,29.00,1.9,105.4,73.9,222,92.8,session,"Session - Jul 16, 2026 3:44:46 PM",2026-07-16 03:44:46 PM 3:44:46 PM,00:56:04,,,,Enter Notes
2026-07-16 04:38:19 PM,93.2,78.8,53.7,29.00,866,29.00,1.8,106.2,73.9,222,93.2,session,"Session - Jul 16, 2026 3:44:46 PM",2026-07-16 03:44:46 PM 3:44:46 PM,00:56:04,,,,Enter Notes
2026-07-16 04:38:24 PM,93.4,78.8,53.5,29.00,865,29.01,2.2,106.5,74.0,222,93.4,session,"Session - Jul 16, 2026 3:44:46 PM",2026-07-16 03:44:46 PM 3:44:46 PM,00:56:04,,,,Enter Notes
2026-07-16 04:38:29 PM,93.1,78.6,53.2,29.00,866,29.00,1.5,105.4,73.5,222,93.0,session,"Session - Jul 16, 2026 3:44:46 PM",2026-07-16 03:44:46 PM 3:44:46 PM,00:56:04,,,,Enter Notes
2026-07-16 04:38:34 PM,92.6,78.1,53.1,29.00,865,29.00,1.9,104.2,73.0,222,92.5,session,"Session - Jul 16, 2026 3:44:46 PM",2026-07-16 03:44:46 PM 3:44:46 PM,00:56:04,,,,Enter Notes
2026-07-16 04:38:39 PM,92.1,77.4,52.9,29.00,865,29.01,2.7,102.7,72.4,222,91.9,session,"Session - Jul 16, 2026 3:44:46 PM",2026-07-16 03:44:46 PM 3:44:46 PM,00:56:04,,,,Enter Notes
2026-07-16 04:38:44 PM,91.8,77.2,52.8,29.00,865,29.01,2.0,102.4,72.2,222,91.8,session,"Session - Jul 16, 2026 3:44:46 PM",2026-07-16 03:44:46 PM 3:44:46 PM,00:56:04,,,,Enter Notes
2026-07-16 04:38:49 PM,91.6,77.2,52.8,29.00,861,29.01,1.5,101.8,71.9,222,91.6,session,"Session - Jul 16, 2026 3:44:46 PM",2026-07-16 03:44:46 PM 3:44:46 PM,00:56:04,,,,Enter Notes
2026-07-16 04:38:54 PM,91.7,77.2,52.9,29.00,865,29.00,0.9,102.0,72.1,222,91.6,session,"Session - Jul 16, 2026 3:44:46 PM",2026-07-16 03:44:46 PM 3:44:46 PM,00:56:04,,,,Enter Notes
2026-07-16 04:38:59 PM,92.3,77.7,53.0,29.01,861,29.01,1.6,103.1,72.6,222,92.1,session,"Session - Jul 16, 2026 3:44:46 PM",2026-07-16 03:44:46 PM 3:44:46 PM,00:56:04,,,,Enter Notes
2026-07-16 04:39:04 PM,92.5,77.9,53.1,29.01,855,29.02,1.0,103.6,72.9,222,92.3,session,"Session - Jul 16, 2026 3:44:46 PM",2026-07-16 03:44:46 PM 3:44:46 PM,00:56:04,,,,Enter Notes
2026-07-16 04:39:09 PM,92.6,78.1,53.1,29.01,855,29.02,0.9,104.2,73.0,222,92.5,session,"Session - Jul 16, 2026 3:44:46 PM",2026-07-16 03:44:46 PM 3:44:46 PM,00:56:04,,,,Enter Notes
2026-07-16 04:39:14 PM,92.8,78.3,53.2,29.01,855,29.01,0.9,104.5,73.2,222,92.7,session,"Session - Jul 16, 2026 3:44:46 PM",2026-07-16 03:44:46 PM 3:44:46 PM,00:56:04,,,,Enter Notes
2026-07-16 04:39:19 PM,93.0,78.4,53.1,29.01,855,29.01,1.3,105.3,73.5,222,93.0,session,"Session - Jul 16, 2026 3:44:46 PM",2026-07-16 03:44:46 PM 3:44:46 PM,00:56:04,,,,Enter Notes
2026-07-16 04:39:24 PM,93.2,78.6,53.1,29.01,855,29.02,1.6,105.3,73.5,222,93.0,session,"Session - Jul 16, 2026 3:44:46 PM",2026-07-16 03:44:46 PM 3:44:46 PM,00:56:04,,,,Enter Notes
2026-07-16 04:39:29 PM,93.3,78.6,53.1,29.01,853,29.02,1.3,105.8,73.7,222,93.2,session,"Session - Jul 16, 2026 3:44:46 PM",2026-07-16 03:44:46 PM 3:44:46 PM,00:56:04,,,,Enter Notes
2026-07-16 04:39:34 PM,93.1,78.6,53.1,29.01,855,29.02,1.1,105.3,73.5,222,93.0,session,"Session - Jul 16, 2026 3:44:46 PM",2026-07-16 03:44:46 PM 3:44:46 PM,00:56:04,,,,Enter Notes
2026-07-16 04:39:39 PM,93.3,78.6,53.1,29.01,855,29.02,0.9,105.8,73.7,222,93.2,session,"Session - Jul 16, 2026 3:44:46 PM",2026-07-16 03:44:46 PM 3:44:46 PM,00:56:04,,,,Enter Notes
2026-07-16 04:39:44 PM,93.3,78.4,52.5,29.01,855,29.02,0.9,105.4,73.3,222,93.2,session,"Session - Jul 16, 2026 3:44:46 PM",2026-07-16 03:44:46 PM 3:44:46 PM,00:56:04,,,,Enter Notes
2026-07-16 04:39:49 PM,93.3,78.1,51.6,29.01,853,29.02,0.9,104.9,72.8,222,93.2,session,"Session - Jul 16, 2026 3:44:46 PM",2026-07-16 03:44:46 PM 3:44:46 PM,00:56:04,,,,Enter Notes
2026-07-16 04:39:54 PM,93.1,77.7,51.1,29.02,853,29.02,1.0,104.2,72.3,222,93.0,session,"Session - Jul 16, 2026 3:44:46 PM",2026-07-16 03:44:46 PM 3:44:46 PM,00:56:04,,,,Enter Notes
2026-07-16 04:39:59 PM,93.2,77.5,50.3,29.01,853,29.02,0.9,103.6,71.9,222,93.0,session,"Session - Jul 16, 2026 3:44:46 PM",2026-07-16 03:44:46 PM 3:44:46 PM,00:56:04,,,,Enter Notes
2026-07-16 04:40:04 PM,93.1,77.2,49.7,29.01,853,29.02,0.0,103.3,71.5,223,93.0,session,"Session - Jul 16, 2026 3:44:46 PM",2026-07-16 03:44:46 PM 3:44:46 PM,00:56:04,,,,Enter Notes
2026-07-16 04:40:09 PM,93.0,76.8,48.8,29.01,853,29.02,0.0,102.7,70.9,223,93.0,session,"Session - Jul 16, 2026 3:44:46 PM",2026-07-16 03:44:46 PM 3:44:46 PM,00:56:04,,,,Enter Notes
2026-07-16 04:40:14 PM,93.0,76.6,48.2,29.01,855,29.02,0.0,101.8,70.5,223,92.8,session,"Session - Jul 16, 2026 3:44:46 PM",2026-07-16 03:44:46 PM 3:44:46 PM,00:56:04,,,,Enter Notes
2026-07-16 04:40:19 PM,92.9,75.9,47.0,29.01,855,29.02,0.0,101.3,69.7,223,92.8,session,"Session - Jul 16, 2026 3:44:46 PM",2026-07-16 03:44:46 PM 3:44:46 PM,00:56:04,,,,Enter Notes
2026-07-16 04:40:24 PM,92.8,75.6,46.1,29.01,855,29.02,0.0,100.4,69.1,223,92.7,session,"Session - Jul 16, 2026 3:44:46 PM",2026-07-16 03:44:46 PM 3:44:46 PM,00:56:04,,,,Enter Notes
2026-07-16 04:40:29 PM,92.8,75.0,44.5,29.01,855,29.02,0.0,99.5,68.0,223,92.7,session,"Session - Jul 16, 2026 3:44:46 PM",2026-07-16 03:44:46 PM 3:44:46 PM,00:56:04,,,,Enter Notes
2026-07-16 04:40:34 PM,92.6,74.5,43.6,29.02,853,29.02,0.0,98.6,67.2,223,92.5,session,"Session - Jul 16, 2026 3:44:46 PM",2026-07-16 03:44:46 PM 3:44:46 PM,00:56:04,,,,Enter Notes
2026-07-16 04:40:39 PM,92.5,73.8,42.1,29.02,853,29.02,0.0,98.1,66.2,223,92.5,session,"Session - Jul 16, 2026 3:44:46 PM",2026-07-16 03:44:46 PM 3:44:46 PM,00:56:04,,,,Enter Notes
2026-07-16 04:40:44 PM,92.5,73.4,41.3,29.02,853,29.02,0.0,97.3,65.6,223,92.3,session,"Session - Jul 16, 2026 3:44:46 PM",2026-07-16 03:44:46 PM 3:44:46 PM,00:56:04,,,,Enter Notes
2026-07-16 04:40:49 PM,92.3,72.9,40.2,29.02,850,29.02,0.0,96.8,64.7,223,92.3,session,"Session - Jul 16, 2026 3:44:46 PM",2026-07-16 03:44:46 PM 3:44:46 PM,00:56:04,,,,Enter Notes