Device Name,3550FW - 3103381
Device Model,3550FW
Serial Number,3103381
FORMATTED DATE_TIME,Temperature,Wet Bulb Temp,Relative Humidity,Barometric Pressure,Altitude,Station Pressure,Wind Speed,Heat Index,Dew Point,Compass Magnetic Direction,Wind Chill,Data Type,Record name,Start time,Duration (H:M:S),Location description,Location address,Location coordinates,Notes
yyyy-MM-dd hh:mm:ss a,°F,°F,%,inHg,ft,inHg,mph,°F,°F,Deg,°F
2026-07-16 02:18:19 PM,89.1,75.7,55.1,29.02,847,29.02,1.8,97.3,70.9,223,89.1,session,"Session - Jul 16, 2026 2:18:16 PM",2026-07-16 02:18:16 PM 2:18:16 PM,01:26:09,,,,Enter Notes
2026-07-16 02:18:24 PM,88.9,75.6,54.9,29.02,847,29.02,1.5,96.6,70.5,223,88.9,session,"Session - Jul 16, 2026 2:18:16 PM",2026-07-16 02:18:16 PM 2:18:16 PM,01:26:09,,,,Enter Notes
2026-07-16 02:18:29 PM,89.1,75.7,54.8,29.02,847,29.02,1.1,97.2,70.7,223,89.1,session,"Session - Jul 16, 2026 2:18:16 PM",2026-07-16 02:18:16 PM 2:18:16 PM,01:26:09,,,,Enter Notes
2026-07-16 02:18:34 PM,89.2,75.7,54.9,29.02,845,29.02,1.3,97.5,70.9,223,89.2,session,"Session - Jul 16, 2026 2:18:16 PM",2026-07-16 02:18:16 PM 2:18:16 PM,01:26:09,,,,Enter Notes
2026-07-16 02:18:39 PM,89.4,76.1,55.2,29.02,847,29.02,1.7,97.7,71.2,223,89.2,session,"Session - Jul 16, 2026 2:18:16 PM",2026-07-16 02:18:16 PM 2:18:16 PM,01:26:09,,,,Enter Notes
2026-07-16 02:18:44 PM,89.5,76.3,55.3,29.02,850,29.02,0.8,98.2,71.3,223,89.4,session,"Session - Jul 16, 2026 2:18:16 PM",2026-07-16 02:18:16 PM 2:18:16 PM,01:26:09,,,,Enter Notes
2026-07-16 02:18:49 PM,89.6,76.3,55.5,29.02,847,29.02,0.8,98.4,71.5,223,89.4,session,"Session - Jul 16, 2026 2:18:16 PM",2026-07-16 02:18:16 PM 2:18:16 PM,01:26:09,,,,Enter Notes
2026-07-16 02:18:54 PM,89.7,76.5,55.6,29.02,847,29.02,0.0,98.8,71.7,223,89.6,session,"Session - Jul 16, 2026 2:18:16 PM",2026-07-16 02:18:16 PM 2:18:16 PM,01:26:09,,,,Enter Notes
2026-07-16 02:18:59 PM,89.8,76.5,55.5,29.02,850,29.02,0.0,99.1,71.7,223,89.8,session,"Session - Jul 16, 2026 2:18:16 PM",2026-07-16 02:18:16 PM 2:18:16 PM,01:26:09,,,,Enter Notes
2026-07-16 02:19:04 PM,89.8,76.5,55.5,29.02,847,29.02,0.0,99.1,71.7,223,89.8,session,"Session - Jul 16, 2026 2:18:16 PM",2026-07-16 02:18:16 PM 2:18:16 PM,01:26:09,,,,Enter Notes
2026-07-16 02:19:09 PM,89.8,76.5,55.4,29.02,850,29.02,0.0,99.0,71.7,223,89.8,session,"Session - Jul 16, 2026 2:18:16 PM",2026-07-16 02:18:16 PM 2:18:16 PM,01:26:09,,,,Enter Notes
2026-07-16 02:19:14 PM,90.0,76.6,55.4,29.02,850,29.02,0.0,99.5,71.9,223,90.0,session,"Session - Jul 16, 2026 2:18:16 PM",2026-07-16 02:18:16 PM 2:18:16 PM,01:26:09,,,,Enter Notes
2026-07-16 02:19:19 PM,90.0,76.6,55.2,29.02,847,29.02,0.0,99.5,71.8,223,90.0,session,"Session - Jul 16, 2026 2:18:16 PM",2026-07-16 02:18:16 PM 2:18:16 PM,01:26:09,,,,Enter Notes
2026-07-16 02:19:24 PM,90.1,76.6,55.2,29.02,847,29.02,0.0,99.3,71.8,224,90.0,session,"Session - Jul 16, 2026 2:18:16 PM",2026-07-16 02:18:16 PM 2:18:16 PM,01:26:09,,,,Enter Notes
2026-07-16 02:19:29 PM,90.2,76.8,55.2,29.02,847,29.02,0.0,99.9,71.9,223,90.1,session,"Session - Jul 16, 2026 2:18:16 PM",2026-07-16 02:18:16 PM 2:18:16 PM,01:26:09,,,,Enter Notes
2026-07-16 02:19:34 PM,90.1,76.8,55.2,29.02,847,29.02,0.0,99.5,71.9,223,90.0,session,"Session - Jul 16, 2026 2:18:16 PM",2026-07-16 02:18:16 PM 2:18:16 PM,01:26:09,,,,Enter Notes
2026-07-16 02:19:39 PM,90.1,76.6,55.1,29.02,847,29.02,0.0,99.3,71.8,223,90.0,session,"Session - Jul 16, 2026 2:18:16 PM",2026-07-16 02:18:16 PM 2:18:16 PM,01:26:09,,,,Enter Notes
2026-07-16 02:19:44 PM,90.0,76.5,55.1,29.02,847,29.02,0.0,99.3,71.7,223,90.0,session,"Session - Jul 16, 2026 2:18:16 PM",2026-07-16 02:18:16 PM 2:18:16 PM,01:26:09,,,,Enter Notes
2026-07-16 02:19:49 PM,90.1,76.6,55.1,29.03,842,29.03,0.0,99.3,71.8,223,90.0,session,"Session - Jul 16, 2026 2:18:16 PM",2026-07-16 02:18:16 PM 2:18:16 PM,01:26:09,,,,Enter Notes
2026-07-16 02:19:54 PM,90.0,76.6,55.2,29.02,845,29.02,0.0,99.3,71.7,223,90.0,session,"Session - Jul 16, 2026 2:18:16 PM",2026-07-16 02:18:16 PM 2:18:16 PM,01:26:09,,,,Enter Notes
2026-07-16 02:19:59 PM,89.8,76.5,55.1,29.03,845,29.03,0.0,99.0,71.5,223,89.8,session,"Session - Jul 16, 2026 2:18:16 PM",2026-07-16 02:18:16 PM 2:18:16 PM,01:26:09,,,,Enter Notes
2026-07-16 02:20:04 PM,89.7,76.3,55.0,29.03,845,29.03,0.0,98.6,71.4,223,89.6,session,"Session - Jul 16, 2026 2:18:16 PM",2026-07-16 02:18:16 PM 2:18:16 PM,01:26:09,,,,Enter Notes
2026-07-16 02:20:09 PM,89.6,76.1,55.0,29.02,847,29.02,0.0,98.6,71.3,223,89.6,session,"Session - Jul 16, 2026 2:18:16 PM",2026-07-16 02:18:16 PM 2:18:16 PM,01:26:09,,,,Enter Notes
2026-07-16 02:20:14 PM,89.5,76.1,55.0,29.02,847,29.02,0.0,98.1,71.2,223,89.4,session,"Session - Jul 16, 2026 2:18:16 PM",2026-07-16 02:18:16 PM 2:18:16 PM,01:26:09,,,,Enter Notes
2026-07-16 02:20:19 PM,89.6,76.1,55.0,29.02,847,29.02,0.0,98.6,71.3,223,89.6,session,"Session - Jul 16, 2026 2:18:16 PM",2026-07-16 02:18:16 PM 2:18:16 PM,01:26:09,,,,Enter Notes
2026-07-16 02:20:24 PM,89.5,76.1,55.1,29.03,845,29.03,1.1,98.1,71.2,223,89.4,session,"Session - Jul 16, 2026 2:18:16 PM",2026-07-16 02:18:16 PM 2:18:16 PM,01:26:09,,,,Enter Notes
2026-07-16 02:20:29 PM,89.6,76.1,55.0,29.02,845,29.02,2.0,98.1,71.3,223,89.4,session,"Session - Jul 16, 2026 2:18:16 PM",2026-07-16 02:18:16 PM 2:18:16 PM,01:26:09,,,,Enter Notes
2026-07-16 02:20:34 PM,89.7,76.3,55.0,29.02,847,29.02,1.3,98.4,71.3,223,89.6,session,"Session - Jul 16, 2026 2:18:16 PM",2026-07-16 02:18:16 PM 2:18:16 PM,01:26:09,,,,Enter Notes
2026-07-16 02:20:39 PM,89.7,76.3,55.0,29.02,847,29.02,0.9,98.4,71.4,223,89.6,session,"Session - Jul 16, 2026 2:18:16 PM",2026-07-16 02:18:16 PM 2:18:16 PM,01:26:09,,,,Enter Notes
2026-07-16 02:20:44 PM,89.8,76.5,55.0,29.03,845,29.03,0.7,99.0,71.5,223,89.8,session,"Session - Jul 16, 2026 2:18:16 PM",2026-07-16 02:18:16 PM 2:18:16 PM,01:26:09,,,,Enter Notes
2026-07-16 02:20:49 PM,89.9,76.5,55.1,29.02,845,29.02,0.0,99.0,71.6,223,89.8,session,"Session - Jul 16, 2026 2:18:16 PM",2026-07-16 02:18:16 PM 2:18:16 PM,01:26:09,,,,Enter Notes
2026-07-16 02:20:54 PM,89.7,76.3,55.1,29.02,845,29.02,0.0,98.6,71.5,223,89.6,session,"Session - Jul 16, 2026 2:18:16 PM",2026-07-16 02:18:16 PM 2:18:16 PM,01:26:09,,,,Enter Notes
2026-07-16 02:20:59 PM,90.0,76.6,55.2,29.02,847,29.02,0.0,99.3,71.7,223,90.0,session,"Session - Jul 16, 2026 2:18:16 PM",2026-07-16 02:18:16 PM 2:18:16 PM,01:26:09,,,,Enter Notes
2026-07-16 02:21:04 PM,90.0,76.6,55.2,29.03,845,29.03,0.0,99.5,71.8,223,90.0,session,"Session - Jul 16, 2026 2:18:16 PM",2026-07-16 02:18:16 PM 2:18:16 PM,01:26:09,,,,Enter Notes
2026-07-16 02:21:09 PM,90.1,76.8,55.3,29.02,847,29.02,0.0,99.5,71.9,223,90.0,session,"Session - Jul 16, 2026 2:18:16 PM",2026-07-16 02:18:16 PM 2:18:16 PM,01:26:09,,,,Enter Notes
2026-07-16 02:21:14 PM,90.2,76.8,55.4,29.02,847,29.02,0.0,99.9,72.0,223,90.1,session,"Session - Jul 16, 2026 2:18:16 PM",2026-07-16 02:18:16 PM 2:18:16 PM,01:26:09,,,,Enter Notes
2026-07-16 02:21:19 PM,90.3,77.0,55.7,29.02,847,29.02,0.0,100.0,72.3,223,90.1,session,"Session - Jul 16, 2026 2:18:16 PM",2026-07-16 02:18:16 PM 2:18:16 PM,01:26:09,,,,Enter Notes
2026-07-16 02:21:24 PM,90.2,77.0,55.8,29.02,847,29.02,1.2,100.0,72.3,223,90.1,session,"Session - Jul 16, 2026 2:18:16 PM",2026-07-16 02:18:16 PM 2:18:16 PM,01:26:09,,,,Enter Notes
2026-07-16 02:21:29 PM,90.0,76.6,55.7,29.02,847,29.02,0.0,99.7,72.0,223,90.0,session,"Session - Jul 16, 2026 2:18:16 PM",2026-07-16 02:18:16 PM 2:18:16 PM,01:26:09,,,,Enter Notes
2026-07-16 02:21:34 PM,89.9,76.6,55.6,29.02,850,29.02,1.2,99.1,71.9,223,89.8,session,"Session - Jul 16, 2026 2:18:16 PM",2026-07-16 02:18:16 PM 2:18:16 PM,01:26:09,,,,Enter Notes
2026-07-16 02:21:39 PM,90.1,76.8,55.6,29.02,850,29.02,1.0,99.7,72.1,223,90.0,session,"Session - Jul 16, 2026 2:18:16 PM",2026-07-16 02:18:16 PM 2:18:16 PM,01:26:09,,,,Enter Notes
2026-07-16 02:21:44 PM,90.5,77.2,55.6,29.02,850,29.02,2.5,100.4,72.4,223,90.3,session,"Session - Jul 16, 2026 2:18:16 PM",2026-07-16 02:18:16 PM 2:18:16 PM,01:26:09,,,,Enter Notes
2026-07-16 02:21:49 PM,90.6,77.2,55.5,29.02,853,29.02,0.0,100.8,72.5,223,90.5,session,"Session - Jul 16, 2026 2:18:16 PM",2026-07-16 02:18:16 PM 2:18:16 PM,01:26:09,,,,Enter Notes
2026-07-16 02:21:54 PM,91.0,77.5,55.4,29.02,845,29.02,0.0,101.7,72.8,223,90.9,session,"Session - Jul 16, 2026 2:18:16 PM",2026-07-16 02:18:16 PM 2:18:16 PM,01:26:09,,,,Enter Notes
2026-07-16 02:21:59 PM,91.1,77.5,55.3,29.02,850,29.02,0.0,102.0,72.8,223,91.0,session,"Session - Jul 16, 2026 2:18:16 PM",2026-07-16 02:18:16 PM 2:18:16 PM,01:26:09,,,,Enter Notes
2026-07-16 02:22:04 PM,91.2,77.5,55.2,29.02,850,29.02,0.0,101.8,72.8,223,91.0,session,"Session - Jul 16, 2026 2:18:16 PM",2026-07-16 02:18:16 PM 2:18:16 PM,01:26:09,,,,Enter Notes
2026-07-16 02:22:09 PM,91.3,77.5,55.0,29.02,847,29.02,0.7,102.2,72.8,223,91.2,session,"Session - Jul 16, 2026 2:18:16 PM",2026-07-16 02:18:16 PM 2:18:16 PM,01:26:09,,,,Enter Notes
2026-07-16 02:22:14 PM,91.2,77.5,54.9,29.03,845,29.03,1.6,102.2,72.8,223,91.2,session,"Session - Jul 16, 2026 2:18:16 PM",2026-07-16 02:18:16 PM 2:18:16 PM,01:26:09,,,,Enter Notes
2026-07-16 02:22:19 PM,91.0,77.4,54.9,29.03,842,29.03,2.0,101.3,72.4,223,90.9,session,"Session - Jul 16, 2026 2:18:16 PM",2026-07-16 02:18:16 PM 2:18:16 PM,01:26:09,,,,Enter Notes
2026-07-16 02:22:24 PM,90.9,77.2,54.8,29.03,842,29.03,1.9,101.3,72.4,223,90.9,session,"Session - Jul 16, 2026 2:18:16 PM",2026-07-16 02:18:16 PM 2:18:16 PM,01:26:09,,,,Enter Notes
2026-07-16 02:22:29 PM,91.0,77.4,54.8,29.03,842,29.03,0.9,101.3,72.4,223,90.9,session,"Session - Jul 16, 2026 2:18:16 PM",2026-07-16 02:18:16 PM 2:18:16 PM,01:26:09,,,,Enter Notes
2026-07-16 02:22:34 PM,91.0,77.4,54.8,29.02,845,29.02,0.9,101.3,72.5,223,90.9,session,"Session - Jul 16, 2026 2:18:16 PM",2026-07-16 02:18:16 PM 2:18:16 PM,01:26:09,,,,Enter Notes
2026-07-16 02:22:39 PM,91.0,77.4,54.9,29.02,845,29.02,0.8,101.3,72.5,223,90.9,session,"Session - Jul 16, 2026 2:18:16 PM",2026-07-16 02:18:16 PM 2:18:16 PM,01:26:09,,,,Enter Notes
2026-07-16 02:22:44 PM,91.2,77.4,54.9,29.02,847,29.02,0.9,101.7,72.7,222,91.0,session,"Session - Jul 16, 2026 2:18:16 PM",2026-07-16 02:18:16 PM 2:18:16 PM,01:26:09,,,,Enter Notes
2026-07-16 02:22:49 PM,91.3,77.5,55.0,29.02,847,29.02,0.7,102.4,72.9,222,91.2,session,"Session - Jul 16, 2026 2:18:16 PM",2026-07-16 02:18:16 PM 2:18:16 PM,01:26:09,,,,Enter Notes
2026-07-16 02:22:54 PM,91.5,77.9,55.2,29.02,847,29.02,0.9,102.7,73.2,222,91.4,session,"Session - Jul 16, 2026 2:18:16 PM",2026-07-16 02:18:16 PM 2:18:16 PM,01:26:09,,,,Enter Notes
2026-07-16 02:22:59 PM,91.7,78.1,55.4,29.02,845,29.02,0.9,103.3,73.4,223,91.6,session,"Session - Jul 16, 2026 2:18:16 PM",2026-07-16 02:18:16 PM 2:18:16 PM,01:26:09,,,,Enter Notes
2026-07-16 02:23:04 PM,91.7,78.1,55.4,29.02,847,29.02,0.9,103.3,73.4,223,91.6,session,"Session - Jul 16, 2026 2:18:16 PM",2026-07-16 02:18:16 PM 2:18:16 PM,01:26:09,,,,Enter Notes
2026-07-16 02:23:09 PM,91.9,78.3,55.3,29.02,845,29.02,0.8,103.6,73.5,223,91.8,session,"Session - Jul 16, 2026 2:18:16 PM",2026-07-16 02:18:16 PM 2:18:16 PM,01:26:09,,,,Enter Notes
2026-07-16 02:23:14 PM,91.8,78.3,55.2,29.02,845,29.02,0.0,103.6,73.5,223,91.8,session,"Session - Jul 16, 2026 2:18:16 PM",2026-07-16 02:18:16 PM 2:18:16 PM,01:26:09,,,,Enter Notes
2026-07-16 02:23:19 PM,91.9,78.1,55.1,29.02,847,29.02,0.8,103.6,73.5,223,91.8,session,"Session - Jul 16, 2026 2:18:16 PM",2026-07-16 02:18:16 PM 2:18:16 PM,01:26:09,,,,Enter Notes
2026-07-16 02:23:24 PM,91.9,78.1,55.0,29.02,850,29.02,0.7,103.6,73.4,223,91.8,session,"Session - Jul 16, 2026 2:18:16 PM",2026-07-16 02:18:16 PM 2:18:16 PM,01:26:09,,,,Enter Notes
2026-07-16 02:23:29 PM,91.9,78.1,54.8,29.02,847,29.02,0.8,103.8,73.3,223,91.9,session,"Session - Jul 16, 2026 2:18:16 PM",2026-07-16 02:18:16 PM 2:18:16 PM,01:26:09,,,,Enter Notes
2026-07-16 02:23:34 PM,92.0,78.1,54.6,29.02,850,29.02,1.3,103.6,73.3,223,91.9,session,"Session - Jul 16, 2026 2:18:16 PM",2026-07-16 02:18:16 PM 2:18:16 PM,01:26:09,,,,Enter Notes
2026-07-16 02:23:39 PM,91.9,77.9,54.3,29.02,847,29.02,0.8,103.1,73.0,223,91.8,session,"Session - Jul 16, 2026 2:18:16 PM",2026-07-16 02:18:16 PM 2:18:16 PM,01:26:09,,,,Enter Notes
2026-07-16 02:23:44 PM,91.9,77.9,54.2,29.02,850,29.02,0.9,103.1,73.0,223,91.8,session,"Session - Jul 16, 2026 2:18:16 PM",2026-07-16 02:18:16 PM 2:18:16 PM,01:26:09,,,,Enter Notes
2026-07-16 02:23:49 PM,91.7,77.7,54.1,29.02,850,29.02,0.9,102.7,72.8,223,91.6,session,"Session - Jul 16, 2026 2:18:16 PM",2026-07-16 02:18:16 PM 2:18:16 PM,01:26:09,,,,Enter Notes
2026-07-16 02:23:54 PM,92.0,77.9,54.2,29.02,850,29.02,0.8,103.5,73.0,223,91.9,session,"Session - Jul 16, 2026 2:18:16 PM",2026-07-16 02:18:16 PM 2:18:16 PM,01:26:09,,,,Enter Notes
2026-07-16 02:23:59 PM,91.9,77.9,54.2,29.01,853,29.02,1.0,103.1,73.0,223,91.8,session,"Session - Jul 16, 2026 2:18:16 PM",2026-07-16 02:18:16 PM 2:18:16 PM,01:26:09,,,,Enter Notes
2026-07-16 02:24:04 PM,92.0,77.9,54.2,29.02,850,29.02,0.0,103.5,73.0,222,91.9,session,"Session - Jul 16, 2026 2:18:16 PM",2026-07-16 02:18:16 PM 2:18:16 PM,01:26:09,,,,Enter Notes
2026-07-16 02:24:09 PM,92.1,77.9,54.1,29.02,850,29.02,0.7,103.3,73.1,222,91.9,session,"Session - Jul 16, 2026 2:18:16 PM",2026-07-16 02:18:16 PM 2:18:16 PM,01:26:09,,,,Enter Notes
2026-07-16 02:24:14 PM,92.2,78.1,54.2,29.02,853,29.02,0.0,104.0,73.2,222,92.1,session,"Session - Jul 16, 2026 2:18:16 PM",2026-07-16 02:18:16 PM 2:18:16 PM,01:26:09,,,,Enter Notes
2026-07-16 02:24:19 PM,92.4,78.4,54.2,29.02,850,29.02,0.0,104.4,73.5,222,92.3,session,"Session - Jul 16, 2026 2:18:16 PM",2026-07-16 02:18:16 PM 2:18:16 PM,01:26:09,,,,Enter Notes
2026-07-16 02:24:24 PM,92.6,78.4,54.1,29.02,850,29.02,0.0,104.7,73.6,222,92.5,session,"Session - Jul 16, 2026 2:18:16 PM",2026-07-16 02:18:16 PM 2:18:16 PM,01:26:09,,,,Enter Notes
2026-07-16 02:24:29 PM,92.6,78.3,53.9,29.02,853,29.02,0.0,104.5,73.4,222,92.5,session,"Session - Jul 16, 2026 2:18:16 PM",2026-07-16 02:18:16 PM 2:18:16 PM,01:26:09,,,,Enter Notes
2026-07-16 02:24:34 PM,92.5,78.3,53.8,29.02,853,29.02,0.0,104.5,73.3,223,92.5,session,"Session - Jul 16, 2026 2:18:16 PM",2026-07-16 02:18:16 PM 2:18:16 PM,01:26:09,,,,Enter Notes
2026-07-16 02:24:39 PM,92.5,78.1,53.6,29.01,855,29.02,0.7,104.4,73.2,223,92.5,session,"Session - Jul 16, 2026 2:18:16 PM",2026-07-16 02:18:16 PM 2:18:16 PM,01:26:09,,,,Enter Notes
2026-07-16 02:24:44 PM,92.4,78.1,53.5,29.02,853,29.02,0.9,104.0,73.1,223,92.3,session,"Session - Jul 16, 2026 2:18:16 PM",2026-07-16 02:18:16 PM 2:18:16 PM,01:26:09,,,,Enter Notes
2026-07-16 02:24:49 PM,92.4,78.1,53.4,29.01,855,29.02,0.0,103.8,73.0,223,92.3,session,"Session - Jul 16, 2026 2:18:16 PM",2026-07-16 02:18:16 PM 2:18:16 PM,01:26:09,,,,Enter Notes
2026-07-16 02:24:54 PM,92.0,77.5,53.4,29.02,850,29.02,0.8,103.1,72.6,223,91.9,session,"Session - Jul 16, 2026 2:18:16 PM",2026-07-16 02:18:16 PM 2:18:16 PM,01:26:09,,,,Enter Notes
2026-07-16 02:24:59 PM,91.8,77.5,53.3,29.02,850,29.02,0.7,102.6,72.4,223,91.8,session,"Session - Jul 16, 2026 2:18:16 PM",2026-07-16 02:18:16 PM 2:18:16 PM,01:26:09,,,,Enter Notes
2026-07-16 02:25:04 PM,91.8,77.5,53.3,29.02,853,29.02,0.0,102.6,72.4,223,91.8,session,"Session - Jul 16, 2026 2:18:16 PM",2026-07-16 02:18:16 PM 2:18:16 PM,01:26:09,,,,Enter Notes
2026-07-16 02:25:09 PM,91.9,77.5,53.4,29.02,853,29.02,0.7,102.6,72.5,223,91.8,session,"Session - Jul 16, 2026 2:18:16 PM",2026-07-16 02:18:16 PM 2:18:16 PM,01:26:09,,,,Enter Notes
2026-07-16 02:25:14 PM,91.9,77.5,53.4,29.02,847,29.02,0.0,102.6,72.6,223,91.8,session,"Session - Jul 16, 2026 2:18:16 PM",2026-07-16 02:18:16 PM 2:18:16 PM,01:26:09,,,,Enter Notes
2026-07-16 02:25:19 PM,91.8,77.5,53.4,29.02,850,29.02,0.8,102.6,72.5,222,91.8,session,"Session - Jul 16, 2026 2:18:16 PM",2026-07-16 02:18:16 PM 2:18:16 PM,01:26:09,,,,Enter Notes
2026-07-16 02:25:24 PM,91.9,77.5,53.4,29.02,850,29.02,0.0,102.6,72.5,222,91.8,session,"Session - Jul 16, 2026 2:18:16 PM",2026-07-16 02:18:16 PM 2:18:16 PM,01:26:09,,,,Enter Notes
2026-07-16 02:25:29 PM,91.8,77.5,53.5,29.02,850,29.02,0.0,102.6,72.5,222,91.8,session,"Session - Jul 16, 2026 2:18:16 PM",2026-07-16 02:18:16 PM 2:18:16 PM,01:26:09,,,,Enter Notes
2026-07-16 02:25:34 PM,91.8,77.5,53.6,29.02,847,29.02,0.0,102.7,72.6,222,91.8,session,"Session - Jul 16, 2026 2:18:16 PM",2026-07-16 02:18:16 PM 2:18:16 PM,01:26:09,,,,Enter Notes
2026-07-16 02:25:39 PM,91.8,77.5,53.6,29.02,847,29.02,0.0,102.7,72.5,223,91.8,session,"Session - Jul 16, 2026 2:18:16 PM",2026-07-16 02:18:16 PM 2:18:16 PM,01:26:09,,,,Enter Notes
2026-07-16 02:25:44 PM,91.7,77.5,53.6,29.02,847,29.02,0.0,102.4,72.4,223,91.6,session,"Session - Jul 16, 2026 2:18:16 PM",2026-07-16 02:18:16 PM 2:18:16 PM,01:26:09,,,,Enter Notes
2026-07-16 02:25:49 PM,91.6,77.4,53.6,29.02,847,29.02,0.7,102.4,72.4,223,91.6,session,"Session - Jul 16, 2026 2:18:16 PM",2026-07-16 02:18:16 PM 2:18:16 PM,01:26:09,,,,Enter Notes
2026-07-16 02:25:54 PM,91.6,77.4,53.7,29.02,847,29.02,0.7,102.4,72.4,223,91.6,session,"Session - Jul 16, 2026 2:18:16 PM",2026-07-16 02:18:16 PM 2:18:16 PM,01:26:09,,,,Enter Notes
2026-07-16 02:25:59 PM,91.4,77.2,53.7,29.02,850,29.02,0.7,101.7,72.2,223,91.2,session,"Session - Jul 16, 2026 2:18:16 PM",2026-07-16 02:18:16 PM 2:18:16 PM,01:26:09,,,,Enter Notes
2026-07-16 02:26:04 PM,91.1,77.0,53.8,29.02,850,29.02,0.8,101.1,72.0,223,91.0,session,"Session - Jul 16, 2026 2:18:16 PM",2026-07-16 02:18:16 PM 2:18:16 PM,01:26:09,,,,Enter Notes
2026-07-16 02:26:09 PM,90.9,76.8,53.8,29.02,847,29.02,1.8,100.8,71.8,223,90.9,session,"Session - Jul 16, 2026 2:18:16 PM",2026-07-16 02:18:16 PM 2:18:16 PM,01:26:09,,,,Enter Notes
2026-07-16 02:26:14 PM,90.6,76.6,53.7,29.02,850,29.02,1.4,99.9,71.6,223,90.5,session,"Session - Jul 16, 2026 2:18:16 PM",2026-07-16 02:18:16 PM 2:18:16 PM,01:26:09,,,,Enter Notes
2026-07-16 02:26:19 PM,90.6,76.6,53.8,29.02,847,29.02,1.1,99.9,71.6,222,90.5,session,"Session - Jul 16, 2026 2:18:16 PM",2026-07-16 02:18:16 PM 2:18:16 PM,01:26:09,,,,Enter Notes
2026-07-16 02:26:24 PM,90.6,76.6,53.9,29.02,847,29.02,1.0,100.0,71.6,222,90.5,session,"Session - Jul 16, 2026 2:18:16 PM",2026-07-16 02:18:16 PM 2:18:16 PM,01:26:09,,,,Enter Notes
2026-07-16 02:26:29 PM,90.2,76.3,54.0,29.02,847,29.02,0.8,99.1,71.3,222,90.1,session,"Session - Jul 16, 2026 2:18:16 PM",2026-07-16 02:18:16 PM 2:18:16 PM,01:26:09,,,,Enter Notes
2026-07-16 02:26:34 PM,89.0,75.0,53.6,29.02,850,29.02,0.8,96.1,69.9,222,88.9,session,"Session - Jul 16, 2026 2:18:16 PM",2026-07-16 02:18:16 PM 2:18:16 PM,01:26:09,,,,Enter Notes
2026-07-16 02:26:39 PM,88.1,73.9,52.2,29.02,853,29.02,0.0,93.6,68.3,222,88.0,session,"Session - Jul 16, 2026 2:18:16 PM",2026-07-16 02:18:16 PM 2:18:16 PM,01:26:09,,,,Enter Notes
2026-07-16 02:26:44 PM,86.9,72.5,51.2,29.02,853,29.02,0.7,90.9,66.7,222,86.7,session,"Session - Jul 16, 2026 2:18:16 PM",2026-07-16 02:18:16 PM 2:18:16 PM,01:26:09,,,,Enter Notes
2026-07-16 02:26:49 PM,85.2,70.5,49.6,29.02,850,29.02,0.9,87.6,64.2,223,85.1,session,"Session - Jul 16, 2026 2:18:16 PM",2026-07-16 02:18:16 PM 2:18:16 PM,01:26:09,,,,Enter Notes
2026-07-16 02:26:54 PM,84.3,69.8,49.0,29.02,850,29.02,0.0,85.8,63.1,223,84.2,session,"Session - Jul 16, 2026 2:18:16 PM",2026-07-16 02:18:16 PM 2:18:16 PM,01:26:09,,,,Enter Notes
2026-07-16 02:26:59 PM,84.4,69.8,48.9,29.02,850,29.02,0.8,86.2,63.1,222,84.4,session,"Session - Jul 16, 2026 2:18:16 PM",2026-07-16 02:18:16 PM 2:18:16 PM,01:26:09,,,,Enter Notes
2026-07-16 02:27:04 PM,84.3,69.8,49.0,29.02,850,29.02,0.7,85.8,63.1,222,84.2,session,"Session - Jul 16, 2026 2:18:16 PM",2026-07-16 02:18:16 PM 2:18:16 PM,01:26:09,,,,Enter Notes
2026-07-16 02:27:09 PM,84.4,70.0,49.6,29.02,850,29.02,0.0,86.4,63.5,222,84.4,session,"Session - Jul 16, 2026 2:18:16 PM",2026-07-16 02:18:16 PM 2:18:16 PM,01:26:09,,,,Enter Notes
2026-07-16 02:27:14 PM,84.6,70.2,50.0,29.02,847,29.02,0.0,86.7,63.9,222,84.6,session,"Session - Jul 16, 2026 2:18:16 PM",2026-07-16 02:18:16 PM 2:18:16 PM,01:26:09,,,,Enter Notes
2026-07-16 02:27:19 PM,84.2,70.2,50.5,29.02,850,29.02,0.0,86.4,63.9,222,84.2,session,"Session - Jul 16, 2026 2:18:16 PM",2026-07-16 02:18:16 PM 2:18:16 PM,01:26:09,,,,Enter Notes
2026-07-16 02:27:24 PM,84.0,70.2,50.8,29.02,850,29.02,0.0,85.6,63.8,222,83.8,session,"Session - Jul 16, 2026 2:18:16 PM",2026-07-16 02:18:16 PM 2:18:16 PM,01:26:09,,,,Enter Notes
2026-07-16 02:27:29 PM,83.9,70.2,51.3,29.02,850,29.02,0.0,85.8,64.0,222,83.8,session,"Session - Jul 16, 2026 2:18:16 PM",2026-07-16 02:18:16 PM 2:18:16 PM,01:26:09,,,,Enter Notes
2026-07-16 02:27:34 PM,83.6,70.0,51.6,29.02,850,29.02,0.0,85.3,63.9,222,83.5,session,"Session - Jul 16, 2026 2:18:16 PM",2026-07-16 02:18:16 PM 2:18:16 PM,01:26:09,,,,Enter Notes
2026-07-16 02:27:39 PM,83.5,70.0,52.0,29.02,850,29.02,0.0,85.5,64.1,222,83.5,session,"Session - Jul 16, 2026 2:18:16 PM",2026-07-16 02:18:16 PM 2:18:16 PM,01:26:09,,,,Enter Notes
2026-07-16 02:27:44 PM,83.7,70.2,52.3,29.02,850,29.02,0.0,85.8,64.4,222,83.7,session,"Session - Jul 16, 2026 2:18:16 PM",2026-07-16 02:18:16 PM 2:18:16 PM,01:26:09,,,,Enter Notes
2026-07-16 02:27:49 PM,83.9,70.7,52.8,29.02,850,29.02,0.0,86.4,64.8,222,83.8,session,"Session - Jul 16, 2026 2:18:16 PM",2026-07-16 02:18:16 PM 2:18:16 PM,01:26:09,,,,Enter Notes
2026-07-16 02:27:54 PM,83.7,70.5,53.1,29.02,850,29.02,0.0,86.0,64.8,222,83.7,session,"Session - Jul 16, 2026 2:18:16 PM",2026-07-16 02:18:16 PM 2:18:16 PM,01:26:09,,,,Enter Notes
2026-07-16 02:27:59 PM,83.7,70.5,53.5,29.02,850,29.02,0.0,86.2,65.0,222,83.7,session,"Session - Jul 16, 2026 2:18:16 PM",2026-07-16 02:18:16 PM 2:18:16 PM,01:26:09,,,,Enter Notes
2026-07-16 02:28:04 PM,83.5,70.5,53.7,29.02,853,29.02,0.0,85.8,64.9,222,83.5,session,"Session - Jul 16, 2026 2:18:16 PM",2026-07-16 02:18:16 PM 2:18:16 PM,01:26:09,,,,Enter Notes
2026-07-16 02:28:09 PM,83.3,70.5,54.1,29.02,853,29.02,0.0,85.6,65.0,222,83.3,session,"Session - Jul 16, 2026 2:18:16 PM",2026-07-16 02:18:16 PM 2:18:16 PM,01:26:09,,,,Enter Notes
2026-07-16 02:28:14 PM,83.2,70.5,54.3,29.02,853,29.02,0.0,85.5,65.0,222,83.1,session,"Session - Jul 16, 2026 2:18:16 PM",2026-07-16 02:18:16 PM 2:18:16 PM,01:26:09,,,,Enter Notes
2026-07-16 02:28:19 PM,83.0,70.3,54.6,29.02,853,29.02,0.0,85.1,65.0,222,82.9,session,"Session - Jul 16, 2026 2:18:16 PM",2026-07-16 02:18:16 PM 2:18:16 PM,01:26:09,,,,Enter Notes
2026-07-16 02:28:24 PM,82.7,70.2,54.8,29.02,850,29.02,0.0,84.4,64.8,222,82.6,session,"Session - Jul 16, 2026 2:18:16 PM",2026-07-16 02:18:16 PM 2:18:16 PM,01:26:09,,,,Enter Notes
2026-07-16 02:28:29 PM,82.4,70.2,55.2,29.02,850,29.02,0.0,84.0,64.7,222,82.2,session,"Session - Jul 16, 2026 2:18:16 PM",2026-07-16 02:18:16 PM 2:18:16 PM,01:26:09,,,,Enter Notes
2026-07-16 02:28:34 PM,82.2,70.2,55.4,29.02,850,29.02,0.0,84.0,64.7,222,82.2,session,"Session - Jul 16, 2026 2:18:16 PM",2026-07-16 02:18:16 PM 2:18:16 PM,01:26:09,,,,Enter Notes
2026-07-16 02:28:39 PM,82.1,70.0,55.8,29.02,853,29.02,0.0,83.7,64.7,222,82.0,session,"Session - Jul 16, 2026 2:18:16 PM",2026-07-16 02:18:16 PM 2:18:16 PM,01:26:09,,,,Enter Notes
2026-07-16 02:28:44 PM,81.9,69.8,55.9,29.02,850,29.02,0.0,83.7,64.6,222,81.9,session,"Session - Jul 16, 2026 2:18:16 PM",2026-07-16 02:18:16 PM 2:18:16 PM,01:26:09,,,,Enter Notes
2026-07-16 02:28:49 PM,82.2,70.3,56.2,29.02,853,29.02,0.0,83.8,65.0,222,82.0,session,"Session - Jul 16, 2026 2:18:16 PM",2026-07-16 02:18:16 PM 2:18:16 PM,01:26:09,,,,Enter Notes
2026-07-16 02:28:54 PM,82.2,70.3,56.4,29.02,850,29.02,0.0,84.2,65.2,222,82.2,session,"Session - Jul 16, 2026 2:18:16 PM",2026-07-16 02:18:16 PM 2:18:16 PM,01:26:09,,,,Enter Notes
2026-07-16 02:28:59 PM,82.3,70.5,56.6,29.02,847,29.02,0.0,84.2,65.4,222,82.2,session,"Session - Jul 16, 2026 2:18:16 PM",2026-07-16 02:18:16 PM 2:18:16 PM,01:26:09,,,,Enter Notes
2026-07-16 02:29:04 PM,82.3,70.5,56.8,29.02,850,29.02,0.0,84.4,65.5,222,82.2,session,"Session - Jul 16, 2026 2:18:16 PM",2026-07-16 02:18:16 PM 2:18:16 PM,01:26:09,,,,Enter Notes
2026-07-16 02:29:09 PM,82.1,70.3,56.9,29.02,850,29.02,0.0,84.0,65.3,222,82.0,session,"Session - Jul 16, 2026 2:18:16 PM",2026-07-16 02:18:16 PM 2:18:16 PM,01:26:09,,,,Enter Notes
2026-07-16 02:29:14 PM,81.9,70.2,57.0,29.02,853,29.02,0.0,83.8,65.2,222,81.9,session,"Session - Jul 16, 2026 2:18:16 PM",2026-07-16 02:18:16 PM 2:18:16 PM,01:26:09,,,,Enter Notes
2026-07-16 02:29:19 PM,81.6,70.2,57.2,29.02,850,29.02,0.0,83.3,65.0,222,81.5,session,"Session - Jul 16, 2026 2:18:16 PM",2026-07-16 02:18:16 PM 2:18:16 PM,01:26:09,,,,Enter Notes
2026-07-16 02:29:24 PM,81.3,69.8,57.4,29.02,850,29.02,0.0,82.9,64.8,222,81.3,session,"Session - Jul 16, 2026 2:18:16 PM",2026-07-16 02:18:16 PM 2:18:16 PM,01:26:09,,,,Enter Notes
2026-07-16 02:29:29 PM,81.4,69.8,57.6,29.02,850,29.02,0.0,83.1,65.0,222,81.3,session,"Session - Jul 16, 2026 2:18:16 PM",2026-07-16 02:18:16 PM 2:18:16 PM,01:26:09,,,,Enter Notes
2026-07-16 02:29:34 PM,81.6,70.2,57.7,29.02,850,29.02,0.0,83.5,65.2,222,81.5,session,"Session - Jul 16, 2026 2:18:16 PM",2026-07-16 02:18:16 PM 2:18:16 PM,01:26:09,,,,Enter Notes
2026-07-16 02:29:39 PM,81.7,70.3,58.0,29.02,847,29.02,0.0,83.5,65.4,222,81.5,session,"Session - Jul 16, 2026 2:18:16 PM",2026-07-16 02:18:16 PM 2:18:16 PM,01:26:09,,,,Enter Notes
2026-07-16 02:29:44 PM,81.4,70.2,58.1,29.02,850,29.02,0.0,83.1,65.2,222,81.3,session,"Session - Jul 16, 2026 2:18:16 PM",2026-07-16 02:18:16 PM 2:18:16 PM,01:26:09,,,,Enter Notes
2026-07-16 02:29:49 PM,81.2,70.2,58.4,29.02,845,29.02,0.0,82.9,65.2,222,81.1,session,"Session - Jul 16, 2026 2:18:16 PM",2026-07-16 02:18:16 PM 2:18:16 PM,01:26:09,,,,Enter Notes
2026-07-16 02:29:54 PM,81.2,70.2,58.5,29.02,850,29.02,0.0,83.1,65.3,222,81.1,session,"Session - Jul 16, 2026 2:18:16 PM",2026-07-16 02:18:16 PM 2:18:16 PM,01:26:09,,,,Enter Notes
2026-07-16 02:29:59 PM,81.1,70.2,58.7,29.02,850,29.02,0.0,82.8,65.3,222,81.0,session,"Session - Jul 16, 2026 2:18:16 PM",2026-07-16 02:18:16 PM 2:18:16 PM,01:26:09,,,,Enter Notes
2026-07-16 02:30:04 PM,81.1,70.2,58.9,29.02,850,29.02,0.0,82.8,65.3,222,81.0,session,"Session - Jul 16, 2026 2:18:16 PM",2026-07-16 02:18:16 PM 2:18:16 PM,01:26:09,,,,Enter Notes
2026-07-16 02:30:09 PM,81.0,70.2,59.1,29.02,850,29.02,0.0,82.8,65.4,222,81.0,session,"Session - Jul 16, 2026 2:18:16 PM",2026-07-16 02:18:16 PM 2:18:16 PM,01:26:09,,,,Enter Notes
2026-07-16 02:30:14 PM,81.2,70.3,59.2,29.02,850,29.02,0.0,83.1,65.6,222,81.1,session,"Session - Jul 16, 2026 2:18:16 PM",2026-07-16 02:18:16 PM 2:18:16 PM,01:26:09,,,,Enter Notes
2026-07-16 02:30:19 PM,81.2,70.3,59.3,29.02,847,29.02,0.0,83.3,65.7,222,81.1,session,"Session - Jul 16, 2026 2:18:16 PM",2026-07-16 02:18:16 PM 2:18:16 PM,01:26:09,,,,Enter Notes
2026-07-16 02:30:24 PM,81.2,70.5,59.5,29.02,850,29.02,0.0,83.3,65.8,222,81.1,session,"Session - Jul 16, 2026 2:18:16 PM",2026-07-16 02:18:16 PM 2:18:16 PM,01:26:09,,,,Enter Notes
2026-07-16 02:30:29 PM,81.2,70.5,59.6,29.02,850,29.02,0.0,83.3,65.8,222,81.1,session,"Session - Jul 16, 2026 2:18:16 PM",2026-07-16 02:18:16 PM 2:18:16 PM,01:26:09,,,,Enter Notes
2026-07-16 02:30:34 PM,81.2,70.3,59.6,29.02,850,29.02,0.0,83.3,65.8,222,81.1,session,"Session - Jul 16, 2026 2:18:16 PM",2026-07-16 02:18:16 PM 2:18:16 PM,01:26:09,,,,Enter Notes
2026-07-16 02:30:39 PM,81.1,70.3,59.7,29.02,847,29.02,0.0,82.9,65.8,222,81.0,session,"Session - Jul 16, 2026 2:18:16 PM",2026-07-16 02:18:16 PM 2:18:16 PM,01:26:09,,,,Enter Notes
2026-07-16 02:30:44 PM,81.2,70.5,59.7,29.02,847,29.02,0.0,83.3,65.9,222,81.1,session,"Session - Jul 16, 2026 2:18:16 PM",2026-07-16 02:18:16 PM 2:18:16 PM,01:26:09,,,,Enter Notes
2026-07-16 02:30:49 PM,81.3,70.5,59.8,29.02,845,29.02,0.0,83.5,66.0,222,81.3,session,"Session - Jul 16, 2026 2:18:16 PM",2026-07-16 02:18:16 PM 2:18:16 PM,01:26:09,,,,Enter Notes
2026-07-16 02:30:54 PM,81.3,70.5,59.7,29.02,847,29.02,0.0,83.3,66.0,222,81.3,session,"Session - Jul 16, 2026 2:18:16 PM",2026-07-16 02:18:16 PM 2:18:16 PM,01:26:09,,,,Enter Notes
2026-07-16 02:30:59 PM,81.2,70.5,59.7,29.02,850,29.02,0.0,83.3,65.9,222,81.1,session,"Session - Jul 16, 2026 2:18:16 PM",2026-07-16 02:18:16 PM 2:18:16 PM,01:26:09,,,,Enter Notes
2026-07-16 02:31:04 PM,81.1,70.3,59.8,29.02,845,29.02,0.0,82.9,65.8,222,81.1,session,"Session - Jul 16, 2026 2:18:16 PM",2026-07-16 02:18:16 PM 2:18:16 PM,01:26:09,,,,Enter Notes
2026-07-16 02:31:09 PM,81.3,70.5,59.8,29.02,847,29.02,0.0,83.3,66.0,222,81.1,session,"Session - Jul 16, 2026 2:18:16 PM",2026-07-16 02:18:16 PM 2:18:16 PM,01:26:09,,,,Enter Notes
2026-07-16 02:31:14 PM,80.7,70.2,59.9,29.02,847,29.02,0.0,82.4,65.5,222,80.6,session,"Session - Jul 16, 2026 2:18:16 PM",2026-07-16 02:18:16 PM 2:18:16 PM,01:26:09,,,,Enter Notes
2026-07-16 02:31:19 PM,80.7,70.2,59.8,29.02,850,29.02,0.0,82.4,65.4,222,80.6,session,"Session - Jul 16, 2026 2:18:16 PM",2026-07-16 02:18:16 PM 2:18:16 PM,01:26:09,,,,Enter Notes
2026-07-16 02:31:24 PM,80.3,69.6,59.8,29.02,847,29.02,0.0,81.9,65.0,222,80.2,session,"Session - Jul 16, 2026 2:18:16 PM",2026-07-16 02:18:16 PM 2:18:16 PM,01:26:09,,,,Enter Notes
2026-07-16 02:31:29 PM,80.2,69.6,59.7,29.02,847,29.02,0.0,81.7,64.9,222,80.1,session,"Session - Jul 16, 2026 2:18:16 PM",2026-07-16 02:18:16 PM 2:18:16 PM,01:26:09,,,,Enter Notes
2026-07-16 02:31:34 PM,80.0,69.4,59.7,29.02,850,29.02,0.0,81.3,64.7,222,79.9,session,"Session - Jul 16, 2026 2:18:16 PM",2026-07-16 02:18:16 PM 2:18:16 PM,01:26:09,,,,Enter Notes
2026-07-16 02:31:39 PM,80.0,69.4,59.8,29.02,850,29.02,0.0,81.3,64.8,222,79.9,session,"Session - Jul 16, 2026 2:18:16 PM",2026-07-16 02:18:16 PM 2:18:16 PM,01:26:09,,,,Enter Notes
2026-07-16 02:31:44 PM,80.0,69.4,59.9,29.02,850,29.02,0.0,81.3,64.8,222,79.9,session,"Session - Jul 16, 2026 2:18:16 PM",2026-07-16 02:18:16 PM 2:18:16 PM,01:26:09,,,,Enter Notes
2026-07-16 02:31:49 PM,79.9,69.4,60.0,29.02,847,29.02,0.0,81.5,64.8,222,79.9,session,"Session - Jul 16, 2026 2:18:16 PM",2026-07-16 02:18:16 PM 2:18:16 PM,01:26:09,,,,Enter Notes
2026-07-16 02:31:54 PM,79.8,69.4,60.2,29.02,850,29.02,0.0,81.3,64.7,222,79.7,session,"Session - Jul 16, 2026 2:18:16 PM",2026-07-16 02:18:16 PM 2:18:16 PM,01:26:09,,,,Enter Notes
2026-07-16 02:31:59 PM,80.0,69.4,60.4,29.02,850,29.02,0.0,81.5,65.0,222,79.9,session,"Session - Jul 16, 2026 2:18:16 PM",2026-07-16 02:18:16 PM 2:18:16 PM,01:26:09,,,,Enter Notes
2026-07-16 02:32:04 PM,79.7,69.4,60.5,29.02,850,29.02,0.0,81.3,64.8,222,79.7,session,"Session - Jul 16, 2026 2:18:16 PM",2026-07-16 02:18:16 PM 2:18:16 PM,01:26:09,,,,Enter Notes
2026-07-16 02:32:09 PM,79.9,69.6,60.7,29.02,850,29.02,0.0,81.3,65.1,222,79.7,session,"Session - Jul 16, 2026 2:18:16 PM",2026-07-16 02:18:16 PM 2:18:16 PM,01:26:09,,,,Enter Notes
2026-07-16 02:32:14 PM,79.9,69.6,60.8,29.02,847,29.02,0.0,81.7,65.2,222,79.9,session,"Session - Jul 16, 2026 2:18:16 PM",2026-07-16 02:18:16 PM 2:18:16 PM,01:26:09,,,,Enter Notes
2026-07-16 02:32:19 PM,79.9,69.8,61.0,29.02,850,29.02,0.0,81.7,65.2,222,79.9,session,"Session - Jul 16, 2026 2:18:16 PM",2026-07-16 02:18:16 PM 2:18:16 PM,01:26:09,,,,Enter Notes
2026-07-16 02:32:24 PM,79.7,69.6,61.0,29.02,847,29.02,0.0,81.1,65.1,222,79.5,session,"Session - Jul 16, 2026 2:18:16 PM",2026-07-16 02:18:16 PM 2:18:16 PM,01:26:09,,,,Enter Notes
2026-07-16 02:32:29 PM,79.8,69.8,61.2,29.02,850,29.02,0.0,81.3,65.3,222,79.7,session,"Session - Jul 16, 2026 2:18:16 PM",2026-07-16 02:18:16 PM 2:18:16 PM,01:26:09,,,,Enter Notes
2026-07-16 02:32:34 PM,79.8,69.6,61.2,29.02,850,29.02,0.0,81.3,65.2,222,79.7,session,"Session - Jul 16, 2026 2:18:16 PM",2026-07-16 02:18:16 PM 2:18:16 PM,01:26:09,,,,Enter Notes
2026-07-16 02:32:39 PM,79.8,69.6,61.4,29.02,850,29.02,0.0,81.3,65.3,222,79.7,session,"Session - Jul 16, 2026 2:18:16 PM",2026-07-16 02:18:16 PM 2:18:16 PM,01:26:09,,,,Enter Notes
2026-07-16 02:32:44 PM,79.8,69.8,61.5,29.02,850,29.02,0.0,81.5,65.4,222,79.7,session,"Session - Jul 16, 2026 2:18:16 PM",2026-07-16 02:18:16 PM 2:18:16 PM,01:26:09,,,,Enter Notes
2026-07-16 02:32:49 PM,79.9,69.8,61.5,29.02,850,29.02,0.0,81.9,65.5,222,79.9,session,"Session - Jul 16, 2026 2:18:16 PM",2026-07-16 02:18:16 PM 2:18:16 PM,01:26:09,,,,Enter Notes
2026-07-16 02:32:54 PM,79.8,69.8,61.6,29.02,845,29.02,0.0,81.5,65.4,222,79.7,session,"Session - Jul 16, 2026 2:18:16 PM",2026-07-16 02:18:16 PM 2:18:16 PM,01:26:09,,,,Enter Notes
2026-07-16 02:32:59 PM,79.8,69.8,61.5,29.02,850,29.02,0.0,81.5,65.4,222,79.7,session,"Session - Jul 16, 2026 2:18:16 PM",2026-07-16 02:18:16 PM 2:18:16 PM,01:26:09,,,,Enter Notes
2026-07-16 02:33:04 PM,79.7,69.6,61.5,29.02,847,29.02,0.0,81.5,65.3,222,79.7,session,"Session - Jul 16, 2026 2:18:16 PM",2026-07-16 02:18:16 PM 2:18:16 PM,01:26:09,,,,Enter Notes
2026-07-16 02:33:09 PM,79.7,69.6,61.6,29.02,850,29.02,0.0,81.5,65.3,222,79.7,session,"Session - Jul 16, 2026 2:18:16 PM",2026-07-16 02:18:16 PM 2:18:16 PM,01:26:09,,,,Enter Notes
2026-07-16 02:33:14 PM,79.7,69.6,61.6,29.02,850,29.02,0.0,81.3,65.3,222,79.5,session,"Session - Jul 16, 2026 2:18:16 PM",2026-07-16 02:18:16 PM 2:18:16 PM,01:26:09,,,,Enter Notes
2026-07-16 02:33:19 PM,79.7,69.6,61.6,29.02,850,29.02,0.0,81.3,65.3,222,79.5,session,"Session - Jul 16, 2026 2:18:16 PM",2026-07-16 02:18:16 PM 2:18:16 PM,01:26:09,,,,Enter Notes
2026-07-16 02:33:24 PM,79.6,69.6,61.7,29.02,850,29.02,0.0,81.3,65.3,222,79.5,session,"Session - Jul 16, 2026 2:18:16 PM",2026-07-16 02:18:16 PM 2:18:16 PM,01:26:09,,,,Enter Notes
2026-07-16 02:33:29 PM,79.6,69.6,61.8,29.02,850,29.02,0.0,81.3,65.3,222,79.5,session,"Session - Jul 16, 2026 2:18:16 PM",2026-07-16 02:18:16 PM 2:18:16 PM,01:26:09,,,,Enter Notes
2026-07-16 02:33:34 PM,79.5,69.6,61.9,29.02,847,29.02,0.0,81.0,65.2,222,79.3,session,"Session - Jul 16, 2026 2:18:16 PM",2026-07-16 02:18:16 PM 2:18:16 PM,01:26:09,,,,Enter Notes
2026-07-16 02:33:39 PM,79.5,69.6,62.0,29.02,850,29.02,0.0,81.0,65.3,222,79.3,session,"Session - Jul 16, 2026 2:18:16 PM",2026-07-16 02:18:16 PM 2:18:16 PM,01:26:09,,,,Enter Notes
2026-07-16 02:33:44 PM,79.5,69.6,62.0,29.02,850,29.02,0.0,81.0,65.3,222,79.3,session,"Session - Jul 16, 2026 2:18:16 PM",2026-07-16 02:18:16 PM 2:18:16 PM,01:26:09,,,,Enter Notes
2026-07-16 02:33:49 PM,79.4,69.6,62.1,29.02,850,29.02,0.0,81.1,65.3,222,79.3,session,"Session - Jul 16, 2026 2:18:16 PM",2026-07-16 02:18:16 PM 2:18:16 PM,01:26:09,,,,Enter Notes
2026-07-16 02:33:54 PM,79.5,69.8,62.2,29.02,853,29.02,0.0,81.1,65.4,222,79.5,session,"Session - Jul 16, 2026 2:18:16 PM",2026-07-16 02:18:16 PM 2:18:16 PM,01:26:09,,,,Enter Notes
2026-07-16 02:33:59 PM,79.6,69.8,62.2,29.02,850,29.02,0.0,81.3,65.5,222,79.5,session,"Session - Jul 16, 2026 2:18:16 PM",2026-07-16 02:18:16 PM 2:18:16 PM,01:26:09,,,,Enter Notes
2026-07-16 02:34:04 PM,79.6,70.0,62.3,29.02,850,29.02,0.0,81.3,65.6,222,79.5,session,"Session - Jul 16, 2026 2:18:16 PM",2026-07-16 02:18:16 PM 2:18:16 PM,01:26:09,,,,Enter Notes
2026-07-16 02:34:09 PM,79.6,70.0,62.3,29.02,853,29.02,0.0,81.3,65.6,222,79.5,session,"Session - Jul 16, 2026 2:18:16 PM",2026-07-16 02:18:16 PM 2:18:16 PM,01:26:09,,,,Enter Notes
2026-07-16 02:34:14 PM,79.5,69.8,62.3,29.02,853,29.02,0.0,81.3,65.5,222,79.5,session,"Session - Jul 16, 2026 2:18:16 PM",2026-07-16 02:18:16 PM 2:18:16 PM,01:26:09,,,,Enter Notes
2026-07-16 02:34:19 PM,79.5,70.0,62.4,29.02,850,29.02,0.0,81.3,65.6,222,79.5,session,"Session - Jul 16, 2026 2:18:16 PM",2026-07-16 02:18:16 PM 2:18:16 PM,01:26:09,,,,Enter Notes
2026-07-16 02:34:24 PM,79.5,70.0,62.4,29.02,853,29.02,0.0,81.3,65.6,222,79.5,session,"Session - Jul 16, 2026 2:18:16 PM",2026-07-16 02:18:16 PM 2:18:16 PM,01:26:09,,,,Enter Notes
2026-07-16 02:34:29 PM,79.6,70.0,62.4,29.02,853,29.02,0.0,81.3,65.6,222,79.5,session,"Session - Jul 16, 2026 2:18:16 PM",2026-07-16 02:18:16 PM 2:18:16 PM,01:26:09,,,,Enter Notes
2026-07-16 02:34:34 PM,79.5,70.0,62.5,29.02,850,29.02,0.0,81.3,65.6,222,79.5,session,"Session - Jul 16, 2026 2:18:16 PM",2026-07-16 02:18:16 PM 2:18:16 PM,01:26:09,,,,Enter Notes
2026-07-16 02:34:39 PM,79.5,70.0,62.5,29.02,853,29.02,0.0,81.1,65.6,222,79.5,session,"Session - Jul 16, 2026 2:18:16 PM",2026-07-16 02:18:16 PM 2:18:16 PM,01:26:09,,,,Enter Notes
2026-07-16 02:34:44 PM,79.5,69.8,62.5,29.02,850,29.02,0.0,81.1,65.5,222,79.3,session,"Session - Jul 16, 2026 2:18:16 PM",2026-07-16 02:18:16 PM 2:18:16 PM,01:26:09,,,,Enter Notes
2026-07-16 02:34:49 PM,79.5,70.0,62.5,29.02,853,29.02,0.0,81.1,65.6,222,79.5,session,"Session - Jul 16, 2026 2:18:16 PM",2026-07-16 02:18:16 PM 2:18:16 PM,01:26:09,,,,Enter Notes
2026-07-16 02:34:54 PM,79.6,70.0,62.4,29.02,853,29.02,0.0,81.3,65.6,222,79.5,session,"Session - Jul 16, 2026 2:18:16 PM",2026-07-16 02:18:16 PM 2:18:16 PM,01:26:09,,,,Enter Notes
2026-07-16 02:34:59 PM,79.7,70.0,62.4,29.02,853,29.02,0.0,81.3,65.7,222,79.5,session,"Session - Jul 16, 2026 2:18:16 PM",2026-07-16 02:18:16 PM 2:18:16 PM,01:26:09,,,,Enter Notes
2026-07-16 02:35:04 PM,79.6,70.0,62.4,29.02,853,29.02,0.0,81.3,65.6,222,79.5,session,"Session - Jul 16, 2026 2:18:16 PM",2026-07-16 02:18:16 PM 2:18:16 PM,01:26:09,,,,Enter Notes
2026-07-16 02:35:09 PM,79.5,69.8,62.4,29.02,850,29.02,0.0,81.3,65.6,222,79.5,session,"Session - Jul 16, 2026 2:18:16 PM",2026-07-16 02:18:16 PM 2:18:16 PM,01:26:09,,,,Enter Notes
2026-07-16 02:35:14 PM,79.5,70.0,62.4,29.01,853,29.02,0.0,81.3,65.6,222,79.5,session,"Session - Jul 16, 2026 2:18:16 PM",2026-07-16 02:18:16 PM 2:18:16 PM,01:26:09,,,,Enter Notes
2026-07-16 02:35:19 PM,79.4,69.8,62.5,29.02,853,29.02,0.0,81.1,65.5,222,79.3,session,"Session - Jul 16, 2026 2:18:16 PM",2026-07-16 02:18:16 PM 2:18:16 PM,01:26:09,,,,Enter Notes
2026-07-16 02:35:24 PM,79.4,69.6,62.5,29.02,853,29.02,0.9,81.1,65.4,223,79.3,session,"Session - Jul 16, 2026 2:18:16 PM",2026-07-16 02:18:16 PM 2:18:16 PM,01:26:09,,,,Enter Notes
2026-07-16 02:35:29 PM,79.5,70.0,62.5,29.02,853,29.02,1.0,81.3,65.6,223,79.5,session,"Session - Jul 16, 2026 2:18:16 PM",2026-07-16 02:18:16 PM 2:18:16 PM,01:26:09,,,,Enter Notes
2026-07-16 02:35:34 PM,79.5,70.0,62.4,29.02,853,29.02,0.0,81.3,65.6,223,79.5,session,"Session - Jul 16, 2026 2:18:16 PM",2026-07-16 02:18:16 PM 2:18:16 PM,01:26:09,,,,Enter Notes
2026-07-16 02:35:39 PM,79.8,70.0,62.5,29.02,850,29.02,0.0,81.7,65.8,223,79.7,session,"Session - Jul 16, 2026 2:18:16 PM",2026-07-16 02:18:16 PM 2:18:16 PM,01:26:09,,,,Enter Notes
2026-07-16 02:35:44 PM,79.8,70.2,62.5,29.02,853,29.02,0.9,81.7,65.9,222,79.7,session,"Session - Jul 16, 2026 2:18:16 PM",2026-07-16 02:18:16 PM 2:18:16 PM,01:26:09,,,,Enter Notes
2026-07-16 02:35:49 PM,79.9,70.2,62.5,29.02,853,29.02,0.0,81.9,65.9,222,79.9,session,"Session - Jul 16, 2026 2:18:16 PM",2026-07-16 02:18:16 PM 2:18:16 PM,01:26:09,,,,Enter Notes
2026-07-16 02:35:54 PM,80.0,70.2,62.5,29.02,853,29.02,0.0,81.9,66.0,222,79.9,session,"Session - Jul 16, 2026 2:18:16 PM",2026-07-16 02:18:16 PM 2:18:16 PM,01:26:09,,,,Enter Notes
2026-07-16 02:35:59 PM,80.0,70.2,62.5,29.02,850,29.02,0.0,81.9,66.0,222,79.9,session,"Session - Jul 16, 2026 2:18:16 PM",2026-07-16 02:18:16 PM 2:18:16 PM,01:26:09,,,,Enter Notes
2026-07-16 02:36:04 PM,80.0,70.2,62.4,29.02,850,29.02,0.0,81.9,66.0,222,79.9,session,"Session - Jul 16, 2026 2:18:16 PM",2026-07-16 02:18:16 PM 2:18:16 PM,01:26:09,,,,Enter Notes
2026-07-16 02:36:09 PM,80.0,70.2,62.4,29.02,850,29.02,0.0,81.9,66.0,222,79.9,session,"Session - Jul 16, 2026 2:18:16 PM",2026-07-16 02:18:16 PM 2:18:16 PM,01:26:09,,,,Enter Notes
2026-07-16 02:36:14 PM,80.1,70.2,62.3,29.02,850,29.02,0.0,82.2,66.0,222,80.1,session,"Session - Jul 16, 2026 2:18:16 PM",2026-07-16 02:18:16 PM 2:18:16 PM,01:26:09,,,,Enter Notes
2026-07-16 02:36:19 PM,80.1,70.2,62.2,29.02,853,29.02,0.0,82.2,66.0,222,80.1,session,"Session - Jul 16, 2026 2:18:16 PM",2026-07-16 02:18:16 PM 2:18:16 PM,01:26:09,,,,Enter Notes
2026-07-16 02:36:24 PM,80.1,70.2,62.2,29.02,850,29.02,0.0,82.2,66.0,222,80.1,session,"Session - Jul 16, 2026 2:18:16 PM",2026-07-16 02:18:16 PM 2:18:16 PM,01:26:09,,,,Enter Notes
2026-07-16 02:36:29 PM,80.1,70.2,62.1,29.02,853,29.02,0.0,82.0,65.9,222,80.1,session,"Session - Jul 16, 2026 2:18:16 PM",2026-07-16 02:18:16 PM 2:18:16 PM,01:26:09,,,,Enter Notes
2026-07-16 02:36:34 PM,80.2,70.3,62.0,29.02,853,29.02,0.0,82.0,66.0,222,80.1,session,"Session - Jul 16, 2026 2:18:16 PM",2026-07-16 02:18:16 PM 2:18:16 PM,01:26:09,,,,Enter Notes
2026-07-16 02:36:39 PM,80.2,70.3,62.0,29.02,853,29.02,0.0,82.0,66.0,222,80.1,session,"Session - Jul 16, 2026 2:18:16 PM",2026-07-16 02:18:16 PM 2:18:16 PM,01:26:09,,,,Enter Notes
2026-07-16 02:36:44 PM,80.2,70.3,61.9,29.02,850,29.02,0.0,82.4,66.0,222,80.2,session,"Session - Jul 16, 2026 2:18:16 PM",2026-07-16 02:18:16 PM 2:18:16 PM,01:26:09,,,,Enter Notes
2026-07-16 02:36:49 PM,80.2,70.3,61.8,29.02,850,29.02,0.0,82.0,65.9,222,80.1,session,"Session - Jul 16, 2026 2:18:16 PM",2026-07-16 02:18:16 PM 2:18:16 PM,01:26:09,,,,Enter Notes
2026-07-16 02:36:54 PM,80.2,70.3,61.8,29.02,850,29.02,0.0,82.0,65.9,222,80.1,session,"Session - Jul 16, 2026 2:18:16 PM",2026-07-16 02:18:16 PM 2:18:16 PM,01:26:09,,,,Enter Notes
2026-07-16 02:36:59 PM,80.2,70.3,61.8,29.02,850,29.02,0.0,82.4,65.9,222,80.2,session,"Session - Jul 16, 2026 2:18:16 PM",2026-07-16 02:18:16 PM 2:18:16 PM,01:26:09,,,,Enter Notes
2026-07-16 02:37:04 PM,80.3,70.3,61.7,29.02,853,29.02,0.0,82.4,66.0,222,80.2,session,"Session - Jul 16, 2026 2:18:16 PM",2026-07-16 02:18:16 PM 2:18:16 PM,01:26:09,,,,Enter Notes
2026-07-16 02:37:09 PM,80.2,70.2,61.6,29.02,850,29.02,0.0,82.0,65.8,222,80.1,session,"Session - Jul 16, 2026 2:18:16 PM",2026-07-16 02:18:16 PM 2:18:16 PM,01:26:09,,,,Enter Notes
2026-07-16 02:37:14 PM,80.2,70.2,61.6,29.02,850,29.02,0.0,82.0,65.8,222,80.1,session,"Session - Jul 16, 2026 2:18:16 PM",2026-07-16 02:18:16 PM 2:18:16 PM,01:26:09,,,,Enter Notes
2026-07-16 02:37:19 PM,80.2,70.2,61.6,29.02,850,29.02,0.0,82.0,65.8,222,80.1,session,"Session - Jul 16, 2026 2:18:16 PM",2026-07-16 02:18:16 PM 2:18:16 PM,01:26:09,,,,Enter Notes
2026-07-16 02:37:24 PM,80.1,70.2,61.6,29.02,850,29.02,0.0,82.0,65.8,222,80.1,session,"Session - Jul 16, 2026 2:18:16 PM",2026-07-16 02:18:16 PM 2:18:16 PM,01:26:09,,,,Enter Notes
2026-07-16 02:37:29 PM,80.0,70.0,61.5,29.02,850,29.02,0.0,81.9,65.6,222,79.9,session,"Session - Jul 16, 2026 2:18:16 PM",2026-07-16 02:18:16 PM 2:18:16 PM,01:26:09,,,,Enter Notes
2026-07-16 02:37:34 PM,80.1,70.0,61.5,29.02,847,29.02,0.0,82.0,65.7,222,80.1,session,"Session - Jul 16, 2026 2:18:16 PM",2026-07-16 02:18:16 PM 2:18:16 PM,01:26:09,,,,Enter Notes
2026-07-16 02:37:39 PM,80.1,70.0,61.4,29.02,850,29.02,0.0,82.0,65.6,222,80.1,session,"Session - Jul 16, 2026 2:18:16 PM",2026-07-16 02:18:16 PM 2:18:16 PM,01:26:09,,,,Enter Notes
2026-07-16 02:37:44 PM,80.1,70.0,61.4,29.02,850,29.02,0.0,81.9,65.6,222,80.1,session,"Session - Jul 16, 2026 2:18:16 PM",2026-07-16 02:18:16 PM 2:18:16 PM,01:26:09,,,,Enter Notes
2026-07-16 02:37:49 PM,80.1,70.0,61.3,29.02,853,29.02,0.0,81.9,65.6,222,80.1,session,"Session - Jul 16, 2026 2:18:16 PM",2026-07-16 02:18:16 PM 2:18:16 PM,01:26:09,,,,Enter Notes
2026-07-16 02:37:54 PM,80.1,70.0,61.3,29.02,850,29.02,0.0,81.9,65.6,222,80.1,session,"Session - Jul 16, 2026 2:18:16 PM",2026-07-16 02:18:16 PM 2:18:16 PM,01:26:09,,,,Enter Notes
2026-07-16 02:37:59 PM,80.2,70.2,61.2,29.02,850,29.02,0.0,81.9,65.7,222,80.1,session,"Session - Jul 16, 2026 2:18:16 PM",2026-07-16 02:18:16 PM 2:18:16 PM,01:26:09,,,,Enter Notes
2026-07-16 02:38:04 PM,80.1,69.8,61.2,29.02,850,29.02,0.0,81.9,65.5,222,80.1,session,"Session - Jul 16, 2026 2:18:16 PM",2026-07-16 02:18:16 PM 2:18:16 PM,01:26:09,,,,Enter Notes
2026-07-16 02:38:09 PM,80.1,69.8,61.1,29.02,853,29.02,0.0,81.9,65.5,222,80.1,session,"Session - Jul 16, 2026 2:18:16 PM",2026-07-16 02:18:16 PM 2:18:16 PM,01:26:09,,,,Enter Notes
2026-07-16 02:38:14 PM,80.1,69.8,61.1,29.02,850,29.02,0.0,81.9,65.5,222,80.1,session,"Session - Jul 16, 2026 2:18:16 PM",2026-07-16 02:18:16 PM 2:18:16 PM,01:26:09,,,,Enter Notes
2026-07-16 02:38:19 PM,80.0,69.8,61.1,29.02,850,29.02,0.0,81.7,65.4,222,79.9,session,"Session - Jul 16, 2026 2:18:16 PM",2026-07-16 02:18:16 PM 2:18:16 PM,01:26:09,,,,Enter Notes
2026-07-16 02:38:24 PM,80.0,69.8,61.1,29.02,847,29.02,0.0,81.7,65.4,222,79.9,session,"Session - Jul 16, 2026 2:18:16 PM",2026-07-16 02:18:16 PM 2:18:16 PM,01:26:09,,,,Enter Notes
2026-07-16 02:38:29 PM,80.0,69.8,61.2,29.02,853,29.02,0.0,81.7,65.4,222,79.9,session,"Session - Jul 16, 2026 2:18:16 PM",2026-07-16 02:18:16 PM 2:18:16 PM,01:26:09,,,,Enter Notes
2026-07-16 02:38:34 PM,80.0,69.8,61.2,29.02,853,29.02,0.0,81.7,65.4,222,79.9,session,"Session - Jul 16, 2026 2:18:16 PM",2026-07-16 02:18:16 PM 2:18:16 PM,01:26:09,,,,Enter Notes
2026-07-16 02:38:39 PM,80.0,69.8,61.3,29.02,850,29.02,0.0,81.7,65.5,222,79.9,session,"Session - Jul 16, 2026 2:18:16 PM",2026-07-16 02:18:16 PM 2:18:16 PM,01:26:09,,,,Enter Notes
2026-07-16 02:38:44 PM,80.0,70.0,61.4,29.02,853,29.02,0.0,81.7,65.6,222,79.9,session,"Session - Jul 16, 2026 2:18:16 PM",2026-07-16 02:18:16 PM 2:18:16 PM,01:26:09,,,,Enter Notes
2026-07-16 02:38:49 PM,80.0,69.8,61.4,29.02,853,29.02,0.0,81.7,65.5,222,79.9,session,"Session - Jul 16, 2026 2:18:16 PM",2026-07-16 02:18:16 PM 2:18:16 PM,01:26:09,,,,Enter Notes
2026-07-16 02:38:54 PM,79.9,69.8,61.4,29.02,853,29.02,0.0,81.7,65.5,222,79.9,session,"Session - Jul 16, 2026 2:18:16 PM",2026-07-16 02:18:16 PM 2:18:16 PM,01:26:09,,,,Enter Notes
2026-07-16 02:38:59 PM,80.0,70.0,61.5,29.02,853,29.02,0.0,81.7,65.6,222,79.9,session,"Session - Jul 16, 2026 2:18:16 PM",2026-07-16 02:18:16 PM 2:18:16 PM,01:26:09,,,,Enter Notes
2026-07-16 02:39:04 PM,80.0,70.0,61.5,29.01,855,29.02,0.0,81.9,65.6,222,79.9,session,"Session - Jul 16, 2026 2:18:16 PM",2026-07-16 02:18:16 PM 2:18:16 PM,01:26:09,,,,Enter Notes
2026-07-16 02:39:09 PM,80.0,70.0,61.5,29.02,853,29.02,0.0,81.9,65.6,222,79.9,session,"Session - Jul 16, 2026 2:18:16 PM",2026-07-16 02:18:16 PM 2:18:16 PM,01:26:09,,,,Enter Notes
2026-07-16 02:39:14 PM,80.0,70.0,61.5,29.02,850,29.02,0.0,81.9,65.6,222,79.9,session,"Session - Jul 16, 2026 2:18:16 PM",2026-07-16 02:18:16 PM 2:18:16 PM,01:26:09,,,,Enter Notes
2026-07-16 02:39:19 PM,79.9,69.8,61.5,29.02,850,29.02,0.0,81.7,65.5,222,79.9,session,"Session - Jul 16, 2026 2:18:16 PM",2026-07-16 02:18:16 PM 2:18:16 PM,01:26:09,,,,Enter Notes
2026-07-16 02:39:24 PM,80.0,70.0,61.5,29.02,850,29.02,0.0,81.7,65.6,222,79.9,session,"Session - Jul 16, 2026 2:18:16 PM",2026-07-16 02:18:16 PM 2:18:16 PM,01:26:09,,,,Enter Notes
2026-07-16 02:39:29 PM,80.0,70.0,61.5,29.02,853,29.02,0.0,81.9,65.6,222,79.9,session,"Session - Jul 16, 2026 2:18:16 PM",2026-07-16 02:18:16 PM 2:18:16 PM,01:26:09,,,,Enter Notes
2026-07-16 02:39:34 PM,79.9,70.0,61.6,29.02,853,29.02,0.0,81.9,65.6,222,79.9,session,"Session - Jul 16, 2026 2:18:16 PM",2026-07-16 02:18:16 PM 2:18:16 PM,01:26:09,,,,Enter Notes
2026-07-16 02:39:39 PM,79.8,69.8,61.7,29.02,850,29.02,0.0,81.5,65.5,222,79.7,session,"Session - Jul 16, 2026 2:18:16 PM",2026-07-16 02:18:16 PM 2:18:16 PM,01:26:09,,,,Enter Notes
2026-07-16 02:39:44 PM,80.0,70.0,61.7,29.02,853,29.02,0.0,81.9,65.6,222,79.9,session,"Session - Jul 16, 2026 2:18:16 PM",2026-07-16 02:18:16 PM 2:18:16 PM,01:26:09,,,,Enter Notes
2026-07-16 02:39:49 PM,79.9,70.0,61.7,29.02,850,29.02,0.0,81.9,65.6,222,79.9,session,"Session - Jul 16, 2026 2:18:16 PM",2026-07-16 02:18:16 PM 2:18:16 PM,01:26:09,,,,Enter Notes
2026-07-16 02:39:54 PM,79.9,70.0,61.8,29.02,850,29.02,0.0,81.9,65.6,222,79.9,session,"Session - Jul 16, 2026 2:18:16 PM",2026-07-16 02:18:16 PM 2:18:16 PM,01:26:09,,,,Enter Notes
2026-07-16 02:39:59 PM,79.9,70.0,61.8,29.02,850,29.02,0.0,81.9,65.6,222,79.9,session,"Session - Jul 16, 2026 2:18:16 PM",2026-07-16 02:18:16 PM 2:18:16 PM,01:26:09,,,,Enter Notes
2026-07-16 02:40:04 PM,79.9,70.0,61.8,29.02,850,29.02,0.0,81.9,65.6,222,79.9,session,"Session - Jul 16, 2026 2:18:16 PM",2026-07-16 02:18:16 PM 2:18:16 PM,01:26:09,,,,Enter Notes
2026-07-16 02:40:09 PM,79.9,70.0,61.8,29.02,853,29.02,0.0,81.9,65.6,222,79.9,session,"Session - Jul 16, 2026 2:18:16 PM",2026-07-16 02:18:16 PM 2:18:16 PM,01:26:09,,,,Enter Notes
2026-07-16 02:40:14 PM,79.9,70.0,61.8,29.02,853,29.02,0.0,81.5,65.6,222,79.7,session,"Session - Jul 16, 2026 2:18:16 PM",2026-07-16 02:18:16 PM 2:18:16 PM,01:26:09,,,,Enter Notes
2026-07-16 02:40:19 PM,79.9,70.0,61.9,29.02,853,29.02,0.0,81.9,65.6,222,79.9,session,"Session - Jul 16, 2026 2:18:16 PM",2026-07-16 02:18:16 PM 2:18:16 PM,01:26:09,,,,Enter Notes
2026-07-16 02:40:24 PM,79.9,70.0,61.9,29.02,853,29.02,0.0,81.5,65.6,222,79.7,session,"Session - Jul 16, 2026 2:18:16 PM",2026-07-16 02:18:16 PM 2:18:16 PM,01:26:09,,,,Enter Notes
2026-07-16 02:40:29 PM,79.8,70.0,61.8,29.01,855,29.02,0.0,81.5,65.6,222,79.7,session,"Session - Jul 16, 2026 2:18:16 PM",2026-07-16 02:18:16 PM 2:18:16 PM,01:26:09,,,,Enter Notes
2026-07-16 02:40:34 PM,79.8,69.8,61.8,29.02,853,29.02,0.0,81.5,65.6,222,79.7,session,"Session - Jul 16, 2026 2:18:16 PM",2026-07-16 02:18:16 PM 2:18:16 PM,01:26:09,,,,Enter Notes
2026-07-16 02:40:39 PM,79.8,69.8,61.8,29.02,853,29.02,0.0,81.5,65.5,222,79.7,session,"Session - Jul 16, 2026 2:18:16 PM",2026-07-16 02:18:16 PM 2:18:16 PM,01:26:09,,,,Enter Notes
2026-07-16 02:40:44 PM,79.6,69.8,61.8,29.02,850,29.02,0.0,81.3,65.4,222,79.5,session,"Session - Jul 16, 2026 2:18:16 PM",2026-07-16 02:18:16 PM 2:18:16 PM,01:26:09,,,,Enter Notes
2026-07-16 02:40:49 PM,79.8,70.0,61.9,29.02,853,29.02,0.0,81.5,65.6,222,79.7,session,"Session - Jul 16, 2026 2:18:16 PM",2026-07-16 02:18:16 PM 2:18:16 PM,01:26:09,,,,Enter Notes
2026-07-16 02:40:54 PM,79.8,69.8,61.9,29.02,853,29.02,0.0,81.5,65.6,222,79.7,session,"Session - Jul 16, 2026 2:18:16 PM",2026-07-16 02:18:16 PM 2:18:16 PM,01:26:09,,,,Enter Notes
2026-07-16 02:40:59 PM,79.8,70.0,62.0,29.01,853,29.02,0.0,81.5,65.6,222,79.7,session,"Session - Jul 16, 2026 2:18:16 PM",2026-07-16 02:18:16 PM 2:18:16 PM,01:26:09,,,,Enter Notes
2026-07-16 02:41:04 PM,79.8,70.0,62.0,29.02,850,29.02,0.0,81.5,65.6,222,79.7,session,"Session - Jul 16, 2026 2:18:16 PM",2026-07-16 02:18:16 PM 2:18:16 PM,01:26:09,,,,Enter Notes
2026-07-16 02:41:09 PM,79.8,70.0,62.0,29.02,853,29.02,0.0,81.5,65.6,222,79.7,session,"Session - Jul 16, 2026 2:18:16 PM",2026-07-16 02:18:16 PM 2:18:16 PM,01:26:09,,,,Enter Notes
2026-07-16 02:41:14 PM,79.9,70.2,62.0,29.02,853,29.02,0.0,81.9,65.8,222,79.9,session,"Session - Jul 16, 2026 2:18:16 PM",2026-07-16 02:18:16 PM 2:18:16 PM,01:26:09,,,,Enter Notes
2026-07-16 02:41:19 PM,79.7,70.0,62.0,29.02,850,29.02,0.0,81.5,65.6,222,79.7,session,"Session - Jul 16, 2026 2:18:16 PM",2026-07-16 02:18:16 PM 2:18:16 PM,01:26:09,,,,Enter Notes
2026-07-16 02:41:24 PM,79.7,69.8,62.0,29.01,853,29.02,0.0,81.3,65.5,222,79.5,session,"Session - Jul 16, 2026 2:18:16 PM",2026-07-16 02:18:16 PM 2:18:16 PM,01:26:09,,,,Enter Notes
2026-07-16 02:41:29 PM,79.7,69.8,62.0,29.02,853,29.02,0.0,81.5,65.6,222,79.7,session,"Session - Jul 16, 2026 2:18:16 PM",2026-07-16 02:18:16 PM 2:18:16 PM,01:26:09,,,,Enter Notes
2026-07-16 02:41:34 PM,79.7,69.8,62.0,29.02,853,29.02,0.0,81.3,65.5,222,79.5,session,"Session - Jul 16, 2026 2:18:16 PM",2026-07-16 02:18:16 PM 2:18:16 PM,01:26:09,,,,Enter Notes
2026-07-16 02:41:39 PM,79.6,69.8,62.0,29.01,855,29.02,0.0,81.3,65.5,222,79.5,session,"Session - Jul 16, 2026 2:18:16 PM",2026-07-16 02:18:16 PM 2:18:16 PM,01:26:09,,,,Enter Notes
2026-07-16 02:41:44 PM,79.7,69.8,62.0,29.02,853,29.02,0.0,81.3,65.5,222,79.5,session,"Session - Jul 16, 2026 2:18:16 PM",2026-07-16 02:18:16 PM 2:18:16 PM,01:26:09,,,,Enter Notes
2026-07-16 02:41:49 PM,79.6,69.8,62.0,29.02,853,29.02,0.0,81.3,65.4,222,79.5,session,"Session - Jul 16, 2026 2:18:16 PM",2026-07-16 02:18:16 PM 2:18:16 PM,01:26:09,,,,Enter Notes
2026-07-16 02:41:54 PM,79.5,69.6,62.0,29.02,853,29.02,0.0,81.3,65.4,222,79.5,session,"Session - Jul 16, 2026 2:18:16 PM",2026-07-16 02:18:16 PM 2:18:16 PM,01:26:09,,,,Enter Notes
2026-07-16 02:41:59 PM,79.6,69.8,61.9,29.02,850,29.02,0.0,81.3,65.4,222,79.5,session,"Session - Jul 16, 2026 2:18:16 PM",2026-07-16 02:18:16 PM 2:18:16 PM,01:26:09,,,,Enter Notes
2026-07-16 02:42:04 PM,79.5,69.6,61.9,29.02,847,29.02,0.0,81.3,65.3,222,79.5,session,"Session - Jul 16, 2026 2:18:16 PM",2026-07-16 02:18:16 PM 2:18:16 PM,01:26:09,,,,Enter Notes
2026-07-16 02:42:09 PM,79.5,69.6,61.9,29.02,850,29.02,0.0,81.3,65.3,222,79.5,session,"Session - Jul 16, 2026 2:18:16 PM",2026-07-16 02:18:16 PM 2:18:16 PM,01:26:09,,,,Enter Notes
2026-07-16 02:42:14 PM,79.5,69.6,61.8,29.02,847,29.02,0.0,81.3,65.3,222,79.5,session,"Session - Jul 16, 2026 2:18:16 PM",2026-07-16 02:18:16 PM 2:18:16 PM,01:26:09,,,,Enter Notes
2026-07-16 02:42:19 PM,79.5,69.6,61.8,29.02,850,29.02,0.0,81.3,65.3,222,79.5,session,"Session - Jul 16, 2026 2:18:16 PM",2026-07-16 02:18:16 PM 2:18:16 PM,01:26:09,,,,Enter Notes
2026-07-16 02:42:24 PM,79.6,69.6,61.8,29.01,853,29.02,0.0,81.3,65.3,222,79.5,session,"Session - Jul 16, 2026 2:18:16 PM",2026-07-16 02:18:16 PM 2:18:16 PM,01:26:09,,,,Enter Notes
2026-07-16 02:42:29 PM,79.5,69.6,61.8,29.01,853,29.02,0.0,81.3,65.3,222,79.5,session,"Session - Jul 16, 2026 2:18:16 PM",2026-07-16 02:18:16 PM 2:18:16 PM,01:26:09,,,,Enter Notes
2026-07-16 02:42:34 PM,79.5,69.6,61.8,29.02,853,29.02,0.0,81.0,65.3,222,79.5,session,"Session - Jul 16, 2026 2:18:16 PM",2026-07-16 02:18:16 PM 2:18:16 PM,01:26:09,,,,Enter Notes
2026-07-16 02:42:39 PM,79.4,69.6,61.9,29.01,853,29.02,0.0,81.0,65.2,222,79.3,session,"Session - Jul 16, 2026 2:18:16 PM",2026-07-16 02:18:16 PM 2:18:16 PM,01:26:09,,,,Enter Notes
2026-07-16 02:42:44 PM,79.4,69.6,61.9,29.02,847,29.02,0.0,81.0,65.2,222,79.3,session,"Session - Jul 16, 2026 2:18:16 PM",2026-07-16 02:18:16 PM 2:18:16 PM,01:26:09,,,,Enter Notes
2026-07-16 02:42:49 PM,79.2,69.4,61.9,29.02,850,29.02,0.0,80.6,65.0,222,79.2,session,"Session - Jul 16, 2026 2:18:16 PM",2026-07-16 02:18:16 PM 2:18:16 PM,01:26:09,,,,Enter Notes
2026-07-16 02:42:54 PM,79.5,69.6,61.9,29.02,853,29.02,0.0,81.3,65.3,222,79.5,session,"Session - Jul 16, 2026 2:18:16 PM",2026-07-16 02:18:16 PM 2:18:16 PM,01:26:09,,,,Enter Notes
2026-07-16 02:42:59 PM,79.2,69.3,61.9,29.02,853,29.02,0.0,80.6,65.0,222,79.2,session,"Session - Jul 16, 2026 2:18:16 PM",2026-07-16 02:18:16 PM 2:18:16 PM,01:26:09,,,,Enter Notes
2026-07-16 02:43:04 PM,79.3,69.4,61.9,29.02,853,29.02,0.0,80.6,65.1,222,79.3,session,"Session - Jul 16, 2026 2:18:16 PM",2026-07-16 02:18:16 PM 2:18:16 PM,01:26:09,,,,Enter Notes
2026-07-16 02:43:09 PM,79.3,69.4,61.9,29.02,853,29.02,0.0,80.6,65.1,222,79.2,session,"Session - Jul 16, 2026 2:18:16 PM",2026-07-16 02:18:16 PM 2:18:16 PM,01:26:09,,,,Enter Notes
2026-07-16 02:43:14 PM,79.4,69.4,62.0,29.02,850,29.02,0.0,81.0,65.2,222,79.3,session,"Session - Jul 16, 2026 2:18:16 PM",2026-07-16 02:18:16 PM 2:18:16 PM,01:26:09,,,,Enter Notes
2026-07-16 02:43:19 PM,79.3,69.4,62.0,29.02,850,29.02,0.0,80.6,65.1,222,79.2,session,"Session - Jul 16, 2026 2:18:16 PM",2026-07-16 02:18:16 PM 2:18:16 PM,01:26:09,,,,Enter Notes
2026-07-16 02:43:24 PM,79.3,69.4,62.0,29.02,847,29.02,0.0,80.6,65.2,222,79.2,session,"Session - Jul 16, 2026 2:18:16 PM",2026-07-16 02:18:16 PM 2:18:16 PM,01:26:09,,,,Enter Notes
2026-07-16 02:43:29 PM,79.3,69.4,62.0,29.02,847,29.02,0.0,80.6,65.1,222,79.2,session,"Session - Jul 16, 2026 2:18:16 PM",2026-07-16 02:18:16 PM 2:18:16 PM,01:26:09,,,,Enter Notes
2026-07-16 02:43:34 PM,79.2,69.4,62.0,29.02,850,29.02,0.0,80.6,65.1,222,79.2,session,"Session - Jul 16, 2026 2:18:16 PM",2026-07-16 02:18:16 PM 2:18:16 PM,01:26:09,,,,Enter Notes
2026-07-16 02:43:39 PM,79.3,69.6,62.1,29.02,853,29.02,0.0,80.6,65.2,222,79.2,session,"Session - Jul 16, 2026 2:18:16 PM",2026-07-16 02:18:16 PM 2:18:16 PM,01:26:09,,,,Enter Notes
2026-07-16 02:43:44 PM,79.3,69.4,62.1,29.02,853,29.02,0.0,80.6,65.2,222,79.2,session,"Session - Jul 16, 2026 2:18:16 PM",2026-07-16 02:18:16 PM 2:18:16 PM,01:26:09,,,,Enter Notes
2026-07-16 02:43:49 PM,79.2,69.4,62.1,29.02,850,29.02,0.0,80.8,65.1,222,79.2,session,"Session - Jul 16, 2026 2:18:16 PM",2026-07-16 02:18:16 PM 2:18:16 PM,01:26:09,,,,Enter Notes
2026-07-16 02:43:54 PM,79.2,69.4,62.1,29.01,855,29.02,0.0,80.8,65.2,222,79.2,session,"Session - Jul 16, 2026 2:18:16 PM",2026-07-16 02:18:16 PM 2:18:16 PM,01:26:09,,,,Enter Notes
2026-07-16 02:43:59 PM,79.3,69.6,62.2,29.02,853,29.02,0.0,80.8,65.2,222,79.2,session,"Session - Jul 16, 2026 2:18:16 PM",2026-07-16 02:18:16 PM 2:18:16 PM,01:26:09,,,,Enter Notes
2026-07-16 02:44:04 PM,79.3,69.6,62.3,29.02,850,29.02,0.0,80.8,65.3,222,79.2,session,"Session - Jul 16, 2026 2:18:16 PM",2026-07-16 02:18:16 PM 2:18:16 PM,01:26:09,,,,Enter Notes
2026-07-16 02:44:09 PM,79.3,69.6,62.3,29.02,853,29.02,0.0,80.8,65.3,222,79.2,session,"Session - Jul 16, 2026 2:18:16 PM",2026-07-16 02:18:16 PM 2:18:16 PM,01:26:09,,,,Enter Notes
2026-07-16 02:44:14 PM,79.3,69.6,62.3,29.02,853,29.02,0.0,80.8,65.3,222,79.3,session,"Session - Jul 16, 2026 2:18:16 PM",2026-07-16 02:18:16 PM 2:18:16 PM,01:26:09,,,,Enter Notes
2026-07-16 02:44:19 PM,79.2,69.4,62.2,29.02,850,29.02,0.0,80.8,65.2,222,79.2,session,"Session - Jul 16, 2026 2:18:16 PM",2026-07-16 02:18:16 PM 2:18:16 PM,01:26:09,,,,Enter Notes
2026-07-16 02:44:24 PM,79.1,69.3,62.1,29.02,850,29.02,0.0,80.4,65.0,222,79.0,session,"Session - Jul 16, 2026 2:18:16 PM",2026-07-16 02:18:16 PM 2:18:16 PM,01:26:09,,,,Enter Notes
2026-07-16 02:44:29 PM,79.2,69.4,62.1,29.01,855,29.02,0.0,80.8,65.1,222,79.2,session,"Session - Jul 16, 2026 2:18:16 PM",2026-07-16 02:18:16 PM 2:18:16 PM,01:26:09,,,,Enter Notes
2026-07-16 02:44:34 PM,79.2,69.4,62.1,29.02,853,29.02,0.0,80.8,65.1,222,79.2,session,"Session - Jul 16, 2026 2:18:16 PM",2026-07-16 02:18:16 PM 2:18:16 PM,01:26:09,,,,Enter Notes
2026-07-16 02:44:39 PM,79.2,69.4,62.1,29.02,853,29.02,0.0,80.8,65.1,222,79.2,session,"Session - Jul 16, 2026 2:18:16 PM",2026-07-16 02:18:16 PM 2:18:16 PM,01:26:09,,,,Enter Notes
2026-07-16 02:44:44 PM,79.2,69.4,62.1,29.02,853,29.02,0.0,80.8,65.1,222,79.2,session,"Session - Jul 16, 2026 2:18:16 PM",2026-07-16 02:18:16 PM 2:18:16 PM,01:26:09,,,,Enter Notes
2026-07-16 02:44:49 PM,79.2,69.4,62.2,29.01,855,29.02,0.0,80.8,65.1,222,79.2,session,"Session - Jul 16, 2026 2:18:16 PM",2026-07-16 02:18:16 PM 2:18:16 PM,01:26:09,,,,Enter Notes
2026-07-16 02:44:54 PM,79.2,69.4,62.2,29.02,853,29.02,0.0,80.8,65.1,222,79.2,session,"Session - Jul 16, 2026 2:18:16 PM",2026-07-16 02:18:16 PM 2:18:16 PM,01:26:09,,,,Enter Notes
2026-07-16 02:44:59 PM,79.2,69.4,62.2,29.02,850,29.02,0.0,80.8,65.1,222,79.2,session,"Session - Jul 16, 2026 2:18:16 PM",2026-07-16 02:18:16 PM 2:18:16 PM,01:26:09,,,,Enter Notes
2026-07-16 02:45:04 PM,79.2,69.4,62.2,29.02,850,29.02,0.0,80.8,65.1,222,79.2,session,"Session - Jul 16, 2026 2:18:16 PM",2026-07-16 02:18:16 PM 2:18:16 PM,01:26:09,,,,Enter Notes
2026-07-16 02:45:09 PM,79.2,69.4,62.2,29.02,850,29.02,0.0,80.8,65.2,222,79.2,session,"Session - Jul 16, 2026 2:18:16 PM",2026-07-16 02:18:16 PM 2:18:16 PM,01:26:09,,,,Enter Notes
2026-07-16 02:45:14 PM,79.2,69.4,62.2,29.02,850,29.02,0.0,80.8,65.1,222,79.2,session,"Session - Jul 16, 2026 2:18:16 PM",2026-07-16 02:18:16 PM 2:18:16 PM,01:26:09,,,,Enter Notes
2026-07-16 02:45:19 PM,79.2,69.4,62.2,29.02,853,29.02,0.0,80.8,65.1,222,79.2,session,"Session - Jul 16, 2026 2:18:16 PM",2026-07-16 02:18:16 PM 2:18:16 PM,01:26:09,,,,Enter Notes
2026-07-16 02:45:24 PM,79.1,69.4,62.2,29.02,850,29.02,0.0,80.4,65.1,222,79.0,session,"Session - Jul 16, 2026 2:18:16 PM",2026-07-16 02:18:16 PM 2:18:16 PM,01:26:09,,,,Enter Notes
2026-07-16 02:45:29 PM,79.1,69.4,62.2,29.01,853,29.02,0.0,80.4,65.1,222,79.0,session,"Session - Jul 16, 2026 2:18:16 PM",2026-07-16 02:18:16 PM 2:18:16 PM,01:26:09,,,,Enter Notes
2026-07-16 02:45:34 PM,79.2,69.4,62.1,29.02,853,29.02,0.0,80.8,65.1,222,79.2,session,"Session - Jul 16, 2026 2:18:16 PM",2026-07-16 02:18:16 PM 2:18:16 PM,01:26:09,,,,Enter Notes
2026-07-16 02:45:39 PM,79.1,69.4,62.1,29.02,853,29.02,0.0,80.4,65.0,222,79.0,session,"Session - Jul 16, 2026 2:18:16 PM",2026-07-16 02:18:16 PM 2:18:16 PM,01:26:09,,,,Enter Notes
2026-07-16 02:45:44 PM,79.1,69.4,62.1,29.02,853,29.02,0.0,80.4,65.0,222,79.0,session,"Session - Jul 16, 2026 2:18:16 PM",2026-07-16 02:18:16 PM 2:18:16 PM,01:26:09,,,,Enter Notes
2026-07-16 02:45:49 PM,79.1,69.3,62.0,29.02,853,29.02,0.0,80.4,64.9,222,79.0,session,"Session - Jul 16, 2026 2:18:16 PM",2026-07-16 02:18:16 PM 2:18:16 PM,01:26:09,,,,Enter Notes
2026-07-16 02:45:54 PM,79.1,69.3,62.0,29.02,853,29.02,0.0,80.4,64.9,222,79.0,session,"Session - Jul 16, 2026 2:18:16 PM",2026-07-16 02:18:16 PM 2:18:16 PM,01:26:09,,,,Enter Notes
2026-07-16 02:45:59 PM,79.0,69.3,61.9,29.02,850,29.02,0.0,80.4,64.9,222,79.0,session,"Session - Jul 16, 2026 2:18:16 PM",2026-07-16 02:18:16 PM 2:18:16 PM,01:26:09,,,,Enter Notes
2026-07-16 02:46:04 PM,78.9,69.1,61.9,29.02,847,29.02,0.0,80.1,64.8,222,78.8,session,"Session - Jul 16, 2026 2:18:16 PM",2026-07-16 02:18:16 PM 2:18:16 PM,01:26:09,,,,Enter Notes
2026-07-16 02:46:09 PM,79.0,69.3,61.9,29.02,850,29.02,0.0,80.4,64.8,222,79.0,session,"Session - Jul 16, 2026 2:18:16 PM",2026-07-16 02:18:16 PM 2:18:16 PM,01:26:09,,,,Enter Notes
2026-07-16 02:46:14 PM,79.0,69.1,61.9,29.02,850,29.02,0.0,80.1,64.8,222,79.0,session,"Session - Jul 16, 2026 2:18:16 PM",2026-07-16 02:18:16 PM 2:18:16 PM,01:26:09,,,,Enter Notes
2026-07-16 02:46:19 PM,78.9,69.1,61.8,29.02,850,29.02,0.0,80.1,64.7,222,78.8,session,"Session - Jul 16, 2026 2:18:16 PM",2026-07-16 02:18:16 PM 2:18:16 PM,01:26:09,,,,Enter Notes
2026-07-16 02:46:24 PM,78.9,69.1,61.8,29.02,850,29.02,0.0,80.1,64.7,222,78.8,session,"Session - Jul 16, 2026 2:18:16 PM",2026-07-16 02:18:16 PM 2:18:16 PM,01:26:09,,,,Enter Notes
2026-07-16 02:46:29 PM,78.9,69.1,61.8,29.02,853,29.02,0.0,80.1,64.7,222,78.8,session,"Session - Jul 16, 2026 2:18:16 PM",2026-07-16 02:18:16 PM 2:18:16 PM,01:26:09,,,,Enter Notes
2026-07-16 02:46:34 PM,78.9,69.1,61.7,29.02,853,29.02,0.0,80.1,64.6,222,78.8,session,"Session - Jul 16, 2026 2:18:16 PM",2026-07-16 02:18:16 PM 2:18:16 PM,01:26:09,,,,Enter Notes
2026-07-16 02:46:39 PM,78.8,69.1,61.8,29.02,847,29.02,0.0,80.1,64.6,222,78.8,session,"Session - Jul 16, 2026 2:18:16 PM",2026-07-16 02:18:16 PM 2:18:16 PM,01:26:09,,,,Enter Notes
2026-07-16 02:46:44 PM,78.9,69.1,61.7,29.02,850,29.02,0.0,80.1,64.6,222,78.8,session,"Session - Jul 16, 2026 2:18:16 PM",2026-07-16 02:18:16 PM 2:18:16 PM,01:26:09,,,,Enter Notes
2026-07-16 02:46:49 PM,78.8,69.1,61.8,29.02,850,29.02,0.0,80.1,64.6,222,78.8,session,"Session - Jul 16, 2026 2:18:16 PM",2026-07-16 02:18:16 PM 2:18:16 PM,01:26:09,,,,Enter Notes
2026-07-16 02:46:54 PM,78.8,69.1,61.8,29.02,850,29.02,0.0,80.1,64.6,222,78.8,session,"Session - Jul 16, 2026 2:18:16 PM",2026-07-16 02:18:16 PM 2:18:16 PM,01:26:09,,,,Enter Notes
2026-07-16 02:46:59 PM,78.8,69.1,61.9,29.02,850,29.02,0.0,80.1,64.6,222,78.8,session,"Session - Jul 16, 2026 2:18:16 PM",2026-07-16 02:18:16 PM 2:18:16 PM,01:26:09,,,,Enter Notes
2026-07-16 02:47:04 PM,78.9,69.1,61.9,29.02,853,29.02,0.0,80.1,64.7,222,78.8,session,"Session - Jul 16, 2026 2:18:16 PM",2026-07-16 02:18:16 PM 2:18:16 PM,01:26:09,,,,Enter Notes
2026-07-16 02:47:09 PM,78.8,69.1,61.9,29.02,850,29.02,0.0,80.1,64.6,222,78.8,session,"Session - Jul 16, 2026 2:18:16 PM",2026-07-16 02:18:16 PM 2:18:16 PM,01:26:09,,,,Enter Notes
2026-07-16 02:47:14 PM,78.8,69.1,61.9,29.02,850,29.02,0.0,80.1,64.6,222,78.8,session,"Session - Jul 16, 2026 2:18:16 PM",2026-07-16 02:18:16 PM 2:18:16 PM,01:26:09,,,,Enter Notes
2026-07-16 02:47:19 PM,78.9,69.1,61.9,29.02,850,29.02,0.0,80.1,64.7,222,78.8,session,"Session - Jul 16, 2026 2:18:16 PM",2026-07-16 02:18:16 PM 2:18:16 PM,01:26:09,,,,Enter Notes
2026-07-16 02:47:24 PM,78.8,69.1,62.0,29.02,850,29.02,0.0,80.1,64.7,222,78.8,session,"Session - Jul 16, 2026 2:18:16 PM",2026-07-16 02:18:16 PM 2:18:16 PM,01:26:09,,,,Enter Notes
2026-07-16 02:47:29 PM,78.8,69.1,61.9,29.02,850,29.02,0.0,80.1,64.6,222,78.8,session,"Session - Jul 16, 2026 2:18:16 PM",2026-07-16 02:18:16 PM 2:18:16 PM,01:26:09,,,,Enter Notes
2026-07-16 02:47:34 PM,78.8,69.1,61.8,29.02,850,29.02,0.0,80.1,64.6,222,78.8,session,"Session - Jul 16, 2026 2:18:16 PM",2026-07-16 02:18:16 PM 2:18:16 PM,01:26:09,,,,Enter Notes
2026-07-16 02:47:39 PM,78.8,69.1,61.8,29.02,850,29.02,0.0,80.1,64.6,222,78.8,session,"Session - Jul 16, 2026 2:18:16 PM",2026-07-16 02:18:16 PM 2:18:16 PM,01:26:09,,,,Enter Notes
2026-07-16 02:47:44 PM,78.6,68.7,61.8,29.02,850,29.02,0.0,79.5,64.4,222,78.6,session,"Session - Jul 16, 2026 2:18:16 PM",2026-07-16 02:18:16 PM 2:18:16 PM,01:26:09,,,,Enter Notes
2026-07-16 02:47:49 PM,78.8,69.1,61.9,29.02,850,29.02,0.0,79.9,64.6,222,78.6,session,"Session - Jul 16, 2026 2:18:16 PM",2026-07-16 02:18:16 PM 2:18:16 PM,01:26:09,,,,Enter Notes
2026-07-16 02:47:54 PM,78.7,69.1,61.8,29.02,850,29.02,0.0,79.9,64.5,222,78.6,session,"Session - Jul 16, 2026 2:18:16 PM",2026-07-16 02:18:16 PM 2:18:16 PM,01:26:09,,,,Enter Notes
2026-07-16 02:47:59 PM,78.7,69.1,61.8,29.02,850,29.02,0.0,79.9,64.5,222,78.6,session,"Session - Jul 16, 2026 2:18:16 PM",2026-07-16 02:18:16 PM 2:18:16 PM,01:26:09,,,,Enter Notes
2026-07-16 02:48:04 PM,78.7,69.1,61.8,29.02,853,29.02,0.0,79.9,64.5,222,78.6,session,"Session - Jul 16, 2026 2:18:16 PM",2026-07-16 02:18:16 PM 2:18:16 PM,01:26:09,,,,Enter Notes
2026-07-16 02:48:09 PM,78.7,69.1,61.8,29.01,853,29.02,0.0,79.9,64.5,222,78.6,session,"Session - Jul 16, 2026 2:18:16 PM",2026-07-16 02:18:16 PM 2:18:16 PM,01:26:09,,,,Enter Notes
2026-07-16 02:48:14 PM,78.7,68.7,61.8,29.02,853,29.02,0.0,79.9,64.4,222,78.6,session,"Session - Jul 16, 2026 2:18:16 PM",2026-07-16 02:18:16 PM 2:18:16 PM,01:26:09,,,,Enter Notes
2026-07-16 02:48:19 PM,78.7,68.7,61.8,29.02,850,29.02,0.0,79.9,64.5,222,78.6,session,"Session - Jul 16, 2026 2:18:16 PM",2026-07-16 02:18:16 PM 2:18:16 PM,01:26:09,,,,Enter Notes
2026-07-16 02:48:24 PM,78.7,68.7,61.8,29.02,853,29.02,0.0,79.9,64.5,222,78.6,session,"Session - Jul 16, 2026 2:18:16 PM",2026-07-16 02:18:16 PM 2:18:16 PM,01:26:09,,,,Enter Notes
2026-07-16 02:48:29 PM,78.7,69.1,61.8,29.02,853,29.02,0.0,79.9,64.5,222,78.6,session,"Session - Jul 16, 2026 2:18:16 PM",2026-07-16 02:18:16 PM 2:18:16 PM,01:26:09,,,,Enter Notes
2026-07-16 02:48:34 PM,78.6,68.7,61.8,29.02,853,29.02,0.0,79.5,64.4,222,78.4,session,"Session - Jul 16, 2026 2:18:16 PM",2026-07-16 02:18:16 PM 2:18:16 PM,01:26:09,,,,Enter Notes
2026-07-16 02:48:39 PM,78.7,69.1,61.8,29.02,850,29.02,0.0,79.9,64.5,222,78.6,session,"Session - Jul 16, 2026 2:18:16 PM",2026-07-16 02:18:16 PM 2:18:16 PM,01:26:09,,,,Enter Notes
2026-07-16 02:48:44 PM,78.7,68.7,61.8,29.02,853,29.02,0.0,79.9,64.5,222,78.6,session,"Session - Jul 16, 2026 2:18:16 PM",2026-07-16 02:18:16 PM 2:18:16 PM,01:26:09,,,,Enter Notes
2026-07-16 02:48:49 PM,78.7,68.7,61.8,29.02,850,29.02,0.0,79.9,64.5,222,78.6,session,"Session - Jul 16, 2026 2:18:16 PM",2026-07-16 02:18:16 PM 2:18:16 PM,01:26:09,,,,Enter Notes
2026-07-16 02:48:54 PM,78.5,68.7,61.7,29.02,850,29.02,0.0,79.5,64.3,222,78.4,session,"Session - Jul 16, 2026 2:18:16 PM",2026-07-16 02:18:16 PM 2:18:16 PM,01:26:09,,,,Enter Notes
2026-07-16 02:48:59 PM,78.7,68.7,61.7,29.02,850,29.02,0.0,79.9,64.4,222,78.6,session,"Session - Jul 16, 2026 2:18:16 PM",2026-07-16 02:18:16 PM 2:18:16 PM,01:26:09,,,,Enter Notes
2026-07-16 02:49:04 PM,78.7,68.7,61.6,29.02,850,29.02,0.0,79.9,64.4,222,78.6,session,"Session - Jul 16, 2026 2:18:16 PM",2026-07-16 02:18:16 PM 2:18:16 PM,01:26:09,,,,Enter Notes
2026-07-16 02:49:09 PM,78.6,68.7,61.6,29.02,853,29.02,0.0,79.9,64.3,222,78.6,session,"Session - Jul 16, 2026 2:18:16 PM",2026-07-16 02:18:16 PM 2:18:16 PM,01:26:09,,,,Enter Notes
2026-07-16 02:49:14 PM,78.4,68.7,61.6,29.02,853,29.02,0.0,79.3,64.1,222,78.4,session,"Session - Jul 16, 2026 2:18:16 PM",2026-07-16 02:18:16 PM 2:18:16 PM,01:26:09,,,,Enter Notes
2026-07-16 02:49:19 PM,78.6,68.7,61.6,29.02,853,29.02,0.0,79.5,64.3,222,78.4,session,"Session - Jul 16, 2026 2:18:16 PM",2026-07-16 02:18:16 PM 2:18:16 PM,01:26:09,,,,Enter Notes
2026-07-16 02:49:24 PM,78.6,68.7,61.5,29.02,853,29.02,0.0,79.5,64.3,222,78.4,session,"Session - Jul 16, 2026 2:18:16 PM",2026-07-16 02:18:16 PM 2:18:16 PM,01:26:09,,,,Enter Notes
2026-07-16 02:49:29 PM,78.6,68.7,61.5,29.01,855,29.02,0.0,79.5,64.2,222,78.4,session,"Session - Jul 16, 2026 2:18:16 PM",2026-07-16 02:18:16 PM 2:18:16 PM,01:26:09,,,,Enter Notes
2026-07-16 02:49:34 PM,78.6,68.7,61.5,29.02,853,29.02,0.0,79.5,64.3,222,78.4,session,"Session - Jul 16, 2026 2:18:16 PM",2026-07-16 02:18:16 PM 2:18:16 PM,01:26:09,,,,Enter Notes
2026-07-16 02:49:39 PM,78.6,68.7,61.5,29.02,850,29.02,0.0,79.5,64.2,222,78.4,session,"Session - Jul 16, 2026 2:18:16 PM",2026-07-16 02:18:16 PM 2:18:16 PM,01:26:09,,,,Enter Notes
2026-07-16 02:49:44 PM,78.6,68.7,61.5,29.01,853,29.02,0.0,79.5,64.2,222,78.4,session,"Session - Jul 16, 2026 2:18:16 PM",2026-07-16 02:18:16 PM 2:18:16 PM,01:26:09,,,,Enter Notes
2026-07-16 02:49:49 PM,78.6,68.7,61.5,29.02,853,29.02,0.0,79.5,64.2,222,78.4,session,"Session - Jul 16, 2026 2:18:16 PM",2026-07-16 02:18:16 PM 2:18:16 PM,01:26:09,,,,Enter Notes
2026-07-16 02:49:54 PM,78.5,68.7,61.5,29.02,853,29.02,0.0,79.5,64.2,222,78.4,session,"Session - Jul 16, 2026 2:18:16 PM",2026-07-16 02:18:16 PM 2:18:16 PM,01:26:09,,,,Enter Notes
2026-07-16 02:49:59 PM,78.5,68.7,61.5,29.02,853,29.02,0.0,79.5,64.2,222,78.4,session,"Session - Jul 16, 2026 2:18:16 PM",2026-07-16 02:18:16 PM 2:18:16 PM,01:26:09,,,,Enter Notes
2026-07-16 02:50:04 PM,78.5,68.7,61.5,29.01,853,29.02,0.0,79.5,64.2,222,78.4,session,"Session - Jul 16, 2026 2:18:16 PM",2026-07-16 02:18:16 PM 2:18:16 PM,01:26:09,,,,Enter Notes
2026-07-16 02:50:09 PM,78.5,68.7,61.5,29.02,850,29.02,0.0,79.5,64.1,222,78.4,session,"Session - Jul 16, 2026 2:18:16 PM",2026-07-16 02:18:16 PM 2:18:16 PM,01:26:09,,,,Enter Notes
2026-07-16 02:50:14 PM,78.5,68.7,61.5,29.02,850,29.02,0.0,79.5,64.1,222,78.4,session,"Session - Jul 16, 2026 2:18:16 PM",2026-07-16 02:18:16 PM 2:18:16 PM,01:26:09,,,,Enter Notes
2026-07-16 02:50:19 PM,78.4,68.5,61.5,29.02,850,29.02,0.0,79.2,64.1,222,78.4,session,"Session - Jul 16, 2026 2:18:16 PM",2026-07-16 02:18:16 PM 2:18:16 PM,01:26:09,,,,Enter Notes
2026-07-16 02:50:24 PM,78.4,68.5,61.5,29.02,853,29.02,0.0,79.2,64.1,222,78.3,session,"Session - Jul 16, 2026 2:18:16 PM",2026-07-16 02:18:16 PM 2:18:16 PM,01:26:09,,,,Enter Notes
2026-07-16 02:50:29 PM,78.4,68.5,61.5,29.02,853,29.02,0.0,79.2,64.1,222,78.3,session,"Session - Jul 16, 2026 2:18:16 PM",2026-07-16 02:18:16 PM 2:18:16 PM,01:26:09,,,,Enter Notes
2026-07-16 02:50:34 PM,78.4,68.5,61.5,29.02,850,29.02,0.0,79.2,64.1,222,78.3,session,"Session - Jul 16, 2026 2:18:16 PM",2026-07-16 02:18:16 PM 2:18:16 PM,01:26:09,,,,Enter Notes
2026-07-16 02:50:39 PM,78.4,68.5,61.5,29.02,850,29.02,0.0,79.2,64.1,222,78.3,session,"Session - Jul 16, 2026 2:18:16 PM",2026-07-16 02:18:16 PM 2:18:16 PM,01:26:09,,,,Enter Notes
2026-07-16 02:50:44 PM,78.4,68.5,61.4,29.02,853,29.02,0.0,79.2,64.0,222,78.3,session,"Session - Jul 16, 2026 2:18:16 PM",2026-07-16 02:18:16 PM 2:18:16 PM,01:26:09,,,,Enter Notes
2026-07-16 02:50:49 PM,78.3,68.5,61.4,29.02,850,29.02,0.0,79.2,64.0,222,78.3,session,"Session - Jul 16, 2026 2:18:16 PM",2026-07-16 02:18:16 PM 2:18:16 PM,01:26:09,,,,Enter Notes
2026-07-16 02:50:54 PM,78.3,68.5,61.4,29.02,850,29.02,0.0,79.2,64.0,222,78.3,session,"Session - Jul 16, 2026 2:18:16 PM",2026-07-16 02:18:16 PM 2:18:16 PM,01:26:09,,,,Enter Notes
2026-07-16 02:50:59 PM,78.3,68.5,61.5,29.02,850,29.02,0.0,79.2,64.0,222,78.3,session,"Session - Jul 16, 2026 2:18:16 PM",2026-07-16 02:18:16 PM 2:18:16 PM,01:26:09,,,,Enter Notes
2026-07-16 02:51:04 PM,78.3,68.5,61.5,29.02,850,29.02,0.0,79.2,64.0,222,78.3,session,"Session - Jul 16, 2026 2:18:16 PM",2026-07-16 02:18:16 PM 2:18:16 PM,01:26:09,,,,Enter Notes
2026-07-16 02:51:09 PM,78.2,68.4,61.5,29.02,850,29.02,0.0,79.0,63.8,222,78.1,session,"Session - Jul 16, 2026 2:18:16 PM",2026-07-16 02:18:16 PM 2:18:16 PM,01:26:09,,,,Enter Notes
2026-07-16 02:51:14 PM,78.3,68.5,61.5,29.02,853,29.02,0.0,79.3,64.0,222,78.3,session,"Session - Jul 16, 2026 2:18:16 PM",2026-07-16 02:18:16 PM 2:18:16 PM,01:26:09,,,,Enter Notes
2026-07-16 02:51:19 PM,78.3,68.5,61.5,29.02,853,29.02,0.0,79.3,64.0,222,78.3,session,"Session - Jul 16, 2026 2:18:16 PM",2026-07-16 02:18:16 PM 2:18:16 PM,01:26:09,,,,Enter Notes
2026-07-16 02:51:24 PM,78.3,68.5,61.5,29.01,853,29.02,0.0,79.3,64.0,222,78.3,session,"Session - Jul 16, 2026 2:18:16 PM",2026-07-16 02:18:16 PM 2:18:16 PM,01:26:09,,,,Enter Notes
2026-07-16 02:51:29 PM,78.3,68.5,61.4,29.02,850,29.02,0.0,79.2,64.0,222,78.3,session,"Session - Jul 16, 2026 2:18:16 PM",2026-07-16 02:18:16 PM 2:18:16 PM,01:26:09,,,,Enter Notes
2026-07-16 02:51:34 PM,78.3,68.5,61.4,29.02,850,29.02,0.0,79.2,64.0,222,78.3,session,"Session - Jul 16, 2026 2:18:16 PM",2026-07-16 02:18:16 PM 2:18:16 PM,01:26:09,,,,Enter Notes
2026-07-16 02:51:39 PM,78.3,68.4,61.4,29.02,853,29.02,0.0,79.2,63.9,222,78.3,session,"Session - Jul 16, 2026 2:18:16 PM",2026-07-16 02:18:16 PM 2:18:16 PM,01:26:09,,,,Enter Notes
2026-07-16 02:51:44 PM,78.3,68.4,61.3,29.02,853,29.02,0.0,79.2,63.9,222,78.3,session,"Session - Jul 16, 2026 2:18:16 PM",2026-07-16 02:18:16 PM 2:18:16 PM,01:26:09,,,,Enter Notes
2026-07-16 02:51:49 PM,78.3,68.4,61.3,29.02,853,29.02,0.0,79.2,63.8,222,78.3,session,"Session - Jul 16, 2026 2:18:16 PM",2026-07-16 02:18:16 PM 2:18:16 PM,01:26:09,,,,Enter Notes
2026-07-16 02:51:54 PM,78.3,68.4,61.2,29.02,853,29.02,0.0,79.2,63.8,222,78.3,session,"Session - Jul 16, 2026 2:18:16 PM",2026-07-16 02:18:16 PM 2:18:16 PM,01:26:09,,,,Enter Notes
2026-07-16 02:51:59 PM,78.2,68.2,61.1,29.01,853,29.02,0.0,78.8,63.8,222,78.1,session,"Session - Jul 16, 2026 2:18:16 PM",2026-07-16 02:18:16 PM 2:18:16 PM,01:26:09,,,,Enter Notes
2026-07-16 02:52:04 PM,78.2,68.2,61.1,29.02,853,29.02,0.0,78.8,63.7,222,78.1,session,"Session - Jul 16, 2026 2:18:16 PM",2026-07-16 02:18:16 PM 2:18:16 PM,01:26:09,,,,Enter Notes
2026-07-16 02:52:09 PM,78.4,68.4,61.0,29.02,853,29.02,0.0,79.2,63.8,222,78.3,session,"Session - Jul 16, 2026 2:18:16 PM",2026-07-16 02:18:16 PM 2:18:16 PM,01:26:09,,,,Enter Notes
2026-07-16 02:52:14 PM,78.2,68.2,61.1,29.02,850,29.02,0.0,78.8,63.7,222,78.1,session,"Session - Jul 16, 2026 2:18:16 PM",2026-07-16 02:18:16 PM 2:18:16 PM,01:26:09,,,,Enter Notes
2026-07-16 02:52:19 PM,78.2,68.2,61.1,29.02,850,29.02,0.0,78.8,63.7,222,78.1,session,"Session - Jul 16, 2026 2:18:16 PM",2026-07-16 02:18:16 PM 2:18:16 PM,01:26:09,,,,Enter Notes
2026-07-16 02:52:24 PM,78.2,68.2,61.2,29.02,853,29.02,0.0,78.8,63.7,222,78.1,session,"Session - Jul 16, 2026 2:18:16 PM",2026-07-16 02:18:16 PM 2:18:16 PM,01:26:09,,,,Enter Notes
2026-07-16 02:52:29 PM,78.2,68.2,61.2,29.02,853,29.02,0.0,78.8,63.8,222,78.1,session,"Session - Jul 16, 2026 2:18:16 PM",2026-07-16 02:18:16 PM 2:18:16 PM,01:26:09,,,,Enter Notes
2026-07-16 02:52:34 PM,78.1,68.2,61.3,29.02,850,29.02,0.0,78.8,63.7,222,78.1,session,"Session - Jul 16, 2026 2:18:16 PM",2026-07-16 02:18:16 PM 2:18:16 PM,01:26:09,,,,Enter Notes
2026-07-16 02:52:39 PM,78.1,68.2,61.3,29.02,853,29.02,0.0,78.8,63.7,222,78.1,session,"Session - Jul 16, 2026 2:18:16 PM",2026-07-16 02:18:16 PM 2:18:16 PM,01:26:09,,,,Enter Notes
2026-07-16 02:52:44 PM,78.1,68.2,61.3,29.02,853,29.02,0.0,78.8,63.7,222,78.1,session,"Session - Jul 16, 2026 2:18:16 PM",2026-07-16 02:18:16 PM 2:18:16 PM,01:26:09,,,,Enter Notes
2026-07-16 02:52:49 PM,78.2,68.2,61.3,29.02,853,29.02,0.0,78.8,63.7,222,78.1,session,"Session - Jul 16, 2026 2:18:16 PM",2026-07-16 02:18:16 PM 2:18:16 PM,01:26:09,,,,Enter Notes
2026-07-16 02:52:54 PM,78.3,68.4,61.3,29.02,853,29.02,0.0,79.2,63.9,222,78.3,session,"Session - Jul 16, 2026 2:18:16 PM",2026-07-16 02:18:16 PM 2:18:16 PM,01:26:09,,,,Enter Notes
2026-07-16 02:52:59 PM,78.1,68.2,61.3,29.02,853,29.02,0.0,78.8,63.7,222,78.1,session,"Session - Jul 16, 2026 2:18:16 PM",2026-07-16 02:18:16 PM 2:18:16 PM,01:26:09,,,,Enter Notes
2026-07-16 02:53:04 PM,78.1,68.2,61.2,29.02,853,29.02,0.0,78.8,63.7,222,78.1,session,"Session - Jul 16, 2026 2:18:16 PM",2026-07-16 02:18:16 PM 2:18:16 PM,01:26:09,,,,Enter Notes
2026-07-16 02:53:09 PM,78.0,68.0,61.1,29.01,855,29.02,0.0,78.6,63.6,222,77.9,session,"Session - Jul 16, 2026 2:18:16 PM",2026-07-16 02:18:16 PM 2:18:16 PM,01:26:09,,,,Enter Notes
2026-07-16 02:53:14 PM,78.0,68.0,61.1,29.01,853,29.02,0.0,78.6,63.5,222,77.9,session,"Session - Jul 16, 2026 2:18:16 PM",2026-07-16 02:18:16 PM 2:18:16 PM,01:26:09,,,,Enter Notes
2026-07-16 02:53:19 PM,78.0,68.0,61.0,29.02,850,29.02,0.0,78.6,63.5,222,77.9,session,"Session - Jul 16, 2026 2:18:16 PM",2026-07-16 02:18:16 PM 2:18:16 PM,01:26:09,,,,Enter Notes
2026-07-16 02:53:24 PM,78.1,68.0,61.0,29.02,847,29.02,0.0,78.8,63.6,222,78.1,session,"Session - Jul 16, 2026 2:18:16 PM",2026-07-16 02:18:16 PM 2:18:16 PM,01:26:09,,,,Enter Notes
2026-07-16 02:53:29 PM,78.1,68.0,61.1,29.02,850,29.02,0.0,78.8,63.6,222,78.1,session,"Session - Jul 16, 2026 2:18:16 PM",2026-07-16 02:18:16 PM 2:18:16 PM,01:26:09,,,,Enter Notes
2026-07-16 02:53:34 PM,78.1,68.0,61.0,29.02,850,29.02,0.0,78.8,63.6,222,78.1,session,"Session - Jul 16, 2026 2:18:16 PM",2026-07-16 02:18:16 PM 2:18:16 PM,01:26:09,,,,Enter Notes
2026-07-16 02:53:39 PM,78.1,68.0,61.1,29.02,853,29.02,0.0,78.8,63.6,222,78.1,session,"Session - Jul 16, 2026 2:18:16 PM",2026-07-16 02:18:16 PM 2:18:16 PM,01:26:09,,,,Enter Notes
2026-07-16 02:53:44 PM,78.0,68.0,61.1,29.02,853,29.02,0.0,78.6,63.6,222,77.9,session,"Session - Jul 16, 2026 2:18:16 PM",2026-07-16 02:18:16 PM 2:18:16 PM,01:26:09,,,,Enter Notes
2026-07-16 02:53:49 PM,78.0,68.0,61.1,29.02,853,29.02,0.0,78.6,63.6,222,77.9,session,"Session - Jul 16, 2026 2:18:16 PM",2026-07-16 02:18:16 PM 2:18:16 PM,01:26:09,,,,Enter Notes
2026-07-16 02:53:54 PM,78.0,68.0,61.1,29.02,853,29.02,0.0,78.6,63.6,222,77.9,session,"Session - Jul 16, 2026 2:18:16 PM",2026-07-16 02:18:16 PM 2:18:16 PM,01:26:09,,,,Enter Notes
2026-07-16 02:53:59 PM,78.0,68.0,61.1,29.02,853,29.02,0.0,78.6,63.5,222,77.9,session,"Session - Jul 16, 2026 2:18:16 PM",2026-07-16 02:18:16 PM 2:18:16 PM,01:26:09,,,,Enter Notes
2026-07-16 02:54:04 PM,78.0,68.0,61.1,29.02,850,29.02,0.0,78.6,63.5,222,77.9,session,"Session - Jul 16, 2026 2:18:16 PM",2026-07-16 02:18:16 PM 2:18:16 PM,01:26:09,,,,Enter Notes
2026-07-16 02:54:09 PM,78.0,68.0,61.1,29.02,847,29.02,0.0,78.6,63.5,222,77.9,session,"Session - Jul 16, 2026 2:18:16 PM",2026-07-16 02:18:16 PM 2:18:16 PM,01:26:09,,,,Enter Notes
2026-07-16 02:54:14 PM,78.0,68.0,61.1,29.01,853,29.02,0.0,78.6,63.5,222,77.9,session,"Session - Jul 16, 2026 2:18:16 PM",2026-07-16 02:18:16 PM 2:18:16 PM,01:26:09,,,,Enter Notes
2026-07-16 02:54:19 PM,78.0,68.0,61.1,29.02,853,29.02,0.0,78.6,63.5,222,77.9,session,"Session - Jul 16, 2026 2:18:16 PM",2026-07-16 02:18:16 PM 2:18:16 PM,01:26:09,,,,Enter Notes
2026-07-16 02:54:24 PM,78.0,68.0,61.1,29.02,850,29.02,0.0,78.6,63.5,222,77.9,session,"Session - Jul 16, 2026 2:18:16 PM",2026-07-16 02:18:16 PM 2:18:16 PM,01:26:09,,,,Enter Notes
2026-07-16 02:54:29 PM,77.9,68.0,61.1,29.01,853,29.02,0.0,78.3,63.4,222,77.7,session,"Session - Jul 16, 2026 2:18:16 PM",2026-07-16 02:18:16 PM 2:18:16 PM,01:26:09,,,,Enter Notes
2026-07-16 02:54:34 PM,78.0,68.0,61.1,29.01,853,29.02,0.0,78.6,63.5,222,77.9,session,"Session - Jul 16, 2026 2:18:16 PM",2026-07-16 02:18:16 PM 2:18:16 PM,01:26:09,,,,Enter Notes
2026-07-16 02:54:39 PM,78.0,68.0,61.1,29.02,853,29.02,0.0,78.6,63.5,222,77.9,session,"Session - Jul 16, 2026 2:18:16 PM",2026-07-16 02:18:16 PM 2:18:16 PM,01:26:09,,,,Enter Notes
2026-07-16 02:54:44 PM,78.0,68.0,61.1,29.02,853,29.02,0.0,78.6,63.5,222,77.9,session,"Session - Jul 16, 2026 2:18:16 PM",2026-07-16 02:18:16 PM 2:18:16 PM,01:26:09,,,,Enter Notes
2026-07-16 02:54:49 PM,78.0,68.0,61.0,29.01,855,29.02,0.0,78.6,63.4,222,77.9,session,"Session - Jul 16, 2026 2:18:16 PM",2026-07-16 02:18:16 PM 2:18:16 PM,01:26:09,,,,Enter Notes
2026-07-16 02:54:54 PM,78.0,68.0,61.0,29.02,853,29.02,0.0,78.6,63.5,222,77.9,session,"Session - Jul 16, 2026 2:18:16 PM",2026-07-16 02:18:16 PM 2:18:16 PM,01:26:09,,,,Enter Notes
2026-07-16 02:54:59 PM,77.9,68.0,61.1,29.02,853,29.02,0.0,78.6,63.4,222,77.9,session,"Session - Jul 16, 2026 2:18:16 PM",2026-07-16 02:18:16 PM 2:18:16 PM,01:26:09,,,,Enter Notes
2026-07-16 02:55:04 PM,77.9,68.0,61.1,29.02,853,29.02,0.0,78.3,63.4,222,77.7,session,"Session - Jul 16, 2026 2:18:16 PM",2026-07-16 02:18:16 PM 2:18:16 PM,01:26:09,,,,Enter Notes
2026-07-16 02:55:09 PM,77.9,68.0,61.2,29.01,855,29.02,0.0,78.6,63.5,222,77.9,session,"Session - Jul 16, 2026 2:18:16 PM",2026-07-16 02:18:16 PM 2:18:16 PM,01:26:09,,,,Enter Notes
2026-07-16 02:55:14 PM,77.9,68.0,61.2,29.02,853,29.02,0.0,78.3,63.4,222,77.7,session,"Session - Jul 16, 2026 2:18:16 PM",2026-07-16 02:18:16 PM 2:18:16 PM,01:26:09,,,,Enter Notes
2026-07-16 02:55:19 PM,77.9,68.0,61.3,29.02,853,29.02,0.0,78.6,63.5,222,77.9,session,"Session - Jul 16, 2026 2:18:16 PM",2026-07-16 02:18:16 PM 2:18:16 PM,01:26:09,,,,Enter Notes
2026-07-16 02:55:24 PM,77.9,68.0,61.4,29.02,853,29.02,0.0,78.3,63.5,222,77.7,session,"Session - Jul 16, 2026 2:18:16 PM",2026-07-16 02:18:16 PM 2:18:16 PM,01:26:09,,,,Enter Notes
2026-07-16 02:55:29 PM,77.9,68.0,61.4,29.02,850,29.02,0.0,78.3,63.5,222,77.7,session,"Session - Jul 16, 2026 2:18:16 PM",2026-07-16 02:18:16 PM 2:18:16 PM,01:26:09,,,,Enter Notes
2026-07-16 02:55:34 PM,77.9,68.0,61.4,29.01,853,29.02,0.0,78.6,63.6,222,77.9,session,"Session - Jul 16, 2026 2:18:16 PM",2026-07-16 02:18:16 PM 2:18:16 PM,01:26:09,,,,Enter Notes
2026-07-16 02:55:39 PM,77.9,68.0,61.4,29.02,850,29.02,0.0,78.3,63.5,222,77.7,session,"Session - Jul 16, 2026 2:18:16 PM",2026-07-16 02:18:16 PM 2:18:16 PM,01:26:09,,,,Enter Notes
2026-07-16 02:55:44 PM,77.9,68.0,61.4,29.02,853,29.02,0.0,78.3,63.5,222,77.7,session,"Session - Jul 16, 2026 2:18:16 PM",2026-07-16 02:18:16 PM 2:18:16 PM,01:26:09,,,,Enter Notes
2026-07-16 02:55:49 PM,77.9,68.0,61.4,29.02,853,29.02,0.0,78.3,63.5,222,77.7,session,"Session - Jul 16, 2026 2:18:16 PM",2026-07-16 02:18:16 PM 2:18:16 PM,01:26:09,,,,Enter Notes
2026-07-16 02:55:54 PM,77.9,68.0,61.4,29.02,853,29.02,0.0,78.3,63.5,222,77.7,session,"Session - Jul 16, 2026 2:18:16 PM",2026-07-16 02:18:16 PM 2:18:16 PM,01:26:09,,,,Enter Notes
2026-07-16 02:55:59 PM,78.0,68.2,61.5,29.01,853,29.02,0.0,78.6,63.7,222,77.9,session,"Session - Jul 16, 2026 2:18:16 PM",2026-07-16 02:18:16 PM 2:18:16 PM,01:26:09,,,,Enter Notes
2026-07-16 02:56:04 PM,77.8,68.0,61.5,29.01,853,29.02,0.0,78.3,63.5,222,77.7,session,"Session - Jul 16, 2026 2:18:16 PM",2026-07-16 02:18:16 PM 2:18:16 PM,01:26:09,,,,Enter Notes
2026-07-16 02:56:09 PM,78.0,68.2,61.5,29.01,853,29.02,0.0,78.6,63.7,222,77.9,session,"Session - Jul 16, 2026 2:18:16 PM",2026-07-16 02:18:16 PM 2:18:16 PM,01:26:09,,,,Enter Notes
2026-07-16 02:56:14 PM,77.7,68.0,61.4,29.02,850,29.02,0.0,78.1,63.4,222,77.5,session,"Session - Jul 16, 2026 2:18:16 PM",2026-07-16 02:18:16 PM 2:18:16 PM,01:26:09,,,,Enter Notes
2026-07-16 02:56:19 PM,77.9,68.0,61.4,29.01,853,29.02,0.0,78.3,63.5,222,77.7,session,"Session - Jul 16, 2026 2:18:16 PM",2026-07-16 02:18:16 PM 2:18:16 PM,01:26:09,,,,Enter Notes
2026-07-16 02:56:24 PM,77.8,68.0,61.4,29.02,853,29.02,0.0,78.3,63.5,222,77.7,session,"Session - Jul 16, 2026 2:18:16 PM",2026-07-16 02:18:16 PM 2:18:16 PM,01:26:09,,,,Enter Notes
2026-07-16 02:56:29 PM,77.8,68.0,61.3,29.02,850,29.02,0.0,78.3,63.4,222,77.7,session,"Session - Jul 16, 2026 2:18:16 PM",2026-07-16 02:18:16 PM 2:18:16 PM,01:26:09,,,,Enter Notes
2026-07-16 02:56:34 PM,77.8,68.0,61.3,29.02,850,29.02,0.0,78.3,63.4,222,77.7,session,"Session - Jul 16, 2026 2:18:16 PM",2026-07-16 02:18:16 PM 2:18:16 PM,01:26:09,,,,Enter Notes
2026-07-16 02:56:39 PM,77.9,68.0,61.3,29.02,853,29.02,0.0,78.3,63.5,222,77.7,session,"Session - Jul 16, 2026 2:18:16 PM",2026-07-16 02:18:16 PM 2:18:16 PM,01:26:09,,,,Enter Notes
2026-07-16 02:56:44 PM,77.8,68.0,61.3,29.01,855,29.02,0.0,78.3,63.4,222,77.7,session,"Session - Jul 16, 2026 2:18:16 PM",2026-07-16 02:18:16 PM 2:18:16 PM,01:26:09,,,,Enter Notes
2026-07-16 02:56:49 PM,78.0,68.2,61.3,29.02,853,29.02,0.0,78.6,63.6,222,77.9,session,"Session - Jul 16, 2026 2:18:16 PM",2026-07-16 02:18:16 PM 2:18:16 PM,01:26:09,,,,Enter Notes
2026-07-16 02:56:54 PM,77.8,68.0,61.3,29.01,853,29.02,0.0,78.3,63.4,222,77.7,session,"Session - Jul 16, 2026 2:18:16 PM",2026-07-16 02:18:16 PM 2:18:16 PM,01:26:09,,,,Enter Notes
2026-07-16 02:56:59 PM,77.8,68.0,61.3,29.01,855,29.02,0.0,78.3,63.4,222,77.7,session,"Session - Jul 16, 2026 2:18:16 PM",2026-07-16 02:18:16 PM 2:18:16 PM,01:26:09,,,,Enter Notes
2026-07-16 02:57:04 PM,77.8,68.0,61.3,29.02,853,29.02,0.0,78.3,63.4,222,77.7,session,"Session - Jul 16, 2026 2:18:16 PM",2026-07-16 02:18:16 PM 2:18:16 PM,01:26:09,,,,Enter Notes
2026-07-16 02:57:09 PM,77.8,68.0,61.3,29.02,853,29.02,0.0,78.3,63.4,222,77.7,session,"Session - Jul 16, 2026 2:18:16 PM",2026-07-16 02:18:16 PM 2:18:16 PM,01:26:09,,,,Enter Notes
2026-07-16 02:57:14 PM,77.8,68.0,61.3,29.01,853,29.02,0.0,78.3,63.4,222,77.7,session,"Session - Jul 16, 2026 2:18:16 PM",2026-07-16 02:18:16 PM 2:18:16 PM,01:26:09,,,,Enter Notes
2026-07-16 02:57:19 PM,77.8,68.0,61.2,29.01,853,29.02,0.0,78.3,63.4,222,77.7,session,"Session - Jul 16, 2026 2:18:16 PM",2026-07-16 02:18:16 PM 2:18:16 PM,01:26:09,,,,Enter Notes
2026-07-16 02:57:24 PM,77.7,68.0,61.3,29.02,853,29.02,0.0,78.3,63.3,222,77.7,session,"Session - Jul 16, 2026 2:18:16 PM",2026-07-16 02:18:16 PM 2:18:16 PM,01:26:09,,,,Enter Notes
2026-07-16 02:57:29 PM,77.8,68.0,61.3,29.01,855,29.02,0.0,78.3,63.4,222,77.7,session,"Session - Jul 16, 2026 2:18:16 PM",2026-07-16 02:18:16 PM 2:18:16 PM,01:26:09,,,,Enter Notes
2026-07-16 02:57:34 PM,77.8,68.0,61.3,29.02,853,29.02,0.0,78.3,63.4,222,77.7,session,"Session - Jul 16, 2026 2:18:16 PM",2026-07-16 02:18:16 PM 2:18:16 PM,01:26:09,,,,Enter Notes
2026-07-16 02:57:39 PM,77.8,68.0,61.4,29.02,853,29.02,0.0,78.3,63.4,222,77.7,session,"Session - Jul 16, 2026 2:18:16 PM",2026-07-16 02:18:16 PM 2:18:16 PM,01:26:09,,,,Enter Notes
2026-07-16 02:57:44 PM,77.8,68.0,61.4,29.01,855,29.02,0.0,78.3,63.4,222,77.7,session,"Session - Jul 16, 2026 2:18:16 PM",2026-07-16 02:18:16 PM 2:18:16 PM,01:26:09,,,,Enter Notes
2026-07-16 02:57:49 PM,77.8,68.0,61.4,29.01,853,29.02,0.0,78.3,63.4,222,77.7,session,"Session - Jul 16, 2026 2:18:16 PM",2026-07-16 02:18:16 PM 2:18:16 PM,01:26:09,,,,Enter Notes
2026-07-16 02:57:54 PM,77.9,68.0,61.5,29.01,855,29.02,0.0,78.3,63.6,222,77.7,session,"Session - Jul 16, 2026 2:18:16 PM",2026-07-16 02:18:16 PM 2:18:16 PM,01:26:09,,,,Enter Notes
2026-07-16 02:57:59 PM,77.8,68.0,61.6,29.01,855,29.02,0.0,78.4,63.5,222,77.7,session,"Session - Jul 16, 2026 2:18:16 PM",2026-07-16 02:18:16 PM 2:18:16 PM,01:26:09,,,,Enter Notes
2026-07-16 02:58:04 PM,77.7,68.0,61.6,29.02,853,29.02,0.0,78.4,63.5,222,77.7,session,"Session - Jul 16, 2026 2:18:16 PM",2026-07-16 02:18:16 PM 2:18:16 PM,01:26:09,,,,Enter Notes
2026-07-16 02:58:09 PM,77.7,68.0,61.6,29.01,855,29.02,0.0,78.4,63.5,222,77.7,session,"Session - Jul 16, 2026 2:18:16 PM",2026-07-16 02:18:16 PM 2:18:16 PM,01:26:09,,,,Enter Notes
2026-07-16 02:58:14 PM,77.7,68.0,61.6,29.02,853,29.02,0.0,78.3,63.4,222,77.5,session,"Session - Jul 16, 2026 2:18:16 PM",2026-07-16 02:18:16 PM 2:18:16 PM,01:26:09,,,,Enter Notes
2026-07-16 02:58:19 PM,77.7,68.0,61.6,29.02,853,29.02,0.0,78.3,63.4,222,77.5,session,"Session - Jul 16, 2026 2:18:16 PM",2026-07-16 02:18:16 PM 2:18:16 PM,01:26:09,,,,Enter Notes
2026-07-16 02:58:24 PM,77.6,68.0,61.5,29.01,855,29.02,0.0,78.3,63.4,222,77.5,session,"Session - Jul 16, 2026 2:18:16 PM",2026-07-16 02:18:16 PM 2:18:16 PM,01:26:09,,,,Enter Notes
2026-07-16 02:58:29 PM,77.6,68.0,61.5,29.01,855,29.02,0.0,78.3,63.4,222,77.5,session,"Session - Jul 16, 2026 2:18:16 PM",2026-07-16 02:18:16 PM 2:18:16 PM,01:26:09,,,,Enter Notes
2026-07-16 02:58:34 PM,77.6,67.8,61.6,29.01,858,29.01,0.0,78.3,63.3,222,77.5,session,"Session - Jul 16, 2026 2:18:16 PM",2026-07-16 02:18:16 PM 2:18:16 PM,01:26:09,,,,Enter Notes
2026-07-16 02:58:39 PM,77.6,68.0,61.7,29.01,855,29.02,0.0,78.3,63.5,222,77.5,session,"Session - Jul 16, 2026 2:18:16 PM",2026-07-16 02:18:16 PM 2:18:16 PM,01:26:09,,,,Enter Notes
2026-07-16 02:58:44 PM,77.6,68.0,61.8,29.02,853,29.02,0.0,78.3,63.5,222,77.5,session,"Session - Jul 16, 2026 2:18:16 PM",2026-07-16 02:18:16 PM 2:18:16 PM,01:26:09,,,,Enter Notes
2026-07-16 02:58:49 PM,77.6,68.0,61.9,29.01,853,29.02,0.0,78.3,63.5,222,77.5,session,"Session - Jul 16, 2026 2:18:16 PM",2026-07-16 02:18:16 PM 2:18:16 PM,01:26:09,,,,Enter Notes
2026-07-16 02:58:54 PM,77.8,68.0,61.9,29.01,853,29.02,0.0,78.4,63.7,222,77.7,session,"Session - Jul 16, 2026 2:18:16 PM",2026-07-16 02:18:16 PM 2:18:16 PM,01:26:09,,,,Enter Notes
2026-07-16 02:58:59 PM,77.7,68.0,61.9,29.01,853,29.02,0.0,78.3,63.6,222,77.5,session,"Session - Jul 16, 2026 2:18:16 PM",2026-07-16 02:18:16 PM 2:18:16 PM,01:26:09,,,,Enter Notes
2026-07-16 02:59:04 PM,77.6,68.0,61.8,29.02,853,29.02,0.0,78.3,63.5,222,77.5,session,"Session - Jul 16, 2026 2:18:16 PM",2026-07-16 02:18:16 PM 2:18:16 PM,01:26:09,,,,Enter Notes
2026-07-16 02:59:09 PM,77.7,68.0,61.8,29.01,855,29.02,0.0,78.3,63.5,222,77.5,session,"Session - Jul 16, 2026 2:18:16 PM",2026-07-16 02:18:16 PM 2:18:16 PM,01:26:09,,,,Enter Notes
2026-07-16 02:59:14 PM,77.6,68.0,61.8,29.01,853,29.02,0.0,78.3,63.5,222,77.5,session,"Session - Jul 16, 2026 2:18:16 PM",2026-07-16 02:18:16 PM 2:18:16 PM,01:26:09,,,,Enter Notes
2026-07-16 02:59:19 PM,77.5,67.8,61.8,29.01,853,29.02,0.0,77.9,63.4,222,77.5,session,"Session - Jul 16, 2026 2:18:16 PM",2026-07-16 02:18:16 PM 2:18:16 PM,01:26:09,,,,Enter Notes
2026-07-16 02:59:24 PM,77.6,68.0,61.8,29.01,855,29.02,0.0,78.3,63.4,222,77.5,session,"Session - Jul 16, 2026 2:18:16 PM",2026-07-16 02:18:16 PM 2:18:16 PM,01:26:09,,,,Enter Notes
2026-07-16 02:59:29 PM,77.5,67.8,61.9,29.01,855,29.02,0.0,77.9,63.3,222,77.4,session,"Session - Jul 16, 2026 2:18:16 PM",2026-07-16 02:18:16 PM 2:18:16 PM,01:26:09,,,,Enter Notes
2026-07-16 02:59:34 PM,77.6,68.0,61.9,29.01,853,29.02,0.0,78.3,63.5,222,77.5,session,"Session - Jul 16, 2026 2:18:16 PM",2026-07-16 02:18:16 PM 2:18:16 PM,01:26:09,,,,Enter Notes
2026-07-16 02:59:39 PM,77.5,68.0,61.9,29.02,853,29.02,0.0,78.3,63.4,222,77.5,session,"Session - Jul 16, 2026 2:18:16 PM",2026-07-16 02:18:16 PM 2:18:16 PM,01:26:09,,,,Enter Notes
2026-07-16 02:59:44 PM,77.6,68.0,61.9,29.02,853,29.02,0.0,78.3,63.5,222,77.5,session,"Session - Jul 16, 2026 2:18:16 PM",2026-07-16 02:18:16 PM 2:18:16 PM,01:26:09,,,,Enter Notes
2026-07-16 02:59:49 PM,77.6,68.0,61.9,29.01,855,29.02,0.0,78.3,63.5,222,77.5,session,"Session - Jul 16, 2026 2:18:16 PM",2026-07-16 02:18:16 PM 2:18:16 PM,01:26:09,,,,Enter Notes
2026-07-16 02:59:54 PM,77.5,68.0,61.9,29.02,850,29.02,0.0,77.9,63.4,222,77.5,session,"Session - Jul 16, 2026 2:18:16 PM",2026-07-16 02:18:16 PM 2:18:16 PM,01:26:09,,,,Enter Notes
2026-07-16 02:59:59 PM,77.6,68.0,61.9,29.02,850,29.02,0.0,78.3,63.4,222,77.5,session,"Session - Jul 16, 2026 2:18:16 PM",2026-07-16 02:18:16 PM 2:18:16 PM,01:26:09,,,,Enter Notes
2026-07-16 03:00:04 PM,77.4,67.8,61.8,29.01,853,29.02,0.0,77.9,63.3,222,77.4,session,"Session - Jul 16, 2026 2:18:16 PM",2026-07-16 02:18:16 PM 2:18:16 PM,01:26:09,,,,Enter Notes
2026-07-16 03:00:09 PM,77.5,68.0,61.9,29.01,855,29.02,0.0,77.9,63.4,222,77.5,session,"Session - Jul 16, 2026 2:18:16 PM",2026-07-16 02:18:16 PM 2:18:16 PM,01:26:09,,,,Enter Notes
2026-07-16 03:00:14 PM,77.6,68.0,61.8,29.01,853,29.02,0.0,78.3,63.4,222,77.5,session,"Session - Jul 16, 2026 2:18:16 PM",2026-07-16 02:18:16 PM 2:18:16 PM,01:26:09,,,,Enter Notes
2026-07-16 03:00:19 PM,77.6,68.0,61.9,29.01,853,29.02,0.0,78.3,63.5,222,77.5,session,"Session - Jul 16, 2026 2:18:16 PM",2026-07-16 02:18:16 PM 2:18:16 PM,01:26:09,,,,Enter Notes
2026-07-16 03:00:24 PM,77.5,68.0,61.9,29.01,855,29.02,0.0,77.9,63.4,222,77.5,session,"Session - Jul 16, 2026 2:18:16 PM",2026-07-16 02:18:16 PM 2:18:16 PM,01:26:09,,,,Enter Notes
2026-07-16 03:00:29 PM,77.4,67.8,61.9,29.01,855,29.01,0.0,77.9,63.3,222,77.4,session,"Session - Jul 16, 2026 2:18:16 PM",2026-07-16 02:18:16 PM 2:18:16 PM,01:26:09,,,,Enter Notes
2026-07-16 03:00:34 PM,77.6,68.0,61.9,29.01,853,29.02,0.0,78.3,63.5,222,77.5,session,"Session - Jul 16, 2026 2:18:16 PM",2026-07-16 02:18:16 PM 2:18:16 PM,01:26:09,,,,Enter Notes
2026-07-16 03:00:39 PM,77.6,68.0,61.9,29.01,855,29.01,0.0,78.3,63.5,222,77.5,session,"Session - Jul 16, 2026 2:18:16 PM",2026-07-16 02:18:16 PM 2:18:16 PM,01:26:09,,,,Enter Notes
2026-07-16 03:00:44 PM,77.5,68.0,61.9,29.01,855,29.02,0.0,77.9,63.4,222,77.5,session,"Session - Jul 16, 2026 2:18:16 PM",2026-07-16 02:18:16 PM 2:18:16 PM,01:26:09,,,,Enter Notes
2026-07-16 03:00:49 PM,77.4,67.8,61.9,29.01,853,29.02,0.0,77.9,63.3,222,77.4,session,"Session - Jul 16, 2026 2:18:16 PM",2026-07-16 02:18:16 PM 2:18:16 PM,01:26:09,,,,Enter Notes
2026-07-16 03:00:54 PM,77.5,67.8,61.9,29.01,853,29.02,0.0,77.9,63.4,222,77.4,session,"Session - Jul 16, 2026 2:18:16 PM",2026-07-16 02:18:16 PM 2:18:16 PM,01:26:09,,,,Enter Notes
2026-07-16 03:00:59 PM,77.7,68.0,61.8,29.01,855,29.02,0.0,78.3,63.6,222,77.5,session,"Session - Jul 16, 2026 2:18:16 PM",2026-07-16 02:18:16 PM 2:18:16 PM,01:26:09,,,,Enter Notes
2026-07-16 03:01:04 PM,77.5,67.8,61.8,29.01,855,29.02,0.0,77.9,63.4,222,77.4,session,"Session - Jul 16, 2026 2:18:16 PM",2026-07-16 02:18:16 PM 2:18:16 PM,01:26:09,,,,Enter Notes
2026-07-16 03:01:09 PM,77.4,67.8,61.9,29.02,853,29.02,0.0,77.9,63.3,222,77.4,session,"Session - Jul 16, 2026 2:18:16 PM",2026-07-16 02:18:16 PM 2:18:16 PM,01:26:09,,,,Enter Notes
2026-07-16 03:01:14 PM,77.5,67.8,61.9,29.02,853,29.02,0.0,77.9,63.4,222,77.4,session,"Session - Jul 16, 2026 2:18:16 PM",2026-07-16 02:18:16 PM 2:18:16 PM,01:26:09,,,,Enter Notes
2026-07-16 03:01:19 PM,77.4,67.8,61.9,29.01,855,29.02,0.0,77.9,63.3,222,77.4,session,"Session - Jul 16, 2026 2:18:16 PM",2026-07-16 02:18:16 PM 2:18:16 PM,01:26:09,,,,Enter Notes
2026-07-16 03:01:24 PM,77.4,67.8,61.9,29.01,855,29.02,0.0,77.9,63.3,222,77.4,session,"Session - Jul 16, 2026 2:18:16 PM",2026-07-16 02:18:16 PM 2:18:16 PM,01:26:09,,,,Enter Notes
2026-07-16 03:01:29 PM,77.4,67.8,61.9,29.01,855,29.02,0.0,77.9,63.3,222,77.4,session,"Session - Jul 16, 2026 2:18:16 PM",2026-07-16 02:18:16 PM 2:18:16 PM,01:26:09,,,,Enter Notes
2026-07-16 03:01:34 PM,77.4,67.8,61.9,29.01,855,29.01,0.0,77.9,63.3,222,77.4,session,"Session - Jul 16, 2026 2:18:16 PM",2026-07-16 02:18:16 PM 2:18:16 PM,01:26:09,,,,Enter Notes
2026-07-16 03:01:39 PM,77.4,67.8,61.9,29.01,855,29.01,0.0,77.9,63.3,222,77.4,session,"Session - Jul 16, 2026 2:18:16 PM",2026-07-16 02:18:16 PM 2:18:16 PM,01:26:09,,,,Enter Notes
2026-07-16 03:01:44 PM,77.4,67.8,61.9,29.01,853,29.02,0.0,77.9,63.3,222,77.4,session,"Session - Jul 16, 2026 2:18:16 PM",2026-07-16 02:18:16 PM 2:18:16 PM,01:26:09,,,,Enter Notes
2026-07-16 03:01:49 PM,77.4,67.8,61.9,29.01,855,29.02,0.0,77.9,63.3,222,77.4,session,"Session - Jul 16, 2026 2:18:16 PM",2026-07-16 02:18:16 PM 2:18:16 PM,01:26:09,,,,Enter Notes
2026-07-16 03:01:54 PM,77.4,67.8,61.9,29.01,855,29.02,0.0,77.9,63.3,222,77.4,session,"Session - Jul 16, 2026 2:18:16 PM",2026-07-16 02:18:16 PM 2:18:16 PM,01:26:09,,,,Enter Notes
2026-07-16 03:01:59 PM,77.4,67.8,62.0,29.01,853,29.02,0.0,77.9,63.3,222,77.4,session,"Session - Jul 16, 2026 2:18:16 PM",2026-07-16 02:18:16 PM 2:18:16 PM,01:26:09,,,,Enter Notes
2026-07-16 03:02:04 PM,77.3,67.8,62.0,29.02,853,29.02,0.0,77.7,63.3,222,77.2,session,"Session - Jul 16, 2026 2:18:16 PM",2026-07-16 02:18:16 PM 2:18:16 PM,01:26:09,,,,Enter Notes
2026-07-16 03:02:09 PM,77.3,67.8,62.0,29.01,855,29.02,0.0,77.7,63.3,222,77.2,session,"Session - Jul 16, 2026 2:18:16 PM",2026-07-16 02:18:16 PM 2:18:16 PM,01:26:09,,,,Enter Notes
2026-07-16 03:02:14 PM,77.4,67.8,62.0,29.01,855,29.02,0.0,77.9,63.3,222,77.4,session,"Session - Jul 16, 2026 2:18:16 PM",2026-07-16 02:18:16 PM 2:18:16 PM,01:26:09,,,,Enter Notes
2026-07-16 03:02:19 PM,77.3,67.8,62.0,29.01,855,29.02,0.0,77.7,63.3,222,77.2,session,"Session - Jul 16, 2026 2:18:16 PM",2026-07-16 02:18:16 PM 2:18:16 PM,01:26:09,,,,Enter Notes
2026-07-16 03:02:24 PM,77.3,67.8,62.0,29.01,853,29.02,0.0,77.7,63.3,222,77.2,session,"Session - Jul 16, 2026 2:18:16 PM",2026-07-16 02:18:16 PM 2:18:16 PM,01:26:09,,,,Enter Notes
2026-07-16 03:02:29 PM,77.4,67.8,62.0,29.02,850,29.02,0.0,77.9,63.3,222,77.4,session,"Session - Jul 16, 2026 2:18:16 PM",2026-07-16 02:18:16 PM 2:18:16 PM,01:26:09,,,,Enter Notes
2026-07-16 03:02:34 PM,77.3,67.8,62.0,29.01,855,29.02,0.0,77.7,63.3,222,77.2,session,"Session - Jul 16, 2026 2:18:16 PM",2026-07-16 02:18:16 PM 2:18:16 PM,01:26:09,,,,Enter Notes
2026-07-16 03:02:39 PM,77.4,67.8,62.0,29.01,853,29.02,0.0,77.9,63.3,222,77.4,session,"Session - Jul 16, 2026 2:18:16 PM",2026-07-16 02:18:16 PM 2:18:16 PM,01:26:09,,,,Enter Notes
2026-07-16 03:02:44 PM,77.4,67.8,62.0,29.02,853,29.02,0.0,77.9,63.3,222,77.4,session,"Session - Jul 16, 2026 2:18:16 PM",2026-07-16 02:18:16 PM 2:18:16 PM,01:26:09,,,,Enter Notes
2026-07-16 03:02:49 PM,77.4,67.8,62.0,29.01,855,29.02,0.0,77.9,63.3,222,77.4,session,"Session - Jul 16, 2026 2:18:16 PM",2026-07-16 02:18:16 PM 2:18:16 PM,01:26:09,,,,Enter Notes
2026-07-16 03:02:54 PM,77.6,68.0,62.0,29.01,853,29.02,0.0,78.3,63.5,222,77.5,session,"Session - Jul 16, 2026 2:18:16 PM",2026-07-16 02:18:16 PM 2:18:16 PM,01:26:09,,,,Enter Notes
2026-07-16 03:02:59 PM,77.4,67.8,62.1,29.01,853,29.02,0.0,77.9,63.4,222,77.4,session,"Session - Jul 16, 2026 2:18:16 PM",2026-07-16 02:18:16 PM 2:18:16 PM,01:26:09,,,,Enter Notes
2026-07-16 03:03:04 PM,77.4,67.8,62.1,29.01,855,29.01,0.0,77.9,63.4,222,77.4,session,"Session - Jul 16, 2026 2:18:16 PM",2026-07-16 02:18:16 PM 2:18:16 PM,01:26:09,,,,Enter Notes
2026-07-16 03:03:09 PM,77.4,67.8,62.1,29.01,855,29.01,0.0,77.9,63.4,222,77.4,session,"Session - Jul 16, 2026 2:18:16 PM",2026-07-16 02:18:16 PM 2:18:16 PM,01:26:09,,,,Enter Notes
2026-07-16 03:03:14 PM,77.4,67.8,62.1,29.01,858,29.01,0.0,77.9,63.4,222,77.4,session,"Session - Jul 16, 2026 2:18:16 PM",2026-07-16 02:18:16 PM 2:18:16 PM,01:26:09,,,,Enter Notes
2026-07-16 03:03:19 PM,77.4,68.0,62.1,29.01,858,29.01,0.0,77.9,63.4,222,77.4,session,"Session - Jul 16, 2026 2:18:16 PM",2026-07-16 02:18:16 PM 2:18:16 PM,01:26:09,,,,Enter Notes
2026-07-16 03:03:24 PM,77.4,68.0,62.2,29.01,855,29.02,0.0,77.9,63.4,222,77.4,session,"Session - Jul 16, 2026 2:18:16 PM",2026-07-16 02:18:16 PM 2:18:16 PM,01:26:09,,,,Enter Notes
2026-07-16 03:03:29 PM,77.4,68.0,62.2,29.01,855,29.02,0.0,77.9,63.4,222,77.4,session,"Session - Jul 16, 2026 2:18:16 PM",2026-07-16 02:18:16 PM 2:18:16 PM,01:26:09,,,,Enter Notes
2026-07-16 03:03:34 PM,77.4,68.0,62.3,29.01,853,29.02,0.0,77.9,63.4,222,77.4,session,"Session - Jul 16, 2026 2:18:16 PM",2026-07-16 02:18:16 PM 2:18:16 PM,01:26:09,,,,Enter Notes
2026-07-16 03:03:39 PM,77.4,68.0,62.3,29.01,853,29.02,0.0,77.9,63.5,222,77.4,session,"Session - Jul 16, 2026 2:18:16 PM",2026-07-16 02:18:16 PM 2:18:16 PM,01:26:09,,,,Enter Notes
2026-07-16 03:03:44 PM,77.4,68.0,62.3,29.02,853,29.02,0.0,77.9,63.5,222,77.4,session,"Session - Jul 16, 2026 2:18:16 PM",2026-07-16 02:18:16 PM 2:18:16 PM,01:26:09,,,,Enter Notes
2026-07-16 03:03:49 PM,77.4,68.0,62.3,29.01,853,29.02,0.0,77.9,63.4,222,77.4,session,"Session - Jul 16, 2026 2:18:16 PM",2026-07-16 02:18:16 PM 2:18:16 PM,01:26:09,,,,Enter Notes
2026-07-16 03:03:54 PM,77.3,68.0,62.3,29.01,853,29.02,0.0,77.7,63.4,222,77.2,session,"Session - Jul 16, 2026 2:18:16 PM",2026-07-16 02:18:16 PM 2:18:16 PM,01:26:09,,,,Enter Notes
2026-07-16 03:03:59 PM,77.3,68.0,62.4,29.01,855,29.02,0.0,77.7,63.5,222,77.2,session,"Session - Jul 16, 2026 2:18:16 PM",2026-07-16 02:18:16 PM 2:18:16 PM,01:26:09,,,,Enter Notes
2026-07-16 03:04:04 PM,77.3,68.0,62.4,29.02,850,29.02,0.0,77.7,63.5,222,77.2,session,"Session - Jul 16, 2026 2:18:16 PM",2026-07-16 02:18:16 PM 2:18:16 PM,01:26:09,,,,Enter Notes
2026-07-16 03:04:09 PM,77.3,68.0,62.4,29.02,853,29.02,0.0,77.7,63.5,222,77.2,session,"Session - Jul 16, 2026 2:18:16 PM",2026-07-16 02:18:16 PM 2:18:16 PM,01:26:09,,,,Enter Notes
2026-07-16 03:04:14 PM,77.3,68.0,62.4,29.01,853,29.02,0.0,77.7,63.4,222,77.2,session,"Session - Jul 16, 2026 2:18:16 PM",2026-07-16 02:18:16 PM 2:18:16 PM,01:26:09,,,,Enter Notes
2026-07-16 03:04:19 PM,77.2,67.8,62.4,29.02,853,29.02,0.0,77.7,63.4,222,77.2,session,"Session - Jul 16, 2026 2:18:16 PM",2026-07-16 02:18:16 PM 2:18:16 PM,01:26:09,,,,Enter Notes
2026-07-16 03:04:24 PM,77.3,68.0,62.4,29.01,855,29.02,0.0,77.7,63.5,222,77.2,session,"Session - Jul 16, 2026 2:18:16 PM",2026-07-16 02:18:16 PM 2:18:16 PM,01:26:09,,,,Enter Notes
2026-07-16 03:04:29 PM,77.1,67.8,62.5,29.01,853,29.02,0.0,77.4,63.3,222,77.0,session,"Session - Jul 16, 2026 2:18:16 PM",2026-07-16 02:18:16 PM 2:18:16 PM,01:26:09,,,,Enter Notes
2026-07-16 03:04:34 PM,77.3,68.0,62.4,29.01,853,29.02,0.0,77.7,63.4,222,77.2,session,"Session - Jul 16, 2026 2:18:16 PM",2026-07-16 02:18:16 PM 2:18:16 PM,01:26:09,,,,Enter Notes
2026-07-16 03:04:39 PM,77.2,67.8,62.4,29.01,855,29.02,0.0,77.7,63.4,222,77.2,session,"Session - Jul 16, 2026 2:18:16 PM",2026-07-16 02:18:16 PM 2:18:16 PM,01:26:09,,,,Enter Notes
2026-07-16 03:04:44 PM,77.3,68.0,62.4,29.01,855,29.02,0.0,77.7,63.4,222,77.2,session,"Session - Jul 16, 2026 2:18:16 PM",2026-07-16 02:18:16 PM 2:18:16 PM,01:26:09,,,,Enter Notes
2026-07-16 03:04:49 PM,77.3,68.0,62.4,29.01,855,29.02,0.0,77.7,63.4,222,77.2,session,"Session - Jul 16, 2026 2:18:16 PM",2026-07-16 02:18:16 PM 2:18:16 PM,01:26:09,,,,Enter Notes
2026-07-16 03:04:54 PM,77.3,68.0,62.5,29.01,853,29.02,0.0,77.7,63.5,222,77.2,session,"Session - Jul 16, 2026 2:18:16 PM",2026-07-16 02:18:16 PM 2:18:16 PM,01:26:09,,,,Enter Notes
2026-07-16 03:04:59 PM,77.3,68.0,62.5,29.02,853,29.02,0.0,77.7,63.5,222,77.2,session,"Session - Jul 16, 2026 2:18:16 PM",2026-07-16 02:18:16 PM 2:18:16 PM,01:26:09,,,,Enter Notes
2026-07-16 03:05:04 PM,77.4,68.0,62.5,29.01,855,29.02,0.0,77.9,63.6,222,77.4,session,"Session - Jul 16, 2026 2:18:16 PM",2026-07-16 02:18:16 PM 2:18:16 PM,01:26:09,,,,Enter Notes
2026-07-16 03:05:09 PM,77.3,68.0,62.6,29.02,853,29.02,0.0,77.7,63.5,222,77.2,session,"Session - Jul 16, 2026 2:18:16 PM",2026-07-16 02:18:16 PM 2:18:16 PM,01:26:09,,,,Enter Notes
2026-07-16 03:05:14 PM,77.3,68.0,62.6,29.02,853,29.02,0.0,77.7,63.5,222,77.2,session,"Session - Jul 16, 2026 2:18:16 PM",2026-07-16 02:18:16 PM 2:18:16 PM,01:26:09,,,,Enter Notes
2026-07-16 03:05:19 PM,77.3,68.0,62.6,29.01,853,29.02,0.0,77.7,63.5,222,77.2,session,"Session - Jul 16, 2026 2:18:16 PM",2026-07-16 02:18:16 PM 2:18:16 PM,01:26:09,,,,Enter Notes
2026-07-16 03:05:24 PM,77.3,68.0,62.6,29.01,855,29.01,0.0,77.7,63.5,222,77.2,session,"Session - Jul 16, 2026 2:18:16 PM",2026-07-16 02:18:16 PM 2:18:16 PM,01:26:09,,,,Enter Notes
2026-07-16 03:05:29 PM,77.3,68.0,62.6,29.02,853,29.02,0.0,77.7,63.5,222,77.2,session,"Session - Jul 16, 2026 2:18:16 PM",2026-07-16 02:18:16 PM 2:18:16 PM,01:26:09,,,,Enter Notes
2026-07-16 03:05:34 PM,77.3,68.0,62.6,29.02,853,29.02,0.0,77.7,63.5,222,77.2,session,"Session - Jul 16, 2026 2:18:16 PM",2026-07-16 02:18:16 PM 2:18:16 PM,01:26:09,,,,Enter Notes
2026-07-16 03:05:39 PM,77.3,68.0,62.6,29.02,853,29.02,0.0,77.7,63.5,222,77.2,session,"Session - Jul 16, 2026 2:18:16 PM",2026-07-16 02:18:16 PM 2:18:16 PM,01:26:09,,,,Enter Notes
2026-07-16 03:05:44 PM,77.4,68.0,62.6,29.01,853,29.02,0.0,77.9,63.6,222,77.4,session,"Session - Jul 16, 2026 2:18:16 PM",2026-07-16 02:18:16 PM 2:18:16 PM,01:26:09,,,,Enter Notes
2026-07-16 03:05:49 PM,77.3,68.0,62.6,29.01,855,29.01,0.0,77.7,63.6,222,77.2,session,"Session - Jul 16, 2026 2:18:16 PM",2026-07-16 02:18:16 PM 2:18:16 PM,01:26:09,,,,Enter Notes
2026-07-16 03:05:54 PM,77.2,67.8,62.6,29.01,853,29.02,0.0,77.7,63.4,222,77.2,session,"Session - Jul 16, 2026 2:18:16 PM",2026-07-16 02:18:16 PM 2:18:16 PM,01:26:09,,,,Enter Notes
2026-07-16 03:05:59 PM,77.3,67.8,62.6,29.01,855,29.02,0.0,77.7,63.5,222,77.2,session,"Session - Jul 16, 2026 2:18:16 PM",2026-07-16 02:18:16 PM 2:18:16 PM,01:26:09,,,,Enter Notes
2026-07-16 03:06:04 PM,77.4,68.0,62.6,29.01,853,29.02,0.0,77.9,63.7,222,77.4,session,"Session - Jul 16, 2026 2:18:16 PM",2026-07-16 02:18:16 PM 2:18:16 PM,01:26:09,,,,Enter Notes
2026-07-16 03:06:09 PM,77.3,67.8,62.6,29.01,853,29.02,0.0,77.7,63.5,222,77.2,session,"Session - Jul 16, 2026 2:18:16 PM",2026-07-16 02:18:16 PM 2:18:16 PM,01:26:09,,,,Enter Notes
2026-07-16 03:06:14 PM,77.3,67.8,62.6,29.01,853,29.02,0.0,77.7,63.5,222,77.2,session,"Session - Jul 16, 2026 2:18:16 PM",2026-07-16 02:18:16 PM 2:18:16 PM,01:26:09,,,,Enter Notes
2026-07-16 03:06:19 PM,77.2,67.8,62.7,29.01,855,29.02,0.0,77.7,63.5,222,77.2,session,"Session - Jul 16, 2026 2:18:16 PM",2026-07-16 02:18:16 PM 2:18:16 PM,01:26:09,,,,Enter Notes
2026-07-16 03:06:24 PM,77.0,67.6,62.7,29.01,855,29.02,0.0,77.4,63.4,222,77.0,session,"Session - Jul 16, 2026 2:18:16 PM",2026-07-16 02:18:16 PM 2:18:16 PM,01:26:09,,,,Enter Notes
2026-07-16 03:06:29 PM,77.3,67.8,62.7,29.01,855,29.02,0.0,77.7,63.5,222,77.2,session,"Session - Jul 16, 2026 2:18:16 PM",2026-07-16 02:18:16 PM 2:18:16 PM,01:26:09,,,,Enter Notes
2026-07-16 03:06:34 PM,77.3,67.8,62.8,29.01,855,29.01,0.0,77.7,63.6,222,77.2,session,"Session - Jul 16, 2026 2:18:16 PM",2026-07-16 02:18:16 PM 2:18:16 PM,01:26:09,,,,Enter Notes
2026-07-16 03:06:39 PM,77.2,67.8,62.8,29.02,853,29.02,0.0,77.7,63.5,222,77.2,session,"Session - Jul 16, 2026 2:18:16 PM",2026-07-16 02:18:16 PM 2:18:16 PM,01:26:09,,,,Enter Notes
2026-07-16 03:06:44 PM,77.3,67.8,62.7,29.02,853,29.02,0.0,77.7,63.6,222,77.2,session,"Session - Jul 16, 2026 2:18:16 PM",2026-07-16 02:18:16 PM 2:18:16 PM,01:26:09,,,,Enter Notes
2026-07-16 03:06:49 PM,77.2,67.8,62.7,29.01,853,29.02,0.0,77.7,63.5,222,77.2,session,"Session - Jul 16, 2026 2:18:16 PM",2026-07-16 02:18:16 PM 2:18:16 PM,01:26:09,,,,Enter Notes
2026-07-16 03:06:54 PM,77.2,67.8,62.7,29.01,855,29.02,0.0,77.7,63.5,222,77.2,session,"Session - Jul 16, 2026 2:18:16 PM",2026-07-16 02:18:16 PM 2:18:16 PM,01:26:09,,,,Enter Notes
2026-07-16 03:06:59 PM,77.2,67.8,62.6,29.01,853,29.02,0.0,77.7,63.5,222,77.2,session,"Session - Jul 16, 2026 2:18:16 PM",2026-07-16 02:18:16 PM 2:18:16 PM,01:26:09,,,,Enter Notes
2026-07-16 03:07:04 PM,77.2,67.8,62.6,29.01,855,29.02,0.0,77.4,63.4,222,77.0,session,"Session - Jul 16, 2026 2:18:16 PM",2026-07-16 02:18:16 PM 2:18:16 PM,01:26:09,,,,Enter Notes
2026-07-16 03:07:09 PM,77.2,67.8,62.6,29.01,855,29.02,0.0,77.7,63.4,222,77.2,session,"Session - Jul 16, 2026 2:18:16 PM",2026-07-16 02:18:16 PM 2:18:16 PM,01:26:09,,,,Enter Notes
2026-07-16 03:07:14 PM,77.2,67.8,62.6,29.01,855,29.01,0.0,77.7,63.4,222,77.2,session,"Session - Jul 16, 2026 2:18:16 PM",2026-07-16 02:18:16 PM 2:18:16 PM,01:26:09,,,,Enter Notes
2026-07-16 03:07:19 PM,77.2,67.8,62.6,29.01,855,29.02,0.0,77.4,63.4,222,77.0,session,"Session - Jul 16, 2026 2:18:16 PM",2026-07-16 02:18:16 PM 2:18:16 PM,01:26:09,,,,Enter Notes
2026-07-16 03:07:24 PM,77.2,67.8,62.6,29.01,855,29.02,0.0,77.4,63.4,222,77.0,session,"Session - Jul 16, 2026 2:18:16 PM",2026-07-16 02:18:16 PM 2:18:16 PM,01:26:09,,,,Enter Notes
2026-07-16 03:07:29 PM,77.2,67.8,62.6,29.01,853,29.02,0.0,77.4,63.4,222,77.0,session,"Session - Jul 16, 2026 2:18:16 PM",2026-07-16 02:18:16 PM 2:18:16 PM,01:26:09,,,,Enter Notes
2026-07-16 03:07:34 PM,77.2,67.8,62.6,29.01,855,29.02,0.0,77.7,63.4,222,77.2,session,"Session - Jul 16, 2026 2:18:16 PM",2026-07-16 02:18:16 PM 2:18:16 PM,01:26:09,,,,Enter Notes
2026-07-16 03:07:39 PM,77.1,67.8,62.5,29.02,853,29.02,0.0,77.4,63.4,222,77.0,session,"Session - Jul 16, 2026 2:18:16 PM",2026-07-16 02:18:16 PM 2:18:16 PM,01:26:09,,,,Enter Notes
2026-07-16 03:07:44 PM,77.1,67.8,62.5,29.01,855,29.02,0.0,77.4,63.3,222,77.0,session,"Session - Jul 16, 2026 2:18:16 PM",2026-07-16 02:18:16 PM 2:18:16 PM,01:26:09,,,,Enter Notes
2026-07-16 03:07:49 PM,77.1,67.8,62.5,29.01,855,29.01,0.0,77.4,63.3,222,77.0,session,"Session - Jul 16, 2026 2:18:16 PM",2026-07-16 02:18:16 PM 2:18:16 PM,01:26:09,,,,Enter Notes
2026-07-16 03:07:54 PM,77.3,68.0,62.5,29.01,855,29.01,0.0,77.7,63.5,222,77.2,session,"Session - Jul 16, 2026 2:18:16 PM",2026-07-16 02:18:16 PM 2:18:16 PM,01:26:09,,,,Enter Notes
2026-07-16 03:07:59 PM,77.1,67.8,62.5,29.01,858,29.01,0.0,77.4,63.4,222,77.0,session,"Session - Jul 16, 2026 2:18:16 PM",2026-07-16 02:18:16 PM 2:18:16 PM,01:26:09,,,,Enter Notes
2026-07-16 03:08:04 PM,77.1,67.8,62.6,29.01,855,29.02,0.0,77.4,63.4,222,77.0,session,"Session - Jul 16, 2026 2:18:16 PM",2026-07-16 02:18:16 PM 2:18:16 PM,01:26:09,,,,Enter Notes
2026-07-16 03:08:09 PM,77.1,67.8,62.7,29.01,855,29.02,0.0,77.4,63.4,222,77.0,session,"Session - Jul 16, 2026 2:18:16 PM",2026-07-16 02:18:16 PM 2:18:16 PM,01:26:09,,,,Enter Notes
2026-07-16 03:08:14 PM,77.3,68.0,62.7,29.01,855,29.02,0.0,77.7,63.6,222,77.2,session,"Session - Jul 16, 2026 2:18:16 PM",2026-07-16 02:18:16 PM 2:18:16 PM,01:26:09,,,,Enter Notes
2026-07-16 03:08:19 PM,77.2,67.8,62.8,29.01,853,29.02,0.0,77.7,63.5,222,77.2,session,"Session - Jul 16, 2026 2:18:16 PM",2026-07-16 02:18:16 PM 2:18:16 PM,01:26:09,,,,Enter Notes
2026-07-16 03:08:24 PM,77.2,68.0,62.9,29.02,853,29.02,0.0,77.7,63.6,222,77.2,session,"Session - Jul 16, 2026 2:18:16 PM",2026-07-16 02:18:16 PM 2:18:16 PM,01:26:09,,,,Enter Notes
2026-07-16 03:08:29 PM,77.2,68.0,62.9,29.01,855,29.02,0.0,77.7,63.6,222,77.2,session,"Session - Jul 16, 2026 2:18:16 PM",2026-07-16 02:18:16 PM 2:18:16 PM,01:26:09,,,,Enter Notes
2026-07-16 03:08:34 PM,77.4,68.0,62.9,29.01,853,29.02,0.0,77.9,63.7,222,77.4,session,"Session - Jul 16, 2026 2:18:16 PM",2026-07-16 02:18:16 PM 2:18:16 PM,01:26:09,,,,Enter Notes
2026-07-16 03:08:39 PM,77.2,67.8,62.8,29.02,850,29.02,0.0,77.7,63.5,222,77.2,session,"Session - Jul 16, 2026 2:18:16 PM",2026-07-16 02:18:16 PM 2:18:16 PM,01:26:09,,,,Enter Notes
2026-07-16 03:08:44 PM,77.2,67.8,62.7,29.02,853,29.02,0.0,77.7,63.5,222,77.2,session,"Session - Jul 16, 2026 2:18:16 PM",2026-07-16 02:18:16 PM 2:18:16 PM,01:26:09,,,,Enter Notes
2026-07-16 03:08:49 PM,77.2,67.8,62.6,29.01,855,29.01,0.0,77.7,63.4,222,77.2,session,"Session - Jul 16, 2026 2:18:16 PM",2026-07-16 02:18:16 PM 2:18:16 PM,01:26:09,,,,Enter Notes
2026-07-16 03:08:54 PM,77.2,67.8,62.5,29.01,853,29.02,0.0,77.7,63.4,222,77.2,session,"Session - Jul 16, 2026 2:18:16 PM",2026-07-16 02:18:16 PM 2:18:16 PM,01:26:09,,,,Enter Notes
2026-07-16 03:08:59 PM,77.2,67.8,62.4,29.01,853,29.02,0.0,77.4,63.3,222,77.0,session,"Session - Jul 16, 2026 2:18:16 PM",2026-07-16 02:18:16 PM 2:18:16 PM,01:26:09,,,,Enter Notes
2026-07-16 03:09:04 PM,77.2,67.8,62.4,29.01,855,29.02,0.0,77.7,63.4,222,77.2,session,"Session - Jul 16, 2026 2:18:16 PM",2026-07-16 02:18:16 PM 2:18:16 PM,01:26:09,,,,Enter Notes
2026-07-16 03:09:09 PM,77.2,67.8,62.4,29.01,855,29.02,0.0,77.7,63.3,222,77.2,session,"Session - Jul 16, 2026 2:18:16 PM",2026-07-16 02:18:16 PM 2:18:16 PM,01:26:09,,,,Enter Notes
2026-07-16 03:09:14 PM,77.2,67.8,62.4,29.01,855,29.01,0.0,77.4,63.3,222,77.0,session,"Session - Jul 16, 2026 2:18:16 PM",2026-07-16 02:18:16 PM 2:18:16 PM,01:26:09,,,,Enter Notes
2026-07-16 03:09:19 PM,77.2,67.8,62.3,29.01,855,29.01,0.0,77.7,63.3,222,77.2,session,"Session - Jul 16, 2026 2:18:16 PM",2026-07-16 02:18:16 PM 2:18:16 PM,01:26:09,,,,Enter Notes
2026-07-16 03:09:24 PM,77.2,67.8,62.3,29.01,855,29.02,0.0,77.7,63.3,222,77.2,session,"Session - Jul 16, 2026 2:18:16 PM",2026-07-16 02:18:16 PM 2:18:16 PM,01:26:09,,,,Enter Notes
2026-07-16 03:09:29 PM,77.2,67.8,62.4,29.01,855,29.02,0.0,77.7,63.3,222,77.2,session,"Session - Jul 16, 2026 2:18:16 PM",2026-07-16 02:18:16 PM 2:18:16 PM,01:26:09,,,,Enter Notes
2026-07-16 03:09:34 PM,77.2,67.8,62.4,29.01,853,29.02,0.0,77.7,63.3,222,77.2,session,"Session - Jul 16, 2026 2:18:16 PM",2026-07-16 02:18:16 PM 2:18:16 PM,01:26:09,,,,Enter Notes
2026-07-16 03:09:39 PM,77.2,67.8,62.4,29.01,855,29.02,0.0,77.7,63.3,222,77.2,session,"Session - Jul 16, 2026 2:18:16 PM",2026-07-16 02:18:16 PM 2:18:16 PM,01:26:09,,,,Enter Notes
2026-07-16 03:09:44 PM,77.2,67.8,62.4,29.01,855,29.02,0.0,77.7,63.3,222,77.2,session,"Session - Jul 16, 2026 2:18:16 PM",2026-07-16 02:18:16 PM 2:18:16 PM,01:26:09,,,,Enter Notes
2026-07-16 03:09:49 PM,77.2,67.8,62.4,29.01,855,29.02,0.0,77.7,63.4,222,77.2,session,"Session - Jul 16, 2026 2:18:16 PM",2026-07-16 02:18:16 PM 2:18:16 PM,01:26:09,,,,Enter Notes
2026-07-16 03:09:54 PM,77.2,67.8,62.5,29.01,855,29.02,0.0,77.7,63.4,222,77.2,session,"Session - Jul 16, 2026 2:18:16 PM",2026-07-16 02:18:16 PM 2:18:16 PM,01:26:09,,,,Enter Notes
2026-07-16 03:09:59 PM,77.2,67.8,62.4,29.01,855,29.02,0.0,77.7,63.4,222,77.2,session,"Session - Jul 16, 2026 2:18:16 PM",2026-07-16 02:18:16 PM 2:18:16 PM,01:26:09,,,,Enter Notes
2026-07-16 03:10:04 PM,77.2,67.8,62.4,29.01,855,29.02,0.0,77.4,63.3,222,77.0,session,"Session - Jul 16, 2026 2:18:16 PM",2026-07-16 02:18:16 PM 2:18:16 PM,01:26:09,,,,Enter Notes
2026-07-16 03:10:09 PM,77.1,67.8,62.3,29.01,855,29.02,0.0,77.4,63.3,222,77.0,session,"Session - Jul 16, 2026 2:18:16 PM",2026-07-16 02:18:16 PM 2:18:16 PM,01:26:09,,,,Enter Notes
2026-07-16 03:10:14 PM,77.2,67.8,62.3,29.01,855,29.01,0.0,77.7,63.3,222,77.2,session,"Session - Jul 16, 2026 2:18:16 PM",2026-07-16 02:18:16 PM 2:18:16 PM,01:26:09,,,,Enter Notes
2026-07-16 03:10:19 PM,77.2,67.8,62.2,29.01,855,29.02,0.0,77.4,63.2,222,77.0,session,"Session - Jul 16, 2026 2:18:16 PM",2026-07-16 02:18:16 PM 2:18:16 PM,01:26:09,,,,Enter Notes
2026-07-16 03:10:24 PM,77.2,67.8,62.2,29.02,853,29.02,0.0,77.4,63.2,222,77.0,session,"Session - Jul 16, 2026 2:18:16 PM",2026-07-16 02:18:16 PM 2:18:16 PM,01:26:09,,,,Enter Notes
2026-07-16 03:10:29 PM,77.1,67.6,62.1,29.01,853,29.02,0.0,77.4,63.1,222,77.0,session,"Session - Jul 16, 2026 2:18:16 PM",2026-07-16 02:18:16 PM 2:18:16 PM,01:26:09,,,,Enter Notes
2026-07-16 03:10:34 PM,77.2,67.8,62.1,29.01,855,29.02,0.0,77.7,63.2,222,77.2,session,"Session - Jul 16, 2026 2:18:16 PM",2026-07-16 02:18:16 PM 2:18:16 PM,01:26:09,,,,Enter Notes
2026-07-16 03:10:39 PM,77.0,67.6,62.1,29.01,855,29.02,0.0,77.4,63.0,222,77.0,session,"Session - Jul 16, 2026 2:18:16 PM",2026-07-16 02:18:16 PM 2:18:16 PM,01:26:09,,,,Enter Notes
2026-07-16 03:10:44 PM,77.2,67.6,62.1,29.01,855,29.01,0.0,77.4,63.2,222,77.0,session,"Session - Jul 16, 2026 2:18:16 PM",2026-07-16 02:18:16 PM 2:18:16 PM,01:26:09,,,,Enter Notes
2026-07-16 03:10:49 PM,77.1,67.6,62.1,29.01,853,29.02,0.0,77.4,63.2,222,77.0,session,"Session - Jul 16, 2026 2:18:16 PM",2026-07-16 02:18:16 PM 2:18:16 PM,01:26:09,,,,Enter Notes
2026-07-16 03:10:54 PM,77.1,67.6,62.1,29.02,850,29.02,0.0,77.4,63.2,222,77.0,session,"Session - Jul 16, 2026 2:18:16 PM",2026-07-16 02:18:16 PM 2:18:16 PM,01:26:09,,,,Enter Notes
2026-07-16 03:10:59 PM,77.1,67.6,62.0,29.02,853,29.02,0.0,77.4,63.1,222,77.0,session,"Session - Jul 16, 2026 2:18:16 PM",2026-07-16 02:18:16 PM 2:18:16 PM,01:26:09,,,,Enter Notes
2026-07-16 03:11:04 PM,77.1,67.6,62.0,29.01,855,29.02,0.0,77.4,63.1,222,77.0,session,"Session - Jul 16, 2026 2:18:16 PM",2026-07-16 02:18:16 PM 2:18:16 PM,01:26:09,,,,Enter Notes
2026-07-16 03:11:09 PM,77.1,67.5,61.9,29.01,855,29.02,0.0,77.4,63.0,222,77.0,session,"Session - Jul 16, 2026 2:18:16 PM",2026-07-16 02:18:16 PM 2:18:16 PM,01:26:09,,,,Enter Notes
2026-07-16 03:11:14 PM,77.1,67.6,61.9,29.01,855,29.02,0.0,77.4,63.1,222,77.0,session,"Session - Jul 16, 2026 2:18:16 PM",2026-07-16 02:18:16 PM 2:18:16 PM,01:26:09,,,,Enter Notes
2026-07-16 03:11:19 PM,77.1,67.6,62.0,29.01,855,29.01,0.0,77.4,63.1,222,77.0,session,"Session - Jul 16, 2026 2:18:16 PM",2026-07-16 02:18:16 PM 2:18:16 PM,01:26:09,,,,Enter Notes
2026-07-16 03:11:24 PM,77.1,67.6,62.1,29.01,855,29.02,0.0,77.4,63.2,222,77.0,session,"Session - Jul 16, 2026 2:18:16 PM",2026-07-16 02:18:16 PM 2:18:16 PM,01:26:09,,,,Enter Notes
2026-07-16 03:11:29 PM,77.1,67.6,62.2,29.01,855,29.02,0.0,77.4,63.2,222,77.0,session,"Session - Jul 16, 2026 2:18:16 PM",2026-07-16 02:18:16 PM 2:18:16 PM,01:26:09,,,,Enter Notes
2026-07-16 03:11:34 PM,77.2,67.8,62.2,29.01,855,29.02,0.0,77.4,63.2,222,77.0,session,"Session - Jul 16, 2026 2:18:16 PM",2026-07-16 02:18:16 PM 2:18:16 PM,01:26:09,,,,Enter Notes
2026-07-16 03:11:39 PM,77.1,67.6,62.1,29.01,858,29.01,0.0,77.4,63.1,222,77.0,session,"Session - Jul 16, 2026 2:18:16 PM",2026-07-16 02:18:16 PM 2:18:16 PM,01:26:09,,,,Enter Notes
2026-07-16 03:11:44 PM,77.1,67.6,62.1,29.01,855,29.01,0.0,77.4,63.1,222,77.0,session,"Session - Jul 16, 2026 2:18:16 PM",2026-07-16 02:18:16 PM 2:18:16 PM,01:26:09,,,,Enter Notes
2026-07-16 03:11:49 PM,77.1,67.6,62.0,29.01,858,29.01,0.0,77.4,63.1,222,77.0,session,"Session - Jul 16, 2026 2:18:16 PM",2026-07-16 02:18:16 PM 2:18:16 PM,01:26:09,,,,Enter Notes
2026-07-16 03:11:54 PM,77.1,67.5,61.9,29.01,855,29.02,0.0,77.4,63.0,222,77.0,session,"Session - Jul 16, 2026 2:18:16 PM",2026-07-16 02:18:16 PM 2:18:16 PM,01:26:09,,,,Enter Notes
2026-07-16 03:11:59 PM,77.1,67.6,61.9,29.01,855,29.02,0.0,77.4,63.0,222,77.0,session,"Session - Jul 16, 2026 2:18:16 PM",2026-07-16 02:18:16 PM 2:18:16 PM,01:26:09,,,,Enter Notes
2026-07-16 03:12:04 PM,77.1,67.5,61.9,29.01,855,29.01,0.0,77.4,63.0,222,77.0,session,"Session - Jul 16, 2026 2:18:16 PM",2026-07-16 02:18:16 PM 2:18:16 PM,01:26:09,,,,Enter Notes
2026-07-16 03:12:09 PM,77.1,67.5,61.9,29.01,855,29.01,0.0,77.4,63.0,222,77.0,session,"Session - Jul 16, 2026 2:18:16 PM",2026-07-16 02:18:16 PM 2:18:16 PM,01:26:09,,,,Enter Notes
2026-07-16 03:12:14 PM,77.0,67.5,61.9,29.02,853,29.02,0.0,77.2,62.9,222,76.8,session,"Session - Jul 16, 2026 2:18:16 PM",2026-07-16 02:18:16 PM 2:18:16 PM,01:26:09,,,,Enter Notes
2026-07-16 03:12:19 PM,77.1,67.5,61.9,29.01,853,29.02,0.0,77.4,63.0,222,77.0,session,"Session - Jul 16, 2026 2:18:16 PM",2026-07-16 02:18:16 PM 2:18:16 PM,01:26:09,,,,Enter Notes
2026-07-16 03:12:24 PM,77.1,67.5,61.9,29.01,855,29.01,0.0,77.4,63.0,222,77.0,session,"Session - Jul 16, 2026 2:18:16 PM",2026-07-16 02:18:16 PM 2:18:16 PM,01:26:09,,,,Enter Notes
2026-07-16 03:12:29 PM,76.9,67.3,61.8,29.01,855,29.02,0.0,77.2,62.8,222,76.8,session,"Session - Jul 16, 2026 2:18:16 PM",2026-07-16 02:18:16 PM 2:18:16 PM,01:26:09,,,,Enter Notes
2026-07-16 03:12:34 PM,77.0,67.5,61.8,29.01,853,29.02,0.0,77.4,62.9,222,77.0,session,"Session - Jul 16, 2026 2:18:16 PM",2026-07-16 02:18:16 PM 2:18:16 PM,01:26:09,,,,Enter Notes
2026-07-16 03:12:39 PM,77.0,67.5,61.8,29.01,855,29.01,0.0,77.4,62.9,222,77.0,session,"Session - Jul 16, 2026 2:18:16 PM",2026-07-16 02:18:16 PM 2:18:16 PM,01:26:09,,,,Enter Notes
2026-07-16 03:12:44 PM,77.2,67.6,61.8,29.01,855,29.02,0.0,77.7,63.1,222,77.2,session,"Session - Jul 16, 2026 2:18:16 PM",2026-07-16 02:18:16 PM 2:18:16 PM,01:26:09,,,,Enter Notes
2026-07-16 03:12:49 PM,77.0,67.5,61.8,29.01,855,29.02,0.0,77.4,62.9,222,77.0,session,"Session - Jul 16, 2026 2:18:16 PM",2026-07-16 02:18:16 PM 2:18:16 PM,01:26:09,,,,Enter Notes
2026-07-16 03:12:54 PM,77.1,67.5,61.8,29.01,855,29.02,0.0,77.4,63.0,222,77.0,session,"Session - Jul 16, 2026 2:18:16 PM",2026-07-16 02:18:16 PM 2:18:16 PM,01:26:09,,,,Enter Notes
2026-07-16 03:12:59 PM,77.0,67.5,61.8,29.01,853,29.02,0.0,77.4,62.9,222,77.0,session,"Session - Jul 16, 2026 2:18:16 PM",2026-07-16 02:18:16 PM 2:18:16 PM,01:26:09,,,,Enter Notes
2026-07-16 03:13:04 PM,77.0,67.5,61.8,29.01,853,29.02,0.0,77.4,62.9,222,77.0,session,"Session - Jul 16, 2026 2:18:16 PM",2026-07-16 02:18:16 PM 2:18:16 PM,01:26:09,,,,Enter Notes
2026-07-16 03:13:09 PM,77.0,67.5,61.8,29.01,855,29.01,0.0,77.4,62.9,222,77.0,session,"Session - Jul 16, 2026 2:18:16 PM",2026-07-16 02:18:16 PM 2:18:16 PM,01:26:09,,,,Enter Notes
2026-07-16 03:13:14 PM,77.0,67.5,61.7,29.01,855,29.02,0.0,77.4,62.9,222,77.0,session,"Session - Jul 16, 2026 2:18:16 PM",2026-07-16 02:18:16 PM 2:18:16 PM,01:26:09,,,,Enter Notes
2026-07-16 03:13:19 PM,77.0,67.5,61.7,29.01,855,29.02,0.0,77.4,62.9,222,77.0,session,"Session - Jul 16, 2026 2:18:16 PM",2026-07-16 02:18:16 PM 2:18:16 PM,01:26:09,,,,Enter Notes
2026-07-16 03:13:24 PM,77.0,67.5,61.7,29.01,855,29.01,0.0,77.4,62.9,222,77.0,session,"Session - Jul 16, 2026 2:18:16 PM",2026-07-16 02:18:16 PM 2:18:16 PM,01:26:09,,,,Enter Notes
2026-07-16 03:13:29 PM,77.0,67.5,61.7,29.01,855,29.02,0.0,77.4,62.9,222,77.0,session,"Session - Jul 16, 2026 2:18:16 PM",2026-07-16 02:18:16 PM 2:18:16 PM,01:26:09,,,,Enter Notes
2026-07-16 03:13:34 PM,77.0,67.5,61.7,29.01,855,29.01,0.0,77.4,62.9,222,77.0,session,"Session - Jul 16, 2026 2:18:16 PM",2026-07-16 02:18:16 PM 2:18:16 PM,01:26:09,,,,Enter Notes
2026-07-16 03:13:39 PM,77.0,67.5,61.7,29.01,853,29.02,0.0,77.4,62.9,222,77.0,session,"Session - Jul 16, 2026 2:18:16 PM",2026-07-16 02:18:16 PM 2:18:16 PM,01:26:09,,,,Enter Notes
2026-07-16 03:13:44 PM,77.0,67.5,61.7,29.01,855,29.02,0.0,77.4,62.9,222,77.0,session,"Session - Jul 16, 2026 2:18:16 PM",2026-07-16 02:18:16 PM 2:18:16 PM,01:26:09,,,,Enter Notes
2026-07-16 03:13:49 PM,77.1,67.5,61.8,29.01,855,29.01,0.0,77.4,63.0,222,77.0,session,"Session - Jul 16, 2026 2:18:16 PM",2026-07-16 02:18:16 PM 2:18:16 PM,01:26:09,,,,Enter Notes
2026-07-16 03:13:54 PM,77.0,67.5,61.7,29.01,855,29.01,0.0,77.4,62.9,222,77.0,session,"Session - Jul 16, 2026 2:18:16 PM",2026-07-16 02:18:16 PM 2:18:16 PM,01:26:09,,,,Enter Notes
2026-07-16 03:13:59 PM,77.0,67.5,61.7,29.01,855,29.01,0.0,77.4,62.9,222,77.0,session,"Session - Jul 16, 2026 2:18:16 PM",2026-07-16 02:18:16 PM 2:18:16 PM,01:26:09,,,,Enter Notes
2026-07-16 03:14:04 PM,77.1,67.5,61.7,29.01,855,29.01,0.0,77.4,62.9,222,77.0,session,"Session - Jul 16, 2026 2:18:16 PM",2026-07-16 02:18:16 PM 2:18:16 PM,01:26:09,,,,Enter Notes
2026-07-16 03:14:09 PM,77.0,67.3,61.6,29.01,855,29.01,0.0,77.4,62.9,222,77.0,session,"Session - Jul 16, 2026 2:18:16 PM",2026-07-16 02:18:16 PM 2:18:16 PM,01:26:09,,,,Enter Notes
2026-07-16 03:14:14 PM,77.0,67.3,61.6,29.01,855,29.02,0.0,77.4,62.8,222,77.0,session,"Session - Jul 16, 2026 2:18:16 PM",2026-07-16 02:18:16 PM 2:18:16 PM,01:26:09,,,,Enter Notes
2026-07-16 03:14:19 PM,77.0,67.5,61.7,29.01,855,29.02,0.0,77.4,62.9,222,77.0,session,"Session - Jul 16, 2026 2:18:16 PM",2026-07-16 02:18:16 PM 2:18:16 PM,01:26:09,,,,Enter Notes
2026-07-16 03:14:24 PM,77.0,67.3,61.6,29.01,855,29.01,0.0,77.4,62.8,222,77.0,session,"Session - Jul 16, 2026 2:18:16 PM",2026-07-16 02:18:16 PM 2:18:16 PM,01:26:09,,,,Enter Notes
2026-07-16 03:14:29 PM,77.0,67.5,61.7,29.01,855,29.01,0.0,77.4,62.9,222,77.0,session,"Session - Jul 16, 2026 2:18:16 PM",2026-07-16 02:18:16 PM 2:18:16 PM,01:26:09,,,,Enter Notes
2026-07-16 03:14:34 PM,77.0,67.5,61.7,29.01,853,29.02,0.0,77.4,62.9,222,77.0,session,"Session - Jul 16, 2026 2:18:16 PM",2026-07-16 02:18:16 PM 2:18:16 PM,01:26:09,,,,Enter Notes
2026-07-16 03:14:39 PM,77.0,67.5,61.7,29.01,855,29.02,0.0,77.4,62.9,222,77.0,session,"Session - Jul 16, 2026 2:18:16 PM",2026-07-16 02:18:16 PM 2:18:16 PM,01:26:09,,,,Enter Notes
2026-07-16 03:14:44 PM,77.0,67.5,61.7,29.01,858,29.01,0.0,77.4,62.9,222,77.0,session,"Session - Jul 16, 2026 2:18:16 PM",2026-07-16 02:18:16 PM 2:18:16 PM,01:26:09,,,,Enter Notes
2026-07-16 03:14:49 PM,77.0,67.3,61.8,29.01,855,29.02,0.0,77.2,62.9,222,76.8,session,"Session - Jul 16, 2026 2:18:16 PM",2026-07-16 02:18:16 PM 2:18:16 PM,01:26:09,,,,Enter Notes
2026-07-16 03:14:54 PM,77.0,67.5,61.8,29.01,855,29.01,0.0,77.4,62.9,222,77.0,session,"Session - Jul 16, 2026 2:18:16 PM",2026-07-16 02:18:16 PM 2:18:16 PM,01:26:09,,,,Enter Notes
2026-07-16 03:14:59 PM,77.0,67.5,61.8,29.01,855,29.01,0.0,77.4,62.9,222,77.0,session,"Session - Jul 16, 2026 2:18:16 PM",2026-07-16 02:18:16 PM 2:18:16 PM,01:26:09,,,,Enter Notes
2026-07-16 03:15:04 PM,77.0,67.5,61.9,29.01,855,29.02,0.0,77.4,63.0,222,77.0,session,"Session - Jul 16, 2026 2:18:16 PM",2026-07-16 02:18:16 PM 2:18:16 PM,01:26:09,,,,Enter Notes
2026-07-16 03:15:09 PM,77.0,67.5,61.9,29.01,855,29.01,0.0,77.4,62.9,222,77.0,session,"Session - Jul 16, 2026 2:18:16 PM",2026-07-16 02:18:16 PM 2:18:16 PM,01:26:09,,,,Enter Notes
2026-07-16 03:15:14 PM,77.0,67.5,61.8,29.01,855,29.01,0.0,77.4,62.9,222,77.0,session,"Session - Jul 16, 2026 2:18:16 PM",2026-07-16 02:18:16 PM 2:18:16 PM,01:26:09,,,,Enter Notes
2026-07-16 03:15:19 PM,77.0,67.5,61.8,29.01,855,29.01,0.0,77.4,62.9,222,77.0,session,"Session - Jul 16, 2026 2:18:16 PM",2026-07-16 02:18:16 PM 2:18:16 PM,01:26:09,,,,Enter Notes
2026-07-16 03:15:24 PM,77.0,67.5,61.8,29.01,855,29.02,0.0,77.2,62.9,222,76.8,session,"Session - Jul 16, 2026 2:18:16 PM",2026-07-16 02:18:16 PM 2:18:16 PM,01:26:09,,,,Enter Notes
2026-07-16 03:15:29 PM,77.0,67.5,61.7,29.01,855,29.02,0.0,77.4,62.9,222,77.0,session,"Session - Jul 16, 2026 2:18:16 PM",2026-07-16 02:18:16 PM 2:18:16 PM,01:26:09,,,,Enter Notes
2026-07-16 03:15:34 PM,77.0,67.3,61.7,29.01,855,29.01,0.0,77.2,62.8,222,76.8,session,"Session - Jul 16, 2026 2:18:16 PM",2026-07-16 02:18:16 PM 2:18:16 PM,01:26:09,,,,Enter Notes
2026-07-16 03:15:39 PM,77.0,67.3,61.7,29.01,855,29.01,0.0,77.4,62.9,222,77.0,session,"Session - Jul 16, 2026 2:18:16 PM",2026-07-16 02:18:16 PM 2:18:16 PM,01:26:09,,,,Enter Notes
2026-07-16 03:15:44 PM,77.0,67.3,61.7,29.01,855,29.01,0.0,77.2,62.8,222,76.8,session,"Session - Jul 16, 2026 2:18:16 PM",2026-07-16 02:18:16 PM 2:18:16 PM,01:26:09,,,,Enter Notes
2026-07-16 03:15:49 PM,77.0,67.3,61.7,29.01,855,29.02,0.0,77.2,62.8,222,76.8,session,"Session - Jul 16, 2026 2:18:16 PM",2026-07-16 02:18:16 PM 2:18:16 PM,01:26:09,,,,Enter Notes
2026-07-16 03:15:54 PM,76.9,67.3,61.7,29.01,855,29.01,0.0,77.2,62.8,222,76.8,session,"Session - Jul 16, 2026 2:18:16 PM",2026-07-16 02:18:16 PM 2:18:16 PM,01:26:09,,,,Enter Notes
2026-07-16 03:15:59 PM,77.0,67.5,61.8,29.01,855,29.02,0.0,77.4,62.9,222,77.0,session,"Session - Jul 16, 2026 2:18:16 PM",2026-07-16 02:18:16 PM 2:18:16 PM,01:26:09,,,,Enter Notes
2026-07-16 03:16:04 PM,77.0,67.5,61.8,29.01,855,29.02,0.0,77.2,62.9,222,76.8,session,"Session - Jul 16, 2026 2:18:16 PM",2026-07-16 02:18:16 PM 2:18:16 PM,01:26:09,,,,Enter Notes
2026-07-16 03:16:09 PM,76.9,67.3,61.8,29.01,855,29.02,0.0,77.2,62.8,222,76.8,session,"Session - Jul 16, 2026 2:18:16 PM",2026-07-16 02:18:16 PM 2:18:16 PM,01:26:09,,,,Enter Notes
2026-07-16 03:16:14 PM,76.9,67.3,61.8,29.01,855,29.02,0.0,77.2,62.8,222,76.8,session,"Session - Jul 16, 2026 2:18:16 PM",2026-07-16 02:18:16 PM 2:18:16 PM,01:26:09,,,,Enter Notes
2026-07-16 03:16:19 PM,77.0,67.3,61.7,29.01,853,29.02,0.0,77.2,62.8,222,76.8,session,"Session - Jul 16, 2026 2:18:16 PM",2026-07-16 02:18:16 PM 2:18:16 PM,01:26:09,,,,Enter Notes
2026-07-16 03:16:24 PM,76.9,67.3,61.7,29.01,853,29.02,0.0,77.2,62.8,222,76.8,session,"Session - Jul 16, 2026 2:18:16 PM",2026-07-16 02:18:16 PM 2:18:16 PM,01:26:09,,,,Enter Notes
2026-07-16 03:16:29 PM,76.9,67.3,61.6,29.01,855,29.02,0.0,77.2,62.8,222,76.8,session,"Session - Jul 16, 2026 2:18:16 PM",2026-07-16 02:18:16 PM 2:18:16 PM,01:26:09,,,,Enter Notes
2026-07-16 03:16:34 PM,77.0,67.3,61.6,29.01,855,29.02,0.0,77.4,62.8,222,77.0,session,"Session - Jul 16, 2026 2:18:16 PM",2026-07-16 02:18:16 PM 2:18:16 PM,01:26:09,,,,Enter Notes
2026-07-16 03:16:39 PM,76.9,67.3,61.7,29.01,855,29.02,0.0,77.2,62.8,222,76.8,session,"Session - Jul 16, 2026 2:18:16 PM",2026-07-16 02:18:16 PM 2:18:16 PM,01:26:09,,,,Enter Notes
2026-07-16 03:16:44 PM,76.9,67.3,61.7,29.01,855,29.01,0.0,77.2,62.7,222,76.8,session,"Session - Jul 16, 2026 2:18:16 PM",2026-07-16 02:18:16 PM 2:18:16 PM,01:26:09,,,,Enter Notes
2026-07-16 03:16:49 PM,77.1,67.5,61.7,29.01,855,29.01,0.0,77.4,62.9,222,77.0,session,"Session - Jul 16, 2026 2:18:16 PM",2026-07-16 02:18:16 PM 2:18:16 PM,01:26:09,,,,Enter Notes
2026-07-16 03:16:54 PM,76.9,67.3,61.7,29.01,855,29.01,0.0,77.2,62.8,222,76.8,session,"Session - Jul 16, 2026 2:18:16 PM",2026-07-16 02:18:16 PM 2:18:16 PM,01:26:09,,,,Enter Notes
2026-07-16 03:16:59 PM,76.9,67.3,61.8,29.01,855,29.02,0.0,77.2,62.8,222,76.8,session,"Session - Jul 16, 2026 2:18:16 PM",2026-07-16 02:18:16 PM 2:18:16 PM,01:26:09,,,,Enter Notes
2026-07-16 03:17:04 PM,76.9,67.3,61.8,29.01,855,29.01,0.0,77.2,62.8,222,76.8,session,"Session - Jul 16, 2026 2:18:16 PM",2026-07-16 02:18:16 PM 2:18:16 PM,01:26:09,,,,Enter Notes
2026-07-16 03:17:09 PM,76.9,67.3,61.8,29.01,855,29.02,0.0,77.2,62.8,222,76.8,session,"Session - Jul 16, 2026 2:18:16 PM",2026-07-16 02:18:16 PM 2:18:16 PM,01:26:09,,,,Enter Notes
2026-07-16 03:17:14 PM,76.9,67.3,61.8,29.01,853,29.02,0.0,77.2,62.8,222,76.8,session,"Session - Jul 16, 2026 2:18:16 PM",2026-07-16 02:18:16 PM 2:18:16 PM,01:26:09,,,,Enter Notes
2026-07-16 03:17:19 PM,76.9,67.3,61.7,29.01,853,29.02,0.0,77.2,62.8,222,76.8,session,"Session - Jul 16, 2026 2:18:16 PM",2026-07-16 02:18:16 PM 2:18:16 PM,01:26:09,,,,Enter Notes
2026-07-16 03:17:24 PM,76.9,67.3,61.7,29.01,855,29.01,0.0,77.2,62.7,222,76.8,session,"Session - Jul 16, 2026 2:18:16 PM",2026-07-16 02:18:16 PM 2:18:16 PM,01:26:09,,,,Enter Notes
2026-07-16 03:17:29 PM,77.1,67.5,61.7,29.01,855,29.01,0.0,77.4,62.9,222,77.0,session,"Session - Jul 16, 2026 2:18:16 PM",2026-07-16 02:18:16 PM 2:18:16 PM,01:26:09,,,,Enter Notes
2026-07-16 03:17:34 PM,76.9,67.3,61.6,29.01,855,29.02,0.0,77.2,62.7,222,76.8,session,"Session - Jul 16, 2026 2:18:16 PM",2026-07-16 02:18:16 PM 2:18:16 PM,01:26:09,,,,Enter Notes
2026-07-16 03:17:39 PM,76.9,67.3,61.6,29.01,855,29.02,0.0,77.2,62.7,222,76.8,session,"Session - Jul 16, 2026 2:18:16 PM",2026-07-16 02:18:16 PM 2:18:16 PM,01:26:09,,,,Enter Notes
2026-07-16 03:17:44 PM,76.9,67.3,61.6,29.01,855,29.01,0.0,77.2,62.7,222,76.8,session,"Session - Jul 16, 2026 2:18:16 PM",2026-07-16 02:18:16 PM 2:18:16 PM,01:26:09,,,,Enter Notes
2026-07-16 03:17:49 PM,76.9,67.3,61.6,29.01,853,29.02,0.0,77.2,62.7,222,76.8,session,"Session - Jul 16, 2026 2:18:16 PM",2026-07-16 02:18:16 PM 2:18:16 PM,01:26:09,,,,Enter Notes
2026-07-16 03:17:54 PM,76.9,67.3,61.6,29.01,855,29.01,0.0,77.2,62.7,222,76.8,session,"Session - Jul 16, 2026 2:18:16 PM",2026-07-16 02:18:16 PM 2:18:16 PM,01:26:09,,,,Enter Notes
2026-07-16 03:17:59 PM,76.9,67.3,61.6,29.01,855,29.01,0.0,77.2,62.7,222,76.8,session,"Session - Jul 16, 2026 2:18:16 PM",2026-07-16 02:18:16 PM 2:18:16 PM,01:26:09,,,,Enter Notes
2026-07-16 03:18:04 PM,76.9,67.3,61.7,29.01,855,29.01,0.0,77.2,62.7,222,76.8,session,"Session - Jul 16, 2026 2:18:16 PM",2026-07-16 02:18:16 PM 2:18:16 PM,01:26:09,,,,Enter Notes
2026-07-16 03:18:09 PM,77.1,67.5,61.8,29.01,858,29.01,0.0,77.4,63.0,222,77.0,session,"Session - Jul 16, 2026 2:18:16 PM",2026-07-16 02:18:16 PM 2:18:16 PM,01:26:09,,,,Enter Notes
2026-07-16 03:18:14 PM,76.8,67.3,61.9,29.01,855,29.01,0.0,77.2,62.8,223,76.8,session,"Session - Jul 16, 2026 2:18:16 PM",2026-07-16 02:18:16 PM 2:18:16 PM,01:26:09,,,,Enter Notes
2026-07-16 03:18:19 PM,77.0,67.5,62.0,29.01,855,29.02,0.7,77.2,63.0,222,76.8,session,"Session - Jul 16, 2026 2:18:16 PM",2026-07-16 02:18:16 PM 2:18:16 PM,01:26:09,,,,Enter Notes
2026-07-16 03:18:24 PM,76.9,67.3,61.9,29.01,853,29.02,0.8,77.2,62.8,222,76.8,session,"Session - Jul 16, 2026 2:18:16 PM",2026-07-16 02:18:16 PM 2:18:16 PM,01:26:09,,,,Enter Notes
2026-07-16 03:18:29 PM,76.8,67.3,61.8,29.01,855,29.02,0.0,77.2,62.7,222,76.8,session,"Session - Jul 16, 2026 2:18:16 PM",2026-07-16 02:18:16 PM 2:18:16 PM,01:26:09,,,,Enter Notes
2026-07-16 03:18:34 PM,76.8,67.3,61.8,29.01,855,29.01,0.0,76.8,62.7,222,76.6,session,"Session - Jul 16, 2026 2:18:16 PM",2026-07-16 02:18:16 PM 2:18:16 PM,01:26:09,,,,Enter Notes
2026-07-16 03:18:39 PM,76.6,67.1,61.7,29.01,858,29.01,0.8,76.6,62.5,222,76.5,session,"Session - Jul 16, 2026 2:18:16 PM",2026-07-16 02:18:16 PM 2:18:16 PM,01:26:09,,,,Enter Notes
2026-07-16 03:18:44 PM,76.2,66.7,61.4,29.01,855,29.01,1.8,76.1,62.0,222,76.1,session,"Session - Jul 16, 2026 2:18:16 PM",2026-07-16 02:18:16 PM 2:18:16 PM,01:26:09,,,,Enter Notes
2026-07-16 03:18:49 PM,76.2,66.4,60.8,29.01,855,29.01,1.4,76.1,61.6,222,76.1,session,"Session - Jul 16, 2026 2:18:16 PM",2026-07-16 02:18:16 PM 2:18:16 PM,01:26:09,,,,Enter Notes
2026-07-16 03:18:54 PM,76.4,66.7,61.0,29.02,853,29.02,1.9,76.3,62.0,223,76.3,session,"Session - Jul 16, 2026 2:18:16 PM",2026-07-16 02:18:16 PM 2:18:16 PM,01:26:09,,,,Enter Notes
2026-07-16 03:18:59 PM,77.4,68.0,62.4,29.01,853,29.02,1.1,77.9,63.6,222,77.4,session,"Session - Jul 16, 2026 2:18:16 PM",2026-07-16 02:18:16 PM 2:18:16 PM,01:26:09,,,,Enter Notes
2026-07-16 03:19:04 PM,79.3,70.3,64.7,29.01,855,29.01,1.0,81.1,66.4,222,79.2,session,"Session - Jul 16, 2026 2:18:16 PM",2026-07-16 02:18:16 PM 2:18:16 PM,01:26:09,,,,Enter Notes
2026-07-16 03:19:09 PM,80.6,72.5,68.5,29.01,855,29.02,0.8,84.4,69.3,222,80.6,session,"Session - Jul 16, 2026 2:18:16 PM",2026-07-16 02:18:16 PM 2:18:16 PM,01:26:09,,,,Enter Notes
2026-07-16 03:19:14 PM,81.4,73.8,70.4,29.01,855,29.01,0.9,86.2,70.9,222,81.3,session,"Session - Jul 16, 2026 2:18:16 PM",2026-07-16 02:18:16 PM 2:18:16 PM,01:26:09,,,,Enter Notes
2026-07-16 03:19:19 PM,81.9,74.7,72.0,29.01,855,29.01,0.9,87.4,72.0,222,81.9,session,"Session - Jul 16, 2026 2:18:16 PM",2026-07-16 02:18:16 PM 2:18:16 PM,01:26:09,,,,Enter Notes
2026-07-16 03:19:24 PM,82.2,75.0,72.5,29.01,855,29.02,0.0,88.3,72.5,222,82.2,session,"Session - Jul 16, 2026 2:18:16 PM",2026-07-16 02:18:16 PM 2:18:16 PM,01:26:09,,,,Enter Notes
2026-07-16 03:19:29 PM,82.8,75.7,72.8,29.01,855,29.01,0.0,89.6,73.2,222,82.8,session,"Session - Jul 16, 2026 2:18:16 PM",2026-07-16 02:18:16 PM 2:18:16 PM,01:26:09,,,,Enter Notes
2026-07-16 03:19:34 PM,83.2,76.1,72.8,29.01,853,29.02,0.0,90.5,73.5,222,83.1,session,"Session - Jul 16, 2026 2:18:16 PM",2026-07-16 02:18:16 PM 2:18:16 PM,01:26:09,,,,Enter Notes
2026-07-16 03:19:39 PM,83.2,75.9,72.4,29.01,853,29.02,0.0,90.5,73.4,222,83.1,session,"Session - Jul 16, 2026 2:18:16 PM",2026-07-16 02:18:16 PM 2:18:16 PM,01:26:09,,,,Enter Notes
2026-07-16 03:19:44 PM,83.6,76.3,72.0,29.01,855,29.02,0.0,91.2,73.6,222,83.5,session,"Session - Jul 16, 2026 2:18:16 PM",2026-07-16 02:18:16 PM 2:18:16 PM,01:26:09,,,,Enter Notes
2026-07-16 03:19:49 PM,83.6,76.1,71.5,29.01,855,29.01,0.0,91.0,73.4,222,83.5,session,"Session - Jul 16, 2026 2:18:16 PM",2026-07-16 02:18:16 PM 2:18:16 PM,01:26:09,,,,Enter Notes
2026-07-16 03:19:54 PM,84.0,76.3,71.1,29.01,858,29.01,1.1,91.8,73.6,222,83.8,session,"Session - Jul 16, 2026 2:18:16 PM",2026-07-16 02:18:16 PM 2:18:16 PM,01:26:09,,,,Enter Notes
2026-07-16 03:19:59 PM,84.6,76.6,70.6,29.01,855,29.01,1.5,93.4,74.0,222,84.6,session,"Session - Jul 16, 2026 2:18:16 PM",2026-07-16 02:18:16 PM 2:18:16 PM,01:26:09,,,,Enter Notes
2026-07-16 03:20:04 PM,84.9,76.8,70.3,29.01,861,29.01,1.1,94.3,74.2,222,84.9,session,"Session - Jul 16, 2026 2:18:16 PM",2026-07-16 02:18:16 PM 2:18:16 PM,01:26:09,,,,Enter Notes
2026-07-16 03:20:09 PM,85.2,77.0,69.7,29.01,858,29.01,0.9,94.5,74.2,222,85.1,session,"Session - Jul 16, 2026 2:18:16 PM",2026-07-16 02:18:16 PM 2:18:16 PM,01:26:09,,,,Enter Notes
2026-07-16 03:20:14 PM,85.4,77.0,69.2,29.00,866,29.00,0.0,94.6,74.2,222,85.3,session,"Session - Jul 16, 2026 2:18:16 PM",2026-07-16 02:18:16 PM 2:18:16 PM,01:26:09,,,,Enter Notes
2026-07-16 03:20:19 PM,85.8,77.2,68.6,29.00,869,29.00,0.9,95.5,74.3,222,85.8,session,"Session - Jul 16, 2026 2:18:16 PM",2026-07-16 02:18:16 PM 2:18:16 PM,01:26:09,,,,Enter Notes
2026-07-16 03:20:24 PM,86.5,77.5,68.2,29.00,865,29.01,0.8,96.6,74.7,222,86.4,session,"Session - Jul 16, 2026 2:18:16 PM",2026-07-16 02:18:16 PM 2:18:16 PM,01:26:09,,,,Enter Notes
2026-07-16 03:20:29 PM,86.8,77.7,67.5,29.00,873,29.00,0.0,97.3,74.7,222,86.7,session,"Session - Jul 16, 2026 2:18:16 PM",2026-07-16 02:18:16 PM 2:18:16 PM,01:26:09,,,,Enter Notes
2026-07-16 03:20:34 PM,87.3,78.1,67.1,29.00,866,29.00,0.0,98.2,75.0,222,87.3,session,"Session - Jul 16, 2026 2:18:16 PM",2026-07-16 02:18:16 PM 2:18:16 PM,01:26:09,,,,Enter Notes
2026-07-16 03:20:39 PM,87.8,78.4,66.5,29.00,865,29.01,1.0,99.3,75.2,222,87.8,session,"Session - Jul 16, 2026 2:18:16 PM",2026-07-16 02:18:16 PM 2:18:16 PM,01:26:09,,,,Enter Notes
2026-07-16 03:20:44 PM,87.9,78.3,66.0,29.00,861,29.01,0.9,99.0,75.1,222,87.8,session,"Session - Jul 16, 2026 2:18:16 PM",2026-07-16 02:18:16 PM 2:18:16 PM,01:26:09,,,,Enter Notes
2026-07-16 03:20:49 PM,86.8,77.0,64.8,29.00,861,29.01,1.4,96.1,73.5,222,86.7,session,"Session - Jul 16, 2026 2:18:16 PM",2026-07-16 02:18:16 PM 2:18:16 PM,01:26:09,,,,Enter Notes
2026-07-16 03:20:54 PM,84.7,74.1,61.6,29.01,861,29.01,0.9,90.3,70.1,222,84.6,session,"Session - Jul 16, 2026 2:18:16 PM",2026-07-16 02:18:16 PM 2:18:16 PM,01:26:09,,,,Enter Notes
2026-07-16 03:20:59 PM,83.5,71.1,55.0,29.01,861,29.01,0.7,86.0,65.6,222,83.3,session,"Session - Jul 16, 2026 2:18:16 PM",2026-07-16 02:18:16 PM 2:18:16 PM,01:26:09,,,,Enter Notes
2026-07-16 03:21:04 PM,82.4,68.9,51.1,29.00,861,29.01,0.7,83.3,62.5,222,82.4,session,"Session - Jul 16, 2026 2:18:16 PM",2026-07-16 02:18:16 PM 2:18:16 PM,01:26:09,,,,Enter Notes
2026-07-16 03:21:09 PM,81.8,66.9,46.8,29.00,861,29.01,1.2,81.5,59.5,222,81.7,session,"Session - Jul 16, 2026 2:18:16 PM",2026-07-16 02:18:16 PM 2:18:16 PM,01:26:09,,,,Enter Notes
2026-07-16 03:21:14 PM,81.4,66.0,45.0,29.01,861,29.01,1.0,80.6,58.0,222,81.3,session,"Session - Jul 16, 2026 2:18:16 PM",2026-07-16 02:18:16 PM 2:18:16 PM,01:26:09,,,,Enter Notes
2026-07-16 03:21:19 PM,80.8,65.1,43.6,29.01,861,29.01,1.2,79.7,56.6,222,80.8,session,"Session - Jul 16, 2026 2:18:16 PM",2026-07-16 02:18:16 PM 2:18:16 PM,01:26:09,,,,Enter Notes
2026-07-16 03:21:24 PM,80.5,64.8,43.2,29.01,858,29.01,1.0,79.2,56.1,222,80.4,session,"Session - Jul 16, 2026 2:18:16 PM",2026-07-16 02:18:16 PM 2:18:16 PM,01:26:09,,,,Enter Notes
2026-07-16 03:21:29 PM,80.2,64.4,43.1,29.01,861,29.01,1.0,78.8,55.7,222,80.1,session,"Session - Jul 16, 2026 2:18:16 PM",2026-07-16 02:18:16 PM 2:18:16 PM,01:26:09,,,,Enter Notes
2026-07-16 03:21:34 PM,80.1,64.4,43.1,29.00,861,29.01,0.9,78.8,55.7,222,80.1,session,"Session - Jul 16, 2026 2:18:16 PM",2026-07-16 02:18:16 PM 2:18:16 PM,01:26:09,,,,Enter Notes
2026-07-16 03:21:39 PM,80.0,64.4,43.3,29.01,858,29.01,1.0,78.6,55.7,222,79.9,session,"Session - Jul 16, 2026 2:18:16 PM",2026-07-16 02:18:16 PM 2:18:16 PM,01:26:09,,,,Enter Notes
2026-07-16 03:21:44 PM,79.9,64.4,43.5,29.01,861,29.01,1.1,78.6,55.7,222,79.9,session,"Session - Jul 16, 2026 2:18:16 PM",2026-07-16 02:18:16 PM 2:18:16 PM,01:26:09,,,,Enter Notes
2026-07-16 03:21:49 PM,79.8,64.4,43.7,29.01,861,29.01,1.4,78.4,55.8,222,79.7,session,"Session - Jul 16, 2026 2:18:16 PM",2026-07-16 02:18:16 PM 2:18:16 PM,01:26:09,,,,Enter Notes
2026-07-16 03:21:54 PM,79.8,64.4,43.9,29.01,858,29.01,1.4,78.4,55.9,222,79.7,session,"Session - Jul 16, 2026 2:18:16 PM",2026-07-16 02:18:16 PM 2:18:16 PM,01:26:09,,,,Enter Notes
2026-07-16 03:21:59 PM,79.6,64.4,43.9,29.01,861,29.01,1.6,78.3,55.8,222,79.5,session,"Session - Jul 16, 2026 2:18:16 PM",2026-07-16 02:18:16 PM 2:18:16 PM,01:26:09,,,,Enter Notes
2026-07-16 03:22:04 PM,79.5,64.2,43.9,29.00,861,29.01,1.2,78.1,55.7,222,79.5,session,"Session - Jul 16, 2026 2:18:16 PM",2026-07-16 02:18:16 PM 2:18:16 PM,01:26:09,,,,Enter Notes
2026-07-16 03:22:09 PM,79.7,64.4,44.0,29.00,865,29.01,1.0,78.3,55.9,222,79.5,session,"Session - Jul 16, 2026 2:18:16 PM",2026-07-16 02:18:16 PM 2:18:16 PM,01:26:09,,,,Enter Notes
2026-07-16 03:22:14 PM,79.7,64.4,44.0,29.00,861,29.01,0.8,78.4,55.9,222,79.7,session,"Session - Jul 16, 2026 2:18:16 PM",2026-07-16 02:18:16 PM 2:18:16 PM,01:26:09,,,,Enter Notes
2026-07-16 03:22:19 PM,79.8,64.6,44.3,29.01,861,29.01,0.8,78.4,56.2,222,79.7,session,"Session - Jul 16, 2026 2:18:16 PM",2026-07-16 02:18:16 PM 2:18:16 PM,01:26:09,,,,Enter Notes
2026-07-16 03:22:24 PM,79.9,64.8,44.6,29.01,861,29.01,0.7,78.4,56.4,222,79.7,session,"Session - Jul 16, 2026 2:18:16 PM",2026-07-16 02:18:16 PM 2:18:16 PM,01:26:09,,,,Enter Notes
2026-07-16 03:22:29 PM,80.0,64.8,45.0,29.01,861,29.01,0.0,79.0,56.7,222,79.9,session,"Session - Jul 16, 2026 2:18:16 PM",2026-07-16 02:18:16 PM 2:18:16 PM,01:26:09,,,,Enter Notes
2026-07-16 03:22:34 PM,80.0,64.9,45.1,29.00,861,29.01,0.0,79.0,56.8,222,79.9,session,"Session - Jul 16, 2026 2:18:16 PM",2026-07-16 02:18:16 PM 2:18:16 PM,01:26:09,,,,Enter Notes
2026-07-16 03:22:39 PM,80.0,64.9,45.1,29.01,861,29.01,0.0,79.0,56.8,222,79.9,session,"Session - Jul 16, 2026 2:18:16 PM",2026-07-16 02:18:16 PM 2:18:16 PM,01:26:09,,,,Enter Notes
2026-07-16 03:22:44 PM,79.9,64.8,45.0,29.00,861,29.01,0.8,78.6,56.6,222,79.7,session,"Session - Jul 16, 2026 2:18:16 PM",2026-07-16 02:18:16 PM 2:18:16 PM,01:26:09,,,,Enter Notes
2026-07-16 03:22:49 PM,79.4,64.4,44.7,29.00,861,29.01,0.0,78.1,56.0,222,79.3,session,"Session - Jul 16, 2026 2:18:16 PM",2026-07-16 02:18:16 PM 2:18:16 PM,01:26:09,,,,Enter Notes
2026-07-16 03:22:54 PM,79.4,64.2,44.6,29.01,861,29.01,0.0,78.1,56.0,223,79.3,session,"Session - Jul 16, 2026 2:18:16 PM",2026-07-16 02:18:16 PM 2:18:16 PM,01:26:09,,,,Enter Notes
2026-07-16 03:22:59 PM,79.3,64.2,44.6,29.00,861,29.01,0.0,77.9,55.9,223,79.2,session,"Session - Jul 16, 2026 2:18:16 PM",2026-07-16 02:18:16 PM 2:18:16 PM,01:26:09,,,,Enter Notes
2026-07-16 03:23:04 PM,77.8,63.0,44.5,29.00,861,29.01,6.1,76.1,54.4,223,77.7,session,"Session - Jul 16, 2026 2:18:16 PM",2026-07-16 02:18:16 PM 2:18:16 PM,01:26:09,,,,Enter Notes
2026-07-16 03:23:09 PM,77.2,62.2,44.1,29.00,861,29.01,1.2,75.4,53.7,222,77.2,session,"Session - Jul 16, 2026 2:18:16 PM",2026-07-16 02:18:16 PM 2:18:16 PM,01:26:09,,,,Enter Notes
2026-07-16 03:23:14 PM,76.7,61.9,44.2,29.01,861,29.01,4.4,74.8,53.3,222,76.6,session,"Session - Jul 16, 2026 2:18:16 PM",2026-07-16 02:18:16 PM 2:18:16 PM,01:26:09,,,,Enter Notes
2026-07-16 03:23:19 PM,76.6,61.9,44.4,29.00,865,29.00,1.7,74.7,53.3,222,76.6,session,"Session - Jul 16, 2026 2:18:16 PM",2026-07-16 02:18:16 PM 2:18:16 PM,01:26:09,,,,Enter Notes
2026-07-16 03:23:24 PM,76.7,62.1,44.7,29.01,861,29.01,1.1,74.8,53.6,222,76.6,session,"Session - Jul 16, 2026 2:18:16 PM",2026-07-16 02:18:16 PM 2:18:16 PM,01:26:09,,,,Enter Notes
2026-07-16 03:23:29 PM,76.8,62.4,45.3,29.00,861,29.01,1.0,75.0,54.0,222,76.6,session,"Session - Jul 16, 2026 2:18:16 PM",2026-07-16 02:18:16 PM 2:18:16 PM,01:26:09,,,,Enter Notes
2026-07-16 03:23:34 PM,76.7,62.4,45.7,29.00,861,29.01,0.8,75.0,54.2,222,76.6,session,"Session - Jul 16, 2026 2:18:16 PM",2026-07-16 02:18:16 PM 2:18:16 PM,01:26:09,,,,Enter Notes
2026-07-16 03:23:39 PM,77.0,62.8,46.2,29.00,865,29.01,0.9,75.2,54.8,222,76.8,session,"Session - Jul 16, 2026 2:18:16 PM",2026-07-16 02:18:16 PM 2:18:16 PM,01:26:09,,,,Enter Notes
2026-07-16 03:23:44 PM,77.2,63.1,46.6,29.00,861,29.01,0.0,75.7,55.2,222,77.2,session,"Session - Jul 16, 2026 2:18:16 PM",2026-07-16 02:18:16 PM 2:18:16 PM,01:26:09,,,,Enter Notes
2026-07-16 03:23:49 PM,77.3,63.3,47.0,29.00,865,29.01,0.0,75.9,55.5,222,77.2,session,"Session - Jul 16, 2026 2:18:16 PM",2026-07-16 02:18:16 PM 2:18:16 PM,01:26:09,,,,Enter Notes
2026-07-16 03:23:54 PM,77.4,63.5,47.2,29.00,861,29.01,0.0,76.1,55.7,222,77.4,session,"Session - Jul 16, 2026 2:18:16 PM",2026-07-16 02:18:16 PM 2:18:16 PM,01:26:09,,,,Enter Notes
2026-07-16 03:23:59 PM,77.1,63.3,47.3,29.01,861,29.01,0.0,75.6,55.5,222,77.0,session,"Session - Jul 16, 2026 2:18:16 PM",2026-07-16 02:18:16 PM 2:18:16 PM,01:26:09,,,,Enter Notes
2026-07-16 03:24:04 PM,77.0,63.1,47.2,29.00,861,29.01,0.0,75.6,55.4,222,77.0,session,"Session - Jul 16, 2026 2:18:16 PM",2026-07-16 02:18:16 PM 2:18:16 PM,01:26:09,,,,Enter Notes
2026-07-16 03:24:09 PM,77.3,63.5,47.3,29.01,861,29.01,0.0,75.9,55.7,222,77.2,session,"Session - Jul 16, 2026 2:18:16 PM",2026-07-16 02:18:16 PM 2:18:16 PM,01:26:09,,,,Enter Notes
2026-07-16 03:24:14 PM,77.3,63.7,47.5,29.00,861,29.01,0.0,75.9,55.9,222,77.2,session,"Session - Jul 16, 2026 2:18:16 PM",2026-07-16 02:18:16 PM 2:18:16 PM,01:26:09,,,,Enter Notes
2026-07-16 03:24:19 PM,77.3,63.7,47.8,29.00,865,29.01,0.0,75.9,56.0,222,77.2,session,"Session - Jul 16, 2026 2:18:16 PM",2026-07-16 02:18:16 PM 2:18:16 PM,01:26:09,,,,Enter Notes
2026-07-16 03:24:24 PM,77.5,63.9,48.0,29.00,861,29.01,0.0,76.1,56.3,222,77.4,session,"Session - Jul 16, 2026 2:18:16 PM",2026-07-16 02:18:16 PM 2:18:16 PM,01:26:09,,,,Enter Notes
2026-07-16 03:24:29 PM,77.6,63.9,48.1,29.00,865,29.01,0.0,76.3,56.4,222,77.5,session,"Session - Jul 16, 2026 2:18:16 PM",2026-07-16 02:18:16 PM 2:18:16 PM,01:26:09,,,,Enter Notes
2026-07-16 03:24:34 PM,77.7,64.0,48.2,29.00,861,29.01,0.0,76.5,56.6,222,77.7,session,"Session - Jul 16, 2026 2:18:16 PM",2026-07-16 02:18:16 PM 2:18:16 PM,01:26:09,,,,Enter Notes
2026-07-16 03:24:39 PM,77.8,64.0,48.3,29.00,861,29.01,0.0,76.5,56.7,222,77.7,session,"Session - Jul 16, 2026 2:18:16 PM",2026-07-16 02:18:16 PM 2:18:16 PM,01:26:09,,,,Enter Notes
2026-07-16 03:24:44 PM,77.8,64.0,48.3,29.00,861,29.01,0.0,76.5,56.7,222,77.7,session,"Session - Jul 16, 2026 2:18:16 PM",2026-07-16 02:18:16 PM 2:18:16 PM,01:26:09,,,,Enter Notes
2026-07-16 03:24:49 PM,77.9,64.2,48.2,29.00,861,29.01,0.0,76.8,56.8,222,77.9,session,"Session - Jul 16, 2026 2:18:16 PM",2026-07-16 02:18:16 PM 2:18:16 PM,01:26:09,,,,Enter Notes
2026-07-16 03:24:54 PM,77.6,63.9,48.2,29.01,861,29.01,0.0,76.3,56.5,222,77.5,session,"Session - Jul 16, 2026 2:18:16 PM",2026-07-16 02:18:16 PM 2:18:16 PM,01:26:09,,,,Enter Notes
2026-07-16 03:24:59 PM,77.5,63.9,48.1,29.00,865,29.01,0.0,76.1,56.3,222,77.4,session,"Session - Jul 16, 2026 2:18:16 PM",2026-07-16 02:18:16 PM 2:18:16 PM,01:26:09,,,,Enter Notes
2026-07-16 03:25:04 PM,77.6,63.9,48.1,29.00,865,29.00,0.0,76.3,56.4,222,77.5,session,"Session - Jul 16, 2026 2:18:16 PM",2026-07-16 02:18:16 PM 2:18:16 PM,01:26:09,,,,Enter Notes
2026-07-16 03:25:09 PM,77.6,64.0,48.2,29.00,861,29.01,0.0,76.3,56.5,222,77.5,session,"Session - Jul 16, 2026 2:18:16 PM",2026-07-16 02:18:16 PM 2:18:16 PM,01:26:09,,,,Enter Notes
2026-07-16 03:25:14 PM,77.6,63.9,48.2,29.00,861,29.01,0.0,76.3,56.5,222,77.5,session,"Session - Jul 16, 2026 2:18:16 PM",2026-07-16 02:18:16 PM 2:18:16 PM,01:26:09,,,,Enter Notes
2026-07-16 03:25:19 PM,77.6,64.0,48.2,29.00,865,29.01,0.0,76.3,56.5,222,77.5,session,"Session - Jul 16, 2026 2:18:16 PM",2026-07-16 02:18:16 PM 2:18:16 PM,01:26:09,,,,Enter Notes
2026-07-16 03:25:24 PM,77.6,64.0,48.2,29.00,865,29.01,0.0,76.3,56.5,222,77.5,session,"Session - Jul 16, 2026 2:18:16 PM",2026-07-16 02:18:16 PM 2:18:16 PM,01:26:09,,,,Enter Notes
2026-07-16 03:25:29 PM,77.6,64.0,48.1,29.00,861,29.01,0.0,76.3,56.4,222,77.5,session,"Session - Jul 16, 2026 2:18:16 PM",2026-07-16 02:18:16 PM 2:18:16 PM,01:26:09,,,,Enter Notes
2026-07-16 03:25:34 PM,77.7,64.0,48.1,29.00,866,29.00,0.0,76.5,56.5,222,77.7,session,"Session - Jul 16, 2026 2:18:16 PM",2026-07-16 02:18:16 PM 2:18:16 PM,01:26:09,,,,Enter Notes
2026-07-16 03:25:39 PM,77.7,64.0,48.0,29.00,865,29.00,0.0,76.3,56.5,222,77.5,session,"Session - Jul 16, 2026 2:18:16 PM",2026-07-16 02:18:16 PM 2:18:16 PM,01:26:09,,,,Enter Notes
2026-07-16 03:25:44 PM,77.7,64.0,48.0,29.00,861,29.01,0.0,76.5,56.5,222,77.7,session,"Session - Jul 16, 2026 2:18:16 PM",2026-07-16 02:18:16 PM 2:18:16 PM,01:26:09,,,,Enter Notes
2026-07-16 03:25:49 PM,77.5,63.9,48.1,29.00,865,29.01,0.0,76.1,56.3,222,77.4,session,"Session - Jul 16, 2026 2:18:16 PM",2026-07-16 02:18:16 PM 2:18:16 PM,01:26:09,,,,Enter Notes
2026-07-16 03:25:54 PM,77.4,63.7,48.0,29.00,865,29.01,0.0,76.1,56.2,222,77.4,session,"Session - Jul 16, 2026 2:18:16 PM",2026-07-16 02:18:16 PM 2:18:16 PM,01:26:09,,,,Enter Notes
2026-07-16 03:25:59 PM,77.5,63.9,48.1,29.00,865,29.00,0.8,76.1,56.3,222,77.4,session,"Session - Jul 16, 2026 2:18:16 PM",2026-07-16 02:18:16 PM 2:18:16 PM,01:26:09,,,,Enter Notes
2026-07-16 03:26:04 PM,77.6,64.0,48.2,29.00,865,29.01,0.0,76.3,56.5,222,77.5,session,"Session - Jul 16, 2026 2:18:16 PM",2026-07-16 02:18:16 PM 2:18:16 PM,01:26:09,,,,Enter Notes
2026-07-16 03:26:09 PM,77.7,64.0,48.3,29.00,865,29.01,0.0,76.5,56.7,222,77.7,session,"Session - Jul 16, 2026 2:18:16 PM",2026-07-16 02:18:16 PM 2:18:16 PM,01:26:09,,,,Enter Notes
2026-07-16 03:26:14 PM,77.8,64.2,48.4,29.00,861,29.01,0.0,76.6,56.8,222,77.7,session,"Session - Jul 16, 2026 2:18:16 PM",2026-07-16 02:18:16 PM 2:18:16 PM,01:26:09,,,,Enter Notes
2026-07-16 03:26:19 PM,77.9,64.4,48.5,29.00,861,29.01,0.0,77.0,56.9,222,77.9,session,"Session - Jul 16, 2026 2:18:16 PM",2026-07-16 02:18:16 PM 2:18:16 PM,01:26:09,,,,Enter Notes
2026-07-16 03:26:24 PM,78.0,64.4,48.6,29.00,865,29.01,0.0,77.0,57.1,222,77.9,session,"Session - Jul 16, 2026 2:18:16 PM",2026-07-16 02:18:16 PM 2:18:16 PM,01:26:09,,,,Enter Notes
2026-07-16 03:26:29 PM,78.2,64.4,48.7,29.00,865,29.01,0.0,77.2,57.3,222,78.1,session,"Session - Jul 16, 2026 2:18:16 PM",2026-07-16 02:18:16 PM 2:18:16 PM,01:26:09,,,,Enter Notes
2026-07-16 03:26:34 PM,78.0,64.4,48.7,29.00,866,29.00,0.0,77.0,57.1,222,77.9,session,"Session - Jul 16, 2026 2:18:16 PM",2026-07-16 02:18:16 PM 2:18:16 PM,01:26:09,,,,Enter Notes
2026-07-16 03:26:39 PM,78.2,64.6,48.6,29.00,861,29.01,0.0,77.2,57.3,222,78.1,session,"Session - Jul 16, 2026 2:18:16 PM",2026-07-16 02:18:16 PM 2:18:16 PM,01:26:09,,,,Enter Notes
2026-07-16 03:26:44 PM,78.2,64.6,48.5,29.00,865,29.01,0.0,77.2,57.2,222,78.1,session,"Session - Jul 16, 2026 2:18:16 PM",2026-07-16 02:18:16 PM 2:18:16 PM,01:26:09,,,,Enter Notes
2026-07-16 03:26:49 PM,78.2,64.6,48.4,29.00,865,29.00,0.0,77.0,57.1,222,78.1,session,"Session - Jul 16, 2026 2:18:16 PM",2026-07-16 02:18:16 PM 2:18:16 PM,01:26:09,,,,Enter Notes
2026-07-16 03:26:54 PM,78.2,64.6,48.3,29.00,865,29.00,0.0,77.0,57.1,222,78.1,session,"Session - Jul 16, 2026 2:18:16 PM",2026-07-16 02:18:16 PM 2:18:16 PM,01:26:09,,,,Enter Notes
2026-07-16 03:26:59 PM,78.2,64.4,48.2,29.00,861,29.01,0.0,77.0,57.0,222,78.1,session,"Session - Jul 16, 2026 2:18:16 PM",2026-07-16 02:18:16 PM 2:18:16 PM,01:26:09,,,,Enter Notes
2026-07-16 03:27:04 PM,78.2,64.6,48.2,29.00,865,29.00,0.0,77.0,57.0,222,78.1,session,"Session - Jul 16, 2026 2:18:16 PM",2026-07-16 02:18:16 PM 2:18:16 PM,01:26:09,,,,Enter Notes
2026-07-16 03:27:09 PM,78.2,64.6,48.2,29.00,865,29.01,0.0,77.0,57.0,222,78.1,session,"Session - Jul 16, 2026 2:18:16 PM",2026-07-16 02:18:16 PM 2:18:16 PM,01:26:09,,,,Enter Notes
2026-07-16 03:27:14 PM,78.2,64.6,48.1,29.00,865,29.01,0.0,77.0,57.0,222,78.1,session,"Session - Jul 16, 2026 2:18:16 PM",2026-07-16 02:18:16 PM 2:18:16 PM,01:26:09,,,,Enter Notes
2026-07-16 03:27:19 PM,78.2,64.4,48.0,29.00,861,29.01,0.0,77.0,56.9,222,78.1,session,"Session - Jul 16, 2026 2:18:16 PM",2026-07-16 02:18:16 PM 2:18:16 PM,01:26:09,,,,Enter Notes
2026-07-16 03:27:24 PM,78.2,64.4,48.0,29.00,861,29.01,0.0,77.0,56.9,222,78.1,session,"Session - Jul 16, 2026 2:18:16 PM",2026-07-16 02:18:16 PM 2:18:16 PM,01:26:09,,,,Enter Notes
2026-07-16 03:27:29 PM,78.2,64.4,47.9,29.00,861,29.01,0.0,77.0,56.9,222,78.1,session,"Session - Jul 16, 2026 2:18:16 PM",2026-07-16 02:18:16 PM 2:18:16 PM,01:26:09,,,,Enter Notes
2026-07-16 03:27:34 PM,78.2,64.4,47.9,29.00,861,29.01,0.0,77.0,56.8,222,78.1,session,"Session - Jul 16, 2026 2:18:16 PM",2026-07-16 02:18:16 PM 2:18:16 PM,01:26:09,,,,Enter Notes
2026-07-16 03:27:39 PM,78.3,64.4,47.8,29.00,865,29.01,0.0,77.2,56.9,222,78.3,session,"Session - Jul 16, 2026 2:18:16 PM",2026-07-16 02:18:16 PM 2:18:16 PM,01:26:09,,,,Enter Notes
2026-07-16 03:27:44 PM,78.5,64.6,47.8,29.00,865,29.00,0.0,77.5,57.1,222,78.4,session,"Session - Jul 16, 2026 2:18:16 PM",2026-07-16 02:18:16 PM 2:18:16 PM,01:26:09,,,,Enter Notes
2026-07-16 03:27:49 PM,78.3,64.6,47.8,29.00,865,29.01,0.0,77.2,56.9,222,78.3,session,"Session - Jul 16, 2026 2:18:16 PM",2026-07-16 02:18:16 PM 2:18:16 PM,01:26:09,,,,Enter Notes
2026-07-16 03:27:54 PM,78.4,64.6,47.8,29.00,861,29.01,0.0,77.2,57.0,222,78.3,session,"Session - Jul 16, 2026 2:18:16 PM",2026-07-16 02:18:16 PM 2:18:16 PM,01:26:09,,,,Enter Notes
2026-07-16 03:27:59 PM,78.3,64.4,47.8,29.01,861,29.01,0.0,77.2,56.8,222,78.3,session,"Session - Jul 16, 2026 2:18:16 PM",2026-07-16 02:18:16 PM 2:18:16 PM,01:26:09,,,,Enter Notes
2026-07-16 03:28:04 PM,78.3,64.4,47.7,29.00,865,29.01,0.0,77.2,56.8,222,78.3,session,"Session - Jul 16, 2026 2:18:16 PM",2026-07-16 02:18:16 PM 2:18:16 PM,01:26:09,,,,Enter Notes
2026-07-16 03:28:09 PM,78.3,64.4,47.6,29.00,861,29.01,0.0,77.2,56.8,222,78.3,session,"Session - Jul 16, 2026 2:18:16 PM",2026-07-16 02:18:16 PM 2:18:16 PM,01:26:09,,,,Enter Notes
2026-07-16 03:28:14 PM,78.3,64.4,47.6,29.00,865,29.01,0.0,77.2,56.8,222,78.3,session,"Session - Jul 16, 2026 2:18:16 PM",2026-07-16 02:18:16 PM 2:18:16 PM,01:26:09,,,,Enter Notes
2026-07-16 03:28:19 PM,78.3,64.4,47.5,29.00,865,29.01,0.0,77.2,56.7,222,78.3,session,"Session - Jul 16, 2026 2:18:16 PM",2026-07-16 02:18:16 PM 2:18:16 PM,01:26:09,,,,Enter Notes
2026-07-16 03:28:24 PM,78.4,64.4,47.5,29.00,861,29.01,0.0,77.2,56.8,222,78.3,session,"Session - Jul 16, 2026 2:18:16 PM",2026-07-16 02:18:16 PM 2:18:16 PM,01:26:09,,,,Enter Notes
2026-07-16 03:28:29 PM,78.3,64.4,47.4,29.00,861,29.01,0.0,77.2,56.7,222,78.3,session,"Session - Jul 16, 2026 2:18:16 PM",2026-07-16 02:18:16 PM 2:18:16 PM,01:26:09,,,,Enter Notes
2026-07-16 03:28:34 PM,78.3,64.4,47.4,29.00,861,29.01,0.0,77.2,56.6,222,78.3,session,"Session - Jul 16, 2026 2:18:16 PM",2026-07-16 02:18:16 PM 2:18:16 PM,01:26:09,,,,Enter Notes
2026-07-16 03:28:39 PM,78.3,64.4,47.3,29.01,861,29.01,0.0,77.2,56.6,222,78.3,session,"Session - Jul 16, 2026 2:18:16 PM",2026-07-16 02:18:16 PM 2:18:16 PM,01:26:09,,,,Enter Notes
2026-07-16 03:28:44 PM,78.3,64.4,47.4,29.00,861,29.01,0.0,77.2,56.7,222,78.3,session,"Session - Jul 16, 2026 2:18:16 PM",2026-07-16 02:18:16 PM 2:18:16 PM,01:26:09,,,,Enter Notes
2026-07-16 03:28:49 PM,78.3,64.4,47.5,29.00,865,29.01,3.9,77.2,56.8,222,78.3,session,"Session - Jul 16, 2026 2:18:16 PM",2026-07-16 02:18:16 PM 2:18:16 PM,01:26:09,,,,Enter Notes
2026-07-16 03:28:54 PM,78.1,64.0,47.5,29.00,861,29.01,1.8,77.0,56.5,222,78.1,session,"Session - Jul 16, 2026 2:18:16 PM",2026-07-16 02:18:16 PM 2:18:16 PM,01:26:09,,,,Enter Notes
2026-07-16 03:28:59 PM,78.2,64.4,47.5,29.00,865,29.01,0.9,77.0,56.6,222,78.1,session,"Session - Jul 16, 2026 2:18:16 PM",2026-07-16 02:18:16 PM 2:18:16 PM,01:26:09,,,,Enter Notes
2026-07-16 03:29:04 PM,78.2,64.4,47.5,29.00,865,29.01,0.0,77.0,56.6,222,78.1,session,"Session - Jul 16, 2026 2:18:16 PM",2026-07-16 02:18:16 PM 2:18:16 PM,01:26:09,,,,Enter Notes
2026-07-16 03:29:09 PM,78.2,64.4,47.6,29.00,865,29.01,0.0,77.0,56.7,222,78.1,session,"Session - Jul 16, 2026 2:18:16 PM",2026-07-16 02:18:16 PM 2:18:16 PM,01:26:09,,,,Enter Notes
2026-07-16 03:29:14 PM,78.3,64.4,47.6,29.00,861,29.01,0.0,77.2,56.8,222,78.3,session,"Session - Jul 16, 2026 2:18:16 PM",2026-07-16 02:18:16 PM 2:18:16 PM,01:26:09,,,,Enter Notes
2026-07-16 03:29:19 PM,78.3,64.4,47.6,29.00,865,29.01,0.0,77.2,56.8,222,78.3,session,"Session - Jul 16, 2026 2:18:16 PM",2026-07-16 02:18:16 PM 2:18:16 PM,01:26:09,,,,Enter Notes
2026-07-16 03:29:24 PM,78.3,64.4,47.6,29.00,861,29.01,0.0,77.2,56.8,222,78.3,session,"Session - Jul 16, 2026 2:18:16 PM",2026-07-16 02:18:16 PM 2:18:16 PM,01:26:09,,,,Enter Notes
2026-07-16 03:29:29 PM,78.3,64.4,47.6,29.00,861,29.01,0.0,77.2,56.8,222,78.3,session,"Session - Jul 16, 2026 2:18:16 PM",2026-07-16 02:18:16 PM 2:18:16 PM,01:26:09,,,,Enter Notes
2026-07-16 03:29:34 PM,78.3,64.4,47.6,29.00,865,29.01,0.0,77.2,56.8,222,78.3,session,"Session - Jul 16, 2026 2:18:16 PM",2026-07-16 02:18:16 PM 2:18:16 PM,01:26:09,,,,Enter Notes
2026-07-16 03:29:39 PM,78.3,64.4,47.7,29.00,861,29.01,0.8,77.2,56.8,222,78.3,session,"Session - Jul 16, 2026 2:18:16 PM",2026-07-16 02:18:16 PM 2:18:16 PM,01:26:09,,,,Enter Notes
2026-07-16 03:29:44 PM,77.9,64.0,47.6,29.00,865,29.01,0.9,76.8,56.4,222,77.9,session,"Session - Jul 16, 2026 2:18:16 PM",2026-07-16 02:18:16 PM 2:18:16 PM,01:26:09,,,,Enter Notes
2026-07-16 03:29:49 PM,77.8,63.9,47.3,29.00,865,29.01,1.0,76.5,56.1,222,77.7,session,"Session - Jul 16, 2026 2:18:16 PM",2026-07-16 02:18:16 PM 2:18:16 PM,01:26:09,,,,Enter Notes
2026-07-16 03:29:54 PM,77.2,63.3,47.1,29.00,865,29.01,1.0,75.9,55.5,222,77.2,session,"Session - Jul 16, 2026 2:18:16 PM",2026-07-16 02:18:16 PM 2:18:16 PM,01:26:09,,,,Enter Notes
2026-07-16 03:29:59 PM,77.0,63.1,46.8,29.00,865,29.01,0.0,75.6,55.2,222,77.0,session,"Session - Jul 16, 2026 2:18:16 PM",2026-07-16 02:18:16 PM 2:18:16 PM,01:26:09,,,,Enter Notes
2026-07-16 03:30:04 PM,77.1,63.1,46.8,29.01,861,29.01,0.8,75.6,55.2,222,77.0,session,"Session - Jul 16, 2026 2:18:16 PM",2026-07-16 02:18:16 PM 2:18:16 PM,01:26:09,,,,Enter Notes
2026-07-16 03:30:09 PM,77.1,63.1,46.9,29.00,861,29.01,0.7,75.6,55.2,222,77.0,session,"Session - Jul 16, 2026 2:18:16 PM",2026-07-16 02:18:16 PM 2:18:16 PM,01:26:09,,,,Enter Notes
2026-07-16 03:30:14 PM,77.1,63.1,47.0,29.00,861,29.01,0.0,75.6,55.4,222,77.0,session,"Session - Jul 16, 2026 2:18:16 PM",2026-07-16 02:18:16 PM 2:18:16 PM,01:26:09,,,,Enter Notes
2026-07-16 03:30:19 PM,77.3,63.3,47.2,29.01,858,29.01,0.0,75.9,55.6,222,77.2,session,"Session - Jul 16, 2026 2:18:16 PM",2026-07-16 02:18:16 PM 2:18:16 PM,01:26:09,,,,Enter Notes
2026-07-16 03:30:24 PM,77.1,63.3,47.3,29.00,861,29.01,0.0,75.6,55.5,222,77.0,session,"Session - Jul 16, 2026 2:18:16 PM",2026-07-16 02:18:16 PM 2:18:16 PM,01:26:09,,,,Enter Notes
2026-07-16 03:30:29 PM,77.1,63.3,47.5,29.01,861,29.01,0.0,75.6,55.6,222,77.0,session,"Session - Jul 16, 2026 2:18:16 PM",2026-07-16 02:18:16 PM 2:18:16 PM,01:26:09,,,,Enter Notes
2026-07-16 03:30:34 PM,77.0,63.3,47.5,29.00,861,29.01,0.0,75.6,55.6,222,77.0,session,"Session - Jul 16, 2026 2:18:16 PM",2026-07-16 02:18:16 PM 2:18:16 PM,01:26:09,,,,Enter Notes
2026-07-16 03:30:39 PM,77.0,63.3,47.5,29.01,861,29.01,0.0,75.6,55.6,222,77.0,session,"Session - Jul 16, 2026 2:18:16 PM",2026-07-16 02:18:16 PM 2:18:16 PM,01:26:09,,,,Enter Notes
2026-07-16 03:30:44 PM,77.0,63.3,47.5,29.00,861,29.01,0.0,75.4,55.5,222,76.8,session,"Session - Jul 16, 2026 2:18:16 PM",2026-07-16 02:18:16 PM 2:18:16 PM,01:26:09,,,,Enter Notes
2026-07-16 03:30:49 PM,76.9,63.3,47.5,29.01,861,29.01,0.0,75.4,55.5,222,76.8,session,"Session - Jul 16, 2026 2:18:16 PM",2026-07-16 02:18:16 PM 2:18:16 PM,01:26:09,,,,Enter Notes
2026-07-16 03:30:54 PM,76.8,63.1,47.6,29.00,861,29.01,0.0,75.4,55.4,222,76.8,session,"Session - Jul 16, 2026 2:18:16 PM",2026-07-16 02:18:16 PM 2:18:16 PM,01:26:09,,,,Enter Notes
2026-07-16 03:30:59 PM,76.7,63.1,47.6,29.01,861,29.01,0.0,75.2,55.4,222,76.6,session,"Session - Jul 16, 2026 2:18:16 PM",2026-07-16 02:18:16 PM 2:18:16 PM,01:26:09,,,,Enter Notes
2026-07-16 03:31:04 PM,76.7,63.1,47.6,29.00,861,29.01,0.0,75.2,55.3,222,76.6,session,"Session - Jul 16, 2026 2:18:16 PM",2026-07-16 02:18:16 PM 2:18:16 PM,01:26:09,,,,Enter Notes
2026-07-16 03:31:09 PM,76.6,63.1,47.7,29.00,865,29.01,0.0,75.0,55.3,222,76.5,session,"Session - Jul 16, 2026 2:18:16 PM",2026-07-16 02:18:16 PM 2:18:16 PM,01:26:09,,,,Enter Notes
2026-07-16 03:31:14 PM,76.5,63.0,47.8,29.00,865,29.01,0.0,75.0,55.3,222,76.5,session,"Session - Jul 16, 2026 2:18:16 PM",2026-07-16 02:18:16 PM 2:18:16 PM,01:26:09,,,,Enter Notes
2026-07-16 03:31:19 PM,76.7,63.1,47.9,29.00,861,29.01,0.0,75.2,55.5,222,76.6,session,"Session - Jul 16, 2026 2:18:16 PM",2026-07-16 02:18:16 PM 2:18:16 PM,01:26:09,,,,Enter Notes
2026-07-16 03:31:24 PM,76.7,63.1,48.0,29.01,861,29.01,0.0,75.2,55.6,222,76.6,session,"Session - Jul 16, 2026 2:18:16 PM",2026-07-16 02:18:16 PM 2:18:16 PM,01:26:09,,,,Enter Notes
2026-07-16 03:31:29 PM,76.8,63.3,48.1,29.01,858,29.01,0.0,75.2,55.7,222,76.6,session,"Session - Jul 16, 2026 2:18:16 PM",2026-07-16 02:18:16 PM 2:18:16 PM,01:26:09,,,,Enter Notes
2026-07-16 03:31:34 PM,76.8,63.3,48.1,29.01,861,29.01,0.0,75.2,55.7,222,76.6,session,"Session - Jul 16, 2026 2:18:16 PM",2026-07-16 02:18:16 PM 2:18:16 PM,01:26:09,,,,Enter Notes
2026-07-16 03:31:39 PM,76.7,63.3,48.2,29.01,858,29.01,0.0,75.2,55.7,222,76.6,session,"Session - Jul 16, 2026 2:18:16 PM",2026-07-16 02:18:16 PM 2:18:16 PM,01:26:09,,,,Enter Notes
2026-07-16 03:31:44 PM,76.7,63.1,48.2,29.00,861,29.01,0.0,75.2,55.6,222,76.6,session,"Session - Jul 16, 2026 2:18:16 PM",2026-07-16 02:18:16 PM 2:18:16 PM,01:26:09,,,,Enter Notes
2026-07-16 03:31:49 PM,76.7,63.1,48.2,29.00,861,29.01,0.0,75.2,55.7,222,76.6,session,"Session - Jul 16, 2026 2:18:16 PM",2026-07-16 02:18:16 PM 2:18:16 PM,01:26:09,,,,Enter Notes
2026-07-16 03:31:54 PM,76.7,63.1,48.3,29.00,865,29.01,0.0,75.2,55.7,222,76.6,session,"Session - Jul 16, 2026 2:18:16 PM",2026-07-16 02:18:16 PM 2:18:16 PM,01:26:09,,,,Enter Notes
2026-07-16 03:31:59 PM,76.7,63.1,48.3,29.00,861,29.01,0.0,75.2,55.7,222,76.6,session,"Session - Jul 16, 2026 2:18:16 PM",2026-07-16 02:18:16 PM 2:18:16 PM,01:26:09,,,,Enter Notes
2026-07-16 03:32:04 PM,76.7,63.1,48.4,29.00,861,29.01,0.0,75.2,55.8,222,76.6,session,"Session - Jul 16, 2026 2:18:16 PM",2026-07-16 02:18:16 PM 2:18:16 PM,01:26:09,,,,Enter Notes
2026-07-16 03:32:09 PM,76.7,63.1,48.4,29.01,858,29.01,0.0,75.2,55.7,222,76.6,session,"Session - Jul 16, 2026 2:18:16 PM",2026-07-16 02:18:16 PM 2:18:16 PM,01:26:09,,,,Enter Notes
2026-07-16 03:32:14 PM,76.7,63.3,48.4,29.00,861,29.01,0.0,75.2,55.8,222,76.6,session,"Session - Jul 16, 2026 2:18:16 PM",2026-07-16 02:18:16 PM 2:18:16 PM,01:26:09,,,,Enter Notes
2026-07-16 03:32:19 PM,76.7,63.3,48.4,29.00,861,29.01,0.0,75.2,55.8,222,76.6,session,"Session - Jul 16, 2026 2:18:16 PM",2026-07-16 02:18:16 PM 2:18:16 PM,01:26:09,,,,Enter Notes
2026-07-16 03:32:24 PM,76.7,63.3,48.4,29.00,861,29.01,0.0,75.2,55.8,222,76.6,session,"Session - Jul 16, 2026 2:18:16 PM",2026-07-16 02:18:16 PM 2:18:16 PM,01:26:09,,,,Enter Notes
2026-07-16 03:32:29 PM,76.7,63.1,48.4,29.00,865,29.01,0.0,75.2,55.7,222,76.6,session,"Session - Jul 16, 2026 2:18:16 PM",2026-07-16 02:18:16 PM 2:18:16 PM,01:26:09,,,,Enter Notes
2026-07-16 03:32:34 PM,76.7,63.1,48.4,29.00,861,29.01,0.0,75.2,55.7,222,76.6,session,"Session - Jul 16, 2026 2:18:16 PM",2026-07-16 02:18:16 PM 2:18:16 PM,01:26:09,,,,Enter Notes
2026-07-16 03:32:39 PM,76.7,63.1,48.4,29.00,861,29.01,0.0,75.2,55.7,222,76.6,session,"Session - Jul 16, 2026 2:18:16 PM",2026-07-16 02:18:16 PM 2:18:16 PM,01:26:09,,,,Enter Notes
2026-07-16 03:32:44 PM,76.6,63.1,48.4,29.00,865,29.01,0.0,75.0,55.7,222,76.5,session,"Session - Jul 16, 2026 2:18:16 PM",2026-07-16 02:18:16 PM 2:18:16 PM,01:26:09,,,,Enter Notes
2026-07-16 03:32:49 PM,76.5,63.1,48.4,29.01,861,29.01,0.0,75.0,55.6,222,76.5,session,"Session - Jul 16, 2026 2:18:16 PM",2026-07-16 02:18:16 PM 2:18:16 PM,01:26:09,,,,Enter Notes
2026-07-16 03:32:54 PM,76.5,63.1,48.3,29.00,865,29.01,0.0,75.0,55.6,222,76.5,session,"Session - Jul 16, 2026 2:18:16 PM",2026-07-16 02:18:16 PM 2:18:16 PM,01:26:09,,,,Enter Notes
2026-07-16 03:32:59 PM,76.5,63.1,48.3,29.00,861,29.01,0.0,75.0,55.6,222,76.5,session,"Session - Jul 16, 2026 2:18:16 PM",2026-07-16 02:18:16 PM 2:18:16 PM,01:26:09,,,,Enter Notes
2026-07-16 03:33:04 PM,76.6,63.1,48.3,29.00,861,29.01,0.0,75.0,55.6,222,76.5,session,"Session - Jul 16, 2026 2:18:16 PM",2026-07-16 02:18:16 PM 2:18:16 PM,01:26:09,,,,Enter Notes
2026-07-16 03:33:09 PM,76.6,63.1,48.3,29.00,861,29.01,0.0,75.0,55.7,222,76.5,session,"Session - Jul 16, 2026 2:18:16 PM",2026-07-16 02:18:16 PM 2:18:16 PM,01:26:09,,,,Enter Notes
2026-07-16 03:33:14 PM,76.6,63.1,48.3,29.01,861,29.01,0.0,75.0,55.6,222,76.5,session,"Session - Jul 16, 2026 2:18:16 PM",2026-07-16 02:18:16 PM 2:18:16 PM,01:26:09,,,,Enter Notes
2026-07-16 03:33:19 PM,76.6,63.1,48.3,29.01,861,29.01,0.0,75.0,55.7,222,76.5,session,"Session - Jul 16, 2026 2:18:16 PM",2026-07-16 02:18:16 PM 2:18:16 PM,01:26:09,,,,Enter Notes
2026-07-16 03:33:24 PM,76.6,63.1,48.3,29.00,865,29.01,0.0,75.0,55.6,222,76.5,session,"Session - Jul 16, 2026 2:18:16 PM",2026-07-16 02:18:16 PM 2:18:16 PM,01:26:09,,,,Enter Notes
2026-07-16 03:33:29 PM,76.5,63.1,48.3,29.00,865,29.01,0.0,75.0,55.6,222,76.5,session,"Session - Jul 16, 2026 2:18:16 PM",2026-07-16 02:18:16 PM 2:18:16 PM,01:26:09,,,,Enter Notes
2026-07-16 03:33:34 PM,76.6,63.1,48.3,29.00,861,29.01,0.0,75.0,55.6,222,76.5,session,"Session - Jul 16, 2026 2:18:16 PM",2026-07-16 02:18:16 PM 2:18:16 PM,01:26:09,,,,Enter Notes
2026-07-16 03:33:39 PM,76.5,63.1,48.4,29.00,861,29.01,0.0,75.0,55.6,222,76.5,session,"Session - Jul 16, 2026 2:18:16 PM",2026-07-16 02:18:16 PM 2:18:16 PM,01:26:09,,,,Enter Notes
2026-07-16 03:33:44 PM,76.4,63.0,48.4,29.00,865,29.01,0.0,75.0,55.5,222,76.3,session,"Session - Jul 16, 2026 2:18:16 PM",2026-07-16 02:18:16 PM 2:18:16 PM,01:26:09,,,,Enter Notes
2026-07-16 03:33:49 PM,76.3,63.0,48.4,29.00,865,29.01,0.0,75.0,55.4,222,76.3,session,"Session - Jul 16, 2026 2:18:16 PM",2026-07-16 02:18:16 PM 2:18:16 PM,01:26:09,,,,Enter Notes
2026-07-16 03:33:54 PM,76.5,63.1,48.4,29.00,865,29.00,0.0,75.2,55.6,222,76.5,session,"Session - Jul 16, 2026 2:18:16 PM",2026-07-16 02:18:16 PM 2:18:16 PM,01:26:09,,,,Enter Notes
2026-07-16 03:33:59 PM,76.5,63.1,48.5,29.00,865,29.01,0.0,75.2,55.7,222,76.5,session,"Session - Jul 16, 2026 2:18:16 PM",2026-07-16 02:18:16 PM 2:18:16 PM,01:26:09,,,,Enter Notes
2026-07-16 03:34:04 PM,76.5,63.1,48.5,29.00,865,29.01,0.0,75.2,55.7,222,76.5,session,"Session - Jul 16, 2026 2:18:16 PM",2026-07-16 02:18:16 PM 2:18:16 PM,01:26:09,,,,Enter Notes
2026-07-16 03:34:09 PM,76.5,63.1,48.5,29.00,861,29.01,0.0,75.2,55.7,222,76.5,session,"Session - Jul 16, 2026 2:18:16 PM",2026-07-16 02:18:16 PM 2:18:16 PM,01:26:09,,,,Enter Notes
2026-07-16 03:34:14 PM,76.5,63.1,48.5,29.00,861,29.01,0.0,75.2,55.7,222,76.5,session,"Session - Jul 16, 2026 2:18:16 PM",2026-07-16 02:18:16 PM 2:18:16 PM,01:26:09,,,,Enter Notes
2026-07-16 03:34:19 PM,76.5,63.1,48.6,29.00,861,29.01,0.0,75.2,55.7,222,76.5,session,"Session - Jul 16, 2026 2:18:16 PM",2026-07-16 02:18:16 PM 2:18:16 PM,01:26:09,,,,Enter Notes
2026-07-16 03:34:24 PM,76.5,63.1,48.6,29.00,865,29.01,0.0,75.2,55.7,222,76.5,session,"Session - Jul 16, 2026 2:18:16 PM",2026-07-16 02:18:16 PM 2:18:16 PM,01:26:09,,,,Enter Notes
2026-07-16 03:34:29 PM,76.6,63.1,48.6,29.00,861,29.01,0.0,75.2,55.8,222,76.5,session,"Session - Jul 16, 2026 2:18:16 PM",2026-07-16 02:18:16 PM 2:18:16 PM,01:26:09,,,,Enter Notes
2026-07-16 03:34:34 PM,76.6,63.1,48.6,29.00,865,29.01,0.0,75.2,55.8,222,76.5,session,"Session - Jul 16, 2026 2:18:16 PM",2026-07-16 02:18:16 PM 2:18:16 PM,01:26:09,,,,Enter Notes
2026-07-16 03:34:39 PM,76.7,63.3,48.7,29.00,865,29.00,0.0,75.4,56.0,222,76.6,session,"Session - Jul 16, 2026 2:18:16 PM",2026-07-16 02:18:16 PM 2:18:16 PM,01:26:09,,,,Enter Notes
2026-07-16 03:34:44 PM,76.6,63.1,48.7,29.00,866,29.00,0.0,75.2,55.8,222,76.5,session,"Session - Jul 16, 2026 2:18:16 PM",2026-07-16 02:18:16 PM 2:18:16 PM,01:26:09,,,,Enter Notes
2026-07-16 03:34:49 PM,76.5,63.1,48.6,29.00,865,29.01,0.0,75.2,55.7,222,76.5,session,"Session - Jul 16, 2026 2:18:16 PM",2026-07-16 02:18:16 PM 2:18:16 PM,01:26:09,,,,Enter Notes
2026-07-16 03:34:54 PM,76.3,63.1,48.6,29.00,865,29.01,0.0,75.0,55.5,222,76.3,session,"Session - Jul 16, 2026 2:18:16 PM",2026-07-16 02:18:16 PM 2:18:16 PM,01:26:09,,,,Enter Notes
2026-07-16 03:34:59 PM,76.3,63.1,48.5,29.00,865,29.01,0.0,75.0,55.5,222,76.3,session,"Session - Jul 16, 2026 2:18:16 PM",2026-07-16 02:18:16 PM 2:18:16 PM,01:26:09,,,,Enter Notes
2026-07-16 03:35:04 PM,76.2,63.0,48.5,29.00,865,29.01,0.0,74.8,55.3,222,76.1,session,"Session - Jul 16, 2026 2:18:16 PM",2026-07-16 02:18:16 PM 2:18:16 PM,01:26:09,,,,Enter Notes
2026-07-16 03:35:09 PM,76.2,63.0,48.5,29.00,865,29.00,0.0,74.8,55.4,222,76.1,session,"Session - Jul 16, 2026 2:18:16 PM",2026-07-16 02:18:16 PM 2:18:16 PM,01:26:09,,,,Enter Notes
2026-07-16 03:35:14 PM,76.2,63.0,48.6,29.00,865,29.01,0.0,74.8,55.4,222,76.1,session,"Session - Jul 16, 2026 2:18:16 PM",2026-07-16 02:18:16 PM 2:18:16 PM,01:26:09,,,,Enter Notes
2026-07-16 03:35:19 PM,76.0,62.8,48.6,29.00,865,29.00,0.0,74.7,55.3,222,75.9,session,"Session - Jul 16, 2026 2:18:16 PM",2026-07-16 02:18:16 PM 2:18:16 PM,01:26:09,,,,Enter Notes
2026-07-16 03:35:24 PM,76.0,62.8,48.6,29.00,866,29.00,0.0,74.7,55.3,222,75.9,session,"Session - Jul 16, 2026 2:18:16 PM",2026-07-16 02:18:16 PM 2:18:16 PM,01:26:09,,,,Enter Notes
2026-07-16 03:35:29 PM,75.9,62.8,48.6,29.00,861,29.01,0.0,74.5,55.1,222,75.7,session,"Session - Jul 16, 2026 2:18:16 PM",2026-07-16 02:18:16 PM 2:18:16 PM,01:26:09,,,,Enter Notes
2026-07-16 03:35:34 PM,76.0,62.8,48.6,29.00,865,29.01,0.0,74.7,55.3,222,75.9,session,"Session - Jul 16, 2026 2:18:16 PM",2026-07-16 02:18:16 PM 2:18:16 PM,01:26:09,,,,Enter Notes
2026-07-16 03:35:39 PM,75.9,62.8,48.7,29.00,866,29.00,0.0,74.7,55.3,222,75.9,session,"Session - Jul 16, 2026 2:18:16 PM",2026-07-16 02:18:16 PM 2:18:16 PM,01:26:09,,,,Enter Notes
2026-07-16 03:35:44 PM,76.0,63.0,48.8,29.00,865,29.01,0.0,74.7,55.4,222,75.9,session,"Session - Jul 16, 2026 2:18:16 PM",2026-07-16 02:18:16 PM 2:18:16 PM,01:26:09,,,,Enter Notes
2026-07-16 03:35:49 PM,76.0,63.0,48.9,29.00,865,29.00,0.0,74.7,55.4,222,75.9,session,"Session - Jul 16, 2026 2:18:16 PM",2026-07-16 02:18:16 PM 2:18:16 PM,01:26:09,,,,Enter Notes
2026-07-16 03:35:54 PM,76.0,62.8,48.9,29.00,865,29.00,0.0,74.7,55.4,222,75.9,session,"Session - Jul 16, 2026 2:18:16 PM",2026-07-16 02:18:16 PM 2:18:16 PM,01:26:09,,,,Enter Notes
2026-07-16 03:35:59 PM,75.9,62.8,48.9,29.00,861,29.01,0.0,74.5,55.3,222,75.9,session,"Session - Jul 16, 2026 2:18:16 PM",2026-07-16 02:18:16 PM 2:18:16 PM,01:26:09,,,,Enter Notes
2026-07-16 03:36:04 PM,75.9,62.8,48.9,29.00,865,29.01,0.0,74.5,55.3,222,75.7,session,"Session - Jul 16, 2026 2:18:16 PM",2026-07-16 02:18:16 PM 2:18:16 PM,01:26:09,,,,Enter Notes
2026-07-16 03:36:09 PM,75.8,62.8,48.9,29.00,865,29.01,0.0,74.5,55.3,222,75.7,session,"Session - Jul 16, 2026 2:18:16 PM",2026-07-16 02:18:16 PM 2:18:16 PM,01:26:09,,,,Enter Notes
2026-07-16 03:36:14 PM,75.8,62.6,48.9,29.00,865,29.01,0.0,74.5,55.3,222,75.7,session,"Session - Jul 16, 2026 2:18:16 PM",2026-07-16 02:18:16 PM 2:18:16 PM,01:26:09,,,,Enter Notes
2026-07-16 03:36:19 PM,75.8,62.6,49.0,29.00,865,29.00,0.0,74.5,55.3,222,75.7,session,"Session - Jul 16, 2026 2:18:16 PM",2026-07-16 02:18:16 PM 2:18:16 PM,01:26:09,,,,Enter Notes
2026-07-16 03:36:24 PM,75.7,62.6,49.0,29.00,865,29.00,0.0,74.3,55.2,222,75.6,session,"Session - Jul 16, 2026 2:18:16 PM",2026-07-16 02:18:16 PM 2:18:16 PM,01:26:09,,,,Enter Notes
2026-07-16 03:36:29 PM,75.7,62.6,49.0,29.00,865,29.01,0.0,74.3,55.2,222,75.6,session,"Session - Jul 16, 2026 2:18:16 PM",2026-07-16 02:18:16 PM 2:18:16 PM,01:26:09,,,,Enter Notes
2026-07-16 03:36:34 PM,75.7,62.6,49.0,29.00,865,29.01,0.0,74.5,55.2,222,75.7,session,"Session - Jul 16, 2026 2:18:16 PM",2026-07-16 02:18:16 PM 2:18:16 PM,01:26:09,,,,Enter Notes
2026-07-16 03:36:39 PM,75.7,62.6,49.1,29.00,865,29.00,0.0,74.3,55.3,222,75.6,session,"Session - Jul 16, 2026 2:18:16 PM",2026-07-16 02:18:16 PM 2:18:16 PM,01:26:09,,,,Enter Notes
2026-07-16 03:36:44 PM,75.8,62.8,49.1,29.00,866,29.00,0.0,74.5,55.4,222,75.7,session,"Session - Jul 16, 2026 2:18:16 PM",2026-07-16 02:18:16 PM 2:18:16 PM,01:26:09,,,,Enter Notes
2026-07-16 03:36:49 PM,75.8,62.8,49.2,29.00,865,29.00,0.0,74.5,55.5,222,75.7,session,"Session - Jul 16, 2026 2:18:16 PM",2026-07-16 02:18:16 PM 2:18:16 PM,01:26:09,,,,Enter Notes
2026-07-16 03:36:54 PM,75.7,62.8,49.2,29.00,865,29.01,0.0,74.3,55.3,222,75.6,session,"Session - Jul 16, 2026 2:18:16 PM",2026-07-16 02:18:16 PM 2:18:16 PM,01:26:09,,,,Enter Notes
2026-07-16 03:36:59 PM,75.8,62.8,49.2,29.00,865,29.00,0.0,74.5,55.4,222,75.7,session,"Session - Jul 16, 2026 2:18:16 PM",2026-07-16 02:18:16 PM 2:18:16 PM,01:26:09,,,,Enter Notes
2026-07-16 03:37:04 PM,75.6,62.6,49.2,29.00,865,29.00,0.0,74.3,55.2,222,75.6,session,"Session - Jul 16, 2026 2:18:16 PM",2026-07-16 02:18:16 PM 2:18:16 PM,01:26:09,,,,Enter Notes
2026-07-16 03:37:09 PM,75.7,62.6,49.2,29.00,865,29.00,0.0,74.3,55.2,222,75.6,session,"Session - Jul 16, 2026 2:18:16 PM",2026-07-16 02:18:16 PM 2:18:16 PM,01:26:09,,,,Enter Notes
2026-07-16 03:37:14 PM,75.6,62.6,49.2,29.00,865,29.00,0.0,74.3,55.2,222,75.6,session,"Session - Jul 16, 2026 2:18:16 PM",2026-07-16 02:18:16 PM 2:18:16 PM,01:26:09,,,,Enter Notes
2026-07-16 03:37:19 PM,75.6,62.6,49.3,29.00,865,29.00,0.0,74.3,55.3,222,75.6,session,"Session - Jul 16, 2026 2:18:16 PM",2026-07-16 02:18:16 PM 2:18:16 PM,01:26:09,,,,Enter Notes
2026-07-16 03:37:24 PM,75.6,62.6,49.3,29.00,865,29.01,0.0,74.3,55.2,222,75.6,session,"Session - Jul 16, 2026 2:18:16 PM",2026-07-16 02:18:16 PM 2:18:16 PM,01:26:09,,,,Enter Notes
2026-07-16 03:37:29 PM,75.6,62.6,49.3,29.00,865,29.00,0.0,74.3,55.2,222,75.6,session,"Session - Jul 16, 2026 2:18:16 PM",2026-07-16 02:18:16 PM 2:18:16 PM,01:26:09,,,,Enter Notes
2026-07-16 03:37:34 PM,75.5,62.6,49.3,29.00,865,29.00,0.0,74.1,55.2,222,75.4,session,"Session - Jul 16, 2026 2:18:16 PM",2026-07-16 02:18:16 PM 2:18:16 PM,01:26:09,,,,Enter Notes
2026-07-16 03:37:39 PM,75.5,62.6,49.4,29.00,866,29.00,0.0,74.1,55.2,222,75.4,session,"Session - Jul 16, 2026 2:18:16 PM",2026-07-16 02:18:16 PM 2:18:16 PM,01:26:09,,,,Enter Notes
2026-07-16 03:37:44 PM,75.5,62.6,49.4,29.00,865,29.00,0.0,74.1,55.2,222,75.4,session,"Session - Jul 16, 2026 2:18:16 PM",2026-07-16 02:18:16 PM 2:18:16 PM,01:26:09,,,,Enter Notes
2026-07-16 03:37:49 PM,75.3,62.6,49.5,29.00,865,29.00,0.0,73.9,55.1,222,75.2,session,"Session - Jul 16, 2026 2:18:16 PM",2026-07-16 02:18:16 PM 2:18:16 PM,01:26:09,,,,Enter Notes
2026-07-16 03:37:54 PM,75.6,62.8,49.5,29.00,865,29.01,0.0,74.3,55.3,222,75.6,session,"Session - Jul 16, 2026 2:18:16 PM",2026-07-16 02:18:16 PM 2:18:16 PM,01:26:09,,,,Enter Notes
2026-07-16 03:37:59 PM,75.5,62.6,49.4,29.00,865,29.00,0.0,74.1,55.2,222,75.4,session,"Session - Jul 16, 2026 2:18:16 PM",2026-07-16 02:18:16 PM 2:18:16 PM,01:26:09,,,,Enter Notes
2026-07-16 03:38:04 PM,75.6,62.8,49.4,29.00,865,29.00,0.0,74.3,55.3,222,75.6,session,"Session - Jul 16, 2026 2:18:16 PM",2026-07-16 02:18:16 PM 2:18:16 PM,01:26:09,,,,Enter Notes
2026-07-16 03:38:09 PM,75.5,62.6,49.4,29.00,865,29.00,0.0,74.1,55.3,222,75.4,session,"Session - Jul 16, 2026 2:18:16 PM",2026-07-16 02:18:16 PM 2:18:16 PM,01:26:09,,,,Enter Notes
2026-07-16 03:38:14 PM,75.5,62.6,49.4,29.00,865,29.00,0.0,74.1,55.2,222,75.4,session,"Session - Jul 16, 2026 2:18:16 PM",2026-07-16 02:18:16 PM 2:18:16 PM,01:26:09,,,,Enter Notes
2026-07-16 03:38:19 PM,75.5,62.6,49.4,29.00,866,29.00,0.0,74.1,55.2,222,75.4,session,"Session - Jul 16, 2026 2:18:16 PM",2026-07-16 02:18:16 PM 2:18:16 PM,01:26:09,,,,Enter Notes
2026-07-16 03:38:24 PM,75.5,62.6,49.4,29.00,866,29.00,0.0,74.1,55.3,222,75.4,session,"Session - Jul 16, 2026 2:18:16 PM",2026-07-16 02:18:16 PM 2:18:16 PM,01:26:09,,,,Enter Notes
2026-07-16 03:38:29 PM,75.5,62.6,49.5,29.00,865,29.00,0.0,74.1,55.3,222,75.4,session,"Session - Jul 16, 2026 2:18:16 PM",2026-07-16 02:18:16 PM 2:18:16 PM,01:26:09,,,,Enter Notes
2026-07-16 03:38:34 PM,75.5,62.8,49.5,29.00,866,29.00,0.0,74.1,55.3,222,75.4,session,"Session - Jul 16, 2026 2:18:16 PM",2026-07-16 02:18:16 PM 2:18:16 PM,01:26:09,,,,Enter Notes
2026-07-16 03:38:39 PM,75.5,62.8,49.5,29.00,866,29.00,0.0,74.1,55.3,222,75.4,session,"Session - Jul 16, 2026 2:18:16 PM",2026-07-16 02:18:16 PM 2:18:16 PM,01:26:09,,,,Enter Notes
2026-07-16 03:38:44 PM,75.5,62.6,49.5,29.00,865,29.00,0.0,74.1,55.3,222,75.4,session,"Session - Jul 16, 2026 2:18:16 PM",2026-07-16 02:18:16 PM 2:18:16 PM,01:26:09,,,,Enter Notes
2026-07-16 03:38:49 PM,75.5,62.8,49.5,29.00,866,29.00,0.0,74.1,55.3,222,75.4,session,"Session - Jul 16, 2026 2:18:16 PM",2026-07-16 02:18:16 PM 2:18:16 PM,01:26:09,,,,Enter Notes
2026-07-16 03:38:54 PM,75.4,62.6,49.5,29.00,865,29.00,0.0,74.1,55.3,222,75.4,session,"Session - Jul 16, 2026 2:18:16 PM",2026-07-16 02:18:16 PM 2:18:16 PM,01:26:09,,,,Enter Notes
2026-07-16 03:38:59 PM,75.4,62.6,49.6,29.00,865,29.00,0.0,74.1,55.3,222,75.4,session,"Session - Jul 16, 2026 2:18:16 PM",2026-07-16 02:18:16 PM 2:18:16 PM,01:26:09,,,,Enter Notes
2026-07-16 03:39:04 PM,75.4,62.6,49.6,29.00,866,29.00,0.0,74.1,55.3,222,75.4,session,"Session - Jul 16, 2026 2:18:16 PM",2026-07-16 02:18:16 PM 2:18:16 PM,01:26:09,,,,Enter Notes
2026-07-16 03:39:09 PM,75.4,62.6,49.6,29.00,866,29.00,0.0,74.1,55.3,222,75.4,session,"Session - Jul 16, 2026 2:18:16 PM",2026-07-16 02:18:16 PM 2:18:16 PM,01:26:09,,,,Enter Notes
2026-07-16 03:39:14 PM,75.4,62.6,49.6,29.00,866,29.00,0.0,74.1,55.3,222,75.4,session,"Session - Jul 16, 2026 2:18:16 PM",2026-07-16 02:18:16 PM 2:18:16 PM,01:26:09,,,,Enter Notes
2026-07-16 03:39:19 PM,75.4,62.6,49.6,29.00,865,29.00,0.0,74.1,55.2,222,75.4,session,"Session - Jul 16, 2026 2:18:16 PM",2026-07-16 02:18:16 PM 2:18:16 PM,01:26:09,,,,Enter Notes
2026-07-16 03:39:24 PM,75.5,62.8,49.6,29.00,865,29.01,0.0,74.1,55.4,222,75.4,session,"Session - Jul 16, 2026 2:18:16 PM",2026-07-16 02:18:16 PM 2:18:16 PM,01:26:09,,,,Enter Notes
2026-07-16 03:39:29 PM,75.5,62.8,49.6,29.00,865,29.00,0.0,74.1,55.3,222,75.4,session,"Session - Jul 16, 2026 2:18:16 PM",2026-07-16 02:18:16 PM 2:18:16 PM,01:26:09,,,,Enter Notes
2026-07-16 03:39:34 PM,75.5,62.8,49.6,29.00,865,29.01,0.0,74.1,55.3,222,75.4,session,"Session - Jul 16, 2026 2:18:16 PM",2026-07-16 02:18:16 PM 2:18:16 PM,01:26:09,,,,Enter Notes
2026-07-16 03:39:39 PM,75.4,62.6,49.6,29.00,865,29.00,0.0,74.1,55.3,222,75.4,session,"Session - Jul 16, 2026 2:18:16 PM",2026-07-16 02:18:16 PM 2:18:16 PM,01:26:09,,,,Enter Notes
2026-07-16 03:39:44 PM,75.5,62.6,49.5,29.00,866,29.00,0.0,74.1,55.3,222,75.4,session,"Session - Jul 16, 2026 2:18:16 PM",2026-07-16 02:18:16 PM 2:18:16 PM,01:26:09,,,,Enter Notes
2026-07-16 03:39:49 PM,75.4,62.6,49.5,29.00,865,29.00,0.0,74.1,55.2,222,75.4,session,"Session - Jul 16, 2026 2:18:16 PM",2026-07-16 02:18:16 PM 2:18:16 PM,01:26:09,,,,Enter Notes
2026-07-16 03:39:54 PM,75.5,62.6,49.5,29.00,865,29.00,0.0,74.1,55.2,222,75.4,session,"Session - Jul 16, 2026 2:18:16 PM",2026-07-16 02:18:16 PM 2:18:16 PM,01:26:09,,,,Enter Notes
2026-07-16 03:39:59 PM,75.4,62.6,49.5,29.00,865,29.00,0.0,74.1,55.2,222,75.4,session,"Session - Jul 16, 2026 2:18:16 PM",2026-07-16 02:18:16 PM 2:18:16 PM,01:26:09,,,,Enter Notes
2026-07-16 03:40:04 PM,75.5,62.6,49.5,29.00,866,29.00,0.0,74.1,55.3,222,75.4,session,"Session - Jul 16, 2026 2:18:16 PM",2026-07-16 02:18:16 PM 2:18:16 PM,01:26:09,,,,Enter Notes
2026-07-16 03:40:09 PM,75.4,62.6,49.5,29.00,866,29.00,0.0,74.1,55.2,222,75.4,session,"Session - Jul 16, 2026 2:18:16 PM",2026-07-16 02:18:16 PM 2:18:16 PM,01:26:09,,,,Enter Notes
2026-07-16 03:40:14 PM,75.5,62.6,49.5,29.00,866,29.00,0.0,74.1,55.2,222,75.4,session,"Session - Jul 16, 2026 2:18:16 PM",2026-07-16 02:18:16 PM 2:18:16 PM,01:26:09,,,,Enter Notes
2026-07-16 03:40:19 PM,75.5,62.6,49.5,29.00,866,29.00,0.0,74.1,55.3,222,75.4,session,"Session - Jul 16, 2026 2:18:16 PM",2026-07-16 02:18:16 PM 2:18:16 PM,01:26:09,,,,Enter Notes
2026-07-16 03:40:24 PM,75.6,62.8,49.5,29.00,865,29.00,0.0,74.3,55.4,222,75.6,session,"Session - Jul 16, 2026 2:18:16 PM",2026-07-16 02:18:16 PM 2:18:16 PM,01:26:09,,,,Enter Notes
2026-07-16 03:40:29 PM,75.5,62.6,49.5,29.00,866,29.00,0.0,74.1,55.2,222,75.4,session,"Session - Jul 16, 2026 2:18:16 PM",2026-07-16 02:18:16 PM 2:18:16 PM,01:26:09,,,,Enter Notes
2026-07-16 03:40:34 PM,75.5,62.6,49.4,29.00,866,29.00,0.0,74.1,55.3,222,75.4,session,"Session - Jul 16, 2026 2:18:16 PM",2026-07-16 02:18:16 PM 2:18:16 PM,01:26:09,,,,Enter Notes
2026-07-16 03:40:39 PM,75.5,62.6,49.4,29.00,865,29.00,0.0,74.1,55.2,222,75.4,session,"Session - Jul 16, 2026 2:18:16 PM",2026-07-16 02:18:16 PM 2:18:16 PM,01:26:09,,,,Enter Notes
2026-07-16 03:40:44 PM,75.5,62.6,49.4,29.00,866,29.00,0.0,74.1,55.2,222,75.4,session,"Session - Jul 16, 2026 2:18:16 PM",2026-07-16 02:18:16 PM 2:18:16 PM,01:26:09,,,,Enter Notes
2026-07-16 03:40:49 PM,75.5,62.6,49.4,29.00,866,29.00,0.0,74.1,55.2,222,75.4,session,"Session - Jul 16, 2026 2:18:16 PM",2026-07-16 02:18:16 PM 2:18:16 PM,01:26:09,,,,Enter Notes
2026-07-16 03:40:54 PM,75.5,62.6,49.4,29.00,866,29.00,0.0,74.1,55.2,222,75.4,session,"Session - Jul 16, 2026 2:18:16 PM",2026-07-16 02:18:16 PM 2:18:16 PM,01:26:09,,,,Enter Notes
2026-07-16 03:40:59 PM,75.5,62.6,49.4,29.00,866,29.00,0.0,74.1,55.2,222,75.4,session,"Session - Jul 16, 2026 2:18:16 PM",2026-07-16 02:18:16 PM 2:18:16 PM,01:26:09,,,,Enter Notes
2026-07-16 03:41:04 PM,75.5,62.6,49.4,29.00,866,29.00,0.0,74.1,55.2,222,75.4,session,"Session - Jul 16, 2026 2:18:16 PM",2026-07-16 02:18:16 PM 2:18:16 PM,01:26:09,,,,Enter Notes
2026-07-16 03:41:09 PM,75.5,62.6,49.4,29.00,866,29.00,0.0,74.1,55.2,222,75.4,session,"Session - Jul 16, 2026 2:18:16 PM",2026-07-16 02:18:16 PM 2:18:16 PM,01:26:09,,,,Enter Notes
2026-07-16 03:41:14 PM,75.5,62.6,49.4,29.00,866,29.00,0.0,74.1,55.3,222,75.4,session,"Session - Jul 16, 2026 2:18:16 PM",2026-07-16 02:18:16 PM 2:18:16 PM,01:26:09,,,,Enter Notes
2026-07-16 03:41:19 PM,75.6,62.8,49.5,29.00,866,29.00,0.0,74.3,55.4,222,75.6,session,"Session - Jul 16, 2026 2:18:16 PM",2026-07-16 02:18:16 PM 2:18:16 PM,01:26:09,,,,Enter Notes
2026-07-16 03:41:24 PM,75.6,62.8,49.5,29.00,865,29.00,0.0,74.3,55.4,222,75.6,session,"Session - Jul 16, 2026 2:18:16 PM",2026-07-16 02:18:16 PM 2:18:16 PM,01:26:09,,,,Enter Notes
2026-07-16 03:41:29 PM,75.6,62.8,49.5,29.00,865,29.01,0.0,74.3,55.4,222,75.6,session,"Session - Jul 16, 2026 2:18:16 PM",2026-07-16 02:18:16 PM 2:18:16 PM,01:26:09,,,,Enter Notes
2026-07-16 03:41:34 PM,75.6,62.8,49.6,29.00,866,29.00,0.0,74.3,55.5,222,75.6,session,"Session - Jul 16, 2026 2:18:16 PM",2026-07-16 02:18:16 PM 2:18:16 PM,01:26:09,,,,Enter Notes
2026-07-16 03:41:39 PM,75.7,63.0,49.6,29.00,866,29.00,0.0,74.3,55.5,222,75.6,session,"Session - Jul 16, 2026 2:18:16 PM",2026-07-16 02:18:16 PM 2:18:16 PM,01:26:09,,,,Enter Notes
2026-07-16 03:41:44 PM,75.7,62.8,49.6,29.00,866,29.00,0.0,74.3,55.5,222,75.6,session,"Session - Jul 16, 2026 2:18:16 PM",2026-07-16 02:18:16 PM 2:18:16 PM,01:26:09,,,,Enter Notes
2026-07-16 03:41:49 PM,75.6,62.8,49.5,29.00,866,29.00,0.0,74.3,55.4,222,75.6,session,"Session - Jul 16, 2026 2:18:16 PM",2026-07-16 02:18:16 PM 2:18:16 PM,01:26:09,,,,Enter Notes
2026-07-16 03:41:54 PM,75.6,62.8,49.5,29.00,866,29.00,0.0,74.3,55.3,222,75.6,session,"Session - Jul 16, 2026 2:18:16 PM",2026-07-16 02:18:16 PM 2:18:16 PM,01:26:09,,,,Enter Notes
2026-07-16 03:41:59 PM,75.6,62.8,49.4,29.00,866,29.00,0.0,74.3,55.3,222,75.6,session,"Session - Jul 16, 2026 2:18:16 PM",2026-07-16 02:18:16 PM 2:18:16 PM,01:26:09,,,,Enter Notes
2026-07-16 03:42:04 PM,75.6,62.8,49.4,29.00,866,29.00,0.0,74.3,55.3,222,75.6,session,"Session - Jul 16, 2026 2:18:16 PM",2026-07-16 02:18:16 PM 2:18:16 PM,01:26:09,,,,Enter Notes
2026-07-16 03:42:09 PM,75.7,62.8,49.4,29.00,866,29.00,0.0,74.3,55.4,222,75.6,session,"Session - Jul 16, 2026 2:18:16 PM",2026-07-16 02:18:16 PM 2:18:16 PM,01:26:09,,,,Enter Notes
2026-07-16 03:42:14 PM,75.7,62.8,49.4,29.00,866,29.00,0.0,74.3,55.4,222,75.6,session,"Session - Jul 16, 2026 2:18:16 PM",2026-07-16 02:18:16 PM 2:18:16 PM,01:26:09,,,,Enter Notes
2026-07-16 03:42:19 PM,75.7,62.8,49.4,29.00,866,29.00,0.0,74.3,55.5,222,75.6,session,"Session - Jul 16, 2026 2:18:16 PM",2026-07-16 02:18:16 PM 2:18:16 PM,01:26:09,,,,Enter Notes
2026-07-16 03:42:24 PM,75.8,63.0,49.4,29.00,866,29.00,0.0,74.5,55.5,222,75.7,session,"Session - Jul 16, 2026 2:18:16 PM",2026-07-16 02:18:16 PM 2:18:16 PM,01:26:09,,,,Enter Notes
2026-07-16 03:42:29 PM,75.7,62.8,49.4,29.00,866,29.00,0.0,74.3,55.4,222,75.6,session,"Session - Jul 16, 2026 2:18:16 PM",2026-07-16 02:18:16 PM 2:18:16 PM,01:26:09,,,,Enter Notes
2026-07-16 03:42:34 PM,75.8,62.8,49.4,29.00,866,29.00,0.0,74.5,55.5,222,75.7,session,"Session - Jul 16, 2026 2:18:16 PM",2026-07-16 02:18:16 PM 2:18:16 PM,01:26:09,,,,Enter Notes
2026-07-16 03:42:39 PM,75.8,62.8,49.4,29.00,866,29.00,0.0,74.5,55.5,222,75.7,session,"Session - Jul 16, 2026 2:18:16 PM",2026-07-16 02:18:16 PM 2:18:16 PM,01:26:09,,,,Enter Notes
2026-07-16 03:42:44 PM,75.7,62.8,49.4,29.00,866,29.00,0.0,74.5,55.4,222,75.7,session,"Session - Jul 16, 2026 2:18:16 PM",2026-07-16 02:18:16 PM 2:18:16 PM,01:26:09,,,,Enter Notes
2026-07-16 03:42:49 PM,75.7,62.8,49.4,29.00,866,29.00,0.0,74.3,55.4,222,75.6,session,"Session - Jul 16, 2026 2:18:16 PM",2026-07-16 02:18:16 PM 2:18:16 PM,01:26:09,,,,Enter Notes
2026-07-16 03:42:54 PM,75.7,62.8,49.3,29.00,866,29.00,0.0,74.3,55.3,222,75.6,session,"Session - Jul 16, 2026 2:18:16 PM",2026-07-16 02:18:16 PM 2:18:16 PM,01:26:09,,,,Enter Notes
2026-07-16 03:42:59 PM,75.6,62.6,49.3,29.00,866,29.00,0.0,74.3,55.3,222,75.6,session,"Session - Jul 16, 2026 2:18:16 PM",2026-07-16 02:18:16 PM 2:18:16 PM,01:26:09,,,,Enter Notes
2026-07-16 03:43:04 PM,75.6,62.6,49.3,29.00,869,29.00,0.0,74.3,55.3,222,75.6,session,"Session - Jul 16, 2026 2:18:16 PM",2026-07-16 02:18:16 PM 2:18:16 PM,01:26:09,,,,Enter Notes
2026-07-16 03:43:09 PM,75.7,62.8,49.2,29.00,866,29.00,0.0,74.3,55.3,222,75.6,session,"Session - Jul 16, 2026 2:18:16 PM",2026-07-16 02:18:16 PM 2:18:16 PM,01:26:09,,,,Enter Notes
2026-07-16 03:43:14 PM,75.8,62.8,49.3,29.00,866,29.00,0.0,74.5,55.4,222,75.7,session,"Session - Jul 16, 2026 2:18:16 PM",2026-07-16 02:18:16 PM 2:18:16 PM,01:26:09,,,,Enter Notes
2026-07-16 03:43:19 PM,75.7,62.8,49.3,29.00,866,29.00,0.0,74.5,55.4,222,75.7,session,"Session - Jul 16, 2026 2:18:16 PM",2026-07-16 02:18:16 PM 2:18:16 PM,01:26:09,,,,Enter Notes
2026-07-16 03:43:24 PM,75.8,62.8,49.3,29.00,869,29.00,0.0,74.5,55.4,222,75.7,session,"Session - Jul 16, 2026 2:18:16 PM",2026-07-16 02:18:16 PM 2:18:16 PM,01:26:09,,,,Enter Notes
2026-07-16 03:43:29 PM,75.8,62.8,49.2,29.00,866,29.00,0.0,74.5,55.4,222,75.7,session,"Session - Jul 16, 2026 2:18:16 PM",2026-07-16 02:18:16 PM 2:18:16 PM,01:26:09,,,,Enter Notes
2026-07-16 03:43:34 PM,75.7,62.8,49.2,29.00,866,29.00,0.0,74.3,55.3,222,75.6,session,"Session - Jul 16, 2026 2:18:16 PM",2026-07-16 02:18:16 PM 2:18:16 PM,01:26:09,,,,Enter Notes
2026-07-16 03:43:39 PM,75.6,62.6,49.2,29.00,866,29.00,0.0,74.3,55.2,222,75.6,session,"Session - Jul 16, 2026 2:18:16 PM",2026-07-16 02:18:16 PM 2:18:16 PM,01:26:09,,,,Enter Notes
2026-07-16 03:43:44 PM,75.6,62.6,49.2,29.00,866,29.00,0.0,74.3,55.1,222,75.6,session,"Session - Jul 16, 2026 2:18:16 PM",2026-07-16 02:18:16 PM 2:18:16 PM,01:26:09,,,,Enter Notes
2026-07-16 03:43:49 PM,75.4,62.4,49.1,29.00,866,29.00,0.0,74.1,55.0,222,75.4,session,"Session - Jul 16, 2026 2:18:16 PM",2026-07-16 02:18:16 PM 2:18:16 PM,01:26:09,,,,Enter Notes
2026-07-16 03:43:54 PM,75.4,62.4,49.1,29.00,866,29.00,0.8,74.1,55.0,222,75.4,session,"Session - Jul 16, 2026 2:18:16 PM",2026-07-16 02:18:16 PM 2:18:16 PM,01:26:09,,,,Enter Notes
2026-07-16 03:43:59 PM,75.5,62.4,49.1,29.00,866,29.00,0.7,74.1,55.0,221,75.4,session,"Session - Jul 16, 2026 2:18:16 PM",2026-07-16 02:18:16 PM 2:18:16 PM,01:26:09,,,,Enter Notes
2026-07-16 03:44:04 PM,75.6,62.6,49.1,29.00,869,29.00,0.8,74.3,55.1,222,75.6,session,"Session - Jul 16, 2026 2:18:16 PM",2026-07-16 02:18:16 PM 2:18:16 PM,01:26:09,,,,Enter Notes
2026-07-16 03:44:09 PM,75.8,62.8,49.2,29.00,869,29.00,0.7,74.5,55.4,223,75.7,session,"Session - Jul 16, 2026 2:18:16 PM",2026-07-16 02:18:16 PM 2:18:16 PM,01:26:09,,,,Enter Notes
2026-07-16 03:44:14 PM,76.2,63.1,49.3,29.00,869,29.00,0.0,74.8,55.8,223,76.1,session,"Session - Jul 16, 2026 2:18:16 PM",2026-07-16 02:18:16 PM 2:18:16 PM,01:26:09,,,,Enter Notes
2026-07-16 03:44:19 PM,77.4,64.9,52.0,29.00,869,29.00,0.8,76.6,58.4,222,77.4,session,"Session - Jul 16, 2026 2:18:16 PM",2026-07-16 02:18:16 PM 2:18:16 PM,01:26:09,,,,Enter Notes
2026-07-16 03:44:24 PM,78.4,66.7,55.3,29.00,869,29.00,0.0,78.4,61.0,222,78.3,session,"Session - Jul 16, 2026 2:18:16 PM",2026-07-16 02:18:16 PM 2:18:16 PM,01:26:09,,,,Enter Notes