Device Name,3550FW - 3103352
Device Model,3550FW
Serial Number,3103352
FORMATTED DATE_TIME,Temperature,Wet Bulb Temp,Relative Humidity,Barometric Pressure,Altitude,Station Pressure,Wind Speed,Heat Index,Dew Point,Compass Magnetic Direction,Wind Chill,Data Type,Record name,Start time,Duration (H:M:S),Location description,Location address,Location coordinates,Notes
yyyy-MM-dd hh:mm:ss a,°F,°F,%,inHg,ft,inHg,mph,°F,°F,Deg,°F
2026-08-07 13:27:14,77.1,70.9,74.2,29.21,675,29.21,0.0,79.0,68.3,312,77.0,session,"Session - Aug 7, 2026 13:27:11",2026-08-07 13:27:11 13:27:11,01:28:24,,,,
2026-08-07 13:27:19,77.7,71.6,74.6,29.21,675,29.21,1.5,80.4,69.0,312,77.7,session,"Session - Aug 7, 2026 13:27:11",2026-08-07 13:27:11 13:27:11,01:28:24,,,,
2026-08-07 13:27:24,77.9,72.0,75.2,29.21,675,29.21,0.0,80.6,69.4,312,77.7,session,"Session - Aug 7, 2026 13:27:11",2026-08-07 13:27:11 13:27:11,01:28:24,,,,
2026-08-07 13:27:29,78.2,72.3,75.4,29.21,675,29.21,0.0,81.1,69.8,312,78.1,session,"Session - Aug 7, 2026 13:27:11",2026-08-07 13:27:11 13:27:11,01:28:24,,,,
2026-08-07 13:27:34,78.4,72.3,75.6,29.21,675,29.21,0.8,81.5,70.0,312,78.3,session,"Session - Aug 7, 2026 13:27:11",2026-08-07 13:27:11 13:27:11,01:28:24,,,,
2026-08-07 13:27:39,78.4,72.3,75.5,29.21,673,29.21,0.0,81.5,70.0,311,78.3,session,"Session - Aug 7, 2026 13:27:11",2026-08-07 13:27:11 13:27:11,01:28:24,,,,
2026-08-07 13:27:44,78.5,72.5,75.4,29.21,675,29.21,0.0,81.9,70.1,312,78.4,session,"Session - Aug 7, 2026 13:27:11",2026-08-07 13:27:11 13:27:11,01:28:24,,,,
2026-08-07 13:27:49,78.6,72.5,75.4,29.21,673,29.21,0.0,82.2,70.2,312,78.6,session,"Session - Aug 7, 2026 13:27:11",2026-08-07 13:27:11 13:27:11,01:28:24,,,,
2026-08-07 13:27:54,78.7,72.7,75.2,29.21,673,29.21,0.8,82.2,70.2,312,78.6,session,"Session - Aug 7, 2026 13:27:11",2026-08-07 13:27:11 13:27:11,01:28:24,,,,
2026-08-07 13:27:59,78.9,72.7,75.2,29.21,673,29.21,0.0,82.6,70.4,312,78.8,session,"Session - Aug 7, 2026 13:27:11",2026-08-07 13:27:11 13:27:11,01:28:24,,,,
2026-08-07 13:28:04,78.9,72.7,75.1,29.21,673,29.21,0.0,82.6,70.4,311,78.8,session,"Session - Aug 7, 2026 13:27:11",2026-08-07 13:27:11 13:27:11,01:28:24,,,,
2026-08-07 13:28:09,79.0,72.7,75.0,29.21,670,29.21,0.0,82.9,70.4,311,79.0,session,"Session - Aug 7, 2026 13:27:11",2026-08-07 13:27:11 13:27:11,01:28:24,,,,
2026-08-07 13:28:14,79.1,72.9,75.0,29.21,670,29.21,0.0,82.8,70.5,312,79.0,session,"Session - Aug 7, 2026 13:27:11",2026-08-07 13:27:11 13:27:11,01:28:24,,,,
2026-08-07 13:28:19,79.1,72.9,75.0,29.21,670,29.21,0.0,82.8,70.5,312,79.0,session,"Session - Aug 7, 2026 13:27:11",2026-08-07 13:27:11 13:27:11,01:28:24,,,,
2026-08-07 13:28:24,79.2,73.2,75.0,29.21,666,29.21,0.0,83.3,70.6,311,79.2,session,"Session - Aug 7, 2026 13:27:11",2026-08-07 13:27:11 13:27:11,01:28:24,,,,
2026-08-07 13:28:29,79.3,73.2,75.2,29.21,673,29.21,0.0,83.3,70.7,312,79.2,session,"Session - Aug 7, 2026 13:27:11",2026-08-07 13:27:11 13:27:11,01:28:24,,,,
2026-08-07 13:28:34,79.3,73.2,75.3,29.21,670,29.21,0.0,83.3,70.8,312,79.2,session,"Session - Aug 7, 2026 13:27:11",2026-08-07 13:27:11 13:27:11,01:28:24,,,,
2026-08-07 13:28:39,79.4,73.4,75.4,29.21,670,29.21,0.0,83.7,71.0,312,79.3,session,"Session - Aug 7, 2026 13:27:11",2026-08-07 13:27:11 13:27:11,01:28:24,,,,
2026-08-07 13:28:44,79.5,73.4,75.4,29.21,666,29.21,0.0,83.7,71.0,312,79.3,session,"Session - Aug 7, 2026 13:27:11",2026-08-07 13:27:11 13:27:11,01:28:24,,,,
2026-08-07 13:28:49,79.5,73.4,75.4,29.22,666,29.22,0.0,83.8,71.1,312,79.5,session,"Session - Aug 7, 2026 13:27:11",2026-08-07 13:27:11 13:27:11,01:28:24,,,,
2026-08-07 13:28:54,79.6,73.4,75.1,29.22,666,29.22,0.0,83.8,71.1,312,79.5,session,"Session - Aug 7, 2026 13:27:11",2026-08-07 13:27:11 13:27:11,01:28:24,,,,
2026-08-07 13:28:59,79.8,73.6,75.0,29.22,665,29.22,0.0,84.0,71.1,311,79.7,session,"Session - Aug 7, 2026 13:27:11",2026-08-07 13:27:11 13:27:11,01:28:24,,,,
2026-08-07 13:29:04,79.9,73.6,74.8,29.22,662,29.22,0.0,84.4,71.2,312,79.9,session,"Session - Aug 7, 2026 13:27:11",2026-08-07 13:27:11 13:27:11,01:28:24,,,,
2026-08-07 13:29:09,80.0,73.6,74.7,29.22,666,29.22,0.0,84.4,71.2,311,79.9,session,"Session - Aug 7, 2026 13:27:11",2026-08-07 13:27:11 13:27:11,01:28:24,,,,
2026-08-07 13:29:14,80.1,73.8,74.5,29.22,665,29.22,0.0,84.7,71.2,311,80.1,session,"Session - Aug 7, 2026 13:27:11",2026-08-07 13:27:11 13:27:11,01:28:24,,,,
2026-08-07 13:29:19,80.1,73.6,74.2,29.22,665,29.22,1.2,84.6,71.1,312,80.1,session,"Session - Aug 7, 2026 13:27:11",2026-08-07 13:27:11 13:27:11,01:28:24,,,,
2026-08-07 13:29:24,79.8,73.4,73.8,29.22,662,29.22,1.3,84.0,70.8,311,79.7,session,"Session - Aug 7, 2026 13:27:11",2026-08-07 13:27:11 13:27:11,01:28:24,,,,
2026-08-07 13:29:29,80.2,73.6,73.6,29.22,662,29.22,1.8,84.6,71.0,311,80.1,session,"Session - Aug 7, 2026 13:27:11",2026-08-07 13:27:11 13:27:11,01:28:24,,,,
2026-08-07 13:29:34,80.4,73.8,73.4,29.22,662,29.22,1.3,84.7,71.1,311,80.2,session,"Session - Aug 7, 2026 13:27:11",2026-08-07 13:27:11 13:27:11,01:28:24,,,,
2026-08-07 13:29:39,80.5,73.8,73.2,29.22,658,29.22,0.8,85.1,71.1,311,80.4,session,"Session - Aug 7, 2026 13:27:11",2026-08-07 13:27:11 13:27:11,01:28:24,,,,
2026-08-07 13:29:44,80.6,73.8,73.1,29.22,658,29.22,0.7,85.5,71.2,311,80.6,session,"Session - Aug 7, 2026 13:27:11",2026-08-07 13:27:11 13:27:11,01:28:24,,,,
2026-08-07 13:29:49,80.6,73.8,73.0,29.23,658,29.23,1.8,85.3,71.2,311,80.6,session,"Session - Aug 7, 2026 13:27:11",2026-08-07 13:27:11 13:27:11,01:28:24,,,,
2026-08-07 13:29:54,80.8,73.9,72.9,29.23,658,29.23,1.4,85.6,71.3,312,80.8,session,"Session - Aug 7, 2026 13:27:11",2026-08-07 13:27:11 13:27:11,01:28:24,,,,
2026-08-07 13:29:59,81.1,74.1,72.9,29.23,655,29.23,1.1,86.0,71.5,311,81.0,session,"Session - Aug 7, 2026 13:27:11",2026-08-07 13:27:11 13:27:11,01:28:24,,,,
2026-08-07 13:30:04,81.3,74.5,72.7,29.23,653,29.23,1.0,86.4,71.7,312,81.3,session,"Session - Aug 7, 2026 13:27:11",2026-08-07 13:27:11 13:27:11,01:28:24,,,,
2026-08-07 13:30:09,81.6,74.5,72.5,29.23,658,29.23,1.0,86.9,71.9,311,81.5,session,"Session - Aug 7, 2026 13:27:11",2026-08-07 13:27:11 13:27:11,01:28:24,,,,
2026-08-07 13:30:14,81.9,74.7,72.2,29.23,655,29.23,1.0,87.4,72.0,311,81.9,session,"Session - Aug 7, 2026 13:27:11",2026-08-07 13:27:11 13:27:11,01:28:24,,,,
2026-08-07 13:30:19,82.0,74.8,72.0,29.23,655,29.23,0.8,87.8,72.1,311,82.0,session,"Session - Aug 7, 2026 13:27:11",2026-08-07 13:27:11 13:27:11,01:28:24,,,,
2026-08-07 13:30:24,82.2,74.8,71.8,29.23,653,29.23,0.0,87.8,72.2,312,82.0,session,"Session - Aug 7, 2026 13:27:11",2026-08-07 13:27:11 13:27:11,01:28:24,,,,
2026-08-07 13:30:29,82.3,75.0,71.8,29.23,653,29.23,0.0,88.2,72.3,312,82.2,session,"Session - Aug 7, 2026 13:27:11",2026-08-07 13:27:11 13:27:11,01:28:24,,,,
2026-08-07 13:30:34,82.3,75.0,72.1,29.23,653,29.23,0.0,88.2,72.4,311,82.2,session,"Session - Aug 7, 2026 13:27:11",2026-08-07 13:27:11 13:27:11,01:28:24,,,,
2026-08-07 13:30:39,82.2,75.0,72.1,29.23,653,29.23,0.0,87.8,72.3,312,82.0,session,"Session - Aug 7, 2026 13:27:11",2026-08-07 13:27:11 13:27:11,01:28:24,,,,
2026-08-07 13:30:44,82.1,74.8,71.9,29.23,653,29.23,0.0,87.8,72.1,311,82.0,session,"Session - Aug 7, 2026 13:27:11",2026-08-07 13:27:11 13:27:11,01:28:24,,,,
2026-08-07 13:30:49,81.9,74.5,71.6,29.23,650,29.23,0.8,87.4,71.8,312,81.9,session,"Session - Aug 7, 2026 13:27:11",2026-08-07 13:27:11 13:27:11,01:28:24,,,,
2026-08-07 13:30:54,81.8,74.3,71.2,29.23,650,29.23,1.0,86.9,71.5,311,81.7,session,"Session - Aug 7, 2026 13:27:11",2026-08-07 13:27:11 13:27:11,01:28:24,,,,
2026-08-07 13:30:59,81.8,74.3,70.9,29.23,647,29.23,1.3,86.7,71.4,311,81.7,session,"Session - Aug 7, 2026 13:27:11",2026-08-07 13:27:11 13:27:11,01:28:24,,,,
2026-08-07 13:31:04,81.7,74.1,70.7,29.23,650,29.23,1.0,86.7,71.3,311,81.7,session,"Session - Aug 7, 2026 13:27:11",2026-08-07 13:27:11 13:27:11,01:28:24,,,,
2026-08-07 13:31:09,81.7,74.1,70.6,29.23,647,29.23,0.0,86.7,71.2,311,81.7,session,"Session - Aug 7, 2026 13:27:11",2026-08-07 13:27:11 13:27:11,01:28:24,,,,
2026-08-07 13:31:14,81.7,73.9,70.4,29.23,647,29.24,0.0,86.7,71.1,309,81.7,session,"Session - Aug 7, 2026 13:27:11",2026-08-07 13:27:11 13:27:11,01:28:24,,,,
2026-08-07 13:31:19,81.8,74.1,70.4,29.23,647,29.24,0.0,86.7,71.2,313,81.7,session,"Session - Aug 7, 2026 13:27:11",2026-08-07 13:27:11 13:27:11,01:28:24,,,,
2026-08-07 13:31:24,81.8,74.1,70.4,29.24,645,29.24,0.0,86.7,71.2,313,81.7,session,"Session - Aug 7, 2026 13:27:11",2026-08-07 13:27:11 13:27:11,01:28:24,,,,
2026-08-07 13:31:29,82.1,74.5,70.5,29.23,645,29.24,0.0,87.4,71.6,313,82.0,session,"Session - Aug 7, 2026 13:27:11",2026-08-07 13:27:11 13:27:11,01:28:24,,,,
2026-08-07 13:31:34,82.3,74.7,70.8,29.23,645,29.24,0.0,87.8,71.9,313,82.2,session,"Session - Aug 7, 2026 13:27:11",2026-08-07 13:27:11 13:27:11,01:28:24,,,,
2026-08-07 13:31:39,82.5,74.8,70.9,29.23,647,29.24,0.0,88.2,72.1,313,82.4,session,"Session - Aug 7, 2026 13:27:11",2026-08-07 13:27:11 13:27:11,01:28:24,,,,
2026-08-07 13:31:44,82.7,75.4,71.2,29.23,645,29.24,0.0,88.7,72.4,313,82.6,session,"Session - Aug 7, 2026 13:27:11",2026-08-07 13:27:11 13:27:11,01:28:24,,,,
2026-08-07 13:31:49,82.8,75.4,71.2,29.23,647,29.24,0.0,89.2,72.5,313,82.8,session,"Session - Aug 7, 2026 13:27:11",2026-08-07 13:27:11 13:27:11,01:28:24,,,,
2026-08-07 13:31:54,82.9,75.4,71.2,29.23,647,29.23,0.0,89.2,72.6,314,82.8,session,"Session - Aug 7, 2026 13:27:11",2026-08-07 13:27:11 13:27:11,01:28:24,,,,
2026-08-07 13:31:59,83.1,75.4,71.0,29.23,647,29.23,0.0,89.6,72.7,314,82.9,session,"Session - Aug 7, 2026 13:27:11",2026-08-07 13:27:11 13:27:11,01:28:24,,,,
2026-08-07 13:32:04,83.4,75.6,70.5,29.23,647,29.23,0.0,90.3,72.8,313,83.3,session,"Session - Aug 7, 2026 13:27:11",2026-08-07 13:27:11 13:27:11,01:28:24,,,,
2026-08-07 13:32:09,83.5,75.7,70.2,29.23,647,29.24,0.0,90.7,72.8,314,83.5,session,"Session - Aug 7, 2026 13:27:11",2026-08-07 13:27:11 13:27:11,01:28:24,,,,
2026-08-07 13:32:14,83.5,75.6,69.8,29.24,645,29.24,0.0,90.5,72.6,314,83.5,session,"Session - Aug 7, 2026 13:27:11",2026-08-07 13:27:11 13:27:11,01:28:24,,,,
2026-08-07 13:32:19,83.5,75.6,69.6,29.24,645,29.24,0.0,90.3,72.5,314,83.5,session,"Session - Aug 7, 2026 13:27:11",2026-08-07 13:27:11 13:27:11,01:28:24,,,,
2026-08-07 13:32:24,83.5,75.4,69.3,29.24,642,29.24,0.0,90.0,72.3,313,83.3,session,"Session - Aug 7, 2026 13:27:11",2026-08-07 13:27:11 13:27:11,01:28:24,,,,
2026-08-07 13:32:29,83.4,75.4,69.2,29.24,642,29.24,0.0,90.0,72.2,314,83.3,session,"Session - Aug 7, 2026 13:27:11",2026-08-07 13:27:11 13:27:11,01:28:24,,,,
2026-08-07 13:32:34,83.4,75.2,69.0,29.24,642,29.24,0.0,90.0,72.2,314,83.3,session,"Session - Aug 7, 2026 13:27:11",2026-08-07 13:27:11 13:27:11,01:28:24,,,,
2026-08-07 13:32:39,83.6,75.4,69.0,29.24,639,29.24,0.0,90.3,72.3,314,83.5,session,"Session - Aug 7, 2026 13:27:11",2026-08-07 13:27:11 13:27:11,01:28:24,,,,
2026-08-07 13:32:44,83.7,75.6,69.0,29.25,639,29.25,0.0,90.9,72.4,314,83.7,session,"Session - Aug 7, 2026 13:27:11",2026-08-07 13:27:11 13:27:11,01:28:24,,,,
2026-08-07 13:32:49,83.7,75.6,69.0,29.25,639,29.25,0.0,90.9,72.5,314,83.7,session,"Session - Aug 7, 2026 13:27:11",2026-08-07 13:27:11 13:27:11,01:28:24,,,,
2026-08-07 13:32:54,83.8,75.6,69.0,29.25,637,29.25,0.0,90.9,72.5,314,83.7,session,"Session - Aug 7, 2026 13:27:11",2026-08-07 13:27:11 13:27:11,01:28:24,,,,
2026-08-07 13:32:59,83.7,75.6,69.0,29.25,637,29.25,0.0,90.9,72.4,313,83.7,session,"Session - Aug 7, 2026 13:27:11",2026-08-07 13:27:11 13:27:11,01:28:24,,,,
2026-08-07 13:33:04,83.5,75.2,68.9,29.25,637,29.25,0.0,90.3,72.2,312,83.5,session,"Session - Aug 7, 2026 13:27:11",2026-08-07 13:27:11 13:27:11,01:28:24,,,,
2026-08-07 13:33:09,83.4,75.2,68.8,29.25,637,29.25,0.0,89.8,72.1,314,83.3,session,"Session - Aug 7, 2026 13:27:11",2026-08-07 13:27:11 13:27:11,01:28:24,,,,
2026-08-07 13:33:14,83.3,75.0,68.6,29.25,634,29.25,0.0,89.8,71.9,314,83.3,session,"Session - Aug 7, 2026 13:27:11",2026-08-07 13:27:11 13:27:11,01:28:24,,,,
2026-08-07 13:33:19,83.4,75.0,68.5,29.25,637,29.25,0.0,89.8,71.9,313,83.3,session,"Session - Aug 7, 2026 13:27:11",2026-08-07 13:27:11 13:27:11,01:28:24,,,,
2026-08-07 13:33:24,83.2,74.8,68.5,29.25,637,29.25,0.8,89.2,71.7,314,83.1,session,"Session - Aug 7, 2026 13:27:11",2026-08-07 13:27:11 13:27:11,01:28:24,,,,
2026-08-07 13:33:29,83.3,75.0,68.6,29.25,634,29.25,1.4,89.8,71.9,313,83.3,session,"Session - Aug 7, 2026 13:27:11",2026-08-07 13:27:11 13:27:11,01:28:24,,,,
2026-08-07 13:33:34,83.4,75.0,68.6,29.25,634,29.25,1.2,89.8,72.0,313,83.3,session,"Session - Aug 7, 2026 13:27:11",2026-08-07 13:27:11 13:27:11,01:28:24,,,,
2026-08-07 13:33:39,83.5,75.2,68.6,29.25,634,29.25,0.0,90.1,72.1,313,83.5,session,"Session - Aug 7, 2026 13:27:11",2026-08-07 13:27:11 13:27:11,01:28:24,,,,
2026-08-07 13:33:44,83.6,75.2,68.4,29.25,634,29.25,0.0,90.1,72.1,312,83.5,session,"Session - Aug 7, 2026 13:27:11",2026-08-07 13:27:11 13:27:11,01:28:24,,,,
2026-08-07 13:33:49,83.8,75.4,68.3,29.25,634,29.25,0.0,90.5,72.3,312,83.7,session,"Session - Aug 7, 2026 13:27:11",2026-08-07 13:27:11 13:27:11,01:28:24,,,,
2026-08-07 13:33:54,84.0,75.6,68.2,29.25,630,29.25,0.0,90.9,72.3,313,83.8,session,"Session - Aug 7, 2026 13:27:11",2026-08-07 13:27:11 13:27:11,01:28:24,,,,
2026-08-07 13:33:59,83.9,75.6,68.1,29.26,629,29.26,0.0,90.9,72.2,313,83.8,session,"Session - Aug 7, 2026 13:27:11",2026-08-07 13:27:11 13:27:11,01:28:24,,,,
2026-08-07 13:34:04,84.0,75.6,68.1,29.26,629,29.26,0.0,90.9,72.3,314,83.8,session,"Session - Aug 7, 2026 13:27:11",2026-08-07 13:27:11 13:27:11,01:28:24,,,,
2026-08-07 13:34:09,84.0,75.6,68.1,29.26,629,29.26,0.0,90.9,72.3,313,83.8,session,"Session - Aug 7, 2026 13:27:11",2026-08-07 13:27:11 13:27:11,01:28:24,,,,
2026-08-07 13:34:14,84.0,75.6,68.0,29.26,625,29.26,0.0,91.2,72.3,313,84.0,session,"Session - Aug 7, 2026 13:27:11",2026-08-07 13:27:11 13:27:11,01:28:24,,,,
2026-08-07 13:34:19,84.1,75.6,68.0,29.26,625,29.26,0.0,91.2,72.3,313,84.0,session,"Session - Aug 7, 2026 13:27:11",2026-08-07 13:27:11 13:27:11,01:28:24,,,,
2026-08-07 13:34:24,84.2,75.7,68.0,29.26,625,29.26,0.0,91.2,72.5,314,84.0,session,"Session - Aug 7, 2026 13:27:11",2026-08-07 13:27:11 13:27:11,01:28:24,,,,
2026-08-07 13:34:29,84.2,75.7,68.1,29.26,625,29.26,0.0,91.6,72.5,314,84.2,session,"Session - Aug 7, 2026 13:27:11",2026-08-07 13:27:11 13:27:11,01:28:24,,,,
2026-08-07 13:34:34,84.3,75.7,68.2,29.26,625,29.26,0.0,91.8,72.7,314,84.2,session,"Session - Aug 7, 2026 13:27:11",2026-08-07 13:27:11 13:27:11,01:28:24,,,,
2026-08-07 13:34:39,84.3,75.7,68.4,29.26,625,29.26,0.0,91.8,72.8,314,84.2,session,"Session - Aug 7, 2026 13:27:11",2026-08-07 13:27:11 13:27:11,01:28:24,,,,
2026-08-07 13:34:44,84.3,75.7,68.5,29.26,625,29.26,0.0,91.8,72.8,314,84.2,session,"Session - Aug 7, 2026 13:27:11",2026-08-07 13:27:11 13:27:11,01:28:24,,,,
2026-08-07 13:34:49,84.2,75.7,68.4,29.26,625,29.26,0.0,91.8,72.7,314,84.2,session,"Session - Aug 7, 2026 13:27:11",2026-08-07 13:27:11 13:27:11,01:28:24,,,,
2026-08-07 13:34:54,84.2,75.7,68.0,29.26,622,29.26,0.0,91.6,72.5,314,84.2,session,"Session - Aug 7, 2026 13:27:11",2026-08-07 13:27:11 13:27:11,01:28:24,,,,
2026-08-07 13:34:59,84.2,75.6,67.8,29.26,619,29.26,0.0,91.6,72.4,314,84.2,session,"Session - Aug 7, 2026 13:27:11",2026-08-07 13:27:11 13:27:11,01:28:24,,,,
2026-08-07 13:35:04,84.2,75.6,67.6,29.26,619,29.27,0.0,91.2,72.3,314,84.0,session,"Session - Aug 7, 2026 13:27:11",2026-08-07 13:27:11 13:27:11,01:28:24,,,,
2026-08-07 13:35:09,84.2,75.6,67.5,29.26,619,29.26,0.0,91.6,72.3,313,84.2,session,"Session - Aug 7, 2026 13:27:11",2026-08-07 13:27:11 13:27:11,01:28:24,,,,
2026-08-07 13:35:14,84.0,75.4,67.4,29.26,619,29.26,0.0,90.5,72.1,314,83.8,session,"Session - Aug 7, 2026 13:27:11",2026-08-07 13:27:11 13:27:11,01:28:24,,,,
2026-08-07 13:35:19,84.0,75.4,67.4,29.26,622,29.26,0.0,91.0,72.1,314,84.0,session,"Session - Aug 7, 2026 13:27:11",2026-08-07 13:27:11 13:27:11,01:28:24,,,,
2026-08-07 13:35:24,84.1,75.4,67.3,29.26,619,29.26,0.7,91.0,72.1,314,84.0,session,"Session - Aug 7, 2026 13:27:11",2026-08-07 13:27:11 13:27:11,01:28:24,,,,
2026-08-07 13:35:29,84.1,75.4,67.2,29.26,619,29.26,1.5,90.9,72.1,313,84.0,session,"Session - Aug 7, 2026 13:27:11",2026-08-07 13:27:11 13:27:11,01:28:24,,,,
2026-08-07 13:35:34,84.1,75.4,66.8,29.26,622,29.26,1.8,90.9,71.9,314,84.0,session,"Session - Aug 7, 2026 13:27:11",2026-08-07 13:27:11 13:27:11,01:28:24,,,,
2026-08-07 13:35:39,84.1,75.0,66.7,29.26,622,29.26,1.7,90.7,71.8,312,84.0,session,"Session - Aug 7, 2026 13:27:11",2026-08-07 13:27:11 13:27:11,01:28:24,,,,
2026-08-07 13:35:44,83.8,74.8,66.4,29.26,619,29.26,1.0,90.0,71.4,311,83.7,session,"Session - Aug 7, 2026 13:27:11",2026-08-07 13:27:11 13:27:11,01:28:24,,,,
2026-08-07 13:35:49,84.1,75.0,66.3,29.26,619,29.26,1.6,90.7,71.7,311,84.0,session,"Session - Aug 7, 2026 13:27:11",2026-08-07 13:27:11 13:27:11,01:28:24,,,,
2026-08-07 13:35:54,84.3,75.0,66.1,29.26,622,29.26,1.9,91.0,71.7,313,84.2,session,"Session - Aug 7, 2026 13:27:11",2026-08-07 13:27:11 13:27:11,01:28:24,,,,
2026-08-07 13:35:59,84.3,75.0,66.0,29.26,622,29.26,2.0,91.0,71.7,313,84.2,session,"Session - Aug 7, 2026 13:27:11",2026-08-07 13:27:11 13:27:11,01:28:24,,,,
2026-08-07 13:36:04,84.3,75.0,65.9,29.26,622,29.26,2.1,90.9,71.6,314,84.2,session,"Session - Aug 7, 2026 13:27:11",2026-08-07 13:27:11 13:27:11,01:28:24,,,,
2026-08-07 13:36:09,84.6,75.4,65.9,29.26,622,29.26,0.8,91.8,71.9,314,84.6,session,"Session - Aug 7, 2026 13:27:11",2026-08-07 13:27:11 13:27:11,01:28:24,,,,
2026-08-07 13:36:14,84.4,75.2,65.9,29.26,622,29.26,1.9,91.4,71.7,314,84.4,session,"Session - Aug 7, 2026 13:27:11",2026-08-07 13:27:11 13:27:11,01:28:24,,,,
2026-08-07 13:36:19,83.9,74.7,65.8,29.26,622,29.26,1.9,90.1,71.3,314,83.8,session,"Session - Aug 7, 2026 13:27:11",2026-08-07 13:27:11 13:27:11,01:28:24,,,,
2026-08-07 13:36:24,83.7,74.5,65.6,29.26,622,29.26,1.4,89.6,71.0,313,83.7,session,"Session - Aug 7, 2026 13:27:11",2026-08-07 13:27:11 13:27:11,01:28:24,,,,
2026-08-07 13:36:29,83.5,74.3,65.5,29.26,622,29.26,1.2,89.2,70.7,314,83.5,session,"Session - Aug 7, 2026 13:27:11",2026-08-07 13:27:11 13:27:11,01:28:24,,,,
2026-08-07 13:36:34,83.6,74.5,65.5,29.26,619,29.26,0.0,89.2,70.9,313,83.5,session,"Session - Aug 7, 2026 13:27:11",2026-08-07 13:27:11 13:27:11,01:28:24,,,,
2026-08-07 13:36:39,83.8,74.7,65.7,29.26,622,29.26,0.0,89.6,71.1,313,83.8,session,"Session - Aug 7, 2026 13:27:11",2026-08-07 13:27:11 13:27:11,01:28:24,,,,
2026-08-07 13:36:44,84.0,74.8,65.8,29.26,625,29.26,0.0,90.5,71.4,313,84.0,session,"Session - Aug 7, 2026 13:27:11",2026-08-07 13:27:11 13:27:11,01:28:24,,,,
2026-08-07 13:36:49,84.4,75.2,66.0,29.26,625,29.26,0.0,91.0,71.7,313,84.2,session,"Session - Aug 7, 2026 13:27:11",2026-08-07 13:27:11 13:27:11,01:28:24,,,,
2026-08-07 13:36:54,84.4,75.4,66.5,29.26,622,29.26,0.0,91.6,72.0,313,84.4,session,"Session - Aug 7, 2026 13:27:11",2026-08-07 13:27:11 13:27:11,01:28:24,,,,
2026-08-07 13:36:59,84.5,75.4,66.7,29.26,629,29.26,0.0,91.6,72.2,314,84.4,session,"Session - Aug 7, 2026 13:27:11",2026-08-07 13:27:11 13:27:11,01:28:24,,,,
2026-08-07 13:37:04,84.5,75.6,67.0,29.26,629,29.26,0.0,91.8,72.3,313,84.4,session,"Session - Aug 7, 2026 13:27:11",2026-08-07 13:27:11 13:27:11,01:28:24,,,,
2026-08-07 13:37:09,84.3,75.4,67.0,29.26,629,29.26,0.8,91.4,72.1,313,84.2,session,"Session - Aug 7, 2026 13:27:11",2026-08-07 13:27:11 13:27:11,01:28:24,,,,
2026-08-07 13:37:14,84.4,75.6,67.1,29.26,625,29.26,1.6,91.4,72.2,313,84.4,session,"Session - Aug 7, 2026 13:27:11",2026-08-07 13:27:11 13:27:11,01:28:24,,,,
2026-08-07 13:37:19,84.3,75.4,67.0,29.26,629,29.26,1.0,91.4,72.1,313,84.2,session,"Session - Aug 7, 2026 13:27:11",2026-08-07 13:27:11 13:27:11,01:28:24,,,,
2026-08-07 13:37:24,84.3,75.6,67.3,29.26,630,29.26,0.8,91.4,72.2,312,84.2,session,"Session - Aug 7, 2026 13:27:11",2026-08-07 13:27:11 13:27:11,01:28:24,,,,
2026-08-07 13:37:29,84.2,75.6,67.4,29.26,630,29.26,0.0,91.4,72.2,314,84.2,session,"Session - Aug 7, 2026 13:27:11",2026-08-07 13:27:11 13:27:11,01:28:24,,,,
2026-08-07 13:37:34,84.0,75.4,67.4,29.26,630,29.25,0.0,91.0,72.1,314,84.0,session,"Session - Aug 7, 2026 13:27:11",2026-08-07 13:27:11 13:27:11,01:28:24,,,,
2026-08-07 13:37:39,84.0,75.2,67.2,29.26,630,29.26,0.0,90.5,72.0,313,83.8,session,"Session - Aug 7, 2026 13:27:11",2026-08-07 13:27:11 13:27:11,01:28:24,,,,
2026-08-07 13:37:44,84.0,75.2,67.3,29.26,630,29.26,0.0,90.5,72.0,314,83.8,session,"Session - Aug 7, 2026 13:27:11",2026-08-07 13:27:11 13:27:11,01:28:24,,,,
2026-08-07 13:37:49,83.9,75.4,67.7,29.26,630,29.26,0.0,90.7,72.1,314,83.8,session,"Session - Aug 7, 2026 13:27:11",2026-08-07 13:27:11 13:27:11,01:28:24,,,,
2026-08-07 13:37:54,83.9,75.2,67.9,29.26,630,29.26,0.8,90.9,72.2,314,83.8,session,"Session - Aug 7, 2026 13:27:11",2026-08-07 13:27:11 13:27:11,01:28:24,,,,
2026-08-07 13:37:59,83.7,75.2,68.0,29.26,630,29.26,0.0,90.3,72.0,314,83.7,session,"Session - Aug 7, 2026 13:27:11",2026-08-07 13:27:11 13:27:11,01:28:24,,,,
2026-08-07 13:38:04,83.6,75.2,68.1,29.26,630,29.26,0.0,90.0,71.9,314,83.5,session,"Session - Aug 7, 2026 13:27:11",2026-08-07 13:27:11 13:27:11,01:28:24,,,,
2026-08-07 13:38:09,83.6,75.2,68.0,29.26,630,29.26,0.8,90.0,71.9,314,83.5,session,"Session - Aug 7, 2026 13:27:11",2026-08-07 13:27:11 13:27:11,01:28:24,,,,
2026-08-07 13:38:14,83.6,75.2,68.1,29.26,629,29.26,1.2,90.0,71.9,314,83.5,session,"Session - Aug 7, 2026 13:27:11",2026-08-07 13:27:11 13:27:11,01:28:24,,,,
2026-08-07 13:38:19,83.5,75.0,68.2,29.26,630,29.26,0.0,90.0,71.9,314,83.5,session,"Session - Aug 7, 2026 13:27:11",2026-08-07 13:27:11 13:27:11,01:28:24,,,,
2026-08-07 13:38:24,83.4,75.0,68.3,29.26,630,29.26,0.0,89.8,71.9,314,83.3,session,"Session - Aug 7, 2026 13:27:11",2026-08-07 13:27:11 13:27:11,01:28:24,,,,
2026-08-07 13:38:29,83.4,75.0,68.5,29.26,630,29.26,0.0,89.8,72.0,314,83.3,session,"Session - Aug 7, 2026 13:27:11",2026-08-07 13:27:11 13:27:11,01:28:24,,,,
2026-08-07 13:38:34,83.4,75.0,68.9,29.26,629,29.26,0.0,89.8,72.1,314,83.3,session,"Session - Aug 7, 2026 13:27:11",2026-08-07 13:27:11 13:27:11,01:28:24,,,,
2026-08-07 13:38:39,83.2,75.0,69.1,29.26,629,29.26,0.0,89.4,72.0,314,83.1,session,"Session - Aug 7, 2026 13:27:11",2026-08-07 13:27:11 13:27:11,01:28:24,,,,
2026-08-07 13:38:44,83.1,75.0,69.4,29.26,629,29.26,0.0,89.6,72.1,314,83.1,session,"Session - Aug 7, 2026 13:27:11",2026-08-07 13:27:11 13:27:11,01:28:24,,,,
2026-08-07 13:38:49,83.2,75.2,69.7,29.26,629,29.26,0.0,89.6,72.3,314,83.1,session,"Session - Aug 7, 2026 13:27:11",2026-08-07 13:27:11 13:27:11,01:28:24,,,,
2026-08-07 13:38:54,83.2,75.4,70.2,29.26,629,29.26,0.0,89.8,72.5,313,83.1,session,"Session - Aug 7, 2026 13:27:11",2026-08-07 13:27:11 13:27:11,01:28:24,,,,
2026-08-07 13:38:59,83.2,75.4,70.2,29.26,629,29.26,0.0,89.8,72.5,314,83.1,session,"Session - Aug 7, 2026 13:27:11",2026-08-07 13:27:11 13:27:11,01:28:24,,,,
2026-08-07 13:39:04,83.3,75.4,69.8,29.26,625,29.26,0.0,90.1,72.4,314,83.3,session,"Session - Aug 7, 2026 13:27:11",2026-08-07 13:27:11 13:27:11,01:28:24,,,,
2026-08-07 13:39:09,83.2,75.2,69.7,29.26,625,29.26,0.0,89.6,72.2,313,83.1,session,"Session - Aug 7, 2026 13:27:11",2026-08-07 13:27:11 13:27:11,01:28:24,,,,
2026-08-07 13:39:14,83.2,75.0,69.3,29.26,625,29.26,0.0,89.4,72.1,314,83.1,session,"Session - Aug 7, 2026 13:27:11",2026-08-07 13:27:11 13:27:11,01:28:24,,,,
2026-08-07 13:39:19,83.3,75.0,69.0,29.26,625,29.26,0.7,90.0,72.1,314,83.3,session,"Session - Aug 7, 2026 13:27:11",2026-08-07 13:27:11 13:27:11,01:28:24,,,,
2026-08-07 13:39:24,83.4,75.0,68.9,29.26,625,29.26,0.0,89.8,72.1,313,83.3,session,"Session - Aug 7, 2026 13:27:11",2026-08-07 13:27:11 13:27:11,01:28:24,,,,
2026-08-07 13:39:29,83.4,75.2,68.9,29.26,622,29.26,0.0,90.0,72.1,314,83.3,session,"Session - Aug 7, 2026 13:27:11",2026-08-07 13:27:11 13:27:11,01:28:24,,,,
2026-08-07 13:39:34,83.5,75.4,69.1,29.26,622,29.26,0.0,90.3,72.3,314,83.5,session,"Session - Aug 7, 2026 13:27:11",2026-08-07 13:27:11 13:27:11,01:28:24,,,,
2026-08-07 13:39:39,83.5,75.6,69.3,29.26,622,29.26,0.0,90.3,72.4,314,83.5,session,"Session - Aug 7, 2026 13:27:11",2026-08-07 13:27:11 13:27:11,01:28:24,,,,
2026-08-07 13:39:44,83.6,75.6,69.9,29.26,619,29.26,0.0,90.5,72.7,314,83.5,session,"Session - Aug 7, 2026 13:27:11",2026-08-07 13:27:11 13:27:11,01:28:24,,,,
2026-08-07 13:39:49,83.5,75.7,70.2,29.26,619,29.26,0.0,90.7,72.8,314,83.5,session,"Session - Aug 7, 2026 13:27:11",2026-08-07 13:27:11 13:27:11,01:28:24,,,,
2026-08-07 13:39:54,83.5,75.7,70.5,29.26,619,29.26,0.0,90.7,72.9,314,83.5,session,"Session - Aug 7, 2026 13:27:11",2026-08-07 13:27:11 13:27:11,01:28:24,,,,
2026-08-07 13:39:59,83.7,75.9,70.7,29.26,619,29.27,0.0,91.2,73.1,314,83.7,session,"Session - Aug 7, 2026 13:27:11",2026-08-07 13:27:11 13:27:11,01:28:24,,,,
2026-08-07 13:40:04,83.7,75.9,70.9,29.26,617,29.27,0.0,91.2,73.2,314,83.7,session,"Session - Aug 7, 2026 13:27:11",2026-08-07 13:27:11 13:27:11,01:28:24,,,,
2026-08-07 13:40:09,83.6,75.9,70.8,29.27,614,29.27,0.0,90.9,73.1,314,83.5,session,"Session - Aug 7, 2026 13:27:11",2026-08-07 13:27:11 13:27:11,01:28:24,,,,
2026-08-07 13:40:14,83.6,75.9,70.5,29.27,614,29.27,0.0,90.9,73.0,314,83.5,session,"Session - Aug 7, 2026 13:27:11",2026-08-07 13:27:11 13:27:11,01:28:24,,,,
2026-08-07 13:40:19,83.5,75.7,70.4,29.27,617,29.27,0.0,90.7,72.8,314,83.5,session,"Session - Aug 7, 2026 13:27:11",2026-08-07 13:27:11 13:27:11,01:28:24,,,,
2026-08-07 13:40:24,83.5,75.6,70.1,29.27,614,29.27,0.0,90.5,72.7,314,83.5,session,"Session - Aug 7, 2026 13:27:11",2026-08-07 13:27:11 13:27:11,01:28:24,,,,
2026-08-07 13:40:29,83.5,75.6,70.0,29.27,617,29.27,0.8,90.5,72.7,314,83.5,session,"Session - Aug 7, 2026 13:27:11",2026-08-07 13:27:11 13:27:11,01:28:24,,,,
2026-08-07 13:40:34,83.5,75.6,69.8,29.27,610,29.27,0.0,90.5,72.6,314,83.5,session,"Session - Aug 7, 2026 13:27:11",2026-08-07 13:27:11 13:27:11,01:28:24,,,,
2026-08-07 13:40:39,83.6,75.6,69.4,29.27,614,29.27,0.9,90.3,72.5,314,83.5,session,"Session - Aug 7, 2026 13:27:11",2026-08-07 13:27:11 13:27:11,01:28:24,,,,
2026-08-07 13:40:44,83.7,75.6,69.0,29.27,610,29.27,0.0,90.9,72.4,314,83.7,session,"Session - Aug 7, 2026 13:27:11",2026-08-07 13:27:11 13:27:11,01:28:24,,,,
2026-08-07 13:40:49,83.7,75.4,68.9,29.28,610,29.28,0.0,90.7,72.4,314,83.7,session,"Session - Aug 7, 2026 13:27:11",2026-08-07 13:27:11 13:27:11,01:28:24,,,,
2026-08-07 13:40:54,83.7,75.4,68.6,29.27,610,29.27,0.0,90.5,72.3,314,83.7,session,"Session - Aug 7, 2026 13:27:11",2026-08-07 13:27:11 13:27:11,01:28:24,,,,
2026-08-07 13:40:59,83.8,75.4,68.5,29.27,610,29.27,0.0,90.5,72.3,314,83.7,session,"Session - Aug 7, 2026 13:27:11",2026-08-07 13:27:11 13:27:11,01:28:24,,,,
2026-08-07 13:41:04,83.9,75.6,68.6,29.27,610,29.27,0.0,91.0,72.4,314,83.8,session,"Session - Aug 7, 2026 13:27:11",2026-08-07 13:27:11 13:27:11,01:28:24,,,,
2026-08-07 13:41:09,83.9,75.6,68.7,29.27,610,29.27,0.0,91.0,72.6,313,83.8,session,"Session - Aug 7, 2026 13:27:11",2026-08-07 13:27:11 13:27:11,01:28:24,,,,
2026-08-07 13:41:14,84.0,75.7,69.0,29.28,608,29.28,0.0,91.6,72.8,314,84.0,session,"Session - Aug 7, 2026 13:27:11",2026-08-07 13:27:11 13:27:11,01:28:24,,,,
2026-08-07 13:41:19,84.1,75.7,69.2,29.28,608,29.28,0.0,91.6,72.9,314,84.0,session,"Session - Aug 7, 2026 13:27:11",2026-08-07 13:27:11 13:27:11,01:28:24,,,,
2026-08-07 13:41:24,84.1,75.9,69.5,29.28,610,29.28,0.0,91.8,73.1,314,84.0,session,"Session - Aug 7, 2026 13:27:11",2026-08-07 13:27:11 13:27:11,01:28:24,,,,
2026-08-07 13:41:29,84.1,75.9,69.5,29.28,610,29.28,1.0,91.8,73.1,314,84.0,session,"Session - Aug 7, 2026 13:27:11",2026-08-07 13:27:11 13:27:11,01:28:24,,,,
2026-08-07 13:41:34,84.1,75.9,69.2,29.28,610,29.28,0.0,91.6,73.0,314,84.0,session,"Session - Aug 7, 2026 13:27:11",2026-08-07 13:27:11 13:27:11,01:28:24,,,,
2026-08-07 13:41:39,84.1,75.9,69.1,29.28,608,29.28,0.0,91.6,72.9,314,84.0,session,"Session - Aug 7, 2026 13:27:11",2026-08-07 13:27:11 13:27:11,01:28:24,,,,
2026-08-07 13:41:44,84.1,75.9,68.9,29.28,610,29.28,0.0,91.6,72.8,314,84.0,session,"Session - Aug 7, 2026 13:27:11",2026-08-07 13:27:11 13:27:11,01:28:24,,,,
2026-08-07 13:41:49,84.1,75.9,69.0,29.28,608,29.28,0.0,91.6,72.8,314,84.0,session,"Session - Aug 7, 2026 13:27:11",2026-08-07 13:27:11 13:27:11,01:28:24,,,,
2026-08-07 13:41:54,84.2,75.9,69.1,29.28,608,29.28,0.0,92.1,73.0,314,84.2,session,"Session - Aug 7, 2026 13:27:11",2026-08-07 13:27:11 13:27:11,01:28:24,,,,
2026-08-07 13:41:59,84.1,75.7,69.2,29.28,608,29.28,0.8,91.6,72.9,314,84.0,session,"Session - Aug 7, 2026 13:27:11",2026-08-07 13:27:11 13:27:11,01:28:24,,,,
2026-08-07 13:42:04,84.2,75.9,69.2,29.28,610,29.28,0.0,92.1,73.0,314,84.2,session,"Session - Aug 7, 2026 13:27:11",2026-08-07 13:27:11 13:27:11,01:28:24,,,,
2026-08-07 13:42:09,84.2,75.9,69.2,29.28,608,29.28,0.0,92.1,73.0,314,84.2,session,"Session - Aug 7, 2026 13:27:11",2026-08-07 13:27:11 13:27:11,01:28:24,,,,
2026-08-07 13:42:14,84.2,75.9,69.2,29.28,605,29.28,0.0,92.1,73.0,313,84.2,session,"Session - Aug 7, 2026 13:27:11",2026-08-07 13:27:11 13:27:11,01:28:24,,,,
2026-08-07 13:42:19,84.2,75.9,69.2,29.28,608,29.28,0.0,91.6,73.0,314,84.0,session,"Session - Aug 7, 2026 13:27:11",2026-08-07 13:27:11 13:27:11,01:28:24,,,,
2026-08-07 13:42:24,84.2,75.9,69.2,29.28,610,29.28,0.0,92.1,73.0,313,84.2,session,"Session - Aug 7, 2026 13:27:11",2026-08-07 13:27:11 13:27:11,01:28:24,,,,
2026-08-07 13:42:29,84.1,75.9,69.3,29.28,608,29.28,0.0,91.6,73.0,314,84.0,session,"Session - Aug 7, 2026 13:27:11",2026-08-07 13:27:11 13:27:11,01:28:24,,,,
2026-08-07 13:42:34,84.2,75.9,69.2,29.28,608,29.28,1.3,91.6,73.0,314,84.0,session,"Session - Aug 7, 2026 13:27:11",2026-08-07 13:27:11 13:27:11,01:28:24,,,,
2026-08-07 13:42:39,84.1,75.9,69.0,29.28,608,29.28,0.9,91.6,72.8,313,84.0,session,"Session - Aug 7, 2026 13:27:11",2026-08-07 13:27:11 13:27:11,01:28:24,,,,
2026-08-07 13:42:44,84.2,75.9,69.0,29.28,608,29.28,0.0,91.9,72.9,314,84.2,session,"Session - Aug 7, 2026 13:27:11",2026-08-07 13:27:11 13:27:11,01:28:24,,,,
2026-08-07 13:42:49,84.3,75.9,68.9,29.28,608,29.28,0.0,91.9,73.0,314,84.2,session,"Session - Aug 7, 2026 13:27:11",2026-08-07 13:27:11 13:27:11,01:28:24,,,,
2026-08-07 13:42:54,84.1,75.9,68.9,29.28,608,29.28,0.0,91.4,72.8,314,84.0,session,"Session - Aug 7, 2026 13:27:11",2026-08-07 13:27:11 13:27:11,01:28:24,,,,
2026-08-07 13:42:59,84.1,75.9,68.9,29.28,608,29.28,0.0,91.6,72.8,313,84.0,session,"Session - Aug 7, 2026 13:27:11",2026-08-07 13:27:11 13:27:11,01:28:24,,,,
2026-08-07 13:43:04,84.1,75.9,68.9,29.28,605,29.28,0.0,91.6,72.8,314,84.0,session,"Session - Aug 7, 2026 13:27:11",2026-08-07 13:27:11 13:27:11,01:28:24,,,,
2026-08-07 13:43:09,84.1,75.9,68.9,29.28,605,29.28,0.0,91.4,72.8,314,84.0,session,"Session - Aug 7, 2026 13:27:11",2026-08-07 13:27:11 13:27:11,01:28:24,,,,
2026-08-07 13:43:14,84.1,75.9,68.8,29.28,605,29.28,0.9,91.4,72.8,314,84.0,session,"Session - Aug 7, 2026 13:27:11",2026-08-07 13:27:11 13:27:11,01:28:24,,,,
2026-08-07 13:43:19,84.1,75.7,68.6,29.28,605,29.28,1.0,91.4,72.6,314,84.0,session,"Session - Aug 7, 2026 13:27:11",2026-08-07 13:27:11 13:27:11,01:28:24,,,,
2026-08-07 13:43:24,84.0,75.6,68.1,29.28,605,29.28,2.0,91.2,72.4,313,84.0,session,"Session - Aug 7, 2026 13:27:11",2026-08-07 13:27:11 13:27:11,01:28:24,,,,
2026-08-07 13:43:29,84.1,75.6,67.9,29.28,605,29.28,1.3,91.2,72.3,314,84.0,session,"Session - Aug 7, 2026 13:27:11",2026-08-07 13:27:11 13:27:11,01:28:24,,,,
2026-08-07 13:43:34,84.2,75.6,67.7,29.28,605,29.28,1.2,91.2,72.3,313,84.0,session,"Session - Aug 7, 2026 13:27:11",2026-08-07 13:27:11 13:27:11,01:28:24,,,,
2026-08-07 13:43:39,84.1,75.4,67.5,29.28,605,29.28,1.2,91.0,72.2,314,84.0,session,"Session - Aug 7, 2026 13:27:11",2026-08-07 13:27:11 13:27:11,01:28:24,,,,
2026-08-07 13:43:44,84.2,75.4,67.1,29.28,605,29.28,1.6,90.9,72.1,314,84.0,session,"Session - Aug 7, 2026 13:27:11",2026-08-07 13:27:11 13:27:11,01:28:24,,,,
2026-08-07 13:43:49,84.2,75.4,66.9,29.28,602,29.28,1.3,90.9,72.0,313,84.0,session,"Session - Aug 7, 2026 13:27:11",2026-08-07 13:27:11 13:27:11,01:28:24,,,,
2026-08-07 13:43:54,84.1,75.4,66.8,29.28,602,29.28,0.9,90.9,71.9,314,84.0,session,"Session - Aug 7, 2026 13:27:11",2026-08-07 13:27:11 13:27:11,01:28:24,,,,
2026-08-07 13:43:59,84.2,75.4,66.9,29.28,602,29.28,0.9,90.9,72.0,314,84.0,session,"Session - Aug 7, 2026 13:27:11",2026-08-07 13:27:11 13:27:11,01:28:24,,,,
2026-08-07 13:44:04,84.2,75.4,67.2,29.28,600,29.28,0.0,91.4,72.1,314,84.2,session,"Session - Aug 7, 2026 13:27:11",2026-08-07 13:27:11 13:27:11,01:28:24,,,,
2026-08-07 13:44:09,84.2,75.4,67.4,29.28,602,29.28,0.0,91.4,72.2,314,84.2,session,"Session - Aug 7, 2026 13:27:11",2026-08-07 13:27:11 13:27:11,01:28:24,,,,
2026-08-07 13:44:14,84.3,75.6,67.4,29.28,602,29.28,0.0,91.4,72.3,314,84.2,session,"Session - Aug 7, 2026 13:27:11",2026-08-07 13:27:11 13:27:11,01:28:24,,,,
2026-08-07 13:44:19,84.3,75.6,67.5,29.28,600,29.28,1.5,91.4,72.4,313,84.2,session,"Session - Aug 7, 2026 13:27:11",2026-08-07 13:27:11 13:27:11,01:28:24,,,,
2026-08-07 13:44:24,84.4,75.7,67.5,29.28,600,29.28,0.0,91.8,72.5,313,84.4,session,"Session - Aug 7, 2026 13:27:11",2026-08-07 13:27:11 13:27:11,01:28:24,,,,
2026-08-07 13:44:29,84.5,75.7,67.5,29.28,597,29.29,0.0,91.8,72.6,313,84.4,session,"Session - Aug 7, 2026 13:27:11",2026-08-07 13:27:11 13:27:11,01:28:24,,,,
2026-08-07 13:44:34,84.6,75.7,67.5,29.28,597,29.29,1.3,92.5,72.7,314,84.6,session,"Session - Aug 7, 2026 13:27:11",2026-08-07 13:27:11 13:27:11,01:28:24,,,,
2026-08-07 13:44:39,84.7,75.9,67.4,29.29,594,29.29,0.8,92.3,72.7,314,84.6,session,"Session - Aug 7, 2026 13:27:11",2026-08-07 13:27:11 13:27:11,01:28:24,,,,
2026-08-07 13:44:44,84.7,75.9,67.3,29.29,594,29.29,0.0,92.3,72.7,314,84.6,session,"Session - Aug 7, 2026 13:27:11",2026-08-07 13:27:11 13:27:11,01:28:24,,,,
2026-08-07 13:44:49,84.7,75.7,67.2,29.29,594,29.29,0.0,92.3,72.6,314,84.6,session,"Session - Aug 7, 2026 13:27:11",2026-08-07 13:27:11 13:27:11,01:28:24,,,,
2026-08-07 13:44:54,84.8,75.9,67.1,29.29,594,29.29,1.1,92.5,72.7,314,84.7,session,"Session - Aug 7, 2026 13:27:11",2026-08-07 13:27:11 13:27:11,01:28:24,,,,
2026-08-07 13:44:59,84.9,75.9,67.0,29.29,594,29.29,0.0,92.5,72.7,313,84.7,session,"Session - Aug 7, 2026 13:27:11",2026-08-07 13:27:11 13:27:11,01:28:24,,,,
2026-08-07 13:45:04,84.9,75.9,66.9,29.29,592,29.30,0.8,92.8,72.7,314,84.9,session,"Session - Aug 7, 2026 13:27:11",2026-08-07 13:27:11 13:27:11,01:28:24,,,,
2026-08-07 13:45:09,85.0,75.9,66.8,29.29,592,29.29,0.0,92.8,72.7,313,84.9,session,"Session - Aug 7, 2026 13:27:11",2026-08-07 13:27:11 13:27:11,01:28:24,,,,
2026-08-07 13:45:14,85.1,75.9,66.6,29.29,592,29.29,0.8,92.8,72.7,313,84.9,session,"Session - Aug 7, 2026 13:27:11",2026-08-07 13:27:11 13:27:11,01:28:24,,,,
2026-08-07 13:45:19,85.1,76.1,66.7,29.29,592,29.30,1.5,93.2,72.8,314,85.1,session,"Session - Aug 7, 2026 13:27:11",2026-08-07 13:27:11 13:27:11,01:28:24,,,,
2026-08-07 13:45:24,85.2,76.1,66.7,29.30,585,29.30,0.8,93.2,72.9,313,85.1,session,"Session - Aug 7, 2026 13:27:11",2026-08-07 13:27:11 13:27:11,01:28:24,,,,
2026-08-07 13:45:29,85.3,76.3,66.7,29.30,585,29.30,0.9,93.6,73.0,314,85.3,session,"Session - Aug 7, 2026 13:27:11",2026-08-07 13:27:11 13:27:11,01:28:24,,,,
2026-08-07 13:45:34,85.2,76.1,66.6,29.30,585,29.30,0.0,93.2,72.9,314,85.1,session,"Session - Aug 7, 2026 13:27:11",2026-08-07 13:27:11 13:27:11,01:28:24,,,,
2026-08-07 13:45:39,85.2,76.1,66.6,29.30,585,29.30,0.0,93.2,72.9,313,85.1,session,"Session - Aug 7, 2026 13:27:11",2026-08-07 13:27:11 13:27:11,01:28:24,,,,
2026-08-07 13:45:44,85.2,76.1,66.5,29.30,585,29.30,0.0,93.2,72.8,314,85.1,session,"Session - Aug 7, 2026 13:27:11",2026-08-07 13:27:11 13:27:11,01:28:24,,,,
2026-08-07 13:45:49,85.3,75.9,66.3,29.30,584,29.30,0.0,93.2,72.7,314,85.3,session,"Session - Aug 7, 2026 13:27:11",2026-08-07 13:27:11 13:27:11,01:28:24,,,,
2026-08-07 13:45:54,85.3,75.9,66.0,29.31,584,29.31,0.0,93.4,72.7,314,85.3,session,"Session - Aug 7, 2026 13:27:11",2026-08-07 13:27:11 13:27:11,01:28:24,,,,
2026-08-07 13:45:59,85.3,75.9,66.0,29.31,581,29.31,0.0,93.4,72.6,313,85.3,session,"Session - Aug 7, 2026 13:27:11",2026-08-07 13:27:11 13:27:11,01:28:24,,,,
2026-08-07 13:46:04,85.5,76.3,66.0,29.31,577,29.31,0.0,93.9,72.8,314,85.5,session,"Session - Aug 7, 2026 13:27:11",2026-08-07 13:27:11 13:27:11,01:28:24,,,,
2026-08-07 13:46:09,85.5,76.3,66.2,29.31,581,29.31,0.0,93.9,72.9,314,85.5,session,"Session - Aug 7, 2026 13:27:11",2026-08-07 13:27:11 13:27:11,01:28:24,,,,
2026-08-07 13:46:14,85.4,76.3,66.1,29.31,577,29.31,0.0,93.4,72.8,314,85.3,session,"Session - Aug 7, 2026 13:27:11",2026-08-07 13:27:11 13:27:11,01:28:24,,,,
2026-08-07 13:46:19,85.4,76.1,65.9,29.31,574,29.31,0.0,93.4,72.7,313,85.3,session,"Session - Aug 7, 2026 13:27:11",2026-08-07 13:27:11 13:27:11,01:28:24,,,,
2026-08-07 13:46:24,85.4,76.1,65.7,29.31,577,29.31,0.0,93.4,72.6,313,85.3,session,"Session - Aug 7, 2026 13:27:11",2026-08-07 13:27:11 13:27:11,01:28:24,,,,
2026-08-07 13:46:29,85.5,76.1,65.5,29.31,574,29.31,0.0,93.6,72.6,314,85.5,session,"Session - Aug 7, 2026 13:27:11",2026-08-07 13:27:11 13:27:11,01:28:24,,,,
2026-08-07 13:46:34,85.6,76.1,65.4,29.31,574,29.31,0.8,93.6,72.7,313,85.6,session,"Session - Aug 7, 2026 13:27:11",2026-08-07 13:27:11 13:27:11,01:28:24,,,,
2026-08-07 13:46:39,85.8,76.3,65.4,29.31,572,29.31,0.9,94.5,72.9,314,85.8,session,"Session - Aug 7, 2026 13:27:11",2026-08-07 13:27:11 13:27:11,01:28:24,,,,
2026-08-07 13:46:44,85.9,76.3,65.3,29.31,574,29.31,1.0,94.3,72.8,313,85.8,session,"Session - Aug 7, 2026 13:27:11",2026-08-07 13:27:11 13:27:11,01:28:24,,,,
2026-08-07 13:46:49,85.8,76.1,65.1,29.31,572,29.31,0.8,94.3,72.8,314,85.8,session,"Session - Aug 7, 2026 13:27:11",2026-08-07 13:27:11 13:27:11,01:28:24,,,,
2026-08-07 13:46:54,85.7,75.9,64.7,29.31,572,29.32,1.4,93.7,72.4,314,85.6,session,"Session - Aug 7, 2026 13:27:11",2026-08-07 13:27:11 13:27:11,01:28:24,,,,
2026-08-07 13:46:59,85.7,75.9,64.6,29.31,569,29.32,1.1,93.7,72.4,314,85.6,session,"Session - Aug 7, 2026 13:27:11",2026-08-07 13:27:11 13:27:11,01:28:24,,,,
2026-08-07 13:47:04,85.9,76.1,64.3,29.31,569,29.32,0.8,93.9,72.4,314,85.8,session,"Session - Aug 7, 2026 13:27:11",2026-08-07 13:27:11 13:27:11,01:28:24,,,,
2026-08-07 13:47:09,86.0,76.1,64.2,29.31,569,29.32,1.7,93.9,72.5,313,85.8,session,"Session - Aug 7, 2026 13:27:11",2026-08-07 13:27:11 13:27:11,01:28:24,,,,
2026-08-07 13:47:14,86.0,75.9,64.0,29.32,565,29.32,1.5,93.7,72.4,313,85.8,session,"Session - Aug 7, 2026 13:27:11",2026-08-07 13:27:11 13:27:11,01:28:24,,,,
2026-08-07 13:47:19,86.0,75.9,63.9,29.32,565,29.32,0.9,94.1,72.3,313,86.0,session,"Session - Aug 7, 2026 13:27:11",2026-08-07 13:27:11 13:27:11,01:28:24,,,,
2026-08-07 13:47:24,86.0,75.9,63.8,29.32,565,29.32,0.7,94.1,72.3,315,86.0,session,"Session - Aug 7, 2026 13:27:11",2026-08-07 13:27:11 13:27:11,01:28:24,,,,
2026-08-07 13:47:29,86.0,75.7,63.6,29.32,564,29.32,1.5,93.7,72.2,313,85.8,session,"Session - Aug 7, 2026 13:27:11",2026-08-07 13:27:11 13:27:11,01:28:24,,,,
2026-08-07 13:47:34,86.0,75.7,63.6,29.32,564,29.32,0.9,93.7,72.2,314,85.8,session,"Session - Aug 7, 2026 13:27:11",2026-08-07 13:27:11 13:27:11,01:28:24,,,,
2026-08-07 13:47:39,86.0,75.7,63.6,29.32,565,29.32,0.9,93.7,72.2,313,85.8,session,"Session - Aug 7, 2026 13:27:11",2026-08-07 13:27:11 13:27:11,01:28:24,,,,
2026-08-07 13:47:44,86.1,75.9,63.5,29.32,565,29.32,0.0,94.1,72.3,314,86.0,session,"Session - Aug 7, 2026 13:27:11",2026-08-07 13:27:11 13:27:11,01:28:24,,,,
2026-08-07 13:47:49,85.9,75.7,63.4,29.32,565,29.32,0.0,93.6,72.0,313,85.8,session,"Session - Aug 7, 2026 13:27:11",2026-08-07 13:27:11 13:27:11,01:28:24,,,,
2026-08-07 13:47:54,85.7,75.4,63.0,29.32,565,29.32,0.0,93.0,71.7,314,85.6,session,"Session - Aug 7, 2026 13:27:11",2026-08-07 13:27:11 13:27:11,01:28:24,,,,
2026-08-07 13:47:59,85.6,75.4,62.9,29.32,565,29.32,0.0,92.7,71.5,313,85.5,session,"Session - Aug 7, 2026 13:27:11",2026-08-07 13:27:11 13:27:11,01:28:24,,,,
2026-08-07 13:48:04,85.7,75.4,62.9,29.32,565,29.32,0.0,93.0,71.6,314,85.6,session,"Session - Aug 7, 2026 13:27:11",2026-08-07 13:27:11 13:27:11,01:28:24,,,,
2026-08-07 13:48:09,85.8,75.6,63.0,29.32,565,29.32,0.0,93.4,71.8,314,85.8,session,"Session - Aug 7, 2026 13:27:11",2026-08-07 13:27:11 13:27:11,01:28:24,,,,
2026-08-07 13:48:14,85.9,75.7,63.0,29.32,565,29.32,0.0,93.6,71.9,314,85.8,session,"Session - Aug 7, 2026 13:27:11",2026-08-07 13:27:11 13:27:11,01:28:24,,,,
2026-08-07 13:48:19,86.1,75.9,63.1,29.32,565,29.32,0.0,93.9,72.1,313,86.0,session,"Session - Aug 7, 2026 13:27:11",2026-08-07 13:27:11 13:27:11,01:28:24,,,,
2026-08-07 13:48:24,86.2,75.9,63.4,29.32,565,29.32,0.0,94.5,72.3,314,86.2,session,"Session - Aug 7, 2026 13:27:11",2026-08-07 13:27:11 13:27:11,01:28:24,,,,
2026-08-07 13:48:29,86.2,75.9,63.5,29.31,569,29.32,0.0,94.5,72.4,313,86.2,session,"Session - Aug 7, 2026 13:27:11",2026-08-07 13:27:11 13:27:11,01:28:24,,,,
2026-08-07 13:48:34,86.4,76.3,63.7,29.31,569,29.32,0.0,94.8,72.6,314,86.4,session,"Session - Aug 7, 2026 13:27:11",2026-08-07 13:27:11 13:27:11,01:28:24,,,,
2026-08-07 13:48:39,86.6,76.5,63.9,29.31,569,29.32,0.0,95.4,72.9,314,86.5,session,"Session - Aug 7, 2026 13:27:11",2026-08-07 13:27:11 13:27:11,01:28:24,,,,
2026-08-07 13:48:44,86.7,76.6,64.0,29.31,572,29.32,0.0,95.4,73.1,314,86.5,session,"Session - Aug 7, 2026 13:27:11",2026-08-07 13:27:11 13:27:11,01:28:24,,,,
2026-08-07 13:48:49,86.8,76.8,64.0,29.31,572,29.32,0.0,95.7,73.2,313,86.7,session,"Session - Aug 7, 2026 13:27:11",2026-08-07 13:27:11 13:27:11,01:28:24,,,,
2026-08-07 13:48:54,86.9,76.8,63.8,29.31,572,29.32,0.0,96.1,73.2,314,86.9,session,"Session - Aug 7, 2026 13:27:11",2026-08-07 13:27:11 13:27:11,01:28:24,,,,
2026-08-07 13:48:59,86.9,76.6,63.7,29.31,572,29.32,0.0,96.1,73.1,313,86.9,session,"Session - Aug 7, 2026 13:27:11",2026-08-07 13:27:11 13:27:11,01:28:24,,,,
2026-08-07 13:49:04,87.0,76.8,63.6,29.31,572,29.32,0.0,96.1,73.1,314,86.9,session,"Session - Aug 7, 2026 13:27:11",2026-08-07 13:27:11 13:27:11,01:28:24,,,,
2026-08-07 13:49:09,87.0,76.8,63.6,29.31,572,29.31,0.0,96.1,73.2,313,86.9,session,"Session - Aug 7, 2026 13:27:11",2026-08-07 13:27:11 13:27:11,01:28:24,,,,
2026-08-07 13:49:14,87.1,76.8,63.4,29.31,572,29.31,0.0,96.4,73.2,314,87.1,session,"Session - Aug 7, 2026 13:27:11",2026-08-07 13:27:11 13:27:11,01:28:24,,,,
2026-08-07 13:49:19,87.2,76.8,63.3,29.31,572,29.32,0.0,96.3,73.2,314,87.1,session,"Session - Aug 7, 2026 13:27:11",2026-08-07 13:27:11 13:27:11,01:28:24,,,,
2026-08-07 13:49:24,87.2,76.8,63.2,29.31,572,29.31,0.0,96.3,73.2,313,87.1,session,"Session - Aug 7, 2026 13:27:11",2026-08-07 13:27:11 13:27:11,01:28:24,,,,
2026-08-07 13:49:29,87.2,76.8,63.1,29.31,574,29.31,0.0,96.3,73.2,314,87.1,session,"Session - Aug 7, 2026 13:27:11",2026-08-07 13:27:11 13:27:11,01:28:24,,,,
2026-08-07 13:49:34,87.3,76.8,63.0,29.31,574,29.31,0.8,96.4,73.1,313,87.3,session,"Session - Aug 7, 2026 13:27:11",2026-08-07 13:27:11 13:27:11,01:28:24,,,,
2026-08-07 13:49:39,87.3,76.8,62.8,29.31,574,29.31,0.0,96.4,73.1,313,87.3,session,"Session - Aug 7, 2026 13:27:11",2026-08-07 13:27:11 13:27:11,01:28:24,,,,
2026-08-07 13:49:44,87.2,76.6,62.5,29.31,574,29.31,0.0,95.9,72.9,314,87.1,session,"Session - Aug 7, 2026 13:27:11",2026-08-07 13:27:11 13:27:11,01:28:24,,,,
2026-08-07 13:49:49,87.1,76.5,62.3,29.31,577,29.31,0.0,95.5,72.6,313,86.9,session,"Session - Aug 7, 2026 13:27:11",2026-08-07 13:27:11 13:27:11,01:28:24,,,,
2026-08-07 13:49:54,86.9,76.3,62.1,29.31,577,29.31,0.0,95.4,72.4,314,86.9,session,"Session - Aug 7, 2026 13:27:11",2026-08-07 13:27:11 13:27:11,01:28:24,,,,
2026-08-07 13:49:59,86.9,76.3,62.0,29.31,577,29.31,0.0,95.0,72.3,314,86.7,session,"Session - Aug 7, 2026 13:27:11",2026-08-07 13:27:11 13:27:11,01:28:24,,,,
2026-08-07 13:50:04,86.9,76.3,61.9,29.31,577,29.31,0.0,95.4,72.2,313,86.9,session,"Session - Aug 7, 2026 13:27:11",2026-08-07 13:27:11 13:27:11,01:28:24,,,,
2026-08-07 13:50:09,87.0,76.3,62.0,29.31,581,29.31,0.0,95.4,72.4,315,86.9,session,"Session - Aug 7, 2026 13:27:11",2026-08-07 13:27:11 13:27:11,01:28:24,,,,
2026-08-07 13:50:14,87.0,76.5,62.1,29.31,581,29.31,0.0,95.4,72.5,316,86.9,session,"Session - Aug 7, 2026 13:27:11",2026-08-07 13:27:11 13:27:11,01:28:24,,,,
2026-08-07 13:50:19,87.1,76.5,62.2,29.31,581,29.31,0.0,95.7,72.6,316,87.1,session,"Session - Aug 7, 2026 13:27:11",2026-08-07 13:27:11 13:27:11,01:28:24,,,,
2026-08-07 13:50:24,87.2,76.5,62.2,29.31,581,29.31,0.0,95.7,72.6,316,87.1,session,"Session - Aug 7, 2026 13:27:11",2026-08-07 13:27:11 13:27:11,01:28:24,,,,
2026-08-07 13:50:29,86.9,76.3,62.1,29.31,577,29.31,0.0,95.4,72.3,316,86.9,session,"Session - Aug 7, 2026 13:27:11",2026-08-07 13:27:11 13:27:11,01:28:24,,,,
2026-08-07 13:50:34,86.8,76.3,62.0,29.31,581,29.31,0.0,95.0,72.2,316,86.7,session,"Session - Aug 7, 2026 13:27:11",2026-08-07 13:27:11 13:27:11,01:28:24,,,,
2026-08-07 13:50:39,86.8,76.3,62.0,29.31,581,29.31,0.0,95.0,72.3,316,86.7,session,"Session - Aug 7, 2026 13:27:11",2026-08-07 13:27:11 13:27:11,01:28:24,,,,
2026-08-07 13:50:44,86.9,76.3,62.3,29.31,581,29.31,0.0,95.4,72.4,315,86.9,session,"Session - Aug 7, 2026 13:27:11",2026-08-07 13:27:11 13:27:11,01:28:24,,,,
2026-08-07 13:50:49,87.0,76.5,62.6,29.31,581,29.31,0.0,95.5,72.6,316,86.9,session,"Session - Aug 7, 2026 13:27:11",2026-08-07 13:27:11 13:27:11,01:28:24,,,,
2026-08-07 13:50:54,87.0,76.6,63.0,29.31,577,29.31,0.0,95.7,72.8,316,86.9,session,"Session - Aug 7, 2026 13:27:11",2026-08-07 13:27:11 13:27:11,01:28:24,,,,
2026-08-07 13:50:59,87.1,76.8,63.2,29.31,581,29.31,0.0,96.3,73.1,316,87.1,session,"Session - Aug 7, 2026 13:27:11",2026-08-07 13:27:11 13:27:11,01:28:24,,,,
2026-08-07 13:51:04,87.3,77.0,63.5,29.31,581,29.31,0.0,96.8,73.4,316,87.3,session,"Session - Aug 7, 2026 13:27:11",2026-08-07 13:27:11 13:27:11,01:28:24,,,,
2026-08-07 13:51:09,87.0,76.8,63.6,29.31,577,29.31,0.0,96.1,73.2,316,86.9,session,"Session - Aug 7, 2026 13:27:11",2026-08-07 13:27:11 13:27:11,01:28:24,,,,
2026-08-07 13:51:14,87.1,76.8,63.6,29.31,581,29.31,0.0,96.4,73.3,316,87.1,session,"Session - Aug 7, 2026 13:27:11",2026-08-07 13:27:11 13:27:11,01:28:24,,,,
2026-08-07 13:51:19,87.1,76.8,63.6,29.31,577,29.31,0.0,96.4,73.3,315,87.1,session,"Session - Aug 7, 2026 13:27:11",2026-08-07 13:27:11 13:27:11,01:28:24,,,,
2026-08-07 13:51:24,87.1,76.8,63.6,29.31,577,29.31,0.0,96.4,73.2,316,87.1,session,"Session - Aug 7, 2026 13:27:11",2026-08-07 13:27:11 13:27:11,01:28:24,,,,
2026-08-07 13:51:29,86.9,76.6,63.5,29.31,577,29.31,0.0,95.9,73.0,316,86.9,session,"Session - Aug 7, 2026 13:27:11",2026-08-07 13:27:11 13:27:11,01:28:24,,,,
2026-08-07 13:51:34,86.7,76.5,63.2,29.31,577,29.31,0.0,95.4,72.8,316,86.7,session,"Session - Aug 7, 2026 13:27:11",2026-08-07 13:27:11 13:27:11,01:28:24,,,,
2026-08-07 13:51:39,86.7,76.3,63.0,29.31,577,29.31,0.0,95.0,72.6,315,86.5,session,"Session - Aug 7, 2026 13:27:11",2026-08-07 13:27:11 13:27:11,01:28:24,,,,
2026-08-07 13:51:44,86.7,76.5,63.0,29.31,577,29.31,0.0,95.0,72.6,316,86.5,session,"Session - Aug 7, 2026 13:27:11",2026-08-07 13:27:11 13:27:11,01:28:24,,,,
2026-08-07 13:51:49,86.7,76.5,63.1,29.31,577,29.31,0.0,95.4,72.6,315,86.7,session,"Session - Aug 7, 2026 13:27:11",2026-08-07 13:27:11 13:27:11,01:28:24,,,,
2026-08-07 13:51:54,86.8,76.5,63.1,29.31,574,29.31,0.0,95.4,72.7,314,86.7,session,"Session - Aug 7, 2026 13:27:11",2026-08-07 13:27:11 13:27:11,01:28:24,,,,
2026-08-07 13:51:59,86.9,76.6,63.3,29.31,574,29.31,0.0,95.4,72.9,314,86.7,session,"Session - Aug 7, 2026 13:27:11",2026-08-07 13:27:11 13:27:11,01:28:24,,,,
2026-08-07 13:52:04,87.0,76.8,63.2,29.31,577,29.31,0.0,95.9,73.0,314,86.9,session,"Session - Aug 7, 2026 13:27:11",2026-08-07 13:27:11 13:27:11,01:28:24,,,,
2026-08-07 13:52:09,87.1,76.8,63.2,29.31,577,29.31,0.0,96.3,73.0,314,87.1,session,"Session - Aug 7, 2026 13:27:11",2026-08-07 13:27:11 13:27:11,01:28:24,,,,
2026-08-07 13:52:14,87.2,76.8,63.3,29.31,577,29.31,0.0,96.3,73.2,314,87.1,session,"Session - Aug 7, 2026 13:27:11",2026-08-07 13:27:11 13:27:11,01:28:24,,,,
2026-08-07 13:52:19,87.4,77.2,63.7,29.31,577,29.31,0.0,96.8,73.5,314,87.3,session,"Session - Aug 7, 2026 13:27:11",2026-08-07 13:27:11 13:27:11,01:28:24,,,,
2026-08-07 13:52:24,87.4,77.4,64.5,29.31,577,29.31,0.0,97.3,73.9,314,87.3,session,"Session - Aug 7, 2026 13:27:11",2026-08-07 13:27:11 13:27:11,01:28:24,,,,
2026-08-07 13:52:29,87.4,77.4,64.5,29.31,577,29.31,0.0,97.3,73.9,314,87.3,session,"Session - Aug 7, 2026 13:27:11",2026-08-07 13:27:11 13:27:11,01:28:24,,,,
2026-08-07 13:52:34,87.3,77.2,64.1,29.31,581,29.31,0.0,97.0,73.7,315,87.3,session,"Session - Aug 7, 2026 13:27:11",2026-08-07 13:27:11 13:27:11,01:28:24,,,,
2026-08-07 13:52:39,87.3,77.2,63.7,29.31,577,29.31,0.0,96.8,73.5,316,87.3,session,"Session - Aug 7, 2026 13:27:11",2026-08-07 13:27:11 13:27:11,01:28:24,,,,
2026-08-07 13:52:44,86.8,76.6,63.2,29.31,577,29.31,0.0,95.4,72.8,315,86.7,session,"Session - Aug 7, 2026 13:27:11",2026-08-07 13:27:11 13:27:11,01:28:24,,,,
2026-08-07 13:52:49,86.7,76.5,62.9,29.31,577,29.31,0.0,95.4,72.6,315,86.7,session,"Session - Aug 7, 2026 13:27:11",2026-08-07 13:27:11 13:27:11,01:28:24,,,,
2026-08-07 13:52:54,86.6,76.1,62.6,29.31,577,29.31,0.0,94.8,72.3,312,86.5,session,"Session - Aug 7, 2026 13:27:11",2026-08-07 13:27:11 13:27:11,01:28:24,,,,
2026-08-07 13:52:59,86.7,76.3,62.8,29.31,577,29.31,0.0,94.8,72.5,314,86.5,session,"Session - Aug 7, 2026 13:27:11",2026-08-07 13:27:11 13:27:11,01:28:24,,,,
2026-08-07 13:53:04,86.8,76.5,63.0,29.31,581,29.31,0.0,95.4,72.7,316,86.7,session,"Session - Aug 7, 2026 13:27:11",2026-08-07 13:27:11 13:27:11,01:28:24,,,,
2026-08-07 13:53:09,86.6,76.3,63.0,29.31,581,29.31,0.0,95.0,72.5,316,86.5,session,"Session - Aug 7, 2026 13:27:11",2026-08-07 13:27:11 13:27:11,01:28:24,,,,
2026-08-07 13:53:14,86.5,76.1,62.8,29.31,581,29.31,2.0,94.5,72.3,316,86.4,session,"Session - Aug 7, 2026 13:27:11",2026-08-07 13:27:11 13:27:11,01:28:24,,,,
2026-08-07 13:53:19,86.6,76.1,62.7,29.31,577,29.31,1.5,94.8,72.3,315,86.5,session,"Session - Aug 7, 2026 13:27:11",2026-08-07 13:27:11 13:27:11,01:28:24,,,,
2026-08-07 13:53:24,86.6,76.1,62.6,29.31,574,29.31,1.9,94.8,72.3,315,86.5,session,"Session - Aug 7, 2026 13:27:11",2026-08-07 13:27:11 13:27:11,01:28:24,,,,
2026-08-07 13:53:29,86.5,76.1,62.6,29.31,577,29.31,0.9,94.3,72.2,315,86.4,session,"Session - Aug 7, 2026 13:27:11",2026-08-07 13:27:11 13:27:11,01:28:24,,,,
2026-08-07 13:53:34,86.6,76.1,62.7,29.31,577,29.31,0.0,94.8,72.3,315,86.5,session,"Session - Aug 7, 2026 13:27:11",2026-08-07 13:27:11 13:27:11,01:28:24,,,,
2026-08-07 13:53:39,86.6,76.1,62.8,29.31,577,29.31,0.0,94.8,72.3,316,86.5,session,"Session - Aug 7, 2026 13:27:11",2026-08-07 13:27:11 13:27:11,01:28:24,,,,
2026-08-07 13:53:44,86.6,76.1,62.8,29.31,577,29.31,0.0,94.8,72.3,316,86.5,session,"Session - Aug 7, 2026 13:27:11",2026-08-07 13:27:11 13:27:11,01:28:24,,,,
2026-08-07 13:53:49,86.5,76.1,62.8,29.31,577,29.31,0.0,94.5,72.2,316,86.4,session,"Session - Aug 7, 2026 13:27:11",2026-08-07 13:27:11 13:27:11,01:28:24,,,,
2026-08-07 13:53:54,86.4,75.9,62.7,29.31,577,29.31,0.0,94.3,72.1,315,86.4,session,"Session - Aug 7, 2026 13:27:11",2026-08-07 13:27:11 13:27:11,01:28:24,,,,
2026-08-07 13:53:59,86.3,75.9,62.6,29.31,577,29.31,0.0,93.9,72.1,316,86.2,session,"Session - Aug 7, 2026 13:27:11",2026-08-07 13:27:11 13:27:11,01:28:24,,,,
2026-08-07 13:54:04,86.5,76.1,62.7,29.31,577,29.31,0.0,94.3,72.2,316,86.4,session,"Session - Aug 7, 2026 13:27:11",2026-08-07 13:27:11 13:27:11,01:28:24,,,,
2026-08-07 13:54:09,86.5,76.1,62.8,29.31,574,29.31,0.0,95.0,72.3,316,86.5,session,"Session - Aug 7, 2026 13:27:11",2026-08-07 13:27:11 13:27:11,01:28:24,,,,
2026-08-07 13:54:14,86.5,76.3,63.2,29.31,577,29.31,0.0,94.6,72.5,316,86.4,session,"Session - Aug 7, 2026 13:27:11",2026-08-07 13:27:11 13:27:11,01:28:24,,,,
2026-08-07 13:54:19,86.6,76.5,63.2,29.31,577,29.31,0.0,95.0,72.6,316,86.5,session,"Session - Aug 7, 2026 13:27:11",2026-08-07 13:27:11 13:27:11,01:28:24,,,,
2026-08-07 13:54:24,86.6,76.5,63.4,29.31,577,29.31,0.0,95.0,72.7,316,86.5,session,"Session - Aug 7, 2026 13:27:11",2026-08-07 13:27:11 13:27:11,01:28:24,,,,
2026-08-07 13:54:29,86.5,76.3,63.4,29.31,581,29.31,2.1,94.8,72.6,315,86.4,session,"Session - Aug 7, 2026 13:27:11",2026-08-07 13:27:11 13:27:11,01:28:24,,,,
2026-08-07 13:54:34,86.7,76.5,63.4,29.31,577,29.31,0.0,95.5,72.9,315,86.7,session,"Session - Aug 7, 2026 13:27:11",2026-08-07 13:27:11 13:27:11,01:28:24,,,,
2026-08-07 13:54:39,86.7,76.5,63.5,29.31,577,29.31,0.0,95.2,72.8,315,86.5,session,"Session - Aug 7, 2026 13:27:11",2026-08-07 13:27:11 13:27:11,01:28:24,,,,
2026-08-07 13:54:44,86.7,76.6,63.8,29.31,577,29.31,0.0,95.5,73.0,315,86.7,session,"Session - Aug 7, 2026 13:27:11",2026-08-07 13:27:11 13:27:11,01:28:24,,,,
2026-08-07 13:54:49,86.8,76.8,64.1,29.31,581,29.31,0.0,95.7,73.2,314,86.7,session,"Session - Aug 7, 2026 13:27:11",2026-08-07 13:27:11 13:27:11,01:28:24,,,,
2026-08-07 13:54:54,86.9,77.0,64.9,29.31,581,29.31,0.0,96.4,73.6,315,86.9,session,"Session - Aug 7, 2026 13:27:11",2026-08-07 13:27:11 13:27:11,01:28:24,,,,
2026-08-07 13:54:59,86.8,77.0,64.9,29.31,581,29.31,0.0,96.1,73.6,315,86.7,session,"Session - Aug 7, 2026 13:27:11",2026-08-07 13:27:11 13:27:11,01:28:24,,,,
2026-08-07 13:55:04,87.0,77.2,64.9,29.31,584,29.31,0.0,96.4,73.7,316,86.9,session,"Session - Aug 7, 2026 13:27:11",2026-08-07 13:27:11 13:27:11,01:28:24,,,,
2026-08-07 13:55:09,86.9,77.2,65.0,29.31,584,29.31,0.0,96.6,73.7,314,86.9,session,"Session - Aug 7, 2026 13:27:11",2026-08-07 13:27:11 13:27:11,01:28:24,,,,
2026-08-07 13:55:14,86.9,77.0,64.9,29.30,584,29.30,0.0,96.3,73.6,315,86.7,session,"Session - Aug 7, 2026 13:27:11",2026-08-07 13:27:11 13:27:11,01:28:24,,,,
2026-08-07 13:55:19,86.7,76.8,64.8,29.30,585,29.30,0.0,95.7,73.4,315,86.5,session,"Session - Aug 7, 2026 13:27:11",2026-08-07 13:27:11 13:27:11,01:28:24,,,,
2026-08-07 13:55:24,86.5,76.6,64.5,29.30,584,29.30,0.0,95.5,73.1,315,86.5,session,"Session - Aug 7, 2026 13:27:11",2026-08-07 13:27:11 13:27:11,01:28:24,,,,
2026-08-07 13:55:29,86.3,76.5,64.3,29.30,585,29.30,0.0,94.8,72.8,315,86.2,session,"Session - Aug 7, 2026 13:27:11",2026-08-07 13:27:11 13:27:11,01:28:24,,,,
2026-08-07 13:55:34,86.1,76.3,64.2,29.30,585,29.30,0.0,94.3,72.6,316,86.0,session,"Session - Aug 7, 2026 13:27:11",2026-08-07 13:27:11 13:27:11,01:28:24,,,,
2026-08-07 13:55:39,86.0,76.1,64.0,29.30,589,29.30,0.0,94.1,72.4,315,86.0,session,"Session - Aug 7, 2026 13:27:11",2026-08-07 13:27:11 13:27:11,01:28:24,,,,
2026-08-07 13:55:44,85.8,75.7,64.0,29.30,589,29.30,0.0,93.7,72.2,316,85.8,session,"Session - Aug 7, 2026 13:27:11",2026-08-07 13:27:11 13:27:11,01:28:24,,,,
2026-08-07 13:55:49,85.6,75.7,63.9,29.30,589,29.30,0.0,93.0,72.0,315,85.6,session,"Session - Aug 7, 2026 13:27:11",2026-08-07 13:27:11 13:27:11,01:28:24,,,,
2026-08-07 13:55:54,85.6,75.7,64.1,29.29,592,29.29,0.0,93.0,72.0,315,85.5,session,"Session - Aug 7, 2026 13:27:11",2026-08-07 13:27:11 13:27:11,01:28:24,,,,
2026-08-07 13:55:59,85.6,75.7,64.3,29.29,592,29.29,0.0,93.2,72.1,315,85.5,session,"Session - Aug 7, 2026 13:27:11",2026-08-07 13:27:11 13:27:11,01:28:24,,,,
2026-08-07 13:56:04,85.8,75.9,64.5,29.29,592,29.29,0.8,93.6,72.4,316,85.6,session,"Session - Aug 7, 2026 13:27:11",2026-08-07 13:27:11 13:27:11,01:28:24,,,,
2026-08-07 13:56:09,85.6,75.7,64.5,29.29,592,29.29,0.8,93.2,72.2,316,85.5,session,"Session - Aug 7, 2026 13:27:11",2026-08-07 13:27:11 13:27:11,01:28:24,,,,
2026-08-07 13:56:14,85.5,75.7,64.5,29.29,594,29.29,0.9,93.2,72.2,316,85.5,session,"Session - Aug 7, 2026 13:27:11",2026-08-07 13:27:11 13:27:11,01:28:24,,,,
2026-08-07 13:56:19,85.6,75.7,64.5,29.29,592,29.29,0.0,93.2,72.2,315,85.5,session,"Session - Aug 7, 2026 13:27:11",2026-08-07 13:27:11 13:27:11,01:28:24,,,,
2026-08-07 13:56:24,85.7,75.9,64.6,29.29,594,29.29,0.0,93.7,72.4,315,85.6,session,"Session - Aug 7, 2026 13:27:11",2026-08-07 13:27:11 13:27:11,01:28:24,,,,
2026-08-07 13:56:29,85.7,75.9,64.7,29.29,594,29.29,0.9,93.7,72.4,315,85.6,session,"Session - Aug 7, 2026 13:27:11",2026-08-07 13:27:11 13:27:11,01:28:24,,,,
2026-08-07 13:56:34,85.8,76.1,64.8,29.29,594,29.29,0.0,93.7,72.6,315,85.6,session,"Session - Aug 7, 2026 13:27:11",2026-08-07 13:27:11 13:27:11,01:28:24,,,,
2026-08-07 13:56:39,85.9,76.1,64.9,29.28,597,29.29,0.7,94.3,72.7,315,85.8,session,"Session - Aug 7, 2026 13:27:11",2026-08-07 13:27:11 13:27:11,01:28:24,,,,
2026-08-07 13:56:44,85.7,76.1,65.2,29.28,597,29.29,1.2,93.9,72.7,316,85.6,session,"Session - Aug 7, 2026 13:27:11",2026-08-07 13:27:11 13:27:11,01:28:24,,,,
2026-08-07 13:56:49,85.9,76.3,65.3,29.28,597,29.29,1.6,94.5,72.9,316,85.8,session,"Session - Aug 7, 2026 13:27:11",2026-08-07 13:27:11 13:27:11,01:28:24,,,,
2026-08-07 13:56:54,86.0,76.5,65.6,29.28,597,29.29,0.9,94.5,73.1,315,85.8,session,"Session - Aug 7, 2026 13:27:11",2026-08-07 13:27:11 13:27:11,01:28:24,,,,
2026-08-07 13:56:59,86.0,76.6,65.9,29.28,600,29.29,0.0,95.0,73.3,316,86.0,session,"Session - Aug 7, 2026 13:27:11",2026-08-07 13:27:11 13:27:11,01:28:24,,,,
2026-08-07 13:57:04,86.0,76.8,66.4,29.28,600,29.28,0.0,95.2,73.5,316,86.0,session,"Session - Aug 7, 2026 13:27:11",2026-08-07 13:27:11 13:27:11,01:28:24,,,,
2026-08-07 13:57:09,85.9,76.6,66.5,29.28,602,29.28,0.0,94.8,73.5,315,85.8,session,"Session - Aug 7, 2026 13:27:11",2026-08-07 13:27:11 13:27:11,01:28:24,,,,
2026-08-07 13:57:14,85.8,76.6,66.7,29.28,602,29.28,0.0,94.8,73.5,316,85.8,session,"Session - Aug 7, 2026 13:27:11",2026-08-07 13:27:11 13:27:11,01:28:24,,,,
2026-08-07 13:57:19,85.8,76.6,66.7,29.28,602,29.28,0.0,94.5,73.4,315,85.6,session,"Session - Aug 7, 2026 13:27:11",2026-08-07 13:27:11 13:27:11,01:28:24,,,,
2026-08-07 13:57:24,85.6,76.5,66.7,29.28,602,29.28,0.0,94.1,73.2,316,85.6,session,"Session - Aug 7, 2026 13:27:11",2026-08-07 13:27:11 13:27:11,01:28:24,,,,
2026-08-07 13:57:29,85.6,76.5,66.6,29.28,602,29.28,0.0,94.1,73.2,315,85.5,session,"Session - Aug 7, 2026 13:27:11",2026-08-07 13:27:11 13:27:11,01:28:24,,,,
2026-08-07 13:57:34,85.6,76.5,66.7,29.28,605,29.28,0.0,94.1,73.2,316,85.5,session,"Session - Aug 7, 2026 13:27:11",2026-08-07 13:27:11 13:27:11,01:28:24,,,,
2026-08-07 13:57:39,85.5,76.5,66.7,29.28,605,29.28,0.0,94.1,73.2,316,85.5,session,"Session - Aug 7, 2026 13:27:11",2026-08-07 13:27:11 13:27:11,01:28:24,,,,
2026-08-07 13:57:44,85.5,76.3,66.6,29.28,602,29.28,0.0,94.1,73.1,316,85.5,session,"Session - Aug 7, 2026 13:27:11",2026-08-07 13:27:11 13:27:11,01:28:24,,,,
2026-08-07 13:57:49,85.4,76.3,66.5,29.28,608,29.28,0.0,93.6,73.0,315,85.3,session,"Session - Aug 7, 2026 13:27:11",2026-08-07 13:27:11 13:27:11,01:28:24,,,,
2026-08-07 13:57:54,85.5,76.3,66.4,29.28,605,29.28,0.0,94.1,73.0,316,85.5,session,"Session - Aug 7, 2026 13:27:11",2026-08-07 13:27:11 13:27:11,01:28:24,,,,
2026-08-07 13:57:59,85.3,76.1,66.4,29.28,608,29.28,0.0,93.6,72.8,315,85.3,session,"Session - Aug 7, 2026 13:27:11",2026-08-07 13:27:11 13:27:11,01:28:24,,,,
2026-08-07 13:58:04,85.2,75.9,66.3,29.28,605,29.28,0.0,93.2,72.7,315,85.1,session,"Session - Aug 7, 2026 13:27:11",2026-08-07 13:27:11 13:27:11,01:28:24,,,,
2026-08-07 13:58:09,85.2,75.9,66.2,29.28,610,29.28,0.0,93.2,72.6,316,85.1,session,"Session - Aug 7, 2026 13:27:11",2026-08-07 13:27:11 13:27:11,01:28:24,,,,
2026-08-07 13:58:14,85.1,75.9,66.1,29.28,608,29.28,0.0,93.0,72.6,316,85.1,session,"Session - Aug 7, 2026 13:27:11",2026-08-07 13:27:11 13:27:11,01:28:24,,,,
2026-08-07 13:58:19,85.1,75.9,66.1,29.28,610,29.28,0.0,92.7,72.4,315,84.9,session,"Session - Aug 7, 2026 13:27:11",2026-08-07 13:27:11 13:27:11,01:28:24,,,,
2026-08-07 13:58:24,85.0,75.9,66.1,29.28,610,29.28,0.0,92.7,72.4,315,84.9,session,"Session - Aug 7, 2026 13:27:11",2026-08-07 13:27:11 13:27:11,01:28:24,,,,
2026-08-07 13:58:29,85.0,75.7,66.0,29.28,610,29.28,1.0,92.7,72.4,315,84.9,session,"Session - Aug 7, 2026 13:27:11",2026-08-07 13:27:11 13:27:11,01:28:24,,,,
2026-08-07 13:58:34,84.9,75.7,65.9,29.27,614,29.27,0.7,92.5,72.2,315,84.9,session,"Session - Aug 7, 2026 13:27:11",2026-08-07 13:27:11 13:27:11,01:28:24,,,,
2026-08-07 13:58:39,85.0,75.7,65.9,29.28,610,29.28,0.0,92.5,72.3,313,84.9,session,"Session - Aug 7, 2026 13:27:11",2026-08-07 13:27:11 13:27:11,01:28:24,,,,
2026-08-07 13:58:44,84.9,75.7,66.0,29.28,610,29.28,0.0,92.7,72.3,313,84.9,session,"Session - Aug 7, 2026 13:27:11",2026-08-07 13:27:11 13:27:11,01:28:24,,,,
2026-08-07 13:58:49,84.9,75.7,66.0,29.27,610,29.28,0.0,92.1,72.3,315,84.7,session,"Session - Aug 7, 2026 13:27:11",2026-08-07 13:27:11 13:27:11,01:28:24,,,,
2026-08-07 13:58:54,84.9,75.7,66.0,29.28,610,29.28,0.0,92.1,72.3,315,84.7,session,"Session - Aug 7, 2026 13:27:11",2026-08-07 13:27:11 13:27:11,01:28:24,,,,
2026-08-07 13:58:59,84.8,75.6,66.1,29.28,608,29.28,0.0,92.1,72.2,314,84.7,session,"Session - Aug 7, 2026 13:27:11",2026-08-07 13:27:11 13:27:11,01:28:24,,,,
2026-08-07 13:59:04,84.8,75.6,66.3,29.28,608,29.28,0.0,92.3,72.2,311,84.7,session,"Session - Aug 7, 2026 13:27:11",2026-08-07 13:27:11 13:27:11,01:28:24,,,,
2026-08-07 13:59:09,84.8,75.6,66.4,29.28,608,29.28,0.0,92.3,72.3,311,84.7,session,"Session - Aug 7, 2026 13:27:11",2026-08-07 13:27:11 13:27:11,01:28:24,,,,
2026-08-07 13:59:14,84.8,75.7,66.7,29.28,605,29.28,0.0,92.3,72.5,312,84.7,session,"Session - Aug 7, 2026 13:27:11",2026-08-07 13:27:11 13:27:11,01:28:24,,,,
2026-08-07 13:59:19,84.8,75.7,66.9,29.28,602,29.28,0.0,92.5,72.6,312,84.7,session,"Session - Aug 7, 2026 13:27:11",2026-08-07 13:27:11 13:27:11,01:28:24,,,,
2026-08-07 13:59:24,84.7,75.7,67.0,29.28,602,29.28,0.0,92.1,72.6,313,84.6,session,"Session - Aug 7, 2026 13:27:11",2026-08-07 13:27:11 13:27:11,01:28:24,,,,
2026-08-07 13:59:29,84.7,75.7,67.0,29.28,602,29.28,0.0,92.5,72.6,314,84.7,session,"Session - Aug 7, 2026 13:27:11",2026-08-07 13:27:11 13:27:11,01:28:24,,,,
2026-08-07 13:59:34,84.7,75.7,67.1,29.28,602,29.28,0.0,92.1,72.5,313,84.6,session,"Session - Aug 7, 2026 13:27:11",2026-08-07 13:27:11 13:27:11,01:28:24,,,,
2026-08-07 13:59:39,84.6,75.7,67.1,29.28,600,29.29,0.0,92.1,72.4,313,84.6,session,"Session - Aug 7, 2026 13:27:11",2026-08-07 13:27:11 13:27:11,01:28:24,,,,
2026-08-07 13:59:44,84.6,75.6,67.0,29.28,600,29.29,0.0,92.1,72.4,313,84.6,session,"Session - Aug 7, 2026 13:27:11",2026-08-07 13:27:11 13:27:11,01:28:24,,,,
2026-08-07 13:59:49,84.6,75.6,67.0,29.28,597,29.29,0.0,92.1,72.4,313,84.6,session,"Session - Aug 7, 2026 13:27:11",2026-08-07 13:27:11 13:27:11,01:28:24,,,,
2026-08-07 13:59:54,84.6,75.7,67.1,29.29,597,29.29,0.0,92.1,72.4,313,84.6,session,"Session - Aug 7, 2026 13:27:11",2026-08-07 13:27:11 13:27:11,01:28:24,,,,
2026-08-07 13:59:59,84.6,75.6,67.0,29.29,594,29.29,0.0,92.1,72.4,313,84.6,session,"Session - Aug 7, 2026 13:27:11",2026-08-07 13:27:11 13:27:11,01:28:24,,,,
2026-08-07 14:00:04,84.6,75.6,66.9,29.29,592,29.29,0.0,92.1,72.4,313,84.6,session,"Session - Aug 7, 2026 13:27:11",2026-08-07 13:27:11 13:27:11,01:28:24,,,,
2026-08-07 14:00:09,84.6,75.6,66.9,29.29,594,29.29,0.0,92.1,72.4,314,84.6,session,"Session - Aug 7, 2026 13:27:11",2026-08-07 13:27:11 13:27:11,01:28:24,,,,
2026-08-07 14:00:14,84.6,75.7,67.4,29.29,592,29.29,0.0,92.3,72.6,312,84.6,session,"Session - Aug 7, 2026 13:27:11",2026-08-07 13:27:11 13:27:11,01:28:24,,,,
2026-08-07 14:00:19,84.5,75.7,67.7,29.29,592,29.29,0.0,91.9,72.7,312,84.4,session,"Session - Aug 7, 2026 13:27:11",2026-08-07 13:27:11 13:27:11,01:28:24,,,,
2026-08-07 14:00:24,84.5,75.7,67.5,29.29,592,29.30,0.0,91.8,72.5,313,84.4,session,"Session - Aug 7, 2026 13:27:11",2026-08-07 13:27:11 13:27:11,01:28:24,,,,
2026-08-07 14:00:29,84.4,75.6,67.2,29.29,592,29.30,0.0,91.8,72.4,313,84.4,session,"Session - Aug 7, 2026 13:27:11",2026-08-07 13:27:11 13:27:11,01:28:24,,,,
2026-08-07 14:00:34,84.4,75.4,66.8,29.30,589,29.30,0.0,91.6,72.2,312,84.4,session,"Session - Aug 7, 2026 13:27:11",2026-08-07 13:27:11 13:27:11,01:28:24,,,,
2026-08-07 14:00:39,84.3,75.4,66.7,29.30,589,29.30,0.0,91.2,72.1,313,84.2,session,"Session - Aug 7, 2026 13:27:11",2026-08-07 13:27:11 13:27:11,01:28:24,,,,
2026-08-07 14:00:44,84.4,75.4,66.6,29.30,585,29.30,0.0,91.6,72.0,313,84.4,session,"Session - Aug 7, 2026 13:27:11",2026-08-07 13:27:11 13:27:11,01:28:24,,,,
2026-08-07 14:00:49,84.3,75.4,66.6,29.30,585,29.30,0.0,91.2,72.0,314,84.2,session,"Session - Aug 7, 2026 13:27:11",2026-08-07 13:27:11 13:27:11,01:28:24,,,,
2026-08-07 14:00:54,84.3,75.4,66.7,29.30,585,29.30,0.0,91.2,72.0,314,84.2,session,"Session - Aug 7, 2026 13:27:11",2026-08-07 13:27:11 13:27:11,01:28:24,,,,
2026-08-07 14:00:59,84.2,75.4,66.8,29.30,585,29.30,0.0,91.2,72.0,314,84.2,session,"Session - Aug 7, 2026 13:27:11",2026-08-07 13:27:11 13:27:11,01:28:24,,,,
2026-08-07 14:01:04,84.2,75.4,66.8,29.30,585,29.30,0.0,91.2,72.0,313,84.2,session,"Session - Aug 7, 2026 13:27:11",2026-08-07 13:27:11 13:27:11,01:28:24,,,,
2026-08-07 14:01:09,84.2,75.4,66.8,29.30,585,29.30,0.0,91.2,72.0,313,84.2,session,"Session - Aug 7, 2026 13:27:11",2026-08-07 13:27:11 13:27:11,01:28:24,,,,
2026-08-07 14:01:14,84.2,75.4,66.8,29.30,585,29.30,0.0,90.9,71.9,312,84.0,session,"Session - Aug 7, 2026 13:27:11",2026-08-07 13:27:11 13:27:11,01:28:24,,,,
2026-08-07 14:01:19,84.1,75.4,66.8,29.30,585,29.30,0.0,90.9,71.9,313,84.0,session,"Session - Aug 7, 2026 13:27:11",2026-08-07 13:27:11 13:27:11,01:28:24,,,,
2026-08-07 14:01:24,84.1,75.4,66.7,29.30,589,29.30,0.0,90.7,71.9,313,84.0,session,"Session - Aug 7, 2026 13:27:11",2026-08-07 13:27:11 13:27:11,01:28:24,,,,
2026-08-07 14:01:29,84.1,75.0,66.3,29.30,589,29.30,0.0,90.7,71.7,313,84.0,session,"Session - Aug 7, 2026 13:27:11",2026-08-07 13:27:11 13:27:11,01:28:24,,,,
2026-08-07 14:01:34,84.1,74.8,65.8,29.29,589,29.30,0.0,90.5,71.4,313,84.0,session,"Session - Aug 7, 2026 13:27:11",2026-08-07 13:27:11 13:27:11,01:28:24,,,,
2026-08-07 14:01:39,84.1,74.7,65.6,29.29,589,29.30,0.0,90.5,71.3,314,84.0,session,"Session - Aug 7, 2026 13:27:11",2026-08-07 13:27:11 13:27:11,01:28:24,,,,
2026-08-07 14:01:44,84.1,74.7,65.6,29.29,594,29.29,0.0,90.5,71.3,314,84.0,session,"Session - Aug 7, 2026 13:27:11",2026-08-07 13:27:11 13:27:11,01:28:24,,,,
2026-08-07 14:01:49,84.0,74.8,65.8,29.29,594,29.29,0.0,90.5,71.3,314,84.0,session,"Session - Aug 7, 2026 13:27:11",2026-08-07 13:27:11 13:27:11,01:28:24,,,,
2026-08-07 14:01:54,84.0,74.8,66.0,29.29,594,29.29,0.0,90.1,71.4,315,83.8,session,"Session - Aug 7, 2026 13:27:11",2026-08-07 13:27:11 13:27:11,01:28:24,,,,
2026-08-07 14:01:59,84.0,74.8,66.2,29.28,597,29.29,0.0,90.3,71.5,316,83.8,session,"Session - Aug 7, 2026 13:27:11",2026-08-07 13:27:11 13:27:11,01:28:24,,,,
2026-08-07 14:02:04,83.9,74.8,66.6,29.28,597,29.29,0.0,90.3,71.6,316,83.8,session,"Session - Aug 7, 2026 13:27:11",2026-08-07 13:27:11 13:27:11,01:28:24,,,,
2026-08-07 14:02:09,83.8,74.8,66.8,29.28,600,29.28,0.0,90.0,71.6,316,83.8,session,"Session - Aug 7, 2026 13:27:11",2026-08-07 13:27:11 13:27:11,01:28:24,,,,
2026-08-07 14:02:14,83.8,75.0,67.1,29.28,600,29.29,0.0,90.1,71.7,316,83.7,session,"Session - Aug 7, 2026 13:27:11",2026-08-07 13:27:11 13:27:11,01:28:24,,,,
2026-08-07 14:02:19,83.8,75.0,67.3,29.28,600,29.28,0.0,90.1,71.8,316,83.7,session,"Session - Aug 7, 2026 13:27:11",2026-08-07 13:27:11 13:27:11,01:28:24,,,,
2026-08-07 14:02:24,83.8,75.0,67.5,29.28,602,29.28,0.0,90.3,71.9,316,83.7,session,"Session - Aug 7, 2026 13:27:11",2026-08-07 13:27:11 13:27:11,01:28:24,,,,
2026-08-07 14:02:29,83.8,75.2,67.6,29.28,602,29.28,0.0,90.3,71.9,316,83.7,session,"Session - Aug 7, 2026 13:27:11",2026-08-07 13:27:11 13:27:11,01:28:24,,,,
2026-08-07 14:02:34,83.8,75.2,67.9,29.28,602,29.28,0.0,90.3,72.1,316,83.7,session,"Session - Aug 7, 2026 13:27:11",2026-08-07 13:27:11 13:27:11,01:28:24,,,,
2026-08-07 14:02:39,84.0,75.6,68.2,29.28,605,29.28,0.0,91.4,72.4,316,84.0,session,"Session - Aug 7, 2026 13:27:11",2026-08-07 13:27:11 13:27:11,01:28:24,,,,
2026-08-07 14:02:44,83.7,75.2,68.3,29.28,605,29.28,0.0,90.5,72.1,316,83.7,session,"Session - Aug 7, 2026 13:27:11",2026-08-07 13:27:11 13:27:11,01:28:24,,,,
2026-08-07 14:02:49,83.6,75.2,68.2,29.28,605,29.28,0.0,90.1,72.0,316,83.5,session,"Session - Aug 7, 2026 13:27:11",2026-08-07 13:27:11 13:27:11,01:28:24,,,,
2026-08-07 14:02:54,83.6,75.2,68.1,29.28,608,29.28,0.0,90.0,71.9,316,83.5,session,"Session - Aug 7, 2026 13:27:11",2026-08-07 13:27:11 13:27:11,01:28:24,,,,
2026-08-07 14:02:59,83.5,75.0,68.2,29.28,608,29.28,0.0,90.0,71.9,316,83.5,session,"Session - Aug 7, 2026 13:27:11",2026-08-07 13:27:11 13:27:11,01:28:24,,,,
2026-08-07 14:03:04,83.5,75.0,68.2,29.28,610,29.28,0.0,89.6,71.9,316,83.3,session,"Session - Aug 7, 2026 13:27:11",2026-08-07 13:27:11 13:27:11,01:28:24,,,,
2026-08-07 14:03:09,83.4,75.0,68.3,29.27,610,29.28,0.0,89.8,71.9,316,83.3,session,"Session - Aug 7, 2026 13:27:11",2026-08-07 13:27:11 13:27:11,01:28:24,,,,
2026-08-07 14:03:14,83.4,75.0,68.4,29.27,610,29.27,0.0,89.8,71.9,316,83.3,session,"Session - Aug 7, 2026 13:27:11",2026-08-07 13:27:11 13:27:11,01:28:24,,,,
2026-08-07 14:03:19,83.4,75.0,68.4,29.27,610,29.28,0.0,89.8,71.9,316,83.3,session,"Session - Aug 7, 2026 13:27:11",2026-08-07 13:27:11 13:27:11,01:28:24,,,,
2026-08-07 14:03:24,83.4,75.0,68.5,29.27,610,29.27,0.0,89.8,71.9,316,83.3,session,"Session - Aug 7, 2026 13:27:11",2026-08-07 13:27:11 13:27:11,01:28:24,,,,
2026-08-07 14:03:29,83.4,75.0,68.7,29.27,614,29.27,0.0,89.8,72.0,316,83.3,session,"Session - Aug 7, 2026 13:27:11",2026-08-07 13:27:11 13:27:11,01:28:24,,,,
2026-08-07 14:03:34,83.3,75.0,68.7,29.27,614,29.27,0.0,89.8,72.0,315,83.3,session,"Session - Aug 7, 2026 13:27:11",2026-08-07 13:27:11 13:27:11,01:28:24,,,,
2026-08-07 14:03:39,83.2,75.0,68.8,29.27,617,29.27,0.0,89.2,71.9,316,83.1,session,"Session - Aug 7, 2026 13:27:11",2026-08-07 13:27:11 13:27:11,01:28:24,,,,
2026-08-07 14:03:44,83.4,75.0,68.8,29.26,617,29.27,0.0,89.8,72.0,316,83.3,session,"Session - Aug 7, 2026 13:27:11",2026-08-07 13:27:11 13:27:11,01:28:24,,,,
2026-08-07 14:03:49,83.5,75.2,69.0,29.26,619,29.26,0.0,90.0,72.2,316,83.3,session,"Session - Aug 7, 2026 13:27:11",2026-08-07 13:27:11 13:27:11,01:28:24,,,,
2026-08-07 14:03:54,83.6,75.4,69.2,29.27,617,29.27,0.0,90.3,72.4,316,83.5,session,"Session - Aug 7, 2026 13:27:11",2026-08-07 13:27:11 13:27:11,01:28:24,,,,
2026-08-07 14:03:59,83.7,75.6,69.2,29.26,622,29.26,0.0,90.9,72.5,316,83.7,session,"Session - Aug 7, 2026 13:27:11",2026-08-07 13:27:11 13:27:11,01:28:24,,,,
2026-08-07 14:04:04,83.6,75.6,69.3,29.26,622,29.26,0.0,90.3,72.5,313,83.5,session,"Session - Aug 7, 2026 13:27:11",2026-08-07 13:27:11 13:27:11,01:28:24,,,,
2026-08-07 14:04:09,83.8,75.6,69.5,29.26,622,29.26,0.0,90.9,72.7,314,83.7,session,"Session - Aug 7, 2026 13:27:11",2026-08-07 13:27:11 13:27:11,01:28:24,,,,
2026-08-07 14:04:14,83.9,75.7,69.7,29.26,622,29.26,0.0,91.4,72.9,313,83.8,session,"Session - Aug 7, 2026 13:27:11",2026-08-07 13:27:11 13:27:11,01:28:24,,,,
2026-08-07 14:04:19,84.0,75.9,69.9,29.26,622,29.26,0.0,91.4,73.1,312,83.8,session,"Session - Aug 7, 2026 13:27:11",2026-08-07 13:27:11 13:27:11,01:28:24,,,,
2026-08-07 14:04:24,84.1,76.3,70.3,29.26,622,29.26,0.0,92.1,73.4,313,84.0,session,"Session - Aug 7, 2026 13:27:11",2026-08-07 13:27:11 13:27:11,01:28:24,,,,
2026-08-07 14:04:29,84.0,76.3,70.5,29.26,622,29.26,0.0,91.6,73.3,313,83.8,session,"Session - Aug 7, 2026 13:27:11",2026-08-07 13:27:11 13:27:11,01:28:24,,,,
2026-08-07 14:04:34,84.0,76.1,70.3,29.26,622,29.26,0.0,91.6,73.3,313,83.8,session,"Session - Aug 7, 2026 13:27:11",2026-08-07 13:27:11 13:27:11,01:28:24,,,,
2026-08-07 14:04:39,84.0,76.1,70.2,29.26,625,29.26,0.0,91.4,73.2,313,83.8,session,"Session - Aug 7, 2026 13:27:11",2026-08-07 13:27:11 13:27:11,01:28:24,,,,
2026-08-07 14:04:44,83.9,75.9,69.9,29.26,625,29.26,0.0,91.4,73.0,313,83.8,session,"Session - Aug 7, 2026 13:27:11",2026-08-07 13:27:11 13:27:11,01:28:24,,,,
2026-08-07 14:04:49,83.9,75.9,69.8,29.26,625,29.26,0.0,91.4,73.0,313,83.8,session,"Session - Aug 7, 2026 13:27:11",2026-08-07 13:27:11 13:27:11,01:28:24,,,,
2026-08-07 14:04:54,83.9,75.7,69.7,29.26,625,29.26,0.0,91.4,72.9,313,83.8,session,"Session - Aug 7, 2026 13:27:11",2026-08-07 13:27:11 13:27:11,01:28:24,,,,
2026-08-07 14:04:59,84.0,75.7,69.5,29.26,625,29.26,0.0,91.2,72.9,313,83.8,session,"Session - Aug 7, 2026 13:27:11",2026-08-07 13:27:11 13:27:11,01:28:24,,,,
2026-08-07 14:05:04,84.0,75.9,69.6,29.26,625,29.26,0.0,91.8,73.0,313,84.0,session,"Session - Aug 7, 2026 13:27:11",2026-08-07 13:27:11 13:27:11,01:28:24,,,,
2026-08-07 14:05:09,84.0,75.9,69.6,29.26,625,29.26,0.0,91.2,73.0,313,83.8,session,"Session - Aug 7, 2026 13:27:11",2026-08-07 13:27:11 13:27:11,01:28:24,,,,
2026-08-07 14:05:14,84.0,75.9,69.6,29.26,622,29.26,0.0,91.2,73.0,313,83.8,session,"Session - Aug 7, 2026 13:27:11",2026-08-07 13:27:11 13:27:11,01:28:24,,,,
2026-08-07 14:05:19,84.0,75.7,69.4,29.26,629,29.26,0.0,91.2,72.9,313,83.8,session,"Session - Aug 7, 2026 13:27:11",2026-08-07 13:27:11 13:27:11,01:28:24,,,,
2026-08-07 14:05:24,84.0,75.7,69.3,29.26,629,29.26,0.0,91.2,72.8,313,83.8,session,"Session - Aug 7, 2026 13:27:11",2026-08-07 13:27:11 13:27:11,01:28:24,,,,
2026-08-07 14:05:29,84.3,76.1,69.3,29.26,629,29.26,0.0,92.1,73.1,313,84.2,session,"Session - Aug 7, 2026 13:27:11",2026-08-07 13:27:11 13:27:11,01:28:24,,,,
2026-08-07 14:05:34,84.1,75.9,69.6,29.26,630,29.26,0.0,91.8,73.1,313,84.0,session,"Session - Aug 7, 2026 13:27:11",2026-08-07 13:27:11 13:27:11,01:28:24,,,,
2026-08-07 14:05:39,84.1,75.9,69.7,29.26,629,29.26,0.0,91.8,73.1,313,84.0,session,"Session - Aug 7, 2026 13:27:11",2026-08-07 13:27:11 13:27:11,01:28:24,,,,
2026-08-07 14:05:44,84.0,75.9,69.5,29.26,629,29.26,0.0,91.8,73.0,313,84.0,session,"Session - Aug 7, 2026 13:27:11",2026-08-07 13:27:11 13:27:11,01:28:24,,,,
2026-08-07 14:05:49,84.0,75.9,69.5,29.26,630,29.26,0.0,91.2,73.0,313,83.8,session,"Session - Aug 7, 2026 13:27:11",2026-08-07 13:27:11 13:27:11,01:28:24,,,,
2026-08-07 14:05:54,83.9,75.7,69.4,29.26,629,29.26,0.0,91.2,72.8,313,83.8,session,"Session - Aug 7, 2026 13:27:11",2026-08-07 13:27:11 13:27:11,01:28:24,,,,
2026-08-07 14:05:59,83.9,75.6,69.2,29.26,629,29.26,0.0,91.2,72.7,313,83.8,session,"Session - Aug 7, 2026 13:27:11",2026-08-07 13:27:11 13:27:11,01:28:24,,,,
2026-08-07 14:06:04,83.9,75.6,68.7,29.26,629,29.26,0.0,91.0,72.5,313,83.8,session,"Session - Aug 7, 2026 13:27:11",2026-08-07 13:27:11 13:27:11,01:28:24,,,,
2026-08-07 14:06:09,83.7,75.2,68.3,29.26,625,29.26,0.0,90.5,72.2,313,83.7,session,"Session - Aug 7, 2026 13:27:11",2026-08-07 13:27:11 13:27:11,01:28:24,,,,
2026-08-07 14:06:14,83.7,75.2,67.9,29.26,629,29.26,0.0,90.3,72.0,313,83.7,session,"Session - Aug 7, 2026 13:27:11",2026-08-07 13:27:11 13:27:11,01:28:24,,,,
2026-08-07 14:06:19,83.7,75.0,67.7,29.26,625,29.26,0.0,90.3,71.8,313,83.7,session,"Session - Aug 7, 2026 13:27:11",2026-08-07 13:27:11 13:27:11,01:28:24,,,,
2026-08-07 14:06:24,83.4,74.8,67.7,29.26,622,29.26,0.0,89.4,71.6,313,83.3,session,"Session - Aug 7, 2026 13:27:11",2026-08-07 13:27:11 13:27:11,01:28:24,,,,
2026-08-07 14:06:29,83.6,75.2,68.0,29.26,625,29.26,0.0,90.0,71.9,313,83.5,session,"Session - Aug 7, 2026 13:27:11",2026-08-07 13:27:11 13:27:11,01:28:24,,,,
2026-08-07 14:06:34,83.7,75.4,68.7,29.26,625,29.26,0.0,90.5,72.3,313,83.7,session,"Session - Aug 7, 2026 13:27:11",2026-08-07 13:27:11 13:27:11,01:28:24,,,,
2026-08-07 14:06:39,83.7,75.6,69.0,29.26,622,29.26,0.0,90.9,72.4,313,83.7,session,"Session - Aug 7, 2026 13:27:11",2026-08-07 13:27:11 13:27:11,01:28:24,,,,
2026-08-07 14:06:44,83.7,75.6,69.2,29.26,622,29.26,0.0,90.9,72.5,313,83.7,session,"Session - Aug 7, 2026 13:27:11",2026-08-07 13:27:11 13:27:11,01:28:24,,,,
2026-08-07 14:06:49,83.7,75.6,69.2,29.26,619,29.26,0.0,90.9,72.5,313,83.7,session,"Session - Aug 7, 2026 13:27:11",2026-08-07 13:27:11 13:27:11,01:28:24,,,,
2026-08-07 14:06:54,83.7,75.6,69.1,29.26,619,29.27,0.0,90.9,72.4,313,83.7,session,"Session - Aug 7, 2026 13:27:11",2026-08-07 13:27:11 13:27:11,01:28:24,,,,
2026-08-07 14:06:59,83.5,75.4,69.1,29.26,617,29.27,0.0,90.3,72.3,313,83.5,session,"Session - Aug 7, 2026 13:27:11",2026-08-07 13:27:11 13:27:11,01:28:24,,,,
2026-08-07 14:07:04,83.5,75.4,69.1,29.27,617,29.27,0.0,90.3,72.3,313,83.5,session,"Session - Aug 7, 2026 13:27:11",2026-08-07 13:27:11 13:27:11,01:28:24,,,,
2026-08-07 14:07:09,83.4,75.4,69.2,29.27,617,29.27,0.0,90.0,72.2,313,83.3,session,"Session - Aug 7, 2026 13:27:11",2026-08-07 13:27:11 13:27:11,01:28:24,,,,
2026-08-07 14:07:14,83.4,75.0,69.2,29.27,614,29.27,0.0,90.0,72.2,313,83.3,session,"Session - Aug 7, 2026 13:27:11",2026-08-07 13:27:11 13:27:11,01:28:24,,,,
2026-08-07 14:07:19,83.3,75.0,69.2,29.27,617,29.27,0.0,89.4,72.1,313,83.1,session,"Session - Aug 7, 2026 13:27:11",2026-08-07 13:27:11 13:27:11,01:28:24,,,,
2026-08-07 14:07:24,83.2,75.0,69.5,29.26,617,29.27,0.0,89.6,72.1,313,83.1,session,"Session - Aug 7, 2026 13:27:11",2026-08-07 13:27:11 13:27:11,01:28:24,,,,
2026-08-07 14:07:29,83.1,75.0,69.6,29.27,614,29.27,0.0,89.1,72.1,313,82.9,session,"Session - Aug 7, 2026 13:27:11",2026-08-07 13:27:11 13:27:11,01:28:24,,,,
2026-08-07 14:07:34,83.1,75.0,69.7,29.27,614,29.27,0.0,89.6,72.2,313,83.1,session,"Session - Aug 7, 2026 13:27:11",2026-08-07 13:27:11 13:27:11,01:28:24,,,,
2026-08-07 14:07:39,83.2,75.2,69.7,29.27,610,29.27,0.0,89.6,72.3,313,83.1,session,"Session - Aug 7, 2026 13:27:11",2026-08-07 13:27:11 13:27:11,01:28:24,,,,
2026-08-07 14:07:44,83.1,75.0,69.6,29.28,610,29.28,0.0,89.6,72.2,313,83.1,session,"Session - Aug 7, 2026 13:27:11",2026-08-07 13:27:11 13:27:11,01:28:24,,,,
2026-08-07 14:07:49,83.1,75.0,69.5,29.27,610,29.27,0.0,89.6,72.1,314,83.1,session,"Session - Aug 7, 2026 13:27:11",2026-08-07 13:27:11 13:27:11,01:28:24,,,,
2026-08-07 14:07:54,83.1,75.0,69.4,29.28,610,29.28,0.0,89.4,72.1,312,83.1,session,"Session - Aug 7, 2026 13:27:11",2026-08-07 13:27:11 13:27:11,01:28:24,,,,
2026-08-07 14:07:59,83.2,75.0,69.3,29.27,610,29.27,0.0,89.4,72.1,313,83.1,session,"Session - Aug 7, 2026 13:27:11",2026-08-07 13:27:11 13:27:11,01:28:24,,,,
2026-08-07 14:08:04,83.1,75.0,69.5,29.27,610,29.27,0.0,89.6,72.1,313,83.1,session,"Session - Aug 7, 2026 13:27:11",2026-08-07 13:27:11 13:27:11,01:28:24,,,,
2026-08-07 14:08:09,83.0,75.0,69.6,29.27,610,29.28,0.0,89.2,72.0,312,82.9,session,"Session - Aug 7, 2026 13:27:11",2026-08-07 13:27:11 13:27:11,01:28:24,,,,
2026-08-07 14:08:14,83.2,75.0,69.5,29.27,614,29.27,0.0,89.6,72.2,312,83.1,session,"Session - Aug 7, 2026 13:27:11",2026-08-07 13:27:11 13:27:11,01:28:24,,,,
2026-08-07 14:08:19,83.1,75.0,69.5,29.27,617,29.27,0.0,89.1,72.1,312,82.9,session,"Session - Aug 7, 2026 13:27:11",2026-08-07 13:27:11 13:27:11,01:28:24,,,,
2026-08-07 14:08:24,83.1,75.2,69.8,29.27,617,29.27,0.0,89.8,72.2,312,83.1,session,"Session - Aug 7, 2026 13:27:11",2026-08-07 13:27:11 13:27:11,01:28:24,,,,
2026-08-07 14:08:29,83.0,75.2,70.1,29.26,619,29.27,0.0,89.2,72.3,313,82.9,session,"Session - Aug 7, 2026 13:27:11",2026-08-07 13:27:11 13:27:11,01:28:24,,,,
2026-08-07 14:08:34,83.1,75.4,70.4,29.26,619,29.26,0.0,90.0,72.5,312,83.1,session,"Session - Aug 7, 2026 13:27:11",2026-08-07 13:27:11 13:27:11,01:28:24,,,,
2026-08-07 14:08:39,83.2,75.4,70.4,29.26,619,29.26,0.0,90.0,72.6,313,83.1,session,"Session - Aug 7, 2026 13:27:11",2026-08-07 13:27:11 13:27:11,01:28:24,,,,
2026-08-07 14:08:44,83.2,75.4,70.2,29.26,622,29.26,0.0,89.8,72.5,313,83.1,session,"Session - Aug 7, 2026 13:27:11",2026-08-07 13:27:11 13:27:11,01:28:24,,,,
2026-08-07 14:08:49,83.4,75.6,70.1,29.26,625,29.26,0.0,90.1,72.6,313,83.3,session,"Session - Aug 7, 2026 13:27:11",2026-08-07 13:27:11 13:27:11,01:28:24,,,,
2026-08-07 14:08:54,83.3,75.4,69.7,29.26,625,29.26,0.0,90.1,72.4,311,83.3,session,"Session - Aug 7, 2026 13:27:11",2026-08-07 13:27:11 13:27:11,01:28:24,,,,
2026-08-07 14:08:59,83.5,75.6,69.6,29.26,625,29.26,0.0,90.0,72.5,311,83.3,session,"Session - Aug 7, 2026 13:27:11",2026-08-07 13:27:11 13:27:11,01:28:24,,,,
2026-08-07 14:09:04,83.5,75.6,69.4,29.26,625,29.26,0.0,90.3,72.4,310,83.5,session,"Session - Aug 7, 2026 13:27:11",2026-08-07 13:27:11 13:27:11,01:28:24,,,,
2026-08-07 14:09:09,83.4,75.4,69.3,29.26,625,29.26,0.0,90.0,72.3,313,83.3,session,"Session - Aug 7, 2026 13:27:11",2026-08-07 13:27:11 13:27:11,01:28:24,,,,
2026-08-07 14:09:14,83.5,75.4,69.2,29.26,629,29.26,0.0,90.3,72.3,312,83.5,session,"Session - Aug 7, 2026 13:27:11",2026-08-07 13:27:11 13:27:11,01:28:24,,,,
2026-08-07 14:09:19,83.5,75.4,69.2,29.26,630,29.25,0.0,90.3,72.4,313,83.5,session,"Session - Aug 7, 2026 13:27:11",2026-08-07 13:27:11 13:27:11,01:28:24,,,,
2026-08-07 14:09:24,83.5,75.6,69.4,29.26,630,29.25,0.0,90.3,72.4,312,83.5,session,"Session - Aug 7, 2026 13:27:11",2026-08-07 13:27:11 13:27:11,01:28:24,,,,
2026-08-07 14:09:29,83.6,75.6,69.4,29.25,630,29.25,0.0,90.3,72.5,312,83.5,session,"Session - Aug 7, 2026 13:27:11",2026-08-07 13:27:11 13:27:11,01:28:24,,,,
2026-08-07 14:09:34,83.5,75.6,69.4,29.25,630,29.25,0.0,90.3,72.4,313,83.5,session,"Session - Aug 7, 2026 13:27:11",2026-08-07 13:27:11 13:27:11,01:28:24,,,,
2026-08-07 14:09:39,83.6,75.6,69.4,29.25,634,29.25,0.0,90.3,72.5,312,83.5,session,"Session - Aug 7, 2026 13:27:11",2026-08-07 13:27:11 13:27:11,01:28:24,,,,
2026-08-07 14:09:44,83.4,75.4,69.4,29.25,637,29.25,0.0,90.0,72.3,313,83.3,session,"Session - Aug 7, 2026 13:27:11",2026-08-07 13:27:11 13:27:11,01:28:24,,,,
2026-08-07 14:09:49,83.4,75.4,69.4,29.25,637,29.25,0.0,90.0,72.3,313,83.3,session,"Session - Aug 7, 2026 13:27:11",2026-08-07 13:27:11 13:27:11,01:28:24,,,,
2026-08-07 14:09:54,83.4,75.4,69.2,29.25,639,29.25,0.0,90.0,72.2,313,83.3,session,"Session - Aug 7, 2026 13:27:11",2026-08-07 13:27:11 13:27:11,01:28:24,,,,
2026-08-07 14:09:59,83.5,75.4,69.2,29.24,639,29.24,0.0,90.3,72.4,311,83.5,session,"Session - Aug 7, 2026 13:27:11",2026-08-07 13:27:11 13:27:11,01:28:24,,,,
2026-08-07 14:10:04,83.6,75.6,69.5,29.24,639,29.24,0.0,90.3,72.5,311,83.5,session,"Session - Aug 7, 2026 13:27:11",2026-08-07 13:27:11 13:27:11,01:28:24,,,,
2026-08-07 14:10:09,83.6,75.6,69.6,29.25,637,29.25,0.0,90.5,72.6,311,83.5,session,"Session - Aug 7, 2026 13:27:11",2026-08-07 13:27:11 13:27:11,01:28:24,,,,
2026-08-07 14:10:14,83.6,75.6,69.5,29.25,637,29.25,0.0,90.3,72.5,311,83.5,session,"Session - Aug 7, 2026 13:27:11",2026-08-07 13:27:11 13:27:11,01:28:24,,,,
2026-08-07 14:10:19,83.6,75.6,69.3,29.24,639,29.24,0.0,90.3,72.4,311,83.5,session,"Session - Aug 7, 2026 13:27:11",2026-08-07 13:27:11 13:27:11,01:28:24,,,,
2026-08-07 14:10:24,83.7,75.6,69.1,29.25,639,29.25,0.0,90.9,72.5,310,83.7,session,"Session - Aug 7, 2026 13:27:11",2026-08-07 13:27:11 13:27:11,01:28:24,,,,
2026-08-07 14:10:29,83.7,75.4,69.0,29.25,639,29.25,0.0,90.7,72.4,310,83.7,session,"Session - Aug 7, 2026 13:27:11",2026-08-07 13:27:11 13:27:11,01:28:24,,,,
2026-08-07 14:10:34,83.7,75.4,68.8,29.25,637,29.25,0.0,90.7,72.3,311,83.7,session,"Session - Aug 7, 2026 13:27:11",2026-08-07 13:27:11 13:27:11,01:28:24,,,,
2026-08-07 14:10:39,83.7,75.4,68.8,29.25,637,29.25,0.0,90.7,72.4,311,83.7,session,"Session - Aug 7, 2026 13:27:11",2026-08-07 13:27:11 13:27:11,01:28:24,,,,
2026-08-07 14:10:44,83.7,75.4,68.8,29.25,637,29.25,0.0,90.7,72.4,310,83.7,session,"Session - Aug 7, 2026 13:27:11",2026-08-07 13:27:11 13:27:11,01:28:24,,,,
2026-08-07 14:10:49,83.6,75.2,68.7,29.25,637,29.25,0.0,90.1,72.2,313,83.5,session,"Session - Aug 7, 2026 13:27:11",2026-08-07 13:27:11 13:27:11,01:28:24,,,,
2026-08-07 14:10:54,83.0,73.9,65.8,29.25,637,29.25,0.0,88.2,70.4,311,82.9,session,"Session - Aug 7, 2026 13:27:11",2026-08-07 13:27:11 13:27:11,01:28:24,,,,
2026-08-07 14:10:59,82.7,72.5,62.1,29.25,637,29.25,0.0,86.2,68.4,311,82.6,session,"Session - Aug 7, 2026 13:27:11",2026-08-07 13:27:11 13:27:11,01:28:24,,,,
2026-08-07 14:11:04,82.1,70.9,58.1,29.25,637,29.25,0.0,84.2,65.9,315,82.0,session,"Session - Aug 7, 2026 13:27:11",2026-08-07 13:27:11 13:27:11,01:28:24,,,,
2026-08-07 14:11:09,81.5,69.6,55.8,29.25,637,29.25,0.0,82.9,64.1,315,81.5,session,"Session - Aug 7, 2026 13:27:11",2026-08-07 13:27:11 13:27:11,01:28:24,,,,
2026-08-07 14:11:14,81.4,68.7,53.6,29.25,637,29.25,0.0,82.4,63.0,315,81.3,session,"Session - Aug 7, 2026 13:27:11",2026-08-07 13:27:11 13:27:11,01:28:24,,,,
2026-08-07 14:11:19,81.4,69.1,53.7,29.25,639,29.25,0.0,82.4,63.1,312,81.3,session,"Session - Aug 7, 2026 13:27:11",2026-08-07 13:27:11 13:27:11,01:28:24,,,,
2026-08-07 14:11:24,81.5,69.1,54.6,29.25,637,29.25,0.0,82.4,63.5,311,81.3,session,"Session - Aug 7, 2026 13:27:11",2026-08-07 13:27:11 13:27:11,01:28:24,,,,
2026-08-07 14:11:29,81.8,70.2,57.1,29.25,637,29.25,0.0,83.5,65.1,311,81.7,session,"Session - Aug 7, 2026 13:27:11",2026-08-07 13:27:11 13:27:11,01:28:24,,,,
2026-08-07 14:11:34,81.8,71.6,61.2,29.25,637,29.25,0.0,84.4,67.1,312,81.7,session,"Session - Aug 7, 2026 13:27:11",2026-08-07 13:27:11 13:27:11,01:28:24,,,,
2026-08-07 14:11:39,82.2,72.5,63.4,29.25,634,29.25,0.0,85.5,68.6,314,82.0,session,"Session - Aug 7, 2026 13:27:11",2026-08-07 13:27:11 13:27:11,01:28:24,,,,
2026-08-07 14:11:44,82.4,73.4,65.7,29.25,637,29.25,0.0,86.5,69.8,313,82.2,session,"Session - Aug 7, 2026 13:27:11",2026-08-07 13:27:11 13:27:11,01:28:24,,,,
2026-08-07 14:11:49,82.4,73.6,66.7,29.25,634,29.25,0.0,87.1,70.2,314,82.4,session,"Session - Aug 7, 2026 13:27:11",2026-08-07 13:27:11 13:27:11,01:28:24,,,,
2026-08-07 14:11:54,82.8,74.3,67.7,29.25,634,29.25,0.0,88.2,71.0,314,82.8,session,"Session - Aug 7, 2026 13:27:11",2026-08-07 13:27:11 13:27:11,01:28:24,,,,
2026-08-07 14:11:59,82.9,74.7,68.2,29.25,634,29.25,0.0,88.9,71.4,314,82.9,session,"Session - Aug 7, 2026 13:27:11",2026-08-07 13:27:11 13:27:11,01:28:24,,,,
2026-08-07 14:12:04,83.0,74.8,68.8,29.26,630,29.26,0.0,88.9,71.7,313,82.9,session,"Session - Aug 7, 2026 13:27:11",2026-08-07 13:27:11 13:27:11,01:28:24,,,,
2026-08-07 14:12:09,83.1,75.0,69.0,29.25,634,29.25,0.0,89.4,71.9,313,83.1,session,"Session - Aug 7, 2026 13:27:11",2026-08-07 13:27:11 13:27:11,01:28:24,,,,
2026-08-07 14:12:14,83.3,75.2,69.3,29.26,630,29.26,0.0,90.0,72.2,313,83.3,session,"Session - Aug 7, 2026 13:27:11",2026-08-07 13:27:11 13:27:11,01:28:24,,,,
2026-08-07 14:12:19,83.3,75.2,69.5,29.26,629,29.26,0.0,90.0,72.2,314,83.3,session,"Session - Aug 7, 2026 13:27:11",2026-08-07 13:27:11 13:27:11,01:28:24,,,,
2026-08-07 14:12:24,83.4,75.6,69.6,29.26,630,29.26,0.0,90.1,72.4,314,83.3,session,"Session - Aug 7, 2026 13:27:11",2026-08-07 13:27:11 13:27:11,01:28:24,,,,
2026-08-07 14:12:29,83.4,75.6,69.7,29.26,629,29.26,0.0,90.1,72.5,314,83.3,session,"Session - Aug 7, 2026 13:27:11",2026-08-07 13:27:11 13:27:11,01:28:24,,,,
2026-08-07 14:12:34,83.5,75.6,69.9,29.26,625,29.26,0.0,90.5,72.6,314,83.5,session,"Session - Aug 7, 2026 13:27:11",2026-08-07 13:27:11 13:27:11,01:28:24,,,,
2026-08-07 14:12:39,83.4,75.6,70.0,29.26,625,29.26,0.0,90.1,72.6,313,83.3,session,"Session - Aug 7, 2026 13:27:11",2026-08-07 13:27:11 13:27:11,01:28:24,,,,
2026-08-07 14:12:44,83.4,75.6,69.8,29.26,625,29.26,0.0,90.1,72.5,311,83.3,session,"Session - Aug 7, 2026 13:27:11",2026-08-07 13:27:11 13:27:11,01:28:24,,,,
2026-08-07 14:12:49,83.4,75.2,69.6,29.26,625,29.26,0.0,90.0,72.4,313,83.3,session,"Session - Aug 7, 2026 13:27:11",2026-08-07 13:27:11 13:27:11,01:28:24,,,,
2026-08-07 14:12:54,83.3,75.0,69.1,29.26,625,29.26,0.0,90.0,72.1,312,83.3,session,"Session - Aug 7, 2026 13:27:11",2026-08-07 13:27:11 13:27:11,01:28:24,,,,
2026-08-07 14:12:59,83.3,75.0,68.8,29.26,622,29.26,0.0,89.8,72.0,313,83.3,session,"Session - Aug 7, 2026 13:27:11",2026-08-07 13:27:11 13:27:11,01:28:24,,,,
2026-08-07 14:13:04,83.3,74.8,68.6,29.26,622,29.26,0.0,89.2,71.9,314,83.1,session,"Session - Aug 7, 2026 13:27:11",2026-08-07 13:27:11 13:27:11,01:28:24,,,,
2026-08-07 14:13:09,83.2,74.8,68.5,29.26,622,29.26,0.0,89.2,71.7,314,83.1,session,"Session - Aug 7, 2026 13:27:11",2026-08-07 13:27:11 13:27:11,01:28:24,,,,
2026-08-07 14:13:14,83.2,74.8,68.3,29.26,622,29.26,0.0,89.2,71.7,314,83.1,session,"Session - Aug 7, 2026 13:27:11",2026-08-07 13:27:11 13:27:11,01:28:24,,,,
2026-08-07 14:13:19,83.2,74.8,68.4,29.26,619,29.26,0.0,89.2,71.7,314,83.1,session,"Session - Aug 7, 2026 13:27:11",2026-08-07 13:27:11 13:27:11,01:28:24,,,,
2026-08-07 14:13:24,83.2,74.8,68.7,29.26,619,29.26,0.0,89.2,71.8,314,83.1,session,"Session - Aug 7, 2026 13:27:11",2026-08-07 13:27:11 13:27:11,01:28:24,,,,
2026-08-07 14:13:29,83.2,75.0,69.0,29.27,617,29.27,0.0,89.4,71.9,314,83.1,session,"Session - Aug 7, 2026 13:27:11",2026-08-07 13:27:11 13:27:11,01:28:24,,,,
2026-08-07 14:13:34,83.4,75.2,69.4,29.27,617,29.27,0.0,90.0,72.3,314,83.3,session,"Session - Aug 7, 2026 13:27:11",2026-08-07 13:27:11 13:27:11,01:28:24,,,,
2026-08-07 14:13:39,83.1,75.0,69.6,29.27,617,29.27,0.0,89.1,72.1,314,82.9,session,"Session - Aug 7, 2026 13:27:11",2026-08-07 13:27:11 13:27:11,01:28:24,,,,
2026-08-07 14:13:44,83.0,75.0,69.4,29.27,617,29.27,0.0,89.1,72.0,314,82.9,session,"Session - Aug 7, 2026 13:27:11",2026-08-07 13:27:11 13:27:11,01:28:24,,,,
2026-08-07 14:13:49,83.0,75.0,69.2,29.27,614,29.27,0.0,89.1,71.9,314,82.9,session,"Session - Aug 7, 2026 13:27:11",2026-08-07 13:27:11 13:27:11,01:28:24,,,,
2026-08-07 14:13:54,82.9,74.7,68.7,29.27,617,29.27,0.0,88.5,71.6,314,82.9,session,"Session - Aug 7, 2026 13:27:11",2026-08-07 13:27:11 13:27:11,01:28:24,,,,
2026-08-07 14:13:59,82.9,74.7,68.5,29.27,614,29.27,0.0,88.5,71.5,314,82.8,session,"Session - Aug 7, 2026 13:27:11",2026-08-07 13:27:11 13:27:11,01:28:24,,,,
2026-08-07 14:14:04,82.9,74.7,68.2,29.27,610,29.27,0.0,88.3,71.3,314,82.8,session,"Session - Aug 7, 2026 13:27:11",2026-08-07 13:27:11 13:27:11,01:28:24,,,,
2026-08-07 14:14:09,82.9,74.5,68.1,29.27,614,29.27,0.0,88.3,71.3,314,82.8,session,"Session - Aug 7, 2026 13:27:11",2026-08-07 13:27:11 13:27:11,01:28:24,,,,
2026-08-07 14:14:14,82.8,74.3,68.0,29.27,610,29.27,0.0,88.3,71.1,313,82.8,session,"Session - Aug 7, 2026 13:27:11",2026-08-07 13:27:11 13:27:11,01:28:24,,,,
2026-08-07 14:14:19,82.8,74.5,68.0,29.28,608,29.28,0.0,88.3,71.2,314,82.8,session,"Session - Aug 7, 2026 13:27:11",2026-08-07 13:27:11 13:27:11,01:28:24,,,,
2026-08-07 14:14:24,83.0,74.7,68.2,29.28,610,29.28,0.0,88.7,71.4,311,82.9,session,"Session - Aug 7, 2026 13:27:11",2026-08-07 13:27:11 13:27:11,01:28:24,,,,
2026-08-07 14:14:29,83.0,74.7,68.3,29.28,610,29.28,0.0,88.9,71.5,311,82.9,session,"Session - Aug 7, 2026 13:27:11",2026-08-07 13:27:11 13:27:11,01:28:24,,,,
2026-08-07 14:14:34,83.2,74.7,68.3,29.27,610,29.28,0.0,89.2,71.6,311,83.1,session,"Session - Aug 7, 2026 13:27:11",2026-08-07 13:27:11 13:27:11,01:28:24,,,,
2026-08-07 14:14:39,83.2,74.7,68.1,29.28,610,29.28,0.0,89.1,71.6,311,83.1,session,"Session - Aug 7, 2026 13:27:11",2026-08-07 13:27:11 13:27:11,01:28:24,,,,
2026-08-07 14:14:44,83.2,74.7,67.9,29.28,608,29.28,0.0,89.1,71.4,311,83.1,session,"Session - Aug 7, 2026 13:27:11",2026-08-07 13:27:11 13:27:11,01:28:24,,,,
2026-08-07 14:14:49,83.4,75.0,68.1,29.28,608,29.28,0.0,89.6,71.8,311,83.3,session,"Session - Aug 7, 2026 13:27:11",2026-08-07 13:27:11 13:27:11,01:28:24,,,,
2026-08-07 14:14:54,83.4,75.0,68.8,29.28,605,29.28,0.0,89.8,72.1,311,83.3,session,"Session - Aug 7, 2026 13:27:11",2026-08-07 13:27:11 13:27:11,01:28:24,,,,
2026-08-07 14:14:59,83.4,75.2,68.9,29.28,608,29.28,0.0,90.0,72.2,311,83.3,session,"Session - Aug 7, 2026 13:27:11",2026-08-07 13:27:11 13:27:11,01:28:24,,,,
2026-08-07 14:15:04,83.4,75.2,68.7,29.28,608,29.28,0.0,89.8,72.1,311,83.3,session,"Session - Aug 7, 2026 13:27:11",2026-08-07 13:27:11 13:27:11,01:28:24,,,,
2026-08-07 14:15:09,83.3,75.0,68.7,29.28,605,29.28,0.0,89.8,71.9,311,83.3,session,"Session - Aug 7, 2026 13:27:11",2026-08-07 13:27:11 13:27:11,01:28:24,,,,
2026-08-07 14:15:14,83.5,75.2,68.9,29.28,605,29.28,0.0,90.0,72.2,311,83.3,session,"Session - Aug 7, 2026 13:27:11",2026-08-07 13:27:11 13:27:11,01:28:24,,,,
2026-08-07 14:15:19,83.5,75.4,69.0,29.28,605,29.28,0.0,90.0,72.2,310,83.3,session,"Session - Aug 7, 2026 13:27:11",2026-08-07 13:27:11 13:27:11,01:28:24,,,,
2026-08-07 14:15:24,83.4,75.4,69.1,29.28,602,29.28,0.0,90.0,72.2,311,83.3,session,"Session - Aug 7, 2026 13:27:11",2026-08-07 13:27:11 13:27:11,01:28:24,,,,
2026-08-07 14:15:29,83.4,75.2,69.1,29.28,602,29.28,0.0,90.0,72.2,311,83.3,session,"Session - Aug 7, 2026 13:27:11",2026-08-07 13:27:11 13:27:11,01:28:24,,,,
2026-08-07 14:15:34,83.4,75.2,69.1,29.28,602,29.28,0.0,90.0,72.2,311,83.3,session,"Session - Aug 7, 2026 13:27:11",2026-08-07 13:27:11 13:27:11,01:28:24,,,,
2026-08-07 14:15:39,83.4,75.0,69.0,29.28,602,29.28,0.0,90.0,72.1,311,83.3,session,"Session - Aug 7, 2026 13:27:11",2026-08-07 13:27:11 13:27:11,01:28:24,,,,
2026-08-07 14:15:44,83.4,75.0,68.8,29.28,602,29.28,0.0,89.8,72.1,311,83.3,session,"Session - Aug 7, 2026 13:27:11",2026-08-07 13:27:11 13:27:11,01:28:24,,,,
2026-08-07 14:15:49,83.3,75.0,68.7,29.28,600,29.28,0.0,89.8,71.9,311,83.3,session,"Session - Aug 7, 2026 13:27:11",2026-08-07 13:27:11 13:27:11,01:28:24,,,,
2026-08-07 14:15:54,83.4,75.0,68.6,29.28,602,29.28,0.0,89.8,71.9,311,83.3,session,"Session - Aug 7, 2026 13:27:11",2026-08-07 13:27:11 13:27:11,01:28:24,,,,
2026-08-07 14:15:59,83.4,75.0,68.6,29.28,600,29.28,0.0,89.8,72.0,311,83.3,session,"Session - Aug 7, 2026 13:27:11",2026-08-07 13:27:11 13:27:11,01:28:24,,,,
2026-08-07 14:16:04,83.5,75.4,69.1,29.28,600,29.29,0.0,90.3,72.2,311,83.5,session,"Session - Aug 7, 2026 13:27:11",2026-08-07 13:27:11 13:27:11,01:28:24,,,,
2026-08-07 14:16:09,83.6,75.6,69.4,29.28,600,29.29,0.0,90.3,72.5,311,83.5,session,"Session - Aug 7, 2026 13:27:11",2026-08-07 13:27:11 13:27:11,01:28:24,,,,
2026-08-07 14:16:14,83.4,75.6,69.5,29.28,597,29.29,0.0,90.0,72.4,311,83.3,session,"Session - Aug 7, 2026 13:27:11",2026-08-07 13:27:11 13:27:11,01:28:24,,,,
2026-08-07 14:16:19,83.4,75.4,69.5,29.28,597,29.29,0.0,90.0,72.4,311,83.3,session,"Session - Aug 7, 2026 13:27:11",2026-08-07 13:27:11 13:27:11,01:28:24,,,,
2026-08-07 14:16:24,83.4,75.4,69.6,29.28,597,29.29,0.0,90.0,72.4,311,83.3,session,"Session - Aug 7, 2026 13:27:11",2026-08-07 13:27:11 13:27:11,01:28:24,,,,
2026-08-07 14:16:29,83.4,75.6,69.7,29.28,597,29.29,0.0,90.1,72.5,311,83.3,session,"Session - Aug 7, 2026 13:27:11",2026-08-07 13:27:11 13:27:11,01:28:24,,,,
2026-08-07 14:16:34,83.4,75.6,70.1,29.29,597,29.29,0.0,90.1,72.6,311,83.3,session,"Session - Aug 7, 2026 13:27:11",2026-08-07 13:27:11 13:27:11,01:28:24,,,,
2026-08-07 14:16:39,83.4,75.6,70.0,29.28,597,29.29,0.0,90.1,72.6,311,83.3,session,"Session - Aug 7, 2026 13:27:11",2026-08-07 13:27:11 13:27:11,01:28:24,,,,
2026-08-07 14:16:44,83.5,75.6,69.8,29.28,597,29.29,0.0,90.5,72.6,310,83.5,session,"Session - Aug 7, 2026 13:27:11",2026-08-07 13:27:11 13:27:11,01:28:24,,,,
2026-08-07 14:16:49,83.3,75.2,69.7,29.29,597,29.29,0.0,90.1,72.3,311,83.3,session,"Session - Aug 7, 2026 13:27:11",2026-08-07 13:27:11 13:27:11,01:28:24,,,,
2026-08-07 14:16:54,83.3,75.2,69.7,29.28,597,29.29,0.0,90.1,72.3,311,83.3,session,"Session - Aug 7, 2026 13:27:11",2026-08-07 13:27:11 13:27:11,01:28:24,,,,
2026-08-07 14:16:59,83.3,75.2,69.5,29.29,597,29.29,0.0,90.0,72.3,311,83.3,session,"Session - Aug 7, 2026 13:27:11",2026-08-07 13:27:11 13:27:11,01:28:24,,,,
2026-08-07 14:17:04,83.3,75.0,69.2,29.29,594,29.29,0.0,90.0,72.2,311,83.3,session,"Session - Aug 7, 2026 13:27:11",2026-08-07 13:27:11 13:27:11,01:28:24,,,,
2026-08-07 14:17:09,83.1,75.0,69.1,29.29,597,29.29,0.0,89.4,72.0,310,83.1,session,"Session - Aug 7, 2026 13:27:11",2026-08-07 13:27:11 13:27:11,01:28:24,,,,
2026-08-07 14:17:14,83.3,75.0,68.9,29.29,597,29.29,0.0,90.0,72.1,310,83.3,session,"Session - Aug 7, 2026 13:27:11",2026-08-07 13:27:11 13:27:11,01:28:24,,,,
2026-08-07 14:17:19,83.4,75.0,68.8,29.29,594,29.29,0.0,89.8,72.0,311,83.3,session,"Session - Aug 7, 2026 13:27:11",2026-08-07 13:27:11 13:27:11,01:28:24,,,,
2026-08-07 14:17:24,83.3,75.0,68.5,29.28,597,29.29,0.0,89.8,71.9,309,83.3,session,"Session - Aug 7, 2026 13:27:11",2026-08-07 13:27:11 13:27:11,01:28:24,,,,
2026-08-07 14:17:29,83.3,75.0,68.5,29.28,600,29.29,0.0,89.8,71.9,310,83.3,session,"Session - Aug 7, 2026 13:27:11",2026-08-07 13:27:11 13:27:11,01:28:24,,,,
2026-08-07 14:17:34,83.5,75.0,68.5,29.28,602,29.28,0.8,89.8,72.0,309,83.3,session,"Session - Aug 7, 2026 13:27:11",2026-08-07 13:27:11 13:27:11,01:28:24,,,,
2026-08-07 14:17:39,83.3,74.8,68.4,29.28,602,29.28,0.0,89.8,71.8,309,83.3,session,"Session - Aug 7, 2026 13:27:11",2026-08-07 13:27:11 13:27:11,01:28:24,,,,
2026-08-07 14:17:44,83.2,74.8,68.3,29.28,605,29.28,0.0,89.2,71.7,309,83.1,session,"Session - Aug 7, 2026 13:27:11",2026-08-07 13:27:11 13:27:11,01:28:24,,,,
2026-08-07 14:17:49,83.3,74.8,68.3,29.28,610,29.28,0.0,89.8,71.8,310,83.3,session,"Session - Aug 7, 2026 13:27:11",2026-08-07 13:27:11 13:27:11,01:28:24,,,,
2026-08-07 14:17:54,83.3,74.8,68.3,29.27,610,29.27,0.0,89.8,71.8,309,83.3,session,"Session - Aug 7, 2026 13:27:11",2026-08-07 13:27:11 13:27:11,01:28:24,,,,
2026-08-07 14:17:59,83.3,74.8,68.2,29.27,614,29.27,0.0,89.1,71.7,309,83.1,session,"Session - Aug 7, 2026 13:27:11",2026-08-07 13:27:11 13:27:11,01:28:24,,,,
2026-08-07 14:18:04,83.2,74.8,67.9,29.26,619,29.27,1.1,89.1,71.5,309,83.1,session,"Session - Aug 7, 2026 13:27:11",2026-08-07 13:27:11 13:27:11,01:28:24,,,,
2026-08-07 14:18:09,83.2,74.7,67.8,29.26,619,29.27,1.3,89.1,71.4,309,83.1,session,"Session - Aug 7, 2026 13:27:11",2026-08-07 13:27:11 13:27:11,01:28:24,,,,
2026-08-07 14:18:14,83.1,74.7,67.7,29.26,622,29.26,0.8,89.1,71.3,309,83.1,session,"Session - Aug 7, 2026 13:27:11",2026-08-07 13:27:11 13:27:11,01:28:24,,,,
2026-08-07 14:18:19,83.2,74.7,67.7,29.26,629,29.26,0.0,89.1,71.4,309,83.1,session,"Session - Aug 7, 2026 13:27:11",2026-08-07 13:27:11 13:27:11,01:28:24,,,,
2026-08-07 14:18:24,83.0,74.5,67.8,29.26,629,29.26,0.0,88.7,71.3,309,82.9,session,"Session - Aug 7, 2026 13:27:11",2026-08-07 13:27:11 13:27:11,01:28:24,,,,
2026-08-07 14:18:29,83.1,74.7,67.8,29.25,634,29.25,0.0,89.1,71.4,309,83.1,session,"Session - Aug 7, 2026 13:27:11",2026-08-07 13:27:11 13:27:11,01:28:24,,,,
2026-08-07 14:18:34,83.1,74.7,67.8,29.25,637,29.25,0.0,89.1,71.4,310,83.1,session,"Session - Aug 7, 2026 13:27:11",2026-08-07 13:27:11 13:27:11,01:28:24,,,,
2026-08-07 14:18:39,83.2,74.7,68.0,29.25,637,29.25,0.0,89.1,71.5,309,83.1,session,"Session - Aug 7, 2026 13:27:11",2026-08-07 13:27:11 13:27:11,01:28:24,,,,
2026-08-07 14:18:44,83.2,74.8,68.4,29.24,642,29.24,0.0,89.2,71.7,309,83.1,session,"Session - Aug 7, 2026 13:27:11",2026-08-07 13:27:11 13:27:11,01:28:24,,,,
2026-08-07 14:18:49,83.3,75.0,68.7,29.23,645,29.24,0.0,89.8,72.0,309,83.3,session,"Session - Aug 7, 2026 13:27:11",2026-08-07 13:27:11 13:27:11,01:28:24,,,,
2026-08-07 14:18:54,83.4,75.2,69.3,29.23,645,29.24,0.0,90.0,72.2,310,83.3,session,"Session - Aug 7, 2026 13:27:11",2026-08-07 13:27:11 13:27:11,01:28:24,,,,
2026-08-07 14:18:59,83.4,75.4,69.4,29.23,647,29.24,0.0,90.0,72.3,312,83.3,session,"Session - Aug 7, 2026 13:27:11",2026-08-07 13:27:11 13:27:11,01:28:24,,,,
2026-08-07 14:19:04,83.4,75.4,69.3,29.23,650,29.23,0.9,90.0,72.3,312,83.3,session,"Session - Aug 7, 2026 13:27:11",2026-08-07 13:27:11 13:27:11,01:28:24,,,,
2026-08-07 14:19:09,83.4,75.2,69.5,29.23,650,29.23,0.0,90.0,72.3,315,83.3,session,"Session - Aug 7, 2026 13:27:11",2026-08-07 13:27:11 13:27:11,01:28:24,,,,
2026-08-07 14:19:14,83.4,75.4,69.5,29.23,650,29.23,0.0,90.0,72.4,316,83.3,session,"Session - Aug 7, 2026 13:27:11",2026-08-07 13:27:11 13:27:11,01:28:24,,,,
2026-08-07 14:19:19,83.4,75.6,69.6,29.23,647,29.23,0.0,90.0,72.4,316,83.3,session,"Session - Aug 7, 2026 13:27:11",2026-08-07 13:27:11 13:27:11,01:28:24,,,,
2026-08-07 14:19:24,83.5,75.6,69.6,29.23,650,29.23,0.0,90.5,72.5,316,83.5,session,"Session - Aug 7, 2026 13:27:11",2026-08-07 13:27:11 13:27:11,01:28:24,,,,
2026-08-07 14:19:29,83.6,75.6,69.7,29.23,653,29.23,0.0,90.5,72.6,316,83.5,session,"Session - Aug 7, 2026 13:27:11",2026-08-07 13:27:11 13:27:11,01:28:24,,,,
2026-08-07 14:19:34,83.6,75.6,69.8,29.23,653,29.23,0.0,90.5,72.7,313,83.5,session,"Session - Aug 7, 2026 13:27:11",2026-08-07 13:27:11 13:27:11,01:28:24,,,,
2026-08-07 14:19:39,83.5,75.6,69.8,29.23,653,29.23,0.0,90.5,72.6,312,83.5,session,"Session - Aug 7, 2026 13:27:11",2026-08-07 13:27:11 13:27:11,01:28:24,,,,
2026-08-07 14:19:44,83.4,75.4,69.5,29.23,655,29.23,0.0,90.0,72.4,313,83.3,session,"Session - Aug 7, 2026 13:27:11",2026-08-07 13:27:11 13:27:11,01:28:24,,,,
2026-08-07 14:19:49,83.4,75.2,69.3,29.23,653,29.23,0.0,90.0,72.2,312,83.3,session,"Session - Aug 7, 2026 13:27:11",2026-08-07 13:27:11 13:27:11,01:28:24,,,,
2026-08-07 14:19:54,83.4,75.0,69.1,29.23,653,29.23,0.0,90.0,72.1,313,83.3,session,"Session - Aug 7, 2026 13:27:11",2026-08-07 13:27:11 13:27:11,01:28:24,,,,
2026-08-07 14:19:59,83.3,75.0,68.9,29.23,655,29.23,0.0,89.4,72.0,313,83.1,session,"Session - Aug 7, 2026 13:27:11",2026-08-07 13:27:11 13:27:11,01:28:24,,,,
2026-08-07 14:20:04,83.2,75.0,68.9,29.23,655,29.23,0.0,89.4,71.9,312,83.1,session,"Session - Aug 7, 2026 13:27:11",2026-08-07 13:27:11 13:27:11,01:28:24,,,,
2026-08-07 14:20:09,83.1,74.8,68.9,29.23,655,29.23,0.0,89.1,71.8,313,82.9,session,"Session - Aug 7, 2026 13:27:11",2026-08-07 13:27:11 13:27:11,01:28:24,,,,
2026-08-07 14:20:14,83.2,75.0,69.2,29.23,658,29.23,0.0,89.4,72.0,311,83.1,session,"Session - Aug 7, 2026 13:27:11",2026-08-07 13:27:11 13:27:11,01:28:24,,,,
2026-08-07 14:20:19,83.2,75.0,69.4,29.23,658,29.22,0.0,89.6,72.1,312,83.1,session,"Session - Aug 7, 2026 13:27:11",2026-08-07 13:27:11 13:27:11,01:28:24,,,,
2026-08-07 14:20:24,83.2,75.0,69.5,29.22,658,29.22,0.0,89.6,72.2,313,83.1,session,"Session - Aug 7, 2026 13:27:11",2026-08-07 13:27:11 13:27:11,01:28:24,,,,
2026-08-07 14:20:29,83.3,75.2,69.6,29.22,662,29.22,0.0,89.6,72.3,313,83.1,session,"Session - Aug 7, 2026 13:27:11",2026-08-07 13:27:11 13:27:11,01:28:24,,,,
2026-08-07 14:20:34,83.3,75.2,69.5,29.22,658,29.22,0.0,90.0,72.3,313,83.3,session,"Session - Aug 7, 2026 13:27:11",2026-08-07 13:27:11 13:27:11,01:28:24,,,,
2026-08-07 14:20:39,83.4,75.4,69.4,29.22,662,29.22,0.9,90.0,72.3,313,83.3,session,"Session - Aug 7, 2026 13:27:11",2026-08-07 13:27:11 13:27:11,01:28:24,,,,
2026-08-07 14:20:44,83.1,75.0,68.9,29.22,665,29.22,1.0,89.4,71.9,313,83.1,session,"Session - Aug 7, 2026 13:27:11",2026-08-07 13:27:11 13:27:11,01:28:24,,,,
2026-08-07 14:20:49,83.0,74.7,68.6,29.22,665,29.22,1.5,88.9,71.6,313,82.9,session,"Session - Aug 7, 2026 13:27:11",2026-08-07 13:27:11 13:27:11,01:28:24,,,,
2026-08-07 14:20:54,83.0,74.7,68.2,29.22,665,29.22,1.4,88.9,71.5,312,82.9,session,"Session - Aug 7, 2026 13:27:11",2026-08-07 13:27:11 13:27:11,01:28:24,,,,
2026-08-07 14:20:59,83.0,74.7,68.3,29.21,666,29.22,1.2,88.9,71.4,313,82.9,session,"Session - Aug 7, 2026 13:27:11",2026-08-07 13:27:11 13:27:11,01:28:24,,,,
2026-08-07 14:21:04,83.0,74.7,68.2,29.22,665,29.22,1.3,88.9,71.4,312,82.9,session,"Session - Aug 7, 2026 13:27:11",2026-08-07 13:27:11 13:27:11,01:28:24,,,,
2026-08-07 14:21:09,83.0,74.7,68.3,29.21,670,29.21,1.1,88.9,71.5,313,82.9,session,"Session - Aug 7, 2026 13:27:11",2026-08-07 13:27:11 13:27:11,01:28:24,,,,
2026-08-07 14:21:14,82.9,74.7,68.4,29.21,670,29.21,0.0,88.9,71.5,312,82.9,session,"Session - Aug 7, 2026 13:27:11",2026-08-07 13:27:11 13:27:11,01:28:24,,,,
2026-08-07 14:21:19,83.0,74.7,68.5,29.21,670,29.21,0.0,88.9,71.5,313,82.9,session,"Session - Aug 7, 2026 13:27:11",2026-08-07 13:27:11 13:27:11,01:28:24,,,,
2026-08-07 14:21:24,83.0,74.7,68.6,29.21,670,29.21,0.0,88.9,71.6,313,82.9,session,"Session - Aug 7, 2026 13:27:11",2026-08-07 13:27:11 13:27:11,01:28:24,,,,
2026-08-07 14:21:29,83.0,74.8,68.8,29.21,673,29.21,0.0,88.9,71.7,313,82.9,session,"Session - Aug 7, 2026 13:27:11",2026-08-07 13:27:11 13:27:11,01:28:24,,,,
2026-08-07 14:21:34,83.0,75.0,69.1,29.21,673,29.21,0.0,89.1,71.9,313,82.9,session,"Session - Aug 7, 2026 13:27:11",2026-08-07 13:27:11 13:27:11,01:28:24,,,,
2026-08-07 14:21:39,83.0,75.0,69.3,29.21,675,29.21,0.0,89.1,71.9,312,82.9,session,"Session - Aug 7, 2026 13:27:11",2026-08-07 13:27:11 13:27:11,01:28:24,,,,
2026-08-07 14:21:44,83.0,75.0,69.3,29.21,675,29.21,0.0,89.1,71.9,313,82.9,session,"Session - Aug 7, 2026 13:27:11",2026-08-07 13:27:11 13:27:11,01:28:24,,,,
2026-08-07 14:21:49,83.0,75.0,69.3,29.21,675,29.21,0.0,89.1,71.9,312,82.9,session,"Session - Aug 7, 2026 13:27:11",2026-08-07 13:27:11 13:27:11,01:28:24,,,,
2026-08-07 14:21:54,82.9,74.8,69.2,29.21,678,29.21,0.0,89.1,71.8,312,82.9,session,"Session - Aug 7, 2026 13:27:11",2026-08-07 13:27:11 13:27:11,01:28:24,,,,
2026-08-07 14:21:59,82.8,74.8,69.2,29.21,678,29.21,0.0,88.7,71.7,312,82.8,session,"Session - Aug 7, 2026 13:27:11",2026-08-07 13:27:11 13:27:11,01:28:24,,,,
2026-08-07 14:22:04,82.8,74.8,69.2,29.20,681,29.20,0.0,88.7,71.7,313,82.8,session,"Session - Aug 7, 2026 13:27:11",2026-08-07 13:27:11 13:27:11,01:28:24,,,,
2026-08-07 14:22:09,82.9,74.8,69.3,29.20,681,29.20,0.0,88.7,71.8,312,82.9,session,"Session - Aug 7, 2026 13:27:11",2026-08-07 13:27:11 13:27:11,01:28:24,,,,
2026-08-07 14:22:14,83.0,75.0,69.7,29.20,681,29.20,0.0,89.2,72.1,313,82.9,session,"Session - Aug 7, 2026 13:27:11",2026-08-07 13:27:11 13:27:11,01:28:24,,,,
2026-08-07 14:22:19,83.0,75.0,69.9,29.20,681,29.20,0.0,89.2,72.2,313,82.9,session,"Session - Aug 7, 2026 13:27:11",2026-08-07 13:27:11 13:27:11,01:28:24,,,,
2026-08-07 14:22:24,83.0,75.2,70.0,29.20,678,29.20,0.0,89.2,72.2,313,82.9,session,"Session - Aug 7, 2026 13:27:11",2026-08-07 13:27:11 13:27:11,01:28:24,,,,
2026-08-07 14:22:29,83.0,75.2,70.2,29.20,681,29.20,0.0,89.2,72.3,313,82.9,session,"Session - Aug 7, 2026 13:27:11",2026-08-07 13:27:11 13:27:11,01:28:24,,,,
2026-08-07 14:22:34,83.0,75.4,70.6,29.20,681,29.20,0.0,89.4,72.4,313,82.9,session,"Session - Aug 7, 2026 13:27:11",2026-08-07 13:27:11 13:27:11,01:28:24,,,,
2026-08-07 14:22:39,82.9,75.4,70.8,29.20,681,29.20,0.0,89.1,72.5,312,82.9,session,"Session - Aug 7, 2026 13:27:11",2026-08-07 13:27:11 13:27:11,01:28:24,,,,
2026-08-07 14:22:44,82.9,75.4,70.9,29.20,681,29.20,0.0,89.1,72.5,313,82.8,session,"Session - Aug 7, 2026 13:27:11",2026-08-07 13:27:11 13:27:11,01:28:24,,,,
2026-08-07 14:22:49,82.8,75.0,70.9,29.20,681,29.20,0.0,89.1,72.4,314,82.8,session,"Session - Aug 7, 2026 13:27:11",2026-08-07 13:27:11 13:27:11,01:28:24,,,,
2026-08-07 14:22:54,82.8,75.0,70.9,29.20,681,29.20,0.0,89.1,72.4,315,82.8,session,"Session - Aug 7, 2026 13:27:11",2026-08-07 13:27:11 13:27:11,01:28:24,,,,
2026-08-07 14:22:59,82.9,75.4,70.8,29.20,681,29.20,0.0,89.1,72.4,316,82.8,session,"Session - Aug 7, 2026 13:27:11",2026-08-07 13:27:11 13:27:11,01:28:24,,,,
2026-08-07 14:23:04,82.9,75.2,70.6,29.20,681,29.20,0.0,89.1,72.3,315,82.8,session,"Session - Aug 7, 2026 13:27:11",2026-08-07 13:27:11 13:27:11,01:28:24,,,,
2026-08-07 14:23:09,83.0,75.2,70.5,29.20,683,29.20,0.0,89.4,72.4,314,82.9,session,"Session - Aug 7, 2026 13:27:11",2026-08-07 13:27:11 13:27:11,01:28:24,,,,
2026-08-07 14:23:14,83.2,75.4,70.5,29.20,681,29.20,0.0,90.0,72.6,313,83.1,session,"Session - Aug 7, 2026 13:27:11",2026-08-07 13:27:11 13:27:11,01:28:24,,,,
2026-08-07 14:23:19,83.3,75.6,70.8,29.20,683,29.20,0.0,90.0,72.8,315,83.1,session,"Session - Aug 7, 2026 13:27:11",2026-08-07 13:27:11 13:27:11,01:28:24,,,,
2026-08-07 14:23:24,83.4,75.7,71.2,29.20,683,29.20,0.0,90.5,73.1,316,83.3,session,"Session - Aug 7, 2026 13:27:11",2026-08-07 13:27:11 13:27:11,01:28:24,,,,
2026-08-07 14:23:29,83.4,75.7,71.3,29.20,686,29.20,0.0,90.5,73.1,316,83.3,session,"Session - Aug 7, 2026 13:27:11",2026-08-07 13:27:11 13:27:11,01:28:24,,,,
2026-08-07 14:23:34,83.4,75.7,71.2,29.20,686,29.19,0.0,90.5,73.1,316,83.3,session,"Session - Aug 7, 2026 13:27:11",2026-08-07 13:27:11 13:27:11,01:28:24,,,,
2026-08-07 14:23:39,83.3,75.7,71.2,29.19,686,29.19,0.0,90.1,73.0,316,83.1,session,"Session - Aug 7, 2026 13:27:11",2026-08-07 13:27:11 13:27:11,01:28:24,,,,
2026-08-07 14:23:44,83.1,75.4,70.6,29.19,689,29.19,0.0,90.0,72.6,316,83.1,session,"Session - Aug 7, 2026 13:27:11",2026-08-07 13:27:11 13:27:11,01:28:24,,,,
2026-08-07 14:23:49,83.3,75.6,70.3,29.19,689,29.19,0.0,90.3,72.7,316,83.3,session,"Session - Aug 7, 2026 13:27:11",2026-08-07 13:27:11 13:27:11,01:28:24,,,,
2026-08-07 14:23:54,83.3,75.6,70.2,29.19,689,29.19,0.0,90.1,72.6,316,83.3,session,"Session - Aug 7, 2026 13:27:11",2026-08-07 13:27:11 13:27:11,01:28:24,,,,
2026-08-07 14:23:59,83.3,75.6,70.2,29.19,689,29.19,0.0,90.1,72.6,316,83.3,session,"Session - Aug 7, 2026 13:27:11",2026-08-07 13:27:11 13:27:11,01:28:24,,,,
2026-08-07 14:24:04,83.4,75.6,70.7,29.19,689,29.19,0.0,90.3,72.8,316,83.3,session,"Session - Aug 7, 2026 13:27:11",2026-08-07 13:27:11 13:27:11,01:28:24,,,,
2026-08-07 14:24:09,83.4,75.7,70.7,29.19,689,29.19,0.0,90.3,72.9,316,83.3,session,"Session - Aug 7, 2026 13:27:11",2026-08-07 13:27:11 13:27:11,01:28:24,,,,
2026-08-07 14:24:14,83.4,75.6,70.4,29.19,686,29.19,0.0,90.3,72.7,316,83.3,session,"Session - Aug 7, 2026 13:27:11",2026-08-07 13:27:11 13:27:11,01:28:24,,,,
2026-08-07 14:24:19,83.4,75.6,70.3,29.20,686,29.20,0.9,90.1,72.7,316,83.3,session,"Session - Aug 7, 2026 13:27:11",2026-08-07 13:27:11 13:27:11,01:28:24,,,,
2026-08-07 14:24:24,83.3,75.2,69.8,29.20,683,29.20,0.8,90.1,72.4,316,83.3,session,"Session - Aug 7, 2026 13:27:11",2026-08-07 13:27:11 13:27:11,01:28:24,,,,
2026-08-07 14:24:29,83.3,75.2,69.5,29.20,686,29.20,1.3,90.0,72.3,316,83.3,session,"Session - Aug 7, 2026 13:27:11",2026-08-07 13:27:11 13:27:11,01:28:24,,,,
2026-08-07 14:24:34,83.3,75.2,69.7,29.20,683,29.20,0.0,90.1,72.4,316,83.3,session,"Session - Aug 7, 2026 13:27:11",2026-08-07 13:27:11 13:27:11,01:28:24,,,,
2026-08-07 14:24:39,83.3,75.2,69.7,29.20,683,29.20,0.9,89.6,72.3,316,83.1,session,"Session - Aug 7, 2026 13:27:11",2026-08-07 13:27:11 13:27:11,01:28:24,,,,
2026-08-07 14:24:44,83.1,75.0,69.5,29.20,681,29.20,0.0,89.6,72.1,316,83.1,session,"Session - Aug 7, 2026 13:27:11",2026-08-07 13:27:11 13:27:11,01:28:24,,,,
2026-08-07 14:24:49,83.3,75.2,69.5,29.20,681,29.20,0.0,90.0,72.3,316,83.3,session,"Session - Aug 7, 2026 13:27:11",2026-08-07 13:27:11 13:27:11,01:28:24,,,,
2026-08-07 14:24:54,83.2,75.2,69.6,29.20,678,29.20,0.0,89.6,72.2,316,83.1,session,"Session - Aug 7, 2026 13:27:11",2026-08-07 13:27:11 13:27:11,01:28:24,,,,
2026-08-07 14:24:59,83.4,75.4,69.7,29.20,678,29.20,0.0,90.1,72.4,316,83.3,session,"Session - Aug 7, 2026 13:27:11",2026-08-07 13:27:11 13:27:11,01:28:24,,,,
2026-08-07 14:25:04,83.4,75.6,69.7,29.21,678,29.21,0.0,90.1,72.5,316,83.3,session,"Session - Aug 7, 2026 13:27:11",2026-08-07 13:27:11 13:27:11,01:28:24,,,,
2026-08-07 14:25:09,83.6,75.6,70.0,29.21,678,29.21,0.0,90.5,72.7,316,83.5,session,"Session - Aug 7, 2026 13:27:11",2026-08-07 13:27:11 13:27:11,01:28:24,,,,
2026-08-07 14:25:14,83.5,75.7,70.4,29.21,675,29.21,0.0,90.7,72.9,316,83.5,session,"Session - Aug 7, 2026 13:27:11",2026-08-07 13:27:11 13:27:11,01:28:24,,,,
2026-08-07 14:25:19,83.4,75.7,70.6,29.21,675,29.21,0.9,90.3,72.8,316,83.3,session,"Session - Aug 7, 2026 13:27:11",2026-08-07 13:27:11 13:27:11,01:28:24,,,,
2026-08-07 14:25:24,83.5,75.7,70.7,29.21,675,29.21,1.0,90.9,73.0,316,83.5,session,"Session - Aug 7, 2026 13:27:11",2026-08-07 13:27:11 13:27:11,01:28:24,,,,
2026-08-07 14:25:29,83.5,75.7,70.3,29.21,673,29.21,0.0,90.3,72.8,316,83.3,session,"Session - Aug 7, 2026 13:27:11",2026-08-07 13:27:11 13:27:11,01:28:24,,,,
2026-08-07 14:25:34,83.4,75.6,70.0,29.21,673,29.21,0.0,90.1,72.6,315,83.3,session,"Session - Aug 7, 2026 13:27:11",2026-08-07 13:27:11 13:27:11,01:28:24,,,,
2026-08-07 14:25:39,83.4,75.4,69.8,29.21,670,29.21,0.0,90.1,72.5,316,83.3,session,"Session - Aug 7, 2026 13:27:11",2026-08-07 13:27:11 13:27:11,01:28:24,,,,
2026-08-07 14:25:44,83.4,75.2,69.5,29.21,670,29.21,0.0,90.0,72.3,316,83.3,session,"Session - Aug 7, 2026 13:27:11",2026-08-07 13:27:11 13:27:11,01:28:24,,,,
2026-08-07 14:25:49,83.3,75.0,69.3,29.21,666,29.21,0.9,90.0,72.2,316,83.3,session,"Session - Aug 7, 2026 13:27:11",2026-08-07 13:27:11 13:27:11,01:28:24,,,,
2026-08-07 14:25:54,83.3,75.0,68.8,29.21,666,29.21,0.0,89.8,72.0,316,83.3,session,"Session - Aug 7, 2026 13:27:11",2026-08-07 13:27:11 13:27:11,01:28:24,,,,
2026-08-07 14:25:59,83.2,74.8,68.4,29.22,666,29.22,0.0,89.2,71.7,316,83.1,session,"Session - Aug 7, 2026 13:27:11",2026-08-07 13:27:11 13:27:11,01:28:24,,,,
2026-08-07 14:26:04,83.2,74.7,68.2,29.22,665,29.22,0.0,89.1,71.6,316,83.1,session,"Session - Aug 7, 2026 13:27:11",2026-08-07 13:27:11 13:27:11,01:28:24,,,,
2026-08-07 14:26:09,83.3,74.8,68.3,29.22,662,29.22,0.0,89.2,71.7,316,83.1,session,"Session - Aug 7, 2026 13:27:11",2026-08-07 13:27:11 13:27:11,01:28:24,,,,
2026-08-07 14:26:14,83.3,75.0,68.6,29.22,665,29.22,0.0,89.8,71.9,316,83.3,session,"Session - Aug 7, 2026 13:27:11",2026-08-07 13:27:11 13:27:11,01:28:24,,,,
2026-08-07 14:26:19,83.3,75.0,68.8,29.22,662,29.22,0.0,89.8,72.0,316,83.3,session,"Session - Aug 7, 2026 13:27:11",2026-08-07 13:27:11 13:27:11,01:28:24,,,,
2026-08-07 14:26:24,83.3,75.0,68.8,29.22,662,29.22,0.0,89.8,72.0,316,83.3,session,"Session - Aug 7, 2026 13:27:11",2026-08-07 13:27:11 13:27:11,01:28:24,,,,
2026-08-07 14:26:29,83.4,75.2,69.0,29.22,662,29.22,0.0,90.0,72.1,316,83.3,session,"Session - Aug 7, 2026 13:27:11",2026-08-07 13:27:11 13:27:11,01:28:24,,,,
2026-08-07 14:26:34,83.5,75.4,69.3,29.23,658,29.23,0.0,90.3,72.4,316,83.5,session,"Session - Aug 7, 2026 13:27:11",2026-08-07 13:27:11 13:27:11,01:28:24,,,,
2026-08-07 14:26:39,83.5,75.6,69.4,29.23,655,29.23,0.0,90.3,72.4,316,83.5,session,"Session - Aug 7, 2026 13:27:11",2026-08-07 13:27:11 13:27:11,01:28:24,,,,
2026-08-07 14:26:44,83.4,75.4,69.2,29.23,658,29.23,0.0,90.0,72.2,316,83.3,session,"Session - Aug 7, 2026 13:27:11",2026-08-07 13:27:11 13:27:11,01:28:24,,,,
2026-08-07 14:26:49,83.5,75.2,68.8,29.23,658,29.23,0.0,89.8,72.1,316,83.3,session,"Session - Aug 7, 2026 13:27:11",2026-08-07 13:27:11 13:27:11,01:28:24,,,,
2026-08-07 14:26:54,83.5,75.2,68.7,29.22,662,29.22,0.0,90.1,72.1,315,83.5,session,"Session - Aug 7, 2026 13:27:11",2026-08-07 13:27:11 13:27:11,01:28:24,,,,
2026-08-07 14:26:59,83.6,75.4,68.7,29.22,662,29.22,0.0,90.1,72.2,316,83.5,session,"Session - Aug 7, 2026 13:27:11",2026-08-07 13:27:11 13:27:11,01:28:24,,,,
2026-08-07 14:27:04,83.5,75.2,68.7,29.22,662,29.22,0.0,90.1,72.1,316,83.5,session,"Session - Aug 7, 2026 13:27:11",2026-08-07 13:27:11 13:27:11,01:28:24,,,,
2026-08-07 14:27:09,83.5,75.2,68.7,29.22,662,29.22,0.0,90.1,72.1,316,83.5,session,"Session - Aug 7, 2026 13:27:11",2026-08-07 13:27:11 13:27:11,01:28:24,,,,
2026-08-07 14:27:14,83.4,75.0,68.3,29.22,665,29.22,0.0,89.8,71.9,315,83.3,session,"Session - Aug 7, 2026 13:27:11",2026-08-07 13:27:11 13:27:11,01:28:24,,,,
2026-08-07 14:27:19,83.4,74.8,68.0,29.22,665,29.22,1.1,89.6,71.7,316,83.3,session,"Session - Aug 7, 2026 13:27:11",2026-08-07 13:27:11 13:27:11,01:28:24,,,,
2026-08-07 14:27:24,83.4,74.7,67.6,29.22,666,29.22,1.7,89.4,71.5,315,83.3,session,"Session - Aug 7, 2026 13:27:11",2026-08-07 13:27:11 13:27:11,01:28:24,,,,
2026-08-07 14:27:29,83.4,74.7,67.4,29.21,666,29.21,1.1,89.2,71.4,316,83.3,session,"Session - Aug 7, 2026 13:27:11",2026-08-07 13:27:11 13:27:11,01:28:24,,,,
2026-08-07 14:27:34,83.4,74.7,67.4,29.22,666,29.22,0.9,89.2,71.5,315,83.3,session,"Session - Aug 7, 2026 13:27:11",2026-08-07 13:27:11 13:27:11,01:28:24,,,,
2026-08-07 14:27:39,83.5,74.8,67.6,29.21,666,29.21,0.0,90.0,71.6,315,83.5,session,"Session - Aug 7, 2026 13:27:11",2026-08-07 13:27:11 13:27:11,01:28:24,,,,
2026-08-07 14:27:44,83.6,75.0,67.7,29.21,666,29.21,0.0,90.0,71.7,315,83.5,session,"Session - Aug 7, 2026 13:27:11",2026-08-07 13:27:11 13:27:11,01:28:24,,,,
2026-08-07 14:27:49,83.6,75.0,67.8,29.21,670,29.21,0.0,90.0,71.8,315,83.5,session,"Session - Aug 7, 2026 13:27:11",2026-08-07 13:27:11 13:27:11,01:28:24,,,,
2026-08-07 14:27:54,83.6,75.0,67.8,29.21,670,29.21,0.0,90.0,71.8,315,83.5,session,"Session - Aug 7, 2026 13:27:11",2026-08-07 13:27:11 13:27:11,01:28:24,,,,
2026-08-07 14:27:59,83.6,75.0,68.0,29.21,670,29.21,0.0,90.0,71.9,315,83.5,session,"Session - Aug 7, 2026 13:27:11",2026-08-07 13:27:11 13:27:11,01:28:24,,,,
2026-08-07 14:28:04,83.6,75.2,68.5,29.21,670,29.21,0.0,90.1,72.1,315,83.5,session,"Session - Aug 7, 2026 13:27:11",2026-08-07 13:27:11 13:27:11,01:28:24,,,,
2026-08-07 14:28:09,83.5,75.2,68.6,29.21,673,29.21,0.0,90.1,72.1,317,83.5,session,"Session - Aug 7, 2026 13:27:11",2026-08-07 13:27:11 13:27:11,01:28:24,,,,
2026-08-07 14:28:14,83.6,75.2,68.6,29.21,673,29.21,0.0,90.1,72.2,317,83.5,session,"Session - Aug 7, 2026 13:27:11",2026-08-07 13:27:11 13:27:11,01:28:24,,,,
2026-08-07 14:28:19,83.7,75.2,68.6,29.21,673,29.21,0.0,90.5,72.2,315,83.7,session,"Session - Aug 7, 2026 13:27:11",2026-08-07 13:27:11 13:27:11,01:28:24,,,,
2026-08-07 14:28:24,83.7,75.4,68.7,29.21,673,29.21,0.0,90.7,72.3,315,83.7,session,"Session - Aug 7, 2026 13:27:11",2026-08-07 13:27:11 13:27:11,01:28:24,,,,
2026-08-07 14:28:29,83.8,75.6,69.1,29.21,673,29.21,0.0,90.9,72.6,316,83.7,session,"Session - Aug 7, 2026 13:27:11",2026-08-07 13:27:11 13:27:11,01:28:24,,,,
2026-08-07 14:28:34,83.7,75.6,69.2,29.21,673,29.21,0.0,90.9,72.6,316,83.7,session,"Session - Aug 7, 2026 13:27:11",2026-08-07 13:27:11 13:27:11,01:28:24,,,,
2026-08-07 14:28:39,83.7,75.6,69.0,29.21,673,29.21,0.0,90.7,72.4,316,83.7,session,"Session - Aug 7, 2026 13:27:11",2026-08-07 13:27:11 13:27:11,01:28:24,,,,
2026-08-07 14:28:44,83.7,75.4,68.5,29.21,673,29.21,0.0,90.5,72.2,316,83.7,session,"Session - Aug 7, 2026 13:27:11",2026-08-07 13:27:11 13:27:11,01:28:24,,,,
2026-08-07 14:28:49,83.8,75.4,68.4,29.21,673,29.21,0.0,90.5,72.3,316,83.7,session,"Session - Aug 7, 2026 13:27:11",2026-08-07 13:27:11 13:27:11,01:28:24,,,,
2026-08-07 14:28:54,83.7,75.4,68.5,29.21,673,29.21,0.0,90.5,72.2,316,83.7,session,"Session - Aug 7, 2026 13:27:11",2026-08-07 13:27:11 13:27:11,01:28:24,,,,
2026-08-07 14:28:59,83.7,75.2,68.4,29.21,670,29.21,0.0,90.5,72.2,316,83.7,session,"Session - Aug 7, 2026 13:27:11",2026-08-07 13:27:11 13:27:11,01:28:24,,,,
2026-08-07 14:29:04,83.5,75.0,68.2,29.21,670,29.21,0.0,90.0,71.9,316,83.5,session,"Session - Aug 7, 2026 13:27:11",2026-08-07 13:27:11 13:27:11,01:28:24,,,,
2026-08-07 14:29:09,83.5,75.0,68.0,29.21,670,29.21,0.0,90.0,71.9,316,83.5,session,"Session - Aug 7, 2026 13:27:11",2026-08-07 13:27:11 13:27:11,01:28:24,,,,
2026-08-07 14:29:14,83.4,74.8,68.2,29.21,670,29.21,0.0,89.6,71.9,316,83.3,session,"Session - Aug 7, 2026 13:27:11",2026-08-07 13:27:11 13:27:11,01:28:24,,,,
2026-08-07 14:29:19,83.4,74.8,68.2,29.21,666,29.21,1.3,89.6,71.8,316,83.3,session,"Session - Aug 7, 2026 13:27:11",2026-08-07 13:27:11 13:27:11,01:28:24,,,,
2026-08-07 14:29:24,83.4,74.8,67.8,29.21,670,29.21,0.9,89.4,71.6,315,83.3,session,"Session - Aug 7, 2026 13:27:11",2026-08-07 13:27:11 13:27:11,01:28:24,,,,
2026-08-07 14:29:29,83.4,74.8,67.5,29.21,666,29.21,0.0,89.2,71.5,315,83.3,session,"Session - Aug 7, 2026 13:27:11",2026-08-07 13:27:11 13:27:11,01:28:24,,,,
2026-08-07 14:29:34,83.5,74.8,67.8,29.22,666,29.22,0.0,90.0,71.7,316,83.5,session,"Session - Aug 7, 2026 13:27:11",2026-08-07 13:27:11 13:27:11,01:28:24,,,,
2026-08-07 14:29:39,83.5,75.0,68.3,29.22,665,29.22,0.0,90.1,72.0,316,83.5,session,"Session - Aug 7, 2026 13:27:11",2026-08-07 13:27:11 13:27:11,01:28:24,,,,
2026-08-07 14:29:44,83.5,75.2,68.6,29.22,665,29.22,0.0,90.1,72.1,316,83.5,session,"Session - Aug 7, 2026 13:27:11",2026-08-07 13:27:11 13:27:11,01:28:24,,,,
2026-08-07 14:29:49,83.4,75.0,68.3,29.22,665,29.22,0.0,89.6,71.9,315,83.3,session,"Session - Aug 7, 2026 13:27:11",2026-08-07 13:27:11 13:27:11,01:28:24,,,,
2026-08-07 14:29:54,83.4,74.8,67.8,29.22,665,29.22,0.0,89.4,71.7,316,83.3,session,"Session - Aug 7, 2026 13:27:11",2026-08-07 13:27:11 13:27:11,01:28:24,,,,
2026-08-07 14:29:59,83.4,74.8,67.6,29.22,665,29.22,0.0,89.4,71.6,315,83.3,session,"Session - Aug 7, 2026 13:27:11",2026-08-07 13:27:11 13:27:11,01:28:24,,,,
2026-08-07 14:30:04,83.4,74.7,67.3,29.22,662,29.22,0.0,89.2,71.4,315,83.3,session,"Session - Aug 7, 2026 13:27:11",2026-08-07 13:27:11 13:27:11,01:28:24,,,,
2026-08-07 14:30:09,83.3,74.7,67.2,29.22,662,29.22,0.0,89.2,71.3,315,83.3,session,"Session - Aug 7, 2026 13:27:11",2026-08-07 13:27:11 13:27:11,01:28:24,,,,
2026-08-07 14:30:14,83.4,74.5,67.1,29.22,662,29.22,0.0,89.2,71.3,315,83.3,session,"Session - Aug 7, 2026 13:27:11",2026-08-07 13:27:11 13:27:11,01:28:24,,,,
2026-08-07 14:30:19,83.3,74.5,67.1,29.22,662,29.22,0.0,89.2,71.2,315,83.3,session,"Session - Aug 7, 2026 13:27:11",2026-08-07 13:27:11 13:27:11,01:28:24,,,,
2026-08-07 14:30:24,83.2,74.5,67.1,29.22,662,29.22,0.0,88.9,71.1,316,83.1,session,"Session - Aug 7, 2026 13:27:11",2026-08-07 13:27:11 13:27:11,01:28:24,,,,
2026-08-07 14:30:29,83.4,74.7,67.2,29.22,662,29.22,0.0,89.2,71.3,316,83.3,session,"Session - Aug 7, 2026 13:27:11",2026-08-07 13:27:11 13:27:11,01:28:24,,,,
2026-08-07 14:30:34,83.6,74.8,67.6,29.22,658,29.22,0.0,90.0,71.7,312,83.5,session,"Session - Aug 7, 2026 13:27:11",2026-08-07 13:27:11 13:27:11,01:28:24,,,,
2026-08-07 14:30:39,83.5,74.8,67.9,29.22,662,29.22,0.0,90.0,71.8,311,83.5,session,"Session - Aug 7, 2026 13:27:11",2026-08-07 13:27:11 13:27:11,01:28:24,,,,
2026-08-07 14:30:44,83.5,74.8,67.9,29.22,662,29.22,0.0,90.0,71.8,311,83.5,session,"Session - Aug 7, 2026 13:27:11",2026-08-07 13:27:11 13:27:11,01:28:24,,,,
2026-08-07 14:30:49,83.6,75.0,67.8,29.22,662,29.22,0.0,90.0,71.8,311,83.5,session,"Session - Aug 7, 2026 13:27:11",2026-08-07 13:27:11 13:27:11,01:28:24,,,,
2026-08-07 14:30:54,83.6,75.0,67.8,29.22,662,29.22,0.0,90.0,71.8,312,83.5,session,"Session - Aug 7, 2026 13:27:11",2026-08-07 13:27:11 13:27:11,01:28:24,,,,
2026-08-07 14:30:59,83.6,75.0,68.1,29.22,665,29.22,0.0,90.0,72.0,311,83.5,session,"Session - Aug 7, 2026 13:27:11",2026-08-07 13:27:11 13:27:11,01:28:24,,,,
2026-08-07 14:31:04,83.7,75.4,68.6,29.22,665,29.22,0.0,90.5,72.2,311,83.7,session,"Session - Aug 7, 2026 13:27:11",2026-08-07 13:27:11 13:27:11,01:28:24,,,,
2026-08-07 14:31:09,83.9,75.6,68.8,29.22,665,29.22,0.0,91.0,72.5,311,83.8,session,"Session - Aug 7, 2026 13:27:11",2026-08-07 13:27:11 13:27:11,01:28:24,,,,
2026-08-07 14:31:14,83.8,75.6,68.9,29.22,665,29.22,0.0,90.7,72.5,311,83.7,session,"Session - Aug 7, 2026 13:27:11",2026-08-07 13:27:11 13:27:11,01:28:24,,,,
2026-08-07 14:31:19,83.8,75.6,69.0,29.22,665,29.22,0.0,90.9,72.5,311,83.7,session,"Session - Aug 7, 2026 13:27:11",2026-08-07 13:27:11 13:27:11,01:28:24,,,,
2026-08-07 14:31:24,83.8,75.6,69.1,29.22,665,29.22,0.0,90.9,72.6,312,83.7,session,"Session - Aug 7, 2026 13:27:11",2026-08-07 13:27:11 13:27:11,01:28:24,,,,
2026-08-07 14:31:29,83.8,75.6,69.0,29.22,665,29.22,0.0,90.9,72.5,311,83.7,session,"Session - Aug 7, 2026 13:27:11",2026-08-07 13:27:11 13:27:11,01:28:24,,,,
2026-08-07 14:31:34,83.8,75.6,68.9,29.22,665,29.22,0.0,90.7,72.5,311,83.7,session,"Session - Aug 7, 2026 13:27:11",2026-08-07 13:27:11 13:27:11,01:28:24,,,,
2026-08-07 14:31:39,83.6,75.4,68.8,29.22,666,29.22,0.0,90.1,72.2,311,83.5,session,"Session - Aug 7, 2026 13:27:11",2026-08-07 13:27:11 13:27:11,01:28:24,,,,
2026-08-07 14:31:44,83.8,75.4,68.7,29.22,665,29.22,0.0,90.7,72.4,312,83.7,session,"Session - Aug 7, 2026 13:27:11",2026-08-07 13:27:11 13:27:11,01:28:24,,,,
2026-08-07 14:31:49,83.8,75.4,68.8,29.21,666,29.21,0.0,90.7,72.4,311,83.7,session,"Session - Aug 7, 2026 13:27:11",2026-08-07 13:27:11 13:27:11,01:28:24,,,,
2026-08-07 14:31:54,83.7,75.6,68.9,29.22,666,29.22,0.0,90.7,72.4,311,83.7,session,"Session - Aug 7, 2026 13:27:11",2026-08-07 13:27:11 13:27:11,01:28:24,,,,
2026-08-07 14:31:59,83.7,75.4,68.8,29.22,666,29.22,0.0,90.7,72.4,308,83.7,session,"Session - Aug 7, 2026 13:27:11",2026-08-07 13:27:11 13:27:11,01:28:24,,,,
2026-08-07 14:32:04,83.7,75.4,68.5,29.21,670,29.21,0.0,90.5,72.2,308,83.7,session,"Session - Aug 7, 2026 13:27:11",2026-08-07 13:27:11 13:27:11,01:28:24,,,,
2026-08-07 14:32:09,83.7,75.2,68.4,29.21,670,29.21,0.0,90.5,72.2,308,83.7,session,"Session - Aug 7, 2026 13:27:11",2026-08-07 13:27:11 13:27:11,01:28:24,,,,
2026-08-07 14:32:14,83.6,75.2,68.3,29.21,670,29.21,0.0,90.1,72.1,309,83.5,session,"Session - Aug 7, 2026 13:27:11",2026-08-07 13:27:11 13:27:11,01:28:24,,,,
2026-08-07 14:32:19,83.6,75.0,68.1,29.21,673,29.21,0.0,90.0,71.9,308,83.5,session,"Session - Aug 7, 2026 13:27:11",2026-08-07 13:27:11 13:27:11,01:28:24,,,,
2026-08-07 14:32:24,83.5,74.8,67.9,29.21,673,29.21,0.0,90.0,71.8,308,83.5,session,"Session - Aug 7, 2026 13:27:11",2026-08-07 13:27:11 13:27:11,01:28:24,,,,
2026-08-07 14:32:29,83.5,74.8,67.8,29.21,673,29.21,0.0,90.0,71.8,309,83.5,session,"Session - Aug 7, 2026 13:27:11",2026-08-07 13:27:11 13:27:11,01:28:24,,,,
2026-08-07 14:32:34,83.5,74.8,67.8,29.21,673,29.21,0.0,90.0,71.7,308,83.5,session,"Session - Aug 7, 2026 13:27:11",2026-08-07 13:27:11 13:27:11,01:28:24,,,,
2026-08-07 14:32:39,83.5,74.8,67.8,29.21,675,29.21,0.0,89.4,71.7,308,83.3,session,"Session - Aug 7, 2026 13:27:11",2026-08-07 13:27:11 13:27:11,01:28:24,,,,
2026-08-07 14:32:44,83.4,74.8,67.9,29.20,678,29.20,0.0,89.6,71.7,309,83.3,session,"Session - Aug 7, 2026 13:27:11",2026-08-07 13:27:11 13:27:11,01:28:24,,,,
2026-08-07 14:32:49,83.3,74.7,68.0,29.20,678,29.20,0.0,89.6,71.6,308,83.3,session,"Session - Aug 7, 2026 13:27:11",2026-08-07 13:27:11 13:27:11,01:28:24,,,,
2026-08-07 14:32:54,83.3,74.8,68.4,29.21,678,29.21,0.0,89.2,71.8,308,83.1,session,"Session - Aug 7, 2026 13:27:11",2026-08-07 13:27:11 13:27:11,01:28:24,,,,
2026-08-07 14:32:59,83.2,75.0,68.8,29.20,681,29.20,0.0,89.2,71.9,308,83.1,session,"Session - Aug 7, 2026 13:27:11",2026-08-07 13:27:11 13:27:11,01:28:24,,,,
2026-08-07 14:33:04,82.9,75.0,69.6,29.20,678,29.20,0.0,88.9,71.9,308,82.8,session,"Session - Aug 7, 2026 13:27:11",2026-08-07 13:27:11 13:27:11,01:28:24,,,,
2026-08-07 14:33:09,82.8,75.0,70.0,29.20,683,29.20,0.0,88.9,72.1,308,82.8,session,"Session - Aug 7, 2026 13:27:11",2026-08-07 13:27:11 13:27:11,01:28:24,,,,
2026-08-07 14:33:14,82.9,75.0,70.1,29.20,683,29.20,0.0,88.9,72.1,308,82.8,session,"Session - Aug 7, 2026 13:27:11",2026-08-07 13:27:11 13:27:11,01:28:24,,,,
2026-08-07 14:33:19,82.9,75.0,70.1,29.20,683,29.20,0.0,88.9,72.2,308,82.8,session,"Session - Aug 7, 2026 13:27:11",2026-08-07 13:27:11 13:27:11,01:28:24,,,,
2026-08-07 14:33:24,82.8,75.0,70.2,29.20,683,29.20,0.0,88.9,72.1,308,82.8,session,"Session - Aug 7, 2026 13:27:11",2026-08-07 13:27:11 13:27:11,01:28:24,,,,
2026-08-07 14:33:29,82.8,75.0,70.3,29.20,683,29.20,0.0,88.9,72.1,309,82.8,session,"Session - Aug 7, 2026 13:27:11",2026-08-07 13:27:11 13:27:11,01:28:24,,,,
2026-08-07 14:33:34,82.8,75.0,70.5,29.20,686,29.20,0.0,89.1,72.2,308,82.8,session,"Session - Aug 7, 2026 13:27:11",2026-08-07 13:27:11 13:27:11,01:28:24,,,,
2026-08-07 14:33:39,82.9,75.0,70.3,29.20,686,29.20,1.1,88.9,72.2,308,82.8,session,"Session - Aug 7, 2026 13:27:11",2026-08-07 13:27:11 13:27:11,01:28:24,,,,
2026-08-07 14:33:44,82.9,75.0,69.8,29.19,686,29.19,1.1,89.2,72.1,308,82.9,session,"Session - Aug 7, 2026 13:27:11",2026-08-07 13:27:11 13:27:11,01:28:24,,,,
2026-08-07 14:33:49,83.0,75.0,69.8,29.19,689,29.19,1.1,89.2,72.1,308,82.9,session,"Session - Aug 7, 2026 13:27:11",2026-08-07 13:27:11 13:27:11,01:28:24,,,,
2026-08-07 14:33:54,83.0,75.0,69.4,29.19,686,29.19,0.7,89.1,71.9,308,82.9,session,"Session - Aug 7, 2026 13:27:11",2026-08-07 13:27:11 13:27:11,01:28:24,,,,
2026-08-07 14:33:59,83.0,74.8,69.1,29.20,686,29.19,0.0,89.1,71.8,309,82.9,session,"Session - Aug 7, 2026 13:27:11",2026-08-07 13:27:11 13:27:11,01:28:24,,,,
2026-08-07 14:34:04,83.0,74.8,68.9,29.20,686,29.20,0.0,88.9,71.7,309,82.9,session,"Session - Aug 7, 2026 13:27:11",2026-08-07 13:27:11 13:27:11,01:28:24,,,,
2026-08-07 14:34:09,83.0,74.8,69.1,29.20,686,29.20,0.0,89.1,71.8,309,82.9,session,"Session - Aug 7, 2026 13:27:11",2026-08-07 13:27:11 13:27:11,01:28:24,,,,
2026-08-07 14:34:14,82.9,75.0,69.4,29.20,686,29.20,0.0,89.1,71.9,309,82.9,session,"Session - Aug 7, 2026 13:27:11",2026-08-07 13:27:11 13:27:11,01:28:24,,,,
2026-08-07 14:34:19,82.9,74.8,69.4,29.20,683,29.20,0.0,88.7,71.8,309,82.8,session,"Session - Aug 7, 2026 13:27:11",2026-08-07 13:27:11 13:27:11,01:28:24,,,,
2026-08-07 14:34:24,82.9,74.8,69.3,29.20,683,29.20,0.0,88.7,71.8,309,82.9,session,"Session - Aug 7, 2026 13:27:11",2026-08-07 13:27:11 13:27:11,01:28:24,,,,
2026-08-07 14:34:29,82.9,74.8,69.1,29.20,683,29.20,0.0,88.7,71.8,309,82.9,session,"Session - Aug 7, 2026 13:27:11",2026-08-07 13:27:11 13:27:11,01:28:24,,,,
2026-08-07 14:34:34,82.9,74.7,68.9,29.20,681,29.20,0.0,88.7,71.7,309,82.8,session,"Session - Aug 7, 2026 13:27:11",2026-08-07 13:27:11 13:27:11,01:28:24,,,,
2026-08-07 14:34:39,82.9,74.7,68.8,29.20,681,29.20,0.0,88.5,71.6,309,82.8,session,"Session - Aug 7, 2026 13:27:11",2026-08-07 13:27:11 13:27:11,01:28:24,,,,
2026-08-07 14:34:44,83.0,74.8,68.9,29.20,683,29.20,0.0,89.1,71.7,309,82.9,session,"Session - Aug 7, 2026 13:27:11",2026-08-07 13:27:11 13:27:11,01:28:24,,,,
2026-08-07 14:34:49,83.1,75.0,69.0,29.20,681,29.20,0.0,89.4,71.9,309,83.1,session,"Session - Aug 7, 2026 13:27:11",2026-08-07 13:27:11 13:27:11,01:28:24,,,,
2026-08-07 14:34:54,83.0,74.8,69.0,29.20,681,29.20,0.0,89.1,71.8,309,82.9,session,"Session - Aug 7, 2026 13:27:11",2026-08-07 13:27:11 13:27:11,01:28:24,,,,
2026-08-07 14:34:59,83.0,74.8,69.0,29.20,683,29.20,0.0,89.1,71.8,309,82.9,session,"Session - Aug 7, 2026 13:27:11",2026-08-07 13:27:11 13:27:11,01:28:24,,,,
2026-08-07 14:35:04,83.2,75.0,69.1,29.20,681,29.20,0.0,89.4,72.0,310,83.1,session,"Session - Aug 7, 2026 13:27:11",2026-08-07 13:27:11 13:27:11,01:28:24,,,,
2026-08-07 14:35:09,83.2,75.0,69.3,29.20,681,29.20,0.0,89.4,72.1,309,83.1,session,"Session - Aug 7, 2026 13:27:11",2026-08-07 13:27:11 13:27:11,01:28:24,,,,
2026-08-07 14:35:14,83.2,75.0,69.3,29.20,683,29.20,0.0,89.4,72.1,309,83.1,session,"Session - Aug 7, 2026 13:27:11",2026-08-07 13:27:11 13:27:11,01:28:24,,,,
2026-08-07 14:35:19,83.4,75.0,69.2,29.20,681,29.20,0.0,90.0,72.2,309,83.3,session,"Session - Aug 7, 2026 13:27:11",2026-08-07 13:27:11 13:27:11,01:28:24,,,,
2026-08-07 14:35:24,83.2,75.0,68.9,29.20,681,29.20,0.0,89.4,71.9,309,83.1,session,"Session - Aug 7, 2026 13:27:11",2026-08-07 13:27:11 13:27:11,01:28:24,,,,
2026-08-07 14:35:29,83.1,74.8,68.6,29.20,681,29.20,0.0,88.9,71.7,309,82.9,session,"Session - Aug 7, 2026 13:27:11",2026-08-07 13:27:11 13:27:11,01:28:24,,,,
2026-08-07 14:35:34,83.1,74.7,68.3,29.20,681,29.20,0.0,88.9,71.5,309,82.9,session,"Session - Aug 7, 2026 13:27:11",2026-08-07 13:27:11 13:27:11,01:28:24,,,,
2026-08-07 14:35:39,83.2,74.7,68.2,29.20,681,29.20,0.0,89.2,71.6,309,83.1,session,"Session - Aug 7, 2026 13:27:11",2026-08-07 13:27:11 13:27:11,01:28:24,,,,
2026-08-07 14:35:44,83.2,74.8,68.5,29.20,681,29.20,0.0,89.2,71.7,309,83.1,session,"Session - Aug 7, 2026 13:27:11",2026-08-07 13:27:11 13:27:11,01:28:24,,,,
2026-08-07 14:35:49,83.2,74.8,68.5,29.20,678,29.20,0.0,89.2,71.8,309,83.1,session,"Session - Aug 7, 2026 13:27:11",2026-08-07 13:27:11 13:27:11,01:28:24,,,,
2026-08-07 14:35:54,83.2,74.8,68.6,29.21,675,29.21,0.0,89.2,71.8,309,83.1,session,"Session - Aug 7, 2026 13:27:11",2026-08-07 13:27:11 13:27:11,01:28:24,,,,
2026-08-07 14:35:59,83.2,75.0,68.8,29.21,678,29.21,0.0,89.2,71.9,309,83.1,session,"Session - Aug 7, 2026 13:27:11",2026-08-07 13:27:11 13:27:11,01:28:24,,,,
2026-08-07 14:36:04,83.2,75.0,69.1,29.21,675,29.21,0.0,89.4,72.0,309,83.1,session,"Session - Aug 7, 2026 13:27:11",2026-08-07 13:27:11 13:27:11,01:28:24,,,,
2026-08-07 14:36:09,83.2,75.0,69.3,29.20,678,29.20,0.0,89.4,72.1,308,83.1,session,"Session - Aug 7, 2026 13:27:11",2026-08-07 13:27:11 13:27:11,01:28:24,,,,
2026-08-07 14:36:14,83.2,75.2,69.6,29.21,678,29.21,0.0,89.6,72.2,309,83.1,session,"Session - Aug 7, 2026 13:27:11",2026-08-07 13:27:11 13:27:11,01:28:24,,,,
2026-08-07 14:36:19,83.3,75.4,69.9,29.21,678,29.21,0.0,90.1,72.4,309,83.3,session,"Session - Aug 7, 2026 13:27:11",2026-08-07 13:27:11 13:27:11,01:28:24,,,,
2026-08-07 14:36:24,83.3,75.6,70.3,29.21,675,29.21,0.0,90.3,72.6,309,83.3,session,"Session - Aug 7, 2026 13:27:11",2026-08-07 13:27:11 13:27:11,01:28:24,,,,
2026-08-07 14:36:29,83.3,75.6,70.5,29.21,678,29.21,0.0,90.3,72.8,309,83.3,session,"Session - Aug 7, 2026 13:27:11",2026-08-07 13:27:11 13:27:11,01:28:24,,,,
2026-08-07 14:36:34,83.3,75.6,70.8,29.21,678,29.21,0.0,90.3,72.8,309,83.3,session,"Session - Aug 7, 2026 13:27:11",2026-08-07 13:27:11 13:27:11,01:28:24,,,,
2026-08-07 14:36:39,83.4,75.6,70.8,29.21,675,29.21,0.0,90.3,72.9,309,83.3,session,"Session - Aug 7, 2026 13:27:11",2026-08-07 13:27:11 13:27:11,01:28:24,,,,
2026-08-07 14:36:44,83.4,75.7,71.0,29.21,675,29.21,0.0,90.5,73.0,309,83.3,session,"Session - Aug 7, 2026 13:27:11",2026-08-07 13:27:11 13:27:11,01:28:24,,,,
2026-08-07 14:36:49,83.4,75.9,71.2,29.21,675,29.21,0.0,90.5,73.1,309,83.3,session,"Session - Aug 7, 2026 13:27:11",2026-08-07 13:27:11 13:27:11,01:28:24,,,,
2026-08-07 14:36:54,83.4,75.9,71.2,29.21,675,29.21,0.0,90.5,73.1,309,83.3,session,"Session - Aug 7, 2026 13:27:11",2026-08-07 13:27:11 13:27:11,01:28:24,,,,
2026-08-07 14:36:59,83.5,75.7,71.1,29.21,675,29.21,0.0,90.5,73.1,309,83.3,session,"Session - Aug 7, 2026 13:27:11",2026-08-07 13:27:11 13:27:11,01:28:24,,,,
2026-08-07 14:37:04,83.5,75.7,70.8,29.21,675,29.21,0.0,90.9,73.0,309,83.5,session,"Session - Aug 7, 2026 13:27:11",2026-08-07 13:27:11 13:27:11,01:28:24,,,,
2026-08-07 14:37:09,83.4,75.6,70.6,29.21,673,29.21,0.0,90.3,72.8,309,83.3,session,"Session - Aug 7, 2026 13:27:11",2026-08-07 13:27:11 13:27:11,01:28:24,,,,
2026-08-07 14:37:14,83.4,75.6,69.9,29.21,673,29.21,0.0,90.1,72.6,308,83.3,session,"Session - Aug 7, 2026 13:27:11",2026-08-07 13:27:11 13:27:11,01:28:24,,,,
2026-08-07 14:37:19,83.4,75.6,69.6,29.21,675,29.21,0.0,90.1,72.4,309,83.3,session,"Session - Aug 7, 2026 13:27:11",2026-08-07 13:27:11 13:27:11,01:28:24,,,,
2026-08-07 14:37:24,83.4,75.6,69.7,29.21,675,29.21,0.0,90.1,72.5,308,83.3,session,"Session - Aug 7, 2026 13:27:11",2026-08-07 13:27:11 13:27:11,01:28:24,,,,
2026-08-07 14:37:29,83.4,75.6,69.6,29.21,678,29.21,0.0,90.0,72.4,307,83.3,session,"Session - Aug 7, 2026 13:27:11",2026-08-07 13:27:11 13:27:11,01:28:24,,,,
2026-08-07 14:37:34,83.4,75.4,69.2,29.21,678,29.21,0.0,90.0,72.2,307,83.3,session,"Session - Aug 7, 2026 13:27:11",2026-08-07 13:27:11 13:27:11,01:28:24,,,,
2026-08-07 14:37:39,83.4,75.2,69.0,29.21,675,29.21,0.0,90.0,72.2,307,83.3,session,"Session - Aug 7, 2026 13:27:11",2026-08-07 13:27:11 13:27:11,01:28:24,,,,
2026-08-07 14:37:44,83.4,75.0,68.8,29.20,678,29.20,0.0,89.8,72.0,307,83.3,session,"Session - Aug 7, 2026 13:27:11",2026-08-07 13:27:11 13:27:11,01:28:24,,,,
2026-08-07 14:37:49,83.4,75.0,68.6,29.20,678,29.20,0.0,89.8,72.0,308,83.3,session,"Session - Aug 7, 2026 13:27:11",2026-08-07 13:27:11 13:27:11,01:28:24,,,,
2026-08-07 14:37:54,83.4,75.0,68.6,29.20,681,29.20,0.0,89.8,71.9,307,83.3,session,"Session - Aug 7, 2026 13:27:11",2026-08-07 13:27:11 13:27:11,01:28:24,,,,
2026-08-07 14:37:59,83.3,75.0,68.6,29.20,681,29.20,0.0,89.8,71.9,309,83.3,session,"Session - Aug 7, 2026 13:27:11",2026-08-07 13:27:11 13:27:11,01:28:24,,,,
2026-08-07 14:38:04,83.3,75.0,68.6,29.20,683,29.20,0.0,89.8,71.9,308,83.3,session,"Session - Aug 7, 2026 13:27:11",2026-08-07 13:27:11 13:27:11,01:28:24,,,,
2026-08-07 14:38:09,83.2,74.8,68.6,29.20,683,29.20,0.0,89.2,71.8,307,83.1,session,"Session - Aug 7, 2026 13:27:11",2026-08-07 13:27:11 13:27:11,01:28:24,,,,
2026-08-07 14:38:14,83.2,74.8,68.6,29.20,683,29.20,0.0,89.2,71.8,308,83.1,session,"Session - Aug 7, 2026 13:27:11",2026-08-07 13:27:11 13:27:11,01:28:24,,,,
2026-08-07 14:38:19,83.4,75.0,68.6,29.20,683,29.20,0.0,89.8,72.0,308,83.3,session,"Session - Aug 7, 2026 13:27:11",2026-08-07 13:27:11 13:27:11,01:28:24,,,,
2026-08-07 14:38:24,83.2,74.8,68.6,29.20,686,29.20,0.0,89.2,71.8,308,83.1,session,"Session - Aug 7, 2026 13:27:11",2026-08-07 13:27:11 13:27:11,01:28:24,,,,
2026-08-07 14:38:29,83.2,74.8,68.7,29.20,686,29.20,0.0,89.2,71.8,307,83.1,session,"Session - Aug 7, 2026 13:27:11",2026-08-07 13:27:11 13:27:11,01:28:24,,,,
2026-08-07 14:38:34,83.2,75.0,69.1,29.20,686,29.20,0.0,89.4,72.0,307,83.1,session,"Session - Aug 7, 2026 13:27:11",2026-08-07 13:27:11 13:27:11,01:28:24,,,,
2026-08-07 14:38:39,83.2,75.0,69.4,29.19,686,29.19,0.0,89.4,72.1,308,83.1,session,"Session - Aug 7, 2026 13:27:11",2026-08-07 13:27:11 13:27:11,01:28:24,,,,
2026-08-07 14:38:44,83.1,75.0,69.7,29.19,689,29.19,0.0,89.6,72.2,308,83.1,session,"Session - Aug 7, 2026 13:27:11",2026-08-07 13:27:11 13:27:11,01:28:24,,,,
2026-08-07 14:38:49,83.1,75.0,69.8,29.19,689,29.19,0.0,89.2,72.2,308,82.9,session,"Session - Aug 7, 2026 13:27:11",2026-08-07 13:27:11 13:27:11,01:28:24,,,,
2026-08-07 14:38:54,83.2,75.2,69.7,29.19,689,29.19,0.8,89.6,72.2,311,83.1,session,"Session - Aug 7, 2026 13:27:11",2026-08-07 13:27:11 13:27:11,01:28:24,,,,
2026-08-07 14:38:59,83.1,75.0,69.4,29.19,689,29.19,0.0,89.1,72.0,311,82.9,session,"Session - Aug 7, 2026 13:27:11",2026-08-07 13:27:11 13:27:11,01:28:24,,,,
2026-08-07 14:39:04,82.9,75.0,69.4,29.19,693,29.19,0.0,89.1,71.9,310,82.9,session,"Session - Aug 7, 2026 13:27:11",2026-08-07 13:27:11 13:27:11,01:28:24,,,,
2026-08-07 14:39:09,83.2,75.0,69.4,29.19,686,29.19,0.0,89.4,72.1,311,83.1,session,"Session - Aug 7, 2026 13:27:11",2026-08-07 13:27:11 13:27:11,01:28:24,,,,
2026-08-07 14:39:14,83.3,75.2,69.5,29.19,689,29.19,0.0,90.0,72.3,310,83.3,session,"Session - Aug 7, 2026 13:27:11",2026-08-07 13:27:11 13:27:11,01:28:24,,,,
2026-08-07 14:39:19,83.4,75.6,69.7,29.19,686,29.19,0.0,90.1,72.4,311,83.3,session,"Session - Aug 7, 2026 13:27:11",2026-08-07 13:27:11 13:27:11,01:28:24,,,,
2026-08-07 14:39:24,83.5,75.6,69.8,29.19,689,29.19,0.0,90.1,72.6,310,83.3,session,"Session - Aug 7, 2026 13:27:11",2026-08-07 13:27:11 13:27:11,01:28:24,,,,
2026-08-07 14:39:29,83.4,75.6,69.8,29.19,689,29.19,0.0,90.1,72.5,310,83.3,session,"Session - Aug 7, 2026 13:27:11",2026-08-07 13:27:11 13:27:11,01:28:24,,,,
2026-08-07 14:39:34,83.5,75.6,69.6,29.19,689,29.19,0.0,90.1,72.5,310,83.3,session,"Session - Aug 7, 2026 13:27:11",2026-08-07 13:27:11 13:27:11,01:28:24,,,,
2026-08-07 14:39:39,83.6,75.6,69.4,29.19,689,29.19,0.0,90.3,72.5,311,83.5,session,"Session - Aug 7, 2026 13:27:11",2026-08-07 13:27:11 13:27:11,01:28:24,,,,
2026-08-07 14:39:44,83.6,75.6,69.3,29.19,686,29.19,0.0,90.3,72.4,311,83.5,session,"Session - Aug 7, 2026 13:27:11",2026-08-07 13:27:11 13:27:11,01:28:24,,,,
2026-08-07 14:39:49,83.5,75.6,69.5,29.19,689,29.19,0.0,90.3,72.5,310,83.5,session,"Session - Aug 7, 2026 13:27:11",2026-08-07 13:27:11 13:27:11,01:28:24,,,,
2026-08-07 14:39:54,83.4,75.6,69.7,29.19,686,29.19,0.0,90.1,72.5,310,83.3,session,"Session - Aug 7, 2026 13:27:11",2026-08-07 13:27:11 13:27:11,01:28:24,,,,
2026-08-07 14:39:59,83.4,75.4,69.8,29.20,686,29.20,0.0,90.1,72.4,311,83.3,session,"Session - Aug 7, 2026 13:27:11",2026-08-07 13:27:11 13:27:11,01:28:24,,,,
2026-08-07 14:40:04,83.4,75.4,69.7,29.19,686,29.19,0.0,90.1,72.4,312,83.3,session,"Session - Aug 7, 2026 13:27:11",2026-08-07 13:27:11 13:27:11,01:28:24,,,,
2026-08-07 14:40:09,83.3,75.2,69.6,29.20,686,29.20,0.0,90.1,72.3,311,83.3,session,"Session - Aug 7, 2026 13:27:11",2026-08-07 13:27:11 13:27:11,01:28:24,,,,
2026-08-07 14:40:14,83.3,75.2,69.6,29.20,683,29.20,0.0,89.6,72.3,311,83.1,session,"Session - Aug 7, 2026 13:27:11",2026-08-07 13:27:11 13:27:11,01:28:24,,,,
2026-08-07 14:40:19,83.4,75.6,69.8,29.20,683,29.20,0.0,90.1,72.5,311,83.3,session,"Session - Aug 7, 2026 13:27:11",2026-08-07 13:27:11 13:27:11,01:28:24,,,,
2026-08-07 14:40:24,83.2,75.2,69.9,29.20,683,29.20,0.0,89.8,72.4,311,83.1,session,"Session - Aug 7, 2026 13:27:11",2026-08-07 13:27:11 13:27:11,01:28:24,,,,
2026-08-07 14:40:29,83.2,75.4,70.1,29.20,683,29.20,0.0,89.8,72.4,311,83.1,session,"Session - Aug 7, 2026 13:27:11",2026-08-07 13:27:11 13:27:11,01:28:24,,,,
2026-08-07 14:40:34,83.2,75.4,70.4,29.20,683,29.20,0.0,90.0,72.6,310,83.1,session,"Session - Aug 7, 2026 13:27:11",2026-08-07 13:27:11 13:27:11,01:28:24,,,,
2026-08-07 14:40:39,83.2,75.4,70.4,29.20,683,29.20,0.0,90.0,72.6,312,83.1,session,"Session - Aug 7, 2026 13:27:11",2026-08-07 13:27:11 13:27:11,01:28:24,,,,
2026-08-07 14:40:44,83.2,75.4,70.3,29.20,683,29.20,0.0,89.8,72.5,314,83.1,session,"Session - Aug 7, 2026 13:27:11",2026-08-07 13:27:11 13:27:11,01:28:24,,,,
2026-08-07 14:40:49,83.2,75.4,70.2,29.20,686,29.20,0.0,89.8,72.4,314,83.1,session,"Session - Aug 7, 2026 13:27:11",2026-08-07 13:27:11 13:27:11,01:28:24,,,,
2026-08-07 14:40:54,83.2,75.2,69.9,29.20,686,29.20,0.0,89.8,72.4,314,83.1,session,"Session - Aug 7, 2026 13:27:11",2026-08-07 13:27:11 13:27:11,01:28:24,,,,
2026-08-07 14:40:59,83.2,75.2,69.9,29.19,689,29.19,0.0,89.8,72.4,314,83.1,session,"Session - Aug 7, 2026 13:27:11",2026-08-07 13:27:11 13:27:11,01:28:24,,,,
2026-08-07 14:41:04,83.2,75.2,69.9,29.19,686,29.19,0.8,89.8,72.4,314,83.1,session,"Session - Aug 7, 2026 13:27:11",2026-08-07 13:27:11 13:27:11,01:28:24,,,,
2026-08-07 14:41:09,83.2,75.2,70.0,29.19,686,29.19,0.0,89.8,72.4,314,83.1,session,"Session - Aug 7, 2026 13:27:11",2026-08-07 13:27:11 13:27:11,01:28:24,,,,
2026-08-07 14:41:14,83.1,75.2,70.2,29.19,689,29.19,0.0,89.2,72.3,314,82.9,session,"Session - Aug 7, 2026 13:27:11",2026-08-07 13:27:11 13:27:11,01:28:24,,,,
2026-08-07 14:41:19,83.0,75.0,70.0,29.19,693,29.19,0.0,89.2,72.2,314,82.9,session,"Session - Aug 7, 2026 13:27:11",2026-08-07 13:27:11 13:27:11,01:28:24,,,,
2026-08-07 14:41:24,82.9,74.8,69.2,29.19,689,29.19,0.0,89.1,71.8,314,82.9,session,"Session - Aug 7, 2026 13:27:11",2026-08-07 13:27:11 13:27:11,01:28:24,,,,
2026-08-07 14:41:29,82.9,74.7,68.8,29.19,693,29.19,0.0,88.5,71.6,314,82.9,session,"Session - Aug 7, 2026 13:27:11",2026-08-07 13:27:11 13:27:11,01:28:24,,,,
2026-08-07 14:41:34,82.9,74.7,68.6,29.19,693,29.19,0.0,88.5,71.5,314,82.9,session,"Session - Aug 7, 2026 13:27:11",2026-08-07 13:27:11 13:27:11,01:28:24,,,,
2026-08-07 14:41:39,83.0,74.7,68.7,29.18,694,29.18,0.0,88.9,71.6,314,82.9,session,"Session - Aug 7, 2026 13:27:11",2026-08-07 13:27:11 13:27:11,01:28:24,,,,
2026-08-07 14:41:44,82.9,75.0,69.5,29.19,694,29.19,0.0,89.1,71.9,314,82.9,session,"Session - Aug 7, 2026 13:27:11",2026-08-07 13:27:11 13:27:11,01:28:24,,,,
2026-08-07 14:41:49,82.8,74.8,69.9,29.19,694,29.19,0.0,88.9,72.0,314,82.8,session,"Session - Aug 7, 2026 13:27:11",2026-08-07 13:27:11 13:27:11,01:28:24,,,,
2026-08-07 14:41:54,83.0,75.0,69.8,29.19,694,29.19,0.0,89.2,72.1,314,82.9,session,"Session - Aug 7, 2026 13:27:11",2026-08-07 13:27:11 13:27:11,01:28:24,,,,
2026-08-07 14:41:59,82.9,75.0,69.8,29.18,698,29.18,0.0,89.2,72.1,314,82.9,session,"Session - Aug 7, 2026 13:27:11",2026-08-07 13:27:11 13:27:11,01:28:24,,,,
2026-08-07 14:42:04,83.0,75.0,70.0,29.18,701,29.18,0.0,89.2,72.2,314,82.9,session,"Session - Aug 7, 2026 13:27:11",2026-08-07 13:27:11 13:27:11,01:28:24,,,,
2026-08-07 14:42:09,83.0,75.2,70.2,29.18,698,29.18,0.0,89.2,72.3,314,82.9,session,"Session - Aug 7, 2026 13:27:11",2026-08-07 13:27:11 13:27:11,01:28:24,,,,
2026-08-07 14:42:14,83.0,75.2,70.2,29.18,701,29.18,0.0,89.2,72.3,314,82.9,session,"Session - Aug 7, 2026 13:27:11",2026-08-07 13:27:11 13:27:11,01:28:24,,,,
2026-08-07 14:42:19,83.1,75.2,69.9,29.18,701,29.18,0.0,89.2,72.2,314,82.9,session,"Session - Aug 7, 2026 13:27:11",2026-08-07 13:27:11 13:27:11,01:28:24,,,,
2026-08-07 14:42:24,83.1,75.0,69.5,29.18,701,29.18,0.0,89.6,72.1,314,83.1,session,"Session - Aug 7, 2026 13:27:11",2026-08-07 13:27:11 13:27:11,01:28:24,,,,
2026-08-07 14:42:29,83.1,75.0,69.3,29.18,701,29.18,0.0,89.4,72.0,314,83.1,session,"Session - Aug 7, 2026 13:27:11",2026-08-07 13:27:11 13:27:11,01:28:24,,,,
2026-08-07 14:42:34,83.2,75.0,69.3,29.18,701,29.18,0.0,89.4,72.1,314,83.1,session,"Session - Aug 7, 2026 13:27:11",2026-08-07 13:27:11 13:27:11,01:28:24,,,,
2026-08-07 14:42:39,83.2,75.0,69.3,29.18,701,29.18,0.0,89.4,72.1,314,83.1,session,"Session - Aug 7, 2026 13:27:11",2026-08-07 13:27:11 13:27:11,01:28:24,,,,
2026-08-07 14:42:44,83.1,75.0,69.3,29.18,701,29.18,0.0,89.4,72.0,314,83.1,session,"Session - Aug 7, 2026 13:27:11",2026-08-07 13:27:11 13:27:11,01:28:24,,,,
2026-08-07 14:42:49,83.1,75.0,69.3,29.18,703,29.18,0.0,89.4,72.1,314,83.1,session,"Session - Aug 7, 2026 13:27:11",2026-08-07 13:27:11 13:27:11,01:28:24,,,,
2026-08-07 14:42:54,83.1,75.0,69.2,29.18,701,29.18,0.0,89.4,72.0,314,83.1,session,"Session - Aug 7, 2026 13:27:11",2026-08-07 13:27:11 13:27:11,01:28:24,,,,
2026-08-07 14:42:59,83.2,75.0,69.1,29.18,701,29.18,0.0,89.4,72.0,315,83.1,session,"Session - Aug 7, 2026 13:27:11",2026-08-07 13:27:11 13:27:11,01:28:24,,,,
2026-08-07 14:43:04,83.2,75.0,68.9,29.18,703,29.18,0.0,89.2,71.9,315,83.1,session,"Session - Aug 7, 2026 13:27:11",2026-08-07 13:27:11 13:27:11,01:28:24,,,,
2026-08-07 14:43:09,83.3,75.0,68.8,29.18,703,29.18,0.9,89.2,71.9,315,83.1,session,"Session - Aug 7, 2026 13:27:11",2026-08-07 13:27:11 13:27:11,01:28:24,,,,
2026-08-07 14:43:14,83.3,74.8,68.4,29.18,701,29.18,2.0,89.8,71.8,315,83.3,session,"Session - Aug 7, 2026 13:27:11",2026-08-07 13:27:11 13:27:11,01:28:24,,,,
2026-08-07 14:43:19,83.4,74.8,68.1,29.18,703,29.18,2.5,89.6,71.7,315,83.3,session,"Session - Aug 7, 2026 13:27:11",2026-08-07 13:27:11 13:27:11,01:28:24,,,,
2026-08-07 14:43:24,83.4,74.7,67.9,29.18,703,29.18,2.7,89.4,71.6,315,83.3,session,"Session - Aug 7, 2026 13:27:11",2026-08-07 13:27:11 13:27:11,01:28:24,,,,
2026-08-07 14:43:29,83.4,74.8,67.8,29.18,703,29.18,2.7,89.4,71.7,315,83.3,session,"Session - Aug 7, 2026 13:27:11",2026-08-07 13:27:11 13:27:11,01:28:24,,,,
2026-08-07 14:43:34,83.5,74.8,67.7,29.18,703,29.18,3.0,90.0,71.7,315,83.5,session,"Session - Aug 7, 2026 13:27:11",2026-08-07 13:27:11 13:27:11,01:28:24,,,,
2026-08-07 14:43:39,83.7,75.0,67.8,29.18,703,29.18,2.1,90.3,71.9,315,83.7,session,"Session - Aug 7, 2026 13:27:11",2026-08-07 13:27:11 13:27:11,01:28:24,,,,
2026-08-07 14:43:44,83.8,75.2,68.0,29.18,703,29.18,1.4,90.3,72.1,315,83.8,session,"Session - Aug 7, 2026 13:27:11",2026-08-07 13:27:11 13:27:11,01:28:24,,,,
2026-08-07 14:43:49,83.9,75.6,68.6,29.18,703,29.18,1.0,91.0,72.5,315,83.8,session,"Session - Aug 7, 2026 13:27:11",2026-08-07 13:27:11 13:27:11,01:28:24,,,,
2026-08-07 14:43:54,84.0,75.7,69.0,29.18,703,29.18,1.3,91.2,72.7,315,83.8,session,"Session - Aug 7, 2026 13:27:11",2026-08-07 13:27:11 13:27:11,01:28:24,,,,
2026-08-07 14:43:59,83.9,75.7,68.8,29.18,703,29.18,3.2,91.0,72.6,315,83.8,session,"Session - Aug 7, 2026 13:27:11",2026-08-07 13:27:11 13:27:11,01:28:24,,,,
2026-08-07 14:44:04,83.9,75.4,68.4,29.18,703,29.18,3.5,91.0,72.3,315,83.8,session,"Session - Aug 7, 2026 13:27:11",2026-08-07 13:27:11 13:27:11,01:28:24,,,,
2026-08-07 14:44:09,83.8,75.2,68.1,29.18,706,29.18,3.1,90.3,72.1,315,83.7,session,"Session - Aug 7, 2026 13:27:11",2026-08-07 13:27:11 13:27:11,01:28:24,,,,
2026-08-07 14:44:14,83.7,75.0,67.7,29.18,706,29.18,3.8,90.3,71.9,315,83.7,session,"Session - Aug 7, 2026 13:27:11",2026-08-07 13:27:11 13:27:11,01:28:24,,,,
2026-08-07 14:44:19,83.7,75.0,67.5,29.18,703,29.18,3.4,90.1,71.7,315,83.7,session,"Session - Aug 7, 2026 13:27:11",2026-08-07 13:27:11 13:27:11,01:28:24,,,,
2026-08-07 14:44:24,83.6,74.8,67.3,29.18,706,29.18,3.5,89.8,71.6,315,83.5,session,"Session - Aug 7, 2026 13:27:11",2026-08-07 13:27:11 13:27:11,01:28:24,,,,
2026-08-07 14:44:29,83.5,74.8,67.2,29.18,706,29.18,4.4,89.8,71.5,315,83.5,session,"Session - Aug 7, 2026 13:27:11",2026-08-07 13:27:11 13:27:11,01:28:24,,,,
2026-08-07 14:44:34,83.6,74.8,67.1,29.18,706,29.18,3.1,89.6,71.6,315,83.5,session,"Session - Aug 7, 2026 13:27:11",2026-08-07 13:27:11 13:27:11,01:28:24,,,,
2026-08-07 14:44:39,83.5,74.7,67.0,29.18,703,29.18,3.6,89.6,71.4,315,83.5,session,"Session - Aug 7, 2026 13:27:11",2026-08-07 13:27:11 13:27:11,01:28:24,,,,
2026-08-07 14:44:44,83.6,74.8,66.7,29.18,706,29.18,3.1,89.4,71.3,315,83.5,session,"Session - Aug 7, 2026 13:27:11",2026-08-07 13:27:11 13:27:11,01:28:24,,,,
2026-08-07 14:44:49,83.7,74.8,66.5,29.18,706,29.18,2.2,90.0,71.3,315,83.7,session,"Session - Aug 7, 2026 13:27:11",2026-08-07 13:27:11 13:27:11,01:28:24,,,,
2026-08-07 14:44:54,83.7,74.7,66.4,29.18,706,29.18,2.5,90.0,71.3,315,83.7,session,"Session - Aug 7, 2026 13:27:11",2026-08-07 13:27:11 13:27:11,01:28:24,,,,
2026-08-07 14:44:59,83.6,74.7,66.4,29.18,706,29.18,3.2,89.4,71.2,315,83.5,session,"Session - Aug 7, 2026 13:27:11",2026-08-07 13:27:11 13:27:11,01:28:24,,,,
2026-08-07 14:45:04,83.6,74.7,66.4,29.18,706,29.18,3.0,89.4,71.2,315,83.5,session,"Session - Aug 7, 2026 13:27:11",2026-08-07 13:27:11 13:27:11,01:28:24,,,,
2026-08-07 14:45:09,83.5,74.7,66.4,29.18,703,29.18,2.9,89.4,71.2,315,83.5,session,"Session - Aug 7, 2026 13:27:11",2026-08-07 13:27:11 13:27:11,01:28:24,,,,
2026-08-07 14:45:14,83.5,74.7,66.5,29.18,701,29.18,4.0,89.4,71.2,315,83.5,session,"Session - Aug 7, 2026 13:27:11",2026-08-07 13:27:11 13:27:11,01:28:24,,,,
2026-08-07 14:45:19,83.5,74.7,66.5,29.18,701,29.18,2.9,89.4,71.2,313,83.5,session,"Session - Aug 7, 2026 13:27:11",2026-08-07 13:27:11 13:27:11,01:28:24,,,,
2026-08-07 14:45:24,83.6,74.8,66.7,29.18,701,29.18,1.5,89.4,71.4,314,83.5,session,"Session - Aug 7, 2026 13:27:11",2026-08-07 13:27:11 13:27:11,01:28:24,,,,
2026-08-07 14:45:29,83.7,74.8,66.8,29.18,701,29.18,0.9,90.0,71.5,314,83.7,session,"Session - Aug 7, 2026 13:27:11",2026-08-07 13:27:11 13:27:11,01:28:24,,,,
2026-08-07 14:45:34,83.8,74.8,66.9,29.18,701,29.18,1.6,90.0,71.6,313,83.7,session,"Session - Aug 7, 2026 13:27:11",2026-08-07 13:27:11 13:27:11,01:28:24,,,,
2026-08-07 14:45:39,83.8,74.8,67.0,29.18,698,29.18,0.9,90.1,71.6,311,83.7,session,"Session - Aug 7, 2026 13:27:11",2026-08-07 13:27:11 13:27:11,01:28:24,,,,
2026-08-07 14:45:44,83.9,75.2,67.3,29.18,701,29.18,0.8,90.5,71.9,312,83.8,session,"Session - Aug 7, 2026 13:27:11",2026-08-07 13:27:11 13:27:11,01:28:24,,,,
2026-08-07 14:45:49,83.9,75.2,67.5,29.18,698,29.18,0.9,90.5,72.0,311,83.8,session,"Session - Aug 7, 2026 13:27:11",2026-08-07 13:27:11 13:27:11,01:28:24,,,,
2026-08-07 14:45:54,83.9,75.4,67.6,29.18,701,29.18,0.0,90.7,72.1,311,83.8,session,"Session - Aug 7, 2026 13:27:11",2026-08-07 13:27:11 13:27:11,01:28:24,,,,
2026-08-07 14:45:59,83.9,75.4,67.6,29.18,701,29.18,0.0,90.7,72.1,311,83.8,session,"Session - Aug 7, 2026 13:27:11",2026-08-07 13:27:11 13:27:11,01:28:24,,,,
2026-08-07 14:46:04,84.0,75.4,67.6,29.18,701,29.18,0.0,90.7,72.1,311,83.8,session,"Session - Aug 7, 2026 13:27:11",2026-08-07 13:27:11 13:27:11,01:28:24,,,,
2026-08-07 14:46:09,83.8,75.0,67.5,29.18,701,29.18,2.0,90.1,71.9,311,83.7,session,"Session - Aug 7, 2026 13:27:11",2026-08-07 13:27:11 13:27:11,01:28:24,,,,
2026-08-07 14:46:14,83.5,74.7,67.1,29.18,698,29.18,1.4,89.6,71.4,312,83.5,session,"Session - Aug 7, 2026 13:27:11",2026-08-07 13:27:11 13:27:11,01:28:24,,,,
2026-08-07 14:46:19,83.5,74.7,66.9,29.18,698,29.18,0.8,89.6,71.3,311,83.5,session,"Session - Aug 7, 2026 13:27:11",2026-08-07 13:27:11 13:27:11,01:28:24,,,,
2026-08-07 14:46:24,83.5,74.7,66.9,29.18,701,29.18,0.0,89.6,71.3,312,83.5,session,"Session - Aug 7, 2026 13:27:11",2026-08-07 13:27:11 13:27:11,01:28:24,,,,
2026-08-07 14:46:29,83.6,74.8,67.0,29.18,698,29.18,0.0,89.6,71.4,311,83.5,session,"Session - Aug 7, 2026 13:27:11",2026-08-07 13:27:11 13:27:11,01:28:24,,,,
2026-08-07 14:46:34,83.6,74.8,67.3,29.18,698,29.18,0.0,89.8,71.6,311,83.5,session,"Session - Aug 7, 2026 13:27:11",2026-08-07 13:27:11 13:27:11,01:28:24,,,,
2026-08-07 14:46:39,83.5,74.8,67.5,29.18,701,29.18,0.0,90.0,71.7,311,83.5,session,"Session - Aug 7, 2026 13:27:11",2026-08-07 13:27:11 13:27:11,01:28:24,,,,
2026-08-07 14:46:44,83.8,75.2,68.0,29.18,701,29.18,0.0,90.3,72.1,311,83.7,session,"Session - Aug 7, 2026 13:27:11",2026-08-07 13:27:11 13:27:11,01:28:24,,,,
2026-08-07 14:46:49,83.8,75.4,68.3,29.18,698,29.18,0.0,90.5,72.2,312,83.8,session,"Session - Aug 7, 2026 13:27:11",2026-08-07 13:27:11 13:27:11,01:28:24,,,,
2026-08-07 14:46:54,83.9,75.4,68.4,29.18,701,29.18,0.0,91.0,72.4,311,83.8,session,"Session - Aug 7, 2026 13:27:11",2026-08-07 13:27:11 13:27:11,01:28:24,,,,
2026-08-07 14:46:59,84.0,75.6,68.4,29.18,698,29.18,0.0,91.4,72.5,311,84.0,session,"Session - Aug 7, 2026 13:27:11",2026-08-07 13:27:11 13:27:11,01:28:24,,,,
2026-08-07 14:47:04,84.1,75.7,68.6,29.18,698,29.18,0.0,91.4,72.6,311,84.0,session,"Session - Aug 7, 2026 13:27:11",2026-08-07 13:27:11 13:27:11,01:28:24,,,,
2026-08-07 14:47:09,84.2,75.7,68.5,29.18,698,29.18,0.0,91.8,72.7,311,84.2,session,"Session - Aug 7, 2026 13:27:11",2026-08-07 13:27:11 13:27:11,01:28:24,,,,
2026-08-07 14:47:14,84.4,75.7,68.0,29.18,701,29.18,0.8,92.1,72.7,311,84.4,session,"Session - Aug 7, 2026 13:27:11",2026-08-07 13:27:11 13:27:11,01:28:24,,,,
2026-08-07 14:47:19,84.4,75.7,67.7,29.18,698,29.18,0.0,91.9,72.6,312,84.4,session,"Session - Aug 7, 2026 13:27:11",2026-08-07 13:27:11 13:27:11,01:28:24,,,,
2026-08-07 14:47:24,84.4,75.7,67.6,29.18,698,29.18,0.0,91.9,72.5,311,84.4,session,"Session - Aug 7, 2026 13:27:11",2026-08-07 13:27:11 13:27:11,01:28:24,,,,
2026-08-07 14:47:29,84.5,75.7,67.8,29.18,701,29.18,0.0,91.9,72.7,310,84.4,session,"Session - Aug 7, 2026 13:27:11",2026-08-07 13:27:11 13:27:11,01:28:24,,,,
2026-08-07 14:47:34,84.5,75.9,68.0,29.18,698,29.18,0.0,92.1,72.8,310,84.4,session,"Session - Aug 7, 2026 13:27:11",2026-08-07 13:27:11 13:27:11,01:28:24,,,,
2026-08-07 14:47:39,84.7,76.1,68.0,29.18,698,29.18,1.0,92.5,73.0,311,84.6,session,"Session - Aug 7, 2026 13:27:11",2026-08-07 13:27:11 13:27:11,01:28:24,,,,
2026-08-07 14:47:44,84.7,75.9,67.7,29.18,698,29.18,0.0,92.5,72.8,311,84.6,session,"Session - Aug 7, 2026 13:27:11",2026-08-07 13:27:11 13:27:11,01:28:24,,,,
2026-08-07 14:47:49,84.7,75.9,67.3,29.18,698,29.18,0.0,92.3,72.6,311,84.6,session,"Session - Aug 7, 2026 13:27:11",2026-08-07 13:27:11 13:27:11,01:28:24,,,,
2026-08-07 14:47:54,84.6,75.6,66.7,29.18,698,29.18,0.0,91.9,72.3,311,84.6,session,"Session - Aug 7, 2026 13:27:11",2026-08-07 13:27:11 13:27:11,01:28:24,,,,
2026-08-07 14:47:59,84.5,75.4,66.6,29.18,701,29.18,0.0,91.6,72.1,311,84.4,session,"Session - Aug 7, 2026 13:27:11",2026-08-07 13:27:11 13:27:11,01:28:24,,,,
2026-08-07 14:48:04,84.4,75.4,66.9,29.18,698,29.18,0.0,91.6,72.2,311,84.4,session,"Session - Aug 7, 2026 13:27:11",2026-08-07 13:27:11 13:27:11,01:28:24,,,,
2026-08-07 14:48:09,84.4,75.6,67.1,29.18,698,29.18,0.0,91.4,72.2,311,84.4,session,"Session - Aug 7, 2026 13:27:11",2026-08-07 13:27:11 13:27:11,01:28:24,,,,
2026-08-07 14:48:14,84.4,75.6,67.2,29.18,698,29.18,0.0,91.4,72.3,311,84.2,session,"Session - Aug 7, 2026 13:27:11",2026-08-07 13:27:11 13:27:11,01:28:24,,,,
2026-08-07 14:48:19,84.4,75.6,67.0,29.18,701,29.18,0.0,91.8,72.2,311,84.4,session,"Session - Aug 7, 2026 13:27:11",2026-08-07 13:27:11 13:27:11,01:28:24,,,,
2026-08-07 14:48:24,84.2,75.0,66.5,29.18,701,29.18,0.8,91.2,71.8,311,84.2,session,"Session - Aug 7, 2026 13:27:11",2026-08-07 13:27:11 13:27:11,01:28:24,,,,
2026-08-07 14:48:29,84.3,75.0,66.2,29.18,701,29.18,0.0,91.0,71.7,310,84.2,session,"Session - Aug 7, 2026 13:27:11",2026-08-07 13:27:11 13:27:11,01:28:24,,,,
2026-08-07 14:48:34,84.3,75.0,65.9,29.18,703,29.18,0.0,90.9,71.6,311,84.2,session,"Session - Aug 7, 2026 13:27:11",2026-08-07 13:27:11 13:27:11,01:28:24,,,,
2026-08-07 14:48:39,84.3,75.0,65.8,29.18,703,29.18,0.0,90.9,71.6,310,84.2,session,"Session - Aug 7, 2026 13:27:11",2026-08-07 13:27:11 13:27:11,01:28:24,,,,
2026-08-07 14:48:44,84.4,75.2,65.8,29.18,703,29.18,0.0,91.4,71.7,311,84.4,session,"Session - Aug 7, 2026 13:27:11",2026-08-07 13:27:11 13:27:11,01:28:24,,,,
2026-08-07 14:48:49,84.5,75.2,65.8,29.18,703,29.18,0.0,91.4,71.8,311,84.4,session,"Session - Aug 7, 2026 13:27:11",2026-08-07 13:27:11 13:27:11,01:28:24,,,,
2026-08-07 14:48:54,84.6,75.4,65.9,29.17,706,29.17,0.0,91.8,71.9,311,84.6,session,"Session - Aug 7, 2026 13:27:11",2026-08-07 13:27:11 13:27:11,01:28:24,,,,
2026-08-07 14:48:59,84.6,75.4,65.9,29.17,706,29.17,0.0,91.8,71.9,310,84.6,session,"Session - Aug 7, 2026 13:27:11",2026-08-07 13:27:11 13:27:11,01:28:24,,,,
2026-08-07 14:49:04,84.6,75.4,65.8,29.17,709,29.17,0.0,91.8,71.9,310,84.6,session,"Session - Aug 7, 2026 13:27:11",2026-08-07 13:27:11 13:27:11,01:28:24,,,,
2026-08-07 14:49:09,84.6,75.4,65.8,29.17,709,29.17,0.8,91.8,71.9,311,84.6,session,"Session - Aug 7, 2026 13:27:11",2026-08-07 13:27:11 13:27:11,01:28:24,,,,
2026-08-07 14:49:14,84.5,75.2,65.8,29.17,710,29.17,1.4,91.4,71.8,310,84.4,session,"Session - Aug 7, 2026 13:27:11",2026-08-07 13:27:11 13:27:11,01:28:24,,,,
2026-08-07 14:49:19,84.7,75.4,65.8,29.17,710,29.17,1.3,91.8,72.0,310,84.6,session,"Session - Aug 7, 2026 13:27:11",2026-08-07 13:27:11 13:27:11,01:28:24,,,,
2026-08-07 14:49:24,84.4,75.2,65.8,29.17,710,29.17,0.8,91.4,71.7,309,84.4,session,"Session - Aug 7, 2026 13:27:11",2026-08-07 13:27:11 13:27:11,01:28:24,,,,
2026-08-07 14:49:29,84.4,75.2,66.0,29.17,713,29.17,0.0,91.4,71.8,310,84.4,session,"Session - Aug 7, 2026 13:27:11",2026-08-07 13:27:11 13:27:11,01:28:24,,,,
2026-08-07 14:49:34,84.5,75.4,66.4,29.17,713,29.17,0.0,91.6,72.1,309,84.4,session,"Session - Aug 7, 2026 13:27:11",2026-08-07 13:27:11 13:27:11,01:28:24,,,,
2026-08-07 14:49:39,84.5,75.4,66.6,29.16,713,29.16,0.0,91.6,72.1,309,84.4,session,"Session - Aug 7, 2026 13:27:11",2026-08-07 13:27:11 13:27:11,01:28:24,,,,
2026-08-07 14:49:44,84.5,75.4,66.7,29.16,713,29.16,0.0,91.6,72.1,309,84.4,session,"Session - Aug 7, 2026 13:27:11",2026-08-07 13:27:11 13:27:11,01:28:24,,,,
2026-08-07 14:49:49,84.5,75.4,66.5,29.17,710,29.17,0.0,91.6,72.1,308,84.4,session,"Session - Aug 7, 2026 13:27:11",2026-08-07 13:27:11 13:27:11,01:28:24,,,,
2026-08-07 14:49:54,84.3,75.4,66.4,29.17,710,29.17,0.0,91.0,71.9,309,84.2,session,"Session - Aug 7, 2026 13:27:11",2026-08-07 13:27:11 13:27:11,01:28:24,,,,
2026-08-07 14:49:59,84.3,75.4,66.3,29.17,713,29.16,0.0,91.0,71.9,309,84.2,session,"Session - Aug 7, 2026 13:27:11",2026-08-07 13:27:11 13:27:11,01:28:24,,,,
2026-08-07 14:50:04,84.3,75.2,66.2,29.17,713,29.16,0.0,91.0,71.8,309,84.2,session,"Session - Aug 7, 2026 13:27:11",2026-08-07 13:27:11 13:27:11,01:28:24,,,,
2026-08-07 14:50:09,84.3,75.2,66.0,29.17,713,29.17,0.0,90.9,71.7,309,84.2,session,"Session - Aug 7, 2026 13:27:11",2026-08-07 13:27:11 13:27:11,01:28:24,,,,
2026-08-07 14:50:14,84.1,74.8,65.6,29.17,710,29.17,0.8,90.5,71.3,307,84.0,session,"Session - Aug 7, 2026 13:27:11",2026-08-07 13:27:11 13:27:11,01:28:24,,,,
2026-08-07 14:50:19,83.9,74.5,65.2,29.17,713,29.17,1.0,89.8,70.9,308,83.8,session,"Session - Aug 7, 2026 13:27:11",2026-08-07 13:27:11 13:27:11,01:28:24,,,,
2026-08-07 14:50:24,83.9,74.5,64.9,29.16,713,29.16,0.0,89.8,70.9,307,83.8,session,"Session - Aug 7, 2026 13:27:11",2026-08-07 13:27:11 13:27:11,01:28:24,,,,
2026-08-07 14:50:29,84.0,74.5,64.9,29.16,713,29.16,1.8,89.8,70.9,308,83.8,session,"Session - Aug 7, 2026 13:27:11",2026-08-07 13:27:11 13:27:11,01:28:24,,,,
2026-08-07 14:50:34,84.1,74.7,65.0,29.17,713,29.17,1.5,90.3,71.1,308,84.0,session,"Session - Aug 7, 2026 13:27:11",2026-08-07 13:27:11 13:27:11,01:28:24,,,,
2026-08-07 14:50:39,84.2,74.8,65.1,29.17,713,29.17,1.2,90.7,71.2,308,84.2,session,"Session - Aug 7, 2026 13:27:11",2026-08-07 13:27:11 13:27:11,01:28:24,,,,
2026-08-07 14:50:44,84.2,74.8,65.2,29.16,713,29.16,0.8,90.7,71.3,308,84.2,session,"Session - Aug 7, 2026 13:27:11",2026-08-07 13:27:11 13:27:11,01:28:24,,,,
2026-08-07 14:50:49,84.3,75.0,65.2,29.17,713,29.17,0.0,90.7,71.4,308,84.2,session,"Session - Aug 7, 2026 13:27:11",2026-08-07 13:27:11 13:27:11,01:28:24,,,,
2026-08-07 14:50:54,84.4,75.0,65.4,29.16,713,29.16,0.0,91.2,71.5,308,84.4,session,"Session - Aug 7, 2026 13:27:11",2026-08-07 13:27:11 13:27:11,01:28:24,,,,
2026-08-07 14:50:59,84.4,75.0,65.6,29.17,710,29.17,0.0,90.9,71.6,308,84.4,session,"Session - Aug 7, 2026 13:27:11",2026-08-07 13:27:11 13:27:11,01:28:24,,,,
2026-08-07 14:51:04,84.1,74.8,65.6,29.17,713,29.17,1.0,90.5,71.4,308,84.0,session,"Session - Aug 7, 2026 13:27:11",2026-08-07 13:27:11 13:27:11,01:28:24,,,,
2026-08-07 14:51:09,84.1,74.8,65.5,29.17,713,29.17,0.0,90.3,71.3,313,84.0,session,"Session - Aug 7, 2026 13:27:11",2026-08-07 13:27:11 13:27:11,01:28:24,,,,
2026-08-07 14:51:14,84.4,75.0,65.7,29.16,713,29.16,0.0,90.9,71.6,313,84.2,session,"Session - Aug 7, 2026 13:27:11",2026-08-07 13:27:11 13:27:11,01:28:24,,,,
2026-08-07 14:51:19,84.2,75.0,66.2,29.17,713,29.16,0.0,90.7,71.7,313,84.0,session,"Session - Aug 7, 2026 13:27:11",2026-08-07 13:27:11 13:27:11,01:28:24,,,,
2026-08-07 14:51:24,84.5,75.7,67.2,29.16,713,29.16,0.0,91.8,72.4,313,84.4,session,"Session - Aug 7, 2026 13:27:11",2026-08-07 13:27:11 13:27:11,01:28:24,,,,
2026-08-07 14:51:29,84.6,75.7,67.7,29.16,713,29.16,0.0,92.5,72.7,312,84.6,session,"Session - Aug 7, 2026 13:27:11",2026-08-07 13:27:11 13:27:11,01:28:24,,,,
2026-08-07 14:51:34,84.7,76.1,68.2,29.16,713,29.16,0.0,92.5,73.1,311,84.6,session,"Session - Aug 7, 2026 13:27:11",2026-08-07 13:27:11 13:27:11,01:28:24,,,,
2026-08-07 14:51:39,84.8,76.3,68.5,29.17,713,29.17,0.0,93.0,73.3,310,84.7,session,"Session - Aug 7, 2026 13:27:11",2026-08-07 13:27:11 13:27:11,01:28:24,,,,
2026-08-07 14:51:44,84.8,76.3,68.2,29.17,713,29.17,0.0,93.0,73.1,311,84.7,session,"Session - Aug 7, 2026 13:27:11",2026-08-07 13:27:11 13:27:11,01:28:24,,,,
2026-08-07 14:51:49,84.9,76.1,67.5,29.17,713,29.17,0.0,92.8,72.9,309,84.7,session,"Session - Aug 7, 2026 13:27:11",2026-08-07 13:27:11 13:27:11,01:28:24,,,,
2026-08-07 14:51:54,84.8,75.7,66.5,29.16,717,29.16,0.0,92.3,72.4,308,84.7,session,"Session - Aug 7, 2026 13:27:11",2026-08-07 13:27:11 13:27:11,01:28:24,,,,
2026-08-07 14:51:59,84.8,75.6,66.0,29.16,713,29.16,0.0,92.1,72.1,307,84.7,session,"Session - Aug 7, 2026 13:27:11",2026-08-07 13:27:11 13:27:11,01:28:24,,,,
2026-08-07 14:52:04,84.8,75.4,65.5,29.16,713,29.16,0.0,92.1,72.0,308,84.7,session,"Session - Aug 7, 2026 13:27:11",2026-08-07 13:27:11 13:27:11,01:28:24,,,,
2026-08-07 14:52:09,84.8,75.4,65.5,29.17,713,29.16,0.0,91.9,71.9,308,84.7,session,"Session - Aug 7, 2026 13:27:11",2026-08-07 13:27:11 13:27:11,01:28:24,,,,
2026-08-07 14:52:14,84.8,75.6,66.1,29.16,717,29.16,0.0,92.1,72.2,308,84.7,session,"Session - Aug 7, 2026 13:27:11",2026-08-07 13:27:11 13:27:11,01:28:24,,,,
2026-08-07 14:52:19,84.9,75.9,66.8,29.16,717,29.16,0.0,92.3,72.6,308,84.7,session,"Session - Aug 7, 2026 13:27:11",2026-08-07 13:27:11 13:27:11,01:28:24,,,,
2026-08-07 14:52:24,85.0,76.3,67.5,29.16,717,29.16,0.0,93.2,73.0,308,84.9,session,"Session - Aug 7, 2026 13:27:11",2026-08-07 13:27:11 13:27:11,01:28:24,,,,
2026-08-07 14:52:29,85.0,76.3,67.7,29.16,717,29.16,0.0,93.2,73.1,307,84.9,session,"Session - Aug 7, 2026 13:27:11",2026-08-07 13:27:11 13:27:11,01:28:24,,,,
2026-08-07 14:52:34,85.0,76.1,67.3,29.16,717,29.16,0.0,93.0,72.9,308,84.9,session,"Session - Aug 7, 2026 13:27:11",2026-08-07 13:27:11 13:27:11,01:28:24,,,,
2026-08-07 14:52:39,85.1,76.1,67.0,29.16,717,29.16,0.0,93.0,72.9,308,84.9,session,"Session - Aug 7, 2026 13:27:11",2026-08-07 13:27:11 13:27:11,01:28:24,,,,
2026-08-07 14:52:44,84.9,75.7,66.2,29.16,717,29.16,0.0,92.3,72.3,308,84.7,session,"Session - Aug 7, 2026 13:27:11",2026-08-07 13:27:11 13:27:11,01:28:24,,,,
2026-08-07 14:52:49,84.8,75.6,65.7,29.16,717,29.16,0.0,92.1,72.1,308,84.7,session,"Session - Aug 7, 2026 13:27:11",2026-08-07 13:27:11 13:27:11,01:28:24,,,,
2026-08-07 14:52:54,84.8,75.4,65.2,29.16,717,29.16,0.0,91.9,71.8,307,84.7,session,"Session - Aug 7, 2026 13:27:11",2026-08-07 13:27:11 13:27:11,01:28:24,,,,
2026-08-07 14:52:59,84.8,75.4,65.0,29.16,717,29.16,0.0,91.9,71.7,308,84.7,session,"Session - Aug 7, 2026 13:27:11",2026-08-07 13:27:11 13:27:11,01:28:24,,,,
2026-08-07 14:53:04,84.8,75.2,64.8,29.16,720,29.16,0.0,91.8,71.7,308,84.7,session,"Session - Aug 7, 2026 13:27:11",2026-08-07 13:27:11 13:27:11,01:28:24,,,,
2026-08-07 14:53:09,84.8,75.2,64.8,29.16,720,29.16,0.0,91.8,71.6,308,84.7,session,"Session - Aug 7, 2026 13:27:11",2026-08-07 13:27:11 13:27:11,01:28:24,,,,
2026-08-07 14:53:14,84.8,75.0,64.7,29.16,713,29.16,0.0,91.8,71.6,309,84.7,session,"Session - Aug 7, 2026 13:27:11",2026-08-07 13:27:11 13:27:11,01:28:24,,,,
2026-08-07 14:53:19,84.7,75.0,64.7,29.16,717,29.16,0.0,91.2,71.5,307,84.6,session,"Session - Aug 7, 2026 13:27:11",2026-08-07 13:27:11 13:27:11,01:28:24,,,,
2026-08-07 14:53:24,84.7,75.0,64.8,29.16,717,29.16,0.7,91.2,71.5,308,84.6,session,"Session - Aug 7, 2026 13:27:11",2026-08-07 13:27:11 13:27:11,01:28:24,,,,
2026-08-07 14:53:29,84.5,74.8,64.7,29.16,720,29.16,1.1,90.9,71.3,308,84.4,session,"Session - Aug 7, 2026 13:27:11",2026-08-07 13:27:11 13:27:11,01:28:24,,,,
2026-08-07 14:53:34,84.5,75.0,64.8,29.16,717,29.16,1.9,90.9,71.3,309,84.4,session,"Session - Aug 7, 2026 13:27:11",2026-08-07 13:27:11 13:27:11,01:28:24,,,,
2026-08-07 14:53:39,84.5,75.0,64.7,29.16,720,29.16,1.3,90.9,71.3,311,84.4,session,"Session - Aug 7, 2026 13:27:11",2026-08-07 13:27:11 13:27:11,01:28:24,,,,
2026-08-07 14:53:44,84.5,75.0,64.9,29.16,717,29.16,1.0,91.0,71.4,312,84.4,session,"Session - Aug 7, 2026 13:27:11",2026-08-07 13:27:11 13:27:11,01:28:24,,,,
2026-08-07 14:53:49,84.5,75.0,65.0,29.16,713,29.16,0.8,91.0,71.4,311,84.4,session,"Session - Aug 7, 2026 13:27:11",2026-08-07 13:27:11 13:27:11,01:28:24,,,,
2026-08-07 14:53:54,84.6,75.0,65.1,29.17,713,29.17,0.0,91.4,71.5,310,84.6,session,"Session - Aug 7, 2026 13:27:11",2026-08-07 13:27:11 13:27:11,01:28:24,,,,
2026-08-07 14:53:59,84.6,75.0,65.2,29.17,713,29.16,0.0,91.4,71.6,310,84.6,session,"Session - Aug 7, 2026 13:27:11",2026-08-07 13:27:11 13:27:11,01:28:24,,,,
2026-08-07 14:54:04,84.7,75.4,65.6,29.17,713,29.17,0.0,91.6,71.9,309,84.6,session,"Session - Aug 7, 2026 13:27:11",2026-08-07 13:27:11 13:27:11,01:28:24,,,,
2026-08-07 14:54:09,84.7,75.4,65.8,29.17,713,29.16,0.7,91.8,71.9,308,84.6,session,"Session - Aug 7, 2026 13:27:11",2026-08-07 13:27:11 13:27:11,01:28:24,,,,
2026-08-07 14:54:14,84.8,75.6,66.0,29.16,720,29.16,1.1,92.1,72.2,308,84.7,session,"Session - Aug 7, 2026 13:27:11",2026-08-07 13:27:11 13:27:11,01:28:24,,,,
2026-08-07 14:54:19,84.9,75.7,66.7,29.16,720,29.16,0.0,92.3,72.6,306,84.7,session,"Session - Aug 7, 2026 13:27:11",2026-08-07 13:27:11 13:27:11,01:28:24,,,,
2026-08-07 14:54:24,84.9,76.3,68.3,29.16,720,29.16,0.0,93.0,73.3,306,84.7,session,"Session - Aug 7, 2026 13:27:11",2026-08-07 13:27:11 13:27:11,01:28:24,,,,
2026-08-07 14:54:29,84.7,76.5,69.3,29.16,717,29.16,0.0,92.8,73.5,306,84.6,session,"Session - Aug 7, 2026 13:27:11",2026-08-07 13:27:11 13:27:11,01:28:24,,,,
2026-08-07 14:54:34,84.6,76.5,70.1,29.16,720,29.16,0.0,93.2,73.8,306,84.6,session,"Session - Aug 7, 2026 13:27:11",2026-08-07 13:27:11 13:27:11,01:28:24,,,,
2026-08-07 14:54:39,84.3,76.5,70.1,29.16,720,29.16,0.0,92.3,73.5,306,84.2,session,"Session - Aug 7, 2026 13:27:11",2026-08-07 13:27:11 13:27:11,01:28:24,,,,
2026-08-07 14:54:44,84.2,76.3,69.9,29.16,717,29.16,0.0,92.3,73.3,305,84.2,session,"Session - Aug 7, 2026 13:27:11",2026-08-07 13:27:11 13:27:11,01:28:24,,,,
2026-08-07 14:54:49,84.1,76.1,69.8,29.16,717,29.16,0.0,91.8,73.1,305,84.0,session,"Session - Aug 7, 2026 13:27:11",2026-08-07 13:27:11 13:27:11,01:28:24,,,,
2026-08-07 14:54:54,84.2,75.9,69.1,29.16,720,29.16,0.0,91.6,73.0,306,84.0,session,"Session - Aug 7, 2026 13:27:11",2026-08-07 13:27:11 13:27:11,01:28:24,,,,
2026-08-07 14:54:59,84.3,75.9,69.0,29.16,717,29.16,0.0,91.9,73.0,306,84.2,session,"Session - Aug 7, 2026 13:27:11",2026-08-07 13:27:11 13:27:11,01:28:24,,,,
2026-08-07 14:55:04,84.2,75.9,69.3,29.16,717,29.16,0.0,92.1,73.1,302,84.2,session,"Session - Aug 7, 2026 13:27:11",2026-08-07 13:27:11 13:27:11,01:28:24,,,,
2026-08-07 14:55:09,84.2,75.9,68.9,29.16,717,29.16,0.0,91.9,72.9,305,84.2,session,"Session - Aug 7, 2026 13:27:11",2026-08-07 13:27:11 13:27:11,01:28:24,,,,
2026-08-07 14:55:14,84.3,75.7,68.0,29.17,710,29.17,1.3,91.6,72.6,299,84.2,session,"Session - Aug 7, 2026 13:27:11",2026-08-07 13:27:11 13:27:11,01:28:24,,,,
2026-08-07 14:55:19,84.4,75.7,67.4,29.17,710,29.17,0.0,91.8,72.4,300,84.4,session,"Session - Aug 7, 2026 13:27:11",2026-08-07 13:27:11 13:27:11,01:28:24,,,,
2026-08-07 14:55:24,84.5,75.6,66.8,29.17,710,29.17,0.0,91.6,72.2,299,84.4,session,"Session - Aug 7, 2026 13:27:11",2026-08-07 13:27:11 13:27:11,01:28:24,,,,
2026-08-07 14:55:29,84.7,75.6,66.4,29.17,710,29.17,0.0,91.9,72.2,300,84.6,session,"Session - Aug 7, 2026 13:27:11",2026-08-07 13:27:11 13:27:11,01:28:24,,,,
2026-08-07 14:55:34,84.8,75.6,66.1,29.17,713,29.17,0.0,92.1,72.2,299,84.7,session,"Session - Aug 7, 2026 13:27:11",2026-08-07 13:27:11 13:27:11,01:28:24,,,,